fecha_hora_evento,incertidumbre_fecha,latitud,longitud,incertidumbre_ubicacion,tipo_movimiento_masa,municipio,corregimiento,vereda_barrio,Codigo,si_no,1d,2d,3d,4d,5d,6d,7d,8d,9d,10d,11d,12d,13d,14d,15d,16d,17d,18d,19d,20d,21d,22d,23d,24d,25d,26d,27d,28d,29d,30d,31d,32d,33d,34d,35d,36d,37d,38d,39d,40d,41d,42d,43d,44d,45d,46d,47d,48d,49d,50d,51d,52d,53d,54d,55d,56d,57d,58d,59d,60d,61d,62d,63d,64d,65d,66d,67d,68d,69d,70d,71d,72d,73d,74d,75d,76d,77d,78d,79d,80d,81d,82d,83d,84d,85d,86d,87d,88d,89d,90d,91d,92d,93d,94d,95d,96d,97d
2014-10-30 04:00:00,baja,6.316441,-75.579412,baja,Deslizamiento,Bello,,Nueva Jerusalen,14.0,1,50.0380003452301,52.578000366687775,52.578000366687775,55.11800044775009,76.9620007276535,84.07400089502335,84.07400089502335,124.20600140094757,124.20600140094757,124.20600140094757,126.74600148200989,126.74600148200989,126.74600148200989,126.74600148200989,135.6360016465187,139.44600176811218,144.78000193834305,147.5740020275116,148.84400206804276,150.1140021085739,157.48000234365463,171.95800268650055,186.18200314044952,227.58400398492813,229.36200404167175,243.07800394296646,243.07800394296646,243.07800394296646,243.07800394296646,243.07800394296646,243.07800394296646,243.07800394296646,243.3320039510727,243.3320039510727,270.76400434970856,271.0180043578148,272.5420044064522,274.82800447940826,276.35200452804565,279.1460046172142,285.49600481987,286.5120048522949,288.0360049009323,288.798004925251,289.05200493335724,298.9580050110817,299.2120050191879,301.2440050840378,313.94400548934937,317.2460055947304,317.2460055947304,317.2460055947304,317.2460055947304,317.2460055947304,317.2460055947304,317.2460055947304,330.9620060324669,330.9620060324669,330.9620060324669,330.9620060324669,330.9620060324669,331.9780060648918,361.44200652837753,372.11000674963,374.1420068144798,375.6660068631172,379.4760069847107,381.0000070333481,385.0640071630478,385.0640071630478,385.0640071630478,385.0640071630478,385.0640071630478,385.0640071630478,385.0640071630478,385.0640071630478,385.8260071873665,389.8900073170662,389.8900073170662,397.7640075683594,398.0180075764656,407.92400789260864,412.4960080385208,418.59200817346573,437.89600878953934,440.6900088787079,442.97600895166397,442.97600895166397,443.48400896787643,444.50000900030136,444.50000900030136,444.50000900030136,444.50000900030136,444.50000900030136,444.50000900030136,451.61200922727585,451.61200922727585
2016-10-10 21:00:00,baja,6.442787,-75.3624889999999,baja,Flujo,Barbosa,El Hatillo,Quebrada El Bebedero El Chocho,30.0,1,14.478000342845917,19.30400037765503,59.43600153923035,66.04000174999237,72.13600170612335,74.93000173568726,75.94600176811218,75.94600176811218,75.94600176811218,81.78800195455551,86.86800211668015,88.90000218153,92.71000230312347,111.76000291109085,112.01400291919708,129.28600347042084,141.22400385141373,144.01800394058228,144.01800394058228,144.52600395679474,144.52600395679474,150.11400413513184,153.9240042567253,156.2100043296814,156.2100043296814,164.59200459718704,171.19600474834442,172.21200478076935,188.97600531578064,210.56600588560104,221.99600630998611,221.99600630998611,221.99600630998611,235.4580067396164,241.30000692605972,259.84200745821,262.63600754737854,266.1920076608658,266.1920076608658,276.60600781440735,277.36800783872604,280.67000794410706,282.4480080008507,285.7500081062317,299.97400856018066,316.2300089597702,316.2300089597702,318.26200902462006,318.26200902462006,318.26200902462006,318.26200902462006,318.26200902462006,318.5160090327263,332.48600947856903,356.36200934648514,361.9500094652176,364.99800956249237,366.776009619236,378.71401023864746,378.71401023864746,382.77801036834717,388.11201053857803,389.89001059532166,402.59001100063324,402.59001100063324,402.59001100063324,402.59001100063324,416.560011446476,416.560011446476,416.560011446476,416.560011446476,416.560011446476,416.560011446476,416.560011446476,416.560011446476,416.560011446476,416.560011446476,416.560011446476,416.560011446476,416.560011446476,416.560011446476,416.560011446476,416.560011446476,416.560011446476,430.02201187610626,430.02201187610626,437.6420121192932,457.7080128788948,458.21601289510727,468.63001304864883,473.71001321077347,483.10801339149475,483.362013399601,483.362013399601,483.362013399601,483.362013399601,497.8400138616562
2016-10-26 07:00:00,baja,6.319923,-75.486939,baja,Flujo,Copacabana,,El Cabuyal,32.0,1,0.2540000081062317,39.116000294685364,39.370000302791595,39.370000302791595,43.688000440597534,43.942000448703766,43.942000448703766,46.9900004863739,56.89600044488907,56.89600044488907,64.51600068807602,64.51600068807602,74.42200100421906,74.67600101232529,99.06000125408173,100.07600128650665,100.07600128650665,100.07600128650665,104.90200144052505,115.31600171327591,115.31600171327591,115.31600171327591,115.31600171327591,115.31600171327591,115.31600171327591,141.47800254821777,141.47800254821777,143.00200259685516,143.51000261306763,151.89200288057327,151.89200288057327,164.33800327777863,170.94200348854065,184.91200387477875,184.91200387477875,186.1820039153099,186.1820039153099,186.1820039153099,191.26200407743454,191.26200407743454,191.26200407743454,223.7740051150322,231.39400535821915,231.39400535821915,242.82400572299957,261.3660063147545,268.478006541729,268.478006541729,269.24000656604767,283.2100068926811,288.29000705480576,305.5620076060295,306.57800763845444,306.83200764656067,308.35600769519806,311.40400779247284,311.40400779247284,328.9300083518028,328.9300083518028,333.7560085058212,361.9500093460083,364.9980094432831,372.61800915002823,372.61800915002823,372.61800915002823,372.61800915002823,372.61800915002823,372.61800915002823,379.22200936079025,383.5400094985962,383.5400094985962,386.0800095796585,386.33400958776474,386.33400958776474,396.74800992012024,396.74800992012024,397.2560099363327,401.0660100579262,401.0660100579262,409.1940103173256,409.1940103173256,409.1940103173256,409.1940103173256,417.322010576725,417.322010576725,417.322010576725,417.83001059293747,423.41801077127457,423.41801077127457,423.41801077127457,423.41801077127457,427.7360109090805,427.7360109090805,454.1520120501518,464.31201243400574,467.1060125231743,467.1060125231743
2016-12-10 04:00:00,baja,6.187465,-75.652213,baja,Flujo,Medellín,San Antonio de Prado,Santa Rita,2.0,1,81.53400182723999,111.25200229883194,122.68200248479843,128.2700024843216,164.08400332927704,190.24600380659103,199.89800411462784,248.92000460624695,249.17400461435318,249.17400461435318,249.4280046224594,279.90800523757935,292.3540053963661,294.13200545310974,301.75200575590134,329.9460067152977,329.9460067152977,329.9460067152977,329.9460067152977,329.9460067152977,330.9620067477226,345.9480072259903,355.3460074067116,359.91800755262375,360.17200756073,374.9040077328682,378.2060077190399,380.23800778388977,380.74600780010223,381.2540078163147,381.76200783252716,381.76200783252716,381.76200783252716,405.63800835609436,407.416008412838,408.4320084452629,410.718008518219,411.4800085425377,415.5440086722374,416.3060086965561,416.3060086965561,419.3540087938309,427.7360090613365,428.4980090856552,429.51400911808014,433.57800924777985,474.21800994873047,474.98000997304916,482.3460103273392,482.85401034355164,482.85401034355164,502.1580109000206,515.8740113377571,520.192011475563,520.7000114917755,530.3520117998123,530.8600118160248,537.4640120267868,540.5120121240616,585.4700126051903,589.0260127186775,597.9160130023956,601.4720131158829,616.9660134911537,633.4760141968727,633.7300142049789,640.3340142965317,641.3500143289566,641.3500143289566,641.6040143370628,642.6200143694878,643.8900144100189,649.9860146045685,650.2400146126747,650.7480146288872,651.0020146369934,652.5260146856308,653.2880147099495,654.5580147504807,658.6220147013664,658.6220147013664,658.6220147013664,658.6220147013664,660.6540147662163,660.6540147662163,662.4320148229599,704.088015794754,715.010016143322,727.7100165486336,740.9180170297623,755.1420174837112,771.3980177640915,771.3980177640915,789.9400183558464,795.5280185341835,802.8940187692642,836.6760197877884
2017-04-01 02:00:00,baja,6.193503,-75.66199,baja,Flujo,Medellín,San Antonio de Prado,El Salado,2.0,1,46.99000126123428,70.10400199890137,77.97800225019455,77.97800225019455,98.29800260066986,102.61600255966187,102.61600255966187,108.71200275421143,113.2840029001236,135.63600355386734,137.16000360250473,154.6860038638115,154.94000387191772,192.78600424528122,213.6140044927597,213.6140044927597,234.18800514936447,240.53800529241562,241.04600530862808,241.80800533294678,263.3980062007904,270.5100064277649,294.132006585598,311.658007144928,371.3480085134506,372.1100085377693,376.1740084886551,376.1740084886551,376.1740084886551,376.1740084886551,404.8760088086128,428.49800980091095,443.23000979423523,443.23000979423523,443.23000979423523,443.23000979423523,443.23000979423523,443.23000979423523,443.23000979423523,443.23000979423523,443.23000979423523,443.23000979423523,443.23000979423523,443.23000979423523,443.23000979423523,443.23000979423523,443.23000979423523,443.23000979423523,443.23000979423523,443.23000979423523,443.23000979423523,443.23000979423523,443.23000979423523,443.23000979423523,443.23000979423523,443.23000979423523,444.24600982666016,444.24600982666016,444.24600982666016,444.24600982666016,444.24600982666016,444.24600982666016,444.24600982666016,445.2620098590851,445.2620098590851,445.2620098590851,445.2620098590851,445.2620098590851,445.2620098590851,445.2620098590851,445.5160098671913,478.2820101380348,479.0440101623535,479.0440101623535,481.83801025152206,493.5220106244087,502.92001098394394,521.7160110473633,523.2400110960007,565.1500126123428,565.1500126123428,565.1500126123428,574.2940129041672,588.0100131034851,588.0100131034851,596.9000132083893,596.9000132083893,596.9000132083893,596.9000132083893,596.9000132083893,602.9960134029388,611.3780138492584,611.3780138492584,611.3780138492584,617.474013864994,618.9980139136314,619.5060139298439
2017-06-12 04:00:00,media,6.277512,-75.535327,baja,,Medellín,,Versalles Nº2,55.0,1,55.118000984191895,55.118000984191895,56.642001032829285,77.4700014591217,99.82200217247009,99.82200217247009,99.82200217247009,101.60000222921371,101.60000222921371,101.60000222921371,104.39400231838226,111.50600236654282,111.50600236654282,111.76000237464905,111.76000237464905,111.76000237464905,116.84000241756439,116.84000241756439,116.84000241756439,116.84000241756439,119.38000249862671,120.39600253105164,137.41400295495987,138.17600297927856,139.70000302791595,154.17800343036652,157.48000353574753,165.3540037870407,165.86200380325317,178.0540041923523,180.08600425720215,185.92800444364548,200.66000491380692,211.07400524616241,219.20200550556183,255.7780065536499,263.1440067887306,295.40200769901276,324.61200827360153,361.44200897216797,363.4740090370178,371.348009288311,374.650009393692,374.650009393692,374.650009393692,374.650009393692,378.96800953149796,411.9880099892616,411.9880099892616,411.9880099892616,411.9880099892616,425.9580099582672,439.6740103363991,439.9280103445053,461.2640106678009,461.2640106678009,461.2640106678009,461.2640106678009,465.3280107975006,465.3280107975006,465.3280107975006,476.75801092386246,477.2660109400749,495.80801182985306,506.73001205921173,506.73001205921173,506.73001205921173,506.73001205921173,506.73001205921173,506.73001205921173,506.73001205921173,506.73001205921173,557.2760133743286,578.8660140633583,611.1240143179893,611.886014342308,612.3940143585205,617.7280145287514,650.4940146803856,671.576014816761,673.1000148653984,698.2460153698921,699.0080153942108,699.5160154104233,700.0240154266357,708.1520156264305,716.2800157666206,716.2800157666206,734.5680158138275,765.0480169653893,772.41401720047,772.9220172166824,800.1000179648399,814.070018351078,817.6260184049606,819.4040184617043,821.6900185346603
2017-06-23 06:00:00,baja,6.240396,-75.516527,baja,Traslacional,Medellín,Santa Elena,Santa Elena,44.0,1,5.080000162124634,5.080000162124634,11.684000432491302,12.954000473022461,26.92400062084198,38.862000942230225,45.97400116920471,54.35600143671036,55.88000148534775,61.21400165557861,63.75400173664093,85.34400218725204,85.34400218725204,85.59800219535828,93.21800243854523,116.84000301361084,117.60200303792953,117.60200303792953,119.63400310277939,119.63400310277939,119.63400310277939,121.41200315952301,135.890003323555,135.890003323555,138.17600333690643,138.17600333690643,138.17600333690643,138.17600333690643,138.17600333690643,138.17600333690643,138.17600333690643,138.93800336122513,139.70000338554382,154.6860038638115,154.6860038638115,155.70200389623642,173.73600429296494,176.02200436592102,196.0880047082901,204.2160046696663,204.47000467777252,206.50200474262238,210.05800485610962,213.61400496959686,217.93200504779816,230.63200521469116,255.77800571918488,256.54000574350357,261.6200059056282,279.65400618314743,296.6720062494278,298.4500063061714,303.0220064520836,303.7840064764023,304.0380064845085,304.0380064845085,304.0380064845085,305.05400651693344,325.37400698661804,325.37400698661804,325.37400698661804,325.37400698661804,328.93000704050064,339.09000730514526,339.09000730514526,349.50400763750076,349.50400763750076,349.50400763750076,349.50400763750076,358.14000791311264,358.14000791311264,358.14000791311264,374.6500084400177,381.0000088214874,386.84200900793076,446.27801036834717,446.27801036834717,446.27801036834717,446.27801036834717,446.27801036834717,446.27801036834717,450.59601044654846,450.59601044654846,485.90201127529144,501.1420115828514,559.3080130815506,559.3080130815506,562.1020131707191,563.1180132031441,578.3580138683319,594.360013961792,595.3760139942169,633.2220152020454,634.4920152425766,638.3020153641701,638.8100153803825,638.8100153803825
2017-06-26 19:00:00,baja,6.271302,-75.536001,baja,,Medellín,,La Cruz,16.0,1,33.27400076389313,36.57600086927414,36.57600086927414,46.482001185417175,46.482001185417175,52.32400131225586,52.32400131225586,62.73800164461136,65.78600174188614,86.10600185394287,86.3600018620491,98.80600219964981,101.60000228881836,103.88600236177444,130.04800271987915,150.36800348758698,150.87600350379944,152.1460035443306,204.2160050868988,214.6300054192543,214.6300054192543,216.1540054678917,216.1540054678917,216.1540054678917,218.694005548954,224.28200554847717,225.2980055809021,225.2980055809021,225.2980055809021,225.2980055809021,227.3300055861473,227.3300055861473,227.3300055861473,227.3300055861473,227.3300055861473,229.6160056591034,244.8560061454773,245.36400616168976,246.38000619411469,263.65200662612915,266.4460067152977,269.4940068125725,292.6080076098442,296.6720077395439,298.9580078125,304.5460079908371,311.6580082178116,327.6600086092949,331.21600872278214,368.8080090880394,372.8720092177391,399.54201006889343,407.67001020908356,420.3700103163719,451.1040104031563,459.4860106706619,459.4860106706619,461.26401072740555,461.26401072740555,461.26401072740555,461.26401072740555,492.2520112991333,493.014011323452,493.014011323452,493.014011323452,495.30001133680344,501.90401142835617,517.1440116167068,536.1940117478371,543.3060119152069,543.3060119152069,543.3060119152069,543.3060119152069,548.3860120773315,548.3860120773315,556.514012336731,556.514012336731,556.514012336731,564.3880125284195,581.1520128846169,581.1520128846169,581.1520128846169,581.1520128846169,581.1520128846169,581.1520128846169,581.1520128846169,604.7740134596825,622.8080139160156,640.8420145511627,662.4320147633553,664.2100148200989,664.2100148200989,668.782014966011,710.4380152225494,717.5500153899193,747.5220162272453,748.5380162596703
2017-06-23 06:00:00,baja,6.240396,-75.5165269999999,baja,Traslacional,Medellín,Santa Elena,"kilometro 7+420, cerca de la Instituciín Educativa Media Luna",44.0,1,5.080000162124634,5.080000162124634,11.684000432491302,12.954000473022461,26.92400062084198,38.862000942230225,45.97400116920471,54.35600143671036,55.88000148534775,61.21400165557861,63.75400173664093,85.34400218725204,85.34400218725204,85.59800219535828,93.21800243854523,116.84000301361084,117.60200303792953,117.60200303792953,119.63400310277939,119.63400310277939,119.63400310277939,121.41200315952301,135.890003323555,135.890003323555,138.17600333690643,138.17600333690643,138.17600333690643,138.17600333690643,138.17600333690643,138.17600333690643,138.17600333690643,138.93800336122513,139.70000338554382,154.6860038638115,154.6860038638115,155.70200389623642,173.73600429296494,176.02200436592102,196.0880047082901,204.2160046696663,204.47000467777252,206.50200474262238,210.05800485610962,213.61400496959686,217.93200504779816,230.63200521469116,255.77800571918488,256.54000574350357,261.6200059056282,279.65400618314743,296.6720062494278,298.4500063061714,303.0220064520836,303.7840064764023,304.0380064845085,304.0380064845085,304.0380064845085,305.05400651693344,325.37400698661804,325.37400698661804,325.37400698661804,325.37400698661804,328.93000704050064,339.09000730514526,339.09000730514526,349.50400763750076,349.50400763750076,349.50400763750076,349.50400763750076,358.14000791311264,358.14000791311264,358.14000791311264,374.6500084400177,381.0000088214874,386.84200900793076,446.27801036834717,446.27801036834717,446.27801036834717,446.27801036834717,446.27801036834717,446.27801036834717,450.59601044654846,450.59601044654846,485.90201127529144,501.1420115828514,559.3080130815506,559.3080130815506,562.1020131707191,563.1180132031441,578.3580138683319,594.360013961792,595.3760139942169,633.2220152020454,634.4920152425766,638.3020153641701,638.8100153803825,638.8100153803825
2019-06-12 07:00:00,baja,6.049185,-75.6633609999999,baja,,Caldas,,Salinas,171.0,1,4.064000129699707,6.0960001945495605,6.0960001945495605,6.0960001945495605,13.716000437736511,64.77000176906586,68.07200175523758,69.59600180387497,70.6120018362999,71.62800186872482,83.31200212240219,99.31400257349014,110.7440025806427,166.6240038871765,180.8480043411255,182.6260043978691,182.6260043978691,182.6260043978691,182.6260043978691,182.6260043978691,188.9760046005249,190.24600464105606,190.24600464105606,190.24600464105606,196.59600484371185,201.93000495433807,213.36000525951385,213.36000525951385,213.36000525951385,232.15600562095642,232.15600562095642,232.15600562095642,232.15600562095642,232.15600562095642,237.74400568008423,240.792005777359,240.792005777359,240.792005777359,241.30000579357147,241.30000579357147,241.30000579357147,241.30000579357147,241.30000579357147,241.5540058016777,241.5540058016777,264.66800624132156,266.95400631427765,267.9700063467026,281.6860066652298,281.6860066652298,282.95600670576096,287.5280068516731,316.9920070171356,338.58200776576996,348.99600809812546,350.2660081386566,361.69600838422775,361.69600838422775,408.17800998687744,419.60801017284393,419.60801017284393,419.60801017284393,435.8640104532242,448.3100106716156,448.81801068782806,460.75601106882095,460.75601106882095,475.48801147937775,488.1880117058754,501.3960121870041,501.3960121870041,527.0500129461288,534.1620131731033,534.924013197422,535.6860132217407,571.2460143566132,571.2460143566132,575.81801456213,575.81801456213,575.81801456213,575.81801456213,575.81801456213,575.81801456213,575.81801456213,576.3260145783424,586.9940147399902,586.9940147399902,586.9940147399902,587.7560147643089,588.0100147724152,588.0100147724152,588.0100147724152,588.0100147724152,596.9000149965286,596.9000149965286,596.9000149965286,596.9000149965286
2019-11-14 12:00:00,baja,6.288871,-75.542241,baja,Deslizamiento,Medellín,Santo Domingo Savio No.1,Calle 100B con Carrera 31,274.0,1,9.65200024843216,24.38400048017502,36.57600086927414,51.81600135564804,51.81600135564804,76.70800191164017,76.70800191164017,76.70800191164017,76.70800191164017,76.9620019197464,76.9620019197464,82.04200196266174,88.13800197839737,88.13800197839737,105.91800254583359,110.23600268363953,112.01400274038315,112.01400274038315,123.95200312137604,127.00000321865082,139.7000036239624,160.02000379562378,201.16800504922867,207.26400518417358,207.26400518417358,209.55000525712967,259.8420058488846,259.8420058488846,262.3820059299469,262.3820059299469,262.3820059299469,271.0180062055588,277.6220064163208,278.6380064487457,283.9720064997673,283.9720064997673,284.48000651597977,284.48000651597977,285.7500065565109,285.7500065565109,285.7500065565109,285.7500065565109,294.894006729126,297.4340068101883,326.13600730895996,330.70800721645355,330.70800721645355,330.9620072245598,335.78800719976425,379.2220085263252,383.0320086479187,391.9220089316368,402.3360092639923,402.3360092639923,402.3360092639923,403.35200929641724,421.89400988817215,425.4500100016594,426.4660100340843,438.4040104150772,438.4040104150772,438.4040104150772,448.31001073122025,451.61201083660126,451.61201083660126,451.61201083660126,451.61201083660126,451.61201083660126,451.61201083660126,455.67601096630096,458.216010928154,458.216010928154,458.216010928154,458.216010928154,458.216010928154,458.216010928154,458.216010928154,458.216010928154,458.216010928154,458.216010928154,458.216010928154,458.216010928154,458.216010928154,458.216010928154,458.216010928154,458.216010928154,458.216010928154,458.216010928154,473.4560114145279,473.4560114145279,475.2340114712715,475.2340114712715,475.2340114712715,475.2340114712715,475.2340114712715,475.2340114712715,475.2340114712715
2020-12-25 02:00:00,baja,6.19373,-75.6046249999999,baja,Deslizamiento,Itaguí,El Ajizal,El Pesebre,395.0,1,54.61000120639801,54.61000120639801,55.372001230716705,55.372001230716705,55.88000124692917,55.88000124692917,59.18200135231018,59.18200135231018,59.18200135231018,59.690001368522644,59.690001368522644,59.690001368522644,60.19800138473511,60.19800138473511,60.19800138473511,62.23000144958496,62.23000144958496,62.23000144958496,62.48400145769119,64.00800150632858,64.00800150632858,64.51600152254105,74.67600184679031,76.45400190353394,78.74000197649002,78.99400198459625,113.28400260210037,168.4020038843155,168.91000390052795,168.91000390052795,168.91000390052795,168.91000390052795,180.84800380468369,183.388003885746,197.10400420427322,197.10400420427322,197.10400420427322,198.37400424480438,201.93000435829163,203.70800441503525,208.53400456905365,226.8220049738884,228.60000503063202,230.37800508737564,255.2700057029724,274.5740059018135,274.82800590991974,275.08200591802597,279.40000599622726,279.40000599622726,289.5600060224533,319.2780061364174,319.2780061364174,321.31000620126724,360.6800072789192,362.7120073437691,377.19000738859177,381.2540073990822,383.0320074558258,383.0320074558258,383.0320074558258,384.5560075044632,393.19200772047043,393.9540077447891,393.9540077447891,408.94000881910324,410.9720088839531,415.7980090379715,415.7980090379715,415.7980090379715,415.7980090379715,424.18000882864,433.8320090174675,435.6100090742111,435.6100090742111,435.6100090742111,435.6100090742111,435.6100090742111,435.6100090742111,441.4520092010498,451.3580094575882,461.01000970602036,468.88400995731354,475.2340101003647,494.79201006889343,500.888010263443,511.3020104765892,511.3020104765892,519.6840105056763,521.2080105543137,523.4940106272697,530.352010846138,533.4000110030174,533.6540110111237,544.0680112838745,559.054011464119,564.8960114121437
2021-03-24 18:00:00,baja,6.20356,-75.6040349999999,baja,Deslizamiento,Medellín,Rodeo Alto,"calle 9A sur con carrera 82, Urbanización Atavanza",22.0,1,52.070000886917114,52.57800090312958,97.7900019288063,98.29800194501877,126.23800277709961,141.73200315237045,169.6720039844513,171.95800405740738,190.5000044107437,207.26400482654572,210.56600493192673,210.82000494003296,240.79200559854507,241.30000561475754,247.65000557899475,248.9200056195259,256.7940058708191,268.4780058860779,270.51000595092773,271.0180059671402,276.09800612926483,276.8600061535835,306.070006608963,306.070006608963,319.7860070466995,320.294007062912,320.294007062912,320.294007062912,320.294007062912,323.34200716018677,323.34200716018677,326.1360072493553,326.6440072655678,333.75600749254227,355.09200793504715,355.09200793504715,355.09200793504715,355.09200793504715,355.3460079431534,361.69600808620453,361.69600808620453,361.69600808620453,362.204008102417,365.2520081996918,365.2520081996918,365.2520081996918,365.506008207798,365.506008207798,365.506008207798,365.506008207798,365.76000821590424,365.76000821590424,365.76000821590424,365.76000821590424,365.76000821590424,365.76000821590424,365.76000821590424,365.76000821590424,365.76000821590424,373.6340084671974,374.3960084915161,374.3960084915161,374.3960084915161,374.3960084915161,374.3960084915161,374.3960084915161,374.3960084915161,374.3960084915161,374.3960084915161,374.9040085077286,374.9040085077286,374.9040085077286,390.3980090022087,395.47800916433334,396.7480092048645,398.01800924539566,408.9400095939636,419.354010283947,419.354010283947,419.354010283947,421.38601034879684,425.4500104188919,425.4500104188919,426.46601045131683,426.46601045131683,441.4520109295845,445.262011051178,460.5020114183426,468.3760116100311,545.5920133590698,572.0080133676529,572.0080133676529,575.0560134649277,575.3100134730339,577.0880135297775,577.0880135297775,578.8660135865211
2021-05-18 05:00:00,baja,6.218,-75.5639999999999,baja,Deslizamiento,Medellín,La Palmas,Avenida las palmas a la altura de Carulla,41.0,1,36.83000135421753,59.43600183725357,61.97600191831589,62.73800194263458,62.992001950740814,65.78600203990936,65.78600203990936,65.78600203990936,72.13600200414658,101.85400277376175,108.96600317955017,128.27000361680984,128.27000361680984,134.8740035891533,151.63800394535065,181.864004611969,183.13400465250015,187.4520047903061,188.97600483894348,229.61600518226624,233.68000519275665,248.15800565481186,249.42800569534302,249.42800569534302,250.1900057196617,250.1900057196617,250.1900057196617,250.44400572776794,250.44400572776794,252.98400580883026,252.98400580883026,252.98400580883026,263.652006149292,263.652006149292,263.652006149292,263.652006149292,263.652006149292,268.98600631952286,271.0180063843727,278.6380065083504,278.6380065083504,278.6380065083504,352.55200761556625,355.09200769662857,356.1080077290535,386.3340087532997,386.3340087532997,386.3340087532997,386.3340087532997,386.3340087532997,387.0960087776184,387.0960087776184,414.02000933885574,414.02000933885574,427.4820098876953,494.0300102829933,500.1260104775429,547.1160109043121,550.1640110015869,562.1020113825798,596.138011932373,612.1400122642517,624.5860125422478,652.0180128216743,652.0180128216743,652.2720128297806,672.592013001442,711.7080139517784,732.5360145568848,732.790014564991,734.8220146298409,743.2040148973465,752.6020150184631,752.6020150184631,757.4280151724815,758.1900151968002,767.0800153017044,793.4960160255432,811.2760161757469,814.3240160942078,814.3240160942078,814.3240160942078,814.3240160942078,814.3240160942078,815.5940161347389,829.3100161552429,855.7260165214539,855.7260165214539,880.1100175976753,910.0820184350014,910.0820184350014,910.0820184350014,912.3680185079575,912.8760185241699,913.6380185484886,913.6380185484886,915.9240184426308
2021-06-01 05:00:00,baja,6.253434,-75.534346,baja,Deslizamiento,Medellín,Santa Elena,Vereda Alto de Las Moras,499.0,1,51.816001296043396,63.24600154161453,69.59600174427032,70.61200177669525,81.53400200605392,83.31200206279755,86.61400204896927,91.44000208377838,91.44000208377838,103.37800246477127,106.93400257825851,106.93400257825851,107.69600260257721,112.7760027050972,132.58800333738327,209.80400449037552,210.82000452280045,212.8520045876503,213.86800462007523,218.94800478219986,218.94800478219986,218.94800478219986,221.7420048713684,230.12400513887405,230.37800514698029,263.1440055370331,264.41400557756424,273.3040058016777,293.8780063986778,348.99600702524185,349.5040070414543,355.34600722789764,368.30000776052475,392.17600816488266,393.1920081973076,408.6860083937645,409.7020084261894,409.7020084261894,414.2740085721016,414.2740085721016,414.2740085721016,414.2740085721016,414.2740085721016,414.2740085721016,414.2740085721016,414.2740085721016,430.7840088605881,430.7840088605881,430.7840088605881,430.7840088605881,430.7840088605881,436.6260090470314,439.6740091443062,448.8180094361305,448.8180094361305,449.07200944423676,485.64801013469696,487.93401020765305,495.30001044273376,516.6360111832619,516.8900111913681,517.1440111994743,517.1440111994743,517.1440111994743,517.6520112156868,521.462011218071,542.7980117797852,542.7980117797852,544.3220118284225,593.5980125665665,597.1540126800537,638.8100135922432,640.5880136489868,653.7960140705109,680.2120146155357,696.7220151424408,696.7220151424408,696.7220151424408,696.7220151424408,696.7220151424408,696.7220151424408,696.7220151424408,696.7220151424408,696.7220151424408,699.0080152153969,707.898015499115,720.0900158286095,720.3440158367157,722.1220158934593,722.1220158934593,722.1220158934593,725.6780160069466,741.680016040802,742.4420160651207,742.4420160651207,743.9660161137581,743.9660161137581
2021-06-26 00:00:00,baja,6.327731,-75.589518,baja,Flujo,Bello,Potrerito,Quebrada La Ortega,539.0,1,60.45200151205062,74.42200171947479,74.42200171947479,74.42200171947479,74.42200171947479,74.42200171947479,74.42200171947479,74.42200171947479,74.42200171947479,74.42200171947479,74.42200171947479,74.42200171947479,74.42200171947479,74.42200171947479,74.42200171947479,74.42200171947479,74.42200171947479,74.42200171947479,74.42200171947479,74.42200171947479,74.42200171947479,74.42200171947479,74.42200171947479,74.42200171947479,74.42200171947479,74.42200171947479,74.42200171947479,74.42200171947479,74.42200171947479,74.42200171947479,74.42200171947479,74.42200171947479,74.42200171947479,74.42200171947479,74.42200171947479,74.42200171947479,74.42200171947479,74.42200171947479,74.42200171947479,74.42200171947479,74.42200171947479,74.42200171947479,74.42200171947479,74.42200171947479,74.42200171947479,74.42200171947479,74.42200171947479,74.42200171947479,74.42200171947479,74.42200171947479,74.42200171947479,74.42200171947479,74.42200171947479,74.42200171947479,74.42200171947479,74.42200171947479,74.42200171947479,74.42200171947479,74.42200171947479,74.42200171947479,74.42200171947479,74.42200171947479,74.42200171947479,74.42200171947479,74.42200171947479,74.42200171947479,74.42200171947479,74.42200171947479,74.42200171947479,74.42200171947479,74.42200171947479,74.42200171947479,74.42200171947479,74.42200171947479,74.42200171947479,74.42200171947479,74.42200171947479,74.42200171947479,74.42200171947479,74.42200171947479,74.42200171947479,74.42200171947479,74.42200171947479,74.42200171947479,74.42200171947479,74.42200171947479,74.42200171947479,74.42200171947479,74.42200171947479,74.42200171947479,74.42200171947479,74.42200171947479,74.42200171947479,74.42200171947479,74.42200171947479,74.42200171947479,74.42200171947479
2021-06-26 00:00:00,baja,6.325588,-75.596126,baja,Flujo,Bello,Potrerito,Quebrada La Ortega,539.0,1,60.45200151205062,74.42200171947479,74.42200171947479,74.42200171947479,74.42200171947479,74.42200171947479,74.42200171947479,74.42200171947479,74.42200171947479,74.42200171947479,74.42200171947479,74.42200171947479,74.42200171947479,74.42200171947479,74.42200171947479,74.42200171947479,74.42200171947479,74.42200171947479,74.42200171947479,74.42200171947479,74.42200171947479,74.42200171947479,74.42200171947479,74.42200171947479,74.42200171947479,74.42200171947479,74.42200171947479,74.42200171947479,74.42200171947479,74.42200171947479,74.42200171947479,74.42200171947479,74.42200171947479,74.42200171947479,74.42200171947479,74.42200171947479,74.42200171947479,74.42200171947479,74.42200171947479,74.42200171947479,74.42200171947479,74.42200171947479,74.42200171947479,74.42200171947479,74.42200171947479,74.42200171947479,74.42200171947479,74.42200171947479,74.42200171947479,74.42200171947479,74.42200171947479,74.42200171947479,74.42200171947479,74.42200171947479,74.42200171947479,74.42200171947479,74.42200171947479,74.42200171947479,74.42200171947479,74.42200171947479,74.42200171947479,74.42200171947479,74.42200171947479,74.42200171947479,74.42200171947479,74.42200171947479,74.42200171947479,74.42200171947479,74.42200171947479,74.42200171947479,74.42200171947479,74.42200171947479,74.42200171947479,74.42200171947479,74.42200171947479,74.42200171947479,74.42200171947479,74.42200171947479,74.42200171947479,74.42200171947479,74.42200171947479,74.42200171947479,74.42200171947479,74.42200171947479,74.42200171947479,74.42200171947479,74.42200171947479,74.42200171947479,74.42200171947479,74.42200171947479,74.42200171947479,74.42200171947479,74.42200171947479,74.42200171947479,74.42200171947479,74.42200171947479,74.42200171947479
2021-06-26 00:00:00,baja,6.330665,-75.589238,baja,Flujo,Bello,Potrerito,Quebrada La Ortega,539.0,1,60.45200151205062,74.42200171947479,74.42200171947479,74.42200171947479,74.42200171947479,74.42200171947479,74.42200171947479,74.42200171947479,74.42200171947479,74.42200171947479,74.42200171947479,74.42200171947479,74.42200171947479,74.42200171947479,74.42200171947479,74.42200171947479,74.42200171947479,74.42200171947479,74.42200171947479,74.42200171947479,74.42200171947479,74.42200171947479,74.42200171947479,74.42200171947479,74.42200171947479,74.42200171947479,74.42200171947479,74.42200171947479,74.42200171947479,74.42200171947479,74.42200171947479,74.42200171947479,74.42200171947479,74.42200171947479,74.42200171947479,74.42200171947479,74.42200171947479,74.42200171947479,74.42200171947479,74.42200171947479,74.42200171947479,74.42200171947479,74.42200171947479,74.42200171947479,74.42200171947479,74.42200171947479,74.42200171947479,74.42200171947479,74.42200171947479,74.42200171947479,74.42200171947479,74.42200171947479,74.42200171947479,74.42200171947479,74.42200171947479,74.42200171947479,74.42200171947479,74.42200171947479,74.42200171947479,74.42200171947479,74.42200171947479,74.42200171947479,74.42200171947479,74.42200171947479,74.42200171947479,74.42200171947479,74.42200171947479,74.42200171947479,74.42200171947479,74.42200171947479,74.42200171947479,74.42200171947479,74.42200171947479,74.42200171947479,74.42200171947479,74.42200171947479,74.42200171947479,74.42200171947479,74.42200171947479,74.42200171947479,74.42200171947479,74.42200171947479,74.42200171947479,74.42200171947479,74.42200171947479,74.42200171947479,74.42200171947479,74.42200171947479,74.42200171947479,74.42200171947479,74.42200171947479,74.42200171947479,74.42200171947479,74.42200171947479,74.42200171947479,74.42200171947479,74.42200171947479
2021-06-26 00:00:00,baja,6.329011,-75.595451,baja,Flujo,Bello,Potrerito,Quebrada La Ortega,539.0,1,60.45200151205062,74.42200171947479,74.42200171947479,74.42200171947479,74.42200171947479,74.42200171947479,74.42200171947479,74.42200171947479,74.42200171947479,74.42200171947479,74.42200171947479,74.42200171947479,74.42200171947479,74.42200171947479,74.42200171947479,74.42200171947479,74.42200171947479,74.42200171947479,74.42200171947479,74.42200171947479,74.42200171947479,74.42200171947479,74.42200171947479,74.42200171947479,74.42200171947479,74.42200171947479,74.42200171947479,74.42200171947479,74.42200171947479,74.42200171947479,74.42200171947479,74.42200171947479,74.42200171947479,74.42200171947479,74.42200171947479,74.42200171947479,74.42200171947479,74.42200171947479,74.42200171947479,74.42200171947479,74.42200171947479,74.42200171947479,74.42200171947479,74.42200171947479,74.42200171947479,74.42200171947479,74.42200171947479,74.42200171947479,74.42200171947479,74.42200171947479,74.42200171947479,74.42200171947479,74.42200171947479,74.42200171947479,74.42200171947479,74.42200171947479,74.42200171947479,74.42200171947479,74.42200171947479,74.42200171947479,74.42200171947479,74.42200171947479,74.42200171947479,74.42200171947479,74.42200171947479,74.42200171947479,74.42200171947479,74.42200171947479,74.42200171947479,74.42200171947479,74.42200171947479,74.42200171947479,74.42200171947479,74.42200171947479,74.42200171947479,74.42200171947479,74.42200171947479,74.42200171947479,74.42200171947479,74.42200171947479,74.42200171947479,74.42200171947479,74.42200171947479,74.42200171947479,74.42200171947479,74.42200171947479,74.42200171947479,74.42200171947479,74.42200171947479,74.42200171947479,74.42200171947479,74.42200171947479,74.42200171947479,74.42200171947479,74.42200171947479,74.42200171947479,74.42200171947479
2021-10-11 00:00:00,baja,6.353383,-75.503049,baja,Deslizamiento,Copacabana,El Vivero,"Autopista,  kilómetro 8 + 500",32.0,1,2.540000081062317,14.224000394344328,14.224000394344328,14.224000394344328,24.89200073480606,29.210000872612,29.210000872612,29.210000872612,33.78200101852417,34.29000103473663,37.84600114822388,37.84600114822388,38.35400116443634,38.35400116443634,38.35400116443634,38.35400116443634,43.688001334667206,56.38800173997879,83.566002368927,90.42400258779526,90.67800259590149,100.3300029039383,100.3300029039383,100.3300029039383,100.3300029039383,111.76000326871872,112.01400327682495,112.77600330114365,116.07800340652466,117.85600346326828,119.88800352811813,124.4600036740303,135.6360039114952,160.02000427246094,163.32200437784195,186.69000482559204,193.29400503635406,193.80200505256653,194.05600506067276,197.35800516605377,203.9620053768158,212.0900056362152,219.20200568437576,223.01200580596924,224.02800583839417,224.79000586271286,232.66400587558746,243.3320062160492,281.17800694704056,281.17800694704056,281.17800694704056,283.46400701999664,291.59200727939606,296.9260074496269,308.1020078063011,323.8500081896782,342.90000849962234,372.3640093803406,381.5080096721649,389.3820099234581,389.63600993156433,398.7800102233887,398.7800102233887,401.320010304451,401.320010304451,401.320010304451,401.320010304451,401.320010304451,401.320010304451,401.320010304451,401.320010304451,401.320010304451,412.24201065301895,412.4960106611252,412.4960106611252,422.9100109934807,425.19601106643677,439.42001163959503,442.9760117530823,442.9760117530823,442.9760117530823,442.9760117530823,442.9760117530823,442.9760117530823,451.61201202869415,461.0100123286247,474.72601276636124,478.5360128879547,478.5360128879547,479.0440129041672,479.0440129041672,479.0440129041672,480.31401294469833,487.68001317977905,490.4740132689476,490.72801327705383,490.72801327705383
2021-10-25 23:00:00,baja,6.267353,-75.531991,baja,Flujo,Medellín,Barrio Manrique,Sector La Honda,16.0,1,4.57200014591217,4.57200014591217,10.668000340461731,69.85000067949295,69.85000067949295,70.61200070381165,71.37400072813034,71.37400072813034,84.32800108194351,122.93600171804428,125.22200179100037,126.2380018234253,133.85800206661224,133.85800206661224,135.8900021314621,164.8460030555725,164.8460030555725,164.8460030555725,165.86200308799744,178.05400335788727,187.4520035982132,187.4520035982132,191.5160038471222,194.8180039525032,194.8180039525032,209.29600435495377,217.67800444364548,221.23400455713272,221.23400455713272,221.23400455713272,221.23400455713272,227.33000475168228,255.01600551605225,277.36800611019135,286.7660062909126,286.7660062909126,302.7680068016052,302.7680068016052,302.7680068016052,302.7680068016052,319.5320073366165,321.8180074095726,321.8180074095726,325.8820075392723,328.1680076122284,335.2800078392029,335.78800785541534,352.0440083146095,363.72800862789154,377.1900090575218,396.2400094270706,403.6060096025467,403.6060096025467,412.2420097589493,413.76600980758667,433.32401007413864,455.4220106601715,468.37601071596146,472.44001084566116,472.9480108618736,474.472010910511,486.91801100969315,489.20401108264923,515.1120116710663,515.1120116710663,515.6200116872787,519.9380118250847,520.4460118412971,533.6540118455887,549.6560123562813,559.0540124773979,586.2320133447647,615.1880140900612,627.3800144791603,647.1920148730278,647.446014881134,657.8600152134895,657.8600152134895,663.1940153837204,663.1940153837204,663.1940153837204,663.1940153837204,663.1940153837204,663.1940153837204,663.1940153837204,663.1940153837204,663.1940153837204,668.0200155377388,675.3860155940056,675.3860155940056,689.3560160398483,691.134016096592,702.0560163855553,704.3420164585114,704.3420164585114,704.3420164585114,704.3420164585114
2021-11-10 23:00:00,baja,6.271158,-75.599141,baja,Deslizamiento,Medellín,Barrio El Pesebre,Cr 86 con calle 57,456.0,1,4.318000137805939,13.970000445842743,28.44800078868866,28.44800078868866,28.44800078868866,28.956000804901123,30.480000853538513,30.480000853538513,36.32200103998184,36.32200103998184,40.38600116968155,46.48200124502182,56.89600157737732,69.34200191497803,80.77200216054916,101.60000288486481,101.60000288486481,101.60000288486481,101.85400289297104,107.44200307130814,107.44200307130814,107.44200307130814,107.9500030875206,108.20400309562683,119.1260034441948,156.4640041589737,156.4640041589737,162.05200439691544,164.84600448608398,164.84600448608398,167.64000457525253,170.43400466442108,170.6880046725273,170.6880046725273,171.70400470495224,178.5620049238205,180.84800499677658,180.84800499677658,180.84800499677658,181.35600501298904,185.67400497198105,189.992005109787,192.5320051908493,203.20000559091568,203.20000559091568,203.20000559091568,203.20000559091568,206.24800568819046,222.25000619888306,237.49000668525696,244.09400689601898,244.09400689601898,260.6040072441101,260.6040072441101,260.6040072441101,260.6040072441101,269.74800753593445,270.7640075683594,270.7640075683594,276.09800773859024,277.3680077791214,279.9080078601837,279.9080078601837,298.95800817012787,319.5320093035698,320.2940093278885,326.6440095305443,357.63201028108597,357.63201028108597,357.63201028108597,359.15601032972336,364.74401050806046,376.1740108728409,381.00001090765,384.30201095342636,384.30201095342636,384.8100109696388,401.066011428833,403.3520115017891,413.7660118341446,413.7660118341446,414.5280118584633,425.95801216363907,433.3240122795105,442.4680123925209,452.37401270866394,464.56601321697235,495.0460134744644,509.524013876915,515.1120140552521,530.3520144820213,530.3520144820213,552.1960147023201,552.1960147023201,555.7520148158073,555.7520148158073,555.7520148158073
2021-12-01 06:00:00,baja,6.279653,-75.621333,baja,Deslizamiento,Medellín,Barrio La Aurora,Calle 63 ae 117 F 45,27.0,1,50.292002737522125,65.27800369262695,65.27800369262695,65.78600370883942,72.13600391149521,81.02600401639938,120.65000540018082,136.6520054936409,137.4140055179596,138.93800556659698,154.94000607728958,154.94000607728958,154.94000607728958,154.94000607728958,154.94000607728958,154.94000607728958,156.21000611782074,174.49800664186478,175.26000666618347,175.26000666618347,196.59600752592087,202.18400770425797,216.9160081744194,217.42400819063187,217.42400819063187,217.42400819063187,217.93200820684433,217.93200820684433,226.06000834703445,226.06000834703445,229.87000846862793,236.7280085682869,238.2520086169243,266.4460088610649,266.4460088610649,294.64000964164734,299.720009803772,299.720009803772,300.48200982809067,304.8000099658966,304.8000099658966,304.8000099658966,304.8000099658966,305.5620099902153,307.3400100469589,340.868010699749,349.75801080465317,351.790010869503,352.5520108938217,354.58401095867157,354.8380109667778,361.1880111694336,361.4420111775398,361.4420111775398,361.4420111775398,367.7920113801956,368.04601138830185,369.316011428833,369.316011428833,369.57001143693924,373.8880116343498,377.44401174783707,386.3340119123459,405.89201259613037,405.89201259613037,405.89201259613037,405.89201259613037,406.1460126042366,409.70201271772385,445.51601362228394,452.6280138492584,456.4380139708519,464.0580141544342,474.72601449489594,474.72601449489594,474.72601449489594,476.50401455163956,483.3620147705078,484.37801480293274,485.14001482725143,489.7120149731636,492.7600150704384,493.7760151028633,505.9680150747299,512.0640152692795,524.7640153169632,526.0340153574944,551.9420164227486,551.9420164227486,551.9420164227486,552.9580164551735,556.2600165605545,565.6580168604851,587.7560172080994,587.7560172080994,589.534017264843,589.534017264843
2022-02-22 15:00:00,baja,6.265813,-75.534688,baja,Deslizamiento,Medellín,Barrio La Cruz,"Sector La Honda,  Cl. 71 con Cra. 24AB",35.0,1,19.050000369548798,37.59200131893158,53.34000164270401,57.40400177240372,72.3900021314621,72.3900021314621,72.3900021314621,82.2960022687912,113.28400212526321,113.28400212526321,113.28400212526321,113.28400212526321,113.28400212526321,119.634002327919,121.41200238466263,139.70000302791595,140.71600306034088,154.94000339508057,155.1940034031868,155.1940034031868,155.1940034031868,155.1940034031868,155.1940034031868,155.1940034031868,155.1940034031868,155.1940034031868,155.1940034031868,156.46400344371796,156.46400344371796,156.46400344371796,156.7180034518242,156.7180034518242,156.7180034518242,156.7180034518242,156.7180034518242,156.7180034518242,156.97200345993042,156.97200345993042,156.97200345993042,164.59200370311737,164.8460037112236,166.370003759861,169.92600387334824,169.92600387334824,177.80000388622284,183.64200401306152,216.66200482845306,220.2180049419403,220.2180049419403,220.2180049419403,220.2180049419403,226.5680051445961,227.3300051689148,227.3300051689148,230.88600528240204,260.8580062389374,260.8580062389374,265.1760063767433,265.1760063767433,265.1760063767433,265.1760063767433,265.1760063767433,265.1760063767433,275.590006172657,275.590006172657,275.590006172657,283.9720062613487,288.03600627183914,288.79800629615784,288.79800629615784,288.79800629615784,292.10000640153885,293.1160064339638,293.87800645828247,293.87800645828247,293.87800645828247,293.87800645828247,293.87800645828247,295.40200650691986,295.40200650691986,303.0220067501068,304.03800678253174,304.03800678253174,332.7400067448616,334.01000678539276,334.01000678539276,334.01000678539276,338.3280069231987,344.6780071258545,359.1560075879097,365.7600077986717,374.6500081419945,378.2060082554817,401.57400918006897,404.87600928545,404.87600928545,404.87600928545
2022-04-05 07:00:00,media,6.237579,-75.510812,baja,,Medellín,Santa Elena,vía a Santa Elena kilometro 11+200,42.0,1,39.37000107765198,51.308000922203064,51.308000922203064,56.64200109243393,79.50200182199478,84.58200198411942,99.82200229167938,106.93400251865387,113.03000271320343,127.50800305604935,128.27000308036804,130.3020031452179,130.55600315332413,134.3660032749176,139.70000344514847,139.9540034532547,140.20800346136093,140.7160034775734,140.7160034775734,161.5440036058426,161.79800361394882,173.22800397872925,173.22800397872925,183.13400411605835,193.5480043888092,193.5480043888092,197.6120045185089,197.6120045185089,197.6120045185089,214.8840051293373,243.58600503206253,252.98400509357452,254.25400513410568,254.25400513410568,267.2080055475235,279.6540058851242,321.5640067458153,321.5640067458153,323.85000681877136,323.85000681877136,324.1040068268776,328.9300068616867,335.78800708055496,355.6000075340271,375.4120081067085,385.06400841474533,385.06400841474533,385.06400841474533,385.06400841474533,386.84200847148895,387.3500084877014,387.3500084877014,387.3500084877014,390.1440084576607,397.7640085220337,406.1460087299347,409.4480088353157,417.8300088047981,418.08400881290436,430.5300090312958,430.5300090312958,430.5300090312958,430.5300090312958,430.5300090312958,430.5300090312958,430.5300090312958,430.5300090312958,430.5300090312958,430.5300090312958,430.784009039402,430.784009039402,431.03800904750824,440.94400930404663,440.94400930404663,440.94400930404663,440.94400930404663,441.19800931215286,441.4520093202591,441.7060093283653,441.7060093283653,441.96000933647156,449.5800095796585,472.69400972127914,487.9340101480484,490.2200102210045,490.2200102210045,502.4120103120804,506.22201043367386,557.530012011528,557.530012011528,557.530012011528,557.530012011528,565.912012219429,572.770012319088,573.2780123353004,573.2780123353004,595.6300121545792
2022-05-07 15:00:00,baja,6.23065,-75.56758,baja,,Medellín,El Poblado,Iglesia San Anselmo,45.0,1,63.7540004849434,79.24800091981888,82.55000102519989,82.55000102519989,82.55000102519989,82.55000102519989,85.34400099515915,85.59800100326538,86.86800104379654,91.18600118160248,104.14000111818314,108.7120012640953,109.98200130462646,118.6180015206337,124.96800166368484,138.6840022802353,154.17800277471542,156.97200286388397,157.73400288820267,159.00400292873383,162.8140030503273,162.8140030503273,162.8140030503273,163.83000308275223,163.83000308275223,163.83000308275223,163.83000308275223,173.48200327157974,175.00600332021713,179.3240032196045,205.23200392723083,208.28000402450562,233.42600458860397,233.6800045967102,233.6800045967102,235.9660046696663,250.95200514793396,260.09600526094437,277.6220055818558,294.64000594615936,299.7200059890747,351.28200674057007,373.38000762462616,374.14200764894485,374.14200764894485,376.6820076704025,382.5240077972412,393.954008102417,396.2400081753731,398.27200824022293,400.3040083050728,422.4020087122917,424.18000876903534,432.562009036541,432.562009036541,432.562009036541,453.8980088829994,453.8980088829994,453.8980088829994,453.8980088829994,453.8980088829994,455.1680089235306,466.09000927209854,503.6820102930069,503.6820102930069,503.6820102930069,519.6840106844902,528.0660109519958,541.7820113897324,544.8300114870071,544.8300114870071,544.8300114870071,544.8300114870071,551.4340114593506,568.7060119509697,571.2460120916367,604.2660127878189,607.3140128850937,611.1240128874779,611.1240128874779,611.1240128874779,620.5220129489899,649.9860134720802,649.9860134720802,649.9860134720802,649.9860134720802,649.9860134720802,654.5580136179924,658.1140137314796,667.2580139636993,670.5600140690804,694.4360147118568,694.4360147118568,694.4360147118568,694.4360147118568,694.4360147118568,694.4360147118568
2022-06-27 17:00:00,baja,6.261388,-75.555283,baja,Deslizamiento,Medellín,Manrique,Palos Verdes,211.0,1,17.52600008249283,52.07000106573105,59.690001249313354,59.690001249313354,61.468001306056976,64.77000141143799,66.54800146818161,85.09000146389008,89.91600161790848,98.04400169849396,122.93600219488144,147.57400274276733,160.78200334310532,215.6460039615631,215.6460039615631,220.4720041155815,260.0960046648979,276.3520054221153,278.13000547885895,280.1620055437088,282.7020056247711,299.466005384922,301.4980054497719,303.02200549840927,335.7880066037178,361.44200724363327,362.20400726795197,370.84000754356384,383.2860078215599,391.4140080809593,391.4140080809593,395.478008210659,395.478008210659,395.73200821876526,396.7480082511902,397.0020082592964,400.30400836467743,415.29000902175903,416.8140090703964,416.8140090703964,449.07200974226,465.32800990343094,475.74201023578644,479.2980103492737,485.9020105600357,485.9020105600357,490.22001069784164,496.57001090049744,497.8400109410286,497.8400109410286,498.6020109653473,563.8800129890442,583.438013613224,587.75601375103,587.75601375103,587.75601375103,587.75601375103,588.5180137753487,589.0260137915611,591.5660138726234,595.1220139861107,609.0920145511627,621.5380146503448,624.0780147314072,628.9040148854256,636.2700150609016,668.0200164318085,678.6880167722702,683.0060169100761,683.5140169262886,687.0700170397758,694.6900171041489,695.1980171203613,695.1980171203613,695.1980171203613,695.1980171203613,695.1980171203613,695.1980171203613,701.2940172553062,702.8180173039436,705.1040173768997,735.5840181112289,737.870018184185,768.3500189781189,768.3500189781189,768.3500189781189,769.8740190267563,785.3680195212364,798.0680198073387,806.1960200667381,829.5640206336975,835.1520209312439,883.4120215773582,895.8580218553543,901.9540221095085,901.9540221095085,903.4780221581459
2022-07-13 15:00:00,baja,6.195763,-75.6567409999999,baja,Flujo,Medellín,San Antonio de Prado,La Verde,418.0,1,40.13200092315674,40.6400009393692,41.91000097990036,48.76800125837326,48.76800125837326,48.76800125837326,48.76800125837326,49.02200126647949,49.276001274585724,50.29200130701065,50.29200130701065,55.11800146102905,61.97600167989731,62.738001704216,85.34400260448456,107.9500030875206,108.20400309562683,136.65200394392014,161.54400444030762,162.56000447273254,167.64000463485718,171.70400476455688,186.69000494480133,215.90000534057617,254.7620050907135,255.27000510692596,268.9860054254532,281.178005695343,282.4480057358742,304.8000063896179,312.1660064458847,318.262006521225,384.30200803279877,386.58800810575485,402.59000796079636,402.59000796079636,405.89200806617737,416.3060084581375,418.5920085310936,418.5920085310936,449.0720092058182,470.15400952100754,471.17000955343246,510.28601014614105,521.4620105028152,522.2240105271339,522.2240105271339,523.2400105595589,524.2560105919838,535.1780107617378,544.3220106959343,557.2760106921196,560.0700107812881,565.1500109434128,581.6600112915039,581.6600112915039,622.0460125803947,634.2380127310753,642.8740130066872,645.1600130796432,657.0980133414268,657.0980133414268,678.9420140385628,695.9600145220757,713.7400149703026,762.2540159225464,766.5720160603523,800.3540164232254,866.6480190753937,889.7620197534561,889.7620197534561,889.7620197534561,889.7620197534561,893.8260197639465,893.8260197639465,893.8260197639465,906.5260201692581,922.7820204496384,923.0360204577446,927.862020611763,939.0380208492279,949.9600210189819,949.9600210189819,971.29602175951,971.29602175951,971.29602175951,971.29602175951,971.29602175951,971.29602175951,971.29602175951,971.29602175951,971.29602175951,971.29602175951,971.29602175951,971.29602175951,971.29602175951,971.29602175951
2022-08-05 21:00:00,baja,6.145044,-75.576537,baja,Flujo,Envigado,El Salado,,339.0,1,52.578001856803894,52.578001856803894,53.59400188922882,78.74000239372253,98.04400247335434,98.29800248146057,98.5520024895668,112.77600288391113,149.09800404310226,157.7340042591095,166.6240045428276,191.77000522613525,198.37400537729263,205.7400055527687,206.24800556898117,206.24800556898117,206.24800556898117,207.01000559329987,209.29600566625595,214.88400584459305,217.6780059337616,217.6780059337616,220.72600603103638,226.5680062174797,226.5680062174797,238.76000660657883,242.31600672006607,242.31600672006607,242.31600672006607,242.31600672006607,243.07800674438477,243.07800674438477,244.0940067768097,246.88800686597824,250.19000697135925,273.30400693416595,276.0980070233345,289.5600074529648,312.9280083179474,315.4680083990097,336.04200905561447,340.1060091853142,346.4560092687607,353.0600094795227,385.8260096311569,389.38200974464417,390.14400976896286,404.11401003599167,419.6080101132393,434.594010412693,435.61001044511795,442.976010620594,473.20201140642166,482.60001170635223,484.37801176309586,503.6820122599602,509.2700123786926,512.8260124921799,514.8580125570297,520.4460127353668,526.5420127511024,530.0980128645897,539.496013045311,544.3220131397247,558.5460135936737,563.3720137476921,573.0240139961243,592.0740146040916,592.0740146040916,592.0740146040916,592.0740146040916,592.0740146040916,592.0740146040916,592.0740146040916,592.0740146040916,596.1380146145821,596.9000146389008,597.154014647007,602.4880148172379,621.2840152978897,653.0340160727501,659.6380162835121,662.6860163807869,668.274016559124,668.5280165672302,673.1000167131424,689.8640168309212,694.6900169849396,696.214017033577,696.214017033577,716.5340175032616,738.3780180215836,749.0460183620453,749.0460183620453,749.0460183620453,749.808018386364,749.808018386364
2022-08-06 09:00:00,baja,6.22745,-75.529669,baja,Deslizamiento,Medellín,Ocho de Marzo,Vía hacia Santa Elena,289.0,1,48.00600081682205,57.404000997543335,59.18200105428696,65.78600120544434,105.41000211238861,114.04600238800049,114.30000239610672,114.30000239610672,126.49200266599655,170.68800395727158,171.45000398159027,198.882004737854,211.83600509166718,218.18600511550903,219.96400517225266,225.0440053343773,225.0440053343773,225.0440053343773,225.0440053343773,225.0440053343773,225.0440053343773,225.0440053343773,225.0440053343773,227.33000540733337,233.93400555849075,242.31600552797318,251.46000576019287,253.49200582504272,253.49200582504272,253.49200582504272,253.49200582504272,254.50800585746765,254.50800585746765,255.27000588178635,255.27000588178635,269.74800622463226,281.6860064268112,285.24200654029846,297.94200694561005,322.32600766420364,335.0260081887245,355.09200870990753,357.63200879096985,357.63200879096985,363.4740088582039,367.03000897169113,369.062009036541,379.22200936079025,401.0660097002983,410.71801018714905,416.8140103816986,428.2440105676651,436.11801064014435,450.85001093149185,451.61201095581055,453.39001101255417,477.52001148462296,480.3140115737915,489.9660117030144,490.72801172733307,511.81001275777817,514.0960128307343,519.1760130524635,519.1760130524635,546.3540138602257,580.89801466465,589.2800147533417,597.1540149450302,607.5680151581764,608.3300151824951,608.3300151824951,615.1880153417587,615.1880153417587,615.6960153579712,615.6960153579712,625.6020158529282,647.9540165066719,649.4780165553093,653.5420166254044,653.5420166254044,683.2600180506706,684.784018099308,694.1820183992386,699.5160185694695,706.8820188045502,707.1360188126564,716.2800190448761,724.4080193042755,724.4080193042755,724.4080193042755,744.2200197577477,767.8420204520226,772.9220206141472,779.0180207490921,779.0180207490921,779.0180207490921,779.7800207734108
2022-09-07 21:00:00,baja,6.179093,-75.671125,baja,Flujo,Medellín,San Antonio de Prado,Q. La Manguala,418.0,1,24.130000233650208,28.448000371456146,28.448000371456146,34.03600054979324,47.752000987529755,52.32400107383728,57.91200125217438,85.59800171852112,86.36000174283981,99.3140019774437,116.07800245285034,116.07800245285034,156.97200405597687,156.97200405597687,156.97200405597687,156.97200405597687,164.3380042910576,204.21600514650345,204.21600514650345,204.21600514650345,215.64600503444672,215.64600503444672,218.44000512361526,228.3460054397583,233.68000560998917,240.53800576925278,240.53800576925278,240.53800576925278,240.53800576925278,244.85600590705872,244.85600590705872,244.85600590705872,269.4940066933632,304.0380071401596,304.0380071401596,304.29200714826584,332.4860081076622,355.85400861501694,356.61600863933563,356.61600863933563,368.5540090203285,411.4800102710724,414.52801036834717,415.5440104007721,415.5440104007721,415.5440104007721,427.99001079797745,433.0700109601021,433.0700109601021,447.29401087760925,447.5480108857155,449.0720109343529,456.94601118564606,466.0900112390518,469.9000113606453,475.4880115389824,515.6200124621391,515.6200124621391,517.3980125188828,524.2560127973557,524.2560127973557,524.2560127973557,524.2560127973557,524.5100128054619,524.5100128054619,525.5260128378868,525.780012845993,530.6060130000114,537.2100132107735,538.2260132431984,560.832014143467,577.0880146622658,583.438014626503,607.0600153207779,612.9020155072212,638.0480160117149,643.1280161738396,647.1920163035393,647.7000163197517,672.0840165019035,693.6740169525146,730.2500166296959,742.4420168995857,746.2520170211792,757.4280172586441,780.2880179286003,785.8760179877281,792.22601801157,859.7900195717812,861.0600196123123,871.7280194163322,878.0780194997787,881.1260195970535,885.9520197510719,892.0480200052261,894.080020070076,916.9400207400322
2022-09-07 21:00:00,baja,6.182384,-75.6631419999999,baja,Deslizamiento,Medellín,San Antonio de Prado,Q. La Chorrera,418.0,1,24.130000233650208,28.448000371456146,28.448000371456146,34.03600054979324,47.752000987529755,52.32400107383728,57.91200125217438,85.59800171852112,86.36000174283981,99.3140019774437,116.07800245285034,116.07800245285034,156.97200405597687,156.97200405597687,156.97200405597687,156.97200405597687,164.3380042910576,204.21600514650345,204.21600514650345,204.21600514650345,215.64600503444672,215.64600503444672,218.44000512361526,228.3460054397583,233.68000560998917,240.53800576925278,240.53800576925278,240.53800576925278,240.53800576925278,244.85600590705872,244.85600590705872,244.85600590705872,269.4940066933632,304.0380071401596,304.0380071401596,304.29200714826584,332.4860081076622,355.85400861501694,356.61600863933563,356.61600863933563,368.5540090203285,411.4800102710724,414.52801036834717,415.5440104007721,415.5440104007721,415.5440104007721,427.99001079797745,433.0700109601021,433.0700109601021,447.29401087760925,447.5480108857155,449.0720109343529,456.94601118564606,466.0900112390518,469.9000113606453,475.4880115389824,515.6200124621391,515.6200124621391,517.3980125188828,524.2560127973557,524.2560127973557,524.2560127973557,524.2560127973557,524.5100128054619,524.5100128054619,525.5260128378868,525.780012845993,530.6060130000114,537.2100132107735,538.2260132431984,560.832014143467,577.0880146622658,583.438014626503,607.0600153207779,612.9020155072212,638.0480160117149,643.1280161738396,647.1920163035393,647.7000163197517,672.0840165019035,693.6740169525146,730.2500166296959,742.4420168995857,746.2520170211792,757.4280172586441,780.2880179286003,785.8760179877281,792.22601801157,859.7900195717812,861.0600196123123,871.7280194163322,878.0780194997787,881.1260195970535,885.9520197510719,892.0480200052261,894.080020070076,916.9400207400322
2022-09-08 20:00:00,baja,6.153428,-75.660374,baja,Deslizamiento,La Estrella,Tierra Amarilla,Q. Tierra Amarilla,519.0,1,89.66200178861618,113.53800225257874,115.57000231742859,115.57000231742859,127.25400257110596,136.14400285482407,142.74800300598145,152.6540032029152,170.6880035996437,171.4500036239624,186.69000405073166,219.71000462770462,221.9960047006607,246.63400572538376,246.63400572538376,246.63400572538376,247.65000575780869,254.2540059685707,276.09800642728806,296.4180064201355,296.4180064201355,296.4180064201355,296.4180064201355,298.7040064930916,311.65800684690475,312.9280068874359,324.86600720882416,324.86600720882416,324.86600720882416,324.86600720882416,327.6600072979927,327.6600072979927,327.6600072979927,354.33000802993774,376.68200874328613,376.68200874328613,386.5880088210106,405.1300092935562,415.79800963401794,418.08400970697403,418.08400970697403,439.6740103363991,513.5880118608475,515.8740119338036,548.1320121884346,572.2620129585266,583.1840131282806,597.1540135741234,598.932013630867,601.4720136523247,602.4880136847496,602.7420136928558,604.5200137495995,615.6960141062737,628.3960139751434,639.8260140419006,661.9240146279335,674.8780149817467,674.8780149817467,681.7360152006149,684.7840152978897,684.7840152978897,684.7840152978897,684.7840152978897,684.7840152978897,684.7840152978897,687.5780153870583,687.5780153870583,690.1180154681206,703.0720158219337,712.7240161299706,729.9960168004036,745.9980173110962,746.7600173354149,818.388019323349,818.388019323349,825.5000196695328,839.4700200557709,847.344020307064,849.1220203638077,859.0280206203461,867.664020895958,881.6340213418007,888.492021560669,889.7620216012001,895.8580218553543,925.5760224461555,935.9900226593018,949.9600227475166,996.9500232338905,999.2360233068466,1001.2680233716965,1020.3180239200592,1023.8740240335464,1032.5100243091583,1036.3200243711472,1037.8440244197845
2022-09-08 20:00:00,baja,6.153292,-75.663229,baja,Deslizamiento,La Estrella,Tierra Amarilla,Q. Tierra Amarilla,519.0,1,89.66200178861618,113.53800225257874,115.57000231742859,115.57000231742859,127.25400257110596,136.14400285482407,142.74800300598145,152.6540032029152,170.6880035996437,171.4500036239624,186.69000405073166,219.71000462770462,221.9960047006607,246.63400572538376,246.63400572538376,246.63400572538376,247.65000575780869,254.2540059685707,276.09800642728806,296.4180064201355,296.4180064201355,296.4180064201355,296.4180064201355,298.7040064930916,311.65800684690475,312.9280068874359,324.86600720882416,324.86600720882416,324.86600720882416,324.86600720882416,327.6600072979927,327.6600072979927,327.6600072979927,354.33000802993774,376.68200874328613,376.68200874328613,386.5880088210106,405.1300092935562,415.79800963401794,418.08400970697403,418.08400970697403,439.6740103363991,513.5880118608475,515.8740119338036,548.1320121884346,572.2620129585266,583.1840131282806,597.1540135741234,598.932013630867,601.4720136523247,602.4880136847496,602.7420136928558,604.5200137495995,615.6960141062737,628.3960139751434,639.8260140419006,661.9240146279335,674.8780149817467,674.8780149817467,681.7360152006149,684.7840152978897,684.7840152978897,684.7840152978897,684.7840152978897,684.7840152978897,684.7840152978897,687.5780153870583,687.5780153870583,690.1180154681206,703.0720158219337,712.7240161299706,729.9960168004036,745.9980173110962,746.7600173354149,818.388019323349,818.388019323349,825.5000196695328,839.4700200557709,847.344020307064,849.1220203638077,859.0280206203461,867.664020895958,881.6340213418007,888.492021560669,889.7620216012001,895.8580218553543,925.5760224461555,935.9900226593018,949.9600227475166,996.9500232338905,999.2360233068466,1001.2680233716965,1020.3180239200592,1023.8740240335464,1032.5100243091583,1036.3200243711472,1037.8440244197845
2022-09-17 04:00:00,baja,6.178123,-75.630392,baja,Flujo,Itaguí,Villalia,,2.0,1,8.89000028371811,57.40400147438049,71.3740017414093,74.42200183868408,85.09000194072723,85.09000194072723,85.09000194072723,85.34400194883347,131.06400227546692,149.35200279951096,152.40000289678574,153.16200292110443,161.29000306129456,164.59200316667557,173.48200345039368,188.2140036225319,208.53400403261185,213.8680042028427,217.6780043244362,231.64800494909286,239.01400518417358,245.36400532722473,272.5420060157776,272.5420060157776,272.5420060157776,277.6220061779022,279.40000623464584,314.7060070633888,315.72200709581375,316.9920071363449,316.9920071363449,318.5160071849823,329.4380074739456,334.0100076198578,340.6140078306198,362.20400816202164,362.20400816202164,362.20400816202164,362.20400816202164,366.52200824022293,366.52200824022293,369.5700083374977,406.65400940179825,429.7680103778839,429.7680103778839,447.54801094532013,466.3440115451813,472.69401174783707,472.69401174783707,472.69401174783707,492.252012193203,516.8900129795074,521.4620131254196,544.3220137953758,557.5300142168999,570.484014570713,572.0080146193504,577.0880146622658,580.1360146999359,580.1360146999359,580.3900147080421,581.6600147485733,589.7880150079727,597.4080153107643,600.4560154080391,600.4560154080391,650.4940155744553,651.256015598774,651.7640156149864,654.8120157122612,654.8120157122612,654.8120157122612,655.0660157203674,655.0660157203674,655.5740157365799,656.844015777111,656.844015777111,688.5940158367157,695.7060160636902,702.8180162906647,719.0740164518356,748.0300171375275,753.1100172996521,776.7320179343224,788.1620184183121,788.6700184345245,792.480018556118,797.3060187101364,810.5140188932419,821.944019138813,866.6480206251144,874.0140205025673,880.6180207133293,890.2700207829475,904.4940209984779,926.3380212783813,930.6560214161873
2022-09-21 17:00:00,baja,6.318974,-75.528842,baja,Flujo,Copacabana,Autopista Medellin Bogotá,Motel El Descanso del Amor,70.0,1,22.606000900268555,28.448000967502594,38.862001180648804,49.530001521110535,49.530001521110535,92.45600283145905,94.74200290441513,95.75800293684006,101.60000306367874,103.37800312042236,103.6320031285286,103.88600313663483,111.76000338792801,121.41200357675552,122.93600362539291,130.30200386047363,130.30200386047363,141.22400432825089,150.11400455236435,153.41600465774536,153.92400467395782,160.27400487661362,161.29000490903854,177.29200541973114,191.26200586557388,192.78600591421127,192.78600591421127,192.78600591421127,192.78600591421127,194.5640059709549,231.14000642299652,242.57000678777695,244.6020068526268,244.6020068526268,244.6020068526268,244.6020068526268,251.7140070796013,261.11200737953186,263.9060074687004,266.70000755786896,266.70000755786896,266.70000755786896,266.70000755786896,266.9540075659752,273.5580076575279,273.5580076575279,330.4540090560913,342.13800942897797,342.13800942897797,342.13800942897797,348.2340096235275,363.72801011800766,363.72801011800766,363.9820101261139,371.34801030158997,410.71801126003265,410.9720112681389,421.6400116086006,432.05401188135147,432.05401188135147,442.7220121026039,445.00801217556,445.00801217556,445.00801217556,445.00801217556,445.00801217556,446.5320122241974,446.5320122241974,446.5320122241974,448.310012280941,454.15201234817505,456.69201242923737,468.88401275873184,475.99601286649704,475.99601286649704,481.3300129175186,481.3300129175186,481.8380129337311,481.8380129337311,482.6000129580498,482.6000129580498,487.17201310396194,493.77601331472397,495.30001336336136,512.064013838768,528.0660142302513,530.606014251709,557.7840150594711,560.0700151324272,560.0700151324272,562.1020151972771,565.1500152945518,570.9920155405998,573.2780156135559,578.866015791893,589.788015961647,615.4420168995857
2022-09-23 17:00:00,baja,6.318213,-75.529373,baja,Deslizamiento,Copacabana,Autopista Medellin Bogota,,70.0,1,41.40200102329254,61.72200125455856,83.05800211429596,88.90000218153,99.31400239467621,109.98200273513794,109.98200273513794,152.90800404548645,155.19400411844254,156.21000415086746,162.05200427770615,163.83000433444977,164.084004342556,164.33800435066223,172.2120046019554,181.86400479078293,183.38800483942032,190.75400507450104,190.75400507450104,201.6760055422783,210.56600576639175,213.86800587177277,214.37600588798523,220.72600609064102,221.74200612306595,237.74400663375854,251.7140070796013,253.23800712823868,253.23800712823868,253.23800712823868,253.23800712823868,255.0160071849823,291.5920076370239,303.02200800180435,305.0540080666542,305.0540080666542,305.0540080666542,305.0540080666542,312.1660082936287,321.56400859355927,324.3580086827278,327.15200877189636,327.15200877189636,327.15200877189636,327.15200877189636,327.4060087800026,334.0100088715553,334.0100088715553,390.9060102701187,402.59001064300537,402.59001064300537,402.59001064300537,408.68601083755493,424.18001133203506,424.18001133203506,424.4340113401413,431.80001151561737,471.17001247406006,471.4240124821663,482.092012822628,492.5060130953789,492.5060130953789,503.1740133166313,505.4600133895874,505.4600133895874,505.4600133895874,505.4600133895874,505.4600133895874,506.9840134382248,506.9840134382248,506.9840134382248,508.7620134949684,514.6040135622025,517.1440136432648,529.3360139727592,536.4480140805244,536.4480140805244,541.782014131546,541.782014131546,542.2900141477585,542.2900141477585,543.0520141720772,543.0520141720772,547.6240143179893,554.2280145287514,555.7520145773888,572.5160150527954,588.5180154442787,591.0580154657364,618.2360162734985,620.5220163464546,620.5220163464546,622.5540164113045,625.6020165085793,631.4440167546272,633.7300168275833,639.3180170059204
2021-09-05 00:00:00,baja,6.207845,-75.622413,baja,Flujo,Medellín,Altavista,,1.0,1,59.94400042295456,59.94400042295456,59.94400042295456,63.24600052833557,79.50200062990189,101.09200131893158,103.12400138378143,103.6320013999939,104.14000141620636,104.39400142431259,133.8580020070076,136.39800208806992,147.32000243663788,147.32000243663788,150.36800253391266,157.73400276899338,187.70600301027298,200.91400307416916,213.61400347948074,236.9820037484169,257.048004090786,294.1320052742958,300.22800546884537,309.8800057768822,309.8800057768822,331.2160058617592,331.2160058617592,338.5820060968399,338.5820060968399,338.5820060968399,338.5820060968399,338.5820060968399,338.5820060968399,338.5820060968399,338.5820060968399,338.5820060968399,345.948006272316,347.47200632095337,347.7260063290596,358.1400066614151,358.9020066857338,371.6020070910454,375.9200072288513,375.9200072288513,375.9200072288513,375.9200072288513,375.9200072288513,375.9200072288513,388.3660075068474,397.5100077986717,419.8620083928108,427.73600870370865,427.73600870370865,428.2440087199211,428.49800872802734,433.8320088982582,449.83400869369507,457.9620089530945,458.2160089612007,458.2160089612007,458.2160089612007,458.2160089612007,458.2160089612007,458.2160089612007,462.7880091071129,462.7880091071129,462.7880091071129,466.0900092124939,484.63200974464417,486.664009809494,507.74601006507874,512.3180102109909,527.3040106892586,533.9080109000206,540.2580111026764,542.2900111675262,564.3880116939545,572.5160119533539,578.3580121397972,585.7240123748779,595.1220126748085,598.6780127882957,616.9660133719444,620.2680134773254,643.1280140280724,651.2560141682625,651.5100141763687,658.6220144033432,694.6900154948235,720.090016067028,728.9800161123276,728.9800161123276,729.2340161204338,739.1400164365768,740.9180164933205,765.5560172200203,799.5920178294182
2023-05-30 05:00:00,baja,6.3987,-75.51636,baja,Flujo,Copacabana,Zarzal,,72.0,1,20.828000366687775,69.34200125932693,93.98000192642212,104.14000189304352,151.38400357961655,152.40000361204147,175.5140039920807,195.58000433444977,205.23200470209122,212.09000492095947,222.50400525331497,222.50400525331497,222.50400525331497,262.8900061249733,262.8900061249733,263.39800614118576,264.6680061817169,264.6680061817169,264.6680061817169,264.92200618982315,264.92200618982315,264.92200618982315,264.92200618982315,264.92200618982315,264.92200618982315,264.92200618982315,264.92200618982315,264.92200618982315,264.92200618982315,266.954006254673,279.90800654888153,284.4800066947937,301.24400717020035,315.21400785446167,315.4680078625679,318.7700079679489,322.58000802993774,332.99400812387466,337.8200081586838,345.94800847768784,352.80600875616074,352.80600875616074,361.9500090479851,368.5540092587471,376.1740094423294,376.1740094423294,376.1740094423294,376.1740094423294,376.9360094666481,376.9360094666481,376.9360094666481,376.9360094666481,390.9060094356537,390.9060094356537,390.9060094356537,390.9060094356537,391.1600094437599,392.6840094923973,396.24000960588455,396.748009622097,399.7960097193718,400.30400973558426,409.9560099244118,440.9440104961395,441.19801050424576,447.0400106906891,483.87001115083694,483.87001115083694,483.87001115083694,483.87001115083694,483.87001115083694,483.87001115083694,501.14201152324677,502.1580115556717,548.3860127329826,555.4980129003525,555.4980129003525,574.8020134568214,621.7920143008232,640.5880149006844,641.350014925003,643.1280149817467,665.2260150909424,670.0520152449608,670.306015253067,687.0700157880783,689.3560158610344,689.6100158691406,689.6100158691406,689.6100158691406,691.134015917778,691.134015917778,691.134015917778,691.134015917778,691.134015917778,691.134015917778,691.134015917778
2023-05-30 05:00:00,baja,6.31614,-75.50675,baja,Deslizamiento,Copacabana,Chucho Gato,,607.0,1,25.654000759124756,48.768001198768616,113.28400254249573,115.82400250434875,176.7840035557747,178.5620036125183,211.8360041975975,224.79000437259674,265.1760050058365,295.14800572395325,312.4200061559677,312.4200061559677,312.4200061559677,351.79000759124756,351.79000759124756,351.79000759124756,352.8060076236725,352.8060076236725,352.8060076236725,357.1240077614784,357.1240077614784,357.1240077614784,357.1240077614784,357.1240077614784,357.1240077614784,357.1240077614784,357.1240077614784,357.1240077614784,357.1240077614784,358.14000779390335,369.3160080909729,377.4440083503723,399.7960090637207,462.53400832414627,495.80800825357437,495.80800825357437,513.8420085906982,524.002008497715,568.1980093717575,572.2620093822479,576.8340094685555,576.8340094685555,585.9780097603798,596.3920100331306,601.4720101952553,601.4720101952553,602.7420102357864,602.7420102357864,603.2500102519989,603.2500102519989,603.2500102519989,603.2500102519989,605.536010324955,606.2980103492737,606.2980103492737,612.9020102024078,612.9020102024078,616.9660102128983,617.4740102291107,617.728010237217,617.728010237217,644.6520105004311,650.4940106272697,661.4160109758377,661.4160109758377,665.4800111055374,708.15201151371,708.15201151371,708.15201151371,708.15201151371,708.15201151371,708.15201151371,737.108011841774,737.3620118498802,751.3320125937462,755.1420127153397,796.5440145730972,813.3080151081085,881.8880173563957,912.368018090725,918.4640182852745,918.4640182852745,977.9000195264816,982.9800196886063,983.2340196967125,1001.268020093441,1005.8400201797485,1006.348020195961,1006.348020195961,1006.8560202121735,1006.8560202121735,1006.8560202121735,1006.8560202121735,1006.8560202121735,1006.8560202121735,1006.8560202121735,1006.8560202121735
2023-05-28 09:00:00,baja,6.34877,-75.53275,baja,Deslizamiento,Bello,Navarra,,76.0,1,38.86200016736984,47.75200045108795,89.9160007238388,89.9160007238388,101.60000109672546,122.42800164222717,155.4480032324791,193.04000401496887,204.97800427675247,204.97800427675247,204.97800427675247,284.98800534009933,284.98800534009933,284.98800534009933,285.24200534820557,285.24200534820557,285.4960053563118,287.52800542116165,287.52800542116165,287.52800542116165,287.52800542116165,287.52800542116165,287.52800542116165,287.52800542116165,287.52800542116165,287.52800542116165,287.52800542116165,287.52800542116165,292.8620055913925,295.9100056886673,307.59400606155396,339.09000635147095,339.5980063676834,339.85200637578964,340.1060063838959,343.91600650548935,355.3460068702698,367.0300069451332,367.5380069613457,367.7920069694519,380.4920072555542,392.93800765275955,398.2720078229904,398.52600783109665,398.52600783109665,398.52600783109665,398.52600783109665,398.52600783109665,398.52600783109665,398.52600783109665,401.06600791215897,401.06600791215897,401.06600791215897,401.3200079202652,401.3200079202652,402.59000796079636,403.0980079770088,404.11400800943375,404.6220080256462,408.17800813913345,417.06800842285156,453.1360094547272,453.1360094547272,453.1360094547272,506.22201013565063,506.22201013565063,506.22201013565063,506.22201013565063,506.22201013565063,506.22201013565063,517.398010134697,518.6680101752281,532.8920106291771,535.1780107021332,536.1940107345581,540.7660108804703,594.106012403965,607.0600128173828,607.8220128417015,608.330012857914,631.6980133652687,654.558013856411,654.558013856411,668.020014166832,670.5600142478943,670.5600142478943,670.5600142478943,670.5600142478943,670.5600142478943,670.5600142478943,670.5600142478943,670.5600142478943,670.5600142478943,670.5600142478943,670.5600142478943,670.8140142560005,679.450014591217
2023-05-28 01:00:00,baja,6.42251,-75.44893,baja,Flujo,Girardota,San Andrés,,66.0,1,115.31600159406662,119.38000172376633,152.6540025472641,155.19400262832642,189.4840026497841,213.10600316524506,216.15400326251984,229.36200368404388,233.17200380563736,233.17200380563736,241.554004073143,286.76600497961044,287.0200049877167,287.52800500392914,287.52800500392914,287.52800500392914,287.52800500392914,287.52800500392914,287.52800500392914,287.52800500392914,287.52800500392914,287.52800500392914,287.52800500392914,287.52800500392914,287.52800500392914,287.52800500392914,287.52800500392914,292.6080051660538,296.6720052957535,311.9120057821274,317.7540059685707,322.5800061225891,339.59800642728806,340.8680064678192,344.42400658130646,352.5520068407059,356.8700069785118,385.31800693273544,385.5720069408417,386.5880069732666,391.414007127285,392.9380071759224,392.9380071759224,394.20800721645355,394.20800721645355,394.20800721645355,394.4620072245598,394.4620072245598,394.4620072245598,394.4620072245598,401.3200075030327,401.3200075030327,401.3200075030327,401.3200075030327,402.59000754356384,409.70200753211975,410.9720075726509,411.22600758075714,416.30600768327713,417.5760077238083,420.37000781297684,420.37000781297684,420.37000781297684,428.49800795316696,428.7520079612732,428.7520079612732,428.7520079612732,428.7520079612732,428.7520079612732,428.7520079612732,429.5140079855919,445.5160080194473,447.29400807619095,452.6280082464218,454.1520082950592,471.1700088381767,497.8400094509125,522.2240101695061,522.2240101695061,522.2240101695061,533.146010518074,537.9720106720924,543.3060108423233,552.7040111422539,554.2280111908913,556.0060112476349,556.2600112557411,556.7680112719536,556.7680112719536,556.7680112719536,556.7680112719536,556.7680112719536,556.7680112719536,556.7680112719536,556.7680112719536,556.7680112719536,560.0700113773346
2023-05-28 01:00:00,baja,6.42138,-75.45109,baja,Flujo,Girardota,San Andrés,,66.0,1,115.31600159406662,119.38000172376633,152.6540025472641,155.19400262832642,189.4840026497841,213.10600316524506,216.15400326251984,229.36200368404388,233.17200380563736,233.17200380563736,241.554004073143,286.76600497961044,287.0200049877167,287.52800500392914,287.52800500392914,287.52800500392914,287.52800500392914,287.52800500392914,287.52800500392914,287.52800500392914,287.52800500392914,287.52800500392914,287.52800500392914,287.52800500392914,287.52800500392914,287.52800500392914,287.52800500392914,292.6080051660538,296.6720052957535,311.9120057821274,317.7540059685707,322.5800061225891,339.59800642728806,340.8680064678192,344.42400658130646,352.5520068407059,356.8700069785118,385.31800693273544,385.5720069408417,386.5880069732666,391.414007127285,392.9380071759224,392.9380071759224,394.20800721645355,394.20800721645355,394.20800721645355,394.4620072245598,394.4620072245598,394.4620072245598,394.4620072245598,401.3200075030327,401.3200075030327,401.3200075030327,401.3200075030327,402.59000754356384,409.70200753211975,410.9720075726509,411.22600758075714,416.30600768327713,417.5760077238083,420.37000781297684,420.37000781297684,420.37000781297684,428.49800795316696,428.7520079612732,428.7520079612732,428.7520079612732,428.7520079612732,428.7520079612732,428.7520079612732,429.5140079855919,445.5160080194473,447.29400807619095,452.6280082464218,454.1520082950592,471.1700088381767,497.8400094509125,522.2240101695061,522.2240101695061,522.2240101695061,533.146010518074,537.9720106720924,543.3060108423233,552.7040111422539,554.2280111908913,556.0060112476349,556.2600112557411,556.7680112719536,556.7680112719536,556.7680112719536,556.7680112719536,556.7680112719536,556.7680112719536,556.7680112719536,556.7680112719536,556.7680112719536,560.0700113773346
2023-05-28 01:00:00,baja,6.41853,-75.44017,baja,Flujo,Girardota,San Andrés,,66.0,1,115.31600159406662,119.38000172376633,152.6540025472641,155.19400262832642,189.4840026497841,213.10600316524506,216.15400326251984,229.36200368404388,233.17200380563736,233.17200380563736,241.554004073143,286.76600497961044,287.0200049877167,287.52800500392914,287.52800500392914,287.52800500392914,287.52800500392914,287.52800500392914,287.52800500392914,287.52800500392914,287.52800500392914,287.52800500392914,287.52800500392914,287.52800500392914,287.52800500392914,287.52800500392914,287.52800500392914,292.6080051660538,296.6720052957535,311.9120057821274,317.7540059685707,322.5800061225891,339.59800642728806,340.8680064678192,344.42400658130646,352.5520068407059,356.8700069785118,385.31800693273544,385.5720069408417,386.5880069732666,391.414007127285,392.9380071759224,392.9380071759224,394.20800721645355,394.20800721645355,394.20800721645355,394.4620072245598,394.4620072245598,394.4620072245598,394.4620072245598,401.3200075030327,401.3200075030327,401.3200075030327,401.3200075030327,402.59000754356384,409.70200753211975,410.9720075726509,411.22600758075714,416.30600768327713,417.5760077238083,420.37000781297684,420.37000781297684,420.37000781297684,428.49800795316696,428.7520079612732,428.7520079612732,428.7520079612732,428.7520079612732,428.7520079612732,428.7520079612732,429.5140079855919,445.5160080194473,447.29400807619095,452.6280082464218,454.1520082950592,471.1700088381767,497.8400094509125,522.2240101695061,522.2240101695061,522.2240101695061,533.146010518074,537.9720106720924,543.3060108423233,552.7040111422539,554.2280111908913,556.0060112476349,556.2600112557411,556.7680112719536,556.7680112719536,556.7680112719536,556.7680112719536,556.7680112719536,556.7680112719536,556.7680112719536,556.7680112719536,556.7680112719536,560.0700113773346
2023-05-28 01:00:00,baja,6.41823,-75.43963,baja,Flujo,Girardota,San Andrés,,66.0,1,115.31600159406662,119.38000172376633,152.6540025472641,155.19400262832642,189.4840026497841,213.10600316524506,216.15400326251984,229.36200368404388,233.17200380563736,233.17200380563736,241.554004073143,286.76600497961044,287.0200049877167,287.52800500392914,287.52800500392914,287.52800500392914,287.52800500392914,287.52800500392914,287.52800500392914,287.52800500392914,287.52800500392914,287.52800500392914,287.52800500392914,287.52800500392914,287.52800500392914,287.52800500392914,287.52800500392914,292.6080051660538,296.6720052957535,311.9120057821274,317.7540059685707,322.5800061225891,339.59800642728806,340.8680064678192,344.42400658130646,352.5520068407059,356.8700069785118,385.31800693273544,385.5720069408417,386.5880069732666,391.414007127285,392.9380071759224,392.9380071759224,394.20800721645355,394.20800721645355,394.20800721645355,394.4620072245598,394.4620072245598,394.4620072245598,394.4620072245598,401.3200075030327,401.3200075030327,401.3200075030327,401.3200075030327,402.59000754356384,409.70200753211975,410.9720075726509,411.22600758075714,416.30600768327713,417.5760077238083,420.37000781297684,420.37000781297684,420.37000781297684,428.49800795316696,428.7520079612732,428.7520079612732,428.7520079612732,428.7520079612732,428.7520079612732,428.7520079612732,429.5140079855919,445.5160080194473,447.29400807619095,452.6280082464218,454.1520082950592,471.1700088381767,497.8400094509125,522.2240101695061,522.2240101695061,522.2240101695061,533.146010518074,537.9720106720924,543.3060108423233,552.7040111422539,554.2280111908913,556.0060112476349,556.2600112557411,556.7680112719536,556.7680112719536,556.7680112719536,556.7680112719536,556.7680112719536,556.7680112719536,556.7680112719536,556.7680112719536,556.7680112719536,560.0700113773346
2023-05-28 01:00:00,baja,6.41299,-75.43764,baja,Flujo,Girardota,San Andrés,,66.0,1,115.31600159406662,119.38000172376633,152.6540025472641,155.19400262832642,189.4840026497841,213.10600316524506,216.15400326251984,229.36200368404388,233.17200380563736,233.17200380563736,241.554004073143,286.76600497961044,287.0200049877167,287.52800500392914,287.52800500392914,287.52800500392914,287.52800500392914,287.52800500392914,287.52800500392914,287.52800500392914,287.52800500392914,287.52800500392914,287.52800500392914,287.52800500392914,287.52800500392914,287.52800500392914,287.52800500392914,292.6080051660538,296.6720052957535,311.9120057821274,317.7540059685707,322.5800061225891,339.59800642728806,340.8680064678192,344.42400658130646,352.5520068407059,356.8700069785118,385.31800693273544,385.5720069408417,386.5880069732666,391.414007127285,392.9380071759224,392.9380071759224,394.20800721645355,394.20800721645355,394.20800721645355,394.4620072245598,394.4620072245598,394.4620072245598,394.4620072245598,401.3200075030327,401.3200075030327,401.3200075030327,401.3200075030327,402.59000754356384,409.70200753211975,410.9720075726509,411.22600758075714,416.30600768327713,417.5760077238083,420.37000781297684,420.37000781297684,420.37000781297684,428.49800795316696,428.7520079612732,428.7520079612732,428.7520079612732,428.7520079612732,428.7520079612732,428.7520079612732,429.5140079855919,445.5160080194473,447.29400807619095,452.6280082464218,454.1520082950592,471.1700088381767,497.8400094509125,522.2240101695061,522.2240101695061,522.2240101695061,533.146010518074,537.9720106720924,543.3060108423233,552.7040111422539,554.2280111908913,556.0060112476349,556.2600112557411,556.7680112719536,556.7680112719536,556.7680112719536,556.7680112719536,556.7680112719536,556.7680112719536,556.7680112719536,556.7680112719536,556.7680112719536,560.0700113773346
2023-05-28 01:00:00,baja,6.41153,-75.4357,baja,Flujo,Girardota,San Andrés,,66.0,1,115.31600159406662,119.38000172376633,152.6540025472641,155.19400262832642,189.4840026497841,213.10600316524506,216.15400326251984,229.36200368404388,233.17200380563736,233.17200380563736,241.554004073143,286.76600497961044,287.0200049877167,287.52800500392914,287.52800500392914,287.52800500392914,287.52800500392914,287.52800500392914,287.52800500392914,287.52800500392914,287.52800500392914,287.52800500392914,287.52800500392914,287.52800500392914,287.52800500392914,287.52800500392914,287.52800500392914,292.6080051660538,296.6720052957535,311.9120057821274,317.7540059685707,322.5800061225891,339.59800642728806,340.8680064678192,344.42400658130646,352.5520068407059,356.8700069785118,385.31800693273544,385.5720069408417,386.5880069732666,391.414007127285,392.9380071759224,392.9380071759224,394.20800721645355,394.20800721645355,394.20800721645355,394.4620072245598,394.4620072245598,394.4620072245598,394.4620072245598,401.3200075030327,401.3200075030327,401.3200075030327,401.3200075030327,402.59000754356384,409.70200753211975,410.9720075726509,411.22600758075714,416.30600768327713,417.5760077238083,420.37000781297684,420.37000781297684,420.37000781297684,428.49800795316696,428.7520079612732,428.7520079612732,428.7520079612732,428.7520079612732,428.7520079612732,428.7520079612732,429.5140079855919,445.5160080194473,447.29400807619095,452.6280082464218,454.1520082950592,471.1700088381767,497.8400094509125,522.2240101695061,522.2240101695061,522.2240101695061,533.146010518074,537.9720106720924,543.3060108423233,552.7040111422539,554.2280111908913,556.0060112476349,556.2600112557411,556.7680112719536,556.7680112719536,556.7680112719536,556.7680112719536,556.7680112719536,556.7680112719536,556.7680112719536,556.7680112719536,556.7680112719536,560.0700113773346
2023-05-28 01:00:00,baja,6.41153,-75.43519,baja,Flujo,Girardota,San Andrés,,66.0,1,115.31600159406662,119.38000172376633,152.6540025472641,155.19400262832642,189.4840026497841,213.10600316524506,216.15400326251984,229.36200368404388,233.17200380563736,233.17200380563736,241.554004073143,286.76600497961044,287.0200049877167,287.52800500392914,287.52800500392914,287.52800500392914,287.52800500392914,287.52800500392914,287.52800500392914,287.52800500392914,287.52800500392914,287.52800500392914,287.52800500392914,287.52800500392914,287.52800500392914,287.52800500392914,287.52800500392914,292.6080051660538,296.6720052957535,311.9120057821274,317.7540059685707,322.5800061225891,339.59800642728806,340.8680064678192,344.42400658130646,352.5520068407059,356.8700069785118,385.31800693273544,385.5720069408417,386.5880069732666,391.414007127285,392.9380071759224,392.9380071759224,394.20800721645355,394.20800721645355,394.20800721645355,394.4620072245598,394.4620072245598,394.4620072245598,394.4620072245598,401.3200075030327,401.3200075030327,401.3200075030327,401.3200075030327,402.59000754356384,409.70200753211975,410.9720075726509,411.22600758075714,416.30600768327713,417.5760077238083,420.37000781297684,420.37000781297684,420.37000781297684,428.49800795316696,428.7520079612732,428.7520079612732,428.7520079612732,428.7520079612732,428.7520079612732,428.7520079612732,429.5140079855919,445.5160080194473,447.29400807619095,452.6280082464218,454.1520082950592,471.1700088381767,497.8400094509125,522.2240101695061,522.2240101695061,522.2240101695061,533.146010518074,537.9720106720924,543.3060108423233,552.7040111422539,554.2280111908913,556.0060112476349,556.2600112557411,556.7680112719536,556.7680112719536,556.7680112719536,556.7680112719536,556.7680112719536,556.7680112719536,556.7680112719536,556.7680112719536,556.7680112719536,560.0700113773346
2023-05-28 01:00:00,baja,6.42061,75.46065,baja,Flujo,Girardota,San Andrés,,,1,,,,,,,,,,,,,,,,,,,,,,,,,,,,,,,,,,,,,,,,,,,,,,,,,,,,,,,,,,,,,,,,,,,,,,,,,,,,,,,,,,,,,,,,,,,,,,,,,
2023-05-28 01:00:00,baja,6.41762,-75.45542,baja,Flujo,Girardota,San Andrés,,66.0,1,115.31600159406662,119.38000172376633,152.6540025472641,155.19400262832642,189.4840026497841,213.10600316524506,216.15400326251984,229.36200368404388,233.17200380563736,233.17200380563736,241.554004073143,286.76600497961044,287.0200049877167,287.52800500392914,287.52800500392914,287.52800500392914,287.52800500392914,287.52800500392914,287.52800500392914,287.52800500392914,287.52800500392914,287.52800500392914,287.52800500392914,287.52800500392914,287.52800500392914,287.52800500392914,287.52800500392914,292.6080051660538,296.6720052957535,311.9120057821274,317.7540059685707,322.5800061225891,339.59800642728806,340.8680064678192,344.42400658130646,352.5520068407059,356.8700069785118,385.31800693273544,385.5720069408417,386.5880069732666,391.414007127285,392.9380071759224,392.9380071759224,394.20800721645355,394.20800721645355,394.20800721645355,394.4620072245598,394.4620072245598,394.4620072245598,394.4620072245598,401.3200075030327,401.3200075030327,401.3200075030327,401.3200075030327,402.59000754356384,409.70200753211975,410.9720075726509,411.22600758075714,416.30600768327713,417.5760077238083,420.37000781297684,420.37000781297684,420.37000781297684,428.49800795316696,428.7520079612732,428.7520079612732,428.7520079612732,428.7520079612732,428.7520079612732,428.7520079612732,429.5140079855919,445.5160080194473,447.29400807619095,452.6280082464218,454.1520082950592,471.1700088381767,497.8400094509125,522.2240101695061,522.2240101695061,522.2240101695061,533.146010518074,537.9720106720924,543.3060108423233,552.7040111422539,554.2280111908913,556.0060112476349,556.2600112557411,556.7680112719536,556.7680112719536,556.7680112719536,556.7680112719536,556.7680112719536,556.7680112719536,556.7680112719536,556.7680112719536,556.7680112719536,560.0700113773346
2023-05-28 01:00:00,baja,6.42134,-75.45872,baja,Flujo,Girardota,San Andrés,,66.0,1,115.31600159406662,119.38000172376633,152.6540025472641,155.19400262832642,189.4840026497841,213.10600316524506,216.15400326251984,229.36200368404388,233.17200380563736,233.17200380563736,241.554004073143,286.76600497961044,287.0200049877167,287.52800500392914,287.52800500392914,287.52800500392914,287.52800500392914,287.52800500392914,287.52800500392914,287.52800500392914,287.52800500392914,287.52800500392914,287.52800500392914,287.52800500392914,287.52800500392914,287.52800500392914,287.52800500392914,292.6080051660538,296.6720052957535,311.9120057821274,317.7540059685707,322.5800061225891,339.59800642728806,340.8680064678192,344.42400658130646,352.5520068407059,356.8700069785118,385.31800693273544,385.5720069408417,386.5880069732666,391.414007127285,392.9380071759224,392.9380071759224,394.20800721645355,394.20800721645355,394.20800721645355,394.4620072245598,394.4620072245598,394.4620072245598,394.4620072245598,401.3200075030327,401.3200075030327,401.3200075030327,401.3200075030327,402.59000754356384,409.70200753211975,410.9720075726509,411.22600758075714,416.30600768327713,417.5760077238083,420.37000781297684,420.37000781297684,420.37000781297684,428.49800795316696,428.7520079612732,428.7520079612732,428.7520079612732,428.7520079612732,428.7520079612732,428.7520079612732,429.5140079855919,445.5160080194473,447.29400807619095,452.6280082464218,454.1520082950592,471.1700088381767,497.8400094509125,522.2240101695061,522.2240101695061,522.2240101695061,533.146010518074,537.9720106720924,543.3060108423233,552.7040111422539,554.2280111908913,556.0060112476349,556.2600112557411,556.7680112719536,556.7680112719536,556.7680112719536,556.7680112719536,556.7680112719536,556.7680112719536,556.7680112719536,556.7680112719536,556.7680112719536,560.0700113773346
2023-05-28 01:00:00,baja,6.42067,-75.46059,baja,Flujo,Girardota,San Andrés,,66.0,1,115.31600159406662,119.38000172376633,152.6540025472641,155.19400262832642,189.4840026497841,213.10600316524506,216.15400326251984,229.36200368404388,233.17200380563736,233.17200380563736,241.554004073143,286.76600497961044,287.0200049877167,287.52800500392914,287.52800500392914,287.52800500392914,287.52800500392914,287.52800500392914,287.52800500392914,287.52800500392914,287.52800500392914,287.52800500392914,287.52800500392914,287.52800500392914,287.52800500392914,287.52800500392914,287.52800500392914,292.6080051660538,296.6720052957535,311.9120057821274,317.7540059685707,322.5800061225891,339.59800642728806,340.8680064678192,344.42400658130646,352.5520068407059,356.8700069785118,385.31800693273544,385.5720069408417,386.5880069732666,391.414007127285,392.9380071759224,392.9380071759224,394.20800721645355,394.20800721645355,394.20800721645355,394.4620072245598,394.4620072245598,394.4620072245598,394.4620072245598,401.3200075030327,401.3200075030327,401.3200075030327,401.3200075030327,402.59000754356384,409.70200753211975,410.9720075726509,411.22600758075714,416.30600768327713,417.5760077238083,420.37000781297684,420.37000781297684,420.37000781297684,428.49800795316696,428.7520079612732,428.7520079612732,428.7520079612732,428.7520079612732,428.7520079612732,428.7520079612732,429.5140079855919,445.5160080194473,447.29400807619095,452.6280082464218,454.1520082950592,471.1700088381767,497.8400094509125,522.2240101695061,522.2240101695061,522.2240101695061,533.146010518074,537.9720106720924,543.3060108423233,552.7040111422539,554.2280111908913,556.0060112476349,556.2600112557411,556.7680112719536,556.7680112719536,556.7680112719536,556.7680112719536,556.7680112719536,556.7680112719536,556.7680112719536,556.7680112719536,556.7680112719536,560.0700113773346
2023-05-28 01:00:00,baja,6.41689,-75.46948,baja,Flujo,Girardota,San Andrés,,127.0,1,90.67800033092499,92.96400040388107,128.27000093460083,134.8740010857582,171.70400208234787,210.31200301647186,215.39200311899185,228.3460032939911,235.71200340986252,235.71200340986252,247.39600378274918,275.0820046067238,275.0820046067238,276.35200464725494,276.6060046553612,276.6060046553612,277.36800467967987,277.36800467967987,277.36800467967987,277.36800467967987,277.36800467967987,277.36800467967987,277.36800467967987,277.36800467967987,277.36800467967987,277.36800467967987,277.87600469589233,284.7340049147606,287.78200501203537,305.05400562286377,310.38800579309464,311.912005841732,331.9780063033104,348.9960068464279,350.5200068950653,360.93400716781616,362.7120072245598,372.11000752449036,372.11000752449036,372.87200754880905,378.2060077190399,385.3180079460144,386.0800079703331,386.58800798654556,386.8420079946518,388.3660080432892,389.3820080757141,389.3820080757141,389.3820080757141,389.3820080757141,390.65200811624527,391.16000813245773,391.16000813245773,391.16000813245773,392.4300081729889,403.86000829935074,405.63800835609436,406.1460083723068,415.5440086722374,419.10000878572464,427.48200899362564,435.1020091176033,438.4040092229843,446.7860094308853,449.0720095038414,449.0720095038414,449.0720095038414,449.0720095038414,449.0720095038414,449.0720095038414,451.86600959300995,455.4220097064972,515.8740113377571,524.7640116214752,525.7800116539001,543.05201202631,574.5480125546455,596.1380131840706,597.9160132408142,598.4240132570267,609.6000136137009,615.188013792038,619.5060139298439,628.1420139670372,629.6660140156746,630.174014031887,630.174014031887,630.4280140399933,630.4280140399933,630.4280140399933,630.4280140399933,630.4280140399933,630.4280140399933,630.4280140399933,630.6820140480995,631.190014064312,632.4600141048431
2023-05-28 01:00:00,baja,6.41638,-75.47123,baja,Flujo,Girardota,San Andrés,,127.0,1,90.67800033092499,92.96400040388107,128.27000093460083,134.8740010857582,171.70400208234787,210.31200301647186,215.39200311899185,228.3460032939911,235.71200340986252,235.71200340986252,247.39600378274918,275.0820046067238,275.0820046067238,276.35200464725494,276.6060046553612,276.6060046553612,277.36800467967987,277.36800467967987,277.36800467967987,277.36800467967987,277.36800467967987,277.36800467967987,277.36800467967987,277.36800467967987,277.36800467967987,277.36800467967987,277.87600469589233,284.7340049147606,287.78200501203537,305.05400562286377,310.38800579309464,311.912005841732,331.9780063033104,348.9960068464279,350.5200068950653,360.93400716781616,362.7120072245598,372.11000752449036,372.11000752449036,372.87200754880905,378.2060077190399,385.3180079460144,386.0800079703331,386.58800798654556,386.8420079946518,388.3660080432892,389.3820080757141,389.3820080757141,389.3820080757141,389.3820080757141,390.65200811624527,391.16000813245773,391.16000813245773,391.16000813245773,392.4300081729889,403.86000829935074,405.63800835609436,406.1460083723068,415.5440086722374,419.10000878572464,427.48200899362564,435.1020091176033,438.4040092229843,446.7860094308853,449.0720095038414,449.0720095038414,449.0720095038414,449.0720095038414,449.0720095038414,449.0720095038414,451.86600959300995,455.4220097064972,515.8740113377571,524.7640116214752,525.7800116539001,543.05201202631,574.5480125546455,596.1380131840706,597.9160132408142,598.4240132570267,609.6000136137009,615.188013792038,619.5060139298439,628.1420139670372,629.6660140156746,630.174014031887,630.174014031887,630.4280140399933,630.4280140399933,630.4280140399933,630.4280140399933,630.4280140399933,630.4280140399933,630.4280140399933,630.6820140480995,631.190014064312,632.4600141048431
2022-09-16 15:00:00,baja,6.252408124,-75.630567262,baja,Deslizamiento,Medellín,Altavista,,17.0,1,65.53200179338455,68.3260018825531,76.70800203084946,77.21600204706192,77.21600204706192,77.21600204706192,78.23200207948685,82.80400222539902,87.88400238752365,88.13800239562988,93.72600257396698,93.98000258207321,114.30000275373459,116.8400028347969,119.38000291585922,142.24000334739685,149.35200357437134,149.60600358247757,160.78200393915176,176.78400421142578,176.78400421142578,178.30800426006317,178.30800426006317,178.30800426006317,178.5620042681694,182.11800438165665,202.69200491905212,203.70800495147705,207.51800525188446,207.51800525188446,207.51800525188446,214.63000547885895,217.17000555992126,218.44000560045242,228.85400581359863,228.85400581359863,228.85400581359863,228.85400581359863,230.37800580263138,230.37800580263138,233.68000584840775,293.87800616025925,304.8000065088272,305.3080065250397,308.1020066142082,328.67600709199905,335.5340073108673,335.5340073108673,335.5340073108673,345.6940076351166,375.6660085916519,377.44400864839554,395.7320090532303,404.8760093450546,405.6380093693733,418.3380097746849,424.18000996112823,424.18000996112823,424.18000996112823,424.43400996923447,425.95801001787186,428.7520101070404,429.5140101313591,434.3400101661682,436.6260102391243,445.2620105147362,449.83401066064835,457.7080109119415,460.24801099300385,460.24801099300385,460.24801099300385,460.24801099300385,460.5020110011101,460.5020110011101,462.02601104974747,462.02601104974747,466.85201120376587,479.0440114736557,481.07601153850555,500.12601214647293,522.9860128760338,532.1300129294395,553.9740135073662,564.1340137124062,564.1340137124062,566.4200137853622,577.5960144400597,581.6600145697594,592.3280148506165,598.9320150613785,598.9320150613785,611.3780151605606,612.3940151929855,621.2840153574944,658.8760159611702,660.4000160098076,678.9420166611671
2023-11-15 06:00:00,baja,6.09026,-75.655115,baja,Flujo,Caldas,La Valeria,,515.0,1,78.99400013685226,86.36000019311905,86.61400020122528,87.37600022554398,87.37600022554398,87.37600022554398,90.42400020360947,90.42400020360947,98.80600029230118,106.68000042438507,123.19000071287155,138.43000096082687,160.27400130033493,178.05400145053864,198.37400192022324,208.78800225257874,218.4400025010109,222.25000256299973,222.50400257110596,239.01400291919708,242.82400304079056,243.58600306510925,250.19000327587128,250.95200330018997,251.71400332450867,264.6680036187172,264.9220036268234,279.4000034928322,280.1620035171509,286.25800371170044,286.51200371980667,303.53000420331955,306.5780042409897,309.3720041513443,309.62600415945053,330.9620041847229,336.29600435495377,336.55000436306,384.8100053668022,384.8100053668022,407.9240058660507,429.2600064277649,455.42200696468353,466.0900070667267,466.8520070910454,480.31400752067566,480.5680075287819,491.74400770664215,491.74400770664215,493.5220077633858,495.5540078282356,495.5540078282356,496.3160078525543,501.14200788736343,501.14200788736343,501.14200788736343,501.14200788736343,503.1740079522133,503.1740079522133,510.540008187294,516.8900083303452,517.9060083627701,518.1600083708763,519.6840084195137,520.4460084438324,534.4160087704659,543.0520092248917,543.0520092248917,543.0520092248917,543.0520092248917,543.0520092248917,543.8140092492104,562.8640096783638,563.11800968647,563.11800968647,563.11800968647,563.11800968647,563.11800968647,569.722009897232,572.0080099701881,572.0080099701881,572.0080099701881,573.2780100107193,578.6120100617409,594.8680102825165,620.2680109143257,666.7500106692314,674.8780107498169,682.7520107626915,688.3400109410286,720.3440122008324,727.2020122408867,730.5040123462677,730.5040123462677,730.5040123462677,731.2660123705864,735.5840125083923
2023-11-15 06:00:00,baja,6.091019,-75.655996,baja,Flujo,Caldas,La Valeria,,515.0,1,78.99400013685226,86.36000019311905,86.61400020122528,87.37600022554398,87.37600022554398,87.37600022554398,90.42400020360947,90.42400020360947,98.80600029230118,106.68000042438507,123.19000071287155,138.43000096082687,160.27400130033493,178.05400145053864,198.37400192022324,208.78800225257874,218.4400025010109,222.25000256299973,222.50400257110596,239.01400291919708,242.82400304079056,243.58600306510925,250.19000327587128,250.95200330018997,251.71400332450867,264.6680036187172,264.9220036268234,279.4000034928322,280.1620035171509,286.25800371170044,286.51200371980667,303.53000420331955,306.5780042409897,309.3720041513443,309.62600415945053,330.9620041847229,336.29600435495377,336.55000436306,384.8100053668022,384.8100053668022,407.9240058660507,429.2600064277649,455.42200696468353,466.0900070667267,466.8520070910454,480.31400752067566,480.5680075287819,491.74400770664215,491.74400770664215,493.5220077633858,495.5540078282356,495.5540078282356,496.3160078525543,501.14200788736343,501.14200788736343,501.14200788736343,501.14200788736343,503.1740079522133,503.1740079522133,510.540008187294,516.8900083303452,517.9060083627701,518.1600083708763,519.6840084195137,520.4460084438324,534.4160087704659,543.0520092248917,543.0520092248917,543.0520092248917,543.0520092248917,543.0520092248917,543.8140092492104,562.8640096783638,563.11800968647,563.11800968647,563.11800968647,563.11800968647,563.11800968647,569.722009897232,572.0080099701881,572.0080099701881,572.0080099701881,573.2780100107193,578.6120100617409,594.8680102825165,620.2680109143257,666.7500106692314,674.8780107498169,682.7520107626915,688.3400109410286,720.3440122008324,727.2020122408867,730.5040123462677,730.5040123462677,730.5040123462677,731.2660123705864,735.5840125083923
2023-11-15 06:00:00,baja,6.093406,-75.657458,baja,Flujo,Caldas,La Valeria,,515.0,1,78.99400013685226,86.36000019311905,86.61400020122528,87.37600022554398,87.37600022554398,87.37600022554398,90.42400020360947,90.42400020360947,98.80600029230118,106.68000042438507,123.19000071287155,138.43000096082687,160.27400130033493,178.05400145053864,198.37400192022324,208.78800225257874,218.4400025010109,222.25000256299973,222.50400257110596,239.01400291919708,242.82400304079056,243.58600306510925,250.19000327587128,250.95200330018997,251.71400332450867,264.6680036187172,264.9220036268234,279.4000034928322,280.1620035171509,286.25800371170044,286.51200371980667,303.53000420331955,306.5780042409897,309.3720041513443,309.62600415945053,330.9620041847229,336.29600435495377,336.55000436306,384.8100053668022,384.8100053668022,407.9240058660507,429.2600064277649,455.42200696468353,466.0900070667267,466.8520070910454,480.31400752067566,480.5680075287819,491.74400770664215,491.74400770664215,493.5220077633858,495.5540078282356,495.5540078282356,496.3160078525543,501.14200788736343,501.14200788736343,501.14200788736343,501.14200788736343,503.1740079522133,503.1740079522133,510.540008187294,516.8900083303452,517.9060083627701,518.1600083708763,519.6840084195137,520.4460084438324,534.4160087704659,543.0520092248917,543.0520092248917,543.0520092248917,543.0520092248917,543.0520092248917,543.8140092492104,562.8640096783638,563.11800968647,563.11800968647,563.11800968647,563.11800968647,563.11800968647,569.722009897232,572.0080099701881,572.0080099701881,572.0080099701881,573.2780100107193,578.6120100617409,594.8680102825165,620.2680109143257,666.7500106692314,674.8780107498169,682.7520107626915,688.3400109410286,720.3440122008324,727.2020122408867,730.5040123462677,730.5040123462677,730.5040123462677,731.2660123705864,735.5840125083923
2023-11-15 05:00:00,baja,6.090761,-75.625723,baja,Flujo,Caldas,Andalucia,,432.0,1,110.23600113391876,110.23600113391876,110.490001142025,112.01400119066238,112.01400119066238,112.01400119066238,115.3160012960434,115.3160012960434,130.04800188541412,145.5420023202896,163.8300029039383,173.4820030927658,186.69000333547592,205.9940036535263,220.98000425100327,240.0300049185753,250.19000524282455,252.98400527238846,253.49200528860092,267.7160053253174,274.0660055279732,274.57400554418564,279.9080057144165,282.1940057873726,284.98800587654114,326.6440059542656,326.6440059542656,341.6300060749054,349.25000619888306,352.806006193161,353.06000620126724,369.82400608062744,374.1420062184334,378.71400624513626,379.7300062775612,383.54000639915466,387.0960065126419,387.35000652074814,442.9760077595711,442.9760077595711,460.7560076713562,482.6000081896782,502.1580085158348,529.0820090770721,531.6220091581345,542.0360094308853,542.798009455204,564.134010374546,564.134010374546,564.8960103988647,566.4200104475021,568.452010512352,574.8020106554031,586.994010925293,586.994010925293,586.994010925293,586.994010925293,592.0740110874176,594.3600111603737,600.4560113549232,600.9640113711357,601.4720113873482,602.2340114116669,604.520011484623,605.5360115170479,618.7440118789673,626.8720119595528,626.8720119595528,626.8720119595528,626.8720119595528,626.8720119595528,627.126011967659,648.7160121202469,648.7160121202469,648.7160121202469,648.7160121202469,648.7160121202469,648.7160121202469,655.0660123229027,658.3680124282837,658.3680124282837,658.3680124282837,659.8920124769211,663.4480125904083,676.1480131745338,706.1200140118599,734.0600147843361,740.4100149869919,746.7600150704384,752.6020152568817,779.2720160484314,788.4160162210464,789.1780162453651,789.1780162453651,789.1780162453651,791.9720163345337,794.7660164237022
2024-05-09 14:00:00,baja,6.144733,-75.638184,baja,Flujo,La Estrella,Himalaya,,266.0,1,39.87800085544586,94.23400229215622,94.23400229215622,103.37800252437592,103.37800252437592,181.35600435733795,181.35600435733795,226.3140051960945,229.61600530147552,229.61600530147552,229.61600530147552,243.84000551700592,244.85600554943085,263.39800602197647,282.9560064673424,294.13200664520264,302.7680069208145,338.07400780916214,349.250008225441,353.5680083632469,356.36200845241547,357.12400847673416,373.12600952386856,373.12600952386856,379.22200959920883,379.22200959920883,379.22200959920883,379.22200959920883,379.22200959920883,379.22200959920883,379.22200959920883,379.22200959920883,379.22200959920883,381.5080096721649,401.06600987911224,413.258010327816,427.2280105948448,428.7520106434822,429.5140106678009,429.5140106678009,429.5140106678009,429.5140106678009,433.07001078128815,437.13401091098785,447.80201083421707,452.8820109963417,452.8820109963417,452.8820109963417,452.8820109963417,452.8820109963417,457.9620110988617,459.99401116371155,461.2640112042427,461.2640112042427,461.2640112042427,461.2640112042427,463.804011285305,463.804011285305,463.804011285305,468.6300113797188,468.6300113797188,470.91601145267487,470.91601145267487,470.91601145267487,470.91601145267487,470.91601145267487,488.95001155138016,488.95001155138016,488.95001155138016,488.95001155138016,488.95001155138016,488.95001155138016,522.4780122041702,522.4780122041702,522.4780122041702,522.4780122041702,527.3040123581886,528.0660123825073,528.0660123825073,528.0660123825073,528.0660123825073,528.0660123825073,528.0660123825073,528.0660123825073,528.0660123825073,528.0660123825073,528.0660123825073,528.0660123825073,528.0660123825073,528.0660123825073,528.0660123825073,529.844012439251,529.844012439251,529.844012439251,530.8600124716759,536.1940125823021,567.6900131702423
2024-05-09 12:00:00,baja,6.135043,-75.646801,baja,Flujo,La Estrella,Pueblo Viejo,,62.0,1,48.26000112295151,92.45600217580795,92.45600217580795,98.04400223493576,98.04400223493576,182.88000398874283,182.88000398874283,215.64600485563278,221.23400503396988,221.4880050420761,221.74200505018234,238.50600558519363,238.50600558519363,257.81000608205795,281.68600738048553,289.05200761556625,297.94200789928436,327.66000854969025,342.9000087380409,347.98000890016556,355.0920090675354,355.60000908374786,369.3160092830658,369.3160092830658,371.6020093560219,371.6020093560219,371.6020093560219,371.6020093560219,371.6020093560219,371.6020093560219,371.6020093560219,371.6020093560219,371.6020093560219,374.39600944519043,394.4620096683502,400.812009871006,410.4640100002289,413.7660101056099,415.03601014614105,415.03601014614105,415.03601014614105,415.03601014614105,421.13201028108597,428.49801045656204,440.69001066684723,451.6120108962059,451.6120108962059,451.6120108962059,451.6120108962059,451.6120108962059,456.69201081991196,458.4700108766556,460.50201094150543,460.50201094150543,460.50201094150543,460.50201094150543,464.0580111145973,464.0580111145973,464.31201112270355,469.13801127672195,469.13801127672195,470.66201132535934,470.66201132535934,470.66201132535934,470.66201132535934,470.66201132535934,482.0920117497444,482.0920117497444,482.0920117497444,482.0920117497444,482.0920117497444,482.0920117497444,519.1760122776031,519.1760122776031,519.1760122776031,519.1760122776031,527.8120131492615,536.9560133218765,536.9560133218765,536.9560133218765,536.9560133218765,536.9560133218765,536.9560133218765,536.9560133218765,536.9560133218765,536.9560133218765,536.9560133218765,536.9560133218765,536.9560133218765,536.9560133218765,536.9560133218765,536.9560133218765,536.9560133218765,536.9560133218765,538.4800133705139,542.5440135002136,571.754014313221
2024-05-09 16:00:00,baja,6.04335,-75.66261,baja,Deslizamiento,Caldas,Peaje,,383.0,1,94.99600207805634,136.39800262451172,136.65200263261795,178.562002658844,178.562002658844,228.8540040254593,236.22000408172607,264.1600041985512,264.66800421476364,272.0340043902397,275.0820044875145,280.6700045466423,282.70200461149216,300.4820050597191,323.0880053639412,328.93000560998917,340.6140059828758,352.2980063557625,355.8540064692497,361.69600665569305,371.60200691223145,372.6180069446564,374.3960070014,382.2700073122978,387.3500074148178,387.3500074148178,387.3500074148178,387.3500074148178,387.3500074148178,387.3500074148178,387.60400742292404,387.8580074310303,387.8580074310303,390.14400750398636,411.98800778388977,425.1960079073906,431.29200810194016,443.2300084233284,443.73800843954086,455.9300090074539,455.9300090074539,455.9300090074539,455.9300090074539,455.9300090074539,489.4580095410347,499.61800956726074,499.61800956726074,499.61800956726074,499.61800956726074,502.4120096564293,502.4120096564293,503.68200969696045,503.68200969696045,513.3340099453926,513.3340099453926,513.3340099453926,513.3340099453926,513.3340099453926,513.3340099453926,517.1440099477768,517.1440099477768,518.414009988308,518.414009988308,518.414009988308,518.414009988308,518.414009988308,522.4780101180077,522.4780101180077,522.4780101180077,522.4780101180077,522.4780101180077,522.4780101180077,533.9080102443695,533.9080102443695,533.9080102443695,533.9080102443695,537.4640103578568,553.9740106463432,553.9740106463432,553.9740106463432,553.9740106463432,564.6420109272003,564.8960109353065,565.1500109434128,565.1500109434128,565.6580109596252,565.6580109596252,565.6580109596252,565.6580109596252,565.6580109596252,565.6580109596252,565.6580109596252,565.6580109596252,565.6580109596252,566.6740109920502,567.4360110163689,649.732012629509
2024-05-02 06:00:00,baja,6.36321,-75.59663,baja,Deslizamiento,Bello,Represa La García,,51.0,1,180.34000301361084,185.16600316762924,185.16600316762924,186.69000321626663,213.86800414323807,219.45600426197052,227.3300045132637,227.3300045132637,233.1720046401024,241.80800491571426,281.9400053024292,297.43400579690933,297.9420058131218,319.5320058465004,319.5320058465004,319.5320058465004,320.5480058789253,320.5480058789253,320.5480058789253,320.5480058789253,320.5480058789253,320.5480058789253,320.5480058789253,320.5480058789253,320.5480058789253,320.5480058789253,320.80200588703156,350.012006521225,360.9340063929558,399.28800654411316,411.7340067625046,416.0520068407059,416.0520068407059,416.0520068407059,416.0520068407059,416.0520068407059,416.0520068407059,416.0520068407059,416.0520068407059,416.0520068407059,416.0520068407059,416.0520068407059,416.3060068488121,416.3060068488121,425.7040071487427,425.7040071487427,426.21200716495514,426.21200716495514,426.21200716495514,426.21200716495514,426.21200716495514,428.244007229805,429.51400727033615,429.51400727033615,430.27600729465485,430.27600729465485,430.27600729465485,430.27600729465485,430.27600729465485,458.4700083732605,459.2320083975792,459.2320083975792,459.2320083975792,459.2320083975792,459.2320083975792,459.9940084218979,459.9940084218979,459.9940084218979,459.9940084218979,459.9940084218979,460.7560084462166,460.7560084462166,460.7560084462166,460.7560084462166,460.7560084462166,460.7560084462166,460.7560084462166,461.0100084543228,461.0100084543228,461.0100084543228,461.26400846242905,462.280008494854,462.280008494854,464.8200085759163,464.8200085759163,466.85200864076614,466.85200864076614,466.85200864076614,466.85200864076614,476.7580087184906,481.07600885629654,481.07600885629654,481.07600885629654,481.07600885629654,481.07600885629654,481.07600885629654,481.07600885629654
2022-10-23 20:00:00,media,6.25864,-75.69591,alta,,Medellín,San Antonio de Prado,,3.0,1,47.49800044298172,51.054000556468964,64.26200115680695,93.21800178289413,109.22000229358673,125.73000282049179,142.49400305747986,161.29000395536423,162.05200397968292,162.56000399589539,173.2280040383339,186.94400435686111,186.94400435686111,186.94400435686111,200.91400504112244,211.32800537347794,236.47400641441345,261.11200672388077,264.668006837368,264.668006837368,264.668006837368,264.668006837368,267.970006942749,274.57400715351105,276.6060072183609,279.6540073156357,281.9400073289871,281.9400073289871,306.5780078172684,310.1340079307556,335.78800827264786,352.0440084338188,358.64800864458084,360.17200869321823,380.49200916290283,409.44800984859467,409.44800984859467,467.614010989666,468.3760110139847,470.916011095047,471.17001110315323,498.09401190280914,498.09401190280914,498.3480119109154,518.9220122098923,553.9740127921104,554.7360128164291,559.0540129542351,559.0540129542351,579.1200135946274,599.6940140128136,599.6940140128136,622.5540144443512,644.9060148596764,645.9220148921013,651.5100150704384,662.1780154109001,668.7820158004761,676.402016043663,676.402016043663,676.402016043663,676.402016043663,683.5140162706375,718.0580171346664,722.8840172290802,722.8840172290802,727.2020172476768,727.2020172476768,736.3460175395012,744.4740177989006,746.2520178556442,765.5560183525085,765.5560183525085,767.5880184173584,767.5880184173584,785.622018635273,785.622018635273,785.622018635273,805.9420192241669,829.3100197911263,831.3420198559761,831.8500198721886,846.0740203261375,855.4720205664635,855.4720205664635,855.4720205664635,867.1560209393501,888.4920216202736,890.7780216932297,891.2860217094421,900.9380220174789,900.9380220174789,901.7000220417976,903.224022090435,903.224022090435,903.224022090435,903.224022090435
2024-06-28 07:00:00,baja,6.27316,-75.615728,baja,Flujo,Medellín,San Cristóbal,Vallejuelos,456.0,1,52.324001371860504,56.64200150966644,118.61800265312195,121.66600275039673,129.03200286626816,155.70200353860855,155.70200353860855,160.27400368452072,183.13400357961655,183.642003595829,183.642003595829,183.89600360393524,205.23200410604477,223.012004673481,230.3780049085617,230.3780049085617,230.3780049085617,237.23600512742996,238.76000517606735,276.8600056171417,276.8600056171417,276.8600056171417,276.8600056171417,286.5120058655739,287.02000588178635,292.1000061035156,292.1000061035156,292.6080061197281,305.5620062947273,308.10200637578964,316.99200665950775,347.472007393837,347.472007393837,348.23400741815567,348.23400741815567,394.4620085954666,394.4620085954666,450.34200924634933,472.1860093474388,472.1860093474388,472.1860093474388,472.44000935554504,473.7100093960762,480.060009598732,499.1100099682808,499.1100099682808,499.364009976387,501.90401005744934,509.52401024103165,518.4140105247498,528.574010848999,545.0840112566948,545.8460112810135,545.8460112810135,553.2120115160942,590.8040124177933,596.3920125961304,607.5680128931999,607.5680128931999,607.5680128931999,608.3300129175186,636.2700134515762,637.7940135002136,645.4140136837959,645.4140136837959,648.2080137729645,660.4000141620636,680.9740149974823,680.9740149974823,681.4820150136948,713.7400164604187,713.7400164604187,713.7400164604187,713.7400164604187,713.7400164604187,713.7400164604187,713.7400164604187,713.7400164604187,713.7400164604187,713.7400164604187,713.7400164604187,713.7400164604187,713.7400164604187,715.0100165009499,739.9020166397095,756.1580172777176,759.7140173912048,766.5720175504684,766.5720175504684,766.5720175504684,766.5720175504684,766.5720175504684,767.5880175828934,767.5880175828934,767.8420175909996,767.8420175909996,767.8420175909996
2024-07-04 17:00:00,baja,6.295127,-75.531569,baja,Flujo,Bello,Granizal,,274.0,1,5.3340001702308655,12.192000389099121,41.4020009636879,108.20400273799896,109.72800272703171,124.46000254154205,143.00200313329697,164.08400350809097,198.6280044913292,202.94600462913513,204.97800463438034,231.3940051794052,231.64800518751144,234.69600528478622,242.31600552797318,249.68200552463531,260.60400581359863,260.60400581359863,280.1620064377785,297.180006980896,318.26200753450394,320.54800760746,320.54800760746,354.07600742578506,364.744007229805,452.62800842523575,452.62800842523575,452.62800842523575,452.62800842523575,454.40600848197937,460.2480086684227,465.8360088467598,465.8360088467598,465.8360088467598,495.3000095486641,495.80800956487656,513.842010140419,530.860010266304,531.1140102744102,531.1140102744102,532.1300103068352,576.0720112919807,576.0720112919807,578.6120113730431,592.5820117592812,592.5820117592812,592.5820117592812,592.5820117592812,608.5840122699738,644.3980118632317,680.2120125293732,685.8000127077103,685.8000127077103,690.6260128617287,691.6420128941536,698.7540131211281,737.3620143532753,768.0960153341293,768.0960153341293,769.1120153665543,769.1120153665543,812.5460158586502,823.7220161557198,866.1400167942047,866.6480168104172,866.9020168185234,869.6960168480873,886.7140167951584,895.6040170192719,908.0500173568726,908.0500173568726,920.2420175075531,930.9100178480148,972.3120185136795,976.6300186514854,989.3300188779831,1037.5900201797485,1037.5900201797485,1038.098020195961,1038.098020195961,1038.098020195961,1038.098020195961,1038.098020195961,1038.098020195961,1038.098020195961,1038.098020195961,1038.098020195961,1038.098020195961,1038.098020195961,1040.1300202608109,1048.5120205283165,1075.944021165371,1078.9920212626457,1083.8180214166641,1091.692021548748,1098.8040215969086,1098.8040215969086
2024-11-19 15:00:00,baja,6.273236,-75615528.0,baja,Flujo,Medellín,San Cristóbal,Vallejuelos,,1,,,,,,,,,,,,,,,,,,,,,,,,,,,,,,,,,,,,,,,,,,,,,,,,,,,,,,,,,,,,,,,,,,,,,,,,,,,,,,,,,,,,,,,,,,,,,,,,,
2024-11-19 15:00:00,baja,6.204329,-75.667531,baja,Flujo,Medellín,San Antonio de Prado,El Salado,18.0,1,35.306001126766205,35.306001126766205,35.306001126766205,36.32200115919113,38.10000121593475,41.148001313209534,44.70400142669678,45.21200144290924,65.78600150346756,73.91400176286697,79.24800193309784,95.50400245189667,97.28200250864029,97.28200250864029,102.87000268697739,125.222003698349,125.222003698349,126.23800373077393,141.47800421714783,165.35400503873825,165.35400503873825,165.35400503873825,167.6400050520897,167.89400506019592,167.89400506019592,167.89400506019592,170.68800514936447,172.97400522232056,184.91200530529022,205.2320060133934,234.18800646066666,235.71200650930405,242.31600672006607,251.7140070796013,251.7140070796013,266.44600731134415,266.44600731134415,271.0180074572563,271.0180074572563,271.27200746536255,302.51400804519653,319.2780084013939,323.85000854730606,326.3900086283684,326.3900086283684,332.48600882291794,332.48600882291794,332.48600882291794,346.45600908994675,357.37800920009613,358.39400923252106,362.9660093784332,368.0460094809532,385.31800961494446,423.92601066827774,425.9580107331276,425.9580107331276,435.3560109138489,436.1180109381676,444.75401109457016,444.75401109457016,445.0080111026764,445.0080111026764,477.2660117149353,477.2660117149353,477.2660117149353,477.2660117149353,485.64801198244095,485.64801198244095,485.64801198244095,485.64801198244095,485.64801198244095,486.1560119986534,486.41001200675964,486.41001200675964,498.60201239585876,529.0820123553276,532.1300124526024,542.5440127849579,575.3100135326385,575.3100135326385,580.8980135917664,581.4060136079788,581.4060136079788,581.4060136079788,581.4060136079788,596.1380136609077,598.1700137257576,644.398014485836,656.5900147557259,656.5900147557259,656.5900147557259,656.5900147557259,656.5900147557259,656.5900147557259,659.1300148367882,659.1300148367882
2024-11-22 23:00:00,baja,6.23764,-75.510582,baja,Flujo,Medellín,Santa Elena,Media Luna,42.0,1,28.702000617980953,34.03600066900253,56.642001152038574,67.31000137329102,74.42200154066086,76.45400154590607,77.97800159454346,85.09000188112259,93.218002140522,96.26600223779678,98.55200231075287,107.18800258636475,112.01400262117386,160.52800506353378,168.14800530672073,180.8480052947998,184.65800547599792,197.35800594091415,210.0580062866211,212.85200637578964,213.10600638389587,226.5680068731308,227.07600688934326,228.85400694608688,228.85400694608688,228.85400694608688,229.36200696229935,230.37800699472427,230.37800699472427,233.68000710010529,233.68000710010529,244.85600751638412,273.0500079393387,324.35800886154175,327.15200889110565,327.15200889110565,327.15200889110565,327.4060088992119,327.4060088992119,327.4060088992119,331.97800904512405,331.97800904512405,331.97800904512405,353.8220096230507,355.09200966358185,361.9500098824501,382.52401012182236,383.0320101380348,392.1760103702545,400.30401062965393,400.30401062965393,404.87601071596146,405.63801074028015,408.4320108294487,422.91001081466675,446.53201097249985,467.36001032590866,469.900010406971,472.18601047992706,472.18601047992706,472.94801050424576,478.0280106663704,479.5520107150078,485.3940107822418,485.3940107822418,485.3940107822418,498.0940111875534,498.0940111875534,498.0940111875534,498.0940111875534,505.9680114388466,505.9680114388466,505.9680114388466,506.2220114469528,506.2220114469528,506.2220114469528,507.23801147937775,507.23801147937775,520.9540119171143,522.4780119657516,526.5420120954514,530.6060122251511,547.1160124540329,547.1160124540329,547.1160124540329,550.9260125160217,551.180012524128,551.180012524128,551.180012524128,559.0540127754211,567.1820130348206,570.2300131320953,570.2300131320953,570.2300131320953,570.2300131320953,570.2300131320953,570.2300131320953
2025-04-06 18:00:00,baja,6.190766,-75.66048,baja,Flujo,Medellín,San Antonio de Prado,El Salado,418.0,1,16.76399999856949,26.416000306606293,29.464000403881073,62.2300009727478,76.2000013589859,97.7900019288063,102.10800206661224,107.18800216913223,108.20400220155716,112.26800227165222,137.41400253772736,141.98600256443024,141.98600256443024,141.98600256443024,141.98600256443024,141.98600256443024,151.13000285625458,151.13000285625458,152.1460028886795,169.9260032773018,177.80000352859497,185.42000377178192,187.19800382852554,188.72200387716293,210.31200462579727,210.31200462579727,216.9160048365593,217.93200486898422,217.93200486898422,221.7420049905777,230.88600498437881,231.14000499248505,244.34800535440445,250.44400548934937,258.31800562143326,258.31800562143326,264.16000574827194,266.446005821228,267.9700058698654,275.08200591802597,275.84400594234467,277.36800599098206,312.9280065894127,322.5800068974495,322.5800068974495,326.39000701904297,329.1840071082115,329.9460071325302,369.0620092153549,378.7140095233917,378.96800953149796,391.9220098257065,396.2400099635124,406.14601027965546,406.90801030397415,406.90801030397415,424.6880102157593,460.50201135873795,467.3600115776062,467.3600115776062,483.61601197719574,491.9980118274689,499.1100118756294,501.65001195669174,501.65001195669174,504.19001203775406,510.2860122323036,510.2860122323036,510.2860122323036,510.2860122323036,511.5560122728348,511.5560122728348,511.5560122728348,511.5560122728348,511.5560122728348,511.5560122728348,511.5560122728348,521.7160126566887,521.7160126566887,521.7160126566887,521.7160126566887,521.7160126566887,521.7160126566887,521.7160126566887,521.7160126566887,521.7160126566887,521.7160126566887,555.2440126538277,555.2440126538277,562.86401283741,563.3720128536224,577.8500130772591,585.2160131931305,607.3140137195587,614.1720137000084,614.1720137000084,615.4420137405396
2025-04-11 06:00:00,baja,6.15343,-75.6591,baja,Deslizamiento,La Estrella,Tierra Amarilla,,519.0,1,2.540000081062317,10.922000348567963,11.176000356674194,16.51000052690506,24.892000794410706,34.03600114583969,45.212001502513885,61.976000905036926,61.976000905036926,93.47200173139572,101.3460019826889,122.17400234937668,123.1900023818016,127.25400251150131,135.1280027627945,136.90600281953812,136.90600281953812,136.90600281953812,136.90600281953812,136.90600281953812,138.68400287628174,149.35200321674347,149.35200321674347,149.86000323295593,181.10200369358063,185.6740038394928,196.59600406885147,199.1360041499138,210.82000440359116,210.82000440359116,215.1380045413971,215.1380045413971,215.1380045413971,226.06000459194183,226.06000459194183,227.330004632473,235.45800459384918,238.7600046992302,246.38000482320786,249.42800492048264,249.68200492858887,266.9540051817894,273.55800545215607,279.90800553560257,283.2100055217743,284.48000556230545,284.48000556230545,301.7520056962967,306.5780058503151,312.16600596904755,344.42400658130646,351.02800661325455,366.0140069127083,375.1580070257187,385.0640073418617,386.08000737428665,404.62200766801834,408.1780077815056,414.27400797605515,414.27400797605515,425.4500080347061,428.4980081319809,474.9800097346306,482.0920099616051,483.61601001024246,513.842010140419,525.780010342598,525.780010342598,525.780010342598,525.780010342598,526.5420103669167,534.9240106344223,534.9240106344223,534.9240106344223,535.1780106425285,536.4480106830597,536.4480106830597,536.4480106830597,536.4480106830597,536.4480106830597,536.4480106830597,536.7020106911659,536.7020106911659,536.7020106911659,536.7020106911659,536.7020106911659,536.7020106911659,536.7020106911659,536.7020106911659,536.7020106911659,536.7020106911659,541.5280107855797,541.7820107936859,546.1000108718872,546.1000108718872,556.7680112123489,577.8500115275383
2025-04-11 08:00:00,baja,6.2486,-75.69432,baja,Flujo,Medellín,San Antonio de Prado,El Salado,3.0,1,68.07200121879578,107.44200217723846,107.44200217723846,118.6180025935173,125.47600281238556,125.47600281238556,154.68600326776505,162.56000351905823,162.56000351905823,211.3280050754547,218.6940052509308,222.50400537252426,223.26600539684296,224.79000544548035,242.57000559568405,242.82400560379028,242.82400560379028,242.82400560379028,242.82400560379028,242.82400560379028,243.8400056362152,250.44400584697723,250.44400584697723,250.44400584697723,277.36800676584244,289.81400698423386,295.6560071706772,295.6560071706772,339.0900086760521,339.0900086760521,363.47400891780853,363.72800892591476,363.72800892591476,363.72800892591476,363.72800892591476,367.284009039402,389.89000886678696,401.3200089931488,434.5940096974373,443.738009929657,446.02401000261307,446.2780100107193,449.83401024341583,459.2320106625557,460.7560107111931,470.91601091623306,474.21801096200943,513.0800119638443,518.1600121259689,518.1600121259689,518.1600121259689,525.2720121145248,540.2580124735832,562.1020129323006,575.8180131912231,578.6120132803917,611.886013686657,620.5220137834549,622.808013856411,645.1600138545036,649.7320140004158,658.1140142679214,711.9620152711868,715.2640153765678,715.2640153765678,719.83601552248,720.3440155386925,720.3440155386925,720.3440155386925,720.3440155386925,721.8680155873299,729.4880157113075,729.4880157113075,729.4880157113075,729.4880157113075,729.7420157194138,729.7420157194138,729.7420157194138,729.7420157194138,729.7420157194138,729.7420157194138,730.5040157437325,730.5040157437325,730.5040157437325,730.5040157437325,730.5040157437325,730.5040157437325,730.5040157437325,730.5040157437325,730.5040157437325,730.5040157437325,753.8720163106918,754.1260163187981,759.4600164294243,759.4600164294243,761.4920164942741,778.7640170454979
2025-04-11 08:00:00,baja,6.0394,-75.61774,baja,Flujo,Caldas,Salada,,58.0,1,62.9920015335083,92.45600235462189,103.88600260019302,112.5220028758049,129.54000347852707,129.7940034866333,138.93800377845764,149.09800374507904,153.41600388288498,174.49800443649292,180.59400457143784,194.56400471925735,195.07200473546982,204.21600490808487,207.26400500535965,211.32800501585007,211.32800501585007,211.32800501585007,211.32800501585007,211.32800501585007,214.63000506162643,221.99600529670715,237.49000602960587,237.49000602960587,249.42800599336624,252.2220060825348,260.3500063419342,260.60400635004044,275.3360065817833,275.3360065817833,276.60600662231445,276.60600662231445,276.8600066304207,279.65400671958923,279.65400671958923,287.78200697898865,288.54400700330734,300.48200714588165,315.97600704431534,323.3420071005821,323.8500071167946,350.77400755882263,352.80600744485855,353.8220074772835,383.0320081114769,394.7160080075264,395.22400802373886,405.6380081176758,415.03600853681564,415.03600853681564,418.59200859069824,422.9100087285042,437.13400906324387,446.024009346962,448.5640094280243,448.8180094361305,467.6140096783638,468.3760097026825,470.9160097837448,475.2340098619461,482.6000100374222,482.6000100374222,517.9060108661652,517.9060108661652,518.9220108985901,535.1780114769936,538.7340115904808,538.7340115904808,538.7340115904808,538.7340115904808,538.7340115904808,540.2580116391182,540.2580116391182,553.7200121879578,555.7520122528076,557.276012301445,557.276012301445,557.276012301445,557.276012301445,557.276012301445,557.276012301445,557.276012301445,557.276012301445,557.276012301445,557.276012301445,557.276012301445,557.276012301445,557.276012301445,557.276012301445,557.276012301445,557.276012301445,558.0380123257637,565.9120124578476,566.1660124659538,566.1660124659538,567.1820124983788,580.8980129361153
2025-04-29 08:00:00,baja,6.22055,-75.63255,baja,Flujo,Medellín,Altavista,,8.0,1,45.466000497341156,134.11200255155563,137.1600026488304,179.3240037560463,190.50000429153442,192.7860043644905,196.08800446987152,196.08800446987152,196.08800446987152,196.85000449419022,199.64400458335876,200.40600460767746,201.93000465631485,201.93000465631485,201.93000465631485,208.28000485897064,208.7880048751831,212.8520050048828,278.8920068740845,306.5780074596405,306.83200746774673,321.31000781059265,324.8660079240799,324.8660079240799,345.4400082230568,366.0140087008476,367.79200875759125,384.3020089864731,389.3820091485977,390.6520091891289,414.5280089378357,416.3060089945793,425.70400923490524,454.40600925683975,454.40600925683975,454.40600925683975,454.40600925683975,454.40600925683975,456.1840093135834,463.8040095567703,463.8040095567703,463.8040095567703,470.6620098352432,480.06001007556915,483.6160101890564,484.3780102133751,502.9200105071068,503.174010515213,535.6860107779503,535.6860107779503,535.6860107779503,544.8300111889839,544.8300111889839,546.6080111861229,546.8620111942291,552.9580113887787,563.8800116181374,563.8800116181374,575.5640118122101,602.9960117936134,608.5840119123459,613.6640121936798,624.0780127048492,631.9520129561424,632.4600129723549,636.0160130858421,644.9060133695602,644.9060133695602,648.2080134153366,651.2560135126114,668.2740138173103,676.1480140686035,694.182014465332,694.182014465332,703.580014705658,705.6120147705078,707.1360148191452,710.4380149245262,718.0580149292946,720.0900149941444,759.968015909195,760.9840159416199,760.9840159416199,781.3040161132812,788.6700164079666,788.6700164079666,788.6700164079666,788.6700164079666,788.6700164079666,793.7500165700912,793.7500165700912,793.7500165700912,793.7500165700912,794.2580165863037,794.2580165863037,794.2580165863037,794.2580165863037
2025-04-29 08:00:00,baja,6.2156,-75.63094,baja,Flujo,Medellín,Altavista,,8.0,1,45.466000497341156,134.11200255155563,137.1600026488304,179.3240037560463,190.50000429153442,192.7860043644905,196.08800446987152,196.08800446987152,196.08800446987152,196.85000449419022,199.64400458335876,200.40600460767746,201.93000465631485,201.93000465631485,201.93000465631485,208.28000485897064,208.7880048751831,212.8520050048828,278.8920068740845,306.5780074596405,306.83200746774673,321.31000781059265,324.8660079240799,324.8660079240799,345.4400082230568,366.0140087008476,367.79200875759125,384.3020089864731,389.3820091485977,390.6520091891289,414.5280089378357,416.3060089945793,425.70400923490524,454.40600925683975,454.40600925683975,454.40600925683975,454.40600925683975,454.40600925683975,456.1840093135834,463.8040095567703,463.8040095567703,463.8040095567703,470.6620098352432,480.06001007556915,483.6160101890564,484.3780102133751,502.9200105071068,503.174010515213,535.6860107779503,535.6860107779503,535.6860107779503,544.8300111889839,544.8300111889839,546.6080111861229,546.8620111942291,552.9580113887787,563.8800116181374,563.8800116181374,575.5640118122101,602.9960117936134,608.5840119123459,613.6640121936798,624.0780127048492,631.9520129561424,632.4600129723549,636.0160130858421,644.9060133695602,644.9060133695602,648.2080134153366,651.2560135126114,668.2740138173103,676.1480140686035,694.182014465332,694.182014465332,703.580014705658,705.6120147705078,707.1360148191452,710.4380149245262,718.0580149292946,720.0900149941444,759.968015909195,760.9840159416199,760.9840159416199,781.3040161132812,788.6700164079666,788.6700164079666,788.6700164079666,788.6700164079666,788.6700164079666,793.7500165700912,793.7500165700912,793.7500165700912,793.7500165700912,794.2580165863037,794.2580165863037,794.2580165863037,794.2580165863037
2025-04-29 08:00:00,baja,6.2128,-75.62559,baja,Flujo,Medellín,Altavista,,1.0,1,61.97599700000001,128.01600349999998,130.8100035,161.7980036358986,168.40200390626526,183.6420043330345,186.43600442220307,186.43600442220307,186.94400443841553,187.452004454628,189.48400451947782,189.99200453569028,191.5160045843277,191.5160045843277,191.5160045843277,195.07200469781495,195.32600470592118,197.61200477887726,238.2520053606186,261.3660058598671,261.36600585986713,272.2880060296211,274.5740061025772,274.5740061025772,289.30600645352933,302.7680067639503,304.8000068288002,317.7540073614273,323.85000755597684,324.86600758840177,345.44000824500654,346.96400829364393,353.3140084962997,369.57000889588926,369.57000889588926,369.57000889588926,369.57000889588926,369.57000889588926,371.3480089526329,378.46000917960737,378.4600091796074,378.4600091796074,382.0160092930946,388.87400951196287,393.1920096497688,394.20800968219373,414.528010211483,414.528010211483,449.0720107774887,449.0720107774887,449.0720107774887,451.612010858551,451.612010858551,454.15201099921796,454.6600110154304,458.47001095820997,472.1860112767372,472.1860112767372,486.91801150848005,501.9040118079338,509.52401193191145,514.096012018219,531.1140123825226,534.924012504116,535.6860125284347,540.5120126824531,553.720012805954,553.720012805954,555.7520128708038,559.0540129761848,575.8180134515915,588.2640138487968,607.3140139203224,607.3140139203224,615.9500141959343,617.4740142445717,618.7440142851028,621.0300143580589,627.3800143819008,628.6500144224319,660.4000148992691,662.1780149560127,662.1780149560127,687.5780157070312,695.4520156603012,695.4520156603012,695.4520156603012,695.4520156603012,695.4520156603012,701.802015862957,701.802015862957,701.802015862957,701.802015862957,702.3100158791694,702.3100158791694,702.3100158791694,702.3100158791694
2025-04-29 08:00:00,baja,6.21003,-75.64077,baja,Flujo,Medellín,Altavista,,8.0,1,45.466000497341156,134.11200255155563,137.1600026488304,179.3240037560463,190.50000429153442,192.7860043644905,196.08800446987152,196.08800446987152,196.08800446987152,196.85000449419022,199.64400458335876,200.40600460767746,201.93000465631485,201.93000465631485,201.93000465631485,208.28000485897064,208.7880048751831,212.8520050048828,278.8920068740845,306.5780074596405,306.83200746774673,321.31000781059265,324.8660079240799,324.8660079240799,345.4400082230568,366.0140087008476,367.79200875759125,384.3020089864731,389.3820091485977,390.6520091891289,414.5280089378357,416.3060089945793,425.70400923490524,454.40600925683975,454.40600925683975,454.40600925683975,454.40600925683975,454.40600925683975,456.1840093135834,463.8040095567703,463.8040095567703,463.8040095567703,470.6620098352432,480.06001007556915,483.6160101890564,484.3780102133751,502.9200105071068,503.174010515213,535.6860107779503,535.6860107779503,535.6860107779503,544.8300111889839,544.8300111889839,546.6080111861229,546.8620111942291,552.9580113887787,563.8800116181374,563.8800116181374,575.5640118122101,602.9960117936134,608.5840119123459,613.6640121936798,624.0780127048492,631.9520129561424,632.4600129723549,636.0160130858421,644.9060133695602,644.9060133695602,648.2080134153366,651.2560135126114,668.2740138173103,676.1480140686035,694.182014465332,694.182014465332,703.580014705658,705.6120147705078,707.1360148191452,710.4380149245262,718.0580149292946,720.0900149941444,759.968015909195,760.9840159416199,760.9840159416199,781.3040161132812,788.6700164079666,788.6700164079666,788.6700164079666,788.6700164079666,788.6700164079666,793.7500165700912,793.7500165700912,793.7500165700912,793.7500165700912,794.2580165863037,794.2580165863037,794.2580165863037,794.2580165863037
2025-04-29 08:00:00,baja,6.21363,-75.64625,baja,Flujo,Medellín,Altavista,,601.0,1,83.8200011253357,176.02200239896774,179.32400250434875,231.90200221538544,243.33200234174728,265.9380029439926,269.7480030655861,269.7480030655861,270.0020030736923,270.5100030899048,273.30400317907333,274.06600320339203,275.3360032439232,275.3360032439232,275.3360032439232,280.67000341415405,280.67000341415405,285.750003695488,361.4420051574707,393.1920062303543,393.1920062303543,410.2100067138672,415.0360068678856,415.0360068678856,438.65800750255585,459.99400812387466,464.5660082101822,485.90200811624527,491.49000829458237,492.25200831890106,516.6360084414482,524.5100085735321,530.606008708477,557.2760078907013,557.2760078907013,557.2760078907013,557.2760078907013,557.2760078907013,559.0540079474449,567.1820082068443,567.1820082068443,567.1820082068443,574.5480085015297,583.1840087175369,589.2800089120865,590.0420089364052,602.4880091547966,602.4880091547966,634.4920093417168,634.4920093417168,634.4920093417168,640.0800094604492,640.0800094604492,641.8580093979836,641.8580093979836,655.3200098872185,667.0040101408958,667.0040101408958,675.6400101184845,701.8020096421242,706.6280097365379,711.4540097117424,720.0900099873543,730.2500102519989,730.7580102682114,733.5520103573799,742.442010819912,742.442010819912,744.4740108847618,747.7760109901428,758.6980110406876,766.3180112838745,784.8600113987923,784.8600113987923,795.5280114412308,797.5600115060806,801.6240116357803,806.4500117897987,814.070012152195,816.3560122251511,855.2180131673813,856.2340131998062,856.2340131998062,876.5540133714676,881.380013525486,881.6340135335922,881.6340135335922,881.6340135335922,881.8880135416985,886.4600136876106,886.4600136876106,886.4600136876106,886.4600136876106,887.2220137119293,887.2220137119293,887.2220137119293,887.2220137119293
2025-04-29 08:00:00,baja,6.21408,-75.64628,baja,Flujo,Medellín,Altavista,,601.0,1,83.8200011253357,176.02200239896774,179.32400250434875,231.90200221538544,243.33200234174728,265.9380029439926,269.7480030655861,269.7480030655861,270.0020030736923,270.5100030899048,273.30400317907333,274.06600320339203,275.3360032439232,275.3360032439232,275.3360032439232,280.67000341415405,280.67000341415405,285.750003695488,361.4420051574707,393.1920062303543,393.1920062303543,410.2100067138672,415.0360068678856,415.0360068678856,438.65800750255585,459.99400812387466,464.5660082101822,485.90200811624527,491.49000829458237,492.25200831890106,516.6360084414482,524.5100085735321,530.606008708477,557.2760078907013,557.2760078907013,557.2760078907013,557.2760078907013,557.2760078907013,559.0540079474449,567.1820082068443,567.1820082068443,567.1820082068443,574.5480085015297,583.1840087175369,589.2800089120865,590.0420089364052,602.4880091547966,602.4880091547966,634.4920093417168,634.4920093417168,634.4920093417168,640.0800094604492,640.0800094604492,641.8580093979836,641.8580093979836,655.3200098872185,667.0040101408958,667.0040101408958,675.6400101184845,701.8020096421242,706.6280097365379,711.4540097117424,720.0900099873543,730.2500102519989,730.7580102682114,733.5520103573799,742.442010819912,742.442010819912,744.4740108847618,747.7760109901428,758.6980110406876,766.3180112838745,784.8600113987923,784.8600113987923,795.5280114412308,797.5600115060806,801.6240116357803,806.4500117897987,814.070012152195,816.3560122251511,855.2180131673813,856.2340131998062,856.2340131998062,876.5540133714676,881.380013525486,881.6340135335922,881.6340135335922,881.6340135335922,881.8880135416985,886.4600136876106,886.4600136876106,886.4600136876106,886.4600136876106,887.2220137119293,887.2220137119293,887.2220137119293,887.2220137119293
2025-04-29 08:00:00,baja,6.21763,-75.65198,baja,Flujo,Medellín,Altavista,,601.0,1,83.8200011253357,176.02200239896774,179.32400250434875,231.90200221538544,243.33200234174728,265.9380029439926,269.7480030655861,269.7480030655861,270.0020030736923,270.5100030899048,273.30400317907333,274.06600320339203,275.3360032439232,275.3360032439232,275.3360032439232,280.67000341415405,280.67000341415405,285.750003695488,361.4420051574707,393.1920062303543,393.1920062303543,410.2100067138672,415.0360068678856,415.0360068678856,438.65800750255585,459.99400812387466,464.5660082101822,485.90200811624527,491.49000829458237,492.25200831890106,516.6360084414482,524.5100085735321,530.606008708477,557.2760078907013,557.2760078907013,557.2760078907013,557.2760078907013,557.2760078907013,559.0540079474449,567.1820082068443,567.1820082068443,567.1820082068443,574.5480085015297,583.1840087175369,589.2800089120865,590.0420089364052,602.4880091547966,602.4880091547966,634.4920093417168,634.4920093417168,634.4920093417168,640.0800094604492,640.0800094604492,641.8580093979836,641.8580093979836,655.3200098872185,667.0040101408958,667.0040101408958,675.6400101184845,701.8020096421242,706.6280097365379,711.4540097117424,720.0900099873543,730.2500102519989,730.7580102682114,733.5520103573799,742.442010819912,742.442010819912,744.4740108847618,747.7760109901428,758.6980110406876,766.3180112838745,784.8600113987923,784.8600113987923,795.5280114412308,797.5600115060806,801.6240116357803,806.4500117897987,814.070012152195,816.3560122251511,855.2180131673813,856.2340131998062,856.2340131998062,876.5540133714676,881.380013525486,881.6340135335922,881.6340135335922,881.6340135335922,881.8880135416985,886.4600136876106,886.4600136876106,886.4600136876106,886.4600136876106,887.2220137119293,887.2220137119293,887.2220137119293,887.2220137119293
2025-04-29 08:00:00,baja,6.21008,-75.64195,baja,Flujo,Medellín,Altavista,,601.0,1,83.8200011253357,176.02200239896774,179.32400250434875,231.90200221538544,243.33200234174728,265.9380029439926,269.7480030655861,269.7480030655861,270.0020030736923,270.5100030899048,273.30400317907333,274.06600320339203,275.3360032439232,275.3360032439232,275.3360032439232,280.67000341415405,280.67000341415405,285.750003695488,361.4420051574707,393.1920062303543,393.1920062303543,410.2100067138672,415.0360068678856,415.0360068678856,438.65800750255585,459.99400812387466,464.5660082101822,485.90200811624527,491.49000829458237,492.25200831890106,516.6360084414482,524.5100085735321,530.606008708477,557.2760078907013,557.2760078907013,557.2760078907013,557.2760078907013,557.2760078907013,559.0540079474449,567.1820082068443,567.1820082068443,567.1820082068443,574.5480085015297,583.1840087175369,589.2800089120865,590.0420089364052,602.4880091547966,602.4880091547966,634.4920093417168,634.4920093417168,634.4920093417168,640.0800094604492,640.0800094604492,641.8580093979836,641.8580093979836,655.3200098872185,667.0040101408958,667.0040101408958,675.6400101184845,701.8020096421242,706.6280097365379,711.4540097117424,720.0900099873543,730.2500102519989,730.7580102682114,733.5520103573799,742.442010819912,742.442010819912,744.4740108847618,747.7760109901428,758.6980110406876,766.3180112838745,784.8600113987923,784.8600113987923,795.5280114412308,797.5600115060806,801.6240116357803,806.4500117897987,814.070012152195,816.3560122251511,855.2180131673813,856.2340131998062,856.2340131998062,876.5540133714676,881.380013525486,881.6340135335922,881.6340135335922,881.6340135335922,881.8880135416985,886.4600136876106,886.4600136876106,886.4600136876106,886.4600136876106,887.2220137119293,887.2220137119293,887.2220137119293,887.2220137119293
2025-04-29 08:00:00,baja,6.21339,-75.6425,baja,Flujo,Medellín,Altavista,,601.0,1,83.8200011253357,176.02200239896774,179.32400250434875,231.90200221538544,243.33200234174728,265.9380029439926,269.7480030655861,269.7480030655861,270.0020030736923,270.5100030899048,273.30400317907333,274.06600320339203,275.3360032439232,275.3360032439232,275.3360032439232,280.67000341415405,280.67000341415405,285.750003695488,361.4420051574707,393.1920062303543,393.1920062303543,410.2100067138672,415.0360068678856,415.0360068678856,438.65800750255585,459.99400812387466,464.5660082101822,485.90200811624527,491.49000829458237,492.25200831890106,516.6360084414482,524.5100085735321,530.606008708477,557.2760078907013,557.2760078907013,557.2760078907013,557.2760078907013,557.2760078907013,559.0540079474449,567.1820082068443,567.1820082068443,567.1820082068443,574.5480085015297,583.1840087175369,589.2800089120865,590.0420089364052,602.4880091547966,602.4880091547966,634.4920093417168,634.4920093417168,634.4920093417168,640.0800094604492,640.0800094604492,641.8580093979836,641.8580093979836,655.3200098872185,667.0040101408958,667.0040101408958,675.6400101184845,701.8020096421242,706.6280097365379,711.4540097117424,720.0900099873543,730.2500102519989,730.7580102682114,733.5520103573799,742.442010819912,742.442010819912,744.4740108847618,747.7760109901428,758.6980110406876,766.3180112838745,784.8600113987923,784.8600113987923,795.5280114412308,797.5600115060806,801.6240116357803,806.4500117897987,814.070012152195,816.3560122251511,855.2180131673813,856.2340131998062,856.2340131998062,876.5540133714676,881.380013525486,881.6340135335922,881.6340135335922,881.6340135335922,881.8880135416985,886.4600136876106,886.4600136876106,886.4600136876106,886.4600136876106,887.2220137119293,887.2220137119293,887.2220137119293,887.2220137119293
2025-04-29 08:00:00,baja,6.21491,-75.64097,baja,Flujo,Medellín,Altavista,,601.0,1,83.8200011253357,176.02200239896774,179.32400250434875,231.90200221538544,243.33200234174728,265.9380029439926,269.7480030655861,269.7480030655861,270.0020030736923,270.5100030899048,273.30400317907333,274.06600320339203,275.3360032439232,275.3360032439232,275.3360032439232,280.67000341415405,280.67000341415405,285.750003695488,361.4420051574707,393.1920062303543,393.1920062303543,410.2100067138672,415.0360068678856,415.0360068678856,438.65800750255585,459.99400812387466,464.5660082101822,485.90200811624527,491.49000829458237,492.25200831890106,516.6360084414482,524.5100085735321,530.606008708477,557.2760078907013,557.2760078907013,557.2760078907013,557.2760078907013,557.2760078907013,559.0540079474449,567.1820082068443,567.1820082068443,567.1820082068443,574.5480085015297,583.1840087175369,589.2800089120865,590.0420089364052,602.4880091547966,602.4880091547966,634.4920093417168,634.4920093417168,634.4920093417168,640.0800094604492,640.0800094604492,641.8580093979836,641.8580093979836,655.3200098872185,667.0040101408958,667.0040101408958,675.6400101184845,701.8020096421242,706.6280097365379,711.4540097117424,720.0900099873543,730.2500102519989,730.7580102682114,733.5520103573799,742.442010819912,742.442010819912,744.4740108847618,747.7760109901428,758.6980110406876,766.3180112838745,784.8600113987923,784.8600113987923,795.5280114412308,797.5600115060806,801.6240116357803,806.4500117897987,814.070012152195,816.3560122251511,855.2180131673813,856.2340131998062,856.2340131998062,876.5540133714676,881.380013525486,881.6340135335922,881.6340135335922,881.6340135335922,881.8880135416985,886.4600136876106,886.4600136876106,886.4600136876106,886.4600136876106,887.2220137119293,887.2220137119293,887.2220137119293,887.2220137119293
2025-04-29 08:00:00,baja,6.21309,-75.6377,baja,Flujo,Medellín,Altavista,,8.0,1,45.466000497341156,134.11200255155563,137.1600026488304,179.3240037560463,190.50000429153442,192.7860043644905,196.08800446987152,196.08800446987152,196.08800446987152,196.85000449419022,199.64400458335876,200.40600460767746,201.93000465631485,201.93000465631485,201.93000465631485,208.28000485897064,208.7880048751831,212.8520050048828,278.8920068740845,306.5780074596405,306.83200746774673,321.31000781059265,324.8660079240799,324.8660079240799,345.4400082230568,366.0140087008476,367.79200875759125,384.3020089864731,389.3820091485977,390.6520091891289,414.5280089378357,416.3060089945793,425.70400923490524,454.40600925683975,454.40600925683975,454.40600925683975,454.40600925683975,454.40600925683975,456.1840093135834,463.8040095567703,463.8040095567703,463.8040095567703,470.6620098352432,480.06001007556915,483.6160101890564,484.3780102133751,502.9200105071068,503.174010515213,535.6860107779503,535.6860107779503,535.6860107779503,544.8300111889839,544.8300111889839,546.6080111861229,546.8620111942291,552.9580113887787,563.8800116181374,563.8800116181374,575.5640118122101,602.9960117936134,608.5840119123459,613.6640121936798,624.0780127048492,631.9520129561424,632.4600129723549,636.0160130858421,644.9060133695602,644.9060133695602,648.2080134153366,651.2560135126114,668.2740138173103,676.1480140686035,694.182014465332,694.182014465332,703.580014705658,705.6120147705078,707.1360148191452,710.4380149245262,718.0580149292946,720.0900149941444,759.968015909195,760.9840159416199,760.9840159416199,781.3040161132812,788.6700164079666,788.6700164079666,788.6700164079666,788.6700164079666,788.6700164079666,793.7500165700912,793.7500165700912,793.7500165700912,793.7500165700912,794.2580165863037,794.2580165863037,794.2580165863037,794.2580165863037
2025-04-29 08:00:00,baja,6.21389,-75.63817,baja,Flujo,Medellín,Altavista,,8.0,1,45.466000497341156,134.11200255155563,137.1600026488304,179.3240037560463,190.50000429153442,192.7860043644905,196.08800446987152,196.08800446987152,196.08800446987152,196.85000449419022,199.64400458335876,200.40600460767746,201.93000465631485,201.93000465631485,201.93000465631485,208.28000485897064,208.7880048751831,212.8520050048828,278.8920068740845,306.5780074596405,306.83200746774673,321.31000781059265,324.8660079240799,324.8660079240799,345.4400082230568,366.0140087008476,367.79200875759125,384.3020089864731,389.3820091485977,390.6520091891289,414.5280089378357,416.3060089945793,425.70400923490524,454.40600925683975,454.40600925683975,454.40600925683975,454.40600925683975,454.40600925683975,456.1840093135834,463.8040095567703,463.8040095567703,463.8040095567703,470.6620098352432,480.06001007556915,483.6160101890564,484.3780102133751,502.9200105071068,503.174010515213,535.6860107779503,535.6860107779503,535.6860107779503,544.8300111889839,544.8300111889839,546.6080111861229,546.8620111942291,552.9580113887787,563.8800116181374,563.8800116181374,575.5640118122101,602.9960117936134,608.5840119123459,613.6640121936798,624.0780127048492,631.9520129561424,632.4600129723549,636.0160130858421,644.9060133695602,644.9060133695602,648.2080134153366,651.2560135126114,668.2740138173103,676.1480140686035,694.182014465332,694.182014465332,703.580014705658,705.6120147705078,707.1360148191452,710.4380149245262,718.0580149292946,720.0900149941444,759.968015909195,760.9840159416199,760.9840159416199,781.3040161132812,788.6700164079666,788.6700164079666,788.6700164079666,788.6700164079666,788.6700164079666,793.7500165700912,793.7500165700912,793.7500165700912,793.7500165700912,794.2580165863037,794.2580165863037,794.2580165863037,794.2580165863037
2025-04-29 08:00:00,baja,6.21466,-75.63702,baja,Flujo,Medellín,Altavista,,8.0,1,45.466000497341156,134.11200255155563,137.1600026488304,179.3240037560463,190.50000429153442,192.7860043644905,196.08800446987152,196.08800446987152,196.08800446987152,196.85000449419022,199.64400458335876,200.40600460767746,201.93000465631485,201.93000465631485,201.93000465631485,208.28000485897064,208.7880048751831,212.8520050048828,278.8920068740845,306.5780074596405,306.83200746774673,321.31000781059265,324.8660079240799,324.8660079240799,345.4400082230568,366.0140087008476,367.79200875759125,384.3020089864731,389.3820091485977,390.6520091891289,414.5280089378357,416.3060089945793,425.70400923490524,454.40600925683975,454.40600925683975,454.40600925683975,454.40600925683975,454.40600925683975,456.1840093135834,463.8040095567703,463.8040095567703,463.8040095567703,470.6620098352432,480.06001007556915,483.6160101890564,484.3780102133751,502.9200105071068,503.174010515213,535.6860107779503,535.6860107779503,535.6860107779503,544.8300111889839,544.8300111889839,546.6080111861229,546.8620111942291,552.9580113887787,563.8800116181374,563.8800116181374,575.5640118122101,602.9960117936134,608.5840119123459,613.6640121936798,624.0780127048492,631.9520129561424,632.4600129723549,636.0160130858421,644.9060133695602,644.9060133695602,648.2080134153366,651.2560135126114,668.2740138173103,676.1480140686035,694.182014465332,694.182014465332,703.580014705658,705.6120147705078,707.1360148191452,710.4380149245262,718.0580149292946,720.0900149941444,759.968015909195,760.9840159416199,760.9840159416199,781.3040161132812,788.6700164079666,788.6700164079666,788.6700164079666,788.6700164079666,788.6700164079666,793.7500165700912,793.7500165700912,793.7500165700912,793.7500165700912,794.2580165863037,794.2580165863037,794.2580165863037,794.2580165863037
2025-04-29 08:00:00,baja,6.21568,-75.63805,baja,Flujo,Medellín,Altavista,,8.0,1,45.466000497341156,134.11200255155563,137.1600026488304,179.3240037560463,190.50000429153442,192.7860043644905,196.08800446987152,196.08800446987152,196.08800446987152,196.85000449419022,199.64400458335876,200.40600460767746,201.93000465631485,201.93000465631485,201.93000465631485,208.28000485897064,208.7880048751831,212.8520050048828,278.8920068740845,306.5780074596405,306.83200746774673,321.31000781059265,324.8660079240799,324.8660079240799,345.4400082230568,366.0140087008476,367.79200875759125,384.3020089864731,389.3820091485977,390.6520091891289,414.5280089378357,416.3060089945793,425.70400923490524,454.40600925683975,454.40600925683975,454.40600925683975,454.40600925683975,454.40600925683975,456.1840093135834,463.8040095567703,463.8040095567703,463.8040095567703,470.6620098352432,480.06001007556915,483.6160101890564,484.3780102133751,502.9200105071068,503.174010515213,535.6860107779503,535.6860107779503,535.6860107779503,544.8300111889839,544.8300111889839,546.6080111861229,546.8620111942291,552.9580113887787,563.8800116181374,563.8800116181374,575.5640118122101,602.9960117936134,608.5840119123459,613.6640121936798,624.0780127048492,631.9520129561424,632.4600129723549,636.0160130858421,644.9060133695602,644.9060133695602,648.2080134153366,651.2560135126114,668.2740138173103,676.1480140686035,694.182014465332,694.182014465332,703.580014705658,705.6120147705078,707.1360148191452,710.4380149245262,718.0580149292946,720.0900149941444,759.968015909195,760.9840159416199,760.9840159416199,781.3040161132812,788.6700164079666,788.6700164079666,788.6700164079666,788.6700164079666,788.6700164079666,793.7500165700912,793.7500165700912,793.7500165700912,793.7500165700912,794.2580165863037,794.2580165863037,794.2580165863037,794.2580165863037
2025-04-29 08:00:00,baja,6.2158,-75.64062,baja,Flujo,Medellín,Altavista,,601.0,1,83.8200011253357,176.02200239896774,179.32400250434875,231.90200221538544,243.33200234174728,265.9380029439926,269.7480030655861,269.7480030655861,270.0020030736923,270.5100030899048,273.30400317907333,274.06600320339203,275.3360032439232,275.3360032439232,275.3360032439232,280.67000341415405,280.67000341415405,285.750003695488,361.4420051574707,393.1920062303543,393.1920062303543,410.2100067138672,415.0360068678856,415.0360068678856,438.65800750255585,459.99400812387466,464.5660082101822,485.90200811624527,491.49000829458237,492.25200831890106,516.6360084414482,524.5100085735321,530.606008708477,557.2760078907013,557.2760078907013,557.2760078907013,557.2760078907013,557.2760078907013,559.0540079474449,567.1820082068443,567.1820082068443,567.1820082068443,574.5480085015297,583.1840087175369,589.2800089120865,590.0420089364052,602.4880091547966,602.4880091547966,634.4920093417168,634.4920093417168,634.4920093417168,640.0800094604492,640.0800094604492,641.8580093979836,641.8580093979836,655.3200098872185,667.0040101408958,667.0040101408958,675.6400101184845,701.8020096421242,706.6280097365379,711.4540097117424,720.0900099873543,730.2500102519989,730.7580102682114,733.5520103573799,742.442010819912,742.442010819912,744.4740108847618,747.7760109901428,758.6980110406876,766.3180112838745,784.8600113987923,784.8600113987923,795.5280114412308,797.5600115060806,801.6240116357803,806.4500117897987,814.070012152195,816.3560122251511,855.2180131673813,856.2340131998062,856.2340131998062,876.5540133714676,881.380013525486,881.6340135335922,881.6340135335922,881.6340135335922,881.8880135416985,886.4600136876106,886.4600136876106,886.4600136876106,886.4600136876106,887.2220137119293,887.2220137119293,887.2220137119293,887.2220137119293
2025-04-29 08:00:00,baja,6.21645,-75.6424,baja,Flujo,Medellín,Altavista,,601.0,1,83.8200011253357,176.02200239896774,179.32400250434875,231.90200221538544,243.33200234174728,265.9380029439926,269.7480030655861,269.7480030655861,270.0020030736923,270.5100030899048,273.30400317907333,274.06600320339203,275.3360032439232,275.3360032439232,275.3360032439232,280.67000341415405,280.67000341415405,285.750003695488,361.4420051574707,393.1920062303543,393.1920062303543,410.2100067138672,415.0360068678856,415.0360068678856,438.65800750255585,459.99400812387466,464.5660082101822,485.90200811624527,491.49000829458237,492.25200831890106,516.6360084414482,524.5100085735321,530.606008708477,557.2760078907013,557.2760078907013,557.2760078907013,557.2760078907013,557.2760078907013,559.0540079474449,567.1820082068443,567.1820082068443,567.1820082068443,574.5480085015297,583.1840087175369,589.2800089120865,590.0420089364052,602.4880091547966,602.4880091547966,634.4920093417168,634.4920093417168,634.4920093417168,640.0800094604492,640.0800094604492,641.8580093979836,641.8580093979836,655.3200098872185,667.0040101408958,667.0040101408958,675.6400101184845,701.8020096421242,706.6280097365379,711.4540097117424,720.0900099873543,730.2500102519989,730.7580102682114,733.5520103573799,742.442010819912,742.442010819912,744.4740108847618,747.7760109901428,758.6980110406876,766.3180112838745,784.8600113987923,784.8600113987923,795.5280114412308,797.5600115060806,801.6240116357803,806.4500117897987,814.070012152195,816.3560122251511,855.2180131673813,856.2340131998062,856.2340131998062,876.5540133714676,881.380013525486,881.6340135335922,881.6340135335922,881.6340135335922,881.8880135416985,886.4600136876106,886.4600136876106,886.4600136876106,886.4600136876106,887.2220137119293,887.2220137119293,887.2220137119293,887.2220137119293
2025-04-29 08:00:00,baja,6.2166,-75.64555,baja,Flujo,Medellín,Altavista,,601.0,1,83.8200011253357,176.02200239896774,179.32400250434875,231.90200221538544,243.33200234174728,265.9380029439926,269.7480030655861,269.7480030655861,270.0020030736923,270.5100030899048,273.30400317907333,274.06600320339203,275.3360032439232,275.3360032439232,275.3360032439232,280.67000341415405,280.67000341415405,285.750003695488,361.4420051574707,393.1920062303543,393.1920062303543,410.2100067138672,415.0360068678856,415.0360068678856,438.65800750255585,459.99400812387466,464.5660082101822,485.90200811624527,491.49000829458237,492.25200831890106,516.6360084414482,524.5100085735321,530.606008708477,557.2760078907013,557.2760078907013,557.2760078907013,557.2760078907013,557.2760078907013,559.0540079474449,567.1820082068443,567.1820082068443,567.1820082068443,574.5480085015297,583.1840087175369,589.2800089120865,590.0420089364052,602.4880091547966,602.4880091547966,634.4920093417168,634.4920093417168,634.4920093417168,640.0800094604492,640.0800094604492,641.8580093979836,641.8580093979836,655.3200098872185,667.0040101408958,667.0040101408958,675.6400101184845,701.8020096421242,706.6280097365379,711.4540097117424,720.0900099873543,730.2500102519989,730.7580102682114,733.5520103573799,742.442010819912,742.442010819912,744.4740108847618,747.7760109901428,758.6980110406876,766.3180112838745,784.8600113987923,784.8600113987923,795.5280114412308,797.5600115060806,801.6240116357803,806.4500117897987,814.070012152195,816.3560122251511,855.2180131673813,856.2340131998062,856.2340131998062,876.5540133714676,881.380013525486,881.6340135335922,881.6340135335922,881.6340135335922,881.8880135416985,886.4600136876106,886.4600136876106,886.4600136876106,886.4600136876106,887.2220137119293,887.2220137119293,887.2220137119293,887.2220137119293
2025-04-29 08:00:00,baja,6.21279,-75.63602,baja,Flujo,Medellín,Altavista,,8.0,1,45.466000497341156,134.11200255155563,137.1600026488304,179.3240037560463,190.50000429153442,192.7860043644905,196.08800446987152,196.08800446987152,196.08800446987152,196.85000449419022,199.64400458335876,200.40600460767746,201.93000465631485,201.93000465631485,201.93000465631485,208.28000485897064,208.7880048751831,212.8520050048828,278.8920068740845,306.5780074596405,306.83200746774673,321.31000781059265,324.8660079240799,324.8660079240799,345.4400082230568,366.0140087008476,367.79200875759125,384.3020089864731,389.3820091485977,390.6520091891289,414.5280089378357,416.3060089945793,425.70400923490524,454.40600925683975,454.40600925683975,454.40600925683975,454.40600925683975,454.40600925683975,456.1840093135834,463.8040095567703,463.8040095567703,463.8040095567703,470.6620098352432,480.06001007556915,483.6160101890564,484.3780102133751,502.9200105071068,503.174010515213,535.6860107779503,535.6860107779503,535.6860107779503,544.8300111889839,544.8300111889839,546.6080111861229,546.8620111942291,552.9580113887787,563.8800116181374,563.8800116181374,575.5640118122101,602.9960117936134,608.5840119123459,613.6640121936798,624.0780127048492,631.9520129561424,632.4600129723549,636.0160130858421,644.9060133695602,644.9060133695602,648.2080134153366,651.2560135126114,668.2740138173103,676.1480140686035,694.182014465332,694.182014465332,703.580014705658,705.6120147705078,707.1360148191452,710.4380149245262,718.0580149292946,720.0900149941444,759.968015909195,760.9840159416199,760.9840159416199,781.3040161132812,788.6700164079666,788.6700164079666,788.6700164079666,788.6700164079666,788.6700164079666,793.7500165700912,793.7500165700912,793.7500165700912,793.7500165700912,794.2580165863037,794.2580165863037,794.2580165863037,794.2580165863037
2025-04-29 08:00:00,baja,6.22534,-75.6445,baja,Flujo,Medellín,Altavista,,601.0,1,83.8200011253357,176.02200239896774,179.32400250434875,231.90200221538544,243.33200234174728,265.9380029439926,269.7480030655861,269.7480030655861,270.0020030736923,270.5100030899048,273.30400317907333,274.06600320339203,275.3360032439232,275.3360032439232,275.3360032439232,280.67000341415405,280.67000341415405,285.750003695488,361.4420051574707,393.1920062303543,393.1920062303543,410.2100067138672,415.0360068678856,415.0360068678856,438.65800750255585,459.99400812387466,464.5660082101822,485.90200811624527,491.49000829458237,492.25200831890106,516.6360084414482,524.5100085735321,530.606008708477,557.2760078907013,557.2760078907013,557.2760078907013,557.2760078907013,557.2760078907013,559.0540079474449,567.1820082068443,567.1820082068443,567.1820082068443,574.5480085015297,583.1840087175369,589.2800089120865,590.0420089364052,602.4880091547966,602.4880091547966,634.4920093417168,634.4920093417168,634.4920093417168,640.0800094604492,640.0800094604492,641.8580093979836,641.8580093979836,655.3200098872185,667.0040101408958,667.0040101408958,675.6400101184845,701.8020096421242,706.6280097365379,711.4540097117424,720.0900099873543,730.2500102519989,730.7580102682114,733.5520103573799,742.442010819912,742.442010819912,744.4740108847618,747.7760109901428,758.6980110406876,766.3180112838745,784.8600113987923,784.8600113987923,795.5280114412308,797.5600115060806,801.6240116357803,806.4500117897987,814.070012152195,816.3560122251511,855.2180131673813,856.2340131998062,856.2340131998062,876.5540133714676,881.380013525486,881.6340135335922,881.6340135335922,881.6340135335922,881.8880135416985,886.4600136876106,886.4600136876106,886.4600136876106,886.4600136876106,887.2220137119293,887.2220137119293,887.2220137119293,887.2220137119293
2025-04-29 08:00:00,baja,6.22671,-75.64353,baja,Flujo,Medellín,Altavista,,29.0,1,37.799999,90.19999920000001,92.19999920000001,137.40000042785567,148.40000075568122,165.60000102688235,167.8000010596649,167.8000010596649,168.20000106562537,169.20000108052653,170.2000010954277,172.40000112821025,173.00000113715095,173.00000113715095,173.00000113715095,177.0000011967556,177.20000119973582,182.20000121463698,233.00000198651713,255.00000244845313,255.00000244845313,267.8000027136938,272.20000279416007,272.60000280012054,282.80000296701354,289.80000311602515,291.00000313390655,293.6000031577484,295.20000318159026,296.2000032113926,307.6000034706728,315.4000037210123,320.4000038253204,339.4000042276518,339.4000042276518,339.4000042276518,339.4000042276518,339.4000042276518,340.2000042395727,345.40000431705874,345.40000431705874,345.40000431705874,350.2000044034855,356.2000044779913,360.40000454057616,360.6000045435564,365.60000463296336,365.60000463296336,390.40000492800635,390.40000492800635,390.40000492800635,390.40000492800635,390.40000492800635,390.40000492800635,391.2000049399273,409.20000461210174,425.8000045167343,428.80000453163547,429.6000045435564,447.8000054406063,447.8000054406063,448.6000054525272,454.8000056641237,464.60000609327716,469.2000063853399,471.20000641514224,476.4000065224306,476.4000065224306,478.00000654627246,481.6000066595213,484.800006707205,492.8000068711178,509.200007130398,509.8000071393387,523.8000075267689,525.8000075714724,532.0000077234643,536.6000078218119,541.6000079112189,542.60000792612,563.8000084357398,566.4000084297793,566.6000084327595,583.4000090407269,589.2000093059676,589.2000093059676,589.2000093059676,589.2000093059676,589.4000093089478,593.4000093685524,593.4000093685524,593.4000093685524,593.4000093685524,593.6000093715327,593.6000093715327,593.6000093715327,593.6000093715327
2025-04-29 08:00:00,baja,6.22531,-75.64295,baja,Flujo,Medellín,Altavista,,601.0,1,83.8200011253357,176.02200239896774,179.32400250434875,231.90200221538544,243.33200234174728,265.9380029439926,269.7480030655861,269.7480030655861,270.0020030736923,270.5100030899048,273.30400317907333,274.06600320339203,275.3360032439232,275.3360032439232,275.3360032439232,280.67000341415405,280.67000341415405,285.750003695488,361.4420051574707,393.1920062303543,393.1920062303543,410.2100067138672,415.0360068678856,415.0360068678856,438.65800750255585,459.99400812387466,464.5660082101822,485.90200811624527,491.49000829458237,492.25200831890106,516.6360084414482,524.5100085735321,530.606008708477,557.2760078907013,557.2760078907013,557.2760078907013,557.2760078907013,557.2760078907013,559.0540079474449,567.1820082068443,567.1820082068443,567.1820082068443,574.5480085015297,583.1840087175369,589.2800089120865,590.0420089364052,602.4880091547966,602.4880091547966,634.4920093417168,634.4920093417168,634.4920093417168,640.0800094604492,640.0800094604492,641.8580093979836,641.8580093979836,655.3200098872185,667.0040101408958,667.0040101408958,675.6400101184845,701.8020096421242,706.6280097365379,711.4540097117424,720.0900099873543,730.2500102519989,730.7580102682114,733.5520103573799,742.442010819912,742.442010819912,744.4740108847618,747.7760109901428,758.6980110406876,766.3180112838745,784.8600113987923,784.8600113987923,795.5280114412308,797.5600115060806,801.6240116357803,806.4500117897987,814.070012152195,816.3560122251511,855.2180131673813,856.2340131998062,856.2340131998062,876.5540133714676,881.380013525486,881.6340135335922,881.6340135335922,881.6340135335922,881.8880135416985,886.4600136876106,886.4600136876106,886.4600136876106,886.4600136876106,887.2220137119293,887.2220137119293,887.2220137119293,887.2220137119293
2025-04-29 08:00:00,baja,6.21023,-75.62711,baja,Flujo,Medellín,Altavista,,1.0,1,61.97599700000001,128.01600349999998,130.8100035,161.7980036358986,168.40200390626526,183.6420043330345,186.43600442220307,186.43600442220307,186.94400443841553,187.452004454628,189.48400451947782,189.99200453569028,191.5160045843277,191.5160045843277,191.5160045843277,195.07200469781495,195.32600470592118,197.61200477887726,238.2520053606186,261.3660058598671,261.36600585986713,272.2880060296211,274.5740061025772,274.5740061025772,289.30600645352933,302.7680067639503,304.8000068288002,317.7540073614273,323.85000755597684,324.86600758840177,345.44000824500654,346.96400829364393,353.3140084962997,369.57000889588926,369.57000889588926,369.57000889588926,369.57000889588926,369.57000889588926,371.3480089526329,378.46000917960737,378.4600091796074,378.4600091796074,382.0160092930946,388.87400951196287,393.1920096497688,394.20800968219373,414.528010211483,414.528010211483,449.0720107774887,449.0720107774887,449.0720107774887,451.612010858551,451.612010858551,454.15201099921796,454.6600110154304,458.47001095820997,472.1860112767372,472.1860112767372,486.91801150848005,501.9040118079338,509.52401193191145,514.096012018219,531.1140123825226,534.924012504116,535.6860125284347,540.5120126824531,553.720012805954,553.720012805954,555.7520128708038,559.0540129761848,575.8180134515915,588.2640138487968,607.3140139203224,607.3140139203224,615.9500141959343,617.4740142445717,618.7440142851028,621.0300143580589,627.3800143819008,628.6500144224319,660.4000148992691,662.1780149560127,662.1780149560127,687.5780157070312,695.4520156603012,695.4520156603012,695.4520156603012,695.4520156603012,695.4520156603012,701.802015862957,701.802015862957,701.802015862957,701.802015862957,702.3100158791694,702.3100158791694,702.3100158791694,702.3100158791694
2025-05-05 04:00:00,baja,6.1793759,-75.6215912,baja,Flujo,Itaguí,Olivares,,19.0,1,107.950011,108.20401100000001,114.80801100000001,121.412011,121.92001100000002,150.6220115,179.83201150000002,199.39001230000002,205.48601230000003,218.44001267288667,260.6040134224747,263.39801339243394,267.2080135140274,267.2080135140274,270.5100136194084,270.5100136194084,275.8440137896393,276.35201380585175,276.35201380585175,276.35201380585175,281.4320139679764,282.4480140004013,288.0360140595291,293.1160140428398,358.6480153593872,389.89001629684907,389.89001629684907,389.89001629684907,389.89001629684907,389.89001629684907,389.89001629684907,389.89001629684907,389.89001629684907,389.89001629684907,389.89001629684907,389.89001629684907,400.3040165099953,402.0820165667389,403.8600166234825,418.0840167198036,418.0840167198036,418.0840167198036,418.0840167198036,418.0840167198036,418.0840167198036,428.4980170521591,428.4980170521591,434.3400172982071,452.6280174050186,463.8040177616928,466.8520178589676,468.6300179157112,504.69801841114503,504.69801841114503,519.430018642888,519.430018642888,519.430018642888,527.5580188426827,527.5580188426827,529.8440189156388,530.098018923745,537.7180193457459,547.624019483075,547.624019483075,547.624019483075,581.9140202793931,583.4380203280305,583.4380203280305,598.6780206355904,599.1860206518029,600.456020692334,601.7260207328652,608.838020900235,616.2040210161065,616.4580210242127,616.9660210404252,631.9520211014603,638.8100212607239,666.2420215997552,666.2420215997552,697.9920223746155,699.2620224151467,702.0560225043153,702.5640225205277,734.3140230569695,750.0620234999512,821.9440243635033,831.342024305806,835.4060244355057,847.0900246891831,851.4080247077798,851.4080247077798,851.4080247077798,851.4080247077798,851.4080247077798,864.87002513741,864.87002513741
2025-05-05 04:00:00,baja,6.1765024,-75.6229235,baja,Flujo,Itaguí,Olivares,,19.0,1,107.950011,108.20401100000001,114.80801100000001,121.412011,121.92001100000002,150.6220115,179.83201150000002,199.39001230000002,205.48601230000003,218.44001267288667,260.6040134224747,263.39801339243394,267.2080135140274,267.2080135140274,270.5100136194084,270.5100136194084,275.8440137896393,276.35201380585175,276.35201380585175,276.35201380585175,281.4320139679764,282.4480140004013,288.0360140595291,293.1160140428398,358.6480153593872,389.89001629684907,389.89001629684907,389.89001629684907,389.89001629684907,389.89001629684907,389.89001629684907,389.89001629684907,389.89001629684907,389.89001629684907,389.89001629684907,389.89001629684907,400.3040165099953,402.0820165667389,403.8600166234825,418.0840167198036,418.0840167198036,418.0840167198036,418.0840167198036,418.0840167198036,418.0840167198036,428.4980170521591,428.4980170521591,434.3400172982071,452.6280174050186,463.8040177616928,466.8520178589676,468.6300179157112,504.69801841114503,504.69801841114503,519.430018642888,519.430018642888,519.430018642888,527.5580188426827,527.5580188426827,529.8440189156388,530.098018923745,537.7180193457459,547.624019483075,547.624019483075,547.624019483075,581.9140202793931,583.4380203280305,583.4380203280305,598.6780206355904,599.1860206518029,600.456020692334,601.7260207328652,608.838020900235,616.2040210161065,616.4580210242127,616.9660210404252,631.9520211014603,638.8100212607239,666.2420215997552,666.2420215997552,697.9920223746155,699.2620224151467,702.0560225043153,702.5640225205277,734.3140230569695,750.0620234999512,821.9440243635033,831.342024305806,835.4060244355057,847.0900246891831,851.4080247077798,851.4080247077798,851.4080247077798,851.4080247077798,851.4080247077798,864.87002513741,864.87002513741
2025-05-05 04:00:00,baja,6.1758227,-75.6194946,baja,Flujo,Itaguí,Olivares,,19.0,1,107.950011,108.20401100000001,114.80801100000001,121.412011,121.92001100000002,150.6220115,179.83201150000002,199.39001230000002,205.48601230000003,218.44001267288667,260.6040134224747,263.39801339243394,267.2080135140274,267.2080135140274,270.5100136194084,270.5100136194084,275.8440137896393,276.35201380585175,276.35201380585175,276.35201380585175,281.4320139679764,282.4480140004013,288.0360140595291,293.1160140428398,358.6480153593872,389.89001629684907,389.89001629684907,389.89001629684907,389.89001629684907,389.89001629684907,389.89001629684907,389.89001629684907,389.89001629684907,389.89001629684907,389.89001629684907,389.89001629684907,400.3040165099953,402.0820165667389,403.8600166234825,418.0840167198036,418.0840167198036,418.0840167198036,418.0840167198036,418.0840167198036,418.0840167198036,428.4980170521591,428.4980170521591,434.3400172982071,452.6280174050186,463.8040177616928,466.8520178589676,468.6300179157112,504.69801841114503,504.69801841114503,519.430018642888,519.430018642888,519.430018642888,527.5580188426827,527.5580188426827,529.8440189156388,530.098018923745,537.7180193457459,547.624019483075,547.624019483075,547.624019483075,581.9140202793931,583.4380203280305,583.4380203280305,598.6780206355904,599.1860206518029,600.456020692334,601.7260207328652,608.838020900235,616.2040210161065,616.4580210242127,616.9660210404252,631.9520211014603,638.8100212607239,666.2420215997552,666.2420215997552,697.9920223746155,699.2620224151467,702.0560225043153,702.5640225205277,734.3140230569695,750.0620234999512,821.9440243635033,831.342024305806,835.4060244355057,847.0900246891831,851.4080247077798,851.4080247077798,851.4080247077798,851.4080247077798,851.4080247077798,864.87002513741,864.87002513741
2025-05-05 04:00:00,baja,6.175357,-75.6199013,baja,Flujo,Itaguí,Olivares,,19.0,1,107.950011,108.20401100000001,114.80801100000001,121.412011,121.92001100000002,150.6220115,179.83201150000002,199.39001230000002,205.48601230000003,218.44001267288667,260.6040134224747,263.39801339243394,267.2080135140274,267.2080135140274,270.5100136194084,270.5100136194084,275.8440137896393,276.35201380585175,276.35201380585175,276.35201380585175,281.4320139679764,282.4480140004013,288.0360140595291,293.1160140428398,358.6480153593872,389.89001629684907,389.89001629684907,389.89001629684907,389.89001629684907,389.89001629684907,389.89001629684907,389.89001629684907,389.89001629684907,389.89001629684907,389.89001629684907,389.89001629684907,400.3040165099953,402.0820165667389,403.8600166234825,418.0840167198036,418.0840167198036,418.0840167198036,418.0840167198036,418.0840167198036,418.0840167198036,428.4980170521591,428.4980170521591,434.3400172982071,452.6280174050186,463.8040177616928,466.8520178589676,468.6300179157112,504.69801841114503,504.69801841114503,519.430018642888,519.430018642888,519.430018642888,527.5580188426827,527.5580188426827,529.8440189156388,530.098018923745,537.7180193457459,547.624019483075,547.624019483075,547.624019483075,581.9140202793931,583.4380203280305,583.4380203280305,598.6780206355904,599.1860206518029,600.456020692334,601.7260207328652,608.838020900235,616.2040210161065,616.4580210242127,616.9660210404252,631.9520211014603,638.8100212607239,666.2420215997552,666.2420215997552,697.9920223746155,699.2620224151467,702.0560225043153,702.5640225205277,734.3140230569695,750.0620234999512,821.9440243635033,831.342024305806,835.4060244355057,847.0900246891831,851.4080247077798,851.4080247077798,851.4080247077798,851.4080247077798,851.4080247077798,864.87002513741,864.87002513741
2025-05-05 04:00:00,baja,6.1757933,-75.6197104,baja,Flujo,Itaguí,Olivares,,19.0,1,107.950011,108.20401100000001,114.80801100000001,121.412011,121.92001100000002,150.6220115,179.83201150000002,199.39001230000002,205.48601230000003,218.44001267288667,260.6040134224747,263.39801339243394,267.2080135140274,267.2080135140274,270.5100136194084,270.5100136194084,275.8440137896393,276.35201380585175,276.35201380585175,276.35201380585175,281.4320139679764,282.4480140004013,288.0360140595291,293.1160140428398,358.6480153593872,389.89001629684907,389.89001629684907,389.89001629684907,389.89001629684907,389.89001629684907,389.89001629684907,389.89001629684907,389.89001629684907,389.89001629684907,389.89001629684907,389.89001629684907,400.3040165099953,402.0820165667389,403.8600166234825,418.0840167198036,418.0840167198036,418.0840167198036,418.0840167198036,418.0840167198036,418.0840167198036,428.4980170521591,428.4980170521591,434.3400172982071,452.6280174050186,463.8040177616928,466.8520178589676,468.6300179157112,504.69801841114503,504.69801841114503,519.430018642888,519.430018642888,519.430018642888,527.5580188426827,527.5580188426827,529.8440189156388,530.098018923745,537.7180193457459,547.624019483075,547.624019483075,547.624019483075,581.9140202793931,583.4380203280305,583.4380203280305,598.6780206355904,599.1860206518029,600.456020692334,601.7260207328652,608.838020900235,616.2040210161065,616.4580210242127,616.9660210404252,631.9520211014603,638.8100212607239,666.2420215997552,666.2420215997552,697.9920223746155,699.2620224151467,702.0560225043153,702.5640225205277,734.3140230569695,750.0620234999512,821.9440243635033,831.342024305806,835.4060244355057,847.0900246891831,851.4080247077798,851.4080247077798,851.4080247077798,851.4080247077798,851.4080247077798,864.87002513741,864.87002513741
2025-05-05 04:00:00,baja,6.177984,-75.6206542,baja,Flujo,Itaguí,Olivares,,19.0,1,107.950011,108.20401100000001,114.80801100000001,121.412011,121.92001100000002,150.6220115,179.83201150000002,199.39001230000002,205.48601230000003,218.44001267288667,260.6040134224747,263.39801339243394,267.2080135140274,267.2080135140274,270.5100136194084,270.5100136194084,275.8440137896393,276.35201380585175,276.35201380585175,276.35201380585175,281.4320139679764,282.4480140004013,288.0360140595291,293.1160140428398,358.6480153593872,389.89001629684907,389.89001629684907,389.89001629684907,389.89001629684907,389.89001629684907,389.89001629684907,389.89001629684907,389.89001629684907,389.89001629684907,389.89001629684907,389.89001629684907,400.3040165099953,402.0820165667389,403.8600166234825,418.0840167198036,418.0840167198036,418.0840167198036,418.0840167198036,418.0840167198036,418.0840167198036,428.4980170521591,428.4980170521591,434.3400172982071,452.6280174050186,463.8040177616928,466.8520178589676,468.6300179157112,504.69801841114503,504.69801841114503,519.430018642888,519.430018642888,519.430018642888,527.5580188426827,527.5580188426827,529.8440189156388,530.098018923745,537.7180193457459,547.624019483075,547.624019483075,547.624019483075,581.9140202793931,583.4380203280305,583.4380203280305,598.6780206355904,599.1860206518029,600.456020692334,601.7260207328652,608.838020900235,616.2040210161065,616.4580210242127,616.9660210404252,631.9520211014603,638.8100212607239,666.2420215997552,666.2420215997552,697.9920223746155,699.2620224151467,702.0560225043153,702.5640225205277,734.3140230569695,750.0620234999512,821.9440243635033,831.342024305806,835.4060244355057,847.0900246891831,851.4080247077798,851.4080247077798,851.4080247077798,851.4080247077798,851.4080247077798,864.87002513741,864.87002513741
2025-05-05 04:00:00,baja,6.1788245,-75.62091,baja,Flujo,Itaguí,Olivares,,19.0,1,107.950011,108.20401100000001,114.80801100000001,121.412011,121.92001100000002,150.6220115,179.83201150000002,199.39001230000002,205.48601230000003,218.44001267288667,260.6040134224747,263.39801339243394,267.2080135140274,267.2080135140274,270.5100136194084,270.5100136194084,275.8440137896393,276.35201380585175,276.35201380585175,276.35201380585175,281.4320139679764,282.4480140004013,288.0360140595291,293.1160140428398,358.6480153593872,389.89001629684907,389.89001629684907,389.89001629684907,389.89001629684907,389.89001629684907,389.89001629684907,389.89001629684907,389.89001629684907,389.89001629684907,389.89001629684907,389.89001629684907,400.3040165099953,402.0820165667389,403.8600166234825,418.0840167198036,418.0840167198036,418.0840167198036,418.0840167198036,418.0840167198036,418.0840167198036,428.4980170521591,428.4980170521591,434.3400172982071,452.6280174050186,463.8040177616928,466.8520178589676,468.6300179157112,504.69801841114503,504.69801841114503,519.430018642888,519.430018642888,519.430018642888,527.5580188426827,527.5580188426827,529.8440189156388,530.098018923745,537.7180193457459,547.624019483075,547.624019483075,547.624019483075,581.9140202793931,583.4380203280305,583.4380203280305,598.6780206355904,599.1860206518029,600.456020692334,601.7260207328652,608.838020900235,616.2040210161065,616.4580210242127,616.9660210404252,631.9520211014603,638.8100212607239,666.2420215997552,666.2420215997552,697.9920223746155,699.2620224151467,702.0560225043153,702.5640225205277,734.3140230569695,750.0620234999512,821.9440243635033,831.342024305806,835.4060244355057,847.0900246891831,851.4080247077798,851.4080247077798,851.4080247077798,851.4080247077798,851.4080247077798,864.87002513741,864.87002513741
2025-05-05 04:00:00,baja,6.1808021,-75.6228737,baja,Flujo,Itaguí,Olivares,,395.0,1,99.568,99.822,123.697999,128.77799929999998,129.28599930000001,162.8139981,193.8019981,217.42399909999997,222.7579991,236.21999937799606,271.2719997217956,273.5579997947517,278.1299999406639,278.1299999406639,280.41600001361996,282.95600003507764,288.79800022152097,289.56000024583966,289.56000024583966,289.56000024583966,294.6400004079643,294.8940004160705,300.4820005944076,304.80000073221356,372.11000180748135,432.3080034902397,434.0860035469833,448.56400353220135,454.91400373485715,454.91400373485715,474.21800435093076,506.22200513389737,506.73000515010983,519.1760054877105,526.7960057308975,526.7960057308975,545.3380063226524,546.8620063712898,554.4820064356628,568.4520068815056,568.4520068815056,568.4520068815056,568.4520068815056,568.4520068815056,568.7060068896118,579.882007246286,580.6440072706047,585.2160074165168,606.0440076639953,616.4580079963508,619.2520080855194,621.2840081503692,669.0360096147361,669.0360096147361,708.1520104458633,708.1520104458633,708.1520104458633,714.2480104615989,714.2480104615989,715.2640104940239,715.7720105102363,722.1220107128921,735.5840110233131,735.5840110233131,735.5840110233131,765.3020114949051,768.096011524469,768.096011524469,793.7500122239891,798.8300124457184,799.3380124619308,800.1000124862495,808.2280126264396,814.3240127017799,815.3400127342048,816.3560127666298,831.8500128438774,844.0420131733719,882.1420137932602,882.1420137932602,913.6380143812004,917.9560145190063,925.0680147459808,925.8300147702995,954.7860149791542,966.4700154712501,1030.986015503675,1037.0820155790152,1040.8920157006087,1051.814015989572,1056.1320161869826,1056.1320161869826,1056.1320161869826,1056.1320161869826,1056.3860161950888,1069.0860165407958,1069.0860165407958
2025-05-05 04:00:00,baja,6.1779912,-75.6235303,baja,Flujo,Itaguí,La María,,19.0,1,107.950011,108.20401100000001,114.80801100000001,121.412011,121.92001100000002,150.6220115,179.83201150000002,199.39001230000002,205.48601230000003,218.44001267288667,260.6040134224747,263.39801339243394,267.2080135140274,267.2080135140274,270.5100136194084,270.5100136194084,275.8440137896393,276.35201380585175,276.35201380585175,276.35201380585175,281.4320139679764,282.4480140004013,288.0360140595291,293.1160140428398,358.6480153593872,389.89001629684907,389.89001629684907,389.89001629684907,389.89001629684907,389.89001629684907,389.89001629684907,389.89001629684907,389.89001629684907,389.89001629684907,389.89001629684907,389.89001629684907,400.3040165099953,402.0820165667389,403.8600166234825,418.0840167198036,418.0840167198036,418.0840167198036,418.0840167198036,418.0840167198036,418.0840167198036,428.4980170521591,428.4980170521591,434.3400172982071,452.6280174050186,463.8040177616928,466.8520178589676,468.6300179157112,504.69801841114503,504.69801841114503,519.430018642888,519.430018642888,519.430018642888,527.5580188426827,527.5580188426827,529.8440189156388,530.098018923745,537.7180193457459,547.624019483075,547.624019483075,547.624019483075,581.9140202793931,583.4380203280305,583.4380203280305,598.6780206355904,599.1860206518029,600.456020692334,601.7260207328652,608.838020900235,616.2040210161065,616.4580210242127,616.9660210404252,631.9520211014603,638.8100212607239,666.2420215997552,666.2420215997552,697.9920223746155,699.2620224151467,702.0560225043153,702.5640225205277,734.3140230569695,750.0620234999512,821.9440243635033,831.342024305806,835.4060244355057,847.0900246891831,851.4080247077798,851.4080247077798,851.4080247077798,851.4080247077798,851.4080247077798,864.87002513741,864.87002513741
2025-05-05 04:00:00,baja,6.1793192,-75.6239865,baja,Flujo,Itaguí,La María,,19.0,1,107.950011,108.20401100000001,114.80801100000001,121.412011,121.92001100000002,150.6220115,179.83201150000002,199.39001230000002,205.48601230000003,218.44001267288667,260.6040134224747,263.39801339243394,267.2080135140274,267.2080135140274,270.5100136194084,270.5100136194084,275.8440137896393,276.35201380585175,276.35201380585175,276.35201380585175,281.4320139679764,282.4480140004013,288.0360140595291,293.1160140428398,358.6480153593872,389.89001629684907,389.89001629684907,389.89001629684907,389.89001629684907,389.89001629684907,389.89001629684907,389.89001629684907,389.89001629684907,389.89001629684907,389.89001629684907,389.89001629684907,400.3040165099953,402.0820165667389,403.8600166234825,418.0840167198036,418.0840167198036,418.0840167198036,418.0840167198036,418.0840167198036,418.0840167198036,428.4980170521591,428.4980170521591,434.3400172982071,452.6280174050186,463.8040177616928,466.8520178589676,468.6300179157112,504.69801841114503,504.69801841114503,519.430018642888,519.430018642888,519.430018642888,527.5580188426827,527.5580188426827,529.8440189156388,530.098018923745,537.7180193457459,547.624019483075,547.624019483075,547.624019483075,581.9140202793931,583.4380203280305,583.4380203280305,598.6780206355904,599.1860206518029,600.456020692334,601.7260207328652,608.838020900235,616.2040210161065,616.4580210242127,616.9660210404252,631.9520211014603,638.8100212607239,666.2420215997552,666.2420215997552,697.9920223746155,699.2620224151467,702.0560225043153,702.5640225205277,734.3140230569695,750.0620234999512,821.9440243635033,831.342024305806,835.4060244355057,847.0900246891831,851.4080247077798,851.4080247077798,851.4080247077798,851.4080247077798,851.4080247077798,864.87002513741,864.87002513741
2025-05-05 04:00:00,baja,6.1823315,-75.616722,baja,Flujo,Itaguí,El Pedregal,,395.0,1,99.568,99.822,123.697999,128.77799929999998,129.28599930000001,162.8139981,193.8019981,217.42399909999997,222.7579991,236.21999937799606,271.2719997217956,273.5579997947517,278.1299999406639,278.1299999406639,280.41600001361996,282.95600003507764,288.79800022152097,289.56000024583966,289.56000024583966,289.56000024583966,294.6400004079643,294.8940004160705,300.4820005944076,304.80000073221356,372.11000180748135,432.3080034902397,434.0860035469833,448.56400353220135,454.91400373485715,454.91400373485715,474.21800435093076,506.22200513389737,506.73000515010983,519.1760054877105,526.7960057308975,526.7960057308975,545.3380063226524,546.8620063712898,554.4820064356628,568.4520068815056,568.4520068815056,568.4520068815056,568.4520068815056,568.4520068815056,568.7060068896118,579.882007246286,580.6440072706047,585.2160074165168,606.0440076639953,616.4580079963508,619.2520080855194,621.2840081503692,669.0360096147361,669.0360096147361,708.1520104458633,708.1520104458633,708.1520104458633,714.2480104615989,714.2480104615989,715.2640104940239,715.7720105102363,722.1220107128921,735.5840110233131,735.5840110233131,735.5840110233131,765.3020114949051,768.096011524469,768.096011524469,793.7500122239891,798.8300124457184,799.3380124619308,800.1000124862495,808.2280126264396,814.3240127017799,815.3400127342048,816.3560127666298,831.8500128438774,844.0420131733719,882.1420137932602,882.1420137932602,913.6380143812004,917.9560145190063,925.0680147459808,925.8300147702995,954.7860149791542,966.4700154712501,1030.986015503675,1037.0820155790152,1040.8920157006087,1051.814015989572,1056.1320161869826,1056.1320161869826,1056.1320161869826,1056.1320161869826,1056.3860161950888,1069.0860165407958,1069.0860165407958
2025-05-05 04:00:00,baja,6.1823496,-75.616335,baja,Flujo,Itaguí,El Pedregal,,395.0,1,99.568,99.822,123.697999,128.77799929999998,129.28599930000001,162.8139981,193.8019981,217.42399909999997,222.7579991,236.21999937799606,271.2719997217956,273.5579997947517,278.1299999406639,278.1299999406639,280.41600001361996,282.95600003507764,288.79800022152097,289.56000024583966,289.56000024583966,289.56000024583966,294.6400004079643,294.8940004160705,300.4820005944076,304.80000073221356,372.11000180748135,432.3080034902397,434.0860035469833,448.56400353220135,454.91400373485715,454.91400373485715,474.21800435093076,506.22200513389737,506.73000515010983,519.1760054877105,526.7960057308975,526.7960057308975,545.3380063226524,546.8620063712898,554.4820064356628,568.4520068815056,568.4520068815056,568.4520068815056,568.4520068815056,568.4520068815056,568.7060068896118,579.882007246286,580.6440072706047,585.2160074165168,606.0440076639953,616.4580079963508,619.2520080855194,621.2840081503692,669.0360096147361,669.0360096147361,708.1520104458633,708.1520104458633,708.1520104458633,714.2480104615989,714.2480104615989,715.2640104940239,715.7720105102363,722.1220107128921,735.5840110233131,735.5840110233131,735.5840110233131,765.3020114949051,768.096011524469,768.096011524469,793.7500122239891,798.8300124457184,799.3380124619308,800.1000124862495,808.2280126264396,814.3240127017799,815.3400127342048,816.3560127666298,831.8500128438774,844.0420131733719,882.1420137932602,882.1420137932602,913.6380143812004,917.9560145190063,925.0680147459808,925.8300147702995,954.7860149791542,966.4700154712501,1030.986015503675,1037.0820155790152,1040.8920157006087,1051.814015989572,1056.1320161869826,1056.1320161869826,1056.1320161869826,1056.1320161869826,1056.3860161950888,1069.0860165407958,1069.0860165407958
2025-05-05 04:00:00,baja,6.1778986,-75.6186444,baja,Flujo,Itaguí,La Unión,,19.0,1,107.950011,108.20401100000001,114.80801100000001,121.412011,121.92001100000002,150.6220115,179.83201150000002,199.39001230000002,205.48601230000003,218.44001267288667,260.6040134224747,263.39801339243394,267.2080135140274,267.2080135140274,270.5100136194084,270.5100136194084,275.8440137896393,276.35201380585175,276.35201380585175,276.35201380585175,281.4320139679764,282.4480140004013,288.0360140595291,293.1160140428398,358.6480153593872,389.89001629684907,389.89001629684907,389.89001629684907,389.89001629684907,389.89001629684907,389.89001629684907,389.89001629684907,389.89001629684907,389.89001629684907,389.89001629684907,389.89001629684907,400.3040165099953,402.0820165667389,403.8600166234825,418.0840167198036,418.0840167198036,418.0840167198036,418.0840167198036,418.0840167198036,418.0840167198036,428.4980170521591,428.4980170521591,434.3400172982071,452.6280174050186,463.8040177616928,466.8520178589676,468.6300179157112,504.69801841114503,504.69801841114503,519.430018642888,519.430018642888,519.430018642888,527.5580188426827,527.5580188426827,529.8440189156388,530.098018923745,537.7180193457459,547.624019483075,547.624019483075,547.624019483075,581.9140202793931,583.4380203280305,583.4380203280305,598.6780206355904,599.1860206518029,600.456020692334,601.7260207328652,608.838020900235,616.2040210161065,616.4580210242127,616.9660210404252,631.9520211014603,638.8100212607239,666.2420215997552,666.2420215997552,697.9920223746155,699.2620224151467,702.0560225043153,702.5640225205277,734.3140230569695,750.0620234999512,821.9440243635033,831.342024305806,835.4060244355057,847.0900246891831,851.4080247077798,851.4080247077798,851.4080247077798,851.4080247077798,851.4080247077798,864.87002513741,864.87002513741
2025-05-05 04:00:00,baja,6.1790193,-75.6284037,baja,Flujo,Itaguí,La María,,36.0,1,78.4860036,78.4860036,81.7880036,85.85200359999999,85.85200359999999,116.07800329999999,136.90600229999998,184.6580042,189.9920042,246.38000521436845,300.9900058843246,322.3260057307831,328.42200592533266,328.42200592533266,333.5020060874573,333.7560060955635,337.8200062252632,337.8200062252632,337.8200062252632,337.8200062252632,344.6780064441314,346.2020064927688,352.8060067035309,360.1720069386116,458.47000870481645,472.1860090829483,479.0440094806305,495.8080093599907,499.8720094896904,503.1740095354668,513.334009859716,539.7500099279038,540.5120099522225,566.9280104972473,572.7700106836907,574.5480107404343,586.7400110699288,587.7560111023537,598.6780114509216,605.5360116101853,605.5360116101851,605.5360116101851,605.5360116101851,605.5360116101851,605.5360116101851,617.2200119830719,617.2200119830719,617.9820120073906,638.0480119921318,648.2080123163811,657.3520127870194,662.1780129410378,694.1820136643997,694.1820136643997,699.2620138265244,699.2620138265244,699.2620138265244,707.3900140263191,707.3900140263191,707.3900140263191,709.4220140315643,711.200014088308,721.6140143014542,721.8680143095604,730.5040146447769,743.9660148955933,747.7760150171868,783.8440158106438,790.1940158940903,790.956015918409,791.9720159508339,818.8960164524666,829.0560166575066,837.4380169250122,838.2000169493309,838.4540169574371,861.8220174647919,868.1720176674477,889.7620179988495,896.1120177842728,919.4800181724181,925.8300183750739,928.11601844803,929.1320184804549,948.944018933927,954.5320190526595,997.2040194012275,1007.3640196062674,1012.6980197764983,1021.5880201794257,1030.9860203005424,1030.9860203005424,1030.9860203005424,1030.9860203005424,1033.5260203816047,1041.9080206491103,1041.9080206491103
2025-05-05 04:00:00,baja,6.182136,-75.6178516,baja,Flujo,Itaguí,El Pedregal,,395.0,1,99.568,99.822,123.697999,128.77799929999998,129.28599930000001,162.8139981,193.8019981,217.42399909999997,222.7579991,236.21999937799606,271.2719997217956,273.5579997947517,278.1299999406639,278.1299999406639,280.41600001361996,282.95600003507764,288.79800022152097,289.56000024583966,289.56000024583966,289.56000024583966,294.6400004079643,294.8940004160705,300.4820005944076,304.80000073221356,372.11000180748135,432.3080034902397,434.0860035469833,448.56400353220135,454.91400373485715,454.91400373485715,474.21800435093076,506.22200513389737,506.73000515010983,519.1760054877105,526.7960057308975,526.7960057308975,545.3380063226524,546.8620063712898,554.4820064356628,568.4520068815056,568.4520068815056,568.4520068815056,568.4520068815056,568.4520068815056,568.7060068896118,579.882007246286,580.6440072706047,585.2160074165168,606.0440076639953,616.4580079963508,619.2520080855194,621.2840081503692,669.0360096147361,669.0360096147361,708.1520104458633,708.1520104458633,708.1520104458633,714.2480104615989,714.2480104615989,715.2640104940239,715.7720105102363,722.1220107128921,735.5840110233131,735.5840110233131,735.5840110233131,765.3020114949051,768.096011524469,768.096011524469,793.7500122239891,798.8300124457184,799.3380124619308,800.1000124862495,808.2280126264396,814.3240127017799,815.3400127342048,816.3560127666298,831.8500128438774,844.0420131733719,882.1420137932602,882.1420137932602,913.6380143812004,917.9560145190063,925.0680147459808,925.8300147702995,954.7860149791542,966.4700154712501,1030.986015503675,1037.0820155790152,1040.8920157006087,1051.814015989572,1056.1320161869826,1056.1320161869826,1056.1320161869826,1056.1320161869826,1056.3860161950888,1069.0860165407958,1069.0860165407958
2025-05-05 04:00:00,baja,6.1761254,-75.6232654,baja,Flujo,Itaguí,Olivares,,19.0,1,107.950011,108.20401100000001,114.80801100000001,121.412011,121.92001100000002,150.6220115,179.83201150000002,199.39001230000002,205.48601230000003,218.44001267288667,260.6040134224747,263.39801339243394,267.2080135140274,267.2080135140274,270.5100136194084,270.5100136194084,275.8440137896393,276.35201380585175,276.35201380585175,276.35201380585175,281.4320139679764,282.4480140004013,288.0360140595291,293.1160140428398,358.6480153593872,389.89001629684907,389.89001629684907,389.89001629684907,389.89001629684907,389.89001629684907,389.89001629684907,389.89001629684907,389.89001629684907,389.89001629684907,389.89001629684907,389.89001629684907,400.3040165099953,402.0820165667389,403.8600166234825,418.0840167198036,418.0840167198036,418.0840167198036,418.0840167198036,418.0840167198036,418.0840167198036,428.4980170521591,428.4980170521591,434.3400172982071,452.6280174050186,463.8040177616928,466.8520178589676,468.6300179157112,504.69801841114503,504.69801841114503,519.430018642888,519.430018642888,519.430018642888,527.5580188426827,527.5580188426827,529.8440189156388,530.098018923745,537.7180193457459,547.624019483075,547.624019483075,547.624019483075,581.9140202793931,583.4380203280305,583.4380203280305,598.6780206355904,599.1860206518029,600.456020692334,601.7260207328652,608.838020900235,616.2040210161065,616.4580210242127,616.9660210404252,631.9520211014603,638.8100212607239,666.2420215997552,666.2420215997552,697.9920223746155,699.2620224151467,702.0560225043153,702.5640225205277,734.3140230569695,750.0620234999512,821.9440243635033,831.342024305806,835.4060244355057,847.0900246891831,851.4080247077798,851.4080247077798,851.4080247077798,851.4080247077798,851.4080247077798,864.87002513741,864.87002513741
2025-05-05 04:00:00,baja,6.1778091,-75.6204459,baja,Flujo,Itaguí,Olivares,,19.0,1,107.950011,108.20401100000001,114.80801100000001,121.412011,121.92001100000002,150.6220115,179.83201150000002,199.39001230000002,205.48601230000003,218.44001267288667,260.6040134224747,263.39801339243394,267.2080135140274,267.2080135140274,270.5100136194084,270.5100136194084,275.8440137896393,276.35201380585175,276.35201380585175,276.35201380585175,281.4320139679764,282.4480140004013,288.0360140595291,293.1160140428398,358.6480153593872,389.89001629684907,389.89001629684907,389.89001629684907,389.89001629684907,389.89001629684907,389.89001629684907,389.89001629684907,389.89001629684907,389.89001629684907,389.89001629684907,389.89001629684907,400.3040165099953,402.0820165667389,403.8600166234825,418.0840167198036,418.0840167198036,418.0840167198036,418.0840167198036,418.0840167198036,418.0840167198036,428.4980170521591,428.4980170521591,434.3400172982071,452.6280174050186,463.8040177616928,466.8520178589676,468.6300179157112,504.69801841114503,504.69801841114503,519.430018642888,519.430018642888,519.430018642888,527.5580188426827,527.5580188426827,529.8440189156388,530.098018923745,537.7180193457459,547.624019483075,547.624019483075,547.624019483075,581.9140202793931,583.4380203280305,583.4380203280305,598.6780206355904,599.1860206518029,600.456020692334,601.7260207328652,608.838020900235,616.2040210161065,616.4580210242127,616.9660210404252,631.9520211014603,638.8100212607239,666.2420215997552,666.2420215997552,697.9920223746155,699.2620224151467,702.0560225043153,702.5640225205277,734.3140230569695,750.0620234999512,821.9440243635033,831.342024305806,835.4060244355057,847.0900246891831,851.4080247077798,851.4080247077798,851.4080247077798,851.4080247077798,851.4080247077798,864.87002513741,864.87002513741
2025-05-05 04:00:00,baja,6.1799149,-75.6211484,baja,Flujo,Itaguí,Olivares,,19.0,1,107.950011,108.20401100000001,114.80801100000001,121.412011,121.92001100000002,150.6220115,179.83201150000002,199.39001230000002,205.48601230000003,218.44001267288667,260.6040134224747,263.39801339243394,267.2080135140274,267.2080135140274,270.5100136194084,270.5100136194084,275.8440137896393,276.35201380585175,276.35201380585175,276.35201380585175,281.4320139679764,282.4480140004013,288.0360140595291,293.1160140428398,358.6480153593872,389.89001629684907,389.89001629684907,389.89001629684907,389.89001629684907,389.89001629684907,389.89001629684907,389.89001629684907,389.89001629684907,389.89001629684907,389.89001629684907,389.89001629684907,400.3040165099953,402.0820165667389,403.8600166234825,418.0840167198036,418.0840167198036,418.0840167198036,418.0840167198036,418.0840167198036,418.0840167198036,428.4980170521591,428.4980170521591,434.3400172982071,452.6280174050186,463.8040177616928,466.8520178589676,468.6300179157112,504.69801841114503,504.69801841114503,519.430018642888,519.430018642888,519.430018642888,527.5580188426827,527.5580188426827,529.8440189156388,530.098018923745,537.7180193457459,547.624019483075,547.624019483075,547.624019483075,581.9140202793931,583.4380203280305,583.4380203280305,598.6780206355904,599.1860206518029,600.456020692334,601.7260207328652,608.838020900235,616.2040210161065,616.4580210242127,616.9660210404252,631.9520211014603,638.8100212607239,666.2420215997552,666.2420215997552,697.9920223746155,699.2620224151467,702.0560225043153,702.5640225205277,734.3140230569695,750.0620234999512,821.9440243635033,831.342024305806,835.4060244355057,847.0900246891831,851.4080247077798,851.4080247077798,851.4080247077798,851.4080247077798,851.4080247077798,864.87002513741,864.87002513741
2025-05-05 04:00:00,baja,6.1797233,-75.6234618,baja,Flujo,Itaguí,Olivares,,19.0,1,107.950011,108.20401100000001,114.80801100000001,121.412011,121.92001100000002,150.6220115,179.83201150000002,199.39001230000002,205.48601230000003,218.44001267288667,260.6040134224747,263.39801339243394,267.2080135140274,267.2080135140274,270.5100136194084,270.5100136194084,275.8440137896393,276.35201380585175,276.35201380585175,276.35201380585175,281.4320139679764,282.4480140004013,288.0360140595291,293.1160140428398,358.6480153593872,389.89001629684907,389.89001629684907,389.89001629684907,389.89001629684907,389.89001629684907,389.89001629684907,389.89001629684907,389.89001629684907,389.89001629684907,389.89001629684907,389.89001629684907,400.3040165099953,402.0820165667389,403.8600166234825,418.0840167198036,418.0840167198036,418.0840167198036,418.0840167198036,418.0840167198036,418.0840167198036,428.4980170521591,428.4980170521591,434.3400172982071,452.6280174050186,463.8040177616928,466.8520178589676,468.6300179157112,504.69801841114503,504.69801841114503,519.430018642888,519.430018642888,519.430018642888,527.5580188426827,527.5580188426827,529.8440189156388,530.098018923745,537.7180193457459,547.624019483075,547.624019483075,547.624019483075,581.9140202793931,583.4380203280305,583.4380203280305,598.6780206355904,599.1860206518029,600.456020692334,601.7260207328652,608.838020900235,616.2040210161065,616.4580210242127,616.9660210404252,631.9520211014603,638.8100212607239,666.2420215997552,666.2420215997552,697.9920223746155,699.2620224151467,702.0560225043153,702.5640225205277,734.3140230569695,750.0620234999512,821.9440243635033,831.342024305806,835.4060244355057,847.0900246891831,851.4080247077798,851.4080247077798,851.4080247077798,851.4080247077798,851.4080247077798,864.87002513741,864.87002513741
2025-05-05 04:00:00,baja,6.1775527,-75.6202252,baja,Flujo,Itaguí,Olivares,,19.0,1,107.950011,108.20401100000001,114.80801100000001,121.412011,121.92001100000002,150.6220115,179.83201150000002,199.39001230000002,205.48601230000003,218.44001267288667,260.6040134224747,263.39801339243394,267.2080135140274,267.2080135140274,270.5100136194084,270.5100136194084,275.8440137896393,276.35201380585175,276.35201380585175,276.35201380585175,281.4320139679764,282.4480140004013,288.0360140595291,293.1160140428398,358.6480153593872,389.89001629684907,389.89001629684907,389.89001629684907,389.89001629684907,389.89001629684907,389.89001629684907,389.89001629684907,389.89001629684907,389.89001629684907,389.89001629684907,389.89001629684907,400.3040165099953,402.0820165667389,403.8600166234825,418.0840167198036,418.0840167198036,418.0840167198036,418.0840167198036,418.0840167198036,418.0840167198036,428.4980170521591,428.4980170521591,434.3400172982071,452.6280174050186,463.8040177616928,466.8520178589676,468.6300179157112,504.69801841114503,504.69801841114503,519.430018642888,519.430018642888,519.430018642888,527.5580188426827,527.5580188426827,529.8440189156388,530.098018923745,537.7180193457459,547.624019483075,547.624019483075,547.624019483075,581.9140202793931,583.4380203280305,583.4380203280305,598.6780206355904,599.1860206518029,600.456020692334,601.7260207328652,608.838020900235,616.2040210161065,616.4580210242127,616.9660210404252,631.9520211014603,638.8100212607239,666.2420215997552,666.2420215997552,697.9920223746155,699.2620224151467,702.0560225043153,702.5640225205277,734.3140230569695,750.0620234999512,821.9440243635033,831.342024305806,835.4060244355057,847.0900246891831,851.4080247077798,851.4080247077798,851.4080247077798,851.4080247077798,851.4080247077798,864.87002513741,864.87002513741
2025-05-05 04:00:00,baja,6.1771352,-75.6206321,baja,Flujo,Itaguí,Olivares,,19.0,1,107.950011,108.20401100000001,114.80801100000001,121.412011,121.92001100000002,150.6220115,179.83201150000002,199.39001230000002,205.48601230000003,218.44001267288667,260.6040134224747,263.39801339243394,267.2080135140274,267.2080135140274,270.5100136194084,270.5100136194084,275.8440137896393,276.35201380585175,276.35201380585175,276.35201380585175,281.4320139679764,282.4480140004013,288.0360140595291,293.1160140428398,358.6480153593872,389.89001629684907,389.89001629684907,389.89001629684907,389.89001629684907,389.89001629684907,389.89001629684907,389.89001629684907,389.89001629684907,389.89001629684907,389.89001629684907,389.89001629684907,400.3040165099953,402.0820165667389,403.8600166234825,418.0840167198036,418.0840167198036,418.0840167198036,418.0840167198036,418.0840167198036,418.0840167198036,428.4980170521591,428.4980170521591,434.3400172982071,452.6280174050186,463.8040177616928,466.8520178589676,468.6300179157112,504.69801841114503,504.69801841114503,519.430018642888,519.430018642888,519.430018642888,527.5580188426827,527.5580188426827,529.8440189156388,530.098018923745,537.7180193457459,547.624019483075,547.624019483075,547.624019483075,581.9140202793931,583.4380203280305,583.4380203280305,598.6780206355904,599.1860206518029,600.456020692334,601.7260207328652,608.838020900235,616.2040210161065,616.4580210242127,616.9660210404252,631.9520211014603,638.8100212607239,666.2420215997552,666.2420215997552,697.9920223746155,699.2620224151467,702.0560225043153,702.5640225205277,734.3140230569695,750.0620234999512,821.9440243635033,831.342024305806,835.4060244355057,847.0900246891831,851.4080247077798,851.4080247077798,851.4080247077798,851.4080247077798,851.4080247077798,864.87002513741,864.87002513741
2025-05-05 04:00:00,baja,6.1767975,-75.6196912,baja,Flujo,Itaguí,Olivares,,19.0,1,107.950011,108.20401100000001,114.80801100000001,121.412011,121.92001100000002,150.6220115,179.83201150000002,199.39001230000002,205.48601230000003,218.44001267288667,260.6040134224747,263.39801339243394,267.2080135140274,267.2080135140274,270.5100136194084,270.5100136194084,275.8440137896393,276.35201380585175,276.35201380585175,276.35201380585175,281.4320139679764,282.4480140004013,288.0360140595291,293.1160140428398,358.6480153593872,389.89001629684907,389.89001629684907,389.89001629684907,389.89001629684907,389.89001629684907,389.89001629684907,389.89001629684907,389.89001629684907,389.89001629684907,389.89001629684907,389.89001629684907,400.3040165099953,402.0820165667389,403.8600166234825,418.0840167198036,418.0840167198036,418.0840167198036,418.0840167198036,418.0840167198036,418.0840167198036,428.4980170521591,428.4980170521591,434.3400172982071,452.6280174050186,463.8040177616928,466.8520178589676,468.6300179157112,504.69801841114503,504.69801841114503,519.430018642888,519.430018642888,519.430018642888,527.5580188426827,527.5580188426827,529.8440189156388,530.098018923745,537.7180193457459,547.624019483075,547.624019483075,547.624019483075,581.9140202793931,583.4380203280305,583.4380203280305,598.6780206355904,599.1860206518029,600.456020692334,601.7260207328652,608.838020900235,616.2040210161065,616.4580210242127,616.9660210404252,631.9520211014603,638.8100212607239,666.2420215997552,666.2420215997552,697.9920223746155,699.2620224151467,702.0560225043153,702.5640225205277,734.3140230569695,750.0620234999512,821.9440243635033,831.342024305806,835.4060244355057,847.0900246891831,851.4080247077798,851.4080247077798,851.4080247077798,851.4080247077798,851.4080247077798,864.87002513741,864.87002513741
2025-05-05 04:00:00,baja,6.1766993,-75.6209191,baja,Flujo,Itaguí,Olivares,,19.0,1,107.950011,108.20401100000001,114.80801100000001,121.412011,121.92001100000002,150.6220115,179.83201150000002,199.39001230000002,205.48601230000003,218.44001267288667,260.6040134224747,263.39801339243394,267.2080135140274,267.2080135140274,270.5100136194084,270.5100136194084,275.8440137896393,276.35201380585175,276.35201380585175,276.35201380585175,281.4320139679764,282.4480140004013,288.0360140595291,293.1160140428398,358.6480153593872,389.89001629684907,389.89001629684907,389.89001629684907,389.89001629684907,389.89001629684907,389.89001629684907,389.89001629684907,389.89001629684907,389.89001629684907,389.89001629684907,389.89001629684907,400.3040165099953,402.0820165667389,403.8600166234825,418.0840167198036,418.0840167198036,418.0840167198036,418.0840167198036,418.0840167198036,418.0840167198036,428.4980170521591,428.4980170521591,434.3400172982071,452.6280174050186,463.8040177616928,466.8520178589676,468.6300179157112,504.69801841114503,504.69801841114503,519.430018642888,519.430018642888,519.430018642888,527.5580188426827,527.5580188426827,529.8440189156388,530.098018923745,537.7180193457459,547.624019483075,547.624019483075,547.624019483075,581.9140202793931,583.4380203280305,583.4380203280305,598.6780206355904,599.1860206518029,600.456020692334,601.7260207328652,608.838020900235,616.2040210161065,616.4580210242127,616.9660210404252,631.9520211014603,638.8100212607239,666.2420215997552,666.2420215997552,697.9920223746155,699.2620224151467,702.0560225043153,702.5640225205277,734.3140230569695,750.0620234999512,821.9440243635033,831.342024305806,835.4060244355057,847.0900246891831,851.4080247077798,851.4080247077798,851.4080247077798,851.4080247077798,851.4080247077798,864.87002513741,864.87002513741
2025-05-05 04:00:00,baja,6.1762227,-75.6199781,baja,Flujo,Itaguí,Olivares,,19.0,1,107.950011,108.20401100000001,114.80801100000001,121.412011,121.92001100000002,150.6220115,179.83201150000002,199.39001230000002,205.48601230000003,218.44001267288667,260.6040134224747,263.39801339243394,267.2080135140274,267.2080135140274,270.5100136194084,270.5100136194084,275.8440137896393,276.35201380585175,276.35201380585175,276.35201380585175,281.4320139679764,282.4480140004013,288.0360140595291,293.1160140428398,358.6480153593872,389.89001629684907,389.89001629684907,389.89001629684907,389.89001629684907,389.89001629684907,389.89001629684907,389.89001629684907,389.89001629684907,389.89001629684907,389.89001629684907,389.89001629684907,400.3040165099953,402.0820165667389,403.8600166234825,418.0840167198036,418.0840167198036,418.0840167198036,418.0840167198036,418.0840167198036,418.0840167198036,428.4980170521591,428.4980170521591,434.3400172982071,452.6280174050186,463.8040177616928,466.8520178589676,468.6300179157112,504.69801841114503,504.69801841114503,519.430018642888,519.430018642888,519.430018642888,527.5580188426827,527.5580188426827,529.8440189156388,530.098018923745,537.7180193457459,547.624019483075,547.624019483075,547.624019483075,581.9140202793931,583.4380203280305,583.4380203280305,598.6780206355904,599.1860206518029,600.456020692334,601.7260207328652,608.838020900235,616.2040210161065,616.4580210242127,616.9660210404252,631.9520211014603,638.8100212607239,666.2420215997552,666.2420215997552,697.9920223746155,699.2620224151467,702.0560225043153,702.5640225205277,734.3140230569695,750.0620234999512,821.9440243635033,831.342024305806,835.4060244355057,847.0900246891831,851.4080247077798,851.4080247077798,851.4080247077798,851.4080247077798,851.4080247077798,864.87002513741,864.87002513741
2025-05-05 04:00:00,baja,6.1771291,-75.6229567,baja,Flujo,Itaguí,Olivares,,19.0,1,107.950011,108.20401100000001,114.80801100000001,121.412011,121.92001100000002,150.6220115,179.83201150000002,199.39001230000002,205.48601230000003,218.44001267288667,260.6040134224747,263.39801339243394,267.2080135140274,267.2080135140274,270.5100136194084,270.5100136194084,275.8440137896393,276.35201380585175,276.35201380585175,276.35201380585175,281.4320139679764,282.4480140004013,288.0360140595291,293.1160140428398,358.6480153593872,389.89001629684907,389.89001629684907,389.89001629684907,389.89001629684907,389.89001629684907,389.89001629684907,389.89001629684907,389.89001629684907,389.89001629684907,389.89001629684907,389.89001629684907,400.3040165099953,402.0820165667389,403.8600166234825,418.0840167198036,418.0840167198036,418.0840167198036,418.0840167198036,418.0840167198036,418.0840167198036,428.4980170521591,428.4980170521591,434.3400172982071,452.6280174050186,463.8040177616928,466.8520178589676,468.6300179157112,504.69801841114503,504.69801841114503,519.430018642888,519.430018642888,519.430018642888,527.5580188426827,527.5580188426827,529.8440189156388,530.098018923745,537.7180193457459,547.624019483075,547.624019483075,547.624019483075,581.9140202793931,583.4380203280305,583.4380203280305,598.6780206355904,599.1860206518029,600.456020692334,601.7260207328652,608.838020900235,616.2040210161065,616.4580210242127,616.9660210404252,631.9520211014603,638.8100212607239,666.2420215997552,666.2420215997552,697.9920223746155,699.2620224151467,702.0560225043153,702.5640225205277,734.3140230569695,750.0620234999512,821.9440243635033,831.342024305806,835.4060244355057,847.0900246891831,851.4080247077798,851.4080247077798,851.4080247077798,851.4080247077798,851.4080247077798,864.87002513741,864.87002513741
2025-05-05 08:00:00,baja,6.37345,-75.56866,baja,Flujo,Bello,Chachafruto,,295.0,1,37.084000587463386,37.084000587463386,39.878000676631935,43.94200080633164,66.04000127315521,110.74400228261948,117.3480024933815,127.76200264692307,130.81000274419785,145.03400313854218,175.2600039243698,214.63000428676605,220.72600442171097,224.53600442409515,233.17200487852097,236.98200500011444,237.99800503253937,238.50600504875183,238.76000505685806,238.76000505685806,238.76000505685806,245.61800527572632,245.87200528383255,267.20800507068634,305.05400574207306,337.820006608963,337.820006608963,358.14000701904297,372.11000722646713,372.11000722646713,396.74800795316696,422.6560089588165,424.1800090074539,426.97400909662247,429.768009185791,441.70600950717926,441.70600950717926,453.64400976896286,479.0440102815628,479.0440102815628,480.31401032209396,480.31401032209396,480.31401032209396,480.31401032209396,482.8540104031563,483.1080104112625,483.1080104112625,483.1080104112625,489.71201050281525,497.07801073789597,501.1420108675957,501.1420108675957,513.588011264801,513.588011264801,518.9220114350319,518.9220114350319,518.9220114350319,518.9220114350319,518.9220114350319,518.9220114350319,521.2080115675926,521.9700115919113,523.2400116324425,523.2400116324425,523.2400116324425,523.4940116405487,523.4940116405487,523.4940116405487,523.4940116405487,532.3840118050575,532.3840118050575,538.2260119915009,541.0200120210648,541.0200120210648,546.6080120801926,546.6080120801926,561.8480122089386,575.8180126547813,577.3420127034187,577.3420127034187,582.1680127978325,598.4240133166313,598.4240133166313,598.4240133166313,598.4240133166313,601.2180134057999,611.6320137381554,612.1400137543678,612.1400137543678,666.750014424324,667.766014456749,667.766014456749,667.766014456749,667.766014456749,674.1160145998001,676.4020146727562,678.9420146942139
2025-05-06 04:00:00,baja,6.317393,-75.531744,baja,Flujo,Bello,Granizal,,70.0,1,40.13200154734268,63.500001637464905,65.27800169420853,67.05600175095215,77.47000190449371,103.88600244951859,144.01800325346602,151.1300034804405,159.0040037317337,163.32200386953963,171.1960041208328,220.72600540352477,220.980005411631,223.26600548458708,223.26600548458708,231.39400556517256,234.1880056543411,234.9500056786598,235.45800569487227,236.22000571919097,236.22000571919097,242.31600591374053,242.31600591374053,245.11000600290907,246.63400605154646,311.91200789642943,322.8340082449974,322.8340082449974,341.6300083680214,354.83800831270827,354.83800831270827,368.5540087504448,380.7460090203346,386.33400913906706,388.3660092039169,392.9380093498291,397.256009487635,397.256009487635,402.8440096063675,412.4960096759857,412.4960096759857,412.4960096759857,412.4960096759857,412.4960096759857,412.4960096759857,415.036009757048,416.5600098056854,416.5600098056854,418.59200987053526,420.11600991917265,433.0700100941719,435.6100101752342,437.38801023197783,445.7700103802742,445.7700103802742,461.7720110697807,461.7720110697807,461.7720110697807,461.7720110697807,461.7720110697807,461.7720110697807,467.1060112400116,477.2660113854469,477.2660113854469,477.2660113854469,477.2660113854469,479.55201139879836,479.8060114069046,479.8060114069046,480.8220114393295,505.20601221752776,505.96801224184645,513.5880124850335,522.9860126657547,522.9860126657547,523.4940126819672,525.7800127549233,533.6540130062165,545.5920133872094,547.8780134601654,547.8780134601654,559.3080135865273,567.9440138621392,581.4060139937462,581.4060139937462,585.9780140800538,590.5500141663613,595.6300143284859,599.4400144500794,599.4400144500794,624.840015022284,634.2380153222146,634.2380153222146,634.2380153222146,634.2380153222146,642.8740154786171,646.6840156002106
2025-05-06 14:00:00,baja,6.183183,-75.548383,baja,Flujo,Medellín,Las Palmas,"deslizamiento de tierra en el sector del Poblado en la loma de los Balsos, cerca a las Palmas. La vía está completamente cerrada.",15.0,1,45.212000100000004,67.3099997,74.42199970000001,81.2799998,92.70999979999999,94.99599980000002,116.83999990000001,136.6520004,163.576001,177.8000012,184.404001305381,187.96000141886825,217.42400182274932,217.67800183085558,220.4720019200241,223.01200188187715,223.2660018899834,227.83800203589556,227.83800203589553,229.36200208453292,229.36200208453292,229.36200208453292,233.68000222233886,233.68000222233886,233.68000222233889,233.68000222233886,233.68000222233889,233.68000222233889,233.68000222233889,241.80800230292434,241.80800230292436,270.7640027501976,275.08200288800356,281.4320030310547,285.4960031607544,295.9100033739006,313.43600411204454,317.7540042498505,318.0080042579567,338.58200485495684,338.58200485495684,338.58200485495684,338.58200485495684,338.58200485495684,338.58200485495684,338.58200485495684,346.45600510625,346.45600510625,348.48800517109987,354.33000529793856,359.15600545195696,365.760005662719,367.79200572756884,392.68400586632845,392.68400586632845,428.75200606373903,428.75200606373903,428.75200606373903,434.84800601987,435.10200602797624,439.4200060465729,442.4680061438477,456.43800664929506,469.39200700310823,491.23600740222093,493.2680074670708,525.2720081904328,525.526008198539,525.526008198539,538.4800086119568,550.1640089848435,550.1640089848435,555.4980089762604,565.1500092842972,565.1500092842972,567.9440093734657,569.4680094221031,575.3100096085465,599.948010216037,667.0040121772682,677.6720125773346,687.578012833873,696.2140129902756,699.5160130956566,711.2000129321015,711.2000129321015,724.154013047496,750.8240136006272,756.1580135920441,759.4600136974251,781.0500142076409,781.0500142076409,782.8280142643845,782.8280142643845,782.8280142643845,783.3360142805969,799.5920143821633
2025-05-08 18:00:00,baja,6.141191,-75.606534,baja,Deslizamiento,Sabaneta,San Isidro,El Hoyo,65.0,1,74.67600154876709,101.09200245141983,108.20400267839432,140.46200329065323,141.22400331497192,145.54200345277786,184.91200590133667,185.9280059337616,211.3280063867569,216.66200655698776,237.23600721359253,237.49000722169876,237.49000722169876,266.19200843572617,306.32400918006897,306.32400918006897,310.89600932598114,310.89600932598114,323.0880094766617,330.20000970363617,330.20000970363617,331.2160097360611,331.2160097360611,331.2160097360611,337.8200099468231,345.44001030921936,346.96401035785675,406.4000120162964,437.388012945652,439.16601300239563,456.6920138001442,456.6920138001442,456.6920138001442,456.6920138001442,470.91601383686066,477.77401411533356,486.6640142798424,493.2680144906044,493.52201449871063,497.84001445770264,499.8720145225525,505.20601469278336,514.6040146946907,530.8600147366524,530.8600147366524,530.8600147366524,530.8600147366524,532.8920148015022,544.0680151581764,544.0680151581764,545.0840151906013,558.2920151948929,564.1340153813362,574.0400156974792,575.5640157461166,581.6600159406662,594.868016242981,594.868016242981,612.3940160870552,612.3940160870552,612.6480160951614,622.3000161647797,644.398016512394,645.6680165529251,647.1920166015625,648.2080166339874,687.3240169286728,687.3240169286728,687.8320169448853,737.6160191893578,741.1720191836357,747.5220192670822,750.3160193562508,762.7620194554329,767.0800195932388,774.7000197768211,778.2560195326805,779.7800195813179,780.7960196137428,789.1780199408531,804.1640204191208,858.012021124363,858.5200211405754,879.3480218052864,894.0800222158432,894.0800222158432,894.5880222320557,895.3500222563744,901.1920223236084,940.8160232901573,957.834023296833,957.834023296833,969.0100236535072,969.2640236616135,974.3440236449242,974.3440236449242,974.3440236449242
2025-05-22 06:00:00,baja,6.4056276,-75.4875739,baja,Flujo,Copacabana,El Zarzal,,127.0,1,31.750000655651093,34.54400074481964,44.45000094175339,60.706001460552216,72.13600170612335,98.80600190162659,100.07600194215775,123.69800245761871,141.98600262403488,144.01800268888474,144.01800268888474,144.01800268888474,144.01800268888474,153.67000218888472,153.67000218888472,153.67000218888472,153.67000218888472,153.67000218888472,153.67000218888472,153.67000218888472,153.67000218888472,208.78800218888475,249.93600328888473,286.51200488888475,292.35400468888474,304.80000468888477,318.51600488581846,345.6940053955574,348.74200549283216,351.5360055820007,351.5360055820007,365.76000573792646,376.17400607028196,384.55600651660154,384.5560065166016,385.57200654902647,385.57200654902647,388.1120066300888,390.6520067111511,393.44600680031965,404.11400708117674,440.94400825658033,469.6460092917938,469.6460092917938,480.314009393837,492.50600960412214,496.0620097176094,501.39600988784025,509.27001013913343,521.2080105201263,542.0360109464187,548.3860111490745,549.6560111896057,549.9100111977119,568.1980119601745,601.7260130898018,601.7260130898018,601.7260130898018,601.7260130898018,601.7260130898018,601.7260130898018,606.5520132438203,606.5520132438202,606.5520132438202,609.600013341095,612.902013446476,615.9500135437507,621.7920137301941,621.7920137301941,693.4200143472214,693.4200143472214,727.7100147263069,727.7100147263069,727.7100147263069,727.7100147263069,727.7100147263069,729.2340147749444,730.2500148073692,738.37801482835,741.9340149418373,742.4420149580498,742.4420149580499,751.8400150791664,751.8400150791664,751.8400150791664,752.8560151115913,770.6360156790275,771.3980157033462,772.9220157519836,774.446015800621,774.446015800621,774.9540158168335,775.4620158330459,776.4780158654709,779.2720159546394,779.2720159546394,779.2720159546394
2025-06-24 06:00:00,baja,6.295777,-75.527151,baja,Flujo,Bello,Granizal,El Pinar,274.0,1,77.72400280000001,128.7780038,128.7780038,128.7780038,129.0320038,129.03200379999998,152.65400259999998,199.3900026,199.3900026,201.4220026,210.8200025,266.1920019,266.1920019,271.7800019,289.3060029,290.8300028,290.8300028,300.4820027,302.00600269999995,302.0060027,307.0860025,307.0860025,308.61000249999995,308.61000249999995,310.13400249999995,313.4360025,313.6900025,323.342003,331.9780031,331.9780031,331.9780031,334.7720032,334.7720032,344.678003,345.694003,367.5380028,386.3340031,393.19200309999997,423.672001,439.9279998,459.2319996,459.2319996,459.2319996,459.2319996,459.2319996,459.2319996,480.0599993999999,486.4099992999999,496.0619993,544.3220012,551.4340011,551.4340010999999,557.2760013,565.4040013,574.8020013,621.5379998999999,630.4279996,644.9059995,647.9539994,655.3199994944138,722.6300009869141,739.6480014704268,742.4420015595954,742.4420015595955,754.1260018132728,756.9200019024413,767.5880021832985,770.6360022805733,770.6360022805732,770.6360022805733,771.1440022967857,774.700002410273,780.7960026048225,781.0500026129289,831.8500036977333,870.4580045722527,870.4580045722527,880.8720047853988,886.4600048445266,886.7140048526328,910.5900055550139,929.6400064610045,933.9580065988106,935.7360066555541,952.7540071390671,956.056007244448,964.9460072301429,965.7080072544616,991.8700080297988,991.8700080297988,991.8700080297988,991.870008029799,991.8700080297989,992.1240080379051,993.3940080784364,996.4420081757111,996.4420081757111
2011-04-13 21:00:00,Baja,6.19795201199997,-75.551616222,Media,Deslizamiento,Medellín,Corregimiento 90 Santa Elena,Las Palmas,49.0,1,47.74300056695938,59.67700082063675,68.31100100278854,103.60800158977509,131.03400206565857,136.3670021891594,148.04400223493576,150.8380023241043,160.7430025935173,160.99700260162354,160.99700260162354,160.99700260162354,160.99700260162354,160.99700260162354,160.99700260162354,162.01300263404846,162.01300263404846,162.01300263404846,162.01300263404846,180.29500287771225,182.3270029425621,208.22700369358063,243.01300436258316,255.20000451803207,271.71000504493713,283.90200543403625,284.66400545835495,284.66400545835495,284.66400545835495,284.66400545835495,284.66400545835495,284.66400545835495,284.66400545835495,284.9180054664612,284.9180054664612,314.8820060491562,318.1840061545372,320.97800624370575,337.73800671100616,346.3690068125725,364.90400701761246,368.96800714731216,372.77800726890564,375.57100731134415,385.7290073633194,395.8850075006485,395.8850075006485,395.8850075006485,397.15500754117966,397.6630075573921,401.979007601738,401.979007601738,401.979007601738,404.01100766658783,413.91500782966614,414.16900783777237,414.16900783777237,414.16900783777237,430.67300802469254,450.9860085248947,450.9860085248947,460.1270086169243,488.82300901412964,499.7420092821121,499.99600929021835,532.245009958744,534.2770100235939,534.2770100235939,534.2770100235939,534.2770100235939,534.2770100235939,534.2770100235939,534.2770100235939,534.2770100235939,534.2770100235939,534.2770100235939,550.5290104150772,552.0520104169846,552.0520104169846,552.0520104169846,552.0520104169846,552.0520104169846,552.0520104169846,552.0520104169846,552.3060104250908,555.0990104675293,555.6070104837418,557.1300104856491,557.1300104856491,557.1300104856491,557.1300104856491,557.1300104856491,557.1300104856491,557.1300104856491,558.6540105342865,559.162010550499,562.2100106477737
2017-03-30 22:22:00,Baja,6.205264,-75.629203,Media,Deslizamiento,Medellín,Corregimiento 70 Altavista,El Jardín,8.0,1,34.79800111055374,35.56000113487244,35.56000113487244,62.48400121927261,64.51600128412247,66.04000133275986,77.47000169754028,87.37600201368332,93.21800208091736,101.600002348423,111.76000267267227,111.76000267267227,148.3360032439232,172.2120041847229,172.2120041847229,186.18200451135635,186.18200451135635,187.4520045518875,198.12000477313995,200.66000485420227,213.6140051484108,215.90000522136688,273.8120074272156,310.896007835865,310.896007835865,315.21400785446167,315.21400785446167,315.21400785446167,315.21400785446167,315.21400785446167,333.5020083785057,334.01000839471817,334.01000839471817,335.7880084514618,342.1380086541176,361.69600862264633,364.49000865221024,392.9380087852478,393.95400881767273,400.050008893013,403.8600090146065,408.9400089979172,408.9400089979172,408.9400089979172,408.9400089979172,408.9400089979172,408.9400089979172,409.44800901412964,409.44800901412964,409.44800901412964,409.44800901412964,409.44800901412964,409.44800901412964,409.44800901412964,409.44800901412964,409.44800901412964,409.44800901412964,409.44800901412964,410.21000903844833,410.7180090546608,411.4800090789795,411.4800090789795,411.7340090870857,411.7340090870857,411.7340090870857,411.7340090870857,411.7340090870857,411.7340090870857,411.7340090870857,413.0040091276169,423.16400945186615,423.16400945186615,423.16400945186615,431.03800970315933,438.1500099301338,445.26201009750366,461.5180102586746,466.34401047229767,471.67801064252853,471.67801064252853,471.67801064252853,493.5220111012459,494.2840111255646,494.2840111255646,496.31601119041443,496.31601119041443,496.31601119041443,496.31601119041443,496.31601119041443,497.5860112309456,498.3480112552643,498.85601127147675,498.85601127147675,501.9040113687515,501.9040113687515,501.9040113687515,501.9040113687515
2020-09-03 21:30:00,Baja,6.2738215402489,-75.5420287345674,Media,Deslizamiento,Medellín,Comuna 3 Manrique,Oriente,16.0,1,33.52799999713898,45.7200003862381,74.42200076580048,76.70800083875656,77.21600085496902,77.97800087928772,83.05800098180771,85.09000092744827,88.64600104093552,94.99600124359131,115.3160012960434,116.58600133657455,123.69800156354904,124.9680016040802,155.19400238990784,162.56000250577927,162.56000250577927,171.95800280570984,175.26000291109085,181.3560031056404,182.62600314617157,197.61200362443924,203.20000380277634,203.20000380277634,203.20000380277634,203.20000380277634,203.20000380277634,203.20000380277634,203.20000380277634,203.20000380277634,203.20000380277634,203.20000380277634,203.20000380277634,205.2320038676262,205.2320038676262,215.13800364732742,217.93200367689133,227.07600396871567,239.2680043578148,239.52200436592102,241.8080044388771,275.84400510787964,306.32400596141815,306.32400596141815,306.32400596141815,306.32400596141815,306.32400596141815,306.32400596141815,306.32400596141815,306.32400596141815,306.32400596141815,327.6600066423416,332.74000680446625,336.80400681495667,354.8380073904991,354.8380073904991,368.04600781202316,380.238008081913,391.41400849819183,392.43000853061676,404.36800891160965,429.26000970602036,429.7680097222328,450.3420103788376,467.1060109138489,468.1220109462738,468.1220109462738,480.56801134347916,483.3620114326477,489.20401161909103,489.20401161909103,489.20401161909103,489.20401161909103,493.26801174879074,497.0780118703842,506.2220119833946,508.2540120482445,513.0800121426582,517.1440122723579,517.1440122723579,518.6680123209953,518.6680123209953,518.6680123209953,537.9720126986504,539.2420127391815,540.0040127635002,544.5760129094124,544.5760129094124,544.5760129094124,545.8460129499435,545.8460129499435,545.8460129499435,553.2120131850243,554.2280132174492,560.8320133686066,563.6260134577751,586.9940142035484
2021-03-20 00:00:00,Media,6.248890174,-75.625084805,Media,Deslizamiento,Medellín,Comuna 13 San Javier,Las Independencias,17.0,1,36.068000853061676,52.32400107383728,78.23200142383575,82.29600155353546,107.18800175189972,114.04600191116333,114.80800193548203,116.07800197601318,129.79400217533112,132.33400225639343,133.35000228881836,138.93800246715546,144.78000265359879,145.7960026860237,145.7960026860237,145.7960026860237,145.7960026860237,145.7960026860237,145.7960026860237,145.7960026860237,145.7960026860237,145.7960026860237,145.7960026860237,145.7960026860237,146.81200271844864,146.81200271844864,148.0820027589798,154.9400029182434,165.3540032505989,173.48200350999832,174.75200355052948,175.0060035586357,175.0060035586357,175.26000356674194,189.73800384998322,189.73800384998322,189.99200385808945,202.18400382995605,210.56600403785706,213.6140040755272,213.6140040755272,214.12200409173965,214.12200409173965,214.12200409173965,214.12200409173965,217.17000418901443,217.17000418901443,217.17000418901443,217.17000418901443,217.17000418901443,217.17000418901443,217.17000418901443,217.17000418901443,217.17000418901443,220.47200429439545,221.48800432682037,221.48800432682037,221.48800432682037,221.48800432682037,221.48800432682037,221.48800432682037,221.48800432682037,221.48800432682037,221.48800432682037,221.99600434303284,221.99600434303284,221.99600434303284,239.01400488615036,242.31600499153137,243.07800501585007,243.58600503206253,243.58600503206253,261.8740057349205,261.8740057349205,261.8740057349205,262.38200575113297,263.14400577545166,263.14400577545166,263.14400577545166,264.4140058159828,264.4140058159828,267.97000592947006,289.5600066781044,292.6080067753792,328.9300076365471,336.0420078635216,336.0420078635216,336.80400788784027,337.0580078959465,337.0580078959465,337.0580078959465,337.0580078959465,344.6780080795288,344.6780080795288,347.7260081768036,347.7260081768036,347.7260081768036
2021-03-20 00:00:00,Media,6.24745612300001,-75.624614872,Media,Deslizamiento,Medellín,Comuna 13 San Javier,Las Independencias,17.0,1,36.068000853061676,52.32400107383728,78.23200142383575,82.29600155353546,107.18800175189972,114.04600191116333,114.80800193548203,116.07800197601318,129.79400217533112,132.33400225639343,133.35000228881836,138.93800246715546,144.78000265359879,145.7960026860237,145.7960026860237,145.7960026860237,145.7960026860237,145.7960026860237,145.7960026860237,145.7960026860237,145.7960026860237,145.7960026860237,145.7960026860237,145.7960026860237,146.81200271844864,146.81200271844864,148.0820027589798,154.9400029182434,165.3540032505989,173.48200350999832,174.75200355052948,175.0060035586357,175.0060035586357,175.26000356674194,189.73800384998322,189.73800384998322,189.99200385808945,202.18400382995605,210.56600403785706,213.6140040755272,213.6140040755272,214.12200409173965,214.12200409173965,214.12200409173965,214.12200409173965,217.17000418901443,217.17000418901443,217.17000418901443,217.17000418901443,217.17000418901443,217.17000418901443,217.17000418901443,217.17000418901443,217.17000418901443,220.47200429439545,221.48800432682037,221.48800432682037,221.48800432682037,221.48800432682037,221.48800432682037,221.48800432682037,221.48800432682037,221.48800432682037,221.48800432682037,221.99600434303284,221.99600434303284,221.99600434303284,239.01400488615036,242.31600499153137,243.07800501585007,243.58600503206253,243.58600503206253,261.8740057349205,261.8740057349205,261.8740057349205,262.38200575113297,263.14400577545166,263.14400577545166,263.14400577545166,264.4140058159828,264.4140058159828,267.97000592947006,289.5600066781044,292.6080067753792,328.9300076365471,336.0420078635216,336.0420078635216,336.80400788784027,337.0580078959465,337.0580078959465,337.0580078959465,337.0580078959465,344.6780080795288,344.6780080795288,347.7260081768036,347.7260081768036,347.7260081768036
2021-03-20 15:15:00,Baja,6.25930887599998,-75.620415659,Media,Deslizamiento,Medellín,Comuna 13 San Javier,Antonio Nariño,53.0,1,41.402000486850746,58.420001089572914,85.85200142860413,92.20200157165527,113.2840017080307,114.30000174045563,121.15800195932388,121.41200196743011,156.71800291538239,157.22600293159485,159.00400298833847,159.51200300455093,167.89400327205658,171.1960033774376,172.21200340986252,178.05400347709656,179.57800352573395,179.57800352573395,215.13800412416458,219.20200431346893,219.7100043296814,220.72600436210632,220.98000437021255,220.98000437021255,220.98000437021255,221.74200439453125,221.99600440263748,227.58400440216064,227.83800441026688,243.58600491285324,248.66600507497787,249.17400509119034,249.17400509119034,249.17400509119034,250.69800513982773,255.77800524234772,255.77800524234772,260.3500053882599,261.1120054125786,265.938005566597,269.74800556898117,269.74800556898117,270.25600558519363,270.25600558519363,270.25600558519363,270.25600558519363,271.780005633831,271.780005633831,271.780005633831,271.780005633831,271.780005633831,271.780005633831,271.780005633831,271.780005633831,271.780005633831,274.8280057311058,279.4000057578087,279.4000057578087,279.4000057578087,279.4000057578087,279.4000057578087,279.4000057578087,279.4000057578087,279.4000057578087,279.4000057578087,279.90800577402115,279.90800577402115,280.1620057821274,298.45000636577606,302.51400649547577,303.5300065279007,303.7840065360069,321.3100069761276,321.3100069761276,321.3100069761276,321.3100069761276,321.56400698423386,321.56400698423386,321.56400698423386,321.56400698423386,321.56400698423386,321.56400698423386,336.5500071644783,337.56600719690323,340.10600727796555,377.95200794935226,377.95200794935226,377.95200794935226,378.2060079574585,378.2060079574585,378.2060079574585,378.2060079574585,378.4600079655647,382.52400809526443,382.52400809526443,382.52400809526443,382.52400809526443
2021-03-22 01:10:00,Baja,6.23582879327044,-75.6089071437217,Media,Deslizamiento,Medellín,Comuna 16 Belén,Las Mercedes,9.0,1,35.56000077724457,46.990001022815704,107.95000219345093,126.74600267410278,144.5260031223297,147.82800322771072,167.8940041065216,170.43400418758392,182.37200421094894,186.69000434875488,214.37600553035736,215.90000557899475,216.66200560331345,222.25000578165054,228.3460059762001,229.61600601673126,230.88600605726242,233.42600613832474,233.42600613832474,239.26800626516342,245.87200647592545,248.41200649738312,250.6980065703392,257.04800659418106,257.04800659418106,257.04800659418106,258.8260066509247,259.0800066590309,259.8420066833496,282.448007106781,284.9880071878433,293.37000745534897,294.3860074877739,296.1640075445175,296.1640075445175,296.1640075445175,303.53000754117966,303.53000754117966,303.53000754117966,307.59400767087936,311.1500077843666,311.1500077843666,311.1500077843666,311.40400779247284,311.40400779247284,311.40400779247284,311.40400779247284,314.4520078897476,314.4520078897476,314.4520078897476,314.4520078897476,314.4520078897476,314.4520078897476,314.4520078897476,314.4520078897476,314.4520078897476,315.46800792217255,318.77000802755356,319.7860080599785,319.7860080599785,319.7860080599785,319.7860080599785,319.7860080599785,319.7860080599785,319.7860080599785,319.7860080599785,320.29400807619095,320.29400807619095,320.29400807619095,333.7560085058212,337.05800861120224,339.59800869226456,340.6140087246895,340.6140087246895,355.8540087938309,355.8540087938309,355.8540087938309,355.8540087938309,358.39400881528854,358.39400881528854,358.39400881528854,358.6480088233948,358.6480088233948,359.15600883960724,384.30200976133347,385.82600980997086,404.11401039361954,451.10401141643524,451.10401141643524,458.72401148080826,458.72401148080826,458.72401148080826,458.72401148080826,459.2320114970207,459.2320114970207,459.2320114970207,460.7560115456581
2021-03-23 00:00:00,Media,6.27305798600003,-75.610671843,Media,Deslizamiento,Medellín,Comuna 7 Robledo,Olaya Herrera,456.0,1,38.10000032186508,41.402000427246094,57.65800088644028,58.928000926971436,70.86600130796432,89.66200172901154,92.20200181007385,102.10800212621689,102.87000215053558,104.6480022072792,110.49000239372253,141.47800320386887,142.74800324440002,142.74800324440002,147.57400339841843,154.43200361728668,156.972003698349,157.22600370645523,159.00400376319885,160.27400380373,160.27400380373,160.27400380373,160.27400380373,160.27400380373,160.27400380373,160.27400380373,160.27400380373,160.27400380373,160.27400380373,162.05200386047363,170.94200402498245,178.05400425195694,183.13400441408157,184.40400445461273,184.40400445461273,184.40400445461273,184.40400445461273,185.6740044951439,185.6740044951439,185.6740044951439,185.6740044951439,185.92800450325012,185.92800450325012,185.92800450325012,186.18200451135635,186.18200451135635,186.18200451135635,186.18200451135635,187.4520045518875,187.4520045518875,187.4520045518875,187.4520045518875,187.4520045518875,187.4520045518875,187.4520045518875,187.4520045518875,187.4520045518875,189.23000460863113,189.99200463294983,189.99200463294983,189.99200463294983,189.99200463294983,189.99200463294983,189.99200463294983,189.99200463294983,189.99200463294983,189.99200463294983,190.75400465726852,190.75400465726852,190.75400465726852,206.24800515174866,209.55000525712967,210.5660052895546,211.07400530576706,211.07400530576706,238.76000607013702,238.76000607013702,238.76000607013702,238.76000607013702,238.76000607013702,238.76000607013702,238.76000607013702,239.01400607824326,239.01400607824326,242.0620061159134,255.77800619602203,258.31800627708435,331.21600687503815,338.07400691509247,338.07400691509247,340.36000698804855,340.36000698804855,340.36000698804855,340.36000698804855,340.36000698804855,340.36000698804855,340.36000698804855
2021-03-23 00:00:00,Media,6.27377379900003,-75.612085423,Media,Complejo,Medellín,Comuna 7 Robledo,Olaya Herrera,456.0,1,38.10000032186508,41.402000427246094,57.65800088644028,58.928000926971436,70.86600130796432,89.66200172901154,92.20200181007385,102.10800212621689,102.87000215053558,104.6480022072792,110.49000239372253,141.47800320386887,142.74800324440002,142.74800324440002,147.57400339841843,154.43200361728668,156.972003698349,157.22600370645523,159.00400376319885,160.27400380373,160.27400380373,160.27400380373,160.27400380373,160.27400380373,160.27400380373,160.27400380373,160.27400380373,160.27400380373,160.27400380373,162.05200386047363,170.94200402498245,178.05400425195694,183.13400441408157,184.40400445461273,184.40400445461273,184.40400445461273,184.40400445461273,185.6740044951439,185.6740044951439,185.6740044951439,185.6740044951439,185.92800450325012,185.92800450325012,185.92800450325012,186.18200451135635,186.18200451135635,186.18200451135635,186.18200451135635,187.4520045518875,187.4520045518875,187.4520045518875,187.4520045518875,187.4520045518875,187.4520045518875,187.4520045518875,187.4520045518875,187.4520045518875,189.23000460863113,189.99200463294983,189.99200463294983,189.99200463294983,189.99200463294983,189.99200463294983,189.99200463294983,189.99200463294983,189.99200463294983,189.99200463294983,190.75400465726852,190.75400465726852,190.75400465726852,206.24800515174866,209.55000525712967,210.5660052895546,211.07400530576706,211.07400530576706,238.76000607013702,238.76000607013702,238.76000607013702,238.76000607013702,238.76000607013702,238.76000607013702,238.76000607013702,239.01400607824326,239.01400607824326,242.0620061159134,255.77800619602203,258.31800627708435,331.21600687503815,338.07400691509247,338.07400691509247,340.36000698804855,340.36000698804855,340.36000698804855,340.36000698804855,340.36000698804855,340.36000698804855,340.36000698804855
2021-03-23 23:00:00,Baja,6.29514309899997,-75.540261148,Media,Caida de rocas,Medellín,Comuna 1 Popular,La Avanzada,352.0,1,44.45000106096268,72.3900015950203,83.82000190019608,128.52400255203247,128.52400255203247,149.09800297021866,192.78600347042084,209.29600381851196,216.9160040616989,217.93200409412384,220.47200417518616,257.3020048737526,286.0040058493614,292.60800617933273,292.60800617933273,299.7200064063072,308.61000669002533,314.7060066461563,315.468006670475,316.73800671100616,316.73800671100616,316.73800671100616,329.69200694561005,330.45400696992874,331.21600699424744,334.01000714302063,334.01000714302063,334.01000714302063,334.01000714302063,334.01000714302063,342.13800740242004,342.13800740242004,351.02800768613815,358.3940078616142,358.3940078616142,358.3940078616142,358.3940078616142,371.09400790929794,371.09400790929794,371.09400790929794,371.09400790929794,371.09400790929794,373.380007982254,373.380007982254,373.380007982254,373.8880079984665,373.8880079984665,373.8880079984665,373.8880079984665,375.15800803899765,375.15800803899765,375.15800803899765,375.15800803899765,375.15800803899765,375.15800803899765,375.15800803899765,375.15800803899765,375.15800803899765,378.7140081524849,379.4760081768036,379.4760081768036,379.4760081768036,379.4760081768036,379.4760081768036,379.4760081768036,379.4760081768036,379.4760081768036,379.4760081768036,379.4760081768036,379.4760081768036,379.4760081768036,396.4940087199211,403.3520088791847,403.3520088791847,405.3840089440346,405.3840089440346,416.30600929260254,416.30600929260254,416.30600929260254,416.30600929260254,416.30600929260254,416.30600929260254,416.30600929260254,416.56000930070877,416.56000930070877,419.60800939798355,437.13400959968567,440.43600964546204,454.40601003170013,455.16801005601883,455.16801005601883,459.740010201931,459.740010201931,461.2640102505684,461.5180102586746,461.5180102586746,461.5180102586746
2021-03-24 16:30:00,Baja,6.20862802200003,-75.605564732,Media,Deslizamiento,Medellín,Comuna 16 Belén,El Rincón,22.0,1,52.070000886917114,55.88000100851059,97.7900019288063,100.83800202608109,126.23800277709961,141.73200315237045,169.92600399255753,177.80000412464142,190.75400441884995,207.26400482654572,210.56600493192673,210.82000494003296,240.79200559854507,241.30000561475754,247.65000557899475,248.9200056195259,256.7940058708191,268.4780058860779,270.51000595092773,271.0180059671402,276.09800612926483,286.5120062828064,306.070006608963,311.91200679540634,319.7860070466995,320.294007062912,320.294007062912,320.294007062912,320.294007062912,323.34200716018677,323.34200716018677,326.1360072493553,326.6440072655678,335.7880075573921,355.09200793504715,355.09200793504715,355.09200793504715,355.09200793504715,356.1080079674721,361.69600808620453,361.69600808620453,361.95000809431076,362.204008102417,365.2520081996918,365.2520081996918,365.2520081996918,365.506008207798,365.506008207798,365.506008207798,365.506008207798,365.76000821590424,365.76000821590424,365.76000821590424,365.76000821590424,365.76000821590424,365.76000821590424,365.76000821590424,365.76000821590424,365.76000821590424,373.6340084671974,374.3960084915161,374.3960084915161,374.3960084915161,374.3960084915161,374.3960084915161,374.3960084915161,374.3960084915161,374.3960084915161,374.3960084915161,374.9040085077286,374.9040085077286,375.41200852394104,390.3980090022087,395.47800916433334,396.7480092048645,398.01800924539566,419.354010283947,419.354010283947,419.354010283947,419.354010283947,421.38601034879684,425.4500104188919,425.4500104188919,426.46601045131683,441.4520109295845,441.4520109295845,447.0400111079216,460.5020114183426,468.3760116100311,545.5920133590698,572.0080133676529,572.0080133676529,575.0560134649277,575.3100134730339,577.0880135297775,577.0880135297775,578.8660135865211
2021-03-24 19:30:00,Baja,6.20373199800002,-75.605309563,Media,Deslizamiento,Medellín,Comuna 16 Belén,La Hondonada,22.0,1,46.228000938892365,52.070000886917114,91.18600177764893,97.7900019288063,126.23800277709961,132.5880029797554,169.6720039844513,171.70400404930115,190.24600440263748,207.26400482654572,210.56600493192673,210.82000494003296,238.7600056529045,241.30000561475754,247.65000557899475,248.9200056195259,256.7940058708191,268.4780058860779,270.51000595092773,271.0180059671402,276.09800612926483,276.09800612926483,305.3080065846443,306.070006608963,319.7860070466995,320.294007062912,320.294007062912,320.294007062912,320.294007062912,323.34200716018677,323.34200716018677,326.1360072493553,326.6440072655678,333.75600749254227,355.09200793504715,355.09200793504715,355.09200793504715,355.09200793504715,355.3460079431534,361.69600808620453,361.69600808620453,361.69600808620453,362.204008102417,365.2520081996918,365.2520081996918,365.2520081996918,365.506008207798,365.506008207798,365.506008207798,365.506008207798,365.76000821590424,365.76000821590424,365.76000821590424,365.76000821590424,365.76000821590424,365.76000821590424,365.76000821590424,365.76000821590424,365.76000821590424,373.6340084671974,374.3960084915161,374.3960084915161,374.3960084915161,374.3960084915161,374.3960084915161,374.3960084915161,374.3960084915161,374.3960084915161,374.3960084915161,374.9040085077286,374.9040085077286,374.9040085077286,390.3980090022087,395.47800916433334,395.9860091805458,398.01800924539566,398.2720092535019,419.354010283947,419.354010283947,419.354010283947,421.38601034879684,425.4500104188919,425.4500104188919,425.4500104188919,426.46601045131683,441.4520109295845,442.72201097011566,460.5020114183426,468.3760116100311,545.5920133590698,572.0080133676529,572.0080133676529,575.0560134649277,575.3100134730339,577.0880135297775,577.0880135297775,578.8660135865211
2021-03-24 23:00:00,Baja,6.20356,-75.604035,Baja,Deslizamiento,Medellín,Rodeo Alto,Urbanización Atavanza,22.0,1,42.92600083351135,52.070000886917114,91.18600177764893,97.7900019288063,126.23800277709961,126.23800277709961,151.13000363111496,171.70400404930115,179.07000416517258,207.26400482654572,210.56600493192673,210.82000494003296,221.9960052371025,241.30000561475754,247.65000557899475,248.9200056195259,255.77800583839417,268.4780058860779,270.51000595092773,271.0180059671402,276.09800612926483,276.09800612926483,297.94200640916824,306.070006608963,319.7860070466995,320.294007062912,320.294007062912,320.294007062912,320.294007062912,323.34200716018677,323.34200716018677,326.1360072493553,326.6440072655678,333.2480074763298,354.0760079026222,355.09200793504715,355.09200793504715,355.09200793504715,355.3460079431534,359.6640080809593,361.69600808620453,361.69600808620453,362.204008102417,365.2520081996918,365.2520081996918,365.2520081996918,365.506008207798,365.506008207798,365.506008207798,365.506008207798,365.76000821590424,365.76000821590424,365.76000821590424,365.76000821590424,365.76000821590424,365.76000821590424,365.76000821590424,365.76000821590424,365.76000821590424,373.6340084671974,374.3960084915161,374.3960084915161,374.3960084915161,374.3960084915161,374.3960084915161,374.3960084915161,374.3960084915161,374.3960084915161,374.3960084915161,374.9040085077286,374.9040085077286,374.9040085077286,390.3980090022087,394.9700091481209,395.9860091805458,398.01800924539566,398.01800924539566,419.354010283947,419.354010283947,419.354010283947,421.38601034879684,425.4500104188919,425.4500104188919,425.4500104188919,426.46601045131683,441.4520109295845,442.2140109539032,460.24801141023636,468.1220116019249,545.5920133590698,572.0080133676529,572.0080133676529,575.0560134649277,575.3100134730339,577.0880135297775,577.0880135297775,578.8660135865211
2021-04-06 18:00:00,Baja,6.25909149978151,-75.6217648476517,Media,Deslizamiento,Medellín,Comuna 13 San Javier,Antonio Nariño,53.0,1,36.32200086116791,36.32200086116791,42.41800099611282,75.184002161026,92.71000272035599,92.71000272035599,92.71000272035599,92.71000272035599,92.71000272035599,93.21800273656845,115.82400345802307,116.0780034661293,116.33200347423553,138.68400394916534,144.27200412750244,173.99000471830368,174.49800473451614,218.4400053024292,235.45800590515137,263.1440062522888,265.93800634145737,283.7180064916611,291.5920065641403,298.4500067830086,298.7040067911148,317.7540073990822,334.51800775527954,336.29600781202316,336.8040078282356,345.1860080957413,348.4880082011223,349.5040082335472,355.34600830078125,356.87000834941864,356.87000834941864,392.4300089478493,392.4300089478493,396.4940091371536,398.018009185791,398.27200919389725,398.27200919389725,398.27200919389725,399.03400921821594,399.03400921821594,404.87600922584534,405.13000923395157,420.87800973653793,425.95800989866257,426.46600991487503,426.46600991487503,426.46600991487503,426.46600991487503,433.0700100660324,433.0700100660324,434.08601009845734,438.4040102362633,443.2300103902817,447.04001039266586,447.04001039266586,447.5480104088783,447.5480104088783,447.5480104088783,447.5480104088783,449.0720104575157,449.0720104575157,449.0720104575157,449.0720104575157,449.0720104575157,449.0720104575157,449.0720104575157,449.0720104575157,449.0720104575157,452.1200105547905,456.6920105814934,456.6920105814934,456.6920105814934,456.6920105814934,456.6920105814934,456.6920105814934,456.6920105814934,456.6920105814934,456.6920105814934,457.20001059770584,457.20001059770584,457.20001059770584,475.74201118946075,479.80601131916046,480.8220113515854,481.0760113596916,498.6020117998123,498.6020117998123,498.6020117998123,498.6020117998123,498.85601180791855,498.85601180791855,498.85601180791855,498.85601180791855
2021-05-06 15:00:00,Baja,6.20592218644869,-75.5550593593029,Media,Deslizamiento,Medellín,Comuna 14 El Poblado,El Tesoro,56.0,1,33.27400070428848,40.13200086355209,59.182001531124115,87.12200218439102,88.13800221681595,89.15400224924088,91.94800233840942,121.92000317573547,121.92000317573547,139.70000344514847,140.7160034775734,140.7160034775734,141.4780035018921,141.4780035018921,141.4780035018921,141.4780035018921,142.74800354242325,150.36800396442413,150.36800396442413,150.36800396442413,160.27400428056717,160.27400428056717,160.27400428056717,160.27400428056717,160.27400428056717,161.03600430488586,164.08400440216064,170.68800461292267,170.68800461292267,170.68800461292267,217.9320049881935,217.9320049881935,220.2180050611496,240.0300054550171,246.88800585269928,246.88800585269928,246.88800585269928,246.88800585269928,246.88800585269928,247.39600586891174,258.8260061740875,258.8260061740875,260.60400623083115,313.94400775432587,319.53200793266296,352.80600905418396,358.1400092244148,372.87200969457626,389.12800991535187,422.14801037311554,427.736010491848,454.91401118040085,455.9300112128258,455.9300112128258,455.9300112128258,455.9300112128258,468.1220116019249,482.6000119447708,482.6000119447708,493.5220122933388,503.42801266908646,504.4440127015114,509.0160127878189,509.7780128121376,514.0960128903389,531.1140130162239,569.722014605999,569.722014605999,569.722014605999,569.722014605999,569.722014605999,569.722014605999,570.4840146303177,573.7860147356987,597.1540150642395,597.4080150723457,614.4260156154633,645.6680161356926,645.6680161356926,645.6680161356926,645.9220161437988,646.4300161600113,647.9540162086487,647.9540162086487,651.5100163221359,663.956016600132,663.956016600132,663.956016600132,663.956016600132,663.956016600132,663.956016600132,663.956016600132,664.4640166163445,664.4640166163445,664.4640166163445,664.4640166163445,664.4640166163445
2021-05-06 15:30:00,Baja,6.23328436200001,-75.527872237,Media,Deslizamiento,Medellín,Comuna 8 Villa Hermosa,La Sierra,44.0,1,32.76599979400635,48.76800000667572,67.81800043582916,95.2500011920929,98.04400128126144,99.82200133800507,103.88600146770477,136.6520019173622,136.6520019173622,141.22400200366974,145.7960021495819,145.7960021495819,146.5580021739006,147.06600219011307,147.06600219011307,147.06600219011307,147.06600219011307,147.06600219011307,147.06600219011307,147.57400220632553,164.59200245141983,164.59200245141983,164.59200245141983,164.59200245141983,164.59200245141983,170.68800258636475,172.21200263500214,180.59400284290314,180.59400284290314,181.35600286722183,202.94600355625153,202.94600355625153,207.26400369405746,219.71000409126282,225.80600422620773,233.68000411987305,233.68000411987305,233.68000411987305,233.68000411987305,235.96600419282913,245.3640044927597,245.3640044927597,245.3640044927597,291.84600526094437,293.37000530958176,331.2160061597824,334.01000624895096,352.8060064315796,374.6500068306923,391.66800731420517,393.95400726795197,393.95400726795197,393.95400726795197,393.95400726795197,393.95400726795197,393.95400726795197,395.7320073246956,407.1620075702667,407.1620075702667,415.0360078215599,420.11600798368454,430.27600795030594,437.64200818538666,439.4200082421303,439.4200082421303,442.9760083556175,461.51800841093063,461.77200841903687,464.8200086951256,464.8200086951256,464.8200086951256,464.8200086951256,465.5820087194443,466.09000873565674,476.5040088891983,476.5040088891983,500.1260091662407,505.2060093283653,505.2060093283653,505.2060093283653,505.2060093283653,505.2060093283653,506.22200936079025,506.22200936079025,506.22200936079025,506.22200936079025,506.22200936079025,506.22200936079025,506.22200936079025,506.22200936079025,506.22200936079025,506.22200936079025,506.7300093770027,508.0000094175339,508.0000094175339,508.0000094175339,508.0000094175339
2021-05-06 18:00:00,Baja,6.2331644292165,-75.5279052350041,Media,Deslizamiento,Medellín,Comuna 8 Villa Hermosa,La Sierra,44.0,1,36.06799989938736,37.84599995613098,71.62800055742264,88.64600098133087,101.85400140285492,101.85400140285492,107.69600158929825,129.7940018773079,140.4620020389557,143.25600212812424,149.60600227117538,149.60600227117538,150.36800229549408,150.87600231170654,150.87600231170654,150.87600231170654,150.87600231170654,150.87600231170654,150.87600231170654,151.384002327919,168.4020025730133,168.4020025730133,168.4020025730133,168.4020025730133,168.4020025730133,174.49800270795822,176.0220027565956,184.4040029644966,184.4040029644966,185.1660029888153,206.756003677845,206.756003677845,211.07400381565094,220.4720041155815,229.6160043478012,237.49000424146652,237.49000424146652,237.49000424146652,237.49000424146652,239.7760043144226,249.17400461435318,249.17400461435318,249.17400461435318,295.65600538253784,296.1640053987503,334.2640062570572,336.5500063300133,356.61600655317307,375.6660068631172,395.47800743579865,397.76400738954544,397.76400738954544,397.76400738954544,397.76400738954544,397.76400738954544,397.76400738954544,397.76400738954544,409.4480076432228,410.9720076918602,418.8460079431534,423.926008105278,434.0860080718994,434.0860080718994,443.23000836372375,443.23000836372375,446.786008477211,447.5480085015297,465.58200854063034,468.63000881671906,468.63000881671906,468.63000881671906,468.63000881671906,469.39200884103775,469.39200884103775,480.3140090107918,480.3140090107918,489.71200931072235,509.0160094499588,509.0160094499588,509.0160094499588,509.0160094499588,509.0160094499588,510.0320094823837,510.0320094823837,510.0320094823837,510.0320094823837,510.0320094823837,510.0320094823837,510.0320094823837,510.0320094823837,510.0320094823837,510.0320094823837,510.5400094985962,511.81000953912735,511.81000953912735,511.81000953912735,511.81000953912735
2021-05-16 20:00:00,Baja,6.25384337499997,-75.540654438,Media,Deslizamiento,Medellín,Comuna 8 Villa Hermosa,LLanaditas,35.0,1,49.276000678539276,50.800000727176666,51.56200075149536,54.35600084066391,54.35600084066391,54.35600084066391,56.89600092172623,64.77000099420547,67.56400102376938,67.56400102376938,87.37600141763687,88.90000146627426,110.74400216341019,116.58600234985352,164.08400279283524,164.08400279283524,170.43400299549103,197.61200326681137,201.67600339651108,209.8040036559105,221.2340037226677,221.2340037226677,222.25000375509262,224.79000383615494,224.79000383615494,224.79000383615494,224.79000383615494,224.79000383615494,224.79000383615494,224.79000383615494,235.71200394630432,238.50600397586823,238.50600397586823,238.50600397586823,238.50600397586823,244.34800416231155,246.12600421905518,255.5240043401718,255.5240043401718,255.77800434827805,273.0500048995018,282.4480051994324,286.5120053291321,305.5620054602623,307.59400552511215,307.8480055332184,307.8480055332184,307.8480055332184,307.8480055332184,308.1020055413246,312.6740056872368,320.2940058708191,320.2940058708191,385.3180060982704,386.5880061388016,416.30600649118423,423.41800659894943,446.2780073285103,452.6280075311661,482.09200805425644,483.10800808668137,483.10800808668137,483.10800808668137,483.10800808668137,483.10800808668137,490.7280083298683,491.490008354187,492.76000839471817,492.76000839471817,502.15800869464874,506.22200882434845,511.5560089945793,513.0800090432167,516.636009156704,516.636009156704,520.1920092701912,520.4460092782974,527.0500094294548,527.8120094537735,530.0980095267296,530.0980095267296,530.0980095267296,530.3520095348358,530.3520095348358,543.3060099482536,547.3700100779533,559.05401045084,565.9120106697083,565.9120106697083,565.9120106697083,565.9120106697083,565.9120106697083,565.9120106697083,565.9120106697083,565.9120106697083,565.9120106697083,568.4520107507706
2021-05-18 05:00:00,Baja,6.218,-75.564,Baja,Deslizamiento,Medellín,La Palmas,Las Palmas,41.0,1,36.83000135421753,59.43600183725357,61.97600191831589,62.73800194263458,62.992001950740814,65.78600203990936,65.78600203990936,65.78600203990936,72.13600200414658,101.85400277376175,108.96600317955017,128.27000361680984,128.27000361680984,134.8740035891533,151.63800394535065,181.864004611969,183.13400465250015,187.4520047903061,188.97600483894348,229.61600518226624,233.68000519275665,248.15800565481186,249.42800569534302,249.42800569534302,250.1900057196617,250.1900057196617,250.1900057196617,250.44400572776794,250.44400572776794,252.98400580883026,252.98400580883026,252.98400580883026,263.652006149292,263.652006149292,263.652006149292,263.652006149292,263.652006149292,268.98600631952286,271.0180063843727,278.6380065083504,278.6380065083504,278.6380065083504,352.55200761556625,355.09200769662857,356.1080077290535,386.3340087532997,386.3340087532997,386.3340087532997,386.3340087532997,386.3340087532997,387.0960087776184,387.0960087776184,414.02000933885574,414.02000933885574,427.4820098876953,494.0300102829933,500.1260104775429,547.1160109043121,550.1640110015869,562.1020113825798,596.138011932373,612.1400122642517,624.5860125422478,652.0180128216743,652.0180128216743,652.2720128297806,672.592013001442,711.7080139517784,732.5360145568848,732.790014564991,734.8220146298409,743.2040148973465,752.6020150184631,752.6020150184631,757.4280151724815,758.1900151968002,767.0800153017044,793.4960160255432,811.2760161757469,814.3240160942078,814.3240160942078,814.3240160942078,814.3240160942078,814.3240160942078,815.5940161347389,829.3100161552429,855.7260165214539,855.7260165214539,880.1100175976753,910.0820184350014,910.0820184350014,910.0820184350014,912.3680185079575,912.8760185241699,913.6380185484886,913.6380185484886,915.9240184426308
2021-05-31 22:00:00,Baja,6.29248414481301,-75.6486145131392,Media,Deslizamiento,Medellín,Corregimiento 60 San Cristóbal,El LLano,21.0,1,30.73400092124939,30.73400092124939,48.00600117444992,62.73800164461136,64.51600170135498,79.75600224733353,80.01000225543976,109.22000283002853,110.49000287055969,119.3800031542778,119.3800031542778,119.3800031542778,119.3800031542778,129.0320034623146,177.54600417613983,193.2940046787262,193.54800468683243,193.54800468683243,196.08800476789474,196.08800476789474,196.08800476789474,198.1200048327446,201.16800493001938,207.0100051164627,207.0100051164627,218.18600541353226,218.69400542974472,222.75800555944443,245.6180059313774,279.4000064730644,286.5120065808296,298.958006978035,311.91200721263885,322.5800074338913,339.85200786590576,341.6300079226494,341.6300079226494,341.6300079226494,341.6300079226494,341.6300079226494,346.7100079655647,346.7100079655647,346.7100079655647,359.9180079102516,359.9180079102516,380.23800826072693,387.3500083684921,387.3500083684921,387.3500083684921,387.3500083684921,389.12800842523575,392.684008538723,405.1300085783005,405.89200860261917,405.89200860261917,417.83000898361206,454.9140100479126,457.2000101208687,464.3120102882385,477.26601046323776,477.26601046323776,477.26601046323776,477.26601046323776,477.26601046323776,477.7740104794502,478.79001051187515,507.74601101875305,508.0000110268593,513.8420112133026,520.7000113129616,543.8140118718147,562.6100118756294,573.0240122079849,575.5640122890472,576.0720123052597,576.0720123052597,576.0720123052597,576.0720123052597,576.0720123052597,576.0720123052597,576.0720123052597,576.5800123214722,582.1680124998093,584.4540124535561,598.678012907505,604.7740131020546,606.298013150692,611.1240133047104,617.2200135588646,617.2200135588646,618.9980136156082,633.2220138311386,671.830014705658,672.3380147218704,679.9580145478249,679.9580145478249,679.9580145478249
2021-06-01 02:00:00,Baja,6.26615251300001,-75.535721777,Media,Deslizamiento,Medellín,Corregimiento 90 Santa Elena,Piedras Blancas - Matasano,16.0,1,33.782000720500946,45.21200066804886,51.56200087070465,57.15000104904175,62.48400121927261,62.99200123548508,70.86600148677826,73.40600144863129,73.91400146484375,86.3600018620491,86.3600018620491,86.3600018620491,86.61400187015533,89.66200196743011,109.72800248861313,150.11400324106216,151.1300032734871,154.94000339508057,154.94000339508057,157.22600346803665,157.22600346803665,158.24200350046158,159.51200354099274,169.9260038137436,169.9260038137436,171.45000386238098,172.21200388669968,173.73600393533707,198.37400484085083,260.60400599241257,260.8580060005188,266.4460061788559,279.1460064649582,293.6240066289902,298.19600677490234,315.21400690078735,315.21400690078735,315.21400690078735,318.7700070142746,318.7700070142746,318.7700070142746,318.7700070142746,318.7700070142746,318.7700070142746,318.7700070142746,318.7700070142746,332.48600721359253,332.48600721359253,332.48600721359253,332.48600721359253,334.0100072622299,335.78800731897354,340.86800742149353,346.2020075917244,346.2020075917244,349.75800770521164,369.5700083374977,373.88800847530365,391.66800862550735,408.43200904130936,408.43200904130936,408.43200904130936,408.43200904130936,408.43200904130936,408.6860090494156,409.4480090737343,419.10000920295715,419.10000920295715,421.64000928401947,459.7400090098381,475.74200946092606,491.9980098605156,507.2380102276802,522.7320104837418,537.4640109539032,562.1020112633705,591.3120118975639,602.9960122704506,602.9960122704506,609.0920124650002,621.2840126752853,625.8560128211975,626.36401283741,627.8880128860474,631.9520130157471,639.572013258934,643.1280133724213,643.1280133724213,653.7960134148598,653.7960134148598,654.5580134391785,657.352013528347,659.1300135850906,661.1620136499405,665.4800137877464,665.7340137958527,665.7340137958527
2021-06-01 02:00:00,Baja,6.26689943700001,-75.541718737,Media,Caida de rocas,Medellín,Comuna 3 Manrique,Versalles No.1,16.0,1,33.782000720500946,45.21200066804886,51.56200087070465,57.15000104904175,62.48400121927261,62.99200123548508,70.86600148677826,73.40600144863129,73.91400146484375,86.3600018620491,86.3600018620491,86.3600018620491,86.61400187015533,89.66200196743011,109.72800248861313,150.11400324106216,151.1300032734871,154.94000339508057,154.94000339508057,157.22600346803665,157.22600346803665,158.24200350046158,159.51200354099274,169.9260038137436,169.9260038137436,171.45000386238098,172.21200388669968,173.73600393533707,198.37400484085083,260.60400599241257,260.8580060005188,266.4460061788559,279.1460064649582,293.6240066289902,298.19600677490234,315.21400690078735,315.21400690078735,315.21400690078735,318.7700070142746,318.7700070142746,318.7700070142746,318.7700070142746,318.7700070142746,318.7700070142746,318.7700070142746,318.7700070142746,332.48600721359253,332.48600721359253,332.48600721359253,332.48600721359253,334.0100072622299,335.78800731897354,340.86800742149353,346.2020075917244,346.2020075917244,349.75800770521164,369.5700083374977,373.88800847530365,391.66800862550735,408.43200904130936,408.43200904130936,408.43200904130936,408.43200904130936,408.43200904130936,408.6860090494156,409.4480090737343,419.10000920295715,419.10000920295715,421.64000928401947,459.7400090098381,475.74200946092606,491.9980098605156,507.2380102276802,522.7320104837418,537.4640109539032,562.1020112633705,591.3120118975639,602.9960122704506,602.9960122704506,609.0920124650002,621.2840126752853,625.8560128211975,626.36401283741,627.8880128860474,631.9520130157471,639.572013258934,643.1280133724213,643.1280133724213,653.7960134148598,653.7960134148598,654.5580134391785,657.352013528347,659.1300135850906,661.1620136499405,665.4800137877464,665.7340137958527,665.7340137958527
2021-06-01 02:00:00,Baja,6.24144133300001,-75.538898811,Media,Deslizamiento,Medellín,Comuna 8 Villa Hermosa,Villatina,499.0,1,50.54600125551224,56.38800132274628,62.73800152540207,63.754001557826996,75.94600182771683,76.45400184392929,79.75600183010101,84.58200186491013,85.34400188922882,100.07600235939026,100.07600235939026,100.07600235939026,100.83800238370895,105.91800248622894,126.49200314283371,202.94600427150726,203.9620043039322,207.01000440120697,207.01000440120697,212.0900045633316,212.0900045633316,212.59800457954407,214.88400465250015,223.2660049200058,223.52000492811203,256.2860053181648,257.8100053668022,266.7000055909157,287.2740061879158,342.1380068063736,342.64600682258606,349.2500070333481,361.4420075416565,385.3180079460144,389.8900080919266,401.82800817489624,402.84400820732117,402.84400820732117,407.41600835323334,407.41600835323334,407.41600835323334,407.41600835323334,407.41600835323334,407.41600835323334,407.41600835323334,407.41600835323334,423.9260086417198,423.9260086417198,423.9260086417198,423.9260086417198,425.9580087065697,430.0220088362694,435.6100090146065,441.96000921726227,441.96000921726227,445.77000933885574,478.7900099158287,483.10801005363464,488.4420102238655,509.7780109643936,510.03201097249985,510.2860109806061,510.2860109806061,510.2860109806061,511.0480110049248,514.6040109992027,535.9400115609169,535.9400115609169,539.2420116662979,586.7400123476982,607.8220127820969,631.9520133733749,635.254013478756,646.9380138516426,673.3540143966675,689.8640149235725,689.8640149235725,689.8640149235725,689.8640149235725,689.8640149235725,689.8640149235725,689.8640149235725,689.8640149235725,689.8640149235725,694.9440150856972,705.8660154342651,713.2320156097412,713.4860156178474,715.2640156745911,715.2640156745911,715.2640156745911,718.8200157880783,734.8220158219337,735.5840158462524,737.1080158948898,737.1080158948898,737.1080158948898
2021-06-01 19:00:00,Baja,6.252555788,-75.53395654,Media,Complejo,Medellín,Corregimiento 90 Santa Elena,Piedras Blancas - Matasano,499.0,1,71.88200157880783,78.74000179767609,84.58200186491013,90.93200206756592,94.23400217294693,104.64800238609314,107.95000237226486,112.77600240707397,112.77600240707397,116.58600252866745,128.2700029015541,128.2700029015541,128.2700029015541,129.28600293397903,153.16200363636017,228.34600472450256,232.15600484609604,234.1880049109459,235.20400494337082,240.28400510549545,240.28400510549545,240.28400510549545,243.078005194664,250.95200544595718,251.46000546216965,251.9680054783821,284.4800058603287,286.00400590896606,315.2140067219734,331.9780072569847,370.5860073566437,370.8400073647499,378.46000760793686,405.38400834798813,413.51200848817825,418.0840086340904,431.038008749485,431.038008749485,432.3080087900162,435.6100088953972,435.6100088953972,435.6100088953972,435.6100088953972,435.6100088953972,435.6100088953972,435.6100088953972,452.12000918388367,452.12000918388367,452.12000918388367,452.12000918388367,452.12000918388367,457.2000093460083,459.23200941085815,470.1540097594261,470.1540097594261,470.40800976753235,506.7300104498863,506.98401045799255,511.3020105957985,528.5740111470222,537.9720115065575,538.4800115227699,538.4800115227699,538.4800115227699,538.4800115227699,539.4960115551949,554.2280120849609,564.1340121030807,564.1340121030807,614.9340128898621,614.9340128898621,654.8120138645172,660.6540139317513,675.1320143938065,684.7840147018433,716.534015417099,718.0580154657364,718.0580154657364,718.0580154657364,718.0580154657364,718.0580154657364,718.0580154657364,718.0580154657364,718.0580154657364,718.0580154657364,729.2340158224106,734.060015976429,741.6800161600113,742.1880161762238,743.4580162167549,743.4580162167549,746.7600163221359,747.0140163302422,763.0160163640976,763.7780163884163,765.3020164370537,765.3020164370537
2021-06-01 19:31:00,Baja,6.226286,-75.532941,Media,Deslizamiento,Medellín,Corregimiento 90 Santa Elena,Las Palmas,289.0,1,42.67200082540512,47.752000987529755,75.43800181150436,81.02600198984146,83.31200206279755,92.9640023112297,104.64800268411636,112.26800286769867,112.26800286769867,115.31600296497345,124.46000325679779,124.46000325679779,124.46000325679779,124.71400326490402,146.5580039024353,178.30800467729568,197.35800486803055,198.88200491666794,200.1520049571991,203.4540050625801,203.4540050625801,203.4540050625801,206.24800515174866,224.5360051393509,225.80600517988205,225.80600517988205,272.0340058207512,273.30400586128235,295.6560066342354,301.2440068125725,323.8500072956085,324.358007311821,330.962007522583,351.53600800037384,367.792008459568,368.5540084838867,382.77800929546356,382.77800929546356,383.7940093278885,384.0480093359947,384.0480093359947,384.0480093359947,384.0480093359947,384.0480093359947,384.0480093359947,384.0480093359947,392.9380095601082,393.7000095844269,393.7000095844269,393.7000095844269,393.7000095844269,400.8120096921921,403.09800976514816,412.2420100569725,412.2420100569725,412.2420100569725,430.5300106406212,435.35601061582565,440.4360107779503,450.0880110859871,458.4700112938881,464.0580112338066,464.0580112338066,464.0580112338066,464.0580112338066,464.0580112338066,473.45601147413254,475.7420115470886,475.7420115470886,524.0020124316216,524.0020124316216,560.0700131654739,568.960013449192,590.804013967514,598.6780142188072,640.080014526844,643.6360145807266,686.562015414238,699.5160155892372,699.5160155892372,700.2780156135559,733.2980163693428,733.552016377449,740.1560165882111,740.1560165882111,749.5540168881416,755.1420170664787,763.0160173177719,763.5240173339844,769.8740172982216,769.8740172982216,776.2240175008774,787.6540177464485,817.8800186514854,821.9440187215805,821.9440187215805,821.9440187215805
2021-06-01 22:30:00,Baja,6.23710199679644,-75.5345976784811,Media,Deslizamiento,Medellín,Comuna 8 Villa Hermosa,San Antonio,44.0,1,44.45000112056732,83.82000178098679,102.87000167369843,107.95000183582306,108.96600186824799,117.8560021519661,120.90400224924088,130.8100025653839,132.08000260591507,134.11200267076492,145.79600304365158,145.79600304365158,145.79600304365158,146.30400305986404,156.97200340032578,172.97400391101837,217.93200492858887,218.9480049610138,221.4880050420761,223.0120050907135,227.83800518512726,227.83800518512726,229.61600524187088,230.88600528240204,242.31600552797318,242.82400554418564,278.892005443573,280.4160054922104,299.974005818367,315.21400612592697,344.67800694704056,344.67800694704056,349.50400710105896,362.4580071568489,383.2860075831413,386.0800076723099,388.62000769376755,392.430007815361,393.1920078396797,393.7000078558922,393.7000078558922,393.7000078558922,393.7000078558922,393.7000078558922,393.7000078558922,394.20800787210464,396.49400794506073,411.22600811719894,411.22600811719894,411.22600811719894,411.22600811719894,417.32200825214386,418.84600830078125,427.22800850868225,427.22800850868225,427.99000853300095,438.1500088572502,449.58000922203064,453.8980093598366,458.2160094976425,472.44000989198685,480.31400978565216,480.31400978565216,480.31400978565216,480.31400978565216,480.8220098018646,482.60000985860825,491.9980101585388,491.9980101585388,519.4300106167793,538.4800109267235,569.4680116176605,577.8500118255615,599.4400120973587,599.4400120973587,626.1100127100945,640.5880129337311,640.5880129337311,640.5880129337311,640.5880129337311,640.5880129337311,640.5880129337311,640.5880129337311,652.2720131874084,653.7960132360458,659.6380134224892,666.7500136494637,676.910013616085,676.910013616085,686.0540139079094,686.0540139079094,686.0540139079094,690.3720140457153,708.406014084816,711.4540143609047,711.4540143609047,711.4540143609047
2021-06-01 22:30:00,Baja,6.22365251475261,-75.6318296432415,Media,Deslizamiento,Medellín,Corregimiento 70 Altavista,Altavista Sector Central,1.0,1,37.84600085020065,57.65800130367279,74.67600148916245,77.97800159454346,78.48600161075592,83.56600177288055,93.21800208091736,111.7600023150444,118.11000245809555,120.9040025472641,129.54000282287598,131.82600283622742,131.82600283622742,132.08000284433365,140.20800310373306,172.21200400590897,183.38800436258316,185.67400443553925,186.9440044760704,189.73800456523895,190.24600458145142,190.24600458145142,193.2940046787262,235.20400488376617,243.58600515127182,246.88800531625748,247.1420053243637,247.39600533246994,249.68200540542603,266.7000056505203,298.7040061354637,301.24400621652603,318.51600646972656,322.8340066075325,323.5960066318512,328.67600679397583,344.4240070581436,344.4240070581436,344.9320070743561,344.9320070743561,349.2500070333481,349.2500070333481,349.2500070333481,349.2500070333481,349.2500070333481,349.2500070333481,351.0280070900917,373.126007437706,373.126007437706,373.126007437706,373.126007437706,374.1420074701309,376.1740075349808,383.7940077781677,387.6040077805519,387.6040077805519,395.98600804805756,450.5960093140602,453.8980094194412,460.7560095191002,512.0640107393265,512.0640107393265,512.0640107393265,512.0640107393265,512.0640107393265,513.0800107717514,513.3340107798576,528.0660110116005,528.0660110116005,565.9120118618011,567.944011926651,598.170012652874,615.1880131959915,651.0020141005516,651.2560141086578,669.5440145730972,686.816015124321,690.8800152540207,727.2020156383514,734.0600157380104,734.3140157461166,738.3780158758163,758.9520163536072,778.2560167908669,780.7960168123245,790.4480170607567,799.5920172929764,800.8620173335075,800.8620173335075,800.8620173335075,801.1160173416138,816.1020172834396,825.246017575264,827.5320176482201,832.6120175123215,843.7880178689957,843.7880178689957
2021-06-02 03:00:00,Baja,6.2350279,-75.5269421,Media,Deslizamiento,Medellín,Comuna 8 Villa Hermosa,La Sierra,44.0,1,39.116000950336456,83.31200176477432,103.12400168180466,108.20400184392929,109.22000187635422,117.34800213575363,118.61800217628479,131.06400257349014,132.3340026140213,132.84200263023376,146.0500030517578,146.0500030517578,146.0500030517578,146.55800306797028,151.13000321388245,167.38600373268127,217.93200492858887,218.9480049610138,221.74200505018234,221.74200505018234,228.0920051932335,228.0920051932335,228.34600520133972,229.8700052499771,242.5700055360794,243.07800555229187,279.14600545167923,280.6700055003166,295.65600568056107,314.7060061097145,344.67800694704056,344.9320069551468,348.9960070848465,362.2040071487427,383.54000759124756,386.3340076804161,388.62000769376755,392.68400782346725,392.68400782346725,393.9540078639984,393.9540078639984,393.9540078639984,393.9540078639984,393.9540078639984,393.9540078639984,393.9540078639984,394.4620078802109,411.4800081253052,411.4800081253052,411.4800081253052,411.4800081253052,411.4800081253052,418.3380082845688,420.6240083575249,427.4820085167885,427.4820085167885,428.75200855731964,449.83400923013687,453.64400935173035,454.6600093841553,472.6940099000931,473.4560099244118,480.5680097937584,480.5680097937584,480.5680097937584,481.07600980997086,482.8540098667145,492.25201016664505,492.25201016664505,508.25401055812836,538.7340109348297,548.1320111751556,578.1040118336678,583.4380120038986,599.6940121054649,625.8560127019882,640.8420129418373,640.8420129418373,640.8420129418373,640.8420129418373,640.8420129418373,640.8420129418373,640.8420129418373,651.2560131549835,654.0500132441521,657.3520133495331,664.4640135765076,677.1640136241913,677.1640136241913,686.3080139160156,686.3080139160156,686.3080139160156,690.6260140538216,708.6600140929222,711.7080143690109,711.7080143690109,711.7080143690109
2021-06-02 17:00:00,Baja,6.28934484003857,-75.5404959088718,Media,Deslizamiento,Medellín,Comuna 1 Popular,Carpinelo,274.0,1,40.13200056552887,68.07200145721436,72.13600158691406,73.66000163555145,83.82000195980072,88.39200210571289,94.23400229215622,100.33000248670578,101.85400253534317,101.85400253534317,103.88600260019302,120.90400272607803,120.90400272607803,120.90400272607803,120.90400272607803,136.1440031528473,166.87800389528275,168.9100039601326,170.94200402498245,171.45000404119492,174.75200414657593,174.75200414657593,174.75200414657593,176.53000420331955,181.61000436544418,185.92800450325012,187.4520045518875,206.2480052113533,211.58200538158417,231.90200579166412,265.430006980896,272.03400707244873,273.3040071129799,279.1460072994232,293.1160076856613,295.65600776672363,303.5300078392029,308.61000776290894,308.61000776290894,309.8800078034401,310.38800781965256,310.38800781965256,310.38800781965256,310.38800781965256,310.38800781965256,310.6420078277588,310.6420078277588,321.056008040905,321.056008040905,321.056008040905,321.056008040905,321.056008040905,321.56400805711746,322.32600808143616,327.4060082435608,327.4060082435608,327.4060082435608,341.1220086812973,341.1220086812973,344.67800879478455,366.5220093727112,370.8400095105171,370.8400095105171,370.8400095105171,370.8400095105171,370.8400095105171,371.09400951862335,377.44400960206985,377.6980096101761,377.6980096101761,412.7500101327896,413.2580101490021,446.53201085329056,447.040010869503,478.53601115942,486.91801142692566,512.8260120153427,553.9740138053894,563.3720140457153,564.8960140943527,567.9440141916275,567.9440141916275,585.9780147075653,598.1700147986412,601.7260148525238,601.7260148525238,611.3780151605606,613.9180152416229,618.2360153198242,626.1100154519081,626.1100154519081,626.1100154519081,632.4600155949593,632.7140156030655,632.7140156030655,635.2540156841278,635.508015692234
2021-06-02 18:30:00,Baja,6.29822110966513,-75.5422856413644,Media,Deslizamiento,Medellín,Comuna 1 Popular,Santo Domingo Savio No.1,352.0,1,47.2440009713173,79.75600165128708,84.58200180530548,85.34400182962418,94.48800206184387,101.60000205039978,109.47400224208832,116.07800245285034,117.60200250148773,117.60200250148773,119.38000255823135,142.24000310897827,142.24000310897827,142.24000310897827,142.24000310897827,166.8780037164688,194.05600422620773,195.07200425863266,196.34200429916382,196.85000431537628,200.40600442886353,200.40600442886353,200.40600442886353,201.67600446939468,209.55000472068787,210.82000476121902,211.07400476932526,231.394004881382,237.49000507593155,264.6680055260658,279.40000599622726,310.8960066437721,311.4040066599846,319.02400690317154,336.8040072917938,338.074007332325,345.94800740480423,355.34600752592087,355.34600752592087,355.6000075340271,355.6000075340271,355.6000075340271,355.6000075340271,355.6000075340271,355.6000075340271,356.10800755023956,356.10800755023956,368.04600781202316,368.04600781202316,368.04600781202316,368.04600781202316,368.04600781202316,368.5540078282356,369.3160078525543,374.9040080308914,374.9040080308914,374.9040080308914,392.4300085902214,393.1920086145401,398.7800087928772,413.0040090084076,413.7660090327263,413.7660090327263,413.7660090327263,413.7660090327263,413.7660090327263,413.7660090327263,414.528009057045,415.2900090813637,415.2900090813637,460.50201016664505,460.50201016664505,494.79201090335846,499.87201100587845,544.5760116577148,559.3080118894577,606.0440124869347,608.8380125761032,631.1900131106377,632.9680131673813,636.5240132808685,636.5240132808685,680.720014154911,702.0560149550438,708.6600152850151,708.6600152850151,722.6300157308578,724.6620157957077,730.7580157518387,732.7900158166885,732.7900158166885,732.7900158166885,745.7440160512924,746.2520160675049,746.5060160756111,750.062016248703,750.062016248703
2021-06-09 01:00:00,Baja,6.27226573399997,-75.539583266,Media,Deslizamiento,Medellín,Comuna 3 Manrique,La Cruz,16.0,1,33.020000994205475,53.84800148010254,57.912001609802246,57.912001609802246,57.912001609802246,66.80200165510178,73.1520015001297,102.61600238084793,133.60400301218033,145.03400295972824,151.38400316238403,156.97200334072113,162.306003510952,162.81400352716446,170.68800377845764,173.22800374031067,174.49800378084183,186.18200415372849,186.18200415372849,186.18200415372849,186.43600416183472,190.2460042834282,211.0740048289299,249.93600553274155,250.95200556516647,254.76200568675995,255.2700057029724,257.04800575971603,257.04800575971603,258.06400579214096,259.3340058326721,269.748006105423,269.748006105423,271.27200615406036,272.2880061864853,273.8120062351227,298.7040071487427,360.42600828409195,360.6800082921982,366.5220084786415,378.9680087566376,393.44600892066956,399.03400909900665,415.03600919246674,415.03600919246674,415.03600919246674,418.592009305954,418.592009305954,418.592009305954,418.592009305954,418.592009305954,418.592009305954,418.592009305954,419.6080093383789,432.3080095052719,432.3080095052719,432.3080095052719,432.3080095052719,434.594009578228,435.6100096106529,445.00800985097885,446.0240098834038,446.0240098834038,452.37401008605957,469.3920106291771,473.71001076698303,491.74401092529297,508.25401133298874,508.25401133298874,508.25401133298874,508.25401133298874,508.25401133298874,508.50801134109497,509.27001136541367,518.9220114946365,518.9220114946365,522.4780116081238,559.5620113015175,584.4540120363235,591.820012152195,611.1240126490593,622.5540127754211,637.2860132455826,661.9240135550499,691.1340141892433,702.81801456213,702.81801456213,708.9140147566795,721.1060149669647,725.6780151128769,726.1860151290894,727.7100151777267,731.7740153074265,739.3940155506134,742.9500156641006,742.9500156641006,753.6180157065392
2021-06-11 17:30:00,Baja,6.23250416299999,-75.543077875,Media,Deslizamiento,Medellín,Comuna 9 Buenos Aires,Los Cerros El Vergel,184.0,1,65.27800035476685,68.32600045204163,92.71000111103058,133.6040016412735,136.39800173044205,137.6680017709732,137.6680017709732,140.20800185203552,140.20800185203552,170.18000209331512,213.6140028834343,220.21800309419632,235.71200329065323,238.50600337982178,240.53800344467163,248.1580035686493,259.3340039253235,270.7640042901039,270.7640042901039,274.32000440359116,284.9880047440529,284.9880047440529,284.9880047440529,285.2420047521591,307.84800547361374,344.17000621557236,345.69400626420975,347.4720062613487,348.48800629377365,350.77400636672974,350.77400636672974,350.77400636672974,353.31400644779205,362.71200662851334,362.71200662851334,362.71200662851334,364.7440066933632,365.25200670957565,371.3480069041252,388.36600744724274,401.06600803136826,401.06600803136826,404.11400812864304,408.4320081472397,414.52800822257996,416.05200827121735,417.57600831985474,417.57600831985474,419.1000083684921,419.35400837659836,419.35400837659836,419.35400837659836,419.35400837659836,419.35400837659836,419.35400837659836,419.35400837659836,423.41800850629807,423.41800850629807,423.41800850629807,423.41800850629807,423.41800850629807,429.26000863313675,430.78400868177414,439.420008957386,439.420008957386,439.420008957386,447.54800921678543,451.6120094060898,456.94600957632065,469.64600986242294,472.44000989198685,473.20200991630554,473.20200991630554,473.20200991630554,473.20200991630554,473.710009932518,473.710009932518,473.710009932518,473.710009932518,473.710009932518,473.710009932518,473.710009932518,473.710009932518,473.710009932518,473.710009932518,495.8080104589462,500.3800104856491,538.9880114197731,547.8780116438866,547.8780116438866,549.1480116844177,578.3580121994019,578.6120122075081,581.4060122966766,581.6600123047829,592.3280126452446,597.9160128235817
2021-06-11 18:00:00,Baja,6.24578537899998,-75.545991336,Media,Deslizamiento,Medellín,Comuna 8 Villa Hermosa,El Pinal,129.0,1,63.24599993228912,66.04000002145767,78.2320004105568,108.45800071954727,111.50600081682205,111.50600081682205,111.50600081682205,115.31600087881088,115.31600087881088,135.8900010585785,171.45000171661377,176.02200186252594,183.64200222492218,186.1820023059845,187.7060023546219,193.80200254917145,201.4220027923584,207.2640027999878,207.2640027999878,209.29600286483765,217.93200314044952,217.93200314044952,217.93200314044952,217.93200314044952,235.45800364017487,258.0640038847923,259.5880039334297,260.8580039739609,261.1120039820671,266.44600409269333,266.44600409269333,266.44600409269333,268.98600417375565,274.32000428438187,275.3360043168068,275.3360043168068,291.5920044183731,293.1160044670105,308.8640049099922,328.67600560188293,345.44000601768494,345.44000601768494,351.79000622034073,367.2840065956116,379.47600680589676,382.2700068950653,389.63600701093674,389.63600701093674,390.65200704336166,390.65200704336166,390.65200704336166,390.65200704336166,390.65200704336166,390.65200704336166,390.65200704336166,390.65200704336166,403.3520073890686,403.3520073890686,403.3520073890686,403.3520073890686,403.3520073890686,414.52800738811493,416.0520074367523,424.94200772047043,424.94200772047043,424.94200772047043,451.10400837659836,451.86600840091705,456.4380084872246,466.3440088033676,474.7260088920593,475.74200892448425,475.74200892448425,475.74200892448425,475.74200892448425,480.3140090703964,487.93400925397873,487.93400925397873,487.93400925397873,529.8440102338791,531.3680102825165,561.848011136055,563.8800112009048,587.2480118274689,605.2820118665695,623.5700120329857,628.1420121788979,653.7960125803947,661.1620127558708,662.1780127882957,662.1780127882957,676.9100132584572,676.9100132584572,677.9260132908821,677.9260132908821,685.0380135178566,689.864013671875
2021-06-11 18:00:00,Baja,6.23814197600001,-75.542311066,Media,Deslizamiento,Medellín,Comuna 8 Villa Hermosa,Villatina,129.0,1,63.24599993228912,66.04000002145767,78.2320004105568,108.45800071954727,111.50600081682205,111.50600081682205,111.50600081682205,115.31600087881088,115.31600087881088,135.8900010585785,171.45000171661377,176.02200186252594,183.64200222492218,186.1820023059845,187.7060023546219,193.80200254917145,201.4220027923584,207.2640027999878,207.2640027999878,209.29600286483765,217.93200314044952,217.93200314044952,217.93200314044952,217.93200314044952,235.45800364017487,258.0640038847923,259.5880039334297,260.8580039739609,261.1120039820671,266.44600409269333,266.44600409269333,266.44600409269333,268.98600417375565,274.32000428438187,275.3360043168068,275.3360043168068,291.5920044183731,293.1160044670105,308.8640049099922,328.67600560188293,345.44000601768494,345.44000601768494,351.79000622034073,367.2840065956116,379.47600680589676,382.2700068950653,389.63600701093674,389.63600701093674,390.65200704336166,390.65200704336166,390.65200704336166,390.65200704336166,390.65200704336166,390.65200704336166,390.65200704336166,390.65200704336166,403.3520073890686,403.3520073890686,403.3520073890686,403.3520073890686,403.3520073890686,414.52800738811493,416.0520074367523,424.94200772047043,424.94200772047043,424.94200772047043,451.10400837659836,451.86600840091705,456.4380084872246,466.3440088033676,474.7260088920593,475.74200892448425,475.74200892448425,475.74200892448425,475.74200892448425,480.3140090703964,487.93400925397873,487.93400925397873,487.93400925397873,529.8440102338791,531.3680102825165,561.848011136055,563.8800112009048,587.2480118274689,605.2820118665695,623.5700120329857,628.1420121788979,653.7960125803947,661.1620127558708,662.1780127882957,662.1780127882957,676.9100132584572,676.9100132584572,677.9260132908821,677.9260132908821,685.0380135178566,689.864013671875
2021-06-11 18:32:00,Baja,6.23988202319118,-75.5378085533897,Media,Deslizamiento,Medellín,Comuna 8 Villa Hermosa,San Antonio,44.0,1,53.848000288009644,56.13400036096573,70.86600083112717,111.5060014128685,114.55400151014328,114.55400151014328,114.55400151014328,117.0940015912056,117.0940015912056,140.46200209856033,195.07200318574905,201.16800338029861,220.21800327301025,225.2980034351349,228.09200352430344,235.7120037674904,248.15800416469574,249.4280042052269,249.4280042052269,252.98400431871414,263.1440046429634,263.1440046429634,263.1440046429634,263.6520046591759,282.9560052752495,333.5020064711571,336.0420065522194,338.3280066251755,338.83600664138794,345.1860067844391,345.1860067844391,345.1860067844391,346.9640068411827,357.3780070543289,359.664007127285,360.17200714349747,396.2400070428848,397.7640070915222,431.8000077009201,442.2140080332756,462.0260085463524,462.0260085463524,466.8520087003708,489.4580090045929,500.63400918245316,503.4280092716217,509.77800941467285,509.77800941467285,510.54000943899155,511.048009455204,511.048009455204,511.048009455204,511.048009455204,511.048009455204,511.048009455204,511.5560094714165,528.5740097165108,528.5740097165108,528.5740097165108,528.5740097165108,528.5740097165108,534.6700098514557,536.1940099000931,544.5760101079941,544.5760101079941,545.3380101323128,566.9280108213425,566.9280108213425,571.2460109591484,580.644011259079,589.7880114912987,597.662011384964,597.662011384964,597.662011384964,597.662011384964,598.1700114011765,609.3460117578506,609.3460117578506,609.3460117578506,655.8280125260353,655.8280125260353,692.4040133357048,695.4520134329796,716.7880136966705,724.1540139317513,755.6500145792961,757.9360145330429,757.9360145330429,757.9360145330429,757.9360145330429,757.9360145330429,757.9360145330429,757.9360145330429,769.6200147867203,771.1440148353577,779.0180150866508,784.0980152487755
2021-06-11 23:00:00,Baja,6.23465267900002,-75.534902863,Media,Deslizamiento,Medellín,Comuna 8 Villa Hermosa,Villa Lilliam,499.0,1,55.37200152873992,56.38800156116485,65.02400183677673,110.49000281095505,131.57200318574905,135.1280032992363,135.1280032992363,135.890003323555,137.16000336408615,137.16000336408615,195.07200473546982,236.98200571537018,242.82400578260422,249.17400598526,250.19000601768494,262.38200628757477,262.89000630378723,266.19200628995895,271.01800632476807,273.5580064058304,286.5120068192482,286.5120068192482,286.5120068192482,287.2740068435669,298.9580071568489,319.5320078134537,389.63600873947144,390.65200877189636,393.4460088610649,395.9860089421272,398.52600902318954,398.52600902318954,401.3200091123581,404.6220092177391,409.70200937986374,409.95600938796997,442.72200977802277,444.24600982666016,457.962010204792,475.48801070451736,528.8280112743378,529.082011282444,536.702011525631,549.656012058258,571.7540124058723,576.3260125517845,588.5180126428604,589.2800126671791,590.5500127077103,593.8520128130913,593.8520128130913,593.8520128130913,593.8520128130913,593.8520128130913,593.8520128130913,593.8520128130913,597.1540129184723,610.3620131015778,610.3620131015778,610.3620131015778,610.3620131015778,615.4420132637024,617.4740133285522,628.3960136771202,628.3960136771202,628.6500136852264,642.8740141391754,665.2260143756866,669.5440145134926,679.7040148377419,696.2140154242516,696.722015440464,696.722015440464,696.722015440464,696.722015440464,697.4840154647827,701.2940154671669,722.3760160207748,722.3760160207748,744.9820158481598,773.1760168075562,805.6880174279213,818.3880178332329,833.3740183115005,833.3740183115005,861.568018913269,876.3000193834305,876.3000193834305,876.3000193834305,876.3000193834305,876.3000193834305,876.3000193834305,876.3000193834305,876.3000193834305,876.3000193834305,883.6660196185112,892.3020198941231
2021-08-15 18:00:00,Baja,6.2538910728299,-75.5511808436657,Media,Deslizamiento,Medellín,Comuna 8 Villa Hermosa,La Ladera,211.0,1,45.97400104999542,59.944001495838165,70.35800182819366,76.96200203895569,77.72400206327438,87.12200236320496,87.12200236320496,92.45600253343582,92.45600253343582,92.45600253343582,92.45600253343582,92.45600253343582,92.45600253343582,92.45600253343582,92.45600253343582,92.45600253343582,105.15600264072418,115.82400286197662,116.07800287008286,128.01600325107574,132.0800033211708,135.89000344276428,148.3360036611557,148.3360036611557,148.3360036611557,148.3360036611557,148.3360036611557,148.3360036611557,164.33800399303436,185.4200046658516,200.66000473499298,200.66000473499298,200.66000473499298,200.9140047430992,200.9140047430992,205.48600488901138,213.6140051484108,213.6140051484108,213.6140051484108,213.6140051484108,213.6140051484108,213.6140051484108,213.6140051484108,213.6140051484108,213.86800515651703,213.86800515651703,213.86800515651703,217.42400527000427,232.1560057401657,233.17200577259064,244.3480059504509,244.85600596666336,273.05000680685043,273.05000680685043,277.6220069527626,296.4180074930191,297.94200748205185,299.72000753879547,305.5620077252388,305.5620077252388,309.11800783872604,313.18200796842575,324.6120083332062,325.12000834941864,349.50400936603546,413.7660104036331,417.06801050901413,433.5780110359192,465.07401192188263,467.8680120110512,467.8680120110512,467.8680120110512,470.15401208400726,470.15401208400726,490.22001254558563,531.6220136880875,536.4480138421059,545.338014125824,548.3860142230988,550.6720142960548,554.7360144257545,562.3560146689415,565.9120147228241,565.9120147228241,568.4520148038864,577.850015103817,577.850015103817,577.850015103817,578.3580151200294,599.9480158090591,637.2860163450241,638.8100163936615,640.3340164422989,640.8420164585114,645.4140166044235,645.4140166044235,645.4140166044235
2021-08-15 21:00:00,Baja,6.2816621,-75.6018947,Media,Deslizamiento,Medellín,Comuna 7 Robledo,Cucaracho,456.0,1,37.33800047636032,44.95800065994263,55.880000948905945,65.78600126504898,67.5640013217926,87.63000148534775,87.63000148534775,91.18600159883499,91.18600159883499,91.18600159883499,91.18600159883499,91.18600159883499,92.20200163125992,92.20200163125992,92.20200163125992,92.20200163125992,104.90200173854828,110.74400180578232,110.74400180578232,119.88800209760666,120.39600211381912,124.96800225973129,127.50800234079361,127.50800234079361,127.50800234079361,127.50800234079361,127.50800234079361,127.50800234079361,143.7640026807785,166.1160032749176,174.75200355052948,174.75200355052948,174.75200355052948,175.7680035829544,175.7680035829544,179.57800370454788,187.96000397205353,188.97600400447845,189.48400402069092,189.48400402069092,189.48400402069092,189.48400402069092,189.48400402069092,189.48400402069092,189.48400402069092,195.32600408792496,195.32600408792496,197.10400414466858,209.80400454998016,209.80400454998016,213.614004611969,231.9020050764084,231.9020050764084,231.9020050764084,237.99800527095795,240.0300053358078,255.27000558376312,258.06400567293167,264.9220058917999,264.9220058917999,266.70000594854355,269.4940060377121,280.1620061993599,281.43200623989105,289.81400644779205,303.2760066986084,304.54600673913956,320.2940072417259,336.55000764131546,341.8840078115463,341.8840078115463,341.8840078115463,342.90000784397125,371.0940080881119,377.4440081715584,398.0180086493492,406.146008849144,407.41600888967514,413.5120089650154,414.2740089893341,420.37000918388367,426.212009370327,427.7360094189644,444.2460098862648,445.51600992679596,452.8820101618767,452.8820101618767,452.8820101618767,453.1360101699829,463.04201048612595,492.5060112476349,518.6680121421814,518.6680121421814,518.6680121421814,520.9540122151375,520.9540122151375,520.9540122151375
2021-08-17 09:30:00,Baja,6.2313974766297,-75.6137160877295,Media,Otro,Medellín,Comuna 16 Belén,Las Violetas,9.0,1,31.49600076675415,55.37200087308884,76.20000141859055,81.02600157260895,88.39200180768967,92.45600193738937,94.48800200223923,115.82400262355804,115.82400262355804,119.88800275325775,119.88800275325775,119.88800275325775,119.88800275325775,140.20800310373306,140.20800310373306,140.20800310373306,140.20800310373306,140.20800310373306,152.65400344133377,152.65400344133377,153.41600346565247,163.3220037817955,163.57600378990173,170.18000382184982,170.18000382184982,170.18000382184982,170.18000382184982,170.18000382184982,170.18000382184982,170.18000382184982,170.18000382184982,173.9900039434433,177.80000394582748,177.80000394582748,177.80000394582748,178.8160039782524,178.8160039782524,184.4040041565895,190.50000435113907,191.26200437545776,191.26200437545776,191.26200437545776,191.26200437545776,191.26200437545776,191.26200437545776,191.26200437545776,191.516004383564,191.516004383564,191.516004383564,194.31000447273254,210.8200049996376,213.86800509691238,217.67800521850586,218.18600523471832,236.72800582647324,239.52200591564178,239.77600592374802,258.8260064125061,265.6840068101883,272.2880069613457,278.130007147789,278.130007147789,280.16200721263885,284.4800073504448,292.354007601738,300.9900078177452,320.54800790548325,320.54800790548325,323.08800798654556,344.17000859975815,365.76000916957855,367.7920092344284,367.7920092344284,368.04600924253464,382.0160098671913,382.0160098671913,382.0160098671913,382.0160098671913,387.85800993442535,389.8900099992752,390.14401000738144,390.39801001548767,390.39801001548767,406.6540104150772,417.06801068782806,417.06801068782806,418.59201073646545,418.59201073646545,418.59201073646545,418.59201073646545,421.13201081752777,421.13201081752777,421.13201081752777,421.386010825634,421.64001083374023,422.1480108499527,425.70401096343994
2021-08-20 00:00:00,Media,6.24862414708297,-75.6259417730203,Media,Deslizamiento,Medellín,Comuna 13 San Javier,Las Independencias,17.0,1,42.16400063037873,45.974000751972206,55.88000106811524,70.86600130796432,87.3760015964508,119.63400268554688,126.2380028963089,138.9380031824112,139.19200319051743,160.0200036764145,160.0200036764145,165.10000383853912,165.10000383853912,165.10000383853912,165.10000383853912,165.10000383853912,166.37000387907028,166.37000387907028,166.37000387907028,166.37000387907028,179.57800406217575,180.8480041027069,180.8480041027069,192.27800446748734,192.27800446748734,198.62800467014313,201.93000477552414,201.93000477552414,201.93000477552414,201.93000477552414,201.93000477552414,201.93000477552414,217.9320051074028,225.0440053343773,247.14200603961945,254.2540062069893,254.2540062069893,254.50800621509552,254.50800621509552,258.5720063447952,262.6360065340996,269.49400675296783,270.0020067691803,270.0020067691803,270.0020067691803,270.0020067691803,270.0020067691803,270.0020067691803,270.0020067691803,270.0020067691803,270.0020067691803,271.5260068178177,287.27400720119476,288.79800724983215,292.3540073633194,304.03800761699677,316.2300080060959,327.66000813245773,329.1840081810951,329.1840081810951,345.94800889492035,354.58400905132294,358.1400091648102,364.23600935935974,365.76000940799713,368.8080095052719,386.3340103030205,388.8740103840828,401.3200104832649,406.6540106534958,408.4320107102394,412.4960108399391,438.4040117263794,447.80201202630997,450.5960121154785,450.5960121154785,450.5960121154785,455.4220122694969,455.9300122857094,466.85201263427734,490.2200130224228,497.5860132575035,501.396013379097,501.90401339530945,504.44401347637177,506.73001354932785,524.0020138025284,532.3840139508247,533.9080139994621,541.0200142264366,541.0200142264366,541.0200142264366,541.0200142264366,543.8140143156052,561.0860148072243,573.2780151963234,577.8500152826309
2021-09-04 21:30:00,Baja,6.222313912,-75.616455147,Media,Deslizamiento,Medellín,Corregimiento 70 Altavista,Área de Expansión Altavista,39.0,1,62.73799949884415,62.73799949884415,62.73799949884415,68.32599949836731,89.91599982976913,110.99800050258636,110.99800050258636,111.50600051879883,111.76000052690506,113.03000056743622,135.38200092315674,137.66800099611282,151.1300014257431,151.1300014257431,156.21000146865845,179.3240024447441,179.83200246095657,188.72200268507004,204.97800320386887,242.06200408935547,292.60800617933273,304.2920065522194,313.43600684404373,317.50000697374344,317.50000697374344,335.5340074300766,335.5340074300766,342.39200764894485,342.39200764894485,342.39200764894485,342.39200764894485,342.39200764894485,355.60000759363174,355.60000759363174,355.60000759363174,355.60000759363174,362.7120077610016,364.9980078339577,364.9980078339577,377.444008231163,378.2060082554817,386.58800852298737,393.1920087337494,393.1920087337494,393.1920087337494,393.1920087337494,393.1920087337494,393.1920087337494,409.7020093202591,428.75200992822647,443.2300103902817,447.04001039266586,447.04001039266586,448.0560104250908,448.0560104250908,453.6440106034279,476.5040115714073,477.266011595726,477.266011595726,477.266011595726,477.266011595726,477.266011595726,477.266011595726,477.266011595726,486.6640117764473,486.6640117764473,486.6640117764473,490.47401189804077,510.0320125222206,510.0320125222206,526.7960129380226,527.0500129461288,548.6400136351585,548.6400136351585,554.4820138216019,554.4820138216019,581.152014374733,587.756014585495,593.8520147800446,594.6140148043633,604.2660148143768,608.0760149359703,617.2200152277946,619.760015308857,631.6980156302452,643.6360157132149,646.1760157942772,658.3680161833763,683.260016977787,700.5320172309875,701.8020172715187,701.8020172715187,703.5800173282623,709.9300172328949,714.2480173707008,742.188018143177,751.0780184268951
2021-09-04 22:00:00,Baja,6.20724018370858,-75.6223377466368,Media,Deslizamiento,Medellín,Corregimiento 70 Altavista,El Jardín,1.0,1,56.89600032567978,56.89600032567978,56.89600032567978,60.19800043106079,80.26400065422058,98.29800122976303,100.07600128650665,100.83800131082535,101.09200131893158,101.85400134325027,131.06400191783905,133.35000199079514,144.2720023393631,144.2720023393631,147.32000243663788,182.88000285625458,184.6580029129982,197.86600297689438,211.5820034146309,233.93400365114212,276.09800469875336,294.8940052986145,303.0220055580139,306.8320056796074,306.8320056796074,328.1680057644844,328.1680057644844,335.5340059995651,335.5340059995651,335.5340059995651,335.5340059995651,335.5340059995651,335.5340059995651,335.5340059995651,335.5340059995651,335.5340059995651,342.9000061750412,344.4240062236786,344.6780062317848,355.0920065641403,355.854006588459,368.5540069937706,372.87200713157654,372.87200713157654,372.87200713157654,372.87200713157654,372.87200713157654,372.87200713157654,385.3180074095726,403.6060079932213,419.6080083847046,424.68800860643387,424.68800860643387,425.45000863075256,425.45000863075256,430.78400880098343,454.152008831501,455.16800886392593,455.16800886392593,455.16800886392593,455.16800886392593,455.16800886392593,455.16800886392593,455.16800886392593,459.7400090098381,459.7400090098381,459.7400090098381,464.05800914764404,483.362009704113,483.87000972032547,507.4920100569725,509.2700101137161,530.6060107946396,530.8600108027458,538.734011054039,539.4960110783577,564.3880116939545,572.7700119614601,580.3900122046471,582.6760122776031,592.0740125775337,596.3920127153397,613.9180132746696,617.4740133881569,641.8580139875412,648.2080140709877,651.5100141763687,664.2100145816803,693.9280154705048,722.1220160722733,725.9320160150528,725.9320160150528,728.4720160961151,736.0920163393021,743.4580165147781,784.098017334938,796.5440177321434
2021-09-05 09:24:00,Baja,6.25805755948437,-75.6196650366721,Media,Deslizamiento,Medellín,Comuna 13 San Javier,Antonio Nariño,53.0,1,30.226000726222992,30.226000726222992,30.226000726222992,30.734000742435455,36.06800091266632,42.926001131534576,61.468001663684845,61.468001663684845,62.48400169610977,62.738001704216,80.01000207662582,85.59800225496292,85.85200226306915,96.01200258731842,96.01200258731842,100.58400273323059,128.52400279045105,132.58800292015076,134.36600297689438,157.98800379037857,167.13200384378433,195.8340047597885,200.66000491380692,211.83600509166718,216.66200524568558,223.26600563526154,238.76000583171844,238.76000583171844,242.82400596141815,242.82400596141815,242.82400596141815,242.82400596141815,273.3040063381195,273.3040063381195,273.3040063381195,273.3040063381195,273.3040063381195,294.38600677251816,294.38600677251816,294.6400067806244,305.0540071129799,307.84800720214844,314.9600074291229,314.9600074291229,314.9600074291229,314.9600074291229,314.9600074291229,314.9600074291229,314.9600074291229,336.55000776052475,360.9340084195137,371.85600876808167,371.85600876808167,371.85600876808167,372.8720088005066,372.8720088005066,376.42800891399384,383.2860091328621,383.2860091328621,383.2860091328621,383.2860091328621,383.2860091328621,383.2860091328621,383.2860091328621,383.2860091328621,384.55600917339325,384.55600917339325,384.55600917339325,386.33400923013687,403.6060097813606,407.92400974035263,417.5760096311569,418.8460096716881,439.928010225296,443.7380103468895,444.5000103712082,464.3120109438896,465.836010992527,470.4080111384392,477.7740113735199,477.7740113735199,483.61601144075394,497.8400115966797,505.9680118560791,518.1600118279457,526.7960121035576,528.8280121684074,530.6060122251511,556.2600130438805,577.5960137248039,579.3740137815475,580.1360138058662,580.1360138058662,586.2320140004158,586.7400140166283,592.8360142111778,639.0640151500702
2021-09-05 11:00:00,Baja,6.22174916,-75.622756688,Media,Deslizamiento,Medellín,Corregimiento 70 Altavista,La Esperanza,1.0,1,64.00800055265427,64.00800055265427,64.00800055265427,65.27800059318542,78.74000060558319,88.13800090551376,107.18800151348114,107.18800151348114,107.95000153779984,108.20400154590607,135.382002055645,140.46200221776962,141.22400224208832,151.38400256633759,153.41600263118744,154.94000267982483,189.99200308322906,203.7080031633377,205.2320032119751,241.0460038781166,259.33400416374207,296.92600536346436,302.7680055499077,310.1340057849884,313.9440059065819,316.2300059199333,335.2800059914589,335.2800059914589,342.6460062265396,342.6460062265396,342.6460062265396,342.6460062265396,342.6460062265396,342.6460062265396,342.6460062265396,342.6460062265396,342.6460062265396,351.5360064506531,351.5360064506531,352.552006483078,362.9660068154335,371.6020070910454,379.984007358551,379.984007358551,379.984007358551,379.984007358551,379.984007358551,379.984007358551,379.984007358551,392.4300076365471,415.5440082550049,431.80000883340836,431.80000883340836,431.80000883340836,432.56200885772705,432.56200885772705,451.8660087585449,461.77200907468796,462.2800090909004,462.2800090909004,462.2800090909004,462.2800090909004,462.2800090909004,462.2800090909004,462.2800090909004,466.8520092368126,466.8520092368126,466.8520092368126,471.17000937461853,490.4740099310875,511.81001019477844,516.3820103406906,516.3820103406906,537.9720110297203,541.2740111351013,546.1000112891197,568.1980118155479,573.0240119695663,579.8820121884346,589.7880125045776,589.7880125045776,599.1860128045082,614.6800132989883,624.0780135989189,646.9380141496658,655.066014289856,655.3200142979622,659.6380144357681,686.3080152273178,723.1380161643028,733.0440162420273,733.0440162420273,733.0440162420273,742.9500165581703,744.4740166068077,754.1260168552399,798.8300178050995
2021-09-05 14:45:00,Baja,6.29209436666238,-75.5350979844962,Media,Deslizamiento,Medellín,Corregimiento 90 Santa Elena,Piedras Blancas - Matasano,274.0,1,35.052000999450684,35.052000999450684,35.052000999450684,35.052000999450684,37.84600108861923,48.51400142908096,74.16800224781036,74.16800224781036,81.28000235557556,82.04200237989426,83.31200242042542,93.72600269317627,94.7420027256012,117.09400326013565,117.09400326013565,117.34800326824188,129.0320034623146,133.60400360822678,137.16000372171402,156.46400433778763,169.67200475931168,186.6900051832199,210.05800545215607,223.77400571107864,232.91800600290298,235.4580060839653,242.31600630283356,242.31600630283356,246.88800644874573,246.88800644874573,246.88800644874573,246.88800644874573,246.88800644874573,246.88800644874573,246.88800644874573,246.88800644874573,246.88800644874573,256.5400068759918,257.0480068922043,257.0480068922043,271.2720074057579,277.3680075407028,282.9560077190399,289.05200773477554,289.05200773477554,289.05200773477554,289.05200773477554,289.05200773477554,289.05200773477554,299.4660080075264,318.0080085992813,330.45400899648666,330.45400899648666,330.45400899648666,331.21600902080536,331.21600902080536,334.26400911808014,340.61400932073593,342.1380093097687,342.3920093178749,342.3920093178749,342.3920093178749,342.3920093178749,342.3920093178749,342.3920093178749,342.3920093178749,342.3920093178749,342.3920093178749,344.17000937461853,355.60000973939896,355.60000973939896,364.7440097928047,368.30000990629196,388.11201053857803,388.11201053857803,405.63801115751266,423.4180116057396,423.4180116057396,426.7200117111206,432.56201189756393,432.56201189756393,437.8960120677948,441.9600121974945,450.0880124568939,453.39001256227493,473.45601296424866,473.45601296424866,476.2500130534172,501.142013669014,529.8440144062042,533.9080145359039,533.9080145359039,533.9080145359039,550.6720151901245,580.1360154151917,591.0580157637596,618.9980166554451
2021-09-23 17:00:00,Baja,6.2672669405034,-75.5327947219568,Media,Caida de rocas,Medellín,Corregimiento 90 Santa Elena,Piedras Blancas - Matasano,16.0,1,43.1800012588501,46.22800135612488,55.62600153684616,57.658001601696014,71.62800204753876,71.62800204753876,71.62800204753876,71.62800204753876,88.39200258255005,90.67800265550613,90.67800265550613,94.74200278520584,99.82200294733047,104.14000308513641,104.64800310134888,121.92000359296799,132.58800387382507,148.33600437641144,172.46600484848022,172.46600484848022,172.46600484848022,181.1020050048828,192.7860050201416,203.9620053768158,237.236005961895,237.236005961895,241.3000060915947,241.80800610780716,243.840006172657,256.7940062880516,258.06400632858276,283.9720069169998,283.9720069169998,285.4960069656372,289.05200707912445,297.4340069293976,302.5140070915222,326.8980076909065,351.536008477211,367.2840089201927,390.1440095305443,404.1140100955963,416.05201011896133,419.6080102324486,426.72001045942307,426.72001045942307,432.05401062965393,432.05401062965393,432.05401062965393,432.05401062965393,432.05401062965393,432.05401062965393,432.05401062965393,432.05401062965393,432.05401062965393,438.4040107727051,444.2460108399391,444.2460108399391,458.21601128578186,464.0580114722252,471.17001163959503,473.2020117044449,473.2020117044449,473.2020117044449,473.2020117044449,473.2020117044449,473.2020117044449,487.4260120987892,511.302012860775,526.7960134148598,526.7960134148598,526.7960134148598,527.3040134310722,527.3040134310722,531.3680135607719,537.7180137634277,537.7180137634277,537.7180137634277,537.7180137634277,537.972013771534,537.972013771534,537.972013771534,537.972013771534,538.2260137796402,538.2260137796402,538.2260137796402,540.5120138525963,553.7200142741203,553.9740142822266,569.4680145978928,570.2300146222115,593.0900153517723,593.5980153679848,601.4720155596733,621.2840160131454,621.5380160212517,623.0620160698891
2021-09-23 20:30:00,Baja,6.25231796999998,-75.541385381,Media,Deslizamiento,Medellín,Comuna 8 Villa Hermosa,LLanaditas,35.0,1,31.242000699043274,33.78200078010559,40.640000998973846,40.89400100708008,56.64200139045715,56.64200139045715,56.64200139045715,56.64200139045715,69.34200179576874,70.86600184440613,70.86600184440613,74.42200195789337,78.48600208759308,80.51800215244293,80.51800215244293,94.99600279331207,104.14000302553177,108.71200317144394,122.68200355768204,122.93600356578827,122.93600356578827,122.93600356578827,125.47600364685059,151.63800448179245,161.79800480604172,164.8460047841072,166.3700048327446,166.62400484085083,167.894004881382,175.26000517606735,177.03800523281097,193.2940057516098,193.2940057516098,194.0560057759285,197.86600589752197,198.62800592184067,209.04200619459152,221.48800659179688,241.30000668764114,273.30400735139847,298.19600796699524,308.6100082397461,316.9920084476471,318.26200848817825,324.61200869083405,324.61200869083405,329.1840088367462,329.1840088367462,329.1840088367462,329.1840088367462,329.1840088367462,329.1840088367462,329.1840088367462,329.1840088367462,329.1840088367462,334.0100089907646,339.09000903367996,339.5980090498924,349.7580093741417,352.2980093359947,359.4100095629692,365.25200974941254,365.25200974941254,365.25200974941254,365.25200974941254,365.25200974941254,365.25200974941254,376.1740100979805,395.4780107140541,411.2260113954544,411.2260113954544,411.2260113954544,411.48001140356064,411.48001140356064,415.79801148176193,420.87801164388657,421.64001166820526,421.8940116763115,421.8940116763115,421.8940116763115,421.8940116763115,421.8940116763115,421.8940116763115,422.1480116844177,422.1480116844177,422.1480116844177,424.9420117735863,436.62601214647293,436.62601214647293,440.94401228427887,462.02601277828217,484.6320133805275,484.6320133805275,488.442013502121,490.4740135669708,506.730014026165,508.00001406669617
2021-10-22 16:00:00,Baja,6.27422435699998,-75.539690627,Media,Deslizamiento,Medellín,Comuna 3 Manrique,Oriente,16.0,1,59.18200033903122,59.18200033903122,59.944000363349915,60.70600038766861,63.50000047683716,97.53600138425827,112.26800137758255,114.80800145864487,115.8240014910698,123.19000172615051,123.19000172615051,132.58800202608109,154.17800271511078,154.17800271511078,154.17800271511078,167.1320030093193,167.38600301742554,176.78400325775146,176.78400325775146,180.84800350666046,184.15000361204147,197.86600399017334,198.62800401449203,207.01000410318375,210.566004216671,210.566004216671,210.566004216671,210.566004216671,220.47200441360474,265.9380057454109,266.7000057697296,276.0980059504509,279.65400606393814,292.1000064611435,292.1000064611435,292.1000064611435,292.1000064611435,308.8640069961548,311.15000706911087,311.15000706911087,315.2140071988106,320.2940073609352,324.61200749874115,325.1200075149536,342.3920080065727,353.0600082874298,376.42800879478455,392.93800926208496,392.93800926208496,392.93800926208496,401.57400941848755,413.25800943374634,424.942009806633,457.7080103754997,457.7080103754997,461.77201050519943,462.2800105214119,464.31201058626175,478.5360107421875,478.5360107421875,504.44401133060455,504.44401133060455,505.96801137924194,509.5240114927292,517.9060113430023,522.986011505127,547.3700121045113,572.0080128908157,587.7560133337975,610.616013944149,624.586014509201,636.5240145325661,640.0800146460533,647.1920148730278,647.1920148730278,652.5260150432587,652.5260150432587,652.5260150432587,652.5260150432587,652.5260150432587,652.5260150432587,652.5260150432587,652.5260150432587,652.5260150432587,658.8760151863098,664.7180152535439,664.7180152535439,678.6880156993866,684.7840158939362,691.6420160531998,693.6740161180496,693.6740161180496,693.6740161180496,693.6740161180496,693.6740161180496,693.6740161180496,707.898016512394
2021-10-22 16:00:00,Baja,6.27004672800001,-75.539623383,Media,Deslizamiento,Medellín,Comuna 3 Manrique,La Cruz,16.0,1,59.18200033903122,59.18200033903122,59.944000363349915,60.70600038766861,63.50000047683716,97.53600138425827,112.26800137758255,114.80800145864487,115.8240014910698,123.19000172615051,123.19000172615051,132.58800202608109,154.17800271511078,154.17800271511078,154.17800271511078,167.1320030093193,167.38600301742554,176.78400325775146,176.78400325775146,180.84800350666046,184.15000361204147,197.86600399017334,198.62800401449203,207.01000410318375,210.566004216671,210.566004216671,210.566004216671,210.566004216671,220.47200441360474,265.9380057454109,266.7000057697296,276.0980059504509,279.65400606393814,292.1000064611435,292.1000064611435,292.1000064611435,292.1000064611435,308.8640069961548,311.15000706911087,311.15000706911087,315.2140071988106,320.2940073609352,324.61200749874115,325.1200075149536,342.3920080065727,353.0600082874298,376.42800879478455,392.93800926208496,392.93800926208496,392.93800926208496,401.57400941848755,413.25800943374634,424.942009806633,457.7080103754997,457.7080103754997,461.77201050519943,462.2800105214119,464.31201058626175,478.5360107421875,478.5360107421875,504.44401133060455,504.44401133060455,505.96801137924194,509.5240114927292,517.9060113430023,522.986011505127,547.3700121045113,572.0080128908157,587.7560133337975,610.616013944149,624.586014509201,636.5240145325661,640.0800146460533,647.1920148730278,647.1920148730278,652.5260150432587,652.5260150432587,652.5260150432587,652.5260150432587,652.5260150432587,652.5260150432587,652.5260150432587,652.5260150432587,652.5260150432587,658.8760151863098,664.7180152535439,664.7180152535439,678.6880156993866,684.7840158939362,691.6420160531998,693.6740161180496,693.6740161180496,693.6740161180496,693.6740161180496,693.6740161180496,693.6740161180496,707.898016512394
2021-10-22 22:00:00,Baja,6.26861292308269,-75.5406658703694,Media,Deslizamiento,Medellín,Comuna 3 Manrique,La Cruz,16.0,1,59.18200033903122,59.18200033903122,59.944000363349915,60.70600038766861,62.992000460624695,77.72400087118149,112.26800137758255,114.55400145053864,115.57000148296356,123.19000172615051,123.19000172615051,125.22200179100037,154.17800271511078,154.17800271511078,154.17800271511078,156.97200280427933,167.38600301742554,176.78400325775146,176.78400325775146,180.84800350666046,184.15000361204147,186.18200367689133,198.62800401449203,207.01000410318375,210.566004216671,210.566004216671,210.566004216671,210.566004216671,216.66200441122055,249.9360053539276,266.7000057697296,276.0980059504509,276.0980059504509,292.1000064611435,292.1000064611435,292.1000064611435,292.1000064611435,308.8640069961548,311.15000706911087,311.15000706911087,315.2140071988106,317.7540072798729,324.61200749874115,325.1200075149536,341.630007982254,353.0600082874298,368.8080087900162,386.3340091109276,392.93800926208496,392.93800926208496,401.57400941848755,403.09800946712494,424.43400979042053,444.7540103197098,457.7080103754997,461.77201050519943,462.2800105214119,464.0580105781555,476.2500106692314,478.5360107421875,504.44401133060455,504.44401133060455,504.952011346817,509.5240114927292,509.7780115008354,522.986011505127,539.496012032032,548.3860121369362,581.6600131392479,607.8220138549805,622.5540144443512,636.5240145325661,636.7780145406723,647.1920148730278,647.1920148730278,652.5260150432587,652.5260150432587,652.5260150432587,652.5260150432587,652.5260150432587,652.5260150432587,652.5260150432587,652.5260150432587,652.5260150432587,657.3520151972771,664.7180152535439,664.7180152535439,678.6880156993866,680.4660157561302,691.3880160450935,693.6740161180496,693.6740161180496,693.6740161180496,693.6740161180496,693.6740161180496,693.6740161180496,707.3900164961815
2021-11-13 16:10:00,Baja,6.2931868,-75.541724,Media,Deslizamiento,Medellín,Comuna 1 Popular,Santo Domingo Savio No.1,352.0,1,51.562000930309296,51.562000930309296,60.70600116252899,98.80600196123123,118.1100025177002,118.36400252580643,118.36400252580643,118.36400252580643,118.36400252580643,118.61800253391266,118.61800253391266,127.0000028014183,129.2860028743744,142.7480030655861,154.68600350618362,171.1960037946701,171.45000380277634,210.3120048046112,216.40800499916077,216.40800499916077,217.4240050315857,224.5360050201416,250.19000554084778,250.19000554084778,250.19000554084778,250.19000554084778,254.00000554323196,274.8280059695244,276.09800601005554,276.3520060181618,280.92400598526,289.56000620126724,289.56000620126724,303.0220064520836,314.96000677347183,318.0080068707466,318.0080068707466,332.4860072731972,334.01000732183456,337.82000744342804,337.82000744342804,338.3280074596405,342.9000076055527,363.9820076227188,364.7440076470375,370.3320078253746,382.27000802755356,382.27000802755356,382.27000802755356,382.27000802755356,392.17600828409195,435.61000949144363,436.1180095076561,441.9600096940994,445.2620097398758,459.740010201931,459.740010201931,459.740010201931,459.740010201931,477.77401077747345,479.55201083421707,479.55201083421707,485.3940110206604,490.72801119089127,491.49001121520996,491.9980112314224,510.0320116877556,530.6060121655464,546.8620123267174,585.2160134911537,585.2160134911537,585.2160134911537,585.7240135073662,590.0420137047768,601.9800140857697,627.3800147771835,627.3800147771835,636.5240151286125,637.5400151610374,639.5720152258873,648.2080153226852,649.7320153713226,673.86201608181,673.86201608181,674.1160160899162,700.7860164046288,704.342016518116,708.9140166640282,733.8060174584389,746.2520177960396,770.1280184388161,800.3540191054344,815.086019217968,827.0240194797516,829.0560195446014,837.9460198283195,837.9460198283195
2021-11-13 16:30:00,Baja,6.29463414000003,-75.539938888,Media,Deslizamiento,Medellín,Comuna 1 Popular,La Avanzada,352.0,1,51.562000930309296,51.562000930309296,60.70600116252899,98.80600196123123,118.1100025177002,118.36400252580643,118.36400252580643,118.36400252580643,118.36400252580643,118.61800253391266,118.61800253391266,127.0000028014183,129.2860028743744,142.7480030655861,154.68600350618362,171.1960037946701,171.45000380277634,210.3120048046112,216.40800499916077,216.40800499916077,217.4240050315857,224.5360050201416,250.19000554084778,250.19000554084778,250.19000554084778,250.19000554084778,254.00000554323196,274.8280059695244,276.09800601005554,276.3520060181618,280.92400598526,289.56000620126724,289.56000620126724,303.0220064520836,314.96000677347183,318.0080068707466,318.0080068707466,332.4860072731972,334.01000732183456,337.82000744342804,337.82000744342804,338.3280074596405,342.9000076055527,363.9820076227188,364.7440076470375,370.3320078253746,382.27000802755356,382.27000802755356,382.27000802755356,382.27000802755356,392.17600828409195,435.61000949144363,436.1180095076561,441.9600096940994,445.2620097398758,459.740010201931,459.740010201931,459.740010201931,459.740010201931,477.77401077747345,479.55201083421707,479.55201083421707,485.3940110206604,490.72801119089127,491.49001121520996,491.9980112314224,510.0320116877556,530.6060121655464,546.8620123267174,585.2160134911537,585.2160134911537,585.2160134911537,585.7240135073662,590.0420137047768,601.9800140857697,627.3800147771835,627.3800147771835,636.5240151286125,637.5400151610374,639.5720152258873,648.2080153226852,649.7320153713226,673.86201608181,673.86201608181,674.1160160899162,700.7860164046288,704.342016518116,708.9140166640282,733.8060174584389,746.2520177960396,770.1280184388161,800.3540191054344,815.086019217968,827.0240194797516,829.0560195446014,837.9460198283195,837.9460198283195
2021-11-13 17:00:00,Baja,6.291093053,-75.539650315,Media,Deslizamiento,Medellín,Comuna 1 Popular,Carpinelo,352.0,1,52.57800096273422,52.57800096273422,61.72200119495392,99.82200199365616,119.12600255012512,119.38000255823135,119.38000255823135,119.38000255823135,119.38000255823135,119.63400256633759,119.63400256633759,128.01600283384323,130.30200290679932,143.76400309801102,155.70200353860855,172.21200382709503,172.46600383520126,211.32800483703613,217.4240050315857,217.4240050315857,218.44000506401062,225.55200505256653,251.2060055732727,251.2060055732727,251.2060055732727,251.2060055732727,255.0160055756569,275.8440060019493,277.11400604248047,277.3680060505867,281.94000601768494,290.57600623369217,290.57600623369217,304.0380064845085,315.97600680589676,319.02400690317154,319.02400690317154,333.5020073056221,335.0260073542595,338.83600747585297,338.83600747585297,339.34400749206543,343.9160076379776,364.99800765514374,365.76000767946243,371.34800785779953,383.2860080599785,383.2860080599785,383.2860080599785,383.2860080599785,393.1920083165169,436.62600952386856,437.134009540081,442.97600972652435,446.2780097723007,460.7560102343559,460.7560102343559,460.7560102343559,460.7560102343559,478.7900108098984,480.568010866642,480.568010866642,486.4100110530853,491.7440112233162,492.5060112476349,493.01401126384735,511.0480117201805,531.6220121979713,547.8780123591423,586.2320135235786,586.2320135235786,586.2320135235786,586.7400135397911,591.0580137372017,602.9960141181946,628.3960148096085,628.3960148096085,637.5400151610374,638.5560151934624,640.5880152583122,649.2240153551102,650.7480154037476,674.8780161142349,674.8780161142349,675.1320161223412,701.8020164370537,705.3580165505409,709.9300166964531,734.8220174908638,747.2680178284645,771.144018471241,801.3700191378593,816.1020192503929,828.0400195121765,830.0720195770264,838.9620198607445,838.9620198607445
2021-11-13 18:00:00,Baja,6.29621017599999,-75.539886544,Media,Deslizamiento,Medellín,Comuna 1 Popular,La Avanzada,352.0,1,52.57800096273422,52.57800096273422,52.57800096273422,99.82200199365616,119.12600255012512,119.38000255823135,119.38000255823135,119.38000255823135,119.38000255823135,119.63400256633759,119.63400256633759,128.01600283384323,128.27000284194946,142.49400305747986,155.70200353860855,172.21200382709503,172.21200382709503,211.32800483703613,217.4240050315857,217.4240050315857,218.44000506401062,225.55200505256653,251.2060055732727,251.2060055732727,251.2060055732727,251.2060055732727,255.0160055756569,275.8440060019493,277.11400604248047,277.3680060505867,281.94000601768494,290.57600623369217,290.57600623369217,302.5140064358711,315.97600680589676,319.02400690317154,319.02400690317154,333.5020073056221,335.0260073542595,338.83600747585297,338.83600747585297,339.34400749206543,343.9160076379776,364.99800765514374,365.76000767946243,371.34800785779953,383.2860080599785,383.2860080599785,383.2860080599785,383.2860080599785,393.1920083165169,436.62600952386856,437.134009540081,442.97600972652435,444.754009783268,460.7560102343559,460.7560102343559,460.7560102343559,460.7560102343559,478.7900108098984,480.568010866642,480.568010866642,486.4100110530853,491.7440112233162,492.5060112476349,493.01401126384735,511.0480117201805,531.6220121979713,547.8780123591423,586.2320135235786,586.2320135235786,586.2320135235786,586.7400135397911,589.5340136885643,602.7420141100883,628.3960148096085,628.3960148096085,637.5400151610374,638.5560151934624,640.5880152583122,648.4620153307915,650.7480154037476,674.8780161142349,674.8780161142349,675.1320161223412,701.8020164370537,705.3580165505409,709.9300166964531,729.4880173206329,742.1880177259445,771.144018471241,801.3700191378593,816.1020192503929,828.0400195121765,830.0720195770264,838.9620198607445,838.9620198607445
2021-11-20 18:00:00,Baja,6.20620186999997,-75.563302784,Media,Otro,Medellín,Comuna 14 El Poblado,La Florida,41.0,1,72.89800143241882,72.89800143241882,72.89800143241882,72.89800143241882,72.89800143241882,89.15400123596191,96.77400135993958,113.53800165653229,113.53800165653229,113.79200166463852,134.620001912117,163.3220027089119,163.83000272512436,163.83000272512436,163.83000272512436,164.0840027332306,175.7680031657219,177.29200321435928,184.40400350093842,186.18200355768204,202.4380041360855,203.9620041847229,222.75800478458405,222.75800478458405,237.49000525474548,242.82400542497635,242.82400542497635,242.82400542497635,248.15800547599792,280.6700060367584,281.68600606918335,281.68600606918335,281.68600606918335,281.68600606918335,317.50000673532486,318.5160067677498,321.56400668621063,322.0720067024231,326.1360068321228,326.1360068321228,330.2000069618225,333.5020070672035,336.04200714826584,336.04200714826584,341.1220073103905,342.39200735092163,346.2020074725151,347.47200751304626,347.47200751304626,348.7420075535774,351.79000759124756,354.3300076723099,358.90200781822205,370.8400081396103,370.8400081396103,370.8400081396103,370.8400081396103,375.41200828552246,429.26001024246216,433.07001036405563,438.15001052618027,447.80201065540314,459.9940109848976,459.9940109848976,459.9940109848976,459.9940109848976,472.6940113902092,474.4720114469528,474.4720114469528,481.07601165771484,488.6960119009018,488.6960119009018,488.6960119009018,498.8560122847557,510.28601264953613,511.30201268196106,540.2580133080482,540.2580133080482,540.2580133080482,540.2580133080482,552.4500133991241,580.6440141201019,605.7900148630142,605.7900148630142,607.5680149197578,608.838014960289,611.6320150494576,623.5700153112411,630.9360155463219,643.6360159516335,643.6360159516335,644.1440159678459,651.2560161948204,652.0180162191391,656.336016356945,677.4180170297623,690.1180174946785
2021-11-23 12:30:00,Baja,6.28034252700002,-75.543954565,Media,Deslizamiento,Medellín,Comuna 3 Manrique,San José La Cima No.2,55.0,1,44.95800083875656,48.51400089263916,53.34000104665756,63.500001311302185,63.500001311302185,63.500001311302185,64.26200133562088,65.78600138425827,73.40600150823593,109.98200237751007,109.98200237751007,109.98200237751007,128.77800220251083,139.9540023803711,156.210002720356,157.22600275278091,157.9880027770996,158.49600279331207,158.49600279331207,159.512002825737,169.67200314998627,169.9260031580925,177.80000340938568,192.78600364923477,192.78600364923477,205.99400389194489,218.94800406694412,237.99800461530685,245.36400485038757,247.90400487184525,258.3180051445961,288.29000467061996,288.5440046787262,288.5440046787262,289.05200469493866,289.3060047030449,294.13200479745865,311.6580049395561,313.9440050125122,315.4680050611496,325.37400501966476,329.6920051574707,329.6920051574707,341.37600564956665,355.60000616312027,355.60000616312027,355.60000616312027,371.0940069556236,372.618007004261,377.1900071501732,377.1900071501732,378.46000719070435,381.76200729608536,402.0820074081421,414.274007499218,417.32200759649277,418.3380076289177,418.3380076289177,418.3380076289177,418.3380076289177,428.4980078935623,458.72400879859924,459.74000883102417,465.5820090174675,471.67800921201706,475.48800933361053,475.48800933361053,475.48800933361053,475.48800933361053,490.220009803772,492.2520098686218,492.2520098686218,495.0460099577904,498.85601007938385,500.6340101361275,502.4120101928711,524.2560105919838,543.0520111322403,558.2920113801956,595.3760122060776,595.3760122060776,595.3760122060776,595.6300122141838,599.186012327671,609.8540126681328,635.5080131292343,635.5080131292343,641.6040133237839,642.1120133399963,646.9380134940147,655.3200137615204,659.8920139074326,675.1320143342018,675.1320143342018,675.8940143585205,684.5300145745277,690.6260144710541
2021-11-25 15:30:00,Baja,6.22553985100001,-75.607602386,Media,Deslizamiento,Medellín,Comuna 16 Belén,Altavista,39.0,1,30.480000913143158,49.27600121498108,50.80000126361847,55.11800140142441,71.37400180101395,71.37400180101395,71.37400180101395,71.37400180101395,71.37400180101395,71.37400180101395,78.48600202798843,110.2360023856163,122.93600285053253,122.93600285053253,133.60400319099426,144.7800034880638,190.50000435113907,193.80200445652008,193.80200445652008,193.80200445652008,193.80200445652008,203.4540045261383,203.96200454235077,207.77200454473495,212.0900046825409,216.40800482034683,218.4400048851967,232.9180053472519,244.60200572013855,275.0820060968399,280.92400628328323,280.92400628328323,280.92400628328323,282.4480063319206,293.6240066289902,293.8780066370964,298.19600677490234,298.95800679922104,298.95800679922104,333.24800711870193,335.534007191658,361.4420075416565,361.4420075416565,363.9820076227188,363.9820076227188,368.0460077524185,368.0460077524185,382.7780086994171,382.7780086994171,388.3660088777542,397.0020090341568,398.5260090827942,409.1940094232559,414.0200095176697,414.7820095419884,420.11600971221924,420.87800973653793,420.87800973653793,442.4680095911026,442.4680095911026,442.4680095911026,442.4680095911026,446.02400970458984,477.2660105228424,484.37801069021225,489.9660108089447,497.8400110602379,504.69801127910614,504.69801127910614,504.69801127910614,504.69801127910614,524.7640116810799,524.7640116810799,524.7640116810799,529.336011826992,532.8920119404793,532.8920119404793,532.8920119404793,564.6420125961304,582.676012814045,585.2160128951073,658.3680127263069,658.3680127263069,658.3680127263069,661.670012652874,675.8940127491951,685.8000130653381,706.6280137300491,706.6280137300491,707.1360137462616,707.3900137543678,709.4220138192177,733.2980142235756,733.2980142235756,746.7600146532059,746.7600146532059,753.1100147366524
2021-11-25 16:00:00,Baja,6.24906578237509,-75.6256682663439,Media,Deslizamiento,Medellín,Comuna 13 San Javier,Las Independencias,17.0,1,58.67400139570236,79.50200164318085,80.51800167560577,82.80400174856186,106.68000221252441,106.68000221252441,106.68000221252441,106.68000221252441,106.68000221252441,106.68000221252441,106.68000221252441,107.44200223684311,107.44200223684311,107.44200223684311,114.04600238800049,145.03400307893753,178.5620038509369,182.11800396442413,182.11800396442413,182.11800396442413,182.11800396442413,192.78600424528122,193.29400426149368,196.0880042910576,202.9460044503212,212.59800481796265,214.6300048828125,231.3940051794052,254.25400626659393,271.78000688552856,275.84400701522827,275.84400701522827,275.84400701522827,276.8600070476532,287.27400720119476,287.528007209301,289.0520072579384,289.56000727415085,289.56000727415085,328.42200845479965,329.94600850343704,338.83600878715515,340.6140087246895,343.1540088057518,343.1540088057518,350.2660090327263,350.2660090327263,353.06000912189484,353.06000912189484,364.74400943517685,364.74400943517685,365.2520094513893,366.52200949192047,366.52200949192047,366.7760095000267,374.9040096402168,377.44400972127914,377.6980097293854,403.60601007938385,403.60601007938385,403.60601007938385,403.60601007938385,406.4000101685524,433.0700110197067,436.37201100587845,442.4680110812187,444.5000111460686,454.66001147031784,454.66001147031784,454.66001147031784,454.66001147031784,469.3920120000839,469.9000120162964,469.9000120162964,477.0120122432709,483.36201226711273,483.36201226711273,483.61601227521896,512.318013727665,528.5740143060684,531.368014395237,559.3080149292946,559.3080149292946,559.3080149292946,560.0700149536133,567.4360150098801,574.8020152449608,591.0580157637596,591.0580157637596,591.0580157637596,591.3120157718658,593.3440158367157,614.6800165176392,614.6800165176392,624.0780168175697,624.0780168175697,631.4440168738365
2021-11-30 20:00:00,Baja,6.264569607,-75.624730766,Media,Deslizamiento,Medellín,Corregimiento 60 San Cristóbal,La Loma,53.0,1,33.27400034666062,34.03600037097931,34.03600037097931,37.846000492572784,42.67200064659119,88.39200150966644,100.33000177145004,102.10800182819366,103.37800186872482,106.4260019659996,117.85600221157074,118.3640022277832,118.3640022277832,118.3640022277832,118.3640022277832,120.39600229263306,121.66600233316422,158.2420033812523,158.2420033812523,158.2420033812523,193.29400420188904,212.85200482606888,216.66200494766235,216.66200494766235,216.66200494766235,216.66200494766235,220.9800050854683,221.48800510168076,229.3620052933693,229.87000530958176,241.80800557136536,245.87200570106506,260.6040061712265,284.22600680589676,299.21200728416443,308.10200756788254,308.10200756788254,308.10200756788254,308.610007584095,319.53200775384903,319.78600776195526,320.2940077781677,321.0560078024864,321.31000781059265,357.12400871515274,361.4420088529587,364.2360088825226,365.50600892305374,368.5540090203285,368.5540090203285,373.1260091662407,375.666009247303,375.666009247303,378.968009352684,390.39800971746445,390.9060097336769,391.4140097498894,391.6680097579956,391.6680097579956,392.17600977420807,399.0340099334717,401.574010014534,403.60601007938385,433.07001131772995,433.07001131772995,433.07001131772995,433.07001131772995,435.8640114068985,463.804012298584,467.3600123524666,475.2340124845505,475.2340124845505,492.50601291656494,492.50601291656494,492.50601291656494,492.50601291656494,504.69801330566406,505.714013338089,505.714013338089,512.0640135407448,519.1760135889053,521.97001349926,522.2240135073662,543.5600137114525,557.7840141654015,561.5940142869949,591.5660150051117,592.0740150213242,592.0740150213242,592.3280150294304,593.3440150618553,604.2660154104233,621.0300158858299,623.316015958786,624.3320159912109,624.5860159993172,625.0940160155296
2021-11-30 20:00:00,Baja,6.26468539400003,-75.62465179,Media,Deslizamiento,Medellín,Corregimiento 60 San Cristóbal,La Loma,53.0,1,33.27400034666062,34.03600037097931,34.03600037097931,37.846000492572784,42.67200064659119,88.39200150966644,100.33000177145004,102.10800182819366,103.37800186872482,106.4260019659996,117.85600221157074,118.3640022277832,118.3640022277832,118.3640022277832,118.3640022277832,120.39600229263306,121.66600233316422,158.2420033812523,158.2420033812523,158.2420033812523,193.29400420188904,212.85200482606888,216.66200494766235,216.66200494766235,216.66200494766235,216.66200494766235,220.9800050854683,221.48800510168076,229.3620052933693,229.87000530958176,241.80800557136536,245.87200570106506,260.6040061712265,284.22600680589676,299.21200728416443,308.10200756788254,308.10200756788254,308.10200756788254,308.610007584095,319.53200775384903,319.78600776195526,320.2940077781677,321.0560078024864,321.31000781059265,357.12400871515274,361.4420088529587,364.2360088825226,365.50600892305374,368.5540090203285,368.5540090203285,373.1260091662407,375.666009247303,375.666009247303,378.968009352684,390.39800971746445,390.9060097336769,391.4140097498894,391.6680097579956,391.6680097579956,392.17600977420807,399.0340099334717,401.574010014534,403.60601007938385,433.07001131772995,433.07001131772995,433.07001131772995,433.07001131772995,435.8640114068985,463.804012298584,467.3600123524666,475.2340124845505,475.2340124845505,492.50601291656494,492.50601291656494,492.50601291656494,492.50601291656494,504.69801330566406,505.714013338089,505.714013338089,512.0640135407448,519.1760135889053,521.97001349926,522.2240135073662,543.5600137114525,557.7840141654015,561.5940142869949,591.5660150051117,592.0740150213242,592.0740150213242,592.3280150294304,593.3440150618553,604.2660154104233,621.0300158858299,623.316015958786,624.3320159912109,624.5860159993172,625.0940160155296
2021-11-30 22:00:00,Baja,6.2857564,-75.5866162,Media,Deslizamiento,Medellín,Comuna 7 Robledo,El Diamante,24.0,1,55.372001230716705,55.88000124692917,55.88000124692917,59.43600136041641,61.7220014333725,78.48600190877914,99.31400233507156,102.87000244855881,108.20400249958038,109.47400254011154,116.8400028347969,120.39600294828415,120.39600294828415,120.39600294828415,120.39600294828415,126.23800313472748,127.00000315904617,142.7480033636093,142.7480033636093,142.7480033636093,148.08200353384018,169.418004155159,178.81600445508957,179.0700044631958,179.0700044631958,179.32400447130203,179.57800447940826,180.08600449562073,182.11800456047058,182.62600457668304,191.77000480890274,197.866004884243,211.58200526237488,211.8360052704811,230.1240058541298,249.93600606918335,249.93600606918335,249.93600606918335,251.46000611782074,264.66800647974014,264.66800647974014,264.66800647974014,264.9220064878464,265.68400651216507,278.6380069255829,297.4340071082115,297.4340071082115,298.7040071487427,302.51400727033615,302.51400727033615,304.2920073270798,307.34000742435455,307.5940074324608,307.5940074324608,310.1340075135231,318.0080077648163,320.04000782966614,320.04000782966614,321.3100078701973,322.3260079026222,323.5960079431534,329.69200813770294,331.978008210659,340.3600083589554,340.3600083589554,340.3600083589554,340.3600083589554,343.6620084643364,367.2840091586113,375.1580094099045,381.5080096125603,381.5080096125603,392.9380099773407,392.9380099773407,392.9380099773407,392.9380099773407,403.60601031780243,404.8760103583336,404.8760103583336,408.68601047992706,410.21001052856445,414.02001065015793,414.02001065015793,430.78401106595993,444.7540115714073,447.8020116686821,457.20001196861267,495.5540128350258,495.5540128350258,495.5540128350258,496.3160128593445,506.47601294517517,518.6680133342743,530.8600134253502,535.4320135116577,535.686013519764,536.7020135521889
2021-11-30 22:00:00,Baja,6.28496752400002,-75.589989641,Media,Deslizamiento,Medellín,Comuna 7 Robledo,El Diamante,241.0,1,77.21600061655045,77.47000062465668,77.47000062465668,81.78800076246262,84.32800084352493,104.64800137281418,129.03200167417526,132.08000177145004,143.2560019493103,146.8120018839836,148.84400194883347,155.44800209999084,155.44800209999084,155.44800209999084,155.44800209999084,162.5600022673607,163.32200229167938,178.05400264263153,178.05400264263153,178.05400264263153,185.92800283432007,221.9960035085678,243.84000384807587,244.0940038561821,244.0940038561821,244.0940038561821,247.90400397777557,247.90400397777557,247.90400397777557,248.1580039858818,269.2400050163269,275.5900052189827,287.27400559186935,307.8480055332184,327.152006149292,377.4440079331398,377.4440079331398,377.4440079331398,377.69800794124603,389.63600808382034,389.63600808382034,389.63600808382034,389.63600808382034,390.39800810813904,406.65400844812393,422.9100086092949,422.9100086092949,426.4660087823868,430.5300089120865,430.5300089120865,433.0700089931488,436.3720090985298,436.62600910663605,436.62600910663605,441.45200926065445,449.8340094089508,453.8980095386505,453.8980095386505,454.406009554863,455.4220095872879,457.708009660244,466.3440098166466,468.88400983810425,483.3620099425316,483.3620099425316,483.3620099425316,483.3620099425316,487.6800100803375,517.398010969162,526.0340111255646,533.1460113525391,533.1460113525391,547.370011806488,547.370011806488,547.370011806488,547.370011806488,559.8160122036934,560.8320122361183,560.8320122361183,565.6580123901367,567.4360124468803,570.9920125603676,571.50001257658,595.1220133304596,614.6800136566162,619.5060138106346,626.8720140457153,656.5900149941444,657.3520150184631,657.3520150184631,659.8920150995255,671.8300154805183,684.5300157666206,701.8020157814026,706.3740159273148,706.628015935421,707.6440159678459
2021-11-30 22:30:00,Baja,6.28987364099999,-75.592337797,Media,Deslizamiento,Medellín,Comuna 7 Robledo,Aures No.2,241.0,1,77.21600061655045,77.47000062465668,77.47000062465668,81.78800076246262,84.32800084352493,98.55200117826462,127.50800162553787,132.08000177145004,143.2560019493103,146.8120018839836,148.84400194883347,155.44800209999084,155.44800209999084,155.44800209999084,155.44800209999084,162.5600022673607,162.5600022673607,178.05400264263153,178.05400264263153,178.05400264263153,185.67400282621384,200.40600329637527,243.84000384807587,244.0940038561821,244.0940038561821,244.0940038561821,247.90400397777557,247.90400397777557,247.90400397777557,248.1580039858818,266.9540049433708,275.5900052189827,287.27400559186935,307.8480055332184,323.0880060195923,377.4440079331398,377.4440079331398,377.4440079331398,377.69800794124603,389.63600808382034,389.63600808382034,389.63600808382034,389.63600808382034,389.63600808382034,401.3200083374977,422.9100086092949,422.9100086092949,426.4660087823868,430.5300089120865,430.5300089120865,433.0700089931488,436.3720090985298,436.62600910663605,436.62600910663605,438.15000915527344,449.8340094089508,453.8980095386505,453.8980095386505,454.406009554863,455.4220095872879,456.43800961971283,466.3440098166466,468.88400983810425,483.3620099425316,483.3620099425316,483.3620099425316,483.3620099425316,487.6800100803375,512.3180108070374,526.0340111255646,533.1460113525391,533.1460113525391,547.370011806488,547.370011806488,547.370011806488,547.370011806488,559.8160122036934,560.8320122361183,560.8320122361183,565.6580123901367,567.4360124468803,570.9920125603676,571.50001257658,594.1060132980347,614.6800136566162,617.2200137376785,625.8560140132904,656.5900149941444,657.3520150184631,657.3520150184631,659.8920150995255,670.306015431881,684.5300157666206,701.8020157814026,706.3740159273148,706.628015935421,707.6440159678459
2021-11-30 23:00:00,Baja,6.26962804800002,-75.541203219,Media,Flujo,Medellín,Comuna 3 Manrique,La Cruz,16.0,1,55.372001588344574,55.372001588344574,55.372001588344574,60.70600175857544,64.77000188827515,92.45600265264511,99.5680028796196,116.33200311660767,130.0480031967163,130.0480031967163,140.97000342607498,148.84400367736816,148.84400367736816,148.84400367736816,148.84400367736816,159.25800377130508,159.76600378751755,190.50000447034836,190.50000447034836,190.50000447034836,199.89800477027893,230.88600546121597,243.0780058503151,243.0780058503151,243.0780058503151,243.33200585842133,267.20800668001175,267.7160066962242,278.13000679016113,278.6380068063736,286.0040070414543,293.62400698661804,314.1980074644089,314.1980074644089,335.7880080342293,356.8700088262558,357.6320088505745,357.6320088505745,363.72800904512405,422.9100093841553,422.9100093841553,423.67200940847397,424.43400943279266,424.43400943279266,437.38800978660583,475.9960104227066,478.2820104956627,479.2980105280876,486.91801077127457,486.91801077127457,488.9500108361244,517.9060117602348,517.9060117602348,517.9060117602348,518.9220117926598,531.1140120625496,540.5120123028755,540.5120123028755,544.5760125517845,547.8780126571655,547.8780126571655,562.3560130596161,570.7380131483078,574.294013261795,574.294013261795,574.294013261795,574.294013261795,580.3900134563446,608.0760142207146,630.4280148148537,639.826014995575,639.826014995575,655.8280155062675,655.8280155062675,655.8280155062675,655.8280155062675,672.5920160412788,674.8780161142349,674.8780161142349,678.9420162439346,681.2280163168907,688.3400165438652,688.8480165600777,705.1040170192719,716.7880173325539,730.2500177621841,749.3000181317329,756.666018307209,756.666018307209,765.3020184636116,766.826018512249,786.384018778801,808.4820193648338,821.4360194206238,825.5000195503235,826.008019566536,827.5320196151733
2021-11-30 23:00:00,Baja,6.27299223400001,-75.54221653,Media,Deslizamiento,Medellín,Comuna 3 Manrique,Oriente,16.0,1,55.372001588344574,55.372001588344574,55.372001588344574,60.70600175857544,64.77000188827515,92.45600265264511,99.5680028796196,116.33200311660767,130.0480031967163,130.0480031967163,140.97000342607498,148.84400367736816,148.84400367736816,148.84400367736816,148.84400367736816,159.25800377130508,159.76600378751755,190.50000447034836,190.50000447034836,190.50000447034836,199.89800477027893,230.88600546121597,243.0780058503151,243.0780058503151,243.0780058503151,243.33200585842133,267.20800668001175,267.7160066962242,278.13000679016113,278.6380068063736,286.0040070414543,293.62400698661804,314.1980074644089,314.1980074644089,335.7880080342293,356.8700088262558,357.6320088505745,357.6320088505745,363.72800904512405,422.9100093841553,422.9100093841553,423.67200940847397,424.43400943279266,424.43400943279266,437.38800978660583,475.9960104227066,478.2820104956627,479.2980105280876,486.91801077127457,486.91801077127457,488.9500108361244,517.9060117602348,517.9060117602348,517.9060117602348,518.9220117926598,531.1140120625496,540.5120123028755,540.5120123028755,544.5760125517845,547.8780126571655,547.8780126571655,562.3560130596161,570.7380131483078,574.294013261795,574.294013261795,574.294013261795,574.294013261795,580.3900134563446,608.0760142207146,630.4280148148537,639.826014995575,639.826014995575,655.8280155062675,655.8280155062675,655.8280155062675,655.8280155062675,672.5920160412788,674.8780161142349,674.8780161142349,678.9420162439346,681.2280163168907,688.3400165438652,688.8480165600777,705.1040170192719,716.7880173325539,730.2500177621841,749.3000181317329,756.666018307209,756.666018307209,765.3020184636116,766.826018512249,786.384018778801,808.4820193648338,821.4360194206238,825.5000195503235,826.008019566536,827.5320196151733
2021-11-30 23:00:00,Baja,6.27428107899999,-75.608504142,Media,Deslizamiento,Medellín,Comuna 7 Robledo,Olaya Herrera,456.0,1,63.50000125169754,63.50000125169754,63.50000125169754,66.80200135707855,69.5960014462471,87.1220018863678,93.98000210523605,98.55200225114822,98.80600225925446,104.64800244569778,138.43000322580338,139.70000326633453,139.70000326633453,139.70000326633453,139.70000326633453,144.52600342035294,144.52600342035294,165.86200386285782,165.86200386285782,165.86200386285782,170.18000400066376,179.83200430870056,194.31000465154648,194.31000465154648,194.31000465154648,194.81800466775894,196.34200471639633,196.34200471639633,202.18400490283966,202.18400490283966,206.24800503253937,212.34400510787964,222.75800544023514,235.20400577783585,246.63400602340698,267.4620067477226,267.4620067477226,267.4620067477226,267.71600675582886,273.30400693416595,273.30400693416595,273.30400693416595,273.8120069503784,274.06600695848465,284.9880073070526,322.3260080218315,322.3260080218315,327.91400825977325,330.7080083489418,330.7080083489418,333.50200843811035,336.2960085272789,336.55000853538513,336.55000853538513,337.56600856781006,344.4240087866783,346.7100088596344,346.7100088596344,346.7100088596344,347.21800887584686,351.53600883483887,355.8540089726448,358.3940090537071,369.0620094537735,369.0620094537735,369.0620094537735,369.0620094537735,372.1100095510483,388.1120100617409,403.3520105481148,409.9560107588768,409.9560107588768,426.4660111069679,426.4660111069679,426.4660111069679,426.4660111069679,435.61001139879227,436.6260114312172,436.6260114312172,441.96001160144806,443.2300116419792,445.77001172304153,445.77001172304153,464.8200120329857,485.3940131664276,486.1560131907463,492.5060133934021,523.4940141439438,523.4940141439438,523.4940141439438,525.0180141925812,530.6060143709183,542.0360147356987,546.8620147705078,550.1640148162842,550.1640148162842,550.6720148324966
2021-11-30 23:00:00,Baja,6.27957056899999,-75.622362408,Media,Deslizamiento,Medellín,Corregimiento 60 San Cristóbal,Área de Expansión Pajarito,27.0,1,61.97600358724594,62.23000359535217,62.23000359535217,66.80200374126434,69.59600383043289,87.37600421905518,125.98400539159775,133.60400539636612,134.36600542068481,136.39800548553467,151.8920059800148,151.8920059800148,151.8920059800148,151.8920059800148,151.8920059800148,153.16200602054596,153.16200602054596,172.2120065689087,172.2120065689087,172.2120065689087,194.56400746107101,206.5020078420639,214.3760080933571,214.3760080933571,214.3760080933571,214.3760080933571,214.88400810956955,214.88400810956955,223.01200824975967,223.01200824975967,228.60000842809677,233.68000847101212,244.60200881958008,263.39800876379013,273.81200909614563,296.6720097064972,296.6720097064972,296.6720097064972,297.4340097308159,301.7520098686218,301.7520098686218,301.7520098686218,302.5140098929405,302.5140098929405,320.04001021385193,346.45601069927216,346.7100107073784,348.9960107803345,351.5360108613968,351.5360108613968,356.10801100730896,358.1400110721588,358.39401108026505,358.39401108026505,359.15601110458374,364.99801129102707,365.76001131534576,366.2680113315582,366.2680113315582,366.7760113477707,371.3480115532875,375.66601169109344,383.2860118150711,402.8440124988556,402.8440124988556,402.8440124988556,402.8440124988556,405.3840125799179,423.1640131473541,442.46801352500916,453.3900138735771,453.3900138735771,471.67801439762115,471.67801439762115,471.67801439762115,471.67801439762115,480.31401467323303,481.33001470565796,481.33001470565796,486.6640148758888,487.93401491642,490.72801500558853,490.98201501369476,508.76201516389847,521.4620152115822,522.4780152440071,529.5900154709816,548.8940163254738,548.8940163254738,548.8940163254738,549.9100163578987,558.2920166254044,574.294017136097,584.7080171108246,586.4860171675682,586.4860171675682,586.9940171837807
2021-11-30 23:00:00,Baja,6.28280846500002,-75.634132065,Media,Deslizamiento,Medellín,Corregimiento 60 San Cristóbal,Pedregal Alto,27.0,1,61.97600358724594,62.23000359535217,62.23000359535217,66.80200374126434,69.59600383043289,87.37600421905518,125.98400539159775,133.60400539636612,134.36600542068481,136.39800548553467,151.8920059800148,151.8920059800148,151.8920059800148,151.8920059800148,151.8920059800148,153.16200602054596,153.16200602054596,172.2120065689087,172.2120065689087,172.2120065689087,194.56400746107101,206.5020078420639,214.3760080933571,214.3760080933571,214.3760080933571,214.3760080933571,214.88400810956955,214.88400810956955,223.01200824975967,223.01200824975967,228.60000842809677,233.68000847101212,244.60200881958008,263.39800876379013,273.81200909614563,296.6720097064972,296.6720097064972,296.6720097064972,297.4340097308159,301.7520098686218,301.7520098686218,301.7520098686218,302.5140098929405,302.5140098929405,320.04001021385193,346.45601069927216,346.7100107073784,348.9960107803345,351.5360108613968,351.5360108613968,356.10801100730896,358.1400110721588,358.39401108026505,358.39401108026505,359.15601110458374,364.99801129102707,365.76001131534576,366.2680113315582,366.2680113315582,366.7760113477707,371.3480115532875,375.66601169109344,383.2860118150711,402.8440124988556,402.8440124988556,402.8440124988556,402.8440124988556,405.3840125799179,423.1640131473541,442.46801352500916,453.3900138735771,453.3900138735771,471.67801439762115,471.67801439762115,471.67801439762115,471.67801439762115,480.31401467323303,481.33001470565796,481.33001470565796,486.6640148758888,487.93401491642,490.72801500558853,490.98201501369476,508.76201516389847,521.4620152115822,522.4780152440071,529.5900154709816,548.8940163254738,548.8940163254738,548.8940163254738,549.9100163578987,558.2920166254044,574.294017136097,584.7080171108246,586.4860171675682,586.4860171675682,586.9940171837807
2021-11-30 23:00:00,Baja,6.27909923800001,-75.557441829,Media,Flujo,Medellín,Comuna 4 Aranjuez,La piñuela,558.0,1,47.24400097131729,47.24400097131729,47.24400097131729,52.57800114154816,56.1340012550354,80.77200186252594,103.37800174951553,116.58600199222565,132.3340020775795,133.0960021018982,138.4300022125244,143.76400238275528,143.76400238275528,143.76400238275528,143.76400238275528,151.63800263404846,151.63800263404846,176.78400307893753,176.78400307893753,176.78400307893753,190.24600356817245,216.66200423240662,230.37800443172455,230.63200443983078,230.63200443983078,232.91800445318222,232.91800445318222,233.93400448560715,245.36400443315506,245.6180044412613,255.27000468969345,266.44600504636765,278.892005443573,278.892005443573,297.4340060353279,311.65800642967224,311.65800642967224,311.65800642967224,315.9760063290596,356.6160061955452,356.6160061955452,356.8700062036514,357.3780062198639,357.6320062279701,370.58600664138794,410.71800673007965,411.2260067462921,411.9880067706108,418.84600698947906,418.84600698947906,419.862007021904,424.9420071840286,424.9420071840286,424.9420071840286,425.95800721645355,438.912007689476,443.48400777578354,443.48400777578354,447.2940077185631,449.8340077996254,449.8340077996254,464.56600826978683,470.91600823402405,470.91600823402405,470.91600823402405,470.91600823402405,470.91600823402405,470.91600823402405,470.91600823402405,470.91600823402405,470.91600823402405,470.91600823402405,470.91600823402405,470.91600823402405,470.91600823402405,470.91600823402405,470.91600823402405,470.91600823402405,470.91600823402405,470.91600823402405,470.91600823402405,470.91600823402405,470.91600823402405,470.91600823402405,470.91600823402405,470.91600823402405,470.91600823402405,470.91600823402405,470.91600823402405,470.91600823402405,470.91600823402405,470.91600823402405,470.91600823402405,470.91600823402405,470.91600823402405,470.91600823402405,470.91600823402405
2021-11-30 23:00:00,Baja,6.26793929000002,-75.623746997,Media,Flujo,Medellín,Corregimiento 60 San Cristóbal,La Loma,27.0,1,61.97600358724594,62.23000359535217,62.23000359535217,66.80200374126434,69.59600383043289,87.37600421905518,125.98400539159775,133.60400539636612,134.36600542068481,136.39800548553467,151.8920059800148,151.8920059800148,151.8920059800148,151.8920059800148,151.8920059800148,153.16200602054596,153.16200602054596,172.2120065689087,172.2120065689087,172.2120065689087,194.56400746107101,206.5020078420639,214.3760080933571,214.3760080933571,214.3760080933571,214.3760080933571,214.88400810956955,214.88400810956955,223.01200824975967,223.01200824975967,228.60000842809677,233.68000847101212,244.60200881958008,263.39800876379013,273.81200909614563,296.6720097064972,296.6720097064972,296.6720097064972,297.4340097308159,301.7520098686218,301.7520098686218,301.7520098686218,302.5140098929405,302.5140098929405,320.04001021385193,346.45601069927216,346.7100107073784,348.9960107803345,351.5360108613968,351.5360108613968,356.10801100730896,358.1400110721588,358.39401108026505,358.39401108026505,359.15601110458374,364.99801129102707,365.76001131534576,366.2680113315582,366.2680113315582,366.7760113477707,371.3480115532875,375.66601169109344,383.2860118150711,402.8440124988556,402.8440124988556,402.8440124988556,402.8440124988556,405.3840125799179,423.1640131473541,442.46801352500916,453.3900138735771,453.3900138735771,471.67801439762115,471.67801439762115,471.67801439762115,471.67801439762115,480.31401467323303,481.33001470565796,481.33001470565796,486.6640148758888,487.93401491642,490.72801500558853,490.98201501369476,508.76201516389847,521.4620152115822,522.4780152440071,529.5900154709816,548.8940163254738,548.8940163254738,548.8940163254738,549.9100163578987,558.2920166254044,574.294017136097,584.7080171108246,586.4860171675682,586.4860171675682,586.9940171837807
2021-11-30 23:00:00,Baja,6.27844214700002,-75.609449556,Media,Deslizamiento,Medellín,Comuna 7 Robledo,Santa Margarita,456.0,1,63.50000125169754,63.50000125169754,63.50000125169754,66.80200135707855,69.5960014462471,87.1220018863678,93.98000210523605,98.55200225114822,98.80600225925446,104.64800244569778,138.43000322580338,139.70000326633453,139.70000326633453,139.70000326633453,139.70000326633453,144.52600342035294,144.52600342035294,165.86200386285782,165.86200386285782,165.86200386285782,170.18000400066376,179.83200430870056,194.31000465154648,194.31000465154648,194.31000465154648,194.81800466775894,196.34200471639633,196.34200471639633,202.18400490283966,202.18400490283966,206.24800503253937,212.34400510787964,222.75800544023514,235.20400577783585,246.63400602340698,267.4620067477226,267.4620067477226,267.4620067477226,267.71600675582886,273.30400693416595,273.30400693416595,273.30400693416595,273.8120069503784,274.06600695848465,284.9880073070526,322.3260080218315,322.3260080218315,327.91400825977325,330.7080083489418,330.7080083489418,333.50200843811035,336.2960085272789,336.55000853538513,336.55000853538513,337.56600856781006,344.4240087866783,346.7100088596344,346.7100088596344,346.7100088596344,347.21800887584686,351.53600883483887,355.8540089726448,358.3940090537071,369.0620094537735,369.0620094537735,369.0620094537735,369.0620094537735,372.1100095510483,388.1120100617409,403.3520105481148,409.9560107588768,409.9560107588768,426.4660111069679,426.4660111069679,426.4660111069679,426.4660111069679,435.61001139879227,436.6260114312172,436.6260114312172,441.96001160144806,443.2300116419792,445.77001172304153,445.77001172304153,464.8200120329857,485.3940131664276,486.1560131907463,492.5060133934021,523.4940141439438,523.4940141439438,523.4940141439438,525.0180141925812,530.6060143709183,542.0360147356987,546.8620147705078,550.1640148162842,550.1640148162842,550.6720148324966
2021-11-30 23:00:00,Baja,6.27377919499997,-75.612063229,Media,Deslizamiento,Medellín,Comuna 7 Robledo,Olaya Herrera,456.0,1,63.50000125169754,63.50000125169754,63.50000125169754,66.80200135707855,69.5960014462471,87.1220018863678,93.98000210523605,98.55200225114822,98.80600225925446,104.64800244569778,138.43000322580338,139.70000326633453,139.70000326633453,139.70000326633453,139.70000326633453,144.52600342035294,144.52600342035294,165.86200386285782,165.86200386285782,165.86200386285782,170.18000400066376,179.83200430870056,194.31000465154648,194.31000465154648,194.31000465154648,194.81800466775894,196.34200471639633,196.34200471639633,202.18400490283966,202.18400490283966,206.24800503253937,212.34400510787964,222.75800544023514,235.20400577783585,246.63400602340698,267.4620067477226,267.4620067477226,267.4620067477226,267.71600675582886,273.30400693416595,273.30400693416595,273.30400693416595,273.8120069503784,274.06600695848465,284.9880073070526,322.3260080218315,322.3260080218315,327.91400825977325,330.7080083489418,330.7080083489418,333.50200843811035,336.2960085272789,336.55000853538513,336.55000853538513,337.56600856781006,344.4240087866783,346.7100088596344,346.7100088596344,346.7100088596344,347.21800887584686,351.53600883483887,355.8540089726448,358.3940090537071,369.0620094537735,369.0620094537735,369.0620094537735,369.0620094537735,372.1100095510483,388.1120100617409,403.3520105481148,409.9560107588768,409.9560107588768,426.4660111069679,426.4660111069679,426.4660111069679,426.4660111069679,435.61001139879227,436.6260114312172,436.6260114312172,441.96001160144806,443.2300116419792,445.77001172304153,445.77001172304153,464.8200120329857,485.3940131664276,486.1560131907463,492.5060133934021,523.4940141439438,523.4940141439438,523.4940141439438,525.0180141925812,530.6060143709183,542.0360147356987,546.8620147705078,550.1640148162842,550.1640148162842,550.6720148324966
2021-11-30 23:00:00,Baja,6.29094307123351,-75.6078429331206,Media,Deslizamiento,Medellín,Corregimiento 60 San Cristóbal,Área de Expansión Pajarito,456.0,1,63.50000125169754,63.50000125169754,63.50000125169754,66.80200135707855,69.5960014462471,87.1220018863678,93.98000210523605,98.55200225114822,98.80600225925446,104.64800244569778,138.43000322580338,139.70000326633453,139.70000326633453,139.70000326633453,139.70000326633453,144.52600342035294,144.52600342035294,165.86200386285782,165.86200386285782,165.86200386285782,170.18000400066376,179.83200430870056,194.31000465154648,194.31000465154648,194.31000465154648,194.81800466775894,196.34200471639633,196.34200471639633,202.18400490283966,202.18400490283966,206.24800503253937,212.34400510787964,222.75800544023514,235.20400577783585,246.63400602340698,267.4620067477226,267.4620067477226,267.4620067477226,267.71600675582886,273.30400693416595,273.30400693416595,273.30400693416595,273.8120069503784,274.06600695848465,284.9880073070526,322.3260080218315,322.3260080218315,327.91400825977325,330.7080083489418,330.7080083489418,333.50200843811035,336.2960085272789,336.55000853538513,336.55000853538513,337.56600856781006,344.4240087866783,346.7100088596344,346.7100088596344,346.7100088596344,347.21800887584686,351.53600883483887,355.8540089726448,358.3940090537071,369.0620094537735,369.0620094537735,369.0620094537735,369.0620094537735,372.1100095510483,388.1120100617409,403.3520105481148,409.9560107588768,409.9560107588768,426.4660111069679,426.4660111069679,426.4660111069679,426.4660111069679,435.61001139879227,436.6260114312172,436.6260114312172,441.96001160144806,443.2300116419792,445.77001172304153,445.77001172304153,464.8200120329857,485.3940131664276,486.1560131907463,492.5060133934021,523.4940141439438,523.4940141439438,523.4940141439438,525.0180141925812,530.6060143709183,542.0360147356987,546.8620147705078,550.1640148162842,550.1640148162842,550.6720148324966
2021-11-30 23:00:00,Baja,6.27426009800001,-75.627731223,Media,Deslizamiento,Medellín,Corregimiento 60 San Cristóbal,La Loma,27.0,1,61.97600358724594,62.23000359535217,62.23000359535217,66.80200374126434,69.59600383043289,87.37600421905518,125.98400539159775,133.60400539636612,134.36600542068481,136.39800548553467,151.8920059800148,151.8920059800148,151.8920059800148,151.8920059800148,151.8920059800148,153.16200602054596,153.16200602054596,172.2120065689087,172.2120065689087,172.2120065689087,194.56400746107101,206.5020078420639,214.3760080933571,214.3760080933571,214.3760080933571,214.3760080933571,214.88400810956955,214.88400810956955,223.01200824975967,223.01200824975967,228.60000842809677,233.68000847101212,244.60200881958008,263.39800876379013,273.81200909614563,296.6720097064972,296.6720097064972,296.6720097064972,297.4340097308159,301.7520098686218,301.7520098686218,301.7520098686218,302.5140098929405,302.5140098929405,320.04001021385193,346.45601069927216,346.7100107073784,348.9960107803345,351.5360108613968,351.5360108613968,356.10801100730896,358.1400110721588,358.39401108026505,358.39401108026505,359.15601110458374,364.99801129102707,365.76001131534576,366.2680113315582,366.2680113315582,366.7760113477707,371.3480115532875,375.66601169109344,383.2860118150711,402.8440124988556,402.8440124988556,402.8440124988556,402.8440124988556,405.3840125799179,423.1640131473541,442.46801352500916,453.3900138735771,453.3900138735771,471.67801439762115,471.67801439762115,471.67801439762115,471.67801439762115,480.31401467323303,481.33001470565796,481.33001470565796,486.6640148758888,487.93401491642,490.72801500558853,490.98201501369476,508.76201516389847,521.4620152115822,522.4780152440071,529.5900154709816,548.8940163254738,548.8940163254738,548.8940163254738,549.9100163578987,558.2920166254044,574.294017136097,584.7080171108246,586.4860171675682,586.4860171675682,586.9940171837807
2021-11-30 23:00:00,Baja,6.27275585899997,-75.540563688,Media,Deslizamiento,Medellín,Comuna 3 Manrique,La Cruz,16.0,1,55.372001588344574,55.372001588344574,55.372001588344574,60.70600175857544,64.77000188827515,92.45600265264511,99.5680028796196,116.33200311660767,130.0480031967163,130.0480031967163,140.97000342607498,148.84400367736816,148.84400367736816,148.84400367736816,148.84400367736816,159.25800377130508,159.76600378751755,190.50000447034836,190.50000447034836,190.50000447034836,199.89800477027893,230.88600546121597,243.0780058503151,243.0780058503151,243.0780058503151,243.33200585842133,267.20800668001175,267.7160066962242,278.13000679016113,278.6380068063736,286.0040070414543,293.62400698661804,314.1980074644089,314.1980074644089,335.7880080342293,356.8700088262558,357.6320088505745,357.6320088505745,363.72800904512405,422.9100093841553,422.9100093841553,423.67200940847397,424.43400943279266,424.43400943279266,437.38800978660583,475.9960104227066,478.2820104956627,479.2980105280876,486.91801077127457,486.91801077127457,488.9500108361244,517.9060117602348,517.9060117602348,517.9060117602348,518.9220117926598,531.1140120625496,540.5120123028755,540.5120123028755,544.5760125517845,547.8780126571655,547.8780126571655,562.3560130596161,570.7380131483078,574.294013261795,574.294013261795,574.294013261795,574.294013261795,580.3900134563446,608.0760142207146,630.4280148148537,639.826014995575,639.826014995575,655.8280155062675,655.8280155062675,655.8280155062675,655.8280155062675,672.5920160412788,674.8780161142349,674.8780161142349,678.9420162439346,681.2280163168907,688.3400165438652,688.8480165600777,705.1040170192719,716.7880173325539,730.2500177621841,749.3000181317329,756.666018307209,756.666018307209,765.3020184636116,766.826018512249,786.384018778801,808.4820193648338,821.4360194206238,825.5000195503235,826.008019566536,827.5320196151733
2021-11-30 23:00:00,Baja,6.28450078580038,-75.5426702958539,Media,Deslizamiento,Medellín,Comuna 3 Manrique,San José La Cima No.1,55.0,1,45.72000062465668,45.72000062465668,45.72000062465668,51.05400079488754,54.610000908374786,74.67600136995316,87.63000160455704,111.76000213623047,140.20800268650055,143.25600272417068,148.0820028781891,158.2420031428337,158.2420031428337,158.2420031428337,159.0040031671524,166.62400329113007,168.14800333976746,204.7240042090416,204.7240042090416,204.7240042090416,225.5520040988922,241.55400443077087,251.96800458431244,252.73000460863113,252.73000460863113,253.2380046248436,253.49200463294983,254.50800466537476,264.4140049815178,264.92200499773026,275.8440053462982,287.5280054807663,300.7360057234764,300.7360057234764,324.8660061955452,340.1060066819191,340.1060066819191,342.64600670337677,353.0600069761276,383.2860065102577,383.2860065102577,383.7940065264702,384.0480065345764,384.0480065345764,395.73200684785843,408.17800682783127,409.1940068602562,418.33800679445267,424.4340069890022,424.4340069890022,431.03800731897354,448.0560079216957,450.3420079946518,450.3420079946518,451.1040080189705,466.0900087952614,471.9320089817047,471.9320089817047,473.20200902223587,476.25000911951065,476.5040091276169,497.3320092558861,509.0160093307495,513.0800094604492,513.0800094604492,513.0800094604492,513.0800094604492,516.8900095820427,536.7020101547241,554.4820106625557,560.324010848999,560.324010848999,570.2300111651421,570.2300111651421,570.2300111651421,570.2300111651421,584.9620116353035,586.9940117001534,586.9940117001534,589.2800117731094,591.5660118460655,595.376011967659,595.8840119838715,610.3620123267174,626.364012658596,644.6520130634308,660.4000134468079,690.1180140376091,690.1180140376091,690.3720140457153,690.8800140619278,701.8020144104958,713.7400147914886,730.2500149607658,736.3460151553154,736.8540151715279,737.8700152039528
2021-11-30 23:00:00,Baja,6.2819625,-75.5895265,Media,Deslizamiento,Medellín,Comuna 7 Robledo,Bello Horizonte,24.0,1,61.976001381874084,62.48400139808655,62.48400139808655,66.04000151157379,68.32600158452988,80.51800191402435,105.15600246191025,109.47400259971619,114.80800265073776,116.07800269126892,123.44400298595428,127.00000309944153,127.00000309944153,127.00000309944153,127.00000309944153,132.84200328588486,133.0960032939911,149.3520035147667,149.3520035147667,149.3520035147667,154.43200367689133,169.4180040359497,185.42000460624695,185.67400461435318,185.67400461435318,185.9280046224594,186.18200463056564,186.6900046467781,188.72200471162796,189.23000472784042,197.86600494384766,204.4700050354004,218.18600541353226,218.4400054216385,233.42600589990616,256.54000622034073,256.54000622034073,256.54000622034073,258.0640062689781,271.2720066308975,271.2720066308975,271.2720066308975,271.52600663900375,271.52600663900375,280.6700069308281,304.0380072593689,304.0380072593689,305.30800729990005,309.11800742149353,309.11800742149353,310.89600747823715,313.94400757551193,314.19800758361816,314.19800758361816,314.7060075998306,324.61200791597366,326.6440079808235,326.6440079808235,327.9140080213547,328.9300080537796,329.18400806188583,336.2960082888603,338.5820083618164,346.96400851011276,346.96400851011276,346.96400851011276,346.96400851011276,350.2660086154938,369.0620091557503,381.76200956106186,388.11200976371765,388.11200976371765,399.5420101284981,399.5420101284981,399.5420101284981,399.5420101284981,410.2100104689598,411.48001050949097,411.48001050949097,415.29001063108444,416.81401067972183,420.6240108013153,420.6240108013153,436.88001120090485,451.3580117225647,452.8820117712021,462.7880120873451,502.15801298618317,502.15801298618317,502.15801298618317,502.92001301050186,511.8100130558014,525.2720134854317,537.4640135765076,542.0360136628151,542.2900136709213,543.05201369524
2021-11-30 23:00:00,Baja,6.27917931899998,-75.557473714,Media,Deslizamiento,Medellín,Comuna 4 Aranjuez,La piñuela,558.0,1,47.24400097131729,47.24400097131729,47.24400097131729,52.57800114154816,56.1340012550354,80.77200186252594,103.37800174951553,116.58600199222565,132.3340020775795,133.0960021018982,138.4300022125244,143.76400238275528,143.76400238275528,143.76400238275528,143.76400238275528,151.63800263404846,151.63800263404846,176.78400307893753,176.78400307893753,176.78400307893753,190.24600356817245,216.66200423240662,230.37800443172455,230.63200443983078,230.63200443983078,232.91800445318222,232.91800445318222,233.93400448560715,245.36400443315506,245.6180044412613,255.27000468969345,266.44600504636765,278.892005443573,278.892005443573,297.4340060353279,311.65800642967224,311.65800642967224,311.65800642967224,315.9760063290596,356.6160061955452,356.6160061955452,356.8700062036514,357.3780062198639,357.6320062279701,370.58600664138794,410.71800673007965,411.2260067462921,411.9880067706108,418.84600698947906,418.84600698947906,419.862007021904,424.9420071840286,424.9420071840286,424.9420071840286,425.95800721645355,438.912007689476,443.48400777578354,443.48400777578354,447.2940077185631,449.8340077996254,449.8340077996254,464.56600826978683,470.91600823402405,470.91600823402405,470.91600823402405,470.91600823402405,470.91600823402405,470.91600823402405,470.91600823402405,470.91600823402405,470.91600823402405,470.91600823402405,470.91600823402405,470.91600823402405,470.91600823402405,470.91600823402405,470.91600823402405,470.91600823402405,470.91600823402405,470.91600823402405,470.91600823402405,470.91600823402405,470.91600823402405,470.91600823402405,470.91600823402405,470.91600823402405,470.91600823402405,470.91600823402405,470.91600823402405,470.91600823402405,470.91600823402405,470.91600823402405,470.91600823402405,470.91600823402405,470.91600823402405,470.91600823402405,470.91600823402405
2021-11-30 23:00:00,Baja,6.27187857565756,-75.5420048042253,Media,Caida de rocas,Medellín,Comuna 3 Manrique,La Cruz,16.0,1,55.372001588344574,55.372001588344574,55.372001588344574,60.70600175857544,64.77000188827515,92.45600265264511,99.5680028796196,116.33200311660767,130.0480031967163,130.0480031967163,140.97000342607498,148.84400367736816,148.84400367736816,148.84400367736816,148.84400367736816,159.25800377130508,159.76600378751755,190.50000447034836,190.50000447034836,190.50000447034836,199.89800477027893,230.88600546121597,243.0780058503151,243.0780058503151,243.0780058503151,243.33200585842133,267.20800668001175,267.7160066962242,278.13000679016113,278.6380068063736,286.0040070414543,293.62400698661804,314.1980074644089,314.1980074644089,335.7880080342293,356.8700088262558,357.6320088505745,357.6320088505745,363.72800904512405,422.9100093841553,422.9100093841553,423.67200940847397,424.43400943279266,424.43400943279266,437.38800978660583,475.9960104227066,478.2820104956627,479.2980105280876,486.91801077127457,486.91801077127457,488.9500108361244,517.9060117602348,517.9060117602348,517.9060117602348,518.9220117926598,531.1140120625496,540.5120123028755,540.5120123028755,544.5760125517845,547.8780126571655,547.8780126571655,562.3560130596161,570.7380131483078,574.294013261795,574.294013261795,574.294013261795,574.294013261795,580.3900134563446,608.0760142207146,630.4280148148537,639.826014995575,639.826014995575,655.8280155062675,655.8280155062675,655.8280155062675,655.8280155062675,672.5920160412788,674.8780161142349,674.8780161142349,678.9420162439346,681.2280163168907,688.3400165438652,688.8480165600777,705.1040170192719,716.7880173325539,730.2500177621841,749.3000181317329,756.666018307209,756.666018307209,765.3020184636116,766.826018512249,786.384018778801,808.4820193648338,821.4360194206238,825.5000195503235,826.008019566536,827.5320196151733
2021-11-30 23:30:00,Baja,6.27193459799997,-75.543981522,Media,Deslizamiento,Medellín,Comuna 3 Manrique,Santa Inés,16.0,1,55.372001588344574,55.372001588344574,55.372001588344574,60.70600175857544,64.26200187206268,87.12200230360031,98.04400283098221,116.33200311660767,130.0480031967163,130.0480031967163,140.97000342607498,148.84400367736816,148.84400367736816,148.84400367736816,148.84400367736816,159.25800377130508,159.76600378751755,190.50000447034836,190.50000447034836,190.50000447034836,198.62800472974777,228.34600538015366,243.0780058503151,243.0780058503151,243.0780058503151,243.33200585842133,267.20800668001175,267.7160066962242,278.13000679016113,278.6380068063736,284.9880070090294,293.62400698661804,314.1980074644089,314.1980074644089,328.42200779914856,353.0600087046623,357.6320088505745,357.6320088505745,363.72800904512405,422.4020093679428,422.9100093841553,423.67200940847397,424.43400943279266,424.43400943279266,432.8160097002983,475.7420104146004,478.2820104956627,479.2980105280876,486.91801077127457,486.91801077127457,488.9500108361244,517.9060117602348,517.9060117602348,517.9060117602348,517.9060117602348,531.1140120625496,540.5120123028755,540.5120123028755,544.5760125517845,547.8780126571655,547.8780126571655,562.3560130596161,570.7380131483078,574.294013261795,574.294013261795,574.294013261795,574.294013261795,580.3900134563446,603.2500140666962,630.4280148148537,639.3180149793625,639.826014995575,655.8280155062675,655.8280155062675,655.8280155062675,655.8280155062675,672.5920160412788,674.3700160980225,674.8780161142349,678.9420162439346,681.2280163168907,688.3400165438652,688.8480165600777,702.5640169382095,716.7880173325539,729.4880177378654,748.7920181155205,756.666018307209,756.666018307209,765.3020184636116,766.826018512249,784.8600187301636,808.4820193648338,821.4360194206238,825.5000195503235,826.008019566536,826.5160195827484
2021-11-30 23:30:00,Baja,6.27029845700002,-75.541367835,Media,Deslizamiento,Medellín,Comuna 3 Manrique,La Cruz,16.0,1,55.372001588344574,55.372001588344574,55.372001588344574,60.70600175857544,64.26200187206268,87.12200230360031,98.04400283098221,116.33200311660767,130.0480031967163,130.0480031967163,140.97000342607498,148.84400367736816,148.84400367736816,148.84400367736816,148.84400367736816,159.25800377130508,159.76600378751755,190.50000447034836,190.50000447034836,190.50000447034836,198.62800472974777,228.34600538015366,243.0780058503151,243.0780058503151,243.0780058503151,243.33200585842133,267.20800668001175,267.7160066962242,278.13000679016113,278.6380068063736,284.9880070090294,293.62400698661804,314.1980074644089,314.1980074644089,328.42200779914856,353.0600087046623,357.6320088505745,357.6320088505745,363.72800904512405,422.4020093679428,422.9100093841553,423.67200940847397,424.43400943279266,424.43400943279266,432.8160097002983,475.7420104146004,478.2820104956627,479.2980105280876,486.91801077127457,486.91801077127457,488.9500108361244,517.9060117602348,517.9060117602348,517.9060117602348,517.9060117602348,531.1140120625496,540.5120123028755,540.5120123028755,544.5760125517845,547.8780126571655,547.8780126571655,562.3560130596161,570.7380131483078,574.294013261795,574.294013261795,574.294013261795,574.294013261795,580.3900134563446,603.2500140666962,630.4280148148537,639.3180149793625,639.826014995575,655.8280155062675,655.8280155062675,655.8280155062675,655.8280155062675,672.5920160412788,674.3700160980225,674.8780161142349,678.9420162439346,681.2280163168907,688.3400165438652,688.8480165600777,702.5640169382095,716.7880173325539,729.4880177378654,748.7920181155205,756.666018307209,756.666018307209,765.3020184636116,766.826018512249,784.8600187301636,808.4820193648338,821.4360194206238,825.5000195503235,826.008019566536,826.5160195827484
2021-11-30 23:30:00,Baja,6.27008579099999,-75.541565246,Media,Deslizamiento,Medellín,Comuna 3 Manrique,La Cruz,16.0,1,55.372001588344574,55.372001588344574,55.372001588344574,60.70600175857544,64.26200187206268,87.12200230360031,98.04400283098221,116.33200311660767,130.0480031967163,130.0480031967163,140.97000342607498,148.84400367736816,148.84400367736816,148.84400367736816,148.84400367736816,159.25800377130508,159.76600378751755,190.50000447034836,190.50000447034836,190.50000447034836,198.62800472974777,228.34600538015366,243.0780058503151,243.0780058503151,243.0780058503151,243.33200585842133,267.20800668001175,267.7160066962242,278.13000679016113,278.6380068063736,284.9880070090294,293.62400698661804,314.1980074644089,314.1980074644089,328.42200779914856,353.0600087046623,357.6320088505745,357.6320088505745,363.72800904512405,422.4020093679428,422.9100093841553,423.67200940847397,424.43400943279266,424.43400943279266,432.8160097002983,475.7420104146004,478.2820104956627,479.2980105280876,486.91801077127457,486.91801077127457,488.9500108361244,517.9060117602348,517.9060117602348,517.9060117602348,517.9060117602348,531.1140120625496,540.5120123028755,540.5120123028755,544.5760125517845,547.8780126571655,547.8780126571655,562.3560130596161,570.7380131483078,574.294013261795,574.294013261795,574.294013261795,574.294013261795,580.3900134563446,603.2500140666962,630.4280148148537,639.3180149793625,639.826014995575,655.8280155062675,655.8280155062675,655.8280155062675,655.8280155062675,672.5920160412788,674.3700160980225,674.8780161142349,678.9420162439346,681.2280163168907,688.3400165438652,688.8480165600777,702.5640169382095,716.7880173325539,729.4880177378654,748.7920181155205,756.666018307209,756.666018307209,765.3020184636116,766.826018512249,784.8600187301636,808.4820193648338,821.4360194206238,825.5000195503235,826.008019566536,826.5160195827484
2021-12-01 00:00:00,Media,6.30552105800001,-75.585304721,Media,Otro,Medellín,Comuna 6 Doce de Octubre,El Triunfo,281.0,1,50.03800094127655,50.03800094127655,50.03800094127655,53.594001054763794,54.86400109529495,60.19800126552582,74.16800153255463,79.24800169467926,99.82200193405151,100.58400195837021,106.93400180339813,116.3320021033287,116.3320021033287,116.3320021033287,116.3320021033287,118.61800217628479,118.61800217628479,127.00000244379044,127.00000244379044,127.00000244379044,132.84200263023376,143.5100029706955,159.51200342178345,159.51200342178345,159.51200342178345,159.51200342178345,165.10000360012054,165.10000360012054,167.38600361347198,168.14800363779068,180.84800398349762,193.54800426959991,201.67600452899933,211.58200454711914,218.69400477409363,273.81200581789017,276.6060059070587,276.6060059070587,276.6060059070587,285.7500060200691,285.7500060200691,285.7500060200691,285.7500060200691,285.7500060200691,293.87800627946854,306.070006608963,306.070006608963,309.6260064840317,312.9280065894127,312.9280065894127,314.19800662994385,316.48400670289993,316.48400670289993,316.48400670289993,316.48400670289993,327.4060069322586,330.20000702142715,330.20000702142715,330.4540070295334,332.99400693178177,334.0100069642067,343.6620069742203,344.42400699853897,353.56800723075867,353.56800723075867,353.56800723075867,353.56800723075867,356.8700073361397,369.31600773334503,386.3340082168579,394.20800840854645,394.7160084247589,403.86000871658325,403.86000871658325,403.86000871658325,403.86000871658325,411.22600895166397,411.98800897598267,411.98800897598267,415.03600907325745,415.79800909757614,417.57600915431976,418.33800917863846,429.76800924539566,455.16800916194916,456.9460092186928,466.0900095105171,491.2360092997551,491.4900093078613,491.4900093078613,492.7600093483925,500.38000959157944,511.55600994825363,523.7480100393295,525.2720100879669,525.5260100960732,526.0340101122856
2021-12-01 00:00:00,Media,6.278895,-75.601113,Media,Deslizamiento,Medellín,Comuna 7 Robledo,Cucaracho,456.0,1,65.78600132465363,65.78600132465363,65.78600132465363,69.08800143003464,71.62800151109695,83.82000178098679,93.98000210523605,100.83800232410431,101.09200233221054,106.93400251865387,140.71600329875946,141.98600333929062,141.98600333929062,141.98600333929062,141.98600333929062,146.81200349330902,146.81200349330902,168.1480039358139,168.1480039358139,168.1480039358139,172.46600407361984,180.59400433301926,196.59600472450256,196.59600472450256,196.59600472450256,197.10400474071503,198.62800478935242,198.62800478935242,204.47000497579575,204.47000497579575,208.28000509738922,214.63000518083572,225.04400551319122,237.49000585079193,243.5860060453415,269.4940068125725,269.7480068206787,269.7480068206787,270.00200682878494,275.59000700712204,275.59000700712204,275.59000700712204,276.0980070233345,276.0980070233345,282.4480072259903,324.6120080947876,324.6120080947876,330.20000833272934,332.9940084218979,332.9940084218979,335.78800851106644,338.582008600235,338.8360086083412,338.8360086083412,339.09000861644745,346.7100088596344,348.9960089325905,348.9960089325905,348.9960089325905,349.50400894880295,353.5680088996887,358.1400090456009,360.6800091266632,371.3480095267296,371.3480095267296,371.3480095267296,371.3480095267296,374.39600962400436,386.33401000499725,405.63801062107086,412.2420108318329,412.2420108318329,428.752011179924,428.752011179924,428.752011179924,428.752011179924,437.89601147174835,438.9120115041733,438.9120115041733,444.24601167440414,445.5160117149353,448.0560117959976,448.0560117959976,464.8200120329857,487.6800132393837,488.18801325559616,494.2840134501457,525.7800142168999,525.7800142168999,525.7800142168999,527.3040142655373,531.8760144114494,544.3220148086548,549.1480148434639,552.4500148892403,552.4500148892403,552.7040148973465
2021-12-01 01:00:00,Baja,6.28221559899998,-75.538068534,Media,Deslizamiento,Medellín,Comuna 3 Manrique,María Cano-Carambolas,55.0,1,46.48200064897537,46.48200064897537,46.48200064897537,51.81600081920624,54.610000908374786,65.7860010266304,86.61400157213211,112.52200216054916,140.97000271081924,144.01800274848938,148.84400290250778,159.0040031671524,159.0040031671524,159.0040031671524,159.7660031914711,167.38600331544876,168.91000336408615,205.4860042333603,205.4860042333603,205.4860042333603,224.28200405836105,237.99800431728363,252.73000460863113,253.49200463294983,253.49200463294983,254.0000046491623,254.25400465726852,255.27000468969345,265.1760050058365,265.68400502204895,274.3200052976608,288.290005505085,301.4980057477951,301.4980057477951,315.46800595521927,335.02600651979446,340.8680067062378,343.40800672769547,353.8220070004463,384.0480065345764,384.0480065345764,384.0480065345764,384.8100065588951,384.8100065588951,391.16000670194626,408.17800682783127,409.9560068845749,419.10000681877136,425.1960070133209,425.1960070133209,431.80000734329224,448.8180079460144,451.1040080189705,451.1040080189705,451.1040080189705,466.8520088195801,472.6940090060234,472.6940090060234,473.96400904655457,477.01200914382935,477.2660091519356,498.0940092802048,509.7780093550682,513.8420094847679,513.8420094847679,513.8420094847679,513.8420094847679,517.6520096063614,530.3520099520683,555.2440106868744,559.3080108165741,561.0860108733177,570.9920111894608,570.9920111894608,570.9920111894608,570.9920111894608,585.7240116596222,587.5020117163658,587.756011724472,589.5340117812157,592.3280118703842,596.1380119919777,596.6460120081902,606.8060122132301,626.364012658596,643.8900130391121,657.8600133657455,690.8800140619278,690.8800140619278,690.8800140619278,691.3880140781403,700.7860143780708,714.5020148158073,731.0120149850845,737.1080151796341,737.6160151958466,737.6160151958466
2021-12-01 03:00:00,Baja,6.29477481890119,-75.5938914399625,Media,Deslizamiento,Medellín,Comuna 7 Robledo,Aures No.2,48.0,1,89.66200268268585,89.66200268268585,89.66200268268585,93.2180027961731,94.99600285291672,100.07600301504135,121.92000359296799,127.76200377941132,145.5420040488243,147.8280041217804,177.54600489139557,184.40400511026382,184.40400511026382,184.40400511026382,184.40400511026382,189.99200528860092,189.99200528860092,205.48600560426712,205.48600560426712,205.48600560426712,212.0900057554245,222.25000607967377,250.44400644302368,251.4600064754486,251.4600064754486,251.4600064754486,260.8580066561699,261.1120066642761,261.1120066642761,261.8740066885948,277.8760070204735,295.14800745248795,306.32400780916214,319.7860078215599,323.34200793504715,359.9180085659027,384.81000900268555,384.81000900268555,384.81000900268555,393.95400923490524,395.9860092997551,395.9860092997551,395.9860092997551,395.9860092997551,399.2880094051361,423.41801005601883,423.67201006412506,427.48201018571854,431.54601031541824,431.54601031541824,434.84801042079926,437.89601051807404,438.15001052618027,438.15001052618027,438.15001052618027,452.3740108013153,456.438010931015,456.438010931015,456.438010931015,457.45401096343994,457.45401096343994,469.39201110601425,471.4240111708641,487.4260115623474,487.4260115623474,487.4260115623474,487.4260115623474,491.4900116920471,499.61801195144653,530.6060129404068,535.4320130348206,538.9880131483078,547.3700134158134,551.9420135617256,551.9420135617256,551.9420135617256,562.1020138859749,563.1180139183998,563.372013926506,565.9120140075684,569.2140139937401,574.2940141558647,574.548014163971,590.0420151352882,601.9800155162811,629.666015625,635.2540158033371,669.7980164885521,670.814016520977,670.814016520977,672.8460165858269,677.6720167398453,691.3880171775818,711.2000175714493,711.7080175876617,714.7560176849365,715.0100176930428
2022-03-05 08:00:00,Baja,6.27808977900003,-75.607312859,Media,Deslizamiento,Medellín,Comuna 7 Robledo,Fuente Clara,456.0,1,41.402000427246094,42.41800045967102,42.67200046777725,63.50000089406967,69.08800107240677,96.52000218629837,96.52000218629837,96.52000218629837,96.52000218629837,96.52000218629837,105.41000211238861,112.77600234746933,113.03000235557556,139.19200265407562,143.51000279188156,143.51000279188156,143.51000279188156,143.51000279188156,148.3360030055046,189.23000329732895,189.23000329732895,189.23000329732895,189.23000329732895,189.48400330543518,191.51600337028503,193.5480034351349,196.8500035405159,207.2640038728714,223.26600402593613,223.26600402593613,223.26600402593613,223.26600402593613,223.26600402593613,223.26600402593613,223.26600402593613,223.26600402593613,226.06000405550003,226.06000405550003,233.68000411987305,233.68000411987305,233.68000411987305,233.68000411987305,233.68000411987305,233.68000411987305,233.68000411987305,233.93400412797928,233.93400412797928,234.1880041360855,234.1880041360855,234.1880041360855,247.65000438690186,247.65000438690186,247.65000438690186,254.50800454616547,254.50800454616547,256.5400046110153,260.3500047326088,292.60800564289093,293.1160056591034,293.1160056591034,293.1160056591034,293.3700056672096,295.14800572395325,295.4020057320595,296.67200577259064,302.00600588321686,302.00600588321686,302.00600588321686,327.1520062685013,327.4060062766075,327.4060062766075,327.4060062766075,327.4060062766075,327.4060062766075,344.4240063428879,344.6780063509941,345.69400638341904,350.012006521225,350.012006521225,350.2660065293312,350.2660065293312,350.2660065293312,350.2660065293312,351.28200656175613,351.28200656175613,351.28200656175613,351.28200656175613,351.28200656175613,351.28200656175613,351.28200656175613,351.28200656175613,358.1400067806244,358.1400067806244,359.41000682115555,421.1320080757141,425.70400816202164,425.70400816202164
2022-03-05 08:30:00,Baja,6.27197106400001,-75.615801698,Media,Deslizamiento,Medellín,Comuna 7 Robledo,Olaya Herrera,456.0,1,41.402000427246094,42.41800045967102,42.67200046777725,63.50000089406967,69.08800107240677,96.52000218629837,96.52000218629837,96.52000218629837,96.52000218629837,96.52000218629837,105.41000211238861,112.77600234746933,113.03000235557556,139.19200265407562,143.51000279188156,143.51000279188156,143.51000279188156,143.51000279188156,148.3360030055046,189.23000329732895,189.23000329732895,189.23000329732895,189.23000329732895,189.48400330543518,191.51600337028503,193.5480034351349,196.8500035405159,207.2640038728714,223.26600402593613,223.26600402593613,223.26600402593613,223.26600402593613,223.26600402593613,223.26600402593613,223.26600402593613,223.26600402593613,226.06000405550003,226.06000405550003,233.68000411987305,233.68000411987305,233.68000411987305,233.68000411987305,233.68000411987305,233.68000411987305,233.68000411987305,233.93400412797928,233.93400412797928,234.1880041360855,234.1880041360855,234.1880041360855,247.65000438690186,247.65000438690186,247.65000438690186,254.50800454616547,254.50800454616547,256.5400046110153,260.3500047326088,292.60800564289093,293.1160056591034,293.1160056591034,293.1160056591034,293.3700056672096,295.14800572395325,295.4020057320595,296.67200577259064,302.00600588321686,302.00600588321686,302.00600588321686,327.1520062685013,327.4060062766075,327.4060062766075,327.4060062766075,327.4060062766075,327.4060062766075,344.4240063428879,344.6780063509941,345.69400638341904,350.012006521225,350.012006521225,350.2660065293312,350.2660065293312,350.2660065293312,350.2660065293312,351.28200656175613,351.28200656175613,351.28200656175613,351.28200656175613,351.28200656175613,351.28200656175613,351.28200656175613,351.28200656175613,358.1400067806244,358.1400067806244,359.41000682115555,421.1320080757141,425.70400816202164,425.70400816202164
2022-03-05 17:00:00,Baja,6.2978699247571,-75.6624112807558,Media,Flujo,Medellín,Corregimiento 60 San Cristóbal,La Cuchilla,10.0,1,45.46600157022476,45.46600157022476,52.578001499176025,75.18400204181671,80.01000219583511,100.83800286054611,102.10800290107727,102.3620029091835,105.66400283575058,110.49000287055969,117.60200297832489,123.95200318098068,129.03200334310532,130.30200338363647,131.57200342416763,154.17800384759903,154.43200385570526,154.43200385570526,160.52800399065018,169.92600411176682,177.29200434684753,177.29200434684753,177.29200434684753,177.29200434684753,178.30800437927246,181.61000448465347,182.88000452518463,188.46800470352173,194.81800490617752,208.02600502967834,208.02600502967834,208.02600502967834,208.02600502967834,208.02600502967834,208.02600502967834,208.02600502967834,208.02600502967834,208.02600502967834,209.55000507831573,232.15600568056107,232.15600568056107,248.15800535678864,248.15800535678864,248.15800535678864,248.15800535678864,248.15800535678864,248.41200536489487,248.41200536489487,248.41200536489487,248.41200536489487,251.9680054783821,252.22200548648834,254.00000554323196,257.302005648613,257.302005648613,276.09800601005554,276.3520060181618,296.6720066666603,299.2120067477226,299.2120067477226,299.2120067477226,305.30800676345825,321.0560070872307,321.8180071115494,322.0720071196556,325.8820072412491,326.898007273674,330.7080073952675,351.0280079841614,359.9180082678795,359.9180082678795,359.9180082678795,359.9180082678795,360.1720082759857,361.95000833272934,367.79200851917267,367.79200851917267,369.5700085759163,372.36400866508484,372.61800867319107,374.6500087380409,374.6500087380409,374.6500087380409,390.65200912952423,401.57400941848755,401.57400941848755,401.57400941848755,401.57400941848755,401.57400941848755,401.57400941848755,401.57400941848755,406.6540095806122,406.6540095806122,406.6540095806122,438.912010371685,439.92801040410995,440.69001042842865
2022-03-05 22:00:00,Baja,6.27249371211301,-75.5983312864755,Media,Deslizamiento,Medellín,Comuna 13 San Javier,El Pesebre,456.0,1,43.43400049209595,44.704000532627106,45.72000056505203,66.80200099945068,69.85000109672546,97.5360022187233,99.82200229167938,99.82200229167938,99.82200229167938,99.82200229167938,106.68000221252441,108.96600222587585,116.07800245285034,116.33200246095657,142.49400275945663,146.81200289726257,146.81200289726257,146.81200289726257,146.81200289726257,151.63800311088562,192.53200340270996,192.53200340270996,192.53200340270996,192.7860034108162,193.80200344324112,196.8500035405159,198.3740035891533,200.1520036458969,214.63000410795212,226.56800413131714,226.56800413131714,226.56800413131714,226.56800413131714,226.56800413131714,226.56800413131714,226.56800413131714,226.56800413131714,229.36200416088104,229.36200416088104,236.98200422525406,236.98200422525406,236.98200422525406,236.98200422525406,236.98200422525406,236.98200422525406,236.98200422525406,237.2360042333603,237.49000424146652,237.49000424146652,237.49000424146652,249.93600445985794,250.95200449228287,250.95200449228287,251.46000450849533,257.8100046515465,257.8100046515465,259.84200471639633,276.86000525951385,296.4180057644844,296.4180057644844,296.4180057644844,296.4180057644844,298.45000582933426,298.7040058374405,298.7040058374405,300.2280058860779,305.30800598859787,305.30800598859787,325.1200063228607,330.4540063738823,330.7080063819885,330.7080063819885,330.7080063819885,330.7080063819885,330.7080063819885,347.7260064482689,347.9800064563751,348.99600648880005,353.314006626606,353.314006626606,353.5680066347122,353.5680066347122,353.5680066347122,353.5680066347122,354.58400666713715,354.58400666713715,354.58400666713715,354.58400666713715,354.58400666713715,354.58400666713715,354.58400666713715,361.4420068860054,361.4420068860054,361.4420068860054,377.4440072774887,429.00600826740265,429.00600826740265
2022-03-06 14:00:00,Baja,6.26983982500002,-75.629186534,Media,Deslizamiento,Medellín,Corregimiento 60 San Cristóbal,La Loma,27.0,1,31.49600076675415,66.04000145196915,66.54800146818161,66.54800146818161,81.02600181102753,87.88400202989578,117.60200268030167,117.60200268030167,117.8560026884079,117.8560026884079,117.8560026884079,126.23800265789032,146.0500030517578,146.30400305986404,147.32000309228897,150.62200319766998,152.65400326251984,152.65400326251984,152.65400326251984,161.03600323200226,172.72000312805176,172.72000312805176,172.72000312805176,172.72000312805176,172.72000312805176,173.22800314426422,175.5140032172203,180.84800338745117,185.1660035252571,192.02400374412537,192.02400374412537,192.02400374412537,192.02400374412537,192.02400374412537,192.02400374412537,192.02400374412537,192.02400374412537,192.2780037522316,192.2780037522316,212.0900040268898,212.0900040268898,212.0900040268898,212.0900040268898,212.0900040268898,212.0900040268898,212.0900040268898,212.0900040268898,212.0900040268898,212.0900040268898,212.0900040268898,212.0900040268898,222.75800436735153,222.75800436735153,224.0280044078827,225.29800444841385,225.29800444841385,226.31400448083878,228.34600454568863,246.88800513744354,247.65000516176224,247.65000516176224,247.65000516176224,250.4440052509308,255.2700054049492,255.77800542116165,258.8260054588318,260.85800552368164,262.1280055642128,263.1440055966377,274.8280058503151,292.10000628232956,292.10000628232956,292.10000628232956,292.10000628232956,292.10000628232956,318.5160066485405,318.77000665664673,318.77000665664673,323.59600681066513,323.59600681066513,323.59600681066513,323.59600681066513,323.59600681066513,323.59600681066513,334.0100068449974,334.0100068449974,334.0100068449974,334.0100068449974,334.0100068449974,334.0100068449974,334.0100068449974,334.0100068449974,342.90000706911087,342.90000706911087,343.1540070772171,393.4460098147392,408.1780107617378
2022-03-27 02:00:00,Baja,6.27208233629879,-75.6139644355515,Media,Deslizamiento,Medellín,Comuna 7 Robledo,Olaya Herrera,456.0,1,39.62400072813034,41.910000801086426,41.910000801086426,41.910000801086426,53.594000577926636,53.594000577926636,66.0400008559227,66.29400086402893,67.56400090456009,76.96200102567673,99.0600009560585,99.0600009560585,104.14000111818314,104.14000111818314,104.14000111818314,110.99800139665604,110.99800139665604,110.99800139665604,110.99800139665604,110.99800139665604,130.30200201272964,166.3700025677681,175.00600254535675,176.02200257778168,197.10400301218033,199.13600307703018,226.82200419902802,230.12400430440903,230.12400430440903,230.12400430440903,230.12400430440903,230.12400430440903,239.01400423049927,246.38000446558,246.63400447368622,272.7960047721863,277.1140049099922,277.1140049099922,277.1140049099922,277.1140049099922,281.94000512361526,322.8340054154396,322.8340054154396,322.8340054154396,323.08800542354584,323.08800542354584,326.1360055208206,328.67600560188293,330.45400565862656,344.17000609636307,356.8700061440468,356.8700061440468,356.8700061440468,356.8700061440468,356.8700061440468,356.8700061440468,356.8700061440468,356.8700061440468,359.6640061736107,359.6640061736107,367.2840062379837,367.2840062379837,367.2840062379837,367.2840062379837,367.2840062379837,367.2840062379837,367.2840062379837,367.53800624608994,367.79200625419617,367.79200625419617,367.79200625419617,367.79200625419617,381.2540065050125,381.2540065050125,381.2540065050125,388.1120066642761,388.1120066642761,390.144006729126,397.7640069723129,426.72000777721405,426.72000777721405,426.72000777721405,426.72000777721405,428.7520078420639,429.00600785017014,429.00600785017014,430.5300078988075,435.6100080013275,435.6100080013275,455.42200833559036,460.75600838661194,461.01000839471817,461.01000839471817,461.01000839471817,461.01000839471817,461.01000839471817,478.02800846099854
2022-03-27 03:00:00,Baja,6.27620079000002,-75.595416575,Media,Deslizamiento,Medellín,Comuna 7 Robledo,Robledo,456.0,1,43.942000806331635,46.22800087928772,46.22800087928772,46.22800087928772,57.6580006480217,57.91200065612793,70.358000934124,70.61200094223022,71.88200098276138,81.28000110387802,103.3780010342598,103.3780010342598,108.45800119638443,108.45800119638443,108.45800119638443,115.31600147485733,115.31600147485733,115.31600147485733,115.31600147485733,115.31600147485733,134.62000209093094,160.27400261163712,179.32400262355804,180.34000265598297,186.69000285863876,202.946003139019,230.3780042529106,234.44200438261032,234.44200438261032,234.44200438261032,234.44200438261032,234.44200438261032,243.33200430870056,250.69800454378128,250.9520045518875,277.1140048503876,281.4320049881935,281.4320049881935,281.4320049881935,281.4320049881935,286.25800520181656,327.1520054936409,327.1520054936409,327.1520054936409,327.1520054936409,327.40600550174713,330.2000055909157,332.99400568008423,334.77200573682785,347.2180061340332,361.1880062222481,361.1880062222481,361.1880062222481,361.1880062222481,361.1880062222481,361.1880062222481,361.1880062222481,361.1880062222481,363.982006251812,363.982006251812,371.602006316185,371.602006316185,371.602006316185,371.602006316185,371.602006316185,371.602006316185,371.602006316185,371.85600632429123,372.11000633239746,372.11000633239746,372.11000633239746,372.11000633239746,385.5720065832138,385.5720065832138,385.5720065832138,392.4300067424774,392.4300067424774,394.46200680732727,399.5420069694519,431.03800785541534,431.03800785541534,431.03800785541534,431.03800785541534,433.0700079202652,433.32400792837143,433.32400792837143,434.8480079770088,439.9280080795288,439.9280080795288,444.24600821733475,465.07400846481323,465.32800847291946,465.32800847291946,465.32800847291946,465.32800847291946,465.32800847291946,482.34600853919983
2022-03-27 14:00:00,Baja,6.28701223799999,-75.597031694,Media,Deslizamiento,Medellín,Comuna 7 Robledo,Monteclaro,456.0,1,46.22800087928772,48.514000952243805,48.514000952243805,48.514000952243805,59.43600070476532,60.198000729084015,72.13600099086761,72.89800101518631,74.16800105571747,83.5660011768341,105.66400110721588,105.66400110721588,110.74400126934052,110.74400126934052,110.74400126934052,117.60200154781342,117.60200154781342,117.60200154781342,117.60200154781342,117.60200154781342,119.8880016207695,138.93800222873688,181.61000269651413,182.62600272893906,182.62600272893906,203.7080031633377,208.28000330924988,236.7280044555664,236.7280044555664,236.7280044555664,236.7280044555664,236.7280044555664,245.61800438165665,252.98400461673737,253.2380046248436,279.40000492334366,281.4320049881935,283.7180050611496,283.7180050611496,283.7180050611496,288.54400527477264,329.438005566597,329.438005566597,329.438005566597,329.438005566597,329.6920055747032,330.9620056152344,333.7560057044029,337.05800580978394,347.47200614213943,363.47400629520416,363.47400629520416,363.47400629520416,363.47400629520416,363.47400629520416,363.47400629520416,363.47400629520416,363.47400629520416,366.26800632476807,366.26800632476807,373.8880063891411,373.8880063891411,373.8880063891411,373.8880063891411,373.8880063891411,373.8880063891411,373.8880063891411,374.1420063972473,374.1420063972473,374.39600640535355,374.39600640535355,374.39600640535355,387.8580066561699,387.8580066561699,387.8580066561699,394.7160068154335,394.7160068154335,396.74800688028336,400.55800700187683,432.81600791215897,433.32400792837143,433.32400792837143,433.32400792837143,433.57800793647766,435.3560079932213,435.6100080013275,436.8800080418587,438.40400809049606,442.2140081524849,442.2140081524849,467.3600085377693,467.61400854587555,467.61400854587555,467.61400854587555,467.61400854587555,467.61400854587555,484.6320086121559
2022-03-28 01:30:00,Baja,6.27340886341173,-75.5459914154409,Media,Deslizamiento,Medellín,Comuna 3 Manrique,Santa Inés,16.0,1,31.49600088596344,46.990001142024994,60.706001341342926,63.754001438617706,65.53200149536133,69.59600162506104,76.96200180053711,99.8220020532608,99.8220020532608,105.91800218820572,107.44200223684311,138.93800282478333,144.27200311422348,154.68600344657898,154.68600344657898,154.68600344657898,167.38600373268127,167.38600373268127,167.38600373268127,167.38600373268127,167.38600373268127,178.8160040974617,198.62800467014313,199.8980047106743,200.9140047430992,225.5520058274269,235.20400607585907,243.58600634336472,247.14200639724731,247.14200639724731,248.15800642967224,248.15800642967224,248.15800642967224,249.4280064702034,256.7940067052841,266.95400685071945,267.9700068831444,275.33600705862045,275.33600705862045,275.33600705862045,275.33600705862045,276.3520070910454,277.3680071234703,277.3680071234703,277.3680071234703,277.3680071234703,277.3680071234703,279.9080072045326,282.44800728559494,299.7200081348419,306.0700083374977,313.94400852918625,313.94400852918625,313.94400852918625,313.94400852918625,313.94400852918625,313.94400852918625,313.94400852918625,313.94400852918625,313.94400852918625,313.94400852918625,315.46800857782364,315.46800857782364,315.46800857782364,315.46800857782364,315.46800857782364,315.46800857782364,315.46800857782364,315.46800857782364,315.9760085940361,315.9760085940361,315.9760085940361,315.9760085940361,327.1520089507103,328.9300090074539,329.6920090317726,335.2800092101097,335.2800092101097,337.05800926685333,341.12200939655304,379.4760104417801,379.4760104417801,379.4760104417801,379.4760104417801,392.68401074409485,397.00201082229614,397.2560108304024,399.7960109114647,421.8940111398697,421.8940111398697,426.7200112938881,426.7200112938881,426.7200112938881,426.7200112938881,426.7200112938881,426.7200112938881,426.7200112938881
2022-03-28 23:00:00,Baja,6.196908081,-75.642884323,Media,Deslizamiento,Medellín,Corregimiento 80 San Antonio de Prado,La Verde,2.0,1,128.01600259542465,161.54400318861008,163.06800323724747,163.83000326156616,164.59200328588486,165.10000330209732,181.10200375318527,184.40400385856628,204.72400337457657,205.48600339889526,206.24800342321396,235.458003282547,242.31600350141525,247.65000349283218,260.3500038385391,260.3500038385391,274.57400423288345,274.8280042409897,274.8280042409897,274.8280042409897,274.8280042409897,275.5900042653084,294.13200467824936,330.70800518989563,332.232005238533,351.79000532627106,361.44200563430786,365.50600576400757,378.7140061855316,378.96800619363785,380.74600625038147,380.74600625038147,380.74600625038147,391.16000604629517,406.4000068306923,410.21000695228577,411.2260069847107,414.5280070900917,420.62400728464127,442.4680079817772,442.4680079817772,442.4680079817772,442.4680079817772,442.4680079817772,442.4680079817772,442.4680079817772,442.4680079817772,442.4680079817772,442.4680079817772,442.4680079817772,442.4680079817772,442.4680079817772,442.4680079817772,442.4680079817772,442.4680079817772,442.4680079817772,442.4680079817772,442.4680079817772,442.4680079817772,442.4680079817772,442.4680079817772,442.4680079817772,442.4680079817772,442.4680079817772,442.4680079817772,442.4680079817772,442.4680079817772,442.4680079817772,442.4680079817772,442.4680079817772,442.4680079817772,442.4680079817772,442.4680079817772,442.4680079817772,442.4680079817772,442.4680079817772,442.4680079817772,442.4680079817772,442.4680079817772,442.4680079817772,442.4680079817772,442.4680079817772,442.4680079817772,442.4680079817772,442.4680079817772,442.4680079817772,442.4680079817772,442.4680079817772,442.4680079817772,442.4680079817772,442.4680079817772,442.4680079817772,442.4680079817772,442.4680079817772,442.4680079817772,442.4680079817772,442.4680079817772
2022-03-28 23:00:00,Baja,6.18620389400002,-75.637104688,Media,Deslizamiento,Medellín,Corregimiento 80 San Antonio de Prado,La Verde,2.0,1,128.01600259542465,161.54400318861008,163.06800323724747,163.83000326156616,164.59200328588486,165.10000330209732,181.10200375318527,184.40400385856628,204.72400337457657,205.48600339889526,206.24800342321396,235.458003282547,242.31600350141525,247.65000349283218,260.3500038385391,260.3500038385391,274.57400423288345,274.8280042409897,274.8280042409897,274.8280042409897,274.8280042409897,275.5900042653084,294.13200467824936,330.70800518989563,332.232005238533,351.79000532627106,361.44200563430786,365.50600576400757,378.7140061855316,378.96800619363785,380.74600625038147,380.74600625038147,380.74600625038147,391.16000604629517,406.4000068306923,410.21000695228577,411.2260069847107,414.5280070900917,420.62400728464127,442.4680079817772,442.4680079817772,442.4680079817772,442.4680079817772,442.4680079817772,442.4680079817772,442.4680079817772,442.4680079817772,442.4680079817772,442.4680079817772,442.4680079817772,442.4680079817772,442.4680079817772,442.4680079817772,442.4680079817772,442.4680079817772,442.4680079817772,442.4680079817772,442.4680079817772,442.4680079817772,442.4680079817772,442.4680079817772,442.4680079817772,442.4680079817772,442.4680079817772,442.4680079817772,442.4680079817772,442.4680079817772,442.4680079817772,442.4680079817772,442.4680079817772,442.4680079817772,442.4680079817772,442.4680079817772,442.4680079817772,442.4680079817772,442.4680079817772,442.4680079817772,442.4680079817772,442.4680079817772,442.4680079817772,442.4680079817772,442.4680079817772,442.4680079817772,442.4680079817772,442.4680079817772,442.4680079817772,442.4680079817772,442.4680079817772,442.4680079817772,442.4680079817772,442.4680079817772,442.4680079817772,442.4680079817772,442.4680079817772,442.4680079817772,442.4680079817772,442.4680079817772
2022-03-29 03:00:00,Baja,6.25287545381219,-75.6301271056583,Media,Deslizamiento,Medellín,Comuna 13 San Javier,El Salado,17.0,1,34.03600114583969,38.86200129985809,52.070001661777496,54.35600173473358,62.99200230836868,64.00800234079361,68.32600247859955,69.5960025191307,73.15200263261795,77.21600276231766,78.48600280284882,80.51800286769867,89.9160031080246,94.48800319433212,101.09200340509415,101.09200340509415,101.09200340509415,114.30000358819962,114.30000358819962,114.30000358819962,114.55400359630585,114.55400359630585,141.732004404068,163.57600504159927,178.30800563097,180.84800571203232,186.43600589036942,200.91400641202927,244.85600703954697,252.73000729084015,252.73000729084015,252.73000729084015,252.73000729084015,252.73000729084015,256.03200739622116,272.2880080342293,272.2880080342293,275.5900081396103,277.3680081963539,284.9880082011223,284.9880082011223,284.9880082011223,287.27400827407837,287.27400827407837,287.27400827407837,287.27400827407837,287.27400827407837,287.5280082821846,289.3060083389282,291.84600841999054,295.14800852537155,304.5460087656975,304.5460087656975,304.5460087656975,304.5460087656975,304.5460087656975,304.5460087656975,304.5460087656975,304.5460087656975,304.5460087656975,308.6100088953972,308.6100088953972,317.75400906801224,317.75400906801224,317.75400906801224,317.75400906801224,317.75400906801224,317.75400906801224,317.75400906801224,317.75400906801224,318.2620090842247,318.2620090842247,318.2620090842247,318.2620090842247,336.5500094294548,336.5500094294548,337.05800944566727,340.86800944805145,340.86800944805145,341.8840094804764,343.40800952911377,363.7280101776123,363.7280101776123,363.7280101776123,363.7280101776123,372.87201023101807,373.888010263443,374.6500102877617,379.4760104417801,379.4760104417801,379.4760104417801,382.0160105228424,391.16001081466675,419.86201125383377,419.86201125383377,419.86201125383377,419.86201125383377
2022-03-29 03:00:00,Baja,6.19072628,-75.64010596,Media,Deslizamiento,Medellín,Corregimiento 80 San Antonio de Prado,La Verde,2.0,1,112.77600169181824,145.79600316286087,172.46600353717804,172.9740035533905,173.99000358581543,174.4980036020279,185.42000395059586,193.80200415849686,197.10400414466858,214.6300036907196,215.64600372314453,240.53800344467163,249.42800372838974,257.04800379276276,269.7480041384697,269.7480041384697,269.7480041384697,284.22600454092026,284.22600454092026,284.22600454092026,284.22600454092026,284.98800456523895,303.02200496196747,339.0900054574013,341.6300055384636,361.18800562620163,365.50600576400757,372.61800599098206,383.54000633955,388.3660064935684,388.3660064935684,390.14400655031204,390.14400655031204,400.55800634622574,415.79800713062286,419.60800725221634,420.62400728464127,423.9260073900223,429.7680075764656,451.86600828170776,451.86600828170776,451.86600828170776,451.86600828170776,451.86600828170776,451.86600828170776,451.86600828170776,451.86600828170776,451.86600828170776,451.86600828170776,451.86600828170776,451.86600828170776,451.86600828170776,451.86600828170776,451.86600828170776,451.86600828170776,451.86600828170776,451.86600828170776,451.86600828170776,451.86600828170776,451.86600828170776,451.86600828170776,451.86600828170776,451.86600828170776,451.86600828170776,451.86600828170776,451.86600828170776,451.86600828170776,451.86600828170776,451.86600828170776,451.86600828170776,451.86600828170776,451.86600828170776,451.86600828170776,451.86600828170776,451.86600828170776,451.86600828170776,451.86600828170776,451.86600828170776,451.86600828170776,451.86600828170776,451.86600828170776,451.86600828170776,451.86600828170776,451.86600828170776,451.86600828170776,451.86600828170776,451.86600828170776,451.86600828170776,451.86600828170776,451.86600828170776,451.86600828170776,451.86600828170776,451.86600828170776,451.86600828170776,451.86600828170776,451.86600828170776,451.86600828170776
2022-03-29 06:15:00,Baja,6.18777829636544,-75.6478636260456,Media,Deslizamiento,Medellín,Corregimiento 80 San Antonio de Prado,San Antonio de Prado,2.0,1,110.99800181388855,141.2240030169487,173.7360035777092,174.24400359392166,175.2600036263466,175.51400363445282,184.9120039343834,195.07200419902802,198.1200041770935,215.90000373125076,216.9160037636757,241.8080034852028,248.66600370407104,258.0640038251877,271.01800417900085,271.01800417900085,271.01800417900085,285.4960045814514,285.4960045814514,285.4960045814514,285.4960045814514,286.2580046057701,302.00600492954254,315.9760053753853,342.90000557899475,362.4580056667328,362.96600568294525,372.61800599098206,376.68200612068176,389.6360065340996,389.6360065340996,391.4140065908432,391.4140065908432,401.8280063867569,417.068007171154,420.8780072927475,421.8940073251724,425.19600743055344,431.03800761699677,453.1360083222389,453.1360083222389,453.1360083222389,453.1360083222389,453.1360083222389,453.1360083222389,453.1360083222389,453.1360083222389,453.1360083222389,453.1360083222389,453.1360083222389,453.1360083222389,453.1360083222389,453.1360083222389,453.1360083222389,453.1360083222389,453.1360083222389,453.1360083222389,453.1360083222389,453.1360083222389,453.1360083222389,453.1360083222389,453.1360083222389,453.1360083222389,453.1360083222389,453.1360083222389,453.1360083222389,453.1360083222389,453.1360083222389,453.1360083222389,453.1360083222389,453.1360083222389,453.1360083222389,453.1360083222389,453.1360083222389,453.1360083222389,453.1360083222389,453.1360083222389,453.1360083222389,453.1360083222389,453.1360083222389,453.1360083222389,453.1360083222389,453.1360083222389,453.1360083222389,453.1360083222389,453.1360083222389,453.1360083222389,453.1360083222389,453.1360083222389,453.1360083222389,453.1360083222389,453.1360083222389,453.1360083222389,453.1360083222389,453.1360083222389,453.1360083222389,453.1360083222389
2022-03-29 12:29:00,Baja,6.18374008412349,-75.6396357608787,Media,Deslizamiento,Medellín,Corregimiento 80 San Antonio de Prado,San Antonio de Prado,2.0,1,110.99800181388855,139.19200295209885,173.7360035777092,174.24400359392166,175.2600036263466,175.51400363445282,184.1500039100647,195.07200419902802,198.1200041770935,215.90000373125076,216.9160037636757,241.8080034852028,248.66600370407104,258.0640038251877,271.01800417900085,271.01800417900085,271.01800417900085,285.4960045814514,285.4960045814514,285.4960045814514,285.4960045814514,286.0040045976639,295.40200489759445,309.8800051808357,342.90000557899475,362.4580056667328,362.4580056667328,372.61800599098206,376.68200612068176,389.6360065340996,389.6360065340996,391.4140065908432,391.4140065908432,401.8280063867569,417.068007171154,420.8780072927475,421.8940073251724,425.19600743055344,431.03800761699677,453.1360083222389,453.1360083222389,453.1360083222389,453.1360083222389,453.1360083222389,453.1360083222389,453.1360083222389,453.1360083222389,453.1360083222389,453.1360083222389,453.1360083222389,453.1360083222389,453.1360083222389,453.1360083222389,453.1360083222389,453.1360083222389,453.1360083222389,453.1360083222389,453.1360083222389,453.1360083222389,453.1360083222389,453.1360083222389,453.1360083222389,453.1360083222389,453.1360083222389,453.1360083222389,453.1360083222389,453.1360083222389,453.1360083222389,453.1360083222389,453.1360083222389,453.1360083222389,453.1360083222389,453.1360083222389,453.1360083222389,453.1360083222389,453.1360083222389,453.1360083222389,453.1360083222389,453.1360083222389,453.1360083222389,453.1360083222389,453.1360083222389,453.1360083222389,453.1360083222389,453.1360083222389,453.1360083222389,453.1360083222389,453.1360083222389,453.1360083222389,453.1360083222389,453.1360083222389,453.1360083222389,453.1360083222389,453.1360083222389,453.1360083222389,453.1360083222389,453.1360083222389
2022-03-29 15:00:00,Baja,6.27493275,-75.63002585,Media,Deslizamiento,Medellín,Corregimiento 60 San Cristóbal,La Loma,27.0,1,72.13600224256516,72.13600224256516,116.33200287818909,119.88800293207169,122.17400300502777,122.17400300502777,134.87400352954865,135.63600355386734,145.2880036830902,146.8120037317276,147.5740037560463,165.6080042719841,187.19800478219986,188.46800482273102,194.56400501728058,194.56400501728058,194.56400501728058,198.62800508737564,198.62800508737564,198.62800508737564,198.62800508737564,198.62800508737564,200.15200513601303,231.64800590276718,266.1920065879822,266.70000660419464,266.70000660419464,281.17800694704056,288.0360071659088,317.7540078163147,317.7540078163147,318.00800782442093,318.00800782442093,318.00800782442093,326.39000779390335,346.20200818777084,346.4560081958771,347.472008228302,349.50400829315186,352.80600839853287,352.80600839853287,352.80600839853287,361.1880083680153,372.8720082640648,372.8720082640648,372.8720082640648,372.8720082640648,372.8720082640648,373.38000828027725,375.66600835323334,381.0000085234642,385.0640086531639,392.1760088801384,392.1760088801384,392.1760088801384,392.1760088801384,392.1760088801384,392.1760088801384,392.1760088801384,392.1760088801384,392.43000888824463,392.43000888824463,412.24200916290283,412.24200916290283,412.24200916290283,412.24200916290283,412.24200916290283,412.24200916290283,412.24200916290283,412.24200916290283,412.24200916290283,412.24200916290283,412.24200916290283,412.24200916290283,422.91000950336456,422.91000950336456,424.1800095438957,425.4500095844269,425.4500095844269,426.4660096168518,427.48200964927673,447.0400102734566,447.80201029777527,447.80201029777527,447.80201029777527,450.5960103869438,455.4220105409622,455.9300105571747,458.9780105948448,461.0100106596947,462.28001070022583,463.29601073265076,474.9800109863281,492.2520114183426,492.2520114183426,492.2520114183426,492.2520114183426
2022-03-29 16:00:00,Baja,6.27219772737919,-75.6138519653816,Media,Deslizamiento,Medellín,Comuna 7 Robledo,Olaya Herrera,456.0,1,42.164001643657684,44.19600170850754,80.77200245857239,90.42400258779526,92.71000266075134,92.71000266075134,103.63200241327286,104.39400243759155,116.33200269937515,117.09400272369385,117.85600274801254,127.76200288534164,149.6060028076172,149.86000281572342,154.94000297784805,154.94000297784805,154.94000297784805,161.79800325632095,161.79800325632095,161.79800325632095,161.79800325632095,161.79800325632095,161.79800325632095,181.10200387239456,225.80600440502167,226.8220044374466,226.8220044374466,247.90400487184525,252.47600501775742,280.6700061559677,280.92400616407394,280.92400616407394,280.92400616407394,280.92400616407394,289.8140060901642,297.1800063252449,297.43400633335114,323.5960066318512,323.8500066399574,327.91400676965714,327.91400676965714,327.91400676965714,332.7400069832802,373.6340072751045,373.6340072751045,373.6340072751045,373.6340072751045,373.88800728321075,375.1580073237419,377.95200741291046,379.9840074777603,391.668007850647,404.6220080256462,407.6700080037117,407.6700080037117,407.6700080037117,407.6700080037117,407.6700080037117,407.6700080037117,407.6700080037117,407.6700080037117,410.4640080332756,418.0840080976486,418.0840080976486,418.0840080976486,418.0840080976486,418.0840080976486,418.0840080976486,418.0840080976486,418.0840080976486,418.33800810575485,418.5920081138611,418.5920081138611,418.5920081138611,432.05400836467743,432.05400836467743,432.05400836467743,438.91200852394104,438.91200852394104,440.9440085887909,441.7060086131096,463.2960093021393,477.52000963687897,477.52000963687897,477.52000963687897,477.7740096449852,479.5520097017288,479.80600970983505,480.3140097260475,481.33000975847244,486.41000986099243,486.41000986099243,511.55601024627686,511.8100102543831,511.8100102543831,511.8100102543831,511.8100102543831
2022-03-29 17:00:00,Baja,6.27531471408504,-75.6068153246572,Media,Deslizamiento,Medellín,Comuna 13 San Javier,Blanquizal,456.0,1,42.164001643657684,44.19600170850754,80.77200245857239,90.42400258779526,92.71000266075134,92.71000266075134,93.72600269317627,104.39400243759155,115.57000267505646,117.09400272369385,117.85600274801254,122.17400282621384,149.35200279951096,149.86000281572342,154.94000297784805,154.94000297784805,154.94000297784805,161.79800325632095,161.79800325632095,161.79800325632095,161.79800325632095,161.79800325632095,161.79800325632095,181.10200387239456,225.80600440502167,226.8220044374466,226.8220044374466,247.90400487184525,250.95200496912003,280.6700061559677,280.92400616407394,280.92400616407394,280.92400616407394,280.92400616407394,289.8140060901642,297.1800063252449,297.1800063252449,323.5960066318512,323.8500066399574,327.91400676965714,327.91400676965714,327.91400676965714,330.96200692653656,344.67800718545914,373.6340072751045,373.6340072751045,373.6340072751045,373.88800728321075,374.9040073156357,377.95200741291046,379.47600746154785,391.668007850647,396.7480080127716,407.6700080037117,407.6700080037117,407.6700080037117,407.6700080037117,407.6700080037117,407.6700080037117,407.6700080037117,407.6700080037117,410.4640080332756,414.7820081114769,418.0840080976486,418.0840080976486,418.0840080976486,418.0840080976486,418.0840080976486,418.0840080976486,418.0840080976486,418.33800810575485,418.5920081138611,418.5920081138611,418.5920081138611,432.05400836467743,432.05400836467743,432.05400836467743,438.91200852394104,438.91200852394104,440.9440085887909,441.45200860500336,463.04200929403305,477.52000963687897,477.52000963687897,477.52000963687897,477.7740096449852,479.5520097017288,479.80600970983505,480.0600097179413,481.33000975847244,486.41000986099243,486.41000986099243,511.55601024627686,511.8100102543831,511.8100102543831,511.8100102543831,511.8100102543831
2022-03-29 17:30:00,Baja,6.27198694600003,-75.612708379,Media,Deslizamiento,Medellín,Comuna 7 Robledo,Olaya Herrera,456.0,1,42.164001643657684,44.19600170850754,80.77200245857239,90.42400258779526,92.71000266075134,92.71000266075134,93.72600269317627,104.39400243759155,114.80800265073776,117.09400272369385,117.85600274801254,119.38000279664993,147.32000291347504,149.86000281572342,154.94000297784805,154.94000297784805,154.94000297784805,161.79800325632095,161.79800325632095,161.79800325632095,161.79800325632095,161.79800325632095,161.79800325632095,181.10200387239456,225.80600440502167,225.80600440502167,226.8220044374466,247.90400487184525,250.95200496912003,280.6700061559677,280.92400616407394,280.92400616407394,280.92400616407394,280.92400616407394,289.8140060901642,291.84600615501404,297.1800063252449,298.19600635766983,323.8500066399574,327.91400676965714,327.91400676965714,327.91400676965714,327.91400676965714,334.2640070319176,373.6340072751045,373.6340072751045,373.6340072751045,373.88800728321075,374.9040073156357,377.95200741291046,379.47600746154785,391.668007850647,395.7320079803467,407.6700080037117,407.6700080037117,407.6700080037117,407.6700080037117,407.6700080037117,407.6700080037117,407.6700080037117,407.6700080037117,410.4640080332756,414.7820081114769,418.0840080976486,418.0840080976486,418.0840080976486,418.0840080976486,418.0840080976486,418.0840080976486,418.0840080976486,418.33800810575485,418.5920081138611,418.5920081138611,418.5920081138611,432.05400836467743,432.05400836467743,432.05400836467743,438.91200852394104,438.91200852394104,438.91200852394104,440.9440085887909,462.7880092859268,477.52000963687897,477.52000963687897,477.52000963687897,477.52000963687897,479.5520097017288,479.80600970983505,479.80600970983505,481.33000975847244,486.41000986099243,486.41000986099243,511.55601024627686,511.8100102543831,511.8100102543831,511.8100102543831,511.8100102543831
2022-03-29 20:35:00,Baja,6.27215588785673,-75.615022511819,Media,Deslizamiento,Medellín,Comuna 7 Robledo,Olaya Herrera,456.0,1,42.92600166797638,44.95800173282623,81.53400248289108,91.18600261211395,93.47200268507004,93.47200268507004,94.48800271749496,105.15600246191025,107.1880025267601,117.85600274801254,118.61800277233124,120.14200282096863,134.87400311231613,150.62200284004211,152.9080029129982,155.70200300216675,155.70200300216675,162.56000328063965,162.56000328063965,162.56000328063965,162.56000328063965,162.56000328063965,162.56000328063965,181.86400389671326,225.2980043888092,226.56800442934036,227.5840044617653,248.66600489616394,251.71400499343872,281.4320061802864,281.68600618839264,281.68600618839264,281.68600618839264,281.68600618839264,290.5760061144829,290.8300061225891,297.9420063495636,298.19600635766983,324.3580066561699,328.67600679397583,328.67600679397583,328.67600679397583,328.67600679397583,333.5020070075989,374.3960072994232,374.3960072994232,374.3960072994232,374.65000730752945,375.6660073399544,378.71400743722916,380.23800748586655,382.77800756692886,396.4940080046654,408.4320080280304,408.4320080280304,408.4320080280304,408.4320080280304,408.4320080280304,408.4320080280304,408.4320080280304,408.4320080280304,411.2260080575943,411.2260080575943,418.8460081219673,418.8460081219673,418.8460081219673,418.8460081219673,418.8460081219673,418.8460081219673,418.8460081219673,419.10000813007355,419.3540081381798,419.3540081381798,419.3540081381798,432.8160083889961,432.8160083889961,432.8160083889961,434.3400084376335,439.67400854825974,439.67400854825974,441.7060086131096,460.50200921297073,478.28200966119766,478.28200966119766,478.28200966119766,478.28200966119766,480.3140097260475,480.56800973415375,480.56800973415375,482.09200978279114,487.1720098853111,487.1720098853111,506.984010219574,512.5720102787018,512.5720102787018,512.5720102787018,512.5720102787018
2022-04-03 21:30:00,Baja,6.35340852600001,-75.702042332,Media,Deslizamiento,Medellín,Corregimiento 50 San Sebastián de Palmitas,Potrera Miserenga,320.0,1,71.88200241327286,72.13600242137909,84.32800281047821,143.00200366973877,152.9080039858818,192.02400481700897,242.57000547647476,278.89200633764267,284.4800063967705,298.19600719213486,302.006007373333,324.10400754213333,324.10400754213333,331.2160077691078,335.78800791502,335.78800791502,335.78800791502,356.61600828170776,362.20400846004486,371.6020085811615,376.9360086321831,376.9360086321831,378.20600867271423,378.20600867271423,378.20600867271423,378.20600867271423,384.30200880765915,384.30200880765915,433.57800990343094,471.932010948658,491.9980118274689,495.55401200056076,516.890012383461,521.9700125455856,544.5760133862495,548.8940135240555,548.8940135240555,548.8940135240555,548.8940135240555,551.9420136213303,551.9420136213303,553.4660136699677,553.4660136699677,553.4660136699677,613.6640145778656,614.1720145940781,614.1720145940781,614.1720145940781,626.6180146932602,630.4280148148537,630.4280148148537,630.4280148148537,631.1900148391724,631.4440148472786,639.0640149712563,656.8440154194832,656.8440154194832,671.5760157108307,672.5920157432556,672.5920157432556,672.5920157432556,672.5920157432556,672.5920157432556,672.5920157432556,672.5920157432556,672.5920157432556,672.5920157432556,672.5920157432556,673.1000157594681,673.1000157594681,673.1000157594681,673.3540157675743,673.3540157675743,673.3540157675743,673.3540157675743,673.3540157675743,673.3540157675743,673.3540157675743,673.3540157675743,674.116015791893,674.116015791893,674.116015791893,676.9100158810616,677.1640158891678,677.1640158891678,683.5140160322189,697.484016418457,706.6280167102814,706.6280167102814,706.6280167102814,706.6280167102814,771.1440178155899,785.3680183887482,785.3680183887482,800.3540183901787,800.3540183901787,807.9740186333656
2022-04-04 00:00:00,Media,6.18537928299997,-75.672430027,Media,Deslizamiento,Medellín,Corregimiento 80 San Antonio de Prado,Potrerito,43.0,1,42.41800141334534,42.9260014295578,52.07000172138214,66.80200201272964,72.39000219106674,94.2340025305748,120.39600312709808,147.82800364494324,148.59000366926193,149.35200369358063,157.98800390958786,162.30600410699844,174.24400424957275,183.13400423526764,190.7540043592453,200.66000425815582,202.43800431489944,217.17000484466553,237.74400526285172,248.66600596904755,255.27000617980957,255.27000617980957,257.8100062608719,257.8100062608719,257.8100062608719,257.8100062608719,257.8100062608719,281.94000643491745,314.7060074210167,348.7420080304146,351.7900080084801,404.8760086297989,424.94200909137726,427.22800916433334,439.9280095100403,444.75400960445404,444.75400960445404,444.75400960445404,444.75400960445404,446.27800965309143,464.058010160923,466.5980102419853,471.1700103878975,472.44001042842865,481.33001071214676,509.27001160383224,509.27001160383224,509.27001160383224,518.4140115976334,521.2080116868019,523.2400117516518,523.2400117516518,524.0020117759705,525.7800118327141,533.4000121355057,543.8140124678612,547.6240125894547,571.7540131807327,587.2480136752129,624.5860151648521,624.5860151648521,624.5860151648521,624.5860151648521,624.5860151648521,624.5860151648521,624.5860151648521,624.5860151648521,624.5860151648521,625.0940151810646,625.0940151810646,625.0940151810646,625.0940151810646,625.0940151810646,625.0940151810646,625.0940151810646,625.0940151810646,625.0940151810646,625.0940151810646,625.0940151810646,625.3480151891708,640.5880153775215,640.5880153775215,641.3500154018402,657.606015920639,657.606015920639,672.3380158543587,685.2920162677765,698.7540166378021,698.7540166378021,698.7540166378021,698.7540166378021,707.1360169053078,711.9620169997215,714.5020170807838,715.5180171132088,715.5180171132088,717.5500171780586
2022-04-05 03:00:00,Baja,6.24865198245084,-75.6260625582446,Media,Deslizamiento,Medellín,Comuna 13 San Javier,Las Independencias,17.0,1,38.862001180648804,48.51400136947632,48.51400136947632,51.5620014667511,75.69200217723846,77.97800225019455,86.86800253391266,119.88800364732742,124.71400380134583,137.92200416326523,140.2080042362213,148.84400480985641,149.86000484228134,154.17800498008728,155.44800502061844,159.00400513410568,163.0680052638054,164.33800530433655,166.3700053691864,175.76800560951233,180.34000569581985,186.94400590658188,186.94400590658188,186.94400590658188,200.15200608968735,200.15200608968735,200.15200608968735,200.40600609779358,200.40600609779358,227.58400690555573,249.428007543087,264.16000813245773,266.70000821352005,272.28800839185715,286.766008913517,330.7080095410347,338.5820097923279,338.5820097923279,338.5820097923279,338.5820097923279,338.5820097923279,341.8840098977089,358.140010535717,358.140010535717,361.442010641098,363.22001069784164,370.84001070261,370.84001070261,370.84001070261,373.1260107755661,373.1260107755661,373.1260107755661,373.1260107755661,373.1260107755661,373.38001078367233,375.15801084041595,377.69801092147827,381.0000110268593,390.3980112671852,390.3980112671852,390.3980112671852,390.3980112671852,390.3980112671852,390.3980112671852,390.3980112671852,390.3980112671852,390.3980112671852,394.4620113968849,394.4620113968849,403.60601156949997,403.60601156949997,403.60601156949997,403.60601156949997,403.60601156949997,403.60601156949997,403.60601156949997,403.60601156949997,404.11401158571243,404.11401158571243,404.11401158571243,404.11401158571243,422.40201193094254,422.40201193094254,422.910011947155,426.7200119495392,426.7200119495392,427.7360119819641,429.2600120306015,449.58001267910004,449.58001267910004,449.58001267910004,449.58001267910004,458.7240127325058,459.7400127649307,460.5020127892494,465.3280129432678,465.3280129432678
2022-04-05 03:00:00,Baja,6.27035761633246,-75.6168024624635,Media,Deslizamiento,Medellín,Corregimiento 60 San Cristóbal,La Loma,456.0,1,42.164001643657684,49.784001767635345,49.784001767635345,52.832001864910126,72.13600206375122,73.40600210428238,95.50400304794312,121.15800392627716,128.01600408554077,167.6400048136711,169.9260048866272,169.9260048866272,169.9260048866272,181.35600465536118,181.6100046634674,194.05600494146347,194.3100049495697,195.58000499010086,204.9780051112175,227.07600504159927,227.07600504159927,232.1560052037239,232.1560052037239,232.1560052037239,239.0140054821968,239.0140054821968,239.0140054821968,239.0140054821968,239.0140054821968,258.3180060982704,283.9720066189766,303.0220066308975,304.03800666332245,310.38800686597824,326.6440071463585,354.0760082602501,358.1400083899498,358.1400083899498,358.1400083899498,358.1400083899498,358.1400083899498,367.03000831604004,374.39600855112076,374.650008559227,400.81200885772705,405.130008995533,405.130008995533,405.130008995533,405.130008995533,409.95600920915604,450.8500095009804,450.8500095009804,450.8500095009804,450.8500095009804,451.1040095090866,453.89800959825516,456.6920096874237,458.4700097441673,470.9160101413727,484.88601022958755,484.88601022958755,484.88601022958755,484.88601022958755,484.88601022958755,484.88601022958755,484.88601022958755,484.88601022958755,487.68001025915146,487.68001025915146,495.3000103235245,495.3000103235245,495.3000103235245,495.3000103235245,495.3000103235245,495.3000103235245,495.3000103235245,495.5540103316307,495.80801033973694,495.80801033973694,495.80801033973694,495.80801033973694,509.2700105905533,509.2700105905533,509.2700105905533,516.1280107498169,516.1280107498169,518.1600108146667,523.2400109767914,554.7360118627548,554.7360118627548,554.7360118627548,554.7360118627548,556.7680119276047,557.0220119357109,557.0220119357109,558.5460119843483,563.6260120868683
2022-04-05 03:00:00,Baja,6.266546135,-75.613741149,Media,Deslizamiento,Medellín,Comuna 13 San Javier,Juan XXIII La Quiebra,456.0,1,42.164001643657684,49.784001767635345,49.784001767635345,52.832001864910126,72.13600206375122,73.40600210428238,95.50400304794312,121.15800392627716,128.01600408554077,167.6400048136711,169.9260048866272,169.9260048866272,169.9260048866272,181.35600465536118,181.6100046634674,194.05600494146347,194.3100049495697,195.58000499010086,204.9780051112175,227.07600504159927,227.07600504159927,232.1560052037239,232.1560052037239,232.1560052037239,239.0140054821968,239.0140054821968,239.0140054821968,239.0140054821968,239.0140054821968,258.3180060982704,283.9720066189766,303.0220066308975,304.03800666332245,310.38800686597824,326.6440071463585,354.0760082602501,358.1400083899498,358.1400083899498,358.1400083899498,358.1400083899498,358.1400083899498,367.03000831604004,374.39600855112076,374.650008559227,400.81200885772705,405.130008995533,405.130008995533,405.130008995533,405.130008995533,409.95600920915604,450.8500095009804,450.8500095009804,450.8500095009804,450.8500095009804,451.1040095090866,453.89800959825516,456.6920096874237,458.4700097441673,470.9160101413727,484.88601022958755,484.88601022958755,484.88601022958755,484.88601022958755,484.88601022958755,484.88601022958755,484.88601022958755,484.88601022958755,487.68001025915146,487.68001025915146,495.3000103235245,495.3000103235245,495.3000103235245,495.3000103235245,495.3000103235245,495.3000103235245,495.3000103235245,495.5540103316307,495.80801033973694,495.80801033973694,495.80801033973694,495.80801033973694,509.2700105905533,509.2700105905533,509.2700105905533,516.1280107498169,516.1280107498169,518.1600108146667,523.2400109767914,554.7360118627548,554.7360118627548,554.7360118627548,554.7360118627548,556.7680119276047,557.0220119357109,557.0220119357109,558.5460119843483,563.6260120868683
2022-04-05 03:00:00,Baja,6.267234884,-75.614615396,Media,Deslizamiento,Medellín,Comuna 13 San Javier,Juan XXIII La Quiebra,456.0,1,42.164001643657684,49.784001767635345,49.784001767635345,52.832001864910126,72.13600206375122,73.40600210428238,95.50400304794312,121.15800392627716,128.01600408554077,167.6400048136711,169.9260048866272,169.9260048866272,169.9260048866272,181.35600465536118,181.6100046634674,194.05600494146347,194.3100049495697,195.58000499010086,204.9780051112175,227.07600504159927,227.07600504159927,232.1560052037239,232.1560052037239,232.1560052037239,239.0140054821968,239.0140054821968,239.0140054821968,239.0140054821968,239.0140054821968,258.3180060982704,283.9720066189766,303.0220066308975,304.03800666332245,310.38800686597824,326.6440071463585,354.0760082602501,358.1400083899498,358.1400083899498,358.1400083899498,358.1400083899498,358.1400083899498,367.03000831604004,374.39600855112076,374.650008559227,400.81200885772705,405.130008995533,405.130008995533,405.130008995533,405.130008995533,409.95600920915604,450.8500095009804,450.8500095009804,450.8500095009804,450.8500095009804,451.1040095090866,453.89800959825516,456.6920096874237,458.4700097441673,470.9160101413727,484.88601022958755,484.88601022958755,484.88601022958755,484.88601022958755,484.88601022958755,484.88601022958755,484.88601022958755,484.88601022958755,487.68001025915146,487.68001025915146,495.3000103235245,495.3000103235245,495.3000103235245,495.3000103235245,495.3000103235245,495.3000103235245,495.3000103235245,495.5540103316307,495.80801033973694,495.80801033973694,495.80801033973694,495.80801033973694,509.2700105905533,509.2700105905533,509.2700105905533,516.1280107498169,516.1280107498169,518.1600108146667,523.2400109767914,554.7360118627548,554.7360118627548,554.7360118627548,554.7360118627548,556.7680119276047,557.0220119357109,557.0220119357109,558.5460119843483,563.6260120868683
2022-04-05 03:00:00,Baja,6.29706334572298,-75.6470996816282,Media,Deslizamiento,Medellín,Corregimiento 60 San Cristóbal,El LLano,21.0,1,33.27400076389313,33.27400076389313,33.27400076389313,37.0840008854866,88.90000224113464,102.36200243234634,124.96800309419632,143.00200366973877,154.68600398302078,168.4020044207573,176.78400439023972,187.1980043053627,187.1980043053627,192.53200429677963,192.53200429677963,235.20400577783585,237.9980058670044,238.50600588321686,274.57400649785995,293.87800681591034,293.87800681591034,298.4500069618225,298.4500069618225,298.4500069618225,299.72000700235367,299.72000700235367,299.72000700235367,299.72000700235367,306.5780071616173,345.9480075240135,382.7780084013939,394.9700086712837,394.9700086712837,403.86000895500183,423.16400969028473,442.2140102982521,453.39001059532166,453.39001059532166,455.67601066827774,455.67601066827774,457.7080107331276,472.18601101636887,482.34601134061813,485.1400114297867,485.64801144599915,496.31601172685623,501.90401190519333,501.90401190519333,501.90401190519333,519.6840119957924,533.4000123143196,534.924012362957,534.924012362957,535.1780123710632,535.1780123710632,538.4800124764442,542.2900125980377,544.5760126709938,550.9260128736496,572.2620132565498,572.2620132565498,572.2620132565498,572.2620132565498,572.2620132565498,572.2620132565498,572.2620132565498,572.2620132565498,572.2620132565498,572.2620132565498,582.9300135374069,582.9300135374069,582.9300135374069,585.4700135588646,585.4700135588646,585.4700135588646,585.4700135588646,585.4700135588646,585.4700135588646,585.4700135588646,585.4700135588646,585.4700135588646,589.7880136966705,589.7880136966705,590.296013712883,591.8200137615204,591.8200137615204,601.2180137634277,609.6000139713287,630.4280145168304,630.4280145168304,630.4280145168304,630.4280145168304,641.3500148653984,641.3500148653984,641.6040148735046,656.590015232563,656.590015232563
2022-04-05 03:05:00,Baja,6.27224253600002,-75.617432266,Media,Deslizamiento,Medellín,Comuna 7 Robledo,Olaya Herrera,456.0,1,42.164001643657684,49.784001767635345,49.784001767635345,51.8160018324852,72.13600206375122,73.15200209617615,94.23400300741196,121.15800392627716,123.69800400733948,167.6400048136711,169.9260048866272,169.9260048866272,169.9260048866272,181.35600465536118,181.6100046634674,193.548004925251,194.3100049495697,195.58000499010086,204.9780051112175,227.07600504159927,227.07600504159927,232.1560052037239,232.1560052037239,232.1560052037239,239.0140054821968,239.0140054821968,239.0140054821968,239.0140054821968,239.0140054821968,257.81000608205795,282.19400656223297,303.0220066308975,304.03800666332245,306.32400673627853,325.37400710582733,349.75800812244415,358.1400083899498,358.1400083899498,358.1400083899498,358.1400083899498,358.1400083899498,367.03000831604004,374.39600855112076,374.650008559227,400.81200885772705,405.130008995533,405.130008995533,405.130008995533,405.130008995533,409.95600920915604,450.8500095009804,450.8500095009804,450.8500095009804,450.8500095009804,451.1040095090866,453.6440095901489,456.6920096874237,458.4700097441673,469.13801008462906,484.88601022958755,484.88601022958755,484.88601022958755,484.88601022958755,484.88601022958755,484.88601022958755,484.88601022958755,484.88601022958755,487.68001025915146,487.68001025915146,495.3000103235245,495.3000103235245,495.3000103235245,495.3000103235245,495.3000103235245,495.3000103235245,495.3000103235245,495.5540103316307,495.80801033973694,495.80801033973694,495.80801033973694,495.80801033973694,509.2700105905533,509.2700105905533,509.2700105905533,516.1280107498169,516.1280107498169,518.1600108146667,522.2240109443665,554.7360118627548,554.7360118627548,554.7360118627548,554.7360118627548,556.7680119276047,556.7680119276047,557.0220119357109,558.5460119843483,563.6260120868683
2022-04-05 03:45:00,Baja,6.272073299,-75.612308502,Media,Deslizamiento,Medellín,Comuna 7 Robledo,Olaya Herrera,456.0,1,42.164001643657684,49.784001767635345,49.784001767635345,51.8160018324852,72.13600206375122,73.15200209617615,94.23400300741196,121.15800392627716,123.69800400733948,167.6400048136711,169.9260048866272,169.9260048866272,169.9260048866272,181.35600465536118,181.6100046634674,193.548004925251,194.3100049495697,195.58000499010086,204.9780051112175,227.07600504159927,227.07600504159927,232.1560052037239,232.1560052037239,232.1560052037239,239.0140054821968,239.0140054821968,239.0140054821968,239.0140054821968,239.0140054821968,257.81000608205795,282.19400656223297,303.0220066308975,304.03800666332245,306.32400673627853,325.37400710582733,349.75800812244415,358.1400083899498,358.1400083899498,358.1400083899498,358.1400083899498,358.1400083899498,367.03000831604004,374.39600855112076,374.650008559227,400.81200885772705,405.130008995533,405.130008995533,405.130008995533,405.130008995533,409.95600920915604,450.8500095009804,450.8500095009804,450.8500095009804,450.8500095009804,451.1040095090866,453.6440095901489,456.6920096874237,458.4700097441673,469.13801008462906,484.88601022958755,484.88601022958755,484.88601022958755,484.88601022958755,484.88601022958755,484.88601022958755,484.88601022958755,484.88601022958755,487.68001025915146,487.68001025915146,495.3000103235245,495.3000103235245,495.3000103235245,495.3000103235245,495.3000103235245,495.3000103235245,495.3000103235245,495.5540103316307,495.80801033973694,495.80801033973694,495.80801033973694,495.80801033973694,509.2700105905533,509.2700105905533,509.2700105905533,516.1280107498169,516.1280107498169,518.1600108146667,522.2240109443665,554.7360118627548,554.7360118627548,554.7360118627548,554.7360118627548,556.7680119276047,556.7680119276047,557.0220119357109,558.5460119843483,563.6260120868683
2022-04-05 04:00:00,Baja,6.28032660566956,-75.5405126571198,Media,Deslizamiento,Medellín,Comuna 3 Manrique,María Cano-Carambolas,55.0,1,36.32200086116791,39.37000095844269,39.37000095844269,50.03800094127655,69.59600156545639,71.62800163030624,79.2480018734932,84.83600205183029,93.47200226783752,112.77600282430649,134.36600351333618,137.41400355100632,141.47800356149673,144.27200365066528,149.60600382089615,164.0840042233467,164.59200423955917,168.9100043773651,171.70400446653366,197.35800522565842,203.96200531721115,214.63000565767288,214.63000565767288,214.63000565767288,227.58400577306747,228.09200578927994,228.09200578927994,228.09200578927994,228.09200578927994,239.7760061621666,251.96800655126572,252.7300065755844,252.98400658369064,254.76200664043427,278.63800686597824,291.59200727939606,308.61000764369965,308.61000764369965,308.8640076518059,308.8640076518059,308.8640076518059,312.9280077815056,319.2780079841614,330.7080083489418,355.60000890493393,370.84000939130783,370.84000939130783,371.09400939941406,371.09400939941406,371.09400939941406,379.98400938510895,379.98400938510895,379.98400938510895,379.98400938510895,382.52400946617126,396.2400095462799,401.3200096487999,416.3060100078583,420.370010137558,431.5460103750229,431.5460103750229,431.5460103750229,431.5460103750229,431.5460103750229,431.5460103750229,431.5460103750229,431.5460103750229,431.5460103750229,431.5460103750229,435.1020104289055,435.1020104289055,435.1020104289055,435.1020104289055,435.1020104289055,435.1020104289055,435.1020104289055,435.1020104289055,435.1020104289055,435.1020104289055,435.1020104289055,435.1020104289055,466.59801083803177,467.10601085424423,467.6140108704567,476.2500111460686,476.2500111460686,476.2500111460686,492.7600114941597,522.9860122799873,522.9860122799873,522.9860122799873,522.9860122799873,533.4000126123428,541.528012752533,541.7820127606392,542.0360127687454,549.910012960434
2022-04-05 05:00:00,Baja,6.23758729674327,-75.51106781083,Media,Caida de rocas,Medellín,Corregimiento 90 Santa Elena,Media Luna,42.0,1,38.862001061439514,50.8000009059906,50.8000009059906,56.3880010843277,78.99400180578232,84.07400196790695,99.82200229167938,106.4260025024414,112.52200269699097,127.00000303983688,127.76200306415558,129.79400312900543,130.04800313711166,134.87400329113007,139.192003428936,139.44600343704224,139.70000344514847,140.20800346136093,140.46200346946716,161.03600358963013,161.29000359773636,172.72000396251678,172.72000396251678,182.6260040998459,193.04000437259674,193.04000437259674,197.10400450229645,197.10400450229645,197.10400450229645,214.37600511312485,245.61800509691238,252.47600507736206,253.74600511789322,255.01600515842438,266.70000553131104,282.44800597429276,321.0560067296028,321.0560067296028,323.3420068025589,323.3420068025589,323.59600681066513,328.42200684547424,335.2800070643425,355.09200751781464,374.90400809049606,384.55600839853287,384.55600839853287,384.55600839853287,384.55600839853287,386.3340084552765,386.84200847148895,386.84200847148895,386.84200847148895,389.89000844955444,397.2560085058212,406.65400874614716,408.94000881910324,417.32200878858566,417.5760087966919,430.0220090150833,430.0220090150833,430.0220090150833,430.0220090150833,430.0220090150833,430.0220090150833,430.0220090150833,430.0220090150833,430.0220090150833,430.0220090150833,430.27600902318954,430.27600902318954,430.5300090312958,440.43600928783417,440.43600928783417,440.43600928783417,440.43600928783417,440.6900092959404,441.19800931215286,441.19800931215286,441.19800931215286,441.4520093202591,449.07200956344604,472.1860097050667,487.42601013183594,489.712010204792,489.712010204792,501.9040102958679,505.7140104174614,557.0220119953156,557.0220119953156,557.0220119953156,557.0220119953156,565.4040122032166,572.2620123028755,572.770012319088,572.770012319088,595.1220121383667
2022-04-05 14:48:00,Baja,6.27742335519463,-75.6090888797017,Media,Deslizamiento,Medellín,Comuna 7 Robledo,Santa Margarita,456.0,1,45.212001740932465,52.578001856803894,52.832001864910126,53.08600187301636,63.75400221347809,75.9460021853447,84.83600223064423,124.20600402355194,124.46000403165817,167.6400048136711,172.21200495958328,172.97400498390198,172.97400498390198,183.8960047364235,184.6580047607422,196.5960050225258,197.35800504684448,198.12000507116318,208.02600520849228,230.12400513887405,230.12400513887405,235.2040053009987,235.2040053009987,235.2040053009987,242.0620055794716,242.0620055794716,242.0620055794716,242.0620055794716,242.0620055794716,242.82400560379028,263.39800626039505,306.0700067281723,307.08600676059723,307.08600676059723,328.1680071949959,332.74000734090805,361.1880084872246,361.1880084872246,361.1880084872246,361.1880084872246,361.1880084872246,370.0780084133148,377.44400864839554,377.69800865650177,403.86000895500183,405.3840090036392,408.17800909280777,408.17800909280777,408.17800909280777,413.0040093064308,453.89800959825516,453.89800959825516,453.89800959825516,453.89800959825516,454.1520096063614,455.42200964689255,458.2160097360611,461.5180098414421,471.9320101737976,487.93401032686234,487.93401032686234,487.93401032686234,487.93401032686234,487.93401032686234,487.93401032686234,487.93401032686234,487.93401032686234,490.72801035642624,490.72801035642624,498.34801042079926,498.34801042079926,498.34801042079926,498.34801042079926,498.34801042079926,498.34801042079926,498.34801042079926,498.34801042079926,498.6020104289055,498.8560104370117,498.8560104370117,498.8560104370117,512.3180106878281,512.3180106878281,512.3180106878281,519.1760108470917,519.1760108470917,521.2080109119415,522.2240109443665,557.2760119438171,557.7840119600296,557.7840119600296,557.7840119600296,558.0380119681358,559.8160120248795,560.0700120329857,561.3400120735168,562.8640121221542
2022-04-05 16:30:00,Baja,6.264529,-75.612807,Media,Deslizamiento,Medellín,Comuna 13 San Javier,Juan XXIII La Quiebra,456.0,1,45.212001740932465,52.578001856803894,52.832001864910126,53.08600187301636,61.722002148628235,75.9460021853447,80.26400232315063,122.42800396680832,124.46000403165817,161.03600478172302,170.6880049109459,172.97400498390198,172.97400498390198,173.9900050163269,184.6580047607422,195.8340049982071,197.35800504684448,198.12000507116318,202.43800514936447,229.6160051226616,230.12400513887405,235.2040053009987,235.2040053009987,235.2040053009987,242.0620055794716,242.0620055794716,242.0620055794716,242.0620055794716,242.0620055794716,242.0620055794716,261.3660061955452,306.0700067281723,307.08600676059723,307.08600676059723,328.1680071949959,331.21600729227066,360.93400847911835,361.1880084872246,361.1880084872246,361.1880084872246,361.1880084872246,370.0780084133148,377.44400864839554,377.44400864839554,403.86000895500183,404.11400896310806,408.17800909280777,408.17800909280777,408.17800909280777,411.2260092496872,424.9420095086098,453.89800959825516,453.89800959825516,453.89800959825516,454.1520096063614,455.1680096387863,458.2160097360611,459.7400097846985,471.9320101737976,477.01201033592224,487.93401032686234,487.93401032686234,487.93401032686234,487.93401032686234,487.93401032686234,487.93401032686234,487.93401032686234,487.93401032686234,490.72801035642624,495.04601043462753,498.34801042079926,498.34801042079926,498.34801042079926,498.34801042079926,498.34801042079926,498.34801042079926,498.34801042079926,498.6020104289055,498.8560104370117,498.8560104370117,498.8560104370117,512.3180106878281,512.3180106878281,512.3180106878281,519.1760108470917,519.1760108470917,521.2080109119415,521.716010928154,543.3060116171837,557.7840119600296,557.7840119600296,557.7840119600296,558.0380119681358,559.8160120248795,560.0700120329857,560.3240120410919,561.5940120816231
2022-04-05 16:30:00,Baja,6.27964573600002,-75.613175876,Media,Deslizamiento,Medellín,Corregimiento 60 San Cristóbal,Área de Expansión Pajarito,456.0,1,45.212001740932465,52.578001856803894,52.832001864910126,53.08600187301636,61.722002148628235,75.9460021853447,80.26400232315063,122.42800396680832,124.46000403165817,161.03600478172302,170.6880049109459,172.97400498390198,172.97400498390198,173.9900050163269,184.6580047607422,195.8340049982071,197.35800504684448,198.12000507116318,202.43800514936447,229.6160051226616,230.12400513887405,235.2040053009987,235.2040053009987,235.2040053009987,242.0620055794716,242.0620055794716,242.0620055794716,242.0620055794716,242.0620055794716,242.0620055794716,261.3660061955452,306.0700067281723,307.08600676059723,307.08600676059723,328.1680071949959,331.21600729227066,360.93400847911835,361.1880084872246,361.1880084872246,361.1880084872246,361.1880084872246,370.0780084133148,377.44400864839554,377.44400864839554,403.86000895500183,404.11400896310806,408.17800909280777,408.17800909280777,408.17800909280777,411.2260092496872,424.9420095086098,453.89800959825516,453.89800959825516,453.89800959825516,454.1520096063614,455.1680096387863,458.2160097360611,459.7400097846985,471.9320101737976,477.01201033592224,487.93401032686234,487.93401032686234,487.93401032686234,487.93401032686234,487.93401032686234,487.93401032686234,487.93401032686234,487.93401032686234,490.72801035642624,495.04601043462753,498.34801042079926,498.34801042079926,498.34801042079926,498.34801042079926,498.34801042079926,498.34801042079926,498.34801042079926,498.6020104289055,498.8560104370117,498.8560104370117,498.8560104370117,512.3180106878281,512.3180106878281,512.3180106878281,519.1760108470917,519.1760108470917,521.2080109119415,521.716010928154,543.3060116171837,557.7840119600296,557.7840119600296,557.7840119600296,558.0380119681358,559.8160120248795,560.0700120329857,560.3240120410919,561.5940120816231
2022-04-07 01:15:00,Baja,6.29639992259483,-75.5972123196317,Media,Deslizamiento,Medellín,Corregimiento 60 San Cristóbal,El Picacho,48.0,1,52.070000767707825,71.12000125646591,80.77200132608414,112.52200174331665,112.52200174331665,118.11000192165375,134.8740022778511,137.66800236701965,152.14600276947021,157.48000293970108,182.11800330877304,186.18200343847275,195.07200360298157,195.3260036110878,195.83400362730026,203.7080036997795,204.21600371599197,243.84000492095947,243.84000492095947,245.87200498580933,248.1580050587654,297.9420064687729,297.9420064687729,304.2920066714287,304.2920066714287,304.2920066714287,311.9120067358017,311.9120067358017,311.9120067358017,311.9120067358017,311.9120067358017,339.5980072617531,388.36600798368454,393.954008102417,394.2080081105232,417.8300082683563,422.4020084142685,439.420008957386,444.2460091114044,444.2460091114044,444.2460091114044,444.2460091114044,444.2460091114044,451.1040093302727,456.946009516716,459.74000960588455,478.02800965309143,485.39400988817215,485.39400988817215,485.39400988817215,485.39400988817215,485.39400988817215,518.4140110015869,518.4140110015869,518.4140110015869,518.4140110015869,518.4140110015869,526.0340112447739,529.3360113501549,530.606011390686,538.7340116500854,553.2120116949081,553.2120116949081,553.2120116949081,553.2120116949081,553.2120116949081,553.2120116949081,553.2120116949081,553.2120116949081,553.2120116949081,553.2120116949081,563.3720119595528,563.3720119595528,563.3720119595528,563.3720119595528,563.3720119595528,563.3720119595528,563.3720119595528,563.3720119595528,563.3720119595528,563.3720119595528,563.3720119595528,563.3720119595528,592.0740125775337,592.0740125775337,592.8360126018524,604.7740125060081,607.0600125193596,608.0760125517845,619.5060127973557,655.8280137181282,655.8280137181282,655.8280137181282,655.8280137181282,659.6380138397217,659.8920138478279,660.1460138559341
2022-04-07 03:00:00,Baja,6.27010538518242,-75.6238737538952,Media,Deslizamiento,Medellín,Corregimiento 60 San Cristóbal,La Loma,27.0,1,46.48200112581253,61.21400147676468,96.77400189638138,97.02800190448761,97.02800190448761,97.28200191259384,97.28200191259384,97.28200191259384,135.1280039548874,169.418004155159,177.54600435495377,216.9160048365593,218.69400489330292,219.4560049176216,220.72600495815277,232.91800546646118,232.91800546646118,242.82400560379028,244.09400564432144,244.85600566864014,262.89000618457794,284.4800066947937,285.75000673532486,291.8460069298744,291.8460069298744,292.10000693798065,295.9100069999695,295.9100069999695,295.9100069999695,295.9100069999695,295.9100069999695,324.10400772094727,351.2820082306862,363.474008500576,363.9820085167885,370.07800871133804,379.9840089082718,405.3840094804764,415.03600972890854,415.03600972890854,415.29000973701477,415.29000973701477,415.29000973701477,423.6720097064972,443.4840101003647,443.7380101084709,444.75401014089584,449.326010286808,450.0880103111267,450.0880103111267,450.0880103111267,458.47001028060913,470.15401017665863,470.15401017665863,470.15401017665863,470.15401017665863,470.15401017665863,471.93201023340225,474.47201031446457,478.28201043605804,485.1400106549263,489.45801079273224,489.45801079273224,489.45801079273224,489.45801079273224,489.45801079273224,489.45801079273224,489.45801079273224,489.45801079273224,489.71201080083847,489.71201080083847,509.5240110754967,509.5240110754967,509.5240110754967,509.5240110754967,509.5240110754967,509.5240110754967,509.5240110754967,509.5240110754967,509.5240110754967,509.5240110754967,509.5240110754967,509.5240110754967,520.1920114159584,520.1920114159584,521.4620114564896,522.7320114970207,522.7320114970207,523.7480115294456,527.5580116510391,545.0840122103691,545.0840122103691,545.0840122103691,545.0840122103691,552.7040124535561,552.7040124535561,553.2120124697685
2022-04-07 03:00:00,Baja,6.35791,-75.696018,Media,Deslizamiento,Medellín,Corregimiento 50 San Sebastián de Palmitas,Potrera Miserenga,320.0,1,44.45000106096268,53.848001420497894,66.80200177431107,141.98600429296494,141.98600429296494,146.5580044388771,213.10600554943085,214.88400560617447,260.60400664806366,312.67400735616684,321.3100075721741,354.58400827646255,358.39400839805603,372.11000925302505,372.6180092692375,394.2080094218254,399.0340095758438,405.63800978660583,405.89200979471207,405.89200979471207,422.91001003980637,432.30801033973694,432.56201034784317,447.04001051187515,447.04001051187515,447.04001051187515,448.3100105524063,448.3100105524063,448.3100105524063,454.4060106873512,454.4060106873512,495.5540116429329,536.9560127258301,562.102013707161,565.6580138802528,576.5800140500069,589.0260143280029,610.3620151281357,618.9980154037476,618.9980154037476,618.9980154037476,618.9980154037476,620.2680154442787,622.0460155010223,623.5700155496597,623.5700155496597,623.5700155496597,671.5760163068771,684.2760164737701,684.2760164737701,684.2760164737701,696.468016564846,700.5320166945457,700.5320166945457,700.5320166945457,701.2940167188644,701.5480167269707,708.9140168428421,726.9480172991753,726.9480172991753,740.6640175580978,742.6960176229477,742.6960176229477,742.6960176229477,742.6960176229477,742.6960176229477,742.6960176229477,742.6960176229477,742.6960176229477,742.6960176229477,742.6960176229477,743.2040176391602,743.2040176391602,743.2040176391602,743.4580176472664,743.4580176472664,743.4580176472664,743.4580176472664,743.4580176472664,743.4580176472664,743.4580176472664,743.4580176472664,743.4580176472664,744.2200176715851,744.2200176715851,745.4900177121162,747.2680177688599,747.2680177688599,753.618017911911,761.7460181713104,776.7320185899734,776.7320185899734,776.7320185899734,776.7320185899734,839.9780196547508,854.9640202522278,855.4720202684402
2022-04-07 03:00:00,Baja,6.330282,-75.696183,Media,Deslizamiento,Medellín,Corregimiento 50 San Sebastián de Palmitas,La Frisola,4.0,1,33.78200078010559,66.04000091552734,78.74000120162964,103.63200116157532,103.63200116157532,106.93400126695633,152.14600217342377,160.52800220251083,202.69200319051743,241.3000044822693,247.65000468492508,265.4300048351288,269.49400490522385,277.11400508880615,277.6220051050186,289.30600541830063,295.9100053906441,314.4520056247711,316.484005689621,316.484005689621,335.2800061106682,352.0440065264702,352.0440065264702,362.4580067396164,362.4580067396164,362.4580067396164,367.2840067744255,367.79200679063797,367.79200679063797,376.1740067601204,376.9360067844391,419.86200726032257,463.8040083050728,477.7740085721016,480.3140086531639,487.17200887203217,504.1900092959404,524.5100098848343,535.1780103445053,535.1780103445053,535.1780103445053,535.1780103445053,539.7500103712082,542.0360104441643,544.8300105333328,545.3380105495453,547.1160106062889,574.2940112352371,583.1840112805367,583.1840112805367,583.1840112805367,591.8200114369392,600.7100120186806,601.7260120511055,601.7260120511055,601.9800120592117,601.9800120592117,604.2660121321678,616.2040123343468,616.2040123343468,645.1600133180618,665.7340134382248,665.7340134382248,665.7340134382248,665.7340134382248,665.7340134382248,665.7340134382248,665.7340134382248,665.7340134382248,665.7340134382248,665.7340134382248,669.0360135436058,669.0360135436058,669.0360135436058,674.3700135946274,674.3700135946274,674.3700135946274,674.3700135946274,674.3700135946274,674.3700135946274,674.3700135946274,674.3700135946274,674.3700135946274,675.8940136432648,675.8940136432648,678.4340137243271,680.7200137972832,680.7200137972832,688.08601385355,695.4520140886307,710.9460144639015,710.9460144639015,710.9460144639015,710.9460144639015,761.2380153536797,772.9220157265663,773.1760157346725
2022-04-07 09:00:00,Baja,6.17262809504016,-75.6515001339844,Media,Deslizamiento,Medellín,Corregimiento 80 San Antonio de Prado,Área de Expansión San Antonio de Prado,36.0,1,32.258000791072845,33.528000831604004,67.81800162792206,87.37600195407867,87.37600195407867,87.88400197029114,103.12400245666504,104.3940024971962,133.8580030798912,146.05000346899033,148.08200353384018,174.24400407075882,174.49800407886505,179.0700040459633,179.0700040459633,183.64200407266617,198.12000435590744,214.37600511312485,225.29800540208817,227.58400547504425,245.36400544643402,252.22200566530228,265.4300059080124,286.25800585746765,286.25800585746765,286.25800585746765,314.19800621271133,314.19800621271133,314.19800621271133,314.19800621271133,314.96000623703003,335.5340068936348,348.74200731515884,379.47600811719894,391.66800850629807,391.9220085144043,422.9100091457367,422.9100091457367,437.89600962400436,438.1500096321106,441.70600974559784,441.70600974559784,448.056009888649,462.2800098657608,463.55000990629196,466.3440099954605,491.49001014232635,513.0800104737282,549.9100108146667,549.9100108146667,549.9100108146667,552.1960108876228,558.292011320591,563.8800114393234,563.8800114393234,563.8800114393234,565.4040114879608,572.5160116553307,577.3420118093491,590.5500122308731,598.9320125579834,614.9340128898621,622.8080132007599,622.8080132007599,622.8080132007599,622.8080132007599,622.8080132007599,622.8080132007599,624.078013241291,624.078013241291,624.078013241291,624.078013241291,624.078013241291,624.078013241291,624.078013241291,624.078013241291,624.078013241291,624.078013241291,624.078013241291,624.078013241291,626.3640133142471,626.3640133142471,626.3640133142471,637.2860135436058,637.2860135436058,640.0800136327744,645.160013794899,645.6680138111115,652.2720138430595,654.3040139079094,686.0540143847466,688.3400144577026,688.3400144577026,688.3400144577026,700.7860144972801,709.9300147891045,711.4540148377419
2022-04-07 15:00:00,Baja,6.32291008483751,-75.6918888280108,Media,Complejo,Medellín,Corregimiento 50 San Sebastián de Palmitas,La Frisola,4.0,1,35.05200082063675,65.02400088310242,80.0100012421608,104.39400118589401,104.90200120210648,105.9180012345314,135.89000195264816,154.43200224637985,181.61000263690948,231.3940041065216,243.33200454711914,266.1920048594475,270.25600492954254,278.3840051293373,278.3840051293373,290.5760054588318,297.18000543117523,315.7220056653023,317.75400573015213,317.75400573015213,336.55000615119934,352.8060065507889,353.31400656700134,363.2200067639351,363.72800678014755,363.72800678014755,368.55400681495667,369.0620068311691,369.0620068311691,377.44400680065155,377.44400680065155,381.254006922245,451.8660079240799,476.50400853157043,481.58400869369507,481.58400869369507,503.93600928783417,514.3500096797943,536.4480103850365,536.4480103850365,536.4480103850365,536.4480103850365,541.0200104117393,543.3060104846954,546.100010573864,546.100010573864,548.3860106468201,555.4980108737946,584.4540113210678,584.4540113210678,584.4540113210678,590.2960114479065,601.9800120592117,602.9960120916367,602.9960120916367,603.2500120997429,603.2500120997429,604.7740121483803,616.7120123505592,617.4740123748779,643.128013253212,667.004013478756,667.004013478756,667.004013478756,667.004013478756,667.004013478756,667.004013478756,667.004013478756,667.004013478756,667.004013478756,667.004013478756,670.306013584137,670.306013584137,670.306013584137,675.6400136351585,675.6400136351585,675.6400136351585,675.6400136351585,675.6400136351585,675.6400136351585,675.6400136351585,675.6400136351585,675.6400136351585,677.1640136837959,677.1640136837959,679.7040137648582,681.7360138297081,681.9900138378143,686.0540138483047,693.4200140237808,710.1840144395828,712.2160145044327,712.2160145044327,712.2160145044327,725.6780145168304,774.1920157670975,774.4460157752037
2022-04-07 19:00:00,Baja,6.27308882058376,-75.5395398304488,Media,Deslizamiento,Medellín,Comuna 3 Manrique,La Cruz,16.0,1,32.25800043344498,39.370000660419464,68.83400130271912,82.55000150203705,82.80400151014328,83.56600153446198,98.29800200462341,115.06200242042542,121.15800261497498,134.1120030283928,134.36600303649902,169.16400402784348,181.10200417041779,197.8660044670105,197.8660044670105,201.67600458860397,206.7560047507286,211.58200484514236,233.9340050816536,235.96600514650345,241.30000525712967,258.5720057487488,273.0500058531761,288.2900064587593,288.79800647497177,288.79800647497177,301.49800676107407,301.49800676107407,301.49800676107407,301.49800676107407,301.49800676107407,301.49800676107407,312.9280071258545,332.7400076985359,335.026007771492,335.026007771492,364.7440089583397,372.1100091934204,377.6980093717575,381.2540094256401,382.27000945806503,382.27000945806503,382.27000945806503,383.5400094985962,384.04800951480865,390.9060097336769,401.06600987911224,402.08200991153717,409.44801008701324,409.44801008701324,409.44801008701324,409.44801008701324,410.46401011943817,411.4800101518631,411.4800101518631,411.4800101518631,411.4800101518631,411.4800101518631,414.7820102572441,416.56001031398773,436.372011244297,444.24601143598557,448.05601155757904,448.05601155757904,448.05601155757904,448.05601155757904,448.05601155757904,448.05601155757904,448.05601155757904,448.05601155757904,448.05601155757904,449.3260115981102,449.58001160621643,449.58001160621643,449.58001160621643,449.58001160621643,449.58001160621643,449.58001160621643,449.58001160621643,449.58001160621643,450.0880116224289,450.0880116224289,450.0880116224289,461.2640119791031,463.0420120358467,463.8040120601654,469.3920122385025,469.3920122385025,469.3920122385025,471.1700122952461,505.46001321077347,513.5880134701729,513.5880134701729,513.5880134701729,513.5880134701729,527.0500137805939,531.3680138587952
2022-05-04 23:00:00,Baja,6.22423439627319,-75.6721041031613,Media,Deslizamiento,Medellín,Corregimiento 80 San Antonio de Prado,El Astillero,18.0,1,76.70800143480301,76.96200144290924,77.4700014591217,77.4700014591217,86.86800122261047,87.8840012550354,98.55200159549713,104.14000177383423,104.14000177383423,111.76000201702118,119.38000226020813,130.30200242996216,141.9860025048256,149.60600274801254,187.19800382852554,196.85000413656235,207.01000440120697,212.59800446033478,213.10600447654724,213.10600447654724,213.10600447654724,213.10600447654724,213.86800450086594,216.40800440311432,216.40800440311432,216.91600441932678,266.19200509786606,281.43200558423996,310.3880063891411,352.29800695180893,371.6020073890686,420.11600798368454,420.624007999897,433.3240084052086,444.5000087618828,453.13600903749466,483.1080096960068,513.0800103545189,542.5440112352371,543.3060112595558,544.0680112838745,559.3080117106438,559.56201171875,581.9140120148659,583.9460120797157,603.5040126442909,604.7740126848221,605.2820127010345,627.8880134820938,650.2400131225586,652.7800132036209,660.6540134549141,660.6540134549141,665.4800136089325,665.4800136089325,665.4800136089325,665.4800136089325,665.4800136089325,679.7040138840675,715.2640151381493,780.5420168042183,781.5580168366432,822.4520173668861,851.4080174565315,855.218017578125,869.1880179643631,873.5060179233551,873.7600179314613,873.7600179314613,873.7600179314613,874.7760179638863,888.4920181632042,903.9860185980797,908.0500187277794,910.5900188088417,915.9240189790726,942.3400193452835,942.3400193452835,942.5940193533897,947.9280195832253,957.5800195932388,957.8340196013451,957.8340196013451,960.6280196905136,962.152019739151,970.2800197601318,977.6460199356079,980.4400200247765,1004.8240204453468,1025.1440204381943,1047.2420210242271,1047.2420210242271,1047.2420210242271,1047.4960210323334,1047.4960210323334,1047.4960210323334,1047.4960210323334
2022-05-05 22:30:00,Baja,6.1911895738299,-75.6629666589807,Media,Flujo,Medellín,Corregimiento 80 San Antonio de Prado,Potrerito,418.0,1,81.02600312232971,86.36000323295593,86.36000323295593,86.36000323295593,86.36000323295593,90.42400324344635,90.42400324344635,103.12400364875793,119.38000392913818,119.63400393724442,124.46000409126282,130.30200415849686,135.63600432872772,146.55800449848175,153.92400473356247,167.89400523900986,167.89400523900986,167.89400523900986,167.89400523900986,167.89400523900986,167.89400523900986,167.89400523900986,167.89400523900986,167.89400523900986,167.89400523900986,167.89400523900986,167.89400523900986,167.89400523900986,167.89400523900986,167.89400523900986,167.89400523900986,167.89400523900986,167.89400523900986,167.89400523900986,167.89400523900986,167.89400523900986,167.89400523900986,167.89400523900986,167.89400523900986,167.89400523900986,167.89400523900986,168.1480052471161,173.2280052304268,173.48200523853302,186.18200546503067,188.97600555419922,208.5340058207512,210.05800586938858,210.56600588560104,228.34600627422333,233.93400645256042,238.76000654697418,238.76000654697418,238.76000654697418,238.76000654697418,238.76000654697418,238.76000654697418,238.76000654697418,238.76000654697418,238.76000654697418,238.76000654697418,238.76000654697418,238.76000654697418,238.76000654697418,257.8100067973137,261.36600691080093,277.6220073699951,278.3840073943138,280.6700074672699,281.94000750780106,281.94000750780106,285.4960076212883,299.2120079398155,301.2440080046654,304.8000081181526,306.0700081586838,312.42000836133957,337.566008746624,337.566008746624,338.5820087790489,339.3440088033676,343.9160089492798,345.94800901412964,345.94800901412964,349.25000911951065,350.77400916814804,366.26800948381424,374.6500097513199,378.46000987291336,404.87601017951965,415.7980105280876,435.86401069164276,435.86401069164276,435.86401069164276,435.86401069164276,435.86401069164276,435.86401069164276
2022-05-06 01:00:00,Baja,6.19680902599998,-75.679782228,Media,Deslizamiento,Medellín,Corregimiento 80 San Antonio de Prado,Yarumalito,43.0,1,54.35600173473358,112.77600336074829,112.77600336074829,113.03000336885452,113.03000336885452,117.85600358247757,118.1100035905838,126.49200385808945,127.7620038986206,131.8260040283203,136.39800417423248,163.06800478696823,181.10200560092926,184.40400570631027,194.05600601434708,199.1360061764717,206.75600641965866,219.7100067138672,225.2980066537857,229.8700066804886,229.8700066804886,229.8700066804886,230.12400668859482,235.71200668811798,241.3000067472458,241.3000067472458,246.8880066871643,271.78000754117966,285.49600797891617,299.9740084409714,331.9780088663101,345.4400089979172,387.8580104112625,388.11201041936874,394.970010638237,411.4800109863281,415.2900111079216,439.1660115122795,465.83601212501526,493.2680126428604,494.0300126671791,494.7920126914978,503.42801290750504,507.7460131049156,518.4140132069588,528.5740132331848,532.8920132517815,545.8460132479668,547.8780133128166,561.0860137939453,583.1840142607689,594.1060149669647,600.7100151777267,600.7100151777267,601.4720152020454,603.2500152587891,603.2500152587891,603.2500152587891,603.2500152587891,627.3800154328346,660.1460164189339,688.8480169177055,697.2300170063972,750.3160176277161,770.3820180892944,772.4140181541443,784.6060184836388,790.1940186023712,790.1940186023712,790.1940186023712,790.1940186023712,791.7180186510086,809.4980191588402,812.0380192399025,816.6100193858147,817.8800194263458,826.7700197100639,854.7100206017494,854.7100206017494,854.7100206017494,863.8540205955505,866.6480206847191,868.6800207495689,868.6800207495689,869.4420207738876,871.2200208306313,878.8400211334229,889.2540214657784,893.0640215873718,917.1940221786499,932.68802267313,970.0260241627693,970.0260241627693,970.0260241627693,970.0260241627693,970.0260241627693,970.0260241627693
2022-05-07 05:00:00,Baja,6.23259954000002,-75.56405125,Media,Deslizamiento,Medellín,Comuna 9 Buenos Aires,Asomadera No.1,46.0,1,35.56000059843063,53.59400099515915,58.42000114917755,58.42000114917755,58.42000114917755,58.67400115728378,59.69000118970871,59.69000118970871,61.976001262664795,81.5340017080307,92.96400189399719,93.21800190210342,96.52000200748444,99.82200211286545,106.93400233983994,130.30200272798538,150.62200337648392,153.41600346565247,159.76600366830826,181.86400365829468,192.0240039229393,192.0240039229393,192.0240039229393,192.0240039229393,192.0240039229393,192.0240039229393,192.0240039229393,199.1360040307045,201.16800409555435,204.7240042090416,249.68200492858887,252.98400503396988,280.162005841732,280.162005841732,280.162005841732,289.0520061850548,311.91200679540634,317.7540068626404,330.7080072760582,340.61400759220123,346.71000772714615,376.6820084452629,379.47600853443146,379.47600853443146,379.7300085425377,385.572008728981,398.27200877666473,415.7980096936226,418.59200978279114,420.624009847641,421.13200986385345,453.6440097093582,454.9140097498894,464.0580100417137,464.0580100417137,464.0580100417137,481.838010430336,481.838010430336,481.838010430336,481.838010430336,481.838010430336,492.2520107626915,517.9060114622116,535.1780115365982,537.2100115418434,539.4960116147995,556.006011903286,566.6740122437477,587.7560126781464,587.7560126781464,587.7560126781464,587.7560126781464,587.7560126781464,597.6620128750801,614.426013469696,614.426013469696,637.5400138497353,649.2240142226219,649.2240142226219,649.4780142307281,649.4780142307281,665.9880145788193,697.7380149960518,697.7380149960518,697.7380149960518,697.7380149960518,702.5640151500702,706.6280152797699,707.898015320301,715.0100154876709,716.2800155282021,740.1560160517693,740.1560160517693,740.1560160517693,740.1560160517693,740.1560160517693,740.1560160517693
2022-05-07 05:00:00,Baja,6.30365726899998,-75.544288733,Media,Deslizamiento,Medellín,Comuna 1 Popular,Popular,352.0,1,32.51200067996979,50.54600149393082,54.35600161552429,54.35600161552429,54.35600161552429,54.35600161552429,54.864001631736755,54.864001631736755,59.94400179386139,91.44000208377838,114.80800253152847,114.80800253152847,114.80800253152847,114.80800253152847,114.80800253152847,114.80800253152847,127.25400292873383,130.3020030260086,132.08000308275223,134.62000316381454,135.38200318813324,135.38200318813324,135.38200318813324,135.38200318813324,135.38200318813324,135.38200318813324,135.38200318813324,135.38200318813324,136.90600323677063,137.16000324487686,170.18000435829163,175.26000452041626,213.61400574445724,216.91600584983826,216.91600584983826,226.56800597906113,246.12600660324097,247.65000665187836,254.00000685453415,260.6040070652962,266.4460072517395,276.60600757598877,298.1960085630417,299.9740086197853,308.6100090146065,311.65800911188126,314.96000921726227,337.8200098872185,337.8200098872185,340.3600099682808,341.63001000881195,374.1420111656189,376.17401123046875,385.82601153850555,385.82601153850555,385.82601153850555,400.05001217126846,400.05001217126846,400.05001217126846,400.05001217126846,400.05001217126846,413.2580125927925,422.9100129008293,427.2280130982399,427.2280130982399,428.2440131306648,451.61201375722885,468.37601429224014,488.9500148296356,488.9500148296356,488.9500148296356,488.9500148296356,488.9500148296356,492.50601494312286,498.3480151295662,505.71401530504227,531.1140155792236,546.6080159544945,546.6080159544945,546.6080159544945,546.6080159544945,546.6080159544945,548.8940160274506,548.8940160274506,548.8940160274506,548.8940160274506,549.6560160517693,565.9120162725449,573.2780163288116,590.0420170426369,593.8520171642303,608.5840174555779,608.8380174636841,608.8380174636841,608.8380174636841,608.8380174636841,608.8380174636841
2022-05-07 14:00:00,Baja,6.22677549263292,-75.568386091652,Media,Otro,Medellín,Comuna 10 La Candelaria,San Diego,45.0,1,60.19800037145615,75.69200080633163,78.99400091171265,78.99400091171265,78.99400091171265,78.99400091171265,81.7880008816719,82.04200088977814,83.3120009303093,100.33000099658966,101.60000103712082,105.15600115060806,106.42600119113922,115.06200140714645,121.4120015501976,135.12800216674805,150.62200266122818,153.41600275039673,154.6860027909279,159.25800293684006,159.25800293684006,159.25800293684006,159.25800293684006,160.27400296926498,160.27400296926498,160.27400296926498,160.27400296926498,169.9260031580925,171.4500032067299,175.76800310611725,201.6760038137436,204.72400391101837,229.87000447511673,230.12400448322296,230.12400448322296,232.41000455617905,255.77800512313843,266.19200521707535,282.4480056166649,296.16400587558746,296.4180058836937,366.0140073299408,370.07800751924515,370.5860075354576,372.3640075325966,373.1260075569153,378.96800768375397,390.9060080051422,392.68400806188583,395.98600816726685,396.74800819158554,418.8460085988045,421.89400869607925,429.00600892305374,429.00600892305374,429.00600892305374,450.3420087695122,450.3420087695122,450.3420087695122,450.3420087695122,450.3420087695122,453.39000886678696,463.04200917482376,500.12601017951965,500.12601017951965,500.12601017951965,516.128010571003,524.5100108385086,541.2740113735199,541.2740113735199,541.2740113735199,541.2740113735199,541.2740113735199,547.8780113458633,565.1500118374825,567.6900119781494,600.7100126743317,605.790012717247,607.5680127739906,607.5680127739906,607.5680127739906,616.9660128355026,646.430013358593,646.430013358593,646.430013358593,646.430013358593,647.4460133910179,651.0020135045052,654.5580136179924,663.7020138502121,667.0040139555931,690.8800145983696,690.8800145983696,690.8800145983696,690.8800145983696,690.8800145983696,690.8800145983696
2022-05-07 15:30:00,Baja,6.22914366956255,-75.5601666377614,Media,Deslizamiento,Medellín,Comuna 9 Buenos Aires,Loreto,46.0,1,79.50200152397156,98.29800194501877,103.12400209903717,103.12400209903717,103.12400209903717,103.3780021071434,104.39400213956833,104.39400213956833,106.42600220441818,111.76000237464905,126.23800265789032,137.6680028438568,139.44600290060043,144.52600306272507,151.63800328969955,175.006003677845,193.04000425338745,198.12000441551208,198.88200443983078,210.5660046339035,226.82200461626053,236.72800487279892,236.72800487279892,236.72800487279892,236.72800487279892,236.72800487279892,236.72800487279892,243.58600497245789,245.11000502109528,249.42800515890121,294.3860058784485,296.1640059351921,324.86600679159164,324.86600679159164,324.86600679159164,326.8980068564415,347.9800075888634,358.3940078020096,371.60200810432434,384.3020085096359,385.31800854206085,413.2580091357231,421.3860093951225,424.1800094842911,424.1800094842911,428.75200963020325,433.57800978422165,460.5020106434822,463.29601073265076,465.0740107893944,465.58201080560684,497.3320106267929,499.618010699749,508.76201099157333,508.76201099157333,508.76201099157333,526.5420113801956,526.5420113801956,526.5420113801956,526.5420113801956,526.5420113801956,527.3040114045143,536.9560117125511,579.6280124783516,581.914012491703,581.914012491703,600.7100128531456,610.1080131530762,621.2840135097504,632.460013628006,632.460013628006,632.460013628006,632.460013628006,642.3660138249397,659.1300144195557,659.1300144195557,681.4820147752762,683.0060148239136,693.9280151724815,694.1820151805878,694.1820151805878,701.294015288353,738.3780158162117,742.4420159459114,742.4420159459114,742.4420159459114,742.4420159459114,748.7920161485672,752.3480162620544,757.9360163807869,760.9840164780617,781.0500168800354,784.8600170016289,784.8600170016289,784.8600170016289,784.8600170016289,784.8600170016289
2022-05-07 16:00:00,Baja,6.22969224266054,-75.5666823525571,Media,Deslizamiento,Medellín,Comuna 10 La Candelaria,San Diego,46.0,1,82.04200160503387,100.83800202608109,105.66400218009949,105.66400218009949,105.66400218009949,105.91800218820572,106.93400222063065,106.93400222063065,108.9660022854805,114.30000245571136,128.77800273895264,140.20800292491913,141.98600298166275,147.06600314378738,154.17800337076187,177.54600375890732,195.58000433444977,200.6600044965744,201.4220045208931,213.10600471496582,229.36200469732285,239.26800495386124,239.26800495386124,239.26800495386124,239.26800495386124,239.26800495386124,239.26800495386124,246.1260050535202,247.6500051021576,251.96800523996353,296.9260059595108,298.7040060162544,327.40600687265396,327.40600687265396,327.40600687265396,329.4380069375038,350.5200076699257,360.9340078830719,374.14200818538666,386.84200859069824,387.85800862312317,415.79800921678543,423.92600947618484,426.7200095653534,426.7200095653534,431.29200971126556,436.11800986528397,463.0420107245445,465.8360108137131,467.6140108704567,468.12201088666916,499.8720107078552,502.1580107808113,511.30201107263565,511.30201107263565,511.30201107263565,529.0820114612579,529.0820114612579,529.0820114612579,529.0820114612579,529.0820114612579,529.8440114855766,539.4960117936134,582.1680125594139,584.4540125727654,584.4540125727654,603.2500129342079,612.6480132341385,623.8240135908127,635.0000137090683,635.0000137090683,635.0000137090683,635.0000137090683,644.906013906002,661.670014500618,661.670014500618,684.0220148563385,685.5460149049759,696.4680152535439,696.7220152616501,696.7220152616501,703.8340153694153,740.918015897274,744.9820160269737,744.9820160269737,744.9820160269737,744.9820160269737,751.3320162296295,754.8880163431168,760.4760164618492,763.524016559124,783.5900169610977,787.4000170826912,787.4000170826912,787.4000170826912,787.4000170826912,787.4000170826912
2022-05-07 16:00:00,Baja,6.23174705000002,-75.562826023,Media,Deslizamiento,Medellín,Comuna 9 Buenos Aires,Asomadera No.1,46.0,1,82.04200160503387,100.83800202608109,105.66400218009949,105.66400218009949,105.66400218009949,105.91800218820572,106.93400222063065,106.93400222063065,108.9660022854805,114.30000245571136,128.77800273895264,140.20800292491913,141.98600298166275,147.06600314378738,154.17800337076187,177.54600375890732,195.58000433444977,200.6600044965744,201.4220045208931,213.10600471496582,229.36200469732285,239.26800495386124,239.26800495386124,239.26800495386124,239.26800495386124,239.26800495386124,239.26800495386124,246.1260050535202,247.6500051021576,251.96800523996353,296.9260059595108,298.7040060162544,327.40600687265396,327.40600687265396,327.40600687265396,329.4380069375038,350.5200076699257,360.9340078830719,374.14200818538666,386.84200859069824,387.85800862312317,415.79800921678543,423.92600947618484,426.7200095653534,426.7200095653534,431.29200971126556,436.11800986528397,463.0420107245445,465.8360108137131,467.6140108704567,468.12201088666916,499.8720107078552,502.1580107808113,511.30201107263565,511.30201107263565,511.30201107263565,529.0820114612579,529.0820114612579,529.0820114612579,529.0820114612579,529.0820114612579,529.8440114855766,539.4960117936134,582.1680125594139,584.4540125727654,584.4540125727654,603.2500129342079,612.6480132341385,623.8240135908127,635.0000137090683,635.0000137090683,635.0000137090683,635.0000137090683,644.906013906002,661.670014500618,661.670014500618,684.0220148563385,685.5460149049759,696.4680152535439,696.7220152616501,696.7220152616501,703.8340153694153,740.918015897274,744.9820160269737,744.9820160269737,744.9820160269737,744.9820160269737,751.3320162296295,754.8880163431168,760.4760164618492,763.524016559124,783.5900169610977,787.4000170826912,787.4000170826912,787.4000170826912,787.4000170826912,787.4000170826912
2022-05-07 17:00:00,Baja,6.23044051599999,-75.567961074,Media,Deslizamiento,Medellín,Comuna 10 La Candelaria,San Diego,45.0,1,64.51600050926208,82.29600101709366,85.59800112247467,85.59800112247467,85.59800112247467,85.59800112247467,88.39200109243393,88.64600110054016,89.91600114107132,93.47200125455856,107.18800121545792,111.76000136137009,113.03000140190125,121.66600161790848,128.01600176095963,141.73200237751007,155.7020028233528,160.02000296115875,160.78200298547745,162.0520030260086,165.86200314760208,165.86200314760208,165.86200314760208,166.878003180027,166.878003180027,166.878003180027,166.878003180027,176.53000336885452,178.0540034174919,182.37200331687927,208.28000402450562,211.3280041217804,236.47400468587875,236.72800469398499,236.72800469398499,237.49000471830368,249.6820051074028,263.14400535821915,279.6540056467056,295.91000604629517,302.7680060863495,353.3140068054199,372.6180075407028,377.19000774621964,377.19000774621964,379.7300077676773,383.794007897377,393.1920080780983,399.28800827264786,401.3200083374977,403.09800839424133,422.1480087041855,425.4500088095665,435.61000913381577,435.61000913381577,435.61000913381577,456.9460089802742,456.9460089802742,456.9460089802742,456.9460089802742,456.9460089802742,457.45400899648666,469.1380093693733,506.7300103902817,506.7300103902817,506.7300103902817,522.732010781765,530.0980110168457,544.5760114789009,547.8780115842819,547.8780115842819,547.8780115842819,547.8780115842819,554.4820115566254,564.1340116858482,574.2940121889114,588.5180130004883,607.3140128850937,614.1720129847527,614.1720129847527,614.1720129847527,614.1720129847527,624.8400130867958,653.034013569355,653.034013569355,653.034013569355,653.034013569355,655.0660136342049,661.1620138287544,664.4640138745308,673.6080141663551,684.5300144553185,697.4840148091316,697.4840148091316,697.4840148091316,697.4840148091316,697.4840148091316
2022-05-10 17:00:00,Baja,6.248114859,-75.499618177,Media,Deslizamiento,Medellín,Corregimiento 90 Santa Elena,Mazo,42.0,1,42.926000475883484,43.180000483989716,46.228000581264496,82.04200148582458,110.74400192499161,115.31600207090378,115.31600207090378,115.31600207090378,115.82400208711624,119.63400220870972,119.63400220870972,124.46000236272812,135.3820023536682,142.74800258874893,142.74800258874893,142.74800258874893,153.16200292110443,161.29000306129456,186.18200302124023,198.6280032992363,214.88400369882584,215.3920037150383,218.18600380420685,223.0120038986206,237.23600435256958,237.23600435256958,237.23600435256958,237.23600435256958,237.23600435256958,237.23600435256958,245.8720046877861,248.1580047607422,258.3180050253868,284.98800575733185,286.0040057897568,325.37400686740875,325.37400686740875,337.31200671195984,339.85200679302216,362.712007522583,367.03000766038895,376.68200796842575,392.93800830841064,393.70000833272934,413.5120088458061,413.5120088458061,416.30600893497467,416.5600089430809,420.11600905656815,425.70400923490524,425.9580092430115,426.2120092511177,426.72000926733017,426.72000926733017,447.54800939559937,447.8020094037056,459.232009768486,459.232009768486,469.1380099058151,478.2820101380348,479.552010178566,483.6160103082657,483.6160103082657,483.6160103082657,483.6160103082657,501.1420109272003,538.7340108752251,539.4960108995438,540.2580109238625,553.2120113372803,562.6100116372108,576.580012023449,607.568012535572,609.8540126085281,609.8540126085281,610.1080126166344,614.9340126514435,621.7920128703117,626.1100130081177,649.2240135669708,661.4160138964653,671.0680142045021,671.0680142045021,671.0680142045021,671.0680142045021,673.3540142774582,673.3540142774582,673.3540142774582,673.3540142774582,676.4020142555237,684.0220143198967,695.1980146169662,696.7220146656036,704.0880146026611,715.7720147967339,716.5340148210526,716.5340148210526
2022-05-12 05:00:00,Baja,6.18188246127512,-75.6508853564801,Media,Deslizamiento,Medellín,Corregimiento 80 San Antonio de Prado,San Antonio de Prado,2.0,1,43.43400090932846,55.11800116300583,96.77400213479996,96.77400213479996,119.63400238752365,142.74800300598145,187.45200324058533,196.8500034213066,196.8500034213066,196.8500034213066,199.39000350236893,205.9940036535263,205.9940036535263,207.01000368595123,226.06000393629074,232.6640039086342,233.17200392484665,235.71200400590897,237.23600405454636,242.57000428438187,246.8880044221878,272.79600447416306,284.2260048389435,304.8000050187111,339.59800493717194,339.59800493717194,339.59800493717194,339.59800493717194,340.61400496959686,340.61400496959686,340.61400496959686,340.61400496959686,341.1220049858093,345.18600511550903,347.9800052046776,373.63400596380234,378.20600605010986,416.0520068407059,456.18400728702545,456.18400728702545,457.4540073275566,483.8700079321861,486.41000801324844,508.25400841236115,618.7440102100372,649.2240114212036,681.4820119738579,681.9900119900703,683.0060120224953,683.2600120306015,694.4360123872757,702.8180125951767,705.8660125732422,723.6460121273994,724.6620121598244,749.5540118813515,757.1740121245384,765.8100122213364,778.7640125751495,778.7640125751495,778.7640125751495,793.2420129776001,793.2420129776001,793.2420129776001,793.2420129776001,794.0040130019188,811.2760133743286,844.5500138998032,850.6460139751434,870.2040140628815,872.7440141439438,880.3640143871307,891.2860147356987,897.3820149302483,897.3820149302483,899.1600149869919,899.1600149869919,909.5740147829056,924.8140155673027,928.6240156888962,929.6400157213211,932.9420158267021,938.7840160131454,960.8820167183876,960.8820167183876,960.8820167183876,960.8820167183876,960.8820167183876,960.8820167183876,960.8820167183876,960.8820167183876,960.8820167183876,960.8820167183876,960.8820167183876,960.8820167183876,960.8820167183876,960.8820167183876
2022-05-17 07:00:00,Baja,6.28231528477653,-75.6612136327629,Media,Deslizamiento,Medellín,Corregimiento 60 San Cristóbal,El Patio,11.0,1,41.91000044345856,52.070000767707825,54.10200083255768,59.18200099468231,59.690001010894775,68.32600116729736,98.80600130558014,105.6640015244484,105.6640015244484,111.25200170278549,142.74800169467926,163.83000206947327,167.89400219917297,167.89400219917297,167.89400219917297,167.89400219917297,168.65600222349167,168.65600222349167,169.16400223970413,175.00600242614746,184.4040024280548,184.4040024280548,187.19800251722336,227.58400374650955,231.1400038599968,241.30000418424606,270.2560047507286,282.1940051317215,291.33800530433655,309.1180056333542,309.1180056333542,309.1180056333542,309.1180056333542,309.1180056333542,309.1180056333542,309.1180056333542,309.3720056414604,311.91200572252274,313.4360057711601,313.9440057873726,366.0140066742897,370.8400068283081,389.6360074877739,399.03400790691376,399.03400790691376,399.03400790691376,428.49800872802734,449.32600927352905,480.0600100159645,501.1420102119446,503.1740102171898,526.5420106649399,527.3040106892586,527.812010705471,528.828010737896,540.0040109157562,540.7660109400749,549.1480111479759,552.7040110230446,553.4660110473633,580.8980119228363,592.0740122795105,592.3280122876167,597.9160124659538,597.9160124659538,597.9160124659538,600.964012503624,600.964012503624,600.964012503624,601.9800125360489,602.9960125684738,624.0780130624771,641.6040136218071,665.2260140776634,665.2260140776634,665.2260140776634,683.514014840126,691.3880150914192,717.5500156879425,717.5500156879425,718.5660157203674,718.5660157203674,718.5660157203674,741.6800156831741,762.0000161528587,762.5080161690712,763.0160161852837,768.3500163555145,773.4300164580345,773.4300164580345,773.4300164580345,779.5260165929794,784.3520166873932,784.3520166873932,784.3520166873932,784.3520166873932,784.3520166873932
2022-05-18 06:00:00,Baja,6.21190509002407,-75.671893594459,Media,Deslizamiento,Medellín,Corregimiento 80 San Antonio de Prado,El Salado,18.0,1,55.626000821590424,74.67600107192993,83.82000136375427,97.53600150346756,109.47400164604187,109.47400164604187,141.9860019683838,180.08600229024887,234.18800276517868,234.18800276517868,246.38000309467316,261.6200035214424,325.88200384378433,413.2580055594444,413.51200556755066,413.7660055756569,414.0200055837631,423.4180053472519,423.4180053472519,424.9420053958893,435.3560057282448,440.69000589847565,441.1980059146881,454.9140063524246,466.59800654649734,478.2820066213608,479.0440066456795,519.1760078072548,533.1460082530975,543.3060085177422,549.1480085849762,549.6560086011887,549.6560086011887,549.6560086011887,549.6560086011887,550.4180086255074,552.9580085277557,552.9580085277557,553.4660085439682,601.7260091900826,603.5040092468262,630.6820100545883,669.7980105876923,704.3420113921165,756.666012108326,756.666012108326,757.1740121245384,780.0340128540993,781.0500128865242,807.7200135588646,844.0420143604279,850.392014503479,879.8560153841972,880.6180154085159,895.8580158352852,895.8580158352852,911.3520159125328,920.4960162043571,924.8140163421631,940.816016793251,941.832016825676,961.8980175256729,985.5200172066689,988.8220173120499,997.2040175795555,997.2040175795555,997.2040175795555,1002.0300177335739,1002.0300177335739,1002.0300177335739,1002.0300177335739,1016.254018008709,1045.464019060135,1097.280020415783,1118.1080209612846,1159.0020214915276,1160.0180215239525,1188.7200216054916,1193.2920217514038,1209.8020220398903,1210.0560220479965,1210.3100220561028,1210.3100220561028,1211.3260220885277,1225.0420222878456,1240.536022722721,1244.3460228443146,1246.3780229091644,1252.474023103714,1278.890023469925,1278.890023469925,1278.890023469925,1281.4300235509872,1294.1300237178802,1294.3840237259865,1294.3840237259865,1296.6700237989426
2022-05-18 07:00:00,Baja,6.25572062700002,-75.628911049,Media,Deslizamiento,Medellín,Comuna 13 San Javier,El Salado,53.0,1,32.76600056886673,53.34000062942505,62.48400092124939,65.7860010266304,71.12000119686127,71.3740012049675,81.28000152111053,90.67800164222717,97.79000180959702,97.79000180959702,105.6640020608902,131.57200288772583,167.8940031528473,171.958003282547,171.958003282547,171.958003282547,171.958003282547,175.00600332021713,175.00600332021713,175.5140033364296,182.11800348758698,192.53200370073318,192.53200370073318,194.56400376558304,219.45600414276123,221.23400419950485,231.1400045156479,259.84200513362885,269.7480054497719,274.8280056118965,291.5920060276985,291.5920060276985,291.5920060276985,291.5920060276985,291.84600603580475,291.84600603580475,291.84600603580475,291.84600603580475,300.22800624370575,302.00600630044937,303.0220063328743,338.83600747585297,342.138007581234,347.47200775146484,353.56800776720047,353.56800776720047,353.8220077753067,378.4600085616112,383.03200870752335,407.67000937461853,432.30800980329514,432.30800980329514,452.3740103840828,455.16801047325134,464.56601053476334,466.5980105996132,471.42401081323624,472.18601083755493,477.26601099967957,477.26601099967957,477.77401101589203,494.5380116701126,504.6980119943619,506.22201204299927,512.5720122456551,512.5720122456551,512.5720122456551,520.9540123343468,520.9540123343468,520.9540123343468,520.9540123343468,520.9540123343468,547.8780130147934,547.8780130147934,547.8780130147934,547.8780130147934,547.8780130147934,547.8780130147934,547.8780130147934,554.4820132255554,554.4820132255554,554.4820132255554,554.4820132255554,554.4820132255554,554.4820132255554,554.4820132255554,554.4820132255554,554.4820132255554,554.4820132255554,558.5460133552551,558.5460133552551,558.5460133552551,558.5460133552551,558.5460133552551,558.5460133552551,558.5460133552551,558.5460133552551
2022-05-18 07:00:00,Baja,6.19972799599998,-75.662800832,Media,Deslizamiento,Medellín,Corregimiento 80 San Antonio de Prado,El Salado,418.0,1,49.02200144529343,52.57800143957138,61.21400171518326,63.50000178813934,75.43800204992294,75.43800204992294,105.41000294685364,130.81000363826752,180.59400463104248,180.59400463104248,206.50200474262238,219.71000516414642,284.98800778388977,308.1020084619522,308.1020084619522,308.1020084619522,308.1020084619522,312.1660084724426,312.1660084724426,312.42000848054886,325.3740088939667,341.3760091662407,341.3760091662407,352.04400938749313,357.378009557724,368.300009727478,369.31600975990295,389.63601046800613,389.63601046800613,389.63601046800613,389.63601046800613,389.63601046800613,389.63601046800613,389.63601046800613,389.63601046800613,389.63601046800613,389.63601046800613,389.63601046800613,389.63601046800613,389.63601046800613,389.63601046800613,389.63601046800613,389.63601046800613,389.63601046800613,389.63601046800613,389.63601046800613,389.63601046800613,389.63601046800613,389.63601046800613,389.63601046800613,389.63601046800613,389.63601046800613,389.63601046800613,389.89001047611237,394.97001045942307,394.97001045942307,400.30401062965393,410.7180107831955,413.7660108804703,431.2920110821724,432.3080111145973,447.29401141405106,454.1520116329193,460.50201177597046,460.50201177597046,460.50201177597046,460.50201177597046,460.50201177597046,460.50201177597046,460.50201177597046,460.50201177597046,460.50201177597046,460.50201177597046,460.50201177597046,460.50201177597046,460.50201177597046,461.0100117921829,480.5680120587349,484.88601219654083,499.87201261520386,500.1260126233101,503.68201273679733,503.68201273679733,507.2380128502846,520.9540131688118,522.9860132336617,526.5420133471489,527.81201338768,534.1620135903358,559.3080139756203,559.3080139756203,559.3080139756203,560.8320140242577,565.6580141782761,567.6900142431259,567.6900142431259,570.9920143485069
2022-05-22 02:30:00,Baja,6.27184493072266,-75.5427508866591,Media,Deslizamiento,Medellín,Comuna 3 Manrique,La Cruz,16.0,1,34.2899996638298,47.75199955701828,47.75199955701828,57.91199988126755,74.1680001616478,75.43800020217896,91.69400072097778,92.20200073719025,98.29800093173981,98.55200093984604,104.14000111818314,120.14200150966644,120.90400153398514,121.66600155830383,152.65400183200836,191.77000284194946,218.94800317287445,219.4560031890869,219.4560031890869,219.4560031890869,219.4560031890869,220.72600322961807,220.72600322961807,220.72600322961807,223.52000325918198,236.47400373220444,237.99800378084183,241.0460038781166,245.61800402402878,255.7780041694641,272.54200434684753,289.81400483846664,291.0840048789978,293.87800496816635,299.97400510311127,299.97400510311127,299.97400510311127,299.97400510311127,299.97400510311127,299.97400510311127,299.97400510311127,300.2280051112175,300.48200511932373,301.7520051598549,304.038005232811,334.01000559329987,352.29800617694855,384.30200666189194,384.55600666999817,384.55600666999817,390.65200686454773,415.54400753974915,418.3380076289177,431.0380080342293,435.8640081882477,458.7240088582039,482.8540093302727,496.5700095295906,499.6180096268654,501.1420096755028,505.2060098052025,512.8260099887848,535.6860102415085,535.6860102415085,541.7820103764534,543.3060104250908,574.802011013031,580.1360113024712,590.5500116348267,590.5500116348267,590.5500116348267,603.250011920929,603.250011920929,603.250011920929,603.250011920929,603.250011920929,614.6800122857094,634.2380128502846,635.762012898922,636.7780129313469,643.6360131502151,668.2740141749382,679.4500145316124,683.006014585495,683.006014585495,684.0220146179199,684.0220146179199,684.0220146179199,685.2920146584511,692.6580148935318,702.8180150389671,703.8340150713921,711.2000152468681,711.2000152468681,711.2000152468681,711.2000152468681,712.2160152792931
2022-06-02 01:15:00,Baja,6.25567918885828,-75.6289957118407,Media,Deslizamiento,Medellín,Comuna 13 San Javier,El Salado,53.0,1,33.78200101852417,35.30600106716156,41.40200126171112,55.62600153684616,55.88000154495239,62.738001704216,62.992001712322235,66.29400181770325,68.58000189065933,70.35800194740295,84.07400220632553,92.71000248193741,93.72600251436234,115.06200277805328,134.87400317192078,154.17800343036652,169.41800343990326,181.61000382900238,182.88000386953354,187.19800400733948,187.19800400733948,197.1040043234825,206.50200444459915,213.614004611969,213.614004611969,223.01200491189957,247.3960056900978,286.76600605249405,287.782006084919,287.782006084919,287.782006084919,287.782006084919,290.8300061225891,290.8300061225891,293.1160061955452,297.94200628995895,308.35600650310516,310.1340065598488,311.40400660037994,335.2800069451332,337.05800700187683,349.5040073990822,378.20600801706314,385.57200825214386,390.6520084142685,407.4160088300705,407.4160088300705,407.4160088300705,407.4160088300705,407.6700088381767,407.6700088381767,407.6700088381767,407.92400884628296,416.0520090460777,418.3380091190338,423.9260092973709,455.9300103187561,457.96201038360596,463.55001056194305,469.39201056957245,469.39201056957245,475.9960107803345,494.28401136398315,500.63401156663895,528.3200123310089,548.1320126056671,562.1020129919052,568.1980131864548,570.9920132756233,580.3900133371353,582.6760134100914,587.7560136318207,588.0100136399269,593.0900138020515,593.0900138020515,593.598013818264,610.6160144805908,620.5220147967339,622.0460148453712,628.396015048027,628.396015048027,628.396015048027,636.7780151367188,636.7780151367188,636.7780151367188,636.7780151367188,636.7780151367188,663.7020158171654,663.7020158171654,663.7020158171654,663.7020158171654,663.7020158171654,663.7020158171654,664.7180158495903,670.3060160279274,670.3060160279274,670.3060160279274
2022-06-02 08:00:00,Baja,6.21337787599998,-75.55969237,Media,Deslizamiento,Medellín,Comuna 14 El Poblado,Las Lomas No.2,41.0,1,40.640001118183136,42.92600119113922,52.578001379966736,70.6120018362999,71.88200187683105,71.88200187683105,77.21600210666656,77.4700021147728,78.74000215530396,78.74000215530396,87.88400214910507,101.34600234031677,103.8860023021698,122.93600338697433,122.93600338697433,179.32400387525558,184.15000367164612,194.56400400400162,199.89800417423248,208.7880044579506,218.18600434064865,235.7120046019554,243.33200484514236,261.87400501966476,261.87400501966476,318.77000576257706,355.8540062904358,364.490006506443,370.5860067009926,370.5860067009926,370.5860067009926,371.09400671720505,378.46000695228577,378.46000695228577,380.2380070090294,387.096007168293,390.39800721406937,390.90600723028183,393.44600731134415,400.3040075302124,417.8300078511238,439.42000859975815,456.43800914287567,463.0420093536377,468.37600952386856,485.3940098285675,495.5540100932121,495.5540100932121,495.5540100932121,495.80801010131836,495.80801010131836,495.80801010131836,495.80801010131836,497.586010158062,499.61801022291183,506.22201043367386,530.6060110926628,531.3680111169815,575.3100124001503,576.072012424469,576.072012424469,577.3420124650002,596.3920130729675,601.9800132513046,628.142013669014,636.2700139284134,647.9540141820908,685.8000148534775,689.8640148639679,689.8640148639679,697.992015004158,699.2620150446892,720.0900151133537,728.4720152020454,731.2660152316093,731.5200152397156,732.028015255928,757.1740156412125,763.5240158438683,771.9060161113739,771.9060161113739,776.4780161976814,797.5600165128708,797.5600165128708,797.5600165128708,797.5600165128708,797.814016520977,806.4500167965889,812.2920169830322,850.6460180282593,867.9180186390877,868.1720186471939,891.5400192141533,900.9380195140839,934.2120202183723,934.2120202183723,934.4660202264786
2022-06-02 08:00:00,Baja,6.21469853100001,-75.559412289,Media,Deslizamiento,Medellín,Comuna 14 El Poblado,Las Lomas No.2,41.0,1,40.640001118183136,42.92600119113922,52.578001379966736,70.6120018362999,71.88200187683105,71.88200187683105,77.21600210666656,77.4700021147728,78.74000215530396,78.74000215530396,87.88400214910507,101.34600234031677,103.8860023021698,122.93600338697433,122.93600338697433,179.32400387525558,184.15000367164612,194.56400400400162,199.89800417423248,208.7880044579506,218.18600434064865,235.7120046019554,243.33200484514236,261.87400501966476,261.87400501966476,318.77000576257706,355.8540062904358,364.490006506443,370.5860067009926,370.5860067009926,370.5860067009926,371.09400671720505,378.46000695228577,378.46000695228577,380.2380070090294,387.096007168293,390.39800721406937,390.90600723028183,393.44600731134415,400.3040075302124,417.8300078511238,439.42000859975815,456.43800914287567,463.0420093536377,468.37600952386856,485.3940098285675,495.5540100932121,495.5540100932121,495.5540100932121,495.80801010131836,495.80801010131836,495.80801010131836,495.80801010131836,497.586010158062,499.61801022291183,506.22201043367386,530.6060110926628,531.3680111169815,575.3100124001503,576.072012424469,576.072012424469,577.3420124650002,596.3920130729675,601.9800132513046,628.142013669014,636.2700139284134,647.9540141820908,685.8000148534775,689.8640148639679,689.8640148639679,697.992015004158,699.2620150446892,720.0900151133537,728.4720152020454,731.2660152316093,731.5200152397156,732.028015255928,757.1740156412125,763.5240158438683,771.9060161113739,771.9060161113739,776.4780161976814,797.5600165128708,797.5600165128708,797.5600165128708,797.5600165128708,797.814016520977,806.4500167965889,812.2920169830322,850.6460180282593,867.9180186390877,868.1720186471939,891.5400192141533,900.9380195140839,934.2120202183723,934.2120202183723,934.4660202264786
2022-06-02 18:00:00,Baja,6.2609158,-75.5989846,Media,Deslizamiento,Medellín,Comuna 12 La América,Calasanz,12.0,1,46.22800153493881,47.24400156736374,51.054001688957214,67.56400191783905,71.37400197982788,71.37400197982788,77.21600216627121,77.21600216627121,80.01000243425369,103.37800216674805,103.37800216674805,104.39400219917297,120.14200246334076,128.27000260353088,131.82600265741348,158.75000321865082,174.49800366163254,182.62600392103195,184.91200399398804,189.23000413179398,189.4840041399002,192.27800422906876,200.91400450468063,201.67600452899933,207.7720046043396,208.02600461244583,228.60000509023666,263.39800584316254,266.4460059404373,266.4460059404373,266.4460059404373,266.4460059404373,270.00200593471527,270.51000595092773,272.0340059995651,274.57400608062744,282.1940060853958,284.22600615024567,286.0040062069893,308.35600662231445,310.1340066790581,327.1520071029663,336.29600739479065,349.25000780820847,356.8700080513954,358.3940081000328,362.966008245945,363.2200082540512,363.2200082540512,363.2200082540512,363.2200082540512,363.2200082540512,363.2200082540512,370.58600801229477,371.34800803661346,372.87200808525085,394.97000873088837,397.0020087957382,423.1640096306801,432.30800980329514,432.30800980329514,432.8160098195076,441.96001011133194,447.54801028966904,452.37401044368744,482.6000116467476,485.39401173591614,506.98401218652725,516.128012418747,518.9220125079155,520.7000125646591,521.9700126051903,528.0660127997398,534.4160130023956,535.6860130429268,536.1940130591393,538.4800131320953,574.040013551712,576.8340136408806,583.1840138435364,583.1840138435364,583.1840138435364,587.5020139813423,587.5020139813423,587.5020139813423,587.5020139813423,587.5020139813423,587.5020139813423,607.0600146055222,649.2240157723427,649.2240157723427,657.6060159802437,675.8940163850784,680.4660165309906,719.3280169963837,720.0900170207024,720.0900170207024
2022-06-02 18:00:00,Baja,6.3255937280883,-75.6888921273402,Media,Deslizamiento,Medellín,Corregimiento 50 San Sebastián de Palmitas,Volcana Guayabal,4.0,1,33.02000069618225,42.672001361846924,51.56200158596039,58.420001804828644,68.58000177145004,68.58000177145004,69.34200179576874,69.59600180387497,71.12000185251236,87.88400220870972,87.88400220870972,97.0280025601387,102.10800260305405,108.96600276231766,112.26800286769867,141.73200327157974,189.7380045056343,205.9940049648285,207.26400500535965,223.52000576257706,223.52000576257706,227.8380057811737,253.74600636959076,259.5880065560341,266.19200670719147,266.19200670719147,274.82800698280334,293.37000727653503,312.92800772190094,312.92800772190094,312.92800772190094,313.69000774621964,314.1980077624321,314.1980077624321,318.2620078921318,326.136008143425,361.95000874996185,373.1260088086128,380.74600899219513,389.89000910520554,396.49400931596756,417.8300095796585,434.84800988435745,445.5160102248192,461.5180107355118,478.28201073408127,479.80601078271866,479.80601078271866,479.80601078271866,479.80601078271866,482.0920107960701,482.0920107960701,482.0920107960701,490.728011071682,491.49001109600067,508.5080109834671,544.3220118284225,576.3260119557381,591.5660123229027,615.9500122666359,616.4580122828484,616.4580122828484,644.144012928009,665.7340133190155,691.1340136528015,718.0580143928528,754.1260156035423,768.8580160737038,778.2560159564018,789.9400162100792,789.9400162100792,802.1320165395737,805.6880164146423,826.0080167651176,829.310016810894,829.310016810894,833.3740169405937,862.0760176181793,864.8700176477432,874.776017844677,875.2840178608894,875.2840178608894,879.6020178794861,880.1100178956985,880.618017911911,880.618017911911,889.0000178813934,889.7620179057121,940.0540185570717,987.8060196042061,990.6000196933746,993.140019774437,1015.492020368576,1018.5400204658508,1042.9240211844444,1048.0040214657784,1048.0040214657784
2022-06-02 19:30:00,Baja,6.23855783099998,-75.530677003,Media,Deslizamiento,Medellín,Comuna 8 Villa Hermosa,Villa Turbay,44.0,1,48.51400125026703,48.76800125837326,66.80200165510178,74.42200189828873,77.97800201177597,77.97800201177597,81.28000211715698,81.28000211715698,81.28000211715698,84.83600223064423,85.09000223875046,90.17000240087509,101.34600281715393,101.34600281715393,103.12400287389755,111.76000314950943,136.1440035700798,145.54200387001038,150.11400401592255,155.19400417804718,155.19400417804718,158.75000429153442,167.13200455904007,169.92600464820862,169.92600464820862,169.92600464820862,196.59600538015366,215.90000587701797,220.47200602293015,220.47200602293015,220.47200602293015,221.48800605535507,221.48800605535507,224.0280061364174,225.04400616884232,232.41000640392303,238.76000666618347,253.7460069656372,255.52400702238083,259.84200716018677,272.5420075058937,301.7520082592964,306.3240084052086,314.96000868082047,315.2140086889267,319.0240088105202,325.8820089697838,329.1840090751648,329.1840090751648,329.1840090751648,329.1840090751648,329.1840090751648,329.1840090751648,338.07400941848755,338.83600944280624,343.1540095806122,384.3020102381706,386.33401024341583,400.5580106973648,413.2580105662346,415.29001063108444,416.81401067972183,440.1820111274719,446.2780113220215,451.8660115003586,464.31201177835464,465.83601182699203,480.5680122375488,491.4900127053261,492.76001274585724,492.76001274585724,500.63401287794113,507.4920130968094,507.7460131049156,532.6380138993263,533.1460139155388,534.1620139479637,548.3860142827034,572.0080155134201,577.0880156755447,580.8980157971382,580.8980157971382,584.9620159268379,590.2960159778595,590.2960159778595,593.5980160236359,593.5980160236359,593.5980160236359,601.2180162668228,610.1080165505409,618.490016579628,618.490016579628,637.2860164642334,643.382016658783,656.8440171480179,685.8000174164772,685.8000174164772
2022-06-02 21:30:00,Baja,6.27094769055755,-75.5360525498189,Media,Deslizamiento,Medellín,Comuna 3 Manrique,La Cruz,16.0,1,64.26200193166733,68.83400201797485,78.99400234222412,89.66200268268585,97.2820029258728,97.2820029258728,99.31400299072266,99.31400299072266,99.31400299072266,99.82200300693512,99.82200300693512,114.80800360441208,149.09800326824188,162.56000316143036,162.56000316143036,175.7680035829544,189.9920037984848,202.18400418758392,206.50200432538986,213.1060045361519,213.36000454425812,217.67800468206406,224.28200489282608,235.45800513029099,235.71200513839722,236.4740051627159,290.8300059437752,323.5960065126419,334.264006793499,334.264006793499,334.264006793499,334.264006793499,334.264006793499,335.53400683403015,335.53400683403015,335.53400683403015,338.32800686359406,351.2820073366165,353.82200741767883,359.66400760412216,369.8240077495575,386.3340079188347,391.66800808906555,405.3840084671974,405.8920084834099,408.68600857257843,414.78200870752335,414.78200870752335,414.78200870752335,414.78200870752335,414.78200870752335,414.78200870752335,414.78200870752335,415.2900087237358,415.54400873184204,416.56000876426697,439.9280092716217,453.8980093598366,475.2340098619461,499.110010266304,499.36401027441025,500.12601029872894,514.8580107688904,531.3680111765862,537.2100113630295,550.6720117926598,550.926011800766,585.7240127921104,597.6620129346848,611.8860131502151,614.4260132312775,618.2360133528709,623.3160135149956,627.8880136013031,650.4940138459206,652.5260139107704,656.5900139808655,658.6220140457153,689.6100146174431,695.7060149312019,705.3580152392387,705.3580152392387,713.7400154471397,718.058015525341,718.058015525341,718.058015525341,718.058015525341,718.058015525341,729.4880158901215,749.3000164628029,751.586016535759,751.586016535759,781.3040177226067,788.6700179576874,794.2580181360245,797.8140181899071,798.830018222332
2022-06-02 21:30:00,Baja,6.27093144301123,-75.5352614170174,Media,Deslizamiento,Medellín,Comuna 3 Manrique,La Cruz,16.0,1,64.26200193166733,68.83400201797485,78.99400234222412,89.66200268268585,97.2820029258728,97.2820029258728,99.31400299072266,99.31400299072266,99.31400299072266,99.82200300693512,99.82200300693512,114.80800360441208,149.09800326824188,162.56000316143036,162.56000316143036,175.7680035829544,189.9920037984848,202.18400418758392,206.50200432538986,213.1060045361519,213.36000454425812,217.67800468206406,224.28200489282608,235.45800513029099,235.71200513839722,236.4740051627159,290.8300059437752,323.5960065126419,334.264006793499,334.264006793499,334.264006793499,334.264006793499,334.264006793499,335.53400683403015,335.53400683403015,335.53400683403015,338.32800686359406,351.2820073366165,353.82200741767883,359.66400760412216,369.8240077495575,386.3340079188347,391.66800808906555,405.3840084671974,405.8920084834099,408.68600857257843,414.78200870752335,414.78200870752335,414.78200870752335,414.78200870752335,414.78200870752335,414.78200870752335,414.78200870752335,415.2900087237358,415.54400873184204,416.56000876426697,439.9280092716217,453.8980093598366,475.2340098619461,499.110010266304,499.36401027441025,500.12601029872894,514.8580107688904,531.3680111765862,537.2100113630295,550.6720117926598,550.926011800766,585.7240127921104,597.6620129346848,611.8860131502151,614.4260132312775,618.2360133528709,623.3160135149956,627.8880136013031,650.4940138459206,652.5260139107704,656.5900139808655,658.6220140457153,689.6100146174431,695.7060149312019,705.3580152392387,705.3580152392387,713.7400154471397,718.058015525341,718.058015525341,718.058015525341,718.058015525341,718.058015525341,729.4880158901215,749.3000164628029,751.586016535759,751.586016535759,781.3040177226067,788.6700179576874,794.2580181360245,797.8140181899071,798.830018222332
2022-06-03 08:30:00,Baja,6.27203142500002,-75.59882734,Media,Deslizamiento,Medellín,Comuna 13 San Javier,El Pesebre,456.0,1,35.560000956058495,57.150001585483544,57.404001593589776,60.198001682758324,82.55000168085098,82.55000168085098,82.55000168085098,87.88400185108185,91.1860020160675,100.33000183105469,100.33000183105469,102.36200189590454,108.7120019197464,110.99800199270248,123.69800245761871,129.54000264406204,157.73400342464447,159.5120034813881,169.1640037894249,171.45000386238098,176.02200400829315,176.02200400829315,183.38800424337387,188.21400439739227,208.28000450134277,208.28000450134277,217.6780046224594,234.18800514936447,260.35000598430634,263.65200608968735,263.65200608968735,263.65200608968735,263.65200608968735,263.9060060977936,263.9060060977936,265.6840061545372,272.79600632190704,276.3520064353943,276.3520064353943,277.8760064840317,285.49600648880005,287.78200656175613,299.9740068912506,312.9280073046684,319.2780075073242,328.93000787496567,339.85200798511505,339.85200798511505,339.85200798511505,339.85200798511505,339.85200798511505,339.85200798511505,339.85200798511505,339.85200798511505,341.6300080418587,344.9320081472397,345.6940081715584,377.19000869989395,381.0000088214874,426.2120105624199,433.83201068639755,433.83201068639755,434.0860106945038,456.1840109825134,456.9460110068321,477.52001190185547,505.20601284503937,506.984012901783,551.6880137324333,553.9740138053894,553.9740138053894,553.9740138053894,564.8960135579109,565.6580135822296,577.5960138440132,578.3580138683319,579.6280139088631,589.0260140299797,611.1240139603615,611.1240139603615,616.2040141224861,616.2040141224861,616.2040141224861,623.062014400959,623.062014400959,623.062014400959,623.062014400959,623.062014400959,639.8260149359703,645.6680151224136,687.0700155496597,688.0860155820847,688.3400155901909,709.1680160164833,714.7560161948204,742.188017308712,742.188017308712
2022-06-03 10:30:00,Baja,6.23692840899997,-75.534660302,Media,Deslizamiento,Medellín,Comuna 8 Villa Hermosa,San Antonio,44.0,1,34.544001162052155,62.23000168800354,74.67600190639496,80.26400208473206,90.93200242519379,91.44000244140625,91.44000244140625,94.74200254678726,94.74200254678726,98.2980026602745,98.2980026602745,103.63200283050537,114.80800324678421,114.80800324678421,116.58600330352783,116.84000331163406,148.8440039753914,149.60600399971008,159.00400429964066,163.57600444555283,168.65600460767746,168.65600460767746,176.02200484275818,182.6260050535202,183.3880050778389,183.3880050778389,197.61200541257858,223.26600617170334,229.36200630664825,233.93400645256042,233.93400645256042,233.93400645256042,234.95000648498535,237.49000656604767,237.49000656604767,239.52200663089752,252.22200709581375,267.2080073952675,267.2080073952675,271.2720075249672,277.3680076599121,286.004007935524,315.2140086889267,325.12000900506973,328.42200911045074,330.20000916719437,339.34400939941406,342.6460095047951,342.6460095047951,342.6460095047951,342.6460095047951,342.6460095047951,342.6460095047951,342.6460095047951,351.5360098481178,355.3460099697113,360.68001013994217,399.0340106487274,399.7960106730461,426.72001099586487,428.7520110607147,428.7520110607147,438.1500111222267,458.2160117030144,461.0100117921829,472.1860120296478,479.2980122566223,481.83801233768463,504.95201313495636,505.4600131511688,506.2220131754875,506.2220131754875,514.0960133075714,521.2080135345459,544.8300142884254,546.1000143289566,547.1160143613815,547.624014377594,585.4700159430504,585.4700159430504,594.3600162267685,594.3600162267685,594.868016242981,603.7580164074898,603.7580164074898,607.0600164532661,607.0600164532661,607.0600164532661,613.1560166478157,616.712016761303,631.698017001152,631.9520170092583,631.9520170092583,650.7480168938637,661.41601729393,699.2620178461075,699.2620178461075
2022-06-07 07:00:00,Baja,6.29694225242034,-75.5793074260757,Media,Deslizamiento,Medellín,Comuna 6 Doce de Octubre,San Martín de Porres,7.0,1,34.035999774932854,34.54399979114532,41.65599977970123,41.65599977970123,59.69000023603439,89.91600066423416,89.91600066423416,93.72600078582764,101.60000085830688,101.85400086641312,101.85400086641312,104.64800095558167,104.64800095558167,104.64800095558167,104.64800095558167,104.9020009636879,125.22200125455856,137.16000151634216,139.4460015296936,140.46200156211853,162.81400167942047,163.8300017118454,174.2440020442009,176.7840021252632,187.452002286911,194.0560023188591,212.34400242567062,216.1540025472641,218.69400262832642,218.69400262832642,235.20400363206863,261.87400382757187,271.0180041193962,273.81200420856476,273.81200420856476,273.81200420856476,273.81200420856476,273.81200420856476,273.81200420856476,279.1460043787956,284.4800045490265,299.4660048484802,299.4660048484802,300.9900048971176,301.4980049133301,306.07000494003296,319.0240053534508,331.2160057425499,336.0420058965683,338.5820059776306,344.42400616407394,344.42400616407394,344.42400616407394,344.42400616407394,344.42400616407394,344.42400616407394,344.6780061721802,344.6780061721802,345.44000619649887,345.6940062046051,347.2180062532425,379.984006524086,384.0480066537857,404.8760073184967,412.49600756168365,412.49600756168365,412.7500075697899,426.21200799942017,437.8960080742836,445.51600831747055,453.1360085606575,454.9140086174011,468.37600898742676,477.52000910043716,477.7740091085434,478.0280091166496,483.87000930309296,484.8860093355179,515.366010248661,515.366010248661,516.6360102891922,519.1760103702545,557.0220118761063,557.5300118923187,558.2920119166374,558.2920119166374,558.2920119166374,562.1020120382309,562.1020120382309,562.1020120382309,562.1020120382309,562.1020120382309,573.2780123949051,578.3580125570297,613.9180130362511,613.9180130362511,613.9180130362511
2022-06-07 15:00:00,Baja,6.29822281999998,-75.550746283,Media,Flujo,Medellín,Comuna 2 Santa Cruz,La Francia,353.0,1,37.338000535964966,37.338000535964966,51.308000802993774,51.308000802993774,76.45400154590607,110.23600196838379,110.99800199270248,114.3000020980835,120.39600229263306,121.66600233316422,121.66600233316422,121.66600233316422,121.66600233316422,121.66600233316422,121.66600233316422,125.73000240325928,158.49600160121918,162.05200171470642,166.37000173330307,171.95800179243088,185.92800217866898,187.19800221920013,198.1200025677681,200.40600264072418,207.0100028514862,208.28000289201736,213.61400306224823,217.67800319194794,220.9800032377243,221.23400324583054,228.3460032939911,264.6680045723915,277.6220048069954,280.9240049123764,280.9240049123764,280.9240049123764,280.9240049123764,281.43200492858887,281.94000494480133,285.4960050582886,289.8140051960945,299.7200051546097,311.6580051779747,315.21400529146194,316.4840053319931,322.32600539922714,340.61400574445724,350.0120060443878,352.2980061173439,352.55200612545013,355.6000062227249,356.1080062389374,356.1080062389374,356.1080062389374,356.1080062389374,356.1080062389374,356.1080062389374,356.1080062389374,356.8700062632561,357.37800627946854,358.39400631189346,382.52400678396225,385.3180068731308,412.75000727176666,412.75000727176666,412.75000727176666,414.5280073285103,426.7200077176094,431.5460078716278,437.64200806617737,443.23000824451447,443.4840082526207,451.6120085120201,468.63000905513763,469.1380090713501,469.1380090713501,476.7580091357231,478.2820091843605,501.39600944519043,501.65000945329666,502.41200947761536,503.93600952625275,540.0040104389191,540.7660104632378,548.640010714531,548.640010714531,548.640010714531,557.276010632515,557.276010632515,557.276010632515,557.276010632515,557.276010632515,557.7840106487274,569.9760110378265,584.4540111422539,589.0260111093521,589.0260111093521
2022-06-08 21:30:00,Baja,6.29976682500001,-75.552439041,Media,Deslizamiento,Medellín,Comuna 2 Santa Cruz,La Francia,353.0,1,37.846000492572784,40.13200056552887,75.18400102853775,79.75600117444992,89.15400129556656,92.20200139284134,142.748002409935,148.59000247716904,152.14600259065628,158.24200278520584,159.512002825737,159.512002825737,159.512002825737,159.512002825737,159.512002825737,159.512002825737,159.512002825737,163.57600289583206,196.5960021018982,204.21600222587585,208.78800225257874,218.69400256872177,225.04400271177292,235.96600306034088,238.25200313329697,244.856003344059,246.12600338459015,250.19000351428986,255.52400368452072,258.3180037140846,258.8260037302971,259.0800037384033,279.14600455760956,305.5620051622391,318.7700054049492,318.7700054049492,318.7700054049492,318.7700054049492,318.7700054049492,319.7860054373741,322.32600551843643,325.120005607605,337.56600564718246,349.5040056705475,353.06000578403473,354.3300058245659,360.1720058917999,378.46000623703003,381.2540063261986,388.36600655317307,390.1440066099167,391.6680066585541,393.95400673151016,393.95400673151016,393.95400673151016,393.95400673151016,393.95400673151016,393.95400673151016,393.95400673151016,394.71600675582886,395.2240067720413,395.98600679636,414.52800738811493,423.1640073657036,432.8160076737404,450.59600776433945,450.59600776433945,450.8500077724457,462.0260081291199,468.88400834798813,472.94800847768784,481.07600873708725,481.07600873708725,489.4580090045929,490.2200090289116,506.4760095477104,506.9840095639229,511.3020096421242,516.1280096769333,524.7640097141266,539.4960099458694,540.2580099701881,540.7660099864006,543.5600100755692,578.3580109477043,579.6280109882355,586.4860112071037,586.4860112071037,595.1220111250877,595.1220111250877,595.1220111250877,595.1220111250877,595.1220111250877,595.1220111250877,607.8220115303993,622.3000116348267,626.8720116019249
2022-06-08 23:00:00,Baja,6.29689916299998,-75.551355189,Media,Deslizamiento,Medellín,Comuna 2 Santa Cruz,Andalucía,353.0,1,40.13200056552887,42.418000638484955,77.47000110149384,82.042001247406,91.44000136852264,93.72600144147873,139.44600230455399,150.87600255012512,153.41600263118744,160.52800285816193,161.79800289869308,161.79800289869308,161.79800289869308,161.79800289869308,161.79800289869308,161.79800289869308,161.79800289869308,165.86200296878815,198.88200217485428,206.50200229883194,211.07400232553482,220.98000264167786,227.330002784729,234.18800300359726,240.53800320625305,247.14200341701508,248.41200345754623,252.47600358724594,257.8100037574768,260.6040037870407,261.1120038032532,261.3660038113594,281.1780046224594,307.08600521087646,321.0560054779053,321.0560054779053,321.0560054779053,321.0560054779053,321.0560054779053,322.0720055103302,324.6120055913925,327.40600568056107,339.85200572013855,351.79000574350357,355.3460058569908,356.1080058813095,362.458005964756,376.4280061721802,382.77800637483597,390.65200662612915,392.4300066828728,393.95400673151016,396.24000680446625,396.24000680446625,396.24000680446625,396.24000680446625,396.24000680446625,396.24000680446625,396.24000680446625,397.00200682878494,397.5100068449974,398.2720068693161,412.24200731515884,425.45000743865967,435.1020077466965,452.88200783729553,452.88200783729553,453.13600784540176,464.0580081939697,470.4080083966255,475.2340085506439,483.36200881004333,483.36200881004333,490.9820090532303,492.5060091018677,508.7620096206665,509.27000963687897,513.5880097150803,518.4140097498894,522.4780096411705,541.7820100188255,541.7820100188255,543.0520100593567,545.0840101242065,580.6440110206604,581.9140110611916,588.7720112800598,588.7720112800598,597.4080111980438,597.4080111980438,597.4080111980438,597.4080111980438,597.4080111980438,597.4080111980438,610.1080116033554,624.5860117077827,629.158011674881
2022-06-11 00:30:00,Baja,6.18656844899999,-75.646169327,Media,Deslizamiento,Medellín,Corregimiento 80 San Antonio de Prado,San Antonio de Prado,2.0,1,68.07200038433074,69.85000044107436,79.50200068950652,81.28000074625014,88.90000098943709,96.52000111341475,97.02800112962721,103.12400132417677,134.11200165748596,160.782002389431,162.05200242996216,206.2480025291443,214.12200278043747,214.3760027885437,214.88400280475616,215.9000028371811,219.9640029668808,228.6000031232834,232.6640031337738,235.20400321483612,246.63400357961655,252.73000347614288,260.60400354862213,261.62000358104706,278.6380037665367,283.4640039205551,290.5760041475296,298.95800441503525,298.95800441503525,301.49800449609756,344.17000538110733,355.60000562667847,397.2560065984726,397.2560065984726,423.4180069565773,443.4840074777603,495.04600781202316,497.33200788497925,497.33200788497925,499.87200796604156,499.87200796604156,506.47600811719894,506.7300081253052,516.8900081515312,526.5420083999634,533.1460083723068,535.9400084614754,536.1940084695816,537.718008518219,543.0520087480545,553.2120090723038,575.3100090026855,584.7080093026161,605.2820094823837,640.0800094008446,640.0800094008446,640.0800094008446,640.0800094008446,641.0960094332695,641.0960094332695,641.0960094332695,641.604009449482,641.604009449482,646.4300096035004,660.1460100412369,676.1480104923248,706.6280109882355,716.5340113043785,756.6660117506981,756.9200117588043,764.7940120100975,786.6380124688148,791.210012614727,817.3720131516457,922.2740145921707,961.3900162577629,981.9640164375305,982.472016453743,983.4880164861679,983.9960165023804,998.7280169129372,1003.3000170588493,1007.1100170612335,1024.128016591072,1025.144016623497,1050.2900163531303,1060.1960166692734,1066.5460166931152,1079.2460170388222,1079.2460170388222,1079.5000170469284,1093.7240174412727,1093.7240174412727,1093.7240174412727,1093.7240174412727,1094.4860174655914,1113.0280178785324
2022-06-11 06:01:00,Baja,6.25145005577192,-75.541202046179,Media,Deslizamiento,Medellín,Comuna 8 Villa Hermosa,LLanaditas,35.0,1,40.640000998973846,44.45000106096268,47.75200116634369,47.75200116634369,66.29400151968002,68.07200157642365,77.21600180864334,77.21600180864334,103.6320024728775,120.90400302410126,129.03200328350067,133.09600341320038,146.0500037074089,146.8120037317276,146.8120037317276,149.35200381278992,149.35200381278992,151.638003885746,151.638003885746,153.9240039587021,177.2920040488243,181.8640039563179,182.11800396442413,182.11800396442413,207.51800441741943,208.28000444173813,216.66200470924377,219.71000480651855,224.0280049443245,224.0280049443245,227.3300050497055,232.1560052037239,232.66400521993637,233.17200523614883,264.1600065231323,285.4960070848465,298.958006978035,302.5140070915222,302.5140070915222,302.5140070915222,303.0220071077347,303.7840071320534,303.7840071320534,306.5780072212219,314.4520074725151,325.6280072927475,325.88200730085373,330.4540074467659,331.9780074954033,337.31200766563416,370.5860088467598,379.98400914669037,382.7780092358589,386.5880093574524,397.76400965452194,398.2720096707344,398.2720096707344,398.2720096707344,398.2720096707344,398.2720096707344,398.2720096707344,398.2720096707344,401.32000970840454,401.32000970840454,403.86000978946686,426.9740104675293,429.76801055669785,457.4540109038353,457.4540109038353,457.4540109038353,461.77201104164124,483.61601173877716,484.8860117793083,496.570012152195,503.174012362957,513.0800126791,541.2740134000778,545.0840133428574,545.3380133509636,545.3380133509636,547.3700134158134,553.466013610363,587.2480143904686,588.0100144147873,596.1380143761635,596.646014392376,628.9040144085884,632.9680144786835,641.8580147624016,641.8580147624016,641.8580147624016,650.7480150461197,650.7480150461197,651.2560150623322,651.2560150623322,651.2560150623322,660.6540153622627
2022-06-11 08:00:00,Baja,6.267127131,-75.63008602,Media,Deslizamiento,Medellín,Corregimiento 60 San Cristóbal,La Loma,27.0,1,46.22800141572952,46.22800141572952,51.5620014667511,63.5000017285347,81.5340022444725,83.56600230932236,90.17000252008438,90.17000252008438,123.69800364971161,151.1300043463707,152.90800440311432,157.22600454092026,173.2280049920082,173.73600500822067,173.73600500822067,181.35600519180298,185.1660052537918,208.5340052843094,214.37600535154343,233.1720051765442,235.7120052576065,237.9980052113533,259.3340057730675,262.63600569963455,302.26000636816025,325.37400686740875,336.55000722408295,339.09000730514526,344.67800748348236,344.9320074915886,354.07600778341293,371.8560079932213,392.43000787496567,392.43000787496567,399.0340080857277,436.88000935316086,454.9140095114708,461.26400965452194,461.26400965452194,461.26400965452194,461.26400965452194,465.0740097165108,465.0740097165108,465.83600974082947,473.71000999212265,477.77401012182236,477.77401012182236,479.8060101866722,501.39601051807404,508.76201063394547,521.4620109796524,545.0840116143227,555.7520119547844,555.7520119547844,555.7520119547844,555.7520119547844,555.7520119547844,555.7520119547844,555.7520119547844,555.7520119547844,555.7520119547844,555.7520119547844,555.7520119547844,555.7520119547844,556.7680119872093,603.2500131130219,607.5680132508278,653.5420138835907,653.7960138916969,653.7960138916969,654.0500138998032,654.0500138998032,654.0500138998032,689.6100158691406,726.1860161423683,726.6940161585808,773.6840168237686,775.4620168805122,776.2240169048309,777.2400169372559,788.9240174293518,789.6860174536705,799.3380175828934,800.8620176315308,801.6240176558495,819.6580181717873,841.248018682003,842.5180187225342,848.6140189170837,848.6140189170837,848.6140189170837,852.6780189871788,852.6780189871788,852.6780189871788,852.6780189871788,852.6780189871788,874.2680194973946
2022-06-12 02:00:00,Baja,6.26800944387254,-75.6013337055412,Media,Otro,Medellín,Comuna 12 La América,Calasanz Parte Alta,456.0,1,32.766000866889954,48.76800060272217,48.76800060272217,53.34000074863434,58.42000091075897,72.89800095558167,73.91400098800659,76.96200108528137,76.96200108528137,113.79200208187103,134.11200267076492,134.87400269508362,139.4460028409958,159.51200276613235,159.51200276613235,164.84600293636322,165.10000294446945,168.14800310134888,177.29200291633606,177.29200291633606,179.3240029811859,185.67400300502777,187.96000307798386,200.66000354290009,218.94800412654877,235.966004550457,236.7280045747757,248.41200494766235,249.17400497198105,252.98400509357452,252.98400509357452,260.35000532865524,265.17600548267365,285.24200558662415,285.24200558662415,296.4180057644844,311.15000623464584,340.3600071668625,340.6140071749687,340.6140071749687,340.6140071749687,340.6140071749687,340.86800718307495,340.86800718307495,344.4240072965622,349.7580074071884,353.31400752067566,354.5840075612068,354.83800756931305,362.4580075740814,364.7440076470375,378.20600801706314,391.92200845479965,396.2400085926056,405.89200896024704,416.8140090703964,416.8140090703964,416.8140090703964,416.8140090703964,416.8140090703964,416.8140090703964,416.8140090703964,417.06800907850266,418.59200912714005,422.1480092406273,426.9740093946457,455.4220098257065,484.6320112347603,503.17401164770126,510.7940117716789,510.7940117716789,515.1120119094849,533.400012075901,535.1780121326447,557.7840130925179,582.1680139303207,611.6320144534111,628.6500148177147,630.9360148906708,630.9360148906708,630.9360148906708,642.620014667511,642.620014667511,655.066014945507,655.3200149536133,656.5900149941444,665.9880151152611,688.0860150456429,688.0860150456429,693.1660152077675,693.1660152077675,693.1660152077675,700.0240154862404,700.0240154862404,700.0240154862404,700.0240154862404,700.0240154862404
2022-06-12 02:30:00,Baja,6.26991276000001,-75.629378247,Media,Deslizamiento,Medellín,Corregimiento 60 San Cristóbal,La Loma,27.0,1,37.84600079059601,67.31000173091888,67.31000173091888,72.64400178194046,85.09000205993652,102.8700025677681,105.15600264072418,111.25200283527374,111.25200283527374,145.0340039730072,172.21200466156006,174.49800473451614,179.832004904747,194.31000530719757,194.81800532341003,199.13600546121597,202.43800550699234,206.5020055770874,229.61600559949875,235.4580056667328,254.25400549173355,256.79400557279587,259.08000552654266,280.41600608825684,297.18000626564026,326.644006729126,346.4560071825981,360.1720076203346,360.1720076203346,365.7600077986717,366.01400780677795,375.1580080986023,392.93800830841064,413.51200819015503,413.51200819015503,420.11600840091705,457.9620096683502,480.5680099129677,482.3460099697113,482.3460099697113,482.3460099697113,482.3460099697113,486.15601003170013,486.15601003170013,487.93401008844376,494.792010307312,498.8560104370117,500.1260104775429,501.1420105099678,522.4780108332634,529.8440109491348,542.5440112948418,568.4520120024681,576.8340122699738,576.8340122699738,576.8340122699738,576.8340122699738,576.8340122699738,576.8340122699738,576.8340122699738,576.8340122699738,576.8340122699738,576.8340122699738,576.8340122699738,577.08801227808,579.1200123429298,624.3320134282112,639.0640137791634,674.6240141987801,674.8780142068863,674.8780142068863,675.1320142149925,675.1320142149925,675.1320142149925,712.9780162572861,747.2680164575577,755.3960166573524,794.766017138958,796.5440171957016,797.3060172200203,798.5760172605515,810.7680177688599,810.7680177688599,820.674017906189,821.9440179467201,822.7060179710388,840.7400184869766,862.3300189971924,863.6000190377235,869.6960192322731,869.6960192322731,869.9500192403793,873.7600193023682,873.7600193023682,873.7600193023682,873.7600193023682,873.7600193023682
2022-06-14 05:00:00,Baja,6.273447191,-75.597980939,Media,Deslizamiento,Medellín,Comuna 13 San Javier,El Pesebre,456.0,1,32.258000671863556,37.08400076627731,67.31000155210495,86.61400139331818,86.61400139331818,91.18600153923035,96.26600170135498,110.74400174617767,111.50600177049637,114.80800187587738,114.80800187587738,150.36800283193588,171.95800346136093,172.21200346946716,175.0060035586357,197.35800355672836,197.35800355672836,197.35800355672836,202.69200372695923,205.99400389194489,215.13800370693207,215.13800370693207,217.17000377178192,223.52000379562378,225.80600386857986,238.5060043334961,247.14200460910797,272.54200530052185,274.3200053572655,285.24200570583344,286.25800573825836,290.83000588417053,290.83000588417053,298.19600611925125,303.02200627326965,323.08800637722015,323.08800637722015,332.4860064983368,348.99600702524185,375.1580078601837,378.4600079655647,378.4600079655647,378.4600079655647,378.4600079655647,378.71400797367096,378.71400797367096,380.7460080385208,387.6040081977844,391.16000831127167,391.4140083193779,392.68400835990906,400.30400836467743,402.5900084376335,414.782008767128,428.4980092048645,434.0860093832016,443.73800975084305,454.66000986099243,454.66000986099243,454.66000986099243,454.66000986099243,454.66000986099243,454.66000986099243,454.66000986099243,454.66000986099243,456.43800991773605,459.9940100312233,460.50201004743576,491.99801057577133,496.5700107216835,541.0200124382973,548.6400125622749,548.6400125622749,549.9100126028061,570.9920128583908,571.7540128827095,592.5820137858391,620.0140147209167,622.0460147857666,666.4960156083107,668.7820156812668,668.7820156812668,668.7820156812668,680.2120154500008,680.466015458107,692.4040157198906,693.1660157442093,694.4360157847404,703.8340159058571,725.9320158362389,725.9320158362389,731.0120159983635,731.0120159983635,731.0120159983635,737.8700162768364,737.8700162768364,737.8700162768364
2022-06-14 05:00:00,Baja,6.27402604000002,-75.635283749,Media,Deslizamiento,Medellín,Corregimiento 60 San Cristóbal,La Loma,27.0,1,54.35600173473358,60.19800192117691,95.75800263881683,128.77800369262695,128.77800369262695,134.11200374364853,146.30400401353836,164.33800452947617,166.62400460243225,172.7200047969818,172.7200047969818,206.24800592660904,233.68000662326813,235.45800668001175,240.03000682592392,255.77800726890564,256.2860072851181,256.2860072851181,263.9060074687004,267.71600753068924,291.0840075612068,296.92600762844086,315.7220074534416,318.26200753450394,320.54800748825073,341.8840080499649,349.5040081143379,385.0640086531639,407.9240091443062,420.62400954961777,421.6400095820427,427.2280097603798,427.482009768486,436.62601006031036,454.4060102701187,474.9800101518631,474.9800101518631,481.5840103626251,519.4300116300583,537.4640117883682,543.8140119314194,543.8140119314194,543.8140119314194,543.8140119314194,547.6240119934082,547.6240119934082,548.6400120258331,556.2600122690201,560.3240123987198,560.578012406826,562.6100124716759,583.9460127949715,591.3120129108429,604.0120132565498,628.3960139155388,638.3020142316818,638.3020142316818,638.3020142316818,638.3020142316818,638.3020142316818,638.3020142316818,638.3020142316818,638.3020142316818,638.3020142316818,638.3020142316818,638.3020142316818,638.556014239788,639.3180142641068,685.8000153899193,691.3880155682564,736.0920161604881,736.3460161685944,736.3460161685944,736.6000161767006,736.6000161767006,736.6000161767006,772.160018146038,808.7360184192657,809.4980184435844,856.234019100666,858.0120191574097,858.7740191817284,859.7900192141533,872.2360197305679,872.2360197305679,881.8880198597908,883.4120199084282,884.1740199327469,902.2080204486847,923.7980209589005,925.0680209994316,931.1640211939812,931.1640211939812,931.1640211939812,935.2280212640762,935.2280212640762,935.2280212640762
2022-06-14 22:00:00,Baja,6.2690851724439,-75.6277489493371,Media,Deslizamiento,Medellín,Corregimiento 60 San Cristóbal,La Loma,27.0,1,54.61000174283981,55.88000178337097,80.01000219583511,114.30000346899033,129.03200370073318,129.79400372505188,134.36600375175476,153.67000418901443,164.5920045375824,166.87800461053848,172.97400480508804,186.69000512361526,229.87000650167465,233.93400663137436,239.52200680971146,252.9840071797371,256.54000729322433,256.54000729322433,264.16000747680664,264.4140074849129,268.2240075469017,296.16400760412216,297.1800076365471,315.97600746154785,318.51600754261017,320.80200749635696,342.13800805807114,374.90400832891464,397.00200885534286,419.3540095090866,421.8940095901489,427.482009768486,427.73600977659225,429.26000982522964,441.96001023054123,454.66001027822495,475.23401015996933,475.23401015996933,487.9340105652809,537.7180117964745,544.0680119395256,544.0680119395256,544.0680119395256,544.0680119395256,544.0680119395256,547.8780120015144,548.6400120258331,555.2440122365952,559.0540123581886,560.578012406826,562.1020124554634,566.1660125851631,586.2320128679276,603.7580132484436,608.5840132832527,632.7140140533447,638.556014239788,638.556014239788,638.556014239788,638.556014239788,638.556014239788,638.556014239788,638.556014239788,638.556014239788,638.556014239788,638.556014239788,638.556014239788,638.8100142478943,655.3200147747993,690.3720155358315,721.3600162863731,736.3460161685944,736.6000161767006,736.8540161848068,736.8540161848068,736.8540161848068,736.8540161848068,803.1480182409286,808.990018427372,830.072018623352,856.7420191168785,858.2660191655159,859.0280191898346,862.8380193114281,872.4900197386742,878.840019762516,883.6660199165344,884.4280199408531,884.4280199408531,904.4940205216408,924.0520209670067,926.592021048069,931.4180212020874,931.4180212020874,935.4820212721825,935.4820212721825,935.4820212721825
2022-06-20 02:00:00,Baja,6.25157,-75.53712,Media,Deslizamiento,Medellín,Corregimiento 90 Santa Elena,Piedras Blancas - Matasano,499.0,1,34.03600096702576,57.15000146627426,86.36000198125839,92.96400219202042,121.6660025715828,145.28800302743912,157.48000341653824,161.79800355434418,239.0140042901039,239.26800429821014,244.602004468441,251.7140048146248,253.4920048713684,279.65400540828705,283.4640055298805,294.64000564813614,295.65600568056107,341.63000750541687,363.9820077419281,378.20600789785385,386.33400815725327,402.8440088033676,403.6060088276863,407.16200894117355,407.16200894117355,407.16200894117355,410.97200906276703,410.97200906276703,411.98800909519196,440.182009100914,445.00800931453705,446.024009346962,458.4700097441673,482.3460100889206,482.85401010513306,501.14201068878174,502.4120107293129,506.73001086711884,507.2380108833313,516.3820111751556,522.4780113697052,523.4940114021301,524.7640114426613,556.0060117840767,582.9300126433372,605.7900131344795,605.7900131344795,605.7900131344795,606.8060131669044,606.8060131669044,608.5840132236481,608.5840132236481,613.1560133695602,616.4580134749413,632.7140138149261,635.7620139122009,639.3180139660835,643.128014087677,653.5420143604279,694.6900154948235,708.9140159487724,710.692016005516,721.1060163378716,735.5840164422989,736.85401648283,736.85401648283,736.85401648283,736.85401648283,736.85401648283,736.85401648283,737.1080164909363,746.506016433239,748.2840164899826,757.1740167737007,788.1620174646378,809.7520179748535,826.26201826334,827.2780182957649,827.2780182957649,840.9940187335014,859.5360193252563,864.1080194711685,879.8560199737549,883.4120200872421,911.6060206890106,939.5460212826729,943.3560214042664,943.6100214123726,943.6100214123726,948.1820215582848,954.5320217609406,985.266022503376,988.0600224733353,991.8700225353241,992.3780225515366,1036.066023349762,1038.6060234308243
2022-06-20 02:00:00,Baja,6.25156749366569,-75.5371226959486,Media,Deslizamiento,Medellín,Corregimiento 90 Santa Elena,Piedras Blancas - Matasano,499.0,1,34.03600096702576,57.15000146627426,86.36000198125839,92.96400219202042,121.6660025715828,145.28800302743912,157.48000341653824,161.79800355434418,239.0140042901039,239.26800429821014,244.602004468441,251.7140048146248,253.4920048713684,279.65400540828705,283.4640055298805,294.64000564813614,295.65600568056107,341.63000750541687,363.9820077419281,378.20600789785385,386.33400815725327,402.8440088033676,403.6060088276863,407.16200894117355,407.16200894117355,407.16200894117355,410.97200906276703,410.97200906276703,411.98800909519196,440.182009100914,445.00800931453705,446.024009346962,458.4700097441673,482.3460100889206,482.85401010513306,501.14201068878174,502.4120107293129,506.73001086711884,507.2380108833313,516.3820111751556,522.4780113697052,523.4940114021301,524.7640114426613,556.0060117840767,582.9300126433372,605.7900131344795,605.7900131344795,605.7900131344795,606.8060131669044,606.8060131669044,608.5840132236481,608.5840132236481,613.1560133695602,616.4580134749413,632.7140138149261,635.7620139122009,639.3180139660835,643.128014087677,653.5420143604279,694.6900154948235,708.9140159487724,710.692016005516,721.1060163378716,735.5840164422989,736.85401648283,736.85401648283,736.85401648283,736.85401648283,736.85401648283,736.85401648283,737.1080164909363,746.506016433239,748.2840164899826,757.1740167737007,788.1620174646378,809.7520179748535,826.26201826334,827.2780182957649,827.2780182957649,840.9940187335014,859.5360193252563,864.1080194711685,879.8560199737549,883.4120200872421,911.6060206890106,939.5460212826729,943.3560214042664,943.6100214123726,943.6100214123726,948.1820215582848,954.5320217609406,985.266022503376,988.0600224733353,991.8700225353241,992.3780225515366,1036.066023349762,1038.6060234308243
2022-06-27 22:40:00,Baja,6.21002949899997,-75.607144754,Media,Deslizamiento,Medellín,Comuna 16 Belén,El Rincón,22.0,1,32.00400012731553,38.60800033807755,58.166000604629524,61.72200065851212,63.24600070714951,68.07200086116791,72.3900009393692,74.16800099611282,82.29600113630295,103.8860011100769,114.30000126361847,116.07800132036209,129.03200167417526,161.29000198841095,167.38600212335587,169.1640021800995,206.502002120018,206.75600212812424,209.29600220918655,219.45600247383118,222.25000256299973,231.6480028629303,234.44200295209885,238.25200301408768,256.79400330781937,293.8780044913292,300.9900047183037,305.3080048561096,326.3900052309036,326.8980052471161,327.1520052552223,331.47000539302826,331.7240054011345,331.9780054092407,339.3440054655075,339.3440054655075,342.6460055112839,372.36400562524796,386.08000588417053,391.16000604629517,411.9880064725876,420.8780065178871,427.2280067205429,433.5780069231987,439.42000710964203,440.43600714206696,442.72200721502304,455.4220076203346,455.4220076203346,481.83800917863846,481.83800917863846,501.90400981903076,517.3980103135109,532.892010807991,532.892010807991,532.892010807991,533.1460108160973,533.1460108160973,534.4160108566284,535.4320108890533,538.9880110025406,542.2900109291077,542.2900109291077,544.0680109858513,545.0840110182762,546.1000110507011,562.610011279583,571.5000115036964,589.280012011528,592.8360121250153,600.96401232481,622.300012409687,622.8080124258995,622.8080124258995,622.8080124258995,622.8080124258995,622.8080124258995,622.8080124258995,633.476012647152,634.2380126714706,640.0800129175186,653.0340133309364,664.4640136957169,693.6740141510963,709.6760146021843,718.5660147070885,719.0740147233009,729.7420150637627,734.5680152177811,740.4100154042244,754.1260158419609,754.1260158419609,791.9720163345337,794.7660164237022,801.1160163879395,801.1160163879395,808.7360165715218
2022-06-27 23:00:00,Baja,6.26129585863961,-75.5552688033979,Media,Deslizamiento,Medellín,Comuna 3 Manrique,Manrique Central No.2,211.0,1,34.03600037097931,44.45000070333481,71.12000143527985,76.20000153779984,77.470001578331,81.28000169992447,83.05800175666809,87.37600183486938,102.10800176858902,114.55400198698044,137.41400241851807,146.812002658844,176.27600359916687,232.1560042500496,232.1560042500496,236.982004404068,276.6060049533844,290.5760056376457,294.64000576734543,296.6720058321953,298.70400589704514,315.46800565719604,316.23000568151474,319.53200578689575,326.8980060815811,372.36400747299194,377.95200753211975,386.08000779151917,399.7960081100464,407.9240083694458,407.9240083694458,411.9880084991455,411.9880084991455,411.9880084991455,413.25800853967667,413.25800853967667,415.0360085964203,430.7840092778206,431.8000093102455,433.3240093588829,451.8660098314285,481.8380101919174,491.236010491848,495.80801063776016,502.4120108485222,502.4120108485222,505.96801096200943,513.0800111889839,513.5880112051964,514.3500112295151,514.3500112295151,571.7540130019188,587.5020133852959,604.2660140395164,604.2660140395164,604.2660140395164,604.2660140395164,604.2660140395164,605.5360140800476,607.3140141367912,611.6320142745972,625.6020148396492,638.0480149388313,640.5880150198936,644.1440151333809,651.0020153522491,680.7200164794922,687.0700168013573,699.2620171904564,699.5160171985626,703.5800173282623,711.2000173926353,711.7080174088478,711.7080174088478,711.7080174088478,711.7080174088478,711.7080174088478,711.7080174088478,711.7080174088478,718.058017551899,720.0900176167488,738.3780181407928,754.3800184726715,774.70001912117,784.8600192666054,784.8600192666054,786.1300193071365,801.3700197935104,813.5620200634003,819.6580202579498,846.074020922184,851.6620212197304,899.9220218658447,912.3680221438408,918.464022397995,918.464022397995,919.9880224466324
2022-06-28 01:00:00,Baja,6.26950888800002,-75.553737259,Media,Deslizamiento,Medellín,Comuna 3 Manrique,Campo Valdés No.2,558.0,1,38.10000079870224,43.180000960826874,67.05600154399872,68.07200157642365,68.58000159263611,71.88200169801712,72.64400172233582,73.40600174665451,93.47200179100037,103.3780021071434,131.57200241088867,146.55800247192383,177.54600352048874,203.20000380277634,203.7080038189888,221.23400402069092,248.41200459003448,253.74600476026535,256.79400485754013,269.74800527095795,270.7640053033829,300.73600548505783,302.51400554180145,313.9440059065819,314.9600059390068,363.2200065255165,406.9080063700676,408.432006418705,417.3220067024231,427.73600697517395,427.9900069832802,429.5140070319176,429.5140070319176,429.5140070319176,429.5140070319176,429.5140070319176,440.18200731277466,454.9140077829361,465.07400810718536,465.5820081233978,477.77400851249695,490.7280085682869,495.30000871419907,505.71400904655457,512.0640092492104,512.3180092573166,515.6200093626976,520.9540095329285,528.5740097165108,528.5740097165108,528.5740097165108,556.0060106515884,580.8980112075806,604.5200117230415,605.028011739254,605.028011739254,605.028011739254,605.028011739254,605.5360117554665,605.5360117554665,613.4100120067596,632.7140125632286,642.3660127520561,644.1440128087997,646.9380128979683,647.9540129303932,656.0820130705833,672.5920135974884,690.1180140376091,692.150014102459,693.9280141592026,697.9920142889023,697.9920142889023,697.9920142889023,697.9920142889023,697.9920142889023,697.9920142889023,697.9920142889023,697.9920142889023,698.2460142970085,698.754014313221,712.97801476717,741.9340153932571,754.3800157904625,771.6520168185234,771.6520168185234,771.6520168185234,779.7800170779228,793.2420175671577,799.5920177698135,813.3080181479454,814.0700181722641,840.2320185899734,844.5500187277794,859.028018951416,861.5680190324783,865.3780191540718
2022-06-28 05:00:00,Baja,6.23352293440268,-75.6154172322244,Media,Deslizamiento,Medellín,Comuna 16 Belén,Las Violetas,9.0,1,51.816001415252686,56.388001561164856,78.74000209569931,90.17000210285187,90.17000210285187,92.20200216770172,107.1880025267601,107.1880025267601,113.79200273752213,122.17400300502777,130.5560029745102,136.90600317716599,142.74800330400467,146.55800342559814,171.1960039138794,175.76800394058228,197.61200428009033,209.04200452566147,209.04200452566147,211.07400459051132,213.86800467967987,224.79000502824783,226.8220050930977,228.85400515794754,228.85400515794754,263.1440055966377,291.33800637722015,292.10000640153885,296.92600655555725,309.37200677394867,309.6260067820549,309.6260067820549,314.96000695228577,316.7380070090294,331.21600729227066,331.21600729227066,336.80400735139847,359.9180074930191,363.98200756311417,385.31800812482834,387.85800820589066,409.70200860500336,418.5920088291168,427.9900091290474,430.78400921821594,435.1020093560219,435.61000937223434,447.54800975322723,452.1200098991394,481.5840108990669,481.5840108990669,489.2040111422539,508.000011742115,533.4000121355057,536.9560122489929,536.9560122489929,536.9560122489929,536.9560122489929,538.4800122976303,538.4800122976303,540.0040123462677,546.1000125408173,546.862012565136,547.3700125813484,550.164012670517,562.3560129404068,569.9760131835938,580.3900134563446,599.1860139966011,603.504014134407,608.3300142884254,616.4580144286156,617.7280144691467,617.7280144691467,617.7280144691467,617.7280144691467,617.7280144691467,617.7280144691467,617.7280144691467,621.5380146503448,623.0620146989822,623.8240147233009,645.4140154123306,648.9700155258179,690.3720163702965,699.5160167217255,699.5160167217255,701.0400167703629,725.9320173859596,726.6940174102783,733.5520176291466,766.5720185637474,767.8420186042786,803.1480194330215,807.4660195708275,811.0220198631287,813.3080199360847
2022-06-28 06:00:00,Baja,6.25016947527644,-75.6269768165676,Media,Deslizamiento,Medellín,Comuna 13 San Javier,Nuevos Conquistadores,17.0,1,31.24200075864792,34.79800087213516,53.84800136089325,64.00800156593323,64.00800156593323,66.29400163888931,78.99400234222412,81.53400242328644,92.20200270414352,98.80600291490555,105.91800284385681,111.25200301408768,113.79200309515,121.92000323534012,159.0040038228035,161.79800391197205,186.18200474977493,212.09000539779663,212.09000539779663,213.61400544643402,221.4880056977272,234.1880061030388,236.7280061841011,239.77600628137589,239.77600628137589,264.16000670194626,295.1480076313019,296.41800767183304,299.72000777721405,323.08800834417343,323.34200835227966,323.34200835227966,329.4380084872246,336.04200875759125,338.32800883054733,339.090008854866,351.5360091328621,364.9980093240738,366.0140093564987,384.81000977754593,385.06400978565216,408.94001019001007,426.4660106897354,434.5940109491348,437.89601105451584,442.9760112166405,443.48401123285294,453.89801156520844,466.8520117402077,477.77401196956635,477.77401196956635,483.1080121397972,497.5860125422478,518.160012960434,521.9700130820274,521.9700130820274,521.9700130820274,521.9700130820274,524.5100131034851,524.5100131034851,525.52601313591,529.0820132493973,537.9720132946968,537.9720132946968,539.4960133433342,556.5140137076378,558.0380137562752,564.8960139751434,586.994014620781,595.6300148367882,601.2180150151253,616.2040148377419,616.2040148377419,616.2040148377419,616.2040148377419,616.2040148377419,616.2040148377419,616.2040148377419,616.2040148377419,616.2040148377419,619.7600150704384,621.0300151109695,650.7480158805847,652.7800159454346,694.9440172314644,704.5960174202919,704.5960174202919,704.8500174283981,731.774018228054,733.8060182929039,741.1720185279846,775.970019698143,776.9860197305679,794.0040202140808,796.2900202870369,804.926020860672,805.9420208930969
2022-06-28 08:00:00,Baja,6.2161401,-75.56697,Media,Deslizamiento,Medellín,Comuna 14 El Poblado,Castropol,41.0,1,54.864000380039215,73.91400068998337,101.60000151395798,108.96600180864334,108.96600180864334,116.07800191640854,122.9360021352768,125.73000222444534,137.41400235891342,176.53000283241272,185.16600316762924,191.2620033621788,210.0580040216446,226.82200419902802,279.400004863739,282.4480049610138,300.4820047020912,331.72400563955307,335.2800057530403,350.5200060606003,351.02800607681274,376.42800641059875,390.14400655031204,392.4300066232681,392.9380066394806,421.3860073685646,462.02600848674774,464.3120085597038,473.96400874853134,491.9980092048645,493.26800924539566,493.26800924539566,498.60200947523117,498.8560094833374,500.12600952386856,500.12600952386856,509.2700095176697,522.7320097088814,525.2720096707344,544.3220107555389,544.3220107555389,600.7100112438202,605.5360110402107,615.9500113725662,621.2840115427971,630.1740118265152,639.5720117092133,657.09801197052,664.718012213707,683.2600123882294,683.2600123882294,740.1560131311417,777.2400136590004,785.8760138750076,791.9720140695572,791.9720140695572,791.9720140695572,792.4800140857697,799.8460143208504,799.8460143208504,801.624014377594,808.4820145368576,811.784014582634,812.2920145988464,814.8320146799088,821.690014898777,839.2160152196884,860.8060159683228,877.8240165114403,884.4280167222023,889.7620168924332,906.7800171971321,916.9400174617767,916.9400174617767,916.9400174617767,917.194017469883,917.194017469883,917.194017469883,917.194017469883,918.9720175266266,921.0040175914764,927.6080178022385,951.9920184612274,952.7540184855461,996.6960197687149,997.4580197930336,997.4580197930336,998.7280198335648,1017.7780204415321,1023.3660206198692,1049.5280210375786,1057.656021296978,1069.3400215506554,1107.186022222042,1111.2500222325325,1111.2500222325325,1119.3780223727226
2022-06-28 09:00:00,Baja,6.23379829445972,-75.5612860791294,Media,Deslizamiento,Medellín,Comuna 9 Buenos Aires,El Salvador,46.0,1,42.67200171947479,54.10200196504593,76.45400267839432,81.78800284862518,81.78800284862518,85.34400296211243,89.40800309181213,91.94800317287445,102.87000334262848,130.302003800869,145.54200369119644,151.13000386953354,169.41800451278687,176.53000473976135,223.26600527763367,223.26600527763367,226.06000536680222,271.52600610256195,274.3200061917305,285.24200624227524,285.49600625038147,298.9580065011978,300.73600655794144,302.7680066227913,303.0220066308975,330.2000069618225,366.01400792598724,372.8720081448555,378.4600083231926,393.95400857925415,394.2080085873604,394.2080085873604,401.06600868701935,401.06600868701935,402.0820087194443,402.0820087194443,402.0820087194443,429.76800912618637,431.8000091314316,435.86400920152664,435.86400920152664,481.3300104737282,483.61601054668427,494.284010887146,499.36401104927063,505.20601123571396,506.73001128435135,516.1280115842819,522.732011795044,523.2400118112564,523.2400118112564,571.7540128827095,607.3140134811401,625.3480138778687,630.174014031887,630.174014031887,630.174014031887,630.4280140399933,631.4440140724182,631.4440140724182,633.4760141372681,653.2880145907402,664.7180147767067,664.7180147767067,668.2740148901939,671.576014995575,678.6880152225494,702.0560156106949,720.5980162024498,725.170016348362,727.7100164294243,753.6180165410042,763.7780168056488,763.7780168056488,763.7780168056488,763.7780168056488,763.7780168056488,763.7780168056488,763.7780168056488,770.6360169053078,772.1600169539452,776.4780170917511,821.4360178112984,823.214017868042,851.9160187244415,851.9160187244415,851.9160187244415,860.2980190515518,883.6660196781158,889.5080197453499,901.9540201425552,912.3680204749107,918.4640206098557,948.4360213279724,951.230021417141,951.230021417141,951.4840214252472
2022-06-28 11:00:00,Baja,6.26033673612977,-75.5809951425629,Media,Deslizamiento,Medellín,Comuna 7 Robledo,Ecoparque Cerro El Volador,23.0,1,45.4660005569458,47.498000621795654,74.93000149726868,83.05800169706345,83.05800169706345,84.83600175380707,92.96400225162506,97.02800232172012,110.49000257253647,119.38000285625458,132.3340031504631,142.74800378084183,164.33800411224365,170.18000447750092,199.64400482177734,200.9140048623085,208.28000497817993,251.20600587129593,251.96800589561462,257.04800605773926,257.81000608205795,277.8760066628456,279.400006711483,282.702006816864,282.702006816864,318.0080077648163,346.71000838279724,347.47200840711594,351.7900085449219,368.30000895261765,368.5540089607239,368.5540089607239,374.3960090279579,374.3960090279579,381.7620090842247,381.7620090842247,382.01600909233093,390.1440090537071,391.6680091023445,396.2400091290474,397.0020091533661,439.67400974035263,440.9440097808838,449.8340100646019,452.62801015377045,457.7080103158951,457.7080103158951,464.3120105266571,471.17001074552536,471.93201076984406,471.93201076984406,489.2040111422539,505.4600116610527,537.718012034893,540.5120121240616,540.5120121240616,540.5120121240616,540.5120121240616,542.036012172699,542.036012172699,543.8140122294426,563.8800122737885,569.2140124440193,569.2140124440193,570.7380124926567,581.1520128250122,585.2160128355026,611.3780131340027,628.142013669014,632.4600138068199,636.0160139203072,643.128014087677,643.128014087677,643.128014087677,643.128014087677,643.128014087677,643.128014087677,643.128014087677,643.128014087677,652.0180141925812,653.0340142250061,656.3360143303871,685.0380150079727,689.3560152053833,711.962015748024,711.962015748024,711.962015748024,713.7400158047676,735.8380163908005,738.632016479969,762.5080167651176,780.7960175275803,786.1300175786018,852.1700184941292,856.9960185289383,856.9960185289383,857.5040185451508
2022-08-01 19:00:00,Baja,6.29485847778135,-75.544415608739,Media,Deslizamiento,Medellín,Comuna 1 Popular,Santo Domingo Savio No.1,352.0,1,65.02399915456772,65.02399915456772,65.02399915456772,69.08799928426743,100.33000028133392,105.91800028085709,123.95200073719025,136.3980011343956,139.70000118017197,144.7800013422966,145.79600137472153,145.79600137472153,145.79600137472153,145.79600137472153,146.81200140714645,148.33600145578384,148.33600145578384,148.33600145578384,150.87600153684616,160.02000164985657,160.02000164985657,191.5160026550293,194.56400275230408,194.56400275230408,195.580002784729,195.580002784729,196.59600281715393,196.59600281715393,197.1040028333664,197.1040028333664,202.94600301980972,210.31200325489044,212.3440033197403,235.4580038189888,250.6980043053627,256.79400449991226,283.71800523996353,286.25800532102585,288.5440053343773,289.306005358696,291.59200543165207,292.608005464077,308.61000549793243,315.21400570869446,319.5320058465004,337.3120068907738,341.6300070285797,361.9500072002411,384.5560076236725,384.5560076236725,395.22400790452957,428.75200843811035,430.530008494854,434.0860086083412,462.7880089879036,464.312009036541,489.71200931072235,498.09400951862335,514.8580095767975,519.9380097389221,566.9280107617378,574.0400108098984,579.3740109801292,587.2480112314224,588.0100112557411,588.0100112557411,588.0100112557411,588.0100112557411,588.2640112638474,588.2640112638474,588.2640112638474,594.106011390686,616.7120123505592,622.0460124015808,625.8560125231743,639.0640129446983,648.7160128951073,661.6700132489204,664.7180133461952,672.8460136055946,674.1160136461258,679.4500138163567,683.2600139379501,694.6900139451027,694.6900139451027,696.4680140018463,728.4720155596733,769.1120167374611,772.9220168590546,772.9220168590546,772.9220168590546,772.9220168590546,772.9220168590546,773.430016875267,777.2400169968605,782.0660171508789,811.530017375946
2022-08-01 19:00:00,Baja,6.29999705400002,-75.551633477,Media,Deslizamiento,Medellín,Corregimiento 60 San Cristóbal,La Loma,353.0,1,63.24600160121918,63.24600160121918,63.24600160121918,67.05600172281265,89.66200244426727,94.74200248718262,118.11000269651413,131.064002931118,131.8260029554367,137.4140031337738,138.1760031580925,138.1760031580925,138.1760031580925,138.43000316619873,139.19200319051743,140.46200323104858,140.46200323104858,140.46200323104858,141.73200327157974,152.65400356054306,152.65400356054306,182.11800414323807,184.40400421619415,184.40400421619415,185.6740042567253,185.6740042567253,186.18200427293777,186.18200427293777,186.69000428915024,186.69000428915024,192.27800452709198,198.62800472974777,199.89800477027893,221.742005109787,233.426005423069,237.99800556898117,257.81000608205795,259.8420061469078,263.1440062522888,264.16000628471375,266.70000636577606,267.2080063819885,287.0200067162514,293.37000691890717,296.1640070080757,313.18200731277466,317.24600744247437,342.90000796318054,361.4420083761215,362.2040084004402,380.49200946092606,405.892009973526,410.972010076046,414.52801018953323,452.1200106739998,454.4060107469559,489.45801120996475,494.0300113558769,503.42801147699356,509.5240116715431,557.022012591362,562.864012658596,566.4200127720833,572.5160129666328,573.786013007164,573.786013007164,573.786013007164,573.786013007164,573.786013007164,573.786013007164,573.786013007164,577.8500130772591,610.8700122833252,618.4900124073029,623.0620124340057,632.9680127501488,639.3180128931999,650.2400132417679,652.526013314724,659.130013525486,660.4000135660172,664.9720137119293,669.7980138659477,673.1000139117241,673.1000139117241,673.3540139198303,697.9920148849487,729.7420154809952,733.0440155863762,733.0440155863762,733.0440155863762,733.0440155863762,733.0440155863762,734.0600156188011,736.6000156998634,739.394015789032,751.8400158286095
2022-08-01 19:30:00,Baja,6.296410998,-75.543978146,Media,Deslizamiento,Medellín,Comuna 1 Popular,Santo Domingo Savio No.1,352.0,1,65.02399915456772,65.02399915456772,65.02399915456772,68.0719992518425,97.02800017595291,105.91800028085709,115.06200057268143,136.3980011343956,139.70000118017197,144.7800013422966,145.79600137472153,145.79600137472153,145.79600137472153,145.79600137472153,146.81200140714645,148.33600145578384,148.33600145578384,148.33600145578384,150.87600153684616,160.02000164985657,160.02000164985657,191.5160026550293,194.56400275230408,194.56400275230408,195.580002784729,195.580002784729,196.59600281715393,196.59600281715393,197.1040028333664,197.1040028333664,199.89800292253494,210.31200325489044,212.3440033197403,235.4580038189888,250.6980043053627,256.79400449991226,283.21000522375107,286.25800532102585,288.5440053343773,289.306005358696,291.59200543165207,292.608005464077,302.0060057044029,313.43600565195084,319.5320058465004,337.3120068907738,341.6300070285797,361.9500072002411,384.5560076236725,384.5560076236725,395.22400790452957,428.75200843811035,430.530008494854,433.832008600235,462.7880089879036,464.312009036541,489.71200931072235,498.09400951862335,514.8580095767975,519.4300097227097,566.9280107617378,574.0400108098984,579.3740109801292,587.2480112314224,588.0100112557411,588.0100112557411,588.0100112557411,588.0100112557411,588.2640112638474,588.2640112638474,588.2640112638474,594.106011390686,616.7120123505592,622.0460124015808,625.8560125231743,639.0640129446983,648.7160128951073,661.6700132489204,664.7180133461952,672.8460136055946,674.1160136461258,679.4500138163567,683.2600139379501,694.6900139451027,694.6900139451027,696.2140139937401,723.6460154056549,769.1120167374611,772.9220168590546,772.9220168590546,772.9220168590546,772.9220168590546,772.9220168590546,773.430016875267,776.9860169887543,782.0660171508789,811.530017375946
2022-08-01 19:40:00,Baja,6.29696853899998,-75.542870455,Media,Deslizamiento,Medellín,Comuna 1 Popular,Santo Domingo Savio No.1,352.0,1,65.02399915456772,65.02399915456772,65.02399915456772,68.0719992518425,97.02800017595291,105.91800028085709,115.06200057268143,136.3980011343956,139.70000118017197,144.7800013422966,145.79600137472153,145.79600137472153,145.79600137472153,145.79600137472153,146.81200140714645,148.33600145578384,148.33600145578384,148.33600145578384,150.87600153684616,160.02000164985657,160.02000164985657,191.5160026550293,194.56400275230408,194.56400275230408,195.580002784729,195.580002784729,196.59600281715393,196.59600281715393,197.1040028333664,197.1040028333664,199.89800292253494,210.31200325489044,212.3440033197403,235.4580038189888,250.6980043053627,256.79400449991226,283.21000522375107,286.25800532102585,288.5440053343773,289.306005358696,291.59200543165207,292.608005464077,302.0060057044029,313.43600565195084,319.5320058465004,337.3120068907738,341.6300070285797,361.9500072002411,384.5560076236725,384.5560076236725,395.22400790452957,428.75200843811035,430.530008494854,433.832008600235,462.7880089879036,464.312009036541,489.71200931072235,498.09400951862335,514.8580095767975,519.4300097227097,566.9280107617378,574.0400108098984,579.3740109801292,587.2480112314224,588.0100112557411,588.0100112557411,588.0100112557411,588.0100112557411,588.2640112638474,588.2640112638474,588.2640112638474,594.106011390686,616.7120123505592,622.0460124015808,625.8560125231743,639.0640129446983,648.7160128951073,661.6700132489204,664.7180133461952,672.8460136055946,674.1160136461258,679.4500138163567,683.2600139379501,694.6900139451027,694.6900139451027,696.2140139937401,723.6460154056549,769.1120167374611,772.9220168590546,772.9220168590546,772.9220168590546,772.9220168590546,772.9220168590546,773.430016875267,776.9860169887543,782.0660171508789,811.530017375946
2022-08-01 22:00:00,Baja,6.28651591599998,-75.551660313,Media,Otro,Medellín,Comuna 1 Popular,Villa Guadalupe,40.0,1,61.21400135755539,61.21400135755539,61.21400135755539,62.230001389980316,85.59800213575363,94.9960024356842,99.8220025897026,129.03200334310532,129.794003367424,134.36600351333618,135.3820035457611,135.3820035457611,135.3820035457611,135.63600355386734,136.9060035943985,138.17600363492966,138.4300036430359,138.4300036430359,139.95400369167328,149.35200381278992,149.35200381278992,177.03800439834595,179.0700044631958,179.0700044631958,179.8320044875145,179.8320044875145,180.5940045118332,180.5940045118332,181.10200452804565,181.10200452804565,184.40400463342667,196.8500051498413,198.12000519037247,218.6940056681633,235.20400613546371,239.77600622177124,252.47600662708282,263.9060067534447,267.7160068154335,268.73200684785843,271.0180069208145,271.7800069451332,278.8920071721077,296.9260078072548,305.0540080666542,320.54800820350647,323.0880082845688,348.23400872945786,368.0460094213486,369.57000946998596,387.35000973939896,412.2420104146004,416.5600105524063,419.6080106496811,442.4680107831955,444.7540108561516,485.14001190662384,488.9500120282173,500.12601202726364,502.9200121164322,558.8000136017799,563.8800137639046,568.4520139098167,575.5640141367912,577.0880141854286,577.0880141854286,577.0880141854286,577.0880141854286,577.3420141935349,577.3420141935349,577.3420141935349,578.612014234066,604.7740151286125,609.6000150442123,611.8860150575638,624.5860154628754,634.2380155920982,644.1440159082413,646.4300159811974,654.3040161728859,655.0660161972046,658.6220163106918,663.9560164809227,668.7820166349411,669.2900166511536,669.5440166592598,694.6900175213814,722.3760180473328,737.3620188236237,737.3620188236237,737.3620188236237,737.3620188236237,737.3620188236237,738.3780188560486,740.4100189208984,744.2200190424919,759.2060197591782
2022-08-01 22:00:00,Baja,6.29227338300001,-75.545551429,Media,Deslizamiento,Medellín,Comuna 1 Popular,Granizal,352.0,1,65.02399915456772,65.02399915456772,65.02399915456772,66.54799920320511,93.98000007867813,105.91800028085709,113.03000050783157,136.3980011343956,139.70000118017197,144.7800013422966,145.79600137472153,145.79600137472153,145.79600137472153,145.79600137472153,146.81200140714645,148.33600145578384,148.33600145578384,148.33600145578384,150.87600153684616,160.02000164985657,160.02000164985657,191.5160026550293,194.56400275230408,194.56400275230408,195.580002784729,195.580002784729,196.59600281715393,196.59600281715393,197.1040028333664,197.1040028333664,199.89800292253494,210.31200325489044,212.3440033197403,235.4580038189888,250.6980043053627,256.79400449991226,274.066005051136,285.49600529670715,288.5440053343773,289.306005358696,291.59200543165207,292.608005464077,302.0060057044029,309.1180055141449,319.5320058465004,337.05800688266754,340.6140069961548,361.9500072002411,384.5560076236725,384.5560076236725,395.22400790452957,428.75200843811035,430.530008494854,433.832008600235,462.7880089879036,464.312009036541,489.71200931072235,498.09400951862335,514.8580095767975,517.9060096740723,566.9280107617378,574.0400108098984,579.3740109801292,587.2480112314224,588.0100112557411,588.0100112557411,588.0100112557411,588.0100112557411,588.2640112638474,588.2640112638474,588.2640112638474,594.106011390686,616.7120123505592,622.0460124015808,625.8560125231743,639.0640129446983,648.7160128951073,661.6700132489204,664.7180133461952,672.8460136055946,674.1160136461258,679.4500138163567,683.2600139379501,694.4360139369965,694.6900139451027,696.2140139937401,722.3760153651237,754.1260160207748,772.9220168590546,772.9220168590546,772.9220168590546,772.9220168590546,772.9220168590546,773.430016875267,776.9860169887543,782.0660171508789,811.530017375946
2022-08-01 22:00:00,Baja,6.290661629,-75.551385362,Media,Deslizamiento,Medellín,Comuna 1 Popular,Moscú No.2,40.0,1,61.21400135755539,61.21400135755539,61.21400135755539,62.230001389980316,85.59800213575363,94.9960024356842,99.8220025897026,129.03200334310532,129.794003367424,134.36600351333618,135.3820035457611,135.3820035457611,135.3820035457611,135.63600355386734,136.9060035943985,138.17600363492966,138.4300036430359,138.4300036430359,139.95400369167328,149.35200381278992,149.35200381278992,177.03800439834595,179.0700044631958,179.0700044631958,179.8320044875145,179.8320044875145,180.5940045118332,180.5940045118332,181.10200452804565,181.10200452804565,184.40400463342667,196.8500051498413,198.12000519037247,218.6940056681633,235.20400613546371,239.77600622177124,252.47600662708282,263.9060067534447,267.7160068154335,268.73200684785843,271.0180069208145,271.7800069451332,278.8920071721077,296.9260078072548,305.0540080666542,320.54800820350647,323.0880082845688,348.23400872945786,368.0460094213486,369.57000946998596,387.35000973939896,412.2420104146004,416.5600105524063,419.6080106496811,442.4680107831955,444.7540108561516,485.14001190662384,488.9500120282173,500.12601202726364,502.9200121164322,558.8000136017799,563.8800137639046,568.4520139098167,575.5640141367912,577.0880141854286,577.0880141854286,577.0880141854286,577.0880141854286,577.3420141935349,577.3420141935349,577.3420141935349,578.612014234066,604.7740151286125,609.6000150442123,611.8860150575638,624.5860154628754,634.2380155920982,644.1440159082413,646.4300159811974,654.3040161728859,655.0660161972046,658.6220163106918,663.9560164809227,668.7820166349411,669.2900166511536,669.5440166592598,694.6900175213814,722.3760180473328,737.3620188236237,737.3620188236237,737.3620188236237,737.3620188236237,737.3620188236237,738.3780188560486,740.4100189208984,744.2200190424919,759.2060197591782
2022-08-01 22:00:00,Baja,6.29044333490299,-75.5512102988812,Media,Deslizamiento,Medellín,Comuna 1 Popular,Moscú No.2,40.0,1,61.21400135755539,61.21400135755539,61.21400135755539,62.230001389980316,85.59800213575363,94.9960024356842,99.8220025897026,129.03200334310532,129.794003367424,134.36600351333618,135.3820035457611,135.3820035457611,135.3820035457611,135.63600355386734,136.9060035943985,138.17600363492966,138.4300036430359,138.4300036430359,139.95400369167328,149.35200381278992,149.35200381278992,177.03800439834595,179.0700044631958,179.0700044631958,179.8320044875145,179.8320044875145,180.5940045118332,180.5940045118332,181.10200452804565,181.10200452804565,184.40400463342667,196.8500051498413,198.12000519037247,218.6940056681633,235.20400613546371,239.77600622177124,252.47600662708282,263.9060067534447,267.7160068154335,268.73200684785843,271.0180069208145,271.7800069451332,278.8920071721077,296.9260078072548,305.0540080666542,320.54800820350647,323.0880082845688,348.23400872945786,368.0460094213486,369.57000946998596,387.35000973939896,412.2420104146004,416.5600105524063,419.6080106496811,442.4680107831955,444.7540108561516,485.14001190662384,488.9500120282173,500.12601202726364,502.9200121164322,558.8000136017799,563.8800137639046,568.4520139098167,575.5640141367912,577.0880141854286,577.0880141854286,577.0880141854286,577.0880141854286,577.3420141935349,577.3420141935349,577.3420141935349,578.612014234066,604.7740151286125,609.6000150442123,611.8860150575638,624.5860154628754,634.2380155920982,644.1440159082413,646.4300159811974,654.3040161728859,655.0660161972046,658.6220163106918,663.9560164809227,668.7820166349411,669.2900166511536,669.5440166592598,694.6900175213814,722.3760180473328,737.3620188236237,737.3620188236237,737.3620188236237,737.3620188236237,737.3620188236237,738.3780188560486,740.4100189208984,744.2200190424919,759.2060197591782
2022-08-01 23:00:00,Baja,6.27758803099999,-75.53562097,Media,Deslizamiento,Medellín,Corregimiento 90 Santa Elena,Piedras Blancas - Matasano,55.0,1,43.180000722408295,43.180000722408295,43.180000722408295,44.704000771045685,66.04000145196915,79.24800163507462,81.78800171613693,123.19000279903412,125.98400270938873,129.7940028309822,131.3180028796196,131.3180028796196,131.3180028796196,131.57200288772583,133.35000294446945,135.3820030093193,135.3820030093193,136.65200304985046,139.446003139019,150.1140034198761,150.1140034198761,168.65600353479385,172.2120036482811,172.2120036482811,172.46600365638733,172.46600365638733,173.48200368881226,173.48200368881226,173.99000370502472,173.99000370502472,176.02200376987457,189.99200385808945,193.04000395536423,210.0580045580864,224.28200495243073,226.06000500917435,235.45800530910492,249.93600577116013,251.46000581979752,252.2220058441162,254.76200592517853,255.77800595760345,259.58800595998764,266.4460060596466,274.3200063109398,295.14800667762756,296.9260067343712,320.0400074124336,337.3120077252388,338.0740077495575,348.2340079545975,385.3180084824562,386.8420085310936,394.208008646965,407.9240092039108,409.70200926065445,433.5780094861984,443.2300097346306,455.4220098853111,457.96200996637344,503.93601059913635,527.0500109791756,532.8920111656189,543.5600115060806,545.5920115709305,545.5920115709305,545.5920115709305,545.5920115709305,545.5920115709305,545.5920115709305,545.5920115709305,553.4660118222237,575.0560120344162,581.9140120744705,581.9140120744705,591.8200123906136,603.250012755394,611.3780130147934,616.458013176918,623.8240134119987,624.8400134444237,628.3960135579109,632.9680137038231,644.1440137624741,644.6520137786865,645.160013794899,668.0200147628784,688.0860152244568,701.0400156378746,701.0400156378746,701.0400156378746,701.2940156459808,701.2940156459808,702.8180156946182,705.1040157675743,709.168015897274,728.4720160365105
2022-08-01 23:00:00,Baja,6.28555945699998,-75.541412542,Media,Deslizamiento,Medellín,Comuna 3 Manrique,San José La Cima No.1,55.0,1,43.180000722408295,43.180000722408295,43.180000722408295,44.704000771045685,66.04000145196915,79.24800163507462,81.78800171613693,123.19000279903412,125.98400270938873,129.7940028309822,131.3180028796196,131.3180028796196,131.3180028796196,131.57200288772583,133.35000294446945,135.3820030093193,135.3820030093193,136.65200304985046,139.446003139019,150.1140034198761,150.1140034198761,168.65600353479385,172.2120036482811,172.2120036482811,172.46600365638733,172.46600365638733,173.48200368881226,173.48200368881226,173.99000370502472,173.99000370502472,176.02200376987457,189.99200385808945,193.04000395536423,210.0580045580864,224.28200495243073,226.06000500917435,235.45800530910492,249.93600577116013,251.46000581979752,252.2220058441162,254.76200592517853,255.77800595760345,259.58800595998764,266.4460060596466,274.3200063109398,295.14800667762756,296.9260067343712,320.0400074124336,337.3120077252388,338.0740077495575,348.2340079545975,385.3180084824562,386.8420085310936,394.208008646965,407.9240092039108,409.70200926065445,433.5780094861984,443.2300097346306,455.4220098853111,457.96200996637344,503.93601059913635,527.0500109791756,532.8920111656189,543.5600115060806,545.5920115709305,545.5920115709305,545.5920115709305,545.5920115709305,545.5920115709305,545.5920115709305,545.5920115709305,553.4660118222237,575.0560120344162,581.9140120744705,581.9140120744705,591.8200123906136,603.250012755394,611.3780130147934,616.458013176918,623.8240134119987,624.8400134444237,628.3960135579109,632.9680137038231,644.1440137624741,644.6520137786865,645.160013794899,668.0200147628784,688.0860152244568,701.0400156378746,701.0400156378746,701.0400156378746,701.2940156459808,701.2940156459808,702.8180156946182,705.1040157675743,709.168015897274,728.4720160365105
2022-08-02 16:00:00,Baja,6.23612134000001,-75.532031411,Media,Otro,Medellín,Comuna 8 Villa Hermosa,Villa Lilliam,44.0,1,35.814000964164734,43.94200122356415,44.19600123167038,44.19600123167038,53.59400153160095,86.61400240659714,87.8840024471283,112.01400285959244,133.35000371932983,134.62000370025635,141.98600387573242,144.78000396490097,144.78000396490097,144.78000396490097,145.28800398111343,146.81200402975082,149.0980041027069,149.35200411081314,149.35200411081314,150.87600415945053,161.54400432109833,173.4820048213005,184.65800511837006,186.43600517511368,186.43600517511368,186.94400519132614,186.94400519132614,187.96000522375107,187.96000522375107,188.72200524806976,188.72200524806976,202.94600558280945,211.58200573921204,217.67800599336624,229.3620063662529,255.5240068435669,269.74800741672516,291.5920081138611,295.40200823545456,295.40200823545456,298.1960083246231,301.2440084218979,303.530008494854,321.8180091381073,326.13600927591324,348.7420097589493,378.46001052856445,381.00001060962677,390.14401066303253,401.57401102781296,401.57401102781296,401.57401102781296,401.57401102781296,401.57401102781296,402.5900110602379,405.1300111413002,418.33801132440567,419.86201137304306,420.878011405468,426.21201145648956,460.7560126185417,488.4420131444931,489.2040131688118,506.4760135412216,514.0960137844086,517.6520138978958,517.6520138978958,520.9540140032768,520.9540140032768,520.9540140032768,524.5100141167641,524.7640141248703,531.8760143518448,541.0200147032738,542.7980147600174,542.7980147600174,567.1820151209831,575.8180154561996,585.2160157561302,589.7880159020424,594.868016064167,594.868016064167,600.7100162506104,606.8060164451599,609.6000165343285,609.6000165343285,612.1400166153908,647.1920175552368,655.5740177631378,660.14601790905,660.14601790905,660.14601790905,661.1620179414749,663.7020180225372,663.7020180225372,665.7340180873871,672.8460183143616
2022-08-05 23:00:00,Baja,6.25323446499999,-75.631736756,Media,Deslizamiento,Medellín,Comuna 13 San Javier,El Salado,53.0,1,53.340001344680786,53.59400135278702,53.84800136089325,64.26200169324875,79.75600206851959,79.75600206851959,79.75600206851959,83.56600219011307,110.99800306558609,123.9520034790039,127.50800359249115,157.22600454092026,163.0680046081543,181.35600501298904,185.67400515079498,185.67400515079498,185.67400515079498,185.92800515890121,187.4520052075386,189.7380052804947,190.24600529670715,190.50000530481339,192.53200536966324,207.2640057206154,207.51800572872162,236.72800594568253,239.52200603485107,239.52200603485107,239.7760060429573,239.7760060429573,240.03000605106354,240.03000605106354,240.538006067276,240.79200607538223,243.33200615644455,254.5080063343048,262.12800645828247,281.1780068874359,298.4500073194504,320.5480081439018,329.1840084195137,345.69400894641876,351.2820088863373,352.55200892686844,355.85400903224945,362.96600908041,373.8880091905594,379.22200924158096,386.0800094604492,395.4780095219612,402.844009578228,419.3540098667145,456.18401050567627,458.9780105948448,476.5040108561516,523.2400115728378,538.9880118966103,539.2420119047165,540.2580119371414,552.9580122828484,565.1500126719475,568.1980127692223,573.7860129475594,591.5660133957863,634.7460147738457,645.6680149435997,648.9700150489807,665.9880154132843,667.7660154700279,667.7660154700279,674.6240156292915,674.8780156373978,678.1800157427788,680.4660158157349,682.2440158724785,695.9600161314011,704.5960164070129,705.6120164394379,726.9480167031288,751.3320172429085,776.2240172624588,789.4320176243782,793.4960177540779,798.8300179243088,799.084017932415,800.6080179810524,813.5620183944702,818.3880183696747,825.5000185370445,825.5000185370445,840.4860190153122,895.3500198721886,899.6680200099945,899.6680200099945,899.6680200099945,899.6680200099945,899.6680200099945
2022-08-06 01:40:00,Baja,6.27169700799999,-75.627379146,Media,Deslizamiento,Medellín,Corregimiento 60 San Cristóbal,La Loma,27.0,1,84.32800155878067,87.63000160455704,88.1380016207695,105.66400235891342,123.19000285863876,126.23800295591354,126.23800295591354,126.23800295591354,157.9880039691925,184.91200476884842,186.18200480937958,222.25000590085983,226.31400603055954,257.04800683259964,259.3340069055557,260.35000693798065,260.35000693798065,260.35000693798065,260.6040069460869,264.6680070757866,264.9220070838928,264.9220070838928,266.192007124424,273.8120073080063,280.92400765419006,299.4660078883171,332.23200899362564,332.7400090098381,332.7400090098381,332.7400090098381,332.7400090098381,332.7400090098381,333.24800902605057,333.75600904226303,334.2640090584755,343.40800935029984,361.69600969552994,385.0640102624893,394.4620105624199,420.11601126194,424.94201135635376,450.8500118255615,464.5660122036934,464.5660122036934,468.6300123333931,477.2660124897957,492.7600131034851,500.1260133385658,506.2220135331154,510.7940136194229,517.3980138301849,533.1460139155388,551.6880143284798,593.8520157337189,619.2520161867142,639.8260167837143,668.2740176916122,668.2740176916122,673.6080177426338,692.404018163681,703.8340185284615,706.1200186014175,712.2160187959671,712.4700188040733,748.0300199985504,773.1760206222534,775.4620206952095,782.574020922184,795.2740212678909,795.7820212841034,803.4020214676857,803.6560214757919,807.4660215377808,830.5800215601921,836.4220216274261,855.2180214524269,857.7580215334892,860.044021487236,881.3800220489502,911.8600222468376,934.9740228056908,947.9280231595039,961.136023581028,962.1520236134529,966.9780237674713,966.9780237674713,976.1220240592957,993.902024269104,1014.4760241508484,1014.4760241508484,1023.1120244264603,1058.9260256290436,1082.0400258898735,1083.3100259304047,1083.3100259304047,1083.3100259304047,1083.3100259304047
2022-08-06 02:00:00,Baja,6.26394508987854,-75.6111927596073,Media,Deslizamiento,Medellín,Comuna 13 San Javier,La Pradera,12.0,1,62.73800039291382,64.00800043344498,64.51600044965744,77.21600091457367,96.52000117301941,98.55200123786926,98.55200123786926,98.55200123786926,119.12600183486938,137.1600022315979,140.20800232887268,171.70400315523148,173.22800320386887,179.57800340652466,182.11800348758698,182.88000351190567,182.88000351190567,182.88000351190567,183.1340035200119,186.18200361728668,186.18200361728668,187.70600366592407,194.56400382518768,198.88200396299362,213.61400479078293,228.60000485181808,236.7280051112175,237.4900051355362,237.4900051355362,237.4900051355362,237.74400514364243,237.74400514364243,239.01400518417358,239.26800519227982,240.7920052409172,249.9360054731369,254.25400561094284,281.1780062317848,287.02000641822815,307.3400068283081,311.4040069580078,333.7560074329376,341.6300073862076,341.6300073862076,345.1860074996948,356.87000769376755,357.63200771808624,366.77600795030594,373.8880081772804,381.50800824165344,389.63600808382034,399.03400832414627,416.05200827121735,433.32400864362717,445.26200890541077,463.80400919914246,475.9960094690323,476.2500094771385,481.0760096311569,484.8860097527504,500.1260100007057,501.6500100493431,503.9360101222992,504.1900101304054,540.258011341095,562.1020120382309,562.8640120625496,568.1980122327805,586.232012450695,586.232012450695,592.0740126371384,592.0740126371384,594.8680129051208,618.2360126376152,618.2360126376152,618.9980126619339,634.2380129098892,635.0000129342079,646.6840131282806,669.5440135598183,686.054013967514,689.6100141406059,699.7700144648552,700.7860144972801,704.3420146107674,704.3420146107674,710.6920148134232,715.7720149755478,722.6300150752068,722.6300150752068,731.266015291214,752.0940158367157,781.0500164031982,781.3040164113045,781.3040164113045,781.3040164113045,781.3040164113045
2022-08-06 03:00:00,Baja,6.27486962400002,-75.607424688,Media,Deslizamiento,Medellín,Comuna 13 San Javier,Blanquizal,456.0,1,55.11800158023834,61.21400171518326,61.97600173950195,75.184002161026,107.9500025510788,110.99800264835358,110.99800264835358,110.99800264835358,126.49200314283371,154.940003991127,155.19400399923325,173.2280045747757,179.5780047774315,192.2780048251152,192.78600484132767,194.05600488185883,194.05600488185883,194.05600488185883,194.31000488996506,195.83400493860245,196.85000497102737,196.85000497102737,198.12000501155853,198.88200503587723,206.2480052113533,220.47200536727905,237.23600548505783,240.2840055823326,240.53800559043884,240.53800559043884,240.79200559854507,240.79200559854507,241.30000561475754,241.55400562286377,241.55400562286377,257.8100056052208,267.20800572633743,275.8440060019493,287.27400583028793,308.61000645160675,311.4040065407753,331.4700071811676,347.98000741004944,347.98000741004944,350.774007499218,355.3460075855255,366.0140079855919,372.3640081882477,377.9520083665848,384.3020085096359,395.2240086197853,409.7020089626312,417.3220090866089,446.7860096693039,452.37400978803635,484.1240106225014,501.1420103907585,501.1420103907585,505.7140105366707,510.7940106987953,525.272010743618,526.2880107760429,529.3360108733177,529.3360108733177,564.8960118293762,586.4860124588013,587.24801248312,590.550012588501,611.8860125541687,611.8860125541687,615.1880126595497,617.4740127325058,620.5220128893852,629.6660127043724,629.6660127043724,631.6980127692223,638.0480127930641,640.3340128660202,653.0340133309364,667.5120137929916,687.8320143222809,688.8480143547058,700.7860147356987,701.0400147438049,705.3580148816109,705.3580148816109,712.7240151166916,717.55001527071,737.6160153746605,737.6160153746605,747.2680155038834,763.5240160226822,792.2260169386864,792.9880169630051,792.9880169630051,792.9880169630051,792.9880169630051
2022-08-06 03:00:00,Baja,6.25411654511287,-75.6313371845968,Media,Deslizamiento,Medellín,Comuna 13 San Javier,El Salado,53.0,1,77.4700014591217,82.04200160503387,82.2960016131401,91.94800192117691,103.63200217485428,108.45800232887268,108.45800232887268,108.45800232887268,129.03200298547745,152.654003739357,153.4160037636757,179.32400459051132,188.46800488233566,209.8040052652359,210.05800527334213,214.37600541114807,214.37600541114807,214.37600541114807,214.6300054192543,216.9160054922104,218.44000554084778,219.20200556516647,220.9800056219101,222.50400567054749,236.2200059890747,246.12600630521774,265.4300062060356,268.22400629520416,268.4780063033104,268.4780063033104,268.7320063114166,268.7320063114166,269.2400063276291,269.4940063357353,269.4940063357353,277.6220064163208,288.7980066537857,299.9740070104599,311.4040071964264,349.2500084042549,353.56800854206085,373.3800091743469,379.98400914669037,379.98400914669037,383.5400092601776,391.41400933265686,399.03400933742523,407.92400950193405,414.7820097208023,422.6560097336769,431.5460098385811,442.72200989723206,454.40601032972336,485.3940107822418,490.7280109524727,533.6540116667747,567.6900121569633,567.6900121569633,568.9600121974945,579.6280124783516,593.8520129323006,596.9000130295753,602.4880132079124,602.4880132079124,637.5400140881538,674.3700152039528,675.8940152525902,680.2120153903961,696.2140157222748,696.468015730381,700.2780158519745,703.3260158896446,706.8820160031319,709.168016076088,710.9460161328316,724.6620163917542,733.298016667366,734.314016699791,755.6500169634819,770.3820172548294,794.7660176157951,809.7520176172256,822.198018014431,822.198018014431,827.5320181846619,827.7860181927681,837.6920185089111,847.0900186300278,854.2020187973976,854.2020187973976,862.330019056797,887.9840198755264,926.8460202217102,928.3700202703476,928.3700202703476,928.3700202703476,928.3700202703476
2022-08-06 07:00:00,Baja,6.22744264741598,-75.5295992264469,Media,Deslizamiento,Medellín,Corregimiento 90 Santa Elena,Las Palmas,289.0,1,44.19600069522858,53.59400087594986,55.37200093269348,61.97600108385086,101.60000199079514,110.49000227451324,110.49000227451324,110.49000227451324,122.68200254440308,166.8780038356781,167.6400038599968,195.07200461626053,208.0260049700737,215.39200502634048,216.4080050587654,221.2340052127838,221.2340052127838,221.2340052127838,221.2340052127838,221.2340052127838,221.2340052127838,221.2340052127838,221.9960052371025,223.5200052857399,230.12400543689728,238.76000541448593,247.6500056385994,249.68200570344925,249.68200570344925,249.68200570344925,249.68200570344925,250.69800573587418,250.9520057439804,251.46000576019287,251.96800577640533,265.9380061030388,277.87600630521774,281.94000643491745,294.64000684022903,318.51600754261017,331.7240080833435,351.28200858831406,353.8220086693764,353.8220086693764,359.6640087366104,364.74400889873505,365.2520089149475,375.4120092391968,397.25600957870483,406.9080100655556,413.00401026010513,424.4340104460716,432.3080105185509,447.0400108098984,447.80201083421707,451.1040109395981,473.7100113630295,476.50401145219803,486.1560115814209,487.42601162195206,509.0160126686096,510.2860127091408,515.36601293087,515.36601293087,542.5440137386322,577.0880145430565,585.4700146317482,593.3440148234367,603.758015036583,604.5200150609016,604.5200150609016,611.3780152201653,611.3780152201653,611.8860152363777,611.8860152363777,621.7920157313347,644.1440163850784,645.6680164337158,649.7320165038109,649.7320165038109,679.4500179290771,680.9740179777145,690.3720182776451,695.706018447876,703.0720186829567,703.3260186910629,712.4700189232826,720.598019182682,720.598019182682,720.598019182682,740.4100196361542,764.0320203304291,769.1120204925537,775.2080206274986,775.2080206274986,775.4620206356049,775.9700206518173
2022-08-06 10:50:00,Baja,6.26898759,-75.540897627,Media,Deslizamiento,Medellín,Comuna 3 Manrique,La Cruz,16.0,1,55.62600117921829,81.78800177574158,82.55000180006027,109.47400206327438,133.35000252723694,146.05000293254852,146.05000293254852,146.05000293254852,155.19400322437286,208.53400468826294,209.55000472068787,247.14200568199158,261.11200588941574,261.11200588941574,266.4460060596466,269.7480061650276,269.7480061650276,269.7480061650276,270.2560061812401,271.7800062298775,274.82800632715225,275.3360063433647,275.8440063595772,278.6380064487457,292.60800713300705,312.1660073399544,319.7860075831413,324.10400772094727,324.10400772094727,324.10400772094727,324.10400772094727,325.3740077614784,325.3740077614784,325.8820077776909,325.8820077776909,338.32800793647766,348.48800826072693,348.74200826883316,361.696008682251,373.63400906324387,373.63400906324387,387.6040095090866,390.39800959825516,390.39800959825516,390.39800959825516,391.4140096306801,391.4140096306801,391.4140096306801,391.4140096306801,394.4620096683502,397.76400977373123,399.7960098385811,402.08200991153717,442.976010620594,443.4840106368065,455.4220108985901,475.99601125717163,485.90201139450073,494.5380114912987,495.5540115237236,520.7000115513802,527.5580114126205,540.0040115118027,540.0040115118027,582.4220126867294,616.2040137648582,621.0300139188766,626.87201410532,643.8900146484375,644.9060146808624,644.9060146808624,646.9380147457123,646.9380147457123,647.4460147619247,647.4460147619247,662.4320153594017,696.7220150232315,710.18401491642,710.18401491642,710.18401491642,735.0760154724121,737.8700155615807,749.8080159425735,754.1260160803795,760.7300162911415,760.9840162992477,766.5720164775848,782.5740168690681,783.3360168933868,784.0980169177055,815.0860171914101,854.2020182013512,878.3320184350014,881.8880185484886,881.8880185484886,881.8880185484886,881.8880185484886
2022-08-06 15:30:00,Baja,6.252512411,-75.626084933,Media,Deslizamiento,Medellín,Comuna 13 San Javier,Nuevos Conquistadores,17.0,1,60.1980003118515,71.12000066041946,71.62800067663193,74.42200076580048,94.99600124359131,101.85400146245956,101.85400146245956,101.85400146245956,112.01400178670883,141.98600274324417,143.7640027999878,162.05200320482254,171.19600349664688,171.70400351285934,184.65800392627716,190.5000041127205,190.5000041127205,190.5000041127205,190.75400412082672,192.2780041694641,195.07200425863266,195.83400428295135,200.66000431776047,202.94600439071655,211.58200466632843,216.1540048122406,224.02800506353378,226.5680051445961,226.5680051445961,226.5680051445961,226.5680051445961,226.82200515270233,226.82200515270233,228.34600520133972,228.34600520133972,232.9180053472519,245.36400562524796,247.3960056900978,266.19200628995895,286.25800693035126,298.4500070810318,320.29400765895844,330.4540078639984,330.4540078639984,332.7400079369545,343.9160085916519,347.9800087213516,357.88600897789,363.9820091724396,365.25200921297073,377.69800931215286,378.7140093445778,386.33400946855545,425.19601011276245,426.72001016139984,445.2620108127594,475.99601167440414,478.5360116958618,480.0600117444992,480.0600117444992,491.49001210927963,501.6500124335289,506.22201257944107,506.22201257944107,530.6060130000114,560.5780138969421,561.5940139293671,566.1660140752792,589.0260146260262,589.7880146503448,589.7880146503448,595.8840147852898,596.138014793396,603.5040150880814,605.5360151529312,605.5360151529312,627.3800156116486,632.4600156545639,650.2400160431862,651.5100160837173,668.7820166349411,691.8960169553757,700.7860172390938,704.342017352581,709.4220175147057,709.6760175228119,717.5500177741051,724.9160180091858,734.568018078804,744.2200182676315,745.9980183243752,761.4920188188553,784.6060192584991,788.4160193800926,788.4160193800926,788.4160193800926,788.4160193800926
2022-08-06 16:00:00,Baja,6.23605788399999,-75.536104367,Media,Otro,Medellín,Comuna 8 Villa Hermosa,Villatina,551.0,1,61.976001262664795,71.88200157880783,73.91400164365768,78.48600167036057,112.77600228786469,121.41200256347656,121.6660025715828,121.6660025715828,133.85800296068192,170.43400394916534,172.46600395441055,199.39000457525253,218.1860050559044,219.45600509643555,226.3140053153038,229.87000542879105,229.87000542879105,229.87000542879105,230.12400543689728,231.64800548553467,234.18800556659698,234.69600558280945,234.95000559091568,237.23600566387177,250.9520062804222,264.92200618982315,274.5740064382553,276.35200649499893,276.35200649499893,276.8600065112114,276.8600065112114,277.8760065436363,277.8760065436363,278.3840065598488,278.3840065598488,296.16400665044785,304.0380068421364,306.32400691509247,318.5160073041916,350.2660079598427,370.33200842142105,392.938009083271,397.25600922107697,397.25600922107697,400.0500093102455,403.3520094156265,405.6380094885826,419.35400944948196,424.94200962781906,441.96000987291336,467.36001056432724,470.9160106778145,481.5840108990669,513.080012023449,513.080012023449,515.6200121045113,551.6880126595497,553.2120127081871,558.2920128107071,563.1180128455162,577.0880133509636,578.612013399601,578.8660134077072,580.6440134644508,612.3940138816833,637.7940144538879,638.3020144701004,651.2560146450996,659.8920148015022,662.6860148906708,662.6860148906708,667.0040150284767,667.0040150284767,667.258015036583,671.8300149440765,671.8300149440765,686.8160155415535,701.8020154237747,704.0880154967308,704.0880154967308,733.2980159521103,742.9500159025192,752.8560162186623,757.4280163645744,761.7460165023804,761.7460165023804,769.3660167455673,776.2240169644356,777.2400169968605,777.2400169968605,780.2880170941353,836.9300184845924,843.5340186953545,848.1060188412666,848.1060188412666,848.1060188412666,848.6140188574791
2022-09-16 00:00:00,Media,6.18364864452453,-75.6606496556635,Media,Deslizamiento,Medellín,Corregimiento 80 San Antonio de Prado,San Antonio de Prado,418.0,1,36.8299999833107,43.94200015068054,55.11800068616867,80.26400053501129,80.26400053501129,80.51800054311752,84.328000664711,121.92000138759613,146.05000162124634,150.36800175905228,150.36800175905228,155.95600193738937,168.1480023264885,174.2440024614334,179.8320026397705,207.51800310611725,208.28000313043594,221.23400336503983,237.99800384044647,237.99800384044647,276.86000549793243,278.892005443573,278.892005443573,278.892005443573,282.9560055732727,326.1360065340996,326.1360065340996,326.1360065340996,337.56600642204285,337.56600642204285,340.3600065112114,349.75800681114197,355.6000069975853,355.6000069975853,362.4580071568489,362.4580071568489,362.4580071568489,363.47400718927383,366.77600729465485,366.77600729465485,384.55600786209106,425.95800852775574,425.95800852775574,425.95800852775574,452.6280094385147,473.45600986480713,478.53601002693176,478.53601002693176,484.3780102133751,527.8120114803314,536.4480117559433,537.4640117883682,537.4640117883682,537.4640117883682,549.6560121774673,554.9900123476982,554.9900123476982,569.2140122652054,569.2140122652054,570.7380123138428,578.8660125732422,588.010012626648,591.8200127482414,597.4080129265785,637.5400138497353,637.5400138497353,639.3180139064789,646.1760141849518,646.1760141849518,646.1760141849518,646.1760141849518,646.430014193058,646.430014193058,647.1920142173767,647.7000142335892,651.2560143470764,659.1300145983696,660.1460146307945,682.7520155310631,695.1980159282684,705.3580160140991,711.2000161409378,734.8220168948174,758.9520173668861,763.7780175209045,768.0960176587105,769.6200177073479,784.6060178875923,814.3240182995796,852.170018017292,860.0440181493759,867.4100183844566,878.5860186219215,898.3980193138123,904.7480193972588,914.1460193991661,970.7880207300186
2022-09-16 02:00:00,Baja,6.25106014599999,-75.624569194,Media,Deslizamiento,Medellín,Comuna 13 San Javier,Veinte de Julio,17.0,1,45.466000854969025,49.78400099277496,56.89600110054016,57.15000110864639,57.15000110864639,57.15000110864639,58.67400115728378,67.81800144910812,68.07200145721436,73.66000163555145,73.66000163555145,89.66200178861618,95.25000184774399,96.77400189638138,122.17400240898132,129.2860026359558,129.2860026359558,138.17600291967392,150.36800307035446,156.71800327301025,158.24200332164764,158.24200332164764,158.24200332164764,158.24200332164764,160.78200340270996,180.3400039076805,182.6260039806366,183.64200401306152,187.45200431346893,187.45200431346893,191.51600444316864,196.59600460529327,198.3740046620369,205.99400478601456,208.7880048751831,208.7880048751831,208.7880048751831,208.7880048751831,210.31200486421585,210.31200486421585,219.20200508832932,281.94000548124313,284.9880055785179,285.24200558662415,293.878005862236,311.6580062508583,315.4680063724518,315.4680063724518,315.4680063724518,338.0740070939064,355.8540076613426,357.37800770998,384.30200839042664,384.8100084066391,397.5100088119507,399.54200887680054,404.1140090227127,404.1140090227127,404.1140090227127,404.36800903081894,408.1780091524124,408.9400091767311,411.734009206295,416.30600929260254,420.116009414196,425.19600957632065,431.54600977897644,439.9280100464821,440.1820100545883,440.1820100545883,440.1820100545883,440.43601006269455,440.43601006269455,441.19801008701324,441.96001011133194,442.21401011943817,449.0720103383064,458.9780105352402,479.55201119184494,488.44201147556305,511.3020119667053,514.8580120801926,535.1780126094818,544.0680127739906,544.0680127739906,548.3860129117966,559.0540135502815,561.5940136313438,572.7700139284134,578.866014122963,585.9780140519142,591.3120142221451,598.6780143380165,615.1880146861076,639.0640150308609,645.6680152416229,673.8620162010193
2022-09-16 07:00:00,Baja,6.25331013700003,-75.629269746,Media,Deslizamiento,Medellín,Comuna 13 San Javier,El Salado,53.0,1,49.78400146961212,53.84800159931183,61.468001782894135,61.468001782894135,61.468001782894135,61.468001782894135,62.23000180721283,69.34200191497803,77.4700021147728,78.99400216341019,83.56600230932236,85.8520023226738,114.04600262641907,132.080002784729,161.79800260066986,161.79800260066986,169.4180028438568,169.67200285196304,181.61000323295593,195.32600367069244,195.32600367069244,197.10400372743607,197.10400372743607,197.10400372743607,198.62800377607346,201.16800385713577,218.69400435686111,220.47200441360474,221.48800444602966,221.48800444602966,221.48800444602966,234.44200456142426,246.1260049343109,248.412005007267,256.28600519895554,256.28600519895554,256.28600519895554,256.28600519895554,256.54000520706177,256.54000520706177,260.6040053367615,327.6600065231323,342.64600694179535,342.9000069499016,346.9640070796013,362.2040074467659,369.06200766563416,369.06200766563416,369.06200766563416,381.76200807094574,413.25800907611847,414.02000910043716,434.3400097489357,449.07201021909714,456.43801033496857,470.6620106101036,474.98001074790955,474.98001074790955,474.98001074790955,475.2340107560158,476.75801080465317,479.04401087760925,479.80601090192795,480.56801092624664,481.8380109667778,496.8240113258362,504.9520115852356,526.0340115427971,528.8280116319656,528.8280116319656,529.0820116400719,529.0820116400719,529.3360116481781,529.3360116481781,530.0980116724968,530.0980116724968,537.4640117287636,549.4020119905472,551.9420120716095,570.4840124845505,609.8540137410164,614.1720138788223,633.7300145030022,640.5880144834518,640.5880144834518,642.3660145401955,651.5100146532059,659.6380146741867,668.0200148224831,675.3860150575638,683.2600150704384,692.1500151753426,697.2300151586533,710.1840155124664,745.7440161108971,750.5700162649155,779.018016576767
2022-09-16 08:00:00,Baja,6.18478802499999,-75.647394612,Media,Otro,Medellín,Corregimiento 80 San Antonio de Prado,San Antonio de Prado,2.0,1,56.388001441955566,70.35800170898438,73.40600180625916,84.07400190830231,84.07400190830231,84.07400190830231,84.32800191640854,104.14000231027603,148.0820027589798,148.33600276708603,152.1460028886795,160.0200030207634,163.3220031261444,172.46600341796875,187.19800359010696,204.2160038948059,212.85200417041779,213.61400419473648,219.96400439739227,237.99800515174866,238.76000517606735,271.52600598335266,271.52600598335266,271.52600598335266,272.5420060157776,277.87600618600845,313.6900070309639,314.7060070633888,315.97600710392,315.97600710392,315.97600710392,321.0560072660446,332.74000757932663,337.82000774145126,361.1880081295967,361.1880081295967,361.1880081295967,361.1880081295967,365.506008207798,365.506008207798,368.30000829696655,403.098009288311,428.752010345459,428.752010345459,441.19801074266434,464.56601148843765,471.67801171541214,471.67801171541214,471.67801171541214,482.6000120639801,515.8740129470825,520.4460130929947,541.5280137062073,556.514014184475,561.0860143303871,570.9920145869255,576.0720146298409,579.120014667511,579.120014667511,579.3740146756172,580.6440147161484,588.7720149755478,596.3920152783394,596.6460152864456,599.4400153756142,649.4780155420303,649.9860155582428,650.7480155825615,653.7960156798363,653.7960156798363,653.7960156798363,653.7960156798363,654.0500156879425,654.0500156879425,655.8280157446861,655.8280157446861,687.3240157961845,694.6900160312653,695.452016055584,717.8040164113045,747.0140171051025,752.0940172672272,775.7160179018974,787.1460183858871,787.6540184020996,790.7020184993744,795.2740186452866,809.498018860817,820.4200190901756,865.6320205926895,872.9980204701424,879.6020206809044,889.2540207505226,896.874020755291,925.3220212459564,928.8780213594437,941.070021212101
2022-09-16 11:00:00,Baja,6.24883,-75.63008,Media,Deslizamiento,Medellín,Comuna 13 San Javier,Nuevos Conquistadores,17.0,1,59.43600130081177,63.754001438617706,70.61200153827667,71.12000155448914,71.12000155448914,71.12000155448914,72.13600158691406,76.70800173282623,81.78800189495087,82.0420019030571,87.6300020813942,90.42400217056274,108.2040022611618,110.74400234222412,136.14400285482407,136.14400285482407,143.25600308179855,143.51000308990479,154.68600344657898,170.688003718853,170.688003718853,172.2120037674904,172.2120037674904,172.2120037674904,172.72000378370285,176.53000390529633,196.59600442647934,197.61200445890427,201.42200475931168,201.42200475931168,201.42200475931168,210.56600505113602,211.07400506734848,212.34400510787964,222.75800532102585,222.75800532102585,222.75800532102585,222.75800532102585,224.2820053100586,224.2820053100586,227.58400535583496,287.78200566768646,298.7040060162544,299.2120060324669,302.00600612163544,322.8340066075325,329.4380068182945,329.4380068182945,329.4380068182945,340.3600071668625,369.82400810718536,371.34800815582275,389.89000856876373,398.78000885248184,399.54200887680054,412.2420092821121,418.08400946855545,418.08400946855545,418.08400946855545,418.3380094766617,419.8620095252991,422.6560096144676,425.70400965213776,428.24400967359543,430.5300097465515,439.1660100221634,443.73801016807556,451.61201041936874,454.15201050043106,454.15201050043106,454.15201050043106,454.15201050043106,454.4060105085373,454.4060105085373,455.9300105571747,455.9300105571747,460.7560107111931,472.9480109810829,474.98001104593277,494.03001165390015,525.2720124125481,526.0340124368668,547.8780130147934,558.0380132198334,558.0380132198334,560.3240132927895,572.0080139636993,575.5640140771866,586.2320143580437,592.8360145688057,599.948014497757,605.2820146679878,607.8220147490501,615.696014881134,652.7800154685974,655.8280155658722,672.8460161685944
2022-09-16 11:00:00,Baja,6.24888504280748,-75.6300428608483,Media,Deslizamiento,Medellín,Comuna 13 San Javier,Nuevos Conquistadores,17.0,1,59.43600130081177,63.754001438617706,70.61200153827667,71.12000155448914,71.12000155448914,71.12000155448914,72.13600158691406,76.70800173282623,81.78800189495087,82.0420019030571,87.6300020813942,90.42400217056274,108.2040022611618,110.74400234222412,136.14400285482407,136.14400285482407,143.25600308179855,143.51000308990479,154.68600344657898,170.688003718853,170.688003718853,172.2120037674904,172.2120037674904,172.2120037674904,172.72000378370285,176.53000390529633,196.59600442647934,197.61200445890427,201.42200475931168,201.42200475931168,201.42200475931168,210.56600505113602,211.07400506734848,212.34400510787964,222.75800532102585,222.75800532102585,222.75800532102585,222.75800532102585,224.2820053100586,224.2820053100586,227.58400535583496,287.78200566768646,298.7040060162544,299.2120060324669,302.00600612163544,322.8340066075325,329.4380068182945,329.4380068182945,329.4380068182945,340.3600071668625,369.82400810718536,371.34800815582275,389.89000856876373,398.78000885248184,399.54200887680054,412.2420092821121,418.08400946855545,418.08400946855545,418.08400946855545,418.3380094766617,419.8620095252991,422.6560096144676,425.70400965213776,428.24400967359543,430.5300097465515,439.1660100221634,443.73801016807556,451.61201041936874,454.15201050043106,454.15201050043106,454.15201050043106,454.15201050043106,454.4060105085373,454.4060105085373,455.9300105571747,455.9300105571747,460.7560107111931,472.9480109810829,474.98001104593277,494.03001165390015,525.2720124125481,526.0340124368668,547.8780130147934,558.0380132198334,558.0380132198334,560.3240132927895,572.0080139636993,575.5640140771866,586.2320143580437,592.8360145688057,599.948014497757,605.2820146679878,607.8220147490501,615.696014881134,652.7800154685974,655.8280155658722,672.8460161685944
2022-09-16 20:00:00,Baja,6.17202180259378,-75.6679089980829,Media,Deslizamiento,Medellín,Corregimiento 80 San Antonio de Prado,La Florida,418.0,1,63.246000826358795,64.77000087499619,70.61200100183487,81.788001537323,106.93400138616562,106.93400138616562,107.18800139427185,148.59000223875046,172.2120024561882,172.72000247240067,177.0380026102066,177.0380026102066,182.6260027885437,196.3420032262802,200.91400331258774,206.50200349092484,234.18800395727158,239.77600395679474,247.90400421619415,264.6680046916008,264.92200469970703,305.5620062947273,305.5620062947273,305.5620062947273,305.5620062947273,312.92800652980804,352.8060073852539,352.8060073852539,352.8060073852539,364.2360072731972,364.2360072731972,367.0300073623657,377.190007686615,382.2700078487396,389.12800800800323,389.12800800800323,389.12800800800323,389.12800800800323,393.4460081458092,393.4460081458092,393.4460081458092,418.08400893211365,452.62800937891006,452.62800937891006,452.8820093870163,481.07601034641266,504.4440108537674,505.2060108780861,505.2060108780861,519.1760113239288,560.0700125098228,563.1180126070976,564.1340126395226,564.1340126395226,564.1340126395226,576.5800130367279,581.6600131988525,581.6600131988525,595.8840131163597,596.1380131244659,597.6620131731033,605.5360134243965,614.6800134778023,618.4900135993958,624.0780137777328,664.2100147008896,664.2100147008896,665.9880147576332,672.8460150361061,672.8460150361061,672.8460150361061,672.8460150361061,673.1000150442123,673.1000150442123,674.3700150847435,674.3700150847435,679.1960152387619,685.8000154495239,686.8160154819489,709.4220163822174,725.6780169010162,732.0280168652534,760.730017721653,776.9860179424286,786.6380182504654,791.71801841259,795.7820185422897,796.2900185585022,838.7080190777779,848.6140193939209,878.8400188684464,891.0320191383362,894.8420192599297,906.0180194973946,928.8780201673508,934.4660202264786,940.8160202503204
2022-09-17 00:00:00,Media,6.17456122201986,-75.6489008709651,Media,Deslizamiento,Medellín,Corregimiento 80 San Antonio de Prado,San Antonio de Prado,36.0,1,43.942001044750214,86.8680015206337,99.31400161981583,102.3620017170906,108.96600192785263,108.96600192785263,109.22000193595886,114.80800211429596,147.8280029296875,148.08200293779373,150.36800301074982,150.36800301074982,156.46400320529938,161.03600335121155,171.19600343704224,176.53000354766846,200.6600040793419,201.16800409555435,212.59800457954407,225.80600488185883,226.82200491428375,245.3640050292015,245.3640050292015,245.3640050292015,245.3640050292015,250.1900051832199,262.38200557231903,295.91000586748123,296.6720058917999,296.6720058917999,296.6720058917999,299.21200597286224,307.5940062403679,309.1180062890053,319.0240066051483,319.0240066051483,319.0240066051483,319.0240066051483,319.786006629467,321.05600666999817,321.05600666999817,336.29600715637207,377.1900084614754,377.1900084614754,378.2060084939003,402.8440093398094,424.1800099015236,429.00600999593735,429.00600999593735,433.83201014995575,482.60001170635223,488.950011909008,497.58601212501526,532.6380134224892,532.6380134224892,543.05201369524,546.354013800621,546.354013800621,550.1640138626099,550.1640138626099,551.6880139112473,559.054014146328,569.2140144109726,571.7540144920349,578.8660145998001,589.2800148129463,589.2800148129463,593.0900149345398,596.646015048027,596.646015048027,596.646015048027,596.646015048027,596.646015048027,596.646015048027,597.4080150723457,598.4240151047707,600.964015185833,616.4580156207085,617.7280156612396,635.2540162205696,646.4300165772438,652.7800167798996,656.5900167822838,688.0860177874565,690.1180178523064,703.5800180435181,709.1680182218552,711.9620183110237,719.0740182995796,731.5200185775757,752.0940186977386,762.0000190138817,766.5720191597939,771.144019305706,796.544019818306,801.1160199642181,806.1960201263428
2022-09-17 00:00:00,Media,6.17186281089531,-75.6494198675429,Media,Deslizamiento,Medellín,Corregimiento 80 San Antonio de Prado,San Antonio de Prado,36.0,1,43.942001044750214,86.8680015206337,99.31400161981583,102.3620017170906,108.96600192785263,108.96600192785263,109.22000193595886,114.80800211429596,147.8280029296875,148.08200293779373,150.36800301074982,150.36800301074982,156.46400320529938,161.03600335121155,171.19600343704224,176.53000354766846,200.6600040793419,201.16800409555435,212.59800457954407,225.80600488185883,226.82200491428375,245.3640050292015,245.3640050292015,245.3640050292015,245.3640050292015,250.1900051832199,262.38200557231903,295.91000586748123,296.6720058917999,296.6720058917999,296.6720058917999,299.21200597286224,307.5940062403679,309.1180062890053,319.0240066051483,319.0240066051483,319.0240066051483,319.0240066051483,319.786006629467,321.05600666999817,321.05600666999817,336.29600715637207,377.1900084614754,377.1900084614754,378.2060084939003,402.8440093398094,424.1800099015236,429.00600999593735,429.00600999593735,433.83201014995575,482.60001170635223,488.950011909008,497.58601212501526,532.6380134224892,532.6380134224892,543.05201369524,546.354013800621,546.354013800621,550.1640138626099,550.1640138626099,551.6880139112473,559.054014146328,569.2140144109726,571.7540144920349,578.8660145998001,589.2800148129463,589.2800148129463,593.0900149345398,596.646015048027,596.646015048027,596.646015048027,596.646015048027,596.646015048027,596.646015048027,597.4080150723457,598.4240151047707,600.964015185833,616.4580156207085,617.7280156612396,635.2540162205696,646.4300165772438,652.7800167798996,656.5900167822838,688.0860177874565,690.1180178523064,703.5800180435181,709.1680182218552,711.9620183110237,719.0740182995796,731.5200185775757,752.0940186977386,762.0000190138817,766.5720191597939,771.144019305706,796.544019818306,801.1160199642181,806.1960201263428
2022-09-18 01:00:00,Baja,6.16983999799999,-75.657294367,Media,Deslizamiento,Medellín,Corregimiento 80 San Antonio de Prado,San José,36.0,1,64.0080013871193,92.96400225162506,150.876002907753,163.32200300693512,166.3700031042099,172.97400331497192,172.97400331497192,172.97400331497192,175.260003387928,211.8360043168068,212.09000432491302,214.3760043978691,214.3760043978691,220.47200459241867,221.4880046248436,235.20400482416153,240.53800493478775,264.6680054664612,264.9220054745674,276.60600596666336,287.78200620412827,290.83000630140305,309.3720064163208,309.3720064163208,309.3720064163208,309.3720064163208,314.1980065703392,326.3900069594383,359.6640072464943,360.6800072789192,360.6800072789192,360.6800072789192,362.45800733566284,371.0940076112747,373.1260076761246,380.7460079193115,383.0320079922676,383.0320079922676,383.0320079922676,383.7940080165863,385.06400805711746,385.06400805711746,395.7320083975792,434.0860096812248,441.19800984859467,442.2140098810196,466.5980107188225,486.41001135110855,493.01401138305664,493.01401138305664,493.77601140737534,542.798012971878,551.9420132637024,560.8320134878159,596.6460148096085,596.6460148096085,606.5520150661469,609.6000151634216,610.3620151877403,614.1720152497292,614.1720152497292,614.6800152659416,622.3000155091286,632.9680157899857,635.7620158791542,642.8740159869194,650.7480161786079,653.2880162000656,657.0980163216591,660.6540164351463,660.6540164351463,660.6540164351463,660.6540164351463,660.6540164351463,660.6540164351463,661.416016459465,662.43201649189,662.43201649189,679.1960169672966,680.9740170240402,699.0080175995827,708.6600179076195,716.7880181670189,720.3440181612968,752.0940191745758,754.1260192394257,766.8260194063187,773.1760196089745,775.970019698143,783.0820196866989,795.528019964695,816.1020200848579,824.2300203442574,830.5800205469131,835.1520206928253,860.298021197319,864.1080213189125
2022-09-18 04:00:00,Baja,6.18295567098035,-75.6561427532819,Media,Deslizamiento,Medellín,Corregimiento 80 San Antonio de Prado,San Antonio de Prado,418.0,1,74.9300012588501,85.85200160741806,138.1760020852089,145.54200226068497,154.68600273132324,181.86400264501572,181.86400264501572,181.86400264501572,182.11800265312195,223.52000349760056,247.65000373125076,251.206003844738,251.9680038690567,255.01600396633148,258.06400406360626,275.84400457143784,281.43200474977493,303.7840050458908,309.1180052161217,318.77000534534454,333.2480057477951,339.5980059504509,346.7100061774254,380.4920075535774,380.4920075535774,380.4920075535774,384.55600768327713,392.9380079507828,427.736008644104,427.736008644104,439.1660085320473,439.1660085320473,439.92800855636597,449.834008872509,455.67600905895233,457.2000091075897,464.05800926685333,464.05800926685333,464.05800926685333,464.31200927495956,468.37600940465927,468.37600940465927,471.6780095100403,515.112010717392,527.5580106377602,527.5580106377602,548.640011370182,561.8480117917061,580.1360121369362,580.1360121369362,580.1360121369362,604.2660129070282,636.0160138010979,639.0640138983727,639.0640138983727,639.0640138983727,645.4140141010284,651.510014295578,656.5900144577026,670.8140143752098,670.8140143752098,671.068014383316,672.5920144319534,687.8320146799088,693.4200148582458,699.008015036583,699.008015036583,739.1400159597397,740.1560159921646,740.9180160164833,747.7760162949562,747.7760162949562,747.7760162949562,748.0300163030624,748.0300163030624,748.2840163111687,749.3000163435936,749.5540163516998,754.3800165057182,760.9840167164803,770.1280170083046,784.86001765728,806.9580181241035,811.7840182185173,835.9140189886093,860.5520194768906,863.8540195822716,867.1560196876526,871.2200198173523,885.6980199813843,915.1620203852654,953.7700201272964,960.120020210743,969.0100204944611,980.186020731926,989.8380210399628,1003.8080214262009
2022-09-18 05:00:00,Baja,6.17262604699999,-75.656830924,Media,Deslizamiento,Medellín,Corregimiento 80 San Antonio de Prado,La Florida,36.0,1,69.34200155735016,79.24800193309784,156.21000307798386,168.65600317716599,168.91000318527222,178.3080034852028,178.3080034852028,178.3080034852028,178.56200349330902,217.17000448703766,217.17000448703766,218.94800454378128,219.71000456809998,223.012004673481,226.06000477075577,240.5380049943924,245.87200510501862,262.12800538539886,270.00200563669205,277.36800599098206,283.97200614213943,296.1640064716339,302.00600653886795,314.70600658655167,314.70600658655167,314.70600658655167,319.0240067243576,322.3260068297386,364.7440074086189,366.0140074491501,366.0140074491501,366.0140074491501,366.52200746536255,374.39600771665573,377.69800782203674,384.30200803279877,388.3660081624985,388.3660081624985,388.3660081624985,388.3660081624985,390.3980082273483,390.3980082273483,394.2080083489418,432.05400961637497,446.53201001882553,447.2940100431442,464.82001066207886,489.2040114402771,498.3480115532875,498.3480115532875,498.3480115532875,513.5880120396614,557.2760134339333,566.1660136580467,585.7240144610405,601.9800149798393,608.3300151228905,612.6480152606964,615.6960153579712,619.50601541996,619.50601541996,620.0140154361725,621.2840154767036,636.5240159034729,641.0960160493851,646.9380161166191,648.2080161571503,658.6220163702965,661.416016459465,662.43201649189,665.9880166053772,665.9880166053772,665.9880166053772,665.9880166053772,665.9880166053772,666.4960166215897,667.7660166621208,667.7660166621208,678.4340169429779,686.0540171861649,691.642017364502,705.8660178184509,722.1220183372498,725.1700183153152,757.4280193448067,759.4600194096565,771.3980195522308,775.2080196738243,781.3040198683739,788.1620198488235,799.8460201025009,821.4360202550888,829.310020506382,835.914020717144,840.23202085495,848.8680210709572,867.918021440506
2022-09-18 08:00:00,Baja,6.17531700882429,-75.6663647515618,Media,Deslizamiento,Medellín,Corregimiento 80 San Antonio de Prado,La Florida,418.0,1,74.9300012588501,77.21600133180618,138.1760020852089,145.54200226068497,154.68600273132324,181.86400264501572,181.86400264501572,181.86400264501572,182.11800265312195,223.52000349760056,247.65000373125076,247.65000373125076,251.9680038690567,254.76200395822525,258.06400406360626,275.84400457143784,281.43200474977493,299.97400492429733,309.1180052161217,314.70600521564484,322.83400547504425,339.5980059504509,341.3760060071945,380.4920075535774,380.4920075535774,380.4920075535774,381.2540075778961,390.6520078778267,427.736008644104,427.736008644104,439.1660085320473,439.1660085320473,439.1660085320473,442.7220086455345,455.4220090508461,457.2000091075897,464.05800926685333,464.05800926685333,464.05800926685333,464.31200927495956,468.37600940465927,468.37600940465927,471.6780095100403,513.3340106606483,527.5580106377602,527.5580106377602,543.0520111918449,560.3240117430687,580.1360121369362,580.1360121369362,580.1360121369362,595.6300126314163,636.0160138010979,639.0640138983727,639.0640138983727,639.0640138983727,640.0800139307976,651.510014295578,656.5900144577026,670.8140143752098,670.8140143752098,671.068014383316,672.5920144319534,687.8320146799088,693.4200148582458,693.4200148582458,699.008015036583,739.1400159597397,739.6480159759521,740.9180160164833,747.7760162949562,747.7760162949562,747.7760162949562,747.7760162949562,748.0300163030624,748.2840163111687,749.3000163435936,749.3000163435936,754.126016497612,760.9840167164803,761.746016740799,784.3520176410675,806.9580181241035,811.7840182185173,835.6600189805031,860.5520194768906,863.8540195822716,866.6480196714401,870.7120198011398,885.6980199813843,914.9080203771591,953.7700201272964,960.120020210743,969.0100204944611,980.186020731926,983.2340208292007,1003.8080214262009
2022-09-18 10:24:00,Baja,6.18484840887273,-75.6607267941501,Media,Deslizamiento,Medellín,Corregimiento 80 San Antonio de Prado,Potrerito,418.0,1,74.9300012588501,77.21600133180618,138.1760020852089,145.54200226068497,154.68600273132324,181.86400264501572,181.86400264501572,181.86400264501572,182.11800265312195,223.52000349760056,247.65000373125076,247.65000373125076,251.9680038690567,254.76200395822525,258.06400406360626,275.84400457143784,281.43200474977493,299.97400492429733,309.1180052161217,314.70600521564484,322.83400547504425,339.5980059504509,341.3760060071945,380.4920075535774,380.4920075535774,380.4920075535774,381.0000075697899,390.6520078778267,427.736008644104,427.736008644104,439.1660085320473,439.1660085320473,439.1660085320473,442.7220086455345,455.4220090508461,457.2000091075897,464.05800926685333,464.05800926685333,464.05800926685333,464.31200927495956,468.37600940465927,468.37600940465927,469.64600944519043,513.3340106606483,527.5580106377602,527.5580106377602,543.0520111918449,560.3240117430687,580.1360121369362,580.1360121369362,580.1360121369362,595.6300126314163,636.0160138010979,639.0640138983727,639.0640138983727,639.0640138983727,639.0640138983727,651.510014295578,656.5900144577026,670.8140143752098,670.8140143752098,671.068014383316,672.5920144319534,687.8320146799088,693.4200148582458,693.4200148582458,699.008015036583,739.1400159597397,739.6480159759521,740.9180160164833,747.7760162949562,747.7760162949562,747.7760162949562,747.7760162949562,748.0300163030624,748.2840163111687,749.3000163435936,749.3000163435936,754.126016497612,760.9840167164803,761.746016740799,784.3520176410675,806.9580181241035,807.466018140316,835.6600189805031,860.5520194768906,863.8540195822716,866.6480196714401,870.7120198011398,885.6980199813843,914.9080203771591,953.7700201272964,960.120020210743,969.0100204944611,980.186020731926,983.2340208292007,1003.8080214262009
2022-09-18 14:30:00,Baja,6.17485306600003,-75.648879759,Media,Deslizamiento,Medellín,Corregimiento 80 San Antonio de Prado,San Antonio de Prado,36.0,1,70.61200159788132,77.47000187635422,157.48000311851501,159.0040031671524,169.92600321769714,179.57800352573395,179.57800352573395,179.57800352573395,179.83200353384018,218.44000452756882,218.44000452756882,218.69400453567505,220.98000460863113,224.02800470590591,227.0760048031807,241.80800503492355,243.0780050754547,262.3820053935051,271.2720056772232,276.0980059504509,283.4640061855316,296.6720064878464,303.0220065712929,315.9760066270828,315.9760066270828,315.9760066270828,315.9760066270828,320.8020067811012,366.0140074491501,367.28400748968124,367.28400748968124,367.28400748968124,367.28400748968124,369.82400757074356,378.9680078625679,380.23800790309906,389.63600820302963,389.63600820302963,389.63600820302963,389.63600820302963,391.6680082678795,391.6680082678795,393.4460083246231,432.81600964069366,447.8020100593567,448.5640100836754,463.80401062965393,486.6640114784241,499.61801159381866,499.61801159381866,499.61801159381866,512.3180119991302,556.5140134096146,567.4360136985779,586.9940145015717,603.2500150203705,605.2820150852203,613.9180153012276,616.9660153985023,620.7760154604912,620.7760154604912,621.2840154767036,622.5540155172348,637.7940159440041,640.5880160331726,642.3660160899162,649.4780161976814,659.8920164108276,661.416016459465,663.7020165324211,667.2580166459084,667.2580166459084,667.2580166459084,667.2580166459084,667.2580166459084,667.2580166459084,669.036016702652,669.036016702652,679.4500169754028,687.324017226696,688.3400172591209,707.1360178589821,723.3920183777809,723.3920183777809,758.6980193853378,760.7300194501877,769.1120195388794,776.4780197143555,781.3040198683739,789.4320198893547,801.1160201430321,822.70602029562,823.2140203118324,837.1840207576752,841.2480208873749,841.7560209035873,869.1880214810371
2022-09-18 18:00:00,Baja,6.17259,-75.65682,Media,Deslizamiento,Medellín,Corregimiento 80 San Antonio de Prado,La Florida,36.0,1,70.86600160598755,70.86600160598755,157.73400312662125,159.25800317525864,170.18000322580338,173.22800332307816,179.83200353384018,179.83200353384018,180.0860035419464,218.44000452756882,218.69400453567505,218.94800454378128,221.23400461673737,221.23400461673737,227.33000481128693,237.99800491333008,242.06200504302979,262.6360054016113,271.52600568532944,272.0340057015419,283.71800619363785,296.9260064959526,303.2760065793991,316.23000663518906,316.23000663518906,316.23000663518906,316.23000663518906,321.05600678920746,366.2680074572563,367.5380074977875,367.5380074977875,367.5380074977875,367.5380074977875,370.0780075788498,379.22200787067413,380.4920079112053,389.89000821113586,389.89000821113586,389.89000821113586,389.89000821113586,391.9220082759857,391.9220082759857,391.9220082759857,432.56200963258743,448.0560100674629,448.8180100917816,458.2160105109215,477.012011051178,497.58601158857346,499.8720116019249,499.8720116019249,512.5720120072365,556.7680134177208,566.1660136580467,587.2480145096779,603.5040150284767,604.2660150527954,614.1720153093338,617.2200154066086,618.7440153956413,621.0300154685974,621.5380154848099,622.808015525341,629.9200157523155,640.0800160169601,642.6200160980225,649.7320162057877,660.1460164189339,660.1460164189339,663.9560165405273,667.5120166540146,667.5120166540146,667.5120166540146,667.5120166540146,667.5120166540146,667.5120166540146,669.2900167107582,669.2900167107582,673.8620168566704,687.5780172348022,688.5940172672272,707.3900178670883,723.3920183777809,723.6460183858871,758.9520193934441,760.9840194582939,769.3660195469856,775.970019698143,781.3040198683739,782.8280199170113,801.3700201511383,807.9740203619003,823.2140203118324,836.1680207252502,840.4860208630562,842.0100209116936,867.918021440506
2022-09-18 19:00:00,Baja,6.35313151698231,-75.7023778588457,Media,Deslizamiento,Medellín,Corregimiento 50 San Sebastián de Palmitas,Potrera Miserenga,4.0,1,38.86200034618378,38.86200034618378,60.960000872612,61.21400088071823,62.23000091314316,77.724001288414,81.28000140190125,81.28000140190125,81.28000140190125,89.40800166130066,105.66400235891342,105.66400235891342,107.69600242376328,107.69600242376328,115.062002658844,119.63400280475616,119.63400280475616,144.27200335264206,147.57400345802307,150.36800348758698,196.34200417995453,203.70800441503525,204.2160044312477,204.47000443935394,204.47000443935394,204.47000443935394,204.72400444746017,210.05800449848175,228.0920049548149,228.60000497102737,228.60000497102737,242.57000583410263,242.57000583410263,248.6660060286522,266.9540061354637,286.5120067000389,309.88000732660294,309.88000732660294,309.88000732660294,309.88000732660294,310.89600735902786,311.1500073671341,311.1500073671341,348.4880083203316,362.45800852775574,362.71200853586197,365.76000863313675,382.7780092358589,386.5880093574524,386.5880093574524,386.5880093574524,392.4300095438957,409.9560101032257,412.2420101761818,425.4500105381012,432.8160107731819,433.07001078128815,443.23001128435135,444.2460113167763,446.78601133823395,446.78601133823395,446.78601133823395,448.31001138687134,453.390011548996,453.390011548996,455.1680116057396,457.20001167058945,462.5340118408203,462.5340118408203,487.1720123887062,489.4580124616623,489.4580124616623,490.4740124940872,490.4740124940872,490.4740124940872,490.4740124940872,490.4740124940872,490.4740124940872,495.8080126643181,502.1580128669739,514.3500128388405,520.7000130414963,532.3840134143829,532.6380134224892,558.0380140542984,564.3880141973495,575.0560142993927,591.3120146393776,601.218014717102,601.4720147252083,622.0460150241852,625.6020151376724,633.2220153808594,634.7460154294968,645.1600155234337,650.4940155148506,671.0680161118507
2022-09-29 14:00:00,Baja,6.2376818453598,-75.5344471588855,Media,Otro,Medellín,Comuna 8 Villa Hermosa,San Antonio,44.0,1,45.21200007200241,54.864000260829926,55.62600028514862,55.62600028514862,70.86600059270859,86.8680009841919,87.88400101661682,119.63400220870972,127.00000244379044,128.01600247621536,138.6840028166771,143.76400297880173,144.01800298690796,186.43600404262543,190.75400418043137,202.6920045018196,211.58200484514236,217.17000502347946,217.17000502347946,217.93200504779816,223.26600521802902,228.6000052690506,229.61600530147552,235.20400547981262,237.99800556898117,242.06200569868088,243.8400057554245,245.61800581216812,246.88800585269928,254.50800609588623,255.0160061120987,265.4300064444542,274.06600672006607,274.82800674438477,276.0980067849159,276.0980067849159,276.0980067849159,282.95600670576096,297.4340068101883,320.0400072336197,321.5640072822571,321.5640072822571,321.5640072822571,321.5640072822571,326.13600742816925,344.6780080795288,346.9640081524849,352.552008330822,352.552008330822,352.552008330822,352.552008330822,353.5680083632469,353.5680083632469,353.5680083632469,400.8120091557503,411.22600942850113,413.5120095014572,418.59200954437256,454.4060105085373,462.5340107679367,462.78801077604294,462.78801077604294,472.1860110759735,505.2060119509697,506.47601199150085,531.6220124363899,551.9420132637024,553.7200132608414,560.578013420105,563.3720135092735,563.3720135092735,563.3720135092735,563.880013525486,565.4040135741234,567.6900136470795,567.9440136551857,567.9440136551857,569.4680137038231,580.1360138654709,592.0740143656731,603.2500146627426,605.0280147194862,605.0280147194862,605.5360147356987,605.5360147356987,606.5520147681236,606.5520147681236,607.3140147924423,607.3140147924423,621.538015127182,630.1740152835846,636.2700155377388,648.2080159187317,675.8940164446831,688.594016969204,710.1840176582336,713.9940177798271
2022-10-20 00:00:00,Media,6.23222439737262,-75.6142416526701,Media,Deslizamiento,Medellín,Comuna 16 Belén,Las Violetas,9.0,1,30.226000666618347,61.976001501083374,62.230001509189606,63.754001557826996,65.78600162267685,65.78600162267685,74.67600214481354,76.20000219345093,76.20000219345093,76.20000219345093,86.6140022277832,89.91600233316422,102.6160027384758,105.66400277614594,105.66400277614594,110.49000293016434,110.49000293016434,110.49000293016434,111.25200295448303,116.07800310850143,132.3340036869049,140.71600377559662,140.97000378370285,140.97000378370285,141.4780037999153,143.7640038728714,145.79600393772125,153.16200417280197,154.9400042295456,163.068004488945,167.64000463485718,194.81800585985184,194.81800585985184,249.42800724506378,250.95200729370117,254.25400739908218,261.11200761795044,261.6200076341629,261.6200076341629,262.12800765037537,265.6840077638626,274.3200079202652,274.57400792837143,279.65400809049606,279.65400809049606,302.76800858974457,305.3080086708069,305.5620086789131,314.4520087838173,320.8020089864731,321.0560089945793,329.6920092701912,348.48800975084305,349.504009783268,352.0440098643303,352.0440098643303,352.0440098643303,352.0440098643303,355.60000997781754,369.0620102286339,369.3160102367401,369.3160102367401,369.3160102367401,369.3160102367401,376.4280104637146,389.8900108933449,399.54201102256775,407.67001128196716,409.19401133060455,409.19401133060455,409.19401133060455,409.19401133060455,410.2100113630295,410.2100113630295,432.81601172685623,461.26401233673096,461.7720123529434,461.7720123529434,472.44001269340515,496.5700131058693,499.1100131869316,499.1100131869316,501.6500132679939,527.8120140433311,543.3060145378113,543.3060145378113,579.8820157647133,580.644015789032,589.5340158939362,595.884016096592,595.884016096592,595.884016096592,595.884016096592,597.4080161452293,601.472016274929,602.488016307354,606.8060163855553
2022-10-20 02:00:00,Baja,6.24915326299998,-75.625464498,Media,Deslizamiento,Medellín,Comuna 13 San Javier,Las Independencias,17.0,1,51.30800157785416,76.96200203895569,88.90000224113464,88.90000224113464,105.91800290346146,105.91800290346146,109.4740030169487,109.72800302505493,109.72800302505493,109.72800302505493,118.11000317335129,120.39600324630737,135.1280037164688,135.63600373268127,135.63600373268127,139.9540038704872,139.9540038704872,139.9540038704872,140.7160038948059,147.32000410556793,154.94000428915024,162.5600045323372,162.81400454044342,162.81400454044342,166.37000459432602,173.4820048213005,175.0060048699379,193.29400503635406,196.59600514173508,204.97800540924072,205.74000543355942,220.4720058441162,236.72800648212433,267.7160074710846,302.76800829172134,307.0860084295273,314.1980085372925,314.4520085453987,314.4520085453987,314.4520085453987,315.9760085940361,325.12000888586044,325.3740088939667,330.9620090723038,330.9620090723038,346.9640092253685,352.5520092844963,354.0760093331337,379.47600984573364,386.58801007270813,386.58801007270813,395.47801035642624,407.6700105071068,414.0200107097626,415.54401075839996,415.54401075839996,415.54401075839996,415.54401075839996,418.0840108394623,437.64201134443283,439.9280114173889,440.94401144981384,444.75401175022125,444.75401175022125,448.81801187992096,453.8980120420456,455.6760120987892,463.2960122227669,466.0900123119354,466.0900123119354,466.0900123119354,466.0900123119354,467.61401230096817,467.61401230096817,476.50401252508163,539.2420129179955,542.2900130152702,542.5440130233765,551.1800132989883,568.9600136876106,572.7700138092041,572.7700138092041,572.7700138092041,595.3760145306587,613.1560150980949,614.6800151467323,641.604015827179,642.1120158433914,654.812016248703,656.8440163135529,661.416016459465,661.416016459465,661.416016459465,661.6700164675713,665.4800165891647,666.2420166134834,669.0360166430473
2022-10-20 03:00:00,Baja,6.24740228500002,-75.624955721,Media,Deslizamiento,Medellín,Comuna 13 San Javier,El Corazón,17.0,1,51.30800157785416,78.23200207948685,90.1700022816658,90.1700022816658,107.18800294399261,107.18800294399261,110.74400305747986,110.99800306558609,110.99800306558609,110.99800306558609,119.38000321388245,121.4120032787323,136.39800375699997,136.90600377321243,136.90600377321243,141.22400391101837,141.22400391101837,141.22400391101837,141.98600393533707,148.5900041460991,156.2100043296814,163.83000457286835,163.83000457286835,164.08400458097458,167.64000463485718,174.75200486183167,176.27600491046906,194.05600506067276,197.86600518226624,206.24800544977188,206.5020054578781,216.40800577402115,237.9980065226555,258.5720074772835,304.0380083322525,308.35600847005844,315.46800857782364,315.72200858592987,315.72200858592987,315.72200858592987,316.7380086183548,325.12000888586044,326.64400893449783,332.23200911283493,332.23200911283493,336.55000925064087,353.314009308815,355.34600937366486,380.7460098862648,387.0960100889206,387.8580101132393,394.2080103158951,407.6700105071068,415.29001075029373,416.5600107908249,416.8140107989311,416.8140107989311,416.8140107989311,419.35401087999344,430.02201133966446,441.1980114579201,442.214011490345,446.0240117907524,446.0240117907524,450.0880119204521,455.16801208257675,456.9460121393204,464.56601226329803,467.3600123524666,467.3600123524666,467.3600123524666,467.3600123524666,468.88401234149933,468.88401234149933,475.2340124845505,539.2420129179955,543.5600130558014,543.8140130639076,551.4340133070946,568.9600136876106,574.0400138497353,574.0400138497353,574.0400138497353,592.5820144414902,614.4260151386261,615.9500151872635,638.5560157299042,643.3820158839226,656.0820162892342,656.8440163135529,662.6860164999962,662.6860164999962,662.6860164999962,662.9400165081024,664.718016564846,667.2580166459084,670.3060166835785
2022-10-20 03:30:00,Baja,6.24937306800001,-75.62533587,Media,Deslizamiento,Medellín,Comuna 13 San Javier,Las Independencias,17.0,1,50.80000156164169,78.23200207948685,90.1700022816658,90.1700022816658,107.18800294399261,107.18800294399261,110.74400305747986,110.99800306558609,110.99800306558609,110.99800306558609,119.38000321388245,121.15800327062607,136.39800375699997,136.90600377321243,136.90600377321243,141.22400391101837,141.22400391101837,141.22400391101837,141.98600393533707,148.5900041460991,156.2100043296814,163.83000457286835,163.83000457286835,164.08400458097458,167.64000463485718,174.75200486183167,176.27600491046906,183.13400495052338,197.86600518226624,206.24800544977188,206.24800544977188,214.3760057091713,237.9980065226555,252.47600728273392,304.0380083322525,308.35600847005844,315.46800857782364,315.72200858592987,315.72200858592987,315.72200858592987,316.7380086183548,324.35800886154175,326.3900089263916,331.21600908041,332.23200911283493,335.2800092101097,352.80600929260254,355.34600937366486,380.7460098862648,383.7940099835396,387.8580101132393,391.922010242939,407.1620104908943,415.29001075029373,416.5600107908249,416.8140107989311,416.8140107989311,416.8140107989311,419.35401087999344,422.65601098537445,441.1980114579201,442.214011490345,446.0240117907524,446.0240117907524,449.3260118961334,455.16801208257675,455.93001210689545,464.56601226329803,467.3600123524666,467.3600123524666,467.3600123524666,467.3600123524666,468.88401234149933,468.88401234149933,474.726012468338,534.1620127558708,543.5600130558014,543.8140130639076,549.9100132584572,567.9440136551857,574.0400138497353,574.0400138497353,574.0400138497353,589.5340143442154,614.4260151386261,615.9500151872635,635.2540156245232,643.3820158839226,656.0820162892342,656.8440163135529,662.6860164999962,662.6860164999962,662.6860164999962,662.9400165081024,664.4640165567398,667.2580166459084,670.3060166835785
2022-10-20 06:00:00,Baja,6.23205638299999,-75.644055734,Media,Deslizamiento,Medellín,Corregimiento 70 Altavista,Aguas Frias,29.0,1,59.18200123310089,103.12400233745575,141.22400242090225,141.22400242090225,145.79600256681442,145.79600256681442,146.3040025830269,147.3200026154518,147.3200026154518,147.57400262355804,161.5440029501915,161.5440029501915,182.3720036149025,183.38800364732742,183.8960036635399,188.97600382566452,188.97600382566452,188.97600382566452,190.5000038743019,194.56400400400162,205.23200410604477,209.04200422763824,209.04200422763824,209.29600423574448,216.15400421619415,223.52000445127487,224.79000449180603,227.07600456476212,234.95000475645065,243.84000504016876,243.84000504016876,258.3180052638054,279.14600574970245,292.8620063662529,340.86800718307495,344.93200731277466,345.69400733709335,346.2020073533058,346.2020073533058,346.2020073533058,348.74200743436813,366.5220079421997,383.79400795698166,386.5880080461502,389.636008143425,401.0660083889961,405.38400852680206,412.75000870227814,432.81600946187973,432.81600946187973,440.18200969696045,440.94400972127914,449.83401000499725,469.3920105099678,469.3920105099678,479.2980105280876,479.2980105280876,479.2980105280876,482.3460106253624,485.90201073884964,521.7160116434097,522.7320116758347,522.9860116839409,522.9860116839409,525.272011756897,536.4480121731758,551.1800125837326,559.0540128350258,563.1180129647255,563.1180129647255,563.1180129647255,563.1180129647255,574.294013261795,574.294013261795,576.0720133185387,624.8400147557259,640.0800151228905,640.0800151228905,644.3980152606964,663.4480160474777,670.8140162825584,670.8140162825584,670.8140162825584,684.7840167284012,712.4700176119804,712.7240176200867,739.3940182328224,754.8880185484886,760.4760187268257,772.4140188694,783.0820191502571,783.0820191502571,783.0820191502571,783.5900191664696,784.8600192070007,788.9240193367004,792.4800194501877
2022-10-20 14:00:00,Baja,6.24906421063696,-75.6255079301351,Media,Deslizamiento,Medellín,Comuna 13 San Javier,Las Independencias,17.0,1,51.30800157785416,80.51800215244293,81.28000217676163,92.45600235462189,109.4740030169487,109.4740030169487,113.03000313043594,113.28400313854218,113.28400313854218,113.28400313854218,114.3000031709671,121.66600328683853,138.68400382995605,139.19200384616852,139.19200384616852,143.51000398397446,143.51000398397446,143.51000398397446,144.27200400829315,144.52600401639938,158.49600440263748,158.49600440263748,166.11600464582443,166.37000465393066,169.92600470781326,177.03800493478775,178.56200498342514,179.57800501585007,199.8980052471161,208.0260055065155,208.53400552272797,216.40800577402115,240.28400659561157,246.88800710439682,306.3240084052086,309.37200850248337,317.5000086426735,318.00800865888596,318.00800865888596,318.00800865888596,319.0240086913109,323.59600883722305,328.6760089993477,328.9300090074539,334.518009185791,334.77200919389725,355.0920093655586,357.63200944662094,383.0320099592209,383.0320099592209,390.1440101861954,390.3980101943016,401.5740105509758,417.5760108232498,417.5760108232498,419.1000108718872,419.1000108718872,419.1000108718872,419.60801088809967,422.9100109934807,443.48401153087616,444.5000115633011,448.3100118637085,448.3100118637085,448.3100118637085,456.9460121393204,457.9620121717453,459.23201221227646,469.64601242542267,469.64601242542267,469.64601242542267,469.64601242542267,471.1700124144554,471.1700124144554,474.4720124602318,534.6700127720833,545.5920131206512,546.1000131368637,548.8940132260323,569.4680137038231,576.3260139226913,576.3260139226913,576.3260139226913,586.4860142469406,616.458015203476,618.2360152602196,636.7780156731606,645.6680159568787,646.4300159811974,659.1300163865089,664.9720165729523,664.9720165729523,664.9720165729523,665.2260165810585,666.7500166296959,669.5440167188644,671.3220167756081
2022-10-23 12:00:00,Baja,6.28949594599999,-75.539724461,Media,Deslizamiento,Medellín,Comuna 1 Popular,Carpinelo,274.0,1,30.480000734329224,30.988000750541687,35.56000083684921,52.07000124454498,68.83400166034698,69.34200167655945,69.34200167655945,74.42200183868408,79.50200194120407,110.99800246953964,110.99800246953964,110.99800246953964,110.99800246953964,111.5060024857521,111.5060024857521,133.0960031747818,134.6200032234192,134.6200032234192,145.28800350427628,145.28800350427628,145.28800350427628,145.5420035123825,169.92600399255753,185.67400419712067,187.4520042538643,192.78600442409515,193.29400444030762,194.818004488945,200.66000467538834,226.5680055618286,228.092005610466,243.84000635147095,252.73000663518906,253.23800665140152,261.1120069026947,266.95400708913803,273.05000734329224,289.5600078701973,307.59400856494904,309.1180086135864,316.230008661747,316.73800867795944,316.73800867795944,316.73800867795944,322.0720088481903,325.62800896167755,327.15200901031494,332.99400919675827,340.3600095510483,344.424009680748,349.5040098428726,352.806009888649,352.806009888649,360.68001013994217,361.18801015615463,374.3960105776787,389.12801092863083,389.12801092863083,389.12801092863083,389.12801092863083,389.12801092863083,395.47801101207733,421.6400116086006,440.1820119023323,441.9600119590759,441.9600119590759,441.9600119590759,441.9600119590759,447.2940121293068,460.50201243162155,463.2960125207901,466.3440126180649,466.3440126180649,466.3440126180649,466.3440126180649,466.85201263427734,466.85201263427734,466.85201263427734,497.3320135474205,512.0640141367912,512.5720141530037,527.8120143413544,559.0540144443512,570.7380148172379,570.7380148172379,570.7380148172379,576.8340150117874,602.9960158467293,605.2820159196854,624.0780165791512,635.5080168247223,635.5080168247223,640.8420169949532,642.3660170435905,642.3660170435905,642.3660170435905,642.6200170516968
2022-10-23 22:00:00,Baja,6.17717195300003,-75.650406924,Media,Deslizamiento,Medellín,Corregimiento 80 San Antonio de Prado,San Antonio de Prado,36.0,1,37.59200119972229,55.37200152873993,63.5000017285347,83.56600230932236,96.26600247621536,110.23600226640701,122.93600225448608,122.93600225448608,137.16000258922577,142.2400027513504,142.2400027513504,159.51200306415558,159.51200306415558,160.02000308036804,192.78600353002548,203.96200382709503,217.17000430822372,246.63400506973267,249.68200516700745,250.69800519943237,250.69800519943237,250.69800519943237,254.25400531291962,256.79400539398193,290.83000618219376,296.9260061979294,297.1800062060356,297.1800062060356,300.9900063276291,306.8320065140724,318.7700067162514,327.4060069322586,339.59800708293915,341.630007147789,360.6800076365471,431.54600924253464,431.54600924253464,518.4140107631683,519.6840108036995,530.8600108623505,533.9080109596252,540.5120111703873,540.5120111703873,540.7660111784935,550.9260113239288,579.3740121722221,579.6280121803284,581.9140122532845,581.9140122532845,588.010012447834,592.5820125937462,602.7420126795769,608.0760127902031,632.2060133218765,632.714013338089,644.3980138301849,657.3520141243935,658.3680141568184,676.9100142717361,676.9100142717361,676.9100142717361,676.9100142717361,681.7360144257545,693.9280148148537,728.2180151343346,728.2180151343346,728.2180151343346,728.2180151343346,730.7580152153969,739.3940154910088,740.6640155315399,750.570015847683,750.570015847683,750.570015847683,750.570015847683,752.6020159125328,752.6020159125328,752.6020159125328,776.9860166311264,808.73601770401,808.73601770401,810.0060177445412,834.390018582344,858.2660192251205,860.552019238472,860.552019238472,868.1720194816589,917.4480210542679,920.4960211515427,933.9580215215683,964.1840226650238,964.9460226893425,974.8520229458809,977.9000230431557,977.9000230431557,981.7100231051445,982.218023121357
2022-10-23 22:00:00,Baja,6.177168241,-75.650175778,Media,Deslizamiento,Medellín,Corregimiento 80 San Antonio de Prado,San Antonio de Prado,36.0,1,37.59200119972229,55.37200152873993,63.5000017285347,83.56600230932236,96.26600247621536,110.23600226640701,122.93600225448608,122.93600225448608,137.16000258922577,142.2400027513504,142.2400027513504,159.51200306415558,159.51200306415558,160.02000308036804,192.78600353002548,203.96200382709503,217.17000430822372,246.63400506973267,249.68200516700745,250.69800519943237,250.69800519943237,250.69800519943237,254.25400531291962,256.79400539398193,290.83000618219376,296.9260061979294,297.1800062060356,297.1800062060356,300.9900063276291,306.8320065140724,318.7700067162514,327.4060069322586,339.59800708293915,341.630007147789,360.6800076365471,431.54600924253464,431.54600924253464,518.4140107631683,519.6840108036995,530.8600108623505,533.9080109596252,540.5120111703873,540.5120111703873,540.7660111784935,550.9260113239288,579.3740121722221,579.6280121803284,581.9140122532845,581.9140122532845,588.010012447834,592.5820125937462,602.7420126795769,608.0760127902031,632.2060133218765,632.714013338089,644.3980138301849,657.3520141243935,658.3680141568184,676.9100142717361,676.9100142717361,676.9100142717361,676.9100142717361,681.7360144257545,693.9280148148537,728.2180151343346,728.2180151343346,728.2180151343346,728.2180151343346,730.7580152153969,739.3940154910088,740.6640155315399,750.570015847683,750.570015847683,750.570015847683,750.570015847683,752.6020159125328,752.6020159125328,752.6020159125328,776.9860166311264,808.73601770401,808.73601770401,810.0060177445412,834.390018582344,858.2660192251205,860.552019238472,860.552019238472,868.1720194816589,917.4480210542679,920.4960211515427,933.9580215215683,964.1840226650238,964.9460226893425,974.8520229458809,977.9000230431557,977.9000230431557,981.7100231051445,982.218023121357
2022-10-24 04:00:00,Baja,6.17402225518654,-75.6648520527167,Media,Deslizamiento,Medellín,Corregimiento 80 San Antonio de Prado,La Florida,418.0,1,65.78600180149078,85.34400218725204,99.31400245428085,105.41000264883041,138.43000316619873,155.44800341129303,168.40200370550156,170.4340037703514,173.4820038676262,173.4820038676262,186.18200367689133,210.05800449848175,217.17000430822372,217.17000430822372,235.45800459384918,236.98200464248657,267.2080045938492,271.5260047316551,289.814004778862,295.4020049571991,295.4020049571991,295.4020049571991,296.1640049815178,303.0220051407814,328.4220053553581,328.4220053553581,328.4220053553581,328.67600536346436,330.9620053768158,338.0740056037903,356.6160064935684,360.6800066232681,375.1580069065094,390.9060071706772,391.6680071949959,406.9080076813698,481.8380089402199,492.76000928878784,545.0840097665787,552.4500099420547,561.594010412693,588.7720103263855,588.7720103263855,588.7720103263855,589.0260103344917,630.4280111789703,654.5580114126205,658.1140115261078,658.8760115504265,661.9240116477013,664.972011744976,682.7520122528076,688.3400124311447,710.6920127272606,716.0260128974915,725.6780130267143,740.1560134291649,746.5060136318207,753.6180138587952,787.4000152349472,787.4000152349472,787.4000152349472,791.4640153646469,799.8460156321526,834.6440163254738,834.6440163254738,846.074016213417,846.074016213417,846.8360162377357,856.7420165538788,862.5840167403221,864.1080167889595,870.9660169482231,870.9660169482231,870.9660169482231,871.2200169563293,875.284017086029,875.284017086029,878.5860171914101,922.0200183987617,934.46601831913,934.46601831913,955.5480190515518,968.7560194730759,987.044019818306,987.044019818306,987.044019818306,1011.174020588398,1042.9240214824677,1045.9720215797424,1045.9720215797424,1045.9720215797424,1052.3220217823982,1058.4180219769478,1063.4980221390724,1077.7220220565796,1077.7220220565796
2022-10-24 04:00:00,Baja,6.17373733483816,-75.6646515165332,Media,Deslizamiento,Medellín,Corregimiento 80 San Antonio de Prado,La Florida,418.0,1,65.78600180149078,85.34400218725204,99.31400245428085,105.41000264883041,138.43000316619873,155.44800341129303,168.40200370550156,170.4340037703514,173.4820038676262,173.4820038676262,186.18200367689133,210.05800449848175,217.17000430822372,217.17000430822372,235.45800459384918,236.98200464248657,267.2080045938492,271.5260047316551,289.814004778862,295.4020049571991,295.4020049571991,295.4020049571991,296.1640049815178,303.0220051407814,328.4220053553581,328.4220053553581,328.4220053553581,328.67600536346436,330.9620053768158,338.0740056037903,356.6160064935684,360.6800066232681,375.1580069065094,390.9060071706772,391.6680071949959,406.9080076813698,481.8380089402199,492.76000928878784,545.0840097665787,552.4500099420547,561.594010412693,588.7720103263855,588.7720103263855,588.7720103263855,589.0260103344917,630.4280111789703,654.5580114126205,658.1140115261078,658.8760115504265,661.9240116477013,664.972011744976,682.7520122528076,688.3400124311447,710.6920127272606,716.0260128974915,725.6780130267143,740.1560134291649,746.5060136318207,753.6180138587952,787.4000152349472,787.4000152349472,787.4000152349472,791.4640153646469,799.8460156321526,834.6440163254738,834.6440163254738,846.074016213417,846.074016213417,846.8360162377357,856.7420165538788,862.5840167403221,864.1080167889595,870.9660169482231,870.9660169482231,870.9660169482231,871.2200169563293,875.284017086029,875.284017086029,878.5860171914101,922.0200183987617,934.46601831913,934.46601831913,955.5480190515518,968.7560194730759,987.044019818306,987.044019818306,987.044019818306,1011.174020588398,1042.9240214824677,1045.9720215797424,1045.9720215797424,1045.9720215797424,1052.3220217823982,1058.4180219769478,1063.4980221390724,1077.7220220565796,1077.7220220565796
2022-10-24 14:00:00,Baja,6.29241989227721,-75.5456175808503,Media,Deslizamiento,Medellín,Comuna 1 Popular,Granizal,352.0,1,65.53200060129166,92.71000075340271,93.4720007777214,95.50400084257126,110.49000126123428,135.6360021829605,136.14400219917297,136.14400219917297,140.20800232887268,145.28800243139267,177.80000287294388,177.80000287294388,177.80000287294388,177.80000287294388,178.0540028810501,178.56200289726257,205.23200315237045,210.31200325489044,210.31200325489044,221.7420036792755,221.7420036792755,221.7420036792755,221.99600368738174,235.71200329065323,262.63600385189056,264.6680039167404,271.5260041356087,272.03400415182114,272.28800415992737,281.1780044436455,310.89600533246994,312.1660053730011,332.99400585889816,341.3760061264038,343.15400618314743,357.3780063986778,365.252006649971,371.6020067334175,397.2560075521469,399.28800761699677,415.03600776195526,416.8140078186989,417.0680078268051,417.0680078268051,417.0680078268051,424.43400806188583,429.76800817251205,431.8000082373619,438.1500084400177,438.1500084400177,452.8820088505745,457.7080090045929,457.7080090045929,457.7080090045929,465.32800924777985,465.8360092639923,482.6000096797943,495.5540100932121,498.6020100712776,498.6020100712776,498.6020100712776,498.6020100712776,504.44401025772095,538.4800106883049,566.1660107374191,567.9440107941628,567.9440107941628,567.9440107941628,567.9440107941628,576.0720110535622,588.0100113153458,590.8040114045143,593.5980114936829,593.5980114936829,593.5980114936829,593.5980114936829,593.8520115017891,593.8520115017891,593.8520115017891,633.2220123410225,647.9540128111839,648.7160128355026,665.9880130887032,725.4240120649338,736.3460124135017,736.3460124135017,736.3460124135017,741.6800125837326,771.652013540268,777.7480135560036,797.5600140690804,811.022014439106,811.022014439106,816.1020146012306,817.1180146336555,817.1180146336555,817.1180146336555
2022-10-24 15:00:00,Baja,6.23337592299998,-75.534677536,Media,Deslizamiento,Medellín,Comuna 8 Villa Hermosa,Las Estancias,551.0,1,62.48400145769119,91.69400191307068,91.69400191307068,91.69400191307068,98.2980021238327,134.3660026192665,136.14400267601013,136.39800268411636,141.47800266742706,141.7320026755333,154.940003156662,155.44800317287445,155.44800317287445,155.44800317287445,155.44800317287445,156.46400320529938,177.2920037508011,178.81600379943848,184.40400385856628,200.15200412273407,200.15200412273407,200.15200412273407,200.15200412273407,202.43800419569016,206.24800431728363,229.87000477313995,240.03000485897064,240.28400486707687,240.28400486707687,264.66800516843796,275.08200550079346,276.0980055332184,306.3240060210228,313.4360062479973,317.5000062584877,327.40600657463074,332.7400067448616,333.24800676107407,374.3960083723068,378.71400851011276,402.3360087275505,405.89200884103775,409.95600897073746,409.95600897073746,410.4640089869499,415.54400914907455,416.8140091896057,417.83000922203064,422.9100093841553,423.1640093922615,428.7520095705986,430.78400963544846,431.0380096435547,432.5620096921921,439.67400991916656,440.182009935379,452.8820103406906,463.0420106649399,463.55001068115234,466.59801065921783,466.59801065921783,466.59801065921783,466.59801065921783,492.76001143455505,525.0180119872093,526.2880120277405,526.2880120277405,526.2880120277405,526.2880120277405,531.3680121898651,553.7200127243996,559.0540129542351,567.4360131621361,567.4360131621361,567.4360131621361,567.4360131621361,567.6900131702423,567.6900131702423,567.6900131702423,629.6660144329071,639.5720147490501,641.6040148139,646.1760148406029,680.466015458107,689.1020157337189,689.3560157418251,689.3560157418251,701.5480161309242,738.1240171194077,740.1560171246529,767.0800177454948,785.8760182261467,788.6700183153152,794.0040184855461,797.5600185990334,797.5600185990334,797.5600185990334
2022-10-24 15:00:00,Baja,6.2386625,-75.564787,Media,Deslizamiento,Medellín,Comuna 10 La Candelaria,Las Palmas,71.0,1,33.02000069618225,44.196001052856445,44.70400106906891,44.70400106906891,53.340001344680786,98.04400211572647,98.2980021238327,98.2980021238327,101.34600222110748,101.60000222921371,112.77600246667862,112.77600246667862,112.77600246667862,112.77600246667862,112.77600246667862,115.0620025396347,131.826003074646,133.60400313138962,135.63600313663483,156.71800392866135,156.71800392866135,156.71800392866135,156.71800392866135,156.97200393676758,162.0520040988922,184.15000426769257,197.86600464582443,198.3740046620369,198.62800467014313,203.70800483226776,211.58200508356094,212.8520051240921,228.60000550746918,235.45800572633743,237.99800580739975,246.63400608301163,251.9680062532425,255.01600623130798,278.8920069336891,282.44800704717636,293.8780070543289,297.43400716781616,304.2920073866844,304.2920073866844,305.30800741910934,309.1180075407028,310.13400757312775,311.4040076136589,315.72200775146484,315.72200775146484,328.9300080537796,332.9940081834793,334.26400822401047,334.26400822401047,341.37600845098495,341.6300084590912,354.33000886440277,364.9980092048645,376.68200927972794,377.69800931215286,377.69800931215286,377.69800931215286,377.69800931215286,403.60600942373276,439.92801052331924,441.45201057195663,441.45201057195663,441.45201057195663,441.45201057195663,447.29401075839996,461.2640112042427,464.82001131772995,477.0120116472244,477.0120116472244,477.0120116472244,477.0120116472244,477.5200116634369,477.5200116634369,478.2820116877556,540.5120125412941,550.1640129089355,551.6880129575729,561.3400130867958,583.692013502121,592.3280137777328,592.5820137858391,592.5820137858391,603.758014023304,632.968014895916,635.7620149850845,658.876015663147,673.3540160059929,675.1320160627365,678.4340161681175,681.7360162734985,681.7360162734985,681.7360162734985
2022-10-24 15:00:00,Baja,6.28286632200002,-75.542569596,Media,Deslizamiento,Medellín,Comuna 3 Manrique,San José La Cima No.1,55.0,1,52.83200144767761,88.39200222492218,88.90000224113464,89.4080022573471,102.61600267887115,133.0960032939911,133.60400331020355,134.36600333452225,136.65200340747833,140.20800352096558,165.3540040254593,165.86200404167175,165.86200404167175,165.86200404167175,165.86200404167175,166.62400406599045,190.24600464105606,193.29400473833084,193.29400473833084,206.50200521945953,206.50200521945953,206.50200521945953,206.75600522756577,227.33000618219376,236.72800648212433,251.20600658655167,256.79400676488876,257.55600678920746,257.8100067973137,266.95400708913803,285.49600714445114,287.528007209301,306.83200800418854,314.4520082473755,316.9920083284378,326.13600862026215,331.72400879859924,338.83600890636444,359.918009519577,362.7120096087456,378.46000987291336,382.52401000261307,389.8900102376938,389.8900102376938,390.1440102458,395.7320104241371,400.05001056194305,401.8280106186867,407.16201078891754,407.16201078891754,419.86201125383377,425.19601136446,429.26001131534576,429.514011323452,436.8800115585327,437.3880115747452,449.3260118961334,459.23201221227646,463.042012155056,463.042012155056,463.042012155056,463.042012155056,463.042012155056,488.1880128979683,513.3340131044388,514.8580131530762,514.8580131530762,514.8580131530762,514.8580131530762,520.9540133476257,537.2100139856339,540.7660140991211,544.3220142126083,544.3220142126083,544.3220142126083,544.3220142126083,545.084014236927,545.084014236927,545.084014236927,580.3900153040886,594.8680154681206,595.6300154924393,617.7280160188675,654.55801653862,665.2260168790817,665.2260168790817,665.2260168790817,670.8140170574188,700.0240177512169,702.310017824173,737.6160187125206,748.0300188660622,748.0300188660622,751.8400189876556,753.364019036293,753.364019036293,753.364019036293
2022-10-24 15:00:00,Baja,6.23686111500001,-75.537935743,Media,Deslizamiento,Medellín,Comuna 8 Villa Hermosa,Villatina,551.0,1,62.48400145769119,91.69400191307068,91.69400191307068,91.69400191307068,98.2980021238327,134.3660026192665,136.14400267601013,136.39800268411636,141.47800266742706,141.7320026755333,154.940003156662,155.44800317287445,155.44800317287445,155.44800317287445,155.44800317287445,156.46400320529938,177.2920037508011,178.81600379943848,184.40400385856628,200.15200412273407,200.15200412273407,200.15200412273407,200.15200412273407,202.43800419569016,206.24800431728363,229.87000477313995,240.03000485897064,240.28400486707687,240.28400486707687,264.66800516843796,275.08200550079346,276.0980055332184,306.3240060210228,313.4360062479973,317.5000062584877,327.40600657463074,332.7400067448616,333.24800676107407,374.3960083723068,378.71400851011276,402.3360087275505,405.89200884103775,409.95600897073746,409.95600897073746,410.4640089869499,415.54400914907455,416.8140091896057,417.83000922203064,422.9100093841553,423.1640093922615,428.7520095705986,430.78400963544846,431.0380096435547,432.5620096921921,439.67400991916656,440.182009935379,452.8820103406906,463.0420106649399,463.55001068115234,466.59801065921783,466.59801065921783,466.59801065921783,466.59801065921783,492.76001143455505,525.0180119872093,526.2880120277405,526.2880120277405,526.2880120277405,526.2880120277405,531.3680121898651,553.7200127243996,559.0540129542351,567.4360131621361,567.4360131621361,567.4360131621361,567.4360131621361,567.6900131702423,567.6900131702423,567.6900131702423,629.6660144329071,639.5720147490501,641.6040148139,646.1760148406029,680.466015458107,689.1020157337189,689.3560157418251,689.3560157418251,701.5480161309242,738.1240171194077,740.1560171246529,767.0800177454948,785.8760182261467,788.6700183153152,794.0040184855461,797.5600185990334,797.5600185990334,797.5600185990334
2022-10-24 15:30:00,Baja,6.29278743244304,-75.5478275696157,Media,Deslizamiento,Medellín,Comuna 1 Popular,Granizal,352.0,1,69.59600073099136,96.77400088310242,98.55200093984604,98.55200093984604,112.52200138568878,140.71600234508514,140.97000235319138,141.2240023612976,143.25600242614746,149.86000257730484,150.62200260162354,182.8800030350685,182.8800030350685,182.8800030350685,183.13400304317474,183.6420030593872,204.47000348567963,215.39200341701508,215.39200341701508,226.82200384140015,226.82200384140015,226.82200384140015,226.82200384140015,227.58400386571884,253.49200385808945,269.74800407886505,276.6060042977333,277.11400431394577,277.368004322052,285.2420045733452,295.1480048298836,317.24600553512573,338.0740060210228,345.948006272316,348.23400634527206,362.45800656080246,370.33200681209564,376.68200689554214,402.33600771427155,404.3680077791214,420.1160079240799,421.38600796461105,422.14800798892975,422.14800798892975,422.14800798892975,428.2440081834793,434.8480083346367,436.88000839948654,443.23000860214233,443.23000860214233,457.9620090126991,460.7560091018677,462.78800916671753,462.78800916671753,470.4080094099045,470.91600942611694,487.68000984191895,500.63401025533676,503.68201023340225,503.68201023340225,503.68201023340225,503.68201023340225,503.68201023340225,543.5600108504295,571.2460108995438,573.0240109562874,573.0240109562874,573.0240109562874,573.0240109562874,581.1520112156868,593.0900114774704,595.884011566639,598.6780116558075,598.6780116558075,598.6780116558075,598.6780116558075,598.9320116639137,598.9320116639137,598.9320116639137,638.3020125031471,653.0340129733086,653.7960129976273,671.0680132508278,730.5040122270584,741.4260125756264,741.4260125756264,741.4260125756264,746.7600127458572,776.7320137023926,782.8280137181282,802.640014231205,816.1020146012306,816.1020146012306,821.1820147633553,822.1980147957802,822.1980147957802,822.1980147957802
2022-10-24 17:00:00,Baja,6.29848764989538,-75.5431070452267,Media,Deslizamiento,Medellín,Comuna 1 Popular,Santo Domingo Savio No.1,352.0,1,72.39000082015991,94.23400098085403,101.34600102901459,101.34600102901459,115.31600147485733,143.5100024342537,143.76400244235992,144.01800245046616,146.050002515316,152.6540026664734,153.16200268268585,185.67400312423706,185.67400312423706,185.67400312423706,185.9280031323433,186.43600314855576,207.26400357484818,218.18600350618362,218.18600350618362,229.6160039305687,229.6160039305687,229.6160039305687,229.6160039305687,230.3780039548874,255.27000391483307,272.5420041680336,279.40000438690186,279.9080044031143,280.16200441122055,288.03600466251373,293.62400484085083,320.0400056242943,340.3600060939789,348.7420063614845,351.0280064344406,365.252006649971,373.1260069012642,379.4760069847107,405.1300078034401,407.16200786828995,422.6560080051422,424.1800080537796,424.9420080780983,424.9420080780983,424.9420080780983,431.03800827264786,437.64200842380524,439.6740084886551,446.0240086913109,446.0240086913109,460.7560091018677,463.29600918293,465.5820092558861,465.5820092558861,473.20200949907303,473.7100095152855,490.4740099310875,503.4280103445053,506.4760103225708,506.4760103225708,506.4760103225708,506.4760103225708,506.4760103225708,546.3540109395981,574.0400109887123,575.8180110454559,575.8180110454559,575.8180110454559,575.8180110454559,583.9460113048553,595.884011566639,598.6780116558075,601.472011744976,601.472011744976,601.472011744976,601.472011744976,601.7260117530823,601.7260117530823,601.7260117530823,641.0960125923157,655.8280130624771,656.5900130867958,659.3840131759644,733.298012316227,744.2200126647949,744.2200126647949,744.2200126647949,749.5540128350258,779.5260137915611,785.6220138072968,805.4340143203735,818.8960146903992,818.8960146903992,823.9760148525238,824.9920148849487,824.9920148849487,824.9920148849487
2022-10-24 17:00:00,Baja,6.292310697,-75.537947897,Media,Deslizamiento,Medellín,Comuna 1 Popular,La Avanzada,352.0,1,72.39000082015991,94.23400098085403,101.34600102901459,101.34600102901459,115.31600147485733,143.5100024342537,143.76400244235992,144.01800245046616,146.050002515316,152.6540026664734,153.16200268268585,185.67400312423706,185.67400312423706,185.67400312423706,185.9280031323433,186.43600314855576,207.26400357484818,218.18600350618362,218.18600350618362,229.6160039305687,229.6160039305687,229.6160039305687,229.6160039305687,230.3780039548874,255.27000391483307,272.5420041680336,279.40000438690186,279.9080044031143,280.16200441122055,288.03600466251373,293.62400484085083,320.0400056242943,340.3600060939789,348.7420063614845,351.0280064344406,365.252006649971,373.1260069012642,379.4760069847107,405.1300078034401,407.16200786828995,422.6560080051422,424.1800080537796,424.9420080780983,424.9420080780983,424.9420080780983,431.03800827264786,437.64200842380524,439.6740084886551,446.0240086913109,446.0240086913109,460.7560091018677,463.29600918293,465.5820092558861,465.5820092558861,473.20200949907303,473.7100095152855,490.4740099310875,503.4280103445053,506.4760103225708,506.4760103225708,506.4760103225708,506.4760103225708,506.4760103225708,546.3540109395981,574.0400109887123,575.8180110454559,575.8180110454559,575.8180110454559,575.8180110454559,583.9460113048553,595.884011566639,598.6780116558075,601.472011744976,601.472011744976,601.472011744976,601.472011744976,601.7260117530823,601.7260117530823,601.7260117530823,641.0960125923157,655.8280130624771,656.5900130867958,659.3840131759644,733.298012316227,744.2200126647949,744.2200126647949,744.2200126647949,749.5540128350258,779.5260137915611,785.6220138072968,805.4340143203735,818.8960146903992,818.8960146903992,823.9760148525238,824.9920148849487,824.9920148849487,824.9920148849487
2022-10-24 17:30:00,Baja,6.19085090300001,-75.558794149,Media,Deslizamiento,Medellín,Comuna 14 El Poblado,Los Balsos No.1,56.0,1,41.40200066566467,58.166001081466675,89.40800207853317,89.40800207853317,94.74200224876404,107.18800264596939,128.7780030965805,146.81200295686722,149.60600304603577,153.924003303051,157.48000341653824,158.24200344085693,158.24200344085693,158.24200344085693,159.00400346517563,165.10000360012054,191.26200395822525,192.27800399065018,198.62800413370132,208.78800439834595,208.78800439834595,208.78800439834595,208.78800439834595,209.04200440645218,212.85200452804565,213.1060045361519,220.4720047712326,220.72600477933884,220.72600477933884,224.5360049009323,226.8220049738884,263.90600591897964,281.6860062479973,288.2900064587593,288.2900064587593,303.7840066552162,312.4200069308281,312.4200069308281,348.23400777578354,352.5520079135895,356.1080079674721,368.55400800704956,369.8240080475807,369.8240080475807,370.84000808000565,377.19000828266144,381.50800836086273,382.0160083770752,386.58800852298737,386.58800852298737,393.70000863075256,403.8600090146065,404.8760090470314,405.38400906324387,414.274009346962,415.03600937128067,426.21200972795486,433.5780099630356,436.62601006031036,436.62601006031036,436.62601006031036,436.62601006031036,436.62601006031036,447.8020102381706,481.3300115466118,482.3460115790367,482.3460115790367,482.3460115790367,482.3460115790367,485.14001166820526,508.7620122432709,510.5400123000145,523.2400126457214,523.2400126457214,523.2400126457214,523.2400126457214,528.3200126886368,528.3200126886368,528.3200126886368,560.3240134716034,570.2300137281418,571.5000137686729,571.7540137767792,590.0420144200325,605.7900147438049,605.7900147438049,605.7900147438049,617.9820150136948,658.1140159368515,659.1300159692764,684.2760165333748,709.9300173521042,711.962017416954,722.3760176897049,725.9320178031921,725.9320178031921,725.9320178031921
2022-10-24 17:30:00,Baja,6.19166137392285,-75.5583619042169,Media,Deslizamiento,Medellín,Comuna 14 El Poblado,Los Balsos No.1,56.0,1,41.40200066566467,58.166001081466675,89.40800207853317,89.40800207853317,94.74200224876404,107.18800264596939,128.7780030965805,146.81200295686722,149.60600304603577,153.924003303051,157.48000341653824,158.24200344085693,158.24200344085693,158.24200344085693,159.00400346517563,165.10000360012054,191.26200395822525,192.27800399065018,198.62800413370132,208.78800439834595,208.78800439834595,208.78800439834595,208.78800439834595,209.04200440645218,212.85200452804565,213.1060045361519,220.4720047712326,220.72600477933884,220.72600477933884,224.5360049009323,226.8220049738884,263.90600591897964,281.6860062479973,288.2900064587593,288.2900064587593,303.7840066552162,312.4200069308281,312.4200069308281,348.23400777578354,352.5520079135895,356.1080079674721,368.55400800704956,369.8240080475807,369.8240080475807,370.84000808000565,377.19000828266144,381.50800836086273,382.0160083770752,386.58800852298737,386.58800852298737,393.70000863075256,403.8600090146065,404.8760090470314,405.38400906324387,414.274009346962,415.03600937128067,426.21200972795486,433.5780099630356,436.62601006031036,436.62601006031036,436.62601006031036,436.62601006031036,436.62601006031036,447.8020102381706,481.3300115466118,482.3460115790367,482.3460115790367,482.3460115790367,482.3460115790367,485.14001166820526,508.7620122432709,510.5400123000145,523.2400126457214,523.2400126457214,523.2400126457214,523.2400126457214,528.3200126886368,528.3200126886368,528.3200126886368,560.3240134716034,570.2300137281418,571.5000137686729,571.7540137767792,590.0420144200325,605.7900147438049,605.7900147438049,605.7900147438049,617.9820150136948,658.1140159368515,659.1300159692764,684.2760165333748,709.9300173521042,711.962017416954,722.3760176897049,725.9320178031921,725.9320178031921,725.9320178031921
2022-10-24 18:00:00,Baja,6.240772343,-75.517290566,Media,Deslizamiento,Medellín,Corregimiento 90 Santa Elena,Media Luna,42.0,1,43.688000559806824,84.3280018568039,96.77400207519531,100.33000218868256,104.6480023264885,140.20800292491913,140.20800292491913,141.73200297355652,144.27200305461884,144.52600306272507,175.26000374555588,176.02200376987457,176.02200376987457,176.02200376987457,176.53000378608704,177.8000038266182,197.61200433969498,201.42200446128845,207.77200466394424,220.2180049419403,220.2180049419403,220.2180049419403,220.2180049419403,221.7420049905777,239.26800537109375,254.76200532913208,254.76200532913208,254.76200532913208,254.76200532913208,259.33400547504425,272.0340059399605,292.3540064096451,316.9920072555542,325.37400752305984,326.644007563591,335.5340078473091,340.86800801754,341.1220080256462,368.0460086464882,371.09400874376297,371.09400874376297,381.000009059906,384.55600917339325,384.8100091814995,385.8260092139244,391.92200940847397,403.8600097298622,405.63800978660583,412.24200999736786,412.24200999736786,420.1160100698471,422.4020101428032,422.4020101428032,431.5460103750229,441.1980106830597,441.70601069927216,456.18401116132736,467.1060115098953,470.40801161527634,470.40801161527634,470.40801161527634,470.40801161527634,470.40801161527634,496.3160120844841,513.5880126357079,515.8740127086639,515.8740127086639,515.8740127086639,515.8740127086639,519.9380128383636,541.0200136303902,547.6240137219429,552.9580138921738,552.9580138921738,552.9580138921738,552.9580138921738,556.7680140137672,556.7680140137672,556.7680140137672,580.8980147242546,596.1380150914192,597.9160151481628,598.6780151724815,627.8880156874657,640.5880160927773,641.350016117096,641.350016117096,653.2880165576935,713.9940177798271,714.5020177960396,747.2680181860924,760.4760186076164,767.0800185203552,773.6840187311172,776.9860188364983,776.9860188364983,776.9860188364983
2022-10-24 20:00:00,Baja,6.23937667299998,-75.537574392,Media,Otro,Medellín,Comuna 8 Villa Hermosa,San Antonio,551.0,1,49.02200108766556,67.3100016117096,91.69400191307068,91.69400191307068,97.79000210762024,133.60400259494781,136.14400267601013,136.39800268411636,136.39800268411636,141.47800266742706,146.30400282144547,155.44800317287445,155.44800317287445,155.44800317287445,155.44800317287445,156.46400320529938,177.03800374269485,178.56200379133224,184.40400385856628,200.15200412273407,200.15200412273407,200.15200412273407,200.15200412273407,200.15200412273407,205.74000430107117,229.87000477313995,240.03000485897064,240.28400486707687,240.28400486707687,264.1600051522255,265.9380052089691,275.84400552511215,302.00600600242615,313.4360062479973,317.5000062584877,327.1520065665245,332.7400067448616,332.7400067448616,374.3960083723068,378.71400851011276,384.55600863695145,405.3840088248253,409.95600897073746,409.95600897073746,410.4640089869499,415.54400914907455,416.8140091896057,417.83000922203064,422.9100093841553,422.9100093841553,428.7520095705986,430.78400963544846,430.78400963544846,432.5620096921921,439.67400991916656,440.182009935379,452.8820103406906,463.0420106649399,463.55001068115234,466.59801065921783,466.59801065921783,466.59801065921783,466.59801065921783,490.7280113697052,525.0180119872093,526.2880120277405,526.2880120277405,526.2880120277405,526.2880120277405,531.3680121898651,542.5440125465393,555.4980127811432,567.4360131621361,567.4360131621361,567.4360131621361,567.4360131621361,567.6900131702423,567.6900131702423,567.6900131702423,605.7900138497353,639.5720147490501,641.6040148139,641.8580148220062,656.8440151810646,689.1020157337189,689.3560157418251,689.3560157418251,699.7700160741806,734.5680171251297,740.1560171246529,756.4120174646378,782.0660181641579,787.1460182666779,794.0040184855461,797.5600185990334,797.5600185990334,797.5600185990334
2022-10-24 20:05:00,Baja,6.29509161009067,-75.5397419929221,Media,Deslizamiento,Medellín,Comuna 1 Popular,La Avanzada,352.0,1,59.69000041484833,76.70800095796585,101.34600102901459,101.34600102901459,115.31600147485733,143.5100024342537,143.76400244235992,144.01800245046616,144.01800245046616,152.6540026664734,153.16200268268585,185.67400312423706,185.67400312423706,185.67400312423706,185.9280031323433,186.43600314855576,198.8820035457611,216.91600346565247,218.18600350618362,222.25000363588333,229.6160039305687,229.6160039305687,229.6160039305687,230.3780039548874,255.27000391483307,272.5420041680336,279.40000438690186,279.9080044031143,280.16200441122055,288.03600466251373,291.33800476789474,319.5320056080818,340.3600060939789,348.7420063614845,351.0280064344406,365.252006649971,373.1260069012642,373.1260069012642,405.1300078034401,407.16200786828995,422.6560080051422,424.1800080537796,424.9420080780983,424.9420080780983,424.9420080780983,431.03800827264786,437.64200842380524,439.6740084886551,446.0240086913109,446.0240086913109,460.50200909376144,463.29600918293,465.5820092558861,465.5820092558861,473.20200949907303,473.7100095152855,490.4740099310875,503.4280103445053,506.4760103225708,506.4760103225708,506.4760103225708,506.4760103225708,506.4760103225708,537.4640110135078,574.0400109887123,575.8180110454559,575.8180110454559,575.8180110454559,575.8180110454559,583.9460113048553,593.5980116128922,598.6780116558075,601.472011744976,601.472011744976,601.472011744976,601.472011744976,601.7260117530823,601.7260117530823,601.7260117530823,641.0960125923157,655.8280130624771,656.5900130867958,656.5900130867958,679.1960135102272,744.2200126647949,744.2200126647949,744.2200126647949,746.7600127458572,774.7000136375427,785.1140137910843,794.0040140748024,815.5940146446228,818.8960146903992,823.9760148525238,824.9920148849487,824.9920148849487,824.9920148849487
2022-10-24 22:00:00,Baja,6.23598626099999,-75.531245434,Media,Deslizamiento,Medellín,Comuna 8 Villa Hermosa,Villa Turbay,551.0,1,48.26000106334686,62.738001465797424,91.69400191307068,91.69400191307068,97.79000210762024,133.60400259494781,136.14400267601013,136.39800268411636,136.39800268411636,141.47800266742706,146.30400282144547,155.44800317287445,155.44800317287445,155.44800317287445,155.44800317287445,156.46400320529938,164.5920034646988,177.2920037508011,184.40400385856628,186.9440039396286,200.15200412273407,200.15200412273407,200.15200412273407,200.15200412273407,205.74000430107117,229.87000477313995,240.03000485897064,240.28400486707687,240.28400486707687,264.1600051522255,265.6840052008629,275.08200550079346,299.2120059132576,311.40400618314743,317.5000062584877,327.1520065665245,332.7400067448616,332.7400067448616,374.3960083723068,377.1900084614754,384.55600863695145,405.3840088248253,409.95600897073746,409.95600897073746,410.4640089869499,415.54400914907455,416.8140091896057,417.83000922203064,422.9100093841553,422.9100093841553,428.7520095705986,430.78400963544846,430.78400963544846,432.5620096921921,439.67400991916656,440.182009935379,452.8820103406906,463.0420106649399,463.55001068115234,466.59801065921783,466.59801065921783,466.59801065921783,466.59801065921783,484.88601130247116,525.0180119872093,526.2880120277405,526.2880120277405,526.2880120277405,526.2880120277405,531.3680121898651,542.0360125303268,555.4980127811432,567.4360131621361,567.4360131621361,567.4360131621361,567.4360131621361,567.6900131702423,567.6900131702423,567.6900131702423,605.7900138497353,639.5720147490501,641.6040148139,641.8580148220062,656.8440151810646,689.1020157337189,689.3560157418251,689.3560157418251,693.4200158715248,725.42401689291,740.1560171246529,744.2200172543526,782.0660181641579,787.1460182666779,794.0040184855461,797.5600185990334,797.5600185990334,797.5600185990334
2022-10-25 06:00:00,Baja,6.24082270345801,-75.5413730931311,Media,Caida de rocas,Medellín,Comuna 8 Villa Hermosa,La Libertad,551.0,1,43.43400090932846,62.48400145769119,91.69400191307068,91.69400191307068,94.48800200223923,111.76000207662582,136.14400267601013,136.39800268411636,136.39800268411636,141.47800266742706,141.7320026755333,155.44800317287445,155.44800317287445,155.44800317287445,155.44800317287445,156.46400320529938,156.46400320529938,177.2920037508011,179.57800382375717,184.40400385856628,200.15200412273407,200.15200412273407,200.15200412273407,200.15200412273407,205.2320042848587,229.87000477313995,240.03000485897064,240.03000485897064,240.28400486707687,260.60400503873825,264.66800516843796,275.08200550079346,286.7660056948662,306.3240060210228,317.5000062584877,317.5000062584877,327.40600657463074,332.7400067448616,333.5020067691803,374.3960083723068,383.79400861263275,402.3360087275505,409.448008954525,409.95600897073746,409.95600897073746,410.4640089869499,416.8140091896057,416.8140091896057,419.35400927066803,422.9100093841553,425.19600945711136,428.7520095705986,430.78400963544846,432.5620096921921,432.5620096921921,439.67400991916656,441.7060099840164,453.6440103650093,463.55001068115234,463.55001068115234,466.59801065921783,466.59801065921783,466.59801065921783,481.076011300087,498.85601156949997,525.2720119953156,526.2880120277405,526.2880120277405,526.2880120277405,526.2880120277405,535.686012327671,553.7200127243996,562.8640130758286,567.4360131621361,567.4360131621361,567.4360131621361,567.4360131621361,567.6900131702423,567.6900131702423,573.2780132889748,629.6660144329071,639.5720147490501,641.6040148139,646.9380148649216,680.7200154662132,689.3560157418251,689.3560157418251,689.3560157418251,701.8020161390305,740.1560171246529,740.1560171246529,772.4140178561211,785.8760182261467,791.9720184206963,794.5120185017586,797.5600185990334,797.5600185990334
2022-10-25 07:00:00,Baja,6.23326640200003,-75.532170249,Media,Deslizamiento,Medellín,Comuna 8 Villa Hermosa,Las Estancias,551.0,1,43.43400090932846,62.48400145769119,91.69400191307068,91.69400191307068,93.72600197792053,111.50600206851959,136.14400267601013,136.39800268411636,136.39800268411636,141.47800266742706,141.7320026755333,155.44800317287445,155.44800317287445,155.44800317287445,155.44800317287445,156.46400320529938,156.46400320529938,177.2920037508011,179.57800382375717,184.40400385856628,200.15200412273407,200.15200412273407,200.15200412273407,200.15200412273407,203.20000422000885,229.87000477313995,240.03000485897064,240.03000485897064,240.28400486707687,260.60400503873825,264.66800516843796,275.08200550079346,286.7660056948662,306.3240060210228,317.5000062584877,317.5000062584877,327.40600657463074,332.7400067448616,333.24800676107407,374.3960083723068,383.79400861263275,402.3360087275505,408.94000893831253,409.95600897073746,409.95600897073746,410.4640089869499,415.54400914907455,416.8140091896057,418.3380092382431,422.9100093841553,425.19600945711136,428.7520095705986,430.78400963544846,432.5620096921921,432.5620096921921,439.67400991916656,440.182009935379,453.13601034879684,463.55001068115234,463.55001068115234,466.59801065921783,466.59801065921783,466.59801065921783,471.67801082134247,498.85601156949997,525.0180119872093,526.2880120277405,526.2880120277405,526.2880120277405,526.2880120277405,534.9240123033524,553.7200127243996,561.8480130434036,567.4360131621361,567.4360131621361,567.4360131621361,567.4360131621361,567.6900131702423,567.6900131702423,573.2780132889748,629.6660144329071,639.5720147490501,641.6040148139,646.1760148406029,680.466015458107,689.3560157418251,689.3560157418251,689.3560157418251,701.5480161309242,740.1560171246529,740.1560171246529,772.4140178561211,785.8760182261467,790.4480183720589,794.5120185017586,797.5600185990334,797.5600185990334
2022-10-25 12:00:00,Baja,6.2791289974413,-75.5404478410811,Media,Deslizamiento,Medellín,Comuna 3 Manrique,María Cano-Carambolas,55.0,1,36.32200092077255,56.134001553058624,89.91600227355957,90.42400228977203,95.50400245189667,113.79200285673141,134.62000334262848,135.12800335884094,135.89000338315964,140.71600353717804,143.76400363445282,167.38600409030914,167.38600409030914,167.38600409030914,167.38600409030914,168.14800411462784,168.14800411462784,193.0400047302246,194.81800478696823,194.81800478696823,208.02600526809692,208.02600526809692,208.02600526809692,208.28000527620316,228.85400623083115,251.20600658655167,252.9840066432953,258.31800681352615,259.08000683784485,261.8740069270134,268.73200714588165,287.528007209301,289.56000727415085,308.3560080528259,317.7540083527565,318.5160083770752,327.66000866889954,333.24800884723663,340.36000895500183,361.4420095682144,377.9520098567009,379.98400992155075,390.9060102701187,391.4140102863312,391.4140102863312,391.6680102944374,397.2560104727745,401.57401061058044,403.35201066732407,408.68601083755493,416.3060111403465,421.38601130247116,426.9740114212036,431.0380113720894,431.0380113720894,438.4040116071701,438.91201162338257,450.8500119447708,464.5660122036934,464.5660122036934,464.5660122036934,464.5660122036934,464.5660122036934,470.40801215171814,496.0620129108429,514.8580131530762,516.3820132017136,516.3820132017136,516.3820132017136,516.3820132017136,522.9860134124756,538.7340140342712,542.2900141477585,545.8460142612457,545.8460142612457,545.8460142612457,545.8460142612457,546.6080142855644,546.6080142855644,546.6080142855644,581.914015352726,596.392015516758,597.1540155410767,619.2520160675049,656.0820165872574,666.7500169277191,666.7500169277191,666.7500169277191,672.3380171060562,701.5480177998543,703.8340178728104,739.140018761158,749.5540189146996,749.5540189146996,753.364019036293,754.8880190849304,754.8880190849304
2022-10-25 13:00:00,Baja,6.28219157400002,-75.544770788,Media,Deslizamiento,Medellín,Comuna 3 Manrique,Las Granjas,55.0,1,36.32200092077255,56.134001553058624,89.91600227355957,90.42400228977203,95.50400245189667,113.79200285673141,134.62000334262848,135.12800335884094,135.89000338315964,140.71600353717804,143.76400363445282,167.38600409030914,167.38600409030914,167.38600409030914,167.38600409030914,168.14800411462784,168.14800411462784,193.0400047302246,194.81800478696823,194.81800478696823,208.02600526809692,208.02600526809692,208.02600526809692,208.28000527620316,228.85400623083115,251.20600658655167,252.73000663518906,258.31800681352615,259.08000683784485,260.60400688648224,268.73200714588165,287.528007209301,289.56000727415085,308.3560080528259,317.50000834465027,318.5160083770752,327.66000866889954,333.24800884723663,340.36000895500183,361.4420095682144,365.2520096898079,379.98400992155075,390.9060102701187,391.4140102863312,391.4140102863312,391.6680102944374,397.2560104727745,401.57401061058044,403.35201066732407,408.68601083755493,415.03601109981537,421.38601130247116,426.9740114212036,431.0380113720894,431.0380113720894,438.4040116071701,438.91201162338257,450.8500119447708,464.5660122036934,464.5660122036934,464.5660122036934,464.5660122036934,464.5660122036934,470.40801215171814,491.74401301145554,514.8580131530762,516.3820132017136,516.3820132017136,516.3820132017136,516.3820132017136,522.9860134124756,538.7340140342712,542.2900141477585,545.8460142612457,545.8460142612457,545.8460142612457,545.8460142612457,546.6080142855644,546.6080142855644,546.6080142855644,581.914015352726,596.392015516758,597.1540155410767,619.2520160675049,656.0820165872574,666.7500169277191,666.7500169277191,666.7500169277191,672.3380171060562,701.5480177998543,703.8340178728104,739.140018761158,749.5540189146996,749.5540189146996,753.364019036293,754.8880190849304,754.8880190849304
2022-10-25 14:00:00,Baja,6.23652826099999,-75.535221199,Media,Complejo,Medellín,Comuna 8 Villa Hermosa,Villa Lilliam,551.0,1,43.18000090122223,62.48400145769119,91.69400191307068,91.69400191307068,93.4720019698143,108.20400196313858,134.3660026192665,136.39800268411636,136.39800268411636,141.47800266742706,141.7320026755333,155.44800317287445,155.44800317287445,155.44800317287445,155.44800317287445,155.70200318098068,156.46400320529938,177.2920037508011,179.0700038075447,184.40400385856628,200.15200412273407,200.15200412273407,200.15200412273407,200.15200412273407,202.6920042037964,220.72600477933884,229.87000477313995,240.03000485897064,240.28400486707687,240.28400486707687,264.66800516843796,275.08200550079346,276.3520055413246,306.3240060210228,313.4360062479973,317.5000062584877,327.40600657463074,332.7400067448616,333.24800676107407,374.3960083723068,378.968008518219,402.3360087275505,407.6700088977814,409.95600897073746,409.95600897073746,410.4640089869499,415.54400914907455,416.8140091896057,417.83000922203064,422.9100093841553,424.9420094490051,428.7520095705986,430.78400963544846,432.30800968408585,432.5620096921921,439.67400991916656,440.182009935379,452.8820103406906,463.0420106649399,463.55001068115234,466.59801065921783,466.59801065921783,466.59801065921783,470.9160107970238,492.76001143455505,525.0180119872093,526.2880120277405,526.2880120277405,526.2880120277405,526.2880120277405,531.3680121898651,553.7200127243996,559.0540129542351,567.4360131621361,567.4360131621361,567.4360131621361,567.4360131621361,567.6900131702423,567.6900131702423,567.6900131702423,629.6660144329071,639.5720147490501,641.6040148139,646.1760148406029,680.466015458107,689.1020157337189,689.3560157418251,689.3560157418251,701.5480161309242,738.1240171194077,740.1560171246529,770.6360177993774,785.8760182261467,788.6700183153152,794.0040184855461,797.5600185990334,797.5600185990334
2022-10-25 14:00:00,Baja,6.29635355,-75.541541057,Media,Deslizamiento,Medellín,Comuna 1 Popular,Santo Domingo Savio No.1,352.0,1,35.55999982357025,73.40600085258484,100.58400100469589,101.34600102901459,103.37800109386444,118.36400151252747,143.5100024342537,144.01800245046616,144.01800245046616,148.08200258016586,153.16200268268585,185.67400312423706,185.67400312423706,185.67400312423706,185.67400312423706,185.9280031323433,186.43600314855576,213.10600340366364,218.18600350618362,218.18600350618362,229.6160039305687,229.6160039305687,229.6160039305687,229.87000393867493,243.5860035419464,270.51000410318375,272.5420041680336,279.40000438690186,279.9080044031143,280.16200441122055,289.05200469493866,318.7700055837631,320.0400056242943,340.86800611019135,349.250006377697,351.0280064344406,365.252006649971,373.1260069012642,379.4760069847107,405.1300078034401,407.16200786828995,422.91000801324844,424.68800806999207,424.9420080780983,424.9420080780983,424.9420080780983,432.308008313179,437.64200842380524,439.6740084886551,446.0240086913109,446.0240086913109,460.7560091018677,465.5820092558861,465.5820092558861,465.5820092558861,473.20200949907303,473.7100095152855,490.4740099310875,503.4280103445053,506.4760103225708,506.4760103225708,506.4760103225708,506.4760103225708,512.3180105090141,546.3540109395981,574.0400109887123,575.8180110454559,575.8180110454559,575.8180110454559,575.8180110454559,583.9460113048553,595.884011566639,598.6780116558075,601.472011744976,601.472011744976,601.472011744976,601.472011744976,601.7260117530823,601.7260117530823,601.7260117530823,641.0960125923157,655.8280130624771,656.5900130867958,673.8620133399963,733.298012316227,744.2200126647949,744.2200126647949,744.2200126647949,749.5540128350258,779.5260137915611,785.6220138072968,805.4340143203735,818.8960146903992,818.8960146903992,823.9760148525238,824.9920148849487,824.9920148849487
2022-10-25 14:00:00,Baja,6.2962352889365,-75.5418012497364,Media,Deslizamiento,Medellín,Comuna 1 Popular,Santo Domingo Savio No.1,352.0,1,35.55999982357025,73.40600085258484,100.58400100469589,101.34600102901459,103.37800109386444,118.36400151252747,143.5100024342537,144.01800245046616,144.01800245046616,148.08200258016586,153.16200268268585,185.67400312423706,185.67400312423706,185.67400312423706,185.67400312423706,185.9280031323433,186.43600314855576,213.10600340366364,218.18600350618362,218.18600350618362,229.6160039305687,229.6160039305687,229.6160039305687,229.87000393867493,243.5860035419464,270.51000410318375,272.5420041680336,279.40000438690186,279.9080044031143,280.16200441122055,289.05200469493866,318.7700055837631,320.0400056242943,340.86800611019135,349.250006377697,351.0280064344406,365.252006649971,373.1260069012642,379.4760069847107,405.1300078034401,407.16200786828995,422.91000801324844,424.68800806999207,424.9420080780983,424.9420080780983,424.9420080780983,432.308008313179,437.64200842380524,439.6740084886551,446.0240086913109,446.0240086913109,460.7560091018677,465.5820092558861,465.5820092558861,465.5820092558861,473.20200949907303,473.7100095152855,490.4740099310875,503.4280103445053,506.4760103225708,506.4760103225708,506.4760103225708,506.4760103225708,512.3180105090141,546.3540109395981,574.0400109887123,575.8180110454559,575.8180110454559,575.8180110454559,575.8180110454559,583.9460113048553,595.884011566639,598.6780116558075,601.472011744976,601.472011744976,601.472011744976,601.472011744976,601.7260117530823,601.7260117530823,601.7260117530823,641.0960125923157,655.8280130624771,656.5900130867958,673.8620133399963,733.298012316227,744.2200126647949,744.2200126647949,744.2200126647949,749.5540128350258,779.5260137915611,785.6220138072968,805.4340143203735,818.8960146903992,818.8960146903992,823.9760148525238,824.9920148849487,824.9920148849487
2022-10-28 10:00:00,Baja,6.25395988009126,-75.6243841269385,Media,Deslizamiento,Medellín,Comuna 13 San Javier,El Salado,53.0,1,34.29000073671341,56.38800114393234,56.38800114393234,60.19800126552582,83.05800139904022,99.82200169563293,100.58400171995163,100.58400171995163,135.12800204753876,157.22600263357162,160.52800273895264,160.52800273895264,184.65800327062607,184.65800327062607,186.4360033273697,187.19800335168839,187.19800335168839,187.19800335168839,193.2940034866333,193.2940034866333,209.55000394582748,210.31200397014618,210.31200397014618,214.12200409173965,214.12200409173965,214.12200409173965,214.63000410795212,214.63000410795212,223.01200437545776,228.85400450229645,228.85400450229645,229.10800451040268,229.61600452661514,236.98200476169586,238.76000481843948,240.03000485897064,256.0320051908493,263.39800542593,263.39800542593,271.018005669117,299.2120059132576,299.9740059375763,349.7580074071884,353.8220075368881,361.44200772047043,361.44200772047043,361.44200772047043,361.44200772047043,362.2040077447891,369.3160078525543,377.4440080523491,377.6980080604553,383.54000824689865,385.8260082602501,414.02000856399536,432.0540087223053,461.77200853824615,461.77200853824615,469.3920087814331,469.64600878953934,481.330009162426,495.30000960826874,495.30000960826874,497.07800966501236,497.07800966501236,497.07800966501236,497.3320096731186,501.14200979471207,518.6680102944374,520.446010351181,521.462010383606,521.462010383606,521.462010383606,534.4160104990005,546.1000108718872,547.6240109205246,556.2600111365318,556.2600111365318,556.2600111365318,556.2600111365318,556.5140111446381,556.5140111446381,558.5460112094879,627.6340124607086,642.6200128793716,642.8740128874779,646.9380130171776,662.1780133843422,669.0360136032104,669.0360136032104,669.0360136032104,681.736014008522,713.2320150136948,713.9940150380135,734.314015686512,749.0460161566734,752.8560161590576
2022-10-28 18:00:00,Baja,6.28909116300002,-75.65003432,Media,Deslizamiento,Medellín,Corregimiento 60 San Cristóbal,El Uvito,612.0,1,46.990000903606415,60.70600116252899,102.36200094223022,102.36200094223022,122.42800146341324,161.2900027036667,164.08400279283524,164.08400279283524,182.88000333309174,233.68000447750092,235.2040045261383,249.42800444364548,249.42800444364548,249.42800444364548,249.93600445985794,258.0640046596527,258.31800466775894,258.31800466775894,258.31800466775894,262.1280047893524,276.3520052433014,279.4000053405762,279.90800535678864,279.90800535678864,279.90800535678864,279.90800535678864,279.90800535678864,279.90800535678864,279.90800535678864,279.90800535678864,279.90800535678864,279.90800535678864,279.90800535678864,279.90800535678864,279.90800535678864,288.03600549697876,297.18000572919846,309.62600606679916,311.91200613975525,318.5160063505173,346.71000695228577,358.14000725746155,403.60600823163986,405.3840082883835,407.1620083451271,413.7660084962845,416.05200856924057,416.05200856924057,416.3060085773468,427.2280088067055,439.42000901699066,440.4360090494156,445.77000921964645,445.77000921964645,455.6760095357895,474.4720096588135,476.50400972366333,490.47401034832,496.57001054286957,497.33201056718826,511.8100109100342,521.9700112342834,527.3040113449097,527.3040113449097,527.3040113449097,527.3040113449097,527.3040113449097,532.8920115232468,564.6420121192932,568.1980122327805,568.1980122327805,577.8500126600266,577.8500126600266,588.2640128135681,622.5540132522583,630.6820134520531,637.2860136628151,637.2860136628151,637.2860136628151,637.2860136628151,637.2860136628151,637.2860136628151,637.2860136628151,637.2860136628151,637.2860136628151,637.2860136628151,637.2860136628151,637.2860136628151,637.2860136628151,637.2860136628151,637.2860136628151,637.2860136628151,637.2860136628151,637.2860136628151,637.2860136628151,651.764014005661,651.764014005661
2022-10-28 23:30:00,Baja,6.28322455,-75.601436132,Media,Deslizamiento,Medellín,Comuna 7 Robledo,Cucaracho,456.0,1,41.40200066566467,47.752000868320465,56.38800090551376,56.38800090551376,61.214001059532166,71.37400138378143,80.26400166749954,80.26400166749954,104.90200209617615,113.03000229597092,143.0020028948784,143.25600290298462,143.25600290298462,144.52600294351578,144.52600294351578,154.68600350618362,155.95600354671478,155.95600354671478,155.95600354671478,157.7340036034584,161.29000371694565,170.18000400066376,171.19600403308868,171.45000404119492,175.00600415468216,175.00600415468216,175.00600415468216,176.0220041871071,187.70600455999374,197.61200469732285,213.10600459575653,213.36000460386276,213.36000460386276,214.12200462818146,218.94800478219986,221.7420048713684,227.58400505781174,245.3640058040619,250.69800597429276,254.00000607967377,270.76400649547577,271.018006503582,301.7520074248314,302.26000744104385,307.84800761938095,316.99200785160065,316.99200785160065,316.99200785160065,317.5000078678131,320.8020079731941,351.79000866413116,352.2980086803436,357.37800884246826,357.37800884246826,373.12600868940353,380.238008916378,386.5880089402199,389.63600903749466,395.7320092320442,395.98600924015045,403.35200947523117,414.52800983190536,414.7820098400116,419.86200988292694,419.86200988292694,419.86200988292694,419.86200988292694,424.4340100288391,437.3880105018616,438.91201055049896,439.4200105667114,439.4200105667114,439.4200105667114,447.8020107746124,455.16801100969315,463.8040112257004,471.17001140117645,471.93201142549515,471.93201142549515,471.93201142549515,471.93201142549515,471.93201142549515,471.93201142549515,491.49001210927963,535.6860132217407,537.7180132865906,538.4800133109093,552.450013756752,586.9940142035484,587.5020142197609,587.5020142197609,589.788014292717,610.1080149412155,631.4440155625343,631.6980155706406,655.8280163407326,656.0820163488388
2022-10-29 03:00:00,Baja,6.22047272213568,-75.6355836336248,Media,Otro,Medellín,Corregimiento 70 Altavista,Buga Patio Bonito,8.0,1,44.45000100135803,56.13400137424469,70.86600184440613,74.16800194978714,74.93000197410583,99.06000238656998,114.04600268602371,114.80800271034241,120.65000289678574,162.56000399589539,200.9140055179596,244.8560053706169,245.36400538682938,248.15800547599792,248.15800547599792,257.8100056052208,260.0960056781769,260.0960056781769,260.3500056862831,275.0820063352585,276.8600063920021,298.45000672340393,299.2120067477226,299.9740067720413,305.81600695848465,305.81600695848465,305.81600695848465,308.10200703144073,311.9120071530342,342.39200723171234,346.9640073776245,347.21800738573074,347.472007393837,351.7900076508522,358.3940078616142,361.1880079507828,374.1420082449913,375.41200828552246,387.35000866651535,387.35000866651535,404.114009141922,425.9580092430115,459.4860106110573,518.1600117087364,524.5100118517876,525.5260118842125,528.320011973381,528.320011973381,528.5740119814873,529.5900120139122,551.4340125918388,562.102012515068,567.6900126934052,567.6900126934052,583.1840128898621,589.2800131440163,602.4880135655403,602.4880135655403,602.4880135655403,602.4880135655403,609.3460137844086,628.3960142731667,635.0000144839287,642.6200145483017,651.0020144581795,651.0020144581795,651.0020144581795,653.796014547348,674.8780150413513,688.8480151891708,689.8640152215958,689.8640152215958,689.8640152215958,694.9440153241158,708.6600157618523,716.5340160131454,722.1220161914825,731.5200164914131,731.5200164914131,731.5200164914131,731.5200164914131,740.9180168509483,740.9180168509483,743.7120169401169,784.0980181097984,801.370018362999,801.6240183711052,812.5460187196732,825.2460191249847,831.3420193195343,831.3420193195343,831.3420193195343,853.9480200409889,874.7760207056999,875.2840207219124,910.59002161026,920.2420218586922
2022-10-29 09:00:00,Baja,6.19195296300001,-75.660836114,Media,Deslizamiento,Medellín,Corregimiento 80 San Antonio de Prado,Potrerito,418.0,1,36.576000452041626,36.576000452041626,49.02200090885162,52.832000970840454,52.832000970840454,118.61800277233124,137.66800314188004,152.1460034251213,153.16200345754623,191.00800412893295,208.28000438213348,221.234004676342,223.26600474119186,226.31400483846664,226.31400483846664,239.01400464773178,262.8900054693222,270.0020052790642,270.0020052790642,288.29000556468964,288.29000556468964,320.04000556468964,324.3580057024956,342.3920057415962,348.23400592803955,348.23400592803955,348.23400592803955,348.742005944252,354.07600605487823,381.2540063261986,381.2540063261986,381.2540063261986,381.5080063343048,383.79400634765625,390.90600657463074,409.19400745630264,410.97200751304626,427.99000787734985,443.73800814151764,444.50000816583633,459.74000865221024,534.6700099110603,536.9560099840164,597.9160107374191,605.2820109128952,614.4260113835335,641.604011297226,641.604011297226,641.604011297226,641.8580113053322,683.2600121498108,707.390012383461,707.390012383461,711.7080125212669,714.5020126104355,717.8040127158165,735.5840132236481,741.1720134019852,759.7140135765076,768.8580138683319,774.4460138678551,782.5740141272545,799.3380146026611,801.1160146594048,840.2320162057877,840.2320162057877,840.2320162057877,840.7400162220001,850.3920165300369,887.4760172963142,887.4760172963142,898.9060171842575,898.9060171842575,898.9060171842575,902.4620172977448,915.1620177030563,916.9400177598,923.7980179190636,923.7980179190636,923.7980179190636,924.0520179271698,928.1160180568695,928.1160180568695,930.910018146038,973.0740193128586,987.2980192899704,987.2980192899704,1002.7920198440552,1020.0640203952789,1039.8760207891464,1039.8760207891464,1039.8760207891464,1055.3700212836266,1095.756022453308,1098.8040225505829,1098.8040225505829,1098.8040225505829
2022-11-08 04:00:00,Baja,6.26999029799998,-75.58712089,Media,Deslizamiento,Medellín,Comuna 7 Robledo,San Germán,60.0,1,51.815999925136566,51.815999925136566,56.134000062942505,56.134000062942505,57.91200011968613,65.53200048208237,65.53200048208237,102.36200046539307,102.36200046539307,102.6160004734993,141.22400146722794,161.54400193691254,165.86200207471848,165.86200207471848,170.43400222063065,186.4360025525093,195.32600283622742,195.32600283622742,195.32600283622742,195.32600283622742,195.32600283622742,195.83400285243988,195.83400285243988,198.3740029335022,198.3740029335022,201.6760030388832,201.93000304698944,201.93000304698944,201.93000304698944,208.7880032658577,210.3120033144951,227.07600378990173,227.5840038061142,228.60000383853912,233.68000400066376,233.68000400066376,233.68000400066376,233.68000400066376,233.68000400066376,233.68000400066376,233.68000400066376,233.68000400066376,233.93400400877,234.18800401687622,237.74400413036346,241.80800426006317,245.36400437355042,256.0320046544075,262.89000487327576,263.144004881382,269.4940050840378,275.59000527858734,284.2260055541992,316.48400658369064,321.31000673770905,340.10600715875626,341.63000720739365,341.63000720739365,341.63000720739365,342.1380072236061,346.9640073776245,356.36200773715973,360.68000787496567,361.9500079154968,364.2360079884529,377.95200794935226,386.3340082168579,388.8740082979202,391.1600083708763,395.47800850868225,399.7960086464882,414.52800887823105,419.8620090484619,427.48200911283493,427.73600912094116,427.73600912094116,427.73600912094116,432.0540092587471,439.42000937461853,454.1520097851753,454.40600979328156,454.40600979328156,454.40600979328156,457.45400989055634,468.3760102391243,474.9800104498863,478.7900105714798,480.82201063632965,480.82201063632965,480.82201063632965,480.82201063632965,483.87001073360443,483.87001073360443,483.87001073360443,483.87001073360443,483.87001073360443,483.87001073360443
2022-11-08 17:30:00,Baja,6.23865005514116,-75.5331139352177,Media,Flujo,Medellín,Comuna 8 Villa Hermosa,San Antonio,44.0,1,36.83000046014786,44.19600045681,50.038000643253326,50.80000066757202,53.34000074863434,57.65800094604492,57.65800094604492,57.65800094604492,57.65800094604492,57.65800094604492,66.2940012216568,91.69400209188461,96.01200222969055,96.77400225400925,96.77400225400925,144.5260025858879,144.5260025858879,144.5260025858879,144.5260025858879,145.54200261831284,145.54200261831284,145.54200261831284,145.54200261831284,145.54200261831284,145.54200261831284,145.54200261831284,145.54200261831284,145.54200261831284,145.54200261831284,145.54200261831284,146.0500026345253,169.41800385713577,171.45000392198563,179.5780041217804,204.47000461816788,204.47000461816788,204.47000461816788,204.7240046262741,204.7240046262741,220.72600477933884,266.4460048675537,276.0980050563812,276.8600050806999,276.8600050806999,286.5120053291321,292.8620054125786,309.1180058121681,339.59800696372986,348.23400723934174,349.25000727176666,359.9180076122284,364.998007774353,364.998007774353,407.6700088381767,411.4800089597702,418.3380091190338,429.2600094676018,438.40400981903076,438.40400981903076,439.16600984334946,444.5000100135803,449.8340100646019,450.8500100970268,456.4380102753639,456.4380102753639,463.2960104942322,465.0740105509758,465.0740105509758,468.1220106482506,475.74201089143753,476.25001090765,486.6640112400055,495.04601150751114,496.06201153993607,497.3320115804672,497.3320115804672,497.3320115804672,497.3320115804672,518.6680116057396,541.274012029171,542.7980120778084,542.7980120778084,542.7980120778084,542.7980120778084,547.3700122237206,565.9120128750801,567.6900129318237,573.7860131263733,573.7860131263733,573.7860131263733,573.7860131263733,574.8020131587982,574.8020131587982,574.8020131587982,622.0460139513016,632.4600142240524,634.7460142970085
2022-11-08 17:30:00,Baja,6.23877768398997,-75.5329175443696,Media,Flujo,Medellín,Comuna 8 Villa Hermosa,San Antonio,44.0,1,36.83000046014786,44.19600045681,50.038000643253326,50.80000066757202,53.34000074863434,57.65800094604492,57.65800094604492,57.65800094604492,57.65800094604492,57.65800094604492,66.2940012216568,91.69400209188461,96.01200222969055,96.77400225400925,96.77400225400925,144.5260025858879,144.5260025858879,144.5260025858879,144.5260025858879,145.54200261831284,145.54200261831284,145.54200261831284,145.54200261831284,145.54200261831284,145.54200261831284,145.54200261831284,145.54200261831284,145.54200261831284,145.54200261831284,145.54200261831284,146.0500026345253,169.41800385713577,171.45000392198563,179.5780041217804,204.47000461816788,204.47000461816788,204.47000461816788,204.7240046262741,204.7240046262741,220.72600477933884,266.4460048675537,276.0980050563812,276.8600050806999,276.8600050806999,286.5120053291321,292.8620054125786,309.1180058121681,339.59800696372986,348.23400723934174,349.25000727176666,359.9180076122284,364.998007774353,364.998007774353,407.6700088381767,411.4800089597702,418.3380091190338,429.2600094676018,438.40400981903076,438.40400981903076,439.16600984334946,444.5000100135803,449.8340100646019,450.8500100970268,456.4380102753639,456.4380102753639,463.2960104942322,465.0740105509758,465.0740105509758,468.1220106482506,475.74201089143753,476.25001090765,486.6640112400055,495.04601150751114,496.06201153993607,497.3320115804672,497.3320115804672,497.3320115804672,497.3320115804672,518.6680116057396,541.274012029171,542.7980120778084,542.7980120778084,542.7980120778084,542.7980120778084,547.3700122237206,565.9120128750801,567.6900129318237,573.7860131263733,573.7860131263733,573.7860131263733,573.7860131263733,574.8020131587982,574.8020131587982,574.8020131587982,622.0460139513016,632.4600142240524,634.7460142970085
2022-11-08 19:00:00,Baja,6.27323530400002,-75.536941438,Media,Deslizamiento,Medellín,Comuna 3 Manrique,La Cruz,16.0,1,153.6700001358986,157.7340002655983,171.95800060033798,174.4980006814003,204.97800183296204,209.5500019788742,209.5500019788742,209.5500019788742,213.10600209236145,213.10600209236145,227.3300023674965,249.17400300502777,258.8260031938553,259.8420032262802,259.8420032262802,300.48200476169586,325.88200533390045,349.2500058412552,349.2500058412552,358.64800614118576,405.8920068740845,405.8920068740845,406.1460068821907,407.9240069389343,413.766007065773,419.3540072441101,438.4040076136589,438.4040076136589,438.4040076136589,438.4040076136589,439.67400765419006,461.01000821590424,464.5660083293915,465.07400834560394,501.39600932598114,501.39600932598114,501.39600932598114,501.39600932598114,501.6500093340874,514.8580095171928,517.6520095467567,523.4940097332001,524.2560097575188,525.0180097818375,537.7180098295212,542.5440099835396,552.450010240078,568.9600105285645,577.0880107879639,580.1360108852386,589.280011177063,594.8680113554001,594.8680113554001,628.1420123577118,630.4280124306679,648.2080128788948,655.5740129947662,664.9720131754875,664.9720131754875,665.4800131917,670.5600133538246,697.9920142292976,700.2780143022537,705.8660144805908,705.8660144805908,716.5340147614479,718.820014834404,725.1700148582458,737.3620154857635,745.7440157532692,746.5060157775879,760.7300162315369,776.7320167422295,780.5420168638229,782.5740168690681,782.5740168690681,782.5740168690681,782.5740168690681,812.0380172133446,837.6920174360275,839.2160174846649,839.2160174846649,839.2160174846649,839.2160174846649,847.8520177602768,860.0440181493759,867.410018324852,874.5220183730125,874.5220183730125,874.5220183730125,874.5220183730125,875.030018389225,875.030018389225,875.030018389225,929.1320195198059,956.8180201649666,957.5800201892853
2022-11-08 20:00:00,Baja,6.2105764,-75.5524157,Media,Deslizamiento,Medellín,Comuna 14 El Poblado,Altos del Poblado,49.0,1,48.006000995635986,54.35600119829178,80.26400196552277,83.31200206279755,86.86800217628479,92.45600229501724,92.45600229501724,92.45600229501724,95.50400239229202,95.75800240039825,108.9660028219223,146.55800360441208,157.98800355196,162.8140037059784,162.8140037059784,207.51800459623337,227.0760052204132,273.3040064573288,273.3040064573288,275.5900065302849,304.54600715637207,309.6260073184967,311.1500073671341,311.4040073752403,318.7700075507164,326.8980078101158,330.20000779628754,330.20000779628754,330.20000779628754,331.97800785303116,337.8200080394745,364.4900082349777,364.74400824308395,364.74400824308395,364.74400824308395,364.74400824308395,364.74400824308395,364.74400824308395,364.74400824308395,368.04600834846497,368.3000083565712,377.95200860500336,378.9680086374283,378.9680086374283,383.54000878334045,387.60400891304016,402.33600920438766,419.1000096797943,428.4980099797249,428.4980099797249,447.80201041698456,463.5500108599663,463.5500108599663,511.3020115494728,517.3980117440224,521.7160118818283,537.7180123925209,540.004012465477,540.004012465477,540.7660124897957,548.3860127329826,550.4180127978325,551.1800128221512,557.2760130167007,557.2760130167007,564.8960131406784,567.690013229847,567.690013229847,568.1980132460594,580.1360136270523,580.6440136432648,602.9960142374039,615.188014626503,615.6960146427155,617.4740146994591,617.4740146994591,617.4740146994591,617.4740146994591,633.2220148444176,670.560015141964,671.8300151824951,671.8300151824951,671.8300151824951,671.8300151824951,675.8940153121948,688.5940156579018,694.1820157170296,704.8500160574913,704.8500160574913,704.8500160574913,704.8500160574913,705.3580160737038,705.3580160737038,705.3580160737038,734.5680168271065,762.0000177621841,762.7620177865028
2022-11-08 21:30:00,Baja,6.23984356699998,-75.53754177,Media,Deslizamiento,Medellín,Comuna 8 Villa Hermosa,San Antonio,551.0,1,67.31000208854675,71.62800204753876,72.13600206375122,76.70800220966339,78.48600226640701,82.29600238800049,86.10600239038467,86.10600239038467,86.10600239038467,86.10600239038467,95.25000268220901,120.65000343322754,123.44400352239609,125.47600358724594,125.47600358724594,173.7360046505928,188.21400505304337,217.17000550031662,217.17000550031662,223.26600569486618,259.08000618219376,261.6200062632561,261.8740062713623,261.8740062713623,266.954006254673,271.7800064086914,280.9240067601204,280.9240067601204,280.9240067601204,280.9240067601204,281.9400067925453,290.06800705194473,302.768007338047,309.8800074458122,312.42000752687454,325.62800770998,325.62800770998,325.62800770998,325.62800770998,331.2160078883171,355.3460083603859,365.5060084462166,365.7600084543228,365.7600084543228,389.63600873947144,391.1600087881088,400.5580090880394,424.68800950050354,436.8800097703934,442.97600984573364,452.62801015377045,458.21601033210754,458.21601033210754,499.87201195955276,502.6660120487213,510.0320122241974,530.8600124120712,535.4320125579834,535.4320125579834,535.9400125741959,541.0200127363205,542.2900127768517,543.3060128092766,548.3860129714012,548.3860129714012,554.2280131578445,556.2600132226944,556.2600132226944,558.038013279438,565.1500135064125,565.658013522625,578.3580139279366,588.5180142521858,589.0260142683983,592.0740142464638,592.0740142464638,592.0740142464638,592.0740142464638,610.3620148897171,650.4940155744553,651.7640156149864,651.7640156149864,651.7640156149864,651.7640156149864,656.844015777111,667.5120161175728,680.9740163683891,692.912016749382,692.912016749382,692.912016749382,692.912016749382,693.1660167574883,693.1660167574883,693.1660167574883,731.2660174369812,765.0480183362961,767.0800184011459
2022-11-10 17:00:00,Baja,6.24218681399998,-75.548427471,Media,Deslizamiento,Medellín,Comuna 8 Villa Hermosa,El Pinal,129.0,1,34.798000514507294,72.39000171422958,97.79000174999237,101.85400182008743,106.4260019659996,106.93400198221207,121.15800231695175,125.47600239515305,125.47600239515305,125.47600239515305,125.47600239515305,125.47600239515305,135.6360027194023,155.70200330018997,159.25800341367722,160.0200034379959,160.0200034379959,211.83600449562073,227.58400481939316,239.26800501346588,239.26800501346588,244.34800517559052,279.6540062427521,280.670006275177,280.92400628328323,283.46400636434555,284.4800063967705,291.8460065126419,304.8000069260597,304.8000069260597,304.8000069260597,304.8000069260597,306.3240069746971,324.104007601738,325.62800765037537,329.6920077800751,342.90000772476196,342.90000772476196,342.90000772476196,342.90000772476196,342.90000772476196,350.7740079164505,365.7600082755089,376.68200862407684,376.68200862407684,376.68200862407684,376.68200862407684,378.46000868082047,385.3180088996887,405.13000935316086,411.2260095477104,416.3060095310211,424.942009806633,429.7680099606514,431.03801000118256,456.43801033496857,459.9940104484558,465.07401061058044,482.3460109233856,484.6320109963417,484.6320109963417,485.64801102876663,490.2200111746788,490.72801119089127,491.7440112233162,495.8080113530159,495.8080113530159,502.66601145267487,505.2060115337372,505.2060115337372,506.2220115661621,513.0800117850304,513.8420118093491,524.2560121417046,534.4160124659538,535.686012506485,538.9880125522614,538.9880125522614,538.9880125522614,538.9880125522614,557.5300127863884,597.1540135145187,597.9160135388374,597.9160135388374,597.9160135388374,597.9160135388374,602.7420136928558,621.0300142168999,623.0620142817497,632.9680145382881,632.9680145382881,632.9680145382881,632.9680145382881,633.2220145463943,633.2220145463943,633.2220145463943,681.9900153279305
2022-11-10 20:00:00,Baja,6.2518014494325,-75.5379957571106,Media,Complejo,Medellín,Corregimiento 90 Santa Elena,Piedras Blancas - Matasano,499.0,1,84.83600217103958,88.39200228452682,167.13200384378433,192.27800434827805,196.59600448608398,198.62800455093384,202.94600468873978,205.23200476169586,205.23200476169586,205.23200476169586,205.23200476169586,205.23200476169586,218.69400519132614,254.0000062584877,261.3660064935684,262.38200652599335,262.38200652599335,304.8000075817108,333.75600838661194,364.2360088825226,364.2360088825226,385.82600992918015,432.8160112500191,433.57801127433777,433.832011282444,434.08601129055023,440.43601155281067,448.5640118122101,452.1200119256973,452.1200119256973,452.1200119256973,452.1200119256973,452.1200119256973,452.1200119256973,453.89801198244095,461.01001220941544,496.82401275634766,496.82401275634766,496.82401275634766,496.82401275634766,497.0780127644539,515.3660128712654,577.0880145430565,588.2640146613121,589.0260146856308,589.280014693737,620.7760150432587,624.5860151648521,642.620015501976,669.544016122818,685.8000165820122,686.3080165982246,698.75401699543,705.1040171980858,705.358017206192,765.8100180029869,769.6200181245804,785.3680182099342,794.7660185098648,804.6720185875893,804.6720185875893,804.6720185875893,811.2760187983513,814.5780189037323,815.8480189442635,822.1980191469193,822.1980191469193,832.1040194034576,834.8980194926262,835.1520195007324,837.6920195817947,846.5820198655128,847.5980198979378,863.8540204167366,876.8080208301544,878.586020886898,880.6180208921432,880.6180208921432,880.6180208921432,880.6180208921432,903.2240217924118,936.7520220279694,938.7840220928192,938.7840220928192,938.7840220928192,938.7840220928192,944.6260222792625,958.3420226573944,969.5180228948593,980.6940232515335,980.6940232515335,980.6940232515335,980.6940232515335,982.2180233001709,982.2180233001709,982.2180233001709,1041.6540237665176
2022-11-10 23:00:00,Baja,6.2521717,-75.5400433,Media,Deslizamiento,Medellín,Comuna 8 Villa Hermosa,LLanaditas,35.0,1,31.49600064754486,49.530001401901245,120.90400236845016,123.95200246572495,123.95200246572495,129.03200262784958,131.31800270080566,136.65200281143188,137.41400283575058,137.41400283575058,137.41400283575058,137.41400283575058,141.73200297355652,172.46600395441055,173.99000400304794,177.5460041165352,177.5460041165352,209.04200494289398,209.04200494289398,209.04200494289398,209.04200494289398,216.15400516986847,244.09400606155396,260.096006333828,260.3500063419342,260.3500063419342,268.7320065498352,273.81200671195984,283.4640072584152,283.4640072584152,283.4640072584152,283.4640072584152,284.48000729084015,291.59200751781464,301.75200778245926,304.80000787973404,307.0860079526901,331.21600860357285,331.21600860357285,331.21600860357285,331.21600860357285,338.8360088467598,392.6840100288391,403.6060103774071,404.11401039361954,404.11401039361954,423.41801059246063,426.9740107059479,441.45201098918915,457.96201145648956,469.39201176166534,476.2500119805336,482.8540121912956,490.4740124344826,490.4740124344826,531.3680137991905,532.3840138316154,548.640014052391,562.356014251709,579.1200145483017,579.1200145483017,579.3740145564079,584.2000147104263,586.7400147914886,587.7560148239136,592.582014977932,592.582014977932,600.2020152211189,602.2340152859688,606.2980154156685,607.5680154561996,614.9340156912804,615.4420157074928,628.9040161371231,641.3500164747238,642.8740165233612,644.9060165882111,644.9060165882111,644.9060165882111,644.9060165882111,666.2420169711113,699.2620173096657,700.2780173420906,700.5320173501968,700.5320173501968,700.5320173501968,707.6440175771713,718.0580179095268,725.6780180931091,745.7440187931061,746.5060188174248,746.5060188174248,746.5060188174248,747.0140188336372,747.2680188417435,747.2680188417435,795.0200203061104
2022-11-13 00:01:00,Baja,6.25019665048188,-75.5391391107853,Media,Deslizamiento,Medellín,Comuna 8 Villa Hermosa,LLanaditas,499.0,1,38.862002193927765,40.13200223445892,102.10800439119339,124.9680044054985,207.26400607824326,232.41000658273697,232.41000658273697,238.2520067691803,240.53800684213638,243.8400069475174,245.36400699615479,245.36400699615479,245.36400699615479,245.36400699615479,247.9040070772171,282.44800812005997,294.8940085172653,302.51400876045227,302.51400876045227,338.8360096216202,367.0300104022026,404.3680111169815,404.3680111169815,425.95801216363907,449.5800126194954,473.7100135087967,473.9640135169029,474.21801352500916,480.31401377916336,483.8700138926506,492.25201416015625,492.25201416015625,492.25201416015625,492.25201416015625,492.25201416015625,492.25201416015625,492.5060141682625,497.07801431417465,501.3960144519806,536.9560149908066,536.9560149908066,536.9560149908066,537.2100149989128,555.4980151057243,616.4580167531967,628.396016895771,629.1580169200897,629.1580169200897,655.3200170993805,662.432017326355,681.4820176959038,703.8340182304382,716.0260185003281,726.4400188326836,729.2340189218521,744.7280194163322,745.2360194325447,805.4340202212334,805.9420202374458,823.9760203957558,834.8980207443237,844.8040208220482,844.8040208220482,844.8040208220482,847.5980209112167,854.7100211381912,855.9800211787224,862.3300213813782,862.3300213813782,871.9820216298103,874.5220217108727,875.2840217351913,877.8240218162537,886.7140220999718,886.7140220999718,902.7160226106644,911.09802287817,918.718023121357,920.7500231266022,920.7500231266022,920.7500231266022,920.7500231266022,939.8000239133835,976.630024254322,977.9000242948532,978.9160243272781,978.9160243272781,978.9160243272781,983.7420244812965,996.6960248351097,1009.6500251293182,1017.7780253887177,1020.8260254859924,1020.8260254859924,1020.8260254859924,1021.5880255103111,1022.3500255346298
2022-11-20 23:00:00,Baja,6.2747047,-75.5378599,Media,Deslizamiento,Medellín,Comuna 3 Manrique,La Cruz,16.0,1,52.32400065660477,75.18400067090988,90.93200147151947,91.44000148773193,92.71000152826309,104.39400166273117,111.76000183820724,112.01400184631348,135.89000207185745,142.4940021634102,171.7040029168129,213.36000418663025,382.5240047574043,383.286004781723,386.58800488710403,402.3360052704811,413.0040055513382,437.388006567955,438.40400660037994,438.40400660037994,441.9600067138672,441.9600067138672,448.05600690841675,477.7740076184273,480.06000769138336,488.69600784778595,488.69600784778595,524.5100092291832,541.7820096611977,578.1040104627609,578.1040104627609,587.5020107626915,610.6160110831261,634.7460114955902,635.0000115036964,635.2540115118027,642.6200116872787,648.2080118656158,667.2580122351646,667.2580122351646,667.2580122351646,667.2580122351646,668.5280122756958,677.6720125675201,691.8960129022598,693.9280129671097,696.7220130562782,730.2500139474869,730.2500139474869,730.2500139474869,730.5040139555931,743.7120141386986,745.99801415205,752.3480143547058,753.1100143790245,753.8720144033432,764.2860143780708,769.8740145564079,780.0340148210526,796.7980151176453,799.84601521492,808.9900155067444,815.5940157175064,823.7220159769058,823.7220159769058,856.9960169792175,858.0120170116425,876.8080174922943,884.428017616272,893.8260177969933,893.8260177969933,894.3340178132057,899.4140179753304,926.8460188508034,929.1320189237595,934.7200191020966,934.7200191020966,944.3720193505287,947.6740194559097,954.0240194797516,966.2160201072693,974.5980203747749,975.1060203909874,989.3300208449364,1005.332021355629,1009.3960214853287,1011.4280214905739,1011.4280214905739,1011.4280214905739,1011.4280214905739,1037.0820217132568,1066.5460220575333,1067.5620220899582,1068.0700221061707,1068.0700221061707,1068.0700221061707,1076.7060223817825
2022-11-21 13:30:00,Baja,6.27058,-75.54223,Media,Deslizamiento,Medellín,Comuna 3 Manrique,La Cruz,16.0,1,57.912000834941864,83.3120009303093,99.06000173091888,99.56800174713135,99.56800174713135,106.42600184679031,115.31600195169449,119.88800209760666,141.47800225019455,144.01800233125687,173.48200297355652,221.48800444602966,390.3980050086975,390.65200501680374,394.71600514650345,408.94000548124313,417.576005756855,442.46800673007965,446.53200685977936,446.53200685977936,450.0880069732666,450.0880069732666,450.0880069732666,470.4080074429512,486.1560078859329,496.82400810718536,496.82400810718536,525.2720094323158,549.6560099124908,585.4700106978416,586.2320107221603,588.2640107870102,601.4720110297203,642.8740117549896,643.1280117630959,643.3820117712021,648.7160118818283,654.3040120601654,675.386012494564,675.386012494564,675.386012494564,675.386012494564,675.6400125026703,676.6560125350952,700.0240131616592,701.8020132184029,702.0560132265091,738.3780142068863,738.3780142068863,738.3780142068863,738.3780142068863,743.9660141468048,751.840014398098,754.6340144276619,760.4760146141052,761.2380146384239,762.0000146627426,776.2240147590637,787.4000150561333,789.4320151209831,806.1960154175758,814.070015668869,817.1180157661438,826.2620160579681,831.8500162363052,839.2160164117813,865.124017238617,868.1720173358917,891.032017827034,892.8100178837776,901.9540180563927,901.9540180563927,902.4620180726051,908.0500182509422,934.9740191102028,937.2600191831589,942.848019361496,943.3560193777084,953.5160196423531,962.152019739151,974.3440203666687,974.3440203666687,982.7260206341743,983.488020658493,997.712021112442,1013.7140216231346,1017.5240217447281,1019.5560217499733,1019.5560217499733,1019.5560217499733,1023.6200217008591,1049.0200220942497,1074.6740223169327,1076.19802236557,1076.19802236557,1076.19802236557,1076.19802236557
2022-11-21 13:30:00,Baja,6.27058173299898,-75.5422320198555,Media,Deslizamiento,Medellín,Comuna 3 Manrique,La Cruz,16.0,1,57.912000834941864,83.3120009303093,99.06000173091888,99.56800174713135,99.56800174713135,106.42600184679031,115.31600195169449,119.88800209760666,141.47800225019455,144.01800233125687,173.48200297355652,221.48800444602966,390.3980050086975,390.65200501680374,394.71600514650345,408.94000548124313,417.576005756855,442.46800673007965,446.53200685977936,446.53200685977936,450.0880069732666,450.0880069732666,450.0880069732666,470.4080074429512,486.1560078859329,496.82400810718536,496.82400810718536,525.2720094323158,549.6560099124908,585.4700106978416,586.2320107221603,588.2640107870102,601.4720110297203,642.8740117549896,643.1280117630959,643.3820117712021,648.7160118818283,654.3040120601654,675.386012494564,675.386012494564,675.386012494564,675.386012494564,675.6400125026703,676.6560125350952,700.0240131616592,701.8020132184029,702.0560132265091,738.3780142068863,738.3780142068863,738.3780142068863,738.3780142068863,743.9660141468048,751.840014398098,754.6340144276619,760.4760146141052,761.2380146384239,762.0000146627426,776.2240147590637,787.4000150561333,789.4320151209831,806.1960154175758,814.070015668869,817.1180157661438,826.2620160579681,831.8500162363052,839.2160164117813,865.124017238617,868.1720173358917,891.032017827034,892.8100178837776,901.9540180563927,901.9540180563927,902.4620180726051,908.0500182509422,934.9740191102028,937.2600191831589,942.848019361496,943.3560193777084,953.5160196423531,962.152019739151,974.3440203666687,974.3440203666687,982.7260206341743,983.488020658493,997.712021112442,1013.7140216231346,1017.5240217447281,1019.5560217499733,1019.5560217499733,1019.5560217499733,1023.6200217008591,1049.0200220942497,1074.6740223169327,1076.19802236557,1076.19802236557,1076.19802236557,1076.19802236557
2022-11-23 03:00:00,Baja,6.35646610499998,-75.700193714,Media,Deslizamiento,Medellín,Corregimiento 50 San Sebastián de Palmitas,Potrera Miserenga,320.0,1,34.54400044679642,63.246001064777374,94.48800188302994,98.29800200462341,110.23600226640701,110.74400228261948,110.74400228261948,139.70000302791595,139.70000302791595,153.4160032272339,159.00400340557098,161.03600347042084,171.95800364017487,179.07000386714935,207.26400423049927,208.2800042629242,211.58200430870056,215.9000044465065,258.8260056376457,267.2080058455467,272.54200595617294,272.54200595617294,272.54200595617294,272.54200595617294,272.7960059642792,313.1820071339607,324.3580074906349,335.78800785541534,335.78800785541534,346.96400821208954,360.9340086579323,364.74400877952576,365.50600880384445,365.50600880384445,367.2840088605881,396.74800956249237,404.1140096783638,409.95600974559784,409.95600974559784,412.49600982666016,437.8960100412369,438.1500100493431,438.1500100493431,438.1500100493431,438.40401005744934,440.4360101222992,454.9140105843544,469.1380107998848,469.1380107998848,469.9000108242035,469.9000108242035,469.9000108242035,469.9000108242035,497.84001183509827,499.1100118756294,518.6680117249489,520.9540117383003,520.9540117383003,522.2240117788315,541.782012283802,550.9260125756264,562.8640127778053,566.4200128912926,569.9760130047798,570.230013012886,606.0440138578415,639.8260144591331,650.2400147914886,657.8600150346756,659.6380150914192,662.686015188694,662.686015188694,662.686015188694,662.686015188694,662.686015188694,676.6560156345367,685.0380160212517,686.3080160617828,686.3080160617828,691.1340162158012,699.7700163125992,704.8500164747238,711.7080166935921,727.202016890049,727.202016890049,742.1880173683167,784.3520179986954,788.1620181202888,788.4160181283951,790.9560180902481,790.9560180902481,790.9560180902481,805.1800184845924,817.6260187625885,830.0720191001892,830.3260191082954,839.724019408226
2022-11-23 06:00:00,Baja,6.26825641860653,-75.5856641654477,Media,Deslizamiento,Medellín,Comuna 7 Robledo,San Germán,60.0,1,40.38600033521652,42.67200040817261,61.214001178741455,65.02400118112564,71.8820013999939,80.51800161600113,80.51800161600113,82.55000168085098,84.07400172948837,88.13800185918808,108.71200203895569,109.72800207138062,113.28400218486786,135.63600265979767,166.3700029850006,219.45600295066833,219.45600295066833,223.77400308847427,223.77400308847427,225.5520031452179,233.17200350761414,233.17200350761414,270.00200349092484,270.00200349092484,270.25600349903107,307.3400044441223,329.1840049624443,333.50200510025024,333.50200510025024,338.0740052461624,354.0760055780411,362.4580058455467,362.9660058617592,362.9660058617592,362.9660058617592,362.9660058617592,363.47400587797165,363.47400587797165,366.01400595903397,366.01400595903397,369.316006064415,369.5700060725212,369.5700060725212,369.5700060725212,376.42800629138947,377.19000631570816,394.7160068154335,395.22400683164597,396.2400068640709,401.3200070261955,401.3200070261955,401.3200070261955,401.3200070261955,401.3200070261955,401.3200070261955,401.3200070261955,401.3200070261955,401.57400703430176,401.828007042408,405.38400715589523,409.44800728559494,410.7180073261261,423.67200767993927,430.5300078988075,430.78400790691376,437.13400810956955,443.2300083041191,444.7540083527565,484.1240096092224,488.9500097632408,507.746010184288,509.2700102329254,509.2700102329254,509.2700102329254,509.7780102491379,513.0800103545189,524.0020107626915,526.0340108275414,529.5900109410286,530.8600109815598,545.592010974884,553.9740112423897,556.514011323452,556.514011323452,563.118011534214,564.3880115747452,579.6280118227005,587.5020120739937,595.1220121383667,595.3760121464729,595.3760121464729,595.3760121464729,598.6780122518539,605.7900123596191,621.7920128107071,622.0460128188133,622.0460128188133
2022-11-23 22:00:00,Baja,6.36021739713246,-75.7007670198907,Media,Deslizamiento,Medellín,Corregimiento 50 San Sebastián de Palmitas,Potrera Miserenga,320.0,1,57.65800136327744,73.91400146484375,101.85400205850601,133.09600287675858,136.90600299835205,149.3520032763481,149.3520032763481,149.3520032763481,178.3080040216446,178.3080040216446,192.78600424528122,197.61200439929962,199.8980044722557,213.10600471496582,217.678004860878,245.8720052242279,246.88800525665283,250.44400531053543,254.50800544023514,297.43400663137436,306.3240068554878,311.1500069499016,311.1500069499016,311.1500069499016,311.1500069499016,325.1200072169304,360.9340084195137,371.60200875997543,374.396008849144,374.396008849144,390.90600937604904,399.79600965976715,403.3520097732544,404.1140097975731,404.1140097975731,434.84801054000854,435.356010556221,443.73801070451736,448.5640107393265,448.5640107393265,451.8660108447075,476.75801104307175,476.75801104307175,476.75801104307175,476.75801104307175,477.012011051178,482.0920112133026,493.52201157808304,507.74601179361343,507.74601179361343,508.50801181793213,508.50801181793213,508.50801181793213,508.50801181793213,536.7020128369331,551.4340125918388,559.3080127239227,559.562012732029,559.562012732029,570.9920130968094,581.6600133180618,590.0420135855675,602.2340137958527,608.3300139904022,608.5840139985085,619.7600144147873,678.4340154528618,678.4340154528618,696.4680160284042,696.7220160365105,698.2460160851479,701.2940161824226,701.2940161824226,701.2940161824226,701.2940161824226,709.6760164499283,715.2640166282654,723.6460170149803,724.9160170555115,724.9160170555115,733.0440173149109,743.4580174684525,743.4580174684525,750.3160176873207,765.8100178837776,767.334017932415,811.0220185518265,826.7700191140175,826.7700191140175,829.5640190839767,829.5640190839767,829.5640190839767,829.5640190839767,844.804019510746,865.1240200400352,868.9340201020241,868.9340201020241
2022-11-24 04:00:00,Baja,6.25152642650263,-75.5501817014028,Media,Deslizamiento,Medellín,Comuna 8 Villa Hermosa,Enciso,211.0,1,39.87800198793411,50.29200220108032,59.18200224637985,92.45600324869156,96.77400320768356,114.30000352859497,116.07800358533859,116.84000360965729,118.11000365018845,118.61800366640091,122.68200379610062,149.60600399971008,151.13000404834747,176.02200424671173,188.72200465202332,238.76000607013702,243.8400064110756,243.8400064110756,248.41200655698776,249.17400658130646,255.7780066728592,261.11200684309006,261.11200684309006,261.11200684309006,261.11200684309006,261.87400686740875,286.2580075263977,304.2920080423355,309.8800082206726,309.8800082206726,333.2480084300041,351.02800899744034,372.36400920152664,372.36400920152664,375.1580092906952,388.87400954961777,423.672010242939,423.672010242939,423.672010242939,428.4980103969574,431.80001044273376,445.00801062583923,445.00801062583923,445.5160106420517,445.5160106420517,447.0400106906891,448.31001073122025,467.61401134729385,469.3920114040375,469.90001142024994,504.1900123953819,504.1900123953819,504.1900123953819,504.1900123953819,504.44401240348816,543.0520119667053,559.816012442112,559.816012442112,560.3240124583244,579.8820126652718,585.4700128436089,597.1540132164955,613.1560134887695,625.6020136475563,634.7460139393806,635.0000139474869,644.3980142474174,650.2400144338608,665.2260148525238,696.4680155515671,706.1200157403946,718.3120163083076,733.2980167269707,733.2980167269707,733.2980167269707,733.8060167431831,739.9020169377327,740.4100169539452,744.2200170755386,745.9980171322823,752.3480172753334,758.9520173668861,766.8260175585747,768.8580176234245,772.668017745018,777.2400178909302,784.0980181097984,795.5280184745789,805.4340187907219,810.5140188932419,811.5300189256668,811.5300189256668,811.5300189256668,822.4520191550255,851.1540200710297,885.1900200843811,886.206020116806
2022-11-24 06:00:00,Baja,6.26776907509463,-75.5514057746107,Media,Deslizamiento,Medellín,Comuna 3 Manrique,El Pomar,16.0,1,35.052000641822815,51.054001212120056,62.23000156879425,121.6660024523735,145.03400248289108,160.78200328350067,161.29000329971313,161.54400330781937,168.1480033993721,177.03800350427628,181.61000365018845,203.20000380277634,212.3440039753914,235.2040045261383,283.21000599861145,452.1200065612793,453.1360065937042,456.43800669908524,472.1860070824623,479.2980073094368,506.4760083556175,508.25400841236115,508.25400841236115,511.8100085258484,511.8100085258484,511.8100085258484,535.6860091090202,547.8780094385147,558.5460096597672,558.5460096597672,589.7880108952522,611.3780114650726,647.4460122585297,647.9540122747421,649.986012339592,667.512012720108,704.5960133075714,704.8500133156776,705.1040133237839,712.47001349926,716.0260136127472,737.1080140471458,737.1080140471458,737.1080140471458,737.1080140471458,738.378014087677,738.378014087677,761.746014714241,763.5240147709846,763.7780147790909,800.1000157594681,800.1000157594681,800.1000157594681,800.3540157675743,811.7840158939362,815.3400159478188,822.198016166687,822.198016166687,822.9600161910057,831.3420161008835,838.2000163197517,849.8840166330338,851.9160166978836,867.9180169701576,876.3000172376633,878.8400173187256,887.9840176105499,893.572017788887,901.4460179805756,926.8460187911987,946.150019288063,952.7540193796158,963.4220196008682,963.6760196089745,963.6760196089745,964.1840196251869,970.2800198197365,996.6960206627846,1000.506020784378,1004.5700209140778,1008.3800209760666,1015.2380211949348,1023.8740212917328,1036.0660219192505,1036.3200219273567,1044.4480221867561,1046.9880222678185,1061.9740227460861,1079.2460232973099,1079.2460232973099,1081.278023302555,1081.278023302555,1081.278023302555,1100.0740232467651,1113.7900237441063,1136.3960238695145,1137.9200239181519
2022-11-24 14:00:00,Baja,6.36183352699999,-75.693430419,Media,Deslizamiento,Medellín,Corregimiento 50 San Sebastián de Palmitas,Urquita,320.0,1,59.18200153112412,94.99600201845169,121.15800255537033,154.43200343847275,158.7500035762787,169.67200380563736,171.19600385427475,171.19600385427475,200.15200459957123,200.15200459957123,213.86800479888916,219.45600497722626,220.98000502586365,232.41000521183014,239.52200543880463,267.71600580215454,268.73200583457947,272.03400588035583,276.3520060181618,319.278007209301,327.660007417202,332.9940075278282,332.9940075278282,332.9940075278282,332.9940075278282,332.9940075278282,370.5860086083412,384.55600905418396,396.2400094270706,396.2400094270706,403.0980096459389,421.38601022958755,422.4020102620125,425.9580103754997,425.9580103754997,425.9580103754997,456.9460111260414,457.96201115846634,470.4080113172531,470.4080113172531,472.94801139831543,498.0940116047859,498.6020116209984,498.6020116209984,498.6020116209984,498.6020116209984,498.8560116291046,515.3660121560097,529.5900123715401,529.5900123715401,530.3520123958588,530.3520123958588,530.3520123958588,530.3520123958588,539.7500128149986,559.5620134472847,573.2780131697655,581.1520133018494,581.4060133099556,582.6760133504868,598.4240137934685,611.3780141472816,620.2680142521858,626.8720144629478,630.4280145764351,630.6820145845413,660.4000154733658,700.2780160307884,700.2780160307884,718.3120166063309,718.8200166225433,722.884016752243,723.1380167603493,723.1380167603493,723.1380167603493,723.1380167603493,735.3300171494484,745.490017592907,745.490017592907,746.7600176334381,747.5220176577568,759.714017868042,765.3020180463791,770.3820182085037,784.3520183563232,787.6540184617043,796.7980187535286,842.2640194892883,848.6140196919441,848.8680197000504,851.4080196619034,851.4080196619034,851.4080196619034,852.4240196943283,866.9020200967789,890.5240206718445,890.7780206799507
2022-11-28 12:00:00,Baja,6.2781983,-75.5473213,Media,Deslizamiento,Medellín,Comuna 3 Manrique,Las Granjas,16.0,1,37.846000611782074,41.91000062227249,42.16400063037872,43.43400067090988,74.16800117492676,94.48800188302994,105.15600222349167,163.06800305843353,188.46800315380096,204.21600395441055,204.72400397062302,204.72400397062302,211.58200407028198,220.47200417518616,225.04400432109833,246.63400447368622,249.17400455474854,278.6380051970482,326.64400666952133,495.5540072321892,496.5700072646141,499.8720073699951,515.6200077533722,522.7320079803467,549.9100090265274,551.688009083271,551.688009083271,555.2440091967583,555.2440091967583,555.2440091967583,575.8180096745491,591.3120101094246,601.980010330677,601.980010330677,632.9680115580559,654.8120121359825,690.6260129213333,691.388012945652,693.4200130105019,710.6920133829117,748.0300139784813,748.2840139865875,748.5380139946938,755.9040141701698,759.4600142836571,780.5420147180557,780.5420147180557,780.5420147180557,780.5420147180557,781.8120147585869,781.8120147585869,805.1800153851509,806.9580154418945,807.2120154500008,843.534016430378,843.534016430378,843.534016430378,843.534016430378,849.1220163702965,858.7740166187286,860.0440166592598,865.6320168375969,866.3940168619156,874.7760167717934,881.6340169906616,893.3180173039436,895.3500173687935,911.3520176410675,919.7340179085732,922.2740179896355,931.4180182814598,937.0060184597969,944.372018635273,970.2800194621086,989.5840199589729,996.1880200505257,1006.6020202636719,1007.1100202798843,1007.1100202798843,1007.6180202960968,1013.2060204744339,1040.1300213336945,1042.4160214066505,1048.0040215849876,1051.8140216469765,1058.6720218658447,1067.3080219626427,1079.5000225901604,1079.5000225901604,1087.882022857666,1088.6440228819847,1102.8680233359337,1122.6800239682198,1122.6800239682198,1124.712023973465,1124.712023973465,1124.712023973465
2022-11-28 12:00:00,Baja,6.27870859299998,-75.547747348,Media,Deslizamiento,Medellín,Comuna 3 Manrique,Las Granjas,16.0,1,37.846000611782074,41.91000062227249,42.16400063037872,43.43400067090988,74.16800117492676,94.48800188302994,105.15600222349167,163.06800305843353,188.46800315380096,204.21600395441055,204.72400397062302,204.72400397062302,211.58200407028198,220.47200417518616,225.04400432109833,246.63400447368622,249.17400455474854,278.6380051970482,326.64400666952133,495.5540072321892,496.5700072646141,499.8720073699951,515.6200077533722,522.7320079803467,549.9100090265274,551.688009083271,551.688009083271,555.2440091967583,555.2440091967583,555.2440091967583,575.8180096745491,591.3120101094246,601.980010330677,601.980010330677,632.9680115580559,654.8120121359825,690.6260129213333,691.388012945652,693.4200130105019,710.6920133829117,748.0300139784813,748.2840139865875,748.5380139946938,755.9040141701698,759.4600142836571,780.5420147180557,780.5420147180557,780.5420147180557,780.5420147180557,781.8120147585869,781.8120147585869,805.1800153851509,806.9580154418945,807.2120154500008,843.534016430378,843.534016430378,843.534016430378,843.534016430378,849.1220163702965,858.7740166187286,860.0440166592598,865.6320168375969,866.3940168619156,874.7760167717934,881.6340169906616,893.3180173039436,895.3500173687935,911.3520176410675,919.7340179085732,922.2740179896355,931.4180182814598,937.0060184597969,944.372018635273,970.2800194621086,989.5840199589729,996.1880200505257,1006.6020202636719,1007.1100202798843,1007.1100202798843,1007.6180202960968,1013.2060204744339,1040.1300213336945,1042.4160214066505,1048.0040215849876,1051.8140216469765,1058.6720218658447,1067.3080219626427,1079.5000225901604,1079.5000225901604,1087.882022857666,1088.6440228819847,1102.8680233359337,1122.6800239682198,1122.6800239682198,1124.712023973465,1124.712023973465,1124.712023973465
2023-01-14 20:00:00,Baja,6.21963066699999,-75.634755621,Media,Deslizamiento,Medellín,Corregimiento 70 Altavista,Buga Patio Bonito,8.0,1,43.942000448703766,46.736000537872314,46.736000537872314,53.34000074863434,75.18400144577026,79.50200140476227,122.93600249290466,122.93600249290466,124.20600253343582,129.5400027036667,130.5560027360916,160.02000337839127,170.68800354003906,174.75200366973877,178.308003783226,178.308003783226,187.96000403165817,195.83400398492813,205.9940043091774,206.50200432538986,206.50200432538986,211.0740042924881,213.8680042028427,213.8680042028427,214.12200421094894,214.12200421094894,214.12200421094894,214.6300042271614,215.13800424337387,215.13800424337387,215.13800424337387,215.64600425958633,216.1540042757988,238.50600469112396,241.30000466108322,241.30000466108322,241.55400466918945,243.5860047340393,244.09400475025177,244.09400475025177,244.09400475025177,244.85600477457047,244.85600477457047,244.85600477457047,244.85600477457047,248.15800487995148,253.49200493097305,269.49400544166565,272.5420054793358,272.796005487442,284.4800057411194,324.6120062470436,352.04400712251663,362.20400726795197,362.4580072760582,384.30200773477554,384.5560077428818,421.89400869607925,421.89400869607925,422.1480087041855,427.22800874710083,428.24400877952576,432.05400890111923,434.59400898218155,436.37200903892517,453.6440095901489,459.232009768486,502.15801018476486,503.9360102415085,508.7620103955269,525.5260103940964,525.5260103940964,531.1140105724335,531.1140105724335,531.3680105805397,533.908010661602,533.908010661602,546.3540109992027,587.5020119547844,593.8520121574402,608.3300126194954,608.3300126194954,617.2200126647949,635.7620131373405,648.208013355732,648.9700133800507,690.1180144548416,735.0760161876678,735.0760161876678,779.5260160565376,779.7800160646439,782.3200161457062,783.0820161700249,791.972016274929,794.2580163478851,794.2580163478851,794.7660163640976
2023-01-14 21:00:00,Baja,6.27224004197722,-75.6152221639559,Media,Deslizamiento,Medellín,Comuna 7 Robledo,Olaya Herrera,456.0,1,50.29200166463852,57.912001967430115,60.70600211620331,62.99200218915939,87.12200236320496,87.37600237131119,120.39600294828415,120.65000295639038,120.65000295639038,121.15800297260284,121.15800297260284,128.7780032157898,144.52600359916687,144.52600359916687,144.52600359916687,144.52600359916687,144.52600359916687,144.52600359916687,146.81200367212296,153.1620039343834,153.1620039343834,153.1620039343834,153.1620039343834,153.1620039343834,153.1620039343834,153.1620039343834,153.1620039343834,156.21000403165817,156.21000403165817,156.21000403165817,156.21000403165817,156.21000403165817,158.49600410461426,158.49600410461426,159.00400412082672,159.25800412893295,159.51200413703918,159.76600414514542,159.76600414514542,159.76600414514542,159.76600414514542,162.30600422620773,162.30600422620773,162.30600422620773,162.30600422620773,166.62400436401367,171.19600450992584,186.43600475788116,189.48400485515594,191.26200491189957,191.26200491189957,208.78800547122955,221.2340058684349,236.22000640630722,237.99800646305084,259.58800679445267,263.3980068564415,299.7200083732605,300.22800838947296,300.22800838947296,300.22800838947296,300.22800838947296,300.22800838947296,300.22800838947296,300.22800838947296,300.22800838947296,300.22800838947296,309.1180086135864,309.1180086135864,309.37200862169266,312.42000871896744,314.19800877571106,315.214008808136,315.72200882434845,315.72200882434845,326.6440090537071,326.6440090537071,337.8200094103813,376.1740099787712,382.01600992679596,386.3340100646019,386.3340100646019,393.95401030778885,401.82801055908203,410.2100108265877,410.2100108265877,438.1500113606453,472.9480120539665,472.9480120539665,473.20201206207275,473.20201206207275,474.4720121026039,474.4720121026039,484.886012673378,485.9020127058029,485.9020127058029,485.9020127058029
2023-01-14 21:00:00,Baja,6.27243348692662,-75.6151981743855,Media,Deslizamiento,Medellín,Comuna 7 Robledo,Olaya Herrera,456.0,1,50.29200166463852,57.912001967430115,60.70600211620331,62.99200218915939,87.12200236320496,87.37600237131119,120.39600294828415,120.65000295639038,120.65000295639038,121.15800297260284,121.15800297260284,128.7780032157898,144.52600359916687,144.52600359916687,144.52600359916687,144.52600359916687,144.52600359916687,144.52600359916687,146.81200367212296,153.1620039343834,153.1620039343834,153.1620039343834,153.1620039343834,153.1620039343834,153.1620039343834,153.1620039343834,153.1620039343834,156.21000403165817,156.21000403165817,156.21000403165817,156.21000403165817,156.21000403165817,158.49600410461426,158.49600410461426,159.00400412082672,159.25800412893295,159.51200413703918,159.76600414514542,159.76600414514542,159.76600414514542,159.76600414514542,162.30600422620773,162.30600422620773,162.30600422620773,162.30600422620773,166.62400436401367,171.19600450992584,186.43600475788116,189.48400485515594,191.26200491189957,191.26200491189957,208.78800547122955,221.2340058684349,236.22000640630722,237.99800646305084,259.58800679445267,263.3980068564415,299.7200083732605,300.22800838947296,300.22800838947296,300.22800838947296,300.22800838947296,300.22800838947296,300.22800838947296,300.22800838947296,300.22800838947296,300.22800838947296,309.1180086135864,309.1180086135864,309.37200862169266,312.42000871896744,314.19800877571106,315.214008808136,315.72200882434845,315.72200882434845,326.6440090537071,326.6440090537071,337.8200094103813,376.1740099787712,382.01600992679596,386.3340100646019,386.3340100646019,393.95401030778885,401.82801055908203,410.2100108265877,410.2100108265877,438.1500113606453,472.9480120539665,472.9480120539665,473.20201206207275,473.20201206207275,474.4720121026039,474.4720121026039,484.886012673378,485.9020127058029,485.9020127058029,485.9020127058029
2023-01-14 22:00:00,Baja,6.28748158033192,-75.599164461121,Media,Deslizamiento,Medellín,Comuna 7 Robledo,Monteclaro,456.0,1,50.29200166463852,57.912001967430115,60.70600211620331,62.99200218915939,87.12200236320496,87.37600237131119,117.6020028591156,120.65000295639038,120.65000295639038,121.15800297260284,121.15800297260284,127.50800317525864,144.52600359916687,144.52600359916687,144.52600359916687,144.52600359916687,144.52600359916687,144.52600359916687,145.28800362348557,153.1620039343834,153.1620039343834,153.1620039343834,153.1620039343834,153.1620039343834,153.1620039343834,153.1620039343834,153.1620039343834,156.21000403165817,156.21000403165817,156.21000403165817,156.21000403165817,156.21000403165817,158.49600410461426,158.49600410461426,159.00400412082672,159.25800412893295,159.51200413703918,159.76600414514542,159.76600414514542,159.76600414514542,159.76600414514542,162.30600422620773,162.30600422620773,162.30600422620773,162.30600422620773,166.62400436401367,171.19600450992584,186.18200474977493,189.48400485515594,191.26200491189957,191.26200491189957,208.78800547122955,217.1700057387352,232.9180063009262,237.99800646305084,259.58800679445267,263.14400684833527,299.7200083732605,300.22800838947296,300.22800838947296,300.22800838947296,300.22800838947296,300.22800838947296,300.22800838947296,300.22800838947296,300.22800838947296,300.22800838947296,309.1180086135864,309.1180086135864,309.1180086135864,312.42000871896744,312.42000871896744,314.4520087838173,315.72200882434845,315.72200882434845,326.6440090537071,326.6440090537071,335.280009329319,376.1740099787712,377.95201003551483,386.3340100646019,386.3340100646019,393.95401030778885,401.5740105509758,410.2100108265877,410.2100108265877,438.1500113606453,457.4540116786957,472.9480120539665,473.20201206207275,473.20201206207275,474.4720121026039,474.4720121026039,484.63201266527176,485.9020127058029,485.9020127058029,485.9020127058029
2023-01-14 23:00:00,Baja,6.2896573,-75.6106246,Media,Deslizamiento,Medellín,Corregimiento 60 San Cristóbal,Área de Expansión Pajarito,20.0,1,67.31000125408173,71.62800139188766,72.39000141620636,76.20000153779984,85.34400182962418,86.86800187826157,101.85400223731995,131.5720031261444,132.3340031504631,132.58800315856934,132.58800315856934,132.58800315856934,132.58800315856934,132.58800315856934,132.58800315856934,132.58800315856934,132.58800315856934,132.58800315856934,132.58800315856934,132.58800315856934,132.58800315856934,132.58800315856934,132.58800315856934,132.58800315856934,132.58800315856934,132.58800315856934,132.58800315856934,134.36600321531296,134.36600321531296,134.36600321531296,134.36600321531296,134.36600321531296,134.36600321531296,135.38200324773788,135.38200324773788,135.38200324773788,135.38200324773788,141.98600316047668,141.98600316047668,141.98600316047668,141.98600316047668,144.01800322532654,144.01800322532654,144.01800322532654,144.01800322532654,148.84400337934494,158.49600344896317,169.9260036945343,173.990003824234,175.26000386476517,175.5140038728714,184.65800416469574,220.4720047712326,240.5380048751831,253.23800522089005,257.556005358696,258.3180053830147,263.90600550174713,263.90600550174713,263.90600550174713,264.6680055260658,264.92200553417206,264.92200553417206,278.1300057768822,278.63800579309464,284.9880059957504,301.24400609731674,301.24400609731674,301.24400609731674,301.498006105423,304.54600620269775,305.0540062189102,307.3400062918663,310.13400638103485,310.13400638103485,311.1500064134598,311.1500064134598,311.1500064134598,311.1500064134598,314.4520065188408,333.75600707530975,333.75600707530975,338.8360072374344,368.554007768631,375.158007979393,375.158007979393,404.8760078549385,416.306008040905,456.6920091509819,458.2160091996193,458.2160091996193,458.4700092077255,458.4700092077255,462.53400933742523,462.53400933742523,462.53400933742523,462.53400933742523
2023-01-14 23:00:00,Baja,6.249679872,-75.629369286,Media,Deslizamiento,Medellín,Comuna 13 San Javier,Nuevos Conquistadores,17.0,1,53.59400063753128,58.928000807762146,58.928000807762146,60.70600086450577,72.39000123739243,79.24800133705139,93.72600173950195,105.66400212049484,105.91800212860107,109.72800213098526,117.09400206804276,127.25400239229202,137.66800272464752,137.66800272464752,137.66800272464752,137.66800272464752,137.66800272464752,157.4800027012825,159.0040027499199,161.29000282287598,161.29000282287598,161.29000282287598,161.29000282287598,161.29000282287598,161.29000282287598,162.05200284719467,162.05200284719467,167.3860029578209,167.3860029578209,167.3860029578209,167.3860029578209,167.3860029578209,169.1640030145645,175.51400309801102,175.76800310611725,175.76800310611725,176.2760031223297,176.2760031223297,176.2760031223297,176.2760031223297,176.2760031223297,181.1020032763481,181.1020032763481,181.1020032763481,181.1020032763481,185.67400342226028,190.5000035762787,197.61200380325317,201.422003865242,201.93000388145447,204.97800397872925,213.61400425434113,242.57000440359116,263.6520049571991,270.00200498104095,277.11400508880615,284.2260051369667,307.0860053896904,333.7560049891472,336.2960050702095,336.80400508642197,338.32800513505936,338.32800513505936,345.44000536203384,345.44000536203384,350.5200055241585,361.9500058889389,378.96800631284714,378.96800631284714,378.96800631284714,384.81000649929047,384.81000649929047,385.8260065317154,388.8740066289902,388.8740066289902,392.68400663137436,392.68400663137436,399.5420068502426,441.7060079574585,448.05600798130035,460.75600838661194,460.75600838661194,466.0900085568428,481.33000868558884,504.69800931215286,504.69800931215286,551.1800108551979,573.7860114574432,585.2160114645958,597.1540116667747,612.1400122642517,614.1720123291016,614.4260123372078,617.7280124425888,617.982012450695,617.982012450695,617.982012450695
2023-01-14 23:59:00,Baja,6.27121827299999,-75.626441826,Media,Deslizamiento,Medellín,Corregimiento 60 San Cristóbal,La Loma,27.0,1,47.244001150131226,51.0540012717247,51.0540012717247,64.5160014629364,70.8660016655922,76.96200186014175,85.3440021276474,106.93400228023529,107.18800228834152,109.47400236129761,109.98200237751007,124.46000283956528,155.1940032839775,155.1940032839775,155.1940032839775,155.1940032839775,155.1940032839775,156.46400332450867,168.14800357818604,168.91000360250473,168.91000360250473,168.91000360250473,168.91000360250473,168.91000360250473,168.91000360250473,168.91000360250473,168.91000360250473,171.45000368356705,171.45000368356705,171.45000368356705,171.45000368356705,171.45000368356705,171.9580036997795,172.46600371599197,173.22800374031067,173.22800374031067,173.4820037484169,173.73600375652313,173.73600375652313,173.73600375652313,173.73600375652313,183.89600390195847,183.89600390195847,183.89600390195847,183.89600390195847,188.9760040640831,192.02400416135788,197.61200433969498,215.39200514554977,221.23400527238846,221.74200528860092,225.5520054101944,244.85600572824478,277.3680062890053,288.03600668907166,313.4360072016716,316.4840072989464,321.81800746917725,330.70800745487213,330.96200746297836,331.9780074954033,331.9780074954033,333.24800753593445,342.1380077600479,342.9000077843666,346.7100079059601,362.9660084247589,375.41200882196426,375.9200088381767,375.9200088381767,378.9680089354515,379.22200894355774,380.4920089840889,387.8580094575882,387.8580094575882,393.1920094490051,393.1920094490051,394.97000950574875,445.51601046323776,458.7240107655525,485.1400113105774,485.1400113105774,491.23601150512695,516.890012383461,528.8280127644539,528.8280127644539,555.7520135641098,568.1980139017105,584.4540143609047,585.2160143852234,586.994014441967,588.5180144906044,588.5180144906044,591.3120145201683,593.5980145931244,593.5980145931244,593.5980145931244
2023-01-15 10:00:00,Baja,6.29222071200002,-75.609793194,Media,Deslizamiento,Medellín,Corregimiento 60 San Cristóbal,Área de Expansión Pajarito,20.0,1,69.34200131893158,70.3580013513565,73.66000145673752,78.23200160264969,78.48600161075592,88.90000194311142,88.90000194311142,133.35000318288803,134.36600321531296,134.6200032234192,134.6200032234192,134.6200032234192,134.6200032234192,134.6200032234192,134.6200032234192,134.6200032234192,134.6200032234192,134.6200032234192,134.6200032234192,134.6200032234192,134.6200032234192,134.6200032234192,134.6200032234192,134.6200032234192,134.6200032234192,134.6200032234192,134.6200032234192,134.6200032234192,136.3980032801628,136.3980032801628,136.3980032801628,136.3980032801628,136.3980032801628,136.3980032801628,137.41400331258774,137.41400331258774,137.41400331258774,137.41400331258774,144.01800322532654,144.01800322532654,144.01800322532654,146.0500032901764,146.0500032901764,146.0500032901764,146.0500032901764,146.0500032901764,160.02000349760056,160.52800351381302,176.02200388908386,177.29200392961502,177.54600393772125,177.54600393772125,212.09000462293625,242.31600493192673,252.22200518846512,258.5720053911209,260.35000544786453,265.938005566597,265.938005566597,265.938005566597,265.938005566597,266.7000055909157,266.9540055990219,279.65400582551956,280.162005841732,285.24200600385666,303.2760061621666,303.2760061621666,303.2760061621666,303.5300061702728,306.5780062675476,307.08600628376007,308.8640063405037,312.1660064458847,312.1660064458847,313.18200647830963,313.18200647830963,313.18200647830963,313.18200647830963,313.18200647830963,332.74000710248947,335.7880071401596,338.58200722932816,370.58600783348083,375.9200080037117,377.19000804424286,377.6980080604553,408.686007976532,458.72400921583176,460.24800926446915,460.24800926446915,460.5020092725754,460.5020092725754,464.5660094022751,464.5660094022751,464.5660094022751,464.5660094022751
2023-01-17 18:00:00,Baja,6.20284997713644,-75.6038692564513,Media,Deslizamiento,Medellín,Comuna 16 Belén,La Hondonada,22.0,1,56.13400083780289,56.13400083780289,76.20000118017197,78.74000126123428,85.59800136089325,87.37600141763687,96.01200151443481,124.96800196170807,139.9540029168129,182.88000452518463,182.88000452518463,183.89600455760956,192.27800488471985,192.53200489282608,223.01200568675995,225.29800575971603,233.93400591611862,237.23600602149963,237.99800604581833,237.99800604581833,253.2380063533783,255.7780064344406,255.7780064344406,262.382006585598,272.0340065956116,272.0340065956116,272.0340065956116,272.0340065956116,272.0340065956116,272.0340065956116,272.0340065956116,272.79600661993027,272.79600661993027,272.79600661993027,273.0500066280365,274.32000666856766,286.00400710105896,287.7820071578026,287.7820071578026,288.7980071902275,292.35400730371475,293.11600732803345,293.11600732803345,293.11600732803345,294.64000737667084,294.64000737667084,294.64000737667084,294.64000737667084,297.18000745773315,297.4340074658394,306.5780077576637,306.5780077576637,308.6100078225136,316.73800802230835,325.88200813531876,342.13800847530365,343.1540085077286,343.4080085158348,364.7440093755722,369.31600946187973,383.794009745121,383.794009745121,384.30200976133347,399.79601043462753,410.9720106124878,414.2740107178688,415.7980107665062,422.148010969162,441.7060114145279,452.3740117549896,484.63201224803925,484.63201224803925,489.45801240205765,489.45801240205765,489.7120124101639,495.8080125451088,495.8080125451088,496.062012553215,517.1440138816833,517.1440138816833,533.6540144085884,566.4200152754784,575.3100153803825,588.2640156745911,588.2640156745911,601.7260161042213,608.5840161442757,608.5840161442757,608.8380161523819,623.3160166144371,639.5720171332359,639.5720171332359,643.636017203331,645.9220172762871,646.4300172924995,646.6840173006058,648.2080173492432
2023-01-17 19:00:00,Baja,6.22953394763442,-75.5237423908823,Media,Deslizamiento,Medellín,Corregimiento 90 Santa Elena,Media Luna,44.0,1,51.054000437259674,51.054000437259674,56.64200055599213,69.08800053596497,73.91400068998337,74.1680006980896,82.29600095748901,102.61600136756897,102.61600136756897,118.11000204086304,120.90400213003159,121.41200214624405,124.71400225162506,126.49200230836868,132.08000248670578,132.08000248670578,132.334002494812,133.0960025191307,133.0960025191307,134.11200255155563,134.11200255155563,141.22400265932083,141.22400265932083,141.22400265932083,141.22400265932083,141.22400265932083,141.22400265932083,141.22400265932083,141.47800266742706,141.47800266742706,141.47800266742706,144.2720027565956,144.2720027565956,144.2720027565956,144.2720027565956,145.0340027809143,145.0340027809143,145.0340027809143,146.81200283765793,146.81200283765793,148.59000289440155,148.59000289440155,151.13000297546387,151.3840029835701,152.65400302410126,152.65400302410126,152.65400302410126,152.65400302410126,165.60800313949585,166.878003180027,188.4680037498474,194.56400376558304,195.0720037817955,195.0720037817955,200.6600039601326,213.1060042977333,222.50400453805923,229.87000465393066,245.11000508069992,245.11000508069992,252.73000520467758,252.73000520467758,254.5080052614212,255.01600527763367,262.12800550460815,265.43000560998917,284.98800653219223,289.814006626606,338.83600729703903,344.1700074672699,392.17600816488266,399.5420081615448,405.38400834798813,406.1460083723068,408.68600845336914,413.0040086507797,413.0040086507797,413.0040086507797,413.0040086507797,413.0040086507797,421.38600891828537,447.0400097966194,451.35800993442535,452.12000995874405,452.12000995874405,496.5700101852417,499.8720102906227,499.8720102906227,499.8720102906227,500.88801032304764,500.88801032304764,500.88801032304764,500.88801032304764,500.88801032304764,500.88801032304764,500.88801032304764,500.88801032304764
2023-01-17 19:00:00,Baja,6.2296293514096,-75.5283449966214,Media,Deslizamiento,Medellín,Comuna 9 Buenos Aires,Juan Pablo II,44.0,1,51.054000437259674,51.054000437259674,56.64200055599213,69.08800053596497,73.91400068998337,74.1680006980896,82.29600095748901,102.61600136756897,102.61600136756897,118.11000204086304,120.90400213003159,121.41200214624405,124.71400225162506,126.49200230836868,132.08000248670578,132.08000248670578,132.334002494812,133.0960025191307,133.0960025191307,134.11200255155563,134.11200255155563,141.22400265932083,141.22400265932083,141.22400265932083,141.22400265932083,141.22400265932083,141.22400265932083,141.22400265932083,141.47800266742706,141.47800266742706,141.47800266742706,144.2720027565956,144.2720027565956,144.2720027565956,144.2720027565956,145.0340027809143,145.0340027809143,145.0340027809143,146.81200283765793,146.81200283765793,148.59000289440155,148.59000289440155,151.13000297546387,151.3840029835701,152.65400302410126,152.65400302410126,152.65400302410126,152.65400302410126,165.60800313949585,166.878003180027,188.4680037498474,194.56400376558304,195.0720037817955,195.0720037817955,200.6600039601326,213.1060042977333,222.50400453805923,229.87000465393066,245.11000508069992,245.11000508069992,252.73000520467758,252.73000520467758,254.5080052614212,255.01600527763367,262.12800550460815,265.43000560998917,284.98800653219223,289.814006626606,338.83600729703903,344.1700074672699,392.17600816488266,399.5420081615448,405.38400834798813,406.1460083723068,408.68600845336914,413.0040086507797,413.0040086507797,413.0040086507797,413.0040086507797,413.0040086507797,421.38600891828537,447.0400097966194,451.35800993442535,452.12000995874405,452.12000995874405,496.5700101852417,499.8720102906227,499.8720102906227,499.8720102906227,500.88801032304764,500.88801032304764,500.88801032304764,500.88801032304764,500.88801032304764,500.88801032304764,500.88801032304764,500.88801032304764
2023-01-17 19:00:00,Baja,6.2295165402227,-75.5237674600198,Media,Flujo,Medellín,Corregimiento 90 Santa Elena,Media Luna,44.0,1,51.054000437259674,51.054000437259674,56.64200055599213,69.08800053596497,73.91400068998337,74.1680006980896,82.29600095748901,102.61600136756897,102.61600136756897,118.11000204086304,120.90400213003159,121.41200214624405,124.71400225162506,126.49200230836868,132.08000248670578,132.08000248670578,132.334002494812,133.0960025191307,133.0960025191307,134.11200255155563,134.11200255155563,141.22400265932083,141.22400265932083,141.22400265932083,141.22400265932083,141.22400265932083,141.22400265932083,141.22400265932083,141.47800266742706,141.47800266742706,141.47800266742706,144.2720027565956,144.2720027565956,144.2720027565956,144.2720027565956,145.0340027809143,145.0340027809143,145.0340027809143,146.81200283765793,146.81200283765793,148.59000289440155,148.59000289440155,151.13000297546387,151.3840029835701,152.65400302410126,152.65400302410126,152.65400302410126,152.65400302410126,165.60800313949585,166.878003180027,188.4680037498474,194.56400376558304,195.0720037817955,195.0720037817955,200.6600039601326,213.1060042977333,222.50400453805923,229.87000465393066,245.11000508069992,245.11000508069992,252.73000520467758,252.73000520467758,254.5080052614212,255.01600527763367,262.12800550460815,265.43000560998917,284.98800653219223,289.814006626606,338.83600729703903,344.1700074672699,392.17600816488266,399.5420081615448,405.38400834798813,406.1460083723068,408.68600845336914,413.0040086507797,413.0040086507797,413.0040086507797,413.0040086507797,413.0040086507797,421.38600891828537,447.0400097966194,451.35800993442535,452.12000995874405,452.12000995874405,496.5700101852417,499.8720102906227,499.8720102906227,499.8720102906227,500.88801032304764,500.88801032304764,500.88801032304764,500.88801032304764,500.88801032304764,500.88801032304764,500.88801032304764,500.88801032304764
2023-01-17 20:00:00,Baja,6.20357598540368,-75.6035996719982,Media,Deslizamiento,Medellín,Comuna 16 Belén,La Hondonada,22.0,1,58.16600090265274,58.16600090265274,59.4360009431839,79.75600129365921,87.37600141763687,88.13800144195557,98.04400157928467,126.74600201845169,141.98600298166275,184.91200459003448,184.91200459003448,185.9280046224594,194.3100049495697,194.56400495767593,213.1060054898262,227.3300058245659,235.96600598096848,239.2680060863495,240.03000611066818,240.03000611066818,255.27000641822815,257.81000649929047,257.81000649929047,264.41400665044785,274.0660066604614,274.0660066604614,274.0660066604614,274.0660066604614,274.0660066604614,274.0660066604614,274.0660066604614,274.8280066847801,274.8280066847801,274.8280066847801,275.08200669288635,276.3520067334175,288.0360071659088,289.81400722265244,289.81400722265244,290.83000725507736,294.1320073604584,295.1480073928833,295.1480073928833,295.1480073928833,296.6720074415207,296.6720074415207,296.6720074415207,296.6720074415207,299.212007522583,299.46600753068924,308.6100078225136,308.6100078225136,310.64200788736343,318.7700080871582,327.9140082001686,344.1700085401535,345.18600857257843,345.44000858068466,366.5220094323158,371.3480095267296,385.82600980997086,385.82600980997086,386.3340098261833,401.8280104994774,413.00401067733765,416.30601078271866,417.83001083135605,419.35401087999344,443.73801147937775,449.32601165771484,486.6640123128891,486.6640123128891,488.4420123696327,491.4900124669075,491.74401247501373,497.84001260995865,497.84001260995865,497.84001260995865,519.1760139465332,519.1760139465332,535.6860144734383,568.4520153403282,571.500015437603,590.2960157394409,590.2960157394409,597.6620159745216,610.6160162091255,610.6160162091255,610.8700162172318,625.348016679287,641.6040171980858,641.6040171980858,645.6680172681808,645.9220172762871,648.4620173573494,648.7160173654556,650.240017414093
2023-03-13 08:00:00,Baja,6.293831,-75.649566795,Media,Deslizamiento,Medellín,Corregimiento 60 San Cristóbal,El LLano,612.0,1,37.84600102901459,55.626001596450806,79.24800205230713,93.98000228404999,98.80600243806839,118.87200260162354,122.68200272321701,131.3180029988289,136.9060030579567,136.9060030579567,136.9060030579567,136.9060030579567,136.9060030579567,136.9060030579567,165.35400396585464,165.35400396585464,165.35400396585464,172.2120040655136,172.2120040655136,173.22800409793854,191.516004383564,209.04200452566147,209.04200452566147,209.80400454998016,227.83800488710403,227.83800488710403,228.3460049033165,228.3460049033165,230.37800496816635,230.37800496816635,230.37800496816635,230.37800496816635,231.39400500059128,231.39400500059128,231.6480050086975,231.6480050086975,231.6480050086975,233.9340050816536,233.9340050816536,233.9340050816536,233.9340050816536,233.9340050816536,233.9340050816536,233.9340050816536,233.9340050816536,233.9340050816536,233.9340050816536,233.9340050816536,233.9340050816536,233.9340050816536,233.9340050816536,233.9340050816536,235.20400512218475,250.1900051832199,251.46000522375107,251.46000522375107,251.46000522375107,264.41400533914566,264.6680053472519,267.9700054526329,274.0660055875778,274.0660055875778,282.44800585508347,282.7020058631897,300.2280064225197,300.2280064225197,303.02200651168823,303.02200651168823,318.00800693035126,346.7100076675415,346.7100076675415,346.7100076675415,348.9960076212883,348.9960076212883,348.9960076212883,377.6980081796646,383.7940083742142,384.55600839853287,384.55600839853287,384.55600839853287,384.55600839853287,384.55600839853287,384.55600839853287,384.55600839853287,384.55600839853287,384.55600839853287,384.55600839853287,384.55600839853287,384.55600839853287,385.06400841474533,387.3500084877014,387.3500084877014,388.1120085120201,388.1120085120201,388.36600852012634,392.1760086417198,392.1760086417198
2023-03-18 23:00:00,Baja,6.29427668800002,-75.538858528,Media,Deslizamiento,Medellín,Comuna 1 Popular,La Avanzada,352.0,1,42.1640003323555,42.1640003323555,58.166000187397,59.69000023603439,62.48400032520294,73.66000068187714,104.90200185775757,121.1580023765564,122.42800241708755,124.71400249004364,140.97000300884247,146.30400317907333,156.4640035033226,161.54400366544724,161.54400366544724,161.54400366544724,161.54400366544724,161.54400366544724,161.54400366544724,161.54400366544724,161.54400366544724,161.54400366544724,161.54400366544724,162.0520036816597,162.0520036816597,162.0520036816597,176.7840038537979,191.00800389051437,191.00800389051437,191.00800389051437,191.00800389051437,204.2160041332245,204.2160041332245,204.72400414943695,205.74000418186188,205.74000418186188,205.74000418186188,205.74000418186188,205.74000418186188,205.74000418186188,205.74000418186188,205.74000418186188,205.74000418186188,207.26400423049927,207.26400423049927,207.26400423049927,207.26400423049927,207.26400423049927,207.26400423049927,207.26400423049927,207.26400423049927,207.26400423049927,207.26400423049927,207.26400423049927,207.26400423049927,207.26400423049927,207.26400423049927,207.26400423049927,207.26400423049927,220.47200447320938,230.8860046863556,230.8860046863556,230.8860046863556,259.5880053639412,268.9860055446625,268.9860055446625,285.7500057220459,293.8780059814453,297.4340061545372,310.13400650024414,334.0100064277649,334.0100064277649,334.0100064277649,334.0100064277649,343.40800672769547,343.40800672769547,343.40800672769547,343.40800672769547,343.91600674390793,347.9800066947937,347.9800066947937,352.5520069003105,352.5520069003105,352.5520069003105,352.5520069003105,352.5520069003105,352.5520069003105,352.5520069003105,352.5520069003105,352.5520069003105,354.8380069732666,355.34600698947906,355.34600698947906,355.34600698947906,355.34600698947906,355.34600698947906,363.72800731658936
2023-05-11 17:00:00,Baja,6.29381224048875,-75.6578678464433,Media,Deslizamiento,Medellín,Corregimiento 60 San Cristóbal,La Cuchilla,612.0,1,48.76800012588501,49.530000150203705,54.864000260829926,54.864000260829926,54.864000260829926,54.864000260829926,54.864000260829926,54.864000260829926,54.864000260829926,54.864000260829926,54.864000260829926,58.42000037431717,62.484000504016876,84.83600115776062,85.34400117397308,90.93200135231018,90.93200135231018,100.83800148963928,101.34600150585175,111.25200182199478,111.76000183820724,119.38000202178955,119.38000202178955,120.90400207042694,142.748002409935,149.0980026125908,178.308003783226,178.308003783226,178.56200379133224,180.34000384807587,182.11800384521484,182.11800384521484,187.19800412654877,192.53200429677963,207.01000463962555,211.07400476932526,214.1220048069954,214.1220048069954,214.37600481510162,214.8840048313141,214.8840048313141,215.39200484752655,216.40800487995148,222.75800508260727,244.85600531101227,245.1100053191185,248.92000544071198,295.1480065584183,295.1480065584183,307.08600676059723,307.08600676059723,307.08600676059723,310.38800686597824,310.6420068740845,314.7060070037842,317.2460070848465,317.2460070848465,330.20000755786896,332.48600763082504,364.9980086684227,389.1280092597008,416.30600982904434,417.5760098695755,434.59401017427444,453.8980103135109,459.7400104999542,467.86801075935364,473.9640108346939,473.9640108346939,473.9640108346939,473.9640108346939,473.9640108346939,473.9640108346939,497.07801181077957,502.41201174259186,502.41201174259186,508.2540118098259,509.2700118422508,510.0320118665695,518.1600120663643,530.3520122170448,546.1000123023987,546.1000123023987,564.1340126395226,564.8960126638412,565.4040126800537,565.4040126800537,565.4040126800537,567.4360127449036,567.4360127449036,567.4360127449036,568.4520127773285,568.4520127773285,568.7060127854347,568.7060127854347,568.7060127854347,569.9760128259659
2023-05-23 20:00:00,Baja,6.28914604759439,-75.5863477041108,Media,Deslizamiento,Medellín,Comuna 6 Doce de Octubre,Kennedy,241.0,1,34.54400044679642,34.54400044679642,38.10000056028366,42.67200070619583,42.67200070619583,42.67200070619583,57.6580011844635,57.6580011844635,57.6580011844635,57.6580011844635,57.6580011844635,57.6580011844635,67.31000143289566,67.56400144100189,67.56400144100189,67.56400144100189,67.56400144100189,67.56400144100189,67.56400144100189,67.56400144100189,67.56400144100189,67.56400144100189,67.56400144100189,73.91400164365768,80.26400178670883,103.6320024728775,105.41000252962112,131.82600265741348,133.85800272226334,136.39800280332565,136.39800280332565,156.71800315380096,157.98800319433212,161.0360031723976,161.0360031723976,162.560003221035,172.46600341796875,214.12200444936752,214.12200444936752,214.12200444936752,214.12200444936752,214.12200444936752,214.12200444936752,214.12200444936752,214.12200444936752,214.12200444936752,214.12200444936752,214.12200444936752,214.12200444936752,214.12200444936752,214.12200444936752,222.75800448656082,222.75800448656082,224.2820045351982,224.2820045351982,233.42600452899933,242.06200456619263,278.13000506162643,278.13000506162643,310.8960055112839,310.8960055112839,314.9600056409836,323.0880056619644,323.0880056619644,323.0880056619644,323.5960056781769,325.3740057349205,327.9140058159828,336.0420060157776,337.566006064415,339.85200613737106,376.4280073046684,388.8740077018738,401.32000797986984,401.8280079960823,406.1460080742836,427.9900087118149,427.9900087118149,440.69000911712646,444.50000923871994,444.50000923871994,444.50000923871994,444.50000923871994,444.50000923871994,444.50000923871994,444.50000923871994,444.50000923871994,444.50000923871994,444.50000923871994,444.50000923871994,444.50000923871994,444.50000923871994,456.692009806633,468.12200993299484,468.12200993299484,468.6300099492073,468.6300099492073
2023-05-23 22:30:00,Baja,6.29312999699999,-75.543840186,Media,Deslizamiento,Medellín,Comuna 1 Popular,Santo Domingo Savio No.1,352.0,1,45.72000014781952,45.72000014781952,58.92800039052963,71.37400072813034,71.37400072813034,71.37400072813034,85.85200119018555,89.40800130367279,89.40800130367279,89.40800130367279,89.40800130367279,89.40800130367279,90.42400133609772,90.42400133609772,90.42400133609772,90.42400133609772,90.42400133609772,90.42400133609772,90.42400133609772,90.42400133609772,90.42400133609772,90.42400133609772,90.42400133609772,93.21800142526627,95.25000149011612,111.25200200080872,112.52200204133987,146.05000168085098,147.32000172138214,147.32000172138214,147.32000172138214,162.3060019016266,172.7200019955635,177.29200220108032,177.29200220108032,177.29200220108032,179.32400226593018,211.07400274276733,211.07400274276733,222.50400310754776,222.50400310754776,222.50400310754776,222.50400310754776,222.50400310754776,222.50400310754776,222.50400310754776,222.50400310754776,222.50400310754776,222.50400310754776,230.63200336694717,230.63200336694717,242.06200355291367,242.06200355291367,242.82400357723236,242.82400357723236,242.82400357723236,243.33200359344482,250.95200365781784,250.95200365781784,283.4640043377876,295.65600430965424,295.65600430965424,295.65600430965424,295.65600430965424,295.65600430965424,295.65600430965424,337.82000464200974,337.82000464200974,353.82200449705124,355.34600454568863,358.1400046348572,369.3160049915314,400.5580061674118,416.81400668621063,418.0840067267418,420.3700067996979,436.6260073184967,441.96000748872757,452.12000781297684,457.20000797510147,457.20000797510147,457.20000797510147,457.20000797510147,457.20000797510147,457.20000797510147,457.20000797510147,457.20000797510147,457.20000797510147,457.20000797510147,457.70800799131393,457.70800799131393,457.70800799131393,472.44000816345215,486.6640082001686,486.6640082001686,486.6640082001686,486.6640082001686
2023-05-23 23:00:00,Baja,6.27433004648836,-75.6063671965384,Media,Otro,Medellín,Comuna 13 San Javier,Blanquizal,456.0,1,43.43400037288666,44.95800042152405,56.64200073480606,71.12000066041946,71.12000066041946,71.12000066041946,90.42400127649307,125.22200214862823,125.22200214862823,125.22200214862823,126.4920021891594,126.4920021891594,147.5740032196045,147.5740032196045,147.5740032196045,147.5740032196045,147.5740032196045,147.5740032196045,147.5740032196045,147.5740032196045,147.5740032196045,147.5740032196045,147.5740032196045,152.14600336551666,157.98800355196,183.134004175663,183.64200419187546,200.15200406312943,200.15200406312943,200.15200406312943,200.40600407123566,204.7240042090416,205.23200422525406,211.83600437641144,211.83600437641144,212.59800440073013,213.1060044169426,231.14000499248505,232.66400504112244,232.91800504922867,232.91800504922867,232.91800504922867,232.91800504922867,233.1720050573349,234.44200509786606,234.44200509786606,234.6960051059723,234.6960051059723,234.6960051059723,239.52200520038605,239.77600520849228,242.57000529766083,242.57000529766083,243.0780053138733,243.0780053138733,243.0780053138733,251.46000546216965,274.5740057229996,274.5740057229996,289.5600060224533,309.88000655174255,309.88000655174255,313.94400668144226,313.94400668144226,313.94400668144226,313.94400668144226,321.81800693273544,322.0720069408417,322.58000695705414,327.91400706768036,327.91400706768036,358.1400073170662,376.4280079007149,407.6700084209442,407.6700084209442,409.9560084939003,426.2120090126991,430.27600914239883,438.40400940179825,441.45200949907303,441.45200949907303,441.45200949907303,441.45200949907303,441.45200949907303,441.45200949907303,441.45200949907303,441.45200949907303,441.45200949907303,441.45200949907303,441.45200949907303,441.45200949907303,441.45200949907303,449.3260096311569,467.10601031780243,467.10601031780243,467.10601031780243,469.1380103826523
2023-05-24 03:30:00,Baja,6.27323368331995,-75.6155229602141,Media,Flujo,Medellín,Comuna 7 Robledo,Olaya Herrera,456.0,1,41.14800029993057,44.95800042152405,56.64200073480606,65.53200048208237,71.12000066041946,71.12000066041946,71.3740006685257,125.22200214862823,125.22200214862823,125.22200214862823,126.4920021891594,126.4920021891594,147.5740032196045,147.5740032196045,147.5740032196045,147.5740032196045,147.5740032196045,147.5740032196045,147.5740032196045,147.5740032196045,147.5740032196045,147.5740032196045,147.5740032196045,150.36800330877304,155.44800347089767,159.7660036087036,183.134004175663,199.8980040550232,200.15200406312943,200.15200406312943,200.40600407123566,200.40600407123566,205.23200422525406,211.83600437641144,211.83600437641144,211.83600437641144,212.59800440073013,228.60000491142273,232.66400504112244,232.91800504922867,232.91800504922867,232.91800504922867,232.91800504922867,233.1720050573349,234.44200509786606,234.44200509786606,234.6960051059723,234.6960051059723,234.6960051059723,239.52200520038605,239.52200520038605,242.3160052895546,242.57000529766083,243.0780053138733,243.0780053138733,243.0780053138733,250.95200544595718,274.5740057229996,274.5740057229996,288.7980059981346,309.88000655174255,309.88000655174255,313.94400668144226,313.94400668144226,313.94400668144226,313.94400668144226,321.81800693273544,321.81800693273544,322.58000695705414,324.35800701379776,327.91400706768036,349.7580072283745,376.17400789260864,393.44600826501846,407.6700084209442,409.70200848579407,422.6560088992119,430.27600914239883,431.29200917482376,439.4200094342232,441.45200949907303,441.45200949907303,441.45200949907303,441.45200949907303,441.45200949907303,441.45200949907303,441.45200949907303,441.45200949907303,441.45200949907303,441.45200949907303,441.45200949907303,441.45200949907303,449.3260096311569,467.10601031780243,467.10601031780243,467.10601031780243,469.1380103826523
2023-05-24 11:56:00,Baja,6.28226912600002,-75.595342533,Media,Deslizamiento,Medellín,Comuna 7 Robledo,Aures No.1,456.0,1,38.608000218868256,44.95800042152405,52.070000648498535,65.27800047397614,71.12000066041946,71.12000066041946,71.12000066041946,125.22200214862823,125.22200214862823,125.22200214862823,126.4920021891594,126.4920021891594,147.5740032196045,147.5740032196045,147.5740032196045,147.5740032196045,147.5740032196045,147.5740032196045,147.5740032196045,147.5740032196045,147.5740032196045,147.5740032196045,147.5740032196045,148.08200323581696,155.44800347089767,159.00400358438492,183.134004175663,199.8980040550232,200.15200406312943,200.15200406312943,200.40600407123566,200.40600407123566,205.23200422525406,211.5820043683052,211.83600437641144,211.83600437641144,212.59800440073013,228.60000491142273,232.66400504112244,232.91800504922867,232.91800504922867,232.91800504922867,232.91800504922867,232.91800504922867,234.44200509786606,234.44200509786606,234.6960051059723,234.6960051059723,234.6960051059723,239.52200520038605,239.52200520038605,242.06200528144836,242.57000529766083,242.57000529766083,243.0780053138733,243.0780053138733,250.95200544595718,274.5740057229996,274.5740057229996,274.5740057229996,309.88000655174255,309.88000655174255,313.94400668144226,313.94400668144226,313.94400668144226,313.94400668144226,321.81800693273544,321.81800693273544,322.58000695705414,324.1040070056915,327.91400706768036,332.232007086277,376.17400789260864,385.5720081925392,407.6700084209442,409.70200848579407,415.5440086722374,430.27600914239883,430.27600914239883,438.9120094180107,441.45200949907303,441.45200949907303,441.45200949907303,441.45200949907303,441.45200949907303,441.45200949907303,441.45200949907303,441.45200949907303,441.45200949907303,441.45200949907303,441.45200949907303,441.45200949907303,449.3260096311569,467.10601031780243,467.10601031780243,467.10601031780243,469.1380103826523
2023-05-25 21:00:00,Baja,6.29497068400002,-75.542817166,Media,Deslizamiento,Medellín,Comuna 1 Popular,Santo Domingo Savio No.1,352.0,1,45.466000974178314,45.466000974178314,91.18600112199783,91.18600112199783,104.39400136470795,116.84000170230865,116.84000170230865,116.84000170230865,132.08000218868256,134.8740022778511,134.8740022778511,134.8740022778511,134.8740022778511,134.8740022778511,135.89000231027603,135.89000231027603,135.89000231027603,135.89000231027603,135.89000231027603,135.89000231027603,135.89000231027603,135.89000231027603,135.89000231027603,135.89000231027603,135.89000231027603,138.68400239944458,141.2240024805069,156.71800297498703,157.9880030155182,191.5160026550293,192.78600269556046,192.78600269556046,192.78600269556046,207.7720028758049,218.18600296974182,222.75800317525864,222.75800317525864,224.53600323200226,224.7900032401085,256.54000371694565,256.54000371694565,267.9700040817261,267.9700040817261,267.9700040817261,267.9700040817261,267.9700040817261,267.9700040817261,267.9700040817261,267.9700040817261,267.9700040817261,267.9700040817261,276.0980043411255,276.0980043411255,287.528004527092,287.528004527092,288.2900045514107,288.2900045514107,288.79800456762314,288.79800456762314,296.41800463199615,296.41800463199615,341.12200528383255,341.12200528383255,341.12200528383255,341.12200528383255,341.12200528383255,341.12200528383255,341.12200528383255,383.28600561618805,383.28600561618805,399.28800547122955,401.82800555229187,403.8600056171417,426.7200063467026,451.10400730371475,462.28000766038895,463.5500077009201,466.0900077819824,482.092008292675,487.4260084629059,499.3640088438988,502.6660089492798,502.6660089492798,502.6660089492798,502.6660089492798,502.6660089492798,502.6660089492798,502.6660089492798,502.6660089492798,502.6660089492798,502.6660089492798,503.17400896549225,503.17400896549225,503.17400896549225,517.9060091376305,532.1300091743469,532.1300091743469
2023-05-25 21:00:00,Baja,6.28996657900001,-75.552503494,Media,Deslizamiento,Medellín,Comuna 1 Popular,Moscú No.2,40.0,1,56.64200007915497,56.8960000872612,96.77400040626526,96.77400040626526,115.31600099802017,128.27000135183334,128.27000135183334,128.27000135183334,147.82800197601318,161.03600203990936,161.03600203990936,161.03600203990936,161.03600203990936,161.03600203990936,164.5920021533966,164.5920021533966,164.5920021533966,164.5920021533966,164.5920021533966,164.5920021533966,164.5920021533966,164.5920021533966,164.5920021533966,164.5920021533966,164.5920021533966,170.68800234794617,175.0060024857521,194.56400310993195,196.34200316667557,226.8220044374466,227.83800446987152,228.85400450229645,228.85400450229645,249.17400485277176,255.52400505542755,256.5400050878525,256.5400050878525,256.7940050959587,259.334005177021,282.19400560855865,282.19400560855865,284.9880056977272,285.24200570583344,285.24200570583344,285.24200570583344,285.24200570583344,285.24200570583344,285.24200570583344,285.7500057220459,285.7500057220459,285.7500057220459,300.4820054769516,300.73600548505783,311.15000569820404,311.15000569820404,311.91200572252274,311.91200572252274,315.21400582790375,318.2620059251785,324.6120061278343,324.6120061278343,367.5380072593689,367.5380072593689,367.5380072593689,367.7920072674751,367.7920072674751,367.7920072674751,367.7920072674751,395.7320077419281,396.748007774353,407.9240079522133,410.2100080251694,410.97200804948807,438.15000891685486,453.644009411335,468.1220097541809,468.6300097703934,469.90000981092453,489.7120104432106,490.98201048374176,502.92001086473465,506.4760109782219,506.4760109782219,506.4760109782219,506.4760109782219,506.4760109782219,506.4760109782219,506.4760109782219,506.4760109782219,506.4760109782219,506.4760109782219,507.2380110025406,507.4920110106468,507.4920110106468,527.0500116348267,531.3680117726326,531.3680117726326
2023-05-25 22:00:00,Baja,6.29504069374809,-75.5425213628071,Media,Deslizamiento,Medellín,Comuna 1 Popular,Santo Domingo Savio No.1,352.0,1,54.35600119829178,54.35600119829178,100.0760013461113,100.0760013461113,113.28400158882141,125.73000192642212,125.73000192642212,125.73000192642212,140.97000241279602,143.76400250196457,143.76400250196457,143.76400250196457,143.76400250196457,143.76400250196457,144.7800025343895,144.7800025343895,144.7800025343895,144.7800025343895,144.7800025343895,144.7800025343895,144.7800025343895,144.7800025343895,144.7800025343895,144.7800025343895,144.7800025343895,147.57400262355804,150.11400270462036,165.6080031991005,166.87800323963165,200.40600287914276,201.67600291967392,201.67600291967392,201.67600291967392,216.66200309991837,227.07600319385529,231.6480033993721,231.6480033993721,232.91800343990326,233.68000346422195,265.4300039410591,265.4300039410591,276.86000430583954,276.86000430583954,276.86000430583954,276.86000430583954,276.86000430583954,276.86000430583954,276.86000430583954,276.86000430583954,276.86000430583954,276.86000430583954,284.98800456523895,284.98800456523895,296.41800475120544,296.41800475120544,297.18000477552414,297.18000477552414,297.18000477552414,297.6880047917366,305.3080048561096,305.3080048561096,349.2500054836273,350.012005507946,350.012005507946,350.012005507946,350.012005507946,350.012005507946,350.012005507946,392.1760058403015,392.1760058403015,408.178005695343,409.95600575208664,412.7500058412552,430.5300064086914,455.1680073738098,471.1700078845024,472.44000792503357,474.72600799798965,490.9820085167885,496.31600868701935,508.25400906801224,511.55600917339325,511.55600917339325,511.55600917339325,511.55600917339325,511.55600917339325,511.55600917339325,511.55600917339325,511.55600917339325,511.55600917339325,511.55600917339325,512.0640091896057,512.0640091896057,512.0640091896057,526.7960093617439,541.0200093984604,541.0200093984604
2023-05-25 22:00:00,Baja,6.29096697984291,-75.5406987041978,Media,Deslizamiento,Medellín,Comuna 1 Popular,Carpinelo,352.0,1,54.35600119829178,54.35600119829178,100.0760013461113,100.0760013461113,113.28400158882141,125.73000192642212,125.73000192642212,125.73000192642212,140.97000241279602,143.76400250196457,143.76400250196457,143.76400250196457,143.76400250196457,143.76400250196457,144.7800025343895,144.7800025343895,144.7800025343895,144.7800025343895,144.7800025343895,144.7800025343895,144.7800025343895,144.7800025343895,144.7800025343895,144.7800025343895,144.7800025343895,147.57400262355804,150.11400270462036,165.6080031991005,166.87800323963165,200.40600287914276,201.67600291967392,201.67600291967392,201.67600291967392,216.66200309991837,227.07600319385529,231.6480033993721,231.6480033993721,232.91800343990326,233.68000346422195,265.4300039410591,265.4300039410591,276.86000430583954,276.86000430583954,276.86000430583954,276.86000430583954,276.86000430583954,276.86000430583954,276.86000430583954,276.86000430583954,276.86000430583954,276.86000430583954,284.98800456523895,284.98800456523895,296.41800475120544,296.41800475120544,297.18000477552414,297.18000477552414,297.18000477552414,297.6880047917366,305.3080048561096,305.3080048561096,349.2500054836273,350.012005507946,350.012005507946,350.012005507946,350.012005507946,350.012005507946,350.012005507946,392.1760058403015,392.1760058403015,408.178005695343,409.95600575208664,412.7500058412552,430.5300064086914,455.1680073738098,471.1700078845024,472.44000792503357,474.72600799798965,490.9820085167885,496.31600868701935,508.25400906801224,511.55600917339325,511.55600917339325,511.55600917339325,511.55600917339325,511.55600917339325,511.55600917339325,511.55600917339325,511.55600917339325,511.55600917339325,511.55600917339325,512.0640091896057,512.0640091896057,512.0640091896057,526.7960093617439,541.0200093984604,541.0200093984604
2023-05-26 16:00:00,Baja,6.249478,-75.627715,Media,Deslizamiento,Medellín,Comuna 13 San Javier,Nuevos Conquistadores,17.0,1,30.988000988960266,31.49600100517273,51.05400085449219,66.54800117015839,66.54800117015839,76.70800149440765,83.31200170516968,83.31200170516968,83.31200170516968,122.68200296163559,124.96800297498703,124.96800297498703,124.96800297498703,124.96800297498703,148.5900029540062,148.5900029540062,148.5900029540062,148.5900029540062,149.86000299453735,149.86000299453735,149.86000299453735,149.86000299453735,149.86000299453735,149.86000299453735,149.86000299453735,149.86000299453735,158.49600315093994,161.79800325632095,182.88000392913818,182.88000392913818,184.40400397777557,186.1820040345192,187.45200407505035,187.45200407505035,190.75400418043137,206.75600403547287,213.6140040755272,213.6140040755272,214.3760040998459,229.6160043478012,234.4420045018196,235.966004550457,235.966004550457,235.966004550457,246.12600475549698,254.50800508260727,263.1440055966377,270.0020058751106,270.0020058751106,270.0020058751106,270.0020058751106,275.84400606155396,275.84400606155396,276.60600608587265,277.36800611019135,277.36800611019135,277.36800611019135,277.6220061182976,280.67000621557236,293.1160064339638,296.1640064716339,296.1640064716339,330.96200728416443,330.96200728416443,339.0900074839592,340.8680075407028,340.8680075407028,340.8680075407028,345.440007686615,345.440007686615,346.2020077109337,346.71000772714615,349.25000780820847,351.0280078649521,388.8740090727806,398.2720093727112,444.2460105419159,446.7860106229782,448.3100106716156,473.96401131153107,475.7420113682747,487.6800117492676,491.7440118789673,491.7440118789673,491.7440118789673,491.7440118789673,491.7440118789673,491.7440118789673,498.3480120897293,498.3480120897293,498.3480120897293,498.3480120897293,498.3480120897293,498.8560121059418,511.81001245975494,526.5420120954514,544.5760122537613
2023-05-26 16:00:00,Baja,6.24899162600002,-75.628346473,Media,Deslizamiento,Medellín,Comuna 13 San Javier,Nuevos Conquistadores,17.0,1,30.988000988960266,31.49600100517273,51.05400085449219,66.54800117015839,66.54800117015839,76.70800149440765,83.31200170516968,83.31200170516968,83.31200170516968,122.68200296163559,124.96800297498703,124.96800297498703,124.96800297498703,124.96800297498703,148.5900029540062,148.5900029540062,148.5900029540062,148.5900029540062,149.86000299453735,149.86000299453735,149.86000299453735,149.86000299453735,149.86000299453735,149.86000299453735,149.86000299453735,149.86000299453735,158.49600315093994,161.79800325632095,182.88000392913818,182.88000392913818,184.40400397777557,186.1820040345192,187.45200407505035,187.45200407505035,190.75400418043137,206.75600403547287,213.6140040755272,213.6140040755272,214.3760040998459,229.6160043478012,234.4420045018196,235.966004550457,235.966004550457,235.966004550457,246.12600475549698,254.50800508260727,263.1440055966377,270.0020058751106,270.0020058751106,270.0020058751106,270.0020058751106,275.84400606155396,275.84400606155396,276.60600608587265,277.36800611019135,277.36800611019135,277.36800611019135,277.6220061182976,280.67000621557236,293.1160064339638,296.1640064716339,296.1640064716339,330.96200728416443,330.96200728416443,339.0900074839592,340.8680075407028,340.8680075407028,340.8680075407028,345.440007686615,345.440007686615,346.2020077109337,346.71000772714615,349.25000780820847,351.0280078649521,388.8740090727806,398.2720093727112,444.2460105419159,446.7860106229782,448.3100106716156,473.96401131153107,475.7420113682747,487.6800117492676,491.7440118789673,491.7440118789673,491.7440118789673,491.7440118789673,491.7440118789673,491.7440118789673,498.3480120897293,498.3480120897293,498.3480120897293,498.3480120897293,498.3480120897293,498.8560121059418,511.81001245975494,526.5420120954514,544.5760122537613
2023-05-26 17:00:00,Baja,6.26597763667523,-75.5400658883687,Media,Deslizamiento,Medellín,Comuna 3 Manrique,Versalles No.2,16.0,1,37.59200084209442,41.14800077676773,48.76800101995468,59.69000118970871,59.69000118970871,88.90000122785568,99.0600016117096,99.0600016117096,99.0600016117096,131.8260025382042,131.8260025382042,131.8260025382042,131.8260025382042,131.8260025382042,132.5880025625229,135.38200265169144,135.38200265169144,135.38200265169144,135.38200265169144,135.38200265169144,135.38200265169144,135.38200265169144,135.38200265169144,135.38200265169144,135.38200265169144,135.38200265169144,141.73200285434723,144.27200293540955,166.87800365686417,168.40200370550156,169.67200374603271,169.67200374603271,169.67200374603271,169.67200374603271,192.27800381183624,199.39000397920609,204.2160041332245,204.2160041332245,205.2320041656494,232.4100043773651,233.42600440979004,234.44200444221497,234.44200444221497,234.44200444221497,234.44200444221497,234.44200444221497,234.44200444221497,234.6960044503212,243.58600437641144,243.58600437641144,243.58600437641144,244.34800440073013,247.14200448989868,257.302004635334,258.5720046758652,258.5720046758652,259.08000469207764,259.5880047082901,266.1920048594475,278.1300048828125,278.1300048828125,278.1300048828125,295.9100054502487,295.9100054502487,295.9100054502487,295.9100054502487,295.9100054502487,295.9100054502487,309.11800569295883,317.75400561094284,319.27800565958023,322.58000576496124,325.3740058541298,326.8980059027672,353.56800669431686,374.3960070014,415.79800713062286,419.60800725221634,422.6560073494911,435.86400777101517,476.25000888109207,491.23600935935974,496.3160095214844,496.3160095214844,496.3160095214844,496.3160095214844,496.3160095214844,496.3160095214844,496.3160095214844,500.12600952386856,500.12600952386856,500.12600952386856,501.1420095562935,501.65000957250595,518.1600102186203,519.9380102753639,525.2720102667809
2023-05-26 17:30:00,Baja,6.29687785599998,-75.550789285,Media,Deslizamiento,Medellín,Comuna 2 Santa Cruz,La Francia,353.0,1,64.51600110530853,67.31000119447708,71.12000131607056,105.41000175476074,105.41000175476074,120.65000170469284,131.82600206136703,131.82600206136703,131.82600206136703,152.40000277757645,156.97200292348862,156.97200292348862,156.97200292348862,156.97200292348862,156.97200292348862,166.8780032992363,166.8780032992363,166.8780032992363,166.8780032992363,166.8780032992363,166.8780032992363,166.8780032992363,166.8780032992363,166.8780032992363,166.8780032992363,166.8780032992363,171.95800346136093,175.7680035829544,192.27800410985947,193.80200415849686,233.6800053715706,234.18800538778305,236.9820053577423,238.25200539827347,251.9680057168007,264.9220055937767,265.43000560998917,265.43000560998917,265.93800562620163,284.22600597143173,291.3380061388016,291.3380061388016,294.6400062441826,294.8940062522888,294.8940062522888,294.8940062522888,294.8940062522888,294.8940062522888,295.14800626039505,296.4180063009262,296.4180063009262,296.9260063171387,304.54600644111633,305.0540064573288,317.2460065484047,317.2460065484047,318.51600658893585,318.51600658893585,325.88200664520264,331.2160068154335,337.8200069665909,337.8200069665909,386.3340083360672,386.3340083360672,386.3340083360672,386.3340083360672,386.3340083360672,386.3340083360672,415.2900094985962,415.5440095067024,416.8140095472336,437.134009540081,439.1660096049309,440.1820096373558,468.1220105290413,479.04401087760925,484.3780110478401,484.3780110478401,488.1880111694336,499.3640115261078,499.87201154232025,509.2700118422508,512.0640119314194,512.0640119314194,512.0640119314194,512.0640119314194,512.0640119314194,512.0640119314194,512.0640119314194,512.0640119314194,512.0640119314194,512.0640119314194,512.5720119476318,512.5720119476318,513.0800119638443,533.146012544632,540.0040126442909
2023-05-28 19:30:00,Baja,6.26233576111067,-75.6243686516549,Media,Deslizamiento,Medellín,Corregimiento 60 San Cristóbal,La Loma,53.0,1,42.16400074958801,59.43600142002106,86.86800223588943,86.86800223588943,86.86800223588943,123.69800335168839,123.69800335168839,140.4620037674904,148.5900040268898,148.5900040268898,148.5900040268898,177.29200494289398,191.26200503110886,191.26200503110886,191.26200503110886,191.26200503110886,191.26200503110886,234.95000624656677,234.95000624656677,234.95000624656677,236.22000628709793,236.22000628709793,236.22000628709793,236.22000628709793,236.22000628709793,236.22000628709793,236.22000628709793,236.22000628709793,244.0940065383911,248.92000669240952,267.71600729227066,267.9700073003769,271.0180073976517,273.8120074868202,276.6060074567795,276.6060074567795,280.9240075945854,288.7980078458786,299.97400814294815,299.97400814294815,300.73600816726685,305.308008313179,322.58000868558884,322.83400869369507,324.8660087585449,324.8660087585449,324.8660087585449,350.7740088701248,350.7740088701248,360.93400889635086,360.93400889635086,360.93400889635086,360.93400889635086,361.1880089044571,369.5700088739395,369.82400888204575,371.34800893068314,371.34800893068314,371.34800893068314,372.11000895500183,373.380008995533,375.6660090684891,404.87600940465927,404.87600940465927,431.546010017395,431.546010017395,431.80001002550125,441.1980100274086,441.1980100274086,441.1980100274086,449.32601022720337,452.1200103163719,452.1200103163719,452.6280103325844,454.91401040554047,456.43801045417786,489.71201145648956,503.4280118942261,539.4960121512413,539.4960121512413,543.3060122728348,571.2460129857063,573.02401304245,580.8980132937431,584.4540134072304,584.4540134072304,584.4540134072304,584.4540134072304,584.4540134072304,584.4540134072304,584.4540134072304,591.5660134553909,591.5660134553909,591.5660134553909,591.5660134553909,591.5660134553909,591.5660134553909
2023-05-29 02:30:00,Baja,6.27601394190296,-75.6348783152079,Media,Otro,Medellín,Corregimiento 60 San Cristóbal,La Loma,27.0,1,30.48000055551529,57.15000128746033,62.738001346588135,87.37600213289261,87.37600213289261,123.95200306177139,124.20600306987762,135.12800335884094,138.43000346422195,143.25600361824036,143.25600361824036,146.30400371551514,185.16600465774536,185.16600465774536,185.16600465774536,185.16600465774536,185.16600465774536,229.10800516605377,229.10800516605377,229.36200517416,230.37800520658493,230.37800520658493,230.37800520658493,230.37800520658493,230.37800520658493,230.37800520658493,230.37800520658493,230.37800520658493,233.4260053038597,234.69600534439087,242.57000559568405,255.0160059928894,261.87400621175766,262.3820062279701,263.39800626039505,266.44600635766983,266.44600635766983,272.5420065522194,281.178006708622,281.178006708622,281.68600672483444,288.5440069437027,305.56200724840164,308.86400735378265,309.3720073699951,309.3720073699951,309.3720073699951,320.54800778627396,320.54800778627396,330.2000078558922,330.2000078558922,330.2000078558922,330.4540078639984,330.70800787210464,333.24800795316696,333.24800795316696,334.2640079855919,334.2640079855919,334.2640079855919,334.5180079936981,335.0260080099106,343.15400826931,361.6960092186928,361.6960092186928,370.0780094861984,374.39600962400436,374.39600962400436,379.2220097184181,379.2220097184181,379.2220097184181,393.9540102481842,409.7020106315613,409.7020106315613,413.2580107450485,415.2900108098984,415.79801082611084,432.8160112500191,453.898011803627,473.45601242780685,485.6480126976967,490.7280128598213,505.7140132188797,516.6360135674477,518.4140136241913,524.7640138268471,526.7960138916969,526.7960138916969,526.7960138916969,526.7960138916969,526.7960138916969,526.7960138916969,535.9400139451027,535.9400139451027,535.9400139451027,535.9400139451027,535.9400139451027,537.2100139260292
2023-06-01 12:22:00,Baja,6.224094,-75.661217,Media,Flujo,Medellín,Corregimiento 80 San Antonio de Prado,El Salado,18.0,1,49.784000277519226,54.61000037193298,61.21400058269501,64.26200067996979,83.82000124454498,84.32800126075745,113.53800183534622,116.07800191640854,130.3020020723343,150.8760026693344,157.73400288820267,160.52800297737122,165.1000031232834,165.1000031232834,165.1000031232834,187.45200383663177,187.706003844738,189.2300038933754,189.48400390148163,189.48400390148163,198.62800401449203,205.23200398683548,205.99400401115417,205.99400401115417,205.99400401115417,205.99400401115417,205.99400401115417,205.99400401115417,205.99400401115417,205.99400401115417,205.99400401115417,213.86800426244736,240.79200506210327,244.09400516748428,260.3500056862831,260.8580057024956,261.36600571870804,261.36600571870804,262.12800574302673,262.12800574302673,263.3980057835579,269.4940059185028,283.9720060825348,293.87800592184067,296.6720060110092,338.5820063352585,350.01200634241104,350.2660063505173,350.2660063505173,356.87000644207,373.3800063729286,378.2060064673424,380.7460065484047,380.7460065484047,381.5080065727234,382.2700065970421,382.2700065970421,389.1280066370964,389.1280066370964,390.14400666952133,393.1920067667961,393.1920067667961,428.7520073056221,453.13600808382034,459.23200821876526,461.2640082836151,467.10600823163986,467.10600823163986,479.2980085015297,479.2980085015297,506.4760078191757,506.4760078191757,506.4760078191757,506.4760078191757,511.55600798130035,515.3660078644753,516.3820078969002,531.8760081529617,537.4640081524849,554.4820083975792,598.4240098595619,605.2820100784302,631.4440108537674,638.0480110645294,644.144011259079,657.352011680603,657.352011680603,669.5440120100975,682.2440122961998,682.2440122961998,682.2440122961998,682.2440122961998,682.2440122961998,686.8160121440887,691.1340121626854,691.6420121788979,691.6420121788979
2023-10-08 03:00:00,Baja,6.274915,-75.543359,Media,Caida de rocas,Medellín,Comuna 3 Manrique,Oriente,16.0,1,41.910000801086426,42.41800081729889,52.324001133441925,75.94600158929825,76.45400160551071,80.01000165939331,90.42400199174881,90.67800199985504,90.67800199985504,90.93200200796127,90.93200200796127,91.69400203227997,91.69400203227997,110.49000197649002,110.49000197649002,110.74400198459625,110.74400198459625,110.74400198459625,110.74400198459625,110.74400198459625,114.55400210618973,114.55400210618973,114.55400210618973,116.33200216293335,119.63400226831436,121.41200232505798,136.14400279521942,148.59000307321548,155.1940032839775,155.1940032839775,155.1940032839775,155.1940032839775,155.1940032839775,158.75000339746475,165.86200362443924,165.86200362443924,165.86200362443924,165.86200362443924,165.86200362443924,166.62400364875793,175.76800394058228,175.76800394058228,175.76800394058228,179.57800406217575,183.89600425958633,185.1660043001175,188.97600442171097,198.37400472164154,219.20200502872467,219.20200502872467,228.34600520133972,230.12400525808334,232.66400533914566,233.6800053715706,233.6800053715706,233.6800053715706,233.93400537967682,234.44200539588928,234.44200539588928,234.44200539588928,234.44200539588928,234.44200539588928,234.44200539588928,234.44200539588928,234.44200539588928,234.44200539588928,234.44200539588928,234.44200539588928,234.44200539588928,234.44200539588928,234.44200539588928,237.23600548505783,240.79200547933578,242.5700055360794,242.5700055360794,242.5700055360794,242.5700055360794,242.5700055360794,242.5700055360794,242.5700055360794,242.5700055360794,242.5700055360794,244.0940055847168,256.7940059900284,256.7940059900284,260.0960059762001,260.0960059762001,260.0960059762001,260.0960059762001,260.0960059762001,260.0960059762001,262.89000606536865,265.1760060787201,280.416006565094,288.5440068244934,288.5440068244934,298.7040070295334
2023-10-30 23:45:00,Baja,6.29394538416338,-75.5364410710598,Media,Deslizamiento,Medellín,Comuna 1 Popular,La Avanzada,352.0,1,39.37000107765198,56.89600169658661,56.89600169658661,60.45200181007385,78.23200231790543,80.51800239086151,83.82000249624252,125.47600364685059,125.47600364685059,129.03200376033783,133.60400390625,133.60400390625,133.60400390625,133.60400390625,135.63600397109985,135.63600397109985,136.14400398731232,137.6680040359497,137.6680040359497,137.6680040359497,137.6680040359497,137.6680040359497,139.70000410079956,165.3540044426918,168.14800453186035,208.78800600767136,230.37800639867783,230.63200640678406,241.55400639772415,251.71400672197342,251.71400672197342,251.71400672197342,251.96800673007965,251.96800673007965,252.47600674629211,252.47600674629211,255.77800673246384,255.77800673246384,260.60400688648224,260.60400688648224,260.60400688648224,260.60400688648224,260.60400688648224,262.38200694322586,262.38200694322586,262.38200694322586,266.7000070810318,268.73200714588165,268.9860071539879,300.9900080561638,308.3560082912445,309.62600833177567,309.62600833177567,309.62600833177567,309.62600833177567,309.62600833177567,316.48400843143463,321.81800854206085,321.81800854206085,321.81800854206085,321.81800854206085,321.81800854206085,331.9780088663101,331.9780088663101,331.9780088663101,331.9780088663101,340.36000913381577,340.86800915002823,341.3760091662407,355.0920096039772,366.2680099606514,377.1900102496147,377.1900102496147,387.8580106496811,387.8580106496811,389.3820106983185,390.65201073884964,390.65201073884964,390.65201073884964,390.65201073884964,390.65201073884964,390.65201073884964,390.65201073884964,390.65201073884964,390.65201073884964,390.65201073884964,390.65201073884964,390.65201073884964,390.65201073884964,390.65201073884964,390.65201073884964,390.65201073884964,390.65201073884964,390.9060107469559,393.4460108280182,396.49401074647903,397.25601077079773
2023-10-31 13:00:00,Baja,6.23740969200003,-75.535200493,Media,Deslizamiento,Medellín,Comuna 8 Villa Hermosa,San Antonio,44.0,1,37.592000246047974,67.31000131368637,67.31000131368637,68.3260013461113,86.36000198125839,93.21800202131271,93.21800202131271,103.88600236177444,104.14000236988068,104.14000236988068,108.96600246429443,112.01400256156921,112.01400256156921,116.5860025882721,117.09400260448456,117.85600262880325,117.85600262880325,128.27000284194946,128.27000284194946,128.27000284194946,128.27000284194946,128.27000284194946,128.77800285816193,159.5120034813881,161.79800355434418,173.4820041656494,175.26000422239304,193.04000467061996,195.8340047597885,195.8340047597885,205.99400508403778,205.99400508403778,205.99400508403778,205.99400508403778,205.99400508403778,206.50200510025024,215.1380050778389,215.1380050778389,215.64600509405136,215.64600509405136,215.64600509405136,215.64600509405136,215.64600509405136,215.64600509405136,221.99600529670715,221.99600529670715,221.99600529670715,225.5520054101944,228.8540055155754,228.8540055155754,247.65000599622726,252.98400616645813,252.98400616645813,252.98400616645813,252.98400616645813,252.98400616645813,252.98400616645813,268.9860063791275,268.9860063791275,269.24000638723373,269.24000638723373,269.24000638723373,269.24000638723373,279.14600670337677,279.14600670337677,279.14600670337677,279.14600670337677,284.48000687360764,284.48000687360764,292.35400688648224,312.166007399559,318.5160076022148,318.77000761032104,323.3420077562332,328.9300079345703,328.9300079345703,328.9300079345703,329.94600796699524,329.94600796699524,330.96200799942017,330.96200799942017,336.04200810194016,336.04200810194016,336.04200810194016,336.04200810194016,336.04200810194016,336.04200810194016,336.04200810194016,336.04200810194016,336.04200810194016,336.04200810194016,336.04200810194016,336.04200810194016,336.04200810194016,336.2960081100464,340.86800825595856,340.86800825595856
2023-10-31 18:00:00,Baja,6.27823252299999,-75.563779864,Media,Deslizamiento,Medellín,Comuna 4 Aranjuez,Aranjuez,558.0,1,46.73600149154663,53.84800171852112,53.84800171852112,54.35600173473358,71.12000226974487,75.43800234794617,77.47000241279602,105.15600311756134,106.68000316619873,108.96600317955017,109.72800320386887,114.30000334978104,114.30000334978104,114.30000334978104,114.55400335788727,114.8080033659935,114.8080033659935,114.8080033659935,120.39600348472595,120.39600348472595,120.39600348472595,120.39600348472595,120.39600348472595,147.3200038075447,148.0820038318634,151.13000392913818,173.22800463438034,186.1820049881935,195.07200503349304,195.07200503349304,204.21600532531738,204.21600532531738,204.21600532531738,204.21600532531738,204.21600532531738,204.97800534963608,204.97800534963608,224.79000622034073,225.04400622844696,225.04400622844696,225.04400622844696,225.04400622844696,225.04400622844696,225.04400622844696,228.85400635004044,228.85400635004044,228.85400635004044,232.6640064716339,235.7120065689087,236.22000658512115,259.080007314682,267.46200758218765,267.46200758218765,267.46200758218765,267.46200758218765,267.46200758218765,267.46200758218765,275.33600783348083,275.33600783348083,275.33600783348083,275.33600783348083,275.33600783348083,275.33600783348083,284.7340081334114,284.7340081334114,284.7340081334114,284.7340081334114,293.3700084090233,294.3860084414482,295.65600848197937,307.84800869226456,316.48400896787643,325.6280092597008,326.13600927591324,336.5500095486641,336.8040095567703,336.8040095567703,337.566009581089,337.566009581089,337.566009581089,337.566009581089,337.82000958919525,337.82000958919525,337.82000958919525,337.82000958919525,337.82000958919525,337.82000958919525,337.82000958919525,337.82000958919525,337.82000958919525,337.82000958919525,337.82000958919525,337.82000958919525,337.82000958919525,338.0740095973015,340.86800968647003,350.0120098590851
2023-10-31 19:00:00,Baja,6.29352892499998,-75.544483017,Media,Deslizamiento,Medellín,Comuna 1 Popular,Santo Domingo Savio No.1,352.0,1,43.688001215457916,61.21400183439255,61.21400183439255,61.21400183439255,75.94600230455399,82.55000245571136,84.83600252866745,100.58400291204453,129.79400378465652,129.79400378465652,133.35000389814377,137.92200404405594,137.92200404405594,137.92200404405594,137.92200404405594,139.9540041089058,139.9540041089058,140.46200412511826,141.98600417375565,141.98600417375565,141.98600417375565,141.98600417375565,141.98600417375565,160.52800452709198,169.67200458049774,172.97400468587875,213.1060061454773,234.69600653648376,245.8720065355301,245.8720065355301,256.03200685977936,256.03200685977936,256.03200685977936,256.2860068678856,256.2860068678856,256.79400688409805,256.79400688409805,260.0960068702698,264.9220070242882,264.9220070242882,264.9220070242882,264.9220070242882,264.9220070242882,264.9220070242882,266.7000070810318,266.7000070810318,266.7000070810318,271.01800721883774,273.0500072836876,273.3040072917938,305.3080081939697,313.9440084695816,313.9440084695816,313.9440084695816,313.9440084695816,313.9440084695816,313.9440084695816,326.1360086798668,326.1360086798668,326.1360086798668,326.1360086798668,326.1360086798668,326.1360086798668,336.29600900411606,336.29600900411606,336.29600900411606,336.29600900411606,344.6780092716217,345.18600928783417,346.71000933647156,360.17200976610184,370.58601009845734,381.50801038742065,381.50801038742065,392.17601078748703,392.17601078748703,393.7000108361244,394.9700108766556,394.9700108766556,394.9700108766556,394.9700108766556,394.9700108766556,394.9700108766556,394.9700108766556,394.9700108766556,394.9700108766556,394.9700108766556,394.9700108766556,394.9700108766556,394.9700108766556,394.9700108766556,394.9700108766556,394.9700108766556,394.9700108766556,395.2240108847618,397.7640109658241,400.812010884285
2023-10-31 21:00:00,Baja,6.29335389002527,-75.5465197667714,Media,Deslizamiento,Medellín,Comuna 1 Popular,Granizal,352.0,1,80.51800107955933,87.12200129032135,98.29800170660019,98.29800170660019,101.85400182008743,119.634002327919,121.92000240087509,133.8580026626587,166.87800365686417,166.87800365686417,170.4340037703514,175.00600391626358,175.00600391626358,175.00600391626358,175.00600391626358,177.03800398111343,177.03800398111343,177.5460039973259,179.0700040459633,179.0700040459633,179.0700040459633,179.0700040459633,179.0700040459633,196.08800435066223,206.75600445270538,209.55000454187393,250.19000601768494,271.7800064086914,282.95600640773773,282.95600640773773,293.116006731987,293.116006731987,293.116006731987,293.37000674009323,293.37000674009323,293.8780067563057,293.8780067563057,297.1800067424774,302.0060068964958,302.0060068964958,302.0060068964958,302.0060068964958,302.0060068964958,302.0060068964958,303.78400695323944,303.78400695323944,303.78400695323944,308.1020070910454,310.13400715589523,310.38800716400146,342.39200806617737,349.7580083012581,351.02800834178925,351.02800834178925,351.02800834178925,351.02800834178925,351.02800834178925,360.1720085144043,363.22000855207443,363.22000855207443,363.22000855207443,363.22000855207443,363.22000855207443,373.3800088763237,373.3800088763237,373.3800088763237,373.3800088763237,381.76200914382935,382.2700091600418,383.7940092086792,397.2560096383095,407.670009970665,418.5920102596283,418.5920102596283,429.2600106596947,429.2600106596947,430.78401070833206,432.0540107488632,432.0540107488632,432.0540107488632,432.0540107488632,432.0540107488632,432.0540107488632,432.0540107488632,432.0540107488632,432.0540107488632,432.0540107488632,432.0540107488632,432.0540107488632,432.0540107488632,432.0540107488632,432.0540107488632,432.0540107488632,432.0540107488632,432.30801075696945,434.84801083803177,437.8960107564926
2023-11-01 03:00:00,Baja,6.30058869997623,-75.5428517073776,Media,Deslizamiento,Medellín,Comuna 1 Popular,Santo Domingo Savio No.1,352.0,1,49.784000277519226,93.47200149297714,110.99800211191177,110.99800211191177,114.55400222539902,132.3340027332306,134.62000280618668,136.90600287914276,179.57800406217575,179.57800406217575,183.134004175663,187.70600432157516,187.70600432157516,187.70600432157516,187.70600432157516,189.73800438642502,189.73800438642502,190.24600440263748,191.77000445127487,191.77000445127487,191.77000445127487,191.77000445127487,191.77000445127487,191.77000445127487,219.45600485801697,222.25000494718552,262.8900064229965,284.480006814003,284.480006814003,295.6560068130493,305.56200712919235,305.8160071372986,305.8160071372986,306.0700071454048,306.0700071454048,306.5780071616173,306.5780071616173,309.880007147789,309.880007147789,314.7060073018074,314.7060073018074,314.7060073018074,314.7060073018074,314.7060073018074,316.484007358551,316.484007358551,316.484007358551,318.5160074234009,321.3100075125694,323.08800756931305,337.5660079717636,356.3620085120201,363.72800874710083,363.72800874710083,363.72800874710083,363.72800874710083,363.72800874710083,366.0140088200569,375.920008957386,375.920008957386,375.920008957386,375.920008957386,375.920008957386,376.4280089735985,386.0800092816353,386.0800092816353,386.0800092816353,391.1600094437599,394.9700095653534,395.47800958156586,398.52600967884064,411.9880101084709,431.2920106649399,431.2920106649399,440.6900110244751,441.96001106500626,443.48401111364365,444.7540111541748,444.7540111541748,444.7540111541748,444.7540111541748,444.7540111541748,444.7540111541748,444.7540111541748,444.7540111541748,444.7540111541748,444.7540111541748,444.7540111541748,444.7540111541748,444.7540111541748,444.7540111541748,444.7540111541748,444.7540111541748,444.7540111541748,444.7540111541748,447.54801124334335,450.5960111618042
2023-11-01 04:30:00,Baja,6.27422836620626,-75.5437238948611,Media,Deslizamiento,Medellín,Comuna 3 Manrique,Oriente,55.0,1,31.750000953674316,66.80200213193893,84.8360025882721,84.8360025882721,89.15400272607803,110.99800342321396,115.06200355291367,117.09400361776352,159.00400495529175,159.00400495529175,163.57600510120392,167.64000523090363,167.64000523090363,167.64000523090363,167.64000523090363,169.16400527954102,169.41800528764725,169.41800528764725,173.7360054254532,173.7360054254532,173.7360054254532,173.7360054254532,173.7360054254532,173.7360054254532,200.66000604629517,203.20000606775284,231.140006005764,263.3980066180229,263.3980066180229,266.95400673151016,266.95400673151016,266.95400673151016,266.95400673151016,267.9700067639351,267.9700067639351,267.9700067639351,268.7320067882538,283.7180076241493,283.7180076241493,283.97200763225555,283.97200763225555,283.97200763225555,283.97200763225555,283.97200763225555,286.51200771331787,287.27400773763657,287.27400773763657,287.27400773763657,292.86200791597366,297.1800080537796,302.006008207798,327.91400891542435,337.56600910425186,337.56600910425186,337.56600910425186,337.56600910425186,337.56600910425186,337.8200091123581,351.5360095500946,351.5360095500946,351.5360095500946,351.5360095500946,351.5360095500946,351.5360095500946,362.7120099067688,362.7120099067688,362.7120099067688,362.96600991487503,372.11001020669937,373.63401025533676,374.9040102958679,394.2080109119415,419.8620114326477,420.11601144075394,426.9740116596222,432.0540118217468,434.0860117673874,434.8480117917061,435.35601180791855,435.35601180791855,435.35601180791855,435.35601180791855,435.6100118160248,435.6100118160248,435.6100118160248,435.6100118160248,435.6100118160248,435.6100118160248,435.6100118160248,435.6100118160248,435.6100118160248,435.6100118160248,435.6100118160248,435.6100118160248,435.6100118160248,437.3880118727684,442.97601199150085
2023-11-01 05:00:00,Baja,6.28452763899998,-75.539514839,Media,Deslizamiento,Medellín,Comuna 3 Manrique,María Cano-Carambolas,55.0,1,31.750000953674316,66.80200213193893,84.8360025882721,84.8360025882721,89.15400272607803,110.99800342321396,115.06200355291367,117.09400361776352,159.00400495529175,159.00400495529175,163.57600510120392,167.64000523090363,167.64000523090363,167.64000523090363,167.64000523090363,169.16400527954102,169.41800528764725,169.41800528764725,173.7360054254532,173.7360054254532,173.7360054254532,173.7360054254532,173.7360054254532,173.7360054254532,200.66000604629517,203.20000606775284,231.140006005764,263.3980066180229,263.3980066180229,266.95400673151016,266.95400673151016,266.95400673151016,266.95400673151016,267.9700067639351,267.9700067639351,267.9700067639351,268.7320067882538,283.7180076241493,283.7180076241493,283.97200763225555,283.97200763225555,283.97200763225555,283.97200763225555,283.97200763225555,286.51200771331787,287.27400773763657,287.27400773763657,287.27400773763657,292.86200791597366,297.1800080537796,302.006008207798,327.91400891542435,337.56600910425186,337.56600910425186,337.56600910425186,337.56600910425186,337.56600910425186,337.8200091123581,351.5360095500946,351.5360095500946,351.5360095500946,351.5360095500946,351.5360095500946,351.5360095500946,362.7120099067688,362.7120099067688,362.7120099067688,362.96600991487503,372.11001020669937,373.63401025533676,374.9040102958679,394.2080109119415,419.8620114326477,420.11601144075394,426.9740116596222,432.0540118217468,434.0860117673874,434.8480117917061,435.35601180791855,435.35601180791855,435.35601180791855,435.35601180791855,435.6100118160248,435.6100118160248,435.6100118160248,435.6100118160248,435.6100118160248,435.6100118160248,435.6100118160248,435.6100118160248,435.6100118160248,435.6100118160248,435.6100118160248,435.6100118160248,435.6100118160248,437.3880118727684,442.97601199150085
2023-11-01 09:00:00,Baja,6.29520017800002,-75.550158242,Media,Deslizamiento,Medellín,Comuna 2 Santa Cruz,Villa del Socorro,353.0,1,75.4380019903183,109.2200037240982,125.4760040640831,125.4760040640831,129.5400041937828,141.4780045747757,143.0020046234131,143.0020046234131,181.8640058040619,181.8640058040619,188.4680061340332,188.72200614213943,193.80200630426407,193.80200630426407,201.42200636863708,201.93000638484955,202.438006401062,202.438006401062,203.45400643348694,203.45400643348694,203.45400643348694,203.45400643348694,203.45400643348694,203.45400643348694,228.09200686216354,228.09200686216354,251.96800708770752,268.47800731658936,270.51000732183456,313.94400840997696,313.94400840997696,322.58000868558884,322.58000868558884,322.58000868558884,322.58000868558884,322.58000868558884,323.59600871801376,327.91400867700577,327.91400867700577,328.67600870132446,328.67600870132446,328.67600870132446,328.67600870132446,328.67600870132446,328.67600870132446,331.2160087823868,331.2160087823868,331.2160087823868,336.0420089364052,339.5980090498924,340.1060090661049,368.80800926685333,376.93600952625275,376.93600952625275,376.93600952625275,376.93600952625275,376.93600952625275,376.93600952625275,386.58800983428955,386.58800983428955,386.58800983428955,386.58800983428955,386.58800983428955,386.58800983428955,396.7480101585388,396.7480101585388,396.7480101585388,396.7480101585388,403.0980103611946,403.6060103774071,404.87601041793823,417.5760106444359,435.3560110926628,435.3560110926628,439.1660112142563,445.7700114250183,447.04001146554947,447.04001146554947,449.0720115303993,449.0720115303993,449.0720115303993,449.0720115303993,449.32601153850555,449.32601153850555,449.32601153850555,449.32601153850555,449.32601153850555,449.32601153850555,449.32601153850555,449.32601153850555,449.32601153850555,449.32601153850555,449.32601153850555,449.32601153850555,449.32601153850555,449.5800115466118,465.07401192188263
2023-11-01 10:44:00,Baja,6.300944716,-75.54296297,Media,Otro,Medellín,Comuna 1 Popular,Santo Domingo Savio No.1,352.0,1,49.784000277519226,93.47200149297714,110.99800211191177,110.99800211191177,114.30000221729279,132.3340027332306,134.62000280618668,134.62000280618668,179.57800406217575,179.57800406217575,181.6100041270256,183.134004175663,187.70600432157516,187.70600432157516,187.70600432157516,189.4840043783188,189.73800438642502,189.73800438642502,191.77000445127487,191.77000445127487,191.77000445127487,191.77000445127487,191.77000445127487,191.77000445127487,219.45600485801697,219.45600485801697,262.8900064229965,266.70000654459,284.480006814003,295.6560068130493,295.6560068130493,305.8160071372986,305.8160071372986,306.0700071454048,306.0700071454048,306.0700071454048,306.5780071616173,309.880007147789,309.880007147789,314.7060073018074,314.7060073018074,314.7060073018074,314.7060073018074,314.7060073018074,314.7060073018074,316.484007358551,316.484007358551,316.484007358551,320.80200749635696,322.8340075612068,323.08800756931305,355.09200847148895,363.72800874710083,363.72800874710083,363.72800874710083,363.72800874710083,363.72800874710083,363.72800874710083,375.920008957386,375.920008957386,375.920008957386,375.920008957386,375.920008957386,375.920008957386,386.0800092816353,386.0800092816353,386.0800092816353,386.0800092816353,394.46200954914093,394.9700095653534,396.4940096139908,410.4640100598335,431.2920106649399,431.2920106649399,435.35601085424423,441.96001106500626,443.48401111364365,443.48401111364365,444.7540111541748,444.7540111541748,444.7540111541748,444.7540111541748,444.7540111541748,444.7540111541748,444.7540111541748,444.7540111541748,444.7540111541748,444.7540111541748,444.7540111541748,444.7540111541748,444.7540111541748,444.7540111541748,444.7540111541748,444.7540111541748,444.7540111541748,445.00801116228104,450.5960111618042
2023-11-03 04:30:00,Baja,6.27137506100001,-75.598350136,Media,Deslizamiento,Medellín,Comuna 13 San Javier,El Pesebre,456.0,1,33.52800101041794,44.70400130748749,75.1840016245842,85.34400194883347,90.4240021109581,90.4240021109581,94.23400223255157,106.17200249433517,106.93400251865387,107.44200253486633,135.63600307703018,135.8900030851364,135.8900030851364,141.4780032634735,142.2400032877922,142.2400032877922,152.90800321102142,152.90800321102142,153.16200321912766,153.16200321912766,157.98800337314606,157.98800337314606,157.98800337314606,157.98800337314606,157.98800337314606,157.98800337314606,184.15000355243683,214.63000464439392,229.10800504684448,255.0160055756569,256.28600561618805,270.5100058913231,272.0340059399605,278.3840061426163,278.3840061426163,278.6380061507225,278.6380061507225,278.6380061507225,279.14600616693497,301.49800634384155,301.49800634384155,301.7520063519478,301.7520063519478,301.7520063519478,301.7520063519478,301.7520063519478,305.308006465435,306.32400649785995,306.32400649785995,306.32400649785995,310.8960066437721,313.1820067167282,319.27800691127777,342.392007291317,360.93400806188583,360.93400806188583,360.93400806188583,360.93400806188583,360.93400806188583,361.18800806999207,366.77600824832916,366.77600824832916,366.77600824832916,366.77600824832916,366.77600824832916,366.77600824832916,381.76200860738754,381.76200860738754,381.76200860738754,382.0160086154938,389.6360088586807,390.65200889110565,392.4300089478493,405.3840093612671,443.48401015996933,443.48401015996933,447.8020102381706,449.8340103030205,449.8340103030205,451.35801035165787,451.86601036787033,451.86601036787033,451.86601036787033,451.86601036787033,451.86601036787033,451.86601036787033,451.86601036787033,451.86601036787033,451.86601036787033,451.86601036787033,451.86601036787033,451.86601036787033,451.86601036787033,451.86601036787033,451.86601036787033,451.86601036787033,451.86601036787033
2023-11-17 20:00:00,Baja,6.215378547,-75.552553759,Media,Deslizamiento,Medellín,Comuna 14 El Poblado,Altos del Poblado,49.0,1,48.00600051879883,52.83200067281723,65.78600096702576,65.78600096702576,65.78600096702576,65.78600096702576,65.78600096702576,65.78600096702576,65.78600096702576,65.78600096702576,66.54800099134445,73.91400116682053,74.16800117492676,80.77200138568878,83.56600147485733,102.10800170898438,115.31600213050842,138.6840026974678,146.558002948761,156.97200292348862,157.48000293970108,157.7340029478073,177.03800344467163,178.05400347709656,184.40400367975235,184.40400367975235,184.40400367975235,188.97600382566452,189.23000383377075,189.23000383377075,189.23000383377075,218.44000416994095,221.48800420761108,221.48800420761108,221.99600422382355,231.90200424194336,231.90200424194336,233.42600429058075,233.42600429058075,233.42600429058075,253.74600481987,261.366004884243,261.366004884243,267.4620050787926,286.2580056190491,323.5960070490837,323.5960070490837,333.756007373333,333.756007373333,333.756007373333,334.26400738954544,334.26400738954544,334.5180073976517,334.5180073976517,342.1380076408386,342.9000076651573,342.9000076651573,342.9000076651573,342.9000076651573,342.9000076651573,342.9000076651573,349.7580078840256,349.7580078840256,349.7580078840256,354.0760080218315,357.3780081272125,357.63200813531876,378.20600867271423,384.3020088672638,384.3020088672638,384.3020088672638,384.3020088672638,384.3020088672638,384.3020088672638,398.0180093050003,402.33600944280624,402.5900094509125,402.5900094509125,402.5900094509125,402.5900094509125,413.004009783268,413.004009783268,413.004009783268,413.004009783268,418.0840099453926,418.0840099453926,422.1480100750923,439.92801064252853,447.5480108857155,451.35801088809967,452.62801092863083,464.0580112338066,464.0580112338066,464.0580112338066,465.83601129055023,465.83601129055023,465.83601129055023
2023-11-18 00:00:00,Media,6.33215214423384,-75.69432492483,Media,Caida de rocas,Medellín,Corregimiento 50 San Sebastián de Palmitas,Volcana Guayabal,4.0,1,55.626000583171844,59.69000065326691,89.40800130367279,89.40800130367279,89.40800130367279,89.40800130367279,89.40800130367279,89.40800130367279,89.40800130367279,91.44000136852264,91.69400137662888,101.85400170087814,135.12800246477127,150.6220029592514,165.10000324249268,185.16600358486176,202.18400394916534,213.868004322052,260.60400611162186,265.9380062818527,267.2080063223839,288.0360069870949,326.39000779390335,337.0580078959465,338.5820079445839,342.90000808238983,342.90000808238983,343.6620081067085,355.60000842809677,355.60000842809677,355.60000842809677,356.6160084605217,370.07800883054733,370.07800883054733,371.3480088710785,373.6340089440346,376.1740090250969,376.1740090250969,377.6980090737343,378.96800911426544,378.96800911426544,418.5920097231865,421.13200974464417,438.91200989484787,457.2000104188919,464.5660102367401,473.4560104608536,476.7580105662346,476.7580105662346,476.7580105662346,477.5200105905533,477.5200105905533,478.5360106229782,478.5360106229782,480.0600106716156,480.8220106959343,509.01601082086563,509.01601082086563,509.01601082086563,509.01601082086563,509.01601082086563,515.8740109205246,515.8740109205246,515.8740109205246,517.1440109610558,518.6680110096931,519.6840110421181,540.7660115361214,556.5140118002892,563.8800122141838,563.8800122141838,563.8800122141838,563.8800122141838,563.8800122141838,565.4040122628212,569.7220124006271,569.7220124006271,569.7220124006271,569.7220124006271,569.7220124006271,582.676012814045,582.676012814045,582.676012814045,582.676012814045,587.7560129761696,588.264012992382,588.264012992382,613.664013504982,629.4120140075684,630.174014031887,630.174014031887,636.2700142264366,636.2700142264366,647.1920146346092,659.3840150237083,659.3840150237083,661.6700149774551
2023-11-24 23:59:00,Baja,6.25010561200003,-75.636349625,Media,Deslizamiento,Medellín,Corregimiento 70 Altavista,El Corazón El Morro,17.0,1,32.25800085067749,32.25800085067749,32.25800085067749,32.25800085067749,33.27400088310242,35.05200093984604,50.29200142621994,60.9600014090538,68.32600146532059,81.2800018787384,81.2800018787384,81.2800018787384,81.2800018787384,81.2800018787384,81.2800018787384,81.2800018787384,90.67800199985504,93.21800208091736,97.02800220251083,98.29800224304199,107.44200253486633,109.72800260782242,119.12600290775299,123.69800305366516,148.0820039510727,159.76600432395935,163.57600444555283,163.83000445365906,166.11600452661514,195.32600510120392,196.0880051255226,196.59600514173508,204.47000539302826,204.47000539302826,204.97800540924072,210.82000559568405,210.82000559568405,210.82000559568405,212.59800559282303,214.8840056657791,214.8840056657791,215.6460056900978,220.47200578451157,220.47200578451157,220.47200578451157,220.47200578451157,220.47200578451157,223.26600587368011,236.22000628709793,237.4900063276291,239.77600640058517,249.17400670051575,251.2060067653656,273.050007045269,282.7020073533058,282.7020073533058,282.7020073533058,283.4640073776245,283.4640073776245,284.2260074019432,284.2260074019432,288.79800748825073,288.79800748825073,290.3220075368881,290.3220075368881,290.3220075368881,290.3220075368881,290.3220075368881,290.3220075368881,290.3220075368881,290.3220075368881,290.3220075368881,290.3220075368881,290.3220075368881,290.3220075368881,293.87800765037537,300.2280076742172,300.2280076742172,300.2280076742172,300.2280076742172,300.2280076742172,301.4980077147484,311.65800803899765,311.65800803899765,311.65800803899765,311.65800803899765,311.65800803899765,324.61200845241547,324.61200845241547,324.61200845241547,324.61200845241547,330.708008646965,330.96200865507126,330.96200865507126,370.8400093317032,379.9840096235275,386.84200978279114
2023-11-24 23:59:00,Baja,6.24646384300002,-75.620999859,Media,Deslizamiento,Medellín,Comuna 13 San Javier,Betania,17.0,1,32.25800085067749,32.25800085067749,32.25800085067749,32.25800085067749,33.27400088310242,35.05200093984604,50.29200142621994,60.9600014090538,68.32600146532059,81.2800018787384,81.2800018787384,81.2800018787384,81.2800018787384,81.2800018787384,81.2800018787384,81.2800018787384,90.67800199985504,93.21800208091736,97.02800220251083,98.29800224304199,107.44200253486633,109.72800260782242,119.12600290775299,123.69800305366516,148.0820039510727,159.76600432395935,163.57600444555283,163.83000445365906,166.11600452661514,195.32600510120392,196.0880051255226,196.59600514173508,204.47000539302826,204.47000539302826,204.97800540924072,210.82000559568405,210.82000559568405,210.82000559568405,212.59800559282303,214.8840056657791,214.8840056657791,215.6460056900978,220.47200578451157,220.47200578451157,220.47200578451157,220.47200578451157,220.47200578451157,223.26600587368011,236.22000628709793,237.4900063276291,239.77600640058517,249.17400670051575,251.2060067653656,273.050007045269,282.7020073533058,282.7020073533058,282.7020073533058,283.4640073776245,283.4640073776245,284.2260074019432,284.2260074019432,288.79800748825073,288.79800748825073,290.3220075368881,290.3220075368881,290.3220075368881,290.3220075368881,290.3220075368881,290.3220075368881,290.3220075368881,290.3220075368881,290.3220075368881,290.3220075368881,290.3220075368881,290.3220075368881,293.87800765037537,300.2280076742172,300.2280076742172,300.2280076742172,300.2280076742172,300.2280076742172,301.4980077147484,311.65800803899765,311.65800803899765,311.65800803899765,311.65800803899765,311.65800803899765,324.61200845241547,324.61200845241547,324.61200845241547,324.61200845241547,330.708008646965,330.96200865507126,330.96200865507126,370.8400093317032,379.9840096235275,386.84200978279114
2023-12-16 15:00:00,Baja,6.297920729,-75.542413543,Media,Deslizamiento,Medellín,Comuna 1 Popular,Santo Domingo Savio No.1,352.0,1,54.86400079727173,54.86400079727173,54.86400079727173,54.86400079727173,54.86400079727173,54.86400079727173,54.86400079727173,54.86400079727173,54.86400079727173,54.86400079727173,54.86400079727173,54.86400079727173,54.86400079727173,54.86400079727173,54.86400079727173,54.86400079727173,54.86400079727173,54.86400079727173,54.86400079727173,54.86400079727173,54.86400079727173,68.83400112390518,68.83400112390518,68.83400112390518,68.83400112390518,68.83400112390518,73.40600126981735,87.88400167226791,110.23600208759308,135.1280032992363,135.1280032992363,141.98600351810455,157.22600388526917,157.22600388526917,157.22600388526917,157.22600388526917,157.22600388526917,157.73400390148163,157.73400390148163,158.75000393390656,161.54400396347046,161.54400396347046,174.49800407886505,192.53200435638428,192.7860043644905,242.57000464200974,286.25800585746765,303.7840064764023,303.7840064764023,304.29200649261475,324.3580070734024,326.39000713825226,327.4060071706772,372.36400842666626,372.36400842666626,372.36400842666626,375.9200085401535,380.4920086860657,380.4920086860657,380.4920086860657,382.2700087428093,382.5240087509155,382.5240087509155,383.032008767128,384.5560088157654,384.5560088157654,384.5560088157654,384.5560088157654,384.5560088157654,412.2420092225075,412.2420092225075,449.58001095056534,455.67601078748703,477.2660111784935,488.4420111775398,488.4420111775398,498.6020115017891,498.6020115017891,498.6020115017891,498.8560115098953,498.8560115098953,499.3640115261078,502.6660115122795,502.6660115122795,507.4920116662979,507.4920116662979,507.4920116662979,507.4920116662979,507.4920116662979,507.4920116662979,509.27001172304153,509.27001172304153,509.27001172304153,513.5880118608475,515.6200119256973,515.8740119338036,547.8780128359795
2023-12-25 22:00:00,Baja,6.19241920338696,-75.6675393418217,Media,Flujo,Medellín,Corregimiento 80 San Antonio de Prado,Montañita,418.0,1,66.54800152778625,66.54800152778625,67.31000155210495,67.31000155210495,67.31000155210495,67.31000155210495,67.31000155210495,72.13600158691406,86.1060020327568,116.07800233364105,116.07800233364105,116.07800233364105,116.07800233364105,116.07800233364105,116.07800233364105,116.07800233364105,116.07800233364105,116.07800233364105,122.17400246858597,122.17400246858597,122.17400246858597,122.17400246858597,122.17400246858597,122.17400246858597,122.17400246858597,122.17400246858597,122.17400246858597,122.17400246858597,122.17400246858597,122.17400246858597,128.77800261974335,132.08000266551971,132.08000266551971,136.39800280332565,139.4460028409958,140.71600288152695,146.55800306797028,168.65600341558456,191.00800400972366,195.3260041475296,228.3460047841072,231.90200471878052,233.68000477552414,233.68000477552414,233.93400478363037,233.93400478363037,233.93400478363037,233.93400478363037,240.79200500249863,245.61800503730774,246.1260050535202,261.62000554800034,265.68400567770004,272.03400576114655,273.55800580978394,282.7020061016083,288.2900062799454,288.5440062880516,289.81400632858276,291.5920063853264,313.69000643491745,314.9600064754486,318.0080065727234,323.088006734848,330.20000660419464,336.80400681495667,351.2820071578026,351.2820071578026,351.2820071578026,351.79000717401505,363.9820075035095,363.9820075035095,363.9820075035095,383.540007352829,388.62000745534897,388.62000745534897,388.8740074634552,388.8740074634552,401.32000786066055,408.17800801992416,408.17800801992416,418.084008038044,425.4500082731247,431.0380084514618,460.2480093240738,472.4400094151497,472.4400094151497,472.4400094151497,482.8540097475052,482.8540097475052,483.1080097556114,488.442009806633,492.5060099363327,492.5060099363327,499.1100099682808,499.1100099682808,499.1100099682808
2024-04-21 23:30:00,Baja,6.2696192293194,-75.5398409474851,Media,Deslizamiento,Medellín,Comuna 3 Manrique,La Cruz,16.0,1,71.12000143527985,101.09200096130371,102.10800099372864,117.60200119018555,117.60200119018555,117.60200119018555,117.85600119829178,117.85600119829178,117.85600119829178,117.85600119829178,117.85600119829178,117.85600119829178,117.85600119829178,117.85600119829178,117.85600119829178,120.14200127124786,120.14200127124786,147.57400196790695,152.40000212192535,161.7980021238327,186.69000220298767,191.51600235700607,191.51600235700607,191.51600235700607,191.51600235700607,191.51600235700607,191.51600235700607,192.27800238132477,192.27800238132477,192.27800238132477,192.27800238132477,192.27800238132477,192.27800238132477,193.80200242996216,193.80200242996216,193.80200242996216,193.80200242996216,193.80200242996216,193.80200242996216,193.80200242996216,193.80200242996216,196.34200245141983,196.34200245141983,198.12000250816345,198.12000250816345,198.12000250816345,198.12000250816345,198.12000250816345,198.12000250816345,216.91600286960602,217.93200290203094,217.93200290203094,217.93200290203094,217.93200290203094,217.93200290203094,219.71000295877457,219.71000295877457,219.71000295877457,219.71000295877457,219.71000295877457,219.71000295877457,219.71000295877457,219.71000295877457,219.71000295877457,219.71000295877457,219.71000295877457,219.71000295877457,219.71000295877457,219.71000295877457,219.71000295877457,219.71000295877457,219.71000295877457,219.71000295877457,220.47200298309326,220.47200298309326,220.47200298309326,220.47200298309326,221.23400300741196,243.5860035419464,245.61800360679626,246.12600362300873,246.12600362300873,246.6340036392212,246.6340036392212,246.6340036392212,246.6340036392212,246.6340036392212,246.6340036392212,246.6340036392212,246.6340036392212,246.6340036392212,246.6340036392212,246.6340036392212,246.6340036392212,246.6340036392212,246.6340036392212,246.6340036392212
2024-04-22 10:00:00,Baja,6.2691588,-75.5473213,Media,Deslizamiento,Medellín,Comuna 3 Manrique,El Raizal,16.0,1,81.28000175952911,111.25200128555298,112.2680013179779,127.76200151443481,127.76200151443481,127.76200151443481,127.76200151443481,128.01600152254105,128.01600152254105,128.01600152254105,128.01600152254105,128.01600152254105,128.01600152254105,128.01600152254105,128.01600152254105,128.01600152254105,130.30200159549713,157.48000228405,162.56000244617462,171.19600242376328,196.85000252723694,201.67600268125534,201.67600268125534,201.67600268125534,201.67600268125534,201.67600268125534,201.67600268125534,202.43800270557404,202.43800270557404,202.43800270557404,202.43800270557404,202.43800270557404,202.43800270557404,202.43800270557404,203.96200275421143,203.96200275421143,203.96200275421143,203.96200275421143,203.96200275421143,203.96200275421143,203.96200275421143,203.96200275421143,206.5020027756691,206.5020027756691,208.28000283241272,208.28000283241272,208.28000283241272,208.28000283241272,208.28000283241272,227.07600319385529,228.0920032262802,228.0920032262802,228.0920032262802,228.0920032262802,228.0920032262802,229.87000328302383,229.87000328302383,229.87000328302383,229.87000328302383,229.87000328302383,229.87000328302383,229.87000328302383,229.87000328302383,229.87000328302383,229.87000328302383,229.87000328302383,229.87000328302383,229.87000328302383,229.87000328302383,229.87000328302383,229.87000328302383,229.87000328302383,229.87000328302383,229.87000328302383,230.63200330734253,230.63200330734253,230.63200330734253,230.88600331544876,232.91800338029861,255.77800393104553,256.286003947258,256.286003947258,256.286003947258,256.79400396347046,256.79400396347046,256.79400396347046,256.79400396347046,256.79400396347046,256.79400396347046,256.79400396347046,256.79400396347046,256.79400396347046,256.79400396347046,256.79400396347046,256.79400396347046,256.79400396347046,256.79400396347046
2024-05-02 12:00:00,Baja,6.19246789571275,-75.6674038151728,Media,Deslizamiento,Medellín,Corregimiento 80 San Antonio de Prado,Montañita,418.0,1,57.91200131177902,73.91400164365768,73.91400164365768,75.18400168418884,122.6820028424263,150.87600356340408,158.75000381469727,163.32200384140015,173.73600381612778,191.0080043077469,224.7900043129921,234.6960045695305,237.2360046505928,241.3000047802925,245.36400485038757,245.36400485038757,245.36400485038757,256.03200483322144,256.03200483322144,256.03200483322144,256.03200483322144,256.03200483322144,256.03200483322144,256.03200483322144,256.03200483322144,256.03200483322144,257.3020048737526,275.33600556850433,282.9560058116913,290.0680059790611,305.81600600481033,338.07400691509247,338.07400691509247,338.07400691509247,338.07400691509247,338.3280069231987,338.58200693130493,341.63000696897507,341.63000696897507,341.63000696897507,341.63000696897507,341.63000696897507,342.6460070014,344.67800706624985,352.0440071821213,352.0440071821213,352.0440071821213,352.0440071821213,352.0440071821213,353.8220072388649,353.8220072388649,355.6000072956085,356.8700073361397,356.8700073361397,359.6640074253082,359.91800743341446,359.91800743341446,359.91800743341446,359.91800743341446,382.2700075507164,382.2700075507164,382.2700075507164,382.2700075507164,382.2700075507164,382.2700075507164,398.52600783109665,398.52600783109665,398.52600783109665,398.52600783109665,398.52600783109665,398.52600783109665,398.52600783109665,398.52600783109665,398.52600783109665,398.52600783109665,398.52600783109665,398.52600783109665,398.52600783109665,398.52600783109665,398.52600783109665,398.52600783109665,398.52600783109665,398.52600783109665,398.52600783109665,401.57400792837143,401.57400792837143,401.57400792837143,401.57400792837143,407.41600811481476,437.6420084834099,450.0880087018013,450.0880087018013,450.0880087018013,459.99400889873505,459.99400889873505,480.3140087723732,484.1240088939667
2024-05-04 06:30:00,Baja,6.24289971,-75.54203293,Media,Otro,Medellín,Comuna 8 Villa Hermosa,El Pinal,551.0,1,48.26000100374222,57.40400129556656,90.42400228977203,98.55200254917145,106.42600280046463,106.42600280046463,116.33200299739838,128.27000349760056,135.12800365686417,136.39800369739532,143.00200390815735,165.60800451040268,196.34200531244278,212.59800535440445,214.88400542736053,241.55400568246841,241.55400568246841,241.55400568246841,241.55400568246841,241.80800569057465,241.80800569057465,241.80800569057465,241.80800569057465,241.80800569057465,241.80800569057465,241.80800569057465,241.80800569057465,241.80800569057465,244.09400576353073,261.1120062470436,265.1760063767433,282.7020066380501,287.5280067920685,298.1960070133209,298.1960070133209,298.1960070133209,298.1960070133209,298.9580070376396,298.9580070376396,298.9580070376396,298.9580070376396,298.9580070376396,298.9580070376396,298.9580070376396,305.0540069937706,305.0540069937706,307.3400070667267,307.3400070667267,307.3400070667267,307.3400070667267,307.3400070667267,307.3400070667267,307.3400070667267,307.3400070667267,308.61000710725784,308.61000710725784,310.6420071721077,310.6420071721077,310.6420071721077,310.6420071721077,310.6420071721077,327.91400706768036,330.4540071487427,330.4540071487427,330.4540071487427,330.4540071487427,330.4540071487427,330.4540071487427,330.4540071487427,330.4540071487427,330.4540071487427,330.4540071487427,338.32800698280334,338.32800698280334,338.32800698280334,338.32800698280334,338.32800698280334,338.32800698280334,338.32800698280334,338.32800698280334,338.32800698280334,338.32800698280334,338.32800698280334,338.32800698280334,338.32800698280334,339.09000700712204,340.3600070476532,352.2980075478554,352.2980075478554,355.34600764513016,355.34600764513016,385.31800812482834,385.8260081410408,385.8260081410408,385.8260081410408,387.6040081977844,387.6040081977844
2024-05-04 10:30:00,Baja,6.28457566621704,-75.6093251770118,Media,Deslizamiento,Medellín,Corregimiento 60 San Cristóbal,Pajarito,456.0,1,44.958001136779785,50.54600131511688,61.72200161218643,61.72200161218643,61.72200161218643,62.48400163650513,90.42400217056274,91.94800221920013,99.56800240278244,99.56800240278244,102.36200249195099,114.55400288105011,135.1280037164688,135.1280037164688,135.63600373268127,167.8940051794052,167.8940051794052,167.8940051794052,167.8940051794052,167.8940051794052,167.8940051794052,167.8940051794052,167.8940051794052,167.8940051794052,167.8940051794052,167.8940051794052,167.8940051794052,167.8940051794052,169.16400521993637,194.05600535869598,210.3120059967041,213.86800611019135,220.72600626945496,220.72600626945496,220.72600626945496,220.72600626945496,220.72600626945496,221.74200630187988,221.74200630187988,221.99600630998611,221.99600630998611,221.99600630998611,221.99600630998611,221.99600630998611,221.99600630998611,221.99600630998611,223.26600635051727,223.26600635051727,223.26600635051727,223.26600635051727,223.26600635051727,223.26600635051727,223.26600635051727,223.26600635051727,227.3300063610077,227.3300063610077,228.34600639343262,228.34600639343262,228.34600639343262,228.34600639343262,228.34600639343262,228.34600639343262,229.61600643396378,229.61600643396378,229.61600643396378,229.61600643396378,229.61600643396378,236.2200066447258,236.2200066447258,236.2200066447258,236.2200066447258,236.2200066447258,236.2200066447258,236.2200066447258,236.2200066447258,236.2200066447258,236.2200066447258,236.2200066447258,236.2200066447258,236.2200066447258,236.2200066447258,236.2200066447258,236.2200066447258,236.2200066447258,236.2200066447258,236.2200066447258,237.23600667715073,237.23600667715073,237.23600667715073,237.49000668525696,238.25200670957565,251.96800714731216,259.08000737428665,259.08000737428665,259.08000737428665,259.08000737428665,259.08000737428665
2024-05-14 16:00:00,Baja,6.29472696,-75.58045582,Media,Deslizamiento,Medellín,Comuna 6 Doce de Octubre,San Martín de Porres,241.0,1,30.226000547409058,30.226000547409058,33.020000636577606,35.05200070142746,41.40200090408325,56.896001398563385,81.28000193834305,81.28000193834305,81.78800195455551,81.78800195455551,142.24000358581543,142.24000358581543,180.34000420570374,181.10200423002243,182.62600427865982,182.62600427865982,209.2960051894188,211.07400524616241,217.17000544071198,217.17000544071198,222.50400561094284,235.45800602436066,278.6380066871643,280.41600674390793,280.67000675201416,313.43600791692734,313.43600791692734,313.43600791692734,313.43600791692734,313.43600791692734,313.43600791692734,313.43600791692734,313.43600791692734,313.43600791692734,313.43600791692734,313.43600791692734,313.43600791692734,313.43600791692734,315.7220079898834,343.15400791168213,356.3620082139969,363.72800838947296,367.030008494854,367.030008494854,367.030008494854,367.030008494854,367.030008494854,367.2840085029602,367.2840085029602,367.2840085029602,367.2840085029602,367.2840085029602,367.2840085029602,367.2840085029602,367.2840085029602,367.2840085029602,369.31600856781006,369.31600856781006,369.31600856781006,369.31600856781006,369.31600856781006,369.31600856781006,369.31600856781006,369.31600856781006,371.85600858926773,371.85600858926773,373.1260086297989,373.1260086297989,373.1260086297989,373.1260086297989,373.1260086297989,373.3800086379051,374.6500086784363,374.6500086784363,374.6500086784363,374.6500086784363,374.6500086784363,391.41400903463364,391.41400903463364,391.41400903463364,391.41400903463364,391.41400903463364,391.41400903463364,391.41400903463364,391.41400903463364,391.41400903463364,391.41400903463364,391.41400903463364,391.41400903463364,391.41400903463364,391.41400903463364,391.41400903463364,391.41400903463364,391.41400903463364,391.9220090508461,392.17600905895233,392.17600905895233
2024-05-15 09:00:00,Baja,6.2068644,-75.6048047,Media,Deslizamiento,Medellín,Comuna 16 Belén,El Rincón,22.0,1,36.57600146532059,36.57600146532059,36.57600146532059,51.054001688957214,53.08600175380707,62.48400205373764,90.67800283432007,107.95000332593918,108.71200335025787,109.47400337457657,111.50600343942642,187.4520047903061,188.46800482273102,213.86800515651703,213.86800515651703,213.86800515651703,214.12200516462326,227.58400529623032,229.8700053691864,236.9820055961609,237.23600560426712,242.06200575828552,250.6980060338974,257.3020062446594,260.85800635814667,261.1120063662529,265.9380065202713,265.9380065202713,266.44600653648376,268.4780066013336,268.4780066013336,268.4780066013336,268.4780066013336,268.4780066013336,268.4780066013336,268.4780066013336,268.4780066013336,268.4780066013336,268.4780066013336,270.25600665807724,300.9900068640709,309.88000708818436,313.69000720977783,315.7220072746277,321.3100073337555,323.5960074067116,323.5960074067116,323.5960074067116,323.5960074067116,323.5960074067116,333.5020076036453,333.5020076036453,333.5020076036453,333.5020076036453,333.5020076036453,334.51800763607025,334.51800763607025,337.05800771713257,337.05800771713257,337.05800771713257,337.05800771713257,337.05800771713257,337.05800771713257,337.05800771713257,337.05800771713257,338.58200776576996,338.58200776576996,351.028008043766,351.028008043766,351.028008043766,351.028008043766,351.028008043766,351.028008043766,352.04400807619095,352.04400807619095,352.04400807619095,352.04400807619095,352.04400807619095,368.55400800704956,368.55400800704956,368.55400800704956,368.55400800704956,368.55400800704956,368.55400800704956,368.55400800704956,368.55400800704956,368.55400800704956,368.55400800704956,368.55400800704956,368.55400800704956,368.55400800704956,368.55400800704956,368.55400800704956,368.55400800704956,368.55400800704956,368.55400800704956,368.55400800704956
2024-05-15 10:00:00,Baja,6.19957637396212,-75.593448913561,Media,Deslizamiento,Medellín,Comuna 15 Guayabal,El Rodeo,22.0,1,36.57600146532059,36.57600146532059,36.57600146532059,51.054001688957214,53.08600175380707,62.48400205373764,90.67800283432007,107.95000332593918,107.95000332593918,109.47400337457657,109.47400337457657,187.4520047903061,188.46800482273102,213.86800515651703,213.86800515651703,213.86800515651703,214.12200516462326,227.58400529623032,229.8700053691864,236.9820055961609,237.23600560426712,242.06200575828552,250.6980060338974,257.3020062446594,260.85800635814667,261.1120063662529,265.9380065202713,265.9380065202713,266.44600653648376,268.4780066013336,268.4780066013336,268.4780066013336,268.4780066013336,268.4780066013336,268.4780066013336,268.4780066013336,268.4780066013336,268.4780066013336,268.4780066013336,270.25600665807724,300.9900068640709,309.88000708818436,313.69000720977783,315.7220072746277,321.3100073337555,323.5960074067116,323.5960074067116,323.5960074067116,323.5960074067116,323.5960074067116,333.5020076036453,333.5020076036453,333.5020076036453,333.5020076036453,333.5020076036453,334.51800763607025,334.51800763607025,337.05800771713257,337.05800771713257,337.05800771713257,337.05800771713257,337.05800771713257,337.05800771713257,337.05800771713257,337.05800771713257,338.58200776576996,338.58200776576996,351.028008043766,351.028008043766,351.028008043766,351.028008043766,351.028008043766,351.028008043766,352.04400807619095,352.04400807619095,352.04400807619095,352.04400807619095,352.04400807619095,368.55400800704956,368.55400800704956,368.55400800704956,368.55400800704956,368.55400800704956,368.55400800704956,368.55400800704956,368.55400800704956,368.55400800704956,368.55400800704956,368.55400800704956,368.55400800704956,368.55400800704956,368.55400800704956,368.55400800704956,368.55400800704956,368.55400800704956,368.55400800704956,368.55400800704956
2024-05-15 11:00:00,Baja,6.23818785,-75.53879716,Media,Deslizamiento,Medellín,Comuna 8 Villa Hermosa,Villa Hermosa,551.0,1,37.84600085020065,37.84600085020065,37.84600085020065,45.21200108528137,46.990001142024994,67.81800162792206,80.26400202512741,130.55600380897522,130.55600380897522,131.57200384140015,131.57200384140015,189.99200516939163,199.13600546121597,232.15600645542145,240.28400671482086,248.15800696611404,248.15800696611404,258.0640071630478,270.00200766324997,276.8600078225136,278.13000786304474,284.73400807380676,307.3400086760521,338.0740094780922,354.33000952005386,356.61600959300995,383.2860098481178,383.2860098481178,383.2860098481178,383.2860098481178,383.54000985622406,383.54000985622406,383.54000985622406,383.54000985622406,383.54000985622406,383.54000985622406,383.54000985622406,383.54000985622406,383.54000985622406,385.82600992918015,402.844010412693,406.90801054239273,424.4340108036995,429.2600109577179,439.92801117897034,439.92801117897034,439.92801117897034,439.92801117897034,440.69001120328903,440.69001120328903,440.69001120328903,440.69001120328903,440.69001120328903,440.69001120328903,440.69001120328903,446.78601115942,446.78601115942,449.0720112323761,449.0720112323761,449.0720112323761,449.0720112323761,449.0720112323761,449.0720112323761,449.0720112323761,449.0720112323761,450.34201127290726,450.34201127290726,452.3740113377571,452.3740113377571,452.3740113377571,452.3740113377571,452.3740113377571,469.6460112333298,472.1860113143921,472.1860113143921,472.1860113143921,472.1860113143921,472.1860113143921,472.1860113143921,472.1860113143921,472.1860113143921,472.1860113143921,472.1860113143921,480.06001114845276,480.06001114845276,480.06001114845276,480.06001114845276,480.06001114845276,480.06001114845276,480.06001114845276,480.06001114845276,480.06001114845276,480.06001114845276,480.06001114845276,480.06001114845276,480.06001114845276,480.06001114845276
2024-05-15 14:40:00,Baja,6.21900725897521,-75.6352452007805,Media,Otro,Medellín,Corregimiento 70 Altavista,Buga Patio Bonito,8.0,1,41.148000478744514,43.68800055980683,43.68800055980683,52.83200085163117,54.35600090026856,65.02400124073029,101.85400193929672,117.85600244998932,117.85600244998932,119.12600249052048,119.12600249052048,153.92400342226028,154.9400034546852,215.13800418376923,218.18600422143936,218.18600422143936,218.18600422143936,229.10800457000732,231.3940046429634,237.23600471019745,245.1100046634674,248.66600477695465,261.11200517416,276.0980056524277,285.75000578165054,286.76600581407547,304.2920066714287,304.2920066714287,304.2920066714287,308.61000674963,309.37200677394867,309.37200677394867,309.37200677394867,309.37200677394867,309.37200677394867,309.37200677394867,309.37200677394867,309.37200677394867,309.37200677394867,311.4040068387985,336.55000710487366,343.4080073237419,347.72600746154785,349.7580075263977,349.7580075263977,350.26600754261017,350.26600754261017,350.26600754261017,350.26600754261017,350.26600754261017,352.55200761556625,352.55200761556625,352.55200761556625,352.55200761556625,352.55200761556625,352.55200761556625,352.55200761556625,356.36200761795044,356.36200761795044,356.36200761795044,356.36200761795044,356.36200761795044,356.36200761795044,356.36200761795044,356.36200761795044,359.6640076637268,359.6640076637268,362.9660077691078,363.98200780153275,363.98200780153275,363.98200780153275,363.98200780153275,364.236007809639,366.7760078907013,366.7760078907013,366.7760078907013,366.7760078907013,366.7760078907013,384.5560084581375,384.5560084581375,384.5560084581375,384.5560084581375,384.5560084581375,384.5560084581375,384.5560084581375,384.5560084581375,384.5560084581375,384.5560084581375,384.5560084581375,384.5560084581375,384.5560084581375,384.5560084581375,384.5560084581375,384.5560084581375,384.5560084581375,384.5560084581375,384.5560084581375
2024-05-15 23:00:00,Baja,6.23675013,-75.47640063,Media,Deslizamiento,Medellín,Corregimiento 90 Santa Elena,Barro Blanco,42.0,1,59.690001368522644,60.70600140094757,60.70600140094757,70.6120017170906,79.50200170278549,81.02600175142288,141.2240028977394,163.83000361919403,166.11600369215012,167.38600373268127,167.89400374889374,193.2940045595169,193.2940045595169,216.91600507497787,220.72600519657135,220.98000520467758,220.98000520467758,226.8220053911209,237.23600566387177,255.2700063586235,256.54000639915466,259.8420065045357,264.9220066666603,294.1320072412491,298.4500073194504,312.42000764608383,312.67400765419006,322.8340079188347,322.8340079188347,323.8500079512596,324.3580079674721,324.3580079674721,324.3580079674721,324.3580079674721,324.3580079674721,324.3580079674721,324.3580079674721,324.3580079674721,324.3580079674721,327.6600080728531,328.676008105278,345.18600833415985,371.8560084104538,382.77800887823105,390.9060090780258,395.7320090532303,395.7320090532303,395.7320090532303,396.7480090856552,400.5580092072487,400.5580092072487,400.5580092072487,400.5580092072487,400.5580092072487,400.5580092072487,400.5580092072487,402.3360092639923,405.3840093612671,405.3840093612671,405.3840093612671,405.3840093612671,405.3840093612671,406.1460093855858,406.1460093855858,406.400009393692,410.21000945568085,410.21000945568085,417.5760095715523,417.5760095715523,417.5760095715523,417.5760095715523,417.5760095715523,417.8300095796585,430.53000992536545,430.53000992536545,430.53000992536545,430.53000992536545,430.53000992536545,430.53000992536545,430.53000992536545,430.53000992536545,430.53000992536545,430.53000992536545,430.7840099334717,430.7840099334717,430.7840099334717,430.7840099334717,430.7840099334717,430.7840099334717,430.7840099334717,430.7840099334717,431.5460099577904,431.5460099577904,431.5460099577904,432.81600999832153,432.81600999832153,432.81600999832153
2024-05-16 11:00:00,Baja,6.23727947,-75.47809422,Media,Deslizamiento,Medellín,Corregimiento 90 Santa Elena,Barro Blanco,42.0,1,54.86400157213211,74.42200219631195,74.42200219631195,74.67600220441818,90.93200242519379,93.21800249814987,144.5260033607483,159.7660038471222,179.8320044875145,179.8320044875145,181.10200452804565,181.61000454425812,207.0100053548813,216.15400564670563,234.44200599193573,234.44200599193573,234.69600600004196,235.96600604057312,250.6980064511299,268.4780071377754,269.7480071783066,270.25600719451904,273.8120073080063,286.25800770521164,311.9120081067085,326.1360084414482,326.39000844955444,336.55000871419907,336.55000871419907,336.55000871419907,337.566008746624,338.07400876283646,338.07400876283646,338.07400876283646,338.07400876283646,338.07400876283646,338.07400876283646,338.07400876283646,338.07400876283646,338.07400876283646,341.37600886821747,358.14000910520554,384.8100091814995,393.7000095844269,404.36800986528397,409.44800984859467,409.44800984859467,409.44800984859467,409.44800984859467,414.27401000261307,414.27401000261307,414.27401000261307,414.27401000261307,414.27401000261307,414.27401000261307,414.27401000261307,415.79801005125046,416.0520100593567,419.10001015663147,419.10001015663147,419.10001015663147,419.10001015663147,419.3540101647377,419.86201018095016,419.86201018095016,420.3700101971626,423.9260102510452,423.9260102510452,431.29201036691666,431.29201036691666,431.29201036691666,431.29201036691666,431.29201036691666,444.2460107207298,444.2460107207298,444.2460107207298,444.2460107207298,444.2460107207298,444.2460107207298,444.2460107207298,444.2460107207298,444.2460107207298,444.2460107207298,444.2460107207298,444.50001072883606,444.50001072883606,444.50001072883606,444.50001072883606,444.50001072883606,444.50001072883606,444.50001072883606,444.50001072883606,445.26201075315475,445.26201075315475,445.26201075315475,446.5320107936859,446.5320107936859
2024-05-17 02:03:00,Baja,6.24930602,-75.54147577,Media,Deslizamiento,Medellín,Comuna 8 Villa Hermosa,Trece de Noviembre,499.0,1,33.27400082349777,86.61400216817856,111.7600023150444,111.7600023150444,119.88800257444382,123.19000267982483,126.74600279331207,150.62200343608856,166.62400394678116,230.37800574302673,232.15600579977036,232.15600579977036,277.36800652742386,291.8460069298744,322.58000779151917,339.852008163929,339.852008163929,343.15400826931,346.456008374691,351.0280085206032,371.60200917720795,372.8720092177391,383.2860092520714,385.57200932502747,407.16201001405716,456.43801122903824,484.88601183891296,486.41001188755035,509.5240119099617,509.5240119099617,511.55601197481155,511.55601197481155,512.064011991024,512.064011991024,512.064011991024,512.064011991024,512.064011991024,512.064011991024,512.064011991024,512.064011991024,512.064011991024,514.8580120801926,519.4300122261047,530.6060125231743,549.9100130796432,556.2600130438805,574.294013440609,580.898013651371,580.898013651371,580.898013651371,580.898013651371,580.898013651371,580.898013651371,580.898013651371,580.898013651371,580.898013651371,580.898013651371,580.898013651371,585.2160137295723,585.2160137295723,585.2160137295723,585.2160137295723,585.2160137295723,586.2320137619972,586.2320137619972,586.2320137619972,588.7720138430595,588.7720138430595,591.3120139241219,591.3120139241219,591.3120139241219,591.3120139241219,591.3120139241219,591.3120139241219,615.1880145668983,617.7280145287514,617.7280145287514,617.7280145287514,617.7280145287514,617.7280145287514,617.7280145287514,617.7280145287514,617.7280145287514,617.7280145287514,617.7280145287514,617.7280145287514,617.7280145287514,617.7280145287514,617.7280145287514,617.7280145287514,617.7280145287514,617.7280145287514,617.9820145368576,617.9820145368576,617.9820145368576,618.2360145449638,618.2360145449638
2024-05-21 18:00:00,Baja,6.26817717,-75.60244862,Media,Otro,Medellín,Comuna 12 La América,Calasanz Parte Alta,456.0,1,30.480000138282772,48.260000109672546,48.260000109672546,48.260000109672546,49.530000150203705,53.848000288009644,69.0880007147789,75.18400073051453,75.18400073051453,77.47000080347061,85.59800100326538,88.1380010843277,104.64800161123276,121.15800201892853,121.15800201892853,121.92000204324722,121.92000204324722,166.878003180027,166.878003180027,183.64200365543365,183.64200365543365,183.64200365543365,183.64200365543365,202.94600397348404,212.34400421380997,221.48800444602966,221.48800444602966,224.2820045351982,234.18800485134125,257.04800575971603,257.04800575971603,257.30200576782227,260.8580058813095,289.81400722265244,289.81400722265244,289.81400722265244,289.81400722265244,289.81400722265244,289.81400722265244,289.81400722265244,289.81400722265244,289.81400722265244,289.81400722265244,289.81400722265244,289.81400722265244,291.0840072631836,309.8800072669983,323.3420076370239,335.78800815343857,340.86800825595856,342.6460083127022,342.6460083127022,342.6460083127022,342.6460083127022,343.6620083451271,343.6620083451271,343.91600835323334,343.91600835323334,343.91600835323334,343.91600835323334,343.91600835323334,343.91600835323334,343.91600835323334,345.1860083937645,345.1860083937645,345.1860083937645,345.1860083937645,345.1860083937645,345.1860083937645,345.1860083937645,345.1860083937645,349.2500084042549,349.2500084042549,350.26600843667984,350.26600843667984,350.26600843667984,350.26600843667984,350.26600843667984,350.26600843667984,351.536008477211,351.536008477211,351.536008477211,351.536008477211,351.536008477211,358.140008687973,358.140008687973,358.140008687973,358.140008687973,358.140008687973,358.140008687973,358.140008687973,358.140008687973,358.140008687973,358.140008687973,358.140008687973,358.140008687973,358.140008687973
2024-05-21 18:00:00,Baja,6.27220874488114,-75.5970439249964,Media,Deslizamiento,Medellín,Comuna 13 San Javier,El Pesebre,456.0,1,30.480000138282772,48.260000109672546,48.260000109672546,48.260000109672546,49.530000150203705,53.848000288009644,69.0880007147789,75.18400073051453,75.18400073051453,77.47000080347061,85.59800100326538,88.1380010843277,104.64800161123276,121.15800201892853,121.15800201892853,121.92000204324722,121.92000204324722,166.878003180027,166.878003180027,183.64200365543365,183.64200365543365,183.64200365543365,183.64200365543365,202.94600397348404,212.34400421380997,221.48800444602966,221.48800444602966,224.2820045351982,234.18800485134125,257.04800575971603,257.04800575971603,257.30200576782227,260.8580058813095,289.81400722265244,289.81400722265244,289.81400722265244,289.81400722265244,289.81400722265244,289.81400722265244,289.81400722265244,289.81400722265244,289.81400722265244,289.81400722265244,289.81400722265244,289.81400722265244,291.0840072631836,309.8800072669983,323.3420076370239,335.78800815343857,340.86800825595856,342.6460083127022,342.6460083127022,342.6460083127022,342.6460083127022,343.6620083451271,343.6620083451271,343.91600835323334,343.91600835323334,343.91600835323334,343.91600835323334,343.91600835323334,343.91600835323334,343.91600835323334,345.1860083937645,345.1860083937645,345.1860083937645,345.1860083937645,345.1860083937645,345.1860083937645,345.1860083937645,345.1860083937645,349.2500084042549,349.2500084042549,350.26600843667984,350.26600843667984,350.26600843667984,350.26600843667984,350.26600843667984,350.26600843667984,351.536008477211,351.536008477211,351.536008477211,351.536008477211,351.536008477211,358.140008687973,358.140008687973,358.140008687973,358.140008687973,358.140008687973,358.140008687973,358.140008687973,358.140008687973,358.140008687973,358.140008687973,358.140008687973,358.140008687973,358.140008687973
2024-05-21 18:00:00,Baja,6.27963465605577,-75.6132180009716,Media,Deslizamiento,Medellín,Corregimiento 60 San Cristóbal,Área de Expansión Pajarito,456.0,1,30.480000138282772,48.260000109672546,48.260000109672546,48.260000109672546,49.530000150203705,53.848000288009644,69.0880007147789,75.18400073051453,75.18400073051453,77.47000080347061,85.59800100326538,88.1380010843277,104.64800161123276,121.15800201892853,121.15800201892853,121.92000204324722,121.92000204324722,166.878003180027,166.878003180027,183.64200365543365,183.64200365543365,183.64200365543365,183.64200365543365,202.94600397348404,212.34400421380997,221.48800444602966,221.48800444602966,224.2820045351982,234.18800485134125,257.04800575971603,257.04800575971603,257.30200576782227,260.8580058813095,289.81400722265244,289.81400722265244,289.81400722265244,289.81400722265244,289.81400722265244,289.81400722265244,289.81400722265244,289.81400722265244,289.81400722265244,289.81400722265244,289.81400722265244,289.81400722265244,291.0840072631836,309.8800072669983,323.3420076370239,335.78800815343857,340.86800825595856,342.6460083127022,342.6460083127022,342.6460083127022,342.6460083127022,343.6620083451271,343.6620083451271,343.91600835323334,343.91600835323334,343.91600835323334,343.91600835323334,343.91600835323334,343.91600835323334,343.91600835323334,345.1860083937645,345.1860083937645,345.1860083937645,345.1860083937645,345.1860083937645,345.1860083937645,345.1860083937645,345.1860083937645,349.2500084042549,349.2500084042549,350.26600843667984,350.26600843667984,350.26600843667984,350.26600843667984,350.26600843667984,350.26600843667984,351.536008477211,351.536008477211,351.536008477211,351.536008477211,351.536008477211,358.140008687973,358.140008687973,358.140008687973,358.140008687973,358.140008687973,358.140008687973,358.140008687973,358.140008687973,358.140008687973,358.140008687973,358.140008687973,358.140008687973,358.140008687973
2024-05-23 20:30:00,Baja,6.28803944,-75.60124339,Media,Deslizamiento,Medellín,Comuna 7 Robledo,Monteclaro,20.0,1,62.23000293970108,62.23000293970108,123.44400388002396,141.2240040898323,141.2240040898323,141.2240040898323,141.2240040898323,150.11400437355042,168.40200489759445,180.08600515127182,180.08600515127182,182.88000524044037,184.91200530529022,192.2780054807663,224.53600645065308,242.3160070180893,247.39600712060928,248.15800714492798,248.15800714492798,295.148008286953,295.148008286953,323.0880088210106,323.0880088210106,323.0880088210106,323.0880088210106,340.10600930452347,345.9480094909668,357.63200974464417,358.39400976896286,362.45800989866257,373.63401025533676,422.1480110883713,423.9260111451149,424.9420111775398,425.4500111937523,458.7240113019943,458.7240113019943,458.7240113019943,458.7240113019943,458.7240113019943,458.7240113019943,458.7240113019943,458.7240113019943,458.7240113019943,458.7240113019943,458.7240113019943,458.7240113019943,460.2480113506317,465.0740115046501,504.19001215696335,529.0820127725601,530.098012804985,530.3520128130913,531.3680128455162,531.3680128455162,531.3680128455162,531.3680128455162,531.3680128455162,531.3680128455162,548.8940131664276,548.8940131664276,548.8940131664276,548.8940131664276,548.8940131664276,548.8940131664276,550.1640132069588,550.1640132069588,550.1640132069588,550.1640132069588,550.1640132069588,550.1640132069588,550.1640132069588,550.1640132069588,553.974013209343,553.974013209343,554.4820132255554,554.4820132255554,554.4820132255554,554.4820132255554,554.4820132255554,555.2440132498741,556.7680132985115,556.7680132985115,556.7680132985115,556.7680132985115,556.7680132985115,556.7680132985115,568.1980131864548,568.1980131864548,568.1980131864548,568.1980131864548,568.1980131864548,568.1980131864548,568.1980131864548,568.1980131864548,568.1980131864548,568.1980131864548
2024-05-23 23:00:00,Baja,6.27964356,-75.61318049,Media,Deslizamiento,Medellín,Corregimiento 60 San Cristóbal,Área de Expansión Pajarito,456.0,1,43.68800109624863,43.68800109624863,103.12400186061859,121.41200184822083,121.41200184822083,121.41200184822083,121.66600185632706,125.73000198602676,142.24000245332718,148.3360024690628,148.3360024690628,150.6220025420189,152.65400260686874,160.02000278234482,176.27600330114365,189.73800373077393,194.3100037574768,195.0720037817955,195.0720037817955,239.2680048942566,240.0300049185753,255.778005361557,256.79400539398193,256.79400539398193,256.79400539398193,275.3360056877136,285.49600595235825,292.6080061197281,294.64000618457794,297.4340062737465,303.0220064520836,330.2000074982643,330.2000074982643,330.2000074982643,330.7080075144768,362.9660089612007,362.9660089612007,362.9660089612007,362.9660089612007,362.9660089612007,362.9660089612007,362.9660089612007,362.9660089612007,362.9660089612007,362.9660089612007,362.9660089612007,362.9660089612007,363.7280089855194,365.2520090341568,391.41400921344757,406.908009827137,410.210009932518,415.79801005125046,415.79801005125046,415.79801005125046,415.79801005125046,416.8140100836754,416.8140100836754,416.8140100836754,417.0680100917816,417.0680100917816,417.0680100917816,417.0680100917816,417.0680100917816,417.0680100917816,418.3380101323128,418.3380101323128,418.3380101323128,418.3380101323128,418.3380101323128,418.3380101323128,418.3380101323128,418.3380101323128,422.4020101428032,422.4020101428032,423.4180101752281,423.4180101752281,423.4180101752281,423.4180101752281,423.4180101752281,423.4180101752281,424.6880102157593,424.6880102157593,424.6880102157593,424.6880102157593,424.6880102157593,424.6880102157593,431.2920104265213,431.2920104265213,431.2920104265213,431.2920104265213,431.2920104265213,431.2920104265213,431.2920104265213,431.2920104265213,431.2920104265213,431.2920104265213
2024-05-24 08:30:00,Baja,6.27840541654882,-75.560584487671,Media,Deslizamiento,Medellín,Comuna 4 Aranjuez,Aranjuez,558.0,1,40.132001101970666,40.132001101970666,70.10400158166885,81.28000193834305,81.28000193834305,81.28000193834305,81.28000193834305,89.40800219774246,99.06000238656998,135.89000338315964,135.89000338315964,135.89000338315964,140.20800352096558,141.47800356149673,154.68600398302078,168.65600436925888,188.97600477933884,189.4840047955513,189.73800480365753,190.50000482797623,248.41200649738312,257.3020067811012,273.81200724840164,283.97200751304626,284.4800075292587,284.73400753736496,298.7040078639984,305.0540080666542,310.13400822877884,310.6420082449913,315.4680083990097,327.91400879621506,370.07801020145416,372.8720102906227,373.88801032304764,397.7640103697777,398.5260103940964,398.5260103940964,398.5260103940964,398.5260103940964,398.5260103940964,398.5260103940964,398.5260103940964,398.5260103940964,398.5260103940964,398.5260103940964,398.5260103940964,398.5260103940964,401.0660104751587,422.6560109257698,427.4820110797882,435.10201120376587,440.1820113658905,442.21401143074036,442.21401143074036,442.21401143074036,442.21401143074036,442.21401143074036,442.21401143074036,442.21401143074036,442.21401143074036,442.21401143074036,442.21401143074036,442.21401143074036,442.21401143074036,442.21401143074036,443.73801147937775,443.73801147937775,443.73801147937775,443.73801147937775,443.73801147937775,443.73801147937775,443.73801147937775,443.73801147937775,445.51601153612137,445.51601153612137,447.04001158475876,447.04001158475876,447.04001158475876,447.04001158475876,447.04001158475876,449.0720116496086,450.34201169013977,450.34201169013977,450.34201169013977,450.34201169013977,450.34201169013977,471.6780119538307,471.6780119538307,471.6780119538307,471.6780119538307,471.6780119538307,471.6780119538307,471.6780119538307,471.6780119538307,471.6780119538307,471.6780119538307
2024-05-24 10:00:00,Baja,6.26998090112545,-75.58695830696,Media,Deslizamiento,Medellín,Comuna 7 Robledo,San Germán,60.0,1,36.32200103998184,36.32200103998184,69.59600138664246,98.04400211572647,98.04400211572647,98.04400211572647,98.04400211572647,103.8860023021698,109.98200249671936,133.8580031991005,133.8580031991005,133.8580031991005,140.2080034017563,148.3360036611557,159.00400400161743,169.41800433397293,189.99200493097305,189.99200493097305,191.2620049715042,191.2620049715042,236.72800642251968,242.06200659275055,259.08000695705414,259.08000695705414,259.08000695705414,259.5880069732666,275.08200746774673,277.3680075407028,285.75000780820847,286.25800782442093,289.0520079135895,299.7200082540512,314.4520084261894,315.2140084505081,316.7380084991455,326.6440086364746,326.6440086364746,326.6440086364746,326.6440086364746,326.6440086364746,326.6440086364746,326.6440086364746,326.6440086364746,326.6440086364746,326.6440086364746,326.6440086364746,326.6440086364746,326.6440086364746,327.1520086526871,338.5820090174675,339.5980090498924,350.26600939035416,365.2520098090172,368.5540099143982,368.5540099143982,368.5540099143982,368.5540099143982,368.5540099143982,368.5540099143982,368.5540099143982,368.5540099143982,368.5540099143982,368.5540099143982,368.5540099143982,368.5540099143982,368.5540099143982,369.82400995492935,369.82400995492935,369.82400995492935,369.82400995492935,369.82400995492935,369.82400995492935,369.82400995492935,369.82400995492935,372.1100099682808,372.1100099682808,373.1260100007057,373.1260100007057,373.1260100007057,373.6340100169182,373.6340100169182,373.6340100169182,376.1740100979805,376.1740100979805,376.1740100979805,376.1740100979805,376.1740100979805,386.0800103545189,386.0800103545189,386.0800103545189,386.0800103545189,386.0800103545189,386.0800103545189,386.0800103545189,386.0800103545189,386.0800103545189,386.0800103545189
2024-05-24 17:00:00,Baja,6.2968266,-75.553067,Media,Deslizamiento,Medellín,Comuna 1 Popular,Moscú No.2,353.0,1,46.73600059747696,46.73600059747696,75.18400102853775,89.40800136327744,89.40800136327744,89.40800136327744,89.40800136327744,92.45600134134293,117.85600173473358,140.97000235319138,163.32200276851654,163.32200276851654,168.6560029387474,170.43400299549103,176.78400319814682,201.16800409555435,226.82200455665588,226.82200455665588,227.58400458097458,227.58400458097458,257.04800552129745,263.90600550174713,288.5440061688423,289.306006193161,300.4820061326027,307.0860062241554,323.34200644493103,325.6280065178871,341.6300068497658,341.6300068497658,347.4720070362091,359.91800743341446,420.37000888586044,424.1800090074539,424.43400901556015,458.47000885009766,458.47000885009766,458.7240088582039,458.7240088582039,458.7240088582039,458.7240088582039,458.7240088582039,458.7240088582039,458.7240088582039,458.7240088582039,458.7240088582039,458.7240088582039,458.7240088582039,459.99400889873505,469.6460091471672,495.55400907993317,499.36400920152664,503.42800933122635,504.4440093636513,506.2220094203949,506.2220094203949,506.2220094203949,506.2220094203949,506.2220094203949,506.2220094203949,506.2220094203949,506.2220094203949,506.2220094203949,506.2220094203949,506.2220094203949,506.2220094203949,507.49200946092606,507.49200946092606,507.49200946092606,507.49200946092606,507.49200946092606,507.49200946092606,507.49200946092606,507.49200946092606,508.7620095014572,508.7620095014572,509.5240095257759,509.5240095257759,509.5240095257759,509.5240095257759,509.5240095257759,513.5880097150803,514.0960097312927,514.0960097312927,514.0960097312927,514.0960097312927,514.0960097312927,519.4300099015236,519.4300099015236,519.4300099015236,519.4300099015236,519.4300099015236,519.4300099015236,519.4300099015236,519.4300099015236,519.4300099015236,519.4300099015236
2024-06-01 04:00:00,Baja,6.28886187,-75.65373452,Media,Deslizamiento,Medellín,Corregimiento 60 San Cristóbal,El Uvito,612.0,1,36.322000443935394,57.912000477313995,62.230000615119934,72.64400094747543,94.23400181531906,98.29800182580948,99.3140018582344,99.3140018582344,121.92000240087509,121.92000240087509,157.22600311040878,171.45000284910202,171.45000284910202,171.45000284910202,171.45000284910202,171.95800286531448,198.62800353765488,213.61400377750397,213.61400377750397,215.64600384235382,216.40800386667252,228.09200429916382,262.3820052742958,279.14600563049316,296.9260061979294,297.6880062222481,297.6880062222481,319.2780067920685,332.48600709438324,339.3440073132515,361.18800777196884,361.4420077800751,388.6200084090233,392.43000853061676,417.5760090351105,450.8500100970268,455.16801023483276,456.4380102753639,460.2480103969574,480.56801104545593,509.5240116715431,521.2080119252205,524.002012014389,537.2100124359131,538.7340124845505,538.7340124845505,538.7340124845505,538.7340124845505,538.7340124845505,538.7340124845505,538.7340124845505,538.7340124845505,538.7340124845505,538.7340124845505,538.7340124845505,538.7340124845505,539.2420125007629,570.2300129532814,589.5340132117271,610.108012855053,614.9340130090714,633.9840132594109,633.9840132594109,633.9840132594109,633.9840132594109,633.9840132594109,633.9840132594109,646.6840134263039,646.6840134263039,646.6840134263039,646.6840134263039,646.6840134263039,646.6840134263039,647.9540134072304,652.2720134854317,652.2720134854317,652.2720134854317,652.2720134854317,652.2720134854317,652.2720134854317,652.2720134854317,658.1140133142471,658.1140133142471,658.6220133304596,658.6220133304596,658.6220133304596,658.6220133304596,658.6220133304596,658.6220133304596,665.7340135574341,671.5760135650635,671.5760135650635,671.5760135650635,671.5760135650635,671.5760135650635,693.4200140833855,693.4200140833855
2024-06-09 03:00:00,Baja,6.2951939,-75.5545989,Media,Deslizamiento,Medellín,Comuna 2 Santa Cruz,Moscú No.1,353.0,1,95.50400221347809,95.50400221347809,95.50400221347809,95.50400221347809,101.60000228881836,104.39400237798691,111.50600236654282,111.50600236654282,117.34800255298615,135.1280027627945,138.4300028681755,150.3680032491684,162.306003510952,162.306003510952,162.56000351905823,163.32200354337692,209.2960041165352,209.55000412464142,246.88800483942032,251.96800488233566,251.96800488233566,251.96800488233566,252.2220048904419,262.38200467824936,293.1160056591034,325.88200628757477,325.88200628757477,329.9460064172745,332.99400651454926,336.5500066280365,355.0920073390007,367.7920077443123,389.3820080757141,390.1440081000328,390.1440081000328,408.6860086917877,426.46600902080536,443.230009496212,451.86600971221924,463.0420096516609,469.64600974321365,471.4240097999573,487.1720100045204,503.68201035261154,504.190010368824,507.2380104660988,512.3180106282234,523.7480109930038,582.9300124049187,586.9940125346184,590.8040125966072,621.0300123691559,621.2840123772621,621.2840123772621,621.2840123772621,621.2840123772621,621.2840123772621,621.2840123772621,621.2840123772621,621.2840123772621,621.2840123772621,621.2840123772621,621.2840123772621,622.0460124015808,622.5540124177933,654.0500124692917,659.1300126314163,662.6860127449036,666.496012866497,668.7820129394531,668.7820129394531,668.7820129394531,668.7820129394531,668.7820129394531,668.7820129394531,668.7820129394531,668.7820129394531,668.7820129394531,668.7820129394531,668.7820129394531,668.7820129394531,668.7820129394531,670.0520129799843,670.0520129799843,670.0520129799843,670.0520129799843,670.0520129799843,670.0520129799843,670.0520129799843,671.3220130205154,671.3220130205154,672.0840130448341,672.0840130448341,672.0840130448341,672.0840130448341,672.0840130448341,672.0840130448341
2024-06-09 08:00:00,Baja,6.29656578,-75.56387143,Media,Deslizamiento,Medellín,Comuna 5 Castilla,Belalcázar,376.0,1,121.6660019159317,121.6660019159317,121.6660019159317,121.6660019159317,128.2700019478798,130.30200201272964,140.71600204706192,140.71600204706192,141.73200207948685,174.49800235033035,176.5300024151802,191.51600289344788,201.93000322580338,201.93000322580338,202.1840032339096,202.43800324201584,254.0000035762787,255.52400362491608,303.78400433063507,315.21400463581085,315.21400463581085,315.4680046439171,315.4680046439171,316.484004676342,331.9780052304268,376.9360063672066,376.9360063672066,377.1900063753128,380.74600648880005,382.7780065536499,394.970006942749,407.1620072722435,434.8480079770088,435.3560079932213,435.3560079932213,437.64200806617737,466.5980088710785,474.72600930929184,489.4580094218254,510.28600937128067,510.79400938749313,513.8420094847679,526.7960097789764,536.1940100193024,540.5120101571083,540.5120101571083,546.6080103516579,556.7680106759071,607.0600113272667,611.6320114731789,612.3940114974976,656.0820122361183,656.0820122361183,656.0820122361183,656.0820122361183,656.0820122361183,656.0820122361183,656.0820122361183,656.0820122361183,656.0820122361183,656.0820122361183,656.0820122361183,656.0820122361183,656.0820122361183,657.6060122847557,686.8160133361816,692.9120134711266,694.6900135278702,700.7860137224197,701.040013730526,701.040013730526,701.040013730526,701.040013730526,701.040013730526,701.040013730526,701.040013730526,701.040013730526,701.040013730526,701.040013730526,701.040013730526,701.040013730526,701.040013730526,703.326013803482,703.326013803482,703.326013803482,703.326013803482,703.326013803482,703.326013803482,703.326013803482,703.326013803482,703.8340138196945,703.8340138196945,704.8500138521194,704.8500138521194,704.8500138521194,704.8500138521194,704.8500138521194
2024-06-09 12:00:00,Baja,6.31164206313797,-75.5595900638633,Media,Deslizamiento,Medellín,Comuna 5 Castilla,Las Brisas,89.0,1,99.31400179862976,99.31400179862976,99.31400179862976,99.31400179862976,105.15600192546844,107.69600200653076,126.4920026063919,126.4920026063919,126.4920026063919,160.5280030965805,160.78200310468674,173.73600351810455,182.37200379371643,182.37200379371643,182.37200379371643,185.67400389909744,235.96600437164307,235.96600437164307,263.90600448846817,290.8300051689148,290.8300051689148,290.8300051689148,290.8300051689148,291.33800518512726,311.1500055193901,353.06000661849976,353.06000661849976,353.06000661849976,356.36200672388077,357.88600677251816,370.0780071616173,381.7620074748993,388.87400764226913,388.87400764226913,389.3820076584816,389.3820076584816,423.9260084629059,426.21200853586197,450.3420090675354,461.51800924539566,461.51800924539566,462.28000926971436,475.2340097427368,481.3300099372864,484.37801003456116,484.37801003456116,489.4580101966858,500.1260105371475,530.0980115532875,536.1940117478371,536.9560117721558,582.9300128221512,582.9300128221512,582.9300128221512,582.9300128221512,582.9300128221512,582.9300128221512,582.9300128221512,582.9300128221512,582.9300128221512,582.9300128221512,582.9300128221512,582.9300128221512,582.9300128221512,583.9460128545761,608.3300133347511,612.9020134806633,617.7280134558678,622.3000136017799,622.3000136017799,622.3000136017799,622.3000136017799,622.3000136017799,622.3000136017799,622.3000136017799,622.3000136017799,622.3000136017799,622.3000136017799,622.3000136017799,622.3000136017799,622.3000136017799,622.3000136017799,623.8240136504173,623.8240136504173,623.8240136504173,623.8240136504173,623.8240136504173,623.8240136504173,623.8240136504173,623.8240136504173,624.586013674736,624.586013674736,625.602013707161,625.602013707161,625.602013707161,625.602013707161,625.602013707161
2024-06-09 18:00:00,Baja,6.3033664,-75.5465935,Media,Deslizamiento,Medellín,Comuna 1 Popular,Popular,154.0,1,52.32400095462799,52.32400095462799,52.32400095462799,52.32400095462799,52.57800096273422,59.1820011138916,64.26200127601624,72.39000129699707,72.39000129699707,109.47400158643723,111.76000165939331,124.71400207281113,132.5880023241043,132.84200233221054,132.84200233221054,132.84200233221054,178.30800265073776,178.30800265073776,193.04000252485275,206.50200271606445,206.50200271606445,206.50200271606445,206.50200271606445,207.51800274848938,230.88600325584412,255.27000403404236,259.0800040960312,259.0800040960312,261.6200041770935,262.63600420951843,268.47800439596176,289.8140050172806,306.8320055603981,306.8320055603981,307.5940055847168,307.5940055847168,326.13600611686707,328.1680061817169,346.4560063481331,346.4560063481331,346.96400636434555,362.45800626277924,368.5540064573288,370.58600652217865,382.0160068869591,382.2700068950653,385.5720070004463,397.76400738954544,420.8780078291893,424.43400794267654,425.95800799131393,438.4040081501007,455.6760085821152,456.18400859832764,456.18400859832764,456.18400859832764,456.18400859832764,456.18400859832764,456.18400859832764,456.18400859832764,456.18400859832764,456.18400859832764,456.18400859832764,456.18400859832764,457.708008646965,464.5660088658333,482.6000095009804,486.41000962257385,494.2840098142624,495.0460098385811,496.062009871006,496.062009871006,496.062009871006,496.062009871006,496.062009871006,496.062009871006,496.062009871006,496.062009871006,496.062009871006,496.062009871006,496.062009871006,496.062009871006,497.07800990343094,497.07800990343094,497.07800990343094,497.07800990343094,497.07800990343094,497.07800990343094,497.07800990343094,497.07800990343094,497.5860099196434,497.5860099196434,497.84000992774963,497.84000992774963,497.84000992774963,497.84000992774963,497.84000992774963
2024-06-11 11:00:00,Baja,6.28062433,-75.54357725,Media,Deslizamiento,Medellín,Comuna 3 Manrique,San José La Cima No.1,55.0,1,34.29000061750412,55.372001111507416,108.96600210666656,108.96600210666656,108.96600210666656,108.96600210666656,111.50600218772888,115.57000231742859,120.90400236845016,120.90400236845016,120.90400236845016,143.00200283527374,144.01800286769867,155.95600324869156,170.43400371074677,170.43400371074677,170.43400371074677,171.70400375127792,199.13600438833237,199.3900043964386,202.18400448560715,213.86800473928452,213.86800473928452,213.86800473928452,213.86800473928452,232.66400504112244,252.22200524806976,286.25800597667694,286.25800597667694,286.25800597667694,290.32200610637665,291.84600615501404,307.848006606102,327.6600070595741,350.01200753450394,350.01200753450394,351.02800756692886,351.02800756692886,394.97000843286514,403.35200864076614,422.14800894260406,422.14800894260406,422.4020089507103,424.43400901556015,446.5320095419884,453.13600969314575,457.96200984716415,457.96200984716415,467.614009976387,479.5520103573799,513.5880106687546,530.0980110764503,556.5140116214752,572.5160122513771,572.7700122594833,572.7700122594833,572.7700122594833,572.7700122594833,572.7700122594833,572.7700122594833,572.7700122594833,572.7700122594833,572.7700122594833,572.7700122594833,572.7700122594833,572.7700122594833,574.8020123243332,598.1700130701065,603.5040131807327,605.7900132536888,613.6640133857727,624.3320137262344,624.3320137262344,624.3320137262344,624.3320137262344,624.3320137262344,624.3320137262344,625.0940137505531,625.0940137505531,625.0940137505531,625.0940137505531,625.0940137505531,625.0940137505531,625.0940137505531,626.6180137991905,626.6180137991905,626.6180137991905,626.6180137991905,626.6180137991905,626.6180137991905,626.6180137991905,626.6180137991905,628.9040138721466,628.9040138721466,630.9360139369965,630.9360139369965,630.9360139369965
2024-06-15 14:00:00,Baja,6.1901037,-75.5694576,Media,Deslizamiento,Medellín,Comuna 14 El Poblado,El Castillo,15.0,1,53.340001463890076,65.78600180149078,66.80200183391571,66.80200183391571,78.23200225830078,88.3920026421547,120.39600330591202,120.39600330591202,120.39600330591202,120.39600330591202,130.0480033159256,137.9220034480095,139.95400351285934,139.95400351285934,140.20800352096558,156.21000403165817,156.21000403165817,169.92600440979004,177.29200464487076,178.30800467729568,178.30800467729568,186.1820046901703,222.50400584936142,223.01200586557388,241.80800604820251,257.04800647497177,257.04800647497177,257.04800647497177,257.04800647497177,261.36600655317307,270.5100066661835,293.1160072684288,293.1160072684288,293.1160072684288,309.62600737810135,310.8960074186325,323.8500076532364,339.3440081477165,357.378008723259,357.378008723259,359.1560087800026,359.1560087800026,408.9400100708008,408.9400100708008,436.3720110654831,446.0240113735199,446.0240113735199,446.0240113735199,485.6480122208595,490.2200123667717,505.71401286125183,508.5080129504204,523.7480130791664,534.1620134115219,538.2260135412216,544.5760136842728,548.6400138139725,573.0240144729614,573.0240144729614,573.5320144891739,574.802014529705,574.802014529705,574.802014529705,574.802014529705,574.802014529705,574.802014529705,574.802014529705,574.802014529705,574.802014529705,574.802014529705,578.3580146431923,594.1060150265694,595.6300150752068,602.2340152263641,603.5040152668953,610.3620153069496,616.458015203476,616.458015203476,616.458015203476,620.0140151977539,620.0140151977539,620.0140151977539,620.0140151977539,620.0140151977539,620.0140151977539,620.0140151977539,620.2680152058601,620.2680152058601,623.8240153193474,623.8240153193474,623.8240153193474,623.8240153193474,623.8240153193474,623.8240153193474,623.8240153193474,623.8240153193474,626.1100153326988
2024-06-19 18:00:00,Baja,6.27081412506656,-75.6310862939251,Media,Deslizamiento,Medellín,Corregimiento 60 San Cristóbal,La Loma,27.0,1,49.2759997844696,49.2759997844696,49.2759997844696,66.29400026798248,79.75600069761276,84.32800084352493,85.34400087594986,85.34400087594986,89.91600102186203,90.4240010380745,109.22000169754028,109.22000169754028,109.22000169754028,109.22000169754028,110.9980017542839,117.3480019569397,119.63400202989578,119.63400202989578,119.63400202989578,137.41400212049484,137.41400212049484,147.5740024447441,154.94000267982483,163.830002784729,163.830002784729,164.33800280094147,189.48400348424911,189.48400348424911,207.77200382947922,231.39400428533554,242.82400459051132,242.82400459051132,242.82400459051132,244.09400463104248,253.23800492286682,269.49400544166565,273.55800557136536,273.55800557136536,277.36800569295883,282.1940057873726,284.98800587654114,303.2760064601898,322.3260070681572,322.3260070681572,323.0880070924759,323.0880070924759,362.7120077610016,362.7120077610016,376.4280080795288,376.4280080795288,376.4280080795288,376.4280080795288,388.62000846862793,389.1280084848404,398.0180087685585,398.27200877666473,401.0660088658333,410.2100091576576,428.4980097413063,438.4040099978447,438.6580100059509,442.4680101275444,470.9160105586052,470.9160105586052,474.9800105690956,474.9800105690956,474.9800105690956,474.9800105690956,474.9800105690956,474.9800105690956,474.9800105690956,474.9800105690956,474.9800105690956,474.9800105690956,475.4880105853081,485.1400108933449,490.728011071682,494.53801119327545,495.8080112338066,496.5700112581253,496.5700112581253,496.5700112581253,496.5700112581253,496.82401126623154,496.82401126623154,501.1420114040375,501.1420114040375,501.1420114040375,501.1420114040375,501.1420114040375,501.1420114040375,501.1420114040375,501.3960114121437,501.3960114121437,501.3960114121437,501.3960114121437,501.3960114121437
2024-06-23 21:00:00,Baja,6.27351028,-75.61216409,Media,Otro,Medellín,Comuna 7 Robledo,Olaya Herrera,456.0,1,33.78200078010559,34.03600078821182,38.10000091791153,44.45000112056732,61.46800082921982,61.97600084543228,61.97600084543228,83.56600135564804,101.34600192308426,107.69600212574005,108.71200215816498,108.71200215816498,114.30000233650208,115.57000237703323,155.194002866745,155.194002866745,155.194002866745,155.194002866745,155.194002866745,165.35400313138962,167.38600319623947,170.4340033531189,170.4340033531189,175.76800352334976,183.8960035443306,195.32600390911102,204.21600407361984,225.80600464344025,225.80600464344025,226.56800466775894,234.69600492715836,272.7960058450699,272.7960058450699,332.7400066256523,350.5200065970421,350.5200065970421,350.5200065970421,350.7740066051483,356.1080067753792,371.34800720214844,377.44400721788406,377.44400721788406,379.73000729084015,381.76200735569,389.3820075392723,406.9080080986023,419.1000084877014,423.41800850629807,424.18000853061676,424.18000853061676,469.13800966739655,469.13800966739655,485.9020101428032,485.9020101428032,485.9020101428032,485.9020101428032,504.4440104365349,514.6040107011795,522.9860109090805,523.7480109333992,526.5420110225677,535.1780112981796,559.3080122470856,559.3080122470856,559.5620122551918,560.0700122714043,592.074013710022,592.074013710022,592.074013710022,592.074013710022,592.074013710022,592.074013710022,592.074013710022,592.074013710022,592.074013710022,592.074013710022,592.074013710022,592.074013710022,592.8360137343407,596.9000138640404,620.7760139703751,638.0480146408081,643.1280147433281,644.9060148000717,644.9060148000717,644.9060148000717,644.9060148000717,645.9220148324966,645.9220148324966,645.9220148324966,646.1760148406029,646.1760148406029,646.1760148406029,646.1760148406029,646.1760148406029,646.1760148406029,647.446014881134
2024-06-26 08:00:00,Baja,6.25177484030786,-75.5390564333476,Media,Deslizamiento,Medellín,Comuna 8 Villa Hermosa,Villatina,499.0,1,44.19600033760071,50.29200053215027,58.166000723838806,81.02600145339966,81.53400146961212,84.83600157499313,99.06000196933746,107.44200247526169,107.44200247526169,107.44200247526169,134.87400311231613,161.036003947258,170.6880042552948,171.4500042796135,171.4500042796135,183.8960046172142,194.56400442123413,218.94800478219986,219.71000480651855,219.71000480651855,219.71000480651855,227.5840048789978,228.60000491142273,246.38000535964966,246.38000535964966,247.39600539207458,299.46600645780563,303.2760065793991,314.4520069360733,336.2960070371628,336.2960070371628,340.86800718307495,340.86800718307495,376.42800813913345,377.19000816345215,384.30200839042664,403.60600900650024,403.60600900650024,403.60600900650024,403.60600900650024,437.6420098543167,471.6780105829239,516.1280113458633,516.1280113458633,516.890011370182,526.5420116782188,529.0820117592812,552.196012377739,567.4360128641129,634.7460147738457,636.2700148224831,636.5240148305893,641.0960149765015,696.2140159606934,719.0740165710449,744.2200171947479,744.2200171947479,747.5220173001289,748.0300173163414,755.3960175514221,771.9060180783272,777.240018248558,783.5900181531906,789.4320183396339,810.5140190124512,860.8060202598572,889.2540208697319,890.7780209183693,913.8920209407806,913.8920209407806,915.9240210056305,915.9240210056305,915.9240210056305,916.432021021843,916.432021021843,916.432021021843,916.432021021843,916.432021021843,916.432021021843,916.432021021843,916.432021021843,918.9720211029053,919.2260211110115,933.9580215215683,939.8000217080116,956.5640220046043,976.1220223903656,985.2660226821899,985.2660226821899,985.2660226821899,985.2660226821899,985.2660226821899,985.2660226821899,985.2660226821899,985.2660226821899,985.2660226821899,985.2660226821899
2024-06-26 10:00:00,Baja,6.26188207,-75.61782122,Media,Deslizamiento,Medellín,Comuna 13 San Javier,El Socorro,53.0,1,59.690001308918,62.99200141429901,66.8020014166832,100.0760018825531,100.0760018825531,103.63200199604034,140.97000288963318,154.17800295352936,154.17800295352936,154.17800295352936,186.69000363349915,204.47000420093536,214.12200450897217,214.12200450897217,214.3760045170784,221.74200475215912,240.538004219532,264.9220042824745,265.93800431489944,265.93800431489944,265.93800431489944,273.55800437927246,275.08200442790985,279.654004573822,279.654004573822,279.654004573822,311.1500057578087,311.1500057578087,320.54800605773926,332.74000638723373,332.74000638723373,333.75600641965866,333.75600641965866,354.5840068459511,354.5840068459511,377.9520070552826,413.25800758600235,413.25800758600235,413.25800758600235,413.25800758600235,415.036007642746,430.2760078907013,459.740008354187,459.740008354187,459.740008354187,465.3280085325241,468.88400864601135,479.5520089864731,492.5060093998909,510.7940099835396,510.7940099835396,511.8100100159645,511.8100100159645,543.0520107746124,546.1000108718872,558.0380112528801,558.0380112528801,558.0380112528801,559.8160113096237,570.2300116419792,572.5160117149353,578.8660119175911,580.1360119581223,583.4380120635033,597.6620125174522,628.1420132517815,628.9040132761002,634.7460134625435,672.8460131287575,672.8460131287575,679.7040131688118,679.7040131688118,679.7040131688118,679.7040131688118,679.7040131688118,679.7040131688118,679.7040131688118,679.7040131688118,679.7040131688118,679.7040131688118,679.7040131688118,680.7200132012367,693.1660135388374,697.7380136847496,702.564013838768,705.6120139360428,705.6120139360428,705.6120139360428,705.6120139360428,705.6120139360428,706.1200139522552,706.1200139522552,706.3740139603615,706.3740139603615,706.3740139603615,706.3740139603615,706.3740139603615
2024-06-26 13:27:00,Baja,6.26881188,-75.58520042,Media,Deslizamiento,Medellín,Comuna 7 Robledo,San Germán,60.0,1,39.370000779628754,42.926000893116,50.546000719070435,74.9300012588501,75.18400126695633,77.72400134801865,83.31200152635574,86.10600161552429,86.10600161552429,86.10600161552429,114.0460022687912,128.27000272274017,138.68400287628174,138.68400287628174,138.68400287628174,145.03400307893753,159.76600325107574,200.66000354290009,200.66000354290009,200.66000354290009,200.66000354290009,211.836003780365,212.85200381278992,217.4240039587021,217.4240039587021,217.4240039587021,235.96600437164307,235.96600437164307,246.12600469589233,265.43000519275665,265.6840052008629,265.6840052008629,266.95400524139404,302.5140062570572,303.2760062813759,336.5500066280365,364.9980073571205,364.9980073571205,364.9980073571205,364.9980073571205,370.5860075354576,376.9360077381134,400.81200844049454,400.81200844049454,400.81200844049454,405.63800859451294,415.29000890254974,425.9580092430115,436.372009575367,456.9460101723671,456.9460101723671,458.21601021289825,458.21601021289825,503.6820116639137,503.6820116639137,526.0340121984482,526.0340121984482,526.0340121984482,526.0340121984482,542.0360127091408,544.3220127820969,552.7040130496025,553.212013065815,556.0060131549835,566.6740134954453,581.4060136675835,582.1680136919022,582.6760137081146,593.5980138778687,593.5980138778687,593.5980138778687,593.5980138778687,593.5980138778687,593.5980138778687,593.5980138778687,593.5980138778687,593.5980138778687,593.5980138778687,593.5980138778687,593.5980138778687,593.5980138778687,594.1060138940811,605.5360142588615,606.5520142912865,616.2040145993233,632.2060150504112,635.5080151557922,635.5080151557922,635.5080151557922,635.5080151557922,635.5080151557922,635.5080151557922,635.5080151557922,635.5080151557922,635.5080151557922,635.5080151557922,635.5080151557922
2024-06-26 13:30:00,Baja,6.27052516,-75.61630802,Media,Deslizamiento,Medellín,Comuna 13 San Javier,Juan XXIII La Quiebra,456.0,1,61.976001143455505,65.27800124883652,72.64400136470795,99.06000202894211,99.31400203704834,103.37800216674805,126.74600207805634,127.2540020942688,127.2540020942688,127.2540020942688,148.84400260448456,166.62400317192078,173.9900034070015,173.9900034070015,173.9900034070015,179.83200359344482,182.37200367450714,220.4720041155815,220.4720041155815,220.4720041155815,220.4720041155815,229.6160043478012,230.63200438022614,235.7120046019554,235.7120046019554,235.7120046019554,249.17400479316711,250.19000482559204,260.60400515794754,291.08400589227676,291.08400589227676,291.08400589227676,291.84600591659546,337.3120070695877,338.0740070939064,367.53800773620605,415.7980078458786,415.7980078458786,415.7980078458786,415.7980078458786,417.322007894516,421.89400804042816,442.7220084667206,442.7220084667206,442.7220084667206,445.00800853967667,453.13600873947144,462.02600902318954,472.1860093474388,488.6960097551346,488.6960097551346,489.4580097794533,489.4580097794533,534.4160109162331,534.4160109162331,551.1800113916397,551.1800113916397,551.1800113916397,551.1800113916397,579.882011950016,581.4060119986534,589.0260121822357,589.0260121822357,591.8200122714043,604.0120126605034,624.5860134959221,624.5860134959221,624.8400135040283,657.3520149588585,657.3520149588585,657.3520149588585,657.3520149588585,657.3520149588585,657.3520149588585,657.3520149588585,657.3520149588585,657.3520149588585,657.3520149588585,657.3520149588585,657.3520149588585,657.3520149588585,658.6220149993896,683.5140151381493,699.7700157761574,703.3260158896446,710.1840160489082,710.1840160489082,710.1840160489082,710.1840160489082,710.1840160489082,711.2000160813332,711.2000160813332,711.4540160894394,711.4540160894394,711.4540160894394,711.4540160894394,711.4540160894394
2024-06-26 14:00:00,Baja,6.26922707188946,-75.6367832253511,Media,Deslizamiento,Medellín,Corregimiento 60 San Cristóbal,La Loma,27.0,1,53.59400087594986,55.37200093269348,59.43600106239319,86.10600179433823,86.10600179433823,91.18600195646286,149.35200196504593,149.35200196504593,149.35200196504593,149.35200196504593,166.3700024485588,179.8320028781891,185.42000305652618,185.42000305652618,185.42000305652618,189.99200320243835,193.5480033159256,209.2960038781166,209.2960038781166,209.2960038781166,209.2960038781166,215.90000408887863,217.42400413751602,219.7100042104721,219.7100042104721,219.7100042104721,237.49000430107117,237.49000430107117,247.65000462532043,263.6520049571991,263.9060049653053,263.9060049653053,264.4140049815178,289.56000566482544,289.81400567293167,307.84800601005554,342.90000677108765,342.90000677108765,342.90000677108765,342.90000677108765,344.1700068116188,354.07600712776184,373.6340077519417,373.6340077519417,373.6340077519417,377.44400787353516,382.2700079679489,392.93800830841064,403.35200864076614,422.4020092487335,422.4020092487335,423.1640092730522,423.1640092730522,462.7880099415779,462.7880099415779,476.50401026010513,476.50401026010513,476.50401026010513,476.75801026821136,489.2040106654167,491.74401074647903,498.0940109491348,498.6020109653473,501.1420110464096,512.0640113949776,536.1940121054649,538.480012178421,538.7340121865273,570.9920127391815,570.9920127391815,575.0560127496719,575.0560127496719,575.0560127496719,575.0560127496719,575.0560127496719,575.0560127496719,575.0560127496719,575.0560127496719,575.0560127496719,575.0560127496719,575.0560127496719,575.5640127658844,586.4860131144524,591.8200132846832,594.6140133738518,596.6460134387016,596.6460134387016,596.6460134387016,596.6460134387016,596.6460134387016,596.9000134468079,596.9000134468079,601.2180135846138,601.2180135846138,601.2180135846138,601.2180135846138,601.2180135846138
2024-06-26 14:00:00,Baja,6.27631443935555,-75.6430201164262,Media,Deslizamiento,Medellín,Corregimiento 60 San Cristóbal,La Palma,11.0,1,50.038000762462616,53.086000859737396,55.62600094079971,113.53800278902054,113.53800278902054,119.38000297546387,169.67200458049774,186.6900046467781,186.6900046467781,186.6900046467781,223.52000498771667,236.98200541734695,244.34800565242767,244.34800565242767,244.34800565242767,250.190005838871,257.0480059981346,276.35200649499893,276.8600065112114,276.8600065112114,276.8600065112114,283.2100065946579,285.496006667614,288.0360067486763,288.0360067486763,288.0360067486763,340.3600078821182,341.37600791454315,350.7740082144737,364.99800872802734,370.078008890152,370.078008890152,371.0940089225769,389.38200974464417,390.14400976896286,399.79601019620895,441.7060103416443,441.7060103416443,441.7060103416443,441.7060103416443,441.9600103497505,456.43801069259644,474.7260112762451,474.7260112762451,474.7260112762451,479.2980114221573,481.5840114951134,499.61801183223724,513.58801227808,531.8760128617287,531.8760128617287,532.3840128779411,532.3840128779411,563.8800136446953,563.8800136446953,584.7080143094063,586.7400143742561,586.9940143823624,587.2480143904686,617.7280151844025,624.3320153951645,631.6980156302452,636.2700156569481,640.0800157785416,654.3040162324905,687.3240168690681,690.3720169663429,690.6260169744492,708.9140173792839,708.9140173792839,709.4220173954964,709.9300174117088,709.9300174117088,709.9300174117088,709.9300174117088,709.9300174117088,709.9300174117088,709.9300174117088,709.9300174117088,709.9300174117088,709.9300174117088,710.1840174198151,722.3760176897049,744.9820181131363,749.3000182509422,753.364018201828,754.6340182423592,754.6340182423592,754.6340182423592,754.6340182423592,754.6340182423592,754.6340182423592,754.6340182423592,754.6340182423592,754.6340182423592,754.6340182423592,754.6340182423592
2024-06-26 18:00:00,Baja,6.27007461661658,-75.6239485571875,Media,Deslizamiento,Medellín,Corregimiento 60 San Cristóbal,La Loma,27.0,1,53.59400087594986,55.37200093269348,59.43600106239319,86.10600179433823,86.10600179433823,91.18600195646286,105.41000229120255,149.35200196504593,149.35200196504593,149.35200196504593,166.3700024485588,179.8320028781891,184.40400302410126,185.42000305652618,185.42000305652618,189.99200320243835,190.50000321865082,209.2960038781166,209.2960038781166,209.2960038781166,209.2960038781166,211.07400393486023,217.42400413751602,219.7100042104721,219.7100042104721,219.7100042104721,237.49000430107117,237.49000430107117,247.65000462532043,255.01600486040115,263.9060049653053,263.9060049653053,264.4140049815178,289.56000566482544,289.56000566482544,307.84800601005554,331.47000646591187,342.90000677108765,342.90000677108765,342.90000677108765,344.1700068116188,353.31400710344315,369.570007622242,373.6340077519417,373.6340077519417,377.44400787353516,382.2700079679489,385.06400805711746,403.35200864076614,422.4020092487335,422.4020092487335,423.1640092730522,423.1640092730522,462.7880099415779,462.7880099415779,476.50401026010513,476.50401026010513,476.50401026010513,476.50401026010513,488.69601064920425,489.2040106654167,498.0940109491348,498.34801095724106,501.1420110464096,510.28601133823395,528.5740119218826,538.480012178421,538.7340121865273,542.5440123081207,570.9920127391815,570.9920127391815,575.0560127496719,575.0560127496719,575.0560127496719,575.0560127496719,575.0560127496719,575.0560127496719,575.0560127496719,575.0560127496719,575.0560127496719,575.0560127496719,575.5640127658844,585.2160130739212,590.8040132522583,594.6140133738518,595.8840134143829,596.6460134387016,596.6460134387016,596.6460134387016,596.6460134387016,596.9000134468079,596.9000134468079,601.2180135846138,601.2180135846138,601.2180135846138,601.2180135846138,601.2180135846138
2024-06-28 02:00:00,Baja,6.27296802398555,-75.6160517601172,Media,Deslizamiento,Medellín,Comuna 7 Robledo,Olaya Herrera,456.0,1,33.27400070428848,42.92600101232529,101.85400205850601,102.36200207471848,112.26800227165222,136.3980028629303,136.90600287914276,146.8120031952858,163.8300029039383,164.33800292015076,164.33800292015076,177.29200321435928,187.96000349521637,203.96200400590897,211.07400423288345,211.07400423288345,215.13800436258316,217.9320044517517,247.90400475263596,257.55600494146347,257.55600494146347,257.55600494146347,257.55600494146347,267.20800518989563,267.7160052061081,272.7960054278374,272.7960054278374,275.3360055088997,286.2580056190491,293.878005862236,304.29200607538223,328.1680067181587,328.1680067181587,328.9300067424774,329.94600677490234,375.15800791978836,375.15800791978836,434.5940086841583,452.88200867176056,452.88200867176056,452.88200867176056,453.1360086798668,454.40600872039795,470.1540092229843,479.80600929260254,479.80600929260254,482.0920093655586,483.87000942230225,491.49000960588455,503.42800998687744,514.8580103516579,525.7800105810165,526.5420106053352,526.5420106053352,560.3240114450455,571.500011742115,583.1840121150017,588.2640122175217,588.2640122175217,588.2640122175217,591.3120123147964,616.966012775898,624.0780129432678,626.1100130081177,628.9040130972862,629.4120131134987,642.6200135350227,661.670014321804,661.670014321804,662.1780143380165,694.4360157847404,694.4360157847404,694.4360157847404,694.4360157847404,694.4360157847404,694.4360157847404,694.4360157847404,694.4360157847404,694.4360157847404,694.4360157847404,694.4360157847404,694.4360157847404,695.1980158090591,695.7060158252716,720.5980159640312,736.8540166020393,740.4100167155266,747.2680168747902,747.2680168747902,747.2680168747902,747.2680168747902,747.2680168747902,748.2840169072151,748.2840169072151,748.5380169153214,748.5380169153214,748.5380169153214
2024-06-28 02:00:00,Baja,6.27624876766072,-75.6083664766271,Media,Deslizamiento,Medellín,Comuna 7 Robledo,Olaya Herrera,456.0,1,33.27400070428848,42.92600101232529,101.85400205850601,102.36200207471848,112.26800227165222,136.3980028629303,136.90600287914276,146.8120031952858,163.8300029039383,164.33800292015076,164.33800292015076,177.29200321435928,187.96000349521637,203.96200400590897,211.07400423288345,211.07400423288345,215.13800436258316,217.9320044517517,247.90400475263596,257.55600494146347,257.55600494146347,257.55600494146347,257.55600494146347,267.20800518989563,267.7160052061081,272.7960054278374,272.7960054278374,275.3360055088997,286.2580056190491,293.878005862236,304.29200607538223,328.1680067181587,328.1680067181587,328.9300067424774,329.94600677490234,375.15800791978836,375.15800791978836,434.5940086841583,452.88200867176056,452.88200867176056,452.88200867176056,453.1360086798668,454.40600872039795,470.1540092229843,479.80600929260254,479.80600929260254,482.0920093655586,483.87000942230225,491.49000960588455,503.42800998687744,514.8580103516579,525.7800105810165,526.5420106053352,526.5420106053352,560.3240114450455,571.500011742115,583.1840121150017,588.2640122175217,588.2640122175217,588.2640122175217,591.3120123147964,616.966012775898,624.0780129432678,626.1100130081177,628.9040130972862,629.4120131134987,642.6200135350227,661.670014321804,661.670014321804,662.1780143380165,694.4360157847404,694.4360157847404,694.4360157847404,694.4360157847404,694.4360157847404,694.4360157847404,694.4360157847404,694.4360157847404,694.4360157847404,694.4360157847404,694.4360157847404,694.4360157847404,695.1980158090591,695.7060158252716,720.5980159640312,736.8540166020393,740.4100167155266,747.2680168747902,747.2680168747902,747.2680168747902,747.2680168747902,747.2680168747902,748.2840169072151,748.2840169072151,748.5380169153214,748.5380169153214,748.5380169153214
2024-06-28 02:40:00,Baja,6.25561873660208,-75.6290628236967,Media,Deslizamiento,Medellín,Comuna 13 San Javier,El Salado,53.0,1,34.03600037097931,42.92600065469742,98.55200183391571,101.09200191497803,106.4260019659996,138.17600238323212,138.17600238323212,156.21000277996063,179.0700033903122,192.27800345420837,192.27800345420837,200.1520036458969,226.56800419092178,242.57000470161438,252.22200500965118,252.22200500965118,253.49200505018234,259.84200525283813,299.46600472927094,303.27600479125977,304.03800481557846,304.03800481557846,304.03800481557846,311.6580048799515,313.18200492858887,317.75400507450104,317.75400507450104,324.6120052933693,349.2500062584877,352.2980063557625,359.15600657463074,370.84000688791275,370.84000688791275,371.8560069203377,372.36400693655014,392.6840073466301,392.6840073466301,443.99200797080994,451.35800808668137,451.35800808668137,451.35800808668137,451.35800808668137,453.136008143425,483.6160088777542,497.840008854866,497.840008854866,503.4280090332031,504.6980090737343,508.50800919532776,520.7000095844269,534.4160100221634,548.8940104842186,549.9100105166435,549.9100105166435,578.3580111861229,581.1520112752914,590.8040115833282,596.1380117535591,596.1380117535591,596.1380117535591,601.7260119318962,608.3300121426582,614.680012345314,617.2200124263763,620.5220125317574,621.5380125641823,636.7780130505562,666.2420137524605,667.0040137767792,672.8460139632225,710.9460136294365,710.9460136294365,717.8040136694908,717.8040136694908,717.8040136694908,717.8040136694908,717.8040136694908,717.8040136694908,717.8040136694908,717.8040136694908,717.8040136694908,717.8040136694908,718.058013677597,718.8200137019157,731.2660140395164,735.8380141854286,740.664014339447,743.7120144367218,743.7120144367218,743.7120144367218,743.7120144367218,743.7120144367218,744.2200144529343,744.2200144529343,744.4740144610405,744.4740144610405,744.4740144610405
2024-06-28 06:00:00,Baja,6.2687454,-75.6018947,Media,Deslizamiento,Medellín,Comuna 13 San Javier,El Pesebre,456.0,1,51.56200134754181,56.38800150156021,117.85600262880325,120.90400272607803,128.27000284194946,154.94000351428986,154.94000351428986,159.51200366020203,182.37200355529785,182.88000357151031,182.88000357151031,183.642003595829,204.7240040898323,222.2500046491623,229.616004884243,229.616004884243,229.616004884243,236.47400510311127,237.99800515174866,276.09800559282303,276.09800559282303,276.09800559282303,276.09800559282303,285.7500058412552,286.25800585746765,291.33800607919693,291.33800607919693,293.3700061440468,304.80000627040863,307.34000635147095,316.23000663518906,346.7100073695183,346.7100073695183,347.472007393837,347.472007393837,393.7000085711479,393.7000085711479,452.3740093111992,471.4240093231201,471.4240093231201,471.4240093231201,471.67800933122635,472.9480093717575,482.09200966358185,498.3480099439621,498.3480099439621,499.8720099925995,501.14201003313065,508.76201021671295,518.668010532856,527.8120108246803,544.3220112323761,545.0840112566948,545.0840112566948,557.2760116457939,590.0420123934746,595.6300125718117,606.8060128688812,606.8060128688812,606.8060128688812,607.5680128931999,635.5080134272575,637.0320134758949,644.6520136594772,644.6520136594772,647.4460137486458,659.8920141458511,680.2120149731636,680.2120149731636,680.7200149893761,712.9780164361,712.9780164361,712.9780164361,712.9780164361,712.9780164361,712.9780164361,712.9780164361,712.9780164361,712.9780164361,712.9780164361,712.9780164361,712.9780164361,712.9780164361,714.2480164766312,739.1400166153908,755.3960172533989,758.9520173668861,765.8100175261497,765.8100175261497,765.8100175261497,765.8100175261497,765.8100175261497,766.8260175585747,766.8260175585747,767.0800175666809,767.0800175666809,767.0800175666809
2024-06-28 07:00:00,Baja,6.26660555,-75.62980022,Media,Deslizamiento,Medellín,Corregimiento 60 San Cristóbal,La Loma,27.0,1,31.750000715255737,34.290000796318054,87.63000166416168,89.15400171279907,93.21800184249878,119.88800257444382,119.88800257444382,125.47600275278091,183.13400274515152,183.13400274515152,183.13400274515152,183.38800275325775,200.1520032286644,213.61400365829468,219.20200383663177,219.20200383663177,219.20200383663177,224.2820039987564,227.3300040960312,243.0780046582222,243.0780046582222,243.0780046582222,243.0780046582222,249.68200486898422,251.2060049176216,253.4920049905777,253.4920049905777,256.28600507974625,271.27200508117676,272.5420051217079,281.432005405426,297.4340057373047,297.6880057454109,298.1960057616234,298.1960057616234,323.34200644493103,323.59600645303726,358.1400071978569,376.68200755119324,376.68200755119324,376.68200755119324,376.93600755929947,377.9520075917244,390.1440079808235,407.4160085320473,407.4160085320473,407.92400854825974,411.480008661747,416.0520087480545,426.72000908851624,437.13400942087173,456.1840100288391,456.9460100531578,456.9460100531578,467.61401039361954,496.5700107216835,500.6340107321739,510.2860110402107,510.2860110402107,510.2860110402107,514.0960111618042,522.9860114455223,525.5260115265846,532.1300117373466,532.3840117454529,534.9240118265152,545.8460121750832,569.9760128855705,572.2620129585266,572.5160129666328,604.7740135192871,604.7740135192871,608.8380135297775,608.8380135297775,608.8380135297775,608.8380135297775,608.8380135297775,608.8380135297775,608.8380135297775,608.8380135297775,608.8380135297775,608.8380135297775,608.8380135297775,609.34601354599,620.5220139026642,625.6020140647888,628.3960141539574,630.4280142188072,630.4280142188072,630.4280142188072,630.4280142188072,630.4280142188072,630.6820142269135,630.6820142269135,635.0000143647194,635.0000143647194,635.0000143647194
2024-06-28 18:00:00,Baja,6.258274,-75.6200813,Media,Deslizamiento,Medellín,Comuna 13 San Javier,Antonio Nariño,53.0,1,53.59400051832199,59.94400072097778,120.14200204610825,123.95200216770172,127.7620021700859,161.0360026359558,161.0360026359558,164.59200274944305,183.8960030078888,201.9300036430359,215.13800370693207,215.13800370693207,247.65000438690186,265.4300049543381,271.78000515699387,275.0820052623749,275.0820052623749,282.19400548934937,282.95600551366806,325.8820050358772,326.89800506830215,326.89800506830215,326.89800506830215,327.9140051007271,336.04200518131256,340.61400532722473,340.61400532722473,340.61400532722473,372.1100065112114,372.1100065112114,381.50800681114197,388.112007021904,393.70000714063644,393.70000714063644,394.71600717306137,415.5440075993538,415.5440075993538,438.9120078086853,466.85200822353363,474.21800833940506,474.21800833940506,474.21800833940506,475.9960083961487,490.72800862789154,512.318009018898,520.7000091075897,520.7000091075897,526.2880092859268,529.8440093994141,532.6380094885826,553.4660101532936,571.7540107369423,571.7540107369423,572.7700107693672,572.7700107693672,604.0120115280151,604.0120115280151,618.9980120062828,618.9980120062828,618.9980120062828,618.9980120062828,630.6820123791695,631.1900123953819,639.8260126709938,640.0800126791,644.1440128087997,655.5740131735802,682.4980139136314,689.8640140295029,690.3720140457153,699.2620143294334,733.8060138821602,733.8060138821602,740.6640139222145,740.6640139222145,740.6640139222145,740.6640139222145,740.6640139222145,740.6640139222145,740.6640139222145,740.6640139222145,740.6640139222145,740.6640139222145,741.6800139546394,751.5860142111778,758.4440144300461,763.5240145921707,765.5560146570206,766.5720146894455,766.5720146894455,766.5720146894455,766.5720146894455,767.080014705658,767.080014705658,767.3340147137642,767.3340147137642,767.3340147137642
2024-06-28 20:00:00,Baja,6.27635655852733,-75.6089195265219,Media,Deslizamiento,Medellín,Comuna 7 Robledo,Olaya Herrera,456.0,1,43.434001207351685,56.13400149345398,81.02600210905075,122.68200278282166,122.68200278282166,156.46400356292725,156.71800357103348,160.78200370073318,167.13200390338898,184.15000361204147,184.65800362825394,184.65800362825394,206.2480041384697,224.02800470590591,230.3780049085617,231.39400494098663,231.39400494098663,236.98200511932373,238.2520051598549,277.87600564956665,277.87600564956665,277.87600564956665,277.87600564956665,277.87600564956665,288.0360059142113,290.0680059790611,293.11600613594055,293.11600613594055,298.4500063061714,306.57800632715225,318.0080066919327,326.8980068564415,348.4880074262619,348.4880074262619,349.2500074505806,359.9180077910423,395.47800862789154,400.5580085515976,455.42200940847397,473.20200937986374,473.20200937986374,473.20200937986374,473.45600938796997,478.79000955820084,494.0300099849701,500.1260100007057,500.1260100007057,502.4120100736618,505.4600101709366,512.3180103302002,529.590010881424,543.0520113110542,546.1000112891197,546.8620113134384,546.8620113134384,591.8200124502182,591.8200124502182,608.5840129256248,608.5840129256248,608.5840129256248,608.5840129256248,627.1260132193565,637.2860134840012,646.4300137162209,646.4300137162209,649.2240138053894,659.1300141215324,681.9900150299072,681.9900150299072,682.2440150380135,682.7520150542259,714.7560164928436,714.7560164928436,714.7560164928436,714.7560164928436,714.7560164928436,714.7560164928436,714.7560164928436,714.7560164928436,714.7560164928436,714.7560164928436,714.7560164928436,714.7560164928436,715.5180165171623,721.1060166954994,747.014016866684,760.7300174236298,765.8100175261497,767.5880175828934,767.5880175828934,767.5880175828934,767.5880175828934,768.6040176153183,768.6040176153183,768.6040176153183,768.8580176234245,768.8580176234245
2024-06-28 23:00:00,Baja,6.24907811,-75.62583053,Media,Deslizamiento,Medellín,Comuna 13 San Javier,Las Independencias,17.0,1,33.27400088310242,43.434001207351685,60.960001826286316,92.71000242233276,93.47200244665146,120.90400296449661,125.22200310230255,128.52400320768356,138.6840033531189,144.0180035829544,154.68600398302078,154.68600398302078,176.78400468826294,195.58000528812408,203.45400553941727,205.74000561237335,205.74000561237335,211.32800579071045,211.8360058069229,236.98200631141663,236.98200631141663,236.98200631141663,236.98200631141663,236.98200631141663,244.6020061969757,247.39600628614426,250.1900063753128,250.1900063753128,256.5400065779686,267.4620067477226,277.36800706386566,282.19400721788406,289.5600073337555,289.5600073337555,290.3220073580742,292.6080074310303,303.0220077633858,303.78400778770447,356.3620087504387,359.6640088558197,359.6640088558197,359.6640088558197,359.91800886392593,380.7460090517998,408.1780095100403,419.6080095767975,419.6080095767975,426.720009803772,430.5300098657608,431.80000990629196,451.61201053857803,469.39201110601425,471.67801117897034,472.9480112195015,472.9480112195015,496.3160119652748,496.3160119652748,510.2860122323036,520.1920125484467,522.9860124588013,522.9860124588013,534.9240128397942,535.4320128560066,542.0360130667686,544.0680131316185,547.6240132451057,554.2280134558678,583.4380145072937,586.7400146126747,589.280014693737,602.4880155324936,631.9520155787468,631.9520155787468,631.9520155787468,632.4600155949593,632.9680156111717,632.9680156111717,632.9680156111717,632.9680156111717,632.9680156111717,632.9680156111717,632.9680156111717,632.9680156111717,634.4920156598091,635.2540156841278,645.6680158376694,647.446015894413,653.5420160889626,655.5740161538124,655.5740161538124,655.5740161538124,655.5740161538124,655.5740161538124,655.5740161538124,655.5740161538124,655.5740161538124,655.5740161538124
2024-06-28 23:00:00,Baja,6.2689886,-75.6106246,Media,Deslizamiento,Medellín,Comuna 13 San Javier,Blanquizal,456.0,1,40.640001118183136,55.372001469135284,77.97800213098526,122.68200278282166,122.68200278282166,155.95600354671478,156.71800357103348,160.78200370073318,167.13200390338898,184.15000361204147,184.65800362825394,184.65800362825394,201.67600399255753,218.94800454378128,230.12400490045547,231.39400494098663,231.39400494098663,236.22000509500504,238.2520051598549,277.87600564956665,277.87600564956665,277.87600564956665,277.87600564956665,277.87600564956665,287.78200590610504,289.56000596284866,293.11600613594055,293.11600613594055,297.94200628995895,306.57800632715225,318.0080066919327,326.8980068564415,348.4880074262619,348.4880074262619,349.2500074505806,352.5520075559616,395.47800862789154,395.47800862789154,454.9140093922615,473.20200937986374,473.20200937986374,473.20200937986374,473.45600938796997,477.5200095176697,494.0300099849701,500.1260100007057,500.1260100007057,502.4120100736618,504.44401013851166,511.81001031398773,528.0660108327866,541.5280112624168,546.1000112891197,546.8620113134384,546.8620113134384,591.0580124258995,591.8200124502182,607.5680128931999,608.5840129256248,608.5840129256248,608.5840129256248,627.1260132193565,637.2860134840012,644.398013651371,646.4300137162209,649.2240138053894,654.8120139837265,681.9900150299072,681.9900150299072,681.9900150299072,682.4980150461197,714.7560164928436,714.7560164928436,714.7560164928436,714.7560164928436,714.7560164928436,714.7560164928436,714.7560164928436,714.7560164928436,714.7560164928436,714.7560164928436,714.7560164928436,714.7560164928436,715.5180165171623,717.0420165657997,743.2040167450905,758.6980173587799,762.0000174641609,767.5880175828934,767.5880175828934,767.5880175828934,767.5880175828934,768.6040176153183,768.6040176153183,768.6040176153183,768.8580176234245,768.8580176234245
2024-06-30 21:30:00,Baja,6.27955015322681,-75.5395887944712,Media,Deslizamiento,Medellín,Comuna 3 Manrique,Oriente,55.0,1,33.78200036287308,42.92600071430206,55.372001111507416,68.32600104808807,99.3140018582344,102.87000197172165,102.87000197172165,124.71400266885757,125.22200268507004,127.76200276613235,131.57200288772583,135.63600301742554,151.6380037665367,151.6380037665367,165.6080041527748,181.6100046634674,190.75400495529175,198.12000507116318,198.12000507116318,214.37600523233414,232.66400569677353,307.08600717782974,307.08600717782974,307.08600717782974,307.08600717782974,307.08600717782974,312.67400735616684,315.7220074534416,319.02400743961334,319.02400743961334,326.13600766658783,341.1220079064369,354.07600831985474,366.5220087170601,368.55400878190994,368.55400878190994,369.8240088224411,381.50800919532776,397.25600945949554,397.5100094676018,406.4000097513199,411.9880098104477,411.9880098104477,411.9880098104477,411.9880098104477,445.77001017332077,477.26601082086563,484.3780110478401,484.3780110478401,488.4420111775398,489.45801120996475,492.76001131534576,524.7640120983124,541.2740126252174,548.1320126056671,549.148012638092,549.148012638092,581.9140130877495,593.0900135040283,615.1880139112473,620.2680140137672,620.5220140218735,622.3000140786171,636.5240144133568,644.6520146131516,655.0660148859024,656.0820149183273,659.3840150237083,672.8460152745247,711.4540157318115,712.9780157804489,728.4720161557198,754.8880167007446,770.6360173225403,770.8900173306465,770.8900173306465,770.8900173306465,770.8900173306465,770.8900173306465,770.8900173306465,770.8900173306465,770.8900173306465,770.8900173306465,770.8900173306465,770.8900173306465,772.9220173954964,775.9700174927711,799.8460181951523,802.8940182924271,806.9580184221268,812.8000184893608,822.4520187973976,822.4520187973976,822.4520187973976,822.4520187973976,822.4520187973976,822.4520187973976
2024-07-01 12:00:00,Baja,6.29530059,-75.5643389,Media,Deslizamiento,Medellín,Comuna 5 Castilla,Belalcázar,376.0,1,36.57599991559982,38.60799998044968,39.6240000128746,59.436000645160675,70.61200088262558,115.31600224971771,119.63400238752365,137.41400235891342,159.00400292873383,159.25800293684006,164.08400309085846,168.91000324487686,183.6420032978058,184.91200333833694,184.91200333833694,212.09000432491302,230.88600492477417,245.11000514030457,245.11000514030457,245.11000514030457,268.73200565576553,276.86000621318817,398.5260081291199,398.5260081291199,398.5260081291199,398.5260081291199,404.36800813674927,407.1620082259178,417.5760082602501,417.5760082602501,417.5760082602501,451.3580085635185,451.866008579731,468.37600910663605,478.79000943899155,478.79000943899155,478.79000943899155,479.298009455204,530.8600097894669,532.3840098381042,577.088010430336,592.074010848999,592.074010848999,592.3280108571053,592.3280108571053,593.3440108895302,608.3300114274025,653.7960125803947,653.7960125803947,653.7960125803947,657.6060127019882,659.6380127668381,671.8300131559372,683.7680134773254,711.708014190197,711.708014190197,712.2160142064095,712.2160142064095,743.4580150842667,745.7440151572227,766.3180156350136,787.1460155844688,787.6540156006813,790.7020156979561,803.6560159921646,813.0540162324905,817.3720163702965,817.3720163702965,823.468016564846,833.6280168890953,883.9200175404549,888.492017686367,889.2540177106857,932.9420184493065,932.9420184493065,932.9420184493065,932.9420184493065,932.9420184493065,932.9420184493065,932.9420184493065,932.9420184493065,932.9420184493065,932.9420184493065,932.9420184493065,932.9420184493065,932.9420184493065,934.4660184979439,963.6760195493698,969.7720196843147,971.5500197410583,977.6460199356079,977.9000199437141,977.9000199437141,977.9000199437141,977.9000199437141,977.9000199437141,977.9000199437141
