T_days,P_days,n_obs,median_auc,mean_auc,std_auc,mc_id
1,35,1373,0.977191732002851,0.9752245188880968,0.008466745634888272,0
1,32,1373,0.9771323354716084,0.9752991888130876,0.00821316274317661,0
1,34,1373,0.9770135424091233,0.9754278508376869,0.008447665644390001,0
1,39,1373,0.9770135424091233,0.9742061098796667,0.008739479716426173,0
1,36,1373,0.9769541458778808,0.9750356770812937,0.008441429524542918,0
1,37,1373,0.9768947493466381,0.9750268524537948,0.008576813777279993,0
1,33,1373,0.9767759562841529,0.9755068286429656,0.00825699363192174,0
1,40,1373,0.9767165597529104,0.9737544090502037,0.008934693249597355,0
1,31,1373,0.9766571632216678,0.975296891276934,0.008299456868882652,0
1,38,1373,0.9763601805654549,0.9743944295191623,0.008617456999090606,0
1,30,1373,0.9762413875029698,0.9749872721718766,0.008334759008890202,0
1,41,1373,0.9761225944404845,0.9734845007688914,0.009029282940528943,0
1,42,1373,0.9758850083155144,0.9733794929233277,0.009051141233795159,0
1,29,1373,0.9758850083155144,0.9748811677749667,0.008349429186431756,0
1,43,1373,0.9757662152530292,0.9731116733112458,0.009158332629093963,0
1,9,1373,0.9756474221905441,0.9732686890206491,0.009147222948310472,0
1,44,1373,0.9752910430030886,0.9729775285299163,0.009212313210084788,0
1,27,1373,0.9752910430030886,0.9744327043828112,0.00883753186280419,0
1,28,1373,0.9751128534093609,0.9745062255397252,0.008688342537704216,0
1,10,1373,0.9749940603468757,0.9737322952647258,0.008735814475477322,0
1,45,1373,0.9748994175223683,0.9725118858333397,0.009161177192207706,0
1,12,1373,0.97440009503445,0.9736178100825285,0.00949545015960473,0
1,26,1373,0.97440009503445,0.9738720272362468,0.00883663481389124,0
1,8,1373,0.9743406985032075,0.9728931724013691,0.009069323084661896,0
1,11,1373,0.9743406985032074,0.9735550977888826,0.009336480307477924,0
1,46,1373,0.9742989251185972,0.9724166425164288,0.009181450658895203,0
1,53,1373,0.9738655262532668,0.9715873625068207,0.009458455368711845,0
1,55,1373,0.9736984327148261,0.9717351358548793,0.009332688386295905,0
1,14,1373,0.9736873366595391,0.9736869189256929,0.009415729500429779,0
1,54,1373,0.9736383834744491,0.9715155645020223,0.009416556784175457,0
1,56,1373,0.973638383474449,0.97170438020046,0.009320476314846563,0
1,50,1373,0.973638383474449,0.9719868466055207,0.009260080451881368,0
1,13,1373,0.9735685435970538,0.9733905628702495,0.009598219497387083,0
1,58,1373,0.9735182849936947,0.9715993723548962,0.00945168870151365,0
1,57,1373,0.9735182849936947,0.97177317574324,0.00944441881940701,0
1,47,1373,0.9735182849936947,0.9723472464812452,0.00915088724373944,0
1,51,1373,0.9734582357533177,0.9718997229902432,0.009207306097021237,0
1,52,1373,0.9734582357533177,0.9715366339528849,0.00934437121571598,0
1,48,1373,0.9733981865129405,0.9721925021996298,0.009186544329401377,0
1,15,1373,0.9733903540033262,0.9742322704617787,0.00934276447479134,0
1,59,1373,0.9733381372725635,0.9715917748205705,0.009429649134860059,0
1,60,1373,0.9733309574720836,0.9715444142457685,0.009410823124766345,0
1,74,1373,0.9732780880321863,0.9707470386586565,0.009710072842095487,0
1,16,1373,0.9731579895514323,0.9738974045673976,0.009452591723583448,0
1,66,1373,0.9731579895514321,0.9710732104673658,0.009691315081592674,0
1,72,1373,0.973097940311055,0.9707416081186574,0.009706802508145453,0
1,65,1373,0.973097940311055,0.9710682759863087,0.009660659035953497,0
1,18,1373,0.973037891070678,0.9739253927350862,0.009574350428798332,0
1,67,1373,0.9729778418303008,0.970898989345176,0.009733224490479052,0
1,71,1373,0.9729778418303008,0.970770353428942,0.009669213030078954,0
1,49,1373,0.9729778418303008,0.9720797923862784,0.00915633627214556,0
1,75,1373,0.9729778418303008,0.9706584268665525,0.009784915746933676,0
1,70,1373,0.9729177925899237,0.9707966184445158,0.009645530452316838,0
1,64,1373,0.9728577433495466,0.9713405862372363,0.009574962737685882,0
1,25,1373,0.9728557852221431,0.97331085403074,0.00895618050355551,0
1,73,1373,0.9727976941091695,0.9706079332879048,0.00982129082915977,0
1,61,1373,0.9727376448687924,0.9714030113388631,0.009546584660229113,0
1,68,1373,0.9727376448687923,0.970813197256533,0.009748751301752293,0
1,24,1373,0.9726775956284154,0.9732914032985309,0.00898241728318858,0
1,62,1373,0.9726775956284153,0.9713932468102106,0.009550099630892168,0
1,20,1373,0.9726775956284153,0.9732588461669003,0.00953636135689806,0
1,69,1373,0.972557497147661,0.9707487095940409,0.009695675605572465,0
1,22,1373,0.9724400095034451,0.9728710847242565,0.009200539140579082,0
1,21,1373,0.972440009503445,0.9733471446586199,0.009306757631058945,0
1,17,1373,0.9723773494265299,0.9739172208167218,0.009584405192471838,0
1,76,1373,0.9723173001861525,0.9707276662515437,0.009853560525568395,0
1,77,1373,0.9722572509457754,0.9706894436046254,0.009817984805000438,0
1,19,1373,0.9722024233784747,0.9734736919056233,0.00948715468144454,0
1,63,1373,0.9722024233784746,0.9705575441427189,0.009563600890376132,0
1,87,1373,0.9721972017053984,0.9700734950485485,0.01028398838464047,0
1,85,1373,0.9720836303159894,0.970066341356434,0.010247743284504613,0
1,84,1373,0.9720771032246441,0.9702406669120853,0.010195448558030333,0
1,23,1373,0.972024233784747,0.9730357501847168,0.008919671257913953,0
1,86,1373,0.9720170539842671,0.9698943133369363,0.0103447036303957,0
1,82,1373,0.972017053984267,0.9702213989384338,0.010116848048750052,0
1,80,1373,0.9718369062631358,0.9703073998940001,0.010046108810398984,0
1,81,1373,0.9718369062631357,0.9702332521363171,0.010113315560163417,0
1,88,1373,0.9716084580660489,0.9701186364122928,0.010255832300979647,0
1,78,1373,0.9715366600612502,0.9705506776426235,0.009962747997547516,0
1,83,1373,0.971476610820873,0.9701856826945923,0.010148808426944012,0
1,79,1373,0.971476610820873,0.9704648333372496,0.009956202610947741,0
1,89,1373,0.9714302684723211,0.970132682712868,0.01023837498007202,0
1,90,1373,0.9709550962223806,0.9699607069101012,0.010292544370857271,0
2,34,1373,0.9610358755048705,0.9612574310934966,0.008816775553102237,0
2,32,1373,0.9605607032549299,0.9611190828653409,0.008885822589237428,0
2,33,1373,0.9605476490722392,0.961236231100807,0.008878503742012633,0
2,40,1373,0.9600672551492224,0.9597631710176258,0.009133400873841156,0
2,35,1373,0.9600672551492224,0.9607661499821158,0.00863459760957127,0
2,39,1373,0.9596697552862913,0.9598687271388627,0.00904026494305709,0
2,36,1373,0.9596469104665826,0.960656494847514,0.0087343772115043,0
2,37,1373,0.959432169161321,0.9601720541278631,0.008670114131047728,0
2,28,1373,0.959432169161321,0.9599646231649082,0.008924935775682258,0
2,30,1373,0.9593466642646971,0.9604827175675359,0.008971636132967377,0
2,31,1373,0.9592866150243199,0.9606455032256885,0.008884736660417392,0
2,41,1373,0.9592539795675932,0.9593018623097026,0.009216932058477343,0
2,38,1373,0.9592539795675932,0.9599431881969303,0.009062020637139729,0
2,43,1373,0.9591351865051081,0.958977309219647,0.009272316564973923,0
2,9,1373,0.9591351865051081,0.959086024453095,0.010191972652140079,0
2,42,1373,0.9589569969113805,0.9590876170633834,0.009351579464625077,0
2,29,1373,0.9589569969113804,0.9599968147794234,0.008875256660532705,0
2,45,1373,0.9589569969113803,0.9587317078265047,0.009091931953247076,0
2,44,1373,0.9588976003801378,0.9588509969479321,0.009273688417598324,0
2,46,1373,0.9587788073176526,0.9585461556737394,0.00901604849892688,0
2,56,1373,0.9586260733801717,0.958527096567011,0.00864876887540244,0
2,59,1373,0.9585059748994176,0.9581642425049409,0.008659769004061927,0
2,10,1373,0.9584224281301972,0.9591773254068334,0.011398718989918018,0
2,14,1373,0.9584224281301972,0.9595263420352517,0.01149961875113408,0
2,52,1373,0.9583858764186634,0.958297551818578,0.008799272598208036,0
2,13,1373,0.9583630315989546,0.9590932564703059,0.011290512783523938,0
2,58,1373,0.9583630315989545,0.958151841031385,0.008645680769984329,0
2,11,1373,0.9582657779379091,0.9590400476216584,0.011463552974961922,0
2,53,1373,0.9582657779379091,0.9582499562684879,0.008721580258488286,0
2,62,1373,0.9582657779379091,0.9580013263049614,0.008676888005232296,0
2,60,1373,0.9581848420052269,0.9580373036324568,0.008786488691118172,0
2,51,1373,0.9581456794571549,0.9581570888128266,0.008825017517046375,0
2,16,1373,0.9581456794571548,0.9592886253684543,0.011090958336240374,0
2,47,1373,0.9581254454739844,0.9584458734423097,0.009023545729110318,0
2,8,1373,0.9581254454739843,0.9582494602095457,0.010079254393970588,0
2,55,1373,0.9580856302167777,0.9584007842952961,0.008669982114024435,0
2,54,1373,0.9580856302167777,0.958342928157611,0.008647290746561238,0
2,57,1373,0.9580856302167777,0.9582122035721465,0.0086752643026091,0
2,61,1373,0.9580856302167777,0.9580015873886151,0.008742767853660911,0
2,26,1373,0.9580660489427417,0.9594270519217062,0.009473941210689639,0
2,25,1373,0.9580255809764007,0.958931985097345,0.009737241321198867,0
2,50,1373,0.9580255809764007,0.958469109887499,0.008765133555283423,0
2,22,1373,0.9579472558802566,0.9584568389557698,0.010036582960343206,0
2,63,1373,0.9579054824956466,0.9576820471047128,0.00876564803292949,0
2,75,1373,0.9579054824956464,0.9569935172928757,0.008837888041318036,0
2,49,1373,0.9579054824956463,0.958533127599414,0.008820730818580218,0
2,15,1373,0.9579054824956463,0.9591647672830851,0.011247680298685366,0
2,48,1373,0.9578284628177715,0.9582665350805053,0.00893094557115194,0
2,12,1373,0.9577690662865289,0.9587094373908343,0.011537847813566702,0
2,88,1373,0.9577096697552864,0.9566966651784898,0.009320442875067272,0
2,64,1373,0.9576052362937609,0.9572831373900512,0.008966923269174781,0
2,27,1373,0.9576052362937607,0.9593898997177687,0.0092681010332182,0
2,69,1373,0.9575314801615585,0.9571364605933388,0.008963870136069385,0
2,87,1373,0.9575314801615585,0.9566231701299414,0.009338850111282992,0
2,80,1373,0.9575314801615584,0.9564587657531349,0.0092844466850466,0
2,24,1373,0.9574851378130066,0.9582133523402233,0.009823175142473451,0
2,74,1373,0.9574720836303161,0.9567496390518486,0.008997403159128,0
2,81,1373,0.9574720836303159,0.9564064968056414,0.009282780824920105,0
2,73,1373,0.9574250885726295,0.9569624744464373,0.008865825735618792,0
2,23,1373,0.9574126870990735,0.9583021729992507,0.00997294298386457,0
2,76,1373,0.9574126870990733,0.9568072602142452,0.008821748659432952,0
2,67,1373,0.9573650393322525,0.9569946660609527,0.009056021034986128,0
2,65,1373,0.9573532905678308,0.9571331709393006,0.008957005458180718,0
2,83,1373,0.9573049900918753,0.9563351687514196,0.00932866651461174,0
2,70,1373,0.9572938940365884,0.9569837005474924,0.008899434590710239,0
2,77,1373,0.9572938940365883,0.9566302977136903,0.008989303842177287,0
2,66,1373,0.9572938940365883,0.9569729961176862,0.0091033687067975,0
2,68,1373,0.9572938940365883,0.9569541197695153,0.009002612078349863,0
2,79,1373,0.9572344975053456,0.956522992331973,0.009221463276328447,0
2,17,1373,0.9571848916111212,0.9588913343724462,0.010834811117527123,0
2,89,1373,0.9571848916111212,0.9564147992658327,0.009385760700406103,0
2,82,1373,0.9571157044428606,0.9562991653155588,0.009296534700966775,0
2,72,1373,0.9571157044428604,0.9569212754458656,0.008887241832979259,0
2,78,1373,0.9571157044428604,0.9566300627384021,0.009167554671424072,0
2,90,1373,0.957056307911618,0.9563309653045934,0.009393439472817844,0
2,71,1373,0.9570563079116179,0.9569809330607619,0.008975009665365862,0
2,86,1373,0.9569969113803755,0.9564179583780438,0.009319740140378435,0
2,84,1373,0.9568781183178903,0.9562176811072035,0.009332197347034275,0
2,20,1373,0.9568781183178902,0.958349220273668,0.010373620674889571,0
2,21,1373,0.9567645469284813,0.9582606868066597,0.010172949873121645,0
2,85,1373,0.95664053219292,0.9561054934611599,0.009310649302422355,0
2,18,1373,0.9566405321929199,0.9583806808539523,0.010545700940174747,0
2,19,1373,0.9560465668804943,0.9582089139181085,0.010571977411523305,0
3,33,1373,0.956043956043956,0.953792971105872,0.010445567096531501,0
3,32,1373,0.9556836606016934,0.9537404149663593,0.010673051068467254,0
3,35,1373,0.955443463640185,0.9534318924126481,0.01028347020547038,0
3,34,1373,0.955443463640185,0.9535761150230144,0.01034279015213931,0
3,31,1373,0.9551432174382993,0.953687336659539,0.010545899001285514,0
3,36,1373,0.95430252807302,0.9528688916215645,0.010338313501633053,0
3,38,1373,0.9540864813494891,0.9522359465196243,0.010776802290068294,0
3,28,1373,0.9539676882870041,0.9525374720314136,0.010777976567607234,0
3,29,1373,0.953848895224519,0.9530832151929799,0.010782572657487617,0
3,30,1373,0.9537894986932764,0.9533445599304474,0.010610658159537833,0
3,37,1373,0.9536707056307911,0.9525301616891069,0.010534820815446325,0
3,27,1373,0.9532216417462318,0.9524360671402725,0.010764505452812434,0
3,39,1373,0.9531615925058549,0.9524451789597904,0.010827700105296023,0
3,26,1373,0.9526609645996674,0.9519306875115856,0.011086121644432548,0
3,40,1373,0.9525010508617067,0.9520319618609,0.010642035803920178,0
3,87,1373,0.9523209031405753,0.950411050104564,0.010458956941829812,0
3,52,1373,0.9522008046598212,0.9514595359499137,0.010156180776461528,0
3,42,1373,0.9520807061790668,0.9514036640479976,0.010768172173066099,0
3,51,1373,0.9520807061790668,0.951564648228939,0.010293245760850967,0
3,41,1373,0.9520807061790667,0.9514477349687614,0.010907069846193827,0
3,25,1373,0.9520206569386898,0.9519065894903386,0.011044937423542109,0
3,54,1373,0.9519606076983127,0.9518725963986121,0.010235761811954019,0
3,50,1373,0.9519606076983126,0.9512445596693635,0.010305037122247231,0
3,8,1373,0.9519606076983126,0.9522599923241405,0.011547483764229776,0
3,86,1373,0.9519005584579354,0.9504565308770583,0.010514422617745064,0
3,43,1373,0.9518405092175584,0.9514856965320259,0.010818684156693148,0
3,49,1373,0.9518405092175584,0.9516090585584529,0.010220424430563646,0
3,44,1373,0.9518405092175583,0.9513069064458943,0.010698019334053744,0
3,88,1373,0.9517804599771813,0.9501483999488276,0.0106359489170369,0
3,53,1373,0.9517804599771813,0.9516642255345036,0.010195732427632819,0
3,57,1373,0.9517804599771813,0.9517476678702623,0.010234372103508806,0
3,45,1373,0.9517804599771811,0.9513566950986765,0.010525255848328589,0
3,56,1373,0.9517204107368042,0.9518045579984283,0.01027000055614864,0
3,89,1373,0.9516603614964271,0.9501024753341218,0.010691348026543824,0
3,13,1373,0.9516603614964271,0.9530191974810649,0.012651862853408757,0
3,55,1373,0.9516603614964271,0.9521265785770419,0.010136089337864163,0
3,46,1373,0.951660361496427,0.9513569561823304,0.010595781953962453,0
3,22,1373,0.95160031225605,0.9510951937110168,0.011420346130325023,0
3,24,1373,0.9516003122560499,0.9516183531365285,0.011126875376611813,0
3,90,1373,0.9514802137752958,0.9500666546568186,0.010759266714819969,0
3,74,1373,0.9514802137752958,0.9503495126873602,0.010602441093188041,0
3,84,1373,0.9514802137752958,0.9498968197400128,0.010697282431908444,0
3,14,1373,0.9514136374435732,0.9524429597487333,0.012627806741873464,0
3,48,1373,0.9513601152945415,0.9514331142841478,0.010501972123974142,0
3,58,1373,0.9513000660541645,0.9517664658933369,0.010249338402361054,0
3,47,1373,0.9513000660541644,0.9511967030356194,0.01046545347145023,0
3,23,1373,0.9513000660541644,0.9509069523966174,0.01130051127966417,0
3,16,1373,0.9513000660541644,0.9521444628073283,0.012024197599415677,0
3,10,1373,0.9512948443810881,0.952162869204922,0.012238771578003857,0
3,15,1373,0.9512400168137873,0.9526023513193863,0.012268184871748912,0
3,85,1373,0.9511799675734102,0.9502562797145834,0.01062913371597325,0
3,73,1373,0.9511799675734102,0.9500721113051833,0.01064430839105509,0
3,18,1373,0.9511166547873604,0.9510926611995749,0.012008348727791596,0
3,19,1373,0.9511166547873604,0.9515232664698096,0.011842803280669527,0
3,17,1373,0.9511166547873604,0.9517908772149685,0.01197540286845201,0
3,83,1373,0.9511166547873604,0.9498113931684852,0.010681612069401752,0
3,82,1373,0.9511166547873604,0.9499023286051083,0.010590536859015797,0
3,68,1373,0.951059869092656,0.9502481600129496,0.010620476745202972,0
3,60,1373,0.9510598690926559,0.9513610813040606,0.010255342116694193,0
3,80,1373,0.9510598690926559,0.9498465611366538,0.010592033856201248,0
3,64,1373,0.9509998198522789,0.9503171122059219,0.010621045713339003,0
3,75,1373,0.9509998198522789,0.9501302546348874,0.01051280599176224,0
3,72,1373,0.9509998198522788,0.9501415334487322,0.010510119296365174,0
3,61,1373,0.9509397706119018,0.9512326803631151,0.010302304090215117,0
3,59,1373,0.9509397706119018,0.9514178408903997,0.01033942312016611,0
3,63,1373,0.9509397706119018,0.9505604421712761,0.01054013382689084,0
3,79,1373,0.9508797213715248,0.9499034773731853,0.010494834465027096,0
3,78,1373,0.9508196721311477,0.9499171581566449,0.010610237094684621,0
3,62,1373,0.9508196721311476,0.950908910524021,0.010439552400194488,0
3,69,1373,0.9507596228907704,0.950181296489208,0.010554678060069586,0
3,76,1373,0.9507596228907704,0.9500534960406665,0.010435599815330524,0
3,11,1373,0.9506995736503934,0.9513341374709872,0.012386489200003844,0
3,71,1373,0.9506995736503934,0.9501812442724773,0.010530697283034806,0
3,77,1373,0.9506995736503934,0.9501365989676752,0.010463218139300552,0
3,21,1373,0.9506395244100163,0.9514971581044283,0.011580385490536131,0
3,81,1373,0.9506395244100162,0.9498318360185788,0.010535510613759251,0
3,9,1373,0.9505820860061771,0.9520674431294531,0.012610961675041105,0
3,70,1373,0.950579475169639,0.9502595171518906,0.010562569450569534,0
3,65,1373,0.9504593766888849,0.9499903399048089,0.01064505093814501,0
3,67,1373,0.9504593766888849,0.9500925802636422,0.0105901369536493,0
3,12,1373,0.9502792289677535,0.9518804811249573,0.012368364665477805,0
3,66,1373,0.9502792289677535,0.9501094723760439,0.010653545673782783,0
3,20,1373,0.950047517224994,0.9513624650474257,0.011775468437753274,0
4,31,1373,0.9444642432881918,0.9463243337797864,0.012354421317306515,0
4,33,1373,0.9444048467569492,0.9461701116654787,0.012173581386111373,0
4,32,1373,0.9441672606319791,0.9465011657385144,0.012348843069191096,0
4,34,1373,0.9440941572089113,0.9459838284784827,0.012132327158963247,0
4,8,1373,0.9439890710382515,0.945197548946658,0.013683228849130709,0
4,36,1373,0.9439890710382512,0.945526174941713,0.01264166415296653,0
4,35,1373,0.9439740587281571,0.9456829295674626,0.012285347515790475,0
4,37,1373,0.9439296745070087,0.9453057681211636,0.012677762437962292,0
4,14,1373,0.9437514849132811,0.9456114448630486,0.013975159084609973,0
4,30,1373,0.9436326918507959,0.9459495220863716,0.01231807478565694,0
4,9,1373,0.9435732953195534,0.9450468775700422,0.013451346116945161,0
4,38,1373,0.9435732953195533,0.9454243000999951,0.012759846382575674,0
4,29,1373,0.943335709194583,0.9455562256702672,0.012371925629652452,0
4,12,1373,0.9431575196008553,0.9454369365488395,0.014171293294760003,0
4,39,1373,0.9430981230696127,0.944863387978142,0.012671920208024292,0
4,28,1373,0.9430981230696127,0.9455105360308496,0.012632279774245253,0
4,13,1373,0.9430981230696127,0.9448610904419884,0.014217708698196881,0
4,15,1373,0.9428931724013692,0.9450194637863918,0.013825946979426549,0
4,11,1373,0.9426823473509147,0.9444721541229026,0.013870420062658413,0
4,40,1373,0.9424127784783523,0.9442290330244713,0.012803971393502514,0
4,54,1373,0.9423853646947018,0.9441240773956383,0.012313486497424584,0
4,51,1373,0.942232630757221,0.943895655306917,0.01232130370273617,0
4,10,1373,0.9422071751009742,0.9443265216608053,0.01369722513611577,0
4,53,1373,0.9421725815168438,0.9439558873058518,0.01228415898014771,0
4,52,1373,0.9421125322764667,0.9440411050104563,0.012228340075169998,0
4,43,1373,0.9420524830360897,0.943762293776549,0.012662459649185831,0
4,24,1373,0.9420289855072463,0.9443039379247504,0.012658727252196468,0
4,50,1373,0.9419924337957126,0.9439071429876846,0.01224644670407852,0
4,55,1373,0.9419924337957125,0.9438454750286539,0.01253456476879511,0
4,18,1373,0.9419695889760038,0.9442195556878379,0.013416234908551669,0
4,85,1373,0.9419323845553355,0.9434119717298618,0.012664883891719395,0
5,31,1373,0.9419101924447612,0.9415581211375939,0.0117037531140714,0
4,41,1373,0.9418507959135186,0.9439723877927727,0.012702836605048189,0
4,84,1373,0.9418122860745811,0.943133264929416,0.012808276281338541,0
4,56,1373,0.941791399382276,0.9437211731010732,0.012437194071651204,0
4,57,1373,0.941791399382276,0.9436902869048273,0.012413808016966345,0
4,86,1373,0.9417522368342041,0.9434835869761031,0.01269623422032069,0
5,32,1373,0.941692187593827,0.9411410138922612,0.011392012288702066,0
4,44,1373,0.9416921875938269,0.9438724710784583,0.012583903374160038,0
4,61,1373,0.9416921875938269,0.9431913038256587,0.01255489984340553,0
4,42,1373,0.9416726063197909,0.9440177902401709,0.012747496788648905,0
4,87,1373,0.9416321383534498,0.9431996062858501,0.012724800434224413,0
4,68,1373,0.9416321383534498,0.942435623298061,0.012447180044821954,0
4,27,1373,0.9416132097885483,0.9450846824831145,0.012462932568615456,0
4,74,1373,0.9415720891130728,0.9425297700636261,0.012365838284393754,0
4,69,1373,0.9415720891130728,0.9425955892527524,0.01238298433698982,0
4,48,1373,0.9415538132573057,0.9441019636101603,0.012230549017431386,0
4,88,1373,0.9415120398726956,0.9432446171077676,0.012720425221085456,0
5,30,1373,0.9414519906323185,0.9413596975606954,0.011871246603423095,0
4,49,1373,0.9414519906323185,0.943720885909054,0.012284195242243863,0
5,33,1373,0.9414350201948206,0.9410912774562097,0.011499213758852656,0
4,26,1373,0.9414350201948206,0.9448686618679489,0.012428885695851133,0
4,16,1373,0.9413919413919414,0.9445105595283785,0.013592074097835832,0
4,90,1373,0.9413919413919414,0.9430677851490396,0.012821525456144652,0
4,59,1373,0.9413756236635781,0.9434407431485122,0.012486467559045008,0
4,58,1373,0.9413756236635781,0.94350084460562,0.01248549921523059,0
4,83,1373,0.9413318921515643,0.942708664583219,0.012949112446674963,0
4,70,1373,0.9413318921515643,0.9424576848668083,0.012466959030670025,0
4,73,1373,0.9413318921515643,0.9425558262122766,0.012356661330329059,0
4,60,1373,0.9413318921515643,0.9434390722131277,0.01254651442146377,0
4,71,1373,0.9412718429111873,0.9423936149381624,0.012441486566625864,0
4,82,1373,0.9412718429111872,0.9425900542792917,0.012979216195445247,0
4,89,1373,0.9412117936708101,0.943106007795958,0.012786087879956764,0
4,67,1373,0.9412117936708101,0.942435283889311,0.012618212416158943,0
4,81,1373,0.9412117936708101,0.9426853498129336,0.012889278718099095,0
4,62,1373,0.94121179367081,0.9426562389855333,0.012546963026454819,0
4,63,1373,0.9411517444304329,0.942308423341923,0.012579329113087298,0
4,47,1373,0.9411517444304329,0.9437814312083733,0.01234609730667349,0
4,79,1373,0.9410916951900559,0.9424039538508535,0.012795301088124772,0
4,80,1373,0.9410916951900559,0.942511415882763,0.012808299451165675,0
4,19,1373,0.9410316459496788,0.9441779128450546,0.013367957698194469,0
4,20,1373,0.9410192444761225,0.9440035350726725,0.013058699511095524,0
5,29,1373,0.9409715967093016,0.9409541041044962,0.01191918440025191,0
4,45,1373,0.9409715967093016,0.9436979888726147,0.012638525472334888,0
4,72,1373,0.9409715967093015,0.9422859701476951,0.012387537776921611,0
5,35,1373,0.9409004514136374,0.940575637239928,0.011824742185819033,0
4,65,1373,0.9408514982285474,0.9421650361992486,0.012659563258829743,0
5,34,1373,0.9408410548823949,0.9406564426307833,0.01156050661321257,0
4,66,1373,0.9407914489881704,0.9422440662212579,0.012650349510985004,0
4,17,1373,0.9407816583511522,0.9436714105566564,0.013495755199656274,0
4,25,1373,0.9407222618199097,0.9442949044303285,0.012605341043073712,0
5,37,1373,0.9406713505074162,0.9403624102198586,0.011969080584834969,0
4,46,1373,0.940611301267039,0.9435332711954237,0.012381387953345696,0
4,64,1373,0.9404912027862848,0.942055381064647,0.012685010951058909,0
4,75,1373,0.9404912027862847,0.9424412627049833,0.012485433015635377,0
4,77,1373,0.9404912027862847,0.9425148882953586,0.012774767197231236,0
4,23,1373,0.9404846756949394,0.9438723405366314,0.012761722107790535,0
5,36,1373,0.9404311535459077,0.940174168905459,0.011973134831548653,0
4,78,1373,0.9403711043055305,0.9424224907902741,0.01277240694875686,0
6,30,1373,0.9402510058247764,0.9414841300301029,0.013595017706155888,0
4,21,1373,0.9402510058247763,0.9436800785339631,0.012942967828241838,0
5,28,1373,0.9401309073440222,0.9404270806409082,0.011894537422121558,0
4,76,1373,0.940130907344022,0.9425580193149686,0.012621321282364118,0
5,38,1373,0.940130907344022,0.9399756670034647,0.011874893817750958,0
4,22,1373,0.9399501069137562,0.9432387166171915,0.012841992748484401,0
6,29,1373,0.9399501069137561,0.9412907453677232,0.013948704161083422,0
6,32,1373,0.9398306611421365,0.9411344345841851,0.013412297084083261,0
5,43,1373,0.9397706119017595,0.9391370140906848,0.011588230386428325,0
6,36,1373,0.9397125207887859,0.940517989969166,0.013504133190002245,0
5,39,1373,0.9396505134210053,0.939195079095293,0.011969748821461323,0
6,34,1373,0.9395937277263009,0.9405243343019536,0.013557873229408105,0
6,31,1373,0.9395904641806281,0.9411695764439884,0.013486644961333649,0
5,27,1373,0.939530414940251,0.9401400713802708,0.011780364670852651,0
5,26,1373,0.9394749346638157,0.9397208493573425,0.011608711547649076,0
5,8,1373,0.939470365699874,0.9396262587495658,0.013672360213476073,0
6,37,1373,0.9394703656998737,0.9401520812283463,0.013478253331666053,0
5,53,1373,0.9394155381325731,0.9394542307300682,0.011411928769443,0
5,44,1373,0.9394103164594967,0.9388382299572606,0.011671813283641558,0
6,50,1373,0.9393561416013305,0.9399747532106763,0.012889632219327535,0
6,33,1373,0.9393561416013304,0.9406473830279958,0.013356328194063535,0
5,40,1373,0.9393502672191197,0.938905693973406,0.011859490988799164,0
5,52,1373,0.9392967450700879,0.9393284406256608,0.011369709437207479,0
6,28,1373,0.9392967450700879,0.9409875750289151,0.01382873551505743,0
6,35,1373,0.9392301687383654,0.9402250802179526,0.013385607519364852,0
6,52,1373,0.9391185554763601,0.9401608536391144,0.012717603474234613,0
6,38,1373,0.9391185554763601,0.9396177996391825,0.013412634401869492,0
6,54,1373,0.9391185554763601,0.9397991483451213,0.012753098538422599,0
5,41,1373,0.9390591589451176,0.9390063156135858,0.011881550962051401,0
6,84,1373,0.9390591589451176,0.9391537234445289,0.012741084373240735,0
6,53,1373,0.9390591589451176,0.9398839744242453,0.012826622696954617,0
5,11,1373,0.9389899717768572,0.9399823507450021,0.014027204890098479,0
5,45,1373,0.9389899717768571,0.9387741861369802,0.011583602084954965,0
5,50,1373,0.9389899717768571,0.9392691224195144,0.011326319190792671,0
6,67,1373,0.9389403658826324,0.9386125492469043,0.012689625201818246,0
6,27,1373,0.9389299225364799,0.9404272633994659,0.013792538072721239,0
5,54,1373,0.9389299225364799,0.9389845412368577,0.011469563209942642,0
5,51,1373,0.9389299225364799,0.9394761878653539,0.011339606873988745,0
6,51,1373,0.9389299225364798,0.9399563468130823,0.012808664715238331,0
6,55,1373,0.9388809693513899,0.9396034661465879,0.01272169587701225,0
5,25,1373,0.9388098240557258,0.9393088854599903,0.011532374596781273,0
6,56,1373,0.9388098240557257,0.9392931943323961,0.01274193474418108,0
6,26,1373,0.9387621762889048,0.9401703570841132,0.013929849318744244,0
5,56,1373,0.9387621762889047,0.9386610324814173,0.011515911674154904,0
5,85,1373,0.9387027797576621,0.9388898723039848,0.011757836127452568,0
6,39,1373,0.9387027797576621,0.9393118618136438,0.013330853415088934,0
5,55,1373,0.9387027797576621,0.9387724368764997,0.011466864729728073,0
6,89,1373,0.9387027797576621,0.9390859461279989,0.012875440328067247,0
6,82,1373,0.938702779757662,0.9388983575227339,0.012846349585293638,0
5,90,1373,0.9386433832264196,0.9387349191554466,0.011952577798293187,0
6,57,1373,0.9386296763345943,0.9389921909879145,0.012806702124860497,0
6,66,1373,0.9385839866951771,0.938416527639621,0.012670714162937566,0
6,83,1373,0.9385696270942172,0.9392016061866383,0.012634971289407727,0
6,85,1373,0.9385245901639345,0.9389215417511926,0.012715036529030076,0
6,10,1373,0.9385245901639345,0.9394886154472755,0.01600921269530818,0
6,75,1373,0.9385245901639344,0.9384848271234586,0.01276143772675331,0
6,64,1373,0.9385245901639344,0.938421253253755,0.012728854267623269,0
5,89,1373,0.9385245901639344,0.9384696320548066,0.011952075486392601,0
5,84,1373,0.9384651936326919,0.9389501304112852,0.011769352586162615,0
6,86,1373,0.9384651936326919,0.9388714920147564,0.012744254318524809,0
6,65,1373,0.9384651936326919,0.9384911714562462,0.012686790936803305,0
6,25,1373,0.9384651936326919,0.939638921306776,0.013672546489258844,0
5,87,1373,0.9384651936326919,0.938527227108838,0.011913731217698283,0
6,63,1373,0.9384651936326918,0.9383468705207835,0.012831442754150704,0
6,24,1373,0.9384495286134631,0.9392251820405777,0.013629271056395118,0
6,40,1373,0.9384495286134631,0.9395458710925567,0.013302323823554906,0
6,41,1373,0.9384495286134631,0.939357551453061,0.013137253838380434,0
6,76,1373,0.9384057971014493,0.9383351739730926,0.012854129453997266,0
6,58,1373,0.9384057971014492,0.9388877053096581,0.012838060677853305,0
6,47,1373,0.9383464005702067,0.939507204603427,0.01289119280436215,0
6,79,1373,0.9383464005702067,0.9384905448554771,0.012746968641956374,0
6,45,1373,0.9383464005702067,0.9394543090551644,0.01294188805929253,0
5,88,1373,0.9383464005702067,0.9384458473339444,0.011981291786375895,0
6,88,1373,0.9383464005702067,0.938863528963315,0.012840027993338138,0
6,46,1373,0.938329430132709,0.9396549779514853,0.012923238591787546,0
6,81,1373,0.9382870040389641,0.9387031452747776,0.01280356933529528,0
6,49,1373,0.9382870040389641,0.9396762301609058,0.012966270688563538,0
6,48,1373,0.9382870040389641,0.9398024902158901,0.012939914335157586,0
6,23,1373,0.9382693808923317,0.9386498058843035,0.013774667975563749,0
6,87,1373,0.9382276075077216,0.9388448092653366,0.012892379888309165,0
6,74,1373,0.9382276075077215,0.9386185541709419,0.012764679631021068,0
6,60,1373,0.9382093316519546,0.9384343596531766,0.012992782629259073,0
6,61,1373,0.9382093316519545,0.9381700124536902,0.012970036088229232,0
6,62,1373,0.938168210976479,0.9380677459864915,0.012881219206421723,0
5,13,1373,0.9381492824115775,0.9403000373349626,0.013650210354856787,0
5,57,1373,0.9381492824115774,0.9384295557139463,0.011697985861576499,0
6,68,1373,0.9381088144452364,0.938303086792039,0.012564202707637862,0
5,14,1373,0.9380892331712004,0.9395794986671678,0.013355737738015577,0
6,77,1373,0.9380494179139939,0.9383259577201131,0.012841420585969867,0
7,54,1373,0.9380494179139938,0.9368866035366392,0.012822646934793794,0
7,55,1373,0.9380494179139938,0.9365815011787927,0.012964274948128,0
5,70,1373,0.9380291839308232,0.9375221594751174,0.01172319851038331,0
5,68,1373,0.9380291839308232,0.9378311519794057,0.011909969038444487,0
6,59,1373,0.9380291839308232,0.9385852660050805,0.012827100674218392,0
5,23,1373,0.9379900213827512,0.9385668857158522,0.01177227395803527,0
6,90,1373,0.9379900213827512,0.9389475195747469,0.01285947977364501,0
5,69,1373,0.9379900213827512,0.9375813210310716,0.011767650610017931,0
6,21,1373,0.9379306248515087,0.9382424892759889,0.01410332600816803,0
7,53,1373,0.9379306248515087,0.9368695025573145,0.01287617976772087,0
6,11,1373,0.9379306248515087,0.9389551432174383,0.015947351012128914,0
6,78,1373,0.9379306248515086,0.9384073113866414,0.0127903570845498,0
5,12,1373,0.9379090854500691,0.9393730598220976,0.014089712910607307,0
6,22,1373,0.9379090854500691,0.9387403758038113,0.0138300151118687,0
5,86,1373,0.9378712283202661,0.9385078547017249,0.011810127003204303,0
6,80,1373,0.937871228320266,0.9385264960746074,0.012827012769757715,0
6,44,1373,0.937849036209692,0.9392010840193307,0.012943671117644545,0
6,12,1373,0.9378490362096918,0.9396104370801449,0.015577340179699329,0
6,42,1373,0.9378490362096918,0.9393119140303745,0.013220696549447785,0
6,73,1373,0.9378118317890235,0.938212777956185,0.012593888015003806,0
5,74,1373,0.9377889869693149,0.937458533388683,0.011737061207382785,0
6,43,1373,0.9377524352577808,0.9391801451102948,0.013089320950115016,0
5,64,1373,0.9377289377289377,0.9374682457006048,0.011831241615488125,0
6,72,1373,0.9376930387265384,0.938270216360024,0.012510011920570465,0
7,52,1373,0.9376930387265383,0.9368783794015441,0.013029641936715686,0
5,24,1373,0.9376336421952959,0.9385164443539353,0.011668821205925906,0
6,70,1373,0.9376336421952958,0.9382669267059859,0.012487981541947307,0
5,10,1373,0.9376336421952958,0.9387672935285195,0.01355932941601106,0
7,56,1373,0.9376336421952958,0.9363384584054577,0.012893013451540295,0
6,69,1373,0.9375742456640532,0.9382409488824314,0.012496116412805956,0
7,57,1373,0.9375148491328107,0.9361645766920178,0.012938537298484269,0
6,71,1373,0.9375148491328107,0.9383704202663575,0.01252135030027674,0
5,75,1373,0.9374887407674293,0.9375682146316501,0.0117767158879531,0
7,51,1373,0.937336659539083,0.9371960137747735,0.01309500853027429,0
6,14,1373,0.9373366595390829,0.9380956297207189,0.014947851737716178,0
5,18,1373,0.937308593046298,0.938376268540203,0.01289878667255318,0
7,82,1373,0.9372772630078403,0.9366383651985933,0.01283686253039582,0
5,9,1373,0.9372485438059208,0.9385645881796987,0.01340843631073516,0
5,20,1373,0.9372178664765978,0.9382963508337707,0.012394858120482771,0
7,87,1373,0.9372178664765978,0.9364270440891967,0.013075862884037955,0
6,16,1373,0.9372178664765977,0.9378149125761385,0.01482847399593556,0
7,83,1373,0.9371884945655438,0.9365570115320649,0.012975262293230407,0
6,9,1373,0.9371584699453551,0.9380881366198544,0.015174774191466772,0
7,50,1373,0.9371284453251667,0.9369360527806715,0.013181742885951695,0
7,59,1373,0.9370990734141127,0.93560640594853,0.0129743513661003,0
7,88,1373,0.9370990734141126,0.9366970306956053,0.012993240895285535,0
7,36,1373,0.93703967688287,0.9363464997819952,0.014248035716884364,0
5,19,1373,0.9370083468444125,0.9383552774144363,0.012612000370089258,0
5,16,1373,0.9370083468444124,0.9382418626752198,0.012931386568812864,0
7,86,1373,0.9369802803516275,0.9364179844864092,0.013115311592161057,0
7,90,1373,0.936920883820385,0.9366562233205141,0.012886376952468248,0
6,17,1373,0.9369208838203849,0.9378928721551673,0.014641109102612009,0
7,35,1373,0.9368882483636582,0.9362297692803752,0.014307750282971413,0
7,81,1373,0.9368882483636582,0.9363379884548807,0.012866209471094575,0
7,31,1373,0.9368882483636582,0.9369579054824956,0.013842837443040299,0
5,78,1373,0.9368882483636582,0.9374520324057032,0.011836482759314187,0
7,89,1373,0.9368614872891423,0.9365963046219639,0.013016717071172417,0
7,85,1373,0.9368614872891423,0.9363822421342023,0.013104167273335564,0
7,30,1373,0.9368281991232811,0.9369815857698965,0.013946619602898742,0
7,58,1373,0.9368020907578998,0.9358171526738882,0.012822191824590304,0
7,60,1373,0.9368020907578997,0.9354547424540296,0.012905327182085737,0
7,84,1373,0.936768149882904,0.9363081204848847,0.013127822762613508,0
7,47,1373,0.9367426942266571,0.9363750884420877,0.013311585034732912,0
7,29,1373,0.9367081006425269,0.9371961443166005,0.014121845487196335,0
6,13,1373,0.9366239011641719,0.9387792250514988,0.015267062380407096,0
5,17,1373,0.9365880021617727,0.9385131285915321,0.012990178451469677,0
7,66,1373,0.9365880021617726,0.935696845326211,0.012747863055601825,0
5,21,1373,0.9365645046329295,0.9377361697461484,0.01206842791063415,0
5,47,1373,0.9365645046329295,0.9369989478328752,0.011971647607577419,0
6,15,1373,0.9365645046329294,0.9375872737383785,0.014863438381543395,0
7,48,1373,0.9365645046329294,0.9364157391669865,0.013188779828382229,0
7,49,1373,0.9365279529213956,0.9368715129014489,0.01308550071011182,0
5,42,1373,0.9364457115704443,0.9366261203752295,0.01251362041444744,0
7,80,1373,0.9363863150392017,0.9361061461702943,0.012727500357822417,0
7,41,1373,0.9363863150392017,0.9355490719781525,0.01381045162028891,0
7,39,1373,0.9363863150392017,0.9357498191995697,0.013966430581958553,0
5,46,1373,0.9363863150392017,0.9366500878546496,0.011997955390748464,0
7,79,1373,0.9363478052002643,0.9360131481728061,0.012759938540816765,0
7,77,1373,0.9363478052002642,0.9358537043854221,0.01262497475493221,0
7,37,1373,0.9363478052002642,0.9357473389048585,0.014212886726884862,0
7,42,1373,0.936326918507959,0.9354752114124887,0.013734613496416333,0
7,45,1373,0.936326918507959,0.9361528018192309,0.013410228852278168,0
5,15,1373,0.9362877559598871,0.9389023259942719,0.013081967957039033,0
7,28,1373,0.9362675219767166,0.9370357606280629,0.014295215059098863,0
7,40,1373,0.9362675219767165,0.9355592020239206,0.013888690025599676,0
5,49,1373,0.9362675219767165,0.9369491069633622,0.011879619391679811,0
7,64,1373,0.9362277067195099,0.935699586704576,0.012706692833689677,0
7,34,1373,0.9362277067195099,0.9359714270049265,0.014225772453636168,0
7,62,1373,0.9362081254454739,0.9356007404332423,0.012783359988030653,0
7,68,1373,0.9361676574791329,0.9354229946817259,0.012648461940054409,0
7,61,1373,0.9361487289142314,0.9352711223203026,0.012879373560886406,0
7,46,1373,0.9361487289142314,0.9360981309021222,0.01332172489015985,0
7,65,1373,0.9361076082387558,0.9355228330709444,0.012676601764337693,0
7,78,1373,0.9361076082387558,0.9360654432286648,0.012725596455144334,0
6,20,1373,0.9360893323829889,0.9372939462533191,0.014088019037124002,0
6,19,1373,0.9360893323829889,0.9377197475843233,0.014248488947553251,0
7,67,1373,0.9360893323829886,0.9354177991170151,0.012730042428528104,0
7,32,1373,0.9360475589983787,0.9365400933112977,0.013866845055012395,0
6,8,1373,0.9360299358517463,0.9373910693725377,0.015244904457994092,0
7,27,1373,0.9360299358517463,0.9366758045945502,0.014174365984171185,0
7,43,1373,0.9360299358517462,0.9354221853223992,0.013551885222508985,0
7,33,1373,0.9359875097580016,0.9363746184915109,0.014206757083764036,0
7,63,1373,0.9359705393205038,0.9355218409530599,0.01278777638014264,0
5,48,1373,0.9359274605176245,0.9366680765183973,0.012012777523308022,0
6,18,1373,0.9359111427892611,0.9379074667314155,0.014440490118347176,0
7,70,1373,0.9358674112772474,0.9355571916797861,0.012486228532951326,0
7,74,1373,0.9358517462580186,0.9356093039770873,0.01277535113101094,0
7,69,1373,0.9358517462580185,0.9353681148976943,0.012629413368570258,0
7,44,1373,0.9357923497267759,0.9357872847038919,0.013450923879260895,0
7,38,1373,0.9357329531955334,0.9355701675373805,0.014065982151006682,0
7,75,1373,0.9356272143157389,0.93545954639326,0.012774036276605881,0
7,76,1373,0.9355671650753618,0.9355956493019929,0.01275010472820048,0
5,59,1373,0.9355547636018057,0.9361121510943322,0.012076838863601768,0
7,73,1373,0.9355547636018056,0.9357002916304412,0.012643299498237327,0
7,26,1373,0.935495367070563,0.9361250747351959,0.0144544783907153,0
7,71,1373,0.9354470665946075,0.935409026706247,0.012455022253420944,0
7,25,1373,0.9352577809455929,0.9358925014163789,0.014481171034252198,0
5,60,1373,0.9352577809455929,0.935788041846488,0.012101963714496199,0
7,72,1373,0.9351983844143502,0.9353994449361519,0.012572938893591493,0
5,58,1373,0.9350867711523451,0.9360137225568446,0.012067835013153132,0
7,21,1373,0.9349014017581373,0.934747336294022,0.014080758498715866,0
5,80,1373,0.9347826086956522,0.9355099877551767,0.0124824532507039,0
5,83,1373,0.9347232121644096,0.9358319039003287,0.012484295840880557,0
5,82,1373,0.934663815633167,0.9355217365195984,0.012512811365800531,0
7,16,1373,0.934606377229328,0.9340800064748745,0.015004246573687137,0
7,20,1373,0.934606377229328,0.9343632561308969,0.014255170386539413,0
5,62,1373,0.9346044191019245,0.9351909696385821,0.012258636989898911,0
5,72,1373,0.9346044191019244,0.9353448523441397,0.012233890099960575,0
5,79,1373,0.9345450225706818,0.9352067390912723,0.012459284928702064,0
7,24,1373,0.9344856260394393,0.9353154804330853,0.014316373746452282,0
5,67,1373,0.9344262295081966,0.9350753617966733,0.012175898989704483,0
7,22,1373,0.9343668329769541,0.9344223654701203,0.014122698642258581,0
7,11,1373,0.9343668329769541,0.9355168542552719,0.01568918704153114,0
5,81,1373,0.9343074364457116,0.9353718483939438,0.012449564838027448,0
5,61,1373,0.9343074364457116,0.9354725222508544,0.012151281591359397,0
7,23,1373,0.934248039914469,0.9349404598727479,0.014197413349942005,0
7,18,1373,0.9342460817870655,0.9339322331268162,0.01455963034277688,0
7,9,1373,0.9341886433832265,0.9349833298087041,0.016281072600180496,0
7,17,1373,0.9341860325466882,0.9339537464198905,0.014695919439317019,0
5,22,1373,0.9340659340659341,0.9357184630527468,0.01292123806554732,0
5,63,1373,0.9340104537894987,0.9348904623530427,0.012406563465993885,0
5,65,1373,0.934005884825557,0.935031813043217,0.012230188813831274,0
5,73,1373,0.9338916607270136,0.9345496437513545,0.012519546758531563,0
7,8,1373,0.9338916607270136,0.9336383573660837,0.015600182545963062,0
5,76,1373,0.9338916607270136,0.9352940454651076,0.012454062385870057,0
5,77,1373,0.933832264195771,0.9351754612695454,0.01251171667676126,0
7,15,1373,0.9338322641957709,0.9340280769361311,0.015115164913805245,0
5,71,1373,0.9337728676645285,0.9343386881590731,0.012539708472401741,0
7,19,1373,0.9335254909025401,0.933574705171284,0.01438664896814957,0
7,10,1373,0.9334758850083155,0.9347382505828693,0.016168358481717052,0
5,66,1373,0.9331789023521025,0.9345951245238487,0.012415082255061397,0
7,12,1373,0.9328819196958897,0.9348739618661215,0.015346836948673287,0
7,13,1373,0.9324661439771917,0.9343149817633067,0.015155474975859711,0
7,14,1373,0.932287954383464,0.9337852169213537,0.015151008289304572,0
1,34,1373,0.9759202546087793,0.9762800278837342,0.007084101034406416,1
1,32,1373,0.9756800576472708,0.9758489526629226,0.0071741759382762185,1
1,33,1373,0.9756200084068937,0.976108443706448,0.007148381611678414,1
1,35,1373,0.9755599591665166,0.9762300042556634,0.007254157715259149,1
1,31,1373,0.9755599591665166,0.9756344985496803,0.007235259642298734,1
1,9,1373,0.9755286291280589,0.9750402199368701,0.0073010930417624935,1
1,39,1373,0.9753504395343312,0.9752363459776148,0.007563261713353567,1
1,36,1373,0.9753197622050082,0.9759056861408963,0.007329631109489067,1
1,17,1373,0.9752910430030888,0.9751937371253122,0.007077147483401438,1
1,37,1373,0.9752597129646311,0.9755417616358458,0.007550682522860779,1
1,30,1373,0.9751396144838769,0.9753536247549077,0.007248479883810885,1
1,10,1373,0.9750795652434997,0.9748313269054537,0.007321437189481716,1
1,29,1373,0.9750195160031226,0.9750981543996511,0.007347949608162627,1
1,42,1373,0.9749346638156331,0.9749856534532229,0.007740952885412037,1
1,38,1373,0.9748752672843906,0.9754077996130741,0.007461663313926972,1
1,41,1373,0.974815870753148,0.975074186920231,0.0076771745500641446,1
1,16,1373,0.974815870753148,0.9749134377145782,0.0071671761024601,1
1,45,1373,0.9747192698012371,0.974721462903929,0.007683362857438276,1
1,28,1373,0.9745782846281777,0.9745636900519297,0.007468954807229907,1
1,21,1373,0.9745782846281776,0.9739390213018153,0.007397027346301453,1
1,43,1373,0.9744790728397287,0.9746353052981707,0.007848276642940842,1
1,44,1373,0.9744790728397287,0.9746591944524947,0.007759549494984334,1
1,27,1373,0.97440009503445,0.9741722734381323,0.007556325126856786,1
1,15,1373,0.97440009503445,0.9748677219667954,0.007039167213989637,1
1,46,1373,0.9743589743589745,0.974516956077897,0.0078018869938093795,1
1,18,1373,0.9743406985032075,0.9746646772092247,0.007296541622237355,1
1,20,1373,0.9742813019719648,0.9741539975823653,0.007428593064086715,1
1,40,1373,0.9742813019719648,0.9749978721682215,0.007632328051176309,1
1,12,1373,0.9742219054407223,0.9744894639691504,0.007415351232997774,1
1,25,1373,0.9741625089094796,0.973722400194246,0.00760121867667094,1
1,50,1373,0.9741031123782372,0.9741636576775563,0.007890200551902954,1
1,49,1373,0.9741031123782371,0.9740205577269012,0.0077280058123898945,1
1,26,1373,0.9740587281570888,0.9739657562679659,0.0075628672283775,1
1,8,1373,0.9739986789167118,0.9742658980363899,0.007247076360673214,1
1,22,1373,0.9739986789167118,0.9738003858816403,0.007510266671937908,1
1,19,1373,0.9739249227845094,0.9744192585746398,0.007356976503077158,1
1,51,1373,0.9738185311955805,0.9744289186698311,0.007803914702863473,1
1,48,1373,0.9738061297220243,0.9739136961873953,0.007717047227577106,1
1,23,1373,0.9736984327148261,0.9736429263300254,0.007435867849110981,1
1,11,1373,0.9736873366595391,0.974358608841859,0.00742161060609613,1
1,47,1373,0.9736383834744491,0.9740755941611251,0.007703006079685176,1
1,52,1373,0.9734582357533178,0.9742237852430297,0.007944626343304636,1
1,53,1373,0.9734497505345688,0.974230860610048,0.00791978371850947,1
1,14,1373,0.9734497505345688,0.9739856247340211,0.007223981037330477,1
1,54,1373,0.9733903540033262,0.9740450734819942,0.007814134970432127,1
1,24,1373,0.9733903540033261,0.9734332239392823,0.007655949150502188,1
1,55,1373,0.9733309574720836,0.9738135967145233,0.007869748481453836,1
1,13,1373,0.9732121644095985,0.9739164897824911,0.007284890127638335,1
1,57,1373,0.9730339748158707,0.9738516888196146,0.007808305512870649,1
1,68,1373,0.9727963886909005,0.9724776838746904,0.008264542886476189,1
1,90,1373,0.9727369921596578,0.9728711369409873,0.008536063179436462,1
1,56,1373,0.9726775956284153,0.9737969917941407,0.007895226766470465,1
1,84,1373,0.9726775956284153,0.9727673561885963,0.00869649997074714,1
1,78,1373,0.9726181990971726,0.9725565833548725,0.008456636381072942,1
1,79,1373,0.9725588025659301,0.9725472104517009,0.008494503169048099,1
1,85,1373,0.97255880256593,0.9725908897469837,0.008624594608146283,1
1,58,1373,0.9724994060346875,0.9736607061268501,0.007934694253817879,1
1,76,1373,0.9724400095034449,0.9727570433842707,0.008338425912323515,1
1,77,1373,0.9724400095034449,0.9726307050041904,0.008415261507983805,1
1,69,1373,0.9723806129722024,0.9724108725676794,0.008262230492565607,1
1,83,1373,0.9723806129722024,0.9726144656009231,0.008638304890676796,1
1,89,1373,0.9723806129722024,0.9728904571313696,0.008515980880140269,1
1,88,1373,0.9723212164409598,0.9728861492510815,0.008542326596922684,1
1,67,1373,0.9722618199097173,0.9726327414566902,0.008223183946604217,1
1,72,1373,0.9722618199097173,0.9724508705834437,0.008378731649220168,1
1,59,1373,0.9722618199097173,0.9734681569321627,0.007984020996084798,1
1,65,1373,0.9722024233784747,0.9726374670708242,0.008244542131721514,1
1,87,1373,0.9722024233784747,0.9728312172503191,0.00857159789495375,1
1,71,1373,0.9722024233784747,0.9724391479273875,0.008309549985425789,1
1,86,1373,0.9721430268472322,0.9725620400032373,0.008645058212233785,1
1,75,1373,0.972143026847232,0.9726685621339933,0.008322608879400816,1
1,70,1373,0.972143026847232,0.9724058075447953,0.008237077195206789,1
1,73,1373,0.9720836303159894,0.972386330704221,0.008391481113420593,1
1,80,1373,0.972024233784747,0.9725354616872792,0.008518178561979355,1
1,74,1373,0.9720242337847469,0.9725662173416985,0.00832077090634209,1
1,64,1373,0.9720242337847469,0.9728928591009846,0.008217985118956049,1
1,82,1373,0.9719054407222618,0.9726141261921732,0.008528485652024489,1
1,66,1373,0.9718460441910193,0.9726877517825485,0.008237837488847285,1
1,61,1373,0.9718369062631358,0.9732933875343,0.00809354290435178,1
1,60,1373,0.9718369062631357,0.9733150052608356,0.007947770861638956,1
1,63,1373,0.9717866476597767,0.9731501309334525,0.00806963707196162,1
1,81,1373,0.9717866476597766,0.9725568705468919,0.0085275965305408,1
1,62,1373,0.9717768570227587,0.9731000811970163,0.008031839783082074,1
2,34,1373,0.9660721791869332,0.9648730219649677,0.009439242989059102,1
2,33,1373,0.9660721791869332,0.9649871155216843,0.009342247754576309,1
2,32,1373,0.965312425754336,0.9648128682911292,0.009405353668485494,1
2,35,1373,0.9652915390620308,0.96470613729345,0.009242256944726005,1
2,14,1373,0.9649560465668805,0.9636610194272346,0.010616208591693745,1
2,36,1373,0.9649312436197683,0.9646011816646173,0.009393408238797588,1
2,50,1373,0.9648711943793911,0.9633196525498735,0.00926481759790571,1
2,41,1373,0.9648372535043953,0.9636966834543454,0.00966809782500699,1
2,49,1373,0.9646910466582598,0.9630477861411575,0.009256163183630008,1
2,16,1373,0.964599667379425,0.9630191713726995,0.010626340933893441,1
2,51,1373,0.9645709481775055,0.9630236097948144,0.009155453937778477,1
2,44,1373,0.9643908004563743,0.9633367013124676,0.009437542390699279,1
2,17,1373,0.9643620812544548,0.962440766646041,0.010822605888001527,1
2,19,1373,0.9643620812544548,0.9621171012404084,0.010758799032710294,1
2,37,1373,0.9643620812544547,0.9644191019244477,0.009470496463026449,1
2,43,1373,0.9643026847232122,0.9632774614314172,0.009591926037849844,1
2,15,1373,0.9643026847232121,0.9633834613948656,0.0105834475902851,1
2,39,1373,0.96427070197562,0.9640957498191995,0.009701923111688698,1
2,30,1373,0.9642432881919696,0.9643150078716721,0.009274214378217092,1
2,56,1373,0.9642106527352429,0.9629959088191447,0.008859322094722556,1
2,31,1373,0.964183891660727,0.9644462546244442,0.009302943398181463,1
2,13,1373,0.9641506034948658,0.9626441508123618,0.01105555707981238,1
2,53,1373,0.9641506034948657,0.9628451852257982,0.009064406449972291,1
2,45,1373,0.9641244951294845,0.9630293797435637,0.009608285619827238,1
2,42,1373,0.9641244951294844,0.9634180288706304,0.009808471059273925,1
2,48,1373,0.9640905542544886,0.9629072187019443,0.00934553484981419,1
2,9,1373,0.964065098598242,0.9632907244810309,0.01019887451884551,1
2,52,1373,0.9640305050141116,0.963042956093562,0.00915827385132712,1
2,55,1373,0.9640305050141116,0.9629599837083799,0.008994130144362063,1
2,27,1373,0.9640057020669993,0.9627028424177391,0.009758680159450224,1
2,40,1373,0.9640057020669993,0.9640932956328537,0.009814104689572577,1
2,46,1373,0.9640057020669992,0.962754458656098,0.009542339844879882,1
2,47,1373,0.9640057020669992,0.9627186901955256,0.009465544760042579,1
2,38,1373,0.9639104065333572,0.9642407556805276,0.009657662600070656,1
2,20,1373,0.9638869090045141,0.9624417848722909,0.010620336718501832,1
2,26,1373,0.9638503572929802,0.962244483955104,0.009975781240771657,1
2,29,1373,0.9637681159420289,0.9636746479939639,0.00923851235117549,1
2,54,1373,0.9637302588122261,0.9628503285737783,0.00900780988813367,1
2,28,1373,0.9637087194107864,0.9633953145927485,0.009338025112627267,1
2,60,1373,0.9636702095718489,0.9620302909255155,0.009140831122165821,1
2,62,1373,0.9635501110910947,0.9617561008722804,0.009173429410751806,1
2,57,1373,0.9635501110910947,0.9626568133695718,0.008984584004970722,1
2,61,1373,0.9634900618507176,0.9618401175920778,0.009185375233853767,1
2,63,1373,0.9634117367545735,0.9614895083533714,0.009272667679837083,1
2,58,1373,0.9633699633699633,0.9624234045830624,0.008999523045482424,1
2,8,1373,0.9633523402233309,0.9630415723501968,0.010216581393107747,1
2,21,1373,0.9633523402233308,0.9621354293129061,0.01041957625186088,1
2,73,1373,0.9633099141295862,0.9612841138429163,0.009456193100954276,1
2,59,1373,0.9633099141295862,0.9621522169918463,0.00909188882517053,1
2,18,1373,0.9632929436920884,0.9621601539349223,0.010745785212897905,1
2,25,1373,0.9632929436920883,0.9619975771436926,0.010202014541424708,1
2,72,1373,0.9632498648892092,0.9612432020343639,0.00939744915877857,1
2,74,1373,0.9632498648892092,0.9613099872330093,0.009468271430150312,1
2,88,1373,0.9631898156488321,0.9620907056830079,0.009375549499176444,1
2,76,1373,0.9631297664084549,0.9610915124314982,0.009396590461962,1
2,10,1373,0.9631147540983607,0.9629755704025126,0.010755402983485894,1
2,75,1373,0.9630697171680779,0.9614059093674204,0.0094097410513303,1
2,69,1373,0.9630697171680778,0.9613174803338738,0.009331512549485091,1
2,70,1373,0.9630697171680778,0.9612410350400371,0.009321639539210273,1
2,71,1373,0.9630697171680778,0.9612980818183955,0.00938381879502462,1
2,89,1373,0.9630697171680778,0.9620810194794513,0.009395016460569283,1
2,90,1373,0.9630697171680778,0.9621379096076172,0.009388197384761853,1
2,82,1373,0.9630697171680778,0.9613541625872345,0.00967151861719406,1
2,68,1373,0.9630553575671181,0.9612389985875376,0.009288876746315173,1
2,11,1373,0.9630553575671181,0.9629386009571328,0.01083432759988926,1
2,22,1373,0.963055357567118,0.9620012584232113,0.010319974371973732,1
2,67,1373,0.9629959610358755,0.9613086034896441,0.009260836799680849,1
2,77,1373,0.9629496186873236,0.9610317242747749,0.009515208221289697,1
2,87,1373,0.9629496186873236,0.9620314135852267,0.00950893536718748,1
2,86,1373,0.9629365645046329,0.961886016098418,0.009554471240787512,1
2,81,1373,0.9628895694469465,0.9613037212253177,0.009736558708646698,1
2,84,1373,0.9628177714421478,0.961582584675956,0.009569729712637823,1
2,85,1373,0.9627694709661923,0.9616563930248891,0.009594104277325963,1
2,12,1373,0.9627583749109052,0.962529900605453,0.01075095800279244,1
2,23,1373,0.9627094217258152,0.9614577605810676,0.010477385369148395,1
2,83,1373,0.9626493724854381,0.9615590088220167,0.009532170277521377,1
2,24,1373,0.96263958184842,0.9617375378244942,0.010328312213347955,1
2,80,1373,0.962589323245061,0.9611794976228333,0.009754489665866294,1
2,64,1373,0.9625801853171775,0.9612436719849407,0.009252600276894089,1
2,78,1373,0.9624091755239297,0.9611580365464897,0.009587628870042992,1
2,65,1373,0.9623425991922072,0.9611511439380291,0.009329949936377178,1
2,66,1373,0.9621644095984794,0.9611945621496584,0.009378252261079759,1
2,79,1373,0.9621089293220441,0.9611101799127458,0.009661040383550458,1
3,32,1373,0.9587461718609259,0.9580432302313985,0.010613813459239035,1
3,33,1373,0.9586861226205488,0.9579648268101583,0.010619238859298375,1
3,31,1373,0.958600617723925,0.957933575096797,0.01054727085780774,1
3,34,1373,0.9584224281301973,0.9577244993068228,0.010632144072833362,1
3,35,1373,0.9578454332552693,0.957708207686825,0.010702490519852738,1
3,30,1373,0.9577853840148922,0.9574861821476219,0.01070784156391831,1
3,36,1373,0.957665285534138,0.9574118777397466,0.010667147079121121,1
3,29,1373,0.9575314801615586,0.957049049786042,0.01082607624052858,1
3,13,1373,0.9574851378130067,0.9558556886211912,0.012517579377762631,1
3,38,1373,0.957064793130367,0.9567979656361695,0.010848413794718069,1
3,37,1373,0.9570647931303669,0.957037483780178,0.010802972466269276,1
3,15,1373,0.9569446946496127,0.9558630511802286,0.012251158966410658,1
3,16,1373,0.9569446946496127,0.955023928316872,0.01243175727411239,1
3,14,1373,0.9567645469284815,0.9556095911691065,0.01249072390121432,1
3,39,1373,0.95658439920735,0.9567842326359789,0.010958972185206617,1
3,86,1373,0.9562841530054644,0.955240131690595,0.01127029515489088,1
3,87,1373,0.9561653599429792,0.9552137883499252,0.011142485957776596,1
3,40,1373,0.9561640545247102,0.9564051391706415,0.01098339981354857,1
3,53,1373,0.9561059634117368,0.9554512961497994,0.010491382905352889,1
3,49,1373,0.9561059634117367,0.956434876598811,0.010499828043885146,1
3,55,1373,0.9560465668804943,0.9559604614914666,0.010498440476484362,1
3,50,1373,0.9560465668804943,0.9560983397690453,0.010578186397240945,1
3,27,1373,0.9560465668804942,0.9559143802265683,0.010901646340835333,1
3,28,1373,0.955927773818009,0.9563932076476624,0.01078395591985867,1
3,85,1373,0.9559238575632019,0.9551256465083978,0.011345403557964607,1
3,43,1373,0.9558683772867664,0.9559399403162767,0.01079561265959333,1
3,48,1373,0.9558683772867664,0.956031424028573,0.010536107717166425,1
3,58,1373,0.9558089807555239,0.9552785109877056,0.010787633058260198,1
3,54,1373,0.9558089807555239,0.9557860315023535,0.01052810303140746,1
3,47,1373,0.9558089807555239,0.9557975191831214,0.010619172599434722,1
3,12,1373,0.9558037590824476,0.9548352170518954,0.012678597518371143,1
3,88,1373,0.9557495842242812,0.9550319174766786,0.011291773305163377,1
3,46,1373,0.9556236113613162,0.9557123536952474,0.01085962213061513,1
3,51,1373,0.9555713946305536,0.9558741733438813,0.01048316291148617,1
3,56,1373,0.9555713946305536,0.9556906315352502,0.010555610704155125,1
3,89,1373,0.9555713946305535,0.9548957101344843,0.011289054268082365,1
3,52,1373,0.9555635621209392,0.9556518867210242,0.01048354199752288,1
3,41,1373,0.9554526015680684,0.9557752226390858,0.011123458756552358,1
3,42,1373,0.955443463640185,0.9557135807884203,0.01091511208369252,1
3,44,1373,0.955443463640185,0.9557490881653389,0.010943952200957842,1
3,45,1373,0.9553834143998079,0.955607371958049,0.010951983956933909,1
3,79,1373,0.9553338085055832,0.9545649432534679,0.011348502554762887,1
3,57,1373,0.9553338085055832,0.9554117158678812,0.010660470801427806,1
3,84,1373,0.9553338085055831,0.9548087431693989,0.01123208983723149,1
3,90,1373,0.9553338085055831,0.9548549549761237,0.011342865182430507,1
3,61,1373,0.9552150154430982,0.9547636801307506,0.010853750051053197,1
3,17,1373,0.9552032666786765,0.9546357491403821,0.012417129350320242,1
3,60,1373,0.955096222380613,0.9547303919648895,0.010838514456417765,1
3,81,1373,0.9550962223806129,0.9546632412491286,0.011186502379036817,1
3,82,1373,0.9549774293181278,0.9547632623969045,0.011152148123388881,1
3,78,1373,0.954963069717168,0.9544811092922282,0.011438637719667312,1
3,70,1373,0.9549180327868853,0.954260363062929,0.011401460536463069,1
3,80,1373,0.9549180327868851,0.954563089559526,0.011311369189332562,1
3,83,1373,0.9548586362556426,0.9547300525561395,0.011201565800775679,1
3,26,1373,0.9547992397244001,0.9551342883773389,0.011259849752099168,1
3,8,1373,0.9547398431931575,0.9551155425709952,0.012379852822341539,1
3,18,1373,0.9547228727556597,0.9544779762883826,0.012340825675698108,1
3,10,1373,0.9547228727556596,0.9550933765687862,0.012526189533897471,1
3,67,1373,0.954680446661915,0.9541957448586103,0.011064367435630959,1
3,59,1373,0.954680446661915,0.9540751764272791,0.01122840863143113,1
3,77,1373,0.9546628235152825,0.9545933491550028,0.011281316682523893,1
3,64,1373,0.9546210501306724,0.9541284374926571,0.011126983172436296,1
3,24,1373,0.9546210501306723,0.9546460097279769,0.011618565092215179,1
3,74,1373,0.9545616535994298,0.9545747077821204,0.011207214356039923,1
3,62,1373,0.9545616535994298,0.9544820491933822,0.01094579907699804,1
3,68,1373,0.9545616535994298,0.9541888522501495,0.01116401738240165,1
3,72,1373,0.9545616535994298,0.9541827428926503,0.011363568313825182,1
3,71,1373,0.9545022570681871,0.9542891605899446,0.011374145811258491,1
3,66,1373,0.9544428605369447,0.9541863980638037,0.01095089812078384,1
3,65,1373,0.9544428605369446,0.954090371495931,0.011077438053601498,1
3,25,1373,0.9544428605369446,0.9545800861053891,0.011490332015989358,1
3,69,1373,0.9544428605369446,0.9541533709815961,0.011281350514670652,1
3,23,1373,0.9543240674744594,0.954347434461476,0.011772451089824174,1
3,63,1373,0.9542646709432169,0.9542744354718694,0.011021538756290758,1
3,9,1373,0.9542424788326428,0.9552207853918475,0.012622066306197154,1
3,75,1373,0.9541824295922656,0.9543625773133969,0.011237573718729642,1
3,76,1373,0.9541824295922656,0.9544431999456947,0.011252701549659223,1
3,19,1373,0.9541824295922656,0.9548647195047765,0.012152235346015667,1
3,73,1373,0.9540864813494891,0.9543380093415731,0.011301654905963235,1
3,20,1373,0.9539422326307572,0.954694414637394,0.011899301958065022,1
3,22,1373,0.9539082917557614,0.9543682167203192,0.011821464253487093,1
3,21,1373,0.9537894986932763,0.9546079176228857,0.011759027222622771,1
3,11,1373,0.9536419864288718,0.9545844200940422,0.012673194292952088,1
4,33,1373,0.948838047198703,0.948341962148092,0.011000226150936316,1
4,32,1373,0.9487179487179487,0.9487519157013098,0.011062771597605565,1
4,34,1373,0.9486578994775716,0.9480444312162061,0.011200934803757404,1
4,31,1373,0.9485378009968174,0.9484393724593296,0.010926230574327485,1
4,30,1373,0.9481174563141777,0.9481044021314868,0.011004129269072538,1
4,38,1373,0.9475528629128058,0.9470069631010472,0.011412257984983354,1
4,29,1373,0.9474934663815633,0.9475154496252144,0.0110714869152141,1
4,35,1373,0.9473368161892752,0.9477982293306598,0.011258961011555069,1
4,37,1373,0.9471370871941078,0.947214864014579,0.01135881090809125,1
4,28,1373,0.9471370871941078,0.9472570551330353,0.01107224530606937,1
5,31,1373,0.9471370871941078,0.9453381163858713,0.01216339041037247,1
4,36,1373,0.9470182941316228,0.9472748871465906,0.011444868415327391,1
5,30,1373,0.9468995010691375,0.9451849124978133,0.012033913155135478,1
5,32,1373,0.9464837253504396,0.9448587406891042,0.012207011085298067,1
6,30,1373,0.9462559298624873,0.9432878525608389,0.01193552631217628,1
4,39,1373,0.9462461392254693,0.9464485051655401,0.011335926931818481,1
6,31,1373,0.946135831381733,0.9430234270362567,0.012067592127526066,1
6,33,1373,0.946127346162984,0.9426581710045717,0.01210078488468563,1
4,48,1373,0.9460757821413559,0.9465250287844728,0.010926705057630055,1
6,32,1373,0.9460679496317416,0.9428518950757012,0.012122595826131007,1
5,29,1373,0.9460679496317415,0.9448405692667988,0.012027634417825802,1
5,33,1373,0.9460157329009787,0.9445876053146187,0.012463073184435654,1
5,34,1373,0.9460085531004989,0.9443699398724346,0.012546998639685761,1
6,34,1373,0.9460085531004989,0.9422379568637587,0.012529485967841257,1
5,28,1373,0.9459556836606017,0.9443852915912787,0.012053430377041336,1
4,27,1373,0.9458897600380137,0.9465823627548502,0.011185034333223608,1
4,14,1373,0.9458897600380137,0.9467183351217564,0.012686321339375643,1
4,54,1373,0.9458355851798476,0.94587067482292,0.011103774415760477,1
4,12,1373,0.9458355851798474,0.946681678976761,0.012836657075185812,1
6,29,1373,0.9457755359394704,0.9433350042687177,0.011751295510073924,1
4,42,1373,0.9456554374587162,0.9458143329704269,0.011157650609408,1
6,35,1373,0.9456521739130435,0.941947892924372,0.012403252932460022,1
4,26,1373,0.9455953882183391,0.9462177594322996,0.011103039795110372,1
4,15,1373,0.9455927773818009,0.9458608580775366,0.012660092876789646,1
4,51,1373,0.9454752897375849,0.9457196118208234,0.010757421730746007,1
4,50,1373,0.9454152404972078,0.9458775152146499,0.010835832927024683,1
4,52,1373,0.9454152404972078,0.9455456517822876,0.010988699782379556,1
4,13,1373,0.9454152404972078,0.9463590579057436,0.012886449076750437,1
7,28,1373,0.945295794725588,0.9407911095794204,0.013212228337666094,1
4,55,1373,0.9452951420164537,0.9455269581926745,0.011115964293194669,1
5,27,1373,0.9452951420164536,0.944065725199011,0.012060001913624305,1
5,26,1373,0.9452350927760764,0.9434473224565884,0.012055304545233042,1
4,9,1373,0.9452350927760764,0.9458750610283042,0.012901721897644223,1
4,53,1373,0.9452350927760764,0.9457294024578415,0.011021210489136265,1
4,47,1373,0.9451176051318603,0.9461785968842277,0.010746468088528287,1
6,36,1373,0.9451176051318603,0.9419979165524426,0.012614675602440386,1
4,43,1373,0.9449988120693751,0.9456187029886246,0.011273808356474053,1
7,30,1373,0.9449394155381325,0.940737482996927,0.013525258466986361,1
7,29,1373,0.9449394155381325,0.940946976520747,0.013430231128695994,1
6,37,1373,0.94488001900689,0.9414338453183784,0.012523869437143646,1
4,49,1373,0.9448747973338137,0.9461160412407739,0.010952968899543674,1
4,8,1373,0.9448147480934367,0.9457762669737009,0.01301412293753295,1
5,35,1373,0.9447612259444049,0.9437447750633781,0.012789335125498513,1
4,44,1373,0.9447018294131622,0.945441139995666,0.011237422588326029,1
4,56,1373,0.9446946496126825,0.945290729702704,0.011257116651788045,1
4,41,1373,0.9446946496126823,0.945661442382754,0.011406045573808555,1
6,28,1373,0.9445830363506772,0.9429262517003073,0.011849112575267792,1
4,40,1373,0.9445236398194345,0.9457346241309179,0.011508129292203491,1
4,57,1373,0.944454452651174,0.9451213647364751,0.011416077386258768,1
4,22,1373,0.9444544526511739,0.9445620974416413,0.011827635300998653,1
4,45,1373,0.9443454502257067,0.9457802876619698,0.01113163009711139,1
4,46,1373,0.9442860536944642,0.9456966103509227,0.01105154496100017,1
5,37,1373,0.9442266571632216,0.9434880253982177,0.01286378581300172,1
4,25,1373,0.9442266571632216,0.9454113242424006,0.011460831340974979,1
7,25,1373,0.9442142556896654,0.9397566961430112,0.012978143664781767,1
4,16,1373,0.9441078641007365,0.9452585641965543,0.012294134387029781,1
5,25,1373,0.9440941572089113,0.9428970886561764,0.01192408655334181,1
4,21,1373,0.9440484675694939,0.944734882603735,0.011988007060614075,1
7,33,1373,0.9439890710382515,0.939876690190304,0.014073575648052915,1
7,27,1373,0.9439740587281571,0.9404531106811933,0.013228159336689645,1
6,27,1373,0.9439740587281571,0.9424712612168065,0.011722110074853685,1
7,32,1373,0.9439296745070088,0.9403380772233231,0.013603513459026658,1
6,39,1373,0.9439140094877799,0.9407633302786546,0.012405834672595106,1
7,26,1373,0.9438539602474029,0.9400314083635538,0.013081787276964702,1
7,31,1373,0.9438108814445236,0.9406105180160773,0.013595383493258811,1
4,24,1373,0.9438108814445236,0.9447976210057463,0.011764543228782431,1
4,20,1373,0.9438108814445236,0.9449652367114948,0.011819389406394923,1
4,11,1373,0.9437939110070259,0.9451176051318602,0.012780517880195226,1
7,24,1373,0.9437939110070257,0.9390213018153146,0.01295278944540051,1
4,23,1373,0.9437514849132811,0.944811354005937,0.011818399941277365,1
4,58,1373,0.9436738125262716,0.9447985609069004,0.01150380804868439,1
5,36,1373,0.9436326918507959,0.9433598333241953,0.012861934212322037,1
5,84,1373,0.9436326918507958,0.9420600022453195,0.0124425480746868,1
5,38,1373,0.9435732953195534,0.9429082630365596,0.012966092503101496,1
6,38,1373,0.9435537140455174,0.9407864100736518,0.012504837735627338,1
4,60,1373,0.9435537140455172,0.9443580866745513,0.01149863790472418,1
4,90,1373,0.9435138987883109,0.9448738313242945,0.01168269960910421,1
5,41,1373,0.9435138987883108,0.9427196562050446,0.012652679917622641,1
6,41,1373,0.9435138987883107,0.9406772771063575,0.012332969061037296,1
6,40,1373,0.943433615564763,0.9410230562974684,0.012272863995653051,1
6,46,1373,0.9433951057258256,0.9413450507677165,0.011987209692958332,1
6,83,1373,0.9433951057258256,0.9406095520065584,0.01225872035304904,1
7,34,1373,0.9433951057258256,0.9394108647351698,0.014006911042679999,1
5,83,1373,0.9433951057258255,0.9418546860599605,0.012393559977340582,1
5,85,1373,0.9433951057258255,0.9419835830598483,0.01231380694452265,1
4,59,1373,0.9433735663243861,0.9444252634986775,0.011513839234073097,1
4,18,1373,0.943373566324386,0.9456894566588082,0.012147110563452648,1
5,87,1373,0.9433135170840089,0.9419425407094687,0.012323458390718665,1
7,35,1373,0.9432763126633404,0.9395823444789945,0.01388385073240129,1
4,19,1373,0.9432534678436318,0.9453313804276029,0.012076387484141369,1
4,89,1373,0.943216916132098,0.9449290505170762,0.011655486343244497,1
6,84,1373,0.9432169161320979,0.9405551160647383,0.012235331615457028,1
6,42,1373,0.9432169161320978,0.9405934431451182,0.01229676137340491,1
5,24,1373,0.9431934186032547,0.9417587378171839,0.012154774747255827,1
7,23,1373,0.9431934186032547,0.9382841582271375,0.01290926841439302,1
6,82,1373,0.9430981230696127,0.9404019643934112,0.01238175039811348,1
4,86,1373,0.9430981230696127,0.9450988332171513,0.011587438904559978,1
4,83,1373,0.9430981230696127,0.9444699349118452,0.011666102709520341,1
6,26,1373,0.9430387265383702,0.9422507499627956,0.011703638871326486,1
6,45,1373,0.9430387265383701,0.9409893765061262,0.011982627106827116,1
6,52,1373,0.9429793300071276,0.9412852103942625,0.012097111257828225,1
6,47,1373,0.9429793300071276,0.9412443508024405,0.012040811759482116,1
6,44,1373,0.9429793300071276,0.9407841647542287,0.012089626707849944,1
5,88,1373,0.9429793300071275,0.9418537200504414,0.012344160930866186,1
4,85,1373,0.9429199334758851,0.9453017474328951,0.011678819444649007,1
5,47,1373,0.9429199334758851,0.9431365284750888,0.012458440859323428,1
6,85,1373,0.942919933475885,0.9405287205073377,0.012252554292312765,1
5,89,1373,0.9429199334758849,0.9417605915111261,0.0124855083107665,1
6,43,1373,0.9428605369446424,0.9407868016991324,0.012159371872055173,1
4,10,1373,0.9428605369446424,0.9450966140060938,0.012729345403878094,1
4,17,1373,0.9428605369446423,0.9448930992979462,0.012429292252088706,1
6,90,1373,0.9428011404133998,0.9405280677982032,0.012398153768593226,1
4,61,1373,0.9427730739206149,0.9439362538150848,0.011503475459895014,1
4,87,1373,0.9427417438821574,0.9450272440792754,0.0115953287319892,1
6,48,1373,0.9427417438821574,0.9413153916646432,0.011853802740041938,1
4,88,1373,0.9427417438821573,0.9450031199496631,0.011596290224625211,1
6,81,1373,0.9427417438821573,0.9401538565971923,0.012254054614367165,1
5,86,1373,0.9427417438821573,0.9419071377660118,0.01236679953590983,1
4,78,1373,0.9427417438821573,0.9437732331816439,0.011853376081049234,1
6,54,1373,0.9427417438821573,0.9409607095209376,0.012136684060981015,1
6,53,1373,0.9427130246802378,0.9411079868100538,0.012079882296102016,1
5,39,1373,0.9426823473509147,0.9422421864189505,0.013075704752620161,1
4,79,1373,0.9426823473509147,0.9438381385779817,0.011878536345653808,1
5,46,1373,0.9426823473509147,0.9427658680117696,0.012225547870960692,1
6,80,1373,0.9426229508196722,0.9399461123338527,0.012363083042127678,1
4,82,1373,0.9426229508196722,0.9442317482944711,0.011742642364307318,1
6,79,1373,0.9426229508196722,0.939917367023568,0.012282641820361363,1
6,89,1373,0.9426229508196721,0.9405090870165709,0.012358885467442899,1
6,86,1373,0.9425635542884295,0.9404807594401321,0.01226663165572601,1
5,42,1373,0.9425041577571871,0.9425358794211253,0.012659301495444029,1
5,13,1373,0.9425041577571871,0.943228482137962,0.01269437837839839,1
7,36,1373,0.942504157757187,0.9387278960051588,0.013842365532746854,1
4,77,1373,0.942504157757187,0.9437854518966422,0.011910983540453708,1
5,81,1373,0.9425041577571869,0.9411295523198588,0.012432382407775663,1
6,25,1373,0.9424728277187293,0.9415365817361541,0.011803709337372237,1
5,82,1373,0.9424728277187293,0.9414299551719367,0.012350094397053611,1
5,80,1373,0.9424447612259443,0.9410844109561144,0.012429763756764219,1
5,40,1373,0.9423853646947018,0.9422669371493321,0.01291401543428406,1
6,87,1373,0.9423853646947018,0.9404354092094649,0.01232510419214591,1
6,51,1373,0.9423527292379751,0.9411779833376412,0.012122197054066086,1
4,62,1373,0.9423527292379751,0.9436746741023291,0.011581586583504493,1
6,24,1373,0.9423259681634593,0.9408883893488312,0.011727595722902072,1
6,49,1373,0.9422665716322167,0.9409287789900762,0.011886175474956693,1
4,66,1373,0.9422665716322167,0.9434432756599542,0.011496213660560249,1
4,64,1373,0.9422665716322166,0.9434979987937935,0.011588845518410329,1
4,65,1373,0.9422326307572209,0.9434935603716788,0.011494744824479713,1
4,63,1373,0.9422326307572209,0.9436029544226265,0.011586067095514732,1
6,55,1373,0.9421477785697316,0.9408131711481676,0.012181117734537426,1
5,48,1373,0.9421477785697316,0.942902466979445,0.012454274853279278,1
6,56,1373,0.9421477785697314,0.940469376192826,0.012197202610128787,1
6,78,1373,0.9421477785697314,0.9396047715648571,0.012428091209220386,1
7,84,1373,0.942088382038489,0.9381140622266781,0.012702395387901013,1
5,43,1373,0.942088382038489,0.9423180312203833,0.01264757464234365,1
6,88,1373,0.9420883820384889,0.9403729318911073,0.01236169905502068,1
6,50,1373,0.9420524830360896,0.940910424809213,0.012030580325555793,1
7,38,1373,0.9420289855072463,0.9378691918677663,0.013976075841072915,1
4,69,1373,0.9420289855072463,0.943584156399552,0.011710526196716264,1
4,73,1373,0.9420289855072463,0.9437378041298211,0.011634592204233296,1
4,76,1373,0.9419924337957125,0.9437685336758751,0.011748152510179789,1
7,86,1373,0.9419924337957124,0.9381969040700332,0.01272364219780334,1
7,37,1373,0.9419101924447613,0.9378663199475744,0.014049364265333632,1
7,39,1373,0.9419101924447613,0.93809296666745,0.014043903883012545,1
7,83,1373,0.9419101924447612,0.938026155360439,0.01274880030104895,1
4,74,1373,0.9419101924447612,0.9435208697218675,0.011686497301824899,1
4,68,1373,0.9418723353149582,0.9433019249697796,0.011614601202333888,1
4,71,1373,0.9418507959135187,0.943390876170634,0.011761907901408237,1
6,12,1373,0.9418507959135187,0.9405954012725217,0.01283711742091672,1
7,85,1373,0.9418507959135186,0.9381398572916747,0.012752149296842203,1
7,82,1373,0.9418507959135186,0.938068868646203,0.012706632372855948,1
5,50,1373,0.9418122860745812,0.9426626877517826,0.01210926846487383,1
5,79,1373,0.941752236834204,0.9407475608259642,0.012532162707174227,1
4,84,1373,0.9417320028510336,0.9434100136024584,0.012203848141673818,1
7,49,1373,0.9417320028510335,0.9380840898232203,0.01284325246836367,1
5,45,1373,0.9417320028510335,0.9423748952401838,0.012407536020415881,1
5,54,1373,0.9416921875938269,0.942505593717283,0.012255187842354616,1
7,50,1373,0.941672606319791,0.9380567021479352,0.013031623256769235,1
5,44,1373,0.941672606319791,0.9423371425438425,0.012574010299633115,1
6,18,1373,0.9416726063197909,0.9395234178983287,0.012400422205368909,1
7,22,1373,0.9416726063197909,0.9373588777580224,0.012857379047292882,1
6,58,1373,0.9416726063197909,0.9400128975324984,0.01241989077744766,1
4,72,1373,0.9416132097885483,0.9435054657862927,0.011660222249012161,1
5,49,1373,0.9415120398726956,0.9428922325002154,0.012200270926236234,1
6,57,1373,0.9414944167260632,0.9401253984789267,0.012310347809738102,1
7,47,1373,0.9414519906323184,0.9381606656588838,0.012949791622381487,1
6,76,1373,0.9414350201948205,0.9394136583302657,0.012403180597776337,1
5,53,1373,0.9413919413919414,0.9426845143452414,0.012347307194502005,1
7,87,1373,0.9413919413919414,0.9378938381646863,0.012784065304579807,1
5,23,1373,0.9413919413919414,0.9413025463488758,0.012386718989326145,1
6,75,1373,0.941375623663578,0.9394444923097809,0.012534802162795086,1
5,55,1373,0.9413318921515643,0.9421887948117456,0.012462032418437014,1
7,51,1373,0.9413318921515643,0.9380256593014968,0.013005899664834683,1
5,76,1373,0.9413318921515642,0.9406450854918424,0.012694373731964895,1
5,78,1373,0.9413318921515642,0.9406284022463639,0.012616360640710329,1
6,71,1373,0.9413162271323354,0.9394063740963241,0.012565254056677163,1
6,23,1373,0.9413162271323354,0.9400057699487493,0.01187572902382991,1
5,52,1373,0.9412718429111872,0.9426056409734243,0.012380525021653101,1
6,74,1373,0.9412568306010929,0.9395281957291935,0.012522759505653541,1
7,45,1373,0.9412117936708101,0.9382424370592581,0.01299955939589661,1
7,88,1373,0.9411974340698503,0.9381182656735043,0.012763501400431466,1
7,46,1373,0.9411517444304329,0.9381487341359045,0.012992785761853774,1
6,17,1373,0.9411380375386077,0.9396453961813904,0.012380651306900227,1
5,75,1373,0.9410916951900558,0.9406216140713646,0.012626664172192808,1
7,89,1373,0.9410786410073652,0.9379774893673682,0.012796091471489015,1
7,12,1373,0.9410786410073652,0.9363551155425711,0.013777029303460893,1
6,73,1373,0.9410786410073652,0.9392512381892283,0.012632028690585464,1
5,51,1373,0.9410316459496788,0.9424219164062357,0.012282372780698173,1
7,81,1373,0.9410316459496787,0.9378059312984474,0.012896227630458428,1
5,56,1373,0.9410316459496787,0.9420054618700378,0.012514698313161541,1
5,57,1373,0.9409715967093016,0.9415993723548962,0.012599162923423706,1
7,15,1373,0.9409598479448801,0.9365272741038956,0.013673367031910064,1
5,77,1373,0.9409115474689245,0.9406113534837698,0.012670553034224482,1
4,81,1373,0.9409115474689245,0.9427516911693675,0.012282199785762006,1
6,13,1373,0.9409004514136374,0.9400398152572065,0.012917649464445477,1
6,59,1373,0.9409004514136374,0.9396843498625393,0.012363784359354233,1
6,15,1373,0.9409004514136374,0.9395838848725521,0.012693749851081222,1
7,40,1373,0.9409004514136374,0.9377545239270115,0.013892480989665392,1
6,16,1373,0.9409004514136374,0.9402333565697787,0.012336829834609658,1
7,48,1373,0.9408514982285474,0.9379502583422756,0.012883488822130017,1
6,19,1373,0.9408410548823949,0.9390162367924307,0.012408977900028127,1
7,42,1373,0.9408410548823949,0.9375105151441574,0.013512509978164706,1
4,80,1373,0.9408410548823949,0.942543868580932,0.01239544552691915,1
6,11,1373,0.9407914489881702,0.9399912275892319,0.013095487306967094,1
5,14,1373,0.9407816583511524,0.942225659823664,0.012869425031174653,1
6,70,1373,0.9407222618199098,0.939143332315107,0.012542028145028949,1
7,41,1373,0.9407222618199098,0.9373553531286959,0.01377839952552488,1
7,44,1373,0.9407222618199097,0.9378457465556539,0.01307275628828434,1
7,54,1373,0.9406713505074161,0.9376370884995263,0.012996895431155913,1
7,52,1373,0.9406628652886672,0.9378560332516142,0.012958838077211772,1
6,72,1373,0.940662865288667,0.9391922855001971,0.012576786686437243,1
5,72,1373,0.940611301267039,0.9405434195170475,0.012707554886440256,1
6,21,1373,0.9406113012670388,0.9393348371751794,0.012045287774577104,1
7,90,1373,0.9406034687574246,0.9377217579284579,0.01264452386504576,1
6,22,1373,0.9406034687574245,0.9394176790185346,0.01200869838750474,1
7,43,1373,0.9405512520266618,0.9376001451625116,0.013229472837366966,1
7,80,1373,0.9405512520266618,0.9374311979301289,0.012886982793900784,1
7,11,1373,0.940544072226182,0.9368713040345257,0.013846923626758798,1
6,60,1373,0.940544072226182,0.9393573164777727,0.012342246382928175,1
6,61,1373,0.940544072226182,0.939321469692104,0.01236574756895573,1
6,10,1373,0.9404846756949394,0.9398364571992514,0.012712241854412713,1
7,53,1373,0.9404311535459077,0.9376940047360576,0.01294742362839011,1
7,78,1373,0.9404311535459076,0.9372481521804401,0.0128498690621617,1
5,22,1373,0.9404311535459076,0.9411964680603312,0.01228774417601884,1
5,74,1373,0.9404311535459076,0.9403141619606338,0.012719184534244577,1
6,65,1373,0.9404252791636969,0.9393212347168158,0.01252976392461115,1
5,17,1373,0.9403711043055305,0.9420620125894539,0.012431669307907272,1
7,79,1373,0.9403711043055305,0.9373694255376364,0.012868699451255865,1
6,64,1373,0.9403658826324544,0.9393836076017118,0.012396490446673803,1
5,58,1373,0.9403110550651534,0.9411202316334176,0.012535847548029234,1
6,66,1373,0.9403064861012117,0.9390972249418437,0.01262651082193012,1
7,16,1373,0.9401909565843992,0.9361563264485574,0.013445711000880106,1
4,75,1373,0.9401876930387265,0.9420379667849376,0.012260115236935579,1
5,73,1373,0.940130907344022,0.9403142663940953,0.012652669716955764,1
6,63,1373,0.940128296507484,0.9393167179696047,0.012280046551734944,1
6,14,1373,0.940128296507484,0.9394861612609295,0.012574775470381232,1
5,59,1373,0.940070858103645,0.9411393690652422,0.012585819320378017,1
7,17,1373,0.940070858103645,0.9358936240760901,0.013546152400195336,1
5,12,1373,0.9400108088632679,0.9426116458974622,0.013088157708473477,1
7,13,1373,0.9400095034449989,0.9358851649657067,0.013575157412443396,1
6,20,1373,0.9400095034449987,0.938686958088241,0.01222668478011746,1
7,21,1373,0.9399501069137562,0.9364941948049575,0.013236303392633821,1
6,62,1373,0.9399501069137562,0.9391807978194293,0.012303469371143284,1
6,67,1373,0.9399501069137562,0.9391209835543406,0.012590397883366895,1
6,68,1373,0.9399501069137562,0.9391138820789569,0.012579949341847514,1
7,77,1373,0.9398907103825137,0.9369139389951936,0.012920139281181815,1
7,14,1373,0.9398907103825136,0.935739636937071,0.013776942241244315,1
6,69,1373,0.939831313851271,0.9390953190311707,0.01256898889027543,1
4,70,1373,0.9397719173200285,0.9418652860563054,0.012217462732747437,1
7,55,1373,0.9397719173200285,0.9373623762789834,0.013151934024192753,1
5,11,1373,0.939712520788786,0.942591255264099,0.012925235724189174,1
5,8,1373,0.939712520788786,0.9414207911356879,0.012817482296896356,1
5,64,1373,0.9397105626613824,0.9403609742597626,0.012550130704364445,1
4,67,1373,0.9396531242575433,0.941841449118712,0.012129881701946456,1
5,60,1373,0.9396505134210051,0.9406930726674133,0.0126060579618748,1
5,65,1373,0.9395904641806281,0.9403249969322671,0.012681061142147919,1
5,70,1373,0.9395904641806281,0.9402753388213116,0.012889497148288293,1
7,20,1373,0.9395904641806281,0.936076957017798,0.013421216552175812,1
7,76,1373,0.9395904641806281,0.9366471376093614,0.013061677213134148,1
5,68,1373,0.939530414940251,0.9404102929619681,0.012796743155714708,1
5,71,1373,0.9395304149402509,0.9403635850963008,0.01280113687879015,1
5,61,1373,0.9395304149402509,0.9404527712724433,0.012577448388734135,1
5,69,1373,0.939470365699874,0.9403940535587008,0.012873475200957434,1
5,66,1373,0.9394703656998739,0.9403435599800533,0.012716940411385434,1
7,19,1373,0.9394703656998739,0.9355400384837306,0.013481320928246944,1
7,57,1373,0.9393561416013305,0.9367442085118494,0.013300017977186218,1
6,9,1373,0.9393502672191196,0.9382005853495518,0.012481773604781227,1
7,74,1373,0.9393502672191196,0.936612805108885,0.013108073239141236,1
5,67,1373,0.9393502672191196,0.9402289964727598,0.012836613279584911,1
7,18,1373,0.9393502672191196,0.9357111266020746,0.013742825637784693,1
5,9,1373,0.9392902179787426,0.9409436085416126,0.012688850571795016,1
7,56,1373,0.9392373485388452,0.9368352483819341,0.01321506236351805,1
7,75,1373,0.9392301687383654,0.93659638294706,0.013042460607769124,1
5,15,1373,0.9391779520076028,0.9417576673742033,0.012571131457493934,1
5,62,1373,0.9391701194979882,0.9403742895261069,0.012658652584121917,1
7,73,1373,0.9389997624138751,0.9365842425571578,0.01312940409343394,1
5,21,1373,0.9389403658826325,0.9407112963064496,0.012452125139831608,1
5,63,1373,0.9389299225364798,0.9402362807067012,0.012692015679888266,1
5,16,1373,0.9388809693513899,0.941499951699524,0.012831855885757606,1
5,18,1373,0.9388809693513899,0.9413748143042513,0.012439117337863837,1
5,19,1373,0.9388215728201474,0.9410119602421811,0.012395010805705991,1
5,20,1373,0.9388215728201473,0.9406601500186674,0.012519798332994065,1
7,60,1373,0.9387621762889047,0.9362483062197958,0.01303672709059451,1
6,8,1373,0.9387027797576621,0.9378635785692093,0.012406892085006335,1
7,9,1373,0.9386433832264196,0.935667943365734,0.01386192317236856,1
7,10,1373,0.9386433832264196,0.9360410319070334,0.013990740781572369,1
5,10,1373,0.9385696270942172,0.9411135217835147,0.012855724614633622,1
7,70,1373,0.9385696270942172,0.9363694229267999,0.013153648572424253,1
7,58,1373,0.9385696270942172,0.9363885864669901,0.013124819269893609,1
7,72,1373,0.9385095778538401,0.9362912283724828,0.013121784238605126,1
7,71,1373,0.9384651936326918,0.9362697672961393,0.013102024420652317,1
7,64,1373,0.9384495286134631,0.9360463580135711,0.013300430757244663,1
7,61,1373,0.9384057971014492,0.9361344215300024,0.013079102047276539,1
7,63,1373,0.938389479373086,0.9362017550043208,0.0130768922293623,1
7,59,1373,0.9383464005702067,0.9361670830950947,0.013021995394087812,1
7,62,1373,0.9382276075077216,0.9362109712573006,0.012965538215047685,1
5,90,1373,0.9380291839308232,0.9400661324895111,0.012989880916757183,1
7,68,1373,0.9379691346904462,0.9359581378469476,0.013301885078120176,1
7,66,1373,0.9379306248515087,0.9360240614695354,0.01352343285596019,1
7,65,1373,0.9378712283202661,0.9358076492288895,0.013431818403928745,1
7,69,1373,0.9378712283202661,0.9360510836277052,0.013247504420238773,1
7,67,1373,0.937849036209692,0.9359147196353184,0.013349798792320544,1
7,8,1373,0.9376930387265384,0.9342826596069647,0.013715968613710307,1
6,77,1373,0.9362081254454739,0.9359897289690591,0.013855856575126635,1
1,17,1372,0.9855666429080541,0.981275015077581,0.010272820780975848,2
1,35,1372,0.9855666429080541,0.9821481701952122,0.009829660199347369,2
1,33,1372,0.985447849845569,0.9822467945454403,0.00985942028866867,2
1,34,1372,0.985447849845569,0.9821003266156509,0.00984445909219297,2
1,16,1372,0.9853884533143265,0.9809886454718955,0.010439774818948543,2
1,14,1372,0.9853290567830838,0.9808156253345136,0.010616390433136499,2
1,36,1372,0.9853290567830838,0.9820596758907522,0.009958289915083745,2
1,32,1372,0.9852696602518413,0.9820595845114733,0.00992135555475363,2
1,37,1372,0.9852696602518413,0.982126395818484,0.010060270508727086,2
1,18,1372,0.9852696602518412,0.9811939355488893,0.010273607956424567,2
1,39,1372,0.9851508671893562,0.9819258183014419,0.010213762876447353,2
1,15,1372,0.9851508671893561,0.9813545281043499,0.010314078813109988,2
1,13,1372,0.9850914706581135,0.9806887386787599,0.010713560754168582,2
1,38,1372,0.985032074126871,0.9819211449040388,0.010174027975437252,2
1,11,1372,0.9849726775956285,0.9804562306308564,0.010948256713290357,2
1,31,1372,0.9849132810643858,0.9818637848252959,0.009975623118588014,2
1,20,1372,0.9847944880019007,0.9810406533357353,0.010191778908830239,2
1,12,1372,0.9847944880019006,0.9807286844777934,0.010867869452089562,2
1,19,1372,0.9847350914706581,0.9811865990982171,0.010172068072085781,2
1,21,1372,0.9847350914706581,0.9808227398640799,0.010281518671251993,2
1,30,1372,0.9847350914706581,0.981615468162154,0.010001285694870764,2
1,40,1372,0.9846756949394155,0.9816257679122968,0.010223266265581562,2
1,22,1372,0.9846756949394155,0.9805079774110423,0.010386435528942198,2
1,23,1372,0.984616298408173,0.980223840070597,0.010473239054367839,2
1,41,1372,0.984616298408173,0.9815103036663977,0.010284862073950582,2
1,10,1372,0.984616298408173,0.9803800072581257,0.010843424827010771,2
1,29,1372,0.9845569018769305,0.9813716290836747,0.010086620566593986,2
1,42,1372,0.9844975053456878,0.9814696790498644,0.010335214922250698,2
1,43,1372,0.9844975053456878,0.9811552429513941,0.01040380599064051,2
1,49,1372,0.9844472467423288,0.9807274443304379,0.010445166910536511,2
1,44,1372,0.9843787122832026,0.9812556687788334,0.010280754422303069,2
1,28,1372,0.9843787122832026,0.981018174033142,0.010274096628214276,2
1,50,1372,0.9843271482615745,0.9807229406374095,0.010407168619801666,2
1,81,1372,0.9843271482615745,0.979669089522974,0.011183240732564735,2
1,46,1372,0.9842599192207175,0.9809309590385855,0.01039387373700175,2
1,45,1372,0.9842599192207175,0.9812154488419635,0.010255828343046253,2
1,79,1372,0.9842070497808203,0.9796118338776928,0.011087392067571205,2
1,80,1372,0.9841470005404432,0.9796236609672104,0.011209131363290707,2
1,27,1372,0.9841411261582323,0.9808961304791669,0.010402265351623271,2
1,48,1372,0.9840869513000662,0.9805768904414662,0.010530115270122995,2
1,8,1372,0.9840269020596889,0.9795826186168308,0.011144257999388165,2
1,51,1372,0.983966852819312,0.9809120174195013,0.010243506303156206,2
1,52,1372,0.9839668528193118,0.9807014403985183,0.010477520574411156,2
1,47,1372,0.9839668528193118,0.9807302640338992,0.010528448662135353,2
1,9,1372,0.9839035400332621,0.9797708990937787,0.011023943111572159,2
1,26,1372,0.9838441435020194,0.9806956182330382,0.010274182353333905,2
1,24,1372,0.9838441435020194,0.9799805101052428,0.01062869656360569,2
1,25,1372,0.9837867050981806,0.9804403306363392,0.010490981109231521,2
1,53,1372,0.9837867050981806,0.9806445763787175,0.010465381861488241,2
1,88,1372,0.9837867050981804,0.9793853699163749,0.011182979471332661,2
1,83,1372,0.9837266558578035,0.9795451139499606,0.011166044903617417,2
1,82,1372,0.9837266558578033,0.9795404797151056,0.011180704813940652,2
1,78,1372,0.9837253504395344,0.9794973878580435,0.011087059504972345,2
1,54,1372,0.9836666066174263,0.9805130685422916,0.010520289077048934,2
1,77,1372,0.9836659539082917,0.979592409253849,0.011025220688899667,2
1,57,1372,0.9836065573770493,0.9805011761818604,0.010518248634337236,2
1,84,1372,0.9836065573770492,0.9795495262637101,0.011219780275986501,2
1,55,1372,0.9835465081366722,0.9804150969011981,0.010500019811021357,2
1,89,1372,0.9835465081366721,0.9793496406183505,0.011184496651142533,2
1,75,1372,0.9834877643145641,0.9794110736020929,0.010962025481299984,2
1,74,1372,0.9833689712520789,0.9794782373720363,0.010869559424806852,2
1,76,1372,0.9833689712520788,0.9796021998908669,0.010903705305162721,2
1,58,1372,0.9833663604155408,0.9803938708001431,0.010564343586806095,2
1,85,1372,0.9833663604155407,0.9793609847031088,0.011260357180027807,2
1,90,1372,0.9833663604155407,0.979263234983121,0.011325119477736248,2
1,86,1372,0.9833063111751636,0.9792011753986095,0.011265518264591393,2
1,87,1372,0.9833063111751636,0.9792778687219174,0.011233546182495821,2
1,56,1372,0.9831261634540324,0.980374589772309,0.010487887631328827,2
1,59,1372,0.9830661142136553,0.980226920857712,0.010588556802183749,2
1,60,1372,0.982946015732901,0.9801793775243526,0.010628471334768097,2
1,67,1372,0.9828937990021382,0.9795979703356753,0.010936518095973092,2
1,70,1372,0.9828937990021382,0.9796266242666813,0.010944099766632312,2
1,71,1372,0.9828937990021382,0.9793642482487814,0.010950631615616373,2
1,68,1372,0.9827750059396531,0.9796459836196115,0.010937539990405984,2
1,66,1372,0.9827750059396531,0.9796051370819725,0.01095936843355198,2
1,69,1372,0.982775005939653,0.9796123952075484,0.010990590008519142,2
1,72,1372,0.9827156094084104,0.9796316370728344,0.010888443852112777,2
1,64,1372,0.9825968163459253,0.979748472007916,0.010873224673151884,2
1,73,1372,0.9825374198146828,0.9795383649375096,0.010922011337169878,2
1,63,1372,0.9825374198146828,0.9798082340562739,0.010857332949288223,2
1,61,1372,0.9825256710502613,0.9800236411248529,0.01076589687015491,2
1,62,1372,0.9824186267521976,0.979810766567716,0.010875917042336128,2
1,65,1372,0.98224043715847,0.9796124735326447,0.010844012997996462,2
2,32,1372,0.9671524128045867,0.9642994472859049,0.012182205776228965,2
2,36,1372,0.9670329670329669,0.9642221143076452,0.012517928147629991,2
2,34,1372,0.9669732441471572,0.964124051287273,0.012297241209798757,2
2,28,1372,0.9668537983755374,0.9635302165166741,0.01202739354579637,2
2,31,1372,0.9667927700714587,0.9642575955761984,0.012107396067684153,2
2,37,1372,0.9667343526039178,0.9639614092251299,0.012609506880088751,2
2,38,1372,0.9667327208310815,0.9639922432046453,0.012588112423293994,2
2,33,1372,0.9666746297181079,0.9640385202822835,0.012244579303553486,2
2,29,1372,0.9666726715907045,0.9636669982429069,0.011971894502733609,2
2,30,1372,0.9666726715907044,0.9641233333072249,0.012041111473918089,2
2,35,1372,0.9665525731099502,0.9640307138810347,0.01237280630463707,2
2,27,1372,0.9661322284273104,0.962856633744018,0.012321877143441773,2
2,26,1372,0.9660721791869333,0.9626586279009658,0.012512479855729217,2
2,11,1372,0.965952080706179,0.9628669465483436,0.013242005349434073,2
2,14,1372,0.965952080706179,0.9638140797192828,0.013068283606277584,2
2,13,1372,0.965952080706179,0.9629705967589075,0.013222173996737927,2
2,40,1372,0.96589823220258,0.9633411397345824,0.012827828565214394,2
2,39,1372,0.96589823220258,0.9635229975536461,0.012656386385037513,2
2,41,1372,0.9656593406593407,0.9629302071176626,0.012853168501567959,2
2,25,1372,0.9656094084105488,0.962376918638501,0.012567863986466473,2
2,12,1372,0.9655917852639164,0.9630560102762524,0.013257439500723106,2
2,17,1372,0.965539894887721,0.9627157660586028,0.012874795621287804,2
2,8,1372,0.9653607262302915,0.9613493455938218,0.013058977368966239,2
2,9,1372,0.9653607262302915,0.9623017004378372,0.013004080072076804,2
2,16,1372,0.9652314898216537,0.9633344037763141,0.012910436946649218,2
2,42,1372,0.9650621118012424,0.9625969468877522,0.013020280043307315,2
2,15,1372,0.9650023889154323,0.9632446693244983,0.01305088645170025,2
2,20,1372,0.9646910466582598,0.9624153632065249,0.012826301970764249,2
2,19,1372,0.9646440516005734,0.9623660314501369,0.012797804598944277,2
2,21,1372,0.964599667379425,0.9621951652528987,0.012869096629325998,2
2,58,1372,0.9644648829431438,0.9621562898968459,0.013112871282662452,2
2,18,1372,0.9644508496967513,0.9625035050480526,0.01295793282704106,2
2,57,1372,0.9644051600573338,0.9622708011874085,0.01304483803008524,2
2,10,1372,0.9643908004563743,0.9627355953621101,0.013260302280407173,2
2,43,1372,0.9643454371715241,0.9625017427333892,0.012993161069393836,2
2,56,1372,0.9642857142857142,0.9625690892618904,0.0128785664083628,2
2,63,1372,0.9641838916607269,0.9616996154237779,0.013241402541707276,2
2,60,1372,0.9641065456282849,0.962077285983202,0.013210394664867973,2
2,81,1372,0.9641065456282848,0.9617674580112214,0.013807343797491553,2
2,64,1372,0.964046822742475,0.9615902083186473,0.013184389152359437,2
2,62,1372,0.9640468227424749,0.9618002892806884,0.0131669918835836,2
2,44,1372,0.9640468227424749,0.9626046227471744,0.012904290508472896,2
2,23,1372,0.9640305050141116,0.9614211697069858,0.012851048577243777,2
2,22,1372,0.9640305050141116,0.9616669799670512,0.012783788622111589,2
2,90,1372,0.9640305050141116,0.961271973453014,0.013912930544679018,2
2,24,1372,0.9640305050141116,0.9616802169082996,0.01287313828522606,2
2,77,1372,0.9639870998566651,0.9617201496531504,0.013692171377417572,2
2,89,1372,0.9639704557737344,0.9614152300538614,0.013917788424314985,2
2,74,1372,0.9639273769708553,0.9616978922716628,0.013511504551525189,2
2,55,1372,0.9639273769708553,0.9623134492022589,0.012868772062677942,2
2,59,1372,0.9639273769708552,0.9621347766037717,0.013185394021179764,2
2,76,1372,0.9639104065333574,0.9617797289429507,0.013462226330044789,2
2,79,1372,0.9638676540850455,0.961796085833862,0.013797002641389576,2
2,87,1372,0.9638503572929803,0.9614827854492859,0.01385703492154267,2
2,80,1372,0.9638079311992356,0.9618390079865491,0.013705314257329746,2
2,75,1372,0.9638079311992356,0.9618183954320805,0.013426000022150575,2
2,78,1372,0.9637903080526031,0.9617199799487754,0.013746405823214678,2
2,45,1372,0.9637482083134257,0.96232771742394,0.012977549950419847,2
2,67,1372,0.9637482083134257,0.9614970145084187,0.013422818857643353,2
2,83,1372,0.9637302588122261,0.9615015051472642,0.01381354689394795,2
2,73,1372,0.9637087194107864,0.9616787417856556,0.013472003307182442,2
2,61,1372,0.9636884854276159,0.9618503781796727,0.013122673157126072,2
2,66,1372,0.9636884854276159,0.9613035776293082,0.013428031012228399,2
2,50,1372,0.9636884854276158,0.9627034429101426,0.012843021616413193,2
2,69,1372,0.9636287625418061,0.9616552573109951,0.01336591248937677,2
2,65,1372,0.9636287625418061,0.9612940611301266,0.01336096975562241,2
2,84,1372,0.9636101603314718,0.9613363305736791,0.013861577698278298,2
2,49,1372,0.9636101603314717,0.962512303567186,0.012813371080988482,2
2,88,1372,0.9636101603314717,0.9615186713975025,0.013849844681104659,2
2,85,1372,0.9635690396559962,0.9612006323446096,0.013847213953983735,2
2,54,1372,0.9635690396559962,0.9622152164775116,0.012890863522075115,2
2,82,1372,0.9635501110910947,0.9615163608071663,0.01382314774271538,2
2,86,1372,0.9635501110910947,0.9613059795989233,0.01376533288285379,2
2,72,1372,0.9635501110910947,0.961647946968688,0.013443002866668602,2
2,53,1372,0.9635093167701864,0.9623224435341328,0.012882829023881099,2
2,52,1372,0.9635093167701863,0.9623970481882099,0.012901208921035147,2
2,46,1372,0.9634495938843763,0.9622058044117917,0.012918290991901539,2
2,71,1372,0.9634300126103404,0.9617053723183444,0.013409817787525874,2
2,47,1372,0.9633301481127567,0.9621838603306885,0.012925198106253014,2
2,70,1372,0.9633301481127567,0.96164310386691,0.013386366141669923,2
2,68,1372,0.9633099141295863,0.9615546356708152,0.013415292801462236,2
2,48,1372,0.9633099141295862,0.9623346491949486,0.012835935644358955,2
2,51,1372,0.9632704252269468,0.9623658878541274,0.012960906112065993,2
3,13,1372,0.9571751009741032,0.9539149624431164,0.013749045203150428,2
3,11,1372,0.9567044976881043,0.9533440116547741,0.01373632692049646,2
3,12,1372,0.9556236113613163,0.9529900866536647,0.013576231681428505,2
3,36,1372,0.9555713946305535,0.9537394489568404,0.012091719116213021,2
3,37,1372,0.9555661729574773,0.9535938817656564,0.01212642476202665,2
3,14,1372,0.9552744119743407,0.953560985225276,0.013745443701353064,2
3,55,1372,0.9551481127568083,0.9531105767598995,0.012378203626960495,2
3,52,1372,0.9550883898709985,0.9525369498641058,0.012404230668523454,2
3,34,1372,0.9549774293181279,0.9539025740237429,0.011820988407895614,2
3,15,1372,0.9549180327868853,0.953604873387482,0.01334516321890964,2
3,49,1372,0.9549092212135691,0.9529123359415589,0.012275819685752289,2
3,35,1372,0.9548586362556427,0.9539335646534505,0.011895390597347531,2
3,51,1372,0.9547897754419493,0.9526087217605393,0.012390566447730077,2
3,32,1372,0.9547398431931576,0.9540511697853108,0.011658199789962482,2
3,33,1372,0.9547398431931575,0.9539698813896961,0.011772926794433074,2
3,56,1372,0.9547300525561395,0.9528770896482941,0.01236305054443778,2
3,39,1372,0.9547300525561394,0.9529067095888193,0.012803385921530299,2
3,38,1372,0.9546703296703297,0.9531363587707138,0.012334444730890175,2
3,57,1372,0.9546703296703297,0.9528414647837313,0.012458859508878636,2
3,48,1372,0.9546703296703296,0.9524733759944023,0.012388006600608662,2
3,53,1372,0.9544314381270903,0.9524631676235383,0.012278206400286583,2
3,10,1372,0.9543717152412804,0.9536310209154115,0.013619335677982599,2
3,30,1372,0.9543240674744595,0.9536187238753169,0.011503989181770998,2
3,28,1372,0.9543240674744594,0.9528183849887342,0.01155610408219754,2
3,19,1372,0.95430252807302,0.9523710050937418,0.013256623642137299,2
3,54,1372,0.9542522694696608,0.9527450596445607,0.01227052290698834,2
3,59,1372,0.9542522694696607,0.9525263890303092,0.012608988916378194,2
3,50,1372,0.954192546583851,0.952570799359823,0.012404417876582861,2
3,45,1372,0.9541925465838509,0.9517314676295432,0.012660348254052066,2
3,17,1372,0.9541458778807318,0.9526558081975047,0.01325051411147051,2
3,31,1372,0.9541458778807317,0.9539964988682023,0.011629289739638202,2
3,47,1372,0.9539536550406117,0.9521030679940159,0.012433170732968294,2
3,40,1372,0.9539536550406116,0.9524599954571444,0.012690664305057848,2
3,43,1372,0.9538939321548018,0.9520855362266625,0.012746992274057399,2
3,60,1372,0.9538342092689919,0.9523133056062494,0.01256520803673893,2
3,58,1372,0.9538342092689919,0.9529325829789123,0.01253228242408462,2
3,44,1372,0.9538342092689919,0.9519633229683123,0.01275090853125647,2
3,46,1372,0.9538342092689919,0.9517560878180978,0.012667447708764632,2
3,77,1372,0.9537744863831821,0.9526366316031321,0.012991644740063356,2
3,29,1372,0.9537301021620337,0.953229108738731,0.011639362940116343,2
3,74,1372,0.9537301021620337,0.9524990405175722,0.012828850909935371,2
3,76,1372,0.9537147634973722,0.9525296134134338,0.012942445186580845,2
3,27,1372,0.9536707056307911,0.9525097971641094,0.01169557357004346,2
3,61,1372,0.9536550406115624,0.9522536218829875,0.012629618761231734,2
3,18,1372,0.9536113090995486,0.9521807534352082,0.01336806137899682,2
3,62,1372,0.9535953177257526,0.9519169936739431,0.0126761516666237,2
3,16,1372,0.9535519125683061,0.9528762280722366,0.013229380435618361,2
3,70,1372,0.9535355948399428,0.9522861006895219,0.012895305082088833,2
3,20,1372,0.9535218879481175,0.951962069766774,0.012869996755441187,2
3,78,1372,0.9534758719541329,0.9526527796271204,0.013073927466487025,2
3,41,1372,0.9533564261825132,0.9517486469339641,0.012741176990206073,2
3,9,1372,0.9532816909866091,0.9534970719468224,0.0133942980761631,2
3,73,1372,0.9532369804108934,0.9522282184434715,0.012953907557654526,2
3,67,1372,0.9531772575250836,0.9522496534114496,0.012773996390010211,2
3,66,1372,0.9531772575250836,0.9518745675801984,0.012805683548420505,2
3,71,1372,0.9531772575250835,0.9523141280197589,0.012803680308430068,2
3,80,1372,0.9531772575250835,0.9526437330785157,0.01297495135012518,2
3,68,1372,0.9531175346392737,0.9523478078111007,0.0128925630550325,2
3,69,1372,0.9531175346392737,0.9520997391774297,0.012824201389403971,2
3,75,1372,0.9530578117534639,0.95234091520264,0.012915195440100793,2
3,63,1372,0.9530578117534639,0.9517350966923311,0.012669151438024683,2
3,26,1372,0.9530173437871228,0.9522103864299161,0.011804039206702085,2
3,79,1372,0.9529980888676541,0.9526772301113,0.013001744302222064,2
3,65,1372,0.952998088867654,0.951644409285179,0.012849150091133823,2
3,42,1372,0.9529383659818442,0.9516003514185981,0.012703261562097603,2
3,72,1372,0.9529383659818442,0.9521946691939565,0.0128607281865345,2
3,64,1372,0.9528189202102245,0.9516157031374423,0.012800834612439964,2
3,25,1372,0.9527203611309099,0.9519647589284084,0.011898103378046138,2
3,21,1372,0.9526811985828378,0.9512928993078671,0.012574343008799485,2
3,89,1372,0.9524008600095557,0.9524111858680641,0.012940297396211439,2
3,86,1372,0.9524008600095557,0.9528088684895526,0.01272514894372887,2
3,24,1372,0.9523639819434545,0.9516283526404695,0.011961455233579759,2
3,81,1372,0.9523411371237458,0.9524485077763767,0.013025853289218244,2
3,23,1372,0.9521857923497268,0.9511463008362508,0.012223063318692644,2
3,87,1372,0.9521022455805065,0.9527127897049493,0.012773782938418604,2
3,85,1372,0.9521022455805065,0.9523210336824021,0.012770031180174493,2
3,82,1372,0.9520425226946966,0.9523184881167776,0.012905755865982043,2
3,90,1372,0.9520425226946966,0.9522484263182766,0.012980090799961558,2
3,88,1372,0.9520425226946966,0.952497487069832,0.012874077097382843,2
3,83,1372,0.9519827998088868,0.9520769335202692,0.012940302350151374,2
3,22,1372,0.9518888096935139,0.9510942146473151,0.012636332340608257,2
3,8,1372,0.9514201645349186,0.9526724131178871,0.012847424075920396,2
3,84,1372,0.9513258480649784,0.9520816069176725,0.012805862751804956,2
4,10,1372,0.9472049689440993,0.9442601541960058,0.014639059966059525,2
4,9,1372,0.9459507883420927,0.9450308470336981,0.014536887177391303,2
4,32,1372,0.9458303635067712,0.9437667713612119,0.012512575416399009,2
4,33,1372,0.9457716196846632,0.9437548528924152,0.01257703665552457,2
4,34,1372,0.9457716196846632,0.9439933136476257,0.012733924605455492,2
4,14,1372,0.9457118967988533,0.944117289220639,0.01396786911183224,2
4,11,1372,0.9456521739130435,0.9437859740639499,0.014745043507076859,2
4,54,1372,0.9455924510272337,0.9428969972768975,0.013120667098771521,2
4,30,1372,0.9455333808505584,0.943497306922111,0.012334516773428665,2
4,35,1372,0.9455327281414239,0.9437728285019803,0.012751905599996624,2
4,8,1372,0.9455327281414239,0.9444047945402186,0.014557806294952614,2
4,31,1372,0.9454739843193157,0.9436004349653672,0.012510388488475384,2
4,26,1372,0.9454132823698042,0.9421213046872349,0.012552302953121092,2
4,29,1372,0.945295794725588,0.9430207509288051,0.012288173377428716,2
4,37,1372,0.9452938365981844,0.9430160122604883,0.01306657821326057,2
4,36,1372,0.9452341137123745,0.9434456123586556,0.012963598474699084,2
4,51,1372,0.9451176051318604,0.9423443484526878,0.013050838415037127,2
4,50,1372,0.9451146679407549,0.9422112610601565,0.01296020082624602,2
4,28,1372,0.9450582086006178,0.942862534234594,0.012380688665919879,2
4,47,1372,0.9450582086006177,0.9421990031826097,0.012971999393556435,2
4,12,1372,0.9450582086006177,0.9446965294149899,0.01477374483344948,2
4,49,1372,0.9449988120693751,0.9422298241079424,0.012995441232548343,2
4,55,1372,0.9449952221691352,0.9425341562690102,0.013106624610630559,2
4,53,1372,0.9449354992833254,0.9425102671146862,0.012961695390572394,2
4,48,1372,0.9448206224756475,0.9425579279356898,0.012928830681740194,2
4,13,1372,0.9448206224756474,0.9438435430096156,0.014591383718987704,2
4,46,1372,0.9447563306258959,0.9417589205757417,0.013052944014868737,2
4,27,1372,0.9447018294131623,0.9423970742965756,0.01234934542284735,2
4,38,1372,0.9444577161968466,0.9428272879413293,0.013442278355575096,2
4,44,1372,0.9443979933110368,0.941553043060527,0.01331720047038445,2
4,52,1372,0.944338270425227,0.9421962095875139,0.012950446581065339,2
4,39,1372,0.9442188246536072,0.9422204512047705,0.013458772246282604,2
4,45,1372,0.9442188246536072,0.9415984455079252,0.013254513871485272,2
4,56,1372,0.9442188246536072,0.9421139943449279,0.013195560925327053,2
4,43,1372,0.944048467569494,0.9418272070053966,0.01338843341975853,2
4,85,1372,0.9439296745070088,0.9426430412068331,0.013508772726021238,2
4,58,1372,0.9438604873387483,0.9418083306572259,0.013327878329645744,2
4,57,1372,0.9436813186813187,0.9421688219122288,0.013283443311023903,2
4,25,1372,0.943561872909699,0.9415310206543279,0.012708304361291854,2
4,87,1372,0.9435138987883107,0.9424198668995533,0.013615551548199385,2
4,84,1372,0.9433951057258256,0.9422006480096288,0.01359538276218259,2
4,86,1372,0.9433951057258256,0.9425998840788578,0.013493575935610602,2
4,42,1372,0.9433827042522694,0.9419305700239413,0.013290701142382812,2
4,40,1372,0.9433229813664596,0.9416216166822012,0.013435542871941352,2
4,18,1372,0.9432763126633404,0.9423902208506628,0.014335545507764143,2
4,76,1372,0.9431575196008554,0.9420444286053694,0.01378464889994785,2
4,81,1372,0.9431575196008553,0.9420408256509468,0.013685266551646242,2
4,77,1372,0.9431438127090301,0.9422211952931839,0.013813831623257361,2
4,15,1372,0.9430387265383702,0.9431453008858568,0.014109693858584127,2
4,88,1372,0.9430132708821234,0.9422407635130372,0.013699168333236113,2
4,41,1372,0.9429793300071276,0.9414476827520306,0.013460898421502146,2
4,80,1372,0.9428605369446426,0.942029638216381,0.013682304113796066,2
4,82,1372,0.9428605369446424,0.9418754161020731,0.01375850975448103,2
4,59,1372,0.9427854753941711,0.9416528031246492,0.013288807459972872,2
4,75,1372,0.9427730739206148,0.941903534811589,0.013827057959359049,2
4,16,1372,0.9427417438821573,0.942720060884708,0.014185024780758181,2
4,78,1372,0.9427417438821573,0.9421735605805456,0.0136813130582677,2
4,83,1372,0.9426823473509147,0.9418591114278925,0.01368697185167499,2
4,89,1372,0.9426823473509147,0.942123876361225,0.013735706790949608,2
4,73,1372,0.9426660296225513,0.9416293186499887,0.013734238577087658,2
4,72,1372,0.9426660296225513,0.9414085071497759,0.013702290699077024,2
4,74,1372,0.9426529754398607,0.9417269769906974,0.01371710104847386,2
4,79,1372,0.9426229508196722,0.9421234194648307,0.013683205368048306,2
4,71,1372,0.9426063067367416,0.9413558726851672,0.01361308478141278,2
4,70,1372,0.9426063067367416,0.9415662016766793,0.013553079107477141,2
4,60,1372,0.9426063067367415,0.9416938193666633,0.013435726082082154,2
4,17,1372,0.9425635542884295,0.9421039556784391,0.014000415662230902,2
4,69,1372,0.9425328769591065,0.9415807048736485,0.013671715763591464,2
4,61,1372,0.942427138079312,0.9414519645239531,0.013392194143621949,2
4,23,1372,0.9423853646947018,0.9412499249384496,0.012934820033453576,2
4,68,1372,0.9423076923076923,0.9413490975643506,0.013684724797658667,2
4,24,1372,0.9423076923076923,0.9414527477749145,0.012767793071298876,2
4,22,1372,0.9422071751009741,0.9407506155047137,0.01337433499242275,2
4,62,1372,0.9421285236502628,0.9413263441239208,0.013509626597779118,2
4,67,1372,0.9421285236502627,0.941459183486981,0.013600962561338671,2
4,21,1372,0.9420883820384889,0.9404552776755198,0.013611893742311669,2
4,90,1372,0.9420883820384889,0.94205626874907,0.013744360229889415,2
4,64,1372,0.9420688007644529,0.9410469062892441,0.013697320040198689,2
4,19,1372,0.9420289855072463,0.9416203504264802,0.014151963266218787,2
4,65,1372,0.9420090778786431,0.9412078904701856,0.013655311790337387,2
4,66,1372,0.9420090778786431,0.9412799234502728,0.013573160787280781,2
4,20,1372,0.9419695889760038,0.9407464642746182,0.013721859755072075,2
4,63,1372,0.9417104634495939,0.9410307713194384,0.01366122616658558,2
5,11,1372,0.9402771141901577,0.9378456290680096,0.014156186106297422,2
7,82,1372,0.940128296507484,0.9364383881739547,0.01366046452568077,2
7,81,1372,0.9397719173200285,0.9358816142280147,0.013611042937378075,2
7,72,1372,0.9397719173200285,0.9355023510583025,0.013539012161946275,2
5,13,1372,0.9395604395604396,0.9370727822901738,0.013121311648460537,2
7,83,1372,0.9395343311950581,0.9363496850025718,0.013617451000285758,2
7,73,1372,0.9395343311950581,0.9357390625530325,0.013578722678792053,2
5,12,1372,0.9395007166746298,0.9368091008540046,0.014039761251398077,2
7,85,1372,0.939470365699874,0.9360243617157373,0.013617079879239281,2
7,87,1372,0.9394703656998739,0.9358563804928737,0.013580137666354932,2
7,79,1372,0.9394155381325731,0.9356664421347243,0.01367301872392512,2
7,76,1372,0.9394155381325731,0.9358606492106136,0.013557967002390633,2
7,86,1372,0.9393561416013305,0.9359618060722837,0.013655188045638818,2
7,75,1372,0.9393561416013305,0.9358175181910036,0.013623304513447811,2
7,89,1372,0.9393561416013304,0.9359355932734408,0.013633926780250927,2
7,80,1372,0.9393561416013304,0.9357117270944784,0.013667855403862013,2
5,9,1372,0.9393215480172001,0.9376353261848628,0.013988949958993994,2
7,84,1372,0.9392902179787426,0.9360934444505363,0.013592802678977367,2
7,70,1372,0.9392618251313904,0.9353623188405797,0.013207126800412949,2
7,69,1372,0.9392618251313904,0.9352254979517987,0.013376962779910346,2
7,71,1372,0.9392618251313903,0.9352403666658833,0.013315161400247013,2
7,88,1372,0.9391779520076027,0.9360718006156351,0.013669032126122449,2
7,77,1372,0.939022933588151,0.9357174187181314,0.013665394560336094,2
7,90,1372,0.9389997624138751,0.9358973314639744,0.01356019603114975,2
5,35,1372,0.9389403658826325,0.9364492884165015,0.012152212164311019,2
7,78,1372,0.9389403658826324,0.935730982013947,0.013634268918426486,2
7,74,1372,0.9388809693513899,0.9357268699463995,0.01360640584331422,2
5,10,1372,0.9387840420449116,0.9365904041313878,0.014295152844101005,2
5,8,1372,0.9387027797576621,0.9381214247857156,0.014138331606380228,2
7,64,1372,0.9385245901639344,0.9350253251144199,0.013223937254742423,2
5,33,1372,0.9384057971014492,0.9367076437461327,0.011665497404945546,2
7,68,1372,0.9383659818442428,0.9349482793281796,0.013280306711104575,2
7,63,1372,0.9383464005702067,0.9349178500283276,0.013187509329808276,2
7,66,1372,0.9383464005702067,0.9350779465248461,0.01339258965193339,2
7,65,1372,0.9383464005702067,0.9348773690078036,0.013268035318819114,2
6,8,1372,0.9382870040389641,0.9359794944898296,0.013226900170945181,2
5,34,1372,0.9382276075077216,0.9365112827300996,0.011864379306277848,2
6,25,1372,0.9382276075077216,0.9357604453042799,0.01142251841437812,2
6,33,1372,0.9382276075077215,0.9372723546351486,0.011869520029344636,2
6,28,1372,0.9382093316519546,0.9370094303415758,0.011426251299667513,2
7,62,1372,0.9381868131868132,0.9347594897381071,0.013296987694773396,2
7,67,1372,0.9380673674151935,0.9349292332756339,0.013317447104699969,2
6,32,1372,0.9380076445293836,0.9374640814163265,0.011828364540482814,2
6,10,1372,0.9379900213827512,0.9362122244588389,0.013544399201708442,2
6,31,1372,0.9379479216435738,0.9373618802200413,0.011663094983160052,2
6,26,1372,0.9378490362096921,0.9361095141494286,0.011415336283348258,2
5,14,1372,0.9378118317890235,0.9361875651077363,0.013185637357869418,2
6,24,1372,0.937752435257781,0.9353791978987986,0.011592286728285432,2
6,29,1372,0.9377524352577808,0.9370926115936807,0.01158176580222478,2
5,47,1372,0.9377090301003344,0.9358783115197941,0.012201990768867771,2
5,84,1372,0.9376688884885606,0.9368916163427925,0.012465634328599439,2
5,31,1372,0.9376493072145247,0.9366320469741709,0.011501895817507886,2
6,30,1372,0.9376493072145246,0.9373836545967693,0.011653127673001175,2
5,30,1372,0.9376493072145246,0.9363506249037254,0.011399897982765578,2
6,46,1372,0.9376493072145246,0.9370148086648443,0.012256170922489066,2
6,44,1372,0.9376336421952958,0.9363931684851144,0.01229154646008946,2
5,32,1372,0.9376336421952958,0.9365745432994186,0.011510913700754475,2
6,27,1372,0.9376088392481835,0.9363492019978122,0.011401005874770276,2
5,49,1372,0.9375895843287148,0.935696466754913,0.012103915638160415,2
5,29,1372,0.9375742456640532,0.9361333771953873,0.011397007162874943,2
5,17,1372,0.9375298614429048,0.9354170680827845,0.012988975670703534,2
6,48,1372,0.9375148491328107,0.9370324709740249,0.012276496706594028,2
6,89,1372,0.9374887407674293,0.9377545108728286,0.012802296496405954,2
7,61,1372,0.937470138557095,0.9342955049227324,0.013197060136751716,2
6,9,1372,0.937470138557095,0.9352086580561277,0.013480809679802034,2
6,50,1372,0.937455452601568,0.9367242356123324,0.012307842014019674,2
6,52,1372,0.937455452601568,0.9371952435779949,0.01234853951057456,2
6,45,1372,0.9374104156712852,0.9367828619467963,0.012332547829395052,2
6,90,1372,0.9373960560703254,0.9376424668227946,0.012823157981040133,2
5,27,1372,0.9373506927854753,0.9353959986319217,0.01148040877465359,2
5,15,1372,0.9373506927854753,0.9355837699957443,0.013082273083971719,2
5,46,1372,0.9373506927854753,0.9355701022664671,0.012384484065054418,2
5,28,1372,0.9373366595390829,0.935537571243202,0.011396685853661475,2
6,36,1372,0.9373366595390829,0.9368840971335627,0.012492538440577922,2
5,83,1372,0.937308593046298,0.9363919283377586,0.012583135960585133,2
7,55,1372,0.937308593046298,0.9346213764852395,0.013038766423099557,2
6,83,1372,0.9372909698996656,0.937987619413136,0.012668676091534764,2
5,50,1372,0.9372909698996656,0.9356989078870761,0.012117724384419793,2
5,37,1372,0.9372909698996655,0.9358025319892747,0.012799896545641365,2
5,36,1372,0.9372909698996655,0.9359720927682439,0.012387172552104335,2
6,47,1372,0.9372772630078403,0.9366911171508464,0.012367619787774084,2
7,50,1372,0.9372485438059208,0.9349832123210596,0.012861936455694143,2
6,34,1372,0.9372312470138557,0.9369116153506745,0.01206599726289804,2
7,33,1372,0.9372312470138557,0.9342678561637935,0.012992777516166157,2
7,54,1372,0.9372312470138556,0.9349012320537624,0.012927308550245698,2
6,86,1372,0.9371884945655438,0.937839154193395,0.012727847467189326,2
6,87,1372,0.9371284453251667,0.9376903104023561,0.012820973023660033,2
6,79,1372,0.9371284453251667,0.9375262193259342,0.012771474509979288,2
5,85,1372,0.9371284453251666,0.9367503700860793,0.012384070714899345,2
7,56,1372,0.9371284453251666,0.9343410770745055,0.013127726456848485,2
6,43,1372,0.937111801242236,0.9361179863139948,0.012294904174501365,2
6,72,1372,0.937111801242236,0.9368821651145244,0.012738978085152909,2
6,51,1372,0.937111801242236,0.9370395463410433,0.01239740271236032,2
6,35,1372,0.937111801242236,0.9367124346311801,0.012139610246945112,2
6,73,1372,0.9371118012422359,0.937034572697438,0.012899367655398813,2
7,51,1372,0.9370683960847895,0.9351916484560817,0.012699118973420933,2
7,32,1372,0.9370520783564262,0.9343683080995981,0.012917996343915354,2
5,44,1372,0.9370396768828702,0.934859889457181,0.012718377359907034,2
6,40,1372,0.9370396768828699,0.936365872189108,0.012405502189974453,2
7,57,1372,0.9370083468444125,0.9343340017074869,0.013252287396487768,2
6,84,1372,0.9369923554706164,0.9379566679459767,0.012672455291888563,2
5,48,1372,0.9369923554706163,0.9356104396909813,0.01209185698203565,2
5,43,1372,0.9369923554706163,0.9348764421608329,0.012819147887302393,2
7,52,1372,0.9369802803516275,0.9349310739153932,0.012926230272986361,2
7,27,1372,0.9369802803516275,0.9338777058057172,0.012511403602041359,2
6,78,1372,0.9369482976040353,0.9374692247643067,0.012847775088469925,2
7,59,1372,0.9369482976040353,0.9341086604058806,0.013214267007859578,2
7,60,1372,0.9369482976040353,0.9340805547505476,0.013184487458925734,2
6,82,1372,0.9369326325848065,0.9375258146462708,0.012855226397175946,2
7,30,1372,0.9369326325848064,0.9342858056649931,0.01266439651451328,2
7,58,1372,0.9369208838203849,0.9341084907015056,0.013195310905574442,2
5,45,1372,0.9369208838203849,0.9351449275362319,0.012523743340888061,2
6,85,1372,0.9368882483636582,0.9378390628141162,0.012806831990813564,2
6,53,1372,0.9368729096989967,0.9369111715084629,0.012323568822499355,2
7,31,1372,0.9368729096989966,0.9344928841650153,0.01273099453511109,2
6,49,1372,0.9368614872891423,0.936829178186983,0.012238438191538357,2
6,12,1372,0.9368614872891422,0.9361999926896577,0.013020457437253906,2
5,77,1372,0.9368281991232812,0.9358193588307628,0.01258916543703475,2
6,88,1372,0.9368281991232812,0.937613251561933,0.012831172585538368,2
5,80,1372,0.9368281991232811,0.9360716961821737,0.012528003723485136,2
6,23,1372,0.9368281991232811,0.9348554640892489,0.011651764142952664,2
6,80,1372,0.9368281991232811,0.9373827277497984,0.012850567366120561,2
6,77,1372,0.9368131868131869,0.9374670447157973,0.012809369069350707,2
6,68,1372,0.9368131868131868,0.9366090324500874,0.012701010301102496,2
7,47,1372,0.9368131868131868,0.9347593722504628,0.013100346005914835,2
6,76,1372,0.9368131868131868,0.9373430038718706,0.012865806830086222,2
5,18,1372,0.936753463927377,0.934349745051812,0.012954994028485286,2
6,71,1372,0.9367534639273769,0.9368920340766383,0.0127049235557762,2
7,44,1372,0.9367426942266572,0.9341451337923184,0.013296945612721498,2
7,26,1372,0.9367081006425269,0.933279537046465,0.012489901053501973,2
7,53,1372,0.9367081006425269,0.9347359399925331,0.012910308989293493,2
5,53,1372,0.9366937410415672,0.9360990838574588,0.012118469414049083,2
6,63,1372,0.9366937410415671,0.9360372461940529,0.012786828446972289,2
7,34,1372,0.9366937410415671,0.9339463446983047,0.013104342971840467,2
7,29,1372,0.9366937410415671,0.9342907401460502,0.01266115343124799,2
7,46,1372,0.9366937410415671,0.9344388006861277,0.013182412894214561,2
6,75,1372,0.9366937410415671,0.9372782159631767,0.01291133319108775,2
5,25,1372,0.9366832976954146,0.9346472368211498,0.011488500370635552,2
6,37,1372,0.9366832976954145,0.9364416647738102,0.012444280936419886,2
6,42,1372,0.9366832976954145,0.9361298395118779,0.012374281083019962,2
7,49,1372,0.9366480514021498,0.9346397828828336,0.012892695279495364,2
6,11,1372,0.9366480514021498,0.9358304940485982,0.01349474802679215,2
5,82,1372,0.9366480514021498,0.9360932225294307,0.012626498039890766,2
5,81,1372,0.9366480514021498,0.9359353713523352,0.012627277723921408,2
7,45,1372,0.9366340181557573,0.9346330599787477,0.013098526267796236,2
6,67,1372,0.9366340181557573,0.936614149689702,0.012724791611793027,2
5,76,1372,0.9366239011641719,0.9357406421091383,0.012549537487877236,2
5,26,1372,0.9366239011641719,0.9349850268524537,0.011442531284854139,2
5,78,1372,0.9365880021617727,0.9358502580811917,0.012592581665588238,2
5,79,1372,0.9365880021617726,0.9358361726180685,0.012522576426802852,2
6,74,1372,0.9365742952699474,0.9371851657489577,0.012947578531421523,2
6,70,1372,0.9365145723841377,0.936683075774309,0.012762688483868767,2
6,64,1372,0.9365145723841376,0.9362671434054185,0.012670497067334011,2
6,55,1372,0.9365145723841376,0.9368667089622186,0.01239611972388337,2
5,16,1372,0.9365145723841376,0.9351722629947862,0.012925859701554236,2
6,65,1372,0.9365145723841376,0.9363679739125214,0.012715968770844173,2
6,22,1372,0.9364078544406412,0.9346956547847496,0.01182220427846634,2
6,69,1372,0.9363951266125179,0.9365922578253298,0.01273878914423579,2
5,41,1372,0.9363951266125179,0.9354969988433994,0.012875373005361151,2
7,36,1372,0.9363951266125179,0.9339597905064762,0.013393775102652945,2
6,16,1372,0.9363863150392017,0.9350743044078753,0.012837847139855365,2
6,81,1372,0.9363478052002643,0.9373154595463932,0.01286503446069895,2
7,48,1372,0.9363354037267081,0.9345916390570703,0.013026767911733964,2
6,41,1372,0.936335403726708,0.9361464444322606,0.012246975235767716,2
5,86,1372,0.9362877559598871,0.9365993984632616,0.012579627483622017,2
6,66,1372,0.9362756808408983,0.9363081988099807,0.012729115606683059,2
5,38,1372,0.9362756808408983,0.9354516747210974,0.012558092327543121,2
6,54,1372,0.9362756808408982,0.9366993412859415,0.012395159358773895,2
7,35,1372,0.9362756808408982,0.9341272626162148,0.013386336248494097,2
7,41,1372,0.93622770671951,0.9334877773687468,0.013383856231121151,2
7,28,1372,0.9362277067195099,0.9339638634114757,0.012586545891511425,2
7,43,1372,0.9361562350692785,0.9338055683921686,0.013252974089977443,2
5,42,1372,0.9361562350692785,0.9351299021719548,0.012854328733508709,2
6,13,1372,0.9361487289142314,0.935660763565254,0.012997718416419257,2
6,56,1372,0.9360965121834688,0.9366010693986462,0.012511356681751469,2
6,62,1372,0.9360965121834687,0.9356262744145851,0.012660815157252358,2
5,74,1372,0.9360475589983787,0.9353898370576917,0.012586349237448191,2
5,52,1372,0.9360367892976589,0.9357616071265394,0.012215880680247987,2
5,51,1372,0.9359770664118491,0.935509844159167,0.012187396427821103,2
5,90,1372,0.935977066411849,0.936471715502364,0.012434675193020875,2
6,39,1372,0.9359705393205037,0.9359652132139658,0.012347698450133887,2
6,60,1372,0.9359173435260393,0.9358047120377841,0.012455771368916072,2
7,39,1372,0.9359173435260392,0.9340649288938669,0.01344916150455907,2
6,38,1372,0.935911142789261,0.9359766225696374,0.012480747392064085,2
5,87,1372,0.9358674112772474,0.9364866494873623,0.012477942172923967,2
6,21,1372,0.9358576206402294,0.9343326832350353,0.011933081306939184,2
5,54,1372,0.9358576206402294,0.9357808228834601,0.012291620296005796,2
7,37,1372,0.9358576206402293,0.9334605985603848,0.013438216770677412,2
5,75,1372,0.9358517462580185,0.9355782089139182,0.01247273093893246,2
5,73,1372,0.9358073620368702,0.9351586605364226,0.012496106630586128,2
5,72,1372,0.9357923497267759,0.9351850691480057,0.01243255266467474,2
6,58,1372,0.9357381748686097,0.936292324923829,0.01240049054237877,2
5,39,1372,0.9357381748686096,0.9348039000676208,0.012654478943027665,2
7,25,1372,0.9357329531955334,0.9331598562995569,0.01255636693621782,2
5,88,1372,0.935687263556116,0.9364126583798715,0.012523534057870742,2
7,40,1372,0.935687263556116,0.933742712502513,0.013488751786753564,2
6,57,1372,0.9356784519827999,0.9361727225020168,0.01247759595241055,2
6,61,1372,0.9356784519827998,0.9356574608570333,0.01246054333594373,2
5,24,1372,0.9356735566642909,0.9340742234719426,0.011555596700537855,2
7,42,1372,0.93561872909699,0.9334539278730298,0.013283841812488895,2
6,59,1372,0.93561872909699,0.9358333529146075,0.012385444611786464,2
7,9,1372,0.9355547636018057,0.93254715823497,0.014214018830068169,2
6,15,1372,0.9355547636018056,0.9349058532344349,0.01278030583178081,2
5,89,1372,0.9354992833253702,0.9362900273876753,0.012507843773360523,2
5,56,1372,0.9354992833253702,0.9353101543265478,0.012531853285127303,2
7,38,1372,0.9354395604395603,0.933448353737021,0.013341008886254785,2
6,14,1372,0.9353798375537506,0.9350910920868156,0.01289139473250534,2
5,55,1372,0.9352603917821309,0.9352768008897732,0.012453116976670356,2
6,20,1372,0.9352603917821309,0.9338381777405299,0.012397832637588115,2
7,24,1372,0.935200668896321,0.9327844963304692,0.012664122808331306,2
5,19,1372,0.935200668896321,0.9331809910213331,0.01268424075708766,2
5,57,1372,0.9351409460105113,0.9350594879105213,0.012507955739599227,2
5,71,1372,0.9351409460105112,0.9348994958474646,0.012591856606933549,2
5,23,1372,0.9351409460105112,0.9340978515426127,0.011717232199734464,2
6,18,1372,0.9350795913518651,0.9339846717786847,0.012393701236352469,2
5,22,1372,0.935079591351865,0.9337367989577541,0.011963738102497389,2
5,69,1372,0.9350215002388915,0.9350087854649509,0.012449435857334837,2
5,40,1372,0.9350215002388915,0.934723486302246,0.012743870384038628,2
6,17,1372,0.9349020544672718,0.934511212237513,0.012649120605668801,2
5,70,1372,0.9349020544672718,0.9348683877301127,0.01251058676890987,2
6,19,1372,0.9349020544672718,0.9341253044888111,0.012411868291199276,2
7,23,1372,0.9349014017581373,0.9322997553646164,0.012786284379322867,2
5,64,1372,0.9347826086956522,0.9344635253081441,0.012483260360421843,2
5,21,1372,0.9347826086956521,0.9332713781822833,0.012511767254676967,2
5,58,1372,0.9347228858098424,0.9349017411668874,0.012444797392121877,2
5,60,1372,0.9347228858098422,0.934644103817304,0.01247804228777579,2
5,59,1372,0.9346631629240325,0.9348951226962631,0.012467840622912809,2
5,68,1372,0.9346631629240325,0.9350880112997005,0.01256579737227176,2
5,63,1372,0.9346034400382226,0.934242974891585,0.012536753800147191,2
5,66,1372,0.934546327988951,0.9348989475717915,0.012434117067098217,2
5,67,1372,0.9345437171524129,0.9347490333377718,0.012516739337606279,2
5,65,1372,0.934483994266603,0.934638242489276,0.012460505045583806,2
7,8,1372,0.9343074364457116,0.931291176155752,0.014240367820521821,2
5,61,1372,0.9343048256091734,0.9344298324626193,0.012434494915752919,2
7,22,1372,0.9341860325466883,0.9313342157960831,0.013097471758475159,2
5,20,1372,0.9341853798375538,0.9329895383779917,0.012610861216910461,2
5,62,1372,0.9340062111801242,0.9342008229356767,0.012606595041379218,2
7,21,1372,0.9338916607270136,0.931083458000778,0.013201207750412933,2
7,20,1372,0.9332895365504061,0.9307372480216387,0.013094822820201283,2
7,12,1372,0.9330601092896175,0.9317618969293952,0.013890642697482549,2
7,10,1372,0.9329413162271323,0.9321609241317012,0.014321183671657649,2
7,11,1372,0.9328225231646472,0.9325331902594911,0.014066298614342696,2
7,19,1372,0.932572861920688,0.9304052148849012,0.013468775478447029,2
7,17,1372,0.9324067474459492,0.930321916145152,0.013658154188172572,2
7,13,1372,0.932287954383464,0.9315156950438491,0.01385251313782757,2
7,14,1372,0.9321097647897362,0.9312222761795107,0.013629802107982595,2
7,16,1372,0.9320503682584936,0.9308274393698486,0.013895688241960505,2
7,15,1372,0.9318127821335234,0.9313578960834841,0.013756938150040187,2
7,18,1372,0.9316172957477304,0.9302238922873278,0.013472677008736325,2
1,32,1372,0.9764789736279401,0.9729463681958336,0.007874591784913312,3
1,33,1372,0.9764789736279401,0.9732376461742106,0.007817856191229176,3
1,34,1372,0.9758256117842719,0.9731548434934036,0.007776273163767696,3
1,31,1372,0.9757662152530291,0.9725396259715576,0.007870788567851122,3
1,35,1372,0.9753504395343311,0.9729671243463119,0.007868762956347709,3
1,36,1372,0.9751722499406035,0.9725604865554972,0.007918867708696188,3
1,39,1372,0.9749346638156331,0.9718501562585667,0.008105691935107065,3
1,37,1372,0.9746376811594203,0.9726675830702916,0.00789612715190965,3
1,30,1372,0.9745782846281776,0.9721743046689589,0.007916608539010448,3
1,38,1372,0.9745188880969351,0.972311164720288,0.00808483171962188,3
1,29,1372,0.9744790728397286,0.9719651636080716,0.007974831686680619,3
1,28,1372,0.9742989251185973,0.9716464457376789,0.008050622823111588,3
1,40,1372,0.9742219054407223,0.971293082066425,0.00817755957145768,3
1,12,1372,0.9740205446727186,0.9702590994180444,0.008587338300784375,3
1,26,1372,0.9738785804359575,0.9714495233917898,0.008203743811648321,3
1,27,1372,0.9738185311955805,0.9714640526971248,0.008242756048954374,3
1,18,1372,0.9737467331907816,0.9712388810998932,0.008230771392152829,3
1,41,1372,0.9736873366595391,0.9709779932588201,0.008335147469812645,3
1,20,1372,0.9735783342340719,0.970769348256875,0.008637826055125988,3
1,43,1372,0.9735685435970539,0.9707368172336097,0.00846141987632311,3
1,13,1372,0.9735685435970539,0.9703756732694723,0.008358797861328995,3
1,11,1372,0.9735427615862399,0.9699274317984226,0.008665662166904732,3
1,19,1372,0.9735182849936949,0.9708490048796534,0.008447081166376318,3
1,42,1372,0.9735091470658114,0.9708296585809059,0.008340561575107458,3
1,51,1372,0.9735091470658114,0.970595688464541,0.007977453936885176,3
1,10,1372,0.9734830387004301,0.9697308749696489,0.008421527442270734,3
1,17,1372,0.9733981865129406,0.9715545442915365,0.008244669820262122,3
1,55,1372,0.9733903540033262,0.9701583994527685,0.008083519941805652,3
1,44,1372,0.9733903540033262,0.9707799743615853,0.008135912446300676,3
1,21,1372,0.9733381372725636,0.970759348752934,0.008455469193259043,3
1,25,1372,0.9732780880321865,0.9709243275137787,0.008473116459639113,3
1,46,1372,0.973271560940841,0.9707541401340404,0.00812824792902729,3
1,53,1372,0.9731527678783559,0.9701870142212266,0.00807369922601187,3
1,54,1372,0.9731527678783559,0.9701702395964691,0.008011327079248396,3
1,45,1372,0.9731527678783558,0.970679626859242,0.008060299156100929,3
1,9,1372,0.9730933713471133,0.9696535289372068,0.008558766602522326,3
1,47,1372,0.9730339748158707,0.9703740676050014,0.008294443369340368,3
1,50,1372,0.9729745782846282,0.9703802552875967,0.008137522494720698,3
1,52,1372,0.9729745782846282,0.9701820014150734,0.008057902614184202,3
1,15,1372,0.9729177925899237,0.9710412146655909,0.008034319786378611,3
1,48,1372,0.9729151817533855,0.9702450400632866,0.00823698461761115,3
1,16,1372,0.9727976941091695,0.9709525637109386,0.008116468821247367,3
1,8,1372,0.9727963886909003,0.9692478571559113,0.008989006874946743,3
1,23,1372,0.9727963886909003,0.970478409687248,0.00843604501844305,3
1,56,1372,0.9727369921596579,0.9700032896540379,0.00819255581809888,3
1,49,1372,0.9726775956284153,0.9701920400815625,0.008108205525112452,3
1,14,1372,0.9726775956284153,0.9704669872773936,0.008269810569599174,3
1,24,1372,0.9726175463880382,0.9706003618619441,0.008586136702707125,3
1,22,1372,0.972440009503445,0.9703626321409644,0.008563928613946586,3
1,90,1372,0.9724373986669068,0.9685761150230145,0.009072858418747234,3
1,81,1372,0.9723773494265298,0.9685986987590693,0.008748547747108594,3
1,84,1372,0.9722572509457755,0.9686418428328619,0.008872025895286378,3
1,89,1372,0.9722024233784747,0.9686340625399784,0.008958490281638067,3
1,57,1372,0.9721430268472321,0.9699963317746639,0.008164713002837243,3
1,85,1372,0.9721371524650213,0.9684958056911015,0.0090182840284369,3
1,80,1372,0.9721371524650213,0.9685272140546551,0.00873177098020455,3
1,79,1372,0.9721371524650213,0.9684536798435588,0.008684482930027701,3
1,88,1372,0.9721371524650213,0.968610656390414,0.008981258186032874,3
1,87,1372,0.9720242337847469,0.9685793002435911,0.008921238807807838,3
1,83,1372,0.9720170539842671,0.968603189397915,0.008997616294379151,3
1,82,1372,0.9719570047438901,0.968553100498931,0.00887631990728657,3
1,78,1372,0.97195700474389,0.968396567794287,0.008585401712116596,3
1,77,1372,0.9719054407222618,0.9684134076899579,0.008539514032074673,3
1,86,1372,0.9718969555035128,0.9684096611395258,0.008961363609176072,3
1,75,1372,0.9718460441910193,0.9682966249716071,0.008575110254643959,3
1,58,1372,0.9718460441910193,0.9698264968578582,0.00817288324453691,3
1,59,1372,0.9718460441910193,0.9697093616765748,0.00824508944905315,3
1,74,1372,0.9717272511285341,0.9683302786545837,0.008514268525144971,3
1,73,1372,0.9716678545972914,0.9684592800879328,0.008603532886795495,3
1,76,1372,0.9716084580660489,0.9685308561716259,0.00845928239649236,3
1,60,1372,0.9716084580660489,0.9694919834264099,0.008260198087584512,3
1,71,1372,0.9716084580660489,0.9685836342322444,0.008472819778475365,3
1,61,1372,0.9716084580660489,0.9693315997378721,0.008393535269084026,3
1,70,1372,0.9713708719410786,0.968559301235709,0.008500247913737987,3
1,69,1372,0.9713708719410786,0.9685160266200893,0.008500654449733113,3
1,63,1372,0.9713708719410786,0.9692484968108631,0.008265644959437136,3
1,62,1372,0.9713708719410786,0.9692099608635603,0.008304359357062098,3
1,72,1372,0.971311475409836,0.9684569956059622,0.008554366841756492,3
1,66,1372,0.971311475409836,0.9687841986951039,0.008444602151217336,3
1,67,1372,0.9711332858161082,0.9685738827577743,0.00843841169443137,3
1,64,1372,0.9710738892848658,0.9690926559779018,0.008317555072783134,3
1,68,1372,0.9709550962223805,0.9685644315295063,0.0084796373325968,3
1,65,1372,0.9708363031598954,0.9688563752712007,0.008296505830622743,3
2,33,1372,0.9614516512235686,0.9575043013531964,0.011968317027811797,3
2,32,1372,0.9612734616298408,0.9573243886073536,0.011832861027559118,3
2,30,1372,0.9611546685673557,0.9566429602709005,0.01172920845757848,3
2,34,1372,0.9611546685673557,0.957335262741535,0.01207339418457027,3
2,26,1372,0.9609079445145019,0.9546475370673518,0.011999227346397382,3
2,36,1372,0.9608815097945532,0.9571833512175637,0.012305837312381059,3
2,35,1372,0.960679496317415,0.9569070463867329,0.01219532335445148,3
2,28,1372,0.960679496317415,0.9558198418355225,0.011489786987068405,3
2,27,1372,0.9606426182513139,0.9551955908192543,0.011613428277973304,3
2,31,1372,0.9604419101924447,0.9570398988039757,0.011601810318609426,3
2,29,1372,0.9603231171299597,0.9560768003676059,0.011564348528446313,3
2,37,1372,0.9599259436215959,0.9567366240317058,0.012514594500767248,3
2,38,1372,0.9599259436215959,0.956452643341453,0.012463750933904252,3
2,40,1372,0.9599259436215959,0.9561870298862458,0.012705801962361197,3
2,39,1372,0.9595676063067369,0.9562733049796485,0.012517742421892023,3
2,42,1372,0.959149546106068,0.9556068889532895,0.01256070414742628,3
2,41,1372,0.959089823220258,0.9558788075787363,0.012629598424806987,3
2,25,1372,0.9589569969113804,0.9542510815390359,0.011849265870348511,3
2,24,1372,0.9579550883898711,0.9535345505053274,0.012169516944348004,3
2,23,1372,0.9578878593490141,0.9532635848352171,0.012221883109547542,3
2,21,1372,0.9578356426182513,0.9534413958576466,0.012300577043194165,3
2,22,1372,0.9577161968466317,0.9533380458932846,0.012208345379795814,3
2,43,1372,0.9576564739608218,0.955592646839974,0.01229600050270242,3
2,15,1372,0.9573049900918753,0.9540250092031988,0.012966271569412888,3
2,44,1372,0.9572981366459627,0.9556568603646295,0.01206586575602144,3
2,45,1372,0.957238413760153,0.9556828904049146,0.011978630273060417,3
2,17,1372,0.9569995222169135,0.9535668204449388,0.013111418832313796,3
2,16,1372,0.9569995222169135,0.954643477216535,0.013076159530740587,3
2,14,1372,0.9569995222169135,0.9542983246261936,0.012969485654971115,3
2,51,1372,0.9567593252554051,0.9557023933538545,0.011912046530940495,3
2,53,1372,0.9566999287241625,0.9558021925805247,0.011782981910490433,3
2,52,1372,0.9566405321929199,0.9557785122931237,0.011908473598118299,3
2,10,1372,0.9565814620162446,0.9528425221725294,0.013264993885858226,3
2,20,1372,0.9565814620162445,0.9535789347264757,0.01245557711752577,3
2,19,1372,0.9565217391304347,0.9532464316391615,0.012926344173963652,3
2,50,1372,0.9563435495367071,0.9558984802320513,0.0119473121289467,3
2,11,1372,0.9562247564742219,0.9529336795302582,0.013411242024681278,3
2,54,1372,0.9562247564742219,0.9556657633172244,0.011786446964224987,3
2,13,1372,0.9562231247013856,0.9532110678582524,0.013031005217507661,3
2,12,1372,0.9561653599429794,0.9530398230897162,0.013002258325533115,3
2,9,1372,0.9561634018155757,0.9527702672713364,0.012385340320332753,3
2,46,1372,0.9559245102723364,0.9554486330965304,0.011975726178525131,3
2,57,1372,0.9558683772867664,0.9549976763554809,0.011902686907445857,3
2,18,1372,0.9558683772867664,0.9533184254567005,0.013154162574434112,3
2,47,1372,0.9558050645007168,0.9553249838780843,0.011898016481471827,3
2,56,1372,0.9556901876930387,0.9554541158532605,0.011890994659537892,3
2,55,1372,0.9556307911617961,0.9556229586521817,0.011742618427118998,3
2,49,1372,0.9555713946305536,0.9555470485798355,0.011914438945748736,3
2,8,1372,0.9553834143998079,0.9518453523193366,0.012146619000654233,3
2,48,1372,0.955327281414238,0.9552532772525645,0.011847242441255235,3
2,60,1372,0.9550368258493703,0.9541568042316438,0.01215725906264997,3
2,58,1372,0.9549774293181278,0.9546254885527872,0.011904499165590308,3
2,59,1372,0.9547398431931575,0.9543935418347391,0.012037472992564514,3
2,61,1372,0.9541458778807317,0.9539041274714832,0.012164747510111087,3
2,90,1372,0.9539676882870041,0.9529091115584345,0.011686198105590387,3
2,89,1372,0.9537894986932762,0.952866084972286,0.011755833215030582,3
2,88,1372,0.9537894986932762,0.953053164464426,0.011666430652564138,3
2,87,1372,0.9536707056307911,0.9530628376137997,0.011720050048121477,3
2,62,1372,0.9536113090995486,0.953844417639856,0.012073007318591586,3
2,86,1372,0.9536113090995485,0.9528407990204141,0.011765526690441506,3
2,63,1372,0.9534925160370633,0.9536692827248777,0.012043442109641516,3
2,69,1372,0.953136136849608,0.9529948122677987,0.01199444028692867,3
2,64,1372,0.9531361368496079,0.9534328062054362,0.012045814357242786,3
2,79,1372,0.9529579472558802,0.9524765351066136,0.012038193264426934,3
2,65,1372,0.952839154193395,0.9531484469438852,0.011882279230744412,3
2,68,1372,0.9527797576621525,0.9529395016957384,0.01200385760941442,3
2,75,1372,0.95272036113091,0.9528449502505097,0.01195219792001393,3
2,85,1372,0.9526609645996673,0.9522845994585124,0.011923269122637097,3
2,66,1372,0.9526609645996673,0.952896892843436,0.011878745394205553,3
2,78,1372,0.9525421715371822,0.9526007326007327,0.011955209628377008,3
2,71,1372,0.9524827750059397,0.9528161657776768,0.01221408743569687,3
2,70,1372,0.9524827750059397,0.9529283273153552,0.0121071579181922,3
2,84,1372,0.9524827750059396,0.9523923356282588,0.011886760206006215,3
2,82,1372,0.9524233784746969,0.9523082405833653,0.012015924388378356,3
2,83,1372,0.952304585412212,0.9524880227873812,0.011864783040031784,3
2,80,1372,0.9523045854122119,0.9525861641328498,0.012099229824452775,3
2,67,1372,0.9522451888809693,0.9529495534164102,0.011988282960235394,3
2,74,1372,0.9522451888809693,0.9525202274560791,0.012052236818621118,3
2,81,1372,0.9521857923497268,0.9524665225484898,0.012079381624604195,3
2,77,1372,0.9521857923497267,0.9524645383127208,0.01201760459420913,3
2,76,1372,0.9521857923497267,0.9525723397533803,0.011979235997658296,3
2,72,1372,0.9519482062247564,0.9526537325824568,0.012241673601570023,3
2,73,1372,0.9515918270373009,0.9525129171137725,0.012134151980112924,3
3,30,1372,0.9462494027711419,0.9443500191896486,0.015160106638019734,3
3,50,1372,0.9460157329009788,0.9447698547591634,0.015216480152062353,3
3,40,1372,0.9460157329009788,0.9441598066936627,0.016391477345629495,3
3,39,1372,0.9460157329009788,0.9442930898989346,0.01636914545437854,3
3,49,1372,0.9459556836606018,0.9448509603962206,0.015241221695639342,3
3,29,1372,0.9459507883420927,0.9438667011297089,0.015173587014462088,3
3,33,1372,0.9459491565692564,0.9452372858787683,0.01573981024371027,3
3,51,1372,0.9458897600380138,0.9449704061678403,0.014938452895049513,3
3,34,1372,0.9458897600380138,0.9449028768807815,0.015751686557070158,3
3,32,1372,0.9458355851798476,0.94527469916636,0.015484301079044272,3
3,42,1372,0.9458355851798474,0.9434190862594284,0.015985081272954067,3
3,38,1372,0.9457755359394704,0.9439923868006548,0.016180748061023497,3
3,43,1372,0.9457154866990933,0.9439491252392179,0.015877027702844135,3
3,31,1372,0.9456554374587162,0.9449250689913555,0.015204999292392569,3
3,52,1372,0.945655437458716,0.9449919847318279,0.014779015824568927,3
3,41,1372,0.9455953882183391,0.943665431740984,0.016337902342255555,3
3,13,1372,0.9455333808505584,0.943174503092536,0.017144290083226717,3
3,28,1372,0.9455327281414238,0.9433540111587155,0.014921227047346523,3
3,54,1372,0.9454152404972078,0.9447696328380577,0.014932138789592589,3
3,53,1372,0.9454145877880732,0.9448243298635315,0.014896934192504012,3
3,15,1372,0.9453551912568307,0.9436454849498328,0.01686681341263357,3
3,44,1372,0.9452951420164535,0.9438170169103883,0.015749130281046967,3
3,55,1372,0.9452341137123745,0.9447649594406545,0.014907524284274679,3
3,48,1372,0.9451750435356994,0.9442757408901385,0.015252634801388842,3
3,45,1372,0.9451149942953222,0.9437642910665006,0.01558969966802562,3
3,27,1372,0.9451146679407548,0.9429225965291539,0.014794074818948096,3
3,19,1372,0.9450549450549451,0.942277484928946,0.01615184447249707,3
3,26,1372,0.9449952221691351,0.9423995284829212,0.01494911335993426,3
3,20,1372,0.9449394155381325,0.9421140465616589,0.015819673334853068,3
3,24,1372,0.9448747973338137,0.9420577569258967,0.015139036890739782,3
3,56,1372,0.944696607740086,0.944401700698921,0.014918984553673504,3
3,47,1372,0.9446946496126825,0.9436354854458918,0.01537758509780127,3
3,46,1372,0.9446346003723053,0.9437332482200621,0.015553928376606657,3
3,25,1372,0.9445771619684662,0.9421614985157395,0.01515307167273943,3
3,35,1372,0.9444048467569495,0.9448671475827568,0.015834359146315487,3
3,57,1372,0.9442188246536074,0.9440243956566122,0.015140664959572588,3
3,21,1372,0.9441672606319791,0.9417496390518487,0.015536619673600942,3
3,22,1372,0.9441672606319791,0.9414770677172674,0.01571979737743209,3
3,12,1372,0.9441672606319791,0.9415271827246169,0.016962346796737887,3
3,14,1372,0.9441078641007365,0.9425189350919929,0.017277446923859647,3
3,18,1372,0.9441078641007364,0.9414602669841444,0.016608838207655404,3
3,86,1372,0.9440941572089114,0.9432328552891631,0.015137733677520889,3
3,23,1372,0.9440941572089112,0.9412479929194113,0.015602807784927456,3
3,11,1372,0.9440396559961778,0.9412343904610475,0.016742159691178808,3
3,85,1372,0.9439799331103679,0.9428646490121899,0.015293903532717156,3
3,58,1372,0.9438604873387483,0.943930640516528,0.015144911262886997,3
3,37,1372,0.9437939110070258,0.9439944885240679,0.016022169149732226,3
3,17,1372,0.9437514849132811,0.9417418718131475,0.01665673722959662,3
3,36,1372,0.9436738125262716,0.9442406773554315,0.01597539932515546,3
3,9,1372,0.9435732953195534,0.9412065197810029,0.016748243756588968,3
3,16,1372,0.9434545022570682,0.9422683208926972,0.016623520608844148,3
3,87,1372,0.9433229813664596,0.9430631117516363,0.015148165080844052,3
3,89,1372,0.9429646440516005,0.9427778517514797,0.015326869487181403,3
3,88,1372,0.9429646440516005,0.9427472788556182,0.015253338674011624,3
3,59,1372,0.9429049211657907,0.9435485184808066,0.015338402213821664,3
3,61,1372,0.942785475394171,0.9433191303825659,0.015235384018311227,3
3,60,1372,0.942773073920615,0.9432597860680539,0.015341509198574658,3
3,10,1372,0.9427417438821573,0.9412045877619648,0.016806301253222414,3
3,90,1372,0.9426063067367416,0.9428520125633455,0.01543663651840892,3
3,84,1372,0.9425465838509316,0.942217605392944,0.015307613424502955,3
3,8,1372,0.9424447612259443,0.9412531623757568,0.015952014886913758,3
3,62,1372,0.9423259681634593,0.9430584644625984,0.015250222562254983,3
3,82,1372,0.9423076923076923,0.9421101303068516,0.015211108951297932,3
3,63,1372,0.9422665716322167,0.9426448687924097,0.015392756108078469,3
3,74,1372,0.9422479694218825,0.9417194186189196,0.015288688859804963,3
3,80,1372,0.9422479694218825,0.9417469107276664,0.015433874994607787,3
3,78,1372,0.942068800764453,0.9416635989337343,0.015464143593522524,3
3,76,1372,0.9420090778786432,0.9416854646897411,0.015348464720720307,3
3,81,1372,0.9420090778786431,0.9419237165780288,0.01527951308374971,3
3,79,1372,0.9419924337957126,0.9418568661084699,0.015403763205443339,3
3,83,1372,0.9419924337957125,0.9420644667757996,0.015247681647591705,3
3,77,1372,0.9418896321070234,0.9417667269769907,0.01541660612436486,3
3,73,1372,0.9417701863354038,0.9414871063837564,0.015363807451504723,3
3,70,1372,0.9417104634495939,0.9421724248666515,0.015390153342022954,3
3,75,1372,0.9417104634495939,0.9415093115485133,0.015279743219234919,3
3,67,1372,0.9416726063197909,0.9421926066330912,0.015433883100974339,3
3,71,1372,0.9415910176779743,0.9419958278832121,0.015384729066363447,3
3,69,1372,0.9415720891130728,0.942062260618925,0.015499368386533626,3
3,66,1372,0.9415538132573058,0.9420472222004653,0.015542078015576916,3
3,68,1372,0.9414944167260632,0.9422649137510148,0.015464258461759566,3
3,64,1372,0.9413162271323354,0.9420617253974345,0.015494060718354994,3
3,72,1372,0.9412924032489249,0.9416017743245113,0.015377453466893705,3
3,65,1372,0.9412326803631151,0.9417457750137721,0.015467470305901163,3
4,13,1372,0.93892992253648,0.9338048895746687,0.017472217412782657,3
4,12,1372,0.9386645962732919,0.9343135196948453,0.01740545294194728,3
4,31,1372,0.9383464005702067,0.9357568684582227,0.016417888376856482,3
4,32,1372,0.9379306248515087,0.9357022628120276,0.016531017719226795,3
4,29,1372,0.9379306248515087,0.9349658502580812,0.015601239598728656,3
4,30,1372,0.9378712283202661,0.9355506123717099,0.01587754506087855,3
4,33,1372,0.9376930387265384,0.9349214399285676,0.01677424180311059,3
4,38,1372,0.9375298614429048,0.9342018019993786,0.017200545031590558,3
4,28,1372,0.9373960560703255,0.9344586299896349,0.015591560367173109,3
4,37,1372,0.9373960560703254,0.9340105973855082,0.017043202367484477,3
4,14,1372,0.9373366595390831,0.9350198945744205,0.016904078439407295,3
4,34,1372,0.937308593046298,0.9347304572358028,0.016915720817729137,3
4,36,1372,0.9372312470138557,0.9340129471383927,0.017073195913794966,3
4,48,1372,0.937111801242236,0.9344639952587209,0.01655154460864216,3
4,15,1372,0.937111801242236,0.9334214490664954,0.016766070151785262,3
4,27,1372,0.9370683960847895,0.933964986071187,0.015271654418179719,3
4,39,1372,0.9370520783564262,0.9339173644127315,0.017320947056651513,3
4,51,1372,0.9370083468444125,0.9344278743352159,0.016177695005844723,3
4,35,1372,0.9369802803516274,0.9341709941282287,0.01703232991065396,3
4,26,1372,0.9366832976954147,0.9337158861570836,0.015330435938637428,3
4,50,1372,0.9366480514021498,0.9344080189233432,0.016390800107168167,3
4,43,1372,0.9365145723841377,0.9332918210323768,0.017046187274811615,3
4,49,1372,0.9363478052002643,0.9342483271064882,0.016562354221663505,3
4,42,1372,0.9362159579550884,0.9333662559820791,0.017100583677557287,3
4,44,1372,0.9361076082387557,0.9334646192486535,0.01688065586941609,3
4,19,1372,0.9360965121834688,0.9326029518117899,0.016104838799683746,3
4,45,1372,0.9360965121834687,0.9334147000540444,0.016813104873476307,3
4,25,1372,0.9360893323829889,0.9331464496539337,0.015417506221328139,3
4,8,1372,0.9360893323829889,0.9323255895921612,0.017324180452514673,3
4,52,1372,0.9358674112772474,0.9342752709395615,0.01627637946816548,3
4,40,1372,0.9358576206402294,0.9331647646722486,0.017334197156083253,3
4,47,1372,0.935687263556116,0.9338706957096125,0.01650145215568294,3
5,29,1372,0.9356272143157389,0.9319391335677863,0.016331996285224484,3
5,31,1372,0.9355590062111802,0.9323545698777346,0.01680864499643506,3
4,24,1372,0.9355547636018057,0.9326466572154384,0.015684228996757928,3
4,23,1372,0.9355547636018056,0.932527746665309,0.015653330376855082,3
5,30,1372,0.9355071158349848,0.9321664460509793,0.016553403543913964,3
4,18,1372,0.9354992833253704,0.9324560792023372,0.01618881581427666,3
4,53,1372,0.9354470665946076,0.9341336722199161,0.016396106377973348,3
4,41,1372,0.9353798375537505,0.9328091165190239,0.017153195323589967,3
4,11,1372,0.9353201146679407,0.9327632702294142,0.01698627169245328,3
4,22,1372,0.9352603917821309,0.9316628809536863,0.01608134578482362,3
4,16,1372,0.9352603917821309,0.9323192583135562,0.016833156566753,3
4,46,1372,0.9352068696330991,0.9334673214644704,0.016622197307358758,3
4,17,1372,0.9351983844143502,0.9318721525564005,0.016571802192155503,3
4,20,1372,0.9351389878831076,0.9320191295993149,0.01609180892482889,3
4,54,1372,0.9350201948206225,0.9341238163119846,0.016264500719173763,3
4,55,1372,0.9349666726715907,0.9337413940300613,0.016280085905727187,3
4,21,1372,0.9349617773530817,0.9317989969166021,0.01600460639104593,3
4,57,1372,0.9349066234312136,0.9332592639007464,0.016536914871951493,3
5,26,1372,0.9348465741908363,0.9303499565295718,0.015690343504691395,3
4,56,1372,0.9346664264697052,0.9333285946650167,0.016385125423282246,3
5,28,1372,0.9344862787485738,0.9313076374801251,0.016005721155124813,3
5,32,1372,0.9344862787485738,0.9317307365953126,0.01699446075403747,3
5,33,1372,0.9344262295081968,0.9314107655233812,0.01702122524312923,3
5,11,1372,0.9344262295081966,0.9301563760544517,0.017110658030876295,3
5,13,1372,0.9343668329769542,0.9310251710750641,0.01683679023018811,3
4,58,1372,0.9343661802678196,0.9328658761053628,0.016628365579707843,3
5,85,1372,0.9343074364457116,0.9311906328406685,0.01631524708207832,3
5,83,1372,0.9341886433832264,0.9309591430190147,0.01655732709375382,3
4,60,1372,0.9341259833063111,0.9326467485947173,0.01650113596448482,3
5,86,1372,0.9340659340659341,0.9309416765225745,0.01645847699986161,3
4,10,1372,0.9339510572582561,0.9324919782047365,0.016805866327058498,3
5,90,1372,0.9339458355851799,0.9311917424461973,0.01656005878763343,3
5,84,1372,0.9338916607270135,0.9314562462958758,0.016476971207659803,3
5,27,1372,0.9338257371044256,0.9306838303060683,0.015947343805561048,3
5,12,1372,0.9337728676645284,0.9294879888465064,0.017300417883403342,3
4,59,1372,0.9337656878640486,0.9326338902247671,0.01659752170244097,3
4,9,1372,0.9337134711332858,0.9328113096217159,0.016890377825636863,3
5,35,1372,0.9337056386236714,0.9304688931880665,0.01704679312669573,3
5,89,1372,0.9336540746020432,0.9309794422730987,0.016456534697477217,3
5,81,1372,0.9336540746020432,0.9301232575929653,0.01650295010984177,3
5,34,1372,0.9335855401429171,0.9308436657189332,0.01717335153287455,3
5,88,1372,0.9335352815395581,0.930951193021756,0.016412982179584697,3
5,87,1372,0.9334758850083156,0.9308841728478222,0.016353668857464355,3
4,61,1372,0.9334758850083156,0.9324827880601224,0.016532850846965264,3
5,37,1372,0.9334053924217859,0.9307776376628837,0.017300724669360796,3
5,82,1372,0.9333570919458303,0.9301880324474765,0.016572521277874026,3
5,38,1372,0.9332852939410317,0.9305768382247357,0.017472879042311613,3
5,79,1372,0.9332252447006546,0.9296577323840332,0.016672408852241655,3
4,62,1372,0.9332252447006546,0.9322437529208735,0.01654725416384911,3
5,36,1372,0.9331651954602774,0.9303713914975498,0.01712023213986277,3
4,85,1372,0.9331103678929765,0.9337706223451057,0.016485760798616304,3
5,80,1372,0.9330007127583748,0.9301859829407941,0.016449734746919305,3
5,25,1372,0.932985047739146,0.9300808576075861,0.01582434119615063,3
4,90,1372,0.9329413162271324,0.9331459535949914,0.016436051891939318,3
5,49,1372,0.9329249984987691,0.9312557601581122,0.016369192213242914,3
5,8,1372,0.932924998498769,0.9287061738451616,0.01711709555793266,3
4,65,1372,0.9328819196958897,0.9315123140105321,0.01679101199532051,3
5,47,1372,0.9328649492583918,0.9311018121816411,0.016640090148624036,3
5,76,1372,0.9328049000180147,0.9291644017659696,0.01675360858059643,3
5,78,1372,0.9328049000180147,0.9292233936175491,0.016839309540496634,3
4,86,1372,0.9327520305781175,0.9336032546688284,0.01628085296528746,3
4,88,1372,0.932703730102162,0.9331965646612832,0.016417793673262425,3
5,15,1372,0.9326923076923077,0.9280758395797597,0.016385008795333476,3
5,75,1372,0.9326848015372606,0.929164897824912,0.016627805949214373,3
4,89,1372,0.9326443335709194,0.9331679368386425,0.016560436030485882,3
5,77,1372,0.9326247522968835,0.9293004785663375,0.016757506607616386,3
5,48,1372,0.9326247522968835,0.9309590777481013,0.016521762975392876,3
5,16,1372,0.9325849370396769,0.9278759278260347,0.016209349671768142,3
4,63,1372,0.9325647030565063,0.9317491038303582,0.016611111185071338,3
5,53,1372,0.9325046538161292,0.9309616233137258,0.016531780833888923,3
4,84,1372,0.9324534161490683,0.9332278163746446,0.016585686653164948,3
5,51,1372,0.9324446045757522,0.9311745239792281,0.01653986822398713,3
4,66,1372,0.9324067474459491,0.9317428900393975,0.01659927591237375,3
5,57,1372,0.9323245060949978,0.9294016354280075,0.016897697240539866,3
5,14,1372,0.932287954383464,0.9292531571540837,0.016309628008811524,3
5,18,1372,0.932287954383464,0.9287460282649164,0.01616622743273361,3
4,67,1372,0.932287954383464,0.9316748385850311,0.01668914257684187,3
5,59,1372,0.9322644568546207,0.9292657674945629,0.016641189434282562,3
5,60,1372,0.9322644568546207,0.9292269965719717,0.016623163503194274,3
4,87,1372,0.9322285578522214,0.9332397740059892,0.016541483042521694,3
4,68,1372,0.9321691613209789,0.931579764972495,0.016743120327106346,3
6,30,1372,0.9321443583738666,0.9302202110078089,0.015200883364873038,3
4,69,1372,0.9321097647897363,0.931690033653683,0.01686197558900731,3
5,17,1372,0.9321097647897363,0.928737856346552,0.01621997664653286,3
4,70,1372,0.9321097647897362,0.9315185147473102,0.016834854409489255,3
4,82,1372,0.9320950788342093,0.9325403178432401,0.01638977998579558,3
5,39,1372,0.9320843091334895,0.9299987729068272,0.017543843630534295,3
5,74,1372,0.9320503682584937,0.9285609721710932,0.01662269305455386,3
5,40,1372,0.9320242598931123,0.9297784052488258,0.017313357363730405,3
5,50,1372,0.9320242598931123,0.9311389513313961,0.01628637453952333,3
5,58,1372,0.9319642106527353,0.9291756414172664,0.01669998986800397,3
5,54,1372,0.9319642106527353,0.9306823160208763,0.01651862879959504,3
5,46,1372,0.9319642106527353,0.9304422626553773,0.016652164456191363,3
5,61,1372,0.9319642106527352,0.9289782882833488,0.01672291999706474,3
4,64,1372,0.9319041614123582,0.9313593450977627,0.016717116293826034,3
5,45,1372,0.9319041614123581,0.9298836611238606,0.016692279287553596,3
5,55,1372,0.9318441121719809,0.9300228970364395,0.016637661629053602,3
4,81,1372,0.9318127821335234,0.9324594732898366,0.016352442025683422,3
6,83,1372,0.9317840629316039,0.9300383009720145,0.014329559686905828,3
5,52,1372,0.9317840629316039,0.9310812518439033,0.01662561758443138,3
6,31,1372,0.9317840629316039,0.9296705124288873,0.015302041968501273,3
5,56,1372,0.9317840629316039,0.9299273665275091,0.01670065237941831,3
5,73,1372,0.9317533856022808,0.9284537320602894,0.016433241738289882,3
7,82,1372,0.9316770186335404,0.9278941906276188,0.015016470588915788,3
4,83,1372,0.9316345925397957,0.932519222284012,0.016640217501957374,3
5,62,1372,0.9316345925397957,0.9285483096138833,0.016857364640537085,3
6,90,1372,0.9315575728619206,0.9297292170884472,0.01448690561189658,3
6,28,1372,0.9315438659700955,0.929831144146896,0.014341378473062098,3
5,10,1372,0.9315157994773106,0.9284145695122175,0.017030841721040652,3
4,71,1372,0.9315157994773104,0.9310910555351041,0.01685571935967789,3
5,24,1372,0.9314838167297184,0.9294065699090645,0.01608288777984522,3
5,41,1372,0.9314838167297184,0.9303191356042388,0.017405565699046773,3
6,56,1372,0.9314838167297183,0.9287955819424102,0.014242355442736958,3
5,65,1372,0.9314564029460679,0.928817787107167,0.01679496001197419,3
5,63,1372,0.9314564029460679,0.92835689613309,0.016836307210383913,3
6,89,1372,0.9314381270903009,0.9298104402131486,0.014495775302715303,3
7,87,1372,0.9314381270903009,0.9276237340706335,0.015069701278494302,3
6,27,1372,0.9314237674893413,0.9291784089039967,0.014175336710057855,3
6,29,1372,0.9314237674893412,0.9301360768003677,0.014783004817047243,3
5,64,1372,0.9313970064148254,0.9286775329683384,0.01685466131403134,3
7,86,1372,0.9313186813186812,0.9276836266608184,0.015108835160772771,3
6,25,1372,0.9313186813186812,0.9281656131941236,0.014192621506896546,3
7,83,1372,0.931303669008587,0.9278419608426738,0.014947695167896942,3
5,72,1372,0.9312782133523402,0.928733339599341,0.016351041088914588,3
5,23,1372,0.9312589584328715,0.9289183695847987,0.016325976192333808,3
4,80,1372,0.9312589584328714,0.9321252731587728,0.01649820251770481,3
7,81,1372,0.9312589584328714,0.9273141149655761,0.0151818771881339,3
6,55,1372,0.9312436197682099,0.929105736268958,0.014080290010828011,3
6,33,1372,0.9312436197682099,0.9289033964372524,0.015468998435051316,3
6,88,1372,0.9312436197682099,0.9295425944927014,0.01455008465053248,3
6,79,1372,0.9312436197682099,0.9289036705750889,0.014464063929370493,3
6,32,1372,0.9312436197682098,0.9293828504591155,0.015295731525615237,3
4,76,1372,0.9312188168210976,0.9315389837057692,0.01672206966765072,3
6,82,1372,0.9311992355470616,0.9296439993838425,0.014453638278584254,3
7,84,1372,0.9311395126612518,0.927548215623768,0.015023626068288798,3
7,79,1372,0.9311395126612518,0.9264951608144766,0.01517867131503355,3
5,69,1372,0.9311000237586126,0.9288092105091392,0.01685197393550864,3
5,19,1372,0.9311000237586126,0.928047590328417,0.016248993736750393,3
5,66,1372,0.9311000237586124,0.9288278388278388,0.016775534080310014,3
7,85,1372,0.9310797897754419,0.927557379660017,0.01502791255575256,3
4,73,1372,0.9310406272273699,0.9313101960999325,0.016546895859873307,3
6,26,1372,0.9310200668896321,0.9284416438871179,0.014291569431275008,3
4,78,1372,0.931020066889632,0.9318507567509705,0.016621877783247897,3
4,77,1372,0.9309812306961274,0.9316623979489269,0.016724840250207536,3
5,67,1372,0.9309812306961274,0.9286971011881916,0.016742537866456735,3
7,89,1372,0.9309603440038223,0.9278836950647356,0.015146474490519552,3
7,88,1372,0.9309603440038223,0.9277620953529719,0.015105934198772,3
6,87,1372,0.9309603440038223,0.9296575887880235,0.014578189255235706,3
4,79,1372,0.9309603440038221,0.9318151579947731,0.0165983292997858,3
6,84,1372,0.9309433735663244,0.9298542761586239,0.014370696344053763,3
5,71,1372,0.9309218341648847,0.9283529929324655,0.01651242357308741,3
7,80,1372,0.9309006211180124,0.926578838125524,0.015200712430094604,3
6,52,1372,0.9309006211180124,0.9299992298032211,0.014038371342089647,3
6,80,1372,0.9308833243259472,0.9288723405366314,0.01456137303387061,3
5,68,1372,0.9308624376336421,0.9288912168848019,0.016873141745946764,3
6,57,1372,0.9308232750855702,0.9282133262318579,0.01423642811102964,3
6,46,1372,0.9308232750855702,0.9296546385427356,0.014504183142396543,3
6,78,1372,0.9308232750855702,0.9285092776076384,0.014587095378033665,3
5,70,1372,0.9308030411023995,0.9286203034314225,0.0166952356430138,3
6,51,1372,0.9307811753463927,0.9299662418835618,0.014007109147247235,3
6,37,1372,0.9307811753463927,0.9291430320689051,0.015562697994690362,3
6,50,1372,0.930763225845193,0.9298061714954089,0.014066614857014652,3
6,75,1372,0.9307031766048159,0.9279345672146814,0.014518705584921302,3
6,16,1372,0.9306248515086719,0.9255459389743068,0.014026613297329096,3
6,10,1372,0.9306248515086719,0.9264021889253535,0.015031942469802401,3
7,78,1372,0.9306020066889632,0.9264760103284694,0.0150506016095602,3
6,81,1372,0.9306020066889632,0.9288626673872574,0.014563207137511573,3
6,45,1372,0.9306020066889632,0.9292365391795185,0.014376688772095221,3
6,53,1372,0.9306020066889632,0.9297317495998894,0.013953612054869127,3
6,85,1372,0.9305830781240618,0.9296168336296633,0.01450591635875553,3
6,21,1372,0.9305830781240618,0.9263150130933453,0.014218917271047682,3
6,36,1372,0.9305830781240618,0.9292165793341846,0.01554401754176824,3
6,58,1372,0.9305830781240618,0.9283444816053512,0.014084727478149834,3
4,75,1372,0.9305654549774294,0.9311999665812923,0.016610511936921767,3
6,12,1372,0.9305654549774292,0.9267943235191987,0.014719412829476372,3
6,24,1372,0.9305422838031534,0.9276657424305321,0.014243344856418531,3
6,9,1372,0.9305422838031533,0.9243799915931064,0.015104805441085131,3
6,54,1372,0.9305230288836847,0.9291782261454393,0.0140055523473934,3
6,11,1372,0.9305060584461867,0.9256530615974664,0.015187929103087442,3
5,9,1372,0.9305060584461867,0.9282410924784411,0.016605091149511236,3
6,18,1372,0.9304466619149442,0.9252266336656928,0.014055519221994278,3
4,74,1372,0.9304466619149441,0.9310427158966005,0.016561023578373586,3
6,86,1372,0.9304228380315336,0.9295427903054418,0.01456576585154228,3
6,76,1372,0.9304029304029304,0.9280587516546176,0.01472125630142445,3
6,77,1372,0.9304029304029304,0.928111151143938,0.014720278592186447,3
6,71,1372,0.9303631151457239,0.9274408319169545,0.014096797888383476,3
6,49,1372,0.9303428811625533,0.9297939919429584,0.014012464724690985,3
6,48,1372,0.9303428811625533,0.9298604246786714,0.014264373033251261,3
6,67,1372,0.9302828319221763,0.9275818040358312,0.014376635866682863,3
6,65,1372,0.9302828319221762,0.9276106668337601,0.014412906029159046,3
6,68,1372,0.9302828319221762,0.9274290439899847,0.014315430809960462,3
6,34,1372,0.9302436693741042,0.9287552314637133,0.015412646180332841,3
6,47,1372,0.9302436693741041,0.9295206243032329,0.014504272901675077,3
6,19,1372,0.9302090757899739,0.925056850965618,0.014165834211876544,3
6,17,1372,0.9302090757899738,0.9257221573864483,0.013996963337693276,3
6,35,1372,0.9301839464882944,0.9286955085779034,0.015512707161283756,3
6,73,1372,0.9301839464882943,0.9275604082304011,0.01425267243395906,3
6,66,1372,0.930162733441422,0.9276062936825589,0.014251617410420601,3
4,72,1372,0.9301496792587312,0.9308825410749858,0.01674592056871654,3
5,21,1372,0.9300902827274887,0.9279322696785277,0.016321754960004528,3
6,42,1372,0.9300645007166746,0.9290562086998294,0.014942251531086612,3
6,70,1372,0.9300426349606679,0.9270339722050341,0.014194468913848284,3
6,14,1372,0.9300308861962463,0.9246108809223564,0.01451255580342023,3
5,20,1372,0.9300308861962462,0.9278919061456482,0.016177228527098988,3
7,77,1372,0.9300047778308648,0.9259881363587708,0.015163880834130618,3
6,63,1372,0.9299825857202906,0.9275150971622818,0.014367842013233507,3
7,75,1372,0.929945054945055,0.9257383967897154,0.015609303042073853,3
6,72,1372,0.929945054945055,0.9273190233382677,0.014183656645610018,3
6,38,1372,0.9299225364799135,0.9285910490080127,0.015616476277501028,3
5,22,1372,0.929912093133761,0.928750179495012,0.016207167887982096,3
6,8,1372,0.9298853320592451,0.9241883953537554,0.014703901108628572,3
6,74,1372,0.9298624872395365,0.9279667979917445,0.01435792030439762,3
6,23,1372,0.9298256091734354,0.9268311232602038,0.014345550910303246,3
6,40,1372,0.9298024379991593,0.9291301736989549,0.015361067766210641,3
6,59,1372,0.9298024379991592,0.9279738733587629,0.014160656635268352,3
6,43,1372,0.9297658862876254,0.9289556262221978,0.014725118747546421,3
7,47,1372,0.9297423887587821,0.9264864797829873,0.015389867621359488,3
7,45,1372,0.9297423887587821,0.926269702025226,0.015406196065199811,3
6,69,1372,0.9296823395184052,0.9271087726718519,0.014247648990327185,3
6,64,1372,0.9296823395184051,0.9277055185251907,0.014363425090948541,3
6,60,1372,0.9296823395184051,0.9278090904106584,0.014141009766742743,3
7,74,1372,0.929586717630196,0.9255523094154599,0.015542892945785588,3
7,90,1372,0.9295867176301958,0.9276927254261537,0.015059408585614852,3
7,76,1372,0.929526994744386,0.925537153509356,0.015478133111283706,3
6,22,1372,0.929526994744386,0.926640989089314,0.014349114294255906,3
6,62,1372,0.9295021917972739,0.9272358681945282,0.01434434525062837,3
5,42,1372,0.9295021917972739,0.9274365109824839,0.018035921744552,3
5,43,1372,0.9295021917972738,0.9274346181259936,0.017817903051961032,3
6,15,1372,0.929496317415063,0.9247033175899891,0.01422632056469214,3
7,49,1372,0.9294672718585761,0.9264817933314013,0.014964856978954982,3
6,41,1372,0.9294421425568966,0.9289292698273454,0.015226818083856637,3
6,44,1372,0.9294075489727663,0.9287310029006395,0.014598086532299307,3
6,61,1372,0.9293820933165196,0.9273249107746614,0.014235208513698895,3
7,46,1372,0.9293820933165194,0.9261613392547106,0.015413642467484199,3
7,66,1372,0.9293478260869564,0.9248709332957372,0.015424044583465116,3
7,48,1372,0.9293220440761423,0.9264723290489506,0.015005486910671736,3
5,44,1372,0.9292619948357653,0.9272928627561557,0.01771798205676989,3
7,50,1372,0.9292619948357652,0.9265676245825926,0.01506780338346244,3
7,36,1372,0.9292619948357652,0.925123649218446,0.016387689160886076,3
6,20,1372,0.9292587312900926,0.9253617836190894,0.014385980094009538,3
7,71,1372,0.9292019455953883,0.9247451431913299,0.015052104574006468,3
7,73,1372,0.929168657429527,0.9254690237298933,0.015343691825143708,3
6,13,1372,0.9291399382276075,0.925359316378561,0.01431491872639445,3
6,39,1372,0.929108934543717,0.9284554291040392,0.015436486886684078,3
7,65,1372,0.9290818471146339,0.9248090695239662,0.015254797043558147,3
7,11,1372,0.929021797874257,0.9221713022069402,0.015404471303664008,3
7,35,1372,0.9290217978742568,0.9253696552912518,0.01657206947243324,3
7,67,1372,0.9289894887720974,0.924656518345043,0.015314088061203584,3
7,64,1372,0.9288103201146679,0.9249043781117908,0.015255761115628262,3
7,70,1372,0.9287816009127484,0.9247979865228618,0.014975828287091368,3
7,68,1372,0.9287215516723714,0.9244310856641578,0.01511667327269758,3
7,72,1372,0.9286908743430482,0.9250359773274955,0.015171460825327401,3
7,51,1372,0.9286014531916171,0.9265584213837957,0.014884863901041295,3
7,43,1372,0.9285414039512401,0.924681242967059,0.015457541647257971,3
7,33,1372,0.9285414039512401,0.92474121388234,0.016273914270936773,3
7,52,1372,0.92854140395124,0.9262579271524389,0.014866792130311163,3
7,69,1372,0.9283612562301087,0.9244357721157437,0.01502208191758296,3
7,63,1372,0.9283612562301087,0.924884574916649,0.015243170804633596,3
7,44,1372,0.9283612562301087,0.9253567316503881,0.015511892764107076,3
7,62,1372,0.9280936454849499,0.9246438557878329,0.0152334431099008,3
7,56,1372,0.9279741997133302,0.9250973450403244,0.015143285449820925,3
7,9,1372,0.9279409115474689,0.9218250661194353,0.015573409638055242,3
7,55,1372,0.9279144768275204,0.9254649116623458,0.015219742661357337,3
7,53,1372,0.9278808623070918,0.9257438664922628,0.015022609969342534,3
7,57,1372,0.9277353081700908,0.9251471206389239,0.01507953994653567,3
7,42,1372,0.9277007145859606,0.9247667739720482,0.015661479732444243,3
7,28,1372,0.9277007145859605,0.9258625029045556,0.01595089693332869,3
7,54,1372,0.9277007145859604,0.9258037460282648,0.015123235909291355,3
7,37,1372,0.9276406653455834,0.924594941765291,0.016452019098628205,3
7,34,1372,0.9276406653455833,0.9245100112527055,0.01643006379605261,3
7,59,1372,0.9275806161052063,0.9246369762335551,0.015039218192437365,3
7,60,1372,0.9275561395126612,0.9243311689498432,0.015164522154940577,3
7,41,1372,0.927460517624452,0.924887068265543,0.015749358498961575,3
7,29,1372,0.927400468384075,0.9260272727984774,0.01624405129793216,3
7,39,1372,0.9273404191436978,0.9253410274686112,0.016080179508160753,3
7,61,1372,0.9272575250836119,0.9241896093927455,0.015246432138091893,3
7,58,1372,0.9272203206629435,0.9248615473383827,0.014989752728973864,3
7,40,1372,0.9271002221821893,0.9250254556562467,0.0159224853037956,3
7,31,1372,0.9270401729418123,0.9251713361478151,0.01607003076063698,3
7,32,1372,0.9269801237014352,0.9248796273814094,0.016219119294213824,3
7,30,1372,0.9268600252206809,0.9256310391912673,0.01623656885079345,3
7,38,1372,0.9267399267399268,0.9244011002065173,0.01619638827394997,3
7,27,1372,0.9266005733397038,0.9252211639631454,0.015597635981147674,3
7,12,1372,0.9264997297784183,0.920533054495991,0.015102956068471778,3
7,10,1372,0.9261994835765327,0.9208268649858101,0.015864878112757875,3
7,19,1372,0.9261825131390349,0.9205558209906037,0.015574491448813866,3
7,18,1372,0.9261394343361556,0.9204307097036962,0.015333526723219467,3
7,16,1372,0.9261394343361556,0.9207728989945668,0.015039867602795305,3
7,8,1372,0.9260193358554014,0.9202416720841525,0.015531112048601184,3
7,17,1372,0.9260193358554014,0.9205092828293112,0.01516842243652468,3
7,15,1372,0.9258241758241759,0.9206304386988635,0.0150829661348633,3
7,13,1372,0.9257190896535159,0.9198733352653524,0.015055538022180723,3
7,20,1372,0.925704730052556,0.9216588602654177,0.015295684466804382,3
7,26,1372,0.9255852842809363,0.9243601100728686,0.015294086300068531,3
7,25,1372,0.9255852842809363,0.9236185672251247,0.01521495062275508,3
7,24,1372,0.9248088867654085,0.923140823301194,0.015187289127309333,3
7,23,1372,0.9246894409937887,0.9226026776739534,0.01504914725709822,3
7,22,1372,0.9245699952221691,0.9218423498573177,0.015251787589257278,3
7,14,1372,0.9245070087906866,0.919765481607962,0.015147766958001402,3
7,21,1372,0.9242116579073101,0.9218035789347264,0.015493332792693385,3
1,39,1374,0.9792706105963411,0.9787340575793888,0.008733302471301283,4
1,35,1374,0.9792112140650985,0.9793708406110402,0.008238201734166808,4
1,33,1374,0.979151817533856,0.979507034899052,0.008249705605009268,4
1,34,1374,0.9790969899665551,0.9795163425313105,0.00816686942914113,4
1,8,1374,0.9790924210026135,0.9780591432800984,0.008630084188041382,4
1,36,1374,0.9790924210026134,0.9790444338270424,0.008537629551914488,4
1,37,1374,0.9789736279401282,0.9790371495931011,0.00857426364749677,4
1,41,1374,0.9789142314088857,0.9782839232518491,0.008977148885723587,4
1,89,1374,0.9788548348776431,0.9763157049650278,0.009960483282865472,4
1,40,1374,0.9788548348776431,0.9784628699881729,0.008880899194139211,4
1,38,1374,0.9788548348776431,0.9787603878658762,0.008698426647084742,4
1,30,1374,0.978798375537506,0.979255206660766,0.007913709747749527,4
1,50,1374,0.9786766452839155,0.9777665598834523,0.009104934899763216,4
1,48,1374,0.9786766452839155,0.9775902892545801,0.009178449673457162,4
1,88,1374,0.9786766452839154,0.9763805320362698,0.009985960779321764,4
1,32,1374,0.9786766452839154,0.9794166607922844,0.008194541040108328,4
1,9,1374,0.9786172487526729,0.9782846542860797,0.00877881202611762,4
1,85,1374,0.9786172487526729,0.9761354397562524,0.010062249152578839,4
1,57,1374,0.9786172487526729,0.9775119511042533,0.00943020248686543,4
1,90,1374,0.9786172487526728,0.9762391552377297,0.010044855207934826,4
1,58,1374,0.9785578522214303,0.977219080515588,0.009559699305242902,4
1,49,1374,0.9785578522214303,0.9776283030345752,0.009206692464242066,4
1,10,1374,0.9784984556901878,0.9777769771212393,0.008925732835459969,4
1,59,1374,0.9784984556901877,0.9770329800871498,0.009508959468486506,4
1,31,1374,0.9784984556901877,0.979333074860516,0.008174620153359785,4
1,29,1374,0.9784400382226469,0.9791093914401112,0.007949573821317875,4
1,62,1374,0.9784390591589451,0.9768613306389501,0.009493426137024542,4
1,52,1374,0.9783796626277026,0.9773785112487892,0.009390874551581215,4
1,60,1374,0.9783796626277026,0.9770069108843163,0.00951310911139596,4
1,42,1374,0.9783796626277026,0.9782409358282489,0.009028209520010242,4
1,84,1374,0.9783796626277025,0.9763186160477679,0.010026875951100564,4
1,86,1374,0.9783796626277025,0.9761020341027469,0.010064011438203726,4
1,87,1374,0.97832026609646,0.9762497030173438,0.010031468958643597,4
1,53,1374,0.97832026609646,0.9773735506593667,0.009353291070325079,4
1,13,1374,0.97832026609646,0.9767311673833413,0.009159445874409491,4
1,51,1374,0.97832026609646,0.9777499810714351,0.009214485980721105,4
1,56,1374,0.9782608695652174,0.9773073137363943,0.009471116377739317,4
1,83,1374,0.9782608695652174,0.9762162320929249,0.010035876778266672,4
1,82,1374,0.9782608695652174,0.9762566217341698,0.010017497668267775,4
1,61,1374,0.9782014730339748,0.9768994488524068,0.009526397086269227,4
1,43,1374,0.9782014730339748,0.9780239230951989,0.00913869779115407,4
1,45,1374,0.9782014730339748,0.9779097251050208,0.009139951499923905,4
1,47,1374,0.9781420765027322,0.9775189089836275,0.009187734518396991,4
1,81,1374,0.9780826799714897,0.9763713027291074,0.009913709173105103,4
1,54,1374,0.9780826799714897,0.9772829807398589,0.009468788366647874,4
1,79,1374,0.978023283440247,0.9763428054482937,0.009804064423836,4
1,55,1374,0.9779638869090046,0.9773213991995174,0.00947763755351095,4
1,11,1374,0.9779638869090045,0.9770067672883068,0.009313788983414941,4
1,78,1374,0.977904490377762,0.9764023194671806,0.009785739837832406,4
1,46,1374,0.9777856973152768,0.9777928771157568,0.00911149520424855,4
1,80,1374,0.9777856973152768,0.9762784222192633,0.009849920670760593,4
1,63,1374,0.9777856973152768,0.9766780238056075,0.009432216495993129,4
1,14,1374,0.9777263007840342,0.9766708178967621,0.009019532800246458,4
1,28,1374,0.9777263007840342,0.978592471913926,0.008198910402954831,4
1,15,1374,0.9777263007840342,0.9770450421519559,0.008815840433185953,4
1,44,1374,0.9777263007840341,0.9778239982872913,0.009010325017629477,4
1,12,1374,0.9776669042527917,0.9766056644709531,0.009475393203099293,4
1,17,1374,0.9776039178213091,0.9770377448638318,0.008886578393940869,4
1,64,1374,0.9775481111903065,0.9766136275223946,0.009425703389396611,4
1,66,1374,0.9775481111903065,0.9765399758236536,0.009584986516077958,4
1,19,1374,0.9775441949354994,0.9770806800707014,0.008832231492974733,4
1,77,1374,0.9774293181278214,0.9764450980238578,0.00975607948499624,4
1,27,1374,0.9774293181278214,0.9783898448902012,0.008333741300425513,4
1,67,1374,0.9774293181278213,0.976449262308136,0.009571695779392505,4
1,18,1374,0.9774247491638797,0.9771325051759834,0.008755144931765086,4
1,25,1374,0.9774247491638797,0.9776989392171146,0.008430902603695967,4
1,24,1374,0.9774247491638796,0.977212749236983,0.008704250484648318,4
1,76,1374,0.9773105250653362,0.9765333051362987,0.009686180778102293,4
1,16,1374,0.9772511285340937,0.976718818126516,0.009062431813818253,4
1,74,1374,0.977191732002851,0.9764283886700139,0.00973296078912566,4
1,65,1374,0.9771323354716085,0.9764802007211131,0.009460519078901308,4
1,68,1374,0.9771323354716085,0.9764108960652083,0.00959228546357826,4
1,26,1374,0.9771261347348303,0.9780366900858705,0.008239726284534293,4
1,23,1374,0.9770664118490205,0.9769336769194217,0.008696586462619966,4
1,75,1374,0.9770135424091233,0.9763855056798748,0.009770315038400123,4
1,70,1374,0.9769541458778808,0.9762655116325821,0.009638230089468817,4
1,72,1374,0.9768353528153957,0.9762493113918631,0.009699668705091449,4
1,69,1374,0.9768353528153956,0.9763109662967111,0.009690738452173404,4
1,73,1374,0.9767165597529105,0.9762683313360434,0.009717568781491956,4
1,20,1374,0.9767165597529104,0.9768756902399097,0.008888190600671536,4
1,71,1374,0.9766571632216678,0.976265563849313,0.009660633031352277,4
1,22,1374,0.9765886287625418,0.9767497173769446,0.008882804101535548,4
1,21,1374,0.9765383701591828,0.9767829794344405,0.008846249747303352,4
2,8,1374,0.9690038222646917,0.9648521613810281,0.011910101883229737,4
2,9,1374,0.9682940010808864,0.9648111320848313,0.01175627430703533,4
2,10,1374,0.968173902600132,0.9641298734527531,0.012174904856019035,4
2,11,1374,0.9673315814620163,0.9637476992003008,0.012235951840861369,4
2,14,1374,0.9671530655137213,0.9637286139852069,0.012188942388891687,4
2,34,1374,0.9670329670329672,0.9654690237298934,0.010780956762404603,4
2,13,1374,0.9669729177925899,0.9632855550246853,0.012141133416989656,4
2,15,1374,0.9667343526039178,0.9632875262062717,0.012171031675806092,4
2,46,1374,0.9665003563791875,0.963929282881528,0.011861111561111203,4
2,16,1374,0.9664954610606785,0.963410953503612,0.011797341358209154,4
2,12,1374,0.9664954610606785,0.9634668384597108,0.01205150520261361,4
2,21,1374,0.9664954610606784,0.9633151488568452,0.011534749399616007,4
2,18,1374,0.966492523869573,0.963218130171088,0.011738349280223392,4
2,47,1374,0.9664409598479449,0.963902782890666,0.011797268006258434,4
2,19,1374,0.9664324746291959,0.9630609969740405,0.011792367673076018,4
2,33,1374,0.9663724253888188,0.9654591678219618,0.010765690118113196,4
2,20,1374,0.9662565695174391,0.9632896540380503,0.011614969421549902,4
2,49,1374,0.9662033737229746,0.9641626394513066,0.011626652595335806,4
2,17,1374,0.9661968466316293,0.9632704643894949,0.011822992329291434,4
2,22,1374,0.9661922776676874,0.9634442808320213,0.011352568182594591,4
2,48,1374,0.9660845806604894,0.9638933708249461,0.011701120874257866,4
2,45,1374,0.9660774008600096,0.9641510473370772,0.011892580206184972,4
2,28,1374,0.9658982322025801,0.9647104190653727,0.010568989791871826,4
2,32,1374,0.9658920314658019,0.9654282555173502,0.01084336275663168,4
2,36,1374,0.9657719329850478,0.9651158950339278,0.01137787065715231,4
2,35,1374,0.9657719329850478,0.9650705578574431,0.011209399684386709,4
2,25,1374,0.9657190635451505,0.9639759515846472,0.011142411057499085,4
2,24,1374,0.9657190635451505,0.9636429524383909,0.011255465074279004,4
2,23,1374,0.9656593406593408,0.9634712116109124,0.01129099354755553,4
2,50,1374,0.9654906153480637,0.9642128327837521,0.011522430328763489,4
2,44,1374,0.9654801720019112,0.9644993982021779,0.011842691372987118,4
2,40,1374,0.9654116375427851,0.9647961067205544,0.011867076645380883,4
2,27,1374,0.9653607262302915,0.9642554677444202,0.01088546131508713,4
2,38,1374,0.965351588302408,0.9647373498442636,0.011585876332801538,4
2,41,1374,0.9652412804586717,0.9646676405086955,0.011911512135673598,4
2,26,1374,0.9652412804586716,0.9641074594210732,0.011138360496060118,4
2,39,1374,0.9652314898216539,0.9647298436892164,0.011603135340608644,4
2,51,1374,0.9651936326918509,0.9637622807223662,0.01171214375903746,4
2,29,1374,0.965181557572862,0.9646753424764828,0.010649370341294385,4
2,37,1374,0.9651714405812767,0.9647850367736326,0.011521557797513956,4
2,88,1374,0.9651342361606081,0.9629671635088599,0.012253602459960277,4
2,31,1374,0.9651218346870521,0.9652114516512236,0.010941208947654433,4
2,53,1374,0.9650748396293658,0.9637476730919354,0.011613015432537708,4
2,54,1374,0.965015443098123,0.9638144321822155,0.011567992042340701,4
2,52,1374,0.9649560465668805,0.9637644085541449,0.011645361197904948,4
2,55,1374,0.9649560465668805,0.964000741477577,0.01150674873555018,4
2,42,1374,0.9649426660296225,0.9645177393288583,0.011943752711045634,4
2,87,1374,0.964896650035638,0.9629626989783796,0.01220998470688546,4
2,83,1374,0.964896650035638,0.9627506598889348,0.012214365864654337,4
2,86,1374,0.9648966500356377,0.9629056652542042,0.012228554124600463,4
2,81,1374,0.9647184604419102,0.9626074555048183,0.012230118095986967,4
2,84,1374,0.9646590639106676,0.9627342507812928,0.012211417118756515,4
2,82,1374,0.9646590639106676,0.9625743239891491,0.012236170875880158,4
2,85,1374,0.964599667379425,0.9627270057098994,0.012235658042880258,4
2,43,1374,0.9645843287147635,0.9644130708920444,0.011890635678180723,4
2,56,1374,0.9645402708481825,0.9641321709889067,0.011546862101925967,4
2,89,1374,0.9645402708481824,0.962726144133842,0.012313413632089886,4
2,90,1374,0.9644214777856973,0.9625713084729479,0.01240571326006516,4
2,30,1374,0.9642259913999045,0.9648176722303593,0.01101567359864392,4
2,59,1374,0.964183891660727,0.9636770499635788,0.011674345662080808,4
2,57,1374,0.964183891660727,0.9637295538863607,0.011578006840650771,4
2,58,1374,0.9641244951294845,0.9636269741187773,0.011599014309516256,4
2,72,1374,0.9641244951294845,0.9627828906659984,0.01208535300743552,4
2,80,1374,0.9641244951294844,0.9626886786295197,0.012178560714364597,4
2,71,1374,0.9640057020669992,0.962651643913226,0.012100348006037797,4
2,74,1374,0.9640057020669992,0.9626163845657788,0.0121479042215135,4
2,78,1374,0.9639463055357567,0.9627315877280239,0.012141496499149846,4
2,73,1374,0.9639463055357567,0.9626569569655813,0.012074027186916001,4
2,60,1374,0.9639463055357567,0.9635504896623927,0.01171469495758149,4
2,79,1374,0.9639463055357567,0.9626863941475488,0.012214526802243914,4
2,75,1374,0.9638869090045141,0.962888747033437,0.012002530944395793,4
2,76,1374,0.9637087194107864,0.9626719823298583,0.012098875155005033,4
2,77,1374,0.9635899263483012,0.9626314099300557,0.012187221772018818,4
2,70,1374,0.9635899263483012,0.9626351434263052,0.012117322447518498,4
2,61,1374,0.9635899263483012,0.9634243862576006,0.011719191292752739,4
2,69,1374,0.9635305298170587,0.9625944404846757,0.012132924816856839,4
2,66,1374,0.9635305298170586,0.9625468449345855,0.011868989309768355,4
2,65,1374,0.9634711332858161,0.962630678895825,0.011776956836885547,4
2,62,1374,0.9634711332858161,0.9633292473741512,0.01162809568171841,4
2,64,1374,0.9634117367545736,0.9627519914155694,0.011803369883472078,4
2,68,1374,0.9634117367545736,0.9625900542792916,0.012097199639106678,4
2,67,1374,0.9632929436920883,0.9626495030272649,0.011914112838199582,4
2,63,1374,0.9631147540983607,0.9630073442831817,0.01172250102635942,4
3,8,1374,0.9574720836303159,0.956105702328083,0.014836290794235327,4
3,32,1374,0.957056307911618,0.9570926377020461,0.01205690766595414,4
3,31,1374,0.95664053219292,0.9570715682511834,0.012188753066819193,4
3,33,1374,0.9565811356616774,0.9569782830616758,0.011952072849005818,4
3,25,1374,0.9565811356616774,0.9557042992645272,0.012607532843800085,4
3,29,1374,0.9563435495367071,0.956541777300865,0.012263292925194845,4
3,30,1374,0.956224756474222,0.9568875956545235,0.012081682878530287,4
3,23,1374,0.9561634018155757,0.9551585822113263,0.013193662495164633,4
3,26,1374,0.9560465668804942,0.9559740117330995,0.012167083747274755,4
3,57,1374,0.9560465668804942,0.9551585691571435,0.013063146256420168,4
3,48,1374,0.9559871703492516,0.9551247849323401,0.0132845819009203,4
3,55,1374,0.9559871703492516,0.9555970591537236,0.013233354180298414,4
3,27,1374,0.9559871703492515,0.9562047835747052,0.011875574429064239,4
3,54,1374,0.955927773818009,0.9554275897540332,0.013164873826884823,4
3,49,1374,0.9558683772867664,0.9552315289842018,0.01313889903581957,4
3,15,1374,0.9558683772867664,0.9553113030946245,0.014295299723833896,4
3,56,1374,0.9558683772867663,0.9552774144363596,0.013088588194404784,4
3,58,1374,0.9558683772867663,0.9553140705813551,0.013101529233343689,4
3,59,1374,0.9557495842242814,0.9550372566373992,0.013126075352472595,4
3,35,1374,0.9557495842242814,0.9560035533485285,0.012537934929157387,4
3,28,1374,0.9556307911617961,0.9562817901983975,0.011842549646372366,4
3,16,1374,0.9556307911617961,0.9549472741561124,0.014317283711044928,4
3,9,1374,0.9555661729574774,0.9556677606071762,0.015179458715060724,4
3,61,1374,0.955511998099311,0.9548728653147756,0.013042091734542778,4
3,62,1374,0.955511998099311,0.9547776742145951,0.013197110997421083,4
3,34,1374,0.955511998099311,0.9560323639297266,0.01243388724126868,4
3,63,1374,0.955511998099311,0.9543893644962783,0.013330543837258192,4
3,41,1374,0.9554526015680684,0.9550124406361041,0.0134889101060197,4
3,14,1374,0.9554526015680684,0.9549121975672226,0.014976925548501187,4
3,24,1374,0.9553932050368258,0.9556255303261719,0.012936711000386873,4
3,60,1374,0.9553338085055832,0.9549039212153966,0.013116833086172822,4
3,47,1374,0.9552744119743407,0.9548628266482865,0.013299859931730482,4
3,53,1374,0.9552150154430981,0.9551322127622912,0.013140585794905749,4
3,43,1374,0.9551556189118555,0.9550985068625838,0.013736347364347637,4
3,89,1374,0.9551556189118555,0.9545924614705799,0.013809809410275825,4
3,64,1374,0.955096222380613,0.9542343591310092,0.013398426149765873,4
3,40,1374,0.955096222380613,0.9553814562724042,0.013327754891889566,4
3,13,1374,0.955096222380613,0.9550739388907601,0.015035419081773308,4
3,65,1374,0.955096222380613,0.9541245342920324,0.013520453775116362,4
3,52,1374,0.9549774293181278,0.9549248731786151,0.01323634468690885,4
3,36,1374,0.9549180327868854,0.9555985734389155,0.012830246157171368,4
3,46,1374,0.954909221213569,0.9549843349807712,0.013351545163854233,4
3,19,1374,0.9548586362556427,0.9551188061166678,0.013877473497961826,4
3,50,1374,0.9548586362556426,0.9547979473603136,0.013231549119103406,4
3,86,1374,0.9548586362556426,0.9549186332792889,0.013706847672995947,4
3,88,1374,0.9547992397244002,0.954668671789128,0.013752462464091097,4
3,39,1374,0.9547992397244002,0.9556056357517513,0.013266720205667179,4
3,37,1374,0.9547992397244001,0.9555532362624308,0.012804518526578754,4
3,90,1374,0.9547398431931575,0.9545399314394324,0.013938569471197029,4
3,38,1374,0.9547398431931575,0.9555149091820511,0.012975280634410728,4
3,87,1374,0.954680446661915,0.9548616126092963,0.013657646968920538,4
3,85,1374,0.954680446661915,0.9547497252094543,0.01382977813266222,4
3,45,1374,0.9546106067845198,0.9549390630752,0.013436923626474915,4
3,66,1374,0.9545616535994299,0.9542436667632676,0.01358085213425149,4
3,42,1374,0.9545508838987099,0.9548867941277065,0.013553935079840637,4
3,51,1374,0.9545022570681873,0.9549505507559677,0.013193095197661783,4
3,67,1374,0.9545022570681873,0.9543080369381154,0.013626181907080284,4
3,70,1374,0.9545022570681871,0.9542344766186533,0.013721234317653229,4
3,69,1374,0.9544428605369446,0.9542037209642341,0.013679245575185878,4
3,71,1374,0.9544428605369446,0.9542750098559079,0.013764476872002896,4
3,17,1374,0.9544428605369446,0.954807085288197,0.014122012189810684,4
3,44,1374,0.9544314381270904,0.9550672812575877,0.013393626555104728,4
3,21,1374,0.9543834640057021,0.9550316433388422,0.013460973342145745,4
3,68,1374,0.9543240674744595,0.9543798218887314,0.013634123562875453,4
3,83,1374,0.9543240674744595,0.9543019536889814,0.013833545602383913,4
3,84,1374,0.954264670943217,0.954423605617476,0.013858994101127226,4
3,20,1374,0.9542052744119743,0.9549550152864478,0.013734099473107912,4
3,80,1374,0.9540864813494891,0.9541302389698683,0.0139326451861021,4
3,82,1374,0.9540270848182466,0.9543420691923898,0.013799063173695902,4
3,81,1374,0.9540270848182466,0.9542705975421585,0.013843495905410346,4
3,12,1374,0.9540133779264214,0.9542925807858096,0.014694171724998411,4
3,18,1374,0.9539082917557614,0.9545300233147702,0.014172628012882403,4
3,79,1374,0.9537894986932763,0.9542062795840414,0.01385564814912863,4
3,77,1374,0.9537894986932762,0.9542206652933668,0.013756627436147537,4
3,72,1374,0.9537894986932762,0.9540965591785264,0.013830291937009685,4
3,73,1374,0.9537301021620337,0.9540349434362264,0.01389275723298679,4
3,10,1374,0.9537301021620337,0.9549251864789998,0.015082919616047975,4
3,75,1374,0.9536707056307911,0.9540659079575687,0.01367398428342194,4
3,74,1374,0.9536113090995486,0.9542446458269694,0.01374473242212646,4
3,22,1374,0.9536113090995486,0.9550299201867272,0.013471033418835765,4
3,76,1374,0.9533737229745782,0.9540230641299778,0.013805543680722825,4
3,78,1374,0.9533737229745782,0.9541805628441409,0.013849458294764416,4
3,11,1374,0.952998088867654,0.9546328119492766,0.014699785171600636,4
4,28,1374,0.950760275599905,0.9483865421819806,0.012919585574678672,4
4,31,1374,0.9505820860061771,0.9489682887794078,0.012837545298056509,4
4,14,1374,0.9504038964124496,0.9479360814998734,0.015085907903167911,4
4,29,1374,0.950344499881207,0.9485440670045091,0.012783577515136658,4
4,15,1374,0.9502851033499644,0.9472402674540948,0.014994015622047746,4
4,30,1374,0.9502851033499643,0.9487683900798655,0.012982485087209804,4
4,27,1374,0.9498693276312663,0.9480745863782214,0.012509874272254987,4
4,26,1374,0.9498693276312663,0.9481906250081589,0.012417868444606276,4
4,32,1374,0.9498099311000237,0.9489804552776755,0.012929539864936463,4
4,23,1374,0.9493941553813258,0.9474256368483025,0.01312410793147477,4
4,25,1374,0.9493347588500831,0.9476069333375108,0.012770441602089393,4
4,39,1374,0.949097172725113,0.9473355368793714,0.013839317925550708,4
4,24,1374,0.9490971727251128,0.9475838535425136,0.013044377110245208,4
4,16,1374,0.9490377761938703,0.946935778642835,0.014792615111533508,4
4,38,1374,0.9489783796626277,0.9475390515875192,0.01373819965321778,4
4,19,1374,0.9489189831313851,0.9470707327834913,0.01384846682873845,4
4,74,1374,0.9488380471987029,0.9464382967946761,0.013448442637732917,4
4,13,1374,0.9488001900688999,0.9474956203217072,0.015701842665343156,4
4,73,1374,0.9487179487179487,0.9465241019375018,0.013443311833395314,4
4,22,1374,0.9486813970064149,0.9472066529336665,0.013406686544908552,4
4,85,1374,0.9486813970064147,0.9474771094906519,0.013570848107358287,4
4,17,1374,0.9486220004751722,0.9466396967252279,0.014698276545712369,4
4,33,1374,0.9486220004751722,0.9481303277383105,0.013173111107005309,4
4,89,1374,0.9485626039439297,0.9472718846845719,0.013590776821830262,4
4,72,1374,0.9485378009968174,0.9463834300648272,0.0135486363719268,4
4,70,1374,0.9485378009968173,0.9465162302653393,0.013565088087050002,4
4,90,1374,0.9485032074126871,0.9473432780097073,0.01361075434461049,4
4,87,1374,0.9485032074126871,0.9473651568198966,0.013583420178797406,4
4,75,1374,0.948503207412687,0.9463667468193484,0.013505050039271703,4
4,20,1374,0.9484438108814445,0.9472377610510183,0.013717521998489118,4
4,71,1374,0.9484177025160632,0.946359462585407,0.01358201834766325,4
4,76,1374,0.9484177025160632,0.9465811487158601,0.01348973891727894,4
4,86,1374,0.9483844143502019,0.9476299739699598,0.013461075386797732,4
4,69,1374,0.948357653275686,0.9465947642284064,0.013518608157662147,4
4,84,1374,0.9483250178189594,0.9474011080390267,0.013715544565193942,4
4,77,1374,0.9483250178189593,0.9465835376312923,0.013548740555730892,4
4,88,1374,0.9482656212877169,0.9473292578174973,0.013559810742476544,4
4,54,1374,0.9482656212877167,0.9476745801122138,0.013440906984915861,4
4,18,1374,0.9482062247564742,0.9472127231286176,0.014260163303190231,4
4,68,1374,0.9480574070738005,0.946370650019973,0.013554996263044036,4
4,37,1374,0.9480280351627465,0.9472914006876942,0.013643920223092063,4
4,21,1374,0.9480280351627465,0.9471691874293441,0.013689204359479039,4
4,34,1374,0.9479686386315038,0.9480112735921716,0.01341488014228508,4
4,41,1374,0.9478498455690187,0.9466134969805675,0.014010819865011072,4
4,78,1374,0.9478498455690187,0.9466502836673899,0.0135049235584088,4
4,62,1374,0.947817210112292,0.9461677227500463,0.01337432323094196,4
4,12,1374,0.9477904490377763,0.9473710703646554,0.015916812986884295,4
4,67,1374,0.9477904490377762,0.9464063923721798,0.013481893421813981,4
4,57,1374,0.9477310525065337,0.9472087677112624,0.013371574718563498,4
4,40,1374,0.9477310525065337,0.9467138705912761,0.01393707690543821,4
4,61,1374,0.9476971116315379,0.9464293677337156,0.01332257298536904,4
4,63,1374,0.9476971116315379,0.9461370584749059,0.013428559140663994,4
4,42,1374,0.947671655975291,0.9468257710453006,0.01406227979590152,4
4,64,1374,0.947671655975291,0.9461656340808159,0.013443241236961091,4
4,44,1374,0.9476370623911607,0.946420869460784,0.013883811837793431,4
4,56,1374,0.9476122594440485,0.9470938386868536,0.013319372254353088,4
4,43,1374,0.9475770131507837,0.9466682070602243,0.01390296190051226,4
4,48,1374,0.9474569146700295,0.9471453504917511,0.013236807652375704,4
4,60,1374,0.9474569146700295,0.946746244964349,0.01328100498698166,4
4,35,1374,0.9474340698503207,0.9475486986285278,0.0133775102874719,4
4,53,1374,0.9474340698503207,0.9474364196032051,0.013367450190208456,4
4,66,1374,0.9474340698503207,0.9463657547014638,0.013504134778194645,4
4,55,1374,0.9474340698503207,0.9473154987089413,0.013203945509238955,4
4,45,1374,0.9473968654296524,0.946482981262026,0.013636199831182343,4
4,65,1374,0.9473968654296523,0.9462918941358001,0.013456284351792207,4
4,83,1374,0.9473152767878356,0.9469585320832649,0.013730770549798342,4
4,59,1374,0.9472767669488981,0.9466990932564704,0.013271880630888246,4
4,82,1374,0.947255880256593,0.9468128735128022,0.013621640329339215,4
4,47,1374,0.947216717708521,0.9468282905025599,0.013420934741543232,4
4,58,1374,0.947216717708521,0.9468796717656305,0.013377342912405955,4
4,81,1374,0.9471964837253505,0.9468221550366952,0.013665075737592644,4
4,36,1374,0.9471964837253505,0.9473987974486906,0.013602566502475209,4
4,46,1374,0.9470966192277668,0.9464730861915466,0.013398987980938712,4
5,29,1374,0.9470855231724797,0.9455796709823794,0.014433925543883177,4
4,79,1374,0.9470776906628653,0.9465027714029852,0.01363783996921049,4
5,26,1374,0.94696607740086,0.9451812181641119,0.014157887180495585,4
5,28,1374,0.9469660774008599,0.9456168623488652,0.014465280087754412,4
5,27,1374,0.9469063545150502,0.9455119850451283,0.014325510615443791,4
4,80,1374,0.9468995010691376,0.9465387226221154,0.013681993724943366,4
4,52,1374,0.9468995010691376,0.9471261738973784,0.013326761661148863,4
4,49,1374,0.9468564222662584,0.9468450651273173,0.013380325181512496,4
5,30,1374,0.9466619149441673,0.9456316657920363,0.01448970080135307,4
4,50,1374,0.94661622530475,0.9469591847923994,0.013399878417219062,4
4,51,1374,0.9464837253504395,0.9469877342899439,0.013395398987031201,4
4,8,1374,0.9464243288191969,0.9478604586195464,0.015758297637289462,4
5,25,1374,0.9463760283432414,0.9450013184724517,0.014103987518208624,4
5,31,1374,0.9461299569995222,0.9455678961095926,0.014642224746549925,4
6,30,1374,0.9458897600380138,0.9442138510100021,0.013815634316086609,4
6,29,1374,0.9458355851798474,0.9442113446069256,0.01390162089315426,4
5,80,1374,0.9457755359394704,0.9435222404110502,0.014933104711499364,4
5,88,1374,0.9457755359394704,0.9436987460152108,0.014975768334676837,4
5,90,1374,0.9457755359394704,0.9437919006628914,0.01502685628652416,4
5,77,1374,0.9457755359394704,0.9431460319200875,0.015030624002303719,4
5,72,1374,0.9457716196846632,0.9431990319018116,0.014942483726384197,4
5,24,1374,0.9456554374587162,0.9444477558554537,0.014327069822542036,4
5,83,1374,0.9456554374587162,0.943665470903532,0.014911977399478853,4
5,76,1374,0.945655437458716,0.9431150543445626,0.015043782284149347,4
5,22,1374,0.9455353389779619,0.9439803247358486,0.014578030164218974,4
5,81,1374,0.9455353389779619,0.9434534579224528,0.014983200611511198,4
5,75,1374,0.9454752897375848,0.9431411757641267,0.014998237835668874,4
5,74,1374,0.945473005255614,0.9430341967369764,0.014992825429781748,4
5,89,1374,0.9454152404972078,0.9436724026745408,0.015030820688447303,4
6,28,1374,0.9454152404972077,0.9442017236742823,0.01381747213077544,4
5,73,1374,0.9454132823698042,0.9430937107558632,0.014911529661155467,4
5,17,1374,0.9453551912568307,0.9439129912615302,0.015307793150876405,4
5,87,1374,0.9453551912568305,0.9437411329464074,0.014935612439262244,4
5,82,1374,0.9453551912568305,0.9435299423788376,0.014977856810716419,4
5,84,1374,0.9453551912568305,0.9438586205906234,0.014793588364545284,4
4,9,1374,0.945295794725588,0.9470734088909428,0.0159840079950198,4
5,78,1374,0.9452951420164535,0.9430528511640415,0.015024674377776876,4
6,27,1374,0.9451770016631029,0.9438922742736001,0.013689698159305595,4
5,79,1374,0.9451750435356993,0.9431316070482143,0.014959096339015782,4
5,85,1374,0.9451750435356993,0.9439366976572963,0.01476300231924868,4
4,10,1374,0.9451176051318604,0.9466248019027776,0.015313381941087525,4
5,86,1374,0.9451149942953222,0.9438174215900516,0.014835237692632942,4
7,29,1374,0.9451149942953221,0.9429587696693897,0.014172432178161004,4
7,88,1374,0.9449952221691351,0.9437837417987097,0.014150791470367647,4
4,11,1374,0.944994895814568,0.946317806688441,0.015357693799470091,4
5,71,1374,0.9449354992833253,0.9429771369044356,0.01504784896608877,4
5,21,1374,0.9448757763975155,0.943599260088925,0.015095192807679252,4
5,70,1374,0.9448757763975155,0.9430221216179876,0.015074350775854556,4
5,16,1374,0.9448747973338137,0.9436207472736341,0.01563243218395015,4
6,26,1374,0.9448747973338136,0.9435910228996472,0.013696400760884861,4
5,32,1374,0.9448206224756474,0.9447283163498416,0.014697422642243265,4
5,38,1374,0.9447612259444048,0.9438123696213503,0.015491675272481801,4
5,33,1374,0.9447612259444047,0.9444765403282865,0.015011704610832004,4
7,89,1374,0.9447563306258958,0.9436502758348803,0.014101600300713652,4
5,11,1374,0.9447546988530595,0.9444014265610844,0.016789641608669244,4
5,23,1374,0.9446966077400859,0.9442642140468227,0.01459824812837682,4
5,18,1374,0.9446946496126825,0.9435423046898457,0.015009977400898315,4
5,37,1374,0.9446424328819196,0.9439385121886903,0.015339600109894004,4
7,83,1374,0.9446368848542761,0.9439838363109925,0.013971431888463939,4
7,28,1374,0.9445830363506772,0.9429035113140601,0.014240798527154647,4
5,34,1374,0.944583036350677,0.9441305392160702,0.015083616906729649,4
5,69,1374,0.9445771619684664,0.9430574592905312,0.015044319023556543,4
5,15,1374,0.9445745511319282,0.9439644247413314,0.015722352659643127,4
5,12,1374,0.9445145018915511,0.9442068670222626,0.016759306760813605,4
5,14,1374,0.9445145018915511,0.9442061229338493,0.015983192607007982,4
6,36,1374,0.944464243288192,0.9429446972604493,0.014373368134876646,4
5,35,1374,0.9444642432881919,0.943767946237654,0.015237730311358708,4
7,87,1374,0.9444577161968466,0.9436906785303079,0.014202033146569122,4
7,85,1374,0.9443979933110369,0.9436497014508418,0.014054550790085493,4
5,13,1374,0.9443944034107968,0.9446440124380253,0.015841046567356444,4
6,31,1374,0.9443454502257068,0.9434600372305291,0.013918645266731334,4
5,20,1374,0.9443454502257068,0.9436119487545004,0.015057920100728905,4
7,84,1374,0.944338270425227,0.9436688910993972,0.014049001906096642,4
7,86,1374,0.944338270425227,0.9435738827577744,0.01416253403920006,4
7,81,1374,0.9443343541704198,0.9436264519514698,0.014074148177373765,4
7,51,1374,0.9443343541704197,0.9428661502431994,0.014332268047531438,4
5,53,1374,0.9442785475394171,0.9437113041389593,0.014947923406332908,4
5,67,1374,0.9442785475394171,0.942862325367671,0.015196157440593598,4
5,19,1374,0.9442743049300426,0.9433970116364984,0.014975019169891118,4
7,27,1374,0.9442266571632217,0.9427888694816705,0.014125007557395777,4
7,90,1374,0.9442188246536073,0.9436360337215648,0.01410280842041683,4
7,82,1374,0.9442188246536072,0.9438383735532703,0.013994030324673936,4
5,68,1374,0.9441591017677975,0.9430263903357274,0.015080962206696814,4
6,84,1374,0.9441542064492884,0.9433949882381815,0.013846149147883935,4
5,47,1374,0.9440993788819876,0.943200493970273,0.01510140699773566,4
5,55,1374,0.9440993788819876,0.9431664878243637,0.014916880984321007,4
6,32,1374,0.944048467569494,0.9433885264177495,0.013865249179049749,4
7,30,1374,0.944048467569494,0.9423790464702796,0.014314531615657997,4
6,37,1374,0.944048467569494,0.9428539445823837,0.01445811747161053,4
5,39,1374,0.9440396559961778,0.9432602429644481,0.015620562027530895,4
5,52,1374,0.9440396559961777,0.943422650051303,0.014994173712813775,4
7,25,1374,0.9439740587281571,0.942375521840953,0.014057873594534566,4
5,8,1374,0.943974058728157,0.943877797184996,0.01688323402971579,4
7,26,1374,0.9439296745070088,0.9425076562781481,0.014134128254204171,4
7,73,1374,0.94391400948778,0.9427709069262883,0.013930790894019291,4
6,83,1374,0.9439140094877799,0.9432711823695429,0.013886684936782509,4
5,40,1374,0.9438702779757662,0.943334234071939,0.015595349721452509,4
5,44,1374,0.9438604873387483,0.9430718058373082,0.015445404699624013,4
5,54,1374,0.9438007644529384,0.9432993924583376,0.01490262011422945,4
5,10,1374,0.9437939110070258,0.9431468804419625,0.016327959958594013,4
7,80,1374,0.9437939110070258,0.9432760907422347,0.014124059858799824,4
6,24,1374,0.9437939110070257,0.943337184317227,0.013367727623533915,4
7,31,1374,0.9437939110070257,0.9423477033776392,0.014360060440041717,4
6,85,1374,0.9437939110070257,0.9432375286865664,0.01391818478849071,4
7,50,1374,0.943751484913281,0.9425063639140616,0.014270545104987657,4
5,66,1374,0.9437410415671286,0.9428999866847336,0.015163223562482833,4
5,56,1374,0.9437410415671285,0.9432813907404071,0.014928887285935643,4
6,33,1374,0.9437410415671285,0.942983363749579,0.013956237349549969,4
5,9,1374,0.9437338617666486,0.9432221769677223,0.016517300908586427,4
7,78,1374,0.9437338617666486,0.9431469457128757,0.01406376007039751,4
6,25,1374,0.9436920883820386,0.9434120761633236,0.013317614992122659,4
7,24,1374,0.9436920883820386,0.9422156211571749,0.0138455981219246,4
5,36,1374,0.9436920883820384,0.9438053856336108,0.015162186607031794,4
5,41,1374,0.9436920883820384,0.9436181494912784,0.015832114407926066,4
7,74,1374,0.9436738125262716,0.9427489628451853,0.01399610307798557,4
7,23,1374,0.9436738125262716,0.942151055169587,0.013908746161023342,4
6,38,1374,0.9436326918507959,0.9424083008936893,0.014299317474928757,4
5,45,1374,0.9436215957955089,0.9430195499439976,0.015291299390678671,4
7,72,1374,0.9436137632858944,0.9425942838344834,0.013949957744144634,4
6,87,1374,0.9436137632858944,0.9431371942384059,0.013961859796334767,4
7,79,1374,0.9435537140455174,0.943065996726011,0.014100005151348427,4
7,76,1374,0.9435537140455174,0.9426655335636092,0.01418740575272573,4
7,34,1374,0.9435537140455172,0.9418680665972183,0.014494754083280686,4
5,57,1374,0.9435021500238892,0.9431360063077812,0.01495423970067215,4
6,89,1374,0.9434936648051402,0.9433211146183349,0.013878817758449569,4
6,88,1374,0.9434936648051402,0.9432541727694971,0.014002333578601624,4
6,90,1374,0.9434936648051402,0.9431829622029194,0.013971048545606678,4
6,40,1374,0.9434545022570682,0.9426205096875089,0.014480359881554626,4
7,75,1374,0.9434545022570682,0.9427920938647953,0.014057641260606067,4
7,70,1374,0.9434336155647631,0.9426899057226925,0.013901835894631178,4
7,71,1374,0.9434336155647631,0.9425299528221838,0.013928936889920994,4
5,46,1374,0.9433827042522696,0.9432124646558004,0.015253567519002335,4
5,65,1374,0.9433827042522694,0.9429021667332429,0.01519808569668147,4
7,52,1374,0.9433357091945831,0.9425303705560298,0.014174172505912306,4
7,77,1374,0.9433135170840089,0.942758675157107,0.014160324501137314,4
6,86,1374,0.9433135170840088,0.9431634200914314,0.013895359172976261,4
7,54,1374,0.9432763126633406,0.9425662565042466,0.014051495663091586,4
7,53,1374,0.9432763126633404,0.9424107681342179,0.014083612368205647,4
6,35,1374,0.9432632584806498,0.94254201488699,0.014178670262282086,4
6,39,1374,0.9432632584806498,0.9424727363394506,0.014274537691519224,4
5,51,1374,0.9432632584806497,0.9431578067928743,0.014995989714542456,4
7,68,1374,0.9432534678436317,0.942374477506338,0.013995542055769559,4
7,41,1374,0.9432169161320979,0.9415986543748482,0.01485676251679517,4
5,43,1374,0.94320353559484,0.9431219730613886,0.015637295100906185,4
5,42,1374,0.9432035355948399,0.9434155877384672,0.01561179462702414,4
6,34,1374,0.9431934186032547,0.9426681966168781,0.014173842338301339,4
6,82,1374,0.9431333693628776,0.9431210592686002,0.014020116115338604,4
7,40,1374,0.9431333693628774,0.9419604379939375,0.01480300963031366,4
7,56,1374,0.9430981230696127,0.942125390646417,0.014001915322256578,4
5,49,1374,0.9430840898232202,0.9430287792511598,0.01513841188373702,4
7,69,1374,0.9430733201225004,0.9423627679044643,0.014006477662193617,4
7,32,1374,0.9430733201225004,0.942078552238923,0.01435759430066765,4
7,39,1374,0.9430733201225003,0.9421131066605051,0.014880832981733764,4
7,42,1374,0.9430387265383702,0.9415839553651386,0.014665916801565551,4
7,22,1374,0.9430387265383702,0.9416315900777767,0.01407061239314459,4
7,36,1374,0.9430132708821233,0.9423756784911452,0.014874173572988788,4
7,67,1374,0.9430132708821233,0.9423149895958164,0.014086600331922388,4
7,33,1374,0.9429793300071276,0.941804231643861,0.01438592283693514,4
5,48,1374,0.9429646440516006,0.9429931674407797,0.015223779620561222,4
5,50,1374,0.9429646440516006,0.9429788078398199,0.015085989565931655,4
7,35,1374,0.9429532216417462,0.942378184894222,0.014743203506613107,4
6,81,1374,0.9429532216417462,0.9429660930658791,0.013959040359231435,4
7,45,1374,0.9429199334758851,0.9417571190985303,0.01446433993583659,4
7,55,1374,0.9429199334758851,0.9423706395766268,0.01407825575888837,4
6,41,1374,0.942919933475885,0.9424079745391221,0.014194383886302035,4
7,64,1374,0.9428605369446426,0.9421884554029957,0.01407239424092577,4
7,44,1374,0.9428011404133999,0.9417523804302135,0.014574170945193426,4
7,57,1374,0.9428011404133999,0.9419515089329772,0.014011912361677509,4
7,43,1374,0.9427417438821573,0.9416002861476847,0.014616650381257965,4
7,49,1374,0.9427417438821573,0.9420436061918599,0.014231646781777182,4
6,20,1374,0.9427417438821573,0.9418581845809215,0.01401112703141005,4
5,62,1374,0.9427257525083612,0.9425850284189556,0.01520404027707301,4
5,58,1374,0.9427257525083611,0.9428332406486362,0.014978779052288766,4
7,66,1374,0.9427130246802379,0.9423484083035045,0.014117689201464037,4
6,23,1374,0.9427130246802378,0.9427438586597532,0.013604904430600879,4
7,65,1374,0.9426823473509147,0.9422123837198676,0.014075131918110948,4
7,62,1374,0.9426823473509147,0.9419926035000876,0.013991673454794327,4
5,64,1374,0.9426660296225514,0.9427759719491722,0.015286583991135198,4
5,60,1374,0.9426660296225513,0.942890261318629,0.015137053095522731,4
7,63,1374,0.9426529754398606,0.9422362598200089,0.014068931883428474,4
7,59,1374,0.9426229508196722,0.9416056514167704,0.013923967557621946,4
5,63,1374,0.9426063067367416,0.9425732796545341,0.01527641948324454,4
5,59,1374,0.9426063067367414,0.9429712364138594,0.015064750921213023,4
7,58,1374,0.942504157757187,0.9417271205867073,0.014011621608468047,4
6,79,1374,0.9424728277187294,0.942922296282952,0.013957810256799685,4
7,60,1374,0.9424447612259444,0.9416945504008939,0.013899444457165136,4
7,48,1374,0.9424447612259444,0.9417833188431906,0.014291127605115698,4
5,61,1374,0.9424271380793119,0.9425541552768922,0.015228032089942702,4
6,80,1374,0.9424127784783523,0.9427917675102279,0.014052653458947337,4
6,16,1374,0.9423674151935022,0.9418520752234224,0.01419190323311894,4
7,38,1374,0.9423527292379751,0.9419393815972577,0.014832545306332824,4
6,22,1374,0.9423076923076923,0.9425772611802548,0.01376014188949182,4
7,61,1374,0.9422665716322167,0.9417492343721853,0.014003994167779024,4
7,47,1374,0.9422071751009742,0.9417781102242969,0.014424914806189787,4
7,21,1374,0.9421725815168438,0.9414578127977985,0.014322028224903183,4
6,17,1374,0.9421285236502628,0.9418198966630897,0.013945630567114403,4
7,20,1374,0.942088382038489,0.9412741535015234,0.01433430729098988,4
6,15,1374,0.9420688007644529,0.9412845707393106,0.014484534980915172,4
7,37,1374,0.9420524830360897,0.9419060542688484,0.014828750056425297,4
6,71,1374,0.9420524830360896,0.9424270597542158,0.013852989924077947,4
6,14,1374,0.9420289855072463,0.9415564371480265,0.014517340518941022,4
6,73,1374,0.9419323845553355,0.9423961213412391,0.013933897920438577,4
6,21,1374,0.9419323845553353,0.9420988645471895,0.01384054534406671,4
7,46,1374,0.9419101924447613,0.9415928322093683,0.014535564983463421,4
6,12,1374,0.9419101924447612,0.9422154253444346,0.01483326663711265,4
6,64,1374,0.9418896321070234,0.9423219213668251,0.013914200132084182,4
6,52,1374,0.9418723353149583,0.9427174239398045,0.01407289459018471,4
6,65,1374,0.9418299092212137,0.942200256384148,0.014061435319122092,4
6,72,1374,0.9418122860745811,0.9422579689258235,0.013938368399936563,4
6,74,1374,0.9418122860745811,0.9426508998248129,0.013808469082904827,4
6,19,1374,0.9417913993822761,0.9417561530890114,0.013960148364603586,4
6,53,1374,0.9417913993822761,0.9424485469389248,0.01400125048693641,4
6,78,1374,0.941752236834204,0.9425456570039605,0.013971396352990622,4
7,16,1374,0.941752236834204,0.9406569778522738,0.014536402428821168,4
6,13,1374,0.9417320028510334,0.9418157323788116,0.014714874334877328,4
6,45,1374,0.9416726063197909,0.9421332753727621,0.0140659654496612,4
6,18,1374,0.9416726063197909,0.9416866917829142,0.013936270538520182,4
6,75,1374,0.9416321383534498,0.9425865296499651,0.013900124073107895,4
6,66,1374,0.9415720891130727,0.9421642268399217,0.014022406107330503,4
6,42,1374,0.9415312947921644,0.9419928645837412,0.014254536162899217,4
6,10,1374,0.9415312947921644,0.9422074884013587,0.01567390522250151,4
6,76,1374,0.9415120398726955,0.9426292298815463,0.013946955233102494,4
6,55,1374,0.9414944167260632,0.9424249710849852,0.014049411291122927,4
6,67,1374,0.9413919413919415,0.9422188063777512,0.014025805541111144,4
7,19,1374,0.9413919413919414,0.9407836295327385,0.014554574577486648,4
6,69,1374,0.9413919413919414,0.9421521647751157,0.013963030962949105,4
6,11,1374,0.941375623663578,0.941958140457784,0.015593503973712638,4
6,54,1374,0.9413521261347348,0.9422556191729393,0.014074770214751215,4
6,47,1374,0.9413318921515643,0.941790524752036,0.014184106968801843,4
6,68,1374,0.9413318921515643,0.94222384529227,0.013990754121731513,4
6,77,1374,0.9413318921515642,0.9424884927379583,0.014085985691896775,4
6,63,1374,0.9412924032489252,0.9421235108441095,0.013917694461021195,4
6,43,1374,0.941292403248925,0.9419192912100967,0.014167734643634017,4
6,70,1374,0.9412718429111872,0.9421260825180995,0.013979407173730892,4
6,51,1374,0.9412718429111872,0.9424434166451273,0.01398230692263952,4
7,18,1374,0.941256830601093,0.9406983987739511,0.014397035120333784,4
7,17,1374,0.9412117936708101,0.9405332503087314,0.014447063269158634,4
6,62,1374,0.941151744430433,0.9418322198115497,0.013941771279941666,4
6,59,1374,0.9411380375386078,0.9418412533059718,0.013985411960405385,4
6,58,1374,0.9410786410073652,0.9420251475775353,0.014025290685379586,4
6,46,1374,0.9410786410073652,0.9421048042003137,0.013988453645862287,4
6,50,1374,0.9410786410073652,0.9421005354825739,0.014051320951547168,4
6,56,1374,0.9410535117056857,0.9421896041710724,0.014044979949561878,4
6,61,1374,0.9410316459496787,0.9418156279453498,0.013980822980624972,4
6,44,1374,0.9409937888198758,0.9419930212339335,0.014011314577126512,4
6,49,1374,0.94095984794488,0.9419169284030295,0.014039916969821898,4
6,48,1374,0.9407313997477931,0.9420000052216732,0.014153958982024586,4
6,57,1374,0.9406951743908265,0.9419963892130678,0.01399954616852781,4
6,60,1374,0.9406713505074161,0.9417103981786805,0.013979794322190875,4
7,15,1374,0.9402510058247764,0.9406450071667463,0.014558363195952552,4
7,13,1374,0.9402510058247763,0.9403836754834617,0.014903814558489034,4
7,11,1374,0.9398306611421365,0.9408987804782533,0.015039087347370597,4
7,14,1374,0.9397105626613823,0.940087397753114,0.014875524344477614,4
6,9,1374,0.9395007166746299,0.9407722071228842,0.015238630240429174,4
7,12,1374,0.9392902179787426,0.9405127291335417,0.014917048368005701,4
6,8,1374,0.9392618251313903,0.9405053535203214,0.015154548380197475,4
7,10,1374,0.9391779520076027,0.9404059720274972,0.01578502326555293,4
7,9,1374,0.93888096935139,0.9404189348309092,0.015617358715533302,4
7,8,1374,0.937849036209692,0.9393360642683521,0.015306110092973588,4
1,29,1372,0.9763601805654549,0.9763714463251171,0.008104151749804892,5
1,28,1372,0.9763601805654549,0.9758819666909474,0.00817925352424699,5
1,30,1372,0.9763007840342124,0.9764816366812089,0.008180518794957044,5
1,20,1372,0.9763007840342124,0.9751200593182061,0.00900482951021953,5
1,17,1372,0.9763007840342124,0.9751595351666629,0.008990785156715328,5
1,33,1372,0.9761604515702877,0.9768094402627545,0.008314180149432294,5
1,34,1372,0.9761604515702876,0.9768665784203915,0.008307688731799295,5
1,19,1372,0.9761225944404847,0.9751592349204609,0.008893816361595227,5
1,12,1372,0.976063197909242,0.9747571138768572,0.009613144731177557,5
1,31,1372,0.9760403530895334,0.9764699531877009,0.008327515296741295,5
1,42,1372,0.9759202546087793,0.9756138598868463,0.009247901158863939,5
1,11,1372,0.9758256117842719,0.9746971299073937,0.009487752400911856,5
1,18,1372,0.9758256117842717,0.9749396505134209,0.009006294275022437,5
1,32,1372,0.9757662152530292,0.9763627783478103,0.008476737537050581,5
1,43,1372,0.9757662152530292,0.9755877384672823,0.009238891559068537,5
1,10,1372,0.9757068187217867,0.974835621731559,0.00909537043106424,5
1,13,1372,0.9757068187217866,0.974723825710996,0.009492783622452794,5
1,38,1372,0.9756800576472708,0.9758335487273477,0.009062856637889664,5
1,21,1372,0.975647422190544,0.9750625686976363,0.008795698151244855,5
1,50,1372,0.9755880256593015,0.9758006521869672,0.008896411032562081,5
1,37,1372,0.9755880256593015,0.9761874215117267,0.008933267353644494,5
1,26,1372,0.9755880256593015,0.9756238332824219,0.008281809507734876,5
1,44,1372,0.9755880256593015,0.9756022025017035,0.009094846823271175,5
1,27,1372,0.9754692325968164,0.9757770763330278,0.008402041816857716,5
1,35,1372,0.9754692325968164,0.976058054561262,0.008846059357644096,5
1,51,1372,0.9754692325968164,0.9760325205799191,0.008899911849931557,5
1,9,1372,0.9754692325968163,0.9750590310141273,0.009099934598481173,5
1,24,1372,0.9754098360655737,0.9748976029909744,0.008520954521534842,5
1,57,1372,0.9754098360655737,0.9754018599599498,0.009280615796706233,5
1,15,1372,0.9754098360655737,0.9752888890629446,0.009386479262740728,5
1,25,1372,0.9753504395343311,0.975235954352134,0.008565086070334422,5
1,39,1372,0.9753197622050083,0.9756975894146243,0.009121298900962516,5
1,49,1372,0.975319762205008,0.975798002187881,0.008880879511219578,5
1,22,1372,0.9752910430030886,0.9749833820254347,0.008747488950650105,5
1,47,1372,0.975231646471846,0.975444390487156,0.009077368589384528,5
1,8,1372,0.975231646471846,0.9748019941569477,0.00914581840730505,5
1,36,1372,0.975231646471846,0.9760678060357318,0.0088579079450396,5
1,48,1372,0.9751722499406035,0.9755065153425808,0.008975349948754496,5
1,56,1372,0.9751722499406035,0.9753210937316426,0.009361917853039642,5
1,55,1372,0.9751128534093608,0.9753927611946144,0.009313483284963288,5
1,14,1372,0.9751128534093608,0.9749348204658256,0.009224265359427986,5
1,16,1372,0.9750534568781183,0.9750759361807116,0.009372173066175755,5
1,46,1372,0.9750534568781183,0.9754680185578262,0.009063201265325456,5
1,41,1372,0.9750195160031226,0.975683125380203,0.00922220458158263,5
1,45,1372,0.9749940603468756,0.9754993877588318,0.009066310632661086,5
1,52,1372,0.9749346638156331,0.975679078583569,0.008990226430467829,5
1,53,1372,0.974815870753148,0.9755864722115613,0.009131344123959537,5
1,61,1372,0.9747564742219055,0.9748041872596397,0.00940735896017133,5
1,23,1372,0.9747564742219054,0.9748639884705459,0.008655807406135368,5
1,54,1372,0.9746376811594202,0.9754959545087842,0.00928277511701096,5
1,40,1372,0.9745391220801057,0.975186452891371,0.009269995350848775,5
1,58,1372,0.9745188880969351,0.9752398836611239,0.00931956685673762,5
1,66,1372,0.97440009503445,0.9741490108845775,0.009544017922044006,5
1,77,1372,0.9744000950344499,0.9735588051767666,0.009838581073713618,5
1,70,1372,0.9743406985032074,0.973739840582321,0.009641494935079844,5
1,60,1372,0.9743406985032074,0.9749720509948591,0.009307617134024716,5
1,79,1372,0.9742989251185972,0.9734297254183213,0.0099531984272852,5
1,68,1372,0.9742813019719648,0.9740389771786778,0.009564894867764706,5
1,72,1372,0.9742813019719648,0.9736687083408394,0.00975191173109099,5
1,59,1372,0.9742813019719647,0.9750605844618674,0.009293371723467742,5
1,78,1372,0.9742219054407222,0.9734009017829401,0.00984465604597631,5
1,76,1372,0.9742219054407222,0.9735110660306668,0.009772374580137943,5
1,71,1372,0.9742219054407222,0.9737495137316947,0.009640651221924361,5
1,69,1372,0.9742219054407222,0.9738168472060132,0.009612751992532097,5
1,67,1372,0.9742219054407222,0.9740438855513694,0.009530713406338522,5
1,81,1372,0.974118777397466,0.9734386675334643,0.009978322922237144,5
1,80,1372,0.9741187773974659,0.9734577266401928,0.009974047722731869,5
1,84,1372,0.9740587281570888,0.9734308741863981,0.010020727829285852,5
1,83,1372,0.9739986789167117,0.9733785660763565,0.01004156095115567,5
1,63,1372,0.973984319315752,0.9744409546262719,0.009328852071256532,5
1,62,1372,0.9739249227845094,0.9745202196235695,0.009335477558537704,5
1,74,1372,0.9739249227845093,0.9735589487727762,0.009701642909353632,5
1,82,1372,0.9738785804359575,0.9733143786600665,0.009918285317635922,5
1,85,1372,0.9738785804359575,0.9734525180212992,0.00994266993647046,5
1,88,1372,0.9738785804359574,0.9734932731796596,0.009801683316920459,5
1,90,1372,0.9738185311955804,0.9732828658630512,0.009853035871124165,5
1,86,1372,0.9738185311955804,0.9733884089301054,0.009979742882873932,5
1,89,1372,0.9738185311955804,0.9733714123842421,0.009794139169778705,5
1,75,1372,0.9738061297220242,0.9733724436646746,0.009732280743016982,5
1,87,1372,0.9737467331907816,0.9734768901803829,0.009844569693430385,5
1,73,1372,0.9737467331907816,0.9734821379618244,0.009717418943711255,5
1,65,1372,0.9737467331907816,0.9740895490824215,0.009542517839619059,5
1,64,1372,0.9736279401282965,0.9742686394147547,0.009446429405003485,5
2,34,1372,0.9608478952741248,0.9577382323070134,0.013735480441295803,5
2,35,1372,0.9603074521107308,0.9573861087831151,0.013840544970308493,5
2,33,1372,0.9601273043895995,0.9574363412781088,0.013718576753026391,5
2,32,1372,0.9597670089473368,0.9572016923442439,0.01350144706425049,5
2,36,1372,0.9596469104665826,0.9578924283129558,0.01387156686274781,5
2,31,1372,0.9591064673031886,0.9566606225800808,0.01332088130805812,5
2,37,1372,0.9587461718609259,0.9573168432897583,0.013992764447508998,5
2,38,1372,0.9584459256590404,0.9573112038828362,0.014005136398502547,5
2,30,1372,0.9584328714763497,0.9568627535448633,0.01334805238879658,5
2,88,1372,0.9582442385364695,0.9544403541338682,0.014126459209439177,5
2,39,1372,0.9581456794571549,0.956980306459993,0.014147247170983757,5
2,53,1372,0.9580856302167777,0.9563891739052108,0.013870956684699154,5
2,40,1372,0.9580255809764007,0.957044154467533,0.014368884752665968,5
2,79,1372,0.9580066524114991,0.9539322461809988,0.014758788598954001,5
2,52,1372,0.9579655317360235,0.9563453901764665,0.013749931411535599,5
2,89,1372,0.9579472558802566,0.9541514128541926,0.014170441982780224,5
2,75,1372,0.9578878593490139,0.9543744435654627,0.014515794203213635,5
2,54,1372,0.9577759197324414,0.9563197778700274,0.013723830998283167,5
2,81,1372,0.9577690662865288,0.9540135476307963,0.01467761465362964,5
2,80,1372,0.9577690662865288,0.9539563703106113,0.014739279963483008,5
2,77,1372,0.9577690662865288,0.9540516527900705,0.014741580782919313,5
2,50,1372,0.957725334774515,0.9568843451630336,0.013656552198054889,5
2,90,1372,0.9577096697552864,0.9541370401990501,0.014060291290917955,5
2,44,1372,0.9576652855341381,0.9566225043666242,0.014096635289724591,5
2,76,1372,0.9576502732240437,0.9541523658095291,0.0146016805737172,5
2,87,1372,0.9575908766928011,0.9544547790057412,0.014286326303312566,5
2,51,1372,0.9574851378130066,0.9565121181977918,0.013641050917105522,5
2,29,1372,0.9574773053033924,0.9564253992621775,0.013163498242562322,5
2,43,1372,0.9574250885726296,0.9565394667105288,0.014161731703255196,5
2,49,1372,0.9574250885726296,0.9565538002031231,0.0136326661363008,5
2,47,1372,0.9573578595317725,0.9559901205945397,0.013633502330638645,5
2,78,1372,0.9573532905678308,0.9539375070166233,0.01483880296094814,5
2,86,1372,0.9573532905678308,0.9542253256365872,0.014346722637161021,5
2,45,1372,0.9573049900918754,0.9566131445176349,0.013686581811102981,5
2,56,1372,0.9573049900918753,0.956351486479783,0.013718266156463784,5
2,74,1372,0.9572938940365883,0.9539706646406575,0.014485865566995493,5
2,73,1372,0.9572344975053457,0.9540837269169414,0.01446522774910073,5
2,48,1372,0.9571848916111212,0.9563774120866068,0.013515004031182543,5
2,55,1372,0.957178690874343,0.9562982906853185,0.013664557220096435,5
2,41,1372,0.9570047438899898,0.9565015443098123,0.014342348812343373,5
2,82,1372,0.9569969113803753,0.9538719228027852,0.014682115011999754,5
2,46,1372,0.9569446946496127,0.9561524101937502,0.013819513928176779,5
2,28,1372,0.9569397993311035,0.9561381811346173,0.01322165416650961,5
2,57,1372,0.9568846454092356,0.9560790979037592,0.013608268565774042,5
2,42,1372,0.9568245961688585,0.9564940773173132,0.014258397025671974,5
2,71,1372,0.9568187217866477,0.9541079424258326,0.014464927667750854,5
2,85,1372,0.9565217391304348,0.9538882666395141,0.014391170846347058,5
2,72,1372,0.9564029460679497,0.9541007365169873,0.014446992110307989,5
2,83,1372,0.9563435495367071,0.9539289043102299,0.014427615911120644,5
2,84,1372,0.9562841530054647,0.9538976525968685,0.014360524780766052,5
2,59,1372,0.9562828475871954,0.9557677164840386,0.013746146814399068,5
2,58,1372,0.9562247564742219,0.9558063960273512,0.013708413458719922,5
2,70,1372,0.9561634018155757,0.9538597563045176,0.014493431157447674,5
2,67,1372,0.9559871703492516,0.9542073630812047,0.014265420594635371,5
2,19,1372,0.955983906803579,0.9542805839919168,0.014008242192933049,5
2,68,1372,0.9559245102723364,0.9537816661836618,0.01444221193946032,5
2,16,1372,0.9556856187290971,0.9550430135319659,0.0141064607362425,5
2,14,1372,0.955685618729097,0.9551809048637273,0.014786782276404026,5
2,20,1372,0.9555635621209392,0.95416270472222,0.013883093743473416,5
2,60,1372,0.955511998099311,0.9554493119140304,0.013814438379409903,5
2,61,1372,0.955511998099311,0.9550821108091244,0.013818963881394218,5
2,17,1372,0.9554467271858577,0.9544395839370894,0.014035150925106307,5
2,27,1372,0.9553870043000477,0.9552513713418918,0.01336819892183969,5
2,66,1372,0.9553338085055832,0.9540305180682941,0.014381584920869626,5
2,18,1372,0.9553233651594307,0.9548065239583414,0.014133036692611307,5
2,69,1372,0.9551481127568083,0.9537164997036701,0.014466212443898768,5
2,9,1372,0.9551432174382994,0.95343699659808,0.013986328810528453,5
2,62,1372,0.955096222380613,0.9550249204347564,0.013951259545721496,5
2,26,1372,0.9550883898709985,0.9550290063939387,0.013602563999887785,5
2,15,1372,0.9550231189575451,0.9547037744863832,0.014614816690258927,5
2,64,1372,0.9549774293181279,0.9543439751030627,0.01401862583033566,5
2,8,1372,0.954963069717168,0.9533963458731811,0.013978695826299624,5
2,63,1372,0.9549180327868853,0.9546018865904824,0.01401929120476181,5
2,65,1372,0.954909221213569,0.9541715032413536,0.01430850703047855,5
2,24,1372,0.954909221213569,0.9538643905393727,0.013850881607867639,5
2,10,1372,0.9546106067845198,0.9539098321493191,0.014479588088938644,5
2,21,1372,0.9544826757941512,0.9537526336813578,0.01364500496298285,5
2,22,1372,0.9544826757941512,0.9535006357386971,0.013422515362405602,5
2,25,1372,0.9543119923554706,0.954885292896697,0.013491736629736623,5
2,11,1372,0.9540133779264214,0.9540352045198803,0.014863214747461476,5
2,13,1372,0.9537744863831821,0.9540687798777607,0.014534887757395526,5
2,23,1372,0.9537020356692488,0.953363227411695,0.013450476751641781,5
2,12,1372,0.9529383659818442,0.953628305645412,0.014641458862350175,5
3,59,1372,0.9511799675734102,0.9497497252094544,0.014692658917810585,5
3,58,1372,0.951059869092656,0.9501755526488244,0.014711229834388028,5
3,49,1372,0.9509978617248753,0.9513172714669507,0.014760566744463658,5
3,13,1372,0.950760275599905,0.9482964813755976,0.015842013146769272,5
3,17,1372,0.9507596228907704,0.9480726935217314,0.014738125180453211,5
3,60,1372,0.9506995736503933,0.9493269785571995,0.014635307836151173,5
3,30,1372,0.9506995736503933,0.9504057892689397,0.01401563442575963,5
3,15,1372,0.9506414825374198,0.9484456254128386,0.015178688403456903,5
3,55,1372,0.9505794751696391,0.9505760810821395,0.014744243770463156,5
3,56,1372,0.9505794751696391,0.9503872392753362,0.014664732575393068,5
3,33,1372,0.9504038964124495,0.95148033126294,0.014663252739166409,5
3,54,1372,0.9503993274485077,0.9504918424412366,0.014737228941512566,5
3,31,1372,0.9503444998812068,0.95087256767941,0.014219756161975846,5
3,34,1372,0.9502257068187218,0.9511337427125024,0.01459982585333602,5
3,50,1372,0.9502257068187218,0.9509254371193074,0.014790857023388582,5
3,48,1372,0.9501663102874791,0.9508984280153204,0.014788282290258532,5
3,57,1372,0.9501591304869994,0.9501694824538731,0.014761370030169814,5
3,61,1372,0.9501591304869993,0.9491545980747691,0.014737025607436992,5
3,16,1372,0.9501591304869993,0.9478266482863773,0.015000916040193933,5
3,18,1372,0.9501069137562367,0.947706223451056,0.015057808986636351,5
3,32,1372,0.9501069137562366,0.9511630232442778,0.01433317150451229,5
3,14,1372,0.9500990812466223,0.9478141293251771,0.01575158032954708,5
3,40,1372,0.950047517224994,0.9505184077030121,0.015472062127340763,5
3,52,1372,0.9500390320062452,0.9504851848080643,0.014925232205893646,5
3,35,1372,0.949928724162509,0.9514882420976504,0.014731677418089763,5
3,53,1372,0.9497988350447367,0.9504271067492733,0.01471524096964882,5
3,10,1372,0.9497505345687811,0.9477493544706658,0.01560911105368849,5
3,37,1372,0.9496911380375386,0.9506323837720845,0.015047195957298027,5
3,62,1372,0.9494985888428511,0.9486075233865683,0.014812710701278655,5
3,51,1372,0.949438539602474,0.9506086512679528,0.014817169093416753,5
3,12,1372,0.949438539602474,0.9471357687216561,0.015318211044438835,5
3,45,1372,0.9493347588500831,0.9500394889026392,0.01477213871247309,5
3,29,1372,0.9492753623188406,0.950419404781486,0.014219300078432699,5
3,39,1372,0.9492753623188406,0.9506233763860279,0.015658354794814033,5
3,41,1372,0.9492159657875979,0.9501770408256509,0.01530484249333635,5
3,28,1372,0.9491565692563555,0.9498438980833849,0.014057861184851377,5
3,36,1372,0.9491565692563554,0.9508932063422441,0.014912330448301554,5
3,27,1372,0.9490971727251128,0.949384560557048,0.014073060657344854,5
3,47,1372,0.9490377761938702,0.9504257752226392,0.014668005276739659,5
3,8,1372,0.9489189831313851,0.9473393878632653,0.01466519383526936,5
3,63,1372,0.9487779979583257,0.948368292434579,0.014910024711504778,5
3,46,1372,0.9487407935376574,0.9500884290335466,0.014771367963633658,5
3,44,1372,0.9487407935376573,0.9502205634707418,0.014659781776441581,5
3,43,1372,0.9485626039439297,0.9503119035870283,0.015009671585219223,5
3,38,1372,0.948503207412687,0.9503701905127422,0.01532498372336264,5
3,42,1372,0.9484438108814445,0.9500429874236004,0.015198926758550156,5
3,64,1372,0.9482976040353088,0.9482266414982025,0.015132851850238258,5
3,66,1372,0.9481775055545547,0.9484232897062548,0.015116273557144821,5
3,19,1372,0.9481468282252316,0.9479110566316554,0.014988297708551118,5
3,86,1372,0.948087431693989,0.9492695793159086,0.014862271510619921,5
3,85,1372,0.9480280351627465,0.948879820583313,0.014964804671291005,5
3,65,1372,0.9479973578334233,0.9481192708455717,0.015194768110365707,5
3,11,1372,0.9478172101122921,0.9468356530615977,0.015436098296894999,5
3,87,1372,0.947742474916388,0.9490670306172801,0.014800736858508376,5
3,84,1372,0.9477310525065336,0.948569548769121,0.015096351999522275,5
3,89,1372,0.9476827520305781,0.948831585378271,0.014835495116335959,5
3,90,1372,0.9476827520305781,0.9486643612980035,0.014821307893006489,5
3,82,1372,0.9476122594440484,0.9486188805255091,0.01514321316101904,5
3,88,1372,0.9475528629128058,0.9489204713082118,0.01479882992590852,5
3,9,1372,0.9475169639104065,0.9478279667588292,0.015409524671956963,5
3,81,1372,0.9473152767878356,0.9486338145105071,0.015234617024813945,5
3,67,1372,0.9472767669488981,0.9483628227320314,0.015153353028914815,5
3,75,1372,0.947255880256593,0.948556129069315,0.015464547046818938,5
3,71,1372,0.947255880256593,0.9485475394171047,0.015212426143244216,5
3,83,1372,0.9472558802565929,0.9484113842916408,0.015127998696419067,5
3,76,1372,0.9471964837253505,0.9485055441113888,0.015501380348913114,5
3,74,1372,0.9471964837253504,0.9486949341938649,0.015382350884644682,5
3,77,1372,0.9471370871941078,0.9485607110874394,0.015508987855344816,5
3,72,1372,0.9470776906628653,0.9483700416950595,0.01533158922233347,5
3,26,1372,0.9470776906628653,0.9485985812714252,0.01421685090862114,5
3,80,1372,0.9470776906628652,0.9485054788404752,0.015419885890871352,5
3,73,1372,0.9470182941316226,0.948288648865983,0.015375634322936345,5
3,79,1372,0.9469588976003801,0.9485055832739369,0.015432167968011393,5
3,70,1372,0.9467807080066524,0.9486436704184388,0.015293006885609684,5
3,20,1372,0.9467213114754098,0.9476396471193336,0.014696145523511398,5
3,23,1372,0.9466162253047499,0.9474623843725767,0.014834116057428286,5
3,68,1372,0.9464961268239956,0.9482665611888705,0.015220395805017538,5
3,24,1372,0.9464360775836186,0.9482008072706576,0.014468690437272808,5
3,25,1372,0.9463055357567117,0.9482708821233412,0.014401766252434637,5
3,22,1372,0.9461958806221101,0.9471331709393006,0.014514894180274475,5
3,69,1372,0.946135831381733,0.9483523141149655,0.015254634536371547,5
3,78,1372,0.9461299569995222,0.9484340985695227,0.01555103168512936,5
3,21,1372,0.9458956344202246,0.9474739503784407,0.01451113573492775,5
4,45,1372,0.9448206224756475,0.9425782924606874,0.014235535043039031,5
4,46,1372,0.9447018294131624,0.9428059965693607,0.014193149217424615,5
4,44,1372,0.9445236398194345,0.9427162360091798,0.01430084044742122,5
4,47,1372,0.9443454502257069,0.9432954109326169,0.014134714063570981,5
4,43,1372,0.9443454502257069,0.9427994955863808,0.014090461465549904,5
4,58,1372,0.9442266571632216,0.9420295207287367,0.014263591463752565,5
4,54,1372,0.9442266571632216,0.9429962090653465,0.01443753696445036,5
4,52,1372,0.9441078641007365,0.9427112884739399,0.014259294465947302,5
4,53,1372,0.9439296745070088,0.9428643879285361,0.014322157873930513,5
4,48,1372,0.9438702779757663,0.943744474817176,0.014051033544737208,5
4,56,1372,0.9438108814445236,0.9424010688764788,0.014350195689766462,5
4,57,1372,0.9437514849132811,0.9424482597469056,0.014381193698947276,5
4,50,1372,0.9436920883820386,0.9428175625752248,0.014282015425566926,5
4,55,1372,0.9436920883820386,0.9427020591667776,0.014331809016258216,5
4,41,1372,0.943632691850796,0.9425401481388651,0.01454973996579187,5
4,42,1372,0.9435732953195534,0.9429021928416084,0.01431319421815492,5
4,49,1372,0.9435732953195534,0.9431495696035967,0.014181900153693687,5
4,59,1372,0.9435537140455172,0.9415610322203336,0.014157991579284213,5
4,51,1372,0.943216916132098,0.942627637271258,0.014329866266511287,5
4,60,1372,0.9431934186032547,0.9414919364313519,0.014360035882031967,5
4,38,1372,0.9430981230696128,0.9434582618616831,0.014929499846032503,5
4,40,1372,0.9430387265383702,0.9426482106631786,0.014729585725734826,5
4,37,1372,0.9428011404133998,0.9430065871405856,0.014720529967768134,5
4,39,1372,0.9426229508196722,0.9431446612309051,0.014773405793876504,5
4,61,1372,0.9425929261994835,0.9411073732634674,0.014461687481581808,5
4,34,1372,0.9423853646947018,0.9442743049300425,0.01425588701447587,5
4,36,1372,0.9423259681634593,0.9433012722606451,0.014519367274219262,5
4,35,1372,0.9422665716322167,0.9434691882125951,0.014306055144551277,5
4,85,1372,0.9421725815168439,0.9431074437560539,0.014152823294442696,5
4,86,1372,0.9421125322764667,0.9429623465154471,0.014104386326216878,5
4,32,1372,0.9417320028510334,0.944528900655059,0.01411867136733088,5
4,62,1372,0.9416921875938269,0.9409114560896457,0.014471427002455588,5
4,84,1372,0.9416321383534498,0.9427641187512892,0.014187029840479972,5
4,87,1372,0.9414519906323185,0.9426756244468291,0.014180059456453219,5
4,33,1372,0.9413162271323354,0.9440371365389185,0.014098046018040423,5
4,31,1372,0.9413162271323354,0.9441513867458272,0.013967085463731299,5
4,9,1372,0.941256830601093,0.940919079732337,0.01529185332385997,5
4,63,1372,0.9411517444304329,0.94075651599529,0.014555324814159873,5
4,30,1372,0.9411380375386077,0.9438062472096685,0.013936863943262177,5
4,83,1372,0.9410316459496788,0.9423458888462453,0.014297205782865136,5
4,66,1372,0.9409715967093016,0.941217106723165,0.014633062236678639,5
4,65,1372,0.9409115474689245,0.9411436638913476,0.014689562539347847,5
4,88,1372,0.9407914489881704,0.9426848276456258,0.014136761048046445,5
4,89,1372,0.9406113012670391,0.9424532464446933,0.014191563431536366,5
4,81,1372,0.9406113012670391,0.9422541309961124,0.014343354461988297,5
4,82,1372,0.9406113012670391,0.9420798315488266,0.014274545250603685,5
4,70,1372,0.940611301267039,0.9415212169631273,0.014383898495123214,5
4,64,1372,0.9404912027862847,0.9406393155430932,0.014702905959501559,5
4,28,1372,0.9404846756949394,0.9430980186361512,0.013808702386278253,5
4,73,1372,0.9403711043055305,0.9418875564919756,0.01447302776687519,5
4,75,1372,0.9403110550651534,0.9417516624501657,0.014549444513647978,5
4,14,1372,0.9401876930387265,0.9415377957751443,0.015029729454059266,5
4,74,1372,0.9401309073440223,0.9416654004109456,0.01448863793373498,5
4,69,1372,0.940130907344022,0.9414071625689587,0.014611409701799846,5
4,27,1372,0.940128296507484,0.9423865395711439,0.013614520130425384,5
4,80,1372,0.940070858103645,0.9420562687490698,0.014499347102428627,5
4,90,1372,0.9400108088632679,0.9423174307279796,0.01413077926449377,5
4,72,1372,0.9399507596228909,0.9414096950804008,0.014361657131716096,5
4,68,1372,0.9399507596228908,0.9412641148350344,0.014671183988650912,5
4,8,1372,0.9398907103825136,0.9408616543826809,0.015202103601458274,5
4,29,1372,0.939831313851271,0.9432179213041652,0.013739597779588556,5
4,78,1372,0.9398306611421365,0.9419373059822097,0.014708004145417402,5
4,79,1372,0.9397706119017595,0.941829765625204,0.014572195549188888,5
4,71,1372,0.9397706119017595,0.9413988862171329,0.01446943192357792,5
4,15,1372,0.9396505134210051,0.9407922844558625,0.014691344521845465,5
4,26,1372,0.9395343311950582,0.9420052921656628,0.013538612399148098,5
4,76,1372,0.939530414940251,0.9418759382693809,0.014739000342452452,5
4,67,1372,0.9394703656998739,0.9410969951882282,0.01472318396432292,5
4,12,1372,0.9394103164594968,0.9410422720543888,0.015379564823484702,5
4,23,1372,0.9392902179787427,0.9411031567624584,0.013977131534956942,5
4,77,1372,0.9392902179787426,0.9418440469010675,0.014774439114133267,5
4,11,1372,0.9392301687383655,0.9396643769630227,0.01496907128035855,5
4,10,1372,0.9390591589451176,0.939622198898749,0.015067702188497734,5
4,16,1372,0.9388698732961028,0.9410124432469407,0.014592629802115075,5
4,24,1372,0.9387621762889047,0.9409774580373298,0.013826584471534727,5
4,18,1372,0.9387621762889047,0.9407070798054405,0.014458433155109333,5
4,25,1372,0.9387027797576621,0.9411908417075915,0.013778902966802042,5
4,17,1372,0.9386433832264196,0.9403691592323097,0.014773159749189755,5
4,13,1372,0.9385696270942172,0.9403424242661592,0.01538545727985616,5
4,20,1372,0.9377889869693149,0.9404647941747015,0.013972281145638296,5
4,21,1372,0.9376088392481835,0.9402242578044432,0.013989300678121527,5
5,42,1372,0.9375742456640532,0.9357648706722119,0.014943107979899494,5
5,47,1372,0.9375742456640532,0.9371824504789579,0.0150335075448775,5
5,46,1372,0.9373366595390829,0.9364874980092373,0.014871008115415486,5
4,19,1372,0.9372178664765978,0.9405074421895518,0.01436693820020555,5
4,22,1372,0.9370083468444125,0.9403973954294694,0.014098896956665066,5
5,44,1372,0.9369802803516275,0.9356462212057366,0.014937466267926773,5
5,48,1372,0.9369208838203849,0.9368371020758761,0.015120438361655967,5
5,41,1372,0.9369208838203849,0.9361587545265379,0.01539370166212064,5
5,45,1372,0.9368020907578998,0.9360694247543855,0.014862439060757055,5
5,49,1372,0.9365051081016869,0.9365436440489897,0.015174362303979356,5
5,43,1372,0.9363269185079591,0.9357393497450518,0.015034811312467181,5
5,50,1372,0.9360299358517462,0.9363723862262708,0.015339775692436499,5
5,37,1372,0.9359705393205038,0.9364540662473664,0.015624765579072459,5
5,52,1372,0.9359705393205036,0.9364684780650567,0.015340792183092908,5
5,34,1372,0.9359111427892611,0.9364924585986597,0.014983369687917735,5
5,51,1372,0.935911142789261,0.936367438691031,0.015208566472234817,5
5,90,1372,0.9358674112772474,0.9359087016570978,0.015099069004992265,5
5,74,1372,0.9358073620368703,0.935027727084035,0.01554832969363935,5
5,38,1372,0.9357923497267759,0.9361715084630267,0.015568935476811523,5
5,88,1372,0.9357473127964931,0.9361600991073549,0.014931167431088778,5
5,89,1372,0.9356872635561161,0.9359565321824767,0.014990252990923623,5
5,73,1372,0.9356272143157389,0.9348915327960232,0.01556182406584208,5
5,75,1372,0.9356272143157389,0.9351328785256086,0.01566481322443626,5
5,87,1372,0.9356272143157389,0.9363993300593444,0.014914135184664565,5
5,72,1372,0.9356272143157389,0.935017975609565,0.01543880152019092,5
5,70,1372,0.9354470665946075,0.9347101840900842,0.01537127067868272,5
5,11,1372,0.9353870173542305,0.9341270929118398,0.015754793396011487,5
5,86,1372,0.9353870173542305,0.9364830465329397,0.014985369065814493,5
5,53,1372,0.9353171774768353,0.936485187418901,0.015198961787075863,5
5,40,1372,0.9352577809455929,0.9358045553875917,0.015547964854115519,5
5,84,1372,0.9352068696330991,0.9368583151227486,0.015126426817920022,5
5,57,1372,0.9351983844143502,0.9354217414801876,0.015143004242192162,5
5,76,1372,0.935146820392722,0.9351490526579621,0.015632307282202867,5
5,31,1372,0.9351389878831076,0.9373300149600934,0.014515553487190143,5
5,39,1372,0.9351389878831076,0.935596367282041,0.015606586235414098,5
5,85,1372,0.935086771152345,0.9368058764708799,0.01500056586746439,5
5,35,1372,0.9350201948206225,0.9364341847271284,0.015028554551423838,5
5,56,1372,0.9350201948206225,0.9356507248987647,0.015170052031229512,5
5,68,1372,0.9349066234312136,0.9350184586143248,0.015286134683684949,5
5,14,1372,0.9348465741908365,0.9337420728475609,0.015019935699423177,5
5,71,1372,0.9348465741908365,0.9346545863260047,0.015287809807233063,5
5,8,1372,0.9347865249504593,0.9338197582887533,0.016087885305223898,5
5,33,1372,0.9347826086956522,0.937161224377903,0.014836635822350282,5
5,58,1372,0.934663815633167,0.9351016268122468,0.015220418417774653,5
5,36,1372,0.934663815633167,0.9361321892647623,0.015260220759513384,5
5,12,1372,0.934606377229328,0.9336956782822784,0.015638758290868325,5
5,69,1372,0.934606377229328,0.9349108921489535,0.015204531402107799,5
5,67,1372,0.934606377229328,0.9346582937138888,0.015246773459013197,5
5,83,1372,0.934546327988951,0.9365023928316871,0.015184500813787867,5
5,54,1372,0.9345450225706818,0.9362340510522976,0.0151798882317872,5
5,30,1372,0.9344242713807931,0.9369722911918208,0.01456773203002926,5
5,66,1372,0.9343661802678196,0.9345318509003471,0.015300675190613518,5
5,32,1372,0.9343074364457116,0.9369740143439358,0.01459654124882697,5
5,63,1372,0.9343061310274425,0.9340313796443518,0.015233898404303498,5
5,55,1372,0.9342480399144689,0.9358733900929197,0.015145300782578057,5
5,59,1372,0.9341886433832265,0.9349342721901523,0.015114230424770721,5
5,65,1372,0.9341860325466882,0.93453463144126,0.015245364118692664,5
5,64,1372,0.9341292468519837,0.934461371368,0.015397008020146308,5
5,79,1372,0.9341259833063111,0.9353366804257753,0.015381813762548852,5
5,77,1372,0.9341259833063111,0.9351418075865687,0.01553995229897093,5
5,29,1372,0.9340698503207413,0.9366248149569604,0.014452921910733921,5
5,13,1372,0.934005884825557,0.9347755463828166,0.01535218296444277,5
5,80,1372,0.934005884825557,0.9357926238646124,0.015360206686989156,5
5,62,1372,0.9339510572582561,0.9339693200598402,0.015323543390167801,5
5,61,1372,0.9339510572582561,0.9342748140431675,0.0152101641624057,5
5,60,1372,0.9338916607270136,0.9345445395659224,0.015231438973290231,5
6,55,1372,0.9338916607270135,0.9350045167472111,0.014723962243133217,5
5,78,1372,0.9338857863448028,0.9350745915998945,0.015465830847110746,5
5,10,1372,0.9338857863448027,0.9325021213046873,0.015570301458799148,5
6,88,1372,0.9337656878640486,0.9354070163621125,0.014091810728563395,5
6,87,1372,0.9336455893832942,0.9355098049966188,0.01409268097562787,5
6,74,1372,0.9335855401429172,0.9345361457264523,0.01454293497312926,5
6,86,1372,0.9335254909025401,0.935605766293578,0.01411846465588003,5
6,36,1372,0.93352549090254,0.9348583751719889,0.014673848736629181,5
6,57,1372,0.9334758850083155,0.9344351977317054,0.014572092785433555,5
6,89,1372,0.9334654416621629,0.9352998676305875,0.014147285076288579,5
6,59,1372,0.9334164884770728,0.9338618058112,0.014601760629995493,5
6,56,1372,0.9334164884770728,0.9346891015850389,0.014686417273206664,5
6,84,1372,0.9334053924217859,0.9358027408561976,0.014241445355468901,5
5,81,1372,0.9334053924217858,0.9356850312908759,0.015328532644448053,5
6,85,1372,0.9333453431814088,0.935675149274579,0.01418702989670716,5
5,82,1372,0.9333453431814087,0.9360010208370864,0.015323396119060745,5
6,83,1372,0.9333453431814087,0.9361603732451914,0.014161753939784855,5
6,58,1372,0.9332382988833452,0.9342443064182195,0.014623929585653365,5
6,73,1372,0.9331051462199003,0.9345387957255384,0.01456142332344038,5
6,60,1372,0.9330007127583749,0.9336706534140603,0.014549459453845956,5
5,15,1372,0.9329850477391461,0.933596009597435,0.01510898608694589,5
6,81,1372,0.9329413162271323,0.9354226030562454,0.01434489964033067,5
5,27,1372,0.9328819196958897,0.9357156955660162,0.014190091377569542,5
6,90,1372,0.9327631266334045,0.9351015223787854,0.014098818244840935,5
6,69,1372,0.9327448507776377,0.9344406935426178,0.014345907884331748,5
6,82,1372,0.932703730102162,0.9357875196791804,0.014361621031344137,5
6,80,1372,0.9325849370396768,0.9350495667316765,0.014286701768941886,5
6,72,1372,0.9325647030565063,0.9344406282717046,0.01450233385107086,5
6,79,1372,0.9325255405084343,0.9350709755912893,0.014289313362125274,5
6,10,1372,0.9324446045757521,0.9324070607463336,0.01545497772661003,5
6,75,1372,0.9324067474459492,0.9345735459598611,0.014650168328068331,5
5,28,1372,0.9324067474459491,0.9359043023975312,0.014296558451807965,5
6,54,1372,0.9324067474459491,0.9349851312859152,0.01468969415229536,5
6,71,1372,0.9323845553353749,0.9346748464175405,0.014477833508076203,5
6,37,1372,0.9323845553353749,0.9344544004344432,0.014774532469538061,5
6,46,1372,0.9323473509147066,0.9354227727606202,0.014149604101814447,5
6,61,1372,0.932324506094998,0.9333839313454425,0.014680054334765569,5
6,40,1372,0.9323245060949978,0.9345575806944302,0.014620667029772164,5
6,78,1372,0.932287954383464,0.9347228466472943,0.014514072870721663,5
6,76,1372,0.932287954383464,0.9345808171396197,0.01465425825503581,5
6,45,1372,0.9322879543834639,0.9349092473219344,0.014189397256037333,5
6,50,1372,0.932214524605829,0.9352525462183339,0.014507558841641156,5
6,33,1372,0.9321691613209788,0.9345870048222151,0.014484816867644182,5
6,49,1372,0.9321548017200191,0.9351383482281558,0.014593879778790914,5
6,48,1372,0.9321548017200191,0.9352473114910748,0.014443652713984121,5
5,16,1372,0.9320843091334895,0.9328627692098828,0.01522604785232637,5
5,25,1372,0.9320843091334894,0.9345063430273693,0.014079996435243039,5
5,9,1372,0.9320843091334894,0.9321885076197265,0.015575275787462064,5
6,77,1372,0.9320503682584937,0.9345108467203979,0.014604288679934106,5
6,12,1372,0.9320242598931123,0.9335532049323925,0.014785572641907383,5
6,70,1372,0.9320242598931123,0.9342943822630209,0.014385361500099648,5
6,68,1372,0.9320242598931123,0.9344456019153097,0.014372483825682517,5
6,53,1372,0.9319909717272511,0.9352735765066486,0.014570002114141173,5
5,26,1372,0.9319909717272511,0.9350684430798473,0.014158729194784178,5
6,52,1372,0.9319909717272511,0.9355034606638314,0.01462615591137555,5
6,34,1372,0.9319315751960084,0.9346602779496578,0.014449661970937812,5
6,38,1372,0.9319315751960084,0.9340971596709302,0.014867347656899737,5
6,43,1372,0.9319315751960084,0.9341733699894783,0.014334128452112767,5
6,63,1372,0.9319041614123581,0.9340473840723306,0.01456304434142639,5
6,13,1372,0.9318441121719809,0.9321432618225205,0.014728834260390724,5
6,67,1372,0.9318441121719809,0.9344766317075655,0.014584636907537633,5
6,66,1372,0.9317840629316039,0.9341188687767449,0.014490928099414147,5
6,51,1372,0.9317367415193502,0.9352860954678488,0.014529488384256734,5
6,32,1372,0.9316939890710383,0.9353732190831265,0.014606051286233688,5
6,47,1372,0.9316939890710382,0.935208645001945,0.014382026867703634,5
6,62,1372,0.9316639644508498,0.9334480012740882,0.014670672968998558,5
6,64,1372,0.9316639644508498,0.9339041535798485,0.01452946404993955,5
6,39,1372,0.931575196008553,0.9340823170652108,0.014905112793787659,5
6,42,1372,0.9315157994773104,0.9343634780520027,0.014496276041155177,5
6,65,1372,0.9314838167297184,0.9338518585239897,0.014513527750464644,5
6,44,1372,0.9312188168210976,0.9344606664421348,0.014313199546122713,5
6,35,1372,0.9312188168210975,0.9342262524835583,0.01462778720108314,5
6,30,1372,0.9311594202898551,0.9355821773854559,0.014301043548481088,5
6,41,1372,0.9311594202898551,0.934249854445863,0.014381911937621356,5
5,23,1372,0.9309433735663244,0.9334295687681289,0.01437233146647149,5
5,24,1372,0.9309433735663244,0.9335872894033977,0.01441196059758935,5
5,22,1372,0.9309218341648848,0.9330468854025518,0.0145010397553594,5
6,31,1372,0.9309218341648847,0.9353364846130349,0.014297701236175207,5
6,11,1372,0.9308624376336422,0.9320777820421441,0.015359410036068668,5
6,28,1372,0.9308030411023996,0.9349436450933243,0.013861182002086022,5
5,17,1372,0.9305830781240617,0.9328965534346859,0.01503036637952522,5
7,49,1372,0.9304228380315337,0.932722632558698,0.014894194449094764,5
7,83,1372,0.9303428811625533,0.9343481132789756,0.013894903644576524,5
5,21,1372,0.9303428811625533,0.9324186136980149,0.014633329935769998,5
6,29,1372,0.930327868852459,0.9351834504293519,0.014076020386114827,5
5,20,1372,0.9302828319221762,0.9321866930883322,0.01459943274084118,5
7,50,1372,0.9301839464882943,0.9330382043710626,0.014944123609688395,5
7,48,1372,0.929945054945055,0.9324940407656018,0.014991850613485819,5
7,81,1372,0.929912093133761,0.9340921860273249,0.014054345546813523,5
7,47,1372,0.9298853320592452,0.9326965633558649,0.014912378702207955,5
6,14,1372,0.9298024379991593,0.9317018476890181,0.01461718599508582,5
6,27,1372,0.9297933000712758,0.9341691795968345,0.013910849269479584,5
6,15,1372,0.9297423887587822,0.9312378628736434,0.014736117417934133,5
6,24,1372,0.929622290278028,0.932694526903365,0.0140179142719243,5
5,19,1372,0.9295021917972737,0.9323053295006253,0.014649632234055823,5
7,51,1372,0.9294672718585762,0.9332145924875789,0.014829550385139247,5
5,18,1372,0.9294421425568967,0.9326157579650095,0.014891576958824374,5
7,84,1372,0.9294421425568967,0.9342399202128354,0.013991187354671916,5
6,25,1372,0.9293775243525779,0.9333024079745391,0.014044130838844877,5
7,80,1372,0.9293220440761425,0.9334925160370635,0.014158133681021997,5
7,78,1372,0.9293181278213353,0.9332285474088752,0.014138246055880979,5
7,45,1372,0.9292881032011466,0.9326763946436077,0.015147947009074582,5
7,82,1372,0.9292019455953883,0.9345263028727036,0.014031908157722154,5
7,79,1372,0.9292019455953882,0.9333438288962167,0.014196713985524727,5
7,46,1372,0.9291089345437171,0.9324857513595931,0.014941556439182938,5
7,85,1372,0.929081847114634,0.9341895963385629,0.01392485740000943,5
7,86,1372,0.9290217978742569,0.9340630490915593,0.01394882977865783,5
6,26,1372,0.9290211451651224,0.9338321205997613,0.013994367116717442,5
6,22,1372,0.9289617486338799,0.9317386213216576,0.01442316638525393,5
7,28,1372,0.9288429555713946,0.9321044125748331,0.014545090110528977,5
7,32,1372,0.9286053694464242,0.931789845934536,0.015103867542620834,5
7,88,1372,0.9286014531916171,0.9339073388004249,0.014064778297832734,5
7,74,1372,0.9285414039512401,0.9327093956174497,0.014724793884218521,5
7,44,1372,0.9284519827998089,0.9319619392249472,0.015160769433625388,5
6,23,1372,0.9283012069897316,0.9317032705949312,0.01448766060319286,5
7,70,1372,0.9283012069897314,0.9325612959148242,0.014470988390775067,5
7,29,1372,0.9282489902589689,0.9325518446865559,0.01491220359496914,5
7,68,1372,0.9282411577493546,0.9321317088708393,0.014497458342788877,5
7,72,1372,0.9282411577493546,0.9324757257472868,0.014595326711823871,5
7,87,1372,0.9282411577493545,0.933823687597743,0.013941428675214092,5
7,73,1372,0.9281210592686003,0.9327000096600951,0.01472350974405576,5
7,75,1372,0.9281210592686002,0.9326615520378884,0.01448164098091911,5
7,52,1372,0.9280936454849499,0.9328175625752247,0.014754189727062019,5
7,31,1372,0.9280708006652412,0.9324354013769554,0.015066962050016022,5
7,63,1372,0.9280610100282233,0.9318010464232845,0.014620804088701929,5
7,71,1372,0.9280610100282232,0.9325039619444466,0.014535935406123062,5
6,16,1372,0.9280009607878461,0.9315345061211063,0.014602782381352361,5
7,89,1372,0.928000960787846,0.933663330017571,0.014120824867431476,5
7,53,1372,0.9279741997133302,0.9324810387996417,0.014902894382646326,5
6,21,1372,0.9279409115474689,0.9313401685033902,0.014783570070413416,5
7,33,1372,0.9278926110715134,0.9316334698800843,0.015129447345383821,5
7,77,1372,0.9278926110715134,0.932828188679935,0.014362927906567336,5
7,30,1372,0.9277738180090283,0.9323128617640378,0.014878201031097592,5
7,76,1372,0.9277607638263377,0.9327089778836037,0.01442107399209097,5
7,67,1372,0.9277607638263377,0.9321839386557847,0.014468009263277829,5
7,54,1372,0.9277353081700908,0.932545722274874,0.014824025765456848,5
6,19,1372,0.9276550249465431,0.9307757056438453,0.014278125302036676,5
7,27,1372,0.9275956284153005,0.9315157342063972,0.01459381287670526,5
7,69,1372,0.9275806161052063,0.9320979246460358,0.01439315236987559,5
7,90,1372,0.9275205668648291,0.9336536960307452,0.014051723327084977,5
7,57,1372,0.9274964166268513,0.9321194379391102,0.014684469281806521,5
7,55,1372,0.9274366937410417,0.9324407144293103,0.014614181410040478,5
7,26,1372,0.9274174388215728,0.9309176307180583,0.014561105206549133,5
6,17,1372,0.927400468384075,0.9314642354556824,0.014451978224391397,5
6,18,1372,0.927400468384075,0.9310201843772764,0.014342170365581839,5
7,56,1372,0.9273769708552317,0.9321770721556893,0.01469225202501586,5
6,9,1372,0.9273580422903301,0.9302942804403959,0.015194890771101975,5
7,64,1372,0.9272203206629437,0.9317049284761328,0.014701084606783278,5
7,65,1372,0.9272203206629436,0.931874502309285,0.014691860882300182,5
7,62,1372,0.9272203206629436,0.9318611348262097,0.014615216671494348,5
7,43,1372,0.9270186335403726,0.9314247334988605,0.015127566978440098,5
7,66,1372,0.9269801237014352,0.9320575872215217,0.014694157915068706,5
7,61,1372,0.9269801237014351,0.9313747620875203,0.014636911833129563,5
7,58,1372,0.926899187768753,0.9318783141306306,0.014688193314831986,5
6,8,1372,0.9268828700403896,0.9297375195486387,0.01510621844309135,5
7,60,1372,0.9268600252206809,0.9313363566820446,0.01467802835443651,5
7,25,1372,0.9268234735091471,0.9304708643696528,0.014433044070550067,5
7,24,1372,0.9266452839154193,0.9300616287964827,0.014348620750284629,5
6,20,1372,0.9266452839154192,0.9307043123187101,0.014544958420452591,5
7,11,1372,0.9265597790187954,0.9303936488790374,0.015018538443007793,5
7,35,1372,0.9264670943216916,0.9319834786263868,0.015708997888421644,5
7,34,1372,0.9264076977904491,0.9313955182379986,0.015372902145826914,5
7,59,1372,0.9263019589106546,0.9315968659518196,0.0146142935800947,5
7,41,1372,0.9263019589106546,0.931532574102068,0.015473918125411235,5
7,42,1372,0.9263019589106545,0.9310868390340948,0.015224188882714354,5
7,39,1372,0.9261701116654787,0.9316850077933471,0.015532626584843801,5
7,40,1372,0.9258731290092659,0.9314431137880888,0.01527473705270614,5
7,36,1372,0.9255167498218104,0.9317636722982411,0.015718024385360036,5
7,23,1372,0.9252791636968402,0.9292512381892283,0.01450386560052783,5
7,12,1372,0.9249384495286135,0.9291514389625581,0.014814309441979052,5
7,15,1372,0.9249227845093847,0.9279438226302089,0.014940978258795227,5
7,13,1372,0.9248183510478593,0.9283981212420271,0.014905990781764529,5
7,38,1372,0.924447612259444,0.9313562643106477,0.015579046421851959,5
7,9,1372,0.9243311036789298,0.9288075787363028,0.015608375957958224,5
7,37,1372,0.9242178586440881,0.9314287150245809,0.015806543587043188,5
7,10,1372,0.9239776616825797,0.9288368723222606,0.01569981324323735,5
7,17,1372,0.9236774154806942,0.9273502097807157,0.014710370867580902,5
7,21,1372,0.9235566642908054,0.9282273464240677,0.014911789185384208,5
7,22,1372,0.9234972677595629,0.9281688114688827,0.014889681677481555,5
7,14,1372,0.9234372185191857,0.9278980938282436,0.015050964578117587,5
7,20,1372,0.9233784746970777,0.9278381620755105,0.015016048811116352,5
7,16,1372,0.9231970215576772,0.9277229197507172,0.014926311474202352,5
7,19,1372,0.9229033024471371,0.9271308472947817,0.014889496743643926,5
7,18,1372,0.9223687336659538,0.9271487837417989,0.014753429557144508,5
7,8,1372,0.921583850931677,0.9268713170887084,0.015524350447682203,5
1,37,1373,0.9824780232834402,0.9792549716854776,0.00909755343038,6
1,38,1373,0.98224043715847,0.9789615136585913,0.009227924617263579,6
1,34,1373,0.98224043715847,0.9795791331500525,0.00889762639542209,6
1,33,1373,0.9818246614397719,0.979407940598247,0.008933780220262874,6
1,23,1373,0.9818246614397719,0.9781855991478229,0.00950181593158753,6
1,35,1373,0.9817652649085293,0.9795318247919816,0.008969447618462639,6
1,22,1373,0.9817058683772868,0.9782689892668509,0.009478927450706262,6
1,36,1373,0.9817058683772868,0.9793126711729705,0.009019404854835357,6
1,31,1373,0.9817058683772868,0.9792270879512504,0.009107908237830548,6
1,46,1373,0.9817058683772868,0.978030802649477,0.009806379508985797,6
1,48,1373,0.9815870753148016,0.9780524725927434,0.009770300904914384,6
1,32,1373,0.9815276787835591,0.9792362780958648,0.009020497447000427,6
1,45,1373,0.981527678783559,0.9779355332242003,0.009865347334461826,6
1,18,1373,0.981527678783559,0.9783962153313542,0.009523279069475804,6
1,17,1373,0.9814682822523164,0.9787851777588057,0.009248189581898958,6
1,39,1373,0.9814088857210739,0.9788179959740901,0.009252958456063812,6
1,51,1373,0.9813847354830962,0.9780379302332259,0.009858393679163812,6
1,52,1373,0.9813847354830961,0.9777422007785513,0.009921598131042781,6
1,42,1373,0.9813494891898313,0.9779877238465977,0.009742262808502104,6
1,16,1373,0.9813494891898313,0.9783889833141437,0.009398736895970077,6
1,29,1373,0.9812900926585888,0.9786181103287305,0.009308703247155459,6
1,40,1373,0.9812900926585887,0.9783481498306874,0.009558653427088167,6
1,30,1373,0.9812646370023419,0.9788477334022594,0.009160641849426665,6
1,49,1373,0.9812646370023419,0.9780759701215866,0.009725880433671478,6
1,47,1373,0.9812306961273461,0.9779569681921784,0.00978702369669219,6
1,43,1373,0.981230696127346,0.9778489578845958,0.009797316668892695,6
1,28,1373,0.9811712995961035,0.9781326252744641,0.009661757480814999,6
1,20,1373,0.9811712995961035,0.9783865552361631,0.00969643217420575,6
1,44,1373,0.9811119030648611,0.9777344204856678,0.009809616476769032,6
1,53,1373,0.9810844892812106,0.9776349215051995,0.009942613316154057,6
1,27,1373,0.9810525065336184,0.9780616105206269,0.009621014151653461,6
1,19,1373,0.9809931100023759,0.9782959069915593,0.009683197620867175,6
1,50,1373,0.9809643908004564,0.9779420080988149,0.00969208791964681,6
1,54,1373,0.9809337134711333,0.9776827781389434,0.009800173716748206,6
1,41,1373,0.9809337134711333,0.978031220383323,0.009646147565765525,6
1,15,1373,0.9809337134711332,0.978544354196528,0.009369640317763276,6
1,26,1373,0.9807555238774055,0.977971380009869,0.009687478087108396,6
1,56,1373,0.9807241938389479,0.9775012466744468,0.009926135466817003,6
1,55,1373,0.9805773342836779,0.9776157840733748,0.009758055080173971,6
1,8,1373,0.9805773342836778,0.9776732485855795,0.009639350105794997,6
1,24,1373,0.9804585412211927,0.977850211086134,0.009668100170346952,6
1,21,1373,0.98039914468995,0.9783032956589622,0.009541044345657035,6
1,14,1373,0.9803397481587075,0.9779426608079494,0.009468988117038552,6
1,58,1373,0.9803038491563082,0.9772508935588051,0.009786953320396601,6
1,57,1373,0.980243799915931,0.9773936279923451,0.009765809017720433,6
1,25,1373,0.9802209550962224,0.9778131633156579,0.009713273163814796,6
1,59,1373,0.9800636521947997,0.9770214271354685,0.009891369101991123,6
1,12,1373,0.9798051793775243,0.9777885431271032,0.009789813074479497,6
1,60,1373,0.97964330751216,0.9767495085100216,0.009906647840519223,6
1,10,1373,0.9796269897837966,0.9774548782175297,0.009740918008475166,6
1,9,1373,0.9795675932525539,0.9773071048694714,0.009958039423545726,6
1,13,1373,0.9795081967213115,0.9775493643918449,0.009640528722846969,6
1,61,1373,0.9794631597910286,0.976735227234158,0.009948894005868786,6
1,64,1373,0.9792830120698973,0.9763754017424722,0.010008427390729257,6
1,63,1373,0.9791629135891431,0.9764134155224675,0.009891445271827963,6
1,66,1373,0.9790924210026135,0.9760441126941483,0.010312232703948038,6
1,65,1373,0.9790428151083889,0.9759795728149256,0.010229477538217195,6
1,62,1373,0.9789827658680118,0.976560980003603,0.009901105259989542,6
1,11,1373,0.9788026181468804,0.9772743910876485,0.009880009475293505,6
1,67,1373,0.9786172487526729,0.9760056811803071,0.010273754086576927,6
1,68,1373,0.9783796626277026,0.976034165406938,0.01030358078709559,6
1,72,1373,0.97832026609646,0.9758313817330211,0.01062469792735699,6
1,73,1373,0.9779638869090045,0.9757049650278445,0.010656500720749707,6
1,74,1373,0.9779638869090044,0.9756792743963093,0.01068495535120275,6
1,69,1373,0.9779044903777618,0.9756765330179443,0.010485805756436673,6
1,70,1373,0.9777856973152768,0.9759106206219537,0.010487524977550787,6
1,71,1373,0.9777856973152766,0.9758795516671497,0.010544339241731718,6
1,75,1373,0.977607507721549,0.9756078158002606,0.010709430402114391,6
1,76,1373,0.977607507721549,0.9756012103838191,0.01072294601912906,6
1,77,1373,0.9773699215965787,0.9754770651064306,0.010742641680768187,6
1,78,1373,0.9770729389403658,0.975443124231435,0.010769137302368365,6
1,79,1373,0.9768353528153956,0.975464898608163,0.010869184949178413,6
1,80,1373,0.976775956284153,0.9755055754414272,0.010900938630916793,6
1,81,1373,0.9767165597529104,0.9754410355622045,0.010964735030272817,6
1,82,1373,0.9766571632216678,0.9753953198144216,0.01092733830688388,6
1,86,1373,0.9766571632216678,0.9754504084653765,0.011032992893486663,6
1,90,1373,0.9766408454933045,0.9751884371271399,0.011070829567850805,6
1,84,1373,0.9765977666904253,0.97553144883152,0.011025173696843676,6
1,85,1373,0.9765977666904253,0.9754693631386434,0.011083122433814175,6
1,87,1373,0.9765977666904253,0.9754651596918168,0.011028143981681539,6
1,83,1373,0.9765383701591828,0.9753716656353862,0.011011282441368096,6
1,88,1373,0.9765383701591827,0.9753246444693346,0.011065753801593685,6
1,89,1373,0.9764606977721733,0.9752200282492512,0.01105028559199426,6
2,32,1373,0.9709962168978562,0.9671695398922769,0.011324857692064025,6
2,30,1373,0.970936167657479,0.9668928695443306,0.011358918592036062,6
2,31,1373,0.9708160691767248,0.9668972296413494,0.011366875256155035,6
2,29,1373,0.9708160691767248,0.9663521391889176,0.011320108296785973,6
2,33,1373,0.9702155767729538,0.9670142995517194,0.011198076343620203,6
2,28,1373,0.9698552813306911,0.9661485983724044,0.011355748889841762,6
2,16,1373,0.9690145919654116,0.966055730916743,0.011114225241544788,6
2,19,1373,0.9688944934846575,0.9652452750385749,0.011576465919845376,6
2,34,1373,0.9688344442442802,0.9667063774904117,0.011224581291116935,6
2,38,1373,0.968816821097648,0.9659166516543566,0.011621370223375496,6
2,52,1373,0.9686980280351628,0.9652843331531856,0.011979989136346136,6
2,53,1373,0.9686980280351627,0.96539007203298,0.011989340961128529,6
2,37,1373,0.968654296523149,0.9663011234429624,0.011633486047743228,6
2,36,1373,0.968654296523149,0.9665351327218754,0.01149881209906474,6
2,20,1373,0.968654296523149,0.9654115853260545,0.011622912476415356,6
2,54,1373,0.9685341980423948,0.9653562878081766,0.011910307451234118,6
2,47,1373,0.9685341980423948,0.9651627987123353,0.012030292937684406,6
2,21,1373,0.9684741488020177,0.9655445291225762,0.011506511251521611,6
2,25,1373,0.9684741488020177,0.9649243510113077,0.01178347071035475,6
2,14,1373,0.9684741488020177,0.9655629616285354,0.01128827702901897,6
2,55,1373,0.9684140995616406,0.9653489774658698,0.011923983394836104,6
2,45,1373,0.9684140995616405,0.9649225234257309,0.01212127088640643,6
2,46,1373,0.9683540503212635,0.964969440158321,0.012179776429181477,6
2,51,1373,0.9682339518405092,0.9651088066127267,0.012081508927276096,6
2,22,1373,0.968173902600132,0.965207130716753,0.011522281863967724,6
2,24,1373,0.9681138533597551,0.9644969831783803,0.011876015583143312,6
2,35,1373,0.9681138533597551,0.9664751095898636,0.01137584820062675,6
2,15,1373,0.968113853359755,0.9654122641435542,0.011377878141360289,6
2,50,1373,0.968113853359755,0.9655110581981572,0.011920357006346591,6
2,13,1373,0.9680538041193778,0.9648361308446838,0.011321227423957275,6
2,39,1373,0.9679852696602518,0.9656426182513138,0.01175909364356545,6
2,49,1373,0.9679337056386237,0.9652842548280894,0.011915304881593437,6
2,17,1373,0.9679337056386236,0.965116143063399,0.01141584913184903,6
2,48,1373,0.9678736563982466,0.9652862390638585,0.011911969038623233,6
2,56,1373,0.9678136071578695,0.9651980450056001,0.011811910259488335,6
2,44,1373,0.9678136071578693,0.9647722697829612,0.012207005423172284,6
2,26,1373,0.9676935086771152,0.9651929538743508,0.011933323510075176,6
2,18,1373,0.967573410196361,0.9649015322999642,0.011615631225164041,6
2,27,1373,0.9675133609559838,0.9654367537902818,0.011813480601666287,6
2,10,1373,0.9675100974103112,0.9649332800722678,0.01123836953075563,6
2,42,1373,0.9675100974103111,0.9646624579981672,0.01218915605012779,6
2,43,1373,0.967391304347826,0.9644808482085745,0.012091985618863835,6
2,8,1373,0.9673332132348527,0.9650499061404264,0.011245605766830483,6
2,57,1373,0.9673332132348526,0.9647087742383537,0.011793792239000322,6
2,41,1373,0.9672131147540983,0.9648649283716995,0.012078677319862195,6
2,40,1373,0.9670943216916131,0.9651897947621396,0.012039222258052068,6
2,58,1373,0.9669729177925899,0.9643773807565682,0.011892815143801997,6
2,12,1373,0.9668528193118356,0.9645931925048105,0.011139862698373542,6
2,9,1373,0.9667973390354003,0.9651449405904146,0.010957430041126186,6
2,23,1373,0.9667927700714587,0.9645961166417333,0.011732894468338,6
2,11,1373,0.966678545972915,0.9648605682746809,0.011358074716960605,6
2,59,1373,0.9661322284273104,0.9639911335991164,0.011955025900161492,6
2,72,1373,0.965952080706179,0.9629667457750137,0.012690430066946009,6
2,60,1373,0.965892031465802,0.9638162858761578,0.012049406130451759,6
2,61,1373,0.9658920314658019,0.9637978533701983,0.012059437467610746,6
2,71,1373,0.9658319822254248,0.9630097201444316,0.012622075020123363,6
2,73,1373,0.9657875980042765,0.9629145812609817,0.012652081722241769,6
2,69,1373,0.9657719329850477,0.9630101900950082,0.01243023246618422,6
2,74,1373,0.9657118837446707,0.9628482137961824,0.012652276251944828,6
2,70,1373,0.9657118837446707,0.9629338753429987,0.012567600535818355,6
2,68,1373,0.9655917852639164,0.9630616496831748,0.012367311912581351,6
2,62,1373,0.9655917852639164,0.963614285453202,0.01199316747325567,6
2,63,1373,0.965351588302408,0.9634930120960057,0.012080542778789151,6
2,67,1373,0.9652915390620309,0.9630426689015427,0.01229347960942236,6
2,75,1373,0.9652530292230933,0.9628333581362806,0.0126202862785081,6
2,65,1373,0.964751095898637,0.9630357501847167,0.012160703461703549,6
2,64,1373,0.9646910466582597,0.9631713048177766,0.012112441736377157,6
2,66,1373,0.9643908004563742,0.9628185024763783,0.01220839711018803,6
2,76,1373,0.9643026847232122,0.962578462165062,0.012736392102368552,6
2,79,1373,0.9643026847232121,0.9627811936222486,0.012768880288070645,6
2,77,1373,0.9642432881919696,0.96254783705247,0.01275631698222203,6
2,80,1373,0.964183891660727,0.9626240473710181,0.012892234513104197,6
2,83,1373,0.964183891660727,0.9625187262250698,0.012922405035988281,6
2,78,1373,0.9640650985982419,0.962711875912161,0.012804471548472642,6
2,81,1373,0.9640057020669993,0.9625665045337175,0.012869615889787628,6
2,82,1373,0.9639463055357567,0.962470895699691,0.01288775650634955,6
2,87,1373,0.9635305298170587,0.9626338902247669,0.012825549414529147,6
2,84,1373,0.9634711332858161,0.9625282296700687,0.01287413283847959,6
2,86,1373,0.9630553575671181,0.9625669222675637,0.012738731071671535,6
2,88,1373,0.963055357567118,0.9626224286523645,0.012670410369424935,6
2,85,1373,0.9629365645046329,0.9623230179181711,0.012833462250628255,6
2,90,1373,0.9626989783796627,0.962395311981912,0.012766318956419475,6
2,89,1373,0.9626989783796625,0.9625554084784305,0.012695967205742925,6
3,32,1373,0.9623491262835524,0.9600589526890312,0.010914455072868215,6
3,31,1373,0.9623425991922072,0.9600202078748051,0.010863822209032892,6
3,33,1373,0.9617486338797814,0.959998642365,0.010944227269447437,6
3,35,1373,0.9615704442860536,0.960044227570956,0.011285169485606083,6
3,52,1373,0.9615110477548111,0.959343505152486,0.01171080106464722,6
3,30,1373,0.9615110477548111,0.9595007297288124,0.011034007353537666,6
3,34,1373,0.9614516512235686,0.9599942039428854,0.011129269562571244,6
3,51,1373,0.9613922546923259,0.9593173184620083,0.011781276664257778,6
3,29,1373,0.9612734616298408,0.9593004002412413,0.011050852957062296,6
3,53,1373,0.9610880922356332,0.9595065780026579,0.011554431485327364,6
3,36,1373,0.9609170824423853,0.9596098626961065,0.011497615224145058,6
3,55,1373,0.9608576859111428,0.9595591602505358,0.011598012194961793,6
3,54,1373,0.9607388928486577,0.9595214858792906,0.011640131554281652,6
3,56,1373,0.960679496317415,0.9592013712113497,0.01156997740778352,6
3,57,1373,0.9605476490722393,0.9588049156830339,0.011658908758692512,6
3,27,1373,0.9603675013511078,0.958664087160167,0.011013275737377618,6
3,45,1373,0.9603231171299597,0.9587617324466932,0.012122796687825461,6
3,28,1373,0.9603231171299595,0.9587643171748661,0.010858971665887961,6
3,37,1373,0.9603231171299595,0.9592615771019193,0.011513519028133962,6
3,44,1373,0.960263720598717,0.9587504014161177,0.011912839672013537,6
3,58,1373,0.9601873536299765,0.958604586195463,0.011719740073716211,6
3,40,1373,0.9601449275362319,0.9586887856738177,0.0118388532607488,6
3,20,1373,0.9600855310049894,0.9583566089410708,0.011480290954298509,6
3,50,1373,0.9600855310049893,0.9593083632926827,0.011845208238500295,6
3,49,1373,0.9599667379425042,0.9597254705380152,0.011806120363082394,6
3,39,1373,0.9599667379425041,0.9590109367942583,0.01163086513243328,6
3,38,1373,0.9599471566684682,0.9592453899153827,0.011548368148643457,6
3,14,1373,0.959887107428091,0.9580126312271716,0.01148538602075017,6
3,26,1373,0.9598270581877139,0.9583199266877099,0.011321577692428713,6
3,19,1373,0.9597291518175338,0.9583491158402064,0.011586591770381145,6
3,46,1373,0.9597291518175338,0.9589527151394579,0.012068644108612553,6
3,43,1373,0.9595509622238061,0.9584255872424084,0.0119965403330503,6
3,48,1373,0.9595509622238061,0.9592693835031683,0.011835244365967869,6
3,24,1373,0.9595268119858283,0.9580120046264022,0.011234529545441643,6
3,25,1373,0.9594915656925636,0.9581784976724392,0.01147965199920176,6
3,47,1373,0.9594915656925636,0.9590685840650204,0.011988788502759013,6
3,60,1373,0.959432169161321,0.9583273153551128,0.011726788843848106,6
3,21,1373,0.9593727726300785,0.9582534808978145,0.0111403049221822,6
3,59,1373,0.9592539795675933,0.958456029596443,0.011754263635046473,6
3,15,1373,0.9592539795675933,0.9590975904589589,0.011463657674903979,6
3,22,1373,0.9591351865051082,0.9575264673554053,0.011274708618924625,6
3,18,1373,0.9589863688224344,0.9580697824389912,0.011787746031999651,6
3,41,1373,0.9588976003801377,0.9581087100117749,0.01176543482616091,6
3,42,1373,0.9587788073176526,0.9579218785491059,0.011793279552795827,6
3,12,1373,0.9587788073176526,0.957466052597913,0.011291562077435615,6
3,61,1373,0.9586600142551676,0.958287265122618,0.011828094337235305,6
3,13,1373,0.9586260733801718,0.9582837927100222,0.011516343551890358,6
3,11,1373,0.9583630315989545,0.9575298875512703,0.011432362595478168,6
3,90,1373,0.9583036350677121,0.9572637910913037,0.012276135846783205,6
3,17,1373,0.958265777937909,0.9578474174910383,0.011615140939033061,6
3,16,1373,0.958265777937909,0.9577657244157599,0.011405484427791794,6
3,70,1373,0.9582442385364695,0.9577334544761488,0.012160404940382,6
3,71,1373,0.9581848420052268,0.9576917071999038,0.012082434036475189,6
3,62,1373,0.9581254454739843,0.958015529255729,0.011900224738509874,6
3,72,1373,0.9580660489427417,0.9574271772418601,0.012035693452783021,6
3,23,1373,0.9579655317360236,0.9573273127442764,0.011362582348432165,6
3,86,1373,0.9579472558802566,0.9576347387466417,0.012251325861567394,6
3,88,1373,0.9579472558802566,0.9573928186330183,0.012268808317528516,6
3,80,1373,0.9579472558802566,0.9572207122884244,0.012000180529548621,6
3,89,1373,0.9579472558802565,0.9573233964894692,0.012259215363220083,6
3,8,1373,0.9579054824956464,0.9580798080512976,0.011587472485004056,6
3,74,1373,0.9578878593490139,0.9575378767110772,0.01162886507258749,6
3,81,1373,0.9578878593490139,0.9573690078037904,0.012089284614936356,6
3,87,1373,0.9578284628177713,0.9575154496252144,0.012245880689021792,6
3,69,1373,0.9578284628177713,0.9575518707949214,0.012226798615632903,6
3,82,1373,0.9577690662865289,0.9573354846626407,0.012177000558392746,6
3,75,1373,0.9577690662865288,0.9572518595683244,0.011659603175085773,6
3,63,1373,0.9577253347745152,0.9575626013330931,0.011985861366884804,6
3,85,1373,0.9577096697552863,0.9574740417577194,0.012276291399128045,6
3,84,1373,0.9577096697552863,0.957197136434485,0.012254372610880351,6
3,83,1373,0.9577096697552863,0.9572590393688042,0.01224781457461283,6
3,76,1373,0.9577096697552863,0.9572653314848609,0.01166972499782547,6
3,73,1373,0.9576502732240437,0.9572941551202421,0.011932693739200986,6
3,77,1373,0.9576502732240437,0.9573944895684027,0.011740938188450225,6
3,64,1373,0.9575908766928012,0.957331803383122,0.011992956869204893,6
3,79,1373,0.9575314801615585,0.9574019565609018,0.011805937324981742,6
3,68,1373,0.9574126870990735,0.9575678752229002,0.012094712101534498,6
3,78,1373,0.9574126870990733,0.9574063949830165,0.011721429625572266,6
3,10,1373,0.9572449408514982,0.9582647074949284,0.011539925392063418,6
3,66,1373,0.9572344975053456,0.9573960299619602,0.012016323039437768,6
3,67,1373,0.9571751009741031,0.9575128387886764,0.012062593044100942,6
3,65,1373,0.9569969113803753,0.9571360167511272,0.012016416058439169,6
3,9,1373,0.9568187217866478,0.9581444784723473,0.011702174148252505,6
4,31,1373,0.9502191797273765,0.9487399580699651,0.011433330433625823,6
4,30,1373,0.9497988350447367,0.9485426049360476,0.01146047866675792,6
4,88,1373,0.9494535519125683,0.9475377983859807,0.012909485146068695,6
4,87,1373,0.9490377761938702,0.9476478712544285,0.01286730372182327,6
4,53,1373,0.9490181949198342,0.948687506363914,0.012182458871175458,6
4,52,1373,0.9487779979583257,0.9483818296220292,0.01204464366552375,6
4,29,1373,0.9487779979583257,0.9477836347544116,0.011407160912162907,6
4,54,1373,0.9487179487179487,0.9485417694683553,0.012128334773009872,6
4,85,1373,0.9486813970064147,0.9478248598633489,0.012888157372407397,6
4,86,1373,0.9486220004751722,0.9477343160522063,0.01278989159773735,6
4,90,1373,0.9486220004751722,0.9472375260757299,0.012961336813474276,6
4,51,1373,0.9484777517564402,0.9483981734587579,0.012125477236227712,6
4,89,1373,0.9484438108814445,0.9473831585378271,0.01303853377220577,6
4,84,1373,0.9483844143502018,0.9473470767768701,0.012966226930584301,6
4,32,1373,0.948297604035309,0.9484906231805732,0.011525445822319482,6
4,55,1373,0.9482976040353089,0.9481600912748454,0.012119861359141669,6
4,70,1373,0.9482976040353089,0.9468652730021225,0.01272307696023911,6
4,57,1373,0.9482976040353089,0.9476088131398182,0.012142180926931978,6
4,33,1373,0.9482375547949318,0.948530856171626,0.011575742241330966,6
4,83,1373,0.9481468282252317,0.9470727822901737,0.013065132498934304,6
4,9,1373,0.9481174563141777,0.9475423934582881,0.012188141418427605,6
4,69,1373,0.9480574070738005,0.9468500518251052,0.012789134268532287,6
4,71,1373,0.9480280351627465,0.946639096232824,0.012679092217168952,6
4,34,1373,0.9479373085930464,0.9485001005172067,0.011844076726230182,6
4,50,1373,0.9479092421002613,0.9483739971124149,0.012046820364613454,6
4,58,1373,0.947817210112292,0.9473075487116828,0.012210770560214258,6
4,81,1373,0.9477904490377761,0.9470175892057574,0.012809026970273316,6
4,82,1373,0.9477904490377761,0.9467291962017549,0.013080144377969144,6
4,67,1373,0.947757160871915,0.9466558839117641,0.0127929013793978,6
4,60,1373,0.9476971116315379,0.9471895650085245,0.012355617395813806,6
4,59,1373,0.9476370623911609,0.9471079241499768,0.012248503172922904,6
4,68,1373,0.9476370623911607,0.946668259276955,0.012718775769632443,6
4,28,1373,0.9476370623911607,0.9475495471504024,0.011479280453872415,6
4,35,1373,0.9475770131507837,0.9483595330779935,0.011958207335652825,6
4,61,1373,0.9475770131507837,0.9468961069816381,0.012390526888959651,6
4,66,1373,0.9475770131507836,0.9465719977337939,0.012782427432821342,6
4,14,1373,0.9475528629128058,0.9480541696364934,0.012168232440583623,6
4,65,1373,0.9475169639104065,0.9464739086050561,0.012693399010013658,6
4,12,1373,0.9474934663815634,0.9478526130557491,0.012272466952679029,6
4,18,1373,0.9474569146700296,0.9467915429782857,0.012308352290020832,6
4,48,1373,0.9474569146700293,0.9484597892010579,0.012173212472870112,6
4,49,1373,0.9473968654296524,0.948243664152431,0.012088190972157381,6
4,56,1373,0.9473968654296523,0.947838018479501,0.012012681936557834,6
4,38,1373,0.9473368161892752,0.9479146726402606,0.012114557516837621,6
4,72,1373,0.9471964837253504,0.946458217477462,0.012604804255224903,6
4,37,1373,0.947156668468144,0.9478569470444026,0.012229614963997616,6
4,45,1373,0.9471566684681438,0.9480359198890917,0.012446257614322128,6
4,8,1373,0.9471370871941078,0.9479633386333316,0.012516742660260434,6
4,80,1373,0.9470776906628653,0.9466476336683036,0.012836238514823378,6
4,64,1373,0.9470365699873897,0.9460280821578043,0.012648128654214049,6
4,62,1373,0.9470365699873896,0.9465909001903299,0.012538651604440228,6
4,10,1373,0.9470182941316228,0.9472254640109238,0.012083919786413088,6
4,36,1373,0.9469765207470126,0.9480858390837008,0.012090895376992775,6
4,79,1373,0.9469588976003802,0.9466218908200377,0.012786908761277796,6
4,73,1373,0.9469588976003801,0.9466038499395591,0.012581966380108955,6
4,63,1373,0.9469164715066355,0.9462885392108485,0.012599099320963881,6
4,13,1373,0.9468995010691376,0.9471625167419893,0.01226240182306164,6
4,19,1373,0.9468401045378949,0.9468809902380823,0.012274722376812082,6
4,74,1373,0.9467213114754098,0.9463297382114203,0.01248842726279104,6
4,17,1373,0.946676274545127,0.9465534085776425,0.01239025046110367,6
4,44,1373,0.9466762745451269,0.9478919844707441,0.012419647818393857,6
4,47,1373,0.9466162253047499,0.9479872016792901,0.012070727053938824,6
4,27,1373,0.9465561760643728,0.9467351489090621,0.011247652959404658,6
4,42,1373,0.9465431218816821,0.9475723397533804,0.012465709781773077,6
4,39,1373,0.9464961268239958,0.9474970432276207,0.01216125324410312,6
4,15,1373,0.9464360775836186,0.9466425425370543,0.012001856790058463,6
4,78,1373,0.946424328819197,0.9467167164031028,0.012837778409343232,6
4,26,1373,0.9463159791028644,0.9466293839209021,0.011381289209081243,6
4,46,1373,0.9463159791028642,0.9479068662390117,0.012331903981427637,6
4,43,1373,0.9463055357567118,0.9477036909396139,0.012487647638489899,6
4,75,1373,0.9461867426942265,0.9463677519914154,0.01255926415417897,6
4,16,1373,0.9460757821413559,0.9466593302159945,0.012149128767770996,6
4,76,1373,0.9460679496317415,0.94662786963571,0.012744495544199052,6
4,77,1373,0.9460085531004989,0.9466377124894588,0.012835716496820661,6
4,11,1373,0.9458897600380138,0.9468684321143337,0.011950621429872849,6
4,24,1373,0.9455333808505584,0.9460842934684702,0.011613446085492836,6
4,40,1373,0.9453551912568307,0.9468598685704886,0.012152935260633822,6
4,41,1373,0.9452350927760764,0.9468423759656832,0.012157406694660047,6
4,20,1373,0.9451176051318603,0.9464538834888085,0.011969630228138621,6
4,25,1373,0.9448147480934367,0.9461882308710534,0.011450098459426348,6
5,53,1373,0.9439890710382512,0.9423869311966248,0.013456594322250397,6
5,88,1373,0.9439890710382512,0.9418308491223674,0.013708094182152648,6
5,29,1373,0.9438539602474029,0.9429490181949198,0.012699033394176122,6
5,30,1373,0.9437939110070257,0.9432704121727643,0.012885314051862218,6
4,23,1373,0.9437514849132811,0.9457318827525527,0.011720706579489803,6
5,33,1373,0.9437338617666486,0.942733989697639,0.013255113487025731,6
5,87,1373,0.9436326918507959,0.9418620747273633,0.01369568759331643,6
5,89,1373,0.9436326918507959,0.9416330782546035,0.013652687144759526,6
4,22,1373,0.9435732953195534,0.9454280335962446,0.011935278752082945,6
5,34,1373,0.9434936648051402,0.9424596952109425,0.013363848372264198,6
5,86,1373,0.9433951057258256,0.9419889352747515,0.013668070284891736,6
5,90,1373,0.9433735663243861,0.9418770609290923,0.013615379332081942,6
5,52,1373,0.943335709194583,0.9423150026499989,0.013429186259683356,6
5,55,1373,0.9432763126633404,0.9414569773301064,0.013444423309692017,6
5,35,1373,0.9432763126633404,0.9421445933491549,0.013410612440686372,6
5,54,1373,0.9432169161320978,0.9419100880112997,0.013394182854168117,6
5,32,1373,0.9431333693628776,0.9429775285299163,0.01316015683667244,6
4,21,1373,0.9430981230696127,0.9457811492380275,0.012009096878783427,6
5,84,1373,0.9430981230696127,0.9421134721776205,0.01362751320589936,6
5,50,1373,0.9428605369446424,0.9419258052472591,0.013386205493894526,6
5,8,1373,0.9427730739206147,0.9418981303799551,0.013700054218816963,6
5,36,1373,0.9427417438821573,0.94203744461763,0.013389665604202928,6
5,51,1373,0.9427417438821573,0.9421337061607911,0.013451755587636855,6
6,89,1373,0.9426823473509147,0.941629266433258,0.0133447602300255,6
5,11,1373,0.9425635542884296,0.9418545294097682,0.013684298779259316,6
6,88,1373,0.9425041577571869,0.9414928502241403,0.013381682141020255,6
5,85,1373,0.9424447612259443,0.9420350948647456,0.013577303450962558,6
5,31,1373,0.9424127784783523,0.9431419329067225,0.01301896020241726,6
5,47,1373,0.9423853646947018,0.9422334401165477,0.013570005374547186,6
6,90,1373,0.9423259681634593,0.9413524655434847,0.013391033505525375,6
5,83,1373,0.9422665716322167,0.9418382638981356,0.013724473536995409,6
6,87,1373,0.9422665716322167,0.9415530300063444,0.013309368337202313,6
5,56,1373,0.9422665716322166,0.9411373587211078,0.01345348957980875,6
5,28,1373,0.9422665716322166,0.9423660183959542,0.012744966611348328,6
5,13,1373,0.9421125322764667,0.9426734182899543,0.013329838365672031,6
6,86,1373,0.9419101924447613,0.9415960304841273,0.013279639483842257,6
5,48,1373,0.9419101924447613,0.9417791023421813,0.013579711371473827,6
5,82,1373,0.9418507959135187,0.941535615726635,0.013834242756145658,6
5,49,1373,0.9417320028510335,0.9418257057743871,0.013432055445007083,6
5,37,1373,0.9416726063197909,0.9419545505575442,0.013567702416100466,6
5,9,1373,0.9416321383534498,0.9410398700847739,0.013771669312652291,6
5,45,1373,0.9414944167260632,0.9418472190674614,0.013705028828341759,6
5,46,1373,0.9414944167260632,0.941853981134095,0.013542830608447277,6
6,85,1373,0.941494416726063,0.9417324205848797,0.01318994633003791,6
5,12,1373,0.9414519906323187,0.9412459956294598,0.013742482729943887,6
5,81,1373,0.9414350201948206,0.9413543975625229,0.013746595176629984,6
5,44,1373,0.9414350201948206,0.9419643150861968,0.013819347492471783,6
5,57,1373,0.941375623663578,0.9409338440129601,0.01352227091186521,6
6,43,1373,0.941271842911187,0.9410321681169863,0.013033062099679577,6
5,58,1373,0.9412568306010929,0.9407674554003849,0.013488476880335802,6
6,46,1373,0.9411517444304329,0.9412632271506115,0.012974807308882789,6
6,84,1373,0.9411380375386076,0.9417330732940141,0.013059501225689524,6
5,80,1373,0.9410192444761225,0.941397398040306,0.013655581191745909,6
5,14,1373,0.9409715967093017,0.9408502972437398,0.01336230360206312,6
6,48,1373,0.94095984794488,0.9412509040021513,0.012890675488156342,6
6,83,1373,0.94095984794488,0.9416632595249843,0.013109430596336357,6
6,44,1373,0.9409004514136374,0.9409440523838242,0.013047164051442002,6
5,25,1373,0.9408514982285473,0.9411174119299563,0.012560825560977366,6
6,47,1373,0.9408410548823949,0.9410353533375628,0.012856746861392548,6
5,41,1373,0.9408410548823949,0.9415349108007698,0.013873632934907842,6
6,29,1373,0.9408410548823948,0.9421361603471368,0.012462534659722052,6
6,42,1373,0.9407914489881702,0.9407909790375935,0.01319480115146002,6
5,70,1373,0.9407816583511522,0.9406122933849236,0.013410014209001345,6
5,43,1373,0.9407816583511522,0.9419094875188959,0.013885510985195658,6
5,38,1373,0.9407222618199098,0.9415682772917271,0.013563552806788871,6
5,42,1373,0.9407222618199097,0.9418023387873709,0.013894527736313046,6
5,26,1373,0.9407222618199097,0.941193726681966,0.012517170538979579,6
6,41,1373,0.9407222618199097,0.940576524924351,0.013230189732018604,6
5,69,1373,0.9406628652886672,0.9406803317851073,0.013559813954215736,6
6,49,1373,0.9406628652886672,0.9412223936671549,0.012895838311316304,6
6,80,1373,0.940662865288667,0.9409552267642074,0.013247372299170727,6
6,82,1373,0.940662865288667,0.9412815291147436,0.013203906266514026,6
6,81,1373,0.940662865288667,0.941128951827455,0.013257623668521682,6
5,79,1373,0.9406034687574245,0.9409875489205494,0.013657504976816946,6
6,52,1373,0.940544072226182,0.9416340181557574,0.012848771918007127,6
5,10,1373,0.940544072226182,0.9405385372527211,0.013586667488055778,6
5,59,1373,0.940544072226182,0.9407863056401902,0.013516043618491071,6
5,40,1373,0.9404846756949394,0.9411438074873569,0.013602037168944868,6
5,78,1373,0.9404252791636968,0.9407437751129839,0.013644938095283592,6
6,51,1373,0.9404252791636968,0.9415262950401937,0.012862790008380377,6
6,40,1373,0.9403711043055305,0.9404379417209069,0.013298652256928743,6
6,53,1373,0.9403658826324542,0.9413309000336798,0.01299215615394999,6
6,54,1373,0.9403658826324542,0.9410112814246813,0.012754964418156082,6
5,71,1373,0.9403658826324542,0.9404815687994591,0.01329929780472044,6
6,28,1373,0.9403110550651534,0.9416857910443085,0.012411224247914686,6
5,68,1373,0.9403064861012117,0.9406229194896336,0.013677020085254992,6
6,79,1373,0.9402470895699692,0.9409915957171836,0.013037915363947262,6
5,73,1373,0.9402470895699692,0.9405736007874284,0.013289067901454283,6
6,55,1373,0.940247089569969,0.9408017095757653,0.012839482093508808,6
6,45,1373,0.940247089569969,0.9410605479101558,0.012921975042064979,6
5,39,1373,0.9401876930387265,0.9410438385563117,0.013609618843909979,6
5,64,1373,0.9401876930387265,0.9403170338808258,0.013776412878232865,6
6,50,1373,0.940128296507484,0.9411989222466771,0.012847568408313517,6
6,68,1373,0.940128296507484,0.9397300395019568,0.012969244951927215,6
6,30,1373,0.940070858103645,0.941956874202063,0.012695910801083102,6
6,67,1373,0.9400688999762414,0.9398485192640574,0.0130020028299058,6
6,66,1373,0.9400688999762414,0.9397943182975257,0.013013029935565894,6
6,69,1373,0.9400095034449988,0.9396419237687949,0.012884921187012382,6
5,60,1373,0.9400095034449987,0.9405291643495493,0.013513515278548235,6
6,56,1373,0.9399501069137562,0.9404774697860939,0.012917936054852355,6
6,36,1373,0.9399501069137561,0.9409246799767114,0.013034725345571362,6
5,62,1373,0.9398907103825136,0.9400312517133615,0.01356990587419149,6
5,72,1373,0.9398907103825136,0.9406830470551069,0.013277513949247918,6
6,31,1373,0.9398907103825136,0.9418210584853494,0.012776129987986962,6
5,67,1373,0.939831313851271,0.9405133426801281,0.013733835418110851,6
6,32,1373,0.9398306611421365,0.9416117216117216,0.012661643204543719,6
5,74,1373,0.9397719173200284,0.94049739046888,0.013357830598957841,6
5,23,1373,0.9397719173200284,0.9402885496541947,0.013220702726015983,6
5,24,1373,0.939712520788786,0.9404088831102372,0.013027901266388692,6
5,63,1373,0.939712520788786,0.9399548325278902,0.01368889110577475,6
5,65,1373,0.9397125207887859,0.9404170811369671,0.01386573991943559,6
6,37,1373,0.9397105626613823,0.9405953229474256,0.013194580150412255,6
5,77,1373,0.9396531242575434,0.9408773977270057,0.013492552388054104,6
5,76,1373,0.9395937277263009,0.9408987021531569,0.013448928364488676,6
6,57,1373,0.9395937277263008,0.9402100940162238,0.012953634937844606,6
6,58,1373,0.9395937277263008,0.9400165788120173,0.012991921376298997,6
6,63,1373,0.9395937277263008,0.9396926262143654,0.01309053892011831,6
5,61,1373,0.9395937277263008,0.9402557314389104,0.013575017010787208,6
6,65,1373,0.9395937277263008,0.9397626227419528,0.013023081929698326,6
6,27,1373,0.9395904641806281,0.9410965513460168,0.012278593725669121,6
6,26,1373,0.9395904641806281,0.9407507721549061,0.01234157222415375,6
5,75,1373,0.9395343311950581,0.9408147376500905,0.0134190801824462,6
5,21,1373,0.9395343311950581,0.9396252927400468,0.013785016524446407,6
6,70,1373,0.9395343311950581,0.9394729243196812,0.012695542203780358,6
6,59,1373,0.9394155381325731,0.93974771486532,0.012881937066337074,6
6,39,1373,0.9394155381325731,0.9400095295533641,0.013071932595278089,6
6,38,1373,0.939296745070088,0.9400258733900928,0.013021083603838739,6
5,66,1373,0.939296745070088,0.9404651988543651,0.01377877074304578,6
6,64,1373,0.939296745070088,0.9397666173218562,0.013089888407494319,6
6,61,1373,0.9392967450700879,0.9394518287604531,0.013032624280339739,6
6,33,1373,0.9392373485388453,0.9412537759223432,0.01282920441020969,6
6,60,1373,0.9392373485388452,0.9394782765345845,0.012889040564232897,6
5,18,1373,0.9391779520076028,0.9407669854498079,0.013736950492073812,6
6,34,1373,0.9391779520076027,0.9409695602568019,0.012850362854170384,6
6,71,1373,0.9390591589451176,0.9396830705526358,0.012739518139619325,6
6,72,1373,0.9390591589451176,0.9396405139170642,0.012771514349290613,6
5,15,1373,0.9390591589451176,0.9405644628595448,0.013644302588508883,6
6,78,1373,0.9390591589451176,0.9405238643513768,0.013023169707552342,6
6,62,1373,0.9389997624138751,0.9394013873985364,0.01302820650243567,6
7,88,1373,0.9389997624138751,0.9407747657426917,0.01422911831496469,6
6,77,1373,0.9389403658826325,0.940402147151969,0.012979862832372116,6
5,22,1373,0.9389403658826324,0.939742780384263,0.013368780961175358,6
6,12,1373,0.9389299225364799,0.9404906806189771,0.013322278159967922,6
7,84,1373,0.93888096935139,0.9406837519809723,0.014181392418902693,6
6,35,1373,0.9388698732961027,0.9408456760630673,0.012796383016985675,6
5,19,1373,0.9388215728201473,0.9402595954769868,0.013546978170498833,6
7,83,1373,0.9387621762889048,0.9406700711975123,0.014158207915804303,6
6,74,1373,0.9387027797576621,0.9401364684258483,0.012851401732891553,6
5,20,1373,0.9387027797576621,0.9398297734577136,0.013594389096567554,6
6,76,1373,0.9387027797576621,0.940395097893316,0.012943534133987942,6
7,90,1373,0.9387027797576621,0.940540782572144,0.014076792510487122,6
6,25,1373,0.9387027797576621,0.9401836462420924,0.012043056197390222,6
5,16,1373,0.9386897255749714,0.9405896835405031,0.013727388722874458,6
6,75,1373,0.9386433832264196,0.9403277383106321,0.012955255357795039,6
5,17,1373,0.9385839866951771,0.9407489445693296,0.013690319060016389,6
7,86,1373,0.938583986695177,0.9406436756401118,0.014214309948678533,6
6,10,1373,0.9385696270942172,0.9400478827421094,0.013708101558882226,6
6,73,1373,0.9385245901639344,0.9396952370509035,0.012829222543496594,6
7,85,1373,0.9384651936326919,0.9407339061508698,0.014124813741596902,6
7,75,1373,0.9384651936326919,0.9388612053187962,0.014160930154491125,6
6,9,1373,0.9384651936326919,0.9387894334223629,0.013477225780678524,6
7,82,1373,0.9384057971014493,0.9405240993266653,0.014216520676906116,6
6,24,1373,0.9383464005702067,0.9399231108639519,0.012108842829637012,6
7,87,1373,0.9382870040389641,0.9405095569671478,0.014281448635163464,6
7,78,1373,0.9382870040389641,0.9396727316399448,0.014063888963085419,6
7,30,1373,0.9382870040389641,0.9384904143136502,0.013450583797901147,6
6,11,1373,0.9382693808923317,0.9395480903036142,0.01366949104052292,6
7,89,1373,0.9382276075077216,0.9406078549628087,0.014115632118014386,6
7,74,1373,0.9382276075077216,0.9387634817071738,0.014109557870716443,6
6,13,1373,0.9381492824115774,0.9391259963604938,0.012995433447573134,6
7,79,1373,0.9381088144452364,0.9396862035564816,0.014246354961494633,6
7,81,1373,0.9381088144452364,0.9400827896266243,0.01424430859964295,6
7,77,1373,0.9380494179139938,0.9391093914401112,0.01410625266686659,6
7,29,1373,0.9379900213827512,0.9385444847383551,0.013415284221167527,6
7,73,1373,0.9379306248515087,0.9385125280991282,0.014098000949301444,6
7,45,1373,0.9379306248515087,0.9382154410094539,0.013862654519631302,6
7,76,1373,0.9378712283202661,0.93883715951428,0.014161075465653535,6
6,22,1373,0.9377524352577811,0.9391364919233771,0.012783530043241127,6
7,80,1373,0.9377524352577808,0.9399275231777015,0.01426518736675371,6
7,43,1373,0.9376088392481835,0.9377657505241254,0.013895702383374642,6
5,27,1373,0.9376088392481834,0.9397657557457983,0.01363671905125856,6
6,20,1373,0.9375742456640532,0.9382540552818529,0.013362218916227553,6
6,18,1373,0.9375148491328106,0.9387017876397776,0.013187002703608924,6
6,23,1373,0.9374554526015682,0.93924964557894,0.012632176821761877,6
7,46,1373,0.937455452601568,0.9381822572770541,0.013845158623846247,6
7,28,1373,0.9373960560703254,0.9386524689375723,0.013371947646640493,6
7,42,1373,0.937368642286675,0.937732932308841,0.014072469218919461,6
7,47,1373,0.937336659539083,0.9384104182821218,0.01388993942440704,6
7,44,1373,0.9373366595390829,0.9378001352413327,0.013748907911012563,6
6,17,1373,0.9373366595390829,0.9390069161059895,0.01333268330920866,6
6,21,1373,0.9372772630078403,0.9385479832593162,0.013080436904702718,6
7,72,1373,0.9372178664765978,0.938118709515716,0.014005450502223465,6
7,27,1373,0.9372178664765978,0.9382173991368574,0.013037061814690535,6
7,48,1373,0.9372178664765978,0.9385655541892178,0.01375114255111474,6
6,16,1373,0.9371584699453552,0.9392528569078817,0.013271444135071147,6
6,19,1373,0.9371584699453552,0.9383854847931825,0.013073239847762621,6
6,8,1373,0.9370990734141126,0.9387057038945847,0.013704906524562537,6
7,50,1373,0.9370990734141126,0.9390061067466626,0.013710901301603498,6
7,70,1373,0.9370990734141126,0.938087901644566,0.013887761605585093,6
7,41,1373,0.9370683960847895,0.9375776658599182,0.014170674363284617,6
6,14,1373,0.9370083468444125,0.9388287265122619,0.013158025402828942,6
7,71,1373,0.9369802803516274,0.9380449272751483,0.013879686650948032,6
7,40,1373,0.9369802803516274,0.937384933906673,0.014142932712346488,6
7,31,1373,0.9369208838203849,0.9382341345990669,0.013726533514590342,6
7,49,1373,0.9368614872891423,0.9386091029426739,0.01368487096845161,6
7,52,1373,0.9368020907578998,0.9386173792944998,0.013741633472327808,6
7,51,1373,0.9368020907578998,0.9389755077424357,0.013685285747696313,6
7,66,1373,0.9367426942266572,0.9381414760103284,0.014174743253667368,6
7,39,1373,0.9367426942266571,0.9372938418198575,0.014154291027838883,6
7,33,1373,0.9367426942266571,0.937806662332678,0.013838357843742632,6
6,15,1373,0.9366480514021498,0.9389280949509032,0.013346971666270982,6
7,35,1373,0.936623901164172,0.9375159979008875,0.01401997318864442,6
7,32,1373,0.9365645046329294,0.9380522376174549,0.013771885624308207,6
7,53,1373,0.9365051081016869,0.9383282813646321,0.013667438222220595,6
7,34,1373,0.9365051081016869,0.9376348953968342,0.013847003236239613,6
7,69,1373,0.9363863150392017,0.9379039421020888,0.013949003397855554,6
7,68,1373,0.9362675219767166,0.9379775676924643,0.01406925480057763,6
7,64,1373,0.9362675219767166,0.9378959790506475,0.014128543068247925,6
7,63,1373,0.9362081254454739,0.9378641790616132,0.014178885015742488,6
7,9,1373,0.9362081254454739,0.9364865972706314,0.014665688502387478,6
7,67,1373,0.9361487289142314,0.9379843036507327,0.014029334427049449,6
7,26,1373,0.9360893323829887,0.9377066150765367,0.013064365113615946,6
7,54,1373,0.9360299358517462,0.938309796641942,0.013784585948470174,6
7,65,1373,0.9359705393205038,0.9378935248643018,0.01407161397974041,6
7,55,1373,0.9359705393205036,0.9380205159535169,0.013888198650635859,6
7,36,1373,0.9359274605176244,0.9372701354240912,0.014134792754984022,6
7,56,1373,0.9358517462580185,0.9378916972787252,0.013909920453372429,6
7,38,1373,0.9358073620368702,0.9367043671462774,0.01402222140676789,6
7,62,1373,0.9357923497267759,0.937779822933066,0.014197207497798878,6
7,37,1373,0.9357473127964931,0.9367979134194386,0.014041181440646769,6
7,11,1373,0.9357329531955334,0.9371223881843982,0.014367641329583942,6
7,57,1373,0.9356735566642909,0.9377248909323036,0.014041686164537735,6
7,10,1373,0.9355547636018057,0.9361754116636511,0.014629914800243334,6
7,58,1373,0.9353765740080779,0.9375295481425203,0.01390786927519299,6
7,25,1373,0.9353765740080778,0.9373044679245678,0.013045570983121818,6
7,60,1373,0.9351983844143501,0.9374816915087765,0.01401486455983722,6
7,61,1373,0.9350201948206224,0.9373454319498512,0.014096335535494952,6
7,59,1373,0.93496079828938,0.9374223210858991,0.013885302825609928,6
7,23,1373,0.934663815633167,0.9365636430568718,0.01280358850077193,6
7,19,1373,0.9343668329769541,0.9351943898344469,0.014118580241904637,6
7,8,1373,0.934366832976954,0.9350655189429246,0.01406422748236511,6
7,24,1373,0.9343074364457116,0.9366186011659997,0.012822751229777683,6
7,22,1373,0.9343074364457116,0.935975291043003,0.013343338993064367,6
7,12,1373,0.9341886433832264,0.9357559546654344,0.013975742069224799,6
7,15,1373,0.9340698503207413,0.935711361577363,0.014204666063775262,6
7,21,1373,0.9340104537894987,0.9358724501917659,0.013456475074927652,6
7,20,1373,0.9339510572582561,0.9353522149031772,0.013649013031263414,6
7,17,1373,0.9338857863448028,0.9352467893237671,0.013992954212199987,6
7,18,1373,0.9337728676645283,0.9352993715716454,0.0139371506225572,6
7,14,1373,0.9337134711332857,0.9355847621136287,0.014197745365863618,6
7,13,1373,0.9336455893832942,0.9355689143358424,0.013982792345157015,6
7,16,1373,0.9328225231646472,0.9354091311397084,0.014241915005820005,6
1,37,1373,0.980814920408648,0.9790054279291627,0.00855188767403034,7
1,34,1373,0.9807241938389479,0.9794213864064184,0.008279847734810724,7
1,36,1373,0.98039914468995,0.9790009111819518,0.008522290682170718,7
1,38,1373,0.9803397481587075,0.9786591787874752,0.008763647899875703,7
1,35,1373,0.9803397481587074,0.9791491805889525,0.008397030742031481,7
1,33,1373,0.9799435537140455,0.979194739686543,0.008292293011453513,7
1,39,1373,0.9795081967213115,0.9784566300888469,0.008782722934914174,7
1,51,1373,0.9793300071275838,0.9780717144580295,0.008626001583744958,7
1,50,1373,0.9793300071275838,0.9778183849887343,0.008698413532150676,7
1,44,1373,0.9793300071275837,0.9779999947783269,0.008916210827218546,7
1,40,1373,0.9792706105963411,0.9781919173722453,0.008865560607300486,7
1,32,1373,0.9792229628295201,0.978927128941384,0.008298155760594233,7
1,42,1373,0.979151817533856,0.9781129395669668,0.008949500666959508,7
1,45,1373,0.9791518175338559,0.9779380918440077,0.00882997312624185,7
1,10,1373,0.979102864348766,0.9783863724776054,0.008210464284654356,7
1,41,1373,0.9790924210026135,0.978104062722737,0.008920662947008152,7
1,52,1373,0.979033024471371,0.9778786692043998,0.008669990214783886,7
1,59,1373,0.9789827658680118,0.9773639166725411,0.008849543390254257,7
1,56,1373,0.9789736279401283,0.9776446077087558,0.008750585138186866,7
1,57,1373,0.9789736279401283,0.977683013114232,0.008787886142325983,7
1,31,1373,0.9789227166276346,0.9789362146525369,0.008324570317652076,7
1,58,1373,0.9789142314088857,0.9775141964236761,0.008811245349348861,7
1,11,1373,0.9788626673872576,0.9781161247875432,0.00837900321477807,7
1,27,1373,0.9788626673872576,0.9780252154592852,0.008466039833055949,7
1,54,1373,0.9788548348776431,0.977766612100183,0.008729754515193104,7
1,53,1373,0.9788548348776431,0.9778310214375788,0.008660825935414266,7
1,61,1373,0.9788026181468804,0.9772493531652476,0.00891088537329526,7
1,46,1373,0.9787954383464005,0.9779764972494835,0.008830558909088949,7
1,60,1373,0.9787425689065035,0.9773042590576446,0.008870206183791475,7
1,55,1373,0.9786766452839155,0.9778095081445046,0.008712089711570399,7
1,43,1373,0.9786766452839154,0.9779147248569915,0.0088956979503038,7
1,9,1373,0.9785023719449949,0.9781852336307076,0.008048510006771268,7
1,30,1373,0.9785023719449949,0.9787304807333318,0.008318082649329093,7
1,26,1373,0.9785023719449949,0.9779553494735247,0.008433895115270321,7
1,49,1373,0.9784984556901877,0.9775703033008807,0.008683428365696888,7
1,62,1373,0.9784423227046178,0.9770825207104608,0.008913412654125992,7
1,28,1373,0.9784423227046177,0.9781829360945541,0.008362388409572133,7
1,25,1373,0.9784390591589451,0.977795566277391,0.00830264669633573,7
1,47,1373,0.9783796626277026,0.977601476689146,0.008758495214654494,7
1,29,1373,0.9783222242238636,0.9787058344364119,0.008335629518388964,7
1,64,1373,0.9783222242238636,0.9767245228043516,0.008978848218268762,7
1,48,1373,0.97832026609646,0.9775010116991585,0.00873358699329911,7
1,63,1373,0.9782621749834866,0.97708998770296,0.008844316634160118,7
1,82,1373,0.9782021257431093,0.9758774891062845,0.009416020060633907,7
1,80,1373,0.9781420765027322,0.9759184531315678,0.009329823996926154,7
1,85,1373,0.9781420765027322,0.9757624817567797,0.009404187778870584,7
1,24,1373,0.9781420765027322,0.9776902973481734,0.008367042044982774,7
1,22,1373,0.978082027262355,0.9777260919171111,0.00840513989932088,7
1,90,1373,0.9780219780219781,0.9757740216542783,0.009346276148142629,7
1,12,1373,0.978021978021978,0.9780820272623552,0.008492975413132752,7
1,73,1373,0.978021978021978,0.9760373245191493,0.00927655006957566,7
1,83,1373,0.978021978021978,0.9758297107976365,0.00935050016823978,7
1,23,1373,0.978021978021978,0.9777572130886457,0.008428692717328583,7
1,79,1373,0.978021978021978,0.9760113989123256,0.009271673787199466,7
1,89,1373,0.977961928781601,0.9757502108250504,0.0093284725670444,7
1,87,1373,0.977961928781601,0.9757764758406242,0.00935374721500659,7
1,65,1373,0.977961928781601,0.9764212741404473,0.008927525217512357,7
1,72,1373,0.9779619287816008,0.9761754899887473,0.009178933583359165,7
1,77,1373,0.9779619287816008,0.9759926792143471,0.009180018486444555,7
1,78,1373,0.9779619287816008,0.976021215657709,0.009164468567748852,7
1,75,1373,0.9779619287816008,0.9760924653868345,0.00924239311875087,7
1,84,1373,0.9779619287816008,0.9758531822181145,0.009404978322580594,7
1,68,1373,0.9779018795412238,0.9763808061741063,0.00900315188884861,7
1,74,1373,0.9779018795412238,0.9761186259689465,0.009202744694441656,7
1,81,1373,0.9778418303008467,0.97577005318274,0.009334586555546153,7
1,76,1373,0.9778418303008467,0.9761616786634606,0.009169968626836595,7
1,88,1373,0.9778418303008467,0.9758313034079249,0.009305530912129753,7
1,66,1373,0.9777856973152769,0.9764567554090006,0.008929163222334245,7
1,8,1373,0.9777817810604695,0.9777869766251805,0.007932209395302271,7
1,67,1373,0.9777263007840342,0.9764545100895777,0.008960145676390993,7
1,86,1373,0.9777217318200925,0.975683425626405,0.009388654890109939,7
1,69,1373,0.9777217318200924,0.9762709160642161,0.00906084023798219,7
1,71,1373,0.9776616825797153,0.9761299308911568,0.009227487149062668,7
1,70,1373,0.977481534858584,0.9761418363057708,0.009119366481432746,7
1,13,1373,0.9771812886566985,0.9777033515308641,0.008686021363533518,7
1,14,1373,0.9770611901759443,0.9779706750840036,0.00850124839943329,7
1,21,1373,0.9770135424091233,0.9776072205295299,0.008538856768433556,7
1,15,1373,0.9767759562841529,0.9781979222962829,0.008295731029972312,7
1,17,1373,0.9765977666904252,0.9779610410971781,0.008432181748985055,7
1,16,1373,0.97647897362794,0.9779277529313168,0.008409703063519854,7
1,20,1373,0.9762413875029698,0.9775935136377046,0.008374593505990673,7
1,19,1373,0.9759444048467569,0.9776507953913512,0.008417795823796216,7
1,18,1373,0.9758850083155144,0.9776174811171247,0.008437893459852528,7
2,36,1373,0.9660251841292469,0.9638458927625001,0.009596532102380697,7
2,38,1373,0.9658469945355191,0.9635269007542706,0.00975493054054998,7
2,40,1373,0.9657875980042765,0.9629940029084719,0.009973104905710295,7
2,37,1373,0.965728201473034,0.9635715460590727,0.00969941468621497,7
2,28,1373,0.9656094084105489,0.9631706260002768,0.009429494774116769,7
2,41,1373,0.9655500118793062,0.9628195207026283,0.009937644247302112,7
2,30,1373,0.9654906153480636,0.9637204159584772,0.009608231026626725,7
2,50,1373,0.9654312188168211,0.9633718953890016,0.009528968280081374,7
2,42,1373,0.9653718222855785,0.9624610267375769,0.009960995045757723,7
2,39,1373,0.9653718222855785,0.9631455097527799,0.00980775273815148,7
2,35,1373,0.9653124257543358,0.9636783553818479,0.00962150147704829,7
2,34,1373,0.9653124257543358,0.9637885587921226,0.009663089523627452,7
2,29,1373,0.9652530292230934,0.9632886619201659,0.009445090277301648,7
2,31,1373,0.9651342361606082,0.9637732070732784,0.009561901068543308,7
2,49,1373,0.9651342361606082,0.963054887616541,0.009576251718488218,7
2,45,1373,0.9651342361606081,0.9626524271641876,0.009856416517456917,7
2,54,1373,0.9651342361606081,0.9631007861228816,0.009716424096176157,7
2,33,1373,0.9650748396293656,0.9640128035423831,0.009502648698536757,7
2,32,1373,0.965015443098123,0.9638909296927829,0.009636650447695719,7
2,44,1373,0.9649560465668805,0.9625612045355453,0.009884753278045473,7
2,43,1373,0.9648966500356378,0.96236332923432,0.010022167353645152,7
2,51,1373,0.9647184604419101,0.96309553834144,0.009644631539689941,7
2,27,1373,0.9647184604419101,0.9624273991629657,0.009478120096406209,7
2,53,1373,0.9646590639106676,0.9629409507100171,0.009787293707026726,7
2,55,1373,0.964599667379425,0.9631625585153739,0.009533411516324154,7
2,48,1373,0.9645402708481825,0.9626077818593857,0.009677702805153263,7
2,46,1373,0.9644808743169399,0.962499641009976,0.009832118419266712,7
2,47,1373,0.9644214777856973,0.9625262715426649,0.009717236970761657,7
2,52,1373,0.9644214777856973,0.9628406423702219,0.009710471115517049,7
2,9,1373,0.9642106527352429,0.9631345964560505,0.009110929198037791,7
2,56,1373,0.964183891660727,0.9629339797764602,0.009551262902912427,7
2,26,1373,0.9639704557737344,0.9619952796075392,0.00959284397279814,7
2,60,1373,0.9637681159420289,0.9623900903088359,0.009958293241676389,7
2,58,1373,0.9636493228795439,0.9624351272391187,0.00972760805933171,7
2,22,1373,0.9636493228795437,0.9614925630321212,0.009384740730715373,7
2,59,1373,0.9635305298170587,0.9623299888517279,0.009756707708584009,7
2,23,1373,0.9634711332858161,0.9614429571378966,0.00929494319833309,7
2,21,1373,0.9634711332858161,0.9617242225581499,0.00937818810413099,7
2,10,1373,0.9634300126103404,0.9636547534195431,0.008904058178764331,7
2,57,1373,0.9634117367545735,0.9624904247569964,0.009705927173826887,7
2,25,1373,0.9633699633699633,0.9615997378720116,0.009634095631752514,7
2,61,1373,0.9633523402233309,0.9621679081194406,0.009920698691660996,7
2,24,1373,0.9632929436920883,0.9612322626292691,0.009607244780047756,7
2,15,1373,0.9631741506296032,0.9620961623313725,0.009662160757771909,7
2,8,1373,0.9631147540983607,0.9623546612570134,0.00917895595597309,7
2,20,1373,0.963055357567118,0.9617603826442032,0.00927993448459866,7
2,62,1373,0.9628771679733904,0.9619608687819664,0.009985763495481111,7
2,14,1373,0.9627694709661923,0.9629922797563567,0.009398735843191957,7
2,71,1373,0.9626395818484201,0.9610091405387199,0.010015766934397848,7
2,13,1373,0.9625893232450609,0.9622915312295212,0.009620184898513677,7
2,63,1373,0.9624613922546923,0.9614425916207813,0.009992401900568491,7
2,18,1373,0.9624019957234498,0.9614665852085666,0.009548371564118696,7
2,16,1373,0.9624019957234498,0.9618956761936093,0.009610200161565507,7
2,70,1373,0.9623425991922072,0.9609616755304567,0.010092428633560866,7
2,19,1373,0.9621644095984795,0.9614525127996261,0.009428834808103165,7
2,69,1373,0.9621644095984794,0.9609466893287277,0.010058713551846015,7
2,11,1373,0.9621050130672368,0.9634407431485122,0.009053045427697661,7
2,12,1373,0.9619287816009128,0.9623255765379786,0.009651104354147256,7
2,68,1373,0.9619268234735092,0.9610799725339996,0.009987266326531123,7
2,67,1373,0.9618674269422666,0.9610181479247766,0.010126823861271166,7
2,64,1373,0.961808030411024,0.9611131562663993,0.009921748368816529,7
2,72,1373,0.961808030411024,0.9607297549207741,0.010165638664239099,7
2,65,1373,0.9616892373485388,0.9609415459807475,0.009903009383984342,7
2,66,1373,0.9616298408172963,0.9609655656768985,0.009980566724621205,7
2,17,1373,0.9615110477548111,0.9614424088622235,0.009642336809821506,7
2,75,1373,0.961511047754811,0.9608608972400847,0.010036856314978181,7
2,74,1373,0.9613922546923259,0.960679496317415,0.01015117040420744,7
2,88,1373,0.9613328581610834,0.9606574086403025,0.009834476612514444,7
2,73,1373,0.9613328581610834,0.9607151864528913,0.010123623304334351,7
2,90,1373,0.9613328581610834,0.9605760288654088,0.009801701698036831,7
2,89,1373,0.9612734616298408,0.9605404170550286,0.009867662797134585,7
2,86,1373,0.9612140650985983,0.9605883520138687,0.009904389262854156,7
2,87,1373,0.9611546685673557,0.9607247160062555,0.009879104204778012,7
2,77,1373,0.9611546685673555,0.9605463697623355,0.009979741008997007,7
2,78,1373,0.9609170824423853,0.9606318746589595,0.009940816267170893,7
2,76,1373,0.9608576859111427,0.9605538367548345,0.010017329507763873,7
2,80,1373,0.9607388928486577,0.9606104919077122,0.009980649437550383,7
2,84,1373,0.9607388928486575,0.9603305057973626,0.010005400344302454,7
2,79,1373,0.9606200997861725,0.9605366835587791,0.009944392183326366,7
2,83,1373,0.9605607032549299,0.9604407353160026,0.010020820595855465,7
2,81,1373,0.9604419101924447,0.9605580924183917,0.00997318526442463,7
2,82,1373,0.9604419101924447,0.9604316234964846,0.01001606849001714,7
2,85,1373,0.9604419101924447,0.9603186525994795,0.00998131232194065,7
3,31,1373,0.9597670089473368,0.9591992825421194,0.010127877485136366,7
3,32,1373,0.9594667627454513,0.9591972721979849,0.010118827303936203,7
3,30,1373,0.9590464180628115,0.959007829898778,0.010166763683162473,7
3,29,1373,0.9590464180628114,0.958881674277255,0.010234287359512087,7
3,55,1373,0.9589569969113804,0.9581681065430173,0.010215110720367208,7
3,33,1373,0.9589263195820572,0.9588922220568693,0.010351866577062054,7
3,35,1373,0.9586861226205488,0.9585923674804644,0.010306483307887792,7
3,34,1373,0.9586861226205488,0.9587279221135244,0.010351617243668208,7
3,54,1373,0.9585412211926824,0.9581346617269638,0.010296174478526139,7
3,56,1373,0.9583630315989546,0.9579381701691038,0.010399411927028087,7
3,57,1373,0.9583036350677121,0.9577731391915285,0.010344389415492858,7
3,36,1373,0.9581254454739844,0.9582823828582916,0.01038726738849354,7
3,58,1373,0.9580066524114991,0.9575581106942476,0.010288648758487461,7
3,53,1373,0.9579472558802566,0.9581749469347475,0.010336692713651313,7
3,27,1373,0.9578878593490141,0.958095238095238,0.010134818167316909,7
3,60,1373,0.9578284628177713,0.9570760458358464,0.010598478110663901,7
3,52,1373,0.9577690662865289,0.9579026366838198,0.010533862041980648,7
3,48,1373,0.9577690662865289,0.9576418663303908,0.010336414804887279,7
3,51,1373,0.9577096697552864,0.9577229589132653,0.010417434332351547,7
3,39,1373,0.9577096697552863,0.9576739274030791,0.010600561656697967,7
3,59,1373,0.9577096697552863,0.957295591080338,0.010546548615201812,7
3,49,1373,0.9576502732240437,0.9579586913442937,0.010351776745312161,7
3,37,1373,0.9576502732240437,0.9579941465044814,0.010448612506707323,7
3,61,1373,0.9575908766928012,0.9569066808696175,0.010578983277615509,7
3,28,1373,0.9575451870533838,0.9584349079288494,0.010151513932782241,7
3,44,1373,0.957472083630316,0.9570503813126763,0.010386015359698757,7
3,45,1373,0.9574250885726295,0.9570527832822914,0.010456321074366594,7
3,21,1373,0.9574250885726294,0.9565311903587027,0.010504531159170638,7
3,40,1373,0.9574126870990735,0.957454486592049,0.010486868672018885,7
3,46,1373,0.9573532905678308,0.9570847399215182,0.010489241222457747,7
3,38,1373,0.9572344975053457,0.9577697973207596,0.01050581983314884,7
3,9,1373,0.9571848916111212,0.9574175693633998,0.01026123683078384,7
3,50,1373,0.9571751009741032,0.957803920954313,0.010326961775373568,7
3,62,1373,0.957175100974103,0.9563033687623852,0.010703200273838791,7
3,26,1373,0.9570047438899898,0.9573931841501334,0.010382367990706772,7
3,25,1373,0.9569969113803755,0.9570425226946966,0.010529223175927173,7
3,43,1373,0.9569375148491328,0.9568926867857731,0.010422626268791988,7
3,10,1373,0.9568781183178903,0.9571023891765161,0.010485591162527619,7
3,47,1373,0.9568187217866477,0.9571426743842995,0.010518080472892289,7
3,24,1373,0.9568187217866476,0.9565793602928313,0.010426648035956986,7
3,22,1373,0.9567044976881042,0.9564365997509262,0.01040783971886076,7
3,18,1373,0.9566444484477272,0.9564068623227567,0.010663350228661852,7
3,63,1373,0.9566405321929199,0.9560360713176108,0.010572018961226426,7
3,19,1373,0.95658439920735,0.9568232385338586,0.010648001745948571,7
3,41,1373,0.9564643007265958,0.9568906503332733,0.010469539470682531,7
3,42,1373,0.9564623425991923,0.9566973701043551,0.010460326659528209,7
3,17,1373,0.9564623425991922,0.956416391876121,0.010671298200906698,7
3,15,1373,0.9562841530054644,0.9570246123560451,0.010808766542070311,7
3,14,1373,0.9562841530054644,0.9568679621637568,0.010993613764621232,7
3,13,1373,0.9561640545247103,0.9574135747834963,0.01100711063958256,7
3,16,1373,0.9561640545247102,0.9564380618193874,0.010909730401372058,7
3,8,1373,0.9561040052843331,0.9564853701774585,0.01033645241588557,7
3,20,1373,0.9561040052843331,0.9567047587717579,0.010401941348738751,7
3,67,1373,0.9560465668804943,0.9559959949767506,0.010713609064906102,7
3,12,1373,0.9560465668804942,0.9567270292074284,0.010799114496668719,7
3,23,1373,0.956043956043956,0.9562600810925828,0.010520382401747285,7
3,64,1373,0.955927773818009,0.9558103906072545,0.010774403046706637,7
3,66,1373,0.9557495842242814,0.9559242491886825,0.010667273406406793,7
3,65,1373,0.9556901876930388,0.9557930285442758,0.010755489340521151,7
3,68,1373,0.9556901876930388,0.9559105422968573,0.010628170195959161,7
3,70,1373,0.9556307911617963,0.9558770713724384,0.01052124266064286,7
3,11,1373,0.9555713946305535,0.9563834953357406,0.010568986425684991,7
3,69,1373,0.9553338085055832,0.9558393447844622,0.010565568165535723,7
3,71,1373,0.9549180327868853,0.9556508946031397,0.010565619745648312,7
3,72,1373,0.9549180327868851,0.9555169847970987,0.010641677302285537,7
3,74,1373,0.9548586362556426,0.9556419916505448,0.010723074827671387,7
3,75,1373,0.9547992397244001,0.955291617387127,0.010770342891891244,7
3,76,1373,0.954680446661915,0.9552956902921264,0.010795581104977258,7
3,86,1373,0.954680446661915,0.9554459178265309,0.010720722258897138,7
3,73,1373,0.9546210501306724,0.9553979045425944,0.010736911390858911,7
3,88,1373,0.9546210501306723,0.9550538223952336,0.010756359772950507,7
3,87,1373,0.9545616535994298,0.9553217986575079,0.01079951712432737,7
3,90,1373,0.9545022570681871,0.9550878415953253,0.010800902881549291,7
3,79,1373,0.9544428605369446,0.9553484030818314,0.010776214464219393,7
3,78,1373,0.9543834640057021,0.9553150626992394,0.01078990484362806,7
3,77,1373,0.9543240674744595,0.9553746419890398,0.010753774479185624,7
3,89,1373,0.9542646709432169,0.9550589135264832,0.010756202306590863,7
3,82,1373,0.9541458778807317,0.9551527992083944,0.010826885193238045,7
3,85,1373,0.9541458778807317,0.9552837587691472,0.010738765312737457,7
3,83,1373,0.9540270848182467,0.954914038206982,0.010816176166194352,7
3,84,1373,0.9539676882870041,0.9549115056955398,0.010869551368331514,7
3,81,1373,0.9539676882870041,0.9551834765377175,0.010729797063558599,7
3,80,1373,0.9537894986932762,0.9551911785055051,0.010770777894119588,7
4,30,1373,0.9428331231609921,0.9465133583451474,0.011753262211874579,7
4,31,1373,0.9426529754398606,0.9466614972103211,0.011665719765810318,7
4,34,1373,0.9426229508196722,0.9460883402651044,0.011782191572047301,7
4,35,1373,0.9425041577571869,0.9457457985113009,0.011879790257738778,7
4,32,1373,0.9424728277187293,0.9462716209900814,0.011825833978028253,7
4,33,1373,0.9424447612259443,0.9461137437046203,0.01183078194613096,7
4,37,1373,0.9424447612259443,0.9450731948023467,0.011764768623767265,7
4,36,1373,0.9423853646947017,0.9451972356462734,0.01191442469820902,7
4,54,1373,0.9423259681634593,0.9456383364793914,0.012262424128591366,7
4,29,1373,0.9423259681634593,0.9461844451580731,0.011799974702899528,7
4,38,1373,0.9420883820384889,0.9451191455254179,0.011980378102027147,7
4,57,1373,0.9419695889760038,0.9452811740409746,0.012089996205782784,7
4,26,1373,0.9419101924447613,0.945502834063062,0.012004228389389115,7
4,39,1373,0.9419101924447613,0.9449475352397662,0.011876673658448623,7
4,27,1373,0.9418507959135186,0.9456849138032317,0.011963980908741812,7
4,14,1373,0.9418122860745811,0.9444941895832843,0.01302946901592296,7
4,51,1373,0.9417913993822761,0.9450942120364786,0.012033301144735256,7
4,52,1373,0.941791399382276,0.9452497917857859,0.012094975592596424,7
4,53,1373,0.941791399382276,0.945421767588553,0.012148283032520859,7
4,8,1373,0.941672606319791,0.944993329312645,0.012049392871620433,7
4,56,1373,0.9416321383534498,0.9452647257707841,0.012209480701225872,7
4,55,1373,0.9415720891130728,0.9454003326205751,0.012099273997512506,7
4,58,1373,0.9415720891130727,0.9450166962996613,0.012172522796945449,7
4,28,1373,0.9415120398726956,0.9460646338693381,0.011930590241347709,7
4,59,1373,0.9413919413919414,0.9447189565008522,0.012217092483560848,7
4,60,1373,0.9413919413919414,0.944401322127623,0.012120113819363329,7
4,40,1373,0.9412568306010929,0.9444034369052189,0.011946366976999346,7
4,85,1373,0.941151744430433,0.9434995130789856,0.012487339244092175,7
4,49,1373,0.9411380375386077,0.9448927859975614,0.011990036497069822,7
4,12,1373,0.9410916951900559,0.9444613974763655,0.013114727702387917,7
4,50,1373,0.9409598479448801,0.9448790007806401,0.012031501044924571,7
4,66,1373,0.94095984794488,0.9435551761139788,0.01237484587852856,7
4,13,1373,0.9409004514136374,0.9438795464454767,0.012999158648444156,7
4,48,1373,0.9408410548823948,0.9449805362136082,0.012075029373342592,7
4,65,1373,0.9407914489881704,0.943545959860999,0.012280873829667307,7
4,67,1373,0.9407816583511524,0.9434928032290825,0.012316146408232146,7
4,15,1373,0.9406713505074161,0.9437228440364577,0.013182672239460356,7
4,25,1373,0.940671350507416,0.944715510196622,0.01225179002828368,7
4,86,1373,0.940611301267039,0.9434823076661992,0.012429833882129636,7
4,63,1373,0.9406034687574245,0.9434473224565884,0.012277966740619414,7
4,64,1373,0.940544072226182,0.943507606672254,0.012276653189207362,7
4,42,1373,0.9404846756949394,0.9442458729201424,0.012014958903849335,7
4,24,1373,0.9404846756949394,0.9443921580913741,0.012267977295463278,7
4,61,1373,0.9404252791636969,0.9439885488709437,0.012082858303733308,7
4,62,1373,0.9404252791636969,0.9436379396322375,0.012120808025817796,7
4,41,1373,0.9404252791636968,0.9441598719645764,0.011915507028932874,7
4,19,1373,0.9403711043055306,0.9440825128779512,0.01257812432054023,7
4,87,1373,0.9403711043055305,0.9433578490884265,0.012415994995685334,7
4,69,1373,0.9403658826324542,0.9433403564836209,0.012475028262885513,7
4,68,1373,0.9403658826324542,0.943304561914683,0.012396001292079163,7
4,9,1373,0.9401909565843993,0.9449272751482303,0.012509292855197727,7
4,84,1373,0.9401909565843992,0.9431264767544169,0.01256881044139128,7
4,11,1373,0.9401909565843992,0.9438070696231778,0.012881437921760847,7
4,71,1373,0.9401876930387266,0.9429995378819328,0.012533005247361345,7
4,47,1373,0.9401876930387265,0.9446467146538423,0.012033847324590615,7
4,81,1373,0.9401876930387265,0.9429522034154962,0.01254951976379877,7
4,46,1373,0.940128296507484,0.9442954004892709,0.012166202022005792,7
4,88,1373,0.9400708581036451,0.9433768559784239,0.01242823676279302,7
4,20,1373,0.940070858103645,0.9437675676663559,0.012426610345031024,7
4,76,1373,0.940070858103645,0.9430337659489476,0.012558325296880108,7
4,17,1373,0.9400108088632678,0.9434075855244779,0.012819848312454755,7
4,45,1373,0.9400095034449988,0.9443282187045551,0.012155188839888507,7
4,21,1373,0.9399507596228908,0.9435838430991674,0.012263674579133759,7
4,89,1373,0.9399507596228908,0.9435343938551352,0.012454686241537024,7
4,73,1373,0.9398907103825137,0.9429531172082848,0.012529906678656654,7
4,43,1373,0.9398907103825136,0.9442441497680272,0.011920891147934966,7
4,70,1373,0.9398313138512712,0.9431134225717263,0.01254600443870546,7
4,16,1373,0.9398306611421366,0.9433142220098741,0.012846782526832268,7
4,80,1373,0.9398306611421366,0.9428189985353207,0.012444526905023394,7
4,72,1373,0.9397719173200285,0.9428619729047385,0.01256000911125735,7
4,77,1373,0.9397719173200285,0.942928966970307,0.012526519138812387,7
4,90,1373,0.9397706119017595,0.9435868977779172,0.012437970493805094,7
4,23,1373,0.9397706119017594,0.9439534070111404,0.012119935030700697,7
4,75,1373,0.939712520788786,0.942783621700229,0.012602926900843163,7
4,83,1373,0.9397105626613823,0.942809234006668,0.012563425604641687,7
4,18,1373,0.9397105626613823,0.9442043345108206,0.012717128823188694,7
4,44,1373,0.9396531242575432,0.9442634699584093,0.012092614135916113,7
4,82,1373,0.9395937277263009,0.9427777995347489,0.012456281360582199,7
4,78,1373,0.9395343311950584,0.9429840034045308,0.012487554281288903,7
4,79,1373,0.9394155381325732,0.9428118709515715,0.01253328410526462,7
4,10,1373,0.939415538132573,0.9436699745965604,0.012668352030368956,7
4,74,1373,0.9393502672191197,0.9427555290990788,0.012511600646010274,7
4,22,1373,0.9392301687383655,0.9434554160498565,0.012311856320508782,7
5,30,1373,0.9391701194979883,0.9432433377978638,0.012888584931846511,7
5,34,1373,0.9388098240557258,0.9423164125017297,0.013122263930854111,7
5,31,1373,0.9387497748153486,0.9429877107924151,0.013030781737422118,7
5,29,1373,0.9386296763345945,0.9428684999960838,0.01297366322938934,7
5,53,1373,0.9385696270942172,0.9417303319156491,0.012995411527638591,7
5,51,1373,0.938449528613463,0.9416128181630675,0.013093255392344008,7
5,52,1373,0.9383894793730859,0.941662815682773,0.012920145075537426,7
5,48,1373,0.9383894793730858,0.9413560946062728,0.012907772879870764,7
5,54,1373,0.9382693808923317,0.9414083374454009,0.013050818444042286,7
5,35,1373,0.9382693808923317,0.9417993885420829,0.01323624660892166,7
5,28,1373,0.9382093316519546,0.9423915784856627,0.013062056325101962,7
5,84,1373,0.938168210976479,0.9404999751970529,0.012899417070325258,7
5,83,1373,0.938168210976479,0.9400803093319129,0.013079191772275353,7
5,55,1373,0.9380892331712004,0.9410769439636154,0.013228866319538632,7
5,33,1373,0.9380892331712004,0.9428258650354161,0.01292359295129602,7
5,32,1373,0.9380892331712004,0.9427776951012875,0.012960543209641242,7
5,50,1373,0.9380291839308232,0.9414046561658822,0.013041358412617688,7
5,56,1373,0.9380291839308232,0.9409868178863189,0.013079901094604636,7
5,49,1373,0.9379900213827512,0.9412704591678219,0.012968306303077225,7
5,85,1373,0.9379900213827512,0.9405809633464658,0.012855923110700235,7
5,27,1373,0.9379691346904462,0.9421984549069368,0.01323391035079722,7
5,37,1373,0.9379090854500691,0.9418298570044829,0.013252495195867913,7
5,42,1373,0.937849036209692,0.940886117921043,0.013114721150333467,7
5,47,1373,0.9378118317890236,0.9414085724206893,0.012948410239149267,7
5,81,1373,0.937752435257781,0.9397819690407003,0.013073680413765373,7
5,86,1373,0.9377524352577808,0.9404297959109078,0.012905202069910205,7
5,75,1373,0.9377524352577808,0.9396362060367762,0.013226829658669928,7
5,90,1373,0.9377289377289377,0.9410264764933332,0.012875991991071546,7
5,8,1373,0.9376088392481836,0.9408135627736484,0.013798294333949164,7
5,38,1373,0.9376088392481836,0.9414386231492433,0.013038137006184385,7
5,36,1373,0.9376088392481835,0.9415936807312433,0.013192904934688358,7
5,41,1373,0.9376088392481834,0.9408258598137429,0.013130531178387247,7
5,87,1373,0.9375742456640531,0.9404154885266789,0.013012176362515093,7
5,57,1373,0.9375487900078063,0.9406863889258757,0.013194216486476389,7
5,44,1373,0.9375487900078062,0.9408423341922986,0.0131081519589394,7
5,58,1373,0.9374887407674293,0.9405505209924311,0.0132955919455741,7
5,88,1373,0.9374554526015679,0.9406450854918426,0.013102878542661142,7
5,80,1373,0.9374554526015679,0.9399065059435694,0.01304643322520115,7
5,72,1373,0.9374286915270522,0.9395166297233297,0.013258310674818072,7
5,26,1373,0.9374286915270522,0.9420208919139782,0.013309923358888542,7
5,79,1373,0.9373960560703256,0.9397345040324372,0.013080472236592054,7
5,82,1373,0.9373960560703255,0.939853297094922,0.013237450478766797,7
5,77,1373,0.9373960560703254,0.939660695683504,0.013202430264722013,7
5,25,1373,0.937368642286675,0.9418839535375529,0.01332244017461887,7
5,40,1373,0.9373085930462979,0.9406081421548279,0.013071892612664409,7
5,43,1373,0.9373085930462979,0.940874682457006,0.013046375303376935,7
5,76,1373,0.9372178664765978,0.9396371198295645,0.013180694862876808,7
5,68,1373,0.9371884945655438,0.9399220926377019,0.013267143067855204,7
5,39,1373,0.9371884945655438,0.9407016101028931,0.013138159934597306,7
5,59,1373,0.9371884945655438,0.9403888841023551,0.013254115265859576,7
5,46,1373,0.9371284453251667,0.9410317503831402,0.01295527101035928,7
5,71,1373,0.9371284453251666,0.9393890642500764,0.01328897763278603,7
5,70,1373,0.9370083468444124,0.9395721361081304,0.013257374920791324,7
5,89,1373,0.9369802803516274,0.9407638263375968,0.013019457471420736,7
5,45,1373,0.9368614872891423,0.9406870677433755,0.013041039549659841,7
5,62,1373,0.9368281991232811,0.9395944065438006,0.013218014050010671,7
5,66,1373,0.9368281991232811,0.9398195650868495,0.013261064516304138,7
5,69,1373,0.9368281991232811,0.93964330751216,0.013293793279668219,7
5,63,1373,0.936768149882904,0.9395111208582343,0.013317569125982536,7
5,60,1373,0.936768149882904,0.9401168610434469,0.013210906529400938,7
5,64,1373,0.9367081006425269,0.9397618655993567,0.01328761363470144,7
5,65,1373,0.9366480514021498,0.9398669256616513,0.013272683668420885,7
5,67,1373,0.9366480514021498,0.939754842449069,0.013205670389336122,7
5,11,1373,0.9364679036810185,0.9409678109963212,0.013822850615592236,7
5,61,1373,0.9364679036810185,0.9397610823483953,0.01320947268319844,7
5,24,1373,0.9364679036810184,0.9408528819719126,0.013746654252971478,7
5,22,1373,0.9364078544406413,0.9398938956030902,0.013615154689752674,7
5,12,1373,0.9363478052002643,0.9404292215268694,0.014045245499748112,7
5,13,1373,0.9362877559598871,0.9411150360687067,0.013995793380387837,7
5,78,1373,0.9361076082387559,0.9380195499439976,0.013382003020091788,7
5,23,1373,0.9359875097580015,0.9404557476260968,0.013818700079380448,7
5,16,1373,0.9358073620368702,0.940417211678794,0.013839165847138893,7
5,17,1373,0.935687263556116,0.9407840864291327,0.013793969381051905,7
6,84,1373,0.9356735566642909,0.9380800169182207,0.012658481877173689,7
5,9,1373,0.9356272143157389,0.9397102232526325,0.013669233052616355,7
5,73,1373,0.9355071158349847,0.9379801002039063,0.013394233827156854,7
5,21,1373,0.9354359705393206,0.9397468793976279,0.013678122524290194,7
6,50,1373,0.9353870173542305,0.9388547565525469,0.013006108055072971,7
6,86,1373,0.9353765740080779,0.9380586080586082,0.01266785493568636,7
6,51,1373,0.9353269681138534,0.9389529240063809,0.012911512086880043,7
6,85,1373,0.9353171774768354,0.937972476561215,0.01274922239131788,7
6,90,1373,0.9353171774768353,0.9382897715256945,0.01273956491484272,7
5,74,1373,0.9352669188734761,0.9377225150710538,0.013443310857699139,7
5,14,1373,0.9352577809455929,0.9403471629344758,0.014144525964673454,7
5,18,1373,0.9352068696330992,0.940673674151935,0.013708598849296419,7
6,89,1373,0.9352068696330992,0.9384720340244216,0.012667887261772232,7
5,10,1373,0.9351983844143502,0.9398750453632849,0.01398142402532695,7
6,52,1373,0.935086771152345,0.9391105663165533,0.012865558933662535,7
6,53,1373,0.935086771152345,0.9387770580571719,0.013021019804187057,7
6,83,1373,0.9350267219119678,0.938089624796681,0.012663766117602088,7
6,87,1373,0.9349607982893798,0.9381828316610925,0.012735153645362393,7
6,54,1373,0.9348465741908365,0.9384934167756691,0.01304637615000316,7
5,15,1373,0.9348420052268948,0.9402685245379472,0.013904280205221498,7
6,82,1373,0.9347865249504593,0.9378988770792048,0.0127661722719702,7
6,74,1373,0.9346664264697051,0.93739670877946,0.012973756753003223,7
6,49,1373,0.9346664264697051,0.9385796527065238,0.012851140787148359,7
6,88,1373,0.9346638156331668,0.9382589375461792,0.01269357542494364,7
6,76,1373,0.934606377229328,0.9375191309047333,0.013062151736308068,7
6,81,1373,0.9346063772293279,0.9376169067330864,0.01278399029240882,7
6,75,1373,0.9345463279889509,0.9372898472399541,0.013049374305381809,7
6,29,1373,0.9345463279889509,0.9406369657902088,0.013321730698500263,7
6,48,1373,0.9344862787485738,0.9385861275811382,0.012934264025848552,7
6,46,1373,0.9344862787485738,0.9385614812842182,0.012985890420462219,7
5,19,1373,0.9344862787485738,0.9400622945598,0.013667068973046495,7
6,47,1373,0.9344862787485738,0.9384997088917261,0.012879996241949316,7
6,77,1373,0.9344862787485737,0.9374641989039708,0.013050071612783938,7
6,79,1373,0.9343661802678196,0.9376261752027968,0.012792902519391839,7
6,78,1373,0.9343661802678196,0.9374686112177203,0.012873314509506772,7
6,55,1373,0.9343661802678196,0.9384786133324978,0.013052311060677828,7
6,80,1373,0.9343661802678196,0.9374519801889722,0.012782512505467688,7
6,30,1373,0.9343061310274425,0.9403346309190929,0.013332705481053,7
6,32,1373,0.9340659340659341,0.9399936295588469,0.013343071433335673,7
5,20,1373,0.9338857863448027,0.939770037517721,0.013572705154428934,7
6,31,1373,0.9338857863448027,0.940129471383926,0.01339650707525861,7
6,33,1373,0.9338857863448027,0.9394556405817989,0.013386893673933137,7
7,88,1373,0.9337656878640486,0.9370972197201705,0.011297731416915684,7
6,69,1373,0.9336455893832942,0.9369564695223995,0.013167593314934688,7
6,25,1373,0.9335855401429172,0.9392286283448079,0.013622726061368098,7
6,72,1373,0.9335254909025402,0.93687433260491,0.013110790398635008,7
6,73,1373,0.9335254909025401,0.9371050261214197,0.013060063889087708,7
6,26,1373,0.9335254909025401,0.9396846109461932,0.013640552703352215,7
6,28,1373,0.9335254909025401,0.94012357089335,0.013432711203242785,7
6,56,1373,0.93352549090254,0.9381851814139768,0.013281983451236525,7
6,71,1373,0.933465441662163,0.9370314266394095,0.01310233143949897,7
7,89,1373,0.9334164884770729,0.9368128474044368,0.011417623089690649,7
7,86,1373,0.9332976954145878,0.9368719567436602,0.011389966413642516,7
6,45,1373,0.9332852939410317,0.9382860641378105,0.012857934378642563,7
6,27,1373,0.9332852939410317,0.9398064325790628,0.013492647323553184,7
7,85,1373,0.9332852939410317,0.9367384385631,0.01137897960461426,7
7,87,1373,0.9332382988833452,0.9369175419496161,0.011433960108690517,7
6,70,1373,0.9332252447006546,0.936964223706918,0.013192168935337178,7
6,67,1373,0.9332252447006546,0.9373234487062001,0.013196005257920824,7
7,90,1373,0.9331051462199004,0.9367102937452191,0.011349008901739156,7
6,34,1373,0.9331051462199003,0.9390913505596328,0.013396903362978265,7
7,83,1373,0.9331051462199003,0.9366168780138844,0.011389516163174181,7
7,84,1373,0.9331051462199003,0.9367238962035824,0.011349264322672503,7
6,68,1373,0.9330450969795232,0.9371306123194932,0.013195926094849151,7
7,82,1373,0.932985047739146,0.9367031661614698,0.011468707709046953,7
6,35,1373,0.9328049000180147,0.938736041815158,0.01335925919780417,7
7,31,1373,0.9327631266334047,0.9365214519384156,0.01229846556682782,7
6,58,1373,0.9327448507776377,0.9377256219665344,0.013170928599566312,7
7,80,1373,0.9327037301021621,0.9361702160989402,0.011387191212205395,7
6,65,1373,0.9326247522968836,0.9371796438296794,0.013080035392315332,7
6,57,1373,0.9325046538161292,0.937839584981424,0.013275208402192413,7
7,81,1373,0.9325046538161292,0.9363926071552586,0.011486511424190823,7
6,66,1373,0.9324446045757522,0.9371584438369898,0.013103130699584768,7
7,30,1373,0.9324067474459492,0.9365729637433131,0.01240346185998721,7
6,10,1373,0.9323845553353751,0.9371162005018029,0.014304784078665537,7
6,36,1373,0.932384555335375,0.9387907649489974,0.013502986169291274,7
7,73,1373,0.932287954383464,0.9356045522545879,0.011628244064632079,7
7,51,1373,0.9322879543834639,0.9360845806604894,0.011964929846416438,7
6,59,1373,0.9322644568546208,0.9373819836613849,0.013163940818906752,7
6,60,1373,0.9322044076142437,0.9370399118581584,0.013091918067928225,7
7,49,1373,0.9321691613209788,0.9356849660199624,0.011890684940116074,7
7,50,1373,0.9321691613209788,0.9358101295236007,0.011855027297566566,7
6,63,1373,0.9321443583738667,0.9371127541975725,0.013229167939046505,7
6,64,1373,0.9321443583738667,0.9372439487336136,0.013152300943085051,7
6,24,1373,0.9321443583738664,0.9390504387510802,0.013740470180646018,7
7,32,1373,0.9321097647897364,0.935970904837619,0.012469625956200247,7
7,74,1373,0.9320843091334894,0.9357246246269766,0.011599882821272632,7
7,78,1373,0.9320843091334894,0.9359699127197346,0.011535168377643523,7
7,76,1373,0.9320242598931123,0.9358268388774447,0.011559844242181662,7
7,75,1373,0.9319909717272511,0.9358725807335928,0.011473386523590189,7
7,57,1373,0.9319909717272511,0.9348347471013188,0.012055890296047643,7
7,54,1373,0.9319909717272511,0.9355142434187337,0.01194169431631766,7
7,52,1373,0.9319909717272511,0.9358072576034087,0.01199848931762188,7
6,61,1373,0.9319642106527353,0.9369259749516342,0.013138072479232455,7
7,47,1373,0.9319315751960086,0.9353377769771213,0.012063906658886523,7
6,42,1373,0.931904161412358,0.9378932115639173,0.013095029231587917,7
7,77,1373,0.931904161412358,0.9359391831736806,0.011543581021764187,7
7,35,1373,0.931872178664766,0.9354978473652742,0.012604689630387146,7
6,12,1373,0.9318127821335235,0.9372235581002508,0.014346765365265475,7
7,33,1373,0.9318127821335234,0.935577791180072,0.012422953397800732,7
6,22,1373,0.9318127821335234,0.937847051973923,0.014108035889080113,7
7,29,1373,0.9318127821335233,0.9365518942924502,0.012302692032513114,7
6,41,1373,0.9317840629316039,0.9379742780384263,0.013179629843300334,7
7,55,1373,0.9317840629316039,0.935192144515024,0.012101393942618912,7
6,37,1373,0.9317533856022808,0.9385639093621987,0.013138022537919535,7
7,48,1373,0.9317533856022808,0.9355289685368089,0.011951546327950384,7
7,34,1373,0.9317533856022808,0.9352936277312616,0.012416894484897703,7
7,72,1373,0.9317533856022808,0.9352604439988617,0.01174018671849872,7
7,79,1373,0.9317240136912268,0.9358956344202245,0.011433628878935965,7
7,56,1373,0.9317240136912268,0.9348723431474678,0.012076658457467795,7
6,43,1373,0.9317240136912267,0.9378365303026743,0.013149349236592936,7
7,46,1373,0.9316939890710383,0.9350820455382107,0.012086177609161053,7
7,45,1373,0.9316939890710383,0.9350620726386941,0.012234233096923952,7
6,23,1373,0.9315438659700955,0.9382059636728204,0.013894951329694321,7
6,16,1373,0.9315157994773106,0.9375210629237714,0.014383965370285636,7
6,11,1373,0.9315157994773106,0.9365114524344744,0.014457771828843119,7
7,63,1373,0.9315157994773104,0.9347256924591207,0.011973030218993885,7
6,40,1373,0.9314838167297184,0.9379383268192961,0.013257774700661008,7
7,53,1373,0.931456402946068,0.9354426542808583,0.012074798717233094,7
7,24,1373,0.9314564029460679,0.934512726522705,0.012961590362688624,7
6,44,1373,0.9314237674893413,0.9377892480529687,0.013061037772560864,7
6,62,1373,0.9314237674893413,0.9368783794015441,0.013186232640924549,7
6,17,1373,0.9313970064148254,0.937380417159462,0.0142414793138219,7
7,71,1373,0.9313637182489641,0.9350386012182161,0.011702164204054542,7
6,9,1373,0.9313637182489641,0.9358796299922457,0.014370387771616006,7
6,13,1373,0.9313376098835828,0.9368440469010675,0.014500602572179128,7
7,28,1373,0.9313376098835827,0.9365748696539857,0.012338674564815431,7
7,43,1373,0.9312782133523402,0.9342389019865855,0.012281532809640715,7
7,58,1373,0.9312782133523402,0.9344194152248322,0.012097047166098761,7
7,70,1373,0.9312436197682099,0.9350838209070568,0.01173501438841456,7
6,39,1373,0.9312436197682099,0.9376763032643289,0.013240165444630834,7
6,38,1373,0.9312188168210978,0.9380295233395732,0.01318781431984879,7
7,42,1373,0.9312188168210975,0.9344604314668463,0.01248630823204389,7
6,15,1373,0.9312188168210975,0.9370892305603639,0.014287682493277741,7
6,19,1373,0.931159420289855,0.9370962014939205,0.013984944265403905,7
7,25,1373,0.931159420289855,0.935039671661197,0.012879120693268431,7
7,66,1373,0.9310634720470786,0.9350649184505206,0.012020312811984882,7
7,44,1373,0.9310406272273699,0.9347106540406612,0.012178389947628711,7
6,18,1373,0.9309433735663244,0.9371003005072857,0.014164533590377944,7
7,36,1373,0.9309218341648848,0.9350801918442687,0.012509001341326022,7
7,60,1373,0.9309218341648847,0.9341566867439997,0.011971137003481442,7
7,40,1373,0.9308833243259473,0.9346816215383572,0.012483204895598421,7
7,41,1373,0.9308833243259472,0.9346527979029758,0.012542276995564166,7
7,39,1373,0.9308624376336422,0.9346526673611493,0.012597974590148232,7
7,68,1373,0.9308624376336421,0.9349388672624596,0.011944508552411248,7
7,69,1373,0.9308030411023996,0.934930199285153,0.011865546432980689,7
6,8,1373,0.9308030411023996,0.9353805685879812,0.014305182095599826,7
6,21,1373,0.9307632258451931,0.9371946822481391,0.014029247586599037,7
7,67,1373,0.930763225845193,0.9348429190196831,0.012000340841825056,7
7,64,1373,0.930743644571157,0.9347089047801806,0.012006694165108883,7
7,37,1373,0.9307031766048159,0.9346002417634636,0.012582182052852256,7
7,65,1373,0.9306248515086719,0.9348049313480531,0.012023480659301554,7
7,59,1373,0.9306248515086718,0.9341420399510207,0.011982380601542749,7
6,14,1373,0.9306248515086718,0.9367792198298257,0.014272892024967468,7
7,62,1373,0.9305654549774294,0.9345872136891381,0.012123775948107788,7
7,27,1373,0.9305060584461868,0.9362120417002813,0.012536828128950406,7
7,61,1373,0.9304466619149442,0.934240024646297,0.012046949271655808,7
7,26,1373,0.9303872653837015,0.9351758528950262,0.012725206039377835,7
7,38,1373,0.9303428811625533,0.9344475861510787,0.012616088203683217,7
6,20,1373,0.929562241037651,0.9367410232912726,0.014055799687264243,7
7,14,1373,0.9290211451651222,0.9322976405870205,0.013690466207792977,7
7,16,1373,0.9284271798526966,0.9326773867614924,0.01331172583268616,7
7,12,1373,0.9283083867902114,0.9321027416394487,0.013774332807972012,7
7,18,1373,0.9281895937277262,0.9326802064649534,0.01321107570075919,7
7,11,1373,0.9281895937277262,0.932586999600542,0.013607040620606059,7
7,13,1373,0.9280708006652412,0.9320023810829228,0.013530160042725059,7
7,15,1373,0.9280114041339986,0.932679762622742,0.013493535491926162,7
7,17,1373,0.9277144214777857,0.9326801542482227,0.013336808326763643,7
7,8,1373,0.9277144214777857,0.9310051198504513,0.013825728826394238,7
7,23,1373,0.9265858873841767,0.9313739527281935,0.013577474027008712,7
7,9,1373,0.9264076977904491,0.9322345366678937,0.013637042792051537,7
7,10,1373,0.9256355428842956,0.9317264156608418,0.013754540921695103,7
7,22,1373,0.9254573532905678,0.9306242771246336,0.013814404599525133,7
7,21,1373,0.925298744970876,0.9304460614225405,0.013823113267794037,7
7,20,1373,0.9249384495286135,0.9300384576222066,0.013642130322674167,7
7,19,1373,0.9242100261344737,0.9295464193682297,0.013821266292052738,7
1,35,1373,0.9777817810604696,0.9752061385988684,0.009463633559847376,8
1,34,1373,0.9775415840989612,0.9752230307112703,0.009405471143429062,8
1,33,1373,0.9773013871374527,0.9753212764902002,0.009380144015038182,8
1,36,1373,0.9771812886566985,0.9748738052159293,0.00949956201046015,8
1,37,1373,0.9770011409355672,0.9746846240003759,0.009676512966237689,8
1,41,1373,0.976881042454813,0.9742314088857209,0.009732398228337845,8
1,32,1373,0.976881042454813,0.9749752362154357,0.009479422159704784,8
1,17,1373,0.9768353528153957,0.9757167137922661,0.009006790536622828,8
1,31,1373,0.9768209932144359,0.974965393361687,0.00941397906756305,8
1,39,1373,0.9767609439740588,0.9742887428560985,0.009821058948949581,8
1,21,1373,0.9767609439740588,0.9746618052890326,0.008940842657537628,8
1,15,1373,0.9767609439740587,0.9756836083849626,0.009247430474306158,8
1,38,1373,0.9765807962529275,0.9744528861492509,0.00978835160670079,8
1,57,1373,0.9765807962529274,0.9739792020761372,0.009701376364470146,8
1,40,1373,0.9765807962529274,0.9742124019957236,0.009807424010777444,8
1,16,1373,0.9765807962529274,0.9752749863583792,0.009440093039301862,8
1,44,1373,0.9763405992914189,0.9737854257882769,0.009801215263152073,8
1,14,1373,0.9763405992914189,0.9749249253953459,0.009352097382602153,8
1,26,1373,0.9762805500510419,0.9743740388857993,0.008910373710395884,8
1,13,1373,0.9762805500510419,0.9746270289463448,0.009546611897328718,8
1,42,1373,0.9762205008106648,0.9739073518546078,0.009866736553152138,8
1,23,1373,0.9762205008106648,0.974243444842162,0.008930874622468003,8
1,43,1373,0.9762205008106647,0.9737805957406812,0.00995074353439985,8
1,47,1373,0.9761604515702876,0.973734775559437,0.010005221747166676,8
1,24,1373,0.9761604515702876,0.9740099838389219,0.009086359995045378,8
1,12,1373,0.9761004023299106,0.975285455812897,0.009205150899540061,8
1,48,1373,0.9761004023299105,0.97374866520982,0.009858965584431015,8
1,58,1373,0.9761004023299105,0.9737859218472191,0.009822766255146274,8
1,59,1373,0.9761004023299105,0.9737145154679011,0.009832494820943498,8
1,30,1373,0.9761004023299105,0.9747174944323911,0.009361792548892618,8
1,51,1373,0.9761004023299105,0.9739091794401844,0.009691959060100052,8
1,20,1373,0.9759803038491563,0.9750037726587977,0.008784291408725728,8
1,11,1373,0.9759803038491563,0.9752471026241517,0.009263201381213438,8
1,10,1373,0.9759803038491563,0.9751460371417606,0.009041487268299576,8
1,22,1373,0.9759202546087793,0.9743814797699331,0.008817284886585295,8
1,18,1373,0.9759202546087793,0.9753617705649067,0.00896258018619858,8
1,50,1373,0.9759202546087792,0.9737273346753033,0.009654261456762733,8
1,9,1373,0.9759202546087792,0.9750671376615782,0.009344434449877623,8
1,45,1373,0.975800156128025,0.9737422164435706,0.009817137410581557,8
1,56,1373,0.975800156128025,0.9737333134909757,0.009812790417617146,8
1,49,1373,0.9757401068876479,0.9737009913346334,0.009628539712126336,8
1,61,1373,0.9757401068876479,0.9732385599669989,0.00987039996748398,8
1,54,1373,0.9757401068876479,0.9737141499507858,0.00990761651112379,8
1,55,1373,0.9757401068876479,0.9736882504523274,0.009877376345943776,8
1,46,1373,0.9757401068876478,0.9737425036355899,0.009830081395636722,8
1,25,1373,0.9756800576472707,0.9741072113916021,0.009015016748676967,8
1,27,1373,0.9756800576472707,0.9742105483017813,0.009205451497250695,8
1,19,1373,0.9755599591665166,0.975230341053577,0.008924780366765769,8
1,52,1373,0.9755599591665165,0.9737544612669344,0.009710687269583755,8
1,63,1373,0.9755286291280589,0.9729859876402999,0.009941799764013543,8
1,60,1373,0.9754999099261394,0.9733813466172697,0.009935110253965733,8
1,53,1373,0.9754999099261394,0.9738184789788495,0.009705004202753944,8
1,28,1373,0.9754398606857624,0.9741083340513135,0.009397445992830029,8
1,29,1373,0.9754398606857624,0.9744544265428087,0.009362455233999308,8
1,62,1373,0.9754098360655739,0.9731286959654742,0.009886045433261229,8
1,64,1373,0.9753798114453852,0.9729027019547334,0.010036800365948062,8
1,65,1373,0.9751722499406035,0.9725903153629454,0.01014131915092207,8
1,66,1373,0.9746970776906629,0.9726304961372673,0.010127971940284319,8
1,72,1373,0.9745782846281777,0.9723860957289325,0.010236448305154263,8
1,70,1373,0.9744790728397286,0.9722570420788524,0.010214931777358913,8
1,68,1373,0.9744190235993515,0.972406538579026,0.010147635746355795,8
1,67,1373,0.9742989251185972,0.9724922001258424,0.010123620908583859,8
1,69,1373,0.9742813019719648,0.9723042982201927,0.010170979163527669,8
1,73,1373,0.9741031123782371,0.9722166524376074,0.010282668619169913,8
1,71,1373,0.9740437158469945,0.9722908524120213,0.010260835003727322,8
1,75,1373,0.9739249227845094,0.972395651390662,0.010240321722102473,8
1,80,1373,0.9738785804359575,0.9721403899023285,0.010416840108725433,8
1,8,1373,0.9738785804359575,0.9744738772750178,0.009418042526581563,8
1,79,1373,0.9738655262532668,0.9722551361681796,0.010370346714258988,8
1,74,1373,0.9738061297220242,0.9723504578101871,0.010278491656679607,8
1,81,1373,0.9736984327148261,0.9719664820805234,0.010449145294343378,8
1,78,1373,0.9736873366595391,0.9722454760729885,0.01034057708810002,8
1,77,1373,0.9736873366595391,0.9723194932888447,0.010286234452867265,8
1,76,1373,0.973687336659539,0.9723740336641263,0.01023138184230138,8
1,82,1373,0.9734497505345687,0.9718257057743871,0.01043199170761638,8
1,83,1373,0.9733903540033262,0.9717425245222822,0.01049227966335516,8
1,84,1373,0.9733381372725635,0.9717591816593955,0.010443995564753249,8
1,86,1373,0.973271560940841,0.9715993984632617,0.010580208557115615,8
1,85,1373,0.9731579895514321,0.9716540432720047,0.010497319703718224,8
1,88,1373,0.9730378910706778,0.9717019260141142,0.010516335670117788,8
1,89,1373,0.9730378910706778,0.9716876186298852,0.010512837366393869,8
1,90,1373,0.9730378910706778,0.9716946417801728,0.010560838956272009,8
1,87,1373,0.9730339748158707,0.9716592910534465,0.010515517640224493,8
2,32,1373,0.9707175100974103,0.9677167973390354,0.011336502355365763,8
2,30,1373,0.9706581135661677,0.9672353329730379,0.011390783378376143,8
2,36,1373,0.9705987170349252,0.9673598176591761,0.011306307860283171,8
2,37,1373,0.9704205274411974,0.9669421882465362,0.011466535262578067,8
2,34,1373,0.9700354290518225,0.9676545811043318,0.011086840750532886,8
2,31,1373,0.9700047517224994,0.9673327171759104,0.011358241498077131,8
2,33,1373,0.9699453551912569,0.9677880209597958,0.011179230172052565,8
2,35,1373,0.9698859586600144,0.9674917171210826,0.011184495984564355,8
2,45,1373,0.9693748874076743,0.965867176301959,0.011388213448663741,8
2,50,1373,0.9693513898788311,0.9660471673728981,0.011006926848314735,8
2,38,1373,0.9692919933475886,0.9668062942047261,0.011401607265876417,8
2,44,1373,0.9692547889269201,0.9658407546361929,0.011422910103657676,8
2,29,1373,0.9692325968163459,0.9667043149295467,0.011463586584130887,8
2,48,1373,0.9691732002851033,0.9657859531772576,0.01116808576548026,8
2,49,1373,0.9691138037538608,0.9658067093277357,0.011148516366102477,8
2,39,1373,0.9689356141601331,0.966739535114446,0.011331669290663059,8
2,56,1373,0.9688762176288905,0.9656720945958293,0.01111580979708955,8
2,28,1373,0.9688762176288905,0.9664906701756312,0.011421810570594665,8
2,47,1373,0.9688344442442803,0.9659092107702228,0.011303181562725115,8
2,55,1373,0.9688168210976479,0.9655191778997909,0.011154397860051625,8
2,46,1373,0.9687743950039032,0.9657640221503372,0.011465541321682734,8
2,54,1373,0.9687574245664053,0.965490850323352,0.01116173054900117,8
2,53,1373,0.9687574245664052,0.9656404251486218,0.011199528325990775,8
2,51,1373,0.9685792349726776,0.96591928859926,0.011165712518545935,8
2,52,1373,0.9685792349726776,0.9657977802667753,0.011150816356091015,8
2,58,1373,0.9685198384414351,0.9651976533801195,0.011235941077779631,8
2,57,1373,0.9685198384414351,0.9652693208430912,0.011280575676530815,8
2,41,1373,0.9684140995616406,0.9662175244570111,0.011402097904829975,8
2,27,1373,0.9683540503212633,0.9659179048558948,0.011540440303339434,8
2,14,1373,0.9682822523164647,0.9667896370676129,0.011826328190892502,8
2,25,1373,0.9681739026001321,0.9659625501606969,0.011036414993712225,8
2,42,1373,0.9681739026001321,0.9660049501460763,0.011486049954688462,8
2,26,1373,0.9681138533597549,0.9657852743597576,0.0112665105778731,8
2,40,1373,0.9679937548790007,0.9665746607870628,0.011367634395236843,8
2,59,1373,0.967807080066524,0.9648018244525729,0.011321814198110389,8
2,43,1373,0.9676935086771153,0.9658167610484074,0.011456375910554236,8
2,22,1373,0.967688287004039,0.9659249280061826,0.011391868592724666,8
2,16,1373,0.9676334594367382,0.9668618528062577,0.011551333696976756,8
2,13,1373,0.9676288904727963,0.9660296225513618,0.011526436402565966,8
2,20,1373,0.9675694939415538,0.9662866333001757,0.01131917007853292,8
2,61,1373,0.9675100974103112,0.9647183560084487,0.01126989080253626,8
2,62,1373,0.9675100974103112,0.9646087008738469,0.011315351284739995,8
2,15,1373,0.9674507008790687,0.9662627441458518,0.012038135111984611,8
2,60,1373,0.967391304347826,0.9647040486242198,0.011304508950139213,8
2,23,1373,0.967272511285341,0.9654580843247986,0.011474003082696452,8
2,63,1373,0.9672131147540983,0.9643133369362877,0.011466489763235227,8
2,10,1373,0.9672131147540983,0.966207028894128,0.011078907102386964,8
2,21,1373,0.9672131147540983,0.9659515063221406,0.011147112121369615,8
2,18,1373,0.9671530655137213,0.9663418263845918,0.011550024673802459,8
2,64,1373,0.9670943216916132,0.9639935877854624,0.011588902365861381,8
2,19,1373,0.967032967032967,0.9662154096794154,0.01147313999028113,8
2,12,1373,0.9669755286291281,0.9657006310391912,0.011455934411867912,8
2,17,1373,0.9669755286291281,0.9665021839647642,0.01156465452827571,8
2,9,1373,0.9669128685522128,0.9659128659413763,0.011108340350706153,8
2,24,1373,0.9667927700714586,0.9656702409018874,0.011246329286689598,8
2,65,1373,0.96655975291043,0.9638220036081762,0.01162949098059913,8
2,11,1373,0.9665003563791875,0.965929418645028,0.011239487203215099,8
2,8,1373,0.966143977191732,0.9655806631002639,0.011168682474799638,8
2,67,1373,0.9660845806604894,0.963819601638561,0.011571348398499043,8
2,66,1373,0.9660845806604894,0.9637602051073185,0.011654655191064104,8
2,68,1373,0.9657875980042766,0.9637031061122294,0.011536250203753916,8
2,69,1373,0.9650748396293657,0.9635196165203294,0.011554532203843245,8
2,70,1373,0.9647778569731528,0.9635009229307162,0.011659940837799223,8
2,78,1373,0.9647778569731527,0.9633326022991026,0.011917325331563547,8
2,75,1373,0.964599667379425,0.9635399810453268,0.011752378007921296,8
2,71,1373,0.964599667379425,0.9635151258814837,0.011526048170444409,8
2,76,1373,0.9644808743169399,0.9633182949148736,0.01176834737057623,8
2,77,1373,0.9644214777856973,0.963151410243356,0.011925398734034729,8
2,72,1373,0.9643620812544548,0.9633937219824605,0.011590605442478844,8
2,79,1373,0.9643026847232121,0.963297094922184,0.011909491365357022,8
2,74,1373,0.964183891660727,0.9633442727384282,0.011699647049622442,8
2,80,1373,0.9641838916607269,0.9632494471553631,0.011963744567641212,8
2,86,1373,0.9640905542544886,0.9630131925570272,0.011872915006011413,8
2,89,1373,0.9640650985982419,0.9628798310266593,0.011825550461918466,8
2,87,1373,0.9638503572929802,0.9631157201078798,0.011783427149563687,8
2,81,1373,0.9638275124732716,0.9631659264945082,0.011972255701615074,8
2,88,1373,0.9637903080526031,0.9629969270453946,0.011811308958226843,8
2,85,1373,0.9637903080526031,0.9629204556431926,0.011953650043606517,8
2,82,1373,0.963768115942029,0.962961080259726,0.01207657626577473,8
2,90,1373,0.9637087194107863,0.9628534093608934,0.01179529874404,8
2,84,1373,0.9636493228795439,0.9630088324600083,0.011950986549093533,8
2,83,1373,0.9636101603314717,0.9630019920682787,0.012038266651246469,8
2,73,1373,0.9635899263483013,0.9632920560076655,0.011724683100879143,8
3,16,1373,0.9589569969113804,0.9570678217007513,0.013287489676639423,8
3,39,1373,0.9587788073176526,0.957714317044324,0.012313060676469244,8
3,41,1373,0.9587194107864101,0.9570932773569979,0.012288714763611003,8
3,40,1373,0.9587194107864101,0.957553150104825,0.012307178908174895,8
3,35,1373,0.9587194107864101,0.9581955464350332,0.01239219174813541,8
3,13,1373,0.95871941078641,0.9572069009631377,0.01351439348281398,8
3,14,1373,0.9586006177239249,0.9568411488725101,0.01372456610125614,8
3,57,1373,0.9585412211926823,0.9571392019717038,0.01201437109397092,8
3,17,1373,0.9584224281301972,0.9566981272469512,0.013018418757008298,8
3,15,1373,0.9583858764186634,0.9573894245455188,0.013182912129792902,8
3,58,1373,0.958265777937909,0.9568721656105833,0.012012656737972154,8
3,56,1373,0.958205728697532,0.9571297507434358,0.012058796756192697,8
3,55,1373,0.958205728697532,0.9575012988911779,0.011845044840055094,8
3,48,1373,0.9581848420052269,0.9571814714152562,0.011905151848735302,8
3,46,1373,0.9581848420052269,0.9573137625026434,0.012178029498837034,8
3,43,1373,0.9581848420052268,0.9570853665222873,0.012254704178514405,8
3,49,1373,0.9581848420052268,0.9574917954461789,0.011753453130079973,8
3,11,1373,0.9581254454739844,0.9561130126703897,0.013275339344831567,8
3,44,1373,0.9581254454739843,0.9572030108166958,0.01219733113100816,8
3,67,1373,0.9580660489427417,0.9557685388975482,0.012255179548526198,8
3,37,1373,0.9580660489427417,0.9575601993634781,0.012539524974828358,8
3,47,1373,0.9580066524114992,0.9570045611314322,0.011982870077263823,8
3,32,1373,0.9579655317360234,0.9585261827742226,0.01247534889996724,8
3,38,1373,0.9579472558802565,0.9577290160540339,0.012419440045440829,8
3,18,1373,0.9579472558802565,0.9565140371626473,0.013054857992187965,8
3,45,1373,0.957887859349014,0.9569634665643219,0.012252954480823515,8
3,50,1373,0.957887859349014,0.9573226915636041,0.011913737737141859,8
3,62,1373,0.9578284628177715,0.9560658348541456,0.012184722555737862,8
3,19,1373,0.9577853840148922,0.9567467671316566,0.012827269167456195,8
3,34,1373,0.9577690662865289,0.9581937710661873,0.012434407007466789,8
3,61,1373,0.9577690662865288,0.9562658249329669,0.012103667512234843,8
3,51,1373,0.9577096697552863,0.9572660625190917,0.01184626427091872,8
3,53,1373,0.9576502732240437,0.9572077886475605,0.01193622405395819,8
3,20,1373,0.9576502732240436,0.9566280262859023,0.012575666790732583,8
3,69,1373,0.9576052362937608,0.9556313916542,0.012259201615308022,8
3,66,1373,0.9575908766928011,0.9555584970980553,0.01240305897087,8
3,54,1373,0.9575908766928011,0.9573220388544693,0.011860961610712387,8
3,36,1373,0.9575908766928011,0.9577558293452805,0.012451194132462156,8
3,68,1373,0.9575451870533838,0.9555594631075742,0.012339124268333059,8
3,70,1373,0.9575451870533838,0.955793106869372,0.012192824751606024,8
3,71,1373,0.9574250885726295,0.9556981768528453,0.012191492051641186,8
3,72,1373,0.9574126870990733,0.9554697808724893,0.012216818336146905,8
3,42,1373,0.9574126870990733,0.956804571052611,0.012423223083660407,8
3,52,1373,0.9574126870990733,0.9572621462642846,0.011986101261814161,8
3,33,1373,0.9573532905678308,0.9583872862703938,0.012461284423003609,8
3,59,1373,0.9572938940365883,0.9565999336847519,0.012002731083789644,8
3,73,1373,0.9572938940365883,0.9555508473469984,0.012234435541198714,8
3,60,1373,0.9572938940365882,0.9564116140452561,0.0119842400054435,8
3,31,1373,0.9572449408514982,0.9584477793529825,0.012478269290678683,8
3,8,1373,0.9572449408514982,0.9566958558191629,0.012790424942780139,8
3,65,1373,0.9572344975053456,0.9554179557672073,0.012412562814795292,8
3,74,1373,0.9571751009741031,0.9557682778138944,0.012270689231341716,8
3,63,1373,0.9571751009741031,0.955558209906036,0.01221361427690681,8
3,64,1373,0.9571751009741031,0.9555965892031466,0.01221129362030873,8
3,12,1373,0.9569446946496127,0.956251883065853,0.013179894053108723,8
3,75,1373,0.9566999287241624,0.9555895921612243,0.012310514684470522,8
3,10,1373,0.95664053219292,0.956737968612523,0.013195904450773137,8
3,77,1373,0.9565217391304348,0.9556564295766006,0.012278774246016165,8
3,21,1373,0.9564623425991922,0.9566631420373402,0.012501723952638068,8
3,76,1373,0.956343549536707,0.9554320020677826,0.012310837151512825,8
3,80,1373,0.956343549536707,0.9553919779436529,0.012202889630597727,8
3,87,1373,0.9561653599429794,0.9557442059010128,0.012044691746855567,8
3,86,1373,0.9561653599429794,0.9558537043854222,0.012198120487968136,8
3,79,1373,0.9561653599429794,0.9554705119067199,0.012178585931126312,8
3,9,1373,0.9561640545247103,0.9568513050266435,0.012980454889990448,8
3,78,1373,0.9561059634117367,0.955589905461609,0.012241622911559962,8
3,84,1373,0.956043956043956,0.9556598497724655,0.012223842938867819,8
3,81,1373,0.9559871703492515,0.9553803336126927,0.012237031341802434,8
3,28,1373,0.9559839068035789,0.9571778162441028,0.012756340126140566,8
3,30,1373,0.9559277738180091,0.9580183228508247,0.01256652205085146,8
3,82,1373,0.955927773818009,0.9556191990475668,0.012247809442259497,8
3,83,1373,0.9558638083228247,0.9555904798456474,0.012229755415768801,8
3,29,1373,0.9558037590824475,0.9578351204509437,0.012640678643937774,8
3,90,1373,0.9557437098420705,0.9553881922306726,0.01207362859995963,8
3,89,1373,0.9557437098420705,0.9554552124046066,0.012064882407509353,8
3,85,1373,0.9557437098420704,0.9557507329923581,0.012207095764863165,8
3,22,1373,0.9556901876930386,0.9561440816251937,0.012562089410434041,8
3,88,1373,0.9556836606016934,0.9554552124046066,0.01210251437049315,8
3,24,1373,0.9553338085055832,0.9565511371498542,0.012460361765946776,8
3,27,1373,0.9551432174382994,0.9571119970549765,0.012647422175289049,8
3,26,1373,0.9550231189575451,0.9565787598004276,0.012755080527536053,8
3,23,1373,0.9548429712364138,0.9561008983888527,0.01251352202369738,8
3,25,1373,0.9545427250345282,0.9563183027473834,0.012655539740041013,8
4,30,1373,0.9458897600380137,0.9450916534166712,0.013688279752610144,8
4,31,1373,0.9452363981943455,0.9452039977129071,0.013636768064815381,8
4,29,1373,0.9447018294131622,0.9443206733869599,0.013743609689495586,8
4,35,1373,0.9438702779757663,0.9442973847250399,0.01367950543785014,8
4,42,1373,0.9434936648051402,0.94282544730157,0.013321158094885946,8
4,28,1373,0.9433357091945831,0.944385030507625,0.013664949877338618,8
4,44,1373,0.9432763126633404,0.9428613724123346,0.013385892086483045,8
4,45,1373,0.9431575196008553,0.9430515457457723,0.01332417717073358,8
4,36,1373,0.9431575196008553,0.9439182129346062,0.013734308641410582,8
4,34,1373,0.9429793300071275,0.9448056884906493,0.013551756343194896,8
4,37,1373,0.9429532216417462,0.9436904957717502,0.01361870572826332,8
4,43,1373,0.9428331231609919,0.942895078312042,0.01318293641911085,8
4,38,1373,0.9427130246802379,0.9437861829308729,0.013458821399444907,8
4,32,1373,0.9426823473509147,0.9451150726204183,0.013507643775217586,8
4,14,1373,0.9426229508196721,0.944808612627572,0.014334290187488977,8
4,33,1373,0.942504157757187,0.9448185860231477,0.01358593384874529,8
4,27,1373,0.9421477785697314,0.9436389839668529,0.013742262441895577,8
4,41,1373,0.9421125322764667,0.9424994060346876,0.01348348613140821,8
4,26,1373,0.9419101924447612,0.9433188431905468,0.01371692541656074,8
4,55,1373,0.9418507959135187,0.9430789595294228,0.013287395175495742,8
4,39,1373,0.9418122860745812,0.9433264407248727,0.013427635678823598,8
4,56,1373,0.9417913993822761,0.9429551536607845,0.013271234593766326,8
4,48,1373,0.9417320028510334,0.943556899266094,0.013052637830363072,8
4,53,1373,0.9417320028510334,0.943422989460053,0.013297701547830361,8
4,40,1373,0.9416321383534498,0.9427646670269622,0.013476060491532705,8
4,9,1373,0.9416132097885483,0.9438768311754769,0.014370554467154762,8
4,54,1373,0.9414944167260633,0.943413486015054,0.013277553971037451,8
4,13,1373,0.9413919413919414,0.9438517410363454,0.014631489593837806,8
4,46,1373,0.9412568306010929,0.9427329714713892,0.013132081380565394,8
4,12,1373,0.9412117936708101,0.9443583999749362,0.014657280243583518,8
4,47,1373,0.9411974340698502,0.9430127748231811,0.013056812049052728,8
4,51,1373,0.9411380375386078,0.9434552071829334,0.01307060991650438,8
4,57,1373,0.9411380375386078,0.9428165704573401,0.01328079285467841,8
4,50,1373,0.9410786410073652,0.9434311091616866,0.013043974647806624,8
4,49,1373,0.9410192444761226,0.9433567525370805,0.013156028644625001,8
4,16,1373,0.9409115474689246,0.9434959362329285,0.01406190893500874,8
4,25,1373,0.9408410548823949,0.942646291698323,0.013885743246827323,8
4,8,1373,0.9407914489881704,0.9438458405457691,0.014089607854120705,8
4,15,1373,0.9407222618199098,0.9438610356144214,0.014470946971151403,8
4,52,1373,0.940544072226182,0.9433060500915098,0.0132234808270125,8
4,58,1373,0.9404846756949394,0.9426065808745782,0.013375395369713916,8
4,10,1373,0.9403658826324544,0.9429821236022233,0.014478826844152864,8
4,17,1373,0.9401909565843992,0.9431739156543147,0.014119410222771186,8
4,11,1373,0.9401876930387266,0.9428126019858024,0.014653864659825579,8
4,18,1373,0.9400688999762414,0.943631334215796,0.01394488286705923,8
4,19,1373,0.9399501069137561,0.9432151929799828,0.013988398716873717,8
4,59,1373,0.9398907103825136,0.9423301716102856,0.013494801261602041,8
4,60,1373,0.9396531242575434,0.9423186317127871,0.013436523820112699,8
5,33,1373,0.9396531242575434,0.9389651427213792,0.013431782464189393,8
4,85,1373,0.9395343311950582,0.9422371997211627,0.013544530094543063,8
4,76,1373,0.939530414940251,0.9413424138228129,0.013478950647239875,8
5,34,1373,0.9394749346638156,0.9386447147530541,0.013497774983552367,8
5,27,1373,0.9394103164594967,0.9387676329372694,0.013301608128720003,8
4,75,1373,0.9393561416013305,0.9411586370388936,0.013469426202382563,8
4,74,1373,0.9393561416013305,0.941161404525624,0.013484305816777488,8
4,61,1373,0.939296745070088,0.9419684663162923,0.01348907966708832,8
4,62,1373,0.939296745070088,0.9414580738814524,0.01348322371493676,8
4,73,1373,0.9392967450700879,0.9411371759625502,0.013482850397713022,8
4,88,1373,0.9392967450700879,0.9414788300319304,0.013699854510831427,8
5,29,1373,0.9392902179787426,0.9394743863881426,0.013191589219851158,8
4,84,1373,0.9391779520076029,0.9420415697393603,0.013589060067277503,8
5,35,1373,0.9391185554763601,0.9382637675937747,0.013655268210711285,8
4,89,1373,0.9390500210172341,0.941473451708662,0.013747093255207392,8
4,64,1373,0.9389997624138751,0.9413632744067527,0.013605565002023444,8
4,63,1373,0.9389997624138751,0.9413537187450232,0.013563221180510877,8
5,28,1373,0.938989971776857,0.9388226693714933,0.01336794305481996,8
5,32,1373,0.9389403658826325,0.9389919037958953,0.013462135653183082,8
4,90,1373,0.9389299225364799,0.9414833206707762,0.01375065919326833,8
4,86,1373,0.93888096935139,0.9420397943705143,0.01356495680787079,8
5,31,1373,0.9388809693513899,0.9392383928734606,0.013447346939551866,8
5,18,1373,0.9388698732961027,0.9377204264018233,0.013634678925402027,8
4,87,1373,0.9388215728201473,0.9417033619742101,0.013630557458218541,8
5,16,1373,0.9388098240557257,0.9376233293909703,0.013967085357924696,8
4,81,1373,0.9387621762889048,0.9416294753001808,0.013600440736367406,8
4,68,1373,0.9387621762889048,0.9412203311062898,0.013588022917974845,8
5,19,1373,0.9387497748153486,0.9370740877084428,0.013851847738920557,8
4,66,1373,0.9387027797576621,0.9414552019612603,0.013404642092459337,8
4,78,1373,0.9386897255749715,0.9413694098726174,0.013634034730894118,8
4,77,1373,0.9386897255749715,0.9413690443555021,0.01357431784207642,8
5,36,1373,0.9386433832264196,0.9381774011210932,0.013498676772306048,8
4,70,1373,0.9386433832264196,0.941033995702563,0.013491469579140367,8
5,17,1373,0.9386296763345944,0.9379560543993902,0.013755994329493218,8
4,72,1373,0.9385839866951771,0.9408702179265258,0.013561712055689039,8
5,50,1373,0.9385839866951768,0.9378395327646933,0.012865440337298554,8
4,69,1373,0.9385245901639345,0.9412649241943611,0.013448267400145805,8
4,65,1373,0.9385245901639345,0.941442434970589,0.013417899185643706,8
5,30,1373,0.9385245901639344,0.9395080139627539,0.01342232377128103,8
4,24,1373,0.9385245901639343,0.9423678981982617,0.013976570639223798,8
5,15,1373,0.9385095778538401,0.9379804657210218,0.013977411552724948,8
5,51,1373,0.9384651936326918,0.9377539756513384,0.01293816992153076,8
4,71,1373,0.9384057971014493,0.9408512632532591,0.013606515568467372,8
4,80,1373,0.9384057971014492,0.9413430143152166,0.013648568379367846,8
4,82,1373,0.9383464005702068,0.9416009649651846,0.013681423016722724,8
4,23,1373,0.9383294301327089,0.9427404384638882,0.013954222599200946,8
4,79,1373,0.9383294301327088,0.9412718168028219,0.013610152661130935,8
4,83,1373,0.9382870040389641,0.9417014038468065,0.013694981723926823,8
5,22,1373,0.9382093316519546,0.936852427686355,0.013721301448673062,8
5,26,1373,0.9382093316519546,0.9381102765136978,0.013400000218823573,8
5,25,1373,0.9382093316519545,0.9377845746555654,0.013369269481060974,8
4,20,1373,0.938168210976479,0.942795187706093,0.013982800368747935,8
5,13,1373,0.9380291839308232,0.939220691401732,0.01428306333485986,8
5,24,1373,0.9379691346904462,0.9372147073643865,0.013667526313237916,8
4,67,1373,0.9379306248515087,0.9411504129037985,0.013536548273000402,8
5,23,1373,0.9379090854500691,0.9367236873366594,0.013641019022356038,8
5,20,1373,0.937909085450069,0.9366092282628277,0.013919260034886161,8
5,12,1373,0.9378118317890236,0.9382133523402234,0.014547218240885748,8
5,52,1373,0.9378118317890234,0.9377538190011461,0.012919386261958914,8
5,49,1373,0.9377524352577808,0.9379361337166041,0.012804953514681064,8
5,11,1373,0.9376088392481835,0.9388664792086031,0.014408361848195219,8
5,53,1373,0.9375742456640532,0.9378715155122853,0.01302909742183804,8
5,9,1373,0.9375148491328106,0.9371146601082452,0.014136404292301306,8
5,54,1373,0.937455452601568,0.937547458481172,0.013145100440281882,8
4,21,1373,0.937308593046298,0.9424084183813335,0.013937612198777503,8
5,37,1373,0.9372772630078404,0.9383779655839528,0.013451464681948438,8
5,48,1373,0.9372178664765977,0.9377950180017178,0.012950349798796727,8
5,14,1373,0.9370083468444125,0.9385127630744167,0.014188823666106144,8
5,41,1373,0.9368614872891423,0.9372568723744774,0.013508302103270226,8
5,83,1373,0.9368614872891423,0.9369579576992265,0.013454352401406487,8
5,42,1373,0.9368020907578998,0.9374189792151303,0.013256656446075602,8
5,38,1373,0.9368020907578997,0.9379252465282402,0.013492791558213896,8
5,55,1373,0.9367426942266571,0.9373811481936927,0.013076865510042874,8
5,40,1373,0.9366239011641719,0.9369757113876857,0.013624136844963506,8
5,43,1373,0.9366239011641719,0.9373448575658125,0.013278775191391673,8
5,47,1373,0.9365645046329294,0.9378660588639205,0.013128364444019365,8
5,44,1373,0.9365645046329294,0.9374902550526213,0.013316425279869615,8
5,84,1373,0.9365051081016869,0.9371180280873794,0.013423371906767423,8
5,45,1373,0.9363269185079591,0.9373337615105255,0.013130948198311938,8
5,8,1373,0.9362877559598871,0.9382131173649348,0.014256491870798792,8
5,39,1373,0.9362675219767165,0.9371606369396818,0.013726892265221745,8
5,56,1373,0.9362675219767164,0.9371110310454571,0.013084320210524178,8
5,46,1373,0.9361487289142313,0.9374294486696484,0.013100703877487262,8
5,21,1373,0.9361076082387558,0.9361766387568242,0.0137578588278562,8
5,85,1373,0.9360893323829889,0.9369222936721155,0.013324705182376585,8
5,82,1373,0.9360893323829889,0.9366552834193602,0.013464314362943096,8
6,28,1373,0.9359705393205037,0.9389962377845485,0.013168886188962697,8
6,48,1373,0.9357923497267759,0.9379284317488167,0.012669528140956853,8
5,57,1373,0.9356735566642908,0.936668677010801,0.013045243107004044,8
5,81,1373,0.9356141601330482,0.9363560293353592,0.013286383773176287,8
5,58,1373,0.9355547636018056,0.9363499721945909,0.01313003222445515,8
5,90,1373,0.9355547636018056,0.9366450750484964,0.013244334909725038,8
6,51,1373,0.9355547636018056,0.9377835564293154,0.012641189259817295,8
5,89,1373,0.935495367070563,0.9365689169466791,0.013434351356875072,8
6,27,1373,0.9354359705393205,0.9384370488148106,0.013271369925940883,8
5,60,1373,0.9354359705393204,0.9360596210631849,0.013008558071956082,8
6,30,1373,0.9353870173542305,0.9388107900652447,0.01325982312429989,8
4,22,1373,0.9353870173542305,0.9420832386905089,0.01400692013165001,8
6,43,1373,0.9353765740080779,0.9373014393541835,0.013042897917668375,8
5,80,1373,0.9353171774768354,0.9363010190095007,0.013176440736932192,8
6,32,1373,0.9353171774768354,0.9383776000668373,0.013277991254706177,8
5,88,1373,0.9353171774768353,0.936418297786794,0.01342638644048269,8
6,50,1373,0.9353171774768352,0.9377434539800896,0.012702102061764335,8
6,49,1373,0.9352577809455928,0.9377669515089329,0.012682135662567913,8
6,42,1373,0.9351983844143501,0.937003595121913,0.01319108498007632,8
6,29,1373,0.935146820392722,0.9387866659356324,0.013294831436798583,8
6,33,1373,0.935079591351865,0.9380263120106312,0.013440211353961399,8
5,59,1373,0.935079591351865,0.9362858500492144,0.013034918403797387,8
6,31,1373,0.9350267219119678,0.9383801847950102,0.013325220893178127,8
5,87,1373,0.9350201948206225,0.9364255559123699,0.013345644057988564,8
5,86,1373,0.9350201948206224,0.9364848741185163,0.013378326046921483,8
5,66,1373,0.9349666726715906,0.9360452875705905,0.013199476280608888,8
6,47,1373,0.9349014017581374,0.9376662254352917,0.012840985614002673,8
5,67,1373,0.9349014017581373,0.9359505403126215,0.013292157549316777,8
5,69,1373,0.9347865249504592,0.9357095078834209,0.01335046555724505,8
6,46,1373,0.9347826086956522,0.9376017377727999,0.012864942826353672,8
5,68,1373,0.9347264757100822,0.9361149707977934,0.013324170950660411,8
6,41,1373,0.9347232121644096,0.9369493941553811,0.013076776014390001,8
5,61,1373,0.9346664264697051,0.9356681261242915,0.013100846536199579,8
6,26,1373,0.934663815633167,0.9382791454209845,0.013182429729231471,8
6,52,1373,0.934663815633167,0.9378243638044066,0.012621737965237863,8
6,44,1373,0.934663815633167,0.9371522300460291,0.012953603650528809,8
5,65,1373,0.934606377229328,0.9360712392857795,0.013052396166866691,8
6,45,1373,0.9346044191019245,0.9371119970549764,0.012876390876440028,8
6,36,1373,0.934545022570682,0.937892036687475,0.013383867463906034,8
6,54,1373,0.9344856260394392,0.9371901393925627,0.012659998390984636,8
7,27,1373,0.9343668329769542,0.9355914197468012,0.0145583672794446,8
5,79,1373,0.9343668329769541,0.9358099206566777,0.013361660484229475,8
6,53,1373,0.9343668329769541,0.9373400536265823,0.012647964490860652,8
6,37,1373,0.9343074364457116,0.9376348692884687,0.013183438199485998,8
6,34,1373,0.9343061310274425,0.9376803239525977,0.013469112563398427,8
5,62,1373,0.9343061310274425,0.9356827729172704,0.013097394018041782,8
6,55,1373,0.9342480399144689,0.9370215315689299,0.01265577417863843,8
6,16,1373,0.9341292468519838,0.9369673044940329,0.013850799606422722,8
6,40,1373,0.9341292468519838,0.9369094222479825,0.013268101193565363,8
6,35,1373,0.9341292468519838,0.93765549489712,0.013442362045458175,8
5,64,1373,0.9341259833063111,0.93591278761628,0.013085008116275122,8
6,17,1373,0.9340698503207413,0.9365532519274502,0.013817709446410479,8
7,44,1373,0.9340104537894988,0.9341716207289977,0.014661363574607376,8
6,83,1373,0.9340104537894987,0.9375747939397262,0.012701531268828158,8
5,70,1373,0.9340104537894987,0.9354742715113349,0.013425718896281781,8
7,45,1373,0.9339510572582561,0.9346399003704776,0.014700142879078035,8
5,76,1373,0.9339510572582561,0.9358803088097457,0.013388953036354604,8
5,63,1373,0.93394583558518,0.9356516256373704,0.01315603971917965,8
5,10,1373,0.9339458355851799,0.9368868907286584,0.014176589516403253,8
5,72,1373,0.9338916607270136,0.9355965369864159,0.013470025270382427,8
6,56,1373,0.933832264195771,0.936714001133103,0.012677075598143952,8
7,47,1373,0.933832264195771,0.9350865883937872,0.014389694932280667,8
6,25,1373,0.9338322641957709,0.9377451249154741,0.01331481763267424,8
6,24,1373,0.9338322641957709,0.9372930063521652,0.013371775777057157,8
5,75,1373,0.9338322641957709,0.9358491354214804,0.013407353410815524,8
7,28,1373,0.9338257371044256,0.935379524253366,0.014700517935453879,8
6,80,1373,0.9337728676645283,0.9368709385174104,0.012814575876239739,8
7,11,1373,0.9337134711332858,0.9336042337325303,0.01576831562017397,8
6,84,1373,0.9337134711332857,0.9372865314775508,0.012674678589243964,8
6,75,1373,0.9336540746020432,0.9364743002305369,0.012978462376669445,8
7,29,1373,0.9336540746020432,0.9354387380260509,0.014629505865789203,8
6,38,1373,0.9335946780708007,0.9369022424475025,0.013298687736960843,8
6,79,1373,0.9335946780708007,0.9367661134304042,0.01279622901543586,8
6,82,1373,0.9335946780708007,0.9374339393084938,0.012783264016186078,8
5,74,1373,0.9335946780708007,0.9355079251943114,0.013409800768684324,8
6,12,1373,0.9335946780708007,0.9377341332936485,0.014121895253561067,8
7,16,1373,0.9335352815395581,0.9327874857383054,0.015476536793351323,8
5,78,1373,0.9335352815395581,0.9356476310574671,0.013391930127353254,8
7,25,1373,0.9335352815395581,0.9348570697537197,0.014772952230001074,8
5,73,1373,0.9335352815395581,0.9355724650735341,0.01339124399658141,8
5,71,1373,0.9335352815395581,0.9353354533326024,0.013477448680616315,8
6,58,1373,0.933535281539558,0.9363445938713223,0.012710936855280701,8
7,30,1373,0.9335254909025401,0.9351089110461882,0.014777802624737005,8
6,67,1373,0.9334758850083156,0.9362382283907585,0.012700177466754742,8
6,70,1373,0.9334654416621629,0.9356808670065976,0.013120125608449985,8
7,15,1373,0.933416488477073,0.9330582294873101,0.01529363678001188,8
7,42,1373,0.933416488477073,0.9341345207417909,0.014796676544250747,8
7,46,1373,0.933416488477073,0.9347880914523823,0.014508451995498524,8
6,86,1373,0.9334164884770728,0.9370237246716219,0.012729262658523812,8
7,35,1373,0.9333570919458304,0.9351057780423424,0.01498214165254341,8
7,26,1373,0.9333570919458303,0.9349032293437141,0.014631522084030128,8
6,61,1373,0.9333570919458303,0.9356926418793846,0.012678187825183386,8
6,39,1373,0.9332976954145878,0.9366422031283044,0.013288317611300218,8
6,85,1373,0.9332976954145877,0.93697806114057,0.012798823421913746,8
6,66,1373,0.9332976954145877,0.9360760432250096,0.012706351278059727,8
6,59,1373,0.9332976954145877,0.9360219989086704,0.012714017925164708,8
6,74,1373,0.9332852939410317,0.9362065850519166,0.012893883472738066,8
7,79,1373,0.9332382988833452,0.9351179706489755,0.014282697883724329,8
7,36,1373,0.9332382988833452,0.9348911411705423,0.01478652441160601,8
6,19,1373,0.9332382988833452,0.9359976659121348,0.014028598660542775,8
6,64,1373,0.9332382988833452,0.9360804816471244,0.012653949443545753,8
6,71,1373,0.9332382988833452,0.9358247240998487,0.0129673862000545,8
6,87,1373,0.9332382988833452,0.9369158710142317,0.012778724782404155,8
6,10,1373,0.9332382988833452,0.9373918004067684,0.014250384119066893,8
6,90,1373,0.9332252447006546,0.9366991976899317,0.01277384252018808,8
6,18,1373,0.9332252447006545,0.9361471363039431,0.013832092764960629,8
6,73,1373,0.9332252447006545,0.935815298979946,0.012943618944223271,8
5,77,1373,0.9332252447006545,0.9358499186724418,0.013382408696964603,8
7,31,1373,0.9331789023521027,0.93521788736329,0.01482083180847425,8
6,57,1373,0.9331789023521027,0.9363657416472813,0.012678186463361673,8
6,81,1373,0.9331789023521025,0.9370191034909496,0.012702128079215232,8
7,43,1373,0.9331195058208601,0.934175745850728,0.014814986741523343,8
7,13,1373,0.9330601092896176,0.9328619206880078,0.01550873285263482,8
6,60,1373,0.9330601092896175,0.935635647317757,0.012695085274158531,8
6,76,1373,0.9330007127583749,0.9363744879496839,0.012944059805198945,8
7,51,1373,0.9330007127583749,0.9350272962960062,0.014284118443190677,8
6,69,1373,0.9330007127583749,0.9357194551706313,0.013032613982795314,8
6,68,1373,0.9330007127583748,0.9359048245648388,0.012898175323861972,8
6,77,1373,0.9329850477391461,0.936220239727011,0.012922120666316102,8
6,63,1373,0.9329413162271324,0.9360946584895267,0.012689486006451435,8
7,80,1373,0.9329413162271323,0.9353215375738542,0.014272554307945426,8
6,88,1373,0.9329249984987689,0.9368396084789526,0.012820252042743303,8
7,14,1373,0.9328819196958897,0.9327061842885078,0.015453461034692468,8
6,89,1373,0.9328649492583919,0.9368948537800996,0.012747027431978294,8
7,12,1373,0.9328225231646472,0.9330633728352902,0.015770263138659094,8
7,84,1373,0.9328225231646472,0.9352633681357844,0.014221744913097845,8
6,72,1373,0.9328225231646472,0.9357871541620653,0.013020418901230726,8
7,24,1373,0.9328225231646471,0.9343061310274424,0.014862701119729418,8
6,78,1373,0.9328225231646471,0.9363914844955472,0.012865735940492493,8
7,78,1373,0.9327631266334045,0.9349749229150512,0.014351039761353492,8
7,85,1373,0.9327631266334045,0.9352803646816477,0.014237557891710498,8
7,81,1373,0.932703730102162,0.9355095439129651,0.01422697988498013,8
7,48,1373,0.932703730102162,0.9350249204347564,0.014239984373720174,8
6,65,1373,0.932703730102162,0.9359568324286784,0.012828117694883612,8
7,82,1373,0.932703730102162,0.9356508423864092,0.014254059653557076,8
6,62,1373,0.932703730102162,0.9357526911197616,0.012732237369564766,8
7,50,1373,0.9326443335709196,0.9350699834734048,0.014347963870468732,8
7,34,1373,0.9326443335709196,0.9346435555416309,0.014937921415986441,8
6,21,1373,0.9326443335709195,0.9360533289471279,0.01386848885783805,8
7,41,1373,0.9326443335709195,0.934084627655547,0.014906404595675181,8
7,88,1373,0.9326443335709194,0.9354043272004783,0.014298364547595315,8
7,83,1373,0.9326443335709194,0.9355074291353693,0.01415446914278216,8
7,73,1373,0.9325849370396769,0.9343847694239712,0.01437969452828482,8
6,15,1373,0.9325647030565063,0.9365732770436976,0.013859257544368774,8
7,86,1373,0.9324661439771917,0.9353518232776965,0.014283148501653065,8
7,17,1373,0.9324661439771917,0.9325495340962198,0.015491476070604004,8
6,11,1373,0.9324446045757522,0.9367913863280934,0.014478673990604114,8
7,38,1373,0.9324067474459492,0.9338969868335512,0.0149368885111891,8
7,87,1373,0.9324067474459492,0.935232534156269,0.014323401238903475,8
6,23,1373,0.9324067474459491,0.936659643516379,0.01357164448211423,8
6,14,1373,0.9323845553353749,0.9367307627036778,0.013873598302618771,8
7,52,1373,0.9323473509147067,0.934755351562194,0.01436446822622644,8
6,13,1373,0.9323245060949978,0.937069257660847,0.014126772874972392,8
7,39,1373,0.9322879543834641,0.934206893130628,0.014898168804467139,8
7,49,1373,0.9322879543834641,0.9349297293345761,0.014327183496099015,8
7,37,1373,0.9322879543834641,0.9342432881919696,0.014786760036499334,8
7,90,1373,0.9322285578522214,0.9352759523678982,0.014320644946725298,8
7,40,1373,0.9322285578522214,0.9342042039689936,0.014782378008445375,8
7,33,1373,0.9321691613209789,0.9346997146355664,0.015040217877887146,8
7,32,1373,0.9321691613209789,0.9349192337716928,0.01492256518466356,8
7,89,1373,0.9321097647897362,0.9351443662063762,0.014380224409580407,8
6,20,1373,0.9320242598931123,0.9355524138489213,0.013936160423263195,8
7,23,1373,0.931990971727251,0.9337157947778049,0.014849639809321765,8
6,8,1373,0.931872178664766,0.9356524872134281,0.014008877086071644,8
7,77,1373,0.931872178664766,0.9346306841174982,0.014438194608710292,8
7,53,1373,0.9318721786647659,0.9346224860907685,0.014303247219795331,8
7,74,1373,0.9318721786647659,0.9346519885436493,0.01435224282815342,8
7,55,1373,0.9318127821335235,0.9341872596398614,0.01433581959568686,8
7,56,1373,0.9318127821335234,0.9339294917484512,0.014419229627929546,8
6,22,1373,0.9317533856022808,0.9361965594396101,0.013696705471250176,8
7,76,1373,0.9316939890710383,0.9345734023638513,0.014389297636035516,8
7,75,1373,0.9316345925397957,0.9344950511593418,0.014370020012003581,8
7,54,1373,0.9315751960085532,0.9345078703667443,0.014315018581634947,8
7,57,1373,0.9315157994773106,0.9338843503847067,0.014397741439103077,8
7,18,1373,0.931456402946068,0.9323832238087406,0.015540433976593689,8
7,72,1373,0.9314564029460679,0.9339384208094116,0.014582733265555143,8
6,9,1373,0.9313637182489641,0.9356135857490099,0.01424709336016382,8
7,66,1373,0.9312782133523403,0.9340001932019039,0.014488148223722545,8
7,58,1373,0.9312782133523403,0.9336100820063755,0.01439732684523268,8
7,64,1373,0.9311594202898551,0.9339062030865309,0.014368583591611828,8
7,71,1373,0.931159420289855,0.933850409509711,0.014538505215043747,8
7,63,1373,0.93104062722737,0.9337813006665466,0.014403754164631665,8
7,70,1373,0.9309812306961274,0.9338928617118211,0.014496266282047646,8
7,10,1373,0.9309218341648847,0.9329675290259751,0.016043468186355422,8
7,20,1373,0.9308624376336422,0.9327185857620641,0.015538695254734896,8
7,69,1373,0.9308030411023996,0.9335586746349398,0.014666177973780429,8
7,65,1373,0.9308030411023996,0.9339353922390272,0.014358826127999935,8
7,62,1373,0.9308030411023996,0.9336807312430977,0.014393649281746053,8
7,67,1373,0.9306842480399145,0.9336494534213707,0.014513734946761142,8
7,61,1373,0.9306248515086719,0.9333462047574664,0.01449296538785809,8
7,68,1373,0.9305060584461867,0.9335138987883107,0.0146204389519157,8
7,60,1373,0.9305060584461867,0.9333746889840975,0.014392330481441862,8
7,22,1373,0.9304466619149442,0.9329360423373251,0.015094467757242637,8
7,9,1373,0.9303872653837015,0.9332086658886374,0.01583710397615883,8
7,59,1373,0.930327868852459,0.9331905205746973,0.014405585541410634,8
7,21,1373,0.9302090757899739,0.9326655074552437,0.015363057627178352,8
7,19,1373,0.9300308861962462,0.9321224795636769,0.015477171598440998,8
7,8,1373,0.928367783321454,0.9315870492064362,0.015847555195704136,8
1,16,1373,0.9767609439740588,0.9764655017114034,0.007969535281349475,9
1,18,1373,0.9765807962529274,0.9763715899211266,0.007991547247945366,9
1,9,1373,0.9764606977721733,0.9761815732378812,0.008190832562015546,9
1,28,1373,0.9763601805654549,0.9766092021544623,0.007776230789917077,9
1,27,1373,0.9763601805654549,0.9767242617206979,0.007684333642435162,9
1,15,1373,0.9763601805654549,0.9762577052313333,0.008021450062614843,9
1,21,1373,0.9763007840342124,0.9761266151287533,0.007846471884891688,9
1,8,1373,0.976280550051042,0.9764435184677523,0.008157529688016326,9
1,26,1373,0.9762413875029697,0.9763737569154531,0.007491400580297554,9
1,34,1373,0.9761819909717272,0.9772440531670752,0.007678135941970485,9
1,17,1373,0.976063197909242,0.9764957874152458,0.0079457772609982,9
1,36,1373,0.9759803038491563,0.9768479370475093,0.007885382987564554,9
1,33,1373,0.9759444048467569,0.9772386748438067,0.007655445401564629,9
1,11,1373,0.9759202546087791,0.9758238364154258,0.00839616524391612,9
1,35,1373,0.975860205368402,0.976984353256627,0.007787600150417199,9
1,14,1373,0.9758256117842719,0.976214965837204,0.008070057432206035,9
1,19,1373,0.9757401068876479,0.9763185899394026,0.00786079521890204,9
1,24,1373,0.9757401068876479,0.9758703093058047,0.0076783277845786525,9
1,25,1373,0.9757401068876478,0.976290888963733,0.007505593500306231,9
1,29,1373,0.9757068187217866,0.976719405564737,0.007730979168512706,9
1,37,1373,0.9756200084068937,0.9767359843767541,0.007883087345980564,9
1,30,1373,0.9755880256593015,0.9768490335988553,0.007803266636728956,9
1,41,1373,0.9755599591665165,0.9760347397909764,0.008162908674602372,9
1,20,1373,0.9755599591665165,0.9761079998642365,0.007946250500242663,9
1,42,1373,0.9754999099261394,0.9759920265052124,0.008063024199180903,9
1,23,1373,0.9754692325968164,0.9760753382991445,0.0076884036768952585,9
1,32,1373,0.9754692325968164,0.9769302306151912,0.007761627572449392,9
1,22,1373,0.9754692325968163,0.9760041146783841,0.007740308919997739,9
1,38,1373,0.9754398606857623,0.9764758667324598,0.007918074851620308,9
1,31,1373,0.9754098360655737,0.9768681188139492,0.0078588827583881,9
1,39,1373,0.975319762205008,0.9763255086562286,0.008039209662980747,9
1,40,1373,0.9752597129646311,0.9762302392309521,0.008137432434738193,9
1,13,1373,0.975231646471846,0.9759136491923378,0.008325830986981645,9
1,12,1373,0.9751722499406035,0.9759548743012748,0.008245991198781617,9
1,46,1373,0.9751128534093609,0.9756403468235259,0.007912492275232169,9
1,50,1373,0.9750795652434997,0.9755868507828593,0.0077745731302008726,9
1,43,1373,0.9750795652434996,0.9757459290531278,0.008094270897045777,9
1,48,1373,0.9750195160031225,0.9754869079601796,0.007763560444634709,9
1,44,1373,0.9748994175223684,0.9757339192050525,0.00805253596537146,9
1,49,1373,0.9748393682819912,0.9756154394429518,0.007701270848466806,9
1,10,1373,0.9747793190416141,0.9759363895785848,0.008264151036472515,9
1,45,1373,0.9747793190416141,0.9756762197175597,0.007980998519456734,9
1,64,1373,0.9747564742219054,0.9742838867001375,0.008523985898997591,9
1,63,1373,0.9746376811594202,0.9743364689480157,0.008477727478763093,9
1,47,1373,0.9745991713204828,0.9754749503288349,0.007802023546292906,9
1,51,1373,0.9745991713204827,0.9751688558531039,0.007880898536979965,9
1,69,1373,0.9745782846281776,0.9741647803372679,0.00855134743287105,9
1,68,1373,0.9745782846281776,0.9741932384555336,0.008567839344882386,9
1,61,1373,0.9744594915656926,0.9747069727611424,0.008375109706071259,9
1,88,1373,0.9744000950344499,0.9741106054791016,0.008579183916167585,9
1,62,1373,0.9742813019719647,0.9742020369746672,0.008418020441238454,9
1,66,1373,0.9742813019719647,0.9742842261088874,0.008499883936025753,9
1,89,1373,0.9742219054407222,0.9740172419644978,0.008563102441304359,9
1,71,1373,0.9742219054407222,0.9740766907124712,0.008627258461104067,9
1,90,1373,0.9741187773974659,0.973978836559022,0.008609525752694221,9
1,87,1373,0.9741031123782371,0.9741536059568847,0.008617504489349287,9
1,83,1373,0.974103112378237,0.9744114521733909,0.008661760013908332,9
1,53,1373,0.9740437158469946,0.9746892451810484,0.008002622736709613,9
1,76,1373,0.9740437158469945,0.9738309587775019,0.008804742722907771,9
1,73,1373,0.9739843193157519,0.974041287769014,0.008658442592779637,9
1,72,1373,0.9739843193157519,0.9740913113970848,0.008676571354547444,9
1,54,1373,0.9739386296763346,0.9746084136818278,0.008043196897571263,9
1,75,1373,0.9739249227845095,0.9737667844153947,0.008707048661871315,9
1,77,1373,0.9739249227845094,0.973843020842308,0.008839961910950312,9
1,78,1373,0.9739249227845094,0.9738907469342253,0.0088011885353138,9
1,65,1373,0.9739249227845093,0.9738658395536514,0.008561754182593717,9
1,52,1373,0.9738785804359574,0.9748204919338206,0.00798565201319697,9
1,84,1373,0.9738655262532667,0.9740269542764197,0.00873098450061416,9
1,74,1373,0.9738061297220243,0.9740799020414131,0.008689824499260796,9
1,58,1373,0.9738061297220243,0.9746155934823076,0.00828879255375912,9
1,60,1373,0.9738061297220242,0.974329028063882,0.008315235420292303,9
1,79,1373,0.9738061297220242,0.9739145577634529,0.00875259168341533,9
1,55,1373,0.9738061297220242,0.9744132014338714,0.008167971185709591,9
1,67,1373,0.9737467331907816,0.9738636203425939,0.008542975370322607,9
1,80,1373,0.9737467331907816,0.973907299637877,0.008800544227856718,9
1,82,1373,0.9737467331907816,0.9739907158652704,0.008783240114183763,9
1,86,1373,0.9737467331907816,0.9739842148822905,0.008744738544638704,9
1,81,1373,0.9736873366595391,0.9739548951879671,0.008784300607232306,9
1,85,1373,0.9736873366595391,0.9739508744996985,0.008724576636689598,9
1,56,1373,0.9735685435970539,0.9744084758197374,0.008148613738336526,9
1,57,1373,0.9735091470658114,0.9745799033468314,0.008270573122875975,9
1,70,1373,0.9735091470658113,0.9737946420412562,0.008603226928293907,9
1,59,1373,0.9735091470658113,0.9743003871870587,0.008380021404547265,9
2,33,1373,0.9649312436197682,0.9645511058198157,0.009128710648238537,9
2,31,1373,0.9647510958986368,0.9640558301285315,0.00899183070279563,9
2,15,1373,0.9643026847232122,0.9625620400032373,0.00990857873442559,9
2,26,1373,0.9641506034948658,0.9629374260806906,0.009173518499599895,9
2,35,1373,0.9641244951294845,0.964099065581603,0.008906088026033689,9
2,34,1373,0.964065098598242,0.9641667906814024,0.00908062301002975,9
2,27,1373,0.9639704557737345,0.9629771107960701,0.009121804189707658,9
2,36,1373,0.9639463055357568,0.963850879460288,0.008819537533734307,9
2,37,1373,0.9638869090045141,0.9634476357569727,0.008952398390408598,9
2,16,1373,0.9638275124732716,0.9625158804132432,0.009863468015247732,9
2,14,1373,0.963768115942029,0.9626336030327477,0.010206193328873832,9
2,32,1373,0.9637087194107864,0.9643189763432101,0.009026621760006678,9
2,30,1373,0.9636702095718488,0.9639860424678672,0.009089945073093412,9
2,29,1373,0.9635501110910947,0.9634563037342795,0.009032487613916843,9
2,28,1373,0.9634900618507175,0.963390902278999,0.009050939683555595,9
2,39,1373,0.9632335471608457,0.9634860672708142,0.009120796555668777,9
2,38,1373,0.9631147540983607,0.9634693840253354,0.009150329631205299,9
2,20,1373,0.9631147540983606,0.9623001208817317,0.009533660054654558,9
2,9,1373,0.9630553575671181,0.962474994713056,0.009720795240607042,9
2,43,1373,0.9630096679277006,0.962524078439973,0.009278110346564249,9
2,19,1373,0.9629959610358756,0.9622270957837601,0.009889048239533668,9
2,17,1373,0.9629959610358755,0.9624498262488284,0.010059993997804256,9
2,11,1373,0.9629959610358755,0.9621768110720356,0.010307645405357104,9
2,13,1373,0.9629365645046329,0.9619472663236028,0.010199898697395442,9
2,12,1373,0.9628771679733903,0.961861578668421,0.010503629255007547,9
2,85,1373,0.9627694709661923,0.9615221699184637,0.009722084404794626,9
2,22,1373,0.9627583749109052,0.9619653855291775,0.00931988442625116,9
2,40,1373,0.9627583749109052,0.9633838530203462,0.009082361920948473,9
2,87,1373,0.9627094217258152,0.9617623407716066,0.009685758664292611,9
2,88,1373,0.9627094217258152,0.961688349664116,0.009702407003439325,9
2,72,1373,0.9627094217258152,0.9612780567021478,0.00967609819095345,9
2,44,1373,0.9627094217258151,0.9627480882149448,0.009242956056875098,9
2,41,1373,0.9626989783796627,0.9630400580650047,0.009013248250667787,9
2,90,1373,0.9626493724854381,0.9616709614927719,0.00976005191435081,9
2,42,1373,0.962649372485438,0.9626292168273636,0.009189204031376344,9
2,10,1373,0.962589323245061,0.9622764144859655,0.010007087818703029,9
2,18,1373,0.9625801853171775,0.9623277696406706,0.00992353492675116,9
2,73,1373,0.9625801853171775,0.9612859153201276,0.00965597372017208,9
2,89,1373,0.9625292740046838,0.9616305979598924,0.009672957621061927,9
2,21,1373,0.9625207887859348,0.962059897811858,0.009464994716539775,9
2,51,1373,0.9624091755239296,0.9631672058044118,0.008960906487108096,9
2,46,1373,0.9623491262835525,0.9627181941365832,0.008959726241849809,9
2,75,1373,0.9623491262835525,0.9615335531657699,0.00961638648178282,9
2,86,1373,0.9623491262835525,0.9616887151812312,0.009659980520009107,9
2,8,1373,0.9623491262835525,0.9625917513230413,0.009823021280457863,9
2,52,1373,0.9623491262835524,0.9632102584989255,0.008919623455164238,9
2,50,1373,0.9622890770431753,0.9634966150504282,0.008826418921529437,9
2,74,1373,0.9622832026609646,0.961273618280033,0.009674583473422095,9
2,49,1373,0.9622290278027983,0.9631739678710457,0.00883258347158469,9
2,82,1373,0.9622290278027983,0.9614553325030873,0.009725222854222067,9
2,76,1373,0.9622290278027983,0.9614479699440497,0.009506460685443951,9
2,71,1373,0.9622290278027983,0.9613157832901238,0.009574252958948664,9
2,84,1373,0.9621689785624212,0.961481597518661,0.009772384958838627,9
2,83,1373,0.9621689785624212,0.9615484088256718,0.009762025306128758,9
2,45,1373,0.9621689785624212,0.9625851197982346,0.009156084784377242,9
2,25,1373,0.9621644095984794,0.962682791193126,0.009064643102455774,9
2,47,1373,0.962108929322044,0.9627757108655185,0.008877785054414123,9
2,77,1373,0.9619888308412898,0.9613047916682984,0.009492390113076716,9
2,53,1373,0.9618687323605355,0.9629242935729038,0.009101481951022075,9
2,23,1373,0.9617486338797814,0.9618215284359262,0.00929063133556308,9
2,81,1373,0.9616885846394043,0.9615192718899062,0.009675928518351749,9
2,79,1373,0.9616885846394043,0.9613878423785763,0.009707500056996075,9
2,48,1373,0.9616285353990273,0.963030841812025,0.00881924373891518,9
2,80,1373,0.9616285353990272,0.9614662457998167,0.009725019188069466,9
2,70,1373,0.9615684861586502,0.961219939480809,0.00953577233432197,9
2,78,1373,0.9615684861586501,0.9613975546904983,0.009581157740529336,9
2,69,1373,0.9614483876778959,0.9614733211668351,0.009452331731033117,9
2,54,1373,0.9614483876778959,0.9628173275999363,0.009174778849500532,9
2,56,1373,0.9612682399567645,0.9627671734300388,0.009206622235503923,9
2,58,1373,0.9610880922356332,0.9623254459961516,0.009318405617423656,9
2,55,1373,0.9610880922356331,0.9626864463642797,0.009156375323641037,9
2,57,1373,0.9609170824423854,0.9625977562470791,0.00923546503878202,9
2,24,1373,0.9609170824423854,0.962172738167036,0.009291357471290042,9
2,59,1373,0.960679496317415,0.9621964706711676,0.009313653771127013,9
2,60,1373,0.960679496317415,0.9623087627506728,0.009256301964922078,9
2,62,1373,0.9605607032549299,0.9616431560836406,0.009334302440690218,9
2,68,1373,0.960487599831862,0.9612936956130114,0.009393182117561068,9
2,61,1373,0.9604419101924447,0.9619126727394725,0.009290088400016897,9
2,67,1373,0.9600072059088453,0.9611808552578331,0.009381178104187652,9
2,63,1373,0.9600072059088453,0.9614308950730903,0.00932439897866212,9
2,65,1373,0.9599471566684681,0.9610501306723688,0.009449294999520836,9
2,66,1373,0.959827058187714,0.9610544385526566,0.009457079617028174,9
2,64,1373,0.9597069597069597,0.9612210621405204,0.009341047333020698,9
3,55,1373,0.9531015432654777,0.951228424699558,0.011658881025844408,9
3,54,1373,0.9528985507246377,0.9510857424827489,0.011621417093227929,9
3,33,1373,0.9528012970635922,0.9527398379714843,0.0113932006070098,9
3,56,1373,0.9524410016213296,0.95079416425817,0.011640020193371918,9
3,53,1373,0.9523639819434544,0.9511542508335096,0.011387482120281737,9
3,32,1373,0.952200804659821,0.952818815776763,0.011512680204924332,9
3,35,1373,0.952200804659821,0.952390925776528,0.01145268450339922,9
3,52,1373,0.9521263958184842,0.9511993921972539,0.011353296922635033,9
3,51,1373,0.9521263958184842,0.9516168388513363,0.01120837334668447,9
3,50,1373,0.9518888096935139,0.9515550925672094,0.011222250807739514,9
3,31,1373,0.9517804599771813,0.9524649691007495,0.011504970555849824,9
3,57,1373,0.9516603614964271,0.9505772559585818,0.011829998418639322,9
3,34,1373,0.9515402630156728,0.9525196922345889,0.01146559085940761,9
3,49,1373,0.9514136374435733,0.951896485552936,0.011025889846678192,9
3,29,1373,0.9513542409123307,0.9521085638049287,0.011610979310344695,9
3,48,1373,0.9513000660541644,0.9512945049723381,0.011149593438771234,9
3,30,1373,0.9512400168137873,0.9521637829977103,0.011597682102735414,9
3,10,1373,0.950999819852279,0.9497233035436884,0.012104235273202153,9
3,58,1373,0.9509998198522789,0.9506182460922306,0.011798283202890511,9
3,13,1373,0.950760275599905,0.9493087549181634,0.012400269890652467,9
3,11,1373,0.9506414825374199,0.9489223511105194,0.012444642935082871,9
3,28,1373,0.9505226894749347,0.951328733039353,0.011642283516785349,9
3,60,1373,0.950519425929262,0.9499752492696184,0.01213903014254379,9
3,47,1373,0.9504038964124496,0.9508845253107547,0.011361964792492303,9
3,12,1373,0.9504038964124495,0.948712074335738,0.012261951130136159,9
3,15,1373,0.9503993274485077,0.9497880000731036,0.012029363836123456,9
3,27,1373,0.9503993274485077,0.9511727355561996,0.011459370525568956,9
3,14,1373,0.9503392782081307,0.9492905573874926,0.012323699282367692,9
3,9,1373,0.9502851033499644,0.9495681676365925,0.011930571799901812,9
3,36,1373,0.9502792289677535,0.9518282121774638,0.01156427588102063,9
3,16,1373,0.9502257068187219,0.9492375051890376,0.012166490555654946,9
3,61,1373,0.9502191797273765,0.9498420182810774,0.012135990162299083,9
3,59,1373,0.9502191797273765,0.9504147052757175,0.011858463636383928,9
3,67,1373,0.9501591304869994,0.9493781770617123,0.011998753640094598,9
3,86,1373,0.9501069137562366,0.9502863304431373,0.012330564716193362,9
3,39,1373,0.9499881206937515,0.9515474167077875,0.011694829684467145,9
3,68,1373,0.9498588842851139,0.9495670710852464,0.012086251406347715,9
3,63,1373,0.9498588842851139,0.9489547254835923,0.012004684189649296,9
3,46,1373,0.9498588842851139,0.9508611583237385,0.011544905775812514,9
3,66,1373,0.9497387858043597,0.9491769337813528,0.012042929845322882,9
3,40,1373,0.9496911380375386,0.9509606311958414,0.011736160967637767,9
3,85,1373,0.949631741506296,0.9502028881073785,0.012178507889773328,9
3,65,1373,0.9495586380832284,0.9486165177184421,0.012102195785182308,9
3,38,1373,0.9495129484438108,0.9516798644453669,0.011538430623656783,9
3,8,1373,0.9494985888428511,0.9497369321104177,0.011699892294052914,9
3,89,1373,0.9494535519125683,0.950039371414995,0.012384499816391057,9
3,90,1373,0.9494535519125683,0.9500274660003812,0.012455783659120746,9
3,62,1373,0.949438539602474,0.9493056480226829,0.011957197754091032,9
3,87,1373,0.9493347588500831,0.9500363689529763,0.012292885393735627,9
3,45,1373,0.9492753623188406,0.9506097347651162,0.011697079318920799,9
3,82,1373,0.9492753623188406,0.9498431931575196,0.012299877691772921,9
3,84,1373,0.9492753623188406,0.9498912586581867,0.012291519598294401,9
3,88,1373,0.949215965787598,0.9499615423777932,0.012345911931514256,9
3,43,1373,0.9491983426409657,0.9505875426545419,0.011961912253205555,9
3,64,1373,0.9491983426409656,0.9487071920714116,0.012047511229909123,9
3,83,1373,0.9490377761938703,0.9497790449037775,0.01233457995178163,9
3,69,1373,0.9490181949198344,0.9493648095786372,0.01217240966550383,9
3,18,1373,0.9489189831313851,0.9486734339549734,0.012110816475370434,9
3,44,1373,0.9489189831313851,0.9506102830407892,0.011728565143231496,9
3,81,1373,0.9489189831313851,0.9497411616656093,0.012295458443856277,9
3,37,1373,0.9489189831313851,0.9517177737919007,0.011710915444271308,9
3,17,1373,0.9488001900688999,0.9488027747970726,0.012046988051781124,9
3,80,1373,0.9487407935376574,0.9496078001352413,0.01233840972757749,9
3,26,1373,0.9487407935376574,0.9505939653124257,0.011453688891508329,9
3,79,1373,0.9486813970064147,0.9494622198898749,0.01234855094446191,9
3,25,1373,0.9486220004751723,0.9503609220430317,0.011430379872871604,9
3,77,1373,0.9486220004751722,0.9495508055736137,0.012131829842505116,9
3,78,1373,0.9486220004751722,0.9493785947955584,0.01229372028474038,9
3,75,1373,0.9485378009968174,0.9493638696774834,0.012056750020638786,9
3,42,1373,0.9485378009968174,0.950223122090549,0.011884272732063468,9
3,74,1373,0.9485378009968173,0.9495468893188067,0.012239368730711582,9
3,70,1373,0.9483576532756861,0.9494478341805497,0.012039016145269288,9
3,19,1373,0.9483576532756861,0.9490098924596431,0.011731560160582136,9
3,24,1373,0.9483576532756861,0.9499151478125105,0.011403017445191893,9
3,71,1373,0.9483250178189593,0.9493313125458528,0.012128063694736742,9
3,72,1373,0.9482375547949318,0.9493007396499914,0.01209333413256361,9
3,73,1373,0.9481775055545547,0.9491098613906882,0.01210976340713723,9
3,76,1373,0.9479973578334234,0.9493950430657487,0.012146793744841249,9
3,41,1373,0.9479092421002614,0.950297948665732,0.011939496307552611,9
3,23,1373,0.9476971116315379,0.9492613160182656,0.011446437724047728,9
3,20,1373,0.947671655975291,0.9487543176709249,0.011675794555785332,9
4,31,1373,0.9471370871941078,0.9463177283633449,0.01217642126694116,9
4,32,1373,0.9469588976003802,0.9461952801297063,0.012171049159250486,9
3,22,1373,0.9469164715066354,0.9485909576287338,0.01166278922972055,9
3,21,1373,0.9467213114754098,0.9486687083408395,0.011651070990012448,9
4,34,1373,0.9465561760643728,0.9452997109803951,0.012090969352962874,9
4,57,1373,0.9464837253504396,0.9444039329641611,0.012535155203279526,9
4,28,1373,0.9464360775836186,0.945816604398215,0.012129508685135541,9
4,58,1373,0.9463055357567118,0.9440787793817016,0.012457435404045338,9
4,30,1373,0.9461867426942268,0.9458741472355158,0.012071413873313898,9
4,33,1373,0.9461867426942266,0.9456648364702533,0.012283946297065026,9
4,49,1373,0.9461358313817331,0.944883439202755,0.012010159341677094,9
4,48,1373,0.9460757821413559,0.9452456144473251,0.011626686512270393,9
4,52,1373,0.9458897600380138,0.9446838929661452,0.012190233172797308,9
4,56,1373,0.9458303635067713,0.9443874846939708,0.012575047126819169,9
4,47,1373,0.9457755359394704,0.9445554920251997,0.011851976319610907,9
4,51,1373,0.9457709669755286,0.9447075210368153,0.012124606810928055,9
4,50,1373,0.9457115704442861,0.9449843219265885,0.011805437299256294,9
4,55,1373,0.945711570444286,0.9447357180714273,0.012296859865087894,9
4,29,1373,0.9456554374587162,0.9459090802283958,0.012120755950297955,9
4,54,1373,0.9456521739130436,0.9449535401638038,0.012248019389865888,9
4,35,1373,0.9454752897375849,0.944784645148152,0.012189324256974466,9
4,38,1373,0.9454145877880732,0.9446048368357707,0.01241652479403225,9
4,27,1373,0.9453551912568305,0.9449489450914967,0.012307230385300866,9
4,53,1373,0.9451770016631029,0.944636636824805,0.012181607545898983,9
4,37,1373,0.9451770016631028,0.944664833859417,0.012260624117921731,9
4,60,1373,0.9449394155381325,0.9433943746915949,0.012695174105325743,9
4,36,1373,0.9449394155381325,0.944638542735478,0.012394819713437935,9
4,90,1373,0.9449394155381325,0.9442257172620679,0.01279930811488737,9
4,69,1373,0.9449348465741909,0.9429160433294431,0.012815215313381196,9
4,59,1373,0.94488001900689,0.9435894825060898,0.01267936911737104,9
4,67,1373,0.9448206224756475,0.9428993078672337,0.012771690225284215,9
4,46,1373,0.9448147480934367,0.9439808730115216,0.012071107194182676,9
4,45,1373,0.9448147480934367,0.9439330685945083,0.012301571519500832,9
4,86,1373,0.9447612259444048,0.9442789000023497,0.012859207237523432,9
4,81,1373,0.9447018294131623,0.9436090115633949,0.01284608058798718,9
4,39,1373,0.9447018294131623,0.944037319297476,0.012552588878199914,9
4,89,1373,0.9446424328819197,0.9441182813385237,0.012799126196476029,9
4,66,1373,0.9446424328819197,0.9429328832251141,0.012754171913096989,9
4,84,1373,0.9446424328819197,0.9440401651093027,0.012780925877822183,9
4,85,1373,0.9446424328819196,0.9442884817724447,0.0127954811854624,9
4,68,1373,0.9446424328819196,0.942618146880442,0.012983190168779466,9
4,26,1373,0.9446346003723053,0.9446850678425873,0.012112243434166283,9
4,83,1373,0.9445830363506772,0.943716290836747,0.012862021986599437,9
4,70,1373,0.9445745511319282,0.9427926290862856,0.012701511018831097,9
4,87,1373,0.9445236398194345,0.9441661640806331,0.01286800130243542,9
4,76,1373,0.944464243288192,0.9431912777172934,0.012714590334484356,9
4,61,1373,0.944464243288192,0.943107939814996,0.012548650408550991,9
4,88,1373,0.9444048467569495,0.944156634527269,0.012831070795025849,9
4,71,1373,0.9444048467569494,0.9428023936149381,0.012625997157238946,9
4,80,1373,0.9444048467569494,0.9433657599231371,0.012830503503640737,9
4,72,1373,0.9443454502257068,0.942603761171117,0.012770618204481313,9
4,73,1373,0.9441078641007365,0.9428768807813711,0.012814488764777076,9
4,75,1373,0.9441078641007364,0.9428694660056028,0.012723903766782648,9
4,79,1373,0.944048467569494,0.9431940713123893,0.01283810729091861,9
4,82,1373,0.9440484675694939,0.9434758066832195,0.01288170273569582,9
4,43,1373,0.9440484675694939,0.9436373130314684,0.01252432668349403,9
4,77,1373,0.9439890710382514,0.9430122004391427,0.012883626510557997,9
4,65,1373,0.9439890710382512,0.9427699670251346,0.012821565292265504,9
4,44,1373,0.9439890710382512,0.9437108341883822,0.012473310129836265,9
4,64,1373,0.9438702779757662,0.9424687809220953,0.012821537683756054,9
4,78,1373,0.9438108814445236,0.9430816225826918,0.01293667300781923,9
4,74,1373,0.9438108814445236,0.9428601714275271,0.012772734262479414,9
6,83,1373,0.9438108814445236,0.9409461149446895,0.01167731569960104,9
4,42,1373,0.9438108814445236,0.9436278879115657,0.012728152273890767,9
6,85,1373,0.943632691850796,0.9407406160007727,0.011649518880529158,9
4,22,1373,0.9435537140455172,0.9423179267869217,0.011970899047060248,9
4,62,1373,0.9434545022570682,0.9427573044679245,0.012548526976145688,9
6,86,1373,0.9434336155647631,0.9408098553857641,0.01163123034191614,9
6,84,1373,0.9433951057258256,0.9409317031269988,0.011598830583936603,9
6,82,1373,0.9433357091945831,0.9408346322245111,0.01149435342559493,9
4,25,1373,0.9433135170840088,0.944110709912563,0.012305612951716718,9
4,15,1373,0.9432763126633404,0.9421162657727163,0.012692982543485217,9
4,9,1373,0.9432169161320978,0.9426563173106295,0.012499779949596014,9
6,87,1373,0.9431934186032547,0.9408160430683595,0.01174720219581877,9
4,63,1373,0.9431934186032547,0.9425482286779507,0.012695912792991565,9
4,14,1373,0.9430733201225004,0.9426265798824602,0.01254486611999114,9
4,12,1373,0.9430387265383702,0.9421255342424266,0.012731267343397093,9
6,88,1373,0.9430132708821233,0.9406558943551103,0.01172757532537872,9
4,10,1373,0.9429532216417462,0.9416790028693093,0.012898686392918284,9
5,30,1373,0.942919933475885,0.9421004963200261,0.012368955185690388,9
4,23,1373,0.9428331231609919,0.9432192658849822,0.011833223192837644,9
4,40,1373,0.9427417438821573,0.9413104571835861,0.01318530215856196,9
4,13,1373,0.9427130246802378,0.9422665977405821,0.012655577355208487,9
6,81,1373,0.9425635542884295,0.9404486983674439,0.011417888299409318,9
4,8,1373,0.9425635542884295,0.9423706134682613,0.012322587367666,9
6,79,1373,0.942504157757187,0.9401379304943097,0.011400977145559812,9
4,41,1373,0.9424447612259443,0.941202264117446,0.01322320597673905,9
4,11,1373,0.9424447612259443,0.9413023113735872,0.012434169317866043,9
6,80,1373,0.9423853646947018,0.9401575639850764,0.011437214459544551,9
6,90,1373,0.9423527292379752,0.9406439889404965,0.011537953819467312,9
4,21,1373,0.9423527292379751,0.9416397358877758,0.012176742122933109,9
6,76,1373,0.9423259681634593,0.9396779794213863,0.011471272302913752,9
6,77,1373,0.9423259681634593,0.939821862623003,0.01148366971747554,9
5,78,1373,0.9422665716322167,0.9398032212501208,0.013830296649599599,9
6,89,1373,0.9422071751009742,0.9407185283236601,0.011527340665831366,9
6,75,1373,0.942207175100974,0.9395201804610216,0.011408300621941252,9
4,20,1373,0.9421725815168438,0.9418441643887117,0.01210791145463531,9
6,78,1373,0.9421477785697314,0.93990243303857,0.011427385108019656,9
5,29,1373,0.9421477785697314,0.9416401797299873,0.012354610382680794,9
5,76,1373,0.9421125322764669,0.9396111158976447,0.013863921706944528,9
4,24,1373,0.9421125322764667,0.9438245100112528,0.012070171404383365,9
4,19,1373,0.9420524830360896,0.9418731446742851,0.012337686890334503,9
5,31,1373,0.9420524830360896,0.9416415634733525,0.012505242918336072,9
5,79,1373,0.9420524830360895,0.939905461608954,0.013749082735291284,9
5,77,1373,0.9419924337957124,0.9397169592109007,0.013917027146772523,9
5,83,1373,0.9419323845553353,0.9406188204762688,0.0136273899888906,9
4,18,1373,0.9419101924447613,0.9419696150843692,0.012515432516123295,9
5,80,1373,0.9418507959135187,0.9402179004174728,0.013637567411176938,9
5,47,1373,0.9418122860745812,0.940519295387435,0.012636519755666677,9
6,74,1373,0.941791399382276,0.9395369420315963,0.011305103991926323,9
5,27,1373,0.9417320028510334,0.9415345452836544,0.012272071785707519,9
5,75,1373,0.9416321383534498,0.9396161025954326,0.013800952831477952,9
5,28,1373,0.9416132097885483,0.9415965787598006,0.012358930899571697,9
5,68,1373,0.9415538132573058,0.9392522825238433,0.013773989793877256,9
5,89,1373,0.9415538132573057,0.9405682746808905,0.01386377775647985,9
4,16,1373,0.9415120398726956,0.942013007187633,0.012736409009523362,9
5,85,1373,0.9414519906323185,0.940768630276827,0.01372673419715148,9
6,29,1373,0.9414350201948207,0.9407681342178849,0.010696581272168965,9
5,72,1373,0.9414350201948206,0.9394235534007451,0.013911797548529146,9
5,54,1373,0.9414350201948205,0.9400757403679713,0.013237553857848432,9
5,49,1373,0.9414350201948205,0.9401550314736344,0.012630211665394317,9
5,84,1373,0.9413919413919414,0.9408118396215331,0.01362820227026775,9
5,32,1373,0.9413919413919414,0.9412465700134982,0.012523806554527065,9
5,57,1373,0.9413919413919414,0.9394281223646869,0.013266839128834003,9
5,81,1373,0.9413318921515643,0.9401270955226764,0.013679716807664903,9
5,50,1373,0.9412568306010929,0.9399570256305821,0.01275268165020081,9
5,86,1373,0.9412568306010929,0.9405770993083894,0.013671700737576913,9
5,48,1373,0.9412568306010929,0.9401620024071913,0.012786645634973195,9
5,69,1373,0.9412568306010929,0.9390717170688662,0.0137662803965366,9
5,59,1373,0.9412117936708101,0.9390414313650237,0.013460796364722468,9
5,58,1373,0.94121179367081,0.9390819254397303,0.01344041670452596,9
5,87,1373,0.9411974340698503,0.9405321145948373,0.013735229418019454,9
5,88,1373,0.9411974340698503,0.940527989473107,0.013847579432656444,9
5,73,1373,0.9411974340698502,0.9393020189598948,0.01384874734196076,9
5,82,1373,0.941151744430433,0.9403038752646735,0.013678509149950193,9
5,67,1373,0.9411517444304329,0.9389426112020552,0.013731018473650353,9
5,66,1373,0.9411517444304329,0.9389709648868593,0.013754201788303937,9
6,30,1373,0.9410916951900559,0.9405094786420517,0.010700524479661721,9
5,46,1373,0.9410916951900559,0.9400395802819184,0.012460638461075486,9
5,70,1373,0.9410916951900558,0.9391512431498177,0.013711124763548318,9
6,32,1373,0.9410786410073652,0.9401146418323896,0.01066277102227658,9
6,73,1373,0.9410786410073652,0.9391429406896263,0.01124883674016517,9
4,17,1373,0.9410192444761226,0.9416132620052791,0.012808406278307784,9
5,38,1373,0.9409598479448801,0.9398872118615526,0.012984520795148833,9
5,71,1373,0.94095984794488,0.9390200747221418,0.013876786450174443,9
5,44,1373,0.94095984794488,0.9396372242630261,0.01298202555749573,9
6,31,1373,0.9409115474689246,0.9401840378675732,0.010696148581262685,9
5,53,1373,0.9409004514136374,0.9403334038259199,0.013218584739347752,9
5,74,1373,0.9409004514136374,0.9393018100929719,0.013886205174294175,9
5,60,1373,0.9408410548823949,0.9386309817528634,0.013371204912701879,9
5,55,1373,0.9408410548823949,0.939686569073597,0.013377441598108004,9
5,65,1373,0.9407914489881704,0.9389277555421534,0.013651735514879412,9
5,36,1373,0.9407914489881704,0.940499844655226,0.012741795166410086,9
5,37,1373,0.9407816583511524,0.9404623791509037,0.012878852874469953,9
5,25,1373,0.9407816583511522,0.9404294826105233,0.01212479797545216,9
6,67,1373,0.9407222618199097,0.9387836895819788,0.011149875679887592,9
6,65,1373,0.9407222618199097,0.9388035319396687,0.011214408669625038,9
6,36,1373,0.9406034687574246,0.9394729504280467,0.011134461157298754,9
6,72,1373,0.9406034687574245,0.9388929269827345,0.011171053648288907,9
5,42,1373,0.9405512520266619,0.9393282056503724,0.013077605033309094,9
5,64,1373,0.9405512520266618,0.9386940073468939,0.013660178776975259,9
7,88,1373,0.9405512520266618,0.9385819241343119,0.012239898152855616,9
5,33,1373,0.940544072226182,0.9411209626676483,0.012407382864618824,9
5,26,1373,0.940544072226182,0.9406914539487597,0.0122940649608683,9
5,51,1373,0.940544072226182,0.9400388753560527,0.012939089416445445,9
5,43,1373,0.9404912027862848,0.939459347969683,0.013064980352803606,9
5,45,1373,0.9404912027862848,0.9396839843454241,0.012807950712272191,9
5,41,1373,0.9404846756949394,0.9393732947973861,0.013353277451911484,9
6,52,1373,0.9404846756949394,0.939619078949086,0.011143801608876522,9
6,71,1373,0.9404846756949393,0.9390643806181939,0.011082338265740194,9
5,90,1373,0.9404311535459077,0.9406209874705954,0.013695606737955864,9
6,37,1373,0.9404252791636969,0.9389503131698427,0.011168261277267985,9
6,64,1373,0.9404252791636968,0.9387575289998668,0.011257107517497759,9
6,66,1373,0.9404252791636968,0.9387153900981413,0.011189000755184843,9
6,48,1373,0.9403711043055306,0.9394542046217027,0.010796263719934937,9
6,35,1373,0.9403711043055305,0.9394771538748732,0.010998968845499228,9
7,89,1373,0.9403064861012117,0.9384192168012554,0.012201355179343438,9
5,52,1373,0.9403064861012117,0.9400110177301909,0.013028574512889335,9
5,34,1373,0.9403064861012117,0.9406365480563628,0.012581147390844257,9
6,46,1373,0.9403064861012116,0.9394451189105502,0.01055278690783321,9
6,68,1373,0.9403064861012116,0.9387339270375621,0.011031870995872444,9
7,90,1373,0.940247089569969,0.9383808113957792,0.01214697937654177,9
5,62,1373,0.940247089569969,0.9382164331273383,0.01354168085841376,9
5,61,1373,0.9401876930387265,0.9382683365577164,0.013362918327951676,9
6,34,1373,0.940130907344022,0.9397682882572406,0.0110086124055721,9
5,39,1373,0.9401282965074841,0.9390268628971409,0.013146874689513106,9
6,70,1373,0.9401282965074839,0.9386816841984341,0.01098018941713689,9
6,69,1373,0.9401282965074839,0.9388462713337983,0.010939866239928478,9
7,87,1373,0.9400708581036451,0.938526887700088,0.01219331235773135,9
6,33,1373,0.940070858103645,0.9397472188063776,0.010684882034035335,9
5,40,1373,0.9400688999762413,0.9389756382842626,0.013093273594750467,9
5,35,1373,0.9400095034449989,0.9406524219425146,0.012871660460529849,9
6,63,1373,0.9400095034449988,0.9385523433563349,0.011298773839264772,9
6,28,1373,0.9400095034449988,0.940033679791342,0.010674843359133716,9
6,27,1373,0.9399501069137562,0.9399278886948167,0.010592936691343882,9
5,24,1373,0.9399501069137562,0.9398778128500151,0.012250359959864739,9
6,47,1373,0.9398907103825137,0.9392615248851885,0.010853498595401571,9
6,51,1373,0.9398907103825136,0.9393004002412414,0.011026797991960434,9
6,24,1373,0.939831313851271,0.9393507893864274,0.01055592035513606,9
6,50,1373,0.939831313851271,0.9393375263368137,0.010958860883307293,9
7,81,1373,0.9398306611421365,0.9381662789574406,0.012076469964025185,9
5,63,1373,0.9397105626613824,0.9381656523566716,0.013444419006488139,9
6,49,1373,0.9397105626613823,0.9391610076784702,0.01080088617753841,9
6,55,1373,0.9396531242575433,0.9390568091922333,0.011228753746223345,9
7,77,1373,0.9395343311950582,0.9375881875311669,0.012141425440694182,9
6,58,1373,0.9395343311950581,0.9384836522470166,0.011572019007428769,9
7,82,1373,0.9395343311950581,0.9383200311211715,0.012192925392778076,9
6,25,1373,0.9395343311950581,0.9395840676311097,0.010721428242041328,9
7,86,1373,0.939530414940251,0.9384527660507703,0.01212032419593055,9
7,78,1373,0.939530414940251,0.9377188598999006,0.012091427770035863,9
5,11,1373,0.9394749346638156,0.9389483028257085,0.013000509252604302,9
6,38,1373,0.9394749346638156,0.9381987316556097,0.01120280548231507,9
6,26,1373,0.9394749346638156,0.9400111743803832,0.010656943550667018,9
6,59,1373,0.9394749346638156,0.9381402228087902,0.011449419127282708,9
6,44,1373,0.9394155381325731,0.9385116143063399,0.010737175040371607,9
7,76,1373,0.9394103164594968,0.9374472545748382,0.012121810429798607,9
6,53,1373,0.9393561416013305,0.9393435573692167,0.011208959576070546,9
5,8,1373,0.9393561416013305,0.938344781851553,0.012585401711682721,9
6,45,1373,0.9393561416013304,0.938877758022448,0.010550953525891447,9
6,39,1373,0.9392373485388454,0.9380569632315889,0.011281944906231604,9
7,80,1373,0.9392373485388453,0.9378078633174854,0.012029137386845246,9
6,54,1373,0.9392373485388452,0.9390809072134801,0.011343576862087784,9
6,43,1373,0.9392301687383655,0.9384448291076944,0.011055005428598264,9
7,79,1373,0.9391779520076028,0.9376114761930872,0.012033730282250061,9
6,57,1373,0.9391779520076027,0.9385171753881661,0.01150420034779608,9
6,56,1373,0.9391779520076027,0.9388702127048528,0.011222563422725202,9
6,42,1373,0.9391701194979883,0.9384638098893267,0.011090451762317185,9
6,62,1373,0.9391185554763601,0.938039157326399,0.011311439963199046,9
6,11,1373,0.9391100702576113,0.9375628363083816,0.011676691668812548,9
7,84,1373,0.9391100702576113,0.9382358055344513,0.012038384029138196,9
5,13,1373,0.9390591589451176,0.939620854317932,0.012407557852257488,9
7,75,1373,0.9390500210172341,0.9373045984663946,0.01217461909318609,9
5,23,1373,0.9389997624138751,0.9396733582407139,0.012431478166663755,9
7,85,1373,0.9389997624138751,0.9382714695615623,0.012062195699086054,9
6,40,1373,0.9389403658826325,0.9384975680057647,0.01122287686304701,9
6,17,1373,0.9388698732961028,0.9371435359603569,0.011019851531631576,9
7,83,1373,0.9388215728201473,0.9382055198306088,0.012054936871997648,9
6,10,1373,0.9387621762889047,0.9368764734908711,0.01177877313961281,9
6,60,1373,0.9387621762889047,0.9380476686535133,0.011390082931056129,9
6,13,1373,0.9387621762889047,0.937434774776186,0.01153563316396978,9
5,12,1373,0.9387621762889047,0.9389818259668581,0.012839597374510639,9
6,41,1373,0.9386897255749714,0.9383641020419353,0.011140050851655425,9
7,74,1373,0.9386296763345944,0.9370846615964221,0.012135296871699102,9
6,61,1373,0.938583986695177,0.9379846169511172,0.011286591449232332,9
6,12,1373,0.9385696270942173,0.9379420864239111,0.011435765197352935,9
6,18,1373,0.9385696270942173,0.9371079502583425,0.01069619283724863,9
5,22,1373,0.9384651936326919,0.9390078560071433,0.012398436079087975,9
5,9,1373,0.9384057971014493,0.9377354909286484,0.013016008637279102,9
5,14,1373,0.9384057971014493,0.9389509136622465,0.01266770598667329,9
7,47,1373,0.9384057971014492,0.9363992647884308,0.011254005121869871,9
7,53,1373,0.9383294301327088,0.9362110495823966,0.011701519322274036,9
6,19,1373,0.9383294301327088,0.9368315932107807,0.010771325390462223,9
6,16,1373,0.9382693808923318,0.9371489665003564,0.01108614187869673,9
7,73,1373,0.9382693808923317,0.9371104566614189,0.01209643415689338,9
6,23,1373,0.9382276075077216,0.93888029053389,0.010613143451826939,9
7,51,1373,0.9382276075077216,0.936788201107517,0.011651074574091131,9
5,56,1373,0.9382276075077215,0.9376796712434632,0.013710115550900048,9
5,16,1373,0.9381492824115775,0.9382841321187722,0.012643232542019805,9
5,15,1373,0.9381088144452364,0.9385254256316267,0.012593985979886719,9
7,55,1373,0.9380892331712004,0.9361697722567287,0.011657472244808412,9
7,52,1373,0.9380494179139938,0.9364971711586108,0.011540648666538275,9
6,20,1373,0.9379900213827513,0.937323396489469,0.0108784760739382,9
7,28,1373,0.9379691346904463,0.9364156869502558,0.011206261182418886,9
6,9,1373,0.9379691346904462,0.9357986940595637,0.011650014791677892,9
7,54,1373,0.9379090854500691,0.9362511259232571,0.011665584603139512,9
6,22,1373,0.9378712283202661,0.9385111965724938,0.010803830893179468,9
6,21,1373,0.9378118317890236,0.9379767322247722,0.010750459516324728,9
7,50,1373,0.9378118317890236,0.9366356499285935,0.01160127402481194,9
7,69,1373,0.9378118317890235,0.9359316117477202,0.011834892455819104,9
7,70,1373,0.937752435257781,0.9363473613580529,0.011905832818077392,9
5,10,1373,0.9377289377289377,0.93788929530911,0.012818211129616515,9
7,68,1373,0.9377289377289377,0.9360990185865452,0.011774853996882533,9
7,45,1373,0.9376930387265383,0.9363877248909322,0.011052266698508142,9
7,64,1373,0.9376688884885607,0.9358810137356111,0.01193284872452428,9
7,72,1373,0.9376688884885607,0.9364522386617895,0.011996295277932539,9
7,71,1373,0.9376688884885606,0.9362370012975858,0.011869472760937642,9
7,48,1373,0.9376336421952958,0.9361965594396101,0.011363300261074438,9
7,49,1373,0.9375742456640531,0.9364365997509262,0.011601424607859411,9
7,35,1373,0.9374554526015682,0.9356715985368872,0.011803394833299525,9
7,63,1373,0.9374286915270522,0.9357820369224504,0.011885065789352185,9
7,67,1373,0.9373960560703255,0.93577859061822,0.011787752231601133,9
7,56,1373,0.9373366595390829,0.935818640850715,0.01175343971647987,9
7,58,1373,0.9373366595390829,0.9353943276965373,0.012023331747225748,9
7,65,1373,0.9373085930462981,0.9356877596150582,0.011949014976939858,9
5,21,1373,0.9372772630078404,0.9383447035264569,0.012147214479492666,9
6,15,1373,0.9372485438059209,0.9368902064910617,0.011408007846254868,9
7,60,1373,0.9372485438059208,0.9350709233745585,0.011960792102032117,9
5,17,1373,0.9371884945655438,0.9386044817620014,0.012374347534067137,9
6,14,1373,0.9371884945655437,0.937221782731405,0.011360372993294853,9
7,29,1373,0.9371284453251667,0.9364851613105355,0.01128542397983485,9
7,59,1373,0.9370990734141127,0.9350839253405185,0.011947484426733544,9
7,66,1373,0.9370990734141127,0.935986099906271,0.011827121717564781,9
7,46,1373,0.9370990734141126,0.9361247614348115,0.011444563167884376,9
7,31,1373,0.9370990734141125,0.9360130437393446,0.011596656930306256,9
7,27,1373,0.9370396768828699,0.9358381699080202,0.011223825658832579,9
7,62,1373,0.9370083468444124,0.9355121025327725,0.011950858819154761,9
7,30,1373,0.9369802803516274,0.936228594403933,0.011360204072321481,9
5,20,1373,0.9369802803516273,0.9378032682451782,0.012082741530121987,9
7,61,1373,0.9369482976040353,0.9351635036382008,0.01197357452786918,9
5,19,1373,0.9369208838203849,0.9380122657100561,0.012104537433717762,9
7,57,1373,0.9368882483636581,0.9356331148063152,0.012007319111066322,9
7,33,1373,0.9368614872891423,0.935834175328117,0.011696154745944893,9
6,8,1373,0.9368020907578999,0.9353568621922149,0.011783708970959485,9
7,36,1373,0.9367081006425269,0.9351705006801229,0.01200278520052139,9
7,34,1373,0.9366832976954146,0.9355643453719006,0.011591016446589492,9
7,22,1373,0.9366480514021498,0.9345524634548156,0.011051683011437543,9
5,18,1373,0.9366480514021497,0.9382811818734841,0.012336633349874223,9
7,23,1373,0.936623901164172,0.934784175197575,0.010980871498519828,9
7,26,1373,0.9365645046329294,0.9354897276636407,0.011198220354470063,9
7,32,1373,0.9365279529213956,0.9357198990128427,0.011476488894570125,9
7,44,1373,0.9365279529213956,0.9357863709111038,0.011107827798270213,9
7,21,1373,0.936505108101687,0.9341548852667885,0.011114369545623132,9
7,37,1373,0.9364457115704442,0.9345853338868306,0.011992157142880249,9
7,39,1373,0.9363269185079591,0.9349805623219736,0.012054919556257804,9
7,25,1373,0.9363269185079591,0.9352510972040551,0.011049256164208507,9
7,42,1373,0.9362675219767165,0.9352001075664654,0.011493228096716886,9
7,41,1373,0.9362081254454739,0.935111208582342,0.01164751260110404,9
7,40,1373,0.9362081254454739,0.9350284711724483,0.011808468342662398,9
7,43,1373,0.9361487289142314,0.9353495518499082,0.01130625023693206,9
7,24,1373,0.9361487289142314,0.9349879770977418,0.011182480946700721,9
7,38,1373,0.9360893323829887,0.934567084139429,0.012038963205239141,9
7,10,1373,0.9360299358517463,0.933682950454155,0.01190945035942167,9
7,19,1373,0.9359875097580016,0.9333365707706406,0.011094354428738523,9
7,20,1373,0.9358517462580185,0.9336895036538658,0.011127465900850701,9
7,16,1373,0.9357923497267759,0.93296066252588,0.011229531108793774,9
7,11,1373,0.9355547636018057,0.9342210960813954,0.011572881614543508,9
7,17,1373,0.9353765740080779,0.9329638999631872,0.01101864061604943,9
7,9,1373,0.9352577809455928,0.9333223417115077,0.011939621037474731,9
7,13,1373,0.9351983844143502,0.9333529407157346,0.011386574769560887,9
7,14,1373,0.93496079828938,0.9328192596189746,0.011596575801961748,9
7,15,1373,0.9349607982893798,0.9330535299815413,0.011445145864735157,9
7,18,1373,0.9344262295081966,0.9328428093645484,0.011211605547410233,9
7,8,1373,0.9335946780708008,0.9322180622893381,0.011723488268513172,9
7,12,1373,0.9335946780708007,0.9334269057148602,0.011594629311489708,9
1,33,1371,0.976887243191591,0.9771910662395337,0.007856455558589662,10
1,35,1371,0.9767080745341614,0.9771011751375258,0.007773822235331484,10
1,34,1371,0.9766483516483517,0.9772296021868366,0.007672230863419233,10
1,29,1371,0.9765807962529274,0.9762033476146093,0.008111700084360974,10
1,32,1371,0.9762900143334927,0.9767150324135356,0.008025473142466308,10
1,31,1371,0.9762413875029698,0.976796386080064,0.007947999317308352,10
1,37,1371,0.9761004023299106,0.9766369814552281,0.008184972612470453,10
1,30,1371,0.9761004023299105,0.9765456282847587,0.007951069213561642,10
1,39,1371,0.9760511227902533,0.9759935668987701,0.00850404013785466,10
1,38,1371,0.9759316770186336,0.976235434795663,0.008332460977918526,10
1,36,1371,0.9758719541328237,0.9766514846521974,0.00800992196259572,10
1,40,1371,0.9757662152530292,0.9755678438928618,0.008655576175467762,10
1,26,1371,0.975394171046345,0.974649260219467,0.00857653981134605,10
1,28,1371,0.9753798114453852,0.9755100921886383,0.008360296315243487,10
1,41,1371,0.9753504395343311,0.9752251715972313,0.008746891560396151,10
1,27,1371,0.9752747252747254,0.9751107908484957,0.008544515114953759,10
1,48,1371,0.975231646471846,0.9744393881243489,0.009110364289733164,10
1,11,1371,0.9750795652434996,0.9735200081458099,0.008957558646330998,10
1,43,1371,0.9748752672843906,0.9748048269145916,0.008887581492682333,10
1,10,1371,0.9748566650740564,0.9738263637051948,0.008878458914959841,10
1,53,1371,0.974815870753148,0.9743533480062346,0.009082756693340691,10
1,42,1371,0.9747564742219054,0.974814056221754,0.008893345535820319,10
1,12,1371,0.9746970776906628,0.973452648563126,0.008850407938443394,10
1,51,1371,0.9746376811594203,0.9746207890470185,0.008843140715061615,10
1,9,1371,0.974617773530817,0.9734647106279323,0.009022423521486968,10
1,44,1371,0.9745782846281776,0.9747286296502261,0.008929239879047783,10
1,54,1371,0.9745188880969351,0.9740948099180458,0.009231613525171078,10
1,25,1371,0.9744983277591972,0.9744397014247335,0.00836262033026925,10
1,17,1371,0.97440009503445,0.9741567781232786,0.008178939249944351,10
1,52,1371,0.97440009503445,0.9743485310128218,0.008976169921584967,10
1,57,1371,0.9742813019719648,0.9739134612121069,0.009318404865453975,10
1,56,1371,0.9742813019719648,0.9739250402721537,0.009284622540642462,10
1,49,1371,0.9742813019719648,0.9744656661941051,0.008982606176170974,10
1,45,1371,0.9742813019719648,0.9748154791276672,0.008876752244228526,10
1,47,1371,0.9742813019719648,0.9745569018769303,0.00893847833492352,10
1,50,1371,0.9742219054407223,0.9744127053749293,0.008947347085296,10
1,46,1371,0.9742219054407222,0.9747580407238283,0.008872652973294728,10
1,55,1371,0.9741625089094798,0.9740950710016998,0.00923973598473938,10
1,24,1371,0.9740205446727186,0.9739766042937817,0.00836942093850433,10
1,22,1371,0.9740205446727186,0.9737046595599697,0.00840803253126206,10
1,58,1371,0.973984319315752,0.9737985974586116,0.009331468743785619,10
1,8,1371,0.9739608217869087,0.9728343763625302,0.009162811579620844,10
1,16,1371,0.9739010989010989,0.9739299878073935,0.008481025680020893,10
1,18,1371,0.9738785804359575,0.9738459710875961,0.008104281320310587,10
1,59,1371,0.9737467331907816,0.9736931457708365,0.009323154745734951,10
1,23,1371,0.9737219302436693,0.9739003025959547,0.008260717247150542,10
1,13,1371,0.9736279401282965,0.9730606575652907,0.00882117957643585,10
1,61,1371,0.9735685435970539,0.9733295215119875,0.009485968415754007,10
1,15,1371,0.9735685435970538,0.9739805205485887,0.008260465343071238,10
1,60,1371,0.9734497505345687,0.973410953503612,0.00938691063432039,10
1,14,1371,0.9733635929288104,0.9733169633882391,0.00853863754623771,10
1,21,1371,0.973064978499761,0.9736667371592531,0.008312339182811537,10
1,19,1371,0.9730378910706781,0.973530516762876,0.008381862205131034,10
1,73,1371,0.9730339748158707,0.9723705351431652,0.010031148828294322,10
1,62,1371,0.9730339748158707,0.9731194144415812,0.009626933526244427,10
1,63,1371,0.9729745782846282,0.9730548092914449,0.009651320291161272,10
1,20,1371,0.9729177925899238,0.9735068495296578,0.00837922309777532,10
1,70,1371,0.9727963886909006,0.9725452914868452,0.009931720784573708,10
1,72,1371,0.9727963886909005,0.9725933047707817,0.00994074274758019,10
1,74,1371,0.9727369921596579,0.972418352614361,0.009924399923783972,10
1,71,1371,0.9726181990971727,0.9725574971476609,0.00994189452612617,10
1,64,1371,0.9724994060346875,0.9728804445732457,0.009652088444391476,10
1,75,1371,0.9724400095034451,0.9723204070816329,0.009893261683083087,10
1,65,1371,0.972440009503445,0.9724949937209381,0.009799978667848772,10
1,69,1371,0.9723806129722024,0.9724568755074813,0.00991182156449911,10
1,66,1371,0.9723773494265298,0.9724738198366137,0.009869087866916348,10
1,77,1371,0.9723212164409598,0.9721985332320329,0.009999011391682779,10
1,76,1371,0.9722618199097173,0.9722654750808707,0.009967543653798056,10
1,81,1371,0.9722024233784747,0.9719977337938849,0.010093348487821691,10
1,68,1371,0.9722024233784747,0.9724689767348355,0.009879154452711396,10
1,80,1371,0.9722024233784747,0.9721483137912219,0.010073036229561324,10
1,84,1371,0.9721430268472322,0.9715695043849,0.010194497728757202,10
1,82,1371,0.9721430268472322,0.9717896370676128,0.010092806502741027,10
1,67,1371,0.9721371524650213,0.9724233001496009,0.009889739298298452,10
1,88,1371,0.9720836303159897,0.9713516039674271,0.010363556905630771,10
1,90,1371,0.9720836303159897,0.9711407397544248,0.010587238778743792,10
1,89,1371,0.9720836303159895,0.9713228586571424,0.01042016583915542,10
1,87,1371,0.9720836303159894,0.9713398682571883,0.010416308782776128,10
1,85,1371,0.9719054407222618,0.9714306339894365,0.010297913588391569,10
1,83,1371,0.9719054407222618,0.9717155415266606,0.010094204608267682,10
1,78,1371,0.9718969555035128,0.9722397191784219,0.009977749004732627,10
1,79,1371,0.9717272511285342,0.9721604280727588,0.010047783728529226,10
1,86,1371,0.9716678545972914,0.971265603011861,0.010411260956845773,10
2,33,1371,0.9641506034948658,0.9635673165038809,0.009634293387850124,10
2,32,1371,0.9641244951294844,0.9634590712210099,0.009485773962834948,10
2,34,1371,0.9640468227424748,0.9635554763601806,0.00969754610400987,10
2,35,1371,0.9639104065333574,0.9630118349220274,0.009815056665667597,10
2,36,1371,0.9636702095718489,0.9632461966638732,0.009838145950878948,10
2,37,1371,0.9631297664084549,0.962978089859772,0.009889507549086848,10
2,31,1371,0.9628177714421478,0.9629683514394849,0.00950311137072345,10
2,30,1371,0.9626731963688485,0.9629514854354485,0.009572436356566499,10
2,28,1371,0.9626134734830387,0.9621605325062202,0.009823290084558744,10
2,29,1371,0.962589323245061,0.9624404533456564,0.009730757686158935,10
2,39,1371,0.9625292740046838,0.9624467062991654,0.010109237401294996,10
2,38,1371,0.9624091755239296,0.9627552288528769,0.009894476835201147,10
2,40,1371,0.9621689785624212,0.9621972278137637,0.010258731838128326,10
2,41,1371,0.961717630195891,0.9617139358621896,0.010135948189317156,10
2,44,1371,0.9612398471094122,0.9618169333636191,0.009941288067557792,10
2,26,1371,0.9610280429952561,0.9606691965672722,0.010619631083944776,10
2,27,1371,0.961028042995256,0.9610874134181333,0.01033034093213319,10
2,52,1371,0.960967993754879,0.9618231863171279,0.00953436001106941,10
2,46,1371,0.960967993754879,0.9616952292183938,0.009828375186051763,10
2,43,1371,0.9608815097945532,0.9615657186719198,0.01007073238672514,10
2,53,1371,0.9608576859111428,0.9616198413133552,0.009709437836685635,10
2,49,1371,0.9608478952741246,0.9618540855675568,0.009658641267049599,10
2,45,1371,0.9608217869087434,0.9616975920254609,0.00986989261982546,10
2,50,1371,0.960679496317415,0.9620073155639798,0.009581016904318448,10
2,54,1371,0.9606200997861725,0.96155786005394,0.009810051872853203,10
2,48,1371,0.9606200997861725,0.9616346578107092,0.009726467890192974,10
2,42,1371,0.9605013067236874,0.961527300212261,0.010022434333522965,10
2,47,1371,0.9604634495938844,0.9615436440489897,0.009791249106593392,10
2,57,1371,0.9603231171299595,0.9612796232040708,0.009747781816062274,10
2,58,1371,0.9603074521107308,0.961035771071409,0.009834101111326779,10
2,51,1371,0.9602842809364549,0.9617083095094499,0.009715199624373826,10
2,56,1371,0.9601449275362318,0.9615430957733166,0.009738281062340714,10
2,16,1371,0.9600672551492223,0.9596447043097079,0.010498413300918795,10
2,25,1371,0.9600453893932155,0.9598850318130431,0.010585702465285113,10
2,55,1371,0.9599073414112617,0.9606536881982356,0.009727835668180801,10
2,60,1371,0.959887107428091,0.9606079071795395,0.009947076976577138,10
2,59,1371,0.959847944880019,0.9607805617998062,0.009917046905375891,10
2,9,1371,0.959847944880019,0.9594187886240629,0.010516834434424098,10
2,10,1371,0.9597069597069596,0.9592845655176376,0.011109834356124152,10
2,61,1371,0.9593727726300785,0.9604934872682557,0.010081797802917968,10
2,62,1371,0.9592866150243199,0.9604147444382655,0.010161809510512909,10
2,8,1371,0.9592092689918778,0.9590765732248269,0.010521830465588898,10
2,14,1371,0.9591945830363506,0.9592407817888929,0.010972946985754205,10
2,71,1371,0.9591064673031886,0.9598870813197258,0.010602774230804145,10
2,11,1371,0.9591064673031886,0.9590142656108444,0.011095078412683012,10
2,63,1371,0.9589263195820572,0.9602476378456423,0.010169626788879876,10
2,20,1371,0.958806221101303,0.9591011542508334,0.010329328851018223,10
2,72,1371,0.9587461718609259,0.9597146616747473,0.01067649264033529,10
2,70,1371,0.9587461718609259,0.9598342379881938,0.010675115663992985,10
2,21,1371,0.9587314859053989,0.9588752907819195,0.010279324637603426,10
2,17,1371,0.9586717630195891,0.9589251838681631,0.010602876592889205,10
2,12,1371,0.9586600142551674,0.9584879601273043,0.010861121272218137,10
2,73,1371,0.9585660241397946,0.9595952811740409,0.010601187856262646,10
2,64,1371,0.9585412211926824,0.9597959370161793,0.010246578478701905,10
2,24,1371,0.9585059748994175,0.9592496716873053,0.010356531155928234,10
2,13,1371,0.9584818246614397,0.9584531054595203,0.010868299611131371,10
2,74,1371,0.9584459256590404,0.9595116952422726,0.010655358032938312,10
2,69,1371,0.9584224281301972,0.9598699150694874,0.010580553700199117,10
2,19,1371,0.9583630315989546,0.9587523595435212,0.010540670449128764,10
2,76,1371,0.9583036350677119,0.9593420039214764,0.010468270092506397,10
2,15,1371,0.9582442385364695,0.9590518747111761,0.010898276292799535,10
2,22,1371,0.958205728697532,0.9587432607781858,0.010109418517856085,10
2,75,1371,0.958184842005227,0.9595215250418387,0.010583907118550702,10
2,77,1371,0.9581254454739844,0.9592799704453304,0.010567717484975972,10
2,65,1371,0.9580856302167777,0.9595519543416907,0.010390040257383562,10
2,80,1371,0.9580066524114992,0.9590068377808934,0.01061841602052476,10
2,67,1371,0.9579655317360235,0.9595974351141849,0.010498781712725577,10
2,23,1371,0.9579655317360234,0.9586835640007414,0.010140795516296125,10
2,18,1371,0.957955088389871,0.9585603977870549,0.01073384676646075,10
2,78,1371,0.9579472558802566,0.9593876543983457,0.010531271366132163,10
2,68,1371,0.9579054824956464,0.9597287471378704,0.010478826170021584,10
2,79,1371,0.9578878593490141,0.9591934864850046,0.010644118363580871,10
2,66,1371,0.9577853840148922,0.9594370514256473,0.010418549343836693,10
2,81,1371,0.9577690662865288,0.9588965168829745,0.010690258268187943,10
2,83,1371,0.9575314801615585,0.9586016228959922,0.010750541913432617,10
2,86,1371,0.9575314801615585,0.958709541824296,0.01076912037979951,10
2,82,1371,0.9574126870990736,0.9586953258193458,0.010679188254589436,10
2,84,1371,0.9572938940365883,0.9583549380056864,0.010700207740565492,10
2,87,1371,0.9571248423707441,0.9586656797704554,0.010659667548283541,10
2,85,1371,0.9570047438899898,0.9583693106608289,0.010728265942485975,10
2,90,1371,0.9568245961688584,0.9583332550082372,0.010842624609946078,10
2,88,1371,0.9568187217866477,0.9586537090849278,0.010586384243185918,10
2,89,1371,0.9567044976881043,0.9583642717463101,0.010721931389542303,10
3,49,1371,0.954909221213569,0.9532353747464225,0.0118421872430785,10
3,51,1371,0.9545616535994298,0.9532231821397894,0.011925071168429831,10
3,50,1371,0.9545616535994298,0.9529792516820313,0.011940306707308727,10
3,53,1371,0.9544314381270903,0.9530584253000504,0.01200131692070024,10
3,55,1371,0.9543717152412804,0.9529462115456414,0.011939375688345898,10
3,48,1371,0.9543119923554706,0.952970022374869,0.011842577928271517,10
3,33,1371,0.954264670943217,0.9536217263373358,0.012014116868104352,10
3,44,1371,0.9542052744119743,0.9527229066965346,0.012106728777248629,10
3,32,1371,0.9540731008122313,0.9535791566475814,0.011857737138342645,10
3,47,1371,0.9540731008122312,0.9526462525357751,0.011826363383536688,10
3,45,1371,0.9539676882870041,0.9526146744678462,0.012020854839852765,10
3,54,1371,0.9539536550406116,0.9529312906148258,0.011928182011771439,10
3,46,1371,0.9539082917557614,0.9526025993488574,0.011928852168662216,10
3,43,1371,0.9537894986932762,0.9527313658069183,0.0123820312087697,10
3,52,1371,0.9537744863831821,0.9529151686992029,0.011878046399614607,10
3,56,1371,0.9537744863831821,0.9526994222218741,0.012141528087618257,10
3,57,1371,0.9537147634973722,0.9522641696626014,0.012264345110491867,10
3,39,1371,0.9536113090995485,0.9526550510549084,0.01269295838540766,10
3,31,1371,0.9535355948399427,0.9535143817930704,0.011663804151998365,10
3,37,1371,0.9531175346392737,0.9527064062096138,0.012478048685456196,10
3,42,1371,0.9530767403183654,0.9519803456225407,0.012460830324790872,10
3,35,1371,0.9530578117534638,0.9533843621334711,0.0121496355765345,10
3,40,1371,0.9528786430960343,0.9522773543871191,0.012706492674612645,10
3,36,1371,0.9528786430960343,0.9531615925058547,0.012372369048057236,10
3,9,1371,0.9528391541933952,0.9498347732096842,0.013853116154713057,10
3,30,1371,0.952839154193395,0.9530392356514952,0.011904338086803185,10
3,69,1371,0.9526994744386048,0.9506169015114132,0.013151049725682564,10
3,58,1371,0.9526994744386048,0.9521168009942066,0.012336590164865213,10
3,34,1371,0.9526609645996673,0.9532531414890645,0.012124584923730333,10
3,70,1371,0.9526397515527951,0.9507623903775007,0.013139312530538107,10
3,38,1371,0.952639751552795,0.9525078129283405,0.012494628141970856,10
3,68,1371,0.9525611001020837,0.9507460595949548,0.013108932246614458,10
3,59,1371,0.9525203057811754,0.9519017463885602,0.012450187359739512,10
3,66,1371,0.9525010508617066,0.9505956623561755,0.012984138113709288,10
3,60,1371,0.9524008600095557,0.9516609489346481,0.012626854454698293,10
3,71,1371,0.9523411371237458,0.9505830128531483,0.01303946340362688,10
3,8,1371,0.9522216913521262,0.9497481456533486,0.013279964611164001,10
3,78,1371,0.9522216913521261,0.9505901012743493,0.013249241400657454,10
3,61,1371,0.9521022455805065,0.9514060007466992,0.012632269532161724,10
3,77,1371,0.9520669992872416,0.9507651187016832,0.013151091952579314,10
3,76,1371,0.9520425226946966,0.9505573613841611,0.013187999053922844,10
3,73,1371,0.9520425226946966,0.9503515360856771,0.013102893754393531,10
3,72,1371,0.9520425226946966,0.9504351220174456,0.01301800635699011,10
3,29,1371,0.9520425226946965,0.9528028374571496,0.01203645768603382,10
3,65,1371,0.9519827998088868,0.9501866748124768,0.012984292457492075,10
3,67,1371,0.9519606076983126,0.9507961354397563,0.012954437691004326,10
3,79,1371,0.951863354037267,0.950444129403502,0.013188133655037336,10
3,75,1371,0.9518036311514573,0.9504855111626316,0.013154063848775188,10
3,64,1371,0.9517439082656475,0.9503588725363494,0.012951163574740875,10
3,82,1371,0.9517439082656474,0.9504116767053331,0.013218336289480617,10
3,81,1371,0.9516244624940278,0.9503742764719243,0.013250423077642168,10
3,41,1371,0.951591827037301,0.9508157950388884,0.012882184917014958,10
3,62,1371,0.9515647396082179,0.9510354838793899,0.012687270637254422,10
3,13,1371,0.951505016722408,0.9499279148031821,0.013732716535323765,10
3,28,1371,0.951505016722408,0.9521550497494902,0.012031644439963728,10
3,86,1371,0.9514452938365981,0.950489845151285,0.013204739268508167,10
3,74,1371,0.9513855709507884,0.9505983123552617,0.013230707698815613,10
3,11,1371,0.9513601152945415,0.9490455564867539,0.013605543343524032,10
3,26,1371,0.9513601152945415,0.9507635260913949,0.012376349938013452,10
3,25,1371,0.9513542409123308,0.9503740676050014,0.012511544011580592,10
3,14,1371,0.9513542409123308,0.9493090160018172,0.013729538931837875,10
3,80,1371,0.9512400168137873,0.9502286440098271,0.013268145261453595,10
3,85,1371,0.9512064022933588,0.950445278171579,0.013219517280110763,10
3,63,1371,0.9511799675734102,0.950662108146071,0.012798294432776665,10
3,27,1371,0.9510598690926559,0.9516170477182594,0.012091425210004525,10
3,15,1371,0.9510272336359293,0.9498060670619474,0.013194488153331284,10
3,19,1371,0.9508480649784997,0.948903801116916,0.013005736450097788,10
3,83,1371,0.9507883420926899,0.9502132661826175,0.01314656256898945,10
3,87,1371,0.9507883420926899,0.9504034656244207,0.013073623853972304,10
3,24,1371,0.9506414825374199,0.9497168547774392,0.01263133176372385,10
3,20,1371,0.9506091734352604,0.9487209250716023,0.012915247582213445,10
3,10,1371,0.9505794751696391,0.9495159117432818,0.01401121400162351,10
3,84,1371,0.9505494505494505,0.9501916223477166,0.013074928172311706,10
3,21,1371,0.9503392782081307,0.94854533326023,0.01266296192248895,10
3,12,1371,0.9502191797273765,0.9487212775345348,0.013582438540443085,10
3,88,1371,0.9500716674629717,0.9501260772964265,0.013088081638684173,10
3,16,1371,0.950011944577162,0.9487325955109276,0.013362207079244579,10
3,89,1371,0.9499522216913521,0.9500492403771094,0.0132009171912922,10
3,90,1371,0.9499522216913521,0.9499179414076064,0.013318331599610989,10
3,22,1371,0.9498099311000238,0.9484140734532751,0.012755652547521588,10
3,23,1371,0.9496911380375386,0.9489257321438361,0.012777355122380367,10
3,18,1371,0.9495938843764932,0.9483930692733259,0.013408447108555042,10
3,17,1371,0.9491758241758241,0.9486001738817135,0.013414100363734454,10
4,32,1371,0.9485785953177257,0.9440577621475696,0.013075143510848226,10
4,31,1371,0.9474438604873388,0.9437834415525078,0.013028062689643747,10
4,30,1371,0.9473746733190782,0.943613815502625,0.012830886734428767,10
4,29,1371,0.9464882943143812,0.9426412527838045,0.01306429864800308,10
4,33,1371,0.9464243288191969,0.9437228701448231,0.012948768588898698,10
4,34,1371,0.9455333808505584,0.9438637247760555,0.012906202257555443,10
4,50,1371,0.945054945054945,0.9423879624770574,0.013228770401098072,10
4,36,1371,0.9449348465741909,0.9432368498690665,0.013222774628502883,10
4,28,1371,0.94488001900689,0.9422942726078862,0.013178448848535513,10
4,51,1371,0.9448160535117056,0.9420565037243585,0.013353582450880733,10
4,35,1371,0.9447612259444048,0.9432828528088685,0.013036367171199811,10
4,52,1371,0.944696607740086,0.9422997423104336,0.013223892319504696,10
4,37,1371,0.9445145018915511,0.9429423213991994,0.013256316303255695,10
4,45,1371,0.9440993788819876,0.9420357736822456,0.013366176127365284,10
4,38,1371,0.9439890710382514,0.9431947762382545,0.013473469320646147,10
4,8,1371,0.9439799331103679,0.9403913121803358,0.015534994500990865,10
4,53,1371,0.9439202102245581,0.942256846266112,0.013117268870019076,10
4,9,1371,0.9438007644529384,0.9398986473255896,0.015306109255895909,10
4,48,1371,0.9437410415671286,0.9424030922747957,0.01328766628886326,10
4,47,1371,0.9437410415671286,0.9421780251110258,0.013254090800581222,10
4,49,1371,0.9437410415671285,0.9422880327085602,0.013363808223818668,10
4,46,1371,0.9436813186813187,0.941909396139617,0.013259537235287458,10
4,54,1371,0.9435021500238892,0.9421808578686697,0.013168911005502718,10
4,27,1371,0.9433951057258256,0.9417060902983924,0.01299800523073924,10
4,55,1371,0.9433357091945831,0.9419774084314356,0.013273890514155243,10
4,39,1371,0.9432534678436318,0.9425125907592051,0.013575112466472259,10
4,44,1371,0.9431438127090301,0.9421984157443886,0.013370611710246222,10
4,26,1371,0.9429793300071276,0.9412467005553249,0.013172849088907996,10
4,40,1371,0.9429793300071275,0.9417638942193469,0.01360980482967741,10
4,56,1371,0.9429793300071275,0.9416636250420997,0.013142786255497469,10
4,57,1371,0.9429793300071275,0.941396223163864,0.013292837832051043,10
4,43,1371,0.942785475394171,0.9421934159924181,0.01324752977282109,10
4,41,1371,0.9426823473509147,0.9417569755025208,0.01358118009298979,10
4,58,1371,0.9426229508196722,0.9409726018813689,0.013455687267837317,10
4,42,1371,0.9425635542884294,0.9423400144640344,0.013404910325884159,10
4,59,1371,0.9418507959135187,0.9405306525263759,0.01354512493241679,10
4,10,1371,0.9413756236635781,0.9384669428931725,0.015216196261754762,10
6,28,1371,0.9410535117056856,0.9387267211287168,0.011853585075614282,10
6,31,1371,0.9410535117056856,0.9390614825896367,0.011934205438084034,10
4,86,1371,0.9410535117056855,0.9402199499241553,0.014034485027253199,10
4,81,1371,0.9410192444761227,0.9396089619575008,0.01404765056383425,10
4,85,1371,0.9409937888198757,0.9404192872938418,0.0138747966147283,10
4,80,1371,0.9409598479448801,0.9394945159378517,0.014116268970517638,10
4,60,1371,0.9408410548823949,0.9401489090619526,0.013407354281052632,10
4,14,1371,0.9406951743908266,0.940304188565058,0.014342036482099071,10
4,25,1371,0.9406951743908266,0.940339095449573,0.013583968815161994,10
5,30,1371,0.9406951743908266,0.9398886478216485,0.011930368788635763,10
4,69,1371,0.9406951743908265,0.9396412449512949,0.013930487322257108,10
4,68,1371,0.9406951743908265,0.9395094499228498,0.013911064490513908,10
6,29,1371,0.9406951743908265,0.9392718246353314,0.011895752322575219,10
4,67,1371,0.9406713505074161,0.9395569410394785,0.013916255694892268,10
4,74,1371,0.9406628652886672,0.9392837169957626,0.014007992357734438,10
6,30,1371,0.9406354515050168,0.9394347016727629,0.011893341308881098,10
4,83,1371,0.9405757286192068,0.9396665309031667,0.014174361218573258,10
4,84,1371,0.940544072226182,0.9400607019495115,0.014001231530718411,10
4,73,1371,0.940544072226182,0.939453434424924,0.013975406526613348,10
4,75,1371,0.9405440722261819,0.9394266994587737,0.014020688401854265,10
4,70,1371,0.940516005733397,0.9393874455314227,0.013858413008679165,10
4,66,1371,0.9404562828475872,0.9395114472128013,0.013849190917418257,10
4,12,1371,0.9403965599617774,0.939437651918051,0.015069533053733025,10
4,72,1371,0.9403658826324541,0.939185288458275,0.013909562521109056,10
4,82,1371,0.9403368370759675,0.9394581730932409,0.014147445952110503,10
6,32,1371,0.9403368370759675,0.9392171406640404,0.012030411232158792,10
5,31,1371,0.9402510058247764,0.9399891389200014,0.011950327668904758,10
4,79,1371,0.9402470895699692,0.9392798268493208,0.014076885086046148,10
5,29,1371,0.9402173913043479,0.9394771277665076,0.01171127560630757,10
4,76,1371,0.9401876930387264,0.9395100634694363,0.014049635640561631,10
4,71,1371,0.940157668418538,0.9390889616442004,0.013905716011188977,10
4,61,1371,0.940128296507484,0.939584772556975,0.013601624215635487,10
4,65,1371,0.9400979455327281,0.9392633655249479,0.014039507605812714,10
6,27,1371,0.9400382226469184,0.9374453486641654,0.012045135160455564,10
4,87,1371,0.9400382226469184,0.9398159751866096,0.014083579383970958,10
6,33,1371,0.9399187768752986,0.9385494975445081,0.012189474160047047,10
5,33,1371,0.9398907103825136,0.9398487803477112,0.012223222451427592,10
4,18,1371,0.9398907103825136,0.9387066046331906,0.014142242535920455,10
4,77,1371,0.939831313851271,0.9394567371331448,0.014093748353755159,10
7,29,1371,0.939799331103679,0.9369395513016326,0.013044847737593774,10
5,32,1371,0.9397719173200285,0.9397406786608496,0.012280181563413125,10
4,62,1371,0.9397719173200285,0.9392188507619725,0.013658556853105564,10
4,15,1371,0.9397706119017595,0.9387961954889967,0.01467069208836984,10
4,20,1371,0.9397396082178692,0.9379927627611163,0.013847700764143015,10
4,19,1371,0.9397396082178691,0.9381219600072059,0.014055561076138957,10
6,26,1371,0.9397396082178691,0.9370239596469105,0.012117816785415752,10
4,78,1371,0.939712520788786,0.9393495884016199,0.014054730660731813,10
4,17,1371,0.9396531242575434,0.9382096057897911,0.014595240842642196,10
7,31,1371,0.9396531242575433,0.9369578793741303,0.013119630784847607,10
4,64,1371,0.9396505134210051,0.9388851989065816,0.013776279673465557,10
4,23,1371,0.9396201624462494,0.9390825128779511,0.013616768664734937,10
4,24,1371,0.9396201624462494,0.9398157010487731,0.013784862953659304,10
5,52,1371,0.9395007166746298,0.9380933321845653,0.012439242318540985,10
4,21,1371,0.93944099378882,0.93791583446252,0.013892482474128815,10
4,88,1371,0.93944099378882,0.9397436158519551,0.014223352308325912,10
4,16,1371,0.9394155381325731,0.9385313391763855,0.014733636888584466,10
5,50,1371,0.9394155381325731,0.9382178299248862,0.012514700904992819,10
6,48,1371,0.9393812709030099,0.9377488584117236,0.012029159424633597,10
4,13,1371,0.9393812709030099,0.9393379440706596,0.015010441730155859,10
4,63,1371,0.9392618251313903,0.939114338975351,0.0137807949582131,10
6,47,1371,0.9392618251313903,0.9374006772509981,0.012133484779656494,10
7,30,1371,0.9392373485388454,0.9366533383461396,0.013044132333910906,10
5,28,1371,0.9392301687383655,0.9384712768818256,0.011997844836560766,10
4,90,1371,0.9392021022455805,0.9394759920526136,0.014390976250305089,10
4,89,1371,0.9390826564739609,0.9396436730292753,0.014220076864258547,10
4,22,1371,0.9390500210172342,0.9383772214955394,0.014018245134724824,10
5,53,1371,0.939022933588151,0.938050801657359,0.012534298747044358,10
4,11,1371,0.939022933588151,0.9379111741192995,0.015240900663193615,10
7,28,1371,0.9389299225364799,0.9363368005242559,0.012827803067126003,10
6,46,1371,0.9389034878165313,0.9374108725676794,0.012022068377329465,10
6,45,1371,0.9387243191591018,0.9370519739229646,0.012176580441520956,10
5,49,1371,0.9386433832264196,0.9384447768909636,0.012597171611968608,10
7,27,1371,0.9386048733874821,0.9360017518713171,0.01281606334878336,10
5,27,1371,0.938583986695177,0.9379806876421274,0.012024536645150956,10
5,51,1371,0.9385451505016722,0.9382248530751738,0.012427708648291255,10
6,49,1371,0.9384854276158624,0.9371611591069895,0.011811452971294921,10
6,34,1371,0.9384257047300526,0.9382076346082048,0.012119310279999183,10
7,34,1371,0.9383659818442427,0.9358246849373008,0.013436653724095787,10
7,35,1371,0.9383659818442427,0.9360622318997229,0.013495380489218497,10
7,32,1371,0.9383659818442427,0.9362494419336899,0.013363172333339949,10
6,43,1371,0.9383659818442427,0.9368511875389993,0.012082121374678805,10
5,48,1371,0.9383062589584329,0.9384111754247177,0.012752147378463505,10
5,54,1371,0.9383062589584329,0.937620927421355,0.012653249965604069,10
5,34,1371,0.9382693808923317,0.9392623342445154,0.012280910808189514,10
5,35,1371,0.938168210976479,0.9389818520752234,0.012417276936420415,10
7,36,1371,0.9380673674151935,0.9357224967951983,0.013651927030547297,10
6,25,1371,0.9380673674151935,0.9364552150154429,0.012210373104248324,10
5,44,1371,0.9380076445293837,0.9379311470188165,0.012589877872835234,10
6,44,1371,0.9380076445293836,0.9368925823523115,0.01200560734503051,10
5,47,1371,0.9380076445293836,0.9384811327897572,0.012643156962063232,10
6,50,1371,0.9379479216435738,0.9373787723324429,0.011655219434135502,10
6,42,1371,0.9379479216435738,0.9368914988551481,0.012067235659590602,10
7,33,1371,0.937888198757764,0.9362052404710994,0.0132977542494722,10
5,37,1371,0.9378118317890235,0.9386513723862262,0.01259829126213368,10
6,24,1371,0.9377687529861443,0.9357182280774582,0.012201066089589862,10
6,35,1371,0.9377090301003346,0.9378058529733512,0.012078012370919078,10
5,46,1371,0.9377090301003345,0.9381438127090301,0.01267211013667704,10
5,42,1371,0.9377090301003345,0.9381297272459068,0.012562943585905536,10
5,38,1371,0.9376930387265384,0.9382108981538775,0.0128181956581747,10
5,36,1371,0.9376930387265383,0.9384964453460535,0.012427648780589119,10
5,55,1371,0.9376493072145247,0.9369469921857663,0.01262974318828795,10
5,45,1371,0.937529861442905,0.9378169229202729,0.012664835308807321,10
6,52,1371,0.9374701385570952,0.9373392051047077,0.011552468645739954,10
6,41,1371,0.9374701385570952,0.9368724528026025,0.012011072033172355,10
6,23,1371,0.937470138557095,0.9347543986068577,0.01241992575569239,10
6,51,1371,0.937470138557095,0.9374867565316604,0.01149664124699669,10
6,36,1371,0.9374286915270521,0.9380279568376503,0.012058884632564992,10
5,43,1371,0.9374104156712851,0.9380819097747108,0.012664022235520506,10
6,37,1371,0.9371715241280459,0.9374922784509385,0.01214162293138096,10
6,54,1371,0.9371715241280458,0.9367200191113233,0.01153543022653877,10
7,39,1371,0.9370520783564262,0.9355487717319505,0.01364910994349931,10
6,83,1371,0.9370396768828699,0.9368061767170821,0.011816731113298055,10
6,84,1371,0.9370396768828699,0.9366121654539331,0.011935995303357051,10
6,40,1371,0.9369923554706163,0.9370951832676707,0.012061736662064905,10
7,82,1371,0.9369326325848065,0.9360544385526566,0.013100115696277647,10
5,56,1371,0.9369326325848065,0.936751309987233,0.012618421399382615,10
5,26,1371,0.9369326325848064,0.9372352677021246,0.012058642970961356,10
7,40,1371,0.9368729096989967,0.9354668436813839,0.01348039763378445,10
7,81,1371,0.9368729096989966,0.9359023964868584,0.013009268284497682,10
7,26,1371,0.9368131868131868,0.934801223960169,0.013067494558722866,10
6,53,1371,0.9368131868131868,0.9370805625830573,0.011542010892220551,10
6,85,1371,0.9367426942266571,0.9363921372046817,0.01196892319993659,10
6,80,1371,0.9367426942266571,0.936135452810435,0.011813894823157908,10
5,68,1371,0.9366937410415671,0.9358203901111954,0.013465823134693203,10
6,82,1371,0.9366239011641719,0.9366177134815767,0.011860688494048933,10
6,87,1371,0.9366239011641719,0.9360810690853456,0.012102362422310891,10
5,25,1371,0.9365880021617727,0.9365771802443221,0.01228635653246913,10
7,89,1371,0.9365742952699474,0.9349656805537063,0.013469872915016503,10
5,86,1371,0.9365645046329294,0.9362430976009023,0.0136997390923323,10
5,41,1371,0.9365645046329294,0.938086674551393,0.012948450281603545,10
6,88,1371,0.9365145723841376,0.9360087750216046,0.012163489549020936,10
5,66,1371,0.9365145723841376,0.9353778663721642,0.013600492620183853,10
6,38,1371,0.9364548494983278,0.9366962474446435,0.012080453861286878,10
6,39,1371,0.9364548494983278,0.9365171310039451,0.011997658954942179,10
6,86,1371,0.9364548494983278,0.9361888183092744,0.012003968030912734,10
7,37,1371,0.9364548494983277,0.9350295155070637,0.013543873751050541,10
7,83,1371,0.9364548494983277,0.9358630250718631,0.013191756134423603,10
6,55,1371,0.9364548494983277,0.936402045329344,0.01137461353613882,10
7,50,1371,0.9363951266125179,0.9357208389139964,0.012784552854901631,10
5,88,1371,0.9363863150392017,0.9361729835856707,0.01385589654269274,10
5,87,1371,0.9363354037267081,0.9362524313415261,0.013777444126480699,10
7,41,1371,0.9363354037267081,0.9352493871061227,0.013506958448126688,10
6,89,1371,0.9363354037267081,0.9358651529036419,0.012055750315179114,10
7,80,1371,0.936335403726708,0.9356852532119817,0.01293184239675069,10
5,57,1371,0.9362756808408983,0.9363417872220439,0.012708041918869744,10
7,88,1371,0.9362756808408982,0.9352597651813617,0.01342618993370245,10
7,90,1371,0.9362756808408982,0.9346256713113448,0.01344608611625485,10
5,85,1371,0.9362675219767166,0.9365879499450419,0.013593408414501913,10
6,22,1371,0.9362159579550884,0.9345180004125122,0.012614284783304733,10
6,75,1371,0.9362159579550884,0.9361276203008206,0.011630534042737282,10
6,74,1371,0.9362159579550883,0.9360298314182848,0.011708035534164855,10
5,40,1371,0.936208125445474,0.9374056378404204,0.012996106523647957,10
6,81,1371,0.9362081254454739,0.936230957211,0.011808775762252558,10
5,84,1371,0.9362081254454738,0.9367149540884395,0.013524209956550938,10
7,38,1371,0.9361562350692785,0.9349651714405813,0.013495644316937222,10
6,79,1371,0.9361487289142314,0.936393938681893,0.01179576393610689,10
5,67,1371,0.9360965121834687,0.9354523143760491,0.013481392866720777,10
5,8,1371,0.9360965121834687,0.9350267741286986,0.014776392444766919,10
6,56,1371,0.9360965121834686,0.936284727389503,0.011416040805406367,10
5,69,1371,0.9360367892976589,0.9355863155613691,0.013438246556713896,10
6,73,1371,0.935977066411849,0.9356880859696255,0.01165200153152352,10
5,39,1371,0.9359705393205037,0.937378602628068,0.012953911893987292,10
5,90,1371,0.9359173435260392,0.9358262383850409,0.014073575935693364,10
6,12,1371,0.9358576206402294,0.9337084713813152,0.012735961675737784,10
5,80,1371,0.9358517462580185,0.9362730438959946,0.013692548933668289,10
6,78,1371,0.9358517462580185,0.936253488730324,0.011823364707607326,10
5,11,1371,0.9358073620368703,0.9345555181335652,0.01439363004511905,10
7,85,1371,0.9357978977544196,0.9354730574723448,0.013411081681939715,10
7,78,1371,0.9357978977544195,0.9356401118482373,0.012884097467554255,10
7,84,1371,0.9357978977544195,0.9356379448539107,0.013259219567179101,10
5,65,1371,0.9357978977544195,0.9353224644208251,0.013418265854103105,10
5,82,1371,0.935792349726776,0.9361558956605286,0.013605563892545993,10
5,83,1371,0.9357923497267759,0.9366747602599348,0.013615699819002706,10
7,49,1371,0.935747312796493,0.9356320313091518,0.012956634454016524,10
7,87,1371,0.9357381748686097,0.9352191927815591,0.013584537128729533,10
5,89,1371,0.9357381748686097,0.9359673802082925,0.014015820641387337,10
7,77,1371,0.9357381748686097,0.9353419151530342,0.012904261894303598,10
6,90,1371,0.9357381748686096,0.9356046175255014,0.011952157826028877,10
5,70,1371,0.9357329531955334,0.9355860544777151,0.01362132137049646,10
6,76,1371,0.9356784519827999,0.9362259444048467,0.011666024643149591,10
6,71,1371,0.9356784519827998,0.9355231985880595,0.011540985509894717,10
7,25,1371,0.9356735566642909,0.9344207336972841,0.013090333143861656,10
6,77,1371,0.9356735566642906,0.9359668188784369,0.011861552652002831,10
7,86,1371,0.93561872909699,0.9354061025693242,0.01348379974449355,10
6,13,1371,0.93561872909699,0.9328769329981018,0.012715991072925797,10
5,81,1371,0.9356141601330482,0.9360051590129993,0.013668354848032636,10
7,79,1371,0.93555900621118,0.9355802975831486,0.012896152733658161,10
7,42,1371,0.93555900621118,0.9350841211532588,0.013491953443142048,10
6,70,1371,0.9355547636018056,0.9352787981797248,0.011520304081166756,10
5,77,1371,0.9355071158349847,0.9359348100224792,0.013576373468548382,10
6,17,1371,0.9354992833253702,0.9327373054600424,0.012697027966309078,10
5,71,1371,0.935495367070563,0.9355218540072424,0.013553126054327872,10
5,58,1371,0.9354395604395604,0.9358450755706635,0.012911560362343264,10
5,60,1371,0.9354395604395603,0.9350776332244614,0.013023663129024114,10
6,72,1371,0.9354395604395603,0.9354252269469663,0.011525178681271682,10
6,57,1371,0.9354395604395603,0.9357588135314436,0.011480359923266787,10
5,72,1371,0.9354359705393205,0.9356754364665981,0.013572213874812914,10
6,66,1371,0.9354359705393205,0.9353524890410135,0.011473666352241266,10
7,48,1371,0.9353870173542305,0.9354314276837442,0.01298422927162044,10
7,76,1371,0.9353798375537506,0.9349498066675543,0.012909673404659861,10
7,51,1371,0.9353798375537506,0.9355469702547393,0.012635554339210502,10
5,24,1371,0.9353798375537505,0.9356072283620395,0.012758214866895845,10
7,75,1371,0.9353798375537505,0.9350003263545672,0.012766876590135142,10
6,21,1371,0.9353798375537505,0.9336225487508452,0.012792777412391538,10
6,69,1371,0.9353765740080779,0.9353023087627506,0.011438351359844183,10
5,59,1371,0.9353201146679406,0.9355729219699285,0.012843402251348859,10
6,65,1371,0.9353171774768354,0.9352492957268439,0.01157282581697647,10
5,79,1371,0.9353171774768353,0.9358239408488873,0.013602001375989242,10
5,75,1371,0.9352577809455928,0.9360117122127101,0.013595715295870373,10
6,58,1371,0.9352577809455928,0.93527882428809,0.011309981279606283,10
5,73,1371,0.9352577809455928,0.9353665614499543,0.013589458338727059,10
6,67,1371,0.9352577809455926,0.9355052099243117,0.011392686749203677,10
5,23,1371,0.935200668896321,0.9353974998629312,0.012994383982986695,10
7,44,1371,0.935200668896321,0.9352443742999695,0.013365290899648398,10
6,68,1371,0.9351983844143502,0.9354885919497467,0.011392446106869215,10
5,74,1371,0.9351983844143501,0.9355552466065652,0.013643240631091064,10
7,52,1371,0.9351409460105113,0.935168686148729,0.012706318537937146,10
5,76,1371,0.935079591351865,0.9359849903007422,0.013724597350558941,10
7,43,1371,0.9350215002388915,0.9351280876405608,0.013303341490262275,10
6,16,1371,0.9350215002388915,0.9333241040261708,0.012522992746596144,10
5,78,1371,0.9350201948206224,0.9356041606291072,0.013671978215693735,10
7,46,1371,0.9349666726715907,0.935665737208859,0.013253616348699098,10
6,59,1371,0.9349020544672718,0.9348196825744938,0.011322916307102047,10
7,45,1371,0.9349020544672718,0.9356417436210737,0.013215802058579652,10
7,74,1371,0.9349020544672718,0.935007427829951,0.012707319622046279,10
5,64,1371,0.9349020544672718,0.9350623206681652,0.013474475595941704,10
6,64,1371,0.9349014017581373,0.9351654226030562,0.011524085882054053,10
5,14,1371,0.934842331581462,0.9341089345437171,0.013780173092833201,10
5,13,1371,0.9347826086956521,0.9353448131815916,0.013551075063004006,10
5,9,1371,0.9347826086956521,0.9334875162850927,0.014597439405770256,10
7,47,1371,0.9347264757100822,0.9359020440239257,0.013063636438143589,10
6,18,1371,0.9347228858098423,0.9323784068153277,0.012576009524724445,10
7,24,1371,0.934663815633167,0.9337532994446751,0.013074929286803686,10
5,16,1371,0.9346631629240324,0.9335723554183997,0.013692333008990927,10
5,15,1371,0.9346063772293282,0.9338901725501869,0.013649133608276172,10
6,11,1371,0.9346034400382227,0.9327402687595132,0.013385165924722078,10
6,20,1371,0.9345437171524127,0.9327535187549443,0.012893055605354378,10
6,15,1371,0.9344242713807932,0.9327056882295657,0.012847381032659512,10
6,10,1371,0.9344242713807931,0.9329599706541974,0.013423394723660394,10
5,17,1371,0.9343661802678196,0.9339311757380182,0.013221168408552086,10
5,12,1371,0.9343661802678196,0.9342988859560493,0.01425546956844646,10
7,73,1371,0.9343645484949833,0.9348454384769425,0.012687551845567524,10
7,23,1371,0.9343048256091735,0.9332026348562343,0.013116070923320055,10
6,60,1371,0.934248039914469,0.9345041499246772,0.011424371743046526,10
6,19,1371,0.9342451027233636,0.932297027040434,0.01277784800543261,10
6,14,1371,0.9342451027233636,0.9326718517880314,0.012793570572132104,10
6,63,1371,0.9341886433832265,0.9347684971241634,0.011596509525954072,10
5,62,1371,0.9341853798375537,0.9346505525835532,0.013417188268116144,10
5,20,1371,0.9340659340659341,0.9332124646558003,0.013106371114921142,10
7,66,1371,0.9340659340659341,0.9344004344432,0.012736085549710644,10
5,21,1371,0.9340062111801242,0.9335476830131141,0.013323749600602336,10
5,22,1371,0.9340062111801242,0.9344102120260352,0.013058071182614447,10
5,61,1371,0.9340062111801242,0.9347311752158509,0.013233078031119679,10
7,15,1371,0.9339510572582561,0.9307988115472079,0.013601609412692148,10
7,53,1371,0.9338867654085046,0.9349199909142888,0.012636014822119446,10
5,63,1371,0.9338867654085046,0.9344858349063624,0.013567645375220344,10
7,72,1371,0.9338867654085046,0.934486983674439,0.012601674278719643,10
7,64,1371,0.9338867654085045,0.9339290609604223,0.012692790696020046,10
7,13,1371,0.9338857863448027,0.9306647842535227,0.013813046612787951,10
7,68,1371,0.9338270425226947,0.9341277325667917,0.01252528824406907,10
7,14,1371,0.9337728676645285,0.9305624264070451,0.013701228652686163,10
7,54,1371,0.9337673196368849,0.9346642725295612,0.012476685919585374,10
5,10,1371,0.9337656878640486,0.9330768316976442,0.014447397329066851,10
5,18,1371,0.9337656878640485,0.9333728744527034,0.01312604995025626,10
7,65,1371,0.9337075967510751,0.9340534412130991,0.012688804911023237,10
5,19,1371,0.9337075967510751,0.9331213464606195,0.012855590200610839,10
7,63,1371,0.933707596751075,0.9338879011223986,0.0127134969262629,10
7,67,1371,0.9336478738652652,0.9341442330537129,0.01266969109135848,10
7,22,1371,0.9335946780708007,0.9322608800085637,0.013304356151170784,10
6,61,1371,0.9334758850083156,0.9343997425715174,0.011559621189340747,10
7,69,1371,0.9333492594362159,0.9341663990559215,0.012505141331215558,10
7,16,1371,0.9332976954145878,0.9304346129043207,0.013709626368564024,10
7,21,1371,0.933289536550406,0.9320387108733509,0.013459923959617317,10
7,70,1371,0.9332298136645962,0.9343054783183081,0.012443268450964546,10
6,62,1371,0.9331789023521027,0.934378320657722,0.011576793325406542,10
7,55,1371,0.9331789023521027,0.9342743440925907,0.012464933768069567,10
7,62,1371,0.9331195058208602,0.9337230398491982,0.012763211537835979,10
7,60,1371,0.9331103678929765,0.9332018254969074,0.012760114128328276,10
7,56,1371,0.9331103678929765,0.9338798466916785,0.012642999615389613,10
7,71,1371,0.9330506450071667,0.9341566997981823,0.012508908818387801,10
6,9,1371,0.9329909221213568,0.9312123941632138,0.013416992901156811,10
7,61,1371,0.9329311992355469,0.9332425806552678,0.012791980919338732,10
7,57,1371,0.9328819196958898,0.933708145026748,0.012712401770323246,10
6,8,1371,0.9328117534639273,0.9314729948122679,0.013542362223891425,10
7,12,1371,0.9327448507776376,0.9304317540383115,0.013727681305256628,10
7,11,1371,0.9326923076923077,0.9312228897260971,0.013847739901020577,10
7,10,1371,0.9326923076923076,0.9303363671253906,0.014329029993541539,10
7,17,1371,0.9326443335709195,0.9301155817335431,0.013594487982862521,10
7,20,1371,0.932572861920688,0.9310809515977014,0.01358627396797521,10
7,9,1371,0.9323936932632584,0.9303000895516934,0.014401465483228576,10
7,59,1371,0.9323936932632584,0.9330148765465942,0.012683253369349915,10
7,58,1371,0.932287954383464,0.9333709032711173,0.012663291839261672,10
7,18,1371,0.9322285578522214,0.9300154692064885,0.0136437772936398,10
7,19,1371,0.9320950788342093,0.9302977267446262,0.0135966561449117,10
7,8,1371,0.9291089345437171,0.9289715131625322,0.014019064896565684,10
1,15,1370,0.980183750675554,0.9790833352914607,0.009985275130529672,11
1,16,1370,0.980183750675554,0.9790119289121426,0.009947668452313473,11
1,14,1370,0.9800036029544227,0.9789800375438295,0.010186288528564761,11
1,17,1370,0.9800036029544226,0.9787605314618857,0.010202226201566201,11
1,32,1370,0.9798733874820831,0.9797936003174778,0.010261176744744657,11
1,18,1370,0.9797634059929141,0.9786099253561832,0.010041989738135276,11
1,13,1370,0.9797634059929141,0.978716460541122,0.010520870872132635,11
1,30,1370,0.9796942188246537,0.9796234129377395,0.009940806005830227,11
1,33,1370,0.9796942188246536,0.980112174591861,0.010185189922602192,11
1,31,1370,0.9796942188246536,0.9799322749002007,0.010064302721853446,11
1,23,1370,0.9795747730530339,0.9783442074675146,0.010106598109820555,11
1,34,1370,0.9793956043956045,0.9801793122534392,0.010117211751354643,11
1,35,1370,0.9793956043956044,0.9800808445534034,0.010263658329376054,11
1,12,1370,0.9793430613102744,0.9787287706353993,0.010738258678988838,11
1,20,1370,0.9793430613102744,0.9784979074145148,0.010080373606775031,11
1,19,1370,0.9793358815097946,0.9786723374036277,0.009943117336579255,11
1,24,1370,0.9793358815097946,0.9782075301747433,0.010396436761378674,11
1,8,1370,0.9792164357381749,0.9787292666943413,0.010439897318374206,11
1,21,1370,0.9791629135891431,0.9785674339915252,0.010022177049345753,11
1,29,1370,0.9790372670807455,0.9794005127682961,0.010079333346975127,11
1,11,1370,0.9789775441949355,0.9788433733052406,0.010576789199215848,11
1,36,1370,0.9788580984233158,0.9798128421827638,0.010384240973177021,11
1,9,1370,0.9788026181468805,0.978828217399137,0.01035806866185672,11
1,22,1370,0.9786825196661262,0.9782705688229566,0.010084187671370277,11
1,10,1370,0.9786789297658863,0.9788449920238943,0.010568107079509767,11
1,28,1370,0.9784400382226469,0.9790652421942514,0.010223478800881994,11
1,37,1370,0.9783822734642407,0.9794299238418982,0.010530327082220669,11
1,27,1370,0.9783222242238635,0.9788736198465351,0.01043291015470465,11
1,39,1370,0.9782608695652173,0.9789725966596957,0.010757965771758735,11
1,38,1370,0.9782608695652173,0.9792335367174995,0.010735039421504524,11
1,25,1370,0.9782021257431094,0.9784158227137556,0.010358860412180594,11
1,47,1370,0.9782011466794076,0.9781270511384551,0.010870911906347296,11
1,40,1370,0.9782011466794076,0.978493207908746,0.011119903638830714,11
1,26,1370,0.9782011466794076,0.9786722460243484,0.01036702337795406,11
1,52,1370,0.9781414237935977,0.9780429169310138,0.010816200941078623,11
1,51,1370,0.9781414237935977,0.9783208796430465,0.010730385735802279,11
1,53,1370,0.9780817009077878,0.9779234450510289,0.011012911503793335,11
1,50,1370,0.978021978021978,0.9781460319200874,0.010688328037160294,11
1,56,1370,0.978021978021978,0.9775671572428521,0.011166693928671584,11
1,49,1370,0.9779622551361682,0.9782803464057919,0.010663297017865524,11
1,46,1370,0.9779025322503583,0.978263754539592,0.010844477129741651,11
1,55,1370,0.9779025322503583,0.9774905944613714,0.01119308533155063,11
1,54,1370,0.9778428093645486,0.9776340207665939,0.011124081592497363,11
1,42,1370,0.9777830864787387,0.9784478054613477,0.011214471039572828,11
1,41,1370,0.9777830864787387,0.9784525049671166,0.011175964568321034,11
1,48,1370,0.977663640707119,0.9777392244248979,0.010904131731992187,11
1,43,1370,0.977663640707119,0.9782995099459818,0.011247076673867748,11
1,57,1370,0.9776039178213091,0.9774572410245967,0.011175196261613828,11
1,44,1370,0.9774247491638797,0.978325801069921,0.011020978380234876,11
1,45,1370,0.9774247491638796,0.9783549249515037,0.01091935893252605,11
1,58,1370,0.97724558050645,0.9773204331899984,0.01121906532535373,11
1,59,1370,0.976946966077401,0.9771051697174292,0.011266089608980125,11
1,90,1370,0.9762205008106648,0.9761737146199013,0.011500935227420158,11
1,60,1370,0.9761004023299105,0.9768156148911672,0.011303033640156366,11
1,61,1370,0.9758719541328237,0.9767054506434405,0.011292087682099423,11
1,66,1370,0.9758122312470139,0.9762837874883491,0.011507986583885854,11
1,63,1370,0.9757525083612041,0.9764445628023676,0.011214954753742089,11
1,88,1370,0.9756800576472708,0.9761257143901476,0.01151735123256391,11
1,65,1370,0.9756800576472707,0.9763339286040639,0.011461952110436,11
1,62,1370,0.9755733397037745,0.976332153235218,0.011215078466227959,11
1,87,1370,0.9755599591665166,0.9759939715784336,0.011554994071836579,11
1,67,1370,0.975394171046345,0.9760611745109251,0.01149802319998891,11
1,64,1370,0.975394171046345,0.9762959670407996,0.011283029177394752,11
1,79,1370,0.9753197622050082,0.9759150329357028,0.011569150742983989,11
1,89,1370,0.975319762205008,0.9758889898412351,0.011324494258951009,11
1,68,1370,0.9752150023889155,0.9760467365848692,0.011479628239535003,11
1,73,1370,0.9751552795031057,0.975826616956339,0.011488769821042048,11
1,69,1370,0.9751552795031055,0.9760419195914564,0.011490336109265788,11
1,82,1370,0.9751396144838768,0.9758358593176841,0.011605136748232608,11
1,70,1370,0.9750955566172956,0.9758625812296517,0.011383166304747661,11
1,75,1370,0.9750795652434996,0.9758433524185484,0.011391163478017281,11
1,74,1370,0.9750795652434996,0.9757954566222564,0.011405144454167513,11
1,72,1370,0.975035833731486,0.9758003780491308,0.011401964058651569,11
1,71,1370,0.9750358337314858,0.975766776582885,0.011399494962091068,11
1,76,1370,0.9750195160031225,0.9758817708782072,0.011312233567364039,11
1,80,1370,0.9750195160031225,0.9757115965526515,0.011303234027467543,11
1,81,1370,0.9748393682819914,0.975711570444286,0.011309654771348869,11
1,78,1370,0.9748393682819912,0.9757354987611581,0.011312228002357998,11
1,86,1370,0.9747793190416142,0.9756995083794798,0.01138876201870865,11
1,77,1370,0.9747793190416141,0.97575719481279,0.011356944617167852,11
1,85,1370,0.97465922056086,0.9756947566569805,0.011361115118135695,11
1,83,1370,0.9744386048733873,0.9755751150726205,0.011339125543174606,11
1,84,1370,0.9744190235993515,0.9756397593853046,0.01133471075699602,11
2,32,1370,0.9707357859531773,0.9679570856798227,0.011951381482467745,11
2,33,1370,0.9706163401815576,0.968134361480762,0.011840102060002597,11
2,34,1370,0.9704968944099379,0.9683164151125662,0.012006101890244682,11
2,36,1370,0.9701555275325767,0.9678685522128144,0.012298695215791858,11
2,37,1370,0.9701385570950789,0.9677343160522063,0.012440963009419246,11
2,38,1370,0.9700954782921997,0.9677433756549937,0.012359256845301843,11
2,31,1370,0.9699153305710682,0.9675190786880025,0.01191625127842752,11
2,30,1370,0.969795232090314,0.9676097008242411,0.011799196069791129,11
2,35,1370,0.96972049689441,0.9679474778013624,0.012061114185110291,11
2,40,1370,0.9696751336095599,0.9674123868528715,0.012778225345939696,11
2,39,1370,0.9696751336095598,0.96731694772322,0.012652147141580992,11
2,41,1370,0.9691232680363115,0.9671945517063122,0.01274831652235505,11
2,50,1370,0.9688843764930721,0.9671723857041035,0.012113900668849946,11
2,42,1370,0.9688344442442803,0.9668857419605814,0.012671057559497241,11
2,47,1370,0.9688246536072623,0.9669472010526893,0.012072751874770865,11
2,28,1370,0.9685942472827719,0.9671117490255052,0.011542175465615711,11
2,49,1370,0.968585762064023,0.9669088217555788,0.012186968571875248,11
2,48,1370,0.9685857620640229,0.9668084611990528,0.01202813986811947,11
2,16,1370,0.9684741488020177,0.966347896579543,0.011925643660282866,11
2,44,1370,0.9684741488020177,0.9668831963949568,0.012393172278145778,11
2,46,1370,0.9684663162924032,0.9669233118983653,0.012306608920343956,11
2,45,1370,0.9684065934065933,0.9668684060059684,0.012299909489538541,11
2,29,1370,0.9683540503212634,0.9669494463721121,0.011560640137339177,11
2,43,1370,0.9682274247491639,0.9665788250713411,0.012612603136701084,11
2,11,1370,0.9682274247491639,0.9657664502283176,0.01264954492586799,11
2,27,1370,0.9681739026001321,0.9665465290233644,0.011855308989262655,11
2,51,1370,0.9681677018633541,0.9668056806581395,0.012252160324697501,11
2,19,1370,0.9681079789775442,0.9658742125064294,0.011928887589336735,11
2,17,1370,0.9679937548790007,0.9656301384526614,0.011840699019879487,11
2,20,1370,0.9678136071578695,0.9660705865766451,0.01182576349158122,11
2,52,1370,0.9678136071578693,0.9665518159673541,0.012374782269466054,11
2,9,1370,0.9675734101963611,0.9654662301347975,0.012491266734820657,11
2,15,1370,0.967513360955984,0.9663546194836288,0.012100860189264852,11
2,26,1370,0.9675133609559838,0.9661060025742847,0.012182183437141404,11
2,25,1370,0.9673932624752297,0.9657780684509123,0.012155390949215854,11
2,24,1370,0.9673932624752297,0.9653734801667803,0.012301095405510245,11
2,53,1370,0.9673913043478262,0.9662456823290749,0.012281907431777535,11
2,54,1370,0.9673315814620163,0.966262313357823,0.012216023739227689,11
2,10,1370,0.9672718585762063,0.9655650502977658,0.012735394398346913,11
2,23,1370,0.9672131147540983,0.9654572227487409,0.012067817871832299,11
2,14,1370,0.9672131147540983,0.9665816839373504,0.012047563469122346,11
2,18,1370,0.967032967032967,0.965852398967153,0.011811020539497941,11
2,55,1370,0.9669732441471572,0.9663608332745893,0.012254985980374687,11
2,56,1370,0.9669135212613474,0.9664422652662138,0.012236148179403517,11
2,12,1370,0.9667940754897276,0.9654238170952355,0.012707343558248738,11
2,13,1370,0.9666149068322981,0.9658003388865825,0.012289411936063888,11
2,8,1370,0.9665525731099502,0.9650138374336522,0.012385717295201083,11
2,58,1370,0.9665525731099501,0.9658174920826381,0.01242835163544394,11
2,21,1370,0.9665525731099501,0.9658261731141274,0.01187481161202843,11
2,57,1370,0.9664357381748686,0.9661569530493265,0.01228972408702852,11
2,22,1370,0.9663123761484417,0.9656439889404963,0.011978252019287,11
2,86,1370,0.9661968466316293,0.963936292977633,0.013466987581749837,11
2,88,1370,0.9660774008600096,0.964204269239907,0.013387871287977188,11
2,89,1370,0.9660721791869333,0.9641202916826582,0.013389506330022102,11
2,59,1370,0.9660721791869332,0.9654226683271587,0.012434465554490253,11
2,60,1370,0.9660721791869332,0.9652094543612719,0.012516287787224458,11
2,87,1370,0.9660176779741997,0.9641853406750057,0.013420773905144352,11
2,61,1370,0.966012129946556,0.9650946036619594,0.012526710211109683,11
2,62,1370,0.9657719329850477,0.9649393372130364,0.012531040510100424,11
2,69,1370,0.9656593406593406,0.9643961396170946,0.012804085015137233,11
2,90,1370,0.9656518345042936,0.9640771867714135,0.01343494012808175,11
2,72,1370,0.9655917852639164,0.9641999352512538,0.013107804595294356,11
2,71,1370,0.9655317360235394,0.9642238896764911,0.012894658528140033,11
2,79,1370,0.9654116375427851,0.9637565238277997,0.013268023048588214,11
2,81,1370,0.9653607262302916,0.9636440228813714,0.013437449973448553,11
2,84,1370,0.9653607262302915,0.9637303371373221,0.013508887877150341,11
2,77,1370,0.9653607262302915,0.9637995895764963,0.01322231097494605,11
2,70,1370,0.9653607262302915,0.9642787955688883,0.012963458952197,11
2,63,1370,0.965351588302408,0.9646135700839906,0.012605027082777316,11
2,78,1370,0.9652915390620309,0.9638117821831292,0.013180162094629787,11
2,80,1370,0.9652412804586719,0.9636681992277145,0.013391526002379032,11
2,76,1370,0.965181557572862,0.963830867398223,0.013092507643465492,11
2,75,1370,0.9651714405812767,0.9640416924486775,0.013044931151365612,11
2,64,1370,0.9651714405812766,0.9642952177307131,0.01277424953230498,11
2,85,1370,0.965121834687052,0.9636299765807962,0.013472191998252083,11
2,82,1370,0.965121834687052,0.9636249376662777,0.01346156877575329,11
2,73,1370,0.9651113913408995,0.9640680749518953,0.013088783022358066,11
2,83,1370,0.9650023889154324,0.9630123048726043,0.013473260892375591,11
2,68,1370,0.9650023889154323,0.9641782130912566,0.012812488843244936,11
2,67,1370,0.964811145139014,0.9639938227607509,0.012884224573018493,11
2,74,1370,0.964811145139014,0.9638715311773046,0.013201915131185094,11
2,65,1370,0.9646910466582598,0.9639194922445101,0.012858722625323395,11
2,66,1370,0.9643908004563742,0.9639027176197525,0.012914747601874157,11
3,32,1370,0.9580856302167777,0.9579054694414637,0.011429353321977226,11
3,31,1370,0.9578454332552693,0.9576876212407217,0.011450997275180255,11
3,34,1370,0.9575370281892019,0.9578955482626188,0.011585720759847746,11
3,37,1370,0.9574851378130067,0.9574273991629658,0.011994793265786034,11
3,33,1370,0.9574851378130066,0.9579411595769401,0.011484272883917868,11
3,15,1370,0.9574773053033923,0.9567052678848831,0.012156937736740718,11
3,16,1370,0.9571848916111212,0.9557286714236107,0.01174230631728698,11
3,30,1370,0.9570647931303669,0.9571268135523303,0.011493984813358858,11
3,36,1370,0.9569995222169135,0.9575310885360777,0.012013922109906119,11
3,35,1370,0.9569397993311036,0.9577591059451359,0.011700347585860192,11
3,14,1370,0.9568245961688584,0.9563598281025223,0.012490143093416724,11
3,29,1370,0.9566444484477272,0.9570570911625793,0.011327517673771595,11
3,38,1370,0.9566444484477271,0.9568480545351536,0.012410368218011156,11
3,13,1370,0.9566411849020545,0.9564917275644288,0.01219831590503012,11
3,10,1370,0.9566411849020544,0.9555786266477643,0.012666204566221794,11
3,17,1370,0.9565243499669729,0.9555844879757923,0.011526794596282652,11
3,40,1370,0.9562841530054645,0.9570467000331575,0.01252603436166298,11
3,39,1370,0.9562841530054644,0.9571664591051617,0.01250749666403869,11
3,18,1370,0.9561640545247102,0.9557957177059102,0.01165357209586356,11
3,46,1370,0.9561036789297659,0.9567806557899214,0.012035284956710636,11
3,9,1370,0.9559839068035789,0.9555829736906002,0.012731473257810317,11
3,12,1370,0.9559839068035789,0.9554494294016745,0.012081107729713114,11
3,19,1370,0.9559238575632019,0.9562025513094651,0.011692398294231132,11
3,44,1370,0.9558647873865265,0.956725606301515,0.01208688616530587,11
3,49,1370,0.9558647873865265,0.9572353068646726,0.011501955456664575,11
3,28,1370,0.9558638083228247,0.9564203995102072,0.011140441382111281,11
3,41,1370,0.9558037590824476,0.9566206245643168,0.012350848089825225,11
3,20,1370,0.955685618729097,0.9563412258921881,0.011519881076875299,11
3,42,1370,0.9556836606016934,0.9564504371845782,0.012301767925599194,11
3,11,1370,0.9556836606016934,0.9553170208266429,0.012404460626901438,11
3,50,1370,0.9555661729574773,0.95714408423603,0.011748985893694918,11
3,21,1370,0.9555661729574773,0.9559601742994472,0.011631468573591574,11
3,27,1370,0.955503512880562,0.9560869826301044,0.011210617105226674,11
3,26,1370,0.9554467271858577,0.9557707581086055,0.011350016365509752,11
3,48,1370,0.9553870043000477,0.9567798333764123,0.011668945244939506,11
3,59,1370,0.9553834143998078,0.9556302559403059,0.012373219792186772,11
3,45,1370,0.9552633159190537,0.9567375900412252,0.012190143576121092,11
3,22,1370,0.9552032666786765,0.9556275145619408,0.011784269762599511,11
3,60,1370,0.9552032666786764,0.9555107187894073,0.012414821121574477,11
3,55,1370,0.9551481127568084,0.9568515269477494,0.011999212809136935,11
3,57,1370,0.9551481127568084,0.9562024729843688,0.012221283817579334,11
3,43,1370,0.9551481127568082,0.9568289040491463,0.012333997518860867,11
3,8,1370,0.9551432174382994,0.9552677935037166,0.0124797343993653,11
3,25,1370,0.9550231189575453,0.9556585835167446,0.011587630907603653,11
3,56,1370,0.9549689440993789,0.9566260551043161,0.012039404597488975,11
3,54,1370,0.954963069717168,0.9568080173568413,0.012006257243196481,11
3,24,1370,0.954963069717168,0.9555099877551766,0.011425923599713486,11
3,58,1370,0.954909221213569,0.9559512582926695,0.012290844853543972,11
3,52,1370,0.9546628235152825,0.9565656925635544,0.011957815567799528,11
3,47,1370,0.9546628235152825,0.9565099773118306,0.011894052143160395,11
3,51,1370,0.9546106067845199,0.9568114375527063,0.011819744563918672,11
3,71,1370,0.9546106067845199,0.9546059856038474,0.012748218682849642,11
3,53,1370,0.9546106067845197,0.9566329607669593,0.011928654303773678,11
3,61,1370,0.9544911610129002,0.955410501828891,0.012454618326376975,11
3,87,1370,0.9544226265537741,0.9549816197107716,0.012888977053034906,11
3,86,1370,0.954362577313397,0.9549625475498605,0.01290668986097315,11
3,90,1370,0.9543025280730199,0.954854576404826,0.01302658611745077,11
3,89,1370,0.9543025280730199,0.9548017722358421,0.01303912547347545,11
3,74,1370,0.9541925465838508,0.9546919996135962,0.012743349692583453,11
3,88,1370,0.9541824295922657,0.9548257005527142,0.01290186598626172,11
3,23,1370,0.9541824295922656,0.9549189074171255,0.011866858132683962,11
3,69,1370,0.9541328236980411,0.9546826919813376,0.012715930875107875,11
3,70,1370,0.9541328236980411,0.9546060378205782,0.01272794442560376,11
3,68,1370,0.9541328236980411,0.954761682840799,0.01277486027491656,11
3,72,1370,0.954132823698041,0.9544930277610248,0.012788453238873981,11
3,85,1370,0.9541223803518886,0.9546776400126363,0.013007042537703984,11
3,84,1370,0.9541223803518885,0.9543688433210885,0.013006090309542145,11
3,67,1370,0.9540731008122312,0.9546438818961984,0.012718370494827987,11
3,79,1370,0.9540623311115114,0.9541560079264997,0.013221556596385933,11
3,63,1370,0.9540623311115114,0.9545816526073119,0.012633089236653797,11
3,73,1370,0.9540133779264214,0.9543759447964721,0.01284341822771363,11
3,62,1370,0.9540022818711344,0.95490500471256,0.012616651795452391,11
3,78,1370,0.9538821833903801,0.9541462695062124,0.013164326548351665,11
3,76,1370,0.9538221341500029,0.9543137155075858,0.013007918180466925,11
3,75,1370,0.9536550406115624,0.9543976800106522,0.012906886594200475,11
3,64,1370,0.9536550406115624,0.9544022359204111,0.012681280621875743,11
3,77,1370,0.9536550406115623,0.9543616635206085,0.013161278711402047,11
3,82,1370,0.9535819371884945,0.9541246387254941,0.013033844389635958,11
3,81,1370,0.9534618387077404,0.9540718998274238,0.01318096958725774,11
3,80,1370,0.9534618387077403,0.9540217848200742,0.013125616700826992,11
3,83,1370,0.9534017894673632,0.9540862985909314,0.013092533445830242,11
3,66,1370,0.9533417402269861,0.954359117954984,0.012666067366953816,11
3,65,1370,0.9530414940251006,0.9543111568877785,0.012680043632011443,11
4,33,1370,0.9458956344202246,0.9463338111164199,0.012806951980839764,11
4,32,1370,0.9456521739130435,0.9464179844864095,0.01280565292555477,11
4,34,1370,0.9455953882183391,0.9460107200948257,0.012963217166589786,11
4,31,1370,0.9451149942953222,0.9462358133669609,0.01265113963396335,11
4,50,1370,0.9448757763975155,0.9449836039465405,0.01296944416506953,11
4,30,1370,0.9446346003723053,0.9458597223636425,0.012571915487236138,11
4,38,1370,0.9445174390826565,0.9453967427203351,0.01322735629176566,11
4,51,1370,0.9445174390826564,0.944771055743971,0.013304737555836745,11
4,49,1370,0.9444577161968466,0.9450166832454786,0.01281385751542651,11
4,52,1370,0.9443382704252269,0.9448453209892982,0.013191933191382173,11
4,14,1370,0.9442785475394172,0.9449542189813038,0.012944517486629874,11
4,85,1370,0.9442188246536074,0.943359050073234,0.013239934094132596,11
4,36,1370,0.9441591017677974,0.9455050402199369,0.013063223321578662,11
4,48,1370,0.9440993788819876,0.9450238499917758,0.012492446866324525,11
4,35,1370,0.9440941572089113,0.9455505079382486,0.013130279456442727,11
4,55,1370,0.9440396559961777,0.9448002318422847,0.013336168374146985,11
4,19,1370,0.943979933110368,0.9444107733558909,0.012269258705591554,11
4,86,1370,0.9439799331103679,0.9433804850412122,0.013114902641732686,11
4,56,1370,0.9439202102245581,0.9444603923042983,0.013426163794168545,11
4,29,1370,0.9439140094877799,0.9452615536043903,0.012592324501602557,11
4,53,1370,0.9438604873387483,0.9449272359856822,0.013287874421261225,11
4,28,1370,0.9438007644529384,0.945151245760654,0.012231848914137733,11
4,90,1370,0.9437410415671285,0.9430067046282299,0.013316575174530988,11
4,20,1370,0.9437410415671285,0.9441995566799558,0.012275425009808221,11
4,18,1370,0.9437338617666486,0.9443828243507503,0.012563667600653887,11
4,57,1370,0.9436813186813188,0.9443383356961403,0.013314533438506004,11
4,87,1370,0.9436813186813187,0.9432678796613223,0.013183175111123978,11
4,54,1370,0.943621595795509,0.9449752362154358,0.013418876638446717,11
4,39,1370,0.9435618729096991,0.9450616418506652,0.013419589824430552,11
4,37,1370,0.9435021500238892,0.9450137460543732,0.013216217067391837,11
4,13,1370,0.9434936648051402,0.9444180314814671,0.013435532615534472,11
4,58,1370,0.9434424271380792,0.9439361363274407,0.013349378815588245,11
4,89,1370,0.9433827042522694,0.9430284267882272,0.013249383844243127,11
4,44,1370,0.9432035355948399,0.9445339787321255,0.013107693011411552,11
4,88,1370,0.9431438127090301,0.9430883715951427,0.01325829117169602,11
4,67,1370,0.9431438127090301,0.9426433936697656,0.013495131721101476,11
4,47,1370,0.94314381270903,0.9444588127481928,0.01245370672910231,11
4,66,1370,0.9430840898232202,0.9425808902430427,0.013593274827671989,11
4,59,1370,0.9430840898232202,0.9437593043687127,0.013510188691032462,11
4,42,1370,0.9430840898232202,0.94454404350698,0.013212567904718163,11
4,27,1370,0.9430733201225004,0.9445674104939964,0.012118243406537927,11
4,68,1370,0.9429646440516005,0.9425787754654471,0.013320756629510665,11
4,41,1370,0.9429646440516005,0.9441371837950598,0.013357765023400622,11
4,60,1370,0.9429646440516005,0.9435800051694564,0.01356314831450694,11
4,73,1370,0.9429049211657908,0.9424111205971505,0.013282464577049933,11
4,62,1370,0.9429049211657907,0.942868486941901,0.013582811699979477,11
4,26,1370,0.9428451982799809,0.9443680078533963,0.012131012036784456,11
4,76,1370,0.9428451982799809,0.9423966043459986,0.013527718317088048,11
4,12,1370,0.942833123160992,0.9443986329659887,0.012861016762816653,11
4,70,1370,0.9427854753941709,0.9424637289533939,0.013296439099973672,11
4,43,1370,0.9427257525083612,0.9443427219015246,0.01307558043456209,11
4,69,1370,0.9427257525083612,0.9426362791401992,0.013287633416919194,11
4,21,1370,0.9426660296225514,0.94371135635569,0.012607152656500833,11
4,84,1370,0.9426660296225513,0.9427940911547469,0.013290451118605457,11
4,72,1370,0.9426063067367416,0.9421668115680946,0.013496097866465617,11
4,83,1370,0.9426063067367416,0.9423343489487465,0.013392319384266054,11
4,61,1370,0.9426063067367415,0.9431439040883088,0.013543577595121647,11
4,40,1370,0.9426063067367415,0.9443382965335924,0.013558866719142143,11
4,65,1370,0.9426063067367414,0.9423754043533088,0.01370001987337996,11
4,45,1370,0.9425465838509317,0.9444691777692491,0.012976109288395148,11
4,75,1370,0.9424868609651219,0.9422167177085211,0.013380365688992868,11
4,71,1370,0.9424868609651218,0.9422339231213073,0.013367322686470976,11
4,16,1370,0.9424728277187293,0.9436283056454119,0.012388677588780393,11
4,82,1370,0.9424271380793121,0.9421786386576123,0.013437719978610511,11
4,78,1370,0.9423674151935022,0.9421836253554002,0.013653137342974526,11
4,17,1370,0.9423674151935022,0.9435855009803692,0.012532780926629777,11
4,74,1370,0.9423076923076923,0.9422002302757828,0.013388282198703453,11
4,81,1370,0.9423076923076923,0.9423007735908662,0.01348519219013626,11
4,80,1370,0.9421882465360727,0.9421238110903114,0.013533359139329593,11
4,77,1370,0.9421285236502628,0.9422050994859263,0.013546107033569435,11
4,15,1370,0.9421125322764667,0.943721603889102,0.012603085769589215,11
4,79,1370,0.9420090778786431,0.9419538195233135,0.013631937335092338,11
4,46,1370,0.9419493549928333,0.9442250253903852,0.012836772231719735,11
4,8,1370,0.9419493549928333,0.9443560241136864,0.013108255069239953,11
4,24,1370,0.9419323845553353,0.9437952294794775,0.01232350746086162,11
4,9,1370,0.9419323845553353,0.9437422947686669,0.01297764845119297,11
4,64,1370,0.9418299092212135,0.9421695007297288,0.013677970608097051,11
4,25,1370,0.9418122860745811,0.9439315020925855,0.01220015797274948,11
4,63,1370,0.9417701863354037,0.9423850383401345,0.01375293955812875,11
4,22,1370,0.9413919413919414,0.9430073442831818,0.012623813012036814,11
4,23,1370,0.9412117936708101,0.9435388714397979,0.012410839158486151,11
4,11,1370,0.9407313997477933,0.9431138272513896,0.012618610293756684,11
4,10,1370,0.9404311535459077,0.9430363637313032,0.012749507126675554,11
6,31,1370,0.9401909565843992,0.9372250071145296,0.013344766813983895,11
6,32,1370,0.940070858103645,0.9372462201614019,0.013394751320806293,11
6,30,1370,0.9397706119017594,0.9373347014116794,0.013186192315069215,11
5,30,1370,0.9386296763345945,0.9391669342774118,0.013144784820892695,11
5,31,1370,0.9385696270942172,0.9393966095676716,0.013218623335444027,11
6,29,1370,0.938449528613463,0.9368459789201059,0.013012403509446845,11
5,32,1370,0.9382693808923318,0.9391669212232291,0.013449836634626887,11
6,28,1370,0.9382693808923317,0.9363911581409801,0.01286406012299924,11
5,33,1370,0.9381492824115776,0.9388176826737054,0.0135438179460112,11
5,29,1370,0.9380892331712004,0.9389656648886868,0.01307024979983618,11
5,13,1370,0.9380291839308232,0.9382070341158009,0.013149300297662474,11
7,90,1370,0.9376688884885607,0.9362010370242728,0.012084795898686327,11
7,88,1370,0.9376493072145247,0.9363326492941604,0.012007548784620603,11
6,34,1370,0.9374286915270522,0.9365631078353815,0.013308497043199084,11
7,89,1370,0.9373686422866752,0.9362297170636442,0.012079458865743195,11
5,53,1370,0.9371715241280458,0.9374024004031132,0.013979834455736218,11
6,33,1370,0.9371284453251667,0.9366302846595077,0.013409477360269055,11
6,53,1370,0.9369326325848065,0.9359677718337732,0.013618610559162591,11
5,49,1370,0.9368729096989967,0.9376667737109647,0.013652525075425317,11
6,16,1370,0.9368281991232811,0.9349791655244257,0.013118879307057647,11
6,52,1370,0.9368131868131868,0.9361331813826469,0.013640391473353858,11
5,47,1370,0.9368131868131868,0.9376286424433253,0.013424421282121518,11
6,47,1370,0.936753463927377,0.9357509810218292,0.013709503720886753,11
6,54,1370,0.936753463927377,0.9355895138361282,0.013555729436395603,11
7,84,1370,0.9367534639273769,0.9361699811236518,0.012084682580155316,11
7,82,1370,0.9367534639273769,0.9362205660815782,0.0120393716388592,11
5,48,1370,0.9367534639273769,0.9377552549612421,0.013492490778186851,11
5,34,1370,0.9367081006425269,0.9383120550155475,0.013568754634759131,11
7,83,1370,0.9366937410415671,0.9362061151013396,0.012061458375299865,11
7,81,1370,0.9366937410415671,0.9357654058937023,0.012034036626617815,11
5,18,1370,0.9366480514021499,0.9368645158595266,0.01276545904751853,11
7,85,1370,0.9366340181557572,0.936112451340534,0.01195468504052552,11
5,50,1370,0.9365742952699474,0.937121383012331,0.013934672899952521,11
6,48,1370,0.9365145723841377,0.935952211248006,0.01364312829759639,11
5,37,1370,0.9365145723841377,0.9376369187951512,0.01383948370382269,11
5,51,1370,0.9365145723841377,0.9372840381286569,0.01382838227655767,11
7,86,1370,0.9364679036810185,0.9360477678653016,0.012019524334102954,11
5,17,1370,0.9364679036810185,0.9374298664034942,0.01301914586018591,11
5,28,1370,0.9364679036810184,0.9380531775186085,0.012925593148701224,11
6,51,1370,0.9364548494983278,0.935917434905318,0.013584562090522551,11
5,9,1370,0.9364548494983278,0.9363375446126693,0.013017282064412718,11
7,87,1370,0.9364078544406413,0.9360908597223636,0.0120722497979103,11
6,50,1370,0.9363951266125179,0.9356131027442502,0.013701789922206378,11
6,27,1370,0.9363478052002643,0.9356321096342479,0.012972783148893576,11
5,52,1370,0.9363354037267082,0.937389998929557,0.013945514849366519,11
6,55,1370,0.9363354037267081,0.9352925703424634,0.013605210816449831,11
6,49,1370,0.9363354037267081,0.9355650241894006,0.013900541514146844,11
7,51,1370,0.9362756808408984,0.936187904516486,0.011961769066362486,11
5,54,1370,0.9362756808408983,0.9370238421592663,0.013963448590736461,11
7,50,1370,0.9362756808408983,0.9360172341319881,0.012072074805092961,11
7,52,1370,0.9362159579550884,0.9360651951991937,0.011867776666793896,11
5,58,1370,0.9362159579550884,0.9360111769912198,0.014100459775653669,11
7,35,1370,0.9362159579550884,0.9356851618327028,0.012548298994991023,11
7,54,1370,0.9362159579550884,0.9356798748887131,0.011944259974958656,11
7,30,1370,0.9361562350692786,0.9360737456888562,0.012299297206930546,11
6,26,1370,0.9361076082387558,0.9354809944154205,0.012829220771200519,11
5,19,1370,0.9361076082387558,0.9365692171928808,0.012710313992805693,11
5,90,1370,0.9360367892976589,0.9364849263352469,0.013692080786107733,11
7,46,1370,0.9360367892976589,0.9357486834856756,0.012390796911037302,11
7,55,1370,0.9360367892976589,0.9353133264929415,0.0119903645275696,11
5,46,1370,0.9360367892976589,0.9371785342241508,0.013362961204964604,11
6,35,1370,0.9359875097580016,0.9359522373563713,0.013498820582563395,11
5,38,1370,0.9359875097580016,0.9374308454671961,0.013868347437262313,11
6,17,1370,0.935977066411849,0.9345449703539511,0.013105286849921103,11
6,56,1370,0.935977066411849,0.9348089781446872,0.01368467211035978,11
5,35,1370,0.9359173435260393,0.9381708609755652,0.013650083011267853,11
6,37,1370,0.9358674112772474,0.9357153561572663,0.013935167506052785,11
5,20,1370,0.9358674112772474,0.9362652505489283,0.013064865075496685,11
6,46,1370,0.9358674112772473,0.9356769507517904,0.013689548850787223,11
7,29,1370,0.9358576206402294,0.9360451178662155,0.012162563615598488,11
7,36,1370,0.9358576206402294,0.935429156255956,0.0127142575275113,11
7,53,1370,0.9358576206402294,0.9359362329283927,0.011950539133338678,11
6,41,1370,0.9358073620368702,0.9349611768606778,0.013747616252430067,11
5,36,1370,0.9357978977544196,0.9376251047598161,0.013752641049896683,11
7,80,1370,0.9357978977544195,0.9352581725710735,0.012081838412430384,11
5,8,1370,0.9357978977544195,0.9368664217701995,0.013094499238593023,11
7,78,1370,0.9357473127964931,0.9349318180038065,0.01229808969272362,11
6,57,1370,0.9357381748686096,0.9345504661648637,0.013901494807480557,11
5,27,1370,0.935687263556116,0.9378495975395477,0.012802969133282526,11
5,59,1370,0.9356784519827999,0.9359511799675734,0.014077615099584556,11
5,44,1370,0.9356784519827998,0.9371645793028545,0.01358815940218369,11
6,90,1370,0.9356784519827998,0.9344866573198719,0.013979726954079973,11
7,33,1370,0.9356272143157389,0.9356515734206396,0.012258928685324792,11
6,25,1370,0.9356272143157389,0.9348587145807389,0.01289233050174079,11
6,44,1370,0.9356272143157389,0.9351336878849351,0.0135762439744782,11
6,42,1370,0.9356272143157389,0.9350498408695131,0.01375615869476275,11
7,79,1370,0.93561872909699,0.9350493448105708,0.01223679546284246,11
5,14,1370,0.9355671650753619,0.9367877181027575,0.012781531738584795,11
6,45,1370,0.9355671650753618,0.9353225035833731,0.013592176100301976,11
6,15,1370,0.9355671650753618,0.9342419175027871,0.012903388789452566,11
6,89,1370,0.9355590062111802,0.9345846550693306,0.013890286844383568,11
5,12,1370,0.9355590062111802,0.9375813340852541,0.013832292234594461,11
7,28,1370,0.9355590062111802,0.9357574167338957,0.011862606916903792,11
5,16,1370,0.9355071158349847,0.9368575971427003,0.01279396745218324,11
5,11,1370,0.9355071158349847,0.9378660197013725,0.013157935090055979,11
6,87,1370,0.9354992833253704,0.9345805168934177,0.0139372311189366,11
5,10,1370,0.9354992833253702,0.9364203864560244,0.0128578176424904,11
5,63,1370,0.9354992833253701,0.9346792717854727,0.014134325013416462,11
7,47,1370,0.9354470665946075,0.9361482850720197,0.012443178906964874,11
5,57,1370,0.9354395604395604,0.9362745059644562,0.013848316369208656,11
5,61,1370,0.9354395604395604,0.9352971131980398,0.014052990228381728,11
6,12,1370,0.9354395604395604,0.9351817925481503,0.012985211632394876,11
5,89,1370,0.9354395604395604,0.9362050316041762,0.013630829889204778,11
5,64,1370,0.9354395604395604,0.9350770849487884,0.014100723012475646,11
5,55,1370,0.9354395604395604,0.9367271728034379,0.014039383339822836,11
7,73,1370,0.9353870173542305,0.9346540902670626,0.012277350327420533,11
6,43,1370,0.9353870173542304,0.9351620807322872,0.013533843171195215,11
5,65,1370,0.9353798375537506,0.9353043713236159,0.014017807258838716,11
7,45,1370,0.9353798375537506,0.9356484665251594,0.012307318925647752,11
6,86,1370,0.9353798375537505,0.93469551118874,0.013903690328664453,11
5,26,1370,0.9353269681138534,0.9372750437967828,0.01263690233678815,11
7,74,1370,0.9353269681138534,0.9346421979066313,0.012449907801600943,11
6,38,1370,0.9353269681138534,0.9351074098151788,0.014025611434509786,11
5,15,1370,0.9353269681138533,0.9368089703121777,0.012468582512673276,11
7,56,1370,0.9353201146679408,0.9351219521746964,0.011951275747398092,11
5,60,1370,0.9353201146679408,0.9355560429117094,0.013973654079719516,11
7,49,1370,0.9353201146679408,0.9357893733731224,0.012230109578004005,11
7,48,1370,0.9352603917821309,0.9357533960456269,0.012596306679943275,11
5,56,1370,0.9352603917821309,0.9365692563554288,0.01395900774221753,11
7,31,1370,0.9352603917821309,0.9359660356274756,0.012385126416446651,11
6,85,1370,0.9352603917821308,0.9348248650850219,0.013852618569415527,11
6,58,1370,0.9352603917821307,0.9343349024460927,0.01393652517113766,11
6,88,1370,0.9352006688963211,0.9344940590414574,0.013906537751719007,11
6,83,1370,0.9352006688963211,0.934764933332289,0.013760951977132672,11
7,41,1370,0.935200668896321,0.935066889632107,0.01250385594774932,11
7,32,1370,0.935146820392722,0.9357046256190945,0.012425625690154566,11
7,75,1370,0.935146820392722,0.9346041449640878,0.012470200073812441,11
7,27,1370,0.9351409460105113,0.9354438161031178,0.011990586542691896,11
7,34,1370,0.9351409460105112,0.9352298188862694,0.0123409294891904,11
6,84,1370,0.9351409460105111,0.9349158788467412,0.013779559852030554,11
6,36,1370,0.935086771152345,0.9360430944678986,0.013880458616583784,11
5,21,1370,0.935086771152345,0.9355417224732977,0.013313184868817694,11
7,76,1370,0.935086771152345,0.9345994976750501,0.012540888246504974,11
7,57,1370,0.9350812231247013,0.9350669940655686,0.01203445719914099,11
6,76,1370,0.9350215002388916,0.9336977277889609,0.014130948489233018,11
7,37,1370,0.9350215002388915,0.934950080805391,0.012703366109679676,11
5,42,1370,0.9349617773530817,0.9368439685759714,0.013715740520667452,11
5,43,1370,0.9349617773530817,0.9370666076617609,0.013641482160116604,11
7,58,1370,0.9349617773530817,0.9346306710633153,0.012055588851180217,11
5,45,1370,0.9349617773530816,0.9369947574402314,0.013334625448568215,11
6,40,1370,0.9349066234312137,0.9352126134734831,0.013855663547281788,11
5,41,1370,0.9349020544672719,0.9368324547868382,0.013898752969426977,11
5,66,1370,0.9349020544672719,0.9354387902427816,0.013995112528214004,11
6,74,1370,0.9349020544672718,0.9336038812695976,0.014020059907937255,11
6,75,1370,0.9349020544672718,0.9336735906051657,0.014057058209862652,11
6,22,1370,0.9348465741908365,0.9337231834452078,0.013273927040714527,11
5,62,1370,0.934842331581462,0.9349930812831739,0.014098772820481399,11
6,18,1370,0.934842331581462,0.9342282106109618,0.013165156485827192,11
5,81,1370,0.934842331581462,0.9358298543936462,0.01382781493854615,11
7,72,1370,0.9347865249504594,0.9344833937741993,0.012262626608759543,11
7,43,1370,0.9347865249504594,0.9349301731767876,0.012216259923468892,11
5,23,1370,0.9347865249504593,0.9362646631107073,0.012975946177588696,11
5,85,1370,0.9347865249504593,0.9366243450063834,0.01351863461721553,11
6,77,1370,0.9347826086956522,0.9335347202097024,0.014090672054912342,11
7,42,1370,0.9347826086956521,0.9350908310031616,0.012252803340645317,11
7,77,1370,0.9347264757100823,0.9346111028434622,0.012573558867914935,11
6,60,1370,0.9347228858098422,0.933595004425368,0.013944034950883432,11
5,84,1370,0.9346664264697051,0.9365310728710585,0.013631342550897157,11
6,59,1370,0.9346631629240325,0.9338748469397079,0.013791006506758387,11
5,88,1370,0.9346631629240325,0.9361838446656694,0.013705430130112942,11
7,40,1370,0.9346631629240324,0.9348131424289656,0.01245442389705046,11
6,73,1370,0.934606377229328,0.9334095958686122,0.013994304800021442,11
5,22,1370,0.934606377229328,0.9358816794989283,0.012900555423977299,11
7,44,1370,0.934606377229328,0.9351527469916637,0.012247863588331784,11
6,78,1370,0.9346034400382227,0.9335537401538826,0.014053760920783712,11
7,39,1370,0.9346034400382226,0.9350364342238895,0.012505365945955088,11
5,39,1370,0.934546327988951,0.9367510358493965,0.013981473191890356,11
7,63,1370,0.9345437171524128,0.934669637798647,0.01223386501980082,11
7,67,1370,0.9345437171524128,0.9344756134813156,0.012277579090140787,11
6,21,1370,0.9344862787485739,0.9333377717554483,0.0133035928716564,11
5,40,1370,0.9344862787485738,0.9363869285857881,0.013903879851167825,11
6,79,1370,0.934483994266603,0.9338982791976378,0.013970193159360952,11
7,64,1370,0.934483994266603,0.9347630535299813,0.012302012922215087,11
6,71,1370,0.9344839942666029,0.9333757463728954,0.014086487269416173,11
6,72,1370,0.9344839942666029,0.9332874217728101,0.01412161658340354,11
7,71,1370,0.9344262295081969,0.9343325657473912,0.012184033632042837,11
5,24,1370,0.9344262295081968,0.9362383197700375,0.012971922712875741,11
6,24,1370,0.9344262295081966,0.9344508366425687,0.01298680470780644,11
5,86,1370,0.9344262295081966,0.9364208172440533,0.013618325636625971,11
5,80,1370,0.9344242713807931,0.9357940728788912,0.013884885226348318,11
6,19,1370,0.9343645484949833,0.9337135625125645,0.013461782036334706,11
7,38,1370,0.9343645484949833,0.9347008634036432,0.012556139129944936,11
6,67,1370,0.9343645484949833,0.9336337753479591,0.0140617764144214,11
6,64,1370,0.9343645484949832,0.9335568339951804,0.014013265889909088,11
5,83,1370,0.9343061310274425,0.9360955853364977,0.01367828240658253,11
5,82,1370,0.9343048256091735,0.9358514068492684,0.013755777746710676,11
7,66,1370,0.9343048256091734,0.9347489941752236,0.012412698952327803,11
6,23,1370,0.9342460817870654,0.9337303240831395,0.013401150946079568,11
5,25,1370,0.9342460817870654,0.9367551740253096,0.012627018081944774,11
7,68,1370,0.9342451027233636,0.9343485701753699,0.012254404316739706,11
6,61,1370,0.9342451027233636,0.9331902986535916,0.014125064652982362,11
6,63,1370,0.9342451027233636,0.9334109273952467,0.014126678992802113,11
6,39,1370,0.9341860325466882,0.9348583751719889,0.014046134564557467,11
6,10,1370,0.9341853798375538,0.9344399494542046,0.013233691088589064,11
6,62,1370,0.9341853798375538,0.9331112164148516,0.014135239788060285,11
6,81,1370,0.9341853798375537,0.9339678710455616,0.013936405875460404,11
6,68,1370,0.9341853798375537,0.9335119276067245,0.014178959252042694,11
5,67,1370,0.9341853798375537,0.9353357927413524,0.013969783360374743,11
6,65,1370,0.934125656951744,0.9335833470402253,0.014092239450080129,11
5,87,1370,0.9341256569517439,0.9362484889783534,0.013643117624959731,11
6,82,1370,0.9341256569517438,0.934331430033497,0.01382076891583137,11
6,20,1370,0.9340659340659341,0.9330069265493357,0.013501142248549534,11
6,14,1370,0.9340659340659341,0.9339735365608494,0.012631788382075687,11
6,70,1370,0.934065934065934,0.933262906017717,0.014137303304221667,11
7,65,1370,0.934065934065934,0.9345740159104379,0.01234513461164595,11
7,59,1370,0.9340062111801243,0.9344682900848261,0.012159502398957725,11
5,68,1370,0.9340062111801242,0.9355730786201205,0.014083020831527026,11
7,62,1370,0.9340062111801242,0.9344973486954956,0.012272707166814128,11
5,76,1370,0.9340062111801242,0.93557390103363,0.014192881692969485,11
6,66,1370,0.9339464882943145,0.9334422313253389,0.014130291677200969,11
7,26,1370,0.9339458355851799,0.9346961769520573,0.01204823840271346,11
7,70,1370,0.9339458355851799,0.9344639822045382,0.012255323445692032,11
6,69,1370,0.9339458355851797,0.9334519697456263,0.014054585019940516,11
7,69,1370,0.9338867654085046,0.934260023654179,0.012376237460515646,11
6,80,1370,0.9338867654085045,0.9338000986896211,0.013935891565605206,11
5,77,1370,0.9338270425226947,0.935514191202003,0.014207541179210593,11
5,75,1370,0.9338270425226947,0.9355928948694451,0.014127949326008847,11
5,73,1370,0.9337673196368849,0.9352310068168943,0.013981710250279271,11
6,11,1370,0.9337075967510751,0.9341574438865956,0.0137612016148408,11
5,69,1370,0.9337075967510751,0.9353646816476467,0.013950866262450434,11
5,74,1370,0.933707596751075,0.9353867301622113,0.014022936878802097,11
6,13,1370,0.9336478738652652,0.9339633934608988,0.012894475250764412,11
7,60,1370,0.9336478738652652,0.9343532566269559,0.012255145274427824,11
5,72,1370,0.9335284280936456,0.9353842368133174,0.013983862880408524,11
7,61,1370,0.9335284280936453,0.9341952487996679,0.01226458644722335,11
7,25,1370,0.9335254909025401,0.9348300737039156,0.011751588013542348,11
5,79,1370,0.9332298136645963,0.9353849809017306,0.01409432259731141,11
5,71,1370,0.9331103678929766,0.9349651583863987,0.014077363688187433,11
5,78,1370,0.9330506450071668,0.9353440168764473,0.014109250774710622,11
7,24,1370,0.9330450969795232,0.9342004965811094,0.011731714890603385,11
5,70,1370,0.932924998498769,0.9351013918369585,0.013907756909402737,11
7,11,1370,0.9328714763497372,0.9338311023735113,0.012542042828137609,11
6,9,1370,0.9328649492583919,0.9332075954456568,0.013051841043584983,11
6,8,1370,0.9328649492583919,0.9327254522621594,0.013047518176095937,11
7,23,1370,0.9324446045757522,0.9338524067996627,0.011854803662222982,11
7,14,1370,0.9322145246058289,0.9329177795357411,0.012320337072941867,11
7,15,1370,0.9320242598931123,0.9334778039731709,0.012339396769095392,11
7,13,1370,0.9319756330625896,0.9327239771395152,0.011882924899393322,11
7,9,1370,0.93179646440516,0.933076413963798,0.012622336165094996,11
7,10,1370,0.9317840629316039,0.9329980758134714,0.012986842944314252,11
7,16,1370,0.9317840629316039,0.9331591383195089,0.012109779590839542,11
7,21,1370,0.9317240136912268,0.9329784292685218,0.012338362700659017,11
7,22,1370,0.9314838167297184,0.9332226599724818,0.012378955426353224,11
7,12,1370,0.9312589584328714,0.932828645576329,0.01229568260720642,11
7,17,1370,0.9311235212874557,0.9328782775789191,0.012008739717668956,11
7,18,1370,0.9308408982322025,0.9327485190029737,0.012384904065341509,11
7,20,1370,0.9308232750855701,0.9327485320571565,0.012363962192124878,11
7,19,1370,0.9297423887587821,0.9323390092919672,0.01238564306258142,11
7,8,1370,0.9291418963550111,0.9319399559812959,0.012538154102271945,11
1,8,1372,0.9797634059929141,0.978225349134116,0.00903958692377032,12
1,15,1372,0.9795232090314057,0.9777377623564365,0.00849681967196167,12
1,14,1372,0.9791629135891431,0.9781977656460906,0.008258684987854752,12
1,16,1372,0.9791629135891431,0.9775685279320347,0.008611645572464926,12
1,9,1372,0.9789827658680117,0.9777308697479761,0.008553963660218452,12
1,11,1372,0.9789227166276346,0.9775171597231469,0.008642111242628535,12
1,13,1372,0.9789227166276346,0.9778368174946935,0.008364007085104857,12
1,10,1372,0.9789142314088858,0.9778579913790177,0.008394355003191328,12
1,12,1372,0.978854834877643,0.9777787785984507,0.00867543224975408,12
1,17,1372,0.9787425689065032,0.9775759949245336,0.008631365309140344,12
1,24,1372,0.978562421185372,0.9763323882105065,0.009021461505786532,12
1,21,1372,0.9785023719449949,0.9766883757724812,0.008773865033064954,12
1,32,1372,0.9785023719449949,0.9782243570162317,0.009177707435094953,12
1,22,1372,0.9785023719449948,0.9766935060662786,0.00880102638642139,12
1,33,1372,0.9783822734642407,0.9783364402288137,0.009327597952012472,12
1,23,1372,0.9783222242238636,0.9763585487926187,0.008786382323441902,12
1,30,1372,0.9782021257431093,0.9778061662737356,0.008966510438743025,12
1,31,1372,0.9781420765027322,0.9780566890937524,0.009173392430843289,12
1,18,1372,0.9780820272623552,0.9772652270513995,0.00855923434663575,12
1,35,1372,0.9779619287816009,0.9780352671799573,0.00966494060209023,12
1,26,1372,0.9779619287816008,0.9766553747986393,0.009196735337376994,12
1,20,1372,0.9779018795412239,0.9767943104650161,0.008872997519398573,12
1,19,1372,0.9779018795412238,0.9770395855035912,0.008772984232068338,12
1,37,1372,0.9778418303008467,0.9775575363102091,0.009910133645317825,12
1,36,1372,0.9778418303008467,0.9777220320662943,0.009802760379776789,12
1,27,1372,0.9778418303008467,0.9769163409648085,0.00927799977053432,12
1,34,1372,0.9777817810604696,0.978114101389226,0.009458356441946989,12
1,29,1372,0.9777817810604696,0.9775713476354959,0.008998090005120519,12
1,25,1372,0.9777217318200926,0.976560470890478,0.009082656483529626,12
1,28,1372,0.9776016333393382,0.9770913583921425,0.009115676881239617,12
1,38,1372,0.9775415840989611,0.9772923536430308,0.009906444998512691,12
1,39,1372,0.9771812886566985,0.9772989851678376,0.009971827586077654,12
1,46,1372,0.9770611901759443,0.976210148843791,0.010231059753027613,12
1,44,1372,0.9770011409355671,0.9762695453750336,0.01019227612178652,12
1,40,1372,0.9769410916951901,0.9767926917463626,0.010155300392305255,12
1,41,1372,0.97694109169519,0.9767731887974226,0.010165985705147517,12
1,47,1372,0.9768947493466381,0.9759548090303615,0.01038333677063943,12
1,45,1372,0.9768209932144358,0.9763030685161834,0.01021121277934553,12
1,48,1372,0.9766571632216678,0.9758571898522006,0.010362627255821908,12
1,42,1372,0.9765807962529274,0.9766701390792625,0.010160199342582782,12
1,51,1372,0.9765383701591827,0.9759676935086772,0.01035969939804643,12
1,52,1372,0.9765383701591827,0.9758529602970087,0.010380003742327506,12
1,54,1372,0.9765383701591827,0.975762090131299,0.010478995198664852,12
1,43,1372,0.9765207470125503,0.9763649845046851,0.010247990910545303,12
1,50,1372,0.9764789736279402,0.9757713455468265,0.010333849644797319,12
1,55,1372,0.9764789736279401,0.9757521820066367,0.010539212142811942,12
1,53,1372,0.97647897362794,0.9757641396379815,0.010525686007176936,12
1,49,1372,0.9764195770966976,0.9758237189277817,0.010327478526202092,12
1,56,1372,0.9763601805654549,0.9758359768053281,0.010665149312721937,12
1,58,1372,0.9762413875029697,0.9758461199052788,0.010619538432045713,12
1,57,1372,0.9761225944404847,0.9759679676465136,0.010596497931423421,12
1,59,1372,0.976063197909242,0.9757624556484142,0.010666755767488868,12
1,60,1372,0.9757662152530291,0.9756503593816496,0.01064364233867392,12
1,66,1372,0.9754098360655739,0.9754067030617279,0.010667528022285985,12
1,62,1372,0.9753504395343312,0.9755929862487239,0.01059885457167205,12
1,61,1372,0.9753504395343312,0.9756215096379032,0.010711817017262919,12
1,63,1372,0.9753504395343311,0.9755808328046389,0.010609465656758764,12
1,64,1372,0.9751722499406035,0.9756261177643928,0.010573107525076066,12
1,67,1372,0.9751722499406035,0.9752539430158816,0.010659383227802249,12
1,76,1372,0.9750195160031225,0.9749741788266378,0.010892962778269937,12
1,68,1372,0.9749940603468757,0.975124915474167,0.010677838440243101,12
1,65,1372,0.9749346638156331,0.9753469279591875,0.010595567097147035,12
1,78,1372,0.9748994175223684,0.9747329636388794,0.010940429390275204,12
1,79,1372,0.9748393682819914,0.974785441453296,0.010951689147864433,12
1,77,1372,0.9748393682819911,0.9747976340599291,0.010900663447383394,12
1,75,1372,0.974719269801237,0.9749592448416396,0.010937889679113784,12
1,69,1372,0.9746970776906628,0.9750533263362915,0.010746628928952695,12
1,74,1372,0.97465922056086,0.9749832384294251,0.010970491127554032,12
1,70,1372,0.9745782846281776,0.9750462379150904,0.010803520354473966,12
1,90,1372,0.9745580506450072,0.9743524733759944,0.011018543878405448,12
1,72,1372,0.9745391220801057,0.9750697615522991,0.010855132416874556,12
1,80,1372,0.9745391220801056,0.974751722499406,0.011021168449848141,12
1,81,1372,0.9744790728397286,0.9747471665896471,0.010992951663266718,12
1,73,1372,0.9744790728397286,0.9750096731493738,0.010939675130261133,12
1,71,1372,0.9744594915656926,0.9750339539291784,0.010839406097599874,12
1,88,1372,0.9741997133301481,0.9743691827298384,0.011001825522502996,12
1,82,1372,0.974178826637843,0.9745775405397644,0.010964470155423527,12
1,89,1372,0.9741399904443383,0.9744004344432001,0.010969662421403771,12
1,84,1372,0.9740587281570888,0.9744243366517067,0.010969075106546303,12
1,87,1372,0.9740205446727186,0.974311718217634,0.011058959640197062,12
1,83,1372,0.9739986789167117,0.9745679587696695,0.010918451321615723,12
1,86,1372,0.9739608217869087,0.9742210960813955,0.011016548403895019,12
1,85,1372,0.973841376015289,0.9743573948028689,0.011002986892556353,12
2,31,1372,0.9670943216916132,0.9654794801302284,0.010603199862514694,12
2,9,1372,0.9670943216916132,0.96433008545268,0.011234230892717965,12
2,30,1372,0.9669161320978854,0.9654496643769632,0.010723846627859145,12
2,32,1372,0.9667973390354003,0.9656442891866984,0.01061866856968519,12
2,11,1372,0.9667343526039178,0.9643439098321493,0.0114684813054255,12
2,33,1372,0.9663724253888188,0.9653831533161541,0.010765094191493274,12
2,35,1372,0.9661922776676874,0.964943410118036,0.011058919475396316,12
2,34,1372,0.9661322284273104,0.965407042470478,0.010898361108912515,12
2,28,1372,0.9660845806604894,0.9648112626266583,0.0107168399886106,12
2,10,1372,0.9659657875980043,0.9641793618593334,0.01159377255395526,12
2,13,1372,0.9659579550883899,0.9646111420060102,0.01139609832589087,12
2,36,1372,0.965952080706179,0.9648114192768504,0.011114054353494298,12
2,14,1372,0.965952080706179,0.9645726452212553,0.01178666698071806,12
2,8,1372,0.9659063910667616,0.9635518603515751,0.01108922872146604,12
2,38,1372,0.9657875980042765,0.9644739425459312,0.011276618620258968,12
2,44,1372,0.9657719329850478,0.9636814883856937,0.011581604758320149,12
2,16,1372,0.9657719329850478,0.9638982661434551,0.01181061377103959,12
2,12,1372,0.9657118837446707,0.9642071803226472,0.011303684296387726,12
2,48,1372,0.9654906153480638,0.9631370375882138,0.011677551413247637,12
2,17,1372,0.9654716867831622,0.9634175850284188,0.011746610155202284,12
2,47,1372,0.9654312188168213,0.9631676627008061,0.011770069095282124,12
2,45,1372,0.9653718222855785,0.9634825818040358,0.01164702153700808,12
2,37,1372,0.965312425754336,0.9645365504061155,0.011257009725330277,12
2,29,1372,0.9652530292230934,0.9647643197857024,0.010745293949812879,12
2,18,1372,0.9651714405812767,0.9633290907239588,0.01172094695169841,12
2,41,1372,0.9651342361606082,0.9635947041791659,0.01172442351742467,12
2,49,1372,0.9651113913408995,0.9631726885611418,0.01168112418868552,12
2,50,1372,0.9651113913408995,0.9634069458695259,0.011701690222933842,12
2,15,1372,0.9650748396293656,0.9638413890694717,0.01185864902253717,12
2,39,1372,0.965015443098123,0.9641188818309274,0.011502197220853534,12
2,43,1372,0.964896650035638,0.96352427686355,0.01156446439289939,12
2,46,1372,0.9648829431438127,0.9632629451802653,0.011716555368152677,12
2,53,1372,0.9648711943793911,0.9629771238502529,0.011766987318867035,12
2,19,1372,0.9648711943793911,0.96302126004193,0.011641240370293834,12
2,20,1372,0.964751095898637,0.963233077210269,0.011542138375179452,12
2,42,1372,0.9647184604419101,0.9635215877019156,0.011638525512772113,12
2,40,1372,0.9646590639106676,0.9639791759677717,0.011558547281358212,12
2,27,1372,0.9646590639106676,0.9639604040530627,0.010946003356105634,12
2,56,1372,0.964599667379425,0.9630856302167777,0.011769323498480642,12
2,25,1372,0.9645709481775055,0.9634010714873152,0.011191264716805177,12
2,55,1372,0.9645709481775055,0.9630872750437968,0.011806575998635908,12
2,54,1372,0.9645709481775055,0.9629939376375585,0.011790407664389912,12
2,51,1372,0.9645709481775055,0.9631631590077775,0.011751101682217002,12
2,52,1372,0.9645402708481825,0.9629790689234737,0.011735367636504863,12
2,62,1372,0.9645402708481825,0.9626671392280799,0.01180160646981172,12
2,21,1372,0.96448087431694,0.9633337380129968,0.011378958511831424,12
2,57,1372,0.96448087431694,0.9629063049091559,0.011811435658531575,12
2,24,1372,0.9644508496967514,0.9631435255170109,0.011236103256331792,12
2,22,1372,0.9643908004563742,0.9631467499001356,0.011209653966593845,12
2,58,1372,0.9643620812544548,0.9628032943535437,0.011798193500918718,12
2,23,1372,0.9643307512159971,0.9631226649330712,0.011085941994646416,12
2,60,1372,0.9643026847232122,0.9626765382396174,0.011885613931247622,12
2,72,1372,0.9643026847232121,0.9623224826966809,0.012313704670420896,12
2,26,1372,0.9642106527352429,0.9636572337142543,0.011210659075494277,12
2,69,1372,0.9641244951294845,0.9624256629566679,0.012158020292330762,12
2,81,1372,0.9641244951294844,0.9619350084460561,0.012374988049579727,12
2,61,1372,0.9641244951294844,0.9626432109112081,0.011795003106057796,12
2,87,1372,0.964065098598242,0.9621496322636734,0.012384005542813098,12
2,59,1372,0.964065098598242,0.9627365352632637,0.01186992390999196,12
2,73,1372,0.9640650985982419,0.9623344794905735,0.01230453515407792,12
2,63,1372,0.9640305050141116,0.9625714390147746,0.011762217467291192,12
2,82,1372,0.9639463055357567,0.9618490335988554,0.012431287514567728,12
2,74,1372,0.9639463055357567,0.9622891031515407,0.01233802242347384,12
2,79,1372,0.9639463055357567,0.9621337844858872,0.012332552111868627,12
2,71,1372,0.9639463055357567,0.9623849469608556,0.012328720168010628,12
2,80,1372,0.9639463055357567,0.9620928857315172,0.01234822588991105,12
2,66,1372,0.9639104065333572,0.9622680989715914,0.012081478874984165,12
2,86,1372,0.9638869090045141,0.9620540234296472,0.012348800962518669,12
2,75,1372,0.9638869090045141,0.9624879705706506,0.012254181438489609,12
2,83,1372,0.9638869090045141,0.9617936316475161,0.012442664863331522,12
2,88,1372,0.9638869090045141,0.962166328563335,0.012399119957151004,12
2,85,1372,0.9638275124732716,0.9617698208182884,0.01238779341264472,12
2,67,1372,0.9638275124732716,0.9623347144658619,0.01210927506481855,12
2,65,1372,0.9638275124732716,0.9623043634911062,0.012013535790026442,12
2,64,1372,0.9638275124732716,0.9623519198786483,0.011837376926030117,12
2,90,1372,0.9637087194107864,0.9619578793741304,0.01255013595251336,12
2,68,1372,0.9636493228795439,0.9623034235899525,0.012140729122626346,12
2,70,1372,0.9635899263483012,0.9624306888170038,0.012158989103378487,12
2,76,1372,0.9635305298170587,0.962335262741535,0.012196396529420226,12
2,77,1372,0.9634711332858161,0.9622130755915503,0.012214815974951235,12
2,84,1372,0.9634711332858161,0.9617530070309828,0.01240093455165377,12
2,89,1372,0.9634711332858161,0.9619964414297987,0.012432814092740541,12
2,78,1372,0.9633523402233309,0.962260645033275,0.01231287326049396,12
3,48,1372,0.9581254454739844,0.9545048809589081,0.0130303855675376,12
3,46,1372,0.9579472558802566,0.9542796571449458,0.012982246763970005,12
3,36,1372,0.9579472558802566,0.9553427897832745,0.012718447975398263,12
3,38,1372,0.9578454332552694,0.9551775107762278,0.012767233222338418,12
3,45,1372,0.9578454332552693,0.9544417770397814,0.012999887083780479,12
3,44,1372,0.9578454332552693,0.9546851983844143,0.012945230879137364,12
3,49,1372,0.9578284628177715,0.9547180427080642,0.013047198501957645,12
3,41,1372,0.9577853840148922,0.9546404094836026,0.012962688688244422,12
3,40,1372,0.9577253347745152,0.9549433579013052,0.012991133157593029,12
3,50,1372,0.9577096697552863,0.9546145491476925,0.013076256003972928,12
3,39,1372,0.9576652855341381,0.9550766672149423,0.012907179669609432,12
3,47,1372,0.9575908766928012,0.9542708325174469,0.012951690865735322,12
3,35,1372,0.9575451870533838,0.955596236740214,0.012648792365792954,12
3,43,1372,0.9575314801615586,0.954850137982711,0.012890708263148096,12
3,42,1372,0.9574851378130067,0.9545758434960147,0.012945390859234155,12
3,37,1372,0.957124842370744,0.9552415545965082,0.012688176727646643,12
3,51,1372,0.9569375148491328,0.9546217028398069,0.012932477576088928,12
3,13,1372,0.9568781183178902,0.9545587033541416,0.013854931913093733,12
3,8,1372,0.9568187217866476,0.9548467830577596,0.013391454092271835,12
3,55,1372,0.9566444484477271,0.9549054616089541,0.012977810139329408,12
3,34,1372,0.9566405321929199,0.9557038815306812,0.012749634843237512,12
3,54,1372,0.9565243499669729,0.9548070983423799,0.012959632522236638,12
3,10,1372,0.9565217391304348,0.9551384396074346,0.013744576894154238,12
3,15,1372,0.9565217391304347,0.9543557108133016,0.01383757761852235,12
3,53,1372,0.9564042514862187,0.9546340259882669,0.012968094465557736,12
3,52,1372,0.9564029460679496,0.9545790287165912,0.012908984011489053,12
3,17,1372,0.9563435495367071,0.9539627146433989,0.013618423670940778,12
3,12,1372,0.9562247564742219,0.9548702936407857,0.013647628523060448,12
3,56,1372,0.9560439560439561,0.9546526673611492,0.013076180324253867,12
3,32,1372,0.9559277738180091,0.9560037622154514,0.012459838712533809,12
3,33,1372,0.9559277738180091,0.956091603810777,0.012619915126209072,12
3,14,1372,0.9558683772867664,0.9541697539808729,0.014011923008420517,12
3,11,1372,0.9558683772867664,0.9545038105159273,0.013426146076139758,12
3,19,1372,0.9557495842242812,0.9538553178824025,0.013444689605652918,12
3,9,1372,0.9557495842242812,0.954786746871565,0.013613271316864415,12
3,18,1372,0.9556901876930388,0.953621543578778,0.013645795292033254,12
3,57,1372,0.9556236113613162,0.954635292243988,0.013086050939673386,12
3,30,1372,0.955511998099311,0.9559870528616073,0.012464590763708656,12
3,20,1372,0.9554526015680684,0.9540098794054603,0.013350753577448244,12
3,61,1372,0.9554434636401851,0.9543373957949867,0.013289230856537571,12
3,58,1372,0.9553834143998079,0.9545663008884676,0.013256274486823344,12
3,86,1372,0.9553338085055832,0.954271250251293,0.013463534146357578,12
3,29,1372,0.9553338085055832,0.9557167921173624,0.012496026693803721,12
3,62,1372,0.9552150154430981,0.9541560209806823,0.013310527438213933,12
3,59,1372,0.9552032666786765,0.9543634519436373,0.013292942899420008,12
3,21,1372,0.9551556189118556,0.953933460219989,0.013184913748984908,12
3,31,1372,0.9551556189118555,0.9560357058004955,0.01244919193721941,12
3,60,1372,0.9551432174382994,0.9543301898861414,0.013233202104748017,12
3,16,1372,0.955096222380613,0.953783728744527,0.013772742347558395,12
3,22,1372,0.9550962223806129,0.9536824674493952,0.013249531430469542,12
3,85,1372,0.9550368258493703,0.9540013941867113,0.013470558970787173,12
3,87,1372,0.9549774293181279,0.9542138901725502,0.013334448872457553,12
3,63,1372,0.9549774293181277,0.9538176304569747,0.013343016033473903,12
3,89,1372,0.9548586362556426,0.953958106516909,0.013467266518688832,12
3,69,1372,0.9547992397244001,0.9541001621329491,0.013509522725344706,12
3,88,1372,0.9547398431931575,0.9540180774321899,0.013399794636814398,12
3,90,1372,0.954680446661915,0.9538963993953302,0.01352130781070894,12
3,28,1372,0.954680446661915,0.9552156681522326,0.01259529236526103,12
3,84,1372,0.9546804466619149,0.9536592832209368,0.013590903859874137,12
3,67,1372,0.9546210501306723,0.9540113153655563,0.013486428766539384,12
3,64,1372,0.9545022570681871,0.9537226482237173,0.013478935105878586,12
3,71,1372,0.9545022570681871,0.9540684926857415,0.013441174079432173,12
3,83,1372,0.9545022570681871,0.9536899736044425,0.013553389473180391,12
3,70,1372,0.9545022570681871,0.9540828000699704,0.013482748957660965,12
3,68,1372,0.9545022570681871,0.9540688712570394,0.01355879684482133,12
3,65,1372,0.9544428605369446,0.9536771935595884,0.01351066392119272,12
3,72,1372,0.9543240674744595,0.9537936238150064,0.01339313351118688,12
3,74,1372,0.954264670943217,0.9538418590200486,0.013225001199682663,12
3,23,1372,0.954264670943217,0.9539347003673445,0.013361073434021367,12
3,82,1372,0.9542646709432169,0.9536664499672339,0.013509935588587284,12
3,66,1372,0.9542646709432168,0.9539377158835463,0.01353033533816298,12
3,73,1372,0.9540864813494891,0.9536480566238228,0.01339453656160434,12
3,75,1372,0.9539082917557614,0.9536148206746924,0.013332845706553055,12
3,80,1372,0.9537301021620337,0.9536096773267123,0.013544776686373753,12
3,76,1372,0.9536707056307911,0.9536483699242075,0.01338978862643515,12
3,27,1372,0.9536707056307911,0.9551307506938298,0.01248734492799252,12
3,77,1372,0.953670705630791,0.9536744652354061,0.013526357960869501,12
3,24,1372,0.9536113090995486,0.9542285108571638,0.013254332751762738,12
3,25,1372,0.9534925160370634,0.9544363595539648,0.01301726198409899,12
3,81,1372,0.9534925160370633,0.953573608619938,0.013580809819791857,12
3,79,1372,0.9533737229745782,0.9537317078265047,0.013498192615776984,12
3,78,1372,0.9532549299120932,0.9536622204120423,0.013559797306753621,12
3,26,1372,0.9530767403183654,0.9545469545897199,0.01273395703838662,12
4,30,1372,0.9463159791028644,0.9449877812850015,0.013505587483945048,12
4,32,1372,0.9461958806221101,0.9452036583041573,0.01368980708307079,12
4,34,1372,0.9460702341137124,0.9446867518321546,0.013917095524205982,12
4,29,1372,0.9458355851798474,0.9449483445990928,0.013761070693770463,12
4,54,1372,0.9457716196846632,0.9436373913565645,0.014595014863582717,12
4,33,1372,0.9457716196846632,0.9447322064962833,0.01395584623173757,12
4,89,1372,0.9457709669755286,0.942680598090434,0.015508852664990433,12
4,28,1372,0.9457154866990933,0.9447857939162287,0.013875876219547839,12
4,87,1372,0.9456521739130433,0.9427980857346503,0.015351158582535647,12
4,85,1372,0.9455924510272337,0.9430631900767323,0.01537658544974501,12
4,69,1372,0.9455924510272335,0.942626632099191,0.015130944563412714,12
4,55,1372,0.9455327281414238,0.9433849887342401,0.014812946861070042,12
4,83,1372,0.9455327281414238,0.9423531078092732,0.015268057019160121,12
4,31,1372,0.9454752897375848,0.9451885154522361,0.013543605377505872,12
4,90,1372,0.945473005255614,0.9425826525577061,0.015488560990507634,12
4,88,1372,0.9454730052556138,0.9427714421477786,0.015417928430408838,12
4,35,1372,0.945413282369804,0.9443499147561869,0.014050840937679158,12
4,53,1372,0.9453535594839944,0.9435417825225381,0.014711206780720016,12
4,86,1372,0.9453535594839942,0.9431086708492268,0.015282354225180298,12
4,70,1372,0.9453535594839942,0.942439970340897,0.015158081956460847,12
4,82,1372,0.9453535594839941,0.9421954916074659,0.015316654808605994,12
4,68,1372,0.9452938365981844,0.9423495831799467,0.01510755096868393,12
4,76,1372,0.9452938365981843,0.9424092669032085,0.015398058200876976,12
4,73,1372,0.9452363981943455,0.9424435732953197,0.015046221958028596,12
4,38,1372,0.9452363981943455,0.9440192392544497,0.014478636996500014,12
4,9,1372,0.9452341137123746,0.9447869296301227,0.015148668813551645,12
4,75,1372,0.9451176051318603,0.9422329832201535,0.015232411168740469,12
4,78,1372,0.945054945054945,0.9423203940274505,0.015390305058150975,12
4,71,1372,0.9449952221691352,0.9422059871703493,0.01512119475212087,12
4,74,1372,0.9449394155381325,0.9421780642735739,0.015100846007154469,12
4,72,1372,0.9449394155381325,0.9421226492680519,0.015055414970410502,12
4,84,1372,0.9449354992833254,0.9427281675321589,0.015473235502163684,12
4,79,1372,0.9449354992833254,0.9422297327286637,0.01542510536771333,12
4,67,1372,0.9449354992833253,0.9423158120093259,0.015119917597732893,12
4,57,1372,0.9449354992833253,0.9431261634540323,0.014880091035279859,12
4,37,1372,0.94488001900689,0.9442367872089896,0.01426844052743173,12
4,8,1372,0.9448757763975155,0.94448533884742,0.015078268849669754,12
4,36,1372,0.9448757763975154,0.9443348371751793,0.014253103985598786,12
4,80,1372,0.9448160535117056,0.9422338578503938,0.015360812372434722,12
4,39,1372,0.9447612259444048,0.9436625337124266,0.014624442359069933,12
4,81,1372,0.9447563306258959,0.9422625901064962,0.015331295684288137,12
4,56,1372,0.9447563306258958,0.9430042765502493,0.014826611213078695,12
4,77,1372,0.9447563306258957,0.9423108514199033,0.01546551449513007,12
4,26,1372,0.9446368848542761,0.9440345518107458,0.01378450391704338,12
4,48,1372,0.9445236398194345,0.9435551108430653,0.014667129466950701,12
4,66,1372,0.9445174390826565,0.9421270354734362,0.015109362598970475,12
4,59,1372,0.9443979933110368,0.9426771126236558,0.014976648645817495,12
4,27,1372,0.9443382704252269,0.944171607674815,0.013840972331953045,12
4,42,1372,0.9442860536944643,0.9431827924985444,0.014724860497510556,12
4,52,1372,0.9442785475394171,0.9434645017610093,0.014761572355799678,12
4,65,1372,0.9441591017677974,0.9420530313117627,0.015269360489748288,12
4,58,1372,0.9440993788819876,0.9427580616105206,0.014923158036554486,12
4,44,1372,0.9439890710382514,0.943013114231931,0.014796949707498173,12
4,60,1372,0.9439799331103679,0.9426893313386542,0.015022074056553814,12
4,61,1372,0.9439799331103678,0.9425699247295828,0.01496353755011743,12
4,40,1372,0.9439296745070087,0.9430660750511071,0.014755953434698993,12
4,41,1372,0.9439296745070087,0.9429230273171827,0.014667480565466833,12
4,49,1372,0.9438702779757662,0.9434227414305819,0.014749021984497216,12
4,45,1372,0.9438108814445236,0.9429745652304455,0.014834901698458884,12
4,43,1372,0.9438108814445236,0.9430108689125082,0.014737558998442663,12
4,64,1372,0.9437410415671286,0.9419901101511935,0.015230158136816708,12
4,51,1372,0.9437410415671286,0.9433783702636162,0.014721208335360897,12
4,62,1372,0.9436813186813187,0.9423027056099045,0.01489834704150407,12
4,63,1372,0.9436813186813187,0.9421307036987722,0.01512767783645307,12
4,47,1372,0.9435732953195534,0.9432714695615622,0.01466274107219017,12
4,24,1372,0.9435618729096991,0.943041859542216,0.014760548717551218,12
5,54,1372,0.9435138987883108,0.9371273879363686,0.01605203749022267,12
4,50,1372,0.9433951057258256,0.9433917508008741,0.014656632934732584,12
4,23,1372,0.9433229813664596,0.9423924400617202,0.014924069944706873,12
5,53,1372,0.9432763126633406,0.9375212848448772,0.015973820312990564,12
4,15,1372,0.9432763126633406,0.9421777509731892,0.015710866494030837,12
4,12,1372,0.9432169161320979,0.9430041590626053,0.015475059887523117,12
4,16,1372,0.9432169161320979,0.9420358389531589,0.015542454083859812,12
4,14,1372,0.9431575196008554,0.9429122837248284,0.015638203294942917,12
4,25,1372,0.9431438127090301,0.9432145924875789,0.014386773809715987,12
4,46,1372,0.9430981230696127,0.9428936292977633,0.014759778612476236,12
5,58,1372,0.9429793300071276,0.9363077810761345,0.016229202683737225,12
5,56,1372,0.9429793300071276,0.9365917617663877,0.016197067024838644,12
5,55,1372,0.9429793300071276,0.9366995109903165,0.01613274608489653,12
4,22,1372,0.9429646440516006,0.9420231502875838,0.015048010799849363,12
4,10,1372,0.9429049211657907,0.9436792169579055,0.014721635927982294,12
5,57,1372,0.9428605369446424,0.93636001086108,0.016228837312124857,12
5,59,1372,0.9428605369446424,0.9363626869685316,0.016236684817786902,12
4,11,1372,0.942845198279981,0.9437209642341503,0.015203392599746336,12
4,17,1372,0.9428011404133999,0.941670073808349,0.015516901366034149,12
5,31,1372,0.9427730739206148,0.9398018375067554,0.015056308928791905,12
5,60,1372,0.9427417438821574,0.9362717254235429,0.01619635243823145,12
5,32,1372,0.9427417438821573,0.9393675379028192,0.01511862042387647,12
5,65,1372,0.9426229508196722,0.93600385359473,0.016245852751249967,12
5,66,1372,0.9425635542884296,0.9360016866004037,0.01629359344442214,12
5,52,1372,0.9425635542884296,0.9374952417504092,0.01598065686769034,12
5,50,1372,0.942504157757187,0.9373224826966807,0.015873290118756815,12
4,13,1372,0.942504157757187,0.9422960740850975,0.01576278450426664,12
5,8,1372,0.9424447612259443,0.9385943517162335,0.01628103829679448,12
5,51,1372,0.9423853646947019,0.9373728587876842,0.01589815114262121,12
4,18,1372,0.9423853646947019,0.9421023500139679,0.015301236740031122,12
5,64,1372,0.9423853646947019,0.9358912221064751,0.016402778589714628,12
5,67,1372,0.9423853646947018,0.9359230220955097,0.016375920024019105,12
5,49,1372,0.9423259681634593,0.937353368892927,0.01580986419974273,12
5,69,1372,0.9423259681634593,0.9359348491850273,0.016182279625773902,12
5,33,1372,0.9423076923076924,0.9392929463029249,0.01504077073286407,12
5,68,1372,0.9423076923076923,0.9360832621880377,0.016298544043506686,12
5,61,1372,0.9422665716322167,0.9358207164657628,0.016117329672398442,12
5,48,1372,0.9422665716322167,0.9373600917970125,0.015952949111674032,12
5,62,1372,0.9422071751009742,0.935670214793522,0.016267753458083376,12
5,89,1372,0.9421882465360726,0.9364198251261686,0.016267391496957953,12
5,70,1372,0.9421477785697316,0.9358892900874369,0.016134824936729082,12
4,21,1372,0.9421285236502628,0.9418618789146229,0.014917540046344336,12
5,44,1372,0.942088382038489,0.9370921546972865,0.015868403145180277,12
4,19,1372,0.942068800764453,0.9421564334928556,0.015240341210703475,12
5,30,1372,0.9420524830360896,0.9397201835940254,0.015153525835342905,12
5,36,1372,0.9419695889760038,0.938502828841389,0.015503348855502667,12
5,63,1372,0.9419101924447613,0.9356421091381891,0.016346381778931753,12
5,29,1372,0.9419101924447613,0.9395196582937139,0.01520657851434213,12
4,20,1372,0.9419101924447613,0.9421411209365591,0.015019547475500128,12
5,35,1372,0.9419101924447612,0.9387106122672768,0.0154121153801749,12
5,43,1372,0.9418507959135187,0.9370994128228627,0.015741468942156348,12
5,47,1372,0.9418507959135187,0.9373155639798547,0.015944138469154493,12
5,88,1372,0.9418299092212136,0.9364178669987651,0.016314739580109133,12
5,46,1372,0.9417320028510335,0.9370686441142607,0.01586098691196841,12
5,90,1372,0.941710463449594,0.9363960665136716,0.0163457058216283,12
5,86,1372,0.9417104634495939,0.9365917748205703,0.0160628154986513,12
5,28,1372,0.9416132097885483,0.9392872546792718,0.01532781093832434,12
5,34,1372,0.9416132097885482,0.9387647088003466,0.015200301247212968,12
5,11,1372,0.9415910176779743,0.9371636655100661,0.016521495142279786,12
5,15,1372,0.9415910176779742,0.936619802150807,0.016433526709783323,12
5,42,1372,0.9415910176779742,0.9372542615379393,0.01576962122971922,12
5,9,1372,0.9415538132573058,0.937172150728815,0.015986056679574763,12
5,41,1372,0.9414944167260633,0.9375152015957434,0.015711875234574214,12
5,74,1372,0.9414944167260633,0.9358665758095551,0.016227090920865068,12
5,87,1372,0.9414715719063544,0.936537169174375,0.016220225077751897,12
5,38,1372,0.9414350201948207,0.9379344366728541,0.01583444076746918,12
5,45,1372,0.9414350201948207,0.9368248833608778,0.01592643292443566,12
5,27,1372,0.9414350201948207,0.9391488672885678,0.015339619369292894,12
5,76,1372,0.9414118490205448,0.93602796467016,0.016354853420537555,12
5,10,1372,0.9413756236635781,0.937408561977343,0.01644094123064283,12
5,80,1372,0.9413521261347348,0.9359899508901647,0.01625935500254211,12
5,71,1372,0.9413162271323355,0.9358539001981623,0.01615998139005546,12
5,37,1372,0.9413162271323355,0.9383720781475593,0.015810156831960732,12
5,73,1372,0.9413162271323355,0.9358071792783126,0.016102944538430704,12
5,77,1372,0.941292403248925,0.9358781287612363,0.016314929101438915,12
5,79,1372,0.941232680363115,0.9357848957884598,0.016254382896378258,12
5,72,1372,0.9411974340698503,0.9360657043123187,0.01605457954936111,12
5,12,1372,0.9410535117056857,0.9366085624995105,0.016756867740783343,12
5,75,1372,0.9410535117056856,0.9359811915335792,0.016389664109436305,12
5,82,1372,0.9409937888198758,0.9361260668530805,0.016049155869863278,12
5,16,1372,0.9409937888198757,0.9363503246575234,0.0164445702605753,12
5,14,1372,0.94095984794488,0.9364423174829447,0.016630781052950468,12
5,85,1372,0.9408743430482561,0.9367830316511713,0.01595780741576222,12
5,78,1372,0.940874343048256,0.9356680216908297,0.01633733986758563,12
5,26,1372,0.9408410548823949,0.9383436330834763,0.015385251686189651,12
5,84,1372,0.9408146201624463,0.9368120641534755,0.015995734408985204,12
5,83,1372,0.9408146201624462,0.9365677812327847,0.01614990927151441,12
5,39,1372,0.9407222618199098,0.9373905602594127,0.01588893885213492,12
5,13,1372,0.9406354515050167,0.9372456196689982,0.01657110599953087,12
5,40,1372,0.9405440722261821,0.9372861920688007,0.015721647159314,12
5,81,1372,0.9404562828475871,0.9359395747991615,0.016194673035572406,12
5,19,1372,0.9402470895699692,0.9362684096611394,0.016369500044403476,12
5,18,1372,0.9402173913043479,0.936393651489874,0.01653516316325197,12
5,17,1372,0.9400979455327281,0.9364956177108706,0.01657020691436174,12
6,30,1372,0.9398590539894887,0.939379782726183,0.015797591609069066,12
6,29,1372,0.9397396082178691,0.9394161255707941,0.015807286003703642,12
5,20,1372,0.9395937277263009,0.9360772703181827,0.016335528747042194,12
6,32,1372,0.9395937277263008,0.9387143327093433,0.015847494168382433,12
6,28,1372,0.9395937277263008,0.9390436244677158,0.01591406810953022,12
6,27,1372,0.9394703656998739,0.9385796135439758,0.01592549085627228,12
6,9,1372,0.9391701194979885,0.9360865257337103,0.01744642672696985,12
5,25,1372,0.9389403658826325,0.9380225915685645,0.015290928750456694,12
6,31,1372,0.9388809693513899,0.9390247350653624,0.01591920997615349,12
6,37,1372,0.9388809693513899,0.9377589623491263,0.016314171655280752,12
6,34,1372,0.9388809693513898,0.9383423015568418,0.016074808860977074,12
6,12,1372,0.9388698732961028,0.9362827953704647,0.017503788181262334,12
6,26,1372,0.9388698732961028,0.938262279416948,0.01616925110007145,12
6,36,1372,0.9387621762889047,0.9379072970270405,0.016323374766101365,12
5,24,1372,0.9387027797576623,0.9371399068975691,0.015625278525789495,12
5,22,1372,0.9387027797576621,0.9363850226751153,0.01628368774857282,12
6,8,1372,0.9386048733874821,0.9361180776932736,0.01689501099343188,12
6,33,1372,0.9385839866951771,0.9382812079818494,0.015978578969917695,12
6,35,1372,0.9385245901639344,0.9381846984092173,0.01609208596428224,12
6,25,1372,0.9385095778538401,0.9376722303593293,0.016277825923415687,12
7,29,1372,0.9383464005702067,0.9371993164829944,0.015192361751294818,12
5,21,1372,0.9382870040389641,0.9360613311611173,0.01641332326597467,12
5,23,1372,0.9382870040389641,0.9369558168132651,0.015955287536878856,12
6,24,1372,0.938246536072623,0.9373588385954743,0.01630294357751149,12
6,38,1372,0.9382276075077215,0.9373650132238871,0.016393675608861367,12
6,10,1372,0.9382093316519545,0.9361585717679801,0.017579334740436103,12
6,47,1372,0.9381270903010033,0.9372959957600016,0.01601990145634653,12
6,41,1372,0.9379900213827512,0.9371137724238224,0.016149127412571886,12
6,40,1372,0.9379900213827512,0.9374389260062815,0.016105949126308347,12
6,48,1372,0.9379306248515087,0.9374870698320449,0.01589841473215766,12
6,46,1372,0.9379306248515086,0.9373495048548506,0.016085755537429497,12
6,53,1372,0.9378490362096918,0.9376128338280868,0.016183579879372155,12
6,43,1372,0.937828475871954,0.9369542372571595,0.016188655406702508,12
6,45,1372,0.9377889869693148,0.9370793093815188,0.015976725262207777,12
6,54,1372,0.9377889869693148,0.9373670235680214,0.01616156311308656,12
6,11,1372,0.9377889869693148,0.9356228281103549,0.017721849253805887,12
6,51,1372,0.9377889869693148,0.9376580404627447,0.01619528787787783,12
6,52,1372,0.9377289377289377,0.9378754970380059,0.016188154422226014,12
6,39,1372,0.9376930387265383,0.9371765630425644,0.016337946718902645,12
6,44,1372,0.9376688884885607,0.9367659306718464,0.016133137766543695,12
7,82,1372,0.9376336421952958,0.9371458334965106,0.015520971132921623,12
6,50,1372,0.9376088392481835,0.9375596641419877,0.016053519694629842,12
6,55,1372,0.9375742456640531,0.9371925544163605,0.016235662582192893,12
6,49,1372,0.9375487900078063,0.9373561363796574,0.015937018356359085,12
6,17,1372,0.937529861442905,0.9354340385202822,0.017262359118464354,12
6,42,1372,0.9374887407674293,0.9368993052563974,0.016107038548862668,12
6,14,1372,0.9374887407674293,0.9357618943185586,0.017272423723986834,12
6,16,1372,0.9374701385570952,0.9356933337510672,0.017353541388100514,12
7,28,1372,0.9374554526015682,0.9370036342844611,0.015268269889850628,12
6,13,1372,0.9374286915270522,0.9356658546965032,0.01759924627836952,12
7,90,1372,0.9374104156712851,0.9368004720392462,0.015799084460673348,12
7,83,1372,0.937336659539083,0.9370503943668589,0.015620864732937285,12
7,81,1372,0.9373366595390829,0.9369343557369217,0.015786990325963177,12
7,84,1372,0.9372772630078403,0.9368135131677541,0.0157468022655527,12
6,19,1372,0.9372312470138557,0.9351112999616207,0.017291316425613427,12
7,88,1372,0.9372312470138557,0.9369036261908679,0.015874436664177947,12
7,87,1372,0.9372312470138556,0.9367243922625249,0.015857700115696025,12
7,26,1372,0.9372178664765978,0.9363313830384393,0.01555995492856555,12
7,33,1372,0.9372178664765978,0.9366906733086349,0.015548980201744585,12
7,32,1372,0.9371715241280458,0.9365005913544759,0.01545126309735758,12
7,86,1372,0.9371584699453552,0.9367247838880055,0.015923352162573748,12
7,34,1372,0.9370990734141127,0.936454705902318,0.015636206621058284,12
7,85,1372,0.9370990734141126,0.9367248752672843,0.015888235090990535,12
6,15,1372,0.9370683960847896,0.9354875084525832,0.017286893536442242,12
6,21,1372,0.9370683960847895,0.9352941368443863,0.017490296162940233,12
7,27,1372,0.93703967688287,0.9366236922972491,0.01534613258632466,12
6,23,1372,0.9369923554706163,0.9362494158253246,0.016660053227964093,12
7,31,1372,0.9369802803516274,0.9367377727997827,0.015304492973552176,12
6,56,1372,0.9369802803516274,0.9368868254577452,0.016269598216683764,12
7,89,1372,0.9369326325848064,0.936827102571935,0.01596060586767253,12
6,65,1372,0.9369208838203849,0.9361525537897597,0.016328295275124464,12
6,83,1372,0.9369208838203849,0.9370183332941708,0.01605766619522486,12
6,58,1372,0.9369208838203849,0.9366646563225323,0.016325926250893,12
6,20,1372,0.9368882483636581,0.9350317477723038,0.01741319104628029,12
7,35,1372,0.9368729096989966,0.9364021889253535,0.01570338080879848,12
6,66,1372,0.9368614872891423,0.9361574099457206,0.01625716957602978,12
6,64,1372,0.9368614872891422,0.9362312052404712,0.01621728730782245,12
6,67,1372,0.9368131868131868,0.9363269315621418,0.016245848633198928,12
7,30,1372,0.9368020907578998,0.9367425636848303,0.015307905329659028,12
6,57,1372,0.9368020907578997,0.9367768961853068,0.016231229007422996,12
6,18,1372,0.9367681498829039,0.9352924136922712,0.017262894681658487,12
6,59,1372,0.9367681498829039,0.936583433197831,0.01627527148086107,12
6,22,1372,0.9367081006425269,0.9359056208699829,0.017084251535289793,12
6,90,1372,0.9366937410415671,0.9366419028821025,0.016221010963598636,12
7,80,1372,0.9366832976954146,0.9363467086489183,0.01576874528146095,12
6,68,1372,0.9366340181557573,0.9362144828324445,0.016190673795764575,12
6,89,1372,0.9366340181557572,0.9367780580075662,0.016184649647780183,12
7,79,1372,0.9365645046329295,0.9363917977959317,0.015786662126704144,12
6,60,1372,0.9364679036810184,0.9361304791668297,0.01620427489704074,12
6,80,1372,0.9364457115704442,0.9363031860038276,0.016346645965463286,12
7,78,1372,0.9363863150392018,0.9362295604134521,0.015839487149740292,12
6,84,1372,0.9363863150392017,0.9369825648335983,0.016066145434745927,12
6,82,1372,0.9363863150392017,0.9367001898078163,0.016239099242849872,12
7,24,1372,0.9363269185079591,0.9353835449416346,0.01570604115805452,12
6,87,1372,0.9363269185079591,0.9366544740600337,0.016283465555176294,12
6,88,1372,0.936326918507959,0.9366709092760412,0.016173439987191094,12
7,36,1372,0.936326918507959,0.936230108689125,0.015859670987023365,12
6,61,1372,0.936287755959887,0.9361397476365403,0.016367194536748043,12
6,63,1372,0.9362675219767166,0.9361090833613999,0.01631082163980906,12
6,85,1372,0.9362081254454739,0.936750330923531,0.016131452415818242,12
6,79,1372,0.9362081254454739,0.9361531412279809,0.016366665270686167,12
7,25,1372,0.9361487289142314,0.9361264845869265,0.01563736470966332,12
6,86,1372,0.9361076082387558,0.936642673078881,0.016180608480809267,12
7,77,1372,0.9360965121834687,0.9360488252540996,0.01585458486293657,12
7,73,1372,0.9360893323829889,0.9359323819444988,0.015990078997829033,12
6,75,1372,0.9360893323829887,0.9360788107117402,0.016601594359970103,12
7,21,1372,0.9360893323829887,0.9341321840430892,0.016310179426845442,12
6,69,1372,0.9360893323829887,0.9359951203465102,0.016133468634138826,12
6,74,1372,0.9360367892976589,0.9361247353264459,0.016493804312168982,12
6,78,1372,0.9360299358517462,0.9360097671394891,0.016316184869784,12
7,75,1372,0.9359770664118491,0.9360299227975635,0.015943229671727215,12
7,74,1372,0.935977066411849,0.9360560311629449,0.015953297964617044,12
6,70,1372,0.935911142789261,0.9359049420524831,0.01618616586061664,12
7,41,1372,0.9358576206402294,0.9356087557014142,0.015706511619701314,12
7,76,1372,0.9358576206402293,0.9359417940102187,0.01586959809249218,12
6,81,1372,0.9358517462580185,0.9363057707320003,0.016349146911558685,12
6,62,1372,0.9358517462580185,0.935999258522423,0.016371121289146147,12
7,37,1372,0.9357978977544195,0.935927303867432,0.015910312238648264,12
6,76,1372,0.9357329531955334,0.936081434602461,0.016483174917240943,12
7,66,1372,0.9357329531955334,0.9358145418373502,0.015930370999556943,12
6,77,1372,0.9357329531955333,0.9358493051258553,0.016460438082690095,12
7,20,1372,0.9356735566642908,0.9335192118406659,0.016573721907758864,12
6,71,1372,0.9356141601330482,0.9358627639882094,0.016166706232756314,12
6,72,1372,0.9355590062111802,0.935769557123798,0.016197431939940044,12
7,67,1372,0.9355547636018058,0.9357787081058642,0.015793710962811278,12
7,47,1372,0.9355547636018057,0.9365677812327847,0.015381016320087069,12
6,73,1372,0.9355547636018056,0.9358407937987411,0.01636647049258762,12
7,38,1372,0.9354992833253702,0.935802727802015,0.015937083517015727,12
7,39,1372,0.935495367070563,0.9360196230474207,0.01572154243047212,12
7,42,1372,0.9354359705393205,0.9356015759009344,0.01575444862018385,12
7,12,1372,0.9353870173542305,0.9339558742516689,0.01670989532592054,12
7,72,1372,0.9353798375537506,0.9355459911910375,0.015859253064362342,12
7,46,1372,0.9353765740080779,0.9362957451196938,0.015546961491386556,12
7,68,1372,0.9353171774768354,0.9356453465754961,0.015739377121475454,12
7,40,1372,0.9353171774768353,0.9357949475091314,0.01577164501642346,12
7,11,1372,0.9352068696330991,0.9345633898057276,0.016702270236478352,12
7,65,1372,0.935079591351865,0.935695278824288,0.01585587777187119,12
7,71,1372,0.935079591351865,0.9354720523002775,0.01574093512733836,12
7,64,1372,0.93496079828938,0.9356401901733333,0.015817850134612055,12
7,51,1372,0.93496079828938,0.9368460311368365,0.015328020008133348,12
7,45,1372,0.9349607982893798,0.9361480500967315,0.015468065957523015,12
7,69,1372,0.9349014017581374,0.9355090086914748,0.015846974073622427,12
7,22,1372,0.9349014017581372,0.9316293055958059,0.016589729280231075,12
7,43,1372,0.9348420052268948,0.9356765199637616,0.015633217615040048,12
7,15,1372,0.9347865249504594,0.9339305882997972,0.016548242040290855,12
7,70,1372,0.9347826086956522,0.9355888480728111,0.01578686981061335,12
7,62,1372,0.9347826086956521,0.935577921721899,0.01584464883396316,12
7,48,1372,0.9347264757100822,0.9363575305663687,0.015371368467158775,12
7,63,1372,0.9347232121644096,0.9355207444017136,0.01575340742322953,12
7,54,1372,0.9347232121644096,0.9362559168083046,0.01544569443088695,12
7,52,1372,0.9346664264697051,0.9366530380999376,0.015442080711474316,12
7,44,1372,0.9346638156331669,0.935851302415807,0.01557803211230868,12
7,13,1372,0.934606377229328,0.9340042661069031,0.016429082195466724,12
7,17,1372,0.9346044191019244,0.9333606165751569,0.016589823622962623,12
7,19,1372,0.9346044191019244,0.9332834141387242,0.016566189855488044,12
7,23,1372,0.934545022570682,0.9321338497568006,0.016275391715242588,12
7,49,1372,0.9345450225706818,0.9364268352222738,0.01547514582943574,12
7,50,1372,0.9343668329769541,0.9365998423054731,0.015426055936702624,12
7,53,1372,0.9343661802678196,0.9363300776201702,0.015438505209714671,12
7,10,1372,0.9343661802678196,0.9339383294301328,0.016840580255839403,12
7,60,1372,0.9342480399144689,0.9353554001237536,0.01577711883798889,12
7,61,1372,0.9341292468519838,0.9353627365744259,0.01578223076870953,12
7,55,1372,0.9341292468519837,0.9359786590221373,0.015565568270581621,12
7,18,1372,0.9341292468519837,0.933312877429057,0.016533578521110575,12
7,59,1372,0.9341292468519837,0.9353866648912978,0.015499019554759146,12
7,14,1372,0.9341259833063111,0.933839652863174,0.016689939211654167,12
7,8,1372,0.9341259833063111,0.9335644706920544,0.016644880807470813,12
7,56,1372,0.9340698503207413,0.9359526550902175,0.015528939951785762,12
7,58,1372,0.9340698503207412,0.9358569809852776,0.01557226676927716,12
7,9,1372,0.93394583558518,0.9339199360867215,0.016786766158738566,12
7,16,1372,0.9338916607270136,0.9336455110581982,0.016543356592278267,12
7,57,1372,0.933713471133286,0.9358741994522465,0.015560103930435314,12
1,17,1373,0.9817652649085293,0.979245807649229,0.007639228086792491,13
1,32,1373,0.9817652649085293,0.9795327385847699,0.006758428699400908,13
1,18,1373,0.9817058683772868,0.9792238244055779,0.007539759474981475,13
1,33,1373,0.9816464718460443,0.9796660478984072,0.006759634836531218,13
1,31,1373,0.981527678783559,0.9795468632104413,0.006782860866558186,13
1,20,1373,0.9814447847234733,0.9787855693842863,0.007602527749873753,13
1,23,1373,0.9814447847234732,0.9787989368673615,0.007403436915692429,13
1,19,1373,0.9814088857210739,0.9789473368161893,0.00753807989678368,13
1,34,1373,0.9814088857210739,0.9796732015905215,0.006755944535357193,13
1,30,1373,0.9813847354830961,0.9794799735783343,0.006817312255277386,13
1,24,1373,0.9813246862427191,0.978687506363914,0.007477693938639144,13
1,21,1373,0.9812900926585888,0.9786779768105498,0.007457041862281902,13
1,36,1373,0.9812306961273463,0.9793957740999792,0.007058682063266428,13
1,16,1373,0.9812306961273461,0.9790844318428067,0.0075789725235305165,13
1,35,1373,0.9811712995961036,0.979537255331981,0.006826797799381884,13
1,14,1373,0.981111903064861,0.9786924930617019,0.008024590065878367,13
1,37,1373,0.981111903064861,0.9796368065291802,0.007159125975543716,13
1,27,1373,0.9810844892812106,0.9791107751834767,0.007244783453071651,13
1,22,1373,0.9809931100023759,0.9785561029609497,0.007347526188203548,13
1,46,1373,0.9809643908004564,0.9791793879676988,0.0073659503124661,13
1,39,1373,0.9809643908004564,0.9792312652897115,0.0072920450714726815,13
1,38,1373,0.9808743169398907,0.9793170312699893,0.007214659594915286,13
1,29,1373,0.9808149204086481,0.9792264874588466,0.006914540000221804,13
1,25,1373,0.9807555238774056,0.9788071348940913,0.007427422688148088,13
1,28,1373,0.980696127346163,0.9790899929246331,0.007133552788793393,13
1,45,1373,0.9806641445985708,0.9791648456081813,0.007326555728816495,13
1,26,1373,0.9806367308149203,0.9789378072628252,0.007240365571159498,13
1,13,1373,0.9806367308149203,0.9786061526973856,0.008179420337726805,13
1,43,1373,0.9804839968774395,0.9790739884966543,0.007436577659895067,13
1,57,1373,0.9804839968774395,0.9798299562162712,0.007050206343425323,13
1,84,1373,0.9804839968774394,0.9785242246468191,0.008187327162358513,13
1,87,1373,0.9804239476370624,0.9784383020163492,0.008146351758166661,13
1,42,1373,0.9804239476370623,0.9791689968382769,0.007413007206818585,13
1,15,1373,0.98039914468995,0.9791038042499197,0.00775711539334555,13
1,10,1373,0.9803397481587075,0.9780098637404409,0.008332151842527296,13
1,89,1373,0.9803038491563082,0.9784953487947072,0.008043417296320856,13
1,40,1373,0.9803038491563082,0.9790448254525232,0.007344417824526707,13
1,86,1373,0.9803038491563081,0.978400236019623,0.008164882459427272,13
1,58,1373,0.980243799915931,0.9798606074372289,0.007048232236445149,13
1,44,1373,0.980243799915931,0.9791239337996288,0.007380927937874931,13
1,12,1373,0.9802209550962223,0.978326923729632,0.008365584532361378,13
1,90,1373,0.980183750675554,0.9785069409089366,0.008069845129807919,13
1,82,1373,0.980183750675554,0.9785342241507603,0.008100212691345976,13
1,55,1373,0.980183750675554,0.9793579430785418,0.007204382301961943,13
1,47,1373,0.9801837506755539,0.9785584266054685,0.007452635674766913,13
1,83,1373,0.9801237014351768,0.9785101783462439,0.008109394534564874,13
1,85,1373,0.9801237014351768,0.9784574916649043,0.008176388264684172,13
1,81,1373,0.9800036029544226,0.9785010404183606,0.00806509897730719,13
1,11,1373,0.9799833689712522,0.9782540552818528,0.008239363352430192,13
1,53,1373,0.9799833689712522,0.9794123790203619,0.007177936665558578,13
1,56,1373,0.9799435537140455,0.9789662653810908,0.00716853383986646,13
1,59,1373,0.9799239724400096,0.9797177163534967,0.007072587198237497,13
1,54,1373,0.9798835044736685,0.9788802122087938,0.0072325636590958335,13
1,88,1373,0.979864575908767,0.9781537991587885,0.00796480086803666,13
1,80,1373,0.9798234552332913,0.9786015054083478,0.008006250826469705,13
1,60,1373,0.9798234552332913,0.9796650035637918,0.007055840924958055,13
1,51,1373,0.9798234552332912,0.9791407475869343,0.007149942421868515,13
1,9,1373,0.9798051793775243,0.9779994465026539,0.007954316835498354,13
1,52,1373,0.9797634059929141,0.9794267386213217,0.00710968853985915,13
1,48,1373,0.9797033567525371,0.9785391064150865,0.007432401409572219,13
1,41,1373,0.979703356752537,0.9785841694537346,0.007432460000556397,13
1,61,1373,0.9796433075121599,0.9794957169226592,0.00712277749442816,13
1,49,1373,0.9795232090314057,0.978684895527376,0.007237620508064924,13
1,50,1373,0.9795232090314057,0.9788446526151445,0.0073331542057049745,13
1,68,1373,0.9795081967213115,0.9785273315422995,0.007378427232856565,13
1,66,1373,0.9795081967213115,0.9786164916100768,0.007260377490359566,13
1,78,1373,0.9794631597910286,0.9783816729718369,0.007824536959284107,13
1,67,1373,0.9794031105506515,0.9786591787874752,0.007313411673490292,13
1,79,1373,0.9792830120698972,0.9784318532500998,0.007761114681296019,13
1,77,1373,0.9792112140650986,0.9783820645973177,0.007806050517431407,13
1,69,1373,0.9791028643487659,0.9784985862320146,0.007441947689579639,13
1,70,1373,0.9791028643487659,0.9784511473321166,0.0074847608502894136,13
1,71,1373,0.9790428151083889,0.9783342862886698,0.007645752041305939,13
1,63,1373,0.9790428151083888,0.9790248786613718,0.007067066903530514,13
1,76,1373,0.9790330244713709,0.9783484631310716,0.007845082725940686,13
1,65,1373,0.9790330244713709,0.9786308512110363,0.007227215085962641,13
1,74,1373,0.9789827658680118,0.9783411527887651,0.007798596348935481,13
1,72,1373,0.9789827658680117,0.9783747281466455,0.007689200386068071,13
1,75,1373,0.9789827658680117,0.9782792498544458,0.007858130832638284,13
1,64,1373,0.9789736279401284,0.9789218550515772,0.007133407305277506,13
1,62,1373,0.9788026181468804,0.9790418490988698,0.007164697644079648,13
1,73,1373,0.9787425689065032,0.9782647858200245,0.007695145039255771,13
1,8,1373,0.97832026609646,0.9774525284646454,0.0080471238785222,13
2,32,1373,0.9703017343787124,0.9675694156164576,0.008890275977531841,13
2,30,1373,0.9701829413162272,0.9675070427315616,0.008687629755013464,13
2,33,1373,0.9701829413162271,0.9676144786551059,0.00875691704527392,13
2,34,1373,0.970064148253742,0.9676315535260652,0.008833510695666005,13
2,31,1373,0.9700047517224994,0.9676271151039505,0.008695094983037605,13
2,36,1373,0.9700047517224994,0.9670463084076768,0.009026619680696615,13
2,56,1373,0.9698859586600141,0.9678215702093107,0.008848342481789671,13
2,61,1373,0.9698265621287716,0.9675323156292508,0.008962305895510182,13
2,57,1373,0.9698265621287716,0.9678315958216172,0.008827035939382884,13
2,67,1373,0.9698265621287716,0.9667860602215554,0.00911736874455938,13
2,68,1373,0.9697671655975291,0.9667955375581889,0.009083248592466458,13
2,58,1373,0.9697671655975291,0.9678697401434394,0.008862310482768938,13
2,77,1373,0.9697077690662866,0.9666383651985931,0.009235913718835684,13
2,15,1373,0.9697077690662865,0.9661952018046103,0.009585215264271967,13
2,14,1373,0.9697077690662865,0.9665430957733168,0.010024826493937784,13
2,59,1373,0.9697077690662865,0.9677119933998051,0.008960413109032266,13
2,60,1373,0.969648372535044,0.9676853367587509,0.008968737059246858,13
2,84,1373,0.969648372535044,0.9665420514387014,0.009188171519198533,13
2,83,1373,0.969648372535044,0.9665659405930254,0.009192678564097058,13
2,69,1373,0.9696483725350439,0.9668024823833804,0.009076289868451097,13
2,39,1373,0.9695889760038013,0.9669743015359551,0.008989471991765564,13
2,90,1373,0.9695295794725589,0.9664694962913066,0.009057137721675806,13
2,37,1373,0.9695295794725588,0.9671641354606431,0.00892603989942411,13
2,64,1373,0.9695295794725588,0.9668388513363567,0.009033704178722877,13
2,23,1373,0.9695295794725587,0.9660171949694403,0.00921018399316796,13
2,80,1373,0.9694701829413164,0.96646116772275,0.00931641295632279,13
2,38,1373,0.9694701829413161,0.9670440108715234,0.009006427576785308,13
2,22,1373,0.9694701829413161,0.9660980003602956,0.00928710211626441,13
2,62,1373,0.9694107864100736,0.9674750077672388,0.00882496623352852,13
2,55,1373,0.9694107864100736,0.9675702771925151,0.008874771159994755,13
2,82,1373,0.9694107864100736,0.9664684780650568,0.009163954452840272,13
2,24,1373,0.9694107864100736,0.9659516107556023,0.009415057128423906,13
2,89,1373,0.9693513898788311,0.9664055830128531,0.00902599732345063,13
2,86,1373,0.9693513898788311,0.9665777937909087,0.009134104874793434,13
2,63,1373,0.9693513898788311,0.9672335576041918,0.00896722665075091,13
2,29,1373,0.9692919933475885,0.9671490448254526,0.008609545992755855,13
2,81,1373,0.9692919933475885,0.9664468603385211,0.00916710991062962,13
2,74,1373,0.9692919933475885,0.9666814178931072,0.009230216429046936,13
2,71,1373,0.9692919933475885,0.9668597380286619,0.009069289536132966,13
2,40,1373,0.9692919933475885,0.9670937734159402,0.009241110989952634,13
2,35,1373,0.9692919933475885,0.9673044940329332,0.008856460309239502,13
2,85,1373,0.969232596816346,0.9664514815191937,0.009236331711301286,13
2,78,1373,0.969232596816346,0.966652933666476,0.009204826843324064,13
2,79,1373,0.9692325968163459,0.9664783209188056,0.00932277321717279,13
2,21,1373,0.9692325968163459,0.9659909299538666,0.009076791514346403,13
2,87,1373,0.9691732002851035,0.9665874016693689,0.009086002141687952,13
2,43,1373,0.9691732002851035,0.9668190611953976,0.009325291333978095,13
2,66,1373,0.9691732002851033,0.9666067479681165,0.009084530865396028,13
2,42,1373,0.9691732002851033,0.9667906291854973,0.009514228316378484,13
2,54,1373,0.9691732002851032,0.9672722763100525,0.008975025686425168,13
2,44,1373,0.9691138037538607,0.9668173641516479,0.00932619508569058,13
2,88,1373,0.9690544072226183,0.9665231750905307,0.009004742063100165,13
2,75,1373,0.9690544072226182,0.9663144126009415,0.009195559044495002,13
2,70,1373,0.9690544072226182,0.9667267420154091,0.009115741849793812,13
2,50,1373,0.9689950106913756,0.9673574156895611,0.008904296986151299,13
2,41,1373,0.9689950106913756,0.9669389508092288,0.00942314032717353,13
2,73,1373,0.9689950106913756,0.9666477642101305,0.0092196202745998,13
2,65,1373,0.9689356141601331,0.9666434041131119,0.009001718966028947,13
2,52,1373,0.968935614160133,0.9672313122847691,0.009090927858897532,13
2,12,1373,0.9688168210976479,0.9652537341489587,0.010291460845881707,13
2,10,1373,0.9687574245664053,0.9651860351575249,0.009854617965637743,13
2,53,1373,0.9687574245664052,0.9671931679629471,0.008957104173068857,13
2,26,1373,0.9687574245664052,0.9662995830494049,0.009243951227985334,13
2,16,1373,0.9686980280351628,0.9664449805362135,0.009321843219840174,13
2,72,1373,0.9686980280351628,0.9667121996558917,0.009199566095418806,13
2,13,1373,0.9686386315039202,0.9656097739276642,0.010216059348141994,13
2,20,1373,0.9686386315039202,0.9661238737503882,0.009250905427580626,13
2,11,1373,0.9686386315039202,0.96497278202909,0.010333282357343612,13
2,76,1373,0.9686386315039202,0.9659804082826178,0.009392782726104413,13
2,51,1373,0.9685792349726776,0.9670282153104677,0.00910806011704154,13
2,25,1373,0.9685792349726775,0.9661567702907687,0.00915860895520767,13
2,45,1373,0.9685341980423948,0.9667823006169405,0.009325927780404758,13
2,18,1373,0.9684010453789498,0.9659829669024252,0.009270325290182086,13
2,28,1373,0.9682822523164648,0.9667781754952104,0.0087311390316716,13
2,9,1373,0.9682228557852222,0.9646226949576914,0.009917133928195819,13
2,27,1373,0.9682228557852222,0.9664909051509194,0.008902134521729298,13
2,17,1373,0.9681634592539796,0.9660220511254011,0.009319880668882124,13
2,49,1373,0.9679337056386237,0.966951770016631,0.009019052992487694,13
2,47,1373,0.9679258731290092,0.9665099642576478,0.009215417084833312,13
2,19,1373,0.9679258731290092,0.9657158261078432,0.009339732256628637,13
2,46,1373,0.9677476835352814,0.9664669115631339,0.009246482231540194,13
2,48,1373,0.9677476835352814,0.9666796686326264,0.008872065478248222,13
2,8,1373,0.9674507008790686,0.9650374263417741,0.009801016311380742,13
3,33,1373,0.9577690662865288,0.9555136429263301,0.010932635091815482,13
3,32,1373,0.9577096697552863,0.9555896965946861,0.010924187874890731,13
3,58,1373,0.9575908766928012,0.955952759523679,0.010018559837258845,13
3,34,1373,0.9575314801615585,0.9554177991170153,0.01074912844372241,13
3,35,1373,0.9574851378130066,0.9555839266459367,0.010733528730298125,13
3,56,1373,0.9574720836303161,0.9559524462232943,0.010081828391858639,13
3,59,1373,0.9573049900918753,0.9555872162999748,0.009973487385594062,13
3,31,1373,0.9571848916111211,0.9550436923494656,0.01097542320226576,13
3,57,1373,0.9571751009741032,0.9559216905688753,0.010023697531749013,13
3,55,1373,0.957056307911618,0.9559163122456067,0.010085880894035079,13
3,13,1373,0.9570563079116179,0.9540169286641133,0.012759962809297474,13
3,36,1373,0.9568846454092356,0.9548823687597744,0.010866627640121692,13
3,27,1373,0.9568781183178903,0.9541385936467904,0.010995917720183665,13
3,26,1373,0.9568781183178902,0.9538892326490331,0.01104880220576581,13
3,60,1373,0.9568245961688584,0.9552700518773221,0.009955766741482266,13
3,20,1373,0.9567044976881043,0.9532395520848835,0.011160194965566502,13
3,30,1373,0.9565811356616774,0.9550216307807183,0.010891867266706611,13
3,49,1373,0.9565811356616774,0.9551697957542576,0.010436111009854135,13
3,15,1373,0.9565811356616774,0.9539640331158507,0.011729689464586215,13
3,21,1373,0.9564042514862188,0.9533532540161193,0.011215493787277375,13
3,61,1373,0.9564042514862187,0.9551433218717611,0.010008674834963354,13
3,54,1373,0.9564042514862187,0.9554337252198977,0.010187655276376708,13
3,19,1373,0.9564029460679497,0.9532035486490227,0.011377217984840673,13
3,28,1373,0.956343549536707,0.9543885812453169,0.010802601337537148,13
3,16,1373,0.9562841530054645,0.9530517807210609,0.011722409545136155,13
3,29,1373,0.9562247564742219,0.9546390126860548,0.010962420796060038,13
3,40,1373,0.9562247564742219,0.9545652826622179,0.01116404814830645,13
3,37,1373,0.9562241037650874,0.9545577634529878,0.011022586984718507,13
3,17,1373,0.9561640545247103,0.9531897112153707,0.011667435318770233,13
3,22,1373,0.9560465668804942,0.9530870270143257,0.011318947716754492,13
3,39,1373,0.9560439560439561,0.95467499001355,0.011168041842546437,13
3,86,1373,0.9559238575632019,0.9548193692741092,0.010515945442425888,13
3,70,1373,0.9558683772867665,0.954568859508275,0.010269336019642604,13
3,46,1373,0.9558683772867664,0.9541299778862146,0.010833311937147814,13
3,53,1373,0.9558638083228248,0.9550521253514839,0.010438017230998919,13
3,87,1373,0.9558638083228247,0.9548790791057362,0.010342579650800106,13
3,18,1373,0.9558037590824476,0.9526915636038943,0.011501195049094158,13
3,50,1373,0.9558037590824475,0.954852213597759,0.010459427989252486,13
3,88,1373,0.9558037590824475,0.9547707816061343,0.0103683375311596,13
3,25,1373,0.9557495842242812,0.9537473336831854,0.011195673441993985,13
3,41,1373,0.9557437098420705,0.9540809985927591,0.01123172087874343,13
3,69,1373,0.9556901876930388,0.9545145279999164,0.01024740127140369,13
3,42,1373,0.9556901876930388,0.9540020730042112,0.011088207437509249,13
3,14,1373,0.9556901876930387,0.9531789806771989,0.012420150254029295,13
3,38,1373,0.9556901876930387,0.9545457536049127,0.010920418163745511,13
3,71,1373,0.9556307911617962,0.9542282236651445,0.0103640523836744,13
3,24,1373,0.9556307911617962,0.9535148647978298,0.011225532556051849,13
3,48,1373,0.9556307911617962,0.9545759348752934,0.010581708783321847,13
3,51,1373,0.9556236113613162,0.9550269046705254,0.010451641563396626,13
3,52,1373,0.9555713946305535,0.9548956840261188,0.010483963325421479,13
3,10,1373,0.9555635621209392,0.9522916617713482,0.012867441302622355,13
3,45,1373,0.955503512880562,0.9541062192737173,0.011048852889388991,13
3,44,1373,0.9554526015680684,0.9542137596307232,0.011057560585923673,13
3,68,1373,0.9554526015680684,0.9545662747801024,0.01015606260586379,13
3,62,1373,0.955443463640185,0.9548297081868001,0.010082071809845458,13
3,47,1373,0.9554434636401848,0.9540177119150747,0.010752881075335513,13
3,43,1373,0.9553834143998079,0.9541802364895737,0.011032789562368953,13
3,89,1373,0.9553834143998079,0.9547940441596893,0.010362300941860603,13
3,85,1373,0.9553233651594307,0.9545282087833763,0.010596109066311308,13
3,77,1373,0.9553233651594307,0.9544825452523245,0.01031990118948905,13
3,75,1373,0.9552744119743407,0.954194021706495,0.01036896458357928,13
3,12,1373,0.9552633159190537,0.9523726499207611,0.012841508462455645,13
3,73,1373,0.9551556189118555,0.9540520966322821,0.010399362194690018,13
3,74,1373,0.9551556189118555,0.9542815630556185,0.010400209639297905,13
3,9,1373,0.9551432174382994,0.9526512783961109,0.012604729986209453,13
3,72,1373,0.955096222380613,0.9540373715142068,0.010336195468902507,13
3,76,1373,0.955096222380613,0.9542921108352327,0.010395893394184487,13
3,67,1373,0.9549774293181278,0.954537712228375,0.010101433368736638,13
3,79,1373,0.954903020476791,0.9542746965555233,0.010531650169071911,13
3,84,1373,0.954903020476791,0.9541589842801532,0.010598412982370813,13
3,63,1373,0.9548586362556427,0.9544452102898289,0.010021872374220414,13
3,11,1373,0.9547228727556597,0.9523386046123038,0.01274156292621116,13
3,78,1373,0.9547228727556596,0.9541649108790948,0.010609515564096521,13
3,80,1373,0.9547228727556596,0.9541503685195775,0.010496291072504589,13
3,81,1373,0.9547228727556596,0.9543529172182059,0.010533445348123767,13
3,66,1373,0.954680446661915,0.9544159689206019,0.010055897906908187,13
3,83,1373,0.9546628235152825,0.9541353562094831,0.010529783478108564,13
3,90,1373,0.9546628235152825,0.9545934013717335,0.010516554930372441,13
3,82,1373,0.9546027742749055,0.9544217127609858,0.010498618031509794,13
3,64,1373,0.9545022570681871,0.9543019014722508,0.010036480058190012,13
3,65,1373,0.9544428605369446,0.9541801842728427,0.010030571623504254,13
3,23,1373,0.9542052744119744,0.9529688083358788,0.011376201281546835,13
3,8,1373,0.9536419864288717,0.9516924486774808,0.012575002034796282,13
4,57,1373,0.9496911380375386,0.9475844801432827,0.010123103506514672,13
4,25,1373,0.9495129484438108,0.9456087818097797,0.011630013770296283,13
4,26,1373,0.9494535519125683,0.9460127826556907,0.011586511480088829,13
4,55,1373,0.9494535519125683,0.9475173816442526,0.010009182018431513,13
4,14,1373,0.949438539602474,0.9465526775434117,0.012628752037385185,13
4,58,1373,0.9493184411217198,0.9471897216587166,0.010086709924125258,13
4,54,1373,0.9492753623188406,0.9475532806466521,0.010208380020194694,13
4,38,1373,0.9492753623188406,0.9468924257021192,0.011368938127229557,13
4,34,1373,0.9492583918813428,0.9474748511170464,0.011326374496011536,13
4,48,1373,0.9491565692563554,0.9470732522407505,0.010439083687624098,13
4,56,1373,0.9491565692563554,0.9473531078092732,0.010144068154311054,13
4,50,1373,0.9490377761938703,0.9466872661669525,0.010453891065348898,13
4,12,1373,0.9490181949198343,0.9463645145541083,0.013217854693278701,13
4,39,1373,0.9489783796626277,0.9466507405637841,0.011242124818376593,13
4,53,1373,0.9489189831313852,0.9471999822463114,0.010253130795635052,13
4,60,1373,0.9489189831313851,0.9464542228975588,0.01032714819423719,13
4,51,1373,0.9489189831313851,0.9467283607340627,0.010374450168793488,13
4,42,1373,0.9489189831313851,0.9462498988300843,0.011065961112035507,13
4,35,1373,0.9489189831313851,0.9467258021142555,0.011305556966741083,13
4,47,1373,0.9488380471987029,0.9463643317955506,0.010502318361006178,13
4,41,1373,0.9488380471987029,0.9459750560677146,0.011058888079154654,13
4,86,1373,0.9488001900689,0.9470964886859399,0.009853612617836686,13
4,52,1373,0.9488001900688999,0.9468911463922156,0.010343018739672057,13
4,13,1373,0.9487779979583258,0.9453592119450994,0.01309276398371536,13
4,30,1373,0.9487407935376574,0.9472865314775507,0.011340886572626836,13
4,31,1373,0.9487407935376574,0.9478542056660375,0.011501197685607274,13
4,69,1373,0.9486813970064149,0.9461311318759644,0.010283205448268414,13
4,32,1373,0.9486813970064147,0.9476253136267393,0.01138067146051724,13
4,36,1373,0.9486578994775716,0.9465467509444702,0.011372667125746288,13
4,29,1373,0.9486220004751723,0.9470206177761418,0.011427382347106019,13
4,33,1373,0.9486220004751722,0.9474528939817607,0.011221169753150276,13
4,66,1373,0.9485978502371946,0.9458206250864839,0.010276953905771715,13
4,28,1373,0.9485378009968175,0.9467742331320379,0.011322341801517127,13
4,40,1373,0.9484777517564402,0.9460047412791532,0.011310057408975567,13
4,49,1373,0.9484438108814446,0.9465675854200444,0.010563873977025642,13
4,27,1373,0.9484438108814446,0.9464543795477509,0.011282531195552599,13
4,15,1373,0.9484177025160633,0.9455285246945972,0.012220654683620281,13
4,88,1373,0.9484177025160632,0.9469521616421119,0.009794245520746188,13
4,87,1373,0.948417702516063,0.9470362305786398,0.00989207856328639,13
4,59,1373,0.9483844143502019,0.9465904824564839,0.010244732295323399,13
4,46,1373,0.9483250178189595,0.9458416162122504,0.010715161343061453,13
4,90,1373,0.9482976040353089,0.9469383764251904,0.010054725472009383,13
4,89,1373,0.9482976040353089,0.9469029473733679,0.009988926392024174,13
4,67,1373,0.9482976040353089,0.9458249851835027,0.01030398449494131,13
4,24,1373,0.9482656212877169,0.945434012411917,0.01193206701247849,13
4,18,1373,0.9482656212877167,0.9454209582292263,0.011745953662405497,13
4,61,1373,0.9482656212877167,0.9461100885334669,0.010201907755730624,13
4,68,1373,0.9482656212877167,0.9457800526866813,0.010357180425214945,13
4,37,1373,0.9481775055545547,0.9464412731483294,0.01132887508504165,13
4,85,1373,0.9481468282252317,0.9471891472746782,0.009927541596865777,13
4,20,1373,0.9481468282252317,0.9449463342549587,0.0115615614428473,13
4,70,1373,0.9481468282252317,0.9459209595346445,0.010220459391793882,13
4,62,1373,0.9480280351627465,0.9458140196700424,0.01015060598038588,13
4,23,1373,0.9479686386315039,0.9452353799680957,0.012045205294179826,13
4,44,1373,0.9479686386315039,0.9458845383649376,0.011047494228789735,13
4,16,1373,0.9479686386315038,0.9453147493988548,0.012320852876251174,13
4,63,1373,0.9479686386315038,0.9454299395069172,0.010250682101381914,13
4,43,1373,0.9479092421002613,0.9460446087530905,0.011031951496825437,13
4,45,1373,0.9478498455690187,0.9459588688811783,0.010814420358156341,13
4,9,1373,0.947817210112292,0.9445093063268402,0.012916447282777677,13
4,73,1373,0.947757160871915,0.9460136964484789,0.010188252367975714,13
4,19,1373,0.9476971116315379,0.9451436873888762,0.011580826802798289,13
4,74,1373,0.9476370623911609,0.945763108357549,0.01007910204648702,13
4,17,1373,0.9476122594440486,0.9444266733504084,0.012100496838844798,13
4,72,1373,0.9475528629128058,0.9457498975246659,0.010305151770871265,13
4,64,1373,0.9475169639104065,0.9453220075244309,0.010301849383548627,13
4,8,1373,0.9474569146700295,0.9446438688420158,0.0125789305506718,13
4,84,1373,0.9474340698503207,0.946619306091865,0.010003418781113759,13
4,10,1373,0.9473968654296523,0.9443029980235965,0.012717108937964367,13
4,65,1373,0.9472767669488982,0.9455772951211298,0.010277215090333403,13
4,21,1373,0.9471964837253504,0.9448261052323775,0.01166952352985543,13
4,76,1373,0.9471566684681438,0.946009858518768,0.009858072998721509,13
4,75,1373,0.9471566684681438,0.9458127664685043,0.010027184939264518,13
4,71,1373,0.9471370871941078,0.9455869813246862,0.010277189824732684,13
4,81,1373,0.9470966192277668,0.9463054835399811,0.00982590026577361,13
4,79,1373,0.9470365699873897,0.945885452157726,0.009953286456961861,13
4,11,1373,0.946840104537895,0.9442840694586951,0.013122621110117392,13
4,80,1373,0.9467963730258812,0.9460594383046272,0.009907201997237556,13
4,22,1373,0.9467363237855042,0.9447268412271975,0.012070200589087893,13
4,83,1373,0.9466162253047499,0.9461114983851975,0.01007657652640356,13
4,77,1373,0.9466025184129246,0.9457591659943761,0.010076205094411326,13
4,82,1373,0.9463760283432414,0.946050248160013,0.01007399334402322,13
4,78,1373,0.9463159791028644,0.9458712492069585,0.010055662836477795,13
6,46,1373,0.9427130246802379,0.9387482344217911,0.010825257761617555,13
6,90,1373,0.9426529754398607,0.9400574645122043,0.010040606728850283,13
6,89,1373,0.9426229508196721,0.9402826491636185,0.010075437279739162,13
6,84,1373,0.9425929261994835,0.9400356379187456,0.01006272766492668,13
6,47,1373,0.9425635542884296,0.9385105438633593,0.010680457294006608,13
6,49,1373,0.9425635542884295,0.9389068427414827,0.010469486467871554,13
6,86,1373,0.9425328769591065,0.9401015093246028,0.010012655501146408,13
6,45,1373,0.9425328769591065,0.9381156809453317,0.011055308633957758,13
6,83,1373,0.9425328769591064,0.9401378782775788,0.010119348061974419,13
6,37,1373,0.942504157757187,0.9383540503212635,0.011730213145676677,13
6,87,1373,0.9424728277187294,0.9399584876990437,0.010115504753983727,13
6,56,1373,0.9424447612259443,0.9394071312389203,0.010113033986216775,13
6,53,1373,0.9424127784783523,0.9399740221764457,0.010214008201800498,13
6,55,1373,0.9423853646947019,0.9396863602066738,0.010123423859412702,13
6,43,1373,0.9423259681634593,0.9376979470992302,0.011210532488154108,13
6,36,1373,0.9422926799975979,0.9384468133434634,0.01179971761699863,13
6,57,1373,0.9422665716322167,0.9388337393184149,0.010290368979923364,13
6,88,1373,0.9422071751009741,0.94008694085672,0.01021455289025803,13
6,85,1373,0.9421725815168439,0.9401351107908485,0.010006533760073405,13
6,82,1373,0.9421477785697315,0.9397379764450328,0.010357880531912191,13
6,48,1373,0.9420883820384891,0.9388804732924476,0.010542243199365104,13
6,40,1373,0.942088382038489,0.9379731292703495,0.011484444897134174,13
6,58,1373,0.9420289855072463,0.9387837417987097,0.0101417816755959,13
6,41,1373,0.9420289855072463,0.937674684545675,0.011328895593375762,13
6,52,1373,0.9419924337957125,0.9398685704886703,0.010337872612492673,13
6,44,1373,0.9419924337957125,0.9377124372420167,0.011087001313453061,13
6,80,1373,0.9419695889760038,0.938957519078688,0.010311484740154258,13
6,50,1373,0.9418507959135187,0.9391565431479901,0.01037585044966181,13
6,81,1373,0.941791399382276,0.9392772943378789,0.010290326383608188,13
6,51,1373,0.9417522368342041,0.9393954607995948,0.01050025085050295,13
6,42,1373,0.9417320028510334,0.93767397961981,0.011322943455298,13
6,54,1373,0.9416921875938269,0.939647275983698,0.010229712329440402,13
7,83,1373,0.9416726063197909,0.9369012764379835,0.01180482510511802,13
6,79,1373,0.9415538132573057,0.9390891574569408,0.010202104481388242,13
7,85,1373,0.9414944167260633,0.9371030157772853,0.011912129265518163,13
7,84,1373,0.9414944167260633,0.9370150828026808,0.011853520515053373,13
7,82,1373,0.9414944167260632,0.9369156360389432,0.011983618550799739,13
6,67,1373,0.941494416726063,0.9385164965706662,0.010124566677136682,13
6,39,1373,0.9414350201948207,0.9375610087228051,0.011557421430940872,13
6,65,1373,0.9413919413919414,0.9383778089337604,0.010134055662212923,13
6,29,1373,0.9413318921515642,0.939461071121798,0.01181656162236149,13
6,59,1373,0.9412568306010929,0.9384663424007686,0.010213481433005598,13
6,32,1373,0.94121179367081,0.9391975854983694,0.011710055830008557,13
6,74,1373,0.9411974340698503,0.9387923053425549,0.010049250597796003,13
6,66,1373,0.9411974340698502,0.9382923040371367,0.010116342856354503,13
6,68,1373,0.9411380375386078,0.9381927789483028,0.009979115730317095,13
6,38,1373,0.9411380375386078,0.9375881092060706,0.011822681216937312,13
6,75,1373,0.9411380375386077,0.9386695699168969,0.010147920266543228,13
6,64,1373,0.9410916951900559,0.9383586453935706,0.010078098105814752,13
5,30,1373,0.9410786410073653,0.9390629446580979,0.012781128456072972,13
7,88,1373,0.9410786410073652,0.9372207122884244,0.01183648807704645,13
6,63,1373,0.941078641007365,0.9382113158877234,0.010147363423449598,13
6,78,1373,0.941078641007365,0.93878170534621,0.010246341522460877,13
6,34,1373,0.9410316459496787,0.9380847164239896,0.01185750894590373,13
6,33,1373,0.9410316459496787,0.9383875473540477,0.011737057021464471,13
6,60,1373,0.9409598479448801,0.9382228296768568,0.010165156477072456,13
6,12,1373,0.9409598479448801,0.9366417853944583,0.013076087341521062,13
7,90,1373,0.94095984794488,0.9371527522133367,0.011715923839011655,13
6,61,1373,0.9409004514136375,0.9381298316793685,0.010176734921834575,13
7,86,1373,0.9409004514136374,0.9369341990867294,0.011933321207401823,13
6,77,1373,0.9409004514136374,0.9385120059318206,0.010269024815170906,13
6,76,1373,0.9408410548823949,0.9385886339842149,0.010273793696471967,13
6,62,1373,0.9407816583511524,0.9379339928306429,0.010147265694109484,13
5,33,1373,0.9407222618199098,0.9387546048629442,0.012560493325834593,13
7,87,1373,0.9407222618199097,0.9370177980726805,0.011909933485241745,13
5,24,1373,0.940671350507416,0.9360843195768357,0.01289767240823667,13
5,41,1373,0.9406628652886672,0.9377204525101888,0.01221922737137387,13
6,69,1373,0.940611301267039,0.9379302071176625,0.010002967285504748,13
6,35,1373,0.9406034687574246,0.9377766116041241,0.011738739966832166,13
7,89,1373,0.9406034687574245,0.937093825632671,0.011865671257494229,13
6,70,1373,0.9405512520266619,0.9380208814706319,0.010057413124097562,13
5,25,1373,0.940544072226182,0.9364336233972728,0.012588637987903105,13
7,80,1373,0.940544072226182,0.9359239358882979,0.012147447548684537,13
6,71,1373,0.9404912027862847,0.9383105537845381,0.010076195794339684,13
6,30,1373,0.9404912027862847,0.939379795780366,0.011963466670064734,13
6,13,1373,0.9404846756949394,0.9355098049966191,0.012903668106644414,13
7,81,1373,0.9404846756949394,0.9363226367360366,0.012168805564920202,13
6,72,1373,0.9404311535459076,0.9382511311449301,0.010088579286237406,13
5,34,1373,0.9404252791636969,0.9379510677016024,0.012694862170368786,13
6,73,1373,0.9403711043055305,0.9383438158420339,0.01009281302868775,13
7,79,1373,0.9403658826324544,0.9357446758515896,0.012117666673976334,13
5,29,1373,0.9403064861012118,0.9384301562063502,0.012488601451074855,13
5,32,1373,0.9403064861012118,0.9386234625436336,0.012388404390872158,13
5,28,1373,0.940128296507484,0.9379969400995773,0.012475368166548005,13
5,35,1373,0.940128296507484,0.9377883342601803,0.012716131377272889,13
7,78,1373,0.940128296507484,0.9357898172153339,0.012008848635860865,13
5,38,1373,0.9400688999762414,0.9380076706377491,0.012608444472678232,13
6,28,1373,0.9400095034449989,0.9389646727708025,0.011718679979576934,13
6,27,1373,0.9400095034449988,0.9385622384268144,0.011557965909380482,13
5,37,1373,0.9399501069137564,0.9383797931695296,0.01271968949284942,13
6,16,1373,0.9399501069137564,0.9355489936530563,0.012797695170652719,13
6,14,1373,0.9398907103825137,0.9353778533179816,0.01309193042011345,13
6,17,1373,0.9398907103825137,0.9354390513264356,0.012487021890236058,13
5,36,1373,0.939831313851271,0.9374781407710845,0.012610073528169275,13
5,13,1373,0.9397719173200285,0.937551844686556,0.01370918211419768,13
6,24,1373,0.9397706119017595,0.9368413577394332,0.012060738460342679,13
5,27,1373,0.939712520788786,0.9375810338390526,0.012550974953038562,13
6,26,1373,0.939712520788786,0.938003206107269,0.01173573960280555,13
7,77,1373,0.939712520788786,0.9354062070027858,0.012138330344688024,13
6,31,1373,0.9397105626613824,0.9389133698328281,0.01169184237811846,13
6,18,1373,0.9396531242575434,0.9353163681175086,0.012446117174478775,13
6,25,1373,0.9395937277263008,0.9374016432605172,0.011945107988996409,13
5,46,1373,0.9395343311950582,0.9375183476537717,0.011886637321114269,13
5,31,1373,0.9394155381325731,0.9388893501366773,0.01260278239471845,13
6,23,1373,0.9394103164594968,0.9363589795806475,0.01220434591974533,13
6,15,1373,0.9393561416013305,0.9348440677877599,0.012917933791391719,13
5,47,1373,0.9393561416013305,0.938389479373086,0.011864061650406429,13
5,42,1373,0.939296745070088,0.9373509147065812,0.012237250746804677,13
5,26,1373,0.9392967450700879,0.9371401418728574,0.012552519649473097,13
5,43,1373,0.9391779520076028,0.9371550236411248,0.012251220110919047,13
5,49,1373,0.9391185554763601,0.9383358527905926,0.01176156138001606,13
5,22,1373,0.9390591589451176,0.9356418088919872,0.013194686537993721,13
5,40,1373,0.9389997624138751,0.9372315994767884,0.012413234277140481,13
5,23,1373,0.9389997624138751,0.9359734112406956,0.013184145255874647,13
5,44,1373,0.9389403658826325,0.9371218921254558,0.012137689137161142,13
6,11,1373,0.9389403658826325,0.9356034034865113,0.013720243918404686,13
7,76,1373,0.9389403658826325,0.935177419396949,0.012210027431334819,13
5,55,1373,0.9388809693513899,0.9388426683793755,0.011412030800410035,13
5,54,1373,0.9388215728201472,0.9391185032596294,0.011181395557622,13
6,10,1373,0.9387621762889049,0.9358151684381193,0.013931003838341257,13
5,56,1373,0.9387621762889047,0.9388826663951397,0.011286066269309437,13
5,12,1373,0.9387027797576621,0.9358709359065739,0.0145835584646068,13
5,39,1373,0.9387027797576621,0.9372652792681302,0.012692119343939327,13
5,90,1373,0.9386433832264196,0.9395055336680425,0.010946014019002043,13
5,51,1373,0.9386433832264196,0.9383258532866516,0.01150371863125269,13
5,20,1373,0.9386433832264195,0.9349569864680342,0.012618549440484725,13
5,53,1373,0.9385839866951771,0.9390441727433887,0.011252291433777466,13
5,15,1373,0.9385696270942173,0.935605309397184,0.013379052911320332,13
6,19,1373,0.9385245901639345,0.9350857529260951,0.01229943252877685,13
5,48,1373,0.9385245901639345,0.938199697665129,0.011938190482955982,13
5,19,1373,0.9385095778538403,0.9349896480331265,0.012630127095539994,13
7,53,1373,0.9385095778538403,0.935501789728447,0.012093167531025923,13
7,54,1373,0.9384651936326919,0.9354611128951827,0.011967841893398758,13
6,22,1373,0.9384651936326919,0.9360741112059715,0.01251868949851388,13
7,73,1373,0.9384651936326919,0.935191596239351,0.012000691075323972,13
5,89,1373,0.9384651936326918,0.9393933460219988,0.011074902496429888,13
5,50,1373,0.9384057971014493,0.9382790670958882,0.01154085205752827,13
7,75,1373,0.9384057971014492,0.935168046493777,0.012160524654275634,13
5,57,1373,0.9383464005702067,0.9385050088898984,0.011237481248532888,13
5,84,1373,0.9383464005702067,0.9391261530106861,0.011098061570250159,13
5,45,1373,0.9383464005702067,0.937133666998243,0.012040014845663121,13
5,11,1373,0.9383294301327088,0.9364382445779451,0.014922818735216184,13
5,85,1373,0.9382870040389641,0.9391693623553924,0.011009153595123958,13
5,52,1373,0.9382276075077216,0.9384331586683688,0.011381071922641003,13
5,17,1373,0.9381682109764791,0.9357822718977389,0.013012214776702544,13
6,20,1373,0.9381682109764791,0.9348711943793911,0.012768172137167992,13
5,87,1373,0.9381088144452363,0.9392258608580775,0.010947345276750231,13
5,86,1373,0.9381088144452363,0.9391757327965453,0.011044918496412185,13
6,21,1373,0.9379306248515087,0.9355631704954583,0.012741139930091017,13
5,21,1373,0.9379306248515087,0.9347828436709407,0.01298485689415566,13
5,58,1373,0.9379306248515087,0.937995686898039,0.011456135210905211,13
5,59,1373,0.9378712283202661,0.9378713066453622,0.011372981226085222,13
5,61,1373,0.9378712283202661,0.9369947443860487,0.011493851824596094,13
5,14,1373,0.937871228320266,0.9359041979640697,0.013341048786734372,13
5,18,1373,0.9378118317890236,0.9354113764591312,0.012530719960044873,13
5,88,1373,0.9378118317890235,0.9392314741566343,0.0110292771042288,13
7,74,1373,0.9378118317890235,0.9351103470062841,0.012131199585268624,13
5,60,1373,0.937752435257781,0.937534587057039,0.011460732888521046,13
5,83,1373,0.9377524352577808,0.9387279482218898,0.01109961622704201,13
7,52,1373,0.9376336421952959,0.9355730655659381,0.011995478211077154,13
7,64,1373,0.9376088392481836,0.9347960283954584,0.012045909987798352,13
5,16,1373,0.9375742456640533,0.934968056414956,0.013192926069851169,13
7,55,1373,0.9375487900078063,0.9351065090765732,0.01194193074642216,13
5,82,1373,0.9375148491328106,0.9382896670922329,0.011185369692488754,13
6,8,1373,0.9374286915270522,0.9339447390338339,0.013175629523339668,13
7,51,1373,0.9372772630078403,0.9355994611233386,0.01206066248946062,13
5,80,1373,0.9372772630078403,0.9382231951939721,0.011070339747531206,13
6,9,1373,0.9372485438059209,0.9340033000973843,0.013788734485153194,13
7,62,1373,0.9372485438059208,0.9344545831930009,0.01182642424446286,13
7,72,1373,0.9372178664765978,0.9347513047655599,0.011962480612289217,13
7,70,1373,0.9371584699453552,0.934834773209684,0.011866695849358906,13
5,62,1373,0.9371584699453552,0.9367088316767576,0.01154522952842726,13
7,66,1373,0.9371284453251666,0.9351371341891656,0.01201348802701249,13
5,71,1373,0.9370990734141125,0.9372727723689949,0.011362368929283674,13
7,63,1373,0.9370683960847895,0.9346194575203843,0.011993602809424853,13
7,65,1373,0.9370683960847895,0.9346581501178793,0.012032734898184115,13
7,67,1373,0.9370683960847895,0.9346741806542234,0.011992716010962754,13
7,56,1373,0.9370083468444125,0.9347458481171952,0.011965361543452431,13
5,81,1373,0.9369802803516275,0.9380225524060164,0.011195888166565715,13
5,67,1373,0.9369208838203849,0.9373243624989884,0.01163904890126969,13
7,11,1373,0.9368882483636582,0.9319032215112043,0.014739828019134087,13
5,79,1373,0.9368614872891423,0.9377106357648054,0.011289743146057038,13
5,70,1373,0.9368614872891423,0.9373012827039912,0.01141077433562479,13
5,64,1373,0.9368020907578998,0.9370492586529651,0.011402398033306138,13
7,69,1373,0.9368020907578998,0.9346003461969251,0.011934914719805685,13
5,72,1373,0.9367426942266571,0.9376023382652034,0.011303504015577746,13
7,60,1373,0.9367081006425269,0.9339983395079616,0.012036574009677434,13
7,61,1373,0.9367081006425269,0.9340032478806535,0.011921694112318717,13
7,71,1373,0.9366832976954147,0.9345797205882737,0.011987125567314775,13
5,65,1373,0.9366832976954146,0.9374192664071497,0.011385359390982,13
5,75,1373,0.9366832976954145,0.9378337105992129,0.011226425397220309,13
7,57,1373,0.9366480514021498,0.9346219117067299,0.012052305583293373,13
5,9,1373,0.936623901164172,0.934403045279738,0.014218671344899137,13
5,69,1373,0.9366239011641719,0.9374294747780136,0.011466448657564283,13
7,68,1373,0.9365051081016869,0.9345362501599136,0.011920121903502215,13
5,68,1373,0.9365051081016869,0.9377316268905719,0.01140728170572527,13
5,78,1373,0.9365051081016869,0.9373360329383138,0.011286562477948549,13
7,45,1373,0.9365051081016869,0.9341561123599614,0.012901642730683439,13
5,63,1373,0.9365051081016869,0.9366416026359005,0.011414407387259273,13
7,59,1373,0.9364679036810184,0.9340414966359372,0.01192564222048535,13
5,74,1373,0.9364457115704443,0.9375287648915589,0.0114012387415969,13
5,66,1373,0.9364457115704443,0.937209381257849,0.011526164028920932,13
5,76,1373,0.9363863150392018,0.9375275116900206,0.011281407448901907,13
5,77,1373,0.9363863150392017,0.9374464452155116,0.011306801489930286,13
7,50,1373,0.9363863150392017,0.9350265913701411,0.012075740891058919,13
7,58,1373,0.9363478052002643,0.9344047162151226,0.012034795021924345,13
5,73,1373,0.9361487289142314,0.9375026304178121,0.011380767149345754,13
5,10,1373,0.9360893323829889,0.9345105073116478,0.014815977500007101,13
5,8,1373,0.9359875097580016,0.9348694712272758,0.014431269245083119,13
7,36,1373,0.9359111427892611,0.9342299990339904,0.014018983675706006,13
7,46,1373,0.9359111427892611,0.9340752286440099,0.01273798946944515,13
7,47,1373,0.9359111427892611,0.9345073481994366,0.012436582202887495,13
7,35,1373,0.9357923497267759,0.9342401812964891,0.01394911442722749,13
7,44,1373,0.935495367070563,0.9335091470658113,0.01292435199978869,13
7,49,1373,0.9353765740080779,0.9345322555800102,0.012183153818922281,13
7,48,1373,0.9352577809455928,0.9343139113203262,0.012383029747969431,13
7,10,1373,0.9352068696330992,0.9310289306796791,0.015159414391064828,13
7,12,1373,0.9349014017581373,0.9308621504416229,0.014578543754075711,13
7,13,1373,0.9348420052268948,0.9306692618381855,0.014643448183458132,13
7,39,1373,0.9347264757100822,0.9339504306574871,0.013576102293529175,13
7,40,1373,0.9346664264697052,0.9335097997749459,0.013609898341261167,13
7,31,1373,0.9346664264697051,0.9345551787248152,0.014133559421091166,13
7,42,1373,0.9344856260394394,0.9329738472503974,0.01319388895249542,13
7,43,1373,0.9344856260394394,0.9329837423208771,0.013049211852432333,13
7,28,1373,0.9343668329769541,0.9341028512945833,0.0142436085213731,13
7,37,1373,0.9343074364457117,0.933361243175926,0.01411168158757856,13
7,29,1373,0.9341259833063111,0.9343803571102218,0.014228932035452998,13
7,38,1373,0.9340698503207414,0.933263415130842,0.013794866081584096,13
7,33,1373,0.9340104537894988,0.9336415164782947,0.014130435828389274,13
7,30,1373,0.934005884825557,0.9343339364365737,0.013976642420592433,13
7,32,1373,0.934005884825557,0.9339975823653657,0.013962676270916435,13
7,41,1373,0.9339510572582561,0.9330169782700075,0.013474697627920949,13
7,9,1373,0.9338916607270136,0.9308439006942215,0.015227905210023467,13
7,15,1373,0.9338916607270136,0.9306502810565533,0.014238215485788944,13
7,14,1373,0.9338257371044256,0.9300661585978763,0.014267805138288679,13
7,27,1373,0.9336455893832943,0.9334941086473517,0.014117290826944877,13
7,34,1373,0.9335855401429172,0.9334616298408175,0.013906108969700676,13
7,16,1373,0.9328819196958897,0.9304951190410921,0.014075365326432021,13
7,17,1373,0.9327631266334048,0.9304629274265769,0.014259036568727597,13
7,22,1373,0.9327037301021621,0.9312042222448494,0.014289957378962806,13
7,26,1373,0.9326848015372606,0.9329049994908868,0.014008914353775355,13
7,23,1373,0.9324067474459492,0.9315675723658619,0.014262466541918348,13
7,21,1373,0.9323473509147067,0.9310696858380393,0.014554949947406633,13
7,8,1373,0.9320503682584937,0.9292551022273047,0.015360923116866034,13
7,20,1373,0.9318127821335235,0.9307070406428924,0.014415727775718352,13
7,18,1373,0.9313970064148254,0.9303186264911141,0.014369994441488036,13
7,25,1373,0.9313637182489641,0.9323901164172014,0.014092080805266565,13
7,19,1373,0.9313376098835828,0.9300075714259606,0.014608999866539095,13
7,24,1373,0.9310634720470786,0.9318056545497742,0.014177678910000662,13
1,19,1374,0.9834283677833214,0.9820833170156049,0.007070762968463131,14
1,15,1374,0.9831907816583512,0.9818552734981816,0.007060452612736615,14
1,30,1374,0.9831862126944094,0.9820039998015764,0.0068269280405318915,14
1,20,1374,0.9831313851271085,0.9818586153689504,0.007167736531481494,14
1,29,1374,0.9830125920646235,0.9818631060077958,0.0068841074604216144,14
1,22,1374,0.9830125920646234,0.9813955835089121,0.007184188624610658,14
1,33,1374,0.9830060649732781,0.9821873066349189,0.006897520426568658,14
1,17,1374,0.9829531955333809,0.9822269782961159,0.0070692991374275895,14
1,32,1374,0.982946015732901,0.9822321999691921,0.006913704159267005,14
1,31,1374,0.982946015732901,0.9822944031497132,0.006831568775808199,14
1,14,1374,0.9827156094084106,0.9812811635976283,0.007371513945037133,14
1,26,1374,0.9827156094084105,0.9815530169521617,0.007118569386550636,14
1,36,1374,0.9827156094084105,0.9817509053075696,0.007162536654493788,14
1,18,1374,0.982656212877168,0.9821358601009349,0.0070390698079807685,14
1,35,1374,0.982656212877168,0.9820410997887832,0.007023528678838292,14
1,21,1374,0.9826562128771679,0.9816533644545049,0.00720425957820591,14
1,34,1374,0.9825857202906383,0.9821794610711216,0.006951284820941946,14
1,37,1374,0.9825374198146828,0.981415373649871,0.007415603054721806,14
1,13,1374,0.9824780232834402,0.9807787603225949,0.007829976191748023,14
1,23,1374,0.9824186267521976,0.9814555413700105,0.0071945603230435225,14
1,28,1374,0.9823592302209552,0.9815887854127341,0.007120470789392564,14
1,27,1374,0.9823592302209551,0.981662685140946,0.007166233161285726,14
1,25,1374,0.9822998336897125,0.9814819499815935,0.007179854317682667,14
1,16,1374,0.9822998336897125,0.9820152525070559,0.007126463138748642,14
1,38,1374,0.9822998336897124,0.9811530498487021,0.007415488413095828,14
1,24,1374,0.9820622475647423,0.9812195348011457,0.0072992542826751565,14
1,39,1374,0.981943454502257,0.9809745600087723,0.007468140155768893,14
1,12,1374,0.9819251786464901,0.9805815377305042,0.007784144738198502,14
1,9,1374,0.981865129406113,0.9803145013693837,0.008080058544919116,14
1,8,1374,0.9816464718460441,0.9801359854210888,0.008173549164783989,14
1,11,1374,0.9815870753148016,0.9801528905876731,0.008039264192371174,14
1,57,1374,0.9815870753148016,0.9788923003819654,0.008130358872803917,14
1,10,1374,0.9815048339638504,0.9801484913281064,0.007722153881542403,14
1,40,1374,0.9815048339638504,0.9804763340722001,0.0077049888367820285,14
1,42,1374,0.9813494891898312,0.9801600181714223,0.00791228095191428,14
1,56,1374,0.9813246862427191,0.9790041486192591,0.008146560305939875,14
1,46,1374,0.9812306961273463,0.9799178108657796,0.007829038631985526,14
1,43,1374,0.9812045877619648,0.9799337369686622,0.007933444040219189,14
1,53,1374,0.9812045877619648,0.9790589631323773,0.008252274527625126,14
1,51,1374,0.9812045877619648,0.9794320386194941,0.007959092110947136,14
1,49,1374,0.9811445385215878,0.9796082178690875,0.00792793305034147,14
1,45,1374,0.9811445385215877,0.9798291860194925,0.007845437345943725,14
1,52,1374,0.981111903064861,0.9792157699748577,0.008129491795029023,14
1,59,1374,0.9810244400408334,0.9783014028024719,0.008371120110075656,14
1,44,1374,0.9809931100023759,0.9799266093849132,0.007853315379431203,14
1,41,1374,0.9809931100023759,0.9802290486894906,0.0078532328239379,14
1,54,1374,0.9809643908004564,0.9790420318574273,0.008175085828080936,14
1,50,1374,0.9809337134711332,0.9794535519125682,0.008015765306857624,14
1,47,1374,0.9809043415600793,0.979622459982403,0.008041996956638054,14
1,55,1374,0.9809043415600792,0.9788896895454273,0.008236225128105335,14
1,58,1374,0.980814920408648,0.978057929241108,0.008332415979493584,14
1,48,1374,0.9807555238774055,0.9796008683642325,0.008005966414161502,14
1,60,1374,0.9807555238774055,0.9780436740736098,0.008495860961001871,14
1,63,1374,0.9804239476370624,0.977798255439025,0.008634367963355998,14
1,61,1374,0.98039914468995,0.977915207861751,0.008555343764233624,14
1,64,1374,0.9803038491563082,0.9777220973372078,0.008674152619062896,14
1,62,1374,0.9801237014351768,0.977724538469371,0.00865272810815569,14
1,68,1374,0.9800036029544226,0.9773478469736487,0.008934263274357387,14
1,71,1374,0.9800036029544226,0.977143157389059,0.00900327963808809,14
1,66,1374,0.9799239724400095,0.9774097760163335,0.008846897735491252,14
1,67,1374,0.9798234552332913,0.9773502619974466,0.008877754461364034,14
1,80,1374,0.9797033567525371,0.9764396283213104,0.009329988591500438,14
1,81,1374,0.9796433075121599,0.9764610763434711,0.009385272042485973,14
1,69,1374,0.9795832582717828,0.9768970860453398,0.008831268972643016,14
1,82,1374,0.9795832582717828,0.9763799968147794,0.00940319699814535,14
1,84,1374,0.979567593252554,0.9764277229066964,0.0094293639795163,14
1,74,1374,0.979567593252554,0.9765564502022093,0.009061132572643169,14
1,83,1374,0.979567593252554,0.9763967061686235,0.009434604453611035,14
1,65,1374,0.9795232090314057,0.9770614643137808,0.008715814117843636,14
1,70,1374,0.9795232090314057,0.9767137400494492,0.008852610266591766,14
1,75,1374,0.9795081967213114,0.9765469728655758,0.009132015762868057,14
1,73,1374,0.9795081967213114,0.9766352060863821,0.00907816064516088,14
1,85,1374,0.9794631597910287,0.9763728953393956,0.009417933790634795,14
1,79,1374,0.9794631597910286,0.9764685172276049,0.009297242176163225,14
1,77,1374,0.9794631597910286,0.9765663191643235,0.009153885946391403,14
1,72,1374,0.9794631597910286,0.9765756920674952,0.009019734333571335,14
1,78,1374,0.9793430613102745,0.9765592699056704,0.009309458361983181,14
1,76,1374,0.9792706105963411,0.9765973097940313,0.009093224123918971,14
1,87,1374,0.979042815108389,0.97630130620152,0.009352124257529454,14
1,88,1374,0.9789827658680118,0.9763775687367989,0.009336123119134272,14
1,89,1374,0.9789736279401283,0.9763751667671837,0.009385616634207205,14
1,86,1374,0.9789227166276346,0.9761844451580731,0.009396737549534425,14
1,90,1374,0.9789227166276346,0.976429850738475,0.009441871523106103,14
2,32,1374,0.9752597129646312,0.9728558374388738,0.008370509390567686,14
2,30,1374,0.9751128534093609,0.9728655889133436,0.008404238528882823,14
2,35,1374,0.9748752672843906,0.9726179510677015,0.008469178332794626,14
2,36,1374,0.9746970776906628,0.9723010085661546,0.008586474968294015,14
2,37,1374,0.9746376811594203,0.9721604802894896,0.008606534157612734,14
2,29,1374,0.97440009503445,0.9724206632046973,0.008338684012460382,14
2,31,1374,0.9744000950344499,0.9727943000216699,0.008310832351087778,14
2,28,1374,0.9742813019719648,0.9721293330095895,0.008508801623970677,14
2,16,1374,0.9742813019719648,0.971693910745942,0.009661768918096938,14
2,34,1374,0.9742813019719648,0.9727053879833637,0.008410749386508067,14
2,17,1374,0.9742219054407224,0.9712981209809435,0.009687733783392232,14
2,33,1374,0.9738785804359575,0.972874517974304,0.00830437904214318,14
2,14,1374,0.9738061297220243,0.971087126226114,0.010090118149955602,14
2,18,1374,0.9736279401282966,0.9713217882141616,0.009338138844402462,14
2,19,1374,0.9736279401282966,0.9713068281207982,0.009364228433695177,14
2,13,1374,0.9735685435970539,0.9705816291097833,0.010141175502130015,14
2,38,1374,0.9735182849936947,0.9717888799250167,0.008771319013419382,14
2,39,1374,0.9735091470658114,0.9715121573603399,0.00896747886610632,14
2,40,1374,0.9735091470658113,0.9714526955581839,0.009141328804403983,14
2,27,1374,0.9733309574720836,0.9714949127850053,0.008780069493881168,14
2,41,1374,0.9733309574720836,0.9712741143389754,0.009203255180231542,14
2,20,1374,0.9732715609408411,0.9712636840470055,0.009240050777946242,14
2,15,1374,0.9732715609408411,0.9712180074617709,0.01020158974756642,14
2,26,1374,0.9731527678783559,0.9712878342849832,0.008972595850417474,14
2,21,1374,0.9729745782846283,0.9711087700610151,0.009216770057430292,14
2,8,1374,0.9729177925899236,0.969427404384639,0.010384253469353566,14
2,43,1374,0.9728577433495466,0.9708139805074942,0.008993837875542546,14
2,49,1374,0.9727976941091695,0.9709334001707487,0.008861118761127778,14
2,9,1374,0.9727376448687923,0.9698314313389151,0.00989384090920159,14
2,48,1374,0.9726775956284153,0.9707709278129806,0.008975586753311051,14
2,50,1374,0.9726775956284153,0.9709309720927684,0.008908332911619627,14
2,10,1374,0.9726775956284153,0.9695851380740903,0.01015583955382996,14
2,11,1374,0.9726775956284153,0.9699647275983697,0.010197694118246035,14
2,12,1374,0.9726775956284153,0.9701455802453665,0.010308565630662106,14
2,47,1374,0.9726175463880381,0.9707017536989025,0.009068984912482144,14
2,42,1374,0.9725588025659302,0.971057206039387,0.009019565614939901,14
2,52,1374,0.9724994060346874,0.970710265026017,0.009096636823419196,14
2,22,1374,0.9724400095034451,0.9710899067670273,0.00897728405196168,14
2,51,1374,0.9723806129722024,0.9705692667987749,0.00901930476763262,14
2,46,1374,0.9723773494265296,0.9708038635159091,0.009095593681436158,14
2,25,1374,0.9722618199097173,0.9712051621460033,0.008851558457747434,14
2,44,1374,0.9721371524650213,0.9708397103015777,0.008960877467498537,14
2,45,1374,0.9721371524650213,0.9709613752842549,0.008964731464324072,14
2,53,1374,0.9719054407222617,0.9705509126179119,0.009003090149806794,14
2,54,1374,0.9717510750119447,0.9704153188223039,0.008942968379281295,14
2,23,1374,0.9716678545972915,0.9708311467577326,0.009103553642443387,14
2,56,1374,0.9716316292403249,0.9702246233215583,0.008989654571090189,14
2,57,1374,0.9716316292403249,0.9698764291066502,0.008933384764746375,14
2,55,1374,0.9715121834687052,0.9703581545563015,0.00887212770282539,14
2,59,1374,0.9712732919254659,0.969333414269266,0.00902600355242603,14
2,70,1374,0.9712732919254659,0.9681851553056114,0.00988460559797185,14
2,58,1374,0.9712732919254659,0.9694741905754023,0.008912470796767635,14
2,60,1374,0.9712732919254657,0.9691879123489956,0.009161503371533933,14
2,65,1374,0.9711538461538461,0.9682802419723303,0.009444370611714192,14
2,69,1374,0.9711538461538461,0.9682230515979624,0.009742249686220379,14
2,72,1374,0.9711332858161084,0.9681945934796968,0.009923142027666984,14
2,24,1374,0.9710144927536233,0.9707817366762486,0.009071648009668443,14
2,64,1374,0.9709149546106068,0.9683847145964039,0.009408367147750427,14
2,68,1374,0.9709149546106068,0.9682015774674363,0.009688454798313676,14
2,76,1374,0.970895699691138,0.9682573449358908,0.009985400477029085,14
2,61,1374,0.9708552317247969,0.9689947757160872,0.009216016304116635,14
2,75,1374,0.9708363031598954,0.9684217754210627,0.009901356770392451,14
2,73,1374,0.9708363031598954,0.9681234481840327,0.009937794286923651,14
2,66,1374,0.9707955088389871,0.9681439563050397,0.009539740515569668,14
2,67,1374,0.9707955088389871,0.968122586607975,0.009590577910992878,14
2,62,1374,0.970795508838987,0.9690116156117583,0.00923733762686997,14
2,63,1374,0.9706760630673674,0.9687636122490008,0.009316846677221637,14
2,74,1374,0.9706581135661677,0.9681856644187364,0.009973606655424808,14
2,77,1374,0.970064148253742,0.9682096057897911,0.010032956400501303,14
2,82,1374,0.9700641482537419,0.9681949459426293,0.010173230573806187,14
2,78,1374,0.9700191113234592,0.9675679796563617,0.010125919603560964,14
2,79,1374,0.9698859586600141,0.9674557397935872,0.010200500659544818,14
2,80,1374,0.9698859586600141,0.9675609303977087,0.010178031000399617,14
2,81,1374,0.9697671655975291,0.9681836540746019,0.010237518057787429,14
2,88,1374,0.9697671655975291,0.968340865596746,0.010167923521897116,14
2,71,1374,0.96972049689441,0.967596072257512,0.009847883081051867,14
2,87,1374,0.9695889760038013,0.9682811818734841,0.010195442584354737,14
2,83,1374,0.9695295794725588,0.9681239181346095,0.010183154352676721,14
2,89,1374,0.9694701829413163,0.9682641853276209,0.010174666393645367,14
2,86,1374,0.9694107864100736,0.9682268242567602,0.010124033793548013,14
2,84,1374,0.969351389878831,0.9681265159169651,0.010187808339522054,14
2,85,1374,0.9692325968163459,0.968076466180529,0.010135522297920524,14
2,90,1374,0.9688246536072623,0.9675559175915555,0.010189048311740575,14
3,34,1374,0.9635305298170587,0.9620545064344067,0.010820462012212715,14
3,33,1374,0.9635305298170587,0.9619329719935565,0.010750931690275304,14
3,30,1374,0.9628771679733903,0.961631211506479,0.01078105533799342,14
3,32,1374,0.96263958184842,0.9618995793942338,0.01080644236271615,14
3,35,1374,0.9625801853171774,0.9617548868332902,0.01100949590445725,14
3,45,1374,0.9622238061297221,0.9596864124234046,0.011816382906124306,14
3,46,1374,0.962223806129722,0.9598200741999743,0.011960703304329986,14
3,29,1374,0.9621050130672368,0.9615932760515797,0.010821793052659031,14
3,31,1374,0.9620456165359943,0.9617353055592542,0.010771004298324366,14
3,48,1374,0.9619862200047518,0.9599796746375506,0.011712306448930516,14
3,51,1374,0.9619862200047516,0.959839759907472,0.011831866228009455,14
3,52,1374,0.9619268234735092,0.9597257838383996,0.011800334339864,14
3,36,1374,0.9619268234735091,0.961609515454847,0.011213636953882798,14
3,49,1374,0.9618674269422666,0.9600936898691711,0.01155594913898809,14
3,54,1374,0.9617486338797815,0.9597878956396418,0.011902880031623255,14
3,44,1374,0.9617486338797814,0.9600481307715805,0.011721724881327838,14
3,47,1374,0.9616892373485388,0.9598200741999743,0.011811696935438553,14
3,50,1374,0.9616298408172963,0.9597150533002279,0.01168492220693156,14
3,37,1374,0.9616298408172962,0.961052650129628,0.011451790527579756,14
3,53,1374,0.9615704442860538,0.9597067508400365,0.01185597511940334,14
3,15,1374,0.9615704442860536,0.960846159067827,0.011829251807310696,14
3,43,1374,0.9615110477548111,0.9600914706581135,0.011819542364527494,14
3,39,1374,0.9615110477548111,0.9608452322208558,0.011659822919741804,14
3,55,1374,0.9614516512235686,0.959774175693634,0.011910479361571615,14
3,40,1374,0.961392254692326,0.9604854589459009,0.011697408790504344,14
3,13,1374,0.961359292881032,0.9605275064683475,0.012146204988675764,14
3,38,1374,0.9612734616298407,0.9607717893890383,0.011530636055541945,14
3,14,1374,0.9611801242236024,0.960284868374676,0.012218501252841005,14
3,56,1374,0.9611546685673557,0.9594412157099257,0.012002491175931908,14
3,57,1374,0.9611546685673557,0.9590837269169415,0.012073262060682296,14
3,58,1374,0.9611546685673557,0.9589669572527734,0.012149073500224497,14
3,28,1374,0.9611546685673555,0.9607432268373108,0.01102753009085884,14
3,27,1374,0.961095272036113,0.9603514185980331,0.01116237209711688,14
3,42,1374,0.9610358755048705,0.9598704502909777,0.011732066753178016,14
3,41,1374,0.9609170824423853,0.9601015745955163,0.011777223728073964,14
3,59,1374,0.9605013067236873,0.958549758628162,0.012235320116630654,14
3,61,1374,0.9603825136612021,0.9583450559893898,0.01226609711814188,14
3,90,1374,0.9603440038222646,0.9581486688649911,0.01323984450676337,14
3,67,1374,0.960263720598717,0.957890352697908,0.012684378991820469,14
3,62,1374,0.960263720598717,0.9580594435263003,0.012404618462486033,14
3,89,1374,0.960263720598717,0.9581585117187399,0.013261829182206522,14
3,77,1374,0.960224558050645,0.9577395246710999,0.01326339385233558,14
3,16,1374,0.960224558050645,0.9600305990042268,0.011700209780926436,14
3,63,1374,0.9602043240674745,0.957732893146293,0.012458379175674633,14
3,66,1374,0.9602043240674745,0.957673470506685,0.012702643402764571,14
3,69,1374,0.9601449275362318,0.9577762330328261,0.012938220428168758,14
3,87,1374,0.9601449275362318,0.9583614912053972,0.013105833172174303,14
3,88,1374,0.9601449275362318,0.9582874087186276,0.013197779784416096,14
3,68,1374,0.9600855310049894,0.9578974933358397,0.01271004393700437,14
3,70,1374,0.9600855310049894,0.9578216876969549,0.01294613832839958,14
3,86,1374,0.9600855310049893,0.958311402306413,0.013055129840071494,14
3,64,1374,0.9600855310049893,0.9575923126528971,0.012572820851936293,14
3,19,1374,0.9600672551492223,0.9603876178466342,0.011555974563637298,14
3,79,1374,0.9600261344737467,0.9577774731801816,0.013331712811168428,14
3,17,1374,0.9599856665074056,0.9601639605345951,0.011604679775780386,14
3,78,1374,0.9599667379425041,0.9576892530135581,0.013380857060608426,14
3,18,1374,0.9599471566684681,0.9601686600403635,0.011770273790542313,14
3,74,1374,0.9599073414112615,0.9578274054289736,0.013062038713153562,14
3,80,1374,0.9598662207357859,0.9577109882277379,0.013422779910278557,14
3,71,1374,0.959847944880019,0.9577644712142218,0.012949574332490837,14
3,60,1374,0.959847944880019,0.9583400170748709,0.012266231517756727,14
3,22,1374,0.9598270581877139,0.9594637994459805,0.011759891550156438,14
3,8,1374,0.9598064978499761,0.9594594524031445,0.012253380835166774,14
3,83,1374,0.9598064978499761,0.9579469686882375,0.013272702710662566,14
3,85,1374,0.9597885483487765,0.9581207459682156,0.013040861058491622,14
3,81,1374,0.9597885483487765,0.9577298776300915,0.013303208876935627,14
3,75,1374,0.9597467749641663,0.9576155490980865,0.013154042620946636,14
3,65,1374,0.9597291518175339,0.9574086403024392,0.012692320451110429,14
3,21,1374,0.9597069597069597,0.96009329824369,0.011499436790259667,14
3,82,1374,0.9596697552862913,0.9578896869345909,0.013237934023228275,14
3,84,1374,0.9596697552862913,0.9579443970142475,0.013134085591805867,14
3,72,1374,0.9596697552862912,0.9576145700343847,0.012987976509431093,14
3,20,1374,0.9596469104665826,0.960289881180829,0.01176626880284953,14
3,73,1374,0.9596103587550487,0.9576599724817829,0.013028739748049778,14
3,76,1374,0.9595509622238061,0.9575631887713142,0.013247279595153419,14
3,10,1374,0.9594667627454513,0.9594881324425159,0.01222466925499975,14
3,26,1374,0.9594321691613209,0.959841613601414,0.011431678760080666,14
3,23,1374,0.9590464180628115,0.9594610711217981,0.011686234283208221,14
3,25,1374,0.9589569969113804,0.9597299220143127,0.011504829197274625,14
3,24,1374,0.9588976003801378,0.9596279166307675,0.011560368633720695,14
3,9,1374,0.9588382038488952,0.9592631305496593,0.012334447724025704,14
3,12,1374,0.958731485905399,0.959702978181239,0.012212283966626153,14
3,11,1374,0.9584818246614397,0.9595566538474591,0.012167522810211317,14
4,14,1374,0.9547829219960368,0.9514876938219775,0.013028618357110354,14
4,15,1374,0.9538821833903801,0.9505869813246862,0.013064675524713482,14
4,12,1374,0.9536113090995486,0.9509785937512238,0.013118298937317228,14
4,13,1374,0.9532549299120932,0.9507262694539957,0.013399374021338076,14
4,34,1374,0.9526211493424608,0.9522886462551466,0.011597075072470318,14
4,31,1374,0.9523809523809523,0.9525900673334743,0.01132975809244596,14
4,32,1374,0.9522608539001981,0.9524806732825265,0.011430200479378901,14
4,90,1374,0.9521857923497268,0.9484893830332176,0.013991520616601662,14
4,18,1374,0.9521619684663163,0.9507868016991324,0.01257935160720048,14
4,16,1374,0.9521407554194439,0.95038783976774,0.012851437549046588,14
4,33,1374,0.9521407554194439,0.9523782371109527,0.011459538935584521,14
4,36,1374,0.9521263958184841,0.9514074105984298,0.011941415018901197,14
4,39,1374,0.9519606076983126,0.9509624326730528,0.012555232208225318,14
4,17,1374,0.9519606076983126,0.9504677705283551,0.012869077016766983,14
4,35,1374,0.9519606076983126,0.9519405564736997,0.011687287905213131,14
4,37,1374,0.9519482062247564,0.9511377634007713,0.012063706473292727,14
4,86,1374,0.9519005584579355,0.9488541821685087,0.01389607142685156,14
4,29,1374,0.9518405092175584,0.9520327320576786,0.011550817268291139,14
4,88,1374,0.9517804599771813,0.9484894613583138,0.014029124378008453,14
4,43,1374,0.9517700166310288,0.9503251405282767,0.012553223617612018,14
4,42,1374,0.9517439082656474,0.9504235168490337,0.012750062495382753,14
4,87,1374,0.9517204107368042,0.9486132541727695,0.014028146990069101,14
4,38,1374,0.9517204107368041,0.9512069897315798,0.01230527707470351,14
4,89,1374,0.9516603614964272,0.948479957913315,0.014040721210162114,14
4,85,1374,0.9516603614964271,0.9489826744887329,0.013891084403660145,14
4,28,1374,0.9516003122560499,0.9518301050339539,0.011496020623161046,14
4,44,1374,0.9515918270373009,0.9501200593182061,0.012658413505315784,14
4,40,1374,0.9515324305060583,0.9503760648949531,0.012784470257460595,14
4,81,1374,0.9514802137752958,0.9482447345954118,0.014018322556906854,14
4,83,1374,0.9514802137752958,0.9483038308804526,0.013984598610667996,14
4,27,1374,0.9514802137752957,0.9511513789133176,0.011618922418992662,14
4,45,1374,0.9514730339748159,0.9499964362081253,0.012610492527450275,14
4,47,1374,0.9514201645349186,0.9501899122497839,0.012432761731681542,14
4,84,1374,0.9514136374435733,0.9485612593631125,0.013908714715861973,14
4,56,1374,0.9513855709507884,0.9493587132753204,0.013040327107471033,14
4,82,1374,0.9512948443810881,0.9482181693336361,0.013998823486468604,14
4,50,1374,0.9512661251791685,0.950316642255345,0.012631720214915331,14
4,30,1374,0.9512400168137873,0.9524279996553695,0.011426225276469582,14
4,41,1374,0.9512400168137872,0.9502213467217031,0.01273922002933906,14
4,46,1374,0.9512354478498456,0.9499300034724125,0.012565272585253856,14
4,48,1374,0.9512354478498455,0.9505253003114728,0.012337834979922939,14
4,60,1374,0.9510869565217392,0.9486075756032991,0.013195848120156093,14
4,49,1374,0.9509978617248752,0.9502610705996308,0.012461428979272294,14
4,25,1374,0.9509397706119017,0.9502131095324252,0.012074646211809278,14
4,26,1374,0.9509397706119017,0.9509773405496855,0.011703287678218904,14
4,80,1374,0.9508797213715248,0.9480466895898115,0.014111432638010955,14
4,19,1374,0.9508480649784998,0.9505504948840656,0.012551812822441928,14
4,61,1374,0.9508196721311476,0.9483621178061662,0.013301480147169401,14
4,57,1374,0.9507883420926899,0.9492724642902831,0.012968513989049005,14
4,55,1374,0.9507286192068801,0.9496465580036499,0.012925130881511454,14
4,73,1374,0.9506995736503934,0.9481252235528785,0.013880916343359065,14
4,53,1374,0.9506688963210703,0.9499742310433686,0.012647863628931012,14
4,11,1374,0.9506688963210701,0.9499165968267893,0.012849795515854785,14
4,52,1374,0.9506091734352604,0.950043000477783,0.012655107810928363,14
4,79,1374,0.9505794751696391,0.9480631509141844,0.0140601089718201,14
4,62,1374,0.950579475169639,0.9481356016281177,0.01335868588583055,14
4,54,1374,0.9505494505494506,0.9499442586399108,0.012806028661618202,14
4,51,1374,0.9505494505494506,0.9501189888752254,0.012583938041212524,14
4,9,1374,0.9505226894749347,0.9499995169952403,0.01261723340749545,14
4,63,1374,0.950463292943692,0.9481023917873524,0.013381652438156597,14
4,78,1374,0.9504593766888849,0.9481035275012466,0.013965544180186426,14
4,72,1374,0.9504038964124496,0.9480199415694783,0.013828140988232113,14
4,76,1374,0.9503993274485079,0.9481775316629202,0.014003681132132939,14
4,74,1374,0.9503993274485079,0.9478794655095438,0.014010700459363038,14
4,20,1374,0.950370281892021,0.9500529347108106,0.012179136684025687,14
4,58,1374,0.950370281892021,0.9488499656674996,0.013035071256812561,14
4,59,1374,0.950370281892021,0.9485570036995553,0.013123963624697327,14
4,64,1374,0.9503392782081307,0.9479878804967901,0.013463048786968058,14
4,77,1374,0.9502792289677536,0.9480891809544697,0.014035447750919793,14
4,10,1374,0.9502257068187218,0.9498152441523788,0.012648260774739415,14
4,23,1374,0.9501911132345913,0.9497127557640743,0.012035770628327041,14
4,24,1374,0.9501313903487816,0.9498645759087668,0.012076916393153418,14
4,22,1374,0.9501313903487816,0.9494751043681907,0.01224985762418847,14
4,75,1374,0.9500990812466223,0.9479509763223234,0.014003973059570417,14
4,70,1374,0.949928724162509,0.9481597127035475,0.013693049759521028,14
4,71,1374,0.9498693276312664,0.9479240847059807,0.013784679506928897,14
4,8,1374,0.9497387858043596,0.949661583367927,0.012696518332300094,14
4,21,1374,0.9497133301481128,0.9496399656413911,0.012472111695822779,14
4,65,1374,0.9496787365639825,0.9480453450089942,0.013463428383251583,14
4,66,1374,0.9496787365639825,0.9481837454538808,0.013442980648738655,14
4,69,1374,0.9493941553813258,0.9482024129351285,0.013612105551573401,14
4,68,1374,0.9491565692563555,0.9479957782773178,0.013700702563638346,14
4,67,1374,0.9490971727251128,0.9480693124884144,0.013547647753137318,14
5,35,1374,0.9478619206880077,0.9440208579731033,0.01293951764791037,14
5,27,1374,0.9478498455690187,0.9438323294666844,0.012287954010132333,14
5,32,1374,0.9476827520305782,0.944543795477509,0.012500191649359407,14
5,28,1374,0.9476716559752911,0.9440021774376729,0.012540784105532094,14
5,31,1374,0.9474934663815634,0.9446320939692288,0.012539237963991869,14
5,36,1374,0.9474340698503207,0.943577146303447,0.012988162474386758,14
5,29,1374,0.947255880256593,0.944435798224109,0.012428043821440677,14
5,33,1374,0.9471370871941078,0.9443921058746434,0.012623561722754355,14
5,30,1374,0.9470776906628653,0.9446435816499965,0.012562999778007107,14
5,34,1374,0.946840104537895,0.9442872155167237,0.012781682431503325,14
5,37,1374,0.9466025184129248,0.9437133144830936,0.013130679022335778,14
5,26,1374,0.9461273461629839,0.9431890715604188,0.012441765033543764,14
5,25,1374,0.9458303635067712,0.9431110467104766,0.01258821264876372,14
5,38,1374,0.9454739843193158,0.9435180891809546,0.013136822405019566,14
5,11,1374,0.9449394155381327,0.9425706949263614,0.01377205650762067,14
5,13,1374,0.9446424328819197,0.9434326756636093,0.013352041293801655,14
5,72,1374,0.9446424328819197,0.9411705424535074,0.014681629409309784,14
5,23,1374,0.9445830363506771,0.9418439685759715,0.01289533281213511,14
5,85,1374,0.944464243288192,0.9421382751247329,0.014541898834957871,14
5,86,1374,0.9444642432881919,0.9419258444098074,0.014641746892784469,14
5,12,1374,0.9444577161968466,0.9424424636897908,0.013950730138604893,14
5,24,1374,0.9444048467569494,0.9421852179656883,0.012823816824161349,14
5,39,1374,0.9444048467569494,0.9428928068842537,0.013324227302842129,14
5,41,1374,0.9444048467569494,0.9428661110806514,0.013438163052456141,14
5,22,1374,0.9443454502257068,0.9417203976826214,0.01259745997987994,14
5,75,1374,0.9443454502257068,0.9413297121030549,0.014799355604099812,14
5,84,1374,0.9442860536944642,0.9422000214088595,0.01451930613353465,14
5,40,1374,0.9442860536944642,0.9426159146152018,0.013353213721308195,14
5,18,1374,0.9442266571632216,0.9424450484179636,0.012738261508459102,14
5,76,1374,0.9442266571632216,0.9413249734347383,0.014750859258124804,14
5,74,1374,0.9441672606319791,0.9410343873280438,0.014814294178894686,14
5,77,1374,0.9441078641007365,0.9414180236489574,0.014684056957684424,14
5,14,1374,0.9441078641007365,0.942669802281349,0.013301776330098469,14
5,71,1374,0.9440993788819876,0.9409074745639251,0.014618304893306254,14
5,17,1374,0.9440484675694939,0.9427646017560487,0.012723927383234687,14
5,16,1374,0.9439890710382515,0.9426361094358243,0.012809410636483408,14
5,15,1374,0.9439890710382514,0.9425801069920814,0.013121552630142403,14
5,42,1374,0.9439890710382514,0.9427731000289803,0.013221949466148512,14
5,88,1374,0.9439890710382514,0.9417325902892546,0.01458164208370925,14
5,80,1374,0.9439890710382512,0.9416903991707984,0.01462831993597818,14
5,79,1374,0.9438702779757662,0.94140382069819,0.014704065773416606,14
5,73,1374,0.9438702779757662,0.9409344967220946,0.014819410556004118,14
5,89,1374,0.9438702779757662,0.9417326816685335,0.014566177668371047,14
5,78,1374,0.9438108814445236,0.9413418002762266,0.014743439809364399,14
5,81,1374,0.9437514849132811,0.941724000637044,0.014605732247782633,14
5,87,1374,0.9436920883820386,0.941716194235795,0.014548264382704382,14
5,83,1374,0.9436326918507959,0.9420072502930664,0.01450036164654242,14
5,70,1374,0.9435618729096991,0.9408904780180619,0.014651639455787681,14
5,68,1374,0.943561872909699,0.9409553311976689,0.014604607853989988,14
5,45,1374,0.9435138987883107,0.9423131489560569,0.013352441351423423,14
5,44,1374,0.9435138987883107,0.9423705481973479,0.013404732749750913,14
5,69,1374,0.9435021500238892,0.9409456711024778,0.014679502260707671,14
5,90,1374,0.9434545022570682,0.9417254888138707,0.014675555473280468,14
5,67,1374,0.9433827042522694,0.9408078842041779,0.014635340219243644,14
5,82,1374,0.9433357091945831,0.9417358929974753,0.014699395278919936,14
5,55,1374,0.9433229813664596,0.9417935272140546,0.013815564191864093,14
5,43,1374,0.9432169161320979,0.9424567580198372,0.01347529730410001,14
5,53,1374,0.9429049211657907,0.9424086011398911,0.013665928281922427,14
5,65,1374,0.9428451982799808,0.940809476814466,0.014274259368190255,14
5,10,1374,0.9428011404133998,0.9415136194288013,0.01364991865993109,14
5,54,1374,0.9427854753941711,0.9421271921236284,0.013705533615022927,14
5,56,1374,0.9427854753941711,0.9415381351838943,0.013893601459880525,14
5,9,1374,0.9427417438821573,0.9411525929523079,0.013443314365958444,14
5,19,1374,0.9427257525083612,0.9417024090188737,0.012455789217036634,14
5,8,1374,0.9426229508196722,0.9412904712298868,0.013579608752396385,14
5,46,1374,0.942504157757187,0.9423990193697962,0.013443129731527864,14
5,21,1374,0.9424447612259444,0.9411744848166801,0.012674837562422547,14
5,47,1374,0.9423259681634593,0.9425849109313116,0.013346536825365607,14
5,58,1374,0.9423076923076924,0.9408212255788877,0.014028483560246682,14
5,57,1374,0.9423076923076923,0.9411636628992297,0.013832147199268653,14
5,59,1374,0.9422479694218825,0.940864395761046,0.014093553004162632,14
5,66,1374,0.9422479694218824,0.9407286322610627,0.014410018168485798,14
5,60,1374,0.9421882465360727,0.9406401249024199,0.014179554973535853,14
5,52,1374,0.9421285236502628,0.942386461246048,0.013530691623988556,14
5,48,1374,0.9419101924447613,0.9423683420404733,0.013433881583207762,14
5,51,1374,0.9418896321070234,0.942318683929518,0.013506379065475601,14
5,49,1374,0.9418299092212135,0.9424641336330574,0.013453221091262013,14
5,64,1374,0.9418299092212135,0.9404707729903738,0.014219172239097137,14
5,61,1374,0.9417701863354038,0.9404540897448952,0.01418767785010936,14
5,62,1374,0.9417701863354037,0.9403757124320203,0.014303766219679466,14
5,20,1374,0.941672606319791,0.9413060318156541,0.012715434374836188,14
5,50,1374,0.941650740563784,0.9422896775355791,0.013423171389884372,14
5,63,1374,0.9414118490205446,0.9402892676342428,0.014257024711370355,14
6,29,1374,0.9406628652886672,0.9393178667376815,0.012273707241656105,14
6,30,1374,0.940544072226182,0.9391086342975153,0.012427939644174725,14
6,33,1374,0.9400979455327281,0.9388043935157263,0.012630454633923325,14
6,28,1374,0.9399501069137561,0.9388581114774985,0.01229707806583575,14
6,27,1374,0.9395937277263008,0.9384879340189388,0.012282350915422431,14
6,31,1374,0.9395937277263008,0.9390181296489208,0.012413126904307889,14
6,12,1374,0.9394155381325731,0.9379624509489085,0.013691777728927934,14
6,32,1374,0.9394155381325731,0.938957179669938,0.012528923634587984,14
6,17,1374,0.9393215480172001,0.9366048028948957,0.012944063979185684,14
6,39,1374,0.939296745070088,0.9368973601831763,0.013178589603197238,14
6,16,1374,0.939296745070088,0.9368007461770825,0.012980373387307332,14
6,36,1374,0.9392967450700879,0.9381995932316672,0.012972877828475192,14
6,51,1374,0.9392967450700879,0.936890036786687,0.013365054621831969,14
6,40,1374,0.9392373485388453,0.9372572509457754,0.013358240680879154,14
6,38,1374,0.9391423793597706,0.9371936509677065,0.013140750203827253,14
6,35,1374,0.9391423793597706,0.9380586472211562,0.01286285652715022,14
6,34,1374,0.9391185554763603,0.9386569595764178,0.012681755333574785,14
6,19,1374,0.9391185554763601,0.9357002394137105,0.012845363596482733,14
6,37,1374,0.9390826564739608,0.9378424307932504,0.013028943289345741,14
6,87,1374,0.9389899717768571,0.936391327845355,0.01437276697309169,14
6,11,1374,0.9388215728201473,0.9365821147253791,0.014492497253117027,14
6,52,1374,0.9388215728201473,0.9369048271756754,0.01342674236490077,14
6,18,1374,0.9388215728201473,0.9362335811017206,0.012578788283638133,14
6,15,1374,0.9387621762889047,0.9368837577248125,0.013198570904074955,14
6,13,1374,0.938702779757662,0.9370705761332988,0.01376282318969845,14
6,50,1374,0.9386433832264196,0.9367348878254081,0.013258689065509427,14
6,41,1374,0.9386048733874821,0.9371068014902655,0.013347471141479961,14
6,20,1374,0.9385839866951771,0.9352931838890498,0.012973788570173794,14
6,84,1374,0.9385245901639345,0.9366991585273838,0.014360500485211014,14
6,90,1374,0.9384651936326919,0.9362024207676382,0.014430660826431718,14
6,49,1374,0.9384257047300526,0.9365555886261516,0.013251364374231743,14
6,26,1374,0.9384057971014492,0.9382658693171879,0.012256101335227408,14
6,89,1374,0.9384057971014492,0.9362599636049386,0.014471658766242079,14
6,86,1374,0.938389479373086,0.9365103689373112,0.014378837468065233,14
6,88,1374,0.9383294301327089,0.9362738402011388,0.014329139501757425,14
6,25,1374,0.9383062589584329,0.9375395607006441,0.012361885860532636,14
6,14,1374,0.9382870040389641,0.9367201365989676,0.013731943406495258,14
6,48,1374,0.938246536072623,0.9368559914782295,0.013237153036822774,14
6,55,1374,0.9382276075077216,0.9359423292317092,0.013674991956902464,14
6,83,1374,0.9382276075077215,0.9365849344288403,0.014513936197304891,14
6,43,1374,0.9381868131868132,0.9365357201600965,0.013356944924547498,14
6,22,1374,0.938168210976479,0.9360607828854444,0.012662250763386569,14
6,23,1374,0.938168210976479,0.9364394977794835,0.012673145962732979,14
6,85,1374,0.9381492824115775,0.9365701701482171,0.014377821182788077,14
6,53,1374,0.9381088144452365,0.9364973539171686,0.013504883585005678,14
6,81,1374,0.9379691346904461,0.9360872045512103,0.014365338642237364,14
6,42,1374,0.9379479216435738,0.9367832927348251,0.013457254757663788,14
6,56,1374,0.9378118317890236,0.9355771254167548,0.013802595235572134,14
6,54,1374,0.9378118317890236,0.9361089136570249,0.013615793438386793,14
6,44,1374,0.9377687529861444,0.9364573428472217,0.013363490025644041,14
6,21,1374,0.9377687529861443,0.9355647108890159,0.012665924331321698,14
6,82,1374,0.9377289377289377,0.936320378362431,0.01448177452509241,14
6,24,1374,0.9377090301003345,0.9372999120148087,0.012545265656776888,14
6,80,1374,0.9376930387265384,0.9359845856210788,0.014426231618865167,14
7,11,1374,0.9376930387265383,0.9346942579872018,0.014464114378364593,14
6,45,1374,0.9376493072145247,0.9366240839227297,0.013280123540501306,14
6,68,1374,0.9375742456640533,0.9351111433114285,0.014447683542473862,14
6,47,1374,0.937529861442905,0.9365027322404373,0.013260347326437709,14
6,77,1374,0.9375148491328107,0.9355218278988771,0.01455356433819582,14
6,76,1374,0.9374554526015682,0.9354527060015299,0.0145570867115788,14
6,79,1374,0.937336659539083,0.9359724321769938,0.014362815056051423,14
6,78,1374,0.9373366595390829,0.9355811199966582,0.014431237160341179,14
7,10,1374,0.9372772630078403,0.933414634783131,0.015299467036085665,14
6,10,1374,0.9372178664765978,0.9364415995028966,0.014280725098025714,14
6,75,1374,0.9372178664765978,0.9354362185687919,0.014551964378167115,14
7,36,1374,0.9371584699453552,0.935793655145045,0.013988238182462618,14
7,35,1374,0.9371584699453552,0.9358478561115767,0.013902354529164645,14
6,46,1374,0.9370990734141127,0.9367433599899744,0.013175253573031537,14
6,57,1374,0.9369802803516275,0.9353602954422625,0.013825875730406,14
6,58,1374,0.9369802803516275,0.9353010033444816,0.013914139419246711,14
6,71,1374,0.9369802803516275,0.9353219814160654,0.014410632425891488,14
7,16,1374,0.9369802803516274,0.9338748208313425,0.013850502505375329,14
7,15,1374,0.9369208838203849,0.9340950057307863,0.014018920479302775,14
6,70,1374,0.9369208838203849,0.9351161691717642,0.014374157243459649,14
7,40,1374,0.9368614872891423,0.9352706654239085,0.014103178370258497,14
6,65,1374,0.9368614872891423,0.935199872591177,0.014160461838118867,14
6,64,1374,0.9368020907578998,0.9352756782300616,0.014121116952769497,14
6,69,1374,0.9368020907578998,0.9350398674739374,0.014386969327452275,14
6,74,1374,0.9367426942266572,0.9353314718068816,0.01454103463827317,14
7,41,1374,0.9367426942266571,0.9348422140938177,0.014312812770745238,14
6,67,1374,0.9366832976954147,0.9352068435247338,0.014399392172203625,14
7,39,1374,0.9366832976954146,0.9354764907223923,0.014147338768939486,14
7,42,1374,0.9365742952699475,0.9346444562802367,0.014292425352500833,14
7,14,1374,0.9365645046329294,0.9340761815993462,0.014139148248843391,14
6,66,1374,0.9365051081016869,0.9351712447685362,0.014332379704280794,14
7,37,1374,0.9365051081016869,0.9353692375574058,0.014131030684152134,14
6,73,1374,0.9364457115704443,0.9350952824794593,0.014561542750146254,14
6,63,1374,0.9363269185079592,0.9348747973338137,0.014083054493522904,14
7,86,1374,0.9362877559598872,0.9355955318143486,0.014850366164485774,14
7,83,1374,0.9362877559598872,0.9358507671943167,0.014990462214046457,14
7,90,1374,0.9362877559598871,0.9352040238212725,0.014736397233418708,14
7,17,1374,0.9362675219767166,0.9334313702453403,0.013469734118404863,14
7,18,1374,0.9362675219767165,0.9331086447408614,0.013535438927337752,14
7,47,1374,0.9362081254454742,0.9350763147520098,0.014060970013054676,14
7,12,1374,0.9362081254454739,0.9340978123800647,0.014456664914468807,14
7,33,1374,0.9362081254454739,0.9362022510632632,0.013654279750725886,14
7,44,1374,0.9362081254454739,0.93475901978753,0.014207115133088526,14
7,38,1374,0.9362081254454739,0.9351273696605128,0.014114331412446618,14
7,81,1374,0.9361676574791329,0.9356131680151637,0.014920709927865422,14
7,48,1374,0.9361487289142314,0.9348571741871814,0.014074968020075112,14
7,13,1374,0.9361487289142313,0.9339621141509952,0.014486488759884652,14
7,87,1374,0.9361076082387558,0.9354019643934113,0.014748577052267113,14
6,72,1374,0.9360893323829889,0.9350574514580217,0.01456438275005321,14
7,88,1374,0.9359875097580016,0.9353640811552429,0.014814256405098354,14
7,89,1374,0.9359875097580016,0.9352804038441956,0.014781174622560135,14
7,84,1374,0.9359875097580016,0.9356692618381857,0.015011013495065914,14
7,82,1374,0.9359875097580016,0.935843835423308,0.015093821060058042,14
7,43,1374,0.9359770664118491,0.9345280651873666,0.014253558378213004,14
7,28,1374,0.9359705393205038,0.9365639171947083,0.013150763514457594,14
7,45,1374,0.9359705393205037,0.9349132810643859,0.013971076467920073,14
7,32,1374,0.9359705393205037,0.9365118701683207,0.013596299221251981,14
7,31,1374,0.9358517462580185,0.9365189716437043,0.013443908214146507,14
7,85,1374,0.9358073620368703,0.9355763813283414,0.014866930006471121,14
7,80,1374,0.9358073620368703,0.9351510499479139,0.014998603050623878,14
7,46,1374,0.9357923497267759,0.9347446471323877,0.014079133920208268,14
6,61,1374,0.9357329531955334,0.9346598079990811,0.014038906009471662,14
7,29,1374,0.9357329531955334,0.9364087812876123,0.01325409190018803,14
7,19,1374,0.9357329531955334,0.9327656330364812,0.013591114856479049,14
7,30,1374,0.9357329531955333,0.9364375396520798,0.013284557213630704,14
7,21,1374,0.9356735566642909,0.9336257078630562,0.01342609634186338,14
7,34,1374,0.9356141601330482,0.9355400907004614,0.01376203907680334,14
6,60,1374,0.9355547636018058,0.9346789062683576,0.013985441741329856,14
7,49,1374,0.9355547636018056,0.9351222132583501,0.01403520607493237,14
6,62,1374,0.9353765740080779,0.9346621446977825,0.014097247892789102,14
7,9,1374,0.9353765740080779,0.9334832084048049,0.015125263314348483,14
6,59,1374,0.9352577809455929,0.934914965053953,0.01394579954200139,14
7,79,1374,0.9352068696330992,0.9350199467911514,0.014971549448080022,14
7,27,1374,0.9351389878831077,0.9361417840890399,0.013137181576370938,14
7,50,1374,0.9350201948206224,0.9353470062842836,0.01397744806279054,14
6,8,1374,0.9348420052268948,0.9343798088345487,0.013956030095893659,14
7,26,1374,0.9347826086956522,0.935740433242215,0.013271434905910217,14
7,51,1374,0.934663815633167,0.9352929358595787,0.01427863747353148,14
7,22,1374,0.9346044191019245,0.9335755798015242,0.013452095831673498,14
7,23,1374,0.934545022570682,0.9345814045778408,0.013385374867266103,14
6,9,1374,0.9345450225706818,0.9348646150713151,0.014116928785155152,14
7,25,1374,0.9344262295081969,0.9355782480764661,0.013161068355082642,14
7,20,1374,0.9343074364457116,0.9330846119905278,0.013315488714210065,14
7,78,1374,0.9342460817870654,0.9350174403880748,0.014950920460422283,14
7,54,1374,0.9341292468519837,0.9344233836963701,0.014479820652678355,14
7,53,1374,0.9341292468519837,0.9345187706092909,0.014367701893950527,14
7,52,1374,0.9340698503207413,0.9348383108931934,0.014299635099741867,14
7,76,1374,0.9340698503207412,0.9345598129596704,0.015168187476598453,14
7,24,1374,0.9339510572582561,0.934899600280926,0.013159045393444185,14
7,75,1374,0.9338916607270136,0.9344406413258872,0.0151705743691078,14
7,77,1374,0.9335352815395581,0.9346812690754246,0.01508201436284355,14
7,55,1374,0.933535281539558,0.9339583676005628,0.014468019705364736,14
7,74,1374,0.9335284280936454,0.9343880329696438,0.015250995597667709,14
7,71,1374,0.9332252447006546,0.9337210425592464,0.015072255771982755,14
7,73,1374,0.9331789023521027,0.9342998519655683,0.015149538313576166,14
7,72,1374,0.9330450969795233,0.9338756954615829,0.01519118220649411,14
7,56,1374,0.9330007127583748,0.9337892637179876,0.014486350519662025,14
7,70,1374,0.9329249984987691,0.9339038794420119,0.014914045099700563,14
7,67,1374,0.9329249984987691,0.933667755385503,0.01492047867700893,14
7,58,1374,0.9328049000180147,0.9334349862539457,0.014580421901352588,14
7,57,1374,0.9327631266334045,0.9336992290199703,0.014566857556523956,14
7,68,1374,0.9327448507776377,0.9336437095809869,0.014872103215895306,14
7,63,1374,0.9326848015372606,0.9337922139632759,0.014711478466535194,14
7,65,1374,0.9326247522968836,0.9336086591004624,0.01491559323254138,14
7,64,1374,0.9326247522968835,0.933701644043768,0.014706352688957938,14
7,60,1374,0.9325046538161292,0.9331845287048424,0.014695827968933836,14
7,69,1374,0.9324661439771917,0.9336555497246873,0.014879203837967198,14
7,59,1374,0.932384555335375,0.933146514924847,0.01462928124215828,14
7,61,1374,0.932384555335375,0.9332004025909941,0.014634651969356252,14
7,66,1374,0.932324506094998,0.9337635600322699,0.01492704014886483,14
7,62,1374,0.9322644568546208,0.9335081027311961,0.014672914504044924,14
7,8,1374,0.9319315751960084,0.9317745072698743,0.015023109472232692,14
1,33,1373,0.9804839968774395,0.9794728721029506,0.007390268078998908,15
1,34,1373,0.9804239476370624,0.979577853840149,0.007395821383057295,15
1,32,1373,0.9803638983966853,0.9791291815810704,0.007500451593637175,15
1,26,1373,0.9803397481587076,0.9785330231659528,0.00803433568127581,15
1,27,1373,0.980243799915931,0.978671423610839,0.008061118992570023,15
1,35,1373,0.980183750675554,0.9794587474772792,0.007506522335813065,15
1,31,1373,0.9801237014351769,0.9792049741657723,0.007500676902651775,15
1,36,1373,0.9800036029544226,0.9790245392526219,0.007700467768939195,15
1,17,1373,0.9799435537140455,0.9789006028421566,0.007975660189006967,15
1,20,1373,0.9799435537140455,0.9788154112459172,0.007980357686483556,15
1,19,1373,0.9798835044736685,0.9787633250569817,0.008023327569777005,15
1,21,1373,0.9797634059929142,0.9786549231239181,0.008005722781811246,15
1,18,1373,0.9797634059929142,0.978851127489759,0.007911233528870323,15
1,10,1373,0.9797634059929141,0.9773615930280221,0.008385430078021894,15
1,25,1373,0.9797457828462818,0.9780540390946664,0.008173757669632783,15
1,15,1373,0.9797033567525371,0.9784969414049955,0.007824987606369467,15
1,24,1373,0.9795232090314058,0.978034979987938,0.00820853379351404,15
1,23,1373,0.9794631597910287,0.9783372626423231,0.008102573302426322,15
1,9,1373,0.9794488001900689,0.9775878742307823,0.008456385306874795,15
1,11,1373,0.9794488001900689,0.9773092457554324,0.008386463619863506,15
1,16,1373,0.9794031105506515,0.9786622595745904,0.008038892463028302,15
1,22,1373,0.9794031105506515,0.9783682271636654,0.008079222551727973,15
1,30,1373,0.9794031105506515,0.9788830841289858,0.007565390376529707,15
1,28,1373,0.9793894036588263,0.9786138285568079,0.0078091233841809035,15
1,12,1373,0.9793430613102745,0.9773519068244656,0.008446890701233285,15
1,14,1373,0.9792229628295203,0.97765447667087,0.00832470128708545,15
1,90,1373,0.9792112140650986,0.9766654917902245,0.00897483100048507,15
1,29,1373,0.9792112140650986,0.9787959605137082,0.007574681840232812,15
1,8,1373,0.9792112140650985,0.9776426234729871,0.00836262079698166,15
1,37,1373,0.9791629135891431,0.9788666880755262,0.007914106639274807,15
1,88,1373,0.9790924210026135,0.9766966390701246,0.008821567622434266,15
1,89,1373,0.9790924210026135,0.9767514144206945,0.008851046357765912,15
1,13,1373,0.9790428151083889,0.9773145196452395,0.008586349344015276,15
1,79,1373,0.9790428151083889,0.9768929217610614,0.008766733345289268,15
1,84,1373,0.9789827658680117,0.9767040277375273,0.008899009532872934,15
1,80,1373,0.9789736279401283,0.9768804680707746,0.008728274220171545,15
1,87,1373,0.9789142314088857,0.9765988632417713,0.008782637403488067,15
1,76,1373,0.9788548348776431,0.9770045089147014,0.008823037595058831,15
1,82,1373,0.9787954383464006,0.976568107587352,0.008897265283938192,15
1,38,1373,0.9787425689065032,0.9786661758293974,0.007998990048182374,15
1,86,1373,0.978736041815158,0.9765252376513959,0.008914507647967756,15
1,83,1373,0.9786825196661262,0.9765680553706214,0.008860811547402172,15
1,85,1373,0.9786172487526729,0.97669462872599,0.008882245472676855,15
1,39,1373,0.9785624211853721,0.9785680867006598,0.008025869765126547,15
1,40,1373,0.9785624211853721,0.9783489852983794,0.008097924550378404,15
1,54,1373,0.978562421185372,0.9780586863837041,0.008031889992487991,15
1,57,1373,0.9785023719449949,0.9778631347269977,0.008260732582567569,15
1,53,1373,0.9785023719449948,0.9782228296768568,0.00804653869882658,15
1,44,1373,0.9784984556901878,0.9781627021113833,0.008078556707072599,15
1,75,1373,0.9784984556901877,0.9769019030387526,0.008821088262698156,15
1,51,1373,0.9784423227046177,0.9781484991606162,0.007951566496624624,15
1,42,1373,0.9784423227046177,0.9783820907056829,0.008202930136586793,15
1,59,1373,0.9783822734642407,0.9776152096893366,0.008300752846766448,15
1,52,1373,0.9783822734642407,0.9779411204143921,0.008071297739732926,15
1,43,1373,0.9783822734642407,0.9782341607074322,0.008225399968714799,15
1,56,1373,0.9783822734642407,0.9779134455470877,0.008130537833500092,15
1,55,1373,0.9783796626277025,0.9779565243499669,0.008033343882115589,15
1,78,1373,0.9783796626277025,0.976449262308136,0.008798441763165101,15
1,74,1373,0.9783796626277025,0.9767825094838638,0.00882979248429238,15
1,77,1373,0.97832026609646,0.9765397277941825,0.008810557001889645,15
1,62,1373,0.97832026609646,0.9773718275072515,0.00827121247847384,15
1,61,1373,0.97832026609646,0.9774050112396513,0.00829091509977055,15
1,41,1373,0.9782621749834864,0.978322589740979,0.008164294211957988,15
1,81,1373,0.9782621749834864,0.9762270540103755,0.0088841498695745,15
1,66,1373,0.9782608695652174,0.9769345384954794,0.008494136208296052,15
1,72,1373,0.9782608695652174,0.9768845931925049,0.008776739937589198,15
1,60,1373,0.9782608695652174,0.9774483772345498,0.008245700653456313,15
1,58,1373,0.9782608695652174,0.977727449552111,0.008330194665233591,15
1,73,1373,0.9782014730339749,0.9767655390463658,0.008782334288023235,15
1,63,1373,0.9781420765027323,0.9773023270386063,0.008343322437473757,15
1,67,1373,0.9780826799714897,0.9767937099726123,0.008555269949698178,15
1,45,1373,0.9780826799714897,0.9780527336763973,0.008100630225208814,15
1,69,1373,0.9780232834402471,0.9767820395332869,0.008626442716044288,15
1,70,1373,0.978023283440247,0.9767934488889586,0.008575353369167328,15
1,64,1373,0.978023283440247,0.9772091723909258,0.0083654198561502,15
1,47,1373,0.9779619287816008,0.9778906268357445,0.008080454014156446,15
1,71,1373,0.9778450938465194,0.9767392479224267,0.008700059425217866,15
1,46,1373,0.9778418303008467,0.9780813745532206,0.008073891595096604,15
1,68,1373,0.9777856973152769,0.976770134118673,0.008605835155281844,15
1,65,1373,0.9777263007840341,0.976892007968273,0.00846173433669995,15
1,50,1373,0.9776616825797153,0.9779145159900683,0.008002530283807876,15
1,49,1373,0.9773699215965788,0.9778191421313303,0.007926692393328123,15
1,48,1373,0.9773699215965788,0.9776210840715472,0.008127962919661884,15
2,32,1373,0.9755880256593015,0.9724434558076753,0.009147435640445225,15
2,30,1373,0.9754098360655737,0.9721183544419466,0.009190750245311368,15
2,31,1373,0.975231646471846,0.9721573081230959,0.009201617207565176,15
2,33,1373,0.9748994175223684,0.9724218119727742,0.00925715555907411,15
2,29,1373,0.9745391220801057,0.9716058211211456,0.009203404679415874,15
2,34,1373,0.9742989251185972,0.9723153159503837,0.009242571451303349,15
2,27,1373,0.9740587281570888,0.9711417710348573,0.009494839651567858,15
2,25,1373,0.9739986789167117,0.9710699208133278,0.00971616676748194,15
2,28,1373,0.9737584819552033,0.9715287492265398,0.009233457544724478,15
2,56,1373,0.9737584819552032,0.9714105566564583,0.009896144298289528,15
2,26,1373,0.9736873366595391,0.9712539325725354,0.009757406794031982,15
2,55,1373,0.9736383834744491,0.9715896078262436,0.009808023148168674,15
2,42,1373,0.9735783342340719,0.9714782034311614,0.009777469425496557,15
2,35,1373,0.9733981865129406,0.97195768356139,0.009383090841977507,15
2,57,1373,0.9733381372725635,0.9710892148953445,0.010038402541832884,15
2,22,1373,0.9733309574720836,0.9703229865881328,0.009836297085939914,15
2,58,1373,0.9732780880321864,0.9709558533649766,0.010086503556600443,15
2,43,1373,0.9732780880321863,0.9715374433122116,0.009628338753171898,15
2,52,1373,0.9732780880321863,0.9718130954339079,0.009560541471273994,15
2,49,1373,0.9732780880321863,0.9716760787323867,0.009403654432355033,15
2,38,1373,0.973271560940841,0.9715868403395131,0.009611892395535575,15
2,24,1373,0.973271560940841,0.9703602171171666,0.01005343989458743,15
2,54,1373,0.9732180387918092,0.9715489048846139,0.00964160001387389,15
2,53,1373,0.9732180387918092,0.9715649354209581,0.009583933019111502,15
2,41,1373,0.9732180387918092,0.9715158778024068,0.009766397718707107,15
2,36,1373,0.9732180387918092,0.9719834786263867,0.00949169095073953,15
2,21,1373,0.9731527678783558,0.9701756309739205,0.009692024532353256,15
2,37,1373,0.9730979403110551,0.971754429936896,0.00957021430626918,15
2,40,1373,0.973097940311055,0.9715156689354836,0.009745194757335424,15
2,39,1373,0.9730933713471133,0.9715703137442269,0.009681328253259298,15
2,50,1373,0.973037891070678,0.9717427333892052,0.009508725905720898,15
2,60,1373,0.9729745782846282,0.9706004662954058,0.010148173546037672,15
2,61,1373,0.9729151817533856,0.9704260885230237,0.01004607702584328,15
2,23,1373,0.9729151817533855,0.9701882152060343,0.0099351432311136,15
2,59,1373,0.9728557852221431,0.9706392111096318,0.010163484586880852,15
2,51,1373,0.9727376448687923,0.9715333965155776,0.009578329388820327,15
2,62,1373,0.9727369921596579,0.9702707437490045,0.010002662954967559,15
2,78,1373,0.9727369921596579,0.9694258770452641,0.010527669810121706,15
2,79,1373,0.9726775956284153,0.969406974588728,0.01057115147458486,15
2,45,1373,0.9726775956284153,0.9715465029149989,0.00949659756932404,15
2,9,1373,0.9726181990971726,0.9695639902981315,0.010020191074690295,15
2,63,1373,0.9725588025659302,0.970072633472491,0.010132394015593044,15
2,44,1373,0.972557497147661,0.9714945733762553,0.009590772080553612,15
2,11,1373,0.9723806129722024,0.9692098042133681,0.009955335097762688,15
2,48,1373,0.9723173001861526,0.9715160344525989,0.009368015631557642,15
2,20,1373,0.9722618199097173,0.9702168038661267,0.009753100274485336,15
2,80,1373,0.9722618199097173,0.969230560363846,0.010640436949273163,15
2,46,1373,0.9722572509457755,0.9714108960652083,0.00949633637601228,15
2,10,1373,0.9722024233784747,0.9694059041457475,0.010109212280281906,15
2,81,1373,0.9720836303159895,0.9690516658442531,0.01059251592226062,15
2,8,1373,0.9720836303159895,0.9692056007665415,0.010120774165377771,15
2,77,1373,0.9720836303159895,0.9694120135032466,0.010519415852063431,15
2,86,1373,0.972024233784747,0.9689654560217639,0.010487551629499846,15
2,82,1373,0.972024233784747,0.9690204141308917,0.010524174007823257,15
2,75,1373,0.9719648372535044,0.9696193139243745,0.010531609621639305,15
2,83,1373,0.9719648372535044,0.9690181165947382,0.01058426482762925,15
2,87,1373,0.9719054407222618,0.9690679052475203,0.010492760793807747,15
2,84,1373,0.9719054407222618,0.9689704166111863,0.010571281472357662,15
2,47,1373,0.9718969555035128,0.9713937689775182,0.009435820462055242,15
2,19,1373,0.9718460441910193,0.9700981935621994,0.009652289744389303,15
2,76,1373,0.9718460441910193,0.9694501578250686,0.010498128851016647,15
2,64,1373,0.9718460441910193,0.9696502523373514,0.010236394355860953,15
2,74,1373,0.9718460441910193,0.9694208903474762,0.010658167967677067,15
2,16,1373,0.9717866476597766,0.9701987368772828,0.009730867400019699,15
2,12,1373,0.9717272511285342,0.9687564585568862,0.00994043572042246,15
2,88,1373,0.9716084580660491,0.9690916899683829,0.010411956118549512,15
2,65,1373,0.9714896650035639,0.9693834509515193,0.010416779112823576,15
2,73,1373,0.9714896650035638,0.9693086243763364,0.01067821840678017,15
2,17,1373,0.9714896650035638,0.9700297374281692,0.009772607972319857,15
2,89,1373,0.9714896650035638,0.9689678840997444,0.01048878311628118,15
2,85,1373,0.9714896650035638,0.9688130092763021,0.01056454752619703,15
2,72,1373,0.9714302684723213,0.9692848135471087,0.010573923712391896,15
2,71,1373,0.9714302684723212,0.9694447533934347,0.010651854456246458,15
2,15,1373,0.9714165615804959,0.969487962738141,0.010145470500179353,15
2,90,1373,0.9713114754098361,0.9690029476344516,0.010474489338619728,15
2,66,1373,0.9713114754098361,0.9693041859542216,0.010383824043420536,15
2,68,1373,0.9713114754098361,0.9694355371404552,0.01058929893780291,15
2,67,1373,0.9711926823473509,0.9693448627874858,0.010502075012224383,15
2,13,1373,0.9711332858161084,0.9689185915059043,0.01014810406778604,15
2,69,1373,0.9710738892848657,0.969502426772562,0.010523288999145581,15
2,18,1373,0.9709550962223806,0.9697787577117584,0.009777796592659213,15
2,70,1373,0.9709550962223806,0.9693593268219071,0.010624503674795007,15
2,14,1373,0.9708956996911381,0.969601899644665,0.009875487300431019,15
3,49,1373,0.9642106527352429,0.9612537498139779,0.011975910858841024,15
3,53,1373,0.9640905542544886,0.9612599374965732,0.011941249624613548,15
3,54,1373,0.9640305050141116,0.9612693365081105,0.012059298461250626,15
3,51,1373,0.9639463055357567,0.9614456985162616,0.011899939245512397,15
3,31,1373,0.9639463055357567,0.9614419128032813,0.011662901568556656,15
3,50,1373,0.9638503572929802,0.9612518700116705,0.012089128649113884,15
3,30,1373,0.9637087194107864,0.9608507933026822,0.01173687009739932,15
3,55,1373,0.9637087194107864,0.9609356454901716,0.012184564425513699,15
3,33,1373,0.9637087194107864,0.9615696349267268,0.011756393188366469,15
3,52,1373,0.9636101603314717,0.9612355000665765,0.01188540766506179,15
3,32,1373,0.9635501110910948,0.9615121704145225,0.011708823659060065,15
3,56,1373,0.9635305298170587,0.9607405898924074,0.012426773695982314,15
3,48,1373,0.9634300126103404,0.9608405849318179,0.011987237471691654,15
3,29,1373,0.9634117367545736,0.9606724992754928,0.011819462960110582,15
3,57,1373,0.9632498648892092,0.960525509178396,0.012475597007844346,15
3,35,1373,0.9632335471608459,0.9610875700683255,0.012168763613018867,15
3,45,1373,0.9632335471608457,0.9606198909192494,0.012281715274110528,15
3,38,1373,0.9631297664084549,0.9605412264143554,0.012041465456278584,15
3,59,1373,0.9631147540983606,0.9599697926212539,0.012645061652063087,15
3,39,1373,0.9630697171680778,0.9605673086713715,0.012130796844140482,15
3,44,1373,0.9629959610358755,0.9605625047321412,0.012244418978510908,15
3,46,1373,0.9629959610358755,0.9607272224093322,0.012188797519867341,15
3,40,1373,0.9629496186873236,0.9605958451147332,0.01207768539522612,15
3,58,1373,0.9629496186873235,0.9602922048253482,0.012622592530283448,15
3,86,1373,0.9628895694469465,0.959102524940016,0.013154809779653302,15
3,60,1373,0.9628295202065693,0.9597716040196438,0.012674847470691102,15
3,47,1373,0.9628177714421478,0.9606608288361674,0.012140613844065425,15
3,43,1373,0.9628177714421478,0.9603886491270667,0.012451220029078312,15
3,36,1373,0.9627694709661923,0.960755628310867,0.012246618580235735,15
3,87,1373,0.9627094217258152,0.9590500732339649,0.01309699985300893,15
3,42,1373,0.9627094217258152,0.9601833068333424,0.012301633559282397,15
3,37,1373,0.9627094217258152,0.9604359835935032,0.012247826865805164,15
3,41,1373,0.9627094217258151,0.9601924447612259,0.012295542952025795,15
3,61,1373,0.9625893232450609,0.9596544557841777,0.012839003394990424,15
3,76,1373,0.9625893232450609,0.9588502136969708,0.013206544113535683,15
3,74,1373,0.9625893232450609,0.9590908022839599,0.013132394174712512,15
3,34,1373,0.9625801853171776,0.9610996321331318,0.01201054644923647,15
3,62,1373,0.9625292740046838,0.9594136583302657,0.012940274466416667,15
3,88,1373,0.9624692247643067,0.9588952506272534,0.013172639486266478,15
3,67,1373,0.9624692247643067,0.9591854712168325,0.013206628341998568,15
3,70,1373,0.9624091755239296,0.9592951002430687,0.013349926747767043,15
3,77,1373,0.9624091755239296,0.9588882274769659,0.013149657111773294,15
3,75,1373,0.9623491262835524,0.9589550648923421,0.013131033129604619,15
3,84,1373,0.9622890770431755,0.9586066226479626,0.01314837696659297,15
3,89,1373,0.9622890770431753,0.9587253373853517,0.013121844643531942,15
3,85,1373,0.9622890770431753,0.9587851777588057,0.01322866137264742,15
3,68,1373,0.9622290278027983,0.9591519480756829,0.013235466362447417,15
3,28,1373,0.962223806129722,0.9600113571389408,0.011555763397201286,15
3,27,1373,0.962223806129722,0.9598470310872307,0.01164627101003037,15
3,90,1373,0.9621689785624212,0.9586419211579582,0.013245363805865659,15
3,72,1373,0.9621689785624212,0.9589968382769523,0.013232976027680915,15
3,69,1373,0.9621689785624211,0.9591236727159749,0.013234073658446253,15
3,25,1373,0.962108929322044,0.9597027562601335,0.012030415794516327,15
3,63,1373,0.9621050130672368,0.9590794712533842,0.012991862856083385,15
3,78,1373,0.9620488800816669,0.9587692255475576,0.013236525040882562,15
3,83,1373,0.9620488800816669,0.9586523122873801,0.013252309165859144,15
3,71,1373,0.9620456165359943,0.9591469874862604,0.013302831451030702,15
3,79,1373,0.9619888308412898,0.9587504797412137,0.01326010262708108,15
3,82,1373,0.9619888308412898,0.9586426783005543,0.013170341475073333,15
3,66,1373,0.9619862200047518,0.9590226072335838,0.013233132544422238,15
3,26,1373,0.9619862200047518,0.9594332918210325,0.011894385705502226,15
3,80,1373,0.9619287816009128,0.9585980329957521,0.013247835993549749,15
3,81,1373,0.9618687323605357,0.9586761753333386,0.013202958525141098,15
3,64,1373,0.9618687323605356,0.9588127743010136,0.013088066439474844,15
3,73,1373,0.9617486338797814,0.9588561664042775,0.013139106032178612,15
3,8,1373,0.9614516512235686,0.9586873236053565,0.012329881544044989,15
3,24,1373,0.9613328581610835,0.9595505967066907,0.012264083585663204,15
3,65,1373,0.9613328581610834,0.9587150767977568,0.013059693595879534,15
3,23,1373,0.9610880922356332,0.9587280787637166,0.012661892030090119,15
3,10,1373,0.9609170824423854,0.9586960437993937,0.012408780010593638,15
3,21,1373,0.9607982893799002,0.9590524490952147,0.012829261356832091,15
3,22,1373,0.960679496317415,0.9586972186758359,0.012806695724458517,15
3,19,1373,0.9606200997861725,0.9590896274075176,0.012767664679316728,15
3,14,1373,0.960263720598717,0.9586069620567125,0.012692802728300794,15
3,20,1373,0.9602043240674745,0.9589881441912803,0.012783971005946448,15
3,18,1373,0.9602043240674744,0.9588232437555315,0.01267568612785046,15
3,9,1373,0.9601873536299765,0.9588811782183129,0.012446973462390593,15
3,13,1373,0.9600855310049893,0.9585027374621103,0.012483967450323166,15
3,15,1373,0.9600672551492222,0.9593618332249835,0.012745414922283529,15
3,17,1373,0.9597885483487765,0.9590021643834901,0.012687192286340444,15
3,16,1373,0.9595868612262055,0.9590497077168496,0.012819073578199898,15
3,12,1373,0.9594667627454512,0.9575425501084801,0.012709575948411564,15
3,11,1373,0.9587194107864101,0.9574372550708972,0.012544295511524828,15
4,30,1373,0.9553834143998078,0.9507662544155774,0.013955104352482602,15
4,32,1373,0.9552633159190536,0.9507246376811593,0.013976714220222654,15
4,31,1373,0.9551556189118555,0.9507934854406702,0.0140123420870106,15
4,33,1373,0.9544226265537741,0.9502664358687168,0.014181264743480086,15
4,29,1373,0.954362577313397,0.9499346246530851,0.01398854570916804,15
4,28,1373,0.9537620849096259,0.9496286346108156,0.014046566288698622,15
4,34,1373,0.9536419864288717,0.9500059004905762,0.014219754960924308,15
4,38,1373,0.9534925160370633,0.9494701568329509,0.014380082361223425,15
4,53,1373,0.9534331195058209,0.9494781198843921,0.014148137880236632,15
4,16,1373,0.9533143264433357,0.9475255796709824,0.015258048929369172,15
4,26,1373,0.9531955333808505,0.9486333053973824,0.013646655638914911,15
4,60,1373,0.9531615925058549,0.9480939065686037,0.01472219420790717,15
4,27,1373,0.9531015432654777,0.9487532733363097,0.013822697769383711,15
4,39,1373,0.9531015432654777,0.9492688352274954,0.014290109962197657,15
4,54,1373,0.9530767403183653,0.9492784431059555,0.01420683523124387,15
4,86,1373,0.9530173437871229,0.9481630676284988,0.014900098504013897,15
4,14,1373,0.9530173437871229,0.9483780439090488,0.015073583966772506,15
4,52,1373,0.9529814447847235,0.9494253548779564,0.014034360293857219,15
4,35,1373,0.9528391541933952,0.9496190267323553,0.014143604059522743,15
4,36,1373,0.9527797576621525,0.9494441529010311,0.014266778086391157,15
4,50,1373,0.952741247823215,0.9496606434667731,0.0137799628261312,15
4,37,1373,0.95272036113091,0.949465509543913,0.014368790068565989,15
4,51,1373,0.952681198582838,0.9493960874003641,0.013852209655044566,15
4,87,1373,0.9526609645996674,0.948022108563805,0.014928350802070474,15
4,55,1373,0.9526609645996673,0.9489549865672461,0.01437789764681347,15
4,58,1373,0.9526609645996673,0.9482619661165634,0.014693194538304444,15
4,48,1373,0.9526211493424609,0.9495858952166862,0.013849184394266927,15
4,15,1373,0.9526015680684247,0.9474110422720544,0.015247476809160446,15
4,49,1373,0.9525611001020837,0.9495358976969811,0.01396157989886184,15
4,61,1373,0.9525010508617067,0.9477556204783574,0.014756356435892086,15
4,88,1373,0.9524827750059397,0.9479287189408359,0.014858881031032303,15
4,59,1373,0.9524827750059396,0.9480680592868762,0.014734741459424409,15
4,85,1373,0.9524233784746972,0.9481178479396583,0.01497870000616087,15
4,90,1373,0.9523809523809524,0.9479423213991995,0.0147426165192333,15
4,57,1373,0.9523045854122119,0.9485347202097023,0.01471921853501865,15
4,89,1373,0.9521263958184842,0.9477996913991212,0.014874777680225364,15
4,43,1373,0.9520807061790668,0.9490108062524313,0.014003288743991512,15
4,41,1373,0.9520669992872417,0.9484862891919199,0.014262076642340074,15
4,56,1373,0.9520669992872416,0.9485347463180679,0.014599545178368476,15
4,47,1373,0.9520206569386898,0.9490064722637781,0.01366480427922771,15
4,84,1373,0.952007602755999,0.9477126200005743,0.014984429812539475,15
4,40,1373,0.9520076027559989,0.9486038290528669,0.014318194033392158,15
4,65,1373,0.9519606076983127,0.9469590542505724,0.01489964617829962,15
4,42,1373,0.9519606076983126,0.9488869220586967,0.014130637934082885,15
4,66,1373,0.9519606076983126,0.9470402773752739,0.01497826581022892,15
4,67,1373,0.9519606076983125,0.9471881812651591,0.014947653304820464,15
4,62,1373,0.9519005584579355,0.9472420689313062,0.014750563071686125,15
4,24,1373,0.9519005584579354,0.9481919173722452,0.014359061124631442,15
4,25,1373,0.9518888096935139,0.9481208242933117,0.01403197711475505,15
4,23,1373,0.9518405092175584,0.9478055135646012,0.0144253984644948,15
4,63,1373,0.9517804599771813,0.9469324759346143,0.014966548618675881,15
4,81,1373,0.9517204107368041,0.9473959255284984,0.015293769641931609,15
4,18,1373,0.9517204107368041,0.9475825481242444,0.015151432373498369,15
4,19,1373,0.9516603614964271,0.9474164467036883,0.015202034458390967,15
4,70,1373,0.951660361496427,0.9473895811957108,0.01502560870653218,15
4,44,1373,0.951660361496427,0.9487456496936184,0.013901902348900666,15
4,21,1373,0.9516512235685435,0.9471278448327628,0.014907112792241104,15
4,12,1373,0.95160031225605,0.947494197415794,0.014726416866532616,15
4,69,1373,0.9516003122560499,0.9474742506246427,0.015169769601923778,15
4,73,1373,0.9515402630156728,0.9473228482137961,0.015018596840367791,15
4,17,1373,0.9515324305060584,0.9471533004890095,0.015054505397109542,15
4,83,1373,0.9514730339748159,0.9472718063594757,0.015115765488561429,15
4,20,1373,0.9514201645349186,0.9473352757957179,0.015019689556879188,15
4,46,1373,0.9513601152945416,0.9488216511452435,0.01372591627624618,15
4,68,1373,0.9513601152945415,0.9471355468005505,0.015052639140514657,15
4,82,1373,0.9513601152945415,0.9472003999801576,0.015305133827587018,15
4,22,1373,0.9512400168137873,0.9469418488377861,0.014825039984773393,15
4,64,1373,0.9512400168137873,0.9469350084460564,0.014899995615344283,15
4,76,1373,0.9511166547873605,0.9472448364180367,0.015131635371893042,15
4,71,1373,0.9510598690926559,0.9471105610948805,0.015166734025418484,15
4,72,1373,0.9510598690926559,0.9470035429051822,0.015243331495767285,15
4,77,1373,0.9510572582561179,0.9470829123359414,0.015282218390219822,15
4,80,1373,0.9509978617248753,0.9470429404285425,0.015344994054631298,15
4,78,1373,0.9509384651936327,0.9469569916897074,0.015459784855643574,15
4,45,1373,0.9508797213715248,0.9487309506839087,0.013873054223195685,15
4,13,1373,0.9508790686623901,0.9475622358159778,0.015427770337125446,15
4,79,1373,0.9508196721311475,0.9468595030533733,0.015477619604893815,15
4,75,1373,0.9506995736503933,0.9471352335001657,0.015012629435556285,15
4,74,1373,0.9505820860061773,0.9470511384552723,0.01504283502666731,15
4,9,1373,0.9504593766888849,0.9477181549740352,0.014622542811156596,15
4,8,1373,0.9496787365639825,0.9478656933468053,0.014495692123203568,15
4,11,1373,0.949631741506296,0.9463449332800722,0.014911490897680674,15
5,31,1373,0.9489783796626277,0.9444958083019379,0.01583925307578611,15
5,29,1373,0.94889809643908,0.9445611053237569,0.015759900568651317,15
4,10,1373,0.9488595866001426,0.9462168978562421,0.014778231497202615,15
5,32,1373,0.9486813970064147,0.9438704346259585,0.015999566721353994,15
5,53,1373,0.9486578994775717,0.9435404248875382,0.015735059224714954,15
5,37,1373,0.9485978502371945,0.94315647526624,0.01643764410422307,15
5,30,1373,0.9485626039439297,0.9446865299110487,0.015797530483380607,15
5,13,1373,0.9485032074126871,0.9421705189559788,0.01672579017701894,15
5,52,1373,0.948357653275686,0.9435328534615774,0.015673420498910542,15
5,33,1373,0.9482976040353089,0.9437204159584772,0.016130002667079715,15
5,28,1373,0.9481775055545547,0.9438220819332723,0.015855620775850926,15
5,54,1373,0.9481468282252318,0.9431473373383565,0.0159296763766708,15
5,55,1373,0.9478498455690187,0.9428232280905126,0.01596581867154835,15
5,38,1373,0.947817210112292,0.9429101950555979,0.016331549774734454,15
5,47,1373,0.9477310525065337,0.943318790973816,0.01553421329480683,15
5,51,1373,0.9476971116315379,0.9433084259527594,0.01561229210827329,15
5,49,1373,0.9475770131507836,0.9436943075930958,0.015493212415910871,15
5,36,1373,0.9475528629128058,0.9427705153008076,0.016430376852973935,15
5,90,1373,0.9474340698503207,0.9417277732958417,0.016344530706583784,15
5,56,1373,0.9473968654296523,0.9425801069920814,0.016035839716053067,15
5,48,1373,0.9473368161892752,0.9433479279095814,0.015711656186662808,15
5,41,1373,0.9473152767878356,0.9426733399648581,0.015946380774189653,15
5,68,1373,0.9473152767878354,0.941336931066083,0.016888555320836992,15
5,42,1373,0.9472767669488981,0.9427898354911897,0.015706394396909785,15
5,27,1373,0.947276766948898,0.9433609037671761,0.015886681763092356,15
5,34,1373,0.9471964837253505,0.9431477028554718,0.0161030841352565,15
5,39,1373,0.9471964837253505,0.942223127312222,0.01635586691373283,15
5,85,1373,0.9471964837253505,0.9416771230670018,0.01666197781846778,15
5,50,1373,0.9471566684681438,0.9434318401959171,0.015428647297766843,15
5,89,1373,0.9471370871941078,0.9415392970061539,0.016449086455583652,15
5,59,1373,0.9471370871941078,0.9416591605116196,0.016276543033494493,15
5,88,1373,0.9471370871941078,0.9414632433377979,0.016444160445224777,15
5,87,1373,0.9470776906628653,0.9414466645257806,0.016466771389723328,15
5,57,1373,0.9470365699873897,0.9422573292708717,0.015948524877098927,15
5,84,1373,0.9470182941316228,0.9415695827099961,0.016568772193465607,15
5,46,1373,0.9469588976003802,0.9429299590881913,0.015330671523594241,15
5,35,1373,0.9469588976003801,0.9428988118082916,0.016295967093540906,15
5,43,1373,0.9468995010691376,0.9424205848796012,0.01566019554380481,15
5,69,1373,0.9468564222662583,0.9410054592592012,0.01692134730884604,15
5,66,1373,0.946840104537895,0.9412180857868669,0.016781027686808184,15
5,65,1373,0.946840104537895,0.9412014025413882,0.01669956636578663,15
5,83,1373,0.9468401045378949,0.9412853409360893,0.016588142904525996,15
5,64,1373,0.9467963730258813,0.9408793558544094,0.016648645720564213,15
5,58,1373,0.9467963730258812,0.9418876087087064,0.016064715052585634,15
5,40,1373,0.9467807080066524,0.9421392411342517,0.016083569598525714,15
5,86,1373,0.9467213114754099,0.9414182325158805,0.01656897328557151,15
5,67,1373,0.9467213114754098,0.9410461622008307,0.01682853299066818,15
5,75,1373,0.9466762745451271,0.9408396450306643,0.016905450945156077,15
5,45,1373,0.9466619149441673,0.9426911980867788,0.015558613693121564,15
5,14,1373,0.9466025184129246,0.941130518329378,0.016954764683246616,15
5,60,1373,0.9464837253504396,0.9414093034549201,0.016355091102136607,15
5,44,1373,0.9464837253504395,0.9425091966717055,0.015611745507359042,15
5,61,1373,0.9463055357567118,0.9408198548897052,0.01643449589872229,15
5,70,1373,0.9461958806221102,0.9407905351953819,0.016907980583020163,15
5,80,1373,0.9461958806221102,0.9408734031471023,0.016856679608507848,15
5,26,1373,0.9461958806221101,0.9426204183082301,0.01568296936045267,15
6,86,1373,0.9461958806221101,0.9399574694727939,0.015436673286228235,15
5,23,1373,0.9461867426942266,0.9416483516483517,0.01613012114097037,15
5,25,1373,0.9461867426942266,0.9424438213247907,0.015602478642296658,15
6,83,1373,0.9461358313817331,0.9400274137836504,0.01549896303772866,15
5,76,1373,0.946075782141356,0.9407062051752001,0.016993920281846736,15
6,84,1373,0.9460757821413559,0.9401875363885343,0.015526352678761759,15
5,82,1373,0.9460679496317415,0.9409067957464251,0.01677187623934856,15
5,71,1373,0.946008553100499,0.9405356131157984,0.017054131784001454,15
5,63,1373,0.9460085531004988,0.940607411120597,0.016483130068645754,15
6,88,1373,0.9459556836606018,0.9399925330075011,0.015466925179472787,15
5,77,1373,0.9459491565692564,0.940455825951193,0.017065515569599583,15
5,81,1373,0.9459491565692564,0.9407522864400982,0.016872477252470403,15
5,62,1373,0.9458956344202246,0.9405834436411772,0.016588703098624872,15
5,79,1373,0.9458897600380138,0.9403895107031244,0.01702250651852186,15
5,78,1373,0.9458897600380136,0.9402558358723718,0.017067132361964638,15
6,89,1373,0.9458355851798476,0.9401761270328626,0.01539307426960004,15
5,73,1373,0.9458303635067712,0.9406414825374199,0.016977265640078336,15
6,85,1373,0.9457755359394704,0.9400052216730763,0.015496713559114878,15
6,90,1373,0.9457755359394704,0.9400823457844127,0.015309510771876986,15
5,72,1373,0.9457709669755288,0.940841812024991,0.017037249315066907,15
5,74,1373,0.9457709669755285,0.9406107529913661,0.016937701129433522,15
6,82,1373,0.9456554374587163,0.9396002809260114,0.01558311573057454,15
6,87,1373,0.9456554374587162,0.9399168448562604,0.015491209524508092,15
5,22,1373,0.9456521739130435,0.9410496868301572,0.016077925993350846,15
5,24,1373,0.9455927773818009,0.9416319033781613,0.015960885843241058,15
6,46,1373,0.9455927773818009,0.9407942425832662,0.014306755063714495,15
6,32,1373,0.9455333808505584,0.940792258347497,0.014741536124403024,15
6,47,1373,0.9455333808505583,0.9409113908187322,0.014268010099201258,15
5,18,1373,0.9455333808505583,0.940884055360178,0.01687833768478532,15
5,16,1373,0.9454739843193157,0.9408429346847024,0.0167556571127289,15
6,30,1373,0.9454739843193157,0.9413645537166563,0.0144560184180972,15
6,49,1373,0.9452363981943455,0.9408594351716233,0.01403482960877505,15
6,50,1373,0.9451770016631029,0.9410412016114081,0.014110849490378389,15
5,21,1373,0.9451770016631028,0.9401551359070959,0.01655084986671318,15
6,31,1373,0.9451176051318603,0.9409515454846887,0.014593803479090688,15
5,15,1373,0.9450582086006176,0.9411245395137056,0.016760946833275392,15
6,34,1373,0.9450582086006176,0.9399615684861585,0.014897075135415728,15
6,81,1373,0.945054945054945,0.9392378707061529,0.015682683272193524,15
6,52,1373,0.9449988120693752,0.9409912302000683,0.014299439391365593,15
6,48,1373,0.9449988120693751,0.9411552951681249,0.014024114392111904,15
6,33,1373,0.94488001900689,0.9403081309282306,0.014774635864406853,15
5,17,1373,0.94488001900689,0.9411477237421643,0.016731600825179046,15
6,51,1373,0.94488001900689,0.9411993399805232,0.01431395006008771,15
5,12,1373,0.9448747973338136,0.9411387946812038,0.016944829975948438,15
5,20,1373,0.9448206224756474,0.9401457891122895,0.016735763333740244,15
5,19,1373,0.9448206224756474,0.9407270918675052,0.016845968212679488,15
7,27,1373,0.9447612259444049,0.9386084502335393,0.014150751933339655,15
5,8,1373,0.9447612259444048,0.9405775170422355,0.015797098638757105,15
6,37,1373,0.9447612259444048,0.9401448231027704,0.014985252922136118,15
6,44,1373,0.9447018294131623,0.9401173571023892,0.014280321928101726,15
6,53,1373,0.9446946496126825,0.9408065396233607,0.014551169143384725,15
6,43,1373,0.9446424328819196,0.939878674426073,0.014440429868359039,15
6,29,1373,0.9445830363506771,0.9414621206780864,0.014503275562263749,15
6,54,1373,0.9445745511319281,0.9405275978476263,0.01482881091650015,15
6,36,1373,0.9445236398194345,0.9402881058119832,0.014805939465765356,15
6,79,1373,0.944454452651174,0.9392708194632643,0.015875754126114378,15
6,80,1373,0.9443944034107968,0.9391803539772178,0.01580465795966573,15
6,41,1373,0.9442860536944643,0.9397242695532074,0.01477805061323246,15
6,35,1373,0.9442860536944642,0.9398755414222271,0.01493156467895159,15
6,45,1373,0.9442266571632216,0.9404047840968726,0.014201841492956453,15
6,40,1373,0.9441672606319791,0.9396220814111049,0.014676484421764295,15
6,42,1373,0.9441672606319791,0.9396452917479289,0.014623336056447996,15
6,75,1373,0.9441542064492885,0.939165916051162,0.01592673736434125,15
5,10,1373,0.9441542064492884,0.9389398698236902,0.01667697422311848,15
7,28,1373,0.9440341079685343,0.939155368271548,0.01427983593971611,15
6,38,1373,0.9439890710382514,0.9395175174077525,0.015204381235295682,15
6,78,1373,0.9439740587281571,0.9389012555512912,0.01600670898451572,15
6,76,1373,0.9439740587281571,0.9389800244896468,0.015991985829753325,15
6,28,1373,0.9439296745070088,0.9410742025852504,0.014450440134376569,15
5,9,1373,0.94391400948778,0.9388406841436064,0.01608741462177323,15
5,11,1373,0.9438108814445236,0.9405033953929178,0.01635993991108349,15
7,81,1373,0.9438108814445236,0.9392149214529829,0.01546426659832761,15
7,50,1373,0.9438108814445236,0.9398648108840554,0.014440630239466606,15
7,26,1373,0.9438108814445236,0.9377091998047095,0.014316379936485503,15
7,84,1373,0.943751484913281,0.9394136322219003,0.015358684269051535,15
6,55,1373,0.9437338617666486,0.9402083708641087,0.014818821829057903,15
6,74,1373,0.9437338617666486,0.9392302992801924,0.015737772971094365,15
7,87,1373,0.9437338617666486,0.9394551445228566,0.01528437487041381,15
7,66,1373,0.9436920883820386,0.9383286468817473,0.015484309866100434,15
7,82,1373,0.9436920883820384,0.9395675671441888,0.015455208066913586,15
7,83,1373,0.9436326918507959,0.9394742558463158,0.015310616156418483,15
7,78,1373,0.9436326918507959,0.9388376555732222,0.015596965747719075,15
7,64,1373,0.9436326918507959,0.938231889279644,0.015394267115545281,15
7,29,1373,0.9436137632858944,0.939376088392482,0.014260421106540798,15
7,80,1373,0.9435732953195533,0.9387642649581354,0.015588513663640212,15
7,63,1373,0.9435732953195533,0.9381484730522507,0.015445385541140378,15
7,86,1373,0.9435537140455174,0.9393815450408465,0.015329105949123335,15
7,49,1373,0.9435138987883107,0.9394608361465098,0.014289252586261734,15
6,77,1373,0.9434936648051402,0.9388203457269744,0.016045224603516435,15
6,39,1373,0.9434545022570683,0.9393171618118161,0.014976912162731277,15
7,39,1373,0.9434336155647631,0.9382854636454065,0.015024780331818288,15
7,67,1373,0.9434336155647631,0.9381827533359963,0.015380643000021905,15
7,44,1373,0.9433951057258256,0.938922325002154,0.014517772152147388,15
7,79,1373,0.9433951057258256,0.9387426472315995,0.015621370198439918,15
7,40,1373,0.9433357091945831,0.9384300517728886,0.015006661770334205,15
7,52,1373,0.9432763126633406,0.9394528730950685,0.014505803973738197,15
7,85,1373,0.9432763126633404,0.9393697701680596,0.015283847236452432,15
6,56,1373,0.9432534678436318,0.9397903237176223,0.014761966844784168,15
7,53,1373,0.943216916132098,0.9390545116560797,0.014736364133677265,15
7,43,1373,0.9432169161320979,0.9385154783444165,0.014650041951820394,15
7,77,1373,0.9432169161320979,0.9385490798106624,0.015633946273799378,15
7,51,1373,0.9431575196008554,0.9397430936846476,0.014382922433384546,15
7,71,1373,0.9431575196008554,0.9380719755416833,0.015351563663052693,15
6,73,1373,0.9431333693628776,0.9387838984489021,0.015713384054283297,15
6,71,1373,0.9431333693628775,0.9388548087692778,0.015729793799154606,15
6,57,1373,0.9431333693628775,0.9395991321579347,0.015010807938479503,15
7,72,1373,0.9430981230696128,0.9380763617470673,0.015357187389096668,15
7,68,1373,0.9430981230696127,0.9381331996585027,0.015347753010634319,15
7,75,1373,0.9430981230696127,0.9384946177604767,0.015769567496397945,15
6,67,1373,0.9430733201225004,0.9391960712131774,0.015631448217890892,15
7,54,1373,0.9430387265383702,0.9388909166386002,0.01467880103937523,15
6,72,1373,0.9430132708821233,0.9387120221190071,0.015744424239754605,15
7,56,1373,0.9429793300071276,0.9382908158603099,0.014801709119276711,15
7,35,1373,0.9429532216417462,0.9384312266493307,0.015001713356695489,15
7,36,1373,0.9429532216417461,0.9384191384761591,0.014990982452022794,15
7,45,1373,0.9429199334758851,0.9392584702064388,0.01443850587171241,15
6,27,1373,0.942919933475885,0.9402761220722732,0.014647076650003636,15
7,88,1373,0.9428605369446424,0.9395240706074633,0.01515509223133698,15
7,65,1373,0.9428605369446424,0.938095916912738,0.01548889133883411,15
6,69,1373,0.9428331231609921,0.938711186651315,0.015647380667224993,15
7,48,1373,0.9428011404133999,0.9393766105597895,0.014225902727945335,15
7,69,1373,0.9428011404133998,0.937990073599482,0.015362345213996874,15
7,55,1373,0.9428011404133998,0.9385374615880673,0.014655551657989943,15
7,37,1373,0.9427730739206149,0.9379320869199701,0.015149676304455345,15
6,68,1373,0.9427130246802378,0.9389691373012827,0.01560330338015376,15
6,65,1373,0.9427130246802378,0.9390413008231968,0.015436195894532911,15
7,70,1373,0.9426823473509147,0.9382560656259872,0.015532861235247124,15
7,41,1373,0.9426823473509147,0.9383706813500113,0.014780422029358585,15
7,76,1373,0.9426823473509147,0.9383442857926109,0.01575673597604731,15
7,89,1373,0.9426823473509147,0.939411621877766,0.01514921396986525,15
7,62,1373,0.9426529754398607,0.9379521120362174,0.015361197512704938,15
6,70,1373,0.9426529754398607,0.9385680605922944,0.015743912001724997,15
7,47,1373,0.9426229508196722,0.9397578449110879,0.014288778435944883,15
6,58,1373,0.9425929261994836,0.9394056169537283,0.015068962101050564,15
7,31,1373,0.9425635542884295,0.9390485850571381,0.0146451369785371,15
7,57,1373,0.9425328769591066,0.9382330902644516,0.014896704250081404,15
7,46,1373,0.942504157757187,0.9394072095640164,0.014518039635434271,15
7,42,1373,0.942504157757187,0.9383584365266475,0.01461194527783845,15
7,25,1373,0.9425041577571869,0.9372367428247683,0.014281086697120674,15
7,58,1373,0.9424728277187293,0.938070722340145,0.014993914701089815,15
6,64,1373,0.9424728277187293,0.9389717481378207,0.015439300777004741,15
6,26,1373,0.9424447612259443,0.9399155394379913,0.014596923198574757,15
6,66,1373,0.9424127784783523,0.9389742545408972,0.015485198478290886,15
7,73,1373,0.9423853646947018,0.9384659768836535,0.0155777549918172,15
7,60,1373,0.9423527292379752,0.9376648678002918,0.015248135931395967,15
7,33,1373,0.9423527292379751,0.9383448601766492,0.014903468755147566,15
7,90,1373,0.9423259681634594,0.9392420741529793,0.014908527504756276,15
7,30,1373,0.9422926799975981,0.9389847239954154,0.014460940478196342,15
7,61,1373,0.942292679997598,0.9376608993287538,0.01525390287138232,15
6,59,1373,0.9422326307572209,0.9391478229539528,0.015109409572260554,15
7,38,1373,0.9421725815168439,0.9377625914119142,0.01505867689056457,15
7,59,1373,0.9421725815168438,0.9376529884940434,0.015148102948008396,15
7,74,1373,0.9421477785697315,0.9385658674896024,0.01563969607817355,15
6,11,1373,0.9421125322764667,0.9374465757573384,0.015918290842820513,15
6,63,1373,0.9421125322764667,0.9387165127578527,0.015507783039321736,15
6,24,1373,0.9420289855072463,0.9391652894503929,0.014369825174684376,15
7,34,1373,0.9420289855072463,0.9381870351079189,0.014956155064224883,15
6,15,1373,0.9419924337957125,0.9377970283458523,0.015122260790672248,15
6,25,1373,0.9419323845553353,0.9392246337649047,0.014483175986953875,15
7,32,1373,0.9419101924447613,0.9385935945736373,0.014706115840882465,15
6,61,1373,0.9418122860745812,0.9387263817199668,0.015279953626734583,15
6,22,1373,0.9417522368342041,0.9384344118699073,0.014868144349438875,15
7,24,1373,0.9417320028510335,0.9363683785921847,0.014331464380291143,15
6,13,1373,0.9416132097885483,0.9376959889718265,0.015603323856011948,15
6,10,1373,0.9416132097885483,0.9371759625501607,0.015313038059150406,15
6,62,1373,0.9415720891130728,0.9386640088350708,0.015241222582715333,15
6,12,1373,0.9415538132573058,0.938464175406442,0.015548611244287408,15
6,14,1373,0.9415120398726956,0.9377461953584547,0.015368794964564062,15
6,21,1373,0.9413919413919414,0.9378668160065167,0.01499790032431319,15
7,21,1373,0.9411517444304329,0.9357019364574601,0.014795909036769589,15
6,16,1373,0.9411380375386077,0.9379611455306395,0.015397616155295373,15
6,60,1373,0.9410916951900559,0.9387706353992883,0.015146563617243569,15
6,23,1373,0.9409115474689246,0.9384085123714488,0.01451782154241293,15
6,20,1373,0.9406713505074161,0.9371847610692943,0.015193508635748903,15
6,17,1373,0.9405512520266618,0.9377141603941318,0.015428638751426926,15
7,20,1373,0.9405440722261821,0.9352637336528998,0.014985740959560862,15
7,23,1373,0.9405440722261821,0.9360920476529886,0.01413343415861685,15
6,18,1373,0.9402510058247763,0.937523438785021,0.015380856651467004,15
7,13,1373,0.9402470895699692,0.9353018518663566,0.01547156650368755,15
7,19,1373,0.9400708581036449,0.934409546262718,0.015190050290100326,15
7,17,1373,0.9400108088632678,0.9348664948736224,0.015405756038170569,15
7,22,1373,0.9398907103825137,0.935518499082291,0.014541859314574967,15
6,9,1373,0.9398907103825137,0.9353677232722135,0.015303969292176034,15
6,19,1373,0.9398907103825136,0.9372158822408287,0.015298608201618696,15
7,14,1373,0.9398306611421366,0.9350517337260031,0.015400646364896544,15
7,15,1373,0.9397105626613823,0.9355212143522906,0.015365344222756728,15
7,18,1373,0.9395343311950581,0.9344882629843428,0.015251578434789297,15
7,16,1373,0.939470365699874,0.9351361681796463,0.015501280768652335,15
7,10,1373,0.9391701194979885,0.9349221840169808,0.015867841888972153,15
6,8,1373,0.9387497748153486,0.9347420885125802,0.015005819030979323,15
7,9,1373,0.9385696270942173,0.9342385103611047,0.015523443875164676,15
7,11,1373,0.9385245901639344,0.9357071059138059,0.015784328858585897,15
7,12,1373,0.9382870040389641,0.9349658110955332,0.015566672277529102,15
7,8,1373,0.9360475589983787,0.9324877617037275,0.015411200632218786,15
1,17,1371,0.9798051793775243,0.9766293708667194,0.00966306919572425,16
1,20,1371,0.9794631597910286,0.9762155793837904,0.009494027806802259,16
1,18,1371,0.9793894036588262,0.9765601445359107,0.009658638574306941,16
1,19,1371,0.9793894036588262,0.9763381581592557,0.009404406276862582,16
1,21,1371,0.9793430613102745,0.9760027700975669,0.009385283389916064,16
1,22,1371,0.9790924210026134,0.9758613932990269,0.009590926127962914,16
1,14,1371,0.9790372670807453,0.9763362130860349,0.009399703615146738,16
1,57,1371,0.9789827658680117,0.9758413942911447,0.01011329774322082,16
1,15,1371,0.9789736279401282,0.9766208725937876,0.009359958776614045,16
1,58,1371,0.9789227166276346,0.9756933206968845,0.01022844006714632,16
1,12,1371,0.9789178213091256,0.9764289369456867,0.009281580836360782,16
1,35,1371,0.9788580984233158,0.9777175805899968,0.009805502895417394,16
1,10,1371,0.9787386526516961,0.9759528639571405,0.008856883707104869,16
1,11,1371,0.9787386526516961,0.9764718068816431,0.009163142131552867,16
1,24,1371,0.9786789297658863,0.9760108897992005,0.009725229460697291,16
1,34,1371,0.9786192068800765,0.9778825724050243,0.009670306882948848,16
1,25,1371,0.9785624211853721,0.9761466402450009,0.009679568632285983,16
1,46,1371,0.9785594839942666,0.975826786660714,0.010062728807645548,16
1,23,1371,0.9785578522214302,0.9758481171952305,0.009734947326457351,16
1,56,1371,0.9785023719449949,0.9757192985204389,0.010191544861532377,16
1,59,1371,0.9785023719449948,0.9755663426618523,0.01029035785948798,16
1,9,1371,0.9784997611084567,0.9757691785525,0.008914381533857669,16
1,33,1371,0.9784997611084567,0.9780981361237953,0.009549928735794425,16
1,26,1371,0.9784400382226469,0.9764598884128464,0.009576985071809332,16
1,30,1371,0.9784400382226469,0.9774211070469089,0.009565593984355367,16
1,55,1371,0.9783822734642407,0.9756260394392967,0.010216281357454695,16
1,60,1371,0.9783822734642407,0.9754136217785541,0.01032692902412722,16
1,49,1371,0.9783822734642407,0.9758341100572036,0.009869803400285374,16
1,36,1371,0.9783222242238636,0.9772798868985612,0.00974360530759047,16
1,63,1371,0.9783205924510272,0.975229414206606,0.010231368542649206,16
1,67,1371,0.9782608695652173,0.974607565159953,0.010587432137583406,16
1,16,1371,0.9782608695652173,0.9763715377043958,0.009648495603694901,16
1,37,1371,0.9782021257431094,0.977091253958681,0.009794478710024417,16
1,61,1371,0.9782021257431093,0.9753324639247662,0.010342102047108332,16
1,62,1371,0.9782021257431093,0.9752273516457408,0.010186184966808226,16
1,8,1371,0.9782011466794076,0.9754448343293675,0.009259640532455834,16
1,66,1371,0.9782011466794075,0.9748467438952114,0.01046405458313756,16
1,31,1371,0.9782011466794075,0.97768630276827,0.009621643925369782,16
1,29,1371,0.9782011466794074,0.9772438443001522,0.009583313791650661,16
1,48,1371,0.9781420765027322,0.9757167660089968,0.010081758017893738,16
1,51,1371,0.9780820272623552,0.9760470368310711,0.009942427377597615,16
1,50,1371,0.978082027262355,0.9757861489899979,0.009903636647098216,16
1,54,1371,0.978082027262355,0.9756833995180395,0.010122043667574023,16
1,32,1371,0.9780817009077878,0.9778994384090606,0.009629611798949054,16
1,64,1371,0.9780817009077878,0.9751790120072372,0.01030253750532141,16
1,27,1371,0.978021978021978,0.9767154240390163,0.009670568270857079,16
1,47,1371,0.9779018795412238,0.9755901534910801,0.010125946616263544,16
1,13,1371,0.9778428093645485,0.9760387474250625,0.00957108273063231,16
1,52,1371,0.9778418303008467,0.9758438876400387,0.009962479397585598,16
1,53,1371,0.9778418303008467,0.975733723392312,0.010041721786432246,16
1,28,1371,0.9778418303008467,0.9768899454074079,0.009716710989449909,16
1,65,1371,0.9777817810604695,0.9748464697573749,0.01033871387541774,16
1,42,1371,0.9777217318200926,0.9759616363679087,0.010279465116622968,16
1,68,1371,0.9776636407071189,0.974614784122981,0.010513879621112296,16
1,43,1371,0.9774247491638797,0.9757875066249977,0.010277049616035134,16
1,38,1371,0.977421485618207,0.9768114114443409,0.009872425197303029,16
1,72,1371,0.9774214856182069,0.9744710575715565,0.010771996994942915,16
1,44,1371,0.9773053033922598,0.9758260556264831,0.010164495462464632,16
1,76,1371,0.9773013871374527,0.9746762954318193,0.010763907649356376,16
1,69,1371,0.9772455805064502,0.9744995287440048,0.010661367924476377,16
1,41,1371,0.97724558050645,0.9761431808865879,0.010226187932681461,16
1,75,1371,0.9772413378970756,0.9746333210624016,0.010745742578671419,16
1,71,1371,0.9771812886566984,0.9745090321890038,0.010804818969502526,16
1,74,1371,0.9771812886566984,0.974532947451693,0.01069822184077976,16
1,70,1371,0.9771212394163213,0.9745088885929941,0.010718748179435763,16
1,45,1371,0.9770664118490204,0.9756541059320817,0.010129762529926326,16
1,39,1371,0.9770611901759443,0.9766892765110871,0.009959682647819077,16
1,40,1371,0.9770066889632106,0.9765981974784542,0.010175994555448816,16
1,89,1371,0.9768209932144358,0.9744042071019975,0.010980590705375451,16
1,77,1371,0.9767609439740588,0.974097969030257,0.010866420956434067,16
1,82,1371,0.9767008947336816,0.9740743148512216,0.010932046756413826,16
1,73,1371,0.9766408454933044,0.9739257060354709,0.010716385806108817,16
1,84,1371,0.9765807962529274,0.9741603158067877,0.01101206998062574,16
1,78,1371,0.9765807962529274,0.9741313616295797,0.010870522598790821,16
1,79,1371,0.9765807962529274,0.9741865677681787,0.010808743609599021,16
1,81,1371,0.9765207470125503,0.974162665559672,0.010882602917772169,16
1,80,1371,0.9765207470125503,0.9741266099070803,0.010847719525313588,16
1,83,1371,0.976460697772173,0.974033690234688,0.011005681076928233,16
1,90,1371,0.9762805500510419,0.9741959798338986,0.011003093886324544,16
1,87,1371,0.9761604515702875,0.9741027990778526,0.010998789488088145,16
1,85,1371,0.9760403530895334,0.9740501907216089,0.011070530756034442,16
1,88,1371,0.9759803038491562,0.9741026946443909,0.01095711728490704,16
1,86,1371,0.9758602053684022,0.9740287296452657,0.011074621381855491,16
2,10,1371,0.9691346904461658,0.9653043843777985,0.010490475502030267,16
2,34,1371,0.9690746412057888,0.9655878167923784,0.010364125291413498,16
2,36,1371,0.9690746412057888,0.9655428451330091,0.010608916492945939,16
2,39,1371,0.9690635451505016,0.9653250230406324,0.010970951468773239,16
2,38,1371,0.9689440993788819,0.9652410063208353,0.01084854050679028,16
2,33,1371,0.9688944934846574,0.965529764841953,0.01021622966615752,16
2,54,1371,0.9687649307214524,0.964787125442863,0.010523282475889534,16
2,55,1371,0.9687143457635261,0.964885462601072,0.010538708149647214,16
2,52,1371,0.968654296523149,0.9648950313169844,0.010544509522100634,16
2,53,1371,0.9686454849498328,0.9648639623621804,0.01045593985659443,16
2,40,1371,0.9685857620640229,0.964891585012754,0.011019788228856676,16
2,37,1371,0.9684741488020177,0.9651791686574295,0.010620315040939235,16
2,57,1371,0.9684663162924031,0.9645059644560713,0.0106765427279921,16
2,56,1371,0.9684140995616406,0.9647827131291138,0.01057343876875869,16
2,32,1371,0.9684140995616405,0.9652621540967943,0.010187784024459457,16
2,41,1371,0.9684065934065934,0.9646743895211466,0.011071379235587899,16
2,51,1371,0.9683540503212635,0.964753628410079,0.010682514954886377,16
2,50,1371,0.9682274247491639,0.9649980418725964,0.010518739119195658,16
2,35,1371,0.968113853359755,0.9652914607369345,0.010450976507180423,16
2,49,1371,0.9679885332059246,0.9648354128646359,0.010489536377814091,16
2,58,1371,0.9679337056386237,0.9643532696811385,0.01084909394699895,16
2,60,1371,0.9679337056386237,0.9641545458580384,0.011157339842431698,16
2,48,1371,0.9678690874343048,0.9646802247408093,0.010527077881781428,16
2,61,1371,0.9677535579174923,0.9640300872802654,0.011059943041647731,16
2,9,1371,0.9677535579174923,0.9645412760202496,0.009986575203974632,16
2,16,1371,0.9676899187768753,0.9644790858939112,0.010499345535629366,16
2,71,1371,0.9676882870040389,0.9636066226479626,0.011712853876919734,16
2,42,1371,0.9676334594367382,0.9644786551058825,0.010993030620336523,16
2,79,1371,0.9675704730052557,0.9637311595508318,0.011910938904836636,16
2,83,1371,0.9675694939415538,0.9635604630579683,0.011986305802480678,16
2,69,1371,0.9675694939415538,0.9636063224017609,0.011567780068386,16
2,87,1371,0.9675694939415538,0.9637394881193884,0.011999811803361219,16
2,11,1371,0.967513360955984,0.9645820311786099,0.010677638953705132,16
2,59,1371,0.967513360955984,0.964107381095977,0.01104348168880125,16
2,44,1371,0.967513360955984,0.9645584031079397,0.010779883502431212,16
2,43,1371,0.9675107501194458,0.9645989755077425,0.01080235628284387,16
2,45,1371,0.9675107501194458,0.9645273472073187,0.0107206626698752,16
2,88,1371,0.9675107501194457,0.9636174967821439,0.012046413703741965,16
2,84,1371,0.9675100974103112,0.9634385108832721,0.012050946130182915,16
2,31,1371,0.9674533117156068,0.9650058352196628,0.01015888782267177,16
2,72,1371,0.9674533117156068,0.9635608938459971,0.011791114403217298,16
2,62,1371,0.9674533117156068,0.9639681451833982,0.011161631883282876,16
2,12,1371,0.9673932624752297,0.9641630441309701,0.01077733543378058,16
2,73,1371,0.9673932624752296,0.9636280184533926,0.011805017070581908,16
2,68,1371,0.967391304347826,0.9634751278657194,0.01146478722622034,16
2,74,1371,0.9673332132348524,0.9636207472736339,0.011884535520187214,16
2,46,1371,0.9672731639944755,0.9644965393361689,0.010598620901386848,16
2,86,1371,0.967272511285341,0.9636250943164698,0.012065258480626858,16
2,70,1371,0.9672725112853409,0.9635733736446493,0.011669835585117413,16
2,47,1371,0.9672718585762065,0.9645699691138039,0.010480267889879465,16
2,85,1371,0.9672131147540984,0.9633691670648193,0.01210308441078979,16
2,64,1371,0.9672131147540983,0.9634423227046177,0.0112468193469873,16
2,63,1371,0.9672131147540983,0.9637604139742415,0.011226643932861687,16
2,30,1371,0.9672121356903965,0.9648649675342478,0.010237897376349564,16
2,82,1371,0.9672121356903964,0.9635080505144654,0.011987006469437157,16
2,89,1371,0.9672121356903964,0.9635551891681614,0.01203363411130097,16
2,81,1371,0.9671524128045867,0.9637499445197235,0.011935167352155088,16
2,65,1371,0.9670930162733441,0.9632819651244455,0.011344994009381385,16
2,29,1371,0.967092689918777,0.964550453110681,0.01011719356852081,16
2,80,1371,0.9670926899187768,0.9637428299901571,0.011954415972893404,16
2,14,1371,0.9670926899187768,0.9645615622201508,0.010646986623748607,16
2,67,1371,0.9670349251603706,0.9633654335685696,0.011425105131575105,16
2,66,1371,0.967032967032967,0.9631742159005167,0.011439744650874209,16
2,15,1371,0.9669732441471572,0.9640919771604018,0.010627511819001565,16
2,78,1371,0.9669732441471572,0.9637790814554892,0.011959883117035988,16
2,28,1371,0.96697291779259,0.9644711097882873,0.0101672932035363,16
2,90,1371,0.9669161320978855,0.9634524527503858,0.012080550213791154,16
2,24,1371,0.9668528193118358,0.9629970314788561,0.010709285565632092,16
2,27,1371,0.9668528193118358,0.9639381336173923,0.010363424588365673,16
2,77,1371,0.9667940754897277,0.9636164263391632,0.011978135064284969,16
2,25,1371,0.9666726715907044,0.9633572747043881,0.01053663827794889,16
2,17,1371,0.9666149068322981,0.9638571324137967,0.010574812123738201,16
2,75,1371,0.9666126223503272,0.9638481641902882,0.011848822166162048,16
2,26,1371,0.9665551839464882,0.9635937642780122,0.010636743117227709,16
2,13,1371,0.9664954610606785,0.9639098452035018,0.010653819397447854,16
2,76,1371,0.9664324746291959,0.9636404982520449,0.011871806723363125,16
2,22,1371,0.9662523269080647,0.9629405329761709,0.01047109824281708,16
2,18,1371,0.9662523269080647,0.9634001185319788,0.01052671663337396,16
2,21,1371,0.9660774008600096,0.9631035536096121,0.010511907024658722,16
2,19,1371,0.965952080706179,0.9631418806899918,0.010529122693936192,16
2,23,1371,0.96589823220258,0.9627512995438867,0.010505938934717844,16
2,20,1371,0.9657190635451505,0.963201929930369,0.010472182814318637,16
2,8,1371,0.9652412804586719,0.9639201318994618,0.009911712869171424,16
3,31,1371,0.9597885483487764,0.9558251809962429,0.009670850749248285,16
3,32,1371,0.9596697552862912,0.9563228325487768,0.0095314865404559,16
3,33,1371,0.9595509622238061,0.9562991914239239,0.009621133038994147,16
3,38,1371,0.9591495461060677,0.9558355460172995,0.010747976385296894,16
3,37,1371,0.9589863688224344,0.9556654108542918,0.010451478883222842,16
3,36,1371,0.9589263195820572,0.9556817416368378,0.010334430836897357,16
3,55,1371,0.9589106545628284,0.9559812698586755,0.01078998765710754,16
3,34,1371,0.9588662703416801,0.9560458750088116,0.009753344226472414,16
3,49,1371,0.9588382038488952,0.9555515914354118,0.0104723517515825,16
3,35,1371,0.9587461718609258,0.9560718658865486,0.010151378388272136,16
3,29,1371,0.9587194107864101,0.9551104253313806,0.009759474375883044,16
3,51,1371,0.9587194107864101,0.9555080165735903,0.010445150267514398,16
3,30,1371,0.9586717630195891,0.9552750907918406,0.009667671079733028,16
3,54,1371,0.9586600142551676,0.95579741474966,0.010609631935523573,16
3,53,1371,0.9584818246614398,0.9555652200021407,0.010579625623232418,16
3,52,1371,0.9584224281301972,0.9554940094355632,0.010487826828333076,16
3,56,1371,0.9583630315989546,0.9555696584242557,0.010787428010590745,16
3,50,1371,0.9583630315989546,0.9553479461854373,0.010644011625518835,16
3,48,1371,0.9583630315989546,0.9550109002425465,0.010456761869166813,16
3,57,1371,0.9577096697552863,0.9552208506627607,0.010947937408781621,16
3,39,1371,0.9576564739608218,0.9554600685605675,0.011090173959938021,16
3,85,1371,0.957537028189202,0.9549260872176053,0.012450028272172451,16
3,58,1371,0.9574720836303161,0.9551256465083978,0.01108366143595614,16
3,47,1371,0.957472083630316,0.9548298909453576,0.010707811544812054,16
3,28,1371,0.9574126870990735,0.9546332427373053,0.00958033676382194,16
3,27,1371,0.9574126870990735,0.954565530691689,0.009619042145797037,16
3,40,1371,0.9573578595317725,0.9553097496468843,0.011039619449620102,16
3,44,1371,0.9573532905678308,0.9546987616802298,0.01097892799537588,16
3,83,1371,0.9572981366459626,0.9544145721230539,0.012394191276474054,16
3,26,1371,0.9572938940365883,0.9539387471639789,0.009812666395269903,16
3,71,1371,0.9571786908743429,0.9544172612846882,0.011816993135664035,16
3,43,1371,0.9571751009741032,0.9547895926833917,0.011129007154729587,16
3,45,1371,0.9571157044428605,0.9547083303961422,0.010838138772158999,16
3,46,1371,0.9571157044428605,0.9546910858208077,0.01070522576510275,16
3,78,1371,0.9570592451027233,0.9546346003723053,0.012196897316685822,16
3,82,1371,0.9569995222169134,0.9544625070818941,0.012253685365179153,16
3,79,1371,0.9569397993311037,0.954754764123973,0.012197888899037395,16
3,84,1371,0.9568800764452938,0.9546010772311555,0.01230165403746717,16
3,86,1371,0.9568800764452937,0.9551768972296412,0.01222834059634099,16
3,81,1371,0.9568203535594839,0.9544267255671389,0.012289926779216575,16
3,13,1371,0.9567645469284813,0.9535331667619622,0.011482695746491117,16
3,25,1371,0.9567645469284813,0.9533813466172696,0.00994711997225156,16
3,9,1371,0.9567593252554051,0.9545176348953969,0.011341649501281113,16
3,15,1371,0.9567044976881042,0.953261391732525,0.011385798494076444,16
3,68,1371,0.9567009077878643,0.9542964578780687,0.011645556935016543,16
3,80,1371,0.9567009077878643,0.954673136319608,0.012226003690534325,16
3,73,1371,0.9567009077878643,0.9543986460201712,0.012054079550821752,16
3,74,1371,0.9567009077878643,0.9547453259498876,0.012139025140658465,16
3,87,1371,0.9567009077878642,0.9550258864442757,0.012341488960353033,16
3,75,1371,0.9566411849020544,0.9544247935481007,0.012015376254387061,16
3,59,1371,0.95664053219292,0.9550490706727343,0.011022293457675086,16
3,76,1371,0.9565814620162447,0.9544942548541978,0.01198220892620431,16
3,77,1371,0.9565814620162446,0.9546971299073935,0.01202642486552623,16
3,41,1371,0.9565217391304348,0.9547251702918131,0.011202360450363545,16
3,69,1371,0.9565217391304347,0.9542172059349535,0.01175325576342853,16
3,72,1371,0.9564620162446249,0.9544246499520912,0.011890735802428642,16
3,70,1371,0.9564620162446249,0.9544968265281879,0.011946934675526056,16
3,60,1371,0.9564022933588152,0.9547787054950276,0.011037789424106525,16
3,67,1371,0.9564022933588151,0.9541839308232751,0.011603544812217224,16
3,42,1371,0.9562247564742219,0.9546248358436528,0.011071456096316493,16
3,89,1371,0.9561634018155757,0.9547940311055063,0.012475297038292626,16
3,88,1371,0.9561634018155756,0.9548202700127146,0.01239958201715056,16
3,66,1371,0.9561036789297659,0.9539999451724326,0.011598005732296832,16
3,65,1371,0.956043956043956,0.9536916314856444,0.011447934716497075,16
3,10,1371,0.955927773818009,0.9538664792086032,0.011105804189880282,16
3,90,1371,0.9559245102723364,0.9547962633707465,0.01253435690053012,16
3,61,1371,0.9558050645007168,0.9547025735015758,0.011148291980859445,16
3,22,1371,0.9558037590824476,0.9527250084199479,0.010625486146974525,16
3,62,1371,0.9557453416149069,0.9545186009049159,0.011190543983192773,16
3,64,1371,0.9557453416149069,0.953980899119887,0.011237458489932498,16
3,11,1371,0.9557453416149068,0.9531224952286962,0.011295325131673238,16
3,20,1371,0.955685618729097,0.9526939264109613,0.010936513230556218,16
3,14,1371,0.9556236113613162,0.9525889577279456,0.01174690963152211,16
3,63,1371,0.9554467271858575,0.95424896676144,0.011224096133030244,16
3,16,1371,0.955443463640185,0.9529866403494345,0.011474434775350206,16
3,17,1371,0.9553870043000477,0.9530400711191873,0.01124887691950728,16
3,18,1371,0.9553272814142378,0.9527118236954303,0.011252920598227932,16
3,24,1371,0.9553233651594307,0.9531899200822935,0.010163945479279901,16
3,12,1371,0.9552675585284282,0.9526733269106754,0.011302016202916806,16
3,19,1371,0.9552633159190536,0.952778896086095,0.011121850635670678,16
3,21,1371,0.9549774293181278,0.952557288280738,0.010759286752146564,16
3,23,1371,0.9549030204767909,0.9527028685261045,0.010531919220790692,16
3,8,1371,0.9544826757941511,0.9534008104036615,0.01111406737975109,16
4,32,1371,0.9525203057811753,0.9494447011767039,0.009998629053264567,16
4,31,1371,0.9524008600095557,0.9496144577684136,0.009747778602921859,16
4,37,1371,0.9519827998088868,0.9488466368509134,0.010988913809790272,16
4,30,1371,0.9518888096935139,0.9489037750085504,0.009838682807233651,16
4,33,1371,0.9517204107368041,0.9492151172657232,0.010207386598056745,16
4,34,1371,0.9516841853798375,0.9492408992765371,0.01030802147686098,16
4,38,1371,0.9513601152945415,0.9487270083207359,0.011469572660347151,16
4,36,1371,0.9512661251791686,0.9486381093366124,0.010719946008488886,16
4,35,1371,0.9510272336359293,0.9486836945425684,0.010474631740338225,16
4,39,1371,0.9509998198522789,0.9483966722277485,0.011405014553360359,16
4,43,1371,0.9509077878643097,0.947918628057616,0.011283353258438818,16
4,29,1371,0.95087906866239,0.9481980920006579,0.009866742121531713,16
4,28,1371,0.9507883420926899,0.9477800709625371,0.009873296733444963,16
4,44,1371,0.9506995736503934,0.9478518428589705,0.011121507885413679,16
4,42,1371,0.9504897276636407,0.9478252384346467,0.01145440635646207,16
4,12,1371,0.9504897276636407,0.9466960907944514,0.012076761425892885,16
4,45,1371,0.9502792289677535,0.947734537973312,0.011133455833198084,16
4,48,1371,0.9502257068187218,0.9484871116054294,0.010858515868497799,16
4,41,1371,0.9501313903487817,0.9476873209945198,0.011422227804853536,16
4,40,1371,0.9501313903487817,0.9476345559880843,0.01141606366974033,16
4,8,1371,0.9500716674629719,0.9481468673877796,0.0119447013930285,16
4,47,1371,0.9499789827658679,0.9480018354180862,0.010841512544866651,16
4,49,1371,0.949928724162509,0.9481330038457623,0.010747002321950146,16
4,27,1371,0.949928724162509,0.947319010284085,0.01001338036694635,16
4,14,1371,0.949918933525491,0.946620990081432,0.011866331342792505,16
4,46,1371,0.949918933525491,0.9478135549411385,0.010959164550358915,16
4,53,1371,0.9498693276312663,0.9487548920549633,0.010991413127961572,16
4,26,1371,0.9498099311000238,0.9470098089128737,0.009939806589457041,16
4,50,1371,0.9495723449750535,0.9482886619201658,0.010593466143965481,16
4,13,1371,0.9495341614906833,0.9457880287923054,0.012135483743426252,16
4,52,1371,0.9495129484438107,0.9484371140857242,0.010877749294441776,16
4,51,1371,0.9494744386048735,0.948362888002945,0.010674559690998115,16
4,15,1371,0.9493784903620969,0.9460138530986713,0.012100660399116678,16
4,10,1371,0.9493549928332536,0.9463996694680944,0.011667137286897946,16
4,54,1371,0.9492753623188405,0.9488676149224973,0.011053839607254035,16
4,11,1371,0.9489581456794571,0.9458724371375833,0.011686066464942873,16
4,9,1371,0.948877209746775,0.9473353280124485,0.011809845515728827,16
4,90,1371,0.9486220004751723,0.9487126878823244,0.013008489387611158,16
4,55,1371,0.9486220004751722,0.9484231591644279,0.011122087846972347,16
4,25,1371,0.9486220004751722,0.9467306582702163,0.010106448325265164,16
4,16,1371,0.9485978502371946,0.9459929664063662,0.011825639153172883,16
4,89,1371,0.9485626039439297,0.9485982288084923,0.012962260599106873,16
4,88,1371,0.9485626039439295,0.9485596536986415,0.01297111008813304,16
4,17,1371,0.9484591495461061,0.9454475104368192,0.011647588219087726,16
4,85,1371,0.9484438108814445,0.9489018038269643,0.012759863621462789,16
4,56,1371,0.9483250178189593,0.9481024701124486,0.011180755783215708,16
4,87,1371,0.9482656212877167,0.9485666768489293,0.01286025399971345,16
4,18,1371,0.9481174563141777,0.9454205535495628,0.011502036904647156,16
4,57,1371,0.9481008122312471,0.9481822833854195,0.011294742546060764,16
4,86,1371,0.9480874316939891,0.9487316817181395,0.01271524007067494,16
4,58,1371,0.9477904490377762,0.9479933763077029,0.011311512135755254,16
4,24,1371,0.9477310525065336,0.9463120106313265,0.010223814603912277,16
4,79,1371,0.9476122594440485,0.9483046271855966,0.012649945127295791,16
4,83,1371,0.9475528629128058,0.9482822523164646,0.0128051567505886,16
4,81,1371,0.9475528629128058,0.9482775789190616,0.01274900756966977,16
4,84,1371,0.9475528629128057,0.9486890337032886,0.0128794688044208,16
4,80,1371,0.9475528629128057,0.9482088355930124,0.012678090231314547,16
4,19,1371,0.9475035833731487,0.9452695166558317,0.01108604254346775,16
4,20,1371,0.9472646918299092,0.9450773329782595,0.010891564005123958,16
4,69,1371,0.947255880256593,0.9477191470919196,0.012244492213562032,16
4,70,1371,0.947255880256593,0.9475776789141009,0.012174208500297478,16
4,82,1371,0.9472558802565928,0.9481434080293666,0.012754885472564242,16
4,78,1371,0.9471370871941079,0.9483814379965484,0.012691345437027868,16
4,71,1371,0.9471370871941077,0.9475322634125201,0.012161268488426342,16
4,21,1371,0.9470855231724797,0.9451059869092654,0.010779487625534061,16
4,68,1371,0.9469588976003801,0.9472505541500553,0.01207656994809942,16
4,67,1371,0.9468995010691377,0.9472459329693826,0.011960439792605465,16
4,23,1371,0.9468466316292403,0.9458744605359003,0.01033882625709734,16
4,59,1371,0.946840104537895,0.9476755983384636,0.011367632069465033,16
4,60,1371,0.946840104537895,0.9476403912077468,0.01144519706688013,16
4,72,1371,0.9466025184129248,0.94769280375125,0.012344342642397256,16
4,61,1371,0.9466025184129248,0.9474229607408509,0.0114057634342827,16
4,76,1371,0.9466025184129246,0.9482431550393062,0.012362605924206583,16
4,77,1371,0.9466025184129245,0.9482142661330115,0.012566345691695065,16
4,75,1371,0.9464961268239958,0.9478081113469569,0.012466910353773451,16
4,66,1371,0.9464837253504396,0.9471266569021379,0.011787383548422032,16
4,73,1371,0.9464243288191969,0.9478846871826201,0.012394417249815173,16
4,64,1371,0.9463649322879544,0.9466460671663808,0.011662812619448754,16
4,22,1371,0.9462494027711419,0.9451341839438776,0.01071583039063453,16
4,74,1371,0.9461867426942266,0.9476549727298124,0.012448260382171356,16
4,63,1371,0.9460757821413559,0.946857022758662,0.011535693753694806,16
4,65,1371,0.9460679496317416,0.9468569183252007,0.011768304987998541,16
4,62,1371,0.9458355851798476,0.9469522399672079,0.011507185225891302,16
6,75,1371,0.945831342570473,0.941336173923487,0.01353757757909345,16
6,74,1371,0.9457755359394704,0.9412835916756087,0.013452532419042339,16
6,82,1371,0.9457755359394703,0.9421804531890062,0.01376684214208077,16
6,76,1371,0.9456554374587162,0.9414818586023146,0.013626574129096758,16
6,84,1371,0.9455353389779619,0.9422802524156765,0.013570568446365172,16
6,83,1371,0.9453535594839944,0.9423519590411962,0.013580373034562089,16
6,81,1371,0.9452951420164535,0.9418200010965514,0.013640401834870112,16
6,86,1371,0.9452350927760764,0.9421510682237697,0.013696318950929778,16
6,77,1371,0.9451149942953221,0.9414629169832306,0.013635796374524353,16
6,79,1371,0.9451149942953221,0.9417317809299277,0.013525519934566523,16
6,85,1371,0.9451146679407549,0.9420527832822914,0.013583369732119719,16
6,87,1371,0.9451146679407549,0.9420480446139748,0.013717335355534557,16
6,88,1371,0.945054945054945,0.9420502768792147,0.013784661707278014,16
6,90,1371,0.9449952221691351,0.9418127951877061,0.013683994801771586,16
6,89,1371,0.9449354992833254,0.9420209441307088,0.01369650139893437,16
5,31,1371,0.9448747973338136,0.9423581597779744,0.011042732703997922,16
5,51,1371,0.9448147480934366,0.9416080664405684,0.012127158246894292,16
6,80,1371,0.944696607740086,0.9417315067920913,0.01363611566907867,16
5,52,1371,0.9446946496126825,0.941765917617664,0.012326851423305304,16
5,30,1371,0.9446946496126825,0.9422488701604881,0.01075370976229856,16
5,49,1371,0.9446346003723054,0.9415697001976403,0.011854377159433653,16
5,29,1371,0.9446346003723053,0.9418660823614493,0.010747527912884662,16
6,78,1371,0.9445745511319281,0.9415362553815868,0.013606726016696036,16
5,53,1371,0.9445174390826565,0.9419937914307123,0.012380505749003906,16
5,37,1371,0.9445145018915511,0.9419281027834129,0.012342642754736927,16
6,73,1371,0.9444544526511739,0.9408389531589816,0.013482904288766057,16
5,50,1371,0.944338270425227,0.9414980457888512,0.011987738854043799,16
5,90,1371,0.944278547539417,0.9414820021983243,0.01401478759623493,16
6,71,1371,0.9442743049300426,0.9410063338894413,0.013481452696070016,16
5,48,1371,0.9442188246536072,0.9413734436150686,0.011948787908376932,16
6,30,1371,0.9440941572089113,0.9410547518530411,0.010671654487714701,16
6,67,1371,0.9440941572089112,0.9406585443541965,0.013059148395810736,16
6,72,1371,0.9440341079685342,0.9407434879209647,0.013466364406185073,16
5,47,1371,0.9439799331103679,0.9415652356671603,0.011863732651305463,16
6,29,1371,0.9439740587281571,0.9408019445510536,0.010476337286063772,16
6,36,1371,0.94391400948778,0.9407998689360058,0.011603214113402786,16
5,32,1371,0.9439140094877799,0.9419999530049423,0.011264561535402656,16
5,43,1371,0.9438604873387483,0.9408246718831182,0.012262467772241355,16
6,52,1371,0.9438007644529385,0.9419061587023098,0.011783657545233544,16
5,36,1371,0.9437939110070257,0.9415797258099466,0.01199082824423273,16
5,34,1371,0.9437410415671286,0.9417096149277191,0.011593961518738342,16
6,69,1371,0.9437338617666486,0.9405846968427154,0.013158815427427518,16
5,54,1371,0.9437338617666486,0.9414771460423634,0.01248222717977017,16
6,31,1371,0.9435537140455174,0.9408636255642671,0.010694354116156888,16
6,70,1371,0.9435537140455172,0.9406588446003984,0.01335448505532726,16
6,58,1371,0.9434424271380794,0.9405109276563305,0.012307295545255201,16
5,44,1371,0.9434424271380794,0.9408100120359565,0.012088222029960105,16
6,37,1371,0.9434336155647631,0.9405388113905576,0.011639679376450577,16
5,55,1371,0.9434336155647631,0.9412215581994626,0.012626826446785044,16
6,68,1371,0.9433735663243861,0.9405051054908504,0.013070500989120803,16
5,45,1371,0.9433735663243861,0.9408671893561416,0.011975161098030028,16
6,57,1371,0.9433229813664596,0.9405255744493094,0.012285726678544868,16
5,42,1371,0.9433229813664596,0.9408980363898397,0.012358323493173992,16
5,27,1371,0.9433229813664596,0.9408319691712421,0.010907391224309747,16
6,35,1371,0.9433135170840089,0.9404532020604722,0.011125843750517764,16
5,46,1371,0.9432534678436318,0.9409719100096862,0.011881851307853561,16
5,35,1371,0.9432534678436317,0.9415960696466754,0.011929225054780357,16
6,51,1371,0.9432169161320978,0.9416430908127272,0.011713471215855286,16
6,34,1371,0.9431934186032547,0.940386025236346,0.011257613634453337,16
6,56,1371,0.94314381270903,0.940898271365128,0.012159673753782482,16
5,84,1371,0.94314381270903,0.9419470705108622,0.013848252128349002,16
6,59,1371,0.94314381270903,0.9402791506426574,0.012254816242486104,16
6,48,1371,0.9431333693628776,0.9410615139196752,0.01145626490331284,16
6,53,1371,0.9430840898232203,0.9413084076769036,0.012010010970467591,16
6,64,1371,0.9430840898232202,0.9401446795067607,0.012594782346043528,16
5,68,1371,0.9430840898232202,0.9405323887326738,0.013487398852751568,16
5,38,1371,0.9430840898232202,0.9416056514167704,0.012335719275747763,16
5,28,1371,0.9430733201225006,0.9411500604408658,0.010813322571119314,16
6,42,1371,0.9430733201225003,0.9404582148666255,0.011323942875120379,16
6,38,1371,0.9430733201225003,0.939821954002282,0.011689716708871494,16
6,50,1371,0.9430387265383701,0.9413867327730477,0.01139489736173926,16
6,33,1371,0.9430132708821233,0.9405540195133922,0.011073063917563448,16
6,66,1371,0.9429646440516006,0.9402025486986284,0.013053831192649657,16
6,41,1371,0.9429532216417462,0.9403457008660143,0.011474111080587298,16
5,85,1371,0.9429532216417462,0.9417386082674749,0.013853442684607198,16
5,56,1371,0.942919933475885,0.9410016474378555,0.012645115056798589,16
5,83,1371,0.9429199334758849,0.9417889451959301,0.014014911018556711,16
5,89,1371,0.9429049211657907,0.9413844743994424,0.014096440106529804,16
6,55,1371,0.9429049211657907,0.9409720274973304,0.012132868166742566,16
6,49,1371,0.9428451982799809,0.941032938313765,0.011261133019662101,16
5,40,1371,0.9428451982799808,0.9406928376921249,0.012490435548145998,16
6,63,1371,0.9428451982799808,0.9398892483140523,0.012599346856901127,16
5,41,1371,0.9427854753941711,0.9408452583292213,0.012594821120663591,16
5,33,1371,0.9427730739206149,0.9398809589080436,0.012008078396414296,16
5,11,1371,0.9427417438821573,0.9398152572065616,0.01290449084663376,16
6,65,1371,0.9427257525083612,0.9402259156856448,0.01279687499882567,16
6,28,1371,0.9426823473509147,0.9405173764225795,0.01057862392759678,16
5,77,1371,0.9426660296225514,0.9411266803996667,0.013895805077672702,16
6,47,1371,0.9426660296225513,0.9408150901130231,0.01146744491334877,16
5,13,1371,0.9426660296225513,0.9398427362611254,0.012978867051525681,16
5,86,1371,0.9426229508196722,0.9413656894305504,0.013860827736220372,16
5,88,1371,0.9426229508196721,0.9413224278691135,0.013896482909617654,16
6,46,1371,0.9426063067367416,0.940965931194014,0.01123682881708255,16
6,54,1371,0.9426063067367416,0.9411056370571694,0.012058031035079226,16
5,87,1371,0.9426063067367415,0.9413034209791158,0.013876357137200927,16
5,9,1371,0.9425465838509317,0.9390684404690107,0.01251821286128906,16
6,62,1371,0.9425465838509317,0.9394824930355935,0.012434265063055951,16
5,78,1371,0.9425465838509317,0.9408245805038392,0.013927931199479092,16
5,79,1371,0.9425465838509317,0.9408435090687405,0.013958449298903785,16
5,69,1371,0.9425465838509317,0.9403696161287038,0.013481991752315998,16
5,80,1371,0.9424868609651218,0.941175085309084,0.014061061102987066,16
5,65,1371,0.9424868609651218,0.9399203825397694,0.01311021141164644,16
5,67,1371,0.9424868609651218,0.9399366480514021,0.01344763225572085,16
5,8,1371,0.9424728277187293,0.9403471890428413,0.012459535412749238,16
5,82,1371,0.9424447612259443,0.941268135523303,0.01405266310520119,16
6,27,1371,0.9423853646947018,0.9397564350593574,0.010842336982566014,16
5,81,1371,0.9423853646947018,0.9410243094990065,0.014142202135959996,16
5,60,1371,0.9423674151935022,0.9401144721280146,0.012888352749214311,16
6,61,1371,0.9423674151935022,0.939748354520272,0.012313050329995225,16
6,60,1371,0.9423674151935022,0.9397528973758482,0.012180273720740781,16
6,39,1371,0.9423076923076923,0.9397240606862844,0.011634526019802364,16
5,70,1371,0.9423076923076923,0.9403347222983716,0.01353907316115756,16
5,66,1371,0.9423076923076923,0.9401329829590699,0.013366479367843015,16
5,57,1371,0.9423076923076923,0.9408436526647505,0.012706434753853564,16
5,15,1371,0.9423076923076923,0.9388918565397539,0.012577504739725876,16
5,75,1371,0.9422926799975981,0.9409830321733387,0.013850502509829254,16
5,76,1371,0.9422479694218824,0.9409447573096896,0.013935170456994612,16
6,45,1371,0.9422071751009741,0.9405955318143486,0.011258586944432152,16
5,59,1371,0.9421882465360727,0.940339173774669,0.012945675358864324,16
5,26,1371,0.9421882465360726,0.9404640761946536,0.010835820607207716,16
5,71,1371,0.9421882465360726,0.9404160629107171,0.013766494619869254,16
5,14,1371,0.9418896321070234,0.9388270033601467,0.012995257600004403,16
5,64,1371,0.9418896321070234,0.9396122255031736,0.013095654760124815,16
5,39,1371,0.9418299092212136,0.9406331539688633,0.012575544085238586,16
6,26,1371,0.9418122860745812,0.9394331221166574,0.010788770041872191,16
5,72,1371,0.9417104634495939,0.9406171364867016,0.013800730015805361,16
5,12,1371,0.9416921875938269,0.9389162025904721,0.01326269685844843,16
6,32,1371,0.9416921875938269,0.9384566039804814,0.01167586335840965,16
5,25,1371,0.9416726063197909,0.9398408695130006,0.010961856956546214,16
7,87,1371,0.9416321383534498,0.9380007258125577,0.014356628352324676,16
5,62,1371,0.9415910176779743,0.9393996120296904,0.012931912538822976,16
5,61,1371,0.9415910176779743,0.9395262245476073,0.012878973689401586,16
6,10,1371,0.9415910176779742,0.9391778867366893,0.012367092319237709,16
5,58,1371,0.9415720891130727,0.9403820045480772,0.012783786077691107,16
5,24,1371,0.9415538132573057,0.9392769288207634,0.011100445864495004,16
5,63,1371,0.9415312947921644,0.9392011753986094,0.013000491535373587,16
6,43,1371,0.9415120398726956,0.940309684375971,0.011319149582326868,16
5,74,1371,0.9415120398726956,0.9406576958323217,0.013866023839127658,16
5,10,1371,0.9414519906323185,0.9384049485795743,0.012700542114191332,16
6,44,1371,0.9414519906323184,0.9403931528200951,0.011180034363353328,16
7,83,1371,0.9414519906323184,0.938000451674721,0.014228076130745842,16
6,11,1371,0.941292403248925,0.9383121725031919,0.012783948586435123,16
6,24,1371,0.9412326803631151,0.9388635942342286,0.010960324290450027,16
7,90,1371,0.9411974340698503,0.9375983697936654,0.0143170862255089,16
7,88,1371,0.9411974340698502,0.9380529164349549,0.014301824515934028,16
7,81,1371,0.9410786410073652,0.937852874139403,0.014229953562436547,16
6,12,1371,0.9410535117056857,0.9391257613852053,0.012448289356720254,16
7,86,1371,0.9409715967093016,0.9378784864458422,0.01425653549486949,16
7,82,1371,0.9409340659340659,0.9381010080439874,0.014103849346143116,16
5,73,1371,0.9409340659340659,0.9404188303974476,0.013929247376209198,16
7,84,1371,0.9409115474689246,0.9378998430887241,0.014302789972417119,16
5,16,1371,0.9408514982285473,0.9385137943548492,0.012364631619212373,16
7,89,1371,0.9408410548823949,0.9377682047104712,0.01436209699024241,16
6,25,1371,0.9407816583511522,0.9391416352713573,0.01094390107531875,16
7,85,1371,0.9407313997477931,0.9378617248752673,0.014327418295300296,16
5,23,1371,0.9405512520266618,0.938700208083672,0.011338551681748202,16
6,23,1371,0.9404562828475872,0.9383304744673241,0.011194932210408477,16
5,22,1371,0.9404311535459078,0.9381465018706643,0.011210660349645692,16
7,80,1371,0.9404252791636969,0.93740063808845,0.014212055702967168,16
5,19,1371,0.9403711043055305,0.9374440824084445,0.011647708118536923,16
6,40,1371,0.9403368370759675,0.9379437965218436,0.012322310114714135,16
7,79,1371,0.9403064861012117,0.9372688691683702,0.014202263883522574,16
5,21,1371,0.9402771141901577,0.9373914740522009,0.011569180687036046,16
6,9,1371,0.9402510058247764,0.9373589560831185,0.012207264118642883,16
5,17,1371,0.940157668418538,0.9381807168834968,0.01212722551904321,16
6,8,1371,0.9400979455327281,0.9375955761985696,0.012276700090217618,16
6,13,1371,0.940070858103645,0.9378921411209364,0.012628132570636167,16
6,22,1371,0.940070858103645,0.9378156697187346,0.011191286373509508,16
7,76,1371,0.9400688999762413,0.9370527571739262,0.013996526907427882,16
5,18,1371,0.9398907103825137,0.9376757419344731,0.01193372128466097,16
7,78,1371,0.9398907103825136,0.937266728282409,0.014154628016577724,16
7,75,1371,0.939831313851271,0.936935478396633,0.013969189838709798,16
6,14,1371,0.939799331103679,0.9375216503619923,0.012125638905204504,16
7,77,1371,0.939712520788786,0.937138392612377,0.01406224788133156,16
7,74,1371,0.9395937277263007,0.9366512105143608,0.013938063257902153,16
5,20,1371,0.9392902179787427,0.9373178876243737,0.011511256532318503,16
7,72,1371,0.9392373485388453,0.9359555531187748,0.013948426963470335,16
7,73,1371,0.9391779520076027,0.9364312605902058,0.013816687752080538,16
7,71,1371,0.9390591589451176,0.9357335275795718,0.013868457369541067,16
7,70,1371,0.9389403658826324,0.9360035794568938,0.013696395608171498,16
7,69,1371,0.9388215728201473,0.9355988345225694,0.013679590177475758,16
6,21,1371,0.9388098240557257,0.9371421130544438,0.011302498791573478,16
6,16,1371,0.9387840420449116,0.9367535030899251,0.011674562456259101,16
7,68,1371,0.9386897255749715,0.9354816471245552,0.013500697826857483,16
6,15,1371,0.9384651936326919,0.9370856406601239,0.011778332039126297,16
6,18,1371,0.9383062589584329,0.9363149478224319,0.011543012996492432,16
6,19,1371,0.9382093316519545,0.9362105665776371,0.011401346711779422,16
7,66,1371,0.9378881987577641,0.9354817646121993,0.013470670766313596,16
6,17,1371,0.9377687529861443,0.9363514342630522,0.011594930343459653,16
7,54,1371,0.9376688884885607,0.9355624002986798,0.012414422290856411,16
7,67,1371,0.9375895843287148,0.9352349622342494,0.013555817703731463,16
7,64,1371,0.9374554526015682,0.935170539842671,0.013159513734804899,16
7,46,1371,0.9374104156712852,0.9352567366109774,0.01223054785333352,16
7,55,1371,0.9373686422866752,0.9355762377323318,0.012470054541846366,16
7,53,1371,0.9373085930462979,0.9356746662698195,0.012372102090328354,16
6,20,1371,0.9372312470138557,0.9361840013158615,0.01141438128617892,16
7,65,1371,0.9371715241280459,0.9350156519650461,0.01319829521225642,16
7,51,1371,0.9370683960847895,0.9364296549257347,0.012242683576166943,16
7,57,1371,0.9369923554706163,0.9352894373386177,0.012692314378029907,16
7,52,1371,0.9369482976040353,0.9359349275101235,0.012335885209340964,16
7,56,1371,0.9369482976040353,0.9351410765523381,0.012706299104892037,16
7,29,1371,0.936920883820385,0.9349192468258756,0.011231552056441918,16
7,50,1371,0.9368281991232812,0.9361438597040876,0.012207097230598674,16
7,47,1371,0.9368281991232812,0.9354861377634007,0.012060169136747368,16
7,58,1371,0.9367081006425269,0.9348592759105947,0.012788734601112078,16
7,45,1371,0.9365279529213956,0.9354055412394685,0.012201249929573115,16
7,48,1371,0.9365145723841376,0.9354119508431696,0.01206496093122392,16
7,49,1371,0.9365145723841376,0.9356581527287158,0.012030363707201923,16
7,63,1371,0.9364078544406413,0.9350508982583111,0.012889988494656036,16
7,35,1371,0.9363951266125179,0.9348801626028996,0.012282196164745495,16
7,34,1371,0.9363269185079591,0.9343260517102285,0.011906768476981916,16
7,33,1371,0.9362081254454739,0.9343188458013834,0.011948069909391722,16
7,36,1371,0.9360965121834686,0.934767296139356,0.012176942722558341,16
7,62,1371,0.9360475589983788,0.9349384886911616,0.012909589944825448,16
7,28,1371,0.9359875097580016,0.9346684368138396,0.011041644555464851,16
7,31,1371,0.935977066411849,0.9349783561650988,0.011559151169882848,16
7,39,1371,0.9359173435260392,0.9344925969729962,0.012268735241363246,16
7,59,1371,0.9358576206402291,0.9344216735984376,0.012749597945324273,16
7,60,1371,0.9357978977544195,0.9344696216114605,0.012837574854492658,16
7,30,1371,0.9356784519827999,0.9346727446941274,0.01124512504566081,16
7,61,1371,0.93561872909699,0.934238040410528,0.012861385722458426,16
7,44,1371,0.9355071158349847,0.9348435456204522,0.01206887444615386,16
7,42,1371,0.9354395604395604,0.9344019226200265,0.01197003582892699,16
7,40,1371,0.9354395604395604,0.9345022440140045,0.012008813490400526,16
7,32,1371,0.9354395604395604,0.934556745226738,0.011632609788326758,16
7,27,1371,0.9353870173542305,0.9343500583521966,0.01096835530141331,16
7,43,1371,0.9353269681138533,0.934504541550158,0.01206285348454915,16
7,41,1371,0.9353201146679407,0.9344875580584774,0.012070409562268137,16
7,38,1371,0.9352603917821308,0.9340053626582494,0.012061649617398584,16
7,26,1371,0.935200668896321,0.9335608024667184,0.011308857660049902,16
7,37,1371,0.9350201948206224,0.9340843013009799,0.012274664882083834,16
7,9,1371,0.9347826086956521,0.9329054041705502,0.012722922599287593,16
7,25,1371,0.9344242713807931,0.9331584725561918,0.011494477095354403,16
7,24,1371,0.9343048256091734,0.932890561564831,0.011276727613470703,16
7,11,1371,0.934248039914469,0.9326715384876468,0.012718319995892334,16
7,23,1371,0.9335284280936456,0.9323728718418668,0.011539128305784739,16
7,22,1371,0.9333570919458303,0.9318635759583729,0.011654789007125008,16
7,8,1371,0.9330506450071667,0.9308062393771587,0.01249846060401736,16
7,10,1371,0.9330506450071667,0.9319344601703833,0.01288229457875658,16
7,12,1371,0.9325728619206879,0.9314466253632325,0.012575763798507071,16
7,13,1371,0.9322044076142437,0.9312365574553744,0.012297867067949922,16
7,21,1371,0.9319756330625896,0.9312038306193686,0.011838507475839883,16
7,14,1371,0.9314978499761108,0.930759466240578,0.011923649743916713,16
7,20,1371,0.9309812306961274,0.9302549090254009,0.011846377906999233,16
7,15,1371,0.9305230288836845,0.9300731817481639,0.011970756140731955,16
7,16,1371,0.9300645007166747,0.9296657607063878,0.011947485229577202,16
7,19,1371,0.9298624872395364,0.9294381349228105,0.011855530551251776,16
7,17,1371,0.9296745070087907,0.9290909197716039,0.011917395877850408,16
7,18,1371,0.9289617486338798,0.9291423793597707,0.01197576663737282,16
1,9,1374,0.9768353528153956,0.9752426511478544,0.00850848043177728,17
1,11,1374,0.9767080745341615,0.9748612209838154,0.008576351090286044,17
1,13,1374,0.9764691829909221,0.9751967787498792,0.008856460499576524,17
1,12,1374,0.9764094601051122,0.975201895989494,0.008702295933800962,17
1,29,1374,0.9761819909717272,0.9750252206809584,0.008419206688641791,17
1,14,1374,0.9761108456760631,0.9751629161999795,0.008626784428864605,17
1,15,1374,0.9760511227902531,0.9751272130103205,0.008662688679932718,17
1,8,1374,0.9760038013779995,0.9751218477412348,0.008370219001127208,17
1,10,1374,0.9759913999044435,0.9747348956579178,0.008396060741431958,17
1,33,1374,0.9759803038491563,0.9754230860610049,0.008487373044719504,17
1,16,1374,0.9758719541328237,0.9750004960589423,0.008685507013612348,17
1,30,1374,0.9758602053684022,0.9749830426166848,0.008455192912557186,17
1,32,1374,0.9758602053684021,0.9752018437727632,0.008402713061191886,17
1,31,1374,0.975800156128025,0.975130319905801,0.008459365264206478,17
1,35,1374,0.9757068187217866,0.9752114647054063,0.008495163739197176,17
1,28,1374,0.9756800576472707,0.9746200319044226,0.008549739903853174,17
1,22,1374,0.975647422190544,0.9742171015014921,0.008663408446683526,17
1,27,1374,0.9755880256593015,0.9745557792172189,0.00846839160865078,17
1,34,1374,0.9755599591665165,0.9754060764609588,0.008508008356897296,17
1,17,1374,0.9754098360655737,0.9748906451116003,0.008827007770943463,17
1,25,1374,0.9752910430030887,0.9742240854892317,0.00832811149616026,17
1,21,1374,0.9752747252747253,0.9743180625504217,0.008720218350694264,17
1,19,1374,0.9751722499406035,0.9748215623768012,0.00878197962633146,17
1,36,1374,0.9751722499406035,0.9749421830248631,0.008524826112918153,17
1,18,1374,0.9751128534093608,0.9748406737002603,0.00882627671325288,17
1,26,1374,0.9750955566172957,0.974464830726413,0.008329914608230524,17
1,23,1374,0.9748994175223683,0.9740185343285842,0.008598071517220316,17
1,20,1374,0.9747372193024367,0.9746024218119728,0.008792973047298128,17
1,37,1374,0.9744594915656926,0.9746585678517254,0.0088169177004518,17
1,39,1374,0.9744594915656924,0.9741742837822666,0.008861519812146508,17
1,40,1374,0.9744594915656924,0.9739930656181547,0.008971336975873217,17
1,24,1374,0.9744386048733875,0.9738046023826494,0.008529887402640185,17
1,38,1374,0.9742813019719648,0.9743222529430655,0.008862528509373574,17
1,51,1374,0.9741625089094798,0.9739670355778693,0.008798476308080422,17
1,45,1374,0.9741625089094796,0.9739795545390699,0.00876390076273664,17
1,41,1374,0.9741625089094796,0.9741533840357789,0.008935609176576077,17
1,56,1374,0.974118777397466,0.9737253765478998,0.008961820982983551,17
1,53,1374,0.9741031123782371,0.9739147666303761,0.00878722627101898,17
1,46,1374,0.9740802675585285,0.9738969085084551,0.008754651821463944,17
1,42,1374,0.9740437158469945,0.9741820118584195,0.008946060904686607,17
1,57,1374,0.9740437158469945,0.9738898984123503,0.008933319990029255,17
1,52,1374,0.9739843193157519,0.9738720011278814,0.008774527378992683,17
1,44,1374,0.9739608217869088,0.9740151794036326,0.008846520813542225,17
1,55,1374,0.9739386296763346,0.9737126617739591,0.008889997160176417,17
1,43,1374,0.9739249227845094,0.9740939875045362,0.008951769698393877,17
1,60,1374,0.9738655262532667,0.9733486719979949,0.008974257649217412,17
1,49,1374,0.9737467331907816,0.9736540484936778,0.008775709100780281,17
1,50,1374,0.9737467331907816,0.9737163822160259,0.008872002213208845,17
1,54,1374,0.9737467331907816,0.9738006078027461,0.008884377201975014,17
1,58,1374,0.9737467331907815,0.9736372085980068,0.008991131852806297,17
1,62,1374,0.9736279401282965,0.9732226860808472,0.008946790458097617,17
1,59,1374,0.9736279401282965,0.9734346990619265,0.008991911310896638,17
1,61,1374,0.9735091470658114,0.9732560656259872,0.008948652837819072,17
1,47,1374,0.9734233158146202,0.9736206820027205,0.008872028219712357,17
1,63,1374,0.9733309574720835,0.9733298739749203,0.008932479002809132,17
1,64,1374,0.973271560940841,0.9732466535602672,0.008940009328728502,17
1,48,1374,0.9732441471571907,0.973568452217775,0.008897367435953483,17
1,65,1374,0.9731527678783559,0.9729722415859265,0.008955246679913046,17
1,66,1374,0.9727369921596578,0.9729605711466011,0.008910677527921166,17
1,68,1374,0.9724994060346875,0.9729894600528955,0.00888308178583258,17
1,67,1374,0.972440009503445,0.9728249251342622,0.00895318379574723,17
1,72,1374,0.9724400095034449,0.9728328620773382,0.00910441231766649,17
1,77,1374,0.9724373986669069,0.9728413734044525,0.009314684830631801,17
1,78,1374,0.9723806129722024,0.972769862591673,0.009350788596767905,17
1,71,1374,0.9723212164409597,0.9728018322850822,0.009064378237906994,17
1,70,1374,0.9722618199097172,0.9728680822622376,0.008992117285839457,17
1,76,1374,0.9722572509457756,0.9728552891632007,0.009336198222192445,17
1,69,1374,0.9722024233784747,0.9728109179962352,0.008965892725285366,17
1,75,1374,0.9721972017053985,0.9728235152825316,0.009256230364339315,17
1,88,1374,0.9721972017053985,0.9722723546351486,0.009280267353267781,17
1,89,1374,0.9721371524650213,0.9723222868839404,0.009217476331211763,17
1,74,1374,0.9721371524650213,0.9728784733916593,0.009230661777840715,17
1,80,1374,0.9720170539842672,0.9725363624258848,0.009333146041317679,17
1,87,1374,0.9720170539842672,0.9721866278174189,0.009228213892382422,17
1,83,1374,0.9719570047438901,0.9722768191656287,0.009241839201883097,17
1,73,1374,0.9719570047438901,0.9727233897012942,0.009181607789569508,17
1,81,1374,0.97195700474389,0.9725148099702626,0.009272667328360696,17
1,79,1374,0.97195700474389,0.9726435764283232,0.0093952026375455,17
1,86,1374,0.9718107978977545,0.9720628219487807,0.009244560151455725,17
1,84,1374,0.9717510750119446,0.9722481652346228,0.00922774786756971,17
1,82,1374,0.9716567585420045,0.9722860745811566,0.009301011857502619,17
1,85,1374,0.971512183468705,0.972153287434827,0.009250682102462828,17
1,90,1374,0.9714165615804959,0.9716882713390197,0.009370154247939917,17
2,10,1374,0.963628762541806,0.9621422697046361,0.01059880209903991,17
2,36,1374,0.9622832026609647,0.9625373414895867,0.00999397712458209,17
2,33,1374,0.9622832026609646,0.9626226897360182,0.009767043263503559,17
2,35,1374,0.962223806129722,0.9625801722629947,0.00989952503451678,17
2,34,1374,0.962223806129722,0.9626827389763954,0.009875904978623087,17
2,40,1374,0.9621689785624212,0.9622715974925526,0.010351984121131322,17
2,52,1374,0.9620162446249402,0.9621418258624247,0.00980236018731346,17
2,38,1374,0.9619888308412898,0.9622408418381333,0.010146169089594937,17
2,39,1374,0.9619888308412898,0.9622333487372688,0.010222649963935836,17
2,32,1374,0.9618687323605356,0.9623647521402333,0.009742534272657904,17
2,89,1374,0.9618687323605356,0.9614312605902058,0.010413160231726549,17
2,11,1374,0.9618674269422667,0.9619869510389825,0.010729073836905198,17
2,90,1374,0.9617486338797814,0.9614478655105881,0.010417367257100775,17
2,88,1374,0.961689237348539,0.9616484169192652,0.01034549216405923,17
2,53,1374,0.9616892373485388,0.9618943316127921,0.010007232686785111,17
2,37,1374,0.9616892373485388,0.9621844477689094,0.010127399623822244,17
2,87,1374,0.9616298408172963,0.9616316945112383,0.010334767370324857,17
2,55,1374,0.9615981844242714,0.9618179124273208,0.010040894185020488,17
2,54,1374,0.9615981844242714,0.9618272853304927,0.009955033311749203,17
2,8,1374,0.9615981844242714,0.9623899336586436,0.010413188807223679,17
2,9,1374,0.9615981844242714,0.9619807111396562,0.01013575806329155,17
2,12,1374,0.9615704442860538,0.961643064704362,0.010866884257468498,17
2,75,1374,0.9615384615384615,0.9616867178912796,0.010318847093173548,17
2,41,1374,0.9615110477548111,0.9620860845023355,0.010283420887038309,17
2,84,1374,0.9615110477548111,0.9612102010605219,0.010412416308369499,17
2,42,1374,0.9615084369182729,0.9620576394382525,0.010321475329198278,17
2,30,1374,0.9614516512235686,0.9620267401878236,0.009981471830112863,17
2,76,1374,0.9614516512235686,0.9615798563517737,0.01034336243617843,17
2,56,1374,0.9614516512235685,0.9618175730185707,0.009936881643204647,17
2,51,1374,0.9614190157668419,0.9618224552828972,0.009877876298365331,17
2,83,1374,0.9613922546923259,0.9612030082058592,0.010379325487370398,17
2,86,1374,0.9613922546923259,0.9614128672467944,0.010401564350485972,17
2,78,1374,0.9613592928810321,0.9615009829799567,0.010513652941707002,17
2,28,1374,0.9613328581610834,0.9617522759967521,0.00998897500139137,17
2,43,1374,0.9613328581610834,0.9621386014793,0.01020200437841995,17
2,31,1374,0.9613282891971416,0.9621676078732386,0.009849309834707666,17
2,85,1374,0.9613282891971416,0.961152671277404,0.010349489670152198,17
2,15,1374,0.9612398471094123,0.9616025967380207,0.01139291095096692,17
2,77,1374,0.9612140650985983,0.9615249896219248,0.01046460700941643,17
2,50,1374,0.9611801242236025,0.9621248684791095,0.009906596384014844,17
2,59,1374,0.9611546685673557,0.9613504813077159,0.010132500808731734,17
2,81,1374,0.9611481414760104,0.9612172503191749,0.010403697013695675,17
2,80,1374,0.961095272036113,0.9613576349998303,0.010432123675969867,17
2,27,1374,0.9610358755048706,0.9610020129549709,0.010412911526179097,17
2,82,1374,0.961028042995256,0.9612028646098497,0.010351257119027036,17
2,61,1374,0.9609764789736279,0.9613534968239172,0.010127194615542791,17
2,21,1374,0.9609412326803631,0.960787284703892,0.010838904584108165,17
2,74,1374,0.9609170824423854,0.9614454374326078,0.010309256510358312,17
2,69,1374,0.9609170824423854,0.9613396463360826,0.010286983843610617,17
2,45,1374,0.9609079445145019,0.961924173474423,0.010205216149462048,17
2,14,1374,0.9608815097945533,0.9618570358128448,0.011427299417742079,17
2,49,1374,0.9608815097945533,0.961846057245202,0.0099784692097902,17
2,73,1374,0.9608576859111428,0.961455097527799,0.010311216324430817,17
2,57,1374,0.9608576859111427,0.9614504763471265,0.01006877395979441,17
2,62,1374,0.9608576859111427,0.9614204517269378,0.010183744461949588,17
2,70,1374,0.9608217869087434,0.9612566870050833,0.010252138516705124,17
2,60,1374,0.9607982893799002,0.9612173939151845,0.010147537764848877,17
2,71,1374,0.9607388928486577,0.9612972855132513,0.010367274110191178,17
2,79,1374,0.9607388928486577,0.9612219498249434,0.010553346800979198,17
2,44,1374,0.9607277967933705,0.9620025899498459,0.010138081532611797,17
2,72,1374,0.960679496317415,0.9612809286223398,0.010311658648536625,17
2,58,1374,0.9606426182513139,0.9613316310679106,0.010166436424791576,17
2,47,1374,0.9606200997861725,0.9615549750795652,0.010238612524636294,17
2,63,1374,0.9605607032549299,0.961210866823839,0.010195301734284182,17
2,29,1374,0.9605013067236874,0.9616792900613284,0.009979458341874194,17
2,46,1374,0.9605013067236874,0.96180296538814,0.010267904202838612,17
2,68,1374,0.9605013067236873,0.9612107493361947,0.01020256090981085,17
2,64,1374,0.9604419101924447,0.9609440262754589,0.010268389997373896,17
2,25,1374,0.9603825136612022,0.9607489576235122,0.01041962134919026,17
2,67,1374,0.9603440038222646,0.9612228244551837,0.010222830317025906,17
2,48,1374,0.9602842809364549,0.961626603379989,0.010118290047367225,17
2,66,1374,0.960263720598717,0.9609485038601219,0.010261398310015409,17
2,22,1374,0.9602245580506451,0.9603988313895655,0.010899153512001176,17
2,65,1374,0.9601648351648351,0.9607986548970154,0.010227363996698324,17
2,26,1374,0.9601449275362319,0.9606491975593898,0.010496041011355648,17
2,16,1374,0.9600261344737466,0.9616881799597408,0.01107565019127266,17
2,13,1374,0.9599667379425042,0.9616443440142656,0.01111293108060883,17
2,24,1374,0.9597291518175338,0.9603125824045283,0.010662026128267938,17
2,20,1374,0.9595676063067368,0.9608855957537356,0.01105944551729595,17
2,17,1374,0.9595509622238061,0.9613008493051258,0.011154398004347928,17
2,18,1374,0.9591495461060678,0.9610750511071252,0.01109183465280682,17
2,19,1374,0.9588382038488951,0.9607938117952374,0.011162961013177496,17
2,23,1374,0.9583630315989546,0.9599400813014499,0.010786922297598697,17
3,10,1374,0.9550368258493703,0.9535742091123416,0.013444443561968515,17
3,33,1374,0.9544428605369447,0.954057122492618,0.011698816751915277,17
3,35,1374,0.9541458778807317,0.9538337393184151,0.011893099854974228,17
3,34,1374,0.9539422326307572,0.9538998848621086,0.011734563887480473,17
3,32,1374,0.9537894986932762,0.9541324973434739,0.011590979703583346,17
3,9,1374,0.9537301021620338,0.9535601758659492,0.013260053022830946,17
3,11,1374,0.9537301021620337,0.9526624658306768,0.013570816255600136,17
3,86,1374,0.9535519125683061,0.953862014678123,0.01195272957248127,17
3,37,1374,0.9534618387077404,0.9533760335649145,0.012166612832652768,17
3,40,1374,0.9533737229745783,0.9530274738328909,0.012388316615176068,17
3,36,1374,0.953281690986609,0.9534687443703836,0.01208149830529171,17
3,89,1374,0.9532549299120932,0.9535359864654235,0.012268416606791482,17
3,90,1374,0.9532549299120932,0.9534645409235573,0.01242847158074401,17
3,12,1374,0.9532549299120932,0.9525684626611212,0.013691734209187142,17
3,39,1374,0.9531361368496081,0.9531992799312828,0.012404927267659781,17
3,88,1374,0.953136136849608,0.9535167837626856,0.012115906402186799,17
3,52,1374,0.953136136849608,0.9528445325166637,0.011716764991804567,17
3,51,1374,0.9531361368496079,0.9530137408327001,0.01161318066928622,17
3,54,1374,0.9531361368496079,0.9531267117297052,0.011672393051951169,17
3,87,1374,0.9530767403183653,0.9538431644383176,0.011937025145912305,17
3,38,1374,0.9530414940251006,0.9531826358483521,0.0122203652872194,17
3,44,1374,0.9530173437871228,0.9527412086606669,0.01237091855151692,17
3,85,1374,0.9530173437871228,0.9535670423660444,0.012043361463583252,17
3,31,1374,0.9529213955443463,0.9538109336612544,0.011559181350745565,17
3,53,1374,0.9528985507246377,0.9529570073547265,0.011716335675975575,17
3,84,1374,0.9528391541933952,0.953228051349933,0.011986196162984138,17
3,56,1374,0.952839154193395,0.9528426527143563,0.01188037272683798,17
3,30,1374,0.9528012970635922,0.9535282453350878,0.011674369613954641,17
3,8,1374,0.9527797576621525,0.9528886687083409,0.012624236231224674,17
3,83,1374,0.9527797576621525,0.9531159028664375,0.012029653374642105,17
3,60,1374,0.95272036113091,0.9522337012002017,0.01225588582944619,17
3,55,1374,0.9527203611309099,0.9532288476550771,0.01170214751476621,17
3,45,1374,0.9527203611309099,0.9526220239727011,0.01244993103880135,17
3,13,1374,0.9526994744386049,0.9529531563708328,0.014132219637333781,17
3,74,1374,0.952681198582838,0.9529867186745306,0.012139799283287553,17
3,82,1374,0.9526609645996673,0.9530083494552489,0.01197098975608015,17
3,57,1374,0.9526609645996673,0.9525786318694373,0.01202684363561352,17
3,58,1374,0.9526609645996673,0.9525526409917002,0.01218272538261525,17
3,41,1374,0.9526609645996673,0.9526555993305814,0.012445016549623747,17
3,63,1374,0.9526015680684248,0.9519862983298479,0.012356356693994043,17
3,70,1374,0.9526015680684248,0.9528192465647918,0.012191896623165468,17
3,68,1374,0.9526015680684248,0.9526709902119738,0.012178405330566269,17
3,14,1374,0.9526015680684248,0.9524648516131051,0.014126272435540802,17
3,46,1374,0.9526015680684248,0.9523955861197486,0.01245443795634907,17
3,59,1374,0.9525421715371822,0.9521640310271815,0.012298222036450163,17
3,43,1374,0.9525421715371822,0.9526335247076516,0.01245102186597266,17
3,72,1374,0.9525421715371822,0.9527886475605649,0.01216149995428655,17
3,67,1374,0.9525421715371821,0.9524083792187855,0.012184919537267585,17
3,81,1374,0.9524827750059397,0.9529418514486225,0.012147316945123087,17
3,50,1374,0.9524410016213295,0.9526343210127958,0.011937411191490988,17
3,62,1374,0.9524233784746972,0.9523172349152392,0.012387754273629096,17
3,42,1374,0.952423378474697,0.952602782107415,0.012472567191566282,17
3,27,1374,0.9524008600095557,0.9531075612436982,0.011771648606137275,17
3,49,1374,0.9523809523809523,0.9527670559423946,0.012039579346208135,17
3,61,1374,0.9523639819434545,0.9523674282476848,0.012335802057565378,17
3,69,1374,0.9523639819434544,0.952511624749686,0.012225308470470356,17
3,75,1374,0.9523209031405753,0.9529010571277142,0.01202084195711405,17
3,66,1374,0.952304585412212,0.9522655534059667,0.012340960690948043,17
3,80,1374,0.9523045854122119,0.9529651923272736,0.012136649697631362,17
3,71,1374,0.9523045854122119,0.9528458118265674,0.01219368675282646,17
3,76,1374,0.9522608539001982,0.9530658270216361,0.012081821415127614,17
3,29,1374,0.9522608539001981,0.9532801244846862,0.011835185697393412,17
3,77,1374,0.9522451888809693,0.9530820011539898,0.012138353637461576,17
3,64,1374,0.9521857923497268,0.9519676177944174,0.012369895499544394,17
3,73,1374,0.9521857923497268,0.9527475791018198,0.012042803204674723,17
3,78,1374,0.9521857923497268,0.9529886768019341,0.012193462381845082,17
3,79,1374,0.952140755419444,0.9530006866500096,0.012073673196564556,17
3,47,1374,0.9521407554194439,0.9524005728175363,0.012374201243519959,17
3,48,1374,0.9520669992872417,0.952488584117237,0.012136467096558105,17
3,28,1374,0.9520425226946965,0.9528458901516633,0.011643864186454094,17
3,15,1374,0.9518294131622713,0.9525765562543895,0.013625981554040009,17
3,65,1374,0.9517106200997861,0.9519938697558085,0.012402028624717242,17
3,16,1374,0.9514136374435733,0.951802756521217,0.013841016855270671,17
3,26,1374,0.9509077878643095,0.9522519378934204,0.012151778651459102,17
3,17,1374,0.9506091734352604,0.9517947673614102,0.01365986280860418,17
3,20,1374,0.9505226894749347,0.9518898018113984,0.013406920083905085,17
3,24,1374,0.9503392782081308,0.9518259146413102,0.012418976867969004,17
3,18,1374,0.9500716674629719,0.9514912837222176,0.013513054734759678,17
3,19,1374,0.9499522216913521,0.9518077562731874,0.013481689792501927,17
3,25,1374,0.9496787365639825,0.9520304736840731,0.012198292907235248,17
3,21,1374,0.949631741506296,0.9514326573877535,0.013208655439509774,17
3,22,1374,0.9488001900688999,0.9509575373545438,0.013136685878667351,17
3,23,1374,0.9488001900688999,0.9513444894378609,0.013072246999680097,17
4,86,1374,0.9472767669488982,0.9448172806048787,0.013276752352766857,17
4,88,1374,0.947255880256593,0.9444486565940593,0.01348949258868511,17
5,85,1374,0.9471964837253504,0.9436171834817593,0.012419004007961636,17
4,87,1374,0.9470966192277668,0.9444933671697749,0.013435844228531139,17
4,8,1374,0.9469588976003802,0.9445950070362045,0.01439685744012851,17
4,85,1374,0.9469588976003801,0.9447122858134975,0.013310563292835916,17
4,89,1374,0.9468995010691376,0.9443534916022442,0.013621971616589236,17
4,90,1374,0.946840104537895,0.9443012879256644,0.013718466068706843,17
5,84,1374,0.9466619149441673,0.9434621389539423,0.012435383921093807,17
5,83,1374,0.9464837253504395,0.9429907263086166,0.012767616520416882,17
7,85,1374,0.946424328819197,0.9431786151600835,0.011907450170920762,17
7,83,1374,0.9464243288191969,0.9434210443868319,0.011732898590251485,17
7,88,1374,0.9464243288191969,0.9430005952707305,0.012282032076952288,17
7,84,1374,0.9464243288191969,0.9431375597555212,0.011886204402860171,17
7,82,1374,0.9463649322879544,0.9432994446750682,0.011846371827208822,17
5,86,1374,0.9463649322879544,0.9431742028463341,0.012607047199929706,17
5,82,1374,0.9463055357567118,0.9426163845657787,0.012787659370443155,17
7,86,1374,0.9462461392254692,0.9429144768275204,0.012051896134722294,17
5,87,1374,0.9461867426942266,0.9432318631712788,0.01268742814132044,17
5,90,1374,0.9461273461629841,0.9432511572532957,0.01297428874051006,17
7,90,1374,0.9461273461629841,0.9430600179103388,0.01224251374778993,17
4,84,1374,0.9460157329009788,0.9441840352567367,0.0134913247088407,17
7,80,1374,0.9458956344202246,0.9426649591795706,0.011795125577573725,17
5,68,1374,0.9458897600380138,0.9411798631399486,0.01351321153698577,17
5,81,1374,0.9458897600380138,0.9425569227636228,0.012888290704421072,17
7,87,1374,0.9458897600380136,0.9428143512462829,0.012114941272565159,17
5,80,1374,0.9458303635067711,0.9424423984188774,0.01285152953695877,17
5,69,1374,0.9457709669755286,0.9411298656202435,0.013342996603536819,17
4,81,1374,0.945711570444286,0.9434665512676917,0.013425173520230538,17
5,66,1374,0.945711570444286,0.9409461541072374,0.013525790910903975,17
7,81,1374,0.945711570444286,0.9428961095924745,0.011941601823412896,17
5,67,1374,0.9456521739130435,0.9408697740843144,0.01350040511525233,17
7,89,1374,0.9456521739130435,0.942928966970307,0.012288824322047275,17
4,83,1374,0.9456521739130435,0.9436002913693576,0.013392803889402654,17
5,89,1374,0.9455327281414239,0.9430796383469228,0.012921869453244054,17
5,70,1374,0.9454739843193157,0.9411704902367768,0.01332584697531873,17
5,88,1374,0.9454739843193157,0.9431363848790791,0.012950642536815523,17
6,84,1374,0.9454152404972077,0.9441019113934296,0.012764336839468598,17
4,82,1374,0.9454145877880733,0.9434147522707751,0.013450876508894965,17
7,73,1374,0.9454145877880732,0.9419296562311531,0.012059755830729655,17
4,80,1374,0.9454145877880732,0.9431326513828294,0.013665295017918376,17
5,49,1374,0.9454145877880732,0.9410046107373263,0.013661205745498494,17
5,65,1374,0.9454145877880732,0.9407407595967824,0.013512791577795101,17
5,47,1374,0.9454145877880731,0.9408488482294612,0.013757355360839413,17
5,54,1374,0.9454145877880731,0.9408439398567695,0.013869240835131257,17
5,8,1374,0.9453551912568307,0.9425408269563651,0.014574515653523043,17
5,76,1374,0.9453551912568307,0.9416225304749894,0.013187360370547673,17
5,53,1374,0.9453551912568305,0.9411531934447116,0.013779613477732244,17
5,77,1374,0.9453551912568305,0.9415627814808143,0.013051791048815584,17
5,79,1374,0.9453551912568305,0.9419535714938425,0.013067546975617914,17
5,78,1374,0.945295794725588,0.9415986021581175,0.013112948814780232,17
5,37,1374,0.9452363981943455,0.941637829977103,0.014111373143677676,17
6,88,1374,0.9452363981943455,0.9436922580864134,0.013170257348929017,17
7,79,1374,0.9452363981943455,0.9422740516788984,0.011879826557806299,17
4,9,1374,0.9452363981943455,0.9444946595338612,0.014393449080600874,17
4,32,1374,0.9451770016631029,0.943843490792885,0.012916741751527665,17
6,82,1374,0.9451770016631029,0.9437399580699654,0.012879295610514516,17
6,90,1374,0.9451770016631028,0.9437329740822256,0.013225052265563952,17
6,67,1374,0.9451770016631028,0.9423521417997539,0.013032635942946675,17
7,78,1374,0.9451770016631028,0.9422071098300606,0.011727430446099908,17
5,74,1374,0.9451176051318604,0.9416343053477766,0.013109435334857075,17
5,71,1374,0.9451176051318603,0.9412063370224453,0.013314086589101465,17
5,55,1374,0.9451176051318603,0.9405370751842598,0.013897827969103547,17
5,72,1374,0.9450582086006177,0.9414717807732776,0.013267191214041033,17
5,43,1374,0.9450582086006177,0.9409172913093085,0.014120704130325496,17
4,12,1374,0.9450582086006177,0.9433952101592871,0.015497750035659657,17
5,64,1374,0.9450582086006177,0.940495119041092,0.013671015541245201,17
5,52,1374,0.9450582086006177,0.9410774008600096,0.01364822978315959,17
5,51,1374,0.9450582086006177,0.9408408982322026,0.013570063920606982,17
4,10,1374,0.9450582086006177,0.9431570104877304,0.014586103692241314,17
6,50,1374,0.9450582086006177,0.9418025215459285,0.013557695968461477,17
5,56,1374,0.9450582086006176,0.9404462572352807,0.01383117780835523,17
4,78,1374,0.9449988120693752,0.9430276826998137,0.013701268469466994,17
7,70,1374,0.9449988120693751,0.941445763787175,0.012053486756167414,17
5,48,1374,0.9449988120693751,0.9404992050002741,0.013933687182852228,17
6,83,1374,0.9449988120693751,0.9440685318482894,0.01272251609745407,17
6,87,1374,0.9449394155381325,0.9438281521282235,0.013157902259066583,17
6,89,1374,0.9449394155381325,0.9439167769745103,0.013184142811054627,17
6,52,1374,0.9449394155381325,0.9419630879930239,0.013556842573506804,17
4,67,1374,0.9449348465741908,0.942192580524726,0.013896858826539939,17
4,79,1374,0.94488001900689,0.9428796221597363,0.013714386403683587,17
5,31,1374,0.94488001900689,0.9424555961975776,0.013328606920852852,17
4,31,1374,0.9448747973338137,0.9439312932256625,0.012942896023847739,17
5,38,1374,0.9448206224756475,0.9415518812382675,0.013988023649741872,17
5,73,1374,0.9448206224756475,0.9413934556771335,0.013137710869243039,17
6,81,1374,0.9448206224756475,0.9434010975956807,0.012895818501407821,17
5,44,1374,0.9448206224756475,0.9405287727240687,0.014028695417980321,17
5,46,1374,0.9448206224756475,0.9406052049637226,0.013871805233428989,17
4,75,1374,0.9448206224756474,0.9429232231299232,0.013615165444287081,17
4,13,1374,0.9448160535117056,0.9427663118539813,0.015583125789903953,17
7,69,1374,0.9448147480934367,0.9412348995741725,0.012158124831062418,17
6,85,1374,0.9448147480934366,0.9438348097613957,0.012896512705327228,17
7,74,1374,0.9447612259444049,0.9417871567729017,0.012064458509045178,17
4,77,1374,0.9447612259444049,0.9429060438255021,0.01368984501457993,17
7,76,1374,0.9447612259444049,0.9416506622386879,0.011986536385716826,17
7,77,1374,0.9447612259444049,0.9418158759748211,0.01190152501868727,17
4,70,1374,0.9447612259444049,0.9424033925209977,0.013883906574800582,17
5,75,1374,0.9447612259444048,0.941727211965986,0.013117997740290068,17
4,69,1374,0.9447612259444048,0.9425122382962726,0.01385228431811957,17
6,51,1374,0.9447612259444047,0.9418918382638979,0.013587747147508026,17
4,74,1374,0.9447018294131624,0.9427492761455699,0.013586541953451735,17
5,50,1374,0.9447018294131623,0.9407571295418765,0.013667394935941874,17
5,42,1374,0.9447018294131623,0.9408599051222002,0.014025857318406965,17
7,72,1374,0.9446946496126825,0.9415942812236467,0.011951407125764157,17
7,71,1374,0.9446946496126825,0.9413533140653597,0.011956065369704017,17
4,54,1374,0.9446946496126823,0.9424495651651746,0.013781072050608134,17
4,76,1374,0.9446424328819198,0.9429752571021282,0.013607478851683591,17
6,86,1374,0.9446424328819197,0.9438280738031274,0.013006635605403489,17
5,41,1374,0.9446424328819197,0.9409263900746438,0.01401522565973597,17
6,79,1374,0.9446424328819197,0.9431101198635055,0.012784387189135122,17
4,66,1374,0.9446424328819197,0.9420067411799414,0.013971546961171729,17
4,53,1374,0.9446424328819197,0.9423497137217737,0.013569864521191941,17
4,73,1374,0.9446424328819196,0.9427774731801817,0.013642566378803978,17
4,36,1374,0.9446346003723054,0.943021886642699,0.013824988869064287,17
4,33,1374,0.9446346003723053,0.9435458945900856,0.013120564175319543,17
4,71,1374,0.9445830363506772,0.9424221905440723,0.01378671388678569,17
4,50,1374,0.9445830363506772,0.9421365650268002,0.013543780857882468,17
7,75,1374,0.9445830363506772,0.9417223035932942,0.012054938279191253,17
6,80,1374,0.9445830363506771,0.9432129998772907,0.012818376998055644,17
5,40,1374,0.9445830363506771,0.9408765230967654,0.01403367960211531,17
5,30,1374,0.9445830363506771,0.9425503826180948,0.013328446603611726,17
5,45,1374,0.9445830363506771,0.9405381978439712,0.013993486815002325,17
4,57,1374,0.9445745511319282,0.9419429845516801,0.014089242583662768,17
4,61,1374,0.9445236398194345,0.941608418903501,0.014237167616677409,17
5,32,1374,0.9445236398194345,0.942277315224571,0.013380984936937304,17
4,60,1374,0.9445236398194345,0.941808657011793,0.014242580396432263,17
6,68,1374,0.9445236398194345,0.9422116787940022,0.012952472569704067,17
4,49,1374,0.9445145018915511,0.9418173772058305,0.013772023192145906,17
4,52,1374,0.9445145018915511,0.9421469431020393,0.013597166693414013,17
5,9,1374,0.944464243288192,0.9415889812254744,0.014851944225886114,17
5,60,1374,0.944464243288192,0.9402214119926166,0.013731121580013122,17
7,68,1374,0.9444642432881919,0.9412421315913833,0.012182236799545049,17
4,51,1374,0.9444048467569495,0.9420296904331117,0.013504509724347842,17
6,48,1374,0.9444048467569492,0.94189538900159,0.0136206496916295,17
4,68,1374,0.944394403410797,0.9420829253901243,0.013813370647521587,17
6,49,1374,0.9443454502257068,0.9417216769925254,0.013649656042131317,17
4,72,1374,0.9443454502257068,0.9424814695876705,0.013734267897382642,17
6,66,1374,0.9443454502257067,0.9419539370109579,0.01307611156612164,17
7,64,1374,0.9443454502257067,0.9410276905323234,0.01243789764290283,17
5,11,1374,0.944338270425227,0.9421358339925696,0.015795874410173744,17
4,34,1374,0.9443343541704198,0.9434604549643751,0.013318681793881657,17
4,30,1374,0.9443343541704198,0.9435670815285926,0.01292921433875014,17
4,58,1374,0.9442860536944642,0.9415602881319203,0.014271000508062754,17
4,59,1374,0.9442860536944642,0.9415417773008649,0.014298878997018235,17
5,62,1374,0.9442860536944642,0.9398993653056376,0.013608748693334572,17
5,57,1374,0.9442860536944642,0.9401709967390651,0.013903904518511903,17
4,65,1374,0.9442266571632216,0.9417710479114614,0.014086251809676074,17
7,47,1374,0.9442266571632216,0.9401376041397426,0.012808177378119519,17
4,62,1374,0.9442266571632216,0.9412921030027231,0.014299622028111058,17
4,56,1374,0.9442266571632216,0.941826306266791,0.013929668090533222,17
7,45,1374,0.9442142556896655,0.9398102444004083,0.013147384280698232,17
4,48,1374,0.9442142556896654,0.9420338547173901,0.013751846251286242,17
6,69,1374,0.9441672606319791,0.9422401499664507,0.012943006629255373,17
7,66,1374,0.944167260631979,0.9412326673089324,0.012340118327671812,17
5,63,1374,0.9441078641007365,0.9399847918771654,0.01362801675441734,17
5,29,1374,0.944048467569494,0.942059049289983,0.013243245115248669,17
4,55,1374,0.944048467569494,0.9420950396716612,0.013974670700340345,17
5,58,1374,0.9440484675694939,0.9401615977275278,0.013899435372017233,17
5,59,1374,0.9440484675694939,0.9403502306674082,0.013742461161205581,17
7,67,1374,0.9440484675694939,0.9411398390158192,0.012251578365797723,17
5,61,1374,0.9440484675694939,0.9399088295880883,0.01375579245344661,17
7,49,1374,0.9440484675694939,0.9401836592962751,0.012925506929252158,17
7,50,1374,0.9440484675694939,0.9404754463877772,0.012957935396459386,17
4,14,1374,0.9440396559961777,0.9432031831319074,0.01523321067801436,17
4,64,1374,0.9439890710382514,0.9413801012482409,0.014229334578970534,17
5,36,1374,0.9439890710382514,0.9416046331905207,0.013823517276800076,17
4,11,1374,0.9439890710382514,0.9429182233779525,0.014845017618344657,17
6,70,1374,0.9439890710382512,0.9421710019607381,0.013059321600989484,17
7,62,1374,0.9439890710382512,0.9405216581945021,0.012626031395777346,17
6,53,1374,0.9439296745070087,0.9416321514076326,0.013762371564395965,17
6,78,1374,0.9439296745070087,0.9427166929055738,0.012917245394814748,17
5,39,1374,0.9439296745070087,0.9410082789626625,0.013942948372400534,17
7,46,1374,0.94391400948778,0.9395462496638548,0.013156194313081281,17
6,55,1374,0.9438702779757662,0.9415038287917831,0.013639381804397301,17
7,65,1374,0.9438702779757662,0.9409632550865622,0.01219931819669146,17
6,54,1374,0.9438702779757662,0.9414535962967895,0.01371237067934234,17
4,35,1374,0.9438539602474029,0.942945637161603,0.01349553476805955,17
5,34,1374,0.9438108814445236,0.9418767215203424,0.013606802923730218,17
5,33,1374,0.9438108814445236,0.9423131359018744,0.01337412905269608,17
7,63,1374,0.943751484913281,0.9408177792746574,0.012472442722496962,17
4,63,1374,0.9436920883820386,0.9411732446693244,0.014293439526381933,17
7,36,1374,0.9436738125262716,0.9400628558896557,0.013429700444050076,17
7,44,1374,0.9436326918507959,0.9393165482652297,0.013161199737269732,17
7,35,1374,0.9436326918507959,0.9402108772671852,0.013535845268468094,17
7,48,1374,0.9436326918507958,0.9399401726807287,0.01282174290623749,17
4,38,1374,0.9436137632858944,0.942835316263684,0.01390215284181372,17
7,39,1374,0.9435732953195534,0.9395495393178928,0.013450321428000888,17
7,43,1374,0.9435732953195533,0.9392016192408209,0.013341646649585016,17
5,12,1374,0.9435618729096991,0.9413264093948343,0.015538702497805075,17
6,72,1374,0.9435138987883107,0.9423165822061047,0.01290445889306979,17
6,30,1374,0.9435138987883107,0.9429252595824229,0.013541444366004254,17
4,45,1374,0.9435138987883107,0.9414523039327031,0.014010566023938508,17
6,65,1374,0.9435138987883107,0.941841749364914,0.013144452944475369,17
4,44,1374,0.9434545022570682,0.9417906552938626,0.013918381368550461,17
6,77,1374,0.9434545022570682,0.9425570271970843,0.012999271979055847,17
6,71,1374,0.9434545022570682,0.9424315373388786,0.012937823413487653,17
6,36,1374,0.9434545022570682,0.9423050684169715,0.014125816857323323,17
6,29,1374,0.9434545022570682,0.9429911962591934,0.013631076109923609,17
4,47,1374,0.9434336155647632,0.9416881016346449,0.013802763364378393,17
7,42,1374,0.9434336155647631,0.9392300251423559,0.01341422908902457,17
6,32,1374,0.9434336155647631,0.9427036517770659,0.013593430316059281,17
5,28,1374,0.9433951057258256,0.9416759351363769,0.013190461414484208,17
7,58,1374,0.9433951057258256,0.940061446037925,0.012827057368354789,17
7,57,1374,0.9433951057258256,0.9400872802654697,0.012930263592866255,17
7,54,1374,0.9433951057258256,0.9400921103130655,0.012912716502645059,17
7,34,1374,0.9433735663243861,0.9400064748746145,0.013317736479470313,17
7,41,1374,0.943373566324386,0.9393802396225774,0.013304962600855527,17
4,39,1374,0.943373566324386,0.9425754597030435,0.013775415000432929,17
6,58,1374,0.9433357091945831,0.941297429109261,0.01359980956025964,17
6,76,1374,0.9433357091945829,0.9425405919810765,0.012986634895032252,17
4,37,1374,0.9433135170840089,0.9428332145402709,0.013743632956712885,17
4,46,1374,0.9433135170840089,0.9413401554492077,0.013992936587315086,17
7,53,1374,0.9432763126633403,0.9400775940619135,0.01290453737152839,17
7,29,1374,0.9432169161320979,0.940489753772006,0.012769794816782054,17
5,10,1374,0.9432169161320979,0.9411875912161015,0.015074551245333549,17
7,32,1374,0.9432169161320978,0.940197457567379,0.013007766782497251,17
7,40,1374,0.9432169161320978,0.9393995598129596,0.0132828444859852,17
6,64,1374,0.9432169161320978,0.9416918351308944,0.013243119839550491,17
4,27,1374,0.9431934186032547,0.9419964936465293,0.013238885832125676,17
7,52,1374,0.9431934186032547,0.9402350275051629,0.012947297085078902,17
6,62,1374,0.9431575196008553,0.9411233907456288,0.01340393847666455,17
6,73,1374,0.9431575196008553,0.9424764959440654,0.012941810883732674,17
7,59,1374,0.9431575196008553,0.9397681316070482,0.012823577034037203,17
7,55,1374,0.9430981230696128,0.9396921040470576,0.013027290722476877,17
6,47,1374,0.9430981230696127,0.9413950091248736,0.01390322593035114,17
6,31,1374,0.9430981230696127,0.9426086434354433,0.0134614110735104,17
5,14,1374,0.9430840898232202,0.9409261812077205,0.015465105464859102,17
7,61,1374,0.9430733201225004,0.9400329879196593,0.012825803010087598,17
7,31,1374,0.9430733201225004,0.9403667703168773,0.01289897942532162,17
6,37,1374,0.9430387265383702,0.9421065665149772,0.014039712919056525,17
4,29,1374,0.94303872653837,0.9428903265895425,0.013193721051041687,17
7,37,1374,0.9430132708821233,0.9394904169244866,0.013475610303087547,17
7,60,1374,0.9430132708821233,0.9399022894425602,0.012809932726350805,17
6,59,1374,0.9429793300071276,0.9412881736937332,0.01342164910582207,17
4,43,1374,0.9429793300071276,0.9419263143603842,0.013822907310982737,17
6,75,1374,0.9429793300071275,0.9425597946838146,0.01310301992878913,17
7,28,1374,0.9429793300071275,0.9402581203543428,0.012975371224852232,17
7,51,1374,0.9429793300071275,0.9404779658450364,0.012954603503159122,17
6,33,1374,0.9429532216417463,0.9423340095399968,0.0136378185006679,17
7,33,1374,0.9429532216417462,0.9400638610617227,0.013407328411216746,17
7,38,1374,0.9429532216417462,0.9393995989755077,0.01360002892139837,17
6,63,1374,0.9429199334758851,0.9414293546795329,0.013340009112399142,17
6,45,1374,0.9429199334758851,0.941207746874176,0.014011270512559631,17
4,42,1374,0.942919933475885,0.9420359042240725,0.013923524290466548,17
7,56,1374,0.9428931724013692,0.9398205833130993,0.012902883991620142,17
7,30,1374,0.9428931724013692,0.9402136447539157,0.012862526682807383,17
6,74,1374,0.9428931724013692,0.9426435111574101,0.012951893875160143,17
6,8,1374,0.9428605369446424,0.9404420537884544,0.01467300874593719,17
6,46,1374,0.9428605369446424,0.9414875110634199,0.013916167634731767,17
4,15,1374,0.9428605369446423,0.9422549534096221,0.015153383371848923,17
5,27,1374,0.9428011404133998,0.9414891428362562,0.013267904285253549,17
4,28,1374,0.9427417438821573,0.9426944355240862,0.013218280932695566,17
6,35,1374,0.9426823473509147,0.9421360820220407,0.013836942223818162,17
6,57,1374,0.9426823473509147,0.9411447473885107,0.013676420279195923,17
7,27,1374,0.9426823473509147,0.939740378414648,0.01316798095647359,17
6,34,1374,0.9426529754398608,0.9421985201778501,0.013931824362303648,17
4,40,1374,0.9426529754398607,0.94203419412614,0.013854136481659835,17
5,35,1374,0.9426229508196722,0.9416738986838774,0.013855828496567505,17
6,28,1374,0.9426229508196721,0.9424691203308453,0.013616050540756009,17
5,25,1374,0.9425635542884295,0.9410807688391438,0.01325987544990554,17
6,10,1374,0.9425635542884295,0.9411486505891353,0.015215614178702921,17
6,56,1374,0.9425041577571871,0.9411446560092319,0.013656651417246602,17
6,9,1374,0.942504157757187,0.9404071338497567,0.014546570343846314,17
6,43,1374,0.942504157757187,0.941033995702563,0.014176641982290763,17
4,41,1374,0.9424127784783523,0.941876356003227,0.013950729576776554,17
5,26,1374,0.9423853646947018,0.9409761917816087,0.013218754818751668,17
6,61,1374,0.9423853646947018,0.9410685892866933,0.013274350588637435,17
6,12,1374,0.9423853646947018,0.9412838527592626,0.014854854250951562,17
5,13,1374,0.9423674151935021,0.9420886561763254,0.015194356093503336,17
6,11,1374,0.9423259681634593,0.940687433260491,0.01520932863293123,17
4,26,1374,0.9423259681634593,0.942221782731405,0.013199878084009528,17
6,40,1374,0.9423259681634593,0.9415431740984128,0.014126342269239268,17
5,15,1374,0.9423076923076923,0.940896247966811,0.015224344201649875,17
6,27,1374,0.9422665716322167,0.9419541719862462,0.013635479335870969,17
6,38,1374,0.9422071751009742,0.9416438218469579,0.014075505946492834,17
6,60,1374,0.9422071751009742,0.9410591119500599,0.013373221101971746,17
5,23,1374,0.942207175100974,0.9402763309391962,0.013989845385587802,17
5,17,1374,0.9421882465360727,0.9408934021549845,0.015113633930591399,17
7,26,1374,0.9421725815168438,0.939127510645686,0.01328056050978626,17
6,14,1374,0.942088382038489,0.9404289996057636,0.015055227670968164,17
4,25,1374,0.9420524830360896,0.9414849393894298,0.013798051082957874,17
6,44,1374,0.9419695889760038,0.9410811865729899,0.014062727254183767,17
6,39,1374,0.9419101924447613,0.9415052125351484,0.014095190464079851,17
7,12,1374,0.9419101924447613,0.937424775272245,0.014737541932506482,17
6,24,1374,0.9418507959135187,0.9412207749485012,0.013731992556271212,17
6,42,1374,0.9418507959135187,0.9413436539701686,0.014120572831307058,17
4,19,1374,0.9418507959135187,0.9419862461131171,0.014828008106430536,17
4,16,1374,0.9418507959135186,0.9422018881569844,0.015017460063078282,17
4,18,1374,0.9417913993822761,0.942216038891021,0.014779526127170716,17
6,16,1374,0.941692187593827,0.9406558813009276,0.015120298422493291,17
7,11,1374,0.941692187593827,0.9382164331273384,0.01462023652544799,17
5,22,1374,0.9416132097885483,0.9399612290774086,0.014208640480839963,17
7,25,1374,0.9416132097885483,0.9387697477148653,0.013239686529604245,17
5,24,1374,0.9416132097885483,0.9403529589915905,0.013731078264807793,17
7,24,1374,0.9415720891130727,0.9384879470731218,0.013168857738811678,17
6,25,1374,0.9415538132573058,0.9413602719447338,0.013673338181680211,17
6,41,1374,0.9414944167260633,0.9414480613233286,0.014004132298542948,17
7,9,1374,0.9414944167260633,0.9381819570308523,0.014906243286502785,17
5,21,1374,0.9414715719063546,0.9395992365913963,0.014641448946049967,17
5,18,1374,0.9414715719063544,0.9406297076646328,0.015066261477577019,17
7,15,1374,0.9414350201948207,0.937706732564181,0.014462649999139073,17
5,16,1374,0.9413521261347348,0.9403530242625038,0.015014930560002865,17
7,23,1374,0.9412718429111873,0.9383991133599118,0.013045565973615409,17
4,17,1374,0.9412568306010929,0.941532652427164,0.014742437782007378,17
7,22,1374,0.9412568306010929,0.9379078453027134,0.013570473102073956,17
6,17,1374,0.9412117936708102,0.9404330072398497,0.014971116967178254,17
7,14,1374,0.9412117936708101,0.9373686031241271,0.014273929463377303,17
4,20,1374,0.9411974340698503,0.941242353512489,0.014519178208053705,17
7,8,1374,0.9411380375386078,0.9371874110683805,0.014418089902065294,17
6,26,1374,0.9411380375386077,0.9417701471728557,0.013838960403976286,17
4,23,1374,0.9410916951900558,0.9414355423621282,0.014064370391069777,17
4,24,1374,0.9410916951900558,0.9415424952809129,0.013875539532157918,17
6,13,1374,0.9410192444761226,0.9403973040501907,0.014960957623270758,17
6,15,1374,0.9409715967093015,0.9402647518791496,0.015050661315006998,17
7,13,1374,0.9408514982285474,0.9377404123555227,0.014398210070749656,17
7,21,1374,0.9408514982285474,0.937945806865978,0.013731064428508218,17
6,20,1374,0.9407914489881702,0.9397599074719531,0.014663612721665649,17
5,20,1374,0.9407548972766364,0.9394916701260252,0.014636119109880469,17
7,20,1374,0.9407222618199097,0.937650717066255,0.013851065545924269,17
5,19,1374,0.9406951743908265,0.9397310446740241,0.014721020657294822,17
6,22,1374,0.9404912027862847,0.9400735733736447,0.014334128767372707,17
6,21,1374,0.9404311535459077,0.9400120359564409,0.014424025939504124,17
6,19,1374,0.9404252791636968,0.939554304094575,0.014885037971776935,17
6,18,1374,0.9403711043055306,0.9397990178032944,0.014883527458840837,17
4,22,1374,0.9403711043055305,0.9411206232588983,0.014320542537701517,17
7,19,1374,0.9403658826324542,0.9371424133006456,0.013974889597746709,17
6,23,1374,0.9403110550651534,0.9403405575180342,0.014153563690139506,17
4,21,1374,0.9402510058247764,0.9408202465151859,0.014315979953516012,17
7,18,1374,0.9402510058247764,0.9369746931614358,0.01406240964540491,17
7,16,1374,0.9398313138512712,0.9374768353528153,0.014501753621066189,17
7,10,1374,0.939831313851271,0.9378703275816604,0.015032750055996412,17
7,17,1374,0.9388698732961028,0.9370002271427788,0.014220366476572835,17
1,8,1369,0.9804108934543718,0.9789903611070967,0.007830764003465317,18
1,9,1369,0.9802317247969421,0.97862191956793,0.007780656623902789,18
1,11,1369,0.9798937326409853,0.9787346204872227,0.0082502110719774,18
1,16,1369,0.9797125950972104,0.978781154775296,0.008129296559465546,18
1,42,1369,0.9796942188246536,0.9791299180664982,0.00852425495738285,18
1,15,1369,0.9796522159159522,0.9786548820964869,0.007995413778061653,18
1,17,1369,0.9796522159159522,0.9791355659371215,0.008133851296261537,18
1,10,1369,0.9795918367346939,0.9788249241587849,0.007904682598943499,18
1,12,1369,0.979574773053034,0.9786717611547059,0.008105250212646136,18
1,19,1369,0.9795747730530339,0.9790035580250818,0.00791829581540619,18
1,43,1369,0.9794553272814142,0.9790008644164182,0.008560417325351843,18
1,24,1369,0.9793956043956044,0.9785888087094294,0.00831840202128575,18
1,18,1369,0.9793358815097946,0.9790562718189547,0.00799411683544889,18
1,20,1369,0.9793358815097946,0.9787572643298991,0.008116240721348512,18
1,34,1369,0.9793358815097946,0.9800639368046729,0.008290263019941011,18
1,33,1369,0.9793358815097946,0.9801670928211779,0.008193783274060992,18
1,32,1369,0.9792761586239848,0.9800185755281586,0.008261681506829332,18
1,13,1369,0.979156712852365,0.9786186154251837,0.008120391460518473,18
1,41,1369,0.9791567128523649,0.9791749786664529,0.008467875356198001,18
1,40,1369,0.9791567128523649,0.9792733558479253,0.008451089584982504,18
1,35,1369,0.9790969899665553,0.9799202475509133,0.008261886744640663,18
1,23,1369,0.9790969899665553,0.9789437430427302,0.00818905400778579,18
1,21,1369,0.9790969899665551,0.9788723771170333,0.008071344040926168,18
1,55,1369,0.979096989966555,0.9788285242441563,0.008374101450027307,18
1,39,1369,0.9790372670807455,0.9795343624677156,0.008378463733556427,18
1,57,1369,0.9790372670807455,0.9789193794908002,0.008377463598153698,18
1,59,1369,0.9790372670807453,0.9786990362197336,0.008458781794085976,18
1,45,1369,0.9790372670807452,0.9788781239699209,0.008367762447474895,18
1,14,1369,0.9789880449221108,0.9783741082881464,0.008018855379865757,18
1,56,1369,0.9789775441949355,0.9788643832232923,0.008387704266715142,18
1,27,1369,0.9789775441949355,0.9793268061272259,0.00847139599256568,18
1,58,1369,0.9789775441949355,0.9788211856416958,0.008437662288474222,18
1,54,1369,0.9789178213091256,0.9788380132004469,0.008326554659179626,18
1,29,1369,0.9789178213091256,0.9797864453342904,0.008309589423495788,18
1,22,1369,0.9789178213091256,0.9790329333789971,0.008092435287381634,18
1,44,1369,0.9789178213091256,0.9789621566129518,0.00843074440893128,18
1,46,1369,0.9788580984233157,0.9789764883841157,0.008245650635579126,18
1,26,1369,0.978798375537506,0.9791927908835557,0.008222733199594195,18
1,47,1369,0.9787983755375058,0.9787296967651075,0.008304955441468472,18
1,48,1369,0.9787386526516961,0.9787539392430794,0.008323363472929324,18
1,28,1369,0.9787386526516961,0.979504016944157,0.00832651816163306,18
1,52,1369,0.978738652651696,0.9788834406085901,0.00826710179309285,18
1,51,1369,0.9786789297658861,0.9788976553224671,0.008207116999933838,18
1,31,1369,0.9786192068800765,0.979951554923867,0.008197610426660173,18
1,36,1369,0.9785594839942666,0.9797644313917919,0.008323529067361295,18
1,53,1369,0.9784997611084567,0.9788643952733073,0.008308635417271445,18
1,38,1369,0.9784997611084567,0.9795800532547535,0.008389632833267019,18
1,25,1369,0.9784997611084567,0.9789313391304808,0.008210029129595396,18
1,61,1369,0.9784400382226469,0.9779373203561561,0.00850449387716378,18
1,62,1369,0.9784400382226469,0.9778634203410391,0.008399740124841092,18
1,50,1369,0.9784400382226469,0.9787800603757384,0.00824220716711611,18
1,49,1369,0.9784400382226469,0.9787107422352932,0.008229897884169649,18
1,37,1369,0.9784400382226469,0.9798315046431719,0.008357889762008134,18
1,60,1369,0.9783205924510272,0.9784930128132686,0.008421807540149519,18
1,30,1369,0.9782011466794076,0.979757659283479,0.008255580216965938,18
1,63,1369,0.9780817009077879,0.9783808375041447,0.008340823143755725,18
1,88,1369,0.978021978021978,0.977592949725703,0.008462141989590768,18
1,64,1369,0.9779622551361682,0.9782538195893017,0.00840519729376159,18
1,90,1369,0.9779622551361682,0.9774997047029114,0.00855325867713326,18
1,87,1369,0.9779025322503583,0.9774730711577186,0.008473614102885557,18
1,68,1369,0.9778428093645485,0.9780093001153445,0.00843200455214677,18
1,89,1369,0.9777830864787387,0.9774828768572551,0.008498856977313694,18
1,84,1369,0.977663640707119,0.9777219511590522,0.008508895877892985,18
1,65,1369,0.977663640707119,0.9781267617946477,0.008467847930206262,18
1,86,1369,0.9775441949354994,0.9774130348280718,0.008521254790474275,18
1,85,1369,0.9774247491638797,0.9775563690367526,0.008527897094578272,18
1,66,1369,0.9774247491638797,0.9781367250050919,0.008451708149478111,18
1,67,1369,0.97730530339226,0.9779997576512501,0.0084637962914221,18
1,83,1369,0.9771858576206403,0.9776644740230229,0.008544663530831477,18
1,72,1369,0.9771261347348303,0.977793811996071,0.008481426988890615,18
1,74,1369,0.9771261347348303,0.9777238783007034,0.008496768545874698,18
1,77,1369,0.9770664118490205,0.9776284648490597,0.008448973093797319,18
1,69,1369,0.9770664118490205,0.97793523082621,0.008444265158908015,18
1,71,1369,0.9770066889632107,0.9777745042860612,0.008473796399893247,18
1,73,1369,0.9770066889632106,0.9776641950077993,0.008583445279622891,18
1,70,1369,0.9769469660774008,0.9778080140861231,0.008447196597175922,18
1,76,1369,0.9769469660774008,0.9776830296112761,0.008471637762496344,18
1,75,1369,0.9769469660774008,0.9776783970978515,0.008524811037459647,18
1,78,1369,0.976887243191591,0.9776859435630673,0.008478641497904402,18
1,79,1369,0.9767677974199713,0.97770989942283,0.008496667866675812,18
1,80,1369,0.9766483516483515,0.9777338278831548,0.00852514713296417,18
1,82,1369,0.9765886287625418,0.977659602947996,0.00855480640342574,18
1,81,1369,0.9765886287625417,0.9777818952487052,0.0085682138519591,18
2,34,1369,0.9673348629392585,0.9661273054224578,0.0078690426467706,18
2,35,1369,0.967032967032967,0.9655884398068337,0.008163235423205555,18
2,32,1369,0.9668518294891921,0.9659683265648114,0.00786404806209958,18
2,36,1369,0.9667310711266754,0.9656467445206646,0.008324196211410659,18
2,38,1369,0.9666149068322981,0.9650544287691922,0.008482999828742375,18
2,33,1369,0.9665499335829006,0.9661077746437219,0.007751906013301154,18
2,30,1369,0.966429175220384,0.9655655738995991,0.007637430834626588,18
2,31,1369,0.9663760152890588,0.9656999579597937,0.007714554472237842,18
2,27,1369,0.9662565695174391,0.9650053097529462,0.007560771399891888,18
2,37,1369,0.9661968466316292,0.9653109351388156,0.008478976866137123,18
2,39,1369,0.9660774008600095,0.9649613548853011,0.008500650792879087,18
2,28,1369,0.9660176779741998,0.9652915076459209,0.007606714545806444,18
2,40,1369,0.9659461417703177,0.9649278067834066,0.008577316709076027,18
2,29,1369,0.9658385093167701,0.9653258154725575,0.007601886693291625,18
2,10,1369,0.9657190635451505,0.9638415858863799,0.007847681237122737,18
2,26,1369,0.9657046250452844,0.9645798399408011,0.008067610951081522,18
2,16,1369,0.9655996177735309,0.9642997449499607,0.008129813330275418,18
2,54,1369,0.9655996177735308,0.9641548390750648,0.008248269890482454,18
2,9,1369,0.9654801720019112,0.9635914934240344,0.0071238455187456785,18
2,41,1369,0.9654027291389928,0.9646574810551531,0.008643326801780865,18
2,18,1369,0.9653010033444817,0.9637221828636222,0.008159745869615468,18
2,42,1369,0.9652819707764763,0.9642650691675152,0.008726871449096322,18
2,25,1369,0.9652412804586719,0.9641115343344084,0.008193964012640843,18
2,75,1369,0.9651218346870521,0.9628743565901775,0.008645602674094659,18
2,55,1369,0.965121834687052,0.9643131754087085,0.008289017599678719,18
2,74,1369,0.9651008332327013,0.9626274342858899,0.008764492447180236,18
2,11,1369,0.9651008332327013,0.9638281848354063,0.008241472177703504,18
2,56,1369,0.9650621118012421,0.9642631504895648,0.008377983095898933,18
2,19,1369,0.9650023889154324,0.9634829754378523,0.008097219830634954,18
2,22,1369,0.9650023889154324,0.9635748200767822,0.008224980692824511,18
2,57,1369,0.9650023889154323,0.9639877188544488,0.008512052639574198,18
2,15,1369,0.9650023889154323,0.9638694238592417,0.008242537041063203,18
2,43,1369,0.9649426660296225,0.9641692630862227,0.008535102781989193,18
2,21,1369,0.9649426660296224,0.9637889672015525,0.007890368513023672,18
2,23,1369,0.9648829431438127,0.9632607215221786,0.008320442873417632,18
2,71,1369,0.9648829431438126,0.9627134616367264,0.00863421235222777,18
2,14,1369,0.9648593165076682,0.9637568692615571,0.008258767844564769,18
2,53,1369,0.9648232202580029,0.9641691982456672,0.008192128081056724,18
2,70,1369,0.964763497372193,0.9626368071890619,0.008639219560632077,18
2,47,1369,0.964763497372193,0.9638840370843222,0.008314273028009413,18
2,46,1369,0.9647037744863833,0.9639271424259246,0.008397790625218088,18
2,45,1369,0.9647037744863832,0.9642457060848184,0.008369338723698114,18
2,77,1369,0.9647037744863832,0.9627574589663284,0.008800937819620058,18
2,59,1369,0.9647037744863831,0.9637315046976839,0.008636057028218779,18
2,20,1369,0.9646781789638933,0.9637155005566104,0.007956880383091782,18
2,48,1369,0.9646440516005734,0.9637234955979719,0.00821808948982289,18
2,63,1369,0.9646440516005734,0.9629578530075501,0.008760492628098568,18
2,68,1369,0.9646440516005734,0.9625600088584823,0.008677906755087509,18
2,62,1369,0.9646440516005734,0.963262148301311,0.008747969972014415,18
2,69,1369,0.9646440516005733,0.9625695632291389,0.00859902191273901,18
2,17,1369,0.9646440516005733,0.9634804687478706,0.0080589498105181,18
2,8,1369,0.9646177997826348,0.9637677607534977,0.0069835138064606025,18
2,58,1369,0.9645843287147635,0.9637243227454158,0.008578108888558648,18
2,72,1369,0.9645843287147635,0.9626894415102178,0.008713298995126205,18
2,51,1369,0.9645843287147635,0.9641453482538911,0.008226408753314287,18
2,50,1369,0.9645843287147634,0.9642024848335501,0.008114977915382848,18
2,64,1369,0.9645574206013766,0.9626868447320305,0.008748397941181337,18
2,73,1369,0.9645574206013766,0.9626244157571847,0.008649783072069065,18
2,76,1369,0.9645246058289536,0.9627284762420618,0.008755354986818072,18
2,44,1369,0.9645246058289536,0.9642268311711732,0.008415023884563562,18
2,60,1369,0.9645246058289536,0.9636399135394224,0.008681878019367777,18
2,79,1369,0.9645246058289536,0.9627930954505485,0.008948545836702638,18
2,78,1369,0.9645246058289536,0.962797964373787,0.008899878105110042,18
2,67,1369,0.9644648829431439,0.962531184936196,0.008706965712121803,18
2,65,1369,0.9644648829431439,0.9625264718024347,0.00874235587029517,18
2,80,1369,0.9644648829431438,0.9628343105178065,0.008980165734992622,18
2,61,1369,0.964405160057334,0.9634271553223093,0.008669402580626007,18
2,12,1369,0.964405160057334,0.9633536972845205,0.008049781557956362,18
2,87,1369,0.9644051600573339,0.9626027453835604,0.008923984960543035,18
2,49,1369,0.964345437171524,0.9639145957783807,0.008230886252471313,18
2,24,1369,0.9642857142857144,0.9636415652521643,0.008434099120249377,18
2,52,1369,0.9642857142857143,0.9640805207522916,0.008271942805217286,18
2,66,1369,0.9641951455138268,0.9623726638356591,0.008677921315478562,18
2,84,1369,0.9641662685140946,0.9623576084897978,0.009006705931883702,18
2,81,1369,0.9641662685140946,0.9625829769039375,0.008913075295504379,18
2,13,1369,0.9640743871513102,0.962940129731033,0.008094422778030429,18
2,88,1369,0.9640468227424749,0.9625596797783165,0.008956888729146668,18
2,82,1369,0.963987099856665,0.962424956596277,0.009025441356063143,18
2,83,1369,0.9636287625418061,0.962372033648576,0.009015864961451755,18
2,89,1369,0.963628762541806,0.9623534467876655,0.008932443365054643,18
2,85,1369,0.9635690396559962,0.9621784398323682,0.009045044960478936,18
2,86,1369,0.9633898709985667,0.9623939784469419,0.00893724218423166,18
2,90,1369,0.9631509794553272,0.962209746201154,0.009029095505800867,18
3,32,1369,0.9567009077878643,0.9559415289098935,0.008294470804835096,18
3,30,1369,0.9563425704730053,0.9553586903516019,0.008258730108495161,18
3,31,1369,0.9562241037650874,0.9556346088646968,0.0084154695844456,18
3,29,1369,0.9559245102723364,0.9551956292645397,0.008193506261395436,18
3,33,1369,0.9558037590824476,0.9561220765767539,0.008317455725516648,18
3,34,1369,0.955685618729097,0.9557271743527255,0.008529640231157418,18
3,86,1369,0.9555661729574771,0.9547050413159144,0.009352514670604637,18
3,10,1369,0.9555635621209392,0.9541619622117846,0.009409765761367997,18
3,85,1369,0.955443463640185,0.9543406943430831,0.009400830440542105,18
3,20,1369,0.955443463640185,0.9550152480026456,0.008628729335514094,18
3,87,1369,0.9553870043000479,0.9546025275365073,0.00932707819389443,18
3,70,1369,0.9550286669851887,0.9538431307269667,0.009160733490916648,18
3,88,1369,0.9550231189575452,0.9543271346335815,0.00936619095653187,18
3,82,1369,0.9550231189575451,0.9539346738286215,0.009430909390450598,18
3,21,1369,0.955017509962565,0.9545566953052481,0.008720570649882695,18
3,28,1369,0.954909221213569,0.9548369506760475,0.0080996787943575,18
3,90,1369,0.954903020476791,0.9541627720014693,0.009538417421485208,18
3,72,1369,0.954903020476791,0.9536871434289448,0.009178717098227613,18
3,81,1369,0.9548494983277592,0.95390566614361,0.009458929862800483,18
3,89,1369,0.9548494983277591,0.9541692442939379,0.009395264107651517,18
3,35,1369,0.9548429712364138,0.9556869706259944,0.008718345718579917,18
3,57,1369,0.9547829219960368,0.9548191314297696,0.009300733866117475,18
3,73,1369,0.9547829219960368,0.9535554130976029,0.009278983398043686,18
3,25,1369,0.9547829219960368,0.9546991477110609,0.008541224564866596,18
3,71,1369,0.9547829219960368,0.9538026383736908,0.009231353693738986,18
3,17,1369,0.9547300525561394,0.9546059675288251,0.009140741414194561,18
3,83,1369,0.9547300525561394,0.9538079976177695,0.009394072941747485,18
3,60,1369,0.9547228727556596,0.9544910641824241,0.009321954154443724,18
3,56,1369,0.9547228727556596,0.9550684179756498,0.009202431763121261,18
3,80,1369,0.9547156140562734,0.9537550076777243,0.00952803752832491,18
3,27,1369,0.9546106067845198,0.954836741952577,0.008215081048067743,18
3,54,1369,0.9546106067845197,0.9551013663024034,0.009026434952916414,18
3,19,1369,0.9545948556937567,0.9546644174166439,0.008890759974410075,18
3,58,1369,0.9545427250345283,0.9546420782671987,0.009369866836524741,18
3,79,1369,0.9544911610129001,0.953924712769966,0.00949752412064298,18
3,52,1369,0.9544826757941512,0.954732121142012,0.0089234353485785,18
3,75,1369,0.9544826757941511,0.9536750949921313,0.009176222476210912,18
3,76,1369,0.9544826757941511,0.9538287077199769,0.00919870531359845,18
3,77,1369,0.9544826757941511,0.9539988454651305,0.009317211197804815,18
3,22,1369,0.9544740973312402,0.9541616730114297,0.008514981396317423,18
3,61,1369,0.9544226265537741,0.9543456674128783,0.009140406197478213,18
3,84,1369,0.9543717152412805,0.9538922774295563,0.009479504599650478,18
3,68,1369,0.9543119923554706,0.9537375855081244,0.009132857325737547,18
3,53,1369,0.9543119923554706,0.9549577298391847,0.00893308158652825,18
3,15,1369,0.9543119923554706,0.9549275774027679,0.009651753456145976,18
3,74,1369,0.9543025280730199,0.9537517755481616,0.009135763831620073,18
3,59,1369,0.9543025280730199,0.9546250936278977,0.009253669937521636,18
3,78,1369,0.9542929597874652,0.9539052991919691,0.009554721863561953,18
3,24,1369,0.9542522694696608,0.9547579119034322,0.00859505656494808,18
3,67,1369,0.954192546583851,0.9538762735753877,0.009087615279015367,18
3,18,1369,0.9541722014249486,0.9542927596711482,0.009085382958089788,18
3,26,1369,0.9541223803518886,0.9545449677718051,0.008381924211317917,18
3,55,1369,0.9540623311115115,0.9552024200216848,0.009010120535151458,18
3,9,1369,0.9540623311115115,0.9541447669841301,0.009336179651754439,18
3,69,1369,0.9540133779264214,0.9536225774413567,0.00918840327055698,18
3,23,1369,0.9539536550406116,0.9542380507391119,0.008687961900265391,18
3,51,1369,0.9539422326307573,0.9546170726216233,0.008879248716202272,18
3,50,1369,0.953762084909626,0.9545141782625823,0.008882508572349705,18
3,63,1369,0.9537620849096259,0.9537488757981736,0.009206786777745758,18
3,49,1369,0.9537620849096258,0.9545254669746535,0.008759727687847973,18
3,43,1369,0.9537147634973722,0.9539194074640488,0.009202766541534348,18
3,62,1369,0.9537020356692487,0.9539955895224432,0.00918374205595006,18
3,11,1369,0.9537020356692487,0.9537256577149117,0.009441930652904565,18
3,64,1369,0.9536550406115623,0.9535047865384351,0.009297246295878003,18
3,38,1369,0.9536419864288717,0.9547072061584526,0.009127908595208128,18
3,36,1369,0.9536419864288717,0.9552388819319181,0.00896388054075939,18
3,41,1369,0.9536287887936239,0.9539600601972833,0.009264923335540189,18
3,66,1369,0.9535953177257525,0.9536486056167587,0.009172135510152297,18
3,16,1369,0.9535953177257525,0.9541011069114897,0.009499986924928252,18
3,46,1369,0.9535819371884946,0.9539460523419935,0.008914779151999414,18
3,39,1369,0.9535819371884946,0.9548129371483566,0.009319764349239555,18
3,44,1369,0.9535355948399427,0.9539860738839772,0.009048247366097972,18
3,42,1369,0.9535355948399427,0.9537469212570839,0.009158419140296895,18
3,8,1369,0.9534758719541327,0.9537291616870698,0.00830208602650601,18
3,37,1369,0.9534618387077404,0.9549299650271272,0.009187322390988111,18
3,40,1369,0.9534476512498491,0.9544129534044002,0.009499991538826146,18
3,65,1369,0.9534017894673631,0.9532937104460057,0.009267398757481586,18
3,13,1369,0.9530578117534639,0.9539175418635445,0.010012307951157613,18
3,45,1369,0.9529980888676541,0.9537562667608174,0.009063860851987033,18
3,48,1369,0.9529213955443463,0.9541297225406631,0.008776892822835135,18
3,47,1369,0.9528613463039692,0.9538742529026694,0.008770828088889572,18
3,14,1369,0.9525800286669852,0.9538984975324294,0.010031769297529873,18
3,12,1369,0.9521193092621665,0.9531228004957376,0.009683360982845262,18
4,8,1369,0.9440993788819876,0.942164572990942,0.008352863853237812,18
4,9,1369,0.943920210224558,0.9419358031732221,0.008972458073801417,18
4,53,1369,0.9436137632858945,0.9423863282655276,0.007524817976138165,18
4,50,1369,0.9435537140455175,0.9419158441886036,0.007039846770277513,18
4,52,1369,0.9433135170840089,0.9422496882704209,0.007370254558597169,18
4,49,1369,0.9432035355948399,0.9416760329710208,0.007236625207401822,18
4,51,1369,0.9431934186032547,0.9419330655246236,0.007155761303790644,18
4,54,1369,0.9431934186032547,0.9423606643161679,0.007591325758147056,18
4,32,1369,0.9430840898232202,0.9435968391835726,0.006892144597143503,18
4,14,1369,0.9430243669374104,0.9431794727194694,0.009448388184351649,18
4,12,1369,0.9428451982799809,0.9412807114351687,0.009181594611058089,18
4,85,1369,0.942785475394171,0.9431128530650748,0.008002190089326159,18
4,34,1369,0.9426529754398607,0.9432068999876602,0.0072501918197756775,18
4,87,1369,0.9426063067367415,0.9428418696068475,0.007922484637594476,18
4,88,1369,0.9425465838509317,0.9426526348834904,0.008041922770746586,18
4,16,1369,0.9425465838509317,0.9427768366811862,0.00855429303106502,18
4,86,1369,0.9425328769591066,0.9429472967642356,0.007824219769336055,18
4,89,1369,0.9424127784783523,0.942568969622458,0.00821634118584591,18
4,84,1369,0.9423674151935022,0.9426885595638973,0.008084203693756103,18
4,33,1369,0.9423527292379752,0.9431676136400314,0.0069900689155427765,18
4,31,1369,0.9423076923076923,0.9433280201375257,0.006846763475874184,18
4,90,1369,0.9422479694218825,0.942607034615016,0.0081487332489846,18
4,48,1369,0.9422479694218824,0.9417284047739979,0.007044830416874431,18
4,17,1369,0.9422479694218824,0.9420898052313074,0.008319015809088802,18
4,19,1369,0.9422171235358048,0.9425020495784087,0.00787707792889807,18
4,57,1369,0.942068800764453,0.9418956343054624,0.007673207942176785,18
4,55,1369,0.9420524830360897,0.9422840242137588,0.007694527282697011,18
4,30,1369,0.9420090778786431,0.94309738687109,0.0067999023505093325,18
4,56,1369,0.9418896321070234,0.9419411916816223,0.007701680845067571,18
4,18,1369,0.9418299092212136,0.942674364072663,0.007995304549287534,18
4,58,1369,0.9418299092212135,0.9416536338584071,0.0076756675471535375,18
4,15,1369,0.9417701863354037,0.9420749819916832,0.009073697463202687,18
4,20,1369,0.9417104634495939,0.9418256339046561,0.007803020900339698,18
4,35,1369,0.9416321383534498,0.9426028635884676,0.007506432580804289,18
4,44,1369,0.9415910176779743,0.940946840814628,0.007341514045878137,18
4,28,1369,0.9415910176779743,0.9423417861031139,0.006540920830401095,18
4,36,1369,0.9415910176779742,0.9423392030963719,0.007558676050767786,18
4,29,1369,0.9415312947921644,0.942583814236513,0.00659839041041431,18
4,47,1369,0.9415312947921644,0.941165214338634,0.007158234441406086,18
4,21,1369,0.9414118490205448,0.9413834930404995,0.007564983414291,18
4,45,1369,0.9414118490205446,0.9410648539255604,0.007303530695148581,18
4,37,1369,0.9414118490205446,0.9420969802978528,0.007414380646652317,18
4,59,1369,0.9413521261347348,0.9414140593375435,0.007625118095068186,18
4,78,1369,0.9413318921515642,0.9416251454716519,0.00810542970384788,18
4,39,1369,0.941292403248925,0.9416385374851143,0.007422133493193745,18
4,26,1369,0.9412326803631151,0.9419963945208124,0.006474009885722766,18
4,83,1369,0.9412326803631151,0.9419910926577567,0.008150036386170623,18
4,81,1369,0.94121179367081,0.9420208107198309,0.007946212263546925,18
4,77,1369,0.941151744430433,0.9415986822046443,0.00816887183768262,18
4,10,1369,0.9411132345914954,0.940555826728706,0.008312775172950334,18
4,38,1369,0.9410535117056857,0.9420652584904619,0.007388286367703986,18
4,13,1369,0.9410535117056857,0.941341234355889,0.009211263620866045,18
4,60,1369,0.9410535117056856,0.9413904575186914,0.007660757166786231,18
4,27,1369,0.9410095399106388,0.9417759987461097,0.006478493950394102,18
4,42,1369,0.9409937888198757,0.9410713801561907,0.0073159495726721835,18
4,46,1369,0.9409937888198756,0.9407484820782857,0.0070643396781626,18
4,82,1369,0.9409715967093016,0.9418653095825246,0.007998983293503887,18
4,43,1369,0.9409340659340659,0.9409870581693519,0.007143092984291595,18
4,11,1369,0.9408743430482561,0.9400329451707974,0.008590126720722834,18
4,80,1369,0.9408743430482561,0.9415581502584628,0.008037901811062334,18
4,25,1369,0.9408146201624463,0.9412581588283184,0.006706953207240531,18
4,79,1369,0.9408146201624462,0.9414363297732139,0.008093308639421346,18
4,76,1369,0.9407548972766364,0.9416130016388881,0.007985244309808511,18
4,74,1369,0.9406354515050168,0.9409485590893563,0.0077275135608915356,18
4,70,1369,0.940611301267039,0.9410227734090258,0.007912336834489138,18
4,71,1369,0.9405757286192069,0.9407660445444863,0.007827501363291899,18
4,24,1369,0.9405757286192068,0.9415692301036108,0.007295476354006444,18
4,61,1369,0.940516005733397,0.9410477163658338,0.0076725376133913595,18
4,22,1369,0.940516005733397,0.9409638838391199,0.007775715686294092,18
4,73,1369,0.9404912027862848,0.9410661528884645,0.007767103161346343,18
5,31,1369,0.9404912027862848,0.938434669080342,0.009409327407611625,18
4,40,1369,0.9404562828475873,0.9409442976876967,0.007477989883911581,18
4,75,1369,0.9404562828475872,0.9412150531998111,0.007837905121667703,18
4,41,1369,0.9404562828475872,0.9407121786831278,0.00729101675107202,18
4,67,1369,0.9403965599617773,0.94069827640892,0.007724465578277465,18
4,65,1369,0.9403711043055305,0.940641036830325,0.00780881480128051,18
4,72,1369,0.9403711043055305,0.9406462708403213,0.007776572580169342,18
4,66,1369,0.9403368370759676,0.9407891089900599,0.007764659088869682,18
4,62,1369,0.9403110550651534,0.9406907853163914,0.007684579325619832,18
4,69,1369,0.9403110550651533,0.9410539475145541,0.007940382822328994,18
4,63,1369,0.9402771141901577,0.940485063160296,0.007779981303725554,18
4,68,1369,0.9400979455327281,0.9406817647326995,0.007774420277835247,18
5,30,1369,0.940043473010506,0.9383890553273272,0.00928551205151667,18
5,29,1369,0.9399784997611085,0.9381630418070387,0.009355289184232063,18
4,64,1369,0.9399187768752987,0.9403406532008897,0.007662692738764418,18
5,28,1369,0.9399187768752986,0.9376974663897114,0.009253438016803084,18
5,33,1369,0.9399187768752986,0.9379811598879452,0.009688596526744872,18
5,32,1369,0.9397396082178692,0.9380400814477714,0.009464601150712952,18
4,23,1369,0.9397396082178691,0.9414143204211972,0.0075773334246385,18
6,30,1369,0.9394409937888198,0.9372126628785437,0.00802891506577641,18
5,34,1369,0.9392902179787426,0.9373530781145939,0.00978198352414889,18
5,13,1369,0.9392618251313903,0.9386569217049429,0.010051553797023799,18
5,27,1369,0.9392021022455804,0.9373094549092607,0.009165282020041464,18
5,35,1369,0.9388437649307213,0.9370938543231823,0.009833618890377765,18
5,37,1369,0.9388098240557257,0.9371756290229656,0.009855669743680497,18
6,31,1369,0.9384854276158624,0.9370210135617465,0.007943361857809684,18
5,36,1369,0.938449528613463,0.9368067277183535,0.00975695695719154,18
6,32,1369,0.9383659818442427,0.9370505877409059,0.00814273730371369,18
6,29,1369,0.9382465360726231,0.9370633967631767,0.007990305508400554,18
6,52,1369,0.9381868131868132,0.936668452937907,0.008011361270914924,18
6,33,1369,0.9381868131868132,0.9365182837886934,0.00815807149673666,18
6,10,1369,0.9381270903010034,0.9346869388942889,0.009709737175725718,18
6,83,1369,0.9380673674151936,0.9374291534442858,0.009042501409120312,18
5,8,1369,0.9380673674151936,0.9366551365239421,0.010390774121988681,18
6,12,1369,0.9380076445293837,0.9364687180611848,0.009269821007466917,18
5,38,1369,0.9379479216435738,0.9366411196311409,0.00993358308260945,18
6,28,1369,0.937909085450069,0.9365573817831147,0.008070616275907891,18
6,80,1369,0.9378881987577639,0.9366825851665637,0.00898571561264402,18
6,81,1369,0.9378284758719542,0.9367168812300907,0.00902969052753498,18
5,17,1369,0.9378284758719541,0.9380321189701403,0.009561295266727731,18
6,51,1369,0.9378284758719541,0.9364691507140968,0.007999729730814002,18
5,26,1369,0.9377889869693148,0.9369290547345812,0.009120490686213562,18
6,53,1369,0.9377687529861443,0.9367020812297809,0.008082319401762027,18
5,14,1369,0.9377687529861443,0.9375661365779088,0.00993565005830733,18
6,82,1369,0.9377687529861443,0.9370457601320038,0.009146661828450465,18
6,84,1369,0.9377687529861443,0.9374391274136719,0.009103319701209459,18
6,85,1369,0.9377687529861443,0.9373648747921695,0.009098311648909849,18
5,41,1369,0.9377090301003346,0.9358143709853547,0.010002979246487267,18
6,11,1369,0.9377090301003345,0.9347928750213492,0.009857426782323075,18
6,54,1369,0.9377090301003344,0.9364839299137858,0.008095049602689286,18
5,54,1369,0.9376688884885606,0.9369598901486222,0.009943820134662254,18
5,12,1369,0.9376493072145247,0.9366943828483073,0.01081470395146693,18
5,56,1369,0.9376493072145247,0.9363323864890758,0.009929708366686246,18
6,55,1369,0.9375895843287148,0.9363522793420658,0.008072200643838687,18
6,36,1369,0.9375895843287148,0.9359132732031857,0.008128095363534897,18
5,53,1369,0.9375487900078063,0.9369645509222004,0.00983617505806688,18
5,16,1369,0.937529861442905,0.9375308710620014,0.00960857450732983,18
6,50,1369,0.9374701385570952,0.9361358851764419,0.008059271381270596,18
6,16,1369,0.9374701385570952,0.9357528372979173,0.009036239347958228,18
5,15,1369,0.937470138557095,0.9379548057883335,0.009829879854387989,18
5,50,1369,0.937470138557095,0.9364626336644305,0.009716898829086896,18
5,39,1369,0.9374286915270522,0.9359149322320078,0.009980575416309923,18
6,87,1369,0.9374104156712852,0.9372259137346901,0.009239625173265808,18
6,14,1369,0.9374104156712852,0.9355651488496726,0.009195281199885878,18
6,86,1369,0.9374104156712852,0.9371874410499649,0.009143559420819914,18
5,57,1369,0.9374104156712852,0.93624125567007,0.010049988756225104,18
5,25,1369,0.9373686422866752,0.936911259588333,0.00883320216283253,18
5,55,1369,0.9373686422866752,0.9366172814024748,0.010017356812184675,18
6,79,1369,0.9373506927854753,0.9366536556631958,0.008844928382622987,18
5,51,1369,0.9373506927854753,0.9365881179279861,0.009796007072561938,18
5,84,1369,0.937266030672624,0.9379301204723182,0.010438152643994742,18
5,20,1369,0.9372485438059208,0.9364489206041452,0.009045541079163411,18
6,88,1369,0.9372312470138557,0.9372068552017718,0.009287931934522403,18
6,90,1369,0.9372312470138557,0.9370584551094917,0.009265889505270486,18
5,85,1369,0.9372056514913658,0.9377696842801447,0.01045959911795036,18
5,18,1369,0.9371715241280459,0.9376363111301197,0.009440671542496561,18
5,52,1369,0.9371118012422361,0.936744052148562,0.009862399086993276,18
6,59,1369,0.937111801242236,0.9356481281205774,0.0082305365969821,18
6,27,1369,0.937111801242236,0.936175851202286,0.00815941438350818,18
6,13,1369,0.937111801242236,0.9353588481494145,0.00913249164956655,18
6,34,1369,0.9370520783564262,0.9359034279107434,0.007961593423802784,18
6,56,1369,0.9370520783564262,0.9363136101273374,0.008148375109033,18
6,25,1369,0.9370520783564262,0.9355100016700746,0.0077858774933768716,18
5,24,1369,0.9370083468444124,0.9361755678834857,0.009144859109295755,18
5,83,1369,0.9369923554706163,0.9375630164847933,0.01038856131494823,18
6,49,1369,0.9369923554706163,0.9358619886271385,0.007892302396583475,18
6,37,1369,0.9369923554706163,0.9355881199076314,0.008289002152061874,18
6,89,1369,0.9369923554706163,0.9371879537494037,0.009283726687200606,18
5,19,1369,0.9369641347663326,0.936892310509716,0.009105239578009872,18
6,26,1369,0.9369326325848065,0.9359461351714999,0.00805404835894312,18
6,78,1369,0.9369326325848064,0.93640421060224,0.00880677727143369,18
5,90,1369,0.936828199123281,0.9373621810400534,0.010490876299880138,18
5,9,1369,0.936828199123281,0.9357404702529749,0.009691427139612721,18
5,40,1369,0.9368131868131868,0.935437532307309,0.009862967335179794,18
6,48,1369,0.9368131868131868,0.9359217242802259,0.007817259928588395,18
6,76,1369,0.9368131868131868,0.9363056614211519,0.008806738333665532,18
5,86,1369,0.9367829972225576,0.9375324999657865,0.010652586489025602,18
5,42,1369,0.936753463927377,0.9357332036636978,0.009845199056284804,18
6,75,1369,0.9367534639273769,0.9362913538934703,0.008888250140472894,18
6,68,1369,0.9367534639273769,0.9356165425931153,0.00842554073944433,18
6,58,1369,0.9367534639273769,0.9359953841557627,0.008196178874149664,18
6,15,1369,0.9366937410415671,0.9352338017030629,0.0090079142890448,18
6,67,1369,0.9366937410415671,0.9357913393904166,0.008361178522200334,18
5,11,1369,0.936693741041567,0.9366145796170154,0.010599621062424496,18
6,46,1369,0.9366622388600411,0.9356455542947987,0.007691274682233126,18
6,77,1369,0.9366340181557573,0.9362581060377775,0.00886980913647168,18
5,82,1369,0.9366340181557573,0.9370953304499943,0.01050906917806192,18
5,80,1369,0.9366340181557573,0.9370253070967788,0.010373896131989845,18
5,22,1369,0.9366340181557573,0.9361319296156342,0.009571733310093028,18
5,23,1369,0.9366340181557573,0.9364000892102763,0.00949644521823472,18
6,57,1369,0.9366340181557572,0.9359284433110928,0.008151172246916638,18
5,81,1369,0.9365742952699475,0.9369601905382768,0.01040028344200213,18
6,24,1369,0.9365742952699475,0.9354785013534318,0.0077583506606987065,18
6,69,1369,0.9365742952699474,0.9356861872315805,0.008386987932311846,18
6,17,1369,0.9365742952699474,0.9354883539619544,0.009001467229446837,18
5,49,1369,0.9365742952699474,0.9364339916399866,0.00963342539681193,18
6,35,1369,0.9365414804975245,0.9357335280099294,0.00793140679873443,18
5,43,1369,0.9365145723841376,0.9355684211459513,0.009831692911630593,18
6,66,1369,0.9365145723841376,0.9355345976151471,0.008186241677521001,18
5,75,1369,0.9365145723841375,0.9368455456933836,0.010562765192295815,18
6,74,1369,0.9364548494983278,0.9360490889198994,0.008863970099013798,18
5,47,1369,0.9364548494983277,0.9361198884949011,0.009679565444616883,18
5,21,1369,0.9364207221350078,0.9360697294476168,0.009559042623181644,18
6,47,1369,0.9364207221350078,0.9355474010427683,0.007779972809356211,18
6,73,1369,0.936395126612518,0.9357992528072733,0.008612153545909133,18
5,76,1369,0.9363951266125179,0.9368022059503031,0.010590130846068432,18
5,46,1369,0.9363478052002642,0.9358154458753646,0.009533197454937074,18
6,61,1369,0.9363354037267081,0.935442315589371,0.008134573692167083,18
5,44,1369,0.9363354037267081,0.9355225593634654,0.009623303515050995,18
5,78,1369,0.9363354037267081,0.9364333435213339,0.01059558118853527,18
5,77,1369,0.936335403726708,0.9367205640875876,0.010577815194768395,18
5,58,1369,0.9362756808408983,0.9359682089337146,0.01019314846709609,18
6,72,1369,0.9362756808408982,0.9354876706974252,0.008511375802153104,18
6,65,1369,0.9362756808408982,0.935551452142979,0.008196555736823286,18
6,60,1369,0.9362756808408982,0.9354345064625232,0.008174432645939651,18
5,88,1369,0.936239584591233,0.9372858407534885,0.01076252975396637,18
6,8,1369,0.9362159579550884,0.9332560439646512,0.008959367851816488,18
6,63,1369,0.9362159579550884,0.9355891787309549,0.008191730613699997,18
5,89,1369,0.9361792054099747,0.9373504190779967,0.010597292782045029,18
5,10,1369,0.9361676574791329,0.9352325756140581,0.010337450168464987,18
5,79,1369,0.9361562350692786,0.9366487141529631,0.010456376230276813,18
5,87,1369,0.9361562350692786,0.9373047013218782,0.010737362139858982,18
6,71,1369,0.9361562350692785,0.9357105988401172,0.008464557807015759,18
7,90,1369,0.9360965121834688,0.9342981114556937,0.009756323194582719,18
7,88,1369,0.9360367892976589,0.9344788925198643,0.009751027402030306,18
6,64,1369,0.9359770664118491,0.9357572666825209,0.008166720274443309,18
6,62,1369,0.9359770664118491,0.9354233216101036,0.00814243596165265,18
5,68,1369,0.935977066411849,0.9360423906896536,0.010492261934104298,18
5,65,1369,0.935977066411849,0.9357628125583761,0.010419089810841164,18
6,70,1369,0.935977066411849,0.9355713616364655,0.008502735415787213,18
7,89,1369,0.9359173435260392,0.9343296133503146,0.009647463171154402,18
6,23,1369,0.9359173435260392,0.9351441200417884,0.008231026915991526,18
5,48,1369,0.9358576206402294,0.9361560908994587,0.009773973094590053,18
6,18,1369,0.9358576206402293,0.9347275524649754,0.008892525626860104,18
7,81,1369,0.9357978977544196,0.9341716660600059,0.009306200956863037,18
7,83,1369,0.9357978977544195,0.93452896635633,0.00935826559405491,18
5,60,1369,0.9357978977544195,0.9358029798481579,0.01012729044671285,18
6,45,1369,0.9357978977544195,0.9352642740386821,0.007468349551635207,18
5,70,1369,0.9357978977544195,0.936118676033889,0.010397114995379191,18
7,87,1369,0.9357381748686098,0.9343348234037339,0.009657464080656847,18
7,82,1369,0.9357381748686098,0.9346796641282163,0.009271913422691605,18
7,11,1369,0.9357381748686097,0.9319545835516323,0.009885966885130536,18
6,38,1369,0.9357381748686097,0.9349129788098481,0.008355541822616021,18
7,84,1369,0.9356784519827999,0.9344112411546794,0.009429028163799721,18
6,41,1369,0.9356784519827999,0.934844801260684,0.007923176092425384,18
5,61,1369,0.9356187290969901,0.9355075309866848,0.01019229138386465,18
5,59,1369,0.93561872909699,0.936028453986832,0.010179320827083596,18
6,43,1369,0.93561872909699,0.9348521239399106,0.007633264254677554,18
6,40,1369,0.93561872909699,0.9349983065425641,0.008159930775874099,18
5,62,1369,0.9355590062111803,0.9353545748411931,0.010348763699980381,18
5,45,1369,0.9355590062111803,0.9353091845872622,0.00956523090989431,18
7,80,1369,0.9355590062111802,0.9338048529942665,0.009364158242066113,18
7,86,1369,0.9355590062111802,0.9343393136122218,0.009681988232458772,18
5,69,1369,0.93555900621118,0.9360923598057527,0.010373273102076334,18
5,71,1369,0.93555900621118,0.9360345789806598,0.010379108016626842,18
6,9,1369,0.93555900621118,0.933189676356399,0.009229410653116088,18
7,78,1369,0.9354992833253702,0.9337197057248673,0.009158931840451233,18
5,74,1369,0.9354992833253701,0.9364711973517281,0.010433565702524013,18
6,19,1369,0.9354395604395604,0.9345331606221927,0.008758632837774867,18
5,64,1369,0.9354395604395604,0.9356789524887713,0.01048127012377132,18
6,22,1369,0.9353798375537506,0.9350091113891604,0.008489982070015077,18
6,42,1369,0.9353798375537506,0.9348400871227546,0.007821519231992733,18
5,63,1369,0.9353798375537506,0.9352679444158066,0.010189712396554123,18
5,67,1369,0.9353798375537505,0.9355572083202827,0.010384354249864388,18
7,73,1369,0.9353798375537505,0.9330786389129577,0.009381890453473063,18
7,85,1369,0.935320114667941,0.9343058300639778,0.009559879529148472,18
7,76,1369,0.9353201146679407,0.933247686705583,0.00932582163254911,18
6,44,1369,0.9353201146679407,0.9348021794976514,0.007555779823672865,18
7,79,1369,0.9352603917821308,0.9336702095718489,0.009241843527921744,18
6,39,1369,0.9352068696330991,0.93462247777052,0.008133073368177559,18
5,73,1369,0.935200668896321,0.9362504067955888,0.010374837078663147,18
7,77,1369,0.9351409460105111,0.9333721987911596,0.009274397721094655,18
5,66,1369,0.9351409460105111,0.93562862531509,0.010325167405336951,18
5,72,1369,0.9350215002388915,0.9363922175381137,0.010349909880573325,18
7,75,1369,0.9350215002388915,0.9333695223968032,0.009449708915945411,18
7,74,1369,0.9349020544672719,0.93331889555073,0.009463673503109686,18
7,14,1369,0.9348465741908365,0.9309848333636448,0.009615208132214588,18
7,13,1369,0.9348465741908365,0.9311544454986292,0.00982667334024541,18
7,52,1369,0.9347228858098424,0.9328401615172506,0.009162535185205276,18
6,21,1369,0.9346034400382227,0.9346949974851332,0.008849687156918902,18
6,20,1369,0.9346034400382226,0.9343434887988944,0.009022419868814751,18
7,72,1369,0.9346034400382226,0.9326245640871287,0.009193533410517218,18
7,12,1369,0.9343661802678196,0.9310173312493693,0.009795877451759374,18
7,53,1369,0.9343661802678196,0.9326747374796688,0.009123257727327356,18
7,70,1369,0.9343645484949833,0.932490193368022,0.009138119515500826,18
7,71,1369,0.9343048256091734,0.9323991146222942,0.009125224149201585,18
7,51,1369,0.9341853798375538,0.9328280732006264,0.009112217879368419,18
7,68,1369,0.9341853798375537,0.9323121160976463,0.009134138710777142,18
7,66,1369,0.9341259833063111,0.9322255516604361,0.009167800798552964,18
7,50,1369,0.9341256569517439,0.9326405604817642,0.009080329527486079,18
7,69,1369,0.9340659340659341,0.9321900194662252,0.009156233752461258,18
7,49,1369,0.9339464882943144,0.9323670430775692,0.008988087930118746,18
7,56,1369,0.9338867654085046,0.9322703170350285,0.009219394505700569,18
7,48,1369,0.9338847965221592,0.9320067517954307,0.008947473493043544,18
7,65,1369,0.9338257371044256,0.9319733131478369,0.00917990955834122,18
7,55,1369,0.9338244173409009,0.9324395906219785,0.009288512062204645,18
7,57,1369,0.9337056386236715,0.9322489467641536,0.00917725385189844,18
7,15,1369,0.9336478738652652,0.9314021298229,0.009823364770124606,18
7,58,1369,0.9335881509794554,0.931954023369397,0.009099775508839638,18
7,54,1369,0.9335284280936456,0.9326415441359478,0.009348703314850918,18
7,47,1369,0.9334687052078356,0.9319322630510197,0.008913866408641419,18
7,67,1369,0.9334053924217858,0.9321272929707759,0.009119610032885465,18
7,63,1369,0.9334053924217858,0.9321334640128747,0.0090691146562087,18
7,16,1369,0.933349259436216,0.931372310052963,0.009609058459850685,18
7,64,1369,0.9332852939410317,0.9319300246173196,0.00900345104468915,18
7,10,1369,0.9332810047095761,0.930461686992316,0.010621354024586272,18
7,62,1369,0.9332252447006546,0.9320302173343537,0.009105480228155651,18
7,35,1369,0.9331651954602774,0.9318282916501803,0.009620685191771314,18
7,17,1369,0.9330506450071667,0.9308128739144693,0.009378536966470964,18
7,29,1369,0.9330450969795232,0.932521069522589,0.009225431134406267,18
7,18,1369,0.9329909221213569,0.9306715250891782,0.009399694776018507,18
7,36,1369,0.9329311992355471,0.9314284949683586,0.00959225140027674,18
7,28,1369,0.932924998498769,0.9323500669019691,0.009209892299779332,18
7,39,1369,0.9328649492583918,0.9311069361635259,0.00913614938851032,18
7,24,1369,0.9328583504407679,0.9312776160158927,0.008967008193438304,18
7,32,1369,0.9328117534639273,0.9319883633294065,0.009524432839807674,18
7,22,1369,0.9328117534639273,0.9312833691806928,0.009070974826223892,18
7,46,1369,0.9326923076923078,0.9315075496642077,0.00904925893289827,18
7,59,1369,0.9326848015372606,0.9317665330291335,0.009099935525864085,18
7,27,1369,0.9326848015372606,0.9319708228114467,0.009449893275266708,18
7,60,1369,0.9326848015372605,0.9317765349717682,0.009168597835784754,18
7,33,1369,0.9326772128969931,0.931527750366385,0.00942101017947334,18
7,31,1369,0.9326325848064979,0.9324010103478355,0.009435479831078864,18
7,30,1369,0.9326247522968835,0.9322570053549978,0.009313573772806666,18
7,41,1369,0.9326247522968835,0.9309917047411271,0.008977749942543157,18
7,61,1369,0.9325647030565063,0.9316752946207099,0.009108423519034686,18
7,45,1369,0.9325564545344764,0.9315910026154558,0.00900542822357479,18
7,26,1369,0.9325131390348782,0.9316830628635786,0.009475236504820678,18
7,23,1369,0.9325131390348781,0.9314937502454832,0.008924406684178073,18
7,34,1369,0.9325046538161292,0.9313625864082892,0.009407479779331984,18
7,40,1369,0.9325046538161292,0.9311350915968964,0.008983773293113183,18
7,25,1369,0.9323936932632585,0.9315101923472136,0.009337683117989675,18
7,9,1369,0.9323339703774486,0.9302356371785304,0.010563826067643653,18
7,44,1369,0.9321443583738666,0.9310277329942803,0.00883666837282133,18
7,43,1369,0.9319526627218935,0.930668519471203,0.008709924702907405,18
7,20,1369,0.9319159101767798,0.9308363193700344,0.009517137959663738,18
7,19,1369,0.9319159101767797,0.9304969116242446,0.009546373233879982,18
7,38,1369,0.9318922835406351,0.9307211821959654,0.009313910267795874,18
7,21,1369,0.9318561872909699,0.9312160237998122,0.00927784996961236,18
7,37,1369,0.93179646440516,0.9308246416146285,0.009521461222586366,18
7,42,1369,0.9315438659700954,0.9307163251792892,0.008861447297494085,18
7,8,1369,0.9291089345437171,0.9285550482977503,0.01000065402327577,18
1,8,1369,0.9802317247969421,0.9815064347509344,0.006757577055513198,19
1,35,1369,0.9800525561395127,0.98262092713445,0.006081099398308542,19
1,34,1369,0.9799928332537028,0.9826640449564246,0.005989764952171928,19
1,33,1369,0.979933110367893,0.9826136421832458,0.006036475252970029,19
1,9,1369,0.9798733874820832,0.9815334998014187,0.0068103025438674344,19
1,36,1369,0.9798733874820831,0.9822493865896934,0.006133852045501071,19
1,32,1369,0.9798136645962734,0.9824669881954899,0.006117926337359715,19
1,31,1369,0.9798136645962733,0.9824023431655428,0.006037394159907548,19
1,37,1369,0.9796344959388437,0.9819855320062881,0.00633781691158241,19
1,30,1369,0.9795150501672241,0.9821939053090902,0.0062091078400409025,19
1,29,1369,0.9793956043956044,0.9818268423489966,0.006292095731565961,19
1,26,1369,0.9792761586239846,0.9813695005346333,0.006099561282769088,19
1,38,1369,0.9792761586239846,0.9815978474542149,0.0064376392026245025,19
1,28,1369,0.979156712852365,0.9814364419531134,0.006288333675788015,19
1,27,1369,0.9791088032846275,0.9814988441023311,0.006352916179403341,19
1,10,1369,0.9790969899665551,0.9812532472996707,0.006912702003331743,19
1,39,1369,0.9789178213091256,0.9814132075162598,0.006491285585835446,19
1,25,1369,0.9788580984233158,0.981165829319746,0.00629033461100071,19
1,40,1369,0.9786192068800765,0.9811927466140965,0.006600969798179949,19
1,11,1369,0.9786192068800765,0.9804605399456698,0.00705585597044632,19
1,16,1369,0.9786192068800764,0.9812349999909624,0.006924021451060985,19
1,15,1369,0.9785594839942666,0.981438934441292,0.006721561508474372,19
1,49,1369,0.9784997611084567,0.981079295868288,0.006495242113098221,19
1,17,1369,0.9784400382226468,0.9814068042244712,0.00667332439201962,19
1,44,1369,0.978380315336837,0.9810760291666591,0.006578879821951247,19
1,12,1369,0.978380315336837,0.9808601689314526,0.006974910037523289,19
1,23,1369,0.9782608695652174,0.980905794447577,0.006512077839780703,19
1,41,1369,0.9782608695652174,0.9811275762608855,0.006550972212924533,19
1,42,1369,0.9782608695652174,0.9811522136637469,0.006568263196724608,19
1,22,1369,0.9782011466794076,0.9807503443793811,0.006641759560955226,19
1,14,1369,0.9781414237935977,0.9810527208517386,0.006901870916053539,19
1,58,1369,0.9780823572032363,0.9804951583470926,0.00690088223249946,19
1,56,1369,0.9780823572032363,0.9804618320228511,0.006792911395004885,19
1,50,1369,0.9780820272623552,0.9809232960898936,0.006552600235485988,19
1,18,1369,0.9780817009077879,0.981183337991238,0.006582152890470918,19
1,13,1369,0.9780817009077878,0.9808485365070547,0.0069985790479336575,19
1,59,1369,0.9780219780219781,0.9804332304520286,0.006952648541717973,19
1,46,1369,0.978021978021978,0.981201039606419,0.006543371853433119,19
1,43,1369,0.9779622551361682,0.981013525739936,0.00664925360735894,19
1,45,1369,0.9779619287816008,0.9809925744939804,0.006611134996784645,19
1,55,1369,0.9779615988407198,0.9805144669178176,0.006754916641704796,19
1,19,1369,0.9779025322503583,0.9810856800808867,0.006635788919739521,19
1,21,1369,0.9778428093645485,0.9808440749890781,0.006724747903645229,19
1,57,1369,0.9777804612969447,0.9805383022774327,0.006851167400386291,19
1,24,1369,0.9777233635929288,0.9808504029682743,0.006462159137535778,19
1,53,1369,0.9777200821156865,0.9807033867628121,0.006712646728886942,19
1,47,1369,0.9777200821156865,0.9809951352655761,0.006643103134083267,19
1,52,1369,0.9776597029344283,0.9808569063899477,0.006648574631269925,19
1,20,1369,0.9776039178213091,0.9809898097328486,0.006679378260503335,19
1,60,1369,0.9775993237531698,0.9802943457113094,0.007040537094759841,19
1,54,1369,0.9775993237531698,0.9805573486168835,0.006783795169153894,19
1,62,1369,0.9775389445719116,0.9800858029910375,0.007211750465334414,19
1,48,1369,0.9775389445719116,0.9810525339330569,0.00660706082728834,19
1,51,1369,0.9774785653906534,0.9810194569293595,0.006604616932176249,19
1,63,1369,0.9774785653906533,0.9800065619503165,0.0072226753144155895,19
1,66,1369,0.9773650262780696,0.9796620112869046,0.007357480261555781,19
1,64,1369,0.9773578070281367,0.9799107181410016,0.007277401405611466,19
1,61,1369,0.9773578070281366,0.9802652859530194,0.0070804216344165045,19
1,67,1369,0.9771261347348303,0.9796715930569995,0.007379097404145148,19
1,68,1369,0.9770664118490205,0.979690652163728,0.0074006378302080905,19
1,65,1369,0.9770559111218452,0.9796662625034324,0.007294065498821465,19
1,76,1369,0.976887243191591,0.9794486248910442,0.007658939676017162,19
1,69,1369,0.9768275203057812,0.9795873265863005,0.007394374327963907,19
1,73,1369,0.9766483516483516,0.9793071551352471,0.007572171006002576,19
1,70,1369,0.9764691829909222,0.9795056571806942,0.007422584608670095,19
1,74,1369,0.9764691829909221,0.9793218692074754,0.00764994215646985,19
1,75,1369,0.9764691829909221,0.9793433167992786,0.007672019107105403,19
1,71,1369,0.9764094601051122,0.9794220979311014,0.0075242239997549655,19
1,77,1369,0.9763497372193024,0.9793530553630183,0.007756867576670137,19
1,89,1369,0.9762805500510419,0.9792835021038322,0.007946608394718125,19
1,72,1369,0.9762302914476827,0.979372062253016,0.007516108451494792,19
1,88,1369,0.9762205008106648,0.9792979143518804,0.007934112936190636,19
1,84,1369,0.9762205008106647,0.9791132483055598,0.007963574704168416,19
1,78,1369,0.9761705685618728,0.9792812965207678,0.0078061199110879605,19
1,87,1369,0.9761604515702877,0.9792644952138346,0.007946089383309625,19
1,81,1369,0.9761604515702877,0.9792189352555287,0.007984992614844059,19
1,83,1369,0.9761604515702877,0.9791134971957465,0.008013173391416144,19
1,82,1369,0.9761004023299106,0.9791157539913737,0.008034149729640679,19
1,86,1369,0.9761004023299105,0.9790702997576025,0.007955638011779035,19
1,90,1369,0.9760403530895335,0.979314873886984,0.00798150046404429,19
1,85,1369,0.9760403530895334,0.9790894115114193,0.007984070164735374,19
1,79,1369,0.9758719541328236,0.9791807517711585,0.007842938017018802,19
1,80,1369,0.975800156128025,0.9792498862923307,0.007894534072627904,19
2,31,1369,0.9664895544016423,0.9654343192569362,0.008841303056692567,19
2,32,1369,0.9663162924032489,0.9658391055055973,0.008814676254158615,19
2,30,1369,0.9661876584953508,0.9654082007064235,0.009016982799420188,19
2,33,1369,0.9661876584953507,0.9659155127845063,0.008705808640318394,19
2,34,1369,0.9661371237458194,0.9656639824971813,0.008740787212522857,19
2,29,1369,0.9661272793140925,0.9649243840053956,0.009195099015307464,19
2,16,1369,0.9657046250452844,0.9641098654073598,0.009903902909071078,19
2,14,1369,0.9655996177735308,0.9642689491288254,0.010342077919315611,19
2,28,1369,0.9655234875015095,0.9645042402997883,0.009298174059887839,19
2,35,1369,0.9654204491161014,0.9650652460961611,0.008716557284573427,19
2,13,1369,0.9650621118012422,0.963642995761063,0.01039324869788718,19
2,15,1369,0.9649426660296225,0.963959743310585,0.010397763020647181,19
2,11,1369,0.9647989373264099,0.96387460694358,0.010286594514648887,19
2,8,1369,0.964763497372193,0.9646629181939701,0.009960053829372074,19
2,36,1369,0.964617799782635,0.9648278275237775,0.008852656091968943,19
2,12,1369,0.9644970414201184,0.9636656655686522,0.01008605842662358,19
2,9,1369,0.9644648829431438,0.9641952274252368,0.009801408521043858,19
2,23,1369,0.9643159038763436,0.9626597715047506,0.00995143217284875,19
2,38,1369,0.9642259913999045,0.9643843076501901,0.009125473061074921,19
2,37,1369,0.9642259913999044,0.9643822452327775,0.0090340682709826,19
2,25,1369,0.9641065456282847,0.9632209949186523,0.009759226688472072,19
2,26,1369,0.9641065456282847,0.9633977105373563,0.009899223983964122,19
2,27,1369,0.9639536287887936,0.963706663448739,0.009649720095356184,19
2,40,1369,0.9639536287887935,0.9642306696746945,0.009312700294388715,19
2,39,1369,0.9639273769708552,0.9642837760982161,0.009273497811131341,19
2,24,1369,0.9638328704262771,0.9629581635823361,0.01002655150232368,19
2,50,1369,0.9637724912450187,0.9641426443166435,0.008753100076922333,19
2,10,1369,0.9637482083134258,0.9639290493407651,0.010069525535517111,19
2,17,1369,0.9637121120637605,0.9630865405667046,0.010273440710033051,19
2,43,1369,0.9635913537012438,0.9638860745409897,0.009098239119684581,19
2,22,1369,0.963569039655996,0.9627869589805158,0.009980766192163213,19
2,44,1369,0.9634705953387273,0.9638860081224558,0.0090334572231769,19
2,20,1369,0.9634495938843765,0.9629603327284513,0.01027643611755705,19
2,41,1369,0.9634102161574688,0.9640340177368758,0.009227463533940964,19
2,59,1369,0.9633898709985667,0.9635003798193352,0.009262601803094152,19
2,18,1369,0.9633498369762106,0.962962509477552,0.010280816467033407,19
2,19,1369,0.9632894577949522,0.9628454412886126,0.010248718771148633,19
2,21,1369,0.9632107023411371,0.9629161153426269,0.010139013632501555,19
2,51,1369,0.9631686994324358,0.963852498035489,0.008838289388080052,19
2,49,1369,0.9631686994324357,0.9638403424396155,0.008774346105396895,19
2,48,1369,0.9631686994324357,0.963701733414711,0.008791399991097066,19
2,42,1369,0.9630479410699191,0.9637708574638466,0.009289114035166244,19
2,45,1369,0.9629875618886607,0.9638904981874913,0.008984798091902214,19
2,46,1369,0.962806424344886,0.9637180134150519,0.009067211549531579,19
2,60,1369,0.9627329192546584,0.9636057022563569,0.009379072677216112,19
2,47,1369,0.9626856659823693,0.9636725699402223,0.008950030837847745,19
2,65,1369,0.9625537505972289,0.9627930462463214,0.009862136062390546,19
2,52,1369,0.9625045284385945,0.9638505016062525,0.008854317620136543,19
2,64,1369,0.962494027711419,0.9629292254718146,0.009767009375041668,19
2,66,1369,0.962494027711419,0.9628459575743653,0.009901582019695584,19
2,58,1369,0.9624343048256092,0.9636151787322749,0.009181975574735627,19
2,61,1369,0.9624343048256092,0.963442481650051,0.009372033010086217,19
2,75,1369,0.9623745819397994,0.9633117002573739,0.01007369494960007,19
2,69,1369,0.9623745819397993,0.9631598890067399,0.010004827450286934,19
2,74,1369,0.9623148590539895,0.9630052645080097,0.010224211331765494,19
2,62,1369,0.9623148590539895,0.9633297843170722,0.009591386935650514,19
2,68,1369,0.9622551361681796,0.9631406855867393,0.009930578207639259,19
2,53,1369,0.962202632532303,0.9638077504490137,0.008853528118392417,19
2,73,1369,0.9621954132823698,0.962981492554425,0.0101481320155538,19
2,63,1369,0.9621954132823698,0.9631425181931553,0.009676321713889643,19
2,67,1369,0.9621954132823698,0.9630642665447207,0.009929721968000566,19
2,55,1369,0.9620818741697863,0.9637438005901582,0.008936896053803682,19
2,71,1369,0.9620759675107501,0.9629713210508681,0.010020292338056087,19
2,57,1369,0.9620759675107501,0.9636455378838263,0.009078725277359654,19
2,70,1369,0.96207596751075,0.9630284594954103,0.010027834153592279,19
2,54,1369,0.9619007366260113,0.963815297344587,0.008809112798022137,19
2,76,1369,0.9618370759675108,0.9629928334832271,0.010106451690213372,19
2,56,1369,0.9617799782634948,0.9638446174692679,0.009022079223045862,19
2,72,1369,0.9617176301958911,0.963002415540227,0.010124926967702251,19
2,79,1369,0.9613592928810321,0.96275151457927,0.010491906206343262,19
2,90,1369,0.9612995699952221,0.962557006539916,0.010485923084375369,19
2,80,1369,0.9612398471094123,0.9626745852765058,0.010526468406443694,19
2,78,1369,0.9611801242236025,0.9627922168036366,0.010428342987670262,19
2,82,1369,0.961060678451983,0.9624970983134024,0.010510321565251309,19
2,77,1369,0.9610606784519828,0.9628232075767967,0.010290401937041792,19
2,81,1369,0.961000955566173,0.9626024985017098,0.010514176093471399,19
2,86,1369,0.9607620640229336,0.9626585307835847,0.0104932955471541,19
2,89,1369,0.9607620640229336,0.96259562052541,0.01040731628061555,19
2,83,1369,0.9607620640229336,0.9624348813614358,0.010537886297340145,19
2,85,1369,0.9607620640229336,0.9624425336946387,0.010500014545474876,19
2,84,1369,0.9607023411371238,0.9624371271112164,0.010522870588616734,19
2,88,1369,0.9607023411371237,0.9627301200649129,0.010366010634875729,19
2,87,1369,0.9606426182513139,0.9627833710886117,0.010469953008506545,19
3,32,1369,0.9580745341614906,0.9573476226138495,0.011642497280600529,19
3,33,1369,0.9578356426182513,0.957371315668528,0.011601139254154704,19
3,57,1369,0.9577853840148922,0.957086389052114,0.011891489455217848,19
3,61,1369,0.9577253347745152,0.9567773814853072,0.011971654547606353,19
3,58,1369,0.9575451870533838,0.9570073593170096,0.011869935591868915,19
3,59,1369,0.9575451870533838,0.95699074277697,0.011869305714095018,19
3,13,1369,0.9574930563941553,0.9556776901062695,0.01299113961479185,19
3,31,1369,0.957432677212897,0.9571535568387292,0.011743292755370336,19
3,15,1369,0.9574175824175823,0.9558481256589313,0.01256353671673211,19
3,74,1369,0.9573650393322525,0.9564300874351942,0.0125822658602061,19
3,71,1369,0.9573049900918754,0.9562878679963341,0.012484492771268464,19
3,75,1369,0.9571848916111212,0.956169131597609,0.012579205504905922,19
3,28,1369,0.9571848916111212,0.9560844062221799,0.011919028873206339,19
3,60,1369,0.9571848916111211,0.9568440741570534,0.011872586567249613,19
3,89,1369,0.9571786908743432,0.9564612278293714,0.013107358253668206,19
3,76,1369,0.957178690874343,0.9560812006313404,0.012840223766530113,19
3,34,1369,0.9571307813066054,0.9569929625618377,0.01171536842096804,19
3,29,1369,0.957124842370744,0.9565972458141906,0.011909110248659045,19
3,73,1369,0.957064793130367,0.9560705178628701,0.01263184687864705,19
3,30,1369,0.9570647931303669,0.9568275905975342,0.01181332062236134,19
3,70,1369,0.9570647931303669,0.9562181038618892,0.012487636824734853,19
3,55,1369,0.9570647931303669,0.9572797590823328,0.011578599619630115,19
3,86,1369,0.9570592451027234,0.9566200602219572,0.012983315970859796,19
3,12,1369,0.9569496437628304,0.9554039035850772,0.012986322879228329,19
3,56,1369,0.9569446946496127,0.9571742943403748,0.011685306465505889,19
3,72,1369,0.9569446946496127,0.9559958188170105,0.012684800239368845,19
3,79,1369,0.9569446946496127,0.9561268541207133,0.013060676800790493,19
3,62,1369,0.9569446946496127,0.9565378484222328,0.012156208805791097,19
3,77,1369,0.9569446946496126,0.9562274612721847,0.012855694578176027,19
3,78,1369,0.9568846454092356,0.9560957451426462,0.013016590638384494,19
3,87,1369,0.9568800764452938,0.956569866459154,0.01298431320024547,19
3,35,1369,0.956828885400314,0.956700154948845,0.011786885594814228,19
3,88,1369,0.956820353559484,0.9564063073048136,0.013078404914415762,19
3,63,1369,0.9567645469284813,0.9562216735353186,0.012230125891321747,19
3,90,1369,0.9567606306736742,0.9564325992894679,0.013056130902775192,19
3,82,1369,0.9567606306736741,0.9561718236282946,0.013094250939650432,19
3,11,1369,0.956647747856539,0.955365944890864,0.012646425918686732,19
3,83,1369,0.9566411849020544,0.9560520912384659,0.013149168470723624,19
3,69,1369,0.9565843992073501,0.9562038888611069,0.012506837375401807,19
3,81,1369,0.9565814620162446,0.9560736814221107,0.013076562667032198,19
3,80,1369,0.956524349966973,0.9560070415409055,0.01310685990107895,19
3,85,1369,0.9565217391304348,0.95632992613427,0.013053318152833284,19
3,36,1369,0.9564666103127641,0.9562860224791878,0.011964818550664351,19
3,38,1369,0.9564062311315059,0.9561663411584695,0.01211369628102752,19
3,27,1369,0.9564042514862188,0.955628364948699,0.012006685637270056,19
3,84,1369,0.9563425704730053,0.9560595071618546,0.01312500847978709,19
3,64,1369,0.9562841530054645,0.9560687720452509,0.012431478502472539,19
3,37,1369,0.9562828475871954,0.9561730094071309,0.012011293468542492,19
3,14,1369,0.9562250935877309,0.9553017383953839,0.01318127715457743,19
3,10,1369,0.9561640545247102,0.9559140324975702,0.012667342543941381,19
3,19,1369,0.9561634018155758,0.9548374755689537,0.012842424794787538,19
3,17,1369,0.9561036789297658,0.9548899632815966,0.012766072267708903,19
3,24,1369,0.9561036789297658,0.9549278397774947,0.012124638677101021,19
3,39,1369,0.9560439560439561,0.956264220559569,0.012260790577287621,19
3,65,1369,0.956043956043956,0.9560303389534315,0.012415577553703764,19
3,26,1369,0.956043956043956,0.9553030139755211,0.012287820588446553,19
3,8,1369,0.9559245102723364,0.9556614258857097,0.012226368038430272,19
3,22,1369,0.9558647873865265,0.9543947468362183,0.012489986793612849,19
3,68,1369,0.9558638083228247,0.9563086610141194,0.012481479454375504,19
3,23,1369,0.9558050645007168,0.9544806559821482,0.012480156723213726,19
3,9,1369,0.955685618729097,0.9557691621989083,0.012614005669266314,19
3,51,1369,0.9556836606016934,0.9566826538803387,0.011326404738897684,19
3,50,1369,0.9556836606016934,0.9566941528938584,0.011364772700256315,19
3,16,1369,0.955625895843287,0.9548270296406551,0.012918319456324748,19
3,40,1369,0.9555661729574774,0.9561925398989619,0.012246412154201405,19
3,67,1369,0.955503512880562,0.956281910841998,0.012440586871284486,19
3,49,1369,0.955503512880562,0.95694338679265,0.011324258533380408,19
3,54,1369,0.9555035128805619,0.9570907897462064,0.01159951148556752,19
3,21,1369,0.9554467271858577,0.9548194586450522,0.012378293191459758,19
3,66,1369,0.9553834143998079,0.9562868457534127,0.01250731526511536,19
3,48,1369,0.9553834143998079,0.9566844656861339,0.011417674356711455,19
3,25,1369,0.9553233651594308,0.9549511906978247,0.012269238027416097,19
3,18,1369,0.9552032666786765,0.9544659196747736,0.012947927092752784,19
3,46,1369,0.9551986475063399,0.9564450664642954,0.011612058306892659,19
3,43,1369,0.9550883898709985,0.9561483182095606,0.012047148462218668,19
3,47,1369,0.9550831681979223,0.9564428723574352,0.011553310339252634,19
3,53,1369,0.9550831681979222,0.9569035107115594,0.011440434974528488,19
3,20,1369,0.9550286669851887,0.9548739169654711,0.012459421554054908,19
3,45,1369,0.9548967516000484,0.9562413291177791,0.011762516937344928,19
3,44,1369,0.95483637241879,0.9561384217045555,0.01183482121420603,19
3,52,1369,0.9547829219960366,0.9566370299421922,0.011388153076223345,19
3,42,1369,0.9547759932375317,0.955785114266704,0.012102630453652199,19
3,41,1369,0.9546703296703297,0.9557780654384086,0.012261541306560797,19
4,12,1369,0.9469266996739524,0.9456201607535091,0.014256942725086512,19
4,67,1369,0.9468466316292403,0.9451505045412919,0.014384684367204952,19
4,58,1369,0.9465644245864026,0.9456100001523466,0.014048678368336532,19
4,60,1369,0.9463760283432414,0.9453920975830854,0.01407037564366624,19
4,68,1369,0.9463688485427616,0.9450284724635213,0.014380241327930154,19
4,66,1369,0.9462559298624872,0.945085414521513,0.014399826877437271,19
4,57,1369,0.9462021494988528,0.9458907335070659,0.014123874549828148,19
4,59,1369,0.9461417703175945,0.9454536971152465,0.014015426707697289,19
4,13,1369,0.9460157329009788,0.9452941519069047,0.014189783645087892,19
4,61,1369,0.9459556836606017,0.9450421110719296,0.014185521026953104,19
4,56,1369,0.945839874411303,0.9460241046487552,0.014008341878090023,19
4,80,1369,0.9457755359394704,0.9453226445972368,0.01469982591061112,19
4,65,1369,0.9457154866990932,0.9448293158440567,0.01444359897530479,19
4,62,1369,0.9457154866990932,0.9446490718662597,0.014183727939326807,19
4,69,1369,0.9457118967988534,0.9451270463184493,0.014551979708153159,19
4,70,1369,0.9457118967988534,0.9451773453754296,0.014505663196269595,19
4,73,1369,0.9456554374587162,0.9454204736464885,0.014481098219401724,19
4,85,1369,0.9455327281414239,0.9461856153005809,0.014675888177686603,19
4,11,1369,0.9454752897375849,0.9448430924538246,0.014133586177957631,19
4,71,1369,0.945473005255614,0.9450241790719417,0.014520645762616973,19
4,72,1369,0.9454152404972078,0.9450892579024212,0.014533920198129411,19
4,63,1369,0.9454152404972077,0.9444313412966144,0.01440992779824202,19
4,55,1369,0.9453568409612365,0.9461623470089238,0.013864660393042355,19
4,75,1369,0.9453551912568307,0.9452742511640243,0.014555190986174537,19
4,14,1369,0.9453551912568307,0.9457440548454702,0.013701465194785363,19
4,9,1369,0.9453535594839942,0.9459287891752077,0.01359879652909732,19
4,54,1369,0.9452964617799782,0.9462294466555743,0.013785624653843547,19
4,74,1369,0.9452951420164535,0.9451950904567354,0.014506002685703089,19
4,84,1369,0.9452951420164535,0.9458143245067261,0.014749686651590562,19
4,78,1369,0.9452350927760764,0.9453753984143731,0.014693610977229899,19
4,76,1369,0.9451750435356994,0.945389875216072,0.014640840790979283,19
4,79,1369,0.9451750435356994,0.9452535367582401,0.014770955256850108,19
4,77,1369,0.9451149942953222,0.9453107671558714,0.0146904745427287,19
4,81,1369,0.9451149942953221,0.945392408301324,0.014766147872420084,19
4,53,1369,0.945054945054945,0.946014039443543,0.013804842817115102,19
4,86,1369,0.945054945054945,0.9460442640365961,0.01456552299420809,19
4,31,1369,0.945054945054945,0.9470482210606198,0.013165397332342989,19
4,83,1369,0.944994895814568,0.9454070431877407,0.014652123289881863,19
4,10,1369,0.9449354992833253,0.9450901616535305,0.013473398001842836,19
4,64,1369,0.9449348465741908,0.944409933871527,0.014458862651431495,19
4,32,1369,0.9448757763975155,0.9470886774073038,0.013326384138707912,19
7,88,1369,0.9448160535117056,0.9404677534575008,0.014354016428786209,19
4,87,1369,0.9447546988530595,0.9459189801762623,0.014658647495251914,19
4,88,1369,0.944696607740086,0.9457603295380664,0.014704518861741213,19
4,8,1369,0.9445174390826565,0.945946351497956,0.013259580686149505,19
4,30,1369,0.9445145018915511,0.9466814467270711,0.013327754361119205,19
4,29,1369,0.9445145018915511,0.946218759009717,0.013302533692238458,19
6,49,1369,0.9444577161968467,0.9408825403577231,0.013881542262078644,19
4,90,1369,0.9444577161968467,0.9454967508139284,0.014783807009885084,19
7,90,1369,0.9444577161968467,0.9402568208176285,0.01444382256057388,19
4,89,1369,0.9444577161968466,0.9456718484312416,0.014756237627384396,19
7,85,1369,0.9444577161968466,0.9405320290971133,0.014303428544085088,19
4,82,1369,0.944454452651174,0.9452894641642458,0.01467797087515395,19
7,89,1369,0.9443907740611037,0.9403167136947185,0.014335406393442714,19
4,16,1369,0.9442743049300426,0.9446189307625946,0.013949332044259041,19
4,18,1369,0.9442743049300426,0.9445548156463933,0.014226519330205956,19
7,83,1369,0.9442188246536073,0.9406306524431735,0.013978477731996923,19
7,84,1369,0.9442188246536072,0.9404818207021493,0.014133333622043194,19
6,47,1369,0.9442142556896655,0.9408701357282108,0.013754008001922917,19
7,87,1369,0.9441591017677974,0.9403863462831685,0.0143564638289058,19
4,49,1369,0.9441542064492885,0.9460408147198619,0.013462977932777185,19
4,48,1369,0.9441542064492884,0.9462534944684263,0.013316566102158787,19
7,86,1369,0.9440993788819876,0.9404362247372515,0.014403893001769178,19
4,50,1369,0.9440941572089113,0.9460314821268585,0.013449645913972214,19
6,50,1369,0.9440396559961778,0.9411370241897447,0.013863436886532163,19
6,29,1369,0.9440341079685343,0.9416787149600273,0.013663193779335102,19
7,82,1369,0.9439799331103679,0.9406711455137119,0.013976503736042518,19
4,15,1369,0.9439740587281571,0.9443832356292313,0.013804400111206204,19
4,17,1369,0.943974058728157,0.9439601865789862,0.014223816115195013,19
4,33,1369,0.9439202102245581,0.9468111167927887,0.01336554439563746,19
4,28,1369,0.9439140094877799,0.9459048955738545,0.013341205186452028,19
7,76,1369,0.9438604873387483,0.9393282146878836,0.014204303030325336,19
4,47,1369,0.9438539602474029,0.9459320032297484,0.013350497252778402,19
6,45,1369,0.9437939110070258,0.941102043427163,0.013496566432507382,19
6,35,1369,0.9437939110070257,0.9400933418532675,0.014050455540700236,19
4,52,1369,0.9437869822485208,0.9459366617080854,0.013724631163952918,19
6,65,1369,0.9436813186813187,0.9401442392508632,0.01444234495213581,19
6,36,1369,0.9436137632858945,0.9401821394164334,0.014448832522377273,19
4,45,1369,0.9436137632858944,0.9456157507350007,0.01358939707481574,19
6,31,1369,0.9435537140455172,0.9414966352198577,0.013719135859817485,19
6,46,1369,0.9434936648051402,0.9412248893112897,0.013525931700671512,19
6,43,1369,0.9434936648051402,0.9405438962098945,0.013849496760083568,19
6,48,1369,0.9434936648051402,0.9410119480487138,0.01379377606466034,19
7,77,1369,0.9434424271380792,0.9396875091182031,0.014051912048412123,19
6,28,1369,0.9434336155647631,0.941469935686489,0.013745897181568194,19
4,38,1369,0.943433615564763,0.9458313292293852,0.013963322807241425,19
7,81,1369,0.9433827042522694,0.940230340049409,0.014023656084022083,19
4,43,1369,0.943373566324386,0.9457063588128889,0.013424195179022875,19
4,37,1369,0.943373566324386,0.9456446802383688,0.013832088701974688,19
6,52,1369,0.9433229813664596,0.9412309511859925,0.013645898304993354,19
6,51,1369,0.9433229813664596,0.9411904460654392,0.013865873279113086,19
6,64,1369,0.9433229813664596,0.940251858937133,0.01432113889398952,19
4,42,1369,0.9433135170840089,0.9459459050735984,0.013599644577527503,19
6,10,1369,0.9433135170840089,0.9383354858389518,0.014453156991961752,19
6,30,1369,0.9433135170840088,0.9418081101706457,0.013726262952289769,19
4,34,1369,0.9433039487984543,0.9462719774696857,0.013443378274180047,19
7,75,1369,0.9432632584806497,0.9393206283428569,0.01398397003346244,19
6,37,1369,0.9432534678436317,0.9401366312445006,0.014465759803739354,19
7,78,1369,0.9432035355948399,0.9399319383605018,0.014023645896154333,19
4,44,1369,0.9431934186032548,0.9457209290022023,0.013486539737477618,19
6,39,1369,0.9431934186032547,0.9397364894158265,0.014438992868628906,19
4,27,1369,0.9431333693628776,0.9452049215473743,0.013357052998801185,19
4,46,1369,0.9431333693628776,0.9454245345014732,0.013660114601733556,19
6,62,1369,0.9430840898232202,0.9396429635129282,0.014405252923777397,19
4,51,1369,0.9430624320734211,0.9457728116319596,0.013473052994399675,19
7,79,1369,0.9430243669374104,0.9398792521095198,0.014036308221017244,19
6,63,1369,0.9430243669374104,0.9402013887412523,0.014302417892626613,19
6,27,1369,0.9430132708821235,0.9406498479732835,0.013772878230292922,19
6,26,1369,0.9430132708821234,0.9401917310847545,0.01393587296048994,19
6,44,1369,0.9430132708821234,0.9405559978676066,0.013842463422688668,19
4,39,1369,0.9430132708821233,0.9456421335251235,0.013879049584709558,19
6,53,1369,0.9429646440516006,0.9410536072450887,0.013749782748373747,19
4,36,1369,0.9429532216417462,0.945659026354788,0.013780609906587282,19
4,19,1369,0.9429049211657907,0.9443760444959992,0.014080309379040784,19
7,80,1369,0.9429049211657907,0.9399253368172793,0.014028305336056394,19
7,74,1369,0.9429049211657907,0.9391696300378638,0.014075305128097725,19
6,40,1369,0.9428931724013692,0.940309391589302,0.014233378811928566,19
6,11,1369,0.9428931724013692,0.9385749916460404,0.014577346946296085,19
4,20,1369,0.9428931724013692,0.9438541206273615,0.013986398636653016,19
6,41,1369,0.942893172401369,0.9403109798960135,0.01392408675842328,19
7,73,1369,0.9428451982799809,0.9390950093171001,0.013891669679245974,19
6,66,1369,0.9428451982799808,0.9399599909383889,0.014356308901883176,19
4,40,1369,0.942833123160992,0.9450311142858118,0.013839706569438894,19
6,12,1369,0.942833123160992,0.9393691217625018,0.014118282742310336,19
4,35,1369,0.9428209153483879,0.945816997314769,0.013600806268412504,19
6,32,1369,0.9427730739206149,0.9409645828834301,0.01391002782105791,19
6,38,1369,0.9427730739206149,0.9395786772578263,0.014588187434018959,19
4,26,1369,0.9427605361671296,0.9445703023540938,0.013466806131605733,19
4,41,1369,0.9427130246802378,0.9454048051843982,0.013614733291083314,19
6,42,1369,0.9426529754398607,0.9403998422997348,0.013962480130231679,19
6,68,1369,0.9426063067367416,0.9398856206857898,0.014323757369785797,19
6,58,1369,0.9426063067367415,0.940385712366319,0.01415064865555417,19
6,14,1369,0.9425190194420963,0.9381046556121553,0.01441890268058674,19
6,34,1369,0.9424728277187293,0.9401841470349691,0.014066858530799703,19
6,61,1369,0.9424271380793119,0.9395710069930538,0.014391681130601746,19
6,54,1369,0.9423674151935022,0.9407407003508763,0.013939940184450526,19
6,70,1369,0.9423076923076924,0.9399265197270649,0.01430546413924347,19
6,59,1369,0.9423076923076923,0.9400402814780171,0.014273966715119423,19
6,55,1369,0.9422479694218825,0.9408101100140529,0.013927439206104876,19
6,89,1369,0.9422479694218824,0.9414556931428156,0.01477878484171284,19
6,33,1369,0.9422326307572209,0.9405390960004308,0.014097891822254386,19
6,56,1369,0.9421882465360727,0.9406446729222883,0.013942821516552597,19
6,69,1369,0.9421882465360727,0.9397994877538713,0.01430952026857366,19
5,13,1369,0.9421725815168438,0.9403690424619282,0.014844174140269329,19
6,13,1369,0.9421567443545465,0.9380027252542977,0.014611065264921856,19
6,71,1369,0.9421285236502627,0.9402051530798016,0.014301101939202334,19
6,15,1369,0.9420963651732882,0.937502301481099,0.014799212396868778,19
6,79,1369,0.9420688007644529,0.941069044031299,0.014674584663228263,19
5,11,1369,0.9420688007644529,0.9397619311571752,0.015065557588123868,19
6,67,1369,0.9420090778786431,0.9399936466297012,0.014385825457554346,19
6,57,1369,0.942009077878643,0.9405461365084778,0.014059333483074726,19
4,22,1369,0.942009077878643,0.9434073964540077,0.014192401955823475,19
6,90,1369,0.9419493549928333,0.9412762893666451,0.014759329924877556,19
6,83,1369,0.9419493549928333,0.9418158877379307,0.014541292600247268,19
6,60,1369,0.9419493549928332,0.9397188694251503,0.014271359337747428,19
5,30,1369,0.9419323845553353,0.9419474462131092,0.01469815411997969,19
6,16,1369,0.9419323845553353,0.9378429325902949,0.014805172192693308,19
7,72,1369,0.9418896321070234,0.9387970150334549,0.01383702226422344,19
6,80,1369,0.9418299092212137,0.9410453257289707,0.014593992728458318,19
6,84,1369,0.9417701863354038,0.9417179552593852,0.014502416078693181,19
6,25,1369,0.9417522368342041,0.9393648321006884,0.014156855771744454,19
6,86,1369,0.9417104634495939,0.9415471929217983,0.014794426166384902,19
6,72,1369,0.9417104634495937,0.9399441336927336,0.014450323330717158,19
5,12,1369,0.941692187593827,0.9397859904462317,0.015113514261147208,19
5,31,1369,0.9416921875938269,0.9420684055526581,0.014532826617885117,19
6,88,1369,0.941650740563784,0.9414294153599646,0.014941636718408306,19
4,25,1369,0.9416133317232219,0.9439017520405912,0.013691983485976474,19
6,82,1369,0.9415910176779743,0.941554225109597,0.014615885516935887,19
4,24,1369,0.9415910176779743,0.9438086790174153,0.013786443113726916,19
4,21,1369,0.9415312947921644,0.9435394169898724,0.014150133363539269,19
4,23,1369,0.9414715719063546,0.9437277070781414,0.013879532534210107,19
5,32,1369,0.9414519906323184,0.9417239693643867,0.014766555611773133,19
6,85,1369,0.9414118490205446,0.9415669182222017,0.014612169692244333,19
6,24,1369,0.9413919413919414,0.9386112672114021,0.014326136054040676,19
6,78,1369,0.9413521261347348,0.9407406468430725,0.014677718180560073,19
7,71,1369,0.9413521261347347,0.9385732996231301,0.01368231167188419,19
6,73,1369,0.9412924032489249,0.9402224657951005,0.014491881020638498,19
6,87,1369,0.9412924032489249,0.9415782750742373,0.014775501509212684,19
6,17,1369,0.94121179367081,0.9376041242495387,0.014874278467034168,19
5,84,1369,0.9411906774544139,0.9410729604295589,0.015694703997163273,19
7,70,1369,0.9411729574773053,0.9385997745097948,0.013636293893389665,19
6,77,1369,0.9411729574773052,0.940462548138016,0.014679553559555653,19
5,8,1369,0.9411302982731554,0.9403258478928354,0.014883616011474811,19
6,81,1369,0.9410535117056856,0.9411899957678628,0.014641964931447028,19
5,29,1369,0.9410316459496788,0.9415868281460458,0.014755838409173088,19
6,74,1369,0.9409340659340659,0.9405202367231145,0.014467365076972947,19
6,76,1369,0.9409340659340659,0.9405679097375854,0.014566099958565778,19
6,18,1369,0.9409115474689245,0.937080178273657,0.014909229307336484,19
6,9,1369,0.9408514982285474,0.9372434763443432,0.014799934666102035,19
5,85,1369,0.9408284023668639,0.9409837855861681,0.01559896431242199,19
7,66,1369,0.9407914489881702,0.9380726292549858,0.013727817052002999,19
7,69,1369,0.9407680231856056,0.9383094187879066,0.013637885717455452,19
6,75,1369,0.9407548972766364,0.940508149123753,0.014641439101654661,19
5,35,1369,0.9407313997477932,0.9403544760023812,0.015222438499822083,19
5,33,1369,0.9407313997477932,0.9412304016192465,0.014954174286696301,19
5,36,1369,0.9407313997477932,0.940204001729579,0.015325585865180008,19
7,64,1369,0.9406951743908265,0.9379287842117492,0.013808140161142641,19
6,20,1369,0.9406713505074161,0.9369498678357248,0.015375216024507166,19
5,83,1369,0.940647264823089,0.9408452517304036,0.01565359458774664,19
7,68,1369,0.940611301267039,0.9381275997010334,0.013658977510268146,19
5,15,1369,0.940611301267039,0.938937603560194,0.015108261397815115,19
5,9,1369,0.940611301267039,0.9392571898923673,0.014735141661985892,19
7,67,1369,0.9405868856418308,0.9381947260298595,0.013717262937725409,19
7,65,1369,0.9405868856418307,0.9379195944974928,0.013813167630076026,19
6,21,1369,0.9405512520266619,0.937507650826951,0.015042656316743985,19
5,14,1369,0.9405512520266619,0.9388645622520835,0.014964977339433477,19
5,90,1369,0.9405265064605723,0.9407628030905076,0.01579193016465154,19
5,10,1369,0.9404562828475872,0.9389368761122772,0.01532880175728988,19
6,19,1369,0.9404311535459077,0.9368473936492233,0.015379097567512707,19
5,81,1369,0.9404057480980558,0.9405355742401553,0.015635602627464988,19
7,63,1369,0.9403965599617774,0.9381252912624855,0.013663904740997242,19
5,82,1369,0.9403965599617773,0.9404811282566563,0.01576446815706279,19
7,62,1369,0.9402173913043478,0.9381328645533293,0.013745420263358234,19
5,66,1369,0.940157668418538,0.9399260179300203,0.015527037067128184,19
5,41,1369,0.940130907344022,0.9399763966031695,0.015174743801950543,19
5,80,1369,0.9400434730105061,0.9405592388912276,0.01570183045051054,19
5,86,1369,0.940043473010506,0.9407436504527118,0.01564738832225991,19
7,61,1369,0.9400108088632678,0.9374895809690558,0.013766660546100089,19
7,51,1369,0.9399784997611085,0.9389558109890913,0.013472046105283346,19
5,89,1369,0.9399784997611084,0.9406139829691403,0.01587100282111302,19
5,34,1369,0.9399507596228908,0.9405553922109106,0.01512206364049854,19
6,23,1369,0.9399507596228908,0.9378492640123526,0.014750234074134951,19
5,16,1369,0.9399187768752986,0.9382991009627416,0.015322563988808931,19
5,28,1369,0.9398907103825137,0.9409249463681096,0.014866466911191544,19
5,37,1369,0.9398907103825136,0.9401608830468888,0.015517767686048987,19
5,87,1369,0.9398623354667311,0.9407098253439296,0.015698225606605876,19
5,42,1369,0.9398590539894889,0.9399566431860653,0.01489548528123524,19
5,74,1369,0.9398590539894888,0.9401051776933913,0.0154834368384144,19
5,88,1369,0.9398590539894887,0.9405827430188886,0.015878677174212263,19
5,18,1369,0.939799331103679,0.9386364901876013,0.015335388116172669,19
5,73,1369,0.939799331103679,0.9400016677794283,0.015282581251390277,19
7,50,1369,0.939799331103679,0.938948002436054,0.013546472772767396,19
7,48,1369,0.9397706119017595,0.9383650836877832,0.013390290281753913,19
6,22,1369,0.9397706119017594,0.9376875020316467,0.014876105747160523,19
5,68,1369,0.9397396082178692,0.9399939662419983,0.015455211868575925,19
7,49,1369,0.9397396082178691,0.9387177368385218,0.013389552829283953,19
5,67,1369,0.9397396082178691,0.9397950451716324,0.015523499405907217,19
5,75,1369,0.9396798853320593,0.9403021554119672,0.015485696587608478,19
5,17,1369,0.9396798853320593,0.9388168249708668,0.015214691104361498,19
5,69,1369,0.9396798853320593,0.9399577788999594,0.015416485023661537,19
7,46,1369,0.9396505134210053,0.9382975915549365,0.013474200039112151,19
7,60,1369,0.9396505134210053,0.937375032811186,0.013942719945961989,19
7,47,1369,0.9395904641806281,0.9385900609067996,0.013316585203909367,19
5,76,1369,0.9395604395604396,0.940290329756975,0.015567897064922603,19
7,45,1369,0.9395304149402509,0.9385513797855092,0.0132881460851572,19
5,72,1369,0.9395007166746298,0.9402363317758115,0.015240503376318939,19
5,77,1369,0.9395007166746298,0.9403214113356039,0.01554540293155281,19
7,53,1369,0.9395007166746298,0.9386061782319409,0.013661791261725358,19
5,79,1369,0.9395000603791813,0.9402377869585501,0.015732302440427528,19
5,21,1369,0.93944099378882,0.9377557655088925,0.01588695594809255,19
5,65,1369,0.93944099378882,0.9398275619930943,0.015504191055663549,19
7,57,1369,0.93938127090301,0.9380166588011629,0.0136881727590308,19
5,71,1369,0.93938127090301,0.9398095601317112,0.01541320450559865,19
7,52,1369,0.93938127090301,0.9388934095571365,0.01346168324140105,19
5,19,1369,0.9393215480172002,0.9381093975798807,0.01555631939459571,19
7,44,1369,0.9392902179787426,0.9381178858111333,0.013461296903417469,19
5,40,1369,0.9392902179787426,0.9393799870026244,0.015295441738099314,19
6,8,1369,0.9392618251313904,0.9371041466137924,0.014384621243623072,19
5,70,1369,0.9392618251313904,0.9397187035939943,0.015445567990127437,19
5,78,1369,0.9392585436541481,0.9400769957212981,0.015676664320577988,19
7,42,1369,0.9392301687383655,0.9376885539692477,0.013752769225269232,19
5,38,1369,0.9392301687383654,0.9399333618402254,0.015458005040110512,19
7,54,1369,0.9392021022455805,0.9384654560074188,0.01368889259565339,19
5,43,1369,0.9391423793597707,0.9398708516712321,0.015181390372106059,19
5,64,1369,0.9390826564739608,0.9396310152059997,0.015543393504878145,19
7,56,1369,0.939022933588151,0.938201101491852,0.013641786736510491,19
5,47,1369,0.939022933588151,0.9407049546992604,0.014486139422299163,19
5,27,1369,0.9390229335881509,0.9405078904787928,0.01487058575332687,19
7,41,1369,0.9389899717768571,0.9377099377246628,0.013813810626911432,19
5,39,1369,0.9389899717768571,0.939374909499368,0.015355254999164687,19
7,55,1369,0.9389632107023411,0.9382541952915485,0.013648649331729192,19
5,46,1369,0.9389034878165313,0.9403120586592425,0.014634525316450346,19
7,58,1369,0.9388437649307215,0.9375567167657508,0.013730071770676382,19
7,40,1369,0.9388098240557257,0.9374821399414696,0.013880315614548937,19
7,35,1369,0.9387497748153485,0.9370174048692216,0.01406698466921764,19
5,20,1369,0.9387243191591017,0.9378950827590713,0.015776044066434937,19
7,43,1369,0.9386897255749715,0.9377770230260576,0.013624185261399123,19
7,11,1369,0.9386897255749713,0.935952188582502,0.01402039152191039,19
7,59,1369,0.9386048733874821,0.9373145859203208,0.013836988426236013,19
5,62,1369,0.9386048733874821,0.9391137780758531,0.015625961565534432,19
7,36,1369,0.9385696270942172,0.9370026007087876,0.014075545214506635,19
5,45,1369,0.9385451505016723,0.9399019448695184,0.014926592249057088,19
7,9,1369,0.9385451505016722,0.9350716013313429,0.014568121903100308,19
7,30,1369,0.9385095778538401,0.9376439245876792,0.01353702361229467,19
5,63,1369,0.9384736142977902,0.9390921075587764,0.01558010683563154,19
7,10,1369,0.938449528613463,0.9354905520854859,0.01457978066865649,19
5,53,1369,0.9383659818442427,0.9406394568438619,0.014816530999602293,19
5,44,1369,0.9383659818442427,0.9398993341764327,0.014982918376694842,19
7,39,1369,0.9382693808923317,0.9374774550678617,0.01402737094684481,19
5,52,1369,0.9382465360726231,0.9404693205332337,0.014916198210680708,19
5,48,1369,0.9382465360726231,0.9402288781244004,0.014697068642005344,19
7,29,1369,0.9382093316519546,0.9379703653699331,0.013606462298219884,19
7,31,1369,0.9380892331712003,0.9373130275951936,0.013635995529882712,19
5,60,1369,0.9380076445293837,0.9394511097762371,0.015204184648524719,19
5,61,1369,0.9380076445293837,0.9392905167904188,0.015408515174342274,19
7,27,1369,0.9379691346904462,0.9375486168605701,0.013582777220994961,19
5,57,1369,0.9379479216435739,0.9399287583042175,0.015216683003014214,19
5,56,1369,0.9379479216435738,0.9399576345866869,0.015170690551469702,19
5,58,1369,0.9379479216435738,0.9398659623777307,0.01515470342557015,19
5,59,1369,0.9379479216435738,0.9398231592906662,0.01517410055495871,19
5,54,1369,0.9379479216435738,0.9403567257688333,0.01497939212496401,19
7,38,1369,0.937909085450069,0.9367990858571872,0.014096353913510499,19
5,55,1369,0.937888198757764,0.9401251715369814,0.015077028566922527,19
5,26,1369,0.9377889869693148,0.939734029634831,0.014785576886742629,19
7,28,1369,0.9377889869693148,0.937884022710376,0.01358416271772741,19
7,12,1369,0.9377490641226904,0.9347099752231612,0.014248160430224865,19
7,37,1369,0.9377289377289377,0.9365429622189861,0.014222837140429765,19
5,50,1369,0.9376493072145247,0.9402650131062559,0.01470602173074081,19
5,22,1369,0.9376493072145246,0.9381842816795393,0.015629923936659962,19
7,33,1369,0.9376088392481835,0.9367808540413555,0.013789088915801577,19
5,25,1369,0.9375487900078064,0.9390026336168042,0.014865113935489109,19
7,34,1369,0.9375487900078063,0.9367313023721974,0.013872249440969393,19
5,49,1369,0.9374701385570952,0.9405404325479049,0.014557034871585812,19
5,51,1369,0.9374104156712854,0.9404617975942376,0.014723188489053676,19
7,32,1369,0.9373686422866749,0.9369897391828811,0.0137287134651113,19
7,13,1369,0.9372485438059208,0.9346223574138248,0.014198154321891962,19
7,8,1369,0.9368882483636582,0.9338390530880329,0.014695979589041638,19
5,24,1369,0.936708100642527,0.9384157660499958,0.015375249322495626,19
5,23,1369,0.9365145723841377,0.9381139144705444,0.015463758026790689,19
7,15,1369,0.9362877559598871,0.9343404846154448,0.014216302502134577,19
7,23,1369,0.9362395845912329,0.9349284329538182,0.013835867456509858,19
7,14,1369,0.9362277067195099,0.9340958447847924,0.01423466529546389,19
7,26,1369,0.9360475589983787,0.9367855361893647,0.013615286445861104,19
7,24,1369,0.9358169303224247,0.935565927223247,0.01380374719507674,19
7,25,1369,0.9355671650753618,0.9363176940781838,0.013744737397141542,19
7,16,1369,0.9347264757100822,0.9340249830948334,0.014141998703508097,19
7,19,1369,0.9346664264697051,0.9336577089725759,0.014378453000424434,19
7,20,1369,0.9344885883347422,0.9339763532518068,0.014229216790399029,19
7,21,1369,0.9344282091534839,0.9341752635632311,0.014110691565168858,19
7,17,1369,0.9344282091534839,0.9337587913823688,0.014098296194482543,19
7,22,1369,0.9340659340659341,0.9343002052892162,0.013903050028154078,19
7,18,1369,0.9340659340659341,0.9335167243733268,0.014328368471451688,19
