{
"type": "FeatureCollection",
"name": "amva",
"crs": { "type": "name", "properties": { "name": "urn:ogc:def:crs:OGC:1.3:CRS84" } },
"features": [
{ "type": "Feature", "properties": { "NOMBRE": "Barbosa", "AREA_m2": 206296919.502, "PERIMETRO_": 82614.89434660002 }, "geometry": { "type": "MultiPolygon", "coordinates": [ [ [ [ -75.572770952316901, 6.09920433181605 ], [ -75.573164238868316, 6.098960568299834 ], [ -75.573406336935335, 6.098838560144877 ], [ -75.573769402697138, 6.098625217508165 ], [ -75.573950641621721, 6.098412377658953 ], [ -75.573993613082592, 6.09835289068716 ], [ -75.574192152743393, 6.098078035496819 ], [ -75.574343002670432, 6.097834945613041 ], [ -75.574547308471509, 6.097541068909891 ], [ -75.574554293895218, 6.097531021463194 ], [ -75.574947323797886, 6.097196258874789 ], [ -75.575279999734022, 6.096952664419693 ], [ -75.575461404302814, 6.096800491721073 ], [ -75.575975233790928, 6.096313724770859 ], [ -75.576307403096493, 6.095888127201317 ], [ -75.57657921566468, 6.095553702971763 ], [ -75.576699760660347, 6.095310695713447 ], [ -75.576789746978847, 6.094976772525058 ], [ -75.577091274823403, 6.094429926783924 ], [ -75.577393474815366, 6.094125748469299 ], [ -75.577756112593931, 6.093760735641514 ], [ -75.578149057434771, 6.093395639739114 ], [ -75.578390649390101, 6.093091628263654 ], [ -75.578601683075291, 6.092696701584028 ], [ -75.578752192623398, 6.092332277931707 ], [ -75.578932754528125, 6.091876768791877 ], [ -75.579113316836427, 6.091421259025882 ], [ -75.579233352689059, 6.090996252325649 ], [ -75.579269213729958, 6.090764737124683 ], [ -75.579299614051592, 6.090568484931875 ], [ -75.579322666012558, 6.090419660684638 ], [ -75.579321151525178, 6.089873656316875 ], [ -75.579410380730536, 6.089266732008642 ], [ -75.579500029288795, 6.088811478792806 ], [ -75.57959018381078, 6.08853822177144 ], [ -75.579740861049117, 6.088234464258608 ], [ -75.58004263520607, 6.087778617733104 ], [ -75.580223699609448, 6.087505110550602 ], [ -75.580526484913207, 6.087413267528614 ], [ -75.58073852638239, 6.087382344416099 ], [ -75.581041646353825, 6.087411835017793 ], [ -75.581496116056854, 6.087380237326752 ], [ -75.581920198633199, 6.087318392189385 ], [ -75.582404214848836, 6.087013705395101 ], [ -75.582615833223301, 6.086831112646447 ], [ -75.582796727976785, 6.086496937784087 ], [ -75.582947487821315, 6.086223513219053 ], [ -75.583067773792891, 6.085889507722992 ], [ -75.583157674007808, 6.085525252687436 ], [ -75.583428719154583, 6.084917822644194 ], [ -75.583591035285338, 6.084508330754108 ], [ -75.583609276415103, 6.0844623127654 ], [ -75.583759697004069, 6.084067554466639 ], [ -75.583970302805128, 6.083520961028572 ], [ -75.584059864516689, 6.083035371078989 ], [ -75.584179305838504, 6.082398031671516 ], [ -75.584328968293732, 6.081730270842751 ], [ -75.584508428379721, 6.080880424789932 ], [ -75.584598325042194, 6.080516171165069 ], [ -75.584809354091277, 6.080121244197674 ], [ -75.584892490007292, 6.079989663271164 ], [ -75.585020547722834, 6.079786983753461 ], [ -75.585231742388942, 6.079452724546304 ], [ -75.585533929738844, 6.079148544698594 ], [ -75.585806066946105, 6.078935450842167 ], [ -75.586199501505519, 6.07875235362318 ], [ -75.586592935105443, 6.078569253658124 ], [ -75.58686515781568, 6.078386492039929 ], [ -75.587137122680446, 6.07811273000662 ], [ -75.587287374158365, 6.077657304603008 ], [ -75.587256225444719, 6.07735405487448 ], [ -75.587103275814769, 6.076838807871017 ], [ -75.587023940621066, 6.076681075993768 ], [ -75.586859504160628, 6.076354147344905 ], [ -75.586827934759214, 6.075899230030419 ], [ -75.586857142010686, 6.075504809660632 ], [ -75.586946783927061, 6.075049555835239 ], [ -75.587188024324675, 6.074624209888153 ], [ -75.58724804020467, 6.074411706434919 ], [ -75.587277332324604, 6.074047620615559 ], [ -75.587246184319625, 6.073744369532914 ], [ -75.587245087760252, 6.073350034915244 ], [ -75.587334562618977, 6.072834112154819 ], [ -75.587484642960462, 6.072318019918406 ], [ -75.587603827769684, 6.071589678866136 ], [ -75.587618384208668, 6.071361553547945 ], [ -75.587632866946876, 6.071134594015088 ], [ -75.587622871249721, 6.071037285905341 ], [ -75.587570574914636, 6.070528089928402 ], [ -75.587357613424416, 6.070225346485909 ], [ -75.587023525921069, 6.069953273651958 ], [ -75.586780431211906, 6.069711279447283 ], [ -75.586567302012369, 6.06934786899231 ], [ -75.586475552647016, 6.069044788838447 ], [ -75.586444490927875, 6.068771870727314 ], [ -75.586413514768367, 6.06852928585548 ], [ -75.586230351176596, 6.068044457099848 ], [ -75.585986670303527, 6.067590128121854 ], [ -75.585803929112544, 6.067256964093311 ], [ -75.585681708372704, 6.066893300692495 ], [ -75.585620260474371, 6.066590131475031 ], [ -75.585528345403802, 6.066226384341729 ], [ -75.585508988358328, 6.066001420517448 ], [ -75.585497032848849, 6.065862464283551 ], [ -75.585374814101101, 6.065498799400721 ], [ -75.585192159008272, 6.065195968779253 ], [ -75.585039974438004, 6.064953722932671 ], [ -75.584887873480568, 6.064741809027048 ], [ -75.584392004303737, 6.064598523617555 ], [ -75.584160030352052, 6.064531492727472 ], [ -75.583675191593215, 6.064532838739396 ], [ -75.583402471044138, 6.064533595676842 ], [ -75.58270534896613, 6.06447486472474 ], [ -75.582371520446799, 6.064293786191683 ], [ -75.582037354518903, 6.063991374748952 ], [ -75.581793930442714, 6.063628043108 ], [ -75.581307247329974, 6.062962048443516 ], [ -75.581124596642326, 6.062659218172346 ], [ -75.580941356765095, 6.062144048110625 ], [ -75.580910048141135, 6.061780129442269 ], [ -75.580970065841456, 6.061567625704551 ], [ -75.581060217779992, 6.061294372637445 ], [ -75.581241443695689, 6.061081533840813 ], [ -75.581483359011571, 6.060898859839909 ], [ -75.581700705075647, 6.060655763507778 ], [ -75.58175523932556, 6.060594769139822 ], [ -75.582178042086099, 6.060077922761149 ], [ -75.582328547197406, 6.059713500519255 ], [ -75.582418613797358, 6.0594099116088 ], [ -75.582417523356199, 6.059015578435485 ], [ -75.582386382197484, 6.058712324762823 ], [ -75.582251765341951, 6.058338272378467 ], [ -75.582233698691553, 6.05828807420778 ], [ -75.582111148270812, 6.057803074226271 ], [ -75.581928248152295, 6.057409240076179 ], [ -75.581806452724507, 6.05719724051303 ], [ -75.581714792725705, 6.05692449033068 ], [ -75.581562194339966, 6.056530572641901 ], [ -75.581348990446941, 6.056136823853926 ], [ -75.58125682961969, 6.055682070908137 ], [ -75.581271461564953, 6.055607772168976 ], [ -75.581316595796594, 6.055378569159782 ], [ -75.581345890942629, 6.055014480173799 ], [ -75.581375104877552, 6.054620059106615 ], [ -75.581374470327361, 6.054390249055093 ], [ -75.581374267313223, 6.054316723173443 ], [ -75.581373597291233, 6.054074053919241 ], [ -75.581342205806976, 6.053679801159024 ], [ -75.581401050840711, 6.053042628267331 ], [ -75.581400213479952, 6.052739291689164 ], [ -75.581278337271272, 6.052496960841065 ], [ -75.581095607838535, 6.052163792440908 ], [ -75.580912959839139, 6.051860958539841 ], [ -75.580760698402258, 6.05158837473569 ], [ -75.580578052099099, 6.051285541881164 ], [ -75.580425791041122, 6.051012958527586 ], [ -75.580273362239268, 6.050679706477986 ], [ -75.580271940384463, 6.050164035560375 ], [ -75.58014956372979, 6.0497397002041 ], [ -75.579935780007247, 6.049133613763331 ], [ -75.579692700553068, 6.048891613742864 ], [ -75.579146270239903, 6.048529117164598 ], [ -75.57881253575087, 6.048378368273717 ], [ -75.578539238111517, 6.048166783894899 ], [ -75.578053579780359, 6.047864785431507 ], [ -75.577689126124667, 6.047562450978123 ], [ -75.577476264796545, 6.047290033222659 ], [ -75.577020326318191, 6.046775615460049 ], [ -75.576625323271386, 6.046382361305653 ], [ -75.576230654841538, 6.046110443559201 ], [ -75.576018294251014, 6.046020026078853 ], [ -75.575593742392627, 6.045899861458555 ], [ -75.575289979368023, 6.04562769260097 ], [ -75.574949719193143, 6.045236840762165 ], [ -75.57489481113646, 6.045173769145702 ], [ -75.57462110022297, 6.044810514771033 ], [ -75.574407742814259, 6.044356094447974 ], [ -75.574306262310884, 6.044054094924451 ], [ -75.574224435988455, 6.043810587138516 ], [ -75.574223621007746, 6.04351348208489 ], [ -75.574223271089338, 6.043385913125583 ], [ -75.574221939887252, 6.042900574725714 ], [ -75.574250993583945, 6.042445485857613 ], [ -75.574310429565244, 6.042020646542241 ], [ -75.57443080329827, 6.04171697637323 ], [ -75.574581559145102, 6.041443556378141 ], [ -75.574611030617561, 6.041140136697916 ], [ -75.574488828196223, 6.040776467138915 ], [ -75.574336740342446, 6.040564545512002 ], [ -75.574093831949313, 6.040383210167217 ], [ -75.574032647550339, 6.040171040549787 ], [ -75.5740315666595, 6.039776703691686 ], [ -75.57409150377876, 6.03953386576805 ], [ -75.574121055044998, 6.039260779521189 ], [ -75.57405987276212, 6.039048609864945 ], [ -75.573846517312191, 6.038594186669606 ], [ -75.573845686174096, 6.038290850776669 ], [ -75.573844771962811, 6.037957178259763 ], [ -75.573843442301893, 6.037471839681459 ], [ -75.573932767992744, 6.036895249246239 ], [ -75.573901385220182, 6.036500992983935 ], [ -75.573809570001202, 6.036167571864333 ], [ -75.573778022606191, 6.035712649246889 ], [ -75.573807326979519, 6.035348561324767 ], [ -75.57392670299997, 6.034680886115957 ], [ -75.573865187614203, 6.034347382395318 ], [ -75.573713102377795, 6.034135462569807 ], [ -75.573439979403787, 6.033984542111455 ], [ -75.573075870131362, 6.033803536040523 ], [ -75.572863102625973, 6.033561448559173 ], [ -75.572831890525336, 6.033227860802555 ], [ -75.572830811751999, 6.032833522998367 ], [ -75.572799678378345, 6.0325302680811 ], [ -75.572586828642102, 6.032257844946738 ], [ -75.572334982042179, 6.032007099503929 ], [ -75.572282991797351, 6.031955339175905 ], [ -75.572100524630827, 6.031713166831771 ], [ -75.572129829331445, 6.031349079992783 ], [ -75.572189435035725, 6.030984906359134 ], [ -75.572279674644761, 6.030741990007655 ], [ -75.572511851024828, 6.030326119579605 ], [ -75.572551053992555, 6.030255900688903 ], [ -75.572792627115916, 6.029951899091319 ], [ -75.572912917829228, 6.029617896726798 ], [ -75.572881706515247, 6.029284307616773 ], [ -75.572728875316074, 6.028799383747891 ], [ -75.572606679465309, 6.028435710090836 ], [ -75.572423550613053, 6.027950867724581 ], [ -75.572270638842781, 6.027435610011818 ], [ -75.572117976044112, 6.027011352042528 ], [ -75.571965232599467, 6.026556759827102 ], [ -75.571722000178596, 6.026254085685796 ], [ -75.571479019627617, 6.026042413148431 ], [ -75.571296635654903, 6.025830575322662 ], [ -75.571174525249461, 6.025497235051187 ], [ -75.571113179441213, 6.02522439601076 ], [ -75.571082133776414, 6.024951476607683 ], [ -75.571081388831431, 6.024678473068175 ], [ -75.571110779025702, 6.024344717739645 ], [ -75.571140168608295, 6.024010964310573 ], [ -75.571164405504689, 6.02388789487069 ], [ -75.571229826456189, 6.02355570796071 ], [ -75.571259135801455, 6.023191619759434 ], [ -75.571288771777532, 6.022948866266571 ], [ -75.571257811704356, 6.022706277825236 ], [ -75.571196383142393, 6.022403106448255 ], [ -75.571134458905888, 6.021917933300465 ], [ -75.571194231921936, 6.021614428676276 ], [ -75.571288180387924, 6.021460651838968 ], [ -75.571435556343005, 6.021219426536124 ], [ -75.571677626484899, 6.021097428500628 ], [ -75.571889644350648, 6.021066515031333 ], [ -75.572101826462799, 6.021096268501065 ], [ -75.572465594225548, 6.021155941580343 ], [ -75.572647642789605, 6.021246446599289 ], [ -75.572829774216075, 6.021367282512209 ], [ -75.573072424427906, 6.021457622151534 ], [ -75.573436273349927, 6.0215476273574 ], [ -75.573921155224838, 6.021576635331645 ], [ -75.574193692170027, 6.021515219619573 ], [ -75.574344778569781, 6.021363134743236 ], [ -75.574708046955905, 6.021240805408041 ], [ -75.575010797875436, 6.021148972876063 ], [ -75.575252782589928, 6.020996640629956 ], [ -75.575464716909792, 6.020935391738487 ], [ -75.575767635924734, 6.020904228288089 ], [ -75.576131234200403, 6.020903231330283 ], [ -75.576464368529145, 6.020841649079962 ], [ -75.576767286035874, 6.020810484472889 ], [ -75.577039736382062, 6.020718734710258 ], [ -75.577190987108494, 6.020627318690703 ], [ -75.577372123442075, 6.020384149160858 ], [ -75.577493073059415, 6.020292818140245 ], [ -75.5778260405053, 6.020170566437439 ], [ -75.578037890269158, 6.020078983271677 ], [ -75.578249408796751, 6.019866064456032 ], [ -75.578460843425219, 6.019622814074328 ], [ -75.578641895753279, 6.019349311551387 ], [ -75.578823277887921, 6.019197143939277 ], [ -75.579064845979502, 6.018893140881705 ], [ -75.5793674280755, 6.018740641505822 ], [ -75.579791293936751, 6.018618139841543 ], [ -75.58009420833308, 6.018586973739843 ], [ -75.580457722401789, 6.018555640884689 ], [ -75.580760472081963, 6.018463806385839 ], [ -75.580941853849694, 6.018311638282121 ], [ -75.581092603047182, 6.018038218671169 ], [ -75.581273237323785, 6.017613048806698 ], [ -75.581544935654193, 6.017248296326834 ], [ -75.581726400699765, 6.017126459590934 ], [ -75.582089249157704, 6.016852457671202 ], [ -75.582330896383581, 6.016578788486289 ], [ -75.582602843409461, 6.01630503586545 ], [ -75.582995656346569, 6.015909613602162 ], [ -75.583267602705959, 6.015635860177966 ], [ -75.583539548794988, 6.015362107314832 ], [ -75.583962827651746, 6.015027268582713 ], [ -75.584658966321115, 6.014752346987802 ], [ -75.585052610605402, 6.014660260355704 ], [ -75.585324722049364, 6.014447173595379 ], [ -75.585566284373641, 6.014143171556725 ], [ -75.585868277370651, 6.013778331981641 ], [ -75.586170354700101, 6.013443827544425 ], [ -75.586290550020294, 6.013079491027913 ], [ -75.586349979394953, 6.012654653086376 ], [ -75.586440212371784, 6.01241173465425 ], [ -75.586651890255894, 6.012259482600619 ], [ -75.586863734954562, 6.012167897744831 ], [ -75.587075078677529, 6.011894309824513 ], [ -75.587286255861443, 6.011560055261729 ], [ -75.587467134399461, 6.01122588615663 ], [ -75.587799592041506, 6.010921629207129 ], [ -75.588102082480773, 6.010738790833532 ], [ -75.588464923247273, 6.010464786468468 ], [ -75.588706646838816, 6.010221449821813 ], [ -75.58897842228923, 6.009887027716072 ], [ -75.589401274235655, 6.009400520841641 ], [ -75.58961236497646, 6.009035930779589 ], [ -75.589823372524876, 6.008641008690692 ], [ -75.590064595714296, 6.008215670895574 ], [ -75.590397133088118, 6.007941748313268 ], [ -75.590699453028918, 6.007698242591726 ], [ -75.591001441939426, 6.007333404361166 ], [ -75.591332975801478, 6.00669548051977 ], [ -75.591664924759399, 6.006209221014842 ], [ -75.59196707838916, 6.00590504909297 ], [ -75.592330413556269, 6.005813042850168 ], [ -75.592663451763144, 6.005721121451764 ], [ -75.592936058013606, 6.005690033340656 ], [ -75.593511821491489, 6.005718774453079 ], [ -75.59411796731905, 6.005777764281035 ], [ -75.594481721335569, 6.005837424029554 ], [ -75.59484539281064, 6.005866750939166 ], [ -75.595239530612758, 6.005956661316088 ], [ -75.595543021583779, 6.006137820332142 ], [ -75.595846851442474, 6.006440316298729 ], [ -75.596059530079486, 6.006652061940372 ], [ -75.596301920773854, 6.006651389896174 ], [ -75.596483295095098, 6.00649921925493 ], [ -75.596816500236173, 6.006467959855506 ], [ -75.59714945152885, 6.006345704541545 ], [ -75.597724878840253, 6.006253104541344 ], [ -75.598269419076445, 6.005948258531664 ], [ -75.598814377554604, 6.005795075350591 ], [ -75.59905651539141, 6.005703402744551 ], [ -75.599298739714328, 6.005642063186407 ], [ -75.599570923679025, 6.005459305548317 ], [ -75.599782510335928, 6.005276714930936 ], [ -75.600054863395499, 6.005154624027682 ], [ -75.600296917773193, 6.0050326165989 ], [ -75.600478121351301, 6.004819778155941 ], [ -75.60059855764095, 6.004546439994591 ], [ -75.600718913498582, 6.004242769963248 ], [ -75.600869734093891, 6.00399968258964 ], [ -75.601050768877585, 6.003726175327557 ], [ -75.601352410071996, 6.003240000523142 ], [ -75.601623414525108, 6.002632575592699 ], [ -75.601743935388612, 6.002389569268924 ], [ -75.601834074925421, 6.002116316611978 ], [ -75.601832980892297, 6.001721982391235 ], [ -75.601831971086725, 6.001357983801121 ], [ -75.601921603118299, 6.000902728733077 ], [ -75.601949883852583, 6.000174644161156 ], [ -75.601948369439185, 5.999628644379769 ], [ -75.601946855162481, 5.999082643324556 ], [ -75.601945845728437, 5.998718644719609 ], [ -75.601944836346263, 5.998354642321431 ], [ -75.601973955676058, 5.997929892018234 ], [ -75.602063336690208, 5.997383638337634 ], [ -75.602183521603962, 5.997019300400481 ], [ -75.602273153539613, 5.996564049248772 ], [ -75.602363040244256, 5.996199794907149 ], [ -75.602422795215716, 5.99589629415604 ], [ -75.60248238384176, 5.995532124034071 ], [ -75.602511418424584, 5.995077041329751 ], [ -75.602601220238398, 5.994682453295326 ], [ -75.602721655035282, 5.994409117294826 ], [ -75.602872558359607, 5.994196362033417 ], [ -75.603084225569773, 5.994044105174208 ], [ -75.603296227890354, 5.994013181920739 ], [ -75.603599208565839, 5.994012339605099 ], [ -75.603871892587421, 5.994011581373933 ], [ -75.60402330030135, 5.99398082698583 ], [ -75.60435649453737, 5.993949566909613 ], [ -75.604538030385584, 5.993858061320463 ], [ -75.604719229360427, 5.993645221479422 ], [ -75.604748685218013, 5.993341804508407 ], [ -75.604727660499336, 5.993077759047623 ], [ -75.604717292902507, 5.99294755561985 ], [ -75.604686358451062, 5.992855499524214 ], [ -75.604595090911232, 5.992583894519505 ], [ -75.604533821332666, 5.992341394621477 ], [ -75.604350686930346, 5.991856566419358 ], [ -75.604349508828378, 5.991431900063677 ], [ -75.604348330809714, 5.991007233069929 ], [ -75.604377787103118, 5.990703815443972 ], [ -75.604401945925702, 5.990618264268139 ], [ -75.604437794121225, 5.990491315368036 ], [ -75.604527846338911, 5.990187727384484 ], [ -75.604678326748385, 5.989823307916637 ], [ -75.604889233916907, 5.989398050013879 ], [ -75.605131024344587, 5.989185041298146 ], [ -75.605312392816117, 5.989032870344886 ], [ -75.605493928272921, 5.988941366767371 ], [ -75.605705423210125, 5.98872844216773 ], [ -75.605856238715901, 5.988485353668178 ], [ -75.606037604217633, 5.988333181325096 ], [ -75.606279565277177, 5.988180839705155 ], [ -75.606521611045849, 5.988058834857064 ], [ -75.60673319008734, 5.987876242464658 ], [ -75.607035156609157, 5.987511398697105 ], [ -75.607216267429635, 5.987268226346849 ], [ -75.60745789187294, 5.986994552213893 ], [ -75.607724744910286, 5.986748278905747 ], [ -75.60784881281424, 5.985931789530259 ], [ -75.607726441901548, 5.985507461823598 ], [ -75.607695134866631, 5.985143545839673 ], [ -75.607694039748765, 5.98474921372409 ], [ -75.607723156490948, 5.984324462335362 ], [ -75.607934311432473, 5.983990205343677 ], [ -75.608146058409488, 5.983868282132505 ], [ -75.608297291893095, 5.983776859992069 ], [ -75.608569465877778, 5.983594101874541 ], [ -75.608811170100097, 5.983350760731927 ], [ -75.608931602294547, 5.983077424040157 ], [ -75.609112712413094, 5.982834250977316 ], [ -75.609233396008023, 5.982651914625965 ], [ -75.60950548352757, 5.982438820082177 ], [ -75.609777485256615, 5.982195396228924 ], [ -75.610109829242987, 5.981860801871282 ], [ -75.610381661715351, 5.981556707413223 ], [ -75.610626337305007, 5.981355141972617 ], [ -75.610714174292909, 5.981282779517034 ], [ -75.611016471947011, 5.981039270239314 ], [ -75.611258174601716, 5.980795926663713 ], [ -75.61140923913193, 5.980643839268058 ], [ -75.611694670454682, 5.980304197722592 ], [ -75.611741413010904, 5.980248577146536 ], [ -75.611979734322574, 5.980048611382678 ], [ -75.612104134120415, 5.979944230033603 ], [ -75.612315540116853, 5.979700972627207 ], [ -75.612435715505782, 5.979336635569439 ], [ -75.612556229748719, 5.979093631711248 ], [ -75.612797762682021, 5.978789623767362 ], [ -75.612947798542905, 5.978613380327786 ], [ -75.61297895427478, 5.97857678253499 ], [ -75.613190780422059, 5.978485193044953 ], [ -75.61320822617482, 5.978483397267027 ], [ -75.613252611303636, 5.978478827690488 ], [ -75.613332999439606, 5.97843023095443 ], [ -75.613462796095064, 5.978389849757644 ], [ -75.613642472078851, 5.978319314952714 ], [ -75.613782149165274, 5.978238885934335 ], [ -75.613891959918931, 5.978198559818466 ], [ -75.613981839327465, 5.978178298473953 ], [ -75.614131845226368, 5.97821789916761 ], [ -75.614281877751793, 5.978267505571573 ], [ -75.614401874266562, 5.978297184785593 ], [ -75.614541830599478, 5.978316803652568 ], [ -75.614681787564166, 5.978336422479487 ], [ -75.614821743268621, 5.978356041271677 ], [ -75.614931720593376, 5.978375742519688 ], [ -75.615051774800037, 5.978425431176433 ], [ -75.615191841449786, 5.978485069074519 ], [ -75.615301958265988, 5.978554795823694 ], [ -75.615412047210256, 5.978614517426912 ], [ -75.615532184557253, 5.978694221303389 ], [ -75.615642246902979, 5.978743936464799 ], [ -75.61574228625588, 5.978783675688799 ], [ -75.615832304500998, 5.978813438977433 ], [ -75.61594225526531, 5.978823136766582 ], [ -75.61605214894854, 5.978812824309383 ], [ -75.616151966307456, 5.978772525065885 ], [ -75.616241846260706, 5.978752264609994 ], [ -75.616341690244894, 5.978721972348229 ], [ -75.616441591928179, 5.978711687132083 ], [ -75.616551429094301, 5.978681366256584 ], [ -75.616651329497188, 5.978671081640048 ], [ -75.616741266494856, 5.978670830065376 ], [ -75.616841222728809, 5.978680555635325 ], [ -75.616941178961696, 5.97869028118609 ], [ -75.617061149532688, 5.97870995401248 ], [ -75.617181120107404, 5.978729627441766 ], [ -75.617311193725769, 5.978789292681981 ], [ -75.617491233414, 5.978848818043065 ], [ -75.617611232581666, 5.978878497102276 ], [ -75.617701279432879, 5.978918263895512 ], [ -75.617781305778877, 5.978948055432216 ], [ -75.617871353278559, 5.97898782218957 ], [ -75.617936833166382, 5.979033234245286 ], [ -75.617999342609068, 5.979081097497936 ], [ -75.618105047684878, 5.979133644125163 ], [ -75.618177059755496, 5.979147855478324 ], [ -75.618249071189908, 5.979162064297245 ], [ -75.618335464955834, 5.979171429761294 ], [ -75.618412208501923, 5.979161607441625 ], [ -75.618469691861151, 5.979127818665848 ], [ -75.618527174583377, 5.979094030518901 ], [ -75.618560586380354, 5.979031487594639 ], [ -75.618589120313516, 5.978940134246464 ], [ -75.618598528928203, 5.978872854220825 ], [ -75.618617520017622, 5.978800743658326 ], [ -75.618646134471277, 5.978738212277364 ], [ -75.618689196456273, 5.978694857118789 ], [ -75.618727555082685, 5.978685142914593 ], [ -75.618794701381603, 5.978675345547231 ], [ -75.618881120646861, 5.978694319529705 ], [ -75.619001181764077, 5.978732413411532 ], [ -75.619116402777621, 5.978756110993739 ], [ -75.619193279868796, 5.978794326444099 ], [ -75.619255816837736, 5.978851796850133 ], [ -75.619318419705778, 5.978933287439965 ], [ -75.619376251501748, 5.979024398149786 ], [ -75.619405336546265, 5.979130001761241 ], [ -75.619429650513098, 5.979245224869274 ], [ -75.619449109674491, 5.979341248686971 ], [ -75.619482992714694, 5.979446838207121 ], [ -75.619521645602688, 5.979542807591205 ], [ -75.619565016495258, 5.979609940304194 ], [ -75.619598724954386, 5.979653079719345 ], [ -75.619651584939049, 5.979681755622419 ], [ -75.619714014593995, 5.97970079540719 ], [ -75.619781186576375, 5.979700607106171 ], [ -75.619857944180026, 5.979695587597007 ], [ -75.619934673020026, 5.979680962029938 ], [ -75.620011403109331, 5.979666334555507 ], [ -75.620088132562955, 5.979651707704488 ], [ -75.620160077498667, 5.979641899217309 ], [ -75.620241604259292, 5.979627258263704 ], [ -75.620303926401675, 5.97960786872191 ], [ -75.620366247901899, 5.979588477281723 ], [ -75.620462157582637, 5.979568994163937 ], [ -75.620534114662576, 5.979563987398002 ], [ -75.620615629211642, 5.979544543997246 ], [ -75.62068276270773, 5.979529942722923 ], [ -75.620754720409224, 5.97952493782234 ], [ -75.62084104506971, 5.979510285224006 ], [ -75.620929052696752, 5.979501183582965 ], [ -75.62099516577311, 5.979489960602198 ], [ -75.621072335307872, 5.979489744101958 ], [ -75.621149535103484, 5.979500565013147 ], [ -75.621248814413505, 5.979522361466323 ], [ -75.621331605186938, 5.979560760111564 ], [ -75.621419982533098, 5.97962673524945 ], [ -75.621502880227752, 5.979703765145423 ], [ -75.621574785793442, 5.979791861484447 ], [ -75.621635665180918, 5.979879990018961 ], [ -75.621702058953005, 5.979968102431528 ], [ -75.621746401591537, 5.980056276729968 ], [ -75.621796257353907, 5.980144436175934 ], [ -75.621835059794719, 5.98022158914004 ], [ -75.621862836033628, 5.980298772422028 ], [ -75.621896217501529, 5.980409052472719 ], [ -75.621935218408481, 5.980557947683902 ], [ -75.621963058416299, 5.980657206409496 ], [ -75.621985322861605, 5.980734405781369 ], [ -75.621996564244455, 5.98081163547068 ], [ -75.622018782328183, 5.98087227903072 ], [ -75.622057552059871, 5.980938393914688 ], [ -75.622090810582819, 5.981004524901152 ], [ -75.622129550043624, 5.981059602358769 ], [ -75.622179297760852, 5.981109131724445 ], [ -75.622251064492701, 5.981147560479556 ], [ -75.62234483162409, 5.981169371496016 ], [ -75.622422000714408, 5.981169154747263 ], [ -75.622493596091331, 5.981146879276196 ], [ -75.622543050003145, 5.981091554758162 ], [ -75.622592521253168, 5.981041745466271 ], [ -75.622647470898443, 5.98098088644063 ], [ -75.622696926040021, 5.980925561281332 ], [ -75.622751985186156, 5.980903330977689 ], [ -75.62280236567679, 5.980894430664936 ], [ -75.622848206095796, 5.980894301879509 ], [ -75.622887951445648, 5.980900311003108 ], [ -75.622933825536222, 5.980912420535507 ], [ -75.622994972872306, 5.980921427386949 ], [ -75.623053070149524, 5.980933501932579 ], [ -75.623108096058331, 5.980939467471043 ], [ -75.623157035472715, 5.980954628131592 ], [ -75.62320288320393, 5.980957558425644 ], [ -75.623242620606533, 5.980960507150019 ], [ -75.623279291425007, 5.980960404095743 ], [ -75.623303722531034, 5.980954215912355 ], [ -75.623325046685565, 5.980929678517839 ], [ -75.623334137181928, 5.980902115110549 ], [ -75.623333999935795, 5.980853163089623 ], [ -75.623327741881994, 5.980801165350798 ], [ -75.623330660113254, 5.980752202848656 ], [ -75.623327501697318, 5.980715495840911 ], [ -75.623342661525015, 5.980672617829725 ], [ -75.62336093876705, 5.980651148130196 ], [ -75.623394554083717, 5.980651053660253 ], [ -75.623431243933723, 5.980657071965929 ], [ -75.623474078415285, 5.98067530762771 ], [ -75.623523085810135, 5.980714946163541 ], [ -75.623569037099756, 5.980754592651678 ], [ -75.623615006815257, 5.980800357974587 ], [ -75.62366404060046, 5.980849175071796 ], [ -75.623716128613125, 5.980897983576856 ], [ -75.623755968968851, 5.980937646588398 ], [ -75.623811087993744, 5.980977266643457 ], [ -75.623838668965391, 5.981004726958545 ], [ -75.623872345624179, 5.981026048717037 ], [ -75.623912116716738, 5.981041235078628 ], [ -75.623961056148261, 5.981056396922142 ], [ -75.624000810077121, 5.981065463170427 ], [ -75.624034476905209, 5.981083727077081 ], [ -75.624098871122186, 5.981111494274067 ], [ -75.624172738236837, 5.981148211427918 ], [ -75.624246570204747, 5.981172622696214 ], [ -75.624320369527311, 5.981184722390793 ], [ -75.624394166963924, 5.981196823974084 ], [ -75.624492622365892, 5.981233471922938 ], [ -75.624554333226925, 5.981319460344654 ], [ -75.624603784820323, 5.981417788576877 ], [ -75.624653204418877, 5.981503809657713 ], [ -75.624702551164049, 5.98156521394559 ], [ -75.624776591101792, 5.981663475501904 ], [ -75.624850493501981, 5.981712501559162 ], [ -75.624961311946549, 5.981773733488556 ], [ -75.625121271158193, 5.981822516089004 ], [ -75.625219724809384, 5.981859165133336 ], [ -75.625330474821212, 5.981895780180597 ], [ -75.625453552596298, 5.981944667098755 ], [ -75.625527489645663, 5.982006002694291 ], [ -75.625650705097911, 5.982104124388616 ], [ -75.625749227956049, 5.982165390097656 ], [ -75.62585997804257, 5.982202005012578 ], [ -75.62595839846567, 5.982226344237436 ], [ -75.626019971347219, 5.982263095688829 ], [ -75.62613079061876, 5.982324327316864 ], [ -75.626216987029295, 5.982373318513563 ], [ -75.626278698282206, 5.982459306004113 ], [ -75.626364963264294, 5.982532913313605 ], [ -75.626414450528543, 5.982643551546314 ], [ -75.626439660185127, 5.98286503514613 ], [ -75.626476957440005, 5.983012633151237 ], [ -75.626465389405922, 5.983271146427267 ], [ -75.626490394129902, 5.983418779051615 ], [ -75.626490705486972, 5.98352955642147 ], [ -75.626515534741714, 5.98361564648437 ], [ -75.626589540078598, 5.983701597987974 ], [ -75.626688135681391, 5.983787478922427 ], [ -75.626798884244337, 5.983824093550734 ], [ -75.626885045718737, 5.983860775550571 ], [ -75.626995829538004, 5.983909697881646 ], [ -75.627094354122235, 5.9839709638511 ], [ -75.627155928535529, 5.984007715730595 ], [ -75.62721750295772, 5.984044468232437 ], [ -75.627291299494956, 5.984056568681435 ], [ -75.627377324444694, 5.984044017688834 ], [ -75.627450949144446, 5.98399457621019 ], [ -75.627549128186146, 5.983932755755479 ], [ -75.627708982977154, 5.983944612874676 ], [ -75.627795180391701, 5.9839936056113 ], [ -75.627881376552665, 5.984042596439583 ], [ -75.627967538095362, 5.984079278873029 ], [ -75.628065993509139, 5.984115927246876 ], [ -75.628164483566493, 5.984164883344363 ], [ -75.628238419925395, 5.984226218418272 ], [ -75.628324720072868, 5.984312134913701 ], [ -75.628386502431198, 5.984422736871959 ], [ -75.628436024337248, 5.984545683142457 ], [ -75.628473217753054, 5.984656355083757 ], [ -75.628485859353447, 5.984779405396008 ], [ -75.628547675209262, 5.984902317583725 ], [ -75.628597198479724, 5.985025263813633 ], [ -75.628622132756234, 5.985148279422887 ], [ -75.628671586766629, 5.985246607626866 ], [ -75.628721073565288, 5.985357245461937 ], [ -75.628795184711663, 5.985480122256721 ], [ -75.628844672196095, 5.985590760066124 ], [ -75.628931006710914, 5.985688983492405 ], [ -75.628992719442721, 5.985774969197628 ], [ -75.629054328201704, 5.985824031042881 ], [ -75.629103573735932, 5.98584850832113 ], [ -75.629201960183636, 5.985860540280115 ], [ -75.629263395604298, 5.985848057092742 ], [ -75.629337055568115, 5.985810922449293 ], [ -75.629398455679777, 5.985786133408073 ], [ -75.629484375469104, 5.985736656297131 ], [ -75.629557931999486, 5.985662596527792 ], [ -75.629631452573477, 5.985576229021579 ], [ -75.629692609887442, 5.985465279496989 ], [ -75.629778390247409, 5.985366568896406 ], [ -75.629876499761522, 5.985280130669342 ], [ -75.629987007173455, 5.985230585329422 ], [ -75.630097549242635, 5.985193347073832 ], [ -75.630195969598503, 5.985217685982231 ], [ -75.630282236743142, 5.98529129494338 ], [ -75.630257925881182, 5.985389830682237 ], [ -75.630184543574202, 5.985525432960621 ], [ -75.630135714312672, 5.9856486567835 ], [ -75.630135957138435, 5.985734815962402 ], [ -75.630160717729609, 5.985796288953189 ], [ -75.630234586379927, 5.985833005016001 ], [ -75.630308350958103, 5.98583279660911 ], [ -75.630394340025973, 5.985807936099636 ], [ -75.630467998611778, 5.985770802591546 ], [ -75.630553883566222, 5.985709018871095 ], [ -75.630627509941434, 5.985659575085318 ], [ -75.630701203189375, 5.985634750547071 ], [ -75.630799520142361, 5.985622162343169 ], [ -75.630910096897495, 5.985597234171731 ], [ -75.631069953265097, 5.985609090794437 ], [ -75.631217446956668, 5.985596365405605 ], [ -75.631352714927459, 5.985608291452955 ], [ -75.631451067184898, 5.985608013385963 ], [ -75.63157400655416, 5.985607665780108 ], [ -75.631672358170533, 5.985607387675191 ], [ -75.631733898246324, 5.985631831188893 ], [ -75.631758728441099, 5.985717920771556 ], [ -75.631685242357577, 5.985816597469213 ], [ -75.631623981309431, 5.985890621424179 ], [ -75.631562962048491, 5.986050805130834 ], [ -75.631501769780002, 5.986149447058526 ], [ -75.631501978115665, 5.98622329719289 ], [ -75.631563656533942, 5.986296974763778 ], [ -75.631637491211166, 5.986321382869981 ], [ -75.631711219818115, 5.986308866537922 ], [ -75.631809571553489, 5.986308588375984 ], [ -75.631907922653468, 5.986308310198236 ], [ -75.631994085953963, 5.986344990568444 ], [ -75.632068127805809, 5.986443250621605 ], [ -75.632056076445011, 5.986529444498796 ], [ -75.63206871834889, 5.986652495135409 ], [ -75.63208132552117, 5.986763235523558 ], [ -75.632118484501689, 5.986861598630639 ], [ -75.632167869807759, 5.986935310240433 ], [ -75.632217287979898, 5.987021330198612 ], [ -75.632266602563774, 5.987070424462377 ], [ -75.632328212325959, 5.987119485822596 ], [ -75.632402184863295, 5.987193127191421 ], [ -75.632451603729265, 5.987279146479114 ], [ -75.632488777990986, 5.987382433121997 ], [ -75.632488986506061, 5.987456284481159 ], [ -75.632501557808283, 5.987554717115557 ], [ -75.632538648701214, 5.987628464088086 ], [ -75.632612761003912, 5.987751339425991 ], [ -75.632674509278672, 5.987849632850057 ], [ -75.632699375822597, 5.98794803129536 ], [ -75.632724171594973, 5.988021812413553 ], [ -75.632761332083973, 5.988120175417517 ], [ -75.632786163902168, 5.988206264872105 ], [ -75.632823289655846, 5.988292318886685 ], [ -75.632835790914271, 5.98836613542943 ], [ -75.632885211254091, 5.988452155257491 ], [ -75.632934596841437, 5.988525866099188 ], [ -75.632971722026767, 5.988611922618521 ], [ -75.63302107098049, 5.988673325104816 ], [ -75.633082715772517, 5.988734692764837 ], [ -75.633144324545981, 5.988783753335643 ], [ -75.633230591380723, 5.988857359054851 ], [ -75.633292200810274, 5.988906419599989 ], [ -75.633366104186408, 5.988955444682738 ], [ -75.633452266101173, 5.988992127218769 ], [ -75.633526135968992, 5.989028841401307 ], [ -75.633636885776625, 5.989065453619276 ], [ -75.633723013557187, 5.989089827128797 ], [ -75.633821505493302, 5.98913878183895 ], [ -75.633907737670611, 5.98920008096659 ], [ -75.634006299862705, 5.989273652942924 ], [ -75.634104894986677, 5.989359533239043 ], [ -75.634265030725928, 5.989469855332192 ], [ -75.634339003228092, 5.989543498180545 ], [ -75.634486775493627, 5.989629238355683 ], [ -75.6346099599035, 5.989715048186657 ], [ -75.634708591271377, 5.989813237922377 ], [ -75.634782565764127, 5.989886879414481 ], [ -75.634868797518138, 5.989948178332867 ], [ -75.63497961781907, 5.990009405609893 ], [ -75.635102697898176, 5.990058289656748 ], [ -75.635213484049274, 5.990107211696678 ], [ -75.635348857484132, 5.990156061440217 ], [ -75.635496456479203, 5.990180259603157 ], [ -75.635681110272614, 5.990265894733611 ], [ -75.635875081971761, 5.990357726381674 ], [ -75.636053980309327, 5.990446645791199 ], [ -75.636188154412977, 5.990513336877452 ], [ -75.636277729608679, 5.990602510338956 ], [ -75.636412030400592, 5.990713913897601 ], [ -75.636546205224022, 5.990780602971419 ], [ -75.636680504844961, 5.990892006441779 ], [ -75.636837135963972, 5.99100334581923 ], [ -75.637016161940153, 5.991136979240803 ], [ -75.637217517555882, 5.991270547891077 ], [ -75.637463535552527, 5.991403992713558 ], [ -75.63773188447081, 5.991537371413997 ], [ -75.637955571197381, 5.991670876251316 ], [ -75.638134596351449, 5.991804509812155 ], [ -75.638313558804668, 5.991915785144393 ], [ -75.638447796225307, 5.992004831129378 ], [ -75.638559704732046, 5.992093939927852 ], [ -75.638738730775628, 5.992227572582127 ], [ -75.638828243826822, 5.992294388562964 ], [ -75.638917819705185, 5.992383561400612 ], [ -75.639029918689673, 5.992539741316101 ], [ -75.63909722722984, 5.992651333865435 ], [ -75.63918705829154, 5.99282993538008 ], [ -75.639231971950295, 5.992919233921263 ], [ -75.6393217396528, 5.993075477887295 ], [ -75.639366845649519, 5.99323184764204 ], [ -75.639456803235788, 5.993455160275492 ], [ -75.639524302434637, 5.993633822690043 ], [ -75.639591802955366, 5.993812486342893 ], [ -75.639659240044168, 5.993968791845923 ], [ -75.639681887121355, 5.994080511988926 ], [ -75.639794112482278, 5.994281405956876 ], [ -75.639883880640696, 5.994437648461322 ], [ -75.640040449235045, 5.994526630249393 ], [ -75.64021922429221, 5.994570834032782 ], [ -75.640375666549488, 5.994615102613761 ], [ -75.640576705882765, 5.994636887085676 ], [ -75.640822471861171, 5.994680901103973 ], [ -75.641045906924333, 5.994724977362615 ], [ -75.641247009819921, 5.994769118419647 ], [ -75.641425783696775, 5.994813322397814 ], [ -75.641582354443813, 5.994902304276835 ], [ -75.641716656623402, 5.995013705967374 ], [ -75.641806296990097, 5.995125234298122 ], [ -75.641895938656717, 5.995236762600626 ], [ -75.642008037861132, 5.995392940891815 ], [ -75.64203062319055, 5.995482304580886 ], [ -75.64205320790208, 5.995571668899942 ], [ -75.642165115790718, 5.995660777246421 ], [ -75.642343826990952, 5.995682623990568 ], [ -75.642522281823474, 5.995615044603415 ], [ -75.642700419102169, 5.995435680373191 ], [ -75.642878619267464, 5.995278674209654 ], [ -75.643034427296968, 5.995099374886355 ], [ -75.643190423623764, 5.994987146034632 ], [ -75.643368814430147, 5.994897209629819 ], [ -75.643502545256212, 5.99480739999569 ], [ -75.643792590406505, 5.994717144851887 ], [ -75.644015705803781, 5.994649438265682 ], [ -75.644305752612567, 5.994559182256349 ], [ -75.64446181277674, 5.994469309960433 ], [ -75.64464033050578, 5.994424086862988 ], [ -75.644841179058503, 5.994378799309548 ], [ -75.645042028190488, 5.994333511689049 ], [ -75.64524294099067, 5.994310582072533 ], [ -75.645443790027628, 5.994265294319696 ], [ -75.645644638382635, 5.994220006503532 ], [ -75.645823157097738, 5.994174782431401 ], [ -75.646269515871595, 5.99408407819821 ], [ -75.646559814269011, 5.994083248343802 ], [ -75.646805706697734, 5.99417197382845 ], [ -75.647051663595605, 5.994283054072564 ], [ -75.647208234033016, 5.994372034147606 ], [ -75.647364740707573, 5.99443865674953 ], [ -75.647498915936367, 5.994505343814556 ], [ -75.647655421403712, 5.994571965686131 ], [ -75.647789597947451, 5.994638652658253 ], [ -75.647946167302976, 5.994727631835612 ], [ -75.648124941138974, 5.994771834120023 ], [ -75.648303650509206, 5.994793678304529 ], [ -75.64845990070306, 5.994770875338613 ], [ -75.648571363359764, 5.994703484754389 ], [ -75.648705156828782, 5.994636032114293 ], [ -75.648794287956321, 5.99456870606609 ], [ -75.648905685396585, 5.994478960565637 ], [ -75.648972294042466, 5.994344629405575 ], [ -75.648993921692011, 5.994098642300489 ], [ -75.64899309144937, 5.993808004970287 ], [ -75.64899245283496, 5.993584439830908 ], [ -75.648991878099864, 5.993383230193778 ], [ -75.648991303384392, 5.99318202055505 ], [ -75.64903545345048, 5.993003040455154 ], [ -75.649057274630195, 5.992824123020331 ], [ -75.64907902943375, 5.992622848827995 ], [ -75.649100850617714, 5.992443932028131 ], [ -75.649100467506926, 5.992309792692669 ], [ -75.64905529524269, 5.992131068301383 ], [ -75.649032516327665, 5.991974635486859 ], [ -75.649032005576487, 5.99179578260955 ], [ -75.6490763477927, 5.991683871567606 ], [ -75.649187809187396, 5.991616482930091 ], [ -75.649344059033794, 5.991593678059211 ], [ -75.649500436579899, 5.991615587935257 ], [ -75.64970147553268, 5.991637367984044 ], [ -75.649880185046797, 5.991659214428164 ], [ -75.650081096856212, 5.991636280814756 ], [ -75.650170161591532, 5.991546599851034 ], [ -75.650236834864927, 5.991434624185938 ], [ -75.650281111651424, 5.991300356997282 ], [ -75.650302995746401, 5.991143796382321 ], [ -75.650391870594234, 5.990987043882452 ], [ -75.650570002898618, 5.990807679389771 ], [ -75.650748391952717, 5.990717741864877 ], [ -75.650859788350346, 5.990627995611337 ], [ -75.651060507293494, 5.99053799277149 ], [ -75.651194169690115, 5.990425826373365 ], [ -75.651350356950658, 5.990380665553037 ], [ -75.651506797994955, 5.990424930405798 ], [ -75.651730359471657, 5.990513716647357 ], [ -75.651909258457337, 5.990602629566073 ], [ -75.652088094173351, 5.990669188830484 ], [ -75.652199810697468, 5.99069122414015 ], [ -75.652400848525545, 5.990713005155097 ], [ -75.652646610967849, 5.990757012823273 ], [ -75.652825256692992, 5.990756500359158 ], [ -75.652936908607913, 5.990756180044272 ], [ -75.653137947049629, 5.990777960772871 ], [ -75.653294196208208, 5.990755154879608 ], [ -75.653428114087134, 5.990732414295881 ], [ -75.653561969820828, 5.990687316325811 ], [ -75.653673557034693, 5.990664640410621 ], [ -75.653762559410666, 5.990552601066863 ], [ -75.653806836505098, 5.990418333198306 ], [ -75.653873506953985, 5.990306357952964 ], [ -75.653895518070826, 5.99019451153195 ], [ -75.653962189112406, 5.990082535653602 ], [ -75.654140641147862, 5.990014953311302 ], [ -75.654296953390741, 5.990014504544678 ], [ -75.654453266882939, 5.990014055729826 ], [ -75.654632038423628, 5.990058256162918 ], [ -75.654721617000533, 5.990147426475829 ], [ -75.654900580147853, 5.990258695659918 ], [ -75.655102002104755, 5.990414614023116 ], [ -75.655258636059088, 5.990525947193799 ], [ -75.655392938837323, 5.990637344469736 ], [ -75.655571840046463, 5.990726257914432 ], [ -75.655773070645395, 5.990815106475829 ], [ -75.655996630638668, 5.990903890126305 ], [ -75.656175531359665, 5.990992802695079 ], [ -75.656376697972902, 5.991059294293528 ], [ -75.656600322889702, 5.991170436224031 ], [ -75.656868608472436, 5.991281448316439 ], [ -75.657047637727942, 5.991415073261415 ], [ -75.657226602262597, 5.99152634270947 ], [ -75.657427833924601, 5.991615189248485 ], [ -75.657696184006667, 5.991748558138372 ], [ -75.657919873565632, 5.991882053529736 ], [ -75.658165894481812, 5.992015485769571 ], [ -75.658322465148728, 5.992104462370502 ], [ -75.658523632256234, 5.992170952371119 ], [ -75.65876933154604, 5.992192602219344 ], [ -75.659015095705996, 5.992236606715746 ], [ -75.659149141847024, 5.99225857801768 ], [ -75.65928331777836, 5.992325260699278 ], [ -75.659440081464567, 5.992481306241899 ], [ -75.65950771488238, 5.99270467720709 ], [ -75.659508229128704, 5.992883531068589 ], [ -75.659508679101748, 5.993040026381209 ], [ -75.659509193368336, 5.993218877083635 ], [ -75.659576505541935, 5.993330467897557 ], [ -75.659755601583228, 5.993486448245928 ], [ -75.659889905868965, 5.993597844609084 ], [ -75.660024146522233, 5.99368688301249 ], [ -75.66018078158892, 5.993798216151287 ], [ -75.660292755970247, 5.993909675501481 ], [ -75.660382399083005, 5.994021200485662 ], [ -75.660494566562122, 5.994199730959799 ], [ -75.660629001108106, 5.994355839699423 ], [ -75.660741168118818, 5.994534369452271 ], [ -75.660808417010244, 5.994623602729927 ], [ -75.66096492313892, 5.994690220994787 ], [ -75.661098908643481, 5.994689834363793 ], [ -75.66127755176484, 5.994689318816988 ], [ -75.661411535356891, 5.994688932115029 ], [ -75.661545904616077, 5.994822684531549 ], [ -75.661702668412502, 5.994978728428375 ], [ -75.661881828676286, 5.995157063770247 ], [ -75.661993996888427, 5.995335592477975 ], [ -75.662061310492362, 5.995447183406561 ], [ -75.66215082601704, 5.995513994686892 ], [ -75.662307397545945, 5.99560296907546 ], [ -75.662441703447101, 5.995714364530009 ], [ -75.662576010029042, 5.995825759303592 ], [ -75.662665847880689, 5.996004352288526 ], [ -75.662800282851038, 5.996160460208095 ], [ -75.662912257606905, 5.996271920642489 ], [ -75.663091288500041, 5.996405542145329 ], [ -75.663292650865941, 5.996539100277616 ], [ -75.663404561942784, 5.996628203952721 ], [ -75.663605859327944, 5.996739404691294 ], [ -75.663740166378759, 5.996850799678306 ], [ -75.663852205953802, 5.996984615802265 ], [ -75.663964375863699, 5.997163144457236 ], [ -75.664076480711316, 5.997319317101475 ], [ -75.664210851892165, 5.997453068509113 ], [ -75.664345221875223, 5.997586819238094 ], [ -75.664568851185223, 5.997697954868304 ], [ -75.664725488817254, 5.997809284250817 ], [ -75.664926722284378, 5.997898128354535 ], [ -75.665083230273524, 5.997964745054514 ], [ -75.66530686046238, 5.998075881562421 ], [ -75.665530554043201, 5.998209373279657 ], [ -75.665620328737901, 5.998365610088303 ], [ -75.66573249826952, 5.998544138781288 ], [ -75.665822144518955, 5.998655661730918 ], [ -75.66600117680369, 5.998789282510248 ], [ -75.666247137021045, 5.998900353810406 ], [ -75.666515234239952, 5.99894429054741 ], [ -75.666783333354601, 5.99898822524187 ], [ -75.667029033861382, 5.999009871121892 ], [ -75.6672746069151, 5.998986801226298 ], [ -75.667520115254888, 5.998941377820817 ], [ -75.66765383950559, 5.998851563710623 ], [ -75.667832355934962, 5.998806332545321 ], [ -75.66803326717762, 5.998783392489688 ], [ -75.668211718826726, 5.998715805922767 ], [ -75.668390169784288, 5.998648218048093 ], [ -75.668546419954779, 5.998625408013432 ], [ -75.668725064341444, 5.998624889697197 ], [ -75.668881442656101, 5.998646792670677 ], [ -75.669060217748424, 5.998690987330342 ], [ -75.669216531961382, 5.998690533653956 ], [ -75.669372651924732, 5.998623010307043 ], [ -75.669528708984629, 5.998533131642354 ], [ -75.669751949401899, 5.998510126178243 ], [ -75.669908263510564, 5.998509672317915 ], [ -75.670086973147079, 5.998531510731038 ], [ -75.670265877121565, 5.998620416784757 ], [ -75.670444650935806, 5.998664610968447 ], [ -75.670517728723269, 5.998682136828766 ], [ -75.67043630869469, 5.998846352911631 ], [ -75.670354711053506, 5.998949077009481 ], [ -75.670334653354715, 5.999092618194108 ], [ -75.670294119614084, 5.999236218857291 ], [ -75.670253529609923, 5.999359321132598 ], [ -75.670110510029303, 5.99946222363263 ], [ -75.669987667591045, 5.99946258041248 ], [ -75.669864765756188, 5.999442439411524 ], [ -75.669741923307626, 5.999442796134886 ], [ -75.669578133785052, 5.9994432717221 ], [ -75.669455410066846, 5.999484623895697 ], [ -75.669394226938508, 5.999566790720063 ], [ -75.669271740638294, 5.999690131373399 ], [ -75.669169845939393, 5.999854408733292 ], [ -75.669088307275928, 5.999977630501547 ], [ -75.668986175660592, 6.000059916175289 ], [ -75.668904518213381, 6.000142143672633 ], [ -75.66876143876722, 6.00022454880575 ], [ -75.668638714777757, 6.000265900226083 ], [ -75.668536524314732, 6.000327688710811 ], [ -75.668475459654474, 6.000450851023782 ], [ -75.668455459576975, 6.000614888783868 ], [ -75.668414987168433, 6.000778986588102 ], [ -75.668415521302151, 6.000963463961924 ], [ -75.668375108861653, 6.001148058904722 ], [ -75.668334753864613, 6.001353150360362 ], [ -75.668273807166798, 6.001517307594213 ], [ -75.668192505505388, 6.001722517887682 ], [ -75.668070195917423, 6.001907351771081 ], [ -75.668009367802966, 6.002112503286234 ], [ -75.667886999375483, 6.002276838761418 ], [ -75.667846644216183, 6.002481930874577 ], [ -75.667806290938046, 6.002687022985871 ], [ -75.667786528757702, 6.002933050604327 ], [ -75.667766649160356, 6.003138084572353 ], [ -75.66774676767065, 6.003343116653443 ], [ -75.667726827470503, 6.003527652225777 ], [ -75.667645645441752, 6.003773858097201 ], [ -75.667584817132607, 6.003979009648592 ], [ -75.667462566977278, 6.004184341340508 ], [ -75.66734025802657, 6.004369173988451 ], [ -75.66725901391807, 6.004594882106069 ], [ -75.6671366158225, 6.004748968399038 ], [ -75.667014245437741, 6.004913303260579 ], [ -75.666932883122996, 6.005098017086503 ], [ -75.666851581362465, 6.005303228688881 ], [ -75.666770219591896, 6.005487941884642 ], [ -75.666750219832807, 6.005651980366729 ], [ -75.666648621531124, 6.005918743457279 ], [ -75.666587910826038, 6.006164889976269 ], [ -75.666547616475512, 6.006390479314323 ], [ -75.666446076094431, 6.006677740208239 ], [ -75.666344299577531, 6.00688301060492 ], [ -75.666221989187719, 6.007067842614173 ], [ -75.666120212545309, 6.007273114270291 ], [ -75.66603908705126, 6.007539817367675 ], [ -75.665937723661486, 6.007888568485615 ], [ -75.665877173441885, 6.008190058756941 ], [ -75.665817115615539, 6.008661677825806 ], [ -75.665756287134798, 6.008866828829547 ], [ -75.665736525151274, 6.009112856621375 ], [ -75.665696347303296, 6.009379440341096 ], [ -75.665656170710747, 6.00964602406215 ], [ -75.665575163593914, 6.009953724060253 ], [ -75.665453386457727, 6.010323033073579 ], [ -75.66533137252614, 6.010610352198338 ], [ -75.665188705887104, 6.010836239873392 ], [ -75.665046157788623, 6.011103121231738 ], [ -75.664882956330857, 6.011308570489255 ], [ -75.664781237430532, 6.011534337476938 ], [ -75.664577088942636, 6.011739905467479 ], [ -75.664475369871155, 6.011965673711845 ], [ -75.664251220867357, 6.012335279640464 ], [ -75.664067960464322, 6.012684268382458 ], [ -75.663904818807609, 6.012910215355944 ], [ -75.66380297948254, 6.013094989886643 ], [ -75.663681141606048, 6.013443801158331 ], [ -75.663641082808084, 6.013751380008632 ], [ -75.663683335687324, 6.014202204764558 ], [ -75.66380742731593, 6.014632292915074 ], [ -75.663911224270706, 6.015123932503581 ], [ -75.664014663661618, 6.015492589641731 ], [ -75.664076502179313, 6.015635893521072 ], [ -75.664138578078663, 6.015861185420608 ], [ -75.664098579063719, 6.016189261425016 ], [ -75.664038045232076, 6.016496902203023 ], [ -75.663937096947322, 6.016989135681445 ], [ -75.663856919573433, 6.017583797509314 ], [ -75.663796564938892, 6.01795292856206 ], [ -75.66375680201358, 6.018362993922572 ], [ -75.663737277289087, 6.018691012458017 ], [ -75.663717751959993, 6.019019030365698 ], [ -75.663718820334282, 6.019387982557962 ], [ -75.663678643917322, 6.019654567749306 ], [ -75.663659059306767, 6.019962087230919 ], [ -75.663639415361814, 6.020249110808447 ], [ -75.663681255832898, 6.020556451996324 ], [ -75.663702560744866, 6.020843356702006 ], [ -75.663785468940731, 6.021191573309022 ], [ -75.664011818251055, 6.021580369931829 ], [ -75.664238132920715, 6.021956867693419 ], [ -75.664444066044865, 6.02236622122458 ], [ -75.664588042638186, 6.022591276111662 ], [ -75.664711484847714, 6.022795892003892 ], [ -75.664855461692468, 6.02302094675828 ], [ -75.665019853693281, 6.02322544351825 ], [ -75.665102406749497, 6.023450677933724 ], [ -75.665185078796029, 6.023716904724381 ], [ -75.665247216372279, 6.02396269448688 ], [ -75.665268641614745, 6.024290592514809 ], [ -75.665249059698482, 6.024598113703856 ], [ -75.665249832763294, 6.024864579170881 ], [ -75.665250605860962, 6.025131044003924 ], [ -75.66529226861563, 6.025376893238938 ], [ -75.665313634686498, 6.02568429471086 ], [ -75.665334704676425, 6.02588920853659 ], [ -75.665356012008857, 6.026176111578092 ], [ -75.66539761615627, 6.026401464245819 ], [ -75.66543927922288, 6.026647314047491 ], [ -75.665521833317285, 6.026872546297586 ], [ -75.665686226424043, 6.027077043092728 ], [ -75.66583014504711, 6.027281598752161 ], [ -75.66597388585997, 6.027424663552967 ], [ -75.666138161524685, 6.027588165207849 ], [ -75.666281782803281, 6.027690236874168 ], [ -75.666445759664711, 6.02775125145449 ], [ -75.666630151627658, 6.027791709228776 ], [ -75.666814604421319, 6.027852664692563 ], [ -75.667060778315289, 6.028015927470793 ], [ -75.667245469502973, 6.028158872526319 ], [ -75.667368735614772, 6.028301996439751 ], [ -75.66751253664799, 6.028465556514035 ], [ -75.667574318747072, 6.028588361551286 ], [ -75.667677109776974, 6.02873154626737 ], [ -75.667738951556316, 6.028874849019967 ], [ -75.667821208427057, 6.028997594334236 ], [ -75.667883050913659, 6.0291408951554 ], [ -75.667965367481798, 6.029284138178088 ], [ -75.66800661552233, 6.029386505041252 ], [ -75.668089051413077, 6.029570742260777 ], [ -75.668130716885386, 6.029816591445964 ], [ -75.668151787842106, 6.030021505447198 ], [ -75.668193214266608, 6.030185363619829 ], [ -75.668255236598682, 6.0303901582013 ], [ -75.66833755415324, 6.030533400453049 ], [ -75.668399336139075, 6.030656205279445 ], [ -75.668522603217582, 6.030799327428777 ], [ -75.66866640411952, 6.030962890081 ], [ -75.668789731006967, 6.031126509872493 ], [ -75.668933593008035, 6.031310567618515 ], [ -75.669036504372897, 6.031494744155115 ], [ -75.669077991586647, 6.031679100519778 ], [ -75.66911962145376, 6.031912650811861 ], [ -75.669120277981747, 6.032138120865422 ], [ -75.669079865621086, 6.032322715578005 ], [ -75.668978146402878, 6.032548486917761 ], [ -75.668896844736679, 6.032753697608513 ], [ -75.668815421776841, 6.032917915985809 ], [ -75.668775009318395, 6.033102510713046 ], [ -75.668755011345255, 6.033266549220979 ], [ -75.668775964258259, 6.033430466965601 ], [ -75.668837866844427, 6.033594268355653 ], [ -75.668920124278628, 6.033717013233826 ], [ -75.669022918169176, 6.033860194794567 ], [ -75.669105115360182, 6.033962442519787 ], [ -75.669167018761172, 6.034126241300282 ], [ -75.669228920949081, 6.034290040066743 ], [ -75.669229398647133, 6.034454019413023 ], [ -75.669250411557485, 6.034638436079494 ], [ -75.669251008721318, 6.034843408994757 ], [ -75.669292377112953, 6.034986770401591 ], [ -75.669333745537372, 6.035130132430151 ], [ -75.669436479521181, 6.035252816709153 ], [ -75.66955974816625, 6.035395938256389 ], [ -75.669744383049988, 6.035518383870837 ], [ -75.669908481482523, 6.035620392757064 ], [ -75.67007252210432, 6.035701904478614 ], [ -75.670236561498385, 6.03578341424706 ], [ -75.670400719845745, 6.035905919397084 ], [ -75.670585415457978, 6.036048862346117 ], [ -75.670770109899138, 6.036191805209885 ], [ -75.670914093806871, 6.036416856041722 ], [ -75.670914930963519, 6.03670381711396 ], [ -75.671018263035933, 6.037031475534711 ], [ -75.671162306523996, 6.037277023292038 ], [ -75.671306350162894, 6.037522571606342 ], [ -75.671450274293548, 6.037727125690413 ], [ -75.671655505621573, 6.037890505844707 ], [ -75.671880971996018, 6.037971835790064 ], [ -75.672147208117266, 6.037991553307371 ], [ -75.672413325754519, 6.037970277811961 ], [ -75.672679564348627, 6.037989995056154 ], [ -75.672904910410168, 6.03803033166372 ], [ -75.673089545534609, 6.038152775702184 ], [ -75.673233411165299, 6.038336830765463 ], [ -75.673418346007054, 6.038561759932755 ], [ -75.673562330446984, 6.038786809595926 ], [ -75.673747206936298, 6.038991243408205 ], [ -75.673911548652001, 6.039175239436574 ], [ -75.67397375343208, 6.039441524258145 ], [ -75.673974652567694, 6.039748982553412 ], [ -75.673955016795389, 6.040036004436118 ], [ -75.673996865423419, 6.04034334333285 ], [ -75.674161387607484, 6.040588830293832 ], [ -75.674407690156769, 6.040793082306024 ], [ -75.674694762377072, 6.040935721672831 ], [ -75.674940586568923, 6.040975995755922 ], [ -75.675152173555162, 6.040992563232734 ], [ -75.6754070464535, 6.040973586834948 ], [ -75.675607078400333, 6.040881856010234 ], [ -75.67577063968325, 6.040772004138013 ], [ -75.675879733036538, 6.04071699740258 ], [ -75.676025244816941, 6.040661883763772 ], [ -75.676207387943919, 6.040679577788506 ], [ -75.676316909648079, 6.040770400784208 ], [ -75.676371963578376, 6.040916068958264 ], [ -75.676372657790182, 6.041153039937548 ], [ -75.676318565027728, 6.041335486461747 ], [ -75.676373725865133, 6.041517611593612 ], [ -75.676537820565457, 6.041590044981788 ], [ -75.676683546110596, 6.041607846327874 ], [ -75.676865636733794, 6.041607311556891 ], [ -75.677011095763334, 6.041533969135067 ], [ -75.677083664345403, 6.041442612785914 ], [ -75.67721086030167, 6.041351094072684 ], [ -75.677319794493556, 6.041241402245419 ], [ -75.677392255480981, 6.04111358765886 ], [ -75.677464825840303, 6.041022231283506 ], [ -75.677555763510412, 6.040985506846948 ], [ -75.677683227126693, 6.040985132346428 ], [ -75.677829326608105, 6.041130532113854 ], [ -75.677975479627747, 6.04129416155736 ], [ -75.678085214268492, 6.041457897979114 ], [ -75.678213265470674, 6.041658037145243 ], [ -75.678286529570158, 6.041803651434581 ], [ -75.678359794347259, 6.041949265701003 ], [ -75.678469529269023, 6.042113002607437 ], [ -75.67852469154306, 6.042295126040838 ], [ -75.678579906102129, 6.042495480454608 ], [ -75.67865327744525, 6.042677552831162 ], [ -75.678762905647062, 6.042804831417854 ], [ -75.678927322558437, 6.042986634678478 ], [ -75.679055213997202, 6.043132088070209 ], [ -75.679219629851033, 6.043313891823505 ], [ -75.679365731688151, 6.043459292151905 ], [ -75.67952998841983, 6.043586409745334 ], [ -75.679748763825714, 6.043676908945645 ], [ -75.680022329391292, 6.043821933212907 ], [ -75.680259421661816, 6.0439488367183 ], [ -75.680459988919381, 6.044039389173168 ], [ -75.680642509220021, 6.044184681136962 ], [ -75.680752138806852, 6.044311958479316 ], [ -75.680916234684105, 6.044384390792796 ], [ -75.681171376819066, 6.044456554802942 ], [ -75.681317317366194, 6.044547267165896 ], [ -75.681517885578188, 6.044637820384242 ], [ -75.681627514811694, 6.044765097471423 ], [ -75.681773616350199, 6.044910496244178 ], [ -75.681937926974072, 6.045055841907683 ], [ -75.682083976302607, 6.045183011483264 ], [ -75.682211761793596, 6.045292007525944 ], [ -75.682412597952776, 6.045473701827415 ], [ -75.682576802236625, 6.045582589711636 ], [ -75.682668169236464, 6.045691691746864 ], [ -75.682814217639873, 6.045818863562165 ], [ -75.682960319768767, 6.045964261851573 ], [ -75.683179312399716, 6.046127673583008 ], [ -75.683343409014597, 6.046200103665385 ], [ -75.683580342422061, 6.046272319336783 ], [ -75.683799174858592, 6.046381044845823 ], [ -75.684036162068807, 6.046471489959888 ], [ -75.684218361082202, 6.046507407861519 ], [ -75.684291304646621, 6.046543650237908 ], [ -75.684218844501103, 6.046671464223525 ], [ -75.684182855503096, 6.046817400978028 ], [ -75.684073923500648, 6.046927094718431 ], [ -75.684019618612339, 6.047036626516995 ], [ -75.683965366158333, 6.047164387998389 ], [ -75.683947534331125, 6.047292041308268 ], [ -75.683929646898704, 6.047401465576847 ], [ -75.683893604737804, 6.047529172660422 ], [ -75.683839460279287, 6.047693389717619 ], [ -75.683821626548522, 6.047821044301767 ], [ -75.683785693043376, 6.047985208853053 ], [ -75.683695074752904, 6.048131305039135 ], [ -75.6835497773111, 6.048259334088186 ], [ -75.683349798155902, 6.048369295970275 ], [ -75.683204340106386, 6.04844264095787 ], [ -75.683022408203328, 6.048497864362385 ], [ -75.682749539299408, 6.048589813263856 ], [ -75.682512979902455, 6.048645197105813 ], [ -75.682312839310626, 6.048700473406683 ], [ -75.682112752954609, 6.048773978705686 ], [ -75.681967401238339, 6.048883779038778 ], [ -75.681785952479927, 6.04910305990451 ], [ -75.681713598784086, 6.049267331923165 ], [ -75.681641190770549, 6.049413374877517 ], [ -75.681532311388054, 6.049541296807277 ], [ -75.681387012996694, 6.049669326136282 ], [ -75.68118722049212, 6.049843087322344 ], [ -75.681005878404989, 6.050098824969403 ], [ -75.680860794902088, 6.050299767993756 ], [ -75.680733812608693, 6.050464201065537 ], [ -75.680643194387329, 6.050610297051247 ], [ -75.680461636700841, 6.050793119602211 ], [ -75.68033465418425, 6.050957552008569 ], [ -75.680171521870278, 6.05121323399171 ], [ -75.679989910221366, 6.051377828026734 ], [ -75.679844718199931, 6.051542313429188 ], [ -75.679608372014471, 6.051670610855027 ], [ -75.679444863347328, 6.05179869484795 ], [ -75.679281461158212, 6.051963235723541 ], [ -75.679118113719625, 6.052146003765131 ], [ -75.67895476491482, 6.052328772420363 ], [ -75.678754943852283, 6.052493419243028 ], [ -75.678627907503028, 6.052639623018337 ], [ -75.678391882552589, 6.052877290883902 ], [ -75.678246741966376, 6.053060005813045 ], [ -75.67815617754988, 6.0532243307523 ], [ -75.678065505324156, 6.053352199392954 ], [ -75.677865362871231, 6.053407474617707 ], [ -75.677756534142617, 6.053553624056924 ], [ -75.677611233774883, 6.053681654136263 ], [ -75.677538825499866, 6.053827696962362 ], [ -75.677320578637946, 6.053919481972532 ], [ -75.677138483935167, 6.05392001798128 ], [ -75.677010911442949, 6.053883936199984 ], [ -75.676846811947883, 6.05381150461179 ], [ -75.676664450248467, 6.053720897431898 ], [ -75.676464038547351, 6.053685030450957 ], [ -75.676099635742801, 6.053613187227764 ], [ -75.675826548429058, 6.053632219043887 ], [ -75.675662663668632, 6.053632700978824 ], [ -75.675498778264185, 6.053633182866154 ], [ -75.675334839999095, 6.053615436212763 ], [ -75.675152638275961, 6.053579513914826 ], [ -75.674970437192229, 6.053543591547346 ], [ -75.674788022283721, 6.053434755135108 ], [ -75.674532982581923, 6.053399047287407 ], [ -75.674187108610496, 6.053436520788331 ], [ -75.673859819784056, 6.053601541372817 ], [ -75.673368538276321, 6.053730585420354 ], [ -75.673004615915886, 6.053822797869497 ], [ -75.672822841868168, 6.053932703488236 ], [ -75.672568176163111, 6.054024595601089 ], [ -75.672368244659225, 6.054152783072126 ], [ -75.672168367692421, 6.054299200269782 ], [ -75.671986754019343, 6.054463791877769 ], [ -75.671859607107322, 6.054573536989611 ], [ -75.671805459186416, 6.054737754576873 ], [ -75.671751310615548, 6.054901972799627 ], [ -75.671751630837434, 6.055011345184553 ], [ -75.671806633367709, 6.055138785802701 ], [ -75.671806953609675, 6.055248156920907 ], [ -75.671807380613615, 6.055393986972053 ], [ -75.671771334724497, 6.055521694105988 ], [ -75.671771815111427, 6.055685751415147 ], [ -75.671790505599603, 6.055849755286964 ], [ -75.671827350933228, 6.055995477832994 ], [ -75.671791359687248, 6.056141412858924 ], [ -75.671809996218599, 6.056287188204763 ], [ -75.671883153795477, 6.05639634681669 ], [ -75.67204741407339, 6.056523465420423 ], [ -75.672156939184944, 6.056614287287694 ], [ -75.672284726589069, 6.056723285443439 ], [ -75.672394250517314, 6.056814107876214 ], [ -75.672485725858479, 6.05695966864916 ], [ -75.672559045182155, 6.057123512639624 ], [ -75.672577842269959, 6.057323973425639 ], [ -75.672560113541067, 6.057488084766423 ], [ -75.672560701165153, 6.057688599023709 ], [ -75.672506605573417, 6.05787104646744 ], [ -75.672379565646835, 6.058017248893606 ], [ -75.672239683281759, 6.058130678546654 ], [ -75.672167271201886, 6.058276721173179 ], [ -75.672185908055894, 6.058422497080969 ], [ -75.67222270168395, 6.058549989733404 ], [ -75.672314178035421, 6.058695551722977 ], [ -75.672369126592329, 6.058804762363952 ], [ -75.672496967454038, 6.058931988196665 ], [ -75.67258828491893, 6.059022865198767 ], [ -75.672697916321724, 6.059150143815213 ], [ -75.672734709524249, 6.05927763638709 ], [ -75.672735030175403, 6.059387008070889 ], [ -75.672699038575743, 6.059532944399688 ], [ -75.672626520925107, 6.059642529443128 ], [ -75.672499318545633, 6.059734047093919 ], [ -75.67235380218915, 6.059789160552338 ], [ -75.672226494754611, 6.059844221759665 ], [ -75.672044611303818, 6.059917670005639 ], [ -75.671899201665354, 6.060009241029469 ], [ -75.671771894114727, 6.060064303417896 ], [ -75.671644747391696, 6.060174048809337 ], [ -75.67151749190333, 6.060247336520259 ], [ -75.671444973918653, 6.06035692275297 ], [ -75.671372508681287, 6.060484736873768 ], [ -75.671391145557777, 6.060630512202554 ], [ -75.671336889912013, 6.060758272865403 ], [ -75.67122795258264, 6.060867966020762 ], [ -75.671155433844689, 6.06097755098844 ], [ -75.671119282218996, 6.061068801143872 ], [ -75.671101445770674, 6.061196454889668 ], [ -75.671065453708636, 6.061342390615838 ], [ -75.670992934262983, 6.06145197558698 ], [ -75.670883943344208, 6.061543440201351 ], [ -75.670775005779547, 6.061653132065032 ], [ -75.670666013517661, 6.061744596027392 ], [ -75.670575232147598, 6.061836006527184 ], [ -75.670447977383006, 6.061909295381369 ], [ -75.670357408860369, 6.06207362060653 ], [ -75.670248791386243, 6.062292683591615 ], [ -75.670303740770038, 6.062401895703058 ], [ -75.670449685878665, 6.062492610777266 ], [ -75.670595738457934, 6.062619782848362 ], [ -75.670650793496861, 6.062765452581615 ], [ -75.670651274123699, 6.06292950993776 ], [ -75.670633492910753, 6.063075392224189 ], [ -75.670633866746016, 6.063202992530154 ], [ -75.67063434740642, 6.063367051147868 ], [ -75.670652929720518, 6.063494597361281 ], [ -75.670671513943205, 6.063622143565723 ], [ -75.67072657106651, 6.063767813880112 ], [ -75.670781628222585, 6.063913482286249 ], [ -75.670818367574682, 6.064022746479854 ], [ -75.670873424166061, 6.064168414864053 ], [ -75.670873958395788, 6.064350700716155 ], [ -75.670838019706338, 6.06451486563568 ], [ -75.670802081634534, 6.064679029292925 ], [ -75.670784299269172, 6.064824912214934 ], [ -75.670766462848206, 6.06495256661745 ], [ -75.670766943686516, 6.065116624582885 ], [ -75.670803791300443, 6.065262345792828 ], [ -75.670858848101076, 6.065408014140345 ], [ -75.670913904939994, 6.06555368247383 ], [ -75.671023538391282, 6.065680961787496 ], [ -75.671169751829893, 6.065862819618513 ], [ -75.671243179612318, 6.066063121192506 ], [ -75.671334816641931, 6.066263367969444 ], [ -75.67144455791329, 6.06642710542344 ], [ -75.671517824257648, 6.066572720106151 ], [ -75.6715910919104, 6.066718334764349 ], [ -75.671664307399269, 6.066845720884491 ], [ -75.671701100114106, 6.06697321468614 ], [ -75.67168331808243, 6.067119096951163 ], [ -75.671629116999256, 6.067265086276237 ], [ -75.671556650681069, 6.067392899991848 ], [ -75.671484132123325, 6.067502485187966 ], [ -75.671302728053249, 6.067739993031314 ], [ -75.671248739451045, 6.067958897058574 ], [ -75.671212961335371, 6.068177748196319 ], [ -75.671231865700378, 6.068414666016704 ], [ -75.671287084834447, 6.06861502036546 ], [ -75.671433459839449, 6.068851564050366 ], [ -75.671561624452949, 6.069088160574694 ], [ -75.67167152768684, 6.069306582701035 ], [ -75.671817795468542, 6.069506670427689 ], [ -75.671927612044641, 6.069695925323444 ], [ -75.672055456065181, 6.069823150567739 ], [ -75.672165412585244, 6.070059801005829 ], [ -75.672239108658488, 6.070351245965195 ], [ -75.672312644888123, 6.070588002216688 ], [ -75.672386234113333, 6.070842988839793 ], [ -75.67240497940665, 6.071025221556443 ], [ -75.672405728904707, 6.071280421242893 ], [ -75.672315535618267, 6.071572347157979 ], [ -75.672188814586733, 6.0718279219879 ], [ -75.672025511608297, 6.072028919104007 ], [ -75.671898523363936, 6.072193352016448 ], [ -75.671789638004725, 6.072321273058741 ], [ -75.671662648996261, 6.072485705321213 ], [ -75.671572132854038, 6.0726682595676 ], [ -75.671463461412671, 6.072869095894724 ], [ -75.671373266272525, 6.073161021210645 ], [ -75.671319546592258, 6.07347106915725 ], [ -75.671302246389658, 6.073781009331043 ], [ -75.671284945582642, 6.074090949507944 ], [ -75.671340594087923, 6.074437132377337 ], [ -75.671450711137254, 6.074728467662567 ], [ -75.671469563676524, 6.074947158085315 ], [ -75.671451888957677, 6.07512949803823 ], [ -75.671452584974162, 6.07536646866464 ], [ -75.671453120394062, 6.075548755023181 ], [ -75.671471865957642, 6.07573098778202 ], [ -75.671454084187985, 6.075876869455339 ], [ -75.671436515979238, 6.076095667063015 ], [ -75.671418894860011, 6.07629623552965 ], [ -75.67145585128921, 6.076478415306248 ], [ -75.67149291422993, 6.076697050197328 ], [ -75.671548133206699, 6.076897404853039 ], [ -75.6715486152317, 6.077061461422613 ], [ -75.671530941918121, 6.077243801372152 ], [ -75.671531638218738, 6.077480773865513 ], [ -75.671568754299443, 6.0777176378582 ], [ -75.671605818133571, 6.07793627395889 ], [ -75.671679356009449, 6.078173031931851 ], [ -75.67186206952799, 6.078380301583959 ], [ -75.671971598730138, 6.078471122276881 ], [ -75.672154559628211, 6.078762242497255 ], [ -75.67224620033187, 6.078962489644919 ], [ -75.672356106218217, 6.079180910963462 ], [ -75.672447747096925, 6.07938115740458 ], [ -75.672557651917899, 6.079599577376378 ], [ -75.672612820738962, 6.079781702587645 ], [ -75.67266804197277, 6.079982056281814 ], [ -75.672705213882864, 6.080237151018171 ], [ -75.672815279956268, 6.080510256972467 ], [ -75.67290686770113, 6.080692274730044 ], [ -75.67305319555895, 6.08091058834372 ], [ -75.67318141866042, 6.081165411944518 ], [ -75.673273221304669, 6.081420344163941 ], [ -75.673365025322383, 6.081675275707905 ], [ -75.673474985472438, 6.081911924373991 ], [ -75.673566520729679, 6.082075713402464 ], [ -75.673676265747289, 6.082239448671896 ], [ -75.673840696774931, 6.0824212505403 ], [ -75.673968759039454, 6.08262138767321 ], [ -75.674133297690162, 6.082839647618616 ], [ -75.674297943891986, 6.083094363804626 ], [ -75.674462589003753, 6.083349079269968 ], [ -75.674627289276998, 6.083622025008601 ], [ -75.674828625404501, 6.083967776349226 ], [ -75.674993056774696, 6.08414957761882 ], [ -75.675066436338454, 6.084331648425163 ], [ -75.675176290492772, 6.084531840077485 ], [ -75.675286144109378, 6.084732031055147 ], [ -75.675432528036936, 6.084968571292944 ], [ -75.675597283828523, 6.08525974492748 ], [ -75.675707137798881, 6.085459936366373 ], [ -75.675871623758937, 6.085659964995056 ], [ -75.676017953212821, 6.085878277737962 ], [ -75.676182440063627, 6.086078306834981 ], [ -75.676292294465199, 6.086278498048809 ], [ -75.676402096420816, 6.08646046201839 ], [ -75.676438947773633, 6.086606181961525 ], [ -75.676603488856614, 6.086824439914036 ], [ -75.676658819239918, 6.08706124886 ], [ -75.67669577839014, 6.087243426926854 ], [ -75.676732576732732, 6.087370918986075 ], [ -75.676805848619523, 6.08751653173238 ], [ -75.676933808353084, 6.087680211241793 ], [ -75.6770801927631, 6.087916751877138 ], [ -75.677135362675017, 6.088098875958998 ], [ -75.676943746305497, 6.088651795057505 ], [ -75.676667846556057, 6.089320167365937 ], [ -75.676447027435557, 6.089821488043885 ], [ -75.676170962495306, 6.090434231107373 ], [ -75.675782925539679, 6.090769155334481 ], [ -75.675450790737614, 6.091215174874538 ], [ -75.675173738920392, 6.091494143312133 ], [ -75.674729633772003, 6.091662345452526 ], [ -75.674341266692267, 6.091886012962462 ], [ -75.673676010825773, 6.092444276965843 ], [ -75.673597084337416, 6.092511831988752 ], [ -75.673420208176225, 6.09286855786932 ], [ -75.673420948841269, 6.093119679165344 ], [ -75.673494002256234, 6.093585830020949 ], [ -75.673566951960993, 6.094016108518403 ], [ -75.673711367463127, 6.094374425415356 ], [ -75.673855783210755, 6.094732742850546 ], [ -75.674035931377801, 6.09505508128418 ], [ -75.674144614808242, 6.095449378074509 ], [ -75.674216823018057, 6.095628536979643 ], [ -75.674217882122775, 6.095987278174881 ], [ -75.674254673509594, 6.096310040426207 ], [ -75.674399408878088, 6.096775979364129 ], [ -75.674543505709522, 6.097026675042478 ], [ -75.674687713074775, 6.097313243541898 ], [ -75.674796183979922, 6.097635792855112 ], [ -75.674976231199722, 6.0979222551037 ], [ -75.675192328284666, 6.098280359450854 ], [ -75.675300800442855, 6.098602909151669 ], [ -75.675337593044262, 6.098925671084139 ], [ -75.675374388255051, 6.099248430466027 ], [ -75.675483073611417, 6.099642728349348 ], [ -75.675519441642223, 6.099821992331762 ], [ -75.675591864643593, 6.100072900950089 ], [ -75.675635325508992, 6.100159266407541 ], [ -75.67577212366028, 6.100431109627653 ], [ -75.67595248844934, 6.10082519358814 ], [ -75.676419677206624, 6.101254301595755 ], [ -75.676671297563175, 6.101504676052478 ], [ -75.676959077719502, 6.101862566406986 ], [ -75.677139444028143, 6.102256650861388 ], [ -75.67731970631209, 6.102614859793416 ], [ -75.677500073876971, 6.103008943348804 ], [ -75.677681078789632, 6.10361827144283 ], [ -75.677789554843287, 6.103940819911386 ], [ -75.677933975969012, 6.104299133498898 ], [ -75.678042984636249, 6.104801051088877 ], [ -75.678151780315915, 6.105231220394209 ], [ -75.678296310476384, 6.105625409070665 ], [ -75.678404999054962, 6.10601970475539 ], [ -75.678405817916655, 6.106295870702745 ], [ -75.67840595639548, 6.106342572247954 ], [ -75.678586646432464, 6.106844277759578 ], [ -75.678608667866825, 6.106931347249684 ], [ -75.678659177681467, 6.107131055590393 ], [ -75.678767761940833, 6.107489476941126 ], [ -75.678912292284252, 6.107883665149068 ], [ -75.678877729428748, 6.108314259439602 ], [ -75.678663753658583, 6.108673639521296 ], [ -75.678413616951133, 6.10892550383932 ], [ -75.67805596071851, 6.109177686978491 ], [ -75.677805718352218, 6.109393676407233 ], [ -75.677601910913197, 6.109745787353855 ], [ -75.677556112777694, 6.109824911672685 ], [ -75.677342455398346, 6.110291915183836 ], [ -75.67723589062615, 6.110615099697387 ], [ -75.677165380102508, 6.111009928492734 ], [ -75.676987349119571, 6.111405074189076 ], [ -75.676738168982951, 6.111979807187069 ], [ -75.67663181772707, 6.112374739345867 ], [ -75.676632881371262, 6.112733479900108 ], [ -75.6765269542488, 6.113271911094138 ], [ -75.676456124851882, 6.113559116360552 ], [ -75.676492711248727, 6.113810130616244 ], [ -75.676529400934413, 6.114097017091975 ], [ -75.676566839871441, 6.114635021096433 ], [ -75.676604062419855, 6.115101276217256 ], [ -75.676605126523327, 6.115460016740855 ], [ -75.676606190694116, 6.11581875852238 ], [ -75.676571628361216, 6.116249354418297 ], [ -75.676538669457344, 6.116659937093534 ], [ -75.676537062275131, 6.116679949699861 ], [ -75.676287456188135, 6.117111184772313 ], [ -75.676170254660889, 6.117170275514301 ], [ -75.67600115520024, 6.117255533357575 ], [ -75.675607333597, 6.117400200643814 ], [ -75.675249245519765, 6.11750888773452 ], [ -75.674819474378069, 6.117617788757652 ], [ -75.67442533117422, 6.117654832248682 ], [ -75.673923987360382, 6.117799820219378 ], [ -75.673601844868941, 6.11794427162959 ], [ -75.673458798328639, 6.118052318909424 ], [ -75.67324439312624, 6.118268202603279 ], [ -75.673065825486361, 6.118483978672824 ], [ -75.673062995784392, 6.118488255840866 ], [ -75.673004602476865, 6.118576491067014 ], [ -75.67292309925358, 6.118699649657096 ], [ -75.672780372284308, 6.11891531937065 ], [ -75.672709435205704, 6.119166649987324 ], [ -75.672710284978137, 6.11945364404713 ], [ -75.672746975772625, 6.119740531775193 ], [ -75.672891295880135, 6.120062972114244 ], [ -75.672964041055167, 6.120421501146573 ], [ -75.672965634990291, 6.120959613099526 ], [ -75.673110484633597, 6.121461425992987 ], [ -75.673255126467296, 6.121891490423987 ], [ -75.673363286419402, 6.122106415564339 ], [ -75.673435712918248, 6.122357321238709 ], [ -75.673436669853146, 6.122680189324932 ], [ -75.673437414171701, 6.122931309085207 ], [ -75.673438477533452, 6.123290050062398 ], [ -75.673475274578422, 6.123612810433983 ], [ -75.673548128837751, 6.12400721327095 ], [ -75.673620768646856, 6.124329869021068 ], [ -75.673801145229589, 6.124723949806938 ], [ -75.673945574418383, 6.125082264706911 ], [ -75.674017788474714, 6.125261422439383 ], [ -75.674161898751237, 6.12551211602705 ], [ -75.674270272369398, 6.125798788961596 ], [ -75.674450756608948, 6.126228745290092 ], [ -75.674559451917617, 6.126623040485963 ], [ -75.674775885373123, 6.1270887647437 ], [ -75.674812684057585, 6.127411527230215 ], [ -75.674813855624251, 6.127806139513066 ], [ -75.674850976571548, 6.12823652371965 ], [ -75.674887988604453, 6.128631030624216 ], [ -75.674889160470613, 6.129025646031945 ], [ -75.674961697208033, 6.129312425134721 ], [ -75.675034445912871, 6.129670952457218 ], [ -75.675035404960553, 6.129993820205488 ], [ -75.67507199319121, 6.130244831772309 ], [ -75.675072952348145, 6.130567698245244 ], [ -75.67514548834518, 6.130854479757382 ], [ -75.67525375703039, 6.131105279169375 ], [ -75.675326081301677, 6.131320308581696 ], [ -75.67561387997155, 6.131678195373897 ], [ -75.675721726332114, 6.131785497503746 ], [ -75.67582967812433, 6.131928673711435 ], [ -75.676117266033629, 6.132214811843912 ], [ -75.676548860321503, 6.132715767737658 ], [ -75.676733416532159, 6.133001242563214 ], [ -75.676872929396268, 6.133217044226598 ], [ -75.677160838888511, 6.133610803076301 ], [ -75.677232734833268, 6.133682337506059 ], [ -75.677412585983248, 6.133897046948285 ], [ -75.67770006713981, 6.134147310282696 ], [ -75.677951388077474, 6.134290058748366 ], [ -75.678059019864065, 6.134325610752374 ], [ -75.678310767763577, 6.134611853983003 ], [ -75.678419254621389, 6.134934400251186 ], [ -75.678491579711832, 6.135149431272797 ], [ -75.678492541698319, 6.135472296516316 ], [ -75.678350134663617, 6.135795590340916 ], [ -75.678136046696977, 6.136119099374522 ], [ -75.678077918272422, 6.136265819320936 ], [ -75.677922595945859, 6.136657853416434 ], [ -75.677851981882384, 6.137016807369662 ], [ -75.677872686254545, 6.13725681900636 ], [ -75.677889107760308, 6.137447188535123 ], [ -75.67781838555257, 6.137770266551641 ], [ -75.677676405980733, 6.138237057963032 ], [ -75.677570482192422, 6.138775490549637 ], [ -75.677357247993939, 6.139385991605657 ], [ -75.677251643959892, 6.140032043310324 ], [ -75.677252819760326, 6.140426657466787 ], [ -75.677397045410231, 6.140713223928991 ], [ -75.677756537741871, 6.141070893755103 ], [ -75.678043916129354, 6.141285279853044 ], [ -75.678223448050332, 6.14139236606583 ], [ -75.678438823635162, 6.141499347003094 ], [ -75.67869004162273, 6.141606219463043 ], [ -75.678941152028628, 6.141677219003068 ], [ -75.679192474667687, 6.141819963327428 ], [ -75.679408171735801, 6.142034565240735 ], [ -75.679516983726415, 6.142464730831794 ], [ -75.6794464768507, 6.142859558877607 ], [ -75.679304286331785, 6.143254600657517 ], [ -75.679126786705055, 6.143829121059614 ], [ -75.6788769606367, 6.144188612230845 ], [ -75.678770503765634, 6.144547673475049 ], [ -75.67859246812661, 6.144942824356132 ], [ -75.678092171303433, 6.14544655976907 ], [ -75.677985393352955, 6.145697998885975 ], [ -75.677986570792527, 6.146092614713279 ], [ -75.677986938865743, 6.14621596818596 ], [ -75.677987320100527, 6.146343729912669 ], [ -75.678204195602973, 6.146952945813684 ], [ -75.67837265834352, 6.147420639188024 ], [ -75.678384906469589, 6.147454646553303 ], [ -75.678421287215031, 6.147633909564849 ], [ -75.678421929824111, 6.147849154443747 ], [ -75.678387262685263, 6.148243875471611 ], [ -75.678363336291412, 6.148332731010804 ], [ -75.678280914355113, 6.148638810267144 ], [ -75.678139149633907, 6.149177350985031 ], [ -75.678069177011011, 6.149751547581523 ], [ -75.677998884943122, 6.150218124579983 ], [ -75.678035690703069, 6.150540884405871 ], [ -75.678143862974565, 6.150755807626158 ], [ -75.67832350509255, 6.150898766350572 ], [ -75.67861099962694, 6.151149025931719 ], [ -75.67879075107534, 6.151327860348861 ], [ -75.678934870896924, 6.151578549401577 ], [ -75.679187060464201, 6.152008287798889 ], [ -75.679331398339002, 6.152330721515238 ], [ -75.679511684872352, 6.152688926232681 ], [ -75.679584658234106, 6.1531191984262 ], [ -75.67944257307127, 6.153550115432456 ], [ -75.679407803931085, 6.153908962321282 ], [ -75.679408876716849, 6.154267701845946 ], [ -75.679409627708125, 6.154518820583661 ], [ -75.679482385765922, 6.154877345328842 ], [ -75.679488764223152, 6.154890021359822 ], [ -75.679662674315082, 6.155235548449873 ], [ -75.679771063882086, 6.155522219533633 ], [ -75.679843715139455, 6.155844869481726 ], [ -75.679809052604128, 6.156239589714847 ], [ -75.679773961976395, 6.156490817082911 ], [ -75.679734322048603, 6.156624512352966 ], [ -75.679667504179406, 6.156849878833821 ], [ -75.679597106245353, 6.157280579906939 ], [ -75.679490971606583, 6.157747264340081 ], [ -75.679492259836991, 6.158177753080292 ], [ -75.679457704695039, 6.158608348636303 ], [ -75.679387306092096, 6.159039051023658 ], [ -75.679388594503706, 6.159469537239932 ], [ -75.679389453505195, 6.159756531203726 ], [ -75.679389602980194, 6.159806469687386 ], [ -75.679390527301621, 6.160115269392392 ], [ -75.679427446015922, 6.160473901352788 ], [ -75.679392889890494, 6.160904497557169 ], [ -75.679393641682282, 6.161155613710463 ], [ -75.679287400187832, 6.161586424275196 ], [ -75.679288581653609, 6.161981038990678 ], [ -75.679253381150559, 6.162196389909287 ], [ -75.679254884961239, 6.162698625381076 ], [ -75.679255729105819, 6.162980530460089 ], [ -75.679255851767607, 6.163021492705152 ], [ -75.679364566733881, 6.163415781663435 ], [ -75.67943700643869, 6.163666686511267 ], [ -75.679491939315255, 6.163703101903124 ], [ -75.679599699551545, 6.163774536057538 ], [ -75.679652497208195, 6.16380953723132 ], [ -75.679904263731018, 6.164095775597307 ], [ -75.68001233204798, 6.164274822180555 ], [ -75.68015624618468, 6.164453761747453 ], [ -75.680264529724496, 6.164704557472884 ], [ -75.680373029084222, 6.165027098589011 ], [ -75.680447369697347, 6.165199279631235 ], [ -75.680481314789333, 6.165277892940431 ], [ -75.680590459223083, 6.165815679715365 ], [ -75.680734909430356, 6.166173988217523 ], [ -75.68105879557244, 6.166603506102604 ], [ -75.681176143949941, 6.166720248940312 ], [ -75.681274506408926, 6.166818104917677 ], [ -75.681454695088547, 6.167140430068425 ], [ -75.681670941488875, 6.167534398422543 ], [ -75.681779442012385, 6.167856938852907 ], [ -75.681851776216874, 6.168071967034745 ], [ -75.681959954566437, 6.168286886770353 ], [ -75.681960600781608, 6.168502132376137 ], [ -75.681961354723683, 6.168753250668875 ], [ -75.681962539544188, 6.169147862237807 ], [ -75.681963939889087, 6.169614222332793 ], [ -75.681929281961089, 6.170008943597711 ], [ -75.681930143802717, 6.170295934567722 ], [ -75.681930682475738, 6.170475304317087 ], [ -75.681931328910025, 6.17069054990866 ], [ -75.68193251408313, 6.171085161455476 ], [ -75.681933268326105, 6.17133627846524 ], [ -75.681969865636717, 6.171587290155429 ], [ -75.68200667978995, 6.171910044670277 ], [ -75.681900227, 6.17226910706929 ], [ -75.68186535003619, 6.172592081096813 ], [ -75.681758680960129, 6.172879395621518 ], [ -75.681652225443457, 6.173238458690928 ], [ -75.681510140934051, 6.173669377530384 ], [ -75.681494580093798, 6.173846597910799 ], [ -75.681475482541103, 6.174064098235217 ], [ -75.681476056006289, 6.174254989916168 ], [ -75.681477314704239, 6.17467395669264 ], [ -75.68140691903227, 6.175104659862214 ], [ -75.681372690002434, 6.175642876401461 ], [ -75.681409505982657, 6.175965631560416 ], [ -75.681446534529201, 6.176360139031818 ], [ -75.681555255637591, 6.176754426237547 ], [ -75.681627914123922, 6.177077075305633 ], [ -75.681736418701064, 6.177399618927133 ], [ -75.681880875383143, 6.177757926590672 ], [ -75.68206096190751, 6.17804437642306 ], [ -75.682277650584197, 6.17858183694608 ], [ -75.682360583255686, 6.17879571887558 ], [ -75.682458277921739, 6.17904765804715 ], [ -75.682638687889764, 6.179441731783726 ], [ -75.682819100067675, 6.179835802221962 ], [ -75.682963448622203, 6.180158236550799 ], [ -75.683251397270766, 6.180551983112288 ], [ -75.683540100083363, 6.181196849918731 ], [ -75.683642109138617, 6.181359107367541 ], [ -75.683900277506723, 6.181769749739203 ], [ -75.684152273585823, 6.18212773091706 ], [ -75.684332254489874, 6.1823783078726 ], [ -75.684440438116113, 6.182593228510065 ], [ -75.684620851247843, 6.182987297045557 ], [ -75.684693405794746, 6.183274071036955 ], [ -75.684838192005401, 6.183739999799283 ], [ -75.68491118020907, 6.184170269843143 ], [ -75.684947892013682, 6.184457150705942 ], [ -75.68505726669197, 6.185066681767122 ], [ -75.685058348758417, 6.185425419887665 ], [ -75.685059755542966, 6.185891780257808 ], [ -75.685024991271774, 6.186250626680962 ], [ -75.684918646007262, 6.18664556549648 ], [ -75.684991418809176, 6.187004086985866 ], [ -75.684997228382358, 6.187027041445265 ], [ -75.685063976539226, 6.187290859424195 ], [ -75.68532266611281, 6.187496696864265 ], [ -75.685423294962334, 6.187576766303877 ], [ -75.685818999975353, 6.188041936897655 ], [ -75.685998551575523, 6.188149015200324 ], [ -75.686321917976997, 6.18839915700617 ], [ -75.686501793598239, 6.188613855988319 ], [ -75.686789749318308, 6.189007602443493 ], [ -75.687005689460619, 6.189293941594993 ], [ -75.687039291830928, 6.189344057654296 ], [ -75.68722173575506, 6.189616153171613 ], [ -75.687365770570068, 6.189830962683391 ], [ -75.687689680351824, 6.190260471691218 ], [ -75.687941357273886, 6.190510827813274 ], [ -75.688193358724789, 6.190868806456269 ], [ -75.688409191955188, 6.191119270817698 ], [ -75.688624807029157, 6.19129798869464 ], [ -75.688948394335711, 6.191619871861427 ], [ -75.689056581799946, 6.191834789888535 ], [ -75.689201159834553, 6.19222896561153 ], [ -75.689453271731878, 6.192622818253763 ], [ -75.689669214999853, 6.192909154269195 ], [ -75.689956413764705, 6.193051778765497 ], [ -75.690315412551314, 6.19323005863583 ], [ -75.690602287953865, 6.193265063277327 ], [ -75.690925003896638, 6.193299957045646 ], [ -75.691139862455842, 6.193227555865839 ], [ -75.691570008808156, 6.193226249568369 ], [ -75.691943035909986, 6.193259045260397 ], [ -75.691964417053597, 6.193260926832096 ], [ -75.692323308121217, 6.193403334548648 ], [ -75.692825691144222, 6.193581177337411 ], [ -75.692902801206472, 6.193615972840512 ], [ -75.693220534490067, 6.193759346562917 ], [ -75.693543690646379, 6.193937734086514 ], [ -75.693795155155513, 6.194116338808371 ], [ -75.694010771688411, 6.194295052431293 ], [ -75.694369881075346, 6.194509203305927 ], [ -75.694549435547799, 6.194616278939797 ], [ -75.694800791621432, 6.194759009950097 ], [ -75.695051820654101, 6.194794119117137 ], [ -75.695302847173949, 6.19482923068972 ], [ -75.695553768391349, 6.194828466552433 ], [ -75.69594839493098, 6.194934884657073 ], [ -75.696128277762895, 6.195149579999555 ], [ -75.69630827052714, 6.195400150164883 ], [ -75.696344881478382, 6.195651155298183 ], [ -75.696417772308564, 6.19604554960695 ], [ -75.696526511537911, 6.196439830181806 ], [ -75.696706612981188, 6.196726272432702 ], [ -75.69685152291936, 6.197228065773981 ], [ -75.697104081732874, 6.197765404668427 ], [ -75.697212602984592, 6.198087939464632 ], [ -75.697321125042237, 6.198410473567257 ], [ -75.697465708539426, 6.198804646790474 ], [ -75.697646030776738, 6.199162835623468 ], [ -75.6978261340318, 6.199449277068698 ], [ -75.69793498618975, 6.19987943237172 ], [ -75.698151810712801, 6.200452754418624 ], [ -75.698296396973461, 6.200846924552046 ], [ -75.698692233091478, 6.201347951543941 ], [ -75.699339102897198, 6.201884082952187 ], [ -75.699662482893402, 6.202134212696127 ], [ -75.699985645398513, 6.202312594349664 ], [ -75.700416454510275, 6.202526518548108 ], [ -75.700919173307085, 6.202811973900086 ], [ -75.701283329519384, 6.202950863729413 ], [ -75.701385722660191, 6.202989916377284 ], [ -75.701636972745192, 6.203096767775769 ], [ -75.70181686037381, 6.203311459806766 ], [ -75.701996858460731, 6.203562025285621 ], [ -75.702212812531627, 6.203848354425663 ], [ -75.702428766228238, 6.204134685309999 ], [ -75.702573358343415, 6.204528853130959 ], [ -75.702538610149759, 6.20488769770537 ], [ -75.70248417095074, 6.205145793479989 ], [ -75.702432606636592, 6.205390257988981 ], [ -75.702182889501358, 6.205785633775314 ], [ -75.701968470989073, 6.206001535778789 ], [ -75.701575371280555, 6.206397350635857 ], [ -75.701289587438367, 6.206721091470886 ], [ -75.70082511982848, 6.207224748809566 ], [ -75.700754523703097, 6.207583703338599 ], [ -75.700469288929781, 6.208086808710362 ], [ -75.700255088766397, 6.208374457574202 ], [ -75.700040885222421, 6.208662102630242 ], [ -75.699647562396294, 6.208986173525251 ], [ -75.699325710388223, 6.20923827267001 ], [ -75.699075770321713, 6.209561903346845 ], [ -75.698825720393572, 6.209849659119655 ], [ -75.698647364664367, 6.21013719807177 ], [ -75.698576877936631, 6.210532025093247 ], [ -75.698653217418467, 6.210758903724507 ], [ -75.698685404009282, 6.210854559794772 ], [ -75.698901358745516, 6.211140889911544 ], [ -75.699009776227342, 6.211427547703625 ], [ -75.699297756878678, 6.211821281419745 ], [ -75.699550217096473, 6.212322739684701 ], [ -75.699695140151718, 6.212824532049606 ], [ -75.699803776108837, 6.213182937883062 ], [ -75.699912745194055, 6.213648964363045 ], [ -75.699950127463154, 6.214151084594928 ], [ -75.700022699008557, 6.214437852916728 ], [ -75.699987838506431, 6.214760824882344 ], [ -75.700096916927919, 6.215262726638766 ], [ -75.700097904742904, 6.215585586863011 ], [ -75.700206432859972, 6.21590811879253 ], [ -75.700314851998982, 6.216194777096025 ], [ -75.700495404494148, 6.216624709818959 ], [ -75.70074798027764, 6.217162043875586 ], [ -75.701000228370631, 6.217591757014969 ], [ -75.701108648479433, 6.21787841493699 ], [ -75.701288982071844, 6.218236600591993 ], [ -75.701397731620062, 6.218630878999249 ], [ -75.70139872077975, 6.218953742762974 ], [ -75.701291949299915, 6.219205185623906 ], [ -75.701221023035586, 6.219456519770468 ], [ -75.701100233942995, 6.219700145074665 ], [ -75.7010785153971, 6.219743949951901 ], [ -75.700721031623843, 6.22006790972442 ], [ -75.700578413083221, 6.220319463800834 ], [ -75.700400165010123, 6.22064287620498 ], [ -75.700329349407937, 6.220930083932448 ], [ -75.700258642382991, 6.221253167123582 ], [ -75.700260400417875, 6.221827141521814 ], [ -75.700225653155641, 6.222185986425917 ], [ -75.70044183522495, 6.222544061485475 ], [ -75.700549817731087, 6.222687226344021 ], [ -75.700729934239121, 6.222973664704696 ], [ -75.700945899039112, 6.223259992283232 ], [ -75.701049285286501, 6.223397066975629 ], [ -75.701269846397921, 6.223689484313972 ], [ -75.701414114345368, 6.223976034209251 ], [ -75.701594670666466, 6.224405962994179 ], [ -75.701667467216936, 6.224764477441731 ], [ -75.701680137276256, 6.224863434963464 ], [ -75.701740923562653, 6.2253382342724 ], [ -75.701957877561966, 6.225947422094986 ], [ -75.702066082124247, 6.226162332113034 ], [ -75.702317676062378, 6.226376803900919 ], [ -75.702533752282136, 6.226699002461906 ], [ -75.702597367407208, 6.22676227479257 ], [ -75.702749498373436, 6.226913583500622 ], [ -75.703073009236604, 6.22719957814299 ], [ -75.703288864669688, 6.227450031084221 ], [ -75.703290076786146, 6.227844640798725 ], [ -75.703291178774691, 6.228203375749626 ], [ -75.703220696130074, 6.228598201603148 ], [ -75.703114695663174, 6.229100763928415 ], [ -75.702794271130145, 6.229819223906592 ], [ -75.702607447520577, 6.230077958429199 ], [ -75.702508699631608, 6.230214714609801 ], [ -75.70240181704429, 6.230430286437212 ], [ -75.702259416359084, 6.230753587157096 ], [ -75.702188603170796, 6.231040797642535 ], [ -75.70215832294457, 6.231289422892079 ], [ -75.702153635381165, 6.231327895359868 ], [ -75.702047304040889, 6.231722832869231 ], [ -75.702013110051297, 6.232261047706729 ], [ -75.701975415055813, 6.232452723416699 ], [ -75.7019425158378, 6.232620002735541 ], [ -75.701907769045775, 6.232978848138178 ], [ -75.701909091408623, 6.233409329661672 ], [ -75.70191063428129, 6.233911557570622 ], [ -75.701947474996658, 6.234234308247473 ], [ -75.701912838606631, 6.234629026536194 ], [ -75.702023029534487, 6.235489658559885 ], [ -75.702203924106342, 6.23602720947753 ], [ -75.7023319678853, 6.236376230288183 ], [ -75.702348530345773, 6.236421378482522 ], [ -75.702529425778351, 6.236958926576204 ], [ -75.702710212643481, 6.237460602267948 ], [ -75.702926847741338, 6.237962169268059 ], [ -75.70339508222213, 6.238678201827703 ], [ -75.703755334092065, 6.239251073792946 ], [ -75.704008041294784, 6.23982427312459 ], [ -75.704295490366434, 6.240038630803397 ], [ -75.704511246368398, 6.240253207515618 ], [ -75.70469070879011, 6.240324401512627 ], [ -75.704798918795348, 6.240539312331279 ], [ -75.704978713582136, 6.240718125273865 ], [ -75.705087143015035, 6.241004780350874 ], [ -75.705231864734444, 6.241434820390275 ], [ -75.70539161702078, 6.241815181339945 ], [ -75.705412434128277, 6.241864747134969 ], [ -75.705700216732424, 6.242186720105831 ], [ -75.705844496320523, 6.242473264131405 ], [ -75.706095992072747, 6.242651858772259 ], [ -75.706490878884523, 6.242830007724738 ], [ -75.706777890275532, 6.242900866519925 ], [ -75.707136597793365, 6.242971505433932 ], [ -75.707531155908427, 6.243042033241792 ], [ -75.707817832576083, 6.243005274384235 ], [ -75.708175986129731, 6.242896544331629 ], [ -75.708498404194245, 6.242823801498805 ], [ -75.709035799214561, 6.242714515180143 ], [ -75.709537679196671, 6.24271296194518 ], [ -75.709839404910412, 6.242739470968068 ], [ -75.709932123533676, 6.242747617095397 ], [ -75.710112143048264, 6.242998174956966 ], [ -75.710113096849923, 6.24330661419636 ], [ -75.710113141439763, 6.24332103323983 ], [ -75.710150322650591, 6.243751402444015 ], [ -75.71018728020654, 6.244110024297118 ], [ -75.710224571401653, 6.244576266175468 ], [ -75.710118578077925, 6.245078826203017 ], [ -75.709904929204839, 6.245545845388207 ], [ -75.709762531972444, 6.245869149093171 ], [ -75.709585063074371, 6.246443679861109 ], [ -75.70937219072654, 6.247161812599629 ], [ -75.709123687176088, 6.247951803151981 ], [ -75.708982066414833, 6.248526218579382 ], [ -75.708948327449434, 6.249207922927997 ], [ -75.708949991952011, 6.249746023409681 ], [ -75.708951323657345, 6.250176503155664 ], [ -75.709024464766244, 6.250642634758758 ], [ -75.709052634936796, 6.2507447539857 ], [ -75.709133231392173, 6.251036909145231 ], [ -75.709169968673038, 6.251323784304326 ], [ -75.709027572821839, 6.251647089522034 ], [ -75.708753926021146, 6.252026066970124 ], [ -75.708741999917038, 6.252042583262636 ], [ -75.708742069729198, 6.252065145620307 ], [ -75.708743331945215, 6.252473063016701 ], [ -75.709067418313623, 6.252938416226446 ], [ -75.709248884728325, 6.253655327111769 ], [ -75.709249884314787, 6.253978187931803 ], [ -75.709071527118653, 6.254265729833914 ], [ -75.708570967110461, 6.254697765244028 ], [ -75.708285060306807, 6.254985640363238 ], [ -75.708286392594601, 6.255416120799779 ], [ -75.708215803855651, 6.255775075440546 ], [ -75.708217469370851, 6.256313175988044 ], [ -75.708218579801354, 6.25667191157417 ], [ -75.708219579233173, 6.256994769998787 ], [ -75.708112919413182, 6.257282089692158 ], [ -75.707879369945147, 6.257651865419085 ], [ -75.707863193395269, 6.257677475241792 ], [ -75.707781988245372, 6.257808389871151 ], [ -75.707783375718449, 6.258256635643207 ], [ -75.707912583259741, 6.258513232353486 ], [ -75.708169740078603, 6.258619518335102 ], [ -75.7084051655618, 6.258618788355292 ], [ -75.708576448512545, 6.258639673201056 ], [ -75.708919015677935, 6.258681443972876 ], [ -75.709175974856947, 6.258723479475066 ], [ -75.709390194530755, 6.25878706534861 ], [ -75.709604482491116, 6.258872063747773 ], [ -75.709925979984988, 6.2590209829348 ], [ -75.710012052101717, 6.25917063085268 ], [ -75.710141129392071, 6.259384395094898 ], [ -75.710185062931643, 6.259748338713607 ], [ -75.710207327961811, 6.260026683113313 ], [ -75.710207992081948, 6.260240845982885 ], [ -75.710208855472018, 6.260519257458181 ], [ -75.710188383562169, 6.260819150541437 ], [ -75.710189645556227, 6.261226059857812 ], [ -75.71019077478077, 6.261590136974622 ], [ -75.710191771206283, 6.261911379999603 ], [ -75.710192568388251, 6.26216837567954 ], [ -75.710193365599523, 6.262425370094089 ], [ -75.710194096407207, 6.262660948726158 ], [ -75.710259166281844, 6.262939161354115 ], [ -75.710388179157874, 6.263131508198256 ], [ -75.710388956654612, 6.263382078476738 ], [ -75.710475429940388, 6.263660223254881 ], [ -75.71051903123913, 6.263917085238386 ], [ -75.710562633876108, 6.264173947832337 ], [ -75.710584834054686, 6.264430875663791 ], [ -75.710521291187803, 6.264645238642892 ], [ -75.710522155355932, 6.264923650029104 ], [ -75.710480215698936, 6.265202193188841 ], [ -75.710438007604751, 6.2653950732612 ], [ -75.71039606856327, 6.265673617691654 ], [ -75.710290120537721, 6.26601661091934 ], [ -75.710205573773734, 6.266359537008466 ], [ -75.710142496056193, 6.266723811732007 ], [ -75.710143293829248, 6.266980806740925 ], [ -75.710143892181364, 6.267173553153711 ], [ -75.710037677361754, 6.267430880798415 ], [ -75.709952866397373, 6.267688142548451 ], [ -75.709910658130894, 6.267881021400541 ], [ -75.709911522424861, 6.268159432838178 ], [ -75.709912320270831, 6.268416428494401 ], [ -75.709913317620405, 6.2687376714827 ], [ -75.709914115539476, 6.268994666501744 ], [ -75.709914714003148, 6.269187413553663 ], [ -75.709872508900446, 6.269380293048705 ], [ -75.709723287520845, 6.269573503983423 ], [ -75.709595403573232, 6.269745233848329 ], [ -75.709446251646867, 6.269959862421288 ], [ -75.709404375652994, 6.270259823381537 ], [ -75.70936250280559, 6.270559783075154 ], [ -75.709385061920514, 6.270932358732235 ], [ -75.709342987107192, 6.271168072357387 ], [ -75.709343652065328, 6.271382235230867 ], [ -75.709344250541079, 6.271574979795087 ], [ -75.709387854865497, 6.271831842398896 ], [ -75.709366984679207, 6.272003238351438 ], [ -75.709346046102738, 6.272153220424066 ], [ -75.709282437950918, 6.272346164622551 ], [ -75.709218762009954, 6.272517694939523 ], [ -75.709176620033389, 6.272731990283926 ], [ -75.709155882830316, 6.272946219709681 ], [ -75.709135345157335, 6.273224698380293 ], [ -75.709093270933764, 6.273460410146754 ], [ -75.709008524498557, 6.273739087217329 ], [ -75.70896638435714, 6.273953383208681 ], [ -75.708924043412168, 6.274103429960238 ], [ -75.70894584667829, 6.274231861266717 ], [ -75.708839363373102, 6.274403523463707 ], [ -75.708732948408439, 6.274596602699063 ], [ -75.708647802080137, 6.274746783183645 ], [ -75.708541453498555, 6.274961278201836 ], [ -75.708456508471812, 6.27517570793696 ], [ -75.708393096869429, 6.275432902718165 ], [ -75.708329685233409, 6.275690096873916 ], [ -75.70833035025673, 6.27590425855697 ], [ -75.708352952927584, 6.276289686306686 ], [ -75.708375086322064, 6.276525198483913 ], [ -75.708333210136715, 6.276825158951045 ], [ -75.708333875286513, 6.277039321887408 ], [ -75.708291802713347, 6.277275033092451 ], [ -75.708271131958014, 6.277510679008564 ], [ -75.708271863675108, 6.277746257734602 ], [ -75.708272595418308, 6.277981835827191 ], [ -75.70831599910872, 6.278174449839575 ], [ -75.708359671497192, 6.27845272824203 ], [ -75.708403008130134, 6.278623924547073 ], [ -75.708446479778104, 6.278837953668699 ], [ -75.708446945566138, 6.278987868588466 ], [ -75.708383269073522, 6.279159397148355 ], [ -75.708319858090036, 6.279416593278704 ], [ -75.708299120970736, 6.279630823409672 ], [ -75.708278250764891, 6.279802219443482 ], [ -75.708214906270186, 6.280080830744534 ], [ -75.708194235692403, 6.280316476040166 ], [ -75.708195100797724, 6.280594886324948 ], [ -75.708152959845748, 6.280809181797338 ], [ -75.708067945873623, 6.281002195928505 ], [ -75.707961796053311, 6.281280940431628 ], [ -75.707877181871154, 6.281602451197017 ], [ -75.707749494274665, 6.281838428195581 ], [ -75.70738650733567, 6.282117971643526 ], [ -75.707044588160116, 6.282290367498806 ], [ -75.706745211818173, 6.282376964982124 ], [ -75.706553047590887, 6.282527476407669 ], [ -75.706425228728648, 6.282720622933375 ], [ -75.706319076572598, 6.282999367405235 ], [ -75.70636237470363, 6.283157714440009 ], [ -75.706363039725446, 6.283371878167827 ], [ -75.706427782447207, 6.283543008115551 ], [ -75.706514125598417, 6.283778320167972 ], [ -75.706600470114836, 6.284013632811565 ], [ -75.706643942081755, 6.284227662747917 ], [ -75.706708882760367, 6.284463042535755 ], [ -75.706730950826767, 6.284677139014079 ], [ -75.706817229776448, 6.284891035119173 ], [ -75.706946381556293, 6.285126215080634 ], [ -75.707139476875312, 6.285275528857799 ], [ -75.707332571671998, 6.285424844430505 ], [ -75.707589809632537, 6.285552542371615 ], [ -75.70780424273741, 6.285680374035536 ], [ -75.707954599459413, 6.285851236430702 ], [ -75.70812649166983, 6.286064866208658 ], [ -75.70814869312224, 6.286321795278589 ], [ -75.708149492427751, 6.286578789724668 ], [ -75.708129022788796, 6.286878684908732 ], [ -75.708108484025118, 6.28715716179455 ], [ -75.708130821411913, 6.287456922402352 ], [ -75.708131687482322, 6.2877353351473 ], [ -75.708154288972509, 6.288120760134959 ], [ -75.708155221774263, 6.288420588019701 ], [ -75.708177192309691, 6.288602558641649 ], [ -75.708199394215342, 6.288859487651894 ], [ -75.708242735062868, 6.289030683689774 ], [ -75.708307412246839, 6.289180398516443 ], [ -75.708372153596457, 6.289351527848126 ], [ -75.708351217836565, 6.28950151003302 ], [ -75.708373020054296, 6.289629939277237 ], [ -75.708416428377092, 6.289822553565756 ], [ -75.708438231276844, 6.289950983427524 ], [ -75.708417428239244, 6.290143796537979 ], [ -75.708332147738986, 6.290251143480869 ], [ -75.70826840287279, 6.290401257809304 ], [ -75.708268802816079, 6.290529756268199 ], [ -75.708269336084697, 6.290701086914225 ], [ -75.708291406952057, 6.290915181779706 ], [ -75.70835621721659, 6.291107726819796 ], [ -75.708463567525683, 6.291214475311175 ], [ -75.708592455517604, 6.291363989859207 ], [ -75.708700072668876, 6.291556402629723 ], [ -75.708743282003041, 6.291684765698164 ], [ -75.708722477279849, 6.291877577540834 ], [ -75.708637263360373, 6.29200634351383 ], [ -75.708530713032161, 6.292156590718552 ], [ -75.708488305770913, 6.29228522134186 ], [ -75.708510176900091, 6.292435068822684 ], [ -75.70851077709473, 6.292627813947433 ], [ -75.708511243931881, 6.292777728785399 ], [ -75.708469102162155, 6.292992025676476 ], [ -75.708319545398751, 6.293078157768512 ], [ -75.708127445312414, 6.293250086390429 ], [ -75.707978088433464, 6.293400467649075 ], [ -75.70789300749091, 6.293572064533333 ], [ -75.707872203188174, 6.293764878952697 ], [ -75.707872803277411, 6.293957624760544 ], [ -75.707873336705106, 6.294128954155838 ], [ -75.707831129271469, 6.294321833402456 ], [ -75.707746248239658, 6.294557679544628 ], [ -75.707682437561317, 6.294686376909127 ], [ -75.707661635127153, 6.294879189443954 ], [ -75.707683704480075, 6.295093285590365 ], [ -75.707770119972963, 6.295350013737462 ], [ -75.707835197180231, 6.29562822499425 ], [ -75.707857400737979, 6.295885153287557 ], [ -75.707901143502141, 6.296184847642934 ], [ -75.707987892330721, 6.296548657711849 ], [ -75.708074307121151, 6.296805385067135 ], [ -75.708139451582269, 6.297105011957633 ], [ -75.708268742396939, 6.297383022733545 ], [ -75.708376628207006, 6.29766110022107 ], [ -75.708462977387171, 6.297896412264077 ], [ -75.708549327295813, 6.298131723006168 ], [ -75.708678417793124, 6.298345484984598 ], [ -75.708764701154024, 6.298559379876352 ], [ -75.708851050743363, 6.298794691132876 ], [ -75.708894658029322, 6.299051553644137 ], [ -75.70887389636033, 6.299257215585659 ], [ -75.70883182105166, 6.299492928319879 ], [ -75.708789816291187, 6.299750056180748 ], [ -75.708704868700011, 6.299964484888605 ], [ -75.708748277084808, 6.300157098831356 ], [ -75.708855564894918, 6.300242429674725 ], [ -75.708941579779378, 6.300370659481853 ], [ -75.709027663402978, 6.30052030691381 ], [ -75.708963986317329, 6.300691836671053 ], [ -75.708857501764868, 6.300863501354765 ], [ -75.708579583175663, 6.300971450811605 ], [ -75.70838741608631, 6.301121965694652 ], [ -75.708216786480563, 6.301315246529366 ], [ -75.708131837913371, 6.301529676522684 ], [ -75.708089898396167, 6.301808220845935 ], [ -75.708069161386462, 6.302022449159335 ], [ -75.707962609565669, 6.302172698025306 ], [ -75.707770574778664, 6.302366044384407 ], [ -75.707728500953806, 6.302601757821531 ], [ -75.707707765110086, 6.302815987419503 ], [ -75.707751374591624, 6.303072848779152 ], [ -75.707816053155469, 6.30322256065849 ], [ -75.707923742306846, 6.303436389980472 ], [ -75.707988620082972, 6.303650351022956 ], [ -75.708053634675082, 6.303907146097583 ], [ -75.70816145582549, 6.304163806847036 ], [ -75.708162190623312, 6.304399385351829 ], [ -75.708184330911493, 6.304634897639101 ], [ -75.708185132584617, 6.304891893167603 ], [ -75.708207203621882, 6.305105987788213 ], [ -75.708314691155152, 6.305255567687169 ], [ -75.708464854820576, 6.305362180396585 ], [ -75.708658026238368, 6.305532909121521 ], [ -75.708872669487235, 6.305724986616763 ], [ -75.708980357897417, 6.305938813568641 ], [ -75.709045238547432, 6.306152776156821 ], [ -75.709088848731426, 6.30640963776596 ], [ -75.709089517346285, 6.306623799122431 ], [ -75.709132860809149, 6.306794994524463 ], [ -75.70924021528414, 6.306901740661637 ], [ -75.709390646527339, 6.307094020361443 ], [ -75.709391181579335, 6.307265350805498 ], [ -75.709391917290915, 6.307500927244298 ], [ -75.709414323645291, 6.307822104819145 ], [ -75.709436364056828, 6.308025491952858 ], [ -75.709479841652126, 6.308239519392096 ], [ -75.709608934778458, 6.308453280955924 ], [ -75.709780837974847, 6.308666906659894 ], [ -75.70995267251007, 6.308859117792149 ], [ -75.710188923575629, 6.309115375773739 ], [ -75.710339087540433, 6.309221988178511 ], [ -75.710489585676257, 6.309435680486093 ], [ -75.710640018255546, 6.309627958237858 ], [ -75.710769046569538, 6.309820302920794 ], [ -75.710769716242908, 6.310034465332954 ], [ -75.710685170766965, 6.3103773914521 ], [ -75.710579018651686, 6.310656137379507 ], [ -75.710537082275621, 6.310934682288689 ], [ -75.710452335111498, 6.311213361222574 ], [ -75.710367387621659, 6.311427791680941 ], [ -75.710367856392182, 6.31157770438044 ], [ -75.710389729010927, 6.311727550704234 ], [ -75.710454612155118, 6.311941512104831 ], [ -75.710476618800158, 6.312134191781755 ], [ -75.710455750780312, 6.312305588485163 ], [ -75.710349533316588, 6.312562918103399 ], [ -75.710307260135636, 6.312734382464065 ], [ -75.71030779596515, 6.312905710899503 ], [ -75.710372477766668, 6.313055424429166 ], [ -75.710480102009171, 6.313247834098696 ], [ -75.71056625544972, 6.313418896283824 ], [ -75.710588195334211, 6.313590158289912 ], [ -75.710567260418628, 6.313740139259245 ], [ -75.710546594132609, 6.313975783800636 ], [ -75.710568801468582, 6.314232710635288 ], [ -75.710655156847253, 6.314468022474991 ], [ -75.710741578706617, 6.314724748118756 ], [ -75.7109136177951, 6.314981205476418 ], [ -75.711085457225437, 6.315173414910387 ], [ -75.711257429616694, 6.315408456973355 ], [ -75.711386326626297, 6.315557968952863 ], [ -75.711515222446707, 6.315707479621775 ], [ -75.711729603320464, 6.315813889109307 ], [ -75.71196552115552, 6.315963064073777 ], [ -75.712115619969524, 6.316048259623059 ], [ -75.712265854902014, 6.31617628527767 ], [ -75.71233080625538, 6.316411663679329 ], [ -75.712331611479442, 6.316668657299314 ], [ -75.712353887870222, 6.316946999488255 ], [ -75.712440176998498, 6.317160893712011 ], [ -75.712590613116291, 6.317353169455426 ], [ -75.712826868209561, 6.317609425472455 ], [ -75.71308425963808, 6.317779948159181 ], [ -75.713341717745351, 6.317971887009417 ], [ -75.71351362631043, 6.318185512729553 ], [ -75.713600184895256, 6.318485069371533 ], [ -75.71368681143791, 6.318806043560183 ], [ -75.713751829940492, 6.319062835318885 ], [ -75.71381691825755, 6.319341044001288 ], [ -75.714031904625102, 6.319640198315142 ], [ -75.714375184753862, 6.319896116923669 ], [ -75.714868229405539, 6.320130146691056 ], [ -75.715190106045995, 6.320386130586737 ], [ -75.71546910615595, 6.320620833147768 ], [ -75.715662286148657, 6.32079155712983 ], [ -75.715919545397497, 6.320919246403651 ], [ -75.716219681632026, 6.321068217124388 ], [ -75.716476941099003, 6.321195905418993 ], [ -75.716841426010063, 6.321387504304372 ], [ -75.717227383303651, 6.321600453652483 ], [ -75.717484777298566, 6.321770974519243 ], [ -75.717763913800752, 6.32204850794313 ], [ -75.717978836137377, 6.322326242178207 ], [ -75.718086534258916, 6.322540067159306 ], [ -75.718194500859823, 6.322839554682087 ], [ -75.718324411840911, 6.323310304897607 ], [ -75.718325692888087, 6.323717210975506 ], [ -75.718369892321533, 6.324158247770413 ], [ -75.718370903832138, 6.32447948936063 ], [ -75.718371780520101, 6.324757899661577 ], [ -75.718394129617877, 6.325057658754325 ], [ -75.718459692098037, 6.325485778612823 ], [ -75.71846110860406, 6.325935516542742 ], [ -75.718440985946913, 6.326342490677401 ], [ -75.718335107797913, 6.326706901624775 ], [ -75.718250769494105, 6.327114078268021 ], [ -75.71827339071713, 6.327499499892681 ], [ -75.718403034122034, 6.327884585869032 ], [ -75.718596554895399, 6.328162386591991 ], [ -75.718768535852334, 6.328397425340988 ], [ -75.718919112529335, 6.328632528371365 ], [ -75.718984272838043, 6.328932150924 ], [ -75.718964151084435, 6.329339124959272 ], [ -75.71887981403296, 6.329746301015966 ], [ -75.718795679471327, 6.330217725250904 ], [ -75.718775353961519, 6.330560451151452 ], [ -75.71877643427861, 6.330903109495107 ], [ -75.718670422499969, 6.331224689357757 ], [ -75.7184999249843, 6.331460806190243 ], [ -75.718265278598153, 6.331718541913673 ], [ -75.717902473827138, 6.332062347882168 ], [ -75.717368696563852, 6.332492358347892 ], [ -75.716984282334423, 6.332771984524506 ], [ -75.716599664656101, 6.332987360399862 ], [ -75.716150899447456, 6.333224354781226 ], [ -75.715830631105746, 6.333482360417015 ], [ -75.715703076430827, 6.333761175125492 ], [ -75.715704155267318, 6.334103832693678 ], [ -75.715748044852006, 6.334446355950725 ], [ -75.715920163721734, 6.334724226073991 ], [ -75.716049403356635, 6.334980814149844 ], [ -75.716157104750934, 6.335194638962989 ], [ -75.716264804982771, 6.335408461839283 ], [ -75.716479329183485, 6.335557700156542 ], [ -75.716693651664585, 6.335642689500638 ], [ -75.717057742482964, 6.335705790986808 ], [ -75.717379158856573, 6.335811857951796 ], [ -75.717615156997155, 6.335982443126316 ], [ -75.717787344336386, 6.336281728498978 ], [ -75.717831674217052, 6.336763456594525 ], [ -75.71774713325064, 6.337106384087239 ], [ -75.717876849976619, 6.337512884545156 ], [ -75.718113185722885, 6.337790551839824 ], [ -75.718285170173203, 6.338025586747715 ], [ -75.718371738187741, 6.338325142081764 ], [ -75.718394157470712, 6.338646315877678 ], [ -75.718502198200753, 6.338967218513698 ], [ -75.718652712739726, 6.33918090703542 ], [ -75.718781752391223, 6.339373246244513 ], [ -75.718910725792071, 6.339544169766604 ], [ -75.718975753203978, 6.339800959342163 ], [ -75.718976808191272, 6.340135051282942 ], [ -75.719063172438041, 6.340370356897935 ], [ -75.719149471044531, 6.340584248111476 ], [ -75.719257310599502, 6.340840902218154 ], [ -75.719343811735712, 6.341119040845573 ], [ -75.719430381290351, 6.341418595047728 ], [ -75.719345976807659, 6.341804355798093 ], [ -75.719196883039132, 6.342040406518041 ], [ -75.719004977889753, 6.342276592604463 ], [ -75.718877289500384, 6.342512574981658 ], [ -75.718728126457478, 6.342727210678873 ], [ -75.71872893823587, 6.342984204483599 ], [ -75.718751224631347, 6.343262544955959 ], [ -75.718794778943504, 6.343497988382847 ], [ -75.718709901045017, 6.343733835422256 ], [ -75.718539671513213, 6.344055617610618 ], [ -75.718390846904313, 6.344377333374425 ], [ -75.718263360870054, 6.344677564564734 ], [ -75.718178550304003, 6.344934829141398 ], [ -75.718157889311442, 6.345170473154855 ], [ -75.718137092399786, 6.345363286546508 ], [ -75.718009470810941, 6.345620685872895 ], [ -75.717838969256732, 6.345856803031165 ], [ -75.717582508072795, 6.345986112678688 ], [ -75.717346977272868, 6.34596544133414 ], [ -75.717111514708478, 6.345966185514769 ], [ -75.716683536939001, 6.346010370843764 ], [ -75.716448346517893, 6.346096777938133 ], [ -75.716213221683901, 6.346204601862766 ], [ -75.71593528570655, 6.346312562805796 ], [ -75.715614606720791, 6.346442073832499 ], [ -75.715058732703923, 6.346657992561617 ], [ -75.714716849243899, 6.346851817707417 ], [ -75.714396169460542, 6.346981328140284 ], [ -75.714139638988215, 6.347089219506614 ], [ -75.713990271558231, 6.347239604469586 ], [ -75.713969472539461, 6.347432419363415 ], [ -75.714034297134134, 6.34762496032339 ], [ -75.714163474566433, 6.347860134385481 ], [ -75.714335530862755, 6.348116587048054 ], [ -75.714486046982771, 6.348330274577503 ], [ -75.714679441395702, 6.348565244442579 ], [ -75.714765875704117, 6.348821967130842 ], [ -75.714897569261609, 6.349061341569779 ], [ -75.714983236831969, 6.349315786102689 ], [ -75.715026471199792, 6.349570365235397 ], [ -75.715048825089909, 6.349931140713601 ], [ -75.715060270917931, 6.350196432815043 ], [ -75.71503989206164, 6.350461824166427 ], [ -75.715040595338536, 6.350684697900739 ], [ -75.715041265145146, 6.350896957245418 ], [ -75.715052575885665, 6.351119797469114 ], [ -75.715053212255555, 6.351321445578257 ], [ -75.715106889537026, 6.351522923600523 ], [ -75.71510762645849, 6.351756410442828 ], [ -75.715097620724464, 6.351947479564952 ], [ -75.715013259929847, 6.352106941381326 ], [ -75.714917955438793, 6.352160307353145 ], [ -75.714758936163264, 6.352192650639328 ], [ -75.714620999662998, 6.352182472467334 ], [ -75.714536337293353, 6.352246418633118 ], [ -75.714451740613029, 6.352331591049349 ], [ -75.714441668961513, 6.352501433329234 ], [ -75.714431764122963, 6.352724339355227 ], [ -75.714538849042924, 6.353042394319637 ], [ -75.71464576539762, 6.35330738422903 ], [ -75.714731164212935, 6.353476925511288 ], [ -75.71482730708739, 6.353688883846882 ], [ -75.714923348918674, 6.353869004665498 ], [ -75.715030065939942, 6.354070315015043 ], [ -75.715275088131719, 6.354398548188041 ], [ -75.715445452233041, 6.35459965845941 ], [ -75.715562610797136, 6.35474787198655 ], [ -75.715637436893829, 6.354928057733762 ], [ -75.715712228903385, 6.355097632231939 ], [ -75.715727568977314, 6.355336377515215 ], [ -75.71570180305477, 6.35557525404435 ], [ -75.715662778541002, 6.355814172503944 ], [ -75.715636928792975, 6.35602651624005 ], [ -75.715677589230481, 6.356304981986334 ], [ -75.715731425153763, 6.356556872350101 ], [ -75.715798395913282, 6.356768924395357 ], [ -75.715852191337746, 6.357007549260114 ], [ -75.715919372513383, 6.35728592977058 ], [ -75.715973543604292, 6.357643951851184 ], [ -75.716000734979758, 6.357856127132262 ], [ -75.716080840237566, 6.358028336338535 ], [ -75.716160946191337, 6.358200545515675 ], [ -75.71624130388571, 6.358452354927042 ], [ -75.716281630843753, 6.358624689943344 ], [ -75.716308779287417, 6.358823599712267 ], [ -75.716336179479399, 6.359102107203114 ], [ -75.716363455138904, 6.359340815814125 ], [ -75.716377554810833, 6.359606097913257 ], [ -75.716417965288286, 6.359804966295819 ], [ -75.716431812041719, 6.359990651921894 ], [ -75.716445743375218, 6.360202869695115 ], [ -75.716512631953805, 6.360388386744216 ], [ -75.716645988344453, 6.36062676066091 ], [ -75.716845353457927, 6.3607720582268 ], [ -75.71707098548238, 6.360837675887172 ], [ -75.71712429534486, 6.360922411494503 ], [ -75.71719135099336, 6.361160994547461 ], [ -75.717232433251922, 6.361572121771726 ], [ -75.717220475642534, 6.361983418283597 ], [ -75.717261388277777, 6.36234148119625 ], [ -75.717288749532372, 6.36260672108337 ], [ -75.717315941585326, 6.362818897316664 ], [ -75.717409562378492, 6.363070662256227 ], [ -75.71748979532758, 6.363282669088584 ], [ -75.717543338973982, 6.36344169631597 ], [ -75.717530751751255, 6.363653997952596 ], [ -75.717544641367653, 6.363852949461641 ], [ -75.717492358036026, 6.364091909332643 ], [ -75.71742664467159, 6.364277846975614 ], [ -75.717281454258469, 6.364490569577814 ], [ -75.716991114484742, 6.364929280819371 ], [ -75.716832874309105, 6.365208375765548 ], [ -75.716674423350085, 6.365421140975265 ], [ -75.716595491516301, 6.365620386716682 ], [ -75.716424032231942, 6.365912788474155 ], [ -75.716252404805715, 6.366152128447151 ], [ -75.715750506335468, 6.366783871068122 ], [ -75.715459996949136, 6.367169517122235 ], [ -75.715248504294465, 6.367382450183996 ], [ -75.714984389279266, 6.367728212000685 ], [ -75.714918547614701, 6.367874349510156 ], [ -75.714826271417621, 6.368047106950243 ], [ -75.714760600098217, 6.368246310049681 ], [ -75.714694843545743, 6.368418982250752 ], [ -75.714642346518843, 6.368591611203751 ], [ -75.714550196681216, 6.36880416437366 ], [ -75.714458003559102, 6.369003452726147 ], [ -75.7143524236335, 6.369162982914585 ], [ -75.71423383523333, 6.369402153495436 ], [ -75.714128340374529, 6.36958821837041 ], [ -75.714128147606687, 6.369799001111094 ], [ -75.714102497976086, 6.37014698282103 ], [ -75.714157013046588, 6.370467949070431 ], [ -75.714157944394287, 6.370762323355557 ], [ -75.713998292890551, 6.371030445156673 ], [ -75.713757885094481, 6.371138253500526 ], [ -75.713437060934524, 6.371192792425724 ], [ -75.713142983753613, 6.371247245884533 ], [ -75.712822242079412, 6.371328545208605 ], [ -75.712581917739243, 6.371463113847859 ], [ -75.712368175624135, 6.37154407564859 ], [ -75.712208016680151, 6.371651628896497 ], [ -75.711914023508399, 6.371732843137874 ], [ -75.711646611400198, 6.371760449865533 ], [ -75.711352365017916, 6.371761380276837 ], [ -75.711165203090104, 6.371788734291712 ], [ -75.710978124382819, 6.371842849645066 ], [ -75.710657213301204, 6.37187062499633 ], [ -75.710256305240222, 6.371978937948093 ], [ -75.709775150336128, 6.372087506015962 ], [ -75.709400823228691, 6.372142211684757 ], [ -75.708973165988837, 6.372250607602687 ], [ -75.708652675636273, 6.372412190201633 ], [ -75.708358766640828, 6.372520164093327 ], [ -75.708118355748383, 6.372627969648477 ], [ -75.707771200007954, 6.372816396419729 ], [ -75.707343541561087, 6.372924791843211 ], [ -75.706995879892304, 6.372952650777481 ], [ -75.706808798707712, 6.37300676420633 ], [ -75.706541387534145, 6.373034368513171 ], [ -75.706327471499392, 6.37306180530441 ], [ -75.706060143863454, 6.373116172101785 ], [ -75.705739314596741, 6.373170705494697 ], [ -75.705418484585834, 6.373225239969589 ], [ -75.70520448657976, 6.373225914217358 ], [ -75.705044072450676, 6.373253181951029 ], [ -75.704830157982045, 6.37328061752644 ], [ -75.704562744414659, 6.373308222137748 ], [ -75.704161411896692, 6.373282723517466 ], [ -75.7037866621245, 6.373203618016117 ], [ -75.703492329614051, 6.373177782025081 ], [ -75.703251329160409, 6.373098255776739 ], [ -75.703063744325192, 6.372991798311052 ], [ -75.702608661728249, 6.372886183452593 ], [ -75.702367576734773, 6.3727798945804 ], [ -75.702126743404165, 6.372753890115597 ], [ -75.701832243521892, 6.372674531944984 ], [ -75.701671829104768, 6.372701796105691 ], [ -75.701350830236393, 6.372702805034454 ], [ -75.700949582997936, 6.372704065910124 ], [ -75.700655502503849, 6.372758514055228 ], [ -75.700361674484427, 6.372893246028628 ], [ -75.700094175683532, 6.372894086160326 ], [ -75.69977309438643, 6.372868333217081 ], [ -75.699451507570942, 6.372682010770809 ], [ -75.699290505372787, 6.372521944618743 ], [ -75.699006369473011, 6.372335503618416 ], [ -75.698658284987502, 6.372229548511061 ], [ -75.698310202488329, 6.372123594388963 ], [ -75.698015703020488, 6.372044231901803 ], [ -75.697667451121703, 6.37188475350527 ], [ -75.697425866081289, 6.371617891835797 ], [ -75.697237862887391, 6.371377624532588 ], [ -75.696996275801666, 6.371110763811423 ], [ -75.696835107871294, 6.37089717465404 ], [ -75.696674106979472, 6.370737108591058 ], [ -75.696405938186345, 6.370523853156946 ], [ -75.696137938327325, 6.370364121346146 ], [ -75.695709523522453, 6.370231654073617 ], [ -75.695441858727065, 6.370178967599056 ], [ -75.695067360819877, 6.370180139677046 ], [ -75.694800030043609, 6.370234500568124 ], [ -75.694318784236671, 6.370316292380735 ], [ -75.694078537543817, 6.370477614492849 ], [ -75.693891875892177, 6.370665530842619 ], [ -75.693678545329448, 6.37088029244179 ], [ -75.693545466112653, 6.371094803698192 ], [ -75.693224968496295, 6.371256377754282 ], [ -75.692823972107576, 6.371337915678428 ], [ -75.692396223091094, 6.371419538812635 ], [ -75.691888143727368, 6.371474650026361 ], [ -75.691272896171355, 6.371476571585628 ], [ -75.690791147052096, 6.371397789274731 ], [ -75.690389899360397, 6.371399041677712 ], [ -75.69004231643288, 6.371453651461696 ], [ -75.689694568440174, 6.371454736399791 ], [ -75.689293402613657, 6.371482749019481 ], [ -75.688999487257689, 6.371590712765247 ], [ -75.688651904450623, 6.371645320416004 ], [ -75.688277489457477, 6.37167324952614 ], [ -75.687902655860256, 6.371567370491 ], [ -75.687393823864781, 6.371381622037404 ], [ -75.687206074374615, 6.37122163564749 ], [ -75.686884410562925, 6.371008541588914 ], [ -75.686723076411909, 6.370741424144484 ], [ -75.686615079000717, 6.370420617233492 ], [ -75.686560829400804, 6.370179928273885 ], [ -75.686399332476171, 6.369859287783193 ], [ -75.686265166254657, 6.369725896043406 ], [ -75.685997251249546, 6.369592919795259 ], [ -75.685606787272661, 6.369620895937373 ], [ -75.685205870666252, 6.369729191565217 ], [ -75.684992287694939, 6.369863665152238 ], [ -75.684644706164008, 6.369918269283588 ], [ -75.684296873278043, 6.369892589207478 ], [ -75.68376170833875, 6.369840728998017 ], [ -75.683333543771042, 6.369788535197536 ], [ -75.682985795750881, 6.369789615332007 ], [ -75.682638211825605, 6.369844218788696 ], [ -75.682103379918829, 6.36989940266572 ], [ -75.681809463481073, 6.37000736246744 ], [ -75.681328212774048, 6.370089142618269 ], [ -75.680766297793639, 6.370037361638055 ], [ -75.680311631463454, 6.370065533044063 ], [ -75.679883549222239, 6.370040098780745 ], [ -75.679375051199258, 6.369961387941832 ], [ -75.679080966193226, 6.370015823333048 ], [ -75.678706963590741, 6.370177553830398 ], [ -75.67811904382809, 6.370366710551618 ], [ -75.677734340375167, 6.370528473614741 ], [ -75.677280250827252, 6.37074397604442 ], [ -75.676959995264212, 6.370985824860149 ], [ -75.676639904216586, 6.37128119851937 ], [ -75.676346399373756, 6.371522965593375 ], [ -75.675945973227556, 6.37179182603635 ], [ -75.675411799584111, 6.372061097326061 ], [ -75.674904290290414, 6.372303525534502 ], [ -75.674315952054499, 6.372358868185852 ], [ -75.673620612706259, 6.37241454071555 ], [ -75.673032438969088, 6.372523406395487 ], [ -75.672604847488017, 6.372658537304794 ], [ -75.671990254040153, 6.372874530243617 ], [ -75.6716162441911, 6.373036256655347 ], [ -75.671242237212027, 6.373197984105889 ], [ -75.670814645006828, 6.373333113148778 ], [ -75.67036071501208, 6.373602135286323 ], [ -75.669532526391464, 6.373952597175787 ], [ -75.668997850286559, 6.374061291492357 ], [ -75.668490005910854, 6.374196666778982 ], [ -75.667875077319607, 6.374305609723336 ], [ -75.667685818560017, 6.374356724676229 ], [ -75.667457710022262, 6.374643790850083 ], [ -75.667279630697465, 6.375038955312391 ], [ -75.667173270030347, 6.375433900941214 ], [ -75.667066688003047, 6.375757096817765 ], [ -75.667067570533192, 6.376044087045081 ], [ -75.667068516455117, 6.376351677049126 ], [ -75.667068673755679, 6.376402825771805 ], [ -75.666997948296597, 6.376725912577292 ], [ -75.666819428870866, 6.376977581354399 ], [ -75.666569961041006, 6.377480587799607 ], [ -75.666141643740175, 6.378127642996141 ], [ -75.665712660694382, 6.378559453729 ], [ -75.665067868631795, 6.378776683433802 ], [ -75.664565845377808, 6.378778227036914 ], [ -75.664481507810649, 6.378767240817957 ], [ -75.664396914541456, 6.378756221275879 ], [ -75.664027742286649, 6.378708132386119 ], [ -75.663632969845693, 6.378601723088124 ], [ -75.663238521475193, 6.37860293483314 ], [ -75.662772797625749, 6.378747863160168 ], [ -75.662486037942372, 6.378784616743634 ], [ -75.662055402877428, 6.378678315644599 ], [ -75.661624546047037, 6.378500266723393 ], [ -75.661085675825092, 6.378179051190731 ], [ -75.660726648313727, 6.378036654132853 ], [ -75.66018876909078, 6.37803830324259 ], [ -75.659866257155485, 6.378111039937568 ], [ -75.659544078376996, 6.378291400527498 ], [ -75.659221897435856, 6.378471757819177 ], [ -75.658864189302975, 6.378759850811928 ], [ -75.658578084946853, 6.379011847407519 ], [ -75.658327841730213, 6.379263733459002 ], [ -75.657970240352455, 6.379587698282059 ], [ -75.657504953789044, 6.379876116280965 ], [ -75.65718266316189, 6.380020599860288 ], [ -75.656860370426813, 6.380165085181417 ], [ -75.656466141397388, 6.380238039626658 ], [ -75.656036164688658, 6.380346978218494 ], [ -75.655570214669922, 6.380420153285389 ], [ -75.655068298957019, 6.380457560898396 ], [ -75.654386976990253, 6.38045964299085 ], [ -75.653884622329628, 6.380353554108371 ], [ -75.653418236259512, 6.380283228101487 ], [ -75.652951849597869, 6.380212906062095 ], [ -75.652234450721835, 6.380143345040441 ], [ -75.651875860600853, 6.380144438962638 ], [ -75.651445550353245, 6.380145751346085 ], [ -75.650871587007416, 6.380075753464283 ], [ -75.650249737879847, 6.379981984025314 ], [ -75.649114747347625, 6.380164810216566 ], [ -75.648577405906053, 6.380345822169904 ], [ -75.647740511550808, 6.380288576282585 ], [ -75.647322156117326, 6.380289848877858 ], [ -75.646782816140103, 6.379813162495847 ], [ -75.646483263373071, 6.379574907935766 ], [ -75.6458192633755, 6.379070119803227 ], [ -75.645464895308521, 6.378800721225115 ], [ -75.644985868752954, 6.378503219043026 ], [ -75.64438767547351, 6.378325662233504 ], [ -75.64384978603367, 6.378327294379655 ], [ -75.643312806778738, 6.378627877767524 ], [ -75.643147541965178, 6.378704795529728 ], [ -75.64253694773862, 6.378988977804507 ], [ -75.641880977177465, 6.379469294261249 ], [ -75.641463887619906, 6.379889097357623 ], [ -75.640807010070034, 6.380070457642191 ], [ -75.639971380503255, 6.380431735772447 ], [ -75.639255460994235, 6.380852442239089 ], [ -75.638480134860629, 6.381392907868051 ], [ -75.637405616186683, 6.381814696374661 ], [ -75.636391225027083, 6.382355882333197 ], [ -75.635794827941325, 6.382776223524917 ], [ -75.635138668457159, 6.383196742794457 ], [ -75.634720847845088, 6.383377377525363 ], [ -75.633168553783619, 6.383920185153364 ], [ -75.631438217941451, 6.384882063873327 ], [ -75.630662514614997, 6.385302936532717 ], [ -75.629230461401022, 6.386084538283505 ], [ -75.628037826724494, 6.386984995385898 ], [ -75.626188652965055, 6.388186383946532 ], [ -75.624758013873318, 6.389446304942421 ], [ -75.624162676095409, 6.390225380836618 ], [ -75.623746995502614, 6.391123502777791 ], [ -75.623511152896015, 6.392200458770265 ], [ -75.623394129704337, 6.393037890650284 ], [ -75.623277283230237, 6.393935116001277 ], [ -75.622980955088224, 6.394773087328804 ], [ -75.622625218525172, 6.395730822380425 ], [ -75.621970819876211, 6.396749241160045 ], [ -75.621375112326874, 6.397408737300587 ], [ -75.620898759916471, 6.398008081853952 ], [ -75.620541404419725, 6.398427694349369 ], [ -75.619707873666059, 6.399506442412957 ], [ -75.619111981241232, 6.400106144426605 ], [ -75.618515729564308, 6.400586264032722 ], [ -75.617381739981013, 6.401127786343803 ], [ -75.616937774903775, 6.401900244508347 ], [ -75.616727681301086, 6.402265787031354 ], [ -75.6162518548512, 6.403044502139394 ], [ -75.615716262230094, 6.40382339840821 ], [ -75.615238645343524, 6.404004199704723 ], [ -75.614523381541829, 6.404664049878956 ], [ -75.6142859113464, 6.405202884559387 ], [ -75.614228107358144, 6.405860771272494 ], [ -75.614110713564088, 6.406578622727217 ], [ -75.61375334709335, 6.406998231850753 ], [ -75.613574753867283, 6.407237932884087 ], [ -75.613218103130691, 6.407896708958667 ], [ -75.61286055727102, 6.408256529196272 ], [ -75.612622548969512, 6.408615991614326 ], [ -75.612265358455886, 6.409095392734194 ], [ -75.611968118373483, 6.409634406446347 ], [ -75.611730467011682, 6.410113451103623 ], [ -75.611492278852097, 6.410413122172649 ], [ -75.611075318477774, 6.410892699542998 ], [ -75.610777182224936, 6.411132759551048 ], [ -75.610419274682044, 6.411372995285731 ], [ -75.610061368668426, 6.411613232104969 ], [ -75.609524330434184, 6.411913793556518 ], [ -75.608926987201073, 6.412035159014557 ], [ -75.60844918138217, 6.412156166938505 ], [ -75.607673774872865, 6.412696603279606 ], [ -75.607136555077801, 6.412937371509759 ], [ -75.606393455692668, 6.413286972733996 ], [ -75.606241247947153, 6.413358582816215 ], [ -75.60604275234391, 6.413398910514729 ], [ -75.60534522736782, 6.413540624943899 ], [ -75.604030813319909, 6.413723910809939 ], [ -75.602954947282853, 6.413727107824236 ], [ -75.602237700219149, 6.413729237921313 ], [ -75.60140127080507, 6.413851304057712 ], [ -75.600565372328134, 6.414152744024388 ], [ -75.599968905915972, 6.414573059574398 ], [ -75.599492869378039, 6.415291977253474 ], [ -75.599493577895643, 6.415531143954141 ], [ -75.599316567663124, 6.416308964653457 ], [ -75.599019309180946, 6.416847979974989 ], [ -75.598542912427959, 6.417447313191644 ], [ -75.598006739984726, 6.418046823950725 ], [ -75.597530165944491, 6.418586365169716 ], [ -75.596994528339195, 6.41936525201185 ], [ -75.596697617395719, 6.420023844411133 ], [ -75.596520956617894, 6.420921251712137 ], [ -75.59622422212874, 6.421639638903383 ], [ -75.595807592278106, 6.422238793646269 ], [ -75.595749412887741, 6.422777098196093 ], [ -75.595393790208973, 6.42379461850286 ], [ -75.595037634670661, 6.424632765262768 ], [ -75.594560875527563, 6.425112514759874 ], [ -75.593726363083974, 6.425892285102748 ], [ -75.593310079708743, 6.426611023178026 ], [ -75.59331220045614, 6.427328525657057 ], [ -75.593374094226604, 6.428045851925486 ], [ -75.593435989031889, 6.428763176862091 ], [ -75.593258792454378, 6.429481207297556 ], [ -75.59284197568644, 6.430020573256918 ], [ -75.592364680652622, 6.430320945962027 ], [ -75.59140849482398, 6.430383565698801 ], [ -75.590631626491032, 6.430445652761936 ], [ -75.590033548489416, 6.430327834605194 ], [ -75.589196553739555, 6.430270513725862 ], [ -75.588599004062431, 6.430332068491058 ], [ -75.58836061758619, 6.430571941548564 ], [ -75.587942910504381, 6.430812342744403 ], [ -75.58716621852848, 6.430934217865776 ], [ -75.586556189220616, 6.430603696844379 ], [ -75.586507661080091, 6.430577403704714 ], [ -75.58608748968544, 6.429980715094992 ], [ -75.585846992536574, 6.429503082968431 ], [ -75.585627428423635, 6.428635401796985 ], [ -75.585605088259342, 6.428547116274448 ], [ -75.585543555378152, 6.427949372195503 ], [ -75.585422956952684, 6.427590970819637 ], [ -75.585063619287723, 6.42735285716391 ], [ -75.584664911545531, 6.427088655814135 ], [ -75.584524612412764, 6.42699568732203 ], [ -75.58356579588002, 6.426161409644155 ], [ -75.58314633421017, 6.425803886554977 ], [ -75.582726525358581, 6.425326777159164 ], [ -75.582186996519994, 6.424790226760031 ], [ -75.581733200364326, 6.424508360123244 ], [ -75.581707941418813, 6.424492670017585 ], [ -75.581691309207287, 6.424491055069854 ], [ -75.581110047445819, 6.424434630659022 ], [ -75.580632569708555, 6.424675201481307 ], [ -75.580334757561872, 6.425034830401639 ], [ -75.579737384842417, 6.425156166947161 ], [ -75.579020465982751, 6.425277852387463 ], [ -75.578482340986099, 6.425219636295783 ], [ -75.577824318609075, 6.425042183404912 ], [ -75.577464635045345, 6.424684479569915 ], [ -75.5769850575319, 6.424207540751965 ], [ -75.576976674830618, 6.424200038308321 ], [ -75.576385762660394, 6.423671158585638 ], [ -75.575906710233781, 6.423373593477173 ], [ -75.575427312402212, 6.422956445974322 ], [ -75.574947912792879, 6.422539294685077 ], [ -75.574168434192714, 6.421704470156104 ], [ -75.573748634985861, 6.42122734933583 ], [ -75.572850138004767, 6.420572250357566 ], [ -75.57219160001307, 6.420215410943371 ], [ -75.571730309211162, 6.419961580561502 ], [ -75.570652416576365, 6.419032569432499 ], [ -75.570413651531652, 6.418826779458726 ], [ -75.570236756671562, 6.418214182429889 ], [ -75.569797193285439, 6.417602350270286 ], [ -75.569444169540347, 6.416639914143492 ], [ -75.569355086120154, 6.416114649086886 ], [ -75.569265495652218, 6.415414210771004 ], [ -75.568826189343554, 6.414889960983423 ], [ -75.568212027974951, 6.414453806241411 ], [ -75.56786028237039, 6.413929305416683 ], [ -75.567682887398888, 6.41314153107075 ], [ -75.567854187289328, 6.411827222444728 ], [ -75.567850886634119, 6.410688592648679 ], [ -75.567671971149025, 6.409375299775029 ], [ -75.567494323397938, 6.408499940646646 ], [ -75.567317437576207, 6.40788734074988 ], [ -75.567052995925053, 6.40727499312483 ], [ -75.5666116755704, 6.406050046562779 ], [ -75.56634597041031, 6.404999766917481 ], [ -75.565993728508971, 6.404300084118137 ], [ -75.565553933169355, 6.403600657928461 ], [ -75.564926492010059, 6.402918553953914 ], [ -75.564753298308275, 6.402789389552961 ], [ -75.564285849331512, 6.402360228288835 ], [ -75.56396205277963, 6.402002405176006 ], [ -75.563745846647777, 6.401644270976199 ], [ -75.563385362033799, 6.400999545031034 ], [ -75.56306053346745, 6.400282964401356 ], [ -75.562879775717519, 6.399781223971264 ], [ -75.562698707461934, 6.399171853864978 ], [ -75.562518259671009, 6.398777740128132 ], [ -75.562373883393661, 6.398455273522625 ], [ -75.562013301333991, 6.397774669942731 ], [ -75.561617270037885, 6.39723767325739 ], [ -75.561257413166558, 6.396808198538757 ], [ -75.560861695820464, 6.396378827990219 ], [ -75.560466080476161, 6.395985329532934 ], [ -75.560141983990235, 6.395519875242357 ], [ -75.559781922048387, 6.395018647467072 ], [ -75.559565719960318, 6.394660510073642 ], [ -75.559240389180758, 6.393764547317566 ], [ -75.559131876546417, 6.393441975802379 ], [ -75.558699578370678, 6.392761574225343 ], [ -75.558554693504703, 6.39225972807715 ], [ -75.558409906358165, 6.391793755681991 ], [ -75.5583372575949, 6.391471078174078 ], [ -75.558228642039765, 6.391112630452973 ], [ -75.558119410703256, 6.390538930044727 ], [ -75.558046761212381, 6.390216253664533 ], [ -75.557758121599733, 6.389607190387476 ], [ -75.557649814624341, 6.389356368362105 ], [ -75.557434029997026, 6.389141733428989 ], [ -75.557182383005511, 6.388927199402001 ], [ -75.55678564930389, 6.388139062478189 ], [ -75.556713000036041, 6.387816388140006 ], [ -75.556640354055617, 6.387493712494958 ], [ -75.556531536709102, 6.387063510434405 ], [ -75.556386958772009, 6.386669290090392 ], [ -75.556205909041779, 6.386059917716054 ], [ -75.555881102397535, 6.385343325786792 ], [ -75.555736014621871, 6.3847697253766 ], [ -75.555483446440036, 6.384232306335065 ], [ -75.55523088268346, 6.383694890815246 ], [ -75.554942660126443, 6.383229326834634 ], [ -75.554511098456032, 6.382800048979593 ], [ -75.554259455428564, 6.382585511850021 ], [ -75.553756790284027, 6.382371695852935 ], [ -75.553110574428615, 6.382122409184916 ], [ -75.552751863874832, 6.382087558571854 ], [ -75.552429219710106, 6.382124356921555 ], [ -75.552070815094254, 6.382197133412699 ], [ -75.551174089816399, 6.382127942505562 ], [ -75.550886997921083, 6.382057011139803 ], [ -75.550456668970384, 6.382058239521466 ], [ -75.550098059237897, 6.382059262904711 ], [ -75.549811274805336, 6.382095956064155 ], [ -75.549345182499337, 6.3821331617482 ], [ -75.549058295668786, 6.382133979861955 ], [ -75.548735855689628, 6.382242526530142 ], [ -75.548377755131611, 6.382422930249128 ], [ -75.547912279387532, 6.382675390916255 ], [ -75.547554386158168, 6.382927542262813 ], [ -75.547232657371453, 6.383287219750162 ], [ -75.54687517042349, 6.383682877096604 ], [ -75.546517580869534, 6.384042657102746 ], [ -75.546160090342212, 6.384438314194103 ], [ -75.545695224208714, 6.384906028636212 ], [ -75.545373592416752, 6.385301580855991 ], [ -75.544908418864722, 6.385661666995652 ], [ -75.5445148645952, 6.385985673518242 ], [ -75.543727139240119, 6.386418426897507 ], [ -75.543225388235911, 6.386527482593269 ], [ -75.54294944809007, 6.386503178152054 ], [ -75.542830810408248, 6.38649272817073 ], [ -75.542507856575156, 6.386421891790857 ], [ -75.542256622315804, 6.386350854031804 ], [ -75.541754463016503, 6.386316403629362 ], [ -75.541252811094722, 6.386461333509548 ], [ -75.540930669111049, 6.386677503743616 ], [ -75.540788239435273, 6.387036671775288 ], [ -75.540502467451319, 6.387432122832344 ], [ -75.540216696314531, 6.387827570664157 ], [ -75.540207325918161, 6.387835284715422 ], [ -75.539823133145092, 6.388151575894536 ], [ -75.539286129004296, 6.388475986371329 ], [ -75.538676988278254, 6.388657093565016 ], [ -75.538282512387369, 6.388658211393512 ], [ -75.537780246758288, 6.388587880224001 ], [ -75.537421531460552, 6.388553019716898 ], [ -75.53684815340813, 6.388698149148837 ], [ -75.536525804244064, 6.388842568297211 ], [ -75.536095366691626, 6.388807907326584 ], [ -75.535879889679833, 6.38870088895624 ], [ -75.535664110492064, 6.388486242748943 ], [ -75.535484298837432, 6.388307367323183 ], [ -75.535304888931392, 6.388271998204171 ], [ -75.535017792316197, 6.388201055758387 ], [ -75.534730495029081, 6.388058364020228 ], [ -75.534414403916514, 6.387964470973113 ], [ -75.534371575366563, 6.387951746456384 ], [ -75.534048823052615, 6.387952658262215 ], [ -75.533726068798273, 6.387953569871048 ], [ -75.53354676085894, 6.387954076233022 ], [ -75.533367453536158, 6.387954582530693 ], [ -75.533293991130762, 6.388013718130754 ], [ -75.533195076902302, 6.388093341794328 ], [ -75.533188548484148, 6.388098595297826 ], [ -75.533045711744379, 6.388314255939616 ], [ -75.53293853226522, 6.388458064913145 ], [ -75.532831450758351, 6.388637749417221 ], [ -75.532688411398979, 6.388781660851279 ], [ -75.532597150070799, 6.388812379851956 ], [ -75.532473441858855, 6.388854020463803 ], [ -75.532222814117006, 6.388998231636052 ], [ -75.532008353853854, 6.389249971321149 ], [ -75.531794194880192, 6.38960933950063 ], [ -75.53150841261008, 6.390004788048138 ], [ -75.53140183905299, 6.390363852705079 ], [ -75.530757035474636, 6.390616807062628 ], [ -75.53029083303673, 6.390618121325105 ], [ -75.52975320731484, 6.390727264628389 ], [ -75.529215481534848, 6.390800530568281 ], [ -75.528964649795824, 6.390872990014458 ], [ -75.528606031740651, 6.390873999814524 ], [ -75.52828358075314, 6.390982539635033 ], [ -75.528033051372091, 6.391162628013909 ], [ -75.527746659879341, 6.391342815331242 ], [ -75.527567854603063, 6.391522701720227 ], [ -75.527388747260062, 6.39159495617962 ], [ -75.527210042607294, 6.391810718738196 ], [ -75.526959514915461, 6.391990805493926 ], [ -75.526744946687472, 6.392206666941131 ], [ -75.526562183234134, 6.392364280877967 ], [ -75.526494516906837, 6.392422632338786 ], [ -75.526315610004119, 6.392566640313042 ], [ -75.525992854272118, 6.39256754771564 ], [ -75.525669793091907, 6.392460826110664 ], [ -75.525382696019832, 6.392389879779632 ], [ -75.525059937109575, 6.392390786580577 ], [ -75.524809002919426, 6.392427369278604 ], [ -75.524737882939746, 6.39264282781344 ], [ -75.524738688446874, 6.392929839362456 ], [ -75.524668175075462, 6.393360553722189 ], [ -75.524381678999276, 6.393504865297945 ], [ -75.524023862329997, 6.393792881423206 ], [ -75.523953044531524, 6.39411597010568 ], [ -75.523846465140878, 6.39447503452228 ], [ -75.523703924048888, 6.394798325857405 ], [ -75.523633004125799, 6.395085535737817 ], [ -75.523562286718317, 6.395444499484277 ], [ -75.523563494535438, 6.395875014459236 ], [ -75.523672388201703, 6.396341104246535 ], [ -75.523744918910609, 6.396627912561854 ], [ -75.523801151567994, 6.396728505058054 ], [ -75.523925136903586, 6.396950294943977 ], [ -75.524105557221475, 6.397344431680025 ], [ -75.524142425566652, 6.397703093183633 ], [ -75.524107470927191, 6.398026079279546 ], [ -75.523928863095207, 6.398277716488483 ], [ -75.52364297102865, 6.398637286053273 ], [ -75.523429809336619, 6.39935541516909 ], [ -75.523431118502373, 6.399821808927992 ], [ -75.523611940994016, 6.400359447676891 ], [ -75.52386408814607, 6.400753380154462 ], [ -75.524081179916408, 6.401434424768233 ], [ -75.524082590885612, 6.401936693376893 ], [ -75.523868521851298, 6.402331936182044 ], [ -75.523582730141982, 6.402727382462832 ], [ -75.523296634507503, 6.403015198534074 ], [ -75.523010436560028, 6.403267139482178 ], [ -75.522759800267423, 6.403411348137418 ], [ -75.522473299074335, 6.403555659340316 ], [ -75.522151239393907, 6.403807700066739 ], [ -75.521864738386711, 6.403952010382437 ], [ -75.521506712666366, 6.404168275212037 ], [ -75.521220313110291, 6.404348462836591 ], [ -75.52096977564041, 6.404528547805128 ], [ -75.520683175100487, 6.404636982545071 ], [ -75.520289185365328, 6.404817469765884 ], [ -75.520002079811519, 6.404746521844213 ], [ -75.519642948052422, 6.404568145179219 ], [ -75.519355744684944, 6.404461321744499 ], [ -75.518997115626931, 6.404462326966716 ], [ -75.51874607417912, 6.404463030476322 ], [ -75.518423608038049, 6.404571562654677 ], [ -75.518316521211091, 6.404751246546443 ], [ -75.518353290649515, 6.405074034036957 ], [ -75.51853380993677, 6.405504047410933 ], [ -75.518499151110021, 6.405934664311914 ], [ -75.518464091709845, 6.406221775114425 ], [ -75.518465096365219, 6.406580538149882 ], [ -75.518393974167225, 6.406795999251553 ], [ -75.51835881554544, 6.407047232430259 ], [ -75.518216567800025, 6.407478149605002 ], [ -75.518038055465695, 6.407765664954219 ], [ -75.517823679074297, 6.408053278244115 ], [ -75.517608901975521, 6.40819738471798 ], [ -75.517179345507003, 6.408485603793785 ], [ -75.516949288414779, 6.408563032578947 ], [ -75.516856878368401, 6.408594134972585 ], [ -75.516605835926015, 6.40859483788276 ], [ -75.516139310732427, 6.408488515661066 ], [ -75.515852304637008, 6.408453439631874 ], [ -75.515493773797232, 6.408490321960976 ], [ -75.515207368040521, 6.408670505949683 ], [ -75.515136443552464, 6.40895771599947 ], [ -75.515065317214749, 6.40917317448741 ], [ -75.51503005800302, 6.409388533289757 ], [ -75.514958831961607, 6.409568116626048 ], [ -75.514816179227623, 6.409855528565451 ], [ -75.514637563301306, 6.410107165631658 ], [ -75.514423086910085, 6.410358901684017 ], [ -75.514100915235417, 6.410575061443797 ], [ -75.513706820290551, 6.410719670552396 ], [ -75.513204932310131, 6.410792828412788 ], [ -75.512918324685572, 6.410901256780317 ], [ -75.512703642355262, 6.411081240740231 ], [ -75.512693033870846, 6.411238179214092 ], [ -75.512683384460701, 6.411380973696374 ], [ -75.512633318454775, 6.411583712668829 ], [ -75.51234731033972, 6.411907398944212 ], [ -75.512132531089421, 6.412051506958356 ], [ -75.51206130440886, 6.412231088917881 ], [ -75.511990176535946, 6.412446547341517 ], [ -75.511847423304658, 6.412698083135933 ], [ -75.511668704921107, 6.412913844483032 ], [ -75.511418261514734, 6.413129802238799 ], [ -75.511167515805823, 6.413238131136829 ], [ -75.51098869815047, 6.41341801460646 ], [ -75.510809779061873, 6.413562020934744 ], [ -75.510774714406324, 6.413849132208878 ], [ -75.510847443083009, 6.414207696173087 ], [ -75.510740752829051, 6.414530884734155 ], [ -75.510382915622159, 6.414818896731518 ], [ -75.510060339878621, 6.414891550858677 ], [ -75.509522483435418, 6.414928930303727 ], [ -75.509127583126073, 6.414786522355271 ], [ -75.508768744139189, 6.414715769018837 ], [ -75.508517498008359, 6.414644715610258 ], [ -75.508086632440609, 6.414466531428182 ], [ -75.507762957997087, 6.414144543626428 ], [ -75.507583240189433, 6.414001536225662 ], [ -75.507403422670961, 6.41382265347092 ], [ -75.507206318779609, 6.413749338962589 ], [ -75.507116212192003, 6.41371582380696 ], [ -75.506793437919086, 6.41371672211239 ], [ -75.5064348016775, 6.413717719985907 ], [ -75.506004534915547, 6.413754792401267 ], [ -75.505976558079936, 6.413766077339762 ], [ -75.505646295379108, 6.413899297230348 ], [ -75.50532411940921, 6.414115452118736 ], [ -75.505109236450934, 6.414223678728987 ], [ -75.504930814517877, 6.414547066267602 ], [ -75.504752590417155, 6.414942209460968 ], [ -75.504538502751529, 6.415337446631781 ], [ -75.504395744917431, 6.415588983205307 ], [ -75.50432511282321, 6.415983822970013 ], [ -75.504075258223281, 6.416415039510355 ], [ -75.504004227434109, 6.416666374240716 ], [ -75.503932900288149, 6.416810081118314 ], [ -75.503825805474321, 6.416989762966558 ], [ -75.503575353777251, 6.417205718034165 ], [ -75.503396432843985, 6.417349724394867 ], [ -75.50314568333394, 6.417458050178677 ], [ -75.502858969377186, 6.417530600116024 ], [ -75.502500327326914, 6.417531595832155 ], [ -75.502141586979889, 6.41749671342275 ], [ -75.501926303233674, 6.417461435226475 ], [ -75.501674558563764, 6.417210994844709 ], [ -75.501566667799977, 6.417103664731467 ], [ -75.501350586206826, 6.416781371389231 ], [ -75.501206336298978, 6.416494756870268 ], [ -75.501171187827026, 6.416390241843679 ], [ -75.501134011653775, 6.416279697910916 ], [ -75.500989758893724, 6.415993080750866 ], [ -75.500809544805179, 6.415670690076887 ], [ -75.50070125836919, 6.41541985123208 ], [ -75.500414148088311, 6.415348891813828 ], [ -75.500127334566216, 6.41538556341132 ], [ -75.499840620904877, 6.41545811150241 ], [ -75.499589869836427, 6.41556643614873 ], [ -75.499267591576, 6.41574671324376 ], [ -75.499017039979279, 6.415926794769629 ], [ -75.498860701724851, 6.416129019630308 ], [ -75.498766883880776, 6.416250376550821 ], [ -75.498624220039773, 6.416537786331507 ], [ -75.498373968013908, 6.416825496406648 ], [ -75.498087944418174, 6.417149178563903 ], [ -75.497694234962211, 6.41743728540602 ], [ -75.497443482330397, 6.417545608674775 ], [ -75.497013310508663, 6.417618552960498 ], [ -75.496798423091121, 6.417726777412565 ], [ -75.496763051952129, 6.417906259408408 ], [ -75.496763944134727, 6.418229150894046 ], [ -75.496728776300387, 6.418480384369136 ], [ -75.496586011086066, 6.418731917885907 ], [ -75.49615564045547, 6.418733107660408 ], [ -75.495965735426523, 6.418733632544456 ], [ -75.495904590778252, 6.418733801528926 ], [ -75.495877028716194, 6.418807950882162 ], [ -75.495797790386518, 6.41902111187564 ], [ -75.495906473425705, 6.419415459525109 ], [ -75.495907563466474, 6.419810101359964 ], [ -75.495764998283164, 6.420133388838085 ], [ -75.495442513690634, 6.420241909751407 ], [ -75.495228221078435, 6.42056539537796 ], [ -75.495157482106961, 6.420924360695075 ], [ -75.495086445268058, 6.42117569525011 ], [ -75.495051177642182, 6.42139105398833 ], [ -75.494800916402625, 6.421678763240308 ], [ -75.494550261262503, 6.42182296175033 ], [ -75.494299506318242, 6.421931285339273 ], [ -75.494156445923778, 6.42207518842925 ], [ -75.493977616055261, 6.422255066639533 ], [ -75.493942543451325, 6.422542178876807 ], [ -75.493907175096155, 6.42272166218822 ], [ -75.493800373155793, 6.423008974398154 ], [ -75.49380156119372, 6.423439492638234 ], [ -75.493802749318078, 6.423870012765338 ], [ -75.493803838512065, 6.424264659313224 ], [ -75.493733297856878, 6.424695376908058 ], [ -75.493698421396402, 6.425054241370916 ], [ -75.493627979716265, 6.425520836974847 ], [ -75.493629267117029, 6.425987233829495 ], [ -75.493630059417299, 6.426274249557125 ], [ -75.493487887251078, 6.426741040800383 ], [ -75.493273390197629, 6.426992774201707 ], [ -75.493023623931563, 6.427459863230229 ], [ -75.492880956663782, 6.427747272677671 ], [ -75.492738980410181, 6.428285819304254 ], [ -75.492524781324335, 6.42864518282293 ], [ -75.492320025180121, 6.429057669298484 ], [ -75.492310778046303, 6.429076295389642 ], [ -75.492132145968995, 6.429327928337365 ], [ -75.491989181558026, 6.429507706856548 ], [ -75.491882575176433, 6.4298667707493 ], [ -75.491812429643048, 6.430440998043103 ], [ -75.491741886911313, 6.430871718345283 ], [ -75.491742537936403, 6.431107692015132 ], [ -75.491742678749006, 6.431158730465487 ], [ -75.491636566999134, 6.43169717689835 ], [ -75.491386796444402, 6.432164267140923 ], [ -75.491064403513036, 6.432308665758519 ], [ -75.490634315946764, 6.432417483692117 ], [ -75.49031162837224, 6.432454252223181 ], [ -75.489845476620985, 6.432491413668657 ], [ -75.489164036639309, 6.432493292339743 ], [ -75.488877111524175, 6.432494083095648 ], [ -75.488446530974997, 6.432423515312653 ], [ -75.48819527624029, 6.432352453256769 ], [ -75.487944119022075, 6.43231726787425 ], [ -75.487621329705291, 6.432318156664358 ], [ -75.487298837674516, 6.432426675703713 ], [ -75.486940182768834, 6.432427662799451 ], [ -75.486545566261896, 6.432392872739374 ], [ -75.486258248935073, 6.432250152771708 ], [ -75.485863037201241, 6.432000100475417 ], [ -75.485611192024805, 6.431713775948307 ], [ -75.485548847703086, 6.431651752913865 ], [ -75.48535944504998, 6.431463329347249 ], [ -75.485107601064399, 6.431177005077 ], [ -75.484820184966807, 6.430998408465456 ], [ -75.484496904959343, 6.430819911408765 ], [ -75.484209587676574, 6.430677191861651 ], [ -75.484204059093997, 6.430675699821915 ], [ -75.483814773541326, 6.430570644347817 ], [ -75.483168706587776, 6.430393030964705 ], [ -75.482773891468256, 6.430286483816978 ], [ -75.482486675632956, 6.430179640649065 ], [ -75.48237858869436, 6.430000552459276 ], [ -75.4822346346145, 6.429821558142486 ], [ -75.482013605323104, 6.429727518511559 ], [ -75.481983281902075, 6.429714616920386 ], [ -75.481883151612692, 6.429753456539462 ], [ -75.481517525852709, 6.429895277997417 ], [ -75.481123792887985, 6.430183376133431 ], [ -75.480479098622368, 6.430508034757771 ], [ -75.480085367651171, 6.430796129781697 ], [ -75.479476440359292, 6.431084816090511 ], [ -75.479046251718756, 6.431157747634604 ], [ -75.478651827761979, 6.431194703168792 ], [ -75.478400966174206, 6.431267143695614 ], [ -75.478150301814793, 6.431411336770605 ], [ -75.477577237164311, 6.431699922504137 ], [ -75.477111084533504, 6.431737071743377 ], [ -75.476930237891665, 6.431685919252867 ], [ -75.476859829261542, 6.431666003697796 ], [ -75.476464918602076, 6.431523575243077 ], [ -75.476141932405625, 6.431452702059044 ], [ -75.475747313694853, 6.431417901443588 ], [ -75.475317025109021, 6.431454953650402 ], [ -75.474886542663768, 6.431420250217563 ], [ -75.474598639841304, 6.431062263295324 ], [ -75.47441882149505, 6.430883367223412 ], [ -75.474203337050085, 6.430776323504546 ], [ -75.473952180737626, 6.43074113212478 ], [ -75.473665453928845, 6.430813665653563 ], [ -75.47345006225386, 6.430742500518623 ], [ -75.473162845689814, 6.430635649853862 ], [ -75.472839569673283, 6.430457143221187 ], [ -75.472586215937952, 6.430319800302282 ], [ -75.472537528801325, 6.430293407688765 ], [ -75.472444463973574, 6.430242955848993 ], [ -75.47242033923439, 6.430243021529787 ], [ -75.47215754058638, 6.430243736938497 ], [ -75.471907067512731, 6.430459681980611 ], [ -75.471792944602583, 6.43055534445633 ], [ -75.471692361566554, 6.430639653548038 ], [ -75.471502411496473, 6.430776160013281 ], [ -75.471474692826988, 6.430796076918739 ], [ -75.471441792427598, 6.43081972074155 ], [ -75.471262757275028, 6.430927842994212 ], [ -75.471155745155684, 6.431143395594603 ], [ -75.470977196193587, 6.431430899354691 ], [ -75.470922085453878, 6.431510112132628 ], [ -75.47072711272223, 6.431790352337892 ], [ -75.470441064500761, 6.432114026993414 ], [ -75.470226554840153, 6.432365751087428 ], [ -75.470100018528939, 6.432445341147215 ], [ -75.469940115464198, 6.432545917253236 ], [ -75.469546373583228, 6.432834005126082 ], [ -75.469295800977633, 6.433014072913341 ], [ -75.469282054302283, 6.433025924371467 ], [ -75.469045324980186, 6.433230020240117 ], [ -75.468734259629912, 6.433438684343091 ], [ -75.468731523480642, 6.433440519142071 ], [ -75.468723119397708, 6.433446157302765 ], [ -75.46858033739673, 6.433697686121782 ], [ -75.468616787606152, 6.433912852580121 ], [ -75.468725067243938, 6.434163697456992 ], [ -75.468905077765896, 6.434414350528357 ], [ -75.468916230229112, 6.434439268752374 ], [ -75.46904941718951, 6.434736855165486 ], [ -75.469050099324306, 6.434987996100023 ], [ -75.469159842423096, 6.435776999704608 ], [ -75.468909560462421, 6.436064696386641 ], [ -75.468443985197055, 6.436317104164786 ], [ -75.467942153809773, 6.436426098073529 ], [ -75.467511762369867, 6.436427266975215 ], [ -75.466993117478381, 6.436290425361442 ], [ -75.466973382869412, 6.436285218460842 ], [ -75.46661433484806, 6.436142685867825 ], [ -75.466183648458127, 6.436036224088166 ], [ -75.465570608171049, 6.436010013995315 ], [ -75.465480650213081, 6.436006166220771 ], [ -75.465394502216441, 6.436002483007748 ], [ -75.464980440095403, 6.435865666254532 ], [ -75.464532940615271, 6.435717799960567 ], [ -75.463778979582372, 6.43543282390759 ], [ -75.463347907577884, 6.435182848849603 ], [ -75.462630005755273, 6.434969524939422 ], [ -75.462163164592297, 6.434755523847464 ], [ -75.461660657939561, 6.434613372021243 ], [ -75.461193913289605, 6.434435245839705 ], [ -75.460973684151128, 6.434362474529927 ], [ -75.460870830879273, 6.434328488874748 ], [ -75.460475627397514, 6.434078411773321 ], [ -75.459829460100238, 6.433864894335812 ], [ -75.459614456689437, 6.433937229038218 ], [ -75.459220320652022, 6.434081800474107 ], [ -75.459149056085153, 6.434169409577102 ], [ -75.458898588992938, 6.434477323967531 ], [ -75.458883784343072, 6.434490227503726 ], [ -75.458361857174395, 6.434945178805869 ], [ -75.457825124336921, 6.435413030755583 ], [ -75.457360121486658, 6.435880692794456 ], [ -75.457159051013846, 6.435925957398698 ], [ -75.457037520206114, 6.435953316034233 ], [ -75.456571259771593, 6.435954572284448 ], [ -75.456386592449363, 6.435924296697166 ], [ -75.45614067417597, 6.435883978198937 ], [ -75.455883614151858, 6.435827563963432 ], [ -75.455817685165854, 6.435813094683169 ], [ -75.455494891743456, 6.435813963644161 ], [ -75.455443094629132, 6.435827064549589 ], [ -75.455208154250329, 6.435886488606286 ], [ -75.454849780153978, 6.435995087524677 ], [ -75.454527181901341, 6.436067710521627 ], [ -75.45402505531338, 6.436069061574496 ], [ -75.453737931741358, 6.435998078056233 ], [ -75.453451002850571, 6.435998849648357 ], [ -75.452984551520302, 6.435928347318427 ], [ -75.452870989457708, 6.435941277370567 ], [ -75.452792583684015, 6.435950205624081 ], [ -75.45266185142512, 6.435965090591562 ], [ -75.452482520407798, 6.435965572278963 ], [ -75.452319838962595, 6.436067887096737 ], [ -75.452196072160277, 6.436145728336058 ], [ -75.452053890529541, 6.436268299155241 ], [ -75.451945587152167, 6.436361668168828 ], [ -75.45189905084429, 6.436385099766113 ], [ -75.451659039995235, 6.436505945710298 ], [ -75.451265092303871, 6.436722271981239 ], [ -75.451070437762326, 6.436677885915127 ], [ -75.451052295506443, 6.436673748800654 ], [ -75.450798538927046, 6.43661589037487 ], [ -75.450582862274331, 6.436437080790931 ], [ -75.450367378075043, 6.436330023311783 ], [ -75.450008426401951, 6.436223354814103 ], [ -75.449721205446494, 6.436116491868678 ], [ -75.449505625414446, 6.435973559092574 ], [ -75.44914648444761, 6.435795132571016 ], [ -75.448823303455072, 6.435652492134576 ], [ -75.44855271309757, 6.435653216853261 ], [ -75.448392907928564, 6.435653644790058 ], [ -75.448034438682711, 6.435726357987122 ], [ -75.44760433081953, 6.43583514225023 ], [ -75.447210187435189, 6.435979705754153 ], [ -75.446956806234638, 6.436064945819737 ], [ -75.446887677950031, 6.436088204120622 ], [ -75.44660122636563, 6.436268354314052 ], [ -75.446243523796724, 6.436628090328451 ], [ -75.446065536048621, 6.437130850196677 ], [ -75.445779464465673, 6.437454514944569 ], [ -75.445741925596863, 6.43747718417 ], [ -75.445421377208319, 6.437670738971075 ], [ -75.445134540931363, 6.437707385757125 ], [ -75.444944883459584, 6.437572635831597 ], [ -75.44488299688355, 6.437528666134913 ], [ -75.444523948876849, 6.437386114362926 ], [ -75.444201154823929, 6.437386976391153 ], [ -75.443950089806449, 6.437387646724364 ], [ -75.44359132660712, 6.437352731079944 ], [ -75.443268339199733, 6.43728183502807 ], [ -75.4429091959461, 6.437103404498963 ], [ -75.442621692640316, 6.436888902336708 ], [ -75.442262073751337, 6.43653108500823 ], [ -75.442010624139002, 6.436388246821174 ], [ -75.441687350740196, 6.436209718962544 ], [ -75.441443039565257, 6.436248974266796 ], [ -75.441006174575037, 6.436319165129518 ], [ -75.440845321394221, 6.436391191859077 ], [ -75.440683760751938, 6.436463537413779 ], [ -75.440504812424138, 6.436607523133748 ], [ -75.440326336881611, 6.436930898354571 ], [ -75.440183825607178, 6.437290056225038 ], [ -75.440086095038126, 6.437585969198274 ], [ -75.440077087125132, 6.437613241074231 ], [ -75.439862937304412, 6.438008463011542 ], [ -75.439612732309826, 6.438332034148893 ], [ -75.439398296265963, 6.43861962340166 ], [ -75.439183477739348, 6.438763708760948 ], [ -75.438825097220217, 6.438872293138349 ], [ -75.438430470965443, 6.438837463098697 ], [ -75.438250944669832, 6.438766189316354 ], [ -75.438143060702743, 6.438658840221141 ], [ -75.437891231273255, 6.438372486585315 ], [ -75.437819815339196, 6.438277763972273 ], [ -75.437783250276041, 6.438229262346447 ], [ -75.437172852728594, 6.437979743408135 ], [ -75.436998925862099, 6.437951217266153 ], [ -75.436957558017383, 6.437944435607008 ], [ -75.43688884898657, 6.437876069536781 ], [ -75.43674178910203, 6.437729743594307 ], [ -75.436586759646616, 6.437592632531448 ], [ -75.436418225257952, 6.437443579457653 ], [ -75.436059371294959, 6.43737277828917 ], [ -75.435377908011915, 6.4373745866056 ], [ -75.435055583806189, 6.437554826468723 ], [ -75.434769508812195, 6.437878484649335 ], [ -75.434483333354365, 6.438166268930807 ], [ -75.434053600956616, 6.43841855390443 ], [ -75.433336554024024, 6.438528085222668 ], [ -75.432906155189229, 6.438529225330498 ], [ -75.432512000822484, 6.43867378131306 ], [ -75.43229718224427, 6.438817861652364 ], [ -75.432278206200778, 6.438830008422354 ], [ -75.431908425399598, 6.439066773369824 ], [ -75.431903312106613, 6.439070050195745 ], [ -75.431617136683073, 6.439357828907717 ], [ -75.431402977246051, 6.439753055744841 ], [ -75.430937945785502, 6.440220695137473 ], [ -75.430471963355274, 6.440329561377229 ], [ -75.429790302479262, 6.440259607707617 ], [ -75.429431349123774, 6.440152921902627 ], [ -75.429179617499869, 6.439902443330077 ], [ -75.428927980820376, 6.43968784037849 ], [ -75.428786472961164, 6.439670526135917 ], [ -75.428640953460274, 6.439652717922701 ], [ -75.428465279814773, 6.439741165130837 ], [ -75.428282757897989, 6.439833055947748 ], [ -75.427924186017549, 6.439869880409006 ], [ -75.427637253125255, 6.439870637633689 ], [ -75.427099533406192, 6.439979688272253 ], [ -75.426638241082912, 6.440119443489429 ], [ -75.426382761895326, 6.440196846303365 ], [ -75.425675362972697, 6.440588468066029 ], [ -75.425666463903923, 6.440593390887024 ], [ -75.425324222684026, 6.440726101439438 ], [ -75.425200665418188, 6.440774010641377 ], [ -75.424735152324601, 6.441062258871728 ], [ -75.42417011919747, 6.441272183065667 ], [ -75.42405434097553, 6.441315198075444 ], [ -75.423989884155375, 6.441331497976606 ], [ -75.423624219305964, 6.441423961633781 ], [ -75.423265833992261, 6.44153254372128 ], [ -75.423050454624061, 6.441604988857925 ], [ -75.422835808035998, 6.441677182568135 ], [ -75.421939413125259, 6.441787173480247 ], [ -75.421150529011399, 6.441861004964728 ], [ -75.420791857492787, 6.441861947008505 ], [ -75.420400171450609, 6.441862975476216 ], [ -75.420361451726109, 6.441863077128058 ], [ -75.420075175619203, 6.442114973186204 ], [ -75.419860064467912, 6.442151415840964 ], [ -75.419465717992878, 6.44222420677167 ], [ -75.419250327045219, 6.442153015682557 ], [ -75.419160723006812, 6.442128825796907 ], [ -75.418855505177675, 6.442046416979448 ], [ -75.418532698435087, 6.442047263407709 ], [ -75.41821036789176, 6.442227498856763 ], [ -75.417923895421666, 6.442407638279963 ], [ -75.417745031248586, 6.442587500032211 ], [ -75.417565883196545, 6.442659723760453 ], [ -75.417314723318682, 6.442624508081636 ], [ -75.417063466995472, 6.44255340746815 ], [ -75.416704324963888, 6.442374957389969 ], [ -75.41634527699857, 6.44223238424992 ], [ -75.415986324914783, 6.442125689322449 ], [ -75.415861385971411, 6.442114660324645 ], [ -75.415591689575535, 6.442090846249933 ], [ -75.415233112741348, 6.442127659781267 ], [ -75.414695666617391, 6.442344334600953 ], [ -75.414409293115767, 6.442560352098443 ], [ -75.413979073031854, 6.442633235301383 ], [ -75.413368956424932, 6.442491314039884 ], [ -75.412974226292434, 6.442420585989446 ], [ -75.412921027186158, 6.442410753084467 ], [ -75.412400073346447, 6.442314452786508 ], [ -75.412076895772231, 6.442171782770441 ], [ -75.41161043329123, 6.442101245782457 ], [ -75.410964354828238, 6.441923541391787 ], [ -75.410512965696569, 6.441805972349375 ], [ -75.410282413198416, 6.441745925111526 ], [ -75.409995285955887, 6.441674918603297 ], [ -75.409492585647854, 6.441460953460982 ], [ -75.409205551943217, 6.441425827590415 ], [ -75.408811296101291, 6.441534485943841 ], [ -75.408417035623074, 6.441643147195304 ], [ -75.408282352576578, 6.44166274980746 ], [ -75.408166057453982, 6.441679680256414 ], [ -75.408093012154481, 6.441664219195715 ], [ -75.407663637889897, 6.441573352215908 ], [ -75.407232672714343, 6.44135920062185 ], [ -75.406909400869139, 6.441180648896978 ], [ -75.406586129222632, 6.441002097551092 ], [ -75.406298823182865, 6.440859330176103 ], [ -75.406239194129796, 6.440852861785658 ], [ -75.405975919909594, 6.440824293010401 ], [ -75.405617528037325, 6.440932858337618 ], [ -75.40531840700919, 6.441053443309581 ], [ -75.405080079429752, 6.44114952360832 ], [ -75.404954257353253, 6.441260229869012 ], [ -75.404793791818975, 6.441401412572407 ], [ -75.404471639134186, 6.441653396993381 ], [ -75.404113895228662, 6.442013107834317 ], [ -75.403863290567273, 6.442193147315596 ], [ -75.403505266966206, 6.442445221804523 ], [ -75.403075136467166, 6.442553976703653 ], [ -75.402573179867233, 6.442627031468646 ], [ -75.401999392808563, 6.442664398512861 ], [ -75.4015689855907, 6.442665512913788 ], [ -75.401066842793583, 6.442666812591931 ], [ -75.400603583600713, 6.442616534773578 ], [ -75.400421042095331, 6.442596724147549 ], [ -75.400026221438978, 6.442490110130201 ], [ -75.39959572133489, 6.442455342191096 ], [ -75.399517507074123, 6.442443514598679 ], [ -75.399129260501454, 6.442384793481377 ], [ -75.398590970306287, 6.442278548312093 ], [ -75.398052774689859, 6.442208181297655 ], [ -75.397622087025752, 6.442101657851058 ], [ -75.39690381438794, 6.441744726447247 ], [ -75.396621556944922, 6.441692542593209 ], [ -75.396329659348154, 6.441638573686088 ], [ -75.396114454109721, 6.441639128456718 ], [ -75.395792111082969, 6.441819351946361 ], [ -75.395326385237439, 6.44203582247604 ], [ -75.39486103336786, 6.442395804137409 ], [ -75.394288077560176, 6.442756064434469 ], [ -75.393858494444515, 6.443080074285152 ], [ -75.393644305955888, 6.443475291541052 ], [ -75.393429840359317, 6.443762869095355 ], [ -75.393358658693501, 6.44397832103591 ], [ -75.393287846052331, 6.444337288337483 ], [ -75.393252808777831, 6.444660282615029 ], [ -75.393074300024011, 6.444983650489018 ], [ -75.392788187839656, 6.445307291382303 ], [ -75.39239410815415, 6.445487694789094 ], [ -75.392143491690931, 6.445667734740308 ], [ -75.391893064457307, 6.445919525991535 ], [ -75.391642911621972, 6.446278953755709 ], [ -75.391464217022332, 6.446530560484138 ], [ -75.391428720375544, 6.446674166233564 ], [ -75.391393403003946, 6.446889527830297 ], [ -75.391358362131697, 6.447212522863417 ], [ -75.39121544352443, 6.447428161045217 ], [ -75.390892910617382, 6.447536630434065 ], [ -75.390677612804211, 6.447501300115395 ], [ -75.390355771975109, 6.44737042998111 ], [ -75.390139316320912, 6.447395049939626 ], [ -75.389994283162807, 6.447379307729602 ], [ -75.389816412260529, 6.447360000627018 ], [ -75.389458010962557, 6.447468556200615 ], [ -75.389207302828652, 6.447612713674928 ], [ -75.389167346823399, 6.447720137253761 ], [ -75.389100437656836, 6.447900016562365 ], [ -75.389137225921004, 6.448258707775185 ], [ -75.389246300707541, 6.448832479983952 ], [ -75.389426285337137, 6.449083168022014 ], [ -75.389605810393917, 6.449154464050828 ], [ -75.389821016208955, 6.449153911392198 ], [ -75.39000063594608, 6.449261083613873 ], [ -75.389929636026977, 6.449548296401648 ], [ -75.390109621892577, 6.449798981545225 ], [ -75.390217960700269, 6.45008572916332 ], [ -75.390254290139282, 6.450265030748099 ], [ -75.390254750840541, 6.450444422599695 ], [ -75.390112109368218, 6.45076769356125 ], [ -75.389969557353936, 6.451126842769046 ], [ -75.389863058291752, 6.451557656945468 ], [ -75.389756193143995, 6.451844961914972 ], [ -75.389685559616794, 6.452275683956472 ], [ -75.38968620451746, 6.452526829808054 ], [ -75.389686849450271, 6.452777978182951 ], [ -75.389687586545904, 6.453065004172416 ], [ -75.389581639376644, 6.453711092937571 ], [ -75.389474863446409, 6.454034269259008 ], [ -75.389367995302123, 6.454321574907613 ], [ -75.389404511220135, 6.454572628600115 ], [ -75.389441022148375, 6.454823682293505 ], [ -75.389441851499015, 6.455146589063716 ], [ -75.389514510051072, 6.455505185289319 ], [ -75.389659088284461, 6.45593535673143 ], [ -75.38952201059206, 6.456191161184961 ], [ -75.389516261226191, 6.456186873247844 ], [ -75.38926481271352, 6.456044003037071 ], [ -75.389013550491114, 6.455972891702295 ], [ -75.388726509364233, 6.45593775315831 ], [ -75.388332044224754, 6.455974642267055 ], [ -75.388081060810165, 6.456011167760618 ], [ -75.387794387807674, 6.456119539242806 ], [ -75.387507714650383, 6.456227908693286 ], [ -75.387292965099078, 6.456407850477071 ], [ -75.38704252889157, 6.456659642691616 ], [ -75.386970791012743, 6.456659826746964 ], [ -75.386683933987854, 6.456696443673167 ], [ -75.386468816051234, 6.456732873940325 ], [ -75.386217734950776, 6.456733517809994 ], [ -75.385787491908786, 6.456806377902886 ], [ -75.385178282325484, 6.457023208507024 ], [ -75.384891697191009, 6.457167459433073 ], [ -75.384318442096145, 6.457420075611537 ], [ -75.384067820114495, 6.457600112628654 ], [ -75.383745643369565, 6.457852081003619 ], [ -75.383422826451749, 6.457852907222268 ], [ -75.383099823491108, 6.457781980989736 ], [ -75.383015993219402, 6.457765432884095 ], [ -75.382740953705124, 6.457711141851448 ], [ -75.382382265458105, 6.457712059138672 ], [ -75.382136153701083, 6.457774269672019 ], [ -75.382095498671347, 6.457784549487418 ], [ -75.381844419138716, 6.457785191297933 ], [ -75.381485544928637, 6.457714351250861 ], [ -75.381389865050835, 6.457687268282726 ], [ -75.381234282143126, 6.45764323350086 ], [ -75.380947150636729, 6.457572209752467 ], [ -75.380659923199076, 6.457465309359396 ], [ -75.38037297427347, 6.457466042004096 ], [ -75.380050523270768, 6.457610382083185 ], [ -75.379799899266914, 6.457790412898152 ], [ -75.379477170838129, 6.457827113107335 ], [ -75.379154261926075, 6.457792060117313 ], [ -75.378795390230522, 6.457721218092356 ], [ -75.378328820104073, 6.457614773584748 ], [ -75.378041508445165, 6.457471988761405 ], [ -75.377718411914486, 6.457365178611081 ], [ -75.37739550318841, 6.457330120001288 ], [ -75.377036814445887, 6.457331033468545 ], [ -75.376678308214338, 6.457403701015281 ], [ -75.37646355351329, 6.457583641613969 ], [ -75.376249068012015, 6.45787121494001 ], [ -75.376087552200175, 6.45827811596142 ], [ -75.376035225481132, 6.458409942319516 ], [ -75.375892479831975, 6.458697335553261 ], [ -75.375749824650697, 6.459020604691919 ], [ -75.375606987485412, 6.459272119463773 ], [ -75.375575155804114, 6.459284949539352 ], [ -75.375248664500077, 6.459416548249859 ], [ -75.374980970808949, 6.45982040724828 ], [ -75.374962806310776, 6.459847817578019 ], [ -75.374676765310198, 6.460207330559715 ], [ -75.374283575020996, 6.460746508678668 ], [ -75.374033311062007, 6.461070053721336 ], [ -75.373765825167339, 6.461312086142019 ], [ -75.37367544187893, 6.461393869641903 ], [ -75.373629428977964, 6.461424720798554 ], [ -75.373245740262149, 6.461681994245367 ], [ -75.372779986124044, 6.461898447673615 ], [ -75.372617334896717, 6.461943262845899 ], [ -75.372385697440734, 6.462007082526728 ], [ -75.371919672619867, 6.462115902344152 ], [ -75.3715614372164, 6.462296205093416 ], [ -75.371203196472749, 6.462476508283839 ], [ -75.370845142380333, 6.462728565741767 ], [ -75.370673748477444, 6.462881737784905 ], [ -75.37052304752315, 6.463016414993312 ], [ -75.370200766670294, 6.463232502673684 ], [ -75.369949869478916, 6.463304898699036 ], [ -75.369448422458305, 6.463593195081714 ], [ -75.368910835468711, 6.463773953281855 ], [ -75.368266097495393, 6.464134372323489 ], [ -75.367801428061711, 6.464781365209245 ], [ -75.367802426501612, 6.46517602983165 ], [ -75.367839385307406, 6.465606482191273 ], [ -75.367912486171605, 6.466144477447795 ], [ -75.367842018102806, 6.466646959292373 ], [ -75.367879340497055, 6.467220921339685 ], [ -75.367915755000638, 6.467436106801845 ], [ -75.367952169528749, 6.467651282781723 ], [ -75.367952986897407, 6.467974192786325 ], [ -75.367953895120053, 6.468332976273157 ], [ -75.367990489578546, 6.468619911831759 ], [ -75.368027451895401, 6.469050364666291 ], [ -75.368028451175434, 6.469445029188776 ], [ -75.368137239174047, 6.469911175618233 ], [ -75.368317406808728, 6.470233626049833 ], [ -75.36842592522973, 6.470592139253135 ], [ -75.368390785012849, 6.470879261542368 ], [ -75.368389565205661, 6.470880208662351 ], [ -75.368332265321541, 6.470925022530345 ], [ -75.368068588904578, 6.471131227509037 ], [ -75.367674203398536, 6.471203981745628 ], [ -75.367244310440071, 6.471420346397867 ], [ -75.367219781621543, 6.471438281916271 ], [ -75.366850466711497, 6.471708371992975 ], [ -75.366528365032849, 6.471996217664273 ], [ -75.366349831934755, 6.472319577358849 ], [ -75.366349933189582, 6.472359600774542 ], [ -75.366350558099128, 6.472606605797822 ], [ -75.366280269731561, 6.47318084553012 ], [ -75.36617383949725, 6.473647535350775 ], [ -75.366138783837712, 6.473970538207858 ], [ -75.366139510058403, 6.474257562232317 ], [ -75.366097819734847, 6.474576479308265 ], [ -75.366069131434045, 6.474795923435135 ], [ -75.365926376826096, 6.475083313199832 ], [ -75.365819312683826, 6.475298859457741 ], [ -75.365698927308827, 6.475419886226881 ], [ -75.365533076145894, 6.47558661044247 ], [ -75.365354178551996, 6.47576645964973 ], [ -75.365103358134235, 6.475874728142657 ], [ -75.364744475684873, 6.47580387838282 ], [ -75.364492657533205, 6.475517486680822 ], [ -75.364133050111676, 6.475159607131626 ], [ -75.36395351503225, 6.475088303302297 ], [ -75.363738929784461, 6.475339997956482 ], [ -75.363560395864539, 6.475663360996204 ], [ -75.363453781713076, 6.476058293617655 ], [ -75.36341881754899, 6.476417168270672 ], [ -75.363455231654854, 6.476632354221863 ], [ -75.36349227768811, 6.477098681451849 ], [ -75.363457134877763, 6.477385798918096 ], [ -75.36342198954658, 6.47767292144465 ], [ -75.363351061843218, 6.477996008176152 ], [ -75.363244177390555, 6.478283309491246 ], [ -75.363065640550218, 6.478606668171967 ], [ -75.363102419255455, 6.47896536154617 ], [ -75.363066999988661, 6.479144847689717 ], [ -75.363238866132008, 6.479315883870846 ], [ -75.363246805964806, 6.479323785443665 ], [ -75.363498532658525, 6.479574301436504 ], [ -75.363499348711343, 6.479897211228476 ], [ -75.363356500978938, 6.48014872472455 ], [ -75.363070172449795, 6.480400595854192 ], [ -75.362906042572007, 6.48051064257535 ], [ -75.362855313047433, 6.480544654834581 ], [ -75.362640630348977, 6.480760472844445 ], [ -75.362533561415518, 6.480976014460555 ], [ -75.362534377027544, 6.481298922463292 ], [ -75.362535011419808, 6.481550072638083 ], [ -75.362679492020447, 6.481944373289501 ], [ -75.362787738860831, 6.482195251426877 ], [ -75.362788645450308, 6.482554037973483 ], [ -75.362646340770354, 6.483020821123304 ], [ -75.36232413709736, 6.483272785405187 ], [ -75.362037441484603, 6.483381146394436 ], [ -75.36171551346898, 6.483740748719509 ], [ -75.361675023666535, 6.48381203278678 ], [ -75.36142981196511, 6.484243772874105 ], [ -75.361179897305206, 6.484710829638836 ], [ -75.361072913340678, 6.484962249823951 ], [ -75.36085841377367, 6.485249822884249 ], [ -75.360715654160472, 6.485537216650723 ], [ -75.360545881116764, 6.48597714871217 ], [ -75.360466186049067, 6.486183664509078 ], [ -75.36032343043604, 6.486471051924543 ], [ -75.360237890053625, 6.486582857357188 ], [ -75.359965895481338, 6.486938384592129 ], [ -75.359607726364388, 6.487154559775661 ], [ -75.35945524717431, 6.487200729085547 ], [ -75.359249288001578, 6.487263098854186 ], [ -75.358747180640648, 6.487300246722789 ], [ -75.358352416080933, 6.487229483717734 ], [ -75.35799352276365, 6.487158630610086 ], [ -75.357634632017721, 6.48708777469615 ], [ -75.357203998952428, 6.487017101734978 ], [ -75.35645106370815, 6.487162515709262 ], [ -75.356235838329738, 6.487163057439211 ], [ -75.355769870277868, 6.487307746257915 ], [ -75.355739650393303, 6.487321270486941 ], [ -75.355447391906381, 6.487452068736328 ], [ -75.355232795177471, 6.487703760904502 ], [ -75.355018381151382, 6.488027213558141 ], [ -75.354911486207641, 6.488314511834776 ], [ -75.354882687256776, 6.488366675276342 ], [ -75.35473294310529, 6.488637873609822 ], [ -75.354676925385945, 6.488741208277045 ], [ -75.354518706862052, 6.489033076636037 ], [ -75.354268330367944, 6.48932073811654 ], [ -75.354089693911021, 6.48960822110471 ], [ -75.353731790174947, 6.489932027202023 ], [ -75.353641816529176, 6.49007682483715 ], [ -75.353581955620598, 6.49017315358595 ], [ -75.353553155754014, 6.490219510089474 ], [ -75.353543928650396, 6.490241811189996 ], [ -75.35342899849914, 6.490519659563372 ], [ -75.353387338499772, 6.490620374793039 ], [ -75.353374877146493, 6.490650501496749 ], [ -75.353369360136881, 6.490659384217174 ], [ -75.353196242957537, 6.49093798496942 ], [ -75.352909900684978, 6.491189852445807 ], [ -75.352623195349238, 6.491298211878256 ], [ -75.352193101186458, 6.491442805696508 ], [ -75.351834834866395, 6.491623102304818 ], [ -75.351584005601296, 6.491731368666738 ], [ -75.35122573879147, 6.491911663029732 ], [ -75.350939214955972, 6.492091774086202 ], [ -75.350652783363486, 6.492307764392287 ], [ -75.350366079223761, 6.492416118332685 ], [ -75.34972074737297, 6.492561254386082 ], [ -75.349362568967805, 6.492777426433545 ], [ -75.349112095870524, 6.493029204965257 ], [ -75.348861716149827, 6.493316866601546 ], [ -75.348575819190927, 6.493748128687411 ], [ -75.348217640029489, 6.493964300171591 ], [ -75.347716423267173, 6.494360221983282 ], [ -75.347358781043596, 6.494791666387663 ], [ -75.347143908042611, 6.494935720066337 ], [ -75.346785818930471, 6.495187769602513 ], [ -75.346499201711623, 6.495331999988458 ], [ -75.346212676508415, 6.495512112199648 ], [ -75.345854492384277, 6.495728281809594 ], [ -75.345604019824151, 6.495980061715318 ], [ -75.345389591946301, 6.496303507028074 ], [ -75.345354797933027, 6.496734143085732 ], [ -75.345319819618126, 6.497093019632079 ], [ -75.345249152882374, 6.497523742817286 ], [ -75.345032761382271, 6.497741259592367 ], [ -75.344927107915936, 6.497847462077662 ], [ -75.344424899335792, 6.497848716613426 ], [ -75.343959008617617, 6.498029273371682 ], [ -75.34352872302513, 6.498102107497701 ], [ -75.343062744646133, 6.498246782157953 ], [ -75.342847687331954, 6.49831907934912 ], [ -75.342704560835529, 6.498462955192448 ], [ -75.342418206778078, 6.49871482355648 ], [ -75.342167729081268, 6.498966597302243 ], [ -75.341952942052217, 6.499146528873752 ], [ -75.341738247421077, 6.49936233671113 ], [ -75.341451534169096, 6.499470688615911 ], [ -75.341200430010915, 6.499471314373579 ], [ -75.341021159787005, 6.499507642663911 ], [ -75.340949859433039, 6.499687218303514 ], [ -75.340914342625751, 6.499830818751224 ], [ -75.340771393821584, 6.500046451977877 ], [ -75.340664222866721, 6.500226115070635 ], [ -75.34055678193431, 6.500298138369072 ], [ -75.340234021858208, 6.500334821305938 ], [ -75.339982649276976, 6.500227812411126 ], [ -75.33969513406889, 6.500013250313081 ], [ -75.33951532601138, 6.499834302250491 ], [ -75.339335426320858, 6.499619477103575 ], [ -75.339083877682313, 6.499440709219435 ], [ -75.338832057817541, 6.499154300054961 ], [ -75.338545167911121, 6.499190895115632 ], [ -75.338402035325259, 6.499334764979299 ], [ -75.33811586033292, 6.499658386696368 ], [ -75.337829862008618, 6.500053771204257 ], [ -75.337435799801483, 6.500270023384864 ], [ -75.337327909333908, 6.500297285888763 ], [ -75.337149000637154, 6.500342494185514 ], [ -75.336826234816499, 6.500379175012334 ], [ -75.33646733439565, 6.500308307891451 ], [ -75.336252010206948, 6.500272963279059 ], [ -75.336233462454118, 6.500265596562578 ], [ -75.336072470060742, 6.500201648070743 ], [ -75.335892842859536, 6.500094458893297 ], [ -75.335723801594199, 6.500010448419342 ], [ -75.335677340785836, 6.499987355488308 ], [ -75.335390005652641, 6.499844551617358 ], [ -75.335102758967096, 6.499737626506636 ], [ -75.335055499230435, 6.499723574901957 ], [ -75.334743767590652, 6.49963088096845 ], [ -75.334385045504291, 6.499631770136922 ], [ -75.334026320842497, 6.499632659057415 ], [ -75.333667598024562, 6.499633547719004 ], [ -75.333309053419185, 6.499706196607775 ], [ -75.332878761259053, 6.499779015926794 ], [ -75.332484609521316, 6.499959385621707 ], [ -75.332162023670037, 6.500067825889406 ], [ -75.331982660722076, 6.500068269623611 ], [ -75.331731996364724, 6.500248286373829 ], [ -75.331409587452271, 6.500428479813731 ], [ -75.331158659178897, 6.500500854271714 ], [ -75.330799844810912, 6.500465862010092 ], [ -75.330405248443952, 6.500466837131587 ], [ -75.330154404106025, 6.500575094574153 ], [ -75.329796035027258, 6.500719497350023 ], [ -75.329509496846967, 6.500899601168282 ], [ -75.329187351485558, 6.501187428624373 ], [ -75.328829335673618, 6.501475346998493 ], [ -75.328471405409971, 6.501799144242355 ], [ -75.327934469632893, 6.502266897411886 ], [ -75.327562759237708, 6.50250477367484 ], [ -75.327540488621253, 6.502519024581517 ], [ -75.32721825262648, 6.502770974643841 ], [ -75.32707520317544, 6.50295072368003 ], [ -75.326789107135156, 6.503310220414633 ], [ -75.326784758393785, 6.50331459077595 ], [ -75.326610185242828, 6.503490057788959 ], [ -75.326503099100123, 6.503705599915328 ], [ -75.326288652598592, 6.50402904001572 ], [ -75.326109823068023, 6.50424475445643 ], [ -75.325787408565105, 6.504424947679528 ], [ -75.325563545875383, 6.504450383234968 ], [ -75.325464640503142, 6.504461620000619 ], [ -75.324962687090618, 6.504570493728075 ], [ -75.324711750300963, 6.504642869975115 ], [ -75.324434498567484, 6.504900109611995 ], [ -75.324246463485565, 6.50507456536495 ], [ -75.323995796023141, 6.505254578606063 ], [ -75.323852744719176, 6.505434327696609 ], [ -75.323709870370294, 6.505685832441639 ], [ -75.323710576100524, 6.505972865888072 ], [ -75.323818724458263, 6.506187878303145 ], [ -75.324107297719024, 6.506832994726182 ], [ -75.324143874341274, 6.507119937318624 ], [ -75.323893821820377, 6.507551105011018 ], [ -75.323715075869615, 6.507802700638194 ], [ -75.323464316252014, 6.507946837320251 ], [ -75.323456298561496, 6.507960948858411 ], [ -75.32331008380369, 6.507973213547853 ], [ -75.323149014210998, 6.50794536100447 ], [ -75.322997474205479, 6.507891484950097 ], [ -75.322847635109866, 6.5078376071882 ], [ -75.322771802369516, 6.507782434797988 ], [ -75.32258792333306, 6.507673269802989 ], [ -75.322410293892219, 6.507574251568133 ], [ -75.322200845286204, 6.507400750318055 ], [ -75.321982508348071, 6.507289397066458 ], [ -75.321795914423859, 6.507224315436329 ], [ -75.321681131473866, 6.507180531674557 ], [ -75.321615580912095, 6.507172780378152 ], [ -75.321474302684663, 6.507156171791646 ], [ -75.321150690312024, 6.507192003958835 ], [ -75.321095330178665, 6.507194391677125 ], [ -75.321042227817927, 6.507196789633714 ], [ -75.320981223979771, 6.507199193719533 ], [ -75.320849847015523, 6.507302350046835 ], [ -75.320752433044333, 6.507430290189404 ], [ -75.320656890873977, 6.507632803945214 ], [ -75.320620585514902, 6.507804659807732 ], [ -75.320621578540113, 6.507977551303519 ], [ -75.320629426105384, 6.508184337678742 ], [ -75.320618735271211, 6.508429586144899 ], [ -75.320599012057841, 6.508682769068859 ], [ -75.320565587737462, 6.508872699941399 ], [ -75.320476878194725, 6.509096673791088 ], [ -75.320394663424352, 6.509205356022125 ], [ -75.320267967819774, 6.509374038953304 ], [ -75.320140648978253, 6.509522388875073 ], [ -75.320105162757443, 6.509563164571226 ], [ -75.320040376989056, 6.509639030830634 ], [ -75.319998691872712, 6.509687729602405 ], [ -75.319915906071301, 6.509793029787421 ], [ -75.319888319408847, 6.509828123090617 ], [ -75.319689707290976, 6.510160846998332 ], [ -75.319612003201684, 6.510266139743255 ], [ -75.319548541303547, 6.510417723286039 ], [ -75.319489651023687, 6.510595281775817 ], [ -75.319451193165463, 6.510808956201615 ], [ -75.319420163710447, 6.511056517807852 ], [ -75.319382206905999, 6.511243066939549 ], [ -75.31937380983976, 6.511272465945623 ], [ -75.319330103053744, 6.511420610681213 ], [ -75.319317814626757, 6.511474887066644 ], [ -75.319298250271729, 6.511560813416946 ], [ -75.319287248383532, 6.511684017673876 ], [ -75.319283539920036, 6.511783479162965 ], [ -75.319281400438825, 6.511830944900705 ], [ -75.319279463998839, 6.511964297972224 ], [ -75.319282015660391, 6.512081823659184 ], [ -75.319257465265252, 6.512210698896777 ], [ -75.319262196858944, 6.51229545047693 ], [ -75.319269760449941, 6.512384703157643 ], [ -75.319286390631618, 6.51248636656458 ], [ -75.319264347832657, 6.512480774055458 ], [ -75.319165994313636, 6.512457274662715 ], [ -75.319022516233289, 6.512464409821934 ], [ -75.318910699630024, 6.512485034379907 ], [ -75.318888678333138, 6.512488469265882 ], [ -75.318833861026178, 6.512478434541098 ], [ -75.318743995801057, 6.512461700000323 ], [ -75.318681838708343, 6.512459598075466 ], [ -75.318553586433055, 6.512454265952545 ], [ -75.318441231920247, 6.512478261241679 ], [ -75.318293221219477, 6.512485409202924 ], [ -75.318214099060171, 6.512467519165384 ], [ -75.318165291098325, 6.512378366894129 ], [ -75.31810342914676, 6.512263256644708 ], [ -75.318064952981132, 6.51223622686123 ], [ -75.318011763176926, 6.512204722555044 ], [ -75.31790497042806, 6.512193678446838 ], [ -75.31778967285257, 6.512178133210007 ], [ -75.317690776036329, 6.512161431960202 ], [ -75.317595952391827, 6.512198955620825 ], [ -75.317509399290259, 6.512149441422661 ], [ -75.317447137969623, 6.512099869599481 ], [ -75.317348253831767, 6.512092208346072 ], [ -75.317245399614706, 6.512075507855126 ], [ -75.317141840211079, 6.512005698795083 ], [ -75.317075450912938, 6.511887204678608 ], [ -75.316976281884919, 6.511763136007183 ], [ -75.316868794263712, 6.511702379116375 ], [ -75.316774470098792, 6.511710522959753 ], [ -75.316684284169938, 6.511794368457497 ], [ -75.316572584169762, 6.511859054807729 ], [ -75.316461317292266, 6.511867241962594 ], [ -75.31634977060456, 6.511764669572013 ], [ -75.316328492924853, 6.511612166427501 ], [ -75.316262751009205, 6.51152644820991 ], [ -75.316217532666627, 6.511517514328986 ], [ -75.3161485634228, 6.511498474437012 ], [ -75.31598335204977, 6.511398303361311 ], [ -75.315810804197142, 6.511294757913895 ], [ -75.315459374710301, 6.511279798438192 ], [ -75.315415067297536, 6.511182719951076 ], [ -75.315269457339312, 6.511012438575499 ], [ -75.31522223026613, 6.510874682926122 ], [ -75.315207739298586, 6.510721033370821 ], [ -75.315200204103718, 6.510643078655338 ], [ -75.315035642751184, 6.510575684505877 ], [ -75.314892521485319, 6.510500312964869 ], [ -75.314856355563677, 6.510493615581687 ], [ -75.314759144964555, 6.510474643845416 ], [ -75.31463543221669, 6.510482861590035 ], [ -75.314565565221656, 6.510557611930707 ], [ -75.314433851747211, 6.510522910550005 ], [ -75.314406155561429, 6.510516190548472 ], [ -75.314360337469708, 6.510494827475739 ], [ -75.314302653658558, 6.510467855626452 ], [ -75.314217296667124, 6.510447718814145 ], [ -75.314121743834107, 6.510418573722383 ], [ -75.314078780124447, 6.510406243128593 ], [ -75.31407405975591, 6.510319239482349 ], [ -75.314069916731228, 6.510245794592358 ], [ -75.314057264906751, 6.510154299098865 ], [ -75.313999446174449, 6.510073069815387 ], [ -75.313907714141379, 6.509987408323799 ], [ -75.313813795015918, 6.509928880694655 ], [ -75.313636380087218, 6.509916880818896 ], [ -75.313439270098797, 6.509943354483223 ], [ -75.313326208332001, 6.509910850223317 ], [ -75.313231711283592, 6.509847805718234 ], [ -75.312963546280685, 6.509691380153022 ], [ -75.312600807722291, 6.5096719196797 ], [ -75.312328815662568, 6.509795762475274 ], [ -75.312221791058022, 6.509928244946135 ], [ -75.31205681988564, 6.509920734225112 ], [ -75.311912739887134, 6.509913170629051 ], [ -75.311780518567915, 6.509904452807653 ], [ -75.31164049633179, 6.509937562936248 ], [ -75.31150424813498, 6.509897225172452 ], [ -75.311360157460484, 6.509880618795645 ], [ -75.311281524325892, 6.509840126054396 ], [ -75.311322412630631, 6.509691990986006 ], [ -75.311280800479224, 6.509542927221474 ], [ -75.311231455525331, 6.509460549705022 ], [ -75.311214740157837, 6.509324987348926 ], [ -75.311107164435555, 6.509225808067072 ], [ -75.311019952262768, 6.509140132392606 ], [ -75.311007939513928, 6.509078004815212 ], [ -75.310982895469138, 6.509000099496749 ], [ -75.310970242560202, 6.508909719621698 ], [ -75.310900042840558, 6.508847731220353 ], [ -75.310808897735853, 6.508769989382586 ], [ -75.31078397794073, 6.508745180254589 ], [ -75.31071375208947, 6.508675290930928 ], [ -75.310519819696395, 6.508605702766541 ], [ -75.310322116800819, 6.508618616407009 ], [ -75.310173614282277, 6.508651749249168 ], [ -75.310033583719843, 6.508680339477664 ], [ -75.309914397932374, 6.508685151461364 ], [ -75.30976116718314, 6.508632417024458 ], [ -75.309625403250152, 6.508558154904271 ], [ -75.3094272070594, 6.50859931884515 ], [ -75.309179992356832, 6.508691458007672 ], [ -75.308986375131113, 6.50875746911554 ], [ -75.308850954337686, 6.508823338672993 ], [ -75.308739327757976, 6.508918540880444 ], [ -75.30857888202128, 6.508918930905079 ], [ -75.308199290927519, 6.508936798953187 ], [ -75.307877796269693, 6.508917241672769 ], [ -75.30776245858975, 6.50888023288509 ], [ -75.307613785576649, 6.50884330250749 ], [ -75.307481457784277, 6.508785984509586 ], [ -75.307275238577944, 6.508778581784043 ], [ -75.307093860079775, 6.508766587233268 ], [ -75.306920994747315, 6.508767006873413 ], [ -75.306801228310647, 6.508767297578384 ], [ -75.306689741589992, 6.508688465706065 ], [ -75.306561850780227, 6.508602887191923 ], [ -75.306458228299491, 6.508503697757213 ], [ -75.306380097026576, 6.508430434000907 ], [ -75.306276543342463, 6.508360624795646 ], [ -75.30620241695334, 6.508314471069205 ], [ -75.306144590515302, 6.508228720556559 ], [ -75.306037175617973, 6.508196211540991 ], [ -75.305934223536809, 6.508138829400441 ], [ -75.305822165666626, 6.508059989197097 ], [ -75.305733304574531, 6.507993536485053 ], [ -75.305702746563298, 6.507969879265669 ], [ -75.305591240990083, 6.507883134165677 ], [ -75.305442369662188, 6.507760315262008 ], [ -75.305301971313867, 6.507640875604821 ], [ -75.305124296977738, 6.507522648354964 ], [ -75.304938700597248, 6.507398791711267 ], [ -75.304836855750295, 6.507335751784122 ], [ -75.304818751232943, 6.507324496730522 ], [ -75.304717480322523, 6.507261456014586 ], [ -75.304561318007629, 6.507163522409982 ], [ -75.304372991662348, 6.507079228749753 ], [ -75.304256965301391, 6.50699249169568 ], [ -75.304075478334781, 6.506930769707271 ], [ -75.303877531669144, 6.506840851871871 ], [ -75.303741171815432, 6.506754166417856 ], [ -75.303654388060039, 6.50661424849714 ], [ -75.303559091118686, 6.506450614767374 ], [ -75.303447592091246, 6.506368389117085 ], [ -75.303286539338075, 6.506347315057699 ], [ -75.303084970468745, 6.506393006575291 ], [ -75.302684564393161, 6.506217675618959 ], [ -75.30228010081764, 6.506226568975677 ], [ -75.302045224738876, 6.506284776175182 ], [ -75.301827313416368, 6.506347447834333 ], [ -75.301637584695641, 6.506385200368676 ], [ -75.301427554199975, 6.50643882467536 ], [ -75.301196609005984, 6.50648459149112 ], [ -75.300974167866698, 6.506542756205498 ], [ -75.300776028569913, 6.506608775766693 ], [ -75.300603262568231, 6.506651002015502 ], [ -75.300401134564112, 6.506701216482753 ], [ -75.3001296047739, 6.506784367357294 ], [ -75.299890170329633, 6.506825620139995 ], [ -75.299659776548424, 6.506867999024486 ], [ -75.299482469207078, 6.506901195717436 ], [ -75.29930514275614, 6.506926480047177 ], [ -75.299177494782967, 6.506939222829118 ], [ -75.299066216575611, 6.506947392136482 ], [ -75.298806339924127, 6.506943499225333 ], [ -75.298642486054717, 6.506932599671984 ], [ -75.298080274926576, 6.506896665365609 ], [ -75.29793241193299, 6.506953520084409 ], [ -75.29790080048771, 6.50696603119691 ], [ -75.297842032877284, 6.506960526126111 ], [ -75.297759535080516, 6.50695281184845 ], [ -75.297723933181487, 6.506949502167387 ], [ -75.297665132913366, 6.506930432483689 ], [ -75.297635168762469, 6.506921467007238 ], [ -75.297540183786495, 6.506887783128619 ], [ -75.29743957994026, 6.506869954522383 ], [ -75.297298909096938, 6.506870293226381 ], [ -75.297233951505461, 6.506871581216274 ], [ -75.297168411148846, 6.506872864286102 ], [ -75.297048696393574, 6.506894625081401 ], [ -75.296942016752467, 6.506931050749127 ], [ -75.296811578379291, 6.50695734854791 ], [ -75.296755160560082, 6.506987999002529 ], [ -75.296691969580067, 6.507023174470046 ], [ -75.296644573841263, 6.507045893370318 ], [ -75.296553718933325, 6.507087923098727 ], [ -75.296428972996182, 6.507133427893859 ], [ -75.296269687365182, 6.50714398035694 ], [ -75.296057986086453, 6.507207775856401 ], [ -75.295840079438264, 6.507273843085777 ], [ -75.295486763269324, 6.507410305989687 ], [ -75.295376685262696, 6.507450118551557 ], [ -75.295281297076286, 6.507485382639384 ], [ -75.29518810360068, 6.507491256448823 ], [ -75.29509320290893, 6.507497133713187 ], [ -75.294947462480678, 6.507500874360534 ], [ -75.294826568112029, 6.507504548947658 ], [ -75.294694907622755, 6.507492441695391 ], [ -75.294580768731436, 6.507480280314688 ], [ -75.294541201899222, 6.507473601553766 ], [ -75.29445980962933, 6.507459107743436 ], [ -75.294311802065252, 6.507456067835999 ], [ -75.294127614432824, 6.507450865465554 ], [ -75.293974530918149, 6.507456877827096 ], [ -75.293936122427809, 6.507460365489255 ], [ -75.293897151361705, 6.507463842501355 ], [ -75.29386044646489, 6.507468450722271 ], [ -75.293787027377277, 6.507478794359507 ], [ -75.293633383843826, 6.507484821856764 ], [ -75.293559916551231, 6.507474819490007 ], [ -75.293489271487033, 6.507464821704385 ], [ -75.293435573783768, 6.507452526975239 ], [ -75.293323081594338, 6.507425672635687 ], [ -75.293167556671349, 6.507359364111061 ], [ -75.293087864155126, 6.507341486972891 ], [ -75.293052838121497, 6.50734270009103 ], [ -75.293017820917157, 6.507343909396841 ], [ -75.292918398140216, 6.507348669920905 ], [ -75.292666549077538, 6.507394478781698 ], [ -75.292572730894449, 6.507380000567693 ], [ -75.292477218174326, 6.507365544712069 ], [ -75.292416701758, 6.507334045411568 ], [ -75.292359003509603, 6.507304805073684 ], [ -75.292240175486526, 6.507222594225155 ], [ -75.292220936865519, 6.507209078183269 ], [ -75.292016500113377, 6.507005028135922 ], [ -75.291838562736714, 6.506774919191045 ], [ -75.291818153507833, 6.506748984835138 ], [ -75.291715214444423, 6.506697239106192 ], [ -75.291590289283448, 6.506668161658897 ], [ -75.29145863180662, 6.50665830597001 ], [ -75.29142351431824, 6.506616580823383 ], [ -75.291384422296005, 6.506570340681623 ], [ -75.291340648593732, 6.50645630718822 ], [ -75.291339470173085, 6.506434832304127 ], [ -75.291335351226834, 6.506368172367711 ], [ -75.291187330127016, 6.506366263116732 ], [ -75.291059106094281, 6.506372228885233 ], [ -75.290939438783298, 6.506413188758504 ], [ -75.290875668592122, 6.506441601855002 ], [ -75.290811900896912, 6.506470006098048 ], [ -75.29076564163347, 6.506494973602468 ], [ -75.290723888701692, 6.506517677843444 ], [ -75.290704140979386, 6.506530158231012 ], [ -75.290664083599211, 6.506555112772201 ], [ -75.290595836513546, 6.506600480915665 ], [ -75.290500510166638, 6.506661729795589 ], [ -75.290397693735187, 6.506661975938162 ], [ -75.290260387042139, 6.506649869619281 ], [ -75.290099908299226, 6.506635564355374 ], [ -75.289902732119046, 6.506629261757819 ], [ -75.289628247908311, 6.506663817327691 ], [ -75.289444068208098, 6.506660865006992 ], [ -75.289348012066569, 6.506650925494135 ], [ -75.289152489788833, 6.506631056460872 ], [ -75.288968203215276, 6.50657837998871 ], [ -75.288847105760013, 6.506498436839898 ], [ -75.288756522286221, 6.506415027795072 ], [ -75.288697584568581, 6.506102137054288 ], [ -75.288661544737636, 6.505912374656226 ], [ -75.288772002840929, 6.505800233466115 ], [ -75.288833989163138, 6.505736798869162 ], [ -75.288891051807695, 6.505736662459434 ], [ -75.289001273167997, 6.50576352332914 ], [ -75.289082071366096, 6.505767850247075 ], [ -75.289100039722058, 6.505721475338273 ], [ -75.289106743303833, 6.505687549106671 ], [ -75.289138006933285, 6.505531531623472 ], [ -75.289169207498176, 6.505351775255193 ], [ -75.289171005733607, 6.505157400449519 ], [ -75.289144561132346, 6.504966482924086 ], [ -75.289052330880907, 6.504904546709085 ], [ -75.288909790873817, 6.504832569666625 ], [ -75.288736194853598, 6.504765175530576 ], [ -75.288546754071774, 6.504688778990726 ], [ -75.288490206243139, 6.504665185170406 ], [ -75.288413304433774, 6.504632599776201 ], [ -75.288300827082253, 6.504611393292521 ], [ -75.288219439700882, 6.504596898346033 ], [ -75.288208052712903, 6.504557376890236 ], [ -75.288185824565403, 6.504480583881662 ], [ -75.288133135237132, 6.504412912038955 ], [ -75.288104833366503, 6.504393760692935 ], [ -75.288037495131604, 6.504346458589723 ], [ -75.287878635579432, 6.504297113097497 ], [ -75.287759341179992, 6.504261245375105 ], [ -75.28765078650062, 6.504223071722333 ], [ -75.287599336948631, 6.504207380523681 ], [ -75.287547901887081, 6.504191675392175 ], [ -75.287447126308535, 6.504103770222276 ], [ -75.287369571541916, 6.504036150683508 ], [ -75.287264106723356, 6.503875939465615 ], [ -75.287195405867422, 6.503734838592141 ], [ -75.287115457863734, 6.503609594366662 ], [ -75.287026448227451, 6.503477595379543 ], [ -75.286940374298837, 6.503390784694414 ], [ -75.286879706478743, 6.503300517933859 ], [ -75.286531529213505, 6.502752131429919 ], [ -75.286327589905483, 6.502516435130641 ], [ -75.286228029594554, 6.502462425591222 ], [ -75.286158918634399, 6.502378976662389 ], [ -75.286143587038765, 6.502347368703116 ], [ -75.286113496662708, 6.502285280494853 ], [ -75.286045367969791, 6.502145318440018 ], [ -75.286017542781238, 6.502082098269231 ], [ -75.286007318188069, 6.502058391151451 ], [ -75.285989143078567, 6.502018885779588 ], [ -75.285947125990262, 6.501928579439671 ], [ -75.285863539931484, 6.501703888033301 ], [ -75.285765391303769, 6.501532354830104 ], [ -75.285664659928614, 6.50145575498053 ], [ -75.285548332315642, 6.501475241630423 ], [ -75.285432040459597, 6.501510544745788 ], [ -75.285366526464472, 6.501520881463847 ], [ -75.285286152408446, 6.501455520666184 ], [ -75.285195963833161, 6.501303175949698 ], [ -75.285166993674096, 6.501236574349729 ], [ -75.285151652217195, 6.501201575970601 ], [ -75.285143137280613, 6.50118125956693 ], [ -75.28510564270286, 6.501094328317798 ], [ -75.28510244328524, 6.500936129111263 ], [ -75.285108426425097, 6.500843448925604 ], [ -75.285114415386602, 6.500747378963219 ], [ -75.28509981148504, 6.500543997653558 ], [ -75.28507748357228, 6.50041861569834 ], [ -75.285057042933857, 6.500372330451771 ], [ -75.285012729565494, 6.500270730441233 ], [ -75.285000807351707, 6.500247029222646 ], [ -75.284972990998924, 6.500190592241157 ], [ -75.284914438688546, 6.500037037958357 ], [ -75.284838996509905, 6.499910653340386 ], [ -75.284753578342077, 6.49985887292825 ], [ -75.284681200683735, 6.499831925830808 ], [ -75.28448574061666, 6.499599598605705 ], [ -75.284290283243791, 6.499367264317719 ], [ -75.284140472969654, 6.499085103319775 ], [ -75.284061757383171, 6.499001665427535 ], [ -75.284036195502466, 6.49894749062911 ], [ -75.28402370779115, 6.498920386428981 ], [ -75.284016300627385, 6.498893279616365 ], [ -75.283996920757943, 6.498819869236279 ], [ -75.28394646179764, 6.498746547293894 ], [ -75.283885267383567, 6.498669843428058 ], [ -75.283851844385694, 6.498628109077771 ], [ -75.283818375566327, 6.498570548774225 ], [ -75.283790013216532, 6.498522030431637 ], [ -75.283745686736182, 6.498413655780606 ], [ -75.28364817809998, 6.498270365682064 ], [ -75.283628331067177, 6.498241034062975 ], [ -75.283537626312622, 6.498104506653153 ], [ -75.28350731037024, 6.497947489499918 ], [ -75.28349750165134, 6.49786276047692 ], [ -75.283467236798231, 6.497727227914858 ], [ -75.283440581729224, 6.497683224954827 ], [ -75.283413929790697, 6.497639208724078 ], [ -75.283390134939907, 6.497609886471274 ], [ -75.283338003733533, 6.497545596619876 ], [ -75.283265517805603, 6.497468921993939 ], [ -75.283210409264058, 6.497342488023001 ], [ -75.283154835603355, 6.497253333727944 ], [ -75.283169335870838, 6.497171943632747 ], [ -75.283228404779265, 6.497068956594383 ], [ -75.283264360810477, 6.496981866957903 ], [ -75.283241982955005, 6.496841784140379 ], [ -75.283213405884254, 6.496701727415495 ], [ -75.283175314177484, 6.496596714346321 ], [ -75.283102201843519, 6.49649971645065 ], [ -75.28302914931416, 6.49642416775988 ], [ -75.282996904676438, 6.496405034844273 ], [ -75.282964653728925, 6.496385902572595 ], [ -75.282898487734741, 6.496353285480456 ], [ -75.282712940298651, 6.496247502982317 ], [ -75.282619975033384, 6.496117765872729 ], [ -75.282379652093795, 6.495783824372321 ], [ -75.28229187037617, 6.495690242691339 ], [ -75.282192195290023, 6.495583126362998 ], [ -75.282141769260008, 6.495524478935462 ], [ -75.28204271132509, 6.495442217920395 ], [ -75.281935216150629, 6.495374666315463 ], [ -75.281870098791131, 6.495308147624907 ], [ -75.281812331464124, 6.495249518203945 ], [ -75.281689586363015, 6.495184265930849 ], [ -75.281614544215856, 6.49522400093991 ], [ -75.281532651959679, 6.495232101305621 ], [ -75.281449133587273, 6.495269600765869 ], [ -75.281338998710424, 6.495280028782897 ], [ -75.281263914429132, 6.495302811848642 ], [ -75.28122041692221, 6.495304042197976 ], [ -75.281177489524126, 6.495305270560099 ], [ -75.281132798241003, 6.495283913275713 ], [ -75.281086433848941, 6.495262547956155 ], [ -75.280987962101833, 6.49519044955726 ], [ -75.280962437819056, 6.495148701248183 ], [ -75.280897224333785, 6.495042630067012 ], [ -75.280840500308301, 6.494947842184846 ], [ -75.280809882312695, 6.494897051189703 ], [ -75.280800772363278, 6.494867693947644 ], [ -75.280781993549581, 6.494807842234369 ], [ -75.280770505712766, 6.494729906676628 ], [ -75.280758382225926, 6.494620314784267 ], [ -75.280762850553771, 6.494598828919624 ], [ -75.280776252110698, 6.494532126432979 ], [ -75.280795313233867, 6.494471062250113 ], [ -75.280793464126603, 6.494406638922019 ], [ -75.280750845126008, 6.494301648268515 ], [ -75.280682752980397, 6.494172983917874 ], [ -75.280635194791984, 6.494127889822128 ], [ -75.280652470981266, 6.494028406385794 ], [ -75.280694717115495, 6.49398083812331 ], [ -75.280707574577178, 6.493919784227593 ], [ -75.280710279394157, 6.493868926228448 ], [ -75.280768815383468, 6.49377725109332 ], [ -75.280733148993704, 6.49374343667521 ], [ -75.28071502759812, 6.493726533936801 ], [ -75.280687821428813, 6.493693814651209 ], [ -75.280660636763542, 6.49366110983653 ], [ -75.28061077447235, 6.493599077394681 ], [ -75.280546761186656, 6.493523518770346 ], [ -75.280486715592289, 6.493454727114152 ], [ -75.280427252030663, 6.493394959771965 ], [ -75.280385319995844, 6.493340825968481 ], [ -75.280348492689924, 6.493293452027178 ], [ -75.280332623210953, 6.493270887161469 ], [ -75.280295771150705, 6.4932178546057 ], [ -75.280268528129355, 6.493163684093179 ], [ -75.280252065708851, 6.493130941846754 ], [ -75.280226473791743, 6.49305868506806 ], [ -75.280215101947206, 6.493025928865777 ], [ -75.280204883085275, 6.493003359448419 ], [ -75.280187280202384, 6.492963846043072 ], [ -75.280184725947265, 6.492841809643242 ], [ -75.280246105984048, 6.492758040873987 ], [ -75.280328995610688, 6.49269455534391 ], [ -75.280353238613671, 6.492674159294527 ], [ -75.280393842607609, 6.49264128185731 ], [ -75.280422593443191, 6.492620877020556 ], [ -75.280429802115776, 6.492558711850833 ], [ -75.2804132032376, 6.492468339426178 ], [ -75.280409177151554, 6.492440099831338 ], [ -75.28039941407836, 6.492374581940492 ], [ -75.28037945638286, 6.492293257696797 ], [ -75.280357819561559, 6.492223242765256 ], [ -75.280707831496542, 6.491644948502913 ], [ -75.280707697676206, 6.491588445506764 ], [ -75.280701985258645, 6.49156020927883 ], [ -75.280693414667127, 6.491517291032274 ], [ -75.280684108645403, 6.491404298874688 ], [ -75.280697944594053, 6.491285619112226 ], [ -75.280750278752123, 6.491199600965842 ], [ -75.280657954946363, 6.491095850766921 ], [ -75.280502866903603, 6.490971916913519 ], [ -75.280487581593079, 6.490959519964274 ], [ -75.280349383758917, 6.490809551280137 ], [ -75.280291112582503, 6.490773526472822 ], [ -75.280243594136877, 6.490744251313636 ], [ -75.280147587624185, 6.490758036474471 ], [ -75.280091710279123, 6.490777382744124 ], [ -75.280037522402893, 6.490796720587806 ], [ -75.279924678578297, 6.49085914470346 ], [ -75.279863205855037, 6.490904499595747 ], [ -75.279833328256942, 6.490926031716988 ], [ -75.279757638342602, 6.490934123938725 ], [ -75.279601105928293, 6.490910764799303 ], [ -75.279546269927039, 6.490893941943305 ], [ -75.279493123430228, 6.490877122028511 ], [ -75.279462580903058, 6.490859113848675 ], [ -75.279422977944904, 6.490836603203594 ], [ -75.279394125048213, 6.490819718207526 ], [ -75.279329081588614, 6.490784832701841 ], [ -75.27929796611815, 6.49076909223842 ], [ -75.279102357697127, 6.490706279111365 ], [ -75.278996587851182, 6.490651153170663 ], [ -75.278874439597359, 6.490596056472171 ], [ -75.278737082815852, 6.490564750633716 ], [ -75.278678338582552, 6.490570534342073 ], [ -75.27861960635272, 6.49057632243581 ], [ -75.278491427500654, 6.490599230546685 ], [ -75.278437768440341, 6.49060727236634 ], [ -75.278332740170626, 6.490623334788754 ], [ -75.278169528451102, 6.490646325648903 ], [ -75.277987084396756, 6.490658050886839 ], [ -75.27779325259992, 6.490629132642063 ], [ -75.277671146341746, 6.490595522195104 ], [ -75.277535524179271, 6.490576633088558 ], [ -75.277418639526203, 6.490600636388084 ], [ -75.277349770595293, 6.490623401573465 ], [ -75.276753050580467, 6.490790921811946 ], [ -75.276628779333919, 6.49079687579734 ], [ -75.276505067421837, 6.49080281517131 ], [ -75.276469476944868, 6.490801772001049 ], [ -75.276433885803456, 6.490800714937279 ], [ -75.276349151914928, 6.490805440124365 ], [ -75.276261638747641, 6.490824855619621 ], [ -75.27617246381709, 6.490858974572351 ], [ -75.276131897262701, 6.490905404393761 ], [ -75.276110485008957, 6.490930309277871 ], [ -75.276030505561451, 6.49102994952921 ], [ -75.276012485682088, 6.491055980540157 ], [ -75.275973066896341, 6.491112581391363 ], [ -75.275904446877334, 6.491234788486295 ], [ -75.275857249623755, 6.491345647881559 ], [ -75.275847704547303, 6.491368275431881 ], [ -75.275831973764227, 6.491403336229524 ], [ -75.275794867495236, 6.491484795443476 ], [ -75.275756100618509, 6.49157529629198 ], [ -75.275716062697967, 6.491603642467965 ], [ -75.275676022242834, 6.491631986753106 ], [ -75.27557277410142, 6.491689860950718 ], [ -75.275471642490245, 6.491683320610626 ], [ -75.275359178030556, 6.491665506044892 ], [ -75.275191307668308, 6.491627485364777 ], [ -75.275053361550235, 6.491585984707644 ], [ -75.275020030964924, 6.491582679843262 ], [ -75.274986690891467, 6.491579367421192 ], [ -75.274937554292222, 6.491585128069239 ], [ -75.27488842464787, 6.491590893748107 ], [ -75.274770968187767, 6.491614909215055 ], [ -75.274730890250879, 6.491626305271776 ], [ -75.274690807269948, 6.491637705126436 ], [ -75.274555307261494, 6.491670794489508 ], [ -75.274516351072194, 6.491681053119809 ], [ -75.274477394261339, 6.491691316800647 ], [ -75.27441529069408, 6.491705025442869 ], [ -75.27434194674548, 6.491751527993568 ], [ -75.274390348683397, 6.491914143422335 ], [ -75.274485749016804, 6.492362556917648 ], [ -75.274467787343681, 6.492411199110588 ], [ -75.27446105427731, 6.492429287898389 ], [ -75.274417186451231, 6.492509631391048 ], [ -75.274325892213724, 6.492605907735634 ], [ -75.274252560140781, 6.492652412794815 ], [ -75.274211926082799, 6.492670592849343 ], [ -75.274135169157631, 6.492703543069229 ], [ -75.274034117165698, 6.492730903849981 ], [ -75.273896894525507, 6.492753831611893 ], [ -75.273795779923574, 6.492759714643288 ], [ -75.273744941284491, 6.49276209132525 ], [ -75.273679968196788, 6.492761117206598 ], [ -75.273614437618932, 6.492760141866789 ], [ -75.273474338307409, 6.492760471881649 ], [ -75.273390138858929, 6.492750500867057 ], [ -75.273306505710877, 6.492740519031877 ], [ -75.273278249653117, 6.49273041876814 ], [ -75.273254476140977, 6.492714655579341 ], [ -75.273120498611377, 6.492674288684004 ], [ -75.27310514751764, 6.492633640543239 ], [ -75.273090365420941, 6.492594126460656 ], [ -75.27305335376569, 6.492472171476233 ], [ -75.272997836214955, 6.492405621808679 ], [ -75.272855544955121, 6.492433069973753 ], [ -75.272734199411545, 6.492481953606539 ], [ -75.27264899486218, 6.492525104201814 ], [ -75.27254113965607, 6.492544567642451 ], [ -75.272467652408139, 6.4925243905485 ], [ -75.272382828554697, 6.492487300064127 ], [ -75.272288378856757, 6.492442329252608 ], [ -75.272177490252858, 6.492372513033136 ], [ -75.272125413675582, 6.492327433017682 ], [ -75.272107276485443, 6.492302616250196 ], [ -75.272067596565904, 6.492247335828445 ], [ -75.271998621491718, 6.4922203754268 ], [ -75.271911032522226, 6.492211539307942 ], [ -75.271824057713985, 6.492223049881414 ], [ -75.271690808505426, 6.492255007949073 ], [ -75.271608389292993, 6.492281189665423 ], [ -75.27150507996879, 6.49231307728197 ], [ -75.271383695272718, 6.492341610019743 ], [ -75.271246461733696, 6.492358887877732 ], [ -75.271081959048971, 6.492317463071302 ], [ -75.270917470270206, 6.492276037542339 ], [ -75.270724254355912, 6.492267449451035 ], [ -75.270629995878622, 6.492303835759934 ], [ -75.270522145887455, 6.492325566406283 ], [ -75.270407516761452, 6.492350678742582 ], [ -75.270288303637543, 6.492344184276195 ], [ -75.270168418053501, 6.492286837683476 ], [ -75.270053558144724, 6.492213653114227 ], [ -75.269968737091958, 6.49217768747345 ], [ -75.269867586052769, 6.492168884735179 ], [ -75.269734240515135, 6.492160153144173 ], [ -75.269564212484639, 6.492165076865515 ], [ -75.269401432727321, 6.492128165037432 ], [ -75.269319490789911, 6.492115922263793 ], [ -75.26923585241795, 6.492103685351864 ], [ -75.269132481039819, 6.492107320877345 ], [ -75.269029102705659, 6.492110953872405 ], [ -75.268880000001346, 6.492125995718308 ], [ -75.268748937410606, 6.492128566416007 ], [ -75.268666473558326, 6.492135534375461 ], [ -75.268628644873075, 6.492141274854308 ], [ -75.268503277009785, 6.492160778525964 ], [ -75.268297102116264, 6.49217143834699 ], [ -75.268147459630754, 6.492198916353615 ], [ -75.268000684009849, 6.492243326417331 ], [ -75.267923929353884, 6.492278542133008 ], [ -75.267883867003832, 6.492296718480457 ], [ -75.267830785680317, 6.492304743990847 ], [ -75.267780517690099, 6.492312776793892 ], [ -75.267700228929044, 6.492280193697137 ], [ -75.267164043816024, 6.49200910285181 ], [ -75.266923100125595, 6.491887624223232 ], [ -75.266815250015597, 6.491910474970215 ], [ -75.266735080743587, 6.491932128628637 ], [ -75.26658098694692, 6.49198786145126 ], [ -75.26650309517558, 6.492017436716697 ], [ -75.26635409276642, 6.492075413837579 ], [ -75.266172964396773, 6.492167374725728 ], [ -75.266037576963868, 6.492249052195405 ], [ -75.265959766436779, 6.492313660472799 ], [ -75.265865584079492, 6.492382803828995 ], [ -75.265807532858418, 6.492440581852339 ], [ -75.265770331039363, 6.492476831272249 ], [ -75.265739891027962, 6.492507408696397 ], [ -75.265629953174212, 6.492600332557092 ], [ -75.265531229632956, 6.492659330392154 ], [ -75.265485524442127, 6.492680903877197 ], [ -75.265386772553683, 6.4927286052 ], [ -75.265212319233356, 6.492779865165961 ], [ -75.265165488942785, 6.492801441258162 ], [ -75.265115821993291, 6.492823030296275 ], [ -75.265003557900968, 6.492889975327305 ], [ -75.264891335026945, 6.492971595853287 ], [ -75.264852423342674, 6.493001075328948 ], [ -75.26481351100017, 6.49303054533183 ], [ -75.264781388304996, 6.493066785347441 ], [ -75.264749278868194, 6.493103027225207 ], [ -75.264790692686617, 6.493178639237769 ], [ -75.264808274206231, 6.493211372604097 ], [ -75.2648230406718, 6.493239584835759 ], [ -75.264859975151012, 6.493334421376158 ], [ -75.264879836850042, 6.493370539825278 ], [ -75.264926918183903, 6.493456317400632 ], [ -75.265012589620596, 6.493607553030252 ], [ -75.265051780736115, 6.493703508932764 ], [ -75.265093181535164, 6.493767837636728 ], [ -75.265124907221605, 6.49381183192796 ], [ -75.265177677056414, 6.493908895238771 ], [ -75.265225904751588, 6.493998055452206 ], [ -75.265267964254747, 6.494106449200761 ], [ -75.265277211632281, 6.494196828428773 ], [ -75.265280114379479, 6.494225070920319 ], [ -75.265282416024135, 6.49424654345216 ], [ -75.265285304771595, 6.494273658783474 ], [ -75.265296843799462, 6.494374213377014 ], [ -75.265301705867358, 6.494525633564603 ], [ -75.265330253381492, 6.494654386271144 ], [ -75.265346888326292, 6.494757180793904 ], [ -75.265356195842472, 6.494872438943151 ], [ -75.265338505438493, 6.495037464735649 ], [ -75.265332454375994, 6.495108667591616 ], [ -75.265325913051527, 6.495212657432976 ], [ -75.265328397768684, 6.495306444790589 ], [ -75.265330155146302, 6.495333563398216 ], [ -75.265333683368198, 6.495395715558789 ], [ -75.265322521102775, 6.495451115578028 ], [ -75.265292173446284, 6.495521248101994 ], [ -75.26527925402786, 6.49555178705576 ], [ -75.265274785016743, 6.495573272904505 ], [ -75.265259137965003, 6.495644498217974 ], [ -75.265255817076905, 6.495675023549747 ], [ -75.265250300282872, 6.495729283796265 ], [ -75.26526113580006, 6.495773324413374 ], [ -75.265268554397082, 6.495804949909818 ], [ -75.265347316187501, 6.495907600916269 ], [ -75.265455310896158, 6.495948035694461 ], [ -75.265569051460488, 6.496029138861488 ], [ -75.265651173771403, 6.49611709054307 ], [ -75.265759885484016, 6.496220796639669 ], [ -75.265782511969149, 6.496237698910008 ], [ -75.265824398177514, 6.496268116491706 ], [ -75.265841939959671, 6.496281628248397 ], [ -75.265886078462472, 6.496314299354928 ], [ -75.265961818133107, 6.496327679241283 ], [ -75.265982725898851, 6.496331025747732 ], [ -75.266016074287606, 6.496337733535835 ], [ -75.266065236619497, 6.496347785230245 ], [ -75.266198646886068, 6.496383637633869 ], [ -75.266364243530731, 6.496411499623385 ], [ -75.266402681757555, 6.496422706123735 ], [ -75.266623722677792, 6.496488870644974 ], [ -75.266642383673201, 6.496494474245225 ], [ -75.266854805065151, 6.496739205447106 ], [ -75.266903157952981, 6.496882607978023 ], [ -75.266926526874357, 6.496968445236657 ], [ -75.266949893622083, 6.497057661547796 ], [ -75.266962507032758, 6.497134483743778 ], [ -75.266968812262164, 6.497174015406255 ], [ -75.266974106032478, 6.497265539197734 ], [ -75.266967592346973, 6.497376305976417 ], [ -75.266950817784874, 6.497452053451198 ], [ -75.266936284599737, 6.497516504175778 ], [ -75.266923957938616, 6.497562867294544 ], [ -75.266902127826057, 6.49764767888847 ], [ -75.266886474924064, 6.497721160509524 ], [ -75.266827402261839, 6.497824134892589 ], [ -75.2667683032453, 6.497916948818823 ], [ -75.266708589435495, 6.497988279964702 ], [ -75.266635914643985, 6.498073203784323 ], [ -75.266594803618815, 6.498130939755971 ], [ -75.266576275704153, 6.498177315513338 ], [ -75.266492728550958, 6.498446470103598 ], [ -75.266426858028851, 6.498544937737556 ], [ -75.266397187720855, 6.498660278301411 ], [ -75.266320187395635, 6.498827706288797 ], [ -75.266252153612498, 6.498965736799818 ], [ -75.266213497637452, 6.499103698466264 ], [ -75.266215887365334, 6.499156801618007 ], [ -75.266250430971084, 6.499197405045827 ], [ -75.266266948553323, 6.499255009116052 ], [ -75.266258161360483, 6.499361253524611 ], [ -75.266249209040794, 6.499394046434155 ], [ -75.266236882151503, 6.499439268468183 ], [ -75.266226801328315, 6.499475456965715 ], [ -75.266204864521271, 6.499520715413016 ], [ -75.266188008443407, 6.499555792595686 ], [ -75.266168847436049, 6.499575047127344 ], [ -75.266133332219241, 6.499611295227243 ], [ -75.26603686048837, 6.499666893265594 ], [ -75.265945388389852, 6.49968631722448 ], [ -75.265824013902062, 6.499725020855092 ], [ -75.265734944835444, 6.499804333165056 ], [ -75.265666060808158, 6.49982257949679 ], [ -75.265505795191117, 6.499898665605315 ], [ -75.265386740878569, 6.499961104848957 ], [ -75.265308956174124, 6.500035868642957 ], [ -75.265224398338276, 6.500111788743563 ], [ -75.265189578938376, 6.500203398320021 ], [ -75.265021133447931, 6.50064565984307 ], [ -75.264913896676475, 6.500928430252912 ], [ -75.264886436860451, 6.501024553466301 ], [ -75.264937420101191, 6.501084326227087 ], [ -75.26501115982316, 6.501211845855899 ], [ -75.265133450954522, 6.501322319876763 ], [ -75.265214419991949, 6.501403488284225 ], [ -75.265299381130518, 6.501495955873811 ], [ -75.265382676434854, 6.501603116210504 ], [ -75.265416173362496, 6.501673099223844 ], [ -75.265434337277483, 6.501710348744112 ], [ -75.265442851267096, 6.50172841123819 ], [ -75.265487318002002, 6.501896695716809 ], [ -75.265503417737676, 6.502019830131207 ], [ -75.265518546565659, 6.502208520159787 ], [ -75.26551213603986, 6.502364488719721 ], [ -75.265486997860407, 6.502484334387777 ], [ -75.265478618722312, 6.502522775178772 ], [ -75.265463992138194, 6.502554454192584 ], [ -75.265439825785535, 6.502605362664511 ], [ -75.265397547499418, 6.502645010705539 ], [ -75.265378381189464, 6.502663135525406 ], [ -75.265355266695849, 6.502684665064979 ], [ -75.265314119055617, 6.50272318262834 ], [ -75.265248155137641, 6.502780974907214 ], [ -75.265204784369161, 6.502836451026557 ], [ -75.265182408960612, 6.502932562346615 ], [ -75.265171515950655, 6.503103222075453 ], [ -75.265140321569262, 6.503293156679586 ], [ -75.265129402729201, 6.503452517391057 ], [ -75.265100369791824, 6.503604018825389 ], [ -75.265071353233864, 6.503755508855242 ], [ -75.265049498280732, 6.503830155571517 ], [ -75.265032686205444, 6.503888950419441 ], [ -75.265005780848298, 6.503980554743745 ], [ -75.264999057943754, 6.504003170545509 ], [ -75.264990651414678, 6.504033707792818 ], [ -75.264971609414616, 6.504104941082485 ], [ -75.264953031076374, 6.50413098265334 ], [ -75.264934443749141, 6.504155882528302 ], [ -75.26486912256405, 6.504245309196595 ], [ -75.264782357661772, 6.504347218676738 ], [ -75.264740693173025, 6.504407212820968 ], [ -75.264727747013055, 6.504425323061565 ], [ -75.264702413058743, 6.504463801671463 ], [ -75.2646364416767, 6.504519332605803 ], [ -75.264533160303017, 6.50456365499041 ], [ -75.264468821232057, 6.50459205305129 ], [ -75.264400658426794, 6.504672445430444 ], [ -75.264361777673329, 6.504715485362329 ], [ -75.264290775713903, 6.50479702357158 ], [ -75.264151547964318, 6.504931815771826 ], [ -75.264045023606357, 6.505034898626079 ], [ -75.26386972546004, 6.505203698356805 ], [ -75.263693325501052, 6.505625628385676 ], [ -75.263653095125136, 6.505816702510288 ], [ -75.263645572156832, 6.505982851946097 ], [ -75.263644506084091, 6.506009970221012 ], [ -75.263604206198181, 6.506170538311036 ], [ -75.263570632021668, 6.506310741825789 ], [ -75.263502108025591, 6.506478153028912 ], [ -75.263466226333762, 6.506595771354835 ], [ -75.263419585232114, 6.506705499884209 ], [ -75.263407232275938, 6.506733783136927 ], [ -75.263334115902097, 6.506874079197917 ], [ -75.263275154620374, 6.507030173349122 ], [ -75.263230318246997, 6.507179443499052 ], [ -75.263217226264842, 6.507379508287521 ], [ -75.263238559390686, 6.507563649918886 ], [ -75.263256378585069, 6.507695829539024 ], [ -75.263262702832421, 6.507742140161472 ], [ -75.263269824599774, 6.507891298178698 ], [ -75.26327073445232, 6.508035946175301 ], [ -75.263267988374821, 6.508069849223759 ], [ -75.263265791668715, 6.508098117547085 ], [ -75.263112675061848, 6.508087170522732 ], [ -75.26296577717325, 6.508085257386238 ], [ -75.262855639453321, 6.508093416825496 ], [ -75.262706483357931, 6.50809376581007 ], [ -75.262531909007848, 6.508089663542744 ], [ -75.262382736980143, 6.508076454573981 ], [ -75.262217219001883, 6.508084742771576 ], [ -75.262102393700886, 6.508022860302649 ], [ -75.261986948624269, 6.507938377284113 ], [ -75.261858503388765, 6.507851662659121 ], [ -75.261757271685923, 6.507808957967871 ], [ -75.26168598965026, 6.507765046582499 ], [ -75.261605100799443, 6.507722296830405 ], [ -75.261419225149552, 6.507720467377549 ], [ -75.26131356256235, 6.507709413302827 ], [ -75.261256495726556, 6.50770728341838 ], [ -75.261159858795651, 6.507691692499336 ], [ -75.260994290090153, 6.507678514454902 ], [ -75.260806118941446, 6.507659737389577 ], [ -75.260643405365045, 6.507653340981818 ], [ -75.260523655725166, 6.507662660910203 ], [ -75.26035874439728, 6.507682268892463 ], [ -75.26022096346253, 6.507711965182068 ], [ -75.260159419329455, 6.507726798374787 ], [ -75.260035224016832, 6.507766648698716 ], [ -75.259235858577398, 6.508022769255302 ], [ -75.259152889120486, 6.508054619594557 ], [ -75.259043420845074, 6.50811250140892 ], [ -75.258880950249875, 6.508212325420288 ], [ -75.258752319561722, 6.508288336243258 ], [ -75.258613017559171, 6.50839263388578 ], [ -75.258482683127212, 6.508466394237384 ], [ -75.258356263109292, 6.508519797831109 ], [ -75.258234782931453, 6.508513306463932 ], [ -75.258131294496394, 6.508468337992941 ], [ -75.25797237760483, 6.50839525185118 ], [ -75.257832074068233, 6.5083130819872 ], [ -75.25766630389694, 6.508208380138321 ], [ -75.257489265842423, 6.508119509830763 ], [ -75.257300978569887, 6.508049884171658 ], [ -75.257121149334651, 6.50797459139449 ], [ -75.256969631030969, 6.507927485141458 ], [ -75.256868482635269, 6.507916412670607 ], [ -75.256691487514402, 6.5078456357978 ], [ -75.256466551839253, 6.507805469747225 ], [ -75.256296528154067, 6.507814910104699 ], [ -75.256092640989053, 6.507841377540231 ], [ -75.255931662386956, 6.507858697842668 ], [ -75.255819264971493, 6.507870262809874 ], [ -75.255686535809701, 6.50787960233183 ], [ -75.255025514623554, 6.507869845107201 ], [ -75.254653079554103, 6.507811956843241 ], [ -75.254499346732871, 6.507781793835061 ], [ -75.254377844961652, 6.50776624798219 ], [ -75.254294747026194, 6.507741584587574 ], [ -75.254177709666834, 6.507703439545161 ], [ -75.254058465964903, 6.507683377053048 ], [ -75.253959673276555, 6.507716378532198 ], [ -75.253849573409909, 6.507743745005463 ], [ -75.253732727346417, 6.507785840037723 ], [ -75.253636178882175, 6.507808658009857 ], [ -75.253528245735836, 6.50779760944415 ], [ -75.253445673212795, 6.507759381694296 ], [ -75.253348927121394, 6.507700838550807 ], [ -75.253275451765901, 6.507688573913502 ], [ -75.253137671255345, 6.507717148092347 ], [ -75.252961443483414, 6.50773450979047 ], [ -75.252825912463152, 6.507755161136171 ], [ -75.252693195405442, 6.507774692615449 ], [ -75.252410657878556, 6.50774595743437 ], [ -75.252314024615217, 6.507737138685883 ], [ -75.252176172897265, 6.507730681882169 ], [ -75.252036015981147, 6.507708409204245 ], [ -75.251923544110838, 6.507692839283958 ], [ -75.251769903119538, 6.507703376186775 ], [ -75.251604972552201, 6.507715050617886 ], [ -75.251428163043201, 6.507723377874459 ], [ -75.251317918094387, 6.507693113090713 ], [ -75.251216635494487, 6.507623285922755 ], [ -75.251105751256162, 6.507556873931204 ], [ -75.251009032566031, 6.507506245865375 ], [ -75.250898731284948, 6.507449987985421 ], [ -75.250822967981051, 6.507423052596923 ], [ -75.250735960581281, 6.507420983267682 ], [ -75.250104951383676, 6.50743600896357 ], [ -75.249732629007369, 6.507427828312391 ], [ -75.249620199947969, 6.507425836550969 ], [ -75.249486724998661, 6.507363980161891 ], [ -75.249341952664267, 6.507298775211385 ], [ -75.249167228309105, 6.507230244619429 ], [ -75.249042866185221, 6.507194362685738 ], [ -75.248884529745879, 6.507132579384596 ], [ -75.248757829173627, 6.507065064802227 ], [ -75.248619816657452, 6.506994180838106 ], [ -75.248523116530876, 6.506951465314987 ], [ -75.248424108428537, 6.506896319289108 ], [ -75.248329591850506, 6.506823082842068 ], [ -75.248242305243053, 6.506700111664827 ], [ -75.248161243286177, 6.506575984360747 ], [ -75.248119235275155, 6.50648906668911 ], [ -75.248098126037945, 6.506397575519092 ], [ -75.248091002224328, 6.506252946121656 ], [ -75.248104267262107, 6.50612408325026 ], [ -75.248133342836937, 6.505990673797708 ], [ -75.24816689172701, 6.505841415759601 ], [ -75.248177962020037, 6.505745333246988 ], [ -75.248115476442351, 6.505594057166526 ], [ -75.248004465909588, 6.505474519132388 ], [ -75.247915083218203, 6.505424998075355 ], [ -75.247772626618527, 6.505382389902366 ], [ -75.247705825047944, 6.50532490416273 ], [ -75.247613511646762, 6.50522453701516 ], [ -75.247523494028144, 6.505142254673597 ], [ -75.247380949740929, 6.50506461119253 ], [ -75.247339079575113, 6.505037583058044 ], [ -75.247155264063224, 6.504946464790446 ], [ -75.24699176570482, 6.50484853068491 ], [ -75.246860517106967, 6.50476633574721 ], [ -75.246819153702177, 6.504717830868785 ], [ -75.246777698568096, 6.504621878351475 ], [ -75.24674918841572, 6.50450780204352 ], [ -75.246719015509242, 6.504406164758354 ], [ -75.246693466347523, 6.504351973492302 ], [ -75.246643021812474, 6.504283152578623 ], [ -75.246585283707788, 6.504232431036723 ], [ -75.246514000575417, 6.50418739314091 ], [ -75.245909941438029, 6.503885928328508 ], [ -75.245625283244664, 6.503674130156174 ], [ -75.2455652166947, 6.503594034636357 ], [ -75.245484718747818, 6.503473300878877 ], [ -75.245281332533551, 6.503228541136092 ], [ -75.245225769827556, 6.503141651771944 ], [ -75.245184204026629, 6.502999350206036 ], [ -75.245167638392246, 6.502919147476156 ], [ -75.245171996533202, 6.502850212133566 ], [ -75.245189729705643, 6.502698736812302 ], [ -75.245223417371818, 6.502609384956255 ], [ -75.245262195843097, 6.502521153627523 ], [ -75.245280025394791, 6.502413744359199 ], [ -75.245267953138267, 6.502322244122034 ], [ -75.245283586515171, 6.502238581215121 ], [ -75.245354530471033, 6.502137839976214 ], [ -75.245473583373865, 6.502073148635397 ], [ -75.245618210676525, 6.502076208453573 ], [ -75.245675216530614, 6.502051206734301 ], [ -75.245700435047667, 6.501964131303968 ], [ -75.245672479207883, 6.501842151809285 ], [ -75.245623572219117, 6.501704389881109 ], [ -75.245590610936887, 6.501619714237545 ], [ -75.245532743170386, 6.501512488802081 ], [ -75.245422498306226, 6.501478845873905 ], [ -75.245266654720893, 6.501510838367004 ], [ -75.24513171927488, 6.501548443305367 ], [ -75.244911505893214, 6.501602059442941 ], [ -75.244823998374116, 6.501623733898505 ], [ -75.244682209700244, 6.50162858232834 ], [ -75.244557964554076, 6.501648078053908 ], [ -75.244482262972184, 6.501650516141684 ], [ -75.244378808775423, 6.501621379416118 ], [ -75.244261820830218, 6.501596780083236 ], [ -75.244179263447606, 6.501564195317506 ], [ -75.244123831930352, 6.501537198031055 ], [ -75.244093745563987, 6.501472852607044 ], [ -75.244065924715699, 6.501410767736822 ], [ -75.244026802105822, 6.501354355600526 ], [ -75.243915847544557, 6.501250638046514 ], [ -75.243798745209261, 6.501183106068193 ], [ -75.243656228644852, 6.501119019151176 ], [ -75.243123818204225, 6.500773309499071 ], [ -75.242999747953618, 6.500619894252253 ], [ -75.242976501063779, 6.500580399007045 ], [ -75.242932241471792, 6.500498002828987 ], [ -75.242909531306665, 6.500449457159991 ], [ -75.242970799626235, 6.500313709948298 ], [ -75.243091335587621, 6.500157473768748 ], [ -75.243214723813665, 6.500008023273747 ], [ -75.24326691602235, 6.499860988898138 ], [ -75.243252520945219, 6.499741234268281 ], [ -75.243192424149953, 6.499647578491459 ], [ -75.243107555095236, 6.499594664332626 ], [ -75.243049900868144, 6.499578968627535 ], [ -75.242990019696393, 6.499581370087988 ], [ -75.242942044605741, 6.499600690097846 ], [ -75.242859647051972, 6.499634780693082 ], [ -75.242736190556641, 6.49975259763151 ], [ -75.242686067912473, 6.499819383737666 ], [ -75.242623940143403, 6.499829696518429 ], [ -75.2424978715745, 6.499792691173951 ], [ -75.24238763930984, 6.499761301854452 ], [ -75.24230675546373, 6.499718547841056 ], [ -75.242198651998081, 6.499631778619026 ], [ -75.242053916468748, 6.499583519994552 ], [ -75.241904726330546, 6.499561264128602 ], [ -75.241713739344945, 6.499543618002974 ], [ -75.241599039371522, 6.499540485732886 ], [ -75.241424398755328, 6.499505859852057 ], [ -75.241339589462399, 6.49947893401805 ], [ -75.240682103942248, 6.499275900610186 ], [ -75.240431565087164, 6.499155544189179 ], [ -75.240274798220383, 6.499036111904495 ], [ -75.240124790272887, 6.498906498406427 ], [ -75.239917705589804, 6.498764589877322 ], [ -75.239729303287874, 6.498648622204168 ], [ -75.239457754455998, 6.498484248858034 ], [ -75.239273436753919, 6.498416863224339 ], [ -75.239046189171745, 6.498357488952706 ], [ -75.238894137815535, 6.498319417402971 ], [ -75.238751721703125, 6.498292618515507 ], [ -75.238634786044628, 6.498297405686699 ], [ -75.23850662652066, 6.498337243275838 ], [ -75.238273008102794, 6.498450796198281 ], [ -75.238135953669399, 6.498548296771496 ], [ -75.238067150747199, 6.498601562806545 ], [ -75.23799137196599, 6.498571232190038 ], [ -75.237864790915282, 6.498553437197803 ], [ -75.237692469266776, 6.498548174426784 ], [ -75.237534324167541, 6.49856436235698 ], [ -75.237346258342313, 6.498588521696576 ], [ -75.237054719128651, 6.498575630705457 ], [ -75.236834349195419, 6.498558049162835 ], [ -75.236694156658999, 6.498517684060552 ], [ -75.236601990134361, 6.498486261562348 ], [ -75.23655165179855, 6.498458126367197 ], [ -75.236498456134498, 6.498422080742756 ], [ -75.236443534540385, 6.49836456723822 ], [ -75.236358051398398, 6.498287923803154 ], [ -75.236226675093448, 6.498150348793192 ], [ -75.236111218450276, 6.498059072737501 ], [ -75.236007697438424, 6.497999413838524 ], [ -75.235823968612223, 6.497945590462102 ], [ -75.2357160424976, 6.497936805933353 ], [ -75.235638102653326, 6.497946014730989 ], [ -75.235495948571227, 6.498039001690454 ], [ -75.235416495176509, 6.498126200670313 ], [ -75.235356877443451, 6.498241606477713 ], [ -75.235291123863718, 6.498393196601722 ], [ -75.235193073184675, 6.498501902246208 ], [ -75.235069588242141, 6.498605027360966 ], [ -75.234931836155681, 6.498651667532958 ], [ -75.234840242095174, 6.498615720050189 ], [ -75.234706696030742, 6.498519967254008 ], [ -75.234669266307606, 6.498455632717377 ], [ -75.234657671879788, 6.49832909712222 ], [ -75.234622347782889, 6.498194686688858 ], [ -75.234592110922677, 6.498065932246018 ], [ -75.23456863444369, 6.497930378945878 ], [ -75.234505598047321, 6.497785864108625 ], [ -75.234404080562058, 6.497612069043797 ], [ -75.234352941800296, 6.497483353380602 ], [ -75.234264970685103, 6.497302730054351 ], [ -75.234188504927559, 6.497220413793343 ], [ -75.234060106708924, 6.497149510028972 ], [ -75.233853451411704, 6.49719630878371 ], [ -75.233640630026116, 6.497269128688927 ], [ -75.233464000946583, 6.497356546893069 ], [ -75.233312715916469, 6.497410000227983 ], [ -75.233211599545371, 6.497411357735423 ], [ -75.23308768729531, 6.497326885453809 ], [ -75.233027464601008, 6.49717785574488 ], [ -75.23298533588698, 6.497035558791371 ], [ -75.232952289505704, 6.496911321904815 ], [ -75.232908521634783, 6.496795023856912 ], [ -75.232873228007293, 6.49667983245152 ], [ -75.232831808454449, 6.496599696867928 ], [ -75.232774031401519, 6.496533145187406 ], [ -75.232691441903526, 6.496485875617815 ], [ -75.232601722949838, 6.496530158297826 ], [ -75.232540289940317, 6.496594713020905 ], [ -75.232434830628719, 6.496677439216665 ], [ -75.232336656174027, 6.496733035260256 ], [ -75.232219707039022, 6.496731047588273 ], [ -75.232123031051799, 6.496697369911271 ], [ -75.232033132852166, 6.496665929311813 ], [ -75.231957328864553, 6.49662428715347 ], [ -75.231909256183954, 6.496595007690349 ], [ -75.231736113486704, 6.496474484193477 ], [ -75.231621361159071, 6.496446493017967 ], [ -75.231476716925499, 6.496436654964839 ], [ -75.231316316864707, 6.496457365557813 ], [ -75.231185246080798, 6.496457663519823 ], [ -75.231045017742872, 6.496401471027031 ], [ -75.230925666433862, 6.496335072927568 ], [ -75.230780944512574, 6.496290194199723 ], [ -75.230670768680739, 6.496288178761329 ], [ -75.230597354034018, 6.496301905505693 ], [ -75.230468593317525, 6.496316887704818 ], [ -75.230381597599433, 6.49631935110488 ], [ -75.230299180192134, 6.496347790463037 ], [ -75.230232536662243, 6.496354718331183 ], [ -75.230125940428451, 6.496435201744539 ], [ -75.230066125932424, 6.496465844150219 ], [ -75.230019879620485, 6.496499858197442 ], [ -75.229978747151677, 6.496546283898059 ], [ -75.229934762487318, 6.496583678844221 ], [ -75.229883991047998, 6.496615429799775 ], [ -75.229819665577807, 6.49665060956492 ], [ -75.229743419640158, 6.496659824959234 ], [ -75.229685796718783, 6.4966577038944 ], [ -75.229623614917742, 6.496644280058312 ], [ -75.229515110260479, 6.49662531649053 ], [ -75.229434270581976, 6.496600631338563 ], [ -75.229321143674753, 6.496543259093031 ], [ -75.229240237399665, 6.496490321895472 ], [ -75.229150285507671, 6.496435153319808 ], [ -75.229076189563102, 6.496393506806104 ], [ -75.228999814819417, 6.496345090840911 ], [ -75.228956243300487, 6.496315803376191 ], [ -75.228912126420113, 6.496289917078197 ], [ -75.228873080526569, 6.496260614285738 ], [ -75.228828944638124, 6.496232467293002 ], [ -75.22876896603897, 6.496189658967051 ], [ -75.228688098372984, 6.496154818141271 ], [ -75.228619133736672, 6.496136889354904 ], [ -75.228570525773051, 6.496124566846824 ], [ -75.228498739576338, 6.496106646967466 ], [ -75.228411177553639, 6.496111367617026 ], [ -75.228358132240785, 6.496135215452199 ], [ -75.228300551116035, 6.496155696997015 ], [ -75.22824971110019, 6.496158066681375 ], [ -75.228201684331225, 6.496155921153441 ], [ -75.228125383149759, 6.496135743148397 ], [ -75.228067694462865, 6.496109878061169 ], [ -75.228035408370943, 6.496070404899275 ], [ -75.227998557634692, 6.496015113184601 ], [ -75.227970203441117, 6.495967715392599 ], [ -75.227754784948658, 6.495643870981311 ], [ -75.227518256592106, 6.495472636905681 ], [ -75.227343633500752, 6.495445893631064 ], [ -75.227166230506327, 6.495438393635951 ], [ -75.227097337688022, 6.495454366567817 ], [ -75.227025625766998, 6.495468091459617 ], [ -75.226974798594838, 6.495476117222516 ], [ -75.226903628034549, 6.495478532799055 ], [ -75.226829577307853, 6.49546176141051 ], [ -75.226760541198573, 6.495413314534844 ], [ -75.22671862854132, 6.495363692926599 ], [ -75.226702684990386, 6.495308344908342 ], [ -75.226686150802948, 6.495240583151691 ], [ -75.226658254537028, 6.495149110704741 ], [ -75.226632723318474, 6.495100576681629 ], [ -75.226591247906029, 6.494994442741593 ], [ -75.226560600411361, 6.494934605272036 ], [ -75.226537894578058, 6.494886068002543 ], [ -75.226502743165867, 6.494833035543675 ], [ -75.226463636838545, 6.494777753827048 ], [ -75.226421757401113, 6.494740544653528 ], [ -75.226366344468374, 6.494718064642875 ], [ -75.226290640833014, 6.494720504266578 ], [ -75.226214361841812, 6.494716166144894 ], [ -75.226126790849122, 6.494711830195428 ], [ -75.226031873406242, 6.494709790526993 ], [ -75.225974225101368, 6.494697488186514 ], [ -75.22592618498868, 6.494688554569379 ], [ -75.2258707906322, 6.494675119277744 ], [ -75.225773580900281, 6.49465725394089 ], [ -75.225718170574893, 6.494635915579323 ], [ -75.225628109457745, 6.494532147713556 ], [ -75.225535228109536, 6.494429518462681 ], [ -75.225477395290554, 6.494334729446578 ], [ -75.225396388939245, 6.494242235864807 ], [ -75.225338641076746, 6.49418473734082 ], [ -75.225315937965092, 6.494138453768379 ], [ -75.225278441498361, 6.494046995313703 ], [ -75.225261853922603, 6.49395549527096 ], [ -75.225226757465933, 6.493920547787386 ], [ -75.225160390680614, 6.493803163737262 ], [ -75.225074856818395, 6.493702786061846 ], [ -75.22504083004678, 6.493647490184369 ], [ -75.22501523383238, 6.493565047727419 ], [ -75.224980566118177, 6.493479232775208 ], [ -75.224962399513771, 6.49343633380985 ], [ -75.224932287981929, 6.493360680586964 ], [ -75.224908954847223, 6.493287282248179 ], [ -75.224895292291507, 6.493240971266463 ], [ -75.224878756579599, 6.493174337235548 ], [ -75.22487179000322, 6.493089600774855 ], [ -75.224875967994421, 6.492942673413733 ], [ -75.224871333115004, 6.492887312994284 ], [ -75.224873364392721, 6.492788991176131 ], [ -75.224873155081312, 6.492696314884245 ], [ -75.224868368448796, 6.492577671982342 ], [ -75.224861481085412, 6.492531352633453 ], [ -75.224852140612839, 6.492393500635547 ], [ -75.224854208264389, 6.492310997545054 ], [ -75.224844340518843, 6.492195747113811 ], [ -75.224832826605379, 6.492097458419117 ], [ -75.224821333158474, 6.492010466392646 ], [ -75.224816614832832, 6.491922331851026 ], [ -75.224806831353291, 6.491844385204466 ], [ -75.224684156926585, 6.49130785956455 ], [ -75.224683575222741, 6.49105019482505 ], [ -75.224692366338218, 6.490941690747327 ], [ -75.22472666965237, 6.490870421036039 ], [ -75.22476771992568, 6.490783310326105 ], [ -75.22479747845955, 6.490702997212079 ], [ -75.224813062524248, 6.490601265675107 ], [ -75.22481508171866, 6.490496157889165 ], [ -75.224794386520387, 6.490335731135772 ], [ -75.224764219169018, 6.490236341554318 ], [ -75.224701855712851, 6.490135915147217 ], [ -75.224532114873242, 6.490021030730659 ], [ -75.224447290991634, 6.48998279988426 ], [ -75.224382843348934, 6.489963722202603 ], [ -75.224312122019171, 6.489918689924163 ], [ -75.224139675176048, 6.489856917845334 ], [ -75.224068446694446, 6.489833346586256 ], [ -75.223951420498608, 6.489797459155895 ], [ -75.223907889905163, 6.489783980986292 ], [ -75.223827615938234, 6.489758178208067 ], [ -75.223754684762994, 6.489737996158436 ], [ -75.223669328970786, 6.489711070662114 ], [ -75.223603172180958, 6.489685229049265 ], [ -75.223522885467062, 6.489653762413568 ], [ -75.223417140934203, 6.489612186196521 ], [ -75.223389980807866, 6.489594169162434 ], [ -75.222907946543273, 6.489276567751485 ], [ -75.222691714218513, 6.489083806587832 ], [ -75.222648104826249, 6.489035315505038 ], [ -75.222583572694433, 6.488977822316429 ], [ -75.222500992844445, 6.488933939245385 ], [ -75.222333673395582, 6.48888910851408 ], [ -75.222228002888656, 6.488880304280116 ], [ -75.222252557841657, 6.488743516821067 ], [ -75.222308921270425, 6.488685746156371 ], [ -75.222356238616825, 6.48862688318312 ], [ -75.222423242206247, 6.48852840541851 ], [ -75.222463766609465, 6.488461644542483 ], [ -75.222510490090812, 6.488384686287603 ], [ -75.22256229098106, 6.488308859586596 ], [ -75.222593233439085, 6.4882534170229 ], [ -75.222662501633991, 6.48815494171668 ], [ -75.222723322467431, 6.488068913166263 ], [ -75.222760999889502, 6.487996498017541 ], [ -75.222789041155252, 6.487901512396483 ], [ -75.222808698727704, 6.48784834715272 ], [ -75.222837324893504, 6.4877691777758 ], [ -75.222867614981723, 6.487671923825928 ], [ -75.222896232815685, 6.487585979842176 ], [ -75.222910745637918, 6.487507966956336 ], [ -75.222934267044437, 6.487417500991839 ], [ -75.22297584186731, 6.487315698876657 ], [ -75.223013582211763, 6.487270406077279 ], [ -75.223021894536359, 6.487194677373527 ], [ -75.223041549570056, 6.48714152413234 ], [ -75.223052147752739, 6.487086124886527 ], [ -75.223058232938868, 6.487027342816738 ], [ -75.223034901603697, 6.486701921027844 ], [ -75.223129252447904, 6.486453096448326 ], [ -75.223301091304378, 6.486244768950229 ], [ -75.223343256597673, 6.486158784954039 ], [ -75.223370662615309, 6.486033280852883 ], [ -75.223364912657473, 6.485986963289943 ], [ -75.223324027010605, 6.485895512768654 ], [ -75.223306927473701, 6.485828879230322 ], [ -75.223241243988923, 6.485761221667214 ], [ -75.223174924846916, 6.485664181031687 ], [ -75.223172427172756, 6.485555704253816 ], [ -75.223172761803838, 6.485451727405351 ], [ -75.223157943582521, 6.485396385438964 ], [ -75.223165069214161, 6.485300311539373 ], [ -75.223180152140898, 6.485223435949479 ], [ -75.22320079216064, 6.485108116617084 ], [ -75.22322656030461, 6.485008607079674 ], [ -75.223208822614623, 6.484911459474247 ], [ -75.223142569078902, 6.484839277900107 ], [ -75.223061080631084, 6.48477844820496 ], [ -75.22298644863406, 6.484752622959551 ], [ -75.222863805441037, 6.484726903333389 ], [ -75.222787474448225, 6.484698821148278 ], [ -75.222715669636074, 6.484670732544391 ], [ -75.222631966124766, 6.484627981635089 ], [ -75.222562454092099, 6.484620224983324 ], [ -75.222495191412051, 6.484603418422292 ], [ -75.222460093997029, 6.484569600327745 ], [ -75.222399530710106, 6.484520006218926 ], [ -75.222332623910546, 6.484408283956729 ], [ -75.222296918223961, 6.484355255388614 ], [ -75.222263400987856, 6.48427508675395 ], [ -75.222201001468079, 6.484163349894718 ], [ -75.222080931980756, 6.48377486655118 ], [ -75.222056594325309, 6.483502567773165 ], [ -75.222226219081676, 6.483067099907753 ], [ -75.222235581553548, 6.482955192017954 ], [ -75.222248796659358, 6.482808258057577 ], [ -75.222251377883566, 6.482699769795381 ], [ -75.222244966406805, 6.482609370605026 ], [ -75.22224756797749, 6.482511045500967 ], [ -75.222256858755685, 6.482374282946264 ], [ -75.222264020215647, 6.482294032197906 ], [ -75.222278203284219, 6.482070243059397 ], [ -75.222294969381622, 6.481986568224869 ], [ -75.222350306332913, 6.481723132438706 ], [ -75.222365447838655, 6.481672243816234 ], [ -75.222386119266602, 6.481575011568736 ], [ -75.222410219719521, 6.481489075279718 ], [ -75.222441126280032, 6.481416672927072 ], [ -75.222455666457719, 6.481347704828551 ], [ -75.222491094095076, 6.481275294193907 ], [ -75.222516237574197, 6.481150938215325 ], [ -75.222570894363685, 6.48109204491913 ], [ -75.222596700708479, 6.481008363629943 ], [ -75.22262762250196, 6.480943874444307 ], [ -75.222693926135392, 6.480787769209346 ], [ -75.222743500468027, 6.480724374084108 ], [ -75.222796991417027, 6.48064514625732 ], [ -75.222971685380685, 6.480454894805838 ], [ -75.223150339039933, 6.480265764135247 ], [ -75.223261936275733, 6.47989936222972 ], [ -75.223283213805431, 6.479813437341893 ], [ -75.223309559667285, 6.479722964415853 ], [ -75.223320209872881, 6.479685647783668 ], [ -75.223357267599283, 6.479583854640154 ], [ -75.223382443918979, 6.479475312995149 ], [ -75.223421728758623, 6.479358817534937 ], [ -75.223431720455253, 6.479280831265317 ], [ -75.223456449992156, 6.479226524891342 ], [ -75.223496374864538, 6.479140544116664 ], [ -75.22351704096485, 6.479041053041374 ], [ -75.223518730364219, 6.47904017209699 ], [ -75.223719355454449, 6.479039720237552 ], [ -75.224042124352366, 6.479003112483124 ], [ -75.224187342551787, 6.479002785274197 ], [ -75.224329104129907, 6.479002465813739 ], [ -75.2243844595681, 6.479026047821819 ], [ -75.224580453396015, 6.479109543693191 ], [ -75.224867593011666, 6.479180655691792 ], [ -75.225190447093979, 6.479179927628227 ], [ -75.225405436835899, 6.479071798330978 ], [ -75.22542603161618, 6.479053690005205 ], [ -75.225691845021515, 6.478819989804148 ], [ -75.225834770497499, 6.478568504946498 ], [ -75.226085553732119, 6.478424414055635 ], [ -75.226300785800817, 6.47842392825055 ], [ -75.226587846001493, 6.478459160777401 ], [ -75.226982685201847, 6.478565913418972 ], [ -75.227233792112315, 6.478565346174854 ], [ -75.227664339123166, 6.478600251350404 ], [ -75.228023062941816, 6.478599440478146 ], [ -75.228453369108863, 6.478526703786809 ], [ -75.228919302076008, 6.47834624948846 ], [ -75.228986959302318, 6.478319003642081 ], [ -75.229277700901463, 6.478201920020972 ], [ -75.229600146033306, 6.478021787373773 ], [ -75.229886634932143, 6.477805850362923 ], [ -75.23038803447588, 6.477445911214925 ], [ -75.230710313621472, 6.477194016654515 ], [ -75.230962888493337, 6.477009407760832 ], [ -75.231104258007832, 6.476906081514162 ], [ -75.231462571791283, 6.476725866643314 ], [ -75.231964375674877, 6.476545328062961 ], [ -75.2321911589069, 6.476431263268552 ], [ -75.232466011966764, 6.476293025843223 ], [ -75.232788375028079, 6.47607701312058 ], [ -75.232913754220263, 6.475909006595888 ], [ -75.233002954391338, 6.475789479416889 ], [ -75.233181580099952, 6.475466153067462 ], [ -75.233252512592543, 6.475107186214863 ], [ -75.233251698552777, 6.474748384744373 ], [ -75.23317921950806, 6.474425621388953 ], [ -75.232999373335346, 6.474210743843951 ], [ -75.232783329964604, 6.473852430631606 ], [ -75.232459829466293, 6.473566119509506 ], [ -75.232207836134322, 6.473172011334878 ], [ -75.232043561656212, 6.47307392776117 ], [ -75.231848626445213, 6.472957534773744 ], [ -75.231489175833985, 6.472635431335778 ], [ -75.231237508659859, 6.4723848369667 ], [ -75.231057334161605, 6.472026438877094 ], [ -75.231020569056426, 6.471631832891251 ], [ -75.23123474710745, 6.47116490450987 ], [ -75.231413128638678, 6.470733933299595 ], [ -75.23141207280726, 6.470267492331789 ], [ -75.231554016965376, 6.46958543727882 ], [ -75.231695313063142, 6.468616340577178 ], [ -75.23194559981863, 6.468256970151849 ], [ -75.232160504062549, 6.468112961181234 ], [ -75.232518486645063, 6.467789229036498 ], [ -75.23284084301838, 6.467573212755369 ], [ -75.233055579686038, 6.467357446598694 ], [ -75.233161190665996, 6.467317559193049 ], [ -75.233342309923103, 6.467249153061179 ], [ -75.233700535084807, 6.467033054393507 ], [ -75.233951065605496, 6.466781322466648 ], [ -75.234201759244854, 6.466601353022856 ], [ -75.234595777931773, 6.466349294664582 ], [ -75.234840560214749, 6.466237334490827 ], [ -75.234989951452619, 6.466168997369532 ], [ -75.235512058913883, 6.466098158690166 ], [ -75.235527860022756, 6.466096016790086 ], [ -75.235957823375486, 6.465879757047706 ], [ -75.236316048146492, 6.465663663836203 ], [ -75.236494834033394, 6.465412094028373 ], [ -75.236744792216427, 6.464909195797315 ], [ -75.236922352823086, 6.464119420091947 ], [ -75.237098050884796, 6.463765936405359 ], [ -75.237136605869324, 6.463688370914884 ], [ -75.237422513593586, 6.463221275754467 ], [ -75.237664041827614, 6.462978577567586 ], [ -75.237708829926177, 6.462933580103876 ], [ -75.237815544000554, 6.462538649559608 ], [ -75.237707280246781, 6.462251855726304 ], [ -75.237691752159336, 6.462217123869802 ], [ -75.23756305963505, 6.46192925428128 ], [ -75.237454549721917, 6.461534821965049 ], [ -75.237489689446107, 6.461211812642116 ], [ -75.237774861324482, 6.460421796752343 ], [ -75.237787155558564, 6.460243941937733 ], [ -75.23780959070271, 6.459919394794618 ], [ -75.237808612310133, 6.459488830568478 ], [ -75.23773564527319, 6.458950787891844 ], [ -75.237555315106391, 6.45852063632459 ], [ -75.237339277493703, 6.458162321697731 ], [ -75.237134883286274, 6.457823319780971 ], [ -75.23701521822548, 6.457624849166894 ], [ -75.236691323180565, 6.457159137561614 ], [ -75.236439497586318, 6.456836784081705 ], [ -75.236223459074793, 6.456478468696965 ], [ -75.236114789313518, 6.456012268023787 ], [ -75.236113812953988, 6.455581705368925 ], [ -75.236220448335231, 6.455150896668567 ], [ -75.236363114965656, 6.454791767236507 ], [ -75.236470156943426, 6.454540362683154 ], [ -75.236791934068449, 6.454073185234339 ], [ -75.237078410051922, 6.453857256377766 ], [ -75.237329177539053, 6.453713162530068 ], [ -75.237508039262707, 6.453497477195587 ], [ -75.237793944437172, 6.453030378935871 ], [ -75.23804438608326, 6.45274276550893 ], [ -75.238330695276687, 6.452455073039349 ], [ -75.238759917426336, 6.451915891654831 ], [ -75.239046065255138, 6.45155643833359 ], [ -75.239296339924479, 6.451197063951959 ], [ -75.239439087051849, 6.450873814476061 ], [ -75.239545882302707, 6.450514768787237 ], [ -75.239581018634865, 6.450191758933261 ], [ -75.23965186458139, 6.449796918935053 ], [ -75.239686591321728, 6.449294510167132 ], [ -75.239864800245158, 6.448791777694503 ], [ -75.240114504937551, 6.448181243107349 ], [ -75.240328907537588, 6.447821950169992 ], [ -75.240650677558435, 6.447354775976173 ], [ -75.241116168967494, 6.446994911603827 ], [ -75.241510004052657, 6.446671088594975 ], [ -75.241832014723059, 6.446311552239266 ], [ -75.242082042823768, 6.445844536433416 ], [ -75.242188180547359, 6.445198452330931 ], [ -75.242258452807633, 6.444552441066005 ], [ -75.242348923035564, 6.444156172214317 ], [ -75.242363089637678, 6.44409412479396 ], [ -75.242365000474592, 6.44408575387418 ], [ -75.242364032565192, 6.443660423188486 ], [ -75.242364020656765, 6.443655190084314 ], [ -75.242542305565465, 6.443188340187707 ], [ -75.242828527585857, 6.442864763714269 ], [ -75.243078553567827, 6.442397749720836 ], [ -75.243292627912297, 6.441894935247934 ], [ -75.243363797650488, 6.441643611926757 ], [ -75.243433491846503, 6.440746440268104 ], [ -75.24339664222147, 6.440315960817706 ], [ -75.243252021211362, 6.439813965274617 ], [ -75.243143267394743, 6.439311886069916 ], [ -75.242998733133206, 6.438845770592234 ], [ -75.24299767195842, 6.438379326550887 ], [ -75.243031830426204, 6.438171393020671 ], [ -75.243068428492293, 6.437948603894768 ], [ -75.243282828303265, 6.43758930882214 ], [ -75.243461766232087, 6.437409498565501 ], [ -75.24354422726627, 6.437305902328667 ], [ -75.243890972371346, 6.436870313904315 ], [ -75.244392483386378, 6.43658212986173 ], [ -75.244907491548091, 6.43614629586537 ], [ -75.245072688599862, 6.436006495948394 ], [ -75.24528766044179, 6.435898360167709 ], [ -75.24557444770781, 6.435825947277536 ], [ -75.246004468264488, 6.435645564361998 ], [ -75.246362914023422, 6.435537105290496 ], [ -75.246649537145998, 6.435392931419521 ], [ -75.246935998876694, 6.435176992556908 ], [ -75.247186506956666, 6.434925257165176 ], [ -75.24736536062089, 6.434709568252313 ], [ -75.247508263909737, 6.434458078484457 ], [ -75.247722902430212, 6.434206425482287 ], [ -75.247829940295986, 6.433955017593647 ], [ -75.248080445477825, 6.433703284469701 ], [ -75.248259298367827, 6.4334875928534 ], [ -75.248725102655953, 6.433271247898116 ], [ -75.249226773431445, 6.433054818677881 ], [ -75.249764560512631, 6.432945947531294 ], [ -75.250195067181693, 6.432980842844334 ], [ -75.250553838098938, 6.433015902011547 ], [ -75.250912609020361, 6.433050960917814 ], [ -75.251199560179899, 6.433050303722894 ], [ -75.25144202613113, 6.43304974828542 ], [ -75.251522377594654, 6.433049564192057 ], [ -75.25188081723627, 6.432941101783669 ], [ -75.252310830468488, 6.43276071375249 ], [ -75.252597207632249, 6.43250889413542 ], [ -75.252777810473461, 6.432285500161523 ], [ -75.253062184143857, 6.431933746189529 ], [ -75.253312853790135, 6.431753771396327 ], [ -75.253599557111841, 6.431645468158571 ], [ -75.253743031846867, 6.431645138899107 ], [ -75.254030064245427, 6.431680362914012 ], [ -75.254317341124249, 6.431823222093165 ], [ -75.254568834335302, 6.432002046738212 ], [ -75.254928343227121, 6.432360024602186 ], [ -75.25528760789615, 6.432610359247644 ], [ -75.255574723232812, 6.432681462384444 ], [ -75.255897539906826, 6.432680720131962 ], [ -75.256363667077551, 6.432607884903092 ], [ -75.256542683183767, 6.432463956319996 ], [ -75.256793099540388, 6.432176332781054 ], [ -75.256971785265449, 6.431888880570575 ], [ -75.257043028057126, 6.431673437444925 ], [ -75.257113692487607, 6.431206832422216 ], [ -75.257184356860364, 6.430740225510618 ], [ -75.257541885063574, 6.430237079945673 ], [ -75.257756021169754, 6.429770142767861 ], [ -75.258078015090348, 6.429410598023306 ], [ -75.25847215083661, 6.429230288319516 ], [ -75.258758851231505, 6.429121987053428 ], [ -75.259224728339859, 6.428941514086279 ], [ -75.259547464608687, 6.428904887990257 ], [ -75.25987002785422, 6.42879650538843 ], [ -75.260335904731207, 6.428616027110063 ], [ -75.260658304597925, 6.428435883970103 ], [ -75.261052112387674, 6.42811205238571 ], [ -75.261374180515219, 6.427788388734008 ], [ -75.261660550583144, 6.427536565309495 ], [ -75.261946917207609, 6.42728474241256 ], [ -75.262233281648207, 6.427032918777371 ], [ -75.262555433710745, 6.426745134649998 ], [ -75.262913370722956, 6.426421382413423 ], [ -75.263487009320826, 6.426312418239384 ], [ -75.263809906512734, 6.42634755362403 ], [ -75.264168920753917, 6.426490242042533 ], [ -75.264528016253649, 6.42666881270257 ], [ -75.265030669695022, 6.426882932765938 ], [ -75.265353567166883, 6.426918060774707 ], [ -75.265712247258378, 6.426917229914348 ], [ -75.265785327248437, 6.426794753266858 ], [ -75.265819438984181, 6.426737582575566 ], [ -75.265818442094954, 6.426307022133777 ], [ -75.265746121812214, 6.426056027801259 ], [ -75.265745706508511, 6.425876629766165 ], [ -75.265601237435718, 6.425446399082286 ], [ -75.265493217975845, 6.425267250863804 ], [ -75.265418256806043, 6.425164645682209 ], [ -75.265205361425956, 6.424873236607294 ], [ -75.265204282346915, 6.424406798569677 ], [ -75.265310807952318, 6.423940108278288 ], [ -75.265561051795473, 6.423580726448126 ], [ -75.265740059500487, 6.423436793757649 ], [ -75.266098656568616, 6.423400080557613 ], [ -75.266270866950833, 6.42341994210593 ], [ -75.266708576495716, 6.423470430301954 ], [ -75.267103371931796, 6.423577153171607 ], [ -75.26731882901295, 6.423684294742067 ], [ -75.267534286807404, 6.423791438097766 ], [ -75.267964869217835, 6.423862197070669 ], [ -75.268216194505172, 6.42396925688093 ], [ -75.268682559878513, 6.424004052019523 ], [ -75.268969587384632, 6.424039266357369 ], [ -75.269221079448783, 6.424218085504503 ], [ -75.269472484571637, 6.424361017617493 ], [ -75.269852007378233, 6.424535171597974 ], [ -75.269939271292913, 6.424575216235979 ], [ -75.27033381711604, 6.424574299070702 ], [ -75.270692330660751, 6.424501705168169 ], [ -75.271122329708149, 6.424321303760312 ], [ -75.27144472209568, 6.424141153089842 ], [ -75.271730915028144, 6.423817565461594 ], [ -75.27208884334803, 6.42349380821134 ], [ -75.272553955364486, 6.422990410182834 ], [ -75.272983866238846, 6.422774125771209 ], [ -75.273270642248093, 6.422701697462614 ], [ -75.273450062921967, 6.422737161347065 ], [ -75.27373734216583, 6.422880010208605 ], [ -75.273848280480365, 6.422901937391519 ], [ -75.274096186177047, 6.422950933752265 ], [ -75.274382961376901, 6.42287850483287 ], [ -75.274436010260416, 6.422855616875296 ], [ -75.274633785665003, 6.422770279564745 ], [ -75.274884358858657, 6.422554416474586 ], [ -75.275170627188587, 6.422266709874087 ], [ -75.275242030493544, 6.422123022360555 ], [ -75.275456651692849, 6.421871358507421 ], [ -75.275563750147924, 6.421655830066815 ], [ -75.275670348866228, 6.42122501991313 ], [ -75.275848099998001, 6.420542885168619 ], [ -75.275954946985692, 6.420219714611459 ], [ -75.276026096233878, 6.419968387498827 ], [ -75.276311949079272, 6.41950127879964 ], [ -75.27659813386768, 6.419177694499574 ], [ -75.276740767137397, 6.418818562178892 ], [ -75.277133632314673, 6.418100040494252 ], [ -75.277205032134603, 6.417956355426142 ], [ -75.277454848082002, 6.417417572448798 ], [ -75.277562031330149, 6.417237921825709 ], [ -75.277704831137669, 6.41695054469908 ], [ -75.277703993347842, 6.416591745649765 ], [ -75.277703071846119, 6.416197071804692 ], [ -75.277774305659818, 6.415981621985907 ], [ -75.278060656023854, 6.415729794512188 ], [ -75.278311138238564, 6.415478050764829 ], [ -75.27848046756813, 6.415414076345733 ], [ -75.278597827108271, 6.415369736092043 ], [ -75.278740541511226, 6.415046485978433 ], [ -75.278775987666222, 6.414867004867038 ], [ -75.278801563111088, 6.414750589314195 ], [ -75.278846967537262, 6.414543916153388 ], [ -75.27902554876573, 6.414220580271763 ], [ -75.279347682704199, 6.413932786139416 ], [ -75.279705849219752, 6.413716667606035 ], [ -75.28006401729894, 6.413500549503688 ], [ -75.280386651158395, 6.413428034407538 ], [ -75.280781105468776, 6.413391232866168 ], [ -75.281247125786223, 6.413282501519308 ], [ -75.28149768915867, 6.413066632081161 ], [ -75.281784035317457, 6.412814805038121 ], [ -75.281998651643676, 6.412563142198753 ], [ -75.282213347375091, 6.412347355947841 ], [ -75.282606791752698, 6.411879995776477 ], [ -75.282857188245657, 6.411592370749659 ], [ -75.283000149456527, 6.41137675249654 ], [ -75.283107074907775, 6.41108946383568 ], [ -75.283464314368814, 6.410478667692505 ], [ -75.283750831421827, 6.410298595717219 ], [ -75.284324867150559, 6.41036900857392 ], [ -75.28475459578226, 6.410080959442972 ], [ -75.285255720526806, 6.409649225072052 ], [ -75.285828489119353, 6.409181439550444 ], [ -75.286222180589718, 6.408821711787223 ], [ -75.286401008835881, 6.408606013719194 ], [ -75.286543883500343, 6.408354520203492 ], [ -75.286758495659768, 6.408102855483317 ], [ -75.286973184982344, 6.407887071089586 ], [ -75.287259612305988, 6.407671117283815 ], [ -75.287474305655039, 6.4074553346342 ], [ -75.287617435082467, 6.407311478237983 ], [ -75.287796517205464, 6.407203417145375 ], [ -75.288118554619444, 6.406879739456368 ], [ -75.288225645930908, 6.406664209823383 ], [ -75.288260755504197, 6.4063412073269 ], [ -75.288152311796495, 6.405982662736616 ], [ -75.288007833803988, 6.405552445557667 ], [ -75.288042516786518, 6.405050046353029 ], [ -75.288257043288326, 6.404762501651735 ], [ -75.288650724853539, 6.404402775457569 ], [ -75.288972765264148, 6.404079102669531 ], [ -75.289097734000933, 6.403917583484571 ], [ -75.289223069563036, 6.403755591074241 ], [ -75.289451014940894, 6.40336255716571 ], [ -75.289473120931092, 6.403324445349519 ], [ -75.289723340790587, 6.402965056452299 ], [ -75.290009423975278, 6.402605583017547 ], [ -75.290259640634147, 6.402246195886026 ], [ -75.29076100490505, 6.401922092966412 ], [ -75.291226419781552, 6.401562198961237 ], [ -75.291764411659443, 6.401560930352463 ], [ -75.292230756512126, 6.40159571199856 ], [ -75.292912715926136, 6.401809379738861 ], [ -75.293702281588324, 6.402022792255408 ], [ -75.294168875819835, 6.402165209715633 ], [ -75.294527706851213, 6.402236123075262 ], [ -75.294850671843122, 6.402307119721424 ], [ -75.295496429786596, 6.402377349319295 ], [ -75.295711793467973, 6.402448599340733 ], [ -75.296537222193876, 6.402661924737636 ], [ -75.297183577641974, 6.402983309924988 ], [ -75.297543086643117, 6.403341256505897 ], [ -75.297687316146835, 6.403663833389146 ], [ -75.298083117971402, 6.404201090432444 ], [ -75.298442545952014, 6.404523156497728 ], [ -75.298616610030365, 6.404677197857485 ], [ -75.298766023060139, 6.404809425244213 ], [ -75.29880844464914, 6.404835402583693 ], [ -75.29923296291004, 6.405095354991648 ], [ -75.299843541702728, 6.405452705678378 ], [ -75.300019488781857, 6.405555677741166 ], [ -75.300454118718164, 6.405810050426659 ], [ -75.300741046889073, 6.405809368304034 ], [ -75.300991599739532, 6.405593494026203 ], [ -75.301196948095807, 6.405421477622859 ], [ -75.301206373317129, 6.405413583877024 ], [ -75.301493128078931, 6.405341142299932 ], [ -75.301815927135294, 6.405340374290365 ], [ -75.302318050225338, 6.405339179226228 ], [ -75.302497213034457, 6.4052669932342 ], [ -75.302819579966723, 6.405086826365487 ], [ -75.303070302251086, 6.404942712866131 ], [ -75.303167756770108, 6.404872724958484 ], [ -75.303320938329733, 6.404762716597219 ], [ -75.303427851555639, 6.404475426029883 ], [ -75.303427168253165, 6.404188387372951 ], [ -75.303354840738081, 6.403937400990696 ], [ -75.30330818841793, 6.403706900962298 ], [ -75.303245963503997, 6.403399465743327 ], [ -75.303352876631422, 6.403112173328758 ], [ -75.303352860376606, 6.403105343344446 ], [ -75.303352022754183, 6.402753379398725 ], [ -75.303210716386246, 6.402367504478264 ], [ -75.30320761898524, 6.402359045680779 ], [ -75.303170123447629, 6.402155497831359 ], [ -75.303134950562054, 6.401964543613321 ], [ -75.303169960396644, 6.401605664255712 ], [ -75.303210170724952, 6.401422601429125 ], [ -75.303240926532368, 6.401282575233598 ], [ -75.303491644484183, 6.401138463784068 ], [ -75.303690379816459, 6.401047521751675 ], [ -75.303885740378945, 6.400958124069973 ], [ -75.304243458210664, 6.400562594390475 ], [ -75.304484273635495, 6.400251334203517 ], [ -75.304493752724213, 6.400239082493915 ], [ -75.304780079199276, 6.39998724154573 ], [ -75.305102786492796, 6.39995059008946 ], [ -75.305388195311139, 6.399949909604636 ], [ -75.305461442459489, 6.39994973493982 ], [ -75.305676468668338, 6.399877467157129 ], [ -75.306070905365942, 6.399840644034001 ], [ -75.30639361233483, 6.399803996852977 ], [ -75.306752184961084, 6.399767258811657 ], [ -75.307218266591349, 6.399694386658101 ], [ -75.307756080108447, 6.399621345268187 ], [ -75.30804274702497, 6.399513020708643 ], [ -75.308400978867468, 6.399332763746131 ], [ -75.308651436923896, 6.399081011864034 ], [ -75.308808219766874, 6.398923414824527 ], [ -75.308866116670856, 6.398865218156242 ], [ -75.308937591462268, 6.398757410192797 ], [ -75.309008548721366, 6.398434323012232 ], [ -75.309150985002447, 6.398003423436656 ], [ -75.309472916010776, 6.397643858960329 ], [ -75.309687423992642, 6.397356310614217 ], [ -75.309758726286944, 6.397176741197725 ], [ -75.309772999058083, 6.397015411886393 ], [ -75.309793646603623, 6.396781985984408 ], [ -75.30979236032978, 6.396243791209262 ], [ -75.309719773888119, 6.395885167702371 ], [ -75.309611406017098, 6.395562513790694 ], [ -75.30946734369715, 6.395311700048207 ], [ -75.309323367853011, 6.395096761263837 ], [ -75.309107489407765, 6.394810244417322 ], [ -75.309032601285395, 6.394726360450527 ], [ -75.308819795460693, 6.394488014306017 ], [ -75.308775899941736, 6.394271128018509 ], [ -75.308747210159197, 6.394129392987065 ], [ -75.308638672162289, 6.393734975320449 ], [ -75.308530221905343, 6.393376439577221 ], [ -75.308277963983059, 6.392874725313664 ], [ -75.308133734605718, 6.392552151960036 ], [ -75.307846125732482, 6.392265801029158 ], [ -75.307666288282661, 6.392050953993174 ], [ -75.307486619512474, 6.391907863301345 ], [ -75.307056153527228, 6.391873010379197 ], [ -75.30673345408664, 6.391909659547963 ], [ -75.306518259687095, 6.391910172568878 ], [ -75.306424915101957, 6.391863758224332 ], [ -75.306374631105797, 6.391838756164443 ], [ -75.306259358633781, 6.391609488348777 ], [ -75.306353821584224, 6.39126210745335 ], [ -75.30650962760582, 6.390993910804905 ], [ -75.306674255379988, 6.390866953107572 ], [ -75.306816313836535, 6.390752476259216 ], [ -75.306947126174919, 6.390659498819691 ], [ -75.307080250014607, 6.390587991308578 ], [ -75.307226965266551, 6.390530002147283 ], [ -75.307364652300777, 6.390481088231255 ], [ -75.307506813750592, 6.390409547392935 ], [ -75.307589174796831, 6.390366412019084 ], [ -75.307662429944557, 6.390293920954377 ], [ -75.307758686729144, 6.390159202045016 ], [ -75.30786814514552, 6.390022513008304 ], [ -75.307886522680121, 6.389999563734534 ], [ -75.307957509587766, 6.389925939509595 ], [ -75.308095021158081, 6.389799037021078 ], [ -75.308269288080311, 6.389691265368409 ], [ -75.308377061504444, 6.389646942393519 ], [ -75.308502991438303, 6.389642119859058 ], [ -75.308560138460976, 6.389679276996603 ], [ -75.308599726975132, 6.389704038544703 ], [ -75.308662187453606, 6.38984063178853 ], [ -75.308733645008502, 6.389964768886376 ], [ -75.308737674915577, 6.389970807830299 ], [ -75.308784087117743, 6.390040360501388 ], [ -75.308839652295006, 6.390124979413176 ], [ -75.308929181326477, 6.390246819590413 ], [ -75.308998305222332, 6.390342711044212 ], [ -75.309081546350455, 6.390430656412089 ], [ -75.309141024379628, 6.390503959720135 ], [ -75.309216944664001, 6.390599836791573 ], [ -75.309260968122388, 6.390644388140849 ], [ -75.309320554032638, 6.390704687238475 ], [ -75.30942860209727, 6.390780149985549 ], [ -75.309460656032954, 6.390791233742927 ], [ -75.309516226546918, 6.390810447411361 ], [ -75.309644488154916, 6.390832741996384 ], [ -75.309706803852762, 6.390838719640808 ], [ -75.309805503202966, 6.390848186360127 ], [ -75.309986836445077, 6.390863568216272 ], [ -75.310172695510204, 6.390878940134588 ], [ -75.310299246305277, 6.390895592955577 ], [ -75.310370520623735, 6.390906735383624 ], [ -75.310441633924313, 6.390917853558804 ], [ -75.310551841019944, 6.390949235024674 ], [ -75.310652517613676, 6.391006621196844 ], [ -75.31074917054724, 6.391033513685169 ], [ -75.31085941372254, 6.391079581463472 ], [ -75.310986063354292, 6.391136906694967 ], [ -75.311306308178018, 6.391373462380319 ], [ -75.311752221031327, 6.391489918165334 ], [ -75.312067825160653, 6.391438307585346 ], [ -75.312209975792712, 6.391362258098994 ], [ -75.3123348647065, 6.391293721500109 ], [ -75.312420939714599, 6.391246485831665 ], [ -75.312613120541769, 6.391071993057924 ], [ -75.312692036906668, 6.391007388180476 ], [ -75.312737123140352, 6.390969987327129 ], [ -75.312806989363295, 6.39093979471987 ], [ -75.31286069477062, 6.390916585752233 ], [ -75.313032840026807, 6.390865319598245 ], [ -75.313115275980422, 6.390838942501738 ], [ -75.313160950102144, 6.390824327510476 ], [ -75.313268751440233, 6.390791300197858 ], [ -75.31334086746395, 6.390770154287591 ], [ -75.313369777200251, 6.390761676951335 ], [ -75.313489384453248, 6.390707145572634 ], [ -75.313591930939651, 6.390604059828693 ], [ -75.313665635837225, 6.390482964169593 ], [ -75.31372686617793, 6.39034721447846 ], [ -75.313775747243525, 6.390235274990559 ], [ -75.313784166643543, 6.390215993651012 ], [ -75.313831884784008, 6.390093825210759 ], [ -75.313902761976479, 6.389976133953219 ], [ -75.313943829913001, 6.389904834515132 ], [ -75.313979231055725, 6.389837081747114 ], [ -75.314001171951574, 6.389795088044998 ], [ -75.314039911240769, 6.389697810383428 ], [ -75.314074155701206, 6.389610711457934 ], [ -75.314115146334046, 6.389512301851781 ], [ -75.314169651857242, 6.389392381588639 ], [ -75.314217944115441, 6.389276999454747 ], [ -75.314249883502924, 6.389169556875114 ], [ -75.314260936407663, 6.389070092190448 ], [ -75.314219376160409, 6.388930064139426 ], [ -75.314189050393537, 6.388767400558866 ], [ -75.314147622239474, 6.388682754151116 ], [ -75.314089323796779, 6.388546547772673 ], [ -75.314082872010204, 6.388531474850563 ], [ -75.314032304872001, 6.388409553394521 ], [ -75.313974503782134, 6.388327194563832 ], [ -75.313900777108643, 6.388200808520335 ], [ -75.313872853170906, 6.388100296493366 ], [ -75.313872642093443, 6.388012153621965 ], [ -75.314045670412497, 6.387621870053302 ], [ -75.31449045587091, 6.387269355310572 ], [ -75.314677663996534, 6.387144601530732 ], [ -75.31488728699648, 6.387177993077948 ], [ -75.31492412224884, 6.387226501533245 ], [ -75.314928175766269, 6.387234344161836 ], [ -75.314965539537184, 6.387306633831642 ], [ -75.314993519704785, 6.387432002254574 ], [ -75.315003399254323, 6.387549503013741 ], [ -75.315033117097627, 6.387691819117798 ], [ -75.315061932524202, 6.387726246660037 ], [ -75.315109583061769, 6.387783174447588 ], [ -75.315217706700508, 6.387889141206244 ], [ -75.315352925067685, 6.387984874648485 ], [ -75.315486380418804, 6.388051223905951 ], [ -75.315574530341905, 6.388067967682183 ], [ -75.315612952238411, 6.388075788438581 ], [ -75.315741089952979, 6.388043834059527 ], [ -75.315841937327889, 6.387939621471812 ], [ -75.315958600141954, 6.387834255094766 ], [ -75.31603406778413, 6.387745929979189 ], [ -75.316096018575749, 6.387674579371723 ], [ -75.31614164065661, 6.387619098320414 ], [ -75.316183843522708, 6.387576676411495 ], [ -75.316210382692148, 6.38754999901316 ], [ -75.316309016525338, 6.387462756477298 ], [ -75.316358234598866, 6.3874274034543 ], [ -75.316395846961242, 6.387400386565663 ], [ -75.316464605189864, 6.387338062568677 ], [ -75.316554134719254, 6.387228239295446 ], [ -75.316624906638594, 6.3870619506962 ], [ -75.316645036481191, 6.386979405677025 ], [ -75.316665610126108, 6.386843753171352 ], [ -75.316693019060082, 6.386730673241665 ], [ -75.316736354549761, 6.386666166668782 ], [ -75.316827711781769, 6.386607180951138 ], [ -75.316915151993996, 6.386565157107 ], [ -75.317034213823902, 6.386520794095869 ], [ -75.317156118537866, 6.386479818388686 ], [ -75.317344034251263, 6.386412698062944 ], [ -75.31748174047955, 6.386372820020743 ], [ -75.317516018777695, 6.386359532322867 ], [ -75.317555098026162, 6.386344382874949 ], [ -75.317757380719868, 6.38625653016371 ], [ -75.317821978544202, 6.386228473978512 ], [ -75.318493125950738, 6.386066399150376 ], [ -75.318623598020153, 6.386066085359605 ], [ -75.318738953542265, 6.386123436872921 ], [ -75.318773572797639, 6.386192287163635 ], [ -75.318805902713805, 6.386246455261819 ], [ -75.31884725776564, 6.386299463734542 ], [ -75.318862461861571, 6.386320505653327 ], [ -75.318906765083028, 6.386381818444882 ], [ -75.318930469436708, 6.386423747276488 ], [ -75.318983329134738, 6.386517247006847 ], [ -75.319045122808205, 6.386613144711202 ], [ -75.319167439984327, 6.386743935491008 ], [ -75.319295830446862, 6.386819345840973 ], [ -75.319411193222365, 6.386878960960303 ], [ -75.319544003015125, 6.386914805908646 ], [ -75.319677314947469, 6.386921261284346 ], [ -75.319860853680836, 6.38691404369693 ], [ -75.320074588322029, 6.387014096364503 ], [ -75.320196109516814, 6.387051107172521 ], [ -75.320343743955007, 6.387140021273225 ], [ -75.320511211440035, 6.38726392656805 ], [ -75.320741382453576, 6.387384286226023 ], [ -75.32090877825604, 6.387474295151225 ], [ -75.32107911291628, 6.387612867408183 ], [ -75.321203587505849, 6.387702977462979 ], [ -75.321210009673621, 6.387706991391902 ], [ -75.321320680944893, 6.387776148406239 ], [ -75.321394186537518, 6.387809870389134 ], [ -75.321606906405734, 6.387956267696033 ], [ -75.321688397834535, 6.388026133714337 ], [ -75.321694147670172, 6.388536911900573 ], [ -75.321717608267448, 6.38866115388252 ], [ -75.321734219710606, 6.388757170514854 ], [ -75.321778025505509, 6.38888815866034 ], [ -75.321837689667831, 6.389039443768691 ], [ -75.321891165814364, 6.389196383451186 ], [ -75.321953725909594, 6.389377053315677 ], [ -75.32198853740249, 6.38952613453025 ], [ -75.321992254714189, 6.389539258873373 ], [ -75.322030119230078, 6.389672943157994 ], [ -75.322058188803496, 6.389834475534446 ], [ -75.322078848596306, 6.389971156605796 ], [ -75.32207235363866, 6.390086438913229 ], [ -75.32204502479982, 6.390233413829289 ], [ -75.322013649615869, 6.390339716689937 ], [ -75.32199080443803, 6.390466334192553 ], [ -75.321993377173214, 6.390594029524639 ], [ -75.321998186321224, 6.390718323412887 ], [ -75.322019387054482, 6.390840314550257 ], [ -75.322020923306852, 6.390852824051159 ], [ -75.322030905029408, 6.390934080246442 ], [ -75.322047569110538, 6.391051573001523 ], [ -75.322109492419784, 6.391200586836394 ], [ -75.322109636874444, 6.391260478568856 ], [ -75.322109702296075, 6.391287602570213 ], [ -75.322125115892604, 6.391283893049966 ], [ -75.322133409067291, 6.391281897161534 ], [ -75.322169537725216, 6.391273900156254 ], [ -75.322273005954401, 6.391317715605922 ], [ -75.322383295491278, 6.39138300158681 ], [ -75.322461356930106, 6.391431399657961 ], [ -75.322900677783679, 6.391626973301641 ], [ -75.323095724399423, 6.391704479154665 ], [ -75.323181863144185, 6.391738031302836 ], [ -75.323239879935812, 6.391760630345296 ], [ -75.323439245589128, 6.391749979717272 ], [ -75.323596092258839, 6.391685175915569 ], [ -75.323717386698746, 6.391627255463135 ], [ -75.323829651981242, 6.391571609265529 ], [ -75.323949291877184, 6.391530648355044 ], [ -75.324084365155343, 6.391564208336238 ], [ -75.324263595299499, 6.391644017039084 ], [ -75.324390226325079, 6.391692307424464 ], [ -75.324392648512145, 6.391692653294907 ], [ -75.324530342499912, 6.391712305640525 ], [ -75.324704834086162, 6.391694928608533 ], [ -75.324909347965772, 6.391718164446676 ], [ -75.325042024982253, 6.39169863412496 ], [ -75.325129580453222, 6.391700686073172 ], [ -75.325257894128725, 6.391744443257537 ], [ -75.325391335148112, 6.391808535825501 ], [ -75.325545111604754, 6.391866928739383 ], [ -75.325680764461964, 6.391910666773466 ], [ -75.325797735124183, 6.391932985738631 ], [ -75.325956429910647, 6.391925825804297 ], [ -75.326095297703745, 6.391923442280341 ], [ -75.326110046753627, 6.391923189334499 ], [ -75.326252381068898, 6.391922844595062 ], [ -75.326410542852926, 6.391931501583521 ], [ -75.326414149922229, 6.391931361499843 ], [ -75.326596920106283, 6.391924274391965 ], [ -75.326693044202969, 6.391928351895011 ], [ -75.326798561781459, 6.391932829069908 ], [ -75.326862472934366, 6.391965442688026 ], [ -75.326892999603828, 6.391980058883568 ], [ -75.326994477710898, 6.392133495393999 ], [ -75.327083925907303, 6.392221422785944 ], [ -75.327180736214814, 6.392317245243913 ], [ -75.327331810607632, 6.392425370683625 ], [ -75.32747711920247, 6.392488296261085 ], [ -75.327806002879214, 6.392558698031099 ], [ -75.327902072482146, 6.392578800823951 ], [ -75.328685342666233, 6.392766751892616 ], [ -75.328748830364091, 6.392864908252722 ], [ -75.3287845767058, 6.392932628865395 ], [ -75.328869600901044, 6.39305560109042 ], [ -75.329003197333179, 6.393179585690252 ], [ -75.329076726723486, 6.393221217615448 ], [ -75.329166629287371, 6.393261672809754 ], [ -75.329331782298283, 6.393355072228353 ], [ -75.329426248447675, 6.393419258224782 ], [ -75.329465397597374, 6.393492607615165 ], [ -75.329463313703698, 6.393561557316492 ], [ -75.329415460106532, 6.393626077305576 ], [ -75.329373849540161, 6.393701898669519 ], [ -75.329374664020008, 6.393730332965593 ], [ -75.32937631014201, 6.393787770468702 ], [ -75.329404192953973, 6.393870200267511 ], [ -75.329485219470683, 6.39397736628819 ], [ -75.329593356476423, 6.394083318416328 ], [ -75.329682824640855, 6.394179156814168 ], [ -75.329790964181655, 6.394286248677634 ], [ -75.329926797836009, 6.394403450576398 ], [ -75.330058064375521, 6.394494668516444 ], [ -75.330086682348764, 6.394508851190679 ], [ -75.330237319979389, 6.394583504682512 ], [ -75.330367943898892, 6.394649854669172 ], [ -75.33051045309827, 6.394722963365069 ], [ -75.330706079179919, 6.394807239484042 ], [ -75.330853118635105, 6.394884856780187 ], [ -75.330923149564697, 6.394927017517134 ], [ -75.33096342543044, 6.394951265157029 ], [ -75.331108169714383, 6.395015328440952 ], [ -75.331243879856444, 6.395081667997289 ], [ -75.331351932897093, 6.395152593276805 ], [ -75.331410792096108, 6.395185997716997 ], [ -75.331524439834084, 6.395250495204348 ], [ -75.331560666783091, 6.395283178313012 ], [ -75.331660853793593, 6.395372207886325 ], [ -75.331686363514592, 6.395410573439104 ], [ -75.331691064385041, 6.395429589377972 ], [ -75.331700040921987, 6.395465902172699 ], [ -75.331700159117929, 6.395514498366612 ], [ -75.331686841106517, 6.395607196125059 ], [ -75.331657147199451, 6.395706718232415 ], [ -75.331604937686478, 6.395837927250287 ], [ -75.331562244275631, 6.395931823364904 ], [ -75.331526883317025, 6.396026838904696 ], [ -75.331470151957674, 6.396151283910285 ], [ -75.331450653467925, 6.396187078749467 ], [ -75.33140604596818, 6.396268962374858 ], [ -75.3313351335145, 6.396375360761404 ], [ -75.331296317481787, 6.396439868085331 ], [ -75.331229323804791, 6.396528174851763 ], [ -75.331168040531665, 6.396645845803679 ], [ -75.331165998691631, 6.396649287851037 ], [ -75.331126417305029, 6.396716018535393 ], [ -75.331123156163983, 6.39676913416622 ], [ -75.331115305844023, 6.396790630117106 ], [ -75.331114890927566, 6.396791974258527 ], [ -75.331099608913959, 6.396841508409619 ], [ -75.331106375517066, 6.396866387556805 ], [ -75.331111588686952, 6.396885557595962 ], [ -75.331159446249757, 6.397057206653507 ], [ -75.331165053134129, 6.397129777059014 ], [ -75.331175770290187, 6.397268490104775 ], [ -75.331263852726025, 6.3974863758067 ], [ -75.331489012058711, 6.397639522505578 ], [ -75.331566527521744, 6.397692442103882 ], [ -75.331771894924643, 6.397832065330906 ], [ -75.33185897076585, 6.397874791177234 ], [ -75.332028358003598, 6.397934823333369 ], [ -75.332169321053442, 6.397984782037476 ], [ -75.332456525731089, 6.398100476292541 ], [ -75.332830755498534, 6.39823291189245 ], [ -75.333231027303384, 6.398394673747116 ], [ -75.333559425587069, 6.39849218510868 ], [ -75.333864643551209, 6.398582976196394 ], [ -75.334174869076037, 6.398639846983407 ], [ -75.334408794816952, 6.398682227238623 ], [ -75.334702995106412, 6.398656638814977 ], [ -75.334916265977768, 6.39856345608429 ], [ -75.335443176368031, 6.398239491167619 ], [ -75.335838910966459, 6.39799617960259 ], [ -75.335926347294318, 6.397949632754347 ], [ -75.335956611158977, 6.39793640283763 ], [ -75.3359861524157, 6.397923490418229 ], [ -75.336028780070365, 6.397900192497037 ], [ -75.336031836789587, 6.397898521745322 ], [ -75.336112529254649, 6.397867808953634 ], [ -75.336197647732874, 6.397798664705707 ], [ -75.336266307341106, 6.397696805243598 ], [ -75.336338306934849, 6.397571382338025 ], [ -75.336341667153448, 6.397565528641209 ], [ -75.336384980199313, 6.39749309272732 ], [ -75.336427173674423, 6.397443236998352 ], [ -75.336449185249734, 6.397417228036879 ], [ -75.336495363441315, 6.397361743777648 ], [ -75.336598438677754, 6.397243970260575 ], [ -75.336711154575966, 6.397146508276048 ], [ -75.33680523799552, 6.397042310507679 ], [ -75.336871738645215, 6.396984518423228 ], [ -75.336961306663909, 6.396888242686245 ], [ -75.337087954940742, 6.396710519425159 ], [ -75.33721530637655, 6.396532304411391 ], [ -75.337274825487611, 6.396449014026491 ], [ -75.337580879640555, 6.39618722973518 ], [ -75.337617111789839, 6.396164031349478 ], [ -75.337642903486795, 6.396147519835012 ], [ -75.337725205160893, 6.396080650224452 ], [ -75.337778176215991, 6.396029655423536 ], [ -75.337835661294207, 6.395976410397903 ], [ -75.337871465905479, 6.395937646774126 ], [ -75.337872272992769, 6.395936772745099 ], [ -75.33795230724931, 6.395869898553137 ], [ -75.338014322841275, 6.395821160570421 ], [ -75.33814112954569, 6.395712359400658 ], [ -75.338227924372575, 6.395636436147552 ], [ -75.338304002000683, 6.39556166753918 ], [ -75.338404906161088, 6.395483445303025 ], [ -75.338453130334017, 6.395439426510858 ], [ -75.338496761899833, 6.39539959925985 ], [ -75.338567756353441, 6.395332746494038 ], [ -75.338659691223285, 6.395277148866381 ], [ -75.338747138796748, 6.395239641078749 ], [ -75.338820753648378, 6.395218059241721 ], [ -75.33884817495094, 6.395210019228799 ], [ -75.338928939523925, 6.39520982214858 ], [ -75.339007491866681, 6.395225443955272 ], [ -75.339115983563744, 6.395247782596698 ], [ -75.339699933558592, 6.395453154973403 ], [ -75.339782429322668, 6.395471033319851 ], [ -75.339864954878664, 6.395496825421993 ], [ -75.339950308182011, 6.39552372922207 ], [ -75.340058817480099, 6.395548330457785 ], [ -75.340169669616984, 6.395610206391051 ], [ -75.340190361699612, 6.395618753085337 ], [ -75.340213194516593, 6.395628183635722 ], [ -75.340338178195196, 6.395692290274919 ], [ -75.340425846097645, 6.395740662558875 ], [ -75.34051124040144, 6.395789050185758 ], [ -75.340562167550075, 6.39582735254109 ], [ -75.340645291795425, 6.395864442158068 ], [ -75.340737409433302, 6.395889072365808 ], [ -75.340822770842721, 6.395919377999011 ], [ -75.340900785285001, 6.395948564994676 ], [ -75.341009331917746, 6.395987845586433 ], [ -75.341249662788329, 6.396107042578709 ], [ -75.34135767384096, 6.396151328761075 ], [ -75.341392136435516, 6.396165458816334 ], [ -75.34158767908346, 6.396215831908165 ], [ -75.34177352111908, 6.396222161610972 ], [ -75.341998310009785, 6.396223862997825 ], [ -75.342124843165479, 6.396228075599115 ], [ -75.342257552183298, 6.396220973571793 ], [ -75.342402086297653, 6.396199144497956 ], [ -75.34257889844551, 6.396210004107257 ], [ -75.342778859928174, 6.396218554996942 ], [ -75.342943848876018, 6.396244144017356 ], [ -75.343070425483162, 6.396270957666612 ], [ -75.343228630505308, 6.396295424723348 ], [ -75.34331401109236, 6.396334770534757 ], [ -75.343623843665995, 6.396459444901943 ], [ -75.344132349869199, 6.396765563450053 ], [ -75.344194023510852, 6.396814008685965 ], [ -75.344266510110245, 6.396861619363321 ], [ -75.344368838765746, 6.396928832756927 ], [ -75.344437329377328, 6.396982317326323 ], [ -75.344500124306052, 6.397031353333311 ], [ -75.344601324970341, 6.397069522076233 ], [ -75.344729561132738, 6.397081642051212 ], [ -75.344842482338109, 6.397066676381442 ], [ -75.344940713850463, 6.39704608575375 ], [ -75.345023729572929, 6.397043627161043 ], [ -75.345073715745642, 6.397050263986799 ], [ -75.345140685371746, 6.397059155649494 ], [ -75.345197738942417, 6.397061279676048 ], [ -75.345221315128398, 6.397017700502001 ], [ -75.345252838838178, 6.396959427484656 ], [ -75.345263646509025, 6.396762780261618 ], [ -75.345286570281061, 6.39666553959259 ], [ -75.345329868303651, 6.39658745918938 ], [ -75.345421634518459, 6.396467445194371 ], [ -75.345577226844767, 6.396348404095082 ], [ -75.345760514813662, 6.396237218395857 ], [ -75.345886810007244, 6.396149892337384 ], [ -75.346001241581689, 6.396054681325953 ], [ -75.34613644500233, 6.395914226523676 ], [ -75.34628749530215, 6.395785026094742 ], [ -75.346388347614777, 6.395686465397006 ], [ -75.346530370045571, 6.395559546216685 ], [ -75.346660660768762, 6.39548578034443 ], [ -75.346800501421953, 6.395392771682324 ], [ -75.347002486848652, 6.395305257063306 ], [ -75.347158234132337, 6.395251766558836 ], [ -75.347343968713389, 6.395216272081612 ], [ -75.347504494204344, 6.395197116920244 ], [ -75.347576035462765, 6.395188580633366 ], [ -75.347696321849128, 6.395182635049963 ], [ -75.347788185065269, 6.395189454459089 ], [ -75.347887826288812, 6.395196850776337 ], [ -75.348069138101309, 6.395200924366158 ], [ -75.348140526842982, 6.394979102681848 ], [ -75.348265317797257, 6.394591341474349 ], [ -75.348409707977424, 6.394510754458889 ], [ -75.348583511785051, 6.394445913655407 ], [ -75.348803687937107, 6.394410333139984 ], [ -75.348943126125576, 6.394381742502127 ], [ -75.349059980076177, 6.394355468826625 ], [ -75.349165353459966, 6.394258024059081 ], [ -75.349231741254968, 6.394155018835619 ], [ -75.349353643309726, 6.394114043546857 ], [ -75.349515718599719, 6.394102338437975 ], [ -75.349631947844969, 6.394055718548781 ], [ -75.349706195429846, 6.393931229815237 ], [ -75.349751592992618, 6.39379099351018 ], [ -75.349784683422754, 6.393695660001448 ], [ -75.349798699023609, 6.393655278053707 ], [ -75.349897197011245, 6.393516026769248 ], [ -75.350012625620764, 6.393369971334746 ], [ -75.350172737330425, 6.393254309334679 ], [ -75.350317120389178, 6.393168065596573 ], [ -75.350489204403061, 6.393094186290877 ], [ -75.350640398512127, 6.393027146133452 ], [ -75.350720490969408, 6.392980615321182 ], [ -75.350819230962657, 6.392939686870687 ], [ -75.350915783644155, 6.392930408316317 ], [ -75.35114951307871, 6.392888019763738 ], [ -75.351260575935228, 6.392859009962688 ], [ -75.351332950188208, 6.392840105072946 ], [ -75.351476797968843, 6.392780073785804 ], [ -75.351507290721784, 6.39276734832281 ], [ -75.351523078281659, 6.39275826927836 ], [ -75.351629107353318, 6.392695861147253 ], [ -75.351959717791189, 6.392505628973595 ], [ -75.351974287550007, 6.39249724564392 ], [ -75.352396738647045, 6.392262287619062 ], [ -75.352570870235041, 6.392104767961122 ], [ -75.352676303013823, 6.392031066165966 ], [ -75.352787945925172, 6.391964128374923 ], [ -75.352814466414443, 6.391948227579043 ], [ -75.352906276738594, 6.391842904859963 ], [ -75.352997603603242, 6.39177374497983 ], [ -75.353131296896478, 6.391709009423803 ], [ -75.353227724277048, 6.3916443474292 ], [ -75.353333154036818, 6.391569506383927 ], [ -75.353466218799042, 6.391482160274471 ], [ -75.353553609761775, 6.391417531649797 ], [ -75.353644904201516, 6.391334821528822 ], [ -75.353703422401054, 6.391286568713301 ], [ -75.353723257496739, 6.391270213360052 ], [ -75.353791867933367, 6.391154778265236 ], [ -75.353888158170932, 6.391034754319698 ], [ -75.354002536737369, 6.390924853388764 ], [ -75.354140870003008, 6.390906428962158 ], [ -75.35430176515861, 6.390877780192135 ], [ -75.35437894346245, 6.390835558936487 ], [ -75.354411745309548, 6.390817614581774 ], [ -75.354531279000412, 6.390734835360785 ], [ -75.354641125201965, 6.390619298069495 ], [ -75.354783776729704, 6.3905183685746 ], [ -75.354926083195963, 6.390508962135328 ], [ -75.355079067421968, 6.390519030014303 ], [ -75.355257102414498, 6.39053074640012 ], [ -75.355689828737525, 6.390566973714069 ], [ -75.355785883085645, 6.390581424660198 ], [ -75.355955140989082, 6.390512072428951 ], [ -75.356043711334621, 6.390467774567661 ], [ -75.35614294600569, 6.390403126333606 ], [ -75.356255112777816, 6.390310174205034 ], [ -75.3563169865688, 6.390204933513228 ], [ -75.356353456145484, 6.390148998478313 ], [ -75.356385620197628, 6.390099667213107 ], [ -75.356485767876393, 6.389942342706618 ], [ -75.35656004497136, 6.389810548581938 ], [ -75.356590362062505, 6.38975675619486 ], [ -75.356694464634586, 6.389602814705704 ], [ -75.356752069819379, 6.389523076691646 ], [ -75.356790154964997, 6.389470357458844 ], [ -75.356881983395198, 6.38937859107271 ], [ -75.356963241953821, 6.389338911758209 ], [ -75.357033170793613, 6.389304765625976 ], [ -75.357225587574433, 6.389234227207936 ], [ -75.357238570301689, 6.389228270303544 ], [ -75.357416277563303, 6.389146737007074 ], [ -75.357498718427038, 6.389085481435881 ], [ -75.357530717814882, 6.389061703895234 ], [ -75.357601648539472, 6.388968864652096 ], [ -75.357656307083033, 6.388915612334873 ], [ -75.357736950831594, 6.388866825617185 ], [ -75.357772780120996, 6.388742431586643 ], [ -75.357786586565695, 6.388614706958524 ], [ -75.357800431670853, 6.388500534030168 ], [ -75.357917232039242, 6.388455041550518 ], [ -75.358090624308232, 6.388459131082342 ], [ -75.358188710371238, 6.388447112052393 ], [ -75.35826001272433, 6.388438373335354 ], [ -75.358420743976097, 6.388345310713746 ], [ -75.358579797028256, 6.388254506853759 ], [ -75.358701009298954, 6.388170583894421 ], [ -75.358787277562698, 6.388108223714646 ], [ -75.359190010811318, 6.388125294946096 ], [ -75.359275053356143, 6.388013554954703 ], [ -75.359457984988651, 6.387773193746966 ], [ -75.359462202852313, 6.387652259723104 ], [ -75.359512680838549, 6.387508617687772 ], [ -75.359596025892074, 6.387411227742064 ], [ -75.35969793035099, 6.38728441356486 ], [ -75.35977343204388, 6.387208518141225 ], [ -75.359863051541836, 6.387139361300083 ], [ -75.360020842695405, 6.386998846273002 ], [ -75.360167420503515, 6.386889992761553 ], [ -75.36022706515584, 6.38680057483187 ], [ -75.360279300938828, 6.386682913022952 ], [ -75.360377951679652, 6.386606958723036 ], [ -75.360469349478848, 6.386567174845155 ], [ -75.360493296158069, 6.386543592114986 ], [ -75.360524567055407, 6.38651279314761 ], [ -75.360506241903167, 6.386366184450605 ], [ -75.360503246003276, 6.38634221911893 ], [ -75.360521022754199, 6.386222389938574 ], [ -75.36057148909623, 6.386075356330263 ], [ -75.360653617818727, 6.38594180460645 ], [ -75.360744751117053, 6.385799190489934 ], [ -75.360827429148941, 6.385657735919121 ], [ -75.360965206386823, 6.385644959778354 ], [ -75.36110539057367, 6.385693208298022 ], [ -75.361249932467132, 6.38567589399381 ], [ -75.361363802949697, 6.3855874682422 ], [ -75.361547206899758, 6.385527118475594 ], [ -75.361662064920992, 6.385525173802904 ], [ -75.361782153484967, 6.385523142205791 ], [ -75.362000820045566, 6.385561015358672 ], [ -75.362190643855655, 6.385583147188019 ], [ -75.362300748805708, 6.385601456301444 ], [ -75.36236467554383, 6.38561208815462 ], [ -75.362442457126875, 6.385547492767003 ], [ -75.36242559984214, 6.385467280856112 ], [ -75.362414447676372, 6.385414215430458 ], [ -75.362414002821737, 6.38523566604114 ], [ -75.362441349043294, 6.385102250549775 ], [ -75.362596148972784, 6.384895075681669 ], [ -75.362823944847392, 6.384744207229449 ], [ -75.362927535884651, 6.384613996571105 ], [ -75.363087760690163, 6.384313006255589 ], [ -75.36343579686249, 6.384029952883914 ], [ -75.363471038568761, 6.384001290870973 ], [ -75.363563947837122, 6.383886923571875 ], [ -75.363659706839456, 6.38379483023563 ], [ -75.363667613868529, 6.383787226064115 ], [ -75.363812597374448, 6.383720185099069 ], [ -75.363911292636985, 6.383662312078116 ], [ -75.363973781115988, 6.383639180027529 ], [ -75.364028098685637, 6.383619073455122 ], [ -75.36409757598004, 6.383596021848366 ], [ -75.364196261186365, 6.383563280287881 ], [ -75.3643305067516, 6.38349402207627 ], [ -75.364426881573507, 6.383409021239679 ], [ -75.364524880671411, 6.383300299019563 ], [ -75.364592892373537, 6.383182036319486 ], [ -75.364595165567536, 6.383178083395098 ], [ -75.364677960041206, 6.383084076726693 ], [ -75.364817801965117, 6.382995585670788 ], [ -75.364988719697436, 6.382907018344248 ], [ -75.365040428894545, 6.382893950130182 ], [ -75.365092577760564, 6.382880772835104 ], [ -75.36517848200144, 6.382905416607461 ], [ -75.365288656726705, 6.382923222674837 ], [ -75.365414718350152, 6.382968112173 ], [ -75.365525646069599, 6.38283222184219 ], [ -75.365640781092623, 6.382799164005988 ], [ -75.365932305960257, 6.382614239377933 ], [ -75.366264829361597, 6.382333166011485 ], [ -75.366341964761972, 6.382238045815321 ], [ -75.366514778657887, 6.382231964695535 ], [ -75.366639604051286, 6.382237302054445 ], [ -75.366800531218345, 6.382218817083913 ], [ -75.366892484204186, 6.3821779833326 ], [ -75.366943824331273, 6.382155185082823 ], [ -75.367097154883083, 6.382039536766921 ], [ -75.367198546657349, 6.381931920878277 ], [ -75.367311816393695, 6.381831073911588 ], [ -75.367424474397069, 6.381713261775985 ], [ -75.367437764460689, 6.381602484183198 ], [ -75.367476495367001, 6.381506332353055 ], [ -75.367552041325382, 6.381453035036184 ], [ -75.36763501670012, 6.381437011554532 ], [ -75.367905982747942, 6.381383218923471 ], [ -75.368108017131831, 6.381322821642783 ], [ -75.368118172922266, 6.38132100038808 ], [ -75.368127218938824, 6.381319378290957 ], [ -75.368282458850246, 6.381289614755765 ], [ -75.368437637864588, 6.381234978787305 ], [ -75.368608106238668, 6.381196125755046 ], [ -75.368774258766052, 6.381014915977907 ], [ -75.368842387235233, 6.3809277311851 ], [ -75.368890758043833, 6.380849635766257 ], [ -75.36894980166538, 6.380747785319336 ], [ -75.36908038103536, 6.380564386783512 ], [ -75.369167165654943, 6.380487334425151 ], [ -75.369256225864731, 6.38041817717891 ], [ -75.369354856961877, 6.380335436031377 ], [ -75.369446129734158, 6.380245938988711 ], [ -75.36951666191861, 6.380167222942941 ], [ -75.369553702384238, 6.380125884328276 ], [ -75.369682201583075, 6.380015944413593 ], [ -75.369769159372396, 6.379971118686374 ], [ -75.369798952393779, 6.379955760307627 ], [ -75.36989260274818, 6.379911461502825 ], [ -75.369986236049115, 6.379864893895544 ], [ -75.369995505165619, 6.379734917119979 ], [ -75.370004221025653, 6.379606068882921 ], [ -75.369994971746621, 6.3795213338474 ], [ -75.370068151679135, 6.379423967946725 ], [ -75.370143648719306, 6.379348068995512 ], [ -75.37018029099066, 6.379255063190765 ], [ -75.370189103920779, 6.379232692231636 ], [ -75.370082260926239, 6.378967403123887 ], [ -75.370045361010042, 6.378665780049459 ], [ -75.37015398053515, 6.378057538504773 ], [ -75.37021303839758, 6.37796246258528 ], [ -75.370329244572133, 6.377907939270884 ], [ -75.370489563335894, 6.377874755866237 ], [ -75.370580936769784, 6.377853759753922 ], [ -75.370643659600006, 6.377839346629095 ], [ -75.370774052819513, 6.377810770343935 ], [ -75.370916252894702, 6.37776295518357 ], [ -75.37114207569995, 6.377727355179204 ], [ -75.371375309842179, 6.377718855766741 ], [ -75.371476332944155, 6.377692618862447 ], [ -75.371565439848851, 6.377638150551697 ], [ -75.371615412342905, 6.377522763380323 ], [ -75.371578413240712, 6.377405335647897 ], [ -75.371507054492469, 6.37732979430476 ], [ -75.371435650914222, 6.377231662317779 ], [ -75.371412226930232, 6.37712662387619 ], [ -75.371454012867517, 6.377013611931499 ], [ -75.371456553877763, 6.377006739404418 ], [ -75.371576585471587, 6.376902468209629 ], [ -75.371670783950293, 6.376854774702618 ], [ -75.371771145187211, 6.376785587319329 ], [ -75.371887333588688, 6.376724279076758 ], [ -75.371946384702639, 6.376625809291987 ], [ -75.372029155444807, 6.376522772099342 ], [ -75.372135721084504, 6.376454697854523 ], [ -75.372242338924394, 6.37640357874842 ], [ -75.372380685304165, 6.376395329380209 ], [ -75.372550718451194, 6.376406199416547 ], [ -75.372764154264672, 6.376386454541478 ], [ -75.373001686420835, 6.376290932923752 ], [ -75.373206497217595, 6.37620906171696 ], [ -75.373490225789709, 6.376068218309001 ], [ -75.373558965585161, 6.376003643510249 ], [ -75.373623085711159, 6.375897259464143 ], [ -75.373682227971145, 6.375834955139865 ], [ -75.373787693627705, 6.375777062168115 ], [ -75.37391189182938, 6.375756402512707 ], [ -75.374051900842574, 6.375735713580539 ], [ -75.374191270326264, 6.375682247242072 ], [ -75.374312172707164, 6.375630109387949 ], [ -75.374352054628389, 6.37561291037791 ], [ -75.374486842442465, 6.37553459876667 ], [ -75.374592342591527, 6.375485748994976 ], [ -75.374904018864584, 6.375343021268538 ], [ -75.374909941419915, 6.375340309444795 ], [ -75.375573032830047, 6.375134109924492 ], [ -75.375664980941139, 6.375092067966754 ], [ -75.375740476778006, 6.375016159004705 ], [ -75.375806856887763, 6.3749131625727 ], [ -75.375893347937293, 6.374724224777779 ], [ -75.375970866674493, 6.374551139525515 ], [ -75.376012166445122, 6.374444566370858 ], [ -75.376041000894347, 6.374370158767224 ], [ -75.376068233430402, 6.374192667874752 ], [ -75.376079066387604, 6.374009581793789 ], [ -75.376017115714561, 6.373850395459186 ], [ -75.375923577961728, 6.373712763684676 ], [ -75.375817084014827, 6.373586470668187 ], [ -75.375719494377023, 6.373408166730705 ], [ -75.375690281301331, 6.373245514440224 ], [ -75.375715933000862, 6.37311323387479 ], [ -75.375724664028496, 6.372991172053251 ], [ -75.37575470028375, 6.372940675378675 ], [ -75.375772458174552, 6.372910819993312 ], [ -75.375895734027097, 6.372744395107706 ], [ -75.37597860903449, 6.37266698498637 ], [ -75.375998845898408, 6.372648081999728 ], [ -75.376131795258289, 6.372512148283977 ], [ -75.376278397072625, 6.3724157249559 ], [ -75.376390653148789, 6.372366855159779 ], [ -75.376473103239903, 6.372364382356928 ], [ -75.37661318233657, 6.372370805952183 ], [ -75.37668645215345, 6.372310740440508 ], [ -75.376722832345294, 6.37217730324668 ], [ -75.376784148316617, 6.372078825909817 ], [ -75.37686426278438, 6.372048120470648 ], [ -75.376948836164686, 6.372008720962725 ], [ -75.377022781511513, 6.371974271626097 ], [ -75.377148724997554, 6.371890139249032 ], [ -75.377167118309316, 6.371877852220926 ], [ -75.377263073961188, 6.3718538821335 ], [ -75.377433084871242, 6.371862495329434 ], [ -75.377586855824461, 6.371924254208334 ], [ -75.377750043431803, 6.371910284602684 ], [ -75.377919381565263, 6.37187257942859 ], [ -75.378119362599932, 6.371894676927266 ], [ -75.378133629345939, 6.371904916740352 ], [ -75.378291932244466, 6.372018536279462 ], [ -75.378453128814073, 6.372114186684747 ], [ -75.37870797750324, 6.372166651871254 ], [ -75.378722147588078, 6.372168941550633 ], [ -75.378928319460726, 6.372202258635014 ], [ -75.379104534498126, 6.372226391995301 ], [ -75.379187643551987, 6.372237773160023 ], [ -75.379380268945937, 6.372254240899906 ], [ -75.379511282590045, 6.372250516923579 ], [ -75.37977724143272, 6.372231764738352 ], [ -75.37989923335391, 6.372229203166686 ], [ -75.379979431900836, 6.372231255447431 ], [ -75.381042151066652, 6.372381132065659 ], [ -75.381223493529035, 6.372399884364395 ], [ -75.381508322478524, 6.372477139539363 ], [ -75.38175422689838, 6.3725657888501 ], [ -75.382032331870846, 6.372661144930198 ], [ -75.382137684731504, 6.372707205225066 ], [ -75.382230214291255, 6.372747658954676 ], [ -75.38239984396165, 6.372825204277905 ], [ -75.382526476109533, 6.372876864825745 ], [ -75.382733076257182, 6.372833403016571 ], [ -75.382865788626901, 6.372826282325068 ], [ -75.382996896325636, 6.372859861079156 ], [ -75.383061377048534, 6.37289811538448 ], [ -75.383153122706801, 6.372997331645998 ], [ -75.383225131295859, 6.373109021624064 ], [ -75.38328471900121, 6.373224124403905 ], [ -75.38338842757733, 6.373363993807075 ], [ -75.383510620239889, 6.373446180371296 ], [ -75.383625257721263, 6.373439115221853 ], [ -75.383709806618128, 6.373374477342448 ], [ -75.383762661017215, 6.373283947143467 ], [ -75.383826286513823, 6.373203547634194 ], [ -75.383943644824441, 6.373160313042199 ], [ -75.384005095805989, 6.373148509285826 ], [ -75.384092671933587, 6.373131687621232 ], [ -75.384190906877762, 6.373120145753326 ], [ -75.384278519525125, 6.373147031415378 ], [ -75.384367923721612, 6.373215749923418 ], [ -75.384453290772996, 6.373249431582479 ], [ -75.38461137028807, 6.373228694945805 ], [ -75.384737729754875, 6.373166218453115 ], [ -75.384847697246613, 6.373103793807484 ], [ -75.385023666981311, 6.373009547998816 ], [ -75.385043104521685, 6.373003939506212 ], [ -75.385106634460769, 6.372985609962818 ], [ -75.385342665057607, 6.372969184229866 ], [ -75.385461895267326, 6.372996015587535 ], [ -75.385753532057947, 6.373081154603106 ], [ -75.386074168867054, 6.373018195620013 ], [ -75.386494979443398, 6.372818245379204 ], [ -75.386717107115288, 6.372663989345124 ], [ -75.386968777387736, 6.372579731583645 ], [ -75.387200559959354, 6.372445810614042 ], [ -75.387358433272453, 6.37234256912544 ], [ -75.387541541143264, 6.372164693925182 ], [ -75.387667022943248, 6.371985824297983 ], [ -75.387785718507729, 6.371801328228184 ], [ -75.387893197630575, 6.371645118477893 ], [ -75.387943199772565, 6.371538768795411 ], [ -75.387970554116862, 6.371415521006192 ], [ -75.387992713664303, 6.37124483131208 ], [ -75.387996465792597, 6.371146277641433 ], [ -75.388001188416141, 6.371022194961924 ], [ -75.387998370871628, 6.370799588489735 ], [ -75.387997918821412, 6.370621038918962 ], [ -75.387992012016852, 6.370518224040396 ], [ -75.387990221651393, 6.370480938976204 ], [ -75.387971810456165, 6.370347641686642 ], [ -75.387960016730517, 6.370240105180631 ], [ -75.387952728854174, 6.370173658633789 ], [ -75.387940559569216, 6.370051650769355 ], [ -75.387927110970267, 6.369941887522597 ], [ -75.387926719110752, 6.369938685777772 ], [ -75.387969805744831, 6.369780375774887 ], [ -75.387987721998371, 6.36971817315219 ], [ -75.388060985061102, 6.369655841033168 ], [ -75.388153563965915, 6.369599493511409 ], [ -75.388200829280606, 6.369570725600067 ], [ -75.388338464721599, 6.369503710695064 ], [ -75.388498313002074, 6.369431187800707 ], [ -75.388526312579046, 6.369418484904994 ], [ -75.388693264469225, 6.369332175408911 ], [ -75.388886108139232, 6.369210774088891 ], [ -75.389002803316231, 6.369126859159042 ], [ -75.389110517296714, 6.369064426640865 ], [ -75.389208567605209, 6.368979428017258 ], [ -75.390044693425793, 6.368416804231654 ], [ -75.390142828454245, 6.368365714036646 ], [ -75.390314832838143, 6.368266957670805 ], [ -75.390463663374476, 6.368162623082192 ], [ -75.390550492325801, 6.368104775915313 ], [ -75.39074346649835, 6.368035343665408 ], [ -75.390903828498921, 6.368021386224871 ], [ -75.391040869780255, 6.368003892446801 ], [ -75.391048347385194, 6.368002937647539 ], [ -75.391201928274086, 6.367985593166843 ], [ -75.391427298034728, 6.367998581335073 ], [ -75.391704735427339, 6.368050993298198 ], [ -75.391943707923176, 6.36808201825005 ], [ -75.392163990461341, 6.368095019008653 ], [ -75.392492133117585, 6.368098706275678 ], [ -75.392496732485142, 6.368098960427222 ], [ -75.392648591771263, 6.368107348466285 ], [ -75.392718068176876, 6.368112361135321 ], [ -75.39279997905939, 6.368118269787644 ], [ -75.392877094800298, 6.368099033515069 ], [ -75.392882383197573, 6.368097714223904 ], [ -75.393012549640886, 6.367979863478919 ], [ -75.393168648768025, 6.367848387886728 ], [ -75.393292089981273, 6.367754274424815 ], [ -75.39341102730198, 6.367665826745235 ], [ -75.393612764986585, 6.367489033036318 ], [ -75.393756536474456, 6.367391485719782 ], [ -75.393896411377042, 6.367315420536119 ], [ -75.394111978580781, 6.367250449952007 ], [ -75.394177970186647, 6.367235368371755 ], [ -75.39425195407712, 6.367218459858055 ], [ -75.394376538046046, 6.367200212063757 ], [ -75.394416806895364, 6.36719431410155 ], [ -75.394564153899921, 6.367169070555896 ], [ -75.394724366940267, 6.367101995821862 ], [ -75.394770758817714, 6.367083217024945 ], [ -75.394862028676499, 6.367046271364014 ], [ -75.395608001988947, 6.366776166524897 ], [ -75.395622629759686, 6.366770869894474 ], [ -75.395695960337292, 6.366735649468787 ], [ -75.395776651642663, 6.366712842323814 ], [ -75.395895772525151, 6.366693329423541 ], [ -75.396023964120445, 6.366690749151722 ], [ -75.396106283543901, 6.366703784744772 ], [ -75.396171422543077, 6.366714099605648 ], [ -75.396361809371768, 6.366736218514397 ], [ -75.396534172031295, 6.366778716064765 ], [ -75.396676686228545, 6.366806660155095 ], [ -75.396699156995737, 6.366811065975515 ], [ -75.396818841541659, 6.366793816447487 ], [ -75.396940143985844, 6.366738500079556 ], [ -75.396985815695189, 6.366717673247919 ], [ -75.397141549448378, 6.36666190406407 ], [ -75.397418970607134, 6.366489435497353 ], [ -75.397533484726296, 6.366433769773145 ], [ -75.397712233131344, 6.366324836291177 ], [ -75.39800334222258, 6.366204309917673 ], [ -75.398289923987306, 6.366080399959291 ], [ -75.398516664344186, 6.365966814050168 ], [ -75.399404719459682, 6.365619893760961 ], [ -75.400200708188748, 6.365494683445423 ], [ -75.400381963054798, 6.365485181595094 ], [ -75.400604496218776, 6.365489141527565 ], [ -75.400873267939659, 6.36546810836915 ], [ -75.401171372797336, 6.365436830532119 ], [ -75.401285575952727, 6.365415512378831 ], [ -75.401361609812369, 6.365401319256598 ], [ -75.401605011296851, 6.365398430021969 ], [ -75.401735362235343, 6.365355159420645 ], [ -75.40190852909592, 6.365269969269356 ], [ -75.401944060591362, 6.365252923883631 ], [ -75.402159606525345, 6.365176665071655 ], [ -75.402360980341726, 6.365081221718434 ], [ -75.40258548025426, 6.364973294035732 ], [ -75.402758561802372, 6.364897067949489 ], [ -75.402791951993962, 6.364882362472919 ], [ -75.403009733501719, 6.364799323432209 ], [ -75.403119770551328, 6.36476513209205 ], [ -75.403269563146452, 6.364711340336378 ], [ -75.403335303004724, 6.364687732498737 ], [ -75.403511926143949, 6.3646296538667 ], [ -75.403683481774806, 6.364574969899923 ], [ -75.403807664281828, 6.364553190926543 ], [ -75.403885594881586, 6.364550724335079 ], [ -75.403923094961513, 6.364578347667234 ], [ -75.403972733157474, 6.364614913437023 ], [ -75.404054264587259, 6.364693805063144 ], [ -75.404085972104312, 6.364724239288062 ], [ -75.404212278218765, 6.364870821297348 ], [ -75.404247316484216, 6.364913111928079 ], [ -75.404300096120252, 6.364976816295727 ], [ -75.404337159917887, 6.365117969840579 ], [ -75.404434046420434, 6.365019413448199 ], [ -75.404482581723769, 6.365004600215425 ], [ -75.404560535163654, 6.36501004741989 ], [ -75.404625956577448, 6.364975982155059 ], [ -75.404710074949008, 6.364963332576519 ], [ -75.404797557354328, 6.364942771755828 ], [ -75.404889589172583, 6.364935752707641 ], [ -75.404970337825233, 6.364931022542226 ], [ -75.405066965717324, 6.364948856299364 ], [ -75.405189589797814, 6.364977919371224 ], [ -75.405289640385803, 6.36501269748317 ], [ -75.405402665906564, 6.365044049502728 ], [ -75.405490817055977, 6.365063032059233 ], [ -75.405557557209463, 6.365099013242954 ], [ -75.405608505689472, 6.365146350526292 ], [ -75.405714260381231, 6.365204845070167 ], [ -75.405792353769343, 6.365269055742324 ], [ -75.405851781056697, 6.365311841841166 ], [ -75.405934410071438, 6.365383943443188 ], [ -75.40600619615492, 6.365407499817373 ], [ -75.4060762293133, 6.365409574325405 ], [ -75.406197031968645, 6.365388928361444 ], [ -75.406246664476797, 6.365361678896448 ], [ -75.406308727443388, 6.36533552654674 ], [ -75.406423791549713, 6.365278730227892 ], [ -75.406453594792254, 6.365232322949517 ], [ -75.406446628222099, 6.365156633761977 ], [ -75.406409790342678, 6.365104750531909 ], [ -75.406383687464157, 6.365057348921361 ], [ -75.406345726099175, 6.365011114995074 ], [ -75.406303177094941, 6.364933251508305 ], [ -75.406133716428201, 6.364699777179634 ], [ -75.406079313359129, 6.364628718285932 ], [ -75.406032316994285, 6.364582508144974 ], [ -75.406032085198547, 6.364492112224625 ], [ -75.406031873672816, 6.364409620114149 ], [ -75.405974131372631, 6.36435439706899 ], [ -75.405961479729342, 6.364266289190752 ], [ -75.405943177315351, 6.364178195180799 ], [ -75.405939639346684, 6.364116044931407 ], [ -75.405940063397523, 6.364064066017967 ], [ -75.405951739748872, 6.363992848881601 ], [ -75.405958302628363, 6.363906946600757 ], [ -75.405957586211471, 6.363849322291522 ], [ -75.405910406147527, 6.363731913420985 ], [ -75.405853190648344, 6.363664254472585 ], [ -75.405786451728531, 6.363623754630261 ], [ -75.405731036196727, 6.363597901262192 ], [ -75.405677283999722, 6.363557356717138 ], [ -75.405601375281123, 6.363466017677517 ], [ -75.405564536860993, 6.363417528388844 ], [ -75.405517403682026, 6.363313679730105 ], [ -75.405485614508862, 6.363251613294914 ], [ -75.405434074447228, 6.363195247732651 ], [ -75.405404020748222, 6.363147865004777 ], [ -75.405355941396081, 6.363118603771607 ], [ -75.405173180573783, 6.362984598144834 ], [ -75.405152165478256, 6.362938323144913 ], [ -75.405136237155688, 6.36289090480366 ], [ -75.405137744906312, 6.362817447463449 ], [ -75.405122851790509, 6.362739514148448 ], [ -75.405080279415202, 6.362652608799042 ], [ -75.40503780279235, 6.362607513428404 ], [ -75.405005476299849, 6.362552224414237 ], [ -75.404917177013033, 6.36247448937965 ], [ -75.404801761150836, 6.362394546822809 ], [ -75.404779129601494, 6.362378788892205 ], [ -75.404659810921217, 6.362316937254437 ], [ -75.404571020523164, 6.362269708147323 ], [ -75.404464217040754, 6.362246251308363 ], [ -75.404335285216519, 6.36217652224202 ], [ -75.404250471037983, 6.362140577638726 ], [ -75.404040849054397, 6.362102694690126 ], [ -75.40398379306113, 6.362097193784884 ], [ -75.40389286740897, 6.362096288187864 ], [ -75.403792925108746, 6.362103329744802 ], [ -75.403713222494474, 6.362076413695412 ], [ -75.403637501909117, 6.362057399513361 ], [ -75.403570827917633, 6.362042881446524 ], [ -75.403481000185351, 6.362035198126677 ], [ -75.403417692029123, 6.362010503166111 ], [ -75.403324415702201, 6.361975706567176 ], [ -75.403258841067043, 6.361951016755381 ], [ -75.403166128271209, 6.361913954928973 ], [ -75.403088014716559, 6.361845232646797 ], [ -75.403017875650903, 6.361801335008117 ], [ -75.402938654464833, 6.361740520034616 ], [ -75.402889959203421, 6.361693186699497 ], [ -75.402832692722171, 6.361600660240558 ], [ -75.402774323342172, 6.361522835511231 ], [ -75.402712538698196, 6.361434862620037 ], [ -75.402667745759231, 6.361369427562131 ], [ -75.402622963229732, 6.361302874802828 ], [ -75.402590625255925, 6.361244196596534 ], [ -75.402562826236746, 6.361192288558755 ], [ -75.402553180192072, 6.361176484020987 ], [ -75.4025231223833, 6.361126848668093 ], [ -75.40248401257351, 6.361071576141981 ], [ -75.402393170098364, 6.36088534794867 ], [ -75.402369237591017, 6.360796137756637 ], [ -75.402361586543478, 6.360679768874906 ], [ -75.402325678046765, 6.360549909328945 ], [ -75.402279025207577, 6.360415556697259 ], [ -75.402243211766475, 6.360324113123479 ], [ -75.402066272602355, 6.36003866721488 ], [ -75.401975716131062, 6.359959798125399 ], [ -75.40183426361078, 6.359858456966911 ], [ -75.4017381378072, 6.35980897970347 ], [ -75.401643657442776, 6.359743680986192 ], [ -75.401557680934204, 6.359693049965571 ], [ -75.401501725015365, 6.359672856459149 ], [ -75.40140900156112, 6.359632411546663 ], [ -75.40133324404087, 6.359603226871364 ], [ -75.401276726488987, 6.359585291579624 ], [ -75.401228652804122, 6.359558290424623 ], [ -75.401158512937144, 6.359514394330485 ], [ -75.401077102078375, 6.359482958407732 ], [ -75.40096682710309, 6.359423360222412 ], [ -75.40085030151134, 6.359349067047244 ], [ -75.400802178877015, 6.359302869839141 ], [ -75.400728690478189, 6.359275924703773 ], [ -75.400624106737141, 6.359234381511953 ], [ -75.400576611244091, 6.35921529278944 ], [ -75.400486153792599, 6.359174852626577 ], [ -75.400413702051651, 6.3591128813224 ], [ -75.400350347212225, 6.359068965239807 ], [ -75.400292016645096, 6.359005841448635 ], [ -75.400209354351105, 6.358924685518126 ], [ -75.400178156877701, 6.358870531666945 ], [ -75.400142895753987, 6.358775693644088 ], [ -75.400146560827835, 6.358663812499206 ], [ -75.400136192101158, 6.358583613017661 ], [ -75.400132571778542, 6.358489821357356 ], [ -75.40010516685922, 6.35837350085346 ], [ -75.400100856042627, 6.358235646982742 ], [ -75.400312269400828, 6.35787010796351 ], [ -75.400679698421285, 6.357559541301967 ], [ -75.400960906861641, 6.357326041066731 ], [ -75.401093915408751, 6.357218352065814 ], [ -75.401162091815053, 6.357158286644911 ], [ -75.401210499345481, 6.357092624010736 ], [ -75.401239200700374, 6.357051866906467 ], [ -75.401274651879703, 6.357002052699663 ], [ -75.401343856621097, 6.356899045301763 ], [ -75.401401801558038, 6.356811885155551 ], [ -75.401472132298295, 6.35671112789284 ], [ -75.401517644864185, 6.356618351167516 ], [ -75.40157778140474, 6.356506327063656 ], [ -75.401612045346369, 6.356432785933492 ], [ -75.401664253222179, 6.356310603716793 ], [ -75.401687238669325, 6.356241622064847 ], [ -75.401710749032844, 6.356160198215139 ], [ -75.401743284065191, 6.356074238325089 ], [ -75.401838396023592, 6.355945170382356 ], [ -75.40187784539927, 6.355911160013523 ], [ -75.401957333675327, 6.355858978984958 ], [ -75.401981413913305, 6.355777551783532 ], [ -75.401982452088092, 6.355743650925145 ], [ -75.401989277088305, 6.355536836939741 ], [ -75.402018559897641, 6.355287025613183 ], [ -75.40204258532853, 6.355184135521625 ], [ -75.402061014500759, 6.355101594359098 ], [ -75.402077219153668, 6.355033759069268 ], [ -75.402081543636314, 6.354958028788467 ], [ -75.402062026783369, 6.354833785024834 ], [ -75.402022039716556, 6.354657605530996 ], [ -75.401956334375214, 6.354361706655016 ], [ -75.401945393039028, 6.354279240526424 ], [ -75.401884790745171, 6.353985584127582 ], [ -75.401841316282301, 6.353772123129193 ], [ -75.401843474781984, 6.3537303060561 ], [ -75.401846702210804, 6.353665885341293 ], [ -75.401880785339387, 6.353522285152575 ], [ -75.401950919321024, 6.353345824341279 ], [ -75.402065699706313, 6.353178277348732 ], [ -75.402221701201412, 6.353009509267888 ], [ -75.402272391787108, 6.352951753516596 ], [ -75.402332077468472, 6.352886060170366 ], [ -75.402356858302483, 6.352856609744801 ], [ -75.402387253567724, 6.352820370132779 ], [ -75.402419871852061, 6.352762660545537 ], [ -75.402446846944088, 6.352710613076535 ], [ -75.402481662764444, 6.352634806160857 ], [ -75.402599138079879, 6.35241641281878 ], [ -75.402665536905516, 6.352320188048228 ], [ -75.402755690248, 6.352241983549884 ], [ -75.402825040353036, 6.352195476752183 ], [ -75.40293780032178, 6.352123998773269 ], [ -75.403075492334139, 6.352081837846519 ], [ -75.40318101138044, 6.352048798349159 ], [ -75.403361142431237, 6.352042690188071 ], [ -75.403512541450425, 6.35205924748325 ], [ -75.403630038853521, 6.352069124788802 ], [ -75.40370291583281, 6.352080233836261 ], [ -75.403784251437543, 6.352083418632244 ], [ -75.403841254513225, 6.352073094497985 ], [ -75.403892580058198, 6.352045842415972 ], [ -75.403961336017176, 6.351989177596291 ], [ -75.404075164012554, 6.351889439247689 ], [ -75.404174190787955, 6.351747927218749 ], [ -75.404293074958019, 6.351636879882179 ], [ -75.404376432441254, 6.351553044861209 ], [ -75.404429372285307, 6.35149414660809 ], [ -75.404475503866365, 6.351425105725301 ], [ -75.404525568842871, 6.351344739809424 ], [ -75.404589246614108, 6.351292597751996 ], [ -75.404681742988046, 6.351246029648934 ], [ -75.404764120241254, 6.35121530400566 ], [ -75.404860095510671, 6.351206029298613 ], [ -75.404952147200405, 6.351203528716116 ], [ -75.405034073346982, 6.351220273498477 ], [ -75.405108143297511, 6.35125171392092 ], [ -75.405153966771593, 6.351284367031269 ], [ -75.405218503372097, 6.351345230917467 ], [ -75.405280201422059, 6.351399318384061 ], [ -75.405346174790253, 6.351359592900181 ], [ -75.405604430047163, 6.351204124010241 ], [ -75.405822589985718, 6.351053267519742 ], [ -75.405878407633296, 6.351015832373115 ], [ -75.405907649561371, 6.350968300190925 ], [ -75.406091591646572, 6.350680803907878 ], [ -75.40633327274216, 6.350448530958648 ], [ -75.40639526585494, 6.350400903502713 ], [ -75.406448222338582, 6.350347662233364 ], [ -75.406518172447036, 6.350318094071135 ], [ -75.406610707285239, 6.350286216918395 ], [ -75.406780008188832, 6.350237196192783 ], [ -75.406925509914714, 6.350161116879267 ], [ -75.407153286528725, 6.35001475148 ], [ -75.407181414687187, 6.349968351147179 ], [ -75.407228087572122, 6.349892522535256 ], [ -75.407315238206564, 6.349745392897628 ], [ -75.407424455339765, 6.349609515332872 ], [ -75.407513351997011, 6.349477069368277 ], [ -75.40757297142045, 6.349381990633169 ], [ -75.407663060787257, 6.349280068425074 ], [ -75.407838397211577, 6.349160963107554 ], [ -75.407979952887999, 6.349086008846534 ], [ -75.408403553333656, 6.348884920812399 ], [ -75.408491559056813, 6.348848521835677 ], [ -75.408528573849637, 6.348840655634032 ], [ -75.408582998759456, 6.348829090568238 ], [ -75.408683491425649, 6.34881525785957 ], [ -75.408814518109111, 6.348820582017751 ], [ -75.408899257863254, 6.348832788369414 ], [ -75.409164216668458, 6.348869398086361 ], [ -75.409269305653169, 6.348887209938887 ], [ -75.409386804287195, 6.348901606607722 ], [ -75.409477725135915, 6.348901373220635 ], [ -75.409565852001364, 6.348909052739966 ], [ -75.409660744076277, 6.34891672055808 ], [ -75.409769808822034, 6.348944688434717 ], [ -75.409936602948548, 6.349018841287464 ], [ -75.41004961487468, 6.349046799592735 ], [ -75.410272322682786, 6.34912533116216 ], [ -75.410524883205767, 6.349168755638441 ], [ -75.410590957188674, 6.349171978658248 ], [ -75.410696016570398, 6.349178483541547 ], [ -75.41090438298049, 6.349167780509664 ], [ -75.41097779005753, 6.349163071943238 ], [ -75.411126283665965, 6.349153650463109 ], [ -75.41138369571425, 6.349110049595925 ], [ -75.411517414436048, 6.349063376391957 ], [ -75.411599167288358, 6.349012303600094 ], [ -75.411662900733887, 6.348977115138528 ], [ -75.411672423130625, 6.348949968650892 ], [ -75.411720080572536, 6.348814246830443 ], [ -75.411747554752793, 6.348735075817409 ], [ -75.411760351134262, 6.348661590226996 ], [ -75.411781640751443, 6.348593730478687 ], [ -75.411808029846625, 6.348534899337661 ], [ -75.411858643618459, 6.348452286782198 ], [ -75.411939213354771, 6.34837975341906 ], [ -75.412023258633681, 6.348338854916342 ], [ -75.412115185194978, 6.348291160684845 ], [ -75.412146198093893, 6.348274125885052 ], [ -75.41218792673719, 6.348250289969588 ], [ -75.412268591209894, 6.348213919410934 ], [ -75.412347010220287, 6.348179820888262 ], [ -75.412422016251455, 6.348138944953448 ], [ -75.412514018631299, 6.348121765871912 ], [ -75.412593512895185, 6.348068444509742 ], [ -75.412924080526579, 6.347928600696857 ], [ -75.413005860844123, 6.347883187982557 ], [ -75.413106289424775, 6.347849032724557 ], [ -75.413172266152316, 6.347811572083213 ], [ -75.413242196582928, 6.347772976648898 ], [ -75.413297472348845, 6.347746836998631 ], [ -75.413381500335902, 6.347700291316123 ], [ -75.413498309251779, 6.347663827560464 ], [ -75.413582351617464, 6.347626322265416 ], [ -75.413681051342394, 6.347575216336594 ], [ -75.41375386858796, 6.34755921485592 ], [ -75.41386224687794, 6.347541982034528 ], [ -75.413938485795612, 6.347541785717787 ], [ -75.413987094302172, 6.347555219639318 ], [ -75.414063379740128, 6.347573105344857 ], [ -75.4141583503269, 6.347612404586851 ], [ -75.414260120596097, 6.34765847310252 ], [ -75.414419573849543, 6.347732644636945 ], [ -75.414475026562627, 6.347774310615524 ], [ -75.414559276369133, 6.347818169294079 ], [ -75.414679714798055, 6.347874357827283 ], [ -75.414788294693182, 6.347933969025839 ], [ -75.414838037304264, 6.347950795230357 ], [ -75.414909821299105, 6.347975466570706 ], [ -75.415016107727041, 6.348020395502925 ], [ -75.415115649785804, 6.34808003117497 ], [ -75.415160932930064, 6.348119469634401 ], [ -75.415299402747806, 6.348159794999404 ], [ -75.415381421120259, 6.348211562474333 ], [ -75.415471919857922, 6.348264434571167 ], [ -75.415535830681577, 6.348302687089742 ], [ -75.41558144411141, 6.34825398332703 ], [ -75.415598836228668, 6.348211001900079 ], [ -75.415621226322259, 6.348132971053051 ], [ -75.415640796234982, 6.348056074613346 ], [ -75.415662018366589, 6.34796223152831 ], [ -75.415705566167333, 6.347770012504856 ], [ -75.415849656487183, 6.347800154400147 ], [ -75.415922271756443, 6.347710699312543 ], [ -75.415990540589263, 6.347465307961926 ], [ -75.416011101205399, 6.347336431319945 ], [ -75.41604761334564, 6.347040273255828 ], [ -75.416057011864851, 6.346744184486415 ], [ -75.415996683800884, 6.346343179824583 ], [ -75.415932400527865, 6.34616367080822 ], [ -75.415910094421662, 6.346049592178833 ], [ -75.415898604750851, 6.345976170493213 ], [ -75.415850413963128, 6.345902852899972 ], [ -75.415832198790653, 6.3458475275411 ], [ -75.415825935131906, 6.345828323670428 ], [ -75.415821816693509, 6.345762795652572 ], [ -75.415797893277642, 6.345682629312428 ], [ -75.415755363569616, 6.345616062442812 ], [ -75.41569520716007, 6.34550209209241 ], [ -75.415649110915041, 6.345363219689588 ], [ -75.415637472298926, 6.34523217114273 ], [ -75.415633550732565, 6.345021991082529 ], [ -75.415673205438651, 6.344851254520751 ], [ -75.415725831169368, 6.344674838119087 ], [ -75.415813394218787, 6.344467815040584 ], [ -75.415894909920809, 6.344320699775103 ], [ -75.416027738107388, 6.344149733780586 ], [ -75.416180884158521, 6.343967399208434 ], [ -75.416444362697774, 6.343651447989913 ], [ -75.416672994651577, 6.343397728620221 ], [ -75.416613511121483, 6.343327823483165 ], [ -75.416577745007061, 6.343254463779697 ], [ -75.416502810345378, 6.343102102933802 ], [ -75.41640395210618, 6.342874097539593 ], [ -75.416349688452968, 6.34263127830403 ], [ -75.416261570895898, 6.34240663856211 ], [ -75.416119572043925, 6.342091731323869 ], [ -75.415993913742653, 6.341757562513113 ], [ -75.415883689529792, 6.341500197331591 ], [ -75.41575388372884, 6.341310700721721 ], [ -75.415572687361504, 6.341122439567233 ], [ -75.415466101355705, 6.340959993637458 ], [ -75.415293653200223, 6.34088133808854 ], [ -75.415125178311598, 6.340807192149196 ], [ -75.415009679692659, 6.340693352673394 ], [ -75.414954412135813, 6.340505918127555 ], [ -75.415011334475196, 6.340239083115247 ], [ -75.415110070544827, 6.339765355615885 ], [ -75.415141041473049, 6.339509881505041 ], [ -75.415151739934544, 6.339280467048898 ], [ -75.415171371906595, 6.339011473770579 ], [ -75.415166384555619, 6.338823899053043 ], [ -75.415137292272362, 6.338712102733197 ], [ -75.41510538013614, 6.338600314929295 ], [ -75.415107879373764, 6.338474866832673 ], [ -75.415193939374745, 6.338342437067741 ], [ -75.415306160035243, 6.338278866978637 ], [ -75.415417881529976, 6.338243554841334 ], [ -75.415489512993844, 6.338209473026275 ], [ -75.415547325895517, 6.338072585304495 ], [ -75.415643535823705, 6.337929954211159 ], [ -75.415773086586185, 6.337799669222139 ], [ -75.415894278555527, 6.337715736362988 ], [ -75.416014943654332, 6.337639718150019 ], [ -75.416161047998344, 6.337578312415033 ], [ -75.416229220131783, 6.337518245237135 ], [ -75.416286216726348, 6.337502283186165 ], [ -75.41645390542358, 6.337487163140505 ], [ -75.416760422066233, 6.337436651364143 ], [ -75.417065084043912, 6.337323995188822 ], [ -75.417279782859794, 6.33714489362422 ], [ -75.417480513062657, 6.336805373298322 ], [ -75.417510290893972, 6.336746532733457 ], [ -75.417795725261669, 6.336185310511073 ], [ -75.418004579172717, 6.335712424443702 ], [ -75.418013008199523, 6.335693195331711 ], [ -75.418181208594831, 6.335223796106177 ], [ -75.418222696625975, 6.335107298151517 ], [ -75.418418446845124, 6.334805081978541 ], [ -75.418632553640876, 6.334613547840657 ], [ -75.418942689316864, 6.334435340807971 ], [ -75.419174018692345, 6.334356769735834 ], [ -75.41945725582093, 6.334259985658903 ], [ -75.419556396485689, 6.334160293263853 ], [ -75.419632206023522, 6.333995111139696 ], [ -75.419802946624031, 6.333853423908415 ], [ -75.419832812092622, 6.33382847979604 ], [ -75.420064990974069, 6.333641430506738 ], [ -75.420116277720382, 6.333599488091597 ], [ -75.420275203735315, 6.333471381482898 ], [ -75.42062272594579, 6.333119048428255 ], [ -75.420989029517614, 6.332824301432556 ], [ -75.42135568717012, 6.332667411498445 ], [ -75.421895815337479, 6.332546232231202 ], [ -75.422648286536685, 6.332432417329699 ], [ -75.422841864424271, 6.332387851853145 ], [ -75.422985074694324, 6.331859754344045 ], [ -75.423294415592991, 6.330718772572936 ], [ -75.423296480762716, 6.330645305365241 ], [ -75.423297942766041, 6.330556030820418 ], [ -75.423305610843144, 6.330462223486784 ], [ -75.423309328462238, 6.330372946265168 ], [ -75.423315889157166, 6.330287044350076 ], [ -75.423303771312391, 6.330186501399844 ], [ -75.423288302753065, 6.330101792428628 ], [ -75.423276594981346, 6.329944750359413 ], [ -75.423266114193908, 6.329820474037469 ], [ -75.423282483269688, 6.329597820249795 ], [ -75.423303611475632, 6.329251978493318 ], [ -75.423311489602128, 6.329020316344387 ], [ -75.42331568080516, 6.328893735817438 ], [ -75.423277275574605, 6.328674607579305 ], [ -75.423213664615716, 6.328535777373219 ], [ -75.423124844840714, 6.328254643822557 ], [ -75.422920722177409, 6.327713892773641 ], [ -75.422704622166279, 6.327131351769673 ], [ -75.422395870413851, 6.326750211831307 ], [ -75.422318260442239, 6.326654357222345 ], [ -75.421677037989497, 6.326330570887624 ], [ -75.421069991643861, 6.325897081213956 ], [ -75.421008115469732, 6.325335616483603 ], [ -75.420852155101812, 6.324418448776665 ], [ -75.420875442108454, 6.323814952988478 ], [ -75.421120927011174, 6.323092237090773 ], [ -75.421379365434191, 6.322577416429738 ], [ -75.421523180556491, 6.322067408798056 ], [ -75.421812712215228, 6.321346836702997 ], [ -75.422067798676423, 6.320844445203129 ], [ -75.422479472903404, 6.319969877567395 ], [ -75.423077828743914, 6.319224778525818 ], [ -75.423474226276142, 6.318777404307792 ], [ -75.423659816711691, 6.31870459917236 ], [ -75.423784447953196, 6.318637612332463 ], [ -75.423858830394465, 6.318576400379179 ], [ -75.423928540265763, 6.318455311554612 ], [ -75.423959624053936, 6.318246168739279 ], [ -75.42400455479563, 6.318150010283414 ], [ -75.424018417429608, 6.318049398280774 ], [ -75.424059835420337, 6.317905780523798 ], [ -75.424093995730658, 6.317794949806839 ], [ -75.42409130279367, 6.317628843975616 ], [ -75.424131869427981, 6.317372221564472 ], [ -75.42414682720522, 6.317042219203746 ], [ -75.424199012951789, 6.316913260465213 ], [ -75.424229288887062, 6.316831827946707 ], [ -75.424245389948879, 6.31672556440412 ], [ -75.424217248972752, 6.316540315688464 ], [ -75.424214379916918, 6.316306404935119 ], [ -75.424213609863202, 6.316223913464931 ], [ -75.424201306222429, 6.316051057025813 ], [ -75.424203218832503, 6.315918836619545 ], [ -75.424241152673105, 6.315735681636454 ], [ -75.424328137661206, 6.31552640333199 ], [ -75.424387488035592, 6.315329623259043 ], [ -75.424405165330597, 6.315177025778613 ], [ -75.424425825809976, 6.31508656378756 ], [ -75.424579459151573, 6.315100868375563 ], [ -75.424940387107284, 6.315132705661348 ], [ -75.425244063203905, 6.315130164395395 ], [ -75.42529538617174, 6.315173949510662 ], [ -75.42531766698751, 6.315192958461164 ], [ -75.425856464760216, 6.31555034546551 ], [ -75.426395079715874, 6.315835977210256 ], [ -75.42642992868349, 6.31584584245541 ], [ -75.426464763751568, 6.315855701419455 ], [ -75.42714865920766, 6.316049295738608 ], [ -75.427758434926645, 6.316119473556743 ], [ -75.427817901501783, 6.316126752965818 ], [ -75.428332349896067, 6.316189743515128 ], [ -75.428655261637402, 6.3162606631969 ], [ -75.429014492924168, 6.316510880296473 ], [ -75.429108141458954, 6.316566770551919 ], [ -75.429373632871545, 6.316725216058057 ], [ -75.429911784948843, 6.31683145425443 ], [ -75.430270180325252, 6.316758770340076 ], [ -75.430490445034735, 6.316690333053394 ], [ -75.430735966146543, 6.316614048215392 ], [ -75.43110974773542, 6.316589700739534 ], [ -75.431309604780196, 6.316576683729043 ], [ -75.431668279408953, 6.316611627966768 ], [ -75.431737654786133, 6.316665328986311 ], [ -75.431901633969431, 6.31679225477086 ], [ -75.43199165563945, 6.316861935131186 ], [ -75.432243499373243, 6.317184181463649 ], [ -75.432531296751165, 6.317542217266077 ], [ -75.432675848933386, 6.3179723749559 ], [ -75.432642711088121, 6.318347902838291 ], [ -75.43264101411178, 6.318367125262832 ], [ -75.432858028306313, 6.319084120667036 ], [ -75.432904737167007, 6.319157140053129 ], [ -75.433110060281862, 6.319478124956142 ], [ -75.433397860379927, 6.319836156061083 ], [ -75.433757377766014, 6.320194000923269 ], [ -75.434116614501391, 6.320444212096028 ], [ -75.434619563488297, 6.320801681488337 ], [ -75.435050427099398, 6.321015826019423 ], [ -75.435445524031906, 6.321265941957517 ], [ -75.435732857721277, 6.321444584959952 ], [ -75.436020379097044, 6.321694980728783 ], [ -75.436207435206313, 6.32176927736678 ], [ -75.436366107069517, 6.321832299651149 ], [ -75.436379337358829, 6.321837554116723 ], [ -75.4366661138247, 6.32180092939489 ], [ -75.436889138047434, 6.321759756499841 ], [ -75.4370603683968, 6.321728144850276 ], [ -75.437382076643502, 6.321702540113634 ], [ -75.437526433938686, 6.3216910518282 ], [ -75.437813008318471, 6.321690303736922 ], [ -75.437885018103799, 6.321690115733354 ], [ -75.438279650409129, 6.321760841165265 ], [ -75.438638702639921, 6.321939293084196 ], [ -75.439177515861786, 6.322296664645783 ], [ -75.439225086037851, 6.322353476241389 ], [ -75.439357369819021, 6.322511460305087 ], [ -75.439395721481489, 6.322564887446465 ], [ -75.439537317005687, 6.322762135458699 ], [ -75.439788795905969, 6.32294086695337 ], [ -75.440111710817575, 6.323011778907279 ], [ -75.440277725117838, 6.323011344637415 ], [ -75.440506153404698, 6.323010747014663 ], [ -75.440753571129136, 6.322910975782854 ], [ -75.440864362849382, 6.322866297342173 ], [ -75.441186809895157, 6.322757820256459 ], [ -75.441622528145885, 6.322782320478755 ], [ -75.441796496930067, 6.322792101217107 ], [ -75.442262844461226, 6.322862635510713 ], [ -75.442690499566964, 6.322953152967088 ], [ -75.442765144448174, 6.322968953028081 ], [ -75.442812067391571, 6.322968830050808 ], [ -75.443087868963289, 6.322968107766265 ], [ -75.443446455701277, 6.322967167639622 ], [ -75.443770026107117, 6.32328921810112 ], [ -75.444058491889578, 6.323898385239985 ], [ -75.444202868353969, 6.324256784486 ], [ -75.444311383325811, 6.324615278393981 ], [ -75.44445575899573, 6.324973678746222 ], [ -75.444743474053553, 6.32529582482519 ], [ -75.444959285851937, 6.325546403782596 ], [ -75.445247376858276, 6.326012057335291 ], [ -75.445373559061181, 6.326283720361499 ], [ -75.445402271993302, 6.326345536884155 ], [ -75.445446526699428, 6.326440813674079 ], [ -75.445463752314055, 6.326477899673861 ], [ -75.445718612601496, 6.326832916889398 ], [ -75.445742694151861, 6.326866460151255 ], [ -75.445823658573516, 6.326979242451731 ], [ -75.445853661746526, 6.327068517533903 ], [ -75.445859384551682, 6.327085548870865 ], [ -75.446004364771255, 6.327516935049289 ], [ -75.446114035851465, 6.327680595917702 ], [ -75.446148365807147, 6.327731822853284 ], [ -75.446400036311402, 6.327982306545028 ], [ -75.44658327163512, 6.328096220220321 ], [ -75.446687377297081, 6.328160938681755 ], [ -75.446732845340904, 6.328191094763209 ], [ -75.446902907833959, 6.328303883621107 ], [ -75.447186182553907, 6.328550568241305 ], [ -75.447190437774168, 6.328554273702309 ], [ -75.447273903918571, 6.328661063638847 ], [ -75.447442299094149, 6.328876511818944 ], [ -75.447558536209641, 6.329038424786511 ], [ -75.447622253695059, 6.329127179642331 ], [ -75.44783768797285, 6.329234248386868 ], [ -75.447892696488822, 6.329234103540067 ], [ -75.447897837483382, 6.329234090002629 ], [ -75.448052841682113, 6.329233681817321 ], [ -75.448482863897013, 6.329124913236335 ], [ -75.448949029912939, 6.329123684998468 ], [ -75.449308466491658, 6.329445638402849 ], [ -75.44938094066525, 6.329732469011802 ], [ -75.449346119259133, 6.330127217722854 ], [ -75.449275442092969, 6.330522056549199 ], [ -75.44927638702022, 6.330880832553394 ], [ -75.449349143175723, 6.331275297618273 ], [ -75.449493241924301, 6.331526062105493 ], [ -75.449637715806404, 6.33192033412417 ], [ -75.449746051081547, 6.332207071212022 ], [ -75.449854574363371, 6.332565563303945 ], [ -75.449891094097993, 6.332816609479703 ], [ -75.449891756081001, 6.333067752786121 ], [ -75.449929129666558, 6.333641699175558 ], [ -75.44992988633426, 6.333928717467447 ], [ -75.450002360097514, 6.334215547739159 ], [ -75.450079710520825, 6.334330972810704 ], [ -75.450146363745006, 6.334430435523082 ], [ -75.450278576337524, 6.33448880849425 ], [ -75.450469475428022, 6.334573092930835 ], [ -75.450607704191754, 6.334572727936489 ], [ -75.450828066538435, 6.334572145991331 ], [ -75.451187037595133, 6.334714710076312 ], [ -75.451336669527933, 6.334699339539291 ], [ -75.451413980559551, 6.334691396981302 ], [ -75.451545533979086, 6.334677882596313 ], [ -75.451868171109169, 6.33464115344859 ], [ -75.452154664746246, 6.334496885180858 ], [ -75.452405205563494, 6.334316833481974 ], [ -75.452655082767137, 6.333885640588051 ], [ -75.45271667070179, 6.333509798679522 ], [ -75.4527256623971, 6.333454923691946 ], [ -75.452760477708082, 6.333060175315914 ], [ -75.452723672298958, 6.332701495936739 ], [ -75.452650344763271, 6.332091768317856 ], [ -75.452649492065362, 6.331768870323558 ], [ -75.452648449944661, 6.331374219248627 ], [ -75.452761084419308, 6.330941337784797 ], [ -75.452825943180059, 6.330692073114914 ], [ -75.453004290070822, 6.330332824968306 ], [ -75.45307795906254, 6.33018443401598 ], [ -75.453099748368359, 6.330140540025582 ], [ -75.453253973477132, 6.32982987729422 ], [ -75.45343251002339, 6.329542382804938 ], [ -75.453683237172569, 6.329434087909043 ], [ -75.454041445678627, 6.329289630275454 ], [ -75.454264755430202, 6.329149165147925 ], [ -75.454327841631184, 6.329109482819302 ], [ -75.454578471586458, 6.328965310751418 ], [ -75.454936112188392, 6.328605587888809 ], [ -75.45540123025512, 6.328209700143113 ], [ -75.455723484341917, 6.328029459106883 ], [ -75.455937971203525, 6.327777746666037 ], [ -75.456152173112443, 6.327418403128622 ], [ -75.456438187467313, 6.327094749561297 ], [ -75.456759773267166, 6.326663364207015 ], [ -75.457189410198353, 6.32641108208702 ], [ -75.457690860535777, 6.326194487005683 ], [ -75.458120876638773, 6.326085713932734 ], [ -75.458550988180619, 6.326012817312705 ], [ -75.459160486891051, 6.325975323915785 ], [ -75.45941130517231, 6.325902902999587 ], [ -75.45973364994417, 6.325758535565225 ], [ -75.460200226666927, 6.325490133161722 ], [ -75.46023490525458, 6.325470184268962 ], [ -75.460273838258871, 6.32544220419275 ], [ -75.460485438753153, 6.325290131420864 ], [ -75.460950264740006, 6.324786612526108 ], [ -75.461559189750602, 6.324533850608756 ], [ -75.461986717845832, 6.324354281556772 ], [ -75.461989011239581, 6.324353320096261 ], [ -75.462343383160984, 6.32424319052129 ], [ -75.4624547890987, 6.324208569382801 ], [ -75.462956041655758, 6.323920217357877 ], [ -75.463385481768483, 6.323596175933517 ], [ -75.463921923564172, 6.323056585261018 ], [ -75.464243690558206, 6.322696953639735 ], [ -75.464493458422282, 6.322229882148918 ], [ -75.46466090029412, 6.321819924112777 ], [ -75.464704396923707, 6.321713428362603 ], [ -75.464742842311026, 6.321619299477739 ], [ -75.464806898366504, 6.321457829829598 ], [ -75.464851474913758, 6.32134546137328 ], [ -75.464885322174922, 6.321260144424752 ], [ -75.464986923834729, 6.321070142497405 ], [ -75.465093407915035, 6.32087100899545 ], [ -75.465135085821146, 6.320793069097004 ], [ -75.465233989779676, 6.320679366335575 ], [ -75.465385328225182, 6.320505382795556 ], [ -75.465635759397074, 6.320289452305978 ], [ -75.465886385088652, 6.320145273172013 ], [ -75.46617277054267, 6.319965123005318 ], [ -75.46620736647688, 6.319957038736863 ], [ -75.466638637656089, 6.319856248813078 ], [ -75.466726017551224, 6.319797625780783 ], [ -75.466960783710903, 6.31964012418182 ], [ -75.467107038659663, 6.31949301009282 ], [ -75.467139594149174, 6.319460260393868 ], [ -75.467334154273459, 6.319289012816327 ], [ -75.467425790075424, 6.319208355147339 ], [ -75.467643005001818, 6.31908685344424 ], [ -75.46774803094408, 6.319028107455278 ], [ -75.467967210693445, 6.318954359019919 ], [ -75.468070465308799, 6.318919616035164 ], [ -75.468464710137397, 6.318846809073992 ], [ -75.468787431122095, 6.318845947775227 ], [ -75.469540540816965, 6.318879814549678 ], [ -75.469561537167749, 6.318881667303362 ], [ -75.469935071119437, 6.318914638247826 ], [ -75.47036545921091, 6.318949367077771 ], [ -75.470759990113081, 6.31898418886145 ], [ -75.470971260600763, 6.319025878424185 ], [ -75.471348333944334, 6.319100286205455 ], [ -75.471477528643192, 6.319125781518071 ], [ -75.471836203042443, 6.319160697703925 ], [ -75.472050965587954, 6.319016612646529 ], [ -75.472180508634835, 6.318918861620766 ], [ -75.472337251725961, 6.318800582475443 ], [ -75.472623539509655, 6.318584554086399 ], [ -75.472733740807612, 6.318506929918151 ], [ -75.472981445266157, 6.318332453261828 ], [ -75.473339062141022, 6.31797272196259 ], [ -75.473661109428093, 6.317720718102144 ], [ -75.473983154486262, 6.317468711587733 ], [ -75.474484586484138, 6.317252103003064 ], [ -75.475058114908535, 6.317178813617126 ], [ -75.475380833951675, 6.317177948454251 ], [ -75.475455209417106, 6.317191271814089 ], [ -75.475699330254784, 6.317235006956796 ], [ -75.475775456573629, 6.317248642551228 ], [ -75.475939530339048, 6.317292943955461 ], [ -75.476170180445791, 6.317355218509153 ], [ -75.476457329079196, 6.317462078385212 ], [ -75.47674457399674, 6.317604818370732 ], [ -75.477067773500352, 6.317783338397138 ], [ -75.477426830813201, 6.31796176061787 ], [ -75.477585564068278, 6.317981177735295 ], [ -75.478000744607911, 6.318031971323474 ], [ -75.478431131029254, 6.318066693518283 ], [ -75.478493070691997, 6.318077789289429 ], [ -75.47882575805356, 6.318137388836238 ], [ -75.479073111075806, 6.318260300855822 ], [ -75.47911300373778, 6.318280124127202 ], [ -75.479328535573799, 6.318423053981999 ], [ -75.479544259046037, 6.318637737278205 ], [ -75.479903991838754, 6.319067297075183 ], [ -75.480120006428791, 6.319389612524624 ], [ -75.480479450203632, 6.319711542357282 ], [ -75.480982132843224, 6.319961328284158 ], [ -75.481269188163807, 6.320032309152186 ], [ -75.481591809669311, 6.319995564585508 ], [ -75.482021329940665, 6.319707389280023 ], [ -75.482271656796982, 6.319455573420392 ], [ -75.482486028539824, 6.319167975845481 ], [ -75.482537288531091, 6.319099208004815 ], [ -75.482700401959548, 6.318880380120735 ], [ -75.482914482749095, 6.318485152609483 ], [ -75.482985522751235, 6.318233821224624 ], [ -75.483163940145872, 6.317910443822345 ], [ -75.483198640588839, 6.317479822674184 ], [ -75.48323295076753, 6.316905694650039 ], [ -75.483231984553498, 6.316546924896578 ], [ -75.483231115005424, 6.316224030914537 ], [ -75.48323005229318, 6.315829385374734 ], [ -75.48326504021037, 6.315506395358224 ], [ -75.483443167013377, 6.315075386329667 ], [ -75.483513721065307, 6.314644669192067 ], [ -75.483476224062116, 6.314034856201562 ], [ -75.483474581995978, 6.313424946542519 ], [ -75.48354513735967, 6.312994228795272 ], [ -75.483508022123274, 6.312527926451512 ], [ -75.483506863250099, 6.312097400706591 ], [ -75.483433798425779, 6.311595317882741 ], [ -75.483468787769908, 6.311272327258983 ], [ -75.483575585242818, 6.310985022996825 ], [ -75.483754290426802, 6.310769275159007 ], [ -75.483968950328119, 6.310589310850041 ], [ -75.48425551599594, 6.310480906626132 ], [ -75.484721172574837, 6.310300265485065 ], [ -75.48504340279068, 6.310120010175186 ], [ -75.485293822197661, 6.309904070497758 ], [ -75.485544143463073, 6.309652256261096 ], [ -75.486259831094273, 6.309112167489168 ], [ -75.486760857344905, 6.308752043835959 ], [ -75.48765592307079, 6.308247342905489 ], [ -75.487870676596955, 6.308103253849158 ], [ -75.488085524924259, 6.307995042972987 ], [ -75.488479370195137, 6.30777871726675 ], [ -75.488801498467552, 6.307562581394794 ], [ -75.489123723967083, 6.307382324233863 ], [ -75.489446145548158, 6.307273822719601 ], [ -75.489804614960974, 6.307236973541315 ], [ -75.490234409822463, 6.307056424863351 ], [ -75.490520680729972, 6.306840387711805 ], [ -75.490520001952049, 6.306589249768919 ], [ -75.490626795460841, 6.306301945085941 ], [ -75.490805689341698, 6.306157950300069 ], [ -75.490876627950911, 6.305870740745707 ], [ -75.490898940483717, 6.30566473392415 ], [ -75.49091161171711, 6.305547752562042 ], [ -75.491018793461478, 6.305403954983664 ], [ -75.491069765259908, 6.305352675664739 ], [ -75.491197591857215, 6.305224085109646 ], [ -75.491089438462794, 6.305009113387623 ], [ -75.49090986621772, 6.304901968360994 ], [ -75.49070909015083, 6.304785507679895 ], [ -75.490478910710181, 6.304651993853678 ], [ -75.490263285190863, 6.304473190387156 ], [ -75.489904430801289, 6.304366530382861 ], [ -75.489653047843902, 6.304223700483842 ], [ -75.489544800980696, 6.303972851911972 ], [ -75.489615447198105, 6.303578013447115 ], [ -75.489814340671799, 6.303344565967546 ], [ -75.489829907125696, 6.303326292613782 ], [ -75.489865087987923, 6.30307505637175 ], [ -75.48986431307091, 6.30278804136772 ], [ -75.489813482004621, 6.302661886458711 ], [ -75.48971991902512, 6.302429660081472 ], [ -75.489575234103469, 6.301963649090432 ], [ -75.489574459478305, 6.301676632144311 ], [ -75.489545979232233, 6.301601259521235 ], [ -75.489466114746548, 6.301389907712203 ], [ -75.489321917044322, 6.301103281338811 ], [ -75.489034001618776, 6.300709406907341 ], [ -75.488782524042762, 6.3005307010439 ], [ -75.488495479951695, 6.300459723378022 ], [ -75.488177106184608, 6.300375692545863 ], [ -75.48795725066158, 6.300317665712925 ], [ -75.487670304631791, 6.300282561372423 ], [ -75.487462667570128, 6.300075923830235 ], [ -75.487454585934941, 6.300067880364697 ], [ -75.487310389740571, 6.299781253093979 ], [ -75.487166093939223, 6.299458744964177 ], [ -75.487110150104769, 6.299369717582799 ], [ -75.48698604131522, 6.29917221420266 ], [ -75.486985461668567, 6.298956950914576 ], [ -75.486994553070332, 6.298946279220203 ], [ -75.487199922972309, 6.298705234415287 ], [ -75.487558193855492, 6.298596634685367 ], [ -75.487808991579854, 6.298524206302165 ], [ -75.487824082479847, 6.298511194120611 ], [ -75.488059403778749, 6.298308265436265 ], [ -75.488085438208373, 6.298067941585579 ], [ -75.488094392384539, 6.29798527517675 ], [ -75.488093646525343, 6.297708449850088 ], [ -75.48811098540429, 6.297659896588765 ], [ -75.48853792683397, 6.296841771080892 ], [ -75.489207868059225, 6.296305473940329 ], [ -75.48949319154282, 6.296161194231615 ], [ -75.49002607897593, 6.295890821200363 ], [ -75.491681652187879, 6.295051282925552 ], [ -75.49265015738392, 6.29488255576069 ], [ -75.493418638162041, 6.295500836666985 ], [ -75.493534352608862, 6.296320900118708 ], [ -75.493602087453709, 6.296937685437705 ], [ -75.493736570876152, 6.29801533728866 ], [ -75.493978713616855, 6.29840000207917 ], [ -75.494472373546415, 6.298657431614103 ], [ -75.494972871513212, 6.298525001144935 ], [ -75.49598792671533, 6.298239753011821 ], [ -75.497591302459597, 6.297931432149735 ], [ -75.4991273016945, 6.297561135369119 ], [ -75.500638292966258, 6.29733555750402 ], [ -75.501572037352418, 6.297051648665093 ], [ -75.501583765139344, 6.29700416057803 ], [ -75.501587173345854, 6.29680526381728 ], [ -75.501312754942475, 6.296806010962293 ], [ -75.501044420503547, 6.296763804994505 ], [ -75.500995749932414, 6.296721001056778 ], [ -75.500952579415213, 6.296629587514797 ], [ -75.500860615759137, 6.296446776973337 ], [ -75.500818013271299, 6.296355371966129 ], [ -75.500726289022381, 6.296264091144561 ], [ -75.500683147142098, 6.296179463429858 ], [ -75.500634332611895, 6.296088066457202 ], [ -75.500542607807347, 6.295996783060716 ], [ -75.500500016758707, 6.29590536913442 ], [ -75.500456858441169, 6.295813967478487 ], [ -75.500365148433843, 6.295728332109025 ], [ -75.500316333383168, 6.29563693571626 ], [ -75.500273173832397, 6.295545522038477 ], [ -75.5001814498209, 6.295454237276505 ], [ -75.500138848202482, 6.295362836583891 ], [ -75.500138602639709, 6.295272433274253 ], [ -75.499595979135194, 6.295273908647854 ], [ -75.499053228232654, 6.295232446093308 ], [ -75.498919282024218, 6.295189862875556 ], [ -75.498779119193728, 6.295141661015808 ], [ -75.498693170196475, 6.295098956799912 ], [ -75.498601571206294, 6.295050612216198 ], [ -75.49846116722577, 6.294916526628143 ], [ -75.498418447534419, 6.294782175686482 ], [ -75.498460440709138, 6.294648721760971 ], [ -75.498958804074562, 6.294146787262651 ], [ -75.498916335257746, 6.294103967449178 ], [ -75.498866601636877, 6.293879230943418 ], [ -75.498823634932734, 6.293653352099611 ], [ -75.49873192162751, 6.293562069443333 ], [ -75.49868863600372, 6.293427718151108 ], [ -75.498688255924989, 6.293287605993054 ], [ -75.498505872540335, 6.293288101289125 ], [ -75.498505624284519, 6.293196570817923 ], [ -75.498456269214884, 6.293110821812338 ], [ -75.498413421074019, 6.29292901369169 ], [ -75.498455279391465, 6.292745848474208 ], [ -75.498771770812624, 6.29243310793079 ], [ -75.498862545958332, 6.292384278095238 ], [ -75.498953904948308, 6.292341082785686 ], [ -75.498965434020576, 6.292327958819328 ], [ -75.49913374204462, 6.292333515387245 ], [ -75.499403712739053, 6.292310265916718 ], [ -75.499651057990533, 6.292242045643022 ], [ -75.499808210942689, 6.292106521524161 ], [ -75.499942737785872, 6.291926025460288 ], [ -75.500032382393869, 6.291790684137073 ], [ -75.500481946025786, 6.291609332952071 ], [ -75.500773991842394, 6.291428409141826 ], [ -75.500878620713024, 6.291153984825133 ], [ -75.500883596178042, 6.291152686341679 ], [ -75.500938707449407, 6.290739921526818 ], [ -75.500898124412828, 6.290603220535314 ], [ -75.500849828117254, 6.290229032932633 ], [ -75.500810899129576, 6.289964964751711 ], [ -75.500768646175104, 6.289676381587679 ], [ -75.500729926062476, 6.289452936948177 ], [ -75.500633811819071, 6.289242627909815 ], [ -75.500562718578266, 6.289054113378274 ], [ -75.500505937902986, 6.288919426368995 ], [ -75.500408462245304, 6.288807066699604 ], [ -75.500252350516973, 6.288708051782272 ], [ -75.50005389551005, 6.28864624693481 ], [ -75.499809259484209, 6.288558967463516 ], [ -75.49965585590779, 6.288418136253178 ], [ -75.499425028031865, 6.288341346858601 ], [ -75.499079305024665, 6.28841248000473 ], [ -75.498811829582877, 6.288525840739396 ], [ -75.4986105105219, 6.288503904474414 ], [ -75.498520781879876, 6.288316044952253 ], [ -75.498388861135496, 6.288000685754565 ], [ -75.498271530102343, 6.287694998270439 ], [ -75.498066377127017, 6.287224406487297 ], [ -75.498041753224811, 6.286867095709709 ], [ -75.497838832731247, 6.286359608987819 ], [ -75.497720485672872, 6.285777166461699 ], [ -75.497634293141274, 6.285250624165801 ], [ -75.49749343932217, 6.28475465657365 ], [ -75.497357102783226, 6.28432068163491 ], [ -75.497161020456048, 6.284171640762022 ], [ -75.497014361438147, 6.284018361001937 ], [ -75.496844886029066, 6.283988310044482 ], [ -75.49673887392251, 6.28404057571796 ], [ -75.49663092906998, 6.284213756961972 ], [ -75.496493173668497, 6.284396981602498 ], [ -75.496341703964788, 6.284376129016973 ], [ -75.496248465571512, 6.284240865512132 ], [ -75.496120707492636, 6.284086320038469 ], [ -75.495959358089905, 6.283892904392214 ], [ -75.495685792089745, 6.283737476013602 ], [ -75.495506147596501, 6.283586269543324 ], [ -75.495326330412965, 6.283281660331781 ], [ -75.495153003984029, 6.282910099459134 ], [ -75.495056184618434, 6.282563719438379 ], [ -75.494956595918381, 6.282276970802698 ], [ -75.494891192076494, 6.282024550783945 ], [ -75.494835448896112, 6.281678404970332 ], [ -75.494753096720004, 6.281293918073523 ], [ -75.494700867681132, 6.281001621077404 ], [ -75.494674755158329, 6.280573349087533 ], [ -75.49471836530067, 6.280204090809178 ], [ -75.49501909504923, 6.27998804334899 ], [ -75.495307917756762, 6.279809261434028 ], [ -75.495435755290217, 6.279626932915079 ], [ -75.495611340119112, 6.27925926833532 ], [ -75.495610760307983, 6.279044573341004 ], [ -75.495475870250814, 6.278857360091568 ], [ -75.495484589843244, 6.278740947745227 ], [ -75.495662580203287, 6.278593488801238 ], [ -75.4958237542224, 6.278463185119083 ], [ -75.495957845864979, 6.278354343032717 ], [ -75.496029283455584, 6.278253580909094 ], [ -75.496058115465161, 6.278058015733308 ], [ -75.496050244883023, 6.277861418925497 ], [ -75.495966341817734, 6.277590892916614 ], [ -75.49576310445363, 6.277435382251735 ], [ -75.495594078344965, 6.277467157438039 ], [ -75.495443681613011, 6.277392094949636 ], [ -75.495500762060573, 6.277201862861332 ], [ -75.495633012396155, 6.276952863815239 ], [ -75.495796792065804, 6.276631097010217 ], [ -75.495908794549536, 6.276298571074896 ], [ -75.495671813862288, 6.276262278749662 ], [ -75.495391380475098, 6.276303727199224 ], [ -75.495227666038787, 6.276493085587926 ], [ -75.495029286356768, 6.276747274249423 ], [ -75.494756730127989, 6.277107162451863 ], [ -75.494444419509023, 6.277448794744718 ], [ -75.494211151288539, 6.277541191641962 ], [ -75.493903896544495, 6.277598282320813 ], [ -75.493698677337449, 6.277509403242316 ], [ -75.49357985048988, 6.277356026502918 ], [ -75.493379356135875, 6.277183863477305 ], [ -75.493163993053486, 6.277079927286806 ], [ -75.492935472714393, 6.276946632803444 ], [ -75.492860938455536, 6.276698342939753 ], [ -75.492846423713416, 6.276104711887349 ], [ -75.492940405294604, 6.275570311158791 ], [ -75.493067048454023, 6.274971489765253 ], [ -75.493209337940172, 6.274437323102529 ], [ -75.493365335322565, 6.273965756034556 ], [ -75.493752567571946, 6.273616616238193 ], [ -75.494266230676175, 6.273384484312512 ], [ -75.494833052220983, 6.273111985784592 ], [ -75.495272443042936, 6.272891976876789 ], [ -75.495562242029521, 6.272574402394078 ], [ -75.495927866019713, 6.27223258700182 ], [ -75.496240799836883, 6.271687790733189 ], [ -75.496275025892203, 6.271398421732695 ], [ -75.496246387132217, 6.270786821296088 ], [ -75.49615618756529, 6.270254066327858 ], [ -75.495746112382065, 6.269890320275913 ], [ -75.495287694566969, 6.269607232325054 ], [ -75.494982109845807, 6.269485696845596 ], [ -75.494318276560932, 6.269390673979043 ], [ -75.493704116265064, 6.269044818521881 ], [ -75.493299180525895, 6.268590524853597 ], [ -75.493021334825059, 6.267955267159326 ], [ -75.492765151696474, 6.267315301587235 ], [ -75.492548813627863, 6.266614402789834 ], [ -75.492355831097015, 6.265917254087601 ], [ -75.49209141287885, 6.265379167168135 ], [ -75.491805196581609, 6.264984999912766 ], [ -75.491565479107479, 6.264552420539378 ], [ -75.491394533733256, 6.264125420327211 ], [ -75.491310911024243, 6.263726550915223 ], [ -75.491354354442436, 6.263382653704248 ], [ -75.491432363212724, 6.262879689583229 ], [ -75.491433236265905, 6.262347843524747 ], [ -75.491345126222114, 6.261960925820294 ], [ -75.491117628743751, 6.261511170247687 ], [ -75.490841553465373, 6.260979347286106 ], [ -75.490578921110043, 6.260506927025329 ], [ -75.490246081170881, 6.260062505183424 ], [ -75.489815133395282, 6.259713170263321 ], [ -75.489527938729637, 6.259525893498914 ], [ -75.489013526036132, 6.259324181099597 ], [ -75.48856222168331, 6.259091435123061 ], [ -75.488056966439785, 6.258836990838219 ], [ -75.487899285233297, 6.258645152792237 ], [ -75.487646328510266, 6.25824326923949 ], [ -75.487424368446256, 6.257954879911871 ], [ -75.487096966095507, 6.257525168657025 ], [ -75.486740197208988, 6.257067714194893 ], [ -75.486360007725708, 6.256560004495544 ], [ -75.486097882962483, 6.256150599874584 ], [ -75.485758464751612, 6.255655009282197 ], [ -75.485684608365446, 6.255315512192823 ], [ -75.485756707890829, 6.254997392018353 ], [ -75.48583156580554, 6.254705834500314 ], [ -75.486104187834044, 6.254379941690154 ], [ -75.486257524974633, 6.253982848833868 ], [ -75.486273719702851, 6.253704828322189 ], [ -75.486232974937252, 6.253457606059349 ], [ -75.486151235388959, 6.25329609857463 ], [ -75.486033638161985, 6.253038910102244 ], [ -75.485908518928696, 6.252807516117915 ], [ -75.485711594818696, 6.252524361106921 ], [ -75.485502911468544, 6.252244277754766 ], [ -75.485050170984863, 6.251896126490237 ], [ -75.484633335251118, 6.251737377340945 ], [ -75.484270123140504, 6.251665132923119 ], [ -75.483919959320957, 6.251639843976804 ], [ -75.483539662694767, 6.251733518221165 ], [ -75.483257644802535, 6.251899172791671 ], [ -75.482874649271508, 6.252250845937919 ], [ -75.48267898536723, 6.252448580922394 ], [ -75.482482113874966, 6.252572534879359 ], [ -75.48222048624234, 6.25261241192236 ], [ -75.482038019888307, 6.252655344768527 ], [ -75.481988845856364, 6.252680189569677 ], [ -75.481860923649037, 6.252744820066631 ], [ -75.481775237594519, 6.252793641122008 ], [ -75.481593337578232, 6.252970406489062 ], [ -75.481501999390375, 6.253020371585478 ], [ -75.481319285725277, 6.25310560586307 ], [ -75.481142812397863, 6.253197607576428 ], [ -75.48096011661741, 6.253289614461561 ], [ -75.480783633683984, 6.253381617369431 ], [ -75.48069228928793, 6.253424808355508 ], [ -75.480509835609553, 6.253608346439616 ], [ -75.48041848042142, 6.253651538682909 ], [ -75.48032713893852, 6.253700363264176 ], [ -75.480242125861935, 6.253792123610697 ], [ -75.48023192680256, 6.253795198710339 ], [ -75.480123611140343, 6.253698169439854 ], [ -75.479584668005685, 6.253269075548857 ], [ -75.479117051819557, 6.252696282575805 ], [ -75.478983569524743, 6.25246396640506 ], [ -75.478828892802909, 6.252194764519476 ], [ -75.478576778078789, 6.251764905834118 ], [ -75.478144636475136, 6.251048507244068 ], [ -75.477949413856535, 6.250789471445479 ], [ -75.477496996174466, 6.250189169571403 ], [ -75.477029576921637, 6.249688126741155 ], [ -75.476670096623053, 6.249330307257956 ], [ -75.476380392769428, 6.24904194312343 ], [ -75.476238719527586, 6.248900925806939 ], [ -75.475700166579657, 6.24861533313867 ], [ -75.475269455977099, 6.248437087552468 ], [ -75.475121856034065, 6.2484251748627 ], [ -75.474839126851066, 6.248402352474187 ], [ -75.474516450116937, 6.248403207929716 ], [ -75.474157541263637, 6.248260649123978 ], [ -75.473977138830733, 6.24783059561997 ], [ -75.473867776174018, 6.247149216155918 ], [ -75.473758890343632, 6.246647217291397 ], [ -75.47358402455778, 6.246126857918473 ], [ -75.473578202539002, 6.246109535380224 ], [ -75.473218062504316, 6.245500569520264 ], [ -75.472786409530329, 6.24496354943604 ], [ -75.472634754403202, 6.244777775663408 ], [ -75.472567924442259, 6.244695911916693 ], [ -75.472318805631531, 6.244390745699686 ], [ -75.47217378676244, 6.243781211427386 ], [ -75.472160670575548, 6.24356775700063 ], [ -75.472136322341001, 6.243171392022546 ], [ -75.472134427800839, 6.242453846498481 ], [ -75.472275755245079, 6.241664167844547 ], [ -75.472453406648171, 6.241053779709755 ], [ -75.472667573906946, 6.240694437917877 ], [ -75.473061991799071, 6.240460859213854 ], [ -75.473276115153055, 6.24033405435382 ], [ -75.47359812360699, 6.240082059104797 ], [ -75.473705333282979, 6.239811776762512 ], [ -75.473740585719412, 6.239722907440921 ], [ -75.47377567846857, 6.239435794923782 ], [ -75.473703119578374, 6.239113088401123 ], [ -75.473663795419782, 6.239064163346626 ], [ -75.47341535564037, 6.238755074763542 ], [ -75.473147855116679, 6.238586998744484 ], [ -75.472733026745559, 6.238326350745478 ], [ -75.472266570112325, 6.238184071976978 ], [ -75.471836153265983, 6.238113453944667 ], [ -75.471334032597653, 6.238043024869651 ], [ -75.471118541407606, 6.237900085395083 ], [ -75.470651140464852, 6.237399031637132 ], [ -75.470578395515943, 6.23700457012399 ], [ -75.470720763702701, 6.236609541630962 ], [ -75.470863605072992, 6.2363939010819 ], [ -75.471078245767984, 6.236213947350695 ], [ -75.471544322101153, 6.236212717076057 ], [ -75.471831233005958, 6.236247835205706 ], [ -75.472225700262698, 6.23628267097553 ], [ -75.472512328483674, 6.236210160568341 ], [ -75.472834996767318, 6.236209308005254 ], [ -75.473301074009015, 6.236208076174083 ], [ -75.47351627937276, 6.236243382903712 ], [ -75.473803286198617, 6.236314380370551 ], [ -75.473874313330612, 6.236314192540355 ], [ -75.473946695190946, 6.236314001117833 ], [ -75.474247524810025, 6.236279744400104 ], [ -75.474269269826479, 6.236277269112129 ], [ -75.474448528966462, 6.236276794889868 ], [ -75.474999244931112, 6.236206427813524 ], [ -75.475021969994543, 6.236203524314661 ], [ -75.475344261076103, 6.236059159875946 ], [ -75.475845568569397, 6.23581864115101 ], [ -75.476096204476363, 6.235698393059526 ], [ -75.476561995235471, 6.235589528591685 ], [ -75.476852918270652, 6.23547667049051 ], [ -75.477027595816324, 6.235408907374858 ], [ -75.477172195564322, 6.235382976291532 ], [ -75.47743076865774, 6.235336606598736 ], [ -75.477562157265567, 6.235313043589059 ], [ -75.477636794437473, 6.235299658197775 ], [ -75.477959177696931, 6.235191170931671 ], [ -75.478352881386229, 6.234938985053446 ], [ -75.478495815167392, 6.234759218540393 ], [ -75.478602610576004, 6.234471916094648 ], [ -75.47863732011507, 6.234041294359578 ], [ -75.478636369794529, 6.233682522792012 ], [ -75.478670893132403, 6.233180145978352 ], [ -75.478884861629993, 6.232749049414572 ], [ -75.479313847099633, 6.232281505560984 ], [ -75.479564525267719, 6.232173208023202 ], [ -75.479922757185008, 6.232064627449603 ], [ -75.480531569598028, 6.23181186713639 ], [ -75.480781864715539, 6.231560059737458 ], [ -75.481067630616266, 6.231164652090744 ], [ -75.481210370984144, 6.230913130256006 ], [ -75.481424623437974, 6.230589662310955 ], [ -75.481889740109281, 6.230229652885129 ], [ -75.481895930647767, 6.230225122316408 ], [ -75.482251734645232, 6.22996472512078 ], [ -75.482283347290974, 6.229941589355743 ], [ -75.483143592620166, 6.229867546170826 ], [ -75.483502297668849, 6.229938348160964 ], [ -75.48386138406903, 6.230152655305705 ], [ -75.484148864290162, 6.230403032016625 ], [ -75.484400301851068, 6.230581749050597 ], [ -75.485189893816212, 6.230902544748602 ], [ -75.485763421788263, 6.230865138060011 ], [ -75.485770488760238, 6.230863703555762 ], [ -75.486300907003255, 6.230756072761263 ], [ -75.486392187797378, 6.230716637667761 ], [ -75.486802255031961, 6.230539474429815 ], [ -75.486994520371425, 6.230468927638029 ], [ -75.487196239237392, 6.230394912371491 ], [ -75.487697776312288, 6.230250064992866 ], [ -75.487776273069287, 6.230204900731646 ], [ -75.487948354130339, 6.230105888877819 ], [ -75.487977176052695, 6.230089305065007 ], [ -75.488449508031465, 6.229817533226729 ], [ -75.488879152993036, 6.229601121548107 ], [ -75.489125195834688, 6.229508037420324 ], [ -75.489165676525488, 6.22949272380195 ], [ -75.489488147623319, 6.229420107846302 ], [ -75.489739106018973, 6.229419437401535 ], [ -75.490061767133511, 6.229418575224894 ], [ -75.490348579358511, 6.229417808673716 ], [ -75.490707092380802, 6.229416850271381 ], [ -75.490957762614883, 6.229308549404884 ], [ -75.491243999130972, 6.229092518299435 ], [ -75.491386446234415, 6.228733365080092 ], [ -75.491386131816938, 6.228615638741637 ], [ -75.491385296441706, 6.228302840719753 ], [ -75.491061486121907, 6.227873182283723 ], [ -75.490899279987332, 6.227756606037023 ], [ -75.490414920169925, 6.22740850311347 ], [ -75.49030376306348, 6.227077739989557 ], [ -75.490089676342862, 6.226440686082153 ], [ -75.490159653639438, 6.225794708876915 ], [ -75.490232519898598, 6.22557398931189 ], [ -75.490275986148049, 6.225442329607596 ], [ -75.490301911034194, 6.22536380120577 ], [ -75.490301241192768, 6.225112661847394 ], [ -75.490266272482074, 6.224575801665573 ], [ -75.490263859829781, 6.224538727292401 ], [ -75.490250896606753, 6.224400126067859 ], [ -75.490226954491703, 6.224144172929531 ], [ -75.49022599782532, 6.22378540302055 ], [ -75.490259937494613, 6.223067768090491 ], [ -75.490402383363573, 6.222708615278645 ], [ -75.490544926638535, 6.222385338250742 ], [ -75.490687564185293, 6.222097939535605 ], [ -75.490722267032382, 6.221667319206077 ], [ -75.49071705722308, 6.221601813262563 ], [ -75.490685172633007, 6.221201013917739 ], [ -75.490659306642058, 6.22097357063442 ], [ -75.490611750042945, 6.220555420317471 ], [ -75.490538900934695, 6.220125087717072 ], [ -75.490466243256776, 6.219766509184961 ], [ -75.490429532023427, 6.219443710099455 ], [ -75.490428743312123, 6.219147745689231 ], [ -75.490428677135625, 6.219122912292203 ], [ -75.490428575947504, 6.219084940159743 ], [ -75.490463183768114, 6.218618444003283 ], [ -75.490461558648079, 6.218008534019699 ], [ -75.490640141766676, 6.217756915663859 ], [ -75.490854574650569, 6.217505201606617 ], [ -75.490997020063816, 6.217146048991058 ], [ -75.490995777139659, 6.216679648585295 ], [ -75.490923215759281, 6.216356945825492 ], [ -75.490907707154747, 6.216335341736841 ], [ -75.490756087889778, 6.216124109382744 ], [ -75.490727066258103, 6.216083671637591 ], [ -75.490617095125017, 6.215930466529169 ], [ -75.490563373673822, 6.215855623545625 ], [ -75.490240053387623, 6.215605345335025 ], [ -75.489881165714891, 6.215462793659849 ], [ -75.489630119091757, 6.215427584337725 ], [ -75.489342933109384, 6.215284842993114 ], [ -75.489127353896237, 6.215106031427382 ], [ -75.48858807157886, 6.214533428056264 ], [ -75.488228613863001, 6.214175612398449 ], [ -75.487473848295451, 6.21346007539973 ], [ -75.486755223967137, 6.212852072244086 ], [ -75.486467661537347, 6.212565819686162 ], [ -75.486216232803613, 6.212387100489831 ], [ -75.48592885876144, 6.212172598633288 ], [ -75.485748941801177, 6.211921937475857 ], [ -75.48571213856242, 6.211563259431347 ], [ -75.485703604481245, 6.211535057678148 ], [ -75.485603636283074, 6.211204774351238 ], [ -75.485387775806998, 6.210918327869415 ], [ -75.485099832259607, 6.210488564283629 ], [ -75.484811699059279, 6.209987048010852 ], [ -75.484585381979983, 6.20976175527483 ], [ -75.484524139337381, 6.209700789990098 ], [ -75.484296262764389, 6.209423568967694 ], [ -75.484200442205079, 6.209306998510673 ], [ -75.484055997853218, 6.20891273067345 ], [ -75.484149038412482, 6.208738704546963 ], [ -75.484372045495945, 6.208321591060724 ], [ -75.484555424598256, 6.207978593624937 ], [ -75.484841369780625, 6.207654938257097 ], [ -75.48516316331191, 6.207331187044058 ], [ -75.485305708087097, 6.207007913990399 ], [ -75.485483722949766, 6.206541037181097 ], [ -75.485625980895989, 6.206110129523896 ], [ -75.485650845143283, 6.205906675749979 ], [ -75.485682810135614, 6.205645130855171 ], [ -75.485696158085119, 6.20553590421757 ], [ -75.48569501722811, 6.205105379063021 ], [ -75.485694965060333, 6.205085691746621 ], [ -75.485693686335026, 6.204603101496193 ], [ -75.485656602126696, 6.204136791771671 ], [ -75.485619421784691, 6.203634609293136 ], [ -75.485538405194546, 6.203261077629403 ], [ -75.485510541023757, 6.203132613203195 ], [ -75.485401662468959, 6.202630618924605 ], [ -75.48522118064659, 6.202164691858343 ], [ -75.485077211726605, 6.201949808488578 ], [ -75.484932578829472, 6.201483786154345 ], [ -75.484788040583126, 6.201053640885608 ], [ -75.484607653763504, 6.20062358988493 ], [ -75.484499252896384, 6.200300982196367 ], [ -75.484211224037125, 6.199835336792887 ], [ -75.483959518236389, 6.199548984622201 ], [ -75.483743566672203, 6.199226662058184 ], [ -75.483635259700108, 6.19893992803064 ], [ -75.4836075731221, 6.198898600734566 ], [ -75.483347328574325, 6.198510160250521 ], [ -75.483203455791823, 6.198331154409349 ], [ -75.483128367286099, 6.198245728135738 ], [ -75.482951753847573, 6.198044801454046 ], [ -75.482914672512948, 6.197578494572937 ], [ -75.483020987243023, 6.197111803917483 ], [ -75.483109217961839, 6.196895746977145 ], [ -75.483130317735146, 6.196844073318548 ], [ -75.483270321732533, 6.196501231421365 ], [ -75.483305318033047, 6.196178239902057 ], [ -75.483554838990372, 6.195639418663585 ], [ -75.483732947482949, 6.195208418700133 ], [ -75.48382605349731, 6.194973676730093 ], [ -75.483875397463208, 6.194849267975062 ], [ -75.484017941453857, 6.19452599317853 ], [ -75.484160576951936, 6.194238596837494 ], [ -75.48426765144751, 6.194058926912778 ], [ -75.484445663630652, 6.193592050385384 ], [ -75.484704582773034, 6.193099449155977 ], [ -75.484766692295722, 6.192981284319128 ], [ -75.484837632962126, 6.1926940758336 ], [ -75.484872152600474, 6.192191702338885 ], [ -75.484871109685912, 6.191797052736909 ], [ -75.484870256450662, 6.191474160646067 ], [ -75.484880414092672, 6.191412158546612 ], [ -75.484791362415706, 6.191323507297604 ], [ -75.484705849451359, 6.191132316978027 ], [ -75.484599030626555, 6.190919913155497 ], [ -75.484441681291301, 6.190686376278371 ], [ -75.4843610750506, 6.190340972933868 ], [ -75.484307243619369, 6.190075258934176 ], [ -75.484200493551029, 6.189889441283132 ], [ -75.484093884579607, 6.189756794376695 ], [ -75.484013700576611, 6.189570907668003 ], [ -75.483960221002235, 6.189438118962904 ], [ -75.483959799923866, 6.189278606593724 ], [ -75.483959449032909, 6.18914567930295 ], [ -75.483958957793675, 6.188959579326809 ], [ -75.483958466572929, 6.188773480612149 ], [ -75.483957905199048, 6.188560797447735 ], [ -75.483877720247037, 6.188374908768086 ], [ -75.483797466466086, 6.188162434345497 ], [ -75.483717351812501, 6.188003132590243 ], [ -75.483637167066277, 6.187817244464018 ], [ -75.483397527443472, 6.187605189847929 ], [ -75.48329077834822, 6.187419373707677 ], [ -75.48313076128737, 6.187180524530351 ], [ -75.483077001225183, 6.186941394624785 ], [ -75.483023451546018, 6.186782021872368 ], [ -75.482730613560946, 6.186543522635297 ], [ -75.482570806667013, 6.186384430986376 ], [ -75.482278038517023, 6.186172517135464 ], [ -75.482065174192101, 6.186040150603329 ], [ -75.481825674175653, 6.185881267685929 ], [ -75.481639234493301, 6.185695659990582 ], [ -75.481532486458619, 6.185509840101506 ], [ -75.481372472101739, 6.185270991329013 ], [ -75.481265373657678, 6.184952243879689 ], [ -75.481264813709586, 6.18473956043923 ], [ -75.481397146525751, 6.184553109963016 ], [ -75.481609379364613, 6.184446207158985 ], [ -75.481768553933875, 6.184366032064865 ], [ -75.481954154061938, 6.184232612218139 ], [ -75.482139613405465, 6.18404602274973 ], [ -75.482245099984496, 6.183753301203527 ], [ -75.48237708143391, 6.183433923202148 ], [ -75.482562329631321, 6.183167577744015 ], [ -75.482694870527439, 6.183060884953502 ], [ -75.483013569950472, 6.183033457914018 ], [ -75.483226083325363, 6.183032896934577 ], [ -75.483412033616446, 6.18303240600488 ], [ -75.483651039921853, 6.183005188369002 ], [ -75.483809794963506, 6.182765498508775 ], [ -75.483915349922412, 6.182499362602041 ], [ -75.484047609915507, 6.182286326704673 ], [ -75.484206713264754, 6.182179564125008 ], [ -75.484445440483896, 6.182046004635939 ], [ -75.484631107292316, 6.181939171786794 ], [ -75.484816777166102, 6.181832336986588 ], [ -75.48502907882289, 6.181752018278992 ], [ -75.485135053931842, 6.181645396532272 ], [ -75.485161056962241, 6.181432641950941 ], [ -75.485133931559346, 6.181220027780228 ], [ -75.485053749186591, 6.181034139700365 ], [ -75.485026623881666, 6.180821525506826 ], [ -75.485026203072579, 6.180662012529066 ], [ -75.48502571214209, 6.18047591384336 ], [ -75.484918789227663, 6.180223630991506 ], [ -75.484838607153335, 6.180037743452989 ], [ -75.484705505904302, 6.179931751466334 ], [ -75.484492504480514, 6.179746214651889 ], [ -75.48433276976678, 6.179613708236538 ], [ -75.484146470987099, 6.179481271257821 ], [ -75.484066358132608, 6.179321967971081 ], [ -75.484039304782115, 6.179135939321441 ], [ -75.484012320269272, 6.178976497019768 ], [ -75.483985195657468, 6.178763882008127 ], [ -75.483905083631569, 6.178604578024522 ], [ -75.483798268111315, 6.17839217520066 ], [ -75.483611899249823, 6.178233151546682 ], [ -75.483372264825519, 6.178021099656856 ], [ -75.483212320259838, 6.177808834264038 ], [ -75.483078941154119, 6.177596499993427 ], [ -75.482972126219266, 6.1773840968754 ], [ -75.482891944145223, 6.177198207514163 ], [ -75.482731721417252, 6.176879600815361 ], [ -75.482571708178938, 6.176640751239599 ], [ -75.482438189778691, 6.176375245825678 ], [ -75.482278036960849, 6.176083223344904 ], [ -75.482144728069358, 6.175897475022225 ], [ -75.481878531357935, 6.175685489535994 ], [ -75.481718658742878, 6.175499810393621 ], [ -75.48158528030703, 6.175287476729636 ], [ -75.481398843337431, 6.175101866133144 ], [ -75.481265815809849, 6.175022458582564 ], [ -75.481053234950181, 6.174996432299391 ], [ -75.480813952318698, 6.174917306212109 ], [ -75.480574598625836, 6.174811592977854 ], [ -75.480361807690656, 6.174705809095311 ], [ -75.480149229447193, 6.174679782405263 ], [ -75.480016269450047, 6.174626961514402 ], [ -75.479856608435327, 6.174521037636111 ], [ -75.479776568862576, 6.174388318985287 ], [ -75.479749655936914, 6.174255461870644 ], [ -75.479749237154309, 6.174095947229858 ], [ -75.479748888178875, 6.173963018993263 ], [ -75.479695341603801, 6.173803645311633 ], [ -75.479641934640682, 6.173697442535371 ], [ -75.479588459185237, 6.173564655232262 ], [ -75.479588180059181, 6.173458312128428 ], [ -75.479587831158625, 6.173325383248081 ], [ -75.479640538987667, 6.173165731446968 ], [ -75.479639980756076, 6.172953045240632 ], [ -75.479612929727267, 6.172767015900789 ], [ -75.479559264783859, 6.172562446846293 ], [ -75.479585270481891, 6.172349692696883 ], [ -75.479584712348355, 6.172137007110585 ], [ -75.479557660182067, 6.17195097775209 ], [ -75.479503973853795, 6.17173843305709 ], [ -75.479370667198836, 6.171552682283039 ], [ -75.479237502016403, 6.171420103012366 ], [ -75.479131037635, 6.171340626106954 ], [ -75.4789981489441, 6.171314389264566 ], [ -75.478785639858572, 6.171314947497759 ], [ -75.478573200459607, 6.17134209143579 ], [ -75.478414028649127, 6.171422266102162 ], [ -75.478254923953131, 6.171529027162599 ], [ -75.477989637375444, 6.171662652307326 ], [ -75.477803970572623, 6.171769484264207 ], [ -75.477618512674169, 6.171956071046942 ], [ -75.477379648323819, 6.172036454643877 ], [ -75.477114012366329, 6.172037151693139 ], [ -75.476848791628598, 6.172197363467653 ], [ -75.476609649145274, 6.172171404785516 ], [ -75.476316891724835, 6.171959485874652 ], [ -75.476209940998515, 6.171693907597859 ], [ -75.476209245095362, 6.17142805132886 ], [ -75.476208688397463, 6.171215367322009 ], [ -75.476181498321054, 6.170976164612014 ], [ -75.476101251545344, 6.170763689504106 ], [ -75.475941312850168, 6.170551421984101 ], [ -75.475728526202403, 6.170445635635353 ], [ -75.475436047642631, 6.170340057978159 ], [ -75.47509065016348, 6.170314376782766 ], [ -75.474771331201538, 6.170102528109584 ], [ -75.474505069259436, 6.169863951739547 ], [ -75.474344786594258, 6.169518756219379 ], [ -75.474210522320604, 6.168966121651227 ], [ -75.474129858756953, 6.168594130300971 ], [ -75.474128955892681, 6.16824851623587 ], [ -75.474181180437895, 6.167902764419448 ], [ -75.474180277640684, 6.167557149721699 ], [ -75.474125900428263, 6.167078746054884 ], [ -75.473992112159621, 6.166706894816638 ], [ -75.473831759893045, 6.166335112339834 ], [ -75.473592202288273, 6.166149637829506 ], [ -75.473379070920075, 6.165910922017499 ], [ -75.473139653025314, 6.165778618934432 ], [ -75.473112603853437, 6.165592587363573 ], [ -75.473191670235678, 6.165353107630551 ], [ -75.473430115333827, 6.165113212568247 ], [ -75.4736684227002, 6.164820144475787 ], [ -75.473800754594095, 6.164633697539319 ], [ -75.473906522896385, 6.16444732067551 ], [ -75.474012427403693, 6.164314113615106 ], [ -75.473958538328617, 6.164021810709848 ], [ -75.473904649344149, 6.163729506519928 ], [ -75.473983644609675, 6.163463442212453 ], [ -75.474195525800482, 6.163223614609077 ], [ -75.474327739860627, 6.162991971595684 ], [ -75.474326698904861, 6.162593186427596 ], [ -75.474352290804219, 6.162220918912915 ], [ -75.474351249959568, 6.161822133106405 ], [ -75.474403681557391, 6.161556137012454 ], [ -75.474482675845294, 6.161290071477872 ], [ -75.47464143136078, 6.161050384699269 ], [ -75.474747058847356, 6.16081083555617 ], [ -75.474640112948293, 6.160545256177059 ], [ -75.474506672002974, 6.160306332037475 ], [ -75.474399727006031, 6.160040754448222 ], [ -75.474319206050609, 6.159721933798519 ], [ -75.47431837373027, 6.159402905499007 ], [ -75.474317541457168, 6.159083878458489 ], [ -75.474396605687801, 6.158844398202419 ], [ -75.474555566955416, 6.158684467237681 ], [ -75.474767933282521, 6.158630740135003 ], [ -75.47495373634834, 6.158577083660806 ], [ -75.475139329300276, 6.158443668348674 ], [ -75.47532499407744, 6.158336840719176 ], [ -75.475537150015143, 6.158203355220699 ], [ -75.475749515344106, 6.158149627793126 ], [ -75.475961950669088, 6.158122486121105 ], [ -75.476201156171868, 6.158175032364905 ], [ -75.476493626947374, 6.158280611751117 ], [ -75.476786237371627, 6.158439360068009 ], [ -75.477052076312788, 6.158518422165766 ], [ -75.477343990728997, 6.158411313844798 ], [ -75.477556216781551, 6.158304415986855 ], [ -75.477742018607643, 6.158250757367885 ], [ -75.478087615856154, 6.158356196014143 ], [ -75.478433282742998, 6.158488218314435 ], [ -75.478752315767537, 6.15859372607936 ], [ -75.478964958949533, 6.15864633933711 ], [ -75.479204444958413, 6.158805226654724 ], [ -75.479443858333241, 6.158937528048209 ], [ -75.479682926229827, 6.158936900986607 ], [ -75.479921992839792, 6.158936273821265 ], [ -75.480240680525995, 6.158908851646512 ], [ -75.480479745804416, 6.158908224237276 ], [ -75.480692389767384, 6.158960837999601 ], [ -75.480905171856932, 6.159066623220806 ], [ -75.481091043021877, 6.159039549224961 ], [ -75.481356532648078, 6.158985680116409 ], [ -75.481648587230467, 6.158931741105906 ], [ -75.481914216779131, 6.158931043269895 ], [ -75.482286308103454, 6.159009823353241 ], [ -75.482525793053014, 6.159168707026392 ], [ -75.482898024110995, 6.159300657496676 ], [ -75.48316386246384, 6.159379716245112 ], [ -75.483429632315563, 6.15943218846235 ], [ -75.483615782564016, 6.159511456561191 ], [ -75.483749017297498, 6.15967062032345 ], [ -75.483882530210394, 6.159936126366024 ], [ -75.483936144828206, 6.160122086109183 ], [ -75.484228896767874, 6.160334001073249 ], [ -75.484361851801523, 6.16038682291757 ], [ -75.48454807109448, 6.160492675053426 ], [ -75.48478741936583, 6.160598389092105 ], [ -75.485106384859577, 6.160677306116487 ], [ -75.485318819211187, 6.160650160599008 ], [ -75.485611081685065, 6.16067597646845 ], [ -75.485797443021823, 6.160834998254323 ], [ -75.485957381186225, 6.161047263921233 ], [ -75.486170444637636, 6.161259386931857 ], [ -75.486383368930944, 6.161418340921205 ], [ -75.486622576582235, 6.161470881912496 ], [ -75.486754761396796, 6.161231261539974 ], [ -75.48686045418421, 6.161018296922212 ], [ -75.486966075636147, 6.16077874660041 ], [ -75.487124824601239, 6.160539056139775 ], [ -75.487337047299405, 6.160432154019553 ], [ -75.487549271787515, 6.160325250565908 ], [ -75.487734861739199, 6.160191831450152 ], [ -75.487999930846485, 6.159978447423615 ], [ -75.488078779646855, 6.159659210689323 ], [ -75.488051586148913, 6.159420010823009 ], [ -75.488024462737656, 6.159207396641193 ], [ -75.488103661712771, 6.159021089018708 ], [ -75.488262759343669, 6.158914325633198 ], [ -75.488607867132771, 6.15883365707834 ], [ -75.488766962688601, 6.15872689358234 ], [ -75.48895262374856, 6.158620061172044 ], [ -75.489191129188313, 6.158406745700002 ], [ -75.489376647320995, 6.15824674246614 ], [ -75.489668840557357, 6.158245970685368 ], [ -75.489987803994964, 6.158324885583717 ], [ -75.490200377017175, 6.158350908463657 ], [ -75.490386245475662, 6.158323832656016 ], [ -75.490625102760987, 6.15824344375568 ], [ -75.490757656978815, 6.158127529768826 ], [ -75.490939858866966, 6.158056839055455 ], [ -75.491065976942153, 6.158000337756349 ], [ -75.491177954688695, 6.157901749684243 ], [ -75.491289747046736, 6.1577329530847 ], [ -75.491303331948473, 6.157564417447343 ], [ -75.491302961269525, 6.157424000420804 ], [ -75.491316546808974, 6.15725546351948 ], [ -75.491316176148572, 6.157115047755042 ], [ -75.491301701032086, 6.1569465850509 ], [ -75.49131532366134, 6.156792091115211 ], [ -75.491329019785582, 6.156665679324842 ], [ -75.491342640520514, 6.156511183501063 ], [ -75.491384321891928, 6.156356613485521 ], [ -75.491454248569454, 6.156272179684859 ], [ -75.491608424917317, 6.156215604803101 ], [ -75.49174857343597, 6.156159066351137 ], [ -75.49186066130811, 6.156102603979292 ], [ -75.491986742375744, 6.15603206088517 ], [ -75.49207080855021, 6.155989713131067 ], [ -75.492225059518745, 6.155961223392321 ], [ -75.49237935006299, 6.155946772145811 ], [ -75.492505615822353, 6.155946438066646 ], [ -75.492645912504173, 6.155946066828761 ], [ -75.492786170819983, 6.155931654494413 ], [ -75.492898296219622, 6.155889233000629 ], [ -75.493024413524125, 6.155832732029616 ], [ -75.493136464663166, 6.155762227109935 ], [ -75.493262508945904, 6.155677642076913 ], [ -75.493374337983141, 6.155522887604832 ], [ -75.493486239920188, 6.155396215244675 ], [ -75.493570083152989, 6.155269619057719 ], [ -75.493724148152054, 6.155170919242021 ], [ -75.493850267065056, 6.1551144181281 ], [ -75.49397642117826, 6.155071959314391 ], [ -75.494032501334601, 6.155057767743273 ], [ -75.494116643285608, 6.155043503737474 ], [ -75.49421473871206, 6.155001119190757 ], [ -75.494326974514848, 6.155000821892749 ], [ -75.49449525456491, 6.154972291899359 ], [ -75.494635476591796, 6.154943837460998 ], [ -75.494733683364288, 6.1549435772503 ], [ -75.494831890132602, 6.154943317021484 ], [ -75.494944052226529, 6.154914935599738 ], [ -75.495014088911958, 6.154872625283065 ], [ -75.495084124323199, 6.154830314963018 ], [ -75.495182257379554, 6.154801971312036 ], [ -75.49529445593879, 6.154787632771725 ], [ -75.495392626124996, 6.154773330134073 ], [ -75.495476767315012, 6.154759065302358 ], [ -75.495560757956738, 6.154688635013645 ], [ -75.495658815980846, 6.154632207301454 ], [ -75.495756948317677, 6.154603863561476 ], [ -75.495812991803092, 6.154575631409482 ], [ -75.495897244449452, 6.154603491549633 ], [ -75.495953437244935, 6.154631426086183 ], [ -75.496009629414431, 6.154659360617138 ], [ -75.496079850573452, 6.154687258565801 ], [ -75.496164028885772, 6.154687035307411 ], [ -75.496206042733647, 6.154658839695877 ], [ -75.496332160510576, 6.15460233808351 ], [ -75.496458350733732, 6.154573919797919 ], [ -75.496584617207276, 6.154573584824536 ], [ -75.496775774154173, 6.154574834287825 ], [ -75.497038781182951, 6.154556583206823 ], [ -75.497231640783241, 6.154538518823323 ], [ -75.497354444740296, 6.154555745383234 ], [ -75.49754753815337, 6.154625440982304 ], [ -75.497723092391539, 6.154695183701815 ], [ -75.497968842482919, 6.154782292456868 ], [ -75.49817947144173, 6.154851940588131 ], [ -75.498390146990829, 6.154939142278089 ], [ -75.498583379635562, 6.155061492716403 ], [ -75.498864203348646, 6.155148507163695 ], [ -75.499127396016917, 6.155200464550266 ], [ -75.499407940957269, 6.155182165632151 ], [ -75.499688298849819, 6.155093660202944 ], [ -75.499863666350777, 6.155093193860246 ], [ -75.500038850579685, 6.155022519198212 ], [ -75.500231664020447, 6.154986903229815 ], [ -75.500406986089487, 6.154968883705632 ], [ -75.50058235475646, 6.154968417132807 ], [ -75.500740094117759, 6.154932894312655 ], [ -75.500950303563968, 6.154844573691527 ], [ -75.501125578876099, 6.154809003470625 ], [ -75.501335882728114, 6.154755786827 ], [ -75.501598841261909, 6.154719982411834 ], [ -75.501844124990271, 6.154631569367037 ], [ -75.502054334048609, 6.154543249010498 ], [ -75.502334830892494, 6.154507397557492 ], [ -75.502650354272973, 6.154453901422414 ], [ -75.502930804265191, 6.15440049731852 ], [ -75.503228791437451, 6.154347046968063 ], [ -75.503456770850306, 6.154346439266085 ], [ -75.503772340592036, 6.154310493602928 ], [ -75.504000226480315, 6.154274781605302 ], [ -75.504289538034584, 6.154286965025264 ], [ -75.504552953516111, 6.15425696149698 ], [ -75.504875002910637, 6.154256102226547 ], [ -75.505109219017413, 6.154255477184929 ], [ -75.505431579422009, 6.154371826386758 ], [ -75.505724507644658, 6.15442964850665 ], [ -75.506163976907246, 6.154545686393593 ], [ -75.506339640247646, 6.154545217172398 ], [ -75.506603212437142, 6.154573813842052 ], [ -75.506866862173851, 6.154631716031851 ], [ -75.507159634147001, 6.154630933568512 ], [ -75.507569592927794, 6.154659139708247 ], [ -75.507891407456327, 6.154570370475305 ], [ -75.508008046041965, 6.154394244913792 ], [ -75.508153335329766, 6.153983619921917 ], [ -75.508181753309387, 6.153661217471136 ], [ -75.508268879077846, 6.153397261505074 ], [ -75.508297373370823, 6.153104160288354 ], [ -75.508325713109997, 6.152752455369477 ], [ -75.508295730630564, 6.152488811961305 ], [ -75.508207117540451, 6.152196023883079 ], [ -75.508118348175088, 6.151844632057664 ], [ -75.508058856111461, 6.151493160659722 ], [ -75.508057917785948, 6.151141532718025 ], [ -75.508115611275485, 6.150819051377194 ], [ -75.508173619389623, 6.150613778085852 ], [ -75.508260901404753, 6.150408429070371 ], [ -75.508348028230245, 6.150144471926495 ], [ -75.508552653564152, 6.150026714755459 ], [ -75.508816301562263, 6.150084615827929 ], [ -75.50910938310912, 6.150201041506715 ], [ -75.509431820696506, 6.150346691138804 ], [ -75.509842243650695, 6.150550711692055 ], [ -75.510164680937351, 6.150696360786174 ], [ -75.510516396067786, 6.150841931883928 ], [ -75.510897229835066, 6.150928818765085 ], [ -75.511278064299034, 6.151015705975311 ], [ -75.511570833726836, 6.15101492155123 ], [ -75.511892799256017, 6.150984756068496 ], [ -75.512156135965611, 6.150925445554485 ], [ -75.5123314820747, 6.150807765545814 ], [ -75.512565306263696, 6.150660626061928 ], [ -75.512740575630275, 6.150513643526718 ], [ -75.512945040939314, 6.150337280652014 ], [ -75.513120467005422, 6.150248904146967 ], [ -75.513325247831858, 6.150189748958041 ], [ -75.513588895885732, 6.150247647534375 ], [ -75.513764713593588, 6.150305779132932 ], [ -75.513999242978755, 6.150422359599634 ], [ -75.514233691402353, 6.150509637538111 ], [ -75.514467985969929, 6.15053831243177 ], [ -75.514731476464419, 6.150537604941793 ], [ -75.514965299019067, 6.150390465218987 ], [ -75.515140565579088, 6.150243482073154 ], [ -75.515374230077683, 6.150037736177367 ], [ -75.51560797298157, 6.149861293241816 ], [ -75.515842030125626, 6.14980206105324 ], [ -75.51613479830209, 6.149801274281614 ], [ -75.516339420481557, 6.149683513291322 ], [ -75.516397501949186, 6.149507544139627 ], [ -75.516426229109754, 6.149302350038628 ], [ -75.516542706436113, 6.149067616212829 ], [ -75.516629827540214, 6.148803661233355 ], [ -75.516716873105381, 6.148510403239378 ], [ -75.516862313140152, 6.148158384358222 ], [ -75.517007752392075, 6.147806363585069 ], [ -75.517153348784973, 6.147512948190776 ], [ -75.517328535797432, 6.147336662298049 ], [ -75.517474132557055, 6.147043246880575 ], [ -75.51762004445375, 6.146867040296851 ], [ -75.517854177347886, 6.14683710994532 ], [ -75.518175904371674, 6.146719032986798 ], [ -75.518438764209478, 6.146483908397578 ], [ -75.518672503248183, 6.146307464698904 ], [ -75.518876889220593, 6.146101797363119 ], [ -75.519139747164715, 6.145866671306894 ], [ -75.519402448018852, 6.145572940478878 ], [ -75.519635952586086, 6.145308590744953 ], [ -75.519810981786108, 6.145073700328059 ], [ -75.519897864688858, 6.144721838914631 ], [ -75.519926354366845, 6.144428738572678 ], [ -75.519896132123648, 6.144077191195603 ], [ -75.519778003443477, 6.143696578516096 ], [ -75.51966050480732, 6.14355038263465 ], [ -75.519542925626624, 6.143374885001247 ], [ -75.51948390149748, 6.143199229120029 ], [ -75.519454153318364, 6.143023495075024 ], [ -75.519453681059957, 6.142847682246639 ], [ -75.519482327277444, 6.14261318594453 ], [ -75.519540170652235, 6.142349310416169 ], [ -75.519627292361463, 6.142085354215361 ], [ -75.519656017874453, 6.141880159638919 ], [ -75.51974337310692, 6.14170411112271 ], [ -75.51974274344073, 6.141469693615615 ], [ -75.519742113798969, 6.141235276106389 ], [ -75.519624301720043, 6.140971871312235 ], [ -75.519477212121402, 6.140708546482205 ], [ -75.519359557049683, 6.140503745642274 ], [ -75.519241820895516, 6.140269643669534 ], [ -75.519241112939156, 6.140005925006715 ], [ -75.519270153948838, 6.139917938579771 ], [ -75.519445340095231, 6.139741653946036 ], [ -75.519650194589047, 6.139711800390852 ], [ -75.519855125839939, 6.139711249114317 ], [ -75.520177243028428, 6.139739684996854 ], [ -75.52044096434787, 6.139826882947315 ], [ -75.520704528876834, 6.139855475442886 ], [ -75.520968093403923, 6.139884067801855 ], [ -75.521173339664088, 6.140000725323187 ], [ -75.521407943646821, 6.140146604950942 ], [ -75.521554797479467, 6.140322023359541 ], [ -75.521643098056188, 6.140497598814783 ], [ -75.521643728453341, 6.140732016133494 ], [ -75.521644358873317, 6.140966432818669 ], [ -75.521703385131246, 6.141142088362024 ], [ -75.521850081121542, 6.141258902591336 ], [ -75.521967580854408, 6.141405097346126 ], [ -75.522085078763951, 6.141551292695819 ], [ -75.522202577371687, 6.141697488002258 ], [ -75.522232090961566, 6.141785315395438 ], [ -75.522349431955917, 6.141872905391139 ], [ -75.522554523414655, 6.141930957501103 ], [ -75.522818167755062, 6.141988850358455 ], [ -75.522964785935059, 6.142076363124289 ], [ -75.523170034663025, 6.142193018936677 ], [ -75.523375361754091, 6.142338976948931 ], [ -75.523522137946799, 6.142485092215573 ], [ -75.523639639030336, 6.14263128705625 ], [ -75.523727941400551, 6.142806862533341 ], [ -75.523757691529397, 6.142982596014708 ], [ -75.523845992755284, 6.143158170819447 ], [ -75.523905178003545, 6.143392429198453 ], [ -75.524022915071455, 6.143626530117281 ], [ -75.524140414065997, 6.143772724758119 ], [ -75.524257757680545, 6.143860314779843 ], [ -75.524404376585835, 6.143947826338376 ], [ -75.52460954667022, 6.144035177806835 ], [ -75.524843916835366, 6.144093150332637 ], [ -75.525078362901397, 6.144180422500884 ], [ -75.525253862664556, 6.144121345203164 ], [ -75.525429127112574, 6.143974359778888 ], [ -75.525545360999359, 6.143651720230476 ], [ -75.525544728596074, 6.1434173046041 ], [ -75.525544017165785, 6.14315358481214 ], [ -75.525689608295338, 6.142860168431081 ], [ -75.525747607811198, 6.142654896211237 ], [ -75.525805606663582, 6.142449622101527 ], [ -75.525775619454777, 6.1421859839718 ], [ -75.525892248223371, 6.142009854535786 ], [ -75.526067432831795, 6.141833566198969 ], [ -75.526242694504532, 6.141686582623436 ], [ -75.526418193291406, 6.141627503265763 ], [ -75.52659377174345, 6.141597726746646 ], [ -75.526828138260484, 6.141655696088151 ], [ -75.527003796402738, 6.141655221056492 ], [ -75.527179374787551, 6.141625444981909 ], [ -75.527354873380546, 6.141566365345525 ], [ -75.527530370661069, 6.141507285663845 ], [ -75.527676513679737, 6.141418984161202 ], [ -75.527763946962921, 6.141272236572721 ], [ -75.527822024111089, 6.141096265324215 ], [ -75.527880101865776, 6.140920294707026 ], [ -75.527967454628055, 6.140744245509229 ], [ -75.528033530798979, 6.140558608893993 ], [ -75.528099001523117, 6.140448722594467 ], [ -75.528164472223793, 6.14033883629272 ], [ -75.528230061442386, 6.140272832310796 ], [ -75.528284659208609, 6.140195887725159 ], [ -75.528339316866919, 6.14014088492711 ], [ -75.528415925854773, 6.140096793060952 ], [ -75.528459593315631, 6.140030849655727 ], [ -75.528470435923154, 6.139986937040494 ], [ -75.528481218617529, 6.139921082005557 ], [ -75.528437138113304, 6.139833432239357 ], [ -75.528404076800769, 6.139767695228233 ], [ -75.52838194639483, 6.139690959550421 ], [ -75.528348856098191, 6.139614252265719 ], [ -75.528326755973168, 6.139548486213293 ], [ -75.528293636065285, 6.139460808656168 ], [ -75.528282495849155, 6.139395012942046 ], [ -75.528271327266737, 6.139318246327203 ], [ -75.52828208098741, 6.139241419131221 ], [ -75.528314697115604, 6.139142593352993 ], [ -75.528369267049783, 6.139054677884488 ], [ -75.528423805439942, 6.138955790892293 ], [ -75.528478403085543, 6.138878846952895 ], [ -75.528544022388076, 6.138823814505052 ], [ -75.528598649639235, 6.13875784082369 ], [ -75.528664268284956, 6.138702809000414 ], [ -75.528718896769533, 6.138636834678053 ], [ -75.528773524612234, 6.138570860986299 ], [ -75.528828093793052, 6.138482945502339 ], [ -75.528849630108795, 6.138340265181981 ], [ -75.528882218359485, 6.138230467873136 ], [ -75.528892852817421, 6.138109757745642 ], [ -75.52890357556322, 6.138021960301661 ], [ -75.528914240297908, 6.13791222296129 ], [ -75.528935866147819, 6.137802454693393 ], [ -75.528957493252278, 6.137692685160108 ], [ -75.529001069701309, 6.137593829722938 ], [ -75.529066569619431, 6.137494914318538 ], [ -75.529121196694916, 6.137428939996354 ], [ -75.529175914574921, 6.137395878344538 ], [ -75.529230631819871, 6.137362817953314 ], [ -75.52934018233546, 6.137340578207535 ], [ -75.529416911340121, 6.137340370499729 ], [ -75.529515531013885, 6.137329133177101 ], [ -75.529570335908545, 6.137328984802011 ], [ -75.529647063011083, 6.137328777066759 ], [ -75.529712740682569, 6.137295686958772 ], [ -75.52975649802832, 6.137262654935967 ], [ -75.529811123725352, 6.137196681203179 ], [ -75.529821907534654, 6.137130826183252 ], [ -75.529810678929238, 6.137032119120196 ], [ -75.529799421305697, 6.136922439269838 ], [ -75.529788252648132, 6.136845672718945 ], [ -75.52977702532533, 6.136746964385082 ], [ -75.529787837533618, 6.1366920808908 ], [ -75.529798561418247, 6.136604284093679 ], [ -75.529820247018932, 6.136516456986758 ], [ -75.529874844264157, 6.13643951300384 ], [ -75.529951275962816, 6.136329595726782 ], [ -75.530027707007065, 6.136219680341721 ], [ -75.530147981694341, 6.136109643703076 ], [ -75.530279187751546, 6.135988607739513 ], [ -75.530410335061987, 6.135845630612398 ], [ -75.530508659055016, 6.135724684303785 ], [ -75.530646113105476, 6.135575008352507 ], [ -75.530753638016591, 6.135457782698523 ], [ -75.53083427637489, 6.135367613706872 ], [ -75.530914915346116, 6.135277447864524 ], [ -75.530950618690937, 6.135187400593018 ], [ -75.53095027816066, 6.135061471882004 ], [ -75.530940780899812, 6.1348726044206 ], [ -75.53091326142814, 6.134665795284739 ], [ -75.530885935290073, 6.134530943787837 ], [ -75.530894630559999, 6.134422981717353 ], [ -75.53092125013481, 6.134296979976579 ], [ -75.530974782367679, 6.134152915483089 ], [ -75.531064309720151, 6.134026742715921 ], [ -75.531162970697849, 6.133954516033775 ], [ -75.531261605431467, 6.13387329479826 ], [ -75.531396309503805, 6.133836950152478 ], [ -75.531540099848513, 6.133836560564827 ], [ -75.531647966139786, 6.133845262264099 ], [ -75.53171988406136, 6.133854062621165 ], [ -75.531818739558304, 6.13385379472426 ], [ -75.531908607958755, 6.133853551166375 ], [ -75.532007461554826, 6.133853283239716 ], [ -75.53212426562115, 6.133843971397486 ], [ -75.53225003306126, 6.133825641255282 ], [ -75.532375727457307, 6.13378032556577 ], [ -75.532483445761187, 6.133735059852725 ], [ -75.53259109415707, 6.133662807964964 ], [ -75.532662865325449, 6.133617637166129 ], [ -75.532770585454543, 6.133572371403346 ], [ -75.53290521747563, 6.133509041533642 ], [ -75.53295899197532, 6.133454926799971 ], [ -75.53304871415034, 6.13340071330521 ], [ -75.533156311158535, 6.133310472265769 ], [ -75.533228108472315, 6.133274297840714 ], [ -75.533308794798657, 6.133202119615717 ], [ -75.533407430260766, 6.133120896825712 ], [ -75.533524014847643, 6.133030630726672 ], [ -75.53361358946745, 6.132922449315643 ], [ -75.533685240526836, 6.13283230510115 ], [ -75.533783779676753, 6.132715102857773 ], [ -75.533855356338861, 6.132597975659078 ], [ -75.533926934226656, 6.132480845297223 ], [ -75.533989475675554, 6.13234575151191 ], [ -75.534034092979198, 6.132228697461368 ], [ -75.534078612177382, 6.132075662113508 ], [ -75.534141276014083, 6.131985542898128 ], [ -75.534212925618377, 6.131895398664007 ], [ -75.534302599292815, 6.131823195976445 ], [ -75.534383407097891, 6.131795990343853 ], [ -75.534455301586831, 6.131795795219226 ], [ -75.534518403361389, 6.131867585170898 ], [ -75.534554594002188, 6.131957435463438 ], [ -75.534581797611949, 6.132047312039663 ], [ -75.534644826942326, 6.132092115205996 ], [ -75.53474313696627, 6.132103732940681 ], [ -75.534878870052992, 6.132016761197541 ], [ -75.534952800261266, 6.131929956602917 ], [ -75.535048675436713, 6.131763849662448 ], [ -75.535169215162114, 6.131723269246354 ], [ -75.535350025648157, 6.131662397313793 ], [ -75.535470619877074, 6.13164194324602 ], [ -75.535671593716245, 6.131601144271688 ], [ -75.535832349788961, 6.13156045511662 ], [ -75.535972998229056, 6.131519819916793 ], [ -75.53611370059339, 6.131499310455197 ], [ -75.536234514344301, 6.131559362454393 ], [ -75.536395653133013, 6.131659556660392 ], [ -75.536496411417943, 6.131739788370556 ], [ -75.536577117999627, 6.131840201732448 ], [ -75.536718094710466, 6.131920325328739 ], [ -75.536999773222178, 6.131979938532002 ], [ -75.537201019455978, 6.132039770932547 ], [ -75.537422318682573, 6.132079422171017 ], [ -75.537603292157272, 6.132078929933478 ], [ -75.537764103366598, 6.132058367214217 ], [ -75.537945023404916, 6.132037747213399 ], [ -75.53806567277266, 6.132037418945142 ], [ -75.538226372683553, 6.131976602075202 ], [ -75.538366693485102, 6.131815209248455 ], [ -75.538547339975679, 6.131693957810587 ], [ -75.538748092691549, 6.131572652863788 ], [ -75.539069605769669, 6.131491270878549 ], [ -75.539270522999544, 6.131430345525786 ], [ -75.539451442024188, 6.131409725712551 ], [ -75.539652578018448, 6.131429305075304 ], [ -75.539954475132518, 6.131529114667451 ], [ -75.540095614362684, 6.131669616372299 ], [ -75.540256863755019, 6.13181006196017 ], [ -75.540478381189104, 6.13193021608522 ], [ -75.540699736945314, 6.131989992275351 ], [ -75.540961087521069, 6.131969153301693 ], [ -75.541202221552297, 6.13190811695647 ], [ -75.541563950474398, 6.131826623854248 ], [ -75.54188551515098, 6.131765367229942 ], [ -75.542186755426457, 6.131623660537606 ], [ -75.542367344613083, 6.131482282321272 ], [ -75.542588040367377, 6.131300542260849 ], [ -75.542730577168939, 6.13117143779089 ], [ -75.542743933117023, 6.131099052052065 ], [ -75.542921589395334, 6.13052454263709 ], [ -75.542992493937845, 6.13023733812021 ], [ -75.543206189169751, 6.129734480426059 ], [ -75.543276801559372, 6.129339645006322 ], [ -75.543383062186066, 6.128872959714045 ], [ -75.543417633997976, 6.128406470106569 ], [ -75.543452501584213, 6.128047610776939 ], [ -75.543451231030502, 6.127581215838891 ], [ -75.543414408842722, 6.127222550886753 ], [ -75.543269569871143, 6.126684798221422 ], [ -75.543124240991105, 6.125967662445237 ], [ -75.543087324237447, 6.125573122911216 ], [ -75.543086347524692, 6.12521435879529 ], [ -75.543156471875818, 6.124640141708344 ], [ -75.543263025012891, 6.124281084971201 ], [ -75.543440386536489, 6.123598945619531 ], [ -75.54343950757567, 6.123276061668843 ], [ -75.543330903251743, 6.122881713192747 ], [ -75.543258337769061, 6.122559022150948 ], [ -75.543221713365725, 6.1222721084442 ], [ -75.543255604162198, 6.12155448498088 ], [ -75.543325631163384, 6.120944391604528 ], [ -75.543396340195784, 6.120585433328003 ], [ -75.543395559299725, 6.120298423160015 ], [ -75.543429451625471, 6.119580799717568 ], [ -75.543284711575396, 6.119078921522476 ], [ -75.543140170181871, 6.118648795287847 ], [ -75.543031468999061, 6.118218572582386 ], [ -75.543030786149643, 6.11796743870185 ], [ -75.543099155774442, 6.116747449749766 ], [ -75.543205709904854, 6.116388393916345 ], [ -75.543292466157084, 6.116007369366478 ], [ -75.543311970702618, 6.115921706495993 ], [ -75.543705069988278, 6.115490116266482 ], [ -75.544027072200805, 6.115273979917042 ], [ -75.54434907034593, 6.115057844076262 ], [ -75.544814637808912, 6.114913068054335 ], [ -75.545316044574449, 6.114768195219806 ], [ -75.545856503927808, 6.114706594933512 ], [ -75.545961019323343, 6.114694682238948 ], [ -75.546211528543736, 6.114550493715871 ], [ -75.546497585928364, 6.114298576480444 ], [ -75.546639978354918, 6.113939422789656 ], [ -75.546710098934042, 6.113365206271322 ], [ -75.546708828630528, 6.112898814292684 ], [ -75.546671816040117, 6.112468397032984 ], [ -75.546670545959188, 6.112002005662571 ], [ -75.546705213694977, 6.111571392187116 ], [ -75.546847120374196, 6.111032857071947 ], [ -75.547167847202758, 6.110350327189913 ], [ -75.547525293985771, 6.109990586798926 ], [ -75.547918582698301, 6.109630748448698 ], [ -75.548168794618903, 6.109378930186455 ], [ -75.548490593892083, 6.109091038594379 ], [ -75.548811999150942, 6.108659642416132 ], [ -75.549061429755554, 6.108120814999936 ], [ -75.549038100169824, 6.107893556848527 ], [ -75.549024610864507, 6.107762149494196 ], [ -75.548951459726567, 6.107224202978507 ], [ -75.549128811856605, 6.106542063779692 ], [ -75.549307534481926, 6.106362193065458 ], [ -75.549593586590333, 6.106110276760752 ], [ -75.549879149380544, 6.10567897841225 ], [ -75.550272630562944, 6.105390891299329 ], [ -75.550773930416739, 6.105210139541679 ], [ -75.551060079047048, 6.10499410026712 ], [ -75.551597024333773, 6.104741496186623 ], [ -75.551990697060717, 6.104525159400005 ], [ -75.552528033755152, 6.104416061389468 ], [ -75.553065663466654, 6.104414590276814 ], [ -75.553495668484999, 6.104377537425538 ], [ -75.554177055513932, 6.104519175611518 ], [ -75.554571416462537, 6.10455397307101 ], [ -75.555181220433155, 6.104731684318061 ], [ -75.555647262815427, 6.1047662819343 ], [ -75.556184792648878, 6.104728932723198 ], [ -75.556650737906722, 6.104727654557802 ], [ -75.557116487147766, 6.104654622427503 ], [ -75.557474709164168, 6.104581886366418 ], [ -75.557832832713558, 6.104473274584095 ], [ -75.558191055036218, 6.104400538727379 ], [ -75.558585413547831, 6.104435330680875 ], [ -75.558944126315055, 6.104541975584095 ], [ -75.559267294413473, 6.104756344533353 ], [ -75.559671736131989, 6.105043830547547 ], [ -75.559770065464662, 6.10511372620099 ], [ -75.560236797579932, 6.105399452997435 ], [ -75.560703232662576, 6.105577552898485 ], [ -75.561155758781823, 6.105715561041087 ], [ -75.561169574452293, 6.105719774329739 ], [ -75.561708090107743, 6.106041179551553 ], [ -75.562210566454226, 6.106290929420428 ], [ -75.562748589741844, 6.106432951137659 ], [ -75.563142949268027, 6.106467741840156 ], [ -75.563895629441589, 6.106465666589873 ], [ -75.564325633226261, 6.10642860296899 ], [ -75.564576526072671, 6.106427910789698 ], [ -75.564775095559838, 6.106460474214188 ], [ -75.564791678309234, 6.106463194677509 ], [ -75.56515068989458, 6.106677460957606 ], [ -75.5653301960932, 6.106784593033261 ], [ -75.565724652577472, 6.106855257117711 ], [ -75.566226638671509, 6.10692562322825 ], [ -75.566692484763337, 6.106888461809596 ], [ -75.566942981705367, 6.106744263268755 ], [ -75.567264766370869, 6.106456364472308 ], [ -75.567478827138373, 6.106097010860729 ], [ -75.567758650629514, 6.105830999658775 ], [ -75.568121472419804, 6.105526656262423 ], [ -75.568302295794481, 6.105162148665162 ], [ -75.56836215199732, 6.104888979850482 ], [ -75.568390531528763, 6.104191218104944 ], [ -75.568450303340967, 6.103887713318041 ], [ -75.568631210541653, 6.1035535405024 ], [ -75.568698523462842, 6.103431470876526 ], [ -75.568781981823605, 6.103280118405525 ], [ -75.568984611450361, 6.103137304527646 ], [ -75.569084440716907, 6.103066944140707 ], [ -75.569477481969528, 6.10273218252761 ], [ -75.569598365800729, 6.102610512715163 ], [ -75.569749469570667, 6.102458426852593 ], [ -75.569839796944606, 6.102245839255023 ], [ -75.569845190616348, 6.102230405241045 ], [ -75.570020200195174, 6.101729661826578 ], [ -75.570049416723293, 6.101335239369217 ], [ -75.570200101807359, 6.101031485000625 ], [ -75.570622939346023, 6.100514636047212 ], [ -75.570834400043779, 6.100271378865703 ], [ -75.571076418754274, 6.100119039312464 ], [ -75.57150017694326, 6.099935862799306 ], [ -75.571954075057022, 6.099691935229075 ], [ -75.572140714738765, 6.09957445173734 ], [ -75.572196090585166, 6.099539595316656 ], [ -75.572380128832663, 6.09942375054084 ], [ -75.572438106589559, 6.099387254694761 ], [ -75.572770952316901, 6.09920433181605 ] ] ] ] } }
]
}
