su_id,su_uid,zona,tipo_su,clase_susc,lambda,mm,fecha_hora_evento,incertidumbre_fecha,latitud,longitud,incertidumbre_ubicacion,tipo_movimiento_masa,municipio,corregimiento,vereda_barrio,Codigo_inventario,si_no_inventario,id_registro,Codigo_pluvio,dist_pluv_m,1d,30d,ONI,ENSO,ENSO_code,si_no,STR,LTR
5791,5791,2,1,Alta,24.965598426201062,2,2016-10-10 21:00:00,baja,6.442787,-75.3624889999999,baja,Flujo,Barbosa,El Hatillo,Quebrada El Bebedero El Chocho,30.0,,1.0,30,3533.6595418985803,13.4619140625,209.2958984375,-0.7,La Niña,0,1,13.4619140625,195.833984375
8693,8693,2,1,Alta,22.018948105960853,2,2023-05-28 01:00:00,baja,6.41853,-75.44017,baja,Flujo,Girardota,San Andrés,,66.0,,43.0,66,1678.9963465656003,115.3154296875,310.1337890625,0.5,El Niño,2,1,115.3154296875,194.818359375
9384,9384,2,1,Alta,31.912286445994294,1,2023-05-28 01:00:00,baja,6.41299,-75.43764,baja,Flujo,Girardota,San Andrés,,66.0,,45.0,66,1590.775914795839,115.3154296875,310.1337890625,0.5,El Niño,2,1,115.3154296875,194.818359375
9692,9692,2,1,Media,13.177774440697888,1,2023-05-28 01:00:00,baja,6.41153,-75.43519,baja,Flujo,Girardota,San Andrés,,66.0,,47.0,66,1986.6913165229544,115.3154296875,310.1337890625,0.5,El Niño,2,1,115.3154296875,194.818359375
9861,9861,2,1,Alta,16.317106697805894,2,2023-05-28 01:00:00,baja,6.41153,-75.4357,baja,Flujo,Girardota,San Andrés,,66.0,,46.0,66,1818.037560661312,115.3154296875,310.1337890625,0.5,El Niño,2,1,115.3154296875,194.818359375
13663,13663,2,2,Muy alta,51.827389114497535,2,2023-05-30 05:00:00,baja,6.3987,-75.51636,baja,Flujo,Copacabana,Zarzal,,47.0,,38.0,72,2470.046683682878,20.828125,266.4453125,0.5,El Niño,2,1,20.828125,245.6171875
16690,16690,2,1,Muy alta,48.96321414181921,1,2024-05-02 06:00:00,baja,6.36321,-75.59663,baja,Deslizamiento,Bello,Represa La García,,51.0,,62.0,51,459.1717772786807,180.33984375,399.287109375,0.4,Neutro,1,1,180.33984375,218.947265625
18180,18180,2,2,Media,5.749332603986096,1,2023-05-28 09:00:00,baja,6.34877,-75.53275,baja,Deslizamiento,Bello,Navarra,,76.0,,40.0,76,1789.752090961239,38.8623046875,295.65625,0.5,El Niño,2,1,38.8623046875,256.7939453125
20938,20938,2,1,Media,8.407862410492594,1,2022-09-23 17:00:00,baja,6.318213,-75.529373,baja,Deslizamiento,Copacabana,Autopista Medellin Bogota,,70.0,,36.0,70,993.636662259459,41.40234375,253.23828125,-1.0,La Niña,0,1,41.40234375,211.8359375
20943,20943,2,1,Media,12.332539407310092,2,2022-09-21 17:00:00,baja,6.318974,-75.528842,baja,Flujo,Copacabana,Autopista Medellin Bogotá,Motel El Descanso del Amor,70.0,,35.0,70,927.4921686386442,22.6064453125,194.564453125,-1.0,La Niña,0,1,22.6064453125,171.9580078125
21646,21646,2,2,Alta,30.223440678376605,1,2024-06-09 12:00:00,Baja,6.31164206313797,-75.5595900638633,Media,Deslizamiento,Medellín,Comuna 5 Castilla,Las Brisas,89.0,verdadero,472.0,89,1001.9729987652554,99.314453125,357.88671875,0.2,Neutro,1,1,99.314453125,258.572265625
22519,22519,2,2,Media,12.500744075565661,1,2024-06-09 18:00:00,Baja,6.3033664,-75.5465935,Media,Deslizamiento,Medellín,Comuna 1 Popular,Popular,154.0,verdadero,473.0,154,712.9545301056228,52.32421875,262.63671875,0.2,Neutro,1,1,52.32421875,210.3125
22643,22643,2,2,Media,13.523499188065268,1,2023-11-01 10:44:00,Baja,6.300944716,-75.54296297,Media,Otro,Medellín,Comuna 1 Popular,Santo Domingo Savio No.1,352.0,verdadero,440.0,352,886.7764072264696,49.7841796875,295.6552734375,1.9,El Niño,2,1,49.7841796875,245.87109375
22686,22686,2,2,Media,8.282421806868628,1,2022-08-01 19:00:00,Baja,6.29999705400002,-75.551633477,Media,Deslizamiento,Medellín,Corregimiento 60 San Cristóbal,La Loma,353.0,verdadero,303.0,353,578.0851350722938,63.24609375,186.6904296875,-0.9,La Niña,0,1,63.24609375,123.4443359375
22780,22780,2,2,Media,13.967112556143414,1,2022-06-08 21:30:00,Baja,6.29976682500001,-75.552439041,Media,Deslizamiento,Medellín,Comuna 2 Santa Cruz,La Francia,353.0,verdadero,282.0,353,489.05315230558364,37.845703125,258.31787109375,-0.9,La Niña,0,1,37.845703125,220.47216796875
22948,22948,2,2,Media,14.512804207946456,2,2022-10-24 17:00:00,Baja,6.29848764989538,-75.5431070452267,Media,Deslizamiento,Medellín,Comuna 1 Popular,Santo Domingo Savio No.1,352.0,verdadero,357.0,352,639.2907369637317,66.2939453125,288.0361328125,-1.0,La Niña,0,1,66.2939453125,221.7421875
22948,22948,2,2,Media,14.512804207946456,2,2023-11-01 03:00:00,Baja,6.30058869997623,-75.5428517073776,Media,Deslizamiento,Medellín,Comuna 1 Popular,Santo Domingo Savio No.1,352.0,verdadero,436.0,352,639.2907369637317,49.7841796875,295.6552734375,1.9,El Niño,2,1,49.7841796875,245.87109375
23005,23005,5,2,Media,8.438356840755347,1,2022-04-05 03:00:00,Baja,6.29706334572298,-75.6470996816282,Media,Deslizamiento,Medellín,Corregimiento 60 San Cristóbal,El LLano,21.0,verdadero,238.0,21,1088.5149613200042,33.2734375,342.64453125,-1.1,La Niña,0,1,33.2734375,309.37109375
23028,23028,2,2,Media,13.313022523625792,1,2022-06-07 15:00:00,Baja,6.29822281999998,-75.550746283,Media,Flujo,Medellín,Comuna 2 Santa Cruz,La Francia,353.0,verdadero,281.0,353,625.6782418826148,11.17626953125,221.234375,-0.9,La Niña,0,1,11.17626953125,210.05810546875
23040,23040,2,2,Media,14.209499396467434,1,2024-05-24 17:00:00,Baja,6.2968266,-75.553067,Media,Deslizamiento,Medellín,Comuna 1 Popular,Moscú No.2,353.0,verdadero,468.0,353,311.84418919501525,46.736328125,341.63037109375,0.4,Neutro,1,1,46.736328125,294.89404296875
23047,23047,2,1,Muy alta,50.378313945513035,2,2021-06-02 18:30:00,Baja,6.29822110966513,-75.5422856413644,Media,Deslizamiento,Medellín,Comuna 1 Popular,Santo Domingo Savio No.1,352.0,verdadero,155.0,352,474.17220332892026,47.243896484375,264.66796875,-0.4,Neutro,1,1,47.243896484375,217.424072265625
23047,23047,2,1,Muy alta,50.378313945513035,2,2023-12-16 15:00:00,Baja,6.297920729,-75.542413543,Media,Deslizamiento,Medellín,Comuna 1 Popular,Santo Domingo Savio No.1,352.0,verdadero,446.0,352,474.17220332892026,54.8642578125,115.82421875,2.0,El Niño,2,1,54.8642578125,60.9599609375
23094,23094,2,1,Muy alta,99.469147603523,1,2022-08-01 19:30:00,Baja,6.296410998,-75.543978146,Media,Deslizamiento,Medellín,Comuna 1 Popular,Santo Domingo Savio No.1,352.0,verdadero,304.0,352,348.2436632712666,65.02392578125,197.10400390625,-0.9,La Niña,0,1,65.02392578125,132.080078125
23127,23127,2,2,Media,12.286666542267556,1,2024-06-09 08:00:00,Baja,6.29656578,-75.56387143,Media,Deslizamiento,Medellín,Comuna 5 Castilla,Belalcázar,376.0,verdadero,471.0,376,709.1959677615571,121.666015625,382.77734375,0.2,Neutro,1,1,121.666015625,261.111328125
23156,23156,2,2,Alta,21.1923106705963,1,2021-11-13 18:00:00,Baja,6.29621017599999,-75.539886544,Media,Deslizamiento,Medellín,Comuna 1 Popular,La Avanzada,352.0,verdadero,179.0,352,407.00076029470324,52.578125,277.3681640625,-1.0,La Niña,0,1,52.578125,224.7900390625
23205,23205,2,1,Muy alta,51.59283344727499,3,2022-08-01 19:40:00,Baja,6.29696853899998,-75.542870455,Media,Deslizamiento,Medellín,Comuna 1 Popular,Santo Domingo Savio No.1,352.0,verdadero,305.0,352,328.00194173589256,65.02392578125,197.10400390625,-0.9,La Niña,0,1,65.02392578125,132.080078125
23265,23265,2,2,Alta,18.65566191437271,1,2023-05-26 17:30:00,Baja,6.29687785599998,-75.550789285,Media,Deslizamiento,Medellín,Comuna 2 Santa Cruz,La Francia,353.0,verdadero,426.0,353,503.58231081911566,64.51611328125,193.80224609375,0.5,El Niño,2,1,64.51611328125,129.2861328125
23272,23272,2,2,Alta,37.36824005804146,1,2022-08-01 19:00:00,Baja,6.29485847778135,-75.544415608739,Media,Deslizamiento,Medellín,Comuna 1 Popular,Santo Domingo Savio No.1,352.0,verdadero,302.0,352,396.46281269736653,65.02392578125,197.10400390625,-0.9,La Niña,0,1,65.02392578125,132.080078125
23303,23303,2,2,Media,10.595949267768905,1,2024-06-09 03:00:00,Baja,6.2951939,-75.5545989,Media,Deslizamiento,Medellín,Comuna 2 Santa Cruz,Moscú No.1,353.0,verdadero,470.0,353,107.12141264465326,95.50390625,334.26416015625,0.2,Neutro,1,1,95.50390625,238.76025390625
23353,23353,2,2,Media,12.218810806565275,1,2022-04-07 01:15:00,Baja,6.29639992259483,-75.5972123196317,Media,Deslizamiento,Medellín,Corregimiento 60 San Cristóbal,El Picacho,48.0,verdadero,246.0,48,1000.1593375889461,52.0703125,311.912109375,-1.1,La Niña,0,1,52.0703125,259.841796875
23429,23429,2,2,Muy alta,40.97106077622588,3,2023-05-25 21:00:00,Baja,6.29497068400002,-75.542817166,Media,Deslizamiento,Medellín,Comuna 1 Popular,Santo Domingo Savio No.1,352.0,verdadero,419.0,352,131.09470139259562,45.4658203125,191.515625,0.5,El Niño,2,1,45.4658203125,146.0498046875
23429,23429,2,2,Muy alta,40.97106077622588,3,2023-10-31 19:00:00,Baja,6.29352892499998,-75.544483017,Media,Deslizamiento,Medellín,Comuna 1 Popular,Santo Domingo Savio No.1,352.0,verdadero,434.0,352,131.09470139259562,43.6875,245.87109375,1.8,El Niño,2,1,43.6875,202.18359375
23445,23445,2,2,Alta,15.32971739155769,1,2024-07-01 12:00:00,Baja,6.29530059,-75.5643389,Media,Deslizamiento,Medellín,Comuna 5 Castilla,Belalcázar,376.0,verdadero,495.0,376,860.8560565897926,36.576171875,417.576171875,0.0,Neutro,1,1,36.576171875,381.0
23446,23446,2,1,Muy alta,49.399980093647564,2,2021-03-23 23:00:00,Baja,6.29514309899997,-75.540261148,Media,Caida de rocas,Medellín,Comuna 1 Popular,La Avanzada,352.0,verdadero,135.0,352,312.1972977949724,44.449951171875,334.010009765625,-0.8,La Niña,0,1,44.449951171875,289.56005859375
23446,23446,2,1,Muy alta,49.399980093647564,2,2021-11-13 16:30:00,Baja,6.29463414000003,-75.539938888,Media,Deslizamiento,Medellín,Comuna 1 Popular,La Avanzada,352.0,verdadero,177.0,352,312.1972977949724,51.56201171875,276.35205078125,-1.0,La Niña,0,1,51.56201171875,224.7900390625
23470,23470,2,1,Muy alta,51.6931912576609,1,2021-11-13 16:10:00,Baja,6.2931868,-75.541724,Media,Deslizamiento,Medellín,Comuna 1 Popular,Santo Domingo Savio No.1,352.0,verdadero,176.0,352,178.61610666458984,51.56201171875,276.35205078125,-1.0,La Niña,0,1,51.56201171875,224.7900390625
23484,23484,5,2,Alta,15.509245434123068,1,2023-03-13 08:00:00,Baja,6.293831,-75.649566795,Media,Deslizamiento,Medellín,Corregimiento 60 San Cristóbal,El LLano,612.0,verdadero,411.0,612,1324.7306562661995,37.8460693359375,230.3780517578125,-0.1,Neutro,1,1,37.8460693359375,192.531982421875
23487,23487,2,2,Media,11.390648264894642,2,2022-06-08 23:00:00,Baja,6.29689916299998,-75.551355189,Media,Deslizamiento,Medellín,Comuna 2 Santa Cruz,Andalucía,353.0,verdadero,283.0,353,511.33258322417663,40.1318359375,260.60400390625,-0.9,La Niña,0,1,40.1318359375,220.47216796875
23487,23487,2,2,Media,11.390648264894642,2,2023-11-01 09:00:00,Baja,6.29520017800002,-75.550158242,Media,Deslizamiento,Medellín,Comuna 2 Santa Cruz,Villa del Socorro,353.0,verdadero,439.0,353,511.33258322417663,75.43798828125,313.94384765625,1.9,El Niño,2,1,75.43798828125,238.505859375
23497,23497,2,2,Muy alta,47.374952894535454,1,2023-10-31 21:00:00,Baja,6.29335389002527,-75.5465197667714,Media,Deslizamiento,Medellín,Comuna 1 Popular,Granizal,352.0,verdadero,435.0,352,354.87468312219795,80.263671875,282.955078125,1.8,El Niño,2,1,80.263671875,202.69140625
23499,23499,2,1,Muy alta,56.192702106390755,2,2022-10-24 20:05:00,Baja,6.29509161009067,-75.5397419929221,Media,Deslizamiento,Medellín,Comuna 1 Popular,La Avanzada,352.0,verdadero,363.0,352,432.9823469271966,59.68994140625,288.0361328125,-1.0,La Niña,0,1,59.68994140625,228.34619140625
23499,23499,2,1,Muy alta,56.192702106390755,2,2023-03-18 23:00:00,Baja,6.29427668800002,-75.538858528,Media,Deslizamiento,Medellín,Comuna 1 Popular,La Avanzada,352.0,verdadero,412.0,352,432.9823469271966,42.1640625,191.00830078125,-0.1,Neutro,1,1,42.1640625,148.84423828125
23533,23533,2,3,Muy alta,164.87907822410767,1,2023-05-23 22:30:00,Baja,6.29312999699999,-75.543840186,Media,Deslizamiento,Medellín,Comuna 1 Popular,Santo Domingo Savio No.1,352.0,verdadero,415.0,352,177.17272931817772,45.7197265625,147.31982421875,0.5,El Niño,2,1,45.7197265625,101.60009765625
23536,23536,2,2,Media,7.3383945698439055,1,2021-12-01 03:00:00,Baja,6.29477481890119,-75.5938914399625,Media,Deslizamiento,Medellín,Comuna 7 Robledo,Aures No.2,48.0,verdadero,211.0,48,838.2758683242369,89.662109375,261.875,-1.0,La Niña,0,1,89.662109375,172.212890625
23602,23602,2,2,Muy alta,60.16282016668558,2,2022-08-01 22:00:00,Baja,6.29227338300001,-75.545551429,Media,Deslizamiento,Medellín,Comuna 1 Popular,Granizal,352.0,verdadero,307.0,352,388.36872314799166,65.02392578125,197.10400390625,-0.9,La Niña,0,1,65.02392578125,132.080078125
23602,23602,2,2,Muy alta,60.16282016668558,2,2022-10-24 14:00:00,Baja,6.29241989227721,-75.5456175808503,Media,Deslizamiento,Medellín,Comuna 1 Popular,Granizal,352.0,verdadero,351.0,352,388.36872314799166,64.51611328125,281.17822265625,-1.0,La Niña,0,1,64.51611328125,216.662109375
23626,23626,2,1,Alta,26.655791361125885,1,2022-10-24 17:00:00,Baja,6.292310697,-75.537947897,Media,Deslizamiento,Medellín,Comuna 1 Popular,La Avanzada,352.0,verdadero,358.0,352,505.6458527048057,66.2939453125,288.0361328125,-1.0,La Niña,0,1,66.2939453125,221.7421875
23674,23674,5,2,Alta,25.269920975628832,3,2023-05-11 17:00:00,Baja,6.29381224048875,-75.6578678464433,Media,Deslizamiento,Medellín,Corregimiento 60 San Cristóbal,La Cuchilla,612.0,verdadero,413.0,612,1120.865194824522,48.7679443359375,180.3399658203125,0.5,El Niño,2,1,48.7679443359375,131.572021484375
23759,23759,2,1,Alta,31.693470790980353,2,2021-11-13 17:00:00,Baja,6.291093053,-75.539650315,Media,Deslizamiento,Medellín,Comuna 1 Popular,Carpinelo,352.0,verdadero,178.0,352,403.3398812937405,52.578125,277.3681640625,-1.0,La Niña,0,1,52.578125,224.7900390625
23759,23759,2,1,Alta,31.693470790980353,2,2023-05-25 22:00:00,Baja,6.29096697984291,-75.5406987041978,Media,Deslizamiento,Medellín,Comuna 1 Popular,Carpinelo,352.0,verdadero,422.0,352,403.3398812937405,54.35595703125,200.40576171875,0.5,El Niño,2,1,54.35595703125,146.0498046875
23777,23777,2,2,Media,11.981788167864604,1,2022-10-24 15:30:00,Baja,6.29278743244304,-75.5478275696157,Media,Deslizamiento,Medellín,Comuna 1 Popular,Granizal,352.0,verdadero,356.0,353,580.13175696298,40.13232421875,208.2802734375,-1.0,La Niña,0,1,40.13232421875,168.14794921875
23789,23789,2,1,Alta,25.51336102184041,1,2023-10-30 23:45:00,Baja,6.29394538416338,-75.5364410710598,Media,Deslizamiento,Medellín,Comuna 1 Popular,La Avanzada,352.0,verdadero,431.0,274,670.2967870161349,41.1484375,309.8798828125,1.8,El Niño,2,1,41.1484375,268.7314453125
23808,23808,2,2,Media,8.321246275607496,1,2021-11-30 22:30:00,Baja,6.28987364099999,-75.592337797,Media,Deslizamiento,Medellín,Comuna 7 Robledo,Aures No.2,241.0,verdadero,188.0,241,1164.2229607412753,77.21630859375,248.158203125,-1.0,La Niña,0,1,77.21630859375,170.94189453125
23814,23814,2,2,Media,7.026557627178158,1,2021-09-05 14:45:00,Baja,6.29209436666238,-75.5350979844962,Media,Deslizamiento,Medellín,Corregimiento 90 Santa Elena,Piedras Blancas - Matasano,274.0,verdadero,170.0,274,733.5213033374439,35.0517578125,246.8876953125,-0.7,La Niña,0,1,35.0517578125,211.8359375
23823,23823,2,2,Alta,27.050397669408145,2,2022-08-01 22:00:00,Baja,6.290661629,-75.551385362,Media,Deslizamiento,Medellín,Comuna 1 Popular,Moscú No.2,40.0,verdadero,308.0,40,612.6170954126324,61.21484375,181.1015625,-0.9,La Niña,0,1,61.21484375,119.88671875
23869,23869,2,1,Muy alta,39.903717516622365,2,2021-06-02 17:00:00,Baja,6.28934484003857,-75.5404959088718,Media,Deslizamiento,Medellín,Comuna 1 Popular,Carpinelo,274.0,verdadero,154.0,274,335.6584406964055,40.13232421875,231.90234375,-0.4,Neutro,1,1,40.13232421875,191.77001953125
23869,23869,2,1,Muy alta,39.903717516622365,2,2022-10-23 12:00:00,Baja,6.28949594599999,-75.539724461,Media,Deslizamiento,Medellín,Comuna 1 Popular,Carpinelo,274.0,verdadero,346.0,274,335.6584406964055,30.4794921875,226.5673828125,-1.0,La Niña,0,1,30.4794921875,196.087890625
23913,23913,2,1,Alta,21.006555213842322,1,2023-05-25 21:00:00,Baja,6.28996657900001,-75.552503494,Media,Deslizamiento,Medellín,Comuna 1 Popular,Moscú No.2,40.0,verdadero,420.0,40,629.2353323687847,56.642578125,226.822265625,0.5,El Niño,2,1,56.642578125,170.1796875
23925,23925,5,2,Muy alta,44.102488238178424,2,2022-10-28 18:00:00,Baja,6.28909116300002,-75.65003432,Media,Deslizamiento,Medellín,Corregimiento 60 San Cristóbal,El Uvito,612.0,verdadero,373.0,612,1736.4505928891651,46.989990234375,279.90802001953125,-1.0,La Niña,0,1,46.989990234375,232.91802978515625
23940,23940,5,1,Muy alta,41.56951397648321,1,2024-06-01 04:00:00,Baja,6.28886187,-75.65373452,Media,Deslizamiento,Medellín,Corregimiento 60 San Cristóbal,El Uvito,612.0,verdadero,469.0,612,1574.051161463225,36.32177734375,336.5498046875,0.2,Neutro,1,1,36.32177734375,300.22802734375
23945,23945,2,2,Media,5.846969359946161,1,2023-05-23 20:00:00,Baja,6.28914604759439,-75.5863477041108,Media,Deslizamiento,Medellín,Comuna 6 Doce de Octubre,Kennedy,241.0,verdadero,414.0,241,674.9571909009139,34.5439453125,136.3984375,0.5,El Niño,2,1,34.5439453125,101.8544921875
23966,23966,2,1,Alta,19.154763843333473,1,2019-11-14 12:00:00,baja,6.288871,-75.542241,baja,Deslizamiento,Medellín,Santo Domingo Savio No.1,Calle 100B con Carrera 31,352.0,,10.0,352,507.12003851715775,13.2080078125,251.4599609375,0.5,Neutro,1,1,13.2080078125,238.251953125
24050,24050,2,2,Alta,21.097429782688625,1,2023-01-14 22:00:00,Baja,6.28748158033192,-75.599164461121,Media,Deslizamiento,Medellín,Comuna 7 Robledo,Monteclaro,456.0,verdadero,401.0,456,1489.6940344085629,50.2919921875,156.2099609375,-0.7,La Niña,0,1,50.2919921875,105.91796875
24119,24119,2,1,Alta,26.073697384935542,1,2022-03-27 14:00:00,Baja,6.28701223799999,-75.597031694,Media,Deslizamiento,Medellín,Comuna 7 Robledo,Monteclaro,456.0,verdadero,219.0,456,1635.0721051307837,43.179931640625,236.72802734375,-1.0,La Niña,0,1,43.179931640625,193.548095703125
24169,24169,2,2,Media,12.248713407076062,1,2024-05-23 20:30:00,Baja,6.28803944,-75.60124339,Media,Deslizamiento,Medellín,Comuna 7 Robledo,Monteclaro,20.0,verdadero,464.0,456,1326.9276563411267,38.10009765625,291.84619140625,0.4,Neutro,1,1,38.10009765625,253.74609375
26192,26192,3,1,Muy alta,109.48331009056449,2,2023-11-15 06:00:00,baja,6.093406,-75.657458,baja,Flujo,Caldas,La Valeria,,515.0,,57.0,515,1572.1667259429164,78.99365234375,286.2578125,1.9,El Niño,2,1,78.99365234375,207.26416015625
26378,26378,3,1,Muy alta,191.6485752535278,3,2023-11-15 06:00:00,baja,6.091019,-75.655996,baja,Flujo,Caldas,La Valeria,,515.0,,56.0,515,1336.7515404810779,78.99365234375,286.2578125,1.9,El Niño,2,1,78.99365234375,207.26416015625
26401,26401,3,1,Muy alta,363.0113343780245,5,2023-11-15 06:00:00,baja,6.09026,-75.655115,baja,Flujo,Caldas,La Valeria,,515.0,,55.0,515,1375.920201347759,78.99365234375,286.2578125,1.9,El Niño,2,1,78.99365234375,207.26416015625
26515,26515,3,1,Alta,15.20033726038737,1,2023-11-15 05:00:00,baja,6.090761,-75.625723,baja,Flujo,Caldas,Andalucia,,432.0,,58.0,432,269.9496256852134,110.2353515625,352.8056640625,1.9,El Niño,2,1,110.2353515625,242.5703125
29482,29482,3,1,Baja,2.954365827480273,1,2024-05-09 16:00:00,baja,6.04335,-75.66261,baja,Deslizamiento,Caldas,Peaje,,383.0,,61.0,383,594.7711931891043,94.99609375,387.3505859375,0.4,Neutro,1,1,94.99609375,292.3544921875
33116,33116,2,1,Muy alta,42.799741744872875,1,2023-05-28 01:00:00,baja,6.42067,-75.46059,baja,Flujo,Girardota,San Andrés,,66.0,,51.0,66,1530.7016792260583,115.3154296875,310.1337890625,0.5,El Niño,2,1,115.3154296875,194.818359375
33139,33139,2,1,Alta,18.02186575085168,1,2023-05-28 01:00:00,baja,6.42138,-75.45109,baja,Flujo,Girardota,San Andrés,,66.0,,42.0,66,1313.3742088657202,115.3154296875,310.1337890625,0.5,El Niño,2,1,115.3154296875,194.818359375
33226,33226,2,1,Muy alta,41.82804053411201,2,2023-05-28 01:00:00,baja,6.41762,-75.45542,baja,Flujo,Girardota,San Andrés,,66.0,,49.0,66,1099.5548407061867,115.3154296875,310.1337890625,0.5,El Niño,2,1,115.3154296875,194.818359375
33243,33243,2,1,Alta,19.734999084960528,3,2023-05-28 01:00:00,baja,6.42134,-75.45872,baja,Flujo,Girardota,San Andrés,,66.0,,50.0,66,1118.629201481718,115.3154296875,310.1337890625,0.5,El Niño,2,1,115.3154296875,194.818359375
33257,33257,2,1,Alta,31.83216901321694,1,2023-05-28 01:00:00,baja,6.41638,-75.47123,baja,Flujo,Girardota,San Andrés,,66.0,,53.0,127,1264.4191462412884,90.423828125,302.259765625,0.5,El Niño,2,1,90.423828125,211.8359375
33306,33306,2,1,Alta,28.667947583587118,4,2023-05-28 01:00:00,baja,6.41689,-75.46948,baja,Flujo,Girardota,San Andrés,,66.0,,52.0,127,1605.9687930918983,90.423828125,302.259765625,0.5,El Niño,2,1,90.423828125,211.8359375
37719,37719,2,1,Media,7.586692738753729,1,2023-05-30 05:00:00,baja,6.31614,-75.50675,baja,Deslizamiento,Copacabana,Chucho Gato,,607.0,,39.0,607,1355.0788313997305,25.654052734375,357.378173828125,0.5,El Niño,2,1,25.654052734375,331.72412109375
38396,38396,1,2,Baja,2.1471564110577,1,2022-10-24 17:30:00,Baja,6.19166137392285,-75.5583619042169,Media,Deslizamiento,Medellín,Comuna 14 El Poblado,Los Balsos No.1,56.0,verdadero,360.0,56,971.2469406831268,41.40234375,224.5361328125,-1.0,La Niña,0,1,41.40234375,183.1337890625
38449,38449,1,2,Media,8.914463095126651,1,2024-06-15 14:00:00,Baja,6.1901037,-75.5694576,Media,Deslizamiento,Medellín,Comuna 14 El Poblado,El Castillo,15.0,verdadero,475.0,15,1067.587630162634,52.83203125,261.3671875,0.2,Neutro,1,1,52.83203125,208.53515625
41119,41119,3,2,Baja,3.185429433436826,1,2022-08-05 21:00:00,baja,6.145044,-75.576537,baja,Flujo,Envigado,El Salado,,339.0,,28.0,339,1083.0894297135853,52.578125,242.31640625,-0.9,La Niña,0,1,52.578125,189.73828125
42786,42786,2,1,Alta,23.735443085307068,2,2023-05-28 01:00:00,baja,6.42251,-75.44893,baja,Flujo,Girardota,San Andrés,,66.0,,41.0,66,1175.2126687632608,115.3154296875,310.1337890625,0.5,El Niño,2,1,115.3154296875,194.818359375
43985,43985,5,2,Alta,29.061753190798957,1,2024-05-15 10:00:00,Baja,6.19957637396212,-75.593448913561,Media,Deslizamiento,Medellín,Comuna 15 Guayabal,El Rodeo,22.0,verdadero,455.0,22,1106.0596959862307,36.576171875,268.478515625,0.4,Neutro,1,1,36.576171875,231.90234375
44328,44328,3,2,Alta,19.382010679358086,1,2022-06-11 00:30:00,Baja,6.18656844899999,-75.646169327,Media,Deslizamiento,Medellín,Corregimiento 80 San Antonio de Prado,San Antonio de Prado,2.0,verdadero,284.0,2,564.2562263184313,68.072265625,301.498046875,-0.9,La Niña,0,1,68.072265625,233.42578125
44415,44415,3,2,Media,10.242999274882589,1,2022-09-16 08:00:00,Baja,6.18478802499999,-75.647394612,Media,Otro,Medellín,Corregimiento 80 San Antonio de Prado,San Antonio de Prado,2.0,verdadero,325.0,2,832.6706157960842,56.38671875,315.974609375,-1.0,La Niña,0,1,56.38671875,259.587890625
44625,44625,3,2,Muy alta,72.25404666281594,3,2022-09-18 14:30:00,Baja,6.17485306600003,-75.648879759,Media,Deslizamiento,Medellín,Corregimiento 80 San Antonio de Prado,San Antonio de Prado,36.0,verdadero,336.0,36,1077.7643341115697,70.611328125,367.283203125,-1.0,La Niña,0,1,70.611328125,296.671875
44630,44630,3,2,Muy alta,58.11790839630748,3,2022-09-17 00:00:00,Media,6.17456122201986,-75.6489008709651,Media,Deslizamiento,Medellín,Corregimiento 80 San Antonio de Prado,San Antonio de Prado,36.0,verdadero,329.0,36,938.2286271554062,28.955078125,296.671875,-1.0,La Niña,0,1,28.955078125,267.716796875
44711,44711,3,2,Muy alta,38.785781354202975,1,2022-09-18 01:00:00,Baja,6.16983999799999,-75.657294367,Media,Deslizamiento,Medellín,Corregimiento 80 San Antonio de Prado,San José,36.0,verdadero,331.0,36,1468.7702782481474,64.0078125,360.6796875,-1.0,La Niña,0,1,64.0078125,296.671875
45017,45017,3,1,Muy alta,77.37229437298663,2,2022-09-08 20:00:00,baja,6.153428,-75.660374,baja,Deslizamiento,La Estrella,Tierra Amarilla,Q. Tierra Amarilla,519.0,,32.0,519,193.9067292028086,72.13623046875,324.8662109375,-1.0,La Niña,0,1,72.13623046875,252.72998046875
45087,45087,3,1,Alta,37.211376202369,4,2022-09-08 20:00:00,baja,6.153292,-75.663229,baja,Deslizamiento,La Estrella,Tierra Amarilla,Q. Tierra Amarilla,519.0,,33.0,519,576.0795798310022,72.13623046875,324.8662109375,-1.0,La Niña,0,1,72.13623046875,252.72998046875
45356,45356,3,1,Alta,32.98532704390531,1,2024-05-09 14:00:00,baja,6.144733,-75.638184,baja,Flujo,La Estrella,Himalaya,,266.0,,59.0,266,321.7716692113187,39.1162109375,379.2216796875,0.4,Neutro,1,1,39.1162109375,340.10546875
45814,45814,3,3,Muy alta,109.03761199200935,1,2024-05-09 12:00:00,baja,6.135043,-75.646801,baja,Flujo,La Estrella,Pueblo Viejo,,62.0,,60.0,62,414.3499354655438,48.259765625,371.6015625,0.4,Neutro,1,1,48.259765625,323.341796875
46802,46802,5,1,Baja,1.6062932297684513,1,2022-11-24 14:00:00,Baja,6.36183352699999,-75.693430419,Media,Deslizamiento,Medellín,Corregimiento 50 San Sebastián de Palmitas,Urquita,320.0,verdadero,395.0,320,995.9911263718564,59.181640625,396.2392578125,-0.9,La Niña,0,1,59.181640625,337.0576171875
46948,46948,5,1,Baja,1.347077405462102,1,2022-04-07 03:00:00,Baja,6.35791,-75.696018,Media,Deslizamiento,Medellín,Corregimiento 50 San Sebastián de Palmitas,Potrera Miserenga,320.0,verdadero,248.0,320,391.3114036311196,44.4501953125,454.40625,-1.1,La Niña,0,1,44.4501953125,409.9560546875
47088,47088,5,1,Baja,1.151233395303785,1,2022-11-23 03:00:00,Baja,6.35646610499998,-75.700193714,Media,Deslizamiento,Medellín,Corregimiento 50 San Sebastián de Palmitas,Potrera Miserenga,320.0,verdadero,390.0,320,238.64230803941172,34.544921875,346.96484375,-0.9,La Niña,0,1,34.544921875,312.419921875
47107,47107,5,2,Baja,1.0558216198390418,1,2022-04-03 21:30:00,Baja,6.35340852600001,-75.702042332,Media,Deslizamiento,Medellín,Corregimiento 50 San Sebastián de Palmitas,Potrera Miserenga,320.0,verdadero,232.0,320,366.45437864006436,71.88232421875,471.93212890625,-1.1,La Niña,0,1,71.88232421875,400.0498046875
47123,47123,5,3,Baja,1.4348626065117818,1,2022-09-18 19:00:00,Baja,6.35313151698231,-75.7023778588457,Media,Deslizamiento,Medellín,Corregimiento 50 San Sebastián de Palmitas,Potrera Miserenga,4.0,verdadero,338.0,320,480.48048348235375,52.578125,243.078125,-1.0,La Niña,0,1,52.578125,190.5
47966,47966,5,1,Baja,3.5543092276113257,1,2023-11-18 00:00:00,Media,6.33215214423384,-75.69432492483,Media,Caida de rocas,Medellín,Corregimiento 50 San Sebastián de Palmitas,Volcana Guayabal,4.0,verdadero,443.0,4,1309.8423588792184,55.625,355.599609375,1.9,El Niño,2,1,55.625,299.974609375
48031,48031,5,3,Baja,4.63744716701844,1,2022-04-07 03:00:00,Baja,6.330282,-75.696183,Media,Deslizamiento,Medellín,Corregimiento 50 San Sebastián de Palmitas,La Frisola,4.0,verdadero,249.0,4,1497.7066420979986,33.783203125,376.173828125,-1.1,La Niña,0,1,33.783203125,342.390625
48210,48210,5,1,Baja,2.8941524741787563,1,2022-06-02 18:00:00,Baja,6.3255937280883,-75.6888921273402,Media,Deslizamiento,Medellín,Corregimiento 50 San Sebastián de Palmitas,Volcana Guayabal,4.0,verdadero,274.0,4,1839.9825237277516,32.259765625,312.9296875,-0.9,La Niña,0,1,32.259765625,280.669921875
48335,48335,5,1,Alta,19.474473964822174,1,2022-04-07 15:00:00,Baja,6.32291008483751,-75.6918888280108,Media,Complejo,Medellín,Corregimiento 50 San Sebastián de Palmitas,La Frisola,4.0,verdadero,251.0,4,2183.1159702292803,34.037109375,371.34765625,-1.1,La Niña,0,1,34.037109375,337.310546875
49611,49611,2,2,Media,9.433959028585871,1,2022-08-01 22:00:00,Baja,6.28651591599998,-75.551660313,Media,Otro,Medellín,Comuna 1 Popular,Villa Guadalupe,40.0,verdadero,306.0,40,615.207290479835,61.21484375,181.1015625,-0.9,La Niña,0,1,61.21484375,119.88671875
49712,49712,2,2,Media,8.254019848858318,1,2023-11-01 05:00:00,Baja,6.28452763899998,-75.539514839,Media,Deslizamiento,Medellín,Comuna 3 Manrique,María Cano-Carambolas,55.0,verdadero,438.0,55,48.7267628137152,31.75,266.953125,1.9,El Niño,2,1,31.75,235.203125
49742,49742,2,1,Alta,15.849848901389636,1,2022-08-01 23:00:00,Baja,6.28555945699998,-75.541412542,Media,Deslizamiento,Medellín,Comuna 3 Manrique,San José La Cima No.1,55.0,verdadero,311.0,55,382.50496518803834,43.1806640625,173.990234375,-0.9,La Niña,0,1,43.1806640625,130.8095703125
49765,49765,2,1,Alta,18.359770342349766,1,2021-11-30 23:00:00,Baja,6.28450078580038,-75.5426702958539,Media,Deslizamiento,Medellín,Comuna 3 Manrique,San José La Cima No.1,55.0,verdadero,201.0,55,434.1930280191441,45.7197265625,264.921875,-1.0,La Niña,0,1,45.7197265625,219.2021484375
49795,49795,2,2,Alta,15.11662429057462,1,2024-05-04 10:30:00,Baja,6.28457566621704,-75.6093251770118,Media,Deslizamiento,Medellín,Corregimiento 60 San Cristóbal,Pajarito,456.0,verdadero,452.0,456,1008.9368267190836,44.9580078125,194.05615234375,0.4,Neutro,1,1,44.9580078125,149.09814453125
50013,50013,2,2,Media,11.654412922034963,1,2022-10-25 13:00:00,Baja,6.28219157400002,-75.544770788,Media,Deslizamiento,Medellín,Comuna 3 Manrique,Las Granjas,55.0,verdadero,368.0,55,710.8129378577187,31.4951171875,259.333984375,-1.0,La Niña,0,1,31.4951171875,227.8388671875
50017,50017,5,2,Media,11.870421003714506,1,2021-11-30 23:00:00,Baja,6.28280846500002,-75.634132065,Media,Deslizamiento,Medellín,Corregimiento 60 San Cristóbal,Pedregal Alto,27.0,verdadero,193.0,27,1424.3796215056996,61.9755859375,223.01171875,-1.0,La Niña,0,1,61.9755859375,161.0361328125
50075,50075,2,1,Alta,16.97817686600969,1,2021-12-01 01:00:00,Baja,6.28221559899998,-75.538068534,Media,Deslizamiento,Medellín,Comuna 3 Manrique,María Cano-Carambolas,55.0,verdadero,210.0,55,179.418740736484,46.4814453125,265.68359375,-1.0,La Niña,0,1,46.4814453125,219.2021484375
50092,50092,5,2,Alta,24.765206839363668,1,2022-05-17 07:00:00,Baja,6.28231528477653,-75.6612136327629,Media,Deslizamiento,Medellín,Corregimiento 60 San Cristóbal,El Patio,11.0,verdadero,265.0,11,1355.86339263541,41.91015625,309.1171875,-1.0,La Niña,0,1,41.91015625,267.20703125
50114,50114,2,1,Alta,19.13203998855982,1,2022-10-24 15:00:00,Baja,6.28286632200002,-75.542569596,Media,Deslizamiento,Medellín,Comuna 3 Manrique,San José La Cima No.1,55.0,verdadero,354.0,55,298.1274734474412,52.83203125,265.9384765625,-1.0,La Niña,0,1,52.83203125,213.1064453125
50216,50216,2,1,Muy alta,229.39001694053013,1,2021-11-23 12:30:00,Baja,6.28034252700002,-75.543954565,Media,Deslizamiento,Medellín,Comuna 3 Manrique,San José La Cima No.2,55.0,verdadero,181.0,55,657.1953267398746,44.9580078125,247.9033203125,-1.0,La Niña,0,1,44.9580078125,202.9453125
50225,50225,2,1,Muy alta,58.31663887063664,1,2022-04-05 04:00:00,Baja,6.28032660566956,-75.5405126571198,Media,Deslizamiento,Medellín,Comuna 3 Manrique,María Cano-Carambolas,55.0,verdadero,241.0,55,503.3913364852565,36.3212890625,239.267578125,-1.1,La Niña,0,1,36.3212890625,202.9462890625
50280,50280,2,2,Media,9.616556195415429,1,2021-08-15 21:00:00,Baja,6.2816621,-75.6018947,Media,Deslizamiento,Medellín,Comuna 7 Robledo,Cucaracho,456.0,verdadero,163.0,456,719.7993560238104,35.052001953125,160.2740478515625,-0.5,La Niña,0,1,35.052001953125,125.2220458984375
50281,50281,2,2,Media,5.17561289378163,1,2023-05-24 11:56:00,Baja,6.28226912600002,-75.595342533,Media,Deslizamiento,Medellín,Comuna 7 Robledo,Aures No.1,456.0,verdadero,418.0,456,1474.7202647174036,38.6083984375,200.15234375,0.5,El Niño,2,1,38.6083984375,161.5439453125
50297,50297,2,2,Media,7.286656255534539,1,2022-10-28 23:30:00,Baja,6.28322455,-75.601436132,Media,Deslizamiento,Medellín,Comuna 7 Robledo,Cucaracho,456.0,verdadero,374.0,456,967.9156262015912,41.40234375,197.6123046875,-1.0,La Niña,0,1,41.40234375,156.2099609375
50373,50373,5,2,Muy alta,51.1350022130808,3,2024-05-21 18:00:00,Baja,6.27963465605577,-75.6132180009716,Media,Deslizamiento,Medellín,Corregimiento 60 San Cristóbal,Área de Expansión Pajarito,456.0,verdadero,463.0,456,878.457714984048,30.47998046875,257.0478515625,0.4,Neutro,1,1,30.47998046875,226.56787109375
50373,50373,5,2,Muy alta,51.1350022130808,3,2024-05-23 23:00:00,Baja,6.27964356,-75.61318049,Media,Deslizamiento,Medellín,Corregimiento 60 San Cristóbal,Área de Expansión Pajarito,456.0,verdadero,465.0,456,878.457714984048,43.68798828125,297.43408203125,0.4,Neutro,1,1,43.68798828125,253.74609375
50392,50392,2,1,Alta,37.96656236252675,2,2022-10-25 12:00:00,Baja,6.2791289974413,-75.5404478410811,Media,Deslizamiento,Medellín,Comuna 3 Manrique,María Cano-Carambolas,55.0,verdadero,367.0,55,584.4792323024008,36.3212890625,260.603515625,-1.0,La Niña,0,1,36.3212890625,224.2822265625
50392,50392,2,1,Alta,37.96656236252675,2,2024-06-30 21:30:00,Baja,6.27955015322681,-75.5395887944712,Media,Deslizamiento,Medellín,Comuna 3 Manrique,Oriente,55.0,verdadero,494.0,55,584.4792323024008,33.78125,319.0234375,0.2,Neutro,1,1,33.78125,285.2421875
50401,50401,2,1,Alta,30.115762061549436,1,2024-06-11 11:00:00,Baja,6.28062433,-75.54357725,Media,Deslizamiento,Medellín,Comuna 3 Manrique,San José La Cima No.1,55.0,verdadero,474.0,55,624.6196342271978,34.291015625,286.2578125,0.2,Neutro,1,1,34.291015625,251.966796875
50408,50408,2,2,Alta,26.104513002826188,1,2021-12-01 00:00:00,Media,6.278895,-75.601113,Media,Deslizamiento,Medellín,Comuna 7 Robledo,Cucaracho,456.0,verdadero,209.0,456,659.515156148595,65.785888671875,204.469970703125,-1.0,La Niña,0,1,65.785888671875,138.68408203125
50425,50425,2,2,Media,7.775867680634304,1,2022-11-28 12:00:00,Baja,6.27870859299998,-75.547747348,Media,Deslizamiento,Medellín,Comuna 3 Manrique,Las Granjas,16.0,verdadero,397.0,55,948.6476059641329,27.685546875,252.7294921875,-0.9,La Niña,0,1,27.685546875,225.0439453125
50509,50509,2,2,Alta,16.044345845791177,1,2024-05-24 08:30:00,Baja,6.27840541654882,-75.560584487671,Media,Deslizamiento,Medellín,Comuna 4 Aranjuez,Aranjuez,558.0,verdadero,466.0,558,123.55689771116367,40.1318359375,310.64208984375,0.4,Neutro,1,1,40.1318359375,270.51025390625
50516,50516,2,2,Media,7.295287361748387,1,2022-11-28 12:00:00,Baja,6.2781983,-75.5473213,Media,Deslizamiento,Medellín,Comuna 3 Manrique,Las Granjas,16.0,verdadero,396.0,16,1085.3705971879263,37.845703125,555.244140625,-0.9,La Niña,0,1,37.845703125,517.3984375
50612,50612,5,1,Muy alta,75.65303436798955,2,2021-11-30 23:00:00,Baja,6.27844214700002,-75.609449556,Media,Deslizamiento,Medellín,Comuna 7 Robledo,Santa Margarita,456.0,verdadero,196.0,456,389.98144074519064,63.5,202.18408203125,-1.0,La Niña,0,1,63.5,138.68408203125
50621,50621,2,2,Alta,27.802294503291005,1,2022-03-05 08:00:00,Baja,6.27808977900003,-75.607312859,Media,Deslizamiento,Medellín,Comuna 7 Robledo,Fuente Clara,456.0,verdadero,212.0,456,185.036960810144,41.40185546875,223.265869140625,-1.0,La Niña,0,1,41.40185546875,181.864013671875
50659,50659,5,2,Media,7.606235186643389,1,2021-12-01 06:00:00,baja,6.279653,-75.621333,baja,Deslizamiento,Medellín,Barrio La Aurora,Calle 63 ae 117 F 45,456.0,,22.0,27,1402.1522218565647,50.2919921875,226.0595703125,-1.0,La Niña,0,1,50.2919921875,175.767578125
50806,50806,5,2,Media,7.534803910435095,1,2021-11-30 23:00:00,Baja,6.27957056899999,-75.622362408,Media,Deslizamiento,Medellín,Corregimiento 60 San Cristóbal,Área de Expansión Pajarito,27.0,verdadero,192.0,27,1218.29299735117,61.9755859375,223.01171875,-1.0,La Niña,0,1,61.9755859375,161.0361328125
50814,50814,5,2,Media,13.524148789884153,1,2023-05-29 02:30:00,Baja,6.27601394190296,-75.6348783152079,Media,Otro,Medellín,Corregimiento 60 San Cristóbal,La Loma,27.0,verdadero,428.0,27,665.5460989072377,30.48046875,234.6953125,0.5,El Niño,2,1,30.48046875,204.21484375
50831,50831,2,1,Alta,24.95969727951363,1,2022-08-01 23:00:00,Baja,6.27758803099999,-75.53562097,Media,Deslizamiento,Medellín,Corregimiento 90 Santa Elena,Piedras Blancas - Matasano,55.0,verdadero,310.0,55,888.1360569595105,43.1806640625,173.990234375,-0.9,La Niña,0,1,43.1806640625,130.8095703125
50842,50842,2,1,Alta,18.47437806326159,1,2017-06-12 04:00:00,media,6.277512,-75.535327,baja,,Medellín,,Versalles Nº2,55.0,,5.0,55,944.6934780811357,55.1181640625,178.05419921875,0.3,Neutro,1,1,55.1181640625,122.93603515625
50885,50885,2,1,Muy alta,38.23388811790686,1,2022-03-27 03:00:00,Baja,6.27620079000002,-75.595416575,Media,Deslizamiento,Medellín,Comuna 7 Robledo,Robledo,456.0,verdadero,218.0,456,1283.2691188938609,43.942138671875,234.442138671875,-1.0,La Niña,0,1,43.942138671875,190.5
50977,50977,5,1,Muy alta,50.080503387629186,2,2024-06-28 02:00:00,Baja,6.27624876766072,-75.6083664766271,Media,Deslizamiento,Medellín,Comuna 7 Robledo,Olaya Herrera,456.0,verdadero,486.0,456,260.92126316360003,33.27392578125,290.322265625,0.2,Neutro,1,1,33.27392578125,257.04833984375
51072,51072,1,1,Alta,22.12774617920461,1,2023-10-08 03:00:00,Baja,6.274915,-75.543359,Media,Caida de rocas,Medellín,Comuna 3 Manrique,Oriente,16.0,verdadero,430.0,16,573.8977391630597,41.91015625,155.193359375,1.8,El Niño,2,1,41.91015625,113.283203125
51075,51075,5,1,Muy alta,43.86154598749231,2,2022-03-29 17:00:00,Baja,6.27531471408504,-75.6068153246572,Media,Deslizamiento,Medellín,Comuna 13 San Javier,Blanquizal,456.0,verdadero,229.0,456,174.61019594840366,42.1640625,280.669921875,-1.0,La Niña,0,1,42.1640625,238.505859375
51075,51075,5,1,Muy alta,43.86154598749231,2,2022-08-06 03:00:00,Baja,6.27486962400002,-75.607424688,Media,Deslizamiento,Medellín,Comuna 13 San Javier,Blanquizal,456.0,verdadero,316.0,456,174.61019594840366,47.244140625,240.5380859375,-0.9,La Niña,0,1,47.244140625,193.2939453125
51089,51089,1,1,Alta,30.411738225311534,1,2022-11-20 23:00:00,Baja,6.2747047,-75.5378599,Media,Deslizamiento,Medellín,Comuna 3 Manrique,La Cruz,16.0,verdadero,387.0,16,908.9580877922791,52.32421875,578.10546875,-0.9,La Niña,0,1,52.32421875,525.78125
51116,51116,5,1,Muy alta,41.83805548954456,3,2021-11-30 23:00:00,Baja,6.27377919499997,-75.612063229,Media,Deslizamiento,Medellín,Comuna 7 Robledo,Olaya Herrera,456.0,verdadero,197.0,456,574.8804620250211,63.5,202.18408203125,-1.0,La Niña,0,1,63.5,138.68408203125
51170,51170,5,2,Alta,17.004544899703184,1,2021-11-30 23:00:00,Baja,6.27426009800001,-75.627731223,Media,Deslizamiento,Medellín,Corregimiento 60 San Cristóbal,La Loma,27.0,verdadero,199.0,27,414.2982852734456,61.9755859375,223.01171875,-1.0,La Niña,0,1,61.9755859375,161.0361328125
51187,51187,5,2,Alta,21.828658026138765,1,2021-11-30 23:00:00,Baja,6.27428107899999,-75.608504142,Media,Deslizamiento,Medellín,Comuna 7 Robledo,Olaya Herrera,456.0,verdadero,191.0,456,427.14431094523775,63.5,202.18408203125,-1.0,La Niña,0,1,63.5,138.68408203125
51190,51190,1,2,Media,13.51528520952932,1,2022-03-28 01:30:00,Baja,6.27340886341173,-75.5459914154409,Media,Deslizamiento,Medellín,Comuna 3 Manrique,Santa Inés,16.0,verdadero,220.0,16,437.08126094369794,31.494140625,247.140625,-1.0,La Niña,0,1,31.494140625,215.646484375
51209,51209,1,1,Alta,27.80862605709859,1,2022-11-08 19:00:00,Baja,6.27323530400002,-75.536941438,Media,Deslizamiento,Medellín,Comuna 3 Manrique,La Cruz,16.0,verdadero,380.0,16,846.6609259015414,153.669921875,438.40234375,-0.9,La Niña,0,1,153.669921875,284.732421875
51234,51234,5,2,Alta,30.323796389917778,1,2024-06-23 21:00:00,Baja,6.27351028,-75.61216409,Media,Otro,Medellín,Comuna 7 Robledo,Olaya Herrera,456.0,verdadero,477.0,456,675.0931376169119,33.7822265625,226.568359375,0.2,Neutro,1,1,33.7822265625,192.7861328125
51235,51235,5,2,Alta,15.102956460999883,1,2023-05-23 23:00:00,Baja,6.27433004648836,-75.6063671965384,Media,Otro,Medellín,Comuna 13 San Javier,Blanquizal,456.0,verdadero,416.0,456,275.1071824753606,41.40234375,200.15234375,0.5,El Niño,2,1,41.40234375,158.75
51240,51240,5,1,Alta,29.60868714537805,1,2022-06-14 05:00:00,Baja,6.27402604000002,-75.635283749,Media,Deslizamiento,Medellín,Corregimiento 60 San Cristóbal,La Loma,27.0,verdadero,290.0,27,510.43280929435247,54.35546875,419.353515625,-0.9,La Niña,0,1,54.35546875,364.998046875
51253,51253,5,3,Muy alta,150.87098845566538,2,2023-05-24 03:30:00,Baja,6.27323368331995,-75.6155229602141,Media,Flujo,Medellín,Comuna 7 Robledo,Olaya Herrera,456.0,verdadero,417.0,456,1070.4040722172717,41.14794921875,200.15234375,0.5,El Niño,2,1,41.14794921875,159.00439453125
51253,51253,5,3,Muy alta,150.87098845566538,2,2024-06-28 07:00:00,baja,6.27316,-75.615728,baja,Flujo,Medellín,San Cristóbal,Vallejuelos,456.0,,64.0,456,1070.4040722172717,52.32421875,308.10205078125,0.2,Neutro,1,1,52.32421875,255.77783203125
51254,51254,5,2,Alta,36.71482568617043,2,2022-03-05 22:00:00,Baja,6.27249371211301,-75.5983312864755,Media,Deslizamiento,Medellín,Comuna 13 San Javier,El Pesebre,456.0,verdadero,215.0,456,1021.8014845323255,43.433837890625,226.56787109375,-1.0,La Niña,0,1,43.433837890625,183.134033203125
51254,51254,5,2,Alta,36.71482568617043,2,2022-06-14 05:00:00,Baja,6.273447191,-75.597980939,Media,Deslizamiento,Medellín,Comuna 13 San Javier,El Pesebre,456.0,verdadero,289.0,456,1021.8014845323255,32.258056640625,284.22607421875,-0.9,La Niña,0,1,32.258056640625,251.968017578125
51255,51255,1,1,Alta,29.71365269500564,1,2021-10-22 16:00:00,Baja,6.27422435699998,-75.539690627,Media,Deslizamiento,Medellín,Comuna 3 Manrique,Oriente,16.0,verdadero,173.0,16,569.5088614834111,59.181640625,263.65234375,-0.8,La Niña,0,1,59.181640625,204.470703125
51289,51289,1,1,Muy alta,39.66182093030246,2,2021-11-30 23:00:00,Baja,6.27275585899997,-75.540563688,Media,Deslizamiento,Medellín,Comuna 3 Manrique,La Cruz,16.0,verdadero,200.0,16,536.9315830133188,55.37109375,278.638671875,-1.0,La Niña,0,1,55.37109375,223.267578125
51289,51289,1,1,Muy alta,39.66182093030246,2,2022-04-07 19:00:00,Baja,6.27308882058376,-75.5395398304488,Media,Deslizamiento,Medellín,Comuna 3 Manrique,La Cruz,16.0,verdadero,252.0,16,536.9315830133188,32.2578125,301.498046875,-1.1,La Niña,0,1,32.2578125,269.240234375
51306,51306,5,2,Alta,18.54418421618279,1,2024-05-21 18:00:00,Baja,6.27220874488114,-75.5970439249964,Media,Deslizamiento,Medellín,Comuna 13 San Javier,El Pesebre,456.0,verdadero,462.0,456,1167.554133713771,30.47998046875,257.0478515625,0.4,Neutro,1,1,30.47998046875,226.56787109375
51324,51324,1,2,Alta,20.389803627692455,1,2021-06-09 01:00:00,Baja,6.27226573399997,-75.539583266,Media,Deslizamiento,Medellín,Comuna 3 Manrique,La Cruz,16.0,verdadero,156.0,16,554.6364305489864,30.48046875,258.064453125,-0.4,Neutro,1,1,30.48046875,227.583984375
51346,51346,5,3,Alta,35.672644384801224,1,2022-08-06 01:40:00,Baja,6.27169700799999,-75.627379146,Media,Deslizamiento,Medellín,Corregimiento 60 San Cristóbal,La Loma,27.0,verdadero,314.0,27,375.68564107229105,84.328125,332.740234375,-0.9,La Niña,0,1,84.328125,248.412109375
51351,51351,5,1,Muy alta,135.54449818535406,2,2022-03-05 08:30:00,Baja,6.27197106400001,-75.615801698,Media,Deslizamiento,Medellín,Comuna 7 Robledo,Olaya Herrera,456.0,verdadero,213.0,456,1116.1550505568594,41.40185546875,223.265869140625,-1.0,La Niña,0,1,41.40185546875,181.864013671875
51351,51351,5,1,Muy alta,135.54449818535406,2,2024-06-28 02:00:00,Baja,6.27296802398555,-75.6160517601172,Media,Deslizamiento,Medellín,Comuna 7 Robledo,Olaya Herrera,456.0,verdadero,485.0,456,1116.1550505568594,33.27392578125,290.322265625,0.2,Neutro,1,1,33.27392578125,257.04833984375
51353,51353,5,1,Muy alta,74.81562422467825,1,2022-03-29 17:30:00,Baja,6.27198694600003,-75.612708379,Media,Deslizamiento,Medellín,Comuna 7 Robledo,Olaya Herrera,456.0,verdadero,230.0,456,811.0308135555703,42.1640625,280.669921875,-1.0,La Niña,0,1,42.1640625,238.505859375
51364,51364,5,1,Muy alta,107.68371961525145,3,2022-03-29 20:35:00,Baja,6.27215588785673,-75.615022511819,Media,Deslizamiento,Medellín,Comuna 7 Robledo,Olaya Herrera,456.0,verdadero,231.0,456,1048.2131090696391,42.926025390625,281.431884765625,-1.0,La Niña,0,1,42.926025390625,238.505859375
51364,51364,5,1,Muy alta,107.68371961525145,3,2023-01-14 21:00:00,Baja,6.27224004197722,-75.6152221639559,Media,Deslizamiento,Medellín,Comuna 7 Robledo,Olaya Herrera,456.0,verdadero,399.0,456,1048.2131090696391,50.2919921875,156.2099609375,-0.7,La Niña,0,1,50.2919921875,105.91796875
51367,51367,5,1,Muy alta,82.83056758952732,2,2022-03-27 02:00:00,Baja,6.27208233629879,-75.6139644355515,Media,Deslizamiento,Medellín,Comuna 7 Robledo,Olaya Herrera,456.0,verdadero,217.0,456,892.5221831851782,39.6240234375,230.1240234375,-1.0,La Niña,0,1,39.6240234375,190.5
51367,51367,5,1,Muy alta,82.83056758952732,2,2022-03-29 16:00:00,Baja,6.27219772737919,-75.6138519653816,Media,Deslizamiento,Medellín,Comuna 7 Robledo,Olaya Herrera,456.0,verdadero,228.0,456,892.5221831851782,42.1640625,280.669921875,-1.0,La Niña,0,1,42.1640625,238.505859375
51368,51368,5,1,Muy alta,41.272517863501484,1,2022-04-05 03:45:00,Baja,6.272073299,-75.612308502,Media,Deslizamiento,Medellín,Comuna 7 Robledo,Olaya Herrera,456.0,verdadero,240.0,456,777.8540440061637,42.1640625,257.81005859375,-1.1,La Niña,0,1,42.1640625,215.64599609375
51375,51375,5,1,Muy alta,43.22364606651349,1,2022-04-05 03:05:00,Baja,6.27224253600002,-75.617432266,Media,Deslizamiento,Medellín,Comuna 7 Robledo,Olaya Herrera,456.0,verdadero,239.0,456,1215.7926950514836,42.1640625,257.81005859375,-1.1,La Niña,0,1,42.1640625,215.64599609375
51378,51378,5,1,Alta,28.166485576190983,1,2023-01-14 23:59:00,Baja,6.27121827299999,-75.626441826,Media,Deslizamiento,Medellín,Corregimiento 60 San Cristóbal,La Loma,27.0,verdadero,404.0,27,586.7419359241968,47.244140625,171.44921875,-0.7,La Niña,0,1,47.244140625,124.205078125
51437,51437,5,2,Media,11.487531583516988,1,2022-03-29 15:00:00,Baja,6.27493275,-75.63002585,Media,Deslizamiento,Medellín,Corregimiento 60 San Cristóbal,La Loma,27.0,verdadero,227.0,27,214.1191943190273,67.818359375,317.24609375,-1.0,La Niña,0,1,67.818359375,249.427734375
51456,51456,1,1,Alta,27.697245093336726,1,2022-06-02 21:30:00,Baja,6.27093144301123,-75.5352614170174,Media,Deslizamiento,Medellín,Comuna 3 Manrique,La Cruz,16.0,verdadero,277.0,16,1051.6532533961865,64.263671875,334.265625,-0.9,La Niña,0,1,64.263671875,270.001953125
51461,51461,1,1,Alta,33.70032566134563,3,2020-09-03 21:30:00,Baja,6.2738215402489,-75.5420287345674,Media,Deslizamiento,Medellín,Comuna 3 Manrique,Oriente,16.0,verdadero,128.0,16,314.12069296114873,33.52734375,203.19921875,-0.9,La Niña,0,1,33.52734375,169.671875
51461,51461,1,1,Alta,33.70032566134563,3,2021-11-30 23:00:00,Baja,6.27299223400001,-75.54221653,Media,Deslizamiento,Medellín,Comuna 3 Manrique,Oriente,16.0,verdadero,190.0,16,314.12069296114873,55.37109375,278.638671875,-1.0,La Niña,0,1,55.37109375,223.267578125
51470,51470,1,1,Alta,35.135941495273315,2,2021-11-30 23:00:00,Baja,6.27187857565756,-75.5420048042253,Media,Caida de rocas,Medellín,Comuna 3 Manrique,La Cruz,16.0,verdadero,204.0,16,183.01328680396966,55.37109375,278.638671875,-1.0,La Niña,0,1,55.37109375,223.267578125
51470,51470,1,1,Alta,35.135941495273315,2,2022-05-22 02:30:00,Baja,6.27184493072266,-75.5427508866591,Media,Deslizamiento,Medellín,Comuna 3 Manrique,La Cruz,16.0,verdadero,269.0,16,183.01328680396966,34.291015625,255.77734375,-1.0,La Niña,0,1,34.291015625,221.486328125
51477,51477,5,1,Muy alta,72.96300530957541,2,2022-06-03 08:30:00,Baja,6.27203142500002,-75.59882734,Media,Deslizamiento,Medellín,Comuna 13 San Javier,El Pesebre,456.0,verdadero,278.0,456,1014.8599510536262,35.559814453125,263.65185546875,-0.9,La Niña,0,1,35.559814453125,228.092041015625
51477,51477,5,1,Muy alta,72.96300530957541,2,2023-11-03 04:30:00,Baja,6.27137506100001,-75.598350136,Media,Deslizamiento,Medellín,Comuna 13 San Javier,El Pesebre,456.0,verdadero,441.0,456,1014.8599510536262,33.52783203125,255.015625,1.9,El Niño,2,1,33.52783203125,221.48779296875
51608,51608,1,1,Muy alta,47.51426455606422,2,2022-11-21 13:30:00,Baja,6.27058,-75.54223,Media,Deslizamiento,Medellín,Comuna 3 Manrique,La Cruz,16.0,verdadero,388.0,16,164.22369704528234,57.912109375,585.46875,-0.9,La Niña,0,1,57.912109375,527.556640625
51616,51616,1,1,Muy alta,47.987873705017826,2,2017-06-26 19:00:00,baja,6.271302,-75.536001,baja,,Medellín,,La Cruz,16.0,,7.0,16,803.0631674796484,33.2734375,225.2978515625,0.3,Neutro,1,1,33.2734375,192.0244140625
51616,51616,1,1,Muy alta,47.987873705017826,2,2022-06-02 21:30:00,Baja,6.27094769055755,-75.5360525498189,Media,Deslizamiento,Medellín,Comuna 3 Manrique,La Cruz,16.0,verdadero,276.0,16,803.0631674796484,64.263671875,334.265625,-0.9,La Niña,0,1,64.263671875,270.001953125
51647,51647,1,1,Muy alta,49.140793603429756,3,2021-11-30 23:00:00,Baja,6.26962804800002,-75.541203219,Media,Flujo,Medellín,Comuna 3 Manrique,La Cruz,16.0,verdadero,189.0,16,146.25117664013376,55.37109375,278.638671875,-1.0,La Niña,0,1,55.37109375,223.267578125
51656,51656,1,1,Muy alta,59.65228061523458,1,2021-10-22 16:00:00,Baja,6.27004672800001,-75.539623383,Media,Deslizamiento,Medellín,Comuna 3 Manrique,La Cruz,16.0,verdadero,174.0,16,421.6182425196374,59.181640625,263.65234375,-0.8,La Niña,0,1,59.181640625,204.470703125
51673,51673,5,1,Muy alta,43.98306452465855,1,2024-06-19 18:00:00,Baja,6.27081412506656,-75.6310862939251,Media,Deslizamiento,Medellín,Corregimiento 60 San Cristóbal,La Loma,27.0,verdadero,476.0,27,190.52694152919486,49.27734375,231.39453125,0.2,Neutro,1,1,49.27734375,182.1171875
51690,51690,5,1,Muy alta,68.41639488786593,2,2024-06-26 18:00:00,Baja,6.27007461661658,-75.6239485571875,Media,Deslizamiento,Medellín,Corregimiento 60 San Cristóbal,La Loma,27.0,verdadero,484.0,27,827.126377552063,40.89453125,253.23828125,0.2,Neutro,1,1,40.89453125,212.34375
51700,51700,5,1,Muy alta,57.91555243483342,1,2024-06-28 23:00:00,Baja,6.2689886,-75.6106246,Media,Deslizamiento,Medellín,Comuna 13 San Javier,Blanquizal,456.0,verdadero,493.0,456,901.557328564381,40.3857421875,306.57763671875,0.2,Neutro,1,1,40.3857421875,266.19189453125
51723,51723,5,2,Alta,16.400843428709898,1,2024-06-26 13:27:00,Baja,6.26881188,-75.58520042,Media,Deslizamiento,Medellín,Comuna 7 Robledo,San Germán,60.0,verdadero,480.0,60,1157.7840518860469,39.37109375,265.4296875,0.2,Neutro,1,1,39.37109375,226.05859375
51727,51727,5,2,Media,13.890593659838721,1,2024-06-28 06:00:00,Baja,6.2687454,-75.6018947,Media,Deslizamiento,Medellín,Comuna 13 San Javier,El Pesebre,456.0,verdadero,488.0,456,787.8494282561037,51.56201171875,307.33984375,0.2,Neutro,1,1,51.56201171875,255.77783203125
51740,51740,5,2,Alta,29.932740752780923,2,2022-11-08 04:00:00,Baja,6.26999029799998,-75.58712089,Media,Deslizamiento,Medellín,Comuna 7 Robledo,San Germán,60.0,verdadero,377.0,60,1216.713161385727,51.8154296875,208.7880859375,-0.9,La Niña,0,1,51.8154296875,156.97265625
51740,51740,5,2,Alta,29.932740752780923,2,2024-05-24 10:00:00,Baja,6.26998090112545,-75.58695830696,Media,Deslizamiento,Medellín,Comuna 7 Robledo,San Germán,60.0,verdadero,467.0,60,1216.713161385727,36.322265625,286.2578125,0.4,Neutro,1,1,36.322265625,249.935546875
51768,51768,5,1,Muy alta,56.49655623278174,2,2024-06-26 14:00:00,Baja,6.26922707188946,-75.6367832253511,Media,Deslizamiento,Medellín,Corregimiento 60 San Cristóbal,La Loma,27.0,verdadero,482.0,27,674.0235993007738,53.595703125,262.63671875,0.2,Neutro,1,1,53.595703125,209.041015625
51787,51787,5,2,Alta,21.687757998276062,1,2022-11-23 06:00:00,Baja,6.26825641860653,-75.5856641654477,Media,Deslizamiento,Medellín,Comuna 7 Robledo,San Germán,60.0,verdadero,391.0,60,1056.3743054845547,40.38671875,338.07421875,-0.9,La Niña,0,1,40.38671875,297.6875
51789,51789,1,1,Muy alta,69.77087362290739,3,2021-10-22 22:00:00,Baja,6.26861292308269,-75.5406658703694,Media,Deslizamiento,Medellín,Comuna 3 Manrique,La Cruz,16.0,verdadero,175.0,16,323.4877089670696,59.181640625,244.34765625,-0.8,La Niña,0,1,59.181640625,185.166015625
51789,51789,1,1,Muy alta,69.77087362290739,3,2022-08-06 10:50:00,Baja,6.26898759,-75.540897627,Media,Deslizamiento,Medellín,Comuna 3 Manrique,La Cruz,16.0,verdadero,319.0,16,323.4877089670696,55.625,324.103515625,-0.9,La Niña,0,1,55.625,268.478515625
51789,51789,1,1,Muy alta,69.77087362290739,3,2024-04-21 23:30:00,Baja,6.2696192293194,-75.5398409474851,Media,Deslizamiento,Medellín,Comuna 3 Manrique,La Cruz,16.0,verdadero,448.0,16,323.4877089670696,71.12109375,192.279296875,0.7,El Niño,2,1,71.12109375,121.158203125
51816,51816,5,1,Muy alta,77.11536127498292,2,2021-11-30 23:00:00,Baja,6.26793929000002,-75.623746997,Media,Flujo,Medellín,Corregimiento 60 San Cristóbal,La Loma,27.0,verdadero,195.0,27,936.2383034980677,61.9755859375,223.01171875,-1.0,La Niña,0,1,61.9755859375,161.0361328125
51817,51817,1,2,Media,13.353270174446648,1,2024-04-22 10:00:00,Baja,6.2691588,-75.5473213,Media,Deslizamiento,Medellín,Comuna 3 Manrique,El Raizal,16.0,verdadero,449.0,16,602.7306146740613,81.28125,202.439453125,0.7,El Niño,2,1,81.28125,121.158203125
51846,51846,5,1,Muy alta,54.689644295738276,2,2022-03-06 14:00:00,Baja,6.26983982500002,-75.629186534,Media,Deslizamiento,Medellín,Corregimiento 60 San Cristóbal,La Loma,27.0,verdadero,216.0,27,358.4635861033748,31.49609375,192.0244140625,-1.0,La Niña,0,1,31.49609375,160.5283203125
51846,51846,5,1,Muy alta,54.689644295738276,2,2022-06-12 02:30:00,Baja,6.26991276000001,-75.629378247,Media,Deslizamiento,Medellín,Corregimiento 60 San Cristóbal,La Loma,27.0,verdadero,288.0,27,358.4635861033748,37.845703125,365.759765625,-0.9,La Niña,0,1,37.845703125,327.9140625
51876,51876,5,1,Alta,36.210004436525175,1,2022-06-11 08:00:00,Baja,6.267127131,-75.63008602,Media,Deslizamiento,Medellín,Corregimiento 60 San Cristóbal,La Loma,27.0,verdadero,286.0,27,358.72306283753477,46.2265625,344.931640625,-0.9,La Niña,0,1,46.2265625,298.705078125
51877,51877,5,2,Muy alta,38.73078090638025,1,2024-05-21 18:00:00,Baja,6.26817717,-75.60244862,Media,Otro,Medellín,Comuna 12 La América,Calasanz Parte Alta,456.0,verdadero,461.0,456,1002.7718966328472,30.47998046875,257.0478515625,0.4,Neutro,1,1,30.47998046875,226.56787109375
51890,51890,5,2,Media,14.867303197084295,1,2022-06-12 02:00:00,Baja,6.26800944387254,-75.6013337055412,Media,Otro,Medellín,Comuna 12 La América,Calasanz Parte Alta,456.0,verdadero,287.0,456,1054.4202151165389,31.75,252.984130859375,-0.9,La Niña,0,1,31.75,221.234130859375
51954,51954,5,2,Alta,15.656335982115348,1,2024-06-28 07:00:00,Baja,6.26660555,-75.62980022,Media,Deslizamiento,Medellín,Corregimiento 60 San Cristóbal,La Loma,27.0,verdadero,489.0,27,583.5814700816393,31.75,272.541015625,0.2,Neutro,1,1,31.75,240.791015625
51958,51958,1,2,Media,9.98701051610277,1,2022-11-24 06:00:00,Baja,6.26776907509463,-75.5514057746107,Media,Deslizamiento,Medellín,Comuna 3 Manrique,El Pomar,16.0,verdadero,394.0,16,692.235381512569,31.75,558.546875,-0.9,La Niña,0,1,31.75,526.796875
52023,52023,1,1,Muy alta,47.22177108986828,3,2021-09-23 17:00:00,Baja,6.2672669405034,-75.5327947219568,Media,Caida de rocas,Medellín,Corregimiento 90 Santa Elena,Piedras Blancas - Matasano,16.0,verdadero,171.0,16,1225.2222187824493,43.181640625,256.033203125,-0.7,La Niña,0,1,43.181640625,212.8515625
52097,52097,5,1,Alta,24.899833327148187,1,2022-04-05 03:00:00,Baja,6.266546135,-75.613741149,Media,Deslizamiento,Medellín,Comuna 13 San Javier,Juan XXIII La Quiebra,456.0,verdadero,236.0,456,1274.684743326648,42.1640625,257.81005859375,-1.1,La Niña,0,1,42.1640625,215.64599609375
52100,52100,1,1,Alta,24.6755512983499,2,2021-06-01 02:00:00,Baja,6.26689943700001,-75.541718737,Media,Caida de rocas,Medellín,Comuna 3 Manrique,Versalles No.1,16.0,verdadero,147.0,16,421.65546201796815,33.2734375,260.603515625,-0.4,Neutro,1,1,33.2734375,227.330078125
52100,52100,1,1,Alta,24.6755512983499,2,2023-05-26 17:00:00,Baja,6.26597763667523,-75.5400658883687,Media,Deslizamiento,Medellín,Comuna 3 Manrique,Versalles No.2,16.0,verdadero,425.0,16,421.65546201796815,37.591796875,168.1484375,0.5,El Niño,2,1,37.591796875,130.556640625
52116,52116,5,2,Media,11.321364492599322,2,2022-06-14 22:00:00,Baja,6.2690851724439,-75.6277489493371,Media,Deslizamiento,Medellín,Corregimiento 60 San Cristóbal,La Loma,27.0,verdadero,291.0,27,700.3417321456724,54.609375,418.591796875,-0.9,La Niña,0,1,54.609375,363.982421875
52140,52140,5,1,Alta,35.2036809861431,2,2022-04-05 03:00:00,Baja,6.27035761633246,-75.6168024624635,Media,Deslizamiento,Medellín,Corregimiento 60 San Cristóbal,La Loma,456.0,verdadero,235.0,456,1349.0881912626382,42.1640625,257.81005859375,-1.1,La Niña,0,1,42.1640625,215.64599609375
52140,52140,5,1,Alta,35.2036809861431,2,2024-06-26 13:30:00,Baja,6.27052516,-75.61630802,Media,Deslizamiento,Medellín,Comuna 13 San Javier,Juan XXIII La Quiebra,456.0,verdadero,481.0,456,1349.0881912626382,61.97607421875,291.083984375,0.2,Neutro,1,1,61.97607421875,229.10791015625
52146,52146,5,1,Alta,19.358199707931956,1,2022-04-05 03:00:00,Baja,6.267234884,-75.614615396,Media,Deslizamiento,Medellín,Comuna 13 San Javier,Juan XXIII La Quiebra,456.0,verdadero,237.0,456,1276.3586142431066,42.1640625,257.81005859375,-1.1,La Niña,0,1,42.1640625,215.64599609375
52183,52183,1,1,Muy alta,41.745030582443746,1,2021-06-01 02:00:00,Baja,6.26615251300001,-75.535721777,Media,Deslizamiento,Medellín,Corregimiento 90 Santa Elena,Piedras Blancas - Matasano,16.0,verdadero,146.0,16,1005.733348765121,33.2734375,260.603515625,-0.4,Neutro,1,1,33.2734375,227.330078125
52228,52228,5,1,Alta,35.651142472193875,2,2021-11-30 20:00:00,Baja,6.264569607,-75.624730766,Media,Deslizamiento,Medellín,Corregimiento 60 San Cristóbal,La Loma,53.0,verdadero,184.0,53,849.4640219057226,33.2734375,229.869140625,-1.0,La Niña,0,1,33.2734375,196.595703125
52387,52387,5,1,Alta,17.074161329321246,1,2022-08-06 02:00:00,Baja,6.26394508987854,-75.6111927596073,Media,Deslizamiento,Medellín,Comuna 13 San Javier,La Pradera,12.0,verdadero,315.0,12,1343.7218834286157,58.166015625,237.490234375,-0.9,La Niña,0,1,58.166015625,179.32421875
52655,52655,1,2,Alta,17.274058820632614,2,2022-06-27 17:00:00,baja,6.261388,-75.555283,baja,Deslizamiento,Medellín,Manrique,Palos Verdes,211.0,,26.0,211,1184.7149270060354,17.5263671875,391.4140625,-0.9,La Niña,0,1,17.5263671875,373.8876953125
52673,52673,5,1,Muy alta,46.61084828611104,1,2024-06-26 10:00:00,Baja,6.26188207,-75.61782122,Media,Deslizamiento,Medellín,Comuna 13 San Javier,El Socorro,53.0,verdadero,479.0,53,1365.5874195024055,59.689453125,332.740234375,0.2,Neutro,1,1,59.689453125,273.05078125
52686,52686,5,1,Alta,27.207670732409664,2,2023-05-28 19:30:00,Baja,6.26233576111067,-75.6243686516549,Media,Deslizamiento,Medellín,Corregimiento 60 San Cristóbal,La Loma,53.0,verdadero,427.0,53,661.5267404496515,42.1640625,248.919921875,0.5,El Niño,2,1,42.1640625,206.755859375
52870,52870,5,2,Baja,4.228640918550801,1,2022-06-28 11:00:00,Baja,6.26033673612977,-75.5809951425629,Media,Deslizamiento,Medellín,Comuna 7 Robledo,Ecoparque Cerro El Volador,23.0,verdadero,301.0,23,211.20897889085234,45.46484375,366.013671875,-0.9,La Niña,0,1,45.46484375,320.548828125
52879,52879,5,3,Muy alta,40.964969060259094,1,2021-04-06 18:00:00,Baja,6.25909149978151,-75.6217648476517,Media,Deslizamiento,Medellín,Comuna 13 San Javier,Antonio Nariño,53.0,verdadero,139.0,53,833.0286755531071,36.068359375,345.1865234375,-0.7,La Niña,0,1,36.068359375,309.1181640625
52886,52886,5,2,Muy alta,43.73731852719852,1,2021-03-20 15:15:00,Baja,6.25930887599998,-75.620415659,Media,Deslizamiento,Medellín,Comuna 13 San Javier,Antonio Nariño,53.0,verdadero,131.0,53,1045.4525672559312,41.40234375,243.5859375,-0.8,La Niña,0,1,41.40234375,202.18359375
52918,52918,4,1,Muy alta,51.99080978806441,2,2022-10-23 20:00:00,media,6.25864,-75.69591,alta,,Medellín,San Antonio de Prado,,3.0,,63.0,3,2817.3529113350696,46.98828125,308.86328125,-1.0,La Niña,0,1,46.98828125,261.875
53045,53045,5,2,Muy alta,48.70537831751856,2,2021-09-05 09:24:00,Baja,6.25805755948437,-75.6196650366721,Media,Deslizamiento,Medellín,Comuna 13 San Javier,Antonio Nariño,53.0,verdadero,168.0,53,1102.9119959525863,30.2265625,242.82421875,-0.7,La Niña,0,1,30.2265625,212.59765625
53045,53045,5,2,Muy alta,48.70537831751856,2,2024-06-28 18:00:00,Baja,6.258274,-75.6200813,Media,Deslizamiento,Medellín,Comuna 13 San Javier,Antonio Nariño,53.0,verdadero,490.0,53,1102.9119959525863,53.59375,372.109375,0.2,Neutro,1,1,53.59375,318.515625
53262,53262,5,3,Muy alta,176.05658925422955,4,2022-05-18 07:00:00,Baja,6.25572062700002,-75.628911049,Media,Deslizamiento,Medellín,Comuna 13 San Javier,El Salado,53.0,verdadero,267.0,53,347.40202426009114,32.767578125,274.828125,-1.0,La Niña,0,1,32.767578125,242.060546875
53262,53262,5,3,Muy alta,176.05658925422955,4,2022-06-02 01:15:00,Baja,6.25567918885828,-75.6289957118407,Media,Deslizamiento,Medellín,Comuna 13 San Javier,El Salado,53.0,verdadero,270.0,53,347.40202426009114,33.78125,287.78125,-0.9,La Niña,0,1,33.78125,254.0
53262,53262,5,3,Muy alta,176.05658925422955,4,2024-06-28 02:40:00,Baja,6.25561873660208,-75.6290628236967,Media,Deslizamiento,Medellín,Comuna 13 San Javier,El Salado,53.0,verdadero,487.0,53,347.40202426009114,34.03515625,352.296875,0.2,Neutro,1,1,34.03515625,318.26171875
53395,53395,5,2,Alta,32.870538013961315,1,2022-10-28 10:00:00,Baja,6.25395988009126,-75.6243841269385,Media,Deslizamiento,Medellín,Comuna 13 San Javier,El Salado,53.0,verdadero,372.0,53,755.691355728652,34.2890625,223.51953125,-1.0,La Niña,0,1,34.2890625,189.23046875
53460,53460,5,1,Alta,23.990125179518902,1,2022-08-06 03:00:00,Baja,6.25411654511287,-75.6313371845968,Media,Deslizamiento,Medellín,Comuna 13 San Javier,El Salado,53.0,verdadero,317.0,53,545.3745853899828,68.833984375,268.478515625,-0.9,La Niña,0,1,68.833984375,199.64453125
53511,53511,1,2,Alta,26.77054646661238,1,2021-06-01 05:00:00,baja,6.253434,-75.534346,baja,Deslizamiento,Medellín,Santa Elena,Vereda Alto de Las Moras,499.0,,14.0,499,415.3108655532707,51.56201171875,348.9960021972656,-0.4,Neutro,1,1,51.56201171875,297.4339904785156
53534,53534,5,1,Muy alta,53.849470920627034,1,2022-08-05 23:00:00,Baja,6.25323446499999,-75.631736756,Media,Deslizamiento,Medellín,Comuna 13 San Javier,El Salado,53.0,verdadero,313.0,53,644.9876069645316,53.33984375,239.775390625,-0.9,La Niña,0,1,53.33984375,186.435546875
53536,53536,1,1,Media,12.985197526814215,1,2021-05-16 20:00:00,Baja,6.25384337499997,-75.540654438,Media,Deslizamiento,Medellín,Comuna 8 Villa Hermosa,LLanaditas,35.0,verdadero,143.0,35,273.5364449893266,48.767578125,224.7890625,-0.5,La Niña,0,1,48.767578125,176.021484375
53542,53542,5,2,Alta,19.9495973098114,2,2022-09-16 07:00:00,Baja,6.25331013700003,-75.629269746,Media,Deslizamiento,Medellín,Comuna 13 San Javier,El Salado,53.0,verdadero,324.0,53,590.0689540082678,49.78515625,221.48828125,-1.0,La Niña,0,1,49.78515625,171.703125
53563,53563,5,1,Alta,36.81934547670139,1,2022-09-16 15:00:00,baja,6.252408124,-75.630567262,baja,Deslizamiento,Medellín,Altavista,,53.0,,54.0,17,661.5309481903404,65.533203125,207.517578125,-1.0,La Niña,0,1,65.533203125,141.984375
53564,53564,1,2,Alta,27.20140384588756,1,2021-06-01 19:00:00,Baja,6.252555788,-75.53395654,Media,Complejo,Medellín,Corregimiento 90 Santa Elena,Piedras Blancas - Matasano,499.0,verdadero,149.0,499,422.0925156189294,71.88201904296875,325.1199951171875,-0.4,Neutro,1,1,71.88201904296875,253.23797607421875
53626,53626,1,1,Alta,37.09541600953952,2,2021-09-23 20:30:00,Baja,6.25231796999998,-75.541385381,Media,Deslizamiento,Medellín,Comuna 8 Villa Hermosa,LLanaditas,35.0,verdadero,172.0,35,374.17551533864986,31.2421875,175.26171875,-0.7,La Niña,0,1,31.2421875,144.01953125
53626,53626,1,1,Alta,37.09541600953952,2,2022-11-10 23:00:00,Baja,6.2521717,-75.5400433,Media,Deslizamiento,Medellín,Comuna 8 Villa Hermosa,LLanaditas,35.0,verdadero,385.0,35,374.17551533864986,30.2265625,283.46484375,-0.9,La Niña,0,1,30.2265625,253.23828125
53647,53647,1,2,Media,12.150822779255183,1,2024-06-26 08:00:00,Baja,6.25177484030786,-75.5390564333476,Media,Deslizamiento,Medellín,Comuna 8 Villa Hermosa,Villatina,499.0,verdadero,478.0,499,405.502106837696,43.94189453125,336.2958984375,0.2,Neutro,1,1,43.94189453125,292.35400390625
53665,53665,1,1,Muy alta,42.50929637395054,1,2022-11-10 20:00:00,Baja,6.2518014494325,-75.5379957571106,Media,Complejo,Medellín,Corregimiento 90 Santa Elena,Piedras Blancas - Matasano,499.0,verdadero,384.0,499,380.13001571761856,69.341796875,452.1201171875,-0.9,La Niña,0,1,69.341796875,382.7783203125
53704,53704,1,1,Alta,34.68058354983545,1,2022-11-24 04:00:00,Baja,6.25152642650263,-75.5501817014028,Media,Deslizamiento,Medellín,Comuna 8 Villa Hermosa,Enciso,211.0,verdadero,393.0,211,395.50114794767785,39.8779296875,309.8798828125,-0.9,La Niña,0,1,39.8779296875,270.001953125
53724,53724,1,1,Muy alta,43.75643380238504,2,2022-06-20 02:00:00,Baja,6.25157,-75.53712,Media,Deslizamiento,Medellín,Corregimiento 90 Santa Elena,Piedras Blancas - Matasano,499.0,verdadero,292.0,499,320.2716069285487,33.528076171875,440.181884765625,-0.9,La Niña,0,1,33.528076171875,406.65380859375
53803,53803,5,1,Muy alta,38.64793528069527,1,2022-08-06 15:30:00,Baja,6.252512411,-75.626084933,Media,Deslizamiento,Medellín,Comuna 13 San Javier,Nuevos Conquistadores,17.0,verdadero,320.0,17,609.3037705685622,60.19921875,226.568359375,-0.9,La Niña,0,1,60.19921875,166.369140625
53973,53973,1,1,Alta,26.54185666507386,1,2022-11-13 00:01:00,Baja,6.25019665048188,-75.5391391107853,Media,Deslizamiento,Medellín,Comuna 8 Villa Hermosa,LLanaditas,499.0,verdadero,386.0,499,400.37944637558326,38.86181640625,483.86962890625,-0.9,La Niña,0,1,38.86181640625,445.0078125
54001,54001,5,3,Muy alta,102.29250775190502,2,2022-09-16 11:00:00,Baja,6.24883,-75.63008,Media,Deslizamiento,Medellín,Comuna 13 San Javier,Nuevos Conquistadores,17.0,verdadero,326.0,17,184.6154184804787,59.4375,201.421875,-1.0,La Niña,0,1,59.4375,141.984375
54020,54020,5,1,Muy alta,65.31342833749817,1,2023-01-14 23:00:00,Baja,6.249679872,-75.629369286,Media,Deslizamiento,Medellín,Comuna 13 San Javier,Nuevos Conquistadores,17.0,verdadero,403.0,17,199.42105346542567,53.59375,167.38671875,-0.7,La Niña,0,1,53.59375,113.79296875
54043,54043,1,2,Media,7.96806921458789,1,2022-06-11 06:01:00,Baja,6.25145005577192,-75.541202046179,Media,Deslizamiento,Medellín,Comuna 8 Villa Hermosa,LLanaditas,35.0,verdadero,285.0,35,488.28576856831063,40.640625,224.029296875,-0.9,La Niña,0,1,40.640625,183.388671875
54044,54044,1,1,Alta,19.78381116929651,1,2024-05-17 02:03:00,Baja,6.24930602,-75.54147577,Media,Deslizamiento,Medellín,Comuna 8 Villa Hermosa,Trece de Noviembre,499.0,verdadero,460.0,35,645.1862002976934,23.11328125,380.4921875,0.4,Neutro,1,1,23.11328125,357.37890625
54050,54050,5,1,Alta,36.78984822310193,1,2023-05-26 16:00:00,Baja,6.24899162600002,-75.628346473,Media,Deslizamiento,Medellín,Comuna 13 San Javier,Nuevos Conquistadores,17.0,verdadero,424.0,17,273.96146185567994,30.98828125,182.880859375,0.5,El Niño,2,1,30.98828125,151.892578125
54051,54051,5,1,Muy alta,65.61779405761224,1,2022-06-28 06:00:00,Baja,6.25016947527644,-75.6269768165676,Media,Deslizamiento,Medellín,Comuna 13 San Javier,Nuevos Conquistadores,17.0,verdadero,298.0,17,398.589760356052,31.2421875,323.087890625,-0.9,La Niña,0,1,31.2421875,291.845703125
54056,54056,5,1,Muy alta,59.01974092940409,1,2023-05-26 16:00:00,Baja,6.249478,-75.627715,Media,Deslizamiento,Medellín,Comuna 13 San Javier,Nuevos Conquistadores,17.0,verdadero,423.0,17,315.1793058933403,30.98828125,182.880859375,0.5,El Niño,2,1,30.98828125,151.892578125
54062,54062,5,1,Alta,23.242011537890203,1,2023-11-24 23:59:00,Baja,6.25010561200003,-75.636349625,Media,Deslizamiento,Medellín,Corregimiento 70 Altavista,El Corazón El Morro,17.0,verdadero,444.0,17,739.698355049918,32.2578125,195.326171875,1.9,El Niño,2,1,32.2578125,163.068359375
54088,54088,5,1,Muy alta,73.78091935779722,5,2021-08-20 00:00:00,Media,6.24862414708297,-75.6259417730203,Media,Deslizamiento,Medellín,Comuna 13 San Javier,Las Independencias,17.0,verdadero,165.0,17,608.788458551267,42.1640625,201.9296875,-0.5,La Niña,0,1,42.1640625,159.765625
54088,54088,5,1,Muy alta,73.78091935779722,5,2022-04-05 03:00:00,Baja,6.24865198245084,-75.6260625582446,Media,Deslizamiento,Medellín,Comuna 13 San Javier,Las Independencias,17.0,verdadero,234.0,17,608.788458551267,38.861328125,226.314453125,-1.1,La Niña,0,1,38.861328125,187.453125
54088,54088,5,1,Muy alta,73.78091935779722,5,2022-09-16 02:00:00,Baja,6.25106014599999,-75.624569194,Media,Deslizamiento,Medellín,Comuna 13 San Javier,Veinte de Julio,17.0,verdadero,323.0,17,608.788458551267,45.466796875,187.451171875,-1.0,La Niña,0,1,45.466796875,141.984375
54088,54088,5,1,Muy alta,73.78091935779722,5,2024-06-28 23:00:00,Baja,6.24907811,-75.62583053,Media,Deslizamiento,Medellín,Comuna 13 San Javier,Las Independencias,17.0,verdadero,492.0,17,608.788458551267,33.275390625,267.462890625,0.2,Neutro,1,1,33.275390625,234.1875
54089,54089,5,2,Alta,34.2460747342554,3,2022-10-20 02:00:00,Baja,6.24915326299998,-75.625464498,Media,Deslizamiento,Medellín,Comuna 13 San Javier,Las Independencias,17.0,verdadero,341.0,17,707.8673106000033,50.0390625,204.978515625,-1.0,La Niña,0,1,50.0390625,154.939453125
54291,54291,5,2,Media,14.16543172643815,1,2022-10-20 03:00:00,Baja,6.24740228500002,-75.624955721,Media,Deslizamiento,Medellín,Comuna 13 San Javier,El Corazón,17.0,verdadero,342.0,17,520.7968624253252,50.80078125,206.248046875,-1.0,La Niña,0,1,50.80078125,155.447265625
54594,54594,1,2,Media,11.743570575441161,1,2021-06-11 18:00:00,Baja,6.24578537899998,-75.545991336,Media,Deslizamiento,Medellín,Comuna 8 Villa Hermosa,El Pinal,129.0,verdadero,158.0,129,857.8480827727977,63.24609375,266.44580078125,-0.4,Neutro,1,1,63.24609375,203.19970703125
54871,54871,1,2,Media,7.627275578062011,1,2024-05-04 06:30:00,Baja,6.24289971,-75.54203293,Media,Otro,Medellín,Comuna 8 Villa Hermosa,El Pinal,551.0,verdadero,451.0,129,781.9764559750436,44.1953125,260.349609375,0.4,Neutro,1,1,44.1953125,216.154296875
54879,54879,1,2,Media,7.552790586984586,1,2022-11-10 17:00:00,Baja,6.24218681399998,-75.548427471,Media,Deslizamiento,Medellín,Comuna 8 Villa Hermosa,El Pinal,129.0,verdadero,383.0,129,531.8863876859905,34.7978515625,304.7998046875,-0.9,La Niña,0,1,34.7978515625,270.001953125
55132,55132,1,1,Muy alta,73.39018765029262,2,2022-11-08 21:30:00,Baja,6.23984356699998,-75.53754177,Media,Deslizamiento,Medellín,Comuna 8 Villa Hermosa,San Antonio,551.0,verdadero,382.0,551,643.9697683837719,67.31005859375,280.924072265625,-0.9,La Niña,0,1,67.31005859375,213.614013671875
55170,55170,1,1,Muy alta,96.69753785514716,1,2022-10-24 20:00:00,Baja,6.23937667299998,-75.537574392,Media,Otro,Medellín,Comuna 8 Villa Hermosa,San Antonio,551.0,verdadero,362.0,551,585.8876983589661,48.260009765625,264.159912109375,-1.0,La Niña,0,1,48.260009765625,215.89990234375
55177,55177,1,1,Alta,23.072582005023076,1,2022-10-25 06:00:00,Baja,6.24082270345801,-75.5413730931311,Media,Caida de rocas,Medellín,Comuna 8 Villa Hermosa,La Libertad,551.0,verdadero,365.0,551,632.4748566692972,43.43408203125,260.60400390625,-1.0,La Niña,0,1,43.43408203125,217.169921875
55318,55318,1,1,Alta,31.460340562119043,1,2022-06-02 19:30:00,Baja,6.23855783099998,-75.530677003,Media,Deslizamiento,Medellín,Comuna 8 Villa Hermosa,Villa Turbay,44.0,verdadero,275.0,44,342.3128496192,48.513671875,220.4716796875,-0.9,La Niña,0,1,48.513671875,171.9580078125
55323,55323,1,2,Alta,17.003100781255664,1,2022-10-24 15:00:00,Baja,6.2386625,-75.564787,Media,Deslizamiento,Medellín,Comuna 10 La Candelaria,Las Palmas,71.0,verdadero,353.0,71,891.9617074345747,32.00390625,203.4541015625,-1.0,La Niña,0,1,32.00390625,171.4501953125
55344,55344,1,2,Alta,18.356557804913322,1,2024-05-15 11:00:00,Baja,6.23818785,-75.53879716,Media,Deslizamiento,Medellín,Comuna 8 Villa Hermosa,Villa Hermosa,551.0,verdadero,456.0,551,379.4916560313372,37.84619140625,383.2861328125,0.4,Neutro,1,1,37.84619140625,345.43994140625
55442,55442,1,2,Alta,20.030097141652476,4,2022-04-05 05:00:00,Baja,6.23758729674327,-75.51106781083,Media,Caida de rocas,Medellín,Corregimiento 90 Santa Elena,Media Luna,42.0,verdadero,242.0,42,1691.8851469836718,38.861328125,214.376953125,-1.1,La Niña,0,1,38.861328125,175.515625
55442,55442,1,2,Alta,20.030097141652476,4,2024-11-22 23:00:00,baja,6.23764,-75.510582,baja,Flujo,Medellín,Santa Elena,Media Luna,42.0,,68.0,42,1691.8851469836718,28.447265625,233.6796875,-0.4,Neutro,1,1,28.447265625,205.232421875
55481,55481,1,1,Muy alta,52.71085647713047,1,2023-10-31 13:00:00,Baja,6.23740969200003,-75.535200493,Media,Deslizamiento,Medellín,Comuna 8 Villa Hermosa,San Antonio,44.0,verdadero,432.0,44,615.9258552636444,37.591796875,195.833984375,1.8,El Niño,2,1,37.591796875,158.2421875
55482,55482,1,1,Muy alta,91.90254791661422,1,2022-09-29 14:00:00,Baja,6.2376818453598,-75.5344471588855,Media,Otro,Medellín,Comuna 8 Villa Hermosa,San Antonio,44.0,verdadero,339.0,44,542.8485597819216,45.2109375,254.5078125,-1.0,La Niña,0,1,45.2109375,209.296875
55515,55515,1,1,Muy alta,42.639676715991015,1,2022-10-24 15:00:00,Baja,6.23686111500001,-75.537935743,Media,Deslizamiento,Medellín,Comuna 8 Villa Hermosa,Villatina,551.0,verdadero,355.0,551,416.9689483920477,58.419921875,264.159912109375,-1.0,La Niña,0,1,58.419921875,205.739990234375
55533,55533,1,3,Muy alta,98.35550860360142,3,2021-06-01 22:30:00,Baja,6.23710199679644,-75.5345976784811,Media,Deslizamiento,Medellín,Comuna 8 Villa Hermosa,San Antonio,44.0,verdadero,151.0,44,516.8186008926922,44.44921875,315.2138671875,-0.4,Neutro,1,1,44.44921875,270.7646484375
55533,55533,1,3,Muy alta,98.35550860360142,3,2022-06-03 10:30:00,Baja,6.23692840899997,-75.534660302,Media,Deslizamiento,Medellín,Comuna 8 Villa Hermosa,San Antonio,44.0,verdadero,279.0,44,516.8186008926922,34.5439453125,233.93359375,-0.9,La Niña,0,1,34.5439453125,199.3896484375
55585,55585,1,2,Baja,0.4042884977484468,1,2024-05-16 11:00:00,Baja,6.23727947,-75.47809422,Media,Deslizamiento,Medellín,Corregimiento 90 Santa Elena,Barro Blanco,42.0,verdadero,459.0,42,2182.4954252068487,54.865234375,336.55078125,0.4,Neutro,1,1,54.865234375,281.685546875
55621,55621,1,3,Muy alta,41.395706525938806,1,2022-08-02 16:00:00,Baja,6.23612134000001,-75.532031411,Media,Otro,Medellín,Comuna 8 Villa Hermosa,Villa Lilliam,44.0,verdadero,312.0,44,166.8620395919635,35.8134765625,188.7216796875,-0.9,La Niña,0,1,35.8134765625,152.908203125
55826,55826,1,2,Alta,15.134364551015633,1,2021-06-11 23:00:00,Baja,6.23465267900002,-75.534902863,Media,Deslizamiento,Medellín,Comuna 8 Villa Hermosa,Villa Lilliam,499.0,verdadero,161.0,44,404.2561124532543,57.404296875,343.408203125,-0.4,Neutro,1,1,57.404296875,286.00390625
55972,55972,1,2,Media,12.254264500159154,1,2022-08-06 16:00:00,Baja,6.23605788399999,-75.536104367,Media,Otro,Medellín,Comuna 8 Villa Hermosa,Villatina,551.0,verdadero,321.0,551,356.73955599757966,61.97607421875,276.860107421875,-0.9,La Niña,0,1,61.97607421875,214.884033203125
56004,56004,1,3,Media,12.74809108786245,1,2022-06-28 09:00:00,Baja,6.23379829445972,-75.5612860791294,Media,Deslizamiento,Medellín,Comuna 9 Buenos Aires,El Salvador,46.0,verdadero,300.0,46,859.2924177905087,42.671875,393.955078125,-0.9,La Niña,0,1,42.671875,351.283203125
56017,56017,5,2,Muy alta,84.16365041950839,1,2022-10-20 00:00:00,Media,6.23222439737262,-75.6142416526701,Media,Deslizamiento,Medellín,Comuna 16 Belén,Las Violetas,9.0,verdadero,340.0,9,615.624189225804,25.654296875,163.068359375,-1.0,La Niña,0,1,25.654296875,137.4140625
56022,56022,5,2,Media,13.816068536781831,1,2022-06-28 05:00:00,Baja,6.23352293440268,-75.6154172322244,Media,Deslizamiento,Medellín,Comuna 16 Belén,Las Violetas,9.0,verdadero,297.0,9,611.2904999996659,51.81640625,309.373046875,-0.9,La Niña,0,1,51.81640625,257.556640625
56042,56042,1,2,Media,8.010183781772009,1,2021-06-02 03:00:00,Baja,6.2350279,-75.5269421,Media,Deslizamiento,Medellín,Comuna 8 Villa Hermosa,La Sierra,44.0,verdadero,153.0,44,377.57963678854094,37.083984375,314.705078125,-0.4,Neutro,1,1,37.083984375,277.62109375
56083,56083,5,1,Muy alta,83.99201356137529,4,2022-10-20 06:00:00,Baja,6.23205638299999,-75.644055734,Media,Deslizamiento,Medellín,Corregimiento 70 Altavista,Aguas Frias,29.0,verdadero,344.0,29,136.09183784652538,59.18359375,243.841796875,-1.0,La Niña,0,1,59.18359375,184.658203125
56135,56135,5,2,Media,13.316688313574426,1,2021-08-17 09:30:00,Baja,6.2313974766297,-75.6137160877295,Media,Otro,Medellín,Comuna 16 Belén,Las Violetas,9.0,verdadero,164.0,9,761.1351427981155,31.49609375,170.1806640625,-0.5,La Niña,0,1,31.49609375,138.6845703125
56241,56241,1,2,Media,8.210385133704388,2,2022-05-07 05:00:00,Baja,6.23259954000002,-75.56405125,Media,Deslizamiento,Medellín,Comuna 9 Buenos Aires,Asomadera No.1,46.0,verdadero,256.0,46,1062.724150255696,35.560546875,204.724609375,-1.0,La Niña,0,1,35.560546875,169.1640625
56247,56247,1,2,Muy alta,76.03802030131641,2,2022-05-07 15:00:00,baja,6.23065,-75.56758,baja,,Medellín,El Poblado,Iglesia San Anselmo,41.0,,25.0,45,1422.547687410273,62.23046875,179.32421875,-1.0,La Niña,0,1,62.23046875,117.09375
56259,56259,1,1,Alta,24.524404547113072,2,2021-05-06 15:30:00,Baja,6.23328436200001,-75.527872237,Media,Deslizamiento,Medellín,Comuna 8 Villa Hermosa,La Sierra,44.0,verdadero,141.0,44,400.8644693535801,32.765625,181.35546875,-0.5,La Niña,0,1,32.765625,148.58984375
56415,56415,1,1,Muy alta,73.05341106798208,7,2023-01-17 19:00:00,Baja,6.22953394763442,-75.5237423908823,Media,Deslizamiento,Medellín,Corregimiento 90 Santa Elena,Media Luna,44.0,verdadero,407.0,44,957.1880990221765,51.0546875,141.478515625,-0.7,La Niña,0,1,51.0546875,90.423828125
56449,56449,1,3,Alta,36.961694891557784,1,2022-05-07 16:00:00,Baja,6.22969224266054,-75.5666823525571,Media,Deslizamiento,Medellín,Comuna 10 La Candelaria,San Diego,46.0,verdadero,260.0,46,1560.7227666478907,80.51953125,251.96875,-1.0,La Niña,0,1,80.51953125,171.44921875
56457,56457,1,2,Baja,4.052989150930459,1,2022-05-07 15:30:00,Baja,6.22914366956255,-75.5601666377614,Media,Deslizamiento,Medellín,Comuna 9 Buenos Aires,Loreto,46.0,verdadero,259.0,46,1049.0640443229852,79.501953125,249.427734375,-1.0,La Niña,0,1,79.501953125,169.92578125
56525,56525,1,1,Alta,24.453882621636563,1,2023-01-17 19:00:00,Baja,6.2296293514096,-75.5283449966214,Media,Deslizamiento,Medellín,Comuna 9 Buenos Aires,Juan Pablo II,44.0,verdadero,408.0,44,729.0732978137918,51.0546875,141.478515625,-0.7,La Niña,0,1,51.0546875,90.423828125
56869,56869,1,1,Alta,15.66596079400399,1,2021-06-01 19:31:00,Baja,6.226286,-75.532941,Media,Deslizamiento,Medellín,Corregimiento 90 Santa Elena,Las Palmas,289.0,verdadero,150.0,289,440.87791456453516,42.671875,301.244140625,-0.4,Neutro,1,1,42.671875,258.572265625
56977,56977,1,2,Baja,4.228280984463076,1,2022-05-07 14:00:00,Baja,6.22677549263292,-75.568386091652,Media,Otro,Medellín,Comuna 10 La Candelaria,San Diego,45.0,verdadero,258.0,46,1798.8097093235215,76.453125,245.6171875,-1.0,La Niña,0,1,76.453125,169.1640625
57119,57119,4,1,Muy alta,106.2609975622887,5,2023-06-01 12:22:00,Baja,6.224094,-75.661217,Media,Flujo,Medellín,Corregimiento 80 San Antonio de Prado,El Salado,18.0,verdadero,429.0,18,1825.0590134618155,49.783203125,205.994140625,0.8,El Niño,2,1,49.783203125,156.2109375
57187,57187,5,2,Media,12.652619369391966,1,2021-06-01 22:30:00,Baja,6.22365251475261,-75.6318296432415,Media,Deslizamiento,Medellín,Corregimiento 70 Altavista,Altavista Sector Central,1.0,verdadero,152.0,1,443.8295676646407,37.845703125,266.69921875,-0.4,Neutro,1,1,37.845703125,228.853515625
57370,57370,5,1,Media,11.33342733281419,1,2021-09-04 21:30:00,Baja,6.222313912,-75.616455147,Media,Deslizamiento,Medellín,Corregimiento 70 Altavista,Área de Expansión Altavista,39.0,verdadero,166.0,39,542.3166248474172,62.73828125,342.392578125,-0.7,La Niña,0,1,62.73828125,279.654296875
57481,57481,5,2,Alta,24.687099753503773,1,2021-09-05 11:00:00,Baja,6.22174916,-75.622756688,Media,Deslizamiento,Medellín,Corregimiento 70 Altavista,La Esperanza,1.0,verdadero,169.0,1,602.463847695215,64.0078125,342.64453125,-0.7,La Niña,0,1,64.0078125,278.63671875
57507,57507,4,1,Alta,21.989564346153454,1,2022-05-04 23:00:00,Baja,6.22423439627319,-75.6721041031613,Media,Deslizamiento,Medellín,Corregimiento 80 San Antonio de Prado,El Astillero,18.0,verdadero,253.0,18,1271.0147216919995,76.70703125,352.296875,-1.0,La Niña,0,1,76.70703125,275.58984375
57660,57660,5,2,Alta,30.401345416983762,2,2022-10-29 03:00:00,Baja,6.22047272213568,-75.6355836336248,Media,Otro,Medellín,Corregimiento 70 Altavista,Buga Patio Bonito,8.0,verdadero,375.0,8,175.10458614235517,44.451171875,342.392578125,-1.0,La Niña,0,1,44.451171875,297.94140625
57660,57660,5,2,Alta,30.401345416983762,2,2023-01-14 20:00:00,Baja,6.21963066699999,-75.634755621,Media,Deslizamiento,Medellín,Corregimiento 70 Altavista,Buga Patio Bonito,8.0,verdadero,398.0,8,175.10458614235517,43.943359375,215.138671875,-0.7,La Niña,0,1,43.943359375,171.1953125
58086,58086,5,2,Alta,27.62408771203926,1,2024-05-15 14:40:00,Baja,6.21900725897521,-75.6352452007805,Media,Otro,Medellín,Corregimiento 70 Altavista,Buga Patio Bonito,8.0,verdadero,457.0,8,180.55245932129688,41.146484375,308.609375,0.4,Neutro,1,1,41.146484375,267.462890625
58169,58169,1,2,Media,10.562194395543619,2,2021-05-18 05:00:00,baja,6.218,-75.5639999999999,baja,Deslizamiento,Medellín,La Palmas,Avenida las palmas a la altura de Carulla,49.0,,13.0,41,1230.567794469042,36.830078125,252.984375,-0.5,La Niña,0,1,36.830078125,216.154296875
58350,58350,1,2,Baja,4.805530016058509,1,2022-06-02 08:00:00,Baja,6.21469853100001,-75.559412289,Media,Deslizamiento,Medellín,Comuna 14 El Poblado,Las Lomas No.2,41.0,verdadero,272.0,41,1239.24394606276,40.638671875,370.5859375,-0.9,La Niña,0,1,40.638671875,329.947265625
58494,58494,1,3,Muy alta,100.36289503420782,1,2022-06-02 08:00:00,Baja,6.21337787599998,-75.55969237,Media,Deslizamiento,Medellín,Comuna 14 El Poblado,Las Lomas No.2,41.0,verdadero,271.0,41,1020.2779475724869,40.638671875,370.5859375,-0.9,La Niña,0,1,40.638671875,329.947265625
58722,58722,4,2,Alta,18.88545313416316,1,2022-05-18 06:00:00,Baja,6.21190509002407,-75.671893594459,Media,Deslizamiento,Medellín,Corregimiento 80 San Antonio de Prado,El Salado,18.0,verdadero,266.0,18,87.25563979892726,55.626953125,543.306640625,-1.0,La Niña,0,1,55.626953125,487.6796875
58789,58789,1,2,Baja,4.011492990249447,1,2022-11-08 20:00:00,Baja,6.2105764,-75.5524157,Media,Deslizamiento,Medellín,Comuna 14 El Poblado,Altos del Poblado,49.0,verdadero,381.0,49,706.3902668416952,48.005859375,331.978515625,-0.9,La Niña,0,1,48.005859375,283.97265625
58912,58912,5,2,Alta,16.884480127701632,1,2021-03-24 16:30:00,Baja,6.20862802200003,-75.605564732,Media,Deslizamiento,Medellín,Comuna 16 Belén,El Rincón,22.0,verdadero,136.0,22,577.0213430504984,52.0703125,323.341796875,-0.8,La Niña,0,1,52.0703125,271.271484375
58982,58982,5,1,Alta,28.749968216222584,1,2022-06-27 22:40:00,Baja,6.21002949899997,-75.607144754,Media,Deslizamiento,Medellín,Comuna 16 Belén,El Rincón,22.0,verdadero,294.0,22,864.8098410485983,32.00390625,326.8984375,-0.9,La Niña,0,1,32.00390625,294.89453125
59065,59065,5,1,Muy alta,123.37041914390986,4,2021-09-04 22:00:00,Baja,6.20724018370858,-75.6223377466368,Media,Deslizamiento,Medellín,Corregimiento 70 Altavista,El Jardín,1.0,verdadero,167.0,1,1749.5538886185484,56.896484375,335.533203125,-0.7,La Niña,0,1,56.896484375,278.63671875
59065,59065,5,1,Muy alta,123.37041914390986,4,2021-09-05 00:00:00,baja,6.207845,-75.622413,baja,Flujo,Medellín,Altavista,,22.0,,37.0,1,1749.5538886185484,59.9453125,338.58203125,-0.7,La Niña,0,1,59.9453125,278.63671875
59086,59086,5,1,Muy alta,47.30300663564153,1,2024-05-15 09:00:00,Baja,6.2068644,-75.6048047,Media,Deslizamiento,Medellín,Comuna 16 Belén,El Rincón,22.0,verdadero,454.0,22,402.4518931352548,36.576171875,268.478515625,0.4,Neutro,1,1,36.576171875,231.90234375
59184,59184,1,2,Muy alta,120.6177954265632,1,2021-11-20 18:00:00,Baja,6.20620186999997,-75.563302784,Media,Otro,Medellín,Comuna 14 El Poblado,La Florida,41.0,verdadero,180.0,41,327.2243861255581,72.896484375,280.669921875,-1.0,La Niña,0,1,72.896484375,207.7734375
59329,59329,1,2,Baja,3.9458924220628115,1,2021-05-06 15:00:00,Baja,6.20592218644869,-75.5550593593029,Media,Deslizamiento,Medellín,Comuna 14 El Poblado,El Tesoro,56.0,verdadero,140.0,56,987.2725949218183,33.2744140625,170.6884765625,-0.5,La Niña,0,1,33.2744140625,137.4140625
59408,59408,4,1,Muy alta,181.3889557277147,6,2024-11-19 15:00:00,baja,6.204329,-75.667531,baja,Flujo,Medellín,San Antonio de Prado,El Salado,18.0,,67.0,18,822.0033345421929,35.306640625,205.232421875,-0.4,Neutro,1,1,35.306640625,169.92578125
59564,59564,5,2,Alta,32.71813674106918,3,2021-03-24 18:00:00,baja,6.20356,-75.6040349999999,baja,Deslizamiento,Medellín,Rodeo Alto,"calle 9A sur con carrera 82, Urbanización Atavanza",22.0,,12.0,22,191.89314771620894,48.005859375,323.341796875,-0.8,La Niña,0,1,48.005859375,275.3359375
59564,59564,5,2,Alta,32.71813674106918,3,2023-01-17 20:00:00,Baja,6.20357598540368,-75.6035996719982,Media,Deslizamiento,Medellín,Comuna 16 Belén,La Hondonada,22.0,verdadero,410.0,22,191.89314771620894,58.166015625,274.06640625,-0.7,La Niña,0,1,58.166015625,215.900390625
59645,59645,5,2,Alta,15.824706339432645,1,2021-03-24 19:30:00,Baja,6.20373199800002,-75.605309563,Media,Deslizamiento,Medellín,Comuna 16 Belén,La Hondonada,22.0,verdadero,137.0,22,429.9087756734856,46.228515625,323.341796875,-0.8,La Niña,0,1,46.228515625,277.11328125
59716,59716,5,1,Alta,34.60506853690447,1,2023-01-17 18:00:00,Baja,6.20284997713644,-75.6038692564513,Media,Deslizamiento,Medellín,Comuna 16 Belén,La Hondonada,22.0,verdadero,406.0,22,352.9770652643382,56.1328125,272.033203125,-0.7,La Niña,0,1,56.1328125,215.900390625
60209,60209,4,1,Muy alta,109.97708128139314,3,2022-05-06 01:00:00,Baja,6.19680902599998,-75.679782228,Media,Deslizamiento,Medellín,Corregimiento 80 San Antonio de Prado,Yarumalito,43.0,verdadero,255.0,43,1222.5934522974374,54.357421875,298.197265625,-1.0,La Niña,0,1,54.357421875,243.83984375
60352,60352,3,2,Alta,17.271181740986346,1,2022-07-13 15:00:00,baja,6.195763,-75.6567409999999,baja,Flujo,Medellín,San Antonio de Prado,La Verde,2.0,,27.0,418,1042.4884112854309,40.1318359375,304.7998046875,-0.8,La Niña,0,1,40.1318359375,264.66796875
60393,60393,4,1,Muy alta,62.934546775010894,5,2023-12-25 22:00:00,Baja,6.19241920338696,-75.6675393418217,Media,Flujo,Medellín,Corregimiento 80 San Antonio de Prado,Montañita,418.0,verdadero,447.0,418,255.02402985703733,66.5478515625,122.173828125,2.0,El Niño,2,1,66.5478515625,55.6259765625
60393,60393,4,1,Muy alta,62.934546775010894,5,2024-05-02 12:00:00,Baja,6.19246789571275,-75.6674038151728,Media,Deslizamiento,Medellín,Corregimiento 80 San Antonio de Prado,Montañita,418.0,verdadero,450.0,418,255.02402985703733,57.9111328125,290.0673828125,0.4,Neutro,1,1,57.9111328125,232.15625
60415,60415,3,3,Muy alta,49.73120554635579,1,2022-10-29 09:00:00,Baja,6.19195296300001,-75.660836114,Media,Deslizamiento,Medellín,Corregimiento 80 San Antonio de Prado,Potrerito,418.0,verdadero,376.0,418,542.8797531709987,36.57568359375,381.25390625,-1.0,La Niña,0,1,36.57568359375,344.67822265625
60548,60548,3,2,Alta,17.154877784542265,1,2016-12-10 04:00:00,baja,6.187465,-75.652213,baja,Flujo,Medellín,San Antonio de Prado,Santa Rita,2.0,,3.0,2,1340.350704115427,81.533203125,380.74609375,-0.6,La Niña,0,1,81.533203125,299.212890625
60574,60574,3,2,Media,8.909659477042357,1,2022-09-18 10:24:00,Baja,6.18484840887273,-75.6607267941501,Media,Deslizamiento,Medellín,Corregimiento 80 San Antonio de Prado,Potrerito,418.0,verdadero,335.0,418,947.4708456704541,74.93017578125,427.73583984375,-1.0,La Niña,0,1,74.93017578125,352.8056640625
60623,60623,3,2,Alta,17.927018740290947,1,2022-09-16 00:00:00,Media,6.18364864452453,-75.6606496556635,Media,Deslizamiento,Medellín,Corregimiento 80 San Antonio de Prado,San Antonio de Prado,418.0,verdadero,322.0,418,1200.4641995506233,36.576171875,337.56591796875,-1.0,La Niña,0,1,36.576171875,300.98974609375
60636,60636,3,2,Alta,32.08249963152003,1,2022-09-18 04:00:00,Baja,6.18295567098035,-75.6561427532819,Media,Deslizamiento,Medellín,Corregimiento 80 San Antonio de Prado,San Antonio de Prado,418.0,verdadero,332.0,418,1462.1635684818623,74.93017578125,427.73583984375,-1.0,La Niña,0,1,74.93017578125,352.8056640625
60653,60653,3,1,Muy alta,106.11440260521498,4,2022-09-07 21:00:00,baja,6.182384,-75.6631419999999,baja,Deslizamiento,Medellín,San Antonio de Prado,Q. La Chorrera,418.0,,31.0,418,1116.8800754852298,24.1298828125,244.85595703125,-1.0,La Niña,0,1,24.1298828125,220.72607421875
60678,60678,3,2,Media,8.048866772842516,1,2022-05-12 05:00:00,Baja,6.18188246127512,-75.6508853564801,Media,Deslizamiento,Medellín,Corregimiento 80 San Antonio de Prado,San Antonio de Prado,2.0,verdadero,264.0,2,1330.1012540568067,43.43359375,340.61328125,-1.0,La Niña,0,1,43.43359375,297.1796875
60725,60725,3,1,Alta,30.180471313735005,6,2022-09-07 21:00:00,baja,6.179093,-75.671125,baja,Flujo,Medellín,San Antonio de Prado,Q. La Manguala,418.0,,30.0,418,1638.6388712102748,24.1298828125,244.85595703125,-1.0,La Niña,0,1,24.1298828125,220.72607421875
60773,60773,3,2,Alta,36.06455046531502,1,2022-10-23 22:00:00,Baja,6.17717195300003,-75.650406924,Media,Deslizamiento,Medellín,Corregimiento 80 San Antonio de Prado,San Antonio de Prado,36.0,verdadero,347.0,36,1264.4755270944354,37.337890625,306.0703125,-1.0,La Niña,0,1,37.337890625,268.732421875
60803,60803,3,2,Muy alta,42.70777385011616,3,2022-10-23 22:00:00,Baja,6.177168241,-75.650175778,Media,Deslizamiento,Medellín,Corregimiento 80 San Antonio de Prado,San Antonio de Prado,36.0,verdadero,348.0,36,1205.6528601223656,37.337890625,306.0703125,-1.0,La Niña,0,1,37.337890625,268.732421875
60815,60815,3,2,Media,13.230453141421394,1,2022-09-18 08:00:00,Baja,6.17531700882429,-75.6663647515618,Media,Deslizamiento,Medellín,Corregimiento 80 San Antonio de Prado,La Florida,418.0,verdadero,334.0,418,1887.9199676044173,74.93017578125,427.73583984375,-1.0,La Niña,0,1,74.93017578125,352.8056640625
60845,60845,3,2,Alta,19.03992563804023,1,2022-10-24 04:00:00,Baja,6.17402225518654,-75.6648520527167,Media,Deslizamiento,Medellín,Corregimiento 80 San Antonio de Prado,La Florida,418.0,verdadero,349.0,418,2047.0217425188264,65.7861328125,338.07421875,-1.0,La Niña,0,1,65.7861328125,272.2880859375
60846,60846,3,2,Alta,21.326376009003678,1,2022-10-24 04:00:00,Baja,6.17373733483816,-75.6646515165332,Media,Deslizamiento,Medellín,Corregimiento 80 San Antonio de Prado,La Florida,418.0,verdadero,350.0,418,2096.4861938079907,65.7861328125,338.07421875,-1.0,La Niña,0,1,65.7861328125,272.2880859375
60866,60866,3,1,Alta,31.64513094225366,1,2022-09-16 20:00:00,Baja,6.17202180259378,-75.6679089980829,Media,Deslizamiento,Medellín,Corregimiento 80 San Antonio de Prado,La Florida,418.0,verdadero,328.0,418,2218.641203117808,63.24609375,364.23583984375,-1.0,La Niña,0,1,63.24609375,300.98974609375
60877,60877,3,2,Muy alta,153.07672201118447,3,2022-04-07 09:00:00,Baja,6.17262809504016,-75.6515001339844,Media,Deslizamiento,Medellín,Corregimiento 80 San Antonio de Prado,Área de Expansión San Antonio de Prado,36.0,verdadero,250.0,36,1080.923492295576,32.2578125,314.197265625,-1.1,La Niña,0,1,32.2578125,281.939453125
60880,60880,3,2,Alta,26.26050431472795,1,2022-09-17 00:00:00,Media,6.17186281089531,-75.6494198675429,Media,Deslizamiento,Medellín,Corregimiento 80 San Antonio de Prado,San Antonio de Prado,36.0,verdadero,330.0,36,876.4595656211221,28.955078125,296.671875,-1.0,La Niña,0,1,28.955078125,267.716796875
60885,60885,3,1,Muy alta,154.5853077295616,7,2022-09-18 05:00:00,Baja,6.17262604699999,-75.656830924,Media,Deslizamiento,Medellín,Corregimiento 80 San Antonio de Prado,La Florida,36.0,verdadero,333.0,36,1486.9769440804414,69.341796875,366.013671875,-1.0,La Niña,0,1,69.341796875,296.671875
5041,5041,2,1,Baja,0.9924969964290163,0,2025-02-25 14:00:00,,,,,,,,,,,,278,4586.73652280513,31.2421875,156.7177734375,-0.4,Neutro,1,0,31.2421875,125.4755859375
16245,16245,2,2,Baja,2.0197889520041454,0,2016-11-14 08:00:00,,,,,,,,,,,,51,3528.1171460717333,11.93798828125,139.19189453125,-0.7,La Niña,0,0,11.93798828125,127.25390625
6197,6197,2,1,Baja,1.2762108581228446,0,2020-11-03 12:00:00,,,,,,,,,,,,278,2334.1400356059144,36.068359375,234.6962890625,-1.3,La Niña,0,0,36.068359375,198.6279296875
22530,22530,5,2,Alta,19.426944904002465,0,2023-04-08 08:00:00,,,,,,,,,,,,612,279.1227842324742,19.81201171875,243.8399658203125,0.2,Neutro,1,0,19.81201171875,224.0279541015625
46247,46247,3,1,Media,6.81564598974682,0,2023-02-19 15:00:00,,,,,,,,,,,,540,1414.546149274977,18.5419921875,70.35791015625,-0.4,Neutro,1,0,18.5419921875,51.81591796875
29062,29062,3,2,Baja,2.4346914325547253,0,2014-03-08 05:00:00,,,,,,,,,,,,58,981.6426390545231,11.176025390625,167.132080078125,-0.3,Neutro,1,0,11.176025390625,155.9560546875
35106,35106,2,1,Baja,2.5593523308136517,0,2024-08-07 05:00:00,,,,,,,,,,,,72,744.8165290188552,10.921875,57.658203125,-0.1,Neutro,1,0,10.921875,46.736328125
45551,45551,3,2,Baja,3.1392498112123213,0,2024-02-01 16:00:00,,,,,,,,,,,,540,460.49648796110006,19.0498046875,69.087890625,1.5,El Niño,2,0,19.0498046875,50.0380859375
31351,31351,3,1,Baja,1.745710974402168,0,2024-08-11 13:00:00,,,,,,,,,,,,433,3829.9671173399606,37.337890625,101.091796875,-0.1,Neutro,1,0,37.337890625,63.75390625
57263,57263,1,2,Baja,1.296638140520477,0,2018-10-05 02:00:00,,,,,,,,,,,,184,656.5213883876773,15.493896484375,205.23193359375,0.8,El Niño,2,0,15.493896484375,189.738037109375
19478,19478,2,2,Baja,3.186675348955957,0,2022-02-05 02:00:00,,,,,,,,,,,,543,171.4411242837614,10.1600341796875,75.43804931640625,-0.9,La Niña,0,0,10.1600341796875,65.27801513671875
32348,32348,3,3,Baja,1.2308503138041549,0,2020-04-09 15:00:00,,,,,,,,,,,,433,2094.7444198709513,26.416000366210938,157.47999572753906,0.2,Neutro,1,0,26.416000366210938,131.06399536132812
4256,4256,2,1,Baja,2.031872466097338,0,2018-12-12 11:00:00,,,,,,,,,,,,30,3085.3076777654537,10.66796875,168.65625,0.8,El Niño,2,0,10.66796875,157.98828125
7935,7935,2,1,Baja,0.7077295705614008,0,2021-07-17 13:00:00,,,,,,,,,,,,278,1309.9328961302078,48.51416015625,341.88427734375,-0.4,Neutro,1,0,48.51416015625,293.3701171875
48356,48356,5,1,Baja,1.383940391289472,0,2014-09-11 18:00:00,,,,,,,,,,,,4,2568.147639883507,22.09765625,102.61572265625,0.2,Neutro,1,0,22.09765625,80.51806640625
8265,8265,2,1,Alta,27.623279300791026,0,2013-10-11 19:00:00,,,,,,,,,,,,66,1557.367066424762,15.493896484375,165.60791015625,-0.2,Neutro,1,0,15.493896484375,150.114013671875
54953,54953,4,1,Media,6.226168040326795,0,2013-10-04 07:00:00,,,,,,,,,,,,25,1406.4327932806714,26.669921875,147.56787109375,-0.2,Neutro,1,0,26.669921875,120.89794921875
37474,37474,2,1,Media,5.8575567006502505,0,2024-04-02 11:00:00,,,,,,,,,,,,607,758.3263615305613,38.35400390625,55.3720703125,0.7,El Niño,2,0,38.35400390625,17.01806640625
12606,12606,2,2,Baja,0.5697310820523102,0,2023-09-11 04:00:00,,,,,,,,,,,,324,3993.5530202043324,29.9716796875,155.7021484375,1.6,El Niño,2,0,29.9716796875,125.73046875
18082,18082,2,1,Alta,20.303798765231818,0,2023-04-22 19:00:00,,,,,,,,,,,,543,2091.1921509884305,12.446044921875,139.953857421875,0.2,Neutro,1,0,12.446044921875,127.5078125
47068,47068,5,1,Baja,1.631126031813067,0,2019-03-11 20:00:00,,,,,,,,,,,,4,2600.492117318839,32.0048828125,138.9384765625,0.7,El Niño,2,0,32.0048828125,106.93359375
53940,53940,4,2,Baja,1.1437701897549888,0,2010-09-26 04:00:00,,,,,,,,,,,,25,1083.6190816252797,17.26898193359375,302.9620361328125,-1.6,La Niña,0,0,17.26898193359375,285.69305419921875
53661,53661,5,1,Baja,3.0532824456315826,0,2013-02-24 23:00:00,,,,,,,,,,,,25,1624.561817252586,23.8701171875,146.26611328125,-0.4,Neutro,1,0,23.8701171875,122.39599609375
50412,50412,2,2,Media,12.618159046234465,0,2019-09-26 07:00:00,,,,,,,,,,,,274,2121.679474732143,42.926025390625,121.920166015625,0.2,Neutro,1,0,42.926025390625,78.994140625
1189,1189,2,2,Baja,0.6343124121213921,0,2019-04-22 09:00:00,,,,,,,,,,,,234,7194.021922449996,20.31982421875,258.31787109375,0.7,El Niño,2,0,20.31982421875,237.998046875
29605,29605,3,1,Baja,0.4877135206367741,0,2019-08-18 00:00:00,,,,,,,,,,,,383,1344.5845461036129,12.192001342773438,74.42201232910156,0.1,Neutro,1,0,12.192001342773438,62.230010986328125
14764,14764,2,2,Baja,0.8665030072054409,0,2013-05-16 02:00:00,,,,,,,,,,,,51,3437.8646311262432,17.272216796875,221.488037109375,-0.4,Neutro,1,0,17.272216796875,204.2158203125
20469,20469,2,2,Baja,2.034981018502231,0,2017-01-08 03:00:00,,,,,,,,,,,,21,2156.8207892327464,10.921875,143.001953125,-0.3,Neutro,1,0,10.921875,132.080078125
36306,36306,2,1,Baja,2.5920096540835917,0,2025-03-14 14:00:00,,,,,,,,,,,,389,1229.1072672270059,18.796875,132.8427734375,-0.2,Neutro,1,0,18.796875,114.0458984375
33569,33569,2,1,Media,13.534157826380229,0,2024-09-05 18:00:00,,,,,,,,,,,,127,1377.1364779877283,18.287109375,166.115234375,-0.2,Neutro,1,0,18.287109375,147.828125
8628,8628,2,1,Baja,1.678644987513187,0,2019-02-27 20:00:00,,,,,,,,,,,,278,716.6797258468099,19.303955078125,96.0118408203125,0.7,El Niño,2,0,19.303955078125,76.7078857421875
4229,4229,2,2,Baja,0.31334944750273974,0,2020-08-17 06:00:00,,,,,,,,,,,,234,4281.963165631788,16.255859375,187.19775390625,-0.6,La Niña,0,0,16.255859375,170.94189453125
25243,25243,3,3,Baja,1.9942735874830382,0,2024-09-17 21:00:00,,,,,,,,,,,,432,1642.20989378301,10.66796875,217.169921875,-0.2,Neutro,1,0,10.66796875,206.501953125
5555,5555,2,1,Media,7.571338845903968,0,2020-07-25 06:00:00,,,,,,,,,,,,323,4229.167511785632,34.7978515625,322.072021484375,-0.4,Neutro,1,0,34.7978515625,287.274169921875
35668,35668,2,2,Baja,1.5982976415355965,0,2010-08-04 00:00:00,,,,,,,,,,,,32,1667.6979965833439,17.26995849609375,211.54898071289062,-1.3,La Niña,0,0,17.26995849609375,194.27902221679688
1118,1118,2,2,Baja,2.2553008948704862,0,2018-06-01 12:00:00,,,,,,,,,,,,30,5977.405878469946,16.255859375,472.947265625,0.0,Neutro,1,0,16.255859375,456.69140625
38172,38172,1,2,Baja,3.5638588291523288,0,2025-02-25 16:00:00,,,,,,,,,,,,26,1726.4132892031737,19.556640625,264.16015625,-0.4,Neutro,1,0,19.556640625,244.603515625
26010,26010,3,1,Baja,3.2588714248761623,0,2018-04-14 12:00:00,,,,,,,,,,,,64,3243.742406007664,40.64013671875,274.31982421875,-0.5,La Niña,0,0,40.64013671875,233.6796875
51622,51622,4,1,Alta,18.14886384681031,0,2022-02-05 23:00:00,,,,,,,,,,,,11,4076.7277842513727,15.748046875,77.470703125,-0.9,La Niña,0,0,15.748046875,61.72265625
36474,36474,2,1,Baja,2.3231142264974665,0,2025-03-14 04:00:00,,,,,,,,,,,,389,1460.0782780556976,18.5419921875,132.587890625,-0.2,Neutro,1,0,18.5419921875,114.0458984375
45348,45348,3,2,Media,6.204617231938059,0,2011-11-19 08:00:00,,,,,,,,,,,,34,344.4950736954722,17.01708984375,163.047119140625,-1.1,La Niña,0,0,17.01708984375,146.030029296875
28324,28324,3,2,Baja,4.274828304431385,0,2024-12-06 22:00:00,,,,,,,,,,,,171,1864.8205569658514,21.3359375,259.078125,-0.5,Neutro,1,0,21.3359375,237.7421875
14729,14729,2,1,Alta,28.96797025323997,0,2020-11-16 03:00:00,,,,,,,,,,,,295,2897.7931346169808,33.02001953125,242.823974609375,-1.3,La Niña,0,0,33.02001953125,209.803955078125
14384,14384,2,2,Baja,0.6056758334135199,0,2013-10-23 23:00:00,,,,,,,,,,,,51,2989.0200589487204,17.27197265625,256.794189453125,-0.2,Neutro,1,0,17.27197265625,239.522216796875
49158,49158,5,1,Media,8.455815478834205,0,2025-03-04 16:00:00,,,,,,,,,,,,612,3985.942644237509,33.02001953125,219.9638671875,-0.2,Neutro,1,0,33.02001953125,186.94384765625
56434,56434,4,1,Media,9.087756322776984,0,2018-07-24 19:00:00,,,,,,,,,,,,25,1310.9635887480756,11.17578125,103.1240234375,0.1,Neutro,1,0,11.17578125,91.9482421875
4537,4537,2,1,Baja,4.076165175332466,0,2023-07-06 23:00:00,,,,,,,,,,,,323,4841.77064707247,36.830078125,231.1396484375,1.1,El Niño,2,0,36.830078125,194.3095703125
11684,11684,2,1,Baja,0.39800727267909436,0,2024-08-25 13:00:00,,,,,,,,,,,,323,3353.377850882965,12.9541015625,216.408203125,-0.1,Neutro,1,0,12.9541015625,203.4541015625
23356,23356,2,2,Media,5.516982731608892,0,2019-05-19 12:00:00,,,,,,,,,,,,20,772.5447247635512,16.255859375,178.0537109375,0.5,El Niño,2,0,16.255859375,161.7978515625
16774,16774,2,2,Baja,2.773385418925936,0,2017-09-10 10:00:00,,,,,,,,,,,,51,3055.2385777947834,13.4619140625,178.5625,-0.4,Neutro,1,0,13.4619140625,165.1005859375
54214,54214,5,3,Media,9.890489299538402,0,2015-10-11 10:00:00,,,,,,,,,,,,29,1752.0610688587317,10.16015625,88.392578125,2.4,El Niño,2,0,10.16015625,78.232421875
19769,19769,2,2,Baja,4.09557342447966,0,2022-01-06 15:00:00,,,,,,,,,,,,539,1077.6443568070333,11.4300537109375,70.3580322265625,-1.0,La Niña,0,0,11.4300537109375,58.927978515625
40258,40258,3,1,Baja,2.9354419692323837,0,2024-10-09 01:00:00,,,,,,,,,,,,52,2542.4828078484325,11.17578125,198.375,-0.3,Neutro,1,0,11.17578125,187.19921875
24856,24856,3,1,Media,7.325107982799771,0,2015-02-21 02:00:00,,,,,,,,,,,,64,1509.824838913191,20.573974609375,94.741943359375,0.5,El Niño,2,0,20.573974609375,74.16796875
17195,17195,2,2,Baja,1.3895626682243498,0,2015-04-11 12:00:00,,,,,,,,,,,,51,1621.3410024862803,19.55810546875,143.76416015625,0.7,El Niño,2,0,19.55810546875,124.2060546875
17121,17121,2,1,Alta,15.632049963899899,0,2013-02-22 09:00:00,,,,,,,,,,,,72,2379.3722631422247,10.15997314453125,69.8499755859375,-0.4,Neutro,1,0,10.15997314453125,59.69000244140625
47534,47534,5,1,Baja,0.9138374636576145,0,2019-04-01 15:00:00,,,,,,,,,,,,4,2501.7522783773475,16.509765625,176.529296875,0.7,El Niño,2,0,16.509765625,160.01953125
10941,10941,2,1,Baja,0.5003713847015613,0,2023-06-27 02:00:00,,,,,,,,,,,,323,3843.8816855879927,28.9560546875,266.7001953125,0.8,El Niño,2,0,28.9560546875,237.744140625
16035,16035,2,1,Media,11.257237991264159,0,2023-08-25 14:00:00,,,,,,,,,,,,295,2150.8437825288574,11.68359375,124.2060546875,1.3,El Niño,2,0,11.68359375,112.5224609375
53492,53492,1,2,Baja,4.264535254757101,0,2022-01-02 12:00:00,,,,,,,,,,,,499,1228.4015295743702,13.969970703125,127.0,-1.0,La Niña,0,0,13.969970703125,113.030029296875
11094,11094,2,1,Baja,0.8897376304678127,0,2018-08-27 10:00:00,,,,,,,,,,,,323,2294.872468091767,11.938003540039062,149.86001586914062,0.2,Neutro,1,0,11.938003540039062,137.92201232910156
4809,4809,2,1,Baja,0.38516875986792204,0,2019-04-24 02:00:00,,,,,,,,,,,,278,6757.806063091209,12.446044921875,348.23388671875,0.7,El Niño,2,0,12.446044921875,335.787841796875
33062,33062,2,2,Media,7.233544572762323,0,2021-01-24 11:00:00,,,,,,,,,,,,127,948.6532145653123,11.68408203125,90.93212890625,-1.0,La Niña,0,0,11.68408203125,79.248046875
15462,15462,2,3,Media,13.663630024435728,0,2016-07-15 05:00:00,,,,,,,,,,,,51,1415.1237884761397,21.3359375,143.509765625,-0.4,Neutro,1,0,21.3359375,122.173828125
7690,7690,2,1,Media,13.739425133745767,0,2017-11-09 13:00:00,,,,,,,,,,,,66,3302.984989342424,14.47802734375,99.31396484375,-0.8,La Niña,0,0,14.47802734375,84.8359375
21395,21395,2,2,Media,5.908051327828097,0,2018-06-03 00:00:00,,,,,,,,,,,,21,2152.0367061314164,19.3037109375,409.1943359375,0.0,Neutro,1,0,19.3037109375,389.890625
41833,41833,3,1,Baja,0.9006184774282964,0,2011-10-17 10:00:00,,,,,,,,,,,,52,2185.3299742655904,28.9520263671875,301.416015625,-1.0,La Niña,0,0,28.9520263671875,272.4639892578125
51444,51444,1,2,Baja,1.1740903611016906,0,2020-02-22 06:00:00,,,,,,,,,,,,16,2691.7100886378275,36.830078125,63.5,0.5,Neutro,1,0,36.830078125,26.669921875
1979,1979,2,1,Baja,3.0496518574056455,0,2011-08-01 23:00:00,,,,,,,,,,,,30,5804.436110082048,13.205078125,297.744384765625,-0.6,La Niña,0,0,13.205078125,284.539306640625
45212,45212,3,1,Alta,16.414709891465794,1,2024-09-30 15:00:00,,,,,,,,,,,,519,1856.668549050226,31.2421875,219.4560546875,-0.2,Neutro,1,0,31.2421875,188.2138671875
31423,31423,3,1,Baja,1.0074198957547564,0,2023-07-08 09:00:00,,,,,,,,,,,,433,3145.167292246586,24.6376953125,225.0439453125,1.1,El Niño,2,0,24.6376953125,200.40625
3650,3650,2,1,Baja,0.6766507043814246,0,2020-07-11 06:00:00,,,,,,,,,,,,278,8086.297203753675,16.001953125,317.5,-0.4,Neutro,1,0,16.001953125,301.498046875
24356,24356,3,2,Baja,2.034427056337674,0,2019-10-27 13:00:00,,,,,,,,,,,,193,1547.5310090138432,19.81201171875,190.24609375,0.3,Neutro,1,0,19.81201171875,170.43408203125
41103,41103,3,1,Baja,4.146352552062231,0,2020-10-04 08:00:00,,,,,,,,,,,,65,953.9799255963435,29.4638671875,248.919921875,-1.2,La Niña,0,0,29.4638671875,219.4560546875
42091,42091,3,1,Media,6.88283329477722,0,2020-04-18 16:00:00,,,,,,,,,,,,64,1888.5533473535788,45.9736328125,170.9423828125,0.2,Neutro,1,0,45.9736328125,124.96875
31275,31275,3,1,Baja,0.4164700252606193,0,2025-02-08 02:00:00,,,,,,,,,,,,433,1357.833797231534,29.9716796875,68.580078125,-0.4,Neutro,1,0,29.9716796875,38.6083984375
44884,44884,3,1,Media,8.003728864297665,0,2025-02-18 06:00:00,,,,,,,,,,,,519,1984.8341626604417,14.986328125,185.673828125,-0.4,Neutro,1,0,14.986328125,170.6875
53911,53911,1,2,Media,7.389990598924565,0,2021-07-28 01:00:00,,,,,,,,,,,,499,807.1774824626829,12.9539794921875,118.8719482421875,-0.4,Neutro,1,0,12.9539794921875,105.91796875
2790,2790,2,1,Baja,0.562787203123441,0,2011-05-14 03:00:00,,,,,,,,,,,,30,3907.9348657198075,29.962158203125,478.420166015625,-0.6,La Niña,0,0,29.962158203125,448.4580078125
24616,24616,3,1,Baja,4.446598980951261,0,2018-09-29 08:00:00,,,,,,,,,,,,261,1455.848268345244,28.7021484375,256.2861328125,0.5,El Niño,2,0,28.7021484375,227.583984375
46746,46746,5,1,Alta,21.792108383890778,2,2021-12-27 16:00:00,,,,,,,,,,,,320,2137.681132077288,29.4638671875,121.15771484375,-1.0,La Niña,0,0,29.4638671875,91.69384765625
52552,52552,1,2,Media,6.245048023516117,0,2020-07-14 18:00:00,,,,,,,,,,,,16,983.9770577929995,21.3359375,212.3447265625,-0.4,Neutro,1,0,21.3359375,191.0087890625
31642,31642,3,1,Baja,0.664908379659143,0,2020-11-13 04:00:00,,,,,,,,,,,,433,1411.9684722013828,19.050048828125,215.1380615234375,-1.3,La Niña,0,0,19.050048828125,196.0880126953125
450,450,2,1,Baja,2.4566738471367886,0,2011-10-27 15:00:00,,,,,,,,,,,,30,7187.807066498289,11.172119140625,260.800048828125,-1.0,La Niña,0,0,11.172119140625,249.6279296875
16394,16394,2,1,Media,14.63739808268816,0,2022-08-22 22:00:00,,,,,,,,,,,,295,2019.078267670141,51.30810546875,315.97607421875,-0.9,La Niña,0,0,51.30810546875,264.66796875
19673,19673,2,2,Baja,2.2019178249048568,0,2012-08-17 06:00:00,,,,,,,,,,,,70,754.4027864512876,10.159996032714844,76.96199798583984,0.4,Neutro,1,0,10.159996032714844,66.802001953125
58880,58880,4,1,Alta,28.729397718358253,2,2020-11-13 04:00:00,,,,,,,,,,,,43,866.6901072263432,57.658203125,263.142578125,-1.3,La Niña,0,0,57.658203125,205.484375
21365,21365,2,2,Media,12.549622449588714,1,2024-04-05 14:00:00,,,,,,,,,,,,437,441.55840176466563,24.3837890625,63.5,0.7,El Niño,2,0,24.3837890625,39.1162109375
43691,43691,2,2,Baja,1.5439001278560562,0,2019-10-02 14:00:00,,,,,,,,,,,,389,2823.333878347719,15.748001098632812,179.83200073242188,0.3,Neutro,1,0,15.748001098632812,164.08399963378906
35617,35617,2,2,Baja,2.7752707867481594,0,2020-10-31 18:00:00,,,,,,,,,,,,32,751.4139474587157,24.1298828125,163.8291015625,-1.2,La Niña,0,0,24.1298828125,139.69921875
2281,2281,2,1,Baja,0.8252499569256397,0,2024-02-08 21:00:00,,,,,,,,,,,,234,9065.269481678712,10.66796875,73.15234375,1.5,El Niño,2,0,10.66796875,62.484375
10867,10867,2,1,Baja,0.3261617756142192,0,2020-05-20 03:00:00,,,,,,,,,,,,323,1716.4939842584092,12.19189453125,144.52587890625,-0.1,Neutro,1,0,12.19189453125,132.333984375
1342,1342,2,2,Baja,2.625982572894789,0,2023-04-26 14:00:00,,,,,,,,,,,,30,6125.42660122501,12.447265625,164.845703125,0.2,Neutro,1,0,12.447265625,152.3984375
17927,17927,2,1,Alta,17.081467751741812,0,2014-08-26 17:00:00,,,,,,,,,,,,37,1930.7804931949254,20.06591796875,89.662109375,0.1,Neutro,1,0,20.06591796875,69.59619140625
6994,6994,2,1,Baja,1.2369037757450856,0,2019-05-10 06:00:00,,,,,,,,,,,,278,3303.4112121862368,22.860107421875,231.902099609375,0.5,El Niño,2,0,22.860107421875,209.0419921875
518,518,2,1,Baja,1.3776898300175386,0,2023-08-25 11:00:00,,,,,,,,,,,,234,10002.902873797959,21.84375,177.2919921875,1.3,El Niño,2,0,21.84375,155.4482421875
56137,56137,1,1,Baja,3.754272297891463,0,2013-11-25 16:00:00,,,,,,,,,,,,42,1049.3093716189228,10.66796875,282.7021484375,-0.2,Neutro,1,0,10.66796875,272.0341796875
24625,24625,3,1,Alta,30.55786582892183,0,2018-05-28 03:00:00,,,,,,,,,,,,261,265.4519429275819,16.7640380859375,430.0220947265625,-0.2,Neutro,1,0,16.7640380859375,413.258056640625
22716,22716,2,2,Baja,2.2037862292791393,0,2019-03-20 02:00:00,,,,,,,,,,,,352,1858.6328664066903,10.9219970703125,103.1240005493164,0.7,El Niño,2,0,10.9219970703125,92.2020034790039
17928,17928,2,1,Baja,3.881864412472982,0,2019-05-17 06:00:00,,,,,,,,,,,,295,687.5195076329096,11.68408203125,165.0999755859375,0.5,El Niño,2,0,11.68408203125,153.4158935546875
23525,23525,5,2,Baja,4.489730212097932,0,2012-04-10 14:00:00,,,,,,,,,,,,21,1325.2789223308116,15.741943359375,232.090087890625,-0.5,La Niña,0,0,15.741943359375,216.34814453125
45362,45362,3,2,Baja,3.628916579649616,0,2016-11-06 15:00:00,,,,,,,,,,,,34,705.3281486005623,15.494140625,270.509765625,-0.7,La Niña,0,0,15.494140625,255.015625
34280,34280,2,2,Baja,1.1102887418887455,0,2024-08-10 01:00:00,,,,,,,,,,,,47,2121.0475788114395,24.384765625,106.93359375,-0.1,Neutro,1,0,24.384765625,82.548828125
25401,25401,3,1,Media,7.135351098409278,0,2021-07-18 09:00:00,,,,,,,,,,,,64,1619.247396518539,12.69921875,194.0556640625,-0.4,Neutro,1,0,12.69921875,181.3564453125
1496,1496,2,2,Baja,0.6167434192209135,0,2018-06-30 06:00:00,,,,,,,,,,,,234,9970.438997218671,23.8759765625,153.669921875,0.0,Neutro,1,0,23.8759765625,129.7939453125
35265,35265,2,2,Baja,0.8961600708813396,0,2024-10-19 14:00:00,,,,,,,,,,,,72,1549.950136450852,16.001953125,137.4140625,-0.3,Neutro,1,0,16.001953125,121.412109375
42030,42030,3,2,Baja,0.46025372806625436,0,2025-01-04 14:00:00,,,,,,,,,,,,339,1652.4450441366312,18.0341796875,133.8583984375,-0.6,Neutro,1,0,18.0341796875,115.82421875
24911,24911,3,3,Media,9.0648372604312,0,2019-09-18 08:00:00,,,,,,,,,,,,261,2782.515308773069,26.669921875,58.673828125,0.2,Neutro,1,0,26.669921875,32.00390625
45615,45615,3,2,Media,12.105185685830874,0,2020-05-19 08:00:00,,,,,,,,,,,,420,303.758370292918,12.9539794921875,77.469970703125,-0.1,Neutro,1,0,12.9539794921875,64.5159912109375
21844,21844,2,1,Alta,27.096255323024526,2,2018-04-03 12:00:00,,,,,,,,,,,,154,724.5435728162548,31.2421875,144.780029296875,-0.5,La Niña,0,0,31.2421875,113.537841796875
15971,15971,2,2,Baja,0.9499504101403391,0,2019-05-27 14:00:00,,,,,,,,,,,,51,2430.8810654502017,33.01953125,287.2734375,0.5,El Niño,2,0,33.01953125,254.25390625
14950,14950,2,1,Media,5.180120226149379,0,2018-07-21 05:00:00,,,,,,,,,,,,295,2342.6944270527506,15.493988037109375,117.85598754882812,0.1,Neutro,1,0,15.493988037109375,102.36199951171875
30361,30361,3,1,Baja,1.472025642279296,0,2018-07-28 08:00:00,,,,,,,,,,,,57,3027.694015002766,14.2236328125,90.169921875,0.1,Neutro,1,0,14.2236328125,75.9462890625
6146,6146,2,1,Baja,0.689977460100598,0,2024-07-28 02:00:00,,,,,,,,,,,,234,1543.2364381700456,20.828125,148.58984375,0.0,Neutro,1,0,20.828125,127.76171875
1209,1209,2,1,Baja,2.9942361325538656,0,2019-07-27 15:00:00,,,,,,,,,,,,30,5973.338839836029,12.193359375,146.3046875,0.3,Neutro,1,0,12.193359375,134.111328125
35662,35662,2,2,Baja,1.9024907108941298,0,2020-04-24 09:00:00,,,,,,,,,,,,32,611.1428302280036,19.3037109375,75.6923828125,0.2,Neutro,1,0,19.3037109375,56.388671875
33755,33755,2,1,Media,9.365404001887855,0,2024-10-10 09:00:00,,,,,,,,,,,,47,2324.7833493798585,24.130859375,181.611328125,-0.3,Neutro,1,0,24.130859375,157.48046875
50394,50394,5,1,Baja,4.641122811527949,0,2025-02-11 07:00:00,,,,,,,,,,,,612,4681.82108748673,17.77978515625,90.423828125,-0.4,Neutro,1,0,17.77978515625,72.64404296875
11456,11456,2,1,Baja,1.669661970963056,0,2025-02-05 09:00:00,,,,,,,,,,,,323,2968.973935290263,14.732421875,63.5,-0.4,Neutro,1,0,14.732421875,48.767578125
54575,54575,1,2,Baja,4.411302010456674,0,2021-07-28 00:00:00,,,,,,,,,,,,44,1029.1357410542716,12.1923828125,104.90234375,-0.4,Neutro,1,0,12.1923828125,92.7099609375
57138,57138,5,1,Alta,31.72652379540623,1,2019-04-21 10:00:00,,,,,,,,,,,,29,1183.3266871250746,20.064453125,360.93359375,0.7,El Niño,2,0,20.064453125,340.869140625
42697,42697,3,1,Alta,15.956011157495125,0,2019-07-23 20:00:00,,,,,,,,,,,,339,3932.3587463478502,25.14599609375,117.8560791015625,0.3,Neutro,1,0,25.14599609375,92.7100830078125
44661,44661,3,2,Media,9.699025115509182,0,2011-09-12 00:00:00,,,,,,,,,,,,36,391.61487643467905,10.411865234375,181.824951171875,-0.8,La Niña,0,0,10.411865234375,171.4130859375
11352,11352,2,2,Baja,3.3712933946575423,1,2020-06-06 09:00:00,,,,,,,,,,,,278,3573.9590863955004,13.4619140625,132.333984375,-0.3,Neutro,1,0,13.4619140625,118.8720703125
56350,56350,4,1,Media,6.222627198897292,0,2020-04-14 19:00:00,,,,,,,,,,,,3,347.6637480398382,41.654296875,164.591796875,0.2,Neutro,1,0,41.654296875,122.9375
19525,19525,2,2,Media,5.5612045884535215,0,2017-09-30 19:00:00,,,,,,,,,,,,76,386.1802871514556,27.17822265625,150.87646484375,-0.4,Neutro,1,0,27.17822265625,123.6982421875
43990,43990,5,1,Alta,22.397293171847867,0,2011-12-16 20:00:00,,,,,,,,,,,,2,1949.1358337535928,14.986083984375,154.940185546875,-1.0,La Niña,0,0,14.986083984375,139.9541015625
58775,58775,4,1,Media,10.67514116860467,1,2018-09-19 06:00:00,,,,,,,,,,,,43,821.3080786386083,20.06640625,249.4287109375,0.5,El Niño,2,0,20.06640625,229.3623046875
47032,47032,5,1,Baja,0.4613279019526062,0,2025-02-14 09:00:00,,,,,,,,,,,,320,920.4468335975571,13.7158203125,75.6923828125,-0.4,Neutro,1,0,13.7158203125,61.9765625
41767,41767,3,3,Media,10.924053306872617,0,2020-06-21 20:00:00,,,,,,,,,,,,339,848.5359417293822,10.159912109375,116.83984375,-0.3,Neutro,1,0,10.159912109375,106.679931640625
14643,14643,2,1,Baja,3.0634505444934206,0,2015-04-03 12:00:00,,,,,,,,,,,,72,2068.441906242818,11.176025390625,107.696044921875,0.7,El Niño,2,0,11.176025390625,96.52001953125
36717,36717,2,2,Baja,1.8429576853930532,0,2020-11-13 23:00:00,,,,,,,,,,,,32,2054.561258263634,28.1943359375,214.1220703125,-1.3,La Niña,0,0,28.1943359375,185.927734375
45456,45456,3,1,Muy alta,79.39402538792253,2,2023-06-23 22:00:00,,,,,,,,,,,,519,1237.184417074406,45.2119140625,271.52587890625,0.8,El Niño,2,0,45.2119140625,226.31396484375
33284,33284,2,1,Media,14.412910613856143,0,2020-09-19 12:00:00,,,,,,,,,,,,127,623.290750580882,12.69970703125,278.3837890625,-0.9,La Niña,0,0,12.69970703125,265.68408203125
8005,8005,2,1,Baja,1.7822992343147068,0,2024-07-22 16:00:00,,,,,,,,,,,,323,1270.9038183687262,19.3037109375,237.744140625,0.0,Neutro,1,0,19.3037109375,218.4404296875
24895,24895,3,1,Media,9.647937764203089,0,2020-06-26 13:00:00,,,,,,,,,,,,64,1010.0213847463997,10.66796875,122.935546875,-0.3,Neutro,1,0,10.66796875,112.267578125
15325,15325,2,1,Alta,18.519634529128485,0,2013-05-17 15:00:00,,,,,,,,,,,,51,1827.233283831431,18.287841796875,239.77587890625,-0.4,Neutro,1,0,18.287841796875,221.488037109375
26240,26240,3,1,Alta,28.713109402761102,1,2024-08-24 19:00:00,,,,,,,,,,,,515,2197.7461485372214,10.921875,124.2060546875,-0.1,Neutro,1,0,10.921875,113.2841796875
14487,14487,2,2,Baja,1.877717456192567,0,2018-05-28 14:00:00,,,,,,,,,,,,51,2628.0043004540944,24.1298828125,278.892578125,-0.2,Neutro,1,0,24.1298828125,254.7626953125
24830,24830,3,1,Media,6.832024950270667,0,2021-07-18 15:00:00,,,,,,,,,,,,64,1015.0379638770922,12.69921875,194.0556640625,-0.4,Neutro,1,0,12.69921875,181.3564453125
11386,11386,2,3,Baja,4.050622396641412,0,2017-08-27 07:00:00,,,,,,,,,,,,31,3342.7665092750435,10.66796875,110.2353515625,-0.1,Neutro,1,0,10.66796875,99.5673828125
15074,15074,2,3,Baja,2.1905471309099687,0,2021-07-16 21:00:00,,,,,,,,,,,,51,2093.8733023048862,10.921875,193.0400390625,-0.4,Neutro,1,0,10.921875,182.1181640625
5595,5595,2,1,Baja,0.3833214199089527,0,2018-04-01 20:00:00,,,,,,,,,,,,234,2466.6761987764253,17.01800537109375,97.7900390625,-0.5,La Niña,0,0,17.01800537109375,80.77203369140625
43886,43886,2,2,Baja,1.3080189948772816,0,2018-03-24 11:00:00,,,,,,,,,,,,88,4432.619532527099,17.52587890625,78.23193359375,-0.7,La Niña,0,0,17.52587890625,60.7060546875
20414,20414,2,2,Baja,2.3848879504652403,0,2019-09-24 01:00:00,,,,,,,,,,,,21,2231.553083034637,13.96875,157.48046875,0.2,Neutro,1,0,13.96875,143.51171875
2623,2623,2,2,Baja,1.2250708371819945,0,2023-06-26 20:00:00,,,,,,,,,,,,278,9850.316379658107,16.763671875,147.57421875,0.8,El Niño,2,0,16.763671875,130.810546875
11923,11923,2,1,Baja,1.178856454940618,0,2019-05-23 09:00:00,,,,,,,,,,,,324,3534.6917559591066,15.493896484375,275.3359375,0.5,El Niño,2,0,15.493896484375,259.842041015625
5062,5062,2,1,Media,5.944364968632913,0,2011-03-24 14:00:00,,,,,,,,,,,,30,4285.294520531674,19.8070068359375,333.1669921875,-0.9,La Niña,0,0,19.8070068359375,313.3599853515625
41890,41890,3,1,Alta,15.585984551447897,0,2023-04-13 10:00:00,,,,,,,,,,,,64,1880.3489224174584,23.11328125,288.03515625,0.2,Neutro,1,0,23.11328125,264.921875
42302,42302,3,1,Baja,1.527782089311917,0,2014-04-24 16:00:00,,,,,,,,,,,,52,2944.3842536820043,16.7640380859375,119.8880615234375,0.0,Neutro,1,0,16.7640380859375,103.1240234375
41727,41727,3,1,Media,7.337081846248068,0,2020-10-31 22:00:00,,,,,,,,,,,,339,1684.3077655205716,40.639892578125,239.77587890625,-1.2,La Niña,0,0,40.639892578125,199.135986328125
15383,15383,2,1,Muy alta,55.28859887989632,2,2019-03-25 00:00:00,,,,,,,,,,,,51,2022.0737587838087,26.162109375,144.525390625,0.7,El Niño,2,0,26.162109375,118.36328125
6586,6586,2,1,Baja,3.133419680447293,0,2023-09-10 12:00:00,,,,,,,,,,,,323,3055.133213191754,14.478515625,186.4365234375,1.6,El Niño,2,0,14.478515625,171.9580078125
40996,40996,3,1,Media,5.68899876949189,0,2015-10-24 23:00:00,,,,,,,,,,,,65,469.1506102329372,67.31005859375,213.106201171875,2.4,El Niño,2,0,67.31005859375,145.796142578125
55023,55023,4,2,Baja,2.9066173832155777,0,2011-12-20 02:00:00,,,,,,,,,,,,3,911.0266049204766,15.490234375,342.052001953125,-1.0,La Niña,0,0,15.490234375,326.561767578125
1527,1527,2,3,Baja,1.9323267734554603,0,2019-07-14 08:00:00,,,,,,,,,,,,234,9181.935290206779,16.001953125,78.23193359375,0.3,Neutro,1,0,16.001953125,62.22998046875
15326,15326,2,1,Media,7.92054657724555,1,2018-10-11 09:00:00,,,,,,,,,,,,295,2058.0099423013016,26.1619873046875,304.03802490234375,0.8,El Niño,2,0,26.1619873046875,277.87603759765625
44391,44391,3,2,Muy alta,48.06954757921708,4,2024-02-26 21:00:00,,,,,,,,,,,,395,855.4114163691971,34.5439453125,118.3642578125,1.5,El Niño,2,0,34.5439453125,83.8203125
22425,22425,2,1,Alta,17.68153828407458,0,2020-04-21 07:00:00,,,,,,,,,,,,352,1162.929175613883,17.7799072265625,88.9000244140625,0.2,Neutro,1,0,17.7799072265625,71.1201171875
21279,21279,5,2,Media,5.634509229366472,0,2011-12-15 23:00:00,,,,,,,,,,,,10,146.8152827336255,19.552734375,400.43896484375,-1.0,La Niña,0,0,19.552734375,380.88623046875
49977,49977,5,1,Media,7.901196828011563,0,2025-02-11 14:00:00,,,,,,,,,,,,612,3285.9318060246546,17.77978515625,90.423828125,-0.4,Neutro,1,0,17.77978515625,72.64404296875
47465,47465,5,1,Baja,0.3388159866291137,0,2019-10-19 07:00:00,,,,,,,,,,,,4,314.3893352452749,16.001953125,295.91015625,0.3,Neutro,1,0,16.001953125,279.908203125
22364,22364,2,2,Baja,3.8607982624142276,0,2019-07-14 02:00:00,,,,,,,,,,,,154,787.9184478250673,16.001953125,65.02392578125,0.3,Neutro,1,0,16.001953125,49.02197265625
27766,27766,3,2,Baja,2.612074197407667,0,2023-06-23 11:00:00,,,,,,,,,,,,636,1960.3971886012241,10.6680908203125,259.5880126953125,0.8,El Niño,2,0,10.6680908203125,248.919921875
37937,37937,2,3,Baja,1.7367256999475948,0,2018-10-16 14:00:00,,,,,,,,,,,,248,1733.3261235684408,32.2579345703125,212.0899658203125,0.8,El Niño,2,0,32.2579345703125,179.83203125
8173,8173,2,1,Alta,16.297377200487908,0,2016-06-10 15:00:00,,,,,,,,,,,,66,1926.8693633802602,11.93798828125,142.748046875,-0.1,Neutro,1,0,11.93798828125,130.81005859375
1703,1703,2,1,Baja,1.2993797882599682,0,2011-07-15 12:00:00,,,,,,,,,,,,30,5388.661234421009,25.39306640625,321.987060546875,-0.5,La Niña,0,0,25.39306640625,296.593994140625
54112,54112,5,1,Alta,21.380134778850817,0,2019-04-02 14:00:00,,,,,,,,,,,,17,1174.4219947812103,19.5576171875,190.24609375,0.7,El Niño,2,0,19.5576171875,170.6884765625
54653,54653,4,1,Media,6.525310978379819,0,2016-04-30 01:00:00,,,,,,,,,,,,3,1457.1055384801002,11.4306640625,196.3427734375,0.9,El Niño,2,0,11.4306640625,184.912109375
57509,57509,4,1,Baja,4.2819280137236175,0,2018-05-28 16:00:00,,,,,,,,,,,,3,1370.2566767916542,50.544921875,449.326171875,-0.2,Neutro,1,0,50.544921875,398.78125
1483,1483,2,2,Baja,0.33882232515886557,0,2020-09-30 23:00:00,,,,,,,,,,,,234,8244.662371057004,17.7802734375,208.0263671875,-0.9,La Niña,0,0,17.7802734375,190.24609375
25143,25143,3,2,Baja,4.8119605607772025,0,2019-05-25 15:00:00,,,,,,,,,,,,64,2384.873711261154,18.2880859375,242.0615234375,0.5,El Niño,2,0,18.2880859375,223.7734375
13021,13021,2,2,Baja,0.8614976358087885,0,2013-10-18 21:00:00,,,,,,,,,,,,51,6804.123901698573,19.81201171875,186.43603515625,-0.2,Neutro,1,0,19.81201171875,166.6240234375
48612,48612,5,1,Baja,1.266019327219369,0,2019-09-07 05:00:00,,,,,,,,,,,,4,3082.9904990904083,17.017578125,59.9443359375,0.2,Neutro,1,0,17.017578125,42.9267578125
3507,3507,2,1,Baja,1.5801652976137566,0,2011-10-31 10:00:00,,,,,,,,,,,,30,3793.4283963125363,17.51806640625,319.460205078125,-1.0,La Niña,0,0,17.51806640625,301.942138671875
47628,47628,5,1,Baja,0.8402366731125385,0,2017-11-09 16:00:00,,,,,,,,,,,,4,2583.040787213996,16.001953125,199.13671875,-0.8,La Niña,0,0,16.001953125,183.134765625
10851,10851,2,1,Baja,3.368141290146646,0,2024-09-01 22:00:00,,,,,,,,,,,,323,2515.053891393275,21.84375,255.7783203125,-0.2,Neutro,1,0,21.84375,233.9345703125
33716,33716,2,1,Media,7.7755654761118125,0,2015-10-13 15:00:00,,,,,,,,,,,,66,1069.4338996742008,11.43017578125,130.30224609375,2.4,El Niño,2,0,11.43017578125,118.8720703125
56614,56614,1,1,Baja,4.404919945873876,0,2018-02-12 07:00:00,,,,,,,,,,,,42,993.8686583521808,10.921875,55.6259765625,-0.9,La Niña,0,0,10.921875,44.7041015625
7409,7409,2,1,Baja,0.42116011182141727,0,2018-09-29 09:00:00,,,,,,,,,,,,278,5949.607501083367,20.0660400390625,186.1820068359375,0.5,El Niño,2,0,20.0660400390625,166.115966796875
53139,53139,4,1,Baja,1.7841806645092029,0,2013-04-18 22:00:00,,,,,,,,,,,,25,2548.7137897580055,18.7919921875,145.240234375,-0.3,Neutro,1,0,18.7919921875,126.4482421875
42432,42432,3,3,Baja,1.3459570998653239,0,2019-10-27 16:00:00,,,,,,,,,,,,52,3116.8118239958512,25.908203125,209.8046875,0.3,Neutro,1,0,25.908203125,183.896484375
57167,57167,5,2,Media,9.06879631691059,0,2013-11-15 22:00:00,,,,,,,,,,,,1,161.37584978003443,12.7001953125,248.412109375,-0.2,Neutro,1,0,12.7001953125,235.7119140625
16552,16552,2,2,Baja,1.0780106246707315,0,2015-07-22 03:00:00,,,,,,,,,,,,51,1775.7916770064471,12.4462890625,119.63427734375,1.5,El Niño,2,0,12.4462890625,107.18798828125
25436,25436,3,1,Media,13.666317101102534,0,2015-11-23 05:00:00,,,,,,,,,,,,64,1670.3871680385287,20.06591796875,374.64990234375,2.6,El Niño,2,0,20.06591796875,354.583984375
59273,59273,3,1,Alta,36.05765099162959,0,2024-10-20 23:00:00,,,,,,,,,,,,8,1489.810435940367,20.064453125,220.470703125,-0.3,Neutro,1,0,20.064453125,200.40625
29804,29804,3,3,Baja,1.824668580576556,0,2023-09-15 10:00:00,,,,,,,,,,,,383,1110.6690169743838,41.1474609375,247.9033203125,1.6,El Niño,2,0,41.1474609375,206.755859375
17486,17486,2,2,Baja,4.622052555729131,0,2019-03-11 19:00:00,,,,,,,,,,,,295,2051.5729665302256,15.748046875,120.6500244140625,0.7,El Niño,2,0,15.748046875,104.9019775390625
32790,32790,2,2,Media,6.862325091502403,0,2017-08-12 01:00:00,,,,,,,,,,,,127,1386.8480923557495,24.89208984375,110.236083984375,-0.1,Neutro,1,0,24.89208984375,85.343994140625
18238,18238,2,1,Baja,3.7861995689302357,0,2013-02-05 20:00:00,,,,,,,,,,,,51,1653.1012598149557,13.4619140625,56.387939453125,-0.4,Neutro,1,0,13.4619140625,42.926025390625
794,794,2,2,Media,12.873901428711596,0,2022-12-12 14:00:00,,,,,,,,,,,,30,6496.750051722224,14.478515625,144.017578125,-0.8,La Niña,0,0,14.478515625,129.5390625
18557,18557,2,1,Media,8.784747854383237,0,2014-10-08 13:00:00,,,,,,,,,,,,37,1367.76652942924,23.11376953125,128.77783203125,0.5,El Niño,2,0,23.11376953125,105.6640625
6221,6221,2,1,Baja,0.49348645250277245,0,2019-05-11 11:00:00,,,,,,,,,,,,234,297.18287302378627,14.986083984375,181.10205078125,0.5,El Niño,2,0,14.986083984375,166.115966796875
60305,60305,4,1,Media,9.663843596572686,0,2014-05-17 18:00:00,,,,,,,,,,,,43,1466.7639510222177,23.3671875,327.9130859375,0.2,Neutro,1,0,23.3671875,304.5458984375
16471,16471,2,2,Media,5.372662968051634,0,2024-07-27 12:00:00,,,,,,,,,,,,295,2298.5501797890042,26.162109375,114.80859375,0.0,Neutro,1,0,26.162109375,88.646484375
34141,34141,2,2,Baja,4.655966356441845,0,2018-10-11 20:00:00,,,,,,,,,,,,66,1225.9922098611858,25.146484375,253.4921875,0.8,El Niño,2,0,25.146484375,228.345703125
58610,58610,1,2,Baja,2.1477322192108232,0,2016-03-08 14:00:00,,,,,,,,,,,,49,412.2716757405862,12.1923828125,62.484375,1.6,El Niño,2,0,12.1923828125,50.2919921875
9305,9305,2,1,Baja,1.4810364988230458,0,2021-07-17 08:00:00,,,,,,,,,,,,278,1654.069114195978,48.51416015625,341.88427734375,-0.4,Neutro,1,0,48.51416015625,293.3701171875
55402,55402,5,1,Muy alta,41.17139304027349,0,2019-04-11 04:00:00,,,,,,,,,,,,29,1071.9511816020824,36.322265625,395.732421875,0.7,El Niño,2,0,36.322265625,359.41015625
20182,20182,5,1,Media,6.764417749859603,0,2010-10-29 16:00:00,,,,,,,,,,,,10,1399.109404648539,50.2750244140625,210.9940185546875,-1.6,La Niña,0,0,50.2750244140625,160.718994140625
45592,45592,3,2,Media,6.240774842023552,0,2022-12-25 16:00:00,,,,,,,,,,,,420,568.8628166473646,15.49365234375,164.083984375,-0.8,La Niña,0,0,15.49365234375,148.59033203125
47316,47316,5,1,Baja,0.47455582583181516,0,2023-08-29 18:00:00,,,,,,,,,,,,4,1385.159853581604,12.955078125,91.94921875,1.3,El Niño,2,0,12.955078125,78.994140625
19339,19339,2,2,Baja,1.5950822176975308,0,2014-07-05 13:00:00,,,,,,,,,,,,70,1185.3630466551592,18.2880859375,201.929931640625,0.0,Neutro,1,0,18.2880859375,183.641845703125
26342,26342,3,3,Baja,1.9279076949275211,0,2021-03-02 09:00:00,,,,,,,,,,,,432,2021.3232409696006,18.2880859375,136.3980712890625,-0.8,La Niña,0,0,18.2880859375,118.1099853515625
6674,6674,2,2,Alta,22.96800826792921,0,2011-05-14 15:00:00,,,,,,,,,,,,30,1616.5308604672873,30.47314453125,483.753173828125,-0.6,La Niña,0,0,30.47314453125,453.280029296875
54271,54271,4,2,Media,6.35762658711035,0,2020-07-24 07:00:00,,,,,,,,,,,,3,1579.583961413773,20.3203125,387.349609375,-0.4,Neutro,1,0,20.3203125,367.029296875
49231,49231,5,1,Baja,4.043145135729552,0,2024-09-02 12:00:00,,,,,,,,,,,,612,4055.107247540144,13.4619140625,194.05615234375,-0.2,Neutro,1,0,13.4619140625,180.59423828125
52125,52125,1,2,Baja,2.903044404182622,0,2019-10-27 17:00:00,,,,,,,,,,,,16,2186.613154158584,12.4462890625,196.5966796875,0.3,Neutro,1,0,12.4462890625,184.150390625
13152,13152,2,2,Baja,1.2651009012116248,0,2019-05-25 00:00:00,,,,,,,,,,,,295,6322.059031598371,41.9100341796875,198.1199951171875,0.5,El Niño,2,0,41.9100341796875,156.2099609375
51531,51531,5,1,Media,6.679440922969785,0,2016-03-04 19:00:00,,,,,,,,,,,,11,2788.4429505680177,10.4140625,75.18359375,1.6,El Niño,2,0,10.4140625,64.76953125
740,740,2,1,Baja,2.283580494682524,0,2017-05-04 15:00:00,,,,,,,,,,,,30,6717.152765998826,18.5419921875,174.498046875,0.3,Neutro,1,0,18.5419921875,155.9560546875
50108,50108,5,3,Baja,2.3833386447063445,0,2024-07-27 04:00:00,,,,,,,,,,,,612,4854.313090912985,13.2080078125,84.328125,0.0,Neutro,1,0,13.2080078125,71.1201171875
15057,15057,2,1,Muy alta,62.59631943681656,1,2017-09-20 06:00:00,,,,,,,,,,,,51,1952.3632153170138,23.1142578125,181.6103515625,-0.4,Neutro,1,0,23.1142578125,158.49609375
52920,52920,1,2,Baja,3.133321958452422,0,2020-05-31 00:00:00,,,,,,,,,,,,211,938.0976065758997,28.4482421875,99.568359375,-0.1,Neutro,1,0,28.4482421875,71.1201171875
51451,51451,5,2,Baja,4.211612812535319,0,2018-09-16 07:00:00,,,,,,,,,,,,11,1817.5256582081686,34.2900390625,141.732421875,0.5,El Niño,2,0,34.2900390625,107.4423828125
57455,57455,5,1,Alta,30.45735235792399,1,2023-02-27 10:00:00,,,,,,,,,,,,601,793.9808861651996,25.14599609375,99.822021484375,-0.4,Neutro,1,0,25.14599609375,74.676025390625
29906,29906,3,1,Baja,2.6003433026686062,0,2016-06-15 01:00:00,,,,,,,,,,,,57,1646.7429505511125,10.66796875,191.26220703125,-0.1,Neutro,1,0,10.66796875,180.59423828125
60129,60129,3,2,Media,6.423016873222502,0,2022-04-20 11:00:00,,,,,,,,,,,,2,1666.3478600080725,10.4140625,430.021484375,-1.1,La Niña,0,0,10.4140625,419.607421875
20388,20388,5,1,Media,6.357872048176115,0,2020-02-22 08:00:00,,,,,,,,,,,,10,842.4066967502303,11.431640625,78.994140625,0.5,Neutro,1,0,11.431640625,67.5625
56388,56388,1,1,Baja,4.4973061930233005,0,2012-01-06 04:00:00,,,,,,,,,,,,42,1817.4931087581379,23.10986328125,222.195068359375,-0.9,La Niña,0,0,23.10986328125,199.085205078125
4979,4979,2,1,Baja,2.035844871164539,0,2019-07-04 01:00:00,,,,,,,,,,,,30,2878.363885500906,13.970703125,109.474609375,0.3,Neutro,1,0,13.970703125,95.50390625
29333,29333,3,2,Baja,2.269867001915706,0,2018-10-19 11:00:00,,,,,,,,,,,,58,1436.2814651087608,24.892578125,244.34765625,0.8,El Niño,2,0,24.892578125,219.455078125
16018,16018,2,2,Baja,0.9585914397210269,0,2024-04-02 10:00:00,,,,,,,,,,,,51,3120.6814583894497,12.447265625,59.181640625,0.7,El Niño,2,0,12.447265625,46.734375
52196,52196,4,3,Alta,21.125848929928914,2,2019-03-11 16:00:00,,,,,,,,,,,,3,3656.2727585053985,35.05078125,174.751953125,0.7,El Niño,2,0,35.05078125,139.701171875
19422,19422,5,1,Baja,1.4870250552479631,0,2011-10-27 13:00:00,,,,,,,,,,,,10,2105.9326174177145,20.569091796875,316.405029296875,-1.0,La Niña,0,0,20.569091796875,295.8359375
36071,36071,2,1,Baja,1.0076393145378715,0,2017-08-11 18:00:00,,,,,,,,,,,,32,2047.2255019498318,10.4140625,77.4697265625,-0.1,Neutro,1,0,10.4140625,67.0556640625
26944,26944,3,3,Media,13.808096280720672,0,2024-12-25 09:00:00,,,,,,,,,,,,636,696.558395385498,15.240234375,145.2880859375,-0.5,Neutro,1,0,15.240234375,130.0478515625
40472,40472,3,2,Baja,1.8105410017092023,0,2022-12-28 16:00:00,,,,,,,,,,,,451,797.7323821206991,11.68408203125,94.74169921875,-0.8,La Niña,0,0,11.68408203125,83.0576171875
21034,21034,5,2,Baja,1.3242572193768085,0,2019-03-26 05:00:00,,,,,,,,,,,,21,1328.6561512563258,27.939453125,220.2177734375,0.7,El Niño,2,0,27.939453125,192.2783203125
13370,13370,2,2,Baja,0.6937167986307635,0,2013-09-05 23:00:00,,,,,,,,,,,,51,5006.074811229047,14.73193359375,272.5419921875,-0.3,Neutro,1,0,14.73193359375,257.81005859375
47042,47042,5,1,Baja,1.6617810325349973,0,2024-10-06 03:00:00,,,,,,,,,,,,4,2322.2355407545087,10.66796875,164.845703125,-0.3,Neutro,1,0,10.66796875,154.177734375
17836,17836,2,1,Media,5.16817249851493,0,2021-03-08 13:00:00,,,,,,,,,,,,51,1194.4747791080529,28.7021484375,164.337890625,-0.8,La Niña,0,0,28.7021484375,135.6357421875
16646,16646,2,1,Media,5.487290591805241,0,2022-02-08 08:00:00,,,,,,,,,,,,4,4695.9342717520085,11.17578125,76.453125,-0.9,La Niña,0,0,11.17578125,65.27734375
8919,8919,2,2,Baja,0.8081382196352885,0,2018-09-07 23:00:00,,,,,,,,,,,,323,415.93530950658806,24.63800048828125,122.17401123046875,0.5,El Niño,2,0,24.63800048828125,97.5360107421875
24488,24488,3,1,Baja,3.59638002657562,0,2018-10-03 16:00:00,,,,,,,,,,,,261,1393.6431933950294,35.305908203125,328.16796875,0.8,El Niño,2,0,35.305908203125,292.862060546875
58548,58548,4,1,Alta,27.473175749351782,2,2014-08-07 00:00:00,,,,,,,,,,,,18,1031.3411895142176,35.5595703125,72.8974609375,0.1,Neutro,1,0,35.5595703125,37.337890625
36804,36804,2,1,Baja,1.4845582369448935,0,2018-05-04 02:00:00,,,,,,,,,,,,32,2173.496477499814,17.525390625,190.75390625,-0.2,Neutro,1,0,17.525390625,173.228515625
6879,6879,2,1,Baja,0.3606109793530728,0,2024-04-05 05:00:00,,,,,,,,,,,,278,7468.952602413735,18.2880859375,70.1044921875,0.7,El Niño,2,0,18.2880859375,51.81640625
35941,35941,2,2,Baja,0.3593439021709497,0,2017-09-13 05:00:00,,,,,,,,,,,,88,371.5298916917909,19.3037109375,125.98388671875,-0.4,Neutro,1,0,19.3037109375,106.68017578125
35655,35655,2,2,Baja,0.32437467431737793,0,2012-11-16 08:00:00,,,,,,,,,,,,32,1254.1940035945722,23.10791015625,282.11474609375,0.1,Neutro,1,0,23.10791015625,259.0068359375
22705,22705,5,1,Muy alta,85.20125544184582,2,2024-08-23 02:00:00,,,,,,,,,,,,612,180.14856037970742,15.494140625,102.869873046875,-0.1,Neutro,1,0,15.494140625,87.375732421875
41007,41007,3,1,Baja,1.7342638144362659,0,2019-10-25 01:00:00,,,,,,,,,,,,52,808.4990994926309,14.7314453125,194.3095703125,0.3,Neutro,1,0,14.7314453125,179.578125
23146,23146,2,2,Media,8.806903429181705,0,2025-03-14 06:00:00,,,,,,,,,,,,20,1147.5683922781225,31.75,135.12890625,-0.2,Neutro,1,0,31.75,103.37890625
26835,26835,3,1,Baja,3.009909535623416,1,2013-11-19 14:00:00,,,,,,,,,,,,64,3976.3608539374277,33.5279541015625,190.7540283203125,-0.2,Neutro,1,0,33.5279541015625,157.22607421875
40747,40747,3,1,Media,12.01583407918006,0,2023-09-10 11:00:00,,,,,,,,,,,,451,1073.9129394708145,19.0498046875,113.7919921875,1.6,El Niño,2,0,19.0498046875,94.7421875
57609,57609,1,2,Baja,1.3589535269494062,0,2023-04-30 10:00:00,,,,,,,,,,,,41,1594.6184913671102,11.17578125,67.30859375,0.2,Neutro,1,0,11.17578125,56.1328125
53947,53947,5,1,Media,10.569015831937167,0,2024-08-10 23:00:00,,,,,,,,,,,,29,2077.953498429116,24.890625,89.154296875,-0.1,Neutro,1,0,24.890625,64.263671875
36812,36812,2,3,Baja,1.0358136737880168,0,2024-12-16 01:00:00,,,,,,,,,,,,32,2183.456196013868,30.98828125,63.75390625,-0.5,Neutro,1,0,30.98828125,32.765625
27655,27655,3,1,Baja,1.0937448602820232,0,2024-10-24 06:00:00,,,,,,,,,,,,383,2606.1571443119765,10.16015625,238.251953125,-0.3,Neutro,1,0,10.16015625,228.091796875
25704,25704,3,1,Media,8.371457024053717,0,2023-06-22 23:00:00,,,,,,,,,,,,253,797.0776851706371,21.08203125,301.498046875,0.8,El Niño,2,0,21.08203125,280.416015625
30387,30387,3,1,Baja,2.861872543643761,0,2023-09-18 02:00:00,,,,,,,,,,,,383,2090.3247139277078,13.2080078125,216.1533203125,1.6,El Niño,2,0,13.2080078125,202.9453125
40268,40268,3,2,Baja,0.6246022379623275,0,2022-04-21 04:00:00,,,,,,,,,,,,328,1946.3617580099046,26.416015625,354.583984375,-1.1,La Niña,0,0,26.416015625,328.16796875
47853,47853,5,1,Baja,0.38974044763384963,0,2014-03-26 13:00:00,,,,,,,,,,,,4,1096.3016457746485,16.76416015625,215.89990234375,-0.3,Neutro,1,0,16.76416015625,199.1357421875
21549,21549,2,1,Media,11.364725106993166,0,2018-09-07 03:00:00,,,,,,,,,,,,154,554.7361431873223,10.159912109375,76.9619140625,0.5,El Niño,2,0,10.159912109375,66.802001953125
35724,35724,2,3,Baja,0.47099024556380953,0,2017-05-22 14:00:00,,,,,,,,,,,,88,554.1107753929801,14.73193359375,234.69580078125,0.3,Neutro,1,0,14.73193359375,219.9638671875
19482,19482,5,1,Baja,1.7332370763576799,0,2022-08-21 16:00:00,,,,,,,,,,,,10,2046.9701075513376,27.685546875,248.666015625,-0.9,La Niña,0,0,27.685546875,220.98046875
40302,40302,3,2,Baja,1.3664517739196496,0,2018-02-03 05:00:00,,,,,,,,,,,,52,2441.137508629086,19.30419921875,106.42626953125,-0.9,La Niña,0,0,19.30419921875,87.1220703125
45424,45424,3,3,Media,14.242010706288934,0,2024-02-01 23:00:00,,,,,,,,,,,,519,1393.606008029274,12.7001953125,71.62841796875,1.5,El Niño,2,0,12.7001953125,58.92822265625
2231,2231,2,1,Baja,0.9714786735691682,0,2025-01-06 09:00:00,,,,,,,,,,,,234,8519.167471807199,10.16015625,158.2421875,-0.6,Neutro,1,0,10.16015625,148.08203125
44139,44139,3,2,Alta,15.615331778817435,0,2016-03-09 15:00:00,,,,,,,,,,,,2,881.9902079077508,28.1943359375,119.6337890625,1.6,El Niño,2,0,28.1943359375,91.439453125
41594,41594,3,1,Media,7.536205973454551,0,2020-10-19 13:00:00,,,,,,,,,,,,65,1657.5642230267567,10.921875,192.78515625,-1.2,La Niña,0,0,10.921875,181.86328125
39471,39471,3,2,Baja,0.6398472388909278,0,2019-07-06 07:00:00,,,,,,,,,,,,334,1876.3663318894492,11.176025390625,111.760009765625,0.3,Neutro,1,0,11.176025390625,100.583984375
38016,38016,2,3,Baja,0.8755884152475374,0,2023-08-22 19:00:00,,,,,,,,,,,,248,2024.54275731304,14.732421875,75.18359375,1.3,El Niño,2,0,14.732421875,60.451171875
31306,31306,3,3,Baja,0.8258160758373894,0,2024-02-03 07:00:00,,,,,,,,,,,,433,2916.8268645458406,106.171875,161.7978515625,1.5,El Niño,2,0,106.171875,55.6259765625
36605,36605,2,1,Baja,2.60019698747948,0,2025-03-12 14:00:00,,,,,,,,,,,,389,1474.1972471049826,10.1591796875,124.2060546875,-0.2,Neutro,1,0,10.1591796875,114.046875
22141,22141,5,2,Muy alta,135.45275661093945,1,2023-08-29 08:00:00,,,,,,,,,,,,612,913.1033267612323,14.732177734375,77.72412109375,1.3,El Niño,2,0,14.732177734375,62.991943359375
26826,26826,3,1,Alta,33.56295657606962,0,2022-04-22 23:00:00,,,,,,,,,,,,515,2780.0240384903186,10.66796875,391.159912109375,-1.1,La Niña,0,0,10.66796875,380.491943359375
34948,34948,2,2,Baja,1.1900935907049937,0,2020-07-02 19:00:00,,,,,,,,,,,,72,612.0965025772762,22.3515625,159.765625,-0.4,Neutro,1,0,22.3515625,137.4140625
15806,15806,2,1,Muy alta,49.11283052428002,1,2017-05-08 05:00:00,,,,,,,,,,,,51,2682.339221134303,30.2255859375,154.939453125,0.3,Neutro,1,0,30.2255859375,124.7138671875
3645,3645,2,2,Baja,0.4993351926664854,0,2018-05-04 09:00:00,,,,,,,,,,,,234,4984.903845229249,20.0660400390625,229.1080322265625,-0.2,Neutro,1,0,20.0660400390625,209.0419921875
26885,26885,3,1,Media,8.471244002394055,0,2023-09-04 10:00:00,,,,,,,,,,,,515,1365.693784602853,19.0498046875,191.77001953125,1.6,El Niño,2,0,19.0498046875,172.72021484375
41571,41571,3,2,Baja,4.735112227031959,0,2015-03-20 08:00:00,,,,,,,,,,,,65,686.285016404632,11.429931640625,91.43994140625,0.5,El Niño,2,0,11.429931640625,80.010009765625
51442,51442,1,3,Media,13.343514354408383,0,2015-11-02 10:00:00,,,,,,,,,,,,16,1720.4728895679307,33.01953125,157.7333984375,2.6,El Niño,2,0,33.01953125,124.7138671875
51357,51357,1,3,Baja,3.238544806137534,0,2017-12-29 18:00:00,,,,,,,,,,,,248,2694.4560358951485,15.240005493164062,96.52000427246094,-1.0,La Niña,0,0,15.240005493164062,81.27999877929688
35283,35283,2,2,Baja,0.4242908419141884,0,2025-02-24 21:00:00,,,,,,,,,,,,88,1986.8947074592263,10.4140625,136.65234375,-0.4,Neutro,1,0,10.4140625,126.23828125
32893,32893,2,2,Baja,1.837066629651762,0,2021-07-30 15:00:00,,,,,,,,,,,,127,1584.6672648149524,29.7177734375,200.9140625,-0.4,Neutro,1,0,29.7177734375,171.1962890625
1652,1652,2,1,Baja,2.6449798573348455,0,2023-09-11 09:00:00,,,,,,,,,,,,234,6335.123152221613,48.767578125,290.322265625,1.6,El Niño,2,0,48.767578125,241.5546875
34297,34297,2,1,Media,7.633613325523458,0,2019-12-15 09:00:00,,,,,,,,,,,,66,1498.0080021743984,32.51171875,53.33984375,0.5,Neutro,1,0,32.51171875,20.828125
43750,43750,2,2,Baja,2.0110084689629417,0,2015-11-02 13:00:00,,,,,,,,,,,,88,3837.6247246685057,10.921875,144.017822265625,2.6,El Niño,2,0,10.921875,133.095947265625
60104,60104,1,2,Media,5.691177902738771,0,2016-05-07 16:00:00,,,,,,,,,,,,26,1003.7010125512746,14.478515625,161.0361328125,0.4,Neutro,1,0,14.478515625,146.5576171875
8931,8931,2,1,Baja,1.3966451674277316,0,2018-06-21 16:00:00,,,,,,,,,,,,278,1121.8913755647304,11.17596435546875,199.135986328125,0.0,Neutro,1,0,11.17596435546875,187.96002197265625
48725,48725,5,1,Baja,3.014880525462311,0,2013-08-13 17:00:00,,,,,,,,,,,,4,3436.949550216603,14.73193359375,131.06396484375,-0.3,Neutro,1,0,14.73193359375,116.33203125
46763,46763,5,1,Baja,4.104514988762732,0,2020-11-14 23:00:00,,,,,,,,,,,,320,2854.0477619968487,13.71630859375,369.570068359375,-1.3,La Niña,0,0,13.71630859375,355.853759765625
29609,29609,3,1,Baja,1.281650325585983,0,2020-07-09 14:00:00,,,,,,,,,,,,383,889.8837532796299,21.5899658203125,291.5919189453125,-0.4,Neutro,1,0,21.5899658203125,270.001953125
112,112,2,1,Media,11.478064342174335,1,2018-04-12 12:00:00,,,,,,,,,,,,234,8818.925761414122,12.9539794921875,120.90399169921875,-0.5,La Niña,0,0,12.9539794921875,107.95001220703125
16588,16588,2,2,Baja,1.3640468012687137,0,2017-03-08 18:00:00,,,,,,,,,,,,51,1523.0365950599103,14.986328125,73.40625,0.1,Neutro,1,0,14.986328125,58.419921875
20093,20093,2,2,Baja,2.253938231469848,0,2017-10-26 14:00:00,,,,,,,,,,,,70,908.4680043905528,30.47998046875,122.173828125,-0.7,La Niña,0,0,30.47998046875,91.69384765625
33175,33175,2,2,Media,4.908892019155964,0,2018-05-17 08:00:00,,,,,,,,,,,,127,129.6420956165735,14.223876953125,334.77197265625,-0.2,Neutro,1,0,14.223876953125,320.548095703125
49710,49710,5,1,Baja,4.504942360011421,0,2024-09-17 18:00:00,,,,,,,,,,,,612,2654.089822650377,19.55810546875,224.5361328125,-0.2,Neutro,1,0,19.55810546875,204.97802734375
11519,11519,2,2,Baja,1.2483343255986998,0,2011-05-28 06:00:00,,,,,,,,,,,,31,3306.2951120846974,12.6929931640625,144.2440185546875,-0.6,La Niña,0,0,12.6929931640625,131.551025390625
22156,22156,2,2,Baja,1.5552690932667665,0,2012-08-09 11:00:00,,,,,,,,,,,,14,452.5075597124528,17.52099609375,74.65771484375,0.4,Neutro,1,0,17.52099609375,57.13671875
33564,33564,2,1,Alta,20.953739608391814,0,2015-07-08 17:00:00,,,,,,,,,,,,127,1240.9387913524304,16.00201416015625,57.15000915527344,1.5,El Niño,2,0,16.00201416015625,41.14799499511719
51459,51459,5,3,Media,10.393846218800345,0,2024-09-23 09:00:00,,,,,,,,,,,,393,1081.119116225783,18.5419921875,114.046875,-0.2,Neutro,1,0,18.5419921875,95.5048828125
49014,49014,5,1,Baja,1.9846003996978616,0,2024-09-30 08:00:00,,,,,,,,,,,,612,3380.863928507324,70.10400390625,320.2939453125,-0.2,Neutro,1,0,70.10400390625,250.18994140625
9445,9445,2,1,Media,11.26755748829884,0,2023-06-26 06:00:00,,,,,,,,,,,,66,661.8062584448161,35.0517578125,321.8173828125,0.8,El Niño,2,0,35.0517578125,286.765625
24639,24639,3,2,Baja,4.6329346855315,0,2018-04-11 21:00:00,,,,,,,,,,,,61,1073.345769157365,31.75,303.5302734375,-0.5,La Niña,0,0,31.75,271.7802734375
6697,6697,2,1,Baja,1.9694315208079722,0,2023-04-28 09:00:00,,,,,,,,,,,,323,2544.6893205111523,41.6552734375,171.44921875,0.2,Neutro,1,0,41.6552734375,129.7939453125
50983,50983,5,2,Media,14.196216567739752,0,2018-04-28 19:00:00,,,,,,,,,,,,11,1098.5744800728069,11.9384765625,174.498046875,-0.5,La Niña,0,0,11.9384765625,162.5595703125
20366,20366,2,2,Media,10.532845814762451,0,2020-10-02 16:00:00,,,,,,,,,,,,392,1092.3945952522563,18.0340576171875,194.56396484375,-1.2,La Niña,0,0,18.0340576171875,176.5299072265625
48474,48474,5,1,Baja,2.1392856991091174,0,2020-01-28 02:00:00,,,,,,,,,,,,10,2113.9619203840743,19.810546875,77.46875,0.5,Neutro,1,0,19.810546875,57.658203125
21762,21762,5,2,Baja,0.991155169114694,0,2011-03-25 06:00:00,,,,,,,,,,,,21,795.275321820425,15.743896484375,268.4219970703125,-0.9,La Niña,0,0,15.743896484375,252.6781005859375
24357,24357,3,1,Baja,4.486526731839945,0,2022-12-28 10:00:00,,,,,,,,,,,,261,2021.3180633738443,14.224609375,162.052734375,-0.8,La Niña,0,0,14.224609375,147.828125
5223,5223,2,1,Baja,0.3913107061669267,0,2018-05-08 21:00:00,,,,,,,,,,,,234,2185.5245037771765,30.7340087890625,281.68603515625,-0.2,Neutro,1,0,30.7340087890625,250.9520263671875
33457,33457,2,1,Media,14.632437734614888,0,2020-03-10 22:00:00,,,,,,,,,,,,127,1741.8695020955229,32.51220703125,69.087890625,0.4,Neutro,1,0,32.51220703125,36.57568359375
7284,7284,2,2,Baja,0.43489459081909326,0,2025-02-17 18:00:00,,,,,,,,,,,,278,451.86866209092574,64.76953125,114.0458984375,-0.4,Neutro,1,0,64.76953125,49.2763671875
59242,59242,3,1,Alta,16.638467063302972,0,2025-02-25 15:00:00,,,,,,,,,,,,601,1832.689513185818,10.15966796875,166.36962890625,-0.4,Neutro,1,0,10.15966796875,156.2099609375
15227,15227,2,3,Baja,2.3687133430278133,0,2023-04-28 08:00:00,,,,,,,,,,,,51,3374.668408272437,21.3359375,139.4453125,0.2,Neutro,1,0,21.3359375,118.109375
11197,11197,2,2,Baja,0.935497813791414,0,2018-10-08 16:00:00,,,,,,,,,,,,278,3326.4537793098693,32.511962890625,243.0780029296875,0.8,El Niño,2,0,32.511962890625,210.5660400390625
45416,45416,3,1,Media,10.10673865411447,0,2023-02-04 13:00:00,,,,,,,,,,,,519,2370.459114571096,28.9560546875,255.015625,-0.4,Neutro,1,0,28.9560546875,226.0595703125
45319,45319,3,1,Media,12.119637573697958,0,2023-03-01 15:00:00,,,,,,,,,,,,519,1846.076306755959,14.986328125,114.04638671875,-0.1,Neutro,1,0,14.986328125,99.06005859375
22578,22578,2,2,Baja,1.8647118948794368,0,2020-07-02 08:00:00,,,,,,,,,,,,352,2114.773409859874,22.6060791015625,145.5421142578125,-0.4,Neutro,1,0,22.6060791015625,122.93603515625
58093,58093,1,1,Media,5.6537871314151,0,2019-07-14 17:00:00,,,,,,,,,,,,289,779.8376141442592,12.19189453125,101.345947265625,0.3,Neutro,1,0,12.19189453125,89.154052734375
1925,1925,2,1,Baja,1.3084614484018853,0,2023-09-24 11:00:00,,,,,,,,,,,,234,9891.090306959624,11.68359375,164.083984375,1.6,El Niño,2,0,11.68359375,152.400390625
56143,56143,4,1,Baja,2.3086402233092405,0,2011-03-07 11:00:00,,,,,,,,,,,,3,663.6070316656879,18.280029296875,68.925048828125,-0.9,La Niña,0,0,18.280029296875,50.64501953125
7612,7612,2,1,Alta,29.367110381766853,0,2019-05-08 10:00:00,,,,,,,,,,,,66,2743.029957605419,10.16015625,134.6201171875,0.5,El Niño,2,0,10.16015625,124.4599609375
41356,41356,3,1,Baja,1.7908389861592067,0,2019-03-21 20:00:00,,,,,,,,,,,,339,440.39615347208223,11.42999267578125,213.3599853515625,0.7,El Niño,2,0,11.42999267578125,201.92999267578125
4428,4428,2,3,Baja,0.395427764002334,0,2021-07-18 21:00:00,,,,,,,,,,,,278,7067.598613738397,11.17578125,354.07568359375,-0.4,Neutro,1,0,11.17578125,342.89990234375
52393,52393,5,1,Alta,35.779058371176795,0,2019-12-18 08:00:00,,,,,,,,,,,,11,991.894195035888,16.255859375,104.6484375,0.5,Neutro,1,0,16.255859375,88.392578125
7220,7220,2,1,Baja,4.650632833729449,0,2020-07-27 13:00:00,,,,,,,,,,,,323,2772.8308879450487,15.748046875,299.2119140625,-0.4,Neutro,1,0,15.748046875,283.4638671875
46620,46620,5,1,Baja,0.4861624498149285,0,2023-07-06 15:00:00,,,,,,,,,,,,320,1660.5932290514886,14.7314453125,131.572265625,1.1,El Niño,2,0,14.7314453125,116.8408203125
40712,40712,3,2,Baja,1.052288743353183,0,2020-04-13 02:00:00,,,,,,,,,,,,52,893.6695639123102,12.4462890625,108.4580078125,0.2,Neutro,1,0,12.4462890625,96.01171875
40563,40563,3,2,Baja,0.6727982579072903,0,2018-02-03 09:00:00,,,,,,,,,,,,52,2327.719283861196,19.30419921875,106.42626953125,-0.9,La Niña,0,0,19.30419921875,87.1220703125
12871,12871,2,2,Baja,0.4168995786873253,0,2021-07-30 15:00:00,,,,,,,,,,,,324,3203.5562482650553,13.4619140625,129.7939453125,-0.4,Neutro,1,0,13.4619140625,116.33203125
16371,16371,2,2,Baja,1.5755646782746833,0,2019-12-07 06:00:00,,,,,,,,,,,,4,4074.6092136930843,20.57421875,269.494140625,0.5,Neutro,1,0,20.57421875,248.919921875
28906,28906,3,1,Baja,3.562964741426972,0,2019-08-04 15:00:00,,,,,,,,,,,,57,3259.29985556568,12.1923828125,112.2685546875,0.1,Neutro,1,0,12.1923828125,100.076171875
13295,13295,2,3,Media,5.970910547850904,0,2018-06-02 14:00:00,,,,,,,,,,,,51,5525.5180653712305,15.494140625,260.6044921875,0.0,Neutro,1,0,15.494140625,245.1103515625
3480,3480,2,1,Baja,0.5612828326199195,0,2020-07-14 05:00:00,,,,,,,,,,,,278,7439.171723610265,17.01806640625,303.5302734375,-0.4,Neutro,1,0,17.01806640625,286.51220703125
16857,16857,2,1,Alta,34.345743730437626,1,2018-07-21 18:00:00,,,,,,,,,,,,51,1024.8281547262025,12.19140625,121.158203125,0.1,Neutro,1,0,12.19140625,108.966796875
13172,13172,2,3,Baja,2.6749929985409824,0,2015-04-03 06:00:00,,,,,,,,,,,,51,5518.1335375521485,16.76416015625,88.900390625,0.7,El Niño,2,0,16.76416015625,72.13623046875
25988,25988,3,3,Media,7.808199650172622,0,2024-10-02 05:00:00,,,,,,,,,,,,515,3064.7611000293014,20.828125,234.1875,-0.3,Neutro,1,0,20.828125,213.359375
30944,30944,3,1,Baja,0.7971879689468292,0,2019-07-15 07:00:00,,,,,,,,,,,,383,2869.2500930021743,26.92400360107422,116.3320083618164,0.3,Neutro,1,0,26.92400360107422,89.40800476074219
45610,45610,3,1,Media,6.401614523533503,0,2023-08-20 07:00:00,,,,,,,,,,,,519,2041.0231176132409,10.66796875,73.15185546875,1.3,El Niño,2,0,10.66796875,62.48388671875
53283,53283,4,3,Baja,1.5443067950328944,0,2017-05-16 11:00:00,,,,,,,,,,,,25,2218.8887703577584,18.2880859375,382.7783203125,0.3,Neutro,1,0,18.2880859375,364.490234375
24424,24424,3,1,Baja,3.5475966004192028,0,2017-09-08 08:00:00,,,,,,,,,,,,193,1660.530062416723,14.224014282226562,223.77401733398438,-0.4,Neutro,1,0,14.224014282226562,209.5500030517578
3223,3223,2,3,Baja,3.033856060773131,0,2020-07-22 03:00:00,,,,,,,,,,,,278,10663.233116799995,16.51025390625,264.16015625,-0.4,Neutro,1,0,16.51025390625,247.64990234375
46167,46167,3,3,Media,11.67161659869737,0,2023-02-20 02:00:00,,,,,,,,,,,,540,1256.9595911695599,18.7958984375,70.10400390625,-0.4,Neutro,1,0,18.7958984375,51.30810546875
13522,13522,2,2,Baja,0.6956349368296434,0,2020-07-05 02:00:00,,,,,,,,,,,,51,4452.806790942504,20.828125,237.490234375,-0.4,Neutro,1,0,20.828125,216.662109375
43291,43291,2,2,Baja,2.8074047849351986,0,2020-07-22 17:00:00,,,,,,,,,,,,324,2874.341264844595,16.255859375,171.7041015625,-0.4,Neutro,1,0,16.255859375,155.4482421875
14760,14760,2,1,Baja,2.936446089402927,0,2025-03-25 16:00:00,,,,,,,,,,,,72,2204.8648189863725,13.96875,116.078125,-0.2,Neutro,1,0,13.96875,102.109375
4779,4779,2,2,Baja,0.5671710580165991,0,2011-12-08 14:00:00,,,,,,,,,,,,30,2163.1545113378584,15.7421875,309.029296875,-1.0,La Niña,0,0,15.7421875,293.287109375
40591,40591,3,2,Baja,0.35411326905904933,0,2020-03-21 03:00:00,,,,,,,,,,,,328,2281.132519681446,12.19189453125,91.43994140625,0.4,Neutro,1,0,12.19189453125,79.248046875
19897,19897,2,2,Baja,2.9565458076841056,0,2024-10-10 06:00:00,,,,,,,,,,,,539,2942.870797582481,27.43212890625,165.86181640625,-0.3,Neutro,1,0,27.43212890625,138.4296875
26243,26243,3,2,Baja,4.456628259037682,0,2021-07-25 03:00:00,,,,,,,,,,,,432,524.3750620610223,15.493896484375,100.075927734375,-0.4,Neutro,1,0,15.493896484375,84.58203125
7111,7111,2,1,Alta,32.71316977585219,1,2018-07-28 14:00:00,,,,,,,,,,,,66,2824.944242972276,10.66796875,94.234375,0.1,Neutro,1,0,10.66796875,83.56640625
53632,53632,5,1,Media,9.939389428824404,0,2018-03-19 08:00:00,,,,,,,,,,,,25,2206.1217766838145,50.0380859375,155.7021484375,-0.7,La Niña,0,0,50.0380859375,105.6640625
53516,53516,1,2,Baja,4.459939322265137,0,2024-10-11 02:00:00,,,,,,,,,,,,42,2132.9933963849944,10.921875,173.990234375,-0.3,Neutro,1,0,10.921875,163.068359375
16081,16081,2,3,Alta,25.19494042499674,0,2011-10-12 19:00:00,,,,,,,,,,,,51,2214.4152360483354,25.1409912109375,271.70098876953125,-1.0,La Niña,0,0,25.1409912109375,246.55999755859375
10158,10158,2,2,Media,9.20645759262942,0,2019-05-14 16:00:00,,,,,,,,,,,,66,2628.6941638321096,26.162109375,223.7744140625,0.5,El Niño,2,0,26.162109375,197.6123046875
36761,36761,2,2,Baja,0.5628247503396506,0,2025-02-21 15:00:00,,,,,,,,,,,,607,2634.481048875651,15.240234375,201.16796875,-0.4,Neutro,1,0,15.240234375,185.927734375
51279,51279,5,1,Media,8.072621403065979,0,2024-10-13 06:00:00,,,,,,,,,,,,11,2266.514547426619,13.96875,234.6953125,-0.3,Neutro,1,0,13.96875,220.7265625
58923,58923,5,1,Media,12.585787513088324,0,2023-09-10 10:00:00,,,,,,,,,,,,601,1757.2139440234232,11.68408203125,92.7099609375,1.6,El Niño,2,0,11.68408203125,81.02587890625
37044,37044,2,1,Baja,3.985186442936088,0,2024-08-12 01:00:00,,,,,,,,,,,,607,1885.3131130941501,11.68408203125,105.15625,-0.1,Neutro,1,0,11.68408203125,93.47216796875
32781,32781,2,2,Baja,3.3138928040784643,0,2019-10-23 05:00:00,,,,,,,,,,,,127,1601.1607498985368,17.77978515625,152.39990234375,0.3,Neutro,1,0,17.77978515625,134.6201171875
25486,25486,3,1,Baja,4.048558807040947,0,2023-02-22 00:00:00,,,,,,,,,,,,432,1524.1298882370263,18.033203125,102.61572265625,-0.4,Neutro,1,0,18.033203125,84.58251953125
52904,52904,4,3,Baja,2.7035902251182775,0,2013-12-01 02:00:00,,,,,,,,,,,,25,2558.429917136367,24.63818359375,331.2158203125,-0.3,Neutro,1,0,24.63818359375,306.57763671875
42192,42192,3,2,Baja,0.3262627807321394,0,2018-05-12 05:00:00,,,,,,,,,,,,52,2388.845672766933,14.732421875,226.568359375,-0.2,Neutro,1,0,14.732421875,211.8359375
16536,16536,2,2,Baja,2.8468349724723754,0,2018-08-04 23:00:00,,,,,,,,,,,,51,394.8026703495947,23.6220703125,132.841796875,0.2,Neutro,1,0,23.6220703125,109.2197265625
9471,9471,2,1,Baja,0.8413566123751844,0,2024-09-30 19:00:00,,,,,,,,,,,,30,4003.1916845857972,27.431640625,235.96484375,-0.2,Neutro,1,0,27.431640625,208.533203125
6503,6503,2,2,Media,6.5472171115763755,0,2019-03-20 06:00:00,,,,,,,,,,,,66,2929.0630737718125,10.4140625,152.654296875,0.7,El Niño,2,0,10.4140625,142.240234375
229,229,2,1,Baja,2.632699654234054,0,2020-08-20 14:00:00,,,,,,,,,,,,30,7233.604011699358,24.384765625,229.87109375,-0.6,La Niña,0,0,24.384765625,205.486328125
43120,43120,2,1,Media,7.432219581052155,0,2020-09-21 01:00:00,,,,,,,,,,,,324,1408.7894142087773,16.763916015625,197.865966796875,-0.9,La Niña,0,0,16.763916015625,181.10205078125
1950,1950,2,1,Media,6.504951470697291,0,2015-10-14 02:00:00,,,,,,,,,,,,30,4981.463013677361,17.2724609375,176.7841796875,2.4,El Niño,2,0,17.2724609375,159.51171875
58726,58726,5,1,Muy alta,103.4755876253644,1,2019-09-23 08:00:00,,,,,,,,,,,,39,1289.7462160523683,10.66796875,106.6806640625,0.2,Neutro,1,0,10.66796875,96.0126953125
49025,49025,5,1,Baja,2.1700670801473554,0,2024-08-30 03:00:00,,,,,,,,,,,,612,2392.3504999602496,21.08203125,158.49609375,-0.1,Neutro,1,0,21.08203125,137.4140625
17855,17855,2,2,Media,7.7778303333962295,0,2018-06-01 16:00:00,,,,,,,,,,,,37,2109.9935022911945,10.4140625,234.4423828125,0.0,Neutro,1,0,10.4140625,224.0283203125
53235,53235,1,1,Media,5.119564563984885,0,2023-07-17 12:00:00,,,,,,,,,,,,499,1494.203614150882,16.763671875,137.921875,1.1,El Niño,2,0,16.763671875,121.158203125
38193,38193,1,2,Baja,1.6904112317030755,0,2018-09-29 09:00:00,,,,,,,,,,,,56,712.6433201257968,12.69970703125,224.7900390625,0.5,El Niño,2,0,12.69970703125,212.09033203125
47747,47747,5,1,Baja,0.5242915693633254,0,2021-03-02 15:00:00,,,,,,,,,,,,4,1911.365256300128,20.0654296875,126.4921875,-0.8,La Niña,0,0,20.0654296875,106.4267578125
44205,44205,3,1,Muy alta,41.025212644854705,0,2018-04-28 00:00:00,,,,,,,,,,,,2,1124.2283872359112,22.0986328125,261.6201171875,-0.5,La Niña,0,0,22.0986328125,239.521484375
46707,46707,5,1,Baja,0.4643988751012342,0,2021-03-02 01:00:00,,,,,,,,,,,,320,1751.884457509557,14.47802734375,106.42578125,-0.8,La Niña,0,0,14.47802734375,91.94775390625
59137,59137,1,2,Baja,1.924123505779365,0,2011-02-24 00:00:00,,,,,,,,,,,,41,684.9608499137258,27.9268798828125,208.2159423828125,-1.2,La Niña,0,0,27.9268798828125,180.2890625
6950,6950,2,1,Baja,4.3061454758824045,0,2019-04-05 15:00:00,,,,,,,,,,,,278,2030.0255304234518,27.177978515625,213.360107421875,0.7,El Niño,2,0,27.177978515625,186.18212890625
52981,52981,1,2,Baja,4.39404921697376,0,2021-07-16 18:00:00,,,,,,,,,,,,35,760.7699778885066,15.494140625,117.34765625,-0.4,Neutro,1,0,15.494140625,101.853515625
448,448,2,2,Baja,0.7097250749952667,0,2018-04-01 08:00:00,,,,,,,,,,,,234,9941.317176911818,11.68402099609375,89.40802001953125,-0.5,La Niña,0,0,11.68402099609375,77.7239990234375
30872,30872,3,3,Baja,0.7243802056771149,0,2025-02-18 22:00:00,,,,,,,,,,,,383,2773.5558768659193,10.4140625,149.859375,-0.4,Neutro,1,0,10.4140625,139.4453125
12802,12802,2,3,Baja,3.237375727700607,0,2020-01-01 01:00:00,,,,,,,,,,,,324,224.08170316862484,14.9859619140625,62.991943359375,0.5,Neutro,1,0,14.9859619140625,48.0059814453125
6592,6592,2,1,Baja,2.6779568313221866,0,2017-05-04 15:00:00,,,,,,,,,,,,30,3570.965810430107,18.5419921875,174.498046875,0.3,Neutro,1,0,18.5419921875,155.9560546875
35462,35462,2,2,Baja,0.4070406602659048,0,2019-12-31 00:00:00,,,,,,,,,,,,389,1645.8340332965142,24.1300048828125,58.67401123046875,0.5,Neutro,1,0,24.1300048828125,34.54400634765625
47324,47324,5,1,Baja,0.41770262807680775,0,2018-11-14 16:00:00,,,,,,,,,,,,4,1345.6498630029546,44.9580078125,231.9013671875,0.9,El Niño,2,0,44.9580078125,186.943359375
7670,7670,2,1,Baja,1.383624355841934,0,2020-07-09 01:00:00,,,,,,,,,,,,278,3394.196010045178,12.4462890625,348.99609375,-0.4,Neutro,1,0,12.4462890625,336.5498046875
514,514,2,1,Baja,2.3639425065052624,0,2015-11-05 12:00:00,,,,,,,,,,,,30,6960.733363333657,22.8603515625,295.40234375,2.6,El Niño,2,0,22.8603515625,272.5419921875
27211,27211,3,1,Media,6.170161921560124,0,2020-07-04 06:00:00,,,,,,,,,,,,432,3128.099196310914,18.28802490234375,160.27401733398438,-0.4,Neutro,1,0,18.28802490234375,141.98599243164062
16900,16900,2,1,Baja,3.360249217549885,0,2019-05-22 22:00:00,,,,,,,,,,,,295,953.1106718547362,13.716064453125,136.14404296875,0.5,El Niño,2,0,13.716064453125,122.427978515625
21854,21854,5,2,Baja,2.1752096939800327,0,2011-08-21 00:00:00,,,,,,,,,,,,21,796.057005110742,15.489013671875,157.18994140625,-0.6,La Niña,0,0,15.489013671875,141.700927734375
52334,52334,1,2,Baja,0.39029954819100177,0,2024-09-03 00:00:00,,,,,,,,,,,,248,2314.017706591442,10.921875,144.7802734375,-0.2,Neutro,1,0,10.921875,133.8583984375
43320,43320,2,1,Baja,2.5371537066307472,0,2023-08-22 19:00:00,,,,,,,,,,,,88,1369.5248020322829,24.8916015625,86.359375,1.3,El Niño,2,0,24.8916015625,61.4677734375
55093,55093,5,1,Alta,14.966633772787409,0,2016-05-04 13:00:00,,,,,,,,,,,,29,1367.7141471368082,26.669921875,177.7998046875,0.4,Neutro,1,0,26.669921875,151.1298828125
28296,28296,3,3,Baja,0.9917132768437146,0,2021-02-21 16:00:00,,,,,,,,,,,,383,1476.8677165776612,20.320068359375,98.298095703125,-0.9,La Niña,0,0,20.320068359375,77.97802734375
20882,20882,2,2,Alta,19.369728705680764,1,2021-12-27 15:00:00,,,,,,,,,,,,275,830.3031134054048,12.44580078125,84.8359375,-1.0,La Niña,0,0,12.44580078125,72.39013671875
29698,29698,3,1,Baja,1.667840208431339,0,2016-05-30 23:00:00,,,,,,,,,,,,57,695.3430080777246,42.1640625,212.08984375,0.4,Neutro,1,0,42.1640625,169.92578125
16785,16785,2,1,Media,6.404756498267843,0,2019-05-25 17:00:00,,,,,,,,,,,,295,708.9325252326898,51.053955078125,206.7559814453125,0.5,El Niño,2,0,51.053955078125,155.7020263671875
53370,53370,5,1,Media,9.89794870059922,0,2011-05-29 09:00:00,,,,,,,,,,,,11,1968.4889389487264,21.324951171875,166.8289794921875,-0.6,La Niña,0,0,21.324951171875,145.5040283203125
60512,60512,4,1,Muy alta,77.67687215285811,3,2020-08-17 14:00:00,,,,,,,,,,,,418,1493.383324970271,28.19403076171875,184.40399169921875,-0.6,La Niña,0,0,28.19403076171875,156.2099609375
43715,43715,2,3,Baja,3.2912025131423377,0,2023-07-17 20:00:00,,,,,,,,,,,,389,3079.086499699929,18.5419921875,128.27001953125,1.1,El Niño,2,0,18.5419921875,109.72802734375
2881,2881,2,1,Baja,1.9304229468049192,0,2020-07-02 19:00:00,,,,,,,,,,,,278,9536.870027683733,15.494140625,309.8798828125,-0.4,Neutro,1,0,15.494140625,294.3857421875
27497,27497,3,1,Media,11.471714657787063,0,2024-08-12 19:00:00,,,,,,,,,,,,636,1365.6358108206657,15.748046875,99.56787109375,-0.1,Neutro,1,0,15.748046875,83.81982421875
6940,6940,2,1,Baja,0.778725005959319,0,2020-11-14 02:00:00,,,,,,,,,,,,278,811.4517411486298,41.91015625,356.3623046875,-1.3,La Niña,0,0,41.91015625,314.4521484375
838,838,2,1,Alta,25.80674003088643,0,2011-11-18 12:00:00,,,,,,,,,,,,30,6179.836745927572,48.5009765625,266.3740234375,-1.1,La Niña,0,0,48.5009765625,217.873046875
1909,1909,2,1,Baja,2.1657681048639192,0,2023-04-21 19:00:00,,,,,,,,,,,,278,11714.20480900584,10.66796875,148.08203125,0.2,Neutro,1,0,10.66796875,137.4140625
53112,53112,5,1,Alta,20.087133593613753,0,2018-09-07 23:00:00,,,,,,,,,,,,53,1273.7741634050603,26.669921875,130.0478515625,0.5,El Niño,2,0,26.669921875,103.3779296875
23431,23431,2,2,Media,11.476840512184397,1,2013-12-02 00:00:00,,,,,,,,,,,,20,1160.7373374616868,14.72705078125,304.7041015625,-0.3,Neutro,1,0,14.72705078125,289.97705078125
16854,16854,2,2,Media,8.274976111410478,0,2018-10-11 09:00:00,,,,,,,,,,,,295,2435.487295590805,26.1619873046875,304.03802490234375,0.8,El Niño,2,0,26.1619873046875,277.87603759765625
19092,19092,2,2,Baja,3.0755931467610655,0,2012-08-17 04:00:00,,,,,,,,,,,,10,2440.2900565007126,18.28271484375,83.80078125,0.4,Neutro,1,0,18.28271484375,65.51806640625
36612,36612,2,1,Baja,2.470908746790948,0,2020-08-20 16:00:00,,,,,,,,,,,,389,1539.2653223843402,26.416015625,179.323974609375,-0.6,La Niña,0,0,26.416015625,152.907958984375
23058,23058,2,2,Baja,2.116235084227547,0,2018-02-03 04:00:00,,,,,,,,,,,,241,437.09720519228335,36.576019287109375,132.5880126953125,-0.9,La Niña,0,0,36.576019287109375,96.01199340820312
13325,13325,2,2,Baja,1.991923852072562,0,2016-11-19 05:00:00,,,,,,,,,,,,51,5406.914282220671,16.25634765625,157.22607421875,-0.7,La Niña,0,0,16.25634765625,140.9697265625
12978,12978,2,2,Baja,0.34662995714091205,0,2020-03-11 02:00:00,,,,,,,,,,,,51,6854.405650028627,24.638671875,54.6103515625,0.4,Neutro,1,0,24.638671875,29.9716796875
10484,10484,2,1,Baja,0.9909499321267865,0,2019-09-16 23:00:00,,,,,,,,,,,,323,1573.9469064257066,18.7960205078125,76.4539794921875,0.2,Neutro,1,0,18.7960205078125,57.657958984375
45208,45208,3,1,Media,11.676956009211802,0,2024-12-28 21:00:00,,,,,,,,,,,,519,1079.9805344033073,15.240234375,133.8583984375,-0.5,Neutro,1,0,15.240234375,118.6181640625
8603,8603,2,2,Baja,3.305329815651624,0,2019-05-09 23:00:00,,,,,,,,,,,,323,2412.430650468054,46.48193359375,215.137939453125,0.5,El Niño,2,0,46.48193359375,168.656005859375
21539,21539,2,2,Baja,2.342166557973529,0,2024-12-26 14:00:00,,,,,,,,,,,,121,268.64129874530806,23.1142578125,69.8505859375,-0.5,Neutro,1,0,23.1142578125,46.736328125
59682,59682,5,2,Media,13.505513829121503,0,2013-09-28 23:00:00,,,,,,,,,,,,22,393.7346832398085,16.255859375,100.583984375,-0.3,Neutro,1,0,16.255859375,84.328125
25640,25640,3,1,Media,5.751617243416632,0,2018-05-13 20:00:00,,,,,,,,,,,,64,2203.935434010754,21.3359375,378.4599609375,-0.2,Neutro,1,0,21.3359375,357.1240234375
16876,16876,2,2,Baja,4.326403876909708,0,2024-12-21 14:00:00,,,,,,,,,,,,295,1883.7375545959612,10.4140625,88.1376953125,-0.5,Neutro,1,0,10.4140625,77.7236328125
31133,31133,3,1,Baja,0.6737488061422967,0,2025-01-02 20:00:00,,,,,,,,,,,,433,2335.396418175944,13.4619140625,151.6376953125,-0.6,Neutro,1,0,13.4619140625,138.17578125
23422,23422,2,2,Baja,1.0633822768138876,0,2023-08-25 13:00:00,,,,,,,,,,,,274,2235.4847154517624,11.68359375,90.423828125,1.3,El Niño,2,0,11.68359375,78.740234375
17510,17510,2,2,Baja,1.8110453514319325,0,2015-06-09 14:00:00,,,,,,,,,,,,32,1838.3022134687394,23.8759765625,157.98779296875,1.2,El Niño,2,0,23.8759765625,134.11181640625
592,592,2,2,Baja,0.3398714167998634,0,2020-06-06 04:00:00,,,,,,,,,,,,234,11137.280186637512,13.4619140625,140.2080078125,-0.3,Neutro,1,0,13.4619140625,126.74609375
19856,19856,2,2,Baja,1.5331195144630156,0,2017-09-13 19:00:00,,,,,,,,,,,,76,914.2881521265657,17.5263671875,117.85595703125,-0.4,Neutro,1,0,17.5263671875,100.32958984375
53165,53165,1,2,Muy alta,48.76047176152497,0,2013-11-30 07:00:00,,,,,,,,,,,,42,2391.16818864468,56.38818359375,354.583984375,-0.2,Neutro,1,0,56.38818359375,298.19580078125
18074,18074,5,1,Media,5.14479035744288,0,2020-07-27 08:00:00,,,,,,,,,,,,10,3715.193655170614,15.240234375,296.41796875,-0.4,Neutro,1,0,15.240234375,281.177734375
6136,6136,2,3,Baja,0.8040571910384858,0,2021-02-26 14:00:00,,,,,,,,,,,,278,1888.9176117109232,10.4140625,92.4560546875,-0.9,La Niña,0,0,10.4140625,82.0419921875
53714,53714,4,1,Alta,19.73322347283627,0,2016-05-02 00:00:00,,,,,,,,,,,,3,2552.9051870881126,16.255859375,221.99609375,0.4,Neutro,1,0,16.255859375,205.740234375
2371,2371,2,2,Baja,2.2004863588307804,0,2016-09-01 12:00:00,,,,,,,,,,,,30,4735.801798259424,10.921875,150.3681640625,-0.6,La Niña,0,0,10.921875,139.4462890625
52969,52969,4,1,Baja,2.4105831844136065,0,2011-09-17 15:00:00,,,,,,,,,,,,25,2352.870619173893,17.77490234375,174.968994140625,-0.8,La Niña,0,0,17.77490234375,157.194091796875
43690,43690,2,2,Baja,0.7523842007527637,0,2019-09-30 20:00:00,,,,,,,,,,,,389,2608.161842946139,17.5260009765625,150.87600708007812,0.2,Neutro,1,0,17.5260009765625,133.35000610351562
15458,15458,2,2,Baja,2.671313488855321,0,2020-04-01 07:00:00,,,,,,,,,,,,320,4116.547162564399,16.763916015625,105.6640625,0.2,Neutro,1,0,16.763916015625,88.900146484375
43330,43330,2,1,Baja,4.056995852481669,0,2019-04-18 05:00:00,,,,,,,,,,,,324,2015.5189146615403,46.99005126953125,212.34405517578125,0.7,El Niño,2,0,46.99005126953125,165.35400390625
13874,13874,2,2,Baja,1.5539283443360778,1,2017-05-06 04:00:00,,,,,,,,,,,,51,3648.035826304151,27.4326171875,123.1904296875,0.3,Neutro,1,0,27.4326171875,95.7578125
26914,26914,3,1,Media,5.140263646126652,0,2023-04-29 22:00:00,,,,,,,,,,,,515,3187.348354744978,15.240234375,192.7861328125,0.2,Neutro,1,0,15.240234375,177.5458984375
42193,42193,3,1,Baja,3.404824947194632,0,2019-10-25 16:00:00,,,,,,,,,,,,64,1109.458343699005,20.3193359375,228.853515625,0.3,Neutro,1,0,20.3193359375,208.5341796875
19158,19158,2,1,Media,13.48159817700172,0,2023-07-07 01:00:00,,,,,,,,,,,,543,935.0757844155798,15.239990234375,130.555908203125,1.1,El Niño,2,0,15.239990234375,115.31591796875
33984,33984,2,1,Media,11.653439582682628,0,2019-05-21 16:00:00,,,,,,,,,,,,66,872.1827321425136,25.9072265625,233.6796875,0.5,El Niño,2,0,25.9072265625,207.7724609375
7467,7467,2,1,Baja,4.225597426455365,0,2024-09-05 23:00:00,,,,,,,,,,,,323,1610.261908740471,20.06640625,249.4287109375,-0.2,Neutro,1,0,20.06640625,229.3623046875
50703,50703,5,1,Baja,3.1998267411946753,0,2021-02-19 22:00:00,,,,,,,,,,,,3,4786.101061534875,32.00390625,95.25,-0.9,La Niña,0,0,32.00390625,63.24609375
56342,56342,4,1,Media,6.603592856441419,0,2024-08-13 05:00:00,,,,,,,,,,,,25,1119.3973934191881,18.794921875,87.8828125,-0.1,Neutro,1,0,18.794921875,69.087890625
18932,18932,2,2,Baja,3.9107430874096303,0,2014-06-07 22:00:00,,,,,,,,,,,,37,339.6506927573282,22.60595703125,171.44970703125,0.2,Neutro,1,0,22.60595703125,148.84375
21172,21172,5,1,Muy alta,78.67921743815859,2,2020-07-01 23:00:00,,,,,,,,,,,,10,399.00909223462526,23.369140625,146.8125,-0.4,Neutro,1,0,23.369140625,123.443359375
22920,22920,5,2,Baja,3.615131533949654,0,2011-12-04 05:00:00,,,,,,,,,,,,21,995.4919307533236,18.282958984375,318.9248046875,-1.0,La Niña,0,0,18.282958984375,300.641845703125
7603,7603,2,3,Baja,1.478821200451011,0,2024-09-05 14:00:00,,,,,,,,,,,,323,1435.3056962907597,20.828125,256.2861328125,-0.2,Neutro,1,0,20.828125,235.4580078125
60178,60178,4,1,Media,13.004074521630754,0,2020-07-02 03:00:00,,,,,,,,,,,,43,1229.7940615820999,27.939453125,148.58984375,-0.4,Neutro,1,0,27.939453125,120.650390625
37504,37504,2,1,Alta,35.43166105384593,1,2014-05-07 10:00:00,,,,,,,,,,,,70,1463.7147473549096,14.73193359375,135.1279296875,0.2,Neutro,1,0,14.73193359375,120.39599609375
50467,50467,5,1,Media,9.265675776658274,1,2017-03-09 00:00:00,,,,,,,,,,,,3,5101.257970318289,31.75,186.689453125,0.1,Neutro,1,0,31.75,154.939453125
54420,54420,4,1,Baja,4.022718595053332,0,2018-11-10 04:00:00,,,,,,,,,,,,25,1875.4938123260538,32.51171875,287.5283203125,0.9,El Niño,2,0,32.51171875,255.0166015625
48052,48052,5,3,Baja,1.399194761200181,0,2022-04-20 16:00:00,,,,,,,,,,,,4,1428.9707778396378,10.66796875,370.83984375,-1.1,La Niña,0,0,10.66796875,360.171875
499,499,2,1,Baja,2.017561912887701,0,2020-08-16 01:00:00,,,,,,,,,,,,30,7485.398576378237,12.953125,184.912109375,-0.6,La Niña,0,0,12.953125,171.958984375
15740,15740,2,1,Alta,28.754421603580507,0,2012-11-17 10:00:00,,,,,,,,,,,,51,1324.7640763495742,19.303955078125,139.9541015625,0.1,Neutro,1,0,19.303955078125,120.650146484375
33903,33903,2,1,Media,5.619652715534515,0,2019-03-21 16:00:00,,,,,,,,,,,,47,2222.745443665624,33.52734375,190.24609375,0.7,El Niño,2,0,33.52734375,156.71875
34902,34902,2,1,Media,13.060063638064955,0,2012-10-05 12:00:00,,,,,,,,,,,,72,448.43678603070555,24.63800048828125,101.85401916503906,0.3,Neutro,1,0,24.63800048828125,77.21601867675781
17864,17864,2,2,Baja,1.078074131553558,0,2012-10-15 22:00:00,,,,,,,,,,,,51,1869.7514587764254,13.2080078125,172.2119140625,0.3,Neutro,1,0,13.2080078125,159.00390625
35972,35972,2,2,Baja,1.061718181729567,0,2016-05-06 21:00:00,,,,,,,,,,,,32,1299.1166595523443,19.05029296875,146.30419921875,0.4,Neutro,1,0,19.05029296875,127.25390625
14040,14040,2,2,Baja,3.9316304741845376,0,2024-09-02 02:00:00,,,,,,,,,,,,295,3782.8286126500984,46.2275390625,180.84765625,-0.2,Neutro,1,0,46.2275390625,134.6201171875
7951,7951,2,3,Baja,0.8448442307275469,0,2019-05-22 01:00:00,,,,,,,,,,,,278,1052.5981747735573,15.748046875,240.283935546875,0.5,El Niño,2,0,15.748046875,224.535888671875
45633,45633,3,1,Muy alta,64.93057646531608,4,2018-01-18 02:00:00,,,,,,,,,,,,62,351.0046286197277,16.509765625,168.1474609375,-0.9,La Niña,0,0,16.509765625,151.6376953125
19072,19072,2,1,Media,6.111689867172377,0,2013-05-22 08:00:00,,,,,,,,,,,,70,1193.6206413200873,26.41595458984375,219.7099609375,-0.4,Neutro,1,0,26.41595458984375,193.29400634765625
58054,58054,1,1,Media,7.058621466992798,0,2018-06-24 02:00:00,,,,,,,,,,,,289,803.4759606076252,15.74798583984375,143.2559814453125,0.0,Neutro,1,0,15.74798583984375,127.50799560546875
10778,10778,2,1,Baja,0.4346739041899627,0,2019-05-30 03:00:00,,,,,,,,,,,,323,2386.067583298126,11.1759033203125,351.5360107421875,0.5,El Niño,2,0,11.1759033203125,340.360107421875
18559,18559,2,2,Baja,1.4558958306839997,0,2020-07-11 15:00:00,,,,,,,,,,,,51,1990.8071406543436,26.162109375,270.509765625,-0.4,Neutro,1,0,26.162109375,244.34765625
50165,50165,5,2,Media,9.633769546788114,0,2024-10-10 22:00:00,,,,,,,,,,,,456,1344.6086850719319,54.35595703125,140.2080078125,-0.3,Neutro,1,0,54.35595703125,85.85205078125
18858,18858,2,1,Media,11.974209426273415,0,2024-08-13 18:00:00,,,,,,,,,,,,543,1298.7305301875683,23.3681640625,123.9521484375,-0.1,Neutro,1,0,23.3681640625,100.583984375
11213,11213,2,1,Baja,0.8277578672366096,0,2021-01-24 16:00:00,,,,,,,,,,,,323,2275.378563893912,10.921875,101.60009765625,-1.0,La Niña,0,0,10.921875,90.67822265625
35672,35672,2,1,Baja,1.1982117781338903,0,2023-08-22 01:00:00,,,,,,,,,,,,389,1247.177654279459,12.44580078125,84.8359375,1.3,El Niño,2,0,12.44580078125,72.39013671875
3032,3032,2,1,Baja,1.1467045641344504,0,2020-04-23 09:00:00,,,,,,,,,,,,278,9138.894923346092,39.115966796875,161.0361328125,0.2,Neutro,1,0,39.115966796875,121.920166015625
52996,52996,1,2,Baja,1.7367657507462397,0,2021-12-29 19:00:00,,,,,,,,,,,,499,2305.0449196134455,45.973876953125,143.001953125,-1.0,La Niña,0,0,45.973876953125,97.028076171875
13203,13203,2,3,Baja,3.057376493578347,0,2013-09-28 19:00:00,,,,,,,,,,,,51,5443.313462982117,28.955810546875,134.873779296875,-0.3,Neutro,1,0,28.955810546875,105.91796875
57462,57462,1,1,Baja,2.680503927091324,0,2012-03-05 15:00:00,,,,,,,,,,,,26,1890.1492723982976,25.654296875,78.486083984375,-0.6,La Niña,0,0,25.654296875,52.831787109375
4678,4678,2,1,Baja,2.7281332413104136,0,2024-04-03 03:00:00,,,,,,,,,,,,30,4278.402474272857,13.71484375,51.81640625,0.7,El Niño,2,0,13.71484375,38.1015625
13814,13814,2,2,Media,7.124210620090574,0,2024-09-02 04:00:00,,,,,,,,,,,,295,4372.281422949578,26.416015625,183.3876953125,-0.2,Neutro,1,0,26.416015625,156.9716796875
3851,3851,2,3,Baja,0.43680370515304456,0,2021-07-16 11:00:00,,,,,,,,,,,,234,4436.247104924887,11.68408203125,292.35400390625,-0.4,Neutro,1,0,11.68408203125,280.669921875
15861,15861,2,1,Media,8.179360768493915,0,2023-08-22 13:00:00,,,,,,,,,,,,295,2489.443922756044,46.736328125,112.5224609375,1.3,El Niño,2,0,46.736328125,65.7861328125
26978,26978,3,2,Baja,1.358614967101062,0,2023-10-19 12:00:00,,,,,,,,,,,,636,947.9932687229498,22.60595703125,243.0780029296875,1.8,El Niño,2,0,22.60595703125,220.4720458984375
56572,56572,1,2,Baja,1.1882048270755599,0,2024-08-12 00:00:00,,,,,,,,,,,,184,296.2608079711173,14.986328125,104.39453125,-0.1,Neutro,1,0,14.986328125,89.408203125
22137,22137,2,2,Baja,3.7629955026961532,0,2019-10-31 02:00:00,,,,,,,,,,,,154,1618.00524152288,12.69970703125,132.841796875,0.3,Neutro,1,0,12.69970703125,120.14208984375
28368,28368,3,1,Baja,2.0877247503817897,0,2019-05-17 06:00:00,,,,,,,,,,,,57,2826.7153401695914,18.5419921875,226.568359375,0.5,El Niño,2,0,18.5419921875,208.0263671875
24242,24242,3,1,Alta,16.751424463676795,0,2024-12-07 10:00:00,,,,,,,,,,,,261,829.7176655580267,36.576171875,298.4501953125,-0.5,Neutro,1,0,36.576171875,261.8740234375
28546,28546,3,1,Baja,3.5440574791481563,0,2024-10-28 03:00:00,,,,,,,,,,,,57,3577.825893783463,13.716796875,323.08984375,-0.3,Neutro,1,0,13.716796875,309.373046875
21239,21239,2,2,Alta,21.617653894875207,0,2018-10-21 19:00:00,,,,,,,,,,,,89,594.8250507227777,14.73193359375,299.46630859375,0.8,El Niño,2,0,14.73193359375,284.734375
59642,59642,4,3,Media,12.391452863861943,0,2025-02-14 03:00:00,,,,,,,,,,,,43,1202.6019668738068,28.703125,196.08984375,-0.4,Neutro,1,0,28.703125,167.38671875
10366,10366,2,2,Baja,1.41101766475409,0,2020-08-18 07:00:00,,,,,,,,,,,,278,3187.4135404459294,11.4296875,201.421875,-0.6,La Niña,0,0,11.4296875,189.9921875
57992,57992,4,1,Media,8.840861593780316,0,2022-08-22 03:00:00,,,,,,,,,,,,18,1264.7423382119098,10.921875,307.0859375,-0.9,La Niña,0,0,10.921875,296.1640625
59402,59402,1,1,Media,12.500447618108355,0,2019-05-30 10:00:00,,,,,,,,,,,,189,620.4810909791813,10.9219970703125,191.261962890625,0.5,El Niño,2,0,10.9219970703125,180.3399658203125
28391,28391,3,1,Baja,1.9150684518505336,0,2023-07-07 00:00:00,,,,,,,,,,,,383,1296.8042268659024,31.75,199.6435546875,1.1,El Niño,2,0,31.75,167.8935546875
27607,27607,3,3,Baja,2.0747351544983985,0,2024-08-24 22:00:00,,,,,,,,,,,,636,2018.2130985400674,15.239990234375,132.842041015625,-0.1,Neutro,1,0,15.239990234375,117.60205078125
52544,52544,1,1,Media,8.821845794921181,0,2023-08-22 10:00:00,,,,,,,,,,,,35,920.6006047924101,11.9375,52.578125,1.3,El Niño,2,0,11.9375,40.640625
41322,41322,3,1,Media,7.335840400728623,0,2019-05-20 15:00:00,,,,,,,,,,,,65,463.4654126389207,10.16015625,234.6962890625,0.5,El Niño,2,0,10.16015625,224.5361328125
21203,21203,2,1,Media,6.002424187244915,0,2024-09-27 23:00:00,,,,,,,,,,,,70,1436.52722061066,14.22265625,110.7421875,-0.2,Neutro,1,0,14.22265625,96.51953125
9467,9467,2,1,Media,9.508190300781239,0,2014-05-10 03:00:00,,,,,,,,,,,,66,932.0607458990416,12.7001953125,142.494140625,0.2,Neutro,1,0,12.7001953125,129.7939453125
37642,37642,2,2,Baja,1.14973297046108,0,2024-09-25 19:00:00,,,,,,,,,,,,607,839.1778959773009,10.921875,127.25390625,-0.2,Neutro,1,0,10.921875,116.33203125
19247,19247,2,2,Media,7.672604820158669,1,2016-05-02 12:00:00,,,,,,,,,,,,10,2257.317232131815,14.7314453125,223.265625,0.4,Neutro,1,0,14.7314453125,208.5341796875
54696,54696,4,3,Baja,3.487939847039519,0,2023-04-17 08:00:00,,,,,,,,,,,,3,1329.2443574786498,45.2109375,199.642578125,0.2,Neutro,1,0,45.2109375,154.431640625
25758,25758,3,3,Media,5.5019524274748886,0,2020-08-14 07:00:00,,,,,,,,,,,,64,2324.328164372611,10.921875,137.16015625,-0.6,La Niña,0,0,10.921875,126.23828125
20065,20065,2,1,Media,6.453687303616539,0,2017-05-23 02:00:00,,,,,,,,,,,,70,303.8460356826052,17.27197265625,206.501953125,0.3,Neutro,1,0,17.27197265625,189.22998046875
25081,25081,3,1,Media,13.304352817788688,0,2019-07-05 05:00:00,,,,,,,,,,,,261,848.8160412814838,26.416015625,187.960205078125,0.3,Neutro,1,0,26.416015625,161.544189453125
52450,52450,1,2,Media,4.824647132146129,0,2016-05-09 22:00:00,,,,,,,,,,,,16,924.3189472941884,23.6220703125,160.01953125,0.4,Neutro,1,0,23.6220703125,136.3974609375
12879,12879,2,1,Media,4.8822509638342515,1,2019-10-19 08:00:00,,,,,,,,,,,,324,362.9310874687733,13.716064453125,187.7060546875,0.3,Neutro,1,0,13.716064453125,173.989990234375
57661,57661,5,2,Baja,3.2330381580416763,0,2020-06-12 21:00:00,,,,,,,,,,,,1,984.2557943681674,10.66796875,108.2041015625,-0.3,Neutro,1,0,10.66796875,97.5361328125
25930,25930,3,2,Baja,0.8281612823143453,0,2023-02-21 06:00:00,,,,,,,,,,,,432,720.8728241594571,28.1943359375,85.34423828125,-0.4,Neutro,1,0,28.1943359375,57.14990234375
1512,1512,2,1,Baja,1.035057945984715,0,2019-02-28 16:00:00,,,,,,,,,,,,234,10811.255678340882,19.30419921875,79.756103515625,0.7,El Niño,2,0,19.30419921875,60.451904296875
22526,22526,2,2,Baja,3.750980745736918,0,2025-02-25 11:00:00,,,,,,,,,,,,20,961.3953658878665,22.3515625,163.576171875,-0.4,Neutro,1,0,22.3515625,141.224609375
16656,16656,2,2,Media,4.93651562055568,0,2014-04-16 10:00:00,,,,,,,,,,,,4,4056.7150278509803,28.4482421875,62.22998046875,0.0,Neutro,1,0,28.4482421875,33.78173828125
347,347,2,1,Baja,1.2128586806862476,0,2024-08-29 14:00:00,,,,,,,,,,,,234,11186.358456137024,33.78125,204.4697265625,-0.1,Neutro,1,0,33.78125,170.6884765625
55554,55554,4,2,Media,6.098436932047795,0,2010-11-03 03:00:00,,,,,,,,,,,,3,383.8262346294747,34.0269775390625,345.63214111328125,-1.6,La Niña,0,0,34.0269775390625,311.60516357421875
39951,39951,3,2,Baja,0.585203095215454,0,2023-07-06 19:00:00,,,,,,,,,,,,334,1164.329114404326,34.544921875,160.5283203125,1.1,El Niño,2,0,34.544921875,125.9833984375
19393,19393,2,1,Media,11.301948873386413,0,2024-08-05 08:00:00,,,,,,,,,,,,539,1130.2519883262191,11.93798828125,59.9443359375,-0.1,Neutro,1,0,11.93798828125,48.00634765625
58193,58193,4,1,Alta,24.93119514113416,0,2025-03-06 05:00:00,,,,,,,,,,,,18,1531.835512079366,17.017578125,279.146484375,-0.2,Neutro,1,0,17.017578125,262.12890625
6880,6880,2,1,Media,8.142217533592621,0,2016-04-26 14:00:00,,,,,,,,,,,,66,3780.47911500607,20.57373046875,118.8720703125,0.9,El Niño,2,0,20.57373046875,98.29833984375
11861,11861,2,1,Baja,1.2252097593720694,0,2023-07-28 07:00:00,,,,,,,,,,,,324,3282.026276394583,16.2568359375,93.7265625,1.1,El Niño,2,0,16.2568359375,77.4697265625
7124,7124,2,1,Media,11.0237638088152,0,2020-04-28 06:00:00,,,,,,,,,,,,323,3033.8310726132895,13.969970703125,214.884033203125,0.2,Neutro,1,0,13.969970703125,200.9140625
2210,2210,2,3,Baja,0.5866676485926177,0,2019-05-11 20:00:00,,,,,,,,,,,,234,7355.411853749668,14.73193359375,184.404052734375,0.5,El Niño,2,0,14.73193359375,169.672119140625
20510,20510,5,1,Baja,4.658745162390177,0,2017-11-11 15:00:00,,,,,,,,,,,,21,1865.1294467054074,16.5107421875,159.00390625,-0.8,La Niña,0,0,16.5107421875,142.4931640625
59028,59028,4,1,Alta,15.886211612071898,0,2012-09-10 05:00:00,,,,,,,,,,,,43,429.122689176224,16.2509765625,212.0400390625,0.4,Neutro,1,0,16.2509765625,195.7890625
14135,14135,2,1,Media,5.74876545032419,0,2013-06-24 17:00:00,,,,,,,,,,,,51,3325.8394792692898,13.7158203125,132.333984375,-0.4,Neutro,1,0,13.7158203125,118.6181640625
5587,5587,2,1,Baja,1.7813095973196766,0,2020-08-13 09:00:00,,,,,,,,,,,,323,3256.5120871902955,13.969970703125,165.10009765625,-0.6,La Niña,0,0,13.969970703125,151.130126953125
35285,35285,2,2,Baja,1.51715427321073,0,2018-05-10 07:00:00,,,,,,,,,,,,72,1186.8782419873573,12.1923828125,210.8203125,-0.2,Neutro,1,0,12.1923828125,198.6279296875
15277,15277,2,3,Baja,1.754867562451976,0,2018-11-02 09:00:00,,,,,,,,,,,,51,3551.3084469453497,24.3837890625,222.25,0.9,El Niño,2,0,24.3837890625,197.8662109375
21020,21020,5,1,Media,11.105549033071592,0,2014-05-10 08:00:00,,,,,,,,,,,,10,760.0121308708808,14.4775390625,231.59765625,0.2,Neutro,1,0,14.4775390625,217.1201171875
57692,57692,1,1,Baja,2.863936797511519,0,2015-11-02 13:00:00,,,,,,,,,,,,26,1907.2025899276182,29.7177734375,153.923828125,2.6,El Niño,2,0,29.7177734375,124.2060546875
46931,46931,5,1,Baja,2.4572615836679748,0,2024-09-02 16:00:00,,,,,,,,,,,,4,2422.9858276075665,22.859375,179.83203125,-0.2,Neutro,1,0,22.859375,156.97265625
29424,29424,3,1,Baja,0.35544476176096246,0,2020-08-20 14:00:00,,,,,,,,,,,,383,1056.768352466795,27.4320068359375,232.91796875,-0.6,La Niña,0,0,27.4320068359375,205.4859619140625
33579,33579,2,1,Alta,32.105002352040195,1,2017-09-17 18:00:00,,,,,,,,,,,,127,1598.2221377505427,19.050048828125,181.864013671875,-0.4,Neutro,1,0,19.050048828125,162.81396484375
24578,24578,3,2,Media,7.247100638107293,0,2013-08-09 15:00:00,,,,,,,,,,,,61,804.1089113513888,42.1640625,65.531982421875,-0.3,Neutro,1,0,42.1640625,23.367919921875
7479,7479,2,1,Baja,1.6881275442781805,0,2020-07-09 16:00:00,,,,,,,,,,,,278,726.1726866868413,31.49609375,368.0458984375,-0.4,Neutro,1,0,31.49609375,336.5498046875
25848,25848,3,1,Baja,3.554666642106906,0,2021-01-11 11:00:00,,,,,,,,,,,,64,2321.124873859768,20.06640625,246.1259765625,-1.0,La Niña,0,0,20.06640625,226.0595703125
28333,28333,3,1,Baja,4.5359699345440605,0,2018-04-29 07:00:00,,,,,,,,,,,,57,3413.4557003361915,18.5419921875,333.755859375,-0.5,La Niña,0,0,18.5419921875,315.2138671875
5691,5691,2,1,Baja,4.522005009709635,0,2015-07-15 18:00:00,,,,,,,,,,,,30,4359.6761920744675,32.51171875,66.8017578125,1.5,El Niño,2,0,32.51171875,34.2900390625
18648,18648,5,1,Baja,1.1091240262953208,0,2023-09-11 18:00:00,,,,,,,,,,,,4,2645.327877781554,21.08203125,141.986328125,1.6,El Niño,2,0,21.08203125,120.904296875
28232,28232,3,1,Baja,2.2862128420141894,0,2021-12-28 20:00:00,,,,,,,,,,,,58,1891.2914609407242,15.494140625,131.064453125,-1.0,La Niña,0,0,15.494140625,115.5703125
34410,34410,2,2,Baja,1.4373876034922488,0,2018-11-26 01:00:00,,,,,,,,,,,,47,975.5869629774587,22.60546875,187.1982421875,0.9,El Niño,2,0,22.60546875,164.5927734375
41148,41148,3,2,Baja,0.8449428040358218,0,2018-04-01 12:00:00,,,,,,,,,,,,52,682.6262112049749,17.52587890625,109.47412109375,-0.5,La Niña,0,0,17.52587890625,91.9482421875
2243,2243,2,2,Baja,0.6389571293415326,0,2019-05-22 18:00:00,,,,,,,,,,,,234,6043.8854420713105,12.7001953125,227.076171875,0.5,El Niño,2,0,12.7001953125,214.3759765625
49756,49756,2,1,Media,8.52532502593443,0,2023-04-28 23:00:00,,,,,,,,,,,,274,585.5073878229094,23.6220703125,141.7314453125,0.2,Neutro,1,0,23.6220703125,118.109375
33834,33834,2,1,Media,9.53593616359637,0,2018-09-15 20:00:00,,,,,,,,,,,,66,834.8362607806454,19.8115234375,159.51171875,0.5,El Niño,2,0,19.8115234375,139.7001953125
57966,57966,4,1,Media,4.8733886642517765,0,2010-12-03 18:00:00,,,,,,,,,,,,3,1844.012591203235,36.8109130859375,364.0499267578125,-1.6,La Niña,0,0,36.8109130859375,327.239013671875
57395,57395,1,2,Baja,0.6208769525652331,0,2020-08-20 21:00:00,,,,,,,,,,,,42,1557.2875748393787,24.130859375,153.416015625,-0.6,La Niña,0,0,24.130859375,129.28515625
15006,15006,2,1,Baja,4.324492777573266,0,2018-10-06 07:00:00,,,,,,,,,,,,295,2397.478975732367,12.446044921875,287.78204345703125,0.8,El Niño,2,0,12.446044921875,275.33599853515625
21963,21963,5,2,Baja,4.21637826239353,0,2014-05-15 05:00:00,,,,,,,,,,,,21,1142.1980975360595,16.76123046875,223.46337890625,0.2,Neutro,1,0,16.76123046875,206.7021484375
48192,48192,5,1,Baja,0.8491511784576685,0,2012-01-17 09:00:00,,,,,,,,,,,,10,2280.8276269223934,23.6123046875,109.9404296875,-0.9,La Niña,0,0,23.6123046875,86.328125
35207,35207,2,1,Baja,4.035717059377722,0,2024-08-25 16:00:00,,,,,,,,,,,,373,818.4626996351903,12.9541015625,149.60595703125,-0.1,Neutro,1,0,12.9541015625,136.65185546875
6539,6539,2,1,Baja,0.9633847639763148,0,2019-03-01 12:00:00,,,,,,,,,,,,278,1466.7316014425253,11.93798828125,109.2198486328125,0.7,El Niño,2,0,11.93798828125,97.2818603515625
3843,3843,2,1,Baja,0.5547527988369945,0,2020-08-13 16:00:00,,,,,,,,,,,,278,9653.766662773265,10.66845703125,163.576171875,-0.6,La Niña,0,0,10.66845703125,152.90771484375
43088,43088,2,3,Baja,0.9561403654526845,0,2021-04-20 17:00:00,,,,,,,,,,,,324,3215.327730820959,12.9541015625,201.676025390625,-0.7,La Niña,0,0,12.9541015625,188.721923828125
44870,44870,3,1,Media,6.833512779795117,0,2023-04-16 09:00:00,,,,,,,,,,,,519,2448.8144756139004,11.68408203125,190.75390625,0.2,Neutro,1,0,11.68408203125,179.06982421875
52488,52488,5,1,Alta,16.144673833726973,0,2012-04-07 23:00:00,,,,,,,,,,,,53,939.6056268250484,33.7750244140625,222.716064453125,-0.5,La Niña,0,0,33.7750244140625,188.9410400390625
52120,52120,4,2,Media,7.3740671740870445,0,2024-10-11 02:00:00,,,,,,,,,,,,25,3421.630758847302,10.16015625,239.77734375,-0.3,Neutro,1,0,10.16015625,229.6171875
53171,53171,5,3,Alta,19.89563974456057,0,2011-09-10 21:00:00,,,,,,,,,,,,53,1230.1171078647765,23.86798095703125,160.24298095703125,-0.8,La Niña,0,0,23.86798095703125,136.375
54344,54344,4,2,Baja,2.4381171699960915,0,2018-09-17 03:00:00,,,,,,,,,,,,3,1600.4630687834208,12.4453125,232.408203125,0.5,El Niño,2,0,12.4453125,219.962890625
16918,16918,2,1,Media,14.475240720432062,0,2013-10-11 08:00:00,,,,,,,,,,,,72,1889.35517219896,20.573974609375,152.39990234375,-0.2,Neutro,1,0,20.573974609375,131.825927734375
41312,41312,3,1,Alta,17.252513189796154,0,2018-09-07 04:00:00,,,,,,,,,,,,65,483.43766764268105,15.494140625,129.794921875,0.5,El Niño,2,0,15.494140625,114.30078125
43891,43891,2,2,Baja,1.9969537310978633,0,2017-07-15 04:00:00,,,,,,,,,,,,88,4745.268142444751,13.9697265625,138.68408203125,0.1,Neutro,1,0,13.9697265625,124.71435546875
40940,40940,3,2,Baja,2.742636967196911,0,2018-03-24 01:00:00,,,,,,,,,,,,65,564.9628375406635,24.1298828125,117.85546875,-0.7,La Niña,0,0,24.1298828125,93.7255859375
4767,4767,2,1,Baja,1.3803076348899819,0,2021-07-27 22:00:00,,,,,,,,,,,,323,4254.589903097974,16.76416015625,243.84033203125,-0.4,Neutro,1,0,16.76416015625,227.076171875
27131,27131,3,1,Baja,2.713913205092228,0,2023-04-17 17:00:00,,,,,,,,,,,,432,2002.599826978568,11.4306640625,195.326171875,0.2,Neutro,1,0,11.4306640625,183.8955078125
53739,53739,4,1,Baja,3.5271704154254704,0,2023-04-12 06:00:00,,,,,,,,,,,,3,2129.0337555907804,14.224609375,179.0703125,0.2,Neutro,1,0,14.224609375,164.845703125
11777,11777,2,1,Baja,1.2201975068692874,0,2020-07-27 23:00:00,,,,,,,,,,,,324,3500.4132130794305,15.494140625,219.2021484375,-0.4,Neutro,1,0,15.494140625,203.7080078125
56479,56479,1,2,Baja,1.696834778355033,0,2019-02-28 17:00:00,,,,,,,,,,,,184,387.78888945356425,16.763916015625,54.864013671875,0.7,El Niño,2,0,16.763916015625,38.10009765625
60369,60369,4,1,Alta,37.73824363963397,0,2024-12-24 07:00:00,,,,,,,,,,,,418,1136.7794858024886,12.1923828125,116.5859375,-0.5,Neutro,1,0,12.1923828125,104.3935546875
9870,9870,2,1,Baja,0.36366684573466407,0,2011-03-20 19:00:00,,,,,,,,,,,,30,4086.0666479708916,21.8399658203125,289.2349853515625,-0.9,La Niña,0,0,21.8399658203125,267.39501953125
9618,9618,2,1,Baja,0.39022983251484855,0,2011-05-22 10:00:00,,,,,,,,,,,,30,3940.339598233619,20.573974609375,294.81982421875,-0.6,La Niña,0,0,20.573974609375,274.245849609375
60707,60707,3,2,Media,6.952835121985412,0,2025-03-17 00:00:00,,,,,,,,,,,,418,1770.8533235852851,15.494140625,209.0419921875,-0.2,Neutro,1,0,15.494140625,193.5478515625
13891,13891,2,2,Media,8.862201263677127,0,2024-07-27 13:00:00,,,,,,,,,,,,295,4132.897300213699,26.162109375,114.80859375,0.0,Neutro,1,0,26.162109375,88.646484375
14508,14508,2,3,Media,10.515316340639291,0,2013-09-28 15:00:00,,,,,,,,,,,,51,2988.1989166977955,33.27392578125,134.873779296875,-0.3,Neutro,1,0,33.27392578125,101.599853515625
6788,6788,2,1,Baja,0.6529755895214883,0,2020-07-09 05:00:00,,,,,,,,,,,,278,1099.1060263444242,12.4462890625,348.99609375,-0.4,Neutro,1,0,12.4462890625,336.5498046875
48429,48429,5,1,Baja,1.057918713306448,0,2024-03-31 23:00:00,,,,,,,,,,,,4,3159.6688101598197,21.84375,98.806640625,1.1,El Niño,2,0,21.84375,76.962890625
15919,15919,2,1,Baja,3.621038953531951,0,2018-09-19 16:00:00,,,,,,,,,,,,295,1660.141230214938,10.9219970703125,169.92596435546875,0.5,El Niño,2,0,10.9219970703125,159.00396728515625
46137,46137,3,1,Media,7.744667177897503,0,2018-11-03 03:00:00,,,,,,,,,,,,193,840.0100709985963,26.670166015625,512.826171875,0.9,El Niño,2,0,26.670166015625,486.156005859375
19471,19471,2,2,Media,5.140622892962547,0,2023-01-03 20:00:00,,,,,,,,,,,,392,347.9780355195152,17.01806640625,58.166015625,-0.7,La Niña,0,0,17.01806640625,41.14794921875
45650,45650,3,3,Media,8.152990216724262,0,2024-12-07 09:00:00,,,,,,,,,,,,540,148.5697017135369,12.9541015625,204.724609375,-0.5,Neutro,1,0,12.9541015625,191.7705078125
41423,41423,3,1,Alta,17.001305365903665,0,2018-04-27 10:00:00,,,,,,,,,,,,65,1751.901310424152,31.75,259.841796875,-0.5,La Niña,0,0,31.75,228.091796875
54882,54882,4,1,Media,5.997260365782185,0,2024-03-04 06:00:00,,,,,,,,,,,,3,1081.034668942758,22.3515625,62.990234375,1.1,El Niño,2,0,22.3515625,40.638671875
57770,57770,4,1,Media,7.864875857977231,0,2012-10-14 13:00:00,,,,,,,,,,,,18,1242.337098054676,16.25,103.86669921875,0.3,Neutro,1,0,16.25,87.61669921875
43064,43064,2,1,Media,5.11692294746298,0,2019-05-21 20:00:00,,,,,,,,,,,,324,995.4203637999664,17.2720947265625,280.16204833984375,0.5,El Niño,2,0,17.2720947265625,262.88995361328125
25256,25256,3,2,Media,5.844415620702079,0,2022-02-04 16:00:00,,,,,,,,,,,,253,1192.8907317341357,12.1923828125,93.47265625,-0.9,La Niña,0,0,12.1923828125,81.2802734375
42553,42553,3,3,Media,8.610520109613304,0,2024-10-30 19:00:00,,,,,,,,,,,,339,3398.6965675964816,14.2236328125,169.41796875,-0.3,Neutro,1,0,14.2236328125,155.1943359375
35996,35996,2,2,Baja,1.2467525106698236,0,2010-09-20 04:00:00,,,,,,,,,,,,32,1038.3510641955743,13.458984375,214.59197998046875,-1.6,La Niña,0,0,13.458984375,201.13299560546875
30793,30793,3,1,Baja,2.1321822731978797,0,2025-02-21 22:00:00,,,,,,,,,,,,433,3523.739029165793,34.0361328125,232.6640625,-0.4,Neutro,1,0,34.0361328125,198.6279296875
12411,12411,2,3,Baja,0.5024008157102292,0,2020-05-20 10:00:00,,,,,,,,,,,,323,4605.791486377939,11.68408203125,144.52587890625,-0.1,Neutro,1,0,11.68408203125,132.841796875
19364,19364,2,2,Baja,1.9201194269891793,0,2025-03-18 01:00:00,,,,,,,,,,,,539,1651.065306081926,15.240234375,191.0078125,-0.2,Neutro,1,0,15.240234375,175.767578125
7101,7101,2,1,Alta,19.246782366429844,0,2019-12-15 15:00:00,,,,,,,,,,,,66,3053.0509098428483,32.51171875,52.0693359375,0.5,Neutro,1,0,32.51171875,19.5576171875
59223,59223,3,1,Muy alta,42.572621630664806,0,2011-09-18 09:00:00,,,,,,,,,,,,8,1521.2398712051445,16.25390625,180.550048828125,-0.8,La Niña,0,0,16.25390625,164.296142578125
14513,14513,2,3,Baja,1.7290756872179656,0,2018-08-27 11:00:00,,,,,,,,,,,,51,2708.5260250422702,12.9541015625,98.806640625,0.2,Neutro,1,0,12.9541015625,85.8525390625
56971,56971,5,1,Media,11.69332952062144,1,2018-07-31 08:00:00,,,,,,,,,,,,1,967.7977988816162,12.4462890625,98.552734375,0.1,Neutro,1,0,12.4462890625,86.1064453125
36607,36607,2,1,Baja,3.0421398701427025,0,2024-08-09 11:00:00,,,,,,,,,,,,389,1578.0906855966696,10.4140625,83.0576171875,-0.1,Neutro,1,0,10.4140625,72.6435546875
7352,7352,2,1,Baja,2.040430727127287,0,2025-01-26 03:00:00,,,,,,,,,,,,323,1906.4107394054863,14.9853515625,56.1337890625,-0.6,Neutro,1,0,14.9853515625,41.1484375
7949,7949,2,1,Muy alta,60.65777963318733,2,2018-09-05 17:00:00,,,,,,,,,,,,66,1741.4454518878536,14.2236328125,80.517578125,0.5,El Niño,2,0,14.2236328125,66.2939453125
57171,57171,1,2,Baja,1.6903197715899259,0,2021-03-02 19:00:00,,,,,,,,,,,,184,666.9847840431848,11.68408203125,118.3642578125,-0.8,La Niña,0,0,11.68408203125,106.68017578125
45588,45588,3,2,Alta,14.98861432785309,1,2024-09-05 07:00:00,,,,,,,,,,,,420,156.16565381759102,19.3037109375,258.572265625,-0.2,Neutro,1,0,19.3037109375,239.2685546875
3649,3649,2,2,Baja,0.32215897194175885,0,2024-10-30 21:00:00,,,,,,,,,,,,234,4723.032063227627,15.240234375,105.9189453125,-0.3,Neutro,1,0,15.240234375,90.6787109375
17912,17912,2,2,Baja,2.5849362241675253,0,2010-09-17 15:00:00,,,,,,,,,,,,32,1673.033926899382,14.9840087890625,209.76800537109375,-1.6,La Niña,0,0,14.9840087890625,194.78399658203125
774,774,2,1,Baja,1.4159113361072753,0,2018-08-24 14:00:00,,,,,,,,,,,,234,12109.438844397479,15.493896484375,219.4559326171875,0.2,Neutro,1,0,15.493896484375,203.9620361328125
21802,21802,2,2,Baja,3.7468701801601276,0,2023-07-04 05:00:00,,,,,,,,,,,,154,1743.2026878462696,11.4296875,111.759765625,1.1,El Niño,2,0,11.4296875,100.330078125
10520,10520,2,1,Baja,0.9221147584643107,0,2020-07-05 06:00:00,,,,,,,,,,,,278,2517.071516592241,30.98828125,339.09033203125,-0.4,Neutro,1,0,30.98828125,308.10205078125
28422,28422,3,1,Media,7.009117326316068,0,2019-10-18 16:00:00,,,,,,,,,,,,57,3231.7854117130173,19.8125,273.55859375,0.3,Neutro,1,0,19.8125,253.74609375
12381,12381,2,1,Baja,0.7981304358092557,0,2023-09-13 05:00:00,,,,,,,,,,,,324,2707.229256620424,10.16015625,173.990234375,1.6,El Niño,2,0,10.16015625,163.830078125
54540,54540,5,1,Media,14.514799335404906,0,2013-02-08 23:00:00,,,,,,,,,,,,29,1637.3093474316847,13.2041015625,87.09619140625,-0.4,Neutro,1,0,13.2041015625,73.89208984375
44246,44246,3,2,Media,8.452520014412116,0,2023-02-27 11:00:00,,,,,,,,,,,,457,477.61345818750914,12.7001953125,72.89794921875,-0.4,Neutro,1,0,12.7001953125,60.19775390625
52977,52977,4,1,Baja,3.708799205308021,0,2016-04-25 16:00:00,,,,,,,,,,,,3,2943.9441297410904,34.0361328125,216.4072265625,0.9,El Niño,2,0,34.0361328125,182.37109375
59950,59950,5,1,Alta,27.32903628583717,0,2023-07-04 00:00:00,,,,,,,,,,,,457,885.137573260145,10.16015625,168.65625,1.1,El Niño,2,0,10.16015625,158.49609375
53745,53745,4,1,Baja,2.629918060023,0,2018-03-05 09:00:00,,,,,,,,,,,,25,2155.007537316333,10.16015625,171.1962890625,-0.7,La Niña,0,0,10.16015625,161.0361328125
20719,20719,2,1,Alta,21.649230301431867,0,2024-08-06 11:00:00,,,,,,,,,,,,539,700.0716881044835,48.767578125,108.7119140625,-0.1,Neutro,1,0,48.767578125,59.9443359375
27611,27611,3,1,Baja,1.7139397308399975,0,2022-12-27 09:00:00,,,,,,,,,,,,383,2727.65697510315,11.43017578125,135.12841796875,-0.8,La Niña,0,0,11.43017578125,123.6982421875
13763,13763,2,2,Baja,1.0415239476354743,0,2020-09-20 00:00:00,,,,,,,,,,,,51,3907.6408384589986,53.84765625,301.751953125,-0.9,La Niña,0,0,53.84765625,247.904296875
2985,2985,2,2,Baja,1.4104619339010964,0,2023-02-13 18:00:00,,,,,,,,,,,,30,4349.400793740067,14.224609375,103.125,-0.4,Neutro,1,0,14.224609375,88.900390625
449,449,2,1,Baja,2.14133018942732,0,2011-05-01 06:00:00,,,,,,,,,,,,30,7064.524202772601,10.158935546875,518.56787109375,-0.6,La Niña,0,0,10.158935546875,508.408935546875
10667,10667,2,1,Baja,1.7501975058134167,0,2020-11-28 21:00:00,,,,,,,,,,,,278,2728.715869415257,53.33984375,404.8759765625,-1.3,La Niña,0,0,53.33984375,351.5361328125
40270,40270,3,3,Baja,1.9575550004295275,0,2011-08-18 06:00:00,,,,,,,,,,,,52,2198.864188408593,12.19097900390625,133.31597900390625,-0.6,La Niña,0,0,12.19097900390625,121.125
22723,22723,2,2,Baja,2.5962886887438326,0,2020-11-16 17:00:00,,,,,,,,,,,,352,1891.0333711129176,13.969970703125,215.391845703125,-1.3,La Niña,0,0,13.969970703125,201.421875
40665,40665,3,3,Media,5.102663769209346,0,2023-07-17 14:00:00,,,,,,,,,,,,451,1134.3158814226338,12.19189453125,197.8662109375,1.1,El Niño,2,0,12.19189453125,185.67431640625
53244,53244,4,1,Baja,1.8133533897176495,0,2022-04-18 19:00:00,,,,,,,,,,,,25,2559.833238726819,14.986328125,349.7578125,-1.1,La Niña,0,0,14.986328125,334.771484375
18239,18239,2,1,Media,11.815510564921272,0,2014-10-08 10:00:00,,,,,,,,,,,,37,1638.8997937874879,24.13037109375,126.74609375,0.5,El Niño,2,0,24.13037109375,102.61572265625
36080,36080,2,2,Baja,0.6077059176286637,0,2015-04-03 17:00:00,,,,,,,,,,,,32,2216.727286450886,14.47802734375,79.755859375,0.7,El Niño,2,0,14.47802734375,65.27783203125
26959,26959,3,3,Baja,3.2310941177211654,0,2021-07-16 08:00:00,,,,,,,,,,,,432,2242.644559564256,15.494140625,130.048095703125,-0.4,Neutro,1,0,15.494140625,114.553955078125
34504,34504,2,2,Baja,2.1015635381120275,0,2019-07-05 09:00:00,,,,,,,,,,,,47,1161.7314754576237,10.921875,107.1875,0.3,Neutro,1,0,10.921875,96.265625
11551,11551,2,1,Baja,0.5291129092699444,0,2019-09-16 06:00:00,,,,,,,,,,,,323,5249.831443391664,18.7960205078125,76.4539794921875,0.2,Neutro,1,0,18.7960205078125,57.657958984375
36818,36818,2,2,Baja,2.2548768853632923,0,2025-02-17 10:00:00,,,,,,,,,,,,389,1877.577817108731,30.4794921875,101.091796875,-0.4,Neutro,1,0,30.4794921875,70.6123046875
15657,15657,2,1,Alta,23.77844961233739,0,2019-05-16 16:00:00,,,,,,,,,,,,295,2472.5879021071773,10.6680908203125,164.083984375,0.5,El Niño,2,0,10.6680908203125,153.4158935546875
48223,48223,5,1,Baja,1.4709187614894887,0,2022-02-08 14:00:00,,,,,,,,,,,,4,2053.540660392787,11.939453125,77.216796875,-0.9,La Niña,0,0,11.939453125,65.27734375
2461,2461,2,1,Baja,3.4779832171198306,1,2014-06-30 07:00:00,,,,,,,,,,,,30,5054.970246160552,14.224609375,205.740234375,0.2,Neutro,1,0,14.224609375,191.515625
15309,15309,2,1,Alta,19.73816860808122,1,2015-04-18 04:00:00,,,,,,,,,,,,72,886.5563472266384,11.176025390625,186.944091796875,0.7,El Niño,2,0,11.176025390625,175.76806640625
4132,4132,2,3,Baja,0.7900775486127655,0,2019-04-10 02:00:00,,,,,,,,,,,,234,4879.131082273125,13.2080078125,166.878173828125,0.7,El Niño,2,0,13.2080078125,153.670166015625
18054,18054,2,1,Media,8.836570615038355,0,2018-09-29 20:00:00,,,,,,,,,,,,51,2147.464274953747,17.525390625,223.265625,0.5,El Niño,2,0,17.525390625,205.740234375
32823,32823,2,2,Baja,4.6199261809098555,0,2019-09-26 17:00:00,,,,,,,,,,,,66,2129.557884480554,30.98828125,185.6748046875,0.2,Neutro,1,0,30.98828125,154.6865234375
44705,44705,3,2,Alta,23.784744258773813,0,2021-07-27 20:00:00,,,,,,,,,,,,481,507.99389517752013,12.19189453125,227.583984375,-0.4,Neutro,1,0,12.19189453125,215.39208984375
33885,33885,2,1,Media,6.711571296798231,0,2018-08-27 08:00:00,,,,,,,,,,,,66,1877.5248480442287,14.224609375,114.0458984375,0.2,Neutro,1,0,14.224609375,99.8212890625
51738,51738,5,1,Media,14.650499765575093,0,2016-02-21 13:00:00,,,,,,,,,,,,11,1422.654122679586,17.017578125,58.166015625,2.1,El Niño,2,0,17.017578125,41.1484375
20782,20782,2,1,Alta,25.934989758710444,0,2022-01-07 01:00:00,,,,,,,,,,,,539,914.5722696718844,44.7039794921875,103.6319580078125,-1.0,La Niña,0,0,44.7039794921875,58.927978515625
4479,4479,2,1,Baja,3.5832838785896945,0,2020-08-15 16:00:00,,,,,,,,,,,,30,4805.415858993906,10.921875,181.35546875,-0.6,La Niña,0,0,10.921875,170.43359375
29532,29532,3,1,Media,7.731475697932204,0,2017-03-08 04:00:00,,,,,,,,,,,,57,4017.692471843611,10.66796875,121.412109375,0.1,Neutro,1,0,10.66796875,110.744140625
8446,8446,2,1,Baja,2.677185562217972,0,2020-05-30 00:00:00,,,,,,,,,,,,323,1800.3374824865246,10.159912109375,91.43994140625,-0.1,Neutro,1,0,10.159912109375,81.280029296875
37157,37157,2,1,Media,9.593149451005951,0,2023-07-07 20:00:00,,,,,,,,,,,,607,1423.4917429964896,20.320068359375,221.99609375,1.1,El Niño,2,0,20.320068359375,201.676025390625
28593,28593,3,1,Baja,2.1276315686763456,0,2018-05-10 19:00:00,,,,,,,,,,,,57,2468.1107269757376,12.7001953125,374.904296875,-0.2,Neutro,1,0,12.7001953125,362.2041015625
18421,18421,2,2,Baja,1.3235736566734533,0,2017-07-20 08:00:00,,,,,,,,,,,,70,2201.4278847483415,14.73193359375,110.74365234375,0.1,Neutro,1,0,14.73193359375,96.01171875
5460,5460,2,1,Baja,2.8535120898362796,0,2024-09-01 23:00:00,,,,,,,,,,,,30,2064.906023780971,46.736328125,232.91796875,-0.2,Neutro,1,0,46.736328125,186.181640625
32548,32548,3,1,Baja,0.4106527470401898,0,2020-07-07 02:00:00,,,,,,,,,,,,433,5069.888089554207,17.01800537109375,225.55203247070312,-0.4,Neutro,1,0,17.01800537109375,208.53402709960938
52297,52297,5,1,Muy alta,51.43023132246532,0,2011-12-01 04:00:00,,,,,,,,,,,,11,1101.5603696227872,10.156982421875,277.551025390625,-1.0,La Niña,0,0,10.156982421875,267.39404296875
55039,55039,5,1,Media,12.063663304272467,1,2012-08-13 22:00:00,,,,,,,,,,,,9,747.1875966891107,11.93603515625,50.538818359375,0.4,Neutro,1,0,11.93603515625,38.602783203125
12825,12825,2,1,Baja,4.370983655624024,0,2020-07-22 07:00:00,,,,,,,,,,,,324,871.707711558424,16.255859375,171.7041015625,-0.4,Neutro,1,0,16.255859375,155.4482421875
46411,46411,3,1,Muy alta,44.520432417463724,0,2013-04-20 00:00:00,,,,,,,,,,,,61,544.2193977789656,30.7340087890625,195.580078125,-0.3,Neutro,1,0,30.7340087890625,164.8460693359375
3954,3954,2,3,Baja,0.31542101729776295,0,2023-09-24 09:00:00,,,,,,,,,,,,234,4454.763465624436,11.68359375,164.083984375,1.6,El Niño,2,0,11.68359375,152.400390625
25926,25926,3,1,Alta,17.192397375267454,0,2021-12-29 23:00:00,,,,,,,,,,,,515,2143.194090178108,24.63818359375,156.464111328125,-1.0,La Niña,0,0,24.63818359375,131.825927734375
53291,53291,5,1,Baja,2.617011505308661,0,2013-11-13 15:00:00,,,,,,,,,,,,25,1859.203733121095,11.17578125,291.083984375,-0.2,Neutro,1,0,11.17578125,279.908203125
28496,28496,3,1,Baja,1.063639167875051,0,2024-03-25 19:00:00,,,,,,,,,,,,383,965.863066940567,11.17578125,55.3720703125,1.1,El Niño,2,0,11.17578125,44.1962890625
24730,24730,3,1,Baja,3.952165933456236,0,2019-07-24 12:00:00,,,,,,,,,,,,64,2106.216807477613,12.1923828125,132.841796875,0.3,Neutro,1,0,12.1923828125,120.6494140625
47587,47587,5,1,Baja,0.33926005979952717,0,2013-04-16 03:00:00,,,,,,,,,,,,4,423.08080658166443,12.9541015625,104.39404296875,-0.3,Neutro,1,0,12.9541015625,91.43994140625
52633,52633,5,1,Alta,33.88276894074766,1,2022-08-22 02:00:00,,,,,,,,,,,,11,1336.155826771607,10.16015625,299.720703125,-0.9,La Niña,0,0,10.16015625,289.560546875
42320,42320,3,1,Baja,1.1437378351464804,0,2024-10-07 15:00:00,,,,,,,,,,,,52,2756.0275683788177,18.54296875,181.103515625,-0.3,Neutro,1,0,18.54296875,162.560546875
36691,36691,2,1,Baja,0.9641881282039705,0,2024-09-02 07:00:00,,,,,,,,,,,,389,2683.539228230588,13.4619140625,155.7021484375,-0.2,Neutro,1,0,13.4619140625,142.240234375
39003,39003,1,2,Baja,0.31973494362809635,0,2018-10-10 01:00:00,,,,,,,,,,,,328,2699.316295461063,19.558013916015625,202.43801879882812,0.8,El Niño,2,0,19.558013916015625,182.8800048828125
27629,27629,3,2,Baja,2.392162196923351,0,2022-12-27 15:00:00,,,,,,,,,,,,636,1197.2876277975831,14.2239990234375,109.22000885009766,-0.8,La Niña,0,0,14.2239990234375,94.99600982666016
29463,29463,3,2,Baja,1.2983681196333021,0,2014-12-12 15:00:00,,,,,,,,,,,,58,1302.9445480488657,13.2080078125,199.89794921875,0.7,El Niño,2,0,13.2080078125,186.68994140625
18184,18184,2,2,Baja,1.7905753165683582,0,2018-09-30 00:00:00,,,,,,,,,,,,295,1176.518007105878,13.46197509765625,246.88800048828125,0.5,El Niño,2,0,13.46197509765625,233.426025390625
13776,13776,2,2,Baja,1.866164734556364,0,2013-05-21 14:00:00,,,,,,,,,,,,51,4110.340613816307,11.176025390625,233.426025390625,-0.4,Neutro,1,0,11.176025390625,222.25
52328,52328,1,2,Baja,4.330241641518546,0,2025-02-16 21:00:00,,,,,,,,,,,,499,2214.574994031108,18.5419921875,120.6494140625,-0.4,Neutro,1,0,18.5419921875,102.107421875
23710,23710,2,2,Baja,0.6412850532154223,0,2018-04-01 18:00:00,,,,,,,,,,,,274,2397.4866340049407,23.113998413085938,129.03199768066406,-0.5,La Niña,0,0,23.113998413085938,105.91799926757812
55771,55771,5,2,Baja,4.35709468448008,0,2011-11-18 15:00:00,,,,,,,,,,,,1,1324.8844186073752,12.699951171875,93.725830078125,-1.1,La Niña,0,0,12.699951171875,81.02587890625
43723,43723,2,2,Baja,1.4992255005754502,0,2020-06-19 11:00:00,,,,,,,,,,,,389,3141.0637400498017,20.06597900390625,145.03399658203125,-0.3,Neutro,1,0,20.06597900390625,124.968017578125
6245,6245,2,1,Baja,0.3908020904121385,0,2018-06-11 23:00:00,,,,,,,,,,,,278,5191.044251249169,14.47802734375,394.71600341796875,0.0,Neutro,1,0,14.47802734375,380.23797607421875
17481,17481,2,3,Baja,3.3801406836029155,0,2021-03-01 10:00:00,,,,,,,,,,,,10,4457.391151846129,29.208984375,99.568359375,-0.8,La Niña,0,0,29.208984375,70.359375
45643,45643,3,2,Baja,2.057150929833951,0,2022-04-21 11:00:00,,,,,,,,,,,,540,552.9429250604906,19.303955078125,280.669921875,-1.1,La Niña,0,0,19.303955078125,261.365966796875
41430,41430,3,1,Media,8.14646799846124,0,2021-03-04 19:00:00,,,,,,,,,,,,339,1216.7022760329749,13.97021484375,178.30810546875,-0.8,La Niña,0,0,13.97021484375,164.337890625
56158,56158,5,1,Muy alta,73.88352655929806,1,2012-08-23 10:00:00,,,,,,,,,,,,29,872.2811622768493,30.47412109375,158.4599609375,0.4,Neutro,1,0,30.47412109375,127.98583984375
4985,4985,2,1,Baja,2.301968647113125,0,2015-05-31 15:00:00,,,,,,,,,,,,30,2996.0922955403853,33.01953125,259.587890625,0.9,El Niño,2,0,33.01953125,226.568359375
14793,14793,2,1,Alta,17.339179365392102,0,2024-04-07 12:00:00,,,,,,,,,,,,72,891.8576849238212,11.4296875,64.26171875,0.7,El Niño,2,0,11.4296875,52.83203125
10813,10813,2,1,Baja,0.7560228330776457,0,2020-11-06 11:00:00,,,,,,,,,,,,278,3356.220826912121,44.7041015625,255.5244140625,-1.3,La Niña,0,0,44.7041015625,210.8203125
24925,24925,3,1,Baja,2.482039514172399,0,2023-09-03 16:00:00,,,,,,,,,,,,432,2190.405719492705,19.5576171875,165.607421875,1.6,El Niño,2,0,19.5576171875,146.0498046875
56743,56743,1,3,Baja,2.7170123922993823,0,2021-03-01 08:00:00,,,,,,,,,,,,184,444.39741306527236,20.828125,80.51806640625,-0.8,La Niña,0,0,20.828125,59.68994140625
57197,57197,4,1,Baja,4.200903594358624,0,2020-05-06 17:00:00,,,,,,,,,,,,3,1033.2070962815308,11.9375,235.458984375,-0.1,Neutro,1,0,11.9375,223.521484375
