run_id,model,fpr,tpr
0,GAM,0.0,0.0
0,GAM,0.01,0.5223880597014925
0,GAM,0.02,0.7313432835820896
0,GAM,0.03,0.7313432835820896
0,GAM,0.04,0.8507462686567164
0,GAM,0.05,0.8805970149253731
0,GAM,0.06,0.8805970149253731
0,GAM,0.07,0.9104477611940298
0,GAM,0.08,0.9104477611940298
0,GAM,0.09,0.9104477611940298
0,GAM,0.1,0.9253731343283582
0,GAM,0.11,0.9253731343283582
0,GAM,0.12,0.9701492537313433
0,GAM,0.13,0.9701492537313433
0,GAM,0.14,0.9701492537313433
0,GAM,0.15,0.9701492537313433
0,GAM,0.16,0.9701492537313433
0,GAM,0.17,0.9701492537313433
0,GAM,0.18,0.9701492537313433
0,GAM,0.19,0.9701492537313433
0,GAM,0.2,0.9701492537313433
0,GAM,0.21,0.9701492537313433
0,GAM,0.22,0.9701492537313433
0,GAM,0.23,0.9701492537313433
0,GAM,0.24,0.9701492537313433
0,GAM,0.25,0.9701492537313433
0,GAM,0.26,0.9701492537313433
0,GAM,0.27,0.9701492537313433
0,GAM,0.28,0.9701492537313433
0,GAM,0.29,0.9701492537313433
0,GAM,0.3,0.9701492537313433
0,GAM,0.31,0.9701492537313433
0,GAM,0.32,0.9701492537313433
0,GAM,0.33,0.9701492537313433
0,GAM,0.34,0.9701492537313433
0,GAM,0.35000000000000003,0.9701492537313433
0,GAM,0.36,0.9701492537313433
0,GAM,0.37,0.9701492537313433
0,GAM,0.38,0.9701492537313433
0,GAM,0.39,0.9701492537313433
0,GAM,0.4,0.9701492537313433
0,GAM,0.41000000000000003,0.9701492537313433
0,GAM,0.42,0.9701492537313433
0,GAM,0.43,0.9850746268656716
0,GAM,0.44,0.9850746268656716
0,GAM,0.45,0.9850746268656716
0,GAM,0.46,1.0
0,GAM,0.47000000000000003,1.0
0,GAM,0.48,1.0
0,GAM,0.49,1.0
0,GAM,0.5,1.0
0,GAM,0.51,1.0
0,GAM,0.52,1.0
0,GAM,0.53,1.0
0,GAM,0.54,1.0
0,GAM,0.55,1.0
0,GAM,0.56,1.0
0,GAM,0.5700000000000001,1.0
0,GAM,0.58,1.0
0,GAM,0.59,1.0
0,GAM,0.6,1.0
0,GAM,0.61,1.0
0,GAM,0.62,1.0
0,GAM,0.63,1.0
0,GAM,0.64,1.0
0,GAM,0.65,1.0
0,GAM,0.66,1.0
0,GAM,0.67,1.0
0,GAM,0.68,1.0
0,GAM,0.6900000000000001,1.0
0,GAM,0.7000000000000001,1.0
0,GAM,0.71,1.0
0,GAM,0.72,1.0
0,GAM,0.73,1.0
0,GAM,0.74,1.0
0,GAM,0.75,1.0
0,GAM,0.76,1.0
0,GAM,0.77,1.0
0,GAM,0.78,1.0
0,GAM,0.79,1.0
0,GAM,0.8,1.0
0,GAM,0.81,1.0
0,GAM,0.8200000000000001,1.0
0,GAM,0.8300000000000001,1.0
0,GAM,0.84,1.0
0,GAM,0.85,1.0
0,GAM,0.86,1.0
0,GAM,0.87,1.0
0,GAM,0.88,1.0
0,GAM,0.89,1.0
0,GAM,0.9,1.0
0,GAM,0.91,1.0
0,GAM,0.92,1.0
0,GAM,0.93,1.0
0,GAM,0.9400000000000001,1.0
0,GAM,0.9500000000000001,1.0
0,GAM,0.96,1.0
0,GAM,0.97,1.0
0,GAM,0.98,1.0
0,GAM,0.99,1.0
0,GAM,1.0,1.0
1,GAM,0.0,0.0
1,GAM,0.01,0.7014925373134329
1,GAM,0.02,0.7611940298507462
1,GAM,0.03,0.7761194029850746
1,GAM,0.04,0.8656716417910447
1,GAM,0.05,0.8656716417910447
1,GAM,0.06,0.8656716417910447
1,GAM,0.07,0.9402985074626866
1,GAM,0.08,0.9701492537313433
1,GAM,0.09,0.9701492537313433
1,GAM,0.1,0.9701492537313433
1,GAM,0.11,0.9701492537313433
1,GAM,0.12,0.9701492537313433
1,GAM,0.13,0.9701492537313433
1,GAM,0.14,0.9701492537313433
1,GAM,0.15,0.9850746268656716
1,GAM,0.16,0.9850746268656716
1,GAM,0.17,0.9850746268656716
1,GAM,0.18,0.9850746268656716
1,GAM,0.19,0.9850746268656716
1,GAM,0.2,1.0
1,GAM,0.21,1.0
1,GAM,0.22,1.0
1,GAM,0.23,1.0
1,GAM,0.24,1.0
1,GAM,0.25,1.0
1,GAM,0.26,1.0
1,GAM,0.27,1.0
1,GAM,0.28,1.0
1,GAM,0.29,1.0
1,GAM,0.3,1.0
1,GAM,0.31,1.0
1,GAM,0.32,1.0
1,GAM,0.33,1.0
1,GAM,0.34,1.0
1,GAM,0.35000000000000003,1.0
1,GAM,0.36,1.0
1,GAM,0.37,1.0
1,GAM,0.38,1.0
1,GAM,0.39,1.0
1,GAM,0.4,1.0
1,GAM,0.41000000000000003,1.0
1,GAM,0.42,1.0
1,GAM,0.43,1.0
1,GAM,0.44,1.0
1,GAM,0.45,1.0
1,GAM,0.46,1.0
1,GAM,0.47000000000000003,1.0
1,GAM,0.48,1.0
1,GAM,0.49,1.0
1,GAM,0.5,1.0
1,GAM,0.51,1.0
1,GAM,0.52,1.0
1,GAM,0.53,1.0
1,GAM,0.54,1.0
1,GAM,0.55,1.0
1,GAM,0.56,1.0
1,GAM,0.5700000000000001,1.0
1,GAM,0.58,1.0
1,GAM,0.59,1.0
1,GAM,0.6,1.0
1,GAM,0.61,1.0
1,GAM,0.62,1.0
1,GAM,0.63,1.0
1,GAM,0.64,1.0
1,GAM,0.65,1.0
1,GAM,0.66,1.0
1,GAM,0.67,1.0
1,GAM,0.68,1.0
1,GAM,0.6900000000000001,1.0
1,GAM,0.7000000000000001,1.0
1,GAM,0.71,1.0
1,GAM,0.72,1.0
1,GAM,0.73,1.0
1,GAM,0.74,1.0
1,GAM,0.75,1.0
1,GAM,0.76,1.0
1,GAM,0.77,1.0
1,GAM,0.78,1.0
1,GAM,0.79,1.0
1,GAM,0.8,1.0
1,GAM,0.81,1.0
1,GAM,0.8200000000000001,1.0
1,GAM,0.8300000000000001,1.0
1,GAM,0.84,1.0
1,GAM,0.85,1.0
1,GAM,0.86,1.0
1,GAM,0.87,1.0
1,GAM,0.88,1.0
1,GAM,0.89,1.0
1,GAM,0.9,1.0
1,GAM,0.91,1.0
1,GAM,0.92,1.0
1,GAM,0.93,1.0
1,GAM,0.9400000000000001,1.0
1,GAM,0.9500000000000001,1.0
1,GAM,0.96,1.0
1,GAM,0.97,1.0
1,GAM,0.98,1.0
1,GAM,0.99,1.0
1,GAM,1.0,1.0
2,GAM,0.0,0.0
2,GAM,0.01,0.26865671641791045
2,GAM,0.02,0.31343283582089554
2,GAM,0.03,0.5074626865671642
2,GAM,0.04,0.8208955223880597
2,GAM,0.05,0.835820895522388
2,GAM,0.06,0.835820895522388
2,GAM,0.07,0.8507462686567164
2,GAM,0.08,0.8507462686567164
2,GAM,0.09,0.8507462686567164
2,GAM,0.1,0.8507462686567164
2,GAM,0.11,0.8656716417910447
2,GAM,0.12,0.8656716417910447
2,GAM,0.13,0.8805970149253731
2,GAM,0.14,0.8805970149253731
2,GAM,0.15,0.9104477611940298
2,GAM,0.16,0.9104477611940298
2,GAM,0.17,0.9104477611940298
2,GAM,0.18,0.9104477611940298
2,GAM,0.19,0.9253731343283582
2,GAM,0.2,0.9253731343283582
2,GAM,0.21,0.9253731343283582
2,GAM,0.22,0.9253731343283582
2,GAM,0.23,0.9253731343283582
2,GAM,0.24,0.9253731343283582
2,GAM,0.25,0.9253731343283582
2,GAM,0.26,0.9253731343283582
2,GAM,0.27,0.9402985074626866
2,GAM,0.28,0.9552238805970149
2,GAM,0.29,0.9552238805970149
2,GAM,0.3,0.9552238805970149
2,GAM,0.31,0.9552238805970149
2,GAM,0.32,0.9552238805970149
2,GAM,0.33,0.9552238805970149
2,GAM,0.34,0.9552238805970149
2,GAM,0.35000000000000003,0.9552238805970149
2,GAM,0.36,0.9552238805970149
2,GAM,0.37,0.9552238805970149
2,GAM,0.38,0.9552238805970149
2,GAM,0.39,0.9552238805970149
2,GAM,0.4,0.9701492537313433
2,GAM,0.41000000000000003,0.9701492537313433
2,GAM,0.42,0.9701492537313433
2,GAM,0.43,0.9701492537313433
2,GAM,0.44,0.9701492537313433
2,GAM,0.45,0.9701492537313433
2,GAM,0.46,0.9701492537313433
2,GAM,0.47000000000000003,0.9701492537313433
2,GAM,0.48,0.9701492537313433
2,GAM,0.49,0.9850746268656716
2,GAM,0.5,0.9850746268656716
2,GAM,0.51,0.9850746268656716
2,GAM,0.52,0.9850746268656716
2,GAM,0.53,0.9850746268656716
2,GAM,0.54,0.9850746268656716
2,GAM,0.55,0.9850746268656716
2,GAM,0.56,0.9850746268656716
2,GAM,0.5700000000000001,0.9850746268656716
2,GAM,0.58,0.9850746268656716
2,GAM,0.59,0.9850746268656716
2,GAM,0.6,0.9850746268656716
2,GAM,0.61,0.9850746268656716
2,GAM,0.62,0.9850746268656716
2,GAM,0.63,0.9850746268656716
2,GAM,0.64,0.9850746268656716
2,GAM,0.65,0.9850746268656716
2,GAM,0.66,0.9850746268656716
2,GAM,0.67,0.9850746268656716
2,GAM,0.68,0.9850746268656716
2,GAM,0.6900000000000001,0.9850746268656716
2,GAM,0.7000000000000001,0.9850746268656716
2,GAM,0.71,0.9850746268656716
2,GAM,0.72,0.9850746268656716
2,GAM,0.73,0.9850746268656716
2,GAM,0.74,0.9850746268656716
2,GAM,0.75,0.9850746268656716
2,GAM,0.76,0.9850746268656716
2,GAM,0.77,0.9850746268656716
2,GAM,0.78,0.9850746268656716
2,GAM,0.79,1.0
2,GAM,0.8,1.0
2,GAM,0.81,1.0
2,GAM,0.8200000000000001,1.0
2,GAM,0.8300000000000001,1.0
2,GAM,0.84,1.0
2,GAM,0.85,1.0
2,GAM,0.86,1.0
2,GAM,0.87,1.0
2,GAM,0.88,1.0
2,GAM,0.89,1.0
2,GAM,0.9,1.0
2,GAM,0.91,1.0
2,GAM,0.92,1.0
2,GAM,0.93,1.0
2,GAM,0.9400000000000001,1.0
2,GAM,0.9500000000000001,1.0
2,GAM,0.96,1.0
2,GAM,0.97,1.0
2,GAM,0.98,1.0
2,GAM,0.99,1.0
2,GAM,1.0,1.0
3,GAM,0.0,0.0
3,GAM,0.01,0.2835820895522388
3,GAM,0.02,0.3880597014925373
3,GAM,0.03,0.5671641791044776
3,GAM,0.04,0.6567164179104478
3,GAM,0.05,0.6567164179104478
3,GAM,0.06,0.6865671641791045
3,GAM,0.07,0.9253731343283582
3,GAM,0.08,0.9253731343283582
3,GAM,0.09,0.9253731343283582
3,GAM,0.1,0.9253731343283582
3,GAM,0.11,0.9253731343283582
3,GAM,0.12,0.9402985074626866
3,GAM,0.13,0.9701492537313433
3,GAM,0.14,0.9701492537313433
3,GAM,0.15,0.9701492537313433
3,GAM,0.16,0.9701492537313433
3,GAM,0.17,0.9701492537313433
3,GAM,0.18,0.9850746268656716
3,GAM,0.19,1.0
3,GAM,0.2,1.0
3,GAM,0.21,1.0
3,GAM,0.22,1.0
3,GAM,0.23,1.0
3,GAM,0.24,1.0
3,GAM,0.25,1.0
3,GAM,0.26,1.0
3,GAM,0.27,1.0
3,GAM,0.28,1.0
3,GAM,0.29,1.0
3,GAM,0.3,1.0
3,GAM,0.31,1.0
3,GAM,0.32,1.0
3,GAM,0.33,1.0
3,GAM,0.34,1.0
3,GAM,0.35000000000000003,1.0
3,GAM,0.36,1.0
3,GAM,0.37,1.0
3,GAM,0.38,1.0
3,GAM,0.39,1.0
3,GAM,0.4,1.0
3,GAM,0.41000000000000003,1.0
3,GAM,0.42,1.0
3,GAM,0.43,1.0
3,GAM,0.44,1.0
3,GAM,0.45,1.0
3,GAM,0.46,1.0
3,GAM,0.47000000000000003,1.0
3,GAM,0.48,1.0
3,GAM,0.49,1.0
3,GAM,0.5,1.0
3,GAM,0.51,1.0
3,GAM,0.52,1.0
3,GAM,0.53,1.0
3,GAM,0.54,1.0
3,GAM,0.55,1.0
3,GAM,0.56,1.0
3,GAM,0.5700000000000001,1.0
3,GAM,0.58,1.0
3,GAM,0.59,1.0
3,GAM,0.6,1.0
3,GAM,0.61,1.0
3,GAM,0.62,1.0
3,GAM,0.63,1.0
3,GAM,0.64,1.0
3,GAM,0.65,1.0
3,GAM,0.66,1.0
3,GAM,0.67,1.0
3,GAM,0.68,1.0
3,GAM,0.6900000000000001,1.0
3,GAM,0.7000000000000001,1.0
3,GAM,0.71,1.0
3,GAM,0.72,1.0
3,GAM,0.73,1.0
3,GAM,0.74,1.0
3,GAM,0.75,1.0
3,GAM,0.76,1.0
3,GAM,0.77,1.0
3,GAM,0.78,1.0
3,GAM,0.79,1.0
3,GAM,0.8,1.0
3,GAM,0.81,1.0
3,GAM,0.8200000000000001,1.0
3,GAM,0.8300000000000001,1.0
3,GAM,0.84,1.0
3,GAM,0.85,1.0
3,GAM,0.86,1.0
3,GAM,0.87,1.0
3,GAM,0.88,1.0
3,GAM,0.89,1.0
3,GAM,0.9,1.0
3,GAM,0.91,1.0
3,GAM,0.92,1.0
3,GAM,0.93,1.0
3,GAM,0.9400000000000001,1.0
3,GAM,0.9500000000000001,1.0
3,GAM,0.96,1.0
3,GAM,0.97,1.0
3,GAM,0.98,1.0
3,GAM,0.99,1.0
3,GAM,1.0,1.0
4,GAM,0.0,0.0
4,GAM,0.01,0.44776119402985076
4,GAM,0.02,0.5373134328358209
4,GAM,0.03,0.5522388059701493
4,GAM,0.04,0.6716417910447762
4,GAM,0.05,0.6716417910447762
4,GAM,0.06,0.746268656716418
4,GAM,0.07,0.835820895522388
4,GAM,0.08,0.8955223880597015
4,GAM,0.09,0.9104477611940298
4,GAM,0.1,0.9104477611940298
4,GAM,0.11,0.9253731343283582
4,GAM,0.12,0.9253731343283582
4,GAM,0.13,0.9552238805970149
4,GAM,0.14,0.9552238805970149
4,GAM,0.15,0.9552238805970149
4,GAM,0.16,0.9552238805970149
4,GAM,0.17,0.9552238805970149
4,GAM,0.18,0.9552238805970149
4,GAM,0.19,0.9552238805970149
4,GAM,0.2,0.9552238805970149
4,GAM,0.21,0.9552238805970149
4,GAM,0.22,0.9552238805970149
4,GAM,0.23,0.9701492537313433
4,GAM,0.24,0.9701492537313433
4,GAM,0.25,0.9701492537313433
4,GAM,0.26,0.9701492537313433
4,GAM,0.27,0.9701492537313433
4,GAM,0.28,0.9701492537313433
4,GAM,0.29,0.9701492537313433
4,GAM,0.3,0.9701492537313433
4,GAM,0.31,0.9701492537313433
4,GAM,0.32,0.9701492537313433
4,GAM,0.33,0.9701492537313433
4,GAM,0.34,0.9701492537313433
4,GAM,0.35000000000000003,0.9701492537313433
4,GAM,0.36,0.9701492537313433
4,GAM,0.37,0.9701492537313433
4,GAM,0.38,0.9701492537313433
4,GAM,0.39,0.9701492537313433
4,GAM,0.4,0.9701492537313433
4,GAM,0.41000000000000003,0.9701492537313433
4,GAM,0.42,0.9701492537313433
4,GAM,0.43,0.9701492537313433
4,GAM,0.44,0.9701492537313433
4,GAM,0.45,0.9701492537313433
4,GAM,0.46,0.9701492537313433
4,GAM,0.47000000000000003,0.9701492537313433
4,GAM,0.48,0.9701492537313433
4,GAM,0.49,0.9701492537313433
4,GAM,0.5,0.9701492537313433
4,GAM,0.51,0.9701492537313433
4,GAM,0.52,0.9701492537313433
4,GAM,0.53,0.9701492537313433
4,GAM,0.54,0.9701492537313433
4,GAM,0.55,0.9701492537313433
4,GAM,0.56,0.9701492537313433
4,GAM,0.5700000000000001,0.9701492537313433
4,GAM,0.58,0.9701492537313433
4,GAM,0.59,0.9701492537313433
4,GAM,0.6,0.9701492537313433
4,GAM,0.61,0.9701492537313433
4,GAM,0.62,0.9701492537313433
4,GAM,0.63,0.9701492537313433
4,GAM,0.64,0.9701492537313433
4,GAM,0.65,0.9701492537313433
4,GAM,0.66,0.9701492537313433
4,GAM,0.67,0.9701492537313433
4,GAM,0.68,0.9701492537313433
4,GAM,0.6900000000000001,0.9701492537313433
4,GAM,0.7000000000000001,0.9701492537313433
4,GAM,0.71,0.9701492537313433
4,GAM,0.72,0.9701492537313433
4,GAM,0.73,0.9701492537313433
4,GAM,0.74,0.9701492537313433
4,GAM,0.75,0.9701492537313433
4,GAM,0.76,0.9701492537313433
4,GAM,0.77,0.9701492537313433
4,GAM,0.78,0.9701492537313433
4,GAM,0.79,0.9701492537313433
4,GAM,0.8,0.9850746268656716
4,GAM,0.81,0.9850746268656716
4,GAM,0.8200000000000001,0.9850746268656716
4,GAM,0.8300000000000001,0.9850746268656716
4,GAM,0.84,0.9850746268656716
4,GAM,0.85,1.0
4,GAM,0.86,1.0
4,GAM,0.87,1.0
4,GAM,0.88,1.0
4,GAM,0.89,1.0
4,GAM,0.9,1.0
4,GAM,0.91,1.0
4,GAM,0.92,1.0
4,GAM,0.93,1.0
4,GAM,0.9400000000000001,1.0
4,GAM,0.9500000000000001,1.0
4,GAM,0.96,1.0
4,GAM,0.97,1.0
4,GAM,0.98,1.0
4,GAM,0.99,1.0
4,GAM,1.0,1.0
5,GAM,0.0,0.0
5,GAM,0.01,0.208955223880597
5,GAM,0.02,0.43283582089552236
5,GAM,0.03,0.5970149253731343
5,GAM,0.04,0.5970149253731343
5,GAM,0.05,0.6268656716417911
5,GAM,0.06,0.6716417910447762
5,GAM,0.07,0.8805970149253731
5,GAM,0.08,0.9104477611940298
5,GAM,0.09,0.9253731343283582
5,GAM,0.1,0.9253731343283582
5,GAM,0.11,0.9253731343283582
5,GAM,0.12,0.9253731343283582
5,GAM,0.13,0.9402985074626866
5,GAM,0.14,0.9402985074626866
5,GAM,0.15,0.9402985074626866
5,GAM,0.16,0.9402985074626866
5,GAM,0.17,0.9402985074626866
5,GAM,0.18,0.9552238805970149
5,GAM,0.19,0.9552238805970149
5,GAM,0.2,0.9701492537313433
5,GAM,0.21,0.9701492537313433
5,GAM,0.22,0.9701492537313433
5,GAM,0.23,0.9850746268656716
5,GAM,0.24,0.9850746268656716
5,GAM,0.25,0.9850746268656716
5,GAM,0.26,0.9850746268656716
5,GAM,0.27,0.9850746268656716
5,GAM,0.28,0.9850746268656716
5,GAM,0.29,0.9850746268656716
5,GAM,0.3,0.9850746268656716
5,GAM,0.31,0.9850746268656716
5,GAM,0.32,0.9850746268656716
5,GAM,0.33,0.9850746268656716
5,GAM,0.34,0.9850746268656716
5,GAM,0.35000000000000003,1.0
5,GAM,0.36,1.0
5,GAM,0.37,1.0
5,GAM,0.38,1.0
5,GAM,0.39,1.0
5,GAM,0.4,1.0
5,GAM,0.41000000000000003,1.0
5,GAM,0.42,1.0
5,GAM,0.43,1.0
5,GAM,0.44,1.0
5,GAM,0.45,1.0
5,GAM,0.46,1.0
5,GAM,0.47000000000000003,1.0
5,GAM,0.48,1.0
5,GAM,0.49,1.0
5,GAM,0.5,1.0
5,GAM,0.51,1.0
5,GAM,0.52,1.0
5,GAM,0.53,1.0
5,GAM,0.54,1.0
5,GAM,0.55,1.0
5,GAM,0.56,1.0
5,GAM,0.5700000000000001,1.0
5,GAM,0.58,1.0
5,GAM,0.59,1.0
5,GAM,0.6,1.0
5,GAM,0.61,1.0
5,GAM,0.62,1.0
5,GAM,0.63,1.0
5,GAM,0.64,1.0
5,GAM,0.65,1.0
5,GAM,0.66,1.0
5,GAM,0.67,1.0
5,GAM,0.68,1.0
5,GAM,0.6900000000000001,1.0
5,GAM,0.7000000000000001,1.0
5,GAM,0.71,1.0
5,GAM,0.72,1.0
5,GAM,0.73,1.0
5,GAM,0.74,1.0
5,GAM,0.75,1.0
5,GAM,0.76,1.0
5,GAM,0.77,1.0
5,GAM,0.78,1.0
5,GAM,0.79,1.0
5,GAM,0.8,1.0
5,GAM,0.81,1.0
5,GAM,0.8200000000000001,1.0
5,GAM,0.8300000000000001,1.0
5,GAM,0.84,1.0
5,GAM,0.85,1.0
5,GAM,0.86,1.0
5,GAM,0.87,1.0
5,GAM,0.88,1.0
5,GAM,0.89,1.0
5,GAM,0.9,1.0
5,GAM,0.91,1.0
5,GAM,0.92,1.0
5,GAM,0.93,1.0
5,GAM,0.9400000000000001,1.0
5,GAM,0.9500000000000001,1.0
5,GAM,0.96,1.0
5,GAM,0.97,1.0
5,GAM,0.98,1.0
5,GAM,0.99,1.0
5,GAM,1.0,1.0
6,GAM,0.0,0.0
6,GAM,0.01,0.3582089552238806
6,GAM,0.02,0.3582089552238806
6,GAM,0.03,0.373134328358209
6,GAM,0.04,0.6716417910447762
6,GAM,0.05,0.7014925373134329
6,GAM,0.06,0.7014925373134329
6,GAM,0.07,0.7313432835820896
6,GAM,0.08,0.7611940298507462
6,GAM,0.09,0.7761194029850746
6,GAM,0.1,0.8208955223880597
6,GAM,0.11,0.8656716417910447
6,GAM,0.12,0.8805970149253731
6,GAM,0.13,0.9104477611940298
6,GAM,0.14,0.9253731343283582
6,GAM,0.15,0.9402985074626866
6,GAM,0.16,0.9402985074626866
6,GAM,0.17,0.9402985074626866
6,GAM,0.18,0.9402985074626866
6,GAM,0.19,0.9402985074626866
6,GAM,0.2,0.9552238805970149
6,GAM,0.21,0.9552238805970149
6,GAM,0.22,0.9701492537313433
6,GAM,0.23,0.9701492537313433
6,GAM,0.24,0.9701492537313433
6,GAM,0.25,0.9701492537313433
6,GAM,0.26,0.9701492537313433
6,GAM,0.27,0.9701492537313433
6,GAM,0.28,0.9701492537313433
6,GAM,0.29,0.9701492537313433
6,GAM,0.3,0.9701492537313433
6,GAM,0.31,0.9701492537313433
6,GAM,0.32,0.9701492537313433
6,GAM,0.33,0.9701492537313433
6,GAM,0.34,0.9701492537313433
6,GAM,0.35000000000000003,0.9701492537313433
6,GAM,0.36,0.9701492537313433
6,GAM,0.37,0.9701492537313433
6,GAM,0.38,0.9701492537313433
6,GAM,0.39,0.9850746268656716
6,GAM,0.4,0.9850746268656716
6,GAM,0.41000000000000003,0.9850746268656716
6,GAM,0.42,0.9850746268656716
6,GAM,0.43,0.9850746268656716
6,GAM,0.44,0.9850746268656716
6,GAM,0.45,0.9850746268656716
6,GAM,0.46,0.9850746268656716
6,GAM,0.47000000000000003,0.9850746268656716
6,GAM,0.48,0.9850746268656716
6,GAM,0.49,0.9850746268656716
6,GAM,0.5,0.9850746268656716
6,GAM,0.51,0.9850746268656716
6,GAM,0.52,0.9850746268656716
6,GAM,0.53,0.9850746268656716
6,GAM,0.54,0.9850746268656716
6,GAM,0.55,0.9850746268656716
6,GAM,0.56,0.9850746268656716
6,GAM,0.5700000000000001,0.9850746268656716
6,GAM,0.58,0.9850746268656716
6,GAM,0.59,0.9850746268656716
6,GAM,0.6,0.9850746268656716
6,GAM,0.61,0.9850746268656716
6,GAM,0.62,0.9850746268656716
6,GAM,0.63,0.9850746268656716
6,GAM,0.64,0.9850746268656716
6,GAM,0.65,0.9850746268656716
6,GAM,0.66,0.9850746268656716
6,GAM,0.67,1.0
6,GAM,0.68,1.0
6,GAM,0.6900000000000001,1.0
6,GAM,0.7000000000000001,1.0
6,GAM,0.71,1.0
6,GAM,0.72,1.0
6,GAM,0.73,1.0
6,GAM,0.74,1.0
6,GAM,0.75,1.0
6,GAM,0.76,1.0
6,GAM,0.77,1.0
6,GAM,0.78,1.0
6,GAM,0.79,1.0
6,GAM,0.8,1.0
6,GAM,0.81,1.0
6,GAM,0.8200000000000001,1.0
6,GAM,0.8300000000000001,1.0
6,GAM,0.84,1.0
6,GAM,0.85,1.0
6,GAM,0.86,1.0
6,GAM,0.87,1.0
6,GAM,0.88,1.0
6,GAM,0.89,1.0
6,GAM,0.9,1.0
6,GAM,0.91,1.0
6,GAM,0.92,1.0
6,GAM,0.93,1.0
6,GAM,0.9400000000000001,1.0
6,GAM,0.9500000000000001,1.0
6,GAM,0.96,1.0
6,GAM,0.97,1.0
6,GAM,0.98,1.0
6,GAM,0.99,1.0
6,GAM,1.0,1.0
7,GAM,0.0,0.0
7,GAM,0.01,0.8507462686567164
7,GAM,0.02,0.8507462686567164
7,GAM,0.03,0.8507462686567164
7,GAM,0.04,0.8656716417910447
7,GAM,0.05,0.8805970149253731
7,GAM,0.06,0.8805970149253731
7,GAM,0.07,0.8955223880597015
7,GAM,0.08,0.9104477611940298
7,GAM,0.09,0.9104477611940298
7,GAM,0.1,0.9104477611940298
7,GAM,0.11,0.9104477611940298
7,GAM,0.12,0.9104477611940298
7,GAM,0.13,0.9104477611940298
7,GAM,0.14,0.9104477611940298
7,GAM,0.15,0.9104477611940298
7,GAM,0.16,0.9104477611940298
7,GAM,0.17,0.9104477611940298
7,GAM,0.18,0.9402985074626866
7,GAM,0.19,0.9552238805970149
7,GAM,0.2,0.9552238805970149
7,GAM,0.21,0.9552238805970149
7,GAM,0.22,0.9552238805970149
7,GAM,0.23,0.9552238805970149
7,GAM,0.24,0.9701492537313433
7,GAM,0.25,0.9701492537313433
7,GAM,0.26,0.9701492537313433
7,GAM,0.27,0.9701492537313433
7,GAM,0.28,0.9701492537313433
7,GAM,0.29,0.9701492537313433
7,GAM,0.3,0.9701492537313433
7,GAM,0.31,0.9701492537313433
7,GAM,0.32,0.9701492537313433
7,GAM,0.33,0.9850746268656716
7,GAM,0.34,1.0
7,GAM,0.35000000000000003,1.0
7,GAM,0.36,1.0
7,GAM,0.37,1.0
7,GAM,0.38,1.0
7,GAM,0.39,1.0
7,GAM,0.4,1.0
7,GAM,0.41000000000000003,1.0
7,GAM,0.42,1.0
7,GAM,0.43,1.0
7,GAM,0.44,1.0
7,GAM,0.45,1.0
7,GAM,0.46,1.0
7,GAM,0.47000000000000003,1.0
7,GAM,0.48,1.0
7,GAM,0.49,1.0
7,GAM,0.5,1.0
7,GAM,0.51,1.0
7,GAM,0.52,1.0
7,GAM,0.53,1.0
7,GAM,0.54,1.0
7,GAM,0.55,1.0
7,GAM,0.56,1.0
7,GAM,0.5700000000000001,1.0
7,GAM,0.58,1.0
7,GAM,0.59,1.0
7,GAM,0.6,1.0
7,GAM,0.61,1.0
7,GAM,0.62,1.0
7,GAM,0.63,1.0
7,GAM,0.64,1.0
7,GAM,0.65,1.0
7,GAM,0.66,1.0
7,GAM,0.67,1.0
7,GAM,0.68,1.0
7,GAM,0.6900000000000001,1.0
7,GAM,0.7000000000000001,1.0
7,GAM,0.71,1.0
7,GAM,0.72,1.0
7,GAM,0.73,1.0
7,GAM,0.74,1.0
7,GAM,0.75,1.0
7,GAM,0.76,1.0
7,GAM,0.77,1.0
7,GAM,0.78,1.0
7,GAM,0.79,1.0
7,GAM,0.8,1.0
7,GAM,0.81,1.0
7,GAM,0.8200000000000001,1.0
7,GAM,0.8300000000000001,1.0
7,GAM,0.84,1.0
7,GAM,0.85,1.0
7,GAM,0.86,1.0
7,GAM,0.87,1.0
7,GAM,0.88,1.0
7,GAM,0.89,1.0
7,GAM,0.9,1.0
7,GAM,0.91,1.0
7,GAM,0.92,1.0
7,GAM,0.93,1.0
7,GAM,0.9400000000000001,1.0
7,GAM,0.9500000000000001,1.0
7,GAM,0.96,1.0
7,GAM,0.97,1.0
7,GAM,0.98,1.0
7,GAM,0.99,1.0
7,GAM,1.0,1.0
8,GAM,0.0,0.0
8,GAM,0.01,0.417910447761194
8,GAM,0.02,0.4925373134328358
8,GAM,0.03,0.4925373134328358
8,GAM,0.04,0.5671641791044776
8,GAM,0.05,0.582089552238806
8,GAM,0.06,0.5970149253731343
8,GAM,0.07,0.6865671641791045
8,GAM,0.08,0.7164179104477612
8,GAM,0.09,0.7313432835820896
8,GAM,0.1,0.8805970149253731
8,GAM,0.11,0.8955223880597015
8,GAM,0.12,0.8955223880597015
8,GAM,0.13,0.9253731343283582
8,GAM,0.14,0.9402985074626866
8,GAM,0.15,0.9402985074626866
8,GAM,0.16,0.9552238805970149
8,GAM,0.17,0.9552238805970149
8,GAM,0.18,0.9552238805970149
8,GAM,0.19,0.9552238805970149
8,GAM,0.2,0.9552238805970149
8,GAM,0.21,0.9552238805970149
8,GAM,0.22,0.9701492537313433
8,GAM,0.23,0.9701492537313433
8,GAM,0.24,0.9701492537313433
8,GAM,0.25,0.9701492537313433
8,GAM,0.26,0.9701492537313433
8,GAM,0.27,0.9701492537313433
8,GAM,0.28,0.9850746268656716
8,GAM,0.29,0.9850746268656716
8,GAM,0.3,0.9850746268656716
8,GAM,0.31,0.9850746268656716
8,GAM,0.32,0.9850746268656716
8,GAM,0.33,0.9850746268656716
8,GAM,0.34,0.9850746268656716
8,GAM,0.35000000000000003,0.9850746268656716
8,GAM,0.36,0.9850746268656716
8,GAM,0.37,0.9850746268656716
8,GAM,0.38,0.9850746268656716
8,GAM,0.39,0.9850746268656716
8,GAM,0.4,0.9850746268656716
8,GAM,0.41000000000000003,0.9850746268656716
8,GAM,0.42,0.9850746268656716
8,GAM,0.43,0.9850746268656716
8,GAM,0.44,0.9850746268656716
8,GAM,0.45,0.9850746268656716
8,GAM,0.46,0.9850746268656716
8,GAM,0.47000000000000003,0.9850746268656716
8,GAM,0.48,0.9850746268656716
8,GAM,0.49,0.9850746268656716
8,GAM,0.5,0.9850746268656716
8,GAM,0.51,0.9850746268656716
8,GAM,0.52,0.9850746268656716
8,GAM,0.53,0.9850746268656716
8,GAM,0.54,0.9850746268656716
8,GAM,0.55,0.9850746268656716
8,GAM,0.56,0.9850746268656716
8,GAM,0.5700000000000001,0.9850746268656716
8,GAM,0.58,0.9850746268656716
8,GAM,0.59,0.9850746268656716
8,GAM,0.6,0.9850746268656716
8,GAM,0.61,0.9850746268656716
8,GAM,0.62,0.9850746268656716
8,GAM,0.63,0.9850746268656716
8,GAM,0.64,0.9850746268656716
8,GAM,0.65,0.9850746268656716
8,GAM,0.66,0.9850746268656716
8,GAM,0.67,0.9850746268656716
8,GAM,0.68,0.9850746268656716
8,GAM,0.6900000000000001,0.9850746268656716
8,GAM,0.7000000000000001,0.9850746268656716
8,GAM,0.71,0.9850746268656716
8,GAM,0.72,0.9850746268656716
8,GAM,0.73,1.0
8,GAM,0.74,1.0
8,GAM,0.75,1.0
8,GAM,0.76,1.0
8,GAM,0.77,1.0
8,GAM,0.78,1.0
8,GAM,0.79,1.0
8,GAM,0.8,1.0
8,GAM,0.81,1.0
8,GAM,0.8200000000000001,1.0
8,GAM,0.8300000000000001,1.0
8,GAM,0.84,1.0
8,GAM,0.85,1.0
8,GAM,0.86,1.0
8,GAM,0.87,1.0
8,GAM,0.88,1.0
8,GAM,0.89,1.0
8,GAM,0.9,1.0
8,GAM,0.91,1.0
8,GAM,0.92,1.0
8,GAM,0.93,1.0
8,GAM,0.9400000000000001,1.0
8,GAM,0.9500000000000001,1.0
8,GAM,0.96,1.0
8,GAM,0.97,1.0
8,GAM,0.98,1.0
8,GAM,0.99,1.0
8,GAM,1.0,1.0
9,GAM,0.0,0.0
9,GAM,0.01,0.22388059701492538
9,GAM,0.02,0.2537313432835821
9,GAM,0.03,0.3880597014925373
9,GAM,0.04,0.5373134328358209
9,GAM,0.05,0.6567164179104478
9,GAM,0.06,0.6567164179104478
9,GAM,0.07,0.8208955223880597
9,GAM,0.08,0.9253731343283582
9,GAM,0.09,0.9253731343283582
9,GAM,0.1,0.9253731343283582
9,GAM,0.11,0.9253731343283582
9,GAM,0.12,0.9253731343283582
9,GAM,0.13,0.9402985074626866
9,GAM,0.14,0.9552238805970149
9,GAM,0.15,0.9552238805970149
9,GAM,0.16,0.9552238805970149
9,GAM,0.17,0.9701492537313433
9,GAM,0.18,0.9701492537313433
9,GAM,0.19,0.9701492537313433
9,GAM,0.2,0.9701492537313433
9,GAM,0.21,0.9701492537313433
9,GAM,0.22,0.9701492537313433
9,GAM,0.23,0.9701492537313433
9,GAM,0.24,0.9701492537313433
9,GAM,0.25,0.9701492537313433
9,GAM,0.26,0.9701492537313433
9,GAM,0.27,0.9701492537313433
9,GAM,0.28,0.9701492537313433
9,GAM,0.29,0.9701492537313433
9,GAM,0.3,0.9701492537313433
9,GAM,0.31,0.9850746268656716
9,GAM,0.32,0.9850746268656716
9,GAM,0.33,0.9850746268656716
9,GAM,0.34,0.9850746268656716
9,GAM,0.35000000000000003,0.9850746268656716
9,GAM,0.36,0.9850746268656716
9,GAM,0.37,0.9850746268656716
9,GAM,0.38,0.9850746268656716
9,GAM,0.39,0.9850746268656716
9,GAM,0.4,0.9850746268656716
9,GAM,0.41000000000000003,0.9850746268656716
9,GAM,0.42,0.9850746268656716
9,GAM,0.43,0.9850746268656716
9,GAM,0.44,0.9850746268656716
9,GAM,0.45,0.9850746268656716
9,GAM,0.46,0.9850746268656716
9,GAM,0.47000000000000003,0.9850746268656716
9,GAM,0.48,0.9850746268656716
9,GAM,0.49,0.9850746268656716
9,GAM,0.5,0.9850746268656716
9,GAM,0.51,0.9850746268656716
9,GAM,0.52,0.9850746268656716
9,GAM,0.53,0.9850746268656716
9,GAM,0.54,0.9850746268656716
9,GAM,0.55,0.9850746268656716
9,GAM,0.56,0.9850746268656716
9,GAM,0.5700000000000001,0.9850746268656716
9,GAM,0.58,0.9850746268656716
9,GAM,0.59,0.9850746268656716
9,GAM,0.6,0.9850746268656716
9,GAM,0.61,0.9850746268656716
9,GAM,0.62,0.9850746268656716
9,GAM,0.63,0.9850746268656716
9,GAM,0.64,0.9850746268656716
9,GAM,0.65,0.9850746268656716
9,GAM,0.66,0.9850746268656716
9,GAM,0.67,0.9850746268656716
9,GAM,0.68,0.9850746268656716
9,GAM,0.6900000000000001,0.9850746268656716
9,GAM,0.7000000000000001,0.9850746268656716
9,GAM,0.71,0.9850746268656716
9,GAM,0.72,0.9850746268656716
9,GAM,0.73,0.9850746268656716
9,GAM,0.74,0.9850746268656716
9,GAM,0.75,0.9850746268656716
9,GAM,0.76,0.9850746268656716
9,GAM,0.77,0.9850746268656716
9,GAM,0.78,0.9850746268656716
9,GAM,0.79,0.9850746268656716
9,GAM,0.8,0.9850746268656716
9,GAM,0.81,0.9850746268656716
9,GAM,0.8200000000000001,0.9850746268656716
9,GAM,0.8300000000000001,0.9850746268656716
9,GAM,0.84,0.9850746268656716
9,GAM,0.85,0.9850746268656716
9,GAM,0.86,0.9850746268656716
9,GAM,0.87,1.0
9,GAM,0.88,1.0
9,GAM,0.89,1.0
9,GAM,0.9,1.0
9,GAM,0.91,1.0
9,GAM,0.92,1.0
9,GAM,0.93,1.0
9,GAM,0.9400000000000001,1.0
9,GAM,0.9500000000000001,1.0
9,GAM,0.96,1.0
9,GAM,0.97,1.0
9,GAM,0.98,1.0
9,GAM,0.99,1.0
9,GAM,1.0,1.0
10,GAM,0.0,0.0
10,GAM,0.01,0.3582089552238806
10,GAM,0.02,0.47761194029850745
10,GAM,0.03,0.7313432835820896
10,GAM,0.04,0.8507462686567164
10,GAM,0.05,0.8656716417910447
10,GAM,0.06,0.8656716417910447
10,GAM,0.07,0.8805970149253731
10,GAM,0.08,0.8955223880597015
10,GAM,0.09,0.8955223880597015
10,GAM,0.1,0.8955223880597015
10,GAM,0.11,0.8955223880597015
10,GAM,0.12,0.8955223880597015
10,GAM,0.13,0.9253731343283582
10,GAM,0.14,0.9402985074626866
10,GAM,0.15,0.9552238805970149
10,GAM,0.16,0.9850746268656716
10,GAM,0.17,0.9850746268656716
10,GAM,0.18,0.9850746268656716
10,GAM,0.19,0.9850746268656716
10,GAM,0.2,1.0
10,GAM,0.21,1.0
10,GAM,0.22,1.0
10,GAM,0.23,1.0
10,GAM,0.24,1.0
10,GAM,0.25,1.0
10,GAM,0.26,1.0
10,GAM,0.27,1.0
10,GAM,0.28,1.0
10,GAM,0.29,1.0
10,GAM,0.3,1.0
10,GAM,0.31,1.0
10,GAM,0.32,1.0
10,GAM,0.33,1.0
10,GAM,0.34,1.0
10,GAM,0.35000000000000003,1.0
10,GAM,0.36,1.0
10,GAM,0.37,1.0
10,GAM,0.38,1.0
10,GAM,0.39,1.0
10,GAM,0.4,1.0
10,GAM,0.41000000000000003,1.0
10,GAM,0.42,1.0
10,GAM,0.43,1.0
10,GAM,0.44,1.0
10,GAM,0.45,1.0
10,GAM,0.46,1.0
10,GAM,0.47000000000000003,1.0
10,GAM,0.48,1.0
10,GAM,0.49,1.0
10,GAM,0.5,1.0
10,GAM,0.51,1.0
10,GAM,0.52,1.0
10,GAM,0.53,1.0
10,GAM,0.54,1.0
10,GAM,0.55,1.0
10,GAM,0.56,1.0
10,GAM,0.5700000000000001,1.0
10,GAM,0.58,1.0
10,GAM,0.59,1.0
10,GAM,0.6,1.0
10,GAM,0.61,1.0
10,GAM,0.62,1.0
10,GAM,0.63,1.0
10,GAM,0.64,1.0
10,GAM,0.65,1.0
10,GAM,0.66,1.0
10,GAM,0.67,1.0
10,GAM,0.68,1.0
10,GAM,0.6900000000000001,1.0
10,GAM,0.7000000000000001,1.0
10,GAM,0.71,1.0
10,GAM,0.72,1.0
10,GAM,0.73,1.0
10,GAM,0.74,1.0
10,GAM,0.75,1.0
10,GAM,0.76,1.0
10,GAM,0.77,1.0
10,GAM,0.78,1.0
10,GAM,0.79,1.0
10,GAM,0.8,1.0
10,GAM,0.81,1.0
10,GAM,0.8200000000000001,1.0
10,GAM,0.8300000000000001,1.0
10,GAM,0.84,1.0
10,GAM,0.85,1.0
10,GAM,0.86,1.0
10,GAM,0.87,1.0
10,GAM,0.88,1.0
10,GAM,0.89,1.0
10,GAM,0.9,1.0
10,GAM,0.91,1.0
10,GAM,0.92,1.0
10,GAM,0.93,1.0
10,GAM,0.9400000000000001,1.0
10,GAM,0.9500000000000001,1.0
10,GAM,0.96,1.0
10,GAM,0.97,1.0
10,GAM,0.98,1.0
10,GAM,0.99,1.0
10,GAM,1.0,1.0
11,GAM,0.0,0.0
11,GAM,0.01,0.3787878787878788
11,GAM,0.02,0.6818181818181818
11,GAM,0.03,0.803030303030303
11,GAM,0.04,0.8484848484848485
11,GAM,0.05,0.9090909090909091
11,GAM,0.06,0.9545454545454546
11,GAM,0.07,0.9545454545454546
11,GAM,0.08,0.9545454545454546
11,GAM,0.09,0.9545454545454546
11,GAM,0.1,0.9545454545454546
11,GAM,0.11,0.9545454545454546
11,GAM,0.12,0.9545454545454546
11,GAM,0.13,0.9696969696969697
11,GAM,0.14,0.9696969696969697
11,GAM,0.15,1.0
11,GAM,0.16,1.0
11,GAM,0.17,1.0
11,GAM,0.18,1.0
11,GAM,0.19,1.0
11,GAM,0.2,1.0
11,GAM,0.21,1.0
11,GAM,0.22,1.0
11,GAM,0.23,1.0
11,GAM,0.24,1.0
11,GAM,0.25,1.0
11,GAM,0.26,1.0
11,GAM,0.27,1.0
11,GAM,0.28,1.0
11,GAM,0.29,1.0
11,GAM,0.3,1.0
11,GAM,0.31,1.0
11,GAM,0.32,1.0
11,GAM,0.33,1.0
11,GAM,0.34,1.0
11,GAM,0.35000000000000003,1.0
11,GAM,0.36,1.0
11,GAM,0.37,1.0
11,GAM,0.38,1.0
11,GAM,0.39,1.0
11,GAM,0.4,1.0
11,GAM,0.41000000000000003,1.0
11,GAM,0.42,1.0
11,GAM,0.43,1.0
11,GAM,0.44,1.0
11,GAM,0.45,1.0
11,GAM,0.46,1.0
11,GAM,0.47000000000000003,1.0
11,GAM,0.48,1.0
11,GAM,0.49,1.0
11,GAM,0.5,1.0
11,GAM,0.51,1.0
11,GAM,0.52,1.0
11,GAM,0.53,1.0
11,GAM,0.54,1.0
11,GAM,0.55,1.0
11,GAM,0.56,1.0
11,GAM,0.5700000000000001,1.0
11,GAM,0.58,1.0
11,GAM,0.59,1.0
11,GAM,0.6,1.0
11,GAM,0.61,1.0
11,GAM,0.62,1.0
11,GAM,0.63,1.0
11,GAM,0.64,1.0
11,GAM,0.65,1.0
11,GAM,0.66,1.0
11,GAM,0.67,1.0
11,GAM,0.68,1.0
11,GAM,0.6900000000000001,1.0
11,GAM,0.7000000000000001,1.0
11,GAM,0.71,1.0
11,GAM,0.72,1.0
11,GAM,0.73,1.0
11,GAM,0.74,1.0
11,GAM,0.75,1.0
11,GAM,0.76,1.0
11,GAM,0.77,1.0
11,GAM,0.78,1.0
11,GAM,0.79,1.0
11,GAM,0.8,1.0
11,GAM,0.81,1.0
11,GAM,0.8200000000000001,1.0
11,GAM,0.8300000000000001,1.0
11,GAM,0.84,1.0
11,GAM,0.85,1.0
11,GAM,0.86,1.0
11,GAM,0.87,1.0
11,GAM,0.88,1.0
11,GAM,0.89,1.0
11,GAM,0.9,1.0
11,GAM,0.91,1.0
11,GAM,0.92,1.0
11,GAM,0.93,1.0
11,GAM,0.9400000000000001,1.0
11,GAM,0.9500000000000001,1.0
11,GAM,0.96,1.0
11,GAM,0.97,1.0
11,GAM,0.98,1.0
11,GAM,0.99,1.0
11,GAM,1.0,1.0
12,GAM,0.0,0.0
12,GAM,0.01,0.8208955223880597
12,GAM,0.02,0.835820895522388
12,GAM,0.03,0.835820895522388
12,GAM,0.04,0.9552238805970149
12,GAM,0.05,0.9552238805970149
12,GAM,0.06,0.9552238805970149
12,GAM,0.07,0.9552238805970149
12,GAM,0.08,0.9701492537313433
12,GAM,0.09,0.9701492537313433
12,GAM,0.1,0.9701492537313433
12,GAM,0.11,0.9850746268656716
12,GAM,0.12,0.9850746268656716
12,GAM,0.13,0.9850746268656716
12,GAM,0.14,0.9850746268656716
12,GAM,0.15,0.9850746268656716
12,GAM,0.16,0.9850746268656716
12,GAM,0.17,0.9850746268656716
12,GAM,0.18,0.9850746268656716
12,GAM,0.19,0.9850746268656716
12,GAM,0.2,0.9850746268656716
12,GAM,0.21,0.9850746268656716
12,GAM,0.22,0.9850746268656716
12,GAM,0.23,0.9850746268656716
12,GAM,0.24,0.9850746268656716
12,GAM,0.25,0.9850746268656716
12,GAM,0.26,0.9850746268656716
12,GAM,0.27,0.9850746268656716
12,GAM,0.28,0.9850746268656716
12,GAM,0.29,0.9850746268656716
12,GAM,0.3,0.9850746268656716
12,GAM,0.31,0.9850746268656716
12,GAM,0.32,0.9850746268656716
12,GAM,0.33,0.9850746268656716
12,GAM,0.34,0.9850746268656716
12,GAM,0.35000000000000003,0.9850746268656716
12,GAM,0.36,0.9850746268656716
12,GAM,0.37,0.9850746268656716
12,GAM,0.38,0.9850746268656716
12,GAM,0.39,0.9850746268656716
12,GAM,0.4,1.0
12,GAM,0.41000000000000003,1.0
12,GAM,0.42,1.0
12,GAM,0.43,1.0
12,GAM,0.44,1.0
12,GAM,0.45,1.0
12,GAM,0.46,1.0
12,GAM,0.47000000000000003,1.0
12,GAM,0.48,1.0
12,GAM,0.49,1.0
12,GAM,0.5,1.0
12,GAM,0.51,1.0
12,GAM,0.52,1.0
12,GAM,0.53,1.0
12,GAM,0.54,1.0
12,GAM,0.55,1.0
12,GAM,0.56,1.0
12,GAM,0.5700000000000001,1.0
12,GAM,0.58,1.0
12,GAM,0.59,1.0
12,GAM,0.6,1.0
12,GAM,0.61,1.0
12,GAM,0.62,1.0
12,GAM,0.63,1.0
12,GAM,0.64,1.0
12,GAM,0.65,1.0
12,GAM,0.66,1.0
12,GAM,0.67,1.0
12,GAM,0.68,1.0
12,GAM,0.6900000000000001,1.0
12,GAM,0.7000000000000001,1.0
12,GAM,0.71,1.0
12,GAM,0.72,1.0
12,GAM,0.73,1.0
12,GAM,0.74,1.0
12,GAM,0.75,1.0
12,GAM,0.76,1.0
12,GAM,0.77,1.0
12,GAM,0.78,1.0
12,GAM,0.79,1.0
12,GAM,0.8,1.0
12,GAM,0.81,1.0
12,GAM,0.8200000000000001,1.0
12,GAM,0.8300000000000001,1.0
12,GAM,0.84,1.0
12,GAM,0.85,1.0
12,GAM,0.86,1.0
12,GAM,0.87,1.0
12,GAM,0.88,1.0
12,GAM,0.89,1.0
12,GAM,0.9,1.0
12,GAM,0.91,1.0
12,GAM,0.92,1.0
12,GAM,0.93,1.0
12,GAM,0.9400000000000001,1.0
12,GAM,0.9500000000000001,1.0
12,GAM,0.96,1.0
12,GAM,0.97,1.0
12,GAM,0.98,1.0
12,GAM,0.99,1.0
12,GAM,1.0,1.0
13,GAM,0.0,0.0
13,GAM,0.01,0.2835820895522388
13,GAM,0.02,0.7164179104477612
13,GAM,0.03,0.746268656716418
13,GAM,0.04,0.8507462686567164
13,GAM,0.05,0.8507462686567164
13,GAM,0.06,0.8805970149253731
13,GAM,0.07,0.8805970149253731
13,GAM,0.08,0.8955223880597015
13,GAM,0.09,0.8955223880597015
13,GAM,0.1,0.9104477611940298
13,GAM,0.11,0.9104477611940298
13,GAM,0.12,0.9253731343283582
13,GAM,0.13,0.9253731343283582
13,GAM,0.14,0.9402985074626866
13,GAM,0.15,0.9402985074626866
13,GAM,0.16,0.9701492537313433
13,GAM,0.17,0.9701492537313433
13,GAM,0.18,0.9701492537313433
13,GAM,0.19,0.9701492537313433
13,GAM,0.2,0.9701492537313433
13,GAM,0.21,0.9850746268656716
13,GAM,0.22,0.9850746268656716
13,GAM,0.23,0.9850746268656716
13,GAM,0.24,0.9850746268656716
13,GAM,0.25,1.0
13,GAM,0.26,1.0
13,GAM,0.27,1.0
13,GAM,0.28,1.0
13,GAM,0.29,1.0
13,GAM,0.3,1.0
13,GAM,0.31,1.0
13,GAM,0.32,1.0
13,GAM,0.33,1.0
13,GAM,0.34,1.0
13,GAM,0.35000000000000003,1.0
13,GAM,0.36,1.0
13,GAM,0.37,1.0
13,GAM,0.38,1.0
13,GAM,0.39,1.0
13,GAM,0.4,1.0
13,GAM,0.41000000000000003,1.0
13,GAM,0.42,1.0
13,GAM,0.43,1.0
13,GAM,0.44,1.0
13,GAM,0.45,1.0
13,GAM,0.46,1.0
13,GAM,0.47000000000000003,1.0
13,GAM,0.48,1.0
13,GAM,0.49,1.0
13,GAM,0.5,1.0
13,GAM,0.51,1.0
13,GAM,0.52,1.0
13,GAM,0.53,1.0
13,GAM,0.54,1.0
13,GAM,0.55,1.0
13,GAM,0.56,1.0
13,GAM,0.5700000000000001,1.0
13,GAM,0.58,1.0
13,GAM,0.59,1.0
13,GAM,0.6,1.0
13,GAM,0.61,1.0
13,GAM,0.62,1.0
13,GAM,0.63,1.0
13,GAM,0.64,1.0
13,GAM,0.65,1.0
13,GAM,0.66,1.0
13,GAM,0.67,1.0
13,GAM,0.68,1.0
13,GAM,0.6900000000000001,1.0
13,GAM,0.7000000000000001,1.0
13,GAM,0.71,1.0
13,GAM,0.72,1.0
13,GAM,0.73,1.0
13,GAM,0.74,1.0
13,GAM,0.75,1.0
13,GAM,0.76,1.0
13,GAM,0.77,1.0
13,GAM,0.78,1.0
13,GAM,0.79,1.0
13,GAM,0.8,1.0
13,GAM,0.81,1.0
13,GAM,0.8200000000000001,1.0
13,GAM,0.8300000000000001,1.0
13,GAM,0.84,1.0
13,GAM,0.85,1.0
13,GAM,0.86,1.0
13,GAM,0.87,1.0
13,GAM,0.88,1.0
13,GAM,0.89,1.0
13,GAM,0.9,1.0
13,GAM,0.91,1.0
13,GAM,0.92,1.0
13,GAM,0.93,1.0
13,GAM,0.9400000000000001,1.0
13,GAM,0.9500000000000001,1.0
13,GAM,0.96,1.0
13,GAM,0.97,1.0
13,GAM,0.98,1.0
13,GAM,0.99,1.0
13,GAM,1.0,1.0
14,GAM,0.0,0.0
14,GAM,0.01,0.19402985074626866
14,GAM,0.02,0.31343283582089554
14,GAM,0.03,0.47761194029850745
14,GAM,0.04,0.6268656716417911
14,GAM,0.05,0.7164179104477612
14,GAM,0.06,0.7313432835820896
14,GAM,0.07,0.7611940298507462
14,GAM,0.08,0.9253731343283582
14,GAM,0.09,0.9253731343283582
14,GAM,0.1,0.9253731343283582
14,GAM,0.11,0.9253731343283582
14,GAM,0.12,0.9253731343283582
14,GAM,0.13,0.9701492537313433
14,GAM,0.14,0.9701492537313433
14,GAM,0.15,0.9701492537313433
14,GAM,0.16,0.9701492537313433
14,GAM,0.17,0.9701492537313433
14,GAM,0.18,0.9701492537313433
14,GAM,0.19,0.9701492537313433
14,GAM,0.2,0.9850746268656716
14,GAM,0.21,0.9850746268656716
14,GAM,0.22,0.9850746268656716
14,GAM,0.23,0.9850746268656716
14,GAM,0.24,0.9850746268656716
14,GAM,0.25,0.9850746268656716
14,GAM,0.26,0.9850746268656716
14,GAM,0.27,0.9850746268656716
14,GAM,0.28,0.9850746268656716
14,GAM,0.29,0.9850746268656716
14,GAM,0.3,0.9850746268656716
14,GAM,0.31,0.9850746268656716
14,GAM,0.32,0.9850746268656716
14,GAM,0.33,0.9850746268656716
14,GAM,0.34,0.9850746268656716
14,GAM,0.35000000000000003,0.9850746268656716
14,GAM,0.36,0.9850746268656716
14,GAM,0.37,0.9850746268656716
14,GAM,0.38,0.9850746268656716
14,GAM,0.39,0.9850746268656716
14,GAM,0.4,0.9850746268656716
14,GAM,0.41000000000000003,0.9850746268656716
14,GAM,0.42,1.0
14,GAM,0.43,1.0
14,GAM,0.44,1.0
14,GAM,0.45,1.0
14,GAM,0.46,1.0
14,GAM,0.47000000000000003,1.0
14,GAM,0.48,1.0
14,GAM,0.49,1.0
14,GAM,0.5,1.0
14,GAM,0.51,1.0
14,GAM,0.52,1.0
14,GAM,0.53,1.0
14,GAM,0.54,1.0
14,GAM,0.55,1.0
14,GAM,0.56,1.0
14,GAM,0.5700000000000001,1.0
14,GAM,0.58,1.0
14,GAM,0.59,1.0
14,GAM,0.6,1.0
14,GAM,0.61,1.0
14,GAM,0.62,1.0
14,GAM,0.63,1.0
14,GAM,0.64,1.0
14,GAM,0.65,1.0
14,GAM,0.66,1.0
14,GAM,0.67,1.0
14,GAM,0.68,1.0
14,GAM,0.6900000000000001,1.0
14,GAM,0.7000000000000001,1.0
14,GAM,0.71,1.0
14,GAM,0.72,1.0
14,GAM,0.73,1.0
14,GAM,0.74,1.0
14,GAM,0.75,1.0
14,GAM,0.76,1.0
14,GAM,0.77,1.0
14,GAM,0.78,1.0
14,GAM,0.79,1.0
14,GAM,0.8,1.0
14,GAM,0.81,1.0
14,GAM,0.8200000000000001,1.0
14,GAM,0.8300000000000001,1.0
14,GAM,0.84,1.0
14,GAM,0.85,1.0
14,GAM,0.86,1.0
14,GAM,0.87,1.0
14,GAM,0.88,1.0
14,GAM,0.89,1.0
14,GAM,0.9,1.0
14,GAM,0.91,1.0
14,GAM,0.92,1.0
14,GAM,0.93,1.0
14,GAM,0.9400000000000001,1.0
14,GAM,0.9500000000000001,1.0
14,GAM,0.96,1.0
14,GAM,0.97,1.0
14,GAM,0.98,1.0
14,GAM,0.99,1.0
14,GAM,1.0,1.0
15,GAM,0.0,0.0
15,GAM,0.01,0.582089552238806
15,GAM,0.02,0.6567164179104478
15,GAM,0.03,0.7164179104477612
15,GAM,0.04,0.7761194029850746
15,GAM,0.05,0.7761194029850746
15,GAM,0.06,0.8208955223880597
15,GAM,0.07,0.835820895522388
15,GAM,0.08,0.8656716417910447
15,GAM,0.09,0.8955223880597015
15,GAM,0.1,0.8955223880597015
15,GAM,0.11,0.8955223880597015
15,GAM,0.12,0.8955223880597015
15,GAM,0.13,0.9104477611940298
15,GAM,0.14,0.9104477611940298
15,GAM,0.15,0.9253731343283582
15,GAM,0.16,0.9253731343283582
15,GAM,0.17,0.9552238805970149
15,GAM,0.18,0.9552238805970149
15,GAM,0.19,0.9552238805970149
15,GAM,0.2,0.9552238805970149
15,GAM,0.21,0.9552238805970149
15,GAM,0.22,0.9701492537313433
15,GAM,0.23,0.9701492537313433
15,GAM,0.24,0.9701492537313433
15,GAM,0.25,0.9701492537313433
15,GAM,0.26,0.9701492537313433
15,GAM,0.27,0.9701492537313433
15,GAM,0.28,0.9701492537313433
15,GAM,0.29,0.9701492537313433
15,GAM,0.3,0.9701492537313433
15,GAM,0.31,0.9701492537313433
15,GAM,0.32,0.9701492537313433
15,GAM,0.33,0.9701492537313433
15,GAM,0.34,0.9701492537313433
15,GAM,0.35000000000000003,0.9701492537313433
15,GAM,0.36,0.9701492537313433
15,GAM,0.37,0.9701492537313433
15,GAM,0.38,0.9701492537313433
15,GAM,0.39,0.9701492537313433
15,GAM,0.4,0.9701492537313433
15,GAM,0.41000000000000003,0.9701492537313433
15,GAM,0.42,0.9701492537313433
15,GAM,0.43,0.9701492537313433
15,GAM,0.44,0.9701492537313433
15,GAM,0.45,0.9701492537313433
15,GAM,0.46,0.9701492537313433
15,GAM,0.47000000000000003,0.9701492537313433
15,GAM,0.48,0.9701492537313433
15,GAM,0.49,0.9701492537313433
15,GAM,0.5,0.9701492537313433
15,GAM,0.51,0.9701492537313433
15,GAM,0.52,0.9701492537313433
15,GAM,0.53,0.9701492537313433
15,GAM,0.54,0.9701492537313433
15,GAM,0.55,0.9701492537313433
15,GAM,0.56,0.9701492537313433
15,GAM,0.5700000000000001,0.9701492537313433
15,GAM,0.58,0.9701492537313433
15,GAM,0.59,0.9850746268656716
15,GAM,0.6,0.9850746268656716
15,GAM,0.61,0.9850746268656716
15,GAM,0.62,0.9850746268656716
15,GAM,0.63,0.9850746268656716
15,GAM,0.64,0.9850746268656716
15,GAM,0.65,0.9850746268656716
15,GAM,0.66,0.9850746268656716
15,GAM,0.67,0.9850746268656716
15,GAM,0.68,0.9850746268656716
15,GAM,0.6900000000000001,0.9850746268656716
15,GAM,0.7000000000000001,0.9850746268656716
15,GAM,0.71,0.9850746268656716
15,GAM,0.72,0.9850746268656716
15,GAM,0.73,0.9850746268656716
15,GAM,0.74,0.9850746268656716
15,GAM,0.75,0.9850746268656716
15,GAM,0.76,1.0
15,GAM,0.77,1.0
15,GAM,0.78,1.0
15,GAM,0.79,1.0
15,GAM,0.8,1.0
15,GAM,0.81,1.0
15,GAM,0.8200000000000001,1.0
15,GAM,0.8300000000000001,1.0
15,GAM,0.84,1.0
15,GAM,0.85,1.0
15,GAM,0.86,1.0
15,GAM,0.87,1.0
15,GAM,0.88,1.0
15,GAM,0.89,1.0
15,GAM,0.9,1.0
15,GAM,0.91,1.0
15,GAM,0.92,1.0
15,GAM,0.93,1.0
15,GAM,0.9400000000000001,1.0
15,GAM,0.9500000000000001,1.0
15,GAM,0.96,1.0
15,GAM,0.97,1.0
15,GAM,0.98,1.0
15,GAM,0.99,1.0
15,GAM,1.0,1.0
16,GAM,0.0,0.0
16,GAM,0.01,0.31343283582089554
16,GAM,0.02,0.417910447761194
16,GAM,0.03,0.6119402985074627
16,GAM,0.04,0.7761194029850746
16,GAM,0.05,0.7910447761194029
16,GAM,0.06,0.835820895522388
16,GAM,0.07,0.8656716417910447
16,GAM,0.08,0.8805970149253731
16,GAM,0.09,0.8955223880597015
16,GAM,0.1,0.9253731343283582
16,GAM,0.11,0.9253731343283582
16,GAM,0.12,0.9253731343283582
16,GAM,0.13,0.9402985074626866
16,GAM,0.14,0.9402985074626866
16,GAM,0.15,0.9402985074626866
16,GAM,0.16,0.9402985074626866
16,GAM,0.17,0.9552238805970149
16,GAM,0.18,0.9701492537313433
16,GAM,0.19,0.9701492537313433
16,GAM,0.2,0.9701492537313433
16,GAM,0.21,0.9701492537313433
16,GAM,0.22,0.9701492537313433
16,GAM,0.23,0.9701492537313433
16,GAM,0.24,0.9701492537313433
16,GAM,0.25,0.9701492537313433
16,GAM,0.26,0.9701492537313433
16,GAM,0.27,0.9701492537313433
16,GAM,0.28,0.9701492537313433
16,GAM,0.29,0.9701492537313433
16,GAM,0.3,0.9701492537313433
16,GAM,0.31,0.9701492537313433
16,GAM,0.32,0.9701492537313433
16,GAM,0.33,0.9701492537313433
16,GAM,0.34,0.9701492537313433
16,GAM,0.35000000000000003,0.9701492537313433
16,GAM,0.36,0.9701492537313433
16,GAM,0.37,0.9701492537313433
16,GAM,0.38,0.9701492537313433
16,GAM,0.39,0.9701492537313433
16,GAM,0.4,0.9701492537313433
16,GAM,0.41000000000000003,0.9701492537313433
16,GAM,0.42,0.9701492537313433
16,GAM,0.43,0.9850746268656716
16,GAM,0.44,0.9850746268656716
16,GAM,0.45,0.9850746268656716
16,GAM,0.46,0.9850746268656716
16,GAM,0.47000000000000003,0.9850746268656716
16,GAM,0.48,0.9850746268656716
16,GAM,0.49,0.9850746268656716
16,GAM,0.5,0.9850746268656716
16,GAM,0.51,0.9850746268656716
16,GAM,0.52,0.9850746268656716
16,GAM,0.53,0.9850746268656716
16,GAM,0.54,0.9850746268656716
16,GAM,0.55,0.9850746268656716
16,GAM,0.56,0.9850746268656716
16,GAM,0.5700000000000001,0.9850746268656716
16,GAM,0.58,0.9850746268656716
16,GAM,0.59,0.9850746268656716
16,GAM,0.6,0.9850746268656716
16,GAM,0.61,0.9850746268656716
16,GAM,0.62,0.9850746268656716
16,GAM,0.63,0.9850746268656716
16,GAM,0.64,0.9850746268656716
16,GAM,0.65,0.9850746268656716
16,GAM,0.66,0.9850746268656716
16,GAM,0.67,0.9850746268656716
16,GAM,0.68,0.9850746268656716
16,GAM,0.6900000000000001,0.9850746268656716
16,GAM,0.7000000000000001,0.9850746268656716
16,GAM,0.71,0.9850746268656716
16,GAM,0.72,0.9850746268656716
16,GAM,0.73,0.9850746268656716
16,GAM,0.74,0.9850746268656716
16,GAM,0.75,0.9850746268656716
16,GAM,0.76,0.9850746268656716
16,GAM,0.77,0.9850746268656716
16,GAM,0.78,0.9850746268656716
16,GAM,0.79,0.9850746268656716
16,GAM,0.8,0.9850746268656716
16,GAM,0.81,0.9850746268656716
16,GAM,0.8200000000000001,0.9850746268656716
16,GAM,0.8300000000000001,0.9850746268656716
16,GAM,0.84,1.0
16,GAM,0.85,1.0
16,GAM,0.86,1.0
16,GAM,0.87,1.0
16,GAM,0.88,1.0
16,GAM,0.89,1.0
16,GAM,0.9,1.0
16,GAM,0.91,1.0
16,GAM,0.92,1.0
16,GAM,0.93,1.0
16,GAM,0.9400000000000001,1.0
16,GAM,0.9500000000000001,1.0
16,GAM,0.96,1.0
16,GAM,0.97,1.0
16,GAM,0.98,1.0
16,GAM,0.99,1.0
16,GAM,1.0,1.0
17,GAM,0.0,0.0
17,GAM,0.01,0.14925373134328357
17,GAM,0.02,0.44776119402985076
17,GAM,0.03,0.4925373134328358
17,GAM,0.04,0.5223880597014925
17,GAM,0.05,0.582089552238806
17,GAM,0.06,0.6119402985074627
17,GAM,0.07,0.6268656716417911
17,GAM,0.08,0.6268656716417911
17,GAM,0.09,0.7164179104477612
17,GAM,0.1,0.835820895522388
17,GAM,0.11,0.8507462686567164
17,GAM,0.12,0.8656716417910447
17,GAM,0.13,0.9104477611940298
17,GAM,0.14,0.9104477611940298
17,GAM,0.15,0.9104477611940298
17,GAM,0.16,0.9104477611940298
17,GAM,0.17,0.9253731343283582
17,GAM,0.18,0.9552238805970149
17,GAM,0.19,0.9552238805970149
17,GAM,0.2,0.9552238805970149
17,GAM,0.21,0.9552238805970149
17,GAM,0.22,0.9552238805970149
17,GAM,0.23,0.9552238805970149
17,GAM,0.24,0.9552238805970149
17,GAM,0.25,0.9552238805970149
17,GAM,0.26,0.9552238805970149
17,GAM,0.27,0.9701492537313433
17,GAM,0.28,0.9701492537313433
17,GAM,0.29,0.9701492537313433
17,GAM,0.3,0.9701492537313433
17,GAM,0.31,0.9701492537313433
17,GAM,0.32,0.9701492537313433
17,GAM,0.33,0.9701492537313433
17,GAM,0.34,0.9701492537313433
17,GAM,0.35000000000000003,0.9701492537313433
17,GAM,0.36,0.9701492537313433
17,GAM,0.37,0.9701492537313433
17,GAM,0.38,0.9701492537313433
17,GAM,0.39,0.9701492537313433
17,GAM,0.4,0.9701492537313433
17,GAM,0.41000000000000003,0.9701492537313433
17,GAM,0.42,0.9701492537313433
17,GAM,0.43,0.9701492537313433
17,GAM,0.44,0.9701492537313433
17,GAM,0.45,0.9701492537313433
17,GAM,0.46,0.9701492537313433
17,GAM,0.47000000000000003,0.9701492537313433
17,GAM,0.48,0.9701492537313433
17,GAM,0.49,0.9701492537313433
17,GAM,0.5,0.9850746268656716
17,GAM,0.51,0.9850746268656716
17,GAM,0.52,0.9850746268656716
17,GAM,0.53,0.9850746268656716
17,GAM,0.54,0.9850746268656716
17,GAM,0.55,0.9850746268656716
17,GAM,0.56,0.9850746268656716
17,GAM,0.5700000000000001,0.9850746268656716
17,GAM,0.58,0.9850746268656716
17,GAM,0.59,0.9850746268656716
17,GAM,0.6,0.9850746268656716
17,GAM,0.61,0.9850746268656716
17,GAM,0.62,0.9850746268656716
17,GAM,0.63,0.9850746268656716
17,GAM,0.64,0.9850746268656716
17,GAM,0.65,0.9850746268656716
17,GAM,0.66,0.9850746268656716
17,GAM,0.67,0.9850746268656716
17,GAM,0.68,0.9850746268656716
17,GAM,0.6900000000000001,1.0
17,GAM,0.7000000000000001,1.0
17,GAM,0.71,1.0
17,GAM,0.72,1.0
17,GAM,0.73,1.0
17,GAM,0.74,1.0
17,GAM,0.75,1.0
17,GAM,0.76,1.0
17,GAM,0.77,1.0
17,GAM,0.78,1.0
17,GAM,0.79,1.0
17,GAM,0.8,1.0
17,GAM,0.81,1.0
17,GAM,0.8200000000000001,1.0
17,GAM,0.8300000000000001,1.0
17,GAM,0.84,1.0
17,GAM,0.85,1.0
17,GAM,0.86,1.0
17,GAM,0.87,1.0
17,GAM,0.88,1.0
17,GAM,0.89,1.0
17,GAM,0.9,1.0
17,GAM,0.91,1.0
17,GAM,0.92,1.0
17,GAM,0.93,1.0
17,GAM,0.9400000000000001,1.0
17,GAM,0.9500000000000001,1.0
17,GAM,0.96,1.0
17,GAM,0.97,1.0
17,GAM,0.98,1.0
17,GAM,0.99,1.0
17,GAM,1.0,1.0
18,GAM,0.0,0.0
18,GAM,0.01,0.2835820895522388
18,GAM,0.02,0.29850746268656714
18,GAM,0.03,0.373134328358209
18,GAM,0.04,0.4626865671641791
18,GAM,0.05,0.47761194029850745
18,GAM,0.06,0.47761194029850745
18,GAM,0.07,0.582089552238806
18,GAM,0.08,0.6865671641791045
18,GAM,0.09,0.8059701492537313
18,GAM,0.1,0.8208955223880597
18,GAM,0.11,0.835820895522388
18,GAM,0.12,0.835820895522388
18,GAM,0.13,0.835820895522388
18,GAM,0.14,0.8507462686567164
18,GAM,0.15,0.8507462686567164
18,GAM,0.16,0.8507462686567164
18,GAM,0.17,0.8656716417910447
18,GAM,0.18,0.8805970149253731
18,GAM,0.19,0.9253731343283582
18,GAM,0.2,0.9402985074626866
18,GAM,0.21,0.9402985074626866
18,GAM,0.22,0.9402985074626866
18,GAM,0.23,0.9402985074626866
18,GAM,0.24,0.9402985074626866
18,GAM,0.25,0.9402985074626866
18,GAM,0.26,0.9402985074626866
18,GAM,0.27,0.9402985074626866
18,GAM,0.28,0.9402985074626866
18,GAM,0.29,0.9402985074626866
18,GAM,0.3,0.9402985074626866
18,GAM,0.31,0.9402985074626866
18,GAM,0.32,0.9402985074626866
18,GAM,0.33,0.9402985074626866
18,GAM,0.34,0.9402985074626866
18,GAM,0.35000000000000003,0.9402985074626866
18,GAM,0.36,0.9402985074626866
18,GAM,0.37,0.9402985074626866
18,GAM,0.38,0.9402985074626866
18,GAM,0.39,0.9402985074626866
18,GAM,0.4,0.9402985074626866
18,GAM,0.41000000000000003,0.9402985074626866
18,GAM,0.42,0.9402985074626866
18,GAM,0.43,0.9552238805970149
18,GAM,0.44,0.9552238805970149
18,GAM,0.45,0.9552238805970149
18,GAM,0.46,0.9552238805970149
18,GAM,0.47000000000000003,0.9552238805970149
18,GAM,0.48,0.9552238805970149
18,GAM,0.49,0.9552238805970149
18,GAM,0.5,0.9552238805970149
18,GAM,0.51,0.9552238805970149
18,GAM,0.52,0.9552238805970149
18,GAM,0.53,0.9850746268656716
18,GAM,0.54,0.9850746268656716
18,GAM,0.55,0.9850746268656716
18,GAM,0.56,0.9850746268656716
18,GAM,0.5700000000000001,0.9850746268656716
18,GAM,0.58,0.9850746268656716
18,GAM,0.59,0.9850746268656716
18,GAM,0.6,0.9850746268656716
18,GAM,0.61,0.9850746268656716
18,GAM,0.62,0.9850746268656716
18,GAM,0.63,0.9850746268656716
18,GAM,0.64,0.9850746268656716
18,GAM,0.65,0.9850746268656716
18,GAM,0.66,0.9850746268656716
18,GAM,0.67,0.9850746268656716
18,GAM,0.68,0.9850746268656716
18,GAM,0.6900000000000001,0.9850746268656716
18,GAM,0.7000000000000001,0.9850746268656716
18,GAM,0.71,0.9850746268656716
18,GAM,0.72,0.9850746268656716
18,GAM,0.73,0.9850746268656716
18,GAM,0.74,0.9850746268656716
18,GAM,0.75,0.9850746268656716
18,GAM,0.76,0.9850746268656716
18,GAM,0.77,0.9850746268656716
18,GAM,0.78,0.9850746268656716
18,GAM,0.79,0.9850746268656716
18,GAM,0.8,0.9850746268656716
18,GAM,0.81,0.9850746268656716
18,GAM,0.8200000000000001,0.9850746268656716
18,GAM,0.8300000000000001,0.9850746268656716
18,GAM,0.84,0.9850746268656716
18,GAM,0.85,1.0
18,GAM,0.86,1.0
18,GAM,0.87,1.0
18,GAM,0.88,1.0
18,GAM,0.89,1.0
18,GAM,0.9,1.0
18,GAM,0.91,1.0
18,GAM,0.92,1.0
18,GAM,0.93,1.0
18,GAM,0.9400000000000001,1.0
18,GAM,0.9500000000000001,1.0
18,GAM,0.96,1.0
18,GAM,0.97,1.0
18,GAM,0.98,1.0
18,GAM,0.99,1.0
18,GAM,1.0,1.0
19,GAM,0.0,0.0
19,GAM,0.01,0.4925373134328358
19,GAM,0.02,0.5074626865671642
19,GAM,0.03,0.5970149253731343
19,GAM,0.04,0.746268656716418
19,GAM,0.05,0.7761194029850746
19,GAM,0.06,0.8059701492537313
19,GAM,0.07,0.835820895522388
19,GAM,0.08,0.8507462686567164
19,GAM,0.09,0.8507462686567164
19,GAM,0.1,0.8656716417910447
19,GAM,0.11,0.8656716417910447
19,GAM,0.12,0.8656716417910447
19,GAM,0.13,0.9104477611940298
19,GAM,0.14,0.9402985074626866
19,GAM,0.15,0.9402985074626866
19,GAM,0.16,0.9402985074626866
19,GAM,0.17,0.9402985074626866
19,GAM,0.18,0.9402985074626866
19,GAM,0.19,0.9402985074626866
19,GAM,0.2,0.9402985074626866
19,GAM,0.21,0.9552238805970149
19,GAM,0.22,0.9701492537313433
19,GAM,0.23,0.9701492537313433
19,GAM,0.24,0.9701492537313433
19,GAM,0.25,1.0
19,GAM,0.26,1.0
19,GAM,0.27,1.0
19,GAM,0.28,1.0
19,GAM,0.29,1.0
19,GAM,0.3,1.0
19,GAM,0.31,1.0
19,GAM,0.32,1.0
19,GAM,0.33,1.0
19,GAM,0.34,1.0
19,GAM,0.35000000000000003,1.0
19,GAM,0.36,1.0
19,GAM,0.37,1.0
19,GAM,0.38,1.0
19,GAM,0.39,1.0
19,GAM,0.4,1.0
19,GAM,0.41000000000000003,1.0
19,GAM,0.42,1.0
19,GAM,0.43,1.0
19,GAM,0.44,1.0
19,GAM,0.45,1.0
19,GAM,0.46,1.0
19,GAM,0.47000000000000003,1.0
19,GAM,0.48,1.0
19,GAM,0.49,1.0
19,GAM,0.5,1.0
19,GAM,0.51,1.0
19,GAM,0.52,1.0
19,GAM,0.53,1.0
19,GAM,0.54,1.0
19,GAM,0.55,1.0
19,GAM,0.56,1.0
19,GAM,0.5700000000000001,1.0
19,GAM,0.58,1.0
19,GAM,0.59,1.0
19,GAM,0.6,1.0
19,GAM,0.61,1.0
19,GAM,0.62,1.0
19,GAM,0.63,1.0
19,GAM,0.64,1.0
19,GAM,0.65,1.0
19,GAM,0.66,1.0
19,GAM,0.67,1.0
19,GAM,0.68,1.0
19,GAM,0.6900000000000001,1.0
19,GAM,0.7000000000000001,1.0
19,GAM,0.71,1.0
19,GAM,0.72,1.0
19,GAM,0.73,1.0
19,GAM,0.74,1.0
19,GAM,0.75,1.0
19,GAM,0.76,1.0
19,GAM,0.77,1.0
19,GAM,0.78,1.0
19,GAM,0.79,1.0
19,GAM,0.8,1.0
19,GAM,0.81,1.0
19,GAM,0.8200000000000001,1.0
19,GAM,0.8300000000000001,1.0
19,GAM,0.84,1.0
19,GAM,0.85,1.0
19,GAM,0.86,1.0
19,GAM,0.87,1.0
19,GAM,0.88,1.0
19,GAM,0.89,1.0
19,GAM,0.9,1.0
19,GAM,0.91,1.0
19,GAM,0.92,1.0
19,GAM,0.93,1.0
19,GAM,0.9400000000000001,1.0
19,GAM,0.9500000000000001,1.0
19,GAM,0.96,1.0
19,GAM,0.97,1.0
19,GAM,0.98,1.0
19,GAM,0.99,1.0
19,GAM,1.0,1.0
20,GAM,0.0,0.0
20,GAM,0.01,0.5970149253731343
20,GAM,0.02,0.5970149253731343
20,GAM,0.03,0.5970149253731343
20,GAM,0.04,0.6716417910447762
20,GAM,0.05,0.6716417910447762
20,GAM,0.06,0.7164179104477612
20,GAM,0.07,0.746268656716418
20,GAM,0.08,0.7611940298507462
20,GAM,0.09,0.8507462686567164
20,GAM,0.1,0.8805970149253731
20,GAM,0.11,0.8805970149253731
20,GAM,0.12,0.8805970149253731
20,GAM,0.13,0.8955223880597015
20,GAM,0.14,0.8955223880597015
20,GAM,0.15,0.8955223880597015
20,GAM,0.16,0.9253731343283582
20,GAM,0.17,0.9402985074626866
20,GAM,0.18,0.9402985074626866
20,GAM,0.19,0.9402985074626866
20,GAM,0.2,0.9402985074626866
20,GAM,0.21,0.9402985074626866
20,GAM,0.22,0.9402985074626866
20,GAM,0.23,0.9402985074626866
20,GAM,0.24,0.9552238805970149
20,GAM,0.25,0.9552238805970149
20,GAM,0.26,0.9701492537313433
20,GAM,0.27,0.9701492537313433
20,GAM,0.28,0.9701492537313433
20,GAM,0.29,0.9701492537313433
20,GAM,0.3,0.9701492537313433
20,GAM,0.31,0.9701492537313433
20,GAM,0.32,0.9701492537313433
20,GAM,0.33,0.9701492537313433
20,GAM,0.34,0.9701492537313433
20,GAM,0.35000000000000003,0.9701492537313433
20,GAM,0.36,0.9701492537313433
20,GAM,0.37,0.9701492537313433
20,GAM,0.38,0.9701492537313433
20,GAM,0.39,0.9701492537313433
20,GAM,0.4,0.9701492537313433
20,GAM,0.41000000000000003,0.9701492537313433
20,GAM,0.42,0.9701492537313433
20,GAM,0.43,0.9701492537313433
20,GAM,0.44,0.9701492537313433
20,GAM,0.45,0.9850746268656716
20,GAM,0.46,0.9850746268656716
20,GAM,0.47000000000000003,0.9850746268656716
20,GAM,0.48,0.9850746268656716
20,GAM,0.49,0.9850746268656716
20,GAM,0.5,0.9850746268656716
20,GAM,0.51,0.9850746268656716
20,GAM,0.52,0.9850746268656716
20,GAM,0.53,0.9850746268656716
20,GAM,0.54,0.9850746268656716
20,GAM,0.55,0.9850746268656716
20,GAM,0.56,0.9850746268656716
20,GAM,0.5700000000000001,0.9850746268656716
20,GAM,0.58,0.9850746268656716
20,GAM,0.59,0.9850746268656716
20,GAM,0.6,0.9850746268656716
20,GAM,0.61,0.9850746268656716
20,GAM,0.62,0.9850746268656716
20,GAM,0.63,0.9850746268656716
20,GAM,0.64,0.9850746268656716
20,GAM,0.65,0.9850746268656716
20,GAM,0.66,0.9850746268656716
20,GAM,0.67,0.9850746268656716
20,GAM,0.68,0.9850746268656716
20,GAM,0.6900000000000001,0.9850746268656716
20,GAM,0.7000000000000001,0.9850746268656716
20,GAM,0.71,0.9850746268656716
20,GAM,0.72,0.9850746268656716
20,GAM,0.73,0.9850746268656716
20,GAM,0.74,0.9850746268656716
20,GAM,0.75,0.9850746268656716
20,GAM,0.76,0.9850746268656716
20,GAM,0.77,0.9850746268656716
20,GAM,0.78,1.0
20,GAM,0.79,1.0
20,GAM,0.8,1.0
20,GAM,0.81,1.0
20,GAM,0.8200000000000001,1.0
20,GAM,0.8300000000000001,1.0
20,GAM,0.84,1.0
20,GAM,0.85,1.0
20,GAM,0.86,1.0
20,GAM,0.87,1.0
20,GAM,0.88,1.0
20,GAM,0.89,1.0
20,GAM,0.9,1.0
20,GAM,0.91,1.0
20,GAM,0.92,1.0
20,GAM,0.93,1.0
20,GAM,0.9400000000000001,1.0
20,GAM,0.9500000000000001,1.0
20,GAM,0.96,1.0
20,GAM,0.97,1.0
20,GAM,0.98,1.0
20,GAM,0.99,1.0
20,GAM,1.0,1.0
21,GAM,0.0,0.0
21,GAM,0.01,0.5303030303030303
21,GAM,0.02,0.5606060606060606
21,GAM,0.03,0.6363636363636364
21,GAM,0.04,0.6515151515151515
21,GAM,0.05,0.7878787878787878
21,GAM,0.06,0.803030303030303
21,GAM,0.07,0.8333333333333334
21,GAM,0.08,0.8333333333333334
21,GAM,0.09,0.8636363636363636
21,GAM,0.1,0.8636363636363636
21,GAM,0.11,0.8787878787878788
21,GAM,0.12,0.8787878787878788
21,GAM,0.13,0.9242424242424242
21,GAM,0.14,0.9242424242424242
21,GAM,0.15,0.9393939393939394
21,GAM,0.16,0.9393939393939394
21,GAM,0.17,0.9545454545454546
21,GAM,0.18,0.9545454545454546
21,GAM,0.19,0.9545454545454546
21,GAM,0.2,0.9545454545454546
21,GAM,0.21,0.9545454545454546
21,GAM,0.22,0.9545454545454546
21,GAM,0.23,0.9545454545454546
21,GAM,0.24,0.9545454545454546
21,GAM,0.25,0.9545454545454546
21,GAM,0.26,0.9545454545454546
21,GAM,0.27,0.9545454545454546
21,GAM,0.28,0.9545454545454546
21,GAM,0.29,0.9545454545454546
21,GAM,0.3,0.9545454545454546
21,GAM,0.31,0.9545454545454546
21,GAM,0.32,0.9545454545454546
21,GAM,0.33,0.9545454545454546
21,GAM,0.34,0.9545454545454546
21,GAM,0.35000000000000003,0.9545454545454546
21,GAM,0.36,0.9545454545454546
21,GAM,0.37,0.9545454545454546
21,GAM,0.38,0.9545454545454546
21,GAM,0.39,0.9545454545454546
21,GAM,0.4,0.9545454545454546
21,GAM,0.41000000000000003,0.9545454545454546
21,GAM,0.42,0.9545454545454546
21,GAM,0.43,0.9545454545454546
21,GAM,0.44,0.9545454545454546
21,GAM,0.45,0.9848484848484849
21,GAM,0.46,0.9848484848484849
21,GAM,0.47000000000000003,0.9848484848484849
21,GAM,0.48,0.9848484848484849
21,GAM,0.49,0.9848484848484849
21,GAM,0.5,0.9848484848484849
21,GAM,0.51,0.9848484848484849
21,GAM,0.52,0.9848484848484849
21,GAM,0.53,0.9848484848484849
21,GAM,0.54,0.9848484848484849
21,GAM,0.55,0.9848484848484849
21,GAM,0.56,0.9848484848484849
21,GAM,0.5700000000000001,0.9848484848484849
21,GAM,0.58,0.9848484848484849
21,GAM,0.59,0.9848484848484849
21,GAM,0.6,0.9848484848484849
21,GAM,0.61,0.9848484848484849
21,GAM,0.62,0.9848484848484849
21,GAM,0.63,0.9848484848484849
21,GAM,0.64,0.9848484848484849
21,GAM,0.65,0.9848484848484849
21,GAM,0.66,0.9848484848484849
21,GAM,0.67,0.9848484848484849
21,GAM,0.68,0.9848484848484849
21,GAM,0.6900000000000001,0.9848484848484849
21,GAM,0.7000000000000001,0.9848484848484849
21,GAM,0.71,0.9848484848484849
21,GAM,0.72,0.9848484848484849
21,GAM,0.73,0.9848484848484849
21,GAM,0.74,0.9848484848484849
21,GAM,0.75,0.9848484848484849
21,GAM,0.76,0.9848484848484849
21,GAM,0.77,1.0
21,GAM,0.78,1.0
21,GAM,0.79,1.0
21,GAM,0.8,1.0
21,GAM,0.81,1.0
21,GAM,0.8200000000000001,1.0
21,GAM,0.8300000000000001,1.0
21,GAM,0.84,1.0
21,GAM,0.85,1.0
21,GAM,0.86,1.0
21,GAM,0.87,1.0
21,GAM,0.88,1.0
21,GAM,0.89,1.0
21,GAM,0.9,1.0
21,GAM,0.91,1.0
21,GAM,0.92,1.0
21,GAM,0.93,1.0
21,GAM,0.9400000000000001,1.0
21,GAM,0.9500000000000001,1.0
21,GAM,0.96,1.0
21,GAM,0.97,1.0
21,GAM,0.98,1.0
21,GAM,0.99,1.0
21,GAM,1.0,1.0
22,GAM,0.0,0.0
22,GAM,0.01,0.3283582089552239
22,GAM,0.02,0.6567164179104478
22,GAM,0.03,0.7014925373134329
22,GAM,0.04,0.8059701492537313
22,GAM,0.05,0.8656716417910447
22,GAM,0.06,0.8805970149253731
22,GAM,0.07,0.8955223880597015
22,GAM,0.08,0.9104477611940298
22,GAM,0.09,0.9402985074626866
22,GAM,0.1,0.9402985074626866
22,GAM,0.11,0.9552238805970149
22,GAM,0.12,0.9552238805970149
22,GAM,0.13,0.9850746268656716
22,GAM,0.14,0.9850746268656716
22,GAM,0.15,0.9850746268656716
22,GAM,0.16,1.0
22,GAM,0.17,1.0
22,GAM,0.18,1.0
22,GAM,0.19,1.0
22,GAM,0.2,1.0
22,GAM,0.21,1.0
22,GAM,0.22,1.0
22,GAM,0.23,1.0
22,GAM,0.24,1.0
22,GAM,0.25,1.0
22,GAM,0.26,1.0
22,GAM,0.27,1.0
22,GAM,0.28,1.0
22,GAM,0.29,1.0
22,GAM,0.3,1.0
22,GAM,0.31,1.0
22,GAM,0.32,1.0
22,GAM,0.33,1.0
22,GAM,0.34,1.0
22,GAM,0.35000000000000003,1.0
22,GAM,0.36,1.0
22,GAM,0.37,1.0
22,GAM,0.38,1.0
22,GAM,0.39,1.0
22,GAM,0.4,1.0
22,GAM,0.41000000000000003,1.0
22,GAM,0.42,1.0
22,GAM,0.43,1.0
22,GAM,0.44,1.0
22,GAM,0.45,1.0
22,GAM,0.46,1.0
22,GAM,0.47000000000000003,1.0
22,GAM,0.48,1.0
22,GAM,0.49,1.0
22,GAM,0.5,1.0
22,GAM,0.51,1.0
22,GAM,0.52,1.0
22,GAM,0.53,1.0
22,GAM,0.54,1.0
22,GAM,0.55,1.0
22,GAM,0.56,1.0
22,GAM,0.5700000000000001,1.0
22,GAM,0.58,1.0
22,GAM,0.59,1.0
22,GAM,0.6,1.0
22,GAM,0.61,1.0
22,GAM,0.62,1.0
22,GAM,0.63,1.0
22,GAM,0.64,1.0
22,GAM,0.65,1.0
22,GAM,0.66,1.0
22,GAM,0.67,1.0
22,GAM,0.68,1.0
22,GAM,0.6900000000000001,1.0
22,GAM,0.7000000000000001,1.0
22,GAM,0.71,1.0
22,GAM,0.72,1.0
22,GAM,0.73,1.0
22,GAM,0.74,1.0
22,GAM,0.75,1.0
22,GAM,0.76,1.0
22,GAM,0.77,1.0
22,GAM,0.78,1.0
22,GAM,0.79,1.0
22,GAM,0.8,1.0
22,GAM,0.81,1.0
22,GAM,0.8200000000000001,1.0
22,GAM,0.8300000000000001,1.0
22,GAM,0.84,1.0
22,GAM,0.85,1.0
22,GAM,0.86,1.0
22,GAM,0.87,1.0
22,GAM,0.88,1.0
22,GAM,0.89,1.0
22,GAM,0.9,1.0
22,GAM,0.91,1.0
22,GAM,0.92,1.0
22,GAM,0.93,1.0
22,GAM,0.9400000000000001,1.0
22,GAM,0.9500000000000001,1.0
22,GAM,0.96,1.0
22,GAM,0.97,1.0
22,GAM,0.98,1.0
22,GAM,0.99,1.0
22,GAM,1.0,1.0
23,GAM,0.0,0.0
23,GAM,0.01,0.373134328358209
23,GAM,0.02,0.6865671641791045
23,GAM,0.03,0.7164179104477612
23,GAM,0.04,0.7313432835820896
23,GAM,0.05,0.8059701492537313
23,GAM,0.06,0.835820895522388
23,GAM,0.07,0.8955223880597015
23,GAM,0.08,0.8955223880597015
23,GAM,0.09,0.8955223880597015
23,GAM,0.1,0.8955223880597015
23,GAM,0.11,0.8955223880597015
23,GAM,0.12,0.8955223880597015
23,GAM,0.13,0.9253731343283582
23,GAM,0.14,0.9402985074626866
23,GAM,0.15,0.9552238805970149
23,GAM,0.16,0.9552238805970149
23,GAM,0.17,0.9701492537313433
23,GAM,0.18,0.9701492537313433
23,GAM,0.19,0.9701492537313433
23,GAM,0.2,0.9850746268656716
23,GAM,0.21,0.9850746268656716
23,GAM,0.22,0.9850746268656716
23,GAM,0.23,0.9850746268656716
23,GAM,0.24,0.9850746268656716
23,GAM,0.25,1.0
23,GAM,0.26,1.0
23,GAM,0.27,1.0
23,GAM,0.28,1.0
23,GAM,0.29,1.0
23,GAM,0.3,1.0
23,GAM,0.31,1.0
23,GAM,0.32,1.0
23,GAM,0.33,1.0
23,GAM,0.34,1.0
23,GAM,0.35000000000000003,1.0
23,GAM,0.36,1.0
23,GAM,0.37,1.0
23,GAM,0.38,1.0
23,GAM,0.39,1.0
23,GAM,0.4,1.0
23,GAM,0.41000000000000003,1.0
23,GAM,0.42,1.0
23,GAM,0.43,1.0
23,GAM,0.44,1.0
23,GAM,0.45,1.0
23,GAM,0.46,1.0
23,GAM,0.47000000000000003,1.0
23,GAM,0.48,1.0
23,GAM,0.49,1.0
23,GAM,0.5,1.0
23,GAM,0.51,1.0
23,GAM,0.52,1.0
23,GAM,0.53,1.0
23,GAM,0.54,1.0
23,GAM,0.55,1.0
23,GAM,0.56,1.0
23,GAM,0.5700000000000001,1.0
23,GAM,0.58,1.0
23,GAM,0.59,1.0
23,GAM,0.6,1.0
23,GAM,0.61,1.0
23,GAM,0.62,1.0
23,GAM,0.63,1.0
23,GAM,0.64,1.0
23,GAM,0.65,1.0
23,GAM,0.66,1.0
23,GAM,0.67,1.0
23,GAM,0.68,1.0
23,GAM,0.6900000000000001,1.0
23,GAM,0.7000000000000001,1.0
23,GAM,0.71,1.0
23,GAM,0.72,1.0
23,GAM,0.73,1.0
23,GAM,0.74,1.0
23,GAM,0.75,1.0
23,GAM,0.76,1.0
23,GAM,0.77,1.0
23,GAM,0.78,1.0
23,GAM,0.79,1.0
23,GAM,0.8,1.0
23,GAM,0.81,1.0
23,GAM,0.8200000000000001,1.0
23,GAM,0.8300000000000001,1.0
23,GAM,0.84,1.0
23,GAM,0.85,1.0
23,GAM,0.86,1.0
23,GAM,0.87,1.0
23,GAM,0.88,1.0
23,GAM,0.89,1.0
23,GAM,0.9,1.0
23,GAM,0.91,1.0
23,GAM,0.92,1.0
23,GAM,0.93,1.0
23,GAM,0.9400000000000001,1.0
23,GAM,0.9500000000000001,1.0
23,GAM,0.96,1.0
23,GAM,0.97,1.0
23,GAM,0.98,1.0
23,GAM,0.99,1.0
23,GAM,1.0,1.0
24,GAM,0.0,0.0
24,GAM,0.01,0.34328358208955223
24,GAM,0.02,0.47761194029850745
24,GAM,0.03,0.5373134328358209
24,GAM,0.04,0.6119402985074627
24,GAM,0.05,0.7014925373134329
24,GAM,0.06,0.8805970149253731
24,GAM,0.07,0.8805970149253731
24,GAM,0.08,0.8955223880597015
24,GAM,0.09,0.8955223880597015
24,GAM,0.1,0.9104477611940298
24,GAM,0.11,0.9253731343283582
24,GAM,0.12,0.9253731343283582
24,GAM,0.13,0.9253731343283582
24,GAM,0.14,0.9701492537313433
24,GAM,0.15,0.9701492537313433
24,GAM,0.16,0.9701492537313433
24,GAM,0.17,0.9850746268656716
24,GAM,0.18,0.9850746268656716
24,GAM,0.19,0.9850746268656716
24,GAM,0.2,0.9850746268656716
24,GAM,0.21,0.9850746268656716
24,GAM,0.22,0.9850746268656716
24,GAM,0.23,0.9850746268656716
24,GAM,0.24,0.9850746268656716
24,GAM,0.25,0.9850746268656716
24,GAM,0.26,0.9850746268656716
24,GAM,0.27,0.9850746268656716
24,GAM,0.28,0.9850746268656716
24,GAM,0.29,0.9850746268656716
24,GAM,0.3,0.9850746268656716
24,GAM,0.31,1.0
24,GAM,0.32,1.0
24,GAM,0.33,1.0
24,GAM,0.34,1.0
24,GAM,0.35000000000000003,1.0
24,GAM,0.36,1.0
24,GAM,0.37,1.0
24,GAM,0.38,1.0
24,GAM,0.39,1.0
24,GAM,0.4,1.0
24,GAM,0.41000000000000003,1.0
24,GAM,0.42,1.0
24,GAM,0.43,1.0
24,GAM,0.44,1.0
24,GAM,0.45,1.0
24,GAM,0.46,1.0
24,GAM,0.47000000000000003,1.0
24,GAM,0.48,1.0
24,GAM,0.49,1.0
24,GAM,0.5,1.0
24,GAM,0.51,1.0
24,GAM,0.52,1.0
24,GAM,0.53,1.0
24,GAM,0.54,1.0
24,GAM,0.55,1.0
24,GAM,0.56,1.0
24,GAM,0.5700000000000001,1.0
24,GAM,0.58,1.0
24,GAM,0.59,1.0
24,GAM,0.6,1.0
24,GAM,0.61,1.0
24,GAM,0.62,1.0
24,GAM,0.63,1.0
24,GAM,0.64,1.0
24,GAM,0.65,1.0
24,GAM,0.66,1.0
24,GAM,0.67,1.0
24,GAM,0.68,1.0
24,GAM,0.6900000000000001,1.0
24,GAM,0.7000000000000001,1.0
24,GAM,0.71,1.0
24,GAM,0.72,1.0
24,GAM,0.73,1.0
24,GAM,0.74,1.0
24,GAM,0.75,1.0
24,GAM,0.76,1.0
24,GAM,0.77,1.0
24,GAM,0.78,1.0
24,GAM,0.79,1.0
24,GAM,0.8,1.0
24,GAM,0.81,1.0
24,GAM,0.8200000000000001,1.0
24,GAM,0.8300000000000001,1.0
24,GAM,0.84,1.0
24,GAM,0.85,1.0
24,GAM,0.86,1.0
24,GAM,0.87,1.0
24,GAM,0.88,1.0
24,GAM,0.89,1.0
24,GAM,0.9,1.0
24,GAM,0.91,1.0
24,GAM,0.92,1.0
24,GAM,0.93,1.0
24,GAM,0.9400000000000001,1.0
24,GAM,0.9500000000000001,1.0
24,GAM,0.96,1.0
24,GAM,0.97,1.0
24,GAM,0.98,1.0
24,GAM,0.99,1.0
24,GAM,1.0,1.0
25,GAM,0.0,0.0
25,GAM,0.01,0.4393939393939394
25,GAM,0.02,0.6060606060606061
25,GAM,0.03,0.7727272727272727
25,GAM,0.04,0.7727272727272727
25,GAM,0.05,0.7878787878787878
25,GAM,0.06,0.8333333333333334
25,GAM,0.07,0.8333333333333334
25,GAM,0.08,0.8484848484848485
25,GAM,0.09,0.8939393939393939
25,GAM,0.1,0.9090909090909091
25,GAM,0.11,0.9393939393939394
25,GAM,0.12,0.9393939393939394
25,GAM,0.13,0.9393939393939394
25,GAM,0.14,0.9393939393939394
25,GAM,0.15,0.9393939393939394
25,GAM,0.16,0.9393939393939394
25,GAM,0.17,0.9393939393939394
25,GAM,0.18,0.9393939393939394
25,GAM,0.19,0.9393939393939394
25,GAM,0.2,0.9696969696969697
25,GAM,0.21,0.9696969696969697
25,GAM,0.22,0.9696969696969697
25,GAM,0.23,0.9696969696969697
25,GAM,0.24,0.9848484848484849
25,GAM,0.25,0.9848484848484849
25,GAM,0.26,0.9848484848484849
25,GAM,0.27,0.9848484848484849
25,GAM,0.28,0.9848484848484849
25,GAM,0.29,0.9848484848484849
25,GAM,0.3,0.9848484848484849
25,GAM,0.31,0.9848484848484849
25,GAM,0.32,0.9848484848484849
25,GAM,0.33,0.9848484848484849
25,GAM,0.34,0.9848484848484849
25,GAM,0.35000000000000003,0.9848484848484849
25,GAM,0.36,0.9848484848484849
25,GAM,0.37,0.9848484848484849
25,GAM,0.38,0.9848484848484849
25,GAM,0.39,0.9848484848484849
25,GAM,0.4,0.9848484848484849
25,GAM,0.41000000000000003,0.9848484848484849
25,GAM,0.42,0.9848484848484849
25,GAM,0.43,0.9848484848484849
25,GAM,0.44,0.9848484848484849
25,GAM,0.45,0.9848484848484849
25,GAM,0.46,0.9848484848484849
25,GAM,0.47000000000000003,0.9848484848484849
25,GAM,0.48,0.9848484848484849
25,GAM,0.49,0.9848484848484849
25,GAM,0.5,0.9848484848484849
25,GAM,0.51,0.9848484848484849
25,GAM,0.52,0.9848484848484849
25,GAM,0.53,0.9848484848484849
25,GAM,0.54,0.9848484848484849
25,GAM,0.55,0.9848484848484849
25,GAM,0.56,0.9848484848484849
25,GAM,0.5700000000000001,0.9848484848484849
25,GAM,0.58,0.9848484848484849
25,GAM,0.59,0.9848484848484849
25,GAM,0.6,0.9848484848484849
25,GAM,0.61,1.0
25,GAM,0.62,1.0
25,GAM,0.63,1.0
25,GAM,0.64,1.0
25,GAM,0.65,1.0
25,GAM,0.66,1.0
25,GAM,0.67,1.0
25,GAM,0.68,1.0
25,GAM,0.6900000000000001,1.0
25,GAM,0.7000000000000001,1.0
25,GAM,0.71,1.0
25,GAM,0.72,1.0
25,GAM,0.73,1.0
25,GAM,0.74,1.0
25,GAM,0.75,1.0
25,GAM,0.76,1.0
25,GAM,0.77,1.0
25,GAM,0.78,1.0
25,GAM,0.79,1.0
25,GAM,0.8,1.0
25,GAM,0.81,1.0
25,GAM,0.8200000000000001,1.0
25,GAM,0.8300000000000001,1.0
25,GAM,0.84,1.0
25,GAM,0.85,1.0
25,GAM,0.86,1.0
25,GAM,0.87,1.0
25,GAM,0.88,1.0
25,GAM,0.89,1.0
25,GAM,0.9,1.0
25,GAM,0.91,1.0
25,GAM,0.92,1.0
25,GAM,0.93,1.0
25,GAM,0.9400000000000001,1.0
25,GAM,0.9500000000000001,1.0
25,GAM,0.96,1.0
25,GAM,0.97,1.0
25,GAM,0.98,1.0
25,GAM,0.99,1.0
25,GAM,1.0,1.0
26,GAM,0.0,0.0
26,GAM,0.01,0.5223880597014925
26,GAM,0.02,0.5671641791044776
26,GAM,0.03,0.6119402985074627
26,GAM,0.04,0.6865671641791045
26,GAM,0.05,0.7164179104477612
26,GAM,0.06,0.7910447761194029
26,GAM,0.07,0.8507462686567164
26,GAM,0.08,0.8805970149253731
26,GAM,0.09,0.8955223880597015
26,GAM,0.1,0.8955223880597015
26,GAM,0.11,0.8955223880597015
26,GAM,0.12,0.9253731343283582
26,GAM,0.13,0.9253731343283582
26,GAM,0.14,0.9253731343283582
26,GAM,0.15,0.9253731343283582
26,GAM,0.16,0.9253731343283582
26,GAM,0.17,0.9253731343283582
26,GAM,0.18,0.9402985074626866
26,GAM,0.19,0.9402985074626866
26,GAM,0.2,0.9402985074626866
26,GAM,0.21,0.9552238805970149
26,GAM,0.22,0.9552238805970149
26,GAM,0.23,0.9552238805970149
26,GAM,0.24,0.9552238805970149
26,GAM,0.25,0.9552238805970149
26,GAM,0.26,0.9552238805970149
26,GAM,0.27,0.9552238805970149
26,GAM,0.28,0.9552238805970149
26,GAM,0.29,0.9552238805970149
26,GAM,0.3,0.9552238805970149
26,GAM,0.31,0.9552238805970149
26,GAM,0.32,0.9552238805970149
26,GAM,0.33,0.9552238805970149
26,GAM,0.34,0.9552238805970149
26,GAM,0.35000000000000003,0.9552238805970149
26,GAM,0.36,0.9552238805970149
26,GAM,0.37,0.9552238805970149
26,GAM,0.38,0.9552238805970149
26,GAM,0.39,0.9552238805970149
26,GAM,0.4,0.9552238805970149
26,GAM,0.41000000000000003,0.9552238805970149
26,GAM,0.42,0.9552238805970149
26,GAM,0.43,0.9701492537313433
26,GAM,0.44,0.9701492537313433
26,GAM,0.45,0.9701492537313433
26,GAM,0.46,0.9850746268656716
26,GAM,0.47000000000000003,0.9850746268656716
26,GAM,0.48,0.9850746268656716
26,GAM,0.49,0.9850746268656716
26,GAM,0.5,0.9850746268656716
26,GAM,0.51,0.9850746268656716
26,GAM,0.52,0.9850746268656716
26,GAM,0.53,0.9850746268656716
26,GAM,0.54,0.9850746268656716
26,GAM,0.55,0.9850746268656716
26,GAM,0.56,0.9850746268656716
26,GAM,0.5700000000000001,0.9850746268656716
26,GAM,0.58,0.9850746268656716
26,GAM,0.59,0.9850746268656716
26,GAM,0.6,0.9850746268656716
26,GAM,0.61,0.9850746268656716
26,GAM,0.62,0.9850746268656716
26,GAM,0.63,0.9850746268656716
26,GAM,0.64,0.9850746268656716
26,GAM,0.65,0.9850746268656716
26,GAM,0.66,0.9850746268656716
26,GAM,0.67,0.9850746268656716
26,GAM,0.68,0.9850746268656716
26,GAM,0.6900000000000001,1.0
26,GAM,0.7000000000000001,1.0
26,GAM,0.71,1.0
26,GAM,0.72,1.0
26,GAM,0.73,1.0
26,GAM,0.74,1.0
26,GAM,0.75,1.0
26,GAM,0.76,1.0
26,GAM,0.77,1.0
26,GAM,0.78,1.0
26,GAM,0.79,1.0
26,GAM,0.8,1.0
26,GAM,0.81,1.0
26,GAM,0.8200000000000001,1.0
26,GAM,0.8300000000000001,1.0
26,GAM,0.84,1.0
26,GAM,0.85,1.0
26,GAM,0.86,1.0
26,GAM,0.87,1.0
26,GAM,0.88,1.0
26,GAM,0.89,1.0
26,GAM,0.9,1.0
26,GAM,0.91,1.0
26,GAM,0.92,1.0
26,GAM,0.93,1.0
26,GAM,0.9400000000000001,1.0
26,GAM,0.9500000000000001,1.0
26,GAM,0.96,1.0
26,GAM,0.97,1.0
26,GAM,0.98,1.0
26,GAM,0.99,1.0
26,GAM,1.0,1.0
27,GAM,0.0,0.0
27,GAM,0.01,0.29850746268656714
27,GAM,0.02,0.29850746268656714
27,GAM,0.03,0.34328358208955223
27,GAM,0.04,0.43283582089552236
27,GAM,0.05,0.4925373134328358
27,GAM,0.06,0.5970149253731343
27,GAM,0.07,0.7164179104477612
27,GAM,0.08,0.746268656716418
27,GAM,0.09,0.746268656716418
27,GAM,0.1,0.8059701492537313
27,GAM,0.11,0.8208955223880597
27,GAM,0.12,0.8208955223880597
27,GAM,0.13,0.8656716417910447
27,GAM,0.14,0.9104477611940298
27,GAM,0.15,0.9104477611940298
27,GAM,0.16,0.9253731343283582
27,GAM,0.17,0.9253731343283582
27,GAM,0.18,0.9253731343283582
27,GAM,0.19,0.9253731343283582
27,GAM,0.2,0.9253731343283582
27,GAM,0.21,0.9253731343283582
27,GAM,0.22,0.9402985074626866
27,GAM,0.23,0.9402985074626866
27,GAM,0.24,0.9402985074626866
27,GAM,0.25,0.9402985074626866
27,GAM,0.26,0.9552238805970149
27,GAM,0.27,0.9552238805970149
27,GAM,0.28,0.9701492537313433
27,GAM,0.29,0.9701492537313433
27,GAM,0.3,0.9701492537313433
27,GAM,0.31,0.9850746268656716
27,GAM,0.32,0.9850746268656716
27,GAM,0.33,0.9850746268656716
27,GAM,0.34,0.9850746268656716
27,GAM,0.35000000000000003,0.9850746268656716
27,GAM,0.36,0.9850746268656716
27,GAM,0.37,0.9850746268656716
27,GAM,0.38,0.9850746268656716
27,GAM,0.39,0.9850746268656716
27,GAM,0.4,0.9850746268656716
27,GAM,0.41000000000000003,0.9850746268656716
27,GAM,0.42,1.0
27,GAM,0.43,1.0
27,GAM,0.44,1.0
27,GAM,0.45,1.0
27,GAM,0.46,1.0
27,GAM,0.47000000000000003,1.0
27,GAM,0.48,1.0
27,GAM,0.49,1.0
27,GAM,0.5,1.0
27,GAM,0.51,1.0
27,GAM,0.52,1.0
27,GAM,0.53,1.0
27,GAM,0.54,1.0
27,GAM,0.55,1.0
27,GAM,0.56,1.0
27,GAM,0.5700000000000001,1.0
27,GAM,0.58,1.0
27,GAM,0.59,1.0
27,GAM,0.6,1.0
27,GAM,0.61,1.0
27,GAM,0.62,1.0
27,GAM,0.63,1.0
27,GAM,0.64,1.0
27,GAM,0.65,1.0
27,GAM,0.66,1.0
27,GAM,0.67,1.0
27,GAM,0.68,1.0
27,GAM,0.6900000000000001,1.0
27,GAM,0.7000000000000001,1.0
27,GAM,0.71,1.0
27,GAM,0.72,1.0
27,GAM,0.73,1.0
27,GAM,0.74,1.0
27,GAM,0.75,1.0
27,GAM,0.76,1.0
27,GAM,0.77,1.0
27,GAM,0.78,1.0
27,GAM,0.79,1.0
27,GAM,0.8,1.0
27,GAM,0.81,1.0
27,GAM,0.8200000000000001,1.0
27,GAM,0.8300000000000001,1.0
27,GAM,0.84,1.0
27,GAM,0.85,1.0
27,GAM,0.86,1.0
27,GAM,0.87,1.0
27,GAM,0.88,1.0
27,GAM,0.89,1.0
27,GAM,0.9,1.0
27,GAM,0.91,1.0
27,GAM,0.92,1.0
27,GAM,0.93,1.0
27,GAM,0.9400000000000001,1.0
27,GAM,0.9500000000000001,1.0
27,GAM,0.96,1.0
27,GAM,0.97,1.0
27,GAM,0.98,1.0
27,GAM,0.99,1.0
27,GAM,1.0,1.0
28,GAM,0.0,0.0
28,GAM,0.01,0.2537313432835821
28,GAM,0.02,0.31343283582089554
28,GAM,0.03,0.6268656716417911
28,GAM,0.04,0.7611940298507462
28,GAM,0.05,0.7761194029850746
28,GAM,0.06,0.7910447761194029
28,GAM,0.07,0.8656716417910447
28,GAM,0.08,0.8656716417910447
28,GAM,0.09,0.8805970149253731
28,GAM,0.1,0.8805970149253731
28,GAM,0.11,0.8805970149253731
28,GAM,0.12,0.8805970149253731
28,GAM,0.13,0.9552238805970149
28,GAM,0.14,0.9552238805970149
28,GAM,0.15,0.9552238805970149
28,GAM,0.16,0.9701492537313433
28,GAM,0.17,0.9701492537313433
28,GAM,0.18,0.9701492537313433
28,GAM,0.19,1.0
28,GAM,0.2,1.0
28,GAM,0.21,1.0
28,GAM,0.22,1.0
28,GAM,0.23,1.0
28,GAM,0.24,1.0
28,GAM,0.25,1.0
28,GAM,0.26,1.0
28,GAM,0.27,1.0
28,GAM,0.28,1.0
28,GAM,0.29,1.0
28,GAM,0.3,1.0
28,GAM,0.31,1.0
28,GAM,0.32,1.0
28,GAM,0.33,1.0
28,GAM,0.34,1.0
28,GAM,0.35000000000000003,1.0
28,GAM,0.36,1.0
28,GAM,0.37,1.0
28,GAM,0.38,1.0
28,GAM,0.39,1.0
28,GAM,0.4,1.0
28,GAM,0.41000000000000003,1.0
28,GAM,0.42,1.0
28,GAM,0.43,1.0
28,GAM,0.44,1.0
28,GAM,0.45,1.0
28,GAM,0.46,1.0
28,GAM,0.47000000000000003,1.0
28,GAM,0.48,1.0
28,GAM,0.49,1.0
28,GAM,0.5,1.0
28,GAM,0.51,1.0
28,GAM,0.52,1.0
28,GAM,0.53,1.0
28,GAM,0.54,1.0
28,GAM,0.55,1.0
28,GAM,0.56,1.0
28,GAM,0.5700000000000001,1.0
28,GAM,0.58,1.0
28,GAM,0.59,1.0
28,GAM,0.6,1.0
28,GAM,0.61,1.0
28,GAM,0.62,1.0
28,GAM,0.63,1.0
28,GAM,0.64,1.0
28,GAM,0.65,1.0
28,GAM,0.66,1.0
28,GAM,0.67,1.0
28,GAM,0.68,1.0
28,GAM,0.6900000000000001,1.0
28,GAM,0.7000000000000001,1.0
28,GAM,0.71,1.0
28,GAM,0.72,1.0
28,GAM,0.73,1.0
28,GAM,0.74,1.0
28,GAM,0.75,1.0
28,GAM,0.76,1.0
28,GAM,0.77,1.0
28,GAM,0.78,1.0
28,GAM,0.79,1.0
28,GAM,0.8,1.0
28,GAM,0.81,1.0
28,GAM,0.8200000000000001,1.0
28,GAM,0.8300000000000001,1.0
28,GAM,0.84,1.0
28,GAM,0.85,1.0
28,GAM,0.86,1.0
28,GAM,0.87,1.0
28,GAM,0.88,1.0
28,GAM,0.89,1.0
28,GAM,0.9,1.0
28,GAM,0.91,1.0
28,GAM,0.92,1.0
28,GAM,0.93,1.0
28,GAM,0.9400000000000001,1.0
28,GAM,0.9500000000000001,1.0
28,GAM,0.96,1.0
28,GAM,0.97,1.0
28,GAM,0.98,1.0
28,GAM,0.99,1.0
28,GAM,1.0,1.0
29,GAM,0.0,0.0
29,GAM,0.01,0.40298507462686567
29,GAM,0.02,0.43283582089552236
29,GAM,0.03,0.6865671641791045
29,GAM,0.04,0.7761194029850746
29,GAM,0.05,0.835820895522388
29,GAM,0.06,0.8955223880597015
29,GAM,0.07,0.9104477611940298
29,GAM,0.08,0.9402985074626866
29,GAM,0.09,0.9402985074626866
29,GAM,0.1,0.9402985074626866
29,GAM,0.11,0.9402985074626866
29,GAM,0.12,0.9402985074626866
29,GAM,0.13,0.9552238805970149
29,GAM,0.14,0.9552238805970149
29,GAM,0.15,0.9552238805970149
29,GAM,0.16,0.9552238805970149
29,GAM,0.17,0.9552238805970149
29,GAM,0.18,0.9552238805970149
29,GAM,0.19,0.9552238805970149
29,GAM,0.2,0.9552238805970149
29,GAM,0.21,0.9552238805970149
29,GAM,0.22,0.9552238805970149
29,GAM,0.23,0.9552238805970149
29,GAM,0.24,0.9552238805970149
29,GAM,0.25,0.9552238805970149
29,GAM,0.26,0.9552238805970149
29,GAM,0.27,0.9552238805970149
29,GAM,0.28,0.9552238805970149
29,GAM,0.29,0.9552238805970149
29,GAM,0.3,0.9552238805970149
29,GAM,0.31,0.9552238805970149
29,GAM,0.32,0.9552238805970149
29,GAM,0.33,0.9552238805970149
29,GAM,0.34,0.9552238805970149
29,GAM,0.35000000000000003,0.9552238805970149
29,GAM,0.36,0.9552238805970149
29,GAM,0.37,0.9552238805970149
29,GAM,0.38,0.9701492537313433
29,GAM,0.39,0.9701492537313433
29,GAM,0.4,0.9701492537313433
29,GAM,0.41000000000000003,0.9701492537313433
29,GAM,0.42,0.9850746268656716
29,GAM,0.43,0.9850746268656716
29,GAM,0.44,0.9850746268656716
29,GAM,0.45,0.9850746268656716
29,GAM,0.46,0.9850746268656716
29,GAM,0.47000000000000003,0.9850746268656716
29,GAM,0.48,0.9850746268656716
29,GAM,0.49,0.9850746268656716
29,GAM,0.5,0.9850746268656716
29,GAM,0.51,0.9850746268656716
29,GAM,0.52,1.0
29,GAM,0.53,1.0
29,GAM,0.54,1.0
29,GAM,0.55,1.0
29,GAM,0.56,1.0
29,GAM,0.5700000000000001,1.0
29,GAM,0.58,1.0
29,GAM,0.59,1.0
29,GAM,0.6,1.0
29,GAM,0.61,1.0
29,GAM,0.62,1.0
29,GAM,0.63,1.0
29,GAM,0.64,1.0
29,GAM,0.65,1.0
29,GAM,0.66,1.0
29,GAM,0.67,1.0
29,GAM,0.68,1.0
29,GAM,0.6900000000000001,1.0
29,GAM,0.7000000000000001,1.0
29,GAM,0.71,1.0
29,GAM,0.72,1.0
29,GAM,0.73,1.0
29,GAM,0.74,1.0
29,GAM,0.75,1.0
29,GAM,0.76,1.0
29,GAM,0.77,1.0
29,GAM,0.78,1.0
29,GAM,0.79,1.0
29,GAM,0.8,1.0
29,GAM,0.81,1.0
29,GAM,0.8200000000000001,1.0
29,GAM,0.8300000000000001,1.0
29,GAM,0.84,1.0
29,GAM,0.85,1.0
29,GAM,0.86,1.0
29,GAM,0.87,1.0
29,GAM,0.88,1.0
29,GAM,0.89,1.0
29,GAM,0.9,1.0
29,GAM,0.91,1.0
29,GAM,0.92,1.0
29,GAM,0.93,1.0
29,GAM,0.9400000000000001,1.0
29,GAM,0.9500000000000001,1.0
29,GAM,0.96,1.0
29,GAM,0.97,1.0
29,GAM,0.98,1.0
29,GAM,0.99,1.0
29,GAM,1.0,1.0
30,GAM,0.0,0.0
30,GAM,0.01,0.2537313432835821
30,GAM,0.02,0.2537313432835821
30,GAM,0.03,0.2835820895522388
30,GAM,0.04,0.6119402985074627
30,GAM,0.05,0.6716417910447762
30,GAM,0.06,0.8208955223880597
30,GAM,0.07,0.8507462686567164
30,GAM,0.08,0.8955223880597015
30,GAM,0.09,0.8955223880597015
30,GAM,0.1,0.9104477611940298
30,GAM,0.11,0.9253731343283582
30,GAM,0.12,0.9253731343283582
30,GAM,0.13,0.9402985074626866
30,GAM,0.14,0.9402985074626866
30,GAM,0.15,0.9552238805970149
30,GAM,0.16,0.9552238805970149
30,GAM,0.17,0.9552238805970149
30,GAM,0.18,0.9552238805970149
30,GAM,0.19,0.9701492537313433
30,GAM,0.2,0.9701492537313433
30,GAM,0.21,0.9850746268656716
30,GAM,0.22,0.9850746268656716
30,GAM,0.23,0.9850746268656716
30,GAM,0.24,0.9850746268656716
30,GAM,0.25,0.9850746268656716
30,GAM,0.26,0.9850746268656716
30,GAM,0.27,0.9850746268656716
30,GAM,0.28,0.9850746268656716
30,GAM,0.29,0.9850746268656716
30,GAM,0.3,0.9850746268656716
30,GAM,0.31,0.9850746268656716
30,GAM,0.32,0.9850746268656716
30,GAM,0.33,0.9850746268656716
30,GAM,0.34,0.9850746268656716
30,GAM,0.35000000000000003,0.9850746268656716
30,GAM,0.36,0.9850746268656716
30,GAM,0.37,0.9850746268656716
30,GAM,0.38,0.9850746268656716
30,GAM,0.39,0.9850746268656716
30,GAM,0.4,1.0
30,GAM,0.41000000000000003,1.0
30,GAM,0.42,1.0
30,GAM,0.43,1.0
30,GAM,0.44,1.0
30,GAM,0.45,1.0
30,GAM,0.46,1.0
30,GAM,0.47000000000000003,1.0
30,GAM,0.48,1.0
30,GAM,0.49,1.0
30,GAM,0.5,1.0
30,GAM,0.51,1.0
30,GAM,0.52,1.0
30,GAM,0.53,1.0
30,GAM,0.54,1.0
30,GAM,0.55,1.0
30,GAM,0.56,1.0
30,GAM,0.5700000000000001,1.0
30,GAM,0.58,1.0
30,GAM,0.59,1.0
30,GAM,0.6,1.0
30,GAM,0.61,1.0
30,GAM,0.62,1.0
30,GAM,0.63,1.0
30,GAM,0.64,1.0
30,GAM,0.65,1.0
30,GAM,0.66,1.0
30,GAM,0.67,1.0
30,GAM,0.68,1.0
30,GAM,0.6900000000000001,1.0
30,GAM,0.7000000000000001,1.0
30,GAM,0.71,1.0
30,GAM,0.72,1.0
30,GAM,0.73,1.0
30,GAM,0.74,1.0
30,GAM,0.75,1.0
30,GAM,0.76,1.0
30,GAM,0.77,1.0
30,GAM,0.78,1.0
30,GAM,0.79,1.0
30,GAM,0.8,1.0
30,GAM,0.81,1.0
30,GAM,0.8200000000000001,1.0
30,GAM,0.8300000000000001,1.0
30,GAM,0.84,1.0
30,GAM,0.85,1.0
30,GAM,0.86,1.0
30,GAM,0.87,1.0
30,GAM,0.88,1.0
30,GAM,0.89,1.0
30,GAM,0.9,1.0
30,GAM,0.91,1.0
30,GAM,0.92,1.0
30,GAM,0.93,1.0
30,GAM,0.9400000000000001,1.0
30,GAM,0.9500000000000001,1.0
30,GAM,0.96,1.0
30,GAM,0.97,1.0
30,GAM,0.98,1.0
30,GAM,0.99,1.0
30,GAM,1.0,1.0
31,GAM,0.0,0.0
31,GAM,0.01,0.26865671641791045
31,GAM,0.02,0.31343283582089554
31,GAM,0.03,0.6716417910447762
31,GAM,0.04,0.835820895522388
31,GAM,0.05,0.8507462686567164
31,GAM,0.06,0.8507462686567164
31,GAM,0.07,0.8507462686567164
31,GAM,0.08,0.8507462686567164
31,GAM,0.09,0.8507462686567164
31,GAM,0.1,0.9104477611940298
31,GAM,0.11,0.9104477611940298
31,GAM,0.12,0.9552238805970149
31,GAM,0.13,0.9701492537313433
31,GAM,0.14,0.9701492537313433
31,GAM,0.15,0.9701492537313433
31,GAM,0.16,0.9701492537313433
31,GAM,0.17,0.9850746268656716
31,GAM,0.18,0.9850746268656716
31,GAM,0.19,0.9850746268656716
31,GAM,0.2,1.0
31,GAM,0.21,1.0
31,GAM,0.22,1.0
31,GAM,0.23,1.0
31,GAM,0.24,1.0
31,GAM,0.25,1.0
31,GAM,0.26,1.0
31,GAM,0.27,1.0
31,GAM,0.28,1.0
31,GAM,0.29,1.0
31,GAM,0.3,1.0
31,GAM,0.31,1.0
31,GAM,0.32,1.0
31,GAM,0.33,1.0
31,GAM,0.34,1.0
31,GAM,0.35000000000000003,1.0
31,GAM,0.36,1.0
31,GAM,0.37,1.0
31,GAM,0.38,1.0
31,GAM,0.39,1.0
31,GAM,0.4,1.0
31,GAM,0.41000000000000003,1.0
31,GAM,0.42,1.0
31,GAM,0.43,1.0
31,GAM,0.44,1.0
31,GAM,0.45,1.0
31,GAM,0.46,1.0
31,GAM,0.47000000000000003,1.0
31,GAM,0.48,1.0
31,GAM,0.49,1.0
31,GAM,0.5,1.0
31,GAM,0.51,1.0
31,GAM,0.52,1.0
31,GAM,0.53,1.0
31,GAM,0.54,1.0
31,GAM,0.55,1.0
31,GAM,0.56,1.0
31,GAM,0.5700000000000001,1.0
31,GAM,0.58,1.0
31,GAM,0.59,1.0
31,GAM,0.6,1.0
31,GAM,0.61,1.0
31,GAM,0.62,1.0
31,GAM,0.63,1.0
31,GAM,0.64,1.0
31,GAM,0.65,1.0
31,GAM,0.66,1.0
31,GAM,0.67,1.0
31,GAM,0.68,1.0
31,GAM,0.6900000000000001,1.0
31,GAM,0.7000000000000001,1.0
31,GAM,0.71,1.0
31,GAM,0.72,1.0
31,GAM,0.73,1.0
31,GAM,0.74,1.0
31,GAM,0.75,1.0
31,GAM,0.76,1.0
31,GAM,0.77,1.0
31,GAM,0.78,1.0
31,GAM,0.79,1.0
31,GAM,0.8,1.0
31,GAM,0.81,1.0
31,GAM,0.8200000000000001,1.0
31,GAM,0.8300000000000001,1.0
31,GAM,0.84,1.0
31,GAM,0.85,1.0
31,GAM,0.86,1.0
31,GAM,0.87,1.0
31,GAM,0.88,1.0
31,GAM,0.89,1.0
31,GAM,0.9,1.0
31,GAM,0.91,1.0
31,GAM,0.92,1.0
31,GAM,0.93,1.0
31,GAM,0.9400000000000001,1.0
31,GAM,0.9500000000000001,1.0
31,GAM,0.96,1.0
31,GAM,0.97,1.0
31,GAM,0.98,1.0
31,GAM,0.99,1.0
31,GAM,1.0,1.0
32,GAM,0.0,0.0
32,GAM,0.01,0.2835820895522388
32,GAM,0.02,0.6865671641791045
32,GAM,0.03,0.7164179104477612
32,GAM,0.04,0.746268656716418
32,GAM,0.05,0.7910447761194029
32,GAM,0.06,0.7910447761194029
32,GAM,0.07,0.835820895522388
32,GAM,0.08,0.8507462686567164
32,GAM,0.09,0.8507462686567164
32,GAM,0.1,0.8656716417910447
32,GAM,0.11,0.8805970149253731
32,GAM,0.12,0.8805970149253731
32,GAM,0.13,0.8805970149253731
32,GAM,0.14,0.8805970149253731
32,GAM,0.15,0.8805970149253731
32,GAM,0.16,0.8805970149253731
32,GAM,0.17,0.8805970149253731
32,GAM,0.18,0.8805970149253731
32,GAM,0.19,0.8805970149253731
32,GAM,0.2,0.8805970149253731
32,GAM,0.21,0.8805970149253731
32,GAM,0.22,0.9253731343283582
32,GAM,0.23,0.9402985074626866
32,GAM,0.24,0.9552238805970149
32,GAM,0.25,0.9701492537313433
32,GAM,0.26,0.9701492537313433
32,GAM,0.27,0.9701492537313433
32,GAM,0.28,0.9850746268656716
32,GAM,0.29,0.9850746268656716
32,GAM,0.3,0.9850746268656716
32,GAM,0.31,0.9850746268656716
32,GAM,0.32,0.9850746268656716
32,GAM,0.33,0.9850746268656716
32,GAM,0.34,0.9850746268656716
32,GAM,0.35000000000000003,0.9850746268656716
32,GAM,0.36,0.9850746268656716
32,GAM,0.37,0.9850746268656716
32,GAM,0.38,0.9850746268656716
32,GAM,0.39,0.9850746268656716
32,GAM,0.4,0.9850746268656716
32,GAM,0.41000000000000003,0.9850746268656716
32,GAM,0.42,0.9850746268656716
32,GAM,0.43,0.9850746268656716
32,GAM,0.44,0.9850746268656716
32,GAM,0.45,1.0
32,GAM,0.46,1.0
32,GAM,0.47000000000000003,1.0
32,GAM,0.48,1.0
32,GAM,0.49,1.0
32,GAM,0.5,1.0
32,GAM,0.51,1.0
32,GAM,0.52,1.0
32,GAM,0.53,1.0
32,GAM,0.54,1.0
32,GAM,0.55,1.0
32,GAM,0.56,1.0
32,GAM,0.5700000000000001,1.0
32,GAM,0.58,1.0
32,GAM,0.59,1.0
32,GAM,0.6,1.0
32,GAM,0.61,1.0
32,GAM,0.62,1.0
32,GAM,0.63,1.0
32,GAM,0.64,1.0
32,GAM,0.65,1.0
32,GAM,0.66,1.0
32,GAM,0.67,1.0
32,GAM,0.68,1.0
32,GAM,0.6900000000000001,1.0
32,GAM,0.7000000000000001,1.0
32,GAM,0.71,1.0
32,GAM,0.72,1.0
32,GAM,0.73,1.0
32,GAM,0.74,1.0
32,GAM,0.75,1.0
32,GAM,0.76,1.0
32,GAM,0.77,1.0
32,GAM,0.78,1.0
32,GAM,0.79,1.0
32,GAM,0.8,1.0
32,GAM,0.81,1.0
32,GAM,0.8200000000000001,1.0
32,GAM,0.8300000000000001,1.0
32,GAM,0.84,1.0
32,GAM,0.85,1.0
32,GAM,0.86,1.0
32,GAM,0.87,1.0
32,GAM,0.88,1.0
32,GAM,0.89,1.0
32,GAM,0.9,1.0
32,GAM,0.91,1.0
32,GAM,0.92,1.0
32,GAM,0.93,1.0
32,GAM,0.9400000000000001,1.0
32,GAM,0.9500000000000001,1.0
32,GAM,0.96,1.0
32,GAM,0.97,1.0
32,GAM,0.98,1.0
32,GAM,0.99,1.0
32,GAM,1.0,1.0
33,GAM,0.0,0.0
33,GAM,0.01,0.3582089552238806
33,GAM,0.02,0.417910447761194
33,GAM,0.03,0.44776119402985076
33,GAM,0.04,0.8507462686567164
33,GAM,0.05,0.8507462686567164
33,GAM,0.06,0.8507462686567164
33,GAM,0.07,0.8507462686567164
33,GAM,0.08,0.8507462686567164
33,GAM,0.09,0.8805970149253731
33,GAM,0.1,0.9104477611940298
33,GAM,0.11,0.9104477611940298
33,GAM,0.12,0.9104477611940298
33,GAM,0.13,0.9402985074626866
33,GAM,0.14,0.9402985074626866
33,GAM,0.15,0.9552238805970149
33,GAM,0.16,0.9552238805970149
33,GAM,0.17,0.9552238805970149
33,GAM,0.18,0.9552238805970149
33,GAM,0.19,0.9552238805970149
33,GAM,0.2,0.9552238805970149
33,GAM,0.21,0.9552238805970149
33,GAM,0.22,0.9701492537313433
33,GAM,0.23,0.9701492537313433
33,GAM,0.24,0.9701492537313433
33,GAM,0.25,0.9701492537313433
33,GAM,0.26,0.9701492537313433
33,GAM,0.27,0.9701492537313433
33,GAM,0.28,0.9701492537313433
33,GAM,0.29,0.9701492537313433
33,GAM,0.3,0.9701492537313433
33,GAM,0.31,0.9850746268656716
33,GAM,0.32,0.9850746268656716
33,GAM,0.33,0.9850746268656716
33,GAM,0.34,0.9850746268656716
33,GAM,0.35000000000000003,0.9850746268656716
33,GAM,0.36,0.9850746268656716
33,GAM,0.37,0.9850746268656716
33,GAM,0.38,0.9850746268656716
33,GAM,0.39,0.9850746268656716
33,GAM,0.4,0.9850746268656716
33,GAM,0.41000000000000003,0.9850746268656716
33,GAM,0.42,0.9850746268656716
33,GAM,0.43,0.9850746268656716
33,GAM,0.44,0.9850746268656716
33,GAM,0.45,0.9850746268656716
33,GAM,0.46,0.9850746268656716
33,GAM,0.47000000000000003,0.9850746268656716
33,GAM,0.48,0.9850746268656716
33,GAM,0.49,0.9850746268656716
33,GAM,0.5,0.9850746268656716
33,GAM,0.51,0.9850746268656716
33,GAM,0.52,1.0
33,GAM,0.53,1.0
33,GAM,0.54,1.0
33,GAM,0.55,1.0
33,GAM,0.56,1.0
33,GAM,0.5700000000000001,1.0
33,GAM,0.58,1.0
33,GAM,0.59,1.0
33,GAM,0.6,1.0
33,GAM,0.61,1.0
33,GAM,0.62,1.0
33,GAM,0.63,1.0
33,GAM,0.64,1.0
33,GAM,0.65,1.0
33,GAM,0.66,1.0
33,GAM,0.67,1.0
33,GAM,0.68,1.0
33,GAM,0.6900000000000001,1.0
33,GAM,0.7000000000000001,1.0
33,GAM,0.71,1.0
33,GAM,0.72,1.0
33,GAM,0.73,1.0
33,GAM,0.74,1.0
33,GAM,0.75,1.0
33,GAM,0.76,1.0
33,GAM,0.77,1.0
33,GAM,0.78,1.0
33,GAM,0.79,1.0
33,GAM,0.8,1.0
33,GAM,0.81,1.0
33,GAM,0.8200000000000001,1.0
33,GAM,0.8300000000000001,1.0
33,GAM,0.84,1.0
33,GAM,0.85,1.0
33,GAM,0.86,1.0
33,GAM,0.87,1.0
33,GAM,0.88,1.0
33,GAM,0.89,1.0
33,GAM,0.9,1.0
33,GAM,0.91,1.0
33,GAM,0.92,1.0
33,GAM,0.93,1.0
33,GAM,0.9400000000000001,1.0
33,GAM,0.9500000000000001,1.0
33,GAM,0.96,1.0
33,GAM,0.97,1.0
33,GAM,0.98,1.0
33,GAM,0.99,1.0
33,GAM,1.0,1.0
34,GAM,0.0,0.0
34,GAM,0.01,0.5074626865671642
34,GAM,0.02,0.5074626865671642
34,GAM,0.03,0.5522388059701493
34,GAM,0.04,0.6268656716417911
34,GAM,0.05,0.746268656716418
34,GAM,0.06,0.7910447761194029
34,GAM,0.07,0.835820895522388
34,GAM,0.08,0.8656716417910447
34,GAM,0.09,0.8656716417910447
34,GAM,0.1,0.8656716417910447
34,GAM,0.11,0.8656716417910447
34,GAM,0.12,0.8656716417910447
34,GAM,0.13,0.8656716417910447
34,GAM,0.14,0.8805970149253731
34,GAM,0.15,0.8805970149253731
34,GAM,0.16,0.8955223880597015
34,GAM,0.17,0.8955223880597015
34,GAM,0.18,0.8955223880597015
34,GAM,0.19,0.9701492537313433
34,GAM,0.2,0.9701492537313433
34,GAM,0.21,0.9701492537313433
34,GAM,0.22,0.9701492537313433
34,GAM,0.23,0.9701492537313433
34,GAM,0.24,0.9701492537313433
34,GAM,0.25,0.9701492537313433
34,GAM,0.26,0.9701492537313433
34,GAM,0.27,0.9701492537313433
34,GAM,0.28,0.9701492537313433
34,GAM,0.29,0.9701492537313433
34,GAM,0.3,0.9701492537313433
34,GAM,0.31,0.9701492537313433
34,GAM,0.32,0.9701492537313433
34,GAM,0.33,0.9701492537313433
34,GAM,0.34,0.9701492537313433
34,GAM,0.35000000000000003,0.9701492537313433
34,GAM,0.36,0.9701492537313433
34,GAM,0.37,0.9701492537313433
34,GAM,0.38,0.9701492537313433
34,GAM,0.39,0.9701492537313433
34,GAM,0.4,0.9701492537313433
34,GAM,0.41000000000000003,0.9701492537313433
34,GAM,0.42,0.9701492537313433
34,GAM,0.43,0.9701492537313433
34,GAM,0.44,0.9701492537313433
34,GAM,0.45,0.9701492537313433
34,GAM,0.46,0.9701492537313433
34,GAM,0.47000000000000003,0.9701492537313433
34,GAM,0.48,0.9701492537313433
34,GAM,0.49,0.9701492537313433
34,GAM,0.5,0.9701492537313433
34,GAM,0.51,0.9701492537313433
34,GAM,0.52,0.9701492537313433
34,GAM,0.53,0.9701492537313433
34,GAM,0.54,0.9701492537313433
34,GAM,0.55,0.9701492537313433
34,GAM,0.56,0.9701492537313433
34,GAM,0.5700000000000001,0.9701492537313433
34,GAM,0.58,0.9701492537313433
34,GAM,0.59,0.9701492537313433
34,GAM,0.6,0.9701492537313433
34,GAM,0.61,0.9701492537313433
34,GAM,0.62,0.9701492537313433
34,GAM,0.63,0.9701492537313433
34,GAM,0.64,0.9701492537313433
34,GAM,0.65,0.9701492537313433
34,GAM,0.66,0.9701492537313433
34,GAM,0.67,0.9701492537313433
34,GAM,0.68,0.9701492537313433
34,GAM,0.6900000000000001,0.9701492537313433
34,GAM,0.7000000000000001,0.9701492537313433
34,GAM,0.71,0.9701492537313433
34,GAM,0.72,0.9701492537313433
34,GAM,0.73,0.9701492537313433
34,GAM,0.74,0.9701492537313433
34,GAM,0.75,0.9701492537313433
34,GAM,0.76,0.9701492537313433
34,GAM,0.77,0.9850746268656716
34,GAM,0.78,0.9850746268656716
34,GAM,0.79,1.0
34,GAM,0.8,1.0
34,GAM,0.81,1.0
34,GAM,0.8200000000000001,1.0
34,GAM,0.8300000000000001,1.0
34,GAM,0.84,1.0
34,GAM,0.85,1.0
34,GAM,0.86,1.0
34,GAM,0.87,1.0
34,GAM,0.88,1.0
34,GAM,0.89,1.0
34,GAM,0.9,1.0
34,GAM,0.91,1.0
34,GAM,0.92,1.0
34,GAM,0.93,1.0
34,GAM,0.9400000000000001,1.0
34,GAM,0.9500000000000001,1.0
34,GAM,0.96,1.0
34,GAM,0.97,1.0
34,GAM,0.98,1.0
34,GAM,0.99,1.0
34,GAM,1.0,1.0
35,GAM,0.0,0.0
35,GAM,0.01,0.48484848484848486
35,GAM,0.02,0.5151515151515151
35,GAM,0.03,0.5151515151515151
35,GAM,0.04,0.5757575757575758
35,GAM,0.05,0.6363636363636364
35,GAM,0.06,0.6818181818181818
35,GAM,0.07,0.7424242424242424
35,GAM,0.08,0.7424242424242424
35,GAM,0.09,0.7575757575757576
35,GAM,0.1,0.7878787878787878
35,GAM,0.11,0.7878787878787878
35,GAM,0.12,0.8333333333333334
35,GAM,0.13,0.8636363636363636
35,GAM,0.14,0.8787878787878788
35,GAM,0.15,0.8939393939393939
35,GAM,0.16,0.8939393939393939
35,GAM,0.17,0.8939393939393939
35,GAM,0.18,0.8939393939393939
35,GAM,0.19,0.9090909090909091
35,GAM,0.2,0.9090909090909091
35,GAM,0.21,0.9242424242424242
35,GAM,0.22,0.9242424242424242
35,GAM,0.23,0.9242424242424242
35,GAM,0.24,0.9545454545454546
35,GAM,0.25,0.9545454545454546
35,GAM,0.26,0.9545454545454546
35,GAM,0.27,0.9696969696969697
35,GAM,0.28,0.9696969696969697
35,GAM,0.29,0.9696969696969697
35,GAM,0.3,0.9848484848484849
35,GAM,0.31,0.9848484848484849
35,GAM,0.32,0.9848484848484849
35,GAM,0.33,0.9848484848484849
35,GAM,0.34,0.9848484848484849
35,GAM,0.35000000000000003,0.9848484848484849
35,GAM,0.36,0.9848484848484849
35,GAM,0.37,0.9848484848484849
35,GAM,0.38,0.9848484848484849
35,GAM,0.39,0.9848484848484849
35,GAM,0.4,0.9848484848484849
35,GAM,0.41000000000000003,0.9848484848484849
35,GAM,0.42,0.9848484848484849
35,GAM,0.43,0.9848484848484849
35,GAM,0.44,0.9848484848484849
35,GAM,0.45,0.9848484848484849
35,GAM,0.46,0.9848484848484849
35,GAM,0.47000000000000003,0.9848484848484849
35,GAM,0.48,0.9848484848484849
35,GAM,0.49,0.9848484848484849
35,GAM,0.5,0.9848484848484849
35,GAM,0.51,1.0
35,GAM,0.52,1.0
35,GAM,0.53,1.0
35,GAM,0.54,1.0
35,GAM,0.55,1.0
35,GAM,0.56,1.0
35,GAM,0.5700000000000001,1.0
35,GAM,0.58,1.0
35,GAM,0.59,1.0
35,GAM,0.6,1.0
35,GAM,0.61,1.0
35,GAM,0.62,1.0
35,GAM,0.63,1.0
35,GAM,0.64,1.0
35,GAM,0.65,1.0
35,GAM,0.66,1.0
35,GAM,0.67,1.0
35,GAM,0.68,1.0
35,GAM,0.6900000000000001,1.0
35,GAM,0.7000000000000001,1.0
35,GAM,0.71,1.0
35,GAM,0.72,1.0
35,GAM,0.73,1.0
35,GAM,0.74,1.0
35,GAM,0.75,1.0
35,GAM,0.76,1.0
35,GAM,0.77,1.0
35,GAM,0.78,1.0
35,GAM,0.79,1.0
35,GAM,0.8,1.0
35,GAM,0.81,1.0
35,GAM,0.8200000000000001,1.0
35,GAM,0.8300000000000001,1.0
35,GAM,0.84,1.0
35,GAM,0.85,1.0
35,GAM,0.86,1.0
35,GAM,0.87,1.0
35,GAM,0.88,1.0
35,GAM,0.89,1.0
35,GAM,0.9,1.0
35,GAM,0.91,1.0
35,GAM,0.92,1.0
35,GAM,0.93,1.0
35,GAM,0.9400000000000001,1.0
35,GAM,0.9500000000000001,1.0
35,GAM,0.96,1.0
35,GAM,0.97,1.0
35,GAM,0.98,1.0
35,GAM,0.99,1.0
35,GAM,1.0,1.0
36,GAM,0.0,0.0
36,GAM,0.01,0.29850746268656714
36,GAM,0.02,0.40298507462686567
36,GAM,0.03,0.5522388059701493
36,GAM,0.04,0.7761194029850746
36,GAM,0.05,0.8059701492537313
36,GAM,0.06,0.8059701492537313
36,GAM,0.07,0.8059701492537313
36,GAM,0.08,0.8059701492537313
36,GAM,0.09,0.8059701492537313
36,GAM,0.1,0.8059701492537313
36,GAM,0.11,0.835820895522388
36,GAM,0.12,0.8805970149253731
36,GAM,0.13,0.8805970149253731
36,GAM,0.14,0.8805970149253731
36,GAM,0.15,0.8805970149253731
36,GAM,0.16,0.8955223880597015
36,GAM,0.17,0.8955223880597015
36,GAM,0.18,0.9104477611940298
36,GAM,0.19,0.9402985074626866
36,GAM,0.2,0.9402985074626866
36,GAM,0.21,0.9402985074626866
36,GAM,0.22,0.9402985074626866
36,GAM,0.23,0.9402985074626866
36,GAM,0.24,0.9552238805970149
36,GAM,0.25,0.9552238805970149
36,GAM,0.26,0.9701492537313433
36,GAM,0.27,0.9701492537313433
36,GAM,0.28,0.9701492537313433
36,GAM,0.29,0.9701492537313433
36,GAM,0.3,0.9701492537313433
36,GAM,0.31,0.9701492537313433
36,GAM,0.32,0.9701492537313433
36,GAM,0.33,0.9701492537313433
36,GAM,0.34,0.9701492537313433
36,GAM,0.35000000000000003,0.9701492537313433
36,GAM,0.36,0.9701492537313433
36,GAM,0.37,0.9701492537313433
36,GAM,0.38,0.9701492537313433
36,GAM,0.39,0.9701492537313433
36,GAM,0.4,0.9701492537313433
36,GAM,0.41000000000000003,0.9701492537313433
36,GAM,0.42,0.9701492537313433
36,GAM,0.43,0.9850746268656716
36,GAM,0.44,0.9850746268656716
36,GAM,0.45,0.9850746268656716
36,GAM,0.46,0.9850746268656716
36,GAM,0.47000000000000003,0.9850746268656716
36,GAM,0.48,0.9850746268656716
36,GAM,0.49,0.9850746268656716
36,GAM,0.5,0.9850746268656716
36,GAM,0.51,0.9850746268656716
36,GAM,0.52,0.9850746268656716
36,GAM,0.53,0.9850746268656716
36,GAM,0.54,0.9850746268656716
36,GAM,0.55,0.9850746268656716
36,GAM,0.56,0.9850746268656716
36,GAM,0.5700000000000001,0.9850746268656716
36,GAM,0.58,0.9850746268656716
36,GAM,0.59,0.9850746268656716
36,GAM,0.6,0.9850746268656716
36,GAM,0.61,0.9850746268656716
36,GAM,0.62,0.9850746268656716
36,GAM,0.63,0.9850746268656716
36,GAM,0.64,1.0
36,GAM,0.65,1.0
36,GAM,0.66,1.0
36,GAM,0.67,1.0
36,GAM,0.68,1.0
36,GAM,0.6900000000000001,1.0
36,GAM,0.7000000000000001,1.0
36,GAM,0.71,1.0
36,GAM,0.72,1.0
36,GAM,0.73,1.0
36,GAM,0.74,1.0
36,GAM,0.75,1.0
36,GAM,0.76,1.0
36,GAM,0.77,1.0
36,GAM,0.78,1.0
36,GAM,0.79,1.0
36,GAM,0.8,1.0
36,GAM,0.81,1.0
36,GAM,0.8200000000000001,1.0
36,GAM,0.8300000000000001,1.0
36,GAM,0.84,1.0
36,GAM,0.85,1.0
36,GAM,0.86,1.0
36,GAM,0.87,1.0
36,GAM,0.88,1.0
36,GAM,0.89,1.0
36,GAM,0.9,1.0
36,GAM,0.91,1.0
36,GAM,0.92,1.0
36,GAM,0.93,1.0
36,GAM,0.9400000000000001,1.0
36,GAM,0.9500000000000001,1.0
36,GAM,0.96,1.0
36,GAM,0.97,1.0
36,GAM,0.98,1.0
36,GAM,0.99,1.0
36,GAM,1.0,1.0
37,GAM,0.0,0.0
37,GAM,0.01,0.47761194029850745
37,GAM,0.02,0.582089552238806
37,GAM,0.03,0.6268656716417911
37,GAM,0.04,0.6716417910447762
37,GAM,0.05,0.7014925373134329
37,GAM,0.06,0.8805970149253731
37,GAM,0.07,0.8805970149253731
37,GAM,0.08,0.8805970149253731
37,GAM,0.09,0.8955223880597015
37,GAM,0.1,0.9253731343283582
37,GAM,0.11,0.9402985074626866
37,GAM,0.12,0.9402985074626866
37,GAM,0.13,0.9402985074626866
37,GAM,0.14,0.9402985074626866
37,GAM,0.15,0.9402985074626866
37,GAM,0.16,0.9402985074626866
37,GAM,0.17,0.9402985074626866
37,GAM,0.18,0.9402985074626866
37,GAM,0.19,0.9402985074626866
37,GAM,0.2,0.9552238805970149
37,GAM,0.21,0.9552238805970149
37,GAM,0.22,0.9552238805970149
37,GAM,0.23,0.9552238805970149
37,GAM,0.24,0.9552238805970149
37,GAM,0.25,0.9552238805970149
37,GAM,0.26,0.9552238805970149
37,GAM,0.27,0.9552238805970149
37,GAM,0.28,0.9552238805970149
37,GAM,0.29,0.9552238805970149
37,GAM,0.3,0.9552238805970149
37,GAM,0.31,0.9552238805970149
37,GAM,0.32,0.9552238805970149
37,GAM,0.33,0.9552238805970149
37,GAM,0.34,0.9552238805970149
37,GAM,0.35000000000000003,0.9701492537313433
37,GAM,0.36,0.9701492537313433
37,GAM,0.37,0.9701492537313433
37,GAM,0.38,0.9701492537313433
37,GAM,0.39,0.9701492537313433
37,GAM,0.4,0.9701492537313433
37,GAM,0.41000000000000003,0.9701492537313433
37,GAM,0.42,0.9701492537313433
37,GAM,0.43,0.9701492537313433
37,GAM,0.44,0.9701492537313433
37,GAM,0.45,0.9701492537313433
37,GAM,0.46,0.9701492537313433
37,GAM,0.47000000000000003,1.0
37,GAM,0.48,1.0
37,GAM,0.49,1.0
37,GAM,0.5,1.0
37,GAM,0.51,1.0
37,GAM,0.52,1.0
37,GAM,0.53,1.0
37,GAM,0.54,1.0
37,GAM,0.55,1.0
37,GAM,0.56,1.0
37,GAM,0.5700000000000001,1.0
37,GAM,0.58,1.0
37,GAM,0.59,1.0
37,GAM,0.6,1.0
37,GAM,0.61,1.0
37,GAM,0.62,1.0
37,GAM,0.63,1.0
37,GAM,0.64,1.0
37,GAM,0.65,1.0
37,GAM,0.66,1.0
37,GAM,0.67,1.0
37,GAM,0.68,1.0
37,GAM,0.6900000000000001,1.0
37,GAM,0.7000000000000001,1.0
37,GAM,0.71,1.0
37,GAM,0.72,1.0
37,GAM,0.73,1.0
37,GAM,0.74,1.0
37,GAM,0.75,1.0
37,GAM,0.76,1.0
37,GAM,0.77,1.0
37,GAM,0.78,1.0
37,GAM,0.79,1.0
37,GAM,0.8,1.0
37,GAM,0.81,1.0
37,GAM,0.8200000000000001,1.0
37,GAM,0.8300000000000001,1.0
37,GAM,0.84,1.0
37,GAM,0.85,1.0
37,GAM,0.86,1.0
37,GAM,0.87,1.0
37,GAM,0.88,1.0
37,GAM,0.89,1.0
37,GAM,0.9,1.0
37,GAM,0.91,1.0
37,GAM,0.92,1.0
37,GAM,0.93,1.0
37,GAM,0.9400000000000001,1.0
37,GAM,0.9500000000000001,1.0
37,GAM,0.96,1.0
37,GAM,0.97,1.0
37,GAM,0.98,1.0
37,GAM,0.99,1.0
37,GAM,1.0,1.0
38,GAM,0.0,0.0
38,GAM,0.01,0.40298507462686567
38,GAM,0.02,0.417910447761194
38,GAM,0.03,0.47761194029850745
38,GAM,0.04,0.5671641791044776
38,GAM,0.05,0.5671641791044776
38,GAM,0.06,0.582089552238806
38,GAM,0.07,0.582089552238806
38,GAM,0.08,0.6119402985074627
38,GAM,0.09,0.6417910447761194
38,GAM,0.1,0.6417910447761194
38,GAM,0.11,0.7014925373134329
38,GAM,0.12,0.7014925373134329
38,GAM,0.13,0.7313432835820896
38,GAM,0.14,0.7611940298507462
38,GAM,0.15,0.7761194029850746
38,GAM,0.16,0.7910447761194029
38,GAM,0.17,0.835820895522388
38,GAM,0.18,0.8507462686567164
38,GAM,0.19,0.8955223880597015
38,GAM,0.2,0.8955223880597015
38,GAM,0.21,0.8955223880597015
38,GAM,0.22,0.8955223880597015
38,GAM,0.23,0.8955223880597015
38,GAM,0.24,0.9104477611940298
38,GAM,0.25,0.9104477611940298
38,GAM,0.26,0.9253731343283582
38,GAM,0.27,0.9402985074626866
38,GAM,0.28,0.9402985074626866
38,GAM,0.29,0.9402985074626866
38,GAM,0.3,0.9402985074626866
38,GAM,0.31,0.9402985074626866
38,GAM,0.32,0.9402985074626866
38,GAM,0.33,0.9402985074626866
38,GAM,0.34,0.9402985074626866
38,GAM,0.35000000000000003,0.9402985074626866
38,GAM,0.36,0.9402985074626866
38,GAM,0.37,0.9402985074626866
38,GAM,0.38,0.9402985074626866
38,GAM,0.39,0.9402985074626866
38,GAM,0.4,0.9402985074626866
38,GAM,0.41000000000000003,0.9402985074626866
38,GAM,0.42,0.9402985074626866
38,GAM,0.43,0.9402985074626866
38,GAM,0.44,0.9402985074626866
38,GAM,0.45,0.9402985074626866
38,GAM,0.46,0.9701492537313433
38,GAM,0.47000000000000003,0.9701492537313433
38,GAM,0.48,0.9701492537313433
38,GAM,0.49,0.9701492537313433
38,GAM,0.5,0.9701492537313433
38,GAM,0.51,0.9701492537313433
38,GAM,0.52,0.9701492537313433
38,GAM,0.53,0.9701492537313433
38,GAM,0.54,0.9701492537313433
38,GAM,0.55,0.9701492537313433
38,GAM,0.56,0.9701492537313433
38,GAM,0.5700000000000001,0.9701492537313433
38,GAM,0.58,0.9701492537313433
38,GAM,0.59,0.9701492537313433
38,GAM,0.6,0.9701492537313433
38,GAM,0.61,0.9701492537313433
38,GAM,0.62,0.9701492537313433
38,GAM,0.63,0.9701492537313433
38,GAM,0.64,0.9701492537313433
38,GAM,0.65,0.9701492537313433
38,GAM,0.66,0.9701492537313433
38,GAM,0.67,0.9701492537313433
38,GAM,0.68,0.9701492537313433
38,GAM,0.6900000000000001,0.9701492537313433
38,GAM,0.7000000000000001,0.9701492537313433
38,GAM,0.71,0.9701492537313433
38,GAM,0.72,0.9701492537313433
38,GAM,0.73,0.9701492537313433
38,GAM,0.74,0.9701492537313433
38,GAM,0.75,0.9701492537313433
38,GAM,0.76,0.9701492537313433
38,GAM,0.77,0.9701492537313433
38,GAM,0.78,0.9701492537313433
38,GAM,0.79,0.9701492537313433
38,GAM,0.8,0.9701492537313433
38,GAM,0.81,0.9701492537313433
38,GAM,0.8200000000000001,0.9701492537313433
38,GAM,0.8300000000000001,0.9850746268656716
38,GAM,0.84,0.9850746268656716
38,GAM,0.85,1.0
38,GAM,0.86,1.0
38,GAM,0.87,1.0
38,GAM,0.88,1.0
38,GAM,0.89,1.0
38,GAM,0.9,1.0
38,GAM,0.91,1.0
38,GAM,0.92,1.0
38,GAM,0.93,1.0
38,GAM,0.9400000000000001,1.0
38,GAM,0.9500000000000001,1.0
38,GAM,0.96,1.0
38,GAM,0.97,1.0
38,GAM,0.98,1.0
38,GAM,0.99,1.0
38,GAM,1.0,1.0
39,GAM,0.0,0.0
39,GAM,0.01,0.4090909090909091
39,GAM,0.02,0.45454545454545453
39,GAM,0.03,0.6666666666666666
39,GAM,0.04,0.6818181818181818
39,GAM,0.05,0.6818181818181818
39,GAM,0.06,0.696969696969697
39,GAM,0.07,0.7272727272727273
39,GAM,0.08,0.7424242424242424
39,GAM,0.09,0.8181818181818182
39,GAM,0.1,0.8333333333333334
39,GAM,0.11,0.8333333333333334
39,GAM,0.12,0.8787878787878788
39,GAM,0.13,0.8787878787878788
39,GAM,0.14,0.8787878787878788
39,GAM,0.15,0.9242424242424242
39,GAM,0.16,0.9242424242424242
39,GAM,0.17,0.9393939393939394
39,GAM,0.18,0.9393939393939394
39,GAM,0.19,0.9393939393939394
39,GAM,0.2,0.9393939393939394
39,GAM,0.21,0.9393939393939394
39,GAM,0.22,0.9393939393939394
39,GAM,0.23,0.9393939393939394
39,GAM,0.24,0.9393939393939394
39,GAM,0.25,0.9696969696969697
39,GAM,0.26,0.9696969696969697
39,GAM,0.27,0.9696969696969697
39,GAM,0.28,0.9696969696969697
39,GAM,0.29,0.9696969696969697
39,GAM,0.3,0.9696969696969697
39,GAM,0.31,0.9696969696969697
39,GAM,0.32,0.9696969696969697
39,GAM,0.33,0.9696969696969697
39,GAM,0.34,0.9696969696969697
39,GAM,0.35000000000000003,0.9696969696969697
39,GAM,0.36,0.9696969696969697
39,GAM,0.37,0.9696969696969697
39,GAM,0.38,0.9696969696969697
39,GAM,0.39,0.9848484848484849
39,GAM,0.4,0.9848484848484849
39,GAM,0.41000000000000003,0.9848484848484849
39,GAM,0.42,0.9848484848484849
39,GAM,0.43,0.9848484848484849
39,GAM,0.44,0.9848484848484849
39,GAM,0.45,0.9848484848484849
39,GAM,0.46,0.9848484848484849
39,GAM,0.47000000000000003,0.9848484848484849
39,GAM,0.48,0.9848484848484849
39,GAM,0.49,0.9848484848484849
39,GAM,0.5,0.9848484848484849
39,GAM,0.51,0.9848484848484849
39,GAM,0.52,0.9848484848484849
39,GAM,0.53,0.9848484848484849
39,GAM,0.54,0.9848484848484849
39,GAM,0.55,0.9848484848484849
39,GAM,0.56,0.9848484848484849
39,GAM,0.5700000000000001,0.9848484848484849
39,GAM,0.58,0.9848484848484849
39,GAM,0.59,0.9848484848484849
39,GAM,0.6,0.9848484848484849
39,GAM,0.61,0.9848484848484849
39,GAM,0.62,0.9848484848484849
39,GAM,0.63,0.9848484848484849
39,GAM,0.64,0.9848484848484849
39,GAM,0.65,0.9848484848484849
39,GAM,0.66,0.9848484848484849
39,GAM,0.67,0.9848484848484849
39,GAM,0.68,0.9848484848484849
39,GAM,0.6900000000000001,0.9848484848484849
39,GAM,0.7000000000000001,0.9848484848484849
39,GAM,0.71,0.9848484848484849
39,GAM,0.72,0.9848484848484849
39,GAM,0.73,0.9848484848484849
39,GAM,0.74,0.9848484848484849
39,GAM,0.75,0.9848484848484849
39,GAM,0.76,0.9848484848484849
39,GAM,0.77,0.9848484848484849
39,GAM,0.78,0.9848484848484849
39,GAM,0.79,0.9848484848484849
39,GAM,0.8,1.0
39,GAM,0.81,1.0
39,GAM,0.8200000000000001,1.0
39,GAM,0.8300000000000001,1.0
39,GAM,0.84,1.0
39,GAM,0.85,1.0
39,GAM,0.86,1.0
39,GAM,0.87,1.0
39,GAM,0.88,1.0
39,GAM,0.89,1.0
39,GAM,0.9,1.0
39,GAM,0.91,1.0
39,GAM,0.92,1.0
39,GAM,0.93,1.0
39,GAM,0.9400000000000001,1.0
39,GAM,0.9500000000000001,1.0
39,GAM,0.96,1.0
39,GAM,0.97,1.0
39,GAM,0.98,1.0
39,GAM,0.99,1.0
39,GAM,1.0,1.0
40,GAM,0.0,0.0
40,GAM,0.01,0.43283582089552236
40,GAM,0.02,0.7014925373134329
40,GAM,0.03,0.7761194029850746
40,GAM,0.04,0.835820895522388
40,GAM,0.05,0.835820895522388
40,GAM,0.06,0.8656716417910447
40,GAM,0.07,0.8656716417910447
40,GAM,0.08,0.8955223880597015
40,GAM,0.09,0.8955223880597015
40,GAM,0.1,0.9104477611940298
40,GAM,0.11,0.9104477611940298
40,GAM,0.12,0.9104477611940298
40,GAM,0.13,0.9253731343283582
40,GAM,0.14,0.9253731343283582
40,GAM,0.15,0.9253731343283582
40,GAM,0.16,0.9402985074626866
40,GAM,0.17,0.9552238805970149
40,GAM,0.18,0.9552238805970149
40,GAM,0.19,0.9552238805970149
40,GAM,0.2,0.9552238805970149
40,GAM,0.21,0.9552238805970149
40,GAM,0.22,0.9552238805970149
40,GAM,0.23,0.9552238805970149
40,GAM,0.24,0.9552238805970149
40,GAM,0.25,0.9552238805970149
40,GAM,0.26,0.9552238805970149
40,GAM,0.27,0.9552238805970149
40,GAM,0.28,0.9552238805970149
40,GAM,0.29,0.9552238805970149
40,GAM,0.3,0.9552238805970149
40,GAM,0.31,0.9552238805970149
40,GAM,0.32,0.9552238805970149
40,GAM,0.33,0.9552238805970149
40,GAM,0.34,0.9552238805970149
40,GAM,0.35000000000000003,0.9552238805970149
40,GAM,0.36,0.9552238805970149
40,GAM,0.37,0.9552238805970149
40,GAM,0.38,0.9552238805970149
40,GAM,0.39,0.9552238805970149
40,GAM,0.4,0.9552238805970149
40,GAM,0.41000000000000003,0.9552238805970149
40,GAM,0.42,0.9552238805970149
40,GAM,0.43,0.9850746268656716
40,GAM,0.44,0.9850746268656716
40,GAM,0.45,0.9850746268656716
40,GAM,0.46,0.9850746268656716
40,GAM,0.47000000000000003,0.9850746268656716
40,GAM,0.48,0.9850746268656716
40,GAM,0.49,0.9850746268656716
40,GAM,0.5,0.9850746268656716
40,GAM,0.51,0.9850746268656716
40,GAM,0.52,0.9850746268656716
40,GAM,0.53,0.9850746268656716
40,GAM,0.54,0.9850746268656716
40,GAM,0.55,0.9850746268656716
40,GAM,0.56,0.9850746268656716
40,GAM,0.5700000000000001,0.9850746268656716
40,GAM,0.58,0.9850746268656716
40,GAM,0.59,0.9850746268656716
40,GAM,0.6,0.9850746268656716
40,GAM,0.61,0.9850746268656716
40,GAM,0.62,0.9850746268656716
40,GAM,0.63,0.9850746268656716
40,GAM,0.64,0.9850746268656716
40,GAM,0.65,0.9850746268656716
40,GAM,0.66,0.9850746268656716
40,GAM,0.67,0.9850746268656716
40,GAM,0.68,0.9850746268656716
40,GAM,0.6900000000000001,0.9850746268656716
40,GAM,0.7000000000000001,0.9850746268656716
40,GAM,0.71,0.9850746268656716
40,GAM,0.72,0.9850746268656716
40,GAM,0.73,0.9850746268656716
40,GAM,0.74,0.9850746268656716
40,GAM,0.75,0.9850746268656716
40,GAM,0.76,0.9850746268656716
40,GAM,0.77,0.9850746268656716
40,GAM,0.78,0.9850746268656716
40,GAM,0.79,1.0
40,GAM,0.8,1.0
40,GAM,0.81,1.0
40,GAM,0.8200000000000001,1.0
40,GAM,0.8300000000000001,1.0
40,GAM,0.84,1.0
40,GAM,0.85,1.0
40,GAM,0.86,1.0
40,GAM,0.87,1.0
40,GAM,0.88,1.0
40,GAM,0.89,1.0
40,GAM,0.9,1.0
40,GAM,0.91,1.0
40,GAM,0.92,1.0
40,GAM,0.93,1.0
40,GAM,0.9400000000000001,1.0
40,GAM,0.9500000000000001,1.0
40,GAM,0.96,1.0
40,GAM,0.97,1.0
40,GAM,0.98,1.0
40,GAM,0.99,1.0
40,GAM,1.0,1.0
41,GAM,0.0,0.0
41,GAM,0.01,0.5454545454545454
41,GAM,0.02,0.6818181818181818
41,GAM,0.03,0.7424242424242424
41,GAM,0.04,0.8181818181818182
41,GAM,0.05,0.8636363636363636
41,GAM,0.06,0.8636363636363636
41,GAM,0.07,0.8939393939393939
41,GAM,0.08,0.9090909090909091
41,GAM,0.09,0.9090909090909091
41,GAM,0.1,0.9090909090909091
41,GAM,0.11,0.9090909090909091
41,GAM,0.12,0.9090909090909091
41,GAM,0.13,0.9090909090909091
41,GAM,0.14,0.9242424242424242
41,GAM,0.15,0.9242424242424242
41,GAM,0.16,0.9393939393939394
41,GAM,0.17,0.9393939393939394
41,GAM,0.18,0.9393939393939394
41,GAM,0.19,0.9393939393939394
41,GAM,0.2,0.9393939393939394
41,GAM,0.21,0.9393939393939394
41,GAM,0.22,0.9545454545454546
41,GAM,0.23,0.9545454545454546
41,GAM,0.24,0.9696969696969697
41,GAM,0.25,0.9696969696969697
41,GAM,0.26,0.9696969696969697
41,GAM,0.27,0.9848484848484849
41,GAM,0.28,0.9848484848484849
41,GAM,0.29,0.9848484848484849
41,GAM,0.3,0.9848484848484849
41,GAM,0.31,0.9848484848484849
41,GAM,0.32,0.9848484848484849
41,GAM,0.33,1.0
41,GAM,0.34,1.0
41,GAM,0.35000000000000003,1.0
41,GAM,0.36,1.0
41,GAM,0.37,1.0
41,GAM,0.38,1.0
41,GAM,0.39,1.0
41,GAM,0.4,1.0
41,GAM,0.41000000000000003,1.0
41,GAM,0.42,1.0
41,GAM,0.43,1.0
41,GAM,0.44,1.0
41,GAM,0.45,1.0
41,GAM,0.46,1.0
41,GAM,0.47000000000000003,1.0
41,GAM,0.48,1.0
41,GAM,0.49,1.0
41,GAM,0.5,1.0
41,GAM,0.51,1.0
41,GAM,0.52,1.0
41,GAM,0.53,1.0
41,GAM,0.54,1.0
41,GAM,0.55,1.0
41,GAM,0.56,1.0
41,GAM,0.5700000000000001,1.0
41,GAM,0.58,1.0
41,GAM,0.59,1.0
41,GAM,0.6,1.0
41,GAM,0.61,1.0
41,GAM,0.62,1.0
41,GAM,0.63,1.0
41,GAM,0.64,1.0
41,GAM,0.65,1.0
41,GAM,0.66,1.0
41,GAM,0.67,1.0
41,GAM,0.68,1.0
41,GAM,0.6900000000000001,1.0
41,GAM,0.7000000000000001,1.0
41,GAM,0.71,1.0
41,GAM,0.72,1.0
41,GAM,0.73,1.0
41,GAM,0.74,1.0
41,GAM,0.75,1.0
41,GAM,0.76,1.0
41,GAM,0.77,1.0
41,GAM,0.78,1.0
41,GAM,0.79,1.0
41,GAM,0.8,1.0
41,GAM,0.81,1.0
41,GAM,0.8200000000000001,1.0
41,GAM,0.8300000000000001,1.0
41,GAM,0.84,1.0
41,GAM,0.85,1.0
41,GAM,0.86,1.0
41,GAM,0.87,1.0
41,GAM,0.88,1.0
41,GAM,0.89,1.0
41,GAM,0.9,1.0
41,GAM,0.91,1.0
41,GAM,0.92,1.0
41,GAM,0.93,1.0
41,GAM,0.9400000000000001,1.0
41,GAM,0.9500000000000001,1.0
41,GAM,0.96,1.0
41,GAM,0.97,1.0
41,GAM,0.98,1.0
41,GAM,0.99,1.0
41,GAM,1.0,1.0
42,GAM,0.0,0.0
42,GAM,0.01,0.5373134328358209
42,GAM,0.02,0.6268656716417911
42,GAM,0.03,0.6716417910447762
42,GAM,0.04,0.8208955223880597
42,GAM,0.05,0.8805970149253731
42,GAM,0.06,0.8805970149253731
42,GAM,0.07,0.8805970149253731
42,GAM,0.08,0.8805970149253731
42,GAM,0.09,0.8805970149253731
42,GAM,0.1,0.8805970149253731
42,GAM,0.11,0.9253731343283582
42,GAM,0.12,0.9253731343283582
42,GAM,0.13,0.9253731343283582
42,GAM,0.14,0.9253731343283582
42,GAM,0.15,0.9253731343283582
42,GAM,0.16,0.9402985074626866
42,GAM,0.17,0.9402985074626866
42,GAM,0.18,0.9402985074626866
42,GAM,0.19,0.9402985074626866
42,GAM,0.2,0.9552238805970149
42,GAM,0.21,0.9552238805970149
42,GAM,0.22,0.9701492537313433
42,GAM,0.23,0.9850746268656716
42,GAM,0.24,0.9850746268656716
42,GAM,0.25,0.9850746268656716
42,GAM,0.26,0.9850746268656716
42,GAM,0.27,0.9850746268656716
42,GAM,0.28,0.9850746268656716
42,GAM,0.29,0.9850746268656716
42,GAM,0.3,0.9850746268656716
42,GAM,0.31,0.9850746268656716
42,GAM,0.32,0.9850746268656716
42,GAM,0.33,0.9850746268656716
42,GAM,0.34,0.9850746268656716
42,GAM,0.35000000000000003,0.9850746268656716
42,GAM,0.36,0.9850746268656716
42,GAM,0.37,0.9850746268656716
42,GAM,0.38,0.9850746268656716
42,GAM,0.39,0.9850746268656716
42,GAM,0.4,0.9850746268656716
42,GAM,0.41000000000000003,0.9850746268656716
42,GAM,0.42,0.9850746268656716
42,GAM,0.43,0.9850746268656716
42,GAM,0.44,0.9850746268656716
42,GAM,0.45,0.9850746268656716
42,GAM,0.46,1.0
42,GAM,0.47000000000000003,1.0
42,GAM,0.48,1.0
42,GAM,0.49,1.0
42,GAM,0.5,1.0
42,GAM,0.51,1.0
42,GAM,0.52,1.0
42,GAM,0.53,1.0
42,GAM,0.54,1.0
42,GAM,0.55,1.0
42,GAM,0.56,1.0
42,GAM,0.5700000000000001,1.0
42,GAM,0.58,1.0
42,GAM,0.59,1.0
42,GAM,0.6,1.0
42,GAM,0.61,1.0
42,GAM,0.62,1.0
42,GAM,0.63,1.0
42,GAM,0.64,1.0
42,GAM,0.65,1.0
42,GAM,0.66,1.0
42,GAM,0.67,1.0
42,GAM,0.68,1.0
42,GAM,0.6900000000000001,1.0
42,GAM,0.7000000000000001,1.0
42,GAM,0.71,1.0
42,GAM,0.72,1.0
42,GAM,0.73,1.0
42,GAM,0.74,1.0
42,GAM,0.75,1.0
42,GAM,0.76,1.0
42,GAM,0.77,1.0
42,GAM,0.78,1.0
42,GAM,0.79,1.0
42,GAM,0.8,1.0
42,GAM,0.81,1.0
42,GAM,0.8200000000000001,1.0
42,GAM,0.8300000000000001,1.0
42,GAM,0.84,1.0
42,GAM,0.85,1.0
42,GAM,0.86,1.0
42,GAM,0.87,1.0
42,GAM,0.88,1.0
42,GAM,0.89,1.0
42,GAM,0.9,1.0
42,GAM,0.91,1.0
42,GAM,0.92,1.0
42,GAM,0.93,1.0
42,GAM,0.9400000000000001,1.0
42,GAM,0.9500000000000001,1.0
42,GAM,0.96,1.0
42,GAM,0.97,1.0
42,GAM,0.98,1.0
42,GAM,0.99,1.0
42,GAM,1.0,1.0
43,GAM,0.0,0.0
43,GAM,0.01,0.5373134328358209
43,GAM,0.02,0.7611940298507462
43,GAM,0.03,0.7611940298507462
43,GAM,0.04,0.7761194029850746
43,GAM,0.05,0.7761194029850746
43,GAM,0.06,0.8059701492537313
43,GAM,0.07,0.8507462686567164
43,GAM,0.08,0.8656716417910447
43,GAM,0.09,0.8656716417910447
43,GAM,0.1,0.8805970149253731
43,GAM,0.11,0.9253731343283582
43,GAM,0.12,0.9253731343283582
43,GAM,0.13,0.9253731343283582
43,GAM,0.14,0.9253731343283582
43,GAM,0.15,0.9253731343283582
43,GAM,0.16,0.9402985074626866
43,GAM,0.17,0.9402985074626866
43,GAM,0.18,0.9402985074626866
43,GAM,0.19,0.9552238805970149
43,GAM,0.2,0.9552238805970149
43,GAM,0.21,0.9552238805970149
43,GAM,0.22,0.9552238805970149
43,GAM,0.23,0.9552238805970149
43,GAM,0.24,0.9552238805970149
43,GAM,0.25,0.9701492537313433
43,GAM,0.26,0.9701492537313433
43,GAM,0.27,0.9701492537313433
43,GAM,0.28,0.9701492537313433
43,GAM,0.29,0.9701492537313433
43,GAM,0.3,0.9701492537313433
43,GAM,0.31,0.9701492537313433
43,GAM,0.32,0.9701492537313433
43,GAM,0.33,0.9701492537313433
43,GAM,0.34,0.9701492537313433
43,GAM,0.35000000000000003,0.9701492537313433
43,GAM,0.36,0.9701492537313433
43,GAM,0.37,0.9701492537313433
43,GAM,0.38,0.9701492537313433
43,GAM,0.39,0.9701492537313433
43,GAM,0.4,0.9701492537313433
43,GAM,0.41000000000000003,0.9701492537313433
43,GAM,0.42,0.9701492537313433
43,GAM,0.43,0.9701492537313433
43,GAM,0.44,0.9701492537313433
43,GAM,0.45,0.9701492537313433
43,GAM,0.46,0.9701492537313433
43,GAM,0.47000000000000003,0.9701492537313433
43,GAM,0.48,0.9701492537313433
43,GAM,0.49,0.9850746268656716
43,GAM,0.5,0.9850746268656716
43,GAM,0.51,0.9850746268656716
43,GAM,0.52,0.9850746268656716
43,GAM,0.53,0.9850746268656716
43,GAM,0.54,0.9850746268656716
43,GAM,0.55,0.9850746268656716
43,GAM,0.56,0.9850746268656716
43,GAM,0.5700000000000001,0.9850746268656716
43,GAM,0.58,0.9850746268656716
43,GAM,0.59,0.9850746268656716
43,GAM,0.6,0.9850746268656716
43,GAM,0.61,0.9850746268656716
43,GAM,0.62,0.9850746268656716
43,GAM,0.63,0.9850746268656716
43,GAM,0.64,0.9850746268656716
43,GAM,0.65,0.9850746268656716
43,GAM,0.66,0.9850746268656716
43,GAM,0.67,0.9850746268656716
43,GAM,0.68,0.9850746268656716
43,GAM,0.6900000000000001,0.9850746268656716
43,GAM,0.7000000000000001,0.9850746268656716
43,GAM,0.71,0.9850746268656716
43,GAM,0.72,0.9850746268656716
43,GAM,0.73,0.9850746268656716
43,GAM,0.74,0.9850746268656716
43,GAM,0.75,0.9850746268656716
43,GAM,0.76,0.9850746268656716
43,GAM,0.77,0.9850746268656716
43,GAM,0.78,0.9850746268656716
43,GAM,0.79,0.9850746268656716
43,GAM,0.8,0.9850746268656716
43,GAM,0.81,0.9850746268656716
43,GAM,0.8200000000000001,0.9850746268656716
43,GAM,0.8300000000000001,0.9850746268656716
43,GAM,0.84,0.9850746268656716
43,GAM,0.85,0.9850746268656716
43,GAM,0.86,0.9850746268656716
43,GAM,0.87,0.9850746268656716
43,GAM,0.88,0.9850746268656716
43,GAM,0.89,0.9850746268656716
43,GAM,0.9,0.9850746268656716
43,GAM,0.91,1.0
43,GAM,0.92,1.0
43,GAM,0.93,1.0
43,GAM,0.9400000000000001,1.0
43,GAM,0.9500000000000001,1.0
43,GAM,0.96,1.0
43,GAM,0.97,1.0
43,GAM,0.98,1.0
43,GAM,0.99,1.0
43,GAM,1.0,1.0
44,GAM,0.0,0.0
44,GAM,0.01,0.6865671641791045
44,GAM,0.02,0.746268656716418
44,GAM,0.03,0.7611940298507462
44,GAM,0.04,0.8059701492537313
44,GAM,0.05,0.8955223880597015
44,GAM,0.06,0.9104477611940298
44,GAM,0.07,0.9253731343283582
44,GAM,0.08,0.9402985074626866
44,GAM,0.09,0.9552238805970149
44,GAM,0.1,0.9552238805970149
44,GAM,0.11,0.9552238805970149
44,GAM,0.12,0.9552238805970149
44,GAM,0.13,0.9552238805970149
44,GAM,0.14,0.9701492537313433
44,GAM,0.15,0.9850746268656716
44,GAM,0.16,0.9850746268656716
44,GAM,0.17,0.9850746268656716
44,GAM,0.18,0.9850746268656716
44,GAM,0.19,0.9850746268656716
44,GAM,0.2,0.9850746268656716
44,GAM,0.21,0.9850746268656716
44,GAM,0.22,0.9850746268656716
44,GAM,0.23,0.9850746268656716
44,GAM,0.24,0.9850746268656716
44,GAM,0.25,0.9850746268656716
44,GAM,0.26,0.9850746268656716
44,GAM,0.27,0.9850746268656716
44,GAM,0.28,0.9850746268656716
44,GAM,0.29,0.9850746268656716
44,GAM,0.3,0.9850746268656716
44,GAM,0.31,0.9850746268656716
44,GAM,0.32,0.9850746268656716
44,GAM,0.33,0.9850746268656716
44,GAM,0.34,0.9850746268656716
44,GAM,0.35000000000000003,0.9850746268656716
44,GAM,0.36,0.9850746268656716
44,GAM,0.37,0.9850746268656716
44,GAM,0.38,0.9850746268656716
44,GAM,0.39,0.9850746268656716
44,GAM,0.4,0.9850746268656716
44,GAM,0.41000000000000003,0.9850746268656716
44,GAM,0.42,0.9850746268656716
44,GAM,0.43,0.9850746268656716
44,GAM,0.44,1.0
44,GAM,0.45,1.0
44,GAM,0.46,1.0
44,GAM,0.47000000000000003,1.0
44,GAM,0.48,1.0
44,GAM,0.49,1.0
44,GAM,0.5,1.0
44,GAM,0.51,1.0
44,GAM,0.52,1.0
44,GAM,0.53,1.0
44,GAM,0.54,1.0
44,GAM,0.55,1.0
44,GAM,0.56,1.0
44,GAM,0.5700000000000001,1.0
44,GAM,0.58,1.0
44,GAM,0.59,1.0
44,GAM,0.6,1.0
44,GAM,0.61,1.0
44,GAM,0.62,1.0
44,GAM,0.63,1.0
44,GAM,0.64,1.0
44,GAM,0.65,1.0
44,GAM,0.66,1.0
44,GAM,0.67,1.0
44,GAM,0.68,1.0
44,GAM,0.6900000000000001,1.0
44,GAM,0.7000000000000001,1.0
44,GAM,0.71,1.0
44,GAM,0.72,1.0
44,GAM,0.73,1.0
44,GAM,0.74,1.0
44,GAM,0.75,1.0
44,GAM,0.76,1.0
44,GAM,0.77,1.0
44,GAM,0.78,1.0
44,GAM,0.79,1.0
44,GAM,0.8,1.0
44,GAM,0.81,1.0
44,GAM,0.8200000000000001,1.0
44,GAM,0.8300000000000001,1.0
44,GAM,0.84,1.0
44,GAM,0.85,1.0
44,GAM,0.86,1.0
44,GAM,0.87,1.0
44,GAM,0.88,1.0
44,GAM,0.89,1.0
44,GAM,0.9,1.0
44,GAM,0.91,1.0
44,GAM,0.92,1.0
44,GAM,0.93,1.0
44,GAM,0.9400000000000001,1.0
44,GAM,0.9500000000000001,1.0
44,GAM,0.96,1.0
44,GAM,0.97,1.0
44,GAM,0.98,1.0
44,GAM,0.99,1.0
44,GAM,1.0,1.0
45,GAM,0.0,0.0
45,GAM,0.01,0.6716417910447762
45,GAM,0.02,0.7611940298507462
45,GAM,0.03,0.7761194029850746
45,GAM,0.04,0.8059701492537313
45,GAM,0.05,0.8656716417910447
45,GAM,0.06,0.8656716417910447
45,GAM,0.07,0.8656716417910447
45,GAM,0.08,0.8955223880597015
45,GAM,0.09,0.9104477611940298
45,GAM,0.1,0.9552238805970149
45,GAM,0.11,0.9701492537313433
45,GAM,0.12,0.9701492537313433
45,GAM,0.13,0.9850746268656716
45,GAM,0.14,0.9850746268656716
45,GAM,0.15,0.9850746268656716
45,GAM,0.16,0.9850746268656716
45,GAM,0.17,0.9850746268656716
45,GAM,0.18,0.9850746268656716
45,GAM,0.19,0.9850746268656716
45,GAM,0.2,0.9850746268656716
45,GAM,0.21,0.9850746268656716
45,GAM,0.22,0.9850746268656716
45,GAM,0.23,0.9850746268656716
45,GAM,0.24,0.9850746268656716
45,GAM,0.25,0.9850746268656716
45,GAM,0.26,0.9850746268656716
45,GAM,0.27,0.9850746268656716
45,GAM,0.28,0.9850746268656716
45,GAM,0.29,0.9850746268656716
45,GAM,0.3,0.9850746268656716
45,GAM,0.31,0.9850746268656716
45,GAM,0.32,0.9850746268656716
45,GAM,0.33,0.9850746268656716
45,GAM,0.34,0.9850746268656716
45,GAM,0.35000000000000003,0.9850746268656716
45,GAM,0.36,0.9850746268656716
45,GAM,0.37,1.0
45,GAM,0.38,1.0
45,GAM,0.39,1.0
45,GAM,0.4,1.0
45,GAM,0.41000000000000003,1.0
45,GAM,0.42,1.0
45,GAM,0.43,1.0
45,GAM,0.44,1.0
45,GAM,0.45,1.0
45,GAM,0.46,1.0
45,GAM,0.47000000000000003,1.0
45,GAM,0.48,1.0
45,GAM,0.49,1.0
45,GAM,0.5,1.0
45,GAM,0.51,1.0
45,GAM,0.52,1.0
45,GAM,0.53,1.0
45,GAM,0.54,1.0
45,GAM,0.55,1.0
45,GAM,0.56,1.0
45,GAM,0.5700000000000001,1.0
45,GAM,0.58,1.0
45,GAM,0.59,1.0
45,GAM,0.6,1.0
45,GAM,0.61,1.0
45,GAM,0.62,1.0
45,GAM,0.63,1.0
45,GAM,0.64,1.0
45,GAM,0.65,1.0
45,GAM,0.66,1.0
45,GAM,0.67,1.0
45,GAM,0.68,1.0
45,GAM,0.6900000000000001,1.0
45,GAM,0.7000000000000001,1.0
45,GAM,0.71,1.0
45,GAM,0.72,1.0
45,GAM,0.73,1.0
45,GAM,0.74,1.0
45,GAM,0.75,1.0
45,GAM,0.76,1.0
45,GAM,0.77,1.0
45,GAM,0.78,1.0
45,GAM,0.79,1.0
45,GAM,0.8,1.0
45,GAM,0.81,1.0
45,GAM,0.8200000000000001,1.0
45,GAM,0.8300000000000001,1.0
45,GAM,0.84,1.0
45,GAM,0.85,1.0
45,GAM,0.86,1.0
45,GAM,0.87,1.0
45,GAM,0.88,1.0
45,GAM,0.89,1.0
45,GAM,0.9,1.0
45,GAM,0.91,1.0
45,GAM,0.92,1.0
45,GAM,0.93,1.0
45,GAM,0.9400000000000001,1.0
45,GAM,0.9500000000000001,1.0
45,GAM,0.96,1.0
45,GAM,0.97,1.0
45,GAM,0.98,1.0
45,GAM,0.99,1.0
45,GAM,1.0,1.0
46,GAM,0.0,0.0
46,GAM,0.01,0.208955223880597
46,GAM,0.02,0.417910447761194
46,GAM,0.03,0.6268656716417911
46,GAM,0.04,0.7014925373134329
46,GAM,0.05,0.7761194029850746
46,GAM,0.06,0.8208955223880597
46,GAM,0.07,0.835820895522388
46,GAM,0.08,0.835820895522388
46,GAM,0.09,0.8805970149253731
46,GAM,0.1,0.8805970149253731
46,GAM,0.11,0.8955223880597015
46,GAM,0.12,0.8955223880597015
46,GAM,0.13,0.9104477611940298
46,GAM,0.14,0.9104477611940298
46,GAM,0.15,0.9104477611940298
46,GAM,0.16,0.9104477611940298
46,GAM,0.17,0.9253731343283582
46,GAM,0.18,0.9253731343283582
46,GAM,0.19,0.9253731343283582
46,GAM,0.2,0.9253731343283582
46,GAM,0.21,0.9253731343283582
46,GAM,0.22,0.9253731343283582
46,GAM,0.23,0.9253731343283582
46,GAM,0.24,0.9253731343283582
46,GAM,0.25,0.9253731343283582
46,GAM,0.26,0.9253731343283582
46,GAM,0.27,0.9253731343283582
46,GAM,0.28,0.9253731343283582
46,GAM,0.29,0.9253731343283582
46,GAM,0.3,0.9253731343283582
46,GAM,0.31,0.9253731343283582
46,GAM,0.32,0.9253731343283582
46,GAM,0.33,0.9253731343283582
46,GAM,0.34,0.9253731343283582
46,GAM,0.35000000000000003,0.9253731343283582
46,GAM,0.36,0.9253731343283582
46,GAM,0.37,0.9253731343283582
46,GAM,0.38,0.9253731343283582
46,GAM,0.39,0.9253731343283582
46,GAM,0.4,0.9253731343283582
46,GAM,0.41000000000000003,0.9253731343283582
46,GAM,0.42,0.9253731343283582
46,GAM,0.43,0.9253731343283582
46,GAM,0.44,0.9253731343283582
46,GAM,0.45,0.9253731343283582
46,GAM,0.46,0.9402985074626866
46,GAM,0.47000000000000003,0.9402985074626866
46,GAM,0.48,0.9402985074626866
46,GAM,0.49,0.9402985074626866
46,GAM,0.5,0.9402985074626866
46,GAM,0.51,0.9402985074626866
46,GAM,0.52,0.9402985074626866
46,GAM,0.53,0.9402985074626866
46,GAM,0.54,0.9402985074626866
46,GAM,0.55,0.9552238805970149
46,GAM,0.56,0.9552238805970149
46,GAM,0.5700000000000001,0.9552238805970149
46,GAM,0.58,0.9552238805970149
46,GAM,0.59,0.9552238805970149
46,GAM,0.6,0.9552238805970149
46,GAM,0.61,0.9552238805970149
46,GAM,0.62,0.9552238805970149
46,GAM,0.63,0.9552238805970149
46,GAM,0.64,0.9552238805970149
46,GAM,0.65,0.9552238805970149
46,GAM,0.66,0.9552238805970149
46,GAM,0.67,0.9552238805970149
46,GAM,0.68,0.9552238805970149
46,GAM,0.6900000000000001,0.9552238805970149
46,GAM,0.7000000000000001,0.9701492537313433
46,GAM,0.71,0.9701492537313433
46,GAM,0.72,0.9701492537313433
46,GAM,0.73,0.9701492537313433
46,GAM,0.74,0.9701492537313433
46,GAM,0.75,0.9701492537313433
46,GAM,0.76,0.9701492537313433
46,GAM,0.77,0.9701492537313433
46,GAM,0.78,0.9850746268656716
46,GAM,0.79,0.9850746268656716
46,GAM,0.8,0.9850746268656716
46,GAM,0.81,0.9850746268656716
46,GAM,0.8200000000000001,1.0
46,GAM,0.8300000000000001,1.0
46,GAM,0.84,1.0
46,GAM,0.85,1.0
46,GAM,0.86,1.0
46,GAM,0.87,1.0
46,GAM,0.88,1.0
46,GAM,0.89,1.0
46,GAM,0.9,1.0
46,GAM,0.91,1.0
46,GAM,0.92,1.0
46,GAM,0.93,1.0
46,GAM,0.9400000000000001,1.0
46,GAM,0.9500000000000001,1.0
46,GAM,0.96,1.0
46,GAM,0.97,1.0
46,GAM,0.98,1.0
46,GAM,0.99,1.0
46,GAM,1.0,1.0
47,GAM,0.0,0.0
47,GAM,0.01,0.5
47,GAM,0.02,0.6818181818181818
47,GAM,0.03,0.7424242424242424
47,GAM,0.04,0.7575757575757576
47,GAM,0.05,0.7878787878787878
47,GAM,0.06,0.8333333333333334
47,GAM,0.07,0.8333333333333334
47,GAM,0.08,0.8333333333333334
47,GAM,0.09,0.8787878787878788
47,GAM,0.1,0.8787878787878788
47,GAM,0.11,0.8787878787878788
47,GAM,0.12,0.9242424242424242
47,GAM,0.13,0.9393939393939394
47,GAM,0.14,0.9848484848484849
47,GAM,0.15,0.9848484848484849
47,GAM,0.16,0.9848484848484849
47,GAM,0.17,0.9848484848484849
47,GAM,0.18,0.9848484848484849
47,GAM,0.19,0.9848484848484849
47,GAM,0.2,0.9848484848484849
47,GAM,0.21,0.9848484848484849
47,GAM,0.22,0.9848484848484849
47,GAM,0.23,0.9848484848484849
47,GAM,0.24,0.9848484848484849
47,GAM,0.25,0.9848484848484849
47,GAM,0.26,0.9848484848484849
47,GAM,0.27,0.9848484848484849
47,GAM,0.28,0.9848484848484849
47,GAM,0.29,0.9848484848484849
47,GAM,0.3,0.9848484848484849
47,GAM,0.31,0.9848484848484849
47,GAM,0.32,0.9848484848484849
47,GAM,0.33,0.9848484848484849
47,GAM,0.34,0.9848484848484849
47,GAM,0.35000000000000003,0.9848484848484849
47,GAM,0.36,0.9848484848484849
47,GAM,0.37,0.9848484848484849
47,GAM,0.38,0.9848484848484849
47,GAM,0.39,0.9848484848484849
47,GAM,0.4,0.9848484848484849
47,GAM,0.41000000000000003,0.9848484848484849
47,GAM,0.42,0.9848484848484849
47,GAM,0.43,0.9848484848484849
47,GAM,0.44,0.9848484848484849
47,GAM,0.45,0.9848484848484849
47,GAM,0.46,0.9848484848484849
47,GAM,0.47000000000000003,0.9848484848484849
47,GAM,0.48,0.9848484848484849
47,GAM,0.49,0.9848484848484849
47,GAM,0.5,0.9848484848484849
47,GAM,0.51,0.9848484848484849
47,GAM,0.52,0.9848484848484849
47,GAM,0.53,0.9848484848484849
47,GAM,0.54,0.9848484848484849
47,GAM,0.55,0.9848484848484849
47,GAM,0.56,0.9848484848484849
47,GAM,0.5700000000000001,0.9848484848484849
47,GAM,0.58,0.9848484848484849
47,GAM,0.59,0.9848484848484849
47,GAM,0.6,0.9848484848484849
47,GAM,0.61,0.9848484848484849
47,GAM,0.62,0.9848484848484849
47,GAM,0.63,0.9848484848484849
47,GAM,0.64,0.9848484848484849
47,GAM,0.65,0.9848484848484849
47,GAM,0.66,0.9848484848484849
47,GAM,0.67,0.9848484848484849
47,GAM,0.68,0.9848484848484849
47,GAM,0.6900000000000001,0.9848484848484849
47,GAM,0.7000000000000001,0.9848484848484849
47,GAM,0.71,1.0
47,GAM,0.72,1.0
47,GAM,0.73,1.0
47,GAM,0.74,1.0
47,GAM,0.75,1.0
47,GAM,0.76,1.0
47,GAM,0.77,1.0
47,GAM,0.78,1.0
47,GAM,0.79,1.0
47,GAM,0.8,1.0
47,GAM,0.81,1.0
47,GAM,0.8200000000000001,1.0
47,GAM,0.8300000000000001,1.0
47,GAM,0.84,1.0
47,GAM,0.85,1.0
47,GAM,0.86,1.0
47,GAM,0.87,1.0
47,GAM,0.88,1.0
47,GAM,0.89,1.0
47,GAM,0.9,1.0
47,GAM,0.91,1.0
47,GAM,0.92,1.0
47,GAM,0.93,1.0
47,GAM,0.9400000000000001,1.0
47,GAM,0.9500000000000001,1.0
47,GAM,0.96,1.0
47,GAM,0.97,1.0
47,GAM,0.98,1.0
47,GAM,0.99,1.0
47,GAM,1.0,1.0
48,GAM,0.0,0.0
48,GAM,0.01,0.3181818181818182
48,GAM,0.02,0.36363636363636365
48,GAM,0.03,0.5151515151515151
48,GAM,0.04,0.6363636363636364
48,GAM,0.05,0.7272727272727273
48,GAM,0.06,0.7272727272727273
48,GAM,0.07,0.7878787878787878
48,GAM,0.08,0.7878787878787878
48,GAM,0.09,0.8484848484848485
48,GAM,0.1,0.9393939393939394
48,GAM,0.11,0.9393939393939394
48,GAM,0.12,0.9393939393939394
48,GAM,0.13,0.9393939393939394
48,GAM,0.14,0.9393939393939394
48,GAM,0.15,0.9393939393939394
48,GAM,0.16,0.9545454545454546
48,GAM,0.17,0.9696969696969697
48,GAM,0.18,0.9848484848484849
48,GAM,0.19,0.9848484848484849
48,GAM,0.2,0.9848484848484849
48,GAM,0.21,0.9848484848484849
48,GAM,0.22,0.9848484848484849
48,GAM,0.23,0.9848484848484849
48,GAM,0.24,0.9848484848484849
48,GAM,0.25,0.9848484848484849
48,GAM,0.26,0.9848484848484849
48,GAM,0.27,0.9848484848484849
48,GAM,0.28,0.9848484848484849
48,GAM,0.29,0.9848484848484849
48,GAM,0.3,0.9848484848484849
48,GAM,0.31,0.9848484848484849
48,GAM,0.32,0.9848484848484849
48,GAM,0.33,0.9848484848484849
48,GAM,0.34,0.9848484848484849
48,GAM,0.35000000000000003,0.9848484848484849
48,GAM,0.36,0.9848484848484849
48,GAM,0.37,0.9848484848484849
48,GAM,0.38,0.9848484848484849
48,GAM,0.39,0.9848484848484849
48,GAM,0.4,0.9848484848484849
48,GAM,0.41000000000000003,0.9848484848484849
48,GAM,0.42,0.9848484848484849
48,GAM,0.43,0.9848484848484849
48,GAM,0.44,0.9848484848484849
48,GAM,0.45,0.9848484848484849
48,GAM,0.46,0.9848484848484849
48,GAM,0.47000000000000003,0.9848484848484849
48,GAM,0.48,0.9848484848484849
48,GAM,0.49,0.9848484848484849
48,GAM,0.5,0.9848484848484849
48,GAM,0.51,0.9848484848484849
48,GAM,0.52,0.9848484848484849
48,GAM,0.53,0.9848484848484849
48,GAM,0.54,0.9848484848484849
48,GAM,0.55,0.9848484848484849
48,GAM,0.56,0.9848484848484849
48,GAM,0.5700000000000001,0.9848484848484849
48,GAM,0.58,0.9848484848484849
48,GAM,0.59,0.9848484848484849
48,GAM,0.6,0.9848484848484849
48,GAM,0.61,0.9848484848484849
48,GAM,0.62,0.9848484848484849
48,GAM,0.63,0.9848484848484849
48,GAM,0.64,0.9848484848484849
48,GAM,0.65,0.9848484848484849
48,GAM,0.66,0.9848484848484849
48,GAM,0.67,0.9848484848484849
48,GAM,0.68,0.9848484848484849
48,GAM,0.6900000000000001,1.0
48,GAM,0.7000000000000001,1.0
48,GAM,0.71,1.0
48,GAM,0.72,1.0
48,GAM,0.73,1.0
48,GAM,0.74,1.0
48,GAM,0.75,1.0
48,GAM,0.76,1.0
48,GAM,0.77,1.0
48,GAM,0.78,1.0
48,GAM,0.79,1.0
48,GAM,0.8,1.0
48,GAM,0.81,1.0
48,GAM,0.8200000000000001,1.0
48,GAM,0.8300000000000001,1.0
48,GAM,0.84,1.0
48,GAM,0.85,1.0
48,GAM,0.86,1.0
48,GAM,0.87,1.0
48,GAM,0.88,1.0
48,GAM,0.89,1.0
48,GAM,0.9,1.0
48,GAM,0.91,1.0
48,GAM,0.92,1.0
48,GAM,0.93,1.0
48,GAM,0.9400000000000001,1.0
48,GAM,0.9500000000000001,1.0
48,GAM,0.96,1.0
48,GAM,0.97,1.0
48,GAM,0.98,1.0
48,GAM,0.99,1.0
48,GAM,1.0,1.0
49,GAM,0.0,0.0
49,GAM,0.01,0.5522388059701493
49,GAM,0.02,0.5522388059701493
49,GAM,0.03,0.6417910447761194
49,GAM,0.04,0.7313432835820896
49,GAM,0.05,0.7313432835820896
49,GAM,0.06,0.835820895522388
49,GAM,0.07,0.8805970149253731
49,GAM,0.08,0.8805970149253731
49,GAM,0.09,0.8805970149253731
49,GAM,0.1,0.8805970149253731
49,GAM,0.11,0.8805970149253731
49,GAM,0.12,0.8805970149253731
49,GAM,0.13,0.9104477611940298
49,GAM,0.14,0.9104477611940298
49,GAM,0.15,0.9104477611940298
49,GAM,0.16,0.9253731343283582
49,GAM,0.17,0.9402985074626866
49,GAM,0.18,0.9402985074626866
49,GAM,0.19,0.9402985074626866
49,GAM,0.2,0.9402985074626866
49,GAM,0.21,0.9402985074626866
49,GAM,0.22,0.9402985074626866
49,GAM,0.23,0.9402985074626866
49,GAM,0.24,0.9402985074626866
49,GAM,0.25,0.9402985074626866
49,GAM,0.26,0.9402985074626866
49,GAM,0.27,0.9402985074626866
49,GAM,0.28,0.9402985074626866
49,GAM,0.29,0.9402985074626866
49,GAM,0.3,0.9402985074626866
49,GAM,0.31,0.9402985074626866
49,GAM,0.32,0.9701492537313433
49,GAM,0.33,0.9701492537313433
49,GAM,0.34,0.9701492537313433
49,GAM,0.35000000000000003,0.9701492537313433
49,GAM,0.36,0.9701492537313433
49,GAM,0.37,0.9701492537313433
49,GAM,0.38,0.9701492537313433
49,GAM,0.39,0.9701492537313433
49,GAM,0.4,0.9701492537313433
49,GAM,0.41000000000000003,0.9701492537313433
49,GAM,0.42,0.9701492537313433
49,GAM,0.43,0.9701492537313433
49,GAM,0.44,0.9701492537313433
49,GAM,0.45,0.9701492537313433
49,GAM,0.46,0.9701492537313433
49,GAM,0.47000000000000003,0.9701492537313433
49,GAM,0.48,0.9701492537313433
49,GAM,0.49,0.9701492537313433
49,GAM,0.5,0.9701492537313433
49,GAM,0.51,0.9701492537313433
49,GAM,0.52,0.9701492537313433
49,GAM,0.53,0.9701492537313433
49,GAM,0.54,0.9701492537313433
49,GAM,0.55,0.9701492537313433
49,GAM,0.56,0.9701492537313433
49,GAM,0.5700000000000001,0.9701492537313433
49,GAM,0.58,0.9701492537313433
49,GAM,0.59,0.9701492537313433
49,GAM,0.6,0.9701492537313433
49,GAM,0.61,0.9701492537313433
49,GAM,0.62,0.9701492537313433
49,GAM,0.63,0.9701492537313433
49,GAM,0.64,0.9701492537313433
49,GAM,0.65,0.9701492537313433
49,GAM,0.66,0.9701492537313433
49,GAM,0.67,0.9701492537313433
49,GAM,0.68,0.9701492537313433
49,GAM,0.6900000000000001,0.9701492537313433
49,GAM,0.7000000000000001,0.9701492537313433
49,GAM,0.71,0.9701492537313433
49,GAM,0.72,0.9701492537313433
49,GAM,0.73,0.9701492537313433
49,GAM,0.74,0.9701492537313433
49,GAM,0.75,0.9701492537313433
49,GAM,0.76,0.9701492537313433
49,GAM,0.77,0.9701492537313433
49,GAM,0.78,0.9701492537313433
49,GAM,0.79,0.9701492537313433
49,GAM,0.8,0.9701492537313433
49,GAM,0.81,0.9701492537313433
49,GAM,0.8200000000000001,1.0
49,GAM,0.8300000000000001,1.0
49,GAM,0.84,1.0
49,GAM,0.85,1.0
49,GAM,0.86,1.0
49,GAM,0.87,1.0
49,GAM,0.88,1.0
49,GAM,0.89,1.0
49,GAM,0.9,1.0
49,GAM,0.91,1.0
49,GAM,0.92,1.0
49,GAM,0.93,1.0
49,GAM,0.9400000000000001,1.0
49,GAM,0.9500000000000001,1.0
49,GAM,0.96,1.0
49,GAM,0.97,1.0
49,GAM,0.98,1.0
49,GAM,0.99,1.0
49,GAM,1.0,1.0
50,GAM,0.0,0.0
50,GAM,0.01,0.19402985074626866
50,GAM,0.02,0.208955223880597
50,GAM,0.03,0.23880597014925373
50,GAM,0.04,0.44776119402985076
50,GAM,0.05,0.5223880597014925
50,GAM,0.06,0.5671641791044776
50,GAM,0.07,0.746268656716418
50,GAM,0.08,0.8059701492537313
50,GAM,0.09,0.8059701492537313
50,GAM,0.1,0.835820895522388
50,GAM,0.11,0.835820895522388
50,GAM,0.12,0.835820895522388
50,GAM,0.13,0.8955223880597015
50,GAM,0.14,0.8955223880597015
50,GAM,0.15,0.8955223880597015
50,GAM,0.16,0.9104477611940298
50,GAM,0.17,0.9253731343283582
50,GAM,0.18,0.9253731343283582
50,GAM,0.19,0.9253731343283582
50,GAM,0.2,0.9253731343283582
50,GAM,0.21,0.9552238805970149
50,GAM,0.22,0.9552238805970149
50,GAM,0.23,0.9552238805970149
50,GAM,0.24,0.9552238805970149
50,GAM,0.25,0.9701492537313433
50,GAM,0.26,0.9701492537313433
50,GAM,0.27,0.9701492537313433
50,GAM,0.28,0.9701492537313433
50,GAM,0.29,0.9701492537313433
50,GAM,0.3,0.9701492537313433
50,GAM,0.31,0.9701492537313433
50,GAM,0.32,0.9701492537313433
50,GAM,0.33,0.9701492537313433
50,GAM,0.34,0.9701492537313433
50,GAM,0.35000000000000003,0.9701492537313433
50,GAM,0.36,0.9701492537313433
50,GAM,0.37,0.9701492537313433
50,GAM,0.38,0.9701492537313433
50,GAM,0.39,0.9701492537313433
50,GAM,0.4,0.9701492537313433
50,GAM,0.41000000000000003,0.9701492537313433
50,GAM,0.42,0.9701492537313433
50,GAM,0.43,0.9850746268656716
50,GAM,0.44,0.9850746268656716
50,GAM,0.45,0.9850746268656716
50,GAM,0.46,0.9850746268656716
50,GAM,0.47000000000000003,0.9850746268656716
50,GAM,0.48,0.9850746268656716
50,GAM,0.49,0.9850746268656716
50,GAM,0.5,0.9850746268656716
50,GAM,0.51,0.9850746268656716
50,GAM,0.52,0.9850746268656716
50,GAM,0.53,0.9850746268656716
50,GAM,0.54,0.9850746268656716
50,GAM,0.55,0.9850746268656716
50,GAM,0.56,0.9850746268656716
50,GAM,0.5700000000000001,0.9850746268656716
50,GAM,0.58,0.9850746268656716
50,GAM,0.59,0.9850746268656716
50,GAM,0.6,0.9850746268656716
50,GAM,0.61,0.9850746268656716
50,GAM,0.62,0.9850746268656716
50,GAM,0.63,0.9850746268656716
50,GAM,0.64,0.9850746268656716
50,GAM,0.65,0.9850746268656716
50,GAM,0.66,0.9850746268656716
50,GAM,0.67,1.0
50,GAM,0.68,1.0
50,GAM,0.6900000000000001,1.0
50,GAM,0.7000000000000001,1.0
50,GAM,0.71,1.0
50,GAM,0.72,1.0
50,GAM,0.73,1.0
50,GAM,0.74,1.0
50,GAM,0.75,1.0
50,GAM,0.76,1.0
50,GAM,0.77,1.0
50,GAM,0.78,1.0
50,GAM,0.79,1.0
50,GAM,0.8,1.0
50,GAM,0.81,1.0
50,GAM,0.8200000000000001,1.0
50,GAM,0.8300000000000001,1.0
50,GAM,0.84,1.0
50,GAM,0.85,1.0
50,GAM,0.86,1.0
50,GAM,0.87,1.0
50,GAM,0.88,1.0
50,GAM,0.89,1.0
50,GAM,0.9,1.0
50,GAM,0.91,1.0
50,GAM,0.92,1.0
50,GAM,0.93,1.0
50,GAM,0.9400000000000001,1.0
50,GAM,0.9500000000000001,1.0
50,GAM,0.96,1.0
50,GAM,0.97,1.0
50,GAM,0.98,1.0
50,GAM,0.99,1.0
50,GAM,1.0,1.0
51,GAM,0.0,0.0
51,GAM,0.01,0.43283582089552236
51,GAM,0.02,0.5671641791044776
51,GAM,0.03,0.8208955223880597
51,GAM,0.04,0.8656716417910447
51,GAM,0.05,0.8656716417910447
51,GAM,0.06,0.8805970149253731
51,GAM,0.07,0.8955223880597015
51,GAM,0.08,0.8955223880597015
51,GAM,0.09,0.8955223880597015
51,GAM,0.1,0.9253731343283582
51,GAM,0.11,0.9552238805970149
51,GAM,0.12,0.9552238805970149
51,GAM,0.13,0.9552238805970149
51,GAM,0.14,0.9552238805970149
51,GAM,0.15,0.9552238805970149
51,GAM,0.16,0.9552238805970149
51,GAM,0.17,0.9552238805970149
51,GAM,0.18,0.9552238805970149
51,GAM,0.19,0.9701492537313433
51,GAM,0.2,0.9701492537313433
51,GAM,0.21,0.9701492537313433
51,GAM,0.22,0.9701492537313433
51,GAM,0.23,0.9701492537313433
51,GAM,0.24,0.9701492537313433
51,GAM,0.25,0.9701492537313433
51,GAM,0.26,0.9701492537313433
51,GAM,0.27,0.9701492537313433
51,GAM,0.28,0.9701492537313433
51,GAM,0.29,0.9701492537313433
51,GAM,0.3,0.9701492537313433
51,GAM,0.31,1.0
51,GAM,0.32,1.0
51,GAM,0.33,1.0
51,GAM,0.34,1.0
51,GAM,0.35000000000000003,1.0
51,GAM,0.36,1.0
51,GAM,0.37,1.0
51,GAM,0.38,1.0
51,GAM,0.39,1.0
51,GAM,0.4,1.0
51,GAM,0.41000000000000003,1.0
51,GAM,0.42,1.0
51,GAM,0.43,1.0
51,GAM,0.44,1.0
51,GAM,0.45,1.0
51,GAM,0.46,1.0
51,GAM,0.47000000000000003,1.0
51,GAM,0.48,1.0
51,GAM,0.49,1.0
51,GAM,0.5,1.0
51,GAM,0.51,1.0
51,GAM,0.52,1.0
51,GAM,0.53,1.0
51,GAM,0.54,1.0
51,GAM,0.55,1.0
51,GAM,0.56,1.0
51,GAM,0.5700000000000001,1.0
51,GAM,0.58,1.0
51,GAM,0.59,1.0
51,GAM,0.6,1.0
51,GAM,0.61,1.0
51,GAM,0.62,1.0
51,GAM,0.63,1.0
51,GAM,0.64,1.0
51,GAM,0.65,1.0
51,GAM,0.66,1.0
51,GAM,0.67,1.0
51,GAM,0.68,1.0
51,GAM,0.6900000000000001,1.0
51,GAM,0.7000000000000001,1.0
51,GAM,0.71,1.0
51,GAM,0.72,1.0
51,GAM,0.73,1.0
51,GAM,0.74,1.0
51,GAM,0.75,1.0
51,GAM,0.76,1.0
51,GAM,0.77,1.0
51,GAM,0.78,1.0
51,GAM,0.79,1.0
51,GAM,0.8,1.0
51,GAM,0.81,1.0
51,GAM,0.8200000000000001,1.0
51,GAM,0.8300000000000001,1.0
51,GAM,0.84,1.0
51,GAM,0.85,1.0
51,GAM,0.86,1.0
51,GAM,0.87,1.0
51,GAM,0.88,1.0
51,GAM,0.89,1.0
51,GAM,0.9,1.0
51,GAM,0.91,1.0
51,GAM,0.92,1.0
51,GAM,0.93,1.0
51,GAM,0.9400000000000001,1.0
51,GAM,0.9500000000000001,1.0
51,GAM,0.96,1.0
51,GAM,0.97,1.0
51,GAM,0.98,1.0
51,GAM,0.99,1.0
51,GAM,1.0,1.0
52,GAM,0.0,0.0
52,GAM,0.01,0.16666666666666666
52,GAM,0.02,0.19696969696969696
52,GAM,0.03,0.5454545454545454
52,GAM,0.04,0.6212121212121212
52,GAM,0.05,0.6666666666666666
52,GAM,0.06,0.8333333333333334
52,GAM,0.07,0.8787878787878788
52,GAM,0.08,0.8939393939393939
52,GAM,0.09,0.8939393939393939
52,GAM,0.1,0.9090909090909091
52,GAM,0.11,0.9090909090909091
52,GAM,0.12,0.9242424242424242
52,GAM,0.13,0.9242424242424242
52,GAM,0.14,0.9242424242424242
52,GAM,0.15,0.9393939393939394
52,GAM,0.16,0.9545454545454546
52,GAM,0.17,0.9545454545454546
52,GAM,0.18,0.9545454545454546
52,GAM,0.19,0.9545454545454546
52,GAM,0.2,0.9848484848484849
52,GAM,0.21,0.9848484848484849
52,GAM,0.22,0.9848484848484849
52,GAM,0.23,0.9848484848484849
52,GAM,0.24,0.9848484848484849
52,GAM,0.25,0.9848484848484849
52,GAM,0.26,0.9848484848484849
52,GAM,0.27,0.9848484848484849
52,GAM,0.28,0.9848484848484849
52,GAM,0.29,0.9848484848484849
52,GAM,0.3,0.9848484848484849
52,GAM,0.31,0.9848484848484849
52,GAM,0.32,0.9848484848484849
52,GAM,0.33,0.9848484848484849
52,GAM,0.34,0.9848484848484849
52,GAM,0.35000000000000003,0.9848484848484849
52,GAM,0.36,0.9848484848484849
52,GAM,0.37,0.9848484848484849
52,GAM,0.38,0.9848484848484849
52,GAM,0.39,0.9848484848484849
52,GAM,0.4,0.9848484848484849
52,GAM,0.41000000000000003,0.9848484848484849
52,GAM,0.42,0.9848484848484849
52,GAM,0.43,0.9848484848484849
52,GAM,0.44,0.9848484848484849
52,GAM,0.45,0.9848484848484849
52,GAM,0.46,0.9848484848484849
52,GAM,0.47000000000000003,0.9848484848484849
52,GAM,0.48,0.9848484848484849
52,GAM,0.49,0.9848484848484849
52,GAM,0.5,0.9848484848484849
52,GAM,0.51,0.9848484848484849
52,GAM,0.52,0.9848484848484849
52,GAM,0.53,0.9848484848484849
52,GAM,0.54,0.9848484848484849
52,GAM,0.55,0.9848484848484849
52,GAM,0.56,0.9848484848484849
52,GAM,0.5700000000000001,0.9848484848484849
52,GAM,0.58,0.9848484848484849
52,GAM,0.59,0.9848484848484849
52,GAM,0.6,0.9848484848484849
52,GAM,0.61,0.9848484848484849
52,GAM,0.62,0.9848484848484849
52,GAM,0.63,0.9848484848484849
52,GAM,0.64,0.9848484848484849
52,GAM,0.65,0.9848484848484849
52,GAM,0.66,0.9848484848484849
52,GAM,0.67,0.9848484848484849
52,GAM,0.68,0.9848484848484849
52,GAM,0.6900000000000001,0.9848484848484849
52,GAM,0.7000000000000001,0.9848484848484849
52,GAM,0.71,0.9848484848484849
52,GAM,0.72,0.9848484848484849
52,GAM,0.73,0.9848484848484849
52,GAM,0.74,0.9848484848484849
52,GAM,0.75,0.9848484848484849
52,GAM,0.76,0.9848484848484849
52,GAM,0.77,0.9848484848484849
52,GAM,0.78,0.9848484848484849
52,GAM,0.79,1.0
52,GAM,0.8,1.0
52,GAM,0.81,1.0
52,GAM,0.8200000000000001,1.0
52,GAM,0.8300000000000001,1.0
52,GAM,0.84,1.0
52,GAM,0.85,1.0
52,GAM,0.86,1.0
52,GAM,0.87,1.0
52,GAM,0.88,1.0
52,GAM,0.89,1.0
52,GAM,0.9,1.0
52,GAM,0.91,1.0
52,GAM,0.92,1.0
52,GAM,0.93,1.0
52,GAM,0.9400000000000001,1.0
52,GAM,0.9500000000000001,1.0
52,GAM,0.96,1.0
52,GAM,0.97,1.0
52,GAM,0.98,1.0
52,GAM,0.99,1.0
52,GAM,1.0,1.0
53,GAM,0.0,0.0
53,GAM,0.01,0.417910447761194
53,GAM,0.02,0.6567164179104478
53,GAM,0.03,0.7014925373134329
53,GAM,0.04,0.7164179104477612
53,GAM,0.05,0.7313432835820896
53,GAM,0.06,0.746268656716418
53,GAM,0.07,0.7910447761194029
53,GAM,0.08,0.8059701492537313
53,GAM,0.09,0.8208955223880597
53,GAM,0.1,0.8805970149253731
53,GAM,0.11,0.8805970149253731
53,GAM,0.12,0.8955223880597015
53,GAM,0.13,0.8955223880597015
53,GAM,0.14,0.8955223880597015
53,GAM,0.15,0.9402985074626866
53,GAM,0.16,0.9552238805970149
53,GAM,0.17,0.9701492537313433
53,GAM,0.18,0.9701492537313433
53,GAM,0.19,0.9701492537313433
53,GAM,0.2,0.9850746268656716
53,GAM,0.21,0.9850746268656716
53,GAM,0.22,0.9850746268656716
53,GAM,0.23,0.9850746268656716
53,GAM,0.24,0.9850746268656716
53,GAM,0.25,0.9850746268656716
53,GAM,0.26,0.9850746268656716
53,GAM,0.27,0.9850746268656716
53,GAM,0.28,0.9850746268656716
53,GAM,0.29,0.9850746268656716
53,GAM,0.3,0.9850746268656716
53,GAM,0.31,0.9850746268656716
53,GAM,0.32,0.9850746268656716
53,GAM,0.33,0.9850746268656716
53,GAM,0.34,0.9850746268656716
53,GAM,0.35000000000000003,0.9850746268656716
53,GAM,0.36,0.9850746268656716
53,GAM,0.37,0.9850746268656716
53,GAM,0.38,0.9850746268656716
53,GAM,0.39,0.9850746268656716
53,GAM,0.4,0.9850746268656716
53,GAM,0.41000000000000003,0.9850746268656716
53,GAM,0.42,0.9850746268656716
53,GAM,0.43,0.9850746268656716
53,GAM,0.44,0.9850746268656716
53,GAM,0.45,0.9850746268656716
53,GAM,0.46,0.9850746268656716
53,GAM,0.47000000000000003,0.9850746268656716
53,GAM,0.48,0.9850746268656716
53,GAM,0.49,0.9850746268656716
53,GAM,0.5,0.9850746268656716
53,GAM,0.51,0.9850746268656716
53,GAM,0.52,0.9850746268656716
53,GAM,0.53,0.9850746268656716
53,GAM,0.54,0.9850746268656716
53,GAM,0.55,0.9850746268656716
53,GAM,0.56,0.9850746268656716
53,GAM,0.5700000000000001,0.9850746268656716
53,GAM,0.58,0.9850746268656716
53,GAM,0.59,0.9850746268656716
53,GAM,0.6,0.9850746268656716
53,GAM,0.61,0.9850746268656716
53,GAM,0.62,0.9850746268656716
53,GAM,0.63,0.9850746268656716
53,GAM,0.64,0.9850746268656716
53,GAM,0.65,0.9850746268656716
53,GAM,0.66,0.9850746268656716
53,GAM,0.67,0.9850746268656716
53,GAM,0.68,0.9850746268656716
53,GAM,0.6900000000000001,0.9850746268656716
53,GAM,0.7000000000000001,0.9850746268656716
53,GAM,0.71,0.9850746268656716
53,GAM,0.72,0.9850746268656716
53,GAM,0.73,0.9850746268656716
53,GAM,0.74,0.9850746268656716
53,GAM,0.75,0.9850746268656716
53,GAM,0.76,0.9850746268656716
53,GAM,0.77,0.9850746268656716
53,GAM,0.78,1.0
53,GAM,0.79,1.0
53,GAM,0.8,1.0
53,GAM,0.81,1.0
53,GAM,0.8200000000000001,1.0
53,GAM,0.8300000000000001,1.0
53,GAM,0.84,1.0
53,GAM,0.85,1.0
53,GAM,0.86,1.0
53,GAM,0.87,1.0
53,GAM,0.88,1.0
53,GAM,0.89,1.0
53,GAM,0.9,1.0
53,GAM,0.91,1.0
53,GAM,0.92,1.0
53,GAM,0.93,1.0
53,GAM,0.9400000000000001,1.0
53,GAM,0.9500000000000001,1.0
53,GAM,0.96,1.0
53,GAM,0.97,1.0
53,GAM,0.98,1.0
53,GAM,0.99,1.0
53,GAM,1.0,1.0
54,GAM,0.0,0.0
54,GAM,0.01,0.40298507462686567
54,GAM,0.02,0.417910447761194
54,GAM,0.03,0.5074626865671642
54,GAM,0.04,0.5223880597014925
54,GAM,0.05,0.5970149253731343
54,GAM,0.06,0.6268656716417911
54,GAM,0.07,0.7313432835820896
54,GAM,0.08,0.7313432835820896
54,GAM,0.09,0.7313432835820896
54,GAM,0.1,0.8805970149253731
54,GAM,0.11,0.8955223880597015
54,GAM,0.12,0.9104477611940298
54,GAM,0.13,0.9253731343283582
54,GAM,0.14,0.9253731343283582
54,GAM,0.15,0.9253731343283582
54,GAM,0.16,0.9402985074626866
54,GAM,0.17,0.9402985074626866
54,GAM,0.18,0.9402985074626866
54,GAM,0.19,0.9552238805970149
54,GAM,0.2,0.9552238805970149
54,GAM,0.21,0.9552238805970149
54,GAM,0.22,0.9552238805970149
54,GAM,0.23,0.9552238805970149
54,GAM,0.24,0.9552238805970149
54,GAM,0.25,0.9552238805970149
54,GAM,0.26,0.9552238805970149
54,GAM,0.27,0.9552238805970149
54,GAM,0.28,0.9552238805970149
54,GAM,0.29,0.9552238805970149
54,GAM,0.3,0.9552238805970149
54,GAM,0.31,0.9552238805970149
54,GAM,0.32,0.9552238805970149
54,GAM,0.33,0.9552238805970149
54,GAM,0.34,0.9552238805970149
54,GAM,0.35000000000000003,0.9552238805970149
54,GAM,0.36,0.9552238805970149
54,GAM,0.37,0.9552238805970149
54,GAM,0.38,0.9552238805970149
54,GAM,0.39,0.9552238805970149
54,GAM,0.4,0.9552238805970149
54,GAM,0.41000000000000003,0.9552238805970149
54,GAM,0.42,0.9552238805970149
54,GAM,0.43,0.9850746268656716
54,GAM,0.44,0.9850746268656716
54,GAM,0.45,1.0
54,GAM,0.46,1.0
54,GAM,0.47000000000000003,1.0
54,GAM,0.48,1.0
54,GAM,0.49,1.0
54,GAM,0.5,1.0
54,GAM,0.51,1.0
54,GAM,0.52,1.0
54,GAM,0.53,1.0
54,GAM,0.54,1.0
54,GAM,0.55,1.0
54,GAM,0.56,1.0
54,GAM,0.5700000000000001,1.0
54,GAM,0.58,1.0
54,GAM,0.59,1.0
54,GAM,0.6,1.0
54,GAM,0.61,1.0
54,GAM,0.62,1.0
54,GAM,0.63,1.0
54,GAM,0.64,1.0
54,GAM,0.65,1.0
54,GAM,0.66,1.0
54,GAM,0.67,1.0
54,GAM,0.68,1.0
54,GAM,0.6900000000000001,1.0
54,GAM,0.7000000000000001,1.0
54,GAM,0.71,1.0
54,GAM,0.72,1.0
54,GAM,0.73,1.0
54,GAM,0.74,1.0
54,GAM,0.75,1.0
54,GAM,0.76,1.0
54,GAM,0.77,1.0
54,GAM,0.78,1.0
54,GAM,0.79,1.0
54,GAM,0.8,1.0
54,GAM,0.81,1.0
54,GAM,0.8200000000000001,1.0
54,GAM,0.8300000000000001,1.0
54,GAM,0.84,1.0
54,GAM,0.85,1.0
54,GAM,0.86,1.0
54,GAM,0.87,1.0
54,GAM,0.88,1.0
54,GAM,0.89,1.0
54,GAM,0.9,1.0
54,GAM,0.91,1.0
54,GAM,0.92,1.0
54,GAM,0.93,1.0
54,GAM,0.9400000000000001,1.0
54,GAM,0.9500000000000001,1.0
54,GAM,0.96,1.0
54,GAM,0.97,1.0
54,GAM,0.98,1.0
54,GAM,0.99,1.0
54,GAM,1.0,1.0
55,GAM,0.0,0.0
55,GAM,0.01,0.44776119402985076
55,GAM,0.02,0.5970149253731343
55,GAM,0.03,0.6567164179104478
55,GAM,0.04,0.6567164179104478
55,GAM,0.05,0.8208955223880597
55,GAM,0.06,0.9104477611940298
55,GAM,0.07,0.9402985074626866
55,GAM,0.08,0.9552238805970149
55,GAM,0.09,0.9552238805970149
55,GAM,0.1,0.9552238805970149
55,GAM,0.11,0.9552238805970149
55,GAM,0.12,0.9552238805970149
55,GAM,0.13,0.9552238805970149
55,GAM,0.14,0.9701492537313433
55,GAM,0.15,0.9850746268656716
55,GAM,0.16,0.9850746268656716
55,GAM,0.17,0.9850746268656716
55,GAM,0.18,0.9850746268656716
55,GAM,0.19,1.0
55,GAM,0.2,1.0
55,GAM,0.21,1.0
55,GAM,0.22,1.0
55,GAM,0.23,1.0
55,GAM,0.24,1.0
55,GAM,0.25,1.0
55,GAM,0.26,1.0
55,GAM,0.27,1.0
55,GAM,0.28,1.0
55,GAM,0.29,1.0
55,GAM,0.3,1.0
55,GAM,0.31,1.0
55,GAM,0.32,1.0
55,GAM,0.33,1.0
55,GAM,0.34,1.0
55,GAM,0.35000000000000003,1.0
55,GAM,0.36,1.0
55,GAM,0.37,1.0
55,GAM,0.38,1.0
55,GAM,0.39,1.0
55,GAM,0.4,1.0
55,GAM,0.41000000000000003,1.0
55,GAM,0.42,1.0
55,GAM,0.43,1.0
55,GAM,0.44,1.0
55,GAM,0.45,1.0
55,GAM,0.46,1.0
55,GAM,0.47000000000000003,1.0
55,GAM,0.48,1.0
55,GAM,0.49,1.0
55,GAM,0.5,1.0
55,GAM,0.51,1.0
55,GAM,0.52,1.0
55,GAM,0.53,1.0
55,GAM,0.54,1.0
55,GAM,0.55,1.0
55,GAM,0.56,1.0
55,GAM,0.5700000000000001,1.0
55,GAM,0.58,1.0
55,GAM,0.59,1.0
55,GAM,0.6,1.0
55,GAM,0.61,1.0
55,GAM,0.62,1.0
55,GAM,0.63,1.0
55,GAM,0.64,1.0
55,GAM,0.65,1.0
55,GAM,0.66,1.0
55,GAM,0.67,1.0
55,GAM,0.68,1.0
55,GAM,0.6900000000000001,1.0
55,GAM,0.7000000000000001,1.0
55,GAM,0.71,1.0
55,GAM,0.72,1.0
55,GAM,0.73,1.0
55,GAM,0.74,1.0
55,GAM,0.75,1.0
55,GAM,0.76,1.0
55,GAM,0.77,1.0
55,GAM,0.78,1.0
55,GAM,0.79,1.0
55,GAM,0.8,1.0
55,GAM,0.81,1.0
55,GAM,0.8200000000000001,1.0
55,GAM,0.8300000000000001,1.0
55,GAM,0.84,1.0
55,GAM,0.85,1.0
55,GAM,0.86,1.0
55,GAM,0.87,1.0
55,GAM,0.88,1.0
55,GAM,0.89,1.0
55,GAM,0.9,1.0
55,GAM,0.91,1.0
55,GAM,0.92,1.0
55,GAM,0.93,1.0
55,GAM,0.9400000000000001,1.0
55,GAM,0.9500000000000001,1.0
55,GAM,0.96,1.0
55,GAM,0.97,1.0
55,GAM,0.98,1.0
55,GAM,0.99,1.0
55,GAM,1.0,1.0
56,GAM,0.0,0.0
56,GAM,0.01,0.417910447761194
56,GAM,0.02,0.417910447761194
56,GAM,0.03,0.417910447761194
56,GAM,0.04,0.6268656716417911
56,GAM,0.05,0.7611940298507462
56,GAM,0.06,0.7761194029850746
56,GAM,0.07,0.835820895522388
56,GAM,0.08,0.8507462686567164
56,GAM,0.09,0.8656716417910447
56,GAM,0.1,0.8805970149253731
56,GAM,0.11,0.8805970149253731
56,GAM,0.12,0.8805970149253731
56,GAM,0.13,0.8805970149253731
56,GAM,0.14,0.8805970149253731
56,GAM,0.15,0.8955223880597015
56,GAM,0.16,0.9104477611940298
56,GAM,0.17,0.9104477611940298
56,GAM,0.18,0.9402985074626866
56,GAM,0.19,0.9402985074626866
56,GAM,0.2,0.9402985074626866
56,GAM,0.21,0.9402985074626866
56,GAM,0.22,0.9552238805970149
56,GAM,0.23,0.9552238805970149
56,GAM,0.24,0.9552238805970149
56,GAM,0.25,0.9552238805970149
56,GAM,0.26,0.9552238805970149
56,GAM,0.27,0.9552238805970149
56,GAM,0.28,0.9552238805970149
56,GAM,0.29,0.9552238805970149
56,GAM,0.3,0.9552238805970149
56,GAM,0.31,0.9552238805970149
56,GAM,0.32,0.9552238805970149
56,GAM,0.33,0.9552238805970149
56,GAM,0.34,0.9552238805970149
56,GAM,0.35000000000000003,0.9552238805970149
56,GAM,0.36,0.9552238805970149
56,GAM,0.37,0.9701492537313433
56,GAM,0.38,0.9701492537313433
56,GAM,0.39,0.9701492537313433
56,GAM,0.4,0.9701492537313433
56,GAM,0.41000000000000003,0.9850746268656716
56,GAM,0.42,0.9850746268656716
56,GAM,0.43,0.9850746268656716
56,GAM,0.44,0.9850746268656716
56,GAM,0.45,0.9850746268656716
56,GAM,0.46,0.9850746268656716
56,GAM,0.47000000000000003,0.9850746268656716
56,GAM,0.48,0.9850746268656716
56,GAM,0.49,0.9850746268656716
56,GAM,0.5,0.9850746268656716
56,GAM,0.51,0.9850746268656716
56,GAM,0.52,0.9850746268656716
56,GAM,0.53,0.9850746268656716
56,GAM,0.54,0.9850746268656716
56,GAM,0.55,0.9850746268656716
56,GAM,0.56,0.9850746268656716
56,GAM,0.5700000000000001,0.9850746268656716
56,GAM,0.58,0.9850746268656716
56,GAM,0.59,0.9850746268656716
56,GAM,0.6,0.9850746268656716
56,GAM,0.61,0.9850746268656716
56,GAM,0.62,0.9850746268656716
56,GAM,0.63,0.9850746268656716
56,GAM,0.64,0.9850746268656716
56,GAM,0.65,0.9850746268656716
56,GAM,0.66,0.9850746268656716
56,GAM,0.67,0.9850746268656716
56,GAM,0.68,0.9850746268656716
56,GAM,0.6900000000000001,0.9850746268656716
56,GAM,0.7000000000000001,0.9850746268656716
56,GAM,0.71,0.9850746268656716
56,GAM,0.72,0.9850746268656716
56,GAM,0.73,0.9850746268656716
56,GAM,0.74,0.9850746268656716
56,GAM,0.75,0.9850746268656716
56,GAM,0.76,0.9850746268656716
56,GAM,0.77,0.9850746268656716
56,GAM,0.78,1.0
56,GAM,0.79,1.0
56,GAM,0.8,1.0
56,GAM,0.81,1.0
56,GAM,0.8200000000000001,1.0
56,GAM,0.8300000000000001,1.0
56,GAM,0.84,1.0
56,GAM,0.85,1.0
56,GAM,0.86,1.0
56,GAM,0.87,1.0
56,GAM,0.88,1.0
56,GAM,0.89,1.0
56,GAM,0.9,1.0
56,GAM,0.91,1.0
56,GAM,0.92,1.0
56,GAM,0.93,1.0
56,GAM,0.9400000000000001,1.0
56,GAM,0.9500000000000001,1.0
56,GAM,0.96,1.0
56,GAM,0.97,1.0
56,GAM,0.98,1.0
56,GAM,0.99,1.0
56,GAM,1.0,1.0
57,GAM,0.0,0.0
57,GAM,0.01,0.43283582089552236
57,GAM,0.02,0.5074626865671642
57,GAM,0.03,0.5074626865671642
57,GAM,0.04,0.582089552238806
57,GAM,0.05,0.6417910447761194
57,GAM,0.06,0.6567164179104478
57,GAM,0.07,0.7611940298507462
57,GAM,0.08,0.7910447761194029
57,GAM,0.09,0.835820895522388
57,GAM,0.1,0.8507462686567164
57,GAM,0.11,0.8507462686567164
57,GAM,0.12,0.8507462686567164
57,GAM,0.13,0.8955223880597015
57,GAM,0.14,0.8955223880597015
57,GAM,0.15,0.9104477611940298
57,GAM,0.16,0.9402985074626866
57,GAM,0.17,0.9402985074626866
57,GAM,0.18,0.9402985074626866
57,GAM,0.19,0.9701492537313433
57,GAM,0.2,0.9701492537313433
57,GAM,0.21,0.9701492537313433
57,GAM,0.22,0.9701492537313433
57,GAM,0.23,0.9701492537313433
57,GAM,0.24,0.9701492537313433
57,GAM,0.25,0.9701492537313433
57,GAM,0.26,0.9701492537313433
57,GAM,0.27,0.9701492537313433
57,GAM,0.28,0.9701492537313433
57,GAM,0.29,0.9701492537313433
57,GAM,0.3,0.9701492537313433
57,GAM,0.31,0.9701492537313433
57,GAM,0.32,0.9701492537313433
57,GAM,0.33,0.9701492537313433
57,GAM,0.34,0.9701492537313433
57,GAM,0.35000000000000003,0.9701492537313433
57,GAM,0.36,0.9701492537313433
57,GAM,0.37,0.9701492537313433
57,GAM,0.38,0.9701492537313433
57,GAM,0.39,0.9701492537313433
57,GAM,0.4,0.9701492537313433
57,GAM,0.41000000000000003,0.9701492537313433
57,GAM,0.42,0.9701492537313433
57,GAM,0.43,0.9701492537313433
57,GAM,0.44,0.9701492537313433
57,GAM,0.45,0.9701492537313433
57,GAM,0.46,0.9701492537313433
57,GAM,0.47000000000000003,0.9701492537313433
57,GAM,0.48,0.9701492537313433
57,GAM,0.49,0.9850746268656716
57,GAM,0.5,0.9850746268656716
57,GAM,0.51,0.9850746268656716
57,GAM,0.52,0.9850746268656716
57,GAM,0.53,0.9850746268656716
57,GAM,0.54,0.9850746268656716
57,GAM,0.55,0.9850746268656716
57,GAM,0.56,0.9850746268656716
57,GAM,0.5700000000000001,0.9850746268656716
57,GAM,0.58,0.9850746268656716
57,GAM,0.59,0.9850746268656716
57,GAM,0.6,0.9850746268656716
57,GAM,0.61,0.9850746268656716
57,GAM,0.62,0.9850746268656716
57,GAM,0.63,0.9850746268656716
57,GAM,0.64,0.9850746268656716
57,GAM,0.65,0.9850746268656716
57,GAM,0.66,0.9850746268656716
57,GAM,0.67,0.9850746268656716
57,GAM,0.68,0.9850746268656716
57,GAM,0.6900000000000001,0.9850746268656716
57,GAM,0.7000000000000001,0.9850746268656716
57,GAM,0.71,0.9850746268656716
57,GAM,0.72,0.9850746268656716
57,GAM,0.73,0.9850746268656716
57,GAM,0.74,0.9850746268656716
57,GAM,0.75,0.9850746268656716
57,GAM,0.76,0.9850746268656716
57,GAM,0.77,0.9850746268656716
57,GAM,0.78,0.9850746268656716
57,GAM,0.79,1.0
57,GAM,0.8,1.0
57,GAM,0.81,1.0
57,GAM,0.8200000000000001,1.0
57,GAM,0.8300000000000001,1.0
57,GAM,0.84,1.0
57,GAM,0.85,1.0
57,GAM,0.86,1.0
57,GAM,0.87,1.0
57,GAM,0.88,1.0
57,GAM,0.89,1.0
57,GAM,0.9,1.0
57,GAM,0.91,1.0
57,GAM,0.92,1.0
57,GAM,0.93,1.0
57,GAM,0.9400000000000001,1.0
57,GAM,0.9500000000000001,1.0
57,GAM,0.96,1.0
57,GAM,0.97,1.0
57,GAM,0.98,1.0
57,GAM,0.99,1.0
57,GAM,1.0,1.0
58,GAM,0.0,0.0
58,GAM,0.01,0.29850746268656714
58,GAM,0.02,0.5522388059701493
58,GAM,0.03,0.6716417910447762
58,GAM,0.04,0.8656716417910447
58,GAM,0.05,0.8656716417910447
58,GAM,0.06,0.8656716417910447
58,GAM,0.07,0.8955223880597015
58,GAM,0.08,0.8955223880597015
58,GAM,0.09,0.9253731343283582
58,GAM,0.1,0.9253731343283582
58,GAM,0.11,0.9253731343283582
58,GAM,0.12,0.9253731343283582
58,GAM,0.13,0.9701492537313433
58,GAM,0.14,0.9701492537313433
58,GAM,0.15,0.9701492537313433
58,GAM,0.16,0.9701492537313433
58,GAM,0.17,0.9701492537313433
58,GAM,0.18,0.9701492537313433
58,GAM,0.19,0.9701492537313433
58,GAM,0.2,0.9701492537313433
58,GAM,0.21,0.9701492537313433
58,GAM,0.22,0.9701492537313433
58,GAM,0.23,0.9701492537313433
58,GAM,0.24,0.9701492537313433
58,GAM,0.25,0.9701492537313433
58,GAM,0.26,0.9701492537313433
58,GAM,0.27,0.9701492537313433
58,GAM,0.28,0.9701492537313433
58,GAM,0.29,0.9701492537313433
58,GAM,0.3,0.9701492537313433
58,GAM,0.31,0.9701492537313433
58,GAM,0.32,0.9701492537313433
58,GAM,0.33,0.9701492537313433
58,GAM,0.34,0.9701492537313433
58,GAM,0.35000000000000003,0.9701492537313433
58,GAM,0.36,0.9701492537313433
58,GAM,0.37,0.9701492537313433
58,GAM,0.38,0.9701492537313433
58,GAM,0.39,0.9701492537313433
58,GAM,0.4,0.9701492537313433
58,GAM,0.41000000000000003,0.9701492537313433
58,GAM,0.42,0.9701492537313433
58,GAM,0.43,0.9701492537313433
58,GAM,0.44,0.9701492537313433
58,GAM,0.45,0.9850746268656716
58,GAM,0.46,1.0
58,GAM,0.47000000000000003,1.0
58,GAM,0.48,1.0
58,GAM,0.49,1.0
58,GAM,0.5,1.0
58,GAM,0.51,1.0
58,GAM,0.52,1.0
58,GAM,0.53,1.0
58,GAM,0.54,1.0
58,GAM,0.55,1.0
58,GAM,0.56,1.0
58,GAM,0.5700000000000001,1.0
58,GAM,0.58,1.0
58,GAM,0.59,1.0
58,GAM,0.6,1.0
58,GAM,0.61,1.0
58,GAM,0.62,1.0
58,GAM,0.63,1.0
58,GAM,0.64,1.0
58,GAM,0.65,1.0
58,GAM,0.66,1.0
58,GAM,0.67,1.0
58,GAM,0.68,1.0
58,GAM,0.6900000000000001,1.0
58,GAM,0.7000000000000001,1.0
58,GAM,0.71,1.0
58,GAM,0.72,1.0
58,GAM,0.73,1.0
58,GAM,0.74,1.0
58,GAM,0.75,1.0
58,GAM,0.76,1.0
58,GAM,0.77,1.0
58,GAM,0.78,1.0
58,GAM,0.79,1.0
58,GAM,0.8,1.0
58,GAM,0.81,1.0
58,GAM,0.8200000000000001,1.0
58,GAM,0.8300000000000001,1.0
58,GAM,0.84,1.0
58,GAM,0.85,1.0
58,GAM,0.86,1.0
58,GAM,0.87,1.0
58,GAM,0.88,1.0
58,GAM,0.89,1.0
58,GAM,0.9,1.0
58,GAM,0.91,1.0
58,GAM,0.92,1.0
58,GAM,0.93,1.0
58,GAM,0.9400000000000001,1.0
58,GAM,0.9500000000000001,1.0
58,GAM,0.96,1.0
58,GAM,0.97,1.0
58,GAM,0.98,1.0
58,GAM,0.99,1.0
58,GAM,1.0,1.0
59,GAM,0.0,0.0
59,GAM,0.01,0.3880597014925373
59,GAM,0.02,0.3880597014925373
59,GAM,0.03,0.6119402985074627
59,GAM,0.04,0.6417910447761194
59,GAM,0.05,0.7164179104477612
59,GAM,0.06,0.7313432835820896
59,GAM,0.07,0.8507462686567164
59,GAM,0.08,0.8805970149253731
59,GAM,0.09,0.9104477611940298
59,GAM,0.1,0.9104477611940298
59,GAM,0.11,0.9104477611940298
59,GAM,0.12,0.9253731343283582
59,GAM,0.13,0.9701492537313433
59,GAM,0.14,0.9850746268656716
59,GAM,0.15,0.9850746268656716
59,GAM,0.16,0.9850746268656716
59,GAM,0.17,0.9850746268656716
59,GAM,0.18,0.9850746268656716
59,GAM,0.19,0.9850746268656716
59,GAM,0.2,0.9850746268656716
59,GAM,0.21,0.9850746268656716
59,GAM,0.22,0.9850746268656716
59,GAM,0.23,0.9850746268656716
59,GAM,0.24,0.9850746268656716
59,GAM,0.25,0.9850746268656716
59,GAM,0.26,0.9850746268656716
59,GAM,0.27,0.9850746268656716
59,GAM,0.28,0.9850746268656716
59,GAM,0.29,0.9850746268656716
59,GAM,0.3,0.9850746268656716
59,GAM,0.31,0.9850746268656716
59,GAM,0.32,0.9850746268656716
59,GAM,0.33,0.9850746268656716
59,GAM,0.34,1.0
59,GAM,0.35000000000000003,1.0
59,GAM,0.36,1.0
59,GAM,0.37,1.0
59,GAM,0.38,1.0
59,GAM,0.39,1.0
59,GAM,0.4,1.0
59,GAM,0.41000000000000003,1.0
59,GAM,0.42,1.0
59,GAM,0.43,1.0
59,GAM,0.44,1.0
59,GAM,0.45,1.0
59,GAM,0.46,1.0
59,GAM,0.47000000000000003,1.0
59,GAM,0.48,1.0
59,GAM,0.49,1.0
59,GAM,0.5,1.0
59,GAM,0.51,1.0
59,GAM,0.52,1.0
59,GAM,0.53,1.0
59,GAM,0.54,1.0
59,GAM,0.55,1.0
59,GAM,0.56,1.0
59,GAM,0.5700000000000001,1.0
59,GAM,0.58,1.0
59,GAM,0.59,1.0
59,GAM,0.6,1.0
59,GAM,0.61,1.0
59,GAM,0.62,1.0
59,GAM,0.63,1.0
59,GAM,0.64,1.0
59,GAM,0.65,1.0
59,GAM,0.66,1.0
59,GAM,0.67,1.0
59,GAM,0.68,1.0
59,GAM,0.6900000000000001,1.0
59,GAM,0.7000000000000001,1.0
59,GAM,0.71,1.0
59,GAM,0.72,1.0
59,GAM,0.73,1.0
59,GAM,0.74,1.0
59,GAM,0.75,1.0
59,GAM,0.76,1.0
59,GAM,0.77,1.0
59,GAM,0.78,1.0
59,GAM,0.79,1.0
59,GAM,0.8,1.0
59,GAM,0.81,1.0
59,GAM,0.8200000000000001,1.0
59,GAM,0.8300000000000001,1.0
59,GAM,0.84,1.0
59,GAM,0.85,1.0
59,GAM,0.86,1.0
59,GAM,0.87,1.0
59,GAM,0.88,1.0
59,GAM,0.89,1.0
59,GAM,0.9,1.0
59,GAM,0.91,1.0
59,GAM,0.92,1.0
59,GAM,0.93,1.0
59,GAM,0.9400000000000001,1.0
59,GAM,0.9500000000000001,1.0
59,GAM,0.96,1.0
59,GAM,0.97,1.0
59,GAM,0.98,1.0
59,GAM,0.99,1.0
59,GAM,1.0,1.0
60,GAM,0.0,0.0
60,GAM,0.01,0.6567164179104478
60,GAM,0.02,0.7014925373134329
60,GAM,0.03,0.7164179104477612
60,GAM,0.04,0.7761194029850746
60,GAM,0.05,0.7761194029850746
60,GAM,0.06,0.835820895522388
60,GAM,0.07,0.9552238805970149
60,GAM,0.08,0.9701492537313433
60,GAM,0.09,0.9701492537313433
60,GAM,0.1,0.9701492537313433
60,GAM,0.11,0.9850746268656716
60,GAM,0.12,0.9850746268656716
60,GAM,0.13,0.9850746268656716
60,GAM,0.14,0.9850746268656716
60,GAM,0.15,0.9850746268656716
60,GAM,0.16,0.9850746268656716
60,GAM,0.17,0.9850746268656716
60,GAM,0.18,0.9850746268656716
60,GAM,0.19,0.9850746268656716
60,GAM,0.2,0.9850746268656716
60,GAM,0.21,0.9850746268656716
60,GAM,0.22,0.9850746268656716
60,GAM,0.23,0.9850746268656716
60,GAM,0.24,0.9850746268656716
60,GAM,0.25,0.9850746268656716
60,GAM,0.26,0.9850746268656716
60,GAM,0.27,0.9850746268656716
60,GAM,0.28,0.9850746268656716
60,GAM,0.29,0.9850746268656716
60,GAM,0.3,0.9850746268656716
60,GAM,0.31,0.9850746268656716
60,GAM,0.32,0.9850746268656716
60,GAM,0.33,0.9850746268656716
60,GAM,0.34,0.9850746268656716
60,GAM,0.35000000000000003,0.9850746268656716
60,GAM,0.36,0.9850746268656716
60,GAM,0.37,0.9850746268656716
60,GAM,0.38,0.9850746268656716
60,GAM,0.39,0.9850746268656716
60,GAM,0.4,0.9850746268656716
60,GAM,0.41000000000000003,0.9850746268656716
60,GAM,0.42,0.9850746268656716
60,GAM,0.43,0.9850746268656716
60,GAM,0.44,0.9850746268656716
60,GAM,0.45,0.9850746268656716
60,GAM,0.46,0.9850746268656716
60,GAM,0.47000000000000003,0.9850746268656716
60,GAM,0.48,0.9850746268656716
60,GAM,0.49,0.9850746268656716
60,GAM,0.5,0.9850746268656716
60,GAM,0.51,0.9850746268656716
60,GAM,0.52,0.9850746268656716
60,GAM,0.53,0.9850746268656716
60,GAM,0.54,0.9850746268656716
60,GAM,0.55,0.9850746268656716
60,GAM,0.56,0.9850746268656716
60,GAM,0.5700000000000001,0.9850746268656716
60,GAM,0.58,0.9850746268656716
60,GAM,0.59,0.9850746268656716
60,GAM,0.6,0.9850746268656716
60,GAM,0.61,0.9850746268656716
60,GAM,0.62,0.9850746268656716
60,GAM,0.63,0.9850746268656716
60,GAM,0.64,1.0
60,GAM,0.65,1.0
60,GAM,0.66,1.0
60,GAM,0.67,1.0
60,GAM,0.68,1.0
60,GAM,0.6900000000000001,1.0
60,GAM,0.7000000000000001,1.0
60,GAM,0.71,1.0
60,GAM,0.72,1.0
60,GAM,0.73,1.0
60,GAM,0.74,1.0
60,GAM,0.75,1.0
60,GAM,0.76,1.0
60,GAM,0.77,1.0
60,GAM,0.78,1.0
60,GAM,0.79,1.0
60,GAM,0.8,1.0
60,GAM,0.81,1.0
60,GAM,0.8200000000000001,1.0
60,GAM,0.8300000000000001,1.0
60,GAM,0.84,1.0
60,GAM,0.85,1.0
60,GAM,0.86,1.0
60,GAM,0.87,1.0
60,GAM,0.88,1.0
60,GAM,0.89,1.0
60,GAM,0.9,1.0
60,GAM,0.91,1.0
60,GAM,0.92,1.0
60,GAM,0.93,1.0
60,GAM,0.9400000000000001,1.0
60,GAM,0.9500000000000001,1.0
60,GAM,0.96,1.0
60,GAM,0.97,1.0
60,GAM,0.98,1.0
60,GAM,0.99,1.0
60,GAM,1.0,1.0
61,GAM,0.0,0.0
61,GAM,0.01,0.5970149253731343
61,GAM,0.02,0.6268656716417911
61,GAM,0.03,0.6567164179104478
61,GAM,0.04,0.7014925373134329
61,GAM,0.05,0.8507462686567164
61,GAM,0.06,0.9253731343283582
61,GAM,0.07,0.9253731343283582
61,GAM,0.08,0.9402985074626866
61,GAM,0.09,0.9402985074626866
61,GAM,0.1,0.9402985074626866
61,GAM,0.11,0.9402985074626866
61,GAM,0.12,0.9402985074626866
61,GAM,0.13,0.9402985074626866
61,GAM,0.14,0.9402985074626866
61,GAM,0.15,0.9402985074626866
61,GAM,0.16,0.9552238805970149
61,GAM,0.17,0.9552238805970149
61,GAM,0.18,0.9552238805970149
61,GAM,0.19,0.9850746268656716
61,GAM,0.2,0.9850746268656716
61,GAM,0.21,0.9850746268656716
61,GAM,0.22,0.9850746268656716
61,GAM,0.23,0.9850746268656716
61,GAM,0.24,0.9850746268656716
61,GAM,0.25,0.9850746268656716
61,GAM,0.26,0.9850746268656716
61,GAM,0.27,0.9850746268656716
61,GAM,0.28,0.9850746268656716
61,GAM,0.29,0.9850746268656716
61,GAM,0.3,0.9850746268656716
61,GAM,0.31,0.9850746268656716
61,GAM,0.32,0.9850746268656716
61,GAM,0.33,0.9850746268656716
61,GAM,0.34,0.9850746268656716
61,GAM,0.35000000000000003,0.9850746268656716
61,GAM,0.36,0.9850746268656716
61,GAM,0.37,0.9850746268656716
61,GAM,0.38,0.9850746268656716
61,GAM,0.39,0.9850746268656716
61,GAM,0.4,0.9850746268656716
61,GAM,0.41000000000000003,0.9850746268656716
61,GAM,0.42,0.9850746268656716
61,GAM,0.43,0.9850746268656716
61,GAM,0.44,0.9850746268656716
61,GAM,0.45,0.9850746268656716
61,GAM,0.46,0.9850746268656716
61,GAM,0.47000000000000003,0.9850746268656716
61,GAM,0.48,0.9850746268656716
61,GAM,0.49,0.9850746268656716
61,GAM,0.5,0.9850746268656716
61,GAM,0.51,0.9850746268656716
61,GAM,0.52,0.9850746268656716
61,GAM,0.53,0.9850746268656716
61,GAM,0.54,0.9850746268656716
61,GAM,0.55,0.9850746268656716
61,GAM,0.56,0.9850746268656716
61,GAM,0.5700000000000001,0.9850746268656716
61,GAM,0.58,0.9850746268656716
61,GAM,0.59,0.9850746268656716
61,GAM,0.6,0.9850746268656716
61,GAM,0.61,0.9850746268656716
61,GAM,0.62,0.9850746268656716
61,GAM,0.63,0.9850746268656716
61,GAM,0.64,0.9850746268656716
61,GAM,0.65,0.9850746268656716
61,GAM,0.66,0.9850746268656716
61,GAM,0.67,0.9850746268656716
61,GAM,0.68,0.9850746268656716
61,GAM,0.6900000000000001,0.9850746268656716
61,GAM,0.7000000000000001,0.9850746268656716
61,GAM,0.71,0.9850746268656716
61,GAM,0.72,1.0
61,GAM,0.73,1.0
61,GAM,0.74,1.0
61,GAM,0.75,1.0
61,GAM,0.76,1.0
61,GAM,0.77,1.0
61,GAM,0.78,1.0
61,GAM,0.79,1.0
61,GAM,0.8,1.0
61,GAM,0.81,1.0
61,GAM,0.8200000000000001,1.0
61,GAM,0.8300000000000001,1.0
61,GAM,0.84,1.0
61,GAM,0.85,1.0
61,GAM,0.86,1.0
61,GAM,0.87,1.0
61,GAM,0.88,1.0
61,GAM,0.89,1.0
61,GAM,0.9,1.0
61,GAM,0.91,1.0
61,GAM,0.92,1.0
61,GAM,0.93,1.0
61,GAM,0.9400000000000001,1.0
61,GAM,0.9500000000000001,1.0
61,GAM,0.96,1.0
61,GAM,0.97,1.0
61,GAM,0.98,1.0
61,GAM,0.99,1.0
61,GAM,1.0,1.0
62,GAM,0.0,0.0
62,GAM,0.01,0.06060606060606061
62,GAM,0.02,0.22727272727272727
62,GAM,0.03,0.6666666666666666
62,GAM,0.04,0.6666666666666666
62,GAM,0.05,0.6818181818181818
62,GAM,0.06,0.7272727272727273
62,GAM,0.07,0.7575757575757576
62,GAM,0.08,0.7575757575757576
62,GAM,0.09,0.8333333333333334
62,GAM,0.1,0.8333333333333334
62,GAM,0.11,0.8484848484848485
62,GAM,0.12,0.9090909090909091
62,GAM,0.13,0.9242424242424242
62,GAM,0.14,0.9242424242424242
62,GAM,0.15,0.9393939393939394
62,GAM,0.16,0.9393939393939394
62,GAM,0.17,0.9393939393939394
62,GAM,0.18,0.9545454545454546
62,GAM,0.19,0.9696969696969697
62,GAM,0.2,0.9696969696969697
62,GAM,0.21,0.9848484848484849
62,GAM,0.22,0.9848484848484849
62,GAM,0.23,0.9848484848484849
62,GAM,0.24,0.9848484848484849
62,GAM,0.25,0.9848484848484849
62,GAM,0.26,0.9848484848484849
62,GAM,0.27,0.9848484848484849
62,GAM,0.28,0.9848484848484849
62,GAM,0.29,0.9848484848484849
62,GAM,0.3,0.9848484848484849
62,GAM,0.31,0.9848484848484849
62,GAM,0.32,0.9848484848484849
62,GAM,0.33,0.9848484848484849
62,GAM,0.34,0.9848484848484849
62,GAM,0.35000000000000003,0.9848484848484849
62,GAM,0.36,0.9848484848484849
62,GAM,0.37,0.9848484848484849
62,GAM,0.38,0.9848484848484849
62,GAM,0.39,1.0
62,GAM,0.4,1.0
62,GAM,0.41000000000000003,1.0
62,GAM,0.42,1.0
62,GAM,0.43,1.0
62,GAM,0.44,1.0
62,GAM,0.45,1.0
62,GAM,0.46,1.0
62,GAM,0.47000000000000003,1.0
62,GAM,0.48,1.0
62,GAM,0.49,1.0
62,GAM,0.5,1.0
62,GAM,0.51,1.0
62,GAM,0.52,1.0
62,GAM,0.53,1.0
62,GAM,0.54,1.0
62,GAM,0.55,1.0
62,GAM,0.56,1.0
62,GAM,0.5700000000000001,1.0
62,GAM,0.58,1.0
62,GAM,0.59,1.0
62,GAM,0.6,1.0
62,GAM,0.61,1.0
62,GAM,0.62,1.0
62,GAM,0.63,1.0
62,GAM,0.64,1.0
62,GAM,0.65,1.0
62,GAM,0.66,1.0
62,GAM,0.67,1.0
62,GAM,0.68,1.0
62,GAM,0.6900000000000001,1.0
62,GAM,0.7000000000000001,1.0
62,GAM,0.71,1.0
62,GAM,0.72,1.0
62,GAM,0.73,1.0
62,GAM,0.74,1.0
62,GAM,0.75,1.0
62,GAM,0.76,1.0
62,GAM,0.77,1.0
62,GAM,0.78,1.0
62,GAM,0.79,1.0
62,GAM,0.8,1.0
62,GAM,0.81,1.0
62,GAM,0.8200000000000001,1.0
62,GAM,0.8300000000000001,1.0
62,GAM,0.84,1.0
62,GAM,0.85,1.0
62,GAM,0.86,1.0
62,GAM,0.87,1.0
62,GAM,0.88,1.0
62,GAM,0.89,1.0
62,GAM,0.9,1.0
62,GAM,0.91,1.0
62,GAM,0.92,1.0
62,GAM,0.93,1.0
62,GAM,0.9400000000000001,1.0
62,GAM,0.9500000000000001,1.0
62,GAM,0.96,1.0
62,GAM,0.97,1.0
62,GAM,0.98,1.0
62,GAM,0.99,1.0
62,GAM,1.0,1.0
63,GAM,0.0,0.0
63,GAM,0.01,0.24242424242424243
63,GAM,0.02,0.24242424242424243
63,GAM,0.03,0.36363636363636365
63,GAM,0.04,0.5303030303030303
63,GAM,0.05,0.6060606060606061
63,GAM,0.06,0.6515151515151515
63,GAM,0.07,0.7272727272727273
63,GAM,0.08,0.7272727272727273
63,GAM,0.09,0.7272727272727273
63,GAM,0.1,0.7878787878787878
63,GAM,0.11,0.7878787878787878
63,GAM,0.12,0.8181818181818182
63,GAM,0.13,0.8181818181818182
63,GAM,0.14,0.8181818181818182
63,GAM,0.15,0.8333333333333334
63,GAM,0.16,0.8333333333333334
63,GAM,0.17,0.8333333333333334
63,GAM,0.18,0.8636363636363636
63,GAM,0.19,0.8787878787878788
63,GAM,0.2,0.8787878787878788
63,GAM,0.21,0.8939393939393939
63,GAM,0.22,0.8939393939393939
63,GAM,0.23,0.8939393939393939
63,GAM,0.24,0.8939393939393939
63,GAM,0.25,0.9090909090909091
63,GAM,0.26,0.9545454545454546
63,GAM,0.27,0.9696969696969697
63,GAM,0.28,0.9696969696969697
63,GAM,0.29,0.9848484848484849
63,GAM,0.3,0.9848484848484849
63,GAM,0.31,0.9848484848484849
63,GAM,0.32,0.9848484848484849
63,GAM,0.33,0.9848484848484849
63,GAM,0.34,0.9848484848484849
63,GAM,0.35000000000000003,0.9848484848484849
63,GAM,0.36,0.9848484848484849
63,GAM,0.37,0.9848484848484849
63,GAM,0.38,0.9848484848484849
63,GAM,0.39,0.9848484848484849
63,GAM,0.4,0.9848484848484849
63,GAM,0.41000000000000003,0.9848484848484849
63,GAM,0.42,0.9848484848484849
63,GAM,0.43,0.9848484848484849
63,GAM,0.44,0.9848484848484849
63,GAM,0.45,0.9848484848484849
63,GAM,0.46,0.9848484848484849
63,GAM,0.47000000000000003,0.9848484848484849
63,GAM,0.48,0.9848484848484849
63,GAM,0.49,0.9848484848484849
63,GAM,0.5,0.9848484848484849
63,GAM,0.51,0.9848484848484849
63,GAM,0.52,0.9848484848484849
63,GAM,0.53,0.9848484848484849
63,GAM,0.54,1.0
63,GAM,0.55,1.0
63,GAM,0.56,1.0
63,GAM,0.5700000000000001,1.0
63,GAM,0.58,1.0
63,GAM,0.59,1.0
63,GAM,0.6,1.0
63,GAM,0.61,1.0
63,GAM,0.62,1.0
63,GAM,0.63,1.0
63,GAM,0.64,1.0
63,GAM,0.65,1.0
63,GAM,0.66,1.0
63,GAM,0.67,1.0
63,GAM,0.68,1.0
63,GAM,0.6900000000000001,1.0
63,GAM,0.7000000000000001,1.0
63,GAM,0.71,1.0
63,GAM,0.72,1.0
63,GAM,0.73,1.0
63,GAM,0.74,1.0
63,GAM,0.75,1.0
63,GAM,0.76,1.0
63,GAM,0.77,1.0
63,GAM,0.78,1.0
63,GAM,0.79,1.0
63,GAM,0.8,1.0
63,GAM,0.81,1.0
63,GAM,0.8200000000000001,1.0
63,GAM,0.8300000000000001,1.0
63,GAM,0.84,1.0
63,GAM,0.85,1.0
63,GAM,0.86,1.0
63,GAM,0.87,1.0
63,GAM,0.88,1.0
63,GAM,0.89,1.0
63,GAM,0.9,1.0
63,GAM,0.91,1.0
63,GAM,0.92,1.0
63,GAM,0.93,1.0
63,GAM,0.9400000000000001,1.0
63,GAM,0.9500000000000001,1.0
63,GAM,0.96,1.0
63,GAM,0.97,1.0
63,GAM,0.98,1.0
63,GAM,0.99,1.0
63,GAM,1.0,1.0
64,GAM,0.0,0.0
64,GAM,0.01,0.31343283582089554
64,GAM,0.02,0.34328358208955223
64,GAM,0.03,0.3582089552238806
64,GAM,0.04,0.4925373134328358
64,GAM,0.05,0.7014925373134329
64,GAM,0.06,0.8656716417910447
64,GAM,0.07,0.9253731343283582
64,GAM,0.08,0.9253731343283582
64,GAM,0.09,0.9552238805970149
64,GAM,0.1,0.9552238805970149
64,GAM,0.11,0.9552238805970149
64,GAM,0.12,0.9552238805970149
64,GAM,0.13,0.9552238805970149
64,GAM,0.14,0.9552238805970149
64,GAM,0.15,0.9552238805970149
64,GAM,0.16,0.9552238805970149
64,GAM,0.17,0.9552238805970149
64,GAM,0.18,0.9552238805970149
64,GAM,0.19,0.9552238805970149
64,GAM,0.2,0.9552238805970149
64,GAM,0.21,0.9552238805970149
64,GAM,0.22,0.9552238805970149
64,GAM,0.23,0.9552238805970149
64,GAM,0.24,0.9552238805970149
64,GAM,0.25,0.9701492537313433
64,GAM,0.26,0.9701492537313433
64,GAM,0.27,0.9701492537313433
64,GAM,0.28,0.9701492537313433
64,GAM,0.29,0.9701492537313433
64,GAM,0.3,0.9701492537313433
64,GAM,0.31,0.9701492537313433
64,GAM,0.32,0.9701492537313433
64,GAM,0.33,0.9701492537313433
64,GAM,0.34,0.9701492537313433
64,GAM,0.35000000000000003,0.9701492537313433
64,GAM,0.36,0.9701492537313433
64,GAM,0.37,0.9701492537313433
64,GAM,0.38,0.9701492537313433
64,GAM,0.39,0.9701492537313433
64,GAM,0.4,0.9701492537313433
64,GAM,0.41000000000000003,0.9701492537313433
64,GAM,0.42,0.9701492537313433
64,GAM,0.43,0.9701492537313433
64,GAM,0.44,0.9701492537313433
64,GAM,0.45,0.9701492537313433
64,GAM,0.46,0.9701492537313433
64,GAM,0.47000000000000003,0.9701492537313433
64,GAM,0.48,0.9701492537313433
64,GAM,0.49,0.9701492537313433
64,GAM,0.5,0.9701492537313433
64,GAM,0.51,0.9701492537313433
64,GAM,0.52,1.0
64,GAM,0.53,1.0
64,GAM,0.54,1.0
64,GAM,0.55,1.0
64,GAM,0.56,1.0
64,GAM,0.5700000000000001,1.0
64,GAM,0.58,1.0
64,GAM,0.59,1.0
64,GAM,0.6,1.0
64,GAM,0.61,1.0
64,GAM,0.62,1.0
64,GAM,0.63,1.0
64,GAM,0.64,1.0
64,GAM,0.65,1.0
64,GAM,0.66,1.0
64,GAM,0.67,1.0
64,GAM,0.68,1.0
64,GAM,0.6900000000000001,1.0
64,GAM,0.7000000000000001,1.0
64,GAM,0.71,1.0
64,GAM,0.72,1.0
64,GAM,0.73,1.0
64,GAM,0.74,1.0
64,GAM,0.75,1.0
64,GAM,0.76,1.0
64,GAM,0.77,1.0
64,GAM,0.78,1.0
64,GAM,0.79,1.0
64,GAM,0.8,1.0
64,GAM,0.81,1.0
64,GAM,0.8200000000000001,1.0
64,GAM,0.8300000000000001,1.0
64,GAM,0.84,1.0
64,GAM,0.85,1.0
64,GAM,0.86,1.0
64,GAM,0.87,1.0
64,GAM,0.88,1.0
64,GAM,0.89,1.0
64,GAM,0.9,1.0
64,GAM,0.91,1.0
64,GAM,0.92,1.0
64,GAM,0.93,1.0
64,GAM,0.9400000000000001,1.0
64,GAM,0.9500000000000001,1.0
64,GAM,0.96,1.0
64,GAM,0.97,1.0
64,GAM,0.98,1.0
64,GAM,0.99,1.0
64,GAM,1.0,1.0
65,GAM,0.0,0.0
65,GAM,0.01,0.3880597014925373
65,GAM,0.02,0.43283582089552236
65,GAM,0.03,0.43283582089552236
65,GAM,0.04,0.5970149253731343
65,GAM,0.05,0.6417910447761194
65,GAM,0.06,0.6417910447761194
65,GAM,0.07,0.7164179104477612
65,GAM,0.08,0.7313432835820896
65,GAM,0.09,0.746268656716418
65,GAM,0.1,0.7761194029850746
65,GAM,0.11,0.7761194029850746
65,GAM,0.12,0.8059701492537313
65,GAM,0.13,0.8507462686567164
65,GAM,0.14,0.8507462686567164
65,GAM,0.15,0.8805970149253731
65,GAM,0.16,0.8955223880597015
65,GAM,0.17,0.9104477611940298
65,GAM,0.18,0.9104477611940298
65,GAM,0.19,0.9402985074626866
65,GAM,0.2,0.9402985074626866
65,GAM,0.21,0.9402985074626866
65,GAM,0.22,0.9552238805970149
65,GAM,0.23,0.9552238805970149
65,GAM,0.24,0.9552238805970149
65,GAM,0.25,0.9701492537313433
65,GAM,0.26,0.9701492537313433
65,GAM,0.27,0.9701492537313433
65,GAM,0.28,0.9701492537313433
65,GAM,0.29,0.9701492537313433
65,GAM,0.3,0.9701492537313433
65,GAM,0.31,0.9701492537313433
65,GAM,0.32,0.9701492537313433
65,GAM,0.33,0.9701492537313433
65,GAM,0.34,0.9701492537313433
65,GAM,0.35000000000000003,0.9701492537313433
65,GAM,0.36,0.9701492537313433
65,GAM,0.37,0.9701492537313433
65,GAM,0.38,0.9701492537313433
65,GAM,0.39,0.9701492537313433
65,GAM,0.4,0.9701492537313433
65,GAM,0.41000000000000003,0.9701492537313433
65,GAM,0.42,0.9701492537313433
65,GAM,0.43,0.9701492537313433
65,GAM,0.44,0.9701492537313433
65,GAM,0.45,0.9701492537313433
65,GAM,0.46,0.9701492537313433
65,GAM,0.47000000000000003,0.9701492537313433
65,GAM,0.48,0.9701492537313433
65,GAM,0.49,0.9701492537313433
65,GAM,0.5,0.9701492537313433
65,GAM,0.51,0.9701492537313433
65,GAM,0.52,0.9701492537313433
65,GAM,0.53,0.9701492537313433
65,GAM,0.54,0.9850746268656716
65,GAM,0.55,0.9850746268656716
65,GAM,0.56,0.9850746268656716
65,GAM,0.5700000000000001,0.9850746268656716
65,GAM,0.58,0.9850746268656716
65,GAM,0.59,0.9850746268656716
65,GAM,0.6,0.9850746268656716
65,GAM,0.61,0.9850746268656716
65,GAM,0.62,0.9850746268656716
65,GAM,0.63,0.9850746268656716
65,GAM,0.64,0.9850746268656716
65,GAM,0.65,0.9850746268656716
65,GAM,0.66,0.9850746268656716
65,GAM,0.67,0.9850746268656716
65,GAM,0.68,0.9850746268656716
65,GAM,0.6900000000000001,0.9850746268656716
65,GAM,0.7000000000000001,0.9850746268656716
65,GAM,0.71,0.9850746268656716
65,GAM,0.72,0.9850746268656716
65,GAM,0.73,1.0
65,GAM,0.74,1.0
65,GAM,0.75,1.0
65,GAM,0.76,1.0
65,GAM,0.77,1.0
65,GAM,0.78,1.0
65,GAM,0.79,1.0
65,GAM,0.8,1.0
65,GAM,0.81,1.0
65,GAM,0.8200000000000001,1.0
65,GAM,0.8300000000000001,1.0
65,GAM,0.84,1.0
65,GAM,0.85,1.0
65,GAM,0.86,1.0
65,GAM,0.87,1.0
65,GAM,0.88,1.0
65,GAM,0.89,1.0
65,GAM,0.9,1.0
65,GAM,0.91,1.0
65,GAM,0.92,1.0
65,GAM,0.93,1.0
65,GAM,0.9400000000000001,1.0
65,GAM,0.9500000000000001,1.0
65,GAM,0.96,1.0
65,GAM,0.97,1.0
65,GAM,0.98,1.0
65,GAM,0.99,1.0
65,GAM,1.0,1.0
66,GAM,0.0,0.0
66,GAM,0.01,0.1791044776119403
66,GAM,0.02,0.3880597014925373
66,GAM,0.03,0.4925373134328358
66,GAM,0.04,0.6567164179104478
66,GAM,0.05,0.6567164179104478
66,GAM,0.06,0.7611940298507462
66,GAM,0.07,0.835820895522388
66,GAM,0.08,0.8507462686567164
66,GAM,0.09,0.8507462686567164
66,GAM,0.1,0.8656716417910447
66,GAM,0.11,0.9104477611940298
66,GAM,0.12,0.9104477611940298
66,GAM,0.13,0.9104477611940298
66,GAM,0.14,0.9104477611940298
66,GAM,0.15,0.9104477611940298
66,GAM,0.16,0.9253731343283582
66,GAM,0.17,0.9253731343283582
66,GAM,0.18,0.9402985074626866
66,GAM,0.19,0.9402985074626866
66,GAM,0.2,0.9402985074626866
66,GAM,0.21,0.9402985074626866
66,GAM,0.22,0.9552238805970149
66,GAM,0.23,0.9552238805970149
66,GAM,0.24,0.9552238805970149
66,GAM,0.25,0.9552238805970149
66,GAM,0.26,0.9552238805970149
66,GAM,0.27,0.9552238805970149
66,GAM,0.28,0.9552238805970149
66,GAM,0.29,0.9552238805970149
66,GAM,0.3,0.9552238805970149
66,GAM,0.31,0.9552238805970149
66,GAM,0.32,0.9552238805970149
66,GAM,0.33,0.9552238805970149
66,GAM,0.34,0.9552238805970149
66,GAM,0.35000000000000003,0.9552238805970149
66,GAM,0.36,0.9552238805970149
66,GAM,0.37,0.9552238805970149
66,GAM,0.38,0.9552238805970149
66,GAM,0.39,0.9552238805970149
66,GAM,0.4,0.9552238805970149
66,GAM,0.41000000000000003,0.9552238805970149
66,GAM,0.42,0.9552238805970149
66,GAM,0.43,0.9552238805970149
66,GAM,0.44,0.9552238805970149
66,GAM,0.45,0.9552238805970149
66,GAM,0.46,0.9552238805970149
66,GAM,0.47000000000000003,0.9701492537313433
66,GAM,0.48,0.9701492537313433
66,GAM,0.49,0.9701492537313433
66,GAM,0.5,0.9701492537313433
66,GAM,0.51,0.9701492537313433
66,GAM,0.52,0.9701492537313433
66,GAM,0.53,0.9701492537313433
66,GAM,0.54,0.9701492537313433
66,GAM,0.55,0.9701492537313433
66,GAM,0.56,0.9701492537313433
66,GAM,0.5700000000000001,0.9701492537313433
66,GAM,0.58,0.9701492537313433
66,GAM,0.59,0.9701492537313433
66,GAM,0.6,0.9701492537313433
66,GAM,0.61,0.9701492537313433
66,GAM,0.62,0.9701492537313433
66,GAM,0.63,0.9701492537313433
66,GAM,0.64,0.9701492537313433
66,GAM,0.65,0.9850746268656716
66,GAM,0.66,0.9850746268656716
66,GAM,0.67,0.9850746268656716
66,GAM,0.68,0.9850746268656716
66,GAM,0.6900000000000001,0.9850746268656716
66,GAM,0.7000000000000001,0.9850746268656716
66,GAM,0.71,0.9850746268656716
66,GAM,0.72,0.9850746268656716
66,GAM,0.73,0.9850746268656716
66,GAM,0.74,0.9850746268656716
66,GAM,0.75,0.9850746268656716
66,GAM,0.76,0.9850746268656716
66,GAM,0.77,0.9850746268656716
66,GAM,0.78,1.0
66,GAM,0.79,1.0
66,GAM,0.8,1.0
66,GAM,0.81,1.0
66,GAM,0.8200000000000001,1.0
66,GAM,0.8300000000000001,1.0
66,GAM,0.84,1.0
66,GAM,0.85,1.0
66,GAM,0.86,1.0
66,GAM,0.87,1.0
66,GAM,0.88,1.0
66,GAM,0.89,1.0
66,GAM,0.9,1.0
66,GAM,0.91,1.0
66,GAM,0.92,1.0
66,GAM,0.93,1.0
66,GAM,0.9400000000000001,1.0
66,GAM,0.9500000000000001,1.0
66,GAM,0.96,1.0
66,GAM,0.97,1.0
66,GAM,0.98,1.0
66,GAM,0.99,1.0
66,GAM,1.0,1.0
67,GAM,0.0,0.0
67,GAM,0.01,0.6417910447761194
67,GAM,0.02,0.6567164179104478
67,GAM,0.03,0.7014925373134329
67,GAM,0.04,0.8507462686567164
67,GAM,0.05,0.8805970149253731
67,GAM,0.06,0.8805970149253731
67,GAM,0.07,0.9253731343283582
67,GAM,0.08,0.9253731343283582
67,GAM,0.09,0.9253731343283582
67,GAM,0.1,0.9253731343283582
67,GAM,0.11,0.9552238805970149
67,GAM,0.12,0.9552238805970149
67,GAM,0.13,0.9552238805970149
67,GAM,0.14,0.9552238805970149
67,GAM,0.15,0.9701492537313433
67,GAM,0.16,0.9701492537313433
67,GAM,0.17,0.9701492537313433
67,GAM,0.18,0.9701492537313433
67,GAM,0.19,0.9850746268656716
67,GAM,0.2,1.0
67,GAM,0.21,1.0
67,GAM,0.22,1.0
67,GAM,0.23,1.0
67,GAM,0.24,1.0
67,GAM,0.25,1.0
67,GAM,0.26,1.0
67,GAM,0.27,1.0
67,GAM,0.28,1.0
67,GAM,0.29,1.0
67,GAM,0.3,1.0
67,GAM,0.31,1.0
67,GAM,0.32,1.0
67,GAM,0.33,1.0
67,GAM,0.34,1.0
67,GAM,0.35000000000000003,1.0
67,GAM,0.36,1.0
67,GAM,0.37,1.0
67,GAM,0.38,1.0
67,GAM,0.39,1.0
67,GAM,0.4,1.0
67,GAM,0.41000000000000003,1.0
67,GAM,0.42,1.0
67,GAM,0.43,1.0
67,GAM,0.44,1.0
67,GAM,0.45,1.0
67,GAM,0.46,1.0
67,GAM,0.47000000000000003,1.0
67,GAM,0.48,1.0
67,GAM,0.49,1.0
67,GAM,0.5,1.0
67,GAM,0.51,1.0
67,GAM,0.52,1.0
67,GAM,0.53,1.0
67,GAM,0.54,1.0
67,GAM,0.55,1.0
67,GAM,0.56,1.0
67,GAM,0.5700000000000001,1.0
67,GAM,0.58,1.0
67,GAM,0.59,1.0
67,GAM,0.6,1.0
67,GAM,0.61,1.0
67,GAM,0.62,1.0
67,GAM,0.63,1.0
67,GAM,0.64,1.0
67,GAM,0.65,1.0
67,GAM,0.66,1.0
67,GAM,0.67,1.0
67,GAM,0.68,1.0
67,GAM,0.6900000000000001,1.0
67,GAM,0.7000000000000001,1.0
67,GAM,0.71,1.0
67,GAM,0.72,1.0
67,GAM,0.73,1.0
67,GAM,0.74,1.0
67,GAM,0.75,1.0
67,GAM,0.76,1.0
67,GAM,0.77,1.0
67,GAM,0.78,1.0
67,GAM,0.79,1.0
67,GAM,0.8,1.0
67,GAM,0.81,1.0
67,GAM,0.8200000000000001,1.0
67,GAM,0.8300000000000001,1.0
67,GAM,0.84,1.0
67,GAM,0.85,1.0
67,GAM,0.86,1.0
67,GAM,0.87,1.0
67,GAM,0.88,1.0
67,GAM,0.89,1.0
67,GAM,0.9,1.0
67,GAM,0.91,1.0
67,GAM,0.92,1.0
67,GAM,0.93,1.0
67,GAM,0.9400000000000001,1.0
67,GAM,0.9500000000000001,1.0
67,GAM,0.96,1.0
67,GAM,0.97,1.0
67,GAM,0.98,1.0
67,GAM,0.99,1.0
67,GAM,1.0,1.0
68,GAM,0.0,0.0
68,GAM,0.01,0.23880597014925373
68,GAM,0.02,0.7164179104477612
68,GAM,0.03,0.746268656716418
68,GAM,0.04,0.8507462686567164
68,GAM,0.05,0.8805970149253731
68,GAM,0.06,0.8955223880597015
68,GAM,0.07,0.8955223880597015
68,GAM,0.08,0.8955223880597015
68,GAM,0.09,0.8955223880597015
68,GAM,0.1,0.9402985074626866
68,GAM,0.11,0.9402985074626866
68,GAM,0.12,0.9402985074626866
68,GAM,0.13,0.9552238805970149
68,GAM,0.14,0.9552238805970149
68,GAM,0.15,0.9552238805970149
68,GAM,0.16,0.9701492537313433
68,GAM,0.17,0.9701492537313433
68,GAM,0.18,0.9701492537313433
68,GAM,0.19,0.9850746268656716
68,GAM,0.2,0.9850746268656716
68,GAM,0.21,0.9850746268656716
68,GAM,0.22,0.9850746268656716
68,GAM,0.23,0.9850746268656716
68,GAM,0.24,0.9850746268656716
68,GAM,0.25,0.9850746268656716
68,GAM,0.26,0.9850746268656716
68,GAM,0.27,0.9850746268656716
68,GAM,0.28,0.9850746268656716
68,GAM,0.29,0.9850746268656716
68,GAM,0.3,0.9850746268656716
68,GAM,0.31,0.9850746268656716
68,GAM,0.32,0.9850746268656716
68,GAM,0.33,0.9850746268656716
68,GAM,0.34,0.9850746268656716
68,GAM,0.35000000000000003,0.9850746268656716
68,GAM,0.36,0.9850746268656716
68,GAM,0.37,0.9850746268656716
68,GAM,0.38,0.9850746268656716
68,GAM,0.39,0.9850746268656716
68,GAM,0.4,0.9850746268656716
68,GAM,0.41000000000000003,0.9850746268656716
68,GAM,0.42,0.9850746268656716
68,GAM,0.43,0.9850746268656716
68,GAM,0.44,0.9850746268656716
68,GAM,0.45,0.9850746268656716
68,GAM,0.46,1.0
68,GAM,0.47000000000000003,1.0
68,GAM,0.48,1.0
68,GAM,0.49,1.0
68,GAM,0.5,1.0
68,GAM,0.51,1.0
68,GAM,0.52,1.0
68,GAM,0.53,1.0
68,GAM,0.54,1.0
68,GAM,0.55,1.0
68,GAM,0.56,1.0
68,GAM,0.5700000000000001,1.0
68,GAM,0.58,1.0
68,GAM,0.59,1.0
68,GAM,0.6,1.0
68,GAM,0.61,1.0
68,GAM,0.62,1.0
68,GAM,0.63,1.0
68,GAM,0.64,1.0
68,GAM,0.65,1.0
68,GAM,0.66,1.0
68,GAM,0.67,1.0
68,GAM,0.68,1.0
68,GAM,0.6900000000000001,1.0
68,GAM,0.7000000000000001,1.0
68,GAM,0.71,1.0
68,GAM,0.72,1.0
68,GAM,0.73,1.0
68,GAM,0.74,1.0
68,GAM,0.75,1.0
68,GAM,0.76,1.0
68,GAM,0.77,1.0
68,GAM,0.78,1.0
68,GAM,0.79,1.0
68,GAM,0.8,1.0
68,GAM,0.81,1.0
68,GAM,0.8200000000000001,1.0
68,GAM,0.8300000000000001,1.0
68,GAM,0.84,1.0
68,GAM,0.85,1.0
68,GAM,0.86,1.0
68,GAM,0.87,1.0
68,GAM,0.88,1.0
68,GAM,0.89,1.0
68,GAM,0.9,1.0
68,GAM,0.91,1.0
68,GAM,0.92,1.0
68,GAM,0.93,1.0
68,GAM,0.9400000000000001,1.0
68,GAM,0.9500000000000001,1.0
68,GAM,0.96,1.0
68,GAM,0.97,1.0
68,GAM,0.98,1.0
68,GAM,0.99,1.0
68,GAM,1.0,1.0
69,GAM,0.0,0.0
69,GAM,0.01,0.3880597014925373
69,GAM,0.02,0.44776119402985076
69,GAM,0.03,0.4925373134328358
69,GAM,0.04,0.7313432835820896
69,GAM,0.05,0.7611940298507462
69,GAM,0.06,0.7611940298507462
69,GAM,0.07,0.7761194029850746
69,GAM,0.08,0.7910447761194029
69,GAM,0.09,0.8805970149253731
69,GAM,0.1,0.8955223880597015
69,GAM,0.11,0.8955223880597015
69,GAM,0.12,0.9104477611940298
69,GAM,0.13,0.9253731343283582
69,GAM,0.14,0.9701492537313433
69,GAM,0.15,0.9701492537313433
69,GAM,0.16,0.9701492537313433
69,GAM,0.17,0.9701492537313433
69,GAM,0.18,0.9701492537313433
69,GAM,0.19,0.9701492537313433
69,GAM,0.2,0.9701492537313433
69,GAM,0.21,0.9850746268656716
69,GAM,0.22,0.9850746268656716
69,GAM,0.23,0.9850746268656716
69,GAM,0.24,0.9850746268656716
69,GAM,0.25,0.9850746268656716
69,GAM,0.26,0.9850746268656716
69,GAM,0.27,0.9850746268656716
69,GAM,0.28,0.9850746268656716
69,GAM,0.29,0.9850746268656716
69,GAM,0.3,0.9850746268656716
69,GAM,0.31,0.9850746268656716
69,GAM,0.32,0.9850746268656716
69,GAM,0.33,0.9850746268656716
69,GAM,0.34,0.9850746268656716
69,GAM,0.35000000000000003,0.9850746268656716
69,GAM,0.36,1.0
69,GAM,0.37,1.0
69,GAM,0.38,1.0
69,GAM,0.39,1.0
69,GAM,0.4,1.0
69,GAM,0.41000000000000003,1.0
69,GAM,0.42,1.0
69,GAM,0.43,1.0
69,GAM,0.44,1.0
69,GAM,0.45,1.0
69,GAM,0.46,1.0
69,GAM,0.47000000000000003,1.0
69,GAM,0.48,1.0
69,GAM,0.49,1.0
69,GAM,0.5,1.0
69,GAM,0.51,1.0
69,GAM,0.52,1.0
69,GAM,0.53,1.0
69,GAM,0.54,1.0
69,GAM,0.55,1.0
69,GAM,0.56,1.0
69,GAM,0.5700000000000001,1.0
69,GAM,0.58,1.0
69,GAM,0.59,1.0
69,GAM,0.6,1.0
69,GAM,0.61,1.0
69,GAM,0.62,1.0
69,GAM,0.63,1.0
69,GAM,0.64,1.0
69,GAM,0.65,1.0
69,GAM,0.66,1.0
69,GAM,0.67,1.0
69,GAM,0.68,1.0
69,GAM,0.6900000000000001,1.0
69,GAM,0.7000000000000001,1.0
69,GAM,0.71,1.0
69,GAM,0.72,1.0
69,GAM,0.73,1.0
69,GAM,0.74,1.0
69,GAM,0.75,1.0
69,GAM,0.76,1.0
69,GAM,0.77,1.0
69,GAM,0.78,1.0
69,GAM,0.79,1.0
69,GAM,0.8,1.0
69,GAM,0.81,1.0
69,GAM,0.8200000000000001,1.0
69,GAM,0.8300000000000001,1.0
69,GAM,0.84,1.0
69,GAM,0.85,1.0
69,GAM,0.86,1.0
69,GAM,0.87,1.0
69,GAM,0.88,1.0
69,GAM,0.89,1.0
69,GAM,0.9,1.0
69,GAM,0.91,1.0
69,GAM,0.92,1.0
69,GAM,0.93,1.0
69,GAM,0.9400000000000001,1.0
69,GAM,0.9500000000000001,1.0
69,GAM,0.96,1.0
69,GAM,0.97,1.0
69,GAM,0.98,1.0
69,GAM,0.99,1.0
69,GAM,1.0,1.0
70,GAM,0.0,0.0
70,GAM,0.01,0.34328358208955223
70,GAM,0.02,0.5671641791044776
70,GAM,0.03,0.6268656716417911
70,GAM,0.04,0.6567164179104478
70,GAM,0.05,0.7313432835820896
70,GAM,0.06,0.7313432835820896
70,GAM,0.07,0.8059701492537313
70,GAM,0.08,0.8208955223880597
70,GAM,0.09,0.835820895522388
70,GAM,0.1,0.8805970149253731
70,GAM,0.11,0.8805970149253731
70,GAM,0.12,0.8805970149253731
70,GAM,0.13,0.9253731343283582
70,GAM,0.14,0.9253731343283582
70,GAM,0.15,0.9253731343283582
70,GAM,0.16,0.9402985074626866
70,GAM,0.17,0.9402985074626866
70,GAM,0.18,0.9402985074626866
70,GAM,0.19,0.9552238805970149
70,GAM,0.2,0.9552238805970149
70,GAM,0.21,0.9552238805970149
70,GAM,0.22,0.9552238805970149
70,GAM,0.23,0.9701492537313433
70,GAM,0.24,0.9701492537313433
70,GAM,0.25,0.9701492537313433
70,GAM,0.26,0.9701492537313433
70,GAM,0.27,0.9701492537313433
70,GAM,0.28,0.9701492537313433
70,GAM,0.29,0.9701492537313433
70,GAM,0.3,0.9701492537313433
70,GAM,0.31,0.9701492537313433
70,GAM,0.32,0.9701492537313433
70,GAM,0.33,0.9701492537313433
70,GAM,0.34,0.9701492537313433
70,GAM,0.35000000000000003,0.9701492537313433
70,GAM,0.36,0.9701492537313433
70,GAM,0.37,0.9701492537313433
70,GAM,0.38,0.9701492537313433
70,GAM,0.39,0.9701492537313433
70,GAM,0.4,0.9701492537313433
70,GAM,0.41000000000000003,0.9701492537313433
70,GAM,0.42,0.9701492537313433
70,GAM,0.43,0.9701492537313433
70,GAM,0.44,0.9701492537313433
70,GAM,0.45,0.9701492537313433
70,GAM,0.46,0.9701492537313433
70,GAM,0.47000000000000003,0.9701492537313433
70,GAM,0.48,0.9701492537313433
70,GAM,0.49,0.9701492537313433
70,GAM,0.5,0.9701492537313433
70,GAM,0.51,0.9701492537313433
70,GAM,0.52,0.9701492537313433
70,GAM,0.53,0.9701492537313433
70,GAM,0.54,0.9701492537313433
70,GAM,0.55,0.9701492537313433
70,GAM,0.56,0.9701492537313433
70,GAM,0.5700000000000001,0.9701492537313433
70,GAM,0.58,0.9701492537313433
70,GAM,0.59,0.9850746268656716
70,GAM,0.6,0.9850746268656716
70,GAM,0.61,0.9850746268656716
70,GAM,0.62,0.9850746268656716
70,GAM,0.63,0.9850746268656716
70,GAM,0.64,0.9850746268656716
70,GAM,0.65,0.9850746268656716
70,GAM,0.66,0.9850746268656716
70,GAM,0.67,0.9850746268656716
70,GAM,0.68,0.9850746268656716
70,GAM,0.6900000000000001,0.9850746268656716
70,GAM,0.7000000000000001,0.9850746268656716
70,GAM,0.71,0.9850746268656716
70,GAM,0.72,1.0
70,GAM,0.73,1.0
70,GAM,0.74,1.0
70,GAM,0.75,1.0
70,GAM,0.76,1.0
70,GAM,0.77,1.0
70,GAM,0.78,1.0
70,GAM,0.79,1.0
70,GAM,0.8,1.0
70,GAM,0.81,1.0
70,GAM,0.8200000000000001,1.0
70,GAM,0.8300000000000001,1.0
70,GAM,0.84,1.0
70,GAM,0.85,1.0
70,GAM,0.86,1.0
70,GAM,0.87,1.0
70,GAM,0.88,1.0
70,GAM,0.89,1.0
70,GAM,0.9,1.0
70,GAM,0.91,1.0
70,GAM,0.92,1.0
70,GAM,0.93,1.0
70,GAM,0.9400000000000001,1.0
70,GAM,0.9500000000000001,1.0
70,GAM,0.96,1.0
70,GAM,0.97,1.0
70,GAM,0.98,1.0
70,GAM,0.99,1.0
70,GAM,1.0,1.0
71,GAM,0.0,0.0
71,GAM,0.01,0.26865671641791045
71,GAM,0.02,0.6119402985074627
71,GAM,0.03,0.6865671641791045
71,GAM,0.04,0.7014925373134329
71,GAM,0.05,0.7313432835820896
71,GAM,0.06,0.7313432835820896
71,GAM,0.07,0.7761194029850746
71,GAM,0.08,0.8059701492537313
71,GAM,0.09,0.8507462686567164
71,GAM,0.1,0.9104477611940298
71,GAM,0.11,0.9104477611940298
71,GAM,0.12,0.9104477611940298
71,GAM,0.13,0.9253731343283582
71,GAM,0.14,0.9253731343283582
71,GAM,0.15,0.9253731343283582
71,GAM,0.16,0.9402985074626866
71,GAM,0.17,0.9402985074626866
71,GAM,0.18,0.9552238805970149
71,GAM,0.19,0.9701492537313433
71,GAM,0.2,0.9701492537313433
71,GAM,0.21,0.9701492537313433
71,GAM,0.22,0.9701492537313433
71,GAM,0.23,0.9701492537313433
71,GAM,0.24,0.9701492537313433
71,GAM,0.25,0.9701492537313433
71,GAM,0.26,0.9701492537313433
71,GAM,0.27,0.9701492537313433
71,GAM,0.28,0.9701492537313433
71,GAM,0.29,0.9701492537313433
71,GAM,0.3,0.9701492537313433
71,GAM,0.31,0.9701492537313433
71,GAM,0.32,0.9701492537313433
71,GAM,0.33,0.9850746268656716
71,GAM,0.34,0.9850746268656716
71,GAM,0.35000000000000003,0.9850746268656716
71,GAM,0.36,0.9850746268656716
71,GAM,0.37,1.0
71,GAM,0.38,1.0
71,GAM,0.39,1.0
71,GAM,0.4,1.0
71,GAM,0.41000000000000003,1.0
71,GAM,0.42,1.0
71,GAM,0.43,1.0
71,GAM,0.44,1.0
71,GAM,0.45,1.0
71,GAM,0.46,1.0
71,GAM,0.47000000000000003,1.0
71,GAM,0.48,1.0
71,GAM,0.49,1.0
71,GAM,0.5,1.0
71,GAM,0.51,1.0
71,GAM,0.52,1.0
71,GAM,0.53,1.0
71,GAM,0.54,1.0
71,GAM,0.55,1.0
71,GAM,0.56,1.0
71,GAM,0.5700000000000001,1.0
71,GAM,0.58,1.0
71,GAM,0.59,1.0
71,GAM,0.6,1.0
71,GAM,0.61,1.0
71,GAM,0.62,1.0
71,GAM,0.63,1.0
71,GAM,0.64,1.0
71,GAM,0.65,1.0
71,GAM,0.66,1.0
71,GAM,0.67,1.0
71,GAM,0.68,1.0
71,GAM,0.6900000000000001,1.0
71,GAM,0.7000000000000001,1.0
71,GAM,0.71,1.0
71,GAM,0.72,1.0
71,GAM,0.73,1.0
71,GAM,0.74,1.0
71,GAM,0.75,1.0
71,GAM,0.76,1.0
71,GAM,0.77,1.0
71,GAM,0.78,1.0
71,GAM,0.79,1.0
71,GAM,0.8,1.0
71,GAM,0.81,1.0
71,GAM,0.8200000000000001,1.0
71,GAM,0.8300000000000001,1.0
71,GAM,0.84,1.0
71,GAM,0.85,1.0
71,GAM,0.86,1.0
71,GAM,0.87,1.0
71,GAM,0.88,1.0
71,GAM,0.89,1.0
71,GAM,0.9,1.0
71,GAM,0.91,1.0
71,GAM,0.92,1.0
71,GAM,0.93,1.0
71,GAM,0.9400000000000001,1.0
71,GAM,0.9500000000000001,1.0
71,GAM,0.96,1.0
71,GAM,0.97,1.0
71,GAM,0.98,1.0
71,GAM,0.99,1.0
71,GAM,1.0,1.0
72,GAM,0.0,0.0
72,GAM,0.01,0.6716417910447762
72,GAM,0.02,0.7164179104477612
72,GAM,0.03,0.7164179104477612
72,GAM,0.04,0.8507462686567164
72,GAM,0.05,0.8805970149253731
72,GAM,0.06,0.8955223880597015
72,GAM,0.07,0.9253731343283582
72,GAM,0.08,0.9253731343283582
72,GAM,0.09,0.9402985074626866
72,GAM,0.1,0.9402985074626866
72,GAM,0.11,0.9402985074626866
72,GAM,0.12,0.9402985074626866
72,GAM,0.13,0.9402985074626866
72,GAM,0.14,0.9402985074626866
72,GAM,0.15,0.9402985074626866
72,GAM,0.16,0.9552238805970149
72,GAM,0.17,0.9701492537313433
72,GAM,0.18,0.9701492537313433
72,GAM,0.19,0.9850746268656716
72,GAM,0.2,0.9850746268656716
72,GAM,0.21,0.9850746268656716
72,GAM,0.22,0.9850746268656716
72,GAM,0.23,0.9850746268656716
72,GAM,0.24,0.9850746268656716
72,GAM,0.25,0.9850746268656716
72,GAM,0.26,0.9850746268656716
72,GAM,0.27,0.9850746268656716
72,GAM,0.28,0.9850746268656716
72,GAM,0.29,0.9850746268656716
72,GAM,0.3,0.9850746268656716
72,GAM,0.31,0.9850746268656716
72,GAM,0.32,0.9850746268656716
72,GAM,0.33,0.9850746268656716
72,GAM,0.34,0.9850746268656716
72,GAM,0.35000000000000003,0.9850746268656716
72,GAM,0.36,0.9850746268656716
72,GAM,0.37,0.9850746268656716
72,GAM,0.38,0.9850746268656716
72,GAM,0.39,0.9850746268656716
72,GAM,0.4,0.9850746268656716
72,GAM,0.41000000000000003,0.9850746268656716
72,GAM,0.42,0.9850746268656716
72,GAM,0.43,1.0
72,GAM,0.44,1.0
72,GAM,0.45,1.0
72,GAM,0.46,1.0
72,GAM,0.47000000000000003,1.0
72,GAM,0.48,1.0
72,GAM,0.49,1.0
72,GAM,0.5,1.0
72,GAM,0.51,1.0
72,GAM,0.52,1.0
72,GAM,0.53,1.0
72,GAM,0.54,1.0
72,GAM,0.55,1.0
72,GAM,0.56,1.0
72,GAM,0.5700000000000001,1.0
72,GAM,0.58,1.0
72,GAM,0.59,1.0
72,GAM,0.6,1.0
72,GAM,0.61,1.0
72,GAM,0.62,1.0
72,GAM,0.63,1.0
72,GAM,0.64,1.0
72,GAM,0.65,1.0
72,GAM,0.66,1.0
72,GAM,0.67,1.0
72,GAM,0.68,1.0
72,GAM,0.6900000000000001,1.0
72,GAM,0.7000000000000001,1.0
72,GAM,0.71,1.0
72,GAM,0.72,1.0
72,GAM,0.73,1.0
72,GAM,0.74,1.0
72,GAM,0.75,1.0
72,GAM,0.76,1.0
72,GAM,0.77,1.0
72,GAM,0.78,1.0
72,GAM,0.79,1.0
72,GAM,0.8,1.0
72,GAM,0.81,1.0
72,GAM,0.8200000000000001,1.0
72,GAM,0.8300000000000001,1.0
72,GAM,0.84,1.0
72,GAM,0.85,1.0
72,GAM,0.86,1.0
72,GAM,0.87,1.0
72,GAM,0.88,1.0
72,GAM,0.89,1.0
72,GAM,0.9,1.0
72,GAM,0.91,1.0
72,GAM,0.92,1.0
72,GAM,0.93,1.0
72,GAM,0.9400000000000001,1.0
72,GAM,0.9500000000000001,1.0
72,GAM,0.96,1.0
72,GAM,0.97,1.0
72,GAM,0.98,1.0
72,GAM,0.99,1.0
72,GAM,1.0,1.0
73,GAM,0.0,0.0
73,GAM,0.01,0.23880597014925373
73,GAM,0.02,0.3880597014925373
73,GAM,0.03,0.417910447761194
73,GAM,0.04,0.44776119402985076
73,GAM,0.05,0.44776119402985076
73,GAM,0.06,0.5223880597014925
73,GAM,0.07,0.7611940298507462
73,GAM,0.08,0.8208955223880597
73,GAM,0.09,0.8208955223880597
73,GAM,0.1,0.8656716417910447
73,GAM,0.11,0.8656716417910447
73,GAM,0.12,0.9104477611940298
73,GAM,0.13,0.9104477611940298
73,GAM,0.14,0.9104477611940298
73,GAM,0.15,0.9104477611940298
73,GAM,0.16,0.9104477611940298
73,GAM,0.17,0.9104477611940298
73,GAM,0.18,0.9104477611940298
73,GAM,0.19,0.9104477611940298
73,GAM,0.2,0.9104477611940298
73,GAM,0.21,0.9253731343283582
73,GAM,0.22,0.9402985074626866
73,GAM,0.23,0.9402985074626866
73,GAM,0.24,0.9402985074626866
73,GAM,0.25,0.9402985074626866
73,GAM,0.26,0.9552238805970149
73,GAM,0.27,0.9701492537313433
73,GAM,0.28,0.9701492537313433
73,GAM,0.29,0.9701492537313433
73,GAM,0.3,0.9701492537313433
73,GAM,0.31,0.9701492537313433
73,GAM,0.32,0.9850746268656716
73,GAM,0.33,0.9850746268656716
73,GAM,0.34,0.9850746268656716
73,GAM,0.35000000000000003,0.9850746268656716
73,GAM,0.36,1.0
73,GAM,0.37,1.0
73,GAM,0.38,1.0
73,GAM,0.39,1.0
73,GAM,0.4,1.0
73,GAM,0.41000000000000003,1.0
73,GAM,0.42,1.0
73,GAM,0.43,1.0
73,GAM,0.44,1.0
73,GAM,0.45,1.0
73,GAM,0.46,1.0
73,GAM,0.47000000000000003,1.0
73,GAM,0.48,1.0
73,GAM,0.49,1.0
73,GAM,0.5,1.0
73,GAM,0.51,1.0
73,GAM,0.52,1.0
73,GAM,0.53,1.0
73,GAM,0.54,1.0
73,GAM,0.55,1.0
73,GAM,0.56,1.0
73,GAM,0.5700000000000001,1.0
73,GAM,0.58,1.0
73,GAM,0.59,1.0
73,GAM,0.6,1.0
73,GAM,0.61,1.0
73,GAM,0.62,1.0
73,GAM,0.63,1.0
73,GAM,0.64,1.0
73,GAM,0.65,1.0
73,GAM,0.66,1.0
73,GAM,0.67,1.0
73,GAM,0.68,1.0
73,GAM,0.6900000000000001,1.0
73,GAM,0.7000000000000001,1.0
73,GAM,0.71,1.0
73,GAM,0.72,1.0
73,GAM,0.73,1.0
73,GAM,0.74,1.0
73,GAM,0.75,1.0
73,GAM,0.76,1.0
73,GAM,0.77,1.0
73,GAM,0.78,1.0
73,GAM,0.79,1.0
73,GAM,0.8,1.0
73,GAM,0.81,1.0
73,GAM,0.8200000000000001,1.0
73,GAM,0.8300000000000001,1.0
73,GAM,0.84,1.0
73,GAM,0.85,1.0
73,GAM,0.86,1.0
73,GAM,0.87,1.0
73,GAM,0.88,1.0
73,GAM,0.89,1.0
73,GAM,0.9,1.0
73,GAM,0.91,1.0
73,GAM,0.92,1.0
73,GAM,0.93,1.0
73,GAM,0.9400000000000001,1.0
73,GAM,0.9500000000000001,1.0
73,GAM,0.96,1.0
73,GAM,0.97,1.0
73,GAM,0.98,1.0
73,GAM,0.99,1.0
73,GAM,1.0,1.0
74,GAM,0.0,0.0
74,GAM,0.01,0.5970149253731343
74,GAM,0.02,0.6417910447761194
74,GAM,0.03,0.6417910447761194
74,GAM,0.04,0.7014925373134329
74,GAM,0.05,0.7910447761194029
74,GAM,0.06,0.835820895522388
74,GAM,0.07,0.8507462686567164
74,GAM,0.08,0.8507462686567164
74,GAM,0.09,0.8507462686567164
74,GAM,0.1,0.8656716417910447
74,GAM,0.11,0.8805970149253731
74,GAM,0.12,0.8805970149253731
74,GAM,0.13,0.8955223880597015
74,GAM,0.14,0.9104477611940298
74,GAM,0.15,0.9104477611940298
74,GAM,0.16,0.9104477611940298
74,GAM,0.17,0.9104477611940298
74,GAM,0.18,0.9104477611940298
74,GAM,0.19,0.9253731343283582
74,GAM,0.2,0.9253731343283582
74,GAM,0.21,0.9253731343283582
74,GAM,0.22,0.9253731343283582
74,GAM,0.23,0.9253731343283582
74,GAM,0.24,0.9253731343283582
74,GAM,0.25,0.9552238805970149
74,GAM,0.26,0.9552238805970149
74,GAM,0.27,0.9552238805970149
74,GAM,0.28,0.9552238805970149
74,GAM,0.29,0.9552238805970149
74,GAM,0.3,0.9552238805970149
74,GAM,0.31,0.9552238805970149
74,GAM,0.32,0.9552238805970149
74,GAM,0.33,0.9552238805970149
74,GAM,0.34,0.9552238805970149
74,GAM,0.35000000000000003,0.9552238805970149
74,GAM,0.36,0.9701492537313433
74,GAM,0.37,0.9701492537313433
74,GAM,0.38,0.9701492537313433
74,GAM,0.39,0.9701492537313433
74,GAM,0.4,0.9701492537313433
74,GAM,0.41000000000000003,0.9701492537313433
74,GAM,0.42,0.9701492537313433
74,GAM,0.43,0.9701492537313433
74,GAM,0.44,0.9701492537313433
74,GAM,0.45,0.9701492537313433
74,GAM,0.46,0.9701492537313433
74,GAM,0.47000000000000003,0.9701492537313433
74,GAM,0.48,0.9701492537313433
74,GAM,0.49,0.9701492537313433
74,GAM,0.5,0.9701492537313433
74,GAM,0.51,0.9701492537313433
74,GAM,0.52,0.9850746268656716
74,GAM,0.53,0.9850746268656716
74,GAM,0.54,0.9850746268656716
74,GAM,0.55,0.9850746268656716
74,GAM,0.56,0.9850746268656716
74,GAM,0.5700000000000001,0.9850746268656716
74,GAM,0.58,0.9850746268656716
74,GAM,0.59,0.9850746268656716
74,GAM,0.6,0.9850746268656716
74,GAM,0.61,0.9850746268656716
74,GAM,0.62,0.9850746268656716
74,GAM,0.63,0.9850746268656716
74,GAM,0.64,0.9850746268656716
74,GAM,0.65,0.9850746268656716
74,GAM,0.66,0.9850746268656716
74,GAM,0.67,0.9850746268656716
74,GAM,0.68,0.9850746268656716
74,GAM,0.6900000000000001,0.9850746268656716
74,GAM,0.7000000000000001,0.9850746268656716
74,GAM,0.71,0.9850746268656716
74,GAM,0.72,0.9850746268656716
74,GAM,0.73,0.9850746268656716
74,GAM,0.74,0.9850746268656716
74,GAM,0.75,0.9850746268656716
74,GAM,0.76,0.9850746268656716
74,GAM,0.77,0.9850746268656716
74,GAM,0.78,0.9850746268656716
74,GAM,0.79,0.9850746268656716
74,GAM,0.8,0.9850746268656716
74,GAM,0.81,0.9850746268656716
74,GAM,0.8200000000000001,1.0
74,GAM,0.8300000000000001,1.0
74,GAM,0.84,1.0
74,GAM,0.85,1.0
74,GAM,0.86,1.0
74,GAM,0.87,1.0
74,GAM,0.88,1.0
74,GAM,0.89,1.0
74,GAM,0.9,1.0
74,GAM,0.91,1.0
74,GAM,0.92,1.0
74,GAM,0.93,1.0
74,GAM,0.9400000000000001,1.0
74,GAM,0.9500000000000001,1.0
74,GAM,0.96,1.0
74,GAM,0.97,1.0
74,GAM,0.98,1.0
74,GAM,0.99,1.0
74,GAM,1.0,1.0
75,GAM,0.0,0.0
75,GAM,0.01,0.6417910447761194
75,GAM,0.02,0.6417910447761194
75,GAM,0.03,0.6417910447761194
75,GAM,0.04,0.7761194029850746
75,GAM,0.05,0.8059701492537313
75,GAM,0.06,0.8507462686567164
75,GAM,0.07,0.8656716417910447
75,GAM,0.08,0.8955223880597015
75,GAM,0.09,0.8955223880597015
75,GAM,0.1,0.9104477611940298
75,GAM,0.11,0.9104477611940298
75,GAM,0.12,0.9104477611940298
75,GAM,0.13,0.9402985074626866
75,GAM,0.14,0.9552238805970149
75,GAM,0.15,0.9552238805970149
75,GAM,0.16,0.9552238805970149
75,GAM,0.17,0.9552238805970149
75,GAM,0.18,0.9552238805970149
75,GAM,0.19,0.9701492537313433
75,GAM,0.2,0.9701492537313433
75,GAM,0.21,0.9701492537313433
75,GAM,0.22,0.9701492537313433
75,GAM,0.23,0.9701492537313433
75,GAM,0.24,0.9701492537313433
75,GAM,0.25,0.9701492537313433
75,GAM,0.26,0.9701492537313433
75,GAM,0.27,0.9701492537313433
75,GAM,0.28,0.9701492537313433
75,GAM,0.29,0.9701492537313433
75,GAM,0.3,0.9701492537313433
75,GAM,0.31,0.9701492537313433
75,GAM,0.32,0.9701492537313433
75,GAM,0.33,0.9701492537313433
75,GAM,0.34,0.9701492537313433
75,GAM,0.35000000000000003,0.9701492537313433
75,GAM,0.36,0.9701492537313433
75,GAM,0.37,0.9701492537313433
75,GAM,0.38,0.9701492537313433
75,GAM,0.39,0.9701492537313433
75,GAM,0.4,0.9701492537313433
75,GAM,0.41000000000000003,0.9701492537313433
75,GAM,0.42,0.9701492537313433
75,GAM,0.43,0.9701492537313433
75,GAM,0.44,0.9701492537313433
75,GAM,0.45,0.9701492537313433
75,GAM,0.46,0.9850746268656716
75,GAM,0.47000000000000003,0.9850746268656716
75,GAM,0.48,0.9850746268656716
75,GAM,0.49,0.9850746268656716
75,GAM,0.5,0.9850746268656716
75,GAM,0.51,0.9850746268656716
75,GAM,0.52,0.9850746268656716
75,GAM,0.53,0.9850746268656716
75,GAM,0.54,0.9850746268656716
75,GAM,0.55,0.9850746268656716
75,GAM,0.56,0.9850746268656716
75,GAM,0.5700000000000001,0.9850746268656716
75,GAM,0.58,0.9850746268656716
75,GAM,0.59,0.9850746268656716
75,GAM,0.6,0.9850746268656716
75,GAM,0.61,0.9850746268656716
75,GAM,0.62,0.9850746268656716
75,GAM,0.63,0.9850746268656716
75,GAM,0.64,1.0
75,GAM,0.65,1.0
75,GAM,0.66,1.0
75,GAM,0.67,1.0
75,GAM,0.68,1.0
75,GAM,0.6900000000000001,1.0
75,GAM,0.7000000000000001,1.0
75,GAM,0.71,1.0
75,GAM,0.72,1.0
75,GAM,0.73,1.0
75,GAM,0.74,1.0
75,GAM,0.75,1.0
75,GAM,0.76,1.0
75,GAM,0.77,1.0
75,GAM,0.78,1.0
75,GAM,0.79,1.0
75,GAM,0.8,1.0
75,GAM,0.81,1.0
75,GAM,0.8200000000000001,1.0
75,GAM,0.8300000000000001,1.0
75,GAM,0.84,1.0
75,GAM,0.85,1.0
75,GAM,0.86,1.0
75,GAM,0.87,1.0
75,GAM,0.88,1.0
75,GAM,0.89,1.0
75,GAM,0.9,1.0
75,GAM,0.91,1.0
75,GAM,0.92,1.0
75,GAM,0.93,1.0
75,GAM,0.9400000000000001,1.0
75,GAM,0.9500000000000001,1.0
75,GAM,0.96,1.0
75,GAM,0.97,1.0
75,GAM,0.98,1.0
75,GAM,0.99,1.0
75,GAM,1.0,1.0
76,GAM,0.0,0.0
76,GAM,0.01,0.22388059701492538
76,GAM,0.02,0.2835820895522388
76,GAM,0.03,0.5223880597014925
76,GAM,0.04,0.6716417910447762
76,GAM,0.05,0.7910447761194029
76,GAM,0.06,0.7910447761194029
76,GAM,0.07,0.7910447761194029
76,GAM,0.08,0.8059701492537313
76,GAM,0.09,0.8208955223880597
76,GAM,0.1,0.835820895522388
76,GAM,0.11,0.835820895522388
76,GAM,0.12,0.8656716417910447
76,GAM,0.13,0.8656716417910447
76,GAM,0.14,0.8656716417910447
76,GAM,0.15,0.8656716417910447
76,GAM,0.16,0.8656716417910447
76,GAM,0.17,0.8805970149253731
76,GAM,0.18,0.8805970149253731
76,GAM,0.19,0.9104477611940298
76,GAM,0.2,0.9104477611940298
76,GAM,0.21,0.9104477611940298
76,GAM,0.22,0.9253731343283582
76,GAM,0.23,0.9253731343283582
76,GAM,0.24,0.9253731343283582
76,GAM,0.25,0.9253731343283582
76,GAM,0.26,0.9402985074626866
76,GAM,0.27,0.9402985074626866
76,GAM,0.28,0.9402985074626866
76,GAM,0.29,0.9402985074626866
76,GAM,0.3,0.9402985074626866
76,GAM,0.31,0.9402985074626866
76,GAM,0.32,0.9402985074626866
76,GAM,0.33,0.9552238805970149
76,GAM,0.34,0.9552238805970149
76,GAM,0.35000000000000003,0.9552238805970149
76,GAM,0.36,0.9552238805970149
76,GAM,0.37,0.9552238805970149
76,GAM,0.38,0.9552238805970149
76,GAM,0.39,0.9701492537313433
76,GAM,0.4,0.9701492537313433
76,GAM,0.41000000000000003,0.9701492537313433
76,GAM,0.42,0.9701492537313433
76,GAM,0.43,0.9701492537313433
76,GAM,0.44,0.9701492537313433
76,GAM,0.45,0.9701492537313433
76,GAM,0.46,0.9701492537313433
76,GAM,0.47000000000000003,0.9701492537313433
76,GAM,0.48,0.9701492537313433
76,GAM,0.49,0.9701492537313433
76,GAM,0.5,0.9701492537313433
76,GAM,0.51,0.9701492537313433
76,GAM,0.52,0.9701492537313433
76,GAM,0.53,0.9701492537313433
76,GAM,0.54,0.9701492537313433
76,GAM,0.55,0.9701492537313433
76,GAM,0.56,0.9701492537313433
76,GAM,0.5700000000000001,0.9701492537313433
76,GAM,0.58,0.9701492537313433
76,GAM,0.59,0.9701492537313433
76,GAM,0.6,0.9701492537313433
76,GAM,0.61,0.9701492537313433
76,GAM,0.62,0.9701492537313433
76,GAM,0.63,0.9701492537313433
76,GAM,0.64,0.9701492537313433
76,GAM,0.65,0.9701492537313433
76,GAM,0.66,0.9850746268656716
76,GAM,0.67,0.9850746268656716
76,GAM,0.68,0.9850746268656716
76,GAM,0.6900000000000001,0.9850746268656716
76,GAM,0.7000000000000001,0.9850746268656716
76,GAM,0.71,0.9850746268656716
76,GAM,0.72,0.9850746268656716
76,GAM,0.73,0.9850746268656716
76,GAM,0.74,0.9850746268656716
76,GAM,0.75,0.9850746268656716
76,GAM,0.76,0.9850746268656716
76,GAM,0.77,0.9850746268656716
76,GAM,0.78,1.0
76,GAM,0.79,1.0
76,GAM,0.8,1.0
76,GAM,0.81,1.0
76,GAM,0.8200000000000001,1.0
76,GAM,0.8300000000000001,1.0
76,GAM,0.84,1.0
76,GAM,0.85,1.0
76,GAM,0.86,1.0
76,GAM,0.87,1.0
76,GAM,0.88,1.0
76,GAM,0.89,1.0
76,GAM,0.9,1.0
76,GAM,0.91,1.0
76,GAM,0.92,1.0
76,GAM,0.93,1.0
76,GAM,0.9400000000000001,1.0
76,GAM,0.9500000000000001,1.0
76,GAM,0.96,1.0
76,GAM,0.97,1.0
76,GAM,0.98,1.0
76,GAM,0.99,1.0
76,GAM,1.0,1.0
77,GAM,0.0,0.0
77,GAM,0.01,0.2835820895522388
77,GAM,0.02,0.6268656716417911
77,GAM,0.03,0.6567164179104478
77,GAM,0.04,0.6716417910447762
77,GAM,0.05,0.746268656716418
77,GAM,0.06,0.7611940298507462
77,GAM,0.07,0.8656716417910447
77,GAM,0.08,0.8656716417910447
77,GAM,0.09,0.8656716417910447
77,GAM,0.1,0.8955223880597015
77,GAM,0.11,0.9402985074626866
77,GAM,0.12,0.9402985074626866
77,GAM,0.13,0.9402985074626866
77,GAM,0.14,0.9402985074626866
77,GAM,0.15,0.9552238805970149
77,GAM,0.16,0.9701492537313433
77,GAM,0.17,0.9701492537313433
77,GAM,0.18,0.9701492537313433
77,GAM,0.19,0.9701492537313433
77,GAM,0.2,0.9701492537313433
77,GAM,0.21,0.9701492537313433
77,GAM,0.22,0.9701492537313433
77,GAM,0.23,0.9701492537313433
77,GAM,0.24,0.9701492537313433
77,GAM,0.25,0.9701492537313433
77,GAM,0.26,0.9701492537313433
77,GAM,0.27,0.9701492537313433
77,GAM,0.28,0.9701492537313433
77,GAM,0.29,0.9701492537313433
77,GAM,0.3,0.9701492537313433
77,GAM,0.31,0.9701492537313433
77,GAM,0.32,0.9701492537313433
77,GAM,0.33,0.9701492537313433
77,GAM,0.34,0.9701492537313433
77,GAM,0.35000000000000003,0.9701492537313433
77,GAM,0.36,0.9701492537313433
77,GAM,0.37,0.9701492537313433
77,GAM,0.38,1.0
77,GAM,0.39,1.0
77,GAM,0.4,1.0
77,GAM,0.41000000000000003,1.0
77,GAM,0.42,1.0
77,GAM,0.43,1.0
77,GAM,0.44,1.0
77,GAM,0.45,1.0
77,GAM,0.46,1.0
77,GAM,0.47000000000000003,1.0
77,GAM,0.48,1.0
77,GAM,0.49,1.0
77,GAM,0.5,1.0
77,GAM,0.51,1.0
77,GAM,0.52,1.0
77,GAM,0.53,1.0
77,GAM,0.54,1.0
77,GAM,0.55,1.0
77,GAM,0.56,1.0
77,GAM,0.5700000000000001,1.0
77,GAM,0.58,1.0
77,GAM,0.59,1.0
77,GAM,0.6,1.0
77,GAM,0.61,1.0
77,GAM,0.62,1.0
77,GAM,0.63,1.0
77,GAM,0.64,1.0
77,GAM,0.65,1.0
77,GAM,0.66,1.0
77,GAM,0.67,1.0
77,GAM,0.68,1.0
77,GAM,0.6900000000000001,1.0
77,GAM,0.7000000000000001,1.0
77,GAM,0.71,1.0
77,GAM,0.72,1.0
77,GAM,0.73,1.0
77,GAM,0.74,1.0
77,GAM,0.75,1.0
77,GAM,0.76,1.0
77,GAM,0.77,1.0
77,GAM,0.78,1.0
77,GAM,0.79,1.0
77,GAM,0.8,1.0
77,GAM,0.81,1.0
77,GAM,0.8200000000000001,1.0
77,GAM,0.8300000000000001,1.0
77,GAM,0.84,1.0
77,GAM,0.85,1.0
77,GAM,0.86,1.0
77,GAM,0.87,1.0
77,GAM,0.88,1.0
77,GAM,0.89,1.0
77,GAM,0.9,1.0
77,GAM,0.91,1.0
77,GAM,0.92,1.0
77,GAM,0.93,1.0
77,GAM,0.9400000000000001,1.0
77,GAM,0.9500000000000001,1.0
77,GAM,0.96,1.0
77,GAM,0.97,1.0
77,GAM,0.98,1.0
77,GAM,0.99,1.0
77,GAM,1.0,1.0
78,GAM,0.0,0.0
78,GAM,0.01,0.34328358208955223
78,GAM,0.02,0.6268656716417911
78,GAM,0.03,0.6417910447761194
78,GAM,0.04,0.6417910447761194
78,GAM,0.05,0.6567164179104478
78,GAM,0.06,0.6865671641791045
78,GAM,0.07,0.7014925373134329
78,GAM,0.08,0.7910447761194029
78,GAM,0.09,0.7910447761194029
78,GAM,0.1,0.8507462686567164
78,GAM,0.11,0.8507462686567164
78,GAM,0.12,0.8507462686567164
78,GAM,0.13,0.8656716417910447
78,GAM,0.14,0.8656716417910447
78,GAM,0.15,0.8656716417910447
78,GAM,0.16,0.8805970149253731
78,GAM,0.17,0.9253731343283582
78,GAM,0.18,0.9253731343283582
78,GAM,0.19,0.9253731343283582
78,GAM,0.2,0.9402985074626866
78,GAM,0.21,0.9402985074626866
78,GAM,0.22,0.9552238805970149
78,GAM,0.23,0.9701492537313433
78,GAM,0.24,0.9701492537313433
78,GAM,0.25,0.9701492537313433
78,GAM,0.26,0.9701492537313433
78,GAM,0.27,0.9701492537313433
78,GAM,0.28,0.9701492537313433
78,GAM,0.29,0.9701492537313433
78,GAM,0.3,0.9701492537313433
78,GAM,0.31,0.9701492537313433
78,GAM,0.32,0.9701492537313433
78,GAM,0.33,0.9701492537313433
78,GAM,0.34,0.9701492537313433
78,GAM,0.35000000000000003,0.9701492537313433
78,GAM,0.36,0.9701492537313433
78,GAM,0.37,0.9701492537313433
78,GAM,0.38,0.9701492537313433
78,GAM,0.39,0.9701492537313433
78,GAM,0.4,0.9701492537313433
78,GAM,0.41000000000000003,0.9701492537313433
78,GAM,0.42,0.9701492537313433
78,GAM,0.43,0.9701492537313433
78,GAM,0.44,0.9850746268656716
78,GAM,0.45,0.9850746268656716
78,GAM,0.46,1.0
78,GAM,0.47000000000000003,1.0
78,GAM,0.48,1.0
78,GAM,0.49,1.0
78,GAM,0.5,1.0
78,GAM,0.51,1.0
78,GAM,0.52,1.0
78,GAM,0.53,1.0
78,GAM,0.54,1.0
78,GAM,0.55,1.0
78,GAM,0.56,1.0
78,GAM,0.5700000000000001,1.0
78,GAM,0.58,1.0
78,GAM,0.59,1.0
78,GAM,0.6,1.0
78,GAM,0.61,1.0
78,GAM,0.62,1.0
78,GAM,0.63,1.0
78,GAM,0.64,1.0
78,GAM,0.65,1.0
78,GAM,0.66,1.0
78,GAM,0.67,1.0
78,GAM,0.68,1.0
78,GAM,0.6900000000000001,1.0
78,GAM,0.7000000000000001,1.0
78,GAM,0.71,1.0
78,GAM,0.72,1.0
78,GAM,0.73,1.0
78,GAM,0.74,1.0
78,GAM,0.75,1.0
78,GAM,0.76,1.0
78,GAM,0.77,1.0
78,GAM,0.78,1.0
78,GAM,0.79,1.0
78,GAM,0.8,1.0
78,GAM,0.81,1.0
78,GAM,0.8200000000000001,1.0
78,GAM,0.8300000000000001,1.0
78,GAM,0.84,1.0
78,GAM,0.85,1.0
78,GAM,0.86,1.0
78,GAM,0.87,1.0
78,GAM,0.88,1.0
78,GAM,0.89,1.0
78,GAM,0.9,1.0
78,GAM,0.91,1.0
78,GAM,0.92,1.0
78,GAM,0.93,1.0
78,GAM,0.9400000000000001,1.0
78,GAM,0.9500000000000001,1.0
78,GAM,0.96,1.0
78,GAM,0.97,1.0
78,GAM,0.98,1.0
78,GAM,0.99,1.0
78,GAM,1.0,1.0
79,GAM,0.0,0.0
79,GAM,0.01,0.44776119402985076
79,GAM,0.02,0.5671641791044776
79,GAM,0.03,0.5671641791044776
79,GAM,0.04,0.6119402985074627
79,GAM,0.05,0.6119402985074627
79,GAM,0.06,0.6567164179104478
79,GAM,0.07,0.7761194029850746
79,GAM,0.08,0.7910447761194029
79,GAM,0.09,0.8059701492537313
79,GAM,0.1,0.8059701492537313
79,GAM,0.11,0.8955223880597015
79,GAM,0.12,0.9104477611940298
79,GAM,0.13,0.9253731343283582
79,GAM,0.14,0.9253731343283582
79,GAM,0.15,0.9253731343283582
79,GAM,0.16,0.9253731343283582
79,GAM,0.17,0.9402985074626866
79,GAM,0.18,0.9402985074626866
79,GAM,0.19,0.9402985074626866
79,GAM,0.2,0.9402985074626866
79,GAM,0.21,0.9402985074626866
79,GAM,0.22,0.9402985074626866
79,GAM,0.23,0.9552238805970149
79,GAM,0.24,0.9552238805970149
79,GAM,0.25,0.9552238805970149
79,GAM,0.26,0.9552238805970149
79,GAM,0.27,0.9552238805970149
79,GAM,0.28,0.9552238805970149
79,GAM,0.29,0.9552238805970149
79,GAM,0.3,0.9552238805970149
79,GAM,0.31,0.9552238805970149
79,GAM,0.32,0.9552238805970149
79,GAM,0.33,0.9552238805970149
79,GAM,0.34,0.9701492537313433
79,GAM,0.35000000000000003,0.9701492537313433
79,GAM,0.36,0.9701492537313433
79,GAM,0.37,0.9701492537313433
79,GAM,0.38,0.9701492537313433
79,GAM,0.39,0.9701492537313433
79,GAM,0.4,0.9701492537313433
79,GAM,0.41000000000000003,0.9701492537313433
79,GAM,0.42,0.9701492537313433
79,GAM,0.43,0.9701492537313433
79,GAM,0.44,0.9701492537313433
79,GAM,0.45,0.9701492537313433
79,GAM,0.46,0.9701492537313433
79,GAM,0.47000000000000003,0.9701492537313433
79,GAM,0.48,0.9701492537313433
79,GAM,0.49,0.9850746268656716
79,GAM,0.5,0.9850746268656716
79,GAM,0.51,0.9850746268656716
79,GAM,0.52,0.9850746268656716
79,GAM,0.53,0.9850746268656716
79,GAM,0.54,0.9850746268656716
79,GAM,0.55,0.9850746268656716
79,GAM,0.56,0.9850746268656716
79,GAM,0.5700000000000001,0.9850746268656716
79,GAM,0.58,0.9850746268656716
79,GAM,0.59,0.9850746268656716
79,GAM,0.6,0.9850746268656716
79,GAM,0.61,0.9850746268656716
79,GAM,0.62,0.9850746268656716
79,GAM,0.63,0.9850746268656716
79,GAM,0.64,0.9850746268656716
79,GAM,0.65,0.9850746268656716
79,GAM,0.66,0.9850746268656716
79,GAM,0.67,0.9850746268656716
79,GAM,0.68,0.9850746268656716
79,GAM,0.6900000000000001,0.9850746268656716
79,GAM,0.7000000000000001,0.9850746268656716
79,GAM,0.71,0.9850746268656716
79,GAM,0.72,0.9850746268656716
79,GAM,0.73,0.9850746268656716
79,GAM,0.74,0.9850746268656716
79,GAM,0.75,0.9850746268656716
79,GAM,0.76,0.9850746268656716
79,GAM,0.77,0.9850746268656716
79,GAM,0.78,0.9850746268656716
79,GAM,0.79,1.0
79,GAM,0.8,1.0
79,GAM,0.81,1.0
79,GAM,0.8200000000000001,1.0
79,GAM,0.8300000000000001,1.0
79,GAM,0.84,1.0
79,GAM,0.85,1.0
79,GAM,0.86,1.0
79,GAM,0.87,1.0
79,GAM,0.88,1.0
79,GAM,0.89,1.0
79,GAM,0.9,1.0
79,GAM,0.91,1.0
79,GAM,0.92,1.0
79,GAM,0.93,1.0
79,GAM,0.9400000000000001,1.0
79,GAM,0.9500000000000001,1.0
79,GAM,0.96,1.0
79,GAM,0.97,1.0
79,GAM,0.98,1.0
79,GAM,0.99,1.0
79,GAM,1.0,1.0
80,GAM,0.0,0.0
80,GAM,0.01,0.26865671641791045
80,GAM,0.02,0.5671641791044776
80,GAM,0.03,0.6716417910447762
80,GAM,0.04,0.7014925373134329
80,GAM,0.05,0.7164179104477612
80,GAM,0.06,0.7761194029850746
80,GAM,0.07,0.8805970149253731
80,GAM,0.08,0.8805970149253731
80,GAM,0.09,0.8805970149253731
80,GAM,0.1,0.8955223880597015
80,GAM,0.11,0.9104477611940298
80,GAM,0.12,0.9104477611940298
80,GAM,0.13,0.9253731343283582
80,GAM,0.14,0.9253731343283582
80,GAM,0.15,0.9253731343283582
80,GAM,0.16,0.9253731343283582
80,GAM,0.17,0.9552238805970149
80,GAM,0.18,0.9552238805970149
80,GAM,0.19,0.9552238805970149
80,GAM,0.2,0.9701492537313433
80,GAM,0.21,0.9701492537313433
80,GAM,0.22,0.9701492537313433
80,GAM,0.23,0.9701492537313433
80,GAM,0.24,0.9701492537313433
80,GAM,0.25,0.9701492537313433
80,GAM,0.26,0.9701492537313433
80,GAM,0.27,0.9701492537313433
80,GAM,0.28,0.9701492537313433
80,GAM,0.29,0.9701492537313433
80,GAM,0.3,0.9701492537313433
80,GAM,0.31,0.9701492537313433
80,GAM,0.32,0.9701492537313433
80,GAM,0.33,0.9701492537313433
80,GAM,0.34,0.9701492537313433
80,GAM,0.35000000000000003,0.9701492537313433
80,GAM,0.36,0.9701492537313433
80,GAM,0.37,0.9701492537313433
80,GAM,0.38,0.9701492537313433
80,GAM,0.39,0.9701492537313433
80,GAM,0.4,0.9701492537313433
80,GAM,0.41000000000000003,0.9701492537313433
80,GAM,0.42,0.9701492537313433
80,GAM,0.43,0.9701492537313433
80,GAM,0.44,0.9701492537313433
80,GAM,0.45,0.9701492537313433
80,GAM,0.46,0.9701492537313433
80,GAM,0.47000000000000003,0.9701492537313433
80,GAM,0.48,0.9701492537313433
80,GAM,0.49,0.9701492537313433
80,GAM,0.5,0.9701492537313433
80,GAM,0.51,0.9701492537313433
80,GAM,0.52,0.9850746268656716
80,GAM,0.53,0.9850746268656716
80,GAM,0.54,0.9850746268656716
80,GAM,0.55,0.9850746268656716
80,GAM,0.56,0.9850746268656716
80,GAM,0.5700000000000001,0.9850746268656716
80,GAM,0.58,0.9850746268656716
80,GAM,0.59,0.9850746268656716
80,GAM,0.6,0.9850746268656716
80,GAM,0.61,0.9850746268656716
80,GAM,0.62,0.9850746268656716
80,GAM,0.63,0.9850746268656716
80,GAM,0.64,0.9850746268656716
80,GAM,0.65,0.9850746268656716
80,GAM,0.66,0.9850746268656716
80,GAM,0.67,0.9850746268656716
80,GAM,0.68,0.9850746268656716
80,GAM,0.6900000000000001,0.9850746268656716
80,GAM,0.7000000000000001,0.9850746268656716
80,GAM,0.71,0.9850746268656716
80,GAM,0.72,0.9850746268656716
80,GAM,0.73,0.9850746268656716
80,GAM,0.74,0.9850746268656716
80,GAM,0.75,0.9850746268656716
80,GAM,0.76,0.9850746268656716
80,GAM,0.77,0.9850746268656716
80,GAM,0.78,0.9850746268656716
80,GAM,0.79,0.9850746268656716
80,GAM,0.8,0.9850746268656716
80,GAM,0.81,0.9850746268656716
80,GAM,0.8200000000000001,1.0
80,GAM,0.8300000000000001,1.0
80,GAM,0.84,1.0
80,GAM,0.85,1.0
80,GAM,0.86,1.0
80,GAM,0.87,1.0
80,GAM,0.88,1.0
80,GAM,0.89,1.0
80,GAM,0.9,1.0
80,GAM,0.91,1.0
80,GAM,0.92,1.0
80,GAM,0.93,1.0
80,GAM,0.9400000000000001,1.0
80,GAM,0.9500000000000001,1.0
80,GAM,0.96,1.0
80,GAM,0.97,1.0
80,GAM,0.98,1.0
80,GAM,0.99,1.0
80,GAM,1.0,1.0
81,GAM,0.0,0.0
81,GAM,0.01,0.29850746268656714
81,GAM,0.02,0.3582089552238806
81,GAM,0.03,0.40298507462686567
81,GAM,0.04,0.5074626865671642
81,GAM,0.05,0.5522388059701493
81,GAM,0.06,0.5970149253731343
81,GAM,0.07,0.6567164179104478
81,GAM,0.08,0.7014925373134329
81,GAM,0.09,0.8059701492537313
81,GAM,0.1,0.8208955223880597
81,GAM,0.11,0.8208955223880597
81,GAM,0.12,0.8208955223880597
81,GAM,0.13,0.8805970149253731
81,GAM,0.14,0.8955223880597015
81,GAM,0.15,0.8955223880597015
81,GAM,0.16,0.8955223880597015
81,GAM,0.17,0.9253731343283582
81,GAM,0.18,0.9402985074626866
81,GAM,0.19,0.9402985074626866
81,GAM,0.2,0.9402985074626866
81,GAM,0.21,0.9402985074626866
81,GAM,0.22,0.9402985074626866
81,GAM,0.23,0.9402985074626866
81,GAM,0.24,0.9402985074626866
81,GAM,0.25,0.9552238805970149
81,GAM,0.26,0.9552238805970149
81,GAM,0.27,0.9552238805970149
81,GAM,0.28,0.9552238805970149
81,GAM,0.29,0.9552238805970149
81,GAM,0.3,0.9552238805970149
81,GAM,0.31,0.9701492537313433
81,GAM,0.32,0.9701492537313433
81,GAM,0.33,0.9701492537313433
81,GAM,0.34,0.9701492537313433
81,GAM,0.35000000000000003,0.9701492537313433
81,GAM,0.36,0.9701492537313433
81,GAM,0.37,0.9701492537313433
81,GAM,0.38,0.9701492537313433
81,GAM,0.39,0.9701492537313433
81,GAM,0.4,0.9701492537313433
81,GAM,0.41000000000000003,0.9701492537313433
81,GAM,0.42,0.9701492537313433
81,GAM,0.43,0.9701492537313433
81,GAM,0.44,0.9701492537313433
81,GAM,0.45,0.9701492537313433
81,GAM,0.46,0.9701492537313433
81,GAM,0.47000000000000003,0.9701492537313433
81,GAM,0.48,0.9701492537313433
81,GAM,0.49,0.9850746268656716
81,GAM,0.5,0.9850746268656716
81,GAM,0.51,0.9850746268656716
81,GAM,0.52,0.9850746268656716
81,GAM,0.53,0.9850746268656716
81,GAM,0.54,0.9850746268656716
81,GAM,0.55,0.9850746268656716
81,GAM,0.56,0.9850746268656716
81,GAM,0.5700000000000001,0.9850746268656716
81,GAM,0.58,0.9850746268656716
81,GAM,0.59,0.9850746268656716
81,GAM,0.6,0.9850746268656716
81,GAM,0.61,0.9850746268656716
81,GAM,0.62,1.0
81,GAM,0.63,1.0
81,GAM,0.64,1.0
81,GAM,0.65,1.0
81,GAM,0.66,1.0
81,GAM,0.67,1.0
81,GAM,0.68,1.0
81,GAM,0.6900000000000001,1.0
81,GAM,0.7000000000000001,1.0
81,GAM,0.71,1.0
81,GAM,0.72,1.0
81,GAM,0.73,1.0
81,GAM,0.74,1.0
81,GAM,0.75,1.0
81,GAM,0.76,1.0
81,GAM,0.77,1.0
81,GAM,0.78,1.0
81,GAM,0.79,1.0
81,GAM,0.8,1.0
81,GAM,0.81,1.0
81,GAM,0.8200000000000001,1.0
81,GAM,0.8300000000000001,1.0
81,GAM,0.84,1.0
81,GAM,0.85,1.0
81,GAM,0.86,1.0
81,GAM,0.87,1.0
81,GAM,0.88,1.0
81,GAM,0.89,1.0
81,GAM,0.9,1.0
81,GAM,0.91,1.0
81,GAM,0.92,1.0
81,GAM,0.93,1.0
81,GAM,0.9400000000000001,1.0
81,GAM,0.9500000000000001,1.0
81,GAM,0.96,1.0
81,GAM,0.97,1.0
81,GAM,0.98,1.0
81,GAM,0.99,1.0
81,GAM,1.0,1.0
82,GAM,0.0,0.0
82,GAM,0.01,0.31343283582089554
82,GAM,0.02,0.417910447761194
82,GAM,0.03,0.4626865671641791
82,GAM,0.04,0.7164179104477612
82,GAM,0.05,0.7313432835820896
82,GAM,0.06,0.7611940298507462
82,GAM,0.07,0.8208955223880597
82,GAM,0.08,0.835820895522388
82,GAM,0.09,0.835820895522388
82,GAM,0.1,0.8656716417910447
82,GAM,0.11,0.8656716417910447
82,GAM,0.12,0.8656716417910447
82,GAM,0.13,0.8955223880597015
82,GAM,0.14,0.8955223880597015
82,GAM,0.15,0.8955223880597015
82,GAM,0.16,0.8955223880597015
82,GAM,0.17,0.8955223880597015
82,GAM,0.18,0.9104477611940298
82,GAM,0.19,0.9402985074626866
82,GAM,0.2,0.9402985074626866
82,GAM,0.21,0.9701492537313433
82,GAM,0.22,0.9701492537313433
82,GAM,0.23,0.9701492537313433
82,GAM,0.24,0.9701492537313433
82,GAM,0.25,0.9701492537313433
82,GAM,0.26,0.9701492537313433
82,GAM,0.27,0.9701492537313433
82,GAM,0.28,0.9701492537313433
82,GAM,0.29,0.9701492537313433
82,GAM,0.3,0.9701492537313433
82,GAM,0.31,0.9701492537313433
82,GAM,0.32,0.9701492537313433
82,GAM,0.33,0.9701492537313433
82,GAM,0.34,0.9701492537313433
82,GAM,0.35000000000000003,0.9701492537313433
82,GAM,0.36,0.9701492537313433
82,GAM,0.37,0.9701492537313433
82,GAM,0.38,0.9701492537313433
82,GAM,0.39,0.9701492537313433
82,GAM,0.4,0.9701492537313433
82,GAM,0.41000000000000003,0.9701492537313433
82,GAM,0.42,0.9850746268656716
82,GAM,0.43,0.9850746268656716
82,GAM,0.44,0.9850746268656716
82,GAM,0.45,0.9850746268656716
82,GAM,0.46,0.9850746268656716
82,GAM,0.47000000000000003,1.0
82,GAM,0.48,1.0
82,GAM,0.49,1.0
82,GAM,0.5,1.0
82,GAM,0.51,1.0
82,GAM,0.52,1.0
82,GAM,0.53,1.0
82,GAM,0.54,1.0
82,GAM,0.55,1.0
82,GAM,0.56,1.0
82,GAM,0.5700000000000001,1.0
82,GAM,0.58,1.0
82,GAM,0.59,1.0
82,GAM,0.6,1.0
82,GAM,0.61,1.0
82,GAM,0.62,1.0
82,GAM,0.63,1.0
82,GAM,0.64,1.0
82,GAM,0.65,1.0
82,GAM,0.66,1.0
82,GAM,0.67,1.0
82,GAM,0.68,1.0
82,GAM,0.6900000000000001,1.0
82,GAM,0.7000000000000001,1.0
82,GAM,0.71,1.0
82,GAM,0.72,1.0
82,GAM,0.73,1.0
82,GAM,0.74,1.0
82,GAM,0.75,1.0
82,GAM,0.76,1.0
82,GAM,0.77,1.0
82,GAM,0.78,1.0
82,GAM,0.79,1.0
82,GAM,0.8,1.0
82,GAM,0.81,1.0
82,GAM,0.8200000000000001,1.0
82,GAM,0.8300000000000001,1.0
82,GAM,0.84,1.0
82,GAM,0.85,1.0
82,GAM,0.86,1.0
82,GAM,0.87,1.0
82,GAM,0.88,1.0
82,GAM,0.89,1.0
82,GAM,0.9,1.0
82,GAM,0.91,1.0
82,GAM,0.92,1.0
82,GAM,0.93,1.0
82,GAM,0.9400000000000001,1.0
82,GAM,0.9500000000000001,1.0
82,GAM,0.96,1.0
82,GAM,0.97,1.0
82,GAM,0.98,1.0
82,GAM,0.99,1.0
82,GAM,1.0,1.0
83,GAM,0.0,0.0
83,GAM,0.01,0.5151515151515151
83,GAM,0.02,0.6363636363636364
83,GAM,0.03,0.7272727272727273
83,GAM,0.04,0.7575757575757576
83,GAM,0.05,0.7878787878787878
83,GAM,0.06,0.803030303030303
83,GAM,0.07,0.8484848484848485
83,GAM,0.08,0.8484848484848485
83,GAM,0.09,0.8636363636363636
83,GAM,0.1,0.9242424242424242
83,GAM,0.11,0.9242424242424242
83,GAM,0.12,0.9242424242424242
83,GAM,0.13,0.9242424242424242
83,GAM,0.14,0.9242424242424242
83,GAM,0.15,0.9393939393939394
83,GAM,0.16,0.9393939393939394
83,GAM,0.17,0.9393939393939394
83,GAM,0.18,0.9696969696969697
83,GAM,0.19,0.9696969696969697
83,GAM,0.2,0.9696969696969697
83,GAM,0.21,0.9696969696969697
83,GAM,0.22,0.9696969696969697
83,GAM,0.23,0.9696969696969697
83,GAM,0.24,0.9696969696969697
83,GAM,0.25,0.9696969696969697
83,GAM,0.26,0.9696969696969697
83,GAM,0.27,0.9696969696969697
83,GAM,0.28,0.9696969696969697
83,GAM,0.29,0.9696969696969697
83,GAM,0.3,0.9696969696969697
83,GAM,0.31,0.9696969696969697
83,GAM,0.32,0.9696969696969697
83,GAM,0.33,0.9696969696969697
83,GAM,0.34,0.9696969696969697
83,GAM,0.35000000000000003,0.9696969696969697
83,GAM,0.36,0.9696969696969697
83,GAM,0.37,0.9696969696969697
83,GAM,0.38,0.9696969696969697
83,GAM,0.39,0.9696969696969697
83,GAM,0.4,0.9696969696969697
83,GAM,0.41000000000000003,0.9696969696969697
83,GAM,0.42,0.9696969696969697
83,GAM,0.43,0.9696969696969697
83,GAM,0.44,0.9696969696969697
83,GAM,0.45,0.9848484848484849
83,GAM,0.46,0.9848484848484849
83,GAM,0.47000000000000003,0.9848484848484849
83,GAM,0.48,0.9848484848484849
83,GAM,0.49,0.9848484848484849
83,GAM,0.5,0.9848484848484849
83,GAM,0.51,0.9848484848484849
83,GAM,0.52,0.9848484848484849
83,GAM,0.53,0.9848484848484849
83,GAM,0.54,0.9848484848484849
83,GAM,0.55,0.9848484848484849
83,GAM,0.56,0.9848484848484849
83,GAM,0.5700000000000001,0.9848484848484849
83,GAM,0.58,0.9848484848484849
83,GAM,0.59,0.9848484848484849
83,GAM,0.6,0.9848484848484849
83,GAM,0.61,0.9848484848484849
83,GAM,0.62,0.9848484848484849
83,GAM,0.63,0.9848484848484849
83,GAM,0.64,0.9848484848484849
83,GAM,0.65,0.9848484848484849
83,GAM,0.66,0.9848484848484849
83,GAM,0.67,0.9848484848484849
83,GAM,0.68,0.9848484848484849
83,GAM,0.6900000000000001,0.9848484848484849
83,GAM,0.7000000000000001,0.9848484848484849
83,GAM,0.71,0.9848484848484849
83,GAM,0.72,1.0
83,GAM,0.73,1.0
83,GAM,0.74,1.0
83,GAM,0.75,1.0
83,GAM,0.76,1.0
83,GAM,0.77,1.0
83,GAM,0.78,1.0
83,GAM,0.79,1.0
83,GAM,0.8,1.0
83,GAM,0.81,1.0
83,GAM,0.8200000000000001,1.0
83,GAM,0.8300000000000001,1.0
83,GAM,0.84,1.0
83,GAM,0.85,1.0
83,GAM,0.86,1.0
83,GAM,0.87,1.0
83,GAM,0.88,1.0
83,GAM,0.89,1.0
83,GAM,0.9,1.0
83,GAM,0.91,1.0
83,GAM,0.92,1.0
83,GAM,0.93,1.0
83,GAM,0.9400000000000001,1.0
83,GAM,0.9500000000000001,1.0
83,GAM,0.96,1.0
83,GAM,0.97,1.0
83,GAM,0.98,1.0
83,GAM,0.99,1.0
83,GAM,1.0,1.0
84,GAM,0.0,0.0
84,GAM,0.01,0.5223880597014925
84,GAM,0.02,0.5223880597014925
84,GAM,0.03,0.5970149253731343
84,GAM,0.04,0.835820895522388
84,GAM,0.05,0.8507462686567164
84,GAM,0.06,0.8656716417910447
84,GAM,0.07,0.8656716417910447
84,GAM,0.08,0.8656716417910447
84,GAM,0.09,0.8656716417910447
84,GAM,0.1,0.8805970149253731
84,GAM,0.11,0.8805970149253731
84,GAM,0.12,0.8805970149253731
84,GAM,0.13,0.8805970149253731
84,GAM,0.14,0.8805970149253731
84,GAM,0.15,0.8955223880597015
84,GAM,0.16,0.8955223880597015
84,GAM,0.17,0.8955223880597015
84,GAM,0.18,0.8955223880597015
84,GAM,0.19,0.9402985074626866
84,GAM,0.2,0.9402985074626866
84,GAM,0.21,0.9402985074626866
84,GAM,0.22,0.9402985074626866
84,GAM,0.23,0.9402985074626866
84,GAM,0.24,0.9402985074626866
84,GAM,0.25,0.9402985074626866
84,GAM,0.26,0.9402985074626866
84,GAM,0.27,0.9402985074626866
84,GAM,0.28,0.9402985074626866
84,GAM,0.29,0.9402985074626866
84,GAM,0.3,0.9402985074626866
84,GAM,0.31,0.9402985074626866
84,GAM,0.32,0.9402985074626866
84,GAM,0.33,0.9402985074626866
84,GAM,0.34,0.9402985074626866
84,GAM,0.35000000000000003,0.9402985074626866
84,GAM,0.36,0.9402985074626866
84,GAM,0.37,0.9402985074626866
84,GAM,0.38,0.9402985074626866
84,GAM,0.39,0.9402985074626866
84,GAM,0.4,0.9402985074626866
84,GAM,0.41000000000000003,0.9402985074626866
84,GAM,0.42,0.9402985074626866
84,GAM,0.43,0.9402985074626866
84,GAM,0.44,0.9402985074626866
84,GAM,0.45,0.9402985074626866
84,GAM,0.46,0.9402985074626866
84,GAM,0.47000000000000003,0.9402985074626866
84,GAM,0.48,0.9402985074626866
84,GAM,0.49,0.9402985074626866
84,GAM,0.5,0.9402985074626866
84,GAM,0.51,0.9402985074626866
84,GAM,0.52,0.9402985074626866
84,GAM,0.53,0.9552238805970149
84,GAM,0.54,0.9552238805970149
84,GAM,0.55,0.9701492537313433
84,GAM,0.56,0.9701492537313433
84,GAM,0.5700000000000001,0.9701492537313433
84,GAM,0.58,0.9701492537313433
84,GAM,0.59,0.9701492537313433
84,GAM,0.6,0.9701492537313433
84,GAM,0.61,0.9701492537313433
84,GAM,0.62,0.9701492537313433
84,GAM,0.63,0.9701492537313433
84,GAM,0.64,0.9701492537313433
84,GAM,0.65,0.9701492537313433
84,GAM,0.66,0.9701492537313433
84,GAM,0.67,0.9701492537313433
84,GAM,0.68,0.9701492537313433
84,GAM,0.6900000000000001,0.9701492537313433
84,GAM,0.7000000000000001,0.9850746268656716
84,GAM,0.71,0.9850746268656716
84,GAM,0.72,0.9850746268656716
84,GAM,0.73,0.9850746268656716
84,GAM,0.74,0.9850746268656716
84,GAM,0.75,0.9850746268656716
84,GAM,0.76,0.9850746268656716
84,GAM,0.77,0.9850746268656716
84,GAM,0.78,0.9850746268656716
84,GAM,0.79,0.9850746268656716
84,GAM,0.8,1.0
84,GAM,0.81,1.0
84,GAM,0.8200000000000001,1.0
84,GAM,0.8300000000000001,1.0
84,GAM,0.84,1.0
84,GAM,0.85,1.0
84,GAM,0.86,1.0
84,GAM,0.87,1.0
84,GAM,0.88,1.0
84,GAM,0.89,1.0
84,GAM,0.9,1.0
84,GAM,0.91,1.0
84,GAM,0.92,1.0
84,GAM,0.93,1.0
84,GAM,0.9400000000000001,1.0
84,GAM,0.9500000000000001,1.0
84,GAM,0.96,1.0
84,GAM,0.97,1.0
84,GAM,0.98,1.0
84,GAM,0.99,1.0
84,GAM,1.0,1.0
85,GAM,0.0,0.0
85,GAM,0.01,0.23880597014925373
85,GAM,0.02,0.417910447761194
85,GAM,0.03,0.43283582089552236
85,GAM,0.04,0.6567164179104478
85,GAM,0.05,0.7164179104477612
85,GAM,0.06,0.7164179104477612
85,GAM,0.07,0.8208955223880597
85,GAM,0.08,0.8507462686567164
85,GAM,0.09,0.8507462686567164
85,GAM,0.1,0.8805970149253731
85,GAM,0.11,0.9253731343283582
85,GAM,0.12,0.9253731343283582
85,GAM,0.13,0.9402985074626866
85,GAM,0.14,0.9402985074626866
85,GAM,0.15,0.9402985074626866
85,GAM,0.16,0.9402985074626866
85,GAM,0.17,0.9402985074626866
85,GAM,0.18,0.9552238805970149
85,GAM,0.19,0.9552238805970149
85,GAM,0.2,0.9552238805970149
85,GAM,0.21,0.9552238805970149
85,GAM,0.22,0.9850746268656716
85,GAM,0.23,0.9850746268656716
85,GAM,0.24,0.9850746268656716
85,GAM,0.25,0.9850746268656716
85,GAM,0.26,0.9850746268656716
85,GAM,0.27,0.9850746268656716
85,GAM,0.28,0.9850746268656716
85,GAM,0.29,0.9850746268656716
85,GAM,0.3,0.9850746268656716
85,GAM,0.31,0.9850746268656716
85,GAM,0.32,0.9850746268656716
85,GAM,0.33,0.9850746268656716
85,GAM,0.34,0.9850746268656716
85,GAM,0.35000000000000003,0.9850746268656716
85,GAM,0.36,0.9850746268656716
85,GAM,0.37,0.9850746268656716
85,GAM,0.38,0.9850746268656716
85,GAM,0.39,0.9850746268656716
85,GAM,0.4,0.9850746268656716
85,GAM,0.41000000000000003,0.9850746268656716
85,GAM,0.42,0.9850746268656716
85,GAM,0.43,0.9850746268656716
85,GAM,0.44,0.9850746268656716
85,GAM,0.45,0.9850746268656716
85,GAM,0.46,0.9850746268656716
85,GAM,0.47000000000000003,0.9850746268656716
85,GAM,0.48,0.9850746268656716
85,GAM,0.49,0.9850746268656716
85,GAM,0.5,0.9850746268656716
85,GAM,0.51,0.9850746268656716
85,GAM,0.52,0.9850746268656716
85,GAM,0.53,0.9850746268656716
85,GAM,0.54,0.9850746268656716
85,GAM,0.55,0.9850746268656716
85,GAM,0.56,0.9850746268656716
85,GAM,0.5700000000000001,0.9850746268656716
85,GAM,0.58,0.9850746268656716
85,GAM,0.59,0.9850746268656716
85,GAM,0.6,0.9850746268656716
85,GAM,0.61,0.9850746268656716
85,GAM,0.62,0.9850746268656716
85,GAM,0.63,0.9850746268656716
85,GAM,0.64,0.9850746268656716
85,GAM,0.65,0.9850746268656716
85,GAM,0.66,0.9850746268656716
85,GAM,0.67,0.9850746268656716
85,GAM,0.68,0.9850746268656716
85,GAM,0.6900000000000001,0.9850746268656716
85,GAM,0.7000000000000001,0.9850746268656716
85,GAM,0.71,0.9850746268656716
85,GAM,0.72,0.9850746268656716
85,GAM,0.73,0.9850746268656716
85,GAM,0.74,0.9850746268656716
85,GAM,0.75,0.9850746268656716
85,GAM,0.76,0.9850746268656716
85,GAM,0.77,0.9850746268656716
85,GAM,0.78,0.9850746268656716
85,GAM,0.79,0.9850746268656716
85,GAM,0.8,0.9850746268656716
85,GAM,0.81,0.9850746268656716
85,GAM,0.8200000000000001,0.9850746268656716
85,GAM,0.8300000000000001,0.9850746268656716
85,GAM,0.84,0.9850746268656716
85,GAM,0.85,0.9850746268656716
85,GAM,0.86,0.9850746268656716
85,GAM,0.87,0.9850746268656716
85,GAM,0.88,0.9850746268656716
85,GAM,0.89,0.9850746268656716
85,GAM,0.9,0.9850746268656716
85,GAM,0.91,1.0
85,GAM,0.92,1.0
85,GAM,0.93,1.0
85,GAM,0.9400000000000001,1.0
85,GAM,0.9500000000000001,1.0
85,GAM,0.96,1.0
85,GAM,0.97,1.0
85,GAM,0.98,1.0
85,GAM,0.99,1.0
85,GAM,1.0,1.0
86,GAM,0.0,0.0
86,GAM,0.01,0.4925373134328358
86,GAM,0.02,0.6567164179104478
86,GAM,0.03,0.6716417910447762
86,GAM,0.04,0.7313432835820896
86,GAM,0.05,0.746268656716418
86,GAM,0.06,0.746268656716418
86,GAM,0.07,0.8208955223880597
86,GAM,0.08,0.8208955223880597
86,GAM,0.09,0.835820895522388
86,GAM,0.1,0.8656716417910447
86,GAM,0.11,0.9253731343283582
86,GAM,0.12,0.9253731343283582
86,GAM,0.13,0.9402985074626866
86,GAM,0.14,0.9402985074626866
86,GAM,0.15,0.9402985074626866
86,GAM,0.16,0.9552238805970149
86,GAM,0.17,0.9552238805970149
86,GAM,0.18,0.9552238805970149
86,GAM,0.19,0.9552238805970149
86,GAM,0.2,0.9552238805970149
86,GAM,0.21,0.9552238805970149
86,GAM,0.22,0.9701492537313433
86,GAM,0.23,0.9701492537313433
86,GAM,0.24,0.9701492537313433
86,GAM,0.25,0.9701492537313433
86,GAM,0.26,0.9701492537313433
86,GAM,0.27,0.9701492537313433
86,GAM,0.28,0.9701492537313433
86,GAM,0.29,0.9701492537313433
86,GAM,0.3,0.9701492537313433
86,GAM,0.31,0.9701492537313433
86,GAM,0.32,0.9701492537313433
86,GAM,0.33,0.9701492537313433
86,GAM,0.34,0.9701492537313433
86,GAM,0.35000000000000003,0.9701492537313433
86,GAM,0.36,0.9701492537313433
86,GAM,0.37,0.9701492537313433
86,GAM,0.38,0.9701492537313433
86,GAM,0.39,0.9701492537313433
86,GAM,0.4,0.9701492537313433
86,GAM,0.41000000000000003,0.9701492537313433
86,GAM,0.42,0.9701492537313433
86,GAM,0.43,0.9701492537313433
86,GAM,0.44,0.9701492537313433
86,GAM,0.45,0.9850746268656716
86,GAM,0.46,0.9850746268656716
86,GAM,0.47000000000000003,0.9850746268656716
86,GAM,0.48,0.9850746268656716
86,GAM,0.49,0.9850746268656716
86,GAM,0.5,0.9850746268656716
86,GAM,0.51,0.9850746268656716
86,GAM,0.52,0.9850746268656716
86,GAM,0.53,0.9850746268656716
86,GAM,0.54,0.9850746268656716
86,GAM,0.55,0.9850746268656716
86,GAM,0.56,0.9850746268656716
86,GAM,0.5700000000000001,0.9850746268656716
86,GAM,0.58,0.9850746268656716
86,GAM,0.59,0.9850746268656716
86,GAM,0.6,0.9850746268656716
86,GAM,0.61,0.9850746268656716
86,GAM,0.62,0.9850746268656716
86,GAM,0.63,0.9850746268656716
86,GAM,0.64,0.9850746268656716
86,GAM,0.65,0.9850746268656716
86,GAM,0.66,0.9850746268656716
86,GAM,0.67,0.9850746268656716
86,GAM,0.68,0.9850746268656716
86,GAM,0.6900000000000001,0.9850746268656716
86,GAM,0.7000000000000001,0.9850746268656716
86,GAM,0.71,0.9850746268656716
86,GAM,0.72,0.9850746268656716
86,GAM,0.73,0.9850746268656716
86,GAM,0.74,0.9850746268656716
86,GAM,0.75,1.0
86,GAM,0.76,1.0
86,GAM,0.77,1.0
86,GAM,0.78,1.0
86,GAM,0.79,1.0
86,GAM,0.8,1.0
86,GAM,0.81,1.0
86,GAM,0.8200000000000001,1.0
86,GAM,0.8300000000000001,1.0
86,GAM,0.84,1.0
86,GAM,0.85,1.0
86,GAM,0.86,1.0
86,GAM,0.87,1.0
86,GAM,0.88,1.0
86,GAM,0.89,1.0
86,GAM,0.9,1.0
86,GAM,0.91,1.0
86,GAM,0.92,1.0
86,GAM,0.93,1.0
86,GAM,0.9400000000000001,1.0
86,GAM,0.9500000000000001,1.0
86,GAM,0.96,1.0
86,GAM,0.97,1.0
86,GAM,0.98,1.0
86,GAM,0.99,1.0
86,GAM,1.0,1.0
87,GAM,0.0,0.0
87,GAM,0.01,0.6212121212121212
87,GAM,0.02,0.6363636363636364
87,GAM,0.03,0.7424242424242424
87,GAM,0.04,0.803030303030303
87,GAM,0.05,0.8181818181818182
87,GAM,0.06,0.8787878787878788
87,GAM,0.07,0.8787878787878788
87,GAM,0.08,0.8939393939393939
87,GAM,0.09,0.9242424242424242
87,GAM,0.1,0.9242424242424242
87,GAM,0.11,0.9393939393939394
87,GAM,0.12,0.9393939393939394
87,GAM,0.13,0.9393939393939394
87,GAM,0.14,0.9393939393939394
87,GAM,0.15,0.9393939393939394
87,GAM,0.16,0.9393939393939394
87,GAM,0.17,0.9393939393939394
87,GAM,0.18,0.9393939393939394
87,GAM,0.19,0.9393939393939394
87,GAM,0.2,0.9393939393939394
87,GAM,0.21,0.9393939393939394
87,GAM,0.22,0.9393939393939394
87,GAM,0.23,0.9393939393939394
87,GAM,0.24,0.9545454545454546
87,GAM,0.25,0.9696969696969697
87,GAM,0.26,0.9696969696969697
87,GAM,0.27,0.9696969696969697
87,GAM,0.28,0.9696969696969697
87,GAM,0.29,0.9696969696969697
87,GAM,0.3,0.9696969696969697
87,GAM,0.31,0.9696969696969697
87,GAM,0.32,0.9696969696969697
87,GAM,0.33,0.9848484848484849
87,GAM,0.34,0.9848484848484849
87,GAM,0.35000000000000003,0.9848484848484849
87,GAM,0.36,0.9848484848484849
87,GAM,0.37,0.9848484848484849
87,GAM,0.38,0.9848484848484849
87,GAM,0.39,0.9848484848484849
87,GAM,0.4,0.9848484848484849
87,GAM,0.41000000000000003,0.9848484848484849
87,GAM,0.42,0.9848484848484849
87,GAM,0.43,0.9848484848484849
87,GAM,0.44,0.9848484848484849
87,GAM,0.45,0.9848484848484849
87,GAM,0.46,0.9848484848484849
87,GAM,0.47000000000000003,0.9848484848484849
87,GAM,0.48,0.9848484848484849
87,GAM,0.49,0.9848484848484849
87,GAM,0.5,0.9848484848484849
87,GAM,0.51,0.9848484848484849
87,GAM,0.52,0.9848484848484849
87,GAM,0.53,0.9848484848484849
87,GAM,0.54,0.9848484848484849
87,GAM,0.55,0.9848484848484849
87,GAM,0.56,0.9848484848484849
87,GAM,0.5700000000000001,0.9848484848484849
87,GAM,0.58,0.9848484848484849
87,GAM,0.59,0.9848484848484849
87,GAM,0.6,0.9848484848484849
87,GAM,0.61,0.9848484848484849
87,GAM,0.62,0.9848484848484849
87,GAM,0.63,0.9848484848484849
87,GAM,0.64,0.9848484848484849
87,GAM,0.65,0.9848484848484849
87,GAM,0.66,0.9848484848484849
87,GAM,0.67,0.9848484848484849
87,GAM,0.68,0.9848484848484849
87,GAM,0.6900000000000001,0.9848484848484849
87,GAM,0.7000000000000001,1.0
87,GAM,0.71,1.0
87,GAM,0.72,1.0
87,GAM,0.73,1.0
87,GAM,0.74,1.0
87,GAM,0.75,1.0
87,GAM,0.76,1.0
87,GAM,0.77,1.0
87,GAM,0.78,1.0
87,GAM,0.79,1.0
87,GAM,0.8,1.0
87,GAM,0.81,1.0
87,GAM,0.8200000000000001,1.0
87,GAM,0.8300000000000001,1.0
87,GAM,0.84,1.0
87,GAM,0.85,1.0
87,GAM,0.86,1.0
87,GAM,0.87,1.0
87,GAM,0.88,1.0
87,GAM,0.89,1.0
87,GAM,0.9,1.0
87,GAM,0.91,1.0
87,GAM,0.92,1.0
87,GAM,0.93,1.0
87,GAM,0.9400000000000001,1.0
87,GAM,0.9500000000000001,1.0
87,GAM,0.96,1.0
87,GAM,0.97,1.0
87,GAM,0.98,1.0
87,GAM,0.99,1.0
87,GAM,1.0,1.0
88,GAM,0.0,0.0
88,GAM,0.01,0.373134328358209
88,GAM,0.02,0.47761194029850745
88,GAM,0.03,0.5522388059701493
88,GAM,0.04,0.6865671641791045
88,GAM,0.05,0.7910447761194029
88,GAM,0.06,0.835820895522388
88,GAM,0.07,0.8955223880597015
88,GAM,0.08,0.8955223880597015
88,GAM,0.09,0.9104477611940298
88,GAM,0.1,0.9253731343283582
88,GAM,0.11,0.9402985074626866
88,GAM,0.12,0.9402985074626866
88,GAM,0.13,0.9701492537313433
88,GAM,0.14,0.9850746268656716
88,GAM,0.15,0.9850746268656716
88,GAM,0.16,0.9850746268656716
88,GAM,0.17,0.9850746268656716
88,GAM,0.18,0.9850746268656716
88,GAM,0.19,0.9850746268656716
88,GAM,0.2,0.9850746268656716
88,GAM,0.21,0.9850746268656716
88,GAM,0.22,0.9850746268656716
88,GAM,0.23,0.9850746268656716
88,GAM,0.24,0.9850746268656716
88,GAM,0.25,0.9850746268656716
88,GAM,0.26,0.9850746268656716
88,GAM,0.27,0.9850746268656716
88,GAM,0.28,0.9850746268656716
88,GAM,0.29,0.9850746268656716
88,GAM,0.3,0.9850746268656716
88,GAM,0.31,0.9850746268656716
88,GAM,0.32,0.9850746268656716
88,GAM,0.33,0.9850746268656716
88,GAM,0.34,0.9850746268656716
88,GAM,0.35000000000000003,0.9850746268656716
88,GAM,0.36,0.9850746268656716
88,GAM,0.37,0.9850746268656716
88,GAM,0.38,0.9850746268656716
88,GAM,0.39,0.9850746268656716
88,GAM,0.4,0.9850746268656716
88,GAM,0.41000000000000003,1.0
88,GAM,0.42,1.0
88,GAM,0.43,1.0
88,GAM,0.44,1.0
88,GAM,0.45,1.0
88,GAM,0.46,1.0
88,GAM,0.47000000000000003,1.0
88,GAM,0.48,1.0
88,GAM,0.49,1.0
88,GAM,0.5,1.0
88,GAM,0.51,1.0
88,GAM,0.52,1.0
88,GAM,0.53,1.0
88,GAM,0.54,1.0
88,GAM,0.55,1.0
88,GAM,0.56,1.0
88,GAM,0.5700000000000001,1.0
88,GAM,0.58,1.0
88,GAM,0.59,1.0
88,GAM,0.6,1.0
88,GAM,0.61,1.0
88,GAM,0.62,1.0
88,GAM,0.63,1.0
88,GAM,0.64,1.0
88,GAM,0.65,1.0
88,GAM,0.66,1.0
88,GAM,0.67,1.0
88,GAM,0.68,1.0
88,GAM,0.6900000000000001,1.0
88,GAM,0.7000000000000001,1.0
88,GAM,0.71,1.0
88,GAM,0.72,1.0
88,GAM,0.73,1.0
88,GAM,0.74,1.0
88,GAM,0.75,1.0
88,GAM,0.76,1.0
88,GAM,0.77,1.0
88,GAM,0.78,1.0
88,GAM,0.79,1.0
88,GAM,0.8,1.0
88,GAM,0.81,1.0
88,GAM,0.8200000000000001,1.0
88,GAM,0.8300000000000001,1.0
88,GAM,0.84,1.0
88,GAM,0.85,1.0
88,GAM,0.86,1.0
88,GAM,0.87,1.0
88,GAM,0.88,1.0
88,GAM,0.89,1.0
88,GAM,0.9,1.0
88,GAM,0.91,1.0
88,GAM,0.92,1.0
88,GAM,0.93,1.0
88,GAM,0.9400000000000001,1.0
88,GAM,0.9500000000000001,1.0
88,GAM,0.96,1.0
88,GAM,0.97,1.0
88,GAM,0.98,1.0
88,GAM,0.99,1.0
88,GAM,1.0,1.0
89,GAM,0.0,0.0
89,GAM,0.01,0.3333333333333333
89,GAM,0.02,0.3787878787878788
89,GAM,0.03,0.5757575757575758
89,GAM,0.04,0.5909090909090909
89,GAM,0.05,0.8181818181818182
89,GAM,0.06,0.8484848484848485
89,GAM,0.07,0.8484848484848485
89,GAM,0.08,0.8787878787878788
89,GAM,0.09,0.9090909090909091
89,GAM,0.1,0.9242424242424242
89,GAM,0.11,0.9242424242424242
89,GAM,0.12,0.9242424242424242
89,GAM,0.13,0.9242424242424242
89,GAM,0.14,0.9242424242424242
89,GAM,0.15,0.9242424242424242
89,GAM,0.16,0.9242424242424242
89,GAM,0.17,0.9242424242424242
89,GAM,0.18,0.9242424242424242
89,GAM,0.19,0.9242424242424242
89,GAM,0.2,0.9242424242424242
89,GAM,0.21,0.9242424242424242
89,GAM,0.22,0.9242424242424242
89,GAM,0.23,0.9242424242424242
89,GAM,0.24,0.9242424242424242
89,GAM,0.25,0.9242424242424242
89,GAM,0.26,0.9242424242424242
89,GAM,0.27,0.9242424242424242
89,GAM,0.28,0.9242424242424242
89,GAM,0.29,0.9242424242424242
89,GAM,0.3,0.9242424242424242
89,GAM,0.31,0.9242424242424242
89,GAM,0.32,0.9242424242424242
89,GAM,0.33,0.9242424242424242
89,GAM,0.34,0.9242424242424242
89,GAM,0.35000000000000003,0.9242424242424242
89,GAM,0.36,0.9242424242424242
89,GAM,0.37,0.9393939393939394
89,GAM,0.38,0.9696969696969697
89,GAM,0.39,0.9696969696969697
89,GAM,0.4,0.9696969696969697
89,GAM,0.41000000000000003,0.9696969696969697
89,GAM,0.42,0.9696969696969697
89,GAM,0.43,0.9696969696969697
89,GAM,0.44,0.9696969696969697
89,GAM,0.45,0.9696969696969697
89,GAM,0.46,0.9696969696969697
89,GAM,0.47000000000000003,0.9696969696969697
89,GAM,0.48,0.9696969696969697
89,GAM,0.49,0.9696969696969697
89,GAM,0.5,0.9696969696969697
89,GAM,0.51,0.9848484848484849
89,GAM,0.52,0.9848484848484849
89,GAM,0.53,0.9848484848484849
89,GAM,0.54,0.9848484848484849
89,GAM,0.55,0.9848484848484849
89,GAM,0.56,0.9848484848484849
89,GAM,0.5700000000000001,0.9848484848484849
89,GAM,0.58,0.9848484848484849
89,GAM,0.59,0.9848484848484849
89,GAM,0.6,0.9848484848484849
89,GAM,0.61,0.9848484848484849
89,GAM,0.62,0.9848484848484849
89,GAM,0.63,0.9848484848484849
89,GAM,0.64,0.9848484848484849
89,GAM,0.65,0.9848484848484849
89,GAM,0.66,0.9848484848484849
89,GAM,0.67,0.9848484848484849
89,GAM,0.68,0.9848484848484849
89,GAM,0.6900000000000001,0.9848484848484849
89,GAM,0.7000000000000001,0.9848484848484849
89,GAM,0.71,0.9848484848484849
89,GAM,0.72,0.9848484848484849
89,GAM,0.73,0.9848484848484849
89,GAM,0.74,0.9848484848484849
89,GAM,0.75,0.9848484848484849
89,GAM,0.76,0.9848484848484849
89,GAM,0.77,0.9848484848484849
89,GAM,0.78,0.9848484848484849
89,GAM,0.79,0.9848484848484849
89,GAM,0.8,0.9848484848484849
89,GAM,0.81,0.9848484848484849
89,GAM,0.8200000000000001,0.9848484848484849
89,GAM,0.8300000000000001,0.9848484848484849
89,GAM,0.84,0.9848484848484849
89,GAM,0.85,1.0
89,GAM,0.86,1.0
89,GAM,0.87,1.0
89,GAM,0.88,1.0
89,GAM,0.89,1.0
89,GAM,0.9,1.0
89,GAM,0.91,1.0
89,GAM,0.92,1.0
89,GAM,0.93,1.0
89,GAM,0.9400000000000001,1.0
89,GAM,0.9500000000000001,1.0
89,GAM,0.96,1.0
89,GAM,0.97,1.0
89,GAM,0.98,1.0
89,GAM,0.99,1.0
89,GAM,1.0,1.0
90,GAM,0.0,0.0
90,GAM,0.01,0.5970149253731343
90,GAM,0.02,0.6417910447761194
90,GAM,0.03,0.6567164179104478
90,GAM,0.04,0.7164179104477612
90,GAM,0.05,0.8208955223880597
90,GAM,0.06,0.8208955223880597
90,GAM,0.07,0.8656716417910447
90,GAM,0.08,0.9552238805970149
90,GAM,0.09,0.9552238805970149
90,GAM,0.1,0.9701492537313433
90,GAM,0.11,0.9850746268656716
90,GAM,0.12,0.9850746268656716
90,GAM,0.13,0.9850746268656716
90,GAM,0.14,0.9850746268656716
90,GAM,0.15,0.9850746268656716
90,GAM,0.16,0.9850746268656716
90,GAM,0.17,0.9850746268656716
90,GAM,0.18,0.9850746268656716
90,GAM,0.19,0.9850746268656716
90,GAM,0.2,0.9850746268656716
90,GAM,0.21,0.9850746268656716
90,GAM,0.22,1.0
90,GAM,0.23,1.0
90,GAM,0.24,1.0
90,GAM,0.25,1.0
90,GAM,0.26,1.0
90,GAM,0.27,1.0
90,GAM,0.28,1.0
90,GAM,0.29,1.0
90,GAM,0.3,1.0
90,GAM,0.31,1.0
90,GAM,0.32,1.0
90,GAM,0.33,1.0
90,GAM,0.34,1.0
90,GAM,0.35000000000000003,1.0
90,GAM,0.36,1.0
90,GAM,0.37,1.0
90,GAM,0.38,1.0
90,GAM,0.39,1.0
90,GAM,0.4,1.0
90,GAM,0.41000000000000003,1.0
90,GAM,0.42,1.0
90,GAM,0.43,1.0
90,GAM,0.44,1.0
90,GAM,0.45,1.0
90,GAM,0.46,1.0
90,GAM,0.47000000000000003,1.0
90,GAM,0.48,1.0
90,GAM,0.49,1.0
90,GAM,0.5,1.0
90,GAM,0.51,1.0
90,GAM,0.52,1.0
90,GAM,0.53,1.0
90,GAM,0.54,1.0
90,GAM,0.55,1.0
90,GAM,0.56,1.0
90,GAM,0.5700000000000001,1.0
90,GAM,0.58,1.0
90,GAM,0.59,1.0
90,GAM,0.6,1.0
90,GAM,0.61,1.0
90,GAM,0.62,1.0
90,GAM,0.63,1.0
90,GAM,0.64,1.0
90,GAM,0.65,1.0
90,GAM,0.66,1.0
90,GAM,0.67,1.0
90,GAM,0.68,1.0
90,GAM,0.6900000000000001,1.0
90,GAM,0.7000000000000001,1.0
90,GAM,0.71,1.0
90,GAM,0.72,1.0
90,GAM,0.73,1.0
90,GAM,0.74,1.0
90,GAM,0.75,1.0
90,GAM,0.76,1.0
90,GAM,0.77,1.0
90,GAM,0.78,1.0
90,GAM,0.79,1.0
90,GAM,0.8,1.0
90,GAM,0.81,1.0
90,GAM,0.8200000000000001,1.0
90,GAM,0.8300000000000001,1.0
90,GAM,0.84,1.0
90,GAM,0.85,1.0
90,GAM,0.86,1.0
90,GAM,0.87,1.0
90,GAM,0.88,1.0
90,GAM,0.89,1.0
90,GAM,0.9,1.0
90,GAM,0.91,1.0
90,GAM,0.92,1.0
90,GAM,0.93,1.0
90,GAM,0.9400000000000001,1.0
90,GAM,0.9500000000000001,1.0
90,GAM,0.96,1.0
90,GAM,0.97,1.0
90,GAM,0.98,1.0
90,GAM,0.99,1.0
90,GAM,1.0,1.0
91,GAM,0.0,0.0
91,GAM,0.01,0.44776119402985076
91,GAM,0.02,0.5522388059701493
91,GAM,0.03,0.5522388059701493
91,GAM,0.04,0.8805970149253731
91,GAM,0.05,0.8805970149253731
91,GAM,0.06,0.8805970149253731
91,GAM,0.07,0.9104477611940298
91,GAM,0.08,0.9402985074626866
91,GAM,0.09,0.9552238805970149
91,GAM,0.1,0.9701492537313433
91,GAM,0.11,0.9701492537313433
91,GAM,0.12,0.9701492537313433
91,GAM,0.13,0.9701492537313433
91,GAM,0.14,0.9701492537313433
91,GAM,0.15,0.9701492537313433
91,GAM,0.16,0.9701492537313433
91,GAM,0.17,0.9701492537313433
91,GAM,0.18,0.9701492537313433
91,GAM,0.19,0.9701492537313433
91,GAM,0.2,0.9701492537313433
91,GAM,0.21,0.9701492537313433
91,GAM,0.22,0.9701492537313433
91,GAM,0.23,0.9701492537313433
91,GAM,0.24,0.9701492537313433
91,GAM,0.25,0.9701492537313433
91,GAM,0.26,0.9701492537313433
91,GAM,0.27,0.9701492537313433
91,GAM,0.28,0.9701492537313433
91,GAM,0.29,0.9701492537313433
91,GAM,0.3,0.9701492537313433
91,GAM,0.31,0.9701492537313433
91,GAM,0.32,0.9701492537313433
91,GAM,0.33,0.9701492537313433
91,GAM,0.34,0.9701492537313433
91,GAM,0.35000000000000003,0.9701492537313433
91,GAM,0.36,0.9701492537313433
91,GAM,0.37,0.9701492537313433
91,GAM,0.38,0.9701492537313433
91,GAM,0.39,0.9701492537313433
91,GAM,0.4,0.9701492537313433
91,GAM,0.41000000000000003,0.9850746268656716
91,GAM,0.42,1.0
91,GAM,0.43,1.0
91,GAM,0.44,1.0
91,GAM,0.45,1.0
91,GAM,0.46,1.0
91,GAM,0.47000000000000003,1.0
91,GAM,0.48,1.0
91,GAM,0.49,1.0
91,GAM,0.5,1.0
91,GAM,0.51,1.0
91,GAM,0.52,1.0
91,GAM,0.53,1.0
91,GAM,0.54,1.0
91,GAM,0.55,1.0
91,GAM,0.56,1.0
91,GAM,0.5700000000000001,1.0
91,GAM,0.58,1.0
91,GAM,0.59,1.0
91,GAM,0.6,1.0
91,GAM,0.61,1.0
91,GAM,0.62,1.0
91,GAM,0.63,1.0
91,GAM,0.64,1.0
91,GAM,0.65,1.0
91,GAM,0.66,1.0
91,GAM,0.67,1.0
91,GAM,0.68,1.0
91,GAM,0.6900000000000001,1.0
91,GAM,0.7000000000000001,1.0
91,GAM,0.71,1.0
91,GAM,0.72,1.0
91,GAM,0.73,1.0
91,GAM,0.74,1.0
91,GAM,0.75,1.0
91,GAM,0.76,1.0
91,GAM,0.77,1.0
91,GAM,0.78,1.0
91,GAM,0.79,1.0
91,GAM,0.8,1.0
91,GAM,0.81,1.0
91,GAM,0.8200000000000001,1.0
91,GAM,0.8300000000000001,1.0
91,GAM,0.84,1.0
91,GAM,0.85,1.0
91,GAM,0.86,1.0
91,GAM,0.87,1.0
91,GAM,0.88,1.0
91,GAM,0.89,1.0
91,GAM,0.9,1.0
91,GAM,0.91,1.0
91,GAM,0.92,1.0
91,GAM,0.93,1.0
91,GAM,0.9400000000000001,1.0
91,GAM,0.9500000000000001,1.0
91,GAM,0.96,1.0
91,GAM,0.97,1.0
91,GAM,0.98,1.0
91,GAM,0.99,1.0
91,GAM,1.0,1.0
92,GAM,0.0,0.0
92,GAM,0.01,0.417910447761194
92,GAM,0.02,0.43283582089552236
92,GAM,0.03,0.43283582089552236
92,GAM,0.04,0.4925373134328358
92,GAM,0.05,0.4925373134328358
92,GAM,0.06,0.5522388059701493
92,GAM,0.07,0.6716417910447762
92,GAM,0.08,0.746268656716418
92,GAM,0.09,0.8059701492537313
92,GAM,0.1,0.8507462686567164
92,GAM,0.11,0.8656716417910447
92,GAM,0.12,0.8805970149253731
92,GAM,0.13,0.8805970149253731
92,GAM,0.14,0.8805970149253731
92,GAM,0.15,0.9253731343283582
92,GAM,0.16,0.9552238805970149
92,GAM,0.17,0.9552238805970149
92,GAM,0.18,0.9552238805970149
92,GAM,0.19,0.9701492537313433
92,GAM,0.2,0.9850746268656716
92,GAM,0.21,0.9850746268656716
92,GAM,0.22,0.9850746268656716
92,GAM,0.23,0.9850746268656716
92,GAM,0.24,0.9850746268656716
92,GAM,0.25,0.9850746268656716
92,GAM,0.26,0.9850746268656716
92,GAM,0.27,0.9850746268656716
92,GAM,0.28,0.9850746268656716
92,GAM,0.29,0.9850746268656716
92,GAM,0.3,0.9850746268656716
92,GAM,0.31,0.9850746268656716
92,GAM,0.32,0.9850746268656716
92,GAM,0.33,0.9850746268656716
92,GAM,0.34,0.9850746268656716
92,GAM,0.35000000000000003,0.9850746268656716
92,GAM,0.36,0.9850746268656716
92,GAM,0.37,0.9850746268656716
92,GAM,0.38,0.9850746268656716
92,GAM,0.39,0.9850746268656716
92,GAM,0.4,0.9850746268656716
92,GAM,0.41000000000000003,0.9850746268656716
92,GAM,0.42,0.9850746268656716
92,GAM,0.43,0.9850746268656716
92,GAM,0.44,0.9850746268656716
92,GAM,0.45,0.9850746268656716
92,GAM,0.46,1.0
92,GAM,0.47000000000000003,1.0
92,GAM,0.48,1.0
92,GAM,0.49,1.0
92,GAM,0.5,1.0
92,GAM,0.51,1.0
92,GAM,0.52,1.0
92,GAM,0.53,1.0
92,GAM,0.54,1.0
92,GAM,0.55,1.0
92,GAM,0.56,1.0
92,GAM,0.5700000000000001,1.0
92,GAM,0.58,1.0
92,GAM,0.59,1.0
92,GAM,0.6,1.0
92,GAM,0.61,1.0
92,GAM,0.62,1.0
92,GAM,0.63,1.0
92,GAM,0.64,1.0
92,GAM,0.65,1.0
92,GAM,0.66,1.0
92,GAM,0.67,1.0
92,GAM,0.68,1.0
92,GAM,0.6900000000000001,1.0
92,GAM,0.7000000000000001,1.0
92,GAM,0.71,1.0
92,GAM,0.72,1.0
92,GAM,0.73,1.0
92,GAM,0.74,1.0
92,GAM,0.75,1.0
92,GAM,0.76,1.0
92,GAM,0.77,1.0
92,GAM,0.78,1.0
92,GAM,0.79,1.0
92,GAM,0.8,1.0
92,GAM,0.81,1.0
92,GAM,0.8200000000000001,1.0
92,GAM,0.8300000000000001,1.0
92,GAM,0.84,1.0
92,GAM,0.85,1.0
92,GAM,0.86,1.0
92,GAM,0.87,1.0
92,GAM,0.88,1.0
92,GAM,0.89,1.0
92,GAM,0.9,1.0
92,GAM,0.91,1.0
92,GAM,0.92,1.0
92,GAM,0.93,1.0
92,GAM,0.9400000000000001,1.0
92,GAM,0.9500000000000001,1.0
92,GAM,0.96,1.0
92,GAM,0.97,1.0
92,GAM,0.98,1.0
92,GAM,0.99,1.0
92,GAM,1.0,1.0
93,GAM,0.0,0.0
93,GAM,0.01,0.31343283582089554
93,GAM,0.02,0.417910447761194
93,GAM,0.03,0.7313432835820896
93,GAM,0.04,0.7761194029850746
93,GAM,0.05,0.8208955223880597
93,GAM,0.06,0.8208955223880597
93,GAM,0.07,0.8656716417910447
93,GAM,0.08,0.8656716417910447
93,GAM,0.09,0.8805970149253731
93,GAM,0.1,0.9104477611940298
93,GAM,0.11,0.9253731343283582
93,GAM,0.12,0.9253731343283582
93,GAM,0.13,0.9552238805970149
93,GAM,0.14,0.9552238805970149
93,GAM,0.15,0.9552238805970149
93,GAM,0.16,0.9552238805970149
93,GAM,0.17,0.9552238805970149
93,GAM,0.18,0.9552238805970149
93,GAM,0.19,0.9701492537313433
93,GAM,0.2,0.9701492537313433
93,GAM,0.21,0.9701492537313433
93,GAM,0.22,0.9850746268656716
93,GAM,0.23,0.9850746268656716
93,GAM,0.24,0.9850746268656716
93,GAM,0.25,0.9850746268656716
93,GAM,0.26,0.9850746268656716
93,GAM,0.27,0.9850746268656716
93,GAM,0.28,0.9850746268656716
93,GAM,0.29,0.9850746268656716
93,GAM,0.3,0.9850746268656716
93,GAM,0.31,0.9850746268656716
93,GAM,0.32,0.9850746268656716
93,GAM,0.33,0.9850746268656716
93,GAM,0.34,0.9850746268656716
93,GAM,0.35000000000000003,0.9850746268656716
93,GAM,0.36,0.9850746268656716
93,GAM,0.37,0.9850746268656716
93,GAM,0.38,1.0
93,GAM,0.39,1.0
93,GAM,0.4,1.0
93,GAM,0.41000000000000003,1.0
93,GAM,0.42,1.0
93,GAM,0.43,1.0
93,GAM,0.44,1.0
93,GAM,0.45,1.0
93,GAM,0.46,1.0
93,GAM,0.47000000000000003,1.0
93,GAM,0.48,1.0
93,GAM,0.49,1.0
93,GAM,0.5,1.0
93,GAM,0.51,1.0
93,GAM,0.52,1.0
93,GAM,0.53,1.0
93,GAM,0.54,1.0
93,GAM,0.55,1.0
93,GAM,0.56,1.0
93,GAM,0.5700000000000001,1.0
93,GAM,0.58,1.0
93,GAM,0.59,1.0
93,GAM,0.6,1.0
93,GAM,0.61,1.0
93,GAM,0.62,1.0
93,GAM,0.63,1.0
93,GAM,0.64,1.0
93,GAM,0.65,1.0
93,GAM,0.66,1.0
93,GAM,0.67,1.0
93,GAM,0.68,1.0
93,GAM,0.6900000000000001,1.0
93,GAM,0.7000000000000001,1.0
93,GAM,0.71,1.0
93,GAM,0.72,1.0
93,GAM,0.73,1.0
93,GAM,0.74,1.0
93,GAM,0.75,1.0
93,GAM,0.76,1.0
93,GAM,0.77,1.0
93,GAM,0.78,1.0
93,GAM,0.79,1.0
93,GAM,0.8,1.0
93,GAM,0.81,1.0
93,GAM,0.8200000000000001,1.0
93,GAM,0.8300000000000001,1.0
93,GAM,0.84,1.0
93,GAM,0.85,1.0
93,GAM,0.86,1.0
93,GAM,0.87,1.0
93,GAM,0.88,1.0
93,GAM,0.89,1.0
93,GAM,0.9,1.0
93,GAM,0.91,1.0
93,GAM,0.92,1.0
93,GAM,0.93,1.0
93,GAM,0.9400000000000001,1.0
93,GAM,0.9500000000000001,1.0
93,GAM,0.96,1.0
93,GAM,0.97,1.0
93,GAM,0.98,1.0
93,GAM,0.99,1.0
93,GAM,1.0,1.0
94,GAM,0.0,0.0
94,GAM,0.01,0.34328358208955223
94,GAM,0.02,0.44776119402985076
94,GAM,0.03,0.746268656716418
94,GAM,0.04,0.8208955223880597
94,GAM,0.05,0.835820895522388
94,GAM,0.06,0.835820895522388
94,GAM,0.07,0.8656716417910447
94,GAM,0.08,0.8656716417910447
94,GAM,0.09,0.8805970149253731
94,GAM,0.1,0.8955223880597015
94,GAM,0.11,0.8955223880597015
94,GAM,0.12,0.9104477611940298
94,GAM,0.13,0.9104477611940298
94,GAM,0.14,0.9104477611940298
94,GAM,0.15,0.9104477611940298
94,GAM,0.16,0.9253731343283582
94,GAM,0.17,0.9253731343283582
94,GAM,0.18,0.9402985074626866
94,GAM,0.19,0.9402985074626866
94,GAM,0.2,0.9402985074626866
94,GAM,0.21,0.9402985074626866
94,GAM,0.22,0.9402985074626866
94,GAM,0.23,0.9850746268656716
94,GAM,0.24,0.9850746268656716
94,GAM,0.25,1.0
94,GAM,0.26,1.0
94,GAM,0.27,1.0
94,GAM,0.28,1.0
94,GAM,0.29,1.0
94,GAM,0.3,1.0
94,GAM,0.31,1.0
94,GAM,0.32,1.0
94,GAM,0.33,1.0
94,GAM,0.34,1.0
94,GAM,0.35000000000000003,1.0
94,GAM,0.36,1.0
94,GAM,0.37,1.0
94,GAM,0.38,1.0
94,GAM,0.39,1.0
94,GAM,0.4,1.0
94,GAM,0.41000000000000003,1.0
94,GAM,0.42,1.0
94,GAM,0.43,1.0
94,GAM,0.44,1.0
94,GAM,0.45,1.0
94,GAM,0.46,1.0
94,GAM,0.47000000000000003,1.0
94,GAM,0.48,1.0
94,GAM,0.49,1.0
94,GAM,0.5,1.0
94,GAM,0.51,1.0
94,GAM,0.52,1.0
94,GAM,0.53,1.0
94,GAM,0.54,1.0
94,GAM,0.55,1.0
94,GAM,0.56,1.0
94,GAM,0.5700000000000001,1.0
94,GAM,0.58,1.0
94,GAM,0.59,1.0
94,GAM,0.6,1.0
94,GAM,0.61,1.0
94,GAM,0.62,1.0
94,GAM,0.63,1.0
94,GAM,0.64,1.0
94,GAM,0.65,1.0
94,GAM,0.66,1.0
94,GAM,0.67,1.0
94,GAM,0.68,1.0
94,GAM,0.6900000000000001,1.0
94,GAM,0.7000000000000001,1.0
94,GAM,0.71,1.0
94,GAM,0.72,1.0
94,GAM,0.73,1.0
94,GAM,0.74,1.0
94,GAM,0.75,1.0
94,GAM,0.76,1.0
94,GAM,0.77,1.0
94,GAM,0.78,1.0
94,GAM,0.79,1.0
94,GAM,0.8,1.0
94,GAM,0.81,1.0
94,GAM,0.8200000000000001,1.0
94,GAM,0.8300000000000001,1.0
94,GAM,0.84,1.0
94,GAM,0.85,1.0
94,GAM,0.86,1.0
94,GAM,0.87,1.0
94,GAM,0.88,1.0
94,GAM,0.89,1.0
94,GAM,0.9,1.0
94,GAM,0.91,1.0
94,GAM,0.92,1.0
94,GAM,0.93,1.0
94,GAM,0.9400000000000001,1.0
94,GAM,0.9500000000000001,1.0
94,GAM,0.96,1.0
94,GAM,0.97,1.0
94,GAM,0.98,1.0
94,GAM,0.99,1.0
94,GAM,1.0,1.0
95,GAM,0.0,0.0
95,GAM,0.01,0.21212121212121213
95,GAM,0.02,0.36363636363636365
95,GAM,0.03,0.5909090909090909
95,GAM,0.04,0.6666666666666666
95,GAM,0.05,0.6666666666666666
95,GAM,0.06,0.9090909090909091
95,GAM,0.07,0.9090909090909091
95,GAM,0.08,0.9090909090909091
95,GAM,0.09,0.9090909090909091
95,GAM,0.1,0.9242424242424242
95,GAM,0.11,0.9242424242424242
95,GAM,0.12,0.9393939393939394
95,GAM,0.13,0.9545454545454546
95,GAM,0.14,0.9545454545454546
95,GAM,0.15,0.9545454545454546
95,GAM,0.16,0.9545454545454546
95,GAM,0.17,0.9545454545454546
95,GAM,0.18,0.9545454545454546
95,GAM,0.19,0.9696969696969697
95,GAM,0.2,0.9696969696969697
95,GAM,0.21,0.9696969696969697
95,GAM,0.22,0.9696969696969697
95,GAM,0.23,0.9848484848484849
95,GAM,0.24,0.9848484848484849
95,GAM,0.25,0.9848484848484849
95,GAM,0.26,0.9848484848484849
95,GAM,0.27,0.9848484848484849
95,GAM,0.28,0.9848484848484849
95,GAM,0.29,0.9848484848484849
95,GAM,0.3,0.9848484848484849
95,GAM,0.31,0.9848484848484849
95,GAM,0.32,0.9848484848484849
95,GAM,0.33,0.9848484848484849
95,GAM,0.34,0.9848484848484849
95,GAM,0.35000000000000003,0.9848484848484849
95,GAM,0.36,0.9848484848484849
95,GAM,0.37,0.9848484848484849
95,GAM,0.38,0.9848484848484849
95,GAM,0.39,0.9848484848484849
95,GAM,0.4,0.9848484848484849
95,GAM,0.41000000000000003,0.9848484848484849
95,GAM,0.42,0.9848484848484849
95,GAM,0.43,0.9848484848484849
95,GAM,0.44,0.9848484848484849
95,GAM,0.45,0.9848484848484849
95,GAM,0.46,0.9848484848484849
95,GAM,0.47000000000000003,0.9848484848484849
95,GAM,0.48,0.9848484848484849
95,GAM,0.49,0.9848484848484849
95,GAM,0.5,0.9848484848484849
95,GAM,0.51,0.9848484848484849
95,GAM,0.52,0.9848484848484849
95,GAM,0.53,0.9848484848484849
95,GAM,0.54,0.9848484848484849
95,GAM,0.55,0.9848484848484849
95,GAM,0.56,0.9848484848484849
95,GAM,0.5700000000000001,0.9848484848484849
95,GAM,0.58,0.9848484848484849
95,GAM,0.59,0.9848484848484849
95,GAM,0.6,0.9848484848484849
95,GAM,0.61,0.9848484848484849
95,GAM,0.62,0.9848484848484849
95,GAM,0.63,0.9848484848484849
95,GAM,0.64,0.9848484848484849
95,GAM,0.65,0.9848484848484849
95,GAM,0.66,0.9848484848484849
95,GAM,0.67,0.9848484848484849
95,GAM,0.68,0.9848484848484849
95,GAM,0.6900000000000001,0.9848484848484849
95,GAM,0.7000000000000001,0.9848484848484849
95,GAM,0.71,0.9848484848484849
95,GAM,0.72,0.9848484848484849
95,GAM,0.73,1.0
95,GAM,0.74,1.0
95,GAM,0.75,1.0
95,GAM,0.76,1.0
95,GAM,0.77,1.0
95,GAM,0.78,1.0
95,GAM,0.79,1.0
95,GAM,0.8,1.0
95,GAM,0.81,1.0
95,GAM,0.8200000000000001,1.0
95,GAM,0.8300000000000001,1.0
95,GAM,0.84,1.0
95,GAM,0.85,1.0
95,GAM,0.86,1.0
95,GAM,0.87,1.0
95,GAM,0.88,1.0
95,GAM,0.89,1.0
95,GAM,0.9,1.0
95,GAM,0.91,1.0
95,GAM,0.92,1.0
95,GAM,0.93,1.0
95,GAM,0.9400000000000001,1.0
95,GAM,0.9500000000000001,1.0
95,GAM,0.96,1.0
95,GAM,0.97,1.0
95,GAM,0.98,1.0
95,GAM,0.99,1.0
95,GAM,1.0,1.0
96,GAM,0.0,0.0
96,GAM,0.01,0.4925373134328358
96,GAM,0.02,0.5074626865671642
96,GAM,0.03,0.5074626865671642
96,GAM,0.04,0.5671641791044776
96,GAM,0.05,0.5671641791044776
96,GAM,0.06,0.5671641791044776
96,GAM,0.07,0.6119402985074627
96,GAM,0.08,0.6865671641791045
96,GAM,0.09,0.7313432835820896
96,GAM,0.1,0.8507462686567164
96,GAM,0.11,0.8656716417910447
96,GAM,0.12,0.8955223880597015
96,GAM,0.13,0.9253731343283582
96,GAM,0.14,0.9253731343283582
96,GAM,0.15,0.9402985074626866
96,GAM,0.16,0.9552238805970149
96,GAM,0.17,0.9701492537313433
96,GAM,0.18,0.9701492537313433
96,GAM,0.19,0.9850746268656716
96,GAM,0.2,0.9850746268656716
96,GAM,0.21,0.9850746268656716
96,GAM,0.22,0.9850746268656716
96,GAM,0.23,0.9850746268656716
96,GAM,0.24,0.9850746268656716
96,GAM,0.25,0.9850746268656716
96,GAM,0.26,0.9850746268656716
96,GAM,0.27,0.9850746268656716
96,GAM,0.28,0.9850746268656716
96,GAM,0.29,0.9850746268656716
96,GAM,0.3,0.9850746268656716
96,GAM,0.31,0.9850746268656716
96,GAM,0.32,0.9850746268656716
96,GAM,0.33,0.9850746268656716
96,GAM,0.34,0.9850746268656716
96,GAM,0.35000000000000003,0.9850746268656716
96,GAM,0.36,0.9850746268656716
96,GAM,0.37,0.9850746268656716
96,GAM,0.38,0.9850746268656716
96,GAM,0.39,0.9850746268656716
96,GAM,0.4,0.9850746268656716
96,GAM,0.41000000000000003,0.9850746268656716
96,GAM,0.42,0.9850746268656716
96,GAM,0.43,0.9850746268656716
96,GAM,0.44,0.9850746268656716
96,GAM,0.45,0.9850746268656716
96,GAM,0.46,0.9850746268656716
96,GAM,0.47000000000000003,0.9850746268656716
96,GAM,0.48,0.9850746268656716
96,GAM,0.49,0.9850746268656716
96,GAM,0.5,0.9850746268656716
96,GAM,0.51,0.9850746268656716
96,GAM,0.52,0.9850746268656716
96,GAM,0.53,0.9850746268656716
96,GAM,0.54,0.9850746268656716
96,GAM,0.55,0.9850746268656716
96,GAM,0.56,0.9850746268656716
96,GAM,0.5700000000000001,0.9850746268656716
96,GAM,0.58,0.9850746268656716
96,GAM,0.59,0.9850746268656716
96,GAM,0.6,0.9850746268656716
96,GAM,0.61,0.9850746268656716
96,GAM,0.62,0.9850746268656716
96,GAM,0.63,0.9850746268656716
96,GAM,0.64,0.9850746268656716
96,GAM,0.65,0.9850746268656716
96,GAM,0.66,0.9850746268656716
96,GAM,0.67,0.9850746268656716
96,GAM,0.68,0.9850746268656716
96,GAM,0.6900000000000001,0.9850746268656716
96,GAM,0.7000000000000001,0.9850746268656716
96,GAM,0.71,0.9850746268656716
96,GAM,0.72,0.9850746268656716
96,GAM,0.73,0.9850746268656716
96,GAM,0.74,0.9850746268656716
96,GAM,0.75,0.9850746268656716
96,GAM,0.76,0.9850746268656716
96,GAM,0.77,0.9850746268656716
96,GAM,0.78,0.9850746268656716
96,GAM,0.79,1.0
96,GAM,0.8,1.0
96,GAM,0.81,1.0
96,GAM,0.8200000000000001,1.0
96,GAM,0.8300000000000001,1.0
96,GAM,0.84,1.0
96,GAM,0.85,1.0
96,GAM,0.86,1.0
96,GAM,0.87,1.0
96,GAM,0.88,1.0
96,GAM,0.89,1.0
96,GAM,0.9,1.0
96,GAM,0.91,1.0
96,GAM,0.92,1.0
96,GAM,0.93,1.0
96,GAM,0.9400000000000001,1.0
96,GAM,0.9500000000000001,1.0
96,GAM,0.96,1.0
96,GAM,0.97,1.0
96,GAM,0.98,1.0
96,GAM,0.99,1.0
96,GAM,1.0,1.0
97,GAM,0.0,0.0
97,GAM,0.01,0.45454545454545453
97,GAM,0.02,0.5303030303030303
97,GAM,0.03,0.6818181818181818
97,GAM,0.04,0.696969696969697
97,GAM,0.05,0.696969696969697
97,GAM,0.06,0.7878787878787878
97,GAM,0.07,0.8181818181818182
97,GAM,0.08,0.8181818181818182
97,GAM,0.09,0.8484848484848485
97,GAM,0.1,0.8939393939393939
97,GAM,0.11,0.8939393939393939
97,GAM,0.12,0.8939393939393939
97,GAM,0.13,0.8939393939393939
97,GAM,0.14,0.9090909090909091
97,GAM,0.15,0.9545454545454546
97,GAM,0.16,0.9545454545454546
97,GAM,0.17,0.9545454545454546
97,GAM,0.18,0.9545454545454546
97,GAM,0.19,0.9545454545454546
97,GAM,0.2,0.9545454545454546
97,GAM,0.21,0.9696969696969697
97,GAM,0.22,0.9696969696969697
97,GAM,0.23,0.9696969696969697
97,GAM,0.24,0.9696969696969697
97,GAM,0.25,0.9696969696969697
97,GAM,0.26,0.9696969696969697
97,GAM,0.27,0.9696969696969697
97,GAM,0.28,0.9696969696969697
97,GAM,0.29,0.9696969696969697
97,GAM,0.3,0.9696969696969697
97,GAM,0.31,0.9696969696969697
97,GAM,0.32,0.9696969696969697
97,GAM,0.33,0.9696969696969697
97,GAM,0.34,0.9696969696969697
97,GAM,0.35000000000000003,0.9696969696969697
97,GAM,0.36,0.9696969696969697
97,GAM,0.37,0.9696969696969697
97,GAM,0.38,0.9696969696969697
97,GAM,0.39,0.9696969696969697
97,GAM,0.4,0.9848484848484849
97,GAM,0.41000000000000003,0.9848484848484849
97,GAM,0.42,0.9848484848484849
97,GAM,0.43,0.9848484848484849
97,GAM,0.44,0.9848484848484849
97,GAM,0.45,0.9848484848484849
97,GAM,0.46,0.9848484848484849
97,GAM,0.47000000000000003,0.9848484848484849
97,GAM,0.48,0.9848484848484849
97,GAM,0.49,0.9848484848484849
97,GAM,0.5,0.9848484848484849
97,GAM,0.51,0.9848484848484849
97,GAM,0.52,0.9848484848484849
97,GAM,0.53,0.9848484848484849
97,GAM,0.54,0.9848484848484849
97,GAM,0.55,0.9848484848484849
97,GAM,0.56,0.9848484848484849
97,GAM,0.5700000000000001,0.9848484848484849
97,GAM,0.58,0.9848484848484849
97,GAM,0.59,0.9848484848484849
97,GAM,0.6,0.9848484848484849
97,GAM,0.61,0.9848484848484849
97,GAM,0.62,0.9848484848484849
97,GAM,0.63,0.9848484848484849
97,GAM,0.64,0.9848484848484849
97,GAM,0.65,0.9848484848484849
97,GAM,0.66,0.9848484848484849
97,GAM,0.67,0.9848484848484849
97,GAM,0.68,0.9848484848484849
97,GAM,0.6900000000000001,0.9848484848484849
97,GAM,0.7000000000000001,0.9848484848484849
97,GAM,0.71,0.9848484848484849
97,GAM,0.72,0.9848484848484849
97,GAM,0.73,0.9848484848484849
97,GAM,0.74,0.9848484848484849
97,GAM,0.75,0.9848484848484849
97,GAM,0.76,0.9848484848484849
97,GAM,0.77,0.9848484848484849
97,GAM,0.78,0.9848484848484849
97,GAM,0.79,0.9848484848484849
97,GAM,0.8,0.9848484848484849
97,GAM,0.81,0.9848484848484849
97,GAM,0.8200000000000001,0.9848484848484849
97,GAM,0.8300000000000001,1.0
97,GAM,0.84,1.0
97,GAM,0.85,1.0
97,GAM,0.86,1.0
97,GAM,0.87,1.0
97,GAM,0.88,1.0
97,GAM,0.89,1.0
97,GAM,0.9,1.0
97,GAM,0.91,1.0
97,GAM,0.92,1.0
97,GAM,0.93,1.0
97,GAM,0.9400000000000001,1.0
97,GAM,0.9500000000000001,1.0
97,GAM,0.96,1.0
97,GAM,0.97,1.0
97,GAM,0.98,1.0
97,GAM,0.99,1.0
97,GAM,1.0,1.0
98,GAM,0.0,0.0
98,GAM,0.01,0.5223880597014925
98,GAM,0.02,0.5970149253731343
98,GAM,0.03,0.8208955223880597
98,GAM,0.04,0.8507462686567164
98,GAM,0.05,0.8656716417910447
98,GAM,0.06,0.8656716417910447
98,GAM,0.07,0.9104477611940298
98,GAM,0.08,0.9253731343283582
98,GAM,0.09,0.9253731343283582
98,GAM,0.1,0.9402985074626866
98,GAM,0.11,0.9402985074626866
98,GAM,0.12,0.9402985074626866
98,GAM,0.13,0.9402985074626866
98,GAM,0.14,0.9701492537313433
98,GAM,0.15,0.9701492537313433
98,GAM,0.16,0.9701492537313433
98,GAM,0.17,0.9701492537313433
98,GAM,0.18,0.9701492537313433
98,GAM,0.19,0.9850746268656716
98,GAM,0.2,0.9850746268656716
98,GAM,0.21,0.9850746268656716
98,GAM,0.22,0.9850746268656716
98,GAM,0.23,0.9850746268656716
98,GAM,0.24,0.9850746268656716
98,GAM,0.25,0.9850746268656716
98,GAM,0.26,0.9850746268656716
98,GAM,0.27,0.9850746268656716
98,GAM,0.28,0.9850746268656716
98,GAM,0.29,0.9850746268656716
98,GAM,0.3,0.9850746268656716
98,GAM,0.31,0.9850746268656716
98,GAM,0.32,0.9850746268656716
98,GAM,0.33,0.9850746268656716
98,GAM,0.34,0.9850746268656716
98,GAM,0.35000000000000003,0.9850746268656716
98,GAM,0.36,0.9850746268656716
98,GAM,0.37,0.9850746268656716
98,GAM,0.38,0.9850746268656716
98,GAM,0.39,0.9850746268656716
98,GAM,0.4,0.9850746268656716
98,GAM,0.41000000000000003,0.9850746268656716
98,GAM,0.42,0.9850746268656716
98,GAM,0.43,0.9850746268656716
98,GAM,0.44,0.9850746268656716
98,GAM,0.45,0.9850746268656716
98,GAM,0.46,0.9850746268656716
98,GAM,0.47000000000000003,0.9850746268656716
98,GAM,0.48,0.9850746268656716
98,GAM,0.49,0.9850746268656716
98,GAM,0.5,0.9850746268656716
98,GAM,0.51,0.9850746268656716
98,GAM,0.52,0.9850746268656716
98,GAM,0.53,0.9850746268656716
98,GAM,0.54,0.9850746268656716
98,GAM,0.55,0.9850746268656716
98,GAM,0.56,0.9850746268656716
98,GAM,0.5700000000000001,0.9850746268656716
98,GAM,0.58,1.0
98,GAM,0.59,1.0
98,GAM,0.6,1.0
98,GAM,0.61,1.0
98,GAM,0.62,1.0
98,GAM,0.63,1.0
98,GAM,0.64,1.0
98,GAM,0.65,1.0
98,GAM,0.66,1.0
98,GAM,0.67,1.0
98,GAM,0.68,1.0
98,GAM,0.6900000000000001,1.0
98,GAM,0.7000000000000001,1.0
98,GAM,0.71,1.0
98,GAM,0.72,1.0
98,GAM,0.73,1.0
98,GAM,0.74,1.0
98,GAM,0.75,1.0
98,GAM,0.76,1.0
98,GAM,0.77,1.0
98,GAM,0.78,1.0
98,GAM,0.79,1.0
98,GAM,0.8,1.0
98,GAM,0.81,1.0
98,GAM,0.8200000000000001,1.0
98,GAM,0.8300000000000001,1.0
98,GAM,0.84,1.0
98,GAM,0.85,1.0
98,GAM,0.86,1.0
98,GAM,0.87,1.0
98,GAM,0.88,1.0
98,GAM,0.89,1.0
98,GAM,0.9,1.0
98,GAM,0.91,1.0
98,GAM,0.92,1.0
98,GAM,0.93,1.0
98,GAM,0.9400000000000001,1.0
98,GAM,0.9500000000000001,1.0
98,GAM,0.96,1.0
98,GAM,0.97,1.0
98,GAM,0.98,1.0
98,GAM,0.99,1.0
98,GAM,1.0,1.0
99,GAM,0.0,0.0
99,GAM,0.01,0.4925373134328358
99,GAM,0.02,0.5970149253731343
99,GAM,0.03,0.6417910447761194
99,GAM,0.04,0.7761194029850746
99,GAM,0.05,0.7761194029850746
99,GAM,0.06,0.8507462686567164
99,GAM,0.07,0.8656716417910447
99,GAM,0.08,0.9104477611940298
99,GAM,0.09,0.9253731343283582
99,GAM,0.1,0.9402985074626866
99,GAM,0.11,0.9402985074626866
99,GAM,0.12,0.9402985074626866
99,GAM,0.13,0.9402985074626866
99,GAM,0.14,0.9402985074626866
99,GAM,0.15,0.9552238805970149
99,GAM,0.16,0.9552238805970149
99,GAM,0.17,0.9552238805970149
99,GAM,0.18,0.9552238805970149
99,GAM,0.19,0.9701492537313433
99,GAM,0.2,0.9701492537313433
99,GAM,0.21,0.9701492537313433
99,GAM,0.22,0.9701492537313433
99,GAM,0.23,0.9701492537313433
99,GAM,0.24,0.9701492537313433
99,GAM,0.25,0.9701492537313433
99,GAM,0.26,0.9701492537313433
99,GAM,0.27,0.9701492537313433
99,GAM,0.28,0.9701492537313433
99,GAM,0.29,0.9701492537313433
99,GAM,0.3,0.9701492537313433
99,GAM,0.31,0.9701492537313433
99,GAM,0.32,0.9701492537313433
99,GAM,0.33,0.9701492537313433
99,GAM,0.34,0.9701492537313433
99,GAM,0.35000000000000003,0.9701492537313433
99,GAM,0.36,0.9701492537313433
99,GAM,0.37,0.9701492537313433
99,GAM,0.38,0.9701492537313433
99,GAM,0.39,0.9701492537313433
99,GAM,0.4,0.9701492537313433
99,GAM,0.41000000000000003,0.9701492537313433
99,GAM,0.42,0.9701492537313433
99,GAM,0.43,0.9701492537313433
99,GAM,0.44,0.9701492537313433
99,GAM,0.45,0.9701492537313433
99,GAM,0.46,0.9701492537313433
99,GAM,0.47000000000000003,0.9701492537313433
99,GAM,0.48,0.9701492537313433
99,GAM,0.49,0.9701492537313433
99,GAM,0.5,0.9701492537313433
99,GAM,0.51,0.9701492537313433
99,GAM,0.52,0.9701492537313433
99,GAM,0.53,0.9701492537313433
99,GAM,0.54,0.9701492537313433
99,GAM,0.55,0.9701492537313433
99,GAM,0.56,0.9701492537313433
99,GAM,0.5700000000000001,0.9701492537313433
99,GAM,0.58,0.9701492537313433
99,GAM,0.59,0.9850746268656716
99,GAM,0.6,0.9850746268656716
99,GAM,0.61,0.9850746268656716
99,GAM,0.62,0.9850746268656716
99,GAM,0.63,0.9850746268656716
99,GAM,0.64,0.9850746268656716
99,GAM,0.65,0.9850746268656716
99,GAM,0.66,0.9850746268656716
99,GAM,0.67,0.9850746268656716
99,GAM,0.68,0.9850746268656716
99,GAM,0.6900000000000001,0.9850746268656716
99,GAM,0.7000000000000001,0.9850746268656716
99,GAM,0.71,0.9850746268656716
99,GAM,0.72,0.9850746268656716
99,GAM,0.73,0.9850746268656716
99,GAM,0.74,0.9850746268656716
99,GAM,0.75,0.9850746268656716
99,GAM,0.76,0.9850746268656716
99,GAM,0.77,0.9850746268656716
99,GAM,0.78,0.9850746268656716
99,GAM,0.79,0.9850746268656716
99,GAM,0.8,0.9850746268656716
99,GAM,0.81,0.9850746268656716
99,GAM,0.8200000000000001,0.9850746268656716
99,GAM,0.8300000000000001,0.9850746268656716
99,GAM,0.84,0.9850746268656716
99,GAM,0.85,0.9850746268656716
99,GAM,0.86,0.9850746268656716
99,GAM,0.87,0.9850746268656716
99,GAM,0.88,0.9850746268656716
99,GAM,0.89,1.0
99,GAM,0.9,1.0
99,GAM,0.91,1.0
99,GAM,0.92,1.0
99,GAM,0.93,1.0
99,GAM,0.9400000000000001,1.0
99,GAM,0.9500000000000001,1.0
99,GAM,0.96,1.0
99,GAM,0.97,1.0
99,GAM,0.98,1.0
99,GAM,0.99,1.0
99,GAM,1.0,1.0
