su_id,su_uid,zona,tipo_su,clase_susc,lambda,mm,fecha_hora_evento,incertidumbre_fecha,latitud,longitud,incertidumbre_ubicacion,tipo_movimiento_masa,municipio,corregimiento,vereda_barrio,Codigo_inventario,si_no_inventario,id_registro,Codigo_pluvio,dist_pluv_m,1d,30d,ONI,ENSO,ENSO_code,si_no,STR,LTR
5791,5791,2,1,Alta,24.965598426201062,2,2016-10-10 21:00:00,baja,6.442787,-75.3624889999999,baja,Flujo,Barbosa,El Hatillo,Quebrada El Bebedero El Chocho,30.0,,1.0,30,3533.6595418985803,13.4619140625,209.2958984375,-0.7,La Niña,0,1,13.4619140625,195.833984375
8693,8693,2,1,Alta,22.018948105960853,2,2023-05-28 01:00:00,baja,6.41853,-75.44017,baja,Flujo,Girardota,San Andrés,,66.0,,43.0,66,1678.9963465656003,115.3154296875,310.1337890625,0.5,El Niño,2,1,115.3154296875,194.818359375
9384,9384,2,1,Alta,31.912286445994294,1,2023-05-28 01:00:00,baja,6.41299,-75.43764,baja,Flujo,Girardota,San Andrés,,66.0,,45.0,66,1590.775914795839,115.3154296875,310.1337890625,0.5,El Niño,2,1,115.3154296875,194.818359375
9692,9692,2,1,Media,13.177774440697888,1,2023-05-28 01:00:00,baja,6.41153,-75.43519,baja,Flujo,Girardota,San Andrés,,66.0,,47.0,66,1986.6913165229544,115.3154296875,310.1337890625,0.5,El Niño,2,1,115.3154296875,194.818359375
9861,9861,2,1,Alta,16.317106697805894,2,2023-05-28 01:00:00,baja,6.41153,-75.4357,baja,Flujo,Girardota,San Andrés,,66.0,,46.0,66,1818.037560661312,115.3154296875,310.1337890625,0.5,El Niño,2,1,115.3154296875,194.818359375
13663,13663,2,2,Muy alta,51.827389114497535,2,2023-05-30 05:00:00,baja,6.3987,-75.51636,baja,Flujo,Copacabana,Zarzal,,47.0,,38.0,72,2470.046683682878,20.828125,266.4453125,0.5,El Niño,2,1,20.828125,245.6171875
16690,16690,2,1,Muy alta,48.96321414181921,1,2024-05-02 06:00:00,baja,6.36321,-75.59663,baja,Deslizamiento,Bello,Represa La García,,51.0,,62.0,51,459.1717772786807,180.33984375,399.287109375,0.4,Neutro,1,1,180.33984375,218.947265625
18180,18180,2,2,Media,5.749332603986096,1,2023-05-28 09:00:00,baja,6.34877,-75.53275,baja,Deslizamiento,Bello,Navarra,,76.0,,40.0,76,1789.752090961239,38.8623046875,295.65625,0.5,El Niño,2,1,38.8623046875,256.7939453125
20938,20938,2,1,Media,8.407862410492594,1,2022-09-23 17:00:00,baja,6.318213,-75.529373,baja,Deslizamiento,Copacabana,Autopista Medellin Bogota,,70.0,,36.0,70,993.636662259459,41.40234375,253.23828125,-1.0,La Niña,0,1,41.40234375,211.8359375
20943,20943,2,1,Media,12.332539407310092,2,2022-09-21 17:00:00,baja,6.318974,-75.528842,baja,Flujo,Copacabana,Autopista Medellin Bogotá,Motel El Descanso del Amor,70.0,,35.0,70,927.4921686386442,22.6064453125,194.564453125,-1.0,La Niña,0,1,22.6064453125,171.9580078125
21646,21646,2,2,Alta,30.223440678376605,1,2024-06-09 12:00:00,Baja,6.31164206313797,-75.5595900638633,Media,Deslizamiento,Medellín,Comuna 5 Castilla,Las Brisas,89.0,verdadero,472.0,89,1001.9729987652554,99.314453125,357.88671875,0.2,Neutro,1,1,99.314453125,258.572265625
22519,22519,2,2,Media,12.500744075565661,1,2024-06-09 18:00:00,Baja,6.3033664,-75.5465935,Media,Deslizamiento,Medellín,Comuna 1 Popular,Popular,154.0,verdadero,473.0,154,712.9545301056228,52.32421875,262.63671875,0.2,Neutro,1,1,52.32421875,210.3125
22643,22643,2,2,Media,13.523499188065268,1,2023-11-01 10:44:00,Baja,6.300944716,-75.54296297,Media,Otro,Medellín,Comuna 1 Popular,Santo Domingo Savio No.1,352.0,verdadero,440.0,352,886.7764072264696,49.7841796875,295.6552734375,1.9,El Niño,2,1,49.7841796875,245.87109375
22686,22686,2,2,Media,8.282421806868628,1,2022-08-01 19:00:00,Baja,6.29999705400002,-75.551633477,Media,Deslizamiento,Medellín,Corregimiento 60 San Cristóbal,La Loma,353.0,verdadero,303.0,353,578.0851350722938,63.24609375,186.6904296875,-0.9,La Niña,0,1,63.24609375,123.4443359375
22780,22780,2,2,Media,13.967112556143414,1,2022-06-08 21:30:00,Baja,6.29976682500001,-75.552439041,Media,Deslizamiento,Medellín,Comuna 2 Santa Cruz,La Francia,353.0,verdadero,282.0,353,489.05315230558364,37.845703125,258.31787109375,-0.9,La Niña,0,1,37.845703125,220.47216796875
22948,22948,2,2,Media,14.512804207946456,2,2022-10-24 17:00:00,Baja,6.29848764989538,-75.5431070452267,Media,Deslizamiento,Medellín,Comuna 1 Popular,Santo Domingo Savio No.1,352.0,verdadero,357.0,352,639.2907369637317,66.2939453125,288.0361328125,-1.0,La Niña,0,1,66.2939453125,221.7421875
22948,22948,2,2,Media,14.512804207946456,2,2023-11-01 03:00:00,Baja,6.30058869997623,-75.5428517073776,Media,Deslizamiento,Medellín,Comuna 1 Popular,Santo Domingo Savio No.1,352.0,verdadero,436.0,352,639.2907369637317,49.7841796875,295.6552734375,1.9,El Niño,2,1,49.7841796875,245.87109375
23005,23005,5,2,Media,8.438356840755347,1,2022-04-05 03:00:00,Baja,6.29706334572298,-75.6470996816282,Media,Deslizamiento,Medellín,Corregimiento 60 San Cristóbal,El LLano,21.0,verdadero,238.0,21,1088.5149613200042,33.2734375,342.64453125,-1.1,La Niña,0,1,33.2734375,309.37109375
23028,23028,2,2,Media,13.313022523625792,1,2022-06-07 15:00:00,Baja,6.29822281999998,-75.550746283,Media,Flujo,Medellín,Comuna 2 Santa Cruz,La Francia,353.0,verdadero,281.0,353,625.6782418826148,11.17626953125,221.234375,-0.9,La Niña,0,1,11.17626953125,210.05810546875
23040,23040,2,2,Media,14.209499396467434,1,2024-05-24 17:00:00,Baja,6.2968266,-75.553067,Media,Deslizamiento,Medellín,Comuna 1 Popular,Moscú No.2,353.0,verdadero,468.0,353,311.84418919501525,46.736328125,341.63037109375,0.4,Neutro,1,1,46.736328125,294.89404296875
23047,23047,2,1,Muy alta,50.378313945513035,2,2021-06-02 18:30:00,Baja,6.29822110966513,-75.5422856413644,Media,Deslizamiento,Medellín,Comuna 1 Popular,Santo Domingo Savio No.1,352.0,verdadero,155.0,352,474.17220332892026,47.243896484375,264.66796875,-0.4,Neutro,1,1,47.243896484375,217.424072265625
23047,23047,2,1,Muy alta,50.378313945513035,2,2023-12-16 15:00:00,Baja,6.297920729,-75.542413543,Media,Deslizamiento,Medellín,Comuna 1 Popular,Santo Domingo Savio No.1,352.0,verdadero,446.0,352,474.17220332892026,54.8642578125,115.82421875,2.0,El Niño,2,1,54.8642578125,60.9599609375
23094,23094,2,1,Muy alta,99.469147603523,1,2022-08-01 19:30:00,Baja,6.296410998,-75.543978146,Media,Deslizamiento,Medellín,Comuna 1 Popular,Santo Domingo Savio No.1,352.0,verdadero,304.0,352,348.2436632712666,65.02392578125,197.10400390625,-0.9,La Niña,0,1,65.02392578125,132.080078125
23127,23127,2,2,Media,12.286666542267556,1,2024-06-09 08:00:00,Baja,6.29656578,-75.56387143,Media,Deslizamiento,Medellín,Comuna 5 Castilla,Belalcázar,376.0,verdadero,471.0,376,709.1959677615571,121.666015625,382.77734375,0.2,Neutro,1,1,121.666015625,261.111328125
23156,23156,2,2,Alta,21.1923106705963,1,2021-11-13 18:00:00,Baja,6.29621017599999,-75.539886544,Media,Deslizamiento,Medellín,Comuna 1 Popular,La Avanzada,352.0,verdadero,179.0,352,407.00076029470324,52.578125,277.3681640625,-1.0,La Niña,0,1,52.578125,224.7900390625
23205,23205,2,1,Muy alta,51.59283344727499,3,2022-08-01 19:40:00,Baja,6.29696853899998,-75.542870455,Media,Deslizamiento,Medellín,Comuna 1 Popular,Santo Domingo Savio No.1,352.0,verdadero,305.0,352,328.00194173589256,65.02392578125,197.10400390625,-0.9,La Niña,0,1,65.02392578125,132.080078125
23265,23265,2,2,Alta,18.65566191437271,1,2023-05-26 17:30:00,Baja,6.29687785599998,-75.550789285,Media,Deslizamiento,Medellín,Comuna 2 Santa Cruz,La Francia,353.0,verdadero,426.0,353,503.58231081911566,64.51611328125,193.80224609375,0.5,El Niño,2,1,64.51611328125,129.2861328125
23272,23272,2,2,Alta,37.36824005804146,1,2022-08-01 19:00:00,Baja,6.29485847778135,-75.544415608739,Media,Deslizamiento,Medellín,Comuna 1 Popular,Santo Domingo Savio No.1,352.0,verdadero,302.0,352,396.46281269736653,65.02392578125,197.10400390625,-0.9,La Niña,0,1,65.02392578125,132.080078125
23303,23303,2,2,Media,10.595949267768905,1,2024-06-09 03:00:00,Baja,6.2951939,-75.5545989,Media,Deslizamiento,Medellín,Comuna 2 Santa Cruz,Moscú No.1,353.0,verdadero,470.0,353,107.12141264465326,95.50390625,334.26416015625,0.2,Neutro,1,1,95.50390625,238.76025390625
23353,23353,2,2,Media,12.218810806565275,1,2022-04-07 01:15:00,Baja,6.29639992259483,-75.5972123196317,Media,Deslizamiento,Medellín,Corregimiento 60 San Cristóbal,El Picacho,48.0,verdadero,246.0,48,1000.1593375889461,52.0703125,311.912109375,-1.1,La Niña,0,1,52.0703125,259.841796875
23429,23429,2,2,Muy alta,40.97106077622588,3,2023-05-25 21:00:00,Baja,6.29497068400002,-75.542817166,Media,Deslizamiento,Medellín,Comuna 1 Popular,Santo Domingo Savio No.1,352.0,verdadero,419.0,352,131.09470139259562,45.4658203125,191.515625,0.5,El Niño,2,1,45.4658203125,146.0498046875
23429,23429,2,2,Muy alta,40.97106077622588,3,2023-10-31 19:00:00,Baja,6.29352892499998,-75.544483017,Media,Deslizamiento,Medellín,Comuna 1 Popular,Santo Domingo Savio No.1,352.0,verdadero,434.0,352,131.09470139259562,43.6875,245.87109375,1.8,El Niño,2,1,43.6875,202.18359375
23445,23445,2,2,Alta,15.32971739155769,1,2024-07-01 12:00:00,Baja,6.29530059,-75.5643389,Media,Deslizamiento,Medellín,Comuna 5 Castilla,Belalcázar,376.0,verdadero,495.0,376,860.8560565897926,36.576171875,417.576171875,0.0,Neutro,1,1,36.576171875,381.0
23446,23446,2,1,Muy alta,49.399980093647564,2,2021-03-23 23:00:00,Baja,6.29514309899997,-75.540261148,Media,Caida de rocas,Medellín,Comuna 1 Popular,La Avanzada,352.0,verdadero,135.0,352,312.1972977949724,44.449951171875,334.010009765625,-0.8,La Niña,0,1,44.449951171875,289.56005859375
23446,23446,2,1,Muy alta,49.399980093647564,2,2021-11-13 16:30:00,Baja,6.29463414000003,-75.539938888,Media,Deslizamiento,Medellín,Comuna 1 Popular,La Avanzada,352.0,verdadero,177.0,352,312.1972977949724,51.56201171875,276.35205078125,-1.0,La Niña,0,1,51.56201171875,224.7900390625
23470,23470,2,1,Muy alta,51.6931912576609,1,2021-11-13 16:10:00,Baja,6.2931868,-75.541724,Media,Deslizamiento,Medellín,Comuna 1 Popular,Santo Domingo Savio No.1,352.0,verdadero,176.0,352,178.61610666458984,51.56201171875,276.35205078125,-1.0,La Niña,0,1,51.56201171875,224.7900390625
23484,23484,5,2,Alta,15.509245434123068,1,2023-03-13 08:00:00,Baja,6.293831,-75.649566795,Media,Deslizamiento,Medellín,Corregimiento 60 San Cristóbal,El LLano,612.0,verdadero,411.0,612,1324.7306562661995,37.8460693359375,230.3780517578125,-0.1,Neutro,1,1,37.8460693359375,192.531982421875
23487,23487,2,2,Media,11.390648264894642,2,2022-06-08 23:00:00,Baja,6.29689916299998,-75.551355189,Media,Deslizamiento,Medellín,Comuna 2 Santa Cruz,Andalucía,353.0,verdadero,283.0,353,511.33258322417663,40.1318359375,260.60400390625,-0.9,La Niña,0,1,40.1318359375,220.47216796875
23487,23487,2,2,Media,11.390648264894642,2,2023-11-01 09:00:00,Baja,6.29520017800002,-75.550158242,Media,Deslizamiento,Medellín,Comuna 2 Santa Cruz,Villa del Socorro,353.0,verdadero,439.0,353,511.33258322417663,75.43798828125,313.94384765625,1.9,El Niño,2,1,75.43798828125,238.505859375
23497,23497,2,2,Muy alta,47.374952894535454,1,2023-10-31 21:00:00,Baja,6.29335389002527,-75.5465197667714,Media,Deslizamiento,Medellín,Comuna 1 Popular,Granizal,352.0,verdadero,435.0,352,354.87468312219795,80.263671875,282.955078125,1.8,El Niño,2,1,80.263671875,202.69140625
23499,23499,2,1,Muy alta,56.192702106390755,2,2022-10-24 20:05:00,Baja,6.29509161009067,-75.5397419929221,Media,Deslizamiento,Medellín,Comuna 1 Popular,La Avanzada,352.0,verdadero,363.0,352,432.9823469271966,59.68994140625,288.0361328125,-1.0,La Niña,0,1,59.68994140625,228.34619140625
23499,23499,2,1,Muy alta,56.192702106390755,2,2023-03-18 23:00:00,Baja,6.29427668800002,-75.538858528,Media,Deslizamiento,Medellín,Comuna 1 Popular,La Avanzada,352.0,verdadero,412.0,352,432.9823469271966,42.1640625,191.00830078125,-0.1,Neutro,1,1,42.1640625,148.84423828125
23533,23533,2,3,Muy alta,164.87907822410767,1,2023-05-23 22:30:00,Baja,6.29312999699999,-75.543840186,Media,Deslizamiento,Medellín,Comuna 1 Popular,Santo Domingo Savio No.1,352.0,verdadero,415.0,352,177.17272931817772,45.7197265625,147.31982421875,0.5,El Niño,2,1,45.7197265625,101.60009765625
23536,23536,2,2,Media,7.3383945698439055,1,2021-12-01 03:00:00,Baja,6.29477481890119,-75.5938914399625,Media,Deslizamiento,Medellín,Comuna 7 Robledo,Aures No.2,48.0,verdadero,211.0,48,838.2758683242369,89.662109375,261.875,-1.0,La Niña,0,1,89.662109375,172.212890625
23602,23602,2,2,Muy alta,60.16282016668558,2,2022-08-01 22:00:00,Baja,6.29227338300001,-75.545551429,Media,Deslizamiento,Medellín,Comuna 1 Popular,Granizal,352.0,verdadero,307.0,352,388.36872314799166,65.02392578125,197.10400390625,-0.9,La Niña,0,1,65.02392578125,132.080078125
23602,23602,2,2,Muy alta,60.16282016668558,2,2022-10-24 14:00:00,Baja,6.29241989227721,-75.5456175808503,Media,Deslizamiento,Medellín,Comuna 1 Popular,Granizal,352.0,verdadero,351.0,352,388.36872314799166,64.51611328125,281.17822265625,-1.0,La Niña,0,1,64.51611328125,216.662109375
23626,23626,2,1,Alta,26.655791361125885,1,2022-10-24 17:00:00,Baja,6.292310697,-75.537947897,Media,Deslizamiento,Medellín,Comuna 1 Popular,La Avanzada,352.0,verdadero,358.0,352,505.6458527048057,66.2939453125,288.0361328125,-1.0,La Niña,0,1,66.2939453125,221.7421875
23674,23674,5,2,Alta,25.269920975628832,3,2023-05-11 17:00:00,Baja,6.29381224048875,-75.6578678464433,Media,Deslizamiento,Medellín,Corregimiento 60 San Cristóbal,La Cuchilla,612.0,verdadero,413.0,612,1120.865194824522,48.7679443359375,180.3399658203125,0.5,El Niño,2,1,48.7679443359375,131.572021484375
23759,23759,2,1,Alta,31.693470790980353,2,2021-11-13 17:00:00,Baja,6.291093053,-75.539650315,Media,Deslizamiento,Medellín,Comuna 1 Popular,Carpinelo,352.0,verdadero,178.0,352,403.3398812937405,52.578125,277.3681640625,-1.0,La Niña,0,1,52.578125,224.7900390625
23759,23759,2,1,Alta,31.693470790980353,2,2023-05-25 22:00:00,Baja,6.29096697984291,-75.5406987041978,Media,Deslizamiento,Medellín,Comuna 1 Popular,Carpinelo,352.0,verdadero,422.0,352,403.3398812937405,54.35595703125,200.40576171875,0.5,El Niño,2,1,54.35595703125,146.0498046875
23777,23777,2,2,Media,11.981788167864604,1,2022-10-24 15:30:00,Baja,6.29278743244304,-75.5478275696157,Media,Deslizamiento,Medellín,Comuna 1 Popular,Granizal,352.0,verdadero,356.0,353,580.13175696298,40.13232421875,208.2802734375,-1.0,La Niña,0,1,40.13232421875,168.14794921875
23789,23789,2,1,Alta,25.51336102184041,1,2023-10-30 23:45:00,Baja,6.29394538416338,-75.5364410710598,Media,Deslizamiento,Medellín,Comuna 1 Popular,La Avanzada,352.0,verdadero,431.0,274,670.2967870161349,41.1484375,309.8798828125,1.8,El Niño,2,1,41.1484375,268.7314453125
23808,23808,2,2,Media,8.321246275607496,1,2021-11-30 22:30:00,Baja,6.28987364099999,-75.592337797,Media,Deslizamiento,Medellín,Comuna 7 Robledo,Aures No.2,241.0,verdadero,188.0,241,1164.2229607412753,77.21630859375,248.158203125,-1.0,La Niña,0,1,77.21630859375,170.94189453125
23814,23814,2,2,Media,7.026557627178158,1,2021-09-05 14:45:00,Baja,6.29209436666238,-75.5350979844962,Media,Deslizamiento,Medellín,Corregimiento 90 Santa Elena,Piedras Blancas - Matasano,274.0,verdadero,170.0,274,733.5213033374439,35.0517578125,246.8876953125,-0.7,La Niña,0,1,35.0517578125,211.8359375
23823,23823,2,2,Alta,27.050397669408145,2,2022-08-01 22:00:00,Baja,6.290661629,-75.551385362,Media,Deslizamiento,Medellín,Comuna 1 Popular,Moscú No.2,40.0,verdadero,308.0,40,612.6170954126324,61.21484375,181.1015625,-0.9,La Niña,0,1,61.21484375,119.88671875
23869,23869,2,1,Muy alta,39.903717516622365,2,2021-06-02 17:00:00,Baja,6.28934484003857,-75.5404959088718,Media,Deslizamiento,Medellín,Comuna 1 Popular,Carpinelo,274.0,verdadero,154.0,274,335.6584406964055,40.13232421875,231.90234375,-0.4,Neutro,1,1,40.13232421875,191.77001953125
23869,23869,2,1,Muy alta,39.903717516622365,2,2022-10-23 12:00:00,Baja,6.28949594599999,-75.539724461,Media,Deslizamiento,Medellín,Comuna 1 Popular,Carpinelo,274.0,verdadero,346.0,274,335.6584406964055,30.4794921875,226.5673828125,-1.0,La Niña,0,1,30.4794921875,196.087890625
23913,23913,2,1,Alta,21.006555213842322,1,2023-05-25 21:00:00,Baja,6.28996657900001,-75.552503494,Media,Deslizamiento,Medellín,Comuna 1 Popular,Moscú No.2,40.0,verdadero,420.0,40,629.2353323687847,56.642578125,226.822265625,0.5,El Niño,2,1,56.642578125,170.1796875
23925,23925,5,2,Muy alta,44.102488238178424,2,2022-10-28 18:00:00,Baja,6.28909116300002,-75.65003432,Media,Deslizamiento,Medellín,Corregimiento 60 San Cristóbal,El Uvito,612.0,verdadero,373.0,612,1736.4505928891651,46.989990234375,279.90802001953125,-1.0,La Niña,0,1,46.989990234375,232.91802978515625
23940,23940,5,1,Muy alta,41.56951397648321,1,2024-06-01 04:00:00,Baja,6.28886187,-75.65373452,Media,Deslizamiento,Medellín,Corregimiento 60 San Cristóbal,El Uvito,612.0,verdadero,469.0,612,1574.051161463225,36.32177734375,336.5498046875,0.2,Neutro,1,1,36.32177734375,300.22802734375
23945,23945,2,2,Media,5.846969359946161,1,2023-05-23 20:00:00,Baja,6.28914604759439,-75.5863477041108,Media,Deslizamiento,Medellín,Comuna 6 Doce de Octubre,Kennedy,241.0,verdadero,414.0,241,674.9571909009139,34.5439453125,136.3984375,0.5,El Niño,2,1,34.5439453125,101.8544921875
23966,23966,2,1,Alta,19.154763843333473,1,2019-11-14 12:00:00,baja,6.288871,-75.542241,baja,Deslizamiento,Medellín,Santo Domingo Savio No.1,Calle 100B con Carrera 31,352.0,,10.0,352,507.12003851715775,13.2080078125,251.4599609375,0.5,Neutro,1,1,13.2080078125,238.251953125
24050,24050,2,2,Alta,21.097429782688625,1,2023-01-14 22:00:00,Baja,6.28748158033192,-75.599164461121,Media,Deslizamiento,Medellín,Comuna 7 Robledo,Monteclaro,456.0,verdadero,401.0,456,1489.6940344085629,50.2919921875,156.2099609375,-0.7,La Niña,0,1,50.2919921875,105.91796875
24119,24119,2,1,Alta,26.073697384935542,1,2022-03-27 14:00:00,Baja,6.28701223799999,-75.597031694,Media,Deslizamiento,Medellín,Comuna 7 Robledo,Monteclaro,456.0,verdadero,219.0,456,1635.0721051307837,43.179931640625,236.72802734375,-1.0,La Niña,0,1,43.179931640625,193.548095703125
24169,24169,2,2,Media,12.248713407076062,1,2024-05-23 20:30:00,Baja,6.28803944,-75.60124339,Media,Deslizamiento,Medellín,Comuna 7 Robledo,Monteclaro,20.0,verdadero,464.0,456,1326.9276563411267,38.10009765625,291.84619140625,0.4,Neutro,1,1,38.10009765625,253.74609375
26192,26192,3,1,Muy alta,109.48331009056449,2,2023-11-15 06:00:00,baja,6.093406,-75.657458,baja,Flujo,Caldas,La Valeria,,515.0,,57.0,515,1572.1667259429164,78.99365234375,286.2578125,1.9,El Niño,2,1,78.99365234375,207.26416015625
26378,26378,3,1,Muy alta,191.6485752535278,3,2023-11-15 06:00:00,baja,6.091019,-75.655996,baja,Flujo,Caldas,La Valeria,,515.0,,56.0,515,1336.7515404810779,78.99365234375,286.2578125,1.9,El Niño,2,1,78.99365234375,207.26416015625
26401,26401,3,1,Muy alta,363.0113343780245,5,2023-11-15 06:00:00,baja,6.09026,-75.655115,baja,Flujo,Caldas,La Valeria,,515.0,,55.0,515,1375.920201347759,78.99365234375,286.2578125,1.9,El Niño,2,1,78.99365234375,207.26416015625
26515,26515,3,1,Alta,15.20033726038737,1,2023-11-15 05:00:00,baja,6.090761,-75.625723,baja,Flujo,Caldas,Andalucia,,432.0,,58.0,432,269.9496256852134,110.2353515625,352.8056640625,1.9,El Niño,2,1,110.2353515625,242.5703125
29482,29482,3,1,Baja,2.954365827480273,1,2024-05-09 16:00:00,baja,6.04335,-75.66261,baja,Deslizamiento,Caldas,Peaje,,383.0,,61.0,383,594.7711931891043,94.99609375,387.3505859375,0.4,Neutro,1,1,94.99609375,292.3544921875
33116,33116,2,1,Muy alta,42.799741744872875,1,2023-05-28 01:00:00,baja,6.42067,-75.46059,baja,Flujo,Girardota,San Andrés,,66.0,,51.0,66,1530.7016792260583,115.3154296875,310.1337890625,0.5,El Niño,2,1,115.3154296875,194.818359375
33139,33139,2,1,Alta,18.02186575085168,1,2023-05-28 01:00:00,baja,6.42138,-75.45109,baja,Flujo,Girardota,San Andrés,,66.0,,42.0,66,1313.3742088657202,115.3154296875,310.1337890625,0.5,El Niño,2,1,115.3154296875,194.818359375
33226,33226,2,1,Muy alta,41.82804053411201,2,2023-05-28 01:00:00,baja,6.41762,-75.45542,baja,Flujo,Girardota,San Andrés,,66.0,,49.0,66,1099.5548407061867,115.3154296875,310.1337890625,0.5,El Niño,2,1,115.3154296875,194.818359375
33243,33243,2,1,Alta,19.734999084960528,3,2023-05-28 01:00:00,baja,6.42134,-75.45872,baja,Flujo,Girardota,San Andrés,,66.0,,50.0,66,1118.629201481718,115.3154296875,310.1337890625,0.5,El Niño,2,1,115.3154296875,194.818359375
33257,33257,2,1,Alta,31.83216901321694,1,2023-05-28 01:00:00,baja,6.41638,-75.47123,baja,Flujo,Girardota,San Andrés,,66.0,,53.0,127,1264.4191462412884,90.423828125,302.259765625,0.5,El Niño,2,1,90.423828125,211.8359375
33306,33306,2,1,Alta,28.667947583587118,4,2023-05-28 01:00:00,baja,6.41689,-75.46948,baja,Flujo,Girardota,San Andrés,,66.0,,52.0,127,1605.9687930918983,90.423828125,302.259765625,0.5,El Niño,2,1,90.423828125,211.8359375
37719,37719,2,1,Media,7.586692738753729,1,2023-05-30 05:00:00,baja,6.31614,-75.50675,baja,Deslizamiento,Copacabana,Chucho Gato,,607.0,,39.0,607,1355.0788313997305,25.654052734375,357.378173828125,0.5,El Niño,2,1,25.654052734375,331.72412109375
38396,38396,1,2,Baja,2.1471564110577,1,2022-10-24 17:30:00,Baja,6.19166137392285,-75.5583619042169,Media,Deslizamiento,Medellín,Comuna 14 El Poblado,Los Balsos No.1,56.0,verdadero,360.0,56,971.2469406831268,41.40234375,224.5361328125,-1.0,La Niña,0,1,41.40234375,183.1337890625
38449,38449,1,2,Media,8.914463095126651,1,2024-06-15 14:00:00,Baja,6.1901037,-75.5694576,Media,Deslizamiento,Medellín,Comuna 14 El Poblado,El Castillo,15.0,verdadero,475.0,15,1067.587630162634,52.83203125,261.3671875,0.2,Neutro,1,1,52.83203125,208.53515625
41119,41119,3,2,Baja,3.185429433436826,1,2022-08-05 21:00:00,baja,6.145044,-75.576537,baja,Flujo,Envigado,El Salado,,339.0,,28.0,339,1083.0894297135853,52.578125,242.31640625,-0.9,La Niña,0,1,52.578125,189.73828125
42786,42786,2,1,Alta,23.735443085307068,2,2023-05-28 01:00:00,baja,6.42251,-75.44893,baja,Flujo,Girardota,San Andrés,,66.0,,41.0,66,1175.2126687632608,115.3154296875,310.1337890625,0.5,El Niño,2,1,115.3154296875,194.818359375
43985,43985,5,2,Alta,29.061753190798957,1,2024-05-15 10:00:00,Baja,6.19957637396212,-75.593448913561,Media,Deslizamiento,Medellín,Comuna 15 Guayabal,El Rodeo,22.0,verdadero,455.0,22,1106.0596959862307,36.576171875,268.478515625,0.4,Neutro,1,1,36.576171875,231.90234375
44328,44328,3,2,Alta,19.382010679358086,1,2022-06-11 00:30:00,Baja,6.18656844899999,-75.646169327,Media,Deslizamiento,Medellín,Corregimiento 80 San Antonio de Prado,San Antonio de Prado,2.0,verdadero,284.0,2,564.2562263184313,68.072265625,301.498046875,-0.9,La Niña,0,1,68.072265625,233.42578125
44415,44415,3,2,Media,10.242999274882589,1,2022-09-16 08:00:00,Baja,6.18478802499999,-75.647394612,Media,Otro,Medellín,Corregimiento 80 San Antonio de Prado,San Antonio de Prado,2.0,verdadero,325.0,2,832.6706157960842,56.38671875,315.974609375,-1.0,La Niña,0,1,56.38671875,259.587890625
44625,44625,3,2,Muy alta,72.25404666281594,3,2022-09-18 14:30:00,Baja,6.17485306600003,-75.648879759,Media,Deslizamiento,Medellín,Corregimiento 80 San Antonio de Prado,San Antonio de Prado,36.0,verdadero,336.0,36,1077.7643341115697,70.611328125,367.283203125,-1.0,La Niña,0,1,70.611328125,296.671875
44630,44630,3,2,Muy alta,58.11790839630748,3,2022-09-17 00:00:00,Media,6.17456122201986,-75.6489008709651,Media,Deslizamiento,Medellín,Corregimiento 80 San Antonio de Prado,San Antonio de Prado,36.0,verdadero,329.0,36,938.2286271554062,28.955078125,296.671875,-1.0,La Niña,0,1,28.955078125,267.716796875
44711,44711,3,2,Muy alta,38.785781354202975,1,2022-09-18 01:00:00,Baja,6.16983999799999,-75.657294367,Media,Deslizamiento,Medellín,Corregimiento 80 San Antonio de Prado,San José,36.0,verdadero,331.0,36,1468.7702782481474,64.0078125,360.6796875,-1.0,La Niña,0,1,64.0078125,296.671875
45017,45017,3,1,Muy alta,77.37229437298663,2,2022-09-08 20:00:00,baja,6.153428,-75.660374,baja,Deslizamiento,La Estrella,Tierra Amarilla,Q. Tierra Amarilla,519.0,,32.0,519,193.9067292028086,72.13623046875,324.8662109375,-1.0,La Niña,0,1,72.13623046875,252.72998046875
45087,45087,3,1,Alta,37.211376202369,4,2022-09-08 20:00:00,baja,6.153292,-75.663229,baja,Deslizamiento,La Estrella,Tierra Amarilla,Q. Tierra Amarilla,519.0,,33.0,519,576.0795798310022,72.13623046875,324.8662109375,-1.0,La Niña,0,1,72.13623046875,252.72998046875
45356,45356,3,1,Alta,32.98532704390531,1,2024-05-09 14:00:00,baja,6.144733,-75.638184,baja,Flujo,La Estrella,Himalaya,,266.0,,59.0,266,321.7716692113187,39.1162109375,379.2216796875,0.4,Neutro,1,1,39.1162109375,340.10546875
45814,45814,3,3,Muy alta,109.03761199200935,1,2024-05-09 12:00:00,baja,6.135043,-75.646801,baja,Flujo,La Estrella,Pueblo Viejo,,62.0,,60.0,62,414.3499354655438,48.259765625,371.6015625,0.4,Neutro,1,1,48.259765625,323.341796875
46802,46802,5,1,Baja,1.6062932297684513,1,2022-11-24 14:00:00,Baja,6.36183352699999,-75.693430419,Media,Deslizamiento,Medellín,Corregimiento 50 San Sebastián de Palmitas,Urquita,320.0,verdadero,395.0,320,995.9911263718564,59.181640625,396.2392578125,-0.9,La Niña,0,1,59.181640625,337.0576171875
46948,46948,5,1,Baja,1.347077405462102,1,2022-04-07 03:00:00,Baja,6.35791,-75.696018,Media,Deslizamiento,Medellín,Corregimiento 50 San Sebastián de Palmitas,Potrera Miserenga,320.0,verdadero,248.0,320,391.3114036311196,44.4501953125,454.40625,-1.1,La Niña,0,1,44.4501953125,409.9560546875
47088,47088,5,1,Baja,1.151233395303785,1,2022-11-23 03:00:00,Baja,6.35646610499998,-75.700193714,Media,Deslizamiento,Medellín,Corregimiento 50 San Sebastián de Palmitas,Potrera Miserenga,320.0,verdadero,390.0,320,238.64230803941172,34.544921875,346.96484375,-0.9,La Niña,0,1,34.544921875,312.419921875
47107,47107,5,2,Baja,1.0558216198390418,1,2022-04-03 21:30:00,Baja,6.35340852600001,-75.702042332,Media,Deslizamiento,Medellín,Corregimiento 50 San Sebastián de Palmitas,Potrera Miserenga,320.0,verdadero,232.0,320,366.45437864006436,71.88232421875,471.93212890625,-1.1,La Niña,0,1,71.88232421875,400.0498046875
47123,47123,5,3,Baja,1.4348626065117818,1,2022-09-18 19:00:00,Baja,6.35313151698231,-75.7023778588457,Media,Deslizamiento,Medellín,Corregimiento 50 San Sebastián de Palmitas,Potrera Miserenga,4.0,verdadero,338.0,320,480.48048348235375,52.578125,243.078125,-1.0,La Niña,0,1,52.578125,190.5
47966,47966,5,1,Baja,3.5543092276113257,1,2023-11-18 00:00:00,Media,6.33215214423384,-75.69432492483,Media,Caida de rocas,Medellín,Corregimiento 50 San Sebastián de Palmitas,Volcana Guayabal,4.0,verdadero,443.0,4,1309.8423588792184,55.625,355.599609375,1.9,El Niño,2,1,55.625,299.974609375
48031,48031,5,3,Baja,4.63744716701844,1,2022-04-07 03:00:00,Baja,6.330282,-75.696183,Media,Deslizamiento,Medellín,Corregimiento 50 San Sebastián de Palmitas,La Frisola,4.0,verdadero,249.0,4,1497.7066420979986,33.783203125,376.173828125,-1.1,La Niña,0,1,33.783203125,342.390625
48210,48210,5,1,Baja,2.8941524741787563,1,2022-06-02 18:00:00,Baja,6.3255937280883,-75.6888921273402,Media,Deslizamiento,Medellín,Corregimiento 50 San Sebastián de Palmitas,Volcana Guayabal,4.0,verdadero,274.0,4,1839.9825237277516,32.259765625,312.9296875,-0.9,La Niña,0,1,32.259765625,280.669921875
48335,48335,5,1,Alta,19.474473964822174,1,2022-04-07 15:00:00,Baja,6.32291008483751,-75.6918888280108,Media,Complejo,Medellín,Corregimiento 50 San Sebastián de Palmitas,La Frisola,4.0,verdadero,251.0,4,2183.1159702292803,34.037109375,371.34765625,-1.1,La Niña,0,1,34.037109375,337.310546875
49611,49611,2,2,Media,9.433959028585871,1,2022-08-01 22:00:00,Baja,6.28651591599998,-75.551660313,Media,Otro,Medellín,Comuna 1 Popular,Villa Guadalupe,40.0,verdadero,306.0,40,615.207290479835,61.21484375,181.1015625,-0.9,La Niña,0,1,61.21484375,119.88671875
49712,49712,2,2,Media,8.254019848858318,1,2023-11-01 05:00:00,Baja,6.28452763899998,-75.539514839,Media,Deslizamiento,Medellín,Comuna 3 Manrique,María Cano-Carambolas,55.0,verdadero,438.0,55,48.7267628137152,31.75,266.953125,1.9,El Niño,2,1,31.75,235.203125
49742,49742,2,1,Alta,15.849848901389636,1,2022-08-01 23:00:00,Baja,6.28555945699998,-75.541412542,Media,Deslizamiento,Medellín,Comuna 3 Manrique,San José La Cima No.1,55.0,verdadero,311.0,55,382.50496518803834,43.1806640625,173.990234375,-0.9,La Niña,0,1,43.1806640625,130.8095703125
49765,49765,2,1,Alta,18.359770342349766,1,2021-11-30 23:00:00,Baja,6.28450078580038,-75.5426702958539,Media,Deslizamiento,Medellín,Comuna 3 Manrique,San José La Cima No.1,55.0,verdadero,201.0,55,434.1930280191441,45.7197265625,264.921875,-1.0,La Niña,0,1,45.7197265625,219.2021484375
49795,49795,2,2,Alta,15.11662429057462,1,2024-05-04 10:30:00,Baja,6.28457566621704,-75.6093251770118,Media,Deslizamiento,Medellín,Corregimiento 60 San Cristóbal,Pajarito,456.0,verdadero,452.0,456,1008.9368267190836,44.9580078125,194.05615234375,0.4,Neutro,1,1,44.9580078125,149.09814453125
50013,50013,2,2,Media,11.654412922034963,1,2022-10-25 13:00:00,Baja,6.28219157400002,-75.544770788,Media,Deslizamiento,Medellín,Comuna 3 Manrique,Las Granjas,55.0,verdadero,368.0,55,710.8129378577187,31.4951171875,259.333984375,-1.0,La Niña,0,1,31.4951171875,227.8388671875
50017,50017,5,2,Media,11.870421003714506,1,2021-11-30 23:00:00,Baja,6.28280846500002,-75.634132065,Media,Deslizamiento,Medellín,Corregimiento 60 San Cristóbal,Pedregal Alto,27.0,verdadero,193.0,27,1424.3796215056996,61.9755859375,223.01171875,-1.0,La Niña,0,1,61.9755859375,161.0361328125
50075,50075,2,1,Alta,16.97817686600969,1,2021-12-01 01:00:00,Baja,6.28221559899998,-75.538068534,Media,Deslizamiento,Medellín,Comuna 3 Manrique,María Cano-Carambolas,55.0,verdadero,210.0,55,179.418740736484,46.4814453125,265.68359375,-1.0,La Niña,0,1,46.4814453125,219.2021484375
50092,50092,5,2,Alta,24.765206839363668,1,2022-05-17 07:00:00,Baja,6.28231528477653,-75.6612136327629,Media,Deslizamiento,Medellín,Corregimiento 60 San Cristóbal,El Patio,11.0,verdadero,265.0,11,1355.86339263541,41.91015625,309.1171875,-1.0,La Niña,0,1,41.91015625,267.20703125
50114,50114,2,1,Alta,19.13203998855982,1,2022-10-24 15:00:00,Baja,6.28286632200002,-75.542569596,Media,Deslizamiento,Medellín,Comuna 3 Manrique,San José La Cima No.1,55.0,verdadero,354.0,55,298.1274734474412,52.83203125,265.9384765625,-1.0,La Niña,0,1,52.83203125,213.1064453125
50216,50216,2,1,Muy alta,229.39001694053013,1,2021-11-23 12:30:00,Baja,6.28034252700002,-75.543954565,Media,Deslizamiento,Medellín,Comuna 3 Manrique,San José La Cima No.2,55.0,verdadero,181.0,55,657.1953267398746,44.9580078125,247.9033203125,-1.0,La Niña,0,1,44.9580078125,202.9453125
50225,50225,2,1,Muy alta,58.31663887063664,1,2022-04-05 04:00:00,Baja,6.28032660566956,-75.5405126571198,Media,Deslizamiento,Medellín,Comuna 3 Manrique,María Cano-Carambolas,55.0,verdadero,241.0,55,503.3913364852565,36.3212890625,239.267578125,-1.1,La Niña,0,1,36.3212890625,202.9462890625
50280,50280,2,2,Media,9.616556195415429,1,2021-08-15 21:00:00,Baja,6.2816621,-75.6018947,Media,Deslizamiento,Medellín,Comuna 7 Robledo,Cucaracho,456.0,verdadero,163.0,456,719.7993560238104,35.052001953125,160.2740478515625,-0.5,La Niña,0,1,35.052001953125,125.2220458984375
50281,50281,2,2,Media,5.17561289378163,1,2023-05-24 11:56:00,Baja,6.28226912600002,-75.595342533,Media,Deslizamiento,Medellín,Comuna 7 Robledo,Aures No.1,456.0,verdadero,418.0,456,1474.7202647174036,38.6083984375,200.15234375,0.5,El Niño,2,1,38.6083984375,161.5439453125
50297,50297,2,2,Media,7.286656255534539,1,2022-10-28 23:30:00,Baja,6.28322455,-75.601436132,Media,Deslizamiento,Medellín,Comuna 7 Robledo,Cucaracho,456.0,verdadero,374.0,456,967.9156262015912,41.40234375,197.6123046875,-1.0,La Niña,0,1,41.40234375,156.2099609375
50373,50373,5,2,Muy alta,51.1350022130808,3,2024-05-21 18:00:00,Baja,6.27963465605577,-75.6132180009716,Media,Deslizamiento,Medellín,Corregimiento 60 San Cristóbal,Área de Expansión Pajarito,456.0,verdadero,463.0,456,878.457714984048,30.47998046875,257.0478515625,0.4,Neutro,1,1,30.47998046875,226.56787109375
50373,50373,5,2,Muy alta,51.1350022130808,3,2024-05-23 23:00:00,Baja,6.27964356,-75.61318049,Media,Deslizamiento,Medellín,Corregimiento 60 San Cristóbal,Área de Expansión Pajarito,456.0,verdadero,465.0,456,878.457714984048,43.68798828125,297.43408203125,0.4,Neutro,1,1,43.68798828125,253.74609375
50392,50392,2,1,Alta,37.96656236252675,2,2022-10-25 12:00:00,Baja,6.2791289974413,-75.5404478410811,Media,Deslizamiento,Medellín,Comuna 3 Manrique,María Cano-Carambolas,55.0,verdadero,367.0,55,584.4792323024008,36.3212890625,260.603515625,-1.0,La Niña,0,1,36.3212890625,224.2822265625
50392,50392,2,1,Alta,37.96656236252675,2,2024-06-30 21:30:00,Baja,6.27955015322681,-75.5395887944712,Media,Deslizamiento,Medellín,Comuna 3 Manrique,Oriente,55.0,verdadero,494.0,55,584.4792323024008,33.78125,319.0234375,0.2,Neutro,1,1,33.78125,285.2421875
50401,50401,2,1,Alta,30.115762061549436,1,2024-06-11 11:00:00,Baja,6.28062433,-75.54357725,Media,Deslizamiento,Medellín,Comuna 3 Manrique,San José La Cima No.1,55.0,verdadero,474.0,55,624.6196342271978,34.291015625,286.2578125,0.2,Neutro,1,1,34.291015625,251.966796875
50408,50408,2,2,Alta,26.104513002826188,1,2021-12-01 00:00:00,Media,6.278895,-75.601113,Media,Deslizamiento,Medellín,Comuna 7 Robledo,Cucaracho,456.0,verdadero,209.0,456,659.515156148595,65.785888671875,204.469970703125,-1.0,La Niña,0,1,65.785888671875,138.68408203125
50425,50425,2,2,Media,7.775867680634304,1,2022-11-28 12:00:00,Baja,6.27870859299998,-75.547747348,Media,Deslizamiento,Medellín,Comuna 3 Manrique,Las Granjas,16.0,verdadero,397.0,55,948.6476059641329,27.685546875,252.7294921875,-0.9,La Niña,0,1,27.685546875,225.0439453125
50509,50509,2,2,Alta,16.044345845791177,1,2024-05-24 08:30:00,Baja,6.27840541654882,-75.560584487671,Media,Deslizamiento,Medellín,Comuna 4 Aranjuez,Aranjuez,558.0,verdadero,466.0,558,123.55689771116367,40.1318359375,310.64208984375,0.4,Neutro,1,1,40.1318359375,270.51025390625
50516,50516,2,2,Media,7.295287361748387,1,2022-11-28 12:00:00,Baja,6.2781983,-75.5473213,Media,Deslizamiento,Medellín,Comuna 3 Manrique,Las Granjas,16.0,verdadero,396.0,16,1085.3705971879263,37.845703125,555.244140625,-0.9,La Niña,0,1,37.845703125,517.3984375
50612,50612,5,1,Muy alta,75.65303436798955,2,2021-11-30 23:00:00,Baja,6.27844214700002,-75.609449556,Media,Deslizamiento,Medellín,Comuna 7 Robledo,Santa Margarita,456.0,verdadero,196.0,456,389.98144074519064,63.5,202.18408203125,-1.0,La Niña,0,1,63.5,138.68408203125
50621,50621,2,2,Alta,27.802294503291005,1,2022-03-05 08:00:00,Baja,6.27808977900003,-75.607312859,Media,Deslizamiento,Medellín,Comuna 7 Robledo,Fuente Clara,456.0,verdadero,212.0,456,185.036960810144,41.40185546875,223.265869140625,-1.0,La Niña,0,1,41.40185546875,181.864013671875
50659,50659,5,2,Media,7.606235186643389,1,2021-12-01 06:00:00,baja,6.279653,-75.621333,baja,Deslizamiento,Medellín,Barrio La Aurora,Calle 63 ae 117 F 45,456.0,,22.0,27,1402.1522218565647,50.2919921875,226.0595703125,-1.0,La Niña,0,1,50.2919921875,175.767578125
50806,50806,5,2,Media,7.534803910435095,1,2021-11-30 23:00:00,Baja,6.27957056899999,-75.622362408,Media,Deslizamiento,Medellín,Corregimiento 60 San Cristóbal,Área de Expansión Pajarito,27.0,verdadero,192.0,27,1218.29299735117,61.9755859375,223.01171875,-1.0,La Niña,0,1,61.9755859375,161.0361328125
50814,50814,5,2,Media,13.524148789884153,1,2023-05-29 02:30:00,Baja,6.27601394190296,-75.6348783152079,Media,Otro,Medellín,Corregimiento 60 San Cristóbal,La Loma,27.0,verdadero,428.0,27,665.5460989072377,30.48046875,234.6953125,0.5,El Niño,2,1,30.48046875,204.21484375
50831,50831,2,1,Alta,24.95969727951363,1,2022-08-01 23:00:00,Baja,6.27758803099999,-75.53562097,Media,Deslizamiento,Medellín,Corregimiento 90 Santa Elena,Piedras Blancas - Matasano,55.0,verdadero,310.0,55,888.1360569595105,43.1806640625,173.990234375,-0.9,La Niña,0,1,43.1806640625,130.8095703125
50842,50842,2,1,Alta,18.47437806326159,1,2017-06-12 04:00:00,media,6.277512,-75.535327,baja,,Medellín,,Versalles Nº2,55.0,,5.0,55,944.6934780811357,55.1181640625,178.05419921875,0.3,Neutro,1,1,55.1181640625,122.93603515625
50885,50885,2,1,Muy alta,38.23388811790686,1,2022-03-27 03:00:00,Baja,6.27620079000002,-75.595416575,Media,Deslizamiento,Medellín,Comuna 7 Robledo,Robledo,456.0,verdadero,218.0,456,1283.2691188938609,43.942138671875,234.442138671875,-1.0,La Niña,0,1,43.942138671875,190.5
50977,50977,5,1,Muy alta,50.080503387629186,2,2024-06-28 02:00:00,Baja,6.27624876766072,-75.6083664766271,Media,Deslizamiento,Medellín,Comuna 7 Robledo,Olaya Herrera,456.0,verdadero,486.0,456,260.92126316360003,33.27392578125,290.322265625,0.2,Neutro,1,1,33.27392578125,257.04833984375
51072,51072,1,1,Alta,22.12774617920461,1,2023-10-08 03:00:00,Baja,6.274915,-75.543359,Media,Caida de rocas,Medellín,Comuna 3 Manrique,Oriente,16.0,verdadero,430.0,16,573.8977391630597,41.91015625,155.193359375,1.8,El Niño,2,1,41.91015625,113.283203125
51075,51075,5,1,Muy alta,43.86154598749231,2,2022-03-29 17:00:00,Baja,6.27531471408504,-75.6068153246572,Media,Deslizamiento,Medellín,Comuna 13 San Javier,Blanquizal,456.0,verdadero,229.0,456,174.61019594840366,42.1640625,280.669921875,-1.0,La Niña,0,1,42.1640625,238.505859375
51075,51075,5,1,Muy alta,43.86154598749231,2,2022-08-06 03:00:00,Baja,6.27486962400002,-75.607424688,Media,Deslizamiento,Medellín,Comuna 13 San Javier,Blanquizal,456.0,verdadero,316.0,456,174.61019594840366,47.244140625,240.5380859375,-0.9,La Niña,0,1,47.244140625,193.2939453125
51089,51089,1,1,Alta,30.411738225311534,1,2022-11-20 23:00:00,Baja,6.2747047,-75.5378599,Media,Deslizamiento,Medellín,Comuna 3 Manrique,La Cruz,16.0,verdadero,387.0,16,908.9580877922791,52.32421875,578.10546875,-0.9,La Niña,0,1,52.32421875,525.78125
51116,51116,5,1,Muy alta,41.83805548954456,3,2021-11-30 23:00:00,Baja,6.27377919499997,-75.612063229,Media,Deslizamiento,Medellín,Comuna 7 Robledo,Olaya Herrera,456.0,verdadero,197.0,456,574.8804620250211,63.5,202.18408203125,-1.0,La Niña,0,1,63.5,138.68408203125
51170,51170,5,2,Alta,17.004544899703184,1,2021-11-30 23:00:00,Baja,6.27426009800001,-75.627731223,Media,Deslizamiento,Medellín,Corregimiento 60 San Cristóbal,La Loma,27.0,verdadero,199.0,27,414.2982852734456,61.9755859375,223.01171875,-1.0,La Niña,0,1,61.9755859375,161.0361328125
51187,51187,5,2,Alta,21.828658026138765,1,2021-11-30 23:00:00,Baja,6.27428107899999,-75.608504142,Media,Deslizamiento,Medellín,Comuna 7 Robledo,Olaya Herrera,456.0,verdadero,191.0,456,427.14431094523775,63.5,202.18408203125,-1.0,La Niña,0,1,63.5,138.68408203125
51190,51190,1,2,Media,13.51528520952932,1,2022-03-28 01:30:00,Baja,6.27340886341173,-75.5459914154409,Media,Deslizamiento,Medellín,Comuna 3 Manrique,Santa Inés,16.0,verdadero,220.0,16,437.08126094369794,31.494140625,247.140625,-1.0,La Niña,0,1,31.494140625,215.646484375
51209,51209,1,1,Alta,27.80862605709859,1,2022-11-08 19:00:00,Baja,6.27323530400002,-75.536941438,Media,Deslizamiento,Medellín,Comuna 3 Manrique,La Cruz,16.0,verdadero,380.0,16,846.6609259015414,153.669921875,438.40234375,-0.9,La Niña,0,1,153.669921875,284.732421875
51234,51234,5,2,Alta,30.323796389917778,1,2024-06-23 21:00:00,Baja,6.27351028,-75.61216409,Media,Otro,Medellín,Comuna 7 Robledo,Olaya Herrera,456.0,verdadero,477.0,456,675.0931376169119,33.7822265625,226.568359375,0.2,Neutro,1,1,33.7822265625,192.7861328125
51235,51235,5,2,Alta,15.102956460999883,1,2023-05-23 23:00:00,Baja,6.27433004648836,-75.6063671965384,Media,Otro,Medellín,Comuna 13 San Javier,Blanquizal,456.0,verdadero,416.0,456,275.1071824753606,41.40234375,200.15234375,0.5,El Niño,2,1,41.40234375,158.75
51240,51240,5,1,Alta,29.60868714537805,1,2022-06-14 05:00:00,Baja,6.27402604000002,-75.635283749,Media,Deslizamiento,Medellín,Corregimiento 60 San Cristóbal,La Loma,27.0,verdadero,290.0,27,510.43280929435247,54.35546875,419.353515625,-0.9,La Niña,0,1,54.35546875,364.998046875
51253,51253,5,3,Muy alta,150.87098845566538,2,2023-05-24 03:30:00,Baja,6.27323368331995,-75.6155229602141,Media,Flujo,Medellín,Comuna 7 Robledo,Olaya Herrera,456.0,verdadero,417.0,456,1070.4040722172717,41.14794921875,200.15234375,0.5,El Niño,2,1,41.14794921875,159.00439453125
51253,51253,5,3,Muy alta,150.87098845566538,2,2024-06-28 07:00:00,baja,6.27316,-75.615728,baja,Flujo,Medellín,San Cristóbal,Vallejuelos,456.0,,64.0,456,1070.4040722172717,52.32421875,308.10205078125,0.2,Neutro,1,1,52.32421875,255.77783203125
51254,51254,5,2,Alta,36.71482568617043,2,2022-03-05 22:00:00,Baja,6.27249371211301,-75.5983312864755,Media,Deslizamiento,Medellín,Comuna 13 San Javier,El Pesebre,456.0,verdadero,215.0,456,1021.8014845323255,43.433837890625,226.56787109375,-1.0,La Niña,0,1,43.433837890625,183.134033203125
51254,51254,5,2,Alta,36.71482568617043,2,2022-06-14 05:00:00,Baja,6.273447191,-75.597980939,Media,Deslizamiento,Medellín,Comuna 13 San Javier,El Pesebre,456.0,verdadero,289.0,456,1021.8014845323255,32.258056640625,284.22607421875,-0.9,La Niña,0,1,32.258056640625,251.968017578125
51255,51255,1,1,Alta,29.71365269500564,1,2021-10-22 16:00:00,Baja,6.27422435699998,-75.539690627,Media,Deslizamiento,Medellín,Comuna 3 Manrique,Oriente,16.0,verdadero,173.0,16,569.5088614834111,59.181640625,263.65234375,-0.8,La Niña,0,1,59.181640625,204.470703125
51289,51289,1,1,Muy alta,39.66182093030246,2,2021-11-30 23:00:00,Baja,6.27275585899997,-75.540563688,Media,Deslizamiento,Medellín,Comuna 3 Manrique,La Cruz,16.0,verdadero,200.0,16,536.9315830133188,55.37109375,278.638671875,-1.0,La Niña,0,1,55.37109375,223.267578125
51289,51289,1,1,Muy alta,39.66182093030246,2,2022-04-07 19:00:00,Baja,6.27308882058376,-75.5395398304488,Media,Deslizamiento,Medellín,Comuna 3 Manrique,La Cruz,16.0,verdadero,252.0,16,536.9315830133188,32.2578125,301.498046875,-1.1,La Niña,0,1,32.2578125,269.240234375
51306,51306,5,2,Alta,18.54418421618279,1,2024-05-21 18:00:00,Baja,6.27220874488114,-75.5970439249964,Media,Deslizamiento,Medellín,Comuna 13 San Javier,El Pesebre,456.0,verdadero,462.0,456,1167.554133713771,30.47998046875,257.0478515625,0.4,Neutro,1,1,30.47998046875,226.56787109375
51324,51324,1,2,Alta,20.389803627692455,1,2021-06-09 01:00:00,Baja,6.27226573399997,-75.539583266,Media,Deslizamiento,Medellín,Comuna 3 Manrique,La Cruz,16.0,verdadero,156.0,16,554.6364305489864,30.48046875,258.064453125,-0.4,Neutro,1,1,30.48046875,227.583984375
51346,51346,5,3,Alta,35.672644384801224,1,2022-08-06 01:40:00,Baja,6.27169700799999,-75.627379146,Media,Deslizamiento,Medellín,Corregimiento 60 San Cristóbal,La Loma,27.0,verdadero,314.0,27,375.68564107229105,84.328125,332.740234375,-0.9,La Niña,0,1,84.328125,248.412109375
51351,51351,5,1,Muy alta,135.54449818535406,2,2022-03-05 08:30:00,Baja,6.27197106400001,-75.615801698,Media,Deslizamiento,Medellín,Comuna 7 Robledo,Olaya Herrera,456.0,verdadero,213.0,456,1116.1550505568594,41.40185546875,223.265869140625,-1.0,La Niña,0,1,41.40185546875,181.864013671875
51351,51351,5,1,Muy alta,135.54449818535406,2,2024-06-28 02:00:00,Baja,6.27296802398555,-75.6160517601172,Media,Deslizamiento,Medellín,Comuna 7 Robledo,Olaya Herrera,456.0,verdadero,485.0,456,1116.1550505568594,33.27392578125,290.322265625,0.2,Neutro,1,1,33.27392578125,257.04833984375
51353,51353,5,1,Muy alta,74.81562422467825,1,2022-03-29 17:30:00,Baja,6.27198694600003,-75.612708379,Media,Deslizamiento,Medellín,Comuna 7 Robledo,Olaya Herrera,456.0,verdadero,230.0,456,811.0308135555703,42.1640625,280.669921875,-1.0,La Niña,0,1,42.1640625,238.505859375
51364,51364,5,1,Muy alta,107.68371961525145,3,2022-03-29 20:35:00,Baja,6.27215588785673,-75.615022511819,Media,Deslizamiento,Medellín,Comuna 7 Robledo,Olaya Herrera,456.0,verdadero,231.0,456,1048.2131090696391,42.926025390625,281.431884765625,-1.0,La Niña,0,1,42.926025390625,238.505859375
51364,51364,5,1,Muy alta,107.68371961525145,3,2023-01-14 21:00:00,Baja,6.27224004197722,-75.6152221639559,Media,Deslizamiento,Medellín,Comuna 7 Robledo,Olaya Herrera,456.0,verdadero,399.0,456,1048.2131090696391,50.2919921875,156.2099609375,-0.7,La Niña,0,1,50.2919921875,105.91796875
51367,51367,5,1,Muy alta,82.83056758952732,2,2022-03-27 02:00:00,Baja,6.27208233629879,-75.6139644355515,Media,Deslizamiento,Medellín,Comuna 7 Robledo,Olaya Herrera,456.0,verdadero,217.0,456,892.5221831851782,39.6240234375,230.1240234375,-1.0,La Niña,0,1,39.6240234375,190.5
51367,51367,5,1,Muy alta,82.83056758952732,2,2022-03-29 16:00:00,Baja,6.27219772737919,-75.6138519653816,Media,Deslizamiento,Medellín,Comuna 7 Robledo,Olaya Herrera,456.0,verdadero,228.0,456,892.5221831851782,42.1640625,280.669921875,-1.0,La Niña,0,1,42.1640625,238.505859375
51368,51368,5,1,Muy alta,41.272517863501484,1,2022-04-05 03:45:00,Baja,6.272073299,-75.612308502,Media,Deslizamiento,Medellín,Comuna 7 Robledo,Olaya Herrera,456.0,verdadero,240.0,456,777.8540440061637,42.1640625,257.81005859375,-1.1,La Niña,0,1,42.1640625,215.64599609375
51375,51375,5,1,Muy alta,43.22364606651349,1,2022-04-05 03:05:00,Baja,6.27224253600002,-75.617432266,Media,Deslizamiento,Medellín,Comuna 7 Robledo,Olaya Herrera,456.0,verdadero,239.0,456,1215.7926950514836,42.1640625,257.81005859375,-1.1,La Niña,0,1,42.1640625,215.64599609375
51378,51378,5,1,Alta,28.166485576190983,1,2023-01-14 23:59:00,Baja,6.27121827299999,-75.626441826,Media,Deslizamiento,Medellín,Corregimiento 60 San Cristóbal,La Loma,27.0,verdadero,404.0,27,586.7419359241968,47.244140625,171.44921875,-0.7,La Niña,0,1,47.244140625,124.205078125
51437,51437,5,2,Media,11.487531583516988,1,2022-03-29 15:00:00,Baja,6.27493275,-75.63002585,Media,Deslizamiento,Medellín,Corregimiento 60 San Cristóbal,La Loma,27.0,verdadero,227.0,27,214.1191943190273,67.818359375,317.24609375,-1.0,La Niña,0,1,67.818359375,249.427734375
51456,51456,1,1,Alta,27.697245093336726,1,2022-06-02 21:30:00,Baja,6.27093144301123,-75.5352614170174,Media,Deslizamiento,Medellín,Comuna 3 Manrique,La Cruz,16.0,verdadero,277.0,16,1051.6532533961865,64.263671875,334.265625,-0.9,La Niña,0,1,64.263671875,270.001953125
51461,51461,1,1,Alta,33.70032566134563,3,2020-09-03 21:30:00,Baja,6.2738215402489,-75.5420287345674,Media,Deslizamiento,Medellín,Comuna 3 Manrique,Oriente,16.0,verdadero,128.0,16,314.12069296114873,33.52734375,203.19921875,-0.9,La Niña,0,1,33.52734375,169.671875
51461,51461,1,1,Alta,33.70032566134563,3,2021-11-30 23:00:00,Baja,6.27299223400001,-75.54221653,Media,Deslizamiento,Medellín,Comuna 3 Manrique,Oriente,16.0,verdadero,190.0,16,314.12069296114873,55.37109375,278.638671875,-1.0,La Niña,0,1,55.37109375,223.267578125
51470,51470,1,1,Alta,35.135941495273315,2,2021-11-30 23:00:00,Baja,6.27187857565756,-75.5420048042253,Media,Caida de rocas,Medellín,Comuna 3 Manrique,La Cruz,16.0,verdadero,204.0,16,183.01328680396966,55.37109375,278.638671875,-1.0,La Niña,0,1,55.37109375,223.267578125
51470,51470,1,1,Alta,35.135941495273315,2,2022-05-22 02:30:00,Baja,6.27184493072266,-75.5427508866591,Media,Deslizamiento,Medellín,Comuna 3 Manrique,La Cruz,16.0,verdadero,269.0,16,183.01328680396966,34.291015625,255.77734375,-1.0,La Niña,0,1,34.291015625,221.486328125
51477,51477,5,1,Muy alta,72.96300530957541,2,2022-06-03 08:30:00,Baja,6.27203142500002,-75.59882734,Media,Deslizamiento,Medellín,Comuna 13 San Javier,El Pesebre,456.0,verdadero,278.0,456,1014.8599510536262,35.559814453125,263.65185546875,-0.9,La Niña,0,1,35.559814453125,228.092041015625
51477,51477,5,1,Muy alta,72.96300530957541,2,2023-11-03 04:30:00,Baja,6.27137506100001,-75.598350136,Media,Deslizamiento,Medellín,Comuna 13 San Javier,El Pesebre,456.0,verdadero,441.0,456,1014.8599510536262,33.52783203125,255.015625,1.9,El Niño,2,1,33.52783203125,221.48779296875
51608,51608,1,1,Muy alta,47.51426455606422,2,2022-11-21 13:30:00,Baja,6.27058,-75.54223,Media,Deslizamiento,Medellín,Comuna 3 Manrique,La Cruz,16.0,verdadero,388.0,16,164.22369704528234,57.912109375,585.46875,-0.9,La Niña,0,1,57.912109375,527.556640625
51616,51616,1,1,Muy alta,47.987873705017826,2,2017-06-26 19:00:00,baja,6.271302,-75.536001,baja,,Medellín,,La Cruz,16.0,,7.0,16,803.0631674796484,33.2734375,225.2978515625,0.3,Neutro,1,1,33.2734375,192.0244140625
51616,51616,1,1,Muy alta,47.987873705017826,2,2022-06-02 21:30:00,Baja,6.27094769055755,-75.5360525498189,Media,Deslizamiento,Medellín,Comuna 3 Manrique,La Cruz,16.0,verdadero,276.0,16,803.0631674796484,64.263671875,334.265625,-0.9,La Niña,0,1,64.263671875,270.001953125
51647,51647,1,1,Muy alta,49.140793603429756,3,2021-11-30 23:00:00,Baja,6.26962804800002,-75.541203219,Media,Flujo,Medellín,Comuna 3 Manrique,La Cruz,16.0,verdadero,189.0,16,146.25117664013376,55.37109375,278.638671875,-1.0,La Niña,0,1,55.37109375,223.267578125
51656,51656,1,1,Muy alta,59.65228061523458,1,2021-10-22 16:00:00,Baja,6.27004672800001,-75.539623383,Media,Deslizamiento,Medellín,Comuna 3 Manrique,La Cruz,16.0,verdadero,174.0,16,421.6182425196374,59.181640625,263.65234375,-0.8,La Niña,0,1,59.181640625,204.470703125
51673,51673,5,1,Muy alta,43.98306452465855,1,2024-06-19 18:00:00,Baja,6.27081412506656,-75.6310862939251,Media,Deslizamiento,Medellín,Corregimiento 60 San Cristóbal,La Loma,27.0,verdadero,476.0,27,190.52694152919486,49.27734375,231.39453125,0.2,Neutro,1,1,49.27734375,182.1171875
51690,51690,5,1,Muy alta,68.41639488786593,2,2024-06-26 18:00:00,Baja,6.27007461661658,-75.6239485571875,Media,Deslizamiento,Medellín,Corregimiento 60 San Cristóbal,La Loma,27.0,verdadero,484.0,27,827.126377552063,40.89453125,253.23828125,0.2,Neutro,1,1,40.89453125,212.34375
51700,51700,5,1,Muy alta,57.91555243483342,1,2024-06-28 23:00:00,Baja,6.2689886,-75.6106246,Media,Deslizamiento,Medellín,Comuna 13 San Javier,Blanquizal,456.0,verdadero,493.0,456,901.557328564381,40.3857421875,306.57763671875,0.2,Neutro,1,1,40.3857421875,266.19189453125
51723,51723,5,2,Alta,16.400843428709898,1,2024-06-26 13:27:00,Baja,6.26881188,-75.58520042,Media,Deslizamiento,Medellín,Comuna 7 Robledo,San Germán,60.0,verdadero,480.0,60,1157.7840518860469,39.37109375,265.4296875,0.2,Neutro,1,1,39.37109375,226.05859375
51727,51727,5,2,Media,13.890593659838721,1,2024-06-28 06:00:00,Baja,6.2687454,-75.6018947,Media,Deslizamiento,Medellín,Comuna 13 San Javier,El Pesebre,456.0,verdadero,488.0,456,787.8494282561037,51.56201171875,307.33984375,0.2,Neutro,1,1,51.56201171875,255.77783203125
51740,51740,5,2,Alta,29.932740752780923,2,2022-11-08 04:00:00,Baja,6.26999029799998,-75.58712089,Media,Deslizamiento,Medellín,Comuna 7 Robledo,San Germán,60.0,verdadero,377.0,60,1216.713161385727,51.8154296875,208.7880859375,-0.9,La Niña,0,1,51.8154296875,156.97265625
51740,51740,5,2,Alta,29.932740752780923,2,2024-05-24 10:00:00,Baja,6.26998090112545,-75.58695830696,Media,Deslizamiento,Medellín,Comuna 7 Robledo,San Germán,60.0,verdadero,467.0,60,1216.713161385727,36.322265625,286.2578125,0.4,Neutro,1,1,36.322265625,249.935546875
51768,51768,5,1,Muy alta,56.49655623278174,2,2024-06-26 14:00:00,Baja,6.26922707188946,-75.6367832253511,Media,Deslizamiento,Medellín,Corregimiento 60 San Cristóbal,La Loma,27.0,verdadero,482.0,27,674.0235993007738,53.595703125,262.63671875,0.2,Neutro,1,1,53.595703125,209.041015625
51787,51787,5,2,Alta,21.687757998276062,1,2022-11-23 06:00:00,Baja,6.26825641860653,-75.5856641654477,Media,Deslizamiento,Medellín,Comuna 7 Robledo,San Germán,60.0,verdadero,391.0,60,1056.3743054845547,40.38671875,338.07421875,-0.9,La Niña,0,1,40.38671875,297.6875
51789,51789,1,1,Muy alta,69.77087362290739,3,2021-10-22 22:00:00,Baja,6.26861292308269,-75.5406658703694,Media,Deslizamiento,Medellín,Comuna 3 Manrique,La Cruz,16.0,verdadero,175.0,16,323.4877089670696,59.181640625,244.34765625,-0.8,La Niña,0,1,59.181640625,185.166015625
51789,51789,1,1,Muy alta,69.77087362290739,3,2022-08-06 10:50:00,Baja,6.26898759,-75.540897627,Media,Deslizamiento,Medellín,Comuna 3 Manrique,La Cruz,16.0,verdadero,319.0,16,323.4877089670696,55.625,324.103515625,-0.9,La Niña,0,1,55.625,268.478515625
51789,51789,1,1,Muy alta,69.77087362290739,3,2024-04-21 23:30:00,Baja,6.2696192293194,-75.5398409474851,Media,Deslizamiento,Medellín,Comuna 3 Manrique,La Cruz,16.0,verdadero,448.0,16,323.4877089670696,71.12109375,192.279296875,0.7,El Niño,2,1,71.12109375,121.158203125
51816,51816,5,1,Muy alta,77.11536127498292,2,2021-11-30 23:00:00,Baja,6.26793929000002,-75.623746997,Media,Flujo,Medellín,Corregimiento 60 San Cristóbal,La Loma,27.0,verdadero,195.0,27,936.2383034980677,61.9755859375,223.01171875,-1.0,La Niña,0,1,61.9755859375,161.0361328125
51817,51817,1,2,Media,13.353270174446648,1,2024-04-22 10:00:00,Baja,6.2691588,-75.5473213,Media,Deslizamiento,Medellín,Comuna 3 Manrique,El Raizal,16.0,verdadero,449.0,16,602.7306146740613,81.28125,202.439453125,0.7,El Niño,2,1,81.28125,121.158203125
51846,51846,5,1,Muy alta,54.689644295738276,2,2022-03-06 14:00:00,Baja,6.26983982500002,-75.629186534,Media,Deslizamiento,Medellín,Corregimiento 60 San Cristóbal,La Loma,27.0,verdadero,216.0,27,358.4635861033748,31.49609375,192.0244140625,-1.0,La Niña,0,1,31.49609375,160.5283203125
51846,51846,5,1,Muy alta,54.689644295738276,2,2022-06-12 02:30:00,Baja,6.26991276000001,-75.629378247,Media,Deslizamiento,Medellín,Corregimiento 60 San Cristóbal,La Loma,27.0,verdadero,288.0,27,358.4635861033748,37.845703125,365.759765625,-0.9,La Niña,0,1,37.845703125,327.9140625
51876,51876,5,1,Alta,36.210004436525175,1,2022-06-11 08:00:00,Baja,6.267127131,-75.63008602,Media,Deslizamiento,Medellín,Corregimiento 60 San Cristóbal,La Loma,27.0,verdadero,286.0,27,358.72306283753477,46.2265625,344.931640625,-0.9,La Niña,0,1,46.2265625,298.705078125
51877,51877,5,2,Muy alta,38.73078090638025,1,2024-05-21 18:00:00,Baja,6.26817717,-75.60244862,Media,Otro,Medellín,Comuna 12 La América,Calasanz Parte Alta,456.0,verdadero,461.0,456,1002.7718966328472,30.47998046875,257.0478515625,0.4,Neutro,1,1,30.47998046875,226.56787109375
51890,51890,5,2,Media,14.867303197084295,1,2022-06-12 02:00:00,Baja,6.26800944387254,-75.6013337055412,Media,Otro,Medellín,Comuna 12 La América,Calasanz Parte Alta,456.0,verdadero,287.0,456,1054.4202151165389,31.75,252.984130859375,-0.9,La Niña,0,1,31.75,221.234130859375
51954,51954,5,2,Alta,15.656335982115348,1,2024-06-28 07:00:00,Baja,6.26660555,-75.62980022,Media,Deslizamiento,Medellín,Corregimiento 60 San Cristóbal,La Loma,27.0,verdadero,489.0,27,583.5814700816393,31.75,272.541015625,0.2,Neutro,1,1,31.75,240.791015625
51958,51958,1,2,Media,9.98701051610277,1,2022-11-24 06:00:00,Baja,6.26776907509463,-75.5514057746107,Media,Deslizamiento,Medellín,Comuna 3 Manrique,El Pomar,16.0,verdadero,394.0,16,692.235381512569,31.75,558.546875,-0.9,La Niña,0,1,31.75,526.796875
52023,52023,1,1,Muy alta,47.22177108986828,3,2021-09-23 17:00:00,Baja,6.2672669405034,-75.5327947219568,Media,Caida de rocas,Medellín,Corregimiento 90 Santa Elena,Piedras Blancas - Matasano,16.0,verdadero,171.0,16,1225.2222187824493,43.181640625,256.033203125,-0.7,La Niña,0,1,43.181640625,212.8515625
52097,52097,5,1,Alta,24.899833327148187,1,2022-04-05 03:00:00,Baja,6.266546135,-75.613741149,Media,Deslizamiento,Medellín,Comuna 13 San Javier,Juan XXIII La Quiebra,456.0,verdadero,236.0,456,1274.684743326648,42.1640625,257.81005859375,-1.1,La Niña,0,1,42.1640625,215.64599609375
52100,52100,1,1,Alta,24.6755512983499,2,2021-06-01 02:00:00,Baja,6.26689943700001,-75.541718737,Media,Caida de rocas,Medellín,Comuna 3 Manrique,Versalles No.1,16.0,verdadero,147.0,16,421.65546201796815,33.2734375,260.603515625,-0.4,Neutro,1,1,33.2734375,227.330078125
52100,52100,1,1,Alta,24.6755512983499,2,2023-05-26 17:00:00,Baja,6.26597763667523,-75.5400658883687,Media,Deslizamiento,Medellín,Comuna 3 Manrique,Versalles No.2,16.0,verdadero,425.0,16,421.65546201796815,37.591796875,168.1484375,0.5,El Niño,2,1,37.591796875,130.556640625
52116,52116,5,2,Media,11.321364492599322,2,2022-06-14 22:00:00,Baja,6.2690851724439,-75.6277489493371,Media,Deslizamiento,Medellín,Corregimiento 60 San Cristóbal,La Loma,27.0,verdadero,291.0,27,700.3417321456724,54.609375,418.591796875,-0.9,La Niña,0,1,54.609375,363.982421875
52140,52140,5,1,Alta,35.2036809861431,2,2022-04-05 03:00:00,Baja,6.27035761633246,-75.6168024624635,Media,Deslizamiento,Medellín,Corregimiento 60 San Cristóbal,La Loma,456.0,verdadero,235.0,456,1349.0881912626382,42.1640625,257.81005859375,-1.1,La Niña,0,1,42.1640625,215.64599609375
52140,52140,5,1,Alta,35.2036809861431,2,2024-06-26 13:30:00,Baja,6.27052516,-75.61630802,Media,Deslizamiento,Medellín,Comuna 13 San Javier,Juan XXIII La Quiebra,456.0,verdadero,481.0,456,1349.0881912626382,61.97607421875,291.083984375,0.2,Neutro,1,1,61.97607421875,229.10791015625
52146,52146,5,1,Alta,19.358199707931956,1,2022-04-05 03:00:00,Baja,6.267234884,-75.614615396,Media,Deslizamiento,Medellín,Comuna 13 San Javier,Juan XXIII La Quiebra,456.0,verdadero,237.0,456,1276.3586142431066,42.1640625,257.81005859375,-1.1,La Niña,0,1,42.1640625,215.64599609375
52183,52183,1,1,Muy alta,41.745030582443746,1,2021-06-01 02:00:00,Baja,6.26615251300001,-75.535721777,Media,Deslizamiento,Medellín,Corregimiento 90 Santa Elena,Piedras Blancas - Matasano,16.0,verdadero,146.0,16,1005.733348765121,33.2734375,260.603515625,-0.4,Neutro,1,1,33.2734375,227.330078125
52228,52228,5,1,Alta,35.651142472193875,2,2021-11-30 20:00:00,Baja,6.264569607,-75.624730766,Media,Deslizamiento,Medellín,Corregimiento 60 San Cristóbal,La Loma,53.0,verdadero,184.0,53,849.4640219057226,33.2734375,229.869140625,-1.0,La Niña,0,1,33.2734375,196.595703125
52387,52387,5,1,Alta,17.074161329321246,1,2022-08-06 02:00:00,Baja,6.26394508987854,-75.6111927596073,Media,Deslizamiento,Medellín,Comuna 13 San Javier,La Pradera,12.0,verdadero,315.0,12,1343.7218834286157,58.166015625,237.490234375,-0.9,La Niña,0,1,58.166015625,179.32421875
52655,52655,1,2,Alta,17.274058820632614,2,2022-06-27 17:00:00,baja,6.261388,-75.555283,baja,Deslizamiento,Medellín,Manrique,Palos Verdes,211.0,,26.0,211,1184.7149270060354,17.5263671875,391.4140625,-0.9,La Niña,0,1,17.5263671875,373.8876953125
52673,52673,5,1,Muy alta,46.61084828611104,1,2024-06-26 10:00:00,Baja,6.26188207,-75.61782122,Media,Deslizamiento,Medellín,Comuna 13 San Javier,El Socorro,53.0,verdadero,479.0,53,1365.5874195024055,59.689453125,332.740234375,0.2,Neutro,1,1,59.689453125,273.05078125
52686,52686,5,1,Alta,27.207670732409664,2,2023-05-28 19:30:00,Baja,6.26233576111067,-75.6243686516549,Media,Deslizamiento,Medellín,Corregimiento 60 San Cristóbal,La Loma,53.0,verdadero,427.0,53,661.5267404496515,42.1640625,248.919921875,0.5,El Niño,2,1,42.1640625,206.755859375
52870,52870,5,2,Baja,4.228640918550801,1,2022-06-28 11:00:00,Baja,6.26033673612977,-75.5809951425629,Media,Deslizamiento,Medellín,Comuna 7 Robledo,Ecoparque Cerro El Volador,23.0,verdadero,301.0,23,211.20897889085234,45.46484375,366.013671875,-0.9,La Niña,0,1,45.46484375,320.548828125
52879,52879,5,3,Muy alta,40.964969060259094,1,2021-04-06 18:00:00,Baja,6.25909149978151,-75.6217648476517,Media,Deslizamiento,Medellín,Comuna 13 San Javier,Antonio Nariño,53.0,verdadero,139.0,53,833.0286755531071,36.068359375,345.1865234375,-0.7,La Niña,0,1,36.068359375,309.1181640625
52886,52886,5,2,Muy alta,43.73731852719852,1,2021-03-20 15:15:00,Baja,6.25930887599998,-75.620415659,Media,Deslizamiento,Medellín,Comuna 13 San Javier,Antonio Nariño,53.0,verdadero,131.0,53,1045.4525672559312,41.40234375,243.5859375,-0.8,La Niña,0,1,41.40234375,202.18359375
52918,52918,4,1,Muy alta,51.99080978806441,2,2022-10-23 20:00:00,media,6.25864,-75.69591,alta,,Medellín,San Antonio de Prado,,3.0,,63.0,3,2817.3529113350696,46.98828125,308.86328125,-1.0,La Niña,0,1,46.98828125,261.875
53045,53045,5,2,Muy alta,48.70537831751856,2,2021-09-05 09:24:00,Baja,6.25805755948437,-75.6196650366721,Media,Deslizamiento,Medellín,Comuna 13 San Javier,Antonio Nariño,53.0,verdadero,168.0,53,1102.9119959525863,30.2265625,242.82421875,-0.7,La Niña,0,1,30.2265625,212.59765625
53045,53045,5,2,Muy alta,48.70537831751856,2,2024-06-28 18:00:00,Baja,6.258274,-75.6200813,Media,Deslizamiento,Medellín,Comuna 13 San Javier,Antonio Nariño,53.0,verdadero,490.0,53,1102.9119959525863,53.59375,372.109375,0.2,Neutro,1,1,53.59375,318.515625
53262,53262,5,3,Muy alta,176.05658925422955,4,2022-05-18 07:00:00,Baja,6.25572062700002,-75.628911049,Media,Deslizamiento,Medellín,Comuna 13 San Javier,El Salado,53.0,verdadero,267.0,53,347.40202426009114,32.767578125,274.828125,-1.0,La Niña,0,1,32.767578125,242.060546875
53262,53262,5,3,Muy alta,176.05658925422955,4,2022-06-02 01:15:00,Baja,6.25567918885828,-75.6289957118407,Media,Deslizamiento,Medellín,Comuna 13 San Javier,El Salado,53.0,verdadero,270.0,53,347.40202426009114,33.78125,287.78125,-0.9,La Niña,0,1,33.78125,254.0
53262,53262,5,3,Muy alta,176.05658925422955,4,2024-06-28 02:40:00,Baja,6.25561873660208,-75.6290628236967,Media,Deslizamiento,Medellín,Comuna 13 San Javier,El Salado,53.0,verdadero,487.0,53,347.40202426009114,34.03515625,352.296875,0.2,Neutro,1,1,34.03515625,318.26171875
53395,53395,5,2,Alta,32.870538013961315,1,2022-10-28 10:00:00,Baja,6.25395988009126,-75.6243841269385,Media,Deslizamiento,Medellín,Comuna 13 San Javier,El Salado,53.0,verdadero,372.0,53,755.691355728652,34.2890625,223.51953125,-1.0,La Niña,0,1,34.2890625,189.23046875
53460,53460,5,1,Alta,23.990125179518902,1,2022-08-06 03:00:00,Baja,6.25411654511287,-75.6313371845968,Media,Deslizamiento,Medellín,Comuna 13 San Javier,El Salado,53.0,verdadero,317.0,53,545.3745853899828,68.833984375,268.478515625,-0.9,La Niña,0,1,68.833984375,199.64453125
53511,53511,1,2,Alta,26.77054646661238,1,2021-06-01 05:00:00,baja,6.253434,-75.534346,baja,Deslizamiento,Medellín,Santa Elena,Vereda Alto de Las Moras,499.0,,14.0,499,415.3108655532707,51.56201171875,348.9960021972656,-0.4,Neutro,1,1,51.56201171875,297.4339904785156
53534,53534,5,1,Muy alta,53.849470920627034,1,2022-08-05 23:00:00,Baja,6.25323446499999,-75.631736756,Media,Deslizamiento,Medellín,Comuna 13 San Javier,El Salado,53.0,verdadero,313.0,53,644.9876069645316,53.33984375,239.775390625,-0.9,La Niña,0,1,53.33984375,186.435546875
53536,53536,1,1,Media,12.985197526814215,1,2021-05-16 20:00:00,Baja,6.25384337499997,-75.540654438,Media,Deslizamiento,Medellín,Comuna 8 Villa Hermosa,LLanaditas,35.0,verdadero,143.0,35,273.5364449893266,48.767578125,224.7890625,-0.5,La Niña,0,1,48.767578125,176.021484375
53542,53542,5,2,Alta,19.9495973098114,2,2022-09-16 07:00:00,Baja,6.25331013700003,-75.629269746,Media,Deslizamiento,Medellín,Comuna 13 San Javier,El Salado,53.0,verdadero,324.0,53,590.0689540082678,49.78515625,221.48828125,-1.0,La Niña,0,1,49.78515625,171.703125
53563,53563,5,1,Alta,36.81934547670139,1,2022-09-16 15:00:00,baja,6.252408124,-75.630567262,baja,Deslizamiento,Medellín,Altavista,,53.0,,54.0,17,661.5309481903404,65.533203125,207.517578125,-1.0,La Niña,0,1,65.533203125,141.984375
53564,53564,1,2,Alta,27.20140384588756,1,2021-06-01 19:00:00,Baja,6.252555788,-75.53395654,Media,Complejo,Medellín,Corregimiento 90 Santa Elena,Piedras Blancas - Matasano,499.0,verdadero,149.0,499,422.0925156189294,71.88201904296875,325.1199951171875,-0.4,Neutro,1,1,71.88201904296875,253.23797607421875
53626,53626,1,1,Alta,37.09541600953952,2,2021-09-23 20:30:00,Baja,6.25231796999998,-75.541385381,Media,Deslizamiento,Medellín,Comuna 8 Villa Hermosa,LLanaditas,35.0,verdadero,172.0,35,374.17551533864986,31.2421875,175.26171875,-0.7,La Niña,0,1,31.2421875,144.01953125
53626,53626,1,1,Alta,37.09541600953952,2,2022-11-10 23:00:00,Baja,6.2521717,-75.5400433,Media,Deslizamiento,Medellín,Comuna 8 Villa Hermosa,LLanaditas,35.0,verdadero,385.0,35,374.17551533864986,30.2265625,283.46484375,-0.9,La Niña,0,1,30.2265625,253.23828125
53647,53647,1,2,Media,12.150822779255183,1,2024-06-26 08:00:00,Baja,6.25177484030786,-75.5390564333476,Media,Deslizamiento,Medellín,Comuna 8 Villa Hermosa,Villatina,499.0,verdadero,478.0,499,405.502106837696,43.94189453125,336.2958984375,0.2,Neutro,1,1,43.94189453125,292.35400390625
53665,53665,1,1,Muy alta,42.50929637395054,1,2022-11-10 20:00:00,Baja,6.2518014494325,-75.5379957571106,Media,Complejo,Medellín,Corregimiento 90 Santa Elena,Piedras Blancas - Matasano,499.0,verdadero,384.0,499,380.13001571761856,69.341796875,452.1201171875,-0.9,La Niña,0,1,69.341796875,382.7783203125
53704,53704,1,1,Alta,34.68058354983545,1,2022-11-24 04:00:00,Baja,6.25152642650263,-75.5501817014028,Media,Deslizamiento,Medellín,Comuna 8 Villa Hermosa,Enciso,211.0,verdadero,393.0,211,395.50114794767785,39.8779296875,309.8798828125,-0.9,La Niña,0,1,39.8779296875,270.001953125
53724,53724,1,1,Muy alta,43.75643380238504,2,2022-06-20 02:00:00,Baja,6.25157,-75.53712,Media,Deslizamiento,Medellín,Corregimiento 90 Santa Elena,Piedras Blancas - Matasano,499.0,verdadero,292.0,499,320.2716069285487,33.528076171875,440.181884765625,-0.9,La Niña,0,1,33.528076171875,406.65380859375
53803,53803,5,1,Muy alta,38.64793528069527,1,2022-08-06 15:30:00,Baja,6.252512411,-75.626084933,Media,Deslizamiento,Medellín,Comuna 13 San Javier,Nuevos Conquistadores,17.0,verdadero,320.0,17,609.3037705685622,60.19921875,226.568359375,-0.9,La Niña,0,1,60.19921875,166.369140625
53973,53973,1,1,Alta,26.54185666507386,1,2022-11-13 00:01:00,Baja,6.25019665048188,-75.5391391107853,Media,Deslizamiento,Medellín,Comuna 8 Villa Hermosa,LLanaditas,499.0,verdadero,386.0,499,400.37944637558326,38.86181640625,483.86962890625,-0.9,La Niña,0,1,38.86181640625,445.0078125
54001,54001,5,3,Muy alta,102.29250775190502,2,2022-09-16 11:00:00,Baja,6.24883,-75.63008,Media,Deslizamiento,Medellín,Comuna 13 San Javier,Nuevos Conquistadores,17.0,verdadero,326.0,17,184.6154184804787,59.4375,201.421875,-1.0,La Niña,0,1,59.4375,141.984375
54020,54020,5,1,Muy alta,65.31342833749817,1,2023-01-14 23:00:00,Baja,6.249679872,-75.629369286,Media,Deslizamiento,Medellín,Comuna 13 San Javier,Nuevos Conquistadores,17.0,verdadero,403.0,17,199.42105346542567,53.59375,167.38671875,-0.7,La Niña,0,1,53.59375,113.79296875
54043,54043,1,2,Media,7.96806921458789,1,2022-06-11 06:01:00,Baja,6.25145005577192,-75.541202046179,Media,Deslizamiento,Medellín,Comuna 8 Villa Hermosa,LLanaditas,35.0,verdadero,285.0,35,488.28576856831063,40.640625,224.029296875,-0.9,La Niña,0,1,40.640625,183.388671875
54044,54044,1,1,Alta,19.78381116929651,1,2024-05-17 02:03:00,Baja,6.24930602,-75.54147577,Media,Deslizamiento,Medellín,Comuna 8 Villa Hermosa,Trece de Noviembre,499.0,verdadero,460.0,35,645.1862002976934,23.11328125,380.4921875,0.4,Neutro,1,1,23.11328125,357.37890625
54050,54050,5,1,Alta,36.78984822310193,1,2023-05-26 16:00:00,Baja,6.24899162600002,-75.628346473,Media,Deslizamiento,Medellín,Comuna 13 San Javier,Nuevos Conquistadores,17.0,verdadero,424.0,17,273.96146185567994,30.98828125,182.880859375,0.5,El Niño,2,1,30.98828125,151.892578125
54051,54051,5,1,Muy alta,65.61779405761224,1,2022-06-28 06:00:00,Baja,6.25016947527644,-75.6269768165676,Media,Deslizamiento,Medellín,Comuna 13 San Javier,Nuevos Conquistadores,17.0,verdadero,298.0,17,398.589760356052,31.2421875,323.087890625,-0.9,La Niña,0,1,31.2421875,291.845703125
54056,54056,5,1,Muy alta,59.01974092940409,1,2023-05-26 16:00:00,Baja,6.249478,-75.627715,Media,Deslizamiento,Medellín,Comuna 13 San Javier,Nuevos Conquistadores,17.0,verdadero,423.0,17,315.1793058933403,30.98828125,182.880859375,0.5,El Niño,2,1,30.98828125,151.892578125
54062,54062,5,1,Alta,23.242011537890203,1,2023-11-24 23:59:00,Baja,6.25010561200003,-75.636349625,Media,Deslizamiento,Medellín,Corregimiento 70 Altavista,El Corazón El Morro,17.0,verdadero,444.0,17,739.698355049918,32.2578125,195.326171875,1.9,El Niño,2,1,32.2578125,163.068359375
54088,54088,5,1,Muy alta,73.78091935779722,5,2021-08-20 00:00:00,Media,6.24862414708297,-75.6259417730203,Media,Deslizamiento,Medellín,Comuna 13 San Javier,Las Independencias,17.0,verdadero,165.0,17,608.788458551267,42.1640625,201.9296875,-0.5,La Niña,0,1,42.1640625,159.765625
54088,54088,5,1,Muy alta,73.78091935779722,5,2022-04-05 03:00:00,Baja,6.24865198245084,-75.6260625582446,Media,Deslizamiento,Medellín,Comuna 13 San Javier,Las Independencias,17.0,verdadero,234.0,17,608.788458551267,38.861328125,226.314453125,-1.1,La Niña,0,1,38.861328125,187.453125
54088,54088,5,1,Muy alta,73.78091935779722,5,2022-09-16 02:00:00,Baja,6.25106014599999,-75.624569194,Media,Deslizamiento,Medellín,Comuna 13 San Javier,Veinte de Julio,17.0,verdadero,323.0,17,608.788458551267,45.466796875,187.451171875,-1.0,La Niña,0,1,45.466796875,141.984375
54088,54088,5,1,Muy alta,73.78091935779722,5,2024-06-28 23:00:00,Baja,6.24907811,-75.62583053,Media,Deslizamiento,Medellín,Comuna 13 San Javier,Las Independencias,17.0,verdadero,492.0,17,608.788458551267,33.275390625,267.462890625,0.2,Neutro,1,1,33.275390625,234.1875
54089,54089,5,2,Alta,34.2460747342554,3,2022-10-20 02:00:00,Baja,6.24915326299998,-75.625464498,Media,Deslizamiento,Medellín,Comuna 13 San Javier,Las Independencias,17.0,verdadero,341.0,17,707.8673106000033,50.0390625,204.978515625,-1.0,La Niña,0,1,50.0390625,154.939453125
54291,54291,5,2,Media,14.16543172643815,1,2022-10-20 03:00:00,Baja,6.24740228500002,-75.624955721,Media,Deslizamiento,Medellín,Comuna 13 San Javier,El Corazón,17.0,verdadero,342.0,17,520.7968624253252,50.80078125,206.248046875,-1.0,La Niña,0,1,50.80078125,155.447265625
54594,54594,1,2,Media,11.743570575441161,1,2021-06-11 18:00:00,Baja,6.24578537899998,-75.545991336,Media,Deslizamiento,Medellín,Comuna 8 Villa Hermosa,El Pinal,129.0,verdadero,158.0,129,857.8480827727977,63.24609375,266.44580078125,-0.4,Neutro,1,1,63.24609375,203.19970703125
54871,54871,1,2,Media,7.627275578062011,1,2024-05-04 06:30:00,Baja,6.24289971,-75.54203293,Media,Otro,Medellín,Comuna 8 Villa Hermosa,El Pinal,551.0,verdadero,451.0,129,781.9764559750436,44.1953125,260.349609375,0.4,Neutro,1,1,44.1953125,216.154296875
54879,54879,1,2,Media,7.552790586984586,1,2022-11-10 17:00:00,Baja,6.24218681399998,-75.548427471,Media,Deslizamiento,Medellín,Comuna 8 Villa Hermosa,El Pinal,129.0,verdadero,383.0,129,531.8863876859905,34.7978515625,304.7998046875,-0.9,La Niña,0,1,34.7978515625,270.001953125
55132,55132,1,1,Muy alta,73.39018765029262,2,2022-11-08 21:30:00,Baja,6.23984356699998,-75.53754177,Media,Deslizamiento,Medellín,Comuna 8 Villa Hermosa,San Antonio,551.0,verdadero,382.0,551,643.9697683837719,67.31005859375,280.924072265625,-0.9,La Niña,0,1,67.31005859375,213.614013671875
55170,55170,1,1,Muy alta,96.69753785514716,1,2022-10-24 20:00:00,Baja,6.23937667299998,-75.537574392,Media,Otro,Medellín,Comuna 8 Villa Hermosa,San Antonio,551.0,verdadero,362.0,551,585.8876983589661,48.260009765625,264.159912109375,-1.0,La Niña,0,1,48.260009765625,215.89990234375
55177,55177,1,1,Alta,23.072582005023076,1,2022-10-25 06:00:00,Baja,6.24082270345801,-75.5413730931311,Media,Caida de rocas,Medellín,Comuna 8 Villa Hermosa,La Libertad,551.0,verdadero,365.0,551,632.4748566692972,43.43408203125,260.60400390625,-1.0,La Niña,0,1,43.43408203125,217.169921875
55318,55318,1,1,Alta,31.460340562119043,1,2022-06-02 19:30:00,Baja,6.23855783099998,-75.530677003,Media,Deslizamiento,Medellín,Comuna 8 Villa Hermosa,Villa Turbay,44.0,verdadero,275.0,44,342.3128496192,48.513671875,220.4716796875,-0.9,La Niña,0,1,48.513671875,171.9580078125
55323,55323,1,2,Alta,17.003100781255664,1,2022-10-24 15:00:00,Baja,6.2386625,-75.564787,Media,Deslizamiento,Medellín,Comuna 10 La Candelaria,Las Palmas,71.0,verdadero,353.0,71,891.9617074345747,32.00390625,203.4541015625,-1.0,La Niña,0,1,32.00390625,171.4501953125
55344,55344,1,2,Alta,18.356557804913322,1,2024-05-15 11:00:00,Baja,6.23818785,-75.53879716,Media,Deslizamiento,Medellín,Comuna 8 Villa Hermosa,Villa Hermosa,551.0,verdadero,456.0,551,379.4916560313372,37.84619140625,383.2861328125,0.4,Neutro,1,1,37.84619140625,345.43994140625
55442,55442,1,2,Alta,20.030097141652476,4,2022-04-05 05:00:00,Baja,6.23758729674327,-75.51106781083,Media,Caida de rocas,Medellín,Corregimiento 90 Santa Elena,Media Luna,42.0,verdadero,242.0,42,1691.8851469836718,38.861328125,214.376953125,-1.1,La Niña,0,1,38.861328125,175.515625
55442,55442,1,2,Alta,20.030097141652476,4,2024-11-22 23:00:00,baja,6.23764,-75.510582,baja,Flujo,Medellín,Santa Elena,Media Luna,42.0,,68.0,42,1691.8851469836718,28.447265625,233.6796875,-0.4,Neutro,1,1,28.447265625,205.232421875
55481,55481,1,1,Muy alta,52.71085647713047,1,2023-10-31 13:00:00,Baja,6.23740969200003,-75.535200493,Media,Deslizamiento,Medellín,Comuna 8 Villa Hermosa,San Antonio,44.0,verdadero,432.0,44,615.9258552636444,37.591796875,195.833984375,1.8,El Niño,2,1,37.591796875,158.2421875
55482,55482,1,1,Muy alta,91.90254791661422,1,2022-09-29 14:00:00,Baja,6.2376818453598,-75.5344471588855,Media,Otro,Medellín,Comuna 8 Villa Hermosa,San Antonio,44.0,verdadero,339.0,44,542.8485597819216,45.2109375,254.5078125,-1.0,La Niña,0,1,45.2109375,209.296875
55515,55515,1,1,Muy alta,42.639676715991015,1,2022-10-24 15:00:00,Baja,6.23686111500001,-75.537935743,Media,Deslizamiento,Medellín,Comuna 8 Villa Hermosa,Villatina,551.0,verdadero,355.0,551,416.9689483920477,58.419921875,264.159912109375,-1.0,La Niña,0,1,58.419921875,205.739990234375
55533,55533,1,3,Muy alta,98.35550860360142,3,2021-06-01 22:30:00,Baja,6.23710199679644,-75.5345976784811,Media,Deslizamiento,Medellín,Comuna 8 Villa Hermosa,San Antonio,44.0,verdadero,151.0,44,516.8186008926922,44.44921875,315.2138671875,-0.4,Neutro,1,1,44.44921875,270.7646484375
55533,55533,1,3,Muy alta,98.35550860360142,3,2022-06-03 10:30:00,Baja,6.23692840899997,-75.534660302,Media,Deslizamiento,Medellín,Comuna 8 Villa Hermosa,San Antonio,44.0,verdadero,279.0,44,516.8186008926922,34.5439453125,233.93359375,-0.9,La Niña,0,1,34.5439453125,199.3896484375
55585,55585,1,2,Baja,0.4042884977484468,1,2024-05-16 11:00:00,Baja,6.23727947,-75.47809422,Media,Deslizamiento,Medellín,Corregimiento 90 Santa Elena,Barro Blanco,42.0,verdadero,459.0,42,2182.4954252068487,54.865234375,336.55078125,0.4,Neutro,1,1,54.865234375,281.685546875
55621,55621,1,3,Muy alta,41.395706525938806,1,2022-08-02 16:00:00,Baja,6.23612134000001,-75.532031411,Media,Otro,Medellín,Comuna 8 Villa Hermosa,Villa Lilliam,44.0,verdadero,312.0,44,166.8620395919635,35.8134765625,188.7216796875,-0.9,La Niña,0,1,35.8134765625,152.908203125
55826,55826,1,2,Alta,15.134364551015633,1,2021-06-11 23:00:00,Baja,6.23465267900002,-75.534902863,Media,Deslizamiento,Medellín,Comuna 8 Villa Hermosa,Villa Lilliam,499.0,verdadero,161.0,44,404.2561124532543,57.404296875,343.408203125,-0.4,Neutro,1,1,57.404296875,286.00390625
55972,55972,1,2,Media,12.254264500159154,1,2022-08-06 16:00:00,Baja,6.23605788399999,-75.536104367,Media,Otro,Medellín,Comuna 8 Villa Hermosa,Villatina,551.0,verdadero,321.0,551,356.73955599757966,61.97607421875,276.860107421875,-0.9,La Niña,0,1,61.97607421875,214.884033203125
56004,56004,1,3,Media,12.74809108786245,1,2022-06-28 09:00:00,Baja,6.23379829445972,-75.5612860791294,Media,Deslizamiento,Medellín,Comuna 9 Buenos Aires,El Salvador,46.0,verdadero,300.0,46,859.2924177905087,42.671875,393.955078125,-0.9,La Niña,0,1,42.671875,351.283203125
56017,56017,5,2,Muy alta,84.16365041950839,1,2022-10-20 00:00:00,Media,6.23222439737262,-75.6142416526701,Media,Deslizamiento,Medellín,Comuna 16 Belén,Las Violetas,9.0,verdadero,340.0,9,615.624189225804,25.654296875,163.068359375,-1.0,La Niña,0,1,25.654296875,137.4140625
56022,56022,5,2,Media,13.816068536781831,1,2022-06-28 05:00:00,Baja,6.23352293440268,-75.6154172322244,Media,Deslizamiento,Medellín,Comuna 16 Belén,Las Violetas,9.0,verdadero,297.0,9,611.2904999996659,51.81640625,309.373046875,-0.9,La Niña,0,1,51.81640625,257.556640625
56042,56042,1,2,Media,8.010183781772009,1,2021-06-02 03:00:00,Baja,6.2350279,-75.5269421,Media,Deslizamiento,Medellín,Comuna 8 Villa Hermosa,La Sierra,44.0,verdadero,153.0,44,377.57963678854094,37.083984375,314.705078125,-0.4,Neutro,1,1,37.083984375,277.62109375
56083,56083,5,1,Muy alta,83.99201356137529,4,2022-10-20 06:00:00,Baja,6.23205638299999,-75.644055734,Media,Deslizamiento,Medellín,Corregimiento 70 Altavista,Aguas Frias,29.0,verdadero,344.0,29,136.09183784652538,59.18359375,243.841796875,-1.0,La Niña,0,1,59.18359375,184.658203125
56135,56135,5,2,Media,13.316688313574426,1,2021-08-17 09:30:00,Baja,6.2313974766297,-75.6137160877295,Media,Otro,Medellín,Comuna 16 Belén,Las Violetas,9.0,verdadero,164.0,9,761.1351427981155,31.49609375,170.1806640625,-0.5,La Niña,0,1,31.49609375,138.6845703125
56241,56241,1,2,Media,8.210385133704388,2,2022-05-07 05:00:00,Baja,6.23259954000002,-75.56405125,Media,Deslizamiento,Medellín,Comuna 9 Buenos Aires,Asomadera No.1,46.0,verdadero,256.0,46,1062.724150255696,35.560546875,204.724609375,-1.0,La Niña,0,1,35.560546875,169.1640625
56247,56247,1,2,Muy alta,76.03802030131641,2,2022-05-07 15:00:00,baja,6.23065,-75.56758,baja,,Medellín,El Poblado,Iglesia San Anselmo,41.0,,25.0,45,1422.547687410273,62.23046875,179.32421875,-1.0,La Niña,0,1,62.23046875,117.09375
56259,56259,1,1,Alta,24.524404547113072,2,2021-05-06 15:30:00,Baja,6.23328436200001,-75.527872237,Media,Deslizamiento,Medellín,Comuna 8 Villa Hermosa,La Sierra,44.0,verdadero,141.0,44,400.8644693535801,32.765625,181.35546875,-0.5,La Niña,0,1,32.765625,148.58984375
56415,56415,1,1,Muy alta,73.05341106798208,7,2023-01-17 19:00:00,Baja,6.22953394763442,-75.5237423908823,Media,Deslizamiento,Medellín,Corregimiento 90 Santa Elena,Media Luna,44.0,verdadero,407.0,44,957.1880990221765,51.0546875,141.478515625,-0.7,La Niña,0,1,51.0546875,90.423828125
56449,56449,1,3,Alta,36.961694891557784,1,2022-05-07 16:00:00,Baja,6.22969224266054,-75.5666823525571,Media,Deslizamiento,Medellín,Comuna 10 La Candelaria,San Diego,46.0,verdadero,260.0,46,1560.7227666478907,80.51953125,251.96875,-1.0,La Niña,0,1,80.51953125,171.44921875
56457,56457,1,2,Baja,4.052989150930459,1,2022-05-07 15:30:00,Baja,6.22914366956255,-75.5601666377614,Media,Deslizamiento,Medellín,Comuna 9 Buenos Aires,Loreto,46.0,verdadero,259.0,46,1049.0640443229852,79.501953125,249.427734375,-1.0,La Niña,0,1,79.501953125,169.92578125
56525,56525,1,1,Alta,24.453882621636563,1,2023-01-17 19:00:00,Baja,6.2296293514096,-75.5283449966214,Media,Deslizamiento,Medellín,Comuna 9 Buenos Aires,Juan Pablo II,44.0,verdadero,408.0,44,729.0732978137918,51.0546875,141.478515625,-0.7,La Niña,0,1,51.0546875,90.423828125
56869,56869,1,1,Alta,15.66596079400399,1,2021-06-01 19:31:00,Baja,6.226286,-75.532941,Media,Deslizamiento,Medellín,Corregimiento 90 Santa Elena,Las Palmas,289.0,verdadero,150.0,289,440.87791456453516,42.671875,301.244140625,-0.4,Neutro,1,1,42.671875,258.572265625
56977,56977,1,2,Baja,4.228280984463076,1,2022-05-07 14:00:00,Baja,6.22677549263292,-75.568386091652,Media,Otro,Medellín,Comuna 10 La Candelaria,San Diego,45.0,verdadero,258.0,46,1798.8097093235215,76.453125,245.6171875,-1.0,La Niña,0,1,76.453125,169.1640625
57119,57119,4,1,Muy alta,106.2609975622887,5,2023-06-01 12:22:00,Baja,6.224094,-75.661217,Media,Flujo,Medellín,Corregimiento 80 San Antonio de Prado,El Salado,18.0,verdadero,429.0,18,1825.0590134618155,49.783203125,205.994140625,0.8,El Niño,2,1,49.783203125,156.2109375
57187,57187,5,2,Media,12.652619369391966,1,2021-06-01 22:30:00,Baja,6.22365251475261,-75.6318296432415,Media,Deslizamiento,Medellín,Corregimiento 70 Altavista,Altavista Sector Central,1.0,verdadero,152.0,1,443.8295676646407,37.845703125,266.69921875,-0.4,Neutro,1,1,37.845703125,228.853515625
57370,57370,5,1,Media,11.33342733281419,1,2021-09-04 21:30:00,Baja,6.222313912,-75.616455147,Media,Deslizamiento,Medellín,Corregimiento 70 Altavista,Área de Expansión Altavista,39.0,verdadero,166.0,39,542.3166248474172,62.73828125,342.392578125,-0.7,La Niña,0,1,62.73828125,279.654296875
57481,57481,5,2,Alta,24.687099753503773,1,2021-09-05 11:00:00,Baja,6.22174916,-75.622756688,Media,Deslizamiento,Medellín,Corregimiento 70 Altavista,La Esperanza,1.0,verdadero,169.0,1,602.463847695215,64.0078125,342.64453125,-0.7,La Niña,0,1,64.0078125,278.63671875
57507,57507,4,1,Alta,21.989564346153454,1,2022-05-04 23:00:00,Baja,6.22423439627319,-75.6721041031613,Media,Deslizamiento,Medellín,Corregimiento 80 San Antonio de Prado,El Astillero,18.0,verdadero,253.0,18,1271.0147216919995,76.70703125,352.296875,-1.0,La Niña,0,1,76.70703125,275.58984375
57660,57660,5,2,Alta,30.401345416983762,2,2022-10-29 03:00:00,Baja,6.22047272213568,-75.6355836336248,Media,Otro,Medellín,Corregimiento 70 Altavista,Buga Patio Bonito,8.0,verdadero,375.0,8,175.10458614235517,44.451171875,342.392578125,-1.0,La Niña,0,1,44.451171875,297.94140625
57660,57660,5,2,Alta,30.401345416983762,2,2023-01-14 20:00:00,Baja,6.21963066699999,-75.634755621,Media,Deslizamiento,Medellín,Corregimiento 70 Altavista,Buga Patio Bonito,8.0,verdadero,398.0,8,175.10458614235517,43.943359375,215.138671875,-0.7,La Niña,0,1,43.943359375,171.1953125
58086,58086,5,2,Alta,27.62408771203926,1,2024-05-15 14:40:00,Baja,6.21900725897521,-75.6352452007805,Media,Otro,Medellín,Corregimiento 70 Altavista,Buga Patio Bonito,8.0,verdadero,457.0,8,180.55245932129688,41.146484375,308.609375,0.4,Neutro,1,1,41.146484375,267.462890625
58169,58169,1,2,Media,10.562194395543619,2,2021-05-18 05:00:00,baja,6.218,-75.5639999999999,baja,Deslizamiento,Medellín,La Palmas,Avenida las palmas a la altura de Carulla,49.0,,13.0,41,1230.567794469042,36.830078125,252.984375,-0.5,La Niña,0,1,36.830078125,216.154296875
58350,58350,1,2,Baja,4.805530016058509,1,2022-06-02 08:00:00,Baja,6.21469853100001,-75.559412289,Media,Deslizamiento,Medellín,Comuna 14 El Poblado,Las Lomas No.2,41.0,verdadero,272.0,41,1239.24394606276,40.638671875,370.5859375,-0.9,La Niña,0,1,40.638671875,329.947265625
58494,58494,1,3,Muy alta,100.36289503420782,1,2022-06-02 08:00:00,Baja,6.21337787599998,-75.55969237,Media,Deslizamiento,Medellín,Comuna 14 El Poblado,Las Lomas No.2,41.0,verdadero,271.0,41,1020.2779475724869,40.638671875,370.5859375,-0.9,La Niña,0,1,40.638671875,329.947265625
58722,58722,4,2,Alta,18.88545313416316,1,2022-05-18 06:00:00,Baja,6.21190509002407,-75.671893594459,Media,Deslizamiento,Medellín,Corregimiento 80 San Antonio de Prado,El Salado,18.0,verdadero,266.0,18,87.25563979892726,55.626953125,543.306640625,-1.0,La Niña,0,1,55.626953125,487.6796875
58789,58789,1,2,Baja,4.011492990249447,1,2022-11-08 20:00:00,Baja,6.2105764,-75.5524157,Media,Deslizamiento,Medellín,Comuna 14 El Poblado,Altos del Poblado,49.0,verdadero,381.0,49,706.3902668416952,48.005859375,331.978515625,-0.9,La Niña,0,1,48.005859375,283.97265625
58912,58912,5,2,Alta,16.884480127701632,1,2021-03-24 16:30:00,Baja,6.20862802200003,-75.605564732,Media,Deslizamiento,Medellín,Comuna 16 Belén,El Rincón,22.0,verdadero,136.0,22,577.0213430504984,52.0703125,323.341796875,-0.8,La Niña,0,1,52.0703125,271.271484375
58982,58982,5,1,Alta,28.749968216222584,1,2022-06-27 22:40:00,Baja,6.21002949899997,-75.607144754,Media,Deslizamiento,Medellín,Comuna 16 Belén,El Rincón,22.0,verdadero,294.0,22,864.8098410485983,32.00390625,326.8984375,-0.9,La Niña,0,1,32.00390625,294.89453125
59065,59065,5,1,Muy alta,123.37041914390986,4,2021-09-04 22:00:00,Baja,6.20724018370858,-75.6223377466368,Media,Deslizamiento,Medellín,Corregimiento 70 Altavista,El Jardín,1.0,verdadero,167.0,1,1749.5538886185484,56.896484375,335.533203125,-0.7,La Niña,0,1,56.896484375,278.63671875
59065,59065,5,1,Muy alta,123.37041914390986,4,2021-09-05 00:00:00,baja,6.207845,-75.622413,baja,Flujo,Medellín,Altavista,,22.0,,37.0,1,1749.5538886185484,59.9453125,338.58203125,-0.7,La Niña,0,1,59.9453125,278.63671875
59086,59086,5,1,Muy alta,47.30300663564153,1,2024-05-15 09:00:00,Baja,6.2068644,-75.6048047,Media,Deslizamiento,Medellín,Comuna 16 Belén,El Rincón,22.0,verdadero,454.0,22,402.4518931352548,36.576171875,268.478515625,0.4,Neutro,1,1,36.576171875,231.90234375
59184,59184,1,2,Muy alta,120.6177954265632,1,2021-11-20 18:00:00,Baja,6.20620186999997,-75.563302784,Media,Otro,Medellín,Comuna 14 El Poblado,La Florida,41.0,verdadero,180.0,41,327.2243861255581,72.896484375,280.669921875,-1.0,La Niña,0,1,72.896484375,207.7734375
59329,59329,1,2,Baja,3.9458924220628115,1,2021-05-06 15:00:00,Baja,6.20592218644869,-75.5550593593029,Media,Deslizamiento,Medellín,Comuna 14 El Poblado,El Tesoro,56.0,verdadero,140.0,56,987.2725949218183,33.2744140625,170.6884765625,-0.5,La Niña,0,1,33.2744140625,137.4140625
59408,59408,4,1,Muy alta,181.3889557277147,6,2024-11-19 15:00:00,baja,6.204329,-75.667531,baja,Flujo,Medellín,San Antonio de Prado,El Salado,18.0,,67.0,18,822.0033345421929,35.306640625,205.232421875,-0.4,Neutro,1,1,35.306640625,169.92578125
59564,59564,5,2,Alta,32.71813674106918,3,2021-03-24 18:00:00,baja,6.20356,-75.6040349999999,baja,Deslizamiento,Medellín,Rodeo Alto,"calle 9A sur con carrera 82, Urbanización Atavanza",22.0,,12.0,22,191.89314771620894,48.005859375,323.341796875,-0.8,La Niña,0,1,48.005859375,275.3359375
59564,59564,5,2,Alta,32.71813674106918,3,2023-01-17 20:00:00,Baja,6.20357598540368,-75.6035996719982,Media,Deslizamiento,Medellín,Comuna 16 Belén,La Hondonada,22.0,verdadero,410.0,22,191.89314771620894,58.166015625,274.06640625,-0.7,La Niña,0,1,58.166015625,215.900390625
59645,59645,5,2,Alta,15.824706339432645,1,2021-03-24 19:30:00,Baja,6.20373199800002,-75.605309563,Media,Deslizamiento,Medellín,Comuna 16 Belén,La Hondonada,22.0,verdadero,137.0,22,429.9087756734856,46.228515625,323.341796875,-0.8,La Niña,0,1,46.228515625,277.11328125
59716,59716,5,1,Alta,34.60506853690447,1,2023-01-17 18:00:00,Baja,6.20284997713644,-75.6038692564513,Media,Deslizamiento,Medellín,Comuna 16 Belén,La Hondonada,22.0,verdadero,406.0,22,352.9770652643382,56.1328125,272.033203125,-0.7,La Niña,0,1,56.1328125,215.900390625
60209,60209,4,1,Muy alta,109.97708128139314,3,2022-05-06 01:00:00,Baja,6.19680902599998,-75.679782228,Media,Deslizamiento,Medellín,Corregimiento 80 San Antonio de Prado,Yarumalito,43.0,verdadero,255.0,43,1222.5934522974374,54.357421875,298.197265625,-1.0,La Niña,0,1,54.357421875,243.83984375
60352,60352,3,2,Alta,17.271181740986346,1,2022-07-13 15:00:00,baja,6.195763,-75.6567409999999,baja,Flujo,Medellín,San Antonio de Prado,La Verde,2.0,,27.0,418,1042.4884112854309,40.1318359375,304.7998046875,-0.8,La Niña,0,1,40.1318359375,264.66796875
60393,60393,4,1,Muy alta,62.934546775010894,5,2023-12-25 22:00:00,Baja,6.19241920338696,-75.6675393418217,Media,Flujo,Medellín,Corregimiento 80 San Antonio de Prado,Montañita,418.0,verdadero,447.0,418,255.02402985703733,66.5478515625,122.173828125,2.0,El Niño,2,1,66.5478515625,55.6259765625
60393,60393,4,1,Muy alta,62.934546775010894,5,2024-05-02 12:00:00,Baja,6.19246789571275,-75.6674038151728,Media,Deslizamiento,Medellín,Corregimiento 80 San Antonio de Prado,Montañita,418.0,verdadero,450.0,418,255.02402985703733,57.9111328125,290.0673828125,0.4,Neutro,1,1,57.9111328125,232.15625
60415,60415,3,3,Muy alta,49.73120554635579,1,2022-10-29 09:00:00,Baja,6.19195296300001,-75.660836114,Media,Deslizamiento,Medellín,Corregimiento 80 San Antonio de Prado,Potrerito,418.0,verdadero,376.0,418,542.8797531709987,36.57568359375,381.25390625,-1.0,La Niña,0,1,36.57568359375,344.67822265625
60548,60548,3,2,Alta,17.154877784542265,1,2016-12-10 04:00:00,baja,6.187465,-75.652213,baja,Flujo,Medellín,San Antonio de Prado,Santa Rita,2.0,,3.0,2,1340.350704115427,81.533203125,380.74609375,-0.6,La Niña,0,1,81.533203125,299.212890625
60574,60574,3,2,Media,8.909659477042357,1,2022-09-18 10:24:00,Baja,6.18484840887273,-75.6607267941501,Media,Deslizamiento,Medellín,Corregimiento 80 San Antonio de Prado,Potrerito,418.0,verdadero,335.0,418,947.4708456704541,74.93017578125,427.73583984375,-1.0,La Niña,0,1,74.93017578125,352.8056640625
60623,60623,3,2,Alta,17.927018740290947,1,2022-09-16 00:00:00,Media,6.18364864452453,-75.6606496556635,Media,Deslizamiento,Medellín,Corregimiento 80 San Antonio de Prado,San Antonio de Prado,418.0,verdadero,322.0,418,1200.4641995506233,36.576171875,337.56591796875,-1.0,La Niña,0,1,36.576171875,300.98974609375
60636,60636,3,2,Alta,32.08249963152003,1,2022-09-18 04:00:00,Baja,6.18295567098035,-75.6561427532819,Media,Deslizamiento,Medellín,Corregimiento 80 San Antonio de Prado,San Antonio de Prado,418.0,verdadero,332.0,418,1462.1635684818623,74.93017578125,427.73583984375,-1.0,La Niña,0,1,74.93017578125,352.8056640625
60653,60653,3,1,Muy alta,106.11440260521498,4,2022-09-07 21:00:00,baja,6.182384,-75.6631419999999,baja,Deslizamiento,Medellín,San Antonio de Prado,Q. La Chorrera,418.0,,31.0,418,1116.8800754852298,24.1298828125,244.85595703125,-1.0,La Niña,0,1,24.1298828125,220.72607421875
60678,60678,3,2,Media,8.048866772842516,1,2022-05-12 05:00:00,Baja,6.18188246127512,-75.6508853564801,Media,Deslizamiento,Medellín,Corregimiento 80 San Antonio de Prado,San Antonio de Prado,2.0,verdadero,264.0,2,1330.1012540568067,43.43359375,340.61328125,-1.0,La Niña,0,1,43.43359375,297.1796875
60725,60725,3,1,Alta,30.180471313735005,6,2022-09-07 21:00:00,baja,6.179093,-75.671125,baja,Flujo,Medellín,San Antonio de Prado,Q. La Manguala,418.0,,30.0,418,1638.6388712102748,24.1298828125,244.85595703125,-1.0,La Niña,0,1,24.1298828125,220.72607421875
60773,60773,3,2,Alta,36.06455046531502,1,2022-10-23 22:00:00,Baja,6.17717195300003,-75.650406924,Media,Deslizamiento,Medellín,Corregimiento 80 San Antonio de Prado,San Antonio de Prado,36.0,verdadero,347.0,36,1264.4755270944354,37.337890625,306.0703125,-1.0,La Niña,0,1,37.337890625,268.732421875
60803,60803,3,2,Muy alta,42.70777385011616,3,2022-10-23 22:00:00,Baja,6.177168241,-75.650175778,Media,Deslizamiento,Medellín,Corregimiento 80 San Antonio de Prado,San Antonio de Prado,36.0,verdadero,348.0,36,1205.6528601223656,37.337890625,306.0703125,-1.0,La Niña,0,1,37.337890625,268.732421875
60815,60815,3,2,Media,13.230453141421394,1,2022-09-18 08:00:00,Baja,6.17531700882429,-75.6663647515618,Media,Deslizamiento,Medellín,Corregimiento 80 San Antonio de Prado,La Florida,418.0,verdadero,334.0,418,1887.9199676044173,74.93017578125,427.73583984375,-1.0,La Niña,0,1,74.93017578125,352.8056640625
60845,60845,3,2,Alta,19.03992563804023,1,2022-10-24 04:00:00,Baja,6.17402225518654,-75.6648520527167,Media,Deslizamiento,Medellín,Corregimiento 80 San Antonio de Prado,La Florida,418.0,verdadero,349.0,418,2047.0217425188264,65.7861328125,338.07421875,-1.0,La Niña,0,1,65.7861328125,272.2880859375
60846,60846,3,2,Alta,21.326376009003678,1,2022-10-24 04:00:00,Baja,6.17373733483816,-75.6646515165332,Media,Deslizamiento,Medellín,Corregimiento 80 San Antonio de Prado,La Florida,418.0,verdadero,350.0,418,2096.4861938079907,65.7861328125,338.07421875,-1.0,La Niña,0,1,65.7861328125,272.2880859375
60866,60866,3,1,Alta,31.64513094225366,1,2022-09-16 20:00:00,Baja,6.17202180259378,-75.6679089980829,Media,Deslizamiento,Medellín,Corregimiento 80 San Antonio de Prado,La Florida,418.0,verdadero,328.0,418,2218.641203117808,63.24609375,364.23583984375,-1.0,La Niña,0,1,63.24609375,300.98974609375
60877,60877,3,2,Muy alta,153.07672201118447,3,2022-04-07 09:00:00,Baja,6.17262809504016,-75.6515001339844,Media,Deslizamiento,Medellín,Corregimiento 80 San Antonio de Prado,Área de Expansión San Antonio de Prado,36.0,verdadero,250.0,36,1080.923492295576,32.2578125,314.197265625,-1.1,La Niña,0,1,32.2578125,281.939453125
60880,60880,3,2,Alta,26.26050431472795,1,2022-09-17 00:00:00,Media,6.17186281089531,-75.6494198675429,Media,Deslizamiento,Medellín,Corregimiento 80 San Antonio de Prado,San Antonio de Prado,36.0,verdadero,330.0,36,876.4595656211221,28.955078125,296.671875,-1.0,La Niña,0,1,28.955078125,267.716796875
60885,60885,3,1,Muy alta,154.5853077295616,7,2022-09-18 05:00:00,Baja,6.17262604699999,-75.656830924,Media,Deslizamiento,Medellín,Corregimiento 80 San Antonio de Prado,La Florida,36.0,verdadero,333.0,36,1486.9769440804414,69.341796875,366.013671875,-1.0,La Niña,0,1,69.341796875,296.671875
6459,6459,2,1,Baja,0.6550017559162941,0,2024-06-27 03:00:00,,,,,,,,,,,,278,1297.0253550675748,11.6845703125,332.486328125,0.2,Neutro,1,0,11.6845703125,320.8017578125
15866,15866,2,2,Media,7.767375504360809,0,2023-05-17 01:00:00,,,,,,,,,,,,51,1130.4871748276887,36.068359375,130.302734375,0.5,El Niño,2,0,36.068359375,94.234375
29802,29802,3,3,Baja,0.4895482761731227,0,2022-10-05 10:00:00,,,,,,,,,,,,383,1500.0248688131499,53.59423828125,342.39208984375,-1.0,La Niña,0,0,53.59423828125,288.7978515625
37109,37109,2,1,Baja,3.56924298838302,0,2023-05-31 01:00:00,,,,,,,,,,,,389,2546.8261627477314,17.7802734375,213.6142578125,0.5,El Niño,2,0,17.7802734375,195.833984375
33256,33256,2,1,Alta,15.377982720368838,0,2022-07-11 06:00:00,,,,,,,,,,,,127,693.5360073184454,19.0498046875,241.0458984375,-0.8,La Niña,0,0,19.0498046875,221.99609375
49467,49467,5,1,Media,6.2443342523516385,0,2022-11-05 23:00:00,,,,,,,,,,,,612,2143.694149302052,10.41400146484375,314.19805908203125,-0.9,La Niña,0,0,10.41400146484375,303.7840576171875
14561,14561,2,1,Media,14.6198015004009,0,2021-12-27 14:00:00,,,,,,,,,,,,295,2986.7527117876957,31.2421875,60.9599609375,-1.0,La Niña,0,0,31.2421875,29.7177734375
31212,31212,3,1,Baja,0.3323334456748393,0,2022-09-19 06:00:00,,,,,,,,,,,,433,1947.4692252111481,18.5419921875,149.60595703125,-1.0,La Niña,0,0,18.5419921875,131.06396484375
51140,51140,5,2,Media,8.268205981974768,0,2021-06-28 10:00:00,,,,,,,,,,,,11,705.1367509707898,16.509765625,284.98828125,-0.4,Neutro,1,0,16.509765625,268.478515625
28321,28321,3,1,Baja,2.0975388727055706,0,2021-06-23 02:00:00,,,,,,,,,,,,57,2552.9860100624946,10.16015625,363.7265625,-0.4,Neutro,1,0,10.16015625,353.56640625
43276,43276,2,3,Baja,2.8229994951065325,0,2024-06-08 22:00:00,,,,,,,,,,,,324,2370.2907695913773,13.2080078125,202.7177734375,0.2,Neutro,1,0,13.2080078125,189.509765625
12507,12507,2,1,Baja,1.6194208256087295,0,2022-04-09 04:00:00,,,,,,,,,,,,324,4174.322837565914,18.2880859375,245.1103515625,-1.1,La Niña,0,0,18.2880859375,226.822265625
41459,41459,3,1,Baja,1.1077287565920109,0,2022-06-06 16:00:00,,,,,,,,,,,,52,388.5829353563029,14.22265625,352.296875,-0.9,La Niña,0,0,14.22265625,338.07421875
27727,27727,3,1,Baja,1.504465637149569,0,2022-10-05 12:00:00,,,,,,,,,,,,383,2322.3099054737327,35.30615234375,342.39208984375,-1.0,La Niña,0,0,35.30615234375,307.0859375
29615,29615,3,2,Baja,0.8882871535335903,0,2024-06-04 09:00:00,,,,,,,,,,,,58,1491.7875162455684,11.9375,332.486328125,0.2,Neutro,1,0,11.9375,320.548828125
14426,14426,2,2,Baja,0.6366140943494453,0,2023-05-20 03:00:00,,,,,,,,,,,,51,3434.6748624784527,12.69921875,134.873046875,0.5,El Niño,2,0,12.69921875,122.173828125
30546,30546,3,2,Baja,0.34819357539379525,0,2022-04-02 13:00:00,,,,,,,,,,,,433,1837.1507918703674,14.73193359375,411.47998046875,-1.1,La Niña,0,0,14.73193359375,396.748046875
15818,15818,2,1,Media,14.909628005759233,0,2020-09-30 15:00:00,,,,,,,,,,,,295,2377.702068209378,10.66796875,265.683837890625,-0.9,La Niña,0,0,10.66796875,255.015869140625
13245,13245,2,2,Baja,1.5360117682884873,0,2023-01-08 11:00:00,,,,,,,,,,,,51,5285.277867868516,29.97265625,82.55078125,-0.7,La Niña,0,0,29.97265625,52.578125
1125,1125,2,2,Baja,4.3363914052226615,0,2022-10-19 07:00:00,,,,,,,,,,,,30,6342.936779141185,31.2421875,244.6015625,-1.0,La Niña,0,0,31.2421875,213.359375
40405,40405,3,2,Baja,3.3887307144160186,0,2022-04-18 06:00:00,,,,,,,,,,,,451,726.3168070032165,15.748046875,264.4140625,-1.1,La Niña,0,0,15.748046875,248.666015625
46459,46459,3,2,Baja,2.1428433488508256,0,2021-09-11 14:00:00,,,,,,,,,,,,193,1785.4233540075531,22.6064453125,362.4580078125,-0.7,La Niña,0,0,22.6064453125,339.8515625
15948,15948,2,3,Baja,4.198495685475098,0,2022-05-16 21:00:00,,,,,,,,,,,,4,4682.128296506077,19.8125,294.640625,-1.0,La Niña,0,0,19.8125,274.828125
26767,26767,3,3,Media,12.4183919518194,0,2021-11-09 07:00:00,,,,,,,,,,,,515,1847.6618208556854,28.447998046875,275.08203125,-1.0,La Niña,0,0,28.447998046875,246.634033203125
35084,35084,2,3,Baja,2.5663856731114825,0,2023-10-24 05:00:00,,,,,,,,,,,,373,694.1490535317065,44.7041015625,174.751953125,1.8,El Niño,2,0,44.7041015625,130.0478515625
52370,52370,5,1,Alta,30.988851783620706,2,2022-10-08 11:00:00,,,,,,,,,,,,11,690.799918066574,17.78125,193.041015625,-1.0,La Niña,0,0,17.78125,175.259765625
36852,36852,2,2,Baja,1.3756520053667844,0,2024-06-14 05:00:00,,,,,,,,,,,,607,2209.725684086946,14.98583984375,173.73583984375,0.2,Neutro,1,0,14.98583984375,158.75
42265,42265,3,1,Baja,3.6086811462502184,0,2022-04-28 15:00:00,,,,,,,,,,,,64,1513.6111875852719,19.048828125,354.0751953125,-1.1,La Niña,0,0,19.048828125,335.0263671875
32146,32146,3,3,Baja,0.5182555375466453,0,2023-05-27 11:00:00,,,,,,,,,,,,433,1619.6132060274808,11.93798828125,223.26611328125,0.5,El Niño,2,0,11.93798828125,211.328125
388,388,2,2,Media,8.14089090183571,0,2022-06-30 15:00:00,,,,,,,,,,,,30,6932.9942425924055,15.494140625,358.138671875,-0.9,La Niña,0,0,15.494140625,342.64453125
3150,3150,2,1,Baja,2.4623281940696686,0,2022-11-14 12:00:00,,,,,,,,,,,,30,3714.0751521488546,15.240234375,246.6328125,-0.9,La Niña,0,0,15.240234375,231.392578125
6,6,2,2,Baja,2.2999072420831856,0,2024-05-03 10:00:00,,,,,,,,,,,,30,8318.707539069586,14.478515625,203.708984375,0.4,Neutro,1,0,14.478515625,189.23046875
30239,30239,3,3,Baja,1.3682260360885896,0,2022-06-30 22:00:00,,,,,,,,,,,,57,1178.3724009551283,15.748046875,264.16015625,-0.9,La Niña,0,0,15.748046875,248.412109375
36249,36249,2,1,Baja,1.3035999968915601,0,2021-11-26 06:00:00,,,,,,,,,,,,389,1102.1705165986427,23.6220703125,273.55810546875,-1.0,La Niña,0,0,23.6220703125,249.93603515625
5,5,2,2,Baja,2.9556085883671632,0,2022-08-22 23:00:00,,,,,,,,,,,,30,8267.755699126914,14.732421875,296.92578125,-0.9,La Niña,0,0,14.732421875,282.193359375
34073,34073,2,1,Baja,3.0086577704337683,0,2023-01-11 05:00:00,,,,,,,,,,,,66,1805.8575831055591,14.2236328125,52.578125,-0.7,La Niña,0,0,14.2236328125,38.3544921875
21560,21560,2,2,Media,6.454703338584228,0,2021-11-09 23:00:00,,,,,,,,,,,,21,1507.4046960826677,11.68359375,174.751953125,-1.0,La Niña,0,0,11.68359375,163.068359375
57774,57774,5,2,Media,13.92139798038176,0,2022-06-30 00:00:00,,,,,,,,,,,,39,1091.7356960359214,12.955078125,281.177734375,-0.9,La Niña,0,0,12.955078125,268.22265625
11864,11864,2,1,Baja,0.9954134345494878,0,2022-10-05 13:00:00,,,,,,,,,,,,323,3272.3810841517634,15.2392578125,296.671875,-1.0,La Niña,0,0,15.2392578125,281.4326171875
27348,27348,3,1,Baja,3.799662136949727,0,2024-05-29 23:00:00,,,,,,,,,,,,636,2679.7713867966336,14.986083984375,404.8759765625,0.4,Neutro,1,0,14.986083984375,389.889892578125
22517,22517,2,3,Alta,20.684508094192925,0,2022-09-19 21:00:00,,,,,,,,,,,,352,985.2740733585322,14.2236328125,223.01171875,-1.0,La Niña,0,0,14.2236328125,208.7880859375
39198,39198,1,1,Baja,2.096391345029433,0,2022-06-26 08:00:00,,,,,,,,,,,,15,2827.3136571099967,23.875,288.796875,-0.9,La Niña,0,0,23.875,264.921875
24382,24382,3,1,Alta,33.61131544966219,2,2024-06-05 03:00:00,,,,,,,,,,,,61,145.6361989801452,14.732421875,340.361328125,0.2,Neutro,1,0,14.732421875,325.62890625
8967,8967,2,1,Alta,17.1075024068734,0,2024-06-20 20:00:00,,,,,,,,,,,,66,3022.672671563352,10.4140625,158.75,0.2,Neutro,1,0,10.4140625,148.3359375
30314,30314,3,1,Media,5.627797899416074,0,2019-11-03 13:00:00,,,,,,,,,,,,57,4155.0591191727235,13.9697265625,261.8740234375,0.5,Neutro,1,0,13.9697265625,247.904296875
50238,50238,5,1,Alta,25.24246418785234,0,2022-10-08 20:00:00,,,,,,,,,,,,11,807.6433960209932,11.17578125,191.76953125,-1.0,La Niña,0,0,11.17578125,180.59375
14773,14773,2,3,Media,8.931287340981935,0,2021-11-14 13:00:00,,,,,,,,,,,,72,1378.5044881065448,29.9716796875,285.4951171875,-1.0,La Niña,0,0,29.9716796875,255.5234375
56795,56795,4,3,Baja,2.838177073867936,0,2021-11-01 02:00:00,,,,,,,,,,,,3,797.2470639956127,33.52734375,288.03515625,-1.0,La Niña,0,0,33.52734375,254.5078125
47063,47063,5,1,Baja,0.793389550292185,0,2022-11-22 06:00:00,,,,,,,,,,,,320,630.8362438947825,26.1611328125,326.3896484375,-0.9,La Niña,0,0,26.1611328125,300.228515625
10726,10726,2,1,Baja,1.2477332163133914,0,2024-06-16 12:00:00,,,,,,,,,,,,323,4250.96935306621,52.0693359375,331.9775390625,0.2,Neutro,1,0,52.0693359375,279.908203125
21111,21111,2,2,Media,13.469614694640777,0,2024-06-14 17:00:00,,,,,,,,,,,,154,1657.1776536205286,10.16015625,263.14453125,0.2,Neutro,1,0,10.16015625,252.984375
6139,6139,2,1,Media,7.820394828277353,0,2023-03-28 03:00:00,,,,,,,,,,,,30,1867.986500430501,22.09765625,125.22265625,-0.1,Neutro,1,0,22.09765625,103.125
41652,41652,3,1,Baja,1.1678699822499492,0,2021-11-27 02:00:00,,,,,,,,,,,,52,1829.2600231558731,16.255859375,417.3212890625,-1.0,La Niña,0,0,16.255859375,401.0654296875
58757,58757,4,1,Media,14.049813740898683,1,2024-05-22 04:00:00,,,,,,,,,,,,43,862.5869057885625,18.03515625,417.322265625,0.4,Neutro,1,0,18.03515625,399.287109375
50912,50912,4,2,Media,9.62246031694303,0,2024-05-31 22:00:00,,,,,,,,,,,,11,3912.1876529297447,34.796875,294.638671875,0.4,Neutro,1,0,34.796875,259.841796875
12355,12355,2,1,Baja,0.5857686706308164,0,2022-09-25 00:00:00,,,,,,,,,,,,324,2363.9487145509497,10.921875,232.40966796875,-1.0,La Niña,0,0,10.921875,221.48779296875
42321,42321,3,2,Baja,0.9957929106777903,0,2022-09-22 11:00:00,,,,,,,,,,,,64,603.9068036091701,13.970703125,265.17578125,-1.0,La Niña,0,0,13.970703125,251.205078125
21881,21881,2,2,Baja,3.181917981193062,0,2021-09-07 03:00:00,,,,,,,,,,,,154,148.88034910401046,11.4296875,164.591796875,-0.7,La Niña,0,0,11.4296875,153.162109375
18614,18614,2,1,Media,7.206703269591634,0,2021-11-04 01:00:00,,,,,,,,,,,,51,3861.610079747256,12.19140625,233.42578125,-1.0,La Niña,0,0,12.19140625,221.234375
45442,45442,3,1,Alta,32.41977284700425,0,2024-05-05 05:00:00,,,,,,,,,,,,519,1220.9848796496483,46.228515625,304.5458984375,0.4,Neutro,1,0,46.228515625,258.3173828125
15317,15317,2,1,Muy alta,72.39235092359588,5,2022-03-16 22:00:00,,,,,,,,,,,,51,2945.9846815422907,43.43359375,215.646484375,-1.0,La Niña,0,0,43.43359375,172.212890625
3456,3456,2,3,Baja,1.2573263563475574,0,2023-05-16 21:00:00,,,,,,,,,,,,278,10266.883334524335,21.58984375,200.4052734375,0.5,El Niño,2,0,21.58984375,178.8154296875
13122,13122,2,2,Baja,0.4528423957812512,0,2023-10-04 13:00:00,,,,,,,,,,,,51,5883.5272070773,22.09765625,139.19140625,1.8,El Niño,2,0,22.09765625,117.09375
11725,11725,2,1,Baja,1.0155622624387137,0,2022-08-03 02:00:00,,,,,,,,,,,,323,3139.7658341836345,12.19140625,297.1796875,-0.9,La Niña,0,0,12.19140625,284.98828125
877,877,2,2,Media,10.400345737913325,0,2021-11-07 11:00:00,,,,,,,,,,,,30,6470.2909959109575,25.400390625,250.19140625,-1.0,La Niña,0,0,25.400390625,224.791015625
54028,54028,5,1,Baja,2.413995680759148,0,2021-11-01 03:00:00,,,,,,,,,,,,25,1313.561683347438,22.60546875,302.259765625,-1.0,La Niña,0,0,22.60546875,279.654296875
35925,35925,2,1,Baja,1.2806660020129528,0,2022-08-15 17:00:00,,,,,,,,,,,,389,960.5180201482552,12.19189453125,198.6279296875,-0.9,La Niña,0,0,12.19189453125,186.43603515625
33659,33659,2,1,Alta,16.44000067545554,0,2023-10-23 23:00:00,,,,,,,,,,,,127,1357.1029658578677,20.57421875,125.4755859375,1.8,El Niño,2,0,20.57421875,104.9013671875
16867,16867,2,1,Media,11.252817604782885,0,2024-05-08 19:00:00,,,,,,,,,,,,72,2699.5784043423973,28.447265625,220.724609375,0.4,Neutro,1,0,28.447265625,192.27734375
17579,17579,2,2,Baja,1.117418741322553,0,2021-11-14 06:00:00,,,,,,,,,,,,295,1438.2061371507405,42.41796875,242.56982421875,-1.0,La Niña,0,0,42.41796875,200.15185546875
57433,57433,5,1,Alta,23.451628730452704,0,2022-10-18 08:00:00,,,,,,,,,,,,601,406.69952371623253,66.802001953125,255.01611328125,-1.0,La Niña,0,0,66.802001953125,188.214111328125
49758,49758,5,1,Media,7.134503623005148,0,2022-09-03 13:00:00,,,,,,,,,,,,612,2762.083953658607,10.41400146484375,171.70399475097656,-1.0,La Niña,0,0,10.41400146484375,161.2899932861328
51153,51153,1,2,Media,6.56806942029024,0,2022-11-16 02:00:00,,,,,,,,,,,,558,811.4990658959524,11.429931640625,256.285888671875,-0.9,La Niña,0,0,11.429931640625,244.85595703125
47414,47414,5,1,Baja,0.3667090936326038,0,2022-05-16 05:00:00,,,,,,,,,,,,4,1250.5088780100598,10.921875,284.48046875,-1.0,La Niña,0,0,10.921875,273.55859375
56235,56235,5,1,Muy alta,40.13802335343805,0,2022-04-21 17:00:00,,,,,,,,,,,,29,1096.1272502392137,27.177734375,299.466796875,-1.1,La Niña,0,0,27.177734375,272.2890625
3529,3529,2,1,Baja,0.5644456712665983,0,2022-04-01 01:00:00,,,,,,,,,,,,278,8975.254617647195,23.1142578125,223.2666015625,-1.1,La Niña,0,0,23.1142578125,200.15234375
54704,54704,1,1,Media,8.508625230923139,0,2021-11-09 12:00:00,,,,,,,,,,,,44,1452.300014862615,22.6064453125,179.32421875,-1.0,La Niña,0,0,22.6064453125,156.7177734375
43797,43797,2,2,Baja,2.717086403401121,0,2024-06-03 04:00:00,,,,,,,,,,,,389,3443.383958339046,14.732421875,268.986328125,0.2,Neutro,1,0,14.732421875,254.25390625
54355,54355,1,2,Baja,0.39632752276432953,0,2022-11-11 14:00:00,,,,,,,,,,,,42,1101.355053386904,23.876953125,328.16796875,-0.9,La Niña,0,0,23.876953125,304.291015625
28384,28384,3,2,Media,5.6916363979953495,0,2023-05-16 16:00:00,,,,,,,,,,,,171,791.097403838909,10.921875,197.8662109375,0.5,El Niño,2,0,10.921875,186.9443359375
8142,8142,2,1,Baja,0.5194180230315979,0,2024-05-03 01:00:00,,,,,,,,,,,,278,1549.109359389884,13.4619140625,171.9580078125,0.4,Neutro,1,0,13.4619140625,158.49609375
4956,4956,2,1,Baja,2.2595070150448615,0,2022-06-09 17:00:00,,,,,,,,,,,,30,2250.8943473961917,16.763671875,233.171875,-0.9,La Niña,0,0,16.763671875,216.408203125
45294,45294,3,2,Baja,3.9168282377067802,0,2022-06-29 16:00:00,,,,,,,,,,,,146,686.9930906827659,13.7158203125,366.775390625,-0.9,La Niña,0,0,13.7158203125,353.0595703125
58736,58736,4,3,Alta,23.051774274835388,0,2023-01-03 04:00:00,,,,,,,,,,,,43,565.7496456102804,16.509765625,163.06640625,-0.7,La Niña,0,0,16.509765625,146.556640625
37506,37506,2,2,Baja,2.731278343205515,0,2022-10-05 05:00:00,,,,,,,,,,,,607,1796.5361586006306,10.66796875,343.6619873046875,-1.0,La Niña,0,0,10.66796875,332.9940185546875
45934,45934,3,1,Alta,35.48307662302121,0,2022-08-26 18:00:00,,,,,,,,,,,,62,1156.0703847210893,11.68359375,259.333984375,-0.9,La Niña,0,0,11.68359375,247.650390625
1533,1533,2,2,Baja,0.5653256016573815,0,2022-03-01 23:00:00,,,,,,,,,,,,234,7691.537437087645,20.5732421875,162.0517578125,-1.0,La Niña,0,0,20.5732421875,141.478515625
28698,28698,3,1,Baja,2.721367979593202,0,2022-05-30 07:00:00,,,,,,,,,,,,57,3689.723838915437,13.71484375,232.154296875,-1.0,La Niña,0,0,13.71484375,218.439453125
12410,12410,2,1,Baja,1.6980188906070572,0,2022-09-12 20:00:00,,,,,,,,,,,,323,4523.211217316342,13.716796875,223.7744140625,-1.0,La Niña,0,0,13.716796875,210.0576171875
47430,47430,5,1,Baja,0.7703463022805506,0,2022-10-01 02:00:00,,,,,,,,,,,,4,2238.630483411679,16.509765625,241.80859375,-1.0,La Niña,0,0,16.509765625,225.298828125
45264,45264,3,1,Media,12.053708116974104,0,2022-08-21 16:00:00,,,,,,,,,,,,519,884.5305266906714,41.14794921875,342.900390625,-0.9,La Niña,0,0,41.14794921875,301.75244140625
22143,22143,2,2,Media,5.404015588400911,0,2017-06-16 10:00:00,,,,,,,,,,,,20,1659.3247026957254,10.921875,106.171875,0.3,Neutro,1,0,10.921875,95.25
22400,22400,5,1,Muy alta,145.46462601940698,3,2024-06-20 13:00:00,,,,,,,,,,,,612,898.5710181581128,24.891845703125,262.889892578125,0.2,Neutro,1,0,24.891845703125,237.998046875
12659,12659,2,2,Baja,0.6655331741004531,0,2022-03-01 20:00:00,,,,,,,,,,,,31,775.3298397314478,14.4775390625,122.935546875,-1.0,La Niña,0,0,14.4775390625,108.4580078125
42362,42362,3,3,Baja,2.739135276279429,0,2024-05-22 18:00:00,,,,,,,,,,,,64,1454.66542397663,25.146484375,535.43359375,0.4,Neutro,1,0,25.146484375,510.287109375
6740,6740,2,1,Media,6.037116956928948,0,2022-09-22 03:00:00,,,,,,,,,,,,323,3172.9594693858103,29.7177734375,269.748046875,-1.0,La Niña,0,0,29.7177734375,240.0302734375
13925,13925,2,1,Media,5.959176590188003,0,2023-05-22 01:00:00,,,,,,,,,,,,51,3733.2491555867828,14.224609375,143.255859375,0.5,El Niño,2,0,14.224609375,129.03125
17555,17555,2,2,Baja,1.0455593746580107,0,2021-12-27 14:00:00,,,,,,,,,,,,295,277.596935702959,31.2421875,60.9599609375,-1.0,La Niña,0,0,31.2421875,29.7177734375
29392,29392,3,2,Baja,1.9475479882881113,0,2022-06-16 18:00:00,,,,,,,,,,,,58,1469.9092763418384,15.240234375,372.365234375,-0.9,La Niña,0,0,15.240234375,357.125
49717,49717,5,3,Baja,1.620798233878702,0,2022-11-16 12:00:00,,,,,,,,,,,,612,5498.2479073701525,15.74798583984375,394.969970703125,-0.9,La Niña,0,0,15.74798583984375,379.22198486328125
12539,12539,2,2,Baja,0.3664689432534774,0,2022-09-22 20:00:00,,,,,,,,,,,,31,692.0817796714717,18.033203125,205.994140625,-1.0,La Niña,0,0,18.033203125,187.9609375
14166,14166,2,2,Media,8.331300240985492,1,2022-08-16 03:00:00,,,,,,,,,,,,295,3943.287220422366,13.2080078125,233.68017578125,-0.9,La Niña,0,0,13.2080078125,220.47216796875
48985,48985,5,1,Media,5.751980249580873,0,2023-11-20 04:00:00,,,,,,,,,,,,612,1919.043517571793,30.22607421875,242.823974609375,1.9,El Niño,2,0,30.22607421875,212.597900390625
40920,40920,3,1,Media,5.581381969678502,0,2022-06-26 12:00:00,,,,,,,,,,,,65,677.5304802985045,25.654296875,258.318359375,-0.9,La Niña,0,0,25.654296875,232.6640625
12230,12230,2,1,Baja,3.1267513206848507,0,2023-05-17 14:00:00,,,,,,,,,,,,323,4019.463213054415,29.9716796875,221.234375,0.5,El Niño,2,0,29.9716796875,191.2626953125
59787,59787,4,3,Alta,16.14785761084922,0,2022-10-12 19:00:00,,,,,,,,,,,,418,1324.830937026645,23.6220703125,377.1904296875,-1.0,La Niña,0,0,23.6220703125,353.568359375
8412,8412,2,2,Baja,0.47212931993984514,0,2023-05-20 19:00:00,,,,,,,,,,,,323,3815.788737342819,11.9384765625,190.5,0.5,El Niño,2,0,11.9384765625,178.5615234375
2404,2404,2,2,Baja,0.9631544004091176,0,2021-12-31 15:00:00,,,,,,,,,,,,234,5408.981095224623,28.4482421875,64.0087890625,-1.0,La Niña,0,0,28.4482421875,35.560546875
53457,53457,1,2,Media,5.643305105026682,0,2022-08-21 19:00:00,,,,,,,,,,,,499,819.8165803276853,33.52783203125,352.0439453125,-0.9,La Niña,0,0,33.52783203125,318.51611328125
24265,24265,3,2,Baja,1.3110282781414402,0,2022-10-06 21:00:00,,,,,,,,,,,,193,1871.5660016431234,16.509765625,263.90625,-1.0,La Niña,0,0,16.509765625,247.396484375
13367,13367,2,2,Baja,3.6926563642815333,0,2022-04-06 02:00:00,,,,,,,,,,,,51,5567.6627268941775,10.66796875,242.5703125,-1.1,La Niña,0,0,10.66796875,231.90234375
58079,58079,4,1,Alta,26.755262726540785,0,2022-06-15 07:00:00,,,,,,,,,,,,601,1559.6802142803215,22.0980224609375,520.446044921875,-0.9,La Niña,0,0,22.0980224609375,498.3480224609375
44034,44034,5,1,Alta,22.806079061534554,0,2022-09-02 13:00:00,,,,,,,,,,,,2,1738.1719521962407,14.732421875,256.287109375,-1.0,La Niña,0,0,14.732421875,241.5546875
30493,30493,3,1,Baja,0.5218993326235127,0,2022-06-13 12:00:00,,,,,,,,,,,,383,2342.393864674298,12.7001953125,344.423828125,-0.9,La Niña,0,0,12.7001953125,331.7236328125
606,606,2,2,Baja,0.5504615945918963,0,2022-03-13 08:00:00,,,,,,,,,,,,234,10818.768698785514,10.921875,173.736328125,-1.0,La Niña,0,0,10.921875,162.814453125
46422,46422,3,1,Baja,3.0981791966285748,0,2022-05-11 21:00:00,,,,,,,,,,,,261,1989.610696206059,10.16015625,249.681640625,-1.0,La Niña,0,0,10.16015625,239.521484375
45255,45255,3,1,Alta,15.235869979422018,0,2022-10-27 12:00:00,,,,,,,,,,,,519,851.0822706005852,15.49365234375,353.56787109375,-1.0,La Niña,0,0,15.49365234375,338.07421875
27865,27865,3,1,Media,7.419341847556551,0,2023-01-03 16:00:00,,,,,,,,,,,,57,4460.4194004572855,18.794921875,202.9453125,-0.7,La Niña,0,0,18.794921875,184.150390625
28080,28080,3,1,Baja,0.9720885564119439,0,2023-05-15 15:00:00,,,,,,,,,,,,383,1728.517891455693,11.17578125,176.529296875,0.5,El Niño,2,0,11.17578125,165.353515625
19096,19096,2,3,Media,10.547085561638687,0,2023-11-02 17:00:00,,,,,,,,,,,,543,932.349155674231,10.16015625,130.81005859375,1.9,El Niño,2,0,10.16015625,120.64990234375
28495,28495,3,1,Baja,0.8489392049221157,0,2022-10-05 07:00:00,,,,,,,,,,,,383,914.2762938400324,53.59423828125,342.39208984375,-1.0,La Niña,0,0,53.59423828125,288.7978515625
8543,8543,2,1,Baja,0.8904980862132895,0,2022-04-01 00:00:00,,,,,,,,,,,,278,1349.4768644126718,22.3515625,224.28125,-1.1,La Niña,0,0,22.3515625,201.9296875
2506,2506,2,1,Baja,0.708138349319812,0,2022-08-22 10:00:00,,,,,,,,,,,,234,7858.241582143786,28.9560546875,281.685546875,-0.9,La Niña,0,0,28.9560546875,252.7294921875
32552,32552,3,1,Baja,0.36667665965657736,0,2022-03-24 22:00:00,,,,,,,,,,,,433,2534.1841992074737,62.48388671875,301.498046875,-1.0,La Niña,0,0,62.48388671875,239.01416015625
30980,30980,3,3,Baja,0.4670688143007826,0,2021-10-02 17:00:00,,,,,,,,,,,,383,2991.3890891425367,10.921875,260.60400390625,-0.8,La Niña,0,0,10.921875,249.68212890625
60410,60410,4,1,Muy alta,119.26846683177388,2,2021-12-25 23:00:00,,,,,,,,,,,,418,1298.955105003938,16.510009765625,118.364013671875,-1.0,La Niña,0,0,16.510009765625,101.85400390625
32689,32689,3,1,Baja,0.3910238768670361,0,2022-09-22 02:00:00,,,,,,,,,,,,433,3439.8015559103915,29.7177734375,169.92578125,-1.0,La Niña,0,0,29.7177734375,140.2080078125
35218,35218,2,2,Baja,1.000402738496831,0,2022-05-14 03:00:00,,,,,,,,,,,,373,1120.2665118757363,10.4140625,194.818115234375,-1.0,La Niña,0,0,10.4140625,184.404052734375
2078,2078,2,1,Baja,1.903140612582563,0,2021-11-08 04:00:00,,,,,,,,,,,,30,5749.434018128659,25.908203125,250.4453125,-1.0,La Niña,0,0,25.908203125,224.537109375
20931,20931,2,1,Muy alta,42.92932315045439,0,2022-08-29 14:00:00,,,,,,,,,,,,437,314.1421927714051,10.16015625,239.52197265625,-0.9,La Niña,0,0,10.16015625,229.36181640625
14738,14738,2,2,Baja,0.5814357531788484,0,2024-05-22 00:00:00,,,,,,,,,,,,51,2661.7906982383442,36.830078125,431.80078125,0.4,Neutro,1,0,36.830078125,394.970703125
19753,19753,2,1,Baja,4.167635133881946,0,2022-03-24 19:00:00,,,,,,,,,,,,10,2317.459864943591,24.130859375,283.2109375,-1.0,La Niña,0,0,24.130859375,259.080078125
13976,13976,2,2,Baja,4.6692868532430145,0,2023-11-19 04:00:00,,,,,,,,,,,,51,4372.579967574392,34.798828125,167.640625,1.9,El Niño,2,0,34.798828125,132.841796875
46787,46787,5,1,Baja,0.6094507877619402,0,2024-05-28 12:00:00,,,,,,,,,,,,320,879.0731056124581,19.3037109375,287.7822265625,0.4,Neutro,1,0,19.3037109375,268.478515625
11101,11101,2,1,Media,5.829690999959028,1,2021-11-24 16:00:00,,,,,,,,,,,,323,4722.903539544317,10.66796875,196.341796875,-1.0,La Niña,0,0,10.66796875,185.673828125
52042,52042,5,1,Muy alta,46.34321222948471,0,2024-06-25 22:00:00,,,,,,,,,,,,11,917.4687062952577,27.431640625,342.900390625,0.2,Neutro,1,0,27.431640625,315.46875
22231,22231,2,2,Baja,3.5957064695662626,1,2022-06-26 11:00:00,,,,,,,,,,,,48,145.4863425366292,24.892578125,398.017578125,-0.9,La Niña,0,0,24.892578125,373.125
43211,43211,2,1,Media,4.993515324160567,0,2022-08-28 15:00:00,,,,,,,,,,,,324,1761.2977255355215,11.68408203125,144.01806640625,-0.9,La Niña,0,0,11.68408203125,132.333984375
32636,32636,3,3,Baja,0.9856652353234827,0,2024-06-07 09:00:00,,,,,,,,,,,,433,3154.998177423236,17.7802734375,301.498046875,0.2,Neutro,1,0,17.7802734375,283.7177734375
57504,57504,4,1,Media,13.665495254463691,0,2023-05-31 21:00:00,,,,,,,,,,,,18,1862.7529396539844,23.11328125,179.32421875,0.5,El Niño,2,0,23.11328125,156.2109375
16651,16651,2,2,Baja,1.7007103074335839,0,2021-11-09 02:00:00,,,,,,,,,,,,51,4836.091722721327,10.4140625,228.6005859375,-1.0,La Niña,0,0,10.4140625,218.1865234375
36277,36277,2,1,Baja,1.2404160701657139,0,2022-03-21 09:00:00,,,,,,,,,,,,389,1343.700013846818,15.23974609375,207.51806640625,-1.0,La Niña,0,0,15.23974609375,192.2783203125
27009,27009,3,1,Media,8.97454606932459,0,2024-05-03 21:00:00,,,,,,,,,,,,636,599.5820230365689,29.2099609375,212.851806640625,0.4,Neutro,1,0,29.2099609375,183.641845703125
44906,44906,3,2,Media,13.143871496021923,0,2023-05-12 12:00:00,,,,,,,,,,,,288,857.4052082420336,25.908203125,153.669921875,0.5,El Niño,2,0,25.908203125,127.76171875
46847,46847,5,1,Baja,2.3911651623594286,0,2021-05-23 11:00:00,,,,,,,,,,,,320,1893.8576523948532,11.43017578125,267.4619140625,-0.5,La Niña,0,0,11.43017578125,256.03173828125
16422,16422,2,1,Baja,4.316564841752708,0,2022-11-22 16:00:00,,,,,,,,,,,,295,1021.06845164314,15.49365234375,174.24365234375,-0.9,La Niña,0,0,15.49365234375,158.75
33840,33840,2,1,Media,9.547648056798751,0,2023-01-10 22:00:00,,,,,,,,,,,,47,1782.3007536510165,12.19140625,64.76953125,-0.7,La Niña,0,0,12.19140625,52.578125
59,59,2,1,Baja,3.766053675525627,0,2021-11-04 12:00:00,,,,,,,,,,,,30,8087.523954545503,23.115234375,239.77734375,-1.0,La Niña,0,0,23.115234375,216.662109375
44765,44765,3,1,Alta,20.8879369067004,1,2021-11-01 04:00:00,,,,,,,,,,,,519,2480.463838918246,37.592041015625,294.89404296875,-1.0,La Niña,0,0,37.592041015625,257.302001953125
46764,46764,5,1,Baja,0.5176205654894067,0,2022-04-20 20:00:00,,,,,,,,,,,,320,1900.9139951963984,16.001953125,486.40966796875,-1.1,La Niña,0,0,16.001953125,470.40771484375
17216,17216,2,2,Media,6.795125759102562,0,2023-05-20 13:00:00,,,,,,,,,,,,295,2229.5630666765105,11.68359375,112.013671875,0.5,El Niño,2,0,11.68359375,100.330078125
17783,17783,2,3,Baja,3.2130617695483195,0,2024-06-18 21:00:00,,,,,,,,,,,,10,4395.729716041284,11.9375,274.3203125,0.2,Neutro,1,0,11.9375,262.3828125
8738,8738,2,2,Baja,1.6754003075586201,0,2021-09-19 19:00:00,,,,,,,,,,,,323,2245.066502732252,10.41357421875,280.16162109375,-0.7,La Niña,0,0,10.41357421875,269.748046875
60499,60499,4,1,Muy alta,43.29268920261155,1,2023-01-13 01:00:00,,,,,,,,,,,,418,1780.3271991385236,28.7021484375,227.330078125,-0.7,La Niña,0,0,28.7021484375,198.6279296875
25783,25783,3,1,Media,5.1473469528817155,0,2022-10-16 01:00:00,,,,,,,,,,,,64,2257.5018118912726,24.892578125,326.13671875,-1.0,La Niña,0,0,24.892578125,301.244140625
48581,48581,5,1,Baja,1.8992385784052572,0,2023-05-20 23:00:00,,,,,,,,,,,,4,2952.360766673166,16.763671875,195.072265625,0.5,El Niño,2,0,16.763671875,178.30859375
29711,29711,3,1,Baja,2.529394629317897,0,2021-08-13 06:00:00,,,,,,,,,,,,57,1301.7582488961827,22.09765625,158.49609375,-0.5,La Niña,0,0,22.09765625,136.3984375
41719,41719,3,1,Alta,29.330915449495446,3,2021-03-01 23:00:00,,,,,,,,,,,,65,1385.8269206112511,19.5576171875,172.4658203125,-0.8,La Niña,0,0,19.5576171875,152.908203125
34369,34369,2,1,Media,5.05748860561947,0,2024-05-29 20:00:00,,,,,,,,,,,,47,1492.9836063393607,26.162109375,246.888671875,0.4,Neutro,1,0,26.162109375,220.7265625
18876,18876,2,1,Muy alta,39.939735571809486,2,2022-08-03 01:00:00,,,,,,,,,,,,10,3489.3759846245334,25.654296875,154.43359375,-0.9,La Niña,0,0,25.654296875,128.779296875
35767,35767,2,2,Baja,1.000993370049666,0,2022-09-22 20:00:00,,,,,,,,,,,,32,285.35214781688336,13.4619140625,170.6875,-1.0,La Niña,0,0,13.4619140625,157.2255859375
14575,14575,2,3,Alta,18.083353659401475,1,2022-11-05 10:00:00,,,,,,,,,,,,51,3176.498930128259,14.4765625,277.11328125,-0.9,La Niña,0,0,14.4765625,262.63671875
43955,43955,5,3,Muy alta,39.19284628359264,1,2021-11-09 00:00:00,,,,,,,,,,,,457,2006.4981204489486,38.608154296875,287.781982421875,-1.0,La Niña,0,0,38.608154296875,249.173828125
1593,1593,2,3,Alta,22.65748005520285,1,2021-03-08 00:00:00,,,,,,,,,,,,30,5298.786443522061,17.78125,117.09375,-0.8,La Niña,0,0,17.78125,99.3125
380,380,2,2,Baja,1.5354694373171458,0,2022-05-19 20:00:00,,,,,,,,,,,,30,6877.609591545745,13.970703125,319.53125,-1.0,La Niña,0,0,13.970703125,305.560546875
40933,40933,3,2,Baja,0.4642907935612436,0,2022-08-15 03:00:00,,,,,,,,,,,,52,510.11033039803937,11.685546875,303.0234375,-0.9,La Niña,0,0,11.685546875,291.337890625
23928,23928,5,2,Baja,4.08416976132207,0,2024-06-20 08:00:00,,,,,,,,,,,,20,1459.6926027921882,46.990234375,374.650390625,0.2,Neutro,1,0,46.990234375,327.66015625
43804,43804,2,2,Media,11.655603075120052,1,2022-09-24 14:00:00,,,,,,,,,,,,389,3712.886993568811,11.17578125,256.5400390625,-1.0,La Niña,0,0,11.17578125,245.3642578125
54035,54035,1,2,Baja,0.9715686559795292,0,2022-06-26 21:00:00,,,,,,,,,,,,42,1895.5541900692313,29.716796875,316.23046875,-0.9,La Niña,0,0,29.716796875,286.513671875
7198,7198,2,1,Baja,2.1742468559861687,0,2022-09-12 05:00:00,,,,,,,,,,,,323,1700.6007486622354,11.9384765625,223.7744140625,-1.0,La Niña,0,0,11.9384765625,211.8359375
45653,45653,3,1,Alta,22.998787383430855,0,2022-09-09 05:00:00,,,,,,,,,,,,62,1526.190216693983,54.103515625,256.033203125,-1.0,La Niña,0,0,54.103515625,201.9296875
17307,17307,2,1,Alta,15.827932007001845,0,2024-06-02 23:00:00,,,,,,,,,,,,72,2466.4871040492208,13.4609375,259.333984375,0.2,Neutro,1,0,13.4609375,245.873046875
30858,30858,3,1,Baja,0.7745054642900369,0,2023-05-27 07:00:00,,,,,,,,,,,,433,1945.9331734397767,11.93798828125,223.26611328125,0.5,El Niño,2,0,11.93798828125,211.328125
25012,25012,3,1,Media,7.536571735849739,0,2022-09-01 02:00:00,,,,,,,,,,,,261,1215.5944790770163,11.9375,177.0380859375,-1.0,La Niña,0,0,11.9375,165.1005859375
133,133,2,2,Baja,0.3880131177998172,0,2023-05-21 09:00:00,,,,,,,,,,,,234,11593.140006886832,15.240234375,253.74609375,0.5,El Niño,2,0,15.240234375,238.505859375
6583,6583,2,1,Media,5.609848455380095,0,2024-05-29 19:00:00,,,,,,,,,,,,323,2636.990588151949,26.669921875,353.822265625,0.4,Neutro,1,0,26.669921875,327.15234375
41786,41786,3,3,Baja,1.4911534000865025,0,2022-03-21 23:00:00,,,,,,,,,,,,339,731.5651312815802,11.93798828125,170.43408203125,-1.0,La Niña,0,0,11.93798828125,158.49609375
54110,54110,1,1,Baja,3.5707317984981586,0,2022-10-27 21:00:00,,,,,,,,,,,,42,2156.218361944654,12.955078125,268.986328125,-1.0,La Niña,0,0,12.955078125,256.03125
423,423,2,1,Baja,1.9788100695371547,0,2023-05-20 20:00:00,,,,,,,,,,,,234,10729.561499440937,11.6845703125,246.6337890625,0.5,El Niño,2,0,11.6845703125,234.94921875
7166,7166,2,1,Baja,1.0257667642387804,0,2022-06-26 12:00:00,,,,,,,,,,,,278,719.6085369864799,23.1142578125,393.4462890625,-0.9,La Niña,0,0,23.1142578125,370.33203125
9334,9334,2,1,Baja,0.33023613170674193,0,2024-06-29 05:00:00,,,,,,,,,,,,30,3500.0830000171886,11.431640625,278.384765625,0.2,Neutro,1,0,11.431640625,266.953125
53206,53206,4,1,Baja,2.1220884061814553,0,2021-11-09 16:00:00,,,,,,,,,,,,25,1954.5923119331699,16.001953125,309.626953125,-1.0,La Niña,0,0,16.001953125,293.625
46979,46979,5,1,Baja,0.6937096009742073,0,2022-05-19 03:00:00,,,,,,,,,,,,320,1229.0575553706292,23.1142578125,411.22607421875,-1.0,La Niña,0,0,23.1142578125,388.11181640625
26058,26058,3,1,Baja,2.728963978046104,0,2022-06-23 12:00:00,,,,,,,,,,,,64,3489.7394469957176,16.001953125,351.02734375,-0.9,La Niña,0,0,16.001953125,335.025390625
55753,55753,4,1,Media,6.198870879386836,0,2023-05-21 23:00:00,,,,,,,,,,,,25,900.1366997196249,64.0078125,229.87109375,0.5,El Niño,2,0,64.0078125,165.86328125
42121,42121,3,1,Media,11.480595813855906,0,2022-04-21 04:00:00,,,,,,,,,,,,339,1608.1931494167204,24.63818359375,267.4619140625,-1.1,La Niña,0,0,24.63818359375,242.82373046875
2867,2867,2,2,Baja,0.6683792590377583,0,2022-11-16 07:00:00,,,,,,,,,,,,30,4293.491273428979,12.193359375,260.3515625,-0.9,La Niña,0,0,12.193359375,248.158203125
36542,36542,2,1,Baja,1.2062889869132836,0,2017-06-30 03:00:00,,,,,,,,,,,,32,2180.13753073374,11.4296875,135.6357421875,0.3,Neutro,1,0,11.4296875,124.2060546875
1923,1923,2,2,Media,5.359089053493687,0,2022-08-20 11:00:00,,,,,,,,,,,,30,5036.185756504504,14.986328125,305.5625,-0.9,La Niña,0,0,14.986328125,290.576171875
52384,52384,1,2,Baja,0.6131371776455516,0,2022-06-26 18:00:00,,,,,,,,,,,,248,2460.5981124225914,39.8779296875,275.08203125,-0.9,La Niña,0,0,39.8779296875,235.2041015625
354,354,2,1,Baja,3.0414506558442027,1,2022-06-15 06:00:00,,,,,,,,,,,,234,10925.563647011551,17.2724609375,294.38671875,-0.9,La Niña,0,0,17.2724609375,277.1142578125
16725,16725,2,1,Media,10.460804947660817,0,2022-11-18 02:00:00,,,,,,,,,,,,295,1193.5671556800228,25.39990234375,159.00390625,-0.9,La Niña,0,0,25.39990234375,133.60400390625
12631,12631,2,2,Baja,0.4294412401514877,0,2022-07-28 14:00:00,,,,,,,,,,,,324,3756.590047781854,41.40185546875,186.43603515625,-0.8,La Niña,0,0,41.40185546875,145.0341796875
21981,21981,2,2,Baja,3.877232260257047,0,2022-10-07 19:00:00,,,,,,,,,,,,154,1892.1437716225244,16.001953125,212.59814453125,-1.0,La Niña,0,0,16.001953125,196.59619140625
29587,29587,3,1,Baja,1.9647816547116073,0,2023-05-31 23:00:00,,,,,,,,,,,,57,2178.354979760468,15.494140625,183.134765625,0.5,El Niño,2,0,15.494140625,167.640625
33480,33480,2,2,Baja,3.2120070979885624,0,2023-11-02 01:00:00,,,,,,,,,,,,66,224.07916831492176,15.494140625,201.4228515625,1.9,El Niño,2,0,15.494140625,185.9287109375
59339,59339,4,2,Muy alta,71.1431412856613,4,2021-06-28 07:00:00,,,,,,,,,,,,43,540.5882985203335,22.607421875,246.634765625,-0.4,Neutro,1,0,22.607421875,224.02734375
16206,16206,2,1,Alta,16.480473486829617,1,2023-10-13 02:00:00,,,,,,,,,,,,295,1567.6076721488873,14.2236328125,121.4111328125,1.8,El Niño,2,0,14.2236328125,107.1875
6025,6025,2,1,Baja,0.46034600523311625,0,2021-06-25 14:00:00,,,,,,,,,,,,234,620.436076751634,36.82958984375,339.34375,-0.4,Neutro,1,0,36.82958984375,302.51416015625
34315,34315,2,1,Baja,3.808018458060389,0,2022-03-10 05:00:00,,,,,,,,,,,,66,1574.1261016918381,10.66796875,95.25,-1.0,La Niña,0,0,10.66796875,84.58203125
44733,44733,3,1,Alta,22.709015399128738,0,2022-08-15 20:00:00,,,,,,,,,,,,519,2298.332464500234,12.9541015625,316.9921875,-0.9,La Niña,0,0,12.9541015625,304.0380859375
33990,33990,2,1,Media,10.816892452833969,0,2023-05-20 13:00:00,,,,,,,,,,,,66,1022.684097963391,10.921875,159.00390625,0.5,El Niño,2,0,10.921875,148.08203125
27573,27573,3,1,Media,13.528932055388982,0,2022-11-01 13:00:00,,,,,,,,,,,,171,1860.9496978599238,14.9853515625,323.341796875,-0.9,La Niña,0,0,14.9853515625,308.3564453125
54160,54160,4,1,Media,10.31863654473124,0,2022-06-04 20:00:00,,,,,,,,,,,,3,1985.3775197207792,13.716796875,373.380859375,-0.9,La Niña,0,0,13.716796875,359.6640625
7534,7534,2,1,Media,12.082255200782377,0,2022-10-01 06:00:00,,,,,,,,,,,,66,2449.410668343854,12.7001953125,198.8818359375,-1.0,La Niña,0,0,12.7001953125,186.181640625
9529,9529,2,1,Baja,0.6016587052402914,0,2022-11-04 14:00:00,,,,,,,,,,,,278,1991.4825668784724,30.9873046875,201.9296875,-0.9,La Niña,0,0,30.9873046875,170.9423828125
6418,6418,2,1,Baja,1.7775622165288067,0,2021-06-24 08:00:00,,,,,,,,,,,,323,2735.073714150651,24.13037109375,295.65625,-0.4,Neutro,1,0,24.13037109375,271.52587890625
45883,45883,3,1,Media,6.085520406164411,0,2023-05-22 22:00:00,,,,,,,,,,,,193,531.5623699086836,25.654296875,195.833984375,0.5,El Niño,2,0,25.654296875,170.1796875
6551,6551,2,2,Baja,0.30993632413572625,0,2023-05-10 17:00:00,,,,,,,,,,,,278,4470.82769042733,11.6845703125,186.9443359375,0.5,El Niño,2,0,11.6845703125,175.259765625
55898,55898,1,2,Baja,3.3331785693866833,0,2021-12-11 20:00:00,,,,,,,,,,,,42,508.89075980546255,13.208984375,177.0390625,-1.0,La Niña,0,0,13.208984375,163.830078125
57977,57977,4,1,Alta,17.842899277192146,0,2022-10-08 01:00:00,,,,,,,,,,,,18,1338.9023427897407,43.1796875,317.24609375,-1.0,La Niña,0,0,43.1796875,274.06640625
7668,7668,2,1,Media,9.08720194449077,1,2022-11-04 22:00:00,,,,,,,,,,,,323,3488.862544968347,20.5732421875,226.0595703125,-0.9,La Niña,0,0,20.5732421875,205.486328125
4475,4475,2,1,Baja,0.3622890255661115,0,2023-11-20 00:00:00,,,,,,,,,,,,278,9250.858043978043,13.2080078125,279.908203125,1.9,El Niño,2,0,13.2080078125,266.7001953125
59784,59784,4,3,Alta,32.0090972990744,0,2023-05-31 19:00:00,,,,,,,,,,,,18,1132.9389183861945,14.22265625,170.43359375,0.5,El Niño,2,0,14.22265625,156.2109375
12150,12150,2,1,Baja,0.6623218130947502,0,2024-06-03 01:00:00,,,,,,,,,,,,324,2089.672597866151,22.1083984375,279.15625,0.2,Neutro,1,0,22.1083984375,257.0478515625
29667,29667,3,2,Baja,0.413135147850069,0,2024-06-03 05:00:00,,,,,,,,,,,,383,1273.1815451035745,15.4931640625,576.3251953125,0.2,Neutro,1,0,15.4931640625,560.83203125
35096,35096,2,1,Baja,2.0170846458543883,0,2022-04-06 23:00:00,,,,,,,,,,,,72,845.6899796946685,21.3359375,198.1201171875,-1.1,La Niña,0,0,21.3359375,176.7841796875
22800,22800,2,2,Baja,2.276154890423447,0,2022-03-07 02:00:00,,,,,,,,,,,,242,649.9582509245256,15.23974609375,162.3056640625,-1.0,La Niña,0,0,15.23974609375,147.06591796875
45918,45918,3,1,Media,12.93654482539683,0,2024-06-10 08:00:00,,,,,,,,,,,,519,2800.0888687150828,15.240234375,318.0078125,0.2,Neutro,1,0,15.240234375,302.767578125
59394,59394,5,3,Muy alta,39.37939536782224,0,2022-04-21 14:00:00,,,,,,,,,,,,1,2017.1271680367572,23.11328125,246.125,-1.1,La Niña,0,0,23.11328125,223.01171875
50801,50801,5,1,Muy alta,120.07258660077042,6,2024-05-10 06:00:00,,,,,,,,,,,,11,1182.2304543071587,18.03515625,228.345703125,0.4,Neutro,1,0,18.03515625,210.310546875
24339,24339,3,1,Alta,19.61940440953972,0,2022-09-24 06:00:00,,,,,,,,,,,,261,667.3384778131424,21.3359375,262.3818359375,-1.0,La Niña,0,0,21.3359375,241.0458984375
40133,40133,3,2,Baja,2.6337363421183864,0,2022-04-20 22:00:00,,,,,,,,,,,,451,75.86739326408964,14.47802734375,266.69970703125,-1.1,La Niña,0,0,14.47802734375,252.2216796875
26096,26096,3,3,Media,13.71245103306653,0,2022-10-12 19:00:00,,,,,,,,,,,,515,2736.3789976707435,12.19189453125,417.57568359375,-1.0,La Niña,0,0,12.19189453125,405.3837890625
487,487,2,1,Baja,1.7466583554210229,0,2021-03-12 05:00:00,,,,,,,,,,,,30,7781.210669650419,18.796875,188.72265625,-0.8,La Niña,0,0,18.796875,169.92578125
29735,29735,3,1,Baja,0.8313395685096203,0,2022-06-10 23:00:00,,,,,,,,,,,,383,1422.9691069670118,24.8916015625,313.68994140625,-0.9,La Niña,0,0,24.8916015625,288.79833984375
29818,29818,3,1,Baja,1.7153034161989773,0,2021-11-08 22:00:00,,,,,,,,,,,,57,515.4409937292472,76.962890625,342.646484375,-1.0,La Niña,0,0,76.962890625,265.68359375
44321,44321,3,1,Alta,28.612428407542335,1,2023-05-17 11:00:00,,,,,,,,,,,,2,1421.1818784771697,36.830078125,129.79296875,0.5,El Niño,2,0,36.830078125,92.962890625
46520,46520,5,1,Baja,0.9474088381975122,0,2022-08-15 08:00:00,,,,,,,,,,,,320,2103.635659946978,36.830078125,234.4423828125,-0.9,La Niña,0,0,36.830078125,197.6123046875
121,121,2,1,Media,5.097357115700944,1,2022-09-24 23:00:00,,,,,,,,,,,,30,8589.912925408416,28.447265625,340.61328125,-1.0,La Niña,0,0,28.447265625,312.166015625
27073,27073,3,2,Baja,2.957224294994399,0,2024-06-25 12:00:00,,,,,,,,,,,,515,2078.269420512068,11.6845703125,388.8740234375,0.2,Neutro,1,0,11.6845703125,377.189453125
7389,7389,2,1,Baja,2.89395028999489,0,2022-03-31 21:00:00,,,,,,,,,,,,323,2479.7699700666226,29.97216796875,158.75,-1.0,La Niña,0,0,29.97216796875,128.77783203125
42416,42416,3,3,Baja,2.2640222923446087,0,2022-11-29 12:00:00,,,,,,,,,,,,339,2492.0528793263006,10.4140625,275.58984375,-0.9,La Niña,0,0,10.4140625,265.17578125
56901,56901,1,2,Baja,1.612977906196637,0,2024-11-24 14:00:00,,,,,,,,,,,,46,1378.5518697918847,18.54296875,179.0703125,-0.4,Neutro,1,0,18.54296875,160.52734375
5194,5194,2,3,Baja,2.914935649575438,0,2022-11-09 03:00:00,,,,,,,,,,,,323,3591.525163194636,10.4140625,208.0263671875,-0.9,La Niña,0,0,10.4140625,197.6123046875
8437,8437,2,1,Baja,2.230990939339883,0,2022-09-01 01:00:00,,,,,,,,,,,,278,766.8864698833339,20.828125,229.8701171875,-1.0,La Niña,0,0,20.828125,209.0419921875
44446,44446,3,2,Media,5.023312593271459,0,2023-01-04 01:00:00,,,,,,,,,,,,395,960.0326821151374,14.732421875,108.96630859375,-0.7,La Niña,0,0,14.732421875,94.23388671875
14301,14301,2,1,Media,7.2444167043612095,0,2022-08-30 00:00:00,,,,,,,,,,,,295,3571.5781078082487,14.22412109375,244.34814453125,-0.9,La Niña,0,0,14.22412109375,230.1240234375
21326,21326,5,2,Baja,1.4534697542914135,0,2023-01-18 22:00:00,,,,,,,,,,,,10,1367.4824120365868,15.748046875,166.115234375,-0.7,La Niña,0,0,15.748046875,150.3671875
39637,39637,3,2,Baja,3.3545935668480484,0,2022-06-17 18:00:00,,,,,,,,,,,,334,1877.8312783793604,19.55810546875,246.1259765625,-0.9,La Niña,0,0,19.55810546875,226.56787109375
27101,27101,3,2,Baja,3.4202216279017152,0,2021-11-14 00:00:00,,,,,,,,,,,,515,2175.291569000281,22.097900390625,306.0699462890625,-1.0,La Niña,0,0,22.097900390625,283.9720458984375
6358,6358,2,2,Media,6.3059959696931065,0,2022-08-29 17:00:00,,,,,,,,,,,,66,3278.540113214414,13.970703125,160.5283203125,-0.9,La Niña,0,0,13.970703125,146.5576171875
41430,41430,3,1,Media,8.14646799846124,0,2022-11-27 14:00:00,,,,,,,,,,,,339,1216.7022760329749,18.0341796875,261.6201171875,-0.9,La Niña,0,0,18.0341796875,243.5859375
7467,7467,2,1,Baja,4.225597426455365,0,2024-06-16 14:00:00,,,,,,,,,,,,323,1610.261908740471,51.8154296875,331.9775390625,0.2,Neutro,1,0,51.8154296875,280.162109375
51998,51998,5,1,Muy alta,40.62356279878896,0,2022-09-22 15:00:00,,,,,,,,,,,,11,863.7611874293565,13.970703125,240.5390625,-1.0,La Niña,0,0,13.970703125,226.568359375
42241,42241,3,1,Baja,1.9450422781915073,0,2022-04-21 16:00:00,,,,,,,,,,,,339,1535.4386136742762,19.55810546875,260.35009765625,-1.1,La Niña,0,0,19.55810546875,240.7919921875
10904,10904,2,2,Baja,0.3531059921366792,0,2023-05-10 08:00:00,,,,,,,,,,,,278,2971.2463777652383,11.6845703125,194.818359375,0.5,El Niño,2,0,11.6845703125,183.1337890625
21692,21692,2,2,Baja,4.304837791228766,0,2022-10-01 01:00:00,,,,,,,,,,,,437,959.9451008868442,18.5419921875,207.51806640625,-1.0,La Niña,0,0,18.5419921875,188.97607421875
44133,44133,3,1,Alta,29.827655039747263,1,2022-06-21 11:00:00,,,,,,,,,,,,457,1310.2445495836162,18.2880859375,392.43017578125,-0.9,La Niña,0,0,18.2880859375,374.14208984375
5660,5660,2,1,Baja,0.4619891538839656,0,2021-11-05 08:00:00,,,,,,,,,,,,234,2760.4569399643547,10.9228515625,244.6025390625,-1.0,La Niña,0,0,10.9228515625,233.6796875
28957,28957,3,3,Baja,2.9221033827325646,0,2023-11-25 12:00:00,,,,,,,,,,,,58,527.4715489371088,17.2734375,269.240234375,1.9,El Niño,2,0,17.2734375,251.966796875
33455,33455,2,2,Media,5.219165622737916,0,2021-06-18 17:00:00,,,,,,,,,,,,127,610.9481132956925,12.4453125,248.666015625,-0.4,Neutro,1,0,12.4453125,236.220703125
11456,11456,2,1,Baja,1.669661970963056,0,2022-05-08 23:00:00,,,,,,,,,,,,323,2968.973935290263,22.60595703125,278.63818359375,-1.0,La Niña,0,0,22.60595703125,256.0322265625
7299,7299,2,3,Baja,1.8289805362893632,0,2024-06-16 01:00:00,,,,,,,,,,,,323,1902.9583792418089,26.669921875,304.80078125,0.2,Neutro,1,0,26.669921875,278.130859375
19861,19861,2,2,Media,5.584631996045402,0,2023-11-25 00:00:00,,,,,,,,,,,,539,739.9434350477248,17.27197265625,215.1376953125,1.9,El Niño,2,0,17.27197265625,197.86572265625
22000,22000,5,1,Muy alta,41.83994966345398,0,2024-06-27 04:00:00,,,,,,,,,,,,612,564.8029616616585,21.590087890625,336.2958984375,0.2,Neutro,1,0,21.590087890625,314.705810546875
3403,3403,2,1,Baja,0.8879147642902224,0,2022-10-19 10:00:00,,,,,,,,,,,,278,9349.186809433953,26.162109375,286.51171875,-1.0,La Niña,0,0,26.162109375,260.349609375
4129,4129,2,3,Baja,0.8561037913068129,0,2021-12-30 22:00:00,,,,,,,,,,,,234,3911.5926789195373,28.193359375,71.8818359375,-1.0,La Niña,0,0,28.193359375,43.6884765625
60022,60022,4,1,Alta,20.362488339763345,0,2020-09-07 11:00:00,,,,,,,,,,,,418,1179.9012707080415,10.9219970703125,184.91192626953125,-0.9,La Niña,0,0,10.9219970703125,173.98992919921875
214,214,2,1,Baja,1.4187695512511354,0,2021-11-15 20:00:00,,,,,,,,,,,,234,10718.851058338745,10.16015625,214.3759765625,-1.0,La Niña,0,0,10.16015625,204.2158203125
28674,28674,3,1,Baja,1.4631727494131699,0,2021-11-05 10:00:00,,,,,,,,,,,,57,2126.2573837727564,23.3671875,291.591796875,-1.0,La Niña,0,0,23.3671875,268.224609375
39260,39260,1,2,Baja,0.6332889792139175,0,2021-12-04 22:00:00,,,,,,,,,,,,334,2491.594352389291,11.93798828125,282.19384765625,-1.0,La Niña,0,0,11.93798828125,270.255859375
8508,8508,2,1,Alta,18.145688802599427,3,2024-04-05 15:00:00,,,,,,,,,,,,323,865.8183897995033,17.0185546875,65.0244140625,0.7,El Niño,2,0,17.0185546875,48.005859375
5084,5084,2,2,Baja,0.5772715556433611,0,2021-08-25 10:00:00,,,,,,,,,,,,30,1493.3953611930879,11.4296875,228.599609375,-0.5,La Niña,0,0,11.4296875,217.169921875
30972,30972,3,1,Baja,0.6760485827666308,0,2024-05-12 22:00:00,,,,,,,,,,,,433,2287.2979915639185,17.525390625,427.7353515625,0.4,Neutro,1,0,17.525390625,410.2099609375
25095,25095,3,2,Baja,3.32884836259248,0,2021-11-21 05:00:00,,,,,,,,,,,,339,3247.501216655281,30.22607421875,275.84423828125,-1.0,La Niña,0,0,30.22607421875,245.6181640625
42390,42390,3,1,Baja,3.6400035473272188,0,2022-03-12 11:00:00,,,,,,,,,,,,339,1767.6233494238452,13.46240234375,186.43603515625,-1.0,La Niña,0,0,13.46240234375,172.9736328125
38944,38944,1,2,Baja,1.9864886447267807,1,2022-10-19 18:00:00,,,,,,,,,,,,189,2471.4932395867895,28.70166015625,220.2177734375,-1.0,La Niña,0,0,28.70166015625,191.51611328125
2937,2937,2,2,Baja,0.6302813845716883,0,2021-06-21 06:00:00,,,,,,,,,,,,234,4433.264087808786,33.78173828125,308.35595703125,-0.4,Neutro,1,0,33.78173828125,274.57421875
9731,9731,2,3,Baja,0.38441592025371885,0,2023-05-20 10:00:00,,,,,,,,,,,,278,2232.1991977511093,10.921875,216.4072265625,0.5,El Niño,2,0,10.921875,205.4853515625
39900,39900,3,1,Media,5.519824990281798,0,2024-04-23 11:00:00,,,,,,,,,,,,334,2064.8461229845375,12.4453125,127.25390625,0.7,El Niño,2,0,12.4453125,114.80859375
29945,29945,3,1,Baja,2.021410169774582,0,2022-06-30 22:00:00,,,,,,,,,,,,57,1612.894252300269,15.748046875,264.16015625,-0.9,La Niña,0,0,15.748046875,248.412109375
30651,30651,3,3,Baja,1.2538791250874683,0,2022-05-20 18:00:00,,,,,,,,,,,,433,3272.3444090229764,11.43017578125,306.578125,-1.0,La Niña,0,0,11.43017578125,295.14794921875
16412,16412,2,1,Muy alta,50.21836464886063,0,2021-11-09 03:00:00,,,,,,,,,,,,51,1780.7981319994647,10.66796875,228.8544921875,-1.0,La Niña,0,0,10.66796875,218.1865234375
13097,13097,2,2,Baja,0.8550224949499466,0,2023-05-16 19:00:00,,,,,,,,,,,,51,6734.229329621951,25.146484375,121.921875,0.5,El Niño,2,0,25.146484375,96.775390625
56371,56371,4,1,Media,10.908722928634708,0,2023-05-18 00:00:00,,,,,,,,,,,,25,1341.1856692670121,17.271484375,179.83203125,0.5,El Niño,2,0,17.271484375,162.560546875
44529,44529,3,2,Media,4.945556533383773,0,2022-11-14 08:00:00,,,,,,,,,,,,19,858.8986814055522,14.986328125,339.8515625,-0.9,La Niña,0,0,14.986328125,324.865234375
7159,7159,2,1,Baja,1.4071295008656224,0,2022-11-29 15:00:00,,,,,,,,,,,,278,2960.623206486798,12.4453125,221.99609375,-0.9,La Niña,0,0,12.4453125,209.55078125
32032,32032,3,1,Baja,0.9843283787102884,0,2023-05-17 08:00:00,,,,,,,,,,,,433,1051.3964037903213,38.10009765625,155.19384765625,0.5,El Niño,2,0,38.10009765625,117.09375
18405,18405,2,1,Baja,2.0537945953257317,0,2021-11-03 22:00:00,,,,,,,,,,,,51,1831.7527953603524,12.19140625,233.42578125,-1.0,La Niña,0,0,12.19140625,221.234375
15447,15447,2,1,Alta,21.397565333255645,0,2024-05-30 00:00:00,,,,,,,,,,,,51,1606.6605255082136,20.3203125,477.775390625,0.4,Neutro,1,0,20.3203125,457.455078125
22813,22813,2,2,Baja,1.532522679735481,0,2022-09-22 03:00:00,,,,,,,,,,,,242,747.5808716813533,19.0498046875,188.2138671875,-1.0,La Niña,0,0,19.0498046875,169.1640625
16952,16952,2,2,Media,14.345012618129797,0,2021-06-25 10:00:00,,,,,,,,,,,,51,2265.1165827114714,17.017578125,332.994140625,-0.4,Neutro,1,0,17.017578125,315.9765625
990,990,2,1,Baja,1.4156227128792438,0,2023-01-18 04:00:00,,,,,,,,,,,,30,6340.776402370845,31.75,93.724609375,-0.7,La Niña,0,0,31.75,61.974609375
29430,29430,3,2,Baja,0.9536075905143886,0,2021-11-09 05:00:00,,,,,,,,,,,,58,1886.8652889144748,22.3515625,299.97265625,-1.0,La Niña,0,0,22.3515625,277.62109375
16539,16539,2,1,Media,11.973396536358875,0,2022-08-29 22:00:00,,,,,,,,,,,,72,1746.432774865907,16.509765625,202.69140625,-0.9,La Niña,0,0,16.509765625,186.181640625
37881,37881,2,1,Baja,2.4028298213177384,0,2022-11-15 07:00:00,,,,,,,,,,,,607,1345.313462783879,20.573974609375,402.843994140625,-0.9,La Niña,0,0,20.573974609375,382.27001953125
50544,50544,5,3,Media,10.41513990633544,0,2022-06-26 12:00:00,,,,,,,,,,,,11,2035.4036703008974,18.033203125,358.138671875,-0.9,La Niña,0,0,18.033203125,340.10546875
42330,42330,3,3,Baja,1.6217548552701868,0,2022-06-29 20:00:00,,,,,,,,,,,,339,2424.8963465633833,13.4619140625,296.92626953125,-0.9,La Niña,0,0,13.4619140625,283.46435546875
37897,37897,2,2,Baja,0.4870526400578248,0,2022-11-11 03:00:00,,,,,,,,,,,,607,2076.2139310310995,31.241943359375,367.5379638671875,-0.9,La Niña,0,0,31.241943359375,336.2960205078125
32452,32452,3,1,Baja,1.482639155924502,0,2023-10-16 17:00:00,,,,,,,,,,,,433,2605.3891164277,19.8125,244.0947265625,1.8,El Niño,2,0,19.8125,224.2822265625
25601,25601,3,1,Alta,17.480358257800656,0,2023-05-21 16:00:00,,,,,,,,,,,,261,2306.9925017417195,11.68359375,167.1318359375,0.5,El Niño,2,0,11.68359375,155.4482421875
14883,14883,2,1,Baja,2.7403195309923962,0,2022-03-07 03:00:00,,,,,,,,,,,,320,5449.813071990571,34.2900390625,285.2421875,-1.0,La Niña,0,0,34.2900390625,250.9521484375
51649,51649,1,1,Media,9.099642538864373,0,2023-11-02 18:00:00,,,,,,,,,,,,16,1792.6023838843398,18.2890625,196.08984375,1.9,El Niño,2,0,18.2890625,177.80078125
42539,42539,3,1,Baja,2.7011755940737774,0,2023-05-22 23:00:00,,,,,,,,,,,,339,2492.3377935156955,20.828125,159.00390625,0.5,El Niño,2,0,20.828125,138.17578125
9293,9293,2,1,Baja,0.6817488072019458,0,2022-11-07 07:00:00,,,,,,,,,,,,278,1320.2149462810712,23.3681640625,193.0400390625,-0.9,La Niña,0,0,23.3681640625,169.671875
20837,20837,2,1,Muy alta,51.15370080087934,0,2022-03-20 21:00:00,,,,,,,,,,,,437,429.8322364261635,12.446044921875,214.1220703125,-1.0,La Niña,0,0,12.446044921875,201.676025390625
50091,50091,5,1,Alta,20.92270702629792,0,2022-11-07 19:00:00,,,,,,,,,,,,612,3806.982716807516,24.63800048828125,326.3900146484375,-0.9,La Niña,0,0,24.63800048828125,301.75201416015625
53651,53651,5,2,Media,6.19448655622234,0,2021-06-13 02:00:00,,,,,,,,,,,,17,1766.6321823632563,12.4453125,189.482421875,-0.4,Neutro,1,0,12.4453125,177.037109375
36433,36433,2,1,Baja,3.094254588247305,0,2021-05-17 16:00:00,,,,,,,,,,,,389,1342.3841151497002,22.60595703125,286.00390625,-0.5,La Niña,0,0,22.60595703125,263.39794921875
1053,1053,2,3,Baja,2.9520289082984053,0,2024-06-14 19:00:00,,,,,,,,,,,,234,7305.027873069149,19.3037109375,249.681640625,0.2,Neutro,1,0,19.3037109375,230.3779296875
54309,54309,1,2,Baja,1.187370693454099,0,2022-10-27 23:00:00,,,,,,,,,,,,42,1947.741006695307,20.064453125,279.14453125,-1.0,La Niña,0,0,20.064453125,259.080078125
30466,30466,3,1,Media,6.46386130754551,0,2022-06-04 22:00:00,,,,,,,,,,,,433,5051.521078039206,12.19189453125,337.56591796875,-0.9,La Niña,0,0,12.19189453125,325.3740234375
33882,33882,2,1,Media,13.310080302897914,0,2022-10-08 14:00:00,,,,,,,,,,,,127,1737.1781112238632,24.8916015625,363.4736328125,-1.0,La Niña,0,0,24.8916015625,338.58203125
51930,51930,5,1,Alta,37.91494362353576,0,2021-11-09 08:00:00,,,,,,,,,,,,27,1016.4332893606565,14.732421875,159.00390625,-1.0,La Niña,0,0,14.732421875,144.271484375
56212,56212,4,3,Media,6.0172581470184605,0,2023-05-12 14:00:00,,,,,,,,,,,,3,823.6429051135369,14.732421875,192.78515625,0.5,El Niño,2,0,14.732421875,178.052734375
35226,35226,2,2,Baja,1.1121967453380204,0,2023-05-21 22:00:00,,,,,,,,,,,,72,1082.9891018306569,15.494140625,142.2392578125,0.5,El Niño,2,0,15.494140625,126.7451171875
19670,19670,2,2,Baja,1.3379982469785967,0,2021-05-25 10:00:00,,,,,,,,,,,,21,2927.8859810582617,29.2109375,261.62109375,-0.5,La Niña,0,0,29.2109375,232.41015625
3067,3067,2,1,Baja,1.0393232977063422,0,2024-05-10 08:00:00,,,,,,,,,,,,278,8837.307923912711,16.509765625,246.1259765625,0.4,Neutro,1,0,16.509765625,229.6162109375
35353,35353,2,1,Baja,1.168510157337224,0,2023-01-10 22:00:00,,,,,,,,,,,,373,1270.0379706702165,10.4140625,51.30810546875,-0.7,La Niña,0,0,10.4140625,40.89404296875
53221,53221,4,1,Alta,16.46148034717756,0,2024-06-14 05:00:00,,,,,,,,,,,,3,2686.359241440648,15.240234375,317.24609375,0.2,Neutro,1,0,15.240234375,302.005859375
48484,48484,5,2,Media,7.078250390912417,0,2021-11-24 22:00:00,,,,,,,,,,,,10,1436.3944619469003,21.3359375,212.59765625,-1.0,La Niña,0,0,21.3359375,191.26171875
12495,12495,2,1,Baja,2.304483015673972,0,2022-09-09 14:00:00,,,,,,,,,,,,324,1748.4908749720832,13.2080078125,187.7060546875,-1.0,La Niña,0,0,13.2080078125,174.498046875
21322,21322,5,2,Baja,1.8559496730040028,0,2022-08-29 21:00:00,,,,,,,,,,,,21,1336.3558084165131,11.68359375,234.1875,-0.9,La Niña,0,0,11.68359375,222.50390625
7161,7161,2,2,Media,5.788318576593026,0,2023-05-17 04:00:00,,,,,,,,,,,,66,2578.277836244136,53.33984375,157.98828125,0.5,El Niño,2,0,53.33984375,104.6484375
12591,12591,2,1,Baja,0.9283679747415894,0,2022-10-05 10:00:00,,,,,,,,,,,,324,3028.4384369045447,14.986328125,224.7900390625,-1.0,La Niña,0,0,14.986328125,209.8037109375
37364,37364,2,1,Media,9.090312570527226,0,2024-05-10 11:00:00,,,,,,,,,,,,70,1606.0993625941433,17.5263671875,216.408203125,0.4,Neutro,1,0,17.5263671875,198.8818359375
18476,18476,2,2,Baja,4.750786901457724,0,2022-09-09 18:00:00,,,,,,,,,,,,74,945.1604262403595,11.9384765625,192.5322265625,-1.0,La Niña,0,0,11.9384765625,180.59375
55406,55406,5,1,Muy alta,100.30769594656664,1,2023-11-16 06:00:00,,,,,,,,,,,,29,669.8013660396704,13.462890625,156.71875,1.9,El Niño,2,0,13.462890625,143.255859375
36111,36111,2,3,Baja,0.48017786087841646,0,2024-06-17 01:00:00,,,,,,,,,,,,32,1273.9278909048153,22.60546875,206.755859375,0.2,Neutro,1,0,22.60546875,184.150390625
17534,17534,2,3,Baja,2.0882956504869203,0,2024-05-10 03:00:00,,,,,,,,,,,,10,4597.880926376134,33.52734375,276.09765625,0.4,Neutro,1,0,33.52734375,242.5703125
20903,20903,2,1,Alta,15.002617655528843,0,2024-06-25 23:00:00,,,,,,,,,,,,437,1075.4086222553485,82.2958984375,449.326171875,0.2,Neutro,1,0,82.2958984375,367.0302734375
20475,20475,2,1,Muy alta,89.64975342683272,2,2022-06-19 12:00:00,,,,,,,,,,,,154,1332.6910659631706,10.16015625,255.5244140625,-0.9,La Niña,0,0,10.16015625,245.3642578125
24365,24365,3,1,Muy alta,79.21240371466463,0,2021-03-12 20:00:00,,,,,,,,,,,,61,357.72281505873815,18.54296875,160.783203125,-0.8,La Niña,0,0,18.54296875,142.240234375
50160,50160,5,1,Alta,17.708489682146553,1,2024-06-04 18:00:00,,,,,,,,,,,,612,3395.3457264672484,11.17578125,316.22998046875,0.2,Neutro,1,0,11.17578125,305.05419921875
46658,46658,5,1,Baja,4.593804136763378,0,2021-05-29 10:00:00,,,,,,,,,,,,4,3441.3159052491324,16.509765625,281.4326171875,-0.5,La Niña,0,0,16.509765625,264.9228515625
2187,2187,2,1,Baja,1.0799263459940835,0,2022-03-01 05:00:00,,,,,,,,,,,,30,4986.875993902796,20.828125,124.458984375,-1.0,La Niña,0,0,20.828125,103.630859375
7788,7788,2,1,Baja,2.8792608862923412,0,2022-11-15 14:00:00,,,,,,,,,,,,323,1234.0113909832248,10.4140625,280.416015625,-0.9,La Niña,0,0,10.4140625,270.001953125
56772,56772,1,2,Baja,0.9482986029728284,0,2022-09-25 10:00:00,,,,,,,,,,,,42,1608.3406257645045,14.224609375,215.646484375,-1.0,La Niña,0,0,14.224609375,201.421875
1796,1796,2,2,Baja,0.4144255887185254,0,2022-09-25 16:00:00,,,,,,,,,,,,234,7755.84375650694,11.6845703125,309.6259765625,-1.0,La Niña,0,0,11.6845703125,297.94140625
10540,10540,2,1,Baja,0.8040511124625851,0,2023-05-16 23:00:00,,,,,,,,,,,,323,4166.892239067291,22.3525390625,203.962890625,0.5,El Niño,2,0,22.3525390625,181.6103515625
9383,9383,2,1,Media,5.703018166341408,0,2021-09-06 07:00:00,,,,,,,,,,,,278,4778.762504154736,23.36767578125,415.03564453125,-0.7,La Niña,0,0,23.36767578125,391.66796875
19725,19725,2,2,Media,5.5952855052196755,0,2024-06-03 02:00:00,,,,,,,,,,,,392,139.06500788315637,77.4697265625,400.55810546875,0.2,Neutro,1,0,77.4697265625,323.08837890625
16075,16075,2,2,Baja,1.054405165613174,0,2024-06-05 02:00:00,,,,,,,,,,,,51,3914.5990930175813,16.763671875,345.693359375,0.2,Neutro,1,0,16.763671875,328.9296875
16454,16454,2,2,Baja,2.9872094820126245,0,2024-05-08 03:00:00,,,,,,,,,,,,51,789.8734949900476,19.810546875,368.552734375,0.4,Neutro,1,0,19.810546875,348.7421875
44796,44796,3,2,Baja,3.838810721911306,0,2021-09-20 14:00:00,,,,,,,,,,,,288,933.2893615336842,17.01806640625,202.9462890625,-0.7,La Niña,0,0,17.01806640625,185.92822265625
2489,2489,2,1,Baja,1.3946371583123263,0,2022-06-15 02:00:00,,,,,,,,,,,,234,9517.842750612417,18.2880859375,293.6240234375,-0.9,La Niña,0,0,18.2880859375,275.3359375
36398,36398,2,2,Baja,0.4293678208673061,0,2024-07-27 14:00:00,,,,,,,,,,,,389,2268.3297404111504,20.5732421875,87.12109375,0.0,Neutro,1,0,20.5732421875,66.5478515625
11531,11531,2,1,Baja,0.9564092351151424,0,2022-09-09 05:00:00,,,,,,,,,,,,323,2698.428351580649,30.734375,217.4248046875,-1.0,La Niña,0,0,30.734375,186.6904296875
45532,45532,3,2,Media,6.036319951570742,0,2023-03-06 09:00:00,,,,,,,,,,,,420,402.60539045038007,13.46240234375,95.50439453125,-0.1,Neutro,1,0,13.46240234375,82.0419921875
32251,32251,3,3,Baja,1.8291236086816138,0,2023-05-22 18:00:00,,,,,,,,,,,,433,1795.720142903299,10.16015625,152.908203125,0.5,El Niño,2,0,10.16015625,142.748046875
58359,58359,4,1,Alta,20.945086755038524,0,2024-05-31 11:00:00,,,,,,,,,,,,18,654.2495062976305,46.736328125,345.439453125,0.4,Neutro,1,0,46.736328125,298.703125
7619,7619,2,1,Baja,1.6282884992930748,0,2022-03-31 16:00:00,,,,,,,,,,,,323,1391.3023801685035,25.14599609375,157.47998046875,-1.0,La Niña,0,0,25.14599609375,132.333984375
48247,48247,5,1,Baja,0.6725911294361223,0,2023-05-27 21:00:00,,,,,,,,,,,,4,2461.5933341855434,27.177734375,215.390625,0.5,El Niño,2,0,27.177734375,188.212890625
54439,54439,1,1,Baja,4.70540861692814,0,2023-05-22 09:00:00,,,,,,,,,,,,44,1937.7036803447909,17.779296875,93.470703125,0.5,El Niño,2,0,17.779296875,75.69140625
11879,11879,2,1,Baja,0.9334484443354719,0,2023-05-27 20:00:00,,,,,,,,,,,,323,3293.0985970178535,41.1484375,247.650390625,0.5,El Niño,2,0,41.1484375,206.501953125
54313,54313,1,1,Muy alta,79.85648778250264,4,2024-05-31 09:00:00,,,,,,,,,,,,499,1025.891256555724,53.0859375,497.84033203125,0.4,Neutro,1,0,53.0859375,444.75439453125
33291,33291,2,1,Alta,18.94563713242876,0,2024-11-27 18:00:00,,,,,,,,,,,,127,874.6971009218432,13.462890625,156.2109375,-0.4,Neutro,1,0,13.462890625,142.748046875
60479,60479,3,1,Media,14.766684294183646,0,2022-08-26 14:00:00,,,,,,,,,,,,418,1258.4404352790536,39.1162109375,293.6240234375,-0.9,La Niña,0,0,39.1162109375,254.5078125
24335,24335,3,1,Media,5.653293290673605,0,2021-06-28 03:00:00,,,,,,,,,,,,193,1540.7378937193253,35.0517578125,276.09765625,-0.4,Neutro,1,0,35.0517578125,241.0458984375
57263,57263,1,2,Baja,1.296638140520477,0,2024-05-28 05:00:00,,,,,,,,,,,,184,656.5213883876773,12.953125,259.080078125,0.4,Neutro,1,0,12.953125,246.126953125
4847,4847,2,1,Baja,1.0207461060738912,0,2021-06-14 21:00:00,,,,,,,,,,,,234,4422.463253978295,11.68408203125,294.89404296875,-0.4,Neutro,1,0,11.68408203125,283.2099609375
20358,20358,2,1,Baja,4.1076299701314,0,2022-09-04 12:00:00,,,,,,,,,,,,21,2012.9756563682274,17.017578125,222.50390625,-1.0,La Niña,0,0,17.017578125,205.486328125
38902,38902,1,2,Baja,0.9128772049643926,0,2024-05-20 17:00:00,,,,,,,,,,,,26,2566.7813956929203,10.4140625,309.1171875,0.4,Neutro,1,0,10.4140625,298.703125
12745,12745,2,1,Media,5.322432506417514,1,2022-06-15 16:00:00,,,,,,,,,,,,324,1876.6397796492588,15.240234375,188.97607421875,-0.9,La Niña,0,0,15.240234375,173.73583984375
32588,32588,3,3,Baja,0.8226047586483178,0,2021-11-24 11:00:00,,,,,,,,,,,,433,2835.3055419516036,11.429931640625,345.947998046875,-1.0,La Niña,0,0,11.429931640625,334.51806640625
52849,52849,5,1,Media,11.872748064068775,0,2022-10-07 10:00:00,,,,,,,,,,,,11,1468.1028404917788,18.287109375,188.720703125,-1.0,La Niña,0,0,18.287109375,170.43359375
21884,21884,2,1,Media,5.300915722464678,0,2022-05-16 15:00:00,,,,,,,,,,,,48,512.4542457775983,11.939453125,246.126953125,-1.0,La Niña,0,0,11.939453125,234.1875
22098,22098,5,3,Alta,23.757854223691584,0,2024-05-27 22:00:00,,,,,,,,,,,,612,588.9690951485093,13.969970703125,336.0419921875,0.4,Neutro,1,0,13.969970703125,322.072021484375
8481,8481,2,1,Media,6.437076911817555,1,2022-11-30 16:00:00,,,,,,,,,,,,278,3683.584781962251,28.7021484375,250.6982421875,-0.9,La Niña,0,0,28.7021484375,221.99609375
55376,55376,5,2,Media,5.97971011966633,0,2023-05-17 09:00:00,,,,,,,,,,,,17,1212.9435218201286,41.65625,131.064453125,0.5,El Niño,2,0,41.65625,89.408203125
45290,45290,3,1,Media,9.59697486879911,0,2024-05-31 04:00:00,,,,,,,,,,,,519,1663.0673141525056,13.970703125,406.146484375,0.4,Neutro,1,0,13.970703125,392.17578125
16068,16068,2,1,Alta,17.48191590221611,1,2021-11-09 01:00:00,,,,,,,,,,,,295,1605.1063777163738,11.68408203125,215.1376953125,-1.0,La Niña,0,0,11.68408203125,203.45361328125
28908,28908,3,2,Baja,1.7705973923586962,0,2021-05-10 01:00:00,,,,,,,,,,,,58,633.1649635317611,12.4453125,223.7734375,-0.5,La Niña,0,0,12.4453125,211.328125
33615,33615,2,1,Media,6.364557745796011,1,2022-09-09 17:00:00,,,,,,,,,,,,66,245.80427137625398,30.2265625,175.5146484375,-1.0,La Niña,0,0,30.2265625,145.2880859375
46182,46182,3,3,Media,5.041896429878355,0,2023-05-21 19:00:00,,,,,,,,,,,,540,1291.7631836626701,36.322265625,166.8779296875,0.5,El Niño,2,0,36.322265625,130.5556640625
30137,30137,3,1,Baja,3.119046109531703,0,2022-09-02 14:00:00,,,,,,,,,,,,383,1716.853646658951,16.509765625,252.2216796875,-1.0,La Niña,0,0,16.509765625,235.7119140625
48277,48277,5,1,Baja,0.6146634484361533,0,2022-06-16 15:00:00,,,,,,,,,,,,4,3059.363613143014,10.4140625,318.0078125,-0.9,La Niña,0,0,10.4140625,307.59375
38675,38675,1,2,Baja,0.3550251415094311,0,2022-04-01 13:00:00,,,,,,,,,,,,15,761.404656548829,14.73046875,210.564453125,-1.1,La Niña,0,0,14.73046875,195.833984375
8624,8624,2,1,Baja,1.5633416457101441,0,2023-01-10 06:00:00,,,,,,,,,,,,278,1188.3850017683,11.1767578125,67.310546875,-0.7,La Niña,0,0,11.1767578125,56.1337890625
19797,19797,2,1,Media,14.08298646123831,0,2022-04-06 22:00:00,,,,,,,,,,,,543,201.9139841381641,32.258056640625,259.0799560546875,-1.1,La Niña,0,0,32.258056640625,226.8218994140625
18899,18899,2,2,Media,9.20150414889784,0,2023-05-16 21:00:00,,,,,,,,,,,,10,2776.787387639329,13.716796875,101.091796875,0.5,El Niño,2,0,13.716796875,87.375
36985,36985,2,2,Baja,3.2807231273567883,0,2024-05-29 12:00:00,,,,,,,,,,,,607,2062.394987491129,17.5263671875,273.55810546875,0.4,Neutro,1,0,17.5263671875,256.03173828125
1876,1876,2,1,Baja,2.4292892725482513,0,2022-10-17 23:00:00,,,,,,,,,,,,234,8626.006807486536,11.4296875,272.5419921875,-1.0,La Niña,0,0,11.4296875,261.1123046875
16796,16796,2,1,Media,4.921064526476201,0,2024-06-16 08:00:00,,,,,,,,,,,,295,1099.7591250880998,31.49609375,310.1337890625,0.2,Neutro,1,0,31.49609375,278.6376953125
10653,10653,2,1,Baja,0.5907375505458765,0,2024-05-28 06:00:00,,,,,,,,,,,,278,2682.682468196649,32.5126953125,218.1865234375,0.4,Neutro,1,0,32.5126953125,185.673828125
35243,35243,2,2,Baja,1.1707549442759597,0,2022-05-24 14:00:00,,,,,,,,,,,,72,885.8318808861961,13.9697265625,232.91796875,-1.0,La Niña,0,0,13.9697265625,218.9482421875
54520,54520,5,1,Muy alta,45.92122072578317,0,2022-06-29 07:00:00,,,,,,,,,,,,17,756.9315686758051,19.05078125,318.76953125,-0.9,La Niña,0,0,19.05078125,299.71875
16163,16163,2,1,Alta,28.71859069467412,0,2021-09-06 06:00:00,,,,,,,,,,,,51,2361.0853414257817,15.240234375,335.0263671875,-0.7,La Niña,0,0,15.240234375,319.7861328125
5254,5254,2,3,Baja,1.3974235850852597,0,2022-06-16 04:00:00,,,,,,,,,,,,323,3596.4759458985923,11.93798828125,434.0859375,-0.9,La Niña,0,0,11.93798828125,422.14794921875
57537,57537,1,2,Baja,1.1152736063448943,0,2024-05-29 21:00:00,,,,,,,,,,,,26,1830.7993969741276,13.71484375,312.673828125,0.4,Neutro,1,0,13.71484375,298.958984375
41417,41417,3,2,Baja,1.0709217781127836,0,2021-11-26 02:00:00,,,,,,,,,,,,339,422.63587078720406,17.27197265625,272.2880859375,-1.0,La Niña,0,0,17.27197265625,255.01611328125
18223,18223,2,2,Baja,1.144940625394441,0,2022-06-18 03:00:00,,,,,,,,,,,,295,1235.2120397155286,12.19189453125,267.4619140625,-0.9,La Niña,0,0,12.19189453125,255.27001953125
13171,13171,2,3,Media,7.963393998980803,1,2022-04-06 21:00:00,,,,,,,,,,,,51,5884.922200273766,20.57421875,256.03125,-1.1,La Niña,0,0,20.57421875,235.45703125
8591,8591,2,1,Media,5.789332142575572,0,2022-09-30 20:00:00,,,,,,,,,,,,278,3691.8864970767995,21.3359375,314.9599609375,-1.0,La Niña,0,0,21.3359375,293.6240234375
1259,1259,2,2,Baja,0.7189220379983269,0,2022-05-31 04:00:00,,,,,,,,,,,,234,9896.684371394675,17.0185546875,239.0146484375,-1.0,La Niña,0,0,17.0185546875,221.99609375
20165,20165,2,3,Media,6.244222098400671,0,2023-05-17 23:00:00,,,,,,,,,,,,70,355.3658670913346,13.9697265625,129.2861328125,0.5,El Niño,2,0,13.9697265625,115.31640625
16904,16904,2,3,Media,8.46023117872968,0,2022-06-26 16:00:00,,,,,,,,,,,,72,2687.916261797546,36.068359375,288.5439453125,-0.9,La Niña,0,0,36.068359375,252.4755859375
26415,26415,3,1,Baja,2.6831555535306446,0,2022-10-27 06:00:00,,,,,,,,,,,,432,2777.5866873819145,18.7958984375,363.2197265625,-1.0,La Niña,0,0,18.7958984375,344.423828125
514,514,2,1,Baja,2.3639425065052624,0,2024-05-29 04:00:00,,,,,,,,,,,,30,6960.733363333657,50.798828125,244.09375,0.4,Neutro,1,0,50.798828125,193.294921875
57786,57786,5,1,Media,14.201883391410043,0,2023-12-08 09:00:00,,,,,,,,,,,,1,421.2129795034879,17.271484375,114.5546875,2.0,El Niño,2,0,17.271484375,97.283203125
18340,18340,2,1,Media,6.049692163239814,0,2022-06-19 03:00:00,,,,,,,,,,,,543,1911.6313784683568,10.4140625,273.050048828125,-0.9,La Niña,0,0,10.4140625,262.635986328125
11176,11176,2,1,Baja,0.3858416093442155,0,2022-09-25 02:00:00,,,,,,,,,,,,323,2928.3366617544457,15.240234375,313.689453125,-1.0,La Niña,0,0,15.240234375,298.44921875
39122,39122,3,2,Baja,4.331183806619429,0,2021-09-08 17:00:00,,,,,,,,,,,,19,83.73046012869278,13.20703125,241.806640625,-0.7,La Niña,0,0,13.20703125,228.599609375
42210,42210,3,3,Baja,3.7642851603100183,0,2022-06-23 05:00:00,,,,,,,,,,,,64,1849.6829446840595,16.001953125,351.02734375,-0.9,La Niña,0,0,16.001953125,335.025390625
11469,11469,2,1,Baja,0.9412152366445795,0,2022-06-15 01:00:00,,,,,,,,,,,,323,2586.2658090042532,78.486328125,423.1640625,-0.9,La Niña,0,0,78.486328125,344.677734375
30055,30055,3,3,Baja,1.2996082093858934,0,2024-05-28 07:00:00,,,,,,,,,,,,57,1318.546464943282,24.384765625,390.3984375,0.4,Neutro,1,0,24.384765625,366.013671875
16697,16697,2,2,Baja,1.4361285752473771,0,2024-04-19 11:00:00,,,,,,,,,,,,295,843.5104726153878,35.560546875,68.072265625,0.7,El Niño,2,0,35.560546875,32.51171875
780,780,2,1,Baja,1.6765206144515263,0,2021-12-31 12:00:00,,,,,,,,,,,,234,10586.314814698642,28.4482421875,65.7861328125,-1.0,La Niña,0,0,28.4482421875,37.337890625
15872,15872,2,2,Baja,1.7227253394512243,0,2023-11-25 14:00:00,,,,,,,,,,,,51,5174.943896177463,12.701171875,153.416015625,1.9,El Niño,2,0,12.701171875,140.71484375
30792,30792,3,1,Baja,0.9228240303142532,0,2022-04-02 21:00:00,,,,,,,,,,,,433,1409.376767370208,33.27392578125,413.00390625,-1.1,La Niña,0,0,33.27392578125,379.72998046875
26868,26868,3,1,Baja,1.8511625720049028,0,2023-05-12 17:00:00,,,,,,,,,,,,432,958.0899525476154,28.9560546875,216.916015625,0.5,El Niño,2,0,28.9560546875,187.9599609375
38180,38180,1,2,Baja,1.1976175777692837,0,2022-09-19 17:00:00,,,,,,,,,,,,56,520.1783896261176,15.494140625,193.0400390625,-1.0,La Niña,0,0,15.494140625,177.5458984375
4471,4471,2,1,Baja,4.112870988420018,0,2022-06-16 01:00:00,,,,,,,,,,,,323,4895.912782122787,11.93798828125,432.30810546875,-0.9,La Niña,0,0,11.93798828125,420.3701171875
34039,34039,2,2,Baja,1.455852878662583,0,2022-06-04 16:00:00,,,,,,,,,,,,127,2006.4685667395477,13.7158203125,268.2236328125,-0.9,La Niña,0,0,13.7158203125,254.5078125
56517,56517,5,1,Media,12.486648642402235,0,2022-08-13 10:00:00,,,,,,,,,,,,1,679.9001414235737,13.20703125,248.919921875,-0.9,La Niña,0,0,13.20703125,235.712890625
32665,32665,3,1,Baja,0.6057763523106541,0,2021-05-28 06:00:00,,,,,,,,,,,,433,3114.4491478067807,14.73193359375,227.075927734375,-0.5,La Niña,0,0,14.73193359375,212.343994140625
49847,49847,5,1,Muy alta,52.235820912693434,1,2024-06-27 15:00:00,,,,,,,,,,,,612,3677.9332731920676,18.7958984375,336.2958984375,0.2,Neutro,1,0,18.7958984375,317.5
2432,2432,2,1,Baja,1.246269020375737,0,2024-05-28 09:00:00,,,,,,,,,,,,30,4311.653640158406,30.98828125,200.66015625,0.4,Neutro,1,0,30.98828125,169.671875
40609,40609,3,2,Baja,0.8766887246972006,0,2024-05-31 11:00:00,,,,,,,,,,,,50,580.056020740269,24.892578125,374.142578125,0.4,Neutro,1,0,24.892578125,349.25
21720,21720,2,2,Baja,4.302246700428277,0,2024-05-31 19:00:00,,,,,,,,,,,,437,1538.6814513839374,13.7158203125,431.2919921875,0.4,Neutro,1,0,13.7158203125,417.576171875
8011,8011,2,3,Baja,0.43079668085287065,0,2024-05-08 14:00:00,,,,,,,,,,,,30,1623.9400827261322,18.033203125,221.48828125,0.4,Neutro,1,0,18.033203125,203.455078125
55996,55996,5,2,Baja,2.785392162341934,0,2022-08-29 05:00:00,,,,,,,,,,,,1,1261.9946031079767,10.4140625,227.583984375,-0.9,La Niña,0,0,10.4140625,217.169921875
22052,22052,2,3,Baja,1.7803470529178602,0,2022-03-17 01:00:00,,,,,,,,,,,,70,2206.732031245187,24.8916015625,166.8779296875,-1.0,La Niña,0,0,24.8916015625,141.986328125
36979,36979,2,1,Media,6.20024830884766,0,2024-06-16 17:00:00,,,,,,,,,,,,607,2680.7143258243086,42.1640625,214.1220703125,0.2,Neutro,1,0,42.1640625,171.9580078125
26516,26516,3,1,Baja,2.237991884923993,0,2023-11-06 00:00:00,,,,,,,,,,,,432,3111.798770549255,15.240234375,312.673828125,1.9,El Niño,2,0,15.240234375,297.43359375
40412,40412,3,2,Baja,0.4900333352620383,0,2022-04-06 07:00:00,,,,,,,,,,,,334,1530.269365365295,11.4296875,256.7939453125,-1.1,La Niña,0,0,11.4296875,245.3642578125
9089,9089,2,1,Media,6.604605380587104,0,2022-06-15 10:00:00,,,,,,,,,,,,323,2172.522134486946,72.64404296875,423.41796875,-0.9,La Niña,0,0,72.64404296875,350.77392578125
29864,29864,3,1,Baja,1.9418922940821846,0,2022-04-06 23:00:00,,,,,,,,,,,,383,1333.8897077855183,49.78369140625,441.4521484375,-1.1,La Niña,0,0,49.78369140625,391.66845703125
11356,11356,2,1,Baja,0.8009915771604162,0,2021-08-30 23:00:00,,,,,,,,,,,,323,2302.6229062405405,27.68603515625,230.37841796875,-0.5,La Niña,0,0,27.68603515625,202.6923828125
58948,58948,4,1,Media,14.86892633899385,0,2022-05-20 09:00:00,,,,,,,,,,,,43,503.78257789978306,19.302734375,358.138671875,-1.0,La Niña,0,0,19.302734375,338.8359375
46639,46639,5,1,Baja,4.710755314107573,0,2023-05-21 23:00:00,,,,,,,,,,,,320,2797.8651705304355,18.2880859375,155.1943359375,0.5,El Niño,2,0,18.2880859375,136.90625
249,249,2,1,Baja,3.503821289552249,0,2022-10-08 01:00:00,,,,,,,,,,,,30,7347.342159398786,15.748046875,291.845703125,-1.0,La Niña,0,0,15.748046875,276.09765625
43454,43454,2,2,Baja,1.8626043701472856,0,2022-06-16 21:00:00,,,,,,,,,,,,324,3243.8127766085227,13.2080078125,188.97607421875,-0.9,La Niña,0,0,13.2080078125,175.76806640625
23415,23415,5,3,Alta,31.785848003740867,0,2022-08-03 08:00:00,,,,,,,,,,,,21,1304.420838371213,19.556640625,190.5,-0.9,La Niña,0,0,19.556640625,170.943359375
13312,13312,2,3,Baja,3.1531082588513613,0,2021-06-25 23:00:00,,,,,,,,,,,,51,5017.727939383114,43.6884765625,364.236328125,-0.4,Neutro,1,0,43.6884765625,320.5478515625
7702,7702,2,1,Media,8.836587497587125,0,2022-09-25 10:00:00,,,,,,,,,,,,66,3387.393437053453,12.4453125,212.34375,-1.0,La Niña,0,0,12.4453125,199.8984375
45307,45307,3,2,Alta,17.70497991923929,0,2024-06-25 05:00:00,,,,,,,,,,,,62,1034.5839527901214,18.796875,355.85546875,0.2,Neutro,1,0,18.796875,337.05859375
35268,35268,2,2,Baja,1.0691879140525729,0,2022-08-15 11:00:00,,,,,,,,,,,,72,1038.1990543310653,12.9541015625,226.314453125,-0.9,La Niña,0,0,12.9541015625,213.3603515625
12648,12648,2,1,Baja,0.8725528794183568,0,2021-11-03 18:00:00,,,,,,,,,,,,324,3262.398739795958,12.1923828125,242.06201171875,-1.0,La Niña,0,0,12.1923828125,229.86962890625
45125,45125,3,1,Media,13.236786166090324,0,2023-05-12 12:00:00,,,,,,,,,,,,519,1565.244178829355,17.5263671875,170.18017578125,0.5,El Niño,2,0,17.5263671875,152.65380859375
58918,58918,1,1,Media,9.053121028112317,0,2022-11-18 16:00:00,,,,,,,,,,,,49,646.264013389146,25.908203125,404.62109375,-0.9,La Niña,0,0,25.908203125,378.712890625
2061,2061,2,2,Baja,0.7032383303976212,0,2024-04-27 09:00:00,,,,,,,,,,,,234,6176.404701791715,33.2744140625,213.8681640625,0.7,El Niño,2,0,33.2744140625,180.59375
11068,11068,2,1,Baja,0.3189736909830005,0,2022-05-16 00:00:00,,,,,,,,,,,,323,1973.451355101424,10.66796875,306.0703125,-1.0,La Niña,0,0,10.66796875,295.40234375
18919,18919,2,1,Alta,16.37658854881214,1,2022-08-15 14:00:00,,,,,,,,,,,,10,3708.830696031634,26.669921875,203.19921875,-0.9,La Niña,0,0,26.669921875,176.529296875
20994,20994,2,2,Baja,4.2877828833398866,0,2023-10-06 03:00:00,,,,,,,,,,,,21,2379.458631350498,27.177734375,180.33984375,1.8,El Niño,2,0,27.177734375,153.162109375
31000,31000,3,1,Baja,0.7090459827590379,0,2022-11-30 17:00:00,,,,,,,,,,,,433,2618.6336684305325,16.763671875,263.39794921875,-0.9,La Niña,0,0,16.763671875,246.63427734375
21280,21280,5,2,Baja,1.7725269479978427,0,2022-10-19 11:00:00,,,,,,,,,,,,10,804.3558953678764,17.52734375,186.435546875,-1.0,La Niña,0,0,17.52734375,168.908203125
35277,35277,2,2,Baja,0.9240154256939008,0,2022-03-01 10:00:00,,,,,,,,,,,,88,1822.1893157077325,20.3203125,110.744140625,-1.0,La Niña,0,0,20.3203125,90.423828125
3701,3701,2,2,Baja,0.8930161688149932,0,2024-05-29 16:00:00,,,,,,,,,,,,30,5250.652113385465,53.59375,246.380859375,0.4,Neutro,1,0,53.59375,192.787109375
35784,35784,2,2,Baja,0.4619991328394953,0,2024-06-16 13:00:00,,,,,,,,,,,,32,745.9844649639208,36.322265625,206.755859375,0.2,Neutro,1,0,36.322265625,170.43359375
33725,33725,2,1,Alta,22.536492590351926,1,2023-05-20 20:00:00,,,,,,,,,,,,66,714.1292584007562,16.001953125,155.9560546875,0.5,El Niño,2,0,16.001953125,139.9541015625
46970,46970,5,1,Baja,0.9420313302498156,0,2022-10-01 04:00:00,,,,,,,,,,,,4,2118.060561486698,16.001953125,242.0625,-1.0,La Niña,0,0,16.001953125,226.060546875
225,225,2,2,Baja,0.5253864312983765,0,2024-06-25 18:00:00,,,,,,,,,,,,234,11590.521194503395,11.17578125,369.0615234375,0.2,Neutro,1,0,11.17578125,357.8857421875
627,627,2,2,Baja,4.07837069850416,0,2022-05-29 12:00:00,,,,,,,,,,,,30,6463.378971262479,10.16015625,170.43359375,-1.0,La Niña,0,0,10.16015625,160.2734375
56249,56249,4,1,Baja,3.017936713258889,0,2022-11-22 06:00:00,,,,,,,,,,,,3,809.973029022826,14.478515625,313.435546875,-0.9,La Niña,0,0,14.478515625,298.95703125
40771,40771,3,2,Baja,0.8188513199264355,0,2023-11-16 06:00:00,,,,,,,,,,,,52,932.5224662466446,17.01953125,178.0546875,1.9,El Niño,2,0,17.01953125,161.03515625
28156,28156,3,1,Baja,3.3427034863256906,0,2024-04-23 08:00:00,,,,,,,,,,,,57,3191.76067785912,20.064453125,183.640625,0.7,El Niño,2,0,20.064453125,163.576171875
45211,45211,3,2,Baja,3.9541879649719625,0,2022-03-20 17:00:00,,,,,,,,,,,,65,964.7999986940135,19.55859375,249.68359375,-1.0,La Niña,0,0,19.55859375,230.125
37689,37689,2,2,Baja,1.0507740939384067,0,2023-10-01 04:00:00,,,,,,,,,,,,607,283.93334805717393,13.716064453125,106.171875,1.8,El Niño,2,0,13.716064453125,92.455810546875
38967,38967,1,2,Baja,0.9410147434760653,0,2022-09-24 07:00:00,,,,,,,,,,,,189,2777.892718120295,39.87841796875,265.68408203125,-1.0,La Niña,0,0,39.87841796875,225.8056640625
45466,45466,3,1,Muy alta,122.22003917495117,5,2023-05-22 23:00:00,,,,,,,,,,,,62,970.8878154426787,27.685546875,211.072265625,0.5,El Niño,2,0,27.685546875,183.38671875
32788,32788,2,2,Baja,4.624846423587945,0,2023-05-20 04:00:00,,,,,,,,,,,,66,2337.3985276194912,10.921875,162.8134765625,0.5,El Niño,2,0,10.921875,151.8916015625
7738,7738,2,1,Media,8.21346103473956,1,2024-05-03 14:00:00,,,,,,,,,,,,323,1618.113854047389,14.2236328125,206.501953125,0.4,Neutro,1,0,14.2236328125,192.2783203125
1687,1687,2,1,Baja,0.9856903639910624,0,2023-11-19 20:00:00,,,,,,,,,,,,234,10793.913269557179,18.5419921875,330.7080078125,1.9,El Niño,2,0,18.5419921875,312.166015625
13370,13370,2,2,Baja,0.6937167986307635,0,2022-04-06 22:00:00,,,,,,,,,,,,51,5006.074811229047,42.1640625,277.62109375,-1.1,La Niña,0,0,42.1640625,235.45703125
12754,12754,2,3,Baja,3.984696951875283,0,2022-03-31 21:00:00,,,,,,,,,,,,324,918.9540087198505,28.4482421875,143.001953125,-1.0,La Niña,0,0,28.4482421875,114.5537109375
36727,36727,2,2,Baja,1.4991078910702382,0,2022-09-22 07:00:00,,,,,,,,,,,,32,2107.3758791077807,34.0361328125,167.1318359375,-1.0,La Niña,0,0,34.0361328125,133.095703125
22943,22943,5,2,Media,5.610394318160935,0,2024-06-27 00:00:00,,,,,,,,,,,,21,791.8216513054757,20.57421875,326.8984375,0.2,Neutro,1,0,20.57421875,306.32421875
34190,34190,2,1,Media,11.579886916162714,0,2022-06-16 06:00:00,,,,,,,,,,,,66,1312.3412815797044,11.1767578125,218.4404296875,-0.9,La Niña,0,0,11.1767578125,207.263671875
50089,50089,5,3,Media,9.28470046346858,0,2023-10-05 23:00:00,,,,,,,,,,,,612,4356.45110857919,23.6220703125,162.81396484375,1.8,El Niño,2,0,23.6220703125,139.19189453125
8553,8553,2,1,Baja,2.0646925268340897,0,2022-05-24 05:00:00,,,,,,,,,,,,278,4420.253679966634,32.7666015625,377.1904296875,-1.0,La Niña,0,0,32.7666015625,344.423828125
25870,25870,3,1,Baja,2.462166852728419,0,2021-11-26 22:00:00,,,,,,,,,,,,64,3049.9105283835393,14.986328125,315.4677734375,-1.0,La Niña,0,0,14.986328125,300.4814453125
42657,42657,3,3,Baja,4.749958988691747,0,2022-08-16 02:00:00,,,,,,,,,,,,339,3893.6994961765076,12.19189453125,268.986328125,-0.9,La Niña,0,0,12.19189453125,256.79443359375
1673,1673,2,1,Baja,1.0331534915878302,0,2023-05-17 19:00:00,,,,,,,,,,,,234,10707.737604051777,56.8955078125,255.015625,0.5,El Niño,2,0,56.8955078125,198.1201171875
50315,50315,2,2,Baja,4.322280441712988,0,2023-05-17 09:00:00,,,,,,,,,,,,558,366.2118512652469,32.76611328125,99.314208984375,0.5,El Niño,2,0,32.76611328125,66.548095703125
35631,35631,2,1,Baja,1.241203907767538,0,2023-05-31 11:00:00,,,,,,,,,,,,389,1948.5015723155195,17.52587890625,213.6142578125,0.5,El Niño,2,0,17.52587890625,196.08837890625
16803,16803,2,2,Media,6.139314266181139,0,2021-09-08 05:00:00,,,,,,,,,,,,295,1882.4557023975017,15.748046875,263.39794921875,-0.7,La Niña,0,0,15.748046875,247.64990234375
52156,52156,4,2,Media,5.015826389843845,0,2021-11-01 11:00:00,,,,,,,,,,,,25,3355.0119075722946,22.859375,302.513671875,-1.0,La Niña,0,0,22.859375,279.654296875
33726,33726,2,1,Media,7.284336063614445,0,2023-05-17 02:00:00,,,,,,,,,,,,66,633.6987606558985,51.5615234375,156.2099609375,0.5,El Niño,2,0,51.5615234375,104.6484375
13360,13360,2,2,Media,5.819634180686406,0,2022-06-26 09:00:00,,,,,,,,,,,,295,5484.557028181896,25.39990234375,289.05224609375,-0.9,La Niña,0,0,25.39990234375,263.65234375
49669,49669,2,1,Media,9.568157303330896,0,2021-11-24 05:00:00,,,,,,,,,,,,274,859.2250816977919,26.923828125,238.505859375,-1.0,La Niña,0,0,26.923828125,211.58203125
51109,51109,5,1,Alta,35.495583759573115,0,2023-01-08 22:00:00,,,,,,,,,,,,11,1015.8966704365665,18.03515625,98.044921875,-0.7,La Niña,0,0,18.03515625,80.009765625
27308,27308,3,3,Media,6.6748190552767666,0,2023-10-06 00:00:00,,,,,,,,,,,,636,931.1244687349797,19.3040771484375,149.0980224609375,1.8,El Niño,2,0,19.3040771484375,129.7939453125
22058,22058,5,2,Media,4.880841698815426,0,2022-10-01 01:00:00,,,,,,,,,,,,21,493.301126898711,10.921875,257.048828125,-1.0,La Niña,0,0,10.921875,246.126953125
29861,29861,3,1,Baja,3.5637940415054326,0,2021-06-03 22:00:00,,,,,,,,,,,,57,3115.0247965459466,34.796875,390.90625,-0.4,Neutro,1,0,34.796875,356.109375
6883,6883,2,1,Media,13.221668802832518,0,2022-10-01 04:00:00,,,,,,,,,,,,66,3168.431454822387,13.2080078125,198.8818359375,-1.0,La Niña,0,0,13.2080078125,185.673828125
5061,5061,2,1,Baja,1.8489909310743553,0,2024-05-05 04:00:00,,,,,,,,,,,,323,4230.254389262303,12.7001953125,227.837890625,0.4,Neutro,1,0,12.7001953125,215.1376953125
26126,26126,3,2,Alta,15.071266390520606,0,2022-11-15 22:00:00,,,,,,,,,,,,33,367.1901226781002,29.97265625,258.826171875,-0.9,La Niña,0,0,29.97265625,228.853515625
47498,47498,5,1,Baja,0.35560420361309747,0,2024-06-27 05:00:00,,,,,,,,,,,,4,436.24749959304347,28.447265625,305.81640625,0.2,Neutro,1,0,28.447265625,277.369140625
14585,14585,2,2,Media,6.8277931857915615,1,2022-10-08 14:00:00,,,,,,,,,,,,295,2795.2317207830374,16.001953125,259.841796875,-1.0,La Niña,0,0,16.001953125,243.83984375
55912,55912,5,1,Media,13.964347499860484,0,2021-08-23 13:00:00,,,,,,,,,,,,9,1253.639919937318,12.4462890625,212.8525390625,-0.5,La Niña,0,0,12.4462890625,200.40625
46548,46548,5,3,Baja,0.8728408983257778,0,2024-06-03 05:00:00,,,,,,,,,,,,320,2141.4498167433762,10.16015625,299.720703125,0.2,Neutro,1,0,10.16015625,289.560546875
42642,42642,3,3,Alta,16.97552982426114,0,2022-09-04 22:00:00,,,,,,,,,,,,339,3814.0387884135116,13.2080078125,134.8740234375,-1.0,La Niña,0,0,13.2080078125,121.666015625
4573,4573,2,1,Baja,1.5866155804207183,0,2024-06-29 05:00:00,,,,,,,,,,,,30,3683.941115065871,11.431640625,278.384765625,0.2,Neutro,1,0,11.431640625,266.953125
49156,49156,5,1,Media,5.88299549288643,0,2024-06-20 11:00:00,,,,,,,,,,,,612,1738.278540658457,24.891845703125,262.889892578125,0.2,Neutro,1,0,24.891845703125,237.998046875
43843,43843,2,2,Baja,4.0841795458388415,0,2022-09-09 00:00:00,,,,,,,,,,,,389,3710.2727945575175,31.49609375,179.06982421875,-1.0,La Niña,0,0,31.49609375,147.57373046875
1210,1210,2,1,Baja,3.901600388585523,0,2022-08-29 06:00:00,,,,,,,,,,,,30,6443.000083090377,22.859375,259.587890625,-0.9,La Niña,0,0,22.859375,236.728515625
28521,28521,3,1,Baja,3.7862780910436786,0,2023-01-20 23:00:00,,,,,,,,,,,,58,1097.007062976749,15.748046875,217.423828125,-0.7,La Niña,0,0,15.748046875,201.67578125
26808,26808,3,1,Muy alta,75.7579436531719,1,2022-06-24 23:00:00,,,,,,,,,,,,515,2231.958963748745,21.843994140625,433.577880859375,-0.9,La Niña,0,0,21.843994140625,411.73388671875
10751,10751,2,1,Baja,0.5965708158053313,0,2022-10-05 06:00:00,,,,,,,,,,,,323,1952.6437233348117,15.2392578125,296.671875,-1.0,La Niña,0,0,15.2392578125,281.4326171875
20445,20445,2,2,Baja,2.3187561258498235,0,2023-11-04 21:00:00,,,,,,,,,,,,70,686.6405653527755,12.69921875,189.4833984375,1.9,El Niño,2,0,12.69921875,176.7841796875
23554,23554,2,2,Media,10.932162614970247,0,2022-08-15 13:00:00,,,,,,,,,,,,20,1064.0674342965208,31.2421875,259.587890625,-0.9,La Niña,0,0,31.2421875,228.345703125
21807,21807,5,1,Alta,20.879280711282043,0,2022-06-30 01:00:00,,,,,,,,,,,,10,667.2303824616157,12.953125,304.291015625,-0.9,La Niña,0,0,12.953125,291.337890625
28208,28208,3,2,Baja,2.0231243003257204,0,2022-10-14 21:00:00,,,,,,,,,,,,57,4175.778114581604,23.623046875,393.701171875,-1.0,La Niña,0,0,23.623046875,370.078125
44968,44968,3,1,Media,8.306991067532463,0,2021-11-24 11:00:00,,,,,,,,,,,,519,1395.584188936399,10.922119140625,271.2720947265625,-1.0,La Niña,0,0,10.922119140625,260.3499755859375
18471,18471,2,2,Baja,0.8686533290539221,0,2022-03-21 19:00:00,,,,,,,,,,,,51,1916.3264339312525,15.240234375,230.630859375,-1.0,La Niña,0,0,15.240234375,215.390625
44879,44879,3,1,Alta,16.01241552879036,1,2022-09-28 17:00:00,,,,,,,,,,,,519,1136.9379928816386,13.97021484375,466.34423828125,-1.0,La Niña,0,0,13.97021484375,452.3740234375
37954,37954,2,2,Baja,0.7786236581406589,0,2022-08-23 03:00:00,,,,,,,,,,,,248,1842.1024474074843,20.5732421875,213.61376953125,-0.9,La Niña,0,0,20.5732421875,193.04052734375
22677,22677,2,2,Baja,1.7821549634477192,0,2022-06-16 01:00:00,,,,,,,,,,,,242,74.63699381952861,21.3359375,275.84375,-0.9,La Niña,0,0,21.3359375,254.5078125
25270,25270,3,1,Media,6.437138308550094,0,2023-11-22 15:00:00,,,,,,,,,,,,64,1558.6966862456131,11.9375,255.5234375,1.9,El Niño,2,0,11.9375,243.5859375
9225,9225,2,2,Baja,1.8388843035016278,0,2023-11-16 00:00:00,,,,,,,,,,,,323,1948.9507928594514,17.017578125,134.365234375,1.9,El Niño,2,0,17.017578125,117.34765625
31547,31547,3,2,Baja,0.4125897698316465,0,2021-11-22 03:00:00,,,,,,,,,,,,433,907.7343425497079,16.763916015625,350.265869140625,-1.0,La Niña,0,0,16.763916015625,333.501953125
21814,21814,2,2,Baja,2.550011551452109,0,2020-09-12 21:00:00,,,,,,,,,,,,281,479.2255072249662,42.67236328125,348.99609375,-0.9,La Niña,0,0,42.67236328125,306.32373046875
7644,7644,2,1,Media,8.661146966095092,0,2022-03-02 00:00:00,,,,,,,,,,,,278,2138.002830758401,19.05078125,185.166015625,-1.0,La Niña,0,0,19.05078125,166.115234375
13429,13429,2,1,Baja,4.06622956962753,0,2024-06-16 02:00:00,,,,,,,,,,,,47,2509.1532423089325,23.876953125,255.015625,0.2,Neutro,1,0,23.876953125,231.138671875
35825,35825,2,2,Baja,0.6028284774634163,0,2024-05-28 14:00:00,,,,,,,,,,,,32,1236.4352035746806,12.4453125,266.19140625,0.4,Neutro,1,0,12.4453125,253.74609375
232,232,2,1,Baja,3.424490055146617,0,2023-05-16 21:00:00,,,,,,,,,,,,30,7419.0154586511,22.099609375,164.083984375,0.5,El Niño,2,0,22.099609375,141.984375
26282,26282,3,3,Alta,26.693651542545496,0,2022-06-26 03:00:00,,,,,,,,,,,,515,1962.7476101065529,20.57421875,454.406005859375,-0.9,La Niña,0,0,20.57421875,433.831787109375
34514,34514,2,2,Baja,0.35984213912018137,0,2022-06-30 12:00:00,,,,,,,,,,,,373,2056.56352268765,10.66796875,330.9619140625,-0.9,La Niña,0,0,10.66796875,320.2939453125
58516,58516,1,2,Baja,1.6960473528272173,0,2023-10-03 05:00:00,,,,,,,,,,,,289,1442.9618624635277,14.2236328125,81.787109375,1.8,El Niño,2,0,14.2236328125,67.5634765625
11299,11299,2,1,Baja,0.44007100513229647,0,2023-01-10 18:00:00,,,,,,,,,,,,323,2838.440108917734,10.16015625,96.01171875,-0.7,La Niña,0,0,10.16015625,85.8515625
37391,37391,2,1,Alta,24.58329786129489,1,2022-09-24 18:00:00,,,,,,,,,,,,607,1547.5934327511754,11.429931640625,336.2960205078125,-1.0,La Niña,0,0,11.429931640625,324.8660888671875
46058,46058,3,2,Media,10.68083981758738,0,2024-06-10 12:00:00,,,,,,,,,,,,267,73.95901626831477,11.4296875,285.49609375,0.2,Neutro,1,0,11.4296875,274.06640625
59981,59981,1,1,Baja,2.6647216797224953,0,2024-06-16 01:00:00,,,,,,,,,,,,189,1546.9525431649104,11.9384765625,280.923828125,0.2,Neutro,1,0,11.9384765625,268.9853515625
35159,35159,2,3,Baja,3.0679460243492227,0,2022-10-22 19:00:00,,,,,,,,,,,,373,581.0372597853309,10.66796875,141.47802734375,-1.0,La Niña,0,0,10.66796875,130.81005859375
27414,27414,3,1,Baja,3.224828271941013,0,2023-11-02 19:00:00,,,,,,,,,,,,636,1775.1792634025671,12.1920166015625,255.778076171875,1.9,El Niño,2,0,12.1920166015625,243.5860595703125
6895,6895,2,1,Media,5.208575558988711,0,2023-05-27 23:00:00,,,,,,,,,,,,66,3819.6087780418393,114.8076171875,312.673828125,0.5,El Niño,2,0,114.8076171875,197.8662109375
50865,50865,1,2,Baja,0.3145333019866386,0,2024-05-05 00:00:00,,,,,,,,,,,,248,2275.548772406863,23.1142578125,146.0498046875,0.4,Neutro,1,0,23.1142578125,122.935546875
58211,58211,5,1,Alta,37.08880585259478,1,2023-01-10 10:00:00,,,,,,,,,,,,1,859.2458963605613,28.447265625,154.177734375,-0.7,La Niña,0,0,28.447265625,125.73046875
49520,49520,2,2,Media,13.023843528012806,0,2024-05-28 10:00:00,,,,,,,,,,,,24,398.7392048438561,19.55859375,382.525390625,0.4,Neutro,1,0,19.55859375,362.966796875
22217,22217,2,2,Media,9.093399048998739,0,2022-06-01 23:00:00,,,,,,,,,,,,20,1488.5174884499882,28.193359375,298.44921875,-0.9,La Niña,0,0,28.193359375,270.255859375
2170,2170,2,1,Baja,1.2710764147095812,0,2022-11-14 06:00:00,,,,,,,,,,,,30,5150.804533986892,15.240234375,246.6328125,-0.9,La Niña,0,0,15.240234375,231.392578125
21559,21559,2,1,Alta,18.534858710072186,1,2023-12-26 12:00:00,,,,,,,,,,,,21,1495.874554857967,30.48046875,69.8515625,2.0,El Niño,2,0,30.48046875,39.37109375
36397,36397,2,2,Baja,4.7529314342253,0,2022-10-05 07:00:00,,,,,,,,,,,,32,1924.7213063024917,19.3037109375,202.9453125,-1.0,La Niña,0,0,19.3037109375,183.6416015625
15521,15521,2,1,Alta,23.35395240013417,0,2024-05-22 16:00:00,,,,,,,,,,,,295,2057.619321069618,14.986328125,250.189453125,0.4,Neutro,1,0,14.986328125,235.203125
57101,57101,1,1,Baja,2.5140463653902323,0,2023-05-17 06:00:00,,,,,,,,,,,,42,1868.7809122723547,41.65625,163.830078125,0.5,El Niño,2,0,41.65625,122.173828125
37055,37055,2,1,Media,5.000080300345138,0,2022-11-11 03:00:00,,,,,,,,,,,,607,2088.6903527132117,31.241943359375,367.5379638671875,-0.9,La Niña,0,0,31.241943359375,336.2960205078125
7101,7101,2,1,Alta,19.246782366429844,0,2024-05-01 12:00:00,,,,,,,,,,,,66,3053.0509098428483,14.224609375,156.2109375,0.4,Neutro,1,0,14.224609375,141.986328125
46245,46245,3,1,Media,4.917791921459574,0,2022-06-29 15:00:00,,,,,,,,,,,,261,2754.841327850554,22.09765625,349.7578125,-0.9,La Niña,0,0,22.09765625,327.66015625
36784,36784,2,1,Baja,1.2085146038668233,0,2022-09-19 21:00:00,,,,,,,,,,,,607,2279.313000368731,14.2239990234375,291.84600830078125,-1.0,La Niña,0,0,14.2239990234375,277.62200927734375
59841,59841,3,1,Alta,16.967824990012097,0,2023-05-21 19:00:00,,,,,,,,,,,,2,1752.9384213360727,16.509765625,143.509765625,0.5,El Niño,2,0,16.509765625,127.0
11536,11536,2,3,Baja,0.5134371082081526,0,2022-03-01 23:00:00,,,,,,,,,,,,278,4937.6172101534485,22.3515625,184.6572265625,-1.0,La Niña,0,0,22.3515625,162.3056640625
8728,8728,2,1,Media,10.397064860124582,0,2024-11-10 00:00:00,,,,,,,,,,,,323,2701.877886527225,17.525390625,91.185546875,-0.4,Neutro,1,0,17.525390625,73.66015625
8608,8608,2,1,Baja,4.494114059067312,0,2021-11-08 01:00:00,,,,,,,,,,,,278,1957.7963793078407,22.09765625,330.2001953125,-1.0,La Niña,0,0,22.09765625,308.1025390625
54682,54682,5,3,Media,5.13221685417519,0,2021-11-01 09:00:00,,,,,,,,,,,,17,998.8139307225363,11.431640625,169.671875,-1.0,La Niña,0,0,11.431640625,158.240234375
30322,30322,3,1,Baja,0.7279707527990834,0,2021-06-13 06:00:00,,,,,,,,,,,,57,1896.4024726258301,34.798828125,377.697265625,-0.4,Neutro,1,0,34.798828125,342.8984375
13686,13686,2,2,Baja,3.6059564018687875,0,2020-09-30 17:00:00,,,,,,,,,,,,295,4593.501432247793,10.66796875,238.251953125,-0.9,La Niña,0,0,10.66796875,227.583984375
43485,43485,2,1,Media,4.996657837535991,0,2023-12-17 10:00:00,,,,,,,,,,,,88,2275.70999075224,17.525390625,124.4599609375,2.0,El Niño,2,0,17.525390625,106.9345703125
16698,16698,2,1,Media,11.238486397027721,1,2021-06-12 15:00:00,,,,,,,,,,,,295,1752.8378998427734,15.748046875,210.56591796875,-0.4,Neutro,1,0,15.748046875,194.81787109375
13748,13748,2,2,Baja,0.8148974555015137,0,2021-11-04 04:00:00,,,,,,,,,,,,51,4047.955453806108,12.19140625,233.171875,-1.0,La Niña,0,0,12.19140625,220.98046875
12848,12848,2,2,Baja,1.0712348903448703,0,2022-10-05 07:00:00,,,,,,,,,,,,324,166.29207904151954,14.986328125,224.7900390625,-1.0,La Niña,0,0,14.986328125,209.8037109375
32138,32138,3,1,Baja,1.7240281569643878,0,2022-06-22 04:00:00,,,,,,,,,,,,433,1998.9777932151148,18.5419921875,350.77392578125,-0.9,La Niña,0,0,18.5419921875,332.23193359375
37928,37928,2,1,Baja,2.2771452677567368,1,2022-10-27 20:00:00,,,,,,,,,,,,607,1425.0483170196653,12.9541015625,355.3460693359375,-1.0,La Niña,0,0,12.9541015625,342.3919677734375
51107,51107,5,3,Baja,2.5449753092180645,0,2024-05-30 11:00:00,,,,,,,,,,,,3,4771.826048015377,11.17578125,350.01171875,0.4,Neutro,1,0,11.17578125,338.8359375
17472,17472,2,2,Baja,4.1493984810796345,0,2022-08-23 06:00:00,,,,,,,,,,,,295,1273.7414105563428,12.4462890625,315.97607421875,-0.9,La Niña,0,0,12.4462890625,303.52978515625
27476,27476,3,2,Baja,1.6056367553107682,0,2023-05-12 13:00:00,,,,,,,,,,,,636,1380.1257415382709,42.41802978515625,159.51202392578125,0.5,El Niño,2,0,42.41802978515625,117.093994140625
34056,34056,2,2,Baja,2.354182386575845,0,2022-10-01 05:00:00,,,,,,,,,,,,47,1659.7481632337256,17.017578125,264.16015625,-1.0,La Niña,0,0,17.017578125,247.142578125
32409,32409,3,3,Baja,1.2244167074823273,0,2022-03-25 14:00:00,,,,,,,,,,,,433,2579.5045850771025,60.45166015625,301.751953125,-1.0,La Niña,0,0,60.45166015625,241.30029296875
9591,9591,2,2,Baja,2.3354312645490007,0,2021-08-30 09:00:00,,,,,,,,,,,,323,2796.3369411800113,13.2080078125,213.3603515625,-0.5,La Niña,0,0,13.2080078125,200.15234375
7489,7489,2,1,Baja,2.2264165132006792,0,2021-11-08 00:00:00,,,,,,,,,,,,30,2908.35384295198,26.162109375,250.4453125,-1.0,La Niña,0,0,26.162109375,224.283203125
36627,36627,2,1,Baja,1.4141364063242616,0,2024-06-10 02:00:00,,,,,,,,,,,,32,1780.3352188699491,18.2890625,187.9609375,0.2,Neutro,1,0,18.2890625,169.671875
31686,31686,3,1,Baja,0.5415135860091769,0,2022-09-25 02:00:00,,,,,,,,,,,,433,895.4210181004163,11.43017578125,193.54833984375,-1.0,La Niña,0,0,11.43017578125,182.1181640625
36514,36514,2,1,Baja,0.644031739003645,0,2022-03-02 04:00:00,,,,,,,,,,,,32,1798.0701875311447,16.5107421875,124.2060546875,-1.0,La Niña,0,0,16.5107421875,107.6953125
46524,46524,5,1,Baja,0.9135373284000041,0,2021-11-24 12:00:00,,,,,,,,,,,,320,2104.8504423858617,16.509765625,259.841796875,-1.0,La Niña,0,0,16.509765625,243.33203125
11626,11626,2,1,Baja,1.6870043341735255,0,2022-11-03 20:00:00,,,,,,,,,,,,323,2857.978041778444,10.16015625,221.99609375,-0.9,La Niña,0,0,10.16015625,211.8359375
58802,58802,1,3,Baja,0.41018767998388495,0,2022-03-02 10:00:00,,,,,,,,,,,,5,928.3171560793968,28.701171875,202.4375,-1.0,La Niña,0,0,28.701171875,173.736328125
53443,53443,1,1,Media,9.242712490239576,0,2022-06-26 12:00:00,,,,,,,,,,,,499,1923.352660265563,35.56005859375,452.882080078125,-0.9,La Niña,0,0,35.56005859375,417.322021484375
2449,2449,2,2,Baja,0.41891761196902744,0,2023-01-11 15:00:00,,,,,,,,,,,,234,6115.9515000813935,13.2080078125,64.515625,-0.7,La Niña,0,0,13.2080078125,51.3076171875
25645,25645,3,1,Media,5.523069906671603,0,2022-10-06 21:00:00,,,,,,,,,,,,64,1986.622769312569,13.71484375,313.689453125,-1.0,La Niña,0,0,13.71484375,299.974609375
229,229,2,1,Baja,2.632699654234054,0,2022-06-29 10:00:00,,,,,,,,,,,,30,7233.604011699358,14.73046875,369.314453125,-0.9,La Niña,0,0,14.73046875,354.583984375
21061,21061,2,2,Alta,15.969122962379208,1,2022-10-08 20:00:00,,,,,,,,,,,,281,765.9252487613887,10.16015625,184.150390625,-1.0,La Niña,0,0,10.16015625,173.990234375
36618,36618,2,1,Baja,2.908980243471809,0,2023-11-20 10:00:00,,,,,,,,,,,,389,1743.7108938129284,41.91015625,273.55810546875,1.9,El Niño,2,0,41.91015625,231.64794921875
34219,34219,2,1,Baja,1.2282637189684662,0,2024-06-16 06:00:00,,,,,,,,,,,,66,1695.1025006271952,29.970703125,152.654296875,0.2,Neutro,1,0,29.970703125,122.68359375
19653,19653,2,2,Baja,1.4887380925178253,0,2023-10-07 18:00:00,,,,,,,,,,,,76,483.67673427164823,17.7802734375,136.90625,1.8,El Niño,2,0,17.7802734375,119.1259765625
33432,33432,2,1,Media,11.700807980838965,0,2021-06-12 12:00:00,,,,,,,,,,,,66,1393.9868974511198,20.06640625,211.328125,-0.4,Neutro,1,0,20.06640625,191.26171875
53258,53258,1,1,Media,12.782705862709433,0,2022-09-14 01:00:00,,,,,,,,,,,,499,2100.7014987076054,10.92236328125,172.21240234375,-1.0,La Niña,0,0,10.92236328125,161.2900390625
19452,19452,2,2,Baja,3.8736060096500515,0,2022-05-16 06:00:00,,,,,,,,,,,,70,916.3911203296519,12.19140625,200.9140625,-1.0,La Niña,0,0,12.19140625,188.72265625
53290,53290,5,1,Baja,2.3243850395774723,0,2022-11-09 03:00:00,,,,,,,,,,,,25,1811.7800957068628,10.16015625,333.755859375,-0.9,La Niña,0,0,10.16015625,323.595703125
41365,41365,3,1,Baja,4.397832159573762,0,2022-03-17 12:00:00,,,,,,,,,,,,65,246.8311252219986,11.68359375,240.537109375,-1.0,La Niña,0,0,11.68359375,228.853515625
12492,12492,2,2,Baja,0.34280816497574684,0,2022-09-19 00:00:00,,,,,,,,,,,,324,2205.978210916524,19.30419921875,205.486328125,-1.0,La Niña,0,0,19.30419921875,186.18212890625
19649,19649,2,2,Baja,1.4525815613198085,0,2024-06-27 20:00:00,,,,,,,,,,,,76,570.4953867811352,22.3515625,316.2294921875,0.2,Neutro,1,0,22.3515625,293.8779296875
22919,22919,5,2,Baja,4.2942454130772685,0,2022-05-23 02:00:00,,,,,,,,,,,,21,860.1556609245648,20.828125,244.857421875,-1.0,La Niña,0,0,20.828125,224.029296875
7388,7388,2,1,Media,7.009364408748108,0,2021-09-06 06:00:00,,,,,,,,,,,,323,3289.756264537786,29.4638671875,295.65625,-0.7,La Niña,0,0,29.4638671875,266.1923828125
40732,40732,3,2,Baja,0.8963413145096558,0,2021-11-09 19:00:00,,,,,,,,,,,,50,834.3835736070022,13.4609375,178.560546875,-1.0,La Niña,0,0,13.4609375,165.099609375
31015,31015,3,1,Baja,0.8997852816694173,0,2024-05-10 12:00:00,,,,,,,,,,,,433,760.1665654065943,27.6865234375,405.1298828125,0.4,Neutro,1,0,27.6865234375,377.443359375
28817,28817,3,3,Baja,0.5561884921374622,0,2022-11-09 19:00:00,,,,,,,,,,,,383,388.42090893273024,25.14599609375,239.52197265625,-0.9,La Niña,0,0,25.14599609375,214.3759765625
20229,20229,5,1,Alta,37.16009560760642,1,2021-09-07 19:00:00,,,,,,,,,,,,10,953.0866941322104,12.4453125,239.521484375,-0.7,La Niña,0,0,12.4453125,227.076171875
29847,29847,3,2,Baja,2.300324229815465,0,2022-08-29 19:00:00,,,,,,,,,,,,57,1576.9161085376315,27.177734375,202.18359375,-0.9,La Niña,0,0,27.177734375,175.005859375
27349,27349,3,1,Baja,1.9143131112008263,0,2024-06-17 01:00:00,,,,,,,,,,,,636,2886.8101657034526,12.953857421875,360.426025390625,0.2,Neutro,1,0,12.953857421875,347.47216796875
28492,28492,3,1,Baja,3.343730186740188,0,2022-04-02 19:00:00,,,,,,,,,,,,57,2929.617900941324,23.11328125,278.892578125,-1.1,La Niña,0,0,23.11328125,255.779296875
8105,8105,2,2,Baja,0.4676522216839382,0,2022-11-09 15:00:00,,,,,,,,,,,,278,4062.443134253735,16.255859375,213.6142578125,-0.9,La Niña,0,0,16.255859375,197.3583984375
59934,59934,1,2,Baja,0.926896524174081,0,2024-06-16 13:00:00,,,,,,,,,,,,56,498.70403921223055,12.69921875,282.701171875,0.2,Neutro,1,0,12.69921875,270.001953125
4846,4846,2,1,Baja,2.3653933587807816,0,2022-08-16 23:00:00,,,,,,,,,,,,30,3162.2530794982667,18.54296875,293.625,-0.9,La Niña,0,0,18.54296875,275.08203125
9778,9778,2,2,Baja,4.043532502405195,0,2016-12-22 02:00:00,,,,,,,,,,,,66,2985.5822015760496,10.921875,157.98779296875,-0.6,La Niña,0,0,10.921875,147.06591796875
49310,49310,5,1,Baja,3.1896316511961147,0,2023-05-21 09:00:00,,,,,,,,,,,,612,3297.3666683501096,16.001953125,166.8779296875,0.5,El Niño,2,0,16.001953125,150.8759765625
6496,6496,2,2,Alta,15.457443484200772,1,2024-11-09 04:00:00,,,,,,,,,,,,30,1856.5441475395787,10.16015625,111.759765625,-0.4,Neutro,1,0,10.16015625,101.599609375
598,598,2,1,Baja,2.6744202776306323,0,2023-11-19 20:00:00,,,,,,,,,,,,30,6907.438135376396,14.224609375,249.681640625,1.9,El Niño,2,0,14.224609375,235.45703125
4457,4457,2,2,Baja,0.527166845507147,0,2021-09-07 08:00:00,,,,,,,,,,,,30,3628.8849843696125,21.58984375,403.607421875,-0.7,La Niña,0,0,21.58984375,382.017578125
7356,7356,2,1,Baja,1.0132591737716172,0,2022-09-22 16:00:00,,,,,,,,,,,,278,449.48059595334325,11.9375,252.4755859375,-1.0,La Niña,0,0,11.9375,240.5380859375
52670,52670,4,1,Media,4.881959245482941,0,2023-10-06 10:00:00,,,,,,,,,,,,25,2644.1096869692365,34.2890625,172.2109375,1.8,El Niño,2,0,34.2890625,137.921875
16408,16408,2,2,Baja,0.9277706120418017,0,2024-05-28 16:00:00,,,,,,,,,,,,72,1187.7221404383756,16.255859375,237.236328125,0.4,Neutro,1,0,16.255859375,220.98046875
54974,54974,1,2,Baja,2.5073182588460723,0,2022-06-05 01:00:00,,,,,,,,,,,,42,1129.260161772157,12.953125,291.337890625,-0.9,La Niña,0,0,12.953125,278.384765625
9641,9641,2,1,Baja,4.416002983279704,0,2022-05-31 11:00:00,,,,,,,,,,,,278,2938.431162953245,12.19140625,313.943359375,-1.0,La Niña,0,0,12.19140625,301.751953125
20191,20191,2,2,Media,6.046176781257159,0,2022-06-26 13:00:00,,,,,,,,,,,,70,705.8676697103199,23.3681640625,258.064453125,-0.9,La Niña,0,0,23.3681640625,234.6962890625
48396,48396,5,1,Baja,0.8314042541765148,0,2022-09-13 23:00:00,,,,,,,,,,,,4,3064.6208026493564,12.69921875,200.9140625,-1.0,La Niña,0,0,12.69921875,188.21484375
2374,2374,2,1,Baja,2.3424757493263124,0,2022-09-06 22:00:00,,,,,,,,,,,,278,11407.756353255918,10.921875,209.2958984375,-1.0,La Niña,0,0,10.921875,198.3740234375
15195,15195,2,1,Media,5.522517119044442,0,2022-10-05 06:00:00,,,,,,,,,,,,295,2319.9999219977535,28.44775390625,280.16162109375,-1.0,La Niña,0,0,28.44775390625,251.7138671875
25018,25018,3,1,Media,11.909759818668222,0,2022-06-29 19:00:00,,,,,,,,,,,,261,3184.437786435468,22.09765625,348.7421875,-0.9,La Niña,0,0,22.09765625,326.64453125
48791,48791,5,1,Baja,2.880136821729603,0,2022-10-18 10:00:00,,,,,,,,,,,,10,1964.7666205484568,12.953125,173.734375,-1.0,La Niña,0,0,12.953125,160.78125
94,94,2,1,Baja,2.734620868338052,0,2022-08-19 22:00:00,,,,,,,,,,,,30,7820.817288420881,11.17578125,303.53125,-0.9,La Niña,0,0,11.17578125,292.35546875
41995,41995,3,2,Baja,0.6078213068586006,0,2022-06-18 05:00:00,,,,,,,,,,,,339,1445.4108106116212,12.95361328125,182.8798828125,-0.9,La Niña,0,0,12.95361328125,169.92626953125
45719,45719,3,1,Alta,27.79213239634294,1,2022-04-28 04:00:00,,,,,,,,,,,,193,695.2014953871657,34.7978515625,236.7275390625,-1.1,La Niña,0,0,34.7978515625,201.9296875
5879,5879,2,1,Baja,0.5501860009142719,0,2022-10-01 03:00:00,,,,,,,,,,,,278,4554.623827289743,21.58984375,315.2138671875,-1.0,La Niña,0,0,21.58984375,293.6240234375
9289,9289,2,1,Baja,0.6245391301387417,0,2021-06-19 21:00:00,,,,,,,,,,,,278,1560.596861154738,17.52587890625,271.01806640625,-0.4,Neutro,1,0,17.52587890625,253.4921875
10729,10729,2,1,Baja,0.9260696025899033,0,2024-06-20 02:00:00,,,,,,,,,,,,278,2647.8972596720555,11.9384765625,292.1005859375,0.2,Neutro,1,0,11.9384765625,280.162109375
48825,48825,5,1,Baja,1.737703946018522,0,2024-05-05 05:00:00,,,,,,,,,,,,612,2361.1898508148756,13.4619140625,241.553955078125,0.4,Neutro,1,0,13.4619140625,228.092041015625
8435,8435,2,1,Baja,0.6648884267647852,0,2022-04-01 04:00:00,,,,,,,,,,,,278,1522.3302072627082,26.669921875,221.48828125,-1.1,La Niña,0,0,26.669921875,194.818359375
40284,40284,3,2,Baja,0.7028849916871468,0,2023-05-01 00:00:00,,,,,,,,,,,,334,1332.899208242594,15.748046875,131.318359375,0.5,El Niño,2,0,15.748046875,115.5703125
60071,60071,4,1,Muy alta,38.68195391639449,0,2024-06-05 09:00:00,,,,,,,,,,,,418,998.5038803238515,15.494140625,283.71875,0.2,Neutro,1,0,15.494140625,268.224609375
9174,9174,2,3,Baja,0.36596742029015283,0,2024-05-08 03:00:00,,,,,,,,,,,,278,2269.578219140908,21.8447265625,213.3603515625,0.4,Neutro,1,0,21.8447265625,191.515625
20277,20277,2,2,Media,5.0291662574972955,0,2021-12-28 02:00:00,,,,,,,,,,,,539,1525.2880564060138,20.320068359375,87.3759765625,-1.0,La Niña,0,0,20.320068359375,67.055908203125
919,919,2,1,Baja,1.4338545388577937,0,2022-11-17 01:00:00,,,,,,,,,,,,30,6499.092570438243,10.4140625,255.017578125,-0.9,La Niña,0,0,10.4140625,244.603515625
8971,8971,2,3,Baja,1.1632383655119667,0,2021-11-24 23:00:00,,,,,,,,,,,,278,1516.842977117729,16.763671875,263.3974609375,-1.0,La Niña,0,0,16.763671875,246.6337890625
20294,20294,5,1,Media,7.371220507183736,0,2021-12-27 15:00:00,,,,,,,,,,,,10,1566.111458972775,19.55859375,109.220703125,-1.0,La Niña,0,0,19.55859375,89.662109375
33579,33579,2,1,Alta,32.105002352040195,1,2022-04-22 04:00:00,,,,,,,,,,,,127,1598.2221377505427,10.4140625,167.38671875,-1.1,La Niña,0,0,10.4140625,156.97265625
52203,52203,5,1,Media,11.79901806365408,0,2022-06-25 13:00:00,,,,,,,,,,,,11,1803.8299042794035,18.033203125,345.439453125,-0.9,La Niña,0,0,18.033203125,327.40625
52,52,2,1,Baja,3.0190870890973645,0,2024-06-27 01:00:00,,,,,,,,,,,,30,7849.703287986503,13.71484375,318.76953125,0.2,Neutro,1,0,13.71484375,305.0546875
21483,21483,5,1,Alta,34.93893932590114,0,2021-06-18 00:00:00,,,,,,,,,,,,10,1077.7410996696115,12.19140625,277.3671875,-0.4,Neutro,1,0,12.19140625,265.17578125
19372,19372,2,2,Baja,2.739274998005247,0,2024-04-23 16:00:00,,,,,,,,,,,,539,1718.8443971506313,19.81201171875,141.22412109375,0.7,El Niño,2,0,19.81201171875,121.412109375
53163,53163,1,1,Media,6.503722317798247,0,2022-04-01 03:00:00,,,,,,,,,,,,35,343.7728267111432,21.08203125,215.390625,-1.1,La Niña,0,0,21.08203125,194.30859375
4959,4959,2,1,Baja,0.3648617416735751,0,2019-11-07 01:00:00,,,,,,,,,,,,234,2258.050028316135,20.57373046875,216.15380859375,0.5,Neutro,1,0,20.57373046875,195.580078125
11758,11758,2,2,Muy alta,332.9902190648498,0,2022-11-09 03:00:00,,,,,,,,,,,,31,1251.839849091986,11.4296875,151.384765625,-0.9,La Niña,0,0,11.4296875,139.955078125
24513,24513,3,1,Alta,30.22147972669408,0,2022-08-28 12:00:00,,,,,,,,,,,,261,257.4811706115315,19.5576171875,167.8935546875,-0.9,La Niña,0,0,19.5576171875,148.3359375
18941,18941,2,1,Media,10.478176458909592,0,2022-08-19 08:00:00,,,,,,,,,,,,10,3642.963091998363,13.208984375,219.455078125,-0.9,La Niña,0,0,13.208984375,206.24609375
58673,58673,4,3,Alta,19.445885146727587,0,2022-03-22 11:00:00,,,,,,,,,,,,18,665.9249631040196,12.19140625,336.041015625,-1.0,La Niña,0,0,12.19140625,323.849609375
49171,49171,5,3,Media,6.603503492399559,0,2024-05-28 12:00:00,,,,,,,,,,,,612,3934.710223638403,19.30419921875,316.230224609375,0.4,Neutro,1,0,19.30419921875,296.926025390625
13574,13574,2,1,Media,8.904963764093381,0,2024-06-27 01:00:00,,,,,,,,,,,,295,4912.047322311305,32.765625,358.90234375,0.2,Neutro,1,0,32.765625,326.13671875
46623,46623,5,1,Baja,0.6332301062832478,0,2024-05-29 20:00:00,,,,,,,,,,,,320,1203.5644565101816,26.162109375,313.6904296875,0.4,Neutro,1,0,26.162109375,287.5283203125
8199,8199,2,2,Baja,0.631770025124305,0,2023-01-08 04:00:00,,,,,,,,,,,,30,3754.988029971384,14.224609375,54.357421875,-0.7,La Niña,0,0,14.224609375,40.1328125
59062,59062,4,1,Muy alta,40.16198439499763,0,2022-04-06 19:00:00,,,,,,,,,,,,18,853.4102313012429,17.271484375,372.365234375,-1.1,La Niña,0,0,17.271484375,355.09375
4508,4508,2,3,Baja,0.3886926706424904,0,2022-10-22 21:00:00,,,,,,,,,,,,278,7012.965228337409,18.5419921875,275.58984375,-1.0,La Niña,0,0,18.5419921875,257.0478515625
51382,51382,4,1,Muy alta,41.18895602728781,2,2022-10-26 19:00:00,,,,,,,,,,,,11,3853.114728674434,27.94140625,251.4609375,-1.0,La Niña,0,0,27.94140625,223.51953125
29678,29678,3,1,Baja,0.4241040835401138,0,2022-03-25 21:00:00,,,,,,,,,,,,383,1454.0522361294736,18.2880859375,257.3017578125,-1.0,La Niña,0,0,18.2880859375,239.013671875
3028,3028,2,1,Baja,3.7091703538615493,0,2022-10-19 16:00:00,,,,,,,,,,,,30,4386.630870742036,31.75,245.109375,-1.0,La Niña,0,0,31.75,213.359375
807,807,2,2,Media,8.310277960088152,1,2024-06-14 19:00:00,,,,,,,,,,,,30,6340.3985619094055,12.701171875,193.041015625,0.2,Neutro,1,0,12.701171875,180.33984375
8776,8776,2,1,Baja,0.7476179175174427,0,2021-09-07 13:00:00,,,,,,,,,,,,278,1363.590676089674,16.255859375,423.1640625,-0.7,La Niña,0,0,16.255859375,406.908203125
45133,45133,3,3,Alta,34.133372908263404,0,2024-06-14 22:00:00,,,,,,,,,,,,266,428.6250540657368,12.69921875,310.1337890625,0.2,Neutro,1,0,12.69921875,297.4345703125
16155,16155,2,3,Alta,32.17094170467253,0,2021-09-22 10:00:00,,,,,,,,,,,,295,2600.439069779535,17.5263671875,204.72412109375,-0.7,La Niña,0,0,17.5263671875,187.19775390625
22401,22401,5,2,Baja,1.8587280871354308,0,2021-06-13 13:00:00,,,,,,,,,,,,21,668.4726436295924,11.17578125,301.498046875,-0.4,Neutro,1,0,11.17578125,290.322265625
27053,27053,3,1,Baja,3.21797629771158,0,2021-11-26 16:00:00,,,,,,,,,,,,432,3553.6695987300677,17.01806640625,349.50390625,-1.0,La Niña,0,0,17.01806640625,332.48583984375
16451,16451,2,2,Baja,4.132714743588228,0,2022-05-09 01:00:00,,,,,,,,,,,,72,1637.3388267152407,10.4140625,141.4775390625,-1.0,La Niña,0,0,10.4140625,131.0634765625
45949,45949,3,2,Muy alta,44.51469185799047,1,2021-11-08 17:00:00,,,,,,,,,,,,267,394.7643250095797,10.16015625,171.4501953125,-1.0,La Niña,0,0,10.16015625,161.2900390625
40974,40974,3,2,Baja,2.1436904380026274,0,2022-11-09 10:00:00,,,,,,,,,,,,65,626.3135851384656,18.54296875,214.884765625,-0.9,La Niña,0,0,18.54296875,196.341796875
12554,12554,2,3,Baja,0.5999768758507711,0,2022-10-22 20:00:00,,,,,,,,,,,,323,4858.3771876832,62.23046875,214.884765625,-1.0,La Niña,0,0,62.23046875,152.654296875
26036,26036,3,2,Alta,18.141707484826817,0,2021-06-08 00:00:00,,,,,,,,,,,,33,274.30540059360015,12.19140625,322.580078125,-0.4,Neutro,1,0,12.19140625,310.388671875
35812,35812,2,2,Baja,0.7149203216619869,0,2023-11-02 20:00:00,,,,,,,,,,,,32,1389.226744925374,13.20703125,249.681640625,1.9,El Niño,2,0,13.20703125,236.474609375
21783,21783,2,2,Baja,1.8663450320238755,0,2022-10-07 16:00:00,,,,,,,,,,,,281,328.23261572290085,17.017578125,193.8017578125,-1.0,La Niña,0,0,17.017578125,176.7841796875
16094,16094,2,1,Media,8.599724448926333,0,2023-01-06 11:00:00,,,,,,,,,,,,295,1745.9219455594348,18.7958984375,59.68994140625,-0.7,La Niña,0,0,18.7958984375,40.89404296875
14653,14653,2,2,Baja,3.911389244177409,0,2022-06-15 10:00:00,,,,,,,,,,,,295,2903.15131984171,51.56201171875,263.14404296875,-0.9,La Niña,0,0,51.56201171875,211.58203125
9650,9650,2,1,Baja,0.7769146265303705,0,2021-05-05 17:00:00,,,,,,,,,,,,278,1627.1154283508738,21.08203125,229.36181640625,-0.5,La Niña,0,0,21.08203125,208.27978515625
16793,16793,2,2,Media,5.888935014597952,0,2022-04-06 01:00:00,,,,,,,,,,,,51,189.48963642532487,10.66796875,242.31640625,-1.1,La Niña,0,0,10.66796875,231.6484375
7958,7958,2,1,Media,4.953748806234502,0,2023-01-08 17:00:00,,,,,,,,,,,,323,1410.5655044052542,26.923828125,82.8037109375,-0.7,La Niña,0,0,26.923828125,55.8798828125
48578,48578,5,1,Baja,3.2713748778992695,0,2023-05-31 12:00:00,,,,,,,,,,,,4,3333.0603214312364,12.193359375,221.234375,0.5,El Niño,2,0,12.193359375,209.041015625
1643,1643,2,1,Baja,1.0865987319034258,0,2022-08-03 02:00:00,,,,,,,,,,,,234,9790.063791798028,13.7158203125,263.90625,-0.9,La Niña,0,0,13.7158203125,250.1904296875
1763,1763,2,1,Baja,2.4169397955314698,0,2024-05-05 02:00:00,,,,,,,,,,,,30,6021.361062046703,33.78125,204.470703125,0.4,Neutro,1,0,33.78125,170.689453125
22344,22344,2,2,Baja,4.538452249578934,0,2022-10-07 16:00:00,,,,,,,,,,,,376,267.24946794161616,12.69970703125,253.23779296875,-1.0,La Niña,0,0,12.69970703125,240.5380859375
962,962,2,1,Baja,3.5413591548478784,0,2021-03-12 13:00:00,,,,,,,,,,,,234,12728.023548531452,16.76416015625,172.97412109375,-0.8,La Niña,0,0,16.76416015625,156.2099609375
16579,16579,2,1,Media,12.436265477799447,0,2024-06-16 14:00:00,,,,,,,,,,,,72,1867.8029262706934,34.03515625,258.318359375,0.2,Neutro,1,0,34.03515625,224.283203125
46140,46140,3,3,Media,6.263624912674585,0,2021-05-26 21:00:00,,,,,,,,,,,,62,2397.414259670332,27.177734375,381.25390625,-0.5,La Niña,0,0,27.177734375,354.076171875
29608,29608,3,3,Baja,0.33438821108838246,0,2022-05-31 04:00:00,,,,,,,,,,,,383,1312.0259392834203,17.01806640625,289.56005859375,-1.0,La Niña,0,0,17.01806640625,272.5419921875
46589,46589,5,3,Baja,0.4826102879620077,0,2022-10-27 07:00:00,,,,,,,,,,,,320,1227.7835897686975,11.68359375,196.595703125,-1.0,La Niña,0,0,11.68359375,184.912109375
41253,41253,3,3,Baja,3.74323879026345,0,2022-11-01 14:00:00,,,,,,,,,,,,65,528.6897193957633,24.890625,241.552734375,-0.9,La Niña,0,0,24.890625,216.662109375
36716,36716,2,1,Baja,3.6851142998749125,0,2021-11-14 02:00:00,,,,,,,,,,,,389,1646.9718031650614,21.3359375,254.0,-1.0,La Niña,0,0,21.3359375,232.6640625
56236,56236,5,1,Muy alta,43.49544337003138,1,2021-08-25 15:00:00,,,,,,,,,,,,29,728.5948672200225,21.08203125,245.6171875,-0.5,La Niña,0,0,21.08203125,224.53515625
54253,54253,5,1,Alta,26.422070264756567,0,2021-08-26 03:00:00,,,,,,,,,,,,17,402.4883060760324,17.525390625,225.298828125,-0.5,La Niña,0,0,17.525390625,207.7734375
