si_no,periodo,n,run_id
0,2017-06,3,0
0,2020-09,1,0
0,2021-03,15,0
0,2021-04,2,0
0,2021-05,7,0
0,2021-06,20,0
0,2021-08,2,0
0,2021-09,19,0
0,2021-10,2,0
0,2021-11,38,0
0,2021-12,7,0
0,2022-03,26,0
0,2022-04,37,0
0,2022-05,21,0
0,2022-06,52,0
0,2022-07,2,0
0,2022-08,35,0
0,2022-09,54,0
0,2022-10,49,0
0,2022-11,37,0
0,2023-01,9,0
0,2023-03,3,0
0,2023-05,68,0
0,2023-06,3,0
0,2023-10,11,0
0,2023-11,33,0
0,2023-12,3,0
0,2024-04,6,0
0,2024-05,47,0
0,2024-06,48,0
0,2024-07,3,0
0,2024-11,3,0
1,2016-10,1,0
1,2016-12,1,0
1,2017-06,2,0
1,2019-11,1,0
1,2020-09,1,0
1,2021-03,5,0
1,2021-04,1,0
1,2021-05,4,0
1,2021-06,13,0
1,2021-08,3,0
1,2021-09,8,0
1,2021-10,3,0
1,2021-11,20,0
1,2021-12,4,0
1,2022-03,13,0
1,2022-04,16,0
1,2022-05,12,0
1,2022-06,27,0
1,2022-07,1,0
1,2022-08,19,0
1,2022-09,23,0
1,2022-10,28,0
1,2022-11,17,0
1,2023-01,9,0
1,2023-03,2,0
1,2023-05,29,0
1,2023-06,1,0
1,2023-10,5,0
1,2023-11,11,0
1,2023-12,2,0
1,2024-04,2,0
1,2024-05,21,0
1,2024-06,25,0
1,2024-07,1,0
1,2024-11,2,0
0,2017-06,1,1
0,2021-03,4,1
0,2021-04,2,1
0,2021-05,10,1
0,2021-06,23,1
0,2021-08,9,1
0,2021-09,19,1
0,2021-10,5,1
0,2021-11,36,1
0,2021-12,6,1
0,2022-03,34,1
0,2022-04,36,1
0,2022-05,18,1
0,2022-06,50,1
0,2022-07,3,1
0,2022-08,29,1
0,2022-09,64,1
0,2022-10,54,1
0,2022-11,25,1
0,2023-01,18,1
0,2023-03,4,1
0,2023-05,57,1
0,2023-06,3,1
0,2023-10,7,1
0,2023-11,38,1
0,2023-12,4,1
0,2024-04,8,1
0,2024-05,42,1
0,2024-06,50,1
0,2024-07,3,1
0,2024-11,4,1
1,2016-10,1,1
1,2016-12,1,1
1,2017-06,2,1
1,2019-11,1,1
1,2020-09,1,1
1,2021-03,5,1
1,2021-04,1,1
1,2021-05,4,1
1,2021-06,13,1
1,2021-08,3,1
1,2021-09,8,1
1,2021-10,3,1
1,2021-11,20,1
1,2021-12,4,1
1,2022-03,13,1
1,2022-04,16,1
1,2022-05,12,1
1,2022-06,27,1
1,2022-07,1,1
1,2022-08,19,1
1,2022-09,23,1
1,2022-10,28,1
1,2022-11,17,1
1,2023-01,9,1
1,2023-03,2,1
1,2023-05,29,1
1,2023-06,1,1
1,2023-10,5,1
1,2023-11,11,1
1,2023-12,2,1
1,2024-04,2,1
1,2024-05,21,1
1,2024-06,25,1
1,2024-07,1,1
1,2024-11,2,1
0,2016-10,1,2
0,2016-12,3,2
0,2017-06,2,2
0,2019-11,4,2
0,2020-09,2,2
0,2021-03,8,2
0,2021-04,1,2
0,2021-05,6,2
0,2021-06,20,2
0,2021-08,11,2
0,2021-09,13,2
0,2021-10,3,2
0,2021-11,33,2
0,2021-12,5,2
0,2022-03,22,2
0,2022-04,26,2
0,2022-05,30,2
0,2022-06,40,2
0,2022-07,6,2
0,2022-08,51,2
0,2022-09,47,2
0,2022-10,51,2
0,2022-11,30,2
0,2023-01,21,2
0,2023-03,4,2
0,2023-05,75,2
0,2023-06,2,2
0,2023-10,11,2
0,2023-11,25,2
0,2024-04,6,2
0,2024-05,41,2
0,2024-06,61,2
0,2024-07,3,2
0,2024-11,2,2
1,2016-10,1,2
1,2016-12,1,2
1,2017-06,2,2
1,2019-11,1,2
1,2020-09,1,2
1,2021-03,5,2
1,2021-04,1,2
1,2021-05,4,2
1,2021-06,13,2
1,2021-08,3,2
1,2021-09,8,2
1,2021-10,3,2
1,2021-11,20,2
1,2021-12,4,2
1,2022-03,13,2
1,2022-04,16,2
1,2022-05,12,2
1,2022-06,27,2
1,2022-07,1,2
1,2022-08,19,2
1,2022-09,23,2
1,2022-10,28,2
1,2022-11,17,2
1,2023-01,9,2
1,2023-03,2,2
1,2023-05,29,2
1,2023-06,1,2
1,2023-10,5,2
1,2023-11,11,2
1,2023-12,2,2
1,2024-04,2,2
1,2024-05,21,2
1,2024-06,25,2
1,2024-07,1,2
1,2024-11,2,2
0,2016-10,2,3
0,2017-06,4,3
0,2019-11,1,3
0,2020-09,2,3
0,2021-03,7,3
0,2021-04,2,3
0,2021-05,10,3
0,2021-06,30,3
0,2021-08,8,3
0,2021-09,12,3
0,2021-10,4,3
0,2021-11,29,3
0,2021-12,6,3
0,2022-03,20,3
0,2022-04,30,3
0,2022-05,17,3
0,2022-06,46,3
0,2022-07,2,3
0,2022-08,32,3
0,2022-09,48,3
0,2022-10,46,3
0,2022-11,51,3
0,2023-01,21,3
0,2023-03,6,3
0,2023-05,61,3
0,2023-06,3,3
0,2023-10,10,3
0,2023-11,29,3
0,2023-12,2,3
0,2024-04,6,3
0,2024-05,52,3
0,2024-06,63,3
0,2024-11,4,3
1,2016-10,1,3
1,2016-12,1,3
1,2017-06,2,3
1,2019-11,1,3
1,2020-09,1,3
1,2021-03,5,3
1,2021-04,1,3
1,2021-05,4,3
1,2021-06,13,3
1,2021-08,3,3
1,2021-09,8,3
1,2021-10,3,3
1,2021-11,20,3
1,2021-12,4,3
1,2022-03,13,3
1,2022-04,16,3
1,2022-05,12,3
1,2022-06,27,3
1,2022-07,1,3
1,2022-08,19,3
1,2022-09,23,3
1,2022-10,28,3
1,2022-11,17,3
1,2023-01,9,3
1,2023-03,2,3
1,2023-05,29,3
1,2023-06,1,3
1,2023-10,5,3
1,2023-11,11,3
1,2023-12,2,3
1,2024-04,2,3
1,2024-05,21,3
1,2024-06,25,3
1,2024-07,1,3
1,2024-11,2,3
0,2016-12,1,4
0,2017-06,4,4
0,2019-11,1,4
0,2020-09,1,4
0,2021-03,12,4
0,2021-05,7,4
0,2021-06,28,4
0,2021-08,7,4
0,2021-09,18,4
0,2021-10,3,4
0,2021-11,32,4
0,2021-12,4,4
0,2022-03,24,4
0,2022-04,43,4
0,2022-05,19,4
0,2022-06,38,4
0,2022-07,3,4
0,2022-08,40,4
0,2022-09,46,4
0,2022-10,43,4
0,2022-11,39,4
0,2023-01,19,4
0,2023-03,5,4
0,2023-05,62,4
0,2023-06,1,4
0,2023-10,16,4
0,2023-11,22,4
0,2023-12,3,4
0,2024-04,2,4
0,2024-05,57,4
0,2024-06,61,4
0,2024-07,2,4
0,2024-11,3,4
1,2016-10,1,4
1,2016-12,1,4
1,2017-06,2,4
1,2019-11,1,4
1,2020-09,1,4
1,2021-03,5,4
1,2021-04,1,4
1,2021-05,4,4
1,2021-06,13,4
1,2021-08,3,4
1,2021-09,8,4
1,2021-10,3,4
1,2021-11,20,4
1,2021-12,4,4
1,2022-03,13,4
1,2022-04,16,4
1,2022-05,12,4
1,2022-06,27,4
1,2022-07,1,4
1,2022-08,19,4
1,2022-09,23,4
1,2022-10,28,4
1,2022-11,17,4
1,2023-01,9,4
1,2023-03,2,4
1,2023-05,29,4
1,2023-06,1,4
1,2023-10,5,4
1,2023-11,11,4
1,2023-12,2,4
1,2024-04,2,4
1,2024-05,21,4
1,2024-06,25,4
1,2024-07,1,4
1,2024-11,2,4
0,2016-10,1,5
0,2016-12,1,5
0,2017-06,3,5
0,2019-11,6,5
0,2020-09,1,5
0,2021-03,12,5
0,2021-04,4,5
0,2021-05,12,5
0,2021-06,22,5
0,2021-08,6,5
0,2021-09,6,5
0,2021-10,6,5
0,2021-11,37,5
0,2021-12,6,5
0,2022-03,27,5
0,2022-04,25,5
0,2022-05,16,5
0,2022-06,48,5
0,2022-07,1,5
0,2022-08,43,5
0,2022-09,52,5
0,2022-10,49,5
0,2022-11,40,5
0,2023-01,18,5
0,2023-03,7,5
0,2023-05,69,5
0,2023-10,13,5
0,2023-11,23,5
0,2023-12,5,5
0,2024-04,4,5
0,2024-05,36,5
0,2024-06,60,5
0,2024-07,1,5
0,2024-11,6,5
1,2016-10,1,5
1,2016-12,1,5
1,2017-06,2,5
1,2019-11,1,5
1,2020-09,1,5
1,2021-03,5,5
1,2021-04,1,5
1,2021-05,4,5
1,2021-06,13,5
1,2021-08,3,5
1,2021-09,8,5
1,2021-10,3,5
1,2021-11,20,5
1,2021-12,4,5
1,2022-03,13,5
1,2022-04,16,5
1,2022-05,12,5
1,2022-06,27,5
1,2022-07,1,5
1,2022-08,19,5
1,2022-09,23,5
1,2022-10,28,5
1,2022-11,17,5
1,2023-01,9,5
1,2023-03,2,5
1,2023-05,29,5
1,2023-06,1,5
1,2023-10,5,5
1,2023-11,11,5
1,2023-12,2,5
1,2024-04,2,5
1,2024-05,21,5
1,2024-06,25,5
1,2024-07,1,5
1,2024-11,2,5
0,2016-10,1,6
0,2017-06,1,6
0,2019-11,1,6
0,2021-03,8,6
0,2021-04,1,6
0,2021-05,7,6
0,2021-06,23,6
0,2021-08,6,6
0,2021-09,22,6
0,2021-10,6,6
0,2021-11,29,6
0,2021-12,6,6
0,2022-03,31,6
0,2022-04,39,6
0,2022-05,12,6
0,2022-06,49,6
0,2022-08,40,6
0,2022-09,51,6
0,2022-10,57,6
0,2022-11,30,6
0,2023-01,18,6
0,2023-03,11,6
0,2023-05,62,6
0,2023-10,8,6
0,2023-11,18,6
0,2023-12,2,6
0,2024-04,7,6
0,2024-05,51,6
0,2024-06,57,6
0,2024-07,3,6
0,2024-11,9,6
1,2016-10,1,6
1,2016-12,1,6
1,2017-06,2,6
1,2019-11,1,6
1,2020-09,1,6
1,2021-03,5,6
1,2021-04,1,6
1,2021-05,4,6
1,2021-06,13,6
1,2021-08,3,6
1,2021-09,8,6
1,2021-10,3,6
1,2021-11,20,6
1,2021-12,4,6
1,2022-03,13,6
1,2022-04,16,6
1,2022-05,12,6
1,2022-06,27,6
1,2022-07,1,6
1,2022-08,19,6
1,2022-09,23,6
1,2022-10,28,6
1,2022-11,17,6
1,2023-01,9,6
1,2023-03,2,6
1,2023-05,29,6
1,2023-06,1,6
1,2023-10,5,6
1,2023-11,11,6
1,2023-12,2,6
1,2024-04,2,6
1,2024-05,21,6
1,2024-06,25,6
1,2024-07,1,6
1,2024-11,2,6
0,2016-10,2,7
0,2016-12,2,7
0,2017-06,2,7
0,2020-09,1,7
0,2021-03,8,7
0,2021-04,2,7
0,2021-05,13,7
0,2021-06,23,7
0,2021-08,9,7
0,2021-09,13,7
0,2021-10,2,7
0,2021-11,45,7
0,2021-12,4,7
0,2022-03,22,7
0,2022-04,30,7
0,2022-05,21,7
0,2022-06,58,7
0,2022-08,26,7
0,2022-09,47,7
0,2022-10,49,7
0,2022-11,41,7
0,2023-01,15,7
0,2023-03,5,7
0,2023-05,59,7
0,2023-06,3,7
0,2023-10,11,7
0,2023-11,21,7
0,2023-12,4,7
0,2024-04,8,7
0,2024-05,36,7
0,2024-06,77,7
0,2024-07,3,7
0,2024-11,4,7
1,2016-10,1,7
1,2016-12,1,7
1,2017-06,2,7
1,2019-11,1,7
1,2020-09,1,7
1,2021-03,5,7
1,2021-04,1,7
1,2021-05,4,7
1,2021-06,13,7
1,2021-08,3,7
1,2021-09,8,7
1,2021-10,3,7
1,2021-11,20,7
1,2021-12,4,7
1,2022-03,13,7
1,2022-04,16,7
1,2022-05,12,7
1,2022-06,27,7
1,2022-07,1,7
1,2022-08,19,7
1,2022-09,23,7
1,2022-10,28,7
1,2022-11,17,7
1,2023-01,9,7
1,2023-03,2,7
1,2023-05,29,7
1,2023-06,1,7
1,2023-10,5,7
1,2023-11,11,7
1,2023-12,2,7
1,2024-04,2,7
1,2024-05,21,7
1,2024-06,25,7
1,2024-07,1,7
1,2024-11,2,7
0,2016-10,1,8
0,2016-12,2,8
0,2017-06,2,8
0,2019-11,3,8
0,2020-09,3,8
0,2021-03,8,8
0,2021-04,1,8
0,2021-05,9,8
0,2021-06,29,8
0,2021-08,4,8
0,2021-09,7,8
0,2021-10,5,8
0,2021-11,34,8
0,2021-12,7,8
0,2022-03,25,8
0,2022-04,29,8
0,2022-05,21,8
0,2022-06,53,8
0,2022-07,2,8
0,2022-08,27,8
0,2022-09,52,8
0,2022-10,59,8
0,2022-11,35,8
0,2023-01,23,8
0,2023-03,2,8
0,2023-05,72,8
0,2023-10,16,8
0,2023-11,27,8
0,2023-12,10,8
0,2024-04,6,8
0,2024-05,36,8
0,2024-06,47,8
0,2024-07,3,8
0,2024-11,6,8
1,2016-10,1,8
1,2016-12,1,8
1,2017-06,2,8
1,2019-11,1,8
1,2020-09,1,8
1,2021-03,5,8
1,2021-04,1,8
1,2021-05,4,8
1,2021-06,13,8
1,2021-08,3,8
1,2021-09,8,8
1,2021-10,3,8
1,2021-11,20,8
1,2021-12,4,8
1,2022-03,13,8
1,2022-04,16,8
1,2022-05,12,8
1,2022-06,27,8
1,2022-07,1,8
1,2022-08,19,8
1,2022-09,23,8
1,2022-10,28,8
1,2022-11,17,8
1,2023-01,9,8
1,2023-03,2,8
1,2023-05,29,8
1,2023-06,1,8
1,2023-10,5,8
1,2023-11,11,8
1,2023-12,2,8
1,2024-04,2,8
1,2024-05,21,8
1,2024-06,25,8
1,2024-07,1,8
1,2024-11,2,8
0,2016-10,1,9
0,2016-12,1,9
0,2017-06,6,9
0,2020-09,2,9
0,2021-03,6,9
0,2021-04,1,9
0,2021-05,8,9
0,2021-06,20,9
0,2021-08,5,9
0,2021-09,21,9
0,2021-10,6,9
0,2021-11,33,9
0,2021-12,7,9
0,2022-03,22,9
0,2022-04,38,9
0,2022-05,20,9
0,2022-06,52,9
0,2022-07,2,9
0,2022-08,30,9
0,2022-09,43,9
0,2022-10,46,9
0,2022-11,35,9
0,2023-01,17,9
0,2023-03,4,9
0,2023-05,61,9
0,2023-06,3,9
0,2023-10,10,9
0,2023-11,27,9
0,2023-12,3,9
0,2024-04,5,9
0,2024-05,59,9
0,2024-06,64,9
0,2024-07,5,9
0,2024-11,3,9
1,2016-10,1,9
1,2016-12,1,9
1,2017-06,2,9
1,2019-11,1,9
1,2020-09,1,9
1,2021-03,5,9
1,2021-04,1,9
1,2021-05,4,9
1,2021-06,13,9
1,2021-08,3,9
1,2021-09,8,9
1,2021-10,3,9
1,2021-11,20,9
1,2021-12,4,9
1,2022-03,13,9
1,2022-04,16,9
1,2022-05,12,9
1,2022-06,27,9
1,2022-07,1,9
1,2022-08,19,9
1,2022-09,23,9
1,2022-10,28,9
1,2022-11,17,9
1,2023-01,9,9
1,2023-03,2,9
1,2023-05,29,9
1,2023-06,1,9
1,2023-10,5,9
1,2023-11,11,9
1,2023-12,2,9
1,2024-04,2,9
1,2024-05,21,9
1,2024-06,25,9
1,2024-07,1,9
1,2024-11,2,9
0,2017-06,2,10
0,2019-11,1,10
0,2020-09,3,10
0,2021-03,16,10
0,2021-04,4,10
0,2021-05,6,10
0,2021-06,26,10
0,2021-08,6,10
0,2021-09,10,10
0,2021-10,4,10
0,2021-11,42,10
0,2021-12,5,10
0,2022-03,38,10
0,2022-04,33,10
0,2022-05,24,10
0,2022-06,43,10
0,2022-07,1,10
0,2022-08,25,10
0,2022-09,45,10
0,2022-10,54,10
0,2022-11,34,10
0,2023-01,14,10
0,2023-03,5,10
0,2023-05,59,10
0,2023-06,1,10
0,2023-10,13,10
0,2023-11,22,10
0,2023-12,5,10
0,2024-04,4,10
0,2024-05,59,10
0,2024-06,57,10
0,2024-07,3,10
0,2024-11,2,10
1,2016-10,1,10
1,2016-12,1,10
1,2017-06,2,10
1,2019-11,1,10
1,2020-09,1,10
1,2021-03,5,10
1,2021-04,1,10
1,2021-05,4,10
1,2021-06,13,10
1,2021-08,3,10
1,2021-09,8,10
1,2021-10,3,10
1,2021-11,20,10
1,2021-12,4,10
1,2022-03,13,10
1,2022-04,16,10
1,2022-05,12,10
1,2022-06,27,10
1,2022-07,1,10
1,2022-08,19,10
1,2022-09,23,10
1,2022-10,28,10
1,2022-11,17,10
1,2023-01,9,10
1,2023-03,2,10
1,2023-05,29,10
1,2023-06,1,10
1,2023-10,5,10
1,2023-11,11,10
1,2023-12,2,10
1,2024-04,2,10
1,2024-05,21,10
1,2024-06,25,10
1,2024-07,1,10
1,2024-11,2,10
0,2017-06,2,11
0,2019-11,1,11
0,2020-09,2,11
0,2021-03,1,11
0,2021-05,11,11
0,2021-06,19,11
0,2021-08,7,11
0,2021-09,14,11
0,2021-10,5,11
0,2021-11,34,11
0,2021-12,7,11
0,2022-03,27,11
0,2022-04,38,11
0,2022-05,17,11
0,2022-06,50,11
0,2022-07,1,11
0,2022-08,34,11
0,2022-09,54,11
0,2022-10,49,11
0,2022-11,41,11
0,2023-01,17,11
0,2023-03,2,11
0,2023-05,82,11
0,2023-06,2,11
0,2023-10,13,11
0,2023-11,25,11
0,2023-12,5,11
0,2024-04,4,11
0,2024-05,46,11
0,2024-06,53,11
0,2024-11,3,11
1,2016-10,1,11
1,2016-12,1,11
1,2017-06,2,11
1,2019-11,1,11
1,2020-09,1,11
1,2021-03,5,11
1,2021-04,1,11
1,2021-05,4,11
1,2021-06,13,11
1,2021-08,3,11
1,2021-09,8,11
1,2021-10,3,11
1,2021-11,20,11
1,2021-12,4,11
1,2022-03,13,11
1,2022-04,16,11
1,2022-05,12,11
1,2022-06,27,11
1,2022-07,1,11
1,2022-08,19,11
1,2022-09,23,11
1,2022-10,28,11
1,2022-11,17,11
1,2023-01,9,11
1,2023-03,2,11
1,2023-05,29,11
1,2023-06,1,11
1,2023-10,5,11
1,2023-11,11,11
1,2023-12,2,11
1,2024-04,2,11
1,2024-05,21,11
1,2024-06,25,11
1,2024-07,1,11
1,2024-11,2,11
0,2016-10,1,12
0,2017-06,1,12
0,2019-11,2,12
0,2020-09,2,12
0,2021-03,5,12
0,2021-04,2,12
0,2021-05,12,12
0,2021-06,21,12
0,2021-08,3,12
0,2021-09,8,12
0,2021-10,5,12
0,2021-11,48,12
0,2021-12,10,12
0,2022-03,29,12
0,2022-04,23,12
0,2022-05,21,12
0,2022-06,55,12
0,2022-07,1,12
0,2022-08,42,12
0,2022-09,41,12
0,2022-10,72,12
0,2022-11,36,12
0,2023-01,12,12
0,2023-03,5,12
0,2023-05,67,12
0,2023-06,4,12
0,2023-10,11,12
0,2023-11,29,12
0,2023-12,3,12
0,2024-04,4,12
0,2024-05,31,12
0,2024-06,53,12
0,2024-07,3,12
0,2024-11,4,12
1,2016-10,1,12
1,2016-12,1,12
1,2017-06,2,12
1,2019-11,1,12
1,2020-09,1,12
1,2021-03,5,12
1,2021-04,1,12
1,2021-05,4,12
1,2021-06,13,12
1,2021-08,3,12
1,2021-09,8,12
1,2021-10,3,12
1,2021-11,20,12
1,2021-12,4,12
1,2022-03,13,12
1,2022-04,16,12
1,2022-05,12,12
1,2022-06,27,12
1,2022-07,1,12
1,2022-08,19,12
1,2022-09,23,12
1,2022-10,28,12
1,2022-11,17,12
1,2023-01,9,12
1,2023-03,2,12
1,2023-05,29,12
1,2023-06,1,12
1,2023-10,5,12
1,2023-11,11,12
1,2023-12,2,12
1,2024-04,2,12
1,2024-05,21,12
1,2024-06,25,12
1,2024-07,1,12
1,2024-11,2,12
0,2016-10,1,13
0,2017-06,1,13
0,2019-11,1,13
0,2020-09,2,13
0,2021-03,9,13
0,2021-05,7,13
0,2021-06,16,13
0,2021-08,1,13
0,2021-09,15,13
0,2021-10,7,13
0,2021-11,39,13
0,2021-12,1,13
0,2022-03,37,13
0,2022-04,30,13
0,2022-05,22,13
0,2022-06,50,13
0,2022-08,44,13
0,2022-09,53,13
0,2022-10,53,13
0,2022-11,33,13
0,2023-01,15,13
0,2023-03,11,13
0,2023-05,60,13
0,2023-10,7,13
0,2023-11,31,13
0,2023-12,6,13
0,2024-04,5,13
0,2024-05,51,13
0,2024-06,50,13
0,2024-07,3,13
0,2024-11,5,13
1,2016-10,1,13
1,2016-12,1,13
1,2017-06,2,13
1,2019-11,1,13
1,2020-09,1,13
1,2021-03,5,13
1,2021-04,1,13
1,2021-05,4,13
1,2021-06,13,13
1,2021-08,3,13
1,2021-09,8,13
1,2021-10,3,13
1,2021-11,20,13
1,2021-12,4,13
1,2022-03,13,13
1,2022-04,16,13
1,2022-05,12,13
1,2022-06,27,13
1,2022-07,1,13
1,2022-08,19,13
1,2022-09,23,13
1,2022-10,28,13
1,2022-11,17,13
1,2023-01,9,13
1,2023-03,2,13
1,2023-05,29,13
1,2023-06,1,13
1,2023-10,5,13
1,2023-11,11,13
1,2023-12,2,13
1,2024-04,2,13
1,2024-05,21,13
1,2024-06,25,13
1,2024-07,1,13
1,2024-11,2,13
0,2016-10,1,14
0,2016-12,1,14
0,2017-06,2,14
0,2019-11,1,14
0,2021-03,10,14
0,2021-04,1,14
0,2021-05,5,14
0,2021-06,19,14
0,2021-08,6,14
0,2021-09,14,14
0,2021-10,14,14
0,2021-11,33,14
0,2021-12,3,14
0,2022-03,30,14
0,2022-04,31,14
0,2022-05,17,14
0,2022-06,63,14
0,2022-07,3,14
0,2022-08,21,14
0,2022-09,52,14
0,2022-10,62,14
0,2022-11,31,14
0,2023-01,14,14
0,2023-03,5,14
0,2023-05,61,14
0,2023-06,2,14
0,2023-10,17,14
0,2023-11,19,14
0,2023-12,6,14
0,2024-04,4,14
0,2024-05,49,14
0,2024-06,66,14
0,2024-07,1,14
0,2024-11,2,14
1,2016-10,1,14
1,2016-12,1,14
1,2017-06,2,14
1,2019-11,1,14
1,2020-09,1,14
1,2021-03,5,14
1,2021-04,1,14
1,2021-05,4,14
1,2021-06,13,14
1,2021-08,3,14
1,2021-09,8,14
1,2021-10,3,14
1,2021-11,20,14
1,2021-12,4,14
1,2022-03,13,14
1,2022-04,16,14
1,2022-05,12,14
1,2022-06,27,14
1,2022-07,1,14
1,2022-08,19,14
1,2022-09,23,14
1,2022-10,28,14
1,2022-11,17,14
1,2023-01,9,14
1,2023-03,2,14
1,2023-05,29,14
1,2023-06,1,14
1,2023-10,5,14
1,2023-11,11,14
1,2023-12,2,14
1,2024-04,2,14
1,2024-05,21,14
1,2024-06,25,14
1,2024-07,1,14
1,2024-11,2,14
0,2016-10,2,15
0,2017-06,1,15
0,2019-11,4,15
0,2020-09,1,15
0,2021-03,9,15
0,2021-04,2,15
0,2021-05,9,15
0,2021-06,22,15
0,2021-08,8,15
0,2021-09,16,15
0,2021-10,2,15
0,2021-11,42,15
0,2021-12,5,15
0,2022-03,25,15
0,2022-04,30,15
0,2022-05,18,15
0,2022-06,35,15
0,2022-07,2,15
0,2022-08,42,15
0,2022-09,59,15
0,2022-10,47,15
0,2022-11,46,15
0,2023-01,17,15
0,2023-03,6,15
0,2023-05,70,15
0,2023-06,1,15
0,2023-10,13,15
0,2023-11,32,15
0,2023-12,2,15
0,2024-04,5,15
0,2024-05,35,15
0,2024-06,53,15
0,2024-07,2,15
0,2024-11,3,15
1,2016-10,1,15
1,2016-12,1,15
1,2017-06,2,15
1,2019-11,1,15
1,2020-09,1,15
1,2021-03,5,15
1,2021-04,1,15
1,2021-05,4,15
1,2021-06,13,15
1,2021-08,3,15
1,2021-09,8,15
1,2021-10,3,15
1,2021-11,20,15
1,2021-12,4,15
1,2022-03,13,15
1,2022-04,16,15
1,2022-05,12,15
1,2022-06,27,15
1,2022-07,1,15
1,2022-08,19,15
1,2022-09,23,15
1,2022-10,28,15
1,2022-11,17,15
1,2023-01,9,15
1,2023-03,2,15
1,2023-05,29,15
1,2023-06,1,15
1,2023-10,5,15
1,2023-11,11,15
1,2023-12,2,15
1,2024-04,2,15
1,2024-05,21,15
1,2024-06,25,15
1,2024-07,1,15
1,2024-11,2,15
0,2016-10,1,16
0,2017-06,4,16
0,2019-11,4,16
0,2020-09,3,16
0,2021-03,9,16
0,2021-04,1,16
0,2021-05,4,16
0,2021-06,29,16
0,2021-08,7,16
0,2021-09,15,16
0,2021-10,6,16
0,2021-11,32,16
0,2021-12,10,16
0,2022-03,18,16
0,2022-04,25,16
0,2022-05,31,16
0,2022-06,42,16
0,2022-07,2,16
0,2022-08,46,16
0,2022-09,41,16
0,2022-10,53,16
0,2022-11,43,16
0,2023-01,27,16
0,2023-03,2,16
0,2023-05,56,16
0,2023-06,1,16
0,2023-10,12,16
0,2023-11,22,16
0,2023-12,4,16
0,2024-04,3,16
0,2024-05,51,16
0,2024-06,52,16
0,2024-07,4,16
0,2024-11,6,16
1,2016-10,1,16
1,2016-12,1,16
1,2017-06,2,16
1,2019-11,1,16
1,2020-09,1,16
1,2021-03,5,16
1,2021-04,1,16
1,2021-05,4,16
1,2021-06,13,16
1,2021-08,3,16
1,2021-09,8,16
1,2021-10,3,16
1,2021-11,20,16
1,2021-12,4,16
1,2022-03,13,16
1,2022-04,16,16
1,2022-05,12,16
1,2022-06,27,16
1,2022-07,1,16
1,2022-08,19,16
1,2022-09,23,16
1,2022-10,28,16
1,2022-11,17,16
1,2023-01,9,16
1,2023-03,2,16
1,2023-05,29,16
1,2023-06,1,16
1,2023-10,5,16
1,2023-11,11,16
1,2023-12,2,16
1,2024-04,2,16
1,2024-05,21,16
1,2024-06,25,16
1,2024-07,1,16
1,2024-11,2,16
0,2016-10,2,17
0,2016-12,2,17
0,2017-06,2,17
0,2020-09,1,17
0,2021-03,8,17
0,2021-04,1,17
0,2021-05,11,17
0,2021-06,16,17
0,2021-08,2,17
0,2021-09,18,17
0,2021-10,11,17
0,2021-11,42,17
0,2021-12,8,17
0,2022-03,17,17
0,2022-04,38,17
0,2022-05,23,17
0,2022-06,64,17
0,2022-07,1,17
0,2022-08,32,17
0,2022-09,39,17
0,2022-10,46,17
0,2022-11,29,17
0,2023-01,22,17
0,2023-03,7,17
0,2023-05,69,17
0,2023-06,2,17
0,2023-10,17,17
0,2023-11,24,17
0,2023-12,4,17
0,2024-04,3,17
0,2024-05,45,17
0,2024-06,53,17
0,2024-07,5,17
0,2024-11,2,17
1,2016-10,1,17
1,2016-12,1,17
1,2017-06,2,17
1,2019-11,1,17
1,2020-09,1,17
1,2021-03,5,17
1,2021-04,1,17
1,2021-05,4,17
1,2021-06,13,17
1,2021-08,3,17
1,2021-09,8,17
1,2021-10,3,17
1,2021-11,20,17
1,2021-12,4,17
1,2022-03,13,17
1,2022-04,16,17
1,2022-05,12,17
1,2022-06,27,17
1,2022-07,1,17
1,2022-08,19,17
1,2022-09,23,17
1,2022-10,28,17
1,2022-11,17,17
1,2023-01,9,17
1,2023-03,2,17
1,2023-05,29,17
1,2023-06,1,17
1,2023-10,5,17
1,2023-11,11,17
1,2023-12,2,17
1,2024-04,2,17
1,2024-05,21,17
1,2024-06,25,17
1,2024-07,1,17
1,2024-11,2,17
0,2017-06,1,18
0,2019-11,2,18
0,2020-09,4,18
0,2021-03,4,18
0,2021-04,3,18
0,2021-05,3,18
0,2021-06,19,18
0,2021-08,6,18
0,2021-09,18,18
0,2021-10,4,18
0,2021-11,54,18
0,2021-12,9,18
0,2022-03,19,18
0,2022-04,33,18
0,2022-05,22,18
0,2022-06,59,18
0,2022-08,37,18
0,2022-09,49,18
0,2022-10,48,18
0,2022-11,29,18
0,2023-01,20,18
0,2023-03,4,18
0,2023-05,69,18
0,2023-06,1,18
0,2023-10,8,18
0,2023-11,26,18
0,2023-12,3,18
0,2024-04,2,18
0,2024-05,39,18
0,2024-06,64,18
0,2024-07,3,18
0,2024-11,4,18
1,2016-10,1,18
1,2016-12,1,18
1,2017-06,2,18
1,2019-11,1,18
1,2020-09,1,18
1,2021-03,5,18
1,2021-04,1,18
1,2021-05,4,18
1,2021-06,13,18
1,2021-08,3,18
1,2021-09,8,18
1,2021-10,3,18
1,2021-11,20,18
1,2021-12,4,18
1,2022-03,13,18
1,2022-04,16,18
1,2022-05,12,18
1,2022-06,27,18
1,2022-07,1,18
1,2022-08,19,18
1,2022-09,23,18
1,2022-10,28,18
1,2022-11,17,18
1,2023-01,9,18
1,2023-03,2,18
1,2023-05,29,18
1,2023-06,1,18
1,2023-10,5,18
1,2023-11,11,18
1,2023-12,2,18
1,2024-04,2,18
1,2024-05,21,18
1,2024-06,25,18
1,2024-07,1,18
1,2024-11,2,18
0,2017-06,1,19
0,2019-11,1,19
0,2020-09,3,19
0,2021-03,10,19
0,2021-04,1,19
0,2021-05,6,19
0,2021-06,32,19
0,2021-08,6,19
0,2021-09,12,19
0,2021-10,4,19
0,2021-11,50,19
0,2021-12,6,19
0,2022-03,34,19
0,2022-04,37,19
0,2022-05,18,19
0,2022-06,41,19
0,2022-07,4,19
0,2022-08,35,19
0,2022-09,35,19
0,2022-10,40,19
0,2022-11,50,19
0,2023-01,24,19
0,2023-03,3,19
0,2023-05,79,19
0,2023-06,2,19
0,2023-10,12,19
0,2023-11,17,19
0,2023-12,2,19
0,2024-04,6,19
0,2024-05,46,19
0,2024-06,44,19
0,2024-07,2,19
0,2024-11,3,19
1,2016-10,1,19
1,2016-12,1,19
1,2017-06,2,19
1,2019-11,1,19
1,2020-09,1,19
1,2021-03,5,19
1,2021-04,1,19
1,2021-05,4,19
1,2021-06,13,19
1,2021-08,3,19
1,2021-09,8,19
1,2021-10,3,19
1,2021-11,20,19
1,2021-12,4,19
1,2022-03,13,19
1,2022-04,16,19
1,2022-05,12,19
1,2022-06,27,19
1,2022-07,1,19
1,2022-08,19,19
1,2022-09,23,19
1,2022-10,28,19
1,2022-11,17,19
1,2023-01,9,19
1,2023-03,2,19
1,2023-05,29,19
1,2023-06,1,19
1,2023-10,5,19
1,2023-11,11,19
1,2023-12,2,19
1,2024-04,2,19
1,2024-05,21,19
1,2024-06,25,19
1,2024-07,1,19
1,2024-11,2,19
0,2017-06,3,20
0,2019-11,3,20
0,2020-09,1,20
0,2021-03,12,20
0,2021-04,1,20
0,2021-05,6,20
0,2021-06,19,20
0,2021-08,9,20
0,2021-09,15,20
0,2021-10,8,20
0,2021-11,42,20
0,2021-12,5,20
0,2022-03,26,20
0,2022-04,30,20
0,2022-05,16,20
0,2022-06,44,20
0,2022-07,2,20
0,2022-08,39,20
0,2022-09,57,20
0,2022-10,60,20
0,2022-11,45,20
0,2023-01,19,20
0,2023-03,5,20
0,2023-05,55,20
0,2023-06,5,20
0,2023-10,11,20
0,2023-11,19,20
0,2023-12,1,20
0,2024-05,56,20
0,2024-06,47,20
0,2024-07,2,20
0,2024-11,3,20
1,2016-10,1,20
1,2016-12,1,20
1,2017-06,2,20
1,2019-11,1,20
1,2020-09,1,20
1,2021-03,5,20
1,2021-04,1,20
1,2021-05,4,20
1,2021-06,13,20
1,2021-08,3,20
1,2021-09,8,20
1,2021-10,3,20
1,2021-11,20,20
1,2021-12,4,20
1,2022-03,13,20
1,2022-04,16,20
1,2022-05,12,20
1,2022-06,27,20
1,2022-07,1,20
1,2022-08,19,20
1,2022-09,23,20
1,2022-10,28,20
1,2022-11,17,20
1,2023-01,9,20
1,2023-03,2,20
1,2023-05,29,20
1,2023-06,1,20
1,2023-10,5,20
1,2023-11,11,20
1,2023-12,2,20
1,2024-04,2,20
1,2024-05,21,20
1,2024-06,25,20
1,2024-07,1,20
1,2024-11,2,20
0,2016-10,1,21
0,2016-12,1,21
0,2017-06,1,21
0,2021-03,10,21
0,2021-04,1,21
0,2021-05,5,21
0,2021-06,21,21
0,2021-08,9,21
0,2021-09,19,21
0,2021-10,3,21
0,2021-11,41,21
0,2021-12,4,21
0,2022-03,24,21
0,2022-04,33,21
0,2022-05,21,21
0,2022-06,50,21
0,2022-07,5,21
0,2022-08,36,21
0,2022-09,53,21
0,2022-10,39,21
0,2022-11,38,21
0,2023-01,16,21
0,2023-03,3,21
0,2023-05,72,21
0,2023-06,4,21
0,2023-10,9,21
0,2023-11,24,21
0,2023-12,6,21
0,2024-04,10,21
0,2024-05,43,21
0,2024-06,59,21
0,2024-07,1,21
0,2024-11,4,21
1,2016-10,1,21
1,2016-12,1,21
1,2017-06,2,21
1,2019-11,1,21
1,2020-09,1,21
1,2021-03,5,21
1,2021-04,1,21
1,2021-05,4,21
1,2021-06,13,21
1,2021-08,3,21
1,2021-09,8,21
1,2021-10,3,21
1,2021-11,20,21
1,2021-12,4,21
1,2022-03,13,21
1,2022-04,16,21
1,2022-05,12,21
1,2022-06,27,21
1,2022-07,1,21
1,2022-08,19,21
1,2022-09,23,21
1,2022-10,28,21
1,2022-11,17,21
1,2023-01,9,21
1,2023-03,2,21
1,2023-05,29,21
1,2023-06,1,21
1,2023-10,5,21
1,2023-11,11,21
1,2023-12,2,21
1,2024-04,2,21
1,2024-05,21,21
1,2024-06,25,21
1,2024-07,1,21
1,2024-11,2,21
0,2017-06,2,22
0,2019-11,1,22
0,2021-03,9,22
0,2021-05,10,22
0,2021-06,28,22
0,2021-08,4,22
0,2021-09,18,22
0,2021-10,3,22
0,2021-11,47,22
0,2021-12,5,22
0,2022-03,23,22
0,2022-04,35,22
0,2022-05,23,22
0,2022-06,63,22
0,2022-07,3,22
0,2022-08,36,22
0,2022-09,38,22
0,2022-10,51,22
0,2022-11,36,22
0,2023-01,23,22
0,2023-03,4,22
0,2023-05,56,22
0,2023-10,12,22
0,2023-11,13,22
0,2023-12,4,22
0,2024-04,3,22
0,2024-05,49,22
0,2024-06,60,22
0,2024-07,3,22
0,2024-11,4,22
1,2016-10,1,22
1,2016-12,1,22
1,2017-06,2,22
1,2019-11,1,22
1,2020-09,1,22
1,2021-03,5,22
1,2021-04,1,22
1,2021-05,4,22
1,2021-06,13,22
1,2021-08,3,22
1,2021-09,8,22
1,2021-10,3,22
1,2021-11,20,22
1,2021-12,4,22
1,2022-03,13,22
1,2022-04,16,22
1,2022-05,12,22
1,2022-06,27,22
1,2022-07,1,22
1,2022-08,19,22
1,2022-09,23,22
1,2022-10,28,22
1,2022-11,17,22
1,2023-01,9,22
1,2023-03,2,22
1,2023-05,29,22
1,2023-06,1,22
1,2023-10,5,22
1,2023-11,11,22
1,2023-12,2,22
1,2024-04,2,22
1,2024-05,21,22
1,2024-06,25,22
1,2024-07,1,22
1,2024-11,2,22
0,2016-10,1,23
0,2016-12,1,23
0,2017-06,5,23
0,2019-11,2,23
0,2020-09,1,23
0,2021-03,9,23
0,2021-04,2,23
0,2021-05,5,23
0,2021-06,21,23
0,2021-08,7,23
0,2021-09,5,23
0,2021-10,6,23
0,2021-11,33,23
0,2021-12,10,23
0,2022-03,25,23
0,2022-04,42,23
0,2022-05,20,23
0,2022-06,54,23
0,2022-07,3,23
0,2022-08,21,23
0,2022-09,56,23
0,2022-10,66,23
0,2022-11,33,23
0,2023-01,21,23
0,2023-03,5,23
0,2023-05,65,23
0,2023-10,13,23
0,2023-11,20,23
0,2023-12,4,23
0,2024-04,4,23
0,2024-05,42,23
0,2024-06,58,23
0,2024-07,3,23
0,2024-11,3,23
1,2016-10,1,23
1,2016-12,1,23
1,2017-06,2,23
1,2019-11,1,23
1,2020-09,1,23
1,2021-03,5,23
1,2021-04,1,23
1,2021-05,4,23
1,2021-06,13,23
1,2021-08,3,23
1,2021-09,8,23
1,2021-10,3,23
1,2021-11,20,23
1,2021-12,4,23
1,2022-03,13,23
1,2022-04,16,23
1,2022-05,12,23
1,2022-06,27,23
1,2022-07,1,23
1,2022-08,19,23
1,2022-09,23,23
1,2022-10,28,23
1,2022-11,17,23
1,2023-01,9,23
1,2023-03,2,23
1,2023-05,29,23
1,2023-06,1,23
1,2023-10,5,23
1,2023-11,11,23
1,2023-12,2,23
1,2024-04,2,23
1,2024-05,21,23
1,2024-06,25,23
1,2024-07,1,23
1,2024-11,2,23
0,2016-10,1,24
0,2016-12,1,24
0,2017-06,1,24
0,2020-09,4,24
0,2021-03,8,24
0,2021-04,2,24
0,2021-05,12,24
0,2021-06,28,24
0,2021-08,3,24
0,2021-09,8,24
0,2021-10,7,24
0,2021-11,42,24
0,2021-12,2,24
0,2022-03,28,24
0,2022-04,38,24
0,2022-05,21,24
0,2022-06,43,24
0,2022-07,2,24
0,2022-08,29,24
0,2022-09,45,24
0,2022-10,45,24
0,2022-11,39,24
0,2023-01,12,24
0,2023-03,4,24
0,2023-05,58,24
0,2023-06,3,24
0,2023-10,13,24
0,2023-11,33,24
0,2023-12,6,24
0,2024-04,3,24
0,2024-05,59,24
0,2024-06,54,24
0,2024-07,3,24
0,2024-11,9,24
1,2016-10,1,24
1,2016-12,1,24
1,2017-06,2,24
1,2019-11,1,24
1,2020-09,1,24
1,2021-03,5,24
1,2021-04,1,24
1,2021-05,4,24
1,2021-06,13,24
1,2021-08,3,24
1,2021-09,8,24
1,2021-10,3,24
1,2021-11,20,24
1,2021-12,4,24
1,2022-03,13,24
1,2022-04,16,24
1,2022-05,12,24
1,2022-06,27,24
1,2022-07,1,24
1,2022-08,19,24
1,2022-09,23,24
1,2022-10,28,24
1,2022-11,17,24
1,2023-01,9,24
1,2023-03,2,24
1,2023-05,29,24
1,2023-06,1,24
1,2023-10,5,24
1,2023-11,11,24
1,2023-12,2,24
1,2024-04,2,24
1,2024-05,21,24
1,2024-06,25,24
1,2024-07,1,24
1,2024-11,2,24
0,2016-10,2,25
0,2017-06,1,25
0,2021-03,5,25
0,2021-04,1,25
0,2021-05,7,25
0,2021-06,25,25
0,2021-08,5,25
0,2021-09,23,25
0,2021-10,2,25
0,2021-11,33,25
0,2021-12,2,25
0,2022-03,30,25
0,2022-04,31,25
0,2022-05,34,25
0,2022-06,53,25
0,2022-07,3,25
0,2022-08,43,25
0,2022-09,48,25
0,2022-10,54,25
0,2022-11,36,25
0,2023-01,16,25
0,2023-03,2,25
0,2023-05,67,25
0,2023-10,11,25
0,2023-11,24,25
0,2023-12,6,25
0,2024-04,4,25
0,2024-05,45,25
0,2024-06,49,25
0,2024-11,4,25
1,2016-10,1,25
1,2016-12,1,25
1,2017-06,2,25
1,2019-11,1,25
1,2020-09,1,25
1,2021-03,5,25
1,2021-04,1,25
1,2021-05,4,25
1,2021-06,13,25
1,2021-08,3,25
1,2021-09,8,25
1,2021-10,3,25
1,2021-11,20,25
1,2021-12,4,25
1,2022-03,13,25
1,2022-04,16,25
1,2022-05,12,25
1,2022-06,27,25
1,2022-07,1,25
1,2022-08,19,25
1,2022-09,23,25
1,2022-10,28,25
1,2022-11,17,25
1,2023-01,9,25
1,2023-03,2,25
1,2023-05,29,25
1,2023-06,1,25
1,2023-10,5,25
1,2023-11,11,25
1,2023-12,2,25
1,2024-04,2,25
1,2024-05,21,25
1,2024-06,25,25
1,2024-07,1,25
1,2024-11,2,25
0,2017-06,2,26
0,2020-09,1,26
0,2021-03,12,26
0,2021-04,3,26
0,2021-05,10,26
0,2021-06,25,26
0,2021-08,5,26
0,2021-09,12,26
0,2021-10,6,26
0,2021-11,46,26
0,2021-12,5,26
0,2022-03,19,26
0,2022-04,24,26
0,2022-05,20,26
0,2022-06,44,26
0,2022-07,4,26
0,2022-08,37,26
0,2022-09,53,26
0,2022-10,43,26
0,2022-11,47,26
0,2023-01,12,26
0,2023-03,3,26
0,2023-05,71,26
0,2023-10,11,26
0,2023-11,28,26
0,2023-12,4,26
0,2024-04,5,26
0,2024-05,46,26
0,2024-06,62,26
0,2024-07,2,26
0,2024-11,4,26
1,2016-10,1,26
1,2016-12,1,26
1,2017-06,2,26
1,2019-11,1,26
1,2020-09,1,26
1,2021-03,5,26
1,2021-04,1,26
1,2021-05,4,26
1,2021-06,13,26
1,2021-08,3,26
1,2021-09,8,26
1,2021-10,3,26
1,2021-11,20,26
1,2021-12,4,26
1,2022-03,13,26
1,2022-04,16,26
1,2022-05,12,26
1,2022-06,27,26
1,2022-07,1,26
1,2022-08,19,26
1,2022-09,23,26
1,2022-10,28,26
1,2022-11,17,26
1,2023-01,9,26
1,2023-03,2,26
1,2023-05,29,26
1,2023-06,1,26
1,2023-10,5,26
1,2023-11,11,26
1,2023-12,2,26
1,2024-04,2,26
1,2024-05,21,26
1,2024-06,25,26
1,2024-07,1,26
1,2024-11,2,26
0,2016-10,1,27
0,2016-12,1,27
0,2017-06,2,27
0,2019-11,1,27
0,2020-09,4,27
0,2021-03,11,27
0,2021-04,1,27
0,2021-05,7,27
0,2021-06,21,27
0,2021-08,9,27
0,2021-09,12,27
0,2021-10,3,27
0,2021-11,35,27
0,2021-12,8,27
0,2022-03,31,27
0,2022-04,16,27
0,2022-05,24,27
0,2022-06,63,27
0,2022-08,52,27
0,2022-09,42,27
0,2022-10,52,27
0,2022-11,27,27
0,2023-01,19,27
0,2023-03,6,27
0,2023-05,56,27
0,2023-06,4,27
0,2023-10,14,27
0,2023-11,31,27
0,2023-12,2,27
0,2024-04,3,27
0,2024-05,48,27
0,2024-06,53,27
0,2024-07,1,27
0,2024-11,6,27
1,2016-10,1,27
1,2016-12,1,27
1,2017-06,2,27
1,2019-11,1,27
1,2020-09,1,27
1,2021-03,5,27
1,2021-04,1,27
1,2021-05,4,27
1,2021-06,13,27
1,2021-08,3,27
1,2021-09,8,27
1,2021-10,3,27
1,2021-11,20,27
1,2021-12,4,27
1,2022-03,13,27
1,2022-04,16,27
1,2022-05,12,27
1,2022-06,27,27
1,2022-07,1,27
1,2022-08,19,27
1,2022-09,23,27
1,2022-10,28,27
1,2022-11,17,27
1,2023-01,9,27
1,2023-03,2,27
1,2023-05,29,27
1,2023-06,1,27
1,2023-10,5,27
1,2023-11,11,27
1,2023-12,2,27
1,2024-04,2,27
1,2024-05,21,27
1,2024-06,25,27
1,2024-07,1,27
1,2024-11,2,27
0,2017-06,3,28
0,2019-11,1,28
0,2020-09,1,28
0,2021-03,7,28
0,2021-04,4,28
0,2021-05,8,28
0,2021-06,17,28
0,2021-08,9,28
0,2021-09,15,28
0,2021-10,6,28
0,2021-11,35,28
0,2021-12,5,28
0,2022-03,31,28
0,2022-04,23,28
0,2022-05,22,28
0,2022-06,56,28
0,2022-07,1,28
0,2022-08,40,28
0,2022-09,41,28
0,2022-10,57,28
0,2022-11,33,28
0,2023-01,20,28
0,2023-03,8,28
0,2023-05,63,28
0,2023-06,4,28
0,2023-10,16,28
0,2023-11,18,28
0,2023-12,5,28
0,2024-04,2,28
0,2024-05,59,28
0,2024-06,54,28
0,2024-07,1,28
0,2024-11,1,28
1,2016-10,1,28
1,2016-12,1,28
1,2017-06,2,28
1,2019-11,1,28
1,2020-09,1,28
1,2021-03,5,28
1,2021-04,1,28
1,2021-05,4,28
1,2021-06,13,28
1,2021-08,3,28
1,2021-09,8,28
1,2021-10,3,28
1,2021-11,20,28
1,2021-12,4,28
1,2022-03,13,28
1,2022-04,16,28
1,2022-05,12,28
1,2022-06,27,28
1,2022-07,1,28
1,2022-08,19,28
1,2022-09,23,28
1,2022-10,28,28
1,2022-11,17,28
1,2023-01,9,28
1,2023-03,2,28
1,2023-05,29,28
1,2023-06,1,28
1,2023-10,5,28
1,2023-11,11,28
1,2023-12,2,28
1,2024-04,2,28
1,2024-05,21,28
1,2024-06,25,28
1,2024-07,1,28
1,2024-11,2,28
0,2016-12,2,29
0,2017-06,1,29
0,2020-09,3,29
0,2021-03,6,29
0,2021-04,3,29
0,2021-05,12,29
0,2021-06,20,29
0,2021-08,7,29
0,2021-09,15,29
0,2021-10,10,29
0,2021-11,39,29
0,2021-12,3,29
0,2022-03,23,29
0,2022-04,32,29
0,2022-05,16,29
0,2022-06,48,29
0,2022-07,2,29
0,2022-08,35,29
0,2022-09,49,29
0,2022-10,33,29
0,2022-11,47,29
0,2023-01,14,29
0,2023-03,5,29
0,2023-05,64,29
0,2023-06,4,29
0,2023-10,12,29
0,2023-11,29,29
0,2023-12,1,29
0,2024-04,9,29
0,2024-05,54,29
0,2024-06,56,29
0,2024-07,5,29
0,2024-11,7,29
1,2016-10,1,29
1,2016-12,1,29
1,2017-06,2,29
1,2019-11,1,29
1,2020-09,1,29
1,2021-03,5,29
1,2021-04,1,29
1,2021-05,4,29
1,2021-06,13,29
1,2021-08,3,29
1,2021-09,8,29
1,2021-10,3,29
1,2021-11,20,29
1,2021-12,4,29
1,2022-03,13,29
1,2022-04,16,29
1,2022-05,12,29
1,2022-06,27,29
1,2022-07,1,29
1,2022-08,19,29
1,2022-09,23,29
1,2022-10,28,29
1,2022-11,17,29
1,2023-01,9,29
1,2023-03,2,29
1,2023-05,29,29
1,2023-06,1,29
1,2023-10,5,29
1,2023-11,11,29
1,2023-12,2,29
1,2024-04,2,29
1,2024-05,21,29
1,2024-06,25,29
1,2024-07,1,29
1,2024-11,2,29
0,2016-10,2,30
0,2016-12,1,30
0,2017-06,2,30
0,2020-09,1,30
0,2021-03,10,30
0,2021-04,2,30
0,2021-05,9,30
0,2021-06,22,30
0,2021-08,9,30
0,2021-09,20,30
0,2021-10,3,30
0,2021-11,42,30
0,2021-12,2,30
0,2022-03,16,30
0,2022-04,33,30
0,2022-05,14,30
0,2022-06,57,30
0,2022-07,1,30
0,2022-08,23,30
0,2022-09,41,30
0,2022-10,47,30
0,2022-11,39,30
0,2023-01,28,30
0,2023-03,4,30
0,2023-05,71,30
0,2023-06,3,30
0,2023-10,16,30
0,2023-11,27,30
0,2023-12,4,30
0,2024-04,2,30
0,2024-05,55,30
0,2024-06,49,30
0,2024-07,5,30
0,2024-11,6,30
1,2016-10,1,30
1,2016-12,1,30
1,2017-06,2,30
1,2019-11,1,30
1,2020-09,1,30
1,2021-03,5,30
1,2021-04,1,30
1,2021-05,4,30
1,2021-06,13,30
1,2021-08,3,30
1,2021-09,8,30
1,2021-10,3,30
1,2021-11,20,30
1,2021-12,4,30
1,2022-03,13,30
1,2022-04,16,30
1,2022-05,12,30
1,2022-06,27,30
1,2022-07,1,30
1,2022-08,19,30
1,2022-09,23,30
1,2022-10,28,30
1,2022-11,17,30
1,2023-01,9,30
1,2023-03,2,30
1,2023-05,29,30
1,2023-06,1,30
1,2023-10,5,30
1,2023-11,11,30
1,2023-12,2,30
1,2024-04,2,30
1,2024-05,21,30
1,2024-06,25,30
1,2024-07,1,30
1,2024-11,2,30
0,2016-10,1,31
0,2016-12,1,31
0,2017-06,2,31
0,2019-11,2,31
0,2020-09,1,31
0,2021-03,6,31
0,2021-04,2,31
0,2021-05,6,31
0,2021-06,25,31
0,2021-08,5,31
0,2021-09,11,31
0,2021-10,5,31
0,2021-11,37,31
0,2021-12,8,31
0,2022-03,26,31
0,2022-04,28,31
0,2022-05,25,31
0,2022-06,60,31
0,2022-07,2,31
0,2022-08,42,31
0,2022-09,51,31
0,2022-10,49,31
0,2022-11,33,31
0,2023-01,20,31
0,2023-03,1,31
0,2023-05,66,31
0,2023-06,2,31
0,2023-10,10,31
0,2023-11,25,31
0,2023-12,4,31
0,2024-04,5,31
0,2024-05,48,31
0,2024-06,49,31
0,2024-11,8,31
1,2016-10,1,31
1,2016-12,1,31
1,2017-06,2,31
1,2019-11,1,31
1,2020-09,1,31
1,2021-03,5,31
1,2021-04,1,31
1,2021-05,4,31
1,2021-06,13,31
1,2021-08,3,31
1,2021-09,8,31
1,2021-10,3,31
1,2021-11,20,31
1,2021-12,4,31
1,2022-03,13,31
1,2022-04,16,31
1,2022-05,12,31
1,2022-06,27,31
1,2022-07,1,31
1,2022-08,19,31
1,2022-09,23,31
1,2022-10,28,31
1,2022-11,17,31
1,2023-01,9,31
1,2023-03,2,31
1,2023-05,29,31
1,2023-06,1,31
1,2023-10,5,31
1,2023-11,11,31
1,2023-12,2,31
1,2024-04,2,31
1,2024-05,21,31
1,2024-06,25,31
1,2024-07,1,31
1,2024-11,2,31
0,2017-06,3,32
0,2020-09,1,32
0,2021-03,7,32
0,2021-04,3,32
0,2021-05,11,32
0,2021-06,20,32
0,2021-08,8,32
0,2021-09,13,32
0,2021-10,5,32
0,2021-11,40,32
0,2021-12,5,32
0,2022-03,28,32
0,2022-04,40,32
0,2022-05,21,32
0,2022-06,39,32
0,2022-07,3,32
0,2022-08,25,32
0,2022-09,48,32
0,2022-10,60,32
0,2022-11,32,32
0,2023-01,17,32
0,2023-03,9,32
0,2023-05,60,32
0,2023-06,1,32
0,2023-10,12,32
0,2023-11,27,32
0,2023-12,4,32
0,2024-04,4,32
0,2024-05,47,32
0,2024-06,65,32
0,2024-07,2,32
0,2024-11,6,32
1,2016-10,1,32
1,2016-12,1,32
1,2017-06,2,32
1,2019-11,1,32
1,2020-09,1,32
1,2021-03,5,32
1,2021-04,1,32
1,2021-05,4,32
1,2021-06,13,32
1,2021-08,3,32
1,2021-09,8,32
1,2021-10,3,32
1,2021-11,20,32
1,2021-12,4,32
1,2022-03,13,32
1,2022-04,16,32
1,2022-05,12,32
1,2022-06,27,32
1,2022-07,1,32
1,2022-08,19,32
1,2022-09,23,32
1,2022-10,28,32
1,2022-11,17,32
1,2023-01,9,32
1,2023-03,2,32
1,2023-05,29,32
1,2023-06,1,32
1,2023-10,5,32
1,2023-11,11,32
1,2023-12,2,32
1,2024-04,2,32
1,2024-05,21,32
1,2024-06,25,32
1,2024-07,1,32
1,2024-11,2,32
0,2016-12,1,33
0,2017-06,1,33
0,2019-11,2,33
0,2020-09,2,33
0,2021-03,4,33
0,2021-04,2,33
0,2021-05,6,33
0,2021-06,23,33
0,2021-08,5,33
0,2021-09,9,33
0,2021-10,2,33
0,2021-11,43,33
0,2021-12,4,33
0,2022-03,14,33
0,2022-04,30,33
0,2022-05,29,33
0,2022-06,40,33
0,2022-07,4,33
0,2022-08,54,33
0,2022-09,48,33
0,2022-10,67,33
0,2022-11,30,33
0,2023-01,24,33
0,2023-03,6,33
0,2023-05,63,33
0,2023-10,9,33
0,2023-11,35,33
0,2023-12,6,33
0,2024-04,5,33
0,2024-05,44,33
0,2024-06,45,33
0,2024-07,2,33
0,2024-11,7,33
1,2016-10,1,33
1,2016-12,1,33
1,2017-06,2,33
1,2019-11,1,33
1,2020-09,1,33
1,2021-03,5,33
1,2021-04,1,33
1,2021-05,4,33
1,2021-06,13,33
1,2021-08,3,33
1,2021-09,8,33
1,2021-10,3,33
1,2021-11,20,33
1,2021-12,4,33
1,2022-03,13,33
1,2022-04,16,33
1,2022-05,12,33
1,2022-06,27,33
1,2022-07,1,33
1,2022-08,19,33
1,2022-09,23,33
1,2022-10,28,33
1,2022-11,17,33
1,2023-01,9,33
1,2023-03,2,33
1,2023-05,29,33
1,2023-06,1,33
1,2023-10,5,33
1,2023-11,11,33
1,2023-12,2,33
1,2024-04,2,33
1,2024-05,21,33
1,2024-06,25,33
1,2024-07,1,33
1,2024-11,2,33
0,2016-12,2,34
0,2017-06,2,34
0,2019-11,1,34
0,2020-09,3,34
0,2021-03,9,34
0,2021-04,2,34
0,2021-05,10,34
0,2021-06,27,34
0,2021-08,7,34
0,2021-09,12,34
0,2021-10,5,34
0,2021-11,41,34
0,2021-12,4,34
0,2022-03,31,34
0,2022-04,31,34
0,2022-05,33,34
0,2022-06,36,34
0,2022-07,2,34
0,2022-08,31,34
0,2022-09,45,34
0,2022-10,52,34
0,2022-11,30,34
0,2023-01,20,34
0,2023-03,4,34
0,2023-05,66,34
0,2023-06,3,34
0,2023-10,17,34
0,2023-11,27,34
0,2023-12,3,34
0,2024-04,4,34
0,2024-05,41,34
0,2024-06,56,34
0,2024-07,5,34
0,2024-11,4,34
1,2016-10,1,34
1,2016-12,1,34
1,2017-06,2,34
1,2019-11,1,34
1,2020-09,1,34
1,2021-03,5,34
1,2021-04,1,34
1,2021-05,4,34
1,2021-06,13,34
1,2021-08,3,34
1,2021-09,8,34
1,2021-10,3,34
1,2021-11,20,34
1,2021-12,4,34
1,2022-03,13,34
1,2022-04,16,34
1,2022-05,12,34
1,2022-06,27,34
1,2022-07,1,34
1,2022-08,19,34
1,2022-09,23,34
1,2022-10,28,34
1,2022-11,17,34
1,2023-01,9,34
1,2023-03,2,34
1,2023-05,29,34
1,2023-06,1,34
1,2023-10,5,34
1,2023-11,11,34
1,2023-12,2,34
1,2024-04,2,34
1,2024-05,21,34
1,2024-06,25,34
1,2024-07,1,34
1,2024-11,2,34
0,2016-10,1,35
0,2017-06,3,35
0,2019-11,2,35
0,2020-09,3,35
0,2021-03,5,35
0,2021-04,1,35
0,2021-05,5,35
0,2021-06,25,35
0,2021-08,3,35
0,2021-09,18,35
0,2021-10,6,35
0,2021-11,39,35
0,2021-12,10,35
0,2022-03,29,35
0,2022-04,29,35
0,2022-05,25,35
0,2022-06,50,35
0,2022-07,2,35
0,2022-08,32,35
0,2022-09,45,35
0,2022-10,55,35
0,2022-11,37,35
0,2023-01,14,35
0,2023-03,3,35
0,2023-05,71,35
0,2023-06,8,35
0,2023-10,12,35
0,2023-11,19,35
0,2023-12,4,35
0,2024-04,4,35
0,2024-05,45,35
0,2024-06,52,35
0,2024-07,6,35
0,2024-11,3,35
1,2016-10,1,35
1,2016-12,1,35
1,2017-06,2,35
1,2019-11,1,35
1,2020-09,1,35
1,2021-03,5,35
1,2021-04,1,35
1,2021-05,4,35
1,2021-06,13,35
1,2021-08,3,35
1,2021-09,8,35
1,2021-10,3,35
1,2021-11,20,35
1,2021-12,4,35
1,2022-03,13,35
1,2022-04,16,35
1,2022-05,12,35
1,2022-06,27,35
1,2022-07,1,35
1,2022-08,19,35
1,2022-09,23,35
1,2022-10,28,35
1,2022-11,17,35
1,2023-01,9,35
1,2023-03,2,35
1,2023-05,29,35
1,2023-06,1,35
1,2023-10,5,35
1,2023-11,11,35
1,2023-12,2,35
1,2024-04,2,35
1,2024-05,21,35
1,2024-06,25,35
1,2024-07,1,35
1,2024-11,2,35
0,2016-10,1,36
0,2017-06,1,36
0,2019-11,1,36
0,2020-09,2,36
0,2021-03,14,36
0,2021-04,4,36
0,2021-05,9,36
0,2021-06,26,36
0,2021-08,6,36
0,2021-09,13,36
0,2021-10,4,36
0,2021-11,39,36
0,2021-12,5,36
0,2022-03,21,36
0,2022-04,36,36
0,2022-05,24,36
0,2022-06,54,36
0,2022-07,1,36
0,2022-08,32,36
0,2022-09,42,36
0,2022-10,43,36
0,2022-11,37,36
0,2023-01,24,36
0,2023-03,9,36
0,2023-05,67,36
0,2023-06,1,36
0,2023-10,17,36
0,2023-11,26,36
0,2023-12,2,36
0,2024-04,6,36
0,2024-05,42,36
0,2024-06,51,36
0,2024-11,6,36
1,2016-10,1,36
1,2016-12,1,36
1,2017-06,2,36
1,2019-11,1,36
1,2020-09,1,36
1,2021-03,5,36
1,2021-04,1,36
1,2021-05,4,36
1,2021-06,13,36
1,2021-08,3,36
1,2021-09,8,36
1,2021-10,3,36
1,2021-11,20,36
1,2021-12,4,36
1,2022-03,13,36
1,2022-04,16,36
1,2022-05,12,36
1,2022-06,27,36
1,2022-07,1,36
1,2022-08,19,36
1,2022-09,23,36
1,2022-10,28,36
1,2022-11,17,36
1,2023-01,9,36
1,2023-03,2,36
1,2023-05,29,36
1,2023-06,1,36
1,2023-10,5,36
1,2023-11,11,36
1,2023-12,2,36
1,2024-04,2,36
1,2024-05,21,36
1,2024-06,25,36
1,2024-07,1,36
1,2024-11,2,36
0,2016-10,1,37
0,2016-12,2,37
0,2017-06,6,37
0,2019-11,3,37
0,2020-09,2,37
0,2021-03,7,37
0,2021-04,2,37
0,2021-05,16,37
0,2021-06,19,37
0,2021-08,5,37
0,2021-09,16,37
0,2021-10,8,37
0,2021-11,33,37
0,2021-12,7,37
0,2022-03,27,37
0,2022-04,26,37
0,2022-05,19,37
0,2022-06,52,37
0,2022-07,2,37
0,2022-08,34,37
0,2022-09,44,37
0,2022-10,50,37
0,2022-11,25,37
0,2023-01,24,37
0,2023-03,8,37
0,2023-05,78,37
0,2023-06,3,37
0,2023-10,11,37
0,2023-11,16,37
0,2023-12,4,37
0,2024-04,2,37
0,2024-05,47,37
0,2024-06,59,37
0,2024-07,4,37
0,2024-11,4,37
1,2016-10,1,37
1,2016-12,1,37
1,2017-06,2,37
1,2019-11,1,37
1,2020-09,1,37
1,2021-03,5,37
1,2021-04,1,37
1,2021-05,4,37
1,2021-06,13,37
1,2021-08,3,37
1,2021-09,8,37
1,2021-10,3,37
1,2021-11,20,37
1,2021-12,4,37
1,2022-03,13,37
1,2022-04,16,37
1,2022-05,12,37
1,2022-06,27,37
1,2022-07,1,37
1,2022-08,19,37
1,2022-09,23,37
1,2022-10,28,37
1,2022-11,17,37
1,2023-01,9,37
1,2023-03,2,37
1,2023-05,29,37
1,2023-06,1,37
1,2023-10,5,37
1,2023-11,11,37
1,2023-12,2,37
1,2024-04,2,37
1,2024-05,21,37
1,2024-06,25,37
1,2024-07,1,37
1,2024-11,2,37
0,2016-10,2,38
0,2017-06,4,38
0,2019-11,2,38
0,2020-09,1,38
0,2021-03,8,38
0,2021-04,1,38
0,2021-05,10,38
0,2021-06,27,38
0,2021-08,5,38
0,2021-09,23,38
0,2021-10,4,38
0,2021-11,40,38
0,2021-12,7,38
0,2022-03,25,38
0,2022-04,23,38
0,2022-05,37,38
0,2022-06,46,38
0,2022-08,37,38
0,2022-09,45,38
0,2022-10,50,38
0,2022-11,45,38
0,2023-01,16,38
0,2023-03,4,38
0,2023-05,59,38
0,2023-06,1,38
0,2023-10,12,38
0,2023-11,21,38
0,2023-12,5,38
0,2024-04,3,38
0,2024-05,40,38
0,2024-06,58,38
0,2024-07,2,38
0,2024-11,3,38
1,2016-10,1,38
1,2016-12,1,38
1,2017-06,2,38
1,2019-11,1,38
1,2020-09,1,38
1,2021-03,5,38
1,2021-04,1,38
1,2021-05,4,38
1,2021-06,13,38
1,2021-08,3,38
1,2021-09,8,38
1,2021-10,3,38
1,2021-11,20,38
1,2021-12,4,38
1,2022-03,13,38
1,2022-04,16,38
1,2022-05,12,38
1,2022-06,27,38
1,2022-07,1,38
1,2022-08,19,38
1,2022-09,23,38
1,2022-10,28,38
1,2022-11,17,38
1,2023-01,9,38
1,2023-03,2,38
1,2023-05,29,38
1,2023-06,1,38
1,2023-10,5,38
1,2023-11,11,38
1,2023-12,2,38
1,2024-04,2,38
1,2024-05,21,38
1,2024-06,25,38
1,2024-07,1,38
1,2024-11,2,38
0,2016-10,3,39
0,2016-12,2,39
0,2017-06,1,39
0,2019-11,1,39
0,2021-03,6,39
0,2021-04,1,39
0,2021-05,8,39
0,2021-06,25,39
0,2021-08,9,39
0,2021-09,12,39
0,2021-10,2,39
0,2021-11,46,39
0,2021-12,5,39
0,2022-03,31,39
0,2022-04,34,39
0,2022-05,28,39
0,2022-06,40,39
0,2022-07,1,39
0,2022-08,41,39
0,2022-09,53,39
0,2022-10,42,39
0,2022-11,36,39
0,2023-01,18,39
0,2023-03,5,39
0,2023-05,54,39
0,2023-06,4,39
0,2023-10,15,39
0,2023-11,20,39
0,2023-12,3,39
0,2024-04,1,39
0,2024-05,52,39
0,2024-06,62,39
0,2024-07,2,39
0,2024-11,3,39
1,2016-10,1,39
1,2016-12,1,39
1,2017-06,2,39
1,2019-11,1,39
1,2020-09,1,39
1,2021-03,5,39
1,2021-04,1,39
1,2021-05,4,39
1,2021-06,13,39
1,2021-08,3,39
1,2021-09,8,39
1,2021-10,3,39
1,2021-11,20,39
1,2021-12,4,39
1,2022-03,13,39
1,2022-04,16,39
1,2022-05,12,39
1,2022-06,27,39
1,2022-07,1,39
1,2022-08,19,39
1,2022-09,23,39
1,2022-10,28,39
1,2022-11,17,39
1,2023-01,9,39
1,2023-03,2,39
1,2023-05,29,39
1,2023-06,1,39
1,2023-10,5,39
1,2023-11,11,39
1,2023-12,2,39
1,2024-04,2,39
1,2024-05,21,39
1,2024-06,25,39
1,2024-07,1,39
1,2024-11,2,39
0,2016-12,1,40
0,2017-06,2,40
0,2020-09,4,40
0,2021-03,5,40
0,2021-04,1,40
0,2021-05,4,40
0,2021-06,24,40
0,2021-08,1,40
0,2021-09,11,40
0,2021-11,37,40
0,2021-12,3,40
0,2022-03,28,40
0,2022-04,36,40
0,2022-05,23,40
0,2022-06,48,40
0,2022-07,1,40
0,2022-08,32,40
0,2022-09,60,40
0,2022-10,63,40
0,2022-11,40,40
0,2023-01,20,40
0,2023-03,9,40
0,2023-05,55,40
0,2023-06,1,40
0,2023-10,12,40
0,2023-11,24,40
0,2023-12,4,40
0,2024-04,7,40
0,2024-05,55,40
0,2024-06,50,40
0,2024-07,3,40
0,2024-11,2,40
1,2016-10,1,40
1,2016-12,1,40
1,2017-06,2,40
1,2019-11,1,40
1,2020-09,1,40
1,2021-03,5,40
1,2021-04,1,40
1,2021-05,4,40
1,2021-06,13,40
1,2021-08,3,40
1,2021-09,8,40
1,2021-10,3,40
1,2021-11,20,40
1,2021-12,4,40
1,2022-03,13,40
1,2022-04,16,40
1,2022-05,12,40
1,2022-06,27,40
1,2022-07,1,40
1,2022-08,19,40
1,2022-09,23,40
1,2022-10,28,40
1,2022-11,17,40
1,2023-01,9,40
1,2023-03,2,40
1,2023-05,29,40
1,2023-06,1,40
1,2023-10,5,40
1,2023-11,11,40
1,2023-12,2,40
1,2024-04,2,40
1,2024-05,21,40
1,2024-06,25,40
1,2024-07,1,40
1,2024-11,2,40
0,2016-10,2,41
0,2016-12,1,41
0,2017-06,2,41
0,2019-11,2,41
0,2021-03,9,41
0,2021-04,2,41
0,2021-05,8,41
0,2021-06,21,41
0,2021-08,7,41
0,2021-09,13,41
0,2021-10,5,41
0,2021-11,29,41
0,2021-12,6,41
0,2022-03,18,41
0,2022-04,30,41
0,2022-05,27,41
0,2022-06,48,41
0,2022-07,5,41
0,2022-08,50,41
0,2022-09,61,41
0,2022-10,52,41
0,2022-11,31,41
0,2023-01,15,41
0,2023-03,2,41
0,2023-05,58,41
0,2023-06,1,41
0,2023-10,14,41
0,2023-11,22,41
0,2023-12,2,41
0,2024-04,5,41
0,2024-05,40,41
0,2024-06,64,41
0,2024-07,7,41
0,2024-11,7,41
1,2016-10,1,41
1,2016-12,1,41
1,2017-06,2,41
1,2019-11,1,41
1,2020-09,1,41
1,2021-03,5,41
1,2021-04,1,41
1,2021-05,4,41
1,2021-06,13,41
1,2021-08,3,41
1,2021-09,8,41
1,2021-10,3,41
1,2021-11,20,41
1,2021-12,4,41
1,2022-03,13,41
1,2022-04,16,41
1,2022-05,12,41
1,2022-06,27,41
1,2022-07,1,41
1,2022-08,19,41
1,2022-09,23,41
1,2022-10,28,41
1,2022-11,17,41
1,2023-01,9,41
1,2023-03,2,41
1,2023-05,29,41
1,2023-06,1,41
1,2023-10,5,41
1,2023-11,11,41
1,2023-12,2,41
1,2024-04,2,41
1,2024-05,21,41
1,2024-06,25,41
1,2024-07,1,41
1,2024-11,2,41
0,2016-10,1,42
0,2017-06,1,42
0,2019-11,3,42
0,2020-09,3,42
0,2021-03,5,42
0,2021-04,3,42
0,2021-05,6,42
0,2021-06,23,42
0,2021-08,5,42
0,2021-09,12,42
0,2021-10,1,42
0,2021-11,27,42
0,2021-12,7,42
0,2022-03,29,42
0,2022-04,29,42
0,2022-05,19,42
0,2022-06,54,42
0,2022-07,3,42
0,2022-08,48,42
0,2022-09,48,42
0,2022-10,47,42
0,2022-11,35,42
0,2023-01,21,42
0,2023-03,1,42
0,2023-05,59,42
0,2023-06,2,42
0,2023-10,16,42
0,2023-11,29,42
0,2023-12,4,42
0,2024-04,2,42
0,2024-05,53,42
0,2024-06,58,42
0,2024-07,3,42
0,2024-11,9,42
1,2016-10,1,42
1,2016-12,1,42
1,2017-06,2,42
1,2019-11,1,42
1,2020-09,1,42
1,2021-03,5,42
1,2021-04,1,42
1,2021-05,4,42
1,2021-06,13,42
1,2021-08,3,42
1,2021-09,8,42
1,2021-10,3,42
1,2021-11,20,42
1,2021-12,4,42
1,2022-03,13,42
1,2022-04,16,42
1,2022-05,12,42
1,2022-06,27,42
1,2022-07,1,42
1,2022-08,19,42
1,2022-09,23,42
1,2022-10,28,42
1,2022-11,17,42
1,2023-01,9,42
1,2023-03,2,42
1,2023-05,29,42
1,2023-06,1,42
1,2023-10,5,42
1,2023-11,11,42
1,2023-12,2,42
1,2024-04,2,42
1,2024-05,21,42
1,2024-06,25,42
1,2024-07,1,42
1,2024-11,2,42
0,2016-10,1,43
0,2016-12,1,43
0,2017-06,4,43
0,2019-11,1,43
0,2020-09,5,43
0,2021-03,10,43
0,2021-04,5,43
0,2021-05,8,43
0,2021-06,25,43
0,2021-08,8,43
0,2021-09,17,43
0,2021-10,5,43
0,2021-11,38,43
0,2021-12,2,43
0,2022-03,22,43
0,2022-04,37,43
0,2022-05,16,43
0,2022-06,46,43
0,2022-07,2,43
0,2022-08,33,43
0,2022-09,43,43
0,2022-10,44,43
0,2022-11,44,43
0,2023-01,25,43
0,2023-03,4,43
0,2023-05,64,43
0,2023-06,5,43
0,2023-10,10,43
0,2023-11,20,43
0,2023-12,2,43
0,2024-04,1,43
0,2024-05,39,43
0,2024-06,68,43
0,2024-07,2,43
0,2024-11,9,43
1,2016-10,1,43
1,2016-12,1,43
1,2017-06,2,43
1,2019-11,1,43
1,2020-09,1,43
1,2021-03,5,43
1,2021-04,1,43
1,2021-05,4,43
1,2021-06,13,43
1,2021-08,3,43
1,2021-09,8,43
1,2021-10,3,43
1,2021-11,20,43
1,2021-12,4,43
1,2022-03,13,43
1,2022-04,16,43
1,2022-05,12,43
1,2022-06,27,43
1,2022-07,1,43
1,2022-08,19,43
1,2022-09,23,43
1,2022-10,28,43
1,2022-11,17,43
1,2023-01,9,43
1,2023-03,2,43
1,2023-05,29,43
1,2023-06,1,43
1,2023-10,5,43
1,2023-11,11,43
1,2023-12,2,43
1,2024-04,2,43
1,2024-05,21,43
1,2024-06,25,43
1,2024-07,1,43
1,2024-11,2,43
0,2016-10,1,44
0,2017-06,3,44
0,2019-11,1,44
0,2020-09,1,44
0,2021-03,8,44
0,2021-05,7,44
0,2021-06,36,44
0,2021-08,4,44
0,2021-09,18,44
0,2021-10,4,44
0,2021-11,38,44
0,2021-12,6,44
0,2022-03,20,44
0,2022-04,27,44
0,2022-05,20,44
0,2022-06,64,44
0,2022-07,4,44
0,2022-08,22,44
0,2022-09,45,44
0,2022-10,53,44
0,2022-11,30,44
0,2023-01,17,44
0,2023-03,7,44
0,2023-05,70,44
0,2023-06,2,44
0,2023-10,13,44
0,2023-11,22,44
0,2023-12,5,44
0,2024-04,4,44
0,2024-05,42,44
0,2024-06,66,44
0,2024-07,2,44
0,2024-11,4,44
1,2016-10,1,44
1,2016-12,1,44
1,2017-06,2,44
1,2019-11,1,44
1,2020-09,1,44
1,2021-03,5,44
1,2021-04,1,44
1,2021-05,4,44
1,2021-06,13,44
1,2021-08,3,44
1,2021-09,8,44
1,2021-10,3,44
1,2021-11,20,44
1,2021-12,4,44
1,2022-03,13,44
1,2022-04,16,44
1,2022-05,12,44
1,2022-06,27,44
1,2022-07,1,44
1,2022-08,19,44
1,2022-09,23,44
1,2022-10,28,44
1,2022-11,17,44
1,2023-01,9,44
1,2023-03,2,44
1,2023-05,29,44
1,2023-06,1,44
1,2023-10,5,44
1,2023-11,11,44
1,2023-12,2,44
1,2024-04,2,44
1,2024-05,21,44
1,2024-06,25,44
1,2024-07,1,44
1,2024-11,2,44
0,2017-06,3,45
0,2019-11,3,45
0,2020-09,1,45
0,2021-03,16,45
0,2021-04,3,45
0,2021-05,7,45
0,2021-06,22,45
0,2021-08,3,45
0,2021-09,17,45
0,2021-10,4,45
0,2021-11,49,45
0,2021-12,5,45
0,2022-03,32,45
0,2022-04,32,45
0,2022-05,19,45
0,2022-06,36,45
0,2022-07,3,45
0,2022-08,41,45
0,2022-09,44,45
0,2022-10,44,45
0,2022-11,39,45
0,2023-01,12,45
0,2023-03,6,45
0,2023-05,66,45
0,2023-06,2,45
0,2023-10,13,45
0,2023-11,16,45
0,2023-12,8,45
0,2024-05,49,45
0,2024-06,61,45
0,2024-07,1,45
0,2024-11,9,45
1,2016-10,1,45
1,2016-12,1,45
1,2017-06,2,45
1,2019-11,1,45
1,2020-09,1,45
1,2021-03,5,45
1,2021-04,1,45
1,2021-05,4,45
1,2021-06,13,45
1,2021-08,3,45
1,2021-09,8,45
1,2021-10,3,45
1,2021-11,20,45
1,2021-12,4,45
1,2022-03,13,45
1,2022-04,16,45
1,2022-05,12,45
1,2022-06,27,45
1,2022-07,1,45
1,2022-08,19,45
1,2022-09,23,45
1,2022-10,28,45
1,2022-11,17,45
1,2023-01,9,45
1,2023-03,2,45
1,2023-05,29,45
1,2023-06,1,45
1,2023-10,5,45
1,2023-11,11,45
1,2023-12,2,45
1,2024-04,2,45
1,2024-05,21,45
1,2024-06,25,45
1,2024-07,1,45
1,2024-11,2,45
0,2016-12,1,46
0,2017-06,4,46
0,2019-11,1,46
0,2021-03,6,46
0,2021-04,1,46
0,2021-05,11,46
0,2021-06,28,46
0,2021-08,9,46
0,2021-09,15,46
0,2021-10,5,46
0,2021-11,39,46
0,2021-12,8,46
0,2022-03,27,46
0,2022-04,37,46
0,2022-05,29,46
0,2022-06,64,46
0,2022-07,2,46
0,2022-08,40,46
0,2022-09,46,46
0,2022-10,44,46
0,2022-11,37,46
0,2023-01,14,46
0,2023-03,5,46
0,2023-05,48,46
0,2023-06,2,46
0,2023-10,6,46
0,2023-11,23,46
0,2023-12,5,46
0,2024-04,2,46
0,2024-05,51,46
0,2024-06,51,46
0,2024-07,2,46
0,2024-11,3,46
1,2016-10,1,46
1,2016-12,1,46
1,2017-06,2,46
1,2019-11,1,46
1,2020-09,1,46
1,2021-03,5,46
1,2021-04,1,46
1,2021-05,4,46
1,2021-06,13,46
1,2021-08,3,46
1,2021-09,8,46
1,2021-10,3,46
1,2021-11,20,46
1,2021-12,4,46
1,2022-03,13,46
1,2022-04,16,46
1,2022-05,12,46
1,2022-06,27,46
1,2022-07,1,46
1,2022-08,19,46
1,2022-09,23,46
1,2022-10,28,46
1,2022-11,17,46
1,2023-01,9,46
1,2023-03,2,46
1,2023-05,29,46
1,2023-06,1,46
1,2023-10,5,46
1,2023-11,11,46
1,2023-12,2,46
1,2024-04,2,46
1,2024-05,21,46
1,2024-06,25,46
1,2024-07,1,46
1,2024-11,2,46
0,2016-10,2,47
0,2017-06,1,47
0,2019-11,2,47
0,2020-09,2,47
0,2021-03,8,47
0,2021-04,2,47
0,2021-05,7,47
0,2021-06,27,47
0,2021-08,2,47
0,2021-09,17,47
0,2021-10,8,47
0,2021-11,41,47
0,2021-12,10,47
0,2022-03,20,47
0,2022-04,31,47
0,2022-05,22,47
0,2022-06,41,47
0,2022-07,2,47
0,2022-08,40,47
0,2022-09,41,47
0,2022-10,47,47
0,2022-11,28,47
0,2023-01,20,47
0,2023-03,5,47
0,2023-05,66,47
0,2023-06,1,47
0,2023-10,16,47
0,2023-11,34,47
0,2023-12,4,47
0,2024-04,4,47
0,2024-05,46,47
0,2024-06,66,47
0,2024-07,2,47
0,2024-11,1,47
1,2016-10,1,47
1,2016-12,1,47
1,2017-06,2,47
1,2019-11,1,47
1,2020-09,1,47
1,2021-03,5,47
1,2021-04,1,47
1,2021-05,4,47
1,2021-06,13,47
1,2021-08,3,47
1,2021-09,8,47
1,2021-10,3,47
1,2021-11,20,47
1,2021-12,4,47
1,2022-03,13,47
1,2022-04,16,47
1,2022-05,12,47
1,2022-06,27,47
1,2022-07,1,47
1,2022-08,19,47
1,2022-09,23,47
1,2022-10,28,47
1,2022-11,17,47
1,2023-01,9,47
1,2023-03,2,47
1,2023-05,29,47
1,2023-06,1,47
1,2023-10,5,47
1,2023-11,11,47
1,2023-12,2,47
1,2024-04,2,47
1,2024-05,21,47
1,2024-06,25,47
1,2024-07,1,47
1,2024-11,2,47
0,2016-12,1,48
0,2017-06,2,48
0,2019-11,3,48
0,2020-09,1,48
0,2021-03,8,48
0,2021-04,2,48
0,2021-05,13,48
0,2021-06,21,48
0,2021-08,6,48
0,2021-09,19,48
0,2021-10,4,48
0,2021-11,37,48
0,2021-12,1,48
0,2022-03,25,48
0,2022-04,20,48
0,2022-05,27,48
0,2022-06,49,48
0,2022-07,5,48
0,2022-08,42,48
0,2022-09,47,48
0,2022-10,49,48
0,2022-11,42,48
0,2023-01,25,48
0,2023-03,7,48
0,2023-05,67,48
0,2023-06,5,48
0,2023-10,10,48
0,2023-11,21,48
0,2023-12,6,48
0,2024-05,48,48
0,2024-06,50,48
0,2024-07,1,48
0,2024-11,2,48
1,2016-10,1,48
1,2016-12,1,48
1,2017-06,2,48
1,2019-11,1,48
1,2020-09,1,48
1,2021-03,5,48
1,2021-04,1,48
1,2021-05,4,48
1,2021-06,13,48
1,2021-08,3,48
1,2021-09,8,48
1,2021-10,3,48
1,2021-11,20,48
1,2021-12,4,48
1,2022-03,13,48
1,2022-04,16,48
1,2022-05,12,48
1,2022-06,27,48
1,2022-07,1,48
1,2022-08,19,48
1,2022-09,23,48
1,2022-10,28,48
1,2022-11,17,48
1,2023-01,9,48
1,2023-03,2,48
1,2023-05,29,48
1,2023-06,1,48
1,2023-10,5,48
1,2023-11,11,48
1,2023-12,2,48
1,2024-04,2,48
1,2024-05,21,48
1,2024-06,25,48
1,2024-07,1,48
1,2024-11,2,48
0,2016-10,1,49
0,2017-06,1,49
0,2019-11,1,49
0,2020-09,1,49
0,2021-03,7,49
0,2021-04,1,49
0,2021-05,5,49
0,2021-06,19,49
0,2021-08,7,49
0,2021-09,14,49
0,2021-10,10,49
0,2021-11,41,49
0,2021-12,9,49
0,2022-03,25,49
0,2022-04,29,49
0,2022-05,19,49
0,2022-06,58,49
0,2022-08,44,49
0,2022-09,51,49
0,2022-10,47,49
0,2022-11,36,49
0,2023-01,23,49
0,2023-03,4,49
0,2023-05,67,49
0,2023-06,8,49
0,2023-10,13,49
0,2023-11,23,49
0,2023-12,2,49
0,2024-04,3,49
0,2024-05,44,49
0,2024-06,48,49
0,2024-11,5,49
1,2016-10,1,49
1,2016-12,1,49
1,2017-06,2,49
1,2019-11,1,49
1,2020-09,1,49
1,2021-03,5,49
1,2021-04,1,49
1,2021-05,4,49
1,2021-06,13,49
1,2021-08,3,49
1,2021-09,8,49
1,2021-10,3,49
1,2021-11,20,49
1,2021-12,4,49
1,2022-03,13,49
1,2022-04,16,49
1,2022-05,12,49
1,2022-06,27,49
1,2022-07,1,49
1,2022-08,19,49
1,2022-09,23,49
1,2022-10,28,49
1,2022-11,17,49
1,2023-01,9,49
1,2023-03,2,49
1,2023-05,29,49
1,2023-06,1,49
1,2023-10,5,49
1,2023-11,11,49
1,2023-12,2,49
1,2024-04,2,49
1,2024-05,21,49
1,2024-06,25,49
1,2024-07,1,49
1,2024-11,2,49
0,2017-06,1,50
0,2020-09,1,50
0,2021-03,10,50
0,2021-04,1,50
0,2021-05,11,50
0,2021-06,17,50
0,2021-08,7,50
0,2021-09,17,50
0,2021-10,8,50
0,2021-11,44,50
0,2021-12,7,50
0,2022-03,33,50
0,2022-04,29,50
0,2022-05,23,50
0,2022-06,55,50
0,2022-07,2,50
0,2022-08,30,50
0,2022-09,60,50
0,2022-10,55,50
0,2022-11,27,50
0,2023-01,23,50
0,2023-03,5,50
0,2023-05,59,50
0,2023-06,3,50
0,2023-10,10,50
0,2023-11,27,50
0,2023-12,6,50
0,2024-04,6,50
0,2024-05,38,50
0,2024-06,49,50
0,2024-11,2,50
1,2016-10,1,50
1,2016-12,1,50
1,2017-06,2,50
1,2019-11,1,50
1,2020-09,1,50
1,2021-03,5,50
1,2021-04,1,50
1,2021-05,4,50
1,2021-06,13,50
1,2021-08,3,50
1,2021-09,8,50
1,2021-10,3,50
1,2021-11,20,50
1,2021-12,4,50
1,2022-03,13,50
1,2022-04,16,50
1,2022-05,12,50
1,2022-06,27,50
1,2022-07,1,50
1,2022-08,19,50
1,2022-09,23,50
1,2022-10,28,50
1,2022-11,17,50
1,2023-01,9,50
1,2023-03,2,50
1,2023-05,29,50
1,2023-06,1,50
1,2023-10,5,50
1,2023-11,11,50
1,2023-12,2,50
1,2024-04,2,50
1,2024-05,21,50
1,2024-06,25,50
1,2024-07,1,50
1,2024-11,2,50
0,2017-06,4,51
0,2019-11,1,51
0,2020-09,2,51
0,2021-03,9,51
0,2021-04,1,51
0,2021-05,7,51
0,2021-06,25,51
0,2021-08,5,51
0,2021-09,11,51
0,2021-10,7,51
0,2021-11,34,51
0,2021-12,5,51
0,2022-03,21,51
0,2022-04,23,51
0,2022-05,13,51
0,2022-06,44,51
0,2022-07,2,51
0,2022-08,41,51
0,2022-09,39,51
0,2022-10,44,51
0,2022-11,42,51
0,2023-01,23,51
0,2023-03,6,51
0,2023-05,72,51
0,2023-06,4,51
0,2023-10,9,51
0,2023-11,27,51
0,2023-12,7,51
0,2024-04,9,51
0,2024-05,62,51
0,2024-06,57,51
0,2024-07,4,51
0,2024-11,6,51
1,2016-10,1,51
1,2016-12,1,51
1,2017-06,2,51
1,2019-11,1,51
1,2020-09,1,51
1,2021-03,5,51
1,2021-04,1,51
1,2021-05,4,51
1,2021-06,13,51
1,2021-08,3,51
1,2021-09,8,51
1,2021-10,3,51
1,2021-11,20,51
1,2021-12,4,51
1,2022-03,13,51
1,2022-04,16,51
1,2022-05,12,51
1,2022-06,27,51
1,2022-07,1,51
1,2022-08,19,51
1,2022-09,23,51
1,2022-10,28,51
1,2022-11,17,51
1,2023-01,9,51
1,2023-03,2,51
1,2023-05,29,51
1,2023-06,1,51
1,2023-10,5,51
1,2023-11,11,51
1,2023-12,2,51
1,2024-04,2,51
1,2024-05,21,51
1,2024-06,25,51
1,2024-07,1,51
1,2024-11,2,51
0,2016-10,1,52
0,2017-06,3,52
0,2019-11,1,52
0,2020-09,3,52
0,2021-03,8,52
0,2021-04,2,52
0,2021-05,8,52
0,2021-06,22,52
0,2021-08,6,52
0,2021-09,12,52
0,2021-10,5,52
0,2021-11,39,52
0,2021-12,7,52
0,2022-03,28,52
0,2022-04,28,52
0,2022-05,24,52
0,2022-06,46,52
0,2022-07,1,52
0,2022-08,37,52
0,2022-09,47,52
0,2022-10,48,52
0,2022-11,41,52
0,2023-01,22,52
0,2023-03,2,52
0,2023-05,70,52
0,2023-06,1,52
0,2023-10,13,52
0,2023-11,25,52
0,2023-12,3,52
0,2024-04,3,52
0,2024-05,52,52
0,2024-06,55,52
0,2024-07,2,52
0,2024-11,1,52
1,2016-10,1,52
1,2016-12,1,52
1,2017-06,2,52
1,2019-11,1,52
1,2020-09,1,52
1,2021-03,5,52
1,2021-04,1,52
1,2021-05,4,52
1,2021-06,13,52
1,2021-08,3,52
1,2021-09,8,52
1,2021-10,3,52
1,2021-11,20,52
1,2021-12,4,52
1,2022-03,13,52
1,2022-04,16,52
1,2022-05,12,52
1,2022-06,27,52
1,2022-07,1,52
1,2022-08,19,52
1,2022-09,23,52
1,2022-10,28,52
1,2022-11,17,52
1,2023-01,9,52
1,2023-03,2,52
1,2023-05,29,52
1,2023-06,1,52
1,2023-10,5,52
1,2023-11,11,52
1,2023-12,2,52
1,2024-04,2,52
1,2024-05,21,52
1,2024-06,25,52
1,2024-07,1,52
1,2024-11,2,52
0,2016-10,2,53
0,2016-12,1,53
0,2017-06,2,53
0,2019-11,6,53
0,2020-09,3,53
0,2021-03,12,53
0,2021-04,2,53
0,2021-05,7,53
0,2021-06,28,53
0,2021-08,3,53
0,2021-09,12,53
0,2021-10,5,53
0,2021-11,35,53
0,2021-12,5,53
0,2022-03,16,53
0,2022-04,23,53
0,2022-05,21,53
0,2022-06,41,53
0,2022-07,1,53
0,2022-08,38,53
0,2022-09,48,53
0,2022-10,55,53
0,2022-11,34,53
0,2023-01,13,53
0,2023-03,5,53
0,2023-05,70,53
0,2023-06,4,53
0,2023-10,9,53
0,2023-11,20,53
0,2023-12,3,53
0,2024-04,10,53
0,2024-05,60,53
0,2024-06,65,53
0,2024-07,4,53
0,2024-11,3,53
1,2016-10,1,53
1,2016-12,1,53
1,2017-06,2,53
1,2019-11,1,53
1,2020-09,1,53
1,2021-03,5,53
1,2021-04,1,53
1,2021-05,4,53
1,2021-06,13,53
1,2021-08,3,53
1,2021-09,8,53
1,2021-10,3,53
1,2021-11,20,53
1,2021-12,4,53
1,2022-03,13,53
1,2022-04,16,53
1,2022-05,12,53
1,2022-06,27,53
1,2022-07,1,53
1,2022-08,19,53
1,2022-09,23,53
1,2022-10,28,53
1,2022-11,17,53
1,2023-01,9,53
1,2023-03,2,53
1,2023-05,29,53
1,2023-06,1,53
1,2023-10,5,53
1,2023-11,11,53
1,2023-12,2,53
1,2024-04,2,53
1,2024-05,21,53
1,2024-06,25,53
1,2024-07,1,53
1,2024-11,2,53
0,2017-06,3,54
0,2019-11,2,54
0,2020-09,2,54
0,2021-03,11,54
0,2021-05,5,54
0,2021-06,34,54
0,2021-08,6,54
0,2021-09,9,54
0,2021-10,4,54
0,2021-11,43,54
0,2021-12,5,54
0,2022-03,24,54
0,2022-04,23,54
0,2022-05,23,54
0,2022-06,57,54
0,2022-08,31,54
0,2022-09,42,54
0,2022-10,54,54
0,2022-11,40,54
0,2023-01,24,54
0,2023-03,4,54
0,2023-05,64,54
0,2023-06,1,54
0,2023-10,8,54
0,2023-11,34,54
0,2023-12,4,54
0,2024-04,5,54
0,2024-05,34,54
0,2024-06,65,54
0,2024-07,2,54
0,2024-11,3,54
1,2016-10,1,54
1,2016-12,1,54
1,2017-06,2,54
1,2019-11,1,54
1,2020-09,1,54
1,2021-03,5,54
1,2021-04,1,54
1,2021-05,4,54
1,2021-06,13,54
1,2021-08,3,54
1,2021-09,8,54
1,2021-10,3,54
1,2021-11,20,54
1,2021-12,4,54
1,2022-03,13,54
1,2022-04,16,54
1,2022-05,12,54
1,2022-06,27,54
1,2022-07,1,54
1,2022-08,19,54
1,2022-09,23,54
1,2022-10,28,54
1,2022-11,17,54
1,2023-01,9,54
1,2023-03,2,54
1,2023-05,29,54
1,2023-06,1,54
1,2023-10,5,54
1,2023-11,11,54
1,2023-12,2,54
1,2024-04,2,54
1,2024-05,21,54
1,2024-06,25,54
1,2024-07,1,54
1,2024-11,2,54
0,2016-10,1,55
0,2016-12,2,55
0,2020-09,3,55
0,2021-03,11,55
0,2021-04,1,55
0,2021-05,6,55
0,2021-06,28,55
0,2021-08,2,55
0,2021-09,27,55
0,2021-10,7,55
0,2021-11,38,55
0,2021-12,5,55
0,2022-03,24,55
0,2022-04,27,55
0,2022-05,15,55
0,2022-06,55,55
0,2022-07,5,55
0,2022-08,34,55
0,2022-09,40,55
0,2022-10,59,55
0,2022-11,35,55
0,2023-01,17,55
0,2023-03,4,55
0,2023-05,69,55
0,2023-06,2,55
0,2023-10,7,55
0,2023-11,26,55
0,2023-12,2,55
0,2024-04,4,55
0,2024-05,58,55
0,2024-06,49,55
0,2024-11,3,55
1,2016-10,1,55
1,2016-12,1,55
1,2017-06,2,55
1,2019-11,1,55
1,2020-09,1,55
1,2021-03,5,55
1,2021-04,1,55
1,2021-05,4,55
1,2021-06,13,55
1,2021-08,3,55
1,2021-09,8,55
1,2021-10,3,55
1,2021-11,20,55
1,2021-12,4,55
1,2022-03,13,55
1,2022-04,16,55
1,2022-05,12,55
1,2022-06,27,55
1,2022-07,1,55
1,2022-08,19,55
1,2022-09,23,55
1,2022-10,28,55
1,2022-11,17,55
1,2023-01,9,55
1,2023-03,2,55
1,2023-05,29,55
1,2023-06,1,55
1,2023-10,5,55
1,2023-11,11,55
1,2023-12,2,55
1,2024-04,2,55
1,2024-05,21,55
1,2024-06,25,55
1,2024-07,1,55
1,2024-11,2,55
0,2016-12,1,56
0,2017-06,1,56
0,2020-09,1,56
0,2021-03,6,56
0,2021-04,2,56
0,2021-05,7,56
0,2021-06,22,56
0,2021-08,10,56
0,2021-09,12,56
0,2021-10,6,56
0,2021-11,40,56
0,2021-12,5,56
0,2022-03,30,56
0,2022-04,31,56
0,2022-05,17,56
0,2022-06,48,56
0,2022-07,1,56
0,2022-08,44,56
0,2022-09,56,56
0,2022-10,56,56
0,2022-11,48,56
0,2023-01,20,56
0,2023-03,3,56
0,2023-05,58,56
0,2023-06,2,56
0,2023-10,13,56
0,2023-11,16,56
0,2023-12,2,56
0,2024-04,2,56
0,2024-05,41,56
0,2024-06,59,56
0,2024-07,3,56
0,2024-11,3,56
1,2016-10,1,56
1,2016-12,1,56
1,2017-06,2,56
1,2019-11,1,56
1,2020-09,1,56
1,2021-03,5,56
1,2021-04,1,56
1,2021-05,4,56
1,2021-06,13,56
1,2021-08,3,56
1,2021-09,8,56
1,2021-10,3,56
1,2021-11,20,56
1,2021-12,4,56
1,2022-03,13,56
1,2022-04,16,56
1,2022-05,12,56
1,2022-06,27,56
1,2022-07,1,56
1,2022-08,19,56
1,2022-09,23,56
1,2022-10,28,56
1,2022-11,17,56
1,2023-01,9,56
1,2023-03,2,56
1,2023-05,29,56
1,2023-06,1,56
1,2023-10,5,56
1,2023-11,11,56
1,2023-12,2,56
1,2024-04,2,56
1,2024-05,21,56
1,2024-06,25,56
1,2024-07,1,56
1,2024-11,2,56
0,2016-12,1,57
0,2017-06,3,57
0,2019-11,2,57
0,2021-03,8,57
0,2021-04,4,57
0,2021-05,7,57
0,2021-06,23,57
0,2021-08,2,57
0,2021-09,20,57
0,2021-10,2,57
0,2021-11,42,57
0,2021-12,4,57
0,2022-03,29,57
0,2022-04,22,57
0,2022-05,15,57
0,2022-06,54,57
0,2022-07,2,57
0,2022-08,33,57
0,2022-09,48,57
0,2022-10,52,57
0,2022-11,36,57
0,2023-01,14,57
0,2023-03,12,57
0,2023-05,65,57
0,2023-06,5,57
0,2023-10,14,57
0,2023-11,25,57
0,2023-12,2,57
0,2024-04,1,57
0,2024-05,56,57
0,2024-06,56,57
0,2024-11,7,57
1,2016-10,1,57
1,2016-12,1,57
1,2017-06,2,57
1,2019-11,1,57
1,2020-09,1,57
1,2021-03,5,57
1,2021-04,1,57
1,2021-05,4,57
1,2021-06,13,57
1,2021-08,3,57
1,2021-09,8,57
1,2021-10,3,57
1,2021-11,20,57
1,2021-12,4,57
1,2022-03,13,57
1,2022-04,16,57
1,2022-05,12,57
1,2022-06,27,57
1,2022-07,1,57
1,2022-08,19,57
1,2022-09,23,57
1,2022-10,28,57
1,2022-11,17,57
1,2023-01,9,57
1,2023-03,2,57
1,2023-05,29,57
1,2023-06,1,57
1,2023-10,5,57
1,2023-11,11,57
1,2023-12,2,57
1,2024-04,2,57
1,2024-05,21,57
1,2024-06,25,57
1,2024-07,1,57
1,2024-11,2,57
0,2016-12,1,58
0,2017-06,5,58
0,2019-11,3,58
0,2021-03,13,58
0,2021-04,1,58
0,2021-05,4,58
0,2021-06,29,58
0,2021-08,5,58
0,2021-09,19,58
0,2021-10,4,58
0,2021-11,41,58
0,2021-12,9,58
0,2022-03,31,58
0,2022-04,35,58
0,2022-05,25,58
0,2022-06,54,58
0,2022-08,36,58
0,2022-09,45,58
0,2022-10,33,58
0,2022-11,34,58
0,2023-01,15,58
0,2023-03,8,58
0,2023-05,66,58
0,2023-06,2,58
0,2023-10,5,58
0,2023-11,20,58
0,2023-12,7,58
0,2024-04,5,58
0,2024-05,58,58
0,2024-06,47,58
0,2024-07,1,58
0,2024-11,5,58
1,2016-10,1,58
1,2016-12,1,58
1,2017-06,2,58
1,2019-11,1,58
1,2020-09,1,58
1,2021-03,5,58
1,2021-04,1,58
1,2021-05,4,58
1,2021-06,13,58
1,2021-08,3,58
1,2021-09,8,58
1,2021-10,3,58
1,2021-11,20,58
1,2021-12,4,58
1,2022-03,13,58
1,2022-04,16,58
1,2022-05,12,58
1,2022-06,27,58
1,2022-07,1,58
1,2022-08,19,58
1,2022-09,23,58
1,2022-10,28,58
1,2022-11,17,58
1,2023-01,9,58
1,2023-03,2,58
1,2023-05,29,58
1,2023-06,1,58
1,2023-10,5,58
1,2023-11,11,58
1,2023-12,2,58
1,2024-04,2,58
1,2024-05,21,58
1,2024-06,25,58
1,2024-07,1,58
1,2024-11,2,58
0,2016-10,1,59
0,2017-06,1,59
0,2019-11,2,59
0,2020-09,4,59
0,2021-03,13,59
0,2021-04,8,59
0,2021-05,7,59
0,2021-06,26,59
0,2021-08,2,59
0,2021-09,14,59
0,2021-10,7,59
0,2021-11,38,59
0,2021-12,11,59
0,2022-03,26,59
0,2022-04,28,59
0,2022-05,19,59
0,2022-06,48,59
0,2022-07,2,59
0,2022-08,35,59
0,2022-09,39,59
0,2022-10,50,59
0,2022-11,36,59
0,2023-01,19,59
0,2023-03,3,59
0,2023-05,61,59
0,2023-06,2,59
0,2023-10,8,59
0,2023-11,27,59
0,2023-12,5,59
0,2024-04,6,59
0,2024-05,48,59
0,2024-06,62,59
0,2024-11,8,59
1,2016-10,1,59
1,2016-12,1,59
1,2017-06,2,59
1,2019-11,1,59
1,2020-09,1,59
1,2021-03,5,59
1,2021-04,1,59
1,2021-05,4,59
1,2021-06,13,59
1,2021-08,3,59
1,2021-09,8,59
1,2021-10,3,59
1,2021-11,20,59
1,2021-12,4,59
1,2022-03,13,59
1,2022-04,16,59
1,2022-05,12,59
1,2022-06,27,59
1,2022-07,1,59
1,2022-08,19,59
1,2022-09,23,59
1,2022-10,28,59
1,2022-11,17,59
1,2023-01,9,59
1,2023-03,2,59
1,2023-05,29,59
1,2023-06,1,59
1,2023-10,5,59
1,2023-11,11,59
1,2023-12,2,59
1,2024-04,2,59
1,2024-05,21,59
1,2024-06,25,59
1,2024-07,1,59
1,2024-11,2,59
0,2016-12,2,60
0,2017-06,1,60
0,2019-11,3,60
0,2020-09,3,60
0,2021-03,6,60
0,2021-04,1,60
0,2021-05,10,60
0,2021-06,18,60
0,2021-08,1,60
0,2021-09,9,60
0,2021-10,5,60
0,2021-11,35,60
0,2021-12,8,60
0,2022-03,26,60
0,2022-04,31,60
0,2022-05,27,60
0,2022-06,49,60
0,2022-07,4,60
0,2022-08,46,60
0,2022-09,41,60
0,2022-10,51,60
0,2022-11,26,60
0,2023-01,18,60
0,2023-03,6,60
0,2023-05,75,60
0,2023-06,1,60
0,2023-10,13,60
0,2023-11,26,60
0,2023-12,4,60
0,2024-04,2,60
0,2024-05,58,60
0,2024-06,50,60
0,2024-07,3,60
0,2024-11,7,60
1,2016-10,1,60
1,2016-12,1,60
1,2017-06,2,60
1,2019-11,1,60
1,2020-09,1,60
1,2021-03,5,60
1,2021-04,1,60
1,2021-05,4,60
1,2021-06,13,60
1,2021-08,3,60
1,2021-09,8,60
1,2021-10,3,60
1,2021-11,20,60
1,2021-12,4,60
1,2022-03,13,60
1,2022-04,16,60
1,2022-05,12,60
1,2022-06,27,60
1,2022-07,1,60
1,2022-08,19,60
1,2022-09,23,60
1,2022-10,28,60
1,2022-11,17,60
1,2023-01,9,60
1,2023-03,2,60
1,2023-05,29,60
1,2023-06,1,60
1,2023-10,5,60
1,2023-11,11,60
1,2023-12,2,60
1,2024-04,2,60
1,2024-05,21,60
1,2024-06,25,60
1,2024-07,1,60
1,2024-11,2,60
0,2016-10,2,61
0,2016-12,2,61
0,2017-06,1,61
0,2019-11,1,61
0,2020-09,1,61
0,2021-03,8,61
0,2021-04,1,61
0,2021-05,7,61
0,2021-06,26,61
0,2021-08,5,61
0,2021-09,11,61
0,2021-10,5,61
0,2021-11,36,61
0,2021-12,4,61
0,2022-03,28,61
0,2022-04,29,61
0,2022-05,27,61
0,2022-06,55,61
0,2022-07,3,61
0,2022-08,27,61
0,2022-09,43,61
0,2022-10,55,61
0,2022-11,30,61
0,2023-01,13,61
0,2023-03,6,61
0,2023-05,79,61
0,2023-06,2,61
0,2023-10,12,61
0,2023-11,25,61
0,2023-12,7,61
0,2024-04,5,61
0,2024-05,48,61
0,2024-06,56,61
0,2024-07,2,61
0,2024-11,4,61
1,2016-10,1,61
1,2016-12,1,61
1,2017-06,2,61
1,2019-11,1,61
1,2020-09,1,61
1,2021-03,5,61
1,2021-04,1,61
1,2021-05,4,61
1,2021-06,13,61
1,2021-08,3,61
1,2021-09,8,61
1,2021-10,3,61
1,2021-11,20,61
1,2021-12,4,61
1,2022-03,13,61
1,2022-04,16,61
1,2022-05,12,61
1,2022-06,27,61
1,2022-07,1,61
1,2022-08,19,61
1,2022-09,23,61
1,2022-10,28,61
1,2022-11,17,61
1,2023-01,9,61
1,2023-03,2,61
1,2023-05,29,61
1,2023-06,1,61
1,2023-10,5,61
1,2023-11,11,61
1,2023-12,2,61
1,2024-04,2,61
1,2024-05,21,61
1,2024-06,25,61
1,2024-07,1,61
1,2024-11,2,61
0,2016-10,1,62
0,2017-06,9,62
0,2019-11,3,62
0,2020-09,2,62
0,2021-03,7,62
0,2021-04,1,62
0,2021-05,7,62
0,2021-06,18,62
0,2021-08,5,62
0,2021-09,20,62
0,2021-10,7,62
0,2021-11,35,62
0,2021-12,7,62
0,2022-03,27,62
0,2022-04,30,62
0,2022-05,17,62
0,2022-06,50,62
0,2022-07,1,62
0,2022-08,39,62
0,2022-09,51,62
0,2022-10,56,62
0,2022-11,23,62
0,2023-01,20,62
0,2023-03,3,62
0,2023-05,72,62
0,2023-06,3,62
0,2023-10,12,62
0,2023-11,28,62
0,2023-12,10,62
0,2024-04,3,62
0,2024-05,39,62
0,2024-06,49,62
0,2024-07,3,62
0,2024-11,8,62
1,2016-10,1,62
1,2016-12,1,62
1,2017-06,2,62
1,2019-11,1,62
1,2020-09,1,62
1,2021-03,5,62
1,2021-04,1,62
1,2021-05,4,62
1,2021-06,13,62
1,2021-08,3,62
1,2021-09,8,62
1,2021-10,3,62
1,2021-11,20,62
1,2021-12,4,62
1,2022-03,13,62
1,2022-04,16,62
1,2022-05,12,62
1,2022-06,27,62
1,2022-07,1,62
1,2022-08,19,62
1,2022-09,23,62
1,2022-10,28,62
1,2022-11,17,62
1,2023-01,9,62
1,2023-03,2,62
1,2023-05,29,62
1,2023-06,1,62
1,2023-10,5,62
1,2023-11,11,62
1,2023-12,2,62
1,2024-04,2,62
1,2024-05,21,62
1,2024-06,25,62
1,2024-07,1,62
1,2024-11,2,62
0,2017-06,3,63
0,2019-11,2,63
0,2020-09,3,63
0,2021-03,8,63
0,2021-04,7,63
0,2021-05,10,63
0,2021-06,22,63
0,2021-08,6,63
0,2021-09,16,63
0,2021-10,6,63
0,2021-11,44,63
0,2021-12,3,63
0,2022-03,20,63
0,2022-04,29,63
0,2022-05,24,63
0,2022-06,65,63
0,2022-07,2,63
0,2022-08,27,63
0,2022-09,44,63
0,2022-10,42,63
0,2022-11,35,63
0,2023-01,19,63
0,2023-03,4,63
0,2023-05,73,63
0,2023-06,3,63
0,2023-10,13,63
0,2023-11,22,63
0,2023-12,4,63
0,2024-04,6,63
0,2024-05,43,63
0,2024-06,53,63
0,2024-07,4,63
0,2024-11,4,63
1,2016-10,1,63
1,2016-12,1,63
1,2017-06,2,63
1,2019-11,1,63
1,2020-09,1,63
1,2021-03,5,63
1,2021-04,1,63
1,2021-05,4,63
1,2021-06,13,63
1,2021-08,3,63
1,2021-09,8,63
1,2021-10,3,63
1,2021-11,20,63
1,2021-12,4,63
1,2022-03,13,63
1,2022-04,16,63
1,2022-05,12,63
1,2022-06,27,63
1,2022-07,1,63
1,2022-08,19,63
1,2022-09,23,63
1,2022-10,28,63
1,2022-11,17,63
1,2023-01,9,63
1,2023-03,2,63
1,2023-05,29,63
1,2023-06,1,63
1,2023-10,5,63
1,2023-11,11,63
1,2023-12,2,63
1,2024-04,2,63
1,2024-05,21,63
1,2024-06,25,63
1,2024-07,1,63
1,2024-11,2,63
0,2016-10,1,64
0,2016-12,1,64
0,2019-11,1,64
0,2020-09,3,64
0,2021-03,10,64
0,2021-04,3,64
0,2021-05,9,64
0,2021-06,20,64
0,2021-08,5,64
0,2021-09,10,64
0,2021-10,6,64
0,2021-11,46,64
0,2021-12,3,64
0,2022-03,31,64
0,2022-04,33,64
0,2022-05,19,64
0,2022-06,37,64
0,2022-07,1,64
0,2022-08,42,64
0,2022-09,50,64
0,2022-10,44,64
0,2022-11,36,64
0,2023-01,18,64
0,2023-03,4,64
0,2023-05,67,64
0,2023-06,2,64
0,2023-10,21,64
0,2023-11,30,64
0,2023-12,2,64
0,2024-04,2,64
0,2024-05,44,64
0,2024-06,60,64
0,2024-07,2,64
0,2024-11,3,64
1,2016-10,1,64
1,2016-12,1,64
1,2017-06,2,64
1,2019-11,1,64
1,2020-09,1,64
1,2021-03,5,64
1,2021-04,1,64
1,2021-05,4,64
1,2021-06,13,64
1,2021-08,3,64
1,2021-09,8,64
1,2021-10,3,64
1,2021-11,20,64
1,2021-12,4,64
1,2022-03,13,64
1,2022-04,16,64
1,2022-05,12,64
1,2022-06,27,64
1,2022-07,1,64
1,2022-08,19,64
1,2022-09,23,64
1,2022-10,28,64
1,2022-11,17,64
1,2023-01,9,64
1,2023-03,2,64
1,2023-05,29,64
1,2023-06,1,64
1,2023-10,5,64
1,2023-11,11,64
1,2023-12,2,64
1,2024-04,2,64
1,2024-05,21,64
1,2024-06,25,64
1,2024-07,1,64
1,2024-11,2,64
0,2016-12,1,65
0,2017-06,1,65
0,2019-11,3,65
0,2021-03,8,65
0,2021-04,2,65
0,2021-05,5,65
0,2021-06,25,65
0,2021-08,4,65
0,2021-09,13,65
0,2021-10,7,65
0,2021-11,32,65
0,2021-12,7,65
0,2022-03,26,65
0,2022-04,26,65
0,2022-05,18,65
0,2022-06,54,65
0,2022-07,2,65
0,2022-08,39,65
0,2022-09,57,65
0,2022-10,51,65
0,2022-11,36,65
0,2023-01,30,65
0,2023-03,6,65
0,2023-05,63,65
0,2023-06,4,65
0,2023-10,8,65
0,2023-11,25,65
0,2023-12,4,65
0,2024-04,3,65
0,2024-05,47,65
0,2024-06,50,65
0,2024-07,1,65
0,2024-11,8,65
1,2016-10,1,65
1,2016-12,1,65
1,2017-06,2,65
1,2019-11,1,65
1,2020-09,1,65
1,2021-03,5,65
1,2021-04,1,65
1,2021-05,4,65
1,2021-06,13,65
1,2021-08,3,65
1,2021-09,8,65
1,2021-10,3,65
1,2021-11,20,65
1,2021-12,4,65
1,2022-03,13,65
1,2022-04,16,65
1,2022-05,12,65
1,2022-06,27,65
1,2022-07,1,65
1,2022-08,19,65
1,2022-09,23,65
1,2022-10,28,65
1,2022-11,17,65
1,2023-01,9,65
1,2023-03,2,65
1,2023-05,29,65
1,2023-06,1,65
1,2023-10,5,65
1,2023-11,11,65
1,2023-12,2,65
1,2024-04,2,65
1,2024-05,21,65
1,2024-06,25,65
1,2024-07,1,65
1,2024-11,2,65
0,2016-12,2,66
0,2017-06,3,66
0,2019-11,1,66
0,2020-09,2,66
0,2021-03,13,66
0,2021-04,2,66
0,2021-05,4,66
0,2021-06,28,66
0,2021-08,5,66
0,2021-09,23,66
0,2021-10,3,66
0,2021-11,46,66
0,2021-12,5,66
0,2022-03,31,66
0,2022-04,30,66
0,2022-05,21,66
0,2022-06,45,66
0,2022-07,1,66
0,2022-08,45,66
0,2022-09,44,66
0,2022-10,38,66
0,2022-11,28,66
0,2023-01,26,66
0,2023-03,5,66
0,2023-05,67,66
0,2023-06,2,66
0,2023-10,10,66
0,2023-11,19,66
0,2023-12,5,66
0,2024-04,5,66
0,2024-05,42,66
0,2024-06,57,66
0,2024-11,8,66
1,2016-10,1,66
1,2016-12,1,66
1,2017-06,2,66
1,2019-11,1,66
1,2020-09,1,66
1,2021-03,5,66
1,2021-04,1,66
1,2021-05,4,66
1,2021-06,13,66
1,2021-08,3,66
1,2021-09,8,66
1,2021-10,3,66
1,2021-11,20,66
1,2021-12,4,66
1,2022-03,13,66
1,2022-04,16,66
1,2022-05,12,66
1,2022-06,27,66
1,2022-07,1,66
1,2022-08,19,66
1,2022-09,23,66
1,2022-10,28,66
1,2022-11,17,66
1,2023-01,9,66
1,2023-03,2,66
1,2023-05,29,66
1,2023-06,1,66
1,2023-10,5,66
1,2023-11,11,66
1,2023-12,2,66
1,2024-04,2,66
1,2024-05,21,66
1,2024-06,25,66
1,2024-07,1,66
1,2024-11,2,66
0,2016-10,2,67
0,2016-12,1,67
0,2017-06,5,67
0,2019-11,2,67
0,2020-09,1,67
0,2021-03,7,67
0,2021-04,2,67
0,2021-06,17,67
0,2021-08,3,67
0,2021-09,15,67
0,2021-10,4,67
0,2021-11,33,67
0,2021-12,7,67
0,2022-03,33,67
0,2022-04,27,67
0,2022-05,20,67
0,2022-06,46,67
0,2022-07,2,67
0,2022-08,47,67
0,2022-09,51,67
0,2022-10,48,67
0,2022-11,34,67
0,2023-01,18,67
0,2023-03,5,67
0,2023-05,74,67
0,2023-06,1,67
0,2023-10,16,67
0,2023-11,26,67
0,2023-12,2,67
0,2024-04,5,67
0,2024-05,38,67
0,2024-06,68,67
0,2024-07,3,67
0,2024-11,3,67
1,2016-10,1,67
1,2016-12,1,67
1,2017-06,2,67
1,2019-11,1,67
1,2020-09,1,67
1,2021-03,5,67
1,2021-04,1,67
1,2021-05,4,67
1,2021-06,13,67
1,2021-08,3,67
1,2021-09,8,67
1,2021-10,3,67
1,2021-11,20,67
1,2021-12,4,67
1,2022-03,13,67
1,2022-04,16,67
1,2022-05,12,67
1,2022-06,27,67
1,2022-07,1,67
1,2022-08,19,67
1,2022-09,23,67
1,2022-10,28,67
1,2022-11,17,67
1,2023-01,9,67
1,2023-03,2,67
1,2023-05,29,67
1,2023-06,1,67
1,2023-10,5,67
1,2023-11,11,67
1,2023-12,2,67
1,2024-04,2,67
1,2024-05,21,67
1,2024-06,25,67
1,2024-07,1,67
1,2024-11,2,67
0,2016-10,2,68
0,2019-11,3,68
0,2020-09,1,68
0,2021-03,8,68
0,2021-05,7,68
0,2021-06,18,68
0,2021-08,3,68
0,2021-09,11,68
0,2021-10,9,68
0,2021-11,41,68
0,2021-12,6,68
0,2022-03,24,68
0,2022-04,25,68
0,2022-05,24,68
0,2022-06,62,68
0,2022-07,1,68
0,2022-08,40,68
0,2022-09,33,68
0,2022-10,48,68
0,2022-11,40,68
0,2023-01,15,68
0,2023-03,4,68
0,2023-05,76,68
0,2023-06,1,68
0,2023-10,19,68
0,2023-11,24,68
0,2023-12,5,68
0,2024-04,4,68
0,2024-05,57,68
0,2024-06,49,68
0,2024-07,2,68
0,2024-11,4,68
1,2016-10,1,68
1,2016-12,1,68
1,2017-06,2,68
1,2019-11,1,68
1,2020-09,1,68
1,2021-03,5,68
1,2021-04,1,68
1,2021-05,4,68
1,2021-06,13,68
1,2021-08,3,68
1,2021-09,8,68
1,2021-10,3,68
1,2021-11,20,68
1,2021-12,4,68
1,2022-03,13,68
1,2022-04,16,68
1,2022-05,12,68
1,2022-06,27,68
1,2022-07,1,68
1,2022-08,19,68
1,2022-09,23,68
1,2022-10,28,68
1,2022-11,17,68
1,2023-01,9,68
1,2023-03,2,68
1,2023-05,29,68
1,2023-06,1,68
1,2023-10,5,68
1,2023-11,11,68
1,2023-12,2,68
1,2024-04,2,68
1,2024-05,21,68
1,2024-06,25,68
1,2024-07,1,68
1,2024-11,2,68
0,2016-12,1,69
0,2017-06,3,69
0,2019-11,1,69
0,2020-09,6,69
0,2021-03,7,69
0,2021-04,2,69
0,2021-05,8,69
0,2021-06,29,69
0,2021-08,7,69
0,2021-09,10,69
0,2021-10,5,69
0,2021-11,36,69
0,2021-12,4,69
0,2022-03,27,69
0,2022-04,27,69
0,2022-05,17,69
0,2022-06,55,69
0,2022-07,2,69
0,2022-08,39,69
0,2022-09,48,69
0,2022-10,36,69
0,2022-11,45,69
0,2023-01,15,69
0,2023-03,6,69
0,2023-05,65,69
0,2023-06,3,69
0,2023-10,5,69
0,2023-11,28,69
0,2023-12,2,69
0,2024-04,4,69
0,2024-05,59,69
0,2024-06,57,69
0,2024-07,2,69
0,2024-11,5,69
1,2016-10,1,69
1,2016-12,1,69
1,2017-06,2,69
1,2019-11,1,69
1,2020-09,1,69
1,2021-03,5,69
1,2021-04,1,69
1,2021-05,4,69
1,2021-06,13,69
1,2021-08,3,69
1,2021-09,8,69
1,2021-10,3,69
1,2021-11,20,69
1,2021-12,4,69
1,2022-03,13,69
1,2022-04,16,69
1,2022-05,12,69
1,2022-06,27,69
1,2022-07,1,69
1,2022-08,19,69
1,2022-09,23,69
1,2022-10,28,69
1,2022-11,17,69
1,2023-01,9,69
1,2023-03,2,69
1,2023-05,29,69
1,2023-06,1,69
1,2023-10,5,69
1,2023-11,11,69
1,2023-12,2,69
1,2024-04,2,69
1,2024-05,21,69
1,2024-06,25,69
1,2024-07,1,69
1,2024-11,2,69
0,2016-10,2,70
0,2016-12,1,70
0,2017-06,2,70
0,2019-11,1,70
0,2020-09,3,70
0,2021-03,5,70
0,2021-05,7,70
0,2021-06,25,70
0,2021-08,6,70
0,2021-09,14,70
0,2021-10,6,70
0,2021-11,30,70
0,2021-12,5,70
0,2022-03,25,70
0,2022-04,45,70
0,2022-05,16,70
0,2022-06,52,70
0,2022-07,1,70
0,2022-08,28,70
0,2022-09,51,70
0,2022-10,56,70
0,2022-11,35,70
0,2023-01,13,70
0,2023-03,3,70
0,2023-05,71,70
0,2023-06,2,70
0,2023-10,11,70
0,2023-11,37,70
0,2023-12,3,70
0,2024-04,4,70
0,2024-05,36,70
0,2024-06,62,70
0,2024-07,6,70
0,2024-11,2,70
1,2016-10,1,70
1,2016-12,1,70
1,2017-06,2,70
1,2019-11,1,70
1,2020-09,1,70
1,2021-03,5,70
1,2021-04,1,70
1,2021-05,4,70
1,2021-06,13,70
1,2021-08,3,70
1,2021-09,8,70
1,2021-10,3,70
1,2021-11,20,70
1,2021-12,4,70
1,2022-03,13,70
1,2022-04,16,70
1,2022-05,12,70
1,2022-06,27,70
1,2022-07,1,70
1,2022-08,19,70
1,2022-09,23,70
1,2022-10,28,70
1,2022-11,17,70
1,2023-01,9,70
1,2023-03,2,70
1,2023-05,29,70
1,2023-06,1,70
1,2023-10,5,70
1,2023-11,11,70
1,2023-12,2,70
1,2024-04,2,70
1,2024-05,21,70
1,2024-06,25,70
1,2024-07,1,70
1,2024-11,2,70
0,2016-12,2,71
0,2017-06,6,71
0,2019-11,2,71
0,2020-09,3,71
0,2021-03,6,71
0,2021-04,1,71
0,2021-05,9,71
0,2021-06,27,71
0,2021-08,5,71
0,2021-09,16,71
0,2021-10,3,71
0,2021-11,23,71
0,2021-12,7,71
0,2022-03,32,71
0,2022-04,30,71
0,2022-05,31,71
0,2022-06,41,71
0,2022-07,1,71
0,2022-08,33,71
0,2022-09,44,71
0,2022-10,48,71
0,2022-11,41,71
0,2023-01,18,71
0,2023-03,1,71
0,2023-05,73,71
0,2023-06,2,71
0,2023-10,12,71
0,2023-11,21,71
0,2023-12,6,71
0,2024-04,4,71
0,2024-05,56,71
0,2024-06,53,71
0,2024-07,1,71
0,2024-11,8,71
1,2016-10,1,71
1,2016-12,1,71
1,2017-06,2,71
1,2019-11,1,71
1,2020-09,1,71
1,2021-03,5,71
1,2021-04,1,71
1,2021-05,4,71
1,2021-06,13,71
1,2021-08,3,71
1,2021-09,8,71
1,2021-10,3,71
1,2021-11,20,71
1,2021-12,4,71
1,2022-03,13,71
1,2022-04,16,71
1,2022-05,12,71
1,2022-06,27,71
1,2022-07,1,71
1,2022-08,19,71
1,2022-09,23,71
1,2022-10,28,71
1,2022-11,17,71
1,2023-01,9,71
1,2023-03,2,71
1,2023-05,29,71
1,2023-06,1,71
1,2023-10,5,71
1,2023-11,11,71
1,2023-12,2,71
1,2024-04,2,71
1,2024-05,21,71
1,2024-06,25,71
1,2024-07,1,71
1,2024-11,2,71
0,2016-10,1,72
0,2017-06,2,72
0,2019-11,4,72
0,2020-09,3,72
0,2021-03,7,72
0,2021-04,2,72
0,2021-05,7,72
0,2021-06,30,72
0,2021-08,7,72
0,2021-09,7,72
0,2021-10,8,72
0,2021-11,37,72
0,2021-12,6,72
0,2022-03,26,72
0,2022-04,32,72
0,2022-05,14,72
0,2022-06,54,72
0,2022-07,1,72
0,2022-08,40,72
0,2022-09,42,72
0,2022-10,42,72
0,2022-11,37,72
0,2023-01,22,72
0,2023-03,4,72
0,2023-05,69,72
0,2023-06,1,72
0,2023-10,20,72
0,2023-11,21,72
0,2023-12,4,72
0,2024-04,3,72
0,2024-05,47,72
0,2024-06,60,72
0,2024-07,2,72
0,2024-11,4,72
1,2016-10,1,72
1,2016-12,1,72
1,2017-06,2,72
1,2019-11,1,72
1,2020-09,1,72
1,2021-03,5,72
1,2021-04,1,72
1,2021-05,4,72
1,2021-06,13,72
1,2021-08,3,72
1,2021-09,8,72
1,2021-10,3,72
1,2021-11,20,72
1,2021-12,4,72
1,2022-03,13,72
1,2022-04,16,72
1,2022-05,12,72
1,2022-06,27,72
1,2022-07,1,72
1,2022-08,19,72
1,2022-09,23,72
1,2022-10,28,72
1,2022-11,17,72
1,2023-01,9,72
1,2023-03,2,72
1,2023-05,29,72
1,2023-06,1,72
1,2023-10,5,72
1,2023-11,11,72
1,2023-12,2,72
1,2024-04,2,72
1,2024-05,21,72
1,2024-06,25,72
1,2024-07,1,72
1,2024-11,2,72
0,2017-06,3,73
0,2019-11,2,73
0,2020-09,1,73
0,2021-03,8,73
0,2021-04,3,73
0,2021-05,8,73
0,2021-06,17,73
0,2021-08,5,73
0,2021-09,22,73
0,2021-10,6,73
0,2021-11,46,73
0,2021-12,3,73
0,2022-03,27,73
0,2022-04,29,73
0,2022-05,22,73
0,2022-06,53,73
0,2022-08,29,73
0,2022-09,41,73
0,2022-10,42,73
0,2022-11,36,73
0,2023-01,23,73
0,2023-03,3,73
0,2023-05,56,73
0,2023-06,2,73
0,2023-10,16,73
0,2023-11,38,73
0,2023-12,6,73
0,2024-04,5,73
0,2024-05,48,73
0,2024-06,58,73
0,2024-07,1,73
0,2024-11,7,73
1,2016-10,1,73
1,2016-12,1,73
1,2017-06,2,73
1,2019-11,1,73
1,2020-09,1,73
1,2021-03,5,73
1,2021-04,1,73
1,2021-05,4,73
1,2021-06,13,73
1,2021-08,3,73
1,2021-09,8,73
1,2021-10,3,73
1,2021-11,20,73
1,2021-12,4,73
1,2022-03,13,73
1,2022-04,16,73
1,2022-05,12,73
1,2022-06,27,73
1,2022-07,1,73
1,2022-08,19,73
1,2022-09,23,73
1,2022-10,28,73
1,2022-11,17,73
1,2023-01,9,73
1,2023-03,2,73
1,2023-05,29,73
1,2023-06,1,73
1,2023-10,5,73
1,2023-11,11,73
1,2023-12,2,73
1,2024-04,2,73
1,2024-05,21,73
1,2024-06,25,73
1,2024-07,1,73
1,2024-11,2,73
0,2016-12,2,74
0,2017-06,4,74
0,2019-11,2,74
0,2020-09,1,74
0,2021-03,11,74
0,2021-04,3,74
0,2021-05,12,74
0,2021-06,18,74
0,2021-08,7,74
0,2021-09,14,74
0,2021-10,6,74
0,2021-11,46,74
0,2021-12,2,74
0,2022-03,23,74
0,2022-04,32,74
0,2022-05,19,74
0,2022-06,49,74
0,2022-07,3,74
0,2022-08,48,74
0,2022-09,41,74
0,2022-10,55,74
0,2022-11,37,74
0,2023-01,16,74
0,2023-03,4,74
0,2023-05,59,74
0,2023-06,5,74
0,2023-10,11,74
0,2023-11,21,74
0,2023-12,2,74
0,2024-04,5,74
0,2024-05,51,74
0,2024-06,52,74
0,2024-11,5,74
1,2016-10,1,74
1,2016-12,1,74
1,2017-06,2,74
1,2019-11,1,74
1,2020-09,1,74
1,2021-03,5,74
1,2021-04,1,74
1,2021-05,4,74
1,2021-06,13,74
1,2021-08,3,74
1,2021-09,8,74
1,2021-10,3,74
1,2021-11,20,74
1,2021-12,4,74
1,2022-03,13,74
1,2022-04,16,74
1,2022-05,12,74
1,2022-06,27,74
1,2022-07,1,74
1,2022-08,19,74
1,2022-09,23,74
1,2022-10,28,74
1,2022-11,17,74
1,2023-01,9,74
1,2023-03,2,74
1,2023-05,29,74
1,2023-06,1,74
1,2023-10,5,74
1,2023-11,11,74
1,2023-12,2,74
1,2024-04,2,74
1,2024-05,21,74
1,2024-06,25,74
1,2024-07,1,74
1,2024-11,2,74
0,2017-06,3,75
0,2020-09,2,75
0,2021-03,17,75
0,2021-04,2,75
0,2021-05,4,75
0,2021-06,32,75
0,2021-08,7,75
0,2021-09,11,75
0,2021-10,4,75
0,2021-11,43,75
0,2021-12,7,75
0,2022-03,23,75
0,2022-04,33,75
0,2022-05,25,75
0,2022-06,48,75
0,2022-07,3,75
0,2022-08,28,75
0,2022-09,57,75
0,2022-10,43,75
0,2022-11,35,75
0,2023-01,19,75
0,2023-03,3,75
0,2023-05,54,75
0,2023-06,1,75
0,2023-10,15,75
0,2023-11,19,75
0,2023-12,5,75
0,2024-04,5,75
0,2024-05,49,75
0,2024-06,60,75
0,2024-07,2,75
0,2024-11,7,75
1,2016-10,1,75
1,2016-12,1,75
1,2017-06,2,75
1,2019-11,1,75
1,2020-09,1,75
1,2021-03,5,75
1,2021-04,1,75
1,2021-05,4,75
1,2021-06,13,75
1,2021-08,3,75
1,2021-09,8,75
1,2021-10,3,75
1,2021-11,20,75
1,2021-12,4,75
1,2022-03,13,75
1,2022-04,16,75
1,2022-05,12,75
1,2022-06,27,75
1,2022-07,1,75
1,2022-08,19,75
1,2022-09,23,75
1,2022-10,28,75
1,2022-11,17,75
1,2023-01,9,75
1,2023-03,2,75
1,2023-05,29,75
1,2023-06,1,75
1,2023-10,5,75
1,2023-11,11,75
1,2023-12,2,75
1,2024-04,2,75
1,2024-05,21,75
1,2024-06,25,75
1,2024-07,1,75
1,2024-11,2,75
0,2017-06,1,76
0,2019-11,2,76
0,2020-09,1,76
0,2021-03,8,76
0,2021-04,1,76
0,2021-05,6,76
0,2021-06,16,76
0,2021-08,7,76
0,2021-09,15,76
0,2021-10,7,76
0,2021-11,37,76
0,2021-12,2,76
0,2022-03,30,76
0,2022-04,41,76
0,2022-05,24,76
0,2022-06,41,76
0,2022-08,46,76
0,2022-09,48,76
0,2022-10,43,76
0,2022-11,41,76
0,2023-01,21,76
0,2023-03,3,76
0,2023-05,83,76
0,2023-06,2,76
0,2023-10,11,76
0,2023-11,17,76
0,2023-12,3,76
0,2024-04,2,76
0,2024-05,45,76
0,2024-06,53,76
0,2024-07,2,76
0,2024-11,7,76
1,2016-10,1,76
1,2016-12,1,76
1,2017-06,2,76
1,2019-11,1,76
1,2020-09,1,76
1,2021-03,5,76
1,2021-04,1,76
1,2021-05,4,76
1,2021-06,13,76
1,2021-08,3,76
1,2021-09,8,76
1,2021-10,3,76
1,2021-11,20,76
1,2021-12,4,76
1,2022-03,13,76
1,2022-04,16,76
1,2022-05,12,76
1,2022-06,27,76
1,2022-07,1,76
1,2022-08,19,76
1,2022-09,23,76
1,2022-10,28,76
1,2022-11,17,76
1,2023-01,9,76
1,2023-03,2,76
1,2023-05,29,76
1,2023-06,1,76
1,2023-10,5,76
1,2023-11,11,76
1,2023-12,2,76
1,2024-04,2,76
1,2024-05,21,76
1,2024-06,25,76
1,2024-07,1,76
1,2024-11,2,76
0,2016-10,1,77
0,2016-12,1,77
0,2017-06,1,77
0,2019-11,2,77
0,2020-09,4,77
0,2021-03,10,77
0,2021-04,2,77
0,2021-05,5,77
0,2021-06,26,77
0,2021-08,12,77
0,2021-09,18,77
0,2021-10,3,77
0,2021-11,35,77
0,2021-12,5,77
0,2022-03,22,77
0,2022-04,47,77
0,2022-05,15,77
0,2022-06,34,77
0,2022-08,43,77
0,2022-09,51,77
0,2022-10,53,77
0,2022-11,36,77
0,2023-01,18,77
0,2023-03,3,77
0,2023-05,58,77
0,2023-06,4,77
0,2023-10,12,77
0,2023-11,25,77
0,2023-12,2,77
0,2024-04,9,77
0,2024-05,49,77
0,2024-06,56,77
0,2024-07,1,77
0,2024-11,3,77
1,2016-10,1,77
1,2016-12,1,77
1,2017-06,2,77
1,2019-11,1,77
1,2020-09,1,77
1,2021-03,5,77
1,2021-04,1,77
1,2021-05,4,77
1,2021-06,13,77
1,2021-08,3,77
1,2021-09,8,77
1,2021-10,3,77
1,2021-11,20,77
1,2021-12,4,77
1,2022-03,13,77
1,2022-04,16,77
1,2022-05,12,77
1,2022-06,27,77
1,2022-07,1,77
1,2022-08,19,77
1,2022-09,23,77
1,2022-10,28,77
1,2022-11,17,77
1,2023-01,9,77
1,2023-03,2,77
1,2023-05,29,77
1,2023-06,1,77
1,2023-10,5,77
1,2023-11,11,77
1,2023-12,2,77
1,2024-04,2,77
1,2024-05,21,77
1,2024-06,25,77
1,2024-07,1,77
1,2024-11,2,77
0,2019-11,1,78
0,2020-09,4,78
0,2021-03,7,78
0,2021-04,2,78
0,2021-05,9,78
0,2021-06,27,78
0,2021-08,4,78
0,2021-09,16,78
0,2021-10,6,78
0,2021-11,39,78
0,2021-12,4,78
0,2022-03,33,78
0,2022-04,39,78
0,2022-05,23,78
0,2022-06,44,78
0,2022-07,2,78
0,2022-08,42,78
0,2022-09,36,78
0,2022-10,36,78
0,2022-11,34,78
0,2023-01,17,78
0,2023-03,6,78
0,2023-05,73,78
0,2023-06,1,78
0,2023-10,6,78
0,2023-11,24,78
0,2023-12,7,78
0,2024-04,6,78
0,2024-05,55,78
0,2024-06,56,78
0,2024-07,2,78
0,2024-11,5,78
1,2016-10,1,78
1,2016-12,1,78
1,2017-06,2,78
1,2019-11,1,78
1,2020-09,1,78
1,2021-03,5,78
1,2021-04,1,78
1,2021-05,4,78
1,2021-06,13,78
1,2021-08,3,78
1,2021-09,8,78
1,2021-10,3,78
1,2021-11,20,78
1,2021-12,4,78
1,2022-03,13,78
1,2022-04,16,78
1,2022-05,12,78
1,2022-06,27,78
1,2022-07,1,78
1,2022-08,19,78
1,2022-09,23,78
1,2022-10,28,78
1,2022-11,17,78
1,2023-01,9,78
1,2023-03,2,78
1,2023-05,29,78
1,2023-06,1,78
1,2023-10,5,78
1,2023-11,11,78
1,2023-12,2,78
1,2024-04,2,78
1,2024-05,21,78
1,2024-06,25,78
1,2024-07,1,78
1,2024-11,2,78
0,2017-06,4,79
0,2019-11,3,79
0,2020-09,2,79
0,2021-03,9,79
0,2021-05,9,79
0,2021-06,14,79
0,2021-08,6,79
0,2021-09,15,79
0,2021-10,5,79
0,2021-11,42,79
0,2021-12,6,79
0,2022-03,27,79
0,2022-04,26,79
0,2022-05,11,79
0,2022-06,45,79
0,2022-07,1,79
0,2022-08,34,79
0,2022-09,62,79
0,2022-10,53,79
0,2022-11,37,79
0,2023-01,21,79
0,2023-03,7,79
0,2023-05,78,79
0,2023-06,2,79
0,2023-10,17,79
0,2023-11,20,79
0,2023-12,2,79
0,2024-04,10,79
0,2024-05,32,79
0,2024-06,63,79
0,2024-11,3,79
1,2016-10,1,79
1,2016-12,1,79
1,2017-06,2,79
1,2019-11,1,79
1,2020-09,1,79
1,2021-03,5,79
1,2021-04,1,79
1,2021-05,4,79
1,2021-06,13,79
1,2021-08,3,79
1,2021-09,8,79
1,2021-10,3,79
1,2021-11,20,79
1,2021-12,4,79
1,2022-03,13,79
1,2022-04,16,79
1,2022-05,12,79
1,2022-06,27,79
1,2022-07,1,79
1,2022-08,19,79
1,2022-09,23,79
1,2022-10,28,79
1,2022-11,17,79
1,2023-01,9,79
1,2023-03,2,79
1,2023-05,29,79
1,2023-06,1,79
1,2023-10,5,79
1,2023-11,11,79
1,2023-12,2,79
1,2024-04,2,79
1,2024-05,21,79
1,2024-06,25,79
1,2024-07,1,79
1,2024-11,2,79
0,2016-10,2,80
0,2016-12,1,80
0,2019-11,2,80
0,2020-09,1,80
0,2021-03,11,80
0,2021-04,1,80
0,2021-05,4,80
0,2021-06,18,80
0,2021-08,5,80
0,2021-09,15,80
0,2021-10,9,80
0,2021-11,35,80
0,2021-12,3,80
0,2022-03,23,80
0,2022-04,32,80
0,2022-05,16,80
0,2022-06,43,80
0,2022-07,3,80
0,2022-08,49,80
0,2022-09,47,80
0,2022-10,55,80
0,2022-11,44,80
0,2023-01,20,80
0,2023-03,3,80
0,2023-05,71,80
0,2023-06,2,80
0,2023-10,11,80
0,2023-11,25,80
0,2023-12,5,80
0,2024-04,3,80
0,2024-05,46,80
0,2024-06,57,80
0,2024-07,1,80
0,2024-11,3,80
1,2016-10,1,80
1,2016-12,1,80
1,2017-06,2,80
1,2019-11,1,80
1,2020-09,1,80
1,2021-03,5,80
1,2021-04,1,80
1,2021-05,4,80
1,2021-06,13,80
1,2021-08,3,80
1,2021-09,8,80
1,2021-10,3,80
1,2021-11,20,80
1,2021-12,4,80
1,2022-03,13,80
1,2022-04,16,80
1,2022-05,12,80
1,2022-06,27,80
1,2022-07,1,80
1,2022-08,19,80
1,2022-09,23,80
1,2022-10,28,80
1,2022-11,17,80
1,2023-01,9,80
1,2023-03,2,80
1,2023-05,29,80
1,2023-06,1,80
1,2023-10,5,80
1,2023-11,11,80
1,2023-12,2,80
1,2024-04,2,80
1,2024-05,21,80
1,2024-06,25,80
1,2024-07,1,80
1,2024-11,2,80
0,2016-10,2,81
0,2017-06,2,81
0,2019-11,1,81
0,2020-09,3,81
0,2021-03,9,81
0,2021-04,2,81
0,2021-05,7,81
0,2021-06,25,81
0,2021-08,3,81
0,2021-09,19,81
0,2021-10,6,81
0,2021-11,50,81
0,2021-12,5,81
0,2022-03,22,81
0,2022-04,34,81
0,2022-05,19,81
0,2022-06,52,81
0,2022-07,4,81
0,2022-08,38,81
0,2022-09,40,81
0,2022-10,58,81
0,2022-11,26,81
0,2023-01,15,81
0,2023-03,4,81
0,2023-05,56,81
0,2023-06,2,81
0,2023-10,11,81
0,2023-11,33,81
0,2023-12,6,81
0,2024-04,1,81
0,2024-05,50,81
0,2024-06,56,81
0,2024-07,4,81
0,2024-11,1,81
1,2016-10,1,81
1,2016-12,1,81
1,2017-06,2,81
1,2019-11,1,81
1,2020-09,1,81
1,2021-03,5,81
1,2021-04,1,81
1,2021-05,4,81
1,2021-06,13,81
1,2021-08,3,81
1,2021-09,8,81
1,2021-10,3,81
1,2021-11,20,81
1,2021-12,4,81
1,2022-03,13,81
1,2022-04,16,81
1,2022-05,12,81
1,2022-06,27,81
1,2022-07,1,81
1,2022-08,19,81
1,2022-09,23,81
1,2022-10,28,81
1,2022-11,17,81
1,2023-01,9,81
1,2023-03,2,81
1,2023-05,29,81
1,2023-06,1,81
1,2023-10,5,81
1,2023-11,11,81
1,2023-12,2,81
1,2024-04,2,81
1,2024-05,21,81
1,2024-06,25,81
1,2024-07,1,81
1,2024-11,2,81
0,2016-10,1,82
0,2020-09,2,82
0,2021-03,4,82
0,2021-04,2,82
0,2021-05,4,82
0,2021-06,16,82
0,2021-08,8,82
0,2021-09,11,82
0,2021-10,3,82
0,2021-11,34,82
0,2021-12,2,82
0,2022-03,29,82
0,2022-04,27,82
0,2022-05,19,82
0,2022-06,66,82
0,2022-08,42,82
0,2022-09,48,82
0,2022-10,51,82
0,2022-11,36,82
0,2023-01,19,82
0,2023-03,7,82
0,2023-05,77,82
0,2023-10,12,82
0,2023-11,20,82
0,2023-12,7,82
0,2024-04,6,82
0,2024-05,49,82
0,2024-06,58,82
0,2024-07,3,82
0,2024-11,3,82
1,2016-10,1,82
1,2016-12,1,82
1,2017-06,2,82
1,2019-11,1,82
1,2020-09,1,82
1,2021-03,5,82
1,2021-04,1,82
1,2021-05,4,82
1,2021-06,13,82
1,2021-08,3,82
1,2021-09,8,82
1,2021-10,3,82
1,2021-11,20,82
1,2021-12,4,82
1,2022-03,13,82
1,2022-04,16,82
1,2022-05,12,82
1,2022-06,27,82
1,2022-07,1,82
1,2022-08,19,82
1,2022-09,23,82
1,2022-10,28,82
1,2022-11,17,82
1,2023-01,9,82
1,2023-03,2,82
1,2023-05,29,82
1,2023-06,1,82
1,2023-10,5,82
1,2023-11,11,82
1,2023-12,2,82
1,2024-04,2,82
1,2024-05,21,82
1,2024-06,25,82
1,2024-07,1,82
1,2024-11,2,82
0,2017-06,2,83
0,2020-09,6,83
0,2021-03,3,83
0,2021-05,8,83
0,2021-06,19,83
0,2021-08,2,83
0,2021-09,17,83
0,2021-10,4,83
0,2021-11,43,83
0,2021-12,7,83
0,2022-03,29,83
0,2022-04,34,83
0,2022-05,24,83
0,2022-06,59,83
0,2022-08,35,83
0,2022-09,37,83
0,2022-10,50,83
0,2022-11,40,83
0,2023-01,19,83
0,2023-03,6,83
0,2023-05,67,83
0,2023-06,1,83
0,2023-10,20,83
0,2023-11,22,83
0,2023-12,2,83
0,2024-04,8,83
0,2024-05,51,83
0,2024-06,45,83
0,2024-07,1,83
0,2024-11,5,83
1,2016-10,1,83
1,2016-12,1,83
1,2017-06,2,83
1,2019-11,1,83
1,2020-09,1,83
1,2021-03,5,83
1,2021-04,1,83
1,2021-05,4,83
1,2021-06,13,83
1,2021-08,3,83
1,2021-09,8,83
1,2021-10,3,83
1,2021-11,20,83
1,2021-12,4,83
1,2022-03,13,83
1,2022-04,16,83
1,2022-05,12,83
1,2022-06,27,83
1,2022-07,1,83
1,2022-08,19,83
1,2022-09,23,83
1,2022-10,28,83
1,2022-11,17,83
1,2023-01,9,83
1,2023-03,2,83
1,2023-05,29,83
1,2023-06,1,83
1,2023-10,5,83
1,2023-11,11,83
1,2023-12,2,83
1,2024-04,2,83
1,2024-05,21,83
1,2024-06,25,83
1,2024-07,1,83
1,2024-11,2,83
0,2017-06,3,84
0,2019-11,5,84
0,2021-03,9,84
0,2021-04,1,84
0,2021-05,10,84
0,2021-06,29,84
0,2021-08,3,84
0,2021-09,16,84
0,2021-10,9,84
0,2021-11,40,84
0,2021-12,4,84
0,2022-03,18,84
0,2022-04,21,84
0,2022-05,29,84
0,2022-06,47,84
0,2022-07,3,84
0,2022-08,54,84
0,2022-09,40,84
0,2022-10,51,84
0,2022-11,43,84
0,2023-01,19,84
0,2023-03,2,84
0,2023-05,63,84
0,2023-06,1,84
0,2023-10,10,84
0,2023-11,16,84
0,2023-12,2,84
0,2024-04,5,84
0,2024-05,40,84
0,2024-06,67,84
0,2024-07,1,84
0,2024-11,5,84
1,2016-10,1,84
1,2016-12,1,84
1,2017-06,2,84
1,2019-11,1,84
1,2020-09,1,84
1,2021-03,5,84
1,2021-04,1,84
1,2021-05,4,84
1,2021-06,13,84
1,2021-08,3,84
1,2021-09,8,84
1,2021-10,3,84
1,2021-11,20,84
1,2021-12,4,84
1,2022-03,13,84
1,2022-04,16,84
1,2022-05,12,84
1,2022-06,27,84
1,2022-07,1,84
1,2022-08,19,84
1,2022-09,23,84
1,2022-10,28,84
1,2022-11,17,84
1,2023-01,9,84
1,2023-03,2,84
1,2023-05,29,84
1,2023-06,1,84
1,2023-10,5,84
1,2023-11,11,84
1,2023-12,2,84
1,2024-04,2,84
1,2024-05,21,84
1,2024-06,25,84
1,2024-07,1,84
1,2024-11,2,84
0,2016-10,2,85
0,2016-12,1,85
0,2017-06,2,85
0,2019-11,3,85
0,2020-09,1,85
0,2021-03,9,85
0,2021-04,3,85
0,2021-05,11,85
0,2021-06,18,85
0,2021-08,8,85
0,2021-09,12,85
0,2021-10,10,85
0,2021-11,40,85
0,2021-12,9,85
0,2022-03,27,85
0,2022-04,27,85
0,2022-05,24,85
0,2022-06,47,85
0,2022-07,2,85
0,2022-08,34,85
0,2022-09,39,85
0,2022-10,53,85
0,2022-11,42,85
0,2023-01,11,85
0,2023-03,2,85
0,2023-05,70,85
0,2023-06,4,85
0,2023-10,8,85
0,2023-11,21,85
0,2023-12,3,85
0,2024-04,2,85
0,2024-05,52,85
0,2024-06,60,85
0,2024-07,1,85
0,2024-11,8,85
1,2016-10,1,85
1,2016-12,1,85
1,2017-06,2,85
1,2019-11,1,85
1,2020-09,1,85
1,2021-03,5,85
1,2021-04,1,85
1,2021-05,4,85
1,2021-06,13,85
1,2021-08,3,85
1,2021-09,8,85
1,2021-10,3,85
1,2021-11,20,85
1,2021-12,4,85
1,2022-03,13,85
1,2022-04,16,85
1,2022-05,12,85
1,2022-06,27,85
1,2022-07,1,85
1,2022-08,19,85
1,2022-09,23,85
1,2022-10,28,85
1,2022-11,17,85
1,2023-01,9,85
1,2023-03,2,85
1,2023-05,29,85
1,2023-06,1,85
1,2023-10,5,85
1,2023-11,11,85
1,2023-12,2,85
1,2024-04,2,85
1,2024-05,21,85
1,2024-06,25,85
1,2024-07,1,85
1,2024-11,2,85
0,2019-11,3,86
0,2020-09,2,86
0,2021-03,9,86
0,2021-04,3,86
0,2021-05,2,86
0,2021-06,20,86
0,2021-08,3,86
0,2021-09,6,86
0,2021-10,5,86
0,2021-11,39,86
0,2021-12,10,86
0,2022-03,22,86
0,2022-04,26,86
0,2022-05,25,86
0,2022-06,52,86
0,2022-07,1,86
0,2022-08,35,86
0,2022-09,45,86
0,2022-10,49,86
0,2022-11,40,86
0,2023-01,25,86
0,2023-03,3,86
0,2023-05,80,86
0,2023-06,2,86
0,2023-10,7,86
0,2023-11,28,86
0,2023-12,1,86
0,2024-04,6,86
0,2024-05,40,86
0,2024-06,67,86
0,2024-07,2,86
0,2024-11,8,86
1,2016-10,1,86
1,2016-12,1,86
1,2017-06,2,86
1,2019-11,1,86
1,2020-09,1,86
1,2021-03,5,86
1,2021-04,1,86
1,2021-05,4,86
1,2021-06,13,86
1,2021-08,3,86
1,2021-09,8,86
1,2021-10,3,86
1,2021-11,20,86
1,2021-12,4,86
1,2022-03,13,86
1,2022-04,16,86
1,2022-05,12,86
1,2022-06,27,86
1,2022-07,1,86
1,2022-08,19,86
1,2022-09,23,86
1,2022-10,28,86
1,2022-11,17,86
1,2023-01,9,86
1,2023-03,2,86
1,2023-05,29,86
1,2023-06,1,86
1,2023-10,5,86
1,2023-11,11,86
1,2023-12,2,86
1,2024-04,2,86
1,2024-05,21,86
1,2024-06,25,86
1,2024-07,1,86
1,2024-11,2,86
0,2016-10,2,87
0,2016-12,2,87
0,2019-11,2,87
0,2020-09,1,87
0,2021-03,11,87
0,2021-04,2,87
0,2021-05,7,87
0,2021-06,17,87
0,2021-08,5,87
0,2021-09,20,87
0,2021-10,2,87
0,2021-11,37,87
0,2021-12,5,87
0,2022-03,30,87
0,2022-04,29,87
0,2022-05,20,87
0,2022-06,49,87
0,2022-07,2,87
0,2022-08,50,87
0,2022-09,50,87
0,2022-10,45,87
0,2022-11,30,87
0,2023-01,21,87
0,2023-03,2,87
0,2023-05,61,87
0,2023-06,2,87
0,2023-10,5,87
0,2023-11,26,87
0,2023-12,8,87
0,2024-04,4,87
0,2024-05,47,87
0,2024-06,64,87
0,2024-07,3,87
0,2024-11,5,87
1,2016-10,1,87
1,2016-12,1,87
1,2017-06,2,87
1,2019-11,1,87
1,2020-09,1,87
1,2021-03,5,87
1,2021-04,1,87
1,2021-05,4,87
1,2021-06,13,87
1,2021-08,3,87
1,2021-09,8,87
1,2021-10,3,87
1,2021-11,20,87
1,2021-12,4,87
1,2022-03,13,87
1,2022-04,16,87
1,2022-05,12,87
1,2022-06,27,87
1,2022-07,1,87
1,2022-08,19,87
1,2022-09,23,87
1,2022-10,28,87
1,2022-11,17,87
1,2023-01,9,87
1,2023-03,2,87
1,2023-05,29,87
1,2023-06,1,87
1,2023-10,5,87
1,2023-11,11,87
1,2023-12,2,87
1,2024-04,2,87
1,2024-05,21,87
1,2024-06,25,87
1,2024-07,1,87
1,2024-11,2,87
0,2019-11,1,88
0,2020-09,1,88
0,2021-03,9,88
0,2021-04,1,88
0,2021-05,14,88
0,2021-06,19,88
0,2021-08,10,88
0,2021-09,15,88
0,2021-10,10,88
0,2021-11,38,88
0,2021-12,5,88
0,2022-03,21,88
0,2022-04,32,88
0,2022-05,23,88
0,2022-06,37,88
0,2022-07,1,88
0,2022-08,24,88
0,2022-09,60,88
0,2022-10,56,88
0,2022-11,32,88
0,2023-01,21,88
0,2023-03,5,88
0,2023-05,69,88
0,2023-06,2,88
0,2023-10,13,88
0,2023-11,27,88
0,2023-12,5,88
0,2024-04,1,88
0,2024-05,40,88
0,2024-06,67,88
0,2024-07,2,88
0,2024-11,5,88
1,2016-10,1,88
1,2016-12,1,88
1,2017-06,2,88
1,2019-11,1,88
1,2020-09,1,88
1,2021-03,5,88
1,2021-04,1,88
1,2021-05,4,88
1,2021-06,13,88
1,2021-08,3,88
1,2021-09,8,88
1,2021-10,3,88
1,2021-11,20,88
1,2021-12,4,88
1,2022-03,13,88
1,2022-04,16,88
1,2022-05,12,88
1,2022-06,27,88
1,2022-07,1,88
1,2022-08,19,88
1,2022-09,23,88
1,2022-10,28,88
1,2022-11,17,88
1,2023-01,9,88
1,2023-03,2,88
1,2023-05,29,88
1,2023-06,1,88
1,2023-10,5,88
1,2023-11,11,88
1,2023-12,2,88
1,2024-04,2,88
1,2024-05,21,88
1,2024-06,25,88
1,2024-07,1,88
1,2024-11,2,88
0,2016-10,3,89
0,2016-12,1,89
0,2017-06,4,89
0,2019-11,1,89
0,2020-09,6,89
0,2021-03,10,89
0,2021-04,6,89
0,2021-05,9,89
0,2021-06,26,89
0,2021-08,6,89
0,2021-09,12,89
0,2021-10,7,89
0,2021-11,35,89
0,2021-12,8,89
0,2022-03,26,89
0,2022-04,37,89
0,2022-05,21,89
0,2022-06,50,89
0,2022-07,4,89
0,2022-08,29,89
0,2022-09,43,89
0,2022-10,42,89
0,2022-11,33,89
0,2023-01,19,89
0,2023-03,8,89
0,2023-05,65,89
0,2023-06,1,89
0,2023-10,12,89
0,2023-11,20,89
0,2023-12,4,89
0,2024-04,4,89
0,2024-05,48,89
0,2024-06,59,89
0,2024-07,2,89
0,2024-11,5,89
1,2016-10,1,89
1,2016-12,1,89
1,2017-06,2,89
1,2019-11,1,89
1,2020-09,1,89
1,2021-03,5,89
1,2021-04,1,89
1,2021-05,4,89
1,2021-06,13,89
1,2021-08,3,89
1,2021-09,8,89
1,2021-10,3,89
1,2021-11,20,89
1,2021-12,4,89
1,2022-03,13,89
1,2022-04,16,89
1,2022-05,12,89
1,2022-06,27,89
1,2022-07,1,89
1,2022-08,19,89
1,2022-09,23,89
1,2022-10,28,89
1,2022-11,17,89
1,2023-01,9,89
1,2023-03,2,89
1,2023-05,29,89
1,2023-06,1,89
1,2023-10,5,89
1,2023-11,11,89
1,2023-12,2,89
1,2024-04,2,89
1,2024-05,21,89
1,2024-06,25,89
1,2024-07,1,89
1,2024-11,2,89
0,2016-10,1,90
0,2016-12,2,90
0,2017-06,1,90
0,2019-11,2,90
0,2020-09,1,90
0,2021-03,8,90
0,2021-05,12,90
0,2021-06,22,90
0,2021-08,10,90
0,2021-09,16,90
0,2021-10,9,90
0,2021-11,36,90
0,2021-12,5,90
0,2022-03,20,90
0,2022-04,29,90
0,2022-05,21,90
0,2022-06,39,90
0,2022-07,4,90
0,2022-08,42,90
0,2022-09,45,90
0,2022-10,55,90
0,2022-11,36,90
0,2023-01,18,90
0,2023-03,1,90
0,2023-05,60,90
0,2023-06,4,90
0,2023-10,8,90
0,2023-11,29,90
0,2023-12,5,90
0,2024-04,5,90
0,2024-05,55,90
0,2024-06,60,90
0,2024-11,5,90
1,2016-10,1,90
1,2016-12,1,90
1,2017-06,2,90
1,2019-11,1,90
1,2020-09,1,90
1,2021-03,5,90
1,2021-04,1,90
1,2021-05,4,90
1,2021-06,13,90
1,2021-08,3,90
1,2021-09,8,90
1,2021-10,3,90
1,2021-11,20,90
1,2021-12,4,90
1,2022-03,13,90
1,2022-04,16,90
1,2022-05,12,90
1,2022-06,27,90
1,2022-07,1,90
1,2022-08,19,90
1,2022-09,23,90
1,2022-10,28,90
1,2022-11,17,90
1,2023-01,9,90
1,2023-03,2,90
1,2023-05,29,90
1,2023-06,1,90
1,2023-10,5,90
1,2023-11,11,90
1,2023-12,2,90
1,2024-04,2,90
1,2024-05,21,90
1,2024-06,25,90
1,2024-07,1,90
1,2024-11,2,90
0,2016-12,1,91
0,2017-06,2,91
0,2021-03,10,91
0,2021-05,9,91
0,2021-06,23,91
0,2021-08,5,91
0,2021-09,8,91
0,2021-10,5,91
0,2021-11,50,91
0,2021-12,4,91
0,2022-03,30,91
0,2022-04,39,91
0,2022-05,16,91
0,2022-06,43,91
0,2022-07,4,91
0,2022-08,40,91
0,2022-09,52,91
0,2022-10,53,91
0,2022-11,25,91
0,2023-01,19,91
0,2023-03,5,91
0,2023-05,66,91
0,2023-06,3,91
0,2023-10,12,91
0,2023-11,22,91
0,2023-12,2,91
0,2024-04,6,91
0,2024-05,46,91
0,2024-06,61,91
0,2024-07,1,91
0,2024-11,4,91
1,2016-10,1,91
1,2016-12,1,91
1,2017-06,2,91
1,2019-11,1,91
1,2020-09,1,91
1,2021-03,5,91
1,2021-04,1,91
1,2021-05,4,91
1,2021-06,13,91
1,2021-08,3,91
1,2021-09,8,91
1,2021-10,3,91
1,2021-11,20,91
1,2021-12,4,91
1,2022-03,13,91
1,2022-04,16,91
1,2022-05,12,91
1,2022-06,27,91
1,2022-07,1,91
1,2022-08,19,91
1,2022-09,23,91
1,2022-10,28,91
1,2022-11,17,91
1,2023-01,9,91
1,2023-03,2,91
1,2023-05,29,91
1,2023-06,1,91
1,2023-10,5,91
1,2023-11,11,91
1,2023-12,2,91
1,2024-04,2,91
1,2024-05,21,91
1,2024-06,25,91
1,2024-07,1,91
1,2024-11,2,91
0,2016-10,1,92
0,2016-12,2,92
0,2017-06,2,92
0,2019-11,2,92
0,2020-09,1,92
0,2021-03,9,92
0,2021-04,1,92
0,2021-05,8,92
0,2021-06,17,92
0,2021-08,3,92
0,2021-09,17,92
0,2021-10,5,92
0,2021-11,36,92
0,2021-12,3,92
0,2022-03,24,92
0,2022-04,25,92
0,2022-05,21,92
0,2022-06,40,92
0,2022-07,2,92
0,2022-08,38,92
0,2022-09,38,92
0,2022-10,52,92
0,2022-11,41,92
0,2023-01,19,92
0,2023-03,10,92
0,2023-05,95,92
0,2023-06,2,92
0,2023-10,12,92
0,2023-11,22,92
0,2023-12,3,92
0,2024-04,2,92
0,2024-05,37,92
0,2024-06,70,92
0,2024-07,2,92
0,2024-11,4,92
1,2016-10,1,92
1,2016-12,1,92
1,2017-06,2,92
1,2019-11,1,92
1,2020-09,1,92
1,2021-03,5,92
1,2021-04,1,92
1,2021-05,4,92
1,2021-06,13,92
1,2021-08,3,92
1,2021-09,8,92
1,2021-10,3,92
1,2021-11,20,92
1,2021-12,4,92
1,2022-03,13,92
1,2022-04,16,92
1,2022-05,12,92
1,2022-06,27,92
1,2022-07,1,92
1,2022-08,19,92
1,2022-09,23,92
1,2022-10,28,92
1,2022-11,17,92
1,2023-01,9,92
1,2023-03,2,92
1,2023-05,29,92
1,2023-06,1,92
1,2023-10,5,92
1,2023-11,11,92
1,2023-12,2,92
1,2024-04,2,92
1,2024-05,21,92
1,2024-06,25,92
1,2024-07,1,92
1,2024-11,2,92
0,2016-10,1,93
0,2020-09,2,93
0,2021-03,4,93
0,2021-04,2,93
0,2021-05,4,93
0,2021-06,16,93
0,2021-08,8,93
0,2021-09,18,93
0,2021-10,8,93
0,2021-11,34,93
0,2021-12,6,93
0,2022-03,34,93
0,2022-04,24,93
0,2022-05,26,93
0,2022-06,55,93
0,2022-07,2,93
0,2022-08,39,93
0,2022-09,36,93
0,2022-10,48,93
0,2022-11,34,93
0,2023-01,15,93
0,2023-03,8,93
0,2023-05,69,93
0,2023-06,3,93
0,2023-10,14,93
0,2023-11,24,93
0,2023-12,7,93
0,2024-04,3,93
0,2024-05,58,93
0,2024-06,60,93
0,2024-11,4,93
1,2016-10,1,93
1,2016-12,1,93
1,2017-06,2,93
1,2019-11,1,93
1,2020-09,1,93
1,2021-03,5,93
1,2021-04,1,93
1,2021-05,4,93
1,2021-06,13,93
1,2021-08,3,93
1,2021-09,8,93
1,2021-10,3,93
1,2021-11,20,93
1,2021-12,4,93
1,2022-03,13,93
1,2022-04,16,93
1,2022-05,12,93
1,2022-06,27,93
1,2022-07,1,93
1,2022-08,19,93
1,2022-09,23,93
1,2022-10,28,93
1,2022-11,17,93
1,2023-01,9,93
1,2023-03,2,93
1,2023-05,29,93
1,2023-06,1,93
1,2023-10,5,93
1,2023-11,11,93
1,2023-12,2,93
1,2024-04,2,93
1,2024-05,21,93
1,2024-06,25,93
1,2024-07,1,93
1,2024-11,2,93
0,2016-12,2,94
0,2017-06,3,94
0,2019-11,2,94
0,2021-03,4,94
0,2021-05,5,94
0,2021-06,25,94
0,2021-08,4,94
0,2021-09,13,94
0,2021-10,5,94
0,2021-11,38,94
0,2021-12,4,94
0,2022-03,28,94
0,2022-04,30,94
0,2022-05,17,94
0,2022-06,57,94
0,2022-07,1,94
0,2022-08,52,94
0,2022-09,53,94
0,2022-10,59,94
0,2022-11,25,94
0,2023-01,24,94
0,2023-03,4,94
0,2023-05,54,94
0,2023-06,1,94
0,2023-10,13,94
0,2023-11,24,94
0,2023-12,5,94
0,2024-04,4,94
0,2024-05,38,94
0,2024-06,63,94
0,2024-07,3,94
0,2024-11,6,94
1,2016-10,1,94
1,2016-12,1,94
1,2017-06,2,94
1,2019-11,1,94
1,2020-09,1,94
1,2021-03,5,94
1,2021-04,1,94
1,2021-05,4,94
1,2021-06,13,94
1,2021-08,3,94
1,2021-09,8,94
1,2021-10,3,94
1,2021-11,20,94
1,2021-12,4,94
1,2022-03,13,94
1,2022-04,16,94
1,2022-05,12,94
1,2022-06,27,94
1,2022-07,1,94
1,2022-08,19,94
1,2022-09,23,94
1,2022-10,28,94
1,2022-11,17,94
1,2023-01,9,94
1,2023-03,2,94
1,2023-05,29,94
1,2023-06,1,94
1,2023-10,5,94
1,2023-11,11,94
1,2023-12,2,94
1,2024-04,2,94
1,2024-05,21,94
1,2024-06,25,94
1,2024-07,1,94
1,2024-11,2,94
0,2016-12,1,95
0,2017-06,2,95
0,2019-11,2,95
0,2020-09,4,95
0,2021-03,5,95
0,2021-05,8,95
0,2021-06,20,95
0,2021-08,7,95
0,2021-09,13,95
0,2021-10,1,95
0,2021-11,48,95
0,2021-12,10,95
0,2022-03,29,95
0,2022-04,28,95
0,2022-05,21,95
0,2022-06,58,95
0,2022-07,2,95
0,2022-08,36,95
0,2022-09,45,95
0,2022-10,53,95
0,2022-11,38,95
0,2023-01,19,95
0,2023-03,2,95
0,2023-05,61,95
0,2023-10,12,95
0,2023-11,20,95
0,2023-12,3,95
0,2024-04,6,95
0,2024-05,51,95
0,2024-06,56,95
0,2024-07,1,95
0,2024-11,4,95
1,2016-10,1,95
1,2016-12,1,95
1,2017-06,2,95
1,2019-11,1,95
1,2020-09,1,95
1,2021-03,5,95
1,2021-04,1,95
1,2021-05,4,95
1,2021-06,13,95
1,2021-08,3,95
1,2021-09,8,95
1,2021-10,3,95
1,2021-11,20,95
1,2021-12,4,95
1,2022-03,13,95
1,2022-04,16,95
1,2022-05,12,95
1,2022-06,27,95
1,2022-07,1,95
1,2022-08,19,95
1,2022-09,23,95
1,2022-10,28,95
1,2022-11,17,95
1,2023-01,9,95
1,2023-03,2,95
1,2023-05,29,95
1,2023-06,1,95
1,2023-10,5,95
1,2023-11,11,95
1,2023-12,2,95
1,2024-04,2,95
1,2024-05,21,95
1,2024-06,25,95
1,2024-07,1,95
1,2024-11,2,95
0,2016-12,2,96
0,2017-06,3,96
0,2019-11,1,96
0,2020-09,2,96
0,2021-03,3,96
0,2021-04,1,96
0,2021-05,5,96
0,2021-06,23,96
0,2021-08,8,96
0,2021-09,20,96
0,2021-10,3,96
0,2021-11,43,96
0,2021-12,3,96
0,2022-03,27,96
0,2022-04,29,96
0,2022-05,24,96
0,2022-06,64,96
0,2022-07,2,96
0,2022-08,30,96
0,2022-09,48,96
0,2022-10,41,96
0,2022-11,45,96
0,2023-01,17,96
0,2023-03,6,96
0,2023-05,58,96
0,2023-06,3,96
0,2023-10,7,96
0,2023-11,21,96
0,2023-12,5,96
0,2024-04,5,96
0,2024-05,54,96
0,2024-06,58,96
0,2024-07,3,96
0,2024-11,2,96
1,2016-10,1,96
1,2016-12,1,96
1,2017-06,2,96
1,2019-11,1,96
1,2020-09,1,96
1,2021-03,5,96
1,2021-04,1,96
1,2021-05,4,96
1,2021-06,13,96
1,2021-08,3,96
1,2021-09,8,96
1,2021-10,3,96
1,2021-11,20,96
1,2021-12,4,96
1,2022-03,13,96
1,2022-04,16,96
1,2022-05,12,96
1,2022-06,27,96
1,2022-07,1,96
1,2022-08,19,96
1,2022-09,23,96
1,2022-10,28,96
1,2022-11,17,96
1,2023-01,9,96
1,2023-03,2,96
1,2023-05,29,96
1,2023-06,1,96
1,2023-10,5,96
1,2023-11,11,96
1,2023-12,2,96
1,2024-04,2,96
1,2024-05,21,96
1,2024-06,25,96
1,2024-07,1,96
1,2024-11,2,96
0,2017-06,1,97
0,2019-11,2,97
0,2020-09,2,97
0,2021-03,11,97
0,2021-04,1,97
0,2021-05,11,97
0,2021-06,24,97
0,2021-08,6,97
0,2021-09,19,97
0,2021-10,7,97
0,2021-11,30,97
0,2021-12,6,97
0,2022-03,24,97
0,2022-04,27,97
0,2022-05,29,97
0,2022-06,65,97
0,2022-08,22,97
0,2022-09,35,97
0,2022-10,58,97
0,2022-11,48,97
0,2023-01,15,97
0,2023-03,3,97
0,2023-05,57,97
0,2023-06,4,97
0,2023-10,7,97
0,2023-11,28,97
0,2023-12,2,97
0,2024-04,5,97
0,2024-05,48,97
0,2024-06,59,97
0,2024-07,5,97
0,2024-11,5,97
1,2016-10,1,97
1,2016-12,1,97
1,2017-06,2,97
1,2019-11,1,97
1,2020-09,1,97
1,2021-03,5,97
1,2021-04,1,97
1,2021-05,4,97
1,2021-06,13,97
1,2021-08,3,97
1,2021-09,8,97
1,2021-10,3,97
1,2021-11,20,97
1,2021-12,4,97
1,2022-03,13,97
1,2022-04,16,97
1,2022-05,12,97
1,2022-06,27,97
1,2022-07,1,97
1,2022-08,19,97
1,2022-09,23,97
1,2022-10,28,97
1,2022-11,17,97
1,2023-01,9,97
1,2023-03,2,97
1,2023-05,29,97
1,2023-06,1,97
1,2023-10,5,97
1,2023-11,11,97
1,2023-12,2,97
1,2024-04,2,97
1,2024-05,21,97
1,2024-06,25,97
1,2024-07,1,97
1,2024-11,2,97
0,2016-12,1,98
0,2019-11,1,98
0,2020-09,3,98
0,2021-03,11,98
0,2021-04,7,98
0,2021-05,4,98
0,2021-06,18,98
0,2021-08,3,98
0,2021-09,12,98
0,2021-10,5,98
0,2021-11,35,98
0,2021-12,1,98
0,2022-03,30,98
0,2022-04,36,98
0,2022-05,24,98
0,2022-06,56,98
0,2022-07,2,98
0,2022-08,41,98
0,2022-09,37,98
0,2022-10,43,98
0,2022-11,39,98
0,2023-01,26,98
0,2023-03,4,98
0,2023-05,54,98
0,2023-06,2,98
0,2023-10,13,98
0,2023-11,24,98
0,2023-12,3,98
0,2024-04,8,98
0,2024-05,51,98
0,2024-06,64,98
0,2024-07,4,98
0,2024-11,4,98
1,2016-10,1,98
1,2016-12,1,98
1,2017-06,2,98
1,2019-11,1,98
1,2020-09,1,98
1,2021-03,5,98
1,2021-04,1,98
1,2021-05,4,98
1,2021-06,13,98
1,2021-08,3,98
1,2021-09,8,98
1,2021-10,3,98
1,2021-11,20,98
1,2021-12,4,98
1,2022-03,13,98
1,2022-04,16,98
1,2022-05,12,98
1,2022-06,27,98
1,2022-07,1,98
1,2022-08,19,98
1,2022-09,23,98
1,2022-10,28,98
1,2022-11,17,98
1,2023-01,9,98
1,2023-03,2,98
1,2023-05,29,98
1,2023-06,1,98
1,2023-10,5,98
1,2023-11,11,98
1,2023-12,2,98
1,2024-04,2,98
1,2024-05,21,98
1,2024-06,25,98
1,2024-07,1,98
1,2024-11,2,98
0,2016-10,1,99
0,2017-06,1,99
0,2019-11,3,99
0,2021-03,7,99
0,2021-04,1,99
0,2021-05,10,99
0,2021-06,26,99
0,2021-08,9,99
0,2021-09,9,99
0,2021-10,3,99
0,2021-11,32,99
0,2021-12,4,99
0,2022-03,20,99
0,2022-04,37,99
0,2022-05,16,99
0,2022-06,46,99
0,2022-07,3,99
0,2022-08,39,99
0,2022-09,42,99
0,2022-10,52,99
0,2022-11,36,99
0,2023-01,14,99
0,2023-03,5,99
0,2023-05,72,99
0,2023-06,6,99
0,2023-10,21,99
0,2023-11,30,99
0,2023-12,2,99
0,2024-04,5,99
0,2024-05,45,99
0,2024-06,61,99
0,2024-07,3,99
0,2024-11,5,99
1,2016-10,1,99
1,2016-12,1,99
1,2017-06,2,99
1,2019-11,1,99
1,2020-09,1,99
1,2021-03,5,99
1,2021-04,1,99
1,2021-05,4,99
1,2021-06,13,99
1,2021-08,3,99
1,2021-09,8,99
1,2021-10,3,99
1,2021-11,20,99
1,2021-12,4,99
1,2022-03,13,99
1,2022-04,16,99
1,2022-05,12,99
1,2022-06,27,99
1,2022-07,1,99
1,2022-08,19,99
1,2022-09,23,99
1,2022-10,28,99
1,2022-11,17,99
1,2023-01,9,99
1,2023-03,2,99
1,2023-05,29,99
1,2023-06,1,99
1,2023-10,5,99
1,2023-11,11,99
1,2023-12,2,99
1,2024-04,2,99
1,2024-05,21,99
1,2024-06,25,99
1,2024-07,1,99
1,2024-11,2,99
