run_id,model,thr_level,threshold,tpr,fpr,tnr,youden_J
0,LR,P_TPR70,0.7675576001305544,0.71875,0.012903225806451613,0.9870967741935484,
0,LR,P_TPR85,0.3734269216659848,0.859375,0.06451612903225806,0.935483870967742,
0,LR,P_TPR95,0.01943008374433009,0.953125,0.5548387096774193,0.44516129032258067,
0,LR,P_OPT,0.3563253180946792,0.875,0.07096774193548387,0.9290322580645162,0.8040322580645162
0,GAM,P_TPR70,0.7444767539729187,0.703125,0.01935483870967742,0.9806451612903225,
0,GAM,P_TPR85,0.3862420355823807,0.890625,0.07096774193548387,0.9290322580645162,
0,GAM,P_TPR95,0.0471959087055593,0.953125,0.44516129032258067,0.5548387096774193,
0,GAM,P_OPT,0.3862420355823807,0.890625,0.07096774193548387,0.9290322580645162,0.8196572580645162
0,RF,P_TPR70,0.6793798870104163,0.734375,0.01935483870967742,0.9806451612903225,
0,RF,P_TPR85,0.40619123544483954,0.890625,0.04516129032258064,0.9548387096774194,
0,RF,P_TPR95,0.06205490819384644,0.953125,0.4258064516129032,0.5741935483870968,
0,RF,P_OPT,0.40619123544483954,0.890625,0.04516129032258064,0.9548387096774194,0.8454637096774194
1,LR,P_TPR70,0.7680825226242091,0.703125,0.01935483870967742,0.9806451612903225,
1,LR,P_TPR85,0.4810595204464619,0.890625,0.05806451612903226,0.9419354838709677,
1,LR,P_TPR95,0.15571390929134252,0.953125,0.24516129032258063,0.7548387096774194,
1,LR,P_OPT,0.4810595204464619,0.890625,0.05806451612903226,0.9419354838709677,0.8325604838709677
1,GAM,P_TPR70,0.763540502113836,0.703125,0.012903225806451613,0.9870967741935484,
1,GAM,P_TPR85,0.5179642294913764,0.859375,0.06451612903225806,0.935483870967742,
1,GAM,P_TPR95,0.1531490960379332,0.953125,0.23870967741935484,0.7612903225806451,
1,GAM,P_OPT,0.312507540658174,0.9375,0.10967741935483871,0.8903225806451613,0.8278225806451613
1,RF,P_TPR70,0.7266235884040331,0.703125,0.0,1.0,
1,RF,P_TPR85,0.5700500195869377,0.859375,0.025806451612903226,0.9741935483870968,
1,RF,P_TPR95,0.26092405287969583,0.953125,0.14838709677419354,0.8516129032258064,
1,RF,P_OPT,0.5700500195869377,0.859375,0.025806451612903226,0.9741935483870968,0.8335685483870968
2,LR,P_TPR70,0.6281185754318935,0.782608695652174,0.026490066225165563,0.9735099337748344,
2,LR,P_TPR85,0.3771363135222573,0.8695652173913043,0.07947019867549669,0.9205298013245033,
2,LR,P_TPR95,0.050723061985006174,0.9565217391304348,0.33112582781456956,0.6688741721854304,
2,LR,P_OPT,0.49486270819273825,0.8405797101449275,0.039735099337748346,0.9602649006622517,0.8008446108071792
2,GAM,P_TPR70,0.7041242345542671,0.7536231884057971,0.026490066225165563,0.9735099337748344,
2,GAM,P_TPR85,0.44611819469224673,0.855072463768116,0.046357615894039736,0.9536423841059603,
2,GAM,P_TPR95,0.06465168567066801,0.9565217391304348,0.2582781456953642,0.7417218543046358,
2,GAM,P_OPT,0.42913208182346496,0.8695652173913043,0.052980132450331126,0.9470198675496688,0.8165850849409731
2,RF,P_TPR70,0.5758522919258925,0.7536231884057971,0.033112582781456956,0.9668874172185431,
2,RF,P_TPR85,0.3620059833573043,0.855072463768116,0.059602649006622516,0.9403973509933775,
2,RF,P_TPR95,0.11125374507960716,0.9710144927536232,0.23178807947019867,0.7682119205298014,
2,RF,P_OPT,0.25096284494712773,0.9130434782608695,0.09933774834437085,0.9006622516556292,0.8137057299164987
3,LR,P_TPR70,0.674036219670967,0.75,0.02877697841726619,0.9712230215827338,
3,LR,P_TPR85,0.5290399675514612,0.85,0.050359712230215826,0.9496402877697842,
3,LR,P_TPR95,0.09786704160438597,0.95,0.20863309352517986,0.7913669064748201,
3,LR,P_OPT,0.44602351273852503,0.9,0.07194244604316546,0.9280575539568345,0.8280575539568346
3,GAM,P_TPR70,0.6764985317773293,0.7625,0.02877697841726619,0.9712230215827338,
3,GAM,P_TPR85,0.46336991159023333,0.8875,0.05755395683453238,0.9424460431654677,
3,GAM,P_TPR95,0.11758631149154894,0.95,0.19424460431654678,0.8057553956834532,
3,GAM,P_OPT,0.449592196685438,0.9,0.06474820143884892,0.935251798561151,0.8352517985611511
3,RF,P_TPR70,0.6724033944734634,0.725,0.014388489208633094,0.9856115107913669,
3,RF,P_TPR85,0.5075712358011336,0.875,0.03597122302158273,0.9640287769784173,
3,RF,P_TPR95,0.2864692309355149,0.9625,0.11510791366906475,0.8848920863309353,
3,RF,P_OPT,0.34733051012455135,0.925,0.07194244604316546,0.9280575539568345,0.8530575539568346
4,LR,P_TPR70,0.5127539680674608,0.8157894736842105,0.02054794520547945,0.9794520547945206,
4,LR,P_TPR85,0.3679464097841744,0.868421052631579,0.06164383561643835,0.9383561643835616,
4,LR,P_TPR95,0.10021193475656,0.9605263157894737,0.2534246575342466,0.7465753424657534,
4,LR,P_OPT,0.33851213250205764,0.881578947368421,0.0684931506849315,0.9315068493150684,0.8130857966834895
4,GAM,P_TPR70,0.7162932927248962,0.7236842105263158,0.0136986301369863,0.9863013698630136,
4,GAM,P_TPR85,0.4727306139455363,0.8552631578947368,0.0410958904109589,0.9589041095890412,
4,GAM,P_TPR95,0.09704306929415539,0.9605263157894737,0.2534246575342466,0.7465753424657534,
4,GAM,P_OPT,0.4918492569472799,0.8421052631578947,0.0273972602739726,0.9726027397260274,0.8147080028839221
4,RF,P_TPR70,0.5199173372026082,0.7763157894736842,0.02054794520547945,0.9794520547945206,
4,RF,P_TPR85,0.33378377490213845,0.8552631578947368,0.0410958904109589,0.9589041095890412,
4,RF,P_TPR95,0.17006237024336776,0.9605263157894737,0.1643835616438356,0.8356164383561644,
4,RF,P_OPT,0.3148855827802542,0.868421052631579,0.04794520547945205,0.952054794520548,0.820475847152127
5,LR,P_TPR70,0.7188397525643594,0.7464788732394366,0.033783783783783786,0.9662162162162162,
5,LR,P_TPR85,0.46604765629426737,0.8732394366197183,0.10810810810810811,0.8918918918918919,
5,LR,P_TPR95,0.23405164571750867,0.9577464788732394,0.16216216216216217,0.8378378378378378,
5,LR,P_OPT,0.23405164571750867,0.9577464788732394,0.16216216216216217,0.8378378378378378,0.7955843167110772
5,GAM,P_TPR70,0.6119122015484908,0.8028169014084507,0.033783783783783786,0.9662162162162162,
5,GAM,P_TPR85,0.5024063176625988,0.8732394366197183,0.08108108108108109,0.9189189189189189,
5,GAM,P_TPR95,0.22842728226040024,0.9577464788732394,0.14864864864864866,0.8513513513513513,
5,GAM,P_OPT,0.22842728226040024,0.9577464788732394,0.14864864864864866,0.8513513513513513,0.8090978302245907
5,RF,P_TPR70,0.6418895196030883,0.7746478873239436,0.02027027027027027,0.9797297297297297,
5,RF,P_TPR85,0.3698483650945298,0.8873239436619719,0.08108108108108109,0.9189189189189189,
5,RF,P_TPR95,0.17344474508878815,0.9577464788732394,0.22972972972972974,0.7702702702702703,
5,RF,P_OPT,0.33537640358864185,0.9295774647887324,0.10135135135135136,0.8986486486486487,0.8282261134373811
6,LR,P_TPR70,0.6911787920038517,0.726027397260274,0.0,1.0,
6,LR,P_TPR85,0.3662709162770606,0.8904109589041096,0.08904109589041095,0.910958904109589,
6,LR,P_TPR95,0.13879236078653784,0.958904109589041,0.22602739726027396,0.773972602739726,
6,LR,P_OPT,0.5248900923790795,0.821917808219178,0.00684931506849315,0.9931506849315068,0.8150684931506849
6,GAM,P_TPR70,0.6425536359426095,0.7534246575342466,0.0,1.0,
6,GAM,P_TPR85,0.41765483384886815,0.863013698630137,0.06164383561643835,0.9383561643835616,
6,GAM,P_TPR95,0.11737243824143904,0.958904109589041,0.2465753424657534,0.7534246575342466,
6,GAM,P_OPT,0.31883722212828747,0.9178082191780822,0.1095890410958904,0.8904109589041096,0.8082191780821918
6,RF,P_TPR70,0.5775236872691537,0.7534246575342466,0.00684931506849315,0.9931506849315068,
6,RF,P_TPR85,0.45570406289509796,0.863013698630137,0.02054794520547945,0.9794520547945206,
6,RF,P_TPR95,0.23362761185349212,0.958904109589041,0.1643835616438356,0.8356164383561644,
6,RF,P_OPT,0.4009311933866363,0.8904109589041096,0.0410958904109589,0.9589041095890412,0.8493150684931507
7,LR,P_TPR70,0.8149079780727819,0.7,0.0,1.0,
7,LR,P_TPR85,0.5748127813882634,0.85,0.014388489208633094,0.9856115107913669,
7,LR,P_TPR95,0.21570316574724302,0.95,0.14388489208633093,0.8561151079136691,
7,LR,P_OPT,0.3795284436820119,0.925,0.06474820143884892,0.935251798561151,0.8602517985611511
7,GAM,P_TPR70,0.638585089862993,0.825,0.007194244604316547,0.9928057553956835,
7,GAM,P_TPR85,0.5583324323906377,0.85,0.02877697841726619,0.9712230215827338,
7,GAM,P_TPR95,0.2443038119318093,0.95,0.10071942446043165,0.8992805755395683,
7,GAM,P_OPT,0.4086223023810001,0.9125,0.050359712230215826,0.9496402877697842,0.8621402877697841
7,RF,P_TPR70,0.6875994080068295,0.725,0.014388489208633094,0.9856115107913669,
7,RF,P_TPR85,0.575988053084869,0.8625,0.02158273381294964,0.9784172661870504,
7,RF,P_TPR95,0.24533814483105792,0.9625,0.1510791366906475,0.8489208633093526,
7,RF,P_OPT,0.4630909188668388,0.875,0.02877697841726619,0.9712230215827338,0.8462230215827338
8,LR,P_TPR70,0.7164446115105613,0.7301587301587301,0.01910828025477707,0.9808917197452229,
8,LR,P_TPR85,0.6112598973466987,0.8571428571428571,0.044585987261146494,0.9554140127388535,
8,LR,P_TPR95,0.14276873459109363,0.9523809523809523,0.2484076433121019,0.7515923566878981,
8,LR,P_OPT,0.42344654079369753,0.9206349206349206,0.09554140127388536,0.9044585987261147,0.8250935193610353
8,GAM,P_TPR70,0.7049481246815542,0.7142857142857143,0.01910828025477707,0.9808917197452229,
8,GAM,P_TPR85,0.5739061232029414,0.8571428571428571,0.050955414012738856,0.9490445859872612,
8,GAM,P_TPR95,0.18387428851365437,0.9523809523809523,0.22929936305732485,0.7707006369426752,
8,GAM,P_OPT,0.37178005341207954,0.9365079365079365,0.08917197452229299,0.910828025477707,0.8473359619856435
8,RF,P_TPR70,0.6317249768645754,0.8095238095238095,0.012738853503184714,0.9872611464968153,
8,RF,P_TPR85,0.5416790738438038,0.873015873015873,0.025477707006369428,0.9745222929936306,
8,RF,P_TPR95,0.24028926421954858,0.9523809523809523,0.17834394904458598,0.821656050955414,
8,RF,P_OPT,0.5416790738438038,0.873015873015873,0.025477707006369428,0.9745222929936306,0.8475381660095036
9,LR,P_TPR70,0.5736578715805327,0.7710843373493976,0.043478260869565216,0.9565217391304348,
9,LR,P_TPR85,0.44104778656602356,0.8554216867469879,0.06521739130434782,0.9347826086956522,
9,LR,P_TPR95,0.06656989992702596,0.9518072289156626,0.34782608695652173,0.6521739130434783,
9,LR,P_OPT,0.35355677609435937,0.8795180722891566,0.08695652173913043,0.9130434782608696,0.7925615505500261
9,GAM,P_TPR70,0.6743714939790508,0.7228915662650602,0.028985507246376812,0.9710144927536232,
9,GAM,P_TPR85,0.42498414838748233,0.8674698795180723,0.08695652173913043,0.9130434782608696,
9,GAM,P_TPR95,0.09223018663205317,0.9518072289156626,0.26811594202898553,0.7318840579710144,
9,GAM,P_OPT,0.27352196722525274,0.891566265060241,0.10144927536231885,0.8985507246376812,0.7901169896979221
9,RF,P_TPR70,0.5588240484878731,0.7951807228915663,0.028985507246376812,0.9710144927536232,
9,RF,P_TPR85,0.44683674737594364,0.8554216867469879,0.06521739130434782,0.9347826086956522,
9,RF,P_TPR95,0.24806217766536448,0.963855421686747,0.13768115942028986,0.8623188405797102,
9,RF,P_OPT,0.23392484717792406,0.9759036144578314,0.14492753623188406,0.855072463768116,0.8309760782259473
10,LR,P_TPR70,0.8083159591347614,0.7027027027027027,0.0,1.0,
10,LR,P_TPR85,0.44988201386822924,0.8513513513513513,0.05517241379310345,0.9448275862068966,
10,LR,P_TPR95,0.06009522260025658,0.9594594594594594,0.38620689655172413,0.6137931034482759,
10,LR,P_OPT,0.3120972816259754,0.9054054054054054,0.10344827586206896,0.896551724137931,0.8019571295433364
10,GAM,P_TPR70,0.7655924931403729,0.7162162162162162,0.006896551724137931,0.993103448275862,
10,GAM,P_TPR85,0.4983884930713564,0.8513513513513513,0.034482758620689655,0.9655172413793104,
10,GAM,P_TPR95,0.09405569385415304,0.9594594594594594,0.2620689655172414,0.7379310344827585,
10,GAM,P_OPT,0.4181098300438101,0.8918918918918919,0.06206896551724138,0.9379310344827586,0.8298229263746505
10,RF,P_TPR70,0.6671765227581415,0.7162162162162162,0.013793103448275862,0.9862068965517241,
10,RF,P_TPR85,0.3251739138993636,0.8513513513513513,0.09655172413793103,0.903448275862069,
10,RF,P_TPR95,0.23332969861264227,0.9594594594594594,0.16551724137931034,0.8344827586206897,
10,RF,P_OPT,0.2960368919453044,0.918918918918919,0.1103448275862069,0.8896551724137931,0.8085740913327121
11,LR,P_TPR70,0.711275944081547,0.7333333333333333,0.041379310344827586,0.9586206896551724,
11,LR,P_TPR85,0.4524104792243381,0.8533333333333334,0.06206896551724138,0.9379310344827586,
11,LR,P_TPR95,0.1212748997486192,0.9733333333333334,0.22758620689655173,0.7724137931034483,
11,LR,P_OPT,0.2860880328504241,0.9333333333333333,0.10344827586206896,0.896551724137931,0.8298850574712644
11,GAM,P_TPR70,0.6699196708757129,0.76,0.041379310344827586,0.9586206896551724,
11,GAM,P_TPR85,0.48334482173374116,0.8533333333333334,0.06206896551724138,0.9379310344827586,
11,GAM,P_TPR95,0.1971895894464703,0.96,0.14482758620689656,0.8551724137931034,
11,GAM,P_OPT,0.40726457471147137,0.8933333333333333,0.07586206896551724,0.9241379310344827,0.817471264367816
11,RF,P_TPR70,0.7073791062304051,0.7066666666666667,0.013793103448275862,0.9862068965517241,
11,RF,P_TPR85,0.45234368326566415,0.8666666666666667,0.04827586206896552,0.9517241379310345,
11,RF,P_TPR95,0.25182346010182377,0.96,0.15172413793103448,0.8482758620689655,
11,RF,P_OPT,0.32962573146548235,0.92,0.0896551724137931,0.9103448275862069,0.830344827586207
12,LR,P_TPR70,0.6935490300892805,0.7076923076923077,0.03205128205128205,0.967948717948718,
12,LR,P_TPR85,0.5615087790408602,0.8769230769230769,0.057692307692307696,0.9423076923076923,
12,LR,P_TPR95,0.4591843450663594,0.9538461538461539,0.08333333333333333,0.9166666666666666,
12,LR,P_OPT,0.4591843450663594,0.9538461538461539,0.08333333333333333,0.9166666666666666,0.8705128205128205
12,GAM,P_TPR70,0.6444701251249743,0.7846153846153846,0.038461538461538464,0.9615384615384616,
12,GAM,P_TPR85,0.5331698989995295,0.8615384615384616,0.057692307692307696,0.9423076923076923,
12,GAM,P_TPR95,0.4766971117007862,0.9538461538461539,0.057692307692307696,0.9423076923076923,
12,GAM,P_OPT,0.4766971117007862,0.9538461538461539,0.057692307692307696,0.9423076923076923,0.8961538461538462
12,RF,P_TPR70,0.7060010430308131,0.7076923076923077,0.019230769230769232,0.9807692307692307,
12,RF,P_TPR85,0.566073010688967,0.8615384615384616,0.038461538461538464,0.9615384615384616,
12,RF,P_TPR95,0.26480333769086367,0.9692307692307692,0.14743589743589744,0.8525641025641025,
12,RF,P_OPT,0.3864031781222108,0.9384615384615385,0.0641025641025641,0.9358974358974359,0.8743589743589744
13,LR,P_TPR70,0.7511287511215669,0.703125,0.025806451612903226,0.9741935483870968,
13,LR,P_TPR85,0.4637948781205667,0.890625,0.05161290322580645,0.9483870967741935,
13,LR,P_TPR95,0.2298727070569901,0.953125,0.10967741935483871,0.8903225806451613,
13,LR,P_OPT,0.292937989080267,0.9375,0.07096774193548387,0.9290322580645162,0.8665322580645162
13,GAM,P_TPR70,0.7472413115430322,0.703125,0.025806451612903226,0.9741935483870968,
13,GAM,P_TPR85,0.49808916933155634,0.890625,0.03870967741935484,0.9612903225806452,
13,GAM,P_TPR95,0.25295451577168077,0.953125,0.09032258064516129,0.9096774193548387,
13,GAM,P_OPT,0.25295451577168077,0.953125,0.09032258064516129,0.9096774193548387,0.8628024193548387
13,RF,P_TPR70,0.6390911446094428,0.796875,0.012903225806451613,0.9870967741935484,
13,RF,P_TPR85,0.49023969414996604,0.875,0.03225806451612903,0.967741935483871,
13,RF,P_TPR95,0.31755583650655894,0.953125,0.1032258064516129,0.896774193548387,
13,RF,P_OPT,0.4547546740100939,0.90625,0.03870967741935484,0.9612903225806452,0.8675403225806452
14,LR,P_TPR70,0.6390508757636066,0.7058823529411765,0.0728476821192053,0.9271523178807947,
14,LR,P_TPR85,0.23869248311963198,0.8676470588235294,0.16556291390728478,0.8344370860927153,
14,LR,P_TPR95,0.05408417256652936,0.9558823529411765,0.36423841059602646,0.6357615894039735,
14,LR,P_OPT,0.23869248311963198,0.8676470588235294,0.16556291390728478,0.8344370860927153,0.7020841449162447
14,GAM,P_TPR70,0.6335878810216347,0.7205882352941176,0.059602649006622516,0.9403973509933775,
14,GAM,P_TPR85,0.25093241316454273,0.8676470588235294,0.152317880794702,0.847682119205298,
14,GAM,P_TPR95,0.06702966014364341,0.9558823529411765,0.304635761589404,0.695364238410596,
14,GAM,P_OPT,0.25093241316454273,0.8676470588235294,0.152317880794702,0.847682119205298,0.7153291780288275
14,RF,P_TPR70,0.49336957497164724,0.7352941176470589,0.046357615894039736,0.9536423841059603,
14,RF,P_TPR85,0.24783942569445291,0.8676470588235294,0.16556291390728478,0.8344370860927153,
14,RF,P_TPR95,0.12145497669070018,0.9558823529411765,0.2980132450331126,0.7019867549668874,
14,RF,P_OPT,0.22370638651010477,0.8970588235294118,0.17218543046357615,0.8278145695364238,0.7248733930658356
15,LR,P_TPR70,0.7363629534102124,0.7746478873239436,0.013422818791946308,0.9865771812080537,
15,LR,P_TPR85,0.5436000769966525,0.8591549295774648,0.03355704697986577,0.9664429530201343,
15,LR,P_TPR95,0.2906741808867082,0.9577464788732394,0.09395973154362416,0.9060402684563759,
15,LR,P_OPT,0.431282421650413,0.9154929577464789,0.040268456375838924,0.9597315436241611,0.8752245013706399
15,GAM,P_TPR70,0.7096146486111525,0.7464788732394366,0.013422818791946308,0.9865771812080537,
15,GAM,P_TPR85,0.4800769831340784,0.8873239436619719,0.040268456375838924,0.9597315436241611,
15,GAM,P_TPR95,0.30770995128327033,0.9577464788732394,0.09395973154362416,0.9060402684563759,
15,GAM,P_OPT,0.28705426827796227,0.971830985915493,0.10067114093959731,0.8993288590604027,0.8711598449758957
15,RF,P_TPR70,0.7434851874282444,0.704225352112676,0.013422818791946308,0.9865771812080537,
15,RF,P_TPR85,0.5339837895023538,0.8591549295774648,0.020134228187919462,0.9798657718120806,
15,RF,P_TPR95,0.21204076121574902,0.9577464788732394,0.14093959731543623,0.8590604026845637,
15,RF,P_OPT,0.4983712838840715,0.9014084507042254,0.03355704697986577,0.9664429530201343,0.8678514037243596
16,LR,P_TPR70,0.6172159228423071,0.782051282051282,0.04827586206896552,0.9517241379310345,
16,LR,P_TPR85,0.4716265667361976,0.8717948717948718,0.08275862068965517,0.9172413793103449,
16,LR,P_TPR95,0.0465306485679468,0.9615384615384616,0.38620689655172413,0.6137931034482759,
16,LR,P_OPT,0.4170513124633202,0.8846153846153846,0.0896551724137931,0.9103448275862069,0.7949602122015915
16,GAM,P_TPR70,0.644413161998904,0.782051282051282,0.04827586206896552,0.9517241379310345,
16,GAM,P_TPR85,0.5018458263966282,0.8717948717948718,0.07586206896551724,0.9241379310344827,
16,GAM,P_TPR95,0.06761365315735338,0.9615384615384616,0.32413793103448274,0.6758620689655173,
16,GAM,P_OPT,0.36902348278194314,0.8846153846153846,0.08275862068965517,0.9172413793103449,0.8018567639257295
16,RF,P_TPR70,0.5359140683352576,0.782051282051282,0.04827586206896552,0.9517241379310345,
16,RF,P_TPR85,0.3563148849736437,0.9102564102564102,0.07586206896551724,0.9241379310344827,
16,RF,P_TPR95,0.17840141051279934,0.9615384615384616,0.18620689655172415,0.8137931034482758,
16,RF,P_OPT,0.3563148849736437,0.9102564102564102,0.07586206896551724,0.9241379310344827,0.834394341290893
17,LR,P_TPR70,0.6484186035708498,0.7466666666666667,0.020833333333333332,0.9791666666666666,
17,LR,P_TPR85,0.42604316895197203,0.8533333333333334,0.0763888888888889,0.9236111111111112,
17,LR,P_TPR95,0.11717634790906224,0.96,0.25,0.75,
17,LR,P_OPT,0.3981935076586067,0.8933333333333333,0.08333333333333333,0.9166666666666666,0.8099999999999999
17,GAM,P_TPR70,0.6787999771145178,0.7333333333333333,0.020833333333333332,0.9791666666666666,
17,GAM,P_TPR85,0.4414489214398448,0.8666666666666667,0.0625,0.9375,
17,GAM,P_TPR95,0.060458775430895215,0.96,0.3402777777777778,0.6597222222222222,
17,GAM,P_OPT,0.4414489214398448,0.8666666666666667,0.0625,0.9375,0.8041666666666667
17,RF,P_TPR70,0.6873671318469816,0.7333333333333333,0.013888888888888888,0.9861111111111112,
17,RF,P_TPR85,0.5700326431024293,0.8533333333333334,0.041666666666666664,0.9583333333333334,
17,RF,P_TPR95,0.16525141679270702,0.96,0.24305555555555555,0.7569444444444444,
17,RF,P_OPT,0.47319763374375584,0.8933333333333333,0.06944444444444445,0.9305555555555556,0.8238888888888889
18,LR,P_TPR70,0.5089978817083999,0.7671232876712328,0.0273972602739726,0.9726027397260274,
18,LR,P_TPR85,0.344560499947569,0.863013698630137,0.06164383561643835,0.9383561643835616,
18,LR,P_TPR95,0.06801718697553565,0.958904109589041,0.273972602739726,0.726027397260274,
18,LR,P_OPT,0.2094519287706542,0.9315068493150684,0.0958904109589041,0.904109589041096,0.8356164383561644
18,GAM,P_TPR70,0.5436761075840368,0.7123287671232876,0.03424657534246575,0.9657534246575342,
18,GAM,P_TPR85,0.31754798982965354,0.8904109589041096,0.0684931506849315,0.9315068493150684,
18,GAM,P_TPR95,0.1277076002385437,0.958904109589041,0.23972602739726026,0.7602739726027398,
18,GAM,P_OPT,0.250952626272433,0.9315068493150684,0.07534246575342465,0.9246575342465754,0.8561643835616438
18,RF,P_TPR70,0.5194871751641368,0.7534246575342466,0.0273972602739726,0.9726027397260274,
18,RF,P_TPR85,0.34511054585050155,0.863013698630137,0.06164383561643835,0.9383561643835616,
18,RF,P_TPR95,0.23654900231945766,0.958904109589041,0.1095890410958904,0.8904109589041096,
18,RF,P_OPT,0.2616932530107103,0.9452054794520548,0.08904109589041095,0.910958904109589,0.8561643835616438
19,LR,P_TPR70,0.8107878649234714,0.7014925373134329,0.05228758169934641,0.9477124183006536,
19,LR,P_TPR85,0.5310866509592355,0.8805970149253731,0.10457516339869281,0.8954248366013072,
19,LR,P_TPR95,0.38642086993465136,0.9552238805970149,0.1503267973856209,0.8496732026143791,
19,LR,P_OPT,0.38642086993465136,0.9552238805970149,0.1503267973856209,0.8496732026143791,0.804897083211394
19,GAM,P_TPR70,0.8043506516665372,0.7014925373134329,0.05228758169934641,0.9477124183006536,
19,GAM,P_TPR85,0.5868667684838216,0.8507462686567164,0.09803921568627451,0.9019607843137255,
19,GAM,P_TPR95,0.3632015295209424,0.9552238805970149,0.1437908496732026,0.8562091503267975,
19,GAM,P_OPT,0.1687684808804127,0.9850746268656716,0.16339869281045752,0.8366013071895425,0.8216759340552141
19,RF,P_TPR70,0.7225439480483966,0.7910447761194029,0.0457516339869281,0.954248366013072,
19,RF,P_TPR85,0.6463086743674414,0.8507462686567164,0.0784313725490196,0.9215686274509804,
19,RF,P_TPR95,0.27957974572114996,0.9552238805970149,0.1568627450980392,0.8431372549019608,
19,RF,P_OPT,0.40285065138813564,0.9253731343283582,0.11764705882352941,0.8823529411764706,0.8077260755048288
20,LR,P_TPR70,0.6950462505769899,0.7916666666666666,0.02040816326530612,0.9795918367346939,
20,LR,P_TPR85,0.48074153899751654,0.8611111111111112,0.06802721088435375,0.9319727891156463,
20,LR,P_TPR95,0.13398022051541794,0.9583333333333334,0.2585034013605442,0.7414965986394557,
20,LR,P_OPT,0.46218124811530875,0.8888888888888888,0.07482993197278912,0.9251700680272109,0.8140589569160998
20,GAM,P_TPR70,0.6638700450262905,0.7916666666666666,0.02040816326530612,0.9795918367346939,
20,GAM,P_TPR85,0.5056925035556438,0.875,0.047619047619047616,0.9523809523809523,
20,GAM,P_TPR95,0.20787942054653463,0.9583333333333334,0.21768707482993196,0.782312925170068,
20,GAM,P_OPT,0.5056925035556438,0.875,0.047619047619047616,0.9523809523809523,0.8273809523809523
20,RF,P_TPR70,0.7165726275627127,0.7361111111111112,0.02040816326530612,0.9795918367346939,
20,RF,P_TPR85,0.462653789620039,0.8611111111111112,0.07482993197278912,0.9251700680272109,
20,RF,P_TPR95,0.2829820655314052,0.9583333333333334,0.14965986394557823,0.8503401360544218,
20,RF,P_OPT,0.3440628861198668,0.9444444444444444,0.10884353741496598,0.891156462585034,0.8356009070294784
21,LR,P_TPR70,0.7038313159224154,0.7361111111111112,0.034013605442176874,0.9659863945578231,
21,LR,P_TPR85,0.47135997581756106,0.8611111111111112,0.08163265306122448,0.9183673469387755,
21,LR,P_TPR95,0.25901856173120186,0.9583333333333334,0.1564625850340136,0.8435374149659864,
21,LR,P_OPT,0.25901856173120186,0.9583333333333334,0.1564625850340136,0.8435374149659864,0.8018707482993197
21,GAM,P_TPR70,0.7521027986042874,0.7361111111111112,0.034013605442176874,0.9659863945578231,
21,GAM,P_TPR85,0.576818870745419,0.8611111111111112,0.047619047619047616,0.9523809523809523,
21,GAM,P_TPR95,0.25827926709341,0.9583333333333334,0.1360544217687075,0.8639455782312925,
21,GAM,P_OPT,0.25827926709341,0.9583333333333334,0.1360544217687075,0.8639455782312925,0.8222789115646258
21,RF,P_TPR70,0.7022590297315789,0.7222222222222222,0.013605442176870748,0.9863945578231292,
21,RF,P_TPR85,0.5283408982047774,0.8611111111111112,0.08163265306122448,0.9183673469387755,
21,RF,P_TPR95,0.27732296776381554,0.9583333333333334,0.1360544217687075,0.8639455782312925,
21,RF,P_OPT,0.2026792964554247,0.9861111111111112,0.1564625850340136,0.8435374149659864,0.8296485260770976
22,LR,P_TPR70,0.7009249219957794,0.8615384615384616,0.019230769230769232,0.9807692307692307,
22,LR,P_TPR85,0.7009249219957794,0.8615384615384616,0.019230769230769232,0.9807692307692307,
22,LR,P_TPR95,0.3591053906835714,0.9538461538461539,0.07692307692307693,0.9230769230769231,
22,LR,P_OPT,0.3591053906835714,0.9538461538461539,0.07692307692307693,0.9230769230769231,0.8769230769230769
22,GAM,P_TPR70,0.8521780139538241,0.7076923076923077,0.01282051282051282,0.9871794871794872,
22,GAM,P_TPR85,0.5761497811974087,0.8923076923076924,0.03205128205128205,0.967948717948718,
22,GAM,P_TPR95,0.34597939055058374,0.9538461538461539,0.057692307692307696,0.9423076923076923,
22,GAM,P_OPT,0.34597939055058374,0.9538461538461539,0.057692307692307696,0.9423076923076923,0.8961538461538462
22,RF,P_TPR70,0.6516201051508885,0.8769230769230769,0.019230769230769232,0.9807692307692307,
22,RF,P_TPR85,0.6516201051508885,0.8769230769230769,0.019230769230769232,0.9807692307692307,
22,RF,P_TPR95,0.24732240078187417,0.9538461538461539,0.12179487179487179,0.8782051282051282,
22,RF,P_OPT,0.4702789807663492,0.9230769230769231,0.05128205128205128,0.9487179487179487,0.8717948717948718
23,LR,P_TPR70,0.6440985307078884,0.7407407407407407,0.05755395683453238,0.9424460431654677,
23,LR,P_TPR85,0.36091305130547,0.8641975308641975,0.09352517985611511,0.9064748201438849,
23,LR,P_TPR95,0.05074866486126415,0.9506172839506173,0.3237410071942446,0.6762589928057554,
23,LR,P_OPT,0.26328442936498025,0.9012345679012346,0.12949640287769784,0.8705035971223022,0.7717381650235368
23,GAM,P_TPR70,0.61509339586603,0.7777777777777778,0.05755395683453238,0.9424460431654677,
23,GAM,P_TPR85,0.3738607764727791,0.8641975308641975,0.09352517985611511,0.9064748201438849,
23,GAM,P_TPR95,0.08214043037872729,0.9506172839506173,0.2158273381294964,0.7841726618705036,
23,GAM,P_OPT,0.2658273204513899,0.8888888888888888,0.1079136690647482,0.8920863309352518,0.7809752198241406
23,RF,P_TPR70,0.499218590668991,0.8148148148148148,0.03597122302158273,0.9640287769784173,
23,RF,P_TPR85,0.4047073439751527,0.8518518518518519,0.07194244604316546,0.9280575539568345,
23,RF,P_TPR95,0.19850293252231185,0.9506172839506173,0.18705035971223022,0.8129496402877698,
23,RF,P_OPT,0.320394820417685,0.9135802469135802,0.07913669064748201,0.920863309352518,0.8344435562660982
24,LR,P_TPR70,0.6841045361430482,0.7012987012987013,0.027972027972027972,0.972027972027972,
24,LR,P_TPR85,0.4595468626274786,0.8571428571428571,0.0979020979020979,0.9020979020979021,
24,LR,P_TPR95,0.06548190631744405,0.961038961038961,0.3916083916083916,0.6083916083916083,
24,LR,P_OPT,0.32681629250759775,0.9090909090909091,0.13986013986013987,0.8601398601398601,0.7692307692307692
24,GAM,P_TPR70,0.7038124465711871,0.7012987012987013,0.02097902097902098,0.9790209790209791,
24,GAM,P_TPR85,0.4807116016614711,0.8571428571428571,0.09090909090909091,0.9090909090909091,
24,GAM,P_TPR95,0.09093463640067949,0.961038961038961,0.32167832167832167,0.6783216783216783,
24,GAM,P_OPT,0.3447623119274899,0.922077922077922,0.1048951048951049,0.8951048951048951,0.8171828171828172
24,RF,P_TPR70,0.6824870466516817,0.7142857142857143,0.006993006993006993,0.993006993006993,
24,RF,P_TPR85,0.43794663582016197,0.8571428571428571,0.06993006993006994,0.9300699300699301,
24,RF,P_TPR95,0.2585428506470091,0.961038961038961,0.16083916083916083,0.8391608391608392,
24,RF,P_OPT,0.2585428506470091,0.961038961038961,0.16083916083916083,0.8391608391608392,0.8001998001998002
25,LR,P_TPR70,0.8293110722122384,0.7638888888888888,0.013513513513513514,0.9864864864864865,
25,LR,P_TPR85,0.46349877115654764,0.9166666666666666,0.08108108108108109,0.9189189189189189,
25,LR,P_TPR95,0.1089361551244366,0.9583333333333334,0.27702702702702703,0.722972972972973,
25,LR,P_OPT,0.3425216017479644,0.9444444444444444,0.10135135135135136,0.8986486486486487,0.8430930930930931
25,GAM,P_TPR70,0.8599494109735619,0.7222222222222222,0.013513513513513514,0.9864864864864865,
25,GAM,P_TPR85,0.5825656340846941,0.8611111111111112,0.060810810810810814,0.9391891891891891,
25,GAM,P_TPR95,0.13173778507473322,0.9583333333333334,0.23648648648648649,0.7635135135135135,
25,GAM,P_OPT,0.29475210116541195,0.9444444444444444,0.11486486486486487,0.8851351351351351,0.8295795795795795
25,RF,P_TPR70,0.7343861120821821,0.75,0.02027027027027027,0.9797297297297297,
25,RF,P_TPR85,0.5753529968654183,0.8611111111111112,0.033783783783783786,0.9662162162162162,
25,RF,P_TPR95,0.21305649435006102,0.9583333333333334,0.1891891891891892,0.8108108108108107,
25,RF,P_OPT,0.4014454730991367,0.9166666666666666,0.07432432432432433,0.9256756756756757,0.8423423423423423
26,LR,P_TPR70,0.7757954470608514,0.7428571428571429,0.04,0.96,
26,LR,P_TPR85,0.6796002485793623,0.8571428571428571,0.06,0.94,
26,LR,P_TPR95,0.2791771179693654,0.9571428571428572,0.18,0.8200000000000001,
26,LR,P_OPT,0.5582540121273533,0.8857142857142857,0.08,0.92,0.8057142857142857
26,GAM,P_TPR70,0.7533585679212267,0.7142857142857143,0.04666666666666667,0.9533333333333334,
26,GAM,P_TPR85,0.6154227048260311,0.8714285714285714,0.06666666666666667,0.9333333333333333,
26,GAM,P_TPR95,0.3176474594138926,0.9571428571428572,0.18,0.8200000000000001,
26,GAM,P_OPT,0.6154227048260311,0.8714285714285714,0.06666666666666667,0.9333333333333333,0.8047619047619048
26,RF,P_TPR70,0.7512382403611206,0.7428571428571429,0.02666666666666667,0.9733333333333334,
26,RF,P_TPR85,0.5711313204642343,0.8714285714285714,0.06666666666666667,0.9333333333333333,
26,RF,P_TPR95,0.35633653219369216,0.9571428571428572,0.14666666666666667,0.8533333333333333,
26,RF,P_OPT,0.39537173956241567,0.9285714285714286,0.1,0.9,0.8285714285714286
27,LR,P_TPR70,0.7231438931530407,0.7837837837837838,0.020689655172413793,0.9793103448275862,
27,LR,P_TPR85,0.5981044253528779,0.8648648648648649,0.06206896551724138,0.9379310344827586,
27,LR,P_TPR95,0.3025762316834251,0.9594594594594594,0.13793103448275862,0.8620689655172413,
27,LR,P_OPT,0.4197363261321711,0.9324324324324325,0.08275862068965517,0.9172413793103449,0.8496738117427773
27,GAM,P_TPR70,0.7920388929106571,0.7567567567567568,0.0,1.0,
27,GAM,P_TPR85,0.6113737915425479,0.8513513513513513,0.041379310344827586,0.9586206896551724,
27,GAM,P_TPR95,0.318508580671492,0.9594594594594594,0.11724137931034483,0.8827586206896552,
27,GAM,P_OPT,0.475722615161575,0.9324324324324325,0.06896551724137931,0.9310344827586207,0.8634669151910531
27,RF,P_TPR70,0.6036978967734499,0.8513513513513513,0.013793103448275862,0.9862068965517241,
27,RF,P_TPR85,0.6036978967734499,0.8513513513513513,0.013793103448275862,0.9862068965517241,
27,RF,P_TPR95,0.4308945848577256,0.9594594594594594,0.05517241379310345,0.9448275862068966,
27,RF,P_OPT,0.4308945848577256,0.9594594594594594,0.05517241379310345,0.9448275862068966,0.904287045666356
28,LR,P_TPR70,0.6506985743623344,0.7176470588235294,0.05970149253731343,0.9402985074626866,
28,LR,P_TPR85,0.2640001624284554,0.8705882352941177,0.1044776119402985,0.8955223880597015,
28,LR,P_TPR95,0.027921150261940073,0.9529411764705882,0.44029850746268656,0.5597014925373134,
28,LR,P_OPT,0.22458165094845606,0.8941176470588236,0.11194029850746269,0.8880597014925373,0.7821773485513609
28,GAM,P_TPR70,0.6385414277117895,0.7058823529411765,0.05970149253731343,0.9402985074626866,
28,GAM,P_TPR85,0.23441827147903388,0.8823529411764706,0.1044776119402985,0.8955223880597015,
28,GAM,P_TPR95,0.03806237417103224,0.9529411764705882,0.35074626865671643,0.6492537313432836,
28,GAM,P_OPT,0.23441827147903388,0.8823529411764706,0.1044776119402985,0.8955223880597015,0.7778753292361721
28,RF,P_TPR70,0.48253956570514306,0.788235294117647,0.04477611940298507,0.9552238805970149,
28,RF,P_TPR85,0.3070238072596644,0.8705882352941177,0.08208955223880597,0.917910447761194,
28,RF,P_TPR95,0.11783218046056303,0.9529411764705882,0.2462686567164179,0.7537313432835822,
28,RF,P_OPT,0.3070238072596644,0.8705882352941177,0.08208955223880597,0.917910447761194,0.7884986830553117
29,LR,P_TPR70,0.6201963274480126,0.7142857142857143,0.02666666666666667,0.9733333333333334,
29,LR,P_TPR85,0.28055565764609125,0.8857142857142857,0.10666666666666667,0.8933333333333333,
29,LR,P_TPR95,0.037789937054934004,0.9571428571428572,0.44,0.56,
29,LR,P_OPT,0.28055565764609125,0.8857142857142857,0.10666666666666667,0.8933333333333333,0.779047619047619
29,GAM,P_TPR70,0.6142408455950445,0.7285714285714285,0.02666666666666667,0.9733333333333334,
29,GAM,P_TPR85,0.3697977731619436,0.8571428571428571,0.08,0.92,
29,GAM,P_TPR95,0.04589700958581133,0.9571428571428572,0.38,0.62,
29,GAM,P_OPT,0.31087186581946513,0.8857142857142857,0.09333333333333334,0.9066666666666666,0.7923809523809523
29,RF,P_TPR70,0.6149978011928328,0.7285714285714285,0.02666666666666667,0.9733333333333334,
29,RF,P_TPR85,0.4166267241611839,0.8571428571428571,0.06666666666666667,0.9333333333333333,
29,RF,P_TPR95,0.09884667375821989,0.9571428571428572,0.28,0.72,
29,RF,P_OPT,0.24303191960648868,0.9285714285714286,0.12,0.88,0.8085714285714286
30,LR,P_TPR70,0.7442935919571743,0.7272727272727273,0.027777777777777776,0.9722222222222222,
30,LR,P_TPR85,0.3955203904897257,0.8571428571428571,0.09027777777777778,0.9097222222222222,
30,LR,P_TPR95,0.11185551448727489,0.961038961038961,0.2638888888888889,0.7361111111111112,
30,LR,P_OPT,0.31139095251211896,0.935064935064935,0.11805555555555555,0.8819444444444444,0.8170093795093795
30,GAM,P_TPR70,0.7662924578226182,0.7272727272727273,0.020833333333333332,0.9791666666666666,
30,GAM,P_TPR85,0.3833874691114571,0.8831168831168831,0.08333333333333333,0.9166666666666666,
30,GAM,P_TPR95,0.11798451369442368,0.961038961038961,0.22916666666666666,0.7708333333333334,
30,GAM,P_OPT,0.34034588862302045,0.9090909090909091,0.10416666666666667,0.8958333333333334,0.8049242424242424
30,RF,P_TPR70,0.743049317372237,0.7012987012987013,0.013888888888888888,0.9861111111111112,
30,RF,P_TPR85,0.43716490892839716,0.8961038961038961,0.06944444444444445,0.9305555555555556,
30,RF,P_TPR95,0.2379400495370819,0.961038961038961,0.20833333333333334,0.7916666666666666,
30,RF,P_OPT,0.43716490892839716,0.8961038961038961,0.06944444444444445,0.9305555555555556,0.8266594516594516
31,LR,P_TPR70,0.8383228743364083,0.72,0.013888888888888888,0.9861111111111112,
31,LR,P_TPR85,0.6414170850441978,0.88,0.034722222222222224,0.9652777777777778,
31,LR,P_TPR95,0.2938419670710581,0.9733333333333334,0.125,0.875,
31,LR,P_OPT,0.4264424686511319,0.9333333333333333,0.0625,0.9375,0.8708333333333333
31,GAM,P_TPR70,0.8255920095003824,0.76,0.006944444444444444,0.9930555555555556,
31,GAM,P_TPR85,0.6401341304664009,0.88,0.034722222222222224,0.9652777777777778,
31,GAM,P_TPR95,0.3411344549127676,0.9733333333333334,0.09722222222222222,0.9027777777777778,
31,GAM,P_OPT,0.3411344549127676,0.9733333333333334,0.09722222222222222,0.9027777777777778,0.8761111111111112
31,RF,P_TPR70,0.7511209940110516,0.7866666666666666,0.0,1.0,
31,RF,P_TPR85,0.6268352162009421,0.8666666666666667,0.013888888888888888,0.9861111111111112,
31,RF,P_TPR95,0.27988991515165407,0.96,0.16666666666666666,0.8333333333333334,
31,RF,P_OPT,0.5433236171508763,0.9066666666666666,0.020833333333333332,0.9791666666666666,0.8858333333333333
32,LR,P_TPR70,0.8033868326862796,0.7051282051282052,0.02127659574468085,0.9787234042553191,
32,LR,P_TPR85,0.49889035236781504,0.8717948717948718,0.07801418439716312,0.9219858156028369,
32,LR,P_TPR95,0.035194036779391126,0.9615384615384616,0.41843971631205673,0.5815602836879432,
32,LR,P_OPT,0.49889035236781504,0.8717948717948718,0.07801418439716312,0.9219858156028369,0.7937806873977087
32,GAM,P_TPR70,0.7823134783307156,0.7307692307692307,0.02127659574468085,0.9787234042553191,
32,GAM,P_TPR85,0.5524259709320551,0.8589743589743589,0.0425531914893617,0.9574468085106383,
32,GAM,P_TPR95,0.045753229277865445,0.9615384615384616,0.375886524822695,0.624113475177305,
32,GAM,P_OPT,0.4948671857219214,0.8846153846153846,0.04964539007092199,0.950354609929078,0.8349699945444626
32,RF,P_TPR70,0.6130915996254496,0.8076923076923077,0.0425531914893617,0.9574468085106383,
32,RF,P_TPR85,0.4311813439899517,0.8589743589743589,0.04964539007092199,0.950354609929078,
32,RF,P_TPR95,0.15893402086858888,0.9615384615384616,0.19858156028368795,0.801418439716312,
32,RF,P_OPT,0.31658684284389954,0.8974358974358975,0.07801418439716312,0.9219858156028369,0.8194217130387343
33,LR,P_TPR70,0.7041931199347035,0.7466666666666667,0.020833333333333332,0.9791666666666666,
33,LR,P_TPR85,0.4843525274110643,0.8533333333333334,0.041666666666666664,0.9583333333333334,
33,LR,P_TPR95,0.05036725661573646,0.96,0.2361111111111111,0.7638888888888888,
33,LR,P_OPT,0.28228673427893397,0.9066666666666666,0.08333333333333333,0.9166666666666666,0.8233333333333333
33,GAM,P_TPR70,0.8263357713959437,0.7066666666666667,0.020833333333333332,0.9791666666666666,
33,GAM,P_TPR85,0.5351834711703989,0.8533333333333334,0.027777777777777776,0.9722222222222222,
33,GAM,P_TPR95,0.06558186069825137,0.9733333333333334,0.20833333333333334,0.7916666666666666,
33,GAM,P_OPT,0.459698972476948,0.8933333333333333,0.041666666666666664,0.9583333333333334,0.8516666666666667
33,RF,P_TPR70,0.6419560601957894,0.7733333333333333,0.020833333333333332,0.9791666666666666,
33,RF,P_TPR85,0.4381637200789226,0.8533333333333334,0.04861111111111111,0.9513888888888888,
33,RF,P_TPR95,0.19597267145511116,0.96,0.11805555555555555,0.8819444444444444,
33,RF,P_OPT,0.29043709628876047,0.9333333333333333,0.0763888888888889,0.9236111111111112,0.8569444444444445
34,LR,P_TPR70,0.6590535543765632,0.7183098591549296,0.04,0.96,
34,LR,P_TPR85,0.39165335315047756,0.8591549295774648,0.07333333333333333,0.9266666666666666,
34,LR,P_TPR95,0.08034991826819737,0.9577464788732394,0.2866666666666667,0.7133333333333334,
34,LR,P_OPT,0.30767588960368175,0.9014084507042254,0.08,0.92,0.8214084507042254
34,GAM,P_TPR70,0.6195688773583545,0.7323943661971831,0.04,0.96,
34,GAM,P_TPR85,0.37640593849335835,0.8873239436619719,0.07333333333333333,0.9266666666666666,
34,GAM,P_TPR95,0.08094218665360164,0.9577464788732394,0.3,0.7,
34,GAM,P_OPT,0.37640593849335835,0.8873239436619719,0.07333333333333333,0.9266666666666666,0.8139906103286385
34,RF,P_TPR70,0.5144311811097237,0.7746478873239436,0.04,0.96,
34,RF,P_TPR85,0.37218005480156996,0.8873239436619719,0.06666666666666667,0.9333333333333333,
34,RF,P_TPR95,0.2655758781913272,0.9577464788732394,0.12666666666666668,0.8733333333333333,
34,RF,P_OPT,0.2578062188773222,0.971830985915493,0.13333333333333333,0.8666666666666667,0.8384976525821597
35,LR,P_TPR70,0.7513377174295118,0.7027027027027027,0.04827586206896552,0.9517241379310345,
35,LR,P_TPR85,0.41193749567139626,0.8648648648648649,0.09655172413793103,0.903448275862069,
35,LR,P_TPR95,0.06954803496492158,0.9594594594594594,0.2896551724137931,0.7103448275862069,
35,LR,P_OPT,0.4052612102601112,0.8783783783783784,0.10344827586206896,0.896551724137931,0.7749301025163094
35,GAM,P_TPR70,0.7337081432299241,0.7027027027027027,0.04827586206896552,0.9517241379310345,
35,GAM,P_TPR85,0.5144323435062221,0.8513513513513513,0.07586206896551724,0.9241379310344827,
35,GAM,P_TPR95,0.09946141513279963,0.9594594594594594,0.2413793103448276,0.7586206896551724,
35,GAM,P_OPT,0.5031092554669501,0.8783783783783784,0.08275862068965517,0.9172413793103449,0.7956197576887232
35,RF,P_TPR70,0.7105638053027665,0.7027027027027027,0.034482758620689655,0.9655172413793104,
35,RF,P_TPR85,0.5198954506910134,0.8648648648648649,0.05517241379310345,0.9448275862068966,
35,RF,P_TPR95,0.20894648058500698,0.9594594594594594,0.18620689655172415,0.8137931034482758,
35,RF,P_OPT,0.5198954506910134,0.8648648648648649,0.05517241379310345,0.9448275862068966,0.8096924510717615
36,LR,P_TPR70,0.7366964069123195,0.7230769230769231,0.0064516129032258064,0.9935483870967742,
36,LR,P_TPR85,0.4405280115855076,0.8769230769230769,0.06451612903225806,0.935483870967742,
36,LR,P_TPR95,0.08488416556322415,0.9538461538461539,0.25806451612903225,0.7419354838709677,
36,LR,P_OPT,0.3044688860409175,0.9384615384615385,0.08387096774193549,0.9161290322580645,0.854590570719603
36,GAM,P_TPR70,0.6652036891699409,0.7384615384615385,0.012903225806451613,0.9870967741935484,
36,GAM,P_TPR85,0.46958134388683026,0.8769230769230769,0.05161290322580645,0.9483870967741935,
36,GAM,P_TPR95,0.16146440442922363,0.9538461538461539,0.16774193548387098,0.832258064516129,
36,GAM,P_OPT,0.3256952446187914,0.9384615384615385,0.08387096774193549,0.9161290322580645,0.854590570719603
36,RF,P_TPR70,0.7305924270101145,0.7538461538461538,0.0064516129032258064,0.9935483870967742,
36,RF,P_TPR85,0.43750619473258834,0.8615384615384616,0.04516129032258064,0.9548387096774194,
36,RF,P_TPR95,0.21387555546095474,0.9538461538461539,0.13548387096774195,0.864516129032258,
36,RF,P_OPT,0.3604396102519195,0.8923076923076924,0.05806451612903226,0.9419354838709677,0.8342431761786601
37,LR,P_TPR70,0.6656596405589139,0.7564102564102564,0.06338028169014084,0.9366197183098591,
37,LR,P_TPR85,0.41337251090208244,0.8717948717948718,0.15492957746478872,0.8450704225352113,
37,LR,P_TPR95,0.14717737104919615,0.9615384615384616,0.31690140845070425,0.6830985915492958,
37,LR,P_OPT,0.6017159442426177,0.8205128205128205,0.07746478873239436,0.9225352112676056,0.7430480317804261
37,GAM,P_TPR70,0.7293350914561939,0.717948717948718,0.04929577464788732,0.9507042253521126,
37,GAM,P_TPR85,0.45330512414495916,0.8717948717948718,0.13380281690140844,0.8661971830985915,
37,GAM,P_TPR95,0.09096228080497767,0.9743589743589743,0.3380281690140845,0.6619718309859155,
37,GAM,P_OPT,0.3892571731365816,0.9102564102564102,0.16901408450704225,0.8309859154929577,0.741242325749368
37,RF,P_TPR70,0.7420772166004096,0.717948717948718,0.028169014084507043,0.971830985915493,
37,RF,P_TPR85,0.45386079700524873,0.8589743589743589,0.13380281690140844,0.8661971830985915,
37,RF,P_TPR95,0.30379160181551074,0.9615384615384616,0.20422535211267606,0.795774647887324,
37,RF,P_OPT,0.3290952040295864,0.9487179487179487,0.18309859154929578,0.8169014084507042,0.7656193571686529
38,LR,P_TPR70,0.6881649539931922,0.782608695652174,0.020134228187919462,0.9798657718120806,
38,LR,P_TPR85,0.48467118354968847,0.855072463768116,0.0738255033557047,0.9261744966442953,
38,LR,P_TPR95,0.06360484360048133,0.9565217391304348,0.3422818791946309,0.6577181208053691,
38,LR,P_OPT,0.3983539640117657,0.8985507246376812,0.10067114093959731,0.8993288590604027,0.7978795836980839
38,GAM,P_TPR70,0.7427862642615783,0.7536231884057971,0.020134228187919462,0.9798657718120806,
38,GAM,P_TPR85,0.5301560765663175,0.855072463768116,0.04697986577181208,0.9530201342281879,
38,GAM,P_TPR95,0.08171188242781535,0.9565217391304348,0.28187919463087246,0.7181208053691275,
38,GAM,P_OPT,0.45410980396695644,0.8840579710144928,0.06040268456375839,0.9395973154362416,0.8236552864507344
38,RF,P_TPR70,0.6506145675781537,0.7681159420289855,0.026845637583892617,0.9731543624161074,
38,RF,P_TPR85,0.4540180356716875,0.855072463768116,0.040268456375838924,0.9597315436241611,
38,RF,P_TPR95,0.12849177486088717,0.9565217391304348,0.26174496644295303,0.738255033557047,
38,RF,P_OPT,0.3407610362626544,0.8985507246376812,0.06711409395973154,0.9328859060402684,0.8314366306779496
39,LR,P_TPR70,0.6463267016242726,0.75,0.0273972602739726,0.9726027397260274,
39,LR,P_TPR85,0.4971486705372685,0.8552631578947368,0.0410958904109589,0.9589041095890412,
39,LR,P_TPR95,0.043722676881724265,0.9736842105263158,0.4452054794520548,0.5547945205479452,
39,LR,P_OPT,0.4971486705372685,0.8552631578947368,0.0410958904109589,0.9589041095890412,0.8141672674837779
39,GAM,P_TPR70,0.6710916319136542,0.7105263157894737,0.0273972602739726,0.9726027397260274,
39,GAM,P_TPR85,0.5443735553573746,0.8552631578947368,0.03424657534246575,0.9657534246575342,
39,GAM,P_TPR95,0.06856100000813342,0.9736842105263158,0.3356164383561644,0.6643835616438356,
39,GAM,P_OPT,0.4252355033684047,0.8947368421052632,0.0684931506849315,0.9315068493150684,0.8262436914203317
39,RF,P_TPR70,0.6023563249123791,0.7631578947368421,0.0273972602739726,0.9726027397260274,
39,RF,P_TPR85,0.4876305715738411,0.881578947368421,0.03424657534246575,0.9657534246575342,
39,RF,P_TPR95,0.1913948387513939,0.9736842105263158,0.21232876712328766,0.7876712328767124,
39,RF,P_OPT,0.4876305715738411,0.881578947368421,0.03424657534246575,0.9657534246575342,0.8473323720259552
40,LR,P_TPR70,0.774647393808967,0.7012987012987013,0.03496503496503497,0.965034965034965,
40,LR,P_TPR85,0.2640902671773336,0.8831168831168831,0.15384615384615385,0.8461538461538461,
40,LR,P_TPR95,0.08459509829810677,0.961038961038961,0.3076923076923077,0.6923076923076923,
40,LR,P_OPT,0.4968406762468789,0.8311688311688312,0.08391608391608392,0.916083916083916,0.7472527472527473
40,GAM,P_TPR70,0.682380460192061,0.7792207792207793,0.04895104895104895,0.951048951048951,
40,GAM,P_TPR85,0.34769165382680156,0.8571428571428571,0.14685314685314685,0.8531468531468531,
40,GAM,P_TPR95,0.12427000768272772,0.961038961038961,0.3146853146853147,0.6853146853146853,
40,GAM,P_OPT,0.6005942702100874,0.8051948051948052,0.055944055944055944,0.9440559440559441,0.7492507492507493
40,RF,P_TPR70,0.6817544733475537,0.7662337662337663,0.02097902097902098,0.9790209790209791,
40,RF,P_TPR85,0.5408081468129124,0.8571428571428571,0.055944055944055944,0.9440559440559441,
40,RF,P_TPR95,0.11338027004014883,0.961038961038961,0.3076923076923077,0.6923076923076923,
40,RF,P_OPT,0.5313220346890394,0.8701298701298701,0.06293706293706294,0.9370629370629371,0.8071928071928072
41,LR,P_TPR70,0.7343671764831283,0.7560975609756098,0.03597122302158273,0.9640287769784173,
41,LR,P_TPR85,0.4970151438511578,0.8536585365853658,0.07194244604316546,0.9280575539568345,
41,LR,P_TPR95,0.05037048410431093,0.9512195121951219,0.4244604316546763,0.5755395683453237,
41,LR,P_OPT,0.24230652089965196,0.9146341463414634,0.1223021582733813,0.8776978417266187,0.7923319880680821
41,GAM,P_TPR70,0.7677719160220673,0.7317073170731707,0.03597122302158273,0.9640287769784173,
41,GAM,P_TPR85,0.5216129334660347,0.8536585365853658,0.07194244604316546,0.9280575539568345,
41,GAM,P_TPR95,0.0634556988551031,0.9512195121951219,0.37410071942446044,0.6258992805755396,
41,GAM,P_OPT,0.2679874010001514,0.9146341463414634,0.1223021582733813,0.8776978417266187,0.7923319880680821
41,RF,P_TPR70,0.7291205769306335,0.7439024390243902,0.03597122302158273,0.9640287769784173,
41,RF,P_TPR85,0.42366929264658976,0.8536585365853658,0.07194244604316546,0.9280575539568345,
41,RF,P_TPR95,0.23786982212883814,0.9512195121951219,0.2158273381294964,0.7841726618705036,
41,RF,P_OPT,0.4051108512350154,0.8780487804878049,0.08633093525179857,0.9136690647482014,0.7917178452360063
42,LR,P_TPR70,0.7799237612748693,0.7142857142857143,0.020134228187919462,0.9798657718120806,
42,LR,P_TPR85,0.6084678544349441,0.8571428571428571,0.06040268456375839,0.9395973154362416,
42,LR,P_TPR95,0.053251701753874725,0.9571428571428572,0.40939597315436244,0.5906040268456376,
42,LR,P_OPT,0.6084678544349441,0.8571428571428571,0.06040268456375839,0.9395973154362416,0.7967401725790987
42,GAM,P_TPR70,0.697312353136824,0.8,0.03355704697986577,0.9664429530201343,
42,GAM,P_TPR85,0.5899117772669996,0.8571428571428571,0.053691275167785234,0.9463087248322147,
42,GAM,P_TPR95,0.07381179855466737,0.9571428571428572,0.348993288590604,0.651006711409396,
42,GAM,P_OPT,0.44942398499656,0.8857142857142857,0.06711409395973154,0.9328859060402684,0.8186001917545541
42,RF,P_TPR70,0.6552403568661849,0.7571428571428571,0.013422818791946308,0.9865771812080537,
42,RF,P_TPR85,0.39385343517707566,0.8571428571428571,0.06711409395973154,0.9328859060402684,
42,RF,P_TPR95,0.2111376409077835,0.9571428571428572,0.20134228187919462,0.7986577181208054,
42,RF,P_OPT,0.3720433172126847,0.9,0.06711409395973154,0.9328859060402684,0.8328859060402685
43,LR,P_TPR70,0.8304245826017799,0.7023809523809523,0.014814814814814815,0.9851851851851852,
43,LR,P_TPR85,0.6515814097535314,0.8571428571428571,0.044444444444444446,0.9555555555555556,
43,LR,P_TPR95,0.11780304662252992,0.9523809523809523,0.2814814814814815,0.7185185185185186,
43,LR,P_OPT,0.45202552946105745,0.9166666666666666,0.07407407407407407,0.9259259259259259,0.8425925925925926
43,GAM,P_TPR70,0.8303783079119854,0.75,0.022222222222222223,0.9777777777777777,
43,GAM,P_TPR85,0.6333950102455804,0.8571428571428571,0.044444444444444446,0.9555555555555556,
43,GAM,P_TPR95,0.10394344897326356,0.9523809523809523,0.26666666666666666,0.7333333333333334,
43,GAM,P_OPT,0.5180708882977122,0.9047619047619048,0.05925925925925926,0.9407407407407408,0.8455026455026455
43,RF,P_TPR70,0.7092555246396518,0.7619047619047619,0.02962962962962963,0.9703703703703703,
43,RF,P_TPR85,0.5485634581111316,0.9047619047619048,0.044444444444444446,0.9555555555555556,
43,RF,P_TPR95,0.28165899736237143,0.9523809523809523,0.14074074074074075,0.8592592592592593,
43,RF,P_OPT,0.487054598215115,0.9404761904761905,0.05925925925925926,0.9407407407407408,0.8812169312169312
44,LR,P_TPR70,0.7567008775073495,0.7037037037037037,0.0,1.0,
44,LR,P_TPR85,0.5612711730406718,0.8518518518518519,0.014492753623188406,0.9855072463768116,
44,LR,P_TPR95,0.3904090521304097,0.9506172839506173,0.043478260869565216,0.9565217391304348,
44,LR,P_OPT,0.3428777061955851,0.9753086419753086,0.06521739130434782,0.9347826086956522,0.9100912506709609
44,GAM,P_TPR70,0.6120670369018288,0.8024691358024691,0.014492753623188406,0.9855072463768116,
44,GAM,P_TPR85,0.5306436534945734,0.8518518518518519,0.028985507246376812,0.9710144927536232,
44,GAM,P_TPR95,0.3693357414252839,0.9753086419753086,0.057971014492753624,0.9420289855072463,
44,GAM,P_OPT,0.3693357414252839,0.9753086419753086,0.057971014492753624,0.9420289855072463,0.917337627482555
44,RF,P_TPR70,0.5893364457660156,0.7901234567901234,0.007246376811594203,0.9927536231884058,
44,RF,P_TPR85,0.5286189572562519,0.8518518518518519,0.014492753623188406,0.9855072463768116,
44,RF,P_TPR95,0.4021580732643971,0.9506172839506173,0.043478260869565216,0.9565217391304348,
44,RF,P_OPT,0.4021580732643971,0.9506172839506173,0.043478260869565216,0.9565217391304348,0.9071390230810521
45,LR,P_TPR70,0.807466337702727,0.7123287671232876,0.0273972602739726,0.9726027397260274,
45,LR,P_TPR85,0.4826743103646219,0.863013698630137,0.06164383561643835,0.9383561643835616,
45,LR,P_TPR95,0.0823895463831365,0.9726027397260274,0.3150684931506849,0.6849315068493151,
45,LR,P_OPT,0.35823012343364763,0.9041095890410958,0.07534246575342465,0.9246575342465754,0.8287671232876712
45,GAM,P_TPR70,0.6747343817417117,0.7808219178082192,0.0410958904109589,0.9589041095890412,
45,GAM,P_TPR85,0.4681869496525011,0.8767123287671232,0.07534246575342465,0.9246575342465754,
45,GAM,P_TPR95,0.10289432287944367,0.9726027397260274,0.3150684931506849,0.6849315068493151,
45,GAM,P_OPT,0.3675723155575924,0.9041095890410958,0.08904109589041095,0.910958904109589,0.8150684931506849
45,RF,P_TPR70,0.6776962086474021,0.726027397260274,0.03424657534246575,0.9657534246575342,
45,RF,P_TPR85,0.3506107928202055,0.863013698630137,0.10273972602739725,0.8972602739726028,
45,RF,P_TPR95,0.16942778407518025,0.958904109589041,0.273972602739726,0.726027397260274,
45,RF,P_OPT,0.4768248073823701,0.8356164383561644,0.06164383561643835,0.9383561643835616,0.773972602739726
46,LR,P_TPR70,0.73658948096461,0.72,0.041666666666666664,0.9583333333333334,
46,LR,P_TPR85,0.4395063818750591,0.88,0.0625,0.9375,
46,LR,P_TPR95,0.13376554829832077,0.96,0.22916666666666666,0.7708333333333334,
46,LR,P_OPT,0.3500645843835801,0.9066666666666666,0.0763888888888889,0.9236111111111112,0.8302777777777777
46,GAM,P_TPR70,0.730085686259575,0.72,0.041666666666666664,0.9583333333333334,
46,GAM,P_TPR85,0.5328321030093782,0.88,0.0625,0.9375,
46,GAM,P_TPR95,0.1031520130785943,0.96,0.2638888888888889,0.7361111111111112,
46,GAM,P_OPT,0.39153397293447056,0.8933333333333333,0.06944444444444445,0.9305555555555556,0.8238888888888889
46,RF,P_TPR70,0.681048942958191,0.72,0.020833333333333332,0.9791666666666666,
46,RF,P_TPR85,0.48585488746818273,0.8933333333333333,0.04861111111111111,0.9513888888888888,
46,RF,P_TPR95,0.27473087906435323,0.96,0.10416666666666667,0.8958333333333334,
46,RF,P_OPT,0.2985675089290766,0.9466666666666667,0.09027777777777778,0.9097222222222222,0.8563888888888889
47,LR,P_TPR70,0.8569499779018765,0.7051282051282052,0.06338028169014084,0.9366197183098591,
47,LR,P_TPR85,0.6323544197619466,0.8589743589743589,0.09154929577464789,0.9084507042253521,
47,LR,P_TPR95,0.08659018057335033,0.9615384615384616,0.3028169014084507,0.6971830985915493,
47,LR,P_OPT,0.3006045824136791,0.9358974358974359,0.14788732394366197,0.852112676056338,0.7880101119537739
47,GAM,P_TPR70,0.8219586941578261,0.7435897435897436,0.06338028169014084,0.9366197183098591,
47,GAM,P_TPR85,0.5741244783376842,0.8846153846153846,0.09859154929577464,0.9014084507042254,
47,GAM,P_TPR95,0.10541217188165732,0.9743589743589743,0.2746478873239437,0.7253521126760563,
47,GAM,P_OPT,0.545855066590182,0.8974358974358975,0.1056338028169014,0.8943661971830986,0.7918020946189961
47,RF,P_TPR70,0.691854492230954,0.717948717948718,0.07042253521126761,0.9295774647887324,
47,RF,P_TPR85,0.43836587698022755,0.8717948717948718,0.08450704225352113,0.9154929577464789,
47,RF,P_TPR95,0.20290158278780393,0.9615384615384616,0.2323943661971831,0.7676056338028169,
47,RF,P_OPT,0.4153618240680242,0.8846153846153846,0.09154929577464789,0.9084507042253521,0.7930660888407367
48,LR,P_TPR70,0.6610033934812278,0.8426966292134831,0.007633587786259542,0.9923664122137404,
48,LR,P_TPR85,0.5871882314596671,0.8539325842696629,0.022900763358778626,0.9770992366412213,
48,LR,P_TPR95,0.14039560510533897,0.9550561797752809,0.1984732824427481,0.8015267175572519,
48,LR,P_OPT,0.45171075408811534,0.9101123595505618,0.030534351145038167,0.9694656488549618,0.8795780084055236
48,GAM,P_TPR70,0.7114427392547608,0.8314606741573034,0.007633587786259542,0.9923664122137404,
48,GAM,P_TPR85,0.5568075112779513,0.8539325842696629,0.015267175572519083,0.9847328244274809,
48,GAM,P_TPR95,0.1731981075465516,0.9550561797752809,0.16030534351145037,0.8396946564885497,
48,GAM,P_OPT,0.3509666231249934,0.9325842696629213,0.05343511450381679,0.9465648854961832,0.8791491551591045
48,RF,P_TPR70,0.6805274488055298,0.7640449438202247,0.007633587786259542,0.9923664122137404,
48,RF,P_TPR85,0.5201519891004328,0.8539325842696629,0.030534351145038167,0.9694656488549618,
48,RF,P_TPR95,0.21998866010500107,0.9662921348314607,0.16793893129770993,0.83206106870229,
48,RF,P_OPT,0.3565683016333764,0.9213483146067416,0.06870229007633588,0.9312977099236641,0.8526460245304057
49,LR,P_TPR70,0.44686094708361146,0.7088607594936709,0.09285714285714286,0.9071428571428571,
49,LR,P_TPR85,0.2502009074169977,0.8607594936708861,0.1357142857142857,0.8642857142857143,
49,LR,P_TPR95,0.024694310107241664,0.9620253164556962,0.5428571428571428,0.4571428571428572,
49,LR,P_OPT,0.2748030515570579,0.8481012658227848,0.11428571428571428,0.8857142857142857,0.7338155515370705
49,GAM,P_TPR70,0.5133276731344926,0.7088607594936709,0.06428571428571428,0.9357142857142857,
49,GAM,P_TPR85,0.27197792437054313,0.8607594936708861,0.11428571428571428,0.8857142857142857,
49,GAM,P_TPR95,0.05614302144417012,0.9620253164556962,0.45714285714285713,0.5428571428571429,
49,GAM,P_OPT,0.27197792437054313,0.8607594936708861,0.11428571428571428,0.8857142857142857,0.7464737793851718
49,RF,P_TPR70,0.5477868697047752,0.7468354430379747,0.03571428571428571,0.9642857142857143,
49,RF,P_TPR85,0.19996342787002205,0.8734177215189873,0.14285714285714285,0.8571428571428572,
49,RF,P_TPR95,0.12553678166634172,0.9620253164556962,0.22857142857142856,0.7714285714285715,
49,RF,P_OPT,0.19684723769149565,0.8860759493670886,0.15,0.85,0.7360759493670885
50,LR,P_TPR70,0.6517083174902009,0.7261904761904762,0.058394160583941604,0.9416058394160584,
50,LR,P_TPR85,0.38244369567300474,0.8809523809523809,0.13138686131386862,0.8686131386861313,
50,LR,P_TPR95,0.10236602745870217,0.9523809523809523,0.29927007299270075,0.7007299270072993,
50,LR,P_OPT,0.3687517912399496,0.9047619047619048,0.145985401459854,0.8540145985401459,0.7587765033020508
50,GAM,P_TPR70,0.7035642966452285,0.7142857142857143,0.0364963503649635,0.9635036496350365,
50,GAM,P_TPR85,0.4115708766779218,0.8690476190476191,0.11678832116788321,0.8832116788321168,
50,GAM,P_TPR95,0.12041748200831426,0.9523809523809523,0.27007299270072993,0.7299270072992701,
50,GAM,P_OPT,0.3645755653415957,0.9047619047619048,0.145985401459854,0.8540145985401459,0.7587765033020508
50,RF,P_TPR70,0.60758482867503,0.75,0.0364963503649635,0.9635036496350365,
50,RF,P_TPR85,0.426822169083417,0.8571428571428571,0.10218978102189781,0.8978102189781022,
50,RF,P_TPR95,0.25046578755117826,0.9523809523809523,0.1897810218978102,0.8102189781021898,
50,RF,P_OPT,0.3664986996811122,0.9047619047619048,0.11678832116788321,0.8832116788321168,0.7879735835940216
51,LR,P_TPR70,0.5735384655435556,0.7222222222222222,0.047619047619047616,0.9523809523809523,
51,LR,P_TPR85,0.3341905119962086,0.875,0.14285714285714285,0.8571428571428572,
51,LR,P_TPR95,0.05978700434379268,0.9583333333333334,0.43537414965986393,0.564625850340136,
51,LR,P_OPT,0.20241044577031814,0.9166666666666666,0.16326530612244897,0.8367346938775511,0.7534013605442177
51,GAM,P_TPR70,0.6012781197897465,0.7222222222222222,0.04081632653061224,0.9591836734693877,
51,GAM,P_TPR85,0.41929982057586646,0.8611111111111112,0.10884353741496598,0.891156462585034,
51,GAM,P_TPR95,0.08461191509403619,0.9583333333333334,0.3741496598639456,0.6258503401360545,
51,GAM,P_OPT,0.28283355623223916,0.9027777777777778,0.14965986394557823,0.8503401360544218,0.7531179138321995
51,RF,P_TPR70,0.6462881519762984,0.7222222222222222,0.013605442176870748,0.9863945578231292,
51,RF,P_TPR85,0.4261007473383806,0.875,0.06802721088435375,0.9319727891156463,
51,RF,P_TPR95,0.20735073981385346,0.9722222222222222,0.23809523809523808,0.7619047619047619,
51,RF,P_OPT,0.34622715517644304,0.9166666666666666,0.09523809523809523,0.9047619047619048,0.8214285714285714
52,LR,P_TPR70,0.6622976755200303,0.7101449275362319,0.033112582781456956,0.9668874172185431,
52,LR,P_TPR85,0.3866656254666156,0.855072463768116,0.06622516556291391,0.9337748344370861,
52,LR,P_TPR95,0.06246894059232368,0.9710144927536232,0.2980132450331126,0.7019867549668874,
52,LR,P_OPT,0.24110459533084908,0.8985507246376812,0.10596026490066225,0.8940397350993378,0.7925904597370189
52,GAM,P_TPR70,0.705309336512685,0.7101449275362319,0.026490066225165563,0.9735099337748344,
52,GAM,P_TPR85,0.41195911091398496,0.8695652173913043,0.059602649006622516,0.9403973509933775,
52,GAM,P_TPR95,0.09019021561822027,0.9565217391304348,0.23841059602649006,0.7615894039735099,
52,GAM,P_OPT,0.41195911091398496,0.8695652173913043,0.059602649006622516,0.9403973509933775,0.8099625683846818
52,RF,P_TPR70,0.5738051393926217,0.8260869565217391,0.013245033112582781,0.9867549668874173,
52,RF,P_TPR85,0.4147794181343143,0.8695652173913043,0.033112582781456956,0.9668874172185431,
52,RF,P_TPR95,0.15754899712564263,0.9710144927536232,0.18543046357615894,0.814569536423841,
52,RF,P_OPT,0.3152397813606584,0.927536231884058,0.0728476821192053,0.9271523178807947,0.8546885497648526
53,LR,P_TPR70,0.6606105520126075,0.75,0.02054794520547945,0.9794520547945206,
53,LR,P_TPR85,0.402261859918375,0.8611111111111112,0.0547945205479452,0.9452054794520548,
53,LR,P_TPR95,0.06730890271524906,0.9583333333333334,0.363013698630137,0.636986301369863,
53,LR,P_OPT,0.36194755373105886,0.8888888888888888,0.06164383561643835,0.9383561643835616,0.8272450532724505
53,GAM,P_TPR70,0.6387091734927735,0.75,0.02054794520547945,0.9794520547945206,
53,GAM,P_TPR85,0.4477726208664764,0.8611111111111112,0.04794520547945205,0.952054794520548,
53,GAM,P_TPR95,0.10830728241806234,0.9583333333333334,0.2534246575342466,0.7465753424657534,
53,GAM,P_OPT,0.4477726208664764,0.8611111111111112,0.04794520547945205,0.952054794520548,0.8131659056316591
53,RF,P_TPR70,0.4661302078991806,0.8194444444444444,0.0273972602739726,0.9726027397260274,
53,RF,P_TPR85,0.3408598274352876,0.875,0.06164383561643835,0.9383561643835616,
53,RF,P_TPR95,0.1383669834196847,0.9583333333333334,0.2465753424657534,0.7534246575342466,
53,RF,P_OPT,0.2629469083683208,0.9166666666666666,0.08904109589041095,0.910958904109589,0.8276255707762556
54,LR,P_TPR70,0.7569133867153556,0.7230769230769231,0.012903225806451613,0.9870967741935484,
54,LR,P_TPR85,0.5599726453496732,0.8615384615384616,0.03870967741935484,0.9612903225806452,
54,LR,P_TPR95,0.23047839924577915,0.9538461538461539,0.12258064516129032,0.8774193548387097,
54,LR,P_OPT,0.3444938098175977,0.9076923076923077,0.06451612903225806,0.935483870967742,0.8431761786600496
54,GAM,P_TPR70,0.7595111899214282,0.7230769230769231,0.012903225806451613,0.9870967741935484,
54,GAM,P_TPR85,0.5477940495354495,0.8769230769230769,0.03225806451612903,0.967741935483871,
54,GAM,P_TPR95,0.21290122488093993,0.9538461538461539,0.12903225806451613,0.8709677419354839,
54,GAM,P_OPT,0.4257263437221413,0.9076923076923077,0.04516129032258064,0.9548387096774194,0.862531017369727
54,RF,P_TPR70,0.6905612867111711,0.7384615384615385,0.012903225806451613,0.9870967741935484,
54,RF,P_TPR85,0.4305756767844491,0.8615384615384616,0.05161290322580645,0.9483870967741935,
54,RF,P_TPR95,0.2266108854949176,0.9538461538461539,0.16774193548387098,0.832258064516129,
54,RF,P_OPT,0.4305756767844491,0.8615384615384616,0.05161290322580645,0.9483870967741935,0.8099255583126551
55,LR,P_TPR70,0.7160923003297542,0.7246376811594203,0.04666666666666667,0.9533333333333334,
55,LR,P_TPR85,0.555120983676821,0.855072463768116,0.05333333333333334,0.9466666666666667,
55,LR,P_TPR95,0.16741203367688737,0.9565217391304348,0.13333333333333333,0.8666666666666667,
55,LR,P_OPT,0.16741203367688737,0.9565217391304348,0.13333333333333333,0.8666666666666667,0.8231884057971015
55,GAM,P_TPR70,0.7415397470149132,0.7101449275362319,0.03333333333333333,0.9666666666666667,
55,GAM,P_TPR85,0.4433291480712896,0.855072463768116,0.06666666666666667,0.9333333333333333,
55,GAM,P_TPR95,0.11641323379382716,0.9565217391304348,0.18666666666666668,0.8133333333333334,
55,GAM,P_OPT,0.20747177230597422,0.9420289855072463,0.10666666666666667,0.8933333333333333,0.8353623188405797
55,RF,P_TPR70,0.6233910630176777,0.7246376811594203,0.04666666666666667,0.9533333333333334,
55,RF,P_TPR85,0.3334608332453129,0.8840579710144928,0.08,0.92,
55,RF,P_TPR95,0.16920276791518768,0.9565217391304348,0.16666666666666666,0.8333333333333334,
55,RF,P_OPT,0.24452238522643996,0.927536231884058,0.11333333333333333,0.8866666666666667,0.8142028985507247
56,LR,P_TPR70,0.6352159103284292,0.7468354430379747,0.05,0.95,
56,LR,P_TPR85,0.2975776783749048,0.8860759493670886,0.15,0.85,
56,LR,P_TPR95,0.06106335604173402,0.9620253164556962,0.44285714285714284,0.5571428571428572,
56,LR,P_OPT,0.44647581114021184,0.8354430379746836,0.08571428571428572,0.9142857142857143,0.7497287522603978
56,GAM,P_TPR70,0.681245501397984,0.7341772151898734,0.04285714285714286,0.9571428571428572,
56,GAM,P_TPR85,0.33533556256267605,0.8607594936708861,0.1357142857142857,0.8642857142857143,
56,GAM,P_TPR95,0.08612462839671588,0.9620253164556962,0.32857142857142857,0.6714285714285715,
56,GAM,P_OPT,0.5265635882914501,0.8227848101265823,0.07857142857142857,0.9214285714285715,0.7442133815551537
56,RF,P_TPR70,0.6348166664548128,0.7215189873417721,0.05,0.95,
56,RF,P_TPR85,0.3834659657250488,0.8607594936708861,0.12857142857142856,0.8714285714285714,
56,RF,P_TPR95,0.14917933703013414,0.9620253164556962,0.2642857142857143,0.7357142857142858,
56,RF,P_OPT,0.5323368410929921,0.8227848101265823,0.06428571428571428,0.9357142857142857,0.758499095840868
57,LR,P_TPR70,0.7227128411026672,0.8181818181818182,0.035211267605633804,0.9647887323943662,
57,LR,P_TPR85,0.529555786159264,0.8571428571428571,0.056338028169014086,0.9436619718309859,
57,LR,P_TPR95,0.09043799409513412,0.961038961038961,0.2605633802816901,0.7394366197183099,
57,LR,P_OPT,0.297407136314556,0.922077922077922,0.08450704225352113,0.9154929577464789,0.8375708798244009
57,GAM,P_TPR70,0.8419609087405391,0.7012987012987013,0.02112676056338028,0.9788732394366197,
57,GAM,P_TPR85,0.5712688679354355,0.8571428571428571,0.04929577464788732,0.9507042253521126,
57,GAM,P_TPR95,0.12532395705439173,0.961038961038961,0.23943661971830985,0.7605633802816901,
57,GAM,P_OPT,0.3934325506265513,0.9090909090909091,0.07042253521126761,0.9295774647887324,0.8386683738796414
57,RF,P_TPR70,0.608898179151428,0.7792207792207793,0.04225352112676056,0.9577464788732395,
57,RF,P_TPR85,0.4319738230984048,0.8701298701298701,0.056338028169014086,0.9436619718309859,
57,RF,P_TPR95,0.25700950070955986,0.961038961038961,0.14788732394366197,0.852112676056338,
57,RF,P_OPT,0.39630343953817004,0.8961038961038961,0.07042253521126761,0.9295774647887324,0.8256813608926284
58,LR,P_TPR70,0.7677221271168068,0.71875,0.05161290322580645,0.9483870967741935,
58,LR,P_TPR85,0.5155314273082304,0.859375,0.10967741935483871,0.8903225806451613,
58,LR,P_TPR95,0.1627447145410029,0.953125,0.24516129032258063,0.7548387096774194,
58,LR,P_OPT,0.46842948098991266,0.875,0.11612903225806452,0.8838709677419355,0.7588709677419355
58,GAM,P_TPR70,0.7396131077611711,0.703125,0.05161290322580645,0.9483870967741935,
58,GAM,P_TPR85,0.47715947756970056,0.859375,0.11612903225806452,0.8838709677419355,
58,GAM,P_TPR95,0.13115877200369708,0.96875,0.2838709677419355,0.7161290322580645,
58,GAM,P_OPT,0.4489370645443493,0.890625,0.12903225806451613,0.8709677419354839,0.7615927419354839
58,RF,P_TPR70,0.6708730624318485,0.765625,0.025806451612903226,0.9741935483870968,
58,RF,P_TPR85,0.4653953627586024,0.859375,0.08387096774193549,0.9161290322580645,
58,RF,P_TPR95,0.2975978008535063,0.953125,0.17419354838709677,0.8258064516129032,
58,RF,P_OPT,0.37893365791596206,0.90625,0.1032258064516129,0.896774193548387,0.803024193548387
59,LR,P_TPR70,0.729509437011556,0.704225352112676,0.013422818791946308,0.9865771812080537,
59,LR,P_TPR85,0.44039937551007685,0.8732394366197183,0.0738255033557047,0.9261744966442953,
59,LR,P_TPR95,0.1062891778312611,0.9577464788732394,0.2483221476510067,0.7516778523489933,
59,LR,P_OPT,0.3518984437509109,0.9154929577464789,0.10067114093959731,0.8993288590604027,0.8148218168068816
59,GAM,P_TPR70,0.7249716505554487,0.704225352112676,0.020134228187919462,0.9798657718120806,
59,GAM,P_TPR85,0.44693776667437374,0.8732394366197183,0.06711409395973154,0.9328859060402684,
59,GAM,P_TPR95,0.10308422016599307,0.9577464788732394,0.2348993288590604,0.7651006711409396,
59,GAM,P_OPT,0.38232450591890543,0.9154929577464789,0.08053691275167785,0.9194630872483222,0.834956044994801
59,RF,P_TPR70,0.6825753969280821,0.7183098591549296,0.013422818791946308,0.9865771812080537,
59,RF,P_TPR85,0.45840982050735773,0.8732394366197183,0.053691275167785234,0.9463087248322147,
59,RF,P_TPR95,0.2405923183411337,0.9577464788732394,0.1610738255033557,0.8389261744966443,
59,RF,P_OPT,0.4546749359456304,0.8873239436619719,0.06711409395973154,0.9328859060402684,0.8202098497022403
60,LR,P_TPR70,0.6481454028918292,0.8461538461538461,0.05673758865248227,0.9432624113475178,
60,LR,P_TPR85,0.43816209112694415,0.9230769230769231,0.0851063829787234,0.9148936170212766,
60,LR,P_TPR95,0.163537726487267,0.9615384615384616,0.1773049645390071,0.8226950354609929,
60,LR,P_OPT,0.25883676449440024,0.9487179487179487,0.10638297872340426,0.8936170212765957,0.8423349699945444
60,GAM,P_TPR70,0.7510964691025518,0.7051282051282052,0.03546099290780142,0.9645390070921985,
60,GAM,P_TPR85,0.5210889727257478,0.8974358974358975,0.05673758865248227,0.9432624113475178,
60,GAM,P_TPR95,0.2102153039316626,0.9615384615384616,0.14893617021276595,0.851063829787234,
60,GAM,P_OPT,0.5210889727257478,0.8974358974358975,0.05673758865248227,0.9432624113475178,0.8406983087834152
60,RF,P_TPR70,0.6499073080333606,0.7948717948717948,0.03546099290780142,0.9645390070921985,
60,RF,P_TPR85,0.5439970874701806,0.8717948717948718,0.0425531914893617,0.9574468085106383,
60,RF,P_TPR95,0.3029516518334632,0.9615384615384616,0.0851063829787234,0.9148936170212766,
60,RF,P_OPT,0.3029516518334632,0.9615384615384616,0.0851063829787234,0.9148936170212766,0.8764320785597381
61,LR,P_TPR70,0.8440450765833303,0.7058823529411765,0.03289473684210526,0.9671052631578947,
61,LR,P_TPR85,0.5545249420538046,0.8529411764705882,0.08552631578947369,0.9144736842105263,
61,LR,P_TPR95,0.4332653786479224,0.9558823529411765,0.125,0.875,
61,LR,P_OPT,0.4332653786479224,0.9558823529411765,0.125,0.875,0.8308823529411765
61,GAM,P_TPR70,0.8134916049974356,0.75,0.046052631578947366,0.9539473684210527,
61,GAM,P_TPR85,0.6043326307768213,0.8529411764705882,0.07894736842105263,0.9210526315789473,
61,GAM,P_TPR95,0.32715676900241686,0.9558823529411765,0.13815789473684212,0.8618421052631579,
61,GAM,P_OPT,0.47019613870476573,0.9264705882352942,0.10526315789473684,0.8947368421052632,0.8212074303405573
61,RF,P_TPR70,0.7104068010248485,0.75,0.02631578947368421,0.9736842105263158,
61,RF,P_TPR85,0.5806766643579604,0.8676470588235294,0.05263157894736842,0.9473684210526316,
61,RF,P_TPR95,0.35514757098078975,0.9558823529411765,0.1513157894736842,0.8486842105263158,
61,RF,P_OPT,0.43871651911760723,0.9411764705882353,0.09210526315789473,0.9078947368421053,0.8490712074303406
62,LR,P_TPR70,0.6808409887168179,0.7532467532467533,0.027972027972027972,0.972027972027972,
62,LR,P_TPR85,0.4092392809883336,0.8571428571428571,0.0979020979020979,0.9020979020979021,
62,LR,P_TPR95,0.03672408930565154,0.961038961038961,0.35664335664335667,0.6433566433566433,
62,LR,P_OPT,0.23598949069318506,0.9090909090909091,0.11888111888111888,0.8811188811188811,0.7902097902097902
63,LR,P_TPR70,0.6162270863412115,0.7215189873417721,0.03546099290780142,0.9645390070921985,
63,LR,P_TPR85,0.4126810032338466,0.8734177215189873,0.07092198581560284,0.9290780141843972,
63,LR,P_TPR95,0.1294684389945337,0.9620253164556962,0.15602836879432624,0.8439716312056738,
63,LR,P_OPT,0.26623452238636724,0.9240506329113924,0.09929078014184398,0.900709219858156,0.8247598527695484
63,GAM,P_TPR70,0.6172264319388927,0.7341772151898734,0.03546099290780142,0.9645390070921985,
63,GAM,P_TPR85,0.44066153024321847,0.8734177215189873,0.05673758865248227,0.9432624113475178,
63,GAM,P_TPR95,0.13617204211172074,0.9620253164556962,0.14184397163120568,0.8581560283687943,
63,GAM,P_OPT,0.2732376259433739,0.9240506329113924,0.09219858156028368,0.9078014184397163,0.8318520513511087
63,RF,P_TPR70,0.583455660410298,0.7215189873417721,0.014184397163120567,0.9858156028368794,
63,RF,P_TPR85,0.38636220278909794,0.8607594936708861,0.07801418439716312,0.9219858156028369,
63,RF,P_TPR95,0.14426378144136767,0.9746835443037974,0.19858156028368795,0.801418439716312,
63,RF,P_OPT,0.33773878030914,0.8987341772151899,0.09929078014184398,0.900709219858156,0.7994433970733459
64,LR,P_TPR70,0.5867716359545041,0.711864406779661,0.031055900621118012,0.968944099378882,
64,LR,P_TPR85,0.37607526477795483,0.8813559322033898,0.062111801242236024,0.937888198757764,
64,LR,P_TPR95,0.06820576186492555,0.9661016949152542,0.2981366459627329,0.7018633540372671,
64,LR,P_OPT,0.37607526477795483,0.8813559322033898,0.062111801242236024,0.937888198757764,0.8192441309611538
64,GAM,P_TPR70,0.6737107197113822,0.7288135593220338,0.012422360248447204,0.9875776397515528,
64,GAM,P_TPR85,0.3888484611266297,0.8813559322033898,0.055900621118012424,0.9440993788819876,
64,GAM,P_TPR95,0.07738152473983013,0.9661016949152542,0.2795031055900621,0.7204968944099379,
64,GAM,P_OPT,0.3888484611266297,0.8813559322033898,0.055900621118012424,0.9440993788819876,0.8254553110853774
64,RF,P_TPR70,0.5846263008751178,0.7796610169491526,0.012422360248447204,0.9875776397515528,
64,RF,P_TPR85,0.43438021287624157,0.8813559322033898,0.024844720496894408,0.9751552795031055,
64,RF,P_TPR95,0.12446405059784384,0.9661016949152542,0.21739130434782608,0.782608695652174,
64,RF,P_OPT,0.37855343714584655,0.8983050847457628,0.037267080745341616,0.9627329192546584,0.8610380040004212
65,LR,P_TPR70,0.705337833682247,0.7777777777777778,0.03355704697986577,0.9664429530201343,
65,LR,P_TPR85,0.4600543741732124,0.8611111111111112,0.0738255033557047,0.9261744966442953,
65,LR,P_TPR95,0.04927459842097097,0.9583333333333334,0.436241610738255,0.563758389261745,
65,LR,P_OPT,0.4600543741732124,0.8611111111111112,0.0738255033557047,0.9261744966442953,0.7872856077554065
65,GAM,P_TPR70,0.699231145152695,0.7222222222222222,0.026845637583892617,0.9731543624161074,
65,GAM,P_TPR85,0.4636584593529697,0.8611111111111112,0.10067114093959731,0.8993288590604027,
65,GAM,P_TPR95,0.08604940881465299,0.9583333333333334,0.3825503355704698,0.6174496644295302,
65,GAM,P_OPT,0.4636584593529697,0.8611111111111112,0.10067114093959731,0.8993288590604027,0.7604399701715139
65,RF,P_TPR70,0.5538972332154122,0.8333333333333334,0.03355704697986577,0.9664429530201343,
65,RF,P_TPR85,0.5208537275917413,0.8611111111111112,0.04697986577181208,0.9530201342281879,
65,RF,P_TPR95,0.128006626138872,0.9583333333333334,0.30201342281879195,0.697986577181208,
65,RF,P_OPT,0.3981507278628289,0.9444444444444444,0.09395973154362416,0.9060402684563759,0.8504847129008203
66,LR,P_TPR70,0.7037590952653582,0.726027397260274,0.04794520547945205,0.952054794520548,
66,LR,P_TPR85,0.4248923402357636,0.8767123287671232,0.0958904109589041,0.904109589041096,
66,LR,P_TPR95,0.0838352982123949,0.958904109589041,0.3082191780821918,0.6917808219178082,
66,LR,P_OPT,0.3095222263972055,0.9315068493150684,0.10273972602739725,0.8972602739726028,0.8287671232876712
66,GAM,P_TPR70,0.7227142312820249,0.726027397260274,0.04794520547945205,0.952054794520548,
66,GAM,P_TPR85,0.4345823051605801,0.8767123287671232,0.0821917808219178,0.9178082191780822,
66,GAM,P_TPR95,0.1098335683810518,0.958904109589041,0.22602739726027396,0.773972602739726,
66,GAM,P_OPT,0.3199348092871571,0.9452054794520548,0.1095890410958904,0.8904109589041096,0.8356164383561644
66,RF,P_TPR70,0.6153142042506827,0.7808219178082192,0.0273972602739726,0.9726027397260274,
66,RF,P_TPR85,0.5069990222929815,0.863013698630137,0.0410958904109589,0.9589041095890412,
66,RF,P_TPR95,0.3711048186089603,0.958904109589041,0.1095890410958904,0.8904109589041096,
66,RF,P_OPT,0.3927045514713513,0.9315068493150684,0.0821917808219178,0.9178082191780822,0.8493150684931506
67,LR,P_TPR70,0.6818263331732982,0.76,0.006944444444444444,0.9930555555555556,
67,LR,P_TPR85,0.46388576448904084,0.8533333333333334,0.034722222222222224,0.9652777777777778,
67,LR,P_TPR95,0.12665808327194167,0.96,0.20833333333333334,0.7916666666666666,
67,LR,P_OPT,0.4439925838850234,0.88,0.041666666666666664,0.9583333333333334,0.8383333333333334
67,GAM,P_TPR70,0.6522516680688304,0.8133333333333334,0.006944444444444444,0.9930555555555556,
67,GAM,P_TPR85,0.5533742372508139,0.8533333333333334,0.034722222222222224,0.9652777777777778,
67,GAM,P_TPR95,0.18927651957877648,0.96,0.11805555555555555,0.8819444444444444,
67,GAM,P_OPT,0.18927651957877648,0.96,0.11805555555555555,0.8819444444444444,0.8419444444444444
67,RF,P_TPR70,0.6859922157764847,0.7333333333333333,0.013888888888888888,0.9861111111111112,
67,RF,P_TPR85,0.48903369580758593,0.8666666666666667,0.05555555555555555,0.9444444444444444,
67,RF,P_TPR95,0.2578707545751109,0.96,0.11805555555555555,0.8819444444444444,
67,RF,P_OPT,0.23386728565088116,0.9733333333333334,0.125,0.875,0.8483333333333334
68,LR,P_TPR70,0.7695763665330878,0.7631578947368421,0.006896551724137931,0.993103448275862,
68,LR,P_TPR85,0.48610149776558326,0.881578947368421,0.034482758620689655,0.9655172413793104,
68,LR,P_TPR95,0.05437216695192168,0.9868421052631579,0.4068965517241379,0.5931034482758621,
68,LR,P_OPT,0.48610149776558326,0.881578947368421,0.034482758620689655,0.9655172413793104,0.8470961887477314
68,GAM,P_TPR70,0.6750222774317305,0.8026315789473685,0.006896551724137931,0.993103448275862,
68,GAM,P_TPR85,0.54948517034081,0.8552631578947368,0.027586206896551724,0.9724137931034482,
68,GAM,P_TPR95,0.07767644181502946,0.9605263157894737,0.31724137931034485,0.6827586206896552,
68,GAM,P_OPT,0.54948517034081,0.8552631578947368,0.027586206896551724,0.9724137931034482,0.8276769509981852
68,RF,P_TPR70,0.7581440964523842,0.7236842105263158,0.006896551724137931,0.993103448275862,
68,RF,P_TPR85,0.4763094721788206,0.868421052631579,0.041379310344827586,0.9586206896551724,
68,RF,P_TPR95,0.17178847726150168,0.9605263157894737,0.2413793103448276,0.7586206896551724,
68,RF,P_OPT,0.4763094721788206,0.868421052631579,0.041379310344827586,0.9586206896551724,0.8270417422867514
69,LR,P_TPR70,0.7238714619792627,0.759493670886076,0.02857142857142857,0.9714285714285714,
69,LR,P_TPR85,0.43212607181836754,0.8734177215189873,0.05714285714285714,0.9428571428571428,
69,LR,P_TPR95,0.057507878376164404,0.9620253164556962,0.29285714285714287,0.7071428571428571,
69,LR,P_OPT,0.37086209701136413,0.9113924050632911,0.06428571428571428,0.9357142857142857,0.8471066907775768
69,GAM,P_TPR70,0.685644369029595,0.7848101265822784,0.02857142857142857,0.9714285714285714,
69,GAM,P_TPR85,0.4838168215648604,0.8607594936708861,0.05,0.95,
69,GAM,P_TPR95,0.07354878199439165,0.9620253164556962,0.25,0.75,
69,GAM,P_OPT,0.40333585298451513,0.9240506329113924,0.05714285714285714,0.9428571428571428,0.8669077757685353
69,RF,P_TPR70,0.6630861573972991,0.7848101265822784,0.007142857142857143,0.9928571428571429,
69,RF,P_TPR85,0.4910487256701203,0.8607594936708861,0.04285714285714286,0.9571428571428572,
69,RF,P_TPR95,0.21219081601910803,0.9746835443037974,0.14285714285714285,0.8571428571428572,
69,RF,P_OPT,0.21219081601910803,0.9746835443037974,0.14285714285714285,0.8571428571428572,0.8318264014466545
70,LR,P_TPR70,0.6454749448524958,0.7,0.007633587786259542,0.9923664122137404,
70,LR,P_TPR85,0.40707468202914654,0.8555555555555555,0.04580152671755725,0.9541984732824428,
70,LR,P_TPR95,0.13860600611441015,0.9555555555555556,0.16030534351145037,0.8396946564885497,
70,LR,P_OPT,0.23383985532452284,0.9222222222222223,0.07633587786259542,0.9236641221374046,0.8458863443596268
70,GAM,P_TPR70,0.5626314701199101,0.7888888888888889,0.022900763358778626,0.9770992366412213,
70,GAM,P_TPR85,0.46088867699382463,0.8555555555555555,0.030534351145038167,0.9694656488549618,
70,GAM,P_TPR95,0.15911175304670216,0.9555555555555556,0.1450381679389313,0.8549618320610687,
70,GAM,P_OPT,0.3074983564465635,0.9111111111111111,0.061068702290076333,0.9389312977099237,0.8500424088210348
70,RF,P_TPR70,0.5548064557116015,0.7777777777777778,0.0,1.0,
70,RF,P_TPR85,0.3663122044671736,0.8666666666666667,0.030534351145038167,0.9694656488549618,
70,RF,P_TPR95,0.2038594914620176,0.9555555555555556,0.1450381679389313,0.8549618320610687,
70,RF,P_OPT,0.32648245562237005,0.9,0.03816793893129771,0.9618320610687023,0.8618320610687024
71,LR,P_TPR70,0.7579047546569909,0.7692307692307693,0.025806451612903226,0.9741935483870968,
71,LR,P_TPR85,0.5040477129121976,0.8615384615384616,0.07096774193548387,0.9290322580645162,
71,LR,P_TPR95,0.036468947294482,0.9538461538461539,0.41935483870967744,0.5806451612903225,
71,LR,P_OPT,0.5956442156514501,0.8307692307692308,0.03870967741935484,0.9612903225806452,0.792059553349876
71,GAM,P_TPR70,0.8212723390620573,0.7076923076923077,0.01935483870967742,0.9806451612903225,
71,GAM,P_TPR85,0.5573815589112666,0.8615384615384616,0.05161290322580645,0.9483870967741935,
71,GAM,P_TPR95,0.049293421131061194,0.9538461538461539,0.32903225806451614,0.6709677419354838,
71,GAM,P_OPT,0.5573815589112666,0.8615384615384616,0.05161290322580645,0.9483870967741935,0.8099255583126551
71,RF,P_TPR70,0.7025526218186229,0.7076923076923077,0.01935483870967742,0.9806451612903225,
71,RF,P_TPR85,0.49411569068143796,0.8615384615384616,0.06451612903225806,0.935483870967742,
71,RF,P_TPR95,0.22620663632664717,0.9538461538461539,0.15483870967741936,0.8451612903225807,
71,RF,P_OPT,0.38266742357598216,0.8923076923076924,0.07096774193548387,0.9290322580645162,0.8213399503722085
72,LR,P_TPR70,0.8361649498887135,0.7297297297297297,0.013793103448275862,0.9862068965517241,
72,LR,P_TPR85,0.6250966747673724,0.8513513513513513,0.04827586206896552,0.9517241379310345,
72,LR,P_TPR95,0.13382264700412128,0.9594594594594594,0.2689655172413793,0.7310344827586207,
72,LR,P_OPT,0.5576688839251649,0.8918918918918919,0.06206896551724138,0.9379310344827586,0.8298229263746505
72,GAM,P_TPR70,0.8389632725138824,0.7432432432432432,0.013793103448275862,0.9862068965517241,
72,GAM,P_TPR85,0.5940771897095158,0.8918918918918919,0.04827586206896552,0.9517241379310345,
72,GAM,P_TPR95,0.11687437775751845,0.9594594594594594,0.27586206896551724,0.7241379310344828,
72,GAM,P_OPT,0.5940771897095158,0.8918918918918919,0.04827586206896552,0.9517241379310345,0.8436160298229264
72,RF,P_TPR70,0.758689783292193,0.7567567567567568,0.027586206896551724,0.9724137931034482,
72,RF,P_TPR85,0.5862053137472911,0.8783783783783784,0.06206896551724138,0.9379310344827586,
72,RF,P_TPR95,0.3344611713950501,0.9594594594594594,0.14482758620689656,0.8551724137931034,
72,RF,P_OPT,0.4301089883117397,0.9324324324324325,0.09655172413793103,0.903448275862069,0.8358807082945015
73,LR,P_TPR70,0.7751186988398291,0.7714285714285715,0.006666666666666667,0.9933333333333333,
73,LR,P_TPR85,0.5789876254546008,0.8571428571428571,0.04,0.96,
73,LR,P_TPR95,0.06131949299918811,0.9571428571428572,0.32,0.6799999999999999,
73,LR,P_OPT,0.5789876254546008,0.8571428571428571,0.04,0.96,0.8171428571428571
73,GAM,P_TPR70,0.7686677982647511,0.8,0.006666666666666667,0.9933333333333333,
73,GAM,P_TPR85,0.5115429742646369,0.8857142857142857,0.04,0.96,
73,GAM,P_TPR95,0.08068258643755995,0.9571428571428572,0.2866666666666667,0.7133333333333334,
73,GAM,P_OPT,0.5115429742646369,0.8857142857142857,0.04,0.96,0.8457142857142856
73,RF,P_TPR70,0.7133246358266787,0.7428571428571429,0.006666666666666667,0.9933333333333333,
73,RF,P_TPR85,0.558826625292507,0.8571428571428571,0.02,0.98,
73,RF,P_TPR95,0.2724593791753396,0.9571428571428572,0.12666666666666668,0.8733333333333333,
73,RF,P_OPT,0.3586221046024608,0.9285714285714286,0.07333333333333333,0.9266666666666666,0.8552380952380952
74,LR,P_TPR70,0.629314619371368,0.8148148148148148,0.02142857142857143,0.9785714285714285,
74,LR,P_TPR85,0.5518645206612646,0.8518518518518519,0.05,0.95,
74,LR,P_TPR95,0.34183412631915044,0.9506172839506173,0.10714285714285714,0.8928571428571429,
74,LR,P_OPT,0.4419814871501298,0.9259259259259259,0.07142857142857142,0.9285714285714286,0.8544973544973545
74,GAM,P_TPR70,0.6897046552410523,0.7901234567901234,0.02142857142857143,0.9785714285714285,
74,GAM,P_TPR85,0.539727848660848,0.8765432098765432,0.05,0.95,
74,GAM,P_TPR95,0.29809111635424584,0.9629629629629629,0.12142857142857143,0.8785714285714286,
74,GAM,P_OPT,0.29809111635424584,0.9629629629629629,0.12142857142857143,0.8785714285714286,0.8415343915343915
74,RF,P_TPR70,0.6947887820569745,0.7901234567901234,0.0,1.0,
74,RF,P_TPR85,0.6013750758220904,0.8641975308641975,0.014285714285714285,0.9857142857142858,
74,RF,P_TPR95,0.32186156930233883,0.9506172839506173,0.15,0.85,
74,RF,P_OPT,0.5428899145857415,0.8765432098765432,0.02142857142857143,0.9785714285714285,0.8551146384479718
75,LR,P_TPR70,0.6669620098384507,0.8181818181818182,0.012987012987012988,0.987012987012987,
75,LR,P_TPR85,0.6000257946684711,0.8787878787878788,0.025974025974025976,0.974025974025974,
75,LR,P_TPR95,0.3165751661686281,0.9545454545454546,0.08441558441558442,0.9155844155844156,
75,LR,P_OPT,0.30754731755274073,0.9848484848484849,0.09090909090909091,0.9090909090909091,0.8939393939393939
75,GAM,P_TPR70,0.654854253536901,0.7878787878787878,0.012987012987012988,0.987012987012987,
75,GAM,P_TPR85,0.5653998312304965,0.8939393939393939,0.03896103896103896,0.961038961038961,
75,GAM,P_TPR95,0.39521390721374833,0.9545454545454546,0.07142857142857142,0.9285714285714286,
75,GAM,P_OPT,0.39521390721374833,0.9545454545454546,0.07142857142857142,0.9285714285714286,0.8831168831168832
75,RF,P_TPR70,0.6642971851433637,0.7272727272727273,0.0,1.0,
75,RF,P_TPR85,0.4842947586858271,0.8636363636363636,0.0,1.0,
75,RF,P_TPR95,0.3346466129391694,0.9545454545454546,0.06493506493506493,0.935064935064935,
75,RF,P_OPT,0.3142260267715356,0.9848484848484849,0.07792207792207792,0.922077922077922,0.9069264069264069
76,LR,P_TPR70,0.7944592199299262,0.7162162162162162,0.0273972602739726,0.9726027397260274,
76,LR,P_TPR85,0.2731060208475072,0.8513513513513513,0.14383561643835616,0.8561643835616438,
76,LR,P_TPR95,0.03459252562790151,0.9594594594594594,0.5136986301369864,0.48630136986301364,
76,LR,P_OPT,0.6946006550673135,0.7837837837837838,0.04794520547945205,0.952054794520548,0.7358385783043317
76,GAM,P_TPR70,0.7768942168986305,0.7567567567567568,0.0273972602739726,0.9726027397260274,
76,GAM,P_TPR85,0.3023279687508584,0.8513513513513513,0.1095890410958904,0.8904109589041096,
76,GAM,P_TPR95,0.04695601582773565,0.9594594594594594,0.4315068493150685,0.5684931506849316,
76,GAM,P_OPT,0.4110995446981108,0.8378378378378378,0.0958904109589041,0.904109589041096,0.7419474268789337
76,RF,P_TPR70,0.6790946253736697,0.7027027027027027,0.03424657534246575,0.9657534246575342,
76,RF,P_TPR85,0.36784538338335815,0.8648648648648649,0.0821917808219178,0.9178082191780822,
76,RF,P_TPR95,0.11181163728536178,0.9594594594594594,0.3013698630136986,0.6986301369863014,
76,RF,P_OPT,0.2507285957783044,0.9459459459459459,0.15753424657534246,0.8424657534246576,0.7884116993706035
77,LR,P_TPR70,0.650788321086245,0.7792207792207793,0.04225352112676056,0.9577464788732395,
77,LR,P_TPR85,0.570340099125264,0.8571428571428571,0.04929577464788732,0.9507042253521126,
77,LR,P_TPR95,0.05347162728582036,0.961038961038961,0.4154929577464789,0.5845070422535211,
77,LR,P_OPT,0.4805600653713362,0.8701298701298701,0.056338028169014086,0.9436619718309859,0.813791841960856
78,LR,P_TPR70,0.5846999250757052,0.7368421052631579,0.034482758620689655,0.9655172413793104,
78,LR,P_TPR85,0.28694320980781257,0.868421052631579,0.08275862068965517,0.9172413793103449,
78,LR,P_TPR95,0.035960284231541205,0.9605263157894737,0.3793103448275862,0.6206896551724138,
78,LR,P_OPT,0.28694320980781257,0.868421052631579,0.08275862068965517,0.9172413793103449,0.7856624319419239
78,GAM,P_TPR70,0.49171469059132533,0.75,0.034482758620689655,0.9655172413793104,
78,GAM,P_TPR85,0.3190153927857382,0.8552631578947368,0.07586206896551724,0.9241379310344827,
78,GAM,P_TPR95,0.047817033996803086,0.9605263157894737,0.3103448275862069,0.6896551724137931,
78,GAM,P_OPT,0.22978902865292328,0.8947368421052632,0.10344827586206896,0.896551724137931,0.7912885662431942
78,RF,P_TPR70,0.5496566032109037,0.7105263157894737,0.027586206896551724,0.9724137931034482,
78,RF,P_TPR85,0.2920937084740827,0.8552631578947368,0.1103448275862069,0.8896551724137931,
78,RF,P_TPR95,0.09665880277892094,0.9605263157894737,0.2689655172413793,0.7310344827586207,
78,RF,P_OPT,0.3774949719069536,0.8289473684210527,0.05517241379310345,0.9448275862068966,0.7737749546279492
79,LR,P_TPR70,0.6357844070591349,0.7088607594936709,0.06474820143884892,0.935251798561151,
79,LR,P_TPR85,0.3485517605210002,0.8607594936708861,0.1366906474820144,0.8633093525179856,
79,LR,P_TPR95,0.07060316473589189,0.9620253164556962,0.381294964028777,0.618705035971223,
79,LR,P_OPT,0.17874164953803984,0.9367088607594937,0.17266187050359713,0.8273381294964028,0.7640469902558965
79,GAM,P_TPR70,0.5823627959933877,0.7468354430379747,0.07194244604316546,0.9280575539568345,
79,GAM,P_TPR85,0.3648096817657986,0.8607594936708861,0.1366906474820144,0.8633093525179856,
79,GAM,P_TPR95,0.08570964854086707,0.9620253164556962,0.3597122302158273,0.6402877697841727,
79,GAM,P_OPT,0.22347430306910007,0.9113924050632911,0.15827338129496402,0.841726618705036,0.7531190237683271
79,RF,P_TPR70,0.6235818780787415,0.7468354430379747,0.050359712230215826,0.9496402877697842,
79,RF,P_TPR85,0.37238267583204465,0.8607594936708861,0.10071942446043165,0.8992805755395683,
79,RF,P_TPR95,0.20545754530993798,0.9620253164556962,0.2302158273381295,0.7697841726618705,
79,RF,P_OPT,0.46862511366244114,0.8354430379746836,0.07194244604316546,0.9280575539568345,0.7635005919315181
80,LR,P_TPR70,0.6007631990138038,0.7159090909090909,0.045454545454545456,0.9545454545454546,
80,LR,P_TPR85,0.30529324924257256,0.8636363636363636,0.11363636363636363,0.8863636363636364,
80,LR,P_TPR95,0.04946490325665709,0.9659090909090909,0.3712121212121212,0.6287878787878788,
80,LR,P_OPT,0.30529324924257256,0.8636363636363636,0.11363636363636363,0.8863636363636364,0.75
80,GAM,P_TPR70,0.5921703453066451,0.7272727272727273,0.05303030303030303,0.946969696969697,
80,GAM,P_TPR85,0.3034659556842828,0.8977272727272727,0.11363636363636363,0.8863636363636364,
80,GAM,P_TPR95,0.06561523963796512,0.9659090909090909,0.3409090909090909,0.6590909090909092,
80,GAM,P_OPT,0.28228664102448414,0.9090909090909091,0.12121212121212122,0.8787878787878788,0.7878787878787878
80,RF,P_TPR70,0.6208357711604815,0.7159090909090909,0.03787878787878788,0.9621212121212122,
80,RF,P_TPR85,0.3460327264578881,0.875,0.09090909090909091,0.9090909090909091,
80,RF,P_TPR95,0.12867345093347368,0.9545454545454546,0.2196969696969697,0.7803030303030303,
80,RF,P_OPT,0.3460327264578881,0.875,0.09090909090909091,0.9090909090909091,0.7840909090909091
81,LR,P_TPR70,0.7437736812297718,0.7407407407407407,0.007194244604316547,0.9928057553956835,
81,LR,P_TPR85,0.5313281848929265,0.8641975308641975,0.04316546762589928,0.9568345323741008,
81,LR,P_TPR95,0.10722090434252979,0.9629629629629629,0.23741007194244604,0.762589928057554,
81,LR,P_OPT,0.47178277420970205,0.9012345679012346,0.05755395683453238,0.9424460431654677,0.8436806110667022
81,GAM,P_TPR70,0.7941144561808511,0.7283950617283951,0.0,1.0,
81,GAM,P_TPR85,0.6081560661303276,0.8518518518518519,0.04316546762589928,0.9568345323741008,
81,GAM,P_TPR95,0.12589621086348926,0.9506172839506173,0.22302158273381295,0.7769784172661871,
81,GAM,P_OPT,0.4835898778880288,0.8888888888888888,0.07913669064748201,0.920863309352518,0.8097521982414069
81,RF,P_TPR70,0.7536430291369118,0.7037037037037037,0.007194244604316547,0.9928057553956835,
81,RF,P_TPR85,0.5041710035713354,0.8641975308641975,0.04316546762589928,0.9568345323741008,
81,RF,P_TPR95,0.21457653934338125,0.9506172839506173,0.2158273381294964,0.7841726618705036,
81,RF,P_OPT,0.4258549237403875,0.9012345679012346,0.050359712230215826,0.9496402877697842,0.8508748556710187
82,LR,P_TPR70,0.8302021880124353,0.7083333333333334,0.013513513513513514,0.9864864864864865,
82,LR,P_TPR85,0.5057911384859122,0.8888888888888888,0.0472972972972973,0.9527027027027027,
82,LR,P_TPR95,0.15179100944153248,0.9583333333333334,0.20270270270270271,0.7972972972972973,
82,LR,P_OPT,0.5057911384859122,0.8888888888888888,0.0472972972972973,0.9527027027027027,0.8415915915915916
82,GAM,P_TPR70,0.6429450122135671,0.8333333333333334,0.02702702702702703,0.972972972972973,
82,GAM,P_TPR85,0.5736151588337383,0.8611111111111112,0.033783783783783786,0.9662162162162162,
82,GAM,P_TPR95,0.12532461228082364,0.9583333333333334,0.20945945945945946,0.7905405405405406,
82,GAM,P_OPT,0.3150046533988285,0.9027777777777778,0.07432432432432433,0.9256756756756757,0.8284534534534534
82,RF,P_TPR70,0.6369502819186942,0.7638888888888888,0.006756756756756757,0.9932432432432432,
82,RF,P_TPR85,0.4372493327610948,0.8611111111111112,0.04054054054054054,0.9594594594594594,
82,RF,P_TPR95,0.2809403812726838,0.9583333333333334,0.14189189189189189,0.8581081081081081,
82,RF,P_OPT,0.38678970412101676,0.8888888888888888,0.05405405405405406,0.9459459459459459,0.8348348348348348
83,LR,P_TPR70,0.7430779319968419,0.7638888888888888,0.006802721088435374,0.9931972789115646,
83,LR,P_TPR85,0.48877112113758675,0.8611111111111112,0.04081632653061224,0.9591836734693877,
83,LR,P_TPR95,0.051054072472215335,0.9583333333333334,0.3673469387755102,0.6326530612244898,
83,LR,P_OPT,0.3192259131640443,0.9166666666666666,0.08843537414965986,0.9115646258503401,0.8282312925170068
83,GAM,P_TPR70,0.7423078709782283,0.7777777777777778,0.006802721088435374,0.9931972789115646,
83,GAM,P_TPR85,0.49191019030440386,0.8611111111111112,0.047619047619047616,0.9523809523809523,
83,GAM,P_TPR95,0.07392155935621873,0.9583333333333334,0.29931972789115646,0.7006802721088435,
83,GAM,P_OPT,0.4299808822319025,0.9027777777777778,0.05442176870748299,0.9455782312925171,0.8483560090702948
83,RF,P_TPR70,0.7025439037364473,0.7083333333333334,0.0,1.0,
83,RF,P_TPR85,0.5100407251924578,0.8611111111111112,0.02040816326530612,0.9795918367346939,
83,RF,P_TPR95,0.07981832492693243,0.9583333333333334,0.4217687074829932,0.5782312925170068,
83,RF,P_OPT,0.450778464676988,0.9027777777777778,0.034013605442176874,0.9659863945578231,0.8687641723356009
84,LR,P_TPR70,0.8489324477884602,0.7027027027027027,0.020689655172413793,0.9793103448275862,
84,LR,P_TPR85,0.4591186666933848,0.8513513513513513,0.1103448275862069,0.8896551724137931,
84,LR,P_TPR95,0.09173422202412188,0.9594594594594594,0.2482758620689655,0.7517241379310344,
84,LR,P_OPT,0.24022404958601432,0.9324324324324325,0.15862068965517243,0.8413793103448276,0.7738117427772601
84,GAM,P_TPR70,0.8222269084966257,0.7297297297297297,0.020689655172413793,0.9793103448275862,
84,GAM,P_TPR85,0.429710083929302,0.8783783783783784,0.10344827586206896,0.896551724137931,
84,GAM,P_TPR95,0.10456892278546828,0.9594594594594594,0.22758620689655173,0.7724137931034483,
84,GAM,P_OPT,0.429710083929302,0.8783783783783784,0.10344827586206896,0.896551724137931,0.7749301025163094
84,RF,P_TPR70,0.7751737759606402,0.7027027027027027,0.006896551724137931,0.993103448275862,
84,RF,P_TPR85,0.5322313686681206,0.8648648648648649,0.06206896551724138,0.9379310344827586,
84,RF,P_TPR95,0.20175857508838754,0.9594594594594594,0.2,0.8,
84,RF,P_OPT,0.5162077010339089,0.8783783783783784,0.06896551724137931,0.9310344827586207,0.8094128611369991
85,LR,P_TPR70,0.613511222252398,0.8088235294117647,0.033112582781456956,0.9668874172185431,
85,LR,P_TPR85,0.38089918246150556,0.8529411764705882,0.052980132450331126,0.9470198675496688,
85,LR,P_TPR95,0.0871375549559749,0.9558823529411765,0.2847682119205298,0.7152317880794702,
85,LR,P_OPT,0.2563170192514976,0.9117647058823529,0.10596026490066225,0.8940397350993378,0.8058044409816907
85,GAM,P_TPR70,0.48024256652388386,0.8529411764705882,0.033112582781456956,0.9668874172185431,
85,GAM,P_TPR85,0.48024256652388386,0.8529411764705882,0.033112582781456956,0.9668874172185431,
85,GAM,P_TPR95,0.14119159068467318,0.9705882352941176,0.23841059602649006,0.7615894039735099,
85,GAM,P_OPT,0.4237144355306178,0.8823529411764706,0.059602649006622516,0.9403973509933775,0.8227502921698481
85,RF,P_TPR70,0.6376781134185043,0.75,0.013245033112582781,0.9867549668874173,
85,RF,P_TPR85,0.4107344281356474,0.8676470588235294,0.0728476821192053,0.9271523178807947,
85,RF,P_TPR95,0.2477820832662202,0.9558823529411765,0.18543046357615894,0.814569536423841,
85,RF,P_OPT,0.4107344281356474,0.8676470588235294,0.0728476821192053,0.9271523178807947,0.7947993767043241
86,LR,P_TPR70,0.6282728266821208,0.7230769230769231,0.03225806451612903,0.967741935483871,
86,LR,P_TPR85,0.33450479394664695,0.8615384615384616,0.11612903225806452,0.8838709677419355,
86,LR,P_TPR95,0.10587887151908965,0.9538461538461539,0.2838709677419355,0.7161290322580645,
86,LR,P_OPT,0.26456584857777427,0.8923076923076924,0.14193548387096774,0.8580645161290322,0.7503722084367246
86,GAM,P_TPR70,0.6521467377827126,0.7076923076923077,0.03225806451612903,0.967741935483871,
86,GAM,P_TPR85,0.30478033092429757,0.8769230769230769,0.11612903225806452,0.8838709677419355,
86,GAM,P_TPR95,0.1296290994361587,0.9538461538461539,0.2709677419354839,0.7290322580645161,
86,GAM,P_OPT,0.2693229022287813,0.9076923076923077,0.13548387096774195,0.864516129032258,0.7722084367245657
86,RF,P_TPR70,0.5304558750225743,0.7538461538461538,0.03225806451612903,0.967741935483871,
86,RF,P_TPR85,0.3090321156242045,0.8769230769230769,0.0967741935483871,0.9032258064516129,
86,RF,P_TPR95,0.17602161358135646,0.9538461538461539,0.22580645161290322,0.7741935483870968,
86,RF,P_OPT,0.3090321156242045,0.8769230769230769,0.0967741935483871,0.9032258064516129,0.7801488833746898
87,LR,P_TPR70,0.7031723177064534,0.7368421052631579,0.03496503496503497,0.965034965034965,
87,LR,P_TPR85,0.4922148110479983,0.881578947368421,0.04895104895104895,0.951048951048951,
87,LR,P_TPR95,0.1797401758966685,0.9605263157894737,0.16083916083916083,0.8391608391608392,
87,LR,P_OPT,0.3389016389010617,0.9342105263157895,0.06993006993006994,0.9300699300699301,0.8642804563857196
87,GAM,P_TPR70,0.7370477474215785,0.75,0.03496503496503497,0.965034965034965,
87,GAM,P_TPR85,0.5771738657606778,0.868421052631579,0.04195804195804196,0.958041958041958,
87,GAM,P_TPR95,0.1578658896220811,0.9736842105263158,0.16083916083916083,0.8391608391608392,
87,GAM,P_OPT,0.3500758013914123,0.9342105263157895,0.06993006993006994,0.9300699300699301,0.8642804563857196
87,RF,P_TPR70,0.5840309758813318,0.8421052631578947,0.013986013986013986,0.986013986013986,
87,RF,P_TPR85,0.5657872360285675,0.8552631578947368,0.02097902097902098,0.9790209790209791,
87,RF,P_TPR95,0.12704398829437552,0.9736842105263158,0.3146853146853147,0.6853146853146853,
87,RF,P_OPT,0.5497042242943584,0.881578947368421,0.03496503496503497,0.965034965034965,0.846613912403386
88,LR,P_TPR70,0.8117753052826816,0.7142857142857143,0.03184713375796178,0.9681528662420382,
88,LR,P_TPR85,0.5339734796423051,0.8571428571428571,0.08917197452229299,0.910828025477707,
88,LR,P_TPR95,0.08096472819085374,0.9523809523809523,0.35668789808917195,0.6433121019108281,
88,LR,P_OPT,0.4344595131797953,0.9047619047619048,0.10828025477707007,0.89171974522293,0.7964816499848347
88,GAM,P_TPR70,0.7413203045687888,0.7619047619047619,0.03821656050955414,0.9617834394904459,
88,GAM,P_TPR85,0.48993393401507634,0.873015873015873,0.08280254777070063,0.9171974522292994,
88,GAM,P_TPR95,0.12484691789903941,0.9523809523809523,0.2611464968152866,0.7388535031847134,
88,GAM,P_OPT,0.4367750587933585,0.9047619047619048,0.08917197452229299,0.910828025477707,0.8155899302396118
88,RF,P_TPR70,0.7197076212283708,0.7301587301587301,0.025477707006369428,0.9745222929936306,
88,RF,P_TPR85,0.53870311102816,0.873015873015873,0.06369426751592357,0.9363057324840764,
88,RF,P_TPR95,0.2839577278964065,0.9523809523809523,0.1592356687898089,0.8407643312101911,
88,RF,P_OPT,0.37184700615131744,0.9206349206349206,0.08280254777070063,0.9171974522292994,0.83783237286422
89,LR,P_TPR70,0.707025096239676,0.7183098591549296,0.013513513513513514,0.9864864864864865,
89,LR,P_TPR85,0.4445364746406379,0.8732394366197183,0.10810810810810811,0.8918918918918919,
89,LR,P_TPR95,0.13880690265853962,0.9577464788732394,0.2635135135135135,0.7364864864864865,
89,LR,P_OPT,0.5474548180640446,0.8450704225352113,0.060810810810810814,0.9391891891891891,0.7842596117244004
89,GAM,P_TPR70,0.7062488324215166,0.7323943661971831,0.02027027027027027,0.9797297297297297,
89,GAM,P_TPR85,0.49358326051331464,0.8732394366197183,0.08783783783783784,0.9121621621621622,
89,GAM,P_TPR95,0.15443935978838816,0.9577464788732394,0.21621621621621623,0.7837837837837838,
89,GAM,P_OPT,0.463265519905343,0.8873239436619719,0.0945945945945946,0.9054054054054054,0.7927293490673772
89,RF,P_TPR70,0.7088834892272077,0.704225352112676,0.04054054054054054,0.9594594594594594,
89,RF,P_TPR85,0.389490492070277,0.8591549295774648,0.10135135135135136,0.8986486486486487,
89,RF,P_TPR95,0.20513785930024075,0.9577464788732394,0.2635135135135135,0.7364864864864865,
89,RF,P_OPT,0.3175227889878021,0.9295774647887324,0.12162162162162163,0.8783783783783784,0.8079558431671108
90,LR,P_TPR70,0.7692158676066859,0.7704918032786885,0.018867924528301886,0.9811320754716981,
90,LR,P_TPR85,0.4155266551491799,0.8524590163934426,0.06918238993710692,0.9308176100628931,
90,LR,P_TPR95,0.15675908445583644,0.9508196721311475,0.20125786163522014,0.7987421383647799,
90,LR,P_OPT,0.39062347629883365,0.9016393442622951,0.08176100628930817,0.9182389937106918,0.8198783379729869
90,GAM,P_TPR70,0.8226270739709254,0.7049180327868853,0.018867924528301886,0.9811320754716981,
90,GAM,P_TPR85,0.4603882316644822,0.8688524590163934,0.07547169811320754,0.9245283018867925,
90,GAM,P_TPR95,0.18266950577958918,0.9508196721311475,0.16352201257861634,0.8364779874213837,
90,GAM,P_OPT,0.33007237048577553,0.9180327868852459,0.11320754716981132,0.8867924528301887,0.8048252397154346
90,RF,P_TPR70,0.7343639795302734,0.7213114754098361,0.006289308176100629,0.9937106918238994,
90,RF,P_TPR85,0.5797306225338722,0.8524590163934426,0.025157232704402517,0.9748427672955975,
90,RF,P_TPR95,0.2932110285960144,0.9508196721311475,0.11949685534591195,0.8805031446540881,
90,RF,P_OPT,0.3965665215819482,0.9016393442622951,0.06289308176100629,0.9371069182389937,0.8387462625012888
91,LR,P_TPR70,0.7579230822754244,0.7101449275362319,0.013333333333333334,0.9866666666666667,
91,LR,P_TPR85,0.5667886827090861,0.855072463768116,0.04,0.96,
91,LR,P_TPR95,0.1839317503199277,0.9565217391304348,0.20666666666666667,0.7933333333333333,
91,LR,P_OPT,0.44759076761235217,0.8985507246376812,0.06666666666666667,0.9333333333333333,0.8318840579710145
91,GAM,P_TPR70,0.7305204539586636,0.7391304347826086,0.013333333333333334,0.9866666666666667,
91,GAM,P_TPR85,0.6005195027563017,0.8695652173913043,0.02666666666666667,0.9733333333333334,
91,GAM,P_TPR95,0.21509507977551873,0.9565217391304348,0.16,0.84,
91,GAM,P_OPT,0.4250721650704789,0.927536231884058,0.06666666666666667,0.9333333333333333,0.8608695652173913
91,RF,P_TPR70,0.6829615312335753,0.782608695652174,0.006666666666666667,0.9933333333333333,
91,RF,P_TPR85,0.5567898821548727,0.855072463768116,0.04,0.96,
91,RF,P_TPR95,0.36295643491332036,0.9565217391304348,0.1,0.9,
91,RF,P_OPT,0.4210906102535334,0.927536231884058,0.06666666666666667,0.9333333333333333,0.8608695652173913
92,LR,P_TPR70,0.7912850810275451,0.7160493827160493,0.0,1.0,
92,LR,P_TPR85,0.5758952604197924,0.8518518518518519,0.028985507246376812,0.9710144927536232,
92,LR,P_TPR95,0.254584736182128,0.9506172839506173,0.09420289855072464,0.9057971014492754,
92,LR,P_OPT,0.43865962476672654,0.9012345679012346,0.043478260869565216,0.9565217391304348,0.8577563070316694
92,GAM,P_TPR70,0.8102469958824962,0.7160493827160493,0.0,1.0,
92,GAM,P_TPR85,0.6034837449861892,0.8518518518518519,0.014492753623188406,0.9855072463768116,
92,GAM,P_TPR95,0.2656302050327056,0.9506172839506173,0.08695652173913043,0.9130434782608696,
92,GAM,P_OPT,0.2656302050327056,0.9506172839506173,0.08695652173913043,0.9130434782608696,0.8636607622114869
92,RF,P_TPR70,0.6777706818223105,0.7160493827160493,0.0,1.0,
92,RF,P_TPR85,0.5242203167587448,0.8641975308641975,0.028985507246376812,0.9710144927536232,
92,RF,P_TPR95,0.24588932358557578,0.9629629629629629,0.07971014492753623,0.9202898550724637,
92,RF,P_OPT,0.24588932358557578,0.9629629629629629,0.07971014492753623,0.9202898550724637,0.8832528180354267
93,LR,P_TPR70,0.7684876241522516,0.7733333333333333,0.006711409395973154,0.9932885906040269,
93,LR,P_TPR85,0.6043675013046687,0.8533333333333334,0.040268456375838924,0.9597315436241611,
93,LR,P_TPR95,0.32086384479019997,0.96,0.06711409395973154,0.9328859060402684,
93,LR,P_OPT,0.27749237797040727,0.9733333333333334,0.0738255033557047,0.9261744966442953,0.8995078299776287
93,GAM,P_TPR70,0.7936322714386195,0.7466666666666667,0.006711409395973154,0.9932885906040269,
93,GAM,P_TPR85,0.5584782189576438,0.8666666666666667,0.03355704697986577,0.9664429530201343,
93,GAM,P_TPR95,0.32291595006847545,0.9733333333333334,0.06711409395973154,0.9328859060402684,
93,GAM,P_OPT,0.32291595006847545,0.9733333333333334,0.06711409395973154,0.9328859060402684,0.9062192393736018
93,RF,P_TPR70,0.7054387731186732,0.7466666666666667,0.006711409395973154,0.9932885906040269,
93,RF,P_TPR85,0.4568186837180934,0.8666666666666667,0.04697986577181208,0.9530201342281879,
93,RF,P_TPR95,0.2843617278798449,0.9733333333333334,0.12080536912751678,0.8791946308724832,
93,RF,P_OPT,0.3564778780942621,0.9333333333333333,0.08053691275167785,0.9194630872483222,0.8527964205816555
94,LR,P_TPR70,0.6999674505403078,0.7887323943661971,0.013333333333333334,0.9866666666666667,
94,LR,P_TPR85,0.47115025812499856,0.8591549295774648,0.02666666666666667,0.9733333333333334,
94,LR,P_TPR95,0.1469908439179071,0.9577464788732394,0.16666666666666666,0.8333333333333334,
94,LR,P_OPT,0.3606306309582105,0.9014084507042254,0.06,0.94,0.8414084507042254
95,LR,P_TPR70,0.7950447936067696,0.7391304347826086,0.013245033112582781,0.9867549668874173,
95,LR,P_TPR85,0.4904968351715905,0.8985507246376812,0.059602649006622516,0.9403973509933775,
95,LR,P_TPR95,0.20552464953865826,0.9565217391304348,0.1986754966887417,0.8013245033112583,
95,LR,P_OPT,0.4666494994933061,0.927536231884058,0.0728476821192053,0.9271523178807947,0.8546885497648526
95,GAM,P_TPR70,0.8152437498562248,0.7391304347826086,0.013245033112582781,0.9867549668874173,
95,GAM,P_TPR85,0.5929517259579151,0.855072463768116,0.052980132450331126,0.9470198675496688,
95,GAM,P_TPR95,0.08045236030003963,0.9565217391304348,0.36423841059602646,0.6357615894039735,
95,GAM,P_OPT,0.504649867661509,0.927536231884058,0.06622516556291391,0.9337748344370861,0.8613110663211441
95,RF,P_TPR70,0.7325571189457167,0.7246376811594203,0.013245033112582781,0.9867549668874173,
95,RF,P_TPR85,0.5725424117525628,0.855072463768116,0.039735099337748346,0.9602649006622517,
95,RF,P_TPR95,0.25852781364560323,0.9565217391304348,0.18543046357615894,0.814569536423841,
95,RF,P_OPT,0.35746472038757604,0.927536231884058,0.09271523178807947,0.9072847682119205,0.8348210000959785
96,LR,P_TPR70,0.6981280472062177,0.7285714285714285,0.006622516556291391,0.9933774834437086,
96,LR,P_TPR85,0.4444015925794658,0.8571428571428571,0.0728476821192053,0.9271523178807947,
96,LR,P_TPR95,0.03107301418838039,0.9571428571428572,0.4900662251655629,0.509933774834437,
96,LR,P_OPT,0.5134551620186575,0.8428571428571429,0.046357615894039736,0.9536423841059603,0.7964995269631031
96,GAM,P_TPR70,0.6440248938994464,0.7428571428571429,0.006622516556291391,0.9933774834437086,
96,GAM,P_TPR85,0.4923873173838989,0.8571428571428571,0.046357615894039736,0.9536423841059603,
96,GAM,P_TPR95,0.060989632180965085,0.9857142857142858,0.4105960264900662,0.5894039735099338,
96,GAM,P_OPT,0.4923873173838989,0.8571428571428571,0.046357615894039736,0.9536423841059603,0.8107852412488173
96,RF,P_TPR70,0.7150144722121721,0.7714285714285715,0.0,1.0,
96,RF,P_TPR85,0.5051779762199995,0.8571428571428571,0.019867549668874173,0.9801324503311258,
96,RF,P_TPR95,0.09247092081078827,0.9571428571428572,0.31788079470198677,0.6821192052980132,
96,RF,P_OPT,0.5051779762199995,0.8571428571428571,0.019867549668874173,0.9801324503311258,0.8372753074739829
97,LR,P_TPR70,0.832951376823138,0.746268656716418,0.032679738562091505,0.9673202614379085,
97,LR,P_TPR85,0.5641868873393229,0.8507462686567164,0.08496732026143791,0.9150326797385621,
97,LR,P_TPR95,0.31792697127523384,0.9552238805970149,0.13071895424836602,0.869281045751634,
97,LR,P_OPT,0.29985621601326673,0.9701492537313433,0.1437908496732026,0.8562091503267975,0.8263584040581406
97,GAM,P_TPR70,0.8584940566922782,0.7164179104477612,0.032679738562091505,0.9673202614379085,
97,GAM,P_TPR85,0.5616252063711432,0.8656716417910447,0.06535947712418301,0.934640522875817,
97,GAM,P_TPR95,0.23862052813469217,0.9701492537313433,0.1503267973856209,0.8496732026143791,
97,GAM,P_OPT,0.32355046356603073,0.9402985074626866,0.10457516339869281,0.8954248366013072,0.8357233440639938
97,RF,P_TPR70,0.6623064272688691,0.7611940298507462,0.0196078431372549,0.9803921568627451,
97,RF,P_TPR85,0.4787419190714459,0.8507462686567164,0.058823529411764705,0.9411764705882353,
97,RF,P_TPR95,0.20477225665198717,0.9552238805970149,0.2222222222222222,0.7777777777777778,
97,RF,P_OPT,0.4043784077951189,0.8955223880597015,0.0784313725490196,0.9215686274509804,0.8170910155106819
98,LR,P_TPR70,0.6614838409570901,0.7323943661971831,0.02702702702702703,0.972972972972973,
98,LR,P_TPR85,0.4153392175645101,0.8591549295774648,0.10135135135135136,0.8986486486486487,
98,LR,P_TPR95,0.1834909838825991,0.9577464788732394,0.20270270270270271,0.7972972972972973,
98,LR,P_OPT,0.3428831727995859,0.9154929577464789,0.12837837837837837,0.8716216216216216,0.7871145793681005
98,GAM,P_TPR70,0.691939957400131,0.7746478873239436,0.02027027027027027,0.9797297297297297,
98,GAM,P_TPR85,0.40668524445655174,0.9014084507042254,0.08783783783783784,0.9121621621621622,
98,GAM,P_TPR95,0.14976553565765288,0.9577464788732394,0.23648648648648649,0.7635135135135135,
98,GAM,P_OPT,0.40668524445655174,0.9014084507042254,0.08783783783783784,0.9121621621621622,0.8135706128663875
98,RF,P_TPR70,0.6037185338084039,0.7746478873239436,0.013513513513513514,0.9864864864864865,
98,RF,P_TPR85,0.4400274780460967,0.8732394366197183,0.05405405405405406,0.9459459459459459,
98,RF,P_TPR95,0.2688138794619533,0.9577464788732394,0.16216216216216217,0.8378378378378378,
98,RF,P_OPT,0.3767534578033187,0.9154929577464789,0.06756756756756757,0.9324324324324325,0.8479253901789113
99,LR,P_TPR70,0.7226145344531948,0.7123287671232876,0.0410958904109589,0.9589041095890412,
99,LR,P_TPR85,0.3350717580089684,0.9041095890410958,0.13013698630136986,0.8698630136986302,
99,LR,P_TPR95,0.12640306557275122,0.958904109589041,0.2808219178082192,0.7191780821917808,
99,LR,P_OPT,0.28795130393061624,0.9315068493150684,0.14383561643835616,0.8561643835616438,0.7876712328767123
99,GAM,P_TPR70,0.5844777827968655,0.7945205479452054,0.0410958904109589,0.9589041095890412,
99,GAM,P_TPR85,0.36757378663637336,0.9041095890410958,0.0958904109589041,0.904109589041096,
99,GAM,P_TPR95,0.15485913113206595,0.958904109589041,0.2602739726027397,0.7397260273972603,
99,GAM,P_OPT,0.36757378663637336,0.9041095890410958,0.0958904109589041,0.904109589041096,0.8082191780821917
99,RF,P_TPR70,0.6450777647791057,0.7397260273972602,0.03424657534246575,0.9657534246575342,
99,RF,P_TPR85,0.47607635624779077,0.863013698630137,0.07534246575342465,0.9246575342465754,
99,RF,P_TPR95,0.3006109050003358,0.958904109589041,0.14383561643835616,0.8561643835616438,
99,RF,P_OPT,0.2814124410890127,0.9726027397260274,0.1506849315068493,0.8493150684931507,0.821917808219178
