2026-08-26 22:13:20,360 | INFO    | ======================================================================
2026-08-26 22:13:20,360 | INFO    | INICIO set_A: 2026-08-26T22:13:20
2026-08-26 22:13:55,896 | INFO    | Slope units: 61167 | filas evento: 492
2026-08-26 22:13:56,085 | INFO    |   Est.    1: 2010-01-12 -> 2026-03-18 |  94.0% con dato | 1985 duplicados
2026-08-26 22:13:56,203 | INFO    |   Est.    2: 2010-01-01 -> 2026-03-18 |  90.7% con dato | 249 duplicados
2026-08-26 22:13:56,327 | INFO    |   Est.    3: 2010-01-01 -> 2026-03-18 |  89.5% con dato | 1991 duplicados
2026-08-26 22:13:56,448 | INFO    |   Est.    4: 2010-01-01 -> 2026-03-18 |  84.2% con dato | 1972 duplicados
2026-08-26 22:13:56,600 | INFO    |   Est.    5: 2010-01-01 -> 2026-03-18 |  95.7% con dato | 1991 duplicados
2026-08-26 22:13:56,755 | INFO    |   Est.    7: 2010-01-01 -> 2026-03-18 |  90.6% con dato | 1991 duplicados
2026-08-26 22:13:56,889 | INFO    |   Est.    8: 2010-01-01 -> 2026-03-18 |  89.8% con dato | 1980 duplicados
2026-08-26 22:13:57,042 | INFO    |   Est.    9: 2010-01-01 -> 2026-03-18 |  90.4% con dato | 1990 duplicados
2026-08-26 22:13:57,200 | INFO    |   Est.   10: 2010-01-01 -> 2026-03-18 |  90.8% con dato | 1990 duplicados
2026-08-26 22:13:57,365 | INFO    |   Est.   11: 2010-01-04 -> 2026-03-18 |  89.4% con dato | 1991 duplicados
2026-08-26 22:13:57,533 | INFO    |   Est.   12: 2010-01-01 -> 2026-03-18 |  91.8% con dato | 1972 duplicados
2026-08-26 22:13:57,701 | INFO    |   Est.   14: 2010-01-01 -> 2026-03-18 |  89.7% con dato | 1991 duplicados
2026-08-26 22:13:57,824 | INFO    |   Est.   15: 2010-01-01 -> 2026-03-18 |  92.8% con dato | 1991 duplicados
2026-08-26 22:13:57,968 | INFO    |   Est.   16: 2010-01-01 -> 2026-03-18 |  92.0% con dato | 1991 duplicados
2026-08-26 22:13:58,105 | INFO    |   Est.   17: 2010-01-28 -> 2026-03-18 |  93.5% con dato | 1991 duplicados
2026-08-26 22:13:58,227 | INFO    |   Est.   18: 2010-01-11 -> 2026-03-18 |  91.1% con dato | 1991 duplicados
2026-08-26 22:13:58,347 | INFO    |   Est.   19: 2010-01-11 -> 2026-03-18 |  93.5% con dato | 1991 duplicados
2026-08-26 22:13:58,503 | INFO    |   Est.   20: 2010-01-12 -> 2026-03-18 |  88.5% con dato | 1991 duplicados
2026-08-26 22:13:58,656 | INFO    |   Est.   21: 2010-01-11 -> 2026-03-18 |  91.3% con dato | 1990 duplicados
2026-08-26 22:13:58,792 | INFO    |   Est.   22: 2010-01-14 -> 2026-03-18 |  91.0% con dato | 1991 duplicados
2026-08-26 22:13:58,920 | INFO    |   Est.   23: 2010-01-10 -> 2026-03-18 |  93.5% con dato | 1973 duplicados
2026-08-26 22:13:59,086 | INFO    |   Est.   24: 2010-01-18 -> 2026-03-18 |  92.4% con dato | 1991 duplicados
2026-08-26 22:13:59,200 | INFO    |   Est.   25: 2010-01-18 -> 2026-01-07 |  77.2% con dato | 1 duplicados
2026-08-26 22:13:59,349 | INFO    |   Est.   26: 2010-01-04 -> 2026-03-18 |  83.2% con dato | 1990 duplicados
2026-08-26 22:13:59,480 | INFO    |   Est.   27: 2010-01-18 -> 2024-07-12 |  82.7% con dato | 0 duplicados
2026-08-26 22:13:59,617 | INFO    |   Est.   28: 2010-01-18 -> 2026-03-18 |  86.4% con dato | 1991 duplicados
2026-08-26 22:13:59,769 | INFO    |   Est.   29: 2010-01-18 -> 2026-03-18 |  91.9% con dato | 1991 duplicados
2026-08-26 22:13:59,894 | INFO    |   Est.   30: 2010-01-01 -> 2026-03-18 |  90.4% con dato | 1991 duplicados
2026-08-26 22:14:00,074 | INFO    |   Est.   31: 2010-01-06 -> 2026-03-18 |  87.5% con dato | 1991 duplicados
2026-08-26 22:14:00,229 | INFO    |   Est.   32: 2010-01-06 -> 2026-03-18 |  86.0% con dato | 1991 duplicados
2026-08-26 22:14:00,350 | INFO    |   Est.   33: 2010-01-28 -> 2026-03-18 |  87.2% con dato | 1991 duplicados
2026-08-26 22:14:00,477 | INFO    |   Est.   34: 2010-01-10 -> 2026-03-18 |  88.7% con dato | 1991 duplicados
2026-08-26 22:14:00,627 | INFO    |   Est.   35: 2010-01-28 -> 2026-03-18 |  93.8% con dato | 1991 duplicados
2026-08-26 22:14:00,750 | INFO    |   Est.   36: 2010-03-26 -> 2026-03-18 |  92.6% con dato | 1991 duplicados
2026-08-26 22:14:00,898 | INFO    |   Est.   37: 2010-01-28 -> 2026-03-18 |  89.5% con dato | 1991 duplicados
2026-08-26 22:14:01,060 | INFO    |   Est.   39: 2010-01-28 -> 2026-03-18 |  91.0% con dato | 1991 duplicados
2026-08-26 22:14:01,213 | INFO    |   Est.   40: 2010-02-05 -> 2026-03-18 |  92.2% con dato | 1989 duplicados
2026-08-26 22:14:01,352 | INFO    |   Est.   41: 2010-01-28 -> 2026-03-18 |  92.7% con dato | 1991 duplicados
2026-08-26 22:14:01,493 | INFO    |   Est.   42: 2010-02-05 -> 2026-03-18 |  88.9% con dato | 1991 duplicados
2026-08-26 22:14:01,660 | INFO    |   Est.   43: 2010-05-03 -> 2026-03-18 |  86.2% con dato | 1991 duplicados
2026-08-26 22:14:01,807 | INFO    |   Est.   44: 2010-04-19 -> 2026-03-18 |  83.2% con dato | 1991 duplicados
2026-08-26 22:14:01,984 | INFO    |   Est.   45: 2010-05-05 -> 2026-03-18 |  88.0% con dato | 1991 duplicados
2026-08-26 22:14:02,125 | INFO    |   Est.   46: 2010-04-28 -> 2025-05-06 |  92.9% con dato | 966 duplicados
2026-08-26 22:14:02,269 | INFO    |   Est.   47: 2010-05-03 -> 2026-03-18 |  81.9% con dato | 1991 duplicados
2026-08-26 22:14:02,430 | INFO    |   Est.   48: 2010-05-14 -> 2026-03-18 |  93.3% con dato | 1972 duplicados
2026-08-26 22:14:02,578 | INFO    |   Est.   49: 2010-09-08 -> 2026-03-18 |  85.3% con dato | 1991 duplicados
2026-08-26 22:14:02,694 | INFO    |   Est.   50: 2011-02-09 -> 2026-03-18 |  88.9% con dato | 1991 duplicados
2026-08-26 22:14:02,821 | INFO    |   Est.   51: 2011-01-17 -> 2026-03-18 |  87.8% con dato | 1972 duplicados
2026-08-26 22:14:02,942 | INFO    |   Est.   52: 2011-03-01 -> 2026-03-18 |  79.8% con dato | 1991 duplicados
2026-08-26 22:14:03,104 | INFO    |   Est.   53: 2011-01-11 -> 2026-03-18 |  92.8% con dato | 1991 duplicados
2026-08-26 22:14:03,267 | INFO    |   Est.   54: 2010-12-27 -> 2026-03-18 |  92.2% con dato | 1991 duplicados
2026-08-26 22:14:03,396 | INFO    |   Est.   55: 2010-11-04 -> 2026-03-18 |  82.7% con dato | 1991 duplicados
2026-08-26 22:14:03,531 | INFO    |   Est.   56: 2012-06-14 -> 2026-03-18 |  92.6% con dato | 1991 duplicados
2026-08-26 22:14:03,640 | INFO    |   Est.   57: 2012-03-23 -> 2026-03-18 |  89.5% con dato | 1985 duplicados
2026-08-26 22:14:03,750 | INFO    |   Est.   58: 2012-03-23 -> 2026-03-18 |  88.9% con dato | 1990 duplicados
2026-08-26 22:14:03,862 | INFO    |   Est.   60: 2012-01-01 -> 2026-03-18 |  89.7% con dato | 1991 duplicados
2026-08-26 22:14:03,971 | INFO    |   Est.   61: 2012-03-20 -> 2026-03-18 |  89.9% con dato | 1991 duplicados
2026-08-26 22:14:04,080 | INFO    |   Est.   62: 2012-03-07 -> 2026-03-18 |  88.8% con dato | 1900 duplicados
2026-08-26 22:14:04,183 | INFO    |   Est.   64: 2012-09-05 -> 2026-03-07 |  87.3% con dato | 1991 duplicados
2026-08-26 22:14:04,287 | INFO    |   Est.   65: 2012-08-09 -> 2026-03-18 |  90.5% con dato | 1990 duplicados
2026-08-26 22:14:04,388 | INFO    |   Est.   66: 2012-06-06 -> 2026-03-18 |  91.6% con dato | 1991 duplicados
2026-08-26 22:14:04,494 | INFO    |   Est.   70: 2012-06-25 -> 2026-03-18 |  93.8% con dato | 1972 duplicados
2026-08-26 22:14:04,595 | INFO    |   Est.   71: 2013-02-28 -> 2026-03-18 |  95.0% con dato | 1991 duplicados
2026-08-26 22:14:04,699 | INFO    |   Est.   72: 2012-06-25 -> 2026-03-18 |  91.0% con dato | 1991 duplicados
2026-08-26 22:14:04,795 | INFO    |   Est.   74: 2013-05-27 -> 2026-03-18 |  95.3% con dato | 1991 duplicados
2026-08-26 22:14:04,891 | INFO    |   Est.   76: 2013-07-02 -> 2026-03-18 |  94.8% con dato | 1991 duplicados
2026-08-26 22:14:04,986 | INFO    |   Est.   81: 2013-06-28 -> 2026-03-18 |  97.4% con dato | 1991 duplicados
2026-08-26 22:14:05,081 | INFO    |   Est.   88: 2013-11-14 -> 2026-03-18 |  93.4% con dato | 1991 duplicados
2026-08-26 22:14:05,163 | INFO    |   Est.   89: 2013-11-14 -> 2025-05-06 |  95.5% con dato | 525 duplicados
2026-08-26 22:14:05,245 | INFO    |   Est.  121: 2014-11-26 -> 2026-03-18 |  96.8% con dato | 1991 duplicados
2026-08-26 22:14:05,331 | INFO    |   Est.  127: 2015-04-10 -> 2026-03-18 |  92.8% con dato | 1990 duplicados
2026-08-26 22:14:05,412 | INFO    |   Est.  129: 2015-04-23 -> 2026-03-18 |  94.6% con dato | 1991 duplicados
2026-08-26 22:14:05,491 | INFO    |   Est.  146: 2015-08-18 -> 2026-03-18 |  95.8% con dato | 1991 duplicados
2026-08-26 22:14:05,567 | INFO    |   Est.  154: 2015-09-17 -> 2026-03-18 |  83.7% con dato | 1972 duplicados
2026-08-26 22:14:05,641 | INFO    |   Est.  171: 2016-01-01 -> 2026-03-18 |  80.4% con dato | 1979 duplicados
2026-08-26 22:14:05,712 | INFO    |   Est.  184: 2016-01-01 -> 2026-03-18 |  84.2% con dato | 1991 duplicados
2026-08-26 22:14:05,759 | INFO    |   Est.  189: 2018-08-18 -> 2025-03-30 |  95.5% con dato | 1 duplicados
2026-08-26 22:14:05,823 | INFO    |   Est.  193: 2017-07-18 -> 2026-03-18 |  97.6% con dato | 1991 duplicados
2026-08-26 22:14:05,924 | INFO    |   Est.  211: 2012-12-10 -> 2026-03-18 |  93.5% con dato | 1991 duplicados
2026-08-26 22:14:05,988 | INFO    |   Est.  230: 2017-08-31 -> 2026-03-18 |  97.2% con dato | 1991 duplicados
2026-08-26 22:14:06,049 | INFO    |   Est.  234: 2017-09-18 -> 2026-03-18 |  98.0% con dato | 1991 duplicados
2026-08-26 22:14:06,112 | INFO    |   Est.  241: 2017-10-20 -> 2026-03-18 |  91.7% con dato | 1991 duplicados
2026-08-26 22:14:06,172 | INFO    |   Est.  242: 2017-10-20 -> 2026-03-18 |  98.4% con dato | 1991 duplicados
2026-08-26 22:14:06,235 | INFO    |   Est.  244: 2017-10-28 -> 2026-03-18 |  97.4% con dato | 1991 duplicados
2026-08-26 22:14:06,289 | INFO    |   Est.  248: 2017-11-05 -> 2026-03-19 |  96.8% con dato | 0 duplicados
2026-08-26 22:14:06,357 | INFO    |   Est.  253: 2017-11-14 -> 2026-03-18 |  96.6% con dato | 1991 duplicados
2026-08-26 22:14:06,417 | INFO    |   Est.  261: 2017-12-01 -> 2026-03-18 |  95.4% con dato | 1991 duplicados
2026-08-26 22:14:06,469 | INFO    |   Est.  266: 2017-12-19 -> 2025-04-02 |  91.1% con dato | 1 duplicados
2026-08-26 22:14:06,531 | INFO    |   Est.  267: 2017-12-18 -> 2026-03-18 |  97.2% con dato | 1991 duplicados
2026-08-26 22:14:06,589 | INFO    |   Est.  274: 2018-01-19 -> 2026-03-18 |  98.4% con dato | 1991 duplicados
2026-08-26 22:14:06,649 | INFO    |   Est.  275: 2018-01-16 -> 2026-03-18 |  91.7% con dato | 1628 duplicados
2026-08-26 22:14:06,707 | INFO    |   Est.  278: 2018-01-31 -> 2026-03-18 |  96.0% con dato | 1991 duplicados
2026-08-26 22:14:06,768 | INFO    |   Est.  281: 2018-02-15 -> 2026-03-18 |  98.8% con dato | 1991 duplicados
2026-08-26 22:14:06,826 | INFO    |   Est.  288: 2018-03-21 -> 2026-03-18 |  97.1% con dato | 1991 duplicados
2026-08-26 22:14:06,886 | INFO    |   Est.  289: 2018-03-22 -> 2026-03-18 |  95.7% con dato | 1991 duplicados
2026-08-26 22:14:06,944 | INFO    |   Est.  295: 2018-04-23 -> 2026-03-18 |  95.3% con dato | 1991 duplicados
2026-08-26 22:14:07,003 | INFO    |   Est.  311: 2018-06-05 -> 2026-03-18 |  61.2% con dato | 1991 duplicados
2026-08-26 22:14:07,059 | INFO    |   Est.  320: 2018-06-27 -> 2026-03-18 |  97.0% con dato | 1991 duplicados
2026-08-26 22:14:07,117 | INFO    |   Est.  323: 2018-07-17 -> 2026-03-18 |  96.1% con dato | 1980 duplicados
2026-08-26 22:14:07,172 | INFO    |   Est.  324: 2018-07-17 -> 2026-03-18 |  95.1% con dato | 1991 duplicados
2026-08-26 22:14:07,230 | INFO    |   Est.  328: 2018-08-09 -> 2026-03-18 |  96.9% con dato | 1991 duplicados
2026-08-26 22:14:07,287 | INFO    |   Est.  334: 2018-09-18 -> 2026-03-18 |  96.0% con dato | 1991 duplicados
2026-08-26 22:14:07,345 | INFO    |   Est.  339: 2019-01-04 -> 2026-03-18 |  94.7% con dato | 1991 duplicados
2026-08-26 22:14:07,400 | INFO    |   Est.  352: 2019-02-01 -> 2026-03-18 |  97.7% con dato | 1991 duplicados
2026-08-26 22:14:07,462 | INFO    |   Est.  353: 2019-02-01 -> 2026-03-18 |  93.4% con dato | 1989 duplicados
2026-08-26 22:14:07,515 | INFO    |   Est.  356: 2019-03-18 -> 2026-03-18 |  98.3% con dato | 1989 duplicados
2026-08-26 22:14:07,566 | INFO    |   Est.  373: 2019-05-08 -> 2026-03-18 |  94.5% con dato | 1991 duplicados
2026-08-26 22:14:07,619 | INFO    |   Est.  376: 2019-05-15 -> 2026-03-18 |  98.0% con dato | 1991 duplicados
2026-08-26 22:14:07,668 | INFO    |   Est.  378: 2019-06-04 -> 2026-03-18 |  92.6% con dato | 1984 duplicados
2026-08-26 22:14:07,721 | INFO    |   Est.  383: 2019-06-14 -> 2026-03-18 |  96.6% con dato | 1991 duplicados
2026-08-26 22:14:07,768 | INFO    |   Est.  389: 2019-08-09 -> 2026-03-18 |  95.3% con dato | 1860 duplicados
2026-08-26 22:14:07,816 | INFO    |   Est.  392: 2019-09-09 -> 2026-03-18 |  96.7% con dato | 1991 duplicados
2026-08-26 22:14:07,862 | INFO    |   Est.  393: 2019-09-20 -> 2026-03-18 |  98.5% con dato | 1991 duplicados
2026-08-26 22:14:07,908 | INFO    |   Est.  394: 2019-09-20 -> 2026-03-18 |  95.9% con dato | 1991 duplicados
2026-08-26 22:14:07,955 | INFO    |   Est.  395: 2019-09-24 -> 2026-03-18 |  97.8% con dato | 1991 duplicados
2026-08-26 22:14:08,000 | INFO    |   Est.  418: 2019-12-26 -> 2026-03-18 |  94.9% con dato | 1991 duplicados
2026-08-26 22:14:08,044 | INFO    |   Est.  420: 2019-12-26 -> 2026-03-18 |  95.8% con dato | 1991 duplicados
2026-08-26 22:14:08,091 | INFO    |   Est.  421: 2020-01-14 -> 2026-03-18 |  98.4% con dato | 1991 duplicados
2026-08-26 22:14:08,136 | INFO    |   Est.  429: 2020-02-21 -> 2026-03-18 |  98.2% con dato | 1991 duplicados
2026-08-26 22:14:08,183 | INFO    |   Est.  432: 2020-02-27 -> 2026-03-18 |  98.5% con dato | 1990 duplicados
2026-08-26 22:14:08,227 | INFO    |   Est.  433: 2020-02-28 -> 2026-03-18 |  94.9% con dato | 1991 duplicados
2026-08-26 22:14:08,270 | INFO    |   Est.  434: 2020-03-03 -> 2026-03-18 |  97.8% con dato | 1991 duplicados
2026-08-26 22:14:08,317 | INFO    |   Est.  437: 2020-03-31 -> 2026-03-18 |  98.9% con dato | 1991 duplicados
2026-08-26 22:14:08,359 | INFO    |   Est.  445: 2020-05-11 -> 2026-03-18 |  87.6% con dato | 1991 duplicados
2026-08-26 22:14:08,401 | INFO    |   Est.  446: 2020-05-08 -> 2026-03-18 |  86.2% con dato | 1991 duplicados
2026-08-26 22:14:08,446 | INFO    |   Est.  447: 2020-05-11 -> 2026-03-18 |  98.9% con dato | 1991 duplicados
2026-08-26 22:14:08,485 | INFO    |   Est.  451: 2020-07-03 -> 2026-03-18 |  98.2% con dato | 1972 duplicados
2026-08-26 22:14:08,528 | INFO    |   Est.  456: 2020-07-31 -> 2026-03-18 |  96.5% con dato | 1991 duplicados
2026-08-26 22:14:08,570 | INFO    |   Est.  457: 2020-09-08 -> 2026-03-18 |  94.5% con dato | 1991 duplicados
2026-08-26 22:14:08,607 | INFO    |   Est.  481: 2020-12-18 -> 2026-03-18 |  97.8% con dato | 1991 duplicados
2026-08-26 22:14:08,643 | INFO    |   Est.  499: 2021-02-16 -> 2026-03-18 |  97.5% con dato | 1991 duplicados
2026-08-26 22:14:08,681 | INFO    |   Est.  515: 2021-03-12 -> 2026-03-18 |  97.4% con dato | 1990 duplicados
2026-08-26 22:14:08,717 | INFO    |   Est.  519: 2021-03-19 -> 2026-03-18 |  97.8% con dato | 1991 duplicados
2026-08-26 22:14:08,750 | INFO    |   Est.  539: 2021-06-24 -> 2026-03-18 |  92.0% con dato | 1991 duplicados
2026-08-26 22:14:08,784 | INFO    |   Est.  540: 2021-06-11 -> 2026-03-18 |  92.7% con dato | 1972 duplicados
2026-08-26 22:14:08,820 | INFO    |   Est.  543: 2021-06-29 -> 2026-03-18 |  98.6% con dato | 1989 duplicados
2026-08-26 22:14:08,853 | INFO    |   Est.  551: 2021-09-02 -> 2026-03-18 |  99.5% con dato | 1991 duplicados
2026-08-26 22:14:08,885 | INFO    |   Est.  558: 2021-09-29 -> 2026-03-18 |  99.3% con dato | 1989 duplicados
2026-08-26 22:14:08,915 | INFO    |   Est.  601: 2022-05-03 -> 2026-03-18 |  97.6% con dato | 1991 duplicados
2026-08-26 22:14:08,943 | INFO    |   Est.  607: 2022-06-08 -> 2026-03-18 |  95.5% con dato | 1990 duplicados
2026-08-26 22:14:08,990 | INFO    |   Est.  612: 2022-06-21 -> 2025-07-03 |  99.2% con dato | 1311 duplicados
2026-08-26 22:14:09,010 | INFO    |   Est.  619: 2022-06-29 -> 2025-05-06 |  94.4% con dato | 966 duplicados
2026-08-26 22:14:09,037 | INFO    |   Est.  636: 2022-11-16 -> 2026-03-18 |  98.7% con dato | 1991 duplicados
2026-08-26 22:14:09,037 | INFO    | Pluviómetros con serie: 143
2026-08-26 22:14:09,075 | INFO    | Distancia SU-pluvio (m): mediana=716 | max=3536
2026-08-26 22:14:09,499 | INFO    |   filtro húmedo eventos: descartadas 102/492 (20.7%)
2026-08-26 22:14:09,517 | INFO    | Eventos tras filtros: 390
2026-08-26 22:14:09,856 | INFO    | Pluviómetros con fechas candidatas: 143
2026-08-26 22:14:10,627 | INFO    | === set_A | MC 1/100 | seed=100 ===
2026-08-26 22:14:12,616 | INFO    |   ausencias por año: {2010: 11, 2011: 26, 2012: 15, 2013: 26, 2014: 22, 2015: 14, 2016: 19, 2017: 39, 2018: 37, 2019: 35, 2020: 57, 2021: 70, 2022: 95, 2023: 111, 2024: 75, 2025: 107, 2026: 21}
2026-08-26 22:14:13,181 | INFO    |   LR  AUC=0.929 AP=0.862 Brier=0.105
2026-08-26 22:14:13,985 | INFO    |   GAM AUC=0.932 AP=0.861 Brier=0.104
2026-08-26 22:14:55,490 | INFO    |   RF  AUC=0.924 AP=0.841 Brier=0.099
2026-08-26 22:14:55,490 | INFO    | === set_A | MC 2/100 | seed=101 ===
2026-08-26 22:14:57,538 | INFO    |   ausencias por año: {2010: 7, 2011: 32, 2012: 21, 2013: 18, 2014: 20, 2015: 20, 2016: 24, 2017: 33, 2018: 43, 2019: 50, 2020: 46, 2021: 72, 2022: 119, 2023: 83, 2024: 72, 2025: 106, 2026: 14}
2026-08-26 22:14:58,145 | INFO    |   LR  AUC=0.948 AP=0.889 Brier=0.088
2026-08-26 22:14:58,903 | INFO    |   GAM AUC=0.953 AP=0.895 Brier=0.083
2026-08-26 22:15:39,630 | INFO    |   RF  AUC=0.936 AP=0.875 Brier=0.091
2026-08-26 22:15:39,631 | INFO    | === set_A | MC 3/100 | seed=102 ===
2026-08-26 22:15:41,727 | INFO    |   ausencias por año: {2010: 3, 2011: 38, 2012: 15, 2013: 16, 2014: 19, 2015: 11, 2016: 24, 2017: 41, 2018: 34, 2019: 39, 2020: 55, 2021: 89, 2022: 92, 2023: 91, 2024: 72, 2025: 119, 2026: 22}
2026-08-26 22:15:42,291 | INFO    |   LR  AUC=0.965 AP=0.931 Brier=0.075
2026-08-26 22:15:43,128 | INFO    |   GAM AUC=0.966 AP=0.928 Brier=0.072
2026-08-26 22:16:22,931 | INFO    |   RF  AUC=0.962 AP=0.908 Brier=0.063
2026-08-26 22:16:22,931 | INFO    | === set_A | MC 4/100 | seed=103 ===
2026-08-26 22:16:25,007 | INFO    |   ausencias por año: {2010: 11, 2011: 43, 2012: 22, 2013: 25, 2014: 11, 2015: 13, 2016: 19, 2017: 27, 2018: 50, 2019: 45, 2020: 61, 2021: 73, 2022: 95, 2023: 97, 2024: 60, 2025: 107, 2026: 21}
2026-08-26 22:16:25,589 | INFO    |   LR  AUC=0.949 AP=0.873 Brier=0.086
2026-08-26 22:16:26,387 | INFO    |   GAM AUC=0.949 AP=0.871 Brier=0.086
2026-08-26 22:17:08,079 | INFO    |   RF  AUC=0.943 AP=0.844 Brier=0.087
2026-08-26 22:17:08,080 | INFO    | === set_A | MC 5/100 | seed=104 ===
2026-08-26 22:17:10,126 | INFO    |   ausencias por año: {2011: 36, 2012: 14, 2013: 23, 2014: 15, 2015: 18, 2016: 20, 2017: 30, 2018: 53, 2019: 38, 2020: 43, 2021: 90, 2022: 101, 2023: 104, 2024: 78, 2025: 93, 2026: 24}
2026-08-26 22:17:10,707 | INFO    |   LR  AUC=0.943 AP=0.882 Brier=0.089
2026-08-26 22:17:11,458 | INFO    |   GAM AUC=0.945 AP=0.886 Brier=0.087
2026-08-26 22:17:52,818 | INFO    |   RF  AUC=0.945 AP=0.921 Brier=0.078
2026-08-26 22:17:52,819 | INFO    | === set_A | MC 6/100 | seed=105 ===
2026-08-26 22:17:54,837 | INFO    |   ausencias por año: {2010: 5, 2011: 30, 2012: 17, 2013: 25, 2014: 17, 2015: 23, 2016: 21, 2017: 42, 2018: 37, 2019: 42, 2020: 56, 2021: 78, 2022: 112, 2023: 84, 2024: 73, 2025: 95, 2026: 23}
2026-08-26 22:17:55,410 | INFO    |   LR  AUC=0.944 AP=0.885 Brier=0.094
2026-08-26 22:17:56,179 | INFO    |   GAM AUC=0.952 AP=0.902 Brier=0.085
2026-08-26 22:18:37,445 | INFO    |   RF  AUC=0.954 AP=0.862 Brier=0.073
2026-08-26 22:18:37,445 | INFO    | === set_A | MC 7/100 | seed=106 ===
2026-08-26 22:18:39,470 | INFO    |   ausencias por año: {2010: 10, 2011: 37, 2012: 14, 2013: 22, 2014: 24, 2015: 17, 2016: 27, 2017: 36, 2018: 39, 2019: 49, 2020: 47, 2021: 70, 2022: 103, 2023: 78, 2024: 88, 2025: 102, 2026: 17}
2026-08-26 22:18:40,016 | INFO    |   LR  AUC=0.961 AP=0.914 Brier=0.078
2026-08-26 22:18:40,783 | INFO    |   GAM AUC=0.965 AP=0.928 Brier=0.073
2026-08-26 22:19:21,550 | INFO    |   RF  AUC=0.958 AP=0.907 Brier=0.070
2026-08-26 22:19:21,550 | INFO    | === set_A | MC 8/100 | seed=107 ===
2026-08-26 22:19:23,571 | INFO    |   ausencias por año: {2010: 5, 2011: 22, 2012: 23, 2013: 18, 2014: 16, 2015: 12, 2016: 22, 2017: 41, 2018: 47, 2019: 39, 2020: 55, 2021: 79, 2022: 95, 2023: 86, 2024: 83, 2025: 116, 2026: 21}
2026-08-26 22:19:24,119 | INFO    |   LR  AUC=0.941 AP=0.851 Brier=0.090
2026-08-26 22:19:24,870 | INFO    |   GAM AUC=0.945 AP=0.867 Brier=0.086
2026-08-26 22:20:05,061 | INFO    |   RF  AUC=0.959 AP=0.907 Brier=0.073
2026-08-26 22:20:05,061 | INFO    | === set_A | MC 9/100 | seed=108 ===
2026-08-26 22:20:07,345 | INFO    |   ausencias por año: {2010: 10, 2011: 31, 2012: 14, 2013: 20, 2014: 14, 2015: 19, 2016: 19, 2017: 43, 2018: 46, 2019: 32, 2020: 51, 2021: 72, 2022: 112, 2023: 94, 2024: 81, 2025: 101, 2026: 21}
2026-08-26 22:20:07,909 | INFO    |   LR  AUC=0.955 AP=0.907 Brier=0.078
2026-08-26 22:20:08,719 | INFO    |   GAM AUC=0.953 AP=0.904 Brier=0.079
2026-08-26 22:20:47,340 | INFO    |   RF  AUC=0.956 AP=0.902 Brier=0.066
2026-08-26 22:20:47,340 | INFO    | === set_A | MC 10/100 | seed=109 ===
2026-08-26 22:20:49,374 | INFO    |   ausencias por año: {2010: 12, 2011: 33, 2012: 22, 2013: 16, 2014: 13, 2015: 25, 2016: 27, 2017: 27, 2018: 47, 2019: 38, 2020: 61, 2021: 62, 2022: 107, 2023: 82, 2024: 92, 2025: 95, 2026: 21}
2026-08-26 22:20:49,927 | INFO    |   LR  AUC=0.930 AP=0.853 Brier=0.103
2026-08-26 22:20:50,669 | INFO    |   GAM AUC=0.930 AP=0.852 Brier=0.103
2026-08-26 22:21:31,925 | INFO    |   RF  AUC=0.922 AP=0.847 Brier=0.101
2026-08-26 22:21:31,926 | INFO    | === set_A | MC 11/100 | seed=110 ===
2026-08-26 22:21:33,974 | INFO    |   ausencias por año: {2010: 9, 2011: 37, 2012: 17, 2013: 18, 2014: 15, 2015: 16, 2016: 28, 2017: 36, 2018: 29, 2019: 42, 2020: 56, 2021: 78, 2022: 107, 2023: 79, 2024: 82, 2025: 117, 2026: 14}
2026-08-26 22:21:34,551 | INFO    |   LR  AUC=0.913 AP=0.821 Brier=0.115
2026-08-26 22:21:35,312 | INFO    |   GAM AUC=0.916 AP=0.828 Brier=0.112
2026-08-26 22:22:16,346 | INFO    |   RF  AUC=0.926 AP=0.831 Brier=0.095
2026-08-26 22:22:16,346 | INFO    | === set_A | MC 12/100 | seed=111 ===
2026-08-26 22:22:18,382 | INFO    |   ausencias por año: {2010: 6, 2011: 37, 2012: 16, 2013: 22, 2014: 18, 2015: 15, 2016: 12, 2017: 42, 2018: 49, 2019: 43, 2020: 61, 2021: 89, 2022: 98, 2023: 85, 2024: 72, 2025: 100, 2026: 15}
2026-08-26 22:22:18,932 | INFO    |   LR  AUC=0.963 AP=0.935 Brier=0.072
2026-08-26 22:22:19,671 | INFO    |   GAM AUC=0.967 AP=0.939 Brier=0.067
2026-08-26 22:23:01,195 | INFO    |   RF  AUC=0.965 AP=0.940 Brier=0.066
2026-08-26 22:23:01,195 | INFO    | === set_A | MC 13/100 | seed=112 ===
2026-08-26 22:23:03,311 | INFO    |   ausencias por año: {2010: 11, 2011: 24, 2012: 16, 2013: 23, 2014: 22, 2015: 18, 2016: 25, 2017: 45, 2018: 33, 2019: 41, 2020: 48, 2021: 81, 2022: 120, 2023: 84, 2024: 79, 2025: 89, 2026: 21}
2026-08-26 22:23:03,919 | INFO    |   LR  AUC=0.942 AP=0.847 Brier=0.095
2026-08-26 22:23:04,688 | INFO    |   GAM AUC=0.946 AP=0.857 Brier=0.089
2026-08-26 22:23:45,924 | INFO    |   RF  AUC=0.944 AP=0.893 Brier=0.075
2026-08-26 22:23:45,925 | INFO    | === set_A | MC 14/100 | seed=113 ===
2026-08-26 22:23:47,956 | INFO    |   ausencias por año: {2010: 6, 2011: 27, 2012: 13, 2013: 25, 2014: 14, 2015: 30, 2016: 17, 2017: 30, 2018: 64, 2019: 43, 2020: 46, 2021: 69, 2022: 106, 2023: 80, 2024: 95, 2025: 92, 2026: 23}
2026-08-26 22:23:48,503 | INFO    |   LR  AUC=0.924 AP=0.807 Brier=0.114
2026-08-26 22:23:49,234 | INFO    |   GAM AUC=0.927 AP=0.818 Brier=0.110
2026-08-26 22:24:30,739 | INFO    |   RF  AUC=0.951 AP=0.880 Brier=0.079
2026-08-26 22:24:30,740 | INFO    | === set_A | MC 15/100 | seed=114 ===
2026-08-26 22:24:32,787 | INFO    |   ausencias por año: {2010: 9, 2011: 32, 2012: 15, 2013: 17, 2014: 14, 2015: 15, 2016: 24, 2017: 40, 2018: 34, 2019: 59, 2020: 51, 2021: 83, 2022: 92, 2023: 88, 2024: 66, 2025: 125, 2026: 16}
2026-08-26 22:24:33,347 | INFO    |   LR  AUC=0.960 AP=0.913 Brier=0.078
2026-08-26 22:24:34,093 | INFO    |   GAM AUC=0.965 AP=0.925 Brier=0.071
2026-08-26 22:25:14,517 | INFO    |   RF  AUC=0.960 AP=0.924 Brier=0.067
2026-08-26 22:25:14,517 | INFO    | === set_A | MC 16/100 | seed=115 ===
2026-08-26 22:25:16,547 | INFO    |   ausencias por año: {2010: 10, 2011: 31, 2012: 18, 2013: 18, 2014: 13, 2015: 23, 2016: 26, 2017: 47, 2018: 48, 2019: 42, 2020: 52, 2021: 76, 2022: 93, 2023: 81, 2024: 76, 2025: 111, 2026: 15}
2026-08-26 22:25:17,098 | INFO    |   LR  AUC=0.940 AP=0.820 Brier=0.091
2026-08-26 22:25:17,831 | INFO    |   GAM AUC=0.941 AP=0.823 Brier=0.090
2026-08-26 22:25:59,300 | INFO    |   RF  AUC=0.942 AP=0.837 Brier=0.089
2026-08-26 22:25:59,301 | INFO    | === set_A | MC 17/100 | seed=116 ===
2026-08-26 22:26:01,320 | INFO    |   ausencias por año: {2010: 6, 2011: 41, 2012: 18, 2013: 15, 2014: 13, 2015: 19, 2016: 24, 2017: 39, 2018: 42, 2019: 42, 2020: 49, 2021: 80, 2022: 112, 2023: 74, 2024: 80, 2025: 115, 2026: 11}
2026-08-26 22:26:01,896 | INFO    |   LR  AUC=0.964 AP=0.924 Brier=0.076
2026-08-26 22:26:02,711 | INFO    |   GAM AUC=0.966 AP=0.928 Brier=0.073
2026-08-26 22:26:43,875 | INFO    |   RF  AUC=0.970 AP=0.925 Brier=0.056
2026-08-26 22:26:43,876 | INFO    | === set_A | MC 18/100 | seed=117 ===
2026-08-26 22:26:45,940 | INFO    |   ausencias por año: {2010: 9, 2011: 36, 2012: 17, 2013: 21, 2014: 14, 2015: 21, 2016: 24, 2017: 29, 2018: 43, 2019: 50, 2020: 55, 2021: 68, 2022: 100, 2023: 82, 2024: 84, 2025: 102, 2026: 25}
2026-08-26 22:26:46,495 | INFO    |   LR  AUC=0.942 AP=0.874 Brier=0.086
2026-08-26 22:26:47,243 | INFO    |   GAM AUC=0.945 AP=0.875 Brier=0.085
2026-08-26 22:27:28,159 | INFO    |   RF  AUC=0.943 AP=0.886 Brier=0.085
2026-08-26 22:27:28,159 | INFO    | === set_A | MC 19/100 | seed=118 ===
2026-08-26 22:27:30,208 | INFO    |   ausencias por año: {2010: 5, 2011: 26, 2012: 8, 2013: 16, 2014: 11, 2015: 13, 2016: 15, 2017: 30, 2018: 35, 2019: 52, 2020: 71, 2021: 94, 2022: 113, 2023: 78, 2024: 76, 2025: 115, 2026: 22}
2026-08-26 22:27:30,777 | INFO    |   LR  AUC=0.959 AP=0.919 Brier=0.078
2026-08-26 22:27:31,544 | INFO    |   GAM AUC=0.961 AP=0.918 Brier=0.076
2026-08-26 22:28:12,962 | INFO    |   RF  AUC=0.958 AP=0.872 Brier=0.065
2026-08-26 22:28:12,963 | INFO    | === set_A | MC 20/100 | seed=119 ===
2026-08-26 22:28:15,006 | INFO    |   ausencias por año: {2010: 9, 2011: 35, 2012: 20, 2013: 18, 2014: 8, 2015: 23, 2016: 17, 2017: 41, 2018: 42, 2019: 36, 2020: 50, 2021: 80, 2022: 100, 2023: 101, 2024: 87, 2025: 93, 2026: 20}
2026-08-26 22:28:15,565 | INFO    |   LR  AUC=0.952 AP=0.908 Brier=0.076
2026-08-26 22:28:16,303 | INFO    |   GAM AUC=0.956 AP=0.912 Brier=0.072
2026-08-26 22:28:57,758 | INFO    |   RF  AUC=0.962 AP=0.929 Brier=0.066
2026-08-26 22:28:57,758 | INFO    | === set_A | MC 21/100 | seed=120 ===
2026-08-26 22:28:59,847 | INFO    |   ausencias por año: {2010: 7, 2011: 34, 2012: 19, 2013: 25, 2014: 21, 2015: 23, 2016: 25, 2017: 36, 2018: 53, 2019: 34, 2020: 49, 2021: 86, 2022: 118, 2023: 72, 2024: 71, 2025: 91, 2026: 16}
2026-08-26 22:29:00,414 | INFO    |   LR  AUC=0.969 AP=0.925 Brier=0.072
2026-08-26 22:29:01,195 | INFO    |   GAM AUC=0.974 AP=0.936 Brier=0.068
2026-08-26 22:29:42,443 | INFO    |   RF  AUC=0.977 AP=0.947 Brier=0.059
2026-08-26 22:29:42,444 | INFO    | === set_A | MC 22/100 | seed=121 ===
2026-08-26 22:29:44,478 | INFO    |   ausencias por año: {2010: 4, 2011: 34, 2012: 15, 2013: 28, 2014: 14, 2015: 17, 2016: 19, 2017: 34, 2018: 37, 2019: 42, 2020: 59, 2021: 86, 2022: 85, 2023: 92, 2024: 73, 2025: 117, 2026: 24}
2026-08-26 22:29:45,033 | INFO    |   LR  AUC=0.959 AP=0.899 Brier=0.070
2026-08-26 22:29:45,766 | INFO    |   GAM AUC=0.960 AP=0.900 Brier=0.067
2026-08-26 22:30:22,829 | INFO    |   RF  AUC=0.958 AP=0.907 Brier=0.064
2026-08-26 22:30:22,830 | INFO    | === set_A | MC 23/100 | seed=122 ===
2026-08-26 22:30:24,864 | INFO    |   ausencias por año: {2010: 14, 2011: 45, 2012: 13, 2013: 24, 2014: 11, 2015: 18, 2016: 18, 2017: 36, 2018: 51, 2019: 34, 2020: 54, 2021: 72, 2022: 105, 2023: 96, 2024: 80, 2025: 91, 2026: 18}
2026-08-26 22:30:25,443 | INFO    |   LR  AUC=0.943 AP=0.858 Brier=0.094
2026-08-26 22:30:26,188 | INFO    |   GAM AUC=0.947 AP=0.870 Brier=0.088
2026-08-26 22:31:07,534 | INFO    |   RF  AUC=0.941 AP=0.837 Brier=0.085
2026-08-26 22:31:07,535 | INFO    | === set_A | MC 24/100 | seed=123 ===
2026-08-26 22:31:09,589 | INFO    |   ausencias por año: {2010: 12, 2011: 28, 2012: 13, 2013: 19, 2014: 14, 2015: 15, 2016: 19, 2017: 39, 2018: 45, 2019: 46, 2020: 55, 2021: 83, 2022: 123, 2023: 74, 2024: 73, 2025: 108, 2026: 14}
2026-08-26 22:31:10,138 | INFO    |   LR  AUC=0.961 AP=0.926 Brier=0.078
2026-08-26 22:31:10,909 | INFO    |   GAM AUC=0.965 AP=0.933 Brier=0.074
2026-08-26 22:31:52,553 | INFO    |   RF  AUC=0.958 AP=0.908 Brier=0.074
2026-08-26 22:31:52,554 | INFO    | === set_A | MC 25/100 | seed=124 ===
2026-08-26 22:31:54,577 | INFO    |   ausencias por año: {2010: 14, 2011: 26, 2012: 13, 2013: 32, 2014: 15, 2015: 16, 2016: 19, 2017: 30, 2018: 34, 2019: 47, 2020: 74, 2021: 83, 2022: 102, 2023: 83, 2024: 69, 2025: 105, 2026: 18}
2026-08-26 22:31:55,138 | INFO    |   LR  AUC=0.944 AP=0.893 Brier=0.091
2026-08-26 22:31:55,945 | INFO    |   GAM AUC=0.948 AP=0.898 Brier=0.087
2026-08-26 22:32:37,360 | INFO    |   RF  AUC=0.945 AP=0.890 Brier=0.081
2026-08-26 22:32:37,360 | INFO    | === set_A | MC 26/100 | seed=125 ===
2026-08-26 22:32:39,403 | INFO    |   ausencias por año: {2010: 16, 2011: 32, 2012: 10, 2013: 24, 2014: 12, 2015: 24, 2016: 21, 2017: 39, 2018: 42, 2019: 38, 2020: 57, 2021: 70, 2022: 104, 2023: 86, 2024: 87, 2025: 106, 2026: 12}
2026-08-26 22:32:39,957 | INFO    |   LR  AUC=0.936 AP=0.864 Brier=0.094
2026-08-26 22:32:40,709 | INFO    |   GAM AUC=0.940 AP=0.873 Brier=0.091
2026-08-26 22:33:21,880 | INFO    |   RF  AUC=0.958 AP=0.919 Brier=0.069
2026-08-26 22:33:21,880 | INFO    | === set_A | MC 27/100 | seed=126 ===
2026-08-26 22:33:23,925 | INFO    |   ausencias por año: {2010: 13, 2011: 29, 2012: 13, 2013: 21, 2014: 21, 2015: 23, 2016: 17, 2017: 47, 2018: 39, 2019: 40, 2020: 49, 2021: 76, 2022: 100, 2023: 87, 2024: 88, 2025: 96, 2026: 21}
2026-08-26 22:33:24,493 | INFO    |   LR  AUC=0.934 AP=0.834 Brier=0.097
2026-08-26 22:33:25,287 | INFO    |   GAM AUC=0.937 AP=0.836 Brier=0.094
2026-08-26 22:34:06,597 | INFO    |   RF  AUC=0.942 AP=0.835 Brier=0.081
2026-08-26 22:34:06,598 | INFO    | === set_A | MC 28/100 | seed=127 ===
2026-08-26 22:34:08,631 | INFO    |   ausencias por año: {2010: 10, 2011: 30, 2012: 17, 2013: 25, 2014: 14, 2015: 16, 2016: 19, 2017: 33, 2018: 42, 2019: 50, 2020: 50, 2021: 87, 2022: 110, 2023: 78, 2024: 73, 2025: 106, 2026: 20}
2026-08-26 22:34:09,192 | INFO    |   LR  AUC=0.957 AP=0.931 Brier=0.075
2026-08-26 22:34:10,031 | INFO    |   GAM AUC=0.960 AP=0.933 Brier=0.073
2026-08-26 22:34:51,626 | INFO    |   RF  AUC=0.960 AP=0.924 Brier=0.071
2026-08-26 22:34:51,627 | INFO    | === set_A | MC 29/100 | seed=128 ===
2026-08-26 22:34:53,640 | INFO    |   ausencias por año: {2010: 8, 2011: 31, 2012: 13, 2013: 19, 2014: 15, 2015: 20, 2016: 23, 2017: 33, 2018: 44, 2019: 44, 2020: 48, 2021: 85, 2022: 99, 2023: 94, 2024: 81, 2025: 101, 2026: 22}
2026-08-26 22:34:54,199 | INFO    |   LR  AUC=0.955 AP=0.893 Brier=0.086
2026-08-26 22:34:54,944 | INFO    |   GAM AUC=0.961 AP=0.906 Brier=0.081
2026-08-26 22:35:35,865 | INFO    |   RF  AUC=0.965 AP=0.910 Brier=0.066
2026-08-26 22:35:35,866 | INFO    | === set_A | MC 30/100 | seed=129 ===
2026-08-26 22:35:37,914 | INFO    |   ausencias por año: {2010: 7, 2011: 35, 2012: 15, 2013: 24, 2014: 18, 2015: 15, 2016: 26, 2017: 36, 2018: 42, 2019: 46, 2020: 45, 2021: 79, 2022: 119, 2023: 75, 2024: 88, 2025: 92, 2026: 18}
2026-08-26 22:35:38,471 | INFO    |   LR  AUC=0.905 AP=0.812 Brier=0.126
2026-08-26 22:35:39,215 | INFO    |   GAM AUC=0.909 AP=0.818 Brier=0.121
2026-08-26 22:36:20,109 | INFO    |   RF  AUC=0.915 AP=0.824 Brier=0.112
2026-08-26 22:36:20,110 | INFO    | === set_A | MC 31/100 | seed=130 ===
2026-08-26 22:36:22,174 | INFO    |   ausencias por año: {2010: 6, 2011: 35, 2012: 17, 2013: 32, 2014: 17, 2015: 21, 2016: 35, 2017: 26, 2018: 37, 2019: 41, 2020: 59, 2021: 73, 2022: 103, 2023: 78, 2024: 82, 2025: 94, 2026: 24}
2026-08-26 22:36:22,734 | INFO    |   LR  AUC=0.948 AP=0.901 Brier=0.086
2026-08-26 22:36:23,456 | INFO    |   GAM AUC=0.951 AP=0.905 Brier=0.084
2026-08-26 22:37:03,369 | INFO    |   RF  AUC=0.948 AP=0.895 Brier=0.085
2026-08-26 22:37:03,369 | INFO    | === set_A | MC 32/100 | seed=131 ===
2026-08-26 22:37:05,398 | INFO    |   ausencias por año: {2010: 7, 2011: 29, 2012: 21, 2013: 19, 2014: 17, 2015: 19, 2016: 29, 2017: 41, 2018: 45, 2019: 35, 2020: 49, 2021: 78, 2022: 93, 2023: 89, 2024: 85, 2025: 101, 2026: 23}
2026-08-26 22:37:05,944 | INFO    |   LR  AUC=0.972 AP=0.929 Brier=0.063
2026-08-26 22:37:06,730 | INFO    |   GAM AUC=0.973 AP=0.933 Brier=0.061
2026-08-26 22:37:48,473 | INFO    |   RF  AUC=0.976 AP=0.927 Brier=0.050
2026-08-26 22:37:48,473 | INFO    | === set_A | MC 33/100 | seed=132 ===
2026-08-26 22:37:50,514 | INFO    |   ausencias por año: {2010: 4, 2011: 33, 2012: 16, 2013: 22, 2014: 19, 2015: 27, 2016: 23, 2017: 26, 2018: 46, 2019: 30, 2020: 44, 2021: 73, 2022: 106, 2023: 76, 2024: 88, 2025: 121, 2026: 26}
2026-08-26 22:37:51,074 | INFO    |   LR  AUC=0.939 AP=0.867 Brier=0.084
2026-08-26 22:37:51,825 | INFO    |   GAM AUC=0.943 AP=0.873 Brier=0.080
2026-08-26 22:38:32,806 | INFO    |   RF  AUC=0.950 AP=0.897 Brier=0.077
2026-08-26 22:38:32,807 | INFO    | === set_A | MC 34/100 | seed=133 ===
2026-08-26 22:38:34,838 | INFO    |   ausencias por año: {2010: 12, 2011: 39, 2012: 8, 2013: 19, 2014: 19, 2015: 20, 2016: 18, 2017: 34, 2018: 45, 2019: 32, 2020: 54, 2021: 95, 2022: 94, 2023: 96, 2024: 78, 2025: 95, 2026: 22}
2026-08-26 22:38:35,392 | INFO    |   LR  AUC=0.954 AP=0.872 Brier=0.077
2026-08-26 22:38:36,124 | INFO    |   GAM AUC=0.957 AP=0.878 Brier=0.072
2026-08-26 22:39:16,856 | INFO    |   RF  AUC=0.949 AP=0.882 Brier=0.075
2026-08-26 22:39:16,857 | INFO    | === set_A | MC 35/100 | seed=134 ===
2026-08-26 22:39:18,900 | INFO    |   ausencias por año: {2010: 11, 2011: 25, 2012: 11, 2013: 21, 2014: 19, 2015: 25, 2016: 16, 2017: 43, 2018: 53, 2019: 36, 2020: 39, 2021: 75, 2022: 102, 2023: 94, 2024: 98, 2025: 92, 2026: 20}
2026-08-26 22:39:19,501 | INFO    |   LR  AUC=0.935 AP=0.821 Brier=0.095
2026-08-26 22:39:20,298 | INFO    |   GAM AUC=0.937 AP=0.832 Brier=0.092
2026-08-26 22:40:01,596 | INFO    |   RF  AUC=0.948 AP=0.885 Brier=0.075
2026-08-26 22:40:01,596 | INFO    | === set_A | MC 36/100 | seed=135 ===
2026-08-26 22:40:04,026 | INFO    |   ausencias por año: {2010: 12, 2011: 35, 2012: 12, 2013: 11, 2014: 15, 2015: 12, 2016: 28, 2017: 38, 2018: 30, 2019: 44, 2020: 58, 2021: 69, 2022: 117, 2023: 75, 2024: 83, 2025: 119, 2026: 22}
2026-08-26 22:40:04,617 | INFO    |   LR  AUC=0.954 AP=0.887 Brier=0.080
2026-08-26 22:40:05,396 | INFO    |   GAM AUC=0.959 AP=0.898 Brier=0.076
2026-08-26 22:40:43,449 | INFO    |   RF  AUC=0.971 AP=0.936 Brier=0.064
2026-08-26 22:40:43,449 | INFO    | === set_A | MC 37/100 | seed=136 ===
2026-08-26 22:40:45,475 | INFO    |   ausencias por año: {2010: 12, 2011: 30, 2012: 18, 2013: 18, 2014: 20, 2015: 18, 2016: 21, 2017: 38, 2018: 38, 2019: 47, 2020: 50, 2021: 83, 2022: 110, 2023: 91, 2024: 63, 2025: 105, 2026: 18}
2026-08-26 22:40:46,036 | INFO    |   LR  AUC=0.949 AP=0.888 Brier=0.085
2026-08-26 22:40:46,766 | INFO    |   GAM AUC=0.952 AP=0.895 Brier=0.081
2026-08-26 22:41:28,134 | INFO    |   RF  AUC=0.945 AP=0.871 Brier=0.078
2026-08-26 22:41:28,135 | INFO    | === set_A | MC 38/100 | seed=137 ===
2026-08-26 22:41:30,176 | INFO    |   ausencias por año: {2010: 6, 2011: 36, 2012: 12, 2013: 31, 2014: 10, 2015: 16, 2016: 20, 2017: 33, 2018: 39, 2019: 50, 2020: 62, 2021: 71, 2022: 100, 2023: 91, 2024: 93, 2025: 92, 2026: 18}
2026-08-26 22:41:30,735 | INFO    |   LR  AUC=0.936 AP=0.877 Brier=0.095
2026-08-26 22:41:31,527 | INFO    |   GAM AUC=0.940 AP=0.886 Brier=0.090
2026-08-26 22:42:12,515 | INFO    |   RF  AUC=0.940 AP=0.906 Brier=0.084
2026-08-26 22:42:12,516 | INFO    | === set_A | MC 39/100 | seed=138 ===
2026-08-26 22:42:14,548 | INFO    |   ausencias por año: {2010: 11, 2011: 31, 2012: 9, 2013: 20, 2014: 18, 2015: 18, 2016: 26, 2017: 40, 2018: 50, 2019: 41, 2020: 48, 2021: 80, 2022: 115, 2023: 91, 2024: 61, 2025: 106, 2026: 15}
2026-08-26 22:42:15,101 | INFO    |   LR  AUC=0.947 AP=0.888 Brier=0.096
2026-08-26 22:42:15,886 | INFO    |   GAM AUC=0.948 AP=0.888 Brier=0.094
2026-08-26 22:42:57,668 | INFO    |   RF  AUC=0.951 AP=0.895 Brier=0.080
2026-08-26 22:42:57,668 | INFO    | === set_A | MC 40/100 | seed=139 ===
2026-08-26 22:42:59,700 | INFO    |   ausencias por año: {2010: 8, 2011: 32, 2012: 15, 2013: 19, 2014: 14, 2015: 15, 2016: 23, 2017: 31, 2018: 34, 2019: 40, 2020: 52, 2021: 102, 2022: 122, 2023: 70, 2024: 90, 2025: 100, 2026: 13}
2026-08-26 22:43:00,251 | INFO    |   LR  AUC=0.961 AP=0.929 Brier=0.068
2026-08-26 22:43:00,994 | INFO    |   GAM AUC=0.960 AP=0.926 Brier=0.068
2026-08-26 22:43:42,209 | INFO    |   RF  AUC=0.946 AP=0.901 Brier=0.075
2026-08-26 22:43:42,209 | INFO    | === set_A | MC 41/100 | seed=140 ===
2026-08-26 22:43:44,240 | INFO    |   ausencias por año: {2010: 10, 2011: 39, 2012: 17, 2013: 20, 2014: 18, 2015: 12, 2016: 21, 2017: 37, 2018: 47, 2019: 50, 2020: 40, 2021: 76, 2022: 100, 2023: 82, 2024: 88, 2025: 102, 2026: 21}
2026-08-26 22:43:44,792 | INFO    |   LR  AUC=0.931 AP=0.840 Brier=0.100
2026-08-26 22:43:45,522 | INFO    |   GAM AUC=0.933 AP=0.833 Brier=0.099
2026-08-26 22:44:26,788 | INFO    |   RF  AUC=0.934 AP=0.849 Brier=0.092
2026-08-26 22:44:26,788 | INFO    | === set_A | MC 42/100 | seed=141 ===
2026-08-26 22:44:28,867 | INFO    |   ausencias por año: {2010: 7, 2011: 23, 2012: 18, 2013: 23, 2014: 11, 2015: 23, 2016: 19, 2017: 37, 2018: 47, 2019: 51, 2020: 53, 2021: 57, 2022: 105, 2023: 93, 2024: 87, 2025: 103, 2026: 23}
2026-08-26 22:44:29,430 | INFO    |   LR  AUC=0.922 AP=0.823 Brier=0.111
2026-08-26 22:44:30,164 | INFO    |   GAM AUC=0.926 AP=0.835 Brier=0.106
2026-08-26 22:45:10,973 | INFO    |   RF  AUC=0.929 AP=0.830 Brier=0.095
2026-08-26 22:45:10,974 | INFO    | === set_A | MC 43/100 | seed=142 ===
2026-08-26 22:45:13,060 | INFO    |   ausencias por año: {2010: 10, 2011: 35, 2012: 10, 2013: 22, 2014: 20, 2015: 22, 2016: 27, 2017: 28, 2018: 40, 2019: 45, 2020: 68, 2021: 67, 2022: 106, 2023: 82, 2024: 80, 2025: 94, 2026: 24}
2026-08-26 22:45:13,617 | INFO    |   LR  AUC=0.947 AP=0.878 Brier=0.095
2026-08-26 22:45:14,354 | INFO    |   GAM AUC=0.952 AP=0.889 Brier=0.088
2026-08-26 22:45:54,363 | INFO    |   RF  AUC=0.948 AP=0.902 Brier=0.077
2026-08-26 22:45:54,364 | INFO    | === set_A | MC 44/100 | seed=143 ===
2026-08-26 22:45:56,447 | INFO    |   ausencias por año: {2010: 11, 2011: 36, 2012: 20, 2013: 21, 2014: 25, 2015: 22, 2016: 21, 2017: 35, 2018: 52, 2019: 33, 2020: 51, 2021: 76, 2022: 121, 2023: 83, 2024: 73, 2025: 88, 2026: 12}
2026-08-26 22:45:56,996 | INFO    |   LR  AUC=0.964 AP=0.922 Brier=0.074
2026-08-26 22:45:57,736 | INFO    |   GAM AUC=0.967 AP=0.925 Brier=0.071
2026-08-26 22:46:38,092 | INFO    |   RF  AUC=0.967 AP=0.930 Brier=0.065
2026-08-26 22:46:38,093 | INFO    | === set_A | MC 45/100 | seed=144 ===
2026-08-26 22:46:40,116 | INFO    |   ausencias por año: {2010: 9, 2011: 37, 2012: 19, 2013: 22, 2014: 14, 2015: 24, 2016: 16, 2017: 34, 2018: 50, 2019: 42, 2020: 44, 2021: 64, 2022: 115, 2023: 72, 2024: 91, 2025: 105, 2026: 22}
2026-08-26 22:46:40,678 | INFO    |   LR  AUC=0.941 AP=0.881 Brier=0.095
2026-08-26 22:46:41,467 | INFO    |   GAM AUC=0.945 AP=0.887 Brier=0.092
2026-08-26 22:47:22,660 | INFO    |   RF  AUC=0.945 AP=0.893 Brier=0.083
2026-08-26 22:47:22,660 | INFO    | === set_A | MC 46/100 | seed=145 ===
2026-08-26 22:47:24,674 | INFO    |   ausencias por año: {2010: 11, 2011: 29, 2012: 15, 2013: 22, 2014: 19, 2015: 19, 2016: 27, 2017: 41, 2018: 39, 2019: 45, 2020: 63, 2021: 73, 2022: 96, 2023: 89, 2024: 77, 2025: 99, 2026: 16}
2026-08-26 22:47:25,216 | INFO    |   LR  AUC=0.943 AP=0.863 Brier=0.099
2026-08-26 22:47:25,976 | INFO    |   GAM AUC=0.946 AP=0.869 Brier=0.095
2026-08-26 22:48:06,694 | INFO    |   RF  AUC=0.955 AP=0.888 Brier=0.071
2026-08-26 22:48:06,695 | INFO    | === set_A | MC 47/100 | seed=146 ===
2026-08-26 22:48:08,735 | INFO    |   ausencias por año: {2010: 11, 2011: 34, 2012: 16, 2013: 21, 2014: 15, 2015: 16, 2016: 23, 2017: 32, 2018: 52, 2019: 44, 2020: 56, 2021: 77, 2022: 103, 2023: 80, 2024: 93, 2025: 93, 2026: 14}
2026-08-26 22:48:09,326 | INFO    |   LR  AUC=0.932 AP=0.852 Brier=0.102
2026-08-26 22:48:10,046 | INFO    |   GAM AUC=0.932 AP=0.850 Brier=0.101
2026-08-26 22:48:52,126 | INFO    |   RF  AUC=0.933 AP=0.834 Brier=0.094
2026-08-26 22:48:52,127 | INFO    | === set_A | MC 48/100 | seed=147 ===
2026-08-26 22:48:54,164 | INFO    |   ausencias por año: {2010: 5, 2011: 35, 2012: 11, 2013: 25, 2014: 15, 2015: 16, 2016: 26, 2017: 38, 2018: 44, 2019: 46, 2020: 46, 2021: 80, 2022: 103, 2023: 82, 2024: 88, 2025: 99, 2026: 21}
2026-08-26 22:48:54,722 | INFO    |   LR  AUC=0.954 AP=0.894 Brier=0.084
2026-08-26 22:48:55,483 | INFO    |   GAM AUC=0.956 AP=0.896 Brier=0.080
2026-08-26 22:49:36,537 | INFO    |   RF  AUC=0.940 AP=0.853 Brier=0.088
2026-08-26 22:49:36,538 | INFO    | === set_A | MC 49/100 | seed=148 ===
2026-08-26 22:49:38,579 | INFO    |   ausencias por año: {2010: 6, 2011: 32, 2012: 14, 2013: 15, 2014: 15, 2015: 15, 2016: 17, 2017: 38, 2018: 42, 2019: 46, 2020: 69, 2021: 75, 2022: 101, 2023: 98, 2024: 81, 2025: 101, 2026: 15}
2026-08-26 22:49:39,138 | INFO    |   LR  AUC=0.935 AP=0.857 Brier=0.099
2026-08-26 22:49:39,909 | INFO    |   GAM AUC=0.939 AP=0.861 Brier=0.096
2026-08-26 22:50:17,132 | INFO    |   RF  AUC=0.930 AP=0.858 Brier=0.097
2026-08-26 22:50:17,132 | INFO    | === set_A | MC 50/100 | seed=149 ===
2026-08-26 22:50:19,299 | INFO    |   ausencias por año: {2010: 7, 2011: 36, 2012: 14, 2013: 29, 2014: 17, 2015: 22, 2016: 15, 2017: 33, 2018: 33, 2019: 39, 2020: 47, 2021: 72, 2022: 126, 2023: 92, 2024: 81, 2025: 102, 2026: 15}
2026-08-26 22:50:19,859 | INFO    |   LR  AUC=0.948 AP=0.891 Brier=0.083
2026-08-26 22:50:20,655 | INFO    |   GAM AUC=0.952 AP=0.895 Brier=0.079
2026-08-26 22:51:00,398 | INFO    |   RF  AUC=0.958 AP=0.899 Brier=0.073
2026-08-26 22:51:00,399 | INFO    | === set_A | MC 51/100 | seed=150 ===
2026-08-26 22:51:02,565 | INFO    |   ausencias por año: {2010: 7, 2011: 38, 2012: 12, 2013: 17, 2014: 14, 2015: 19, 2016: 30, 2017: 41, 2018: 42, 2019: 29, 2020: 61, 2021: 71, 2022: 111, 2023: 83, 2024: 76, 2025: 107, 2026: 22}
2026-08-26 22:51:03,126 | INFO    |   LR  AUC=0.941 AP=0.849 Brier=0.092
2026-08-26 22:51:03,931 | INFO    |   GAM AUC=0.944 AP=0.853 Brier=0.088
2026-08-26 22:51:44,658 | INFO    |   RF  AUC=0.931 AP=0.810 Brier=0.091
2026-08-26 22:51:44,659 | INFO    | === set_A | MC 52/100 | seed=151 ===
2026-08-26 22:51:46,689 | INFO    |   ausencias por año: {2010: 17, 2011: 41, 2012: 20, 2013: 24, 2014: 13, 2015: 11, 2016: 14, 2017: 44, 2018: 40, 2019: 47, 2020: 53, 2021: 67, 2022: 109, 2023: 71, 2024: 78, 2025: 111, 2026: 20}
2026-08-26 22:51:47,240 | INFO    |   LR  AUC=0.945 AP=0.885 Brier=0.086
2026-08-26 22:51:47,985 | INFO    |   GAM AUC=0.950 AP=0.891 Brier=0.081
2026-08-26 22:52:28,723 | INFO    |   RF  AUC=0.941 AP=0.851 Brier=0.074
2026-08-26 22:52:28,724 | INFO    | === set_A | MC 53/100 | seed=152 ===
2026-08-26 22:52:30,753 | INFO    |   ausencias por año: {2010: 7, 2011: 22, 2012: 17, 2013: 17, 2014: 15, 2015: 14, 2016: 28, 2017: 38, 2018: 37, 2019: 42, 2020: 55, 2021: 78, 2022: 119, 2023: 84, 2024: 91, 2025: 97, 2026: 19}
2026-08-26 22:52:31,299 | INFO    |   LR  AUC=0.930 AP=0.862 Brier=0.098
2026-08-26 22:52:32,104 | INFO    |   GAM AUC=0.934 AP=0.866 Brier=0.095
2026-08-26 22:53:13,107 | INFO    |   RF  AUC=0.923 AP=0.877 Brier=0.091
2026-08-26 22:53:13,108 | INFO    | === set_A | MC 54/100 | seed=153 ===
2026-08-26 22:53:15,114 | INFO    |   ausencias por año: {2010: 7, 2011: 26, 2012: 15, 2013: 22, 2014: 16, 2015: 18, 2016: 27, 2017: 35, 2018: 47, 2019: 36, 2020: 43, 2021: 85, 2022: 95, 2023: 82, 2024: 81, 2025: 121, 2026: 24}
2026-08-26 22:53:15,655 | INFO    |   LR  AUC=0.935 AP=0.851 Brier=0.100
2026-08-26 22:53:16,387 | INFO    |   GAM AUC=0.938 AP=0.853 Brier=0.097
2026-08-26 22:53:57,747 | INFO    |   RF  AUC=0.941 AP=0.863 Brier=0.083
2026-08-26 22:53:57,748 | INFO    | === set_A | MC 55/100 | seed=154 ===
2026-08-26 22:53:59,770 | INFO    |   ausencias por año: {2010: 13, 2011: 28, 2012: 6, 2013: 14, 2014: 15, 2015: 18, 2016: 21, 2017: 44, 2018: 41, 2019: 33, 2020: 48, 2021: 91, 2022: 106, 2023: 103, 2024: 85, 2025: 96, 2026: 18}
2026-08-26 22:54:00,314 | INFO    |   LR  AUC=0.949 AP=0.900 Brier=0.089
2026-08-26 22:54:01,050 | INFO    |   GAM AUC=0.951 AP=0.901 Brier=0.087
2026-08-26 22:54:42,138 | INFO    |   RF  AUC=0.950 AP=0.907 Brier=0.082
2026-08-26 22:54:42,138 | INFO    | === set_A | MC 56/100 | seed=155 ===
2026-08-26 22:54:44,176 | INFO    |   ausencias por año: {2010: 5, 2011: 35, 2012: 19, 2013: 19, 2014: 18, 2015: 24, 2016: 28, 2017: 38, 2018: 37, 2019: 42, 2020: 49, 2021: 85, 2022: 98, 2023: 73, 2024: 82, 2025: 106, 2026: 22}
2026-08-26 22:54:44,739 | INFO    |   LR  AUC=0.936 AP=0.884 Brier=0.091
2026-08-26 22:54:45,538 | INFO    |   GAM AUC=0.940 AP=0.889 Brier=0.089
2026-08-26 22:55:25,930 | INFO    |   RF  AUC=0.945 AP=0.856 Brier=0.075
2026-08-26 22:55:25,930 | INFO    | === set_A | MC 57/100 | seed=156 ===
2026-08-26 22:55:27,989 | INFO    |   ausencias por año: {2010: 6, 2011: 25, 2012: 16, 2013: 26, 2014: 9, 2015: 26, 2016: 24, 2017: 44, 2018: 46, 2019: 45, 2020: 52, 2021: 76, 2022: 110, 2023: 95, 2024: 66, 2025: 99, 2026: 15}
2026-08-26 22:55:28,562 | INFO    |   LR  AUC=0.931 AP=0.871 Brier=0.101
2026-08-26 22:55:29,364 | INFO    |   GAM AUC=0.936 AP=0.882 Brier=0.098
2026-08-26 22:56:09,244 | INFO    |   RF  AUC=0.949 AP=0.900 Brier=0.086
2026-08-26 22:56:09,245 | INFO    | === set_A | MC 58/100 | seed=157 ===
2026-08-26 22:56:11,354 | INFO    |   ausencias por año: {2010: 10, 2011: 36, 2012: 17, 2013: 20, 2014: 12, 2015: 15, 2016: 23, 2017: 36, 2018: 36, 2019: 37, 2020: 63, 2021: 75, 2022: 107, 2023: 91, 2024: 96, 2025: 93, 2026: 13}
2026-08-26 22:56:11,933 | INFO    |   LR  AUC=0.945 AP=0.896 Brier=0.091
2026-08-26 22:56:12,692 | INFO    |   GAM AUC=0.947 AP=0.897 Brier=0.089
2026-08-26 22:56:53,903 | INFO    |   RF  AUC=0.953 AP=0.904 Brier=0.073
2026-08-26 22:56:53,903 | INFO    | === set_A | MC 59/100 | seed=158 ===
2026-08-26 22:56:55,972 | INFO    |   ausencias por año: {2010: 5, 2011: 28, 2012: 13, 2013: 19, 2014: 11, 2015: 16, 2016: 29, 2017: 37, 2018: 41, 2019: 43, 2020: 60, 2021: 82, 2022: 111, 2023: 82, 2024: 77, 2025: 103, 2026: 23}
2026-08-26 22:56:56,526 | INFO    |   LR  AUC=0.956 AP=0.896 Brier=0.080
2026-08-26 22:56:57,307 | INFO    |   GAM AUC=0.955 AP=0.893 Brier=0.079
2026-08-26 22:57:38,302 | INFO    |   RF  AUC=0.967 AP=0.927 Brier=0.065
2026-08-26 22:57:38,302 | INFO    | === set_A | MC 60/100 | seed=159 ===
2026-08-26 22:57:40,357 | INFO    |   ausencias por año: {2010: 4, 2011: 35, 2012: 12, 2013: 13, 2014: 16, 2015: 14, 2016: 26, 2017: 41, 2018: 48, 2019: 42, 2020: 61, 2021: 90, 2022: 95, 2023: 92, 2024: 87, 2025: 85, 2026: 19}
2026-08-26 22:57:40,914 | INFO    |   LR  AUC=0.958 AP=0.925 Brier=0.080
2026-08-26 22:57:41,637 | INFO    |   GAM AUC=0.960 AP=0.927 Brier=0.078
2026-08-26 22:58:22,320 | INFO    |   RF  AUC=0.959 AP=0.915 Brier=0.072
2026-08-26 22:58:22,320 | INFO    | === set_A | MC 61/100 | seed=160 ===
2026-08-26 22:58:24,341 | INFO    |   ausencias por año: {2010: 12, 2011: 34, 2012: 10, 2013: 17, 2014: 18, 2015: 16, 2016: 22, 2017: 30, 2018: 46, 2019: 40, 2020: 51, 2021: 82, 2022: 113, 2023: 75, 2024: 85, 2025: 96, 2026: 33}
2026-08-26 22:58:24,896 | INFO    |   LR  AUC=0.963 AP=0.914 Brier=0.082
2026-08-26 22:58:25,701 | INFO    |   GAM AUC=0.965 AP=0.918 Brier=0.079
2026-08-26 22:59:07,270 | INFO    |   RF  AUC=0.968 AP=0.933 Brier=0.065
2026-08-26 22:59:07,271 | INFO    | === set_A | MC 62/100 | seed=161 ===
2026-08-26 22:59:09,318 | INFO    |   ausencias por año: {2010: 8, 2011: 34, 2012: 15, 2013: 18, 2014: 15, 2015: 22, 2016: 24, 2017: 27, 2018: 45, 2019: 30, 2020: 62, 2021: 91, 2022: 103, 2023: 86, 2024: 78, 2025: 106, 2026: 16}
2026-08-26 22:59:09,881 | INFO    |   LR  AUC=0.914 AP=0.804 Brier=0.112
2026-08-26 22:59:10,644 | INFO    |   GAM AUC=0.920 AP=0.808 Brier=0.106
2026-08-26 22:59:52,136 | INFO    |   RF  AUC=0.911 AP=0.792 Brier=0.105
2026-08-26 22:59:52,137 | INFO    | === set_A | MC 63/100 | seed=162 ===
2026-08-26 22:59:54,159 | INFO    |   ausencias por año: {2010: 11, 2011: 31, 2012: 10, 2013: 12, 2014: 11, 2015: 21, 2016: 29, 2017: 38, 2018: 49, 2019: 37, 2020: 48, 2021: 74, 2022: 107, 2023: 98, 2024: 83, 2025: 102, 2026: 19}
2026-08-26 22:59:54,715 | INFO    |   LR  AUC=0.947 AP=0.898 Brier=0.081
2026-08-26 22:59:55,520 | INFO    |   GAM AUC=0.946 AP=0.893 Brier=0.081
2026-08-26 23:00:30,881 | INFO    |   RF  AUC=0.951 AP=0.908 Brier=0.076
2026-08-26 23:00:30,881 | INFO    | === set_A | MC 64/100 | seed=163 ===
2026-08-26 23:00:32,965 | INFO    |   ausencias por año: {2010: 9, 2011: 33, 2012: 12, 2013: 21, 2014: 13, 2015: 10, 2016: 24, 2017: 38, 2018: 47, 2019: 35, 2020: 55, 2021: 80, 2022: 110, 2023: 81, 2024: 87, 2025: 105, 2026: 20}
2026-08-26 23:00:33,582 | INFO    |   LR  AUC=0.919 AP=0.818 Brier=0.115
2026-08-26 23:00:34,322 | INFO    |   GAM AUC=0.922 AP=0.819 Brier=0.110
2026-08-26 23:01:13,868 | INFO    |   RF  AUC=0.924 AP=0.824 Brier=0.095
2026-08-26 23:01:13,869 | INFO    | === set_A | MC 65/100 | seed=164 ===
2026-08-26 23:01:15,948 | INFO    |   ausencias por año: {2010: 13, 2011: 32, 2012: 16, 2013: 22, 2014: 15, 2015: 19, 2016: 20, 2017: 32, 2018: 47, 2019: 44, 2020: 56, 2021: 86, 2022: 95, 2023: 75, 2024: 83, 2025: 108, 2026: 17}
2026-08-26 23:01:16,513 | INFO    |   LR  AUC=0.962 AP=0.910 Brier=0.075
2026-08-26 23:01:17,259 | INFO    |   GAM AUC=0.966 AP=0.917 Brier=0.070
2026-08-26 23:01:58,772 | INFO    |   RF  AUC=0.961 AP=0.932 Brier=0.062
2026-08-26 23:01:58,772 | INFO    | === set_A | MC 66/100 | seed=165 ===
2026-08-26 23:02:00,818 | INFO    |   ausencias por año: {2010: 11, 2011: 26, 2012: 9, 2013: 24, 2014: 15, 2015: 20, 2016: 23, 2017: 26, 2018: 40, 2019: 47, 2020: 54, 2021: 85, 2022: 112, 2023: 79, 2024: 85, 2025: 107, 2026: 17}
2026-08-26 23:02:01,424 | INFO    |   LR  AUC=0.960 AP=0.929 Brier=0.078
2026-08-26 23:02:02,220 | INFO    |   GAM AUC=0.965 AP=0.937 Brier=0.072
2026-08-26 23:02:43,228 | INFO    |   RF  AUC=0.960 AP=0.930 Brier=0.067
2026-08-26 23:02:43,229 | INFO    | === set_A | MC 67/100 | seed=166 ===
2026-08-26 23:02:45,283 | INFO    |   ausencias por año: {2010: 7, 2011: 34, 2012: 23, 2013: 19, 2014: 21, 2015: 19, 2016: 19, 2017: 37, 2018: 43, 2019: 48, 2020: 61, 2021: 74, 2022: 107, 2023: 76, 2024: 68, 2025: 105, 2026: 19}
2026-08-26 23:02:45,856 | INFO    |   LR  AUC=0.943 AP=0.876 Brier=0.092
2026-08-26 23:02:46,589 | INFO    |   GAM AUC=0.945 AP=0.878 Brier=0.089
2026-08-26 23:03:27,638 | INFO    |   RF  AUC=0.952 AP=0.885 Brier=0.077
2026-08-26 23:03:27,639 | INFO    | === set_A | MC 68/100 | seed=167 ===
2026-08-26 23:03:29,680 | INFO    |   ausencias por año: {2010: 10, 2011: 34, 2012: 9, 2013: 15, 2014: 18, 2015: 20, 2016: 25, 2017: 26, 2018: 37, 2019: 43, 2020: 55, 2021: 71, 2022: 108, 2023: 87, 2024: 93, 2025: 110, 2026: 19}
2026-08-26 23:03:30,237 | INFO    |   LR  AUC=0.925 AP=0.827 Brier=0.114
2026-08-26 23:03:30,978 | INFO    |   GAM AUC=0.930 AP=0.840 Brier=0.110
2026-08-26 23:04:12,068 | INFO    |   RF  AUC=0.925 AP=0.851 Brier=0.098
2026-08-26 23:04:12,070 | INFO    | === set_A | MC 69/100 | seed=168 ===
2026-08-26 23:04:14,119 | INFO    |   ausencias por año: {2010: 3, 2011: 26, 2012: 24, 2013: 21, 2014: 11, 2015: 20, 2016: 19, 2017: 43, 2018: 32, 2019: 40, 2020: 65, 2021: 79, 2022: 117, 2023: 91, 2024: 73, 2025: 102, 2026: 14}
2026-08-26 23:04:14,677 | INFO    |   LR  AUC=0.945 AP=0.888 Brier=0.094
2026-08-26 23:04:15,406 | INFO    |   GAM AUC=0.950 AP=0.897 Brier=0.089
2026-08-26 23:04:57,337 | INFO    |   RF  AUC=0.948 AP=0.842 Brier=0.078
2026-08-26 23:04:57,338 | INFO    | === set_A | MC 70/100 | seed=169 ===
2026-08-26 23:04:59,378 | INFO    |   ausencias por año: {2010: 12, 2011: 22, 2012: 12, 2013: 20, 2014: 13, 2015: 26, 2016: 18, 2017: 26, 2018: 49, 2019: 45, 2020: 52, 2021: 83, 2022: 100, 2023: 79, 2024: 94, 2025: 107, 2026: 22}
2026-08-26 23:04:59,937 | INFO    |   LR  AUC=0.934 AP=0.861 Brier=0.097
2026-08-26 23:05:00,659 | INFO    |   GAM AUC=0.940 AP=0.871 Brier=0.093
2026-08-26 23:05:40,628 | INFO    |   RF  AUC=0.951 AP=0.894 Brier=0.078
2026-08-26 23:05:40,628 | INFO    | === set_A | MC 71/100 | seed=170 ===
2026-08-26 23:05:42,652 | INFO    |   ausencias por año: {2010: 12, 2011: 30, 2012: 15, 2013: 21, 2014: 13, 2015: 19, 2016: 19, 2017: 39, 2018: 36, 2019: 57, 2020: 56, 2021: 84, 2022: 100, 2023: 91, 2024: 62, 2025: 110, 2026: 16}
2026-08-26 23:05:43,214 | INFO    |   LR  AUC=0.919 AP=0.821 Brier=0.113
2026-08-26 23:05:43,946 | INFO    |   GAM AUC=0.921 AP=0.823 Brier=0.111
2026-08-26 23:06:23,482 | INFO    |   RF  AUC=0.932 AP=0.843 Brier=0.100
2026-08-26 23:06:23,483 | INFO    | === set_A | MC 72/100 | seed=171 ===
2026-08-26 23:06:25,553 | INFO    |   ausencias por año: {2010: 15, 2011: 38, 2012: 14, 2013: 20, 2014: 17, 2015: 22, 2016: 20, 2017: 33, 2018: 51, 2019: 59, 2020: 37, 2021: 82, 2022: 103, 2023: 79, 2024: 87, 2025: 84, 2026: 19}
2026-08-26 23:06:26,130 | INFO    |   LR  AUC=0.941 AP=0.869 Brier=0.100
2026-08-26 23:06:26,859 | INFO    |   GAM AUC=0.943 AP=0.871 Brier=0.097
2026-08-26 23:07:07,632 | INFO    |   RF  AUC=0.947 AP=0.864 Brier=0.079
2026-08-26 23:07:07,632 | INFO    | === set_A | MC 73/100 | seed=172 ===
2026-08-26 23:07:09,686 | INFO    |   ausencias por año: {2010: 12, 2011: 26, 2012: 12, 2013: 31, 2014: 13, 2015: 25, 2016: 21, 2017: 40, 2018: 42, 2019: 40, 2020: 46, 2021: 79, 2022: 97, 2023: 87, 2024: 77, 2025: 111, 2026: 21}
2026-08-26 23:07:10,251 | INFO    |   LR  AUC=0.930 AP=0.870 Brier=0.103
2026-08-26 23:07:11,031 | INFO    |   GAM AUC=0.936 AP=0.879 Brier=0.097
2026-08-26 23:07:52,450 | INFO    |   RF  AUC=0.949 AP=0.891 Brier=0.082
2026-08-26 23:07:52,450 | INFO    | === set_A | MC 74/100 | seed=173 ===
2026-08-26 23:07:54,488 | INFO    |   ausencias por año: {2010: 8, 2011: 33, 2012: 9, 2013: 20, 2014: 9, 2015: 20, 2016: 23, 2017: 41, 2018: 36, 2019: 34, 2020: 58, 2021: 90, 2022: 108, 2023: 83, 2024: 101, 2025: 80, 2026: 27}
2026-08-26 23:07:55,045 | INFO    |   LR  AUC=0.949 AP=0.856 Brier=0.087
2026-08-26 23:07:55,784 | INFO    |   GAM AUC=0.948 AP=0.851 Brier=0.087
2026-08-26 23:08:37,027 | INFO    |   RF  AUC=0.945 AP=0.866 Brier=0.080
2026-08-26 23:08:37,027 | INFO    | === set_A | MC 75/100 | seed=174 ===
2026-08-26 23:08:39,065 | INFO    |   ausencias por año: {2010: 9, 2011: 38, 2012: 15, 2013: 14, 2014: 16, 2015: 25, 2016: 25, 2017: 41, 2018: 38, 2019: 37, 2020: 58, 2021: 83, 2022: 98, 2023: 79, 2024: 89, 2025: 93, 2026: 22}
2026-08-26 23:08:39,623 | INFO    |   LR  AUC=0.929 AP=0.834 Brier=0.098
2026-08-26 23:08:40,391 | INFO    |   GAM AUC=0.936 AP=0.848 Brier=0.093
2026-08-26 23:09:21,068 | INFO    |   RF  AUC=0.943 AP=0.850 Brier=0.072
2026-08-26 23:09:21,068 | INFO    | === set_A | MC 76/100 | seed=175 ===
2026-08-26 23:09:23,154 | INFO    |   ausencias por año: {2010: 6, 2011: 33, 2012: 17, 2013: 15, 2014: 19, 2015: 13, 2016: 26, 2017: 37, 2018: 42, 2019: 51, 2020: 56, 2021: 65, 2022: 108, 2023: 97, 2024: 87, 2025: 86, 2026: 22}
2026-08-26 23:09:23,707 | INFO    |   LR  AUC=0.923 AP=0.865 Brier=0.106
2026-08-26 23:09:24,445 | INFO    |   GAM AUC=0.929 AP=0.880 Brier=0.101
2026-08-26 23:10:04,586 | INFO    |   RF  AUC=0.939 AP=0.900 Brier=0.084
2026-08-26 23:10:04,586 | INFO    | === set_A | MC 77/100 | seed=176 ===
2026-08-26 23:10:06,723 | INFO    |   ausencias por año: {2010: 12, 2011: 33, 2012: 14, 2013: 16, 2014: 13, 2015: 28, 2016: 20, 2017: 37, 2018: 39, 2019: 35, 2020: 49, 2021: 88, 2022: 96, 2023: 85, 2024: 83, 2025: 112, 2026: 20}
2026-08-26 23:10:07,378 | INFO    |   LR  AUC=0.941 AP=0.827 Brier=0.093
2026-08-26 23:10:08,218 | INFO    |   GAM AUC=0.942 AP=0.828 Brier=0.091
2026-08-26 23:10:46,070 | INFO    |   RF  AUC=0.956 AP=0.891 Brier=0.076
2026-08-26 23:10:46,071 | INFO    | === set_A | MC 78/100 | seed=177 ===
2026-08-26 23:10:48,128 | INFO    |   ausencias por año: {2010: 10, 2011: 37, 2012: 16, 2013: 23, 2014: 20, 2015: 18, 2016: 18, 2017: 46, 2018: 42, 2019: 33, 2020: 45, 2021: 75, 2022: 119, 2023: 85, 2024: 88, 2025: 91, 2026: 14}
2026-08-26 23:10:48,704 | INFO    |   LR  AUC=0.945 AP=0.872 Brier=0.092
2026-08-26 23:10:49,447 | INFO    |   GAM AUC=0.952 AP=0.885 Brier=0.086
2026-08-26 23:11:29,386 | INFO    |   RF  AUC=0.955 AP=0.911 Brier=0.078
2026-08-26 23:11:29,387 | INFO    | === set_A | MC 79/100 | seed=178 ===
2026-08-26 23:11:31,486 | INFO    |   ausencias por año: {2010: 3, 2011: 29, 2012: 13, 2013: 9, 2014: 14, 2015: 19, 2016: 29, 2017: 47, 2018: 47, 2019: 48, 2020: 57, 2021: 80, 2022: 99, 2023: 76, 2024: 88, 2025: 105, 2026: 17}
2026-08-26 23:11:32,064 | INFO    |   LR  AUC=0.943 AP=0.863 Brier=0.093
2026-08-26 23:11:32,809 | INFO    |   GAM AUC=0.947 AP=0.873 Brier=0.088
2026-08-26 23:12:13,763 | INFO    |   RF  AUC=0.935 AP=0.876 Brier=0.081
2026-08-26 23:12:13,763 | INFO    | === set_A | MC 80/100 | seed=179 ===
2026-08-26 23:12:15,806 | INFO    |   ausencias por año: {2010: 10, 2011: 31, 2012: 15, 2013: 15, 2014: 15, 2015: 17, 2016: 22, 2017: 38, 2018: 51, 2019: 47, 2020: 46, 2021: 89, 2022: 101, 2023: 79, 2024: 80, 2025: 112, 2026: 12}
2026-08-26 23:12:16,367 | INFO    |   LR  AUC=0.964 AP=0.920 Brier=0.074
2026-08-26 23:12:17,101 | INFO    |   GAM AUC=0.967 AP=0.924 Brier=0.070
2026-08-26 23:12:58,175 | INFO    |   RF  AUC=0.974 AP=0.934 Brier=0.060
2026-08-26 23:12:58,175 | INFO    | === set_A | MC 81/100 | seed=180 ===
2026-08-26 23:13:00,243 | INFO    |   ausencias por año: {2010: 7, 2011: 29, 2012: 24, 2013: 18, 2014: 12, 2015: 24, 2016: 19, 2017: 38, 2018: 45, 2019: 38, 2020: 55, 2021: 72, 2022: 117, 2023: 89, 2024: 82, 2025: 101, 2026: 10}
2026-08-26 23:13:00,809 | INFO    |   LR  AUC=0.966 AP=0.931 Brier=0.068
2026-08-26 23:13:01,600 | INFO    |   GAM AUC=0.967 AP=0.930 Brier=0.067
2026-08-26 23:13:41,623 | INFO    |   RF  AUC=0.960 AP=0.897 Brier=0.062
2026-08-26 23:13:41,623 | INFO    | === set_A | MC 82/100 | seed=181 ===
2026-08-26 23:13:43,686 | INFO    |   ausencias por año: {2010: 7, 2011: 32, 2012: 15, 2013: 20, 2014: 9, 2015: 18, 2016: 23, 2017: 30, 2018: 47, 2019: 43, 2020: 54, 2021: 75, 2022: 109, 2023: 69, 2024: 89, 2025: 116, 2026: 24}
2026-08-26 23:13:44,248 | INFO    |   LR  AUC=0.943 AP=0.863 Brier=0.093
2026-08-26 23:13:44,979 | INFO    |   GAM AUC=0.946 AP=0.871 Brier=0.089
2026-08-26 23:14:24,035 | INFO    |   RF  AUC=0.952 AP=0.876 Brier=0.082
2026-08-26 23:14:24,035 | INFO    | === set_A | MC 83/100 | seed=182 ===
2026-08-26 23:14:26,152 | INFO    |   ausencias por año: {2010: 10, 2011: 28, 2012: 14, 2013: 17, 2014: 18, 2015: 19, 2016: 24, 2017: 31, 2018: 44, 2019: 40, 2020: 51, 2021: 80, 2022: 108, 2023: 85, 2024: 80, 2025: 113, 2026: 18}
2026-08-26 23:14:26,722 | INFO    |   LR  AUC=0.958 AP=0.900 Brier=0.079
2026-08-26 23:14:27,524 | INFO    |   GAM AUC=0.959 AP=0.904 Brier=0.079
2026-08-26 23:15:06,245 | INFO    |   RF  AUC=0.958 AP=0.915 Brier=0.075
2026-08-26 23:15:06,245 | INFO    | === set_A | MC 84/100 | seed=183 ===
2026-08-26 23:15:08,382 | INFO    |   ausencias por año: {2010: 9, 2011: 39, 2012: 13, 2013: 17, 2014: 14, 2015: 17, 2016: 23, 2017: 36, 2018: 37, 2019: 44, 2020: 46, 2021: 91, 2022: 87, 2023: 95, 2024: 86, 2025: 103, 2026: 23}
2026-08-26 23:15:08,949 | INFO    |   LR  AUC=0.939 AP=0.877 Brier=0.097
2026-08-26 23:15:09,740 | INFO    |   GAM AUC=0.944 AP=0.889 Brier=0.092
2026-08-26 23:15:49,161 | INFO    |   RF  AUC=0.946 AP=0.907 Brier=0.080
2026-08-26 23:15:49,162 | INFO    | === set_A | MC 85/100 | seed=184 ===
2026-08-26 23:15:51,250 | INFO    |   ausencias por año: {2010: 6, 2011: 27, 2012: 17, 2013: 16, 2014: 14, 2015: 22, 2016: 26, 2017: 43, 2018: 48, 2019: 36, 2020: 62, 2021: 81, 2022: 100, 2023: 86, 2024: 80, 2025: 102, 2026: 14}
2026-08-26 23:15:51,822 | INFO    |   LR  AUC=0.967 AP=0.930 Brier=0.075
2026-08-26 23:15:52,573 | INFO    |   GAM AUC=0.970 AP=0.933 Brier=0.072
2026-08-26 23:16:32,663 | INFO    |   RF  AUC=0.965 AP=0.921 Brier=0.069
2026-08-26 23:16:32,664 | INFO    | === set_A | MC 86/100 | seed=185 ===
2026-08-26 23:16:34,705 | INFO    |   ausencias por año: {2010: 9, 2011: 37, 2012: 15, 2013: 27, 2014: 14, 2015: 16, 2016: 24, 2017: 31, 2018: 34, 2019: 38, 2020: 42, 2021: 82, 2022: 99, 2023: 104, 2024: 81, 2025: 113, 2026: 14}
2026-08-26 23:16:35,273 | INFO    |   LR  AUC=0.946 AP=0.892 Brier=0.084
2026-08-26 23:16:36,004 | INFO    |   GAM AUC=0.950 AP=0.900 Brier=0.080
2026-08-26 23:17:17,202 | INFO    |   RF  AUC=0.952 AP=0.912 Brier=0.070
2026-08-26 23:17:17,202 | INFO    | === set_A | MC 87/100 | seed=186 ===
2026-08-26 23:17:19,234 | INFO    |   ausencias por año: {2010: 7, 2011: 29, 2012: 17, 2013: 26, 2014: 12, 2015: 19, 2016: 19, 2017: 35, 2018: 36, 2019: 37, 2020: 46, 2021: 94, 2022: 101, 2023: 81, 2024: 84, 2025: 115, 2026: 22}
2026-08-26 23:17:19,795 | INFO    |   LR  AUC=0.969 AP=0.928 Brier=0.075
2026-08-26 23:17:20,554 | INFO    |   GAM AUC=0.972 AP=0.931 Brier=0.070
2026-08-26 23:18:02,525 | INFO    |   RF  AUC=0.979 AP=0.952 Brier=0.053
2026-08-26 23:18:02,526 | INFO    | === set_A | MC 88/100 | seed=187 ===
2026-08-26 23:18:04,607 | INFO    |   ausencias por año: {2010: 8, 2011: 35, 2012: 12, 2013: 21, 2014: 15, 2015: 26, 2016: 15, 2017: 47, 2018: 34, 2019: 39, 2020: 52, 2021: 81, 2022: 96, 2023: 84, 2024: 79, 2025: 117, 2026: 19}
2026-08-26 23:18:05,171 | INFO    |   LR  AUC=0.952 AP=0.881 Brier=0.076
2026-08-26 23:18:05,902 | INFO    |   GAM AUC=0.958 AP=0.894 Brier=0.071
2026-08-26 23:18:47,259 | INFO    |   RF  AUC=0.961 AP=0.916 Brier=0.065
2026-08-26 23:18:47,260 | INFO    | === set_A | MC 89/100 | seed=188 ===
2026-08-26 23:18:49,296 | INFO    |   ausencias por año: {2010: 12, 2011: 48, 2012: 5, 2013: 19, 2014: 16, 2015: 11, 2016: 22, 2017: 39, 2018: 35, 2019: 38, 2020: 52, 2021: 81, 2022: 119, 2023: 71, 2024: 83, 2025: 107, 2026: 22}
2026-08-26 23:18:49,857 | INFO    |   LR  AUC=0.905 AP=0.782 Brier=0.122
2026-08-26 23:18:50,588 | INFO    |   GAM AUC=0.908 AP=0.780 Brier=0.122
2026-08-26 23:19:31,574 | INFO    |   RF  AUC=0.901 AP=0.784 Brier=0.128
2026-08-26 23:19:31,575 | INFO    | === set_A | MC 90/100 | seed=189 ===
2026-08-26 23:19:33,639 | INFO    |   ausencias por año: {2010: 5, 2011: 24, 2012: 19, 2013: 17, 2014: 16, 2015: 16, 2016: 17, 2017: 45, 2018: 46, 2019: 47, 2020: 62, 2021: 86, 2022: 108, 2023: 78, 2024: 72, 2025: 109, 2026: 13}
2026-08-26 23:19:34,209 | INFO    |   LR  AUC=0.963 AP=0.909 Brier=0.069
2026-08-26 23:19:34,949 | INFO    |   GAM AUC=0.965 AP=0.914 Brier=0.065
2026-08-26 23:20:12,431 | INFO    |   RF  AUC=0.959 AP=0.906 Brier=0.065
2026-08-26 23:20:12,432 | INFO    | === set_A | MC 91/100 | seed=190 ===
2026-08-26 23:20:14,757 | INFO    |   ausencias por año: {2010: 13, 2011: 29, 2012: 13, 2013: 13, 2014: 16, 2015: 12, 2016: 22, 2017: 38, 2018: 49, 2019: 37, 2020: 47, 2021: 75, 2022: 98, 2023: 82, 2024: 92, 2025: 117, 2026: 27}
2026-08-26 23:20:15,367 | INFO    |   LR  AUC=0.906 AP=0.794 Brier=0.120
2026-08-26 23:20:16,225 | INFO    |   GAM AUC=0.910 AP=0.800 Brier=0.116
2026-08-26 23:20:55,888 | INFO    |   RF  AUC=0.923 AP=0.816 Brier=0.098
2026-08-26 23:20:55,889 | INFO    | === set_A | MC 92/100 | seed=191 ===
2026-08-26 23:20:57,964 | INFO    |   ausencias por año: {2010: 12, 2011: 29, 2012: 13, 2013: 22, 2014: 18, 2015: 23, 2016: 21, 2017: 29, 2018: 41, 2019: 48, 2020: 50, 2021: 78, 2022: 110, 2023: 75, 2024: 79, 2025: 111, 2026: 21}
2026-08-26 23:20:58,531 | INFO    |   LR  AUC=0.947 AP=0.873 Brier=0.097
2026-08-26 23:20:59,289 | INFO    |   GAM AUC=0.948 AP=0.875 Brier=0.093
2026-08-26 23:21:39,428 | INFO    |   RF  AUC=0.948 AP=0.906 Brier=0.082
2026-08-26 23:21:39,428 | INFO    | === set_A | MC 93/100 | seed=192 ===
2026-08-26 23:21:41,487 | INFO    |   ausencias por año: {2010: 8, 2011: 37, 2012: 12, 2013: 21, 2014: 19, 2015: 16, 2016: 32, 2017: 25, 2018: 42, 2019: 40, 2020: 53, 2021: 86, 2022: 98, 2023: 80, 2024: 74, 2025: 112, 2026: 25}
2026-08-26 23:21:42,041 | INFO    |   LR  AUC=0.939 AP=0.878 Brier=0.092
2026-08-26 23:21:42,771 | INFO    |   GAM AUC=0.944 AP=0.883 Brier=0.088
2026-08-26 23:22:23,532 | INFO    |   RF  AUC=0.938 AP=0.874 Brier=0.082
2026-08-26 23:22:23,532 | INFO    | === set_A | MC 94/100 | seed=193 ===
2026-08-26 23:22:25,589 | INFO    |   ausencias por año: {2010: 12, 2011: 31, 2012: 17, 2013: 17, 2014: 7, 2015: 19, 2016: 22, 2017: 40, 2018: 44, 2019: 40, 2020: 56, 2021: 77, 2022: 105, 2023: 76, 2024: 76, 2025: 119, 2026: 22}
2026-08-26 23:22:26,150 | INFO    |   LR  AUC=0.964 AP=0.925 Brier=0.073
2026-08-26 23:22:26,882 | INFO    |   GAM AUC=0.965 AP=0.921 Brier=0.073
2026-08-26 23:23:07,924 | INFO    |   RF  AUC=0.966 AP=0.934 Brier=0.062
2026-08-26 23:23:07,925 | INFO    | === set_A | MC 95/100 | seed=194 ===
2026-08-26 23:23:09,958 | INFO    |   ausencias por año: {2010: 15, 2011: 34, 2012: 19, 2013: 17, 2014: 11, 2015: 12, 2016: 25, 2017: 42, 2018: 44, 2019: 54, 2020: 45, 2021: 86, 2022: 87, 2023: 70, 2024: 89, 2025: 109, 2026: 21}
2026-08-26 23:23:10,541 | INFO    |   LR  AUC=0.929 AP=0.851 Brier=0.104
2026-08-26 23:23:11,285 | INFO    |   GAM AUC=0.934 AP=0.858 Brier=0.100
2026-08-26 23:23:52,362 | INFO    |   RF  AUC=0.934 AP=0.868 Brier=0.089
2026-08-26 23:23:52,363 | INFO    | === set_A | MC 96/100 | seed=195 ===
2026-08-26 23:23:54,399 | INFO    |   ausencias por año: {2010: 14, 2011: 32, 2012: 12, 2013: 16, 2014: 17, 2015: 20, 2016: 23, 2017: 35, 2018: 47, 2019: 42, 2020: 49, 2021: 86, 2022: 107, 2023: 89, 2024: 75, 2025: 101, 2026: 15}
2026-08-26 23:23:55,001 | INFO    |   LR  AUC=0.960 AP=0.909 Brier=0.079
2026-08-26 23:23:55,764 | INFO    |   GAM AUC=0.961 AP=0.909 Brier=0.076
2026-08-26 23:24:37,155 | INFO    |   RF  AUC=0.960 AP=0.894 Brier=0.067
2026-08-26 23:24:37,155 | INFO    | === set_A | MC 97/100 | seed=196 ===
2026-08-26 23:24:39,193 | INFO    |   ausencias por año: {2010: 8, 2011: 36, 2012: 14, 2013: 19, 2014: 15, 2015: 15, 2016: 25, 2017: 26, 2018: 56, 2019: 48, 2020: 53, 2021: 89, 2022: 102, 2023: 69, 2024: 80, 2025: 104, 2026: 21}
2026-08-26 23:24:39,753 | INFO    |   LR  AUC=0.940 AP=0.863 Brier=0.092
2026-08-26 23:24:40,519 | INFO    |   GAM AUC=0.943 AP=0.861 Brier=0.088
2026-08-26 23:25:21,433 | INFO    |   RF  AUC=0.940 AP=0.826 Brier=0.076
2026-08-26 23:25:21,434 | INFO    | === set_A | MC 98/100 | seed=197 ===
2026-08-26 23:25:23,508 | INFO    |   ausencias por año: {2010: 4, 2011: 33, 2012: 14, 2013: 19, 2014: 20, 2015: 11, 2016: 26, 2017: 33, 2018: 41, 2019: 41, 2020: 54, 2021: 73, 2022: 120, 2023: 77, 2024: 82, 2025: 112, 2026: 20}
2026-08-26 23:25:24,074 | INFO    |   LR  AUC=0.962 AP=0.889 Brier=0.076
2026-08-26 23:25:24,881 | INFO    |   GAM AUC=0.962 AP=0.889 Brier=0.072
2026-08-26 23:26:04,706 | INFO    |   RF  AUC=0.971 AP=0.939 Brier=0.066
2026-08-26 23:26:04,707 | INFO    | === set_A | MC 99/100 | seed=198 ===
2026-08-26 23:26:06,760 | INFO    |   ausencias por año: {2010: 16, 2011: 20, 2012: 16, 2013: 22, 2014: 16, 2015: 26, 2016: 23, 2017: 39, 2018: 42, 2019: 48, 2020: 54, 2021: 76, 2022: 84, 2023: 86, 2024: 88, 2025: 101, 2026: 23}
2026-08-26 23:26:07,324 | INFO    |   LR  AUC=0.951 AP=0.895 Brier=0.086
2026-08-26 23:26:08,067 | INFO    |   GAM AUC=0.954 AP=0.900 Brier=0.084
2026-08-26 23:26:49,012 | INFO    |   RF  AUC=0.965 AP=0.925 Brier=0.066
2026-08-26 23:26:49,013 | INFO    | === set_A | MC 100/100 | seed=199 ===
2026-08-26 23:26:51,041 | INFO    |   ausencias por año: {2010: 5, 2011: 31, 2012: 18, 2013: 24, 2014: 16, 2015: 16, 2016: 14, 2017: 46, 2018: 43, 2019: 54, 2020: 57, 2021: 58, 2022: 96, 2023: 85, 2024: 91, 2025: 105, 2026: 21}
2026-08-26 23:26:51,595 | INFO    |   LR  AUC=0.949 AP=0.876 Brier=0.089
2026-08-26 23:26:52,323 | INFO    |   GAM AUC=0.948 AP=0.878 Brier=0.090
2026-08-26 23:27:33,506 | INFO    |   RF  AUC=0.942 AP=0.856 Brier=0.088
2026-08-26 23:27:33,549 | INFO    | RESUMEN set_A (AUROC):
       median    mean     std
model                        
GAM    0.9479  0.9478  0.0145
LR     0.9451  0.9447  0.0150
RF     0.9490  0.9486  0.0149
2026-08-26 23:27:33,549 | INFO    | === set_A LISTO ===
2026-08-27 18:44:34,734 | INFO    | ======================================================================
2026-08-27 18:44:34,734 | INFO    | INICIO set_A: 2026-08-27T18:44:34
2026-08-27 18:45:13,180 | INFO    | Slope units: 61167 | filas evento: 492
2026-08-27 18:45:13,344 | INFO    |   Est.    1: 2010-01-12 -> 2026-03-18 |  94.0% con dato | 1985 duplicados
2026-08-27 18:45:13,472 | INFO    |   Est.    2: 2010-01-01 -> 2026-03-18 |  90.7% con dato | 249 duplicados
2026-08-27 18:45:13,607 | INFO    |   Est.    3: 2010-01-01 -> 2026-03-18 |  89.5% con dato | 1991 duplicados
2026-08-27 18:45:13,742 | INFO    |   Est.    4: 2010-01-01 -> 2026-03-18 |  84.2% con dato | 1972 duplicados
2026-08-27 18:45:13,874 | INFO    |   Est.    5: 2010-01-01 -> 2026-03-18 |  95.7% con dato | 1991 duplicados
2026-08-27 18:45:14,013 | INFO    |   Est.    7: 2010-01-01 -> 2026-03-18 |  90.6% con dato | 1991 duplicados
2026-08-27 18:45:14,145 | INFO    |   Est.    8: 2010-01-01 -> 2026-03-18 |  89.8% con dato | 1980 duplicados
2026-08-27 18:45:14,276 | INFO    |   Est.    9: 2010-01-01 -> 2026-03-18 |  90.4% con dato | 1990 duplicados
2026-08-27 18:45:14,407 | INFO    |   Est.   10: 2010-01-01 -> 2026-03-18 |  90.8% con dato | 1990 duplicados
2026-08-27 18:45:14,541 | INFO    |   Est.   11: 2010-01-04 -> 2026-03-18 |  89.4% con dato | 1991 duplicados
2026-08-27 18:45:14,673 | INFO    |   Est.   12: 2010-01-01 -> 2026-03-18 |  91.8% con dato | 1972 duplicados
2026-08-27 18:45:14,814 | INFO    |   Est.   14: 2010-01-01 -> 2026-03-18 |  89.7% con dato | 1991 duplicados
2026-08-27 18:45:14,946 | INFO    |   Est.   15: 2010-01-01 -> 2026-03-18 |  92.8% con dato | 1991 duplicados
2026-08-27 18:45:15,080 | INFO    |   Est.   16: 2010-01-01 -> 2026-03-18 |  92.0% con dato | 1991 duplicados
2026-08-27 18:45:15,213 | INFO    |   Est.   17: 2010-01-28 -> 2026-03-18 |  93.5% con dato | 1991 duplicados
2026-08-27 18:45:15,343 | INFO    |   Est.   18: 2010-01-11 -> 2026-03-18 |  91.1% con dato | 1991 duplicados
2026-08-27 18:45:15,488 | INFO    |   Est.   19: 2010-01-11 -> 2026-03-18 |  93.5% con dato | 1991 duplicados
2026-08-27 18:45:15,628 | INFO    |   Est.   20: 2010-01-12 -> 2026-03-18 |  88.5% con dato | 1991 duplicados
2026-08-27 18:45:15,762 | INFO    |   Est.   21: 2010-01-11 -> 2026-03-18 |  91.3% con dato | 1990 duplicados
2026-08-27 18:45:15,897 | INFO    |   Est.   22: 2010-01-14 -> 2026-03-18 |  91.0% con dato | 1991 duplicados
2026-08-27 18:45:16,029 | INFO    |   Est.   23: 2010-01-10 -> 2026-03-18 |  93.5% con dato | 1973 duplicados
2026-08-27 18:45:16,165 | INFO    |   Est.   24: 2010-01-18 -> 2026-03-18 |  92.4% con dato | 1991 duplicados
2026-08-27 18:45:16,288 | INFO    |   Est.   25: 2010-01-18 -> 2026-01-07 |  77.2% con dato | 1 duplicados
2026-08-27 18:45:16,421 | INFO    |   Est.   26: 2010-01-04 -> 2026-03-18 |  83.2% con dato | 1990 duplicados
2026-08-27 18:45:16,536 | INFO    |   Est.   27: 2010-01-18 -> 2024-07-12 |  82.7% con dato | 0 duplicados
2026-08-27 18:45:16,667 | INFO    |   Est.   28: 2010-01-18 -> 2026-03-18 |  86.4% con dato | 1991 duplicados
2026-08-27 18:45:16,801 | INFO    |   Est.   29: 2010-01-18 -> 2026-03-18 |  91.9% con dato | 1991 duplicados
2026-08-27 18:45:16,936 | INFO    |   Est.   30: 2010-01-01 -> 2026-03-18 |  90.4% con dato | 1991 duplicados
2026-08-27 18:45:17,069 | INFO    |   Est.   31: 2010-01-06 -> 2026-03-18 |  87.5% con dato | 1991 duplicados
2026-08-27 18:45:17,203 | INFO    |   Est.   32: 2010-01-06 -> 2026-03-18 |  86.0% con dato | 1991 duplicados
2026-08-27 18:45:17,332 | INFO    |   Est.   33: 2010-01-28 -> 2026-03-18 |  87.2% con dato | 1991 duplicados
2026-08-27 18:45:17,461 | INFO    |   Est.   34: 2010-01-10 -> 2026-03-18 |  88.7% con dato | 1991 duplicados
2026-08-27 18:45:17,594 | INFO    |   Est.   35: 2010-01-28 -> 2026-03-18 |  93.8% con dato | 1991 duplicados
2026-08-27 18:45:17,723 | INFO    |   Est.   36: 2010-03-26 -> 2026-03-18 |  92.6% con dato | 1991 duplicados
2026-08-27 18:45:17,857 | INFO    |   Est.   37: 2010-01-28 -> 2026-03-18 |  89.5% con dato | 1991 duplicados
2026-08-27 18:45:17,990 | INFO    |   Est.   39: 2010-01-28 -> 2026-03-18 |  91.0% con dato | 1991 duplicados
2026-08-27 18:45:18,122 | INFO    |   Est.   40: 2010-02-05 -> 2026-03-18 |  92.2% con dato | 1989 duplicados
2026-08-27 18:45:18,255 | INFO    |   Est.   41: 2010-01-28 -> 2026-03-18 |  92.7% con dato | 1991 duplicados
2026-08-27 18:45:18,387 | INFO    |   Est.   42: 2010-02-05 -> 2026-03-18 |  88.9% con dato | 1991 duplicados
2026-08-27 18:45:18,518 | INFO    |   Est.   43: 2010-05-03 -> 2026-03-18 |  86.2% con dato | 1991 duplicados
2026-08-27 18:45:18,646 | INFO    |   Est.   44: 2010-04-19 -> 2026-03-18 |  83.2% con dato | 1991 duplicados
2026-08-27 18:45:18,778 | INFO    |   Est.   45: 2010-05-05 -> 2026-03-18 |  88.0% con dato | 1991 duplicados
2026-08-27 18:45:18,900 | INFO    |   Est.   46: 2010-04-28 -> 2025-05-06 |  92.9% con dato | 966 duplicados
2026-08-27 18:45:19,030 | INFO    |   Est.   47: 2010-05-03 -> 2026-03-18 |  81.9% con dato | 1991 duplicados
2026-08-27 18:45:19,157 | INFO    |   Est.   48: 2010-05-14 -> 2026-03-18 |  93.3% con dato | 1972 duplicados
2026-08-27 18:45:19,283 | INFO    |   Est.   49: 2010-09-08 -> 2026-03-18 |  85.3% con dato | 1991 duplicados
2026-08-27 18:45:19,409 | INFO    |   Est.   50: 2011-02-09 -> 2026-03-18 |  88.9% con dato | 1991 duplicados
2026-08-27 18:45:19,532 | INFO    |   Est.   51: 2011-01-17 -> 2026-03-18 |  87.8% con dato | 1972 duplicados
2026-08-27 18:45:19,657 | INFO    |   Est.   52: 2011-03-01 -> 2026-03-18 |  79.8% con dato | 1991 duplicados
2026-08-27 18:45:19,784 | INFO    |   Est.   53: 2011-01-11 -> 2026-03-18 |  92.8% con dato | 1991 duplicados
2026-08-27 18:45:19,910 | INFO    |   Est.   54: 2010-12-27 -> 2026-03-18 |  92.2% con dato | 1991 duplicados
2026-08-27 18:45:20,039 | INFO    |   Est.   55: 2010-11-04 -> 2026-03-18 |  82.7% con dato | 1991 duplicados
2026-08-27 18:45:20,154 | INFO    |   Est.   56: 2012-06-14 -> 2026-03-18 |  92.6% con dato | 1991 duplicados
2026-08-27 18:45:20,273 | INFO    |   Est.   57: 2012-03-23 -> 2026-03-18 |  89.5% con dato | 1985 duplicados
2026-08-27 18:45:20,393 | INFO    |   Est.   58: 2012-03-23 -> 2026-03-18 |  88.9% con dato | 1990 duplicados
2026-08-27 18:45:20,513 | INFO    |   Est.   60: 2012-01-01 -> 2026-03-18 |  89.7% con dato | 1991 duplicados
2026-08-27 18:45:20,629 | INFO    |   Est.   61: 2012-03-20 -> 2026-03-18 |  89.9% con dato | 1991 duplicados
2026-08-27 18:45:20,746 | INFO    |   Est.   62: 2012-03-07 -> 2026-03-18 |  88.8% con dato | 1900 duplicados
2026-08-27 18:45:20,855 | INFO    |   Est.   64: 2012-09-05 -> 2026-03-07 |  87.3% con dato | 1991 duplicados
2026-08-27 18:45:20,969 | INFO    |   Est.   65: 2012-08-09 -> 2026-03-18 |  90.5% con dato | 1990 duplicados
2026-08-27 18:45:21,079 | INFO    |   Est.   66: 2012-06-06 -> 2026-03-18 |  91.6% con dato | 1991 duplicados
2026-08-27 18:45:21,198 | INFO    |   Est.   70: 2012-06-25 -> 2026-03-18 |  93.8% con dato | 1972 duplicados
2026-08-27 18:45:21,306 | INFO    |   Est.   71: 2013-02-28 -> 2026-03-18 |  95.0% con dato | 1991 duplicados
2026-08-27 18:45:21,422 | INFO    |   Est.   72: 2012-06-25 -> 2026-03-18 |  91.0% con dato | 1991 duplicados
2026-08-27 18:45:21,525 | INFO    |   Est.   74: 2013-05-27 -> 2026-03-18 |  95.3% con dato | 1991 duplicados
2026-08-27 18:45:21,631 | INFO    |   Est.   76: 2013-07-02 -> 2026-03-18 |  94.8% con dato | 1991 duplicados
2026-08-27 18:45:21,734 | INFO    |   Est.   81: 2013-06-28 -> 2026-03-18 |  97.4% con dato | 1991 duplicados
2026-08-27 18:45:21,837 | INFO    |   Est.   88: 2013-11-14 -> 2026-03-18 |  93.4% con dato | 1991 duplicados
2026-08-27 18:45:21,926 | INFO    |   Est.   89: 2013-11-14 -> 2025-05-06 |  95.5% con dato | 525 duplicados
2026-08-27 18:45:22,018 | INFO    |   Est.  121: 2014-11-26 -> 2026-03-18 |  96.8% con dato | 1991 duplicados
2026-08-27 18:45:22,108 | INFO    |   Est.  127: 2015-04-10 -> 2026-03-18 |  92.8% con dato | 1990 duplicados
2026-08-27 18:45:22,201 | INFO    |   Est.  129: 2015-04-23 -> 2026-03-18 |  94.6% con dato | 1991 duplicados
2026-08-27 18:45:22,284 | INFO    |   Est.  146: 2015-08-18 -> 2026-03-18 |  95.8% con dato | 1991 duplicados
2026-08-27 18:45:22,369 | INFO    |   Est.  154: 2015-09-17 -> 2026-03-18 |  83.7% con dato | 1972 duplicados
2026-08-27 18:45:22,451 | INFO    |   Est.  171: 2016-01-01 -> 2026-03-18 |  80.4% con dato | 1979 duplicados
2026-08-27 18:45:22,528 | INFO    |   Est.  184: 2016-01-01 -> 2026-03-18 |  84.2% con dato | 1991 duplicados
2026-08-27 18:45:22,580 | INFO    |   Est.  189: 2018-08-18 -> 2025-03-30 |  95.5% con dato | 1 duplicados
2026-08-27 18:45:22,652 | INFO    |   Est.  193: 2017-07-18 -> 2026-03-18 |  97.6% con dato | 1991 duplicados
2026-08-27 18:45:22,761 | INFO    |   Est.  211: 2012-12-10 -> 2026-03-18 |  93.5% con dato | 1991 duplicados
2026-08-27 18:45:22,833 | INFO    |   Est.  230: 2017-08-31 -> 2026-03-18 |  97.2% con dato | 1991 duplicados
2026-08-27 18:45:22,901 | INFO    |   Est.  234: 2017-09-18 -> 2026-03-18 |  98.0% con dato | 1991 duplicados
2026-08-27 18:45:22,969 | INFO    |   Est.  241: 2017-10-20 -> 2026-03-18 |  91.7% con dato | 1991 duplicados
2026-08-27 18:45:23,035 | INFO    |   Est.  242: 2017-10-20 -> 2026-03-18 |  98.4% con dato | 1991 duplicados
2026-08-27 18:45:23,105 | INFO    |   Est.  244: 2017-10-28 -> 2026-03-18 |  97.4% con dato | 1991 duplicados
2026-08-27 18:45:23,168 | INFO    |   Est.  248: 2017-11-05 -> 2026-03-19 |  96.8% con dato | 0 duplicados
2026-08-27 18:45:23,235 | INFO    |   Est.  253: 2017-11-14 -> 2026-03-18 |  96.6% con dato | 1991 duplicados
2026-08-27 18:45:23,306 | INFO    |   Est.  261: 2017-12-01 -> 2026-03-18 |  95.4% con dato | 1991 duplicados
2026-08-27 18:45:23,364 | INFO    |   Est.  266: 2017-12-19 -> 2025-04-02 |  91.1% con dato | 1 duplicados
2026-08-27 18:45:23,433 | INFO    |   Est.  267: 2017-12-18 -> 2026-03-18 |  97.2% con dato | 1991 duplicados
2026-08-27 18:45:23,495 | INFO    |   Est.  274: 2018-01-19 -> 2026-03-18 |  98.4% con dato | 1991 duplicados
2026-08-27 18:45:23,560 | INFO    |   Est.  275: 2018-01-16 -> 2026-03-18 |  91.7% con dato | 1628 duplicados
2026-08-27 18:45:23,626 | INFO    |   Est.  278: 2018-01-31 -> 2026-03-18 |  96.0% con dato | 1991 duplicados
2026-08-27 18:45:23,693 | INFO    |   Est.  281: 2018-02-15 -> 2026-03-18 |  98.8% con dato | 1991 duplicados
2026-08-27 18:45:23,757 | INFO    |   Est.  288: 2018-03-21 -> 2026-03-18 |  97.1% con dato | 1991 duplicados
2026-08-27 18:45:23,827 | INFO    |   Est.  289: 2018-03-22 -> 2026-03-18 |  95.7% con dato | 1991 duplicados
2026-08-27 18:45:23,893 | INFO    |   Est.  295: 2018-04-23 -> 2026-03-18 |  95.3% con dato | 1991 duplicados
2026-08-27 18:45:23,956 | INFO    |   Est.  311: 2018-06-05 -> 2026-03-18 |  61.2% con dato | 1991 duplicados
2026-08-27 18:45:24,018 | INFO    |   Est.  320: 2018-06-27 -> 2026-03-18 |  97.0% con dato | 1991 duplicados
2026-08-27 18:45:24,082 | INFO    |   Est.  323: 2018-07-17 -> 2026-03-18 |  96.1% con dato | 1980 duplicados
2026-08-27 18:45:24,147 | INFO    |   Est.  324: 2018-07-17 -> 2026-03-18 |  95.1% con dato | 1991 duplicados
2026-08-27 18:45:24,209 | INFO    |   Est.  328: 2018-08-09 -> 2026-03-18 |  96.9% con dato | 1991 duplicados
2026-08-27 18:45:24,271 | INFO    |   Est.  334: 2018-09-18 -> 2026-03-18 |  96.0% con dato | 1991 duplicados
2026-08-27 18:45:24,330 | INFO    |   Est.  339: 2019-01-04 -> 2026-03-18 |  94.7% con dato | 1991 duplicados
2026-08-27 18:45:24,391 | INFO    |   Est.  352: 2019-02-01 -> 2026-03-18 |  97.7% con dato | 1991 duplicados
2026-08-27 18:45:24,448 | INFO    |   Est.  353: 2019-02-01 -> 2026-03-18 |  93.4% con dato | 1989 duplicados
2026-08-27 18:45:24,505 | INFO    |   Est.  356: 2019-03-18 -> 2026-03-18 |  98.3% con dato | 1989 duplicados
2026-08-27 18:45:24,562 | INFO    |   Est.  373: 2019-05-08 -> 2026-03-18 |  94.5% con dato | 1991 duplicados
2026-08-27 18:45:24,617 | INFO    |   Est.  376: 2019-05-15 -> 2026-03-18 |  98.0% con dato | 1991 duplicados
2026-08-27 18:45:24,675 | INFO    |   Est.  378: 2019-06-04 -> 2026-03-18 |  92.6% con dato | 1984 duplicados
2026-08-27 18:45:24,730 | INFO    |   Est.  383: 2019-06-14 -> 2026-03-18 |  96.6% con dato | 1991 duplicados
2026-08-27 18:45:24,783 | INFO    |   Est.  389: 2019-08-09 -> 2026-03-18 |  95.3% con dato | 1860 duplicados
2026-08-27 18:45:24,834 | INFO    |   Est.  392: 2019-09-09 -> 2026-03-18 |  96.7% con dato | 1991 duplicados
2026-08-27 18:45:24,889 | INFO    |   Est.  393: 2019-09-20 -> 2026-03-18 |  98.5% con dato | 1991 duplicados
2026-08-27 18:45:24,940 | INFO    |   Est.  394: 2019-09-20 -> 2026-03-18 |  95.9% con dato | 1991 duplicados
2026-08-27 18:45:24,990 | INFO    |   Est.  395: 2019-09-24 -> 2026-03-18 |  97.8% con dato | 1991 duplicados
2026-08-27 18:45:25,042 | INFO    |   Est.  418: 2019-12-26 -> 2026-03-18 |  94.9% con dato | 1991 duplicados
2026-08-27 18:45:25,091 | INFO    |   Est.  420: 2019-12-26 -> 2026-03-18 |  95.8% con dato | 1991 duplicados
2026-08-27 18:45:25,143 | INFO    |   Est.  421: 2020-01-14 -> 2026-03-18 |  98.4% con dato | 1991 duplicados
2026-08-27 18:45:25,192 | INFO    |   Est.  429: 2020-02-21 -> 2026-03-18 |  98.2% con dato | 1991 duplicados
2026-08-27 18:45:25,240 | INFO    |   Est.  432: 2020-02-27 -> 2026-03-18 |  98.5% con dato | 1990 duplicados
2026-08-27 18:45:25,296 | INFO    |   Est.  433: 2020-02-28 -> 2026-03-18 |  94.9% con dato | 1991 duplicados
2026-08-27 18:45:25,356 | INFO    |   Est.  434: 2020-03-03 -> 2026-03-18 |  97.8% con dato | 1991 duplicados
2026-08-27 18:45:25,406 | INFO    |   Est.  437: 2020-03-31 -> 2026-03-18 |  98.9% con dato | 1991 duplicados
2026-08-27 18:45:25,454 | INFO    |   Est.  445: 2020-05-11 -> 2026-03-18 |  87.6% con dato | 1991 duplicados
2026-08-27 18:45:25,504 | INFO    |   Est.  446: 2020-05-08 -> 2026-03-18 |  86.2% con dato | 1991 duplicados
2026-08-27 18:45:25,551 | INFO    |   Est.  447: 2020-05-11 -> 2026-03-18 |  98.9% con dato | 1991 duplicados
2026-08-27 18:45:25,594 | INFO    |   Est.  451: 2020-07-03 -> 2026-03-18 |  98.2% con dato | 1972 duplicados
2026-08-27 18:45:25,640 | INFO    |   Est.  456: 2020-07-31 -> 2026-03-18 |  96.5% con dato | 1991 duplicados
2026-08-27 18:45:25,684 | INFO    |   Est.  457: 2020-09-08 -> 2026-03-18 |  94.5% con dato | 1991 duplicados
2026-08-27 18:45:25,726 | INFO    |   Est.  481: 2020-12-18 -> 2026-03-18 |  97.8% con dato | 1991 duplicados
2026-08-27 18:45:25,769 | INFO    |   Est.  499: 2021-02-16 -> 2026-03-18 |  97.5% con dato | 1991 duplicados
2026-08-27 18:45:25,808 | INFO    |   Est.  515: 2021-03-12 -> 2026-03-18 |  97.4% con dato | 1990 duplicados
2026-08-27 18:45:25,845 | INFO    |   Est.  519: 2021-03-19 -> 2026-03-18 |  97.8% con dato | 1991 duplicados
2026-08-27 18:45:25,885 | INFO    |   Est.  539: 2021-06-24 -> 2026-03-18 |  92.0% con dato | 1991 duplicados
2026-08-27 18:45:25,922 | INFO    |   Est.  540: 2021-06-11 -> 2026-03-18 |  92.7% con dato | 1972 duplicados
2026-08-27 18:45:25,961 | INFO    |   Est.  543: 2021-06-29 -> 2026-03-18 |  98.6% con dato | 1989 duplicados
2026-08-27 18:45:25,999 | INFO    |   Est.  551: 2021-09-02 -> 2026-03-18 |  99.5% con dato | 1991 duplicados
2026-08-27 18:45:26,034 | INFO    |   Est.  558: 2021-09-29 -> 2026-03-18 |  99.3% con dato | 1989 duplicados
2026-08-27 18:45:26,065 | INFO    |   Est.  601: 2022-05-03 -> 2026-03-18 |  97.6% con dato | 1991 duplicados
2026-08-27 18:45:26,097 | INFO    |   Est.  607: 2022-06-08 -> 2026-03-18 |  95.5% con dato | 1990 duplicados
2026-08-27 18:45:26,123 | INFO    |   Est.  612: 2022-06-21 -> 2025-07-03 |  99.2% con dato | 1311 duplicados
2026-08-27 18:45:26,145 | INFO    |   Est.  619: 2022-06-29 -> 2025-05-06 |  94.4% con dato | 966 duplicados
2026-08-27 18:45:26,173 | INFO    |   Est.  636: 2022-11-16 -> 2026-03-18 |  98.7% con dato | 1991 duplicados
2026-08-27 18:45:26,174 | INFO    | Pluviómetros con serie: 143
2026-08-27 18:45:26,215 | INFO    | Distancia SU-pluvio (m): mediana=716 | max=3536
2026-08-27 18:45:26,701 | INFO    |   filtro húmedo eventos: descartadas 102/492 (20.7%)
2026-08-27 18:45:26,722 | INFO    | Eventos tras filtros: 390
2026-08-27 18:45:27,119 | INFO    | Pluviómetros con fechas candidatas: 143
2026-08-27 18:45:27,956 | INFO    | === set_A | MC 1/100 | seed=100 ===
2026-08-27 18:45:30,199 | INFO    |   split agrupado | SU train=312 | SU test=78
2026-08-27 18:45:30,201 | INFO    |   ausencias por año: {2010: 11, 2011: 26, 2012: 15, 2013: 26, 2014: 22, 2015: 14, 2016: 19, 2017: 39, 2018: 37, 2019: 35, 2020: 57, 2021: 70, 2022: 95, 2023: 111, 2024: 75, 2025: 107, 2026: 21}
2026-08-27 18:45:30,861 | INFO    |   LR  AUC=0.923 AP=0.846 Brier=0.111
2026-08-27 18:45:31,658 | INFO    |   GAM AUC=0.923 AP=0.846 Brier=0.110
2026-08-27 18:46:12,179 | INFO    |   RF  AUC=0.916 AP=0.759 Brier=0.104
2026-08-27 18:46:12,180 | INFO    | === set_A | MC 2/100 | seed=101 ===
2026-08-27 18:46:14,476 | INFO    |   split agrupado | SU train=312 | SU test=78
2026-08-27 18:46:14,478 | INFO    |   ausencias por año: {2010: 7, 2011: 32, 2012: 21, 2013: 18, 2014: 20, 2015: 20, 2016: 24, 2017: 33, 2018: 43, 2019: 50, 2020: 46, 2021: 72, 2022: 119, 2023: 83, 2024: 72, 2025: 106, 2026: 14}
2026-08-27 18:46:15,149 | INFO    |   LR  AUC=0.952 AP=0.874 Brier=0.083
2026-08-27 18:46:16,007 | INFO    |   GAM AUC=0.953 AP=0.873 Brier=0.080
2026-08-27 18:46:59,963 | INFO    |   RF  AUC=0.967 AP=0.924 Brier=0.065
2026-08-27 18:46:59,964 | INFO    | === set_A | MC 3/100 | seed=102 ===
2026-08-27 18:47:02,275 | INFO    |   split agrupado | SU train=312 | SU test=78
2026-08-27 18:47:02,277 | INFO    |   ausencias por año: {2010: 3, 2011: 38, 2012: 15, 2013: 16, 2014: 19, 2015: 11, 2016: 24, 2017: 41, 2018: 34, 2019: 39, 2020: 55, 2021: 89, 2022: 92, 2023: 91, 2024: 72, 2025: 119, 2026: 22}
2026-08-27 18:47:02,928 | INFO    |   LR  AUC=0.955 AP=0.901 Brier=0.086
2026-08-27 18:47:03,798 | INFO    |   GAM AUC=0.957 AP=0.907 Brier=0.082
2026-08-27 18:47:46,073 | INFO    |   RF  AUC=0.945 AP=0.864 Brier=0.074
2026-08-27 18:47:46,074 | INFO    | === set_A | MC 4/100 | seed=103 ===
2026-08-27 18:47:48,414 | INFO    |   split agrupado | SU train=312 | SU test=78
2026-08-27 18:47:48,416 | INFO    |   ausencias por año: {2010: 11, 2011: 43, 2012: 22, 2013: 25, 2014: 11, 2015: 13, 2016: 19, 2017: 27, 2018: 50, 2019: 45, 2020: 61, 2021: 73, 2022: 95, 2023: 97, 2024: 60, 2025: 107, 2026: 21}
2026-08-27 18:47:49,100 | INFO    |   LR  AUC=0.953 AP=0.890 Brier=0.084
2026-08-27 18:47:49,970 | INFO    |   GAM AUC=0.958 AP=0.897 Brier=0.079
2026-08-27 18:48:33,855 | INFO    |   RF  AUC=0.962 AP=0.890 Brier=0.073
2026-08-27 18:48:33,856 | INFO    | === set_A | MC 5/100 | seed=104 ===
2026-08-27 18:48:36,137 | INFO    |   split agrupado | SU train=312 | SU test=78
2026-08-27 18:48:36,139 | INFO    |   ausencias por año: {2011: 36, 2012: 14, 2013: 23, 2014: 15, 2015: 18, 2016: 20, 2017: 30, 2018: 53, 2019: 38, 2020: 43, 2021: 90, 2022: 101, 2023: 104, 2024: 78, 2025: 93, 2026: 24}
2026-08-27 18:48:36,797 | INFO    |   LR  AUC=0.945 AP=0.869 Brier=0.092
2026-08-27 18:48:37,573 | INFO    |   GAM AUC=0.946 AP=0.873 Brier=0.090
2026-08-27 18:49:21,098 | INFO    |   RF  AUC=0.943 AP=0.878 Brier=0.090
2026-08-27 18:49:21,098 | INFO    | === set_A | MC 6/100 | seed=105 ===
2026-08-27 18:49:23,143 | INFO    |   split agrupado | SU train=312 | SU test=78
2026-08-27 18:49:23,145 | INFO    |   ausencias por año: {2010: 5, 2011: 30, 2012: 17, 2013: 25, 2014: 17, 2015: 23, 2016: 21, 2017: 42, 2018: 37, 2019: 42, 2020: 56, 2021: 78, 2022: 112, 2023: 84, 2024: 73, 2025: 95, 2026: 23}
2026-08-27 18:49:23,687 | INFO    |   LR  AUC=0.919 AP=0.847 Brier=0.112
2026-08-27 18:49:24,426 | INFO    |   GAM AUC=0.926 AP=0.854 Brier=0.106
2026-08-27 18:50:05,554 | INFO    |   RF  AUC=0.921 AP=0.814 Brier=0.104
2026-08-27 18:50:05,555 | INFO    | === set_A | MC 7/100 | seed=106 ===
2026-08-27 18:50:08,093 | INFO    |   split agrupado | SU train=312 | SU test=78
2026-08-27 18:50:08,095 | INFO    |   ausencias por año: {2010: 10, 2011: 37, 2012: 14, 2013: 22, 2014: 24, 2015: 17, 2016: 27, 2017: 36, 2018: 39, 2019: 49, 2020: 47, 2021: 70, 2022: 103, 2023: 78, 2024: 88, 2025: 102, 2026: 17}
2026-08-27 18:50:08,732 | INFO    |   LR  AUC=0.946 AP=0.889 Brier=0.086
2026-08-27 18:50:09,615 | INFO    |   GAM AUC=0.947 AP=0.894 Brier=0.083
2026-08-27 18:50:49,662 | INFO    |   RF  AUC=0.944 AP=0.886 Brier=0.082
2026-08-27 18:50:49,663 | INFO    | === set_A | MC 8/100 | seed=107 ===
2026-08-27 18:50:51,946 | INFO    |   split agrupado | SU train=312 | SU test=78
2026-08-27 18:50:51,948 | INFO    |   ausencias por año: {2010: 5, 2011: 22, 2012: 23, 2013: 18, 2014: 16, 2015: 12, 2016: 22, 2017: 41, 2018: 47, 2019: 39, 2020: 55, 2021: 79, 2022: 95, 2023: 86, 2024: 83, 2025: 116, 2026: 21}
2026-08-27 18:50:52,602 | INFO    |   LR  AUC=0.949 AP=0.891 Brier=0.079
2026-08-27 18:50:53,450 | INFO    |   GAM AUC=0.949 AP=0.882 Brier=0.079
2026-08-27 18:51:33,663 | INFO    |   RF  AUC=0.958 AP=0.915 Brier=0.069
2026-08-27 18:51:33,663 | INFO    | === set_A | MC 9/100 | seed=108 ===
2026-08-27 18:51:35,704 | INFO    |   split agrupado | SU train=312 | SU test=78
2026-08-27 18:51:35,705 | INFO    |   ausencias por año: {2010: 10, 2011: 31, 2012: 14, 2013: 20, 2014: 14, 2015: 19, 2016: 19, 2017: 43, 2018: 46, 2019: 32, 2020: 51, 2021: 72, 2022: 112, 2023: 94, 2024: 81, 2025: 101, 2026: 21}
2026-08-27 18:51:36,247 | INFO    |   LR  AUC=0.952 AP=0.900 Brier=0.080
2026-08-27 18:51:36,973 | INFO    |   GAM AUC=0.955 AP=0.899 Brier=0.078
2026-08-27 18:52:20,163 | INFO    |   RF  AUC=0.956 AP=0.905 Brier=0.073
2026-08-27 18:52:20,164 | INFO    | === set_A | MC 10/100 | seed=109 ===
2026-08-27 18:52:22,443 | INFO    |   split agrupado | SU train=312 | SU test=78
2026-08-27 18:52:22,445 | INFO    |   ausencias por año: {2010: 12, 2011: 33, 2012: 22, 2013: 16, 2014: 13, 2015: 25, 2016: 27, 2017: 27, 2018: 47, 2019: 38, 2020: 61, 2021: 62, 2022: 107, 2023: 82, 2024: 92, 2025: 95, 2026: 21}
2026-08-27 18:52:23,098 | INFO    |   LR  AUC=0.916 AP=0.820 Brier=0.116
2026-08-27 18:52:23,952 | INFO    |   GAM AUC=0.917 AP=0.820 Brier=0.114
2026-08-27 18:53:06,626 | INFO    |   RF  AUC=0.927 AP=0.858 Brier=0.099
2026-08-27 18:53:06,627 | INFO    | === set_A | MC 11/100 | seed=110 ===
2026-08-27 18:53:08,831 | INFO    |   split agrupado | SU train=312 | SU test=78
2026-08-27 18:53:08,832 | INFO    |   ausencias por año: {2010: 9, 2011: 37, 2012: 17, 2013: 18, 2014: 15, 2015: 16, 2016: 28, 2017: 36, 2018: 29, 2019: 42, 2020: 56, 2021: 78, 2022: 107, 2023: 79, 2024: 82, 2025: 117, 2026: 14}
2026-08-27 18:53:09,384 | INFO    |   LR  AUC=0.944 AP=0.889 Brier=0.092
2026-08-27 18:53:10,322 | INFO    |   GAM AUC=0.944 AP=0.890 Brier=0.091
2026-08-27 18:53:53,324 | INFO    |   RF  AUC=0.934 AP=0.851 Brier=0.088
2026-08-27 18:53:53,325 | INFO    | === set_A | MC 12/100 | seed=111 ===
2026-08-27 18:53:55,645 | INFO    |   split agrupado | SU train=312 | SU test=78
2026-08-27 18:53:55,647 | INFO    |   ausencias por año: {2010: 6, 2011: 37, 2012: 16, 2013: 22, 2014: 18, 2015: 15, 2016: 12, 2017: 42, 2018: 49, 2019: 43, 2020: 61, 2021: 89, 2022: 98, 2023: 85, 2024: 72, 2025: 100, 2026: 15}
2026-08-27 18:53:56,289 | INFO    |   LR  AUC=0.950 AP=0.904 Brier=0.084
2026-08-27 18:53:57,144 | INFO    |   GAM AUC=0.952 AP=0.907 Brier=0.081
2026-08-27 18:54:39,377 | INFO    |   RF  AUC=0.948 AP=0.887 Brier=0.084
2026-08-27 18:54:39,378 | INFO    | === set_A | MC 13/100 | seed=112 ===
2026-08-27 18:54:41,715 | INFO    |   split agrupado | SU train=312 | SU test=78
2026-08-27 18:54:41,717 | INFO    |   ausencias por año: {2010: 11, 2011: 24, 2012: 16, 2013: 23, 2014: 22, 2015: 18, 2016: 25, 2017: 45, 2018: 33, 2019: 41, 2020: 48, 2021: 81, 2022: 120, 2023: 84, 2024: 79, 2025: 89, 2026: 21}
2026-08-27 18:54:42,375 | INFO    |   LR  AUC=0.929 AP=0.819 Brier=0.102
2026-08-27 18:54:43,253 | INFO    |   GAM AUC=0.935 AP=0.834 Brier=0.096
2026-08-27 18:55:22,068 | INFO    |   RF  AUC=0.939 AP=0.871 Brier=0.085
2026-08-27 18:55:22,068 | INFO    | === set_A | MC 14/100 | seed=113 ===
2026-08-27 18:55:24,439 | INFO    |   split agrupado | SU train=312 | SU test=78
2026-08-27 18:55:24,441 | INFO    |   ausencias por año: {2010: 6, 2011: 27, 2012: 13, 2013: 25, 2014: 14, 2015: 30, 2016: 17, 2017: 30, 2018: 64, 2019: 43, 2020: 46, 2021: 69, 2022: 106, 2023: 80, 2024: 95, 2025: 92, 2026: 23}
2026-08-27 18:55:25,132 | INFO    |   LR  AUC=0.919 AP=0.851 Brier=0.105
2026-08-27 18:55:26,026 | INFO    |   GAM AUC=0.924 AP=0.855 Brier=0.102
2026-08-27 18:56:02,785 | INFO    |   RF  AUC=0.928 AP=0.865 Brier=0.097
2026-08-27 18:56:02,787 | INFO    | === set_A | MC 15/100 | seed=114 ===
2026-08-27 18:56:05,116 | INFO    |   split agrupado | SU train=312 | SU test=78
2026-08-27 18:56:05,118 | INFO    |   ausencias por año: {2010: 9, 2011: 32, 2012: 15, 2013: 17, 2014: 14, 2015: 15, 2016: 24, 2017: 40, 2018: 34, 2019: 59, 2020: 51, 2021: 83, 2022: 92, 2023: 88, 2024: 66, 2025: 125, 2026: 16}
2026-08-27 18:56:05,774 | INFO    |   LR  AUC=0.946 AP=0.890 Brier=0.087
2026-08-27 18:56:06,638 | INFO    |   GAM AUC=0.948 AP=0.891 Brier=0.084
2026-08-27 18:56:43,156 | INFO    |   RF  AUC=0.949 AP=0.889 Brier=0.077
2026-08-27 18:56:43,156 | INFO    | === set_A | MC 16/100 | seed=115 ===
2026-08-27 18:56:45,470 | INFO    |   split agrupado | SU train=312 | SU test=78
2026-08-27 18:56:45,472 | INFO    |   ausencias por año: {2010: 10, 2011: 31, 2012: 18, 2013: 18, 2014: 13, 2015: 23, 2016: 26, 2017: 47, 2018: 48, 2019: 42, 2020: 52, 2021: 76, 2022: 93, 2023: 81, 2024: 76, 2025: 111, 2026: 15}
2026-08-27 18:56:46,119 | INFO    |   LR  AUC=0.958 AP=0.917 Brier=0.077
2026-08-27 18:56:46,972 | INFO    |   GAM AUC=0.960 AP=0.919 Brier=0.074
2026-08-27 18:57:30,302 | INFO    |   RF  AUC=0.949 AP=0.896 Brier=0.077
2026-08-27 18:57:30,303 | INFO    | === set_A | MC 17/100 | seed=116 ===
2026-08-27 18:57:32,718 | INFO    |   split agrupado | SU train=312 | SU test=78
2026-08-27 18:57:32,720 | INFO    |   ausencias por año: {2010: 6, 2011: 41, 2012: 18, 2013: 15, 2014: 13, 2015: 19, 2016: 24, 2017: 39, 2018: 42, 2019: 42, 2020: 49, 2021: 80, 2022: 112, 2023: 74, 2024: 80, 2025: 115, 2026: 11}
2026-08-27 18:57:33,406 | INFO    |   LR  AUC=0.939 AP=0.867 Brier=0.097
2026-08-27 18:57:34,360 | INFO    |   GAM AUC=0.941 AP=0.875 Brier=0.094
2026-08-27 18:58:17,818 | INFO    |   RF  AUC=0.940 AP=0.804 Brier=0.080
2026-08-27 18:58:17,819 | INFO    | === set_A | MC 18/100 | seed=117 ===
2026-08-27 18:58:19,835 | INFO    |   split agrupado | SU train=312 | SU test=78
2026-08-27 18:58:19,837 | INFO    |   ausencias por año: {2010: 9, 2011: 36, 2012: 17, 2013: 21, 2014: 14, 2015: 21, 2016: 24, 2017: 29, 2018: 43, 2019: 50, 2020: 55, 2021: 68, 2022: 100, 2023: 82, 2024: 84, 2025: 102, 2026: 25}
2026-08-27 18:58:20,381 | INFO    |   LR  AUC=0.952 AP=0.903 Brier=0.085
2026-08-27 18:58:21,164 | INFO    |   GAM AUC=0.952 AP=0.901 Brier=0.084
2026-08-27 18:59:03,544 | INFO    |   RF  AUC=0.950 AP=0.898 Brier=0.075
2026-08-27 18:59:03,544 | INFO    | === set_A | MC 19/100 | seed=118 ===
2026-08-27 18:59:05,800 | INFO    |   split agrupado | SU train=312 | SU test=78
2026-08-27 18:59:05,802 | INFO    |   ausencias por año: {2010: 5, 2011: 26, 2012: 8, 2013: 16, 2014: 11, 2015: 13, 2016: 15, 2017: 30, 2018: 35, 2019: 52, 2020: 71, 2021: 94, 2022: 113, 2023: 78, 2024: 76, 2025: 115, 2026: 22}
2026-08-27 18:59:06,471 | INFO    |   LR  AUC=0.958 AP=0.917 Brier=0.079
2026-08-27 18:59:07,322 | INFO    |   GAM AUC=0.959 AP=0.918 Brier=0.077
2026-08-27 18:59:51,435 | INFO    |   RF  AUC=0.960 AP=0.894 Brier=0.066
2026-08-27 18:59:51,436 | INFO    | === set_A | MC 20/100 | seed=119 ===
2026-08-27 18:59:53,709 | INFO    |   split agrupado | SU train=312 | SU test=78
2026-08-27 18:59:53,711 | INFO    |   ausencias por año: {2010: 9, 2011: 35, 2012: 20, 2013: 18, 2014: 8, 2015: 23, 2016: 17, 2017: 41, 2018: 42, 2019: 36, 2020: 50, 2021: 80, 2022: 100, 2023: 101, 2024: 87, 2025: 93, 2026: 20}
2026-08-27 18:59:54,360 | INFO    |   LR  AUC=0.953 AP=0.922 Brier=0.082
2026-08-27 18:59:55,225 | INFO    |   GAM AUC=0.955 AP=0.926 Brier=0.080
2026-08-27 19:00:32,585 | INFO    |   RF  AUC=0.956 AP=0.900 Brier=0.074
2026-08-27 19:00:32,585 | INFO    | === set_A | MC 21/100 | seed=120 ===
2026-08-27 19:00:34,893 | INFO    |   split agrupado | SU train=312 | SU test=78
2026-08-27 19:00:34,895 | INFO    |   ausencias por año: {2010: 7, 2011: 34, 2012: 19, 2013: 25, 2014: 21, 2015: 23, 2016: 25, 2017: 36, 2018: 53, 2019: 34, 2020: 49, 2021: 86, 2022: 118, 2023: 72, 2024: 71, 2025: 91, 2026: 16}
2026-08-27 19:00:35,563 | INFO    |   LR  AUC=0.944 AP=0.898 Brier=0.088
2026-08-27 19:00:36,428 | INFO    |   GAM AUC=0.948 AP=0.905 Brier=0.085
2026-08-27 19:01:14,931 | INFO    |   RF  AUC=0.962 AP=0.940 Brier=0.072
2026-08-27 19:01:14,931 | INFO    | === set_A | MC 22/100 | seed=121 ===
2026-08-27 19:01:17,253 | INFO    |   split agrupado | SU train=312 | SU test=78
2026-08-27 19:01:17,255 | INFO    |   ausencias por año: {2010: 4, 2011: 34, 2012: 15, 2013: 28, 2014: 14, 2015: 17, 2016: 19, 2017: 34, 2018: 37, 2019: 42, 2020: 59, 2021: 86, 2022: 85, 2023: 92, 2024: 73, 2025: 117, 2026: 24}
2026-08-27 19:01:17,924 | INFO    |   LR  AUC=0.938 AP=0.844 Brier=0.099
2026-08-27 19:01:18,828 | INFO    |   GAM AUC=0.942 AP=0.849 Brier=0.095
2026-08-27 19:01:57,513 | INFO    |   RF  AUC=0.944 AP=0.839 Brier=0.086
2026-08-27 19:01:57,514 | INFO    | === set_A | MC 23/100 | seed=122 ===
2026-08-27 19:01:59,701 | INFO    |   split agrupado | SU train=312 | SU test=78
2026-08-27 19:01:59,704 | INFO    |   ausencias por año: {2010: 14, 2011: 45, 2012: 13, 2013: 24, 2014: 11, 2015: 18, 2016: 18, 2017: 36, 2018: 51, 2019: 34, 2020: 54, 2021: 72, 2022: 105, 2023: 96, 2024: 80, 2025: 91, 2026: 18}
2026-08-27 19:02:00,422 | INFO    |   LR  AUC=0.948 AP=0.894 Brier=0.087
2026-08-27 19:02:01,306 | INFO    |   GAM AUC=0.950 AP=0.898 Brier=0.081
2026-08-27 19:02:40,715 | INFO    |   RF  AUC=0.947 AP=0.890 Brier=0.082
2026-08-27 19:02:40,716 | INFO    | === set_A | MC 24/100 | seed=123 ===
2026-08-27 19:02:43,013 | INFO    |   split agrupado | SU train=312 | SU test=78
2026-08-27 19:02:43,015 | INFO    |   ausencias por año: {2010: 12, 2011: 28, 2012: 13, 2013: 19, 2014: 14, 2015: 15, 2016: 19, 2017: 39, 2018: 45, 2019: 46, 2020: 55, 2021: 83, 2022: 123, 2023: 74, 2024: 73, 2025: 108, 2026: 14}
2026-08-27 19:02:43,691 | INFO    |   LR  AUC=0.957 AP=0.896 Brier=0.082
2026-08-27 19:02:44,553 | INFO    |   GAM AUC=0.959 AP=0.900 Brier=0.079
2026-08-27 19:03:22,915 | INFO    |   RF  AUC=0.943 AP=0.863 Brier=0.080
2026-08-27 19:03:22,915 | INFO    | === set_A | MC 25/100 | seed=124 ===
2026-08-27 19:03:25,240 | INFO    |   split agrupado | SU train=312 | SU test=78
2026-08-27 19:03:25,249 | INFO    |   ausencias por año: {2010: 14, 2011: 26, 2012: 13, 2013: 32, 2014: 15, 2015: 16, 2016: 19, 2017: 30, 2018: 34, 2019: 47, 2020: 74, 2021: 83, 2022: 102, 2023: 83, 2024: 69, 2025: 105, 2026: 18}
2026-08-27 19:03:25,957 | INFO    |   LR  AUC=0.952 AP=0.901 Brier=0.087
2026-08-27 19:03:26,710 | INFO    |   GAM AUC=0.955 AP=0.904 Brier=0.084
2026-08-27 19:04:05,384 | INFO    |   RF  AUC=0.957 AP=0.877 Brier=0.070
2026-08-27 19:04:05,385 | INFO    | === set_A | MC 26/100 | seed=125 ===
2026-08-27 19:04:07,794 | INFO    |   split agrupado | SU train=312 | SU test=78
2026-08-27 19:04:07,797 | INFO    |   ausencias por año: {2010: 16, 2011: 32, 2012: 10, 2013: 24, 2014: 12, 2015: 24, 2016: 21, 2017: 39, 2018: 42, 2019: 38, 2020: 57, 2021: 70, 2022: 104, 2023: 86, 2024: 87, 2025: 106, 2026: 12}
2026-08-27 19:04:08,630 | INFO    |   LR  AUC=0.969 AP=0.934 Brier=0.070
2026-08-27 19:04:09,596 | INFO    |   GAM AUC=0.972 AP=0.940 Brier=0.065
2026-08-27 19:04:48,940 | INFO    |   RF  AUC=0.960 AP=0.906 Brier=0.071
2026-08-27 19:04:48,940 | INFO    | === set_A | MC 27/100 | seed=126 ===
2026-08-27 19:04:51,368 | INFO    |   split agrupado | SU train=312 | SU test=78
2026-08-27 19:04:51,370 | INFO    |   ausencias por año: {2010: 13, 2011: 29, 2012: 13, 2013: 21, 2014: 21, 2015: 23, 2016: 17, 2017: 47, 2018: 39, 2019: 40, 2020: 49, 2021: 76, 2022: 100, 2023: 87, 2024: 88, 2025: 96, 2026: 21}
2026-08-27 19:04:52,055 | INFO    |   LR  AUC=0.966 AP=0.912 Brier=0.072
2026-08-27 19:04:52,902 | INFO    |   GAM AUC=0.969 AP=0.920 Brier=0.067
2026-08-27 19:05:29,475 | INFO    |   RF  AUC=0.971 AP=0.910 Brier=0.059
2026-08-27 19:05:29,476 | INFO    | === set_A | MC 28/100 | seed=127 ===
2026-08-27 19:05:31,876 | INFO    |   split agrupado | SU train=312 | SU test=78
2026-08-27 19:05:31,878 | INFO    |   ausencias por año: {2010: 10, 2011: 30, 2012: 17, 2013: 25, 2014: 14, 2015: 16, 2016: 19, 2017: 33, 2018: 42, 2019: 50, 2020: 50, 2021: 87, 2022: 110, 2023: 78, 2024: 73, 2025: 106, 2026: 20}
2026-08-27 19:05:32,563 | INFO    |   LR  AUC=0.939 AP=0.880 Brier=0.091
2026-08-27 19:05:33,419 | INFO    |   GAM AUC=0.941 AP=0.881 Brier=0.089
2026-08-27 19:06:11,730 | INFO    |   RF  AUC=0.942 AP=0.879 Brier=0.084
2026-08-27 19:06:11,730 | INFO    | === set_A | MC 29/100 | seed=128 ===
2026-08-27 19:06:14,133 | INFO    |   split agrupado | SU train=312 | SU test=78
2026-08-27 19:06:14,135 | INFO    |   ausencias por año: {2010: 8, 2011: 31, 2012: 13, 2013: 19, 2014: 15, 2015: 20, 2016: 23, 2017: 33, 2018: 44, 2019: 44, 2020: 48, 2021: 85, 2022: 99, 2023: 94, 2024: 81, 2025: 101, 2026: 22}
2026-08-27 19:06:14,787 | INFO    |   LR  AUC=0.943 AP=0.871 Brier=0.091
2026-08-27 19:06:15,697 | INFO    |   GAM AUC=0.945 AP=0.870 Brier=0.087
2026-08-27 19:06:53,709 | INFO    |   RF  AUC=0.953 AP=0.901 Brier=0.070
2026-08-27 19:06:53,710 | INFO    | === set_A | MC 30/100 | seed=129 ===
2026-08-27 19:06:55,922 | INFO    |   split agrupado | SU train=312 | SU test=78
2026-08-27 19:06:55,925 | INFO    |   ausencias por año: {2010: 7, 2011: 35, 2012: 15, 2013: 24, 2014: 18, 2015: 15, 2016: 26, 2017: 36, 2018: 42, 2019: 46, 2020: 45, 2021: 79, 2022: 119, 2023: 75, 2024: 88, 2025: 92, 2026: 18}
2026-08-27 19:06:56,516 | INFO    |   LR  AUC=0.957 AP=0.912 Brier=0.081
2026-08-27 19:06:57,344 | INFO    |   GAM AUC=0.965 AP=0.929 Brier=0.072
2026-08-27 19:07:35,740 | INFO    |   RF  AUC=0.965 AP=0.929 Brier=0.065
2026-08-27 19:07:35,741 | INFO    | === set_A | MC 31/100 | seed=130 ===
2026-08-27 19:07:38,174 | INFO    |   split agrupado | SU train=312 | SU test=78
2026-08-27 19:07:38,176 | INFO    |   ausencias por año: {2010: 6, 2011: 35, 2012: 17, 2013: 32, 2014: 17, 2015: 21, 2016: 35, 2017: 26, 2018: 37, 2019: 41, 2020: 59, 2021: 73, 2022: 103, 2023: 78, 2024: 82, 2025: 94, 2026: 24}
2026-08-27 19:07:38,869 | INFO    |   LR  AUC=0.949 AP=0.893 Brier=0.090
2026-08-27 19:07:39,821 | INFO    |   GAM AUC=0.950 AP=0.889 Brier=0.088
2026-08-27 19:08:18,086 | INFO    |   RF  AUC=0.947 AP=0.881 Brier=0.084
2026-08-27 19:08:18,086 | INFO    | === set_A | MC 32/100 | seed=131 ===
2026-08-27 19:08:20,465 | INFO    |   split agrupado | SU train=312 | SU test=78
2026-08-27 19:08:20,467 | INFO    |   ausencias por año: {2010: 7, 2011: 29, 2012: 21, 2013: 19, 2014: 17, 2015: 19, 2016: 29, 2017: 41, 2018: 45, 2019: 35, 2020: 49, 2021: 78, 2022: 93, 2023: 89, 2024: 85, 2025: 101, 2026: 23}
2026-08-27 19:08:21,122 | INFO    |   LR  AUC=0.951 AP=0.881 Brier=0.082
2026-08-27 19:08:21,981 | INFO    |   GAM AUC=0.945 AP=0.869 Brier=0.085
2026-08-27 19:08:59,692 | INFO    |   RF  AUC=0.944 AP=0.861 Brier=0.073
2026-08-27 19:08:59,692 | INFO    | === set_A | MC 33/100 | seed=132 ===
2026-08-27 19:09:02,032 | INFO    |   split agrupado | SU train=312 | SU test=78
2026-08-27 19:09:02,035 | INFO    |   ausencias por año: {2010: 4, 2011: 33, 2012: 16, 2013: 22, 2014: 19, 2015: 27, 2016: 23, 2017: 26, 2018: 46, 2019: 30, 2020: 44, 2021: 73, 2022: 106, 2023: 76, 2024: 88, 2025: 121, 2026: 26}
2026-08-27 19:09:02,766 | INFO    |   LR  AUC=0.956 AP=0.911 Brier=0.085
2026-08-27 19:09:03,624 | INFO    |   GAM AUC=0.959 AP=0.918 Brier=0.080
2026-08-27 19:09:47,951 | INFO    |   RF  AUC=0.957 AP=0.905 Brier=0.074
2026-08-27 19:09:47,951 | INFO    | === set_A | MC 34/100 | seed=133 ===
2026-08-27 19:09:50,286 | INFO    |   split agrupado | SU train=312 | SU test=78
2026-08-27 19:09:50,289 | INFO    |   ausencias por año: {2010: 12, 2011: 39, 2012: 8, 2013: 19, 2014: 19, 2015: 20, 2016: 18, 2017: 34, 2018: 45, 2019: 32, 2020: 54, 2021: 95, 2022: 94, 2023: 96, 2024: 78, 2025: 95, 2026: 22}
2026-08-27 19:09:50,980 | INFO    |   LR  AUC=0.971 AP=0.938 Brier=0.069
2026-08-27 19:09:51,872 | INFO    |   GAM AUC=0.973 AP=0.944 Brier=0.066
2026-08-27 19:10:28,900 | INFO    |   RF  AUC=0.963 AP=0.932 Brier=0.066
2026-08-27 19:10:28,901 | INFO    | === set_A | MC 35/100 | seed=134 ===
2026-08-27 19:10:31,191 | INFO    |   split agrupado | SU train=312 | SU test=78
2026-08-27 19:10:31,193 | INFO    |   ausencias por año: {2010: 11, 2011: 25, 2012: 11, 2013: 21, 2014: 19, 2015: 25, 2016: 16, 2017: 43, 2018: 53, 2019: 36, 2020: 39, 2021: 75, 2022: 102, 2023: 94, 2024: 98, 2025: 92, 2026: 20}
2026-08-27 19:10:31,859 | INFO    |   LR  AUC=0.933 AP=0.818 Brier=0.094
2026-08-27 19:10:32,715 | INFO    |   GAM AUC=0.938 AP=0.838 Brier=0.091
2026-08-27 19:11:13,890 | INFO    |   RF  AUC=0.942 AP=0.870 Brier=0.079
2026-08-27 19:11:13,891 | INFO    | === set_A | MC 36/100 | seed=135 ===
2026-08-27 19:11:16,231 | INFO    |   split agrupado | SU train=312 | SU test=78
2026-08-27 19:11:16,233 | INFO    |   ausencias por año: {2010: 12, 2011: 35, 2012: 12, 2013: 11, 2014: 15, 2015: 12, 2016: 28, 2017: 38, 2018: 30, 2019: 44, 2020: 58, 2021: 69, 2022: 117, 2023: 75, 2024: 83, 2025: 119, 2026: 22}
2026-08-27 19:11:16,886 | INFO    |   LR  AUC=0.937 AP=0.879 Brier=0.098
2026-08-27 19:11:17,746 | INFO    |   GAM AUC=0.943 AP=0.886 Brier=0.093
2026-08-27 19:12:01,671 | INFO    |   RF  AUC=0.952 AP=0.904 Brier=0.078
2026-08-27 19:12:01,672 | INFO    | === set_A | MC 37/100 | seed=136 ===
2026-08-27 19:12:03,868 | INFO    |   split agrupado | SU train=312 | SU test=78
2026-08-27 19:12:03,870 | INFO    |   ausencias por año: {2010: 12, 2011: 30, 2012: 18, 2013: 18, 2014: 20, 2015: 18, 2016: 21, 2017: 38, 2018: 38, 2019: 47, 2020: 50, 2021: 83, 2022: 110, 2023: 91, 2024: 63, 2025: 105, 2026: 18}
2026-08-27 19:12:04,418 | INFO    |   LR  AUC=0.959 AP=0.910 Brier=0.075
2026-08-27 19:12:05,152 | INFO    |   GAM AUC=0.961 AP=0.912 Brier=0.072
2026-08-27 19:12:47,657 | INFO    |   RF  AUC=0.954 AP=0.885 Brier=0.068
2026-08-27 19:12:47,658 | INFO    | === set_A | MC 38/100 | seed=137 ===
2026-08-27 19:12:49,952 | INFO    |   split agrupado | SU train=312 | SU test=78
2026-08-27 19:12:49,954 | INFO    |   ausencias por año: {2010: 6, 2011: 36, 2012: 12, 2013: 31, 2014: 10, 2015: 16, 2016: 20, 2017: 33, 2018: 39, 2019: 50, 2020: 62, 2021: 71, 2022: 100, 2023: 91, 2024: 93, 2025: 92, 2026: 18}
2026-08-27 19:12:50,699 | INFO    |   LR  AUC=0.947 AP=0.911 Brier=0.088
2026-08-27 19:12:51,595 | INFO    |   GAM AUC=0.954 AP=0.920 Brier=0.083
2026-08-27 19:13:35,083 | INFO    |   RF  AUC=0.949 AP=0.922 Brier=0.079
2026-08-27 19:13:35,084 | INFO    | === set_A | MC 39/100 | seed=138 ===
2026-08-27 19:13:37,390 | INFO    |   split agrupado | SU train=312 | SU test=78
2026-08-27 19:13:37,392 | INFO    |   ausencias por año: {2010: 11, 2011: 31, 2012: 9, 2013: 20, 2014: 18, 2015: 18, 2016: 26, 2017: 40, 2018: 50, 2019: 41, 2020: 48, 2021: 80, 2022: 115, 2023: 91, 2024: 61, 2025: 106, 2026: 15}
2026-08-27 19:13:38,101 | INFO    |   LR  AUC=0.937 AP=0.839 Brier=0.093
2026-08-27 19:13:38,950 | INFO    |   GAM AUC=0.939 AP=0.840 Brier=0.090
2026-08-27 19:14:20,891 | INFO    |   RF  AUC=0.940 AP=0.858 Brier=0.089
2026-08-27 19:14:20,892 | INFO    | === set_A | MC 40/100 | seed=139 ===
2026-08-27 19:14:23,173 | INFO    |   split agrupado | SU train=312 | SU test=78
2026-08-27 19:14:23,181 | INFO    |   ausencias por año: {2010: 8, 2011: 32, 2012: 15, 2013: 19, 2014: 14, 2015: 15, 2016: 23, 2017: 31, 2018: 34, 2019: 40, 2020: 52, 2021: 102, 2022: 122, 2023: 70, 2024: 90, 2025: 100, 2026: 13}
2026-08-27 19:14:23,839 | INFO    |   LR  AUC=0.951 AP=0.897 Brier=0.087
2026-08-27 19:14:24,690 | INFO    |   GAM AUC=0.953 AP=0.901 Brier=0.084
2026-08-27 19:15:08,022 | INFO    |   RF  AUC=0.944 AP=0.874 Brier=0.081
2026-08-27 19:15:08,023 | INFO    | === set_A | MC 41/100 | seed=140 ===
2026-08-27 19:15:10,335 | INFO    |   split agrupado | SU train=312 | SU test=78
2026-08-27 19:15:10,337 | INFO    |   ausencias por año: {2010: 10, 2011: 39, 2012: 17, 2013: 20, 2014: 18, 2015: 12, 2016: 21, 2017: 37, 2018: 47, 2019: 50, 2020: 40, 2021: 76, 2022: 100, 2023: 82, 2024: 88, 2025: 102, 2026: 21}
2026-08-27 19:15:10,991 | INFO    |   LR  AUC=0.957 AP=0.926 Brier=0.082
2026-08-27 19:15:11,862 | INFO    |   GAM AUC=0.960 AP=0.930 Brier=0.079
2026-08-27 19:15:52,490 | INFO    |   RF  AUC=0.959 AP=0.935 Brier=0.067
2026-08-27 19:15:52,491 | INFO    | === set_A | MC 42/100 | seed=141 ===
2026-08-27 19:15:54,814 | INFO    |   split agrupado | SU train=312 | SU test=78
2026-08-27 19:15:54,816 | INFO    |   ausencias por año: {2010: 7, 2011: 23, 2012: 18, 2013: 23, 2014: 11, 2015: 23, 2016: 19, 2017: 37, 2018: 47, 2019: 51, 2020: 53, 2021: 57, 2022: 105, 2023: 93, 2024: 87, 2025: 103, 2026: 23}
2026-08-27 19:15:55,535 | INFO    |   LR  AUC=0.926 AP=0.830 Brier=0.109
2026-08-27 19:15:56,469 | INFO    |   GAM AUC=0.929 AP=0.839 Brier=0.103
2026-08-27 19:16:39,216 | INFO    |   RF  AUC=0.924 AP=0.784 Brier=0.099
2026-08-27 19:16:39,217 | INFO    | === set_A | MC 43/100 | seed=142 ===
2026-08-27 19:16:41,548 | INFO    |   split agrupado | SU train=312 | SU test=78
2026-08-27 19:16:41,550 | INFO    |   ausencias por año: {2010: 10, 2011: 35, 2012: 10, 2013: 22, 2014: 20, 2015: 22, 2016: 27, 2017: 28, 2018: 40, 2019: 45, 2020: 68, 2021: 67, 2022: 106, 2023: 82, 2024: 80, 2025: 94, 2026: 24}
2026-08-27 19:16:42,218 | INFO    |   LR  AUC=0.946 AP=0.884 Brier=0.093
2026-08-27 19:16:43,092 | INFO    |   GAM AUC=0.949 AP=0.891 Brier=0.088
2026-08-27 19:17:26,722 | INFO    |   RF  AUC=0.946 AP=0.853 Brier=0.077
2026-08-27 19:17:26,722 | INFO    | === set_A | MC 44/100 | seed=143 ===
2026-08-27 19:17:28,708 | INFO    |   split agrupado | SU train=312 | SU test=78
2026-08-27 19:17:28,710 | INFO    |   ausencias por año: {2010: 11, 2011: 36, 2012: 20, 2013: 21, 2014: 25, 2015: 22, 2016: 21, 2017: 35, 2018: 52, 2019: 33, 2020: 51, 2021: 76, 2022: 121, 2023: 83, 2024: 73, 2025: 88, 2026: 12}
2026-08-27 19:17:29,253 | INFO    |   LR  AUC=0.934 AP=0.860 Brier=0.098
2026-08-27 19:17:30,032 | INFO    |   GAM AUC=0.937 AP=0.864 Brier=0.095
2026-08-27 19:18:11,827 | INFO    |   RF  AUC=0.928 AP=0.818 Brier=0.098
2026-08-27 19:18:11,828 | INFO    | === set_A | MC 45/100 | seed=144 ===
2026-08-27 19:18:14,124 | INFO    |   split agrupado | SU train=312 | SU test=78
2026-08-27 19:18:14,126 | INFO    |   ausencias por año: {2010: 9, 2011: 37, 2012: 19, 2013: 22, 2014: 14, 2015: 24, 2016: 16, 2017: 34, 2018: 50, 2019: 42, 2020: 44, 2021: 64, 2022: 115, 2023: 72, 2024: 91, 2025: 105, 2026: 22}
2026-08-27 19:18:14,785 | INFO    |   LR  AUC=0.956 AP=0.882 Brier=0.080
2026-08-27 19:18:15,638 | INFO    |   GAM AUC=0.957 AP=0.882 Brier=0.078
2026-08-27 19:18:59,987 | INFO    |   RF  AUC=0.955 AP=0.874 Brier=0.071
2026-08-27 19:18:59,988 | INFO    | === set_A | MC 46/100 | seed=145 ===
2026-08-27 19:19:02,331 | INFO    |   split agrupado | SU train=312 | SU test=78
2026-08-27 19:19:02,333 | INFO    |   ausencias por año: {2010: 11, 2011: 29, 2012: 15, 2013: 22, 2014: 19, 2015: 19, 2016: 27, 2017: 41, 2018: 39, 2019: 45, 2020: 63, 2021: 73, 2022: 96, 2023: 89, 2024: 77, 2025: 99, 2026: 16}
2026-08-27 19:19:03,012 | INFO    |   LR  AUC=0.936 AP=0.853 Brier=0.102
2026-08-27 19:19:03,873 | INFO    |   GAM AUC=0.939 AP=0.859 Brier=0.100
2026-08-27 19:19:46,246 | INFO    |   RF  AUC=0.935 AP=0.842 Brier=0.100
2026-08-27 19:19:46,247 | INFO    | === set_A | MC 47/100 | seed=146 ===
2026-08-27 19:19:48,539 | INFO    |   split agrupado | SU train=312 | SU test=78
2026-08-27 19:19:48,541 | INFO    |   ausencias por año: {2010: 11, 2011: 34, 2012: 16, 2013: 21, 2014: 15, 2015: 16, 2016: 23, 2017: 32, 2018: 52, 2019: 44, 2020: 56, 2021: 77, 2022: 103, 2023: 80, 2024: 93, 2025: 93, 2026: 14}
2026-08-27 19:19:49,210 | INFO    |   LR  AUC=0.937 AP=0.870 Brier=0.102
2026-08-27 19:19:50,068 | INFO    |   GAM AUC=0.941 AP=0.877 Brier=0.097
2026-08-27 19:20:28,582 | INFO    |   RF  AUC=0.959 AP=0.902 Brier=0.072
2026-08-27 19:20:28,582 | INFO    | === set_A | MC 48/100 | seed=147 ===
2026-08-27 19:20:30,941 | INFO    |   split agrupado | SU train=312 | SU test=78
2026-08-27 19:20:30,943 | INFO    |   ausencias por año: {2010: 5, 2011: 35, 2012: 11, 2013: 25, 2014: 15, 2015: 16, 2016: 26, 2017: 38, 2018: 44, 2019: 46, 2020: 46, 2021: 80, 2022: 103, 2023: 82, 2024: 88, 2025: 99, 2026: 21}
2026-08-27 19:20:31,605 | INFO    |   LR  AUC=0.964 AP=0.914 Brier=0.080
2026-08-27 19:20:32,468 | INFO    |   GAM AUC=0.965 AP=0.915 Brier=0.076
2026-08-27 19:21:12,977 | INFO    |   RF  AUC=0.965 AP=0.907 Brier=0.064
2026-08-27 19:21:12,978 | INFO    | === set_A | MC 49/100 | seed=148 ===
2026-08-27 19:21:15,352 | INFO    |   split agrupado | SU train=312 | SU test=78
2026-08-27 19:21:15,354 | INFO    |   ausencias por año: {2010: 6, 2011: 32, 2012: 14, 2013: 15, 2014: 15, 2015: 15, 2016: 17, 2017: 38, 2018: 42, 2019: 46, 2020: 69, 2021: 75, 2022: 101, 2023: 98, 2024: 81, 2025: 101, 2026: 15}
2026-08-27 19:21:16,009 | INFO    |   LR  AUC=0.954 AP=0.909 Brier=0.085
2026-08-27 19:21:16,883 | INFO    |   GAM AUC=0.956 AP=0.910 Brier=0.082
2026-08-27 19:22:00,787 | INFO    |   RF  AUC=0.941 AP=0.875 Brier=0.083
2026-08-27 19:22:00,788 | INFO    | === set_A | MC 50/100 | seed=149 ===
2026-08-27 19:22:03,177 | INFO    |   split agrupado | SU train=312 | SU test=78
2026-08-27 19:22:03,229 | INFO    |   ausencias por año: {2010: 7, 2011: 36, 2012: 14, 2013: 29, 2014: 17, 2015: 22, 2016: 15, 2017: 33, 2018: 33, 2019: 39, 2020: 47, 2021: 72, 2022: 126, 2023: 92, 2024: 81, 2025: 102, 2026: 15}
2026-08-27 19:22:03,917 | INFO    |   LR  AUC=0.925 AP=0.856 Brier=0.108
2026-08-27 19:22:04,777 | INFO    |   GAM AUC=0.929 AP=0.859 Brier=0.104
2026-08-27 19:22:48,713 | INFO    |   RF  AUC=0.941 AP=0.873 Brier=0.086
2026-08-27 19:22:48,714 | INFO    | === set_A | MC 51/100 | seed=150 ===
2026-08-27 19:22:50,863 | INFO    |   split agrupado | SU train=312 | SU test=78
2026-08-27 19:22:50,864 | INFO    |   ausencias por año: {2010: 7, 2011: 38, 2012: 12, 2013: 17, 2014: 14, 2015: 19, 2016: 30, 2017: 41, 2018: 42, 2019: 29, 2020: 61, 2021: 71, 2022: 111, 2023: 83, 2024: 76, 2025: 107, 2026: 22}
2026-08-27 19:22:51,415 | INFO    |   LR  AUC=0.949 AP=0.838 Brier=0.088
2026-08-27 19:22:52,142 | INFO    |   GAM AUC=0.945 AP=0.831 Brier=0.093
2026-08-27 19:23:34,286 | INFO    |   RF  AUC=0.960 AP=0.875 Brier=0.069
2026-08-27 19:23:34,287 | INFO    | === set_A | MC 52/100 | seed=151 ===
2026-08-27 19:23:36,598 | INFO    |   split agrupado | SU train=312 | SU test=78
2026-08-27 19:23:36,600 | INFO    |   ausencias por año: {2010: 17, 2011: 41, 2012: 20, 2013: 24, 2014: 13, 2015: 11, 2016: 14, 2017: 44, 2018: 40, 2019: 47, 2020: 53, 2021: 67, 2022: 109, 2023: 71, 2024: 78, 2025: 111, 2026: 20}
2026-08-27 19:23:37,264 | INFO    |   LR  AUC=0.979 AP=0.952 Brier=0.059
2026-08-27 19:23:38,122 | INFO    |   GAM AUC=0.979 AP=0.952 Brier=0.057
2026-08-27 19:24:21,630 | INFO    |   RF  AUC=0.969 AP=0.919 Brier=0.055
2026-08-27 19:24:21,631 | INFO    | === set_A | MC 53/100 | seed=152 ===
2026-08-27 19:24:23,928 | INFO    |   split agrupado | SU train=312 | SU test=78
2026-08-27 19:24:23,930 | INFO    |   ausencias por año: {2010: 7, 2011: 22, 2012: 17, 2013: 17, 2014: 15, 2015: 14, 2016: 28, 2017: 38, 2018: 37, 2019: 42, 2020: 55, 2021: 78, 2022: 119, 2023: 84, 2024: 91, 2025: 97, 2026: 19}
2026-08-27 19:24:24,589 | INFO    |   LR  AUC=0.946 AP=0.877 Brier=0.091
2026-08-27 19:24:25,444 | INFO    |   GAM AUC=0.948 AP=0.880 Brier=0.088
2026-08-27 19:25:06,976 | INFO    |   RF  AUC=0.930 AP=0.829 Brier=0.088
2026-08-27 19:25:06,977 | INFO    | === set_A | MC 54/100 | seed=153 ===
2026-08-27 19:25:09,273 | INFO    |   split agrupado | SU train=312 | SU test=78
2026-08-27 19:25:09,275 | INFO    |   ausencias por año: {2010: 7, 2011: 26, 2012: 15, 2013: 22, 2014: 16, 2015: 18, 2016: 27, 2017: 35, 2018: 47, 2019: 36, 2020: 43, 2021: 85, 2022: 95, 2023: 82, 2024: 81, 2025: 121, 2026: 24}
2026-08-27 19:25:09,935 | INFO    |   LR  AUC=0.930 AP=0.872 Brier=0.105
2026-08-27 19:25:10,816 | INFO    |   GAM AUC=0.935 AP=0.877 Brier=0.102
2026-08-27 19:25:53,023 | INFO    |   RF  AUC=0.927 AP=0.823 Brier=0.097
2026-08-27 19:25:53,024 | INFO    | === set_A | MC 55/100 | seed=154 ===
2026-08-27 19:25:55,317 | INFO    |   split agrupado | SU train=312 | SU test=78
2026-08-27 19:25:55,321 | INFO    |   ausencias por año: {2010: 13, 2011: 28, 2012: 6, 2013: 14, 2014: 15, 2015: 18, 2016: 21, 2017: 44, 2018: 41, 2019: 33, 2020: 48, 2021: 91, 2022: 106, 2023: 103, 2024: 85, 2025: 96, 2026: 18}
2026-08-27 19:25:55,976 | INFO    |   LR  AUC=0.942 AP=0.881 Brier=0.093
2026-08-27 19:25:56,794 | INFO    |   GAM AUC=0.944 AP=0.882 Brier=0.092
2026-08-27 19:26:37,106 | INFO    |   RF  AUC=0.944 AP=0.883 Brier=0.085
2026-08-27 19:26:37,107 | INFO    | === set_A | MC 56/100 | seed=155 ===
2026-08-27 19:26:39,082 | INFO    |   split agrupado | SU train=312 | SU test=78
2026-08-27 19:26:39,084 | INFO    |   ausencias por año: {2010: 5, 2011: 35, 2012: 19, 2013: 19, 2014: 18, 2015: 24, 2016: 28, 2017: 38, 2018: 37, 2019: 42, 2020: 49, 2021: 85, 2022: 98, 2023: 73, 2024: 82, 2025: 106, 2026: 22}
2026-08-27 19:26:39,744 | INFO    |   LR  AUC=0.960 AP=0.929 Brier=0.073
2026-08-27 19:26:40,682 | INFO    |   GAM AUC=0.963 AP=0.933 Brier=0.069
2026-08-27 19:27:24,072 | INFO    |   RF  AUC=0.954 AP=0.905 Brier=0.074
2026-08-27 19:27:24,073 | INFO    | === set_A | MC 57/100 | seed=156 ===
2026-08-27 19:27:26,407 | INFO    |   split agrupado | SU train=312 | SU test=78
2026-08-27 19:27:26,409 | INFO    |   ausencias por año: {2010: 6, 2011: 25, 2012: 16, 2013: 26, 2014: 9, 2015: 26, 2016: 24, 2017: 44, 2018: 46, 2019: 45, 2020: 52, 2021: 76, 2022: 110, 2023: 95, 2024: 66, 2025: 99, 2026: 15}
2026-08-27 19:27:27,155 | INFO    |   LR  AUC=0.956 AP=0.910 Brier=0.079
2026-08-27 19:27:28,061 | INFO    |   GAM AUC=0.957 AP=0.914 Brier=0.078
2026-08-27 19:28:11,775 | INFO    |   RF  AUC=0.952 AP=0.902 Brier=0.076
2026-08-27 19:28:11,776 | INFO    | === set_A | MC 58/100 | seed=157 ===
2026-08-27 19:28:14,080 | INFO    |   split agrupado | SU train=312 | SU test=78
2026-08-27 19:28:14,082 | INFO    |   ausencias por año: {2010: 10, 2011: 36, 2012: 17, 2013: 20, 2014: 12, 2015: 15, 2016: 23, 2017: 36, 2018: 36, 2019: 37, 2020: 63, 2021: 75, 2022: 107, 2023: 91, 2024: 96, 2025: 93, 2026: 13}
2026-08-27 19:28:14,751 | INFO    |   LR  AUC=0.940 AP=0.843 Brier=0.092
2026-08-27 19:28:15,568 | INFO    |   GAM AUC=0.939 AP=0.843 Brier=0.092
2026-08-27 19:28:58,002 | INFO    |   RF  AUC=0.949 AP=0.889 Brier=0.078
2026-08-27 19:28:58,002 | INFO    | === set_A | MC 59/100 | seed=158 ===
2026-08-27 19:29:00,277 | INFO    |   split agrupado | SU train=312 | SU test=78
2026-08-27 19:29:00,279 | INFO    |   ausencias por año: {2010: 5, 2011: 28, 2012: 13, 2013: 19, 2014: 11, 2015: 16, 2016: 29, 2017: 37, 2018: 41, 2019: 43, 2020: 60, 2021: 82, 2022: 111, 2023: 82, 2024: 77, 2025: 103, 2026: 23}
2026-08-27 19:29:00,942 | INFO    |   LR  AUC=0.949 AP=0.912 Brier=0.087
2026-08-27 19:29:01,771 | INFO    |   GAM AUC=0.949 AP=0.912 Brier=0.086
2026-08-27 19:29:45,527 | INFO    |   RF  AUC=0.950 AP=0.918 Brier=0.075
2026-08-27 19:29:45,528 | INFO    | === set_A | MC 60/100 | seed=159 ===
2026-08-27 19:29:47,881 | INFO    |   split agrupado | SU train=312 | SU test=78
2026-08-27 19:29:47,882 | INFO    |   ausencias por año: {2010: 4, 2011: 35, 2012: 12, 2013: 13, 2014: 16, 2015: 14, 2016: 26, 2017: 41, 2018: 48, 2019: 42, 2020: 61, 2021: 90, 2022: 95, 2023: 92, 2024: 87, 2025: 85, 2026: 19}
2026-08-27 19:29:48,545 | INFO    |   LR  AUC=0.967 AP=0.936 Brier=0.064
2026-08-27 19:29:49,377 | INFO    |   GAM AUC=0.968 AP=0.936 Brier=0.064
2026-08-27 19:30:25,432 | INFO    |   RF  AUC=0.965 AP=0.933 Brier=0.065
2026-08-27 19:30:25,432 | INFO    | === set_A | MC 61/100 | seed=160 ===
2026-08-27 19:30:27,718 | INFO    |   split agrupado | SU train=312 | SU test=78
2026-08-27 19:30:27,720 | INFO    |   ausencias por año: {2010: 12, 2011: 34, 2012: 10, 2013: 17, 2014: 18, 2015: 16, 2016: 22, 2017: 30, 2018: 46, 2019: 40, 2020: 51, 2021: 82, 2022: 113, 2023: 75, 2024: 85, 2025: 96, 2026: 33}
2026-08-27 19:30:28,387 | INFO    |   LR  AUC=0.974 AP=0.942 Brier=0.066
2026-08-27 19:30:29,268 | INFO    |   GAM AUC=0.975 AP=0.944 Brier=0.064
2026-08-27 19:31:10,614 | INFO    |   RF  AUC=0.974 AP=0.946 Brier=0.060
2026-08-27 19:31:10,615 | INFO    | === set_A | MC 62/100 | seed=161 ===
2026-08-27 19:31:12,911 | INFO    |   split agrupado | SU train=312 | SU test=78
2026-08-27 19:31:12,913 | INFO    |   ausencias por año: {2010: 8, 2011: 34, 2012: 15, 2013: 18, 2014: 15, 2015: 22, 2016: 24, 2017: 27, 2018: 45, 2019: 30, 2020: 62, 2021: 91, 2022: 103, 2023: 86, 2024: 78, 2025: 106, 2026: 16}
2026-08-27 19:31:13,581 | INFO    |   LR  AUC=0.946 AP=0.871 Brier=0.087
2026-08-27 19:31:14,446 | INFO    |   GAM AUC=0.949 AP=0.874 Brier=0.083
2026-08-27 19:31:57,915 | INFO    |   RF  AUC=0.949 AP=0.886 Brier=0.080
2026-08-27 19:31:57,916 | INFO    | === set_A | MC 63/100 | seed=162 ===
2026-08-27 19:31:59,934 | INFO    |   split agrupado | SU train=312 | SU test=78
2026-08-27 19:31:59,936 | INFO    |   ausencias por año: {2010: 11, 2011: 31, 2012: 10, 2013: 12, 2014: 11, 2015: 21, 2016: 29, 2017: 38, 2018: 49, 2019: 37, 2020: 48, 2021: 74, 2022: 107, 2023: 98, 2024: 83, 2025: 102, 2026: 19}
2026-08-27 19:32:00,485 | INFO    |   LR  AUC=0.951 AP=0.882 Brier=0.081
2026-08-27 19:32:01,225 | INFO    |   GAM AUC=0.954 AP=0.895 Brier=0.079
2026-08-27 19:32:44,173 | INFO    |   RF  AUC=0.957 AP=0.911 Brier=0.067
2026-08-27 19:32:44,174 | INFO    | === set_A | MC 64/100 | seed=163 ===
2026-08-27 19:32:46,460 | INFO    |   split agrupado | SU train=312 | SU test=78
2026-08-27 19:32:46,462 | INFO    |   ausencias por año: {2010: 9, 2011: 33, 2012: 12, 2013: 21, 2014: 13, 2015: 10, 2016: 24, 2017: 38, 2018: 47, 2019: 35, 2020: 55, 2021: 80, 2022: 110, 2023: 81, 2024: 87, 2025: 105, 2026: 20}
2026-08-27 19:32:47,119 | INFO    |   LR  AUC=0.936 AP=0.857 Brier=0.098
2026-08-27 19:32:48,020 | INFO    |   GAM AUC=0.937 AP=0.853 Brier=0.097
2026-08-27 19:33:31,616 | INFO    |   RF  AUC=0.946 AP=0.880 Brier=0.083
2026-08-27 19:33:31,617 | INFO    | === set_A | MC 65/100 | seed=164 ===
2026-08-27 19:33:34,003 | INFO    |   split agrupado | SU train=312 | SU test=78
2026-08-27 19:33:34,005 | INFO    |   ausencias por año: {2010: 13, 2011: 32, 2012: 16, 2013: 22, 2014: 15, 2015: 19, 2016: 20, 2017: 32, 2018: 47, 2019: 44, 2020: 56, 2021: 86, 2022: 95, 2023: 75, 2024: 83, 2025: 108, 2026: 17}
2026-08-27 19:33:34,665 | INFO    |   LR  AUC=0.963 AP=0.907 Brier=0.079
2026-08-27 19:33:35,529 | INFO    |   GAM AUC=0.966 AP=0.913 Brier=0.076
2026-08-27 19:34:17,313 | INFO    |   RF  AUC=0.980 AP=0.959 Brier=0.051
2026-08-27 19:34:17,314 | INFO    | === set_A | MC 66/100 | seed=165 ===
2026-08-27 19:34:19,652 | INFO    |   split agrupado | SU train=312 | SU test=78
2026-08-27 19:34:19,654 | INFO    |   ausencias por año: {2010: 11, 2011: 26, 2012: 9, 2013: 24, 2014: 15, 2015: 20, 2016: 23, 2017: 26, 2018: 40, 2019: 47, 2020: 54, 2021: 85, 2022: 112, 2023: 79, 2024: 85, 2025: 107, 2026: 17}
2026-08-27 19:34:20,356 | INFO    |   LR  AUC=0.954 AP=0.902 Brier=0.075
2026-08-27 19:34:21,287 | INFO    |   GAM AUC=0.957 AP=0.905 Brier=0.072
2026-08-27 19:35:04,546 | INFO    |   RF  AUC=0.954 AP=0.908 Brier=0.072
2026-08-27 19:35:04,547 | INFO    | === set_A | MC 67/100 | seed=166 ===
2026-08-27 19:35:06,888 | INFO    |   split agrupado | SU train=312 | SU test=78
2026-08-27 19:35:06,890 | INFO    |   ausencias por año: {2010: 7, 2011: 34, 2012: 23, 2013: 19, 2014: 21, 2015: 19, 2016: 19, 2017: 37, 2018: 43, 2019: 48, 2020: 61, 2021: 74, 2022: 107, 2023: 76, 2024: 68, 2025: 105, 2026: 19}
2026-08-27 19:35:07,584 | INFO    |   LR  AUC=0.952 AP=0.893 Brier=0.086
2026-08-27 19:35:08,511 | INFO    |   GAM AUC=0.952 AP=0.896 Brier=0.085
2026-08-27 19:35:49,292 | INFO    |   RF  AUC=0.956 AP=0.889 Brier=0.077
2026-08-27 19:35:49,293 | INFO    | === set_A | MC 68/100 | seed=167 ===
2026-08-27 19:35:51,582 | INFO    |   split agrupado | SU train=312 | SU test=78
2026-08-27 19:35:51,584 | INFO    |   ausencias por año: {2010: 10, 2011: 34, 2012: 9, 2013: 15, 2014: 18, 2015: 20, 2016: 25, 2017: 26, 2018: 37, 2019: 43, 2020: 55, 2021: 71, 2022: 108, 2023: 87, 2024: 93, 2025: 110, 2026: 19}
2026-08-27 19:35:52,250 | INFO    |   LR  AUC=0.965 AP=0.914 Brier=0.075
2026-08-27 19:35:53,126 | INFO    |   GAM AUC=0.968 AP=0.921 Brier=0.070
2026-08-27 19:36:35,044 | INFO    |   RF  AUC=0.958 AP=0.883 Brier=0.068
2026-08-27 19:36:35,045 | INFO    | === set_A | MC 69/100 | seed=168 ===
2026-08-27 19:36:37,344 | INFO    |   split agrupado | SU train=312 | SU test=78
2026-08-27 19:36:37,346 | INFO    |   ausencias por año: {2010: 3, 2011: 26, 2012: 24, 2013: 21, 2014: 11, 2015: 20, 2016: 19, 2017: 43, 2018: 32, 2019: 40, 2020: 65, 2021: 79, 2022: 117, 2023: 91, 2024: 73, 2025: 102, 2026: 14}
2026-08-27 19:36:38,007 | INFO    |   LR  AUC=0.954 AP=0.907 Brier=0.085
2026-08-27 19:36:38,892 | INFO    |   GAM AUC=0.958 AP=0.915 Brier=0.080
2026-08-27 19:37:22,661 | INFO    |   RF  AUC=0.947 AP=0.867 Brier=0.076
2026-08-27 19:37:22,662 | INFO    | === set_A | MC 70/100 | seed=169 ===
2026-08-27 19:37:24,656 | INFO    |   split agrupado | SU train=312 | SU test=78
2026-08-27 19:37:24,658 | INFO    |   ausencias por año: {2010: 12, 2011: 22, 2012: 12, 2013: 20, 2014: 13, 2015: 26, 2016: 18, 2017: 26, 2018: 49, 2019: 45, 2020: 52, 2021: 83, 2022: 100, 2023: 79, 2024: 94, 2025: 107, 2026: 22}
2026-08-27 19:37:25,204 | INFO    |   LR  AUC=0.955 AP=0.906 Brier=0.081
2026-08-27 19:37:25,958 | INFO    |   GAM AUC=0.955 AP=0.903 Brier=0.078
2026-08-27 19:38:08,163 | INFO    |   RF  AUC=0.956 AP=0.914 Brier=0.072
2026-08-27 19:38:08,163 | INFO    | === set_A | MC 71/100 | seed=170 ===
2026-08-27 19:38:10,473 | INFO    |   split agrupado | SU train=312 | SU test=78
2026-08-27 19:38:10,475 | INFO    |   ausencias por año: {2010: 12, 2011: 30, 2012: 15, 2013: 21, 2014: 13, 2015: 19, 2016: 19, 2017: 39, 2018: 36, 2019: 57, 2020: 56, 2021: 84, 2022: 100, 2023: 91, 2024: 62, 2025: 110, 2026: 16}
2026-08-27 19:38:11,191 | INFO    |   LR  AUC=0.959 AP=0.917 Brier=0.080
2026-08-27 19:38:12,034 | INFO    |   GAM AUC=0.965 AP=0.928 Brier=0.074
2026-08-27 19:38:55,036 | INFO    |   RF  AUC=0.963 AP=0.927 Brier=0.069
2026-08-27 19:38:55,037 | INFO    | === set_A | MC 72/100 | seed=171 ===
2026-08-27 19:38:57,351 | INFO    |   split agrupado | SU train=312 | SU test=78
2026-08-27 19:38:57,353 | INFO    |   ausencias por año: {2010: 15, 2011: 38, 2012: 14, 2013: 20, 2014: 17, 2015: 22, 2016: 20, 2017: 33, 2018: 51, 2019: 59, 2020: 37, 2021: 82, 2022: 103, 2023: 79, 2024: 87, 2025: 84, 2026: 19}
2026-08-27 19:38:58,006 | INFO    |   LR  AUC=0.957 AP=0.902 Brier=0.083
2026-08-27 19:38:58,834 | INFO    |   GAM AUC=0.955 AP=0.897 Brier=0.082
2026-08-27 19:39:40,701 | INFO    |   RF  AUC=0.961 AP=0.909 Brier=0.065
2026-08-27 19:39:40,702 | INFO    | === set_A | MC 73/100 | seed=172 ===
2026-08-27 19:39:42,974 | INFO    |   split agrupado | SU train=312 | SU test=78
2026-08-27 19:39:42,976 | INFO    |   ausencias por año: {2010: 12, 2011: 26, 2012: 12, 2013: 31, 2014: 13, 2015: 25, 2016: 21, 2017: 40, 2018: 42, 2019: 40, 2020: 46, 2021: 79, 2022: 97, 2023: 87, 2024: 77, 2025: 111, 2026: 21}
2026-08-27 19:39:43,638 | INFO    |   LR  AUC=0.945 AP=0.896 Brier=0.088
2026-08-27 19:39:44,504 | INFO    |   GAM AUC=0.950 AP=0.904 Brier=0.084
2026-08-27 19:40:23,311 | INFO    |   RF  AUC=0.954 AP=0.926 Brier=0.071
2026-08-27 19:40:23,312 | INFO    | === set_A | MC 74/100 | seed=173 ===
2026-08-27 19:40:25,643 | INFO    |   split agrupado | SU train=312 | SU test=78
2026-08-27 19:40:25,645 | INFO    |   ausencias por año: {2010: 8, 2011: 33, 2012: 9, 2013: 20, 2014: 9, 2015: 20, 2016: 23, 2017: 41, 2018: 36, 2019: 34, 2020: 58, 2021: 90, 2022: 108, 2023: 83, 2024: 101, 2025: 80, 2026: 27}
2026-08-27 19:40:26,309 | INFO    |   LR  AUC=0.953 AP=0.886 Brier=0.081
2026-08-27 19:40:27,154 | INFO    |   GAM AUC=0.956 AP=0.892 Brier=0.078
2026-08-27 19:41:07,706 | INFO    |   RF  AUC=0.949 AP=0.905 Brier=0.080
2026-08-27 19:41:07,706 | INFO    | === set_A | MC 75/100 | seed=174 ===
2026-08-27 19:41:09,842 | INFO    |   split agrupado | SU train=312 | SU test=78
2026-08-27 19:41:09,845 | INFO    |   ausencias por año: {2010: 9, 2011: 38, 2012: 15, 2013: 14, 2014: 16, 2015: 25, 2016: 25, 2017: 41, 2018: 38, 2019: 37, 2020: 58, 2021: 83, 2022: 98, 2023: 79, 2024: 89, 2025: 93, 2026: 22}
2026-08-27 19:41:10,610 | INFO    |   LR  AUC=0.952 AP=0.920 Brier=0.082
2026-08-27 19:41:11,532 | INFO    |   GAM AUC=0.957 AP=0.924 Brier=0.078
2026-08-27 19:41:55,113 | INFO    |   RF  AUC=0.941 AP=0.871 Brier=0.073
2026-08-27 19:41:55,114 | INFO    | === set_A | MC 76/100 | seed=175 ===
2026-08-27 19:41:57,477 | INFO    |   split agrupado | SU train=312 | SU test=78
2026-08-27 19:41:57,479 | INFO    |   ausencias por año: {2010: 6, 2011: 33, 2012: 17, 2013: 15, 2014: 19, 2015: 13, 2016: 26, 2017: 37, 2018: 42, 2019: 51, 2020: 56, 2021: 65, 2022: 108, 2023: 97, 2024: 87, 2025: 86, 2026: 22}
2026-08-27 19:41:58,182 | INFO    |   LR  AUC=0.960 AP=0.908 Brier=0.074
2026-08-27 19:41:59,109 | INFO    |   GAM AUC=0.965 AP=0.919 Brier=0.070
2026-08-27 19:42:42,998 | INFO    |   RF  AUC=0.961 AP=0.896 Brier=0.071
2026-08-27 19:42:42,999 | INFO    | === set_A | MC 77/100 | seed=176 ===
2026-08-27 19:42:45,284 | INFO    |   split agrupado | SU train=312 | SU test=78
2026-08-27 19:42:45,286 | INFO    |   ausencias por año: {2010: 12, 2011: 33, 2012: 14, 2013: 16, 2014: 13, 2015: 28, 2016: 20, 2017: 37, 2018: 39, 2019: 35, 2020: 49, 2021: 88, 2022: 96, 2023: 85, 2024: 83, 2025: 112, 2026: 20}
2026-08-27 19:42:45,945 | INFO    |   LR  AUC=0.953 AP=0.884 Brier=0.086
2026-08-27 19:42:46,772 | INFO    |   GAM AUC=0.953 AP=0.891 Brier=0.083
2026-08-27 19:43:28,825 | INFO    |   RF  AUC=0.953 AP=0.893 Brier=0.076
2026-08-27 19:43:28,825 | INFO    | === set_A | MC 78/100 | seed=177 ===
2026-08-27 19:43:31,116 | INFO    |   split agrupado | SU train=312 | SU test=78
2026-08-27 19:43:31,118 | INFO    |   ausencias por año: {2010: 10, 2011: 37, 2012: 16, 2013: 23, 2014: 20, 2015: 18, 2016: 18, 2017: 46, 2018: 42, 2019: 33, 2020: 45, 2021: 75, 2022: 119, 2023: 85, 2024: 88, 2025: 91, 2026: 14}
2026-08-27 19:43:31,795 | INFO    |   LR  AUC=0.955 AP=0.903 Brier=0.077
2026-08-27 19:43:32,687 | INFO    |   GAM AUC=0.959 AP=0.909 Brier=0.074
2026-08-27 19:44:14,290 | INFO    |   RF  AUC=0.969 AP=0.933 Brier=0.060
2026-08-27 19:44:14,291 | INFO    | === set_A | MC 79/100 | seed=178 ===
2026-08-27 19:44:16,573 | INFO    |   split agrupado | SU train=312 | SU test=78
2026-08-27 19:44:16,575 | INFO    |   ausencias por año: {2010: 3, 2011: 29, 2012: 13, 2013: 9, 2014: 14, 2015: 19, 2016: 29, 2017: 47, 2018: 47, 2019: 48, 2020: 57, 2021: 80, 2022: 99, 2023: 76, 2024: 88, 2025: 105, 2026: 17}
2026-08-27 19:44:17,290 | INFO    |   LR  AUC=0.933 AP=0.815 Brier=0.096
2026-08-27 19:44:18,129 | INFO    |   GAM AUC=0.932 AP=0.808 Brier=0.096
2026-08-27 19:45:00,814 | INFO    |   RF  AUC=0.930 AP=0.850 Brier=0.094
2026-08-27 19:45:00,815 | INFO    | === set_A | MC 80/100 | seed=179 ===
2026-08-27 19:45:03,266 | INFO    |   split agrupado | SU train=312 | SU test=78
2026-08-27 19:45:03,268 | INFO    |   ausencias por año: {2010: 10, 2011: 31, 2012: 15, 2013: 15, 2014: 15, 2015: 17, 2016: 22, 2017: 38, 2018: 51, 2019: 47, 2020: 46, 2021: 89, 2022: 101, 2023: 79, 2024: 80, 2025: 112, 2026: 12}
2026-08-27 19:45:03,929 | INFO    |   LR  AUC=0.954 AP=0.908 Brier=0.081
2026-08-27 19:45:04,793 | INFO    |   GAM AUC=0.953 AP=0.909 Brier=0.082
2026-08-27 19:45:47,071 | INFO    |   RF  AUC=0.964 AP=0.924 Brier=0.067
2026-08-27 19:45:47,072 | INFO    | === set_A | MC 81/100 | seed=180 ===
2026-08-27 19:45:49,353 | INFO    |   split agrupado | SU train=312 | SU test=78
2026-08-27 19:45:49,355 | INFO    |   ausencias por año: {2010: 7, 2011: 29, 2012: 24, 2013: 18, 2014: 12, 2015: 24, 2016: 19, 2017: 38, 2018: 45, 2019: 38, 2020: 55, 2021: 72, 2022: 117, 2023: 89, 2024: 82, 2025: 101, 2026: 10}
2026-08-27 19:45:50,009 | INFO    |   LR  AUC=0.956 AP=0.900 Brier=0.080
2026-08-27 19:45:50,878 | INFO    |   GAM AUC=0.960 AP=0.913 Brier=0.076
2026-08-27 19:46:31,989 | INFO    |   RF  AUC=0.964 AP=0.913 Brier=0.067
2026-08-27 19:46:31,990 | INFO    | === set_A | MC 82/100 | seed=181 ===
2026-08-27 19:46:34,215 | INFO    |   split agrupado | SU train=312 | SU test=78
2026-08-27 19:46:34,216 | INFO    |   ausencias por año: {2010: 7, 2011: 32, 2012: 15, 2013: 20, 2014: 9, 2015: 18, 2016: 23, 2017: 30, 2018: 47, 2019: 43, 2020: 54, 2021: 75, 2022: 109, 2023: 69, 2024: 89, 2025: 116, 2026: 24}
2026-08-27 19:46:34,764 | INFO    |   LR  AUC=0.939 AP=0.872 Brier=0.097
2026-08-27 19:46:35,681 | INFO    |   GAM AUC=0.943 AP=0.880 Brier=0.093
2026-08-27 19:47:19,410 | INFO    |   RF  AUC=0.943 AP=0.883 Brier=0.079
2026-08-27 19:47:19,411 | INFO    | === set_A | MC 83/100 | seed=182 ===
2026-08-27 19:47:21,709 | INFO    |   split agrupado | SU train=312 | SU test=78
2026-08-27 19:47:21,712 | INFO    |   ausencias por año: {2010: 10, 2011: 28, 2012: 14, 2013: 17, 2014: 18, 2015: 19, 2016: 24, 2017: 31, 2018: 44, 2019: 40, 2020: 51, 2021: 80, 2022: 108, 2023: 85, 2024: 80, 2025: 113, 2026: 18}
2026-08-27 19:47:22,377 | INFO    |   LR  AUC=0.940 AP=0.852 Brier=0.093
2026-08-27 19:47:23,225 | INFO    |   GAM AUC=0.940 AP=0.856 Brier=0.092
2026-08-27 19:48:06,752 | INFO    |   RF  AUC=0.935 AP=0.863 Brier=0.088
2026-08-27 19:48:06,753 | INFO    | === set_A | MC 84/100 | seed=183 ===
2026-08-27 19:48:08,870 | INFO    |   split agrupado | SU train=312 | SU test=78
2026-08-27 19:48:08,872 | INFO    |   ausencias por año: {2010: 9, 2011: 39, 2012: 13, 2013: 17, 2014: 14, 2015: 17, 2016: 23, 2017: 36, 2018: 37, 2019: 44, 2020: 46, 2021: 91, 2022: 87, 2023: 95, 2024: 86, 2025: 103, 2026: 23}
2026-08-27 19:48:09,460 | INFO    |   LR  AUC=0.945 AP=0.862 Brier=0.094
2026-08-27 19:48:10,226 | INFO    |   GAM AUC=0.946 AP=0.864 Brier=0.091
2026-08-27 19:48:51,761 | INFO    |   RF  AUC=0.949 AP=0.891 Brier=0.083
2026-08-27 19:48:51,762 | INFO    | === set_A | MC 85/100 | seed=184 ===
2026-08-27 19:48:53,847 | INFO    |   split agrupado | SU train=312 | SU test=78
2026-08-27 19:48:53,849 | INFO    |   ausencias por año: {2010: 6, 2011: 27, 2012: 17, 2013: 16, 2014: 14, 2015: 22, 2016: 26, 2017: 43, 2018: 48, 2019: 36, 2020: 62, 2021: 81, 2022: 100, 2023: 86, 2024: 80, 2025: 102, 2026: 14}
2026-08-27 19:48:54,435 | INFO    |   LR  AUC=0.924 AP=0.851 Brier=0.103
2026-08-27 19:48:55,189 | INFO    |   GAM AUC=0.917 AP=0.828 Brier=0.109
2026-08-27 19:49:37,362 | INFO    |   RF  AUC=0.937 AP=0.877 Brier=0.089
2026-08-27 19:49:37,363 | INFO    | === set_A | MC 86/100 | seed=185 ===
2026-08-27 19:49:39,492 | INFO    |   split agrupado | SU train=312 | SU test=78
2026-08-27 19:49:39,494 | INFO    |   ausencias por año: {2010: 9, 2011: 37, 2012: 15, 2013: 27, 2014: 14, 2015: 16, 2016: 24, 2017: 31, 2018: 34, 2019: 38, 2020: 42, 2021: 82, 2022: 99, 2023: 104, 2024: 81, 2025: 113, 2026: 14}
2026-08-27 19:49:40,058 | INFO    |   LR  AUC=0.949 AP=0.900 Brier=0.087
2026-08-27 19:49:40,819 | INFO    |   GAM AUC=0.954 AP=0.906 Brier=0.083
2026-08-27 19:50:18,038 | INFO    |   RF  AUC=0.950 AP=0.917 Brier=0.075
2026-08-27 19:50:18,038 | INFO    | === set_A | MC 87/100 | seed=186 ===
2026-08-27 19:50:20,304 | INFO    |   split agrupado | SU train=312 | SU test=78
2026-08-27 19:50:20,305 | INFO    |   ausencias por año: {2010: 7, 2011: 29, 2012: 17, 2013: 26, 2014: 12, 2015: 19, 2016: 19, 2017: 35, 2018: 36, 2019: 37, 2020: 46, 2021: 94, 2022: 101, 2023: 81, 2024: 84, 2025: 115, 2026: 22}
2026-08-27 19:50:20,879 | INFO    |   LR  AUC=0.951 AP=0.885 Brier=0.089
2026-08-27 19:50:21,634 | INFO    |   GAM AUC=0.952 AP=0.885 Brier=0.085
2026-08-27 19:51:02,156 | INFO    |   RF  AUC=0.954 AP=0.908 Brier=0.068
2026-08-27 19:51:02,157 | INFO    | === set_A | MC 88/100 | seed=187 ===
2026-08-27 19:51:04,376 | INFO    |   split agrupado | SU train=312 | SU test=78
2026-08-27 19:51:04,378 | INFO    |   ausencias por año: {2010: 8, 2011: 35, 2012: 12, 2013: 21, 2014: 15, 2015: 26, 2016: 15, 2017: 47, 2018: 34, 2019: 39, 2020: 52, 2021: 81, 2022: 96, 2023: 84, 2024: 79, 2025: 117, 2026: 19}
2026-08-27 19:51:04,952 | INFO    |   LR  AUC=0.952 AP=0.869 Brier=0.087
2026-08-27 19:51:05,704 | INFO    |   GAM AUC=0.958 AP=0.883 Brier=0.079
2026-08-27 19:51:46,236 | INFO    |   RF  AUC=0.952 AP=0.891 Brier=0.081
2026-08-27 19:51:46,237 | INFO    | === set_A | MC 89/100 | seed=188 ===
2026-08-27 19:51:48,296 | INFO    |   split agrupado | SU train=312 | SU test=78
2026-08-27 19:51:48,298 | INFO    |   ausencias por año: {2010: 12, 2011: 48, 2012: 5, 2013: 19, 2014: 16, 2015: 11, 2016: 22, 2017: 39, 2018: 35, 2019: 38, 2020: 52, 2021: 81, 2022: 119, 2023: 71, 2024: 83, 2025: 107, 2026: 22}
2026-08-27 19:51:48,856 | INFO    |   LR  AUC=0.956 AP=0.902 Brier=0.083
2026-08-27 19:51:49,588 | INFO    |   GAM AUC=0.959 AP=0.912 Brier=0.078
2026-08-27 19:52:31,639 | INFO    |   RF  AUC=0.947 AP=0.864 Brier=0.080
2026-08-27 19:52:31,640 | INFO    | === set_A | MC 90/100 | seed=189 ===
2026-08-27 19:52:33,724 | INFO    |   split agrupado | SU train=312 | SU test=78
2026-08-27 19:52:33,726 | INFO    |   ausencias por año: {2010: 5, 2011: 24, 2012: 19, 2013: 17, 2014: 16, 2015: 16, 2016: 17, 2017: 45, 2018: 46, 2019: 47, 2020: 62, 2021: 86, 2022: 108, 2023: 78, 2024: 72, 2025: 109, 2026: 13}
2026-08-27 19:52:34,287 | INFO    |   LR  AUC=0.939 AP=0.858 Brier=0.090
2026-08-27 19:52:35,029 | INFO    |   GAM AUC=0.943 AP=0.867 Brier=0.087
2026-08-27 19:53:16,638 | INFO    |   RF  AUC=0.943 AP=0.872 Brier=0.084
2026-08-27 19:53:16,639 | INFO    | === set_A | MC 91/100 | seed=190 ===
2026-08-27 19:53:18,677 | INFO    |   split agrupado | SU train=312 | SU test=78
2026-08-27 19:53:18,679 | INFO    |   ausencias por año: {2010: 13, 2011: 29, 2012: 13, 2013: 13, 2014: 16, 2015: 12, 2016: 22, 2017: 38, 2018: 49, 2019: 37, 2020: 47, 2021: 75, 2022: 98, 2023: 82, 2024: 92, 2025: 117, 2026: 27}
2026-08-27 19:53:19,236 | INFO    |   LR  AUC=0.944 AP=0.857 Brier=0.085
2026-08-27 19:53:19,970 | INFO    |   GAM AUC=0.949 AP=0.873 Brier=0.081
2026-08-27 19:54:01,420 | INFO    |   RF  AUC=0.956 AP=0.914 Brier=0.072
2026-08-27 19:54:01,422 | INFO    | === set_A | MC 92/100 | seed=191 ===
2026-08-27 19:54:03,588 | INFO    |   split agrupado | SU train=312 | SU test=78
2026-08-27 19:54:03,590 | INFO    |   ausencias por año: {2010: 12, 2011: 29, 2012: 13, 2013: 22, 2014: 18, 2015: 23, 2016: 21, 2017: 29, 2018: 41, 2019: 48, 2020: 50, 2021: 78, 2022: 110, 2023: 75, 2024: 79, 2025: 111, 2026: 21}
2026-08-27 19:54:04,152 | INFO    |   LR  AUC=0.946 AP=0.874 Brier=0.089
2026-08-27 19:54:04,901 | INFO    |   GAM AUC=0.941 AP=0.858 Brier=0.095
2026-08-27 19:54:47,013 | INFO    |   RF  AUC=0.956 AP=0.904 Brier=0.077
2026-08-27 19:54:47,014 | INFO    | === set_A | MC 93/100 | seed=192 ===
2026-08-27 19:54:49,073 | INFO    |   split agrupado | SU train=312 | SU test=78
2026-08-27 19:54:49,075 | INFO    |   ausencias por año: {2010: 8, 2011: 37, 2012: 12, 2013: 21, 2014: 19, 2015: 16, 2016: 32, 2017: 25, 2018: 42, 2019: 40, 2020: 53, 2021: 86, 2022: 98, 2023: 80, 2024: 74, 2025: 112, 2026: 25}
2026-08-27 19:54:49,642 | INFO    |   LR  AUC=0.965 AP=0.915 Brier=0.071
2026-08-27 19:54:50,392 | INFO    |   GAM AUC=0.966 AP=0.915 Brier=0.070
2026-08-27 19:55:30,369 | INFO    |   RF  AUC=0.969 AP=0.921 Brier=0.061
2026-08-27 19:55:30,370 | INFO    | === set_A | MC 94/100 | seed=193 ===
2026-08-27 19:55:32,526 | INFO    |   split agrupado | SU train=312 | SU test=78
2026-08-27 19:55:32,528 | INFO    |   ausencias por año: {2010: 12, 2011: 31, 2012: 17, 2013: 17, 2014: 7, 2015: 19, 2016: 22, 2017: 40, 2018: 44, 2019: 40, 2020: 56, 2021: 77, 2022: 105, 2023: 76, 2024: 76, 2025: 119, 2026: 22}
2026-08-27 19:55:33,108 | INFO    |   LR  AUC=0.957 AP=0.908 Brier=0.082
2026-08-27 19:55:33,864 | INFO    |   GAM AUC=0.960 AP=0.916 Brier=0.078
2026-08-27 19:56:14,869 | INFO    |   RF  AUC=0.956 AP=0.921 Brier=0.077
2026-08-27 19:56:14,870 | INFO    | === set_A | MC 95/100 | seed=194 ===
2026-08-27 19:56:16,945 | INFO    |   split agrupado | SU train=312 | SU test=78
2026-08-27 19:56:16,947 | INFO    |   ausencias por año: {2010: 15, 2011: 34, 2012: 19, 2013: 17, 2014: 11, 2015: 12, 2016: 25, 2017: 42, 2018: 44, 2019: 54, 2020: 45, 2021: 86, 2022: 87, 2023: 70, 2024: 89, 2025: 109, 2026: 21}
2026-08-27 19:56:17,516 | INFO    |   LR  AUC=0.950 AP=0.885 Brier=0.086
2026-08-27 19:56:18,259 | INFO    |   GAM AUC=0.944 AP=0.873 Brier=0.089
2026-08-27 19:56:58,661 | INFO    |   RF  AUC=0.952 AP=0.910 Brier=0.073
2026-08-27 19:56:58,661 | INFO    | === set_A | MC 96/100 | seed=195 ===
2026-08-27 19:57:00,753 | INFO    |   split agrupado | SU train=312 | SU test=78
2026-08-27 19:57:00,755 | INFO    |   ausencias por año: {2010: 14, 2011: 32, 2012: 12, 2013: 16, 2014: 17, 2015: 20, 2016: 23, 2017: 35, 2018: 47, 2019: 42, 2020: 49, 2021: 86, 2022: 107, 2023: 89, 2024: 75, 2025: 101, 2026: 15}
2026-08-27 19:57:01,334 | INFO    |   LR  AUC=0.969 AP=0.924 Brier=0.069
2026-08-27 19:57:02,214 | INFO    |   GAM AUC=0.973 AP=0.935 Brier=0.064
2026-08-27 19:57:43,535 | INFO    |   RF  AUC=0.969 AP=0.936 Brier=0.058
2026-08-27 19:57:43,535 | INFO    | === set_A | MC 97/100 | seed=196 ===
2026-08-27 19:57:45,589 | INFO    |   split agrupado | SU train=312 | SU test=78
2026-08-27 19:57:45,591 | INFO    |   ausencias por año: {2010: 8, 2011: 36, 2012: 14, 2013: 19, 2014: 15, 2015: 15, 2016: 25, 2017: 26, 2018: 56, 2019: 48, 2020: 53, 2021: 89, 2022: 102, 2023: 69, 2024: 80, 2025: 104, 2026: 21}
2026-08-27 19:57:46,151 | INFO    |   LR  AUC=0.952 AP=0.906 Brier=0.083
2026-08-27 19:57:46,895 | INFO    |   GAM AUC=0.955 AP=0.911 Brier=0.079
2026-08-27 19:58:27,900 | INFO    |   RF  AUC=0.955 AP=0.890 Brier=0.070
2026-08-27 19:58:27,901 | INFO    | === set_A | MC 98/100 | seed=197 ===
2026-08-27 19:58:30,247 | INFO    |   split agrupado | SU train=312 | SU test=78
2026-08-27 19:58:30,249 | INFO    |   ausencias por año: {2010: 4, 2011: 33, 2012: 14, 2013: 19, 2014: 20, 2015: 11, 2016: 26, 2017: 33, 2018: 41, 2019: 41, 2020: 54, 2021: 73, 2022: 120, 2023: 77, 2024: 82, 2025: 112, 2026: 20}
2026-08-27 19:58:30,827 | INFO    |   LR  AUC=0.951 AP=0.868 Brier=0.081
2026-08-27 19:58:31,589 | INFO    |   GAM AUC=0.955 AP=0.871 Brier=0.075
2026-08-27 19:59:13,060 | INFO    |   RF  AUC=0.960 AP=0.892 Brier=0.070
2026-08-27 19:59:13,060 | INFO    | === set_A | MC 99/100 | seed=198 ===
2026-08-27 19:59:15,118 | INFO    |   split agrupado | SU train=312 | SU test=78
2026-08-27 19:59:15,120 | INFO    |   ausencias por año: {2010: 16, 2011: 20, 2012: 16, 2013: 22, 2014: 16, 2015: 26, 2016: 23, 2017: 39, 2018: 42, 2019: 48, 2020: 54, 2021: 76, 2022: 84, 2023: 86, 2024: 88, 2025: 101, 2026: 23}
2026-08-27 19:59:15,681 | INFO    |   LR  AUC=0.932 AP=0.841 Brier=0.103
2026-08-27 19:59:16,466 | INFO    |   GAM AUC=0.932 AP=0.840 Brier=0.101
2026-08-27 19:59:58,383 | INFO    |   RF  AUC=0.927 AP=0.840 Brier=0.095
2026-08-27 19:59:58,383 | INFO    | === set_A | MC 100/100 | seed=199 ===
2026-08-27 20:00:00,495 | INFO    |   split agrupado | SU train=312 | SU test=78
2026-08-27 20:00:00,497 | INFO    |   ausencias por año: {2010: 5, 2011: 31, 2012: 18, 2013: 24, 2014: 16, 2015: 16, 2016: 14, 2017: 46, 2018: 43, 2019: 54, 2020: 57, 2021: 58, 2022: 96, 2023: 85, 2024: 91, 2025: 105, 2026: 21}
2026-08-27 20:00:01,064 | INFO    |   LR  AUC=0.941 AP=0.860 Brier=0.096
2026-08-27 20:00:02,065 | INFO    |   GAM AUC=0.944 AP=0.870 Brier=0.094
2026-08-27 20:00:38,723 | INFO    |   RF  AUC=0.933 AP=0.831 Brier=0.091
2026-08-27 20:00:38,769 | INFO    | RESUMEN set_A (AUROC):
       median    mean     std
model                        
GAM    0.9523  0.9506  0.0124
LR     0.9508  0.9484  0.0121
RF     0.9510  0.9501  0.0124
2026-08-27 20:00:38,769 | INFO    | === set_A LISTO ===
2026-08-29 10:37:46,227 | INFO    | ======================================================================
2026-08-29 10:37:46,229 | INFO    | INICIO set_A: 2026-08-29T10:37:46
2026-08-29 10:38:20,885 | INFO    | Slope units: 61167 | filas evento: 492
2026-08-29 10:38:21,157 | INFO    |   Est.    1: 2010-01-12 -> 2026-03-18 |  94.0% con dato | 1985 duplicados
2026-08-29 10:38:21,325 | INFO    |   Est.    2: 2010-01-01 -> 2026-03-18 |  90.7% con dato | 249 duplicados
2026-08-29 10:38:21,469 | INFO    |   Est.    3: 2010-01-01 -> 2026-03-18 |  89.5% con dato | 1991 duplicados
2026-08-29 10:38:21,624 | INFO    |   Est.    4: 2010-01-01 -> 2026-03-18 |  84.2% con dato | 1972 duplicados
2026-08-29 10:38:21,798 | INFO    |   Est.    5: 2010-01-01 -> 2026-03-18 |  95.7% con dato | 1991 duplicados
2026-08-29 10:38:21,983 | INFO    |   Est.    7: 2010-01-01 -> 2026-03-18 |  90.6% con dato | 1991 duplicados
2026-08-29 10:38:22,145 | INFO    |   Est.    8: 2010-01-01 -> 2026-03-18 |  89.8% con dato | 1980 duplicados
2026-08-29 10:38:22,295 | INFO    |   Est.    9: 2010-01-01 -> 2026-03-18 |  90.4% con dato | 1990 duplicados
2026-08-29 10:38:22,435 | INFO    |   Est.   10: 2010-01-01 -> 2026-03-18 |  90.8% con dato | 1990 duplicados
2026-08-29 10:38:22,596 | INFO    |   Est.   11: 2010-01-04 -> 2026-03-18 |  89.4% con dato | 1991 duplicados
2026-08-29 10:38:22,741 | INFO    |   Est.   12: 2010-01-01 -> 2026-03-18 |  91.8% con dato | 1972 duplicados
2026-08-29 10:38:22,878 | INFO    |   Est.   14: 2010-01-01 -> 2026-03-18 |  89.7% con dato | 1991 duplicados
2026-08-29 10:38:23,051 | INFO    |   Est.   15: 2010-01-01 -> 2026-03-18 |  92.8% con dato | 1991 duplicados
2026-08-29 10:38:23,196 | INFO    |   Est.   16: 2010-01-01 -> 2026-03-18 |  92.0% con dato | 1991 duplicados
2026-08-29 10:38:23,342 | INFO    |   Est.   17: 2010-01-28 -> 2026-03-18 |  93.5% con dato | 1991 duplicados
2026-08-29 10:38:23,494 | INFO    |   Est.   18: 2010-01-11 -> 2026-03-18 |  91.1% con dato | 1991 duplicados
2026-08-29 10:38:23,642 | INFO    |   Est.   19: 2010-01-11 -> 2026-03-18 |  93.5% con dato | 1991 duplicados
2026-08-29 10:38:23,791 | INFO    |   Est.   20: 2010-01-12 -> 2026-03-18 |  88.5% con dato | 1991 duplicados
2026-08-29 10:38:23,929 | INFO    |   Est.   21: 2010-01-11 -> 2026-03-18 |  91.3% con dato | 1990 duplicados
2026-08-29 10:38:24,088 | INFO    |   Est.   22: 2010-01-14 -> 2026-03-18 |  91.0% con dato | 1991 duplicados
2026-08-29 10:38:24,248 | INFO    |   Est.   23: 2010-01-10 -> 2026-03-18 |  93.5% con dato | 1973 duplicados
2026-08-29 10:38:24,412 | INFO    |   Est.   24: 2010-01-18 -> 2026-03-18 |  92.4% con dato | 1991 duplicados
2026-08-29 10:38:24,562 | INFO    |   Est.   25: 2010-01-18 -> 2026-01-07 |  77.2% con dato | 1 duplicados
2026-08-29 10:38:24,722 | INFO    |   Est.   26: 2010-01-04 -> 2026-03-18 |  83.2% con dato | 1990 duplicados
2026-08-29 10:38:24,865 | INFO    |   Est.   27: 2010-01-18 -> 2024-07-12 |  82.7% con dato | 0 duplicados
2026-08-29 10:38:25,017 | INFO    |   Est.   28: 2010-01-18 -> 2026-03-18 |  86.4% con dato | 1991 duplicados
2026-08-29 10:38:25,184 | INFO    |   Est.   29: 2010-01-18 -> 2026-03-18 |  91.9% con dato | 1991 duplicados
2026-08-29 10:38:25,365 | INFO    |   Est.   30: 2010-01-01 -> 2026-03-18 |  90.4% con dato | 1991 duplicados
2026-08-29 10:38:25,530 | INFO    |   Est.   31: 2010-01-06 -> 2026-03-18 |  87.5% con dato | 1991 duplicados
2026-08-29 10:38:25,674 | INFO    |   Est.   32: 2010-01-06 -> 2026-03-18 |  86.0% con dato | 1991 duplicados
2026-08-29 10:38:25,826 | INFO    |   Est.   33: 2010-01-28 -> 2026-03-18 |  87.2% con dato | 1991 duplicados
2026-08-29 10:38:25,990 | INFO    |   Est.   34: 2010-01-10 -> 2026-03-18 |  88.7% con dato | 1991 duplicados
2026-08-29 10:38:26,159 | INFO    |   Est.   35: 2010-01-28 -> 2026-03-18 |  93.8% con dato | 1991 duplicados
2026-08-29 10:38:26,319 | INFO    |   Est.   36: 2010-03-26 -> 2026-03-18 |  92.6% con dato | 1991 duplicados
2026-08-29 10:38:26,464 | INFO    |   Est.   37: 2010-01-28 -> 2026-03-18 |  89.5% con dato | 1991 duplicados
2026-08-29 10:38:26,615 | INFO    |   Est.   39: 2010-01-28 -> 2026-03-18 |  91.0% con dato | 1991 duplicados
2026-08-29 10:38:26,757 | INFO    |   Est.   40: 2010-02-05 -> 2026-03-18 |  92.2% con dato | 1989 duplicados
2026-08-29 10:38:26,917 | INFO    |   Est.   41: 2010-01-28 -> 2026-03-18 |  92.7% con dato | 1991 duplicados
2026-08-29 10:38:27,057 | INFO    |   Est.   42: 2010-02-05 -> 2026-03-18 |  88.9% con dato | 1991 duplicados
2026-08-29 10:38:27,200 | INFO    |   Est.   43: 2010-05-03 -> 2026-03-18 |  86.2% con dato | 1991 duplicados
2026-08-29 10:38:27,356 | INFO    |   Est.   44: 2010-04-19 -> 2026-03-18 |  83.2% con dato | 1991 duplicados
2026-08-29 10:38:27,517 | INFO    |   Est.   45: 2010-05-05 -> 2026-03-18 |  88.0% con dato | 1991 duplicados
2026-08-29 10:38:27,661 | INFO    |   Est.   46: 2010-04-28 -> 2025-05-06 |  92.9% con dato | 966 duplicados
2026-08-29 10:38:27,817 | INFO    |   Est.   47: 2010-05-03 -> 2026-03-18 |  81.9% con dato | 1991 duplicados
2026-08-29 10:38:27,961 | INFO    |   Est.   48: 2010-05-14 -> 2026-03-18 |  93.3% con dato | 1972 duplicados
2026-08-29 10:38:28,109 | INFO    |   Est.   49: 2010-09-08 -> 2026-03-18 |  85.3% con dato | 1991 duplicados
2026-08-29 10:38:28,241 | INFO    |   Est.   50: 2011-02-09 -> 2026-03-18 |  88.9% con dato | 1991 duplicados
2026-08-29 10:38:28,386 | INFO    |   Est.   51: 2011-01-17 -> 2026-03-18 |  87.8% con dato | 1972 duplicados
2026-08-29 10:38:28,541 | INFO    |   Est.   52: 2011-03-01 -> 2026-03-18 |  79.8% con dato | 1991 duplicados
2026-08-29 10:38:28,689 | INFO    |   Est.   53: 2011-01-11 -> 2026-03-18 |  92.8% con dato | 1991 duplicados
2026-08-29 10:38:28,824 | INFO    |   Est.   54: 2010-12-27 -> 2026-03-18 |  92.2% con dato | 1991 duplicados
2026-08-29 10:38:28,970 | INFO    |   Est.   55: 2010-11-04 -> 2026-03-18 |  82.7% con dato | 1991 duplicados
2026-08-29 10:38:29,097 | INFO    |   Est.   56: 2012-06-14 -> 2026-03-18 |  92.6% con dato | 1991 duplicados
2026-08-29 10:38:29,240 | INFO    |   Est.   57: 2012-03-23 -> 2026-03-18 |  89.5% con dato | 1985 duplicados
2026-08-29 10:38:29,377 | INFO    |   Est.   58: 2012-03-23 -> 2026-03-18 |  88.9% con dato | 1990 duplicados
2026-08-29 10:38:29,529 | INFO    |   Est.   60: 2012-01-01 -> 2026-03-18 |  89.7% con dato | 1991 duplicados
2026-08-29 10:38:29,662 | INFO    |   Est.   61: 2012-03-20 -> 2026-03-18 |  89.9% con dato | 1991 duplicados
2026-08-29 10:38:29,819 | INFO    |   Est.   62: 2012-03-07 -> 2026-03-18 |  88.8% con dato | 1900 duplicados
2026-08-29 10:38:29,948 | INFO    |   Est.   64: 2012-09-05 -> 2026-03-07 |  87.3% con dato | 1991 duplicados
2026-08-29 10:38:30,109 | INFO    |   Est.   65: 2012-08-09 -> 2026-03-18 |  90.5% con dato | 1990 duplicados
2026-08-29 10:38:30,250 | INFO    |   Est.   66: 2012-06-06 -> 2026-03-18 |  91.6% con dato | 1991 duplicados
2026-08-29 10:38:30,370 | INFO    |   Est.   70: 2012-06-25 -> 2026-03-18 |  93.8% con dato | 1972 duplicados
2026-08-29 10:38:30,535 | INFO    |   Est.   71: 2013-02-28 -> 2026-03-18 |  95.0% con dato | 1991 duplicados
2026-08-29 10:38:30,674 | INFO    |   Est.   72: 2012-06-25 -> 2026-03-18 |  91.0% con dato | 1991 duplicados
2026-08-29 10:38:30,788 | INFO    |   Est.   74: 2013-05-27 -> 2026-03-18 |  95.3% con dato | 1991 duplicados
2026-08-29 10:38:30,911 | INFO    |   Est.   76: 2013-07-02 -> 2026-03-18 |  94.8% con dato | 1991 duplicados
2026-08-29 10:38:31,049 | INFO    |   Est.   81: 2013-06-28 -> 2026-03-18 |  97.4% con dato | 1991 duplicados
2026-08-29 10:38:31,158 | INFO    |   Est.   88: 2013-11-14 -> 2026-03-18 |  93.4% con dato | 1991 duplicados
2026-08-29 10:38:31,277 | INFO    |   Est.   89: 2013-11-14 -> 2025-05-06 |  95.5% con dato | 525 duplicados
2026-08-29 10:38:31,377 | INFO    |   Est.  121: 2014-11-26 -> 2026-03-18 |  96.8% con dato | 1991 duplicados
2026-08-29 10:38:31,510 | INFO    |   Est.  127: 2015-04-10 -> 2026-03-18 |  92.8% con dato | 1990 duplicados
2026-08-29 10:38:31,625 | INFO    |   Est.  129: 2015-04-23 -> 2026-03-18 |  94.6% con dato | 1991 duplicados
2026-08-29 10:38:31,740 | INFO    |   Est.  146: 2015-08-18 -> 2026-03-18 |  95.8% con dato | 1991 duplicados
2026-08-29 10:38:31,851 | INFO    |   Est.  154: 2015-09-17 -> 2026-03-18 |  83.7% con dato | 1972 duplicados
2026-08-29 10:38:31,970 | INFO    |   Est.  171: 2016-01-01 -> 2026-03-18 |  80.4% con dato | 1979 duplicados
2026-08-29 10:38:32,080 | INFO    |   Est.  184: 2016-01-01 -> 2026-03-18 |  84.2% con dato | 1991 duplicados
2026-08-29 10:38:32,154 | INFO    |   Est.  189: 2018-08-18 -> 2025-03-30 |  95.5% con dato | 1 duplicados
2026-08-29 10:38:32,251 | INFO    |   Est.  193: 2017-07-18 -> 2026-03-18 |  97.6% con dato | 1991 duplicados
2026-08-29 10:38:32,388 | INFO    |   Est.  211: 2012-12-10 -> 2026-03-18 |  93.5% con dato | 1991 duplicados
2026-08-29 10:38:32,478 | INFO    |   Est.  230: 2017-08-31 -> 2026-03-18 |  97.2% con dato | 1991 duplicados
2026-08-29 10:38:32,561 | INFO    |   Est.  234: 2017-09-18 -> 2026-03-18 |  98.0% con dato | 1991 duplicados
2026-08-29 10:38:32,636 | INFO    |   Est.  241: 2017-10-20 -> 2026-03-18 |  91.7% con dato | 1991 duplicados
2026-08-29 10:38:32,717 | INFO    |   Est.  242: 2017-10-20 -> 2026-03-18 |  98.4% con dato | 1991 duplicados
2026-08-29 10:38:32,804 | INFO    |   Est.  244: 2017-10-28 -> 2026-03-18 |  97.4% con dato | 1991 duplicados
2026-08-29 10:38:32,941 | INFO    |   Est.  248: 2017-11-05 -> 2026-03-19 |  96.8% con dato | 0 duplicados
2026-08-29 10:38:33,037 | INFO    |   Est.  253: 2017-11-14 -> 2026-03-18 |  96.6% con dato | 1991 duplicados
2026-08-29 10:38:33,142 | INFO    |   Est.  261: 2017-12-01 -> 2026-03-18 |  95.4% con dato | 1991 duplicados
2026-08-29 10:38:33,223 | INFO    |   Est.  266: 2017-12-19 -> 2025-04-02 |  91.1% con dato | 1 duplicados
2026-08-29 10:38:33,324 | INFO    |   Est.  267: 2017-12-18 -> 2026-03-18 |  97.2% con dato | 1991 duplicados
2026-08-29 10:38:33,393 | INFO    |   Est.  274: 2018-01-19 -> 2026-03-18 |  98.4% con dato | 1991 duplicados
2026-08-29 10:38:33,482 | INFO    |   Est.  275: 2018-01-16 -> 2026-03-18 |  91.7% con dato | 1628 duplicados
2026-08-29 10:38:33,580 | INFO    |   Est.  278: 2018-01-31 -> 2026-03-18 |  96.0% con dato | 1991 duplicados
2026-08-29 10:38:33,659 | INFO    |   Est.  281: 2018-02-15 -> 2026-03-18 |  98.8% con dato | 1991 duplicados
2026-08-29 10:38:33,749 | INFO    |   Est.  288: 2018-03-21 -> 2026-03-18 |  97.1% con dato | 1991 duplicados
2026-08-29 10:38:33,846 | INFO    |   Est.  289: 2018-03-22 -> 2026-03-18 |  95.7% con dato | 1991 duplicados
2026-08-29 10:38:33,955 | INFO    |   Est.  295: 2018-04-23 -> 2026-03-18 |  95.3% con dato | 1991 duplicados
2026-08-29 10:38:34,051 | INFO    |   Est.  311: 2018-06-05 -> 2026-03-18 |  61.2% con dato | 1991 duplicados
2026-08-29 10:38:34,147 | INFO    |   Est.  320: 2018-06-27 -> 2026-03-18 |  97.0% con dato | 1991 duplicados
2026-08-29 10:38:34,236 | INFO    |   Est.  323: 2018-07-17 -> 2026-03-18 |  96.1% con dato | 1980 duplicados
2026-08-29 10:38:34,323 | INFO    |   Est.  324: 2018-07-17 -> 2026-03-18 |  95.1% con dato | 1991 duplicados
2026-08-29 10:38:34,414 | INFO    |   Est.  328: 2018-08-09 -> 2026-03-18 |  96.9% con dato | 1991 duplicados
2026-08-29 10:38:34,504 | INFO    |   Est.  334: 2018-09-18 -> 2026-03-18 |  96.0% con dato | 1991 duplicados
2026-08-29 10:38:34,577 | INFO    |   Est.  339: 2019-01-04 -> 2026-03-18 |  94.7% con dato | 1991 duplicados
2026-08-29 10:38:34,660 | INFO    |   Est.  352: 2019-02-01 -> 2026-03-18 |  97.7% con dato | 1991 duplicados
2026-08-29 10:38:34,747 | INFO    |   Est.  353: 2019-02-01 -> 2026-03-18 |  93.4% con dato | 1989 duplicados
2026-08-29 10:38:34,825 | INFO    |   Est.  356: 2019-03-18 -> 2026-03-18 |  98.3% con dato | 1989 duplicados
2026-08-29 10:38:34,893 | INFO    |   Est.  373: 2019-05-08 -> 2026-03-18 |  94.5% con dato | 1991 duplicados
2026-08-29 10:38:34,965 | INFO    |   Est.  376: 2019-05-15 -> 2026-03-18 |  98.0% con dato | 1991 duplicados
2026-08-29 10:38:35,049 | INFO    |   Est.  378: 2019-06-04 -> 2026-03-18 |  92.6% con dato | 1984 duplicados
2026-08-29 10:38:35,136 | INFO    |   Est.  383: 2019-06-14 -> 2026-03-18 |  96.6% con dato | 1991 duplicados
2026-08-29 10:38:35,212 | INFO    |   Est.  389: 2019-08-09 -> 2026-03-18 |  95.3% con dato | 1860 duplicados
2026-08-29 10:38:35,288 | INFO    |   Est.  392: 2019-09-09 -> 2026-03-18 |  96.7% con dato | 1991 duplicados
2026-08-29 10:38:35,361 | INFO    |   Est.  393: 2019-09-20 -> 2026-03-18 |  98.5% con dato | 1991 duplicados
2026-08-29 10:38:35,438 | INFO    |   Est.  394: 2019-09-20 -> 2026-03-18 |  95.9% con dato | 1991 duplicados
2026-08-29 10:38:35,518 | INFO    |   Est.  395: 2019-09-24 -> 2026-03-18 |  97.8% con dato | 1991 duplicados
2026-08-29 10:38:35,600 | INFO    |   Est.  418: 2019-12-26 -> 2026-03-18 |  94.9% con dato | 1991 duplicados
2026-08-29 10:38:35,662 | INFO    |   Est.  420: 2019-12-26 -> 2026-03-18 |  95.8% con dato | 1991 duplicados
2026-08-29 10:38:35,725 | INFO    |   Est.  421: 2020-01-14 -> 2026-03-18 |  98.4% con dato | 1991 duplicados
2026-08-29 10:38:35,780 | INFO    |   Est.  429: 2020-02-21 -> 2026-03-18 |  98.2% con dato | 1991 duplicados
2026-08-29 10:38:35,856 | INFO    |   Est.  432: 2020-02-27 -> 2026-03-18 |  98.5% con dato | 1990 duplicados
2026-08-29 10:38:35,930 | INFO    |   Est.  433: 2020-02-28 -> 2026-03-18 |  94.9% con dato | 1991 duplicados
2026-08-29 10:38:36,008 | INFO    |   Est.  434: 2020-03-03 -> 2026-03-18 |  97.8% con dato | 1991 duplicados
2026-08-29 10:38:36,075 | INFO    |   Est.  437: 2020-03-31 -> 2026-03-18 |  98.9% con dato | 1991 duplicados
2026-08-29 10:38:36,146 | INFO    |   Est.  445: 2020-05-11 -> 2026-03-18 |  87.6% con dato | 1991 duplicados
2026-08-29 10:38:36,201 | INFO    |   Est.  446: 2020-05-08 -> 2026-03-18 |  86.2% con dato | 1991 duplicados
2026-08-29 10:38:36,258 | INFO    |   Est.  447: 2020-05-11 -> 2026-03-18 |  98.9% con dato | 1991 duplicados
2026-08-29 10:38:36,321 | INFO    |   Est.  451: 2020-07-03 -> 2026-03-18 |  98.2% con dato | 1972 duplicados
2026-08-29 10:38:36,423 | INFO    |   Est.  456: 2020-07-31 -> 2026-03-18 |  96.5% con dato | 1991 duplicados
2026-08-29 10:38:36,476 | INFO    |   Est.  457: 2020-09-08 -> 2026-03-18 |  94.5% con dato | 1991 duplicados
2026-08-29 10:38:36,546 | INFO    |   Est.  481: 2020-12-18 -> 2026-03-18 |  97.8% con dato | 1991 duplicados
2026-08-29 10:38:36,614 | INFO    |   Est.  499: 2021-02-16 -> 2026-03-18 |  97.5% con dato | 1991 duplicados
2026-08-29 10:38:36,695 | INFO    |   Est.  515: 2021-03-12 -> 2026-03-18 |  97.4% con dato | 1990 duplicados
2026-08-29 10:38:36,753 | INFO    |   Est.  519: 2021-03-19 -> 2026-03-18 |  97.8% con dato | 1991 duplicados
2026-08-29 10:38:36,828 | INFO    |   Est.  539: 2021-06-24 -> 2026-03-18 |  92.0% con dato | 1991 duplicados
2026-08-29 10:38:36,897 | INFO    |   Est.  540: 2021-06-11 -> 2026-03-18 |  92.7% con dato | 1972 duplicados
2026-08-29 10:38:36,965 | INFO    |   Est.  543: 2021-06-29 -> 2026-03-18 |  98.6% con dato | 1989 duplicados
2026-08-29 10:38:37,030 | INFO    |   Est.  551: 2021-09-02 -> 2026-03-18 |  99.5% con dato | 1991 duplicados
2026-08-29 10:38:37,079 | INFO    |   Est.  558: 2021-09-29 -> 2026-03-18 |  99.3% con dato | 1989 duplicados
2026-08-29 10:38:37,122 | INFO    |   Est.  601: 2022-05-03 -> 2026-03-18 |  97.6% con dato | 1991 duplicados
2026-08-29 10:38:37,179 | INFO    |   Est.  607: 2022-06-08 -> 2026-03-18 |  95.5% con dato | 1990 duplicados
2026-08-29 10:38:37,215 | INFO    |   Est.  612: 2022-06-21 -> 2025-07-03 |  99.2% con dato | 1311 duplicados
2026-08-29 10:38:37,265 | INFO    |   Est.  619: 2022-06-29 -> 2025-05-06 |  94.4% con dato | 966 duplicados
2026-08-29 10:38:37,317 | INFO    |   Est.  636: 2022-11-16 -> 2026-03-18 |  98.7% con dato | 1991 duplicados
2026-08-29 10:38:37,319 | INFO    | Pluviómetros con serie: 143
2026-08-29 10:38:37,362 | INFO    | Distancia SU-pluvio (m): mediana=716 | max=3536
2026-08-29 10:38:37,786 | INFO    |   filtro húmedo eventos: descartadas 102/492 (20.7%)
2026-08-29 10:38:37,814 | INFO    | Eventos tras filtros: 390
2026-08-29 10:38:38,157 | INFO    | Pluviómetros con fechas candidatas: 143
2026-08-29 10:38:38,884 | INFO    | ======================================================================
2026-08-29 10:38:38,885 | INFO    | INICIO set_B: 2026-08-29T10:38:38
2026-08-29 10:38:38,886 | INFO    | MATCH_BY_DAY = True
2026-08-29 10:39:13,148 | INFO    | Slope units: 61167 | filas evento: 492
2026-08-29 10:40:39,959 | INFO    | SU ausencia elegibles (>200 m de un evento): 54540 de 60675
2026-08-29 10:40:40,100 | INFO    |   Est.    1: 2010-01-12 -> 2026-03-18 |  94.0% con dato | 1985 duplicados
2026-08-29 10:40:40,219 | INFO    |   Est.    2: 2010-01-01 -> 2026-03-18 |  90.7% con dato | 249 duplicados
2026-08-29 10:40:40,367 | INFO    |   Est.    3: 2010-01-01 -> 2026-03-18 |  89.5% con dato | 1991 duplicados
2026-08-29 10:40:40,491 | INFO    |   Est.    4: 2010-01-01 -> 2026-03-18 |  84.2% con dato | 1972 duplicados
2026-08-29 10:40:40,620 | INFO    |   Est.    5: 2010-01-01 -> 2026-03-18 |  95.7% con dato | 1991 duplicados
2026-08-29 10:40:40,743 | INFO    |   Est.    7: 2010-01-01 -> 2026-03-18 |  90.6% con dato | 1991 duplicados
2026-08-29 10:40:40,867 | INFO    |   Est.    8: 2010-01-01 -> 2026-03-18 |  89.8% con dato | 1980 duplicados
2026-08-29 10:40:41,000 | INFO    |   Est.    9: 2010-01-01 -> 2026-03-18 |  90.4% con dato | 1990 duplicados
2026-08-29 10:40:41,131 | INFO    |   Est.   10: 2010-01-01 -> 2026-03-18 |  90.8% con dato | 1990 duplicados
2026-08-29 10:40:41,266 | INFO    |   Est.   11: 2010-01-04 -> 2026-03-18 |  89.4% con dato | 1991 duplicados
2026-08-29 10:40:41,392 | INFO    |   Est.   12: 2010-01-01 -> 2026-03-18 |  91.8% con dato | 1972 duplicados
2026-08-29 10:40:41,519 | INFO    |   Est.   14: 2010-01-01 -> 2026-03-18 |  89.7% con dato | 1991 duplicados
2026-08-29 10:40:41,648 | INFO    |   Est.   15: 2010-01-01 -> 2026-03-18 |  92.8% con dato | 1991 duplicados
2026-08-29 10:40:41,777 | INFO    |   Est.   16: 2010-01-01 -> 2026-03-18 |  92.0% con dato | 1991 duplicados
2026-08-29 10:40:41,901 | INFO    |   Est.   17: 2010-01-28 -> 2026-03-18 |  93.5% con dato | 1991 duplicados
2026-08-29 10:40:42,028 | INFO    |   Est.   18: 2010-01-11 -> 2026-03-18 |  91.1% con dato | 1991 duplicados
2026-08-29 10:40:42,151 | INFO    |   Est.   19: 2010-01-11 -> 2026-03-18 |  93.5% con dato | 1991 duplicados
2026-08-29 10:40:42,275 | INFO    |   Est.   20: 2010-01-12 -> 2026-03-18 |  88.5% con dato | 1991 duplicados
2026-08-29 10:40:42,401 | INFO    |   Est.   21: 2010-01-11 -> 2026-03-18 |  91.3% con dato | 1990 duplicados
2026-08-29 10:40:42,527 | INFO    |   Est.   22: 2010-01-14 -> 2026-03-18 |  91.0% con dato | 1991 duplicados
2026-08-29 10:40:42,651 | INFO    |   Est.   23: 2010-01-10 -> 2026-03-18 |  93.5% con dato | 1973 duplicados
2026-08-29 10:40:42,780 | INFO    |   Est.   24: 2010-01-18 -> 2026-03-18 |  92.4% con dato | 1991 duplicados
2026-08-29 10:40:42,894 | INFO    |   Est.   25: 2010-01-18 -> 2026-01-07 |  77.2% con dato | 1 duplicados
2026-08-29 10:40:43,023 | INFO    |   Est.   26: 2010-01-04 -> 2026-03-18 |  83.2% con dato | 1990 duplicados
2026-08-29 10:40:43,131 | INFO    |   Est.   27: 2010-01-18 -> 2024-07-12 |  82.7% con dato | 0 duplicados
2026-08-29 10:40:43,255 | INFO    |   Est.   28: 2010-01-18 -> 2026-03-18 |  86.4% con dato | 1991 duplicados
2026-08-29 10:40:43,381 | INFO    |   Est.   29: 2010-01-18 -> 2026-03-18 |  91.9% con dato | 1991 duplicados
2026-08-29 10:40:43,507 | INFO    |   Est.   30: 2010-01-01 -> 2026-03-18 |  90.4% con dato | 1991 duplicados
2026-08-29 10:40:43,631 | INFO    |   Est.   31: 2010-01-06 -> 2026-03-18 |  87.5% con dato | 1991 duplicados
2026-08-29 10:40:43,755 | INFO    |   Est.   32: 2010-01-06 -> 2026-03-18 |  86.0% con dato | 1991 duplicados
2026-08-29 10:40:43,883 | INFO    |   Est.   33: 2010-01-28 -> 2026-03-18 |  87.2% con dato | 1991 duplicados
2026-08-29 10:40:44,009 | INFO    |   Est.   34: 2010-01-10 -> 2026-03-18 |  88.7% con dato | 1991 duplicados
2026-08-29 10:40:44,133 | INFO    |   Est.   35: 2010-01-28 -> 2026-03-18 |  93.8% con dato | 1991 duplicados
2026-08-29 10:40:44,262 | INFO    |   Est.   36: 2010-03-26 -> 2026-03-18 |  92.6% con dato | 1991 duplicados
2026-08-29 10:40:44,387 | INFO    |   Est.   37: 2010-01-28 -> 2026-03-18 |  89.5% con dato | 1991 duplicados
2026-08-29 10:40:44,510 | INFO    |   Est.   39: 2010-01-28 -> 2026-03-18 |  91.0% con dato | 1991 duplicados
2026-08-29 10:40:44,634 | INFO    |   Est.   40: 2010-02-05 -> 2026-03-18 |  92.2% con dato | 1989 duplicados
2026-08-29 10:40:44,760 | INFO    |   Est.   41: 2010-01-28 -> 2026-03-18 |  92.7% con dato | 1991 duplicados
2026-08-29 10:40:44,892 | INFO    |   Est.   42: 2010-02-05 -> 2026-03-18 |  88.9% con dato | 1991 duplicados
2026-08-29 10:40:45,020 | INFO    |   Est.   43: 2010-05-03 -> 2026-03-18 |  86.2% con dato | 1991 duplicados
2026-08-29 10:40:45,142 | INFO    |   Est.   44: 2010-04-19 -> 2026-03-18 |  83.2% con dato | 1991 duplicados
2026-08-29 10:40:45,264 | INFO    |   Est.   45: 2010-05-05 -> 2026-03-18 |  88.0% con dato | 1991 duplicados
2026-08-29 10:40:45,380 | INFO    |   Est.   46: 2010-04-28 -> 2025-05-06 |  92.9% con dato | 966 duplicados
2026-08-29 10:40:45,501 | INFO    |   Est.   47: 2010-05-03 -> 2026-03-18 |  81.9% con dato | 1991 duplicados
2026-08-29 10:40:45,622 | INFO    |   Est.   48: 2010-05-14 -> 2026-03-18 |  93.3% con dato | 1972 duplicados
2026-08-29 10:40:45,743 | INFO    |   Est.   49: 2010-09-08 -> 2026-03-18 |  85.3% con dato | 1991 duplicados
2026-08-29 10:40:45,858 | INFO    |   Est.   50: 2011-02-09 -> 2026-03-18 |  88.9% con dato | 1991 duplicados
2026-08-29 10:40:45,983 | INFO    |   Est.   51: 2011-01-17 -> 2026-03-18 |  87.8% con dato | 1972 duplicados
2026-08-29 10:40:46,102 | INFO    |   Est.   52: 2011-03-01 -> 2026-03-18 |  79.8% con dato | 1991 duplicados
2026-08-29 10:40:46,221 | INFO    |   Est.   53: 2011-01-11 -> 2026-03-18 |  92.8% con dato | 1991 duplicados
2026-08-29 10:40:46,341 | INFO    |   Est.   54: 2010-12-27 -> 2026-03-18 |  92.2% con dato | 1991 duplicados
2026-08-29 10:40:46,459 | INFO    |   Est.   55: 2010-11-04 -> 2026-03-18 |  82.7% con dato | 1991 duplicados
2026-08-29 10:40:46,562 | INFO    |   Est.   56: 2012-06-14 -> 2026-03-18 |  92.6% con dato | 1991 duplicados
2026-08-29 10:40:46,673 | INFO    |   Est.   57: 2012-03-23 -> 2026-03-18 |  89.5% con dato | 1985 duplicados
2026-08-29 10:40:46,782 | INFO    |   Est.   58: 2012-03-23 -> 2026-03-18 |  88.9% con dato | 1990 duplicados
2026-08-29 10:40:46,896 | INFO    |   Est.   60: 2012-01-01 -> 2026-03-18 |  89.7% con dato | 1991 duplicados
2026-08-29 10:40:47,005 | INFO    |   Est.   61: 2012-03-20 -> 2026-03-18 |  89.9% con dato | 1991 duplicados
2026-08-29 10:40:47,116 | INFO    |   Est.   62: 2012-03-07 -> 2026-03-18 |  88.8% con dato | 1900 duplicados
2026-08-29 10:40:47,219 | INFO    |   Est.   64: 2012-09-05 -> 2026-03-07 |  87.3% con dato | 1991 duplicados
2026-08-29 10:40:47,323 | INFO    |   Est.   65: 2012-08-09 -> 2026-03-18 |  90.5% con dato | 1990 duplicados
2026-08-29 10:40:47,427 | INFO    |   Est.   66: 2012-06-06 -> 2026-03-18 |  91.6% con dato | 1991 duplicados
2026-08-29 10:40:47,532 | INFO    |   Est.   70: 2012-06-25 -> 2026-03-18 |  93.8% con dato | 1972 duplicados
2026-08-29 10:40:47,631 | INFO    |   Est.   71: 2013-02-28 -> 2026-03-18 |  95.0% con dato | 1991 duplicados
2026-08-29 10:40:47,737 | INFO    |   Est.   72: 2012-06-25 -> 2026-03-18 |  91.0% con dato | 1991 duplicados
2026-08-29 10:40:47,835 | INFO    |   Est.   74: 2013-05-27 -> 2026-03-18 |  95.3% con dato | 1991 duplicados
2026-08-29 10:40:47,934 | INFO    |   Est.   76: 2013-07-02 -> 2026-03-18 |  94.8% con dato | 1991 duplicados
2026-08-29 10:40:48,035 | INFO    |   Est.   81: 2013-06-28 -> 2026-03-18 |  97.4% con dato | 1991 duplicados
2026-08-29 10:40:48,138 | INFO    |   Est.   88: 2013-11-14 -> 2026-03-18 |  93.4% con dato | 1991 duplicados
2026-08-29 10:40:48,228 | INFO    |   Est.   89: 2013-11-14 -> 2025-05-06 |  95.5% con dato | 525 duplicados
2026-08-29 10:40:48,318 | INFO    |   Est.  121: 2014-11-26 -> 2026-03-18 |  96.8% con dato | 1991 duplicados
2026-08-29 10:40:48,399 | INFO    |   Est.  127: 2015-04-10 -> 2026-03-18 |  92.8% con dato | 1990 duplicados
2026-08-29 10:40:48,482 | INFO    |   Est.  129: 2015-04-23 -> 2026-03-18 |  94.6% con dato | 1991 duplicados
2026-08-29 10:40:48,562 | INFO    |   Est.  146: 2015-08-18 -> 2026-03-18 |  95.8% con dato | 1991 duplicados
2026-08-29 10:40:48,638 | INFO    |   Est.  154: 2015-09-17 -> 2026-03-18 |  83.7% con dato | 1972 duplicados
2026-08-29 10:40:48,715 | INFO    |   Est.  171: 2016-01-01 -> 2026-03-18 |  80.4% con dato | 1979 duplicados
2026-08-29 10:40:48,793 | INFO    |   Est.  184: 2016-01-01 -> 2026-03-18 |  84.2% con dato | 1991 duplicados
2026-08-29 10:40:48,839 | INFO    |   Est.  189: 2018-08-18 -> 2025-03-30 |  95.5% con dato | 1 duplicados
2026-08-29 10:40:48,906 | INFO    |   Est.  193: 2017-07-18 -> 2026-03-18 |  97.6% con dato | 1991 duplicados
2026-08-29 10:40:49,007 | INFO    |   Est.  211: 2012-12-10 -> 2026-03-18 |  93.5% con dato | 1991 duplicados
2026-08-29 10:40:49,075 | INFO    |   Est.  230: 2017-08-31 -> 2026-03-18 |  97.2% con dato | 1991 duplicados
2026-08-29 10:40:49,137 | INFO    |   Est.  234: 2017-09-18 -> 2026-03-18 |  98.0% con dato | 1991 duplicados
2026-08-29 10:40:49,201 | INFO    |   Est.  241: 2017-10-20 -> 2026-03-18 |  91.7% con dato | 1991 duplicados
2026-08-29 10:40:49,262 | INFO    |   Est.  242: 2017-10-20 -> 2026-03-18 |  98.4% con dato | 1991 duplicados
2026-08-29 10:40:49,326 | INFO    |   Est.  244: 2017-10-28 -> 2026-03-18 |  97.4% con dato | 1991 duplicados
2026-08-29 10:40:49,382 | INFO    |   Est.  248: 2017-11-05 -> 2026-03-19 |  96.8% con dato | 0 duplicados
2026-08-29 10:40:49,447 | INFO    |   Est.  253: 2017-11-14 -> 2026-03-18 |  96.6% con dato | 1991 duplicados
2026-08-29 10:40:49,511 | INFO    |   Est.  261: 2017-12-01 -> 2026-03-18 |  95.4% con dato | 1991 duplicados
2026-08-29 10:40:49,563 | INFO    |   Est.  266: 2017-12-19 -> 2025-04-02 |  91.1% con dato | 1 duplicados
2026-08-29 10:40:49,624 | INFO    |   Est.  267: 2017-12-18 -> 2026-03-18 |  97.2% con dato | 1991 duplicados
2026-08-29 10:40:49,687 | INFO    |   Est.  274: 2018-01-19 -> 2026-03-18 |  98.4% con dato | 1991 duplicados
2026-08-29 10:40:49,746 | INFO    |   Est.  275: 2018-01-16 -> 2026-03-18 |  91.7% con dato | 1628 duplicados
2026-08-29 10:40:49,810 | INFO    |   Est.  278: 2018-01-31 -> 2026-03-18 |  96.0% con dato | 1991 duplicados
2026-08-29 10:40:49,869 | INFO    |   Est.  281: 2018-02-15 -> 2026-03-18 |  98.8% con dato | 1991 duplicados
2026-08-29 10:40:49,931 | INFO    |   Est.  288: 2018-03-21 -> 2026-03-18 |  97.1% con dato | 1991 duplicados
2026-08-29 10:40:49,990 | INFO    |   Est.  289: 2018-03-22 -> 2026-03-18 |  95.7% con dato | 1991 duplicados
2026-08-29 10:40:50,051 | INFO    |   Est.  295: 2018-04-23 -> 2026-03-18 |  95.3% con dato | 1991 duplicados
2026-08-29 10:40:50,107 | INFO    |   Est.  311: 2018-06-05 -> 2026-03-18 |  61.2% con dato | 1991 duplicados
2026-08-29 10:40:50,169 | INFO    |   Est.  320: 2018-06-27 -> 2026-03-18 |  97.0% con dato | 1991 duplicados
2026-08-29 10:40:50,226 | INFO    |   Est.  323: 2018-07-17 -> 2026-03-18 |  96.1% con dato | 1980 duplicados
2026-08-29 10:40:50,285 | INFO    |   Est.  324: 2018-07-17 -> 2026-03-18 |  95.1% con dato | 1991 duplicados
2026-08-29 10:40:50,342 | INFO    |   Est.  328: 2018-08-09 -> 2026-03-18 |  96.9% con dato | 1991 duplicados
2026-08-29 10:40:50,401 | INFO    |   Est.  334: 2018-09-18 -> 2026-03-18 |  96.0% con dato | 1991 duplicados
2026-08-29 10:40:50,455 | INFO    |   Est.  339: 2019-01-04 -> 2026-03-18 |  94.7% con dato | 1991 duplicados
2026-08-29 10:40:50,511 | INFO    |   Est.  352: 2019-02-01 -> 2026-03-18 |  97.7% con dato | 1991 duplicados
2026-08-29 10:40:50,565 | INFO    |   Est.  353: 2019-02-01 -> 2026-03-18 |  93.4% con dato | 1989 duplicados
2026-08-29 10:40:50,620 | INFO    |   Est.  356: 2019-03-18 -> 2026-03-18 |  98.3% con dato | 1989 duplicados
2026-08-29 10:40:50,672 | INFO    |   Est.  373: 2019-05-08 -> 2026-03-18 |  94.5% con dato | 1991 duplicados
2026-08-29 10:40:50,724 | INFO    |   Est.  376: 2019-05-15 -> 2026-03-18 |  98.0% con dato | 1991 duplicados
2026-08-29 10:40:50,777 | INFO    |   Est.  378: 2019-06-04 -> 2026-03-18 |  92.6% con dato | 1984 duplicados
2026-08-29 10:40:50,828 | INFO    |   Est.  383: 2019-06-14 -> 2026-03-18 |  96.6% con dato | 1991 duplicados
2026-08-29 10:40:50,878 | INFO    |   Est.  389: 2019-08-09 -> 2026-03-18 |  95.3% con dato | 1860 duplicados
2026-08-29 10:40:50,924 | INFO    |   Est.  392: 2019-09-09 -> 2026-03-18 |  96.7% con dato | 1991 duplicados
2026-08-29 10:40:50,974 | INFO    |   Est.  393: 2019-09-20 -> 2026-03-18 |  98.5% con dato | 1991 duplicados
2026-08-29 10:40:51,021 | INFO    |   Est.  394: 2019-09-20 -> 2026-03-18 |  95.9% con dato | 1991 duplicados
2026-08-29 10:40:51,068 | INFO    |   Est.  395: 2019-09-24 -> 2026-03-18 |  97.8% con dato | 1991 duplicados
2026-08-29 10:40:51,117 | INFO    |   Est.  418: 2019-12-26 -> 2026-03-18 |  94.9% con dato | 1991 duplicados
2026-08-29 10:40:51,163 | INFO    |   Est.  420: 2019-12-26 -> 2026-03-18 |  95.8% con dato | 1991 duplicados
2026-08-29 10:40:51,209 | INFO    |   Est.  421: 2020-01-14 -> 2026-03-18 |  98.4% con dato | 1991 duplicados
2026-08-29 10:40:51,260 | INFO    |   Est.  429: 2020-02-21 -> 2026-03-18 |  98.2% con dato | 1991 duplicados
2026-08-29 10:40:51,307 | INFO    |   Est.  432: 2020-02-27 -> 2026-03-18 |  98.5% con dato | 1990 duplicados
2026-08-29 10:40:51,355 | INFO    |   Est.  433: 2020-02-28 -> 2026-03-18 |  94.9% con dato | 1991 duplicados
2026-08-29 10:40:51,401 | INFO    |   Est.  434: 2020-03-03 -> 2026-03-18 |  97.8% con dato | 1991 duplicados
2026-08-29 10:40:51,446 | INFO    |   Est.  437: 2020-03-31 -> 2026-03-18 |  98.9% con dato | 1991 duplicados
2026-08-29 10:40:51,495 | INFO    |   Est.  445: 2020-05-11 -> 2026-03-18 |  87.6% con dato | 1991 duplicados
2026-08-29 10:40:51,540 | INFO    |   Est.  446: 2020-05-08 -> 2026-03-18 |  86.2% con dato | 1991 duplicados
2026-08-29 10:40:51,586 | INFO    |   Est.  447: 2020-05-11 -> 2026-03-18 |  98.9% con dato | 1991 duplicados
2026-08-29 10:40:51,627 | INFO    |   Est.  451: 2020-07-03 -> 2026-03-18 |  98.2% con dato | 1972 duplicados
2026-08-29 10:40:51,669 | INFO    |   Est.  456: 2020-07-31 -> 2026-03-18 |  96.5% con dato | 1991 duplicados
2026-08-29 10:40:51,712 | INFO    |   Est.  457: 2020-09-08 -> 2026-03-18 |  94.5% con dato | 1991 duplicados
2026-08-29 10:40:51,750 | INFO    |   Est.  481: 2020-12-18 -> 2026-03-18 |  97.8% con dato | 1991 duplicados
2026-08-29 10:40:51,787 | INFO    |   Est.  499: 2021-02-16 -> 2026-03-18 |  97.5% con dato | 1991 duplicados
2026-08-29 10:40:51,826 | INFO    |   Est.  515: 2021-03-12 -> 2026-03-18 |  97.4% con dato | 1990 duplicados
2026-08-29 10:40:51,863 | INFO    |   Est.  519: 2021-03-19 -> 2026-03-18 |  97.8% con dato | 1991 duplicados
2026-08-29 10:40:51,899 | INFO    |   Est.  539: 2021-06-24 -> 2026-03-18 |  92.0% con dato | 1991 duplicados
2026-08-29 10:40:51,933 | INFO    |   Est.  540: 2021-06-11 -> 2026-03-18 |  92.7% con dato | 1972 duplicados
2026-08-29 10:40:51,970 | INFO    |   Est.  543: 2021-06-29 -> 2026-03-18 |  98.6% con dato | 1989 duplicados
2026-08-29 10:40:52,004 | INFO    |   Est.  551: 2021-09-02 -> 2026-03-18 |  99.5% con dato | 1991 duplicados
2026-08-29 10:40:52,038 | INFO    |   Est.  558: 2021-09-29 -> 2026-03-18 |  99.3% con dato | 1989 duplicados
2026-08-29 10:40:52,067 | INFO    |   Est.  601: 2022-05-03 -> 2026-03-18 |  97.6% con dato | 1991 duplicados
2026-08-29 10:40:52,098 | INFO    |   Est.  607: 2022-06-08 -> 2026-03-18 |  95.5% con dato | 1990 duplicados
2026-08-29 10:40:52,123 | INFO    |   Est.  612: 2022-06-21 -> 2025-07-03 |  99.2% con dato | 1311 duplicados
2026-08-29 10:40:52,144 | INFO    |   Est.  619: 2022-06-29 -> 2025-05-06 |  94.4% con dato | 966 duplicados
2026-08-29 10:40:52,171 | INFO    |   Est.  636: 2022-11-16 -> 2026-03-18 |  98.7% con dato | 1991 duplicados
2026-08-29 10:40:52,172 | INFO    | Pluviómetros con serie: 143
2026-08-29 10:40:52,630 | INFO    | Distancia SU-pluvio ausencias (m): mediana=1959 | max=13027
2026-08-29 10:40:53,033 | INFO    |   filtro húmedo eventos: descartadas 102/492 (20.7%)
2026-08-29 10:40:53,055 | INFO    | Eventos tras filtros: 390
2026-08-29 10:40:53,372 | INFO    | Pluviómetros con fechas candidatas: 143
2026-08-29 10:40:53,374 | INFO    | Horas candidatas totales: 1932494
2026-08-29 10:40:54,476 | INFO    | Pluviometros humedos por fecha de evento: mediana=103 | min=10 | fechas con 0=0 de 135
2026-08-29 10:40:54,478 | INFO    | Slope units elegibles por fecha de evento: mediana=37706 | min=8825 | fechas con menos de 2=0
2026-08-29 10:40:54,482 | INFO    | ======================================================================
2026-08-29 10:40:54,482 | INFO    | INICIO set_C: 2026-08-29T10:40:54
2026-08-29 10:40:54,483 | INFO    | EXCL_DAYS_C = 0 | MATCH_TIME = True
2026-08-29 10:41:28,505 | INFO    | Slope units: 61167 | filas evento: 492
2026-08-29 10:42:54,422 | INFO    | SU ausencia elegibles (>200 m de un evento): 54540 de 60675
2026-08-29 10:42:54,580 | INFO    |   Est.    1: 2010-01-12 -> 2026-03-18 |  94.0% con dato | 1985 duplicados
2026-08-29 10:42:54,710 | INFO    |   Est.    2: 2010-01-01 -> 2026-03-18 |  90.7% con dato | 249 duplicados
2026-08-29 10:42:54,839 | INFO    |   Est.    3: 2010-01-01 -> 2026-03-18 |  89.5% con dato | 1991 duplicados
2026-08-29 10:42:54,965 | INFO    |   Est.    4: 2010-01-01 -> 2026-03-18 |  84.2% con dato | 1972 duplicados
2026-08-29 10:42:55,095 | INFO    |   Est.    5: 2010-01-01 -> 2026-03-18 |  95.7% con dato | 1991 duplicados
2026-08-29 10:42:55,220 | INFO    |   Est.    7: 2010-01-01 -> 2026-03-18 |  90.6% con dato | 1991 duplicados
2026-08-29 10:42:55,368 | INFO    |   Est.    8: 2010-01-01 -> 2026-03-18 |  89.8% con dato | 1980 duplicados
2026-08-29 10:42:55,500 | INFO    |   Est.    9: 2010-01-01 -> 2026-03-18 |  90.4% con dato | 1990 duplicados
2026-08-29 10:42:55,627 | INFO    |   Est.   10: 2010-01-01 -> 2026-03-18 |  90.8% con dato | 1990 duplicados
2026-08-29 10:42:55,758 | INFO    |   Est.   11: 2010-01-04 -> 2026-03-18 |  89.4% con dato | 1991 duplicados
2026-08-29 10:42:55,885 | INFO    |   Est.   12: 2010-01-01 -> 2026-03-18 |  91.8% con dato | 1972 duplicados
2026-08-29 10:42:56,015 | INFO    |   Est.   14: 2010-01-01 -> 2026-03-18 |  89.7% con dato | 1991 duplicados
2026-08-29 10:42:56,144 | INFO    |   Est.   15: 2010-01-01 -> 2026-03-18 |  92.8% con dato | 1991 duplicados
2026-08-29 10:42:56,274 | INFO    |   Est.   16: 2010-01-01 -> 2026-03-18 |  92.0% con dato | 1991 duplicados
2026-08-29 10:42:56,402 | INFO    |   Est.   17: 2010-01-28 -> 2026-03-18 |  93.5% con dato | 1991 duplicados
2026-08-29 10:42:56,531 | INFO    |   Est.   18: 2010-01-11 -> 2026-03-18 |  91.1% con dato | 1991 duplicados
2026-08-29 10:42:56,660 | INFO    |   Est.   19: 2010-01-11 -> 2026-03-18 |  93.5% con dato | 1991 duplicados
2026-08-29 10:42:56,788 | INFO    |   Est.   20: 2010-01-12 -> 2026-03-18 |  88.5% con dato | 1991 duplicados
2026-08-29 10:42:56,915 | INFO    |   Est.   21: 2010-01-11 -> 2026-03-18 |  91.3% con dato | 1990 duplicados
2026-08-29 10:42:57,042 | INFO    |   Est.   22: 2010-01-14 -> 2026-03-18 |  91.0% con dato | 1991 duplicados
2026-08-29 10:42:57,168 | INFO    |   Est.   23: 2010-01-10 -> 2026-03-18 |  93.5% con dato | 1973 duplicados
2026-08-29 10:42:57,298 | INFO    |   Est.   24: 2010-01-18 -> 2026-03-18 |  92.4% con dato | 1991 duplicados
2026-08-29 10:42:57,414 | INFO    |   Est.   25: 2010-01-18 -> 2026-01-07 |  77.2% con dato | 1 duplicados
2026-08-29 10:42:57,545 | INFO    |   Est.   26: 2010-01-04 -> 2026-03-18 |  83.2% con dato | 1990 duplicados
2026-08-29 10:42:57,657 | INFO    |   Est.   27: 2010-01-18 -> 2024-07-12 |  82.7% con dato | 0 duplicados
2026-08-29 10:42:57,784 | INFO    |   Est.   28: 2010-01-18 -> 2026-03-18 |  86.4% con dato | 1991 duplicados
2026-08-29 10:42:57,931 | INFO    |   Est.   29: 2010-01-18 -> 2026-03-18 |  91.9% con dato | 1991 duplicados
2026-08-29 10:42:58,058 | INFO    |   Est.   30: 2010-01-01 -> 2026-03-18 |  90.4% con dato | 1991 duplicados
2026-08-29 10:42:58,189 | INFO    |   Est.   31: 2010-01-06 -> 2026-03-18 |  87.5% con dato | 1991 duplicados
2026-08-29 10:42:58,318 | INFO    |   Est.   32: 2010-01-06 -> 2026-03-18 |  86.0% con dato | 1991 duplicados
2026-08-29 10:42:58,445 | INFO    |   Est.   33: 2010-01-28 -> 2026-03-18 |  87.2% con dato | 1991 duplicados
2026-08-29 10:42:58,574 | INFO    |   Est.   34: 2010-01-10 -> 2026-03-18 |  88.7% con dato | 1991 duplicados
2026-08-29 10:42:58,701 | INFO    |   Est.   35: 2010-01-28 -> 2026-03-18 |  93.8% con dato | 1991 duplicados
2026-08-29 10:42:58,833 | INFO    |   Est.   36: 2010-03-26 -> 2026-03-18 |  92.6% con dato | 1991 duplicados
2026-08-29 10:42:58,960 | INFO    |   Est.   37: 2010-01-28 -> 2026-03-18 |  89.5% con dato | 1991 duplicados
2026-08-29 10:42:59,087 | INFO    |   Est.   39: 2010-01-28 -> 2026-03-18 |  91.0% con dato | 1991 duplicados
2026-08-29 10:42:59,215 | INFO    |   Est.   40: 2010-02-05 -> 2026-03-18 |  92.2% con dato | 1989 duplicados
2026-08-29 10:42:59,346 | INFO    |   Est.   41: 2010-01-28 -> 2026-03-18 |  92.7% con dato | 1991 duplicados
2026-08-29 10:42:59,476 | INFO    |   Est.   42: 2010-02-05 -> 2026-03-18 |  88.9% con dato | 1991 duplicados
2026-08-29 10:42:59,605 | INFO    |   Est.   43: 2010-05-03 -> 2026-03-18 |  86.2% con dato | 1991 duplicados
2026-08-29 10:42:59,731 | INFO    |   Est.   44: 2010-04-19 -> 2026-03-18 |  83.2% con dato | 1991 duplicados
2026-08-29 10:42:59,856 | INFO    |   Est.   45: 2010-05-05 -> 2026-03-18 |  88.0% con dato | 1991 duplicados
2026-08-29 10:42:59,979 | INFO    |   Est.   46: 2010-04-28 -> 2025-05-06 |  92.9% con dato | 966 duplicados
2026-08-29 10:43:00,104 | INFO    |   Est.   47: 2010-05-03 -> 2026-03-18 |  81.9% con dato | 1991 duplicados
2026-08-29 10:43:00,229 | INFO    |   Est.   48: 2010-05-14 -> 2026-03-18 |  93.3% con dato | 1972 duplicados
2026-08-29 10:43:00,356 | INFO    |   Est.   49: 2010-09-08 -> 2026-03-18 |  85.3% con dato | 1991 duplicados
2026-08-29 10:43:00,476 | INFO    |   Est.   50: 2011-02-09 -> 2026-03-18 |  88.9% con dato | 1991 duplicados
2026-08-29 10:43:00,601 | INFO    |   Est.   51: 2011-01-17 -> 2026-03-18 |  87.8% con dato | 1972 duplicados
2026-08-29 10:43:00,724 | INFO    |   Est.   52: 2011-03-01 -> 2026-03-18 |  79.8% con dato | 1991 duplicados
2026-08-29 10:43:00,845 | INFO    |   Est.   53: 2011-01-11 -> 2026-03-18 |  92.8% con dato | 1991 duplicados
2026-08-29 10:43:00,969 | INFO    |   Est.   54: 2010-12-27 -> 2026-03-18 |  92.2% con dato | 1991 duplicados
2026-08-29 10:43:01,097 | INFO    |   Est.   55: 2010-11-04 -> 2026-03-18 |  82.7% con dato | 1991 duplicados
2026-08-29 10:43:01,208 | INFO    |   Est.   56: 2012-06-14 -> 2026-03-18 |  92.6% con dato | 1991 duplicados
2026-08-29 10:43:01,328 | INFO    |   Est.   57: 2012-03-23 -> 2026-03-18 |  89.5% con dato | 1985 duplicados
2026-08-29 10:43:01,489 | INFO    |   Est.   58: 2012-03-23 -> 2026-03-18 |  88.9% con dato | 1990 duplicados
2026-08-29 10:43:01,626 | INFO    |   Est.   60: 2012-01-01 -> 2026-03-18 |  89.7% con dato | 1991 duplicados
2026-08-29 10:43:01,743 | INFO    |   Est.   61: 2012-03-20 -> 2026-03-18 |  89.9% con dato | 1991 duplicados
2026-08-29 10:43:01,857 | INFO    |   Est.   62: 2012-03-07 -> 2026-03-18 |  88.8% con dato | 1900 duplicados
2026-08-29 10:43:01,963 | INFO    |   Est.   64: 2012-09-05 -> 2026-03-07 |  87.3% con dato | 1991 duplicados
2026-08-29 10:43:02,068 | INFO    |   Est.   65: 2012-08-09 -> 2026-03-18 |  90.5% con dato | 1990 duplicados
2026-08-29 10:43:02,177 | INFO    |   Est.   66: 2012-06-06 -> 2026-03-18 |  91.6% con dato | 1991 duplicados
2026-08-29 10:43:02,284 | INFO    |   Est.   70: 2012-06-25 -> 2026-03-18 |  93.8% con dato | 1972 duplicados
2026-08-29 10:43:02,385 | INFO    |   Est.   71: 2013-02-28 -> 2026-03-18 |  95.0% con dato | 1991 duplicados
2026-08-29 10:43:02,493 | INFO    |   Est.   72: 2012-06-25 -> 2026-03-18 |  91.0% con dato | 1991 duplicados
2026-08-29 10:43:02,594 | INFO    |   Est.   74: 2013-05-27 -> 2026-03-18 |  95.3% con dato | 1991 duplicados
2026-08-29 10:43:02,695 | INFO    |   Est.   76: 2013-07-02 -> 2026-03-18 |  94.8% con dato | 1991 duplicados
2026-08-29 10:43:02,841 | INFO    |   Est.   81: 2013-06-28 -> 2026-03-18 |  97.4% con dato | 1991 duplicados
2026-08-29 10:43:02,945 | INFO    |   Est.   88: 2013-11-14 -> 2026-03-18 |  93.4% con dato | 1991 duplicados
2026-08-29 10:43:03,031 | INFO    |   Est.   89: 2013-11-14 -> 2025-05-06 |  95.5% con dato | 525 duplicados
2026-08-29 10:43:03,117 | INFO    |   Est.  121: 2014-11-26 -> 2026-03-18 |  96.8% con dato | 1991 duplicados
2026-08-29 10:43:03,202 | INFO    |   Est.  127: 2015-04-10 -> 2026-03-18 |  92.8% con dato | 1990 duplicados
2026-08-29 10:43:03,283 | INFO    |   Est.  129: 2015-04-23 -> 2026-03-18 |  94.6% con dato | 1991 duplicados
2026-08-29 10:43:03,367 | INFO    |   Est.  146: 2015-08-18 -> 2026-03-18 |  95.8% con dato | 1991 duplicados
2026-08-29 10:43:03,448 | INFO    |   Est.  154: 2015-09-17 -> 2026-03-18 |  83.7% con dato | 1972 duplicados
2026-08-29 10:43:03,523 | INFO    |   Est.  171: 2016-01-01 -> 2026-03-18 |  80.4% con dato | 1979 duplicados
2026-08-29 10:43:03,602 | INFO    |   Est.  184: 2016-01-01 -> 2026-03-18 |  84.2% con dato | 1991 duplicados
2026-08-29 10:43:03,649 | INFO    |   Est.  189: 2018-08-18 -> 2025-03-30 |  95.5% con dato | 1 duplicados
2026-08-29 10:43:03,717 | INFO    |   Est.  193: 2017-07-18 -> 2026-03-18 |  97.6% con dato | 1991 duplicados
2026-08-29 10:43:03,822 | INFO    |   Est.  211: 2012-12-10 -> 2026-03-18 |  93.5% con dato | 1991 duplicados
2026-08-29 10:43:03,887 | INFO    |   Est.  230: 2017-08-31 -> 2026-03-18 |  97.2% con dato | 1991 duplicados
2026-08-29 10:43:03,954 | INFO    |   Est.  234: 2017-09-18 -> 2026-03-18 |  98.0% con dato | 1991 duplicados
2026-08-29 10:43:04,017 | INFO    |   Est.  241: 2017-10-20 -> 2026-03-18 |  91.7% con dato | 1991 duplicados
2026-08-29 10:43:04,083 | INFO    |   Est.  242: 2017-10-20 -> 2026-03-18 |  98.4% con dato | 1991 duplicados
2026-08-29 10:43:04,146 | INFO    |   Est.  244: 2017-10-28 -> 2026-03-18 |  97.4% con dato | 1991 duplicados
2026-08-29 10:43:04,207 | INFO    |   Est.  248: 2017-11-05 -> 2026-03-19 |  96.8% con dato | 0 duplicados
2026-08-29 10:43:04,272 | INFO    |   Est.  253: 2017-11-14 -> 2026-03-18 |  96.6% con dato | 1991 duplicados
2026-08-29 10:43:04,336 | INFO    |   Est.  261: 2017-12-01 -> 2026-03-18 |  95.4% con dato | 1991 duplicados
2026-08-29 10:43:04,391 | INFO    |   Est.  266: 2017-12-19 -> 2025-04-02 |  91.1% con dato | 1 duplicados
2026-08-29 10:43:04,455 | INFO    |   Est.  267: 2017-12-18 -> 2026-03-18 |  97.2% con dato | 1991 duplicados
2026-08-29 10:43:04,517 | INFO    |   Est.  274: 2018-01-19 -> 2026-03-18 |  98.4% con dato | 1991 duplicados
2026-08-29 10:43:04,580 | INFO    |   Est.  275: 2018-01-16 -> 2026-03-18 |  91.7% con dato | 1628 duplicados
2026-08-29 10:43:04,644 | INFO    |   Est.  278: 2018-01-31 -> 2026-03-18 |  96.0% con dato | 1991 duplicados
2026-08-29 10:43:04,705 | INFO    |   Est.  281: 2018-02-15 -> 2026-03-18 |  98.8% con dato | 1991 duplicados
2026-08-29 10:43:04,768 | INFO    |   Est.  288: 2018-03-21 -> 2026-03-18 |  97.1% con dato | 1991 duplicados
2026-08-29 10:43:04,828 | INFO    |   Est.  289: 2018-03-22 -> 2026-03-18 |  95.7% con dato | 1991 duplicados
2026-08-29 10:43:04,890 | INFO    |   Est.  295: 2018-04-23 -> 2026-03-18 |  95.3% con dato | 1991 duplicados
2026-08-29 10:43:04,948 | INFO    |   Est.  311: 2018-06-05 -> 2026-03-18 |  61.2% con dato | 1991 duplicados
2026-08-29 10:43:05,007 | INFO    |   Est.  320: 2018-06-27 -> 2026-03-18 |  97.0% con dato | 1991 duplicados
2026-08-29 10:43:05,067 | INFO    |   Est.  323: 2018-07-17 -> 2026-03-18 |  96.1% con dato | 1980 duplicados
2026-08-29 10:43:05,125 | INFO    |   Est.  324: 2018-07-17 -> 2026-03-18 |  95.1% con dato | 1991 duplicados
2026-08-29 10:43:05,190 | INFO    |   Est.  328: 2018-08-09 -> 2026-03-18 |  96.9% con dato | 1991 duplicados
2026-08-29 10:43:05,246 | INFO    |   Est.  334: 2018-09-18 -> 2026-03-18 |  96.0% con dato | 1991 duplicados
2026-08-29 10:43:05,304 | INFO    |   Est.  339: 2019-01-04 -> 2026-03-18 |  94.7% con dato | 1991 duplicados
2026-08-29 10:43:05,359 | INFO    |   Est.  352: 2019-02-01 -> 2026-03-18 |  97.7% con dato | 1991 duplicados
2026-08-29 10:43:05,416 | INFO    |   Est.  353: 2019-02-01 -> 2026-03-18 |  93.4% con dato | 1989 duplicados
2026-08-29 10:43:05,470 | INFO    |   Est.  356: 2019-03-18 -> 2026-03-18 |  98.3% con dato | 1989 duplicados
2026-08-29 10:43:05,526 | INFO    |   Est.  373: 2019-05-08 -> 2026-03-18 |  94.5% con dato | 1991 duplicados
2026-08-29 10:43:05,578 | INFO    |   Est.  376: 2019-05-15 -> 2026-03-18 |  98.0% con dato | 1991 duplicados
2026-08-29 10:43:05,632 | INFO    |   Est.  378: 2019-06-04 -> 2026-03-18 |  92.6% con dato | 1984 duplicados
2026-08-29 10:43:05,685 | INFO    |   Est.  383: 2019-06-14 -> 2026-03-18 |  96.6% con dato | 1991 duplicados
2026-08-29 10:43:05,733 | INFO    |   Est.  389: 2019-08-09 -> 2026-03-18 |  95.3% con dato | 1860 duplicados
2026-08-29 10:43:05,783 | INFO    |   Est.  392: 2019-09-09 -> 2026-03-18 |  96.7% con dato | 1991 duplicados
2026-08-29 10:43:05,831 | INFO    |   Est.  393: 2019-09-20 -> 2026-03-18 |  98.5% con dato | 1991 duplicados
2026-08-29 10:43:05,881 | INFO    |   Est.  394: 2019-09-20 -> 2026-03-18 |  95.9% con dato | 1991 duplicados
2026-08-29 10:43:05,930 | INFO    |   Est.  395: 2019-09-24 -> 2026-03-18 |  97.8% con dato | 1991 duplicados
2026-08-29 10:43:05,976 | INFO    |   Est.  418: 2019-12-26 -> 2026-03-18 |  94.9% con dato | 1991 duplicados
2026-08-29 10:43:06,025 | INFO    |   Est.  420: 2019-12-26 -> 2026-03-18 |  95.8% con dato | 1991 duplicados
2026-08-29 10:43:06,071 | INFO    |   Est.  421: 2020-01-14 -> 2026-03-18 |  98.4% con dato | 1991 duplicados
2026-08-29 10:43:06,118 | INFO    |   Est.  429: 2020-02-21 -> 2026-03-18 |  98.2% con dato | 1991 duplicados
2026-08-29 10:43:06,164 | INFO    |   Est.  432: 2020-02-27 -> 2026-03-18 |  98.5% con dato | 1990 duplicados
2026-08-29 10:43:06,209 | INFO    |   Est.  433: 2020-02-28 -> 2026-03-18 |  94.9% con dato | 1991 duplicados
2026-08-29 10:43:06,258 | INFO    |   Est.  434: 2020-03-03 -> 2026-03-18 |  97.8% con dato | 1991 duplicados
2026-08-29 10:43:06,305 | INFO    |   Est.  437: 2020-03-31 -> 2026-03-18 |  98.9% con dato | 1991 duplicados
2026-08-29 10:43:06,352 | INFO    |   Est.  445: 2020-05-11 -> 2026-03-18 |  87.6% con dato | 1991 duplicados
2026-08-29 10:43:06,398 | INFO    |   Est.  446: 2020-05-08 -> 2026-03-18 |  86.2% con dato | 1991 duplicados
2026-08-29 10:43:06,442 | INFO    |   Est.  447: 2020-05-11 -> 2026-03-18 |  98.9% con dato | 1991 duplicados
2026-08-29 10:43:06,487 | INFO    |   Est.  451: 2020-07-03 -> 2026-03-18 |  98.2% con dato | 1972 duplicados
2026-08-29 10:43:06,528 | INFO    |   Est.  456: 2020-07-31 -> 2026-03-18 |  96.5% con dato | 1991 duplicados
2026-08-29 10:43:06,569 | INFO    |   Est.  457: 2020-09-08 -> 2026-03-18 |  94.5% con dato | 1991 duplicados
2026-08-29 10:43:06,611 | INFO    |   Est.  481: 2020-12-18 -> 2026-03-18 |  97.8% con dato | 1991 duplicados
2026-08-29 10:43:06,649 | INFO    |   Est.  499: 2021-02-16 -> 2026-03-18 |  97.5% con dato | 1991 duplicados
2026-08-29 10:43:06,686 | INFO    |   Est.  515: 2021-03-12 -> 2026-03-18 |  97.4% con dato | 1990 duplicados
2026-08-29 10:43:06,726 | INFO    |   Est.  519: 2021-03-19 -> 2026-03-18 |  97.8% con dato | 1991 duplicados
2026-08-29 10:43:06,761 | INFO    |   Est.  539: 2021-06-24 -> 2026-03-18 |  92.0% con dato | 1991 duplicados
2026-08-29 10:43:06,796 | INFO    |   Est.  540: 2021-06-11 -> 2026-03-18 |  92.7% con dato | 1972 duplicados
2026-08-29 10:43:06,831 | INFO    |   Est.  543: 2021-06-29 -> 2026-03-18 |  98.6% con dato | 1989 duplicados
2026-08-29 10:43:06,868 | INFO    |   Est.  551: 2021-09-02 -> 2026-03-18 |  99.5% con dato | 1991 duplicados
2026-08-29 10:43:06,903 | INFO    |   Est.  558: 2021-09-29 -> 2026-03-18 |  99.3% con dato | 1989 duplicados
2026-08-29 10:43:06,933 | INFO    |   Est.  601: 2022-05-03 -> 2026-03-18 |  97.6% con dato | 1991 duplicados
2026-08-29 10:43:06,965 | INFO    |   Est.  607: 2022-06-08 -> 2026-03-18 |  95.5% con dato | 1990 duplicados
2026-08-29 10:43:06,990 | INFO    |   Est.  612: 2022-06-21 -> 2025-07-03 |  99.2% con dato | 1311 duplicados
2026-08-29 10:43:07,011 | INFO    |   Est.  619: 2022-06-29 -> 2025-05-06 |  94.4% con dato | 966 duplicados
2026-08-29 10:43:07,038 | INFO    |   Est.  636: 2022-11-16 -> 2026-03-18 |  98.7% con dato | 1991 duplicados
2026-08-29 10:43:07,039 | INFO    | Pluviómetros con serie: 143
2026-08-29 10:43:07,503 | INFO    | Distancia SU-pluvio ausencias (m): mediana=1959 | max=13027
2026-08-29 10:43:07,921 | INFO    |   filtro húmedo eventos: descartadas 102/492 (20.7%)
2026-08-29 10:43:07,943 | INFO    | Eventos tras filtros: 390
2026-08-29 10:43:07,988 | INFO    | Dias excluidos: 135
2026-08-29 10:43:11,745 | INFO    | Pluviómetros con fechas candidatas: 143
2026-08-29 10:43:11,746 | INFO    | Horas candidatas totales: 1711458
2026-08-29 10:43:11,751 | INFO    | Periodos (ano-mes) con eventos: 38 | rango 2016-10 a 2025-06
2026-08-29 10:43:12,428 | INFO    | Pluviometros con candidatas en periodos de evento: 143
2026-08-29 10:43:12,430 | INFO    | Periodos cubiertos por pluviometro: mediana=34 de 38
2026-08-29 10:43:12,455 | INFO    | Pool de SU ausencia utilizable: 54540 (se necesitan 780)
2026-08-29 10:57:55,772 | INFO    |   dataset: SI=390 | NO=780 | total=1170
2026-08-29 10:57:59,175 | INFO    |   anos presencias: {2016: 2, 2017: 2, 2019: 1, 2020: 1, 2021: 71, 2022: 168, 2023: 66, 2024: 55, 2025: 24}
2026-08-29 10:57:59,176 | INFO    |   anos ausencias : {2016: 3, 2017: 3, 2019: 4, 2021: 132, 2022: 334, 2023: 157, 2024: 102, 2025: 45}
2026-08-29 10:57:59,182 | INFO    |   meses presencias: {1: 11, 3: 21, 4: 37, 5: 80, 6: 73, 7: 2, 8: 23, 9: 34, 10: 41, 11: 61, 12: 7}
2026-08-29 10:57:59,184 | INFO    |   meses ausencias : {1: 24, 3: 34, 4: 70, 5: 168, 6: 132, 7: 1, 8: 52, 9: 74, 10: 80, 11: 131, 12: 14}
2026-08-29 10:57:59,185 | INFO    |   dataset: SI=390 | NO=780 | total=1170
2026-08-29 12:37:06,162 | INFO    | ======================================================================
2026-08-29 12:37:06,165 | INFO    | INICIO set_A: 2026-08-29T12:37:06
2026-08-29 12:37:40,611 | INFO    | Slope units: 61167 | filas evento: 492
2026-08-29 12:37:40,829 | INFO    |   Est.    1: 2010-01-12 -> 2026-03-18 |  94.0% con dato | 1985 duplicados
2026-08-29 12:37:40,961 | INFO    |   Est.    2: 2010-01-01 -> 2026-03-18 |  90.7% con dato | 249 duplicados
2026-08-29 12:37:41,128 | INFO    |   Est.    3: 2010-01-01 -> 2026-03-18 |  89.5% con dato | 1991 duplicados
2026-08-29 12:37:41,288 | INFO    |   Est.    4: 2010-01-01 -> 2026-03-18 |  84.2% con dato | 1972 duplicados
2026-08-29 12:37:41,431 | INFO    |   Est.    5: 2010-01-01 -> 2026-03-18 |  95.7% con dato | 1991 duplicados
2026-08-29 12:37:41,612 | INFO    |   Est.    7: 2010-01-01 -> 2026-03-18 |  90.6% con dato | 1991 duplicados
2026-08-29 12:37:41,846 | INFO    |   Est.    8: 2010-01-01 -> 2026-03-18 |  89.8% con dato | 1980 duplicados
2026-08-29 12:37:42,000 | INFO    |   Est.    9: 2010-01-01 -> 2026-03-18 |  90.4% con dato | 1990 duplicados
2026-08-29 12:37:42,145 | INFO    |   Est.   10: 2010-01-01 -> 2026-03-18 |  90.8% con dato | 1990 duplicados
2026-08-29 12:37:42,290 | INFO    |   Est.   11: 2010-01-04 -> 2026-03-18 |  89.4% con dato | 1991 duplicados
2026-08-29 12:37:42,428 | INFO    |   Est.   12: 2010-01-01 -> 2026-03-18 |  91.8% con dato | 1972 duplicados
2026-08-29 12:37:42,571 | INFO    |   Est.   14: 2010-01-01 -> 2026-03-18 |  89.7% con dato | 1991 duplicados
2026-08-29 12:37:42,732 | INFO    |   Est.   15: 2010-01-01 -> 2026-03-18 |  92.8% con dato | 1991 duplicados
2026-08-29 12:37:42,883 | INFO    |   Est.   16: 2010-01-01 -> 2026-03-18 |  92.0% con dato | 1991 duplicados
2026-08-29 12:37:43,032 | INFO    |   Est.   17: 2010-01-28 -> 2026-03-18 |  93.5% con dato | 1991 duplicados
2026-08-29 12:37:43,178 | INFO    |   Est.   18: 2010-01-11 -> 2026-03-18 |  91.1% con dato | 1991 duplicados
2026-08-29 12:37:43,334 | INFO    |   Est.   19: 2010-01-11 -> 2026-03-18 |  93.5% con dato | 1991 duplicados
2026-08-29 12:37:43,479 | INFO    |   Est.   20: 2010-01-12 -> 2026-03-18 |  88.5% con dato | 1991 duplicados
2026-08-29 12:37:43,639 | INFO    |   Est.   21: 2010-01-11 -> 2026-03-18 |  91.3% con dato | 1990 duplicados
2026-08-29 12:37:43,778 | INFO    |   Est.   22: 2010-01-14 -> 2026-03-18 |  91.0% con dato | 1991 duplicados
2026-08-29 12:37:43,933 | INFO    |   Est.   23: 2010-01-10 -> 2026-03-18 |  93.5% con dato | 1973 duplicados
2026-08-29 12:37:44,088 | INFO    |   Est.   24: 2010-01-18 -> 2026-03-18 |  92.4% con dato | 1991 duplicados
2026-08-29 12:37:44,239 | INFO    |   Est.   25: 2010-01-18 -> 2026-01-07 |  77.2% con dato | 1 duplicados
2026-08-29 12:37:44,411 | INFO    |   Est.   26: 2010-01-04 -> 2026-03-18 |  83.2% con dato | 1990 duplicados
2026-08-29 12:37:44,555 | INFO    |   Est.   27: 2010-01-18 -> 2024-07-12 |  82.7% con dato | 0 duplicados
2026-08-29 12:37:44,705 | INFO    |   Est.   28: 2010-01-18 -> 2026-03-18 |  86.4% con dato | 1991 duplicados
2026-08-29 12:37:44,858 | INFO    |   Est.   29: 2010-01-18 -> 2026-03-18 |  91.9% con dato | 1991 duplicados
2026-08-29 12:37:45,005 | INFO    |   Est.   30: 2010-01-01 -> 2026-03-18 |  90.4% con dato | 1991 duplicados
2026-08-29 12:37:45,168 | INFO    |   Est.   31: 2010-01-06 -> 2026-03-18 |  87.5% con dato | 1991 duplicados
2026-08-29 12:37:45,313 | INFO    |   Est.   32: 2010-01-06 -> 2026-03-18 |  86.0% con dato | 1991 duplicados
2026-08-29 12:37:45,480 | INFO    |   Est.   33: 2010-01-28 -> 2026-03-18 |  87.2% con dato | 1991 duplicados
2026-08-29 12:37:45,624 | INFO    |   Est.   34: 2010-01-10 -> 2026-03-18 |  88.7% con dato | 1991 duplicados
2026-08-29 12:37:45,771 | INFO    |   Est.   35: 2010-01-28 -> 2026-03-18 |  93.8% con dato | 1991 duplicados
2026-08-29 12:37:45,933 | INFO    |   Est.   36: 2010-03-26 -> 2026-03-18 |  92.6% con dato | 1991 duplicados
2026-08-29 12:37:46,069 | INFO    |   Est.   37: 2010-01-28 -> 2026-03-18 |  89.5% con dato | 1991 duplicados
2026-08-29 12:37:46,221 | INFO    |   Est.   39: 2010-01-28 -> 2026-03-18 |  91.0% con dato | 1991 duplicados
2026-08-29 12:37:46,383 | INFO    |   Est.   40: 2010-02-05 -> 2026-03-18 |  92.2% con dato | 1989 duplicados
2026-08-29 12:37:46,538 | INFO    |   Est.   41: 2010-01-28 -> 2026-03-18 |  92.7% con dato | 1991 duplicados
2026-08-29 12:37:46,679 | INFO    |   Est.   42: 2010-02-05 -> 2026-03-18 |  88.9% con dato | 1991 duplicados
2026-08-29 12:37:46,838 | INFO    |   Est.   43: 2010-05-03 -> 2026-03-18 |  86.2% con dato | 1991 duplicados
2026-08-29 12:37:46,987 | INFO    |   Est.   44: 2010-04-19 -> 2026-03-18 |  83.2% con dato | 1991 duplicados
2026-08-29 12:37:47,126 | INFO    |   Est.   45: 2010-05-05 -> 2026-03-18 |  88.0% con dato | 1991 duplicados
2026-08-29 12:37:47,264 | INFO    |   Est.   46: 2010-04-28 -> 2025-05-06 |  92.9% con dato | 966 duplicados
2026-08-29 12:37:47,398 | INFO    |   Est.   47: 2010-05-03 -> 2026-03-18 |  81.9% con dato | 1991 duplicados
2026-08-29 12:37:47,605 | INFO    |   Est.   48: 2010-05-14 -> 2026-03-18 |  93.3% con dato | 1972 duplicados
2026-08-29 12:37:47,748 | INFO    |   Est.   49: 2010-09-08 -> 2026-03-18 |  85.3% con dato | 1991 duplicados
2026-08-29 12:37:47,894 | INFO    |   Est.   50: 2011-02-09 -> 2026-03-18 |  88.9% con dato | 1991 duplicados
2026-08-29 12:37:48,053 | INFO    |   Est.   51: 2011-01-17 -> 2026-03-18 |  87.8% con dato | 1972 duplicados
2026-08-29 12:37:48,181 | INFO    |   Est.   52: 2011-03-01 -> 2026-03-18 |  79.8% con dato | 1991 duplicados
2026-08-29 12:37:48,314 | INFO    |   Est.   53: 2011-01-11 -> 2026-03-18 |  92.8% con dato | 1991 duplicados
2026-08-29 12:37:48,456 | INFO    |   Est.   54: 2010-12-27 -> 2026-03-18 |  92.2% con dato | 1991 duplicados
2026-08-29 12:37:48,612 | INFO    |   Est.   55: 2010-11-04 -> 2026-03-18 |  82.7% con dato | 1991 duplicados
2026-08-29 12:37:48,752 | INFO    |   Est.   56: 2012-06-14 -> 2026-03-18 |  92.6% con dato | 1991 duplicados
2026-08-29 12:37:48,892 | INFO    |   Est.   57: 2012-03-23 -> 2026-03-18 |  89.5% con dato | 1985 duplicados
2026-08-29 12:37:49,032 | INFO    |   Est.   58: 2012-03-23 -> 2026-03-18 |  88.9% con dato | 1990 duplicados
2026-08-29 12:37:49,181 | INFO    |   Est.   60: 2012-01-01 -> 2026-03-18 |  89.7% con dato | 1991 duplicados
2026-08-29 12:37:49,305 | INFO    |   Est.   61: 2012-03-20 -> 2026-03-18 |  89.9% con dato | 1991 duplicados
2026-08-29 12:37:49,458 | INFO    |   Est.   62: 2012-03-07 -> 2026-03-18 |  88.8% con dato | 1900 duplicados
2026-08-29 12:37:49,588 | INFO    |   Est.   64: 2012-09-05 -> 2026-03-07 |  87.3% con dato | 1991 duplicados
2026-08-29 12:37:49,730 | INFO    |   Est.   65: 2012-08-09 -> 2026-03-18 |  90.5% con dato | 1990 duplicados
2026-08-29 12:37:49,868 | INFO    |   Est.   66: 2012-06-06 -> 2026-03-18 |  91.6% con dato | 1991 duplicados
2026-08-29 12:37:50,002 | INFO    |   Est.   70: 2012-06-25 -> 2026-03-18 |  93.8% con dato | 1972 duplicados
2026-08-29 12:37:50,147 | INFO    |   Est.   71: 2013-02-28 -> 2026-03-18 |  95.0% con dato | 1991 duplicados
2026-08-29 12:37:50,282 | INFO    |   Est.   72: 2012-06-25 -> 2026-03-18 |  91.0% con dato | 1991 duplicados
2026-08-29 12:37:50,422 | INFO    |   Est.   74: 2013-05-27 -> 2026-03-18 |  95.3% con dato | 1991 duplicados
2026-08-29 12:37:50,548 | INFO    |   Est.   76: 2013-07-02 -> 2026-03-18 |  94.8% con dato | 1991 duplicados
2026-08-29 12:37:50,674 | INFO    |   Est.   81: 2013-06-28 -> 2026-03-18 |  97.4% con dato | 1991 duplicados
2026-08-29 12:37:50,796 | INFO    |   Est.   88: 2013-11-14 -> 2026-03-18 |  93.4% con dato | 1991 duplicados
2026-08-29 12:37:50,912 | INFO    |   Est.   89: 2013-11-14 -> 2025-05-06 |  95.5% con dato | 525 duplicados
2026-08-29 12:37:51,027 | INFO    |   Est.  121: 2014-11-26 -> 2026-03-18 |  96.8% con dato | 1991 duplicados
2026-08-29 12:37:51,143 | INFO    |   Est.  127: 2015-04-10 -> 2026-03-18 |  92.8% con dato | 1990 duplicados
2026-08-29 12:37:51,234 | INFO    |   Est.  129: 2015-04-23 -> 2026-03-18 |  94.6% con dato | 1991 duplicados
2026-08-29 12:37:51,352 | INFO    |   Est.  146: 2015-08-18 -> 2026-03-18 |  95.8% con dato | 1991 duplicados
2026-08-29 12:37:51,441 | INFO    |   Est.  154: 2015-09-17 -> 2026-03-18 |  83.7% con dato | 1972 duplicados
2026-08-29 12:37:51,543 | INFO    |   Est.  171: 2016-01-01 -> 2026-03-18 |  80.4% con dato | 1979 duplicados
2026-08-29 12:37:51,644 | INFO    |   Est.  184: 2016-01-01 -> 2026-03-18 |  84.2% con dato | 1991 duplicados
2026-08-29 12:37:51,703 | INFO    |   Est.  189: 2018-08-18 -> 2025-03-30 |  95.5% con dato | 1 duplicados
2026-08-29 12:37:51,793 | INFO    |   Est.  193: 2017-07-18 -> 2026-03-18 |  97.6% con dato | 1991 duplicados
2026-08-29 12:37:51,915 | INFO    |   Est.  211: 2012-12-10 -> 2026-03-18 |  93.5% con dato | 1991 duplicados
2026-08-29 12:37:52,017 | INFO    |   Est.  230: 2017-08-31 -> 2026-03-18 |  97.2% con dato | 1991 duplicados
2026-08-29 12:37:52,095 | INFO    |   Est.  234: 2017-09-18 -> 2026-03-18 |  98.0% con dato | 1991 duplicados
2026-08-29 12:37:52,171 | INFO    |   Est.  241: 2017-10-20 -> 2026-03-18 |  91.7% con dato | 1991 duplicados
2026-08-29 12:37:52,261 | INFO    |   Est.  242: 2017-10-20 -> 2026-03-18 |  98.4% con dato | 1991 duplicados
2026-08-29 12:37:52,357 | INFO    |   Est.  244: 2017-10-28 -> 2026-03-18 |  97.4% con dato | 1991 duplicados
2026-08-29 12:37:52,448 | INFO    |   Est.  248: 2017-11-05 -> 2026-03-19 |  96.8% con dato | 0 duplicados
2026-08-29 12:37:52,528 | INFO    |   Est.  253: 2017-11-14 -> 2026-03-18 |  96.6% con dato | 1991 duplicados
2026-08-29 12:37:52,616 | INFO    |   Est.  261: 2017-12-01 -> 2026-03-18 |  95.4% con dato | 1991 duplicados
2026-08-29 12:37:52,699 | INFO    |   Est.  266: 2017-12-19 -> 2025-04-02 |  91.1% con dato | 1 duplicados
2026-08-29 12:37:52,788 | INFO    |   Est.  267: 2017-12-18 -> 2026-03-18 |  97.2% con dato | 1991 duplicados
2026-08-29 12:37:52,857 | INFO    |   Est.  274: 2018-01-19 -> 2026-03-18 |  98.4% con dato | 1991 duplicados
2026-08-29 12:37:52,960 | INFO    |   Est.  275: 2018-01-16 -> 2026-03-18 |  91.7% con dato | 1628 duplicados
2026-08-29 12:37:53,041 | INFO    |   Est.  278: 2018-01-31 -> 2026-03-18 |  96.0% con dato | 1991 duplicados
2026-08-29 12:37:53,137 | INFO    |   Est.  281: 2018-02-15 -> 2026-03-18 |  98.8% con dato | 1991 duplicados
2026-08-29 12:37:53,227 | INFO    |   Est.  288: 2018-03-21 -> 2026-03-18 |  97.1% con dato | 1991 duplicados
2026-08-29 12:37:53,328 | INFO    |   Est.  289: 2018-03-22 -> 2026-03-18 |  95.7% con dato | 1991 duplicados
2026-08-29 12:37:53,424 | INFO    |   Est.  295: 2018-04-23 -> 2026-03-18 |  95.3% con dato | 1991 duplicados
2026-08-29 12:37:53,516 | INFO    |   Est.  311: 2018-06-05 -> 2026-03-18 |  61.2% con dato | 1991 duplicados
2026-08-29 12:37:53,608 | INFO    |   Est.  320: 2018-06-27 -> 2026-03-18 |  97.0% con dato | 1991 duplicados
2026-08-29 12:37:53,696 | INFO    |   Est.  323: 2018-07-17 -> 2026-03-18 |  96.1% con dato | 1980 duplicados
2026-08-29 12:37:53,787 | INFO    |   Est.  324: 2018-07-17 -> 2026-03-18 |  95.1% con dato | 1991 duplicados
2026-08-29 12:37:53,861 | INFO    |   Est.  328: 2018-08-09 -> 2026-03-18 |  96.9% con dato | 1991 duplicados
2026-08-29 12:37:53,947 | INFO    |   Est.  334: 2018-09-18 -> 2026-03-18 |  96.0% con dato | 1991 duplicados
2026-08-29 12:37:54,032 | INFO    |   Est.  339: 2019-01-04 -> 2026-03-18 |  94.7% con dato | 1991 duplicados
2026-08-29 12:37:54,116 | INFO    |   Est.  352: 2019-02-01 -> 2026-03-18 |  97.7% con dato | 1991 duplicados
2026-08-29 12:37:54,199 | INFO    |   Est.  353: 2019-02-01 -> 2026-03-18 |  93.4% con dato | 1989 duplicados
2026-08-29 12:37:54,268 | INFO    |   Est.  356: 2019-03-18 -> 2026-03-18 |  98.3% con dato | 1989 duplicados
2026-08-29 12:37:54,335 | INFO    |   Est.  373: 2019-05-08 -> 2026-03-18 |  94.5% con dato | 1991 duplicados
2026-08-29 12:37:54,416 | INFO    |   Est.  376: 2019-05-15 -> 2026-03-18 |  98.0% con dato | 1991 duplicados
2026-08-29 12:37:54,493 | INFO    |   Est.  378: 2019-06-04 -> 2026-03-18 |  92.6% con dato | 1984 duplicados
2026-08-29 12:37:54,572 | INFO    |   Est.  383: 2019-06-14 -> 2026-03-18 |  96.6% con dato | 1991 duplicados
2026-08-29 12:37:54,650 | INFO    |   Est.  389: 2019-08-09 -> 2026-03-18 |  95.3% con dato | 1860 duplicados
2026-08-29 12:37:54,708 | INFO    |   Est.  392: 2019-09-09 -> 2026-03-18 |  96.7% con dato | 1991 duplicados
2026-08-29 12:37:54,773 | INFO    |   Est.  393: 2019-09-20 -> 2026-03-18 |  98.5% con dato | 1991 duplicados
2026-08-29 12:37:54,847 | INFO    |   Est.  394: 2019-09-20 -> 2026-03-18 |  95.9% con dato | 1991 duplicados
2026-08-29 12:37:54,910 | INFO    |   Est.  395: 2019-09-24 -> 2026-03-18 |  97.8% con dato | 1991 duplicados
2026-08-29 12:37:54,980 | INFO    |   Est.  418: 2019-12-26 -> 2026-03-18 |  94.9% con dato | 1991 duplicados
2026-08-29 12:37:55,054 | INFO    |   Est.  420: 2019-12-26 -> 2026-03-18 |  95.8% con dato | 1991 duplicados
2026-08-29 12:37:55,116 | INFO    |   Est.  421: 2020-01-14 -> 2026-03-18 |  98.4% con dato | 1991 duplicados
2026-08-29 12:37:55,176 | INFO    |   Est.  429: 2020-02-21 -> 2026-03-18 |  98.2% con dato | 1991 duplicados
2026-08-29 12:37:55,260 | INFO    |   Est.  432: 2020-02-27 -> 2026-03-18 |  98.5% con dato | 1990 duplicados
2026-08-29 12:37:55,322 | INFO    |   Est.  433: 2020-02-28 -> 2026-03-18 |  94.9% con dato | 1991 duplicados
2026-08-29 12:37:55,381 | INFO    |   Est.  434: 2020-03-03 -> 2026-03-18 |  97.8% con dato | 1991 duplicados
2026-08-29 12:37:55,437 | INFO    |   Est.  437: 2020-03-31 -> 2026-03-18 |  98.9% con dato | 1991 duplicados
2026-08-29 12:37:55,512 | INFO    |   Est.  445: 2020-05-11 -> 2026-03-18 |  87.6% con dato | 1991 duplicados
2026-08-29 12:37:55,586 | INFO    |   Est.  446: 2020-05-08 -> 2026-03-18 |  86.2% con dato | 1991 duplicados
2026-08-29 12:37:55,661 | INFO    |   Est.  447: 2020-05-11 -> 2026-03-18 |  98.9% con dato | 1991 duplicados
2026-08-29 12:37:55,715 | INFO    |   Est.  451: 2020-07-03 -> 2026-03-18 |  98.2% con dato | 1972 duplicados
2026-08-29 12:37:55,766 | INFO    |   Est.  456: 2020-07-31 -> 2026-03-18 |  96.5% con dato | 1991 duplicados
2026-08-29 12:37:55,837 | INFO    |   Est.  457: 2020-09-08 -> 2026-03-18 |  94.5% con dato | 1991 duplicados
2026-08-29 12:37:55,910 | INFO    |   Est.  481: 2020-12-18 -> 2026-03-18 |  97.8% con dato | 1991 duplicados
2026-08-29 12:37:55,981 | INFO    |   Est.  499: 2021-02-16 -> 2026-03-18 |  97.5% con dato | 1991 duplicados
2026-08-29 12:37:56,024 | INFO    |   Est.  515: 2021-03-12 -> 2026-03-18 |  97.4% con dato | 1990 duplicados
2026-08-29 12:37:56,079 | INFO    |   Est.  519: 2021-03-19 -> 2026-03-18 |  97.8% con dato | 1991 duplicados
2026-08-29 12:37:56,125 | INFO    |   Est.  539: 2021-06-24 -> 2026-03-18 |  92.0% con dato | 1991 duplicados
2026-08-29 12:37:56,189 | INFO    |   Est.  540: 2021-06-11 -> 2026-03-18 |  92.7% con dato | 1972 duplicados
2026-08-29 12:37:56,233 | INFO    |   Est.  543: 2021-06-29 -> 2026-03-18 |  98.6% con dato | 1989 duplicados
2026-08-29 12:37:56,299 | INFO    |   Est.  551: 2021-09-02 -> 2026-03-18 |  99.5% con dato | 1991 duplicados
2026-08-29 12:37:56,348 | INFO    |   Est.  558: 2021-09-29 -> 2026-03-18 |  99.3% con dato | 1989 duplicados
2026-08-29 12:37:56,379 | INFO    |   Est.  601: 2022-05-03 -> 2026-03-18 |  97.6% con dato | 1991 duplicados
2026-08-29 12:37:56,441 | INFO    |   Est.  607: 2022-06-08 -> 2026-03-18 |  95.5% con dato | 1990 duplicados
2026-08-29 12:37:56,487 | INFO    |   Est.  612: 2022-06-21 -> 2025-07-03 |  99.2% con dato | 1311 duplicados
2026-08-29 12:37:56,537 | INFO    |   Est.  619: 2022-06-29 -> 2025-05-06 |  94.4% con dato | 966 duplicados
2026-08-29 12:37:56,597 | INFO    |   Est.  636: 2022-11-16 -> 2026-03-18 |  98.7% con dato | 1991 duplicados
2026-08-29 12:37:56,599 | INFO    | Pluviómetros con serie: 143
2026-08-29 12:37:56,645 | INFO    | Distancia SU-pluvio (m): mediana=716 | max=3536
2026-08-29 12:37:57,087 | INFO    |   filtro húmedo eventos: descartadas 102/492 (20.7%)
2026-08-29 12:37:57,110 | INFO    | Eventos tras filtros: 390
2026-08-29 12:37:57,449 | INFO    | Pluviómetros con fechas candidatas: 143
2026-08-29 12:37:58,186 | INFO    | ======================================================================
2026-08-29 12:37:58,188 | INFO    | INICIO set_B: 2026-08-29T12:37:58
2026-08-29 12:37:58,189 | INFO    | MATCH_BY_DAY = True
2026-08-29 12:38:32,416 | INFO    | Slope units: 61167 | filas evento: 492
2026-08-29 12:39:57,460 | INFO    | SU ausencia elegibles (>200 m de un evento): 54540 de 60675
2026-08-29 12:39:57,616 | INFO    |   Est.    1: 2010-01-12 -> 2026-03-18 |  94.0% con dato | 1985 duplicados
2026-08-29 12:39:57,735 | INFO    |   Est.    2: 2010-01-01 -> 2026-03-18 |  90.7% con dato | 249 duplicados
2026-08-29 12:39:57,860 | INFO    |   Est.    3: 2010-01-01 -> 2026-03-18 |  89.5% con dato | 1991 duplicados
2026-08-29 12:39:57,987 | INFO    |   Est.    4: 2010-01-01 -> 2026-03-18 |  84.2% con dato | 1972 duplicados
2026-08-29 12:39:58,111 | INFO    |   Est.    5: 2010-01-01 -> 2026-03-18 |  95.7% con dato | 1991 duplicados
2026-08-29 12:39:58,238 | INFO    |   Est.    7: 2010-01-01 -> 2026-03-18 |  90.6% con dato | 1991 duplicados
2026-08-29 12:39:58,363 | INFO    |   Est.    8: 2010-01-01 -> 2026-03-18 |  89.8% con dato | 1980 duplicados
2026-08-29 12:39:58,499 | INFO    |   Est.    9: 2010-01-01 -> 2026-03-18 |  90.4% con dato | 1990 duplicados
2026-08-29 12:39:58,624 | INFO    |   Est.   10: 2010-01-01 -> 2026-03-18 |  90.8% con dato | 1990 duplicados
2026-08-29 12:39:58,762 | INFO    |   Est.   11: 2010-01-04 -> 2026-03-18 |  89.4% con dato | 1991 duplicados
2026-08-29 12:39:58,884 | INFO    |   Est.   12: 2010-01-01 -> 2026-03-18 |  91.8% con dato | 1972 duplicados
2026-08-29 12:39:59,011 | INFO    |   Est.   14: 2010-01-01 -> 2026-03-18 |  89.7% con dato | 1991 duplicados
2026-08-29 12:39:59,134 | INFO    |   Est.   15: 2010-01-01 -> 2026-03-18 |  92.8% con dato | 1991 duplicados
2026-08-29 12:39:59,260 | INFO    |   Est.   16: 2010-01-01 -> 2026-03-18 |  92.0% con dato | 1991 duplicados
2026-08-29 12:39:59,384 | INFO    |   Est.   17: 2010-01-28 -> 2026-03-18 |  93.5% con dato | 1991 duplicados
2026-08-29 12:39:59,509 | INFO    |   Est.   18: 2010-01-11 -> 2026-03-18 |  91.1% con dato | 1991 duplicados
2026-08-29 12:39:59,631 | INFO    |   Est.   19: 2010-01-11 -> 2026-03-18 |  93.5% con dato | 1991 duplicados
2026-08-29 12:39:59,759 | INFO    |   Est.   20: 2010-01-12 -> 2026-03-18 |  88.5% con dato | 1991 duplicados
2026-08-29 12:39:59,887 | INFO    |   Est.   21: 2010-01-11 -> 2026-03-18 |  91.3% con dato | 1990 duplicados
2026-08-29 12:40:00,024 | INFO    |   Est.   22: 2010-01-14 -> 2026-03-18 |  91.0% con dato | 1991 duplicados
2026-08-29 12:40:00,159 | INFO    |   Est.   23: 2010-01-10 -> 2026-03-18 |  93.5% con dato | 1973 duplicados
2026-08-29 12:40:00,287 | INFO    |   Est.   24: 2010-01-18 -> 2026-03-18 |  92.4% con dato | 1991 duplicados
2026-08-29 12:40:00,402 | INFO    |   Est.   25: 2010-01-18 -> 2026-01-07 |  77.2% con dato | 1 duplicados
2026-08-29 12:40:00,527 | INFO    |   Est.   26: 2010-01-04 -> 2026-03-18 |  83.2% con dato | 1990 duplicados
2026-08-29 12:40:00,637 | INFO    |   Est.   27: 2010-01-18 -> 2024-07-12 |  82.7% con dato | 0 duplicados
2026-08-29 12:40:00,761 | INFO    |   Est.   28: 2010-01-18 -> 2026-03-18 |  86.4% con dato | 1991 duplicados
2026-08-29 12:40:00,883 | INFO    |   Est.   29: 2010-01-18 -> 2026-03-18 |  91.9% con dato | 1991 duplicados
2026-08-29 12:40:01,011 | INFO    |   Est.   30: 2010-01-01 -> 2026-03-18 |  90.4% con dato | 1991 duplicados
2026-08-29 12:40:01,135 | INFO    |   Est.   31: 2010-01-06 -> 2026-03-18 |  87.5% con dato | 1991 duplicados
2026-08-29 12:40:01,258 | INFO    |   Est.   32: 2010-01-06 -> 2026-03-18 |  86.0% con dato | 1991 duplicados
2026-08-29 12:40:01,394 | INFO    |   Est.   33: 2010-01-28 -> 2026-03-18 |  87.2% con dato | 1991 duplicados
2026-08-29 12:40:01,518 | INFO    |   Est.   34: 2010-01-10 -> 2026-03-18 |  88.7% con dato | 1991 duplicados
2026-08-29 12:40:01,644 | INFO    |   Est.   35: 2010-01-28 -> 2026-03-18 |  93.8% con dato | 1991 duplicados
2026-08-29 12:40:01,768 | INFO    |   Est.   36: 2010-03-26 -> 2026-03-18 |  92.6% con dato | 1991 duplicados
2026-08-29 12:40:01,892 | INFO    |   Est.   37: 2010-01-28 -> 2026-03-18 |  89.5% con dato | 1991 duplicados
2026-08-29 12:40:02,022 | INFO    |   Est.   39: 2010-01-28 -> 2026-03-18 |  91.0% con dato | 1991 duplicados
2026-08-29 12:40:02,222 | INFO    |   Est.   40: 2010-02-05 -> 2026-03-18 |  92.2% con dato | 1989 duplicados
2026-08-29 12:40:02,382 | INFO    |   Est.   41: 2010-01-28 -> 2026-03-18 |  92.7% con dato | 1991 duplicados
2026-08-29 12:40:02,517 | INFO    |   Est.   42: 2010-02-05 -> 2026-03-18 |  88.9% con dato | 1991 duplicados
2026-08-29 12:40:02,652 | INFO    |   Est.   43: 2010-05-03 -> 2026-03-18 |  86.2% con dato | 1991 duplicados
2026-08-29 12:40:02,796 | INFO    |   Est.   44: 2010-04-19 -> 2026-03-18 |  83.2% con dato | 1991 duplicados
2026-08-29 12:40:02,928 | INFO    |   Est.   45: 2010-05-05 -> 2026-03-18 |  88.0% con dato | 1991 duplicados
2026-08-29 12:40:03,047 | INFO    |   Est.   46: 2010-04-28 -> 2025-05-06 |  92.9% con dato | 966 duplicados
2026-08-29 12:40:03,178 | INFO    |   Est.   47: 2010-05-03 -> 2026-03-18 |  81.9% con dato | 1991 duplicados
2026-08-29 12:40:03,347 | INFO    |   Est.   48: 2010-05-14 -> 2026-03-18 |  93.3% con dato | 1972 duplicados
2026-08-29 12:40:03,479 | INFO    |   Est.   49: 2010-09-08 -> 2026-03-18 |  85.3% con dato | 1991 duplicados
2026-08-29 12:40:03,610 | INFO    |   Est.   50: 2011-02-09 -> 2026-03-18 |  88.9% con dato | 1991 duplicados
2026-08-29 12:40:03,738 | INFO    |   Est.   51: 2011-01-17 -> 2026-03-18 |  87.8% con dato | 1972 duplicados
2026-08-29 12:40:03,926 | INFO    |   Est.   52: 2011-03-01 -> 2026-03-18 |  79.8% con dato | 1991 duplicados
2026-08-29 12:40:04,061 | INFO    |   Est.   53: 2011-01-11 -> 2026-03-18 |  92.8% con dato | 1991 duplicados
2026-08-29 12:40:04,183 | INFO    |   Est.   54: 2010-12-27 -> 2026-03-18 |  92.2% con dato | 1991 duplicados
2026-08-29 12:40:04,324 | INFO    |   Est.   55: 2010-11-04 -> 2026-03-18 |  82.7% con dato | 1991 duplicados
2026-08-29 12:40:04,430 | INFO    |   Est.   56: 2012-06-14 -> 2026-03-18 |  92.6% con dato | 1991 duplicados
2026-08-29 12:40:04,542 | INFO    |   Est.   57: 2012-03-23 -> 2026-03-18 |  89.5% con dato | 1985 duplicados
2026-08-29 12:40:04,700 | INFO    |   Est.   58: 2012-03-23 -> 2026-03-18 |  88.9% con dato | 1990 duplicados
2026-08-29 12:40:04,810 | INFO    |   Est.   60: 2012-01-01 -> 2026-03-18 |  89.7% con dato | 1991 duplicados
2026-08-29 12:40:04,926 | INFO    |   Est.   61: 2012-03-20 -> 2026-03-18 |  89.9% con dato | 1991 duplicados
2026-08-29 12:40:05,035 | INFO    |   Est.   62: 2012-03-07 -> 2026-03-18 |  88.8% con dato | 1900 duplicados
2026-08-29 12:40:05,139 | INFO    |   Est.   64: 2012-09-05 -> 2026-03-07 |  87.3% con dato | 1991 duplicados
2026-08-29 12:40:05,265 | INFO    |   Est.   65: 2012-08-09 -> 2026-03-18 |  90.5% con dato | 1990 duplicados
2026-08-29 12:40:05,371 | INFO    |   Est.   66: 2012-06-06 -> 2026-03-18 |  91.6% con dato | 1991 duplicados
2026-08-29 12:40:05,478 | INFO    |   Est.   70: 2012-06-25 -> 2026-03-18 |  93.8% con dato | 1972 duplicados
2026-08-29 12:40:05,594 | INFO    |   Est.   71: 2013-02-28 -> 2026-03-18 |  95.0% con dato | 1991 duplicados
2026-08-29 12:40:05,702 | INFO    |   Est.   72: 2012-06-25 -> 2026-03-18 |  91.0% con dato | 1991 duplicados
2026-08-29 12:40:05,802 | INFO    |   Est.   74: 2013-05-27 -> 2026-03-18 |  95.3% con dato | 1991 duplicados
2026-08-29 12:40:05,910 | INFO    |   Est.   76: 2013-07-02 -> 2026-03-18 |  94.8% con dato | 1991 duplicados
2026-08-29 12:40:06,011 | INFO    |   Est.   81: 2013-06-28 -> 2026-03-18 |  97.4% con dato | 1991 duplicados
2026-08-29 12:40:06,112 | INFO    |   Est.   88: 2013-11-14 -> 2026-03-18 |  93.4% con dato | 1991 duplicados
2026-08-29 12:40:06,247 | INFO    |   Est.   89: 2013-11-14 -> 2025-05-06 |  95.5% con dato | 525 duplicados
2026-08-29 12:40:06,330 | INFO    |   Est.  121: 2014-11-26 -> 2026-03-18 |  96.8% con dato | 1991 duplicados
2026-08-29 12:40:06,409 | INFO    |   Est.  127: 2015-04-10 -> 2026-03-18 |  92.8% con dato | 1990 duplicados
2026-08-29 12:40:06,490 | INFO    |   Est.  129: 2015-04-23 -> 2026-03-18 |  94.6% con dato | 1991 duplicados
2026-08-29 12:40:06,575 | INFO    |   Est.  146: 2015-08-18 -> 2026-03-18 |  95.8% con dato | 1991 duplicados
2026-08-29 12:40:06,707 | INFO    |   Est.  154: 2015-09-17 -> 2026-03-18 |  83.7% con dato | 1972 duplicados
2026-08-29 12:40:06,784 | INFO    |   Est.  171: 2016-01-01 -> 2026-03-18 |  80.4% con dato | 1979 duplicados
2026-08-29 12:40:06,863 | INFO    |   Est.  184: 2016-01-01 -> 2026-03-18 |  84.2% con dato | 1991 duplicados
2026-08-29 12:40:06,911 | INFO    |   Est.  189: 2018-08-18 -> 2025-03-30 |  95.5% con dato | 1 duplicados
2026-08-29 12:40:06,988 | INFO    |   Est.  193: 2017-07-18 -> 2026-03-18 |  97.6% con dato | 1991 duplicados
2026-08-29 12:40:07,125 | INFO    |   Est.  211: 2012-12-10 -> 2026-03-18 |  93.5% con dato | 1991 duplicados
2026-08-29 12:40:07,210 | INFO    |   Est.  230: 2017-08-31 -> 2026-03-18 |  97.2% con dato | 1991 duplicados
2026-08-29 12:40:07,280 | INFO    |   Est.  234: 2017-09-18 -> 2026-03-18 |  98.0% con dato | 1991 duplicados
2026-08-29 12:40:07,349 | INFO    |   Est.  241: 2017-10-20 -> 2026-03-18 |  91.7% con dato | 1991 duplicados
2026-08-29 12:40:07,415 | INFO    |   Est.  242: 2017-10-20 -> 2026-03-18 |  98.4% con dato | 1991 duplicados
2026-08-29 12:40:07,482 | INFO    |   Est.  244: 2017-10-28 -> 2026-03-18 |  97.4% con dato | 1991 duplicados
2026-08-29 12:40:07,542 | INFO    |   Est.  248: 2017-11-05 -> 2026-03-19 |  96.8% con dato | 0 duplicados
2026-08-29 12:40:07,613 | INFO    |   Est.  253: 2017-11-14 -> 2026-03-18 |  96.6% con dato | 1991 duplicados
2026-08-29 12:40:07,682 | INFO    |   Est.  261: 2017-12-01 -> 2026-03-18 |  95.4% con dato | 1991 duplicados
2026-08-29 12:40:07,744 | INFO    |   Est.  266: 2017-12-19 -> 2025-04-02 |  91.1% con dato | 1 duplicados
2026-08-29 12:40:07,842 | INFO    |   Est.  267: 2017-12-18 -> 2026-03-18 |  97.2% con dato | 1991 duplicados
2026-08-29 12:40:07,921 | INFO    |   Est.  274: 2018-01-19 -> 2026-03-18 |  98.4% con dato | 1991 duplicados
2026-08-29 12:40:07,994 | INFO    |   Est.  275: 2018-01-16 -> 2026-03-18 |  91.7% con dato | 1628 duplicados
2026-08-29 12:40:08,065 | INFO    |   Est.  278: 2018-01-31 -> 2026-03-18 |  96.0% con dato | 1991 duplicados
2026-08-29 12:40:08,132 | INFO    |   Est.  281: 2018-02-15 -> 2026-03-18 |  98.8% con dato | 1991 duplicados
2026-08-29 12:40:08,200 | INFO    |   Est.  288: 2018-03-21 -> 2026-03-18 |  97.1% con dato | 1991 duplicados
2026-08-29 12:40:08,266 | INFO    |   Est.  289: 2018-03-22 -> 2026-03-18 |  95.7% con dato | 1991 duplicados
2026-08-29 12:40:08,330 | INFO    |   Est.  295: 2018-04-23 -> 2026-03-18 |  95.3% con dato | 1991 duplicados
2026-08-29 12:40:08,391 | INFO    |   Est.  311: 2018-06-05 -> 2026-03-18 |  61.2% con dato | 1991 duplicados
2026-08-29 12:40:08,455 | INFO    |   Est.  320: 2018-06-27 -> 2026-03-18 |  97.0% con dato | 1991 duplicados
2026-08-29 12:40:08,516 | INFO    |   Est.  323: 2018-07-17 -> 2026-03-18 |  96.1% con dato | 1980 duplicados
2026-08-29 12:40:08,580 | INFO    |   Est.  324: 2018-07-17 -> 2026-03-18 |  95.1% con dato | 1991 duplicados
2026-08-29 12:40:08,642 | INFO    |   Est.  328: 2018-08-09 -> 2026-03-18 |  96.9% con dato | 1991 duplicados
2026-08-29 12:40:08,707 | INFO    |   Est.  334: 2018-09-18 -> 2026-03-18 |  96.0% con dato | 1991 duplicados
2026-08-29 12:40:08,766 | INFO    |   Est.  339: 2019-01-04 -> 2026-03-18 |  94.7% con dato | 1991 duplicados
2026-08-29 12:40:08,827 | INFO    |   Est.  352: 2019-02-01 -> 2026-03-18 |  97.7% con dato | 1991 duplicados
2026-08-29 12:40:08,885 | INFO    |   Est.  353: 2019-02-01 -> 2026-03-18 |  93.4% con dato | 1989 duplicados
2026-08-29 12:40:08,945 | INFO    |   Est.  356: 2019-03-18 -> 2026-03-18 |  98.3% con dato | 1989 duplicados
2026-08-29 12:40:09,003 | INFO    |   Est.  373: 2019-05-08 -> 2026-03-18 |  94.5% con dato | 1991 duplicados
2026-08-29 12:40:09,064 | INFO    |   Est.  376: 2019-05-15 -> 2026-03-18 |  98.0% con dato | 1991 duplicados
2026-08-29 12:40:09,119 | INFO    |   Est.  378: 2019-06-04 -> 2026-03-18 |  92.6% con dato | 1984 duplicados
2026-08-29 12:40:09,178 | INFO    |   Est.  383: 2019-06-14 -> 2026-03-18 |  96.6% con dato | 1991 duplicados
2026-08-29 12:40:09,233 | INFO    |   Est.  389: 2019-08-09 -> 2026-03-18 |  95.3% con dato | 1860 duplicados
2026-08-29 12:40:09,288 | INFO    |   Est.  392: 2019-09-09 -> 2026-03-18 |  96.7% con dato | 1991 duplicados
2026-08-29 12:40:09,339 | INFO    |   Est.  393: 2019-09-20 -> 2026-03-18 |  98.5% con dato | 1991 duplicados
2026-08-29 12:40:09,392 | INFO    |   Est.  394: 2019-09-20 -> 2026-03-18 |  95.9% con dato | 1991 duplicados
2026-08-29 12:40:09,443 | INFO    |   Est.  395: 2019-09-24 -> 2026-03-18 |  97.8% con dato | 1991 duplicados
2026-08-29 12:40:09,492 | INFO    |   Est.  418: 2019-12-26 -> 2026-03-18 |  94.9% con dato | 1991 duplicados
2026-08-29 12:40:09,543 | INFO    |   Est.  420: 2019-12-26 -> 2026-03-18 |  95.8% con dato | 1991 duplicados
2026-08-29 12:40:09,593 | INFO    |   Est.  421: 2020-01-14 -> 2026-03-18 |  98.4% con dato | 1991 duplicados
2026-08-29 12:40:09,642 | INFO    |   Est.  429: 2020-02-21 -> 2026-03-18 |  98.2% con dato | 1991 duplicados
2026-08-29 12:40:09,690 | INFO    |   Est.  432: 2020-02-27 -> 2026-03-18 |  98.5% con dato | 1990 duplicados
2026-08-29 12:40:09,736 | INFO    |   Est.  433: 2020-02-28 -> 2026-03-18 |  94.9% con dato | 1991 duplicados
2026-08-29 12:40:09,785 | INFO    |   Est.  434: 2020-03-03 -> 2026-03-18 |  97.8% con dato | 1991 duplicados
2026-08-29 12:40:09,832 | INFO    |   Est.  437: 2020-03-31 -> 2026-03-18 |  98.9% con dato | 1991 duplicados
2026-08-29 12:40:09,880 | INFO    |   Est.  445: 2020-05-11 -> 2026-03-18 |  87.6% con dato | 1991 duplicados
2026-08-29 12:40:09,927 | INFO    |   Est.  446: 2020-05-08 -> 2026-03-18 |  86.2% con dato | 1991 duplicados
2026-08-29 12:40:09,974 | INFO    |   Est.  447: 2020-05-11 -> 2026-03-18 |  98.9% con dato | 1991 duplicados
2026-08-29 12:40:10,019 | INFO    |   Est.  451: 2020-07-03 -> 2026-03-18 |  98.2% con dato | 1972 duplicados
2026-08-29 12:40:10,062 | INFO    |   Est.  456: 2020-07-31 -> 2026-03-18 |  96.5% con dato | 1991 duplicados
2026-08-29 12:40:10,104 | INFO    |   Est.  457: 2020-09-08 -> 2026-03-18 |  94.5% con dato | 1991 duplicados
2026-08-29 12:40:10,152 | INFO    |   Est.  481: 2020-12-18 -> 2026-03-18 |  97.8% con dato | 1991 duplicados
2026-08-29 12:40:10,191 | INFO    |   Est.  499: 2021-02-16 -> 2026-03-18 |  97.5% con dato | 1991 duplicados
2026-08-29 12:40:10,230 | INFO    |   Est.  515: 2021-03-12 -> 2026-03-18 |  97.4% con dato | 1990 duplicados
2026-08-29 12:40:10,286 | INFO    |   Est.  519: 2021-03-19 -> 2026-03-18 |  97.8% con dato | 1991 duplicados
2026-08-29 12:40:10,326 | INFO    |   Est.  539: 2021-06-24 -> 2026-03-18 |  92.0% con dato | 1991 duplicados
2026-08-29 12:40:10,365 | INFO    |   Est.  540: 2021-06-11 -> 2026-03-18 |  92.7% con dato | 1972 duplicados
2026-08-29 12:40:10,401 | INFO    |   Est.  543: 2021-06-29 -> 2026-03-18 |  98.6% con dato | 1989 duplicados
2026-08-29 12:40:10,437 | INFO    |   Est.  551: 2021-09-02 -> 2026-03-18 |  99.5% con dato | 1991 duplicados
2026-08-29 12:40:10,471 | INFO    |   Est.  558: 2021-09-29 -> 2026-03-18 |  99.3% con dato | 1989 duplicados
2026-08-29 12:40:10,505 | INFO    |   Est.  601: 2022-05-03 -> 2026-03-18 |  97.6% con dato | 1991 duplicados
2026-08-29 12:40:10,535 | INFO    |   Est.  607: 2022-06-08 -> 2026-03-18 |  95.5% con dato | 1990 duplicados
2026-08-29 12:40:10,560 | INFO    |   Est.  612: 2022-06-21 -> 2025-07-03 |  99.2% con dato | 1311 duplicados
2026-08-29 12:40:10,582 | INFO    |   Est.  619: 2022-06-29 -> 2025-05-06 |  94.4% con dato | 966 duplicados
2026-08-29 12:40:10,612 | INFO    |   Est.  636: 2022-11-16 -> 2026-03-18 |  98.7% con dato | 1991 duplicados
2026-08-29 12:40:10,614 | INFO    | Pluviómetros con serie: 143
2026-08-29 12:40:11,087 | INFO    | Distancia SU-pluvio ausencias (m): mediana=1959 | max=13027
2026-08-29 12:40:11,518 | INFO    |   filtro húmedo eventos: descartadas 102/492 (20.7%)
2026-08-29 12:40:11,538 | INFO    | Eventos tras filtros: 390
2026-08-29 12:40:11,863 | INFO    | Pluviómetros con fechas candidatas: 143
2026-08-29 12:40:11,865 | INFO    | Horas candidatas totales: 1932494
2026-08-29 12:40:13,104 | INFO    | Pluviometros humedos por fecha de evento: mediana=103 | min=10 | fechas con 0=0 de 135
2026-08-29 12:40:13,106 | INFO    | Slope units elegibles por fecha de evento: mediana=37706 | min=8825 | fechas con menos de 2=0
2026-08-29 12:40:13,108 | INFO    | ======================================================================
2026-08-29 12:40:13,109 | INFO    | INICIO set_C: 2026-08-29T12:40:13
2026-08-29 12:40:13,109 | INFO    | EXCL_DAYS_C = 0 | MATCH_TIME = True
2026-08-29 12:40:47,613 | INFO    | Slope units: 61167 | filas evento: 492
2026-08-29 12:42:12,964 | INFO    | SU ausencia elegibles (>200 m de un evento): 54540 de 60675
2026-08-29 12:42:13,109 | INFO    |   Est.    1: 2010-01-12 -> 2026-03-18 |  94.0% con dato | 1985 duplicados
2026-08-29 12:42:13,233 | INFO    |   Est.    2: 2010-01-01 -> 2026-03-18 |  90.7% con dato | 249 duplicados
2026-08-29 12:42:13,362 | INFO    |   Est.    3: 2010-01-01 -> 2026-03-18 |  89.5% con dato | 1991 duplicados
2026-08-29 12:42:13,489 | INFO    |   Est.    4: 2010-01-01 -> 2026-03-18 |  84.2% con dato | 1972 duplicados
2026-08-29 12:42:13,618 | INFO    |   Est.    5: 2010-01-01 -> 2026-03-18 |  95.7% con dato | 1991 duplicados
2026-08-29 12:42:13,745 | INFO    |   Est.    7: 2010-01-01 -> 2026-03-18 |  90.6% con dato | 1991 duplicados
2026-08-29 12:42:13,876 | INFO    |   Est.    8: 2010-01-01 -> 2026-03-18 |  89.8% con dato | 1980 duplicados
2026-08-29 12:42:14,005 | INFO    |   Est.    9: 2010-01-01 -> 2026-03-18 |  90.4% con dato | 1990 duplicados
2026-08-29 12:42:14,138 | INFO    |   Est.   10: 2010-01-01 -> 2026-03-18 |  90.8% con dato | 1990 duplicados
2026-08-29 12:42:14,275 | INFO    |   Est.   11: 2010-01-04 -> 2026-03-18 |  89.4% con dato | 1991 duplicados
2026-08-29 12:42:14,408 | INFO    |   Est.   12: 2010-01-01 -> 2026-03-18 |  91.8% con dato | 1972 duplicados
2026-08-29 12:42:14,539 | INFO    |   Est.   14: 2010-01-01 -> 2026-03-18 |  89.7% con dato | 1991 duplicados
2026-08-29 12:42:14,669 | INFO    |   Est.   15: 2010-01-01 -> 2026-03-18 |  92.8% con dato | 1991 duplicados
2026-08-29 12:42:14,800 | INFO    |   Est.   16: 2010-01-01 -> 2026-03-18 |  92.0% con dato | 1991 duplicados
2026-08-29 12:42:14,932 | INFO    |   Est.   17: 2010-01-28 -> 2026-03-18 |  93.5% con dato | 1991 duplicados
2026-08-29 12:42:15,070 | INFO    |   Est.   18: 2010-01-11 -> 2026-03-18 |  91.1% con dato | 1991 duplicados
2026-08-29 12:42:15,197 | INFO    |   Est.   19: 2010-01-11 -> 2026-03-18 |  93.5% con dato | 1991 duplicados
2026-08-29 12:42:15,324 | INFO    |   Est.   20: 2010-01-12 -> 2026-03-18 |  88.5% con dato | 1991 duplicados
2026-08-29 12:42:15,451 | INFO    |   Est.   21: 2010-01-11 -> 2026-03-18 |  91.3% con dato | 1990 duplicados
2026-08-29 12:42:15,579 | INFO    |   Est.   22: 2010-01-14 -> 2026-03-18 |  91.0% con dato | 1991 duplicados
2026-08-29 12:42:15,705 | INFO    |   Est.   23: 2010-01-10 -> 2026-03-18 |  93.5% con dato | 1973 duplicados
2026-08-29 12:42:15,839 | INFO    |   Est.   24: 2010-01-18 -> 2026-03-18 |  92.4% con dato | 1991 duplicados
2026-08-29 12:42:15,956 | INFO    |   Est.   25: 2010-01-18 -> 2026-01-07 |  77.2% con dato | 1 duplicados
2026-08-29 12:42:16,089 | INFO    |   Est.   26: 2010-01-04 -> 2026-03-18 |  83.2% con dato | 1990 duplicados
2026-08-29 12:42:16,198 | INFO    |   Est.   27: 2010-01-18 -> 2024-07-12 |  82.7% con dato | 0 duplicados
2026-08-29 12:42:16,326 | INFO    |   Est.   28: 2010-01-18 -> 2026-03-18 |  86.4% con dato | 1991 duplicados
2026-08-29 12:42:16,458 | INFO    |   Est.   29: 2010-01-18 -> 2026-03-18 |  91.9% con dato | 1991 duplicados
2026-08-29 12:42:16,585 | INFO    |   Est.   30: 2010-01-01 -> 2026-03-18 |  90.4% con dato | 1991 duplicados
2026-08-29 12:42:16,712 | INFO    |   Est.   31: 2010-01-06 -> 2026-03-18 |  87.5% con dato | 1991 duplicados
2026-08-29 12:42:16,842 | INFO    |   Est.   32: 2010-01-06 -> 2026-03-18 |  86.0% con dato | 1991 duplicados
2026-08-29 12:42:16,968 | INFO    |   Est.   33: 2010-01-28 -> 2026-03-18 |  87.2% con dato | 1991 duplicados
2026-08-29 12:42:17,097 | INFO    |   Est.   34: 2010-01-10 -> 2026-03-18 |  88.7% con dato | 1991 duplicados
2026-08-29 12:42:17,222 | INFO    |   Est.   35: 2010-01-28 -> 2026-03-18 |  93.8% con dato | 1991 duplicados
2026-08-29 12:42:17,351 | INFO    |   Est.   36: 2010-03-26 -> 2026-03-18 |  92.6% con dato | 1991 duplicados
2026-08-29 12:42:17,479 | INFO    |   Est.   37: 2010-01-28 -> 2026-03-18 |  89.5% con dato | 1991 duplicados
2026-08-29 12:42:17,606 | INFO    |   Est.   39: 2010-01-28 -> 2026-03-18 |  91.0% con dato | 1991 duplicados
2026-08-29 12:42:17,732 | INFO    |   Est.   40: 2010-02-05 -> 2026-03-18 |  92.2% con dato | 1989 duplicados
2026-08-29 12:42:17,862 | INFO    |   Est.   41: 2010-01-28 -> 2026-03-18 |  92.7% con dato | 1991 duplicados
2026-08-29 12:42:17,994 | INFO    |   Est.   42: 2010-02-05 -> 2026-03-18 |  88.9% con dato | 1991 duplicados
2026-08-29 12:42:18,123 | INFO    |   Est.   43: 2010-05-03 -> 2026-03-18 |  86.2% con dato | 1991 duplicados
2026-08-29 12:42:18,249 | INFO    |   Est.   44: 2010-04-19 -> 2026-03-18 |  83.2% con dato | 1991 duplicados
2026-08-29 12:42:18,374 | INFO    |   Est.   45: 2010-05-05 -> 2026-03-18 |  88.0% con dato | 1991 duplicados
2026-08-29 12:42:18,493 | INFO    |   Est.   46: 2010-04-28 -> 2025-05-06 |  92.9% con dato | 966 duplicados
2026-08-29 12:42:18,629 | INFO    |   Est.   47: 2010-05-03 -> 2026-03-18 |  81.9% con dato | 1991 duplicados
2026-08-29 12:42:18,761 | INFO    |   Est.   48: 2010-05-14 -> 2026-03-18 |  93.3% con dato | 1972 duplicados
2026-08-29 12:42:18,886 | INFO    |   Est.   49: 2010-09-08 -> 2026-03-18 |  85.3% con dato | 1991 duplicados
2026-08-29 12:42:19,004 | INFO    |   Est.   50: 2011-02-09 -> 2026-03-18 |  88.9% con dato | 1991 duplicados
2026-08-29 12:42:19,134 | INFO    |   Est.   51: 2011-01-17 -> 2026-03-18 |  87.8% con dato | 1972 duplicados
2026-08-29 12:42:19,256 | INFO    |   Est.   52: 2011-03-01 -> 2026-03-18 |  79.8% con dato | 1991 duplicados
2026-08-29 12:42:19,376 | INFO    |   Est.   53: 2011-01-11 -> 2026-03-18 |  92.8% con dato | 1991 duplicados
2026-08-29 12:42:19,498 | INFO    |   Est.   54: 2010-12-27 -> 2026-03-18 |  92.2% con dato | 1991 duplicados
2026-08-29 12:42:19,621 | INFO    |   Est.   55: 2010-11-04 -> 2026-03-18 |  82.7% con dato | 1991 duplicados
2026-08-29 12:42:19,730 | INFO    |   Est.   56: 2012-06-14 -> 2026-03-18 |  92.6% con dato | 1991 duplicados
2026-08-29 12:42:19,844 | INFO    |   Est.   57: 2012-03-23 -> 2026-03-18 |  89.5% con dato | 1985 duplicados
2026-08-29 12:42:19,956 | INFO    |   Est.   58: 2012-03-23 -> 2026-03-18 |  88.9% con dato | 1990 duplicados
2026-08-29 12:42:20,071 | INFO    |   Est.   60: 2012-01-01 -> 2026-03-18 |  89.7% con dato | 1991 duplicados
2026-08-29 12:42:20,186 | INFO    |   Est.   61: 2012-03-20 -> 2026-03-18 |  89.9% con dato | 1991 duplicados
2026-08-29 12:42:20,301 | INFO    |   Est.   62: 2012-03-07 -> 2026-03-18 |  88.8% con dato | 1900 duplicados
2026-08-29 12:42:20,407 | INFO    |   Est.   64: 2012-09-05 -> 2026-03-07 |  87.3% con dato | 1991 duplicados
2026-08-29 12:42:20,516 | INFO    |   Est.   65: 2012-08-09 -> 2026-03-18 |  90.5% con dato | 1990 duplicados
2026-08-29 12:42:20,625 | INFO    |   Est.   66: 2012-06-06 -> 2026-03-18 |  91.6% con dato | 1991 duplicados
2026-08-29 12:42:20,733 | INFO    |   Est.   70: 2012-06-25 -> 2026-03-18 |  93.8% con dato | 1972 duplicados
2026-08-29 12:42:20,833 | INFO    |   Est.   71: 2013-02-28 -> 2026-03-18 |  95.0% con dato | 1991 duplicados
2026-08-29 12:42:20,943 | INFO    |   Est.   72: 2012-06-25 -> 2026-03-18 |  91.0% con dato | 1991 duplicados
2026-08-29 12:42:21,043 | INFO    |   Est.   74: 2013-05-27 -> 2026-03-18 |  95.3% con dato | 1991 duplicados
2026-08-29 12:42:21,145 | INFO    |   Est.   76: 2013-07-02 -> 2026-03-18 |  94.8% con dato | 1991 duplicados
2026-08-29 12:42:21,253 | INFO    |   Est.   81: 2013-06-28 -> 2026-03-18 |  97.4% con dato | 1991 duplicados
2026-08-29 12:42:21,365 | INFO    |   Est.   88: 2013-11-14 -> 2026-03-18 |  93.4% con dato | 1991 duplicados
2026-08-29 12:42:21,455 | INFO    |   Est.   89: 2013-11-14 -> 2025-05-06 |  95.5% con dato | 525 duplicados
2026-08-29 12:42:21,546 | INFO    |   Est.  121: 2014-11-26 -> 2026-03-18 |  96.8% con dato | 1991 duplicados
2026-08-29 12:42:21,630 | INFO    |   Est.  127: 2015-04-10 -> 2026-03-18 |  92.8% con dato | 1990 duplicados
2026-08-29 12:42:21,717 | INFO    |   Est.  129: 2015-04-23 -> 2026-03-18 |  94.6% con dato | 1991 duplicados
2026-08-29 12:42:21,798 | INFO    |   Est.  146: 2015-08-18 -> 2026-03-18 |  95.8% con dato | 1991 duplicados
2026-08-29 12:42:21,879 | INFO    |   Est.  154: 2015-09-17 -> 2026-03-18 |  83.7% con dato | 1972 duplicados
2026-08-29 12:42:21,957 | INFO    |   Est.  171: 2016-01-01 -> 2026-03-18 |  80.4% con dato | 1979 duplicados
2026-08-29 12:42:22,034 | INFO    |   Est.  184: 2016-01-01 -> 2026-03-18 |  84.2% con dato | 1991 duplicados
2026-08-29 12:42:22,085 | INFO    |   Est.  189: 2018-08-18 -> 2025-03-30 |  95.5% con dato | 1 duplicados
2026-08-29 12:42:22,167 | INFO    |   Est.  193: 2017-07-18 -> 2026-03-18 |  97.6% con dato | 1991 duplicados
2026-08-29 12:42:22,282 | INFO    |   Est.  211: 2012-12-10 -> 2026-03-18 |  93.5% con dato | 1991 duplicados
2026-08-29 12:42:22,352 | INFO    |   Est.  230: 2017-08-31 -> 2026-03-18 |  97.2% con dato | 1991 duplicados
2026-08-29 12:42:22,418 | INFO    |   Est.  234: 2017-09-18 -> 2026-03-18 |  98.0% con dato | 1991 duplicados
2026-08-29 12:42:22,483 | INFO    |   Est.  241: 2017-10-20 -> 2026-03-18 |  91.7% con dato | 1991 duplicados
2026-08-29 12:42:22,547 | INFO    |   Est.  242: 2017-10-20 -> 2026-03-18 |  98.4% con dato | 1991 duplicados
2026-08-29 12:42:22,612 | INFO    |   Est.  244: 2017-10-28 -> 2026-03-18 |  97.4% con dato | 1991 duplicados
2026-08-29 12:42:22,670 | INFO    |   Est.  248: 2017-11-05 -> 2026-03-19 |  96.8% con dato | 0 duplicados
2026-08-29 12:42:22,738 | INFO    |   Est.  253: 2017-11-14 -> 2026-03-18 |  96.6% con dato | 1991 duplicados
2026-08-29 12:42:22,804 | INFO    |   Est.  261: 2017-12-01 -> 2026-03-18 |  95.4% con dato | 1991 duplicados
2026-08-29 12:42:22,857 | INFO    |   Est.  266: 2017-12-19 -> 2025-04-02 |  91.1% con dato | 1 duplicados
2026-08-29 12:42:22,919 | INFO    |   Est.  267: 2017-12-18 -> 2026-03-18 |  97.2% con dato | 1991 duplicados
2026-08-29 12:42:22,986 | INFO    |   Est.  274: 2018-01-19 -> 2026-03-18 |  98.4% con dato | 1991 duplicados
2026-08-29 12:42:23,051 | INFO    |   Est.  275: 2018-01-16 -> 2026-03-18 |  91.7% con dato | 1628 duplicados
2026-08-29 12:42:23,114 | INFO    |   Est.  278: 2018-01-31 -> 2026-03-18 |  96.0% con dato | 1991 duplicados
2026-08-29 12:42:23,180 | INFO    |   Est.  281: 2018-02-15 -> 2026-03-18 |  98.8% con dato | 1991 duplicados
2026-08-29 12:42:23,240 | INFO    |   Est.  288: 2018-03-21 -> 2026-03-18 |  97.1% con dato | 1991 duplicados
2026-08-29 12:42:23,304 | INFO    |   Est.  289: 2018-03-22 -> 2026-03-18 |  95.7% con dato | 1991 duplicados
2026-08-29 12:42:23,365 | INFO    |   Est.  295: 2018-04-23 -> 2026-03-18 |  95.3% con dato | 1991 duplicados
2026-08-29 12:42:23,427 | INFO    |   Est.  311: 2018-06-05 -> 2026-03-18 |  61.2% con dato | 1991 duplicados
2026-08-29 12:42:23,487 | INFO    |   Est.  320: 2018-06-27 -> 2026-03-18 |  97.0% con dato | 1991 duplicados
2026-08-29 12:42:23,548 | INFO    |   Est.  323: 2018-07-17 -> 2026-03-18 |  96.1% con dato | 1980 duplicados
2026-08-29 12:42:23,619 | INFO    |   Est.  324: 2018-07-17 -> 2026-03-18 |  95.1% con dato | 1991 duplicados
2026-08-29 12:42:23,679 | INFO    |   Est.  328: 2018-08-09 -> 2026-03-18 |  96.9% con dato | 1991 duplicados
2026-08-29 12:42:23,749 | INFO    |   Est.  334: 2018-09-18 -> 2026-03-18 |  96.0% con dato | 1991 duplicados
2026-08-29 12:42:23,809 | INFO    |   Est.  339: 2019-01-04 -> 2026-03-18 |  94.7% con dato | 1991 duplicados
2026-08-29 12:42:23,865 | INFO    |   Est.  352: 2019-02-01 -> 2026-03-18 |  97.7% con dato | 1991 duplicados
2026-08-29 12:42:23,922 | INFO    |   Est.  353: 2019-02-01 -> 2026-03-18 |  93.4% con dato | 1989 duplicados
2026-08-29 12:42:23,978 | INFO    |   Est.  356: 2019-03-18 -> 2026-03-18 |  98.3% con dato | 1989 duplicados
2026-08-29 12:42:24,035 | INFO    |   Est.  373: 2019-05-08 -> 2026-03-18 |  94.5% con dato | 1991 duplicados
2026-08-29 12:42:24,089 | INFO    |   Est.  376: 2019-05-15 -> 2026-03-18 |  98.0% con dato | 1991 duplicados
2026-08-29 12:42:24,140 | INFO    |   Est.  378: 2019-06-04 -> 2026-03-18 |  92.6% con dato | 1984 duplicados
2026-08-29 12:42:24,203 | INFO    |   Est.  383: 2019-06-14 -> 2026-03-18 |  96.6% con dato | 1991 duplicados
2026-08-29 12:42:24,253 | INFO    |   Est.  389: 2019-08-09 -> 2026-03-18 |  95.3% con dato | 1860 duplicados
2026-08-29 12:42:24,309 | INFO    |   Est.  392: 2019-09-09 -> 2026-03-18 |  96.7% con dato | 1991 duplicados
2026-08-29 12:42:24,358 | INFO    |   Est.  393: 2019-09-20 -> 2026-03-18 |  98.5% con dato | 1991 duplicados
2026-08-29 12:42:24,410 | INFO    |   Est.  394: 2019-09-20 -> 2026-03-18 |  95.9% con dato | 1991 duplicados
2026-08-29 12:42:24,459 | INFO    |   Est.  395: 2019-09-24 -> 2026-03-18 |  97.8% con dato | 1991 duplicados
2026-08-29 12:42:24,507 | INFO    |   Est.  418: 2019-12-26 -> 2026-03-18 |  94.9% con dato | 1991 duplicados
2026-08-29 12:42:24,566 | INFO    |   Est.  420: 2019-12-26 -> 2026-03-18 |  95.8% con dato | 1991 duplicados
2026-08-29 12:42:24,623 | INFO    |   Est.  421: 2020-01-14 -> 2026-03-18 |  98.4% con dato | 1991 duplicados
2026-08-29 12:42:24,673 | INFO    |   Est.  429: 2020-02-21 -> 2026-03-18 |  98.2% con dato | 1991 duplicados
2026-08-29 12:42:24,719 | INFO    |   Est.  432: 2020-02-27 -> 2026-03-18 |  98.5% con dato | 1990 duplicados
2026-08-29 12:42:24,768 | INFO    |   Est.  433: 2020-02-28 -> 2026-03-18 |  94.9% con dato | 1991 duplicados
2026-08-29 12:42:24,815 | INFO    |   Est.  434: 2020-03-03 -> 2026-03-18 |  97.8% con dato | 1991 duplicados
2026-08-29 12:42:24,861 | INFO    |   Est.  437: 2020-03-31 -> 2026-03-18 |  98.9% con dato | 1991 duplicados
2026-08-29 12:42:24,910 | INFO    |   Est.  445: 2020-05-11 -> 2026-03-18 |  87.6% con dato | 1991 duplicados
2026-08-29 12:42:24,968 | INFO    |   Est.  446: 2020-05-08 -> 2026-03-18 |  86.2% con dato | 1991 duplicados
2026-08-29 12:42:25,016 | INFO    |   Est.  447: 2020-05-11 -> 2026-03-18 |  98.9% con dato | 1991 duplicados
2026-08-29 12:42:25,057 | INFO    |   Est.  451: 2020-07-03 -> 2026-03-18 |  98.2% con dato | 1972 duplicados
2026-08-29 12:42:25,098 | INFO    |   Est.  456: 2020-07-31 -> 2026-03-18 |  96.5% con dato | 1991 duplicados
2026-08-29 12:42:25,141 | INFO    |   Est.  457: 2020-09-08 -> 2026-03-18 |  94.5% con dato | 1991 duplicados
2026-08-29 12:42:25,180 | INFO    |   Est.  481: 2020-12-18 -> 2026-03-18 |  97.8% con dato | 1991 duplicados
2026-08-29 12:42:25,219 | INFO    |   Est.  499: 2021-02-16 -> 2026-03-18 |  97.5% con dato | 1991 duplicados
2026-08-29 12:42:25,277 | INFO    |   Est.  515: 2021-03-12 -> 2026-03-18 |  97.4% con dato | 1990 duplicados
2026-08-29 12:42:25,317 | INFO    |   Est.  519: 2021-03-19 -> 2026-03-18 |  97.8% con dato | 1991 duplicados
2026-08-29 12:42:25,353 | INFO    |   Est.  539: 2021-06-24 -> 2026-03-18 |  92.0% con dato | 1991 duplicados
2026-08-29 12:42:25,395 | INFO    |   Est.  540: 2021-06-11 -> 2026-03-18 |  92.7% con dato | 1972 duplicados
2026-08-29 12:42:25,430 | INFO    |   Est.  543: 2021-06-29 -> 2026-03-18 |  98.6% con dato | 1989 duplicados
2026-08-29 12:42:25,464 | INFO    |   Est.  551: 2021-09-02 -> 2026-03-18 |  99.5% con dato | 1991 duplicados
2026-08-29 12:42:25,500 | INFO    |   Est.  558: 2021-09-29 -> 2026-03-18 |  99.3% con dato | 1989 duplicados
2026-08-29 12:42:25,530 | INFO    |   Est.  601: 2022-05-03 -> 2026-03-18 |  97.6% con dato | 1991 duplicados
2026-08-29 12:42:25,560 | INFO    |   Est.  607: 2022-06-08 -> 2026-03-18 |  95.5% con dato | 1990 duplicados
2026-08-29 12:42:25,584 | INFO    |   Est.  612: 2022-06-21 -> 2025-07-03 |  99.2% con dato | 1311 duplicados
2026-08-29 12:42:25,606 | INFO    |   Est.  619: 2022-06-29 -> 2025-05-06 |  94.4% con dato | 966 duplicados
2026-08-29 12:42:25,636 | INFO    |   Est.  636: 2022-11-16 -> 2026-03-18 |  98.7% con dato | 1991 duplicados
2026-08-29 12:42:25,637 | INFO    | Pluviómetros con serie: 143
2026-08-29 12:42:26,113 | INFO    | Distancia SU-pluvio ausencias (m): mediana=1959 | max=13027
2026-08-29 12:42:26,534 | INFO    |   filtro húmedo eventos: descartadas 102/492 (20.7%)
2026-08-29 12:42:26,554 | INFO    | Eventos tras filtros: 390
2026-08-29 12:42:26,603 | INFO    | Dias excluidos: 135
2026-08-29 12:42:30,323 | INFO    | Pluviómetros con fechas candidatas: 143
2026-08-29 12:42:30,325 | INFO    | Horas candidatas totales: 1711458
2026-08-29 12:42:30,330 | INFO    | Periodos (ano-mes) con eventos: 38 | rango 2016-10 a 2025-06
2026-08-29 12:42:31,038 | INFO    | Pluviometros con candidatas en periodos de evento: 143
2026-08-29 12:42:31,040 | INFO    | Periodos cubiertos por pluviometro: mediana=34 de 38
2026-08-29 12:42:31,065 | INFO    | Pool de SU ausencia utilizable: 54540 (se necesitan 780)
2026-08-29 12:43:20,050 | WARNING |   47 observaciones sin fase ENSO (fecha fuera de la tabla ONI); se descartan en run_montecarlo
2026-08-29 12:43:29,872 | INFO    |   dataset: SI=390 | NO=780 | total=1170
2026-08-29 12:43:33,391 | INFO    |   anos presencias: {2016: 2, 2017: 2, 2019: 1, 2020: 1, 2021: 71, 2022: 168, 2023: 66, 2024: 55, 2025: 24}
2026-08-29 12:43:33,393 | INFO    |   anos ausencias : {2016: 3, 2017: 3, 2019: 4, 2021: 132, 2022: 334, 2023: 157, 2024: 102, 2025: 45}
2026-08-29 12:43:33,397 | INFO    |   meses presencias: {1: 11, 3: 21, 4: 37, 5: 80, 6: 73, 7: 2, 8: 23, 9: 34, 10: 41, 11: 61, 12: 7}
2026-08-29 12:43:33,398 | INFO    |   meses ausencias : {1: 24, 3: 34, 4: 70, 5: 168, 6: 132, 7: 1, 8: 52, 9: 74, 10: 80, 11: 131, 12: 14}
2026-08-29 12:43:33,399 | INFO    |   dataset: SI=390 | NO=780 | total=1170
2026-08-29 20:30:48,286 | INFO    | ======================================================================
2026-08-29 20:30:48,289 | INFO    | INICIO set_A: 2026-08-29T20:30:48
2026-08-29 20:31:24,532 | INFO    | Hold-out desde 2025-03-01: 57 eventos reservados -> /home/oisanchezp/Thesis/src/05_Chapter/Montecarlo/holdout_events.csv
2026-08-29 20:31:24,574 | INFO    | Slope units: 61110 | filas evento para entrenar: 435
2026-08-29 20:31:24,728 | INFO    |   Est.    1: 2010-01-12 -> 2026-03-18 |  94.0% con dato | 1985 duplicados
2026-08-29 20:31:24,843 | INFO    |   Est.    2: 2010-01-01 -> 2026-03-18 |  90.7% con dato | 249 duplicados
2026-08-29 20:31:24,961 | INFO    |   Est.    3: 2010-01-01 -> 2026-03-18 |  89.5% con dato | 1991 duplicados
2026-08-29 20:31:25,081 | INFO    |   Est.    4: 2010-01-01 -> 2026-03-18 |  84.2% con dato | 1972 duplicados
2026-08-29 20:31:25,202 | INFO    |   Est.    5: 2010-01-01 -> 2026-03-18 |  95.7% con dato | 1991 duplicados
2026-08-29 20:31:25,345 | INFO    |   Est.    7: 2010-01-01 -> 2026-03-18 |  90.6% con dato | 1991 duplicados
2026-08-29 20:31:25,466 | INFO    |   Est.    8: 2010-01-01 -> 2026-03-18 |  89.8% con dato | 1980 duplicados
2026-08-29 20:31:25,584 | INFO    |   Est.    9: 2010-01-01 -> 2026-03-18 |  90.4% con dato | 1990 duplicados
2026-08-29 20:31:25,712 | INFO    |   Est.   10: 2010-01-01 -> 2026-03-18 |  90.8% con dato | 1990 duplicados
2026-08-29 20:31:25,829 | INFO    |   Est.   11: 2010-01-04 -> 2026-03-18 |  89.4% con dato | 1991 duplicados
2026-08-29 20:31:25,950 | INFO    |   Est.   12: 2010-01-01 -> 2026-03-18 |  91.8% con dato | 1972 duplicados
2026-08-29 20:31:26,070 | INFO    |   Est.   14: 2010-01-01 -> 2026-03-18 |  89.7% con dato | 1991 duplicados
2026-08-29 20:31:26,192 | INFO    |   Est.   15: 2010-01-01 -> 2026-03-18 |  92.8% con dato | 1991 duplicados
2026-08-29 20:31:26,312 | INFO    |   Est.   16: 2010-01-01 -> 2026-03-18 |  92.0% con dato | 1991 duplicados
2026-08-29 20:31:26,429 | INFO    |   Est.   17: 2010-01-28 -> 2026-03-18 |  93.5% con dato | 1991 duplicados
2026-08-29 20:31:26,548 | INFO    |   Est.   18: 2010-01-11 -> 2026-03-18 |  91.1% con dato | 1991 duplicados
2026-08-29 20:31:26,666 | INFO    |   Est.   19: 2010-01-11 -> 2026-03-18 |  93.5% con dato | 1991 duplicados
2026-08-29 20:31:26,785 | INFO    |   Est.   20: 2010-01-12 -> 2026-03-18 |  88.5% con dato | 1991 duplicados
2026-08-29 20:31:26,906 | INFO    |   Est.   21: 2010-01-11 -> 2026-03-18 |  91.3% con dato | 1990 duplicados
2026-08-29 20:31:27,027 | INFO    |   Est.   22: 2010-01-14 -> 2026-03-18 |  91.0% con dato | 1991 duplicados
2026-08-29 20:31:27,148 | INFO    |   Est.   23: 2010-01-10 -> 2026-03-18 |  93.5% con dato | 1973 duplicados
2026-08-29 20:31:27,269 | INFO    |   Est.   24: 2010-01-18 -> 2026-03-18 |  92.4% con dato | 1991 duplicados
2026-08-29 20:31:27,382 | INFO    |   Est.   25: 2010-01-18 -> 2026-01-07 |  77.2% con dato | 1 duplicados
2026-08-29 20:31:27,503 | INFO    |   Est.   26: 2010-01-04 -> 2026-03-18 |  83.2% con dato | 1990 duplicados
2026-08-29 20:31:27,607 | INFO    |   Est.   27: 2010-01-18 -> 2024-07-12 |  82.7% con dato | 0 duplicados
2026-08-29 20:31:27,728 | INFO    |   Est.   28: 2010-01-18 -> 2026-03-18 |  86.4% con dato | 1991 duplicados
2026-08-29 20:31:27,848 | INFO    |   Est.   29: 2010-01-18 -> 2026-03-18 |  91.9% con dato | 1991 duplicados
2026-08-29 20:31:27,967 | INFO    |   Est.   30: 2010-01-01 -> 2026-03-18 |  90.4% con dato | 1991 duplicados
2026-08-29 20:31:28,088 | INFO    |   Est.   31: 2010-01-06 -> 2026-03-18 |  87.5% con dato | 1991 duplicados
2026-08-29 20:31:28,207 | INFO    |   Est.   32: 2010-01-06 -> 2026-03-18 |  86.0% con dato | 1991 duplicados
2026-08-29 20:31:28,329 | INFO    |   Est.   33: 2010-01-28 -> 2026-03-18 |  87.2% con dato | 1991 duplicados
2026-08-29 20:31:28,447 | INFO    |   Est.   34: 2010-01-10 -> 2026-03-18 |  88.7% con dato | 1991 duplicados
2026-08-29 20:31:28,566 | INFO    |   Est.   35: 2010-01-28 -> 2026-03-18 |  93.8% con dato | 1991 duplicados
2026-08-29 20:31:28,684 | INFO    |   Est.   36: 2010-03-26 -> 2026-03-18 |  92.6% con dato | 1991 duplicados
2026-08-29 20:31:28,807 | INFO    |   Est.   37: 2010-01-28 -> 2026-03-18 |  89.5% con dato | 1991 duplicados
2026-08-29 20:31:28,927 | INFO    |   Est.   39: 2010-01-28 -> 2026-03-18 |  91.0% con dato | 1991 duplicados
2026-08-29 20:31:29,045 | INFO    |   Est.   40: 2010-02-05 -> 2026-03-18 |  92.2% con dato | 1989 duplicados
2026-08-29 20:31:29,165 | INFO    |   Est.   41: 2010-01-28 -> 2026-03-18 |  92.7% con dato | 1991 duplicados
2026-08-29 20:31:29,288 | INFO    |   Est.   42: 2010-02-05 -> 2026-03-18 |  88.9% con dato | 1991 duplicados
2026-08-29 20:31:29,409 | INFO    |   Est.   43: 2010-05-03 -> 2026-03-18 |  86.2% con dato | 1991 duplicados
2026-08-29 20:31:29,532 | INFO    |   Est.   44: 2010-04-19 -> 2026-03-18 |  83.2% con dato | 1991 duplicados
2026-08-29 20:31:29,655 | INFO    |   Est.   45: 2010-05-05 -> 2026-03-18 |  88.0% con dato | 1991 duplicados
2026-08-29 20:31:29,768 | INFO    |   Est.   46: 2010-04-28 -> 2025-05-06 |  92.9% con dato | 966 duplicados
2026-08-29 20:31:29,895 | INFO    |   Est.   47: 2010-05-03 -> 2026-03-18 |  81.9% con dato | 1991 duplicados
2026-08-29 20:31:30,018 | INFO    |   Est.   48: 2010-05-14 -> 2026-03-18 |  93.3% con dato | 1972 duplicados
2026-08-29 20:31:30,138 | INFO    |   Est.   49: 2010-09-08 -> 2026-03-18 |  85.3% con dato | 1991 duplicados
2026-08-29 20:31:30,253 | INFO    |   Est.   50: 2011-02-09 -> 2026-03-18 |  88.9% con dato | 1991 duplicados
2026-08-29 20:31:30,369 | INFO    |   Est.   51: 2011-01-17 -> 2026-03-18 |  87.8% con dato | 1972 duplicados
2026-08-29 20:31:30,485 | INFO    |   Est.   52: 2011-03-01 -> 2026-03-18 |  79.8% con dato | 1991 duplicados
2026-08-29 20:31:30,604 | INFO    |   Est.   53: 2011-01-11 -> 2026-03-18 |  92.8% con dato | 1991 duplicados
2026-08-29 20:31:30,723 | INFO    |   Est.   54: 2010-12-27 -> 2026-03-18 |  92.2% con dato | 1991 duplicados
2026-08-29 20:31:30,844 | INFO    |   Est.   55: 2010-11-04 -> 2026-03-18 |  82.7% con dato | 1991 duplicados
2026-08-29 20:31:30,955 | INFO    |   Est.   56: 2012-06-14 -> 2026-03-18 |  92.6% con dato | 1991 duplicados
2026-08-29 20:31:31,062 | INFO    |   Est.   57: 2012-03-23 -> 2026-03-18 |  89.5% con dato | 1985 duplicados
2026-08-29 20:31:31,172 | INFO    |   Est.   58: 2012-03-23 -> 2026-03-18 |  88.9% con dato | 1990 duplicados
2026-08-29 20:31:31,283 | INFO    |   Est.   60: 2012-01-01 -> 2026-03-18 |  89.7% con dato | 1991 duplicados
2026-08-29 20:31:31,397 | INFO    |   Est.   61: 2012-03-20 -> 2026-03-18 |  89.9% con dato | 1991 duplicados
2026-08-29 20:31:31,507 | INFO    |   Est.   62: 2012-03-07 -> 2026-03-18 |  88.8% con dato | 1900 duplicados
2026-08-29 20:31:31,614 | INFO    |   Est.   64: 2012-09-05 -> 2026-03-07 |  87.3% con dato | 1991 duplicados
2026-08-29 20:31:31,774 | INFO    |   Est.   65: 2012-08-09 -> 2026-03-18 |  90.5% con dato | 1990 duplicados
2026-08-29 20:31:31,879 | INFO    |   Est.   66: 2012-06-06 -> 2026-03-18 |  91.6% con dato | 1991 duplicados
2026-08-29 20:31:31,984 | INFO    |   Est.   70: 2012-06-25 -> 2026-03-18 |  93.8% con dato | 1972 duplicados
2026-08-29 20:31:32,083 | INFO    |   Est.   71: 2013-02-28 -> 2026-03-18 |  95.0% con dato | 1991 duplicados
2026-08-29 20:31:32,190 | INFO    |   Est.   72: 2012-06-25 -> 2026-03-18 |  91.0% con dato | 1991 duplicados
2026-08-29 20:31:32,289 | INFO    |   Est.   74: 2013-05-27 -> 2026-03-18 |  95.3% con dato | 1991 duplicados
2026-08-29 20:31:32,386 | INFO    |   Est.   76: 2013-07-02 -> 2026-03-18 |  94.8% con dato | 1991 duplicados
2026-08-29 20:31:32,484 | INFO    |   Est.   81: 2013-06-28 -> 2026-03-18 |  97.4% con dato | 1991 duplicados
2026-08-29 20:31:32,582 | INFO    |   Est.   88: 2013-11-14 -> 2026-03-18 |  93.4% con dato | 1991 duplicados
2026-08-29 20:31:32,669 | INFO    |   Est.   89: 2013-11-14 -> 2025-05-06 |  95.5% con dato | 525 duplicados
2026-08-29 20:31:32,753 | INFO    |   Est.  121: 2014-11-26 -> 2026-03-18 |  96.8% con dato | 1991 duplicados
2026-08-29 20:31:32,834 | INFO    |   Est.  127: 2015-04-10 -> 2026-03-18 |  92.8% con dato | 1990 duplicados
2026-08-29 20:31:32,918 | INFO    |   Est.  129: 2015-04-23 -> 2026-03-18 |  94.6% con dato | 1991 duplicados
2026-08-29 20:31:32,996 | INFO    |   Est.  146: 2015-08-18 -> 2026-03-18 |  95.8% con dato | 1991 duplicados
2026-08-29 20:31:33,074 | INFO    |   Est.  154: 2015-09-17 -> 2026-03-18 |  83.7% con dato | 1972 duplicados
2026-08-29 20:31:33,151 | INFO    |   Est.  171: 2016-01-01 -> 2026-03-18 |  80.4% con dato | 1979 duplicados
2026-08-29 20:31:33,226 | INFO    |   Est.  184: 2016-01-01 -> 2026-03-18 |  84.2% con dato | 1991 duplicados
2026-08-29 20:31:33,275 | INFO    |   Est.  189: 2018-08-18 -> 2025-03-30 |  95.5% con dato | 1 duplicados
2026-08-29 20:31:33,339 | INFO    |   Est.  193: 2017-07-18 -> 2026-03-18 |  97.6% con dato | 1991 duplicados
2026-08-29 20:31:33,442 | INFO    |   Est.  211: 2012-12-10 -> 2026-03-18 |  93.5% con dato | 1991 duplicados
2026-08-29 20:31:33,506 | INFO    |   Est.  230: 2017-08-31 -> 2026-03-18 |  97.2% con dato | 1991 duplicados
2026-08-29 20:31:33,574 | INFO    |   Est.  234: 2017-09-18 -> 2026-03-18 |  98.0% con dato | 1991 duplicados
2026-08-29 20:31:33,640 | INFO    |   Est.  241: 2017-10-20 -> 2026-03-18 |  91.7% con dato | 1991 duplicados
2026-08-29 20:31:33,706 | INFO    |   Est.  242: 2017-10-20 -> 2026-03-18 |  98.4% con dato | 1991 duplicados
2026-08-29 20:31:33,771 | INFO    |   Est.  244: 2017-10-28 -> 2026-03-18 |  97.4% con dato | 1991 duplicados
2026-08-29 20:31:33,828 | INFO    |   Est.  248: 2017-11-05 -> 2026-03-19 |  96.8% con dato | 0 duplicados
2026-08-29 20:31:33,896 | INFO    |   Est.  253: 2017-11-14 -> 2026-03-18 |  96.6% con dato | 1991 duplicados
2026-08-29 20:31:33,958 | INFO    |   Est.  261: 2017-12-01 -> 2026-03-18 |  95.4% con dato | 1991 duplicados
2026-08-29 20:31:34,014 | INFO    |   Est.  266: 2017-12-19 -> 2025-04-02 |  91.1% con dato | 1 duplicados
2026-08-29 20:31:34,075 | INFO    |   Est.  267: 2017-12-18 -> 2026-03-18 |  97.2% con dato | 1991 duplicados
2026-08-29 20:31:34,139 | INFO    |   Est.  274: 2018-01-19 -> 2026-03-18 |  98.4% con dato | 1991 duplicados
2026-08-29 20:31:34,199 | INFO    |   Est.  275: 2018-01-16 -> 2026-03-18 |  91.7% con dato | 1628 duplicados
2026-08-29 20:31:34,261 | INFO    |   Est.  278: 2018-01-31 -> 2026-03-18 |  96.0% con dato | 1991 duplicados
2026-08-29 20:31:34,320 | INFO    |   Est.  281: 2018-02-15 -> 2026-03-18 |  98.8% con dato | 1991 duplicados
2026-08-29 20:31:34,382 | INFO    |   Est.  288: 2018-03-21 -> 2026-03-18 |  97.1% con dato | 1991 duplicados
2026-08-29 20:31:34,440 | INFO    |   Est.  289: 2018-03-22 -> 2026-03-18 |  95.7% con dato | 1991 duplicados
2026-08-29 20:31:34,501 | INFO    |   Est.  295: 2018-04-23 -> 2026-03-18 |  95.3% con dato | 1991 duplicados
2026-08-29 20:31:34,557 | INFO    |   Est.  311: 2018-06-05 -> 2026-03-18 |  61.2% con dato | 1991 duplicados
2026-08-29 20:31:34,616 | INFO    |   Est.  320: 2018-06-27 -> 2026-03-18 |  97.0% con dato | 1991 duplicados
2026-08-29 20:31:34,672 | INFO    |   Est.  323: 2018-07-17 -> 2026-03-18 |  96.1% con dato | 1980 duplicados
2026-08-29 20:31:34,735 | INFO    |   Est.  324: 2018-07-17 -> 2026-03-18 |  95.1% con dato | 1991 duplicados
2026-08-29 20:31:34,792 | INFO    |   Est.  328: 2018-08-09 -> 2026-03-18 |  96.9% con dato | 1991 duplicados
2026-08-29 20:31:34,848 | INFO    |   Est.  334: 2018-09-18 -> 2026-03-18 |  96.0% con dato | 1991 duplicados
2026-08-29 20:31:34,905 | INFO    |   Est.  339: 2019-01-04 -> 2026-03-18 |  94.7% con dato | 1991 duplicados
2026-08-29 20:31:34,960 | INFO    |   Est.  352: 2019-02-01 -> 2026-03-18 |  97.7% con dato | 1991 duplicados
2026-08-29 20:31:35,015 | INFO    |   Est.  353: 2019-02-01 -> 2026-03-18 |  93.4% con dato | 1989 duplicados
2026-08-29 20:31:35,068 | INFO    |   Est.  356: 2019-03-18 -> 2026-03-18 |  98.3% con dato | 1989 duplicados
2026-08-29 20:31:35,126 | INFO    |   Est.  373: 2019-05-08 -> 2026-03-18 |  94.5% con dato | 1991 duplicados
2026-08-29 20:31:35,178 | INFO    |   Est.  376: 2019-05-15 -> 2026-03-18 |  98.0% con dato | 1991 duplicados
2026-08-29 20:31:35,233 | INFO    |   Est.  378: 2019-06-04 -> 2026-03-18 |  92.6% con dato | 1984 duplicados
2026-08-29 20:31:35,284 | INFO    |   Est.  383: 2019-06-14 -> 2026-03-18 |  96.6% con dato | 1991 duplicados
2026-08-29 20:31:35,332 | INFO    |   Est.  389: 2019-08-09 -> 2026-03-18 |  95.3% con dato | 1860 duplicados
2026-08-29 20:31:35,381 | INFO    |   Est.  392: 2019-09-09 -> 2026-03-18 |  96.7% con dato | 1991 duplicados
2026-08-29 20:31:35,428 | INFO    |   Est.  393: 2019-09-20 -> 2026-03-18 |  98.5% con dato | 1991 duplicados
2026-08-29 20:31:35,476 | INFO    |   Est.  394: 2019-09-20 -> 2026-03-18 |  95.9% con dato | 1991 duplicados
2026-08-29 20:31:35,523 | INFO    |   Est.  395: 2019-09-24 -> 2026-03-18 |  97.8% con dato | 1991 duplicados
2026-08-29 20:31:35,569 | INFO    |   Est.  418: 2019-12-26 -> 2026-03-18 |  94.9% con dato | 1991 duplicados
2026-08-29 20:31:35,618 | INFO    |   Est.  420: 2019-12-26 -> 2026-03-18 |  95.8% con dato | 1991 duplicados
2026-08-29 20:31:35,662 | INFO    |   Est.  421: 2020-01-14 -> 2026-03-18 |  98.4% con dato | 1991 duplicados
2026-08-29 20:31:35,709 | INFO    |   Est.  429: 2020-02-21 -> 2026-03-18 |  98.2% con dato | 1991 duplicados
2026-08-29 20:31:35,754 | INFO    |   Est.  432: 2020-02-27 -> 2026-03-18 |  98.5% con dato | 1990 duplicados
2026-08-29 20:31:35,801 | INFO    |   Est.  433: 2020-02-28 -> 2026-03-18 |  94.9% con dato | 1991 duplicados
2026-08-29 20:31:35,849 | INFO    |   Est.  434: 2020-03-03 -> 2026-03-18 |  97.8% con dato | 1991 duplicados
2026-08-29 20:31:35,891 | INFO    |   Est.  437: 2020-03-31 -> 2026-03-18 |  98.9% con dato | 1991 duplicados
2026-08-29 20:31:35,932 | INFO    |   Est.  445: 2020-05-11 -> 2026-03-18 |  87.6% con dato | 1991 duplicados
2026-08-29 20:31:35,976 | INFO    |   Est.  446: 2020-05-08 -> 2026-03-18 |  86.2% con dato | 1991 duplicados
2026-08-29 20:31:36,017 | INFO    |   Est.  447: 2020-05-11 -> 2026-03-18 |  98.9% con dato | 1991 duplicados
2026-08-29 20:31:36,055 | INFO    |   Est.  451: 2020-07-03 -> 2026-03-18 |  98.2% con dato | 1972 duplicados
2026-08-29 20:31:36,096 | INFO    |   Est.  456: 2020-07-31 -> 2026-03-18 |  96.5% con dato | 1991 duplicados
2026-08-29 20:31:36,134 | INFO    |   Est.  457: 2020-09-08 -> 2026-03-18 |  94.5% con dato | 1991 duplicados
2026-08-29 20:31:36,171 | INFO    |   Est.  481: 2020-12-18 -> 2026-03-18 |  97.8% con dato | 1991 duplicados
2026-08-29 20:31:36,213 | INFO    |   Est.  499: 2021-02-16 -> 2026-03-18 |  97.5% con dato | 1991 duplicados
2026-08-29 20:31:36,247 | INFO    |   Est.  515: 2021-03-12 -> 2026-03-18 |  97.4% con dato | 1990 duplicados
2026-08-29 20:31:36,281 | INFO    |   Est.  519: 2021-03-19 -> 2026-03-18 |  97.8% con dato | 1991 duplicados
2026-08-29 20:31:36,314 | INFO    |   Est.  539: 2021-06-24 -> 2026-03-18 |  92.0% con dato | 1991 duplicados
2026-08-29 20:31:36,349 | INFO    |   Est.  540: 2021-06-11 -> 2026-03-18 |  92.7% con dato | 1972 duplicados
2026-08-29 20:31:36,382 | INFO    |   Est.  543: 2021-06-29 -> 2026-03-18 |  98.6% con dato | 1989 duplicados
2026-08-29 20:31:36,414 | INFO    |   Est.  551: 2021-09-02 -> 2026-03-18 |  99.5% con dato | 1991 duplicados
2026-08-29 20:31:36,447 | INFO    |   Est.  558: 2021-09-29 -> 2026-03-18 |  99.3% con dato | 1989 duplicados
2026-08-29 20:31:36,474 | INFO    |   Est.  601: 2022-05-03 -> 2026-03-18 |  97.6% con dato | 1991 duplicados
2026-08-29 20:31:36,501 | INFO    |   Est.  607: 2022-06-08 -> 2026-03-18 |  95.5% con dato | 1990 duplicados
2026-08-29 20:31:36,523 | INFO    |   Est.  612: 2022-06-21 -> 2025-07-03 |  99.2% con dato | 1311 duplicados
2026-08-29 20:31:36,542 | INFO    |   Est.  619: 2022-06-29 -> 2025-05-06 |  94.4% con dato | 966 duplicados
2026-08-29 20:31:36,569 | INFO    |   Est.  636: 2022-11-16 -> 2026-03-18 |  98.7% con dato | 1991 duplicados
2026-08-29 20:31:36,569 | INFO    | Pluviómetros con serie: 143
2026-08-29 20:31:36,604 | INFO    | Distancia SU-pluvio (m): mediana=662 | max=3536
2026-08-29 20:31:36,981 | INFO    |   filtro húmedo eventos: descartadas 69/435 (15.9%)
2026-08-29 20:31:36,999 | INFO    | Eventos tras filtros: 366
2026-08-29 20:31:37,377 | INFO    | Pluviómetros con fechas candidatas (hasta 2025-03-01): 143
2026-08-29 20:31:38,065 | INFO    | === set_A | MC 1/100 | seed=100 ===
2026-08-29 20:31:39,746 | INFO    |   split agrupado | SU train=292 | SU test=74
2026-08-29 20:31:39,748 | INFO    |   ausencias por año: {2010: 10, 2011: 28, 2012: 7, 2013: 25, 2014: 11, 2015: 15, 2016: 20, 2017: 42, 2018: 41, 2019: 46, 2020: 77, 2021: 91, 2022: 137, 2023: 82, 2024: 91, 2025: 9}
2026-08-29 20:31:40,303 | INFO    |   LR  AUC=0.947 AP=0.895 Brier=0.088
2026-08-29 20:31:41,033 | INFO    |   GAM AUC=0.950 AP=0.903 Brier=0.086
2026-08-29 20:32:18,954 | INFO    |   RF  AUC=0.950 AP=0.913 Brier=0.080
2026-08-29 20:32:18,955 | INFO    | === set_A | MC 2/100 | seed=101 ===
2026-08-29 20:32:20,758 | INFO    |   split agrupado | SU train=292 | SU test=74
2026-08-29 20:32:20,759 | INFO    |   ausencias por año: {2010: 10, 2011: 40, 2012: 15, 2013: 19, 2014: 17, 2015: 17, 2016: 26, 2017: 49, 2018: 37, 2019: 45, 2020: 52, 2021: 106, 2022: 110, 2023: 89, 2024: 90, 2025: 10}
2026-08-29 20:32:21,320 | INFO    |   LR  AUC=0.945 AP=0.885 Brier=0.083
2026-08-29 20:32:22,026 | INFO    |   GAM AUC=0.946 AP=0.884 Brier=0.080
2026-08-29 20:33:00,882 | INFO    |   RF  AUC=0.949 AP=0.893 Brier=0.071
2026-08-29 20:33:00,882 | INFO    | === set_A | MC 3/100 | seed=102 ===
2026-08-29 20:33:02,783 | INFO    |   split agrupado | SU train=292 | SU test=74
2026-08-29 20:33:02,785 | INFO    |   ausencias por año: {2010: 6, 2011: 37, 2012: 14, 2013: 15, 2014: 10, 2015: 20, 2016: 27, 2017: 34, 2018: 46, 2019: 56, 2020: 61, 2021: 87, 2022: 117, 2023: 101, 2024: 86, 2025: 15}
2026-08-29 20:33:03,341 | INFO    |   LR  AUC=0.964 AP=0.920 Brier=0.077
2026-08-29 20:33:04,102 | INFO    |   GAM AUC=0.966 AP=0.929 Brier=0.074
2026-08-29 20:33:41,988 | INFO    |   RF  AUC=0.969 AP=0.936 Brier=0.058
2026-08-29 20:33:41,989 | INFO    | === set_A | MC 4/100 | seed=103 ===
2026-08-29 20:33:44,011 | INFO    |   split agrupado | SU train=292 | SU test=74
2026-08-29 20:33:44,013 | INFO    |   ausencias por año: {2010: 12, 2011: 53, 2012: 16, 2013: 25, 2014: 13, 2015: 11, 2016: 14, 2017: 39, 2018: 46, 2019: 47, 2020: 52, 2021: 90, 2022: 131, 2023: 79, 2024: 94, 2025: 10}
2026-08-29 20:33:44,740 | INFO    |   LR  AUC=0.922 AP=0.833 Brier=0.113
2026-08-29 20:33:45,573 | INFO    |   GAM AUC=0.924 AP=0.838 Brier=0.110
2026-08-29 20:34:22,878 | INFO    |   RF  AUC=0.934 AP=0.858 Brier=0.092
2026-08-29 20:34:22,879 | INFO    | === set_A | MC 5/100 | seed=104 ===
2026-08-29 20:34:24,866 | INFO    |   split agrupado | SU train=292 | SU test=74
2026-08-29 20:34:24,868 | INFO    |   ausencias por año: {2010: 5, 2011: 32, 2012: 20, 2013: 18, 2014: 16, 2015: 20, 2016: 22, 2017: 47, 2018: 49, 2019: 30, 2020: 57, 2021: 96, 2022: 114, 2023: 100, 2024: 92, 2025: 14}
2026-08-29 20:34:25,550 | INFO    |   LR  AUC=0.961 AP=0.907 Brier=0.076
2026-08-29 20:34:26,383 | INFO    |   GAM AUC=0.963 AP=0.905 Brier=0.072
2026-08-29 20:35:04,629 | INFO    |   RF  AUC=0.951 AP=0.860 Brier=0.071
2026-08-29 20:35:04,630 | INFO    | === set_A | MC 6/100 | seed=105 ===
2026-08-29 20:35:06,679 | INFO    |   split agrupado | SU train=292 | SU test=74
2026-08-29 20:35:06,682 | INFO    |   ausencias por año: {2010: 8, 2011: 32, 2012: 19, 2013: 29, 2014: 10, 2015: 16, 2016: 25, 2017: 49, 2018: 46, 2019: 41, 2020: 59, 2021: 83, 2022: 127, 2023: 94, 2024: 79, 2025: 15}
2026-08-29 20:35:07,340 | INFO    |   LR  AUC=0.949 AP=0.900 Brier=0.087
2026-08-29 20:35:08,219 | INFO    |   GAM AUC=0.952 AP=0.905 Brier=0.083
2026-08-29 20:35:46,096 | INFO    |   RF  AUC=0.945 AP=0.885 Brier=0.081
2026-08-29 20:35:46,096 | INFO    | === set_A | MC 7/100 | seed=106 ===
2026-08-29 20:35:48,171 | INFO    |   split agrupado | SU train=292 | SU test=74
2026-08-29 20:35:48,173 | INFO    |   ausencias por año: {2010: 6, 2011: 34, 2012: 16, 2013: 24, 2014: 21, 2015: 27, 2016: 23, 2017: 34, 2018: 45, 2019: 60, 2020: 55, 2021: 89, 2022: 111, 2023: 81, 2024: 92, 2025: 14}
2026-08-29 20:35:48,863 | INFO    |   LR  AUC=0.936 AP=0.858 Brier=0.092
2026-08-29 20:35:49,768 | INFO    |   GAM AUC=0.939 AP=0.858 Brier=0.090
2026-08-29 20:36:27,184 | INFO    |   RF  AUC=0.941 AP=0.892 Brier=0.080
2026-08-29 20:36:27,185 | INFO    | === set_A | MC 8/100 | seed=107 ===
2026-08-29 20:36:29,176 | INFO    |   split agrupado | SU train=292 | SU test=74
2026-08-29 20:36:29,178 | INFO    |   ausencias por año: {2010: 7, 2011: 34, 2012: 21, 2013: 23, 2014: 13, 2015: 20, 2016: 24, 2017: 37, 2018: 53, 2019: 37, 2020: 60, 2021: 77, 2022: 114, 2023: 93, 2024: 110, 2025: 9}
2026-08-29 20:36:29,820 | INFO    |   LR  AUC=0.963 AP=0.911 Brier=0.070
2026-08-29 20:36:30,649 | INFO    |   GAM AUC=0.963 AP=0.908 Brier=0.069
2026-08-29 20:37:08,546 | INFO    |   RF  AUC=0.932 AP=0.789 Brier=0.083
2026-08-29 20:37:08,547 | INFO    | === set_A | MC 9/100 | seed=108 ===
2026-08-29 20:37:10,605 | INFO    |   split agrupado | SU train=292 | SU test=74
2026-08-29 20:37:10,607 | INFO    |   ausencias por año: {2010: 13, 2011: 24, 2012: 11, 2013: 19, 2014: 17, 2015: 14, 2016: 26, 2017: 42, 2018: 56, 2019: 36, 2020: 57, 2021: 100, 2022: 127, 2023: 89, 2024: 90, 2025: 11}
2026-08-29 20:37:11,268 | INFO    |   LR  AUC=0.966 AP=0.920 Brier=0.073
2026-08-29 20:37:11,978 | INFO    |   GAM AUC=0.968 AP=0.921 Brier=0.071
2026-08-29 20:37:49,526 | INFO    |   RF  AUC=0.960 AP=0.877 Brier=0.064
2026-08-29 20:37:49,527 | INFO    | === set_A | MC 10/100 | seed=109 ===
2026-08-29 20:37:51,316 | INFO    |   split agrupado | SU train=292 | SU test=74
2026-08-29 20:37:51,318 | INFO    |   ausencias por año: {2010: 5, 2011: 33, 2012: 16, 2013: 23, 2014: 12, 2015: 21, 2016: 28, 2017: 49, 2018: 39, 2019: 48, 2020: 61, 2021: 71, 2022: 119, 2023: 108, 2024: 86, 2025: 13}
2026-08-29 20:37:51,875 | INFO    |   LR  AUC=0.967 AP=0.932 Brier=0.070
2026-08-29 20:37:52,597 | INFO    |   GAM AUC=0.971 AP=0.937 Brier=0.066
2026-08-29 20:38:30,208 | INFO    |   RF  AUC=0.970 AP=0.925 Brier=0.061
2026-08-29 20:38:30,208 | INFO    | === set_A | MC 11/100 | seed=110 ===
2026-08-29 20:38:32,255 | INFO    |   split agrupado | SU train=292 | SU test=74
2026-08-29 20:38:32,317 | INFO    |   ausencias por año: {2010: 9, 2011: 36, 2012: 7, 2013: 28, 2014: 16, 2015: 19, 2016: 18, 2017: 48, 2018: 42, 2019: 43, 2020: 52, 2021: 97, 2022: 121, 2023: 80, 2024: 108, 2025: 8}
2026-08-29 20:38:32,955 | INFO    |   LR  AUC=0.938 AP=0.852 Brier=0.094
2026-08-29 20:38:33,631 | INFO    |   GAM AUC=0.946 AP=0.863 Brier=0.086
2026-08-29 20:39:10,705 | INFO    |   RF  AUC=0.939 AP=0.880 Brier=0.090
2026-08-29 20:39:10,706 | INFO    | === set_A | MC 12/100 | seed=111 ===
2026-08-29 20:39:12,688 | INFO    |   split agrupado | SU train=292 | SU test=74
2026-08-29 20:39:12,690 | INFO    |   ausencias por año: {2010: 7, 2011: 40, 2012: 15, 2013: 22, 2014: 22, 2015: 16, 2016: 22, 2017: 35, 2018: 45, 2019: 50, 2020: 67, 2021: 83, 2022: 135, 2023: 84, 2024: 72, 2025: 17}
2026-08-29 20:39:13,345 | INFO    |   LR  AUC=0.949 AP=0.894 Brier=0.087
2026-08-29 20:39:14,190 | INFO    |   GAM AUC=0.953 AP=0.899 Brier=0.083
2026-08-29 20:39:53,813 | INFO    |   RF  AUC=0.949 AP=0.865 Brier=0.075
2026-08-29 20:39:53,814 | INFO    | === set_A | MC 13/100 | seed=112 ===
2026-08-29 20:39:55,904 | INFO    |   split agrupado | SU train=292 | SU test=74
2026-08-29 20:39:55,906 | INFO    |   ausencias por año: {2010: 11, 2011: 38, 2012: 17, 2013: 27, 2014: 12, 2015: 23, 2016: 23, 2017: 41, 2018: 37, 2019: 44, 2020: 64, 2021: 83, 2022: 120, 2023: 88, 2024: 93, 2025: 11}
2026-08-29 20:39:56,595 | INFO    |   LR  AUC=0.939 AP=0.853 Brier=0.097
2026-08-29 20:39:57,488 | INFO    |   GAM AUC=0.944 AP=0.861 Brier=0.092
2026-08-29 20:40:34,201 | INFO    |   RF  AUC=0.950 AP=0.869 Brier=0.081
2026-08-29 20:40:34,201 | INFO    | === set_A | MC 14/100 | seed=113 ===
2026-08-29 20:40:36,189 | INFO    |   split agrupado | SU train=292 | SU test=74
2026-08-29 20:40:36,191 | INFO    |   ausencias por año: {2010: 5, 2011: 28, 2012: 14, 2013: 21, 2014: 12, 2015: 19, 2016: 10, 2017: 47, 2018: 50, 2019: 45, 2020: 63, 2021: 99, 2022: 136, 2023: 87, 2024: 82, 2025: 14}
2026-08-29 20:40:36,833 | INFO    |   LR  AUC=0.943 AP=0.864 Brier=0.086
2026-08-29 20:40:37,717 | INFO    |   GAM AUC=0.945 AP=0.867 Brier=0.085
2026-08-29 20:41:18,177 | INFO    |   RF  AUC=0.935 AP=0.873 Brier=0.084
2026-08-29 20:41:18,177 | INFO    | === set_A | MC 15/100 | seed=114 ===
2026-08-29 20:41:19,993 | INFO    |   split agrupado | SU train=292 | SU test=74
2026-08-29 20:41:19,994 | INFO    |   ausencias por año: {2010: 6, 2011: 30, 2012: 16, 2013: 26, 2014: 15, 2015: 21, 2016: 21, 2017: 40, 2018: 43, 2019: 57, 2020: 52, 2021: 99, 2022: 114, 2023: 84, 2024: 98, 2025: 10}
2026-08-29 20:41:20,531 | INFO    |   LR  AUC=0.923 AP=0.805 Brier=0.102
2026-08-29 20:41:21,400 | INFO    |   GAM AUC=0.927 AP=0.811 Brier=0.098
2026-08-29 20:42:03,348 | INFO    |   RF  AUC=0.927 AP=0.818 Brier=0.093
2026-08-29 20:42:03,349 | INFO    | === set_A | MC 16/100 | seed=115 ===
2026-08-29 20:42:05,374 | INFO    |   split agrupado | SU train=292 | SU test=74
2026-08-29 20:42:05,376 | INFO    |   ausencias por año: {2010: 10, 2011: 29, 2012: 16, 2013: 14, 2014: 19, 2015: 22, 2016: 25, 2017: 52, 2018: 43, 2019: 50, 2020: 49, 2021: 93, 2022: 125, 2023: 88, 2024: 90, 2025: 7}
2026-08-29 20:42:06,023 | INFO    |   LR  AUC=0.940 AP=0.862 Brier=0.097
2026-08-29 20:42:06,838 | INFO    |   GAM AUC=0.940 AP=0.861 Brier=0.096
2026-08-29 20:42:50,074 | INFO    |   RF  AUC=0.937 AP=0.867 Brier=0.093
2026-08-29 20:42:50,075 | INFO    | === set_A | MC 17/100 | seed=116 ===
2026-08-29 20:42:52,047 | INFO    |   split agrupado | SU train=292 | SU test=74
2026-08-29 20:42:52,049 | INFO    |   ausencias por año: {2010: 4, 2011: 34, 2012: 25, 2013: 25, 2014: 20, 2015: 14, 2016: 30, 2017: 35, 2018: 38, 2019: 54, 2020: 52, 2021: 89, 2022: 116, 2023: 83, 2024: 101, 2025: 12}
2026-08-29 20:42:52,701 | INFO    |   LR  AUC=0.964 AP=0.916 Brier=0.076
2026-08-29 20:42:53,513 | INFO    |   GAM AUC=0.964 AP=0.917 Brier=0.076
2026-08-29 20:43:34,026 | INFO    |   RF  AUC=0.956 AP=0.911 Brier=0.073
2026-08-29 20:43:34,027 | INFO    | === set_A | MC 18/100 | seed=117 ===
2026-08-29 20:43:36,076 | INFO    |   split agrupado | SU train=292 | SU test=74
2026-08-29 20:43:36,078 | INFO    |   ausencias por año: {2010: 12, 2011: 28, 2012: 13, 2013: 20, 2014: 15, 2015: 23, 2016: 26, 2017: 41, 2018: 47, 2019: 46, 2020: 54, 2021: 79, 2022: 132, 2023: 98, 2024: 87, 2025: 11}
2026-08-29 20:43:36,736 | INFO    |   LR  AUC=0.951 AP=0.857 Brier=0.080
2026-08-29 20:43:37,580 | INFO    |   GAM AUC=0.954 AP=0.860 Brier=0.076
2026-08-29 20:44:20,515 | INFO    |   RF  AUC=0.962 AP=0.902 Brier=0.067
2026-08-29 20:44:20,516 | INFO    | === set_A | MC 19/100 | seed=118 ===
2026-08-29 20:44:22,481 | INFO    |   split agrupado | SU train=292 | SU test=74
2026-08-29 20:44:22,483 | INFO    |   ausencias por año: {2010: 9, 2011: 26, 2012: 13, 2013: 14, 2014: 19, 2015: 15, 2016: 22, 2017: 30, 2018: 36, 2019: 48, 2020: 72, 2021: 93, 2022: 119, 2023: 108, 2024: 91, 2025: 17}
2026-08-29 20:44:23,187 | INFO    |   LR  AUC=0.957 AP=0.915 Brier=0.074
2026-08-29 20:44:24,020 | INFO    |   GAM AUC=0.958 AP=0.914 Brier=0.072
2026-08-29 20:45:05,127 | INFO    |   RF  AUC=0.951 AP=0.899 Brier=0.069
2026-08-29 20:45:05,127 | INFO    | === set_A | MC 20/100 | seed=119 ===
2026-08-29 20:45:07,184 | INFO    |   split agrupado | SU train=292 | SU test=74
2026-08-29 20:45:07,186 | INFO    |   ausencias por año: {2010: 11, 2011: 32, 2012: 9, 2013: 19, 2014: 10, 2015: 18, 2016: 25, 2017: 43, 2018: 43, 2019: 50, 2020: 60, 2021: 94, 2022: 126, 2023: 95, 2024: 86, 2025: 11}
2026-08-29 20:45:07,896 | INFO    |   LR  AUC=0.931 AP=0.859 Brier=0.100
2026-08-29 20:45:08,721 | INFO    |   GAM AUC=0.932 AP=0.860 Brier=0.097
2026-08-29 20:45:49,949 | INFO    |   RF  AUC=0.928 AP=0.851 Brier=0.095
2026-08-29 20:45:49,949 | INFO    | === set_A | MC 21/100 | seed=120 ===
2026-08-29 20:45:51,923 | INFO    |   split agrupado | SU train=292 | SU test=74
2026-08-29 20:45:51,925 | INFO    |   ausencias por año: {2010: 8, 2011: 26, 2012: 26, 2013: 22, 2014: 22, 2015: 19, 2016: 24, 2017: 45, 2018: 31, 2019: 39, 2020: 72, 2021: 113, 2022: 123, 2023: 81, 2024: 70, 2025: 11}
2026-08-29 20:45:52,569 | INFO    |   LR  AUC=0.947 AP=0.897 Brier=0.088
2026-08-29 20:45:53,396 | INFO    |   GAM AUC=0.950 AP=0.898 Brier=0.085
2026-08-29 20:46:34,127 | INFO    |   RF  AUC=0.945 AP=0.862 Brier=0.080
2026-08-29 20:46:34,128 | INFO    | === set_A | MC 22/100 | seed=121 ===
2026-08-29 20:46:35,881 | INFO    |   split agrupado | SU train=292 | SU test=74
2026-08-29 20:46:35,883 | INFO    |   ausencias por año: {2010: 6, 2011: 31, 2012: 17, 2013: 23, 2014: 16, 2015: 19, 2016: 27, 2017: 47, 2018: 45, 2019: 46, 2020: 54, 2021: 83, 2022: 111, 2023: 95, 2024: 97, 2025: 15}
2026-08-29 20:46:36,465 | INFO    |   LR  AUC=0.933 AP=0.837 Brier=0.098
2026-08-29 20:46:37,193 | INFO    |   GAM AUC=0.935 AP=0.842 Brier=0.097
2026-08-29 20:47:18,939 | INFO    |   RF  AUC=0.937 AP=0.834 Brier=0.082
2026-08-29 20:47:18,940 | INFO    | === set_A | MC 23/100 | seed=122 ===
2026-08-29 20:47:20,917 | INFO    |   split agrupado | SU train=292 | SU test=74
2026-08-29 20:47:20,919 | INFO    |   ausencias por año: {2010: 13, 2011: 49, 2012: 18, 2013: 18, 2014: 16, 2015: 23, 2016: 18, 2017: 52, 2018: 41, 2019: 45, 2020: 47, 2021: 101, 2022: 106, 2023: 94, 2024: 82, 2025: 9}
2026-08-29 20:47:21,575 | INFO    |   LR  AUC=0.963 AP=0.896 Brier=0.072
2026-08-29 20:47:22,413 | INFO    |   GAM AUC=0.966 AP=0.903 Brier=0.068
2026-08-29 20:48:05,231 | INFO    |   RF  AUC=0.968 AP=0.904 Brier=0.061
2026-08-29 20:48:05,231 | INFO    | === set_A | MC 24/100 | seed=123 ===
2026-08-29 20:48:07,269 | INFO    |   split agrupado | SU train=292 | SU test=74
2026-08-29 20:48:07,271 | INFO    |   ausencias por año: {2010: 14, 2011: 28, 2012: 15, 2013: 18, 2014: 11, 2015: 22, 2016: 29, 2017: 44, 2018: 58, 2019: 31, 2020: 56, 2021: 97, 2022: 123, 2023: 90, 2024: 86, 2025: 10}
2026-08-29 20:48:07,917 | INFO    |   LR  AUC=0.951 AP=0.872 Brier=0.088
2026-08-29 20:48:08,741 | INFO    |   GAM AUC=0.950 AP=0.866 Brier=0.089
2026-08-29 20:48:49,954 | INFO    |   RF  AUC=0.966 AP=0.915 Brier=0.061
2026-08-29 20:48:49,954 | INFO    | === set_A | MC 25/100 | seed=124 ===
2026-08-29 20:48:51,936 | INFO    |   split agrupado | SU train=292 | SU test=74
2026-08-29 20:48:51,938 | INFO    |   ausencias por año: {2010: 12, 2011: 27, 2012: 13, 2013: 25, 2014: 16, 2015: 13, 2016: 20, 2017: 40, 2018: 52, 2019: 50, 2020: 65, 2021: 93, 2022: 129, 2023: 78, 2024: 87, 2025: 12}
2026-08-29 20:48:52,592 | INFO    |   LR  AUC=0.948 AP=0.883 Brier=0.088
2026-08-29 20:48:53,430 | INFO    |   GAM AUC=0.954 AP=0.895 Brier=0.084
2026-08-29 20:49:36,669 | INFO    |   RF  AUC=0.947 AP=0.882 Brier=0.083
2026-08-29 20:49:36,670 | INFO    | === set_A | MC 26/100 | seed=125 ===
2026-08-29 20:49:38,654 | INFO    |   split agrupado | SU train=292 | SU test=74
2026-08-29 20:49:38,656 | INFO    |   ausencias por año: {2010: 15, 2011: 41, 2012: 10, 2013: 24, 2014: 18, 2015: 19, 2016: 22, 2017: 44, 2018: 39, 2019: 44, 2020: 53, 2021: 82, 2022: 126, 2023: 81, 2024: 104, 2025: 10}
2026-08-29 20:49:39,316 | INFO    |   LR  AUC=0.950 AP=0.895 Brier=0.082
2026-08-29 20:49:40,149 | INFO    |   GAM AUC=0.951 AP=0.899 Brier=0.080
2026-08-29 20:50:17,013 | INFO    |   RF  AUC=0.953 AP=0.908 Brier=0.077
2026-08-29 20:50:17,013 | INFO    | === set_A | MC 27/100 | seed=126 ===
2026-08-29 20:50:19,106 | INFO    |   split agrupado | SU train=292 | SU test=74
2026-08-29 20:50:19,108 | INFO    |   ausencias por año: {2010: 12, 2011: 38, 2012: 10, 2013: 16, 2014: 22, 2015: 27, 2016: 18, 2017: 35, 2018: 46, 2019: 38, 2020: 60, 2021: 98, 2022: 137, 2023: 77, 2024: 89, 2025: 9}
2026-08-29 20:50:19,791 | INFO    |   LR  AUC=0.949 AP=0.878 Brier=0.088
2026-08-29 20:50:20,647 | INFO    |   GAM AUC=0.954 AP=0.888 Brier=0.083
2026-08-29 20:51:01,647 | INFO    |   RF  AUC=0.945 AP=0.866 Brier=0.078
2026-08-29 20:51:01,648 | INFO    | === set_A | MC 28/100 | seed=127 ===
2026-08-29 20:51:03,777 | INFO    |   split agrupado | SU train=292 | SU test=74
2026-08-29 20:51:03,779 | INFO    |   ausencias por año: {2010: 4, 2011: 42, 2012: 14, 2013: 31, 2014: 16, 2015: 15, 2016: 19, 2017: 39, 2018: 45, 2019: 41, 2020: 52, 2021: 102, 2022: 111, 2023: 93, 2024: 95, 2025: 13}
2026-08-29 20:51:04,422 | INFO    |   LR  AUC=0.946 AP=0.894 Brier=0.093
2026-08-29 20:51:05,253 | INFO    |   GAM AUC=0.949 AP=0.895 Brier=0.091
2026-08-29 20:51:45,876 | INFO    |   RF  AUC=0.939 AP=0.876 Brier=0.087
2026-08-29 20:51:45,877 | INFO    | === set_A | MC 29/100 | seed=128 ===
2026-08-29 20:51:47,970 | INFO    |   split agrupado | SU train=292 | SU test=74
2026-08-29 20:51:47,972 | INFO    |   ausencias por año: {2010: 3, 2011: 33, 2012: 17, 2013: 21, 2014: 21, 2015: 25, 2016: 15, 2017: 39, 2018: 55, 2019: 46, 2020: 65, 2021: 84, 2022: 104, 2023: 91, 2024: 99, 2025: 14}
2026-08-29 20:51:48,531 | INFO    |   LR  AUC=0.961 AP=0.924 Brier=0.077
2026-08-29 20:51:49,271 | INFO    |   GAM AUC=0.964 AP=0.928 Brier=0.075
2026-08-29 20:52:30,737 | INFO    |   RF  AUC=0.954 AP=0.893 Brier=0.076
2026-08-29 20:52:30,737 | INFO    | === set_A | MC 30/100 | seed=129 ===
2026-08-29 20:52:32,718 | INFO    |   split agrupado | SU train=292 | SU test=74
2026-08-29 20:52:32,720 | INFO    |   ausencias por año: {2010: 9, 2011: 27, 2012: 18, 2013: 24, 2014: 17, 2015: 23, 2016: 25, 2017: 37, 2018: 36, 2019: 48, 2020: 55, 2021: 100, 2022: 124, 2023: 100, 2024: 77, 2025: 12}
2026-08-29 20:52:33,362 | INFO    |   LR  AUC=0.955 AP=0.912 Brier=0.086
2026-08-29 20:52:34,236 | INFO    |   GAM AUC=0.961 AP=0.924 Brier=0.080
2026-08-29 20:53:16,517 | INFO    |   RF  AUC=0.948 AP=0.901 Brier=0.080
2026-08-29 20:53:16,518 | INFO    | === set_A | MC 31/100 | seed=130 ===
2026-08-29 20:53:18,501 | INFO    |   split agrupado | SU train=292 | SU test=74
2026-08-29 20:53:18,503 | INFO    |   ausencias por año: {2010: 8, 2011: 38, 2012: 17, 2013: 24, 2014: 21, 2015: 20, 2016: 28, 2017: 41, 2018: 27, 2019: 54, 2020: 54, 2021: 96, 2022: 125, 2023: 82, 2024: 84, 2025: 13}
2026-08-29 20:53:19,160 | INFO    |   LR  AUC=0.967 AP=0.937 Brier=0.071
2026-08-29 20:53:20,015 | INFO    |   GAM AUC=0.965 AP=0.933 Brier=0.074
2026-08-29 20:54:01,789 | INFO    |   RF  AUC=0.962 AP=0.922 Brier=0.071
2026-08-29 20:54:01,790 | INFO    | === set_A | MC 32/100 | seed=131 ===
2026-08-29 20:54:03,809 | INFO    |   split agrupado | SU train=292 | SU test=74
2026-08-29 20:54:03,811 | INFO    |   ausencias por año: {2010: 5, 2011: 27, 2012: 13, 2013: 24, 2014: 23, 2015: 28, 2016: 21, 2017: 44, 2018: 39, 2019: 38, 2020: 54, 2021: 88, 2022: 118, 2023: 100, 2024: 96, 2025: 14}
2026-08-29 20:54:04,492 | INFO    |   LR  AUC=0.894 AP=0.748 Brier=0.127
2026-08-29 20:54:05,311 | INFO    |   GAM AUC=0.896 AP=0.747 Brier=0.125
2026-08-29 20:54:47,582 | INFO    |   RF  AUC=0.889 AP=0.787 Brier=0.114
2026-08-29 20:54:47,583 | INFO    | === set_A | MC 33/100 | seed=132 ===
2026-08-29 20:54:49,556 | INFO    |   split agrupado | SU train=292 | SU test=74
2026-08-29 20:54:49,558 | INFO    |   ausencias por año: {2010: 14, 2011: 32, 2012: 17, 2013: 16, 2014: 13, 2015: 22, 2016: 12, 2017: 34, 2018: 50, 2019: 40, 2020: 54, 2021: 90, 2022: 118, 2023: 104, 2024: 103, 2025: 13}
2026-08-29 20:54:50,201 | INFO    |   LR  AUC=0.957 AP=0.888 Brier=0.083
2026-08-29 20:54:51,025 | INFO    |   GAM AUC=0.961 AP=0.897 Brier=0.079
2026-08-29 20:55:32,322 | INFO    |   RF  AUC=0.961 AP=0.913 Brier=0.069
2026-08-29 20:55:32,322 | INFO    | === set_A | MC 34/100 | seed=133 ===
2026-08-29 20:55:34,274 | INFO    |   split agrupado | SU train=292 | SU test=74
2026-08-29 20:55:34,276 | INFO    |   ausencias por año: {2010: 11, 2011: 27, 2012: 15, 2013: 18, 2014: 14, 2015: 24, 2016: 25, 2017: 44, 2018: 41, 2019: 47, 2020: 67, 2021: 87, 2022: 114, 2023: 102, 2024: 87, 2025: 9}
2026-08-29 20:55:34,816 | INFO    |   LR  AUC=0.974 AP=0.944 Brier=0.065
2026-08-29 20:55:35,563 | INFO    |   GAM AUC=0.980 AP=0.956 Brier=0.057
2026-08-29 20:56:15,573 | INFO    |   RF  AUC=0.973 AP=0.911 Brier=0.059
2026-08-29 20:56:15,574 | INFO    | === set_A | MC 35/100 | seed=134 ===
2026-08-29 20:56:17,552 | INFO    |   split agrupado | SU train=292 | SU test=74
2026-08-29 20:56:17,554 | INFO    |   ausencias por año: {2010: 7, 2011: 29, 2012: 16, 2013: 30, 2014: 13, 2015: 15, 2016: 25, 2017: 42, 2018: 52, 2019: 42, 2020: 68, 2021: 79, 2022: 110, 2023: 98, 2024: 96, 2025: 10}
2026-08-29 20:56:18,204 | INFO    |   LR  AUC=0.946 AP=0.893 Brier=0.088
2026-08-29 20:56:19,094 | INFO    |   GAM AUC=0.949 AP=0.897 Brier=0.085
2026-08-29 20:57:02,509 | INFO    |   RF  AUC=0.953 AP=0.928 Brier=0.071
2026-08-29 20:57:02,510 | INFO    | === set_A | MC 36/100 | seed=135 ===
2026-08-29 20:57:04,542 | INFO    |   split agrupado | SU train=292 | SU test=74
2026-08-29 20:57:04,544 | INFO    |   ausencias por año: {2010: 7, 2011: 41, 2012: 10, 2013: 17, 2014: 14, 2015: 13, 2016: 27, 2017: 34, 2018: 45, 2019: 51, 2020: 62, 2021: 91, 2022: 124, 2023: 81, 2024: 104, 2025: 11}
2026-08-29 20:57:05,180 | INFO    |   LR  AUC=0.963 AP=0.926 Brier=0.073
2026-08-29 20:57:05,994 | INFO    |   GAM AUC=0.965 AP=0.931 Brier=0.073
2026-08-29 20:57:47,268 | INFO    |   RF  AUC=0.948 AP=0.883 Brier=0.075
2026-08-29 20:57:47,269 | INFO    | === set_A | MC 37/100 | seed=136 ===
2026-08-29 20:57:49,344 | INFO    |   split agrupado | SU train=292 | SU test=74
2026-08-29 20:57:49,345 | INFO    |   ausencias por año: {2010: 14, 2011: 35, 2012: 18, 2013: 22, 2014: 12, 2015: 22, 2016: 23, 2017: 34, 2018: 40, 2019: 50, 2020: 61, 2021: 92, 2022: 123, 2023: 84, 2024: 90, 2025: 12}
2026-08-29 20:57:49,995 | INFO    |   LR  AUC=0.903 AP=0.808 Brier=0.117
2026-08-29 20:57:50,827 | INFO    |   GAM AUC=0.908 AP=0.822 Brier=0.111
2026-08-29 20:58:34,023 | INFO    |   RF  AUC=0.909 AP=0.833 Brier=0.105
2026-08-29 20:58:34,023 | INFO    | === set_A | MC 38/100 | seed=137 ===
2026-08-29 20:58:36,002 | INFO    |   split agrupado | SU train=292 | SU test=74
2026-08-29 20:58:36,004 | INFO    |   ausencias por año: {2010: 7, 2011: 36, 2012: 11, 2013: 27, 2014: 16, 2015: 14, 2016: 27, 2017: 29, 2018: 33, 2019: 52, 2020: 70, 2021: 89, 2022: 129, 2023: 102, 2024: 81, 2025: 9}
2026-08-29 20:58:36,664 | INFO    |   LR  AUC=0.935 AP=0.840 Brier=0.096
2026-08-29 20:58:37,489 | INFO    |   GAM AUC=0.935 AP=0.837 Brier=0.094
2026-08-29 20:59:18,603 | INFO    |   RF  AUC=0.930 AP=0.849 Brier=0.095
2026-08-29 20:59:18,603 | INFO    | === set_A | MC 39/100 | seed=138 ===
2026-08-29 20:59:20,582 | INFO    |   split agrupado | SU train=292 | SU test=74
2026-08-29 20:59:20,584 | INFO    |   ausencias por año: {2010: 12, 2011: 21, 2012: 13, 2013: 23, 2014: 16, 2015: 18, 2016: 33, 2017: 38, 2018: 40, 2019: 50, 2020: 68, 2021: 90, 2022: 129, 2023: 83, 2024: 91, 2025: 7}
2026-08-29 20:59:21,232 | INFO    |   LR  AUC=0.975 AP=0.944 Brier=0.073
2026-08-29 20:59:21,969 | INFO    |   GAM AUC=0.975 AP=0.945 Brier=0.071
2026-08-29 21:00:03,660 | INFO    |   RF  AUC=0.970 AP=0.938 Brier=0.062
2026-08-29 21:00:03,660 | INFO    | === set_A | MC 40/100 | seed=139 ===
2026-08-29 21:00:05,675 | INFO    |   split agrupado | SU train=292 | SU test=74
2026-08-29 21:00:05,677 | INFO    |   ausencias por año: {2010: 10, 2011: 34, 2012: 13, 2013: 17, 2014: 18, 2015: 14, 2016: 27, 2017: 46, 2018: 37, 2019: 41, 2020: 77, 2021: 94, 2022: 108, 2023: 93, 2024: 90, 2025: 13}
2026-08-29 21:00:06,368 | INFO    |   LR  AUC=0.944 AP=0.837 Brier=0.085
2026-08-29 21:00:07,311 | INFO    |   GAM AUC=0.944 AP=0.833 Brier=0.083
2026-08-29 21:00:45,693 | INFO    |   RF  AUC=0.953 AP=0.866 Brier=0.073
2026-08-29 21:00:45,693 | INFO    | === set_A | MC 41/100 | seed=140 ===
2026-08-29 21:00:47,447 | INFO    |   split agrupado | SU train=292 | SU test=74
2026-08-29 21:00:47,448 | INFO    |   ausencias por año: {2010: 8, 2011: 39, 2012: 19, 2013: 29, 2014: 13, 2015: 19, 2016: 20, 2017: 27, 2018: 48, 2019: 44, 2020: 58, 2021: 83, 2022: 114, 2023: 103, 2024: 97, 2025: 11}
2026-08-29 21:00:48,007 | INFO    |   LR  AUC=0.943 AP=0.893 Brier=0.091
2026-08-29 21:00:48,742 | INFO    |   GAM AUC=0.946 AP=0.891 Brier=0.088
2026-08-29 21:01:28,487 | INFO    |   RF  AUC=0.944 AP=0.892 Brier=0.083
2026-08-29 21:01:28,488 | INFO    | === set_A | MC 42/100 | seed=141 ===
2026-08-29 21:01:30,585 | INFO    |   split agrupado | SU train=292 | SU test=74
2026-08-29 21:01:30,587 | INFO    |   ausencias por año: {2010: 9, 2011: 30, 2012: 26, 2013: 20, 2014: 16, 2015: 19, 2016: 19, 2017: 36, 2018: 44, 2019: 50, 2020: 47, 2021: 85, 2022: 139, 2023: 93, 2024: 89, 2025: 10}
2026-08-29 21:01:31,304 | INFO    |   LR  AUC=0.968 AP=0.942 Brier=0.071
2026-08-29 21:01:32,172 | INFO    |   GAM AUC=0.972 AP=0.952 Brier=0.067
2026-08-29 21:02:14,040 | INFO    |   RF  AUC=0.960 AP=0.943 Brier=0.060
2026-08-29 21:02:14,041 | INFO    | === set_A | MC 43/100 | seed=142 ===
2026-08-29 21:02:16,006 | INFO    |   split agrupado | SU train=292 | SU test=74
2026-08-29 21:02:16,007 | INFO    |   ausencias por año: {2010: 12, 2011: 32, 2012: 13, 2013: 20, 2014: 27, 2015: 26, 2016: 23, 2017: 27, 2018: 55, 2019: 38, 2020: 58, 2021: 86, 2022: 126, 2023: 96, 2024: 81, 2025: 12}
2026-08-29 21:02:16,659 | INFO    |   LR  AUC=0.949 AP=0.897 Brier=0.083
2026-08-29 21:02:17,498 | INFO    |   GAM AUC=0.950 AP=0.894 Brier=0.083
2026-08-29 21:02:56,467 | INFO    |   RF  AUC=0.933 AP=0.869 Brier=0.090
2026-08-29 21:02:56,468 | INFO    | === set_A | MC 44/100 | seed=143 ===
2026-08-29 21:02:58,449 | INFO    |   split agrupado | SU train=292 | SU test=74
2026-08-29 21:02:58,451 | INFO    |   ausencias por año: {2010: 6, 2011: 41, 2012: 17, 2013: 25, 2014: 22, 2015: 22, 2016: 17, 2017: 49, 2018: 53, 2019: 35, 2020: 56, 2021: 91, 2022: 130, 2023: 85, 2024: 77, 2025: 6}
2026-08-29 21:02:59,106 | INFO    |   LR  AUC=0.946 AP=0.882 Brier=0.091
2026-08-29 21:02:59,986 | INFO    |   GAM AUC=0.948 AP=0.881 Brier=0.088
2026-08-29 21:03:43,007 | INFO    |   RF  AUC=0.945 AP=0.854 Brier=0.080
2026-08-29 21:03:43,008 | INFO    | === set_A | MC 45/100 | seed=144 ===
2026-08-29 21:03:44,993 | INFO    |   split agrupado | SU train=292 | SU test=74
2026-08-29 21:03:44,995 | INFO    |   ausencias por año: {2010: 8, 2011: 34, 2012: 14, 2013: 31, 2014: 14, 2015: 20, 2016: 21, 2017: 34, 2018: 49, 2019: 46, 2020: 63, 2021: 91, 2022: 110, 2023: 97, 2024: 86, 2025: 14}
2026-08-29 21:03:45,668 | INFO    |   LR  AUC=0.936 AP=0.836 Brier=0.098
2026-08-29 21:03:46,486 | INFO    |   GAM AUC=0.938 AP=0.841 Brier=0.096
2026-08-29 21:04:26,828 | INFO    |   RF  AUC=0.947 AP=0.860 Brier=0.082
2026-08-29 21:04:26,829 | INFO    | === set_A | MC 46/100 | seed=145 ===
2026-08-29 21:04:28,845 | INFO    |   split agrupado | SU train=292 | SU test=74
2026-08-29 21:04:28,847 | INFO    |   ausencias por año: {2010: 9, 2011: 43, 2012: 18, 2013: 18, 2014: 20, 2015: 17, 2016: 36, 2017: 35, 2018: 37, 2019: 42, 2020: 64, 2021: 74, 2022: 141, 2023: 91, 2024: 76, 2025: 11}
2026-08-29 21:04:29,539 | INFO    |   LR  AUC=0.951 AP=0.897 Brier=0.084
2026-08-29 21:04:30,428 | INFO    |   GAM AUC=0.951 AP=0.894 Brier=0.081
2026-08-29 21:05:13,018 | INFO    |   RF  AUC=0.959 AP=0.917 Brier=0.070
2026-08-29 21:05:13,019 | INFO    | === set_A | MC 47/100 | seed=146 ===
2026-08-29 21:05:15,026 | INFO    |   split agrupado | SU train=292 | SU test=74
2026-08-29 21:05:15,028 | INFO    |   ausencias por año: {2010: 8, 2011: 43, 2012: 11, 2013: 19, 2014: 14, 2015: 20, 2016: 20, 2017: 40, 2018: 57, 2019: 43, 2020: 55, 2021: 105, 2022: 122, 2023: 77, 2024: 89, 2025: 9}
2026-08-29 21:05:15,695 | INFO    |   LR  AUC=0.949 AP=0.897 Brier=0.091
2026-08-29 21:05:16,577 | INFO    |   GAM AUC=0.950 AP=0.899 Brier=0.088
2026-08-29 21:05:56,834 | INFO    |   RF  AUC=0.937 AP=0.824 Brier=0.081
2026-08-29 21:05:56,835 | INFO    | === set_A | MC 48/100 | seed=147 ===
2026-08-29 21:05:58,786 | INFO    |   split agrupado | SU train=292 | SU test=74
2026-08-29 21:05:58,788 | INFO    |   ausencias por año: {2010: 8, 2011: 34, 2012: 19, 2013: 17, 2014: 14, 2015: 17, 2016: 26, 2017: 41, 2018: 37, 2019: 45, 2020: 66, 2021: 82, 2022: 133, 2023: 83, 2024: 101, 2025: 9}
2026-08-29 21:05:59,335 | INFO    |   LR  AUC=0.946 AP=0.873 Brier=0.092
2026-08-29 21:06:00,098 | INFO    |   GAM AUC=0.951 AP=0.882 Brier=0.086
2026-08-29 21:06:40,803 | INFO    |   RF  AUC=0.938 AP=0.838 Brier=0.090
2026-08-29 21:06:40,804 | INFO    | === set_A | MC 49/100 | seed=148 ===
2026-08-29 21:06:42,779 | INFO    |   split agrupado | SU train=292 | SU test=74
2026-08-29 21:06:42,781 | INFO    |   ausencias por año: {2010: 4, 2011: 31, 2012: 17, 2013: 19, 2014: 18, 2015: 19, 2016: 21, 2017: 36, 2018: 51, 2019: 53, 2020: 59, 2021: 92, 2022: 131, 2023: 87, 2024: 85, 2025: 9}
2026-08-29 21:06:43,418 | INFO    |   LR  AUC=0.940 AP=0.848 Brier=0.096
2026-08-29 21:06:44,283 | INFO    |   GAM AUC=0.944 AP=0.853 Brier=0.092
2026-08-29 21:07:26,398 | INFO    |   RF  AUC=0.929 AP=0.838 Brier=0.091
2026-08-29 21:07:26,399 | INFO    | === set_A | MC 50/100 | seed=149 ===
2026-08-29 21:07:28,396 | INFO    |   split agrupado | SU train=292 | SU test=74
2026-08-29 21:07:28,398 | INFO    |   ausencias por año: {2010: 13, 2011: 44, 2012: 14, 2013: 22, 2014: 17, 2015: 24, 2016: 33, 2017: 33, 2018: 34, 2019: 47, 2020: 48, 2021: 90, 2022: 123, 2023: 77, 2024: 99, 2025: 14}
2026-08-29 21:07:29,060 | INFO    |   LR  AUC=0.956 AP=0.923 Brier=0.075
2026-08-29 21:07:29,882 | INFO    |   GAM AUC=0.957 AP=0.925 Brier=0.072
2026-08-29 21:08:10,922 | INFO    |   RF  AUC=0.952 AP=0.898 Brier=0.069
2026-08-29 21:08:10,923 | INFO    | === set_A | MC 51/100 | seed=150 ===
2026-08-29 21:08:12,899 | INFO    |   split agrupado | SU train=292 | SU test=74
2026-08-29 21:08:12,901 | INFO    |   ausencias por año: {2010: 11, 2011: 32, 2012: 19, 2013: 19, 2014: 12, 2015: 12, 2016: 22, 2017: 53, 2018: 47, 2019: 33, 2020: 54, 2021: 106, 2022: 122, 2023: 91, 2024: 86, 2025: 13}
2026-08-29 21:08:13,559 | INFO    |   LR  AUC=0.967 AP=0.912 Brier=0.071
2026-08-29 21:08:14,398 | INFO    |   GAM AUC=0.968 AP=0.915 Brier=0.068
2026-08-29 21:08:57,499 | INFO    |   RF  AUC=0.971 AP=0.935 Brier=0.065
2026-08-29 21:08:57,500 | INFO    | === set_A | MC 52/100 | seed=151 ===
2026-08-29 21:08:59,496 | INFO    |   split agrupado | SU train=292 | SU test=74
2026-08-29 21:08:59,498 | INFO    |   ausencias por año: {2010: 11, 2011: 41, 2012: 24, 2013: 25, 2014: 19, 2015: 22, 2016: 20, 2017: 32, 2018: 40, 2019: 39, 2020: 55, 2021: 86, 2022: 119, 2023: 100, 2024: 92, 2025: 7}
2026-08-29 21:09:00,152 | INFO    |   LR  AUC=0.951 AP=0.900 Brier=0.085
2026-08-29 21:09:01,039 | INFO    |   GAM AUC=0.952 AP=0.899 Brier=0.083
2026-08-29 21:09:43,682 | INFO    |   RF  AUC=0.946 AP=0.894 Brier=0.075
2026-08-29 21:09:43,683 | INFO    | === set_A | MC 53/100 | seed=152 ===
2026-08-29 21:09:45,519 | INFO    |   split agrupado | SU train=292 | SU test=74
2026-08-29 21:09:45,521 | INFO    |   ausencias por año: {2010: 10, 2011: 26, 2012: 19, 2013: 20, 2014: 13, 2015: 14, 2016: 20, 2017: 37, 2018: 44, 2019: 47, 2020: 60, 2021: 108, 2022: 124, 2023: 98, 2024: 76, 2025: 16}
2026-08-29 21:09:46,084 | INFO    |   LR  AUC=0.964 AP=0.916 Brier=0.083
2026-08-29 21:09:46,779 | INFO    |   GAM AUC=0.967 AP=0.924 Brier=0.079
2026-08-29 21:10:24,512 | INFO    |   RF  AUC=0.958 AP=0.914 Brier=0.069
2026-08-29 21:10:24,513 | INFO    | === set_A | MC 54/100 | seed=153 ===
2026-08-29 21:10:26,511 | INFO    |   split agrupado | SU train=292 | SU test=74
2026-08-29 21:10:26,513 | INFO    |   ausencias por año: {2010: 7, 2011: 26, 2012: 25, 2013: 18, 2014: 10, 2015: 19, 2016: 19, 2017: 37, 2018: 33, 2019: 55, 2020: 47, 2021: 103, 2022: 118, 2023: 101, 2024: 97, 2025: 17}
2026-08-29 21:10:27,163 | INFO    |   LR  AUC=0.944 AP=0.871 Brier=0.088
2026-08-29 21:10:27,990 | INFO    |   GAM AUC=0.946 AP=0.872 Brier=0.087
2026-08-29 21:11:08,821 | INFO    |   RF  AUC=0.936 AP=0.835 Brier=0.089
2026-08-29 21:11:08,822 | INFO    | === set_A | MC 55/100 | seed=154 ===
2026-08-29 21:11:10,862 | INFO    |   split agrupado | SU train=292 | SU test=74
2026-08-29 21:11:10,864 | INFO    |   ausencias por año: {2010: 5, 2011: 19, 2012: 16, 2013: 29, 2014: 19, 2015: 13, 2016: 22, 2017: 42, 2018: 45, 2019: 38, 2020: 69, 2021: 102, 2022: 108, 2023: 121, 2024: 75, 2025: 9}
2026-08-29 21:11:11,519 | INFO    |   LR  AUC=0.948 AP=0.893 Brier=0.085
2026-08-29 21:11:12,361 | INFO    |   GAM AUC=0.949 AP=0.896 Brier=0.084
2026-08-29 21:11:54,084 | INFO    |   RF  AUC=0.946 AP=0.884 Brier=0.074
2026-08-29 21:11:54,084 | INFO    | === set_A | MC 56/100 | seed=155 ===
2026-08-29 21:11:56,285 | INFO    |   split agrupado | SU train=292 | SU test=74
2026-08-29 21:11:56,287 | INFO    |   ausencias por año: {2010: 12, 2011: 45, 2012: 16, 2013: 18, 2014: 10, 2015: 22, 2016: 28, 2017: 41, 2018: 53, 2019: 32, 2020: 57, 2021: 84, 2022: 118, 2023: 107, 2024: 73, 2025: 16}
2026-08-29 21:11:56,952 | INFO    |   LR  AUC=0.940 AP=0.831 Brier=0.095
2026-08-29 21:11:57,791 | INFO    |   GAM AUC=0.943 AP=0.841 Brier=0.091
2026-08-29 21:12:41,299 | INFO    |   RF  AUC=0.952 AP=0.859 Brier=0.075
2026-08-29 21:12:41,299 | INFO    | === set_A | MC 57/100 | seed=156 ===
2026-08-29 21:12:43,295 | INFO    |   split agrupado | SU train=292 | SU test=74
2026-08-29 21:12:43,297 | INFO    |   ausencias por año: {2010: 3, 2011: 32, 2012: 17, 2013: 17, 2014: 11, 2015: 25, 2016: 19, 2017: 48, 2018: 51, 2019: 59, 2020: 58, 2021: 90, 2022: 118, 2023: 88, 2024: 87, 2025: 9}
2026-08-29 21:12:43,959 | INFO    |   LR  AUC=0.947 AP=0.885 Brier=0.086
2026-08-29 21:12:44,799 | INFO    |   GAM AUC=0.947 AP=0.884 Brier=0.084
2026-08-29 21:13:25,654 | INFO    |   RF  AUC=0.947 AP=0.892 Brier=0.068
2026-08-29 21:13:25,655 | INFO    | === set_A | MC 58/100 | seed=157 ===
2026-08-29 21:13:27,639 | INFO    |   split agrupado | SU train=292 | SU test=74
2026-08-29 21:13:27,641 | INFO    |   ausencias por año: {2010: 5, 2011: 29, 2012: 23, 2013: 21, 2014: 16, 2015: 19, 2016: 27, 2017: 31, 2018: 51, 2019: 39, 2020: 68, 2021: 87, 2022: 124, 2023: 106, 2024: 74, 2025: 12}
2026-08-29 21:13:28,303 | INFO    |   LR  AUC=0.929 AP=0.856 Brier=0.100
2026-08-29 21:13:29,185 | INFO    |   GAM AUC=0.931 AP=0.855 Brier=0.098
2026-08-29 21:14:11,633 | INFO    |   RF  AUC=0.926 AP=0.852 Brier=0.092
2026-08-29 21:14:11,633 | INFO    | === set_A | MC 59/100 | seed=158 ===
2026-08-29 21:14:13,610 | INFO    |   split agrupado | SU train=292 | SU test=74
2026-08-29 21:14:13,612 | INFO    |   ausencias por año: {2010: 5, 2011: 33, 2012: 16, 2013: 23, 2014: 14, 2015: 18, 2016: 29, 2017: 44, 2018: 30, 2019: 50, 2020: 56, 2021: 94, 2022: 139, 2023: 78, 2024: 89, 2025: 14}
2026-08-29 21:14:14,264 | INFO    |   LR  AUC=0.967 AP=0.925 Brier=0.077
2026-08-29 21:14:15,095 | INFO    |   GAM AUC=0.968 AP=0.929 Brier=0.074
2026-08-29 21:14:58,147 | INFO    |   RF  AUC=0.972 AP=0.922 Brier=0.060
2026-08-29 21:14:58,147 | INFO    | === set_A | MC 60/100 | seed=159 ===
2026-08-29 21:14:59,866 | INFO    |   split agrupado | SU train=292 | SU test=74
2026-08-29 21:14:59,868 | INFO    |   ausencias por año: {2010: 6, 2011: 38, 2012: 10, 2013: 15, 2014: 11, 2015: 19, 2016: 28, 2017: 44, 2018: 61, 2019: 47, 2020: 61, 2021: 93, 2022: 123, 2023: 77, 2024: 85, 2025: 14}
2026-08-29 21:15:00,397 | INFO    |   LR  AUC=0.959 AP=0.887 Brier=0.079
2026-08-29 21:15:01,082 | INFO    |   GAM AUC=0.962 AP=0.894 Brier=0.076
2026-08-29 21:15:39,916 | INFO    |   RF  AUC=0.969 AP=0.931 Brier=0.064
2026-08-29 21:15:39,917 | INFO    | === set_A | MC 61/100 | seed=160 ===
2026-08-29 21:15:41,920 | INFO    |   split agrupado | SU train=292 | SU test=74
2026-08-29 21:15:41,922 | INFO    |   ausencias por año: {2010: 9, 2011: 32, 2012: 15, 2013: 19, 2014: 12, 2015: 20, 2016: 13, 2017: 39, 2018: 45, 2019: 49, 2020: 65, 2021: 95, 2022: 124, 2023: 89, 2024: 85, 2025: 21}
2026-08-29 21:15:42,575 | INFO    |   LR  AUC=0.949 AP=0.879 Brier=0.087
2026-08-29 21:15:43,451 | INFO    |   GAM AUC=0.953 AP=0.886 Brier=0.082
2026-08-29 21:16:24,662 | INFO    |   RF  AUC=0.943 AP=0.819 Brier=0.078
2026-08-29 21:16:24,662 | INFO    | === set_A | MC 62/100 | seed=161 ===
2026-08-29 21:16:26,663 | INFO    |   split agrupado | SU train=292 | SU test=74
2026-08-29 21:16:26,665 | INFO    |   ausencias por año: {2010: 12, 2011: 33, 2012: 17, 2013: 22, 2014: 19, 2015: 18, 2016: 26, 2017: 30, 2018: 42, 2019: 43, 2020: 66, 2021: 83, 2022: 126, 2023: 96, 2024: 90, 2025: 9}
2026-08-29 21:16:27,326 | INFO    |   LR  AUC=0.948 AP=0.890 Brier=0.086
2026-08-29 21:16:28,148 | INFO    |   GAM AUC=0.947 AP=0.888 Brier=0.087
2026-08-29 21:17:08,515 | INFO    |   RF  AUC=0.943 AP=0.866 Brier=0.077
2026-08-29 21:17:08,516 | INFO    | === set_A | MC 63/100 | seed=162 ===
2026-08-29 21:17:10,523 | INFO    |   split agrupado | SU train=292 | SU test=74
2026-08-29 21:17:10,525 | INFO    |   ausencias por año: {2010: 7, 2011: 28, 2012: 17, 2013: 15, 2014: 14, 2015: 20, 2016: 28, 2017: 45, 2018: 30, 2019: 52, 2020: 61, 2021: 94, 2022: 128, 2023: 103, 2024: 80, 2025: 10}
2026-08-29 21:17:11,190 | INFO    |   LR  AUC=0.933 AP=0.843 Brier=0.098
2026-08-29 21:17:12,008 | INFO    |   GAM AUC=0.933 AP=0.842 Brier=0.098
2026-08-29 21:17:55,676 | INFO    |   RF  AUC=0.954 AP=0.904 Brier=0.073
2026-08-29 21:17:55,677 | INFO    | === set_A | MC 64/100 | seed=163 ===
2026-08-29 21:17:57,657 | INFO    |   split agrupado | SU train=292 | SU test=74
2026-08-29 21:17:57,658 | INFO    |   ausencias por año: {2010: 13, 2011: 33, 2012: 11, 2013: 18, 2014: 12, 2015: 14, 2016: 18, 2017: 35, 2018: 44, 2019: 35, 2020: 67, 2021: 106, 2022: 135, 2023: 94, 2024: 87, 2025: 10}
2026-08-29 21:17:58,325 | INFO    |   LR  AUC=0.955 AP=0.871 Brier=0.082
2026-08-29 21:17:59,162 | INFO    |   GAM AUC=0.953 AP=0.866 Brier=0.084
2026-08-29 21:18:39,593 | INFO    |   RF  AUC=0.956 AP=0.911 Brier=0.075
2026-08-29 21:18:39,594 | INFO    | === set_A | MC 65/100 | seed=164 ===
2026-08-29 21:18:41,507 | INFO    |   split agrupado | SU train=292 | SU test=74
2026-08-29 21:18:41,509 | INFO    |   ausencias por año: {2010: 14, 2011: 36, 2012: 12, 2013: 23, 2014: 16, 2015: 21, 2016: 20, 2017: 30, 2018: 58, 2019: 46, 2020: 56, 2021: 88, 2022: 110, 2023: 109, 2024: 79, 2025: 14}
2026-08-29 21:18:42,209 | INFO    |   LR  AUC=0.974 AP=0.945 Brier=0.064
2026-08-29 21:18:43,044 | INFO    |   GAM AUC=0.974 AP=0.942 Brier=0.063
2026-08-29 21:19:26,026 | INFO    |   RF  AUC=0.975 AP=0.939 Brier=0.056
2026-08-29 21:19:26,026 | INFO    | === set_A | MC 66/100 | seed=165 ===
2026-08-29 21:19:28,089 | INFO    |   split agrupado | SU train=292 | SU test=74
2026-08-29 21:19:28,091 | INFO    |   ausencias por año: {2010: 9, 2011: 24, 2012: 12, 2013: 30, 2014: 11, 2015: 20, 2016: 27, 2017: 41, 2018: 38, 2019: 45, 2020: 63, 2021: 88, 2022: 118, 2023: 96, 2024: 97, 2025: 13}
2026-08-29 21:19:28,753 | INFO    |   LR  AUC=0.966 AP=0.939 Brier=0.069
2026-08-29 21:19:29,569 | INFO    |   GAM AUC=0.969 AP=0.943 Brier=0.066
2026-08-29 21:20:08,431 | INFO    |   RF  AUC=0.965 AP=0.916 Brier=0.062
2026-08-29 21:20:08,432 | INFO    | === set_A | MC 67/100 | seed=166 ===
2026-08-29 21:20:10,434 | INFO    |   split agrupado | SU train=292 | SU test=74
2026-08-29 21:20:10,436 | INFO    |   ausencias por año: {2010: 9, 2011: 39, 2012: 19, 2013: 19, 2014: 16, 2015: 24, 2016: 22, 2017: 41, 2018: 38, 2019: 48, 2020: 53, 2021: 92, 2022: 117, 2023: 90, 2024: 96, 2025: 9}
2026-08-29 21:20:11,090 | INFO    |   LR  AUC=0.943 AP=0.869 Brier=0.094
2026-08-29 21:20:11,937 | INFO    |   GAM AUC=0.945 AP=0.872 Brier=0.093
2026-08-29 21:20:50,461 | INFO    |   RF  AUC=0.953 AP=0.885 Brier=0.076
2026-08-29 21:20:50,462 | INFO    | === set_A | MC 68/100 | seed=167 ===
2026-08-29 21:20:52,452 | INFO    |   split agrupado | SU train=292 | SU test=74
2026-08-29 21:20:52,454 | INFO    |   ausencias por año: {2010: 10, 2011: 38, 2012: 13, 2013: 18, 2014: 20, 2015: 20, 2016: 18, 2017: 33, 2018: 40, 2019: 43, 2020: 48, 2021: 90, 2022: 132, 2023: 101, 2024: 96, 2025: 12}
2026-08-29 21:20:53,117 | INFO    |   LR  AUC=0.938 AP=0.876 Brier=0.093
2026-08-29 21:20:53,996 | INFO    |   GAM AUC=0.942 AP=0.880 Brier=0.089
2026-08-29 21:21:34,337 | INFO    |   RF  AUC=0.935 AP=0.863 Brier=0.081
2026-08-29 21:21:34,338 | INFO    | === set_A | MC 69/100 | seed=168 ===
2026-08-29 21:21:36,309 | INFO    |   split agrupado | SU train=292 | SU test=74
2026-08-29 21:21:36,311 | INFO    |   ausencias por año: {2010: 7, 2011: 31, 2012: 15, 2013: 26, 2014: 16, 2015: 16, 2016: 23, 2017: 45, 2018: 37, 2019: 44, 2020: 60, 2021: 100, 2022: 128, 2023: 87, 2024: 90, 2025: 7}
2026-08-29 21:21:36,962 | INFO    |   LR  AUC=0.941 AP=0.836 Brier=0.092
2026-08-29 21:21:37,789 | INFO    |   GAM AUC=0.942 AP=0.836 Brier=0.090
2026-08-29 21:22:19,164 | INFO    |   RF  AUC=0.943 AP=0.847 Brier=0.084
2026-08-29 21:22:19,165 | INFO    | === set_A | MC 70/100 | seed=169 ===
2026-08-29 21:22:21,154 | INFO    |   split agrupado | SU train=292 | SU test=74
2026-08-29 21:22:21,156 | INFO    |   ausencias por año: {2010: 11, 2011: 27, 2012: 15, 2013: 24, 2014: 15, 2015: 16, 2016: 19, 2017: 40, 2018: 44, 2019: 35, 2020: 66, 2021: 93, 2022: 127, 2023: 94, 2024: 91, 2025: 15}
2026-08-29 21:22:21,822 | INFO    |   LR  AUC=0.948 AP=0.872 Brier=0.088
2026-08-29 21:22:22,674 | INFO    |   GAM AUC=0.951 AP=0.877 Brier=0.085
2026-08-29 21:23:04,907 | INFO    |   RF  AUC=0.935 AP=0.843 Brier=0.086
2026-08-29 21:23:04,908 | INFO    | === set_A | MC 71/100 | seed=170 ===
2026-08-29 21:23:07,047 | INFO    |   split agrupado | SU train=292 | SU test=74
2026-08-29 21:23:07,051 | INFO    |   ausencias por año: {2010: 11, 2011: 27, 2012: 14, 2013: 19, 2014: 26, 2015: 20, 2016: 28, 2017: 43, 2018: 51, 2019: 42, 2020: 53, 2021: 84, 2022: 118, 2023: 90, 2024: 98, 2025: 8}
2026-08-29 21:23:07,740 | INFO    |   LR  AUC=0.968 AP=0.923 Brier=0.076
2026-08-29 21:23:08,615 | INFO    |   GAM AUC=0.970 AP=0.924 Brier=0.074
2026-08-29 21:23:51,826 | INFO    |   RF  AUC=0.972 AP=0.938 Brier=0.063
2026-08-29 21:23:51,826 | INFO    | === set_A | MC 72/100 | seed=171 ===
2026-08-29 21:23:53,553 | INFO    |   split agrupado | SU train=292 | SU test=74
2026-08-29 21:23:53,554 | INFO    |   ausencias por año: {2010: 11, 2011: 39, 2012: 22, 2013: 20, 2014: 10, 2015: 17, 2016: 29, 2017: 41, 2018: 46, 2019: 50, 2020: 61, 2021: 82, 2022: 135, 2023: 77, 2024: 83, 2025: 9}
2026-08-29 21:23:54,095 | INFO    |   LR  AUC=0.946 AP=0.860 Brier=0.094
2026-08-29 21:23:54,789 | INFO    |   GAM AUC=0.949 AP=0.872 Brier=0.090
2026-08-29 21:24:35,998 | INFO    |   RF  AUC=0.958 AP=0.892 Brier=0.071
2026-08-29 21:24:35,999 | INFO    | === set_A | MC 73/100 | seed=172 ===
2026-08-29 21:24:37,973 | INFO    |   split agrupado | SU train=292 | SU test=74
2026-08-29 21:24:37,975 | INFO    |   ausencias por año: {2010: 6, 2011: 29, 2012: 18, 2013: 19, 2014: 28, 2015: 14, 2016: 27, 2017: 45, 2018: 44, 2019: 36, 2020: 55, 2021: 91, 2022: 109, 2023: 105, 2024: 94, 2025: 12}
2026-08-29 21:24:38,641 | INFO    |   LR  AUC=0.941 AP=0.890 Brier=0.097
2026-08-29 21:24:39,488 | INFO    |   GAM AUC=0.947 AP=0.903 Brier=0.091
2026-08-29 21:25:21,634 | INFO    |   RF  AUC=0.935 AP=0.898 Brier=0.083
2026-08-29 21:25:21,635 | INFO    | === set_A | MC 74/100 | seed=173 ===
2026-08-29 21:25:23,610 | INFO    |   split agrupado | SU train=292 | SU test=74
2026-08-29 21:25:23,611 | INFO    |   ausencias por año: {2010: 7, 2011: 33, 2012: 13, 2013: 20, 2014: 12, 2015: 12, 2016: 28, 2017: 50, 2018: 39, 2019: 36, 2020: 62, 2021: 106, 2022: 124, 2023: 93, 2024: 81, 2025: 16}
2026-08-29 21:25:24,272 | INFO    |   LR  AUC=0.931 AP=0.866 Brier=0.095
2026-08-29 21:25:25,116 | INFO    |   GAM AUC=0.937 AP=0.880 Brier=0.090
2026-08-29 21:26:03,849 | INFO    |   RF  AUC=0.940 AP=0.873 Brier=0.084
2026-08-29 21:26:03,849 | INFO    | === set_A | MC 75/100 | seed=174 ===
2026-08-29 21:26:05,871 | INFO    |   split agrupado | SU train=292 | SU test=74
2026-08-29 21:26:05,873 | INFO    |   ausencias por año: {2010: 9, 2011: 43, 2012: 13, 2013: 17, 2014: 16, 2015: 13, 2016: 28, 2017: 41, 2018: 47, 2019: 43, 2020: 72, 2021: 98, 2022: 103, 2023: 86, 2024: 90, 2025: 13}
2026-08-29 21:26:06,527 | INFO    |   LR  AUC=0.958 AP=0.921 Brier=0.073
2026-08-29 21:26:07,472 | INFO    |   GAM AUC=0.961 AP=0.927 Brier=0.069
2026-08-29 21:26:50,013 | INFO    |   RF  AUC=0.954 AP=0.912 Brier=0.066
2026-08-29 21:26:50,014 | INFO    | === set_A | MC 76/100 | seed=175 ===
2026-08-29 21:26:52,021 | INFO    |   split agrupado | SU train=292 | SU test=74
2026-08-29 21:26:52,023 | INFO    |   ausencias por año: {2010: 8, 2011: 27, 2012: 18, 2013: 20, 2014: 12, 2015: 14, 2016: 26, 2017: 41, 2018: 44, 2019: 55, 2020: 63, 2021: 103, 2022: 123, 2023: 81, 2024: 86, 2025: 11}
2026-08-29 21:26:52,668 | INFO    |   LR  AUC=0.963 AP=0.919 Brier=0.074
2026-08-29 21:26:53,511 | INFO    |   GAM AUC=0.962 AP=0.916 Brier=0.076
2026-08-29 21:27:34,686 | INFO    |   RF  AUC=0.950 AP=0.885 Brier=0.082
2026-08-29 21:27:34,687 | INFO    | === set_A | MC 77/100 | seed=176 ===
2026-08-29 21:27:36,809 | INFO    |   split agrupado | SU train=292 | SU test=74
2026-08-29 21:27:36,811 | INFO    |   ausencias por año: {2010: 9, 2011: 42, 2012: 18, 2013: 18, 2014: 20, 2015: 19, 2016: 17, 2017: 31, 2018: 35, 2019: 50, 2020: 54, 2021: 90, 2022: 122, 2023: 101, 2024: 96, 2025: 10}
2026-08-29 21:27:37,453 | INFO    |   LR  AUC=0.950 AP=0.914 Brier=0.086
2026-08-29 21:27:38,286 | INFO    |   GAM AUC=0.956 AP=0.921 Brier=0.082
2026-08-29 21:28:21,239 | INFO    |   RF  AUC=0.949 AP=0.908 Brier=0.084
2026-08-29 21:28:21,239 | INFO    | === set_A | MC 78/100 | seed=177 ===
2026-08-29 21:28:23,216 | INFO    |   split agrupado | SU train=292 | SU test=74
2026-08-29 21:28:23,217 | INFO    |   ausencias por año: {2010: 5, 2011: 39, 2012: 17, 2013: 25, 2014: 11, 2015: 26, 2016: 19, 2017: 52, 2018: 28, 2019: 40, 2020: 69, 2021: 95, 2022: 133, 2023: 90, 2024: 74, 2025: 9}
2026-08-29 21:28:23,875 | INFO    |   LR  AUC=0.953 AP=0.896 Brier=0.079
2026-08-29 21:28:24,722 | INFO    |   GAM AUC=0.954 AP=0.887 Brier=0.078
2026-08-29 21:29:07,847 | INFO    |   RF  AUC=0.953 AP=0.920 Brier=0.069
2026-08-29 21:29:07,848 | INFO    | === set_A | MC 79/100 | seed=178 ===
2026-08-29 21:29:09,698 | INFO    |   split agrupado | SU train=292 | SU test=74
2026-08-29 21:29:09,700 | INFO    |   ausencias por año: {2010: 7, 2011: 35, 2012: 14, 2013: 16, 2014: 16, 2015: 21, 2016: 26, 2017: 43, 2018: 55, 2019: 41, 2020: 64, 2021: 82, 2022: 118, 2023: 90, 2024: 93, 2025: 11}
2026-08-29 21:29:10,266 | INFO    |   LR  AUC=0.938 AP=0.865 Brier=0.098
2026-08-29 21:29:11,023 | INFO    |   GAM AUC=0.944 AP=0.882 Brier=0.091
2026-08-29 21:29:52,197 | INFO    |   RF  AUC=0.956 AP=0.899 Brier=0.071
2026-08-29 21:29:52,198 | INFO    | === set_A | MC 80/100 | seed=179 ===
2026-08-29 21:29:54,197 | INFO    |   split agrupado | SU train=292 | SU test=74
2026-08-29 21:29:54,199 | INFO    |   ausencias por año: {2010: 7, 2011: 32, 2012: 17, 2013: 20, 2014: 16, 2015: 19, 2016: 18, 2017: 45, 2018: 51, 2019: 51, 2020: 56, 2021: 101, 2022: 120, 2023: 80, 2024: 87, 2025: 12}
2026-08-29 21:29:54,865 | INFO    |   LR  AUC=0.956 AP=0.906 Brier=0.078
2026-08-29 21:29:55,730 | INFO    |   GAM AUC=0.959 AP=0.913 Brier=0.074
2026-08-29 21:30:32,963 | INFO    |   RF  AUC=0.969 AP=0.925 Brier=0.063
2026-08-29 21:30:32,963 | INFO    | === set_A | MC 81/100 | seed=180 ===
2026-08-29 21:30:35,074 | INFO    |   split agrupado | SU train=292 | SU test=74
2026-08-29 21:30:35,077 | INFO    |   ausencias por año: {2010: 11, 2011: 27, 2012: 17, 2013: 28, 2014: 23, 2015: 21, 2016: 22, 2017: 45, 2018: 45, 2019: 39, 2020: 57, 2021: 96, 2022: 118, 2023: 75, 2024: 98, 2025: 10}
2026-08-29 21:30:35,780 | INFO    |   LR  AUC=0.962 AP=0.917 Brier=0.078
2026-08-29 21:30:36,628 | INFO    |   GAM AUC=0.960 AP=0.913 Brier=0.078
2026-08-29 21:31:15,900 | INFO    |   RF  AUC=0.948 AP=0.895 Brier=0.071
2026-08-29 21:31:15,901 | INFO    | === set_A | MC 82/100 | seed=181 ===
2026-08-29 21:31:17,865 | INFO    |   split agrupado | SU train=292 | SU test=74
2026-08-29 21:31:17,866 | INFO    |   ausencias por año: {2010: 6, 2011: 31, 2012: 15, 2013: 19, 2014: 18, 2015: 22, 2016: 21, 2017: 43, 2018: 39, 2019: 45, 2020: 62, 2021: 83, 2022: 128, 2023: 90, 2024: 90, 2025: 20}
2026-08-29 21:31:18,536 | INFO    |   LR  AUC=0.955 AP=0.894 Brier=0.081
2026-08-29 21:31:19,360 | INFO    |   GAM AUC=0.956 AP=0.895 Brier=0.078
2026-08-29 21:32:02,891 | INFO    |   RF  AUC=0.948 AP=0.868 Brier=0.071
2026-08-29 21:32:02,892 | INFO    | === set_A | MC 83/100 | seed=182 ===
2026-08-29 21:32:04,907 | INFO    |   split agrupado | SU train=292 | SU test=74
2026-08-29 21:32:04,909 | INFO    |   ausencias por año: {2010: 7, 2011: 42, 2012: 17, 2013: 19, 2014: 14, 2015: 15, 2016: 21, 2017: 36, 2018: 39, 2019: 41, 2020: 56, 2021: 95, 2022: 133, 2023: 93, 2024: 97, 2025: 7}
2026-08-29 21:32:05,562 | INFO    |   LR  AUC=0.941 AP=0.882 Brier=0.093
2026-08-29 21:32:06,391 | INFO    |   GAM AUC=0.943 AP=0.885 Brier=0.092
2026-08-29 21:32:47,633 | INFO    |   RF  AUC=0.939 AP=0.860 Brier=0.084
2026-08-29 21:32:47,633 | INFO    | === set_A | MC 84/100 | seed=183 ===
2026-08-29 21:32:49,470 | INFO    |   split agrupado | SU train=292 | SU test=74
2026-08-29 21:32:49,517 | INFO    |   ausencias por año: {2010: 9, 2011: 32, 2012: 16, 2013: 23, 2014: 8, 2015: 18, 2016: 22, 2017: 40, 2018: 46, 2019: 49, 2020: 64, 2021: 85, 2022: 126, 2023: 86, 2024: 95, 2025: 13}
2026-08-29 21:32:50,054 | INFO    |   LR  AUC=0.960 AP=0.925 Brier=0.081
2026-08-29 21:32:50,910 | INFO    |   GAM AUC=0.961 AP=0.926 Brier=0.079
2026-08-29 21:33:32,956 | INFO    |   RF  AUC=0.937 AP=0.884 Brier=0.085
2026-08-29 21:33:32,956 | INFO    | === set_A | MC 85/100 | seed=184 ===
2026-08-29 21:33:34,972 | INFO    |   split agrupado | SU train=292 | SU test=74
2026-08-29 21:33:34,974 | INFO    |   ausencias por año: {2010: 11, 2011: 35, 2012: 20, 2013: 16, 2014: 9, 2015: 20, 2016: 29, 2017: 56, 2018: 40, 2019: 36, 2020: 49, 2021: 93, 2022: 128, 2023: 89, 2024: 90, 2025: 11}
2026-08-29 21:33:35,622 | INFO    |   LR  AUC=0.949 AP=0.891 Brier=0.097
2026-08-29 21:33:36,468 | INFO    |   GAM AUC=0.952 AP=0.901 Brier=0.093
2026-08-29 21:34:18,127 | INFO    |   RF  AUC=0.954 AP=0.907 Brier=0.075
2026-08-29 21:34:18,128 | INFO    | === set_A | MC 86/100 | seed=185 ===
2026-08-29 21:34:20,111 | INFO    |   split agrupado | SU train=292 | SU test=74
2026-08-29 21:34:20,113 | INFO    |   ausencias por año: {2010: 10, 2011: 40, 2012: 24, 2013: 25, 2014: 17, 2015: 17, 2016: 20, 2017: 45, 2018: 32, 2019: 41, 2020: 47, 2021: 77, 2022: 133, 2023: 97, 2024: 103, 2025: 4}
2026-08-29 21:34:20,759 | INFO    |   LR  AUC=0.983 AP=0.964 Brier=0.057
2026-08-29 21:34:21,585 | INFO    |   GAM AUC=0.983 AP=0.963 Brier=0.056
2026-08-29 21:35:03,088 | INFO    |   RF  AUC=0.985 AP=0.966 Brier=0.046
2026-08-29 21:35:03,089 | INFO    | === set_A | MC 87/100 | seed=186 ===
2026-08-29 21:35:05,108 | INFO    |   split agrupado | SU train=292 | SU test=74
2026-08-29 21:35:05,110 | INFO    |   ausencias por año: {2010: 8, 2011: 30, 2012: 15, 2013: 23, 2014: 22, 2015: 20, 2016: 27, 2017: 35, 2018: 31, 2019: 52, 2020: 54, 2021: 97, 2022: 123, 2023: 82, 2024: 98, 2025: 15}
2026-08-29 21:35:05,756 | INFO    |   LR  AUC=0.963 AP=0.934 Brier=0.075
2026-08-29 21:35:06,668 | INFO    |   GAM AUC=0.964 AP=0.934 Brier=0.072
2026-08-29 21:35:47,883 | INFO    |   RF  AUC=0.942 AP=0.889 Brier=0.074
2026-08-29 21:35:47,883 | INFO    | === set_A | MC 88/100 | seed=187 ===
2026-08-29 21:35:49,865 | INFO    |   split agrupado | SU train=292 | SU test=74
2026-08-29 21:35:49,867 | INFO    |   ausencias por año: {2010: 5, 2011: 28, 2012: 15, 2013: 25, 2014: 22, 2015: 24, 2016: 22, 2017: 40, 2018: 29, 2019: 34, 2020: 62, 2021: 91, 2022: 143, 2023: 85, 2024: 92, 2025: 15}
2026-08-29 21:35:50,528 | INFO    |   LR  AUC=0.966 AP=0.929 Brier=0.078
2026-08-29 21:35:51,384 | INFO    |   GAM AUC=0.967 AP=0.929 Brier=0.077
2026-08-29 21:36:31,564 | INFO    |   RF  AUC=0.963 AP=0.918 Brier=0.071
2026-08-29 21:36:31,565 | INFO    | === set_A | MC 89/100 | seed=188 ===
2026-08-29 21:36:33,624 | INFO    |   split agrupado | SU train=292 | SU test=74
2026-08-29 21:36:33,626 | INFO    |   ausencias por año: {2010: 12, 2011: 37, 2012: 18, 2013: 22, 2014: 11, 2015: 22, 2016: 26, 2017: 36, 2018: 34, 2019: 43, 2020: 61, 2021: 91, 2022: 119, 2023: 92, 2024: 95, 2025: 13}
2026-08-29 21:36:34,283 | INFO    |   LR  AUC=0.945 AP=0.881 Brier=0.093
2026-08-29 21:36:35,115 | INFO    |   GAM AUC=0.948 AP=0.886 Brier=0.090
2026-08-29 21:37:17,205 | INFO    |   RF  AUC=0.939 AP=0.876 Brier=0.091
2026-08-29 21:37:17,206 | INFO    | === set_A | MC 90/100 | seed=189 ===
2026-08-29 21:37:19,186 | INFO    |   split agrupado | SU train=292 | SU test=74
2026-08-29 21:37:19,188 | INFO    |   ausencias por año: {2010: 13, 2011: 33, 2012: 17, 2013: 17, 2014: 19, 2015: 12, 2016: 20, 2017: 39, 2018: 46, 2019: 56, 2020: 60, 2021: 91, 2022: 125, 2023: 100, 2024: 74, 2025: 10}
2026-08-29 21:37:19,841 | INFO    |   LR  AUC=0.949 AP=0.874 Brier=0.095
2026-08-29 21:37:20,673 | INFO    |   GAM AUC=0.953 AP=0.879 Brier=0.091
2026-08-29 21:38:03,512 | INFO    |   RF  AUC=0.947 AP=0.851 Brier=0.079
2026-08-29 21:38:03,512 | INFO    | === set_A | MC 91/100 | seed=190 ===
2026-08-29 21:38:05,258 | INFO    |   split agrupado | SU train=292 | SU test=74
2026-08-29 21:38:05,260 | INFO    |   ausencias por año: {2010: 10, 2011: 25, 2012: 10, 2013: 23, 2014: 11, 2015: 14, 2016: 20, 2017: 43, 2018: 54, 2019: 45, 2020: 58, 2021: 85, 2022: 114, 2023: 98, 2024: 108, 2025: 14}
2026-08-29 21:38:05,839 | INFO    |   LR  AUC=0.949 AP=0.875 Brier=0.088
2026-08-29 21:38:06,511 | INFO    |   GAM AUC=0.950 AP=0.884 Brier=0.087
2026-08-29 21:38:48,334 | INFO    |   RF  AUC=0.934 AP=0.860 Brier=0.094
2026-08-29 21:38:48,335 | INFO    | === set_A | MC 92/100 | seed=191 ===
2026-08-29 21:38:50,324 | INFO    |   split agrupado | SU train=292 | SU test=74
2026-08-29 21:38:50,326 | INFO    |   ausencias por año: {2010: 5, 2011: 44, 2012: 23, 2013: 23, 2014: 21, 2015: 16, 2016: 13, 2017: 33, 2018: 35, 2019: 50, 2020: 57, 2021: 86, 2022: 118, 2023: 94, 2024: 104, 2025: 10}
2026-08-29 21:38:50,981 | INFO    |   LR  AUC=0.946 AP=0.879 Brier=0.097
2026-08-29 21:38:51,832 | INFO    |   GAM AUC=0.946 AP=0.876 Brier=0.095
2026-08-29 21:39:35,082 | INFO    |   RF  AUC=0.949 AP=0.846 Brier=0.079
2026-08-29 21:39:35,083 | INFO    | === set_A | MC 93/100 | seed=192 ===
2026-08-29 21:39:37,068 | INFO    |   split agrupado | SU train=292 | SU test=74
2026-08-29 21:39:37,070 | INFO    |   ausencias por año: {2010: 5, 2011: 30, 2012: 21, 2013: 19, 2014: 23, 2015: 14, 2016: 30, 2017: 37, 2018: 47, 2019: 31, 2020: 55, 2021: 97, 2022: 117, 2023: 101, 2024: 90, 2025: 15}
2026-08-29 21:39:37,717 | INFO    |   LR  AUC=0.942 AP=0.885 Brier=0.089
2026-08-29 21:39:38,554 | INFO    |   GAM AUC=0.945 AP=0.889 Brier=0.087
2026-08-29 21:40:15,977 | INFO    |   RF  AUC=0.945 AP=0.892 Brier=0.082
2026-08-29 21:40:15,977 | INFO    | === set_A | MC 94/100 | seed=193 ===
2026-08-29 21:40:18,057 | INFO    |   split agrupado | SU train=292 | SU test=74
2026-08-29 21:40:18,059 | INFO    |   ausencias por año: {2010: 10, 2011: 31, 2012: 15, 2013: 20, 2014: 13, 2015: 23, 2016: 21, 2017: 41, 2018: 44, 2019: 41, 2020: 63, 2021: 79, 2022: 122, 2023: 113, 2024: 85, 2025: 11}
2026-08-29 21:40:18,759 | INFO    |   LR  AUC=0.936 AP=0.857 Brier=0.099
2026-08-29 21:40:19,636 | INFO    |   GAM AUC=0.941 AP=0.859 Brier=0.095
2026-08-29 21:41:00,796 | INFO    |   RF  AUC=0.947 AP=0.877 Brier=0.087
2026-08-29 21:41:00,797 | INFO    | === set_A | MC 95/100 | seed=194 ===
2026-08-29 21:41:02,861 | INFO    |   split agrupado | SU train=292 | SU test=74
2026-08-29 21:41:02,863 | INFO    |   ausencias por año: {2010: 14, 2011: 32, 2012: 13, 2013: 29, 2014: 16, 2015: 21, 2016: 20, 2017: 41, 2018: 49, 2019: 45, 2020: 57, 2021: 84, 2022: 110, 2023: 93, 2024: 94, 2025: 14}
2026-08-29 21:41:03,536 | INFO    |   LR  AUC=0.916 AP=0.836 Brier=0.111
2026-08-29 21:41:04,443 | INFO    |   GAM AUC=0.920 AP=0.838 Brier=0.108
2026-08-29 21:41:44,367 | INFO    |   RF  AUC=0.924 AP=0.852 Brier=0.101
2026-08-29 21:41:44,368 | INFO    | === set_A | MC 96/100 | seed=195 ===
2026-08-29 21:41:46,353 | INFO    |   split agrupado | SU train=292 | SU test=74
2026-08-29 21:41:46,355 | INFO    |   ausencias por año: {2010: 12, 2011: 28, 2012: 18, 2013: 22, 2014: 23, 2015: 28, 2016: 20, 2017: 38, 2018: 47, 2019: 37, 2020: 72, 2021: 83, 2022: 133, 2023: 81, 2024: 77, 2025: 13}
2026-08-29 21:41:47,029 | INFO    |   LR  AUC=0.958 AP=0.922 Brier=0.077
2026-08-29 21:41:47,868 | INFO    |   GAM AUC=0.960 AP=0.925 Brier=0.075
2026-08-29 21:42:30,845 | INFO    |   RF  AUC=0.961 AP=0.922 Brier=0.066
2026-08-29 21:42:30,845 | INFO    | === set_A | MC 97/100 | seed=196 ===
2026-08-29 21:42:32,871 | INFO    |   split agrupado | SU train=292 | SU test=74
2026-08-29 21:42:32,873 | INFO    |   ausencias por año: {2010: 9, 2011: 39, 2012: 16, 2013: 22, 2014: 18, 2015: 18, 2016: 25, 2017: 44, 2018: 48, 2019: 38, 2020: 68, 2021: 87, 2022: 117, 2023: 84, 2024: 86, 2025: 13}
2026-08-29 21:42:33,557 | INFO    |   LR  AUC=0.949 AP=0.872 Brier=0.091
2026-08-29 21:42:34,494 | INFO    |   GAM AUC=0.951 AP=0.871 Brier=0.090
2026-08-29 21:43:17,367 | INFO    |   RF  AUC=0.943 AP=0.875 Brier=0.082
2026-08-29 21:43:17,368 | INFO    | === set_A | MC 98/100 | seed=197 ===
2026-08-29 21:43:19,354 | INFO    |   split agrupado | SU train=292 | SU test=74
2026-08-29 21:43:19,356 | INFO    |   ausencias por año: {2010: 8, 2011: 33, 2012: 17, 2013: 23, 2014: 18, 2015: 10, 2016: 24, 2017: 39, 2018: 48, 2019: 50, 2020: 49, 2021: 102, 2022: 117, 2023: 85, 2024: 94, 2025: 15}
2026-08-29 21:43:19,894 | INFO    |   LR  AUC=0.939 AP=0.875 Brier=0.087
2026-08-29 21:43:20,594 | INFO    |   GAM AUC=0.943 AP=0.880 Brier=0.084
2026-08-29 21:44:02,549 | INFO    |   RF  AUC=0.942 AP=0.868 Brier=0.074
2026-08-29 21:44:02,550 | INFO    | === set_A | MC 99/100 | seed=198 ===
2026-08-29 21:44:04,588 | INFO    |   split agrupado | SU train=292 | SU test=74
2026-08-29 21:44:04,590 | INFO    |   ausencias por año: {2010: 10, 2011: 29, 2012: 17, 2013: 22, 2014: 14, 2015: 22, 2016: 27, 2017: 34, 2018: 48, 2019: 50, 2020: 57, 2021: 88, 2022: 125, 2023: 87, 2024: 86, 2025: 16}
2026-08-29 21:44:05,252 | INFO    |   LR  AUC=0.952 AP=0.894 Brier=0.080
2026-08-29 21:44:06,080 | INFO    |   GAM AUC=0.956 AP=0.904 Brier=0.075
2026-08-29 21:44:49,818 | INFO    |   RF  AUC=0.953 AP=0.892 Brier=0.069
2026-08-29 21:44:49,818 | INFO    | === set_A | MC 100/100 | seed=199 ===
2026-08-29 21:44:51,806 | INFO    |   split agrupado | SU train=292 | SU test=74
2026-08-29 21:44:51,807 | INFO    |   ausencias por año: {2010: 6, 2011: 32, 2012: 14, 2013: 15, 2014: 18, 2015: 23, 2016: 28, 2017: 48, 2018: 41, 2019: 43, 2020: 69, 2021: 82, 2022: 114, 2023: 94, 2024: 94, 2025: 11}
2026-08-29 21:44:52,488 | INFO    |   LR  AUC=0.965 AP=0.929 Brier=0.077
2026-08-29 21:44:53,317 | INFO    |   GAM AUC=0.967 AP=0.932 Brier=0.073
2026-08-29 21:45:32,824 | INFO    |   RF  AUC=0.971 AP=0.939 Brier=0.065
2026-08-29 21:45:32,989 | INFO    | RESUMEN set_A (AUROC):
       median    mean     std
model                        
GAM    0.9509  0.9517  0.0139
LR     0.9487  0.9494  0.0144
RF     0.9483  0.9486  0.0145
2026-08-29 21:45:32,989 | INFO    | === set_A LISTO ===
