2026-08-26 23:13:31,644 | INFO    | ======================================================================
2026-08-26 23:13:31,645 | INFO    | INICIO set_B: 2026-08-26T23:13:31
2026-08-26 23:14:10,533 | INFO    | Slope units: 61167 | filas evento: 492
2026-08-26 23:15:46,028 | INFO    | SU ausencia elegibles (>200 m de un evento): 54540 de 60675
2026-08-26 23:15:46,193 | INFO    |   Est.    1: 2010-01-12 -> 2026-03-18 |  94.0% con dato | 1985 duplicados
2026-08-26 23:15:46,318 | INFO    |   Est.    2: 2010-01-01 -> 2026-03-18 |  90.7% con dato | 249 duplicados
2026-08-26 23:15:46,451 | INFO    |   Est.    3: 2010-01-01 -> 2026-03-18 |  89.5% con dato | 1991 duplicados
2026-08-26 23:15:46,582 | INFO    |   Est.    4: 2010-01-01 -> 2026-03-18 |  84.2% con dato | 1972 duplicados
2026-08-26 23:15:46,720 | INFO    |   Est.    5: 2010-01-01 -> 2026-03-18 |  95.7% con dato | 1991 duplicados
2026-08-26 23:15:46,853 | INFO    |   Est.    7: 2010-01-01 -> 2026-03-18 |  90.6% con dato | 1991 duplicados
2026-08-26 23:15:46,988 | INFO    |   Est.    8: 2010-01-01 -> 2026-03-18 |  89.8% con dato | 1980 duplicados
2026-08-26 23:15:47,120 | INFO    |   Est.    9: 2010-01-01 -> 2026-03-18 |  90.4% con dato | 1990 duplicados
2026-08-26 23:15:47,253 | INFO    |   Est.   10: 2010-01-01 -> 2026-03-18 |  90.8% con dato | 1990 duplicados
2026-08-26 23:15:47,384 | INFO    |   Est.   11: 2010-01-04 -> 2026-03-18 |  89.4% con dato | 1991 duplicados
2026-08-26 23:15:47,515 | INFO    |   Est.   12: 2010-01-01 -> 2026-03-18 |  91.8% con dato | 1972 duplicados
2026-08-26 23:15:47,650 | INFO    |   Est.   14: 2010-01-01 -> 2026-03-18 |  89.7% con dato | 1991 duplicados
2026-08-26 23:15:47,781 | INFO    |   Est.   15: 2010-01-01 -> 2026-03-18 |  92.8% con dato | 1991 duplicados
2026-08-26 23:15:47,917 | INFO    |   Est.   16: 2010-01-01 -> 2026-03-18 |  92.0% con dato | 1991 duplicados
2026-08-26 23:15:48,049 | INFO    |   Est.   17: 2010-01-28 -> 2026-03-18 |  93.5% con dato | 1991 duplicados
2026-08-26 23:15:48,181 | INFO    |   Est.   18: 2010-01-11 -> 2026-03-18 |  91.1% con dato | 1991 duplicados
2026-08-26 23:15:48,313 | INFO    |   Est.   19: 2010-01-11 -> 2026-03-18 |  93.5% con dato | 1991 duplicados
2026-08-26 23:15:48,450 | INFO    |   Est.   20: 2010-01-12 -> 2026-03-18 |  88.5% con dato | 1991 duplicados
2026-08-26 23:15:48,582 | INFO    |   Est.   21: 2010-01-11 -> 2026-03-18 |  91.3% con dato | 1990 duplicados
2026-08-26 23:15:48,714 | INFO    |   Est.   22: 2010-01-14 -> 2026-03-18 |  91.0% con dato | 1991 duplicados
2026-08-26 23:15:48,848 | INFO    |   Est.   23: 2010-01-10 -> 2026-03-18 |  93.5% con dato | 1973 duplicados
2026-08-26 23:15:48,976 | INFO    |   Est.   24: 2010-01-18 -> 2026-03-18 |  92.4% con dato | 1991 duplicados
2026-08-26 23:15:49,096 | INFO    |   Est.   25: 2010-01-18 -> 2026-01-07 |  77.2% con dato | 1 duplicados
2026-08-26 23:15:49,224 | INFO    |   Est.   26: 2010-01-04 -> 2026-03-18 |  83.2% con dato | 1990 duplicados
2026-08-26 23:15:49,332 | INFO    |   Est.   27: 2010-01-18 -> 2024-07-12 |  82.7% con dato | 0 duplicados
2026-08-26 23:15:49,455 | INFO    |   Est.   28: 2010-01-18 -> 2026-03-18 |  86.4% con dato | 1991 duplicados
2026-08-26 23:15:49,578 | INFO    |   Est.   29: 2010-01-18 -> 2026-03-18 |  91.9% con dato | 1991 duplicados
2026-08-26 23:15:49,699 | INFO    |   Est.   30: 2010-01-01 -> 2026-03-18 |  90.4% con dato | 1991 duplicados
2026-08-26 23:15:49,825 | INFO    |   Est.   31: 2010-01-06 -> 2026-03-18 |  87.5% con dato | 1991 duplicados
2026-08-26 23:15:49,948 | INFO    |   Est.   32: 2010-01-06 -> 2026-03-18 |  86.0% con dato | 1991 duplicados
2026-08-26 23:15:50,070 | INFO    |   Est.   33: 2010-01-28 -> 2026-03-18 |  87.2% con dato | 1991 duplicados
2026-08-26 23:15:50,192 | INFO    |   Est.   34: 2010-01-10 -> 2026-03-18 |  88.7% con dato | 1991 duplicados
2026-08-26 23:15:50,318 | INFO    |   Est.   35: 2010-01-28 -> 2026-03-18 |  93.8% con dato | 1991 duplicados
2026-08-26 23:15:50,439 | INFO    |   Est.   36: 2010-03-26 -> 2026-03-18 |  92.6% con dato | 1991 duplicados
2026-08-26 23:15:50,562 | INFO    |   Est.   37: 2010-01-28 -> 2026-03-18 |  89.5% con dato | 1991 duplicados
2026-08-26 23:15:50,685 | INFO    |   Est.   39: 2010-01-28 -> 2026-03-18 |  91.0% con dato | 1991 duplicados
2026-08-26 23:15:50,808 | INFO    |   Est.   40: 2010-02-05 -> 2026-03-18 |  92.2% con dato | 1989 duplicados
2026-08-26 23:15:50,934 | INFO    |   Est.   41: 2010-01-28 -> 2026-03-18 |  92.7% con dato | 1991 duplicados
2026-08-26 23:15:51,057 | INFO    |   Est.   42: 2010-02-05 -> 2026-03-18 |  88.9% con dato | 1991 duplicados
2026-08-26 23:15:51,177 | INFO    |   Est.   43: 2010-05-03 -> 2026-03-18 |  86.2% con dato | 1991 duplicados
2026-08-26 23:15:51,309 | INFO    |   Est.   44: 2010-04-19 -> 2026-03-18 |  83.2% con dato | 1991 duplicados
2026-08-26 23:15:51,430 | INFO    |   Est.   45: 2010-05-05 -> 2026-03-18 |  88.0% con dato | 1991 duplicados
2026-08-26 23:15:51,543 | INFO    |   Est.   46: 2010-04-28 -> 2025-05-06 |  92.9% con dato | 966 duplicados
2026-08-26 23:15:51,664 | INFO    |   Est.   47: 2010-05-03 -> 2026-03-18 |  81.9% con dato | 1991 duplicados
2026-08-26 23:15:51,790 | INFO    |   Est.   48: 2010-05-14 -> 2026-03-18 |  93.3% con dato | 1972 duplicados
2026-08-26 23:15:51,910 | INFO    |   Est.   49: 2010-09-08 -> 2026-03-18 |  85.3% con dato | 1991 duplicados
2026-08-26 23:15:52,088 | INFO    |   Est.   50: 2011-02-09 -> 2026-03-18 |  88.9% con dato | 1991 duplicados
2026-08-26 23:15:52,208 | INFO    |   Est.   51: 2011-01-17 -> 2026-03-18 |  87.8% con dato | 1972 duplicados
2026-08-26 23:15:52,323 | INFO    |   Est.   52: 2011-03-01 -> 2026-03-18 |  79.8% con dato | 1991 duplicados
2026-08-26 23:15:52,439 | INFO    |   Est.   53: 2011-01-11 -> 2026-03-18 |  92.8% con dato | 1991 duplicados
2026-08-26 23:15:52,555 | INFO    |   Est.   54: 2010-12-27 -> 2026-03-18 |  92.2% con dato | 1991 duplicados
2026-08-26 23:15:52,672 | INFO    |   Est.   55: 2010-11-04 -> 2026-03-18 |  82.7% con dato | 1991 duplicados
2026-08-26 23:15:52,785 | INFO    |   Est.   56: 2012-06-14 -> 2026-03-18 |  92.6% con dato | 1991 duplicados
2026-08-26 23:15:52,908 | INFO    |   Est.   57: 2012-03-23 -> 2026-03-18 |  89.5% con dato | 1985 duplicados
2026-08-26 23:15:53,027 | INFO    |   Est.   58: 2012-03-23 -> 2026-03-18 |  88.9% con dato | 1990 duplicados
2026-08-26 23:15:53,147 | INFO    |   Est.   60: 2012-01-01 -> 2026-03-18 |  89.7% con dato | 1991 duplicados
2026-08-26 23:15:53,265 | INFO    |   Est.   61: 2012-03-20 -> 2026-03-18 |  89.9% con dato | 1991 duplicados
2026-08-26 23:15:53,384 | INFO    |   Est.   62: 2012-03-07 -> 2026-03-18 |  88.8% con dato | 1900 duplicados
2026-08-26 23:15:53,496 | INFO    |   Est.   64: 2012-09-05 -> 2026-03-07 |  87.3% con dato | 1991 duplicados
2026-08-26 23:15:53,609 | INFO    |   Est.   65: 2012-08-09 -> 2026-03-18 |  90.5% con dato | 1990 duplicados
2026-08-26 23:15:53,725 | INFO    |   Est.   66: 2012-06-06 -> 2026-03-18 |  91.6% con dato | 1991 duplicados
2026-08-26 23:15:53,841 | INFO    |   Est.   70: 2012-06-25 -> 2026-03-18 |  93.8% con dato | 1972 duplicados
2026-08-26 23:15:53,953 | INFO    |   Est.   71: 2013-02-28 -> 2026-03-18 |  95.0% con dato | 1991 duplicados
2026-08-26 23:15:54,075 | INFO    |   Est.   72: 2012-06-25 -> 2026-03-18 |  91.0% con dato | 1991 duplicados
2026-08-26 23:15:54,188 | INFO    |   Est.   74: 2013-05-27 -> 2026-03-18 |  95.3% con dato | 1991 duplicados
2026-08-26 23:15:54,296 | INFO    |   Est.   76: 2013-07-02 -> 2026-03-18 |  94.8% con dato | 1991 duplicados
2026-08-26 23:15:54,402 | INFO    |   Est.   81: 2013-06-28 -> 2026-03-18 |  97.4% con dato | 1991 duplicados
2026-08-26 23:15:54,502 | INFO    |   Est.   88: 2013-11-14 -> 2026-03-18 |  93.4% con dato | 1991 duplicados
2026-08-26 23:15:54,594 | INFO    |   Est.   89: 2013-11-14 -> 2025-05-06 |  95.5% con dato | 525 duplicados
2026-08-26 23:15:54,685 | INFO    |   Est.  121: 2014-11-26 -> 2026-03-18 |  96.8% con dato | 1991 duplicados
2026-08-26 23:15:54,774 | INFO    |   Est.  127: 2015-04-10 -> 2026-03-18 |  92.8% con dato | 1990 duplicados
2026-08-26 23:15:54,860 | INFO    |   Est.  129: 2015-04-23 -> 2026-03-18 |  94.6% con dato | 1991 duplicados
2026-08-26 23:15:54,946 | INFO    |   Est.  146: 2015-08-18 -> 2026-03-18 |  95.8% con dato | 1991 duplicados
2026-08-26 23:15:55,034 | INFO    |   Est.  154: 2015-09-17 -> 2026-03-18 |  83.7% con dato | 1972 duplicados
2026-08-26 23:15:55,112 | INFO    |   Est.  171: 2016-01-01 -> 2026-03-18 |  80.4% con dato | 1979 duplicados
2026-08-26 23:15:55,193 | INFO    |   Est.  184: 2016-01-01 -> 2026-03-18 |  84.2% con dato | 1991 duplicados
2026-08-26 23:15:55,242 | INFO    |   Est.  189: 2018-08-18 -> 2025-03-30 |  95.5% con dato | 1 duplicados
2026-08-26 23:15:55,341 | INFO    |   Est.  193: 2017-07-18 -> 2026-03-18 |  97.6% con dato | 1991 duplicados
2026-08-26 23:15:55,451 | INFO    |   Est.  211: 2012-12-10 -> 2026-03-18 |  93.5% con dato | 1991 duplicados
2026-08-26 23:15:55,524 | INFO    |   Est.  230: 2017-08-31 -> 2026-03-18 |  97.2% con dato | 1991 duplicados
2026-08-26 23:15:55,591 | INFO    |   Est.  234: 2017-09-18 -> 2026-03-18 |  98.0% con dato | 1991 duplicados
2026-08-26 23:15:55,655 | INFO    |   Est.  241: 2017-10-20 -> 2026-03-18 |  91.7% con dato | 1991 duplicados
2026-08-26 23:15:55,722 | INFO    |   Est.  242: 2017-10-20 -> 2026-03-18 |  98.4% con dato | 1991 duplicados
2026-08-26 23:15:55,791 | INFO    |   Est.  244: 2017-10-28 -> 2026-03-18 |  97.4% con dato | 1991 duplicados
2026-08-26 23:15:55,851 | INFO    |   Est.  248: 2017-11-05 -> 2026-03-19 |  96.8% con dato | 0 duplicados
2026-08-26 23:15:55,920 | INFO    |   Est.  253: 2017-11-14 -> 2026-03-18 |  96.6% con dato | 1991 duplicados
2026-08-26 23:15:55,988 | INFO    |   Est.  261: 2017-12-01 -> 2026-03-18 |  95.4% con dato | 1991 duplicados
2026-08-26 23:15:56,044 | INFO    |   Est.  266: 2017-12-19 -> 2025-04-02 |  91.1% con dato | 1 duplicados
2026-08-26 23:15:56,108 | INFO    |   Est.  267: 2017-12-18 -> 2026-03-18 |  97.2% con dato | 1991 duplicados
2026-08-26 23:15:56,179 | INFO    |   Est.  274: 2018-01-19 -> 2026-03-18 |  98.4% con dato | 1991 duplicados
2026-08-26 23:15:56,245 | INFO    |   Est.  275: 2018-01-16 -> 2026-03-18 |  91.7% con dato | 1628 duplicados
2026-08-26 23:15:56,311 | INFO    |   Est.  278: 2018-01-31 -> 2026-03-18 |  96.0% con dato | 1991 duplicados
2026-08-26 23:15:56,375 | INFO    |   Est.  281: 2018-02-15 -> 2026-03-18 |  98.8% con dato | 1991 duplicados
2026-08-26 23:15:56,437 | INFO    |   Est.  288: 2018-03-21 -> 2026-03-18 |  97.1% con dato | 1991 duplicados
2026-08-26 23:15:56,502 | INFO    |   Est.  289: 2018-03-22 -> 2026-03-18 |  95.7% con dato | 1991 duplicados
2026-08-26 23:15:56,564 | INFO    |   Est.  295: 2018-04-23 -> 2026-03-18 |  95.3% con dato | 1991 duplicados
2026-08-26 23:15:56,628 | INFO    |   Est.  311: 2018-06-05 -> 2026-03-18 |  61.2% con dato | 1991 duplicados
2026-08-26 23:15:56,689 | INFO    |   Est.  320: 2018-06-27 -> 2026-03-18 |  97.0% con dato | 1991 duplicados
2026-08-26 23:15:56,752 | INFO    |   Est.  323: 2018-07-17 -> 2026-03-18 |  96.1% con dato | 1980 duplicados
2026-08-26 23:15:56,813 | INFO    |   Est.  324: 2018-07-17 -> 2026-03-18 |  95.1% con dato | 1991 duplicados
2026-08-26 23:15:56,877 | INFO    |   Est.  328: 2018-08-09 -> 2026-03-18 |  96.9% con dato | 1991 duplicados
2026-08-26 23:15:56,937 | INFO    |   Est.  334: 2018-09-18 -> 2026-03-18 |  96.0% con dato | 1991 duplicados
2026-08-26 23:15:56,997 | INFO    |   Est.  339: 2019-01-04 -> 2026-03-18 |  94.7% con dato | 1991 duplicados
2026-08-26 23:15:57,055 | INFO    |   Est.  352: 2019-02-01 -> 2026-03-18 |  97.7% con dato | 1991 duplicados
2026-08-26 23:15:57,116 | INFO    |   Est.  353: 2019-02-01 -> 2026-03-18 |  93.4% con dato | 1989 duplicados
2026-08-26 23:15:57,172 | INFO    |   Est.  356: 2019-03-18 -> 2026-03-18 |  98.3% con dato | 1989 duplicados
2026-08-26 23:15:57,229 | INFO    |   Est.  373: 2019-05-08 -> 2026-03-18 |  94.5% con dato | 1991 duplicados
2026-08-26 23:15:57,285 | INFO    |   Est.  376: 2019-05-15 -> 2026-03-18 |  98.0% con dato | 1991 duplicados
2026-08-26 23:15:57,342 | INFO    |   Est.  378: 2019-06-04 -> 2026-03-18 |  92.6% con dato | 1984 duplicados
2026-08-26 23:15:57,397 | INFO    |   Est.  383: 2019-06-14 -> 2026-03-18 |  96.6% con dato | 1991 duplicados
2026-08-26 23:15:57,448 | INFO    |   Est.  389: 2019-08-09 -> 2026-03-18 |  95.3% con dato | 1860 duplicados
2026-08-26 23:15:57,501 | INFO    |   Est.  392: 2019-09-09 -> 2026-03-18 |  96.7% con dato | 1991 duplicados
2026-08-26 23:15:57,552 | INFO    |   Est.  393: 2019-09-20 -> 2026-03-18 |  98.5% con dato | 1991 duplicados
2026-08-26 23:15:57,605 | INFO    |   Est.  394: 2019-09-20 -> 2026-03-18 |  95.9% con dato | 1991 duplicados
2026-08-26 23:15:57,654 | INFO    |   Est.  395: 2019-09-24 -> 2026-03-18 |  97.8% con dato | 1991 duplicados
2026-08-26 23:15:57,706 | INFO    |   Est.  418: 2019-12-26 -> 2026-03-18 |  94.9% con dato | 1991 duplicados
2026-08-26 23:15:57,755 | INFO    |   Est.  420: 2019-12-26 -> 2026-03-18 |  95.8% con dato | 1991 duplicados
2026-08-26 23:15:57,803 | INFO    |   Est.  421: 2020-01-14 -> 2026-03-18 |  98.4% con dato | 1991 duplicados
2026-08-26 23:15:57,854 | INFO    |   Est.  429: 2020-02-21 -> 2026-03-18 |  98.2% con dato | 1991 duplicados
2026-08-26 23:15:57,902 | INFO    |   Est.  432: 2020-02-27 -> 2026-03-18 |  98.5% con dato | 1990 duplicados
2026-08-26 23:15:57,953 | INFO    |   Est.  433: 2020-02-28 -> 2026-03-18 |  94.9% con dato | 1991 duplicados
2026-08-26 23:15:58,001 | INFO    |   Est.  434: 2020-03-03 -> 2026-03-18 |  97.8% con dato | 1991 duplicados
2026-08-26 23:15:58,048 | INFO    |   Est.  437: 2020-03-31 -> 2026-03-18 |  98.9% con dato | 1991 duplicados
2026-08-26 23:15:58,101 | INFO    |   Est.  445: 2020-05-11 -> 2026-03-18 |  87.6% con dato | 1991 duplicados
2026-08-26 23:15:58,148 | INFO    |   Est.  446: 2020-05-08 -> 2026-03-18 |  86.2% con dato | 1991 duplicados
2026-08-26 23:15:58,198 | INFO    |   Est.  447: 2020-05-11 -> 2026-03-18 |  98.9% con dato | 1991 duplicados
2026-08-26 23:15:58,242 | INFO    |   Est.  451: 2020-07-03 -> 2026-03-18 |  98.2% con dato | 1972 duplicados
2026-08-26 23:15:58,286 | INFO    |   Est.  456: 2020-07-31 -> 2026-03-18 |  96.5% con dato | 1991 duplicados
2026-08-26 23:15:58,331 | INFO    |   Est.  457: 2020-09-08 -> 2026-03-18 |  94.5% con dato | 1991 duplicados
2026-08-26 23:15:58,373 | INFO    |   Est.  481: 2020-12-18 -> 2026-03-18 |  97.8% con dato | 1991 duplicados
2026-08-26 23:15:58,412 | INFO    |   Est.  499: 2021-02-16 -> 2026-03-18 |  97.5% con dato | 1991 duplicados
2026-08-26 23:15:58,455 | INFO    |   Est.  515: 2021-03-12 -> 2026-03-18 |  97.4% con dato | 1990 duplicados
2026-08-26 23:15:58,494 | INFO    |   Est.  519: 2021-03-19 -> 2026-03-18 |  97.8% con dato | 1991 duplicados
2026-08-26 23:15:58,532 | INFO    |   Est.  539: 2021-06-24 -> 2026-03-18 |  92.0% con dato | 1991 duplicados
2026-08-26 23:15:58,570 | INFO    |   Est.  540: 2021-06-11 -> 2026-03-18 |  92.7% con dato | 1972 duplicados
2026-08-26 23:15:58,607 | INFO    |   Est.  543: 2021-06-29 -> 2026-03-18 |  98.6% con dato | 1989 duplicados
2026-08-26 23:15:58,643 | INFO    |   Est.  551: 2021-09-02 -> 2026-03-18 |  99.5% con dato | 1991 duplicados
2026-08-26 23:15:58,680 | INFO    |   Est.  558: 2021-09-29 -> 2026-03-18 |  99.3% con dato | 1989 duplicados
2026-08-26 23:15:58,711 | INFO    |   Est.  601: 2022-05-03 -> 2026-03-18 |  97.6% con dato | 1991 duplicados
2026-08-26 23:15:58,742 | INFO    |   Est.  607: 2022-06-08 -> 2026-03-18 |  95.5% con dato | 1990 duplicados
2026-08-26 23:15:58,768 | INFO    |   Est.  612: 2022-06-21 -> 2025-07-03 |  99.2% con dato | 1311 duplicados
2026-08-26 23:15:58,789 | INFO    |   Est.  619: 2022-06-29 -> 2025-05-06 |  94.4% con dato | 966 duplicados
2026-08-26 23:15:58,819 | INFO    |   Est.  636: 2022-11-16 -> 2026-03-18 |  98.7% con dato | 1991 duplicados
2026-08-26 23:15:58,820 | INFO    | Pluviómetros con serie: 143
2026-08-26 23:15:59,377 | INFO    | Distancia SU-pluvio ausencias (m): mediana=1959 | max=13027
2026-08-26 23:15:59,837 | INFO    |   filtro húmedo eventos: descartadas 102/492 (20.7%)
2026-08-26 23:15:59,857 | INFO    | Eventos tras filtros: 390
2026-08-26 23:16:00,237 | INFO    | Pluviómetros con fechas candidatas: 143
2026-08-26 23:16:00,538 | INFO    | === set_B | MC 1/100 | seed=100 ===
2026-08-26 23:16:01,683 | WARNING |   390 fechas de evento sin pool suficiente (pocas SU húmedas a >200 m ese día)
2026-08-26 23:16:01,684 | ERROR   | run 0 falló: 'Codigo_pluvio'
Traceback (most recent call last):
  File "/home/oisanchezp/Thesis/src/05_Chapter/mc_common.py", line 580, in run_montecarlo
    df = build_dataset(seed)
  File "mc_set_b.py", line 113, in build_dataset
    df_no = add_rain(df_no, cache, k_list=[1, 30])
  File "/home/oisanchezp/Thesis/src/05_Chapter/mc_common.py", line 387, in add_rain
    for cod, idxs in df.groupby("Codigo_pluvio").groups.items():
  File "/home/oisanchezp/geo_env/lib/python3.8/site-packages/pandas/core/frame.py", line 8252, in groupby
    return DataFrameGroupBy(
  File "/home/oisanchezp/geo_env/lib/python3.8/site-packages/pandas/core/groupby/groupby.py", line 931, in __init__
    grouper, exclusions, obj = get_grouper(
  File "/home/oisanchezp/geo_env/lib/python3.8/site-packages/pandas/core/groupby/grouper.py", line 985, in get_grouper
    raise KeyError(gpr)
KeyError: 'Codigo_pluvio'
2026-08-26 23:16:01,691 | INFO    | === set_B | MC 2/100 | seed=101 ===
2026-08-26 23:16:02,841 | WARNING |   390 fechas de evento sin pool suficiente (pocas SU húmedas a >200 m ese día)
2026-08-26 23:16:02,842 | ERROR   | run 1 falló: 'Codigo_pluvio'
Traceback (most recent call last):
  File "/home/oisanchezp/Thesis/src/05_Chapter/mc_common.py", line 580, in run_montecarlo
    df = build_dataset(seed)
  File "mc_set_b.py", line 113, in build_dataset
    df_no = add_rain(df_no, cache, k_list=[1, 30])
  File "/home/oisanchezp/Thesis/src/05_Chapter/mc_common.py", line 387, in add_rain
    for cod, idxs in df.groupby("Codigo_pluvio").groups.items():
  File "/home/oisanchezp/geo_env/lib/python3.8/site-packages/pandas/core/frame.py", line 8252, in groupby
    return DataFrameGroupBy(
  File "/home/oisanchezp/geo_env/lib/python3.8/site-packages/pandas/core/groupby/groupby.py", line 931, in __init__
    grouper, exclusions, obj = get_grouper(
  File "/home/oisanchezp/geo_env/lib/python3.8/site-packages/pandas/core/groupby/grouper.py", line 985, in get_grouper
    raise KeyError(gpr)
KeyError: 'Codigo_pluvio'
2026-08-26 23:16:02,843 | INFO    | === set_B | MC 3/100 | seed=102 ===
2026-08-26 23:16:04,006 | WARNING |   390 fechas de evento sin pool suficiente (pocas SU húmedas a >200 m ese día)
2026-08-26 23:16:04,007 | ERROR   | run 2 falló: 'Codigo_pluvio'
Traceback (most recent call last):
  File "/home/oisanchezp/Thesis/src/05_Chapter/mc_common.py", line 580, in run_montecarlo
    df = build_dataset(seed)
  File "mc_set_b.py", line 113, in build_dataset
    df_no = add_rain(df_no, cache, k_list=[1, 30])
  File "/home/oisanchezp/Thesis/src/05_Chapter/mc_common.py", line 387, in add_rain
    for cod, idxs in df.groupby("Codigo_pluvio").groups.items():
  File "/home/oisanchezp/geo_env/lib/python3.8/site-packages/pandas/core/frame.py", line 8252, in groupby
    return DataFrameGroupBy(
  File "/home/oisanchezp/geo_env/lib/python3.8/site-packages/pandas/core/groupby/groupby.py", line 931, in __init__
    grouper, exclusions, obj = get_grouper(
  File "/home/oisanchezp/geo_env/lib/python3.8/site-packages/pandas/core/groupby/grouper.py", line 985, in get_grouper
    raise KeyError(gpr)
KeyError: 'Codigo_pluvio'
2026-08-26 23:16:04,008 | INFO    | === set_B | MC 4/100 | seed=103 ===
2026-08-26 23:16:05,150 | WARNING |   390 fechas de evento sin pool suficiente (pocas SU húmedas a >200 m ese día)
2026-08-26 23:16:05,151 | ERROR   | run 3 falló: 'Codigo_pluvio'
Traceback (most recent call last):
  File "/home/oisanchezp/Thesis/src/05_Chapter/mc_common.py", line 580, in run_montecarlo
    df = build_dataset(seed)
  File "mc_set_b.py", line 113, in build_dataset
    df_no = add_rain(df_no, cache, k_list=[1, 30])
  File "/home/oisanchezp/Thesis/src/05_Chapter/mc_common.py", line 387, in add_rain
    for cod, idxs in df.groupby("Codigo_pluvio").groups.items():
  File "/home/oisanchezp/geo_env/lib/python3.8/site-packages/pandas/core/frame.py", line 8252, in groupby
    return DataFrameGroupBy(
  File "/home/oisanchezp/geo_env/lib/python3.8/site-packages/pandas/core/groupby/groupby.py", line 931, in __init__
    grouper, exclusions, obj = get_grouper(
  File "/home/oisanchezp/geo_env/lib/python3.8/site-packages/pandas/core/groupby/grouper.py", line 985, in get_grouper
    raise KeyError(gpr)
KeyError: 'Codigo_pluvio'
2026-08-26 23:16:05,151 | INFO    | === set_B | MC 5/100 | seed=104 ===
2026-08-26 23:16:06,273 | WARNING |   390 fechas de evento sin pool suficiente (pocas SU húmedas a >200 m ese día)
2026-08-26 23:16:06,274 | ERROR   | run 4 falló: 'Codigo_pluvio'
Traceback (most recent call last):
  File "/home/oisanchezp/Thesis/src/05_Chapter/mc_common.py", line 580, in run_montecarlo
    df = build_dataset(seed)
  File "mc_set_b.py", line 113, in build_dataset
    df_no = add_rain(df_no, cache, k_list=[1, 30])
  File "/home/oisanchezp/Thesis/src/05_Chapter/mc_common.py", line 387, in add_rain
    for cod, idxs in df.groupby("Codigo_pluvio").groups.items():
  File "/home/oisanchezp/geo_env/lib/python3.8/site-packages/pandas/core/frame.py", line 8252, in groupby
    return DataFrameGroupBy(
  File "/home/oisanchezp/geo_env/lib/python3.8/site-packages/pandas/core/groupby/groupby.py", line 931, in __init__
    grouper, exclusions, obj = get_grouper(
  File "/home/oisanchezp/geo_env/lib/python3.8/site-packages/pandas/core/groupby/grouper.py", line 985, in get_grouper
    raise KeyError(gpr)
KeyError: 'Codigo_pluvio'
2026-08-26 23:16:06,275 | INFO    | === set_B | MC 6/100 | seed=105 ===
2026-08-26 23:16:07,404 | WARNING |   390 fechas de evento sin pool suficiente (pocas SU húmedas a >200 m ese día)
2026-08-26 23:16:07,405 | ERROR   | run 5 falló: 'Codigo_pluvio'
Traceback (most recent call last):
  File "/home/oisanchezp/Thesis/src/05_Chapter/mc_common.py", line 580, in run_montecarlo
    df = build_dataset(seed)
  File "mc_set_b.py", line 113, in build_dataset
    df_no = add_rain(df_no, cache, k_list=[1, 30])
  File "/home/oisanchezp/Thesis/src/05_Chapter/mc_common.py", line 387, in add_rain
    for cod, idxs in df.groupby("Codigo_pluvio").groups.items():
  File "/home/oisanchezp/geo_env/lib/python3.8/site-packages/pandas/core/frame.py", line 8252, in groupby
    return DataFrameGroupBy(
  File "/home/oisanchezp/geo_env/lib/python3.8/site-packages/pandas/core/groupby/groupby.py", line 931, in __init__
    grouper, exclusions, obj = get_grouper(
  File "/home/oisanchezp/geo_env/lib/python3.8/site-packages/pandas/core/groupby/grouper.py", line 985, in get_grouper
    raise KeyError(gpr)
KeyError: 'Codigo_pluvio'
2026-08-26 23:16:07,406 | INFO    | === set_B | MC 7/100 | seed=106 ===
2026-08-26 23:16:08,542 | WARNING |   390 fechas de evento sin pool suficiente (pocas SU húmedas a >200 m ese día)
2026-08-26 23:16:08,543 | ERROR   | run 6 falló: 'Codigo_pluvio'
Traceback (most recent call last):
  File "/home/oisanchezp/Thesis/src/05_Chapter/mc_common.py", line 580, in run_montecarlo
    df = build_dataset(seed)
  File "mc_set_b.py", line 113, in build_dataset
    df_no = add_rain(df_no, cache, k_list=[1, 30])
  File "/home/oisanchezp/Thesis/src/05_Chapter/mc_common.py", line 387, in add_rain
    for cod, idxs in df.groupby("Codigo_pluvio").groups.items():
  File "/home/oisanchezp/geo_env/lib/python3.8/site-packages/pandas/core/frame.py", line 8252, in groupby
    return DataFrameGroupBy(
  File "/home/oisanchezp/geo_env/lib/python3.8/site-packages/pandas/core/groupby/groupby.py", line 931, in __init__
    grouper, exclusions, obj = get_grouper(
  File "/home/oisanchezp/geo_env/lib/python3.8/site-packages/pandas/core/groupby/grouper.py", line 985, in get_grouper
    raise KeyError(gpr)
KeyError: 'Codigo_pluvio'
2026-08-26 23:16:08,545 | INFO    | === set_B | MC 8/100 | seed=107 ===
2026-08-26 23:16:09,669 | WARNING |   390 fechas de evento sin pool suficiente (pocas SU húmedas a >200 m ese día)
2026-08-26 23:16:09,670 | ERROR   | run 7 falló: 'Codigo_pluvio'
Traceback (most recent call last):
  File "/home/oisanchezp/Thesis/src/05_Chapter/mc_common.py", line 580, in run_montecarlo
    df = build_dataset(seed)
  File "mc_set_b.py", line 113, in build_dataset
    df_no = add_rain(df_no, cache, k_list=[1, 30])
  File "/home/oisanchezp/Thesis/src/05_Chapter/mc_common.py", line 387, in add_rain
    for cod, idxs in df.groupby("Codigo_pluvio").groups.items():
  File "/home/oisanchezp/geo_env/lib/python3.8/site-packages/pandas/core/frame.py", line 8252, in groupby
    return DataFrameGroupBy(
  File "/home/oisanchezp/geo_env/lib/python3.8/site-packages/pandas/core/groupby/groupby.py", line 931, in __init__
    grouper, exclusions, obj = get_grouper(
  File "/home/oisanchezp/geo_env/lib/python3.8/site-packages/pandas/core/groupby/grouper.py", line 985, in get_grouper
    raise KeyError(gpr)
KeyError: 'Codigo_pluvio'
2026-08-26 23:16:09,670 | INFO    | === set_B | MC 9/100 | seed=108 ===
2026-08-26 23:16:10,813 | WARNING |   390 fechas de evento sin pool suficiente (pocas SU húmedas a >200 m ese día)
2026-08-26 23:16:10,814 | ERROR   | run 8 falló: 'Codigo_pluvio'
Traceback (most recent call last):
  File "/home/oisanchezp/Thesis/src/05_Chapter/mc_common.py", line 580, in run_montecarlo
    df = build_dataset(seed)
  File "mc_set_b.py", line 113, in build_dataset
    df_no = add_rain(df_no, cache, k_list=[1, 30])
  File "/home/oisanchezp/Thesis/src/05_Chapter/mc_common.py", line 387, in add_rain
    for cod, idxs in df.groupby("Codigo_pluvio").groups.items():
  File "/home/oisanchezp/geo_env/lib/python3.8/site-packages/pandas/core/frame.py", line 8252, in groupby
    return DataFrameGroupBy(
  File "/home/oisanchezp/geo_env/lib/python3.8/site-packages/pandas/core/groupby/groupby.py", line 931, in __init__
    grouper, exclusions, obj = get_grouper(
  File "/home/oisanchezp/geo_env/lib/python3.8/site-packages/pandas/core/groupby/grouper.py", line 985, in get_grouper
    raise KeyError(gpr)
KeyError: 'Codigo_pluvio'
2026-08-26 23:16:10,814 | INFO    | === set_B | MC 10/100 | seed=109 ===
2026-08-27 17:36:24,878 | INFO    | ======================================================================
2026-08-27 17:36:24,879 | INFO    | INICIO set_B: 2026-08-27T17:36:24
2026-08-27 17:37:00,943 | INFO    | Slope units: 61167 | filas evento: 492
2026-08-27 17:38:30,404 | INFO    | SU ausencia elegibles (>200 m de un evento): 54540 de 60675
2026-08-27 17:38:30,630 | INFO    |   Est.    1: 2010-01-12 -> 2026-03-18 |  94.0% con dato | 1985 duplicados
2026-08-27 17:38:30,783 | INFO    |   Est.    2: 2010-01-01 -> 2026-03-18 |  90.7% con dato | 249 duplicados
2026-08-27 17:38:30,929 | INFO    |   Est.    3: 2010-01-01 -> 2026-03-18 |  89.5% con dato | 1991 duplicados
2026-08-27 17:38:31,090 | INFO    |   Est.    4: 2010-01-01 -> 2026-03-18 |  84.2% con dato | 1972 duplicados
2026-08-27 17:38:31,237 | INFO    |   Est.    5: 2010-01-01 -> 2026-03-18 |  95.7% con dato | 1991 duplicados
2026-08-27 17:38:31,422 | INFO    |   Est.    7: 2010-01-01 -> 2026-03-18 |  90.6% con dato | 1991 duplicados
2026-08-27 17:38:31,584 | INFO    |   Est.    8: 2010-01-01 -> 2026-03-18 |  89.8% con dato | 1980 duplicados
2026-08-27 17:38:31,764 | INFO    |   Est.    9: 2010-01-01 -> 2026-03-18 |  90.4% con dato | 1990 duplicados
2026-08-27 17:38:31,926 | INFO    |   Est.   10: 2010-01-01 -> 2026-03-18 |  90.8% con dato | 1990 duplicados
2026-08-27 17:38:32,078 | INFO    |   Est.   11: 2010-01-04 -> 2026-03-18 |  89.4% con dato | 1991 duplicados
2026-08-27 17:38:32,219 | INFO    |   Est.   12: 2010-01-01 -> 2026-03-18 |  91.8% con dato | 1972 duplicados
2026-08-27 17:38:32,376 | INFO    |   Est.   14: 2010-01-01 -> 2026-03-18 |  89.7% con dato | 1991 duplicados
2026-08-27 17:38:32,536 | INFO    |   Est.   15: 2010-01-01 -> 2026-03-18 |  92.8% con dato | 1991 duplicados
2026-08-27 17:38:32,699 | INFO    |   Est.   16: 2010-01-01 -> 2026-03-18 |  92.0% con dato | 1991 duplicados
2026-08-27 17:38:32,850 | INFO    |   Est.   17: 2010-01-28 -> 2026-03-18 |  93.5% con dato | 1991 duplicados
2026-08-27 17:38:33,007 | INFO    |   Est.   18: 2010-01-11 -> 2026-03-18 |  91.1% con dato | 1991 duplicados
2026-08-27 17:38:33,162 | INFO    |   Est.   19: 2010-01-11 -> 2026-03-18 |  93.5% con dato | 1991 duplicados
2026-08-27 17:38:33,312 | INFO    |   Est.   20: 2010-01-12 -> 2026-03-18 |  88.5% con dato | 1991 duplicados
2026-08-27 17:38:33,469 | INFO    |   Est.   21: 2010-01-11 -> 2026-03-18 |  91.3% con dato | 1990 duplicados
2026-08-27 17:38:33,627 | INFO    |   Est.   22: 2010-01-14 -> 2026-03-18 |  91.0% con dato | 1991 duplicados
2026-08-27 17:38:33,776 | INFO    |   Est.   23: 2010-01-10 -> 2026-03-18 |  93.5% con dato | 1973 duplicados
2026-08-27 17:38:33,918 | INFO    |   Est.   24: 2010-01-18 -> 2026-03-18 |  92.4% con dato | 1991 duplicados
2026-08-27 17:38:34,050 | INFO    |   Est.   25: 2010-01-18 -> 2026-01-07 |  77.2% con dato | 1 duplicados
2026-08-27 17:38:34,212 | INFO    |   Est.   26: 2010-01-04 -> 2026-03-18 |  83.2% con dato | 1990 duplicados
2026-08-27 17:38:34,338 | INFO    |   Est.   27: 2010-01-18 -> 2024-07-12 |  82.7% con dato | 0 duplicados
2026-08-27 17:38:34,490 | INFO    |   Est.   28: 2010-01-18 -> 2026-03-18 |  86.4% con dato | 1991 duplicados
2026-08-27 17:38:34,642 | INFO    |   Est.   29: 2010-01-18 -> 2026-03-18 |  91.9% con dato | 1991 duplicados
2026-08-27 17:38:34,792 | INFO    |   Est.   30: 2010-01-01 -> 2026-03-18 |  90.4% con dato | 1991 duplicados
2026-08-27 17:38:34,951 | INFO    |   Est.   31: 2010-01-06 -> 2026-03-18 |  87.5% con dato | 1991 duplicados
2026-08-27 17:38:35,111 | INFO    |   Est.   32: 2010-01-06 -> 2026-03-18 |  86.0% con dato | 1991 duplicados
2026-08-27 17:38:35,247 | INFO    |   Est.   33: 2010-01-28 -> 2026-03-18 |  87.2% con dato | 1991 duplicados
2026-08-27 17:38:35,405 | INFO    |   Est.   34: 2010-01-10 -> 2026-03-18 |  88.7% con dato | 1991 duplicados
2026-08-27 17:38:35,566 | INFO    |   Est.   35: 2010-01-28 -> 2026-03-18 |  93.8% con dato | 1991 duplicados
2026-08-27 17:38:35,717 | INFO    |   Est.   36: 2010-03-26 -> 2026-03-18 |  92.6% con dato | 1991 duplicados
2026-08-27 17:38:35,859 | INFO    |   Est.   37: 2010-01-28 -> 2026-03-18 |  89.5% con dato | 1991 duplicados
2026-08-27 17:38:36,014 | INFO    |   Est.   39: 2010-01-28 -> 2026-03-18 |  91.0% con dato | 1991 duplicados
2026-08-27 17:38:36,167 | INFO    |   Est.   40: 2010-02-05 -> 2026-03-18 |  92.2% con dato | 1989 duplicados
2026-08-27 17:38:36,343 | INFO    |   Est.   41: 2010-01-28 -> 2026-03-18 |  92.7% con dato | 1991 duplicados
2026-08-27 17:38:36,495 | INFO    |   Est.   42: 2010-02-05 -> 2026-03-18 |  88.9% con dato | 1991 duplicados
2026-08-27 17:38:36,633 | INFO    |   Est.   43: 2010-05-03 -> 2026-03-18 |  86.2% con dato | 1991 duplicados
2026-08-27 17:38:36,770 | INFO    |   Est.   44: 2010-04-19 -> 2026-03-18 |  83.2% con dato | 1991 duplicados
2026-08-27 17:38:36,955 | INFO    |   Est.   45: 2010-05-05 -> 2026-03-18 |  88.0% con dato | 1991 duplicados
2026-08-27 17:38:37,097 | INFO    |   Est.   46: 2010-04-28 -> 2025-05-06 |  92.9% con dato | 966 duplicados
2026-08-27 17:38:37,244 | INFO    |   Est.   47: 2010-05-03 -> 2026-03-18 |  81.9% con dato | 1991 duplicados
2026-08-27 17:38:37,401 | INFO    |   Est.   48: 2010-05-14 -> 2026-03-18 |  93.3% con dato | 1972 duplicados
2026-08-27 17:38:37,551 | INFO    |   Est.   49: 2010-09-08 -> 2026-03-18 |  85.3% con dato | 1991 duplicados
2026-08-27 17:38:37,692 | INFO    |   Est.   50: 2011-02-09 -> 2026-03-18 |  88.9% con dato | 1991 duplicados
2026-08-27 17:38:37,852 | INFO    |   Est.   51: 2011-01-17 -> 2026-03-18 |  87.8% con dato | 1972 duplicados
2026-08-27 17:38:38,002 | INFO    |   Est.   52: 2011-03-01 -> 2026-03-18 |  79.8% con dato | 1991 duplicados
2026-08-27 17:38:38,150 | INFO    |   Est.   53: 2011-01-11 -> 2026-03-18 |  92.8% con dato | 1991 duplicados
2026-08-27 17:38:38,284 | INFO    |   Est.   54: 2010-12-27 -> 2026-03-18 |  92.2% con dato | 1991 duplicados
2026-08-27 17:38:38,432 | INFO    |   Est.   55: 2010-11-04 -> 2026-03-18 |  82.7% con dato | 1991 duplicados
2026-08-27 17:38:38,568 | INFO    |   Est.   56: 2012-06-14 -> 2026-03-18 |  92.6% con dato | 1991 duplicados
2026-08-27 17:38:38,718 | INFO    |   Est.   57: 2012-03-23 -> 2026-03-18 |  89.5% con dato | 1985 duplicados
2026-08-27 17:38:38,839 | INFO    |   Est.   58: 2012-03-23 -> 2026-03-18 |  88.9% con dato | 1990 duplicados
2026-08-27 17:38:38,994 | INFO    |   Est.   60: 2012-01-01 -> 2026-03-18 |  89.7% con dato | 1991 duplicados
2026-08-27 17:38:39,131 | INFO    |   Est.   61: 2012-03-20 -> 2026-03-18 |  89.9% con dato | 1991 duplicados
2026-08-27 17:38:39,256 | INFO    |   Est.   62: 2012-03-07 -> 2026-03-18 |  88.8% con dato | 1900 duplicados
2026-08-27 17:38:39,393 | INFO    |   Est.   64: 2012-09-05 -> 2026-03-07 |  87.3% con dato | 1991 duplicados
2026-08-27 17:38:39,514 | INFO    |   Est.   65: 2012-08-09 -> 2026-03-18 |  90.5% con dato | 1990 duplicados
2026-08-27 17:38:39,651 | INFO    |   Est.   66: 2012-06-06 -> 2026-03-18 |  91.6% con dato | 1991 duplicados
2026-08-27 17:38:39,773 | INFO    |   Est.   70: 2012-06-25 -> 2026-03-18 |  93.8% con dato | 1972 duplicados
2026-08-27 17:38:39,915 | INFO    |   Est.   71: 2013-02-28 -> 2026-03-18 |  95.0% con dato | 1991 duplicados
2026-08-27 17:38:40,038 | INFO    |   Est.   72: 2012-06-25 -> 2026-03-18 |  91.0% con dato | 1991 duplicados
2026-08-27 17:38:40,166 | INFO    |   Est.   74: 2013-05-27 -> 2026-03-18 |  95.3% con dato | 1991 duplicados
2026-08-27 17:38:40,293 | INFO    |   Est.   76: 2013-07-02 -> 2026-03-18 |  94.8% con dato | 1991 duplicados
2026-08-27 17:38:40,423 | INFO    |   Est.   81: 2013-06-28 -> 2026-03-18 |  97.4% con dato | 1991 duplicados
2026-08-27 17:38:40,553 | INFO    |   Est.   88: 2013-11-14 -> 2026-03-18 |  93.4% con dato | 1991 duplicados
2026-08-27 17:38:40,653 | INFO    |   Est.   89: 2013-11-14 -> 2025-05-06 |  95.5% con dato | 525 duplicados
2026-08-27 17:38:40,764 | INFO    |   Est.  121: 2014-11-26 -> 2026-03-18 |  96.8% con dato | 1991 duplicados
2026-08-27 17:38:40,882 | INFO    |   Est.  127: 2015-04-10 -> 2026-03-18 |  92.8% con dato | 1990 duplicados
2026-08-27 17:38:40,976 | INFO    |   Est.  129: 2015-04-23 -> 2026-03-18 |  94.6% con dato | 1991 duplicados
2026-08-27 17:38:41,087 | INFO    |   Est.  146: 2015-08-18 -> 2026-03-18 |  95.8% con dato | 1991 duplicados
2026-08-27 17:38:41,193 | INFO    |   Est.  154: 2015-09-17 -> 2026-03-18 |  83.7% con dato | 1972 duplicados
2026-08-27 17:38:41,284 | INFO    |   Est.  171: 2016-01-01 -> 2026-03-18 |  80.4% con dato | 1979 duplicados
2026-08-27 17:38:41,377 | INFO    |   Est.  184: 2016-01-01 -> 2026-03-18 |  84.2% con dato | 1991 duplicados
2026-08-27 17:38:41,456 | INFO    |   Est.  189: 2018-08-18 -> 2025-03-30 |  95.5% con dato | 1 duplicados
2026-08-27 17:38:41,549 | INFO    |   Est.  193: 2017-07-18 -> 2026-03-18 |  97.6% con dato | 1991 duplicados
2026-08-27 17:38:41,664 | INFO    |   Est.  211: 2012-12-10 -> 2026-03-18 |  93.5% con dato | 1991 duplicados
2026-08-27 17:38:41,778 | INFO    |   Est.  230: 2017-08-31 -> 2026-03-18 |  97.2% con dato | 1991 duplicados
2026-08-27 17:38:41,903 | INFO    |   Est.  234: 2017-09-18 -> 2026-03-18 |  98.0% con dato | 1991 duplicados
2026-08-27 17:38:41,986 | INFO    |   Est.  241: 2017-10-20 -> 2026-03-18 |  91.7% con dato | 1991 duplicados
2026-08-27 17:38:42,064 | INFO    |   Est.  242: 2017-10-20 -> 2026-03-18 |  98.4% con dato | 1991 duplicados
2026-08-27 17:38:42,138 | INFO    |   Est.  244: 2017-10-28 -> 2026-03-18 |  97.4% con dato | 1991 duplicados
2026-08-27 17:38:42,215 | INFO    |   Est.  248: 2017-11-05 -> 2026-03-19 |  96.8% con dato | 0 duplicados
2026-08-27 17:38:42,312 | INFO    |   Est.  253: 2017-11-14 -> 2026-03-18 |  96.6% con dato | 1991 duplicados
2026-08-27 17:38:42,408 | INFO    |   Est.  261: 2017-12-01 -> 2026-03-18 |  95.4% con dato | 1991 duplicados
2026-08-27 17:38:42,498 | INFO    |   Est.  266: 2017-12-19 -> 2025-04-02 |  91.1% con dato | 1 duplicados
2026-08-27 17:38:42,591 | INFO    |   Est.  267: 2017-12-18 -> 2026-03-18 |  97.2% con dato | 1991 duplicados
2026-08-27 17:38:42,686 | INFO    |   Est.  274: 2018-01-19 -> 2026-03-18 |  98.4% con dato | 1991 duplicados
2026-08-27 17:38:42,783 | INFO    |   Est.  275: 2018-01-16 -> 2026-03-18 |  91.7% con dato | 1628 duplicados
2026-08-27 17:38:42,883 | INFO    |   Est.  278: 2018-01-31 -> 2026-03-18 |  96.0% con dato | 1991 duplicados
2026-08-27 17:38:42,986 | INFO    |   Est.  281: 2018-02-15 -> 2026-03-18 |  98.8% con dato | 1991 duplicados
2026-08-27 17:38:43,061 | INFO    |   Est.  288: 2018-03-21 -> 2026-03-18 |  97.1% con dato | 1991 duplicados
2026-08-27 17:38:43,164 | INFO    |   Est.  289: 2018-03-22 -> 2026-03-18 |  95.7% con dato | 1991 duplicados
2026-08-27 17:38:43,263 | INFO    |   Est.  295: 2018-04-23 -> 2026-03-18 |  95.3% con dato | 1991 duplicados
2026-08-27 17:38:43,350 | INFO    |   Est.  311: 2018-06-05 -> 2026-03-18 |  61.2% con dato | 1991 duplicados
2026-08-27 17:38:43,427 | INFO    |   Est.  320: 2018-06-27 -> 2026-03-18 |  97.0% con dato | 1991 duplicados
2026-08-27 17:38:43,522 | INFO    |   Est.  323: 2018-07-17 -> 2026-03-18 |  96.1% con dato | 1980 duplicados
2026-08-27 17:38:43,616 | INFO    |   Est.  324: 2018-07-17 -> 2026-03-18 |  95.1% con dato | 1991 duplicados
2026-08-27 17:38:43,701 | INFO    |   Est.  328: 2018-08-09 -> 2026-03-18 |  96.9% con dato | 1991 duplicados
2026-08-27 17:38:43,780 | INFO    |   Est.  334: 2018-09-18 -> 2026-03-18 |  96.0% con dato | 1991 duplicados
2026-08-27 17:38:43,862 | INFO    |   Est.  339: 2019-01-04 -> 2026-03-18 |  94.7% con dato | 1991 duplicados
2026-08-27 17:38:43,947 | INFO    |   Est.  352: 2019-02-01 -> 2026-03-18 |  97.7% con dato | 1991 duplicados
2026-08-27 17:38:44,030 | INFO    |   Est.  353: 2019-02-01 -> 2026-03-18 |  93.4% con dato | 1989 duplicados
2026-08-27 17:38:44,111 | INFO    |   Est.  356: 2019-03-18 -> 2026-03-18 |  98.3% con dato | 1989 duplicados
2026-08-27 17:38:44,186 | INFO    |   Est.  373: 2019-05-08 -> 2026-03-18 |  94.5% con dato | 1991 duplicados
2026-08-27 17:38:44,272 | INFO    |   Est.  376: 2019-05-15 -> 2026-03-18 |  98.0% con dato | 1991 duplicados
2026-08-27 17:38:44,333 | INFO    |   Est.  378: 2019-06-04 -> 2026-03-18 |  92.6% con dato | 1984 duplicados
2026-08-27 17:38:44,432 | INFO    |   Est.  383: 2019-06-14 -> 2026-03-18 |  96.6% con dato | 1991 duplicados
2026-08-27 17:38:44,520 | INFO    |   Est.  389: 2019-08-09 -> 2026-03-18 |  95.3% con dato | 1860 duplicados
2026-08-27 17:38:44,599 | INFO    |   Est.  392: 2019-09-09 -> 2026-03-18 |  96.7% con dato | 1991 duplicados
2026-08-27 17:38:44,690 | INFO    |   Est.  393: 2019-09-20 -> 2026-03-18 |  98.5% con dato | 1991 duplicados
2026-08-27 17:38:44,750 | INFO    |   Est.  394: 2019-09-20 -> 2026-03-18 |  95.9% con dato | 1991 duplicados
2026-08-27 17:38:44,809 | INFO    |   Est.  395: 2019-09-24 -> 2026-03-18 |  97.8% con dato | 1991 duplicados
2026-08-27 17:38:44,873 | INFO    |   Est.  418: 2019-12-26 -> 2026-03-18 |  94.9% con dato | 1991 duplicados
2026-08-27 17:38:44,939 | INFO    |   Est.  420: 2019-12-26 -> 2026-03-18 |  95.8% con dato | 1991 duplicados
2026-08-27 17:38:45,014 | INFO    |   Est.  421: 2020-01-14 -> 2026-03-18 |  98.4% con dato | 1991 duplicados
2026-08-27 17:38:45,089 | INFO    |   Est.  429: 2020-02-21 -> 2026-03-18 |  98.2% con dato | 1991 duplicados
2026-08-27 17:38:45,159 | INFO    |   Est.  432: 2020-02-27 -> 2026-03-18 |  98.5% con dato | 1990 duplicados
2026-08-27 17:38:45,218 | INFO    |   Est.  433: 2020-02-28 -> 2026-03-18 |  94.9% con dato | 1991 duplicados
2026-08-27 17:38:45,289 | INFO    |   Est.  434: 2020-03-03 -> 2026-03-18 |  97.8% con dato | 1991 duplicados
2026-08-27 17:38:45,343 | INFO    |   Est.  437: 2020-03-31 -> 2026-03-18 |  98.9% con dato | 1991 duplicados
2026-08-27 17:38:45,399 | INFO    |   Est.  445: 2020-05-11 -> 2026-03-18 |  87.6% con dato | 1991 duplicados
2026-08-27 17:38:45,450 | INFO    |   Est.  446: 2020-05-08 -> 2026-03-18 |  86.2% con dato | 1991 duplicados
2026-08-27 17:38:45,522 | INFO    |   Est.  447: 2020-05-11 -> 2026-03-18 |  98.9% con dato | 1991 duplicados
2026-08-27 17:38:45,579 | INFO    |   Est.  451: 2020-07-03 -> 2026-03-18 |  98.2% con dato | 1972 duplicados
2026-08-27 17:38:45,630 | INFO    |   Est.  456: 2020-07-31 -> 2026-03-18 |  96.5% con dato | 1991 duplicados
2026-08-27 17:38:45,681 | INFO    |   Est.  457: 2020-09-08 -> 2026-03-18 |  94.5% con dato | 1991 duplicados
2026-08-27 17:38:45,726 | INFO    |   Est.  481: 2020-12-18 -> 2026-03-18 |  97.8% con dato | 1991 duplicados
2026-08-27 17:38:45,795 | INFO    |   Est.  499: 2021-02-16 -> 2026-03-18 |  97.5% con dato | 1991 duplicados
2026-08-27 17:38:45,865 | INFO    |   Est.  515: 2021-03-12 -> 2026-03-18 |  97.4% con dato | 1990 duplicados
2026-08-27 17:38:45,915 | INFO    |   Est.  519: 2021-03-19 -> 2026-03-18 |  97.8% con dato | 1991 duplicados
2026-08-27 17:38:45,979 | INFO    |   Est.  539: 2021-06-24 -> 2026-03-18 |  92.0% con dato | 1991 duplicados
2026-08-27 17:38:46,043 | INFO    |   Est.  540: 2021-06-11 -> 2026-03-18 |  92.7% con dato | 1972 duplicados
2026-08-27 17:38:46,086 | INFO    |   Est.  543: 2021-06-29 -> 2026-03-18 |  98.6% con dato | 1989 duplicados
2026-08-27 17:38:46,127 | INFO    |   Est.  551: 2021-09-02 -> 2026-03-18 |  99.5% con dato | 1991 duplicados
2026-08-27 17:38:46,198 | INFO    |   Est.  558: 2021-09-29 -> 2026-03-18 |  99.3% con dato | 1989 duplicados
2026-08-27 17:38:46,237 | INFO    |   Est.  601: 2022-05-03 -> 2026-03-18 |  97.6% con dato | 1991 duplicados
2026-08-27 17:38:46,293 | INFO    |   Est.  607: 2022-06-08 -> 2026-03-18 |  95.5% con dato | 1990 duplicados
2026-08-27 17:38:46,346 | INFO    |   Est.  612: 2022-06-21 -> 2025-07-03 |  99.2% con dato | 1311 duplicados
2026-08-27 17:38:46,396 | INFO    |   Est.  619: 2022-06-29 -> 2025-05-06 |  94.4% con dato | 966 duplicados
2026-08-27 17:38:46,434 | INFO    |   Est.  636: 2022-11-16 -> 2026-03-18 |  98.7% con dato | 1991 duplicados
2026-08-27 17:38:46,435 | INFO    | Pluviómetros con serie: 143
2026-08-27 17:38:46,938 | INFO    | Distancia SU-pluvio ausencias (m): mediana=1959 | max=13027
2026-08-27 17:38:47,389 | INFO    |   filtro húmedo eventos: descartadas 102/492 (20.7%)
2026-08-27 17:38:47,414 | INFO    | Eventos tras filtros: 390
2026-08-27 17:38:47,770 | INFO    | Pluviómetros con fechas candidatas: 143
2026-08-27 17:38:48,052 | INFO    | === set_B | MC 1/100 | seed=100 ===
2026-08-27 17:38:49,114 | WARNING |   390 fechas de evento sin pool suficiente (pocas SU húmedas a >200 m ese día)
2026-08-27 17:38:49,115 | ERROR   | run 0 falló: 'Codigo_pluvio'
Traceback (most recent call last):
  File "/home/oisanchezp/Thesis/src/05_Chapter/mc_common.py", line 580, in run_montecarlo
    df = build_dataset(seed)
  File "mc_set_b.py", line 113, in build_dataset
    df_no = add_rain(df_no, cache, k_list=[1, 30])
  File "/home/oisanchezp/Thesis/src/05_Chapter/mc_common.py", line 387, in add_rain
    for cod, idxs in df.groupby("Codigo_pluvio").groups.items():
  File "/home/oisanchezp/geo_env/lib/python3.8/site-packages/pandas/core/frame.py", line 8252, in groupby
    return DataFrameGroupBy(
  File "/home/oisanchezp/geo_env/lib/python3.8/site-packages/pandas/core/groupby/groupby.py", line 931, in __init__
    grouper, exclusions, obj = get_grouper(
  File "/home/oisanchezp/geo_env/lib/python3.8/site-packages/pandas/core/groupby/grouper.py", line 985, in get_grouper
    raise KeyError(gpr)
KeyError: 'Codigo_pluvio'
2026-08-27 17:38:49,124 | INFO    | === set_B | MC 2/100 | seed=101 ===
2026-08-27 17:38:50,175 | WARNING |   390 fechas de evento sin pool suficiente (pocas SU húmedas a >200 m ese día)
2026-08-27 17:38:50,176 | ERROR   | run 1 falló: 'Codigo_pluvio'
Traceback (most recent call last):
  File "/home/oisanchezp/Thesis/src/05_Chapter/mc_common.py", line 580, in run_montecarlo
    df = build_dataset(seed)
  File "mc_set_b.py", line 113, in build_dataset
    df_no = add_rain(df_no, cache, k_list=[1, 30])
  File "/home/oisanchezp/Thesis/src/05_Chapter/mc_common.py", line 387, in add_rain
    for cod, idxs in df.groupby("Codigo_pluvio").groups.items():
  File "/home/oisanchezp/geo_env/lib/python3.8/site-packages/pandas/core/frame.py", line 8252, in groupby
    return DataFrameGroupBy(
  File "/home/oisanchezp/geo_env/lib/python3.8/site-packages/pandas/core/groupby/groupby.py", line 931, in __init__
    grouper, exclusions, obj = get_grouper(
  File "/home/oisanchezp/geo_env/lib/python3.8/site-packages/pandas/core/groupby/grouper.py", line 985, in get_grouper
    raise KeyError(gpr)
KeyError: 'Codigo_pluvio'
2026-08-27 17:38:50,176 | INFO    | === set_B | MC 3/100 | seed=102 ===
2026-08-27 17:38:51,226 | WARNING |   390 fechas de evento sin pool suficiente (pocas SU húmedas a >200 m ese día)
2026-08-27 17:38:51,227 | ERROR   | run 2 falló: 'Codigo_pluvio'
Traceback (most recent call last):
  File "/home/oisanchezp/Thesis/src/05_Chapter/mc_common.py", line 580, in run_montecarlo
    df = build_dataset(seed)
  File "mc_set_b.py", line 113, in build_dataset
    df_no = add_rain(df_no, cache, k_list=[1, 30])
  File "/home/oisanchezp/Thesis/src/05_Chapter/mc_common.py", line 387, in add_rain
    for cod, idxs in df.groupby("Codigo_pluvio").groups.items():
  File "/home/oisanchezp/geo_env/lib/python3.8/site-packages/pandas/core/frame.py", line 8252, in groupby
    return DataFrameGroupBy(
  File "/home/oisanchezp/geo_env/lib/python3.8/site-packages/pandas/core/groupby/groupby.py", line 931, in __init__
    grouper, exclusions, obj = get_grouper(
  File "/home/oisanchezp/geo_env/lib/python3.8/site-packages/pandas/core/groupby/grouper.py", line 985, in get_grouper
    raise KeyError(gpr)
KeyError: 'Codigo_pluvio'
2026-08-27 17:38:51,228 | INFO    | === set_B | MC 4/100 | seed=103 ===
2026-08-27 17:38:52,265 | WARNING |   390 fechas de evento sin pool suficiente (pocas SU húmedas a >200 m ese día)
2026-08-27 17:38:52,266 | ERROR   | run 3 falló: 'Codigo_pluvio'
Traceback (most recent call last):
  File "/home/oisanchezp/Thesis/src/05_Chapter/mc_common.py", line 580, in run_montecarlo
    df = build_dataset(seed)
  File "mc_set_b.py", line 113, in build_dataset
    df_no = add_rain(df_no, cache, k_list=[1, 30])
  File "/home/oisanchezp/Thesis/src/05_Chapter/mc_common.py", line 387, in add_rain
    for cod, idxs in df.groupby("Codigo_pluvio").groups.items():
  File "/home/oisanchezp/geo_env/lib/python3.8/site-packages/pandas/core/frame.py", line 8252, in groupby
    return DataFrameGroupBy(
  File "/home/oisanchezp/geo_env/lib/python3.8/site-packages/pandas/core/groupby/groupby.py", line 931, in __init__
    grouper, exclusions, obj = get_grouper(
  File "/home/oisanchezp/geo_env/lib/python3.8/site-packages/pandas/core/groupby/grouper.py", line 985, in get_grouper
    raise KeyError(gpr)
KeyError: 'Codigo_pluvio'
2026-08-27 17:38:52,266 | INFO    | === set_B | MC 5/100 | seed=104 ===
2026-08-27 17:38:53,318 | WARNING |   390 fechas de evento sin pool suficiente (pocas SU húmedas a >200 m ese día)
2026-08-27 17:38:53,319 | ERROR   | run 4 falló: 'Codigo_pluvio'
Traceback (most recent call last):
  File "/home/oisanchezp/Thesis/src/05_Chapter/mc_common.py", line 580, in run_montecarlo
    df = build_dataset(seed)
  File "mc_set_b.py", line 113, in build_dataset
    df_no = add_rain(df_no, cache, k_list=[1, 30])
  File "/home/oisanchezp/Thesis/src/05_Chapter/mc_common.py", line 387, in add_rain
    for cod, idxs in df.groupby("Codigo_pluvio").groups.items():
  File "/home/oisanchezp/geo_env/lib/python3.8/site-packages/pandas/core/frame.py", line 8252, in groupby
    return DataFrameGroupBy(
  File "/home/oisanchezp/geo_env/lib/python3.8/site-packages/pandas/core/groupby/groupby.py", line 931, in __init__
    grouper, exclusions, obj = get_grouper(
  File "/home/oisanchezp/geo_env/lib/python3.8/site-packages/pandas/core/groupby/grouper.py", line 985, in get_grouper
    raise KeyError(gpr)
KeyError: 'Codigo_pluvio'
2026-08-27 17:38:53,319 | INFO    | === set_B | MC 6/100 | seed=105 ===
2026-08-27 17:38:54,365 | WARNING |   390 fechas de evento sin pool suficiente (pocas SU húmedas a >200 m ese día)
2026-08-27 17:38:54,366 | ERROR   | run 5 falló: 'Codigo_pluvio'
Traceback (most recent call last):
  File "/home/oisanchezp/Thesis/src/05_Chapter/mc_common.py", line 580, in run_montecarlo
    df = build_dataset(seed)
  File "mc_set_b.py", line 113, in build_dataset
    df_no = add_rain(df_no, cache, k_list=[1, 30])
  File "/home/oisanchezp/Thesis/src/05_Chapter/mc_common.py", line 387, in add_rain
    for cod, idxs in df.groupby("Codigo_pluvio").groups.items():
  File "/home/oisanchezp/geo_env/lib/python3.8/site-packages/pandas/core/frame.py", line 8252, in groupby
    return DataFrameGroupBy(
  File "/home/oisanchezp/geo_env/lib/python3.8/site-packages/pandas/core/groupby/groupby.py", line 931, in __init__
    grouper, exclusions, obj = get_grouper(
  File "/home/oisanchezp/geo_env/lib/python3.8/site-packages/pandas/core/groupby/grouper.py", line 985, in get_grouper
    raise KeyError(gpr)
KeyError: 'Codigo_pluvio'
2026-08-27 17:38:54,366 | INFO    | === set_B | MC 7/100 | seed=106 ===
2026-08-27 17:38:55,443 | WARNING |   390 fechas de evento sin pool suficiente (pocas SU húmedas a >200 m ese día)
2026-08-27 17:38:55,444 | ERROR   | run 6 falló: 'Codigo_pluvio'
Traceback (most recent call last):
  File "/home/oisanchezp/Thesis/src/05_Chapter/mc_common.py", line 580, in run_montecarlo
    df = build_dataset(seed)
  File "mc_set_b.py", line 113, in build_dataset
    df_no = add_rain(df_no, cache, k_list=[1, 30])
  File "/home/oisanchezp/Thesis/src/05_Chapter/mc_common.py", line 387, in add_rain
    for cod, idxs in df.groupby("Codigo_pluvio").groups.items():
  File "/home/oisanchezp/geo_env/lib/python3.8/site-packages/pandas/core/frame.py", line 8252, in groupby
    return DataFrameGroupBy(
  File "/home/oisanchezp/geo_env/lib/python3.8/site-packages/pandas/core/groupby/groupby.py", line 931, in __init__
    grouper, exclusions, obj = get_grouper(
  File "/home/oisanchezp/geo_env/lib/python3.8/site-packages/pandas/core/groupby/grouper.py", line 985, in get_grouper
    raise KeyError(gpr)
KeyError: 'Codigo_pluvio'
2026-08-27 17:38:55,444 | INFO    | === set_B | MC 8/100 | seed=107 ===
2026-08-27 17:38:56,494 | WARNING |   390 fechas de evento sin pool suficiente (pocas SU húmedas a >200 m ese día)
2026-08-27 17:38:56,495 | ERROR   | run 7 falló: 'Codigo_pluvio'
Traceback (most recent call last):
  File "/home/oisanchezp/Thesis/src/05_Chapter/mc_common.py", line 580, in run_montecarlo
    df = build_dataset(seed)
  File "mc_set_b.py", line 113, in build_dataset
    df_no = add_rain(df_no, cache, k_list=[1, 30])
  File "/home/oisanchezp/Thesis/src/05_Chapter/mc_common.py", line 387, in add_rain
    for cod, idxs in df.groupby("Codigo_pluvio").groups.items():
  File "/home/oisanchezp/geo_env/lib/python3.8/site-packages/pandas/core/frame.py", line 8252, in groupby
    return DataFrameGroupBy(
  File "/home/oisanchezp/geo_env/lib/python3.8/site-packages/pandas/core/groupby/groupby.py", line 931, in __init__
    grouper, exclusions, obj = get_grouper(
  File "/home/oisanchezp/geo_env/lib/python3.8/site-packages/pandas/core/groupby/grouper.py", line 985, in get_grouper
    raise KeyError(gpr)
KeyError: 'Codigo_pluvio'
2026-08-27 17:38:56,496 | INFO    | === set_B | MC 9/100 | seed=108 ===
2026-08-27 17:38:57,539 | WARNING |   390 fechas de evento sin pool suficiente (pocas SU húmedas a >200 m ese día)
2026-08-27 17:38:57,540 | ERROR   | run 8 falló: 'Codigo_pluvio'
Traceback (most recent call last):
  File "/home/oisanchezp/Thesis/src/05_Chapter/mc_common.py", line 580, in run_montecarlo
    df = build_dataset(seed)
  File "mc_set_b.py", line 113, in build_dataset
    df_no = add_rain(df_no, cache, k_list=[1, 30])
  File "/home/oisanchezp/Thesis/src/05_Chapter/mc_common.py", line 387, in add_rain
    for cod, idxs in df.groupby("Codigo_pluvio").groups.items():
  File "/home/oisanchezp/geo_env/lib/python3.8/site-packages/pandas/core/frame.py", line 8252, in groupby
    return DataFrameGroupBy(
  File "/home/oisanchezp/geo_env/lib/python3.8/site-packages/pandas/core/groupby/groupby.py", line 931, in __init__
    grouper, exclusions, obj = get_grouper(
  File "/home/oisanchezp/geo_env/lib/python3.8/site-packages/pandas/core/groupby/grouper.py", line 985, in get_grouper
    raise KeyError(gpr)
KeyError: 'Codigo_pluvio'
2026-08-27 17:38:57,541 | INFO    | === set_B | MC 10/100 | seed=109 ===
2026-08-27 17:38:58,591 | WARNING |   390 fechas de evento sin pool suficiente (pocas SU húmedas a >200 m ese día)
2026-08-27 17:38:58,592 | ERROR   | run 9 falló: 'Codigo_pluvio'
Traceback (most recent call last):
  File "/home/oisanchezp/Thesis/src/05_Chapter/mc_common.py", line 580, in run_montecarlo
    df = build_dataset(seed)
  File "mc_set_b.py", line 113, in build_dataset
    df_no = add_rain(df_no, cache, k_list=[1, 30])
  File "/home/oisanchezp/Thesis/src/05_Chapter/mc_common.py", line 387, in add_rain
    for cod, idxs in df.groupby("Codigo_pluvio").groups.items():
  File "/home/oisanchezp/geo_env/lib/python3.8/site-packages/pandas/core/frame.py", line 8252, in groupby
    return DataFrameGroupBy(
  File "/home/oisanchezp/geo_env/lib/python3.8/site-packages/pandas/core/groupby/groupby.py", line 931, in __init__
    grouper, exclusions, obj = get_grouper(
  File "/home/oisanchezp/geo_env/lib/python3.8/site-packages/pandas/core/groupby/grouper.py", line 985, in get_grouper
    raise KeyError(gpr)
KeyError: 'Codigo_pluvio'
2026-08-27 17:38:58,593 | INFO    | === set_B | MC 11/100 | seed=110 ===
2026-08-27 17:38:59,643 | WARNING |   390 fechas de evento sin pool suficiente (pocas SU húmedas a >200 m ese día)
2026-08-27 17:38:59,644 | ERROR   | run 10 falló: 'Codigo_pluvio'
Traceback (most recent call last):
  File "/home/oisanchezp/Thesis/src/05_Chapter/mc_common.py", line 580, in run_montecarlo
    df = build_dataset(seed)
  File "mc_set_b.py", line 113, in build_dataset
    df_no = add_rain(df_no, cache, k_list=[1, 30])
  File "/home/oisanchezp/Thesis/src/05_Chapter/mc_common.py", line 387, in add_rain
    for cod, idxs in df.groupby("Codigo_pluvio").groups.items():
  File "/home/oisanchezp/geo_env/lib/python3.8/site-packages/pandas/core/frame.py", line 8252, in groupby
    return DataFrameGroupBy(
  File "/home/oisanchezp/geo_env/lib/python3.8/site-packages/pandas/core/groupby/groupby.py", line 931, in __init__
    grouper, exclusions, obj = get_grouper(
  File "/home/oisanchezp/geo_env/lib/python3.8/site-packages/pandas/core/groupby/grouper.py", line 985, in get_grouper
    raise KeyError(gpr)
KeyError: 'Codigo_pluvio'
2026-08-27 17:38:59,644 | INFO    | === set_B | MC 12/100 | seed=111 ===
2026-08-27 17:39:00,691 | WARNING |   390 fechas de evento sin pool suficiente (pocas SU húmedas a >200 m ese día)
2026-08-27 17:39:00,692 | ERROR   | run 11 falló: 'Codigo_pluvio'
Traceback (most recent call last):
  File "/home/oisanchezp/Thesis/src/05_Chapter/mc_common.py", line 580, in run_montecarlo
    df = build_dataset(seed)
  File "mc_set_b.py", line 113, in build_dataset
    df_no = add_rain(df_no, cache, k_list=[1, 30])
  File "/home/oisanchezp/Thesis/src/05_Chapter/mc_common.py", line 387, in add_rain
    for cod, idxs in df.groupby("Codigo_pluvio").groups.items():
  File "/home/oisanchezp/geo_env/lib/python3.8/site-packages/pandas/core/frame.py", line 8252, in groupby
    return DataFrameGroupBy(
  File "/home/oisanchezp/geo_env/lib/python3.8/site-packages/pandas/core/groupby/groupby.py", line 931, in __init__
    grouper, exclusions, obj = get_grouper(
  File "/home/oisanchezp/geo_env/lib/python3.8/site-packages/pandas/core/groupby/grouper.py", line 985, in get_grouper
    raise KeyError(gpr)
KeyError: 'Codigo_pluvio'
2026-08-27 17:39:00,692 | INFO    | === set_B | MC 13/100 | seed=112 ===
2026-08-27 17:39:01,844 | WARNING |   390 fechas de evento sin pool suficiente (pocas SU húmedas a >200 m ese día)
2026-08-27 17:39:01,845 | ERROR   | run 12 falló: 'Codigo_pluvio'
Traceback (most recent call last):
  File "/home/oisanchezp/Thesis/src/05_Chapter/mc_common.py", line 580, in run_montecarlo
    df = build_dataset(seed)
  File "mc_set_b.py", line 113, in build_dataset
    df_no = add_rain(df_no, cache, k_list=[1, 30])
  File "/home/oisanchezp/Thesis/src/05_Chapter/mc_common.py", line 387, in add_rain
    for cod, idxs in df.groupby("Codigo_pluvio").groups.items():
  File "/home/oisanchezp/geo_env/lib/python3.8/site-packages/pandas/core/frame.py", line 8252, in groupby
    return DataFrameGroupBy(
  File "/home/oisanchezp/geo_env/lib/python3.8/site-packages/pandas/core/groupby/groupby.py", line 931, in __init__
    grouper, exclusions, obj = get_grouper(
  File "/home/oisanchezp/geo_env/lib/python3.8/site-packages/pandas/core/groupby/grouper.py", line 985, in get_grouper
    raise KeyError(gpr)
KeyError: 'Codigo_pluvio'
2026-08-27 17:39:01,845 | INFO    | === set_B | MC 14/100 | seed=113 ===
2026-08-27 17:39:02,897 | WARNING |   390 fechas de evento sin pool suficiente (pocas SU húmedas a >200 m ese día)
2026-08-27 17:39:02,898 | ERROR   | run 13 falló: 'Codigo_pluvio'
Traceback (most recent call last):
  File "/home/oisanchezp/Thesis/src/05_Chapter/mc_common.py", line 580, in run_montecarlo
    df = build_dataset(seed)
  File "mc_set_b.py", line 113, in build_dataset
    df_no = add_rain(df_no, cache, k_list=[1, 30])
  File "/home/oisanchezp/Thesis/src/05_Chapter/mc_common.py", line 387, in add_rain
    for cod, idxs in df.groupby("Codigo_pluvio").groups.items():
  File "/home/oisanchezp/geo_env/lib/python3.8/site-packages/pandas/core/frame.py", line 8252, in groupby
    return DataFrameGroupBy(
  File "/home/oisanchezp/geo_env/lib/python3.8/site-packages/pandas/core/groupby/groupby.py", line 931, in __init__
    grouper, exclusions, obj = get_grouper(
  File "/home/oisanchezp/geo_env/lib/python3.8/site-packages/pandas/core/groupby/grouper.py", line 985, in get_grouper
    raise KeyError(gpr)
KeyError: 'Codigo_pluvio'
2026-08-27 17:39:02,898 | INFO    | === set_B | MC 15/100 | seed=114 ===
2026-08-27 17:39:03,969 | WARNING |   390 fechas de evento sin pool suficiente (pocas SU húmedas a >200 m ese día)
2026-08-27 17:39:03,970 | ERROR   | run 14 falló: 'Codigo_pluvio'
Traceback (most recent call last):
  File "/home/oisanchezp/Thesis/src/05_Chapter/mc_common.py", line 580, in run_montecarlo
    df = build_dataset(seed)
  File "mc_set_b.py", line 113, in build_dataset
    df_no = add_rain(df_no, cache, k_list=[1, 30])
  File "/home/oisanchezp/Thesis/src/05_Chapter/mc_common.py", line 387, in add_rain
    for cod, idxs in df.groupby("Codigo_pluvio").groups.items():
  File "/home/oisanchezp/geo_env/lib/python3.8/site-packages/pandas/core/frame.py", line 8252, in groupby
    return DataFrameGroupBy(
  File "/home/oisanchezp/geo_env/lib/python3.8/site-packages/pandas/core/groupby/groupby.py", line 931, in __init__
    grouper, exclusions, obj = get_grouper(
  File "/home/oisanchezp/geo_env/lib/python3.8/site-packages/pandas/core/groupby/grouper.py", line 985, in get_grouper
    raise KeyError(gpr)
KeyError: 'Codigo_pluvio'
2026-08-27 17:39:03,971 | INFO    | === set_B | MC 16/100 | seed=115 ===
2026-08-27 17:39:05,008 | WARNING |   390 fechas de evento sin pool suficiente (pocas SU húmedas a >200 m ese día)
2026-08-27 17:39:05,009 | ERROR   | run 15 falló: 'Codigo_pluvio'
Traceback (most recent call last):
  File "/home/oisanchezp/Thesis/src/05_Chapter/mc_common.py", line 580, in run_montecarlo
    df = build_dataset(seed)
  File "mc_set_b.py", line 113, in build_dataset
    df_no = add_rain(df_no, cache, k_list=[1, 30])
  File "/home/oisanchezp/Thesis/src/05_Chapter/mc_common.py", line 387, in add_rain
    for cod, idxs in df.groupby("Codigo_pluvio").groups.items():
  File "/home/oisanchezp/geo_env/lib/python3.8/site-packages/pandas/core/frame.py", line 8252, in groupby
    return DataFrameGroupBy(
  File "/home/oisanchezp/geo_env/lib/python3.8/site-packages/pandas/core/groupby/groupby.py", line 931, in __init__
    grouper, exclusions, obj = get_grouper(
  File "/home/oisanchezp/geo_env/lib/python3.8/site-packages/pandas/core/groupby/grouper.py", line 985, in get_grouper
    raise KeyError(gpr)
KeyError: 'Codigo_pluvio'
2026-08-27 17:39:05,009 | INFO    | === set_B | MC 17/100 | seed=116 ===
2026-08-27 17:39:06,049 | WARNING |   390 fechas de evento sin pool suficiente (pocas SU húmedas a >200 m ese día)
2026-08-27 17:39:06,050 | ERROR   | run 16 falló: 'Codigo_pluvio'
Traceback (most recent call last):
  File "/home/oisanchezp/Thesis/src/05_Chapter/mc_common.py", line 580, in run_montecarlo
    df = build_dataset(seed)
  File "mc_set_b.py", line 113, in build_dataset
    df_no = add_rain(df_no, cache, k_list=[1, 30])
  File "/home/oisanchezp/Thesis/src/05_Chapter/mc_common.py", line 387, in add_rain
    for cod, idxs in df.groupby("Codigo_pluvio").groups.items():
  File "/home/oisanchezp/geo_env/lib/python3.8/site-packages/pandas/core/frame.py", line 8252, in groupby
    return DataFrameGroupBy(
  File "/home/oisanchezp/geo_env/lib/python3.8/site-packages/pandas/core/groupby/groupby.py", line 931, in __init__
    grouper, exclusions, obj = get_grouper(
  File "/home/oisanchezp/geo_env/lib/python3.8/site-packages/pandas/core/groupby/grouper.py", line 985, in get_grouper
    raise KeyError(gpr)
KeyError: 'Codigo_pluvio'
2026-08-27 17:39:06,050 | INFO    | === set_B | MC 18/100 | seed=117 ===
2026-08-27 17:39:07,095 | WARNING |   390 fechas de evento sin pool suficiente (pocas SU húmedas a >200 m ese día)
2026-08-27 17:39:07,095 | ERROR   | run 17 falló: 'Codigo_pluvio'
Traceback (most recent call last):
  File "/home/oisanchezp/Thesis/src/05_Chapter/mc_common.py", line 580, in run_montecarlo
    df = build_dataset(seed)
  File "mc_set_b.py", line 113, in build_dataset
    df_no = add_rain(df_no, cache, k_list=[1, 30])
  File "/home/oisanchezp/Thesis/src/05_Chapter/mc_common.py", line 387, in add_rain
    for cod, idxs in df.groupby("Codigo_pluvio").groups.items():
  File "/home/oisanchezp/geo_env/lib/python3.8/site-packages/pandas/core/frame.py", line 8252, in groupby
    return DataFrameGroupBy(
  File "/home/oisanchezp/geo_env/lib/python3.8/site-packages/pandas/core/groupby/groupby.py", line 931, in __init__
    grouper, exclusions, obj = get_grouper(
  File "/home/oisanchezp/geo_env/lib/python3.8/site-packages/pandas/core/groupby/grouper.py", line 985, in get_grouper
    raise KeyError(gpr)
KeyError: 'Codigo_pluvio'
2026-08-27 17:39:07,096 | INFO    | === set_B | MC 19/100 | seed=118 ===
2026-08-27 17:39:08,136 | WARNING |   390 fechas de evento sin pool suficiente (pocas SU húmedas a >200 m ese día)
2026-08-27 17:39:08,137 | ERROR   | run 18 falló: 'Codigo_pluvio'
Traceback (most recent call last):
  File "/home/oisanchezp/Thesis/src/05_Chapter/mc_common.py", line 580, in run_montecarlo
    df = build_dataset(seed)
  File "mc_set_b.py", line 113, in build_dataset
    df_no = add_rain(df_no, cache, k_list=[1, 30])
  File "/home/oisanchezp/Thesis/src/05_Chapter/mc_common.py", line 387, in add_rain
    for cod, idxs in df.groupby("Codigo_pluvio").groups.items():
  File "/home/oisanchezp/geo_env/lib/python3.8/site-packages/pandas/core/frame.py", line 8252, in groupby
    return DataFrameGroupBy(
  File "/home/oisanchezp/geo_env/lib/python3.8/site-packages/pandas/core/groupby/groupby.py", line 931, in __init__
    grouper, exclusions, obj = get_grouper(
  File "/home/oisanchezp/geo_env/lib/python3.8/site-packages/pandas/core/groupby/grouper.py", line 985, in get_grouper
    raise KeyError(gpr)
KeyError: 'Codigo_pluvio'
2026-08-27 17:39:08,137 | INFO    | === set_B | MC 20/100 | seed=119 ===
2026-08-27 17:39:09,179 | WARNING |   390 fechas de evento sin pool suficiente (pocas SU húmedas a >200 m ese día)
2026-08-27 17:39:09,179 | ERROR   | run 19 falló: 'Codigo_pluvio'
Traceback (most recent call last):
  File "/home/oisanchezp/Thesis/src/05_Chapter/mc_common.py", line 580, in run_montecarlo
    df = build_dataset(seed)
  File "mc_set_b.py", line 113, in build_dataset
    df_no = add_rain(df_no, cache, k_list=[1, 30])
  File "/home/oisanchezp/Thesis/src/05_Chapter/mc_common.py", line 387, in add_rain
    for cod, idxs in df.groupby("Codigo_pluvio").groups.items():
  File "/home/oisanchezp/geo_env/lib/python3.8/site-packages/pandas/core/frame.py", line 8252, in groupby
    return DataFrameGroupBy(
  File "/home/oisanchezp/geo_env/lib/python3.8/site-packages/pandas/core/groupby/groupby.py", line 931, in __init__
    grouper, exclusions, obj = get_grouper(
  File "/home/oisanchezp/geo_env/lib/python3.8/site-packages/pandas/core/groupby/grouper.py", line 985, in get_grouper
    raise KeyError(gpr)
KeyError: 'Codigo_pluvio'
2026-08-27 17:39:09,180 | INFO    | === set_B | MC 21/100 | seed=120 ===
2026-08-27 17:39:10,232 | WARNING |   390 fechas de evento sin pool suficiente (pocas SU húmedas a >200 m ese día)
2026-08-27 17:39:10,233 | ERROR   | run 20 falló: 'Codigo_pluvio'
Traceback (most recent call last):
  File "/home/oisanchezp/Thesis/src/05_Chapter/mc_common.py", line 580, in run_montecarlo
    df = build_dataset(seed)
  File "mc_set_b.py", line 113, in build_dataset
    df_no = add_rain(df_no, cache, k_list=[1, 30])
  File "/home/oisanchezp/Thesis/src/05_Chapter/mc_common.py", line 387, in add_rain
    for cod, idxs in df.groupby("Codigo_pluvio").groups.items():
  File "/home/oisanchezp/geo_env/lib/python3.8/site-packages/pandas/core/frame.py", line 8252, in groupby
    return DataFrameGroupBy(
  File "/home/oisanchezp/geo_env/lib/python3.8/site-packages/pandas/core/groupby/groupby.py", line 931, in __init__
    grouper, exclusions, obj = get_grouper(
  File "/home/oisanchezp/geo_env/lib/python3.8/site-packages/pandas/core/groupby/grouper.py", line 985, in get_grouper
    raise KeyError(gpr)
KeyError: 'Codigo_pluvio'
2026-08-27 17:39:10,234 | INFO    | === set_B | MC 22/100 | seed=121 ===
2026-08-27 17:39:11,292 | WARNING |   390 fechas de evento sin pool suficiente (pocas SU húmedas a >200 m ese día)
2026-08-27 17:39:11,293 | ERROR   | run 21 falló: 'Codigo_pluvio'
Traceback (most recent call last):
  File "/home/oisanchezp/Thesis/src/05_Chapter/mc_common.py", line 580, in run_montecarlo
    df = build_dataset(seed)
  File "mc_set_b.py", line 113, in build_dataset
    df_no = add_rain(df_no, cache, k_list=[1, 30])
  File "/home/oisanchezp/Thesis/src/05_Chapter/mc_common.py", line 387, in add_rain
    for cod, idxs in df.groupby("Codigo_pluvio").groups.items():
  File "/home/oisanchezp/geo_env/lib/python3.8/site-packages/pandas/core/frame.py", line 8252, in groupby
    return DataFrameGroupBy(
  File "/home/oisanchezp/geo_env/lib/python3.8/site-packages/pandas/core/groupby/groupby.py", line 931, in __init__
    grouper, exclusions, obj = get_grouper(
  File "/home/oisanchezp/geo_env/lib/python3.8/site-packages/pandas/core/groupby/grouper.py", line 985, in get_grouper
    raise KeyError(gpr)
KeyError: 'Codigo_pluvio'
2026-08-27 17:39:11,294 | INFO    | === set_B | MC 23/100 | seed=122 ===
2026-08-27 17:39:12,346 | WARNING |   390 fechas de evento sin pool suficiente (pocas SU húmedas a >200 m ese día)
2026-08-27 17:39:12,346 | ERROR   | run 22 falló: 'Codigo_pluvio'
Traceback (most recent call last):
  File "/home/oisanchezp/Thesis/src/05_Chapter/mc_common.py", line 580, in run_montecarlo
    df = build_dataset(seed)
  File "mc_set_b.py", line 113, in build_dataset
    df_no = add_rain(df_no, cache, k_list=[1, 30])
  File "/home/oisanchezp/Thesis/src/05_Chapter/mc_common.py", line 387, in add_rain
    for cod, idxs in df.groupby("Codigo_pluvio").groups.items():
  File "/home/oisanchezp/geo_env/lib/python3.8/site-packages/pandas/core/frame.py", line 8252, in groupby
    return DataFrameGroupBy(
  File "/home/oisanchezp/geo_env/lib/python3.8/site-packages/pandas/core/groupby/groupby.py", line 931, in __init__
    grouper, exclusions, obj = get_grouper(
  File "/home/oisanchezp/geo_env/lib/python3.8/site-packages/pandas/core/groupby/grouper.py", line 985, in get_grouper
    raise KeyError(gpr)
KeyError: 'Codigo_pluvio'
2026-08-27 17:39:12,347 | INFO    | === set_B | MC 24/100 | seed=123 ===
2026-08-27 17:39:13,386 | WARNING |   390 fechas de evento sin pool suficiente (pocas SU húmedas a >200 m ese día)
2026-08-27 17:39:13,387 | ERROR   | run 23 falló: 'Codigo_pluvio'
Traceback (most recent call last):
  File "/home/oisanchezp/Thesis/src/05_Chapter/mc_common.py", line 580, in run_montecarlo
    df = build_dataset(seed)
  File "mc_set_b.py", line 113, in build_dataset
    df_no = add_rain(df_no, cache, k_list=[1, 30])
  File "/home/oisanchezp/Thesis/src/05_Chapter/mc_common.py", line 387, in add_rain
    for cod, idxs in df.groupby("Codigo_pluvio").groups.items():
  File "/home/oisanchezp/geo_env/lib/python3.8/site-packages/pandas/core/frame.py", line 8252, in groupby
    return DataFrameGroupBy(
  File "/home/oisanchezp/geo_env/lib/python3.8/site-packages/pandas/core/groupby/groupby.py", line 931, in __init__
    grouper, exclusions, obj = get_grouper(
  File "/home/oisanchezp/geo_env/lib/python3.8/site-packages/pandas/core/groupby/grouper.py", line 985, in get_grouper
    raise KeyError(gpr)
KeyError: 'Codigo_pluvio'
2026-08-27 17:39:13,387 | INFO    | === set_B | MC 25/100 | seed=124 ===
2026-08-27 17:39:14,429 | WARNING |   390 fechas de evento sin pool suficiente (pocas SU húmedas a >200 m ese día)
2026-08-27 17:39:14,430 | ERROR   | run 24 falló: 'Codigo_pluvio'
Traceback (most recent call last):
  File "/home/oisanchezp/Thesis/src/05_Chapter/mc_common.py", line 580, in run_montecarlo
    df = build_dataset(seed)
  File "mc_set_b.py", line 113, in build_dataset
    df_no = add_rain(df_no, cache, k_list=[1, 30])
  File "/home/oisanchezp/Thesis/src/05_Chapter/mc_common.py", line 387, in add_rain
    for cod, idxs in df.groupby("Codigo_pluvio").groups.items():
  File "/home/oisanchezp/geo_env/lib/python3.8/site-packages/pandas/core/frame.py", line 8252, in groupby
    return DataFrameGroupBy(
  File "/home/oisanchezp/geo_env/lib/python3.8/site-packages/pandas/core/groupby/groupby.py", line 931, in __init__
    grouper, exclusions, obj = get_grouper(
  File "/home/oisanchezp/geo_env/lib/python3.8/site-packages/pandas/core/groupby/grouper.py", line 985, in get_grouper
    raise KeyError(gpr)
KeyError: 'Codigo_pluvio'
2026-08-27 17:39:14,430 | INFO    | === set_B | MC 26/100 | seed=125 ===
2026-08-27 17:39:15,480 | WARNING |   390 fechas de evento sin pool suficiente (pocas SU húmedas a >200 m ese día)
2026-08-27 17:39:15,481 | ERROR   | run 25 falló: 'Codigo_pluvio'
Traceback (most recent call last):
  File "/home/oisanchezp/Thesis/src/05_Chapter/mc_common.py", line 580, in run_montecarlo
    df = build_dataset(seed)
  File "mc_set_b.py", line 113, in build_dataset
    df_no = add_rain(df_no, cache, k_list=[1, 30])
  File "/home/oisanchezp/Thesis/src/05_Chapter/mc_common.py", line 387, in add_rain
    for cod, idxs in df.groupby("Codigo_pluvio").groups.items():
  File "/home/oisanchezp/geo_env/lib/python3.8/site-packages/pandas/core/frame.py", line 8252, in groupby
    return DataFrameGroupBy(
  File "/home/oisanchezp/geo_env/lib/python3.8/site-packages/pandas/core/groupby/groupby.py", line 931, in __init__
    grouper, exclusions, obj = get_grouper(
  File "/home/oisanchezp/geo_env/lib/python3.8/site-packages/pandas/core/groupby/grouper.py", line 985, in get_grouper
    raise KeyError(gpr)
KeyError: 'Codigo_pluvio'
2026-08-27 17:39:15,481 | INFO    | === set_B | MC 27/100 | seed=126 ===
2026-08-27 17:39:16,515 | WARNING |   390 fechas de evento sin pool suficiente (pocas SU húmedas a >200 m ese día)
2026-08-27 17:39:16,515 | ERROR   | run 26 falló: 'Codigo_pluvio'
Traceback (most recent call last):
  File "/home/oisanchezp/Thesis/src/05_Chapter/mc_common.py", line 580, in run_montecarlo
    df = build_dataset(seed)
  File "mc_set_b.py", line 113, in build_dataset
    df_no = add_rain(df_no, cache, k_list=[1, 30])
  File "/home/oisanchezp/Thesis/src/05_Chapter/mc_common.py", line 387, in add_rain
    for cod, idxs in df.groupby("Codigo_pluvio").groups.items():
  File "/home/oisanchezp/geo_env/lib/python3.8/site-packages/pandas/core/frame.py", line 8252, in groupby
    return DataFrameGroupBy(
  File "/home/oisanchezp/geo_env/lib/python3.8/site-packages/pandas/core/groupby/groupby.py", line 931, in __init__
    grouper, exclusions, obj = get_grouper(
  File "/home/oisanchezp/geo_env/lib/python3.8/site-packages/pandas/core/groupby/grouper.py", line 985, in get_grouper
    raise KeyError(gpr)
KeyError: 'Codigo_pluvio'
2026-08-27 17:39:16,516 | INFO    | === set_B | MC 28/100 | seed=127 ===
2026-08-27 17:39:17,559 | WARNING |   390 fechas de evento sin pool suficiente (pocas SU húmedas a >200 m ese día)
2026-08-27 17:39:17,560 | ERROR   | run 27 falló: 'Codigo_pluvio'
Traceback (most recent call last):
  File "/home/oisanchezp/Thesis/src/05_Chapter/mc_common.py", line 580, in run_montecarlo
    df = build_dataset(seed)
  File "mc_set_b.py", line 113, in build_dataset
    df_no = add_rain(df_no, cache, k_list=[1, 30])
  File "/home/oisanchezp/Thesis/src/05_Chapter/mc_common.py", line 387, in add_rain
    for cod, idxs in df.groupby("Codigo_pluvio").groups.items():
  File "/home/oisanchezp/geo_env/lib/python3.8/site-packages/pandas/core/frame.py", line 8252, in groupby
    return DataFrameGroupBy(
  File "/home/oisanchezp/geo_env/lib/python3.8/site-packages/pandas/core/groupby/groupby.py", line 931, in __init__
    grouper, exclusions, obj = get_grouper(
  File "/home/oisanchezp/geo_env/lib/python3.8/site-packages/pandas/core/groupby/grouper.py", line 985, in get_grouper
    raise KeyError(gpr)
KeyError: 'Codigo_pluvio'
2026-08-27 17:39:17,561 | INFO    | === set_B | MC 29/100 | seed=128 ===
2026-08-27 17:39:18,594 | WARNING |   390 fechas de evento sin pool suficiente (pocas SU húmedas a >200 m ese día)
2026-08-27 17:39:18,595 | ERROR   | run 28 falló: 'Codigo_pluvio'
Traceback (most recent call last):
  File "/home/oisanchezp/Thesis/src/05_Chapter/mc_common.py", line 580, in run_montecarlo
    df = build_dataset(seed)
  File "mc_set_b.py", line 113, in build_dataset
    df_no = add_rain(df_no, cache, k_list=[1, 30])
  File "/home/oisanchezp/Thesis/src/05_Chapter/mc_common.py", line 387, in add_rain
    for cod, idxs in df.groupby("Codigo_pluvio").groups.items():
  File "/home/oisanchezp/geo_env/lib/python3.8/site-packages/pandas/core/frame.py", line 8252, in groupby
    return DataFrameGroupBy(
  File "/home/oisanchezp/geo_env/lib/python3.8/site-packages/pandas/core/groupby/groupby.py", line 931, in __init__
    grouper, exclusions, obj = get_grouper(
  File "/home/oisanchezp/geo_env/lib/python3.8/site-packages/pandas/core/groupby/grouper.py", line 985, in get_grouper
    raise KeyError(gpr)
KeyError: 'Codigo_pluvio'
2026-08-27 17:39:18,595 | INFO    | === set_B | MC 30/100 | seed=129 ===
2026-08-27 17:39:19,639 | WARNING |   390 fechas de evento sin pool suficiente (pocas SU húmedas a >200 m ese día)
2026-08-27 17:39:19,640 | ERROR   | run 29 falló: 'Codigo_pluvio'
Traceback (most recent call last):
  File "/home/oisanchezp/Thesis/src/05_Chapter/mc_common.py", line 580, in run_montecarlo
    df = build_dataset(seed)
  File "mc_set_b.py", line 113, in build_dataset
    df_no = add_rain(df_no, cache, k_list=[1, 30])
  File "/home/oisanchezp/Thesis/src/05_Chapter/mc_common.py", line 387, in add_rain
    for cod, idxs in df.groupby("Codigo_pluvio").groups.items():
  File "/home/oisanchezp/geo_env/lib/python3.8/site-packages/pandas/core/frame.py", line 8252, in groupby
    return DataFrameGroupBy(
  File "/home/oisanchezp/geo_env/lib/python3.8/site-packages/pandas/core/groupby/groupby.py", line 931, in __init__
    grouper, exclusions, obj = get_grouper(
  File "/home/oisanchezp/geo_env/lib/python3.8/site-packages/pandas/core/groupby/grouper.py", line 985, in get_grouper
    raise KeyError(gpr)
KeyError: 'Codigo_pluvio'
2026-08-27 17:39:19,640 | INFO    | === set_B | MC 31/100 | seed=130 ===
2026-08-27 17:39:20,673 | WARNING |   390 fechas de evento sin pool suficiente (pocas SU húmedas a >200 m ese día)
2026-08-27 17:39:20,674 | ERROR   | run 30 falló: 'Codigo_pluvio'
Traceback (most recent call last):
  File "/home/oisanchezp/Thesis/src/05_Chapter/mc_common.py", line 580, in run_montecarlo
    df = build_dataset(seed)
  File "mc_set_b.py", line 113, in build_dataset
    df_no = add_rain(df_no, cache, k_list=[1, 30])
  File "/home/oisanchezp/Thesis/src/05_Chapter/mc_common.py", line 387, in add_rain
    for cod, idxs in df.groupby("Codigo_pluvio").groups.items():
  File "/home/oisanchezp/geo_env/lib/python3.8/site-packages/pandas/core/frame.py", line 8252, in groupby
    return DataFrameGroupBy(
  File "/home/oisanchezp/geo_env/lib/python3.8/site-packages/pandas/core/groupby/groupby.py", line 931, in __init__
    grouper, exclusions, obj = get_grouper(
  File "/home/oisanchezp/geo_env/lib/python3.8/site-packages/pandas/core/groupby/grouper.py", line 985, in get_grouper
    raise KeyError(gpr)
KeyError: 'Codigo_pluvio'
2026-08-27 17:39:20,674 | INFO    | === set_B | MC 32/100 | seed=131 ===
2026-08-27 17:39:21,717 | WARNING |   390 fechas de evento sin pool suficiente (pocas SU húmedas a >200 m ese día)
2026-08-27 17:39:21,718 | ERROR   | run 31 falló: 'Codigo_pluvio'
Traceback (most recent call last):
  File "/home/oisanchezp/Thesis/src/05_Chapter/mc_common.py", line 580, in run_montecarlo
    df = build_dataset(seed)
  File "mc_set_b.py", line 113, in build_dataset
    df_no = add_rain(df_no, cache, k_list=[1, 30])
  File "/home/oisanchezp/Thesis/src/05_Chapter/mc_common.py", line 387, in add_rain
    for cod, idxs in df.groupby("Codigo_pluvio").groups.items():
  File "/home/oisanchezp/geo_env/lib/python3.8/site-packages/pandas/core/frame.py", line 8252, in groupby
    return DataFrameGroupBy(
  File "/home/oisanchezp/geo_env/lib/python3.8/site-packages/pandas/core/groupby/groupby.py", line 931, in __init__
    grouper, exclusions, obj = get_grouper(
  File "/home/oisanchezp/geo_env/lib/python3.8/site-packages/pandas/core/groupby/grouper.py", line 985, in get_grouper
    raise KeyError(gpr)
KeyError: 'Codigo_pluvio'
2026-08-27 17:39:21,718 | INFO    | === set_B | MC 33/100 | seed=132 ===
2026-08-27 17:39:22,749 | WARNING |   390 fechas de evento sin pool suficiente (pocas SU húmedas a >200 m ese día)
2026-08-27 17:39:22,750 | ERROR   | run 32 falló: 'Codigo_pluvio'
Traceback (most recent call last):
  File "/home/oisanchezp/Thesis/src/05_Chapter/mc_common.py", line 580, in run_montecarlo
    df = build_dataset(seed)
  File "mc_set_b.py", line 113, in build_dataset
    df_no = add_rain(df_no, cache, k_list=[1, 30])
  File "/home/oisanchezp/Thesis/src/05_Chapter/mc_common.py", line 387, in add_rain
    for cod, idxs in df.groupby("Codigo_pluvio").groups.items():
  File "/home/oisanchezp/geo_env/lib/python3.8/site-packages/pandas/core/frame.py", line 8252, in groupby
    return DataFrameGroupBy(
  File "/home/oisanchezp/geo_env/lib/python3.8/site-packages/pandas/core/groupby/groupby.py", line 931, in __init__
    grouper, exclusions, obj = get_grouper(
  File "/home/oisanchezp/geo_env/lib/python3.8/site-packages/pandas/core/groupby/grouper.py", line 985, in get_grouper
    raise KeyError(gpr)
KeyError: 'Codigo_pluvio'
2026-08-27 17:39:22,750 | INFO    | === set_B | MC 34/100 | seed=133 ===
2026-08-27 17:39:23,794 | WARNING |   390 fechas de evento sin pool suficiente (pocas SU húmedas a >200 m ese día)
2026-08-27 17:39:23,795 | ERROR   | run 33 falló: 'Codigo_pluvio'
Traceback (most recent call last):
  File "/home/oisanchezp/Thesis/src/05_Chapter/mc_common.py", line 580, in run_montecarlo
    df = build_dataset(seed)
  File "mc_set_b.py", line 113, in build_dataset
    df_no = add_rain(df_no, cache, k_list=[1, 30])
  File "/home/oisanchezp/Thesis/src/05_Chapter/mc_common.py", line 387, in add_rain
    for cod, idxs in df.groupby("Codigo_pluvio").groups.items():
  File "/home/oisanchezp/geo_env/lib/python3.8/site-packages/pandas/core/frame.py", line 8252, in groupby
    return DataFrameGroupBy(
  File "/home/oisanchezp/geo_env/lib/python3.8/site-packages/pandas/core/groupby/groupby.py", line 931, in __init__
    grouper, exclusions, obj = get_grouper(
  File "/home/oisanchezp/geo_env/lib/python3.8/site-packages/pandas/core/groupby/grouper.py", line 985, in get_grouper
    raise KeyError(gpr)
KeyError: 'Codigo_pluvio'
2026-08-27 17:39:23,795 | INFO    | === set_B | MC 35/100 | seed=134 ===
2026-08-27 17:39:24,831 | WARNING |   390 fechas de evento sin pool suficiente (pocas SU húmedas a >200 m ese día)
2026-08-27 17:39:24,831 | ERROR   | run 34 falló: 'Codigo_pluvio'
Traceback (most recent call last):
  File "/home/oisanchezp/Thesis/src/05_Chapter/mc_common.py", line 580, in run_montecarlo
    df = build_dataset(seed)
  File "mc_set_b.py", line 113, in build_dataset
    df_no = add_rain(df_no, cache, k_list=[1, 30])
  File "/home/oisanchezp/Thesis/src/05_Chapter/mc_common.py", line 387, in add_rain
    for cod, idxs in df.groupby("Codigo_pluvio").groups.items():
  File "/home/oisanchezp/geo_env/lib/python3.8/site-packages/pandas/core/frame.py", line 8252, in groupby
    return DataFrameGroupBy(
  File "/home/oisanchezp/geo_env/lib/python3.8/site-packages/pandas/core/groupby/groupby.py", line 931, in __init__
    grouper, exclusions, obj = get_grouper(
  File "/home/oisanchezp/geo_env/lib/python3.8/site-packages/pandas/core/groupby/grouper.py", line 985, in get_grouper
    raise KeyError(gpr)
KeyError: 'Codigo_pluvio'
2026-08-27 17:39:24,832 | INFO    | === set_B | MC 36/100 | seed=135 ===
2026-08-27 17:39:25,894 | WARNING |   390 fechas de evento sin pool suficiente (pocas SU húmedas a >200 m ese día)
2026-08-27 17:39:25,894 | ERROR   | run 35 falló: 'Codigo_pluvio'
Traceback (most recent call last):
  File "/home/oisanchezp/Thesis/src/05_Chapter/mc_common.py", line 580, in run_montecarlo
    df = build_dataset(seed)
  File "mc_set_b.py", line 113, in build_dataset
    df_no = add_rain(df_no, cache, k_list=[1, 30])
  File "/home/oisanchezp/Thesis/src/05_Chapter/mc_common.py", line 387, in add_rain
    for cod, idxs in df.groupby("Codigo_pluvio").groups.items():
  File "/home/oisanchezp/geo_env/lib/python3.8/site-packages/pandas/core/frame.py", line 8252, in groupby
    return DataFrameGroupBy(
  File "/home/oisanchezp/geo_env/lib/python3.8/site-packages/pandas/core/groupby/groupby.py", line 931, in __init__
    grouper, exclusions, obj = get_grouper(
  File "/home/oisanchezp/geo_env/lib/python3.8/site-packages/pandas/core/groupby/grouper.py", line 985, in get_grouper
    raise KeyError(gpr)
KeyError: 'Codigo_pluvio'
2026-08-27 17:39:25,895 | INFO    | === set_B | MC 37/100 | seed=136 ===
2026-08-27 17:39:26,933 | WARNING |   390 fechas de evento sin pool suficiente (pocas SU húmedas a >200 m ese día)
2026-08-27 17:39:26,934 | ERROR   | run 36 falló: 'Codigo_pluvio'
Traceback (most recent call last):
  File "/home/oisanchezp/Thesis/src/05_Chapter/mc_common.py", line 580, in run_montecarlo
    df = build_dataset(seed)
  File "mc_set_b.py", line 113, in build_dataset
    df_no = add_rain(df_no, cache, k_list=[1, 30])
  File "/home/oisanchezp/Thesis/src/05_Chapter/mc_common.py", line 387, in add_rain
    for cod, idxs in df.groupby("Codigo_pluvio").groups.items():
  File "/home/oisanchezp/geo_env/lib/python3.8/site-packages/pandas/core/frame.py", line 8252, in groupby
    return DataFrameGroupBy(
  File "/home/oisanchezp/geo_env/lib/python3.8/site-packages/pandas/core/groupby/groupby.py", line 931, in __init__
    grouper, exclusions, obj = get_grouper(
  File "/home/oisanchezp/geo_env/lib/python3.8/site-packages/pandas/core/groupby/grouper.py", line 985, in get_grouper
    raise KeyError(gpr)
KeyError: 'Codigo_pluvio'
2026-08-27 17:39:26,934 | INFO    | === set_B | MC 38/100 | seed=137 ===
2026-08-27 17:39:27,975 | WARNING |   390 fechas de evento sin pool suficiente (pocas SU húmedas a >200 m ese día)
2026-08-27 17:39:27,976 | ERROR   | run 37 falló: 'Codigo_pluvio'
Traceback (most recent call last):
  File "/home/oisanchezp/Thesis/src/05_Chapter/mc_common.py", line 580, in run_montecarlo
    df = build_dataset(seed)
  File "mc_set_b.py", line 113, in build_dataset
    df_no = add_rain(df_no, cache, k_list=[1, 30])
  File "/home/oisanchezp/Thesis/src/05_Chapter/mc_common.py", line 387, in add_rain
    for cod, idxs in df.groupby("Codigo_pluvio").groups.items():
  File "/home/oisanchezp/geo_env/lib/python3.8/site-packages/pandas/core/frame.py", line 8252, in groupby
    return DataFrameGroupBy(
  File "/home/oisanchezp/geo_env/lib/python3.8/site-packages/pandas/core/groupby/groupby.py", line 931, in __init__
    grouper, exclusions, obj = get_grouper(
  File "/home/oisanchezp/geo_env/lib/python3.8/site-packages/pandas/core/groupby/grouper.py", line 985, in get_grouper
    raise KeyError(gpr)
KeyError: 'Codigo_pluvio'
2026-08-27 17:39:27,977 | INFO    | === set_B | MC 39/100 | seed=138 ===
2026-08-27 17:39:29,021 | WARNING |   390 fechas de evento sin pool suficiente (pocas SU húmedas a >200 m ese día)
2026-08-27 17:39:29,021 | ERROR   | run 38 falló: 'Codigo_pluvio'
Traceback (most recent call last):
  File "/home/oisanchezp/Thesis/src/05_Chapter/mc_common.py", line 580, in run_montecarlo
    df = build_dataset(seed)
  File "mc_set_b.py", line 113, in build_dataset
    df_no = add_rain(df_no, cache, k_list=[1, 30])
  File "/home/oisanchezp/Thesis/src/05_Chapter/mc_common.py", line 387, in add_rain
    for cod, idxs in df.groupby("Codigo_pluvio").groups.items():
  File "/home/oisanchezp/geo_env/lib/python3.8/site-packages/pandas/core/frame.py", line 8252, in groupby
    return DataFrameGroupBy(
  File "/home/oisanchezp/geo_env/lib/python3.8/site-packages/pandas/core/groupby/groupby.py", line 931, in __init__
    grouper, exclusions, obj = get_grouper(
  File "/home/oisanchezp/geo_env/lib/python3.8/site-packages/pandas/core/groupby/grouper.py", line 985, in get_grouper
    raise KeyError(gpr)
KeyError: 'Codigo_pluvio'
2026-08-27 17:39:29,022 | INFO    | === set_B | MC 40/100 | seed=139 ===
2026-08-27 17:39:30,065 | WARNING |   390 fechas de evento sin pool suficiente (pocas SU húmedas a >200 m ese día)
2026-08-27 17:39:30,066 | ERROR   | run 39 falló: 'Codigo_pluvio'
Traceback (most recent call last):
  File "/home/oisanchezp/Thesis/src/05_Chapter/mc_common.py", line 580, in run_montecarlo
    df = build_dataset(seed)
  File "mc_set_b.py", line 113, in build_dataset
    df_no = add_rain(df_no, cache, k_list=[1, 30])
  File "/home/oisanchezp/Thesis/src/05_Chapter/mc_common.py", line 387, in add_rain
    for cod, idxs in df.groupby("Codigo_pluvio").groups.items():
  File "/home/oisanchezp/geo_env/lib/python3.8/site-packages/pandas/core/frame.py", line 8252, in groupby
    return DataFrameGroupBy(
  File "/home/oisanchezp/geo_env/lib/python3.8/site-packages/pandas/core/groupby/groupby.py", line 931, in __init__
    grouper, exclusions, obj = get_grouper(
  File "/home/oisanchezp/geo_env/lib/python3.8/site-packages/pandas/core/groupby/grouper.py", line 985, in get_grouper
    raise KeyError(gpr)
KeyError: 'Codigo_pluvio'
2026-08-27 17:39:30,067 | INFO    | === set_B | MC 41/100 | seed=140 ===
2026-08-27 17:39:31,111 | WARNING |   390 fechas de evento sin pool suficiente (pocas SU húmedas a >200 m ese día)
2026-08-27 17:39:31,112 | ERROR   | run 40 falló: 'Codigo_pluvio'
Traceback (most recent call last):
  File "/home/oisanchezp/Thesis/src/05_Chapter/mc_common.py", line 580, in run_montecarlo
    df = build_dataset(seed)
  File "mc_set_b.py", line 113, in build_dataset
    df_no = add_rain(df_no, cache, k_list=[1, 30])
  File "/home/oisanchezp/Thesis/src/05_Chapter/mc_common.py", line 387, in add_rain
    for cod, idxs in df.groupby("Codigo_pluvio").groups.items():
  File "/home/oisanchezp/geo_env/lib/python3.8/site-packages/pandas/core/frame.py", line 8252, in groupby
    return DataFrameGroupBy(
  File "/home/oisanchezp/geo_env/lib/python3.8/site-packages/pandas/core/groupby/groupby.py", line 931, in __init__
    grouper, exclusions, obj = get_grouper(
  File "/home/oisanchezp/geo_env/lib/python3.8/site-packages/pandas/core/groupby/grouper.py", line 985, in get_grouper
    raise KeyError(gpr)
KeyError: 'Codigo_pluvio'
2026-08-27 17:39:31,113 | INFO    | === set_B | MC 42/100 | seed=141 ===
2026-08-27 17:39:32,177 | WARNING |   390 fechas de evento sin pool suficiente (pocas SU húmedas a >200 m ese día)
2026-08-27 17:39:32,178 | ERROR   | run 41 falló: 'Codigo_pluvio'
Traceback (most recent call last):
  File "/home/oisanchezp/Thesis/src/05_Chapter/mc_common.py", line 580, in run_montecarlo
    df = build_dataset(seed)
  File "mc_set_b.py", line 113, in build_dataset
    df_no = add_rain(df_no, cache, k_list=[1, 30])
  File "/home/oisanchezp/Thesis/src/05_Chapter/mc_common.py", line 387, in add_rain
    for cod, idxs in df.groupby("Codigo_pluvio").groups.items():
  File "/home/oisanchezp/geo_env/lib/python3.8/site-packages/pandas/core/frame.py", line 8252, in groupby
    return DataFrameGroupBy(
  File "/home/oisanchezp/geo_env/lib/python3.8/site-packages/pandas/core/groupby/groupby.py", line 931, in __init__
    grouper, exclusions, obj = get_grouper(
  File "/home/oisanchezp/geo_env/lib/python3.8/site-packages/pandas/core/groupby/grouper.py", line 985, in get_grouper
    raise KeyError(gpr)
KeyError: 'Codigo_pluvio'
2026-08-27 17:39:32,178 | INFO    | === set_B | MC 43/100 | seed=142 ===
2026-08-27 17:39:33,220 | WARNING |   390 fechas de evento sin pool suficiente (pocas SU húmedas a >200 m ese día)
2026-08-27 17:39:33,220 | ERROR   | run 42 falló: 'Codigo_pluvio'
Traceback (most recent call last):
  File "/home/oisanchezp/Thesis/src/05_Chapter/mc_common.py", line 580, in run_montecarlo
    df = build_dataset(seed)
  File "mc_set_b.py", line 113, in build_dataset
    df_no = add_rain(df_no, cache, k_list=[1, 30])
  File "/home/oisanchezp/Thesis/src/05_Chapter/mc_common.py", line 387, in add_rain
    for cod, idxs in df.groupby("Codigo_pluvio").groups.items():
  File "/home/oisanchezp/geo_env/lib/python3.8/site-packages/pandas/core/frame.py", line 8252, in groupby
    return DataFrameGroupBy(
  File "/home/oisanchezp/geo_env/lib/python3.8/site-packages/pandas/core/groupby/groupby.py", line 931, in __init__
    grouper, exclusions, obj = get_grouper(
  File "/home/oisanchezp/geo_env/lib/python3.8/site-packages/pandas/core/groupby/grouper.py", line 985, in get_grouper
    raise KeyError(gpr)
KeyError: 'Codigo_pluvio'
2026-08-27 17:39:33,221 | INFO    | === set_B | MC 44/100 | seed=143 ===
2026-08-27 17:39:34,262 | WARNING |   390 fechas de evento sin pool suficiente (pocas SU húmedas a >200 m ese día)
2026-08-27 17:39:34,263 | ERROR   | run 43 falló: 'Codigo_pluvio'
Traceback (most recent call last):
  File "/home/oisanchezp/Thesis/src/05_Chapter/mc_common.py", line 580, in run_montecarlo
    df = build_dataset(seed)
  File "mc_set_b.py", line 113, in build_dataset
    df_no = add_rain(df_no, cache, k_list=[1, 30])
  File "/home/oisanchezp/Thesis/src/05_Chapter/mc_common.py", line 387, in add_rain
    for cod, idxs in df.groupby("Codigo_pluvio").groups.items():
  File "/home/oisanchezp/geo_env/lib/python3.8/site-packages/pandas/core/frame.py", line 8252, in groupby
    return DataFrameGroupBy(
  File "/home/oisanchezp/geo_env/lib/python3.8/site-packages/pandas/core/groupby/groupby.py", line 931, in __init__
    grouper, exclusions, obj = get_grouper(
  File "/home/oisanchezp/geo_env/lib/python3.8/site-packages/pandas/core/groupby/grouper.py", line 985, in get_grouper
    raise KeyError(gpr)
KeyError: 'Codigo_pluvio'
2026-08-27 17:39:34,263 | INFO    | === set_B | MC 45/100 | seed=144 ===
2026-08-27 17:39:35,312 | WARNING |   390 fechas de evento sin pool suficiente (pocas SU húmedas a >200 m ese día)
2026-08-27 17:39:35,313 | ERROR   | run 44 falló: 'Codigo_pluvio'
Traceback (most recent call last):
  File "/home/oisanchezp/Thesis/src/05_Chapter/mc_common.py", line 580, in run_montecarlo
    df = build_dataset(seed)
  File "mc_set_b.py", line 113, in build_dataset
    df_no = add_rain(df_no, cache, k_list=[1, 30])
  File "/home/oisanchezp/Thesis/src/05_Chapter/mc_common.py", line 387, in add_rain
    for cod, idxs in df.groupby("Codigo_pluvio").groups.items():
  File "/home/oisanchezp/geo_env/lib/python3.8/site-packages/pandas/core/frame.py", line 8252, in groupby
    return DataFrameGroupBy(
  File "/home/oisanchezp/geo_env/lib/python3.8/site-packages/pandas/core/groupby/groupby.py", line 931, in __init__
    grouper, exclusions, obj = get_grouper(
  File "/home/oisanchezp/geo_env/lib/python3.8/site-packages/pandas/core/groupby/grouper.py", line 985, in get_grouper
    raise KeyError(gpr)
KeyError: 'Codigo_pluvio'
2026-08-27 17:39:35,313 | INFO    | === set_B | MC 46/100 | seed=145 ===
2026-08-27 17:39:36,360 | WARNING |   390 fechas de evento sin pool suficiente (pocas SU húmedas a >200 m ese día)
2026-08-27 17:39:36,361 | ERROR   | run 45 falló: 'Codigo_pluvio'
Traceback (most recent call last):
  File "/home/oisanchezp/Thesis/src/05_Chapter/mc_common.py", line 580, in run_montecarlo
    df = build_dataset(seed)
  File "mc_set_b.py", line 113, in build_dataset
    df_no = add_rain(df_no, cache, k_list=[1, 30])
  File "/home/oisanchezp/Thesis/src/05_Chapter/mc_common.py", line 387, in add_rain
    for cod, idxs in df.groupby("Codigo_pluvio").groups.items():
  File "/home/oisanchezp/geo_env/lib/python3.8/site-packages/pandas/core/frame.py", line 8252, in groupby
    return DataFrameGroupBy(
  File "/home/oisanchezp/geo_env/lib/python3.8/site-packages/pandas/core/groupby/groupby.py", line 931, in __init__
    grouper, exclusions, obj = get_grouper(
  File "/home/oisanchezp/geo_env/lib/python3.8/site-packages/pandas/core/groupby/grouper.py", line 985, in get_grouper
    raise KeyError(gpr)
KeyError: 'Codigo_pluvio'
2026-08-27 17:39:36,362 | INFO    | === set_B | MC 47/100 | seed=146 ===
2026-08-27 17:39:37,405 | WARNING |   390 fechas de evento sin pool suficiente (pocas SU húmedas a >200 m ese día)
2026-08-27 17:39:37,406 | ERROR   | run 46 falló: 'Codigo_pluvio'
Traceback (most recent call last):
  File "/home/oisanchezp/Thesis/src/05_Chapter/mc_common.py", line 580, in run_montecarlo
    df = build_dataset(seed)
  File "mc_set_b.py", line 113, in build_dataset
    df_no = add_rain(df_no, cache, k_list=[1, 30])
  File "/home/oisanchezp/Thesis/src/05_Chapter/mc_common.py", line 387, in add_rain
    for cod, idxs in df.groupby("Codigo_pluvio").groups.items():
  File "/home/oisanchezp/geo_env/lib/python3.8/site-packages/pandas/core/frame.py", line 8252, in groupby
    return DataFrameGroupBy(
  File "/home/oisanchezp/geo_env/lib/python3.8/site-packages/pandas/core/groupby/groupby.py", line 931, in __init__
    grouper, exclusions, obj = get_grouper(
  File "/home/oisanchezp/geo_env/lib/python3.8/site-packages/pandas/core/groupby/grouper.py", line 985, in get_grouper
    raise KeyError(gpr)
KeyError: 'Codigo_pluvio'
2026-08-27 17:39:37,406 | INFO    | === set_B | MC 48/100 | seed=147 ===
2026-08-27 17:39:38,446 | WARNING |   390 fechas de evento sin pool suficiente (pocas SU húmedas a >200 m ese día)
2026-08-27 17:39:38,447 | ERROR   | run 47 falló: 'Codigo_pluvio'
Traceback (most recent call last):
  File "/home/oisanchezp/Thesis/src/05_Chapter/mc_common.py", line 580, in run_montecarlo
    df = build_dataset(seed)
  File "mc_set_b.py", line 113, in build_dataset
    df_no = add_rain(df_no, cache, k_list=[1, 30])
  File "/home/oisanchezp/Thesis/src/05_Chapter/mc_common.py", line 387, in add_rain
    for cod, idxs in df.groupby("Codigo_pluvio").groups.items():
  File "/home/oisanchezp/geo_env/lib/python3.8/site-packages/pandas/core/frame.py", line 8252, in groupby
    return DataFrameGroupBy(
  File "/home/oisanchezp/geo_env/lib/python3.8/site-packages/pandas/core/groupby/groupby.py", line 931, in __init__
    grouper, exclusions, obj = get_grouper(
  File "/home/oisanchezp/geo_env/lib/python3.8/site-packages/pandas/core/groupby/grouper.py", line 985, in get_grouper
    raise KeyError(gpr)
KeyError: 'Codigo_pluvio'
2026-08-27 17:39:38,447 | INFO    | === set_B | MC 49/100 | seed=148 ===
2026-08-27 17:39:39,479 | WARNING |   390 fechas de evento sin pool suficiente (pocas SU húmedas a >200 m ese día)
2026-08-27 17:39:39,480 | ERROR   | run 48 falló: 'Codigo_pluvio'
Traceback (most recent call last):
  File "/home/oisanchezp/Thesis/src/05_Chapter/mc_common.py", line 580, in run_montecarlo
    df = build_dataset(seed)
  File "mc_set_b.py", line 113, in build_dataset
    df_no = add_rain(df_no, cache, k_list=[1, 30])
  File "/home/oisanchezp/Thesis/src/05_Chapter/mc_common.py", line 387, in add_rain
    for cod, idxs in df.groupby("Codigo_pluvio").groups.items():
  File "/home/oisanchezp/geo_env/lib/python3.8/site-packages/pandas/core/frame.py", line 8252, in groupby
    return DataFrameGroupBy(
  File "/home/oisanchezp/geo_env/lib/python3.8/site-packages/pandas/core/groupby/groupby.py", line 931, in __init__
    grouper, exclusions, obj = get_grouper(
  File "/home/oisanchezp/geo_env/lib/python3.8/site-packages/pandas/core/groupby/grouper.py", line 985, in get_grouper
    raise KeyError(gpr)
KeyError: 'Codigo_pluvio'
2026-08-27 17:39:39,481 | INFO    | === set_B | MC 50/100 | seed=149 ===
2026-08-27 17:39:40,552 | WARNING |   390 fechas de evento sin pool suficiente (pocas SU húmedas a >200 m ese día)
2026-08-27 17:39:40,553 | ERROR   | run 49 falló: 'Codigo_pluvio'
Traceback (most recent call last):
  File "/home/oisanchezp/Thesis/src/05_Chapter/mc_common.py", line 580, in run_montecarlo
    df = build_dataset(seed)
  File "mc_set_b.py", line 113, in build_dataset
    df_no = add_rain(df_no, cache, k_list=[1, 30])
  File "/home/oisanchezp/Thesis/src/05_Chapter/mc_common.py", line 387, in add_rain
    for cod, idxs in df.groupby("Codigo_pluvio").groups.items():
  File "/home/oisanchezp/geo_env/lib/python3.8/site-packages/pandas/core/frame.py", line 8252, in groupby
    return DataFrameGroupBy(
  File "/home/oisanchezp/geo_env/lib/python3.8/site-packages/pandas/core/groupby/groupby.py", line 931, in __init__
    grouper, exclusions, obj = get_grouper(
  File "/home/oisanchezp/geo_env/lib/python3.8/site-packages/pandas/core/groupby/grouper.py", line 985, in get_grouper
    raise KeyError(gpr)
KeyError: 'Codigo_pluvio'
2026-08-27 17:39:40,553 | INFO    | === set_B | MC 51/100 | seed=150 ===
2026-08-27 17:39:41,596 | WARNING |   390 fechas de evento sin pool suficiente (pocas SU húmedas a >200 m ese día)
2026-08-27 17:39:41,597 | ERROR   | run 50 falló: 'Codigo_pluvio'
Traceback (most recent call last):
  File "/home/oisanchezp/Thesis/src/05_Chapter/mc_common.py", line 580, in run_montecarlo
    df = build_dataset(seed)
  File "mc_set_b.py", line 113, in build_dataset
    df_no = add_rain(df_no, cache, k_list=[1, 30])
  File "/home/oisanchezp/Thesis/src/05_Chapter/mc_common.py", line 387, in add_rain
    for cod, idxs in df.groupby("Codigo_pluvio").groups.items():
  File "/home/oisanchezp/geo_env/lib/python3.8/site-packages/pandas/core/frame.py", line 8252, in groupby
    return DataFrameGroupBy(
  File "/home/oisanchezp/geo_env/lib/python3.8/site-packages/pandas/core/groupby/groupby.py", line 931, in __init__
    grouper, exclusions, obj = get_grouper(
  File "/home/oisanchezp/geo_env/lib/python3.8/site-packages/pandas/core/groupby/grouper.py", line 985, in get_grouper
    raise KeyError(gpr)
KeyError: 'Codigo_pluvio'
2026-08-27 17:39:41,597 | INFO    | === set_B | MC 52/100 | seed=151 ===
2026-08-27 17:39:42,637 | WARNING |   390 fechas de evento sin pool suficiente (pocas SU húmedas a >200 m ese día)
2026-08-27 17:39:42,638 | ERROR   | run 51 falló: 'Codigo_pluvio'
Traceback (most recent call last):
  File "/home/oisanchezp/Thesis/src/05_Chapter/mc_common.py", line 580, in run_montecarlo
    df = build_dataset(seed)
  File "mc_set_b.py", line 113, in build_dataset
    df_no = add_rain(df_no, cache, k_list=[1, 30])
  File "/home/oisanchezp/Thesis/src/05_Chapter/mc_common.py", line 387, in add_rain
    for cod, idxs in df.groupby("Codigo_pluvio").groups.items():
  File "/home/oisanchezp/geo_env/lib/python3.8/site-packages/pandas/core/frame.py", line 8252, in groupby
    return DataFrameGroupBy(
  File "/home/oisanchezp/geo_env/lib/python3.8/site-packages/pandas/core/groupby/groupby.py", line 931, in __init__
    grouper, exclusions, obj = get_grouper(
  File "/home/oisanchezp/geo_env/lib/python3.8/site-packages/pandas/core/groupby/grouper.py", line 985, in get_grouper
    raise KeyError(gpr)
KeyError: 'Codigo_pluvio'
2026-08-27 17:39:42,639 | INFO    | === set_B | MC 53/100 | seed=152 ===
2026-08-27 17:39:43,688 | WARNING |   390 fechas de evento sin pool suficiente (pocas SU húmedas a >200 m ese día)
2026-08-27 17:39:43,689 | ERROR   | run 52 falló: 'Codigo_pluvio'
Traceback (most recent call last):
  File "/home/oisanchezp/Thesis/src/05_Chapter/mc_common.py", line 580, in run_montecarlo
    df = build_dataset(seed)
  File "mc_set_b.py", line 113, in build_dataset
    df_no = add_rain(df_no, cache, k_list=[1, 30])
  File "/home/oisanchezp/Thesis/src/05_Chapter/mc_common.py", line 387, in add_rain
    for cod, idxs in df.groupby("Codigo_pluvio").groups.items():
  File "/home/oisanchezp/geo_env/lib/python3.8/site-packages/pandas/core/frame.py", line 8252, in groupby
    return DataFrameGroupBy(
  File "/home/oisanchezp/geo_env/lib/python3.8/site-packages/pandas/core/groupby/groupby.py", line 931, in __init__
    grouper, exclusions, obj = get_grouper(
  File "/home/oisanchezp/geo_env/lib/python3.8/site-packages/pandas/core/groupby/grouper.py", line 985, in get_grouper
    raise KeyError(gpr)
KeyError: 'Codigo_pluvio'
2026-08-27 17:39:43,689 | INFO    | === set_B | MC 54/100 | seed=153 ===
2026-08-27 17:39:44,738 | WARNING |   390 fechas de evento sin pool suficiente (pocas SU húmedas a >200 m ese día)
2026-08-27 17:39:44,739 | ERROR   | run 53 falló: 'Codigo_pluvio'
Traceback (most recent call last):
  File "/home/oisanchezp/Thesis/src/05_Chapter/mc_common.py", line 580, in run_montecarlo
    df = build_dataset(seed)
  File "mc_set_b.py", line 113, in build_dataset
    df_no = add_rain(df_no, cache, k_list=[1, 30])
  File "/home/oisanchezp/Thesis/src/05_Chapter/mc_common.py", line 387, in add_rain
    for cod, idxs in df.groupby("Codigo_pluvio").groups.items():
  File "/home/oisanchezp/geo_env/lib/python3.8/site-packages/pandas/core/frame.py", line 8252, in groupby
    return DataFrameGroupBy(
  File "/home/oisanchezp/geo_env/lib/python3.8/site-packages/pandas/core/groupby/groupby.py", line 931, in __init__
    grouper, exclusions, obj = get_grouper(
  File "/home/oisanchezp/geo_env/lib/python3.8/site-packages/pandas/core/groupby/grouper.py", line 985, in get_grouper
    raise KeyError(gpr)
KeyError: 'Codigo_pluvio'
2026-08-27 17:39:44,740 | INFO    | === set_B | MC 55/100 | seed=154 ===
2026-08-27 17:39:45,794 | WARNING |   390 fechas de evento sin pool suficiente (pocas SU húmedas a >200 m ese día)
2026-08-27 17:39:45,795 | ERROR   | run 54 falló: 'Codigo_pluvio'
Traceback (most recent call last):
  File "/home/oisanchezp/Thesis/src/05_Chapter/mc_common.py", line 580, in run_montecarlo
    df = build_dataset(seed)
  File "mc_set_b.py", line 113, in build_dataset
    df_no = add_rain(df_no, cache, k_list=[1, 30])
  File "/home/oisanchezp/Thesis/src/05_Chapter/mc_common.py", line 387, in add_rain
    for cod, idxs in df.groupby("Codigo_pluvio").groups.items():
  File "/home/oisanchezp/geo_env/lib/python3.8/site-packages/pandas/core/frame.py", line 8252, in groupby
    return DataFrameGroupBy(
  File "/home/oisanchezp/geo_env/lib/python3.8/site-packages/pandas/core/groupby/groupby.py", line 931, in __init__
    grouper, exclusions, obj = get_grouper(
  File "/home/oisanchezp/geo_env/lib/python3.8/site-packages/pandas/core/groupby/grouper.py", line 985, in get_grouper
    raise KeyError(gpr)
KeyError: 'Codigo_pluvio'
2026-08-27 17:39:45,795 | INFO    | === set_B | MC 56/100 | seed=155 ===
2026-08-27 17:39:46,839 | WARNING |   390 fechas de evento sin pool suficiente (pocas SU húmedas a >200 m ese día)
2026-08-27 17:39:46,840 | ERROR   | run 55 falló: 'Codigo_pluvio'
Traceback (most recent call last):
  File "/home/oisanchezp/Thesis/src/05_Chapter/mc_common.py", line 580, in run_montecarlo
    df = build_dataset(seed)
  File "mc_set_b.py", line 113, in build_dataset
    df_no = add_rain(df_no, cache, k_list=[1, 30])
  File "/home/oisanchezp/Thesis/src/05_Chapter/mc_common.py", line 387, in add_rain
    for cod, idxs in df.groupby("Codigo_pluvio").groups.items():
  File "/home/oisanchezp/geo_env/lib/python3.8/site-packages/pandas/core/frame.py", line 8252, in groupby
    return DataFrameGroupBy(
  File "/home/oisanchezp/geo_env/lib/python3.8/site-packages/pandas/core/groupby/groupby.py", line 931, in __init__
    grouper, exclusions, obj = get_grouper(
  File "/home/oisanchezp/geo_env/lib/python3.8/site-packages/pandas/core/groupby/grouper.py", line 985, in get_grouper
    raise KeyError(gpr)
KeyError: 'Codigo_pluvio'
2026-08-27 17:39:46,841 | INFO    | === set_B | MC 57/100 | seed=156 ===
2026-08-27 17:39:47,877 | WARNING |   390 fechas de evento sin pool suficiente (pocas SU húmedas a >200 m ese día)
2026-08-27 17:39:47,878 | ERROR   | run 56 falló: 'Codigo_pluvio'
Traceback (most recent call last):
  File "/home/oisanchezp/Thesis/src/05_Chapter/mc_common.py", line 580, in run_montecarlo
    df = build_dataset(seed)
  File "mc_set_b.py", line 113, in build_dataset
    df_no = add_rain(df_no, cache, k_list=[1, 30])
  File "/home/oisanchezp/Thesis/src/05_Chapter/mc_common.py", line 387, in add_rain
    for cod, idxs in df.groupby("Codigo_pluvio").groups.items():
  File "/home/oisanchezp/geo_env/lib/python3.8/site-packages/pandas/core/frame.py", line 8252, in groupby
    return DataFrameGroupBy(
  File "/home/oisanchezp/geo_env/lib/python3.8/site-packages/pandas/core/groupby/groupby.py", line 931, in __init__
    grouper, exclusions, obj = get_grouper(
  File "/home/oisanchezp/geo_env/lib/python3.8/site-packages/pandas/core/groupby/grouper.py", line 985, in get_grouper
    raise KeyError(gpr)
KeyError: 'Codigo_pluvio'
2026-08-27 17:39:47,878 | INFO    | === set_B | MC 58/100 | seed=157 ===
2026-08-27 17:47:29,844 | INFO    | ======================================================================
2026-08-27 17:47:29,844 | INFO    | INICIO set_B: 2026-08-27T17:47:29
2026-08-27 17:47:29,844 | INFO    | MATCH_BY_DAY = True
2026-08-27 17:48:05,767 | INFO    | Slope units: 61167 | filas evento: 492
2026-08-27 17:49:33,384 | INFO    | SU ausencia elegibles (>200 m de un evento): 54540 de 60675
2026-08-27 17:49:33,603 | INFO    |   Est.    1: 2010-01-12 -> 2026-03-18 |  94.0% con dato | 1985 duplicados
2026-08-27 17:49:33,742 | INFO    |   Est.    2: 2010-01-01 -> 2026-03-18 |  90.7% con dato | 249 duplicados
2026-08-27 17:49:33,889 | INFO    |   Est.    3: 2010-01-01 -> 2026-03-18 |  89.5% con dato | 1991 duplicados
2026-08-27 17:49:34,027 | INFO    |   Est.    4: 2010-01-01 -> 2026-03-18 |  84.2% con dato | 1972 duplicados
2026-08-27 17:49:34,191 | INFO    |   Est.    5: 2010-01-01 -> 2026-03-18 |  95.7% con dato | 1991 duplicados
2026-08-27 17:49:34,336 | INFO    |   Est.    7: 2010-01-01 -> 2026-03-18 |  90.6% con dato | 1991 duplicados
2026-08-27 17:49:34,475 | INFO    |   Est.    8: 2010-01-01 -> 2026-03-18 |  89.8% con dato | 1980 duplicados
2026-08-27 17:49:34,634 | INFO    |   Est.    9: 2010-01-01 -> 2026-03-18 |  90.4% con dato | 1990 duplicados
2026-08-27 17:49:34,789 | INFO    |   Est.   10: 2010-01-01 -> 2026-03-18 |  90.8% con dato | 1990 duplicados
2026-08-27 17:49:34,945 | INFO    |   Est.   11: 2010-01-04 -> 2026-03-18 |  89.4% con dato | 1991 duplicados
2026-08-27 17:49:35,092 | INFO    |   Est.   12: 2010-01-01 -> 2026-03-18 |  91.8% con dato | 1972 duplicados
2026-08-27 17:49:35,238 | INFO    |   Est.   14: 2010-01-01 -> 2026-03-18 |  89.7% con dato | 1991 duplicados
2026-08-27 17:49:35,396 | INFO    |   Est.   15: 2010-01-01 -> 2026-03-18 |  92.8% con dato | 1991 duplicados
2026-08-27 17:49:35,551 | INFO    |   Est.   16: 2010-01-01 -> 2026-03-18 |  92.0% con dato | 1991 duplicados
2026-08-27 17:49:35,689 | INFO    |   Est.   17: 2010-01-28 -> 2026-03-18 |  93.5% con dato | 1991 duplicados
2026-08-27 17:49:35,842 | INFO    |   Est.   18: 2010-01-11 -> 2026-03-18 |  91.1% con dato | 1991 duplicados
2026-08-27 17:49:35,992 | INFO    |   Est.   19: 2010-01-11 -> 2026-03-18 |  93.5% con dato | 1991 duplicados
2026-08-27 17:49:36,145 | INFO    |   Est.   20: 2010-01-12 -> 2026-03-18 |  88.5% con dato | 1991 duplicados
2026-08-27 17:49:36,286 | INFO    |   Est.   21: 2010-01-11 -> 2026-03-18 |  91.3% con dato | 1990 duplicados
2026-08-27 17:49:36,437 | INFO    |   Est.   22: 2010-01-14 -> 2026-03-18 |  91.0% con dato | 1991 duplicados
2026-08-27 17:49:36,594 | INFO    |   Est.   23: 2010-01-10 -> 2026-03-18 |  93.5% con dato | 1973 duplicados
2026-08-27 17:49:36,765 | INFO    |   Est.   24: 2010-01-18 -> 2026-03-18 |  92.4% con dato | 1991 duplicados
2026-08-27 17:49:36,913 | INFO    |   Est.   25: 2010-01-18 -> 2026-01-07 |  77.2% con dato | 1 duplicados
2026-08-27 17:49:37,079 | INFO    |   Est.   26: 2010-01-04 -> 2026-03-18 |  83.2% con dato | 1990 duplicados
2026-08-27 17:49:37,213 | INFO    |   Est.   27: 2010-01-18 -> 2024-07-12 |  82.7% con dato | 0 duplicados
2026-08-27 17:49:37,336 | INFO    |   Est.   28: 2010-01-18 -> 2026-03-18 |  86.4% con dato | 1991 duplicados
2026-08-27 17:49:37,457 | INFO    |   Est.   29: 2010-01-18 -> 2026-03-18 |  91.9% con dato | 1991 duplicados
2026-08-27 17:49:37,579 | INFO    |   Est.   30: 2010-01-01 -> 2026-03-18 |  90.4% con dato | 1991 duplicados
2026-08-27 17:49:37,702 | INFO    |   Est.   31: 2010-01-06 -> 2026-03-18 |  87.5% con dato | 1991 duplicados
2026-08-27 17:49:37,827 | INFO    |   Est.   32: 2010-01-06 -> 2026-03-18 |  86.0% con dato | 1991 duplicados
2026-08-27 17:49:37,947 | INFO    |   Est.   33: 2010-01-28 -> 2026-03-18 |  87.2% con dato | 1991 duplicados
2026-08-27 17:49:38,070 | INFO    |   Est.   34: 2010-01-10 -> 2026-03-18 |  88.7% con dato | 1991 duplicados
2026-08-27 17:49:38,194 | INFO    |   Est.   35: 2010-01-28 -> 2026-03-18 |  93.8% con dato | 1991 duplicados
2026-08-27 17:49:38,315 | INFO    |   Est.   36: 2010-03-26 -> 2026-03-18 |  92.6% con dato | 1991 duplicados
2026-08-27 17:49:38,434 | INFO    |   Est.   37: 2010-01-28 -> 2026-03-18 |  89.5% con dato | 1991 duplicados
2026-08-27 17:49:38,557 | INFO    |   Est.   39: 2010-01-28 -> 2026-03-18 |  91.0% con dato | 1991 duplicados
2026-08-27 17:49:38,680 | INFO    |   Est.   40: 2010-02-05 -> 2026-03-18 |  92.2% con dato | 1989 duplicados
2026-08-27 17:49:38,803 | INFO    |   Est.   41: 2010-01-28 -> 2026-03-18 |  92.7% con dato | 1991 duplicados
2026-08-27 17:49:38,926 | INFO    |   Est.   42: 2010-02-05 -> 2026-03-18 |  88.9% con dato | 1991 duplicados
2026-08-27 17:49:39,044 | INFO    |   Est.   43: 2010-05-03 -> 2026-03-18 |  86.2% con dato | 1991 duplicados
2026-08-27 17:49:39,167 | INFO    |   Est.   44: 2010-04-19 -> 2026-03-18 |  83.2% con dato | 1991 duplicados
2026-08-27 17:49:39,286 | INFO    |   Est.   45: 2010-05-05 -> 2026-03-18 |  88.0% con dato | 1991 duplicados
2026-08-27 17:49:39,397 | INFO    |   Est.   46: 2010-04-28 -> 2025-05-06 |  92.9% con dato | 966 duplicados
2026-08-27 17:49:39,519 | INFO    |   Est.   47: 2010-05-03 -> 2026-03-18 |  81.9% con dato | 1991 duplicados
2026-08-27 17:49:39,641 | INFO    |   Est.   48: 2010-05-14 -> 2026-03-18 |  93.3% con dato | 1972 duplicados
2026-08-27 17:49:39,759 | INFO    |   Est.   49: 2010-09-08 -> 2026-03-18 |  85.3% con dato | 1991 duplicados
2026-08-27 17:49:39,876 | INFO    |   Est.   50: 2011-02-09 -> 2026-03-18 |  88.9% con dato | 1991 duplicados
2026-08-27 17:49:39,994 | INFO    |   Est.   51: 2011-01-17 -> 2026-03-18 |  87.8% con dato | 1972 duplicados
2026-08-27 17:49:40,112 | INFO    |   Est.   52: 2011-03-01 -> 2026-03-18 |  79.8% con dato | 1991 duplicados
2026-08-27 17:49:40,225 | INFO    |   Est.   53: 2011-01-11 -> 2026-03-18 |  92.8% con dato | 1991 duplicados
2026-08-27 17:49:40,365 | INFO    |   Est.   54: 2010-12-27 -> 2026-03-18 |  92.2% con dato | 1991 duplicados
2026-08-27 17:49:40,483 | INFO    |   Est.   55: 2010-11-04 -> 2026-03-18 |  82.7% con dato | 1991 duplicados
2026-08-27 17:49:40,586 | INFO    |   Est.   56: 2012-06-14 -> 2026-03-18 |  92.6% con dato | 1991 duplicados
2026-08-27 17:49:40,697 | INFO    |   Est.   57: 2012-03-23 -> 2026-03-18 |  89.5% con dato | 1985 duplicados
2026-08-27 17:49:40,804 | INFO    |   Est.   58: 2012-03-23 -> 2026-03-18 |  88.9% con dato | 1990 duplicados
2026-08-27 17:49:40,917 | INFO    |   Est.   60: 2012-01-01 -> 2026-03-18 |  89.7% con dato | 1991 duplicados
2026-08-27 17:49:41,029 | INFO    |   Est.   61: 2012-03-20 -> 2026-03-18 |  89.9% con dato | 1991 duplicados
2026-08-27 17:49:41,136 | INFO    |   Est.   62: 2012-03-07 -> 2026-03-18 |  88.8% con dato | 1900 duplicados
2026-08-27 17:49:41,236 | INFO    |   Est.   64: 2012-09-05 -> 2026-03-07 |  87.3% con dato | 1991 duplicados
2026-08-27 17:49:41,339 | INFO    |   Est.   65: 2012-08-09 -> 2026-03-18 |  90.5% con dato | 1990 duplicados
2026-08-27 17:49:41,441 | INFO    |   Est.   66: 2012-06-06 -> 2026-03-18 |  91.6% con dato | 1991 duplicados
2026-08-27 17:49:41,546 | INFO    |   Est.   70: 2012-06-25 -> 2026-03-18 |  93.8% con dato | 1972 duplicados
2026-08-27 17:49:41,644 | INFO    |   Est.   71: 2013-02-28 -> 2026-03-18 |  95.0% con dato | 1991 duplicados
2026-08-27 17:49:41,747 | INFO    |   Est.   72: 2012-06-25 -> 2026-03-18 |  91.0% con dato | 1991 duplicados
2026-08-27 17:49:41,845 | INFO    |   Est.   74: 2013-05-27 -> 2026-03-18 |  95.3% con dato | 1991 duplicados
2026-08-27 17:49:41,943 | INFO    |   Est.   76: 2013-07-02 -> 2026-03-18 |  94.8% con dato | 1991 duplicados
2026-08-27 17:49:42,039 | INFO    |   Est.   81: 2013-06-28 -> 2026-03-18 |  97.4% con dato | 1991 duplicados
2026-08-27 17:49:42,137 | INFO    |   Est.   88: 2013-11-14 -> 2026-03-18 |  93.4% con dato | 1991 duplicados
2026-08-27 17:49:42,220 | INFO    |   Est.   89: 2013-11-14 -> 2025-05-06 |  95.5% con dato | 525 duplicados
2026-08-27 17:49:42,302 | INFO    |   Est.  121: 2014-11-26 -> 2026-03-18 |  96.8% con dato | 1991 duplicados
2026-08-27 17:49:42,386 | INFO    |   Est.  127: 2015-04-10 -> 2026-03-18 |  92.8% con dato | 1990 duplicados
2026-08-27 17:49:42,465 | INFO    |   Est.  129: 2015-04-23 -> 2026-03-18 |  94.6% con dato | 1991 duplicados
2026-08-27 17:49:42,540 | INFO    |   Est.  146: 2015-08-18 -> 2026-03-18 |  95.8% con dato | 1991 duplicados
2026-08-27 17:49:42,618 | INFO    |   Est.  154: 2015-09-17 -> 2026-03-18 |  83.7% con dato | 1972 duplicados
2026-08-27 17:49:42,692 | INFO    |   Est.  171: 2016-01-01 -> 2026-03-18 |  80.4% con dato | 1979 duplicados
2026-08-27 17:49:42,764 | INFO    |   Est.  184: 2016-01-01 -> 2026-03-18 |  84.2% con dato | 1991 duplicados
2026-08-27 17:49:42,812 | INFO    |   Est.  189: 2018-08-18 -> 2025-03-30 |  95.5% con dato | 1 duplicados
2026-08-27 17:49:42,875 | INFO    |   Est.  193: 2017-07-18 -> 2026-03-18 |  97.6% con dato | 1991 duplicados
2026-08-27 17:49:42,974 | INFO    |   Est.  211: 2012-12-10 -> 2026-03-18 |  93.5% con dato | 1991 duplicados
2026-08-27 17:49:43,037 | INFO    |   Est.  230: 2017-08-31 -> 2026-03-18 |  97.2% con dato | 1991 duplicados
2026-08-27 17:49:43,100 | INFO    |   Est.  234: 2017-09-18 -> 2026-03-18 |  98.0% con dato | 1991 duplicados
2026-08-27 17:49:43,161 | INFO    |   Est.  241: 2017-10-20 -> 2026-03-18 |  91.7% con dato | 1991 duplicados
2026-08-27 17:49:43,228 | INFO    |   Est.  242: 2017-10-20 -> 2026-03-18 |  98.4% con dato | 1991 duplicados
2026-08-27 17:49:43,293 | INFO    |   Est.  244: 2017-10-28 -> 2026-03-18 |  97.4% con dato | 1991 duplicados
2026-08-27 17:49:43,346 | INFO    |   Est.  248: 2017-11-05 -> 2026-03-19 |  96.8% con dato | 0 duplicados
2026-08-27 17:49:43,405 | INFO    |   Est.  253: 2017-11-14 -> 2026-03-18 |  96.6% con dato | 1991 duplicados
2026-08-27 17:49:43,467 | INFO    |   Est.  261: 2017-12-01 -> 2026-03-18 |  95.4% con dato | 1991 duplicados
2026-08-27 17:49:43,518 | INFO    |   Est.  266: 2017-12-19 -> 2025-04-02 |  91.1% con dato | 1 duplicados
2026-08-27 17:49:43,580 | INFO    |   Est.  267: 2017-12-18 -> 2026-03-18 |  97.2% con dato | 1991 duplicados
2026-08-27 17:49:43,640 | INFO    |   Est.  274: 2018-01-19 -> 2026-03-18 |  98.4% con dato | 1991 duplicados
2026-08-27 17:49:43,699 | INFO    |   Est.  275: 2018-01-16 -> 2026-03-18 |  91.7% con dato | 1628 duplicados
2026-08-27 17:49:43,757 | INFO    |   Est.  278: 2018-01-31 -> 2026-03-18 |  96.0% con dato | 1991 duplicados
2026-08-27 17:49:43,816 | INFO    |   Est.  281: 2018-02-15 -> 2026-03-18 |  98.8% con dato | 1991 duplicados
2026-08-27 17:49:43,873 | INFO    |   Est.  288: 2018-03-21 -> 2026-03-18 |  97.1% con dato | 1991 duplicados
2026-08-27 17:49:43,932 | INFO    |   Est.  289: 2018-03-22 -> 2026-03-18 |  95.7% con dato | 1991 duplicados
2026-08-27 17:49:43,987 | INFO    |   Est.  295: 2018-04-23 -> 2026-03-18 |  95.3% con dato | 1991 duplicados
2026-08-27 17:49:44,045 | INFO    |   Est.  311: 2018-06-05 -> 2026-03-18 |  61.2% con dato | 1991 duplicados
2026-08-27 17:49:44,100 | INFO    |   Est.  320: 2018-06-27 -> 2026-03-18 |  97.0% con dato | 1991 duplicados
2026-08-27 17:49:44,156 | INFO    |   Est.  323: 2018-07-17 -> 2026-03-18 |  96.1% con dato | 1980 duplicados
2026-08-27 17:49:44,210 | INFO    |   Est.  324: 2018-07-17 -> 2026-03-18 |  95.1% con dato | 1991 duplicados
2026-08-27 17:49:44,266 | INFO    |   Est.  328: 2018-08-09 -> 2026-03-18 |  96.9% con dato | 1991 duplicados
2026-08-27 17:49:44,320 | INFO    |   Est.  334: 2018-09-18 -> 2026-03-18 |  96.0% con dato | 1991 duplicados
2026-08-27 17:49:44,371 | INFO    |   Est.  339: 2019-01-04 -> 2026-03-18 |  94.7% con dato | 1991 duplicados
2026-08-27 17:49:44,425 | INFO    |   Est.  352: 2019-02-01 -> 2026-03-18 |  97.7% con dato | 1991 duplicados
2026-08-27 17:49:44,476 | INFO    |   Est.  353: 2019-02-01 -> 2026-03-18 |  93.4% con dato | 1989 duplicados
2026-08-27 17:49:44,529 | INFO    |   Est.  356: 2019-03-18 -> 2026-03-18 |  98.3% con dato | 1989 duplicados
2026-08-27 17:49:44,579 | INFO    |   Est.  373: 2019-05-08 -> 2026-03-18 |  94.5% con dato | 1991 duplicados
2026-08-27 17:49:44,631 | INFO    |   Est.  376: 2019-05-15 -> 2026-03-18 |  98.0% con dato | 1991 duplicados
2026-08-27 17:49:44,679 | INFO    |   Est.  378: 2019-06-04 -> 2026-03-18 |  92.6% con dato | 1984 duplicados
2026-08-27 17:49:44,729 | INFO    |   Est.  383: 2019-06-14 -> 2026-03-18 |  96.6% con dato | 1991 duplicados
2026-08-27 17:49:44,776 | INFO    |   Est.  389: 2019-08-09 -> 2026-03-18 |  95.3% con dato | 1860 duplicados
2026-08-27 17:49:44,820 | INFO    |   Est.  392: 2019-09-09 -> 2026-03-18 |  96.7% con dato | 1991 duplicados
2026-08-27 17:49:44,866 | INFO    |   Est.  393: 2019-09-20 -> 2026-03-18 |  98.5% con dato | 1991 duplicados
2026-08-27 17:49:44,914 | INFO    |   Est.  394: 2019-09-20 -> 2026-03-18 |  95.9% con dato | 1991 duplicados
2026-08-27 17:49:44,958 | INFO    |   Est.  395: 2019-09-24 -> 2026-03-18 |  97.8% con dato | 1991 duplicados
2026-08-27 17:49:45,003 | INFO    |   Est.  418: 2019-12-26 -> 2026-03-18 |  94.9% con dato | 1991 duplicados
2026-08-27 17:49:45,046 | INFO    |   Est.  420: 2019-12-26 -> 2026-03-18 |  95.8% con dato | 1991 duplicados
2026-08-27 17:49:45,089 | INFO    |   Est.  421: 2020-01-14 -> 2026-03-18 |  98.4% con dato | 1991 duplicados
2026-08-27 17:49:45,138 | INFO    |   Est.  429: 2020-02-21 -> 2026-03-18 |  98.2% con dato | 1991 duplicados
2026-08-27 17:49:45,180 | INFO    |   Est.  432: 2020-02-27 -> 2026-03-18 |  98.5% con dato | 1990 duplicados
2026-08-27 17:49:45,223 | INFO    |   Est.  433: 2020-02-28 -> 2026-03-18 |  94.9% con dato | 1991 duplicados
2026-08-27 17:49:45,268 | INFO    |   Est.  434: 2020-03-03 -> 2026-03-18 |  97.8% con dato | 1991 duplicados
2026-08-27 17:49:45,309 | INFO    |   Est.  437: 2020-03-31 -> 2026-03-18 |  98.9% con dato | 1991 duplicados
2026-08-27 17:49:45,351 | INFO    |   Est.  445: 2020-05-11 -> 2026-03-18 |  87.6% con dato | 1991 duplicados
2026-08-27 17:49:45,394 | INFO    |   Est.  446: 2020-05-08 -> 2026-03-18 |  86.2% con dato | 1991 duplicados
2026-08-27 17:49:45,435 | INFO    |   Est.  447: 2020-05-11 -> 2026-03-18 |  98.9% con dato | 1991 duplicados
2026-08-27 17:49:45,474 | INFO    |   Est.  451: 2020-07-03 -> 2026-03-18 |  98.2% con dato | 1972 duplicados
2026-08-27 17:49:45,514 | INFO    |   Est.  456: 2020-07-31 -> 2026-03-18 |  96.5% con dato | 1991 duplicados
2026-08-27 17:49:45,552 | INFO    |   Est.  457: 2020-09-08 -> 2026-03-18 |  94.5% con dato | 1991 duplicados
2026-08-27 17:49:45,588 | INFO    |   Est.  481: 2020-12-18 -> 2026-03-18 |  97.8% con dato | 1991 duplicados
2026-08-27 17:49:45,626 | INFO    |   Est.  499: 2021-02-16 -> 2026-03-18 |  97.5% con dato | 1991 duplicados
2026-08-27 17:49:45,660 | INFO    |   Est.  515: 2021-03-12 -> 2026-03-18 |  97.4% con dato | 1990 duplicados
2026-08-27 17:49:45,695 | INFO    |   Est.  519: 2021-03-19 -> 2026-03-18 |  97.8% con dato | 1991 duplicados
2026-08-27 17:49:45,731 | INFO    |   Est.  539: 2021-06-24 -> 2026-03-18 |  92.0% con dato | 1991 duplicados
2026-08-27 17:49:45,762 | INFO    |   Est.  540: 2021-06-11 -> 2026-03-18 |  92.7% con dato | 1972 duplicados
2026-08-27 17:49:45,795 | INFO    |   Est.  543: 2021-06-29 -> 2026-03-18 |  98.6% con dato | 1989 duplicados
2026-08-27 17:49:45,827 | INFO    |   Est.  551: 2021-09-02 -> 2026-03-18 |  99.5% con dato | 1991 duplicados
2026-08-27 17:49:45,860 | INFO    |   Est.  558: 2021-09-29 -> 2026-03-18 |  99.3% con dato | 1989 duplicados
2026-08-27 17:49:45,887 | INFO    |   Est.  601: 2022-05-03 -> 2026-03-18 |  97.6% con dato | 1991 duplicados
2026-08-27 17:49:45,915 | INFO    |   Est.  607: 2022-06-08 -> 2026-03-18 |  95.5% con dato | 1990 duplicados
2026-08-27 17:49:45,937 | INFO    |   Est.  612: 2022-06-21 -> 2025-07-03 |  99.2% con dato | 1311 duplicados
2026-08-27 17:49:45,956 | INFO    |   Est.  619: 2022-06-29 -> 2025-05-06 |  94.4% con dato | 966 duplicados
2026-08-27 17:49:45,984 | INFO    |   Est.  636: 2022-11-16 -> 2026-03-18 |  98.7% con dato | 1991 duplicados
2026-08-27 17:49:45,984 | INFO    | Pluviómetros con serie: 143
2026-08-27 17:49:46,442 | INFO    | Distancia SU-pluvio ausencias (m): mediana=1959 | max=13027
2026-08-27 17:49:46,873 | INFO    |   filtro húmedo eventos: descartadas 102/492 (20.7%)
2026-08-27 17:49:46,891 | INFO    | Eventos tras filtros: 390
2026-08-27 17:49:47,225 | INFO    | Pluviómetros con fechas candidatas: 143
2026-08-27 17:49:47,226 | INFO    | Horas candidatas totales: 1932494
2026-08-27 17:49:48,278 | INFO    | Pluviometros humedos por fecha de evento: mediana=103 | min=10 | fechas con 0=0 de 135
2026-08-27 17:49:48,278 | INFO    | Slope units elegibles por fecha de evento: mediana=37706 | min=8825 | fechas con menos de 2=0
2026-08-27 17:49:48,279 | INFO    | === set_B | MC 1/100 | seed=100 ===
2026-08-27 17:49:55,741 | INFO    |   dataset: SI=390 | NO=780 | total=1170
2026-08-27 17:49:55,754 | INFO    |   split agrupado | SU train=933 | SU test=234
2026-08-27 17:49:55,758 | INFO    |   ausencias por año: {2016: 4, 2017: 4, 2019: 2, 2020: 2, 2021: 142, 2022: 336, 2023: 132, 2024: 110, 2025: 48}
2026-08-27 17:49:57,282 | INFO    |   LR  AUC=0.976 AP=0.960 Brier=0.054
2026-08-27 17:49:59,944 | INFO    |   GAM AUC=0.979 AP=0.965 Brier=0.051
2026-08-27 17:51:23,571 | INFO    |   RF  AUC=0.980 AP=0.963 Brier=0.060
2026-08-27 17:51:23,571 | INFO    | === set_B | MC 2/100 | seed=101 ===
2026-08-27 17:51:30,970 | INFO    |   dataset: SI=390 | NO=780 | total=1170
2026-08-27 17:51:30,984 | INFO    |   split agrupado | SU train=930 | SU test=233
2026-08-27 17:51:30,986 | INFO    |   ausencias por año: {2016: 4, 2017: 4, 2019: 2, 2020: 2, 2021: 142, 2022: 335, 2023: 132, 2024: 110, 2025: 48}
2026-08-27 17:51:32,514 | INFO    |   LR  AUC=0.950 AP=0.878 Brier=0.071
2026-08-27 17:51:35,199 | INFO    |   GAM AUC=0.961 AP=0.909 Brier=0.065
2026-08-27 17:53:05,522 | INFO    |   RF  AUC=0.976 AP=0.958 Brier=0.057
2026-08-27 17:53:05,522 | INFO    | === set_B | MC 3/100 | seed=102 ===
2026-08-27 17:53:12,708 | INFO    |   dataset: SI=390 | NO=780 | total=1170
2026-08-27 17:53:12,719 | INFO    |   split agrupado | SU train=928 | SU test=233
2026-08-27 17:53:12,720 | INFO    |   ausencias por año: {2016: 4, 2017: 4, 2019: 2, 2020: 2, 2021: 142, 2022: 335, 2023: 132, 2024: 109, 2025: 48}
2026-08-27 17:53:14,178 | INFO    |   LR  AUC=0.966 AP=0.947 Brier=0.057
2026-08-27 17:53:16,823 | INFO    |   GAM AUC=0.967 AP=0.945 Brier=0.056
2026-08-27 17:54:47,812 | INFO    |   RF  AUC=0.973 AP=0.953 Brier=0.056
2026-08-27 17:54:47,813 | INFO    | === set_B | MC 4/100 | seed=103 ===
2026-08-27 17:54:55,114 | INFO    |   dataset: SI=390 | NO=780 | total=1170
2026-08-27 17:54:55,125 | INFO    |   split agrupado | SU train=928 | SU test=232
2026-08-27 17:54:55,127 | INFO    |   ausencias por año: {2016: 4, 2017: 4, 2019: 2, 2020: 2, 2021: 142, 2022: 336, 2023: 132, 2024: 110, 2025: 47}
2026-08-27 17:54:56,672 | INFO    |   LR  AUC=0.959 AP=0.929 Brier=0.075
2026-08-27 17:54:59,605 | INFO    |   GAM AUC=0.966 AP=0.940 Brier=0.069
2026-08-27 17:56:29,153 | INFO    |   RF  AUC=0.969 AP=0.935 Brier=0.069
2026-08-27 17:56:29,154 | INFO    | === set_B | MC 5/100 | seed=104 ===
2026-08-27 17:56:36,759 | INFO    |   dataset: SI=390 | NO=780 | total=1170
2026-08-27 17:56:36,769 | INFO    |   split agrupado | SU train=931 | SU test=233
2026-08-27 17:56:36,771 | INFO    |   ausencias por año: {2016: 4, 2017: 4, 2019: 2, 2020: 2, 2021: 142, 2022: 336, 2023: 132, 2024: 110, 2025: 48}
2026-08-27 17:56:38,308 | INFO    |   LR  AUC=0.976 AP=0.952 Brier=0.056
2026-08-27 17:56:41,034 | INFO    |   GAM AUC=0.978 AP=0.957 Brier=0.054
2026-08-27 17:58:11,219 | INFO    |   RF  AUC=0.977 AP=0.960 Brier=0.054
2026-08-27 17:58:11,219 | INFO    | === set_B | MC 6/100 | seed=105 ===
2026-08-27 17:58:18,437 | INFO    |   dataset: SI=390 | NO=780 | total=1170
2026-08-27 17:58:18,447 | INFO    |   split agrupado | SU train=928 | SU test=233
2026-08-27 17:58:18,449 | INFO    |   ausencias por año: {2016: 4, 2017: 4, 2019: 2, 2020: 2, 2021: 142, 2022: 334, 2023: 131, 2024: 110, 2025: 48}
2026-08-27 17:58:19,898 | INFO    |   LR  AUC=0.942 AP=0.890 Brier=0.081
2026-08-27 17:58:22,524 | INFO    |   GAM AUC=0.946 AP=0.894 Brier=0.081
2026-08-27 17:59:52,911 | INFO    |   RF  AUC=0.949 AP=0.893 Brier=0.080
2026-08-27 17:59:52,911 | INFO    | === set_B | MC 7/100 | seed=106 ===
2026-08-27 18:00:00,033 | INFO    |   dataset: SI=390 | NO=780 | total=1170
2026-08-27 18:00:00,043 | INFO    |   split agrupado | SU train=930 | SU test=233
2026-08-27 18:00:00,045 | INFO    |   ausencias por año: {2016: 4, 2017: 4, 2019: 2, 2020: 2, 2021: 142, 2022: 336, 2023: 132, 2024: 110, 2025: 48}
2026-08-27 18:00:01,458 | INFO    |   LR  AUC=0.966 AP=0.955 Brier=0.063
2026-08-27 18:00:04,763 | INFO    |   GAM AUC=0.969 AP=0.958 Brier=0.060
2026-08-27 18:01:30,353 | INFO    |   RF  AUC=0.977 AP=0.960 Brier=0.060
2026-08-27 18:01:30,354 | INFO    | === set_B | MC 8/100 | seed=107 ===
2026-08-27 18:01:37,600 | INFO    |   dataset: SI=390 | NO=780 | total=1170
2026-08-27 18:01:37,619 | INFO    |   split agrupado | SU train=930 | SU test=233
2026-08-27 18:01:37,621 | INFO    |   ausencias por año: {2016: 4, 2017: 4, 2019: 2, 2020: 2, 2021: 142, 2022: 336, 2023: 132, 2024: 110, 2025: 48}
2026-08-27 18:01:39,040 | INFO    |   LR  AUC=0.959 AP=0.948 Brier=0.067
2026-08-27 18:01:41,672 | INFO    |   GAM AUC=0.964 AP=0.952 Brier=0.065
2026-08-27 18:03:12,651 | INFO    |   RF  AUC=0.964 AP=0.957 Brier=0.066
2026-08-27 18:03:12,652 | INFO    | === set_B | MC 9/100 | seed=108 ===
2026-08-27 18:03:19,858 | INFO    |   dataset: SI=390 | NO=780 | total=1170
2026-08-27 18:03:19,869 | INFO    |   split agrupado | SU train=925 | SU test=232
2026-08-27 18:03:19,870 | INFO    |   ausencias por año: {2016: 4, 2017: 4, 2019: 2, 2020: 2, 2021: 141, 2022: 335, 2023: 132, 2024: 110, 2025: 48}
2026-08-27 18:03:21,315 | INFO    |   LR  AUC=0.942 AP=0.922 Brier=0.075
2026-08-27 18:03:24,139 | INFO    |   GAM AUC=0.947 AP=0.929 Brier=0.071
2026-08-27 18:04:53,532 | INFO    |   RF  AUC=0.948 AP=0.927 Brier=0.067
2026-08-27 18:04:53,533 | INFO    | === set_B | MC 10/100 | seed=109 ===
2026-08-27 18:05:00,786 | INFO    |   dataset: SI=390 | NO=780 | total=1170
2026-08-27 18:05:00,796 | INFO    |   split agrupado | SU train=930 | SU test=233
2026-08-27 18:05:00,798 | INFO    |   ausencias por año: {2016: 4, 2017: 4, 2019: 2, 2020: 2, 2021: 142, 2022: 334, 2023: 132, 2024: 109, 2025: 48}
2026-08-27 18:05:02,379 | INFO    |   LR  AUC=0.948 AP=0.922 Brier=0.081
2026-08-27 18:05:05,268 | INFO    |   GAM AUC=0.953 AP=0.928 Brier=0.078
2026-08-27 18:06:35,833 | INFO    |   RF  AUC=0.964 AP=0.942 Brier=0.070
2026-08-27 18:06:35,834 | INFO    | === set_B | MC 11/100 | seed=110 ===
2026-08-27 18:06:42,914 | INFO    |   dataset: SI=390 | NO=780 | total=1170
2026-08-27 18:06:42,924 | INFO    |   split agrupado | SU train=932 | SU test=233
2026-08-27 18:06:42,926 | INFO    |   ausencias por año: {2016: 4, 2017: 4, 2019: 2, 2020: 2, 2021: 142, 2022: 336, 2023: 132, 2024: 110, 2025: 48}
2026-08-27 18:06:44,319 | INFO    |   LR  AUC=0.945 AP=0.907 Brier=0.077
2026-08-27 18:06:46,877 | INFO    |   GAM AUC=0.946 AP=0.916 Brier=0.076
2026-08-27 18:08:18,331 | INFO    |   RF  AUC=0.962 AP=0.931 Brier=0.065
2026-08-27 18:08:18,332 | INFO    | === set_B | MC 12/100 | seed=111 ===
2026-08-27 18:08:25,454 | INFO    |   dataset: SI=390 | NO=780 | total=1170
2026-08-27 18:08:25,464 | INFO    |   split agrupado | SU train=930 | SU test=233
2026-08-27 18:08:25,466 | INFO    |   ausencias por año: {2016: 4, 2017: 4, 2019: 2, 2020: 2, 2021: 140, 2022: 336, 2023: 132, 2024: 110, 2025: 47}
2026-08-27 18:08:26,882 | INFO    |   LR  AUC=0.955 AP=0.932 Brier=0.072
2026-08-27 18:08:26,924 | ERROR   | run 11 falló: X data is out of domain for categorical feature 4. Expected data on [0.0, 3.0], but found data on [0.0, 4.0]
Traceback (most recent call last):
  File "/home/oisanchezp/Thesis/src/05_Chapter/mc_common.py", line 620, in run_montecarlo
    model.fit(Xdf.iloc[idx_tr], y[idx_tr], seed=seed)
  File "/home/oisanchezp/Thesis/src/05_Chapter/mc_common.py", line 455, in fit
    auc = roc_auc_score(y_val, g.predict_proba(X_val))
  File "/home/oisanchezp/geo_env/lib/python3.8/site-packages/pygam/pygam.py", line 2696, in predict_proba
    return self.predict_mu(X)
  File "/home/oisanchezp/geo_env/lib/python3.8/site-packages/pygam/pygam.py", line 435, in predict_mu
    X = check_X(
  File "/home/oisanchezp/geo_env/lib/python3.8/site-packages/pygam/utils.py", line 337, in check_X
    raise ValueError(
ValueError: X data is out of domain for categorical feature 4. Expected data on [0.0, 3.0], but found data on [0.0, 4.0]
2026-08-27 18:08:26,925 | INFO    | === set_B | MC 13/100 | seed=112 ===
2026-08-27 18:08:33,948 | INFO    |   dataset: SI=390 | NO=780 | total=1170
2026-08-27 18:08:33,958 | INFO    |   split agrupado | SU train=929 | SU test=233
2026-08-27 18:08:33,960 | INFO    |   ausencias por año: {2016: 4, 2017: 4, 2019: 2, 2020: 2, 2021: 142, 2022: 336, 2023: 132, 2024: 109, 2025: 48}
2026-08-27 18:08:35,331 | INFO    |   LR  AUC=0.946 AP=0.911 Brier=0.064
2026-08-27 18:08:37,773 | INFO    |   GAM AUC=0.949 AP=0.920 Brier=0.061
2026-08-27 18:10:07,404 | INFO    |   RF  AUC=0.942 AP=0.918 Brier=0.071
2026-08-27 18:10:07,404 | INFO    | === set_B | MC 14/100 | seed=113 ===
2026-08-27 18:10:15,037 | INFO    |   dataset: SI=390 | NO=780 | total=1170
2026-08-27 18:10:15,047 | INFO    |   split agrupado | SU train=933 | SU test=234
2026-08-27 18:10:15,048 | INFO    |   ausencias por año: {2016: 4, 2017: 4, 2019: 2, 2020: 2, 2021: 142, 2022: 336, 2023: 132, 2024: 110, 2025: 48}
2026-08-27 18:10:16,567 | INFO    |   LR  AUC=0.964 AP=0.920 Brier=0.063
2026-08-27 18:10:19,222 | INFO    |   GAM AUC=0.964 AP=0.922 Brier=0.066
2026-08-27 18:11:48,436 | INFO    |   RF  AUC=0.971 AP=0.940 Brier=0.054
2026-08-27 18:11:48,436 | INFO    | === set_B | MC 15/100 | seed=114 ===
2026-08-27 18:11:55,486 | INFO    |   dataset: SI=390 | NO=780 | total=1170
2026-08-27 18:11:55,496 | INFO    |   split agrupado | SU train=931 | SU test=233
2026-08-27 18:11:55,498 | INFO    |   ausencias por año: {2016: 4, 2017: 4, 2019: 2, 2020: 2, 2021: 142, 2022: 336, 2023: 131, 2024: 110, 2025: 47}
2026-08-27 18:11:56,895 | INFO    |   LR  AUC=0.948 AP=0.930 Brier=0.086
2026-08-27 18:11:59,455 | INFO    |   GAM AUC=0.954 AP=0.938 Brier=0.080
2026-08-27 18:13:31,353 | INFO    |   RF  AUC=0.957 AP=0.938 Brier=0.075
2026-08-27 18:13:31,354 | INFO    | === set_B | MC 16/100 | seed=115 ===
2026-08-27 18:13:38,872 | INFO    |   dataset: SI=390 | NO=780 | total=1170
2026-08-27 18:13:38,881 | INFO    |   split agrupado | SU train=928 | SU test=233
2026-08-27 18:13:38,883 | INFO    |   ausencias por año: {2016: 4, 2017: 4, 2019: 2, 2020: 2, 2021: 142, 2022: 335, 2023: 131, 2024: 110, 2025: 48}
2026-08-27 18:13:40,318 | INFO    |   LR  AUC=0.958 AP=0.932 Brier=0.069
2026-08-27 18:13:42,907 | INFO    |   GAM AUC=0.959 AP=0.933 Brier=0.069
2026-08-27 18:15:14,494 | INFO    |   RF  AUC=0.955 AP=0.933 Brier=0.069
2026-08-27 18:15:14,494 | INFO    | === set_B | MC 17/100 | seed=116 ===
2026-08-27 18:15:21,592 | INFO    |   dataset: SI=390 | NO=780 | total=1170
2026-08-27 18:15:21,602 | INFO    |   split agrupado | SU train=928 | SU test=232
2026-08-27 18:15:21,604 | INFO    |   ausencias por año: {2016: 4, 2017: 4, 2019: 2, 2020: 2, 2021: 142, 2022: 335, 2023: 132, 2024: 110, 2025: 48}
2026-08-27 18:15:22,999 | INFO    |   LR  AUC=0.939 AP=0.917 Brier=0.085
2026-08-27 18:15:25,635 | INFO    |   GAM AUC=0.943 AP=0.920 Brier=0.083
2026-08-27 18:16:55,909 | INFO    |   RF  AUC=0.950 AP=0.925 Brier=0.078
2026-08-27 18:16:55,909 | INFO    | === set_B | MC 18/100 | seed=117 ===
2026-08-27 18:17:03,089 | INFO    |   dataset: SI=390 | NO=780 | total=1170
2026-08-27 18:17:03,100 | INFO    |   split agrupado | SU train=930 | SU test=233
2026-08-27 18:17:03,101 | INFO    |   ausencias por año: {2016: 4, 2017: 4, 2019: 2, 2020: 2, 2021: 142, 2022: 335, 2023: 132, 2024: 110, 2025: 48}
2026-08-27 18:17:04,547 | INFO    |   LR  AUC=0.961 AP=0.936 Brier=0.063
2026-08-27 18:17:07,118 | INFO    |   GAM AUC=0.962 AP=0.936 Brier=0.060
2026-08-27 18:18:38,364 | INFO    |   RF  AUC=0.964 AP=0.940 Brier=0.067
2026-08-27 18:18:38,365 | INFO    | === set_B | MC 19/100 | seed=118 ===
2026-08-27 18:18:45,556 | INFO    |   dataset: SI=390 | NO=780 | total=1170
2026-08-27 18:18:45,566 | INFO    |   split agrupado | SU train=928 | SU test=233
2026-08-27 18:18:45,568 | INFO    |   ausencias por año: {2016: 4, 2017: 4, 2019: 2, 2020: 2, 2021: 142, 2022: 333, 2023: 132, 2024: 110, 2025: 48}
2026-08-27 18:18:46,967 | INFO    |   LR  AUC=0.925 AP=0.845 Brier=0.096
2026-08-27 18:18:49,530 | INFO    |   GAM AUC=0.929 AP=0.853 Brier=0.095
2026-08-27 18:20:17,819 | INFO    |   RF  AUC=0.945 AP=0.905 Brier=0.084
2026-08-27 18:20:17,820 | INFO    | === set_B | MC 20/100 | seed=119 ===
2026-08-27 18:20:24,926 | INFO    |   dataset: SI=390 | NO=780 | total=1170
2026-08-27 18:20:24,939 | INFO    |   split agrupado | SU train=932 | SU test=233
2026-08-27 18:20:24,940 | INFO    |   ausencias por año: {2016: 4, 2017: 4, 2019: 2, 2020: 2, 2021: 142, 2022: 335, 2023: 132, 2024: 110, 2025: 48}
2026-08-27 18:20:26,382 | INFO    |   LR  AUC=0.943 AP=0.892 Brier=0.081
2026-08-27 18:20:28,948 | INFO    |   GAM AUC=0.944 AP=0.892 Brier=0.081
2026-08-27 18:21:58,465 | INFO    |   RF  AUC=0.939 AP=0.877 Brier=0.079
2026-08-27 18:21:58,465 | INFO    | === set_B | MC 21/100 | seed=120 ===
2026-08-27 18:22:05,718 | INFO    |   dataset: SI=390 | NO=780 | total=1170
2026-08-27 18:22:05,744 | INFO    |   split agrupado | SU train=930 | SU test=233
2026-08-27 18:22:05,746 | INFO    |   ausencias por año: {2016: 4, 2017: 4, 2019: 2, 2020: 2, 2021: 140, 2022: 336, 2023: 132, 2024: 110, 2025: 48}
2026-08-27 18:22:07,157 | INFO    |   LR  AUC=0.962 AP=0.916 Brier=0.074
2026-08-27 18:22:09,772 | INFO    |   GAM AUC=0.965 AP=0.926 Brier=0.069
2026-08-27 18:23:42,501 | INFO    |   RF  AUC=0.973 AP=0.924 Brier=0.066
2026-08-27 18:23:42,502 | INFO    | === set_B | MC 22/100 | seed=121 ===
2026-08-27 18:23:49,656 | INFO    |   dataset: SI=390 | NO=780 | total=1170
2026-08-27 18:23:49,680 | INFO    |   split agrupado | SU train=929 | SU test=233
2026-08-27 18:23:49,682 | INFO    |   ausencias por año: {2016: 4, 2017: 4, 2019: 2, 2020: 2, 2021: 140, 2022: 335, 2023: 131, 2024: 110, 2025: 47}
2026-08-27 18:23:51,109 | INFO    |   LR  AUC=0.946 AP=0.888 Brier=0.078
2026-08-27 18:23:53,686 | INFO    |   GAM AUC=0.950 AP=0.897 Brier=0.075
2026-08-27 18:25:24,552 | INFO    |   RF  AUC=0.964 AP=0.949 Brier=0.069
2026-08-27 18:25:24,552 | INFO    | === set_B | MC 23/100 | seed=122 ===
2026-08-27 18:25:31,596 | INFO    |   dataset: SI=390 | NO=780 | total=1170
2026-08-27 18:25:31,607 | INFO    |   split agrupado | SU train=929 | SU test=233
2026-08-27 18:25:31,608 | INFO    |   ausencias por año: {2016: 4, 2017: 4, 2019: 2, 2020: 2, 2021: 142, 2022: 335, 2023: 132, 2024: 110, 2025: 48}
2026-08-27 18:25:33,025 | INFO    |   LR  AUC=0.939 AP=0.907 Brier=0.073
2026-08-27 18:25:35,581 | INFO    |   GAM AUC=0.949 AP=0.914 Brier=0.067
2026-08-27 18:27:05,412 | INFO    |   RF  AUC=0.955 AP=0.929 Brier=0.067
2026-08-27 18:27:05,413 | INFO    | === set_B | MC 24/100 | seed=123 ===
2026-08-27 18:27:12,568 | INFO    |   dataset: SI=390 | NO=780 | total=1170
2026-08-27 18:27:12,581 | INFO    |   split agrupado | SU train=928 | SU test=232
2026-08-27 18:27:12,583 | INFO    |   ausencias por año: {2016: 4, 2017: 4, 2019: 2, 2020: 2, 2021: 142, 2022: 336, 2023: 132, 2024: 109, 2025: 48}
2026-08-27 18:27:13,991 | INFO    |   LR  AUC=0.956 AP=0.924 Brier=0.082
2026-08-27 18:27:16,545 | INFO    |   GAM AUC=0.955 AP=0.921 Brier=0.085
2026-08-27 18:28:48,116 | INFO    |   RF  AUC=0.962 AP=0.931 Brier=0.072
2026-08-27 18:28:48,116 | INFO    | === set_B | MC 25/100 | seed=124 ===
2026-08-27 18:28:55,156 | INFO    |   dataset: SI=390 | NO=780 | total=1170
2026-08-27 18:28:55,166 | INFO    |   split agrupado | SU train=927 | SU test=232
2026-08-27 18:28:55,168 | INFO    |   ausencias por año: {2016: 4, 2017: 4, 2019: 2, 2020: 2, 2021: 141, 2022: 336, 2023: 132, 2024: 109, 2025: 48}
2026-08-27 18:28:56,594 | INFO    |   LR  AUC=0.935 AP=0.887 Brier=0.088
2026-08-27 18:28:59,167 | INFO    |   GAM AUC=0.940 AP=0.896 Brier=0.090
2026-08-27 18:30:26,416 | INFO    |   RF  AUC=0.943 AP=0.922 Brier=0.080
2026-08-27 18:30:26,417 | INFO    | === set_B | MC 26/100 | seed=125 ===
2026-08-27 18:30:33,626 | INFO    |   dataset: SI=390 | NO=780 | total=1170
2026-08-27 18:30:33,639 | INFO    |   split agrupado | SU train=931 | SU test=233
2026-08-27 18:30:33,641 | INFO    |   ausencias por año: {2016: 4, 2017: 4, 2019: 2, 2020: 2, 2021: 141, 2022: 336, 2023: 131, 2024: 110, 2025: 48}
2026-08-27 18:30:35,050 | INFO    |   LR  AUC=0.958 AP=0.913 Brier=0.074
2026-08-27 18:30:37,610 | INFO    |   GAM AUC=0.963 AP=0.920 Brier=0.070
2026-08-27 18:32:07,390 | INFO    |   RF  AUC=0.968 AP=0.948 Brier=0.070
2026-08-27 18:32:07,391 | INFO    | === set_B | MC 27/100 | seed=126 ===
2026-08-27 18:32:14,461 | INFO    |   dataset: SI=390 | NO=780 | total=1170
2026-08-27 18:32:14,471 | INFO    |   split agrupado | SU train=929 | SU test=233
2026-08-27 18:32:14,473 | INFO    |   ausencias por año: {2016: 4, 2017: 4, 2019: 2, 2020: 2, 2021: 141, 2022: 335, 2023: 132, 2024: 110, 2025: 48}
2026-08-27 18:32:15,864 | INFO    |   LR  AUC=0.955 AP=0.905 Brier=0.068
2026-08-27 18:32:18,408 | INFO    |   GAM AUC=0.959 AP=0.920 Brier=0.067
2026-08-27 18:33:50,006 | INFO    |   RF  AUC=0.970 AP=0.957 Brier=0.056
2026-08-27 18:33:50,006 | INFO    | === set_B | MC 28/100 | seed=127 ===
2026-08-27 18:33:57,098 | INFO    |   dataset: SI=390 | NO=780 | total=1170
2026-08-27 18:33:57,110 | INFO    |   split agrupado | SU train=928 | SU test=233
2026-08-27 18:33:57,111 | INFO    |   ausencias por año: {2016: 4, 2017: 4, 2019: 2, 2020: 2, 2021: 142, 2022: 335, 2023: 132, 2024: 110, 2025: 48}
2026-08-27 18:33:58,524 | INFO    |   LR  AUC=0.949 AP=0.877 Brier=0.082
2026-08-27 18:34:00,968 | INFO    |   GAM AUC=0.959 AP=0.909 Brier=0.077
2026-08-27 18:35:31,987 | INFO    |   RF  AUC=0.967 AP=0.941 Brier=0.072
2026-08-27 18:35:31,988 | INFO    | === set_B | MC 29/100 | seed=128 ===
2026-08-27 18:35:39,067 | INFO    |   dataset: SI=390 | NO=780 | total=1170
2026-08-27 18:35:39,077 | INFO    |   split agrupado | SU train=932 | SU test=233
2026-08-27 18:35:39,079 | INFO    |   ausencias por año: {2016: 4, 2017: 4, 2019: 2, 2020: 2, 2021: 141, 2022: 336, 2023: 132, 2024: 110, 2025: 48}
2026-08-27 18:35:40,481 | INFO    |   LR  AUC=0.938 AP=0.930 Brier=0.075
2026-08-27 18:35:42,954 | INFO    |   GAM AUC=0.943 AP=0.933 Brier=0.075
2026-08-27 18:37:12,890 | INFO    |   RF  AUC=0.953 AP=0.941 Brier=0.076
2026-08-27 18:37:12,891 | INFO    | === set_B | MC 30/100 | seed=129 ===
2026-08-27 18:37:20,059 | INFO    |   dataset: SI=390 | NO=780 | total=1170
2026-08-27 18:37:20,069 | INFO    |   split agrupado | SU train=928 | SU test=233
2026-08-27 18:37:20,071 | INFO    |   ausencias por año: {2016: 4, 2017: 4, 2019: 2, 2020: 2, 2021: 141, 2022: 336, 2023: 132, 2024: 109, 2025: 46}
2026-08-27 18:37:21,485 | INFO    |   LR  AUC=0.943 AP=0.860 Brier=0.075
2026-08-27 18:37:24,049 | INFO    |   GAM AUC=0.946 AP=0.866 Brier=0.073
2026-08-27 18:38:56,875 | INFO    |   RF  AUC=0.959 AP=0.932 Brier=0.067
2026-08-27 18:38:56,876 | INFO    | === set_B | MC 31/100 | seed=130 ===
2026-08-27 18:39:04,173 | INFO    |   dataset: SI=390 | NO=780 | total=1170
2026-08-27 18:39:04,185 | INFO    |   split agrupado | SU train=929 | SU test=233
2026-08-27 18:39:04,187 | INFO    |   ausencias por año: {2016: 4, 2017: 4, 2019: 2, 2020: 2, 2021: 140, 2022: 336, 2023: 132, 2024: 110, 2025: 48}
2026-08-27 18:39:05,594 | INFO    |   LR  AUC=0.960 AP=0.930 Brier=0.071
2026-08-27 18:39:08,151 | INFO    |   GAM AUC=0.964 AP=0.937 Brier=0.065
2026-08-27 18:40:34,697 | INFO    |   RF  AUC=0.960 AP=0.931 Brier=0.066
2026-08-27 18:40:34,697 | INFO    | === set_B | MC 32/100 | seed=131 ===
2026-08-27 18:40:41,863 | INFO    |   dataset: SI=390 | NO=780 | total=1170
2026-08-27 18:40:41,874 | INFO    |   split agrupado | SU train=932 | SU test=233
2026-08-27 18:40:41,876 | INFO    |   ausencias por año: {2016: 4, 2017: 4, 2019: 2, 2020: 2, 2021: 142, 2022: 335, 2023: 131, 2024: 110, 2025: 48}
2026-08-27 18:40:43,288 | INFO    |   LR  AUC=0.978 AP=0.944 Brier=0.055
2026-08-27 18:40:45,859 | INFO    |   GAM AUC=0.973 AP=0.934 Brier=0.060
2026-08-27 18:42:16,308 | INFO    |   RF  AUC=0.980 AP=0.943 Brier=0.056
2026-08-27 18:42:16,309 | INFO    | === set_B | MC 33/100 | seed=132 ===
2026-08-27 18:42:23,516 | INFO    |   dataset: SI=390 | NO=780 | total=1170
2026-08-27 18:42:23,528 | INFO    |   split agrupado | SU train=931 | SU test=233
2026-08-27 18:42:23,530 | INFO    |   ausencias por año: {2016: 4, 2017: 4, 2019: 2, 2020: 2, 2021: 141, 2022: 336, 2023: 132, 2024: 110, 2025: 48}
2026-08-27 18:42:24,950 | INFO    |   LR  AUC=0.935 AP=0.854 Brier=0.094
2026-08-27 18:42:27,576 | INFO    |   GAM AUC=0.944 AP=0.879 Brier=0.088
2026-08-27 18:44:00,559 | INFO    |   RF  AUC=0.958 AP=0.918 Brier=0.080
2026-08-27 18:44:00,559 | INFO    | === set_B | MC 34/100 | seed=133 ===
2026-08-27 18:44:07,709 | INFO    |   dataset: SI=390 | NO=780 | total=1170
2026-08-27 18:44:07,720 | INFO    |   split agrupado | SU train=934 | SU test=234
2026-08-27 18:44:07,722 | INFO    |   ausencias por año: {2016: 4, 2017: 4, 2019: 2, 2020: 2, 2021: 142, 2022: 336, 2023: 132, 2024: 109, 2025: 48}
2026-08-27 18:44:09,129 | INFO    |   LR  AUC=0.943 AP=0.915 Brier=0.079
2026-08-27 18:44:11,738 | INFO    |   GAM AUC=0.950 AP=0.931 Brier=0.076
2026-08-27 18:45:41,412 | INFO    |   RF  AUC=0.968 AP=0.961 Brier=0.066
2026-08-27 18:45:41,413 | INFO    | === set_B | MC 35/100 | seed=134 ===
2026-08-27 18:45:49,313 | INFO    |   dataset: SI=390 | NO=780 | total=1170
2026-08-27 18:45:49,325 | INFO    |   split agrupado | SU train=933 | SU test=234
2026-08-27 18:45:49,327 | INFO    |   ausencias por año: {2016: 4, 2017: 4, 2019: 2, 2020: 2, 2021: 142, 2022: 336, 2023: 132, 2024: 109, 2025: 48}
2026-08-27 18:45:50,999 | INFO    |   LR  AUC=0.967 AP=0.927 Brier=0.064
2026-08-27 18:45:54,090 | INFO    |   GAM AUC=0.972 AP=0.928 Brier=0.059
2026-08-27 18:47:30,494 | INFO    |   RF  AUC=0.978 AP=0.955 Brier=0.059
2026-08-27 18:47:30,495 | INFO    | === set_B | MC 36/100 | seed=135 ===
2026-08-27 18:47:38,466 | INFO    |   dataset: SI=390 | NO=780 | total=1170
2026-08-27 18:47:38,478 | INFO    |   split agrupado | SU train=934 | SU test=234
2026-08-27 18:47:38,480 | INFO    |   ausencias por año: {2016: 4, 2017: 4, 2019: 2, 2020: 2, 2021: 142, 2022: 336, 2023: 132, 2024: 110, 2025: 48}
2026-08-27 18:47:40,141 | INFO    |   LR  AUC=0.962 AP=0.948 Brier=0.063
2026-08-27 18:47:43,286 | INFO    |   GAM AUC=0.967 AP=0.955 Brier=0.061
2026-08-27 18:49:21,502 | INFO    |   RF  AUC=0.956 AP=0.947 Brier=0.068
2026-08-27 18:49:21,503 | INFO    | === set_B | MC 37/100 | seed=136 ===
2026-08-27 18:49:29,286 | INFO    |   dataset: SI=390 | NO=780 | total=1170
2026-08-27 18:49:29,298 | INFO    |   split agrupado | SU train=929 | SU test=233
2026-08-27 18:49:29,300 | INFO    |   ausencias por año: {2016: 4, 2017: 4, 2019: 2, 2020: 2, 2021: 142, 2022: 335, 2023: 132, 2024: 110, 2025: 48}
2026-08-27 18:49:30,992 | INFO    |   LR  AUC=0.969 AP=0.876 Brier=0.050
2026-08-27 18:49:34,157 | INFO    |   GAM AUC=0.974 AP=0.888 Brier=0.049
2026-08-27 18:51:05,290 | INFO    |   RF  AUC=0.987 AP=0.962 Brier=0.046
2026-08-27 18:51:05,291 | INFO    | === set_B | MC 38/100 | seed=137 ===
2026-08-27 18:51:13,432 | INFO    |   dataset: SI=390 | NO=780 | total=1170
2026-08-27 18:51:13,455 | INFO    |   split agrupado | SU train=927 | SU test=232
2026-08-27 18:51:13,456 | INFO    |   ausencias por año: {2016: 4, 2017: 4, 2019: 2, 2020: 2, 2021: 141, 2022: 335, 2023: 132, 2024: 107, 2025: 47}
2026-08-27 18:51:15,203 | INFO    |   LR  AUC=0.968 AP=0.923 Brier=0.055
2026-08-27 18:51:18,561 | INFO    |   GAM AUC=0.962 AP=0.907 Brier=0.062
2026-08-27 18:52:56,917 | INFO    |   RF  AUC=0.969 AP=0.951 Brier=0.054
2026-08-27 18:52:56,918 | INFO    | === set_B | MC 39/100 | seed=138 ===
2026-08-27 18:53:04,931 | INFO    |   dataset: SI=390 | NO=780 | total=1170
2026-08-27 18:53:04,943 | INFO    |   split agrupado | SU train=932 | SU test=234
2026-08-27 18:53:04,945 | INFO    |   ausencias por año: {2016: 4, 2017: 4, 2019: 2, 2020: 2, 2021: 141, 2022: 336, 2023: 132, 2024: 110, 2025: 48}
2026-08-27 18:53:06,628 | INFO    |   LR  AUC=0.967 AP=0.914 Brier=0.058
2026-08-27 18:53:09,198 | INFO    |   GAM AUC=0.969 AP=0.921 Brier=0.056
2026-08-27 18:54:45,555 | INFO    |   RF  AUC=0.977 AP=0.962 Brier=0.054
2026-08-27 18:54:45,556 | INFO    | === set_B | MC 40/100 | seed=139 ===
2026-08-27 18:54:53,510 | INFO    |   dataset: SI=390 | NO=780 | total=1170
2026-08-27 18:54:53,521 | INFO    |   split agrupado | SU train=932 | SU test=233
2026-08-27 18:54:53,523 | INFO    |   ausencias por año: {2016: 4, 2017: 4, 2019: 2, 2020: 2, 2021: 142, 2022: 336, 2023: 131, 2024: 110, 2025: 48}
2026-08-27 18:54:55,173 | INFO    |   LR  AUC=0.965 AP=0.899 Brier=0.058
2026-08-27 18:54:58,348 | INFO    |   GAM AUC=0.971 AP=0.908 Brier=0.056
2026-08-27 18:56:23,379 | INFO    |   RF  AUC=0.977 AP=0.965 Brier=0.054
2026-08-27 18:56:23,380 | INFO    | === set_B | MC 41/100 | seed=140 ===
2026-08-27 18:56:31,828 | INFO    |   dataset: SI=390 | NO=780 | total=1170
2026-08-27 18:56:31,840 | INFO    |   split agrupado | SU train=931 | SU test=233
2026-08-27 18:56:31,842 | INFO    |   ausencias por año: {2016: 4, 2017: 4, 2019: 2, 2020: 2, 2021: 142, 2022: 336, 2023: 131, 2024: 110, 2025: 48}
2026-08-27 18:56:33,523 | INFO    |   LR  AUC=0.960 AP=0.943 Brier=0.062
2026-08-27 18:56:37,837 | INFO    |   GAM AUC=0.963 AP=0.947 Brier=0.059
2026-08-27 18:58:14,544 | INFO    |   RF  AUC=0.960 AP=0.950 Brier=0.062
2026-08-27 18:58:14,545 | INFO    | === set_B | MC 42/100 | seed=141 ===
2026-08-27 18:58:22,367 | INFO    |   dataset: SI=390 | NO=780 | total=1170
2026-08-27 18:58:22,379 | INFO    |   split agrupado | SU train=929 | SU test=233
2026-08-27 18:58:22,382 | INFO    |   ausencias por año: {2016: 4, 2017: 4, 2019: 2, 2020: 2, 2021: 142, 2022: 335, 2023: 132, 2024: 110, 2025: 48}
2026-08-27 18:58:24,074 | INFO    |   LR  AUC=0.963 AP=0.937 Brier=0.072
2026-08-27 18:58:27,216 | INFO    |   GAM AUC=0.967 AP=0.938 Brier=0.069
2026-08-27 19:00:05,118 | INFO    |   RF  AUC=0.968 AP=0.929 Brier=0.072
2026-08-27 19:00:05,119 | INFO    | === set_B | MC 43/100 | seed=142 ===
2026-08-27 19:00:13,311 | INFO    |   dataset: SI=390 | NO=780 | total=1170
2026-08-27 19:00:13,323 | INFO    |   split agrupado | SU train=931 | SU test=233
2026-08-27 19:00:13,325 | INFO    |   ausencias por año: {2016: 4, 2017: 4, 2019: 2, 2020: 2, 2021: 142, 2022: 335, 2023: 132, 2024: 110, 2025: 48}
2026-08-27 19:00:15,023 | INFO    |   LR  AUC=0.967 AP=0.960 Brier=0.065
2026-08-27 19:00:18,225 | INFO    |   GAM AUC=0.965 AP=0.954 Brier=0.070
2026-08-27 19:01:45,799 | INFO    |   RF  AUC=0.967 AP=0.953 Brier=0.073
2026-08-27 19:01:45,800 | INFO    | === set_B | MC 44/100 | seed=143 ===
2026-08-27 19:01:53,967 | INFO    |   dataset: SI=390 | NO=780 | total=1170
2026-08-27 19:01:53,988 | INFO    |   split agrupado | SU train=929 | SU test=233
2026-08-27 19:01:53,990 | INFO    |   ausencias por año: {2016: 4, 2017: 4, 2019: 2, 2020: 2, 2021: 141, 2022: 335, 2023: 132, 2024: 110, 2025: 48}
2026-08-27 19:01:55,707 | INFO    |   LR  AUC=0.958 AP=0.914 Brier=0.077
2026-08-27 19:01:58,743 | INFO    |   GAM AUC=0.963 AP=0.927 Brier=0.073
2026-08-27 19:03:26,253 | INFO    |   RF  AUC=0.977 AP=0.952 Brier=0.064
2026-08-27 19:03:26,254 | INFO    | === set_B | MC 45/100 | seed=144 ===
2026-08-27 19:03:34,587 | INFO    |   dataset: SI=390 | NO=780 | total=1170
2026-08-27 19:03:34,599 | INFO    |   split agrupado | SU train=931 | SU test=233
2026-08-27 19:03:34,601 | INFO    |   ausencias por año: {2016: 4, 2017: 4, 2019: 2, 2020: 2, 2021: 142, 2022: 336, 2023: 131, 2024: 110, 2025: 48}
2026-08-27 19:03:36,421 | INFO    |   LR  AUC=0.944 AP=0.898 Brier=0.083
2026-08-27 19:03:39,637 | INFO    |   GAM AUC=0.949 AP=0.902 Brier=0.079
2026-08-27 19:05:06,664 | INFO    |   RF  AUC=0.956 AP=0.917 Brier=0.077
2026-08-27 19:05:06,665 | INFO    | === set_B | MC 46/100 | seed=145 ===
2026-08-27 19:05:15,016 | INFO    |   dataset: SI=390 | NO=780 | total=1170
2026-08-27 19:05:15,029 | INFO    |   split agrupado | SU train=932 | SU test=234
2026-08-27 19:05:15,031 | INFO    |   ausencias por año: {2016: 4, 2017: 4, 2019: 2, 2020: 2, 2021: 142, 2022: 336, 2023: 131, 2024: 110, 2025: 48}
2026-08-27 19:05:16,721 | INFO    |   LR  AUC=0.956 AP=0.939 Brier=0.060
2026-08-27 19:05:19,903 | INFO    |   GAM AUC=0.958 AP=0.937 Brier=0.059
2026-08-27 19:06:46,139 | INFO    |   RF  AUC=0.964 AP=0.939 Brier=0.062
2026-08-27 19:06:46,139 | INFO    | === set_B | MC 47/100 | seed=146 ===
2026-08-27 19:06:54,235 | INFO    |   dataset: SI=390 | NO=780 | total=1170
2026-08-27 19:06:54,245 | INFO    |   split agrupado | SU train=925 | SU test=232
2026-08-27 19:06:54,247 | INFO    |   ausencias por año: {2016: 4, 2017: 4, 2019: 2, 2020: 2, 2021: 142, 2022: 335, 2023: 132, 2024: 110, 2025: 47}
2026-08-27 19:06:55,673 | INFO    |   LR  AUC=0.956 AP=0.923 Brier=0.074
2026-08-27 19:06:58,556 | INFO    |   GAM AUC=0.952 AP=0.912 Brier=0.078
2026-08-27 19:08:24,942 | INFO    |   RF  AUC=0.963 AP=0.943 Brier=0.064
2026-08-27 19:08:24,943 | INFO    | === set_B | MC 48/100 | seed=147 ===
2026-08-27 19:08:33,250 | INFO    |   dataset: SI=390 | NO=780 | total=1170
2026-08-27 19:08:33,262 | INFO    |   split agrupado | SU train=932 | SU test=234
2026-08-27 19:08:33,263 | INFO    |   ausencias por año: {2016: 4, 2017: 4, 2019: 2, 2020: 2, 2021: 141, 2022: 335, 2023: 132, 2024: 110, 2025: 48}
2026-08-27 19:08:34,968 | INFO    |   LR  AUC=0.964 AP=0.945 Brier=0.067
2026-08-27 19:08:38,220 | INFO    |   GAM AUC=0.972 AP=0.955 Brier=0.061
2026-08-27 19:10:11,153 | INFO    |   RF  AUC=0.965 AP=0.944 Brier=0.065
2026-08-27 19:10:11,153 | INFO    | === set_B | MC 49/100 | seed=148 ===
2026-08-27 19:10:19,460 | INFO    |   dataset: SI=390 | NO=780 | total=1170
2026-08-27 19:10:19,472 | INFO    |   split agrupado | SU train=929 | SU test=233
2026-08-27 19:10:19,474 | INFO    |   ausencias por año: {2016: 4, 2017: 4, 2019: 2, 2020: 2, 2021: 142, 2022: 335, 2023: 132, 2024: 110, 2025: 48}
2026-08-27 19:10:21,144 | INFO    |   LR  AUC=0.971 AP=0.913 Brier=0.065
2026-08-27 19:10:24,248 | INFO    |   GAM AUC=0.973 AP=0.944 Brier=0.063
2026-08-27 19:11:59,364 | INFO    |   RF  AUC=0.976 AP=0.957 Brier=0.062
2026-08-27 19:11:59,365 | INFO    | === set_B | MC 50/100 | seed=149 ===
2026-08-27 19:12:07,316 | INFO    |   dataset: SI=390 | NO=780 | total=1170
2026-08-27 19:12:07,327 | INFO    |   split agrupado | SU train=932 | SU test=233
2026-08-27 19:12:07,394 | INFO    |   ausencias por año: {2016: 4, 2017: 4, 2019: 2, 2020: 2, 2021: 142, 2022: 336, 2023: 132, 2024: 110, 2025: 48}
2026-08-27 19:12:09,078 | INFO    |   LR  AUC=0.953 AP=0.889 Brier=0.076
2026-08-27 19:12:12,197 | INFO    |   GAM AUC=0.957 AP=0.899 Brier=0.074
2026-08-27 19:13:48,394 | INFO    |   RF  AUC=0.971 AP=0.949 Brier=0.068
2026-08-27 19:13:48,395 | INFO    | === set_B | MC 51/100 | seed=150 ===
2026-08-27 19:13:55,596 | INFO    |   dataset: SI=390 | NO=780 | total=1170
2026-08-27 19:13:55,605 | INFO    |   split agrupado | SU train=931 | SU test=233
2026-08-27 19:13:55,607 | INFO    |   ausencias por año: {2016: 4, 2017: 4, 2019: 2, 2020: 2, 2021: 142, 2022: 336, 2023: 132, 2024: 110, 2025: 48}
2026-08-27 19:13:57,275 | INFO    |   LR  AUC=0.940 AP=0.886 Brier=0.082
2026-08-27 19:14:00,397 | INFO    |   GAM AUC=0.945 AP=0.891 Brier=0.078
2026-08-27 19:15:36,342 | INFO    |   RF  AUC=0.949 AP=0.924 Brier=0.079
2026-08-27 19:15:36,343 | INFO    | === set_B | MC 52/100 | seed=151 ===
2026-08-27 19:15:44,328 | INFO    |   dataset: SI=390 | NO=780 | total=1170
2026-08-27 19:15:44,341 | INFO    |   split agrupado | SU train=933 | SU test=234
2026-08-27 19:15:44,343 | INFO    |   ausencias por año: {2016: 4, 2017: 4, 2019: 2, 2020: 2, 2021: 142, 2022: 336, 2023: 132, 2024: 109, 2025: 48}
2026-08-27 19:15:46,022 | INFO    |   LR  AUC=0.934 AP=0.877 Brier=0.085
2026-08-27 19:15:49,144 | INFO    |   GAM AUC=0.941 AP=0.886 Brier=0.081
2026-08-27 19:17:25,454 | INFO    |   RF  AUC=0.945 AP=0.888 Brier=0.083
2026-08-27 19:17:25,454 | INFO    | === set_B | MC 53/100 | seed=152 ===
2026-08-27 19:17:33,326 | INFO    |   dataset: SI=390 | NO=780 | total=1170
2026-08-27 19:17:33,348 | INFO    |   split agrupado | SU train=926 | SU test=232
2026-08-27 19:17:33,350 | INFO    |   ausencias por año: {2016: 4, 2017: 4, 2019: 2, 2020: 2, 2021: 141, 2022: 336, 2023: 131, 2024: 110, 2025: 48}
2026-08-27 19:17:35,012 | INFO    |   LR  AUC=0.943 AP=0.922 Brier=0.082
2026-08-27 19:17:38,108 | INFO    |   GAM AUC=0.947 AP=0.926 Brier=0.080
2026-08-27 19:19:15,614 | INFO    |   RF  AUC=0.955 AP=0.933 Brier=0.082
2026-08-27 19:19:15,614 | INFO    | === set_B | MC 54/100 | seed=153 ===
2026-08-27 19:19:23,587 | INFO    |   dataset: SI=390 | NO=780 | total=1170
2026-08-27 19:19:23,605 | INFO    |   split agrupado | SU train=930 | SU test=233
2026-08-27 19:19:23,607 | INFO    |   ausencias por año: {2016: 4, 2017: 4, 2019: 2, 2020: 2, 2021: 141, 2022: 335, 2023: 132, 2024: 110, 2025: 48}
2026-08-27 19:19:25,259 | INFO    |   LR  AUC=0.971 AP=0.955 Brier=0.063
2026-08-27 19:19:28,374 | INFO    |   GAM AUC=0.973 AP=0.953 Brier=0.063
2026-08-27 19:20:59,792 | INFO    |   RF  AUC=0.969 AP=0.945 Brier=0.070
2026-08-27 19:20:59,793 | INFO    | === set_B | MC 55/100 | seed=154 ===
2026-08-27 19:21:07,886 | INFO    |   dataset: SI=390 | NO=780 | total=1170
2026-08-27 19:21:07,898 | INFO    |   split agrupado | SU train=932 | SU test=233
2026-08-27 19:21:07,899 | INFO    |   ausencias por año: {2016: 4, 2017: 4, 2019: 2, 2020: 2, 2021: 141, 2022: 335, 2023: 132, 2024: 110, 2025: 48}
2026-08-27 19:21:09,572 | INFO    |   LR  AUC=0.963 AP=0.926 Brier=0.069
2026-08-27 19:21:12,675 | INFO    |   GAM AUC=0.965 AP=0.928 Brier=0.070
2026-08-27 19:22:49,993 | INFO    |   RF  AUC=0.970 AP=0.951 Brier=0.065
2026-08-27 19:22:49,993 | INFO    | === set_B | MC 56/100 | seed=155 ===
2026-08-27 19:22:57,790 | INFO    |   dataset: SI=390 | NO=780 | total=1170
2026-08-27 19:22:57,802 | INFO    |   split agrupado | SU train=925 | SU test=232
2026-08-27 19:22:57,804 | INFO    |   ausencias por año: {2016: 4, 2017: 4, 2019: 2, 2020: 2, 2021: 141, 2022: 335, 2023: 131, 2024: 110, 2025: 48}
2026-08-27 19:22:59,457 | INFO    |   LR  AUC=0.952 AP=0.918 Brier=0.083
2026-08-27 19:23:02,529 | INFO    |   GAM AUC=0.955 AP=0.922 Brier=0.079
2026-08-27 19:24:40,498 | INFO    |   RF  AUC=0.958 AP=0.917 Brier=0.076
2026-08-27 19:24:40,498 | INFO    | === set_B | MC 57/100 | seed=156 ===
2026-08-27 19:24:48,387 | INFO    |   dataset: SI=390 | NO=780 | total=1170
2026-08-27 19:24:48,409 | INFO    |   split agrupado | SU train=928 | SU test=232
2026-08-27 19:24:48,411 | INFO    |   ausencias por año: {2016: 4, 2017: 4, 2019: 2, 2020: 2, 2021: 142, 2022: 336, 2023: 132, 2024: 109, 2025: 48}
2026-08-27 19:24:50,078 | INFO    |   LR  AUC=0.950 AP=0.939 Brier=0.075
2026-08-27 19:24:53,175 | INFO    |   GAM AUC=0.956 AP=0.948 Brier=0.072
2026-08-27 19:26:26,830 | INFO    |   RF  AUC=0.965 AP=0.953 Brier=0.068
2026-08-27 19:26:26,831 | INFO    | === set_B | MC 58/100 | seed=157 ===
2026-08-27 19:26:34,774 | INFO    |   dataset: SI=390 | NO=780 | total=1170
2026-08-27 19:26:34,785 | INFO    |   split agrupado | SU train=931 | SU test=233
2026-08-27 19:26:34,786 | INFO    |   ausencias por año: {2016: 4, 2017: 4, 2019: 2, 2020: 2, 2021: 142, 2022: 336, 2023: 132, 2024: 110, 2025: 48}
2026-08-27 19:26:36,459 | INFO    |   LR  AUC=0.942 AP=0.846 Brier=0.082
2026-08-27 19:26:39,074 | INFO    |   GAM AUC=0.949 AP=0.868 Brier=0.078
2026-08-27 19:28:16,531 | INFO    |   RF  AUC=0.959 AP=0.914 Brier=0.070
2026-08-27 19:28:16,531 | INFO    | === set_B | MC 59/100 | seed=158 ===
2026-08-27 19:28:24,525 | INFO    |   dataset: SI=390 | NO=780 | total=1170
2026-08-27 19:28:24,536 | INFO    |   split agrupado | SU train=930 | SU test=233
2026-08-27 19:28:24,538 | INFO    |   ausencias por año: {2016: 4, 2017: 4, 2019: 2, 2020: 2, 2021: 142, 2022: 336, 2023: 132, 2024: 110, 2025: 48}
2026-08-27 19:28:26,224 | INFO    |   LR  AUC=0.956 AP=0.922 Brier=0.076
2026-08-27 19:28:29,217 | INFO    |   GAM AUC=0.963 AP=0.934 Brier=0.073
2026-08-27 19:30:06,167 | INFO    |   RF  AUC=0.964 AP=0.944 Brier=0.073
2026-08-27 19:30:06,168 | INFO    | === set_B | MC 60/100 | seed=159 ===
2026-08-27 19:30:14,639 | INFO    |   dataset: SI=390 | NO=780 | total=1170
2026-08-27 19:30:14,652 | INFO    |   split agrupado | SU train=930 | SU test=233
2026-08-27 19:30:14,654 | INFO    |   ausencias por año: {2016: 4, 2017: 4, 2019: 2, 2020: 2, 2021: 142, 2022: 336, 2023: 132, 2024: 109, 2025: 48}
2026-08-27 19:30:16,380 | INFO    |   LR  AUC=0.929 AP=0.856 Brier=0.081
2026-08-27 19:30:19,596 | INFO    |   GAM AUC=0.934 AP=0.868 Brier=0.083
2026-08-27 19:31:53,892 | INFO    |   RF  AUC=0.945 AP=0.911 Brier=0.078
2026-08-27 19:31:53,893 | INFO    | === set_B | MC 61/100 | seed=160 ===
2026-08-27 19:32:01,560 | INFO    |   dataset: SI=390 | NO=780 | total=1170
2026-08-27 19:32:01,572 | INFO    |   split agrupado | SU train=928 | SU test=232
2026-08-27 19:32:01,574 | INFO    |   ausencias por año: {2016: 4, 2017: 4, 2019: 2, 2020: 2, 2021: 142, 2022: 336, 2023: 132, 2024: 109, 2025: 48}
2026-08-27 19:32:03,358 | INFO    |   LR  AUC=0.935 AP=0.926 Brier=0.088
2026-08-27 19:32:06,464 | INFO    |   GAM AUC=0.940 AP=0.929 Brier=0.084
2026-08-27 19:33:44,498 | INFO    |   RF  AUC=0.955 AP=0.941 Brier=0.076
2026-08-27 19:33:44,499 | INFO    | === set_B | MC 62/100 | seed=161 ===
2026-08-27 19:33:52,332 | INFO    |   dataset: SI=390 | NO=780 | total=1170
2026-08-27 19:33:52,344 | INFO    |   split agrupado | SU train=932 | SU test=233
2026-08-27 19:33:52,346 | INFO    |   ausencias por año: {2016: 4, 2017: 4, 2019: 2, 2020: 2, 2021: 140, 2022: 335, 2023: 132, 2024: 110, 2025: 48}
2026-08-27 19:33:53,984 | INFO    |   LR  AUC=0.975 AP=0.931 Brier=0.058
2026-08-27 19:33:57,111 | INFO    |   GAM AUC=0.978 AP=0.943 Brier=0.056
2026-08-27 19:35:32,850 | INFO    |   RF  AUC=0.979 AP=0.954 Brier=0.058
2026-08-27 19:35:32,851 | INFO    | === set_B | MC 63/100 | seed=162 ===
2026-08-27 19:35:40,781 | INFO    |   dataset: SI=390 | NO=780 | total=1170
2026-08-27 19:35:40,802 | INFO    |   split agrupado | SU train=929 | SU test=233
2026-08-27 19:35:40,804 | INFO    |   ausencias por año: {2016: 4, 2017: 4, 2019: 2, 2020: 2, 2021: 142, 2022: 336, 2023: 132, 2024: 110, 2025: 48}
2026-08-27 19:35:42,476 | INFO    |   LR  AUC=0.968 AP=0.940 Brier=0.067
2026-08-27 19:35:45,617 | INFO    |   GAM AUC=0.974 AP=0.950 Brier=0.061
2026-08-27 19:37:21,576 | INFO    |   RF  AUC=0.971 AP=0.948 Brier=0.062
2026-08-27 19:37:21,577 | INFO    | === set_B | MC 64/100 | seed=163 ===
2026-08-27 19:37:29,286 | INFO    |   dataset: SI=390 | NO=780 | total=1170
2026-08-27 19:37:29,298 | INFO    |   split agrupado | SU train=931 | SU test=233
2026-08-27 19:37:29,300 | INFO    |   ausencias por año: {2016: 4, 2017: 4, 2019: 2, 2020: 2, 2021: 142, 2022: 336, 2023: 132, 2024: 110, 2025: 48}
2026-08-27 19:37:30,971 | INFO    |   LR  AUC=0.947 AP=0.874 Brier=0.089
2026-08-27 19:37:34,090 | INFO    |   GAM AUC=0.948 AP=0.877 Brier=0.087
2026-08-27 19:39:12,219 | INFO    |   RF  AUC=0.964 AP=0.926 Brier=0.076
2026-08-27 19:39:12,219 | INFO    | === set_B | MC 65/100 | seed=164 ===
2026-08-27 19:39:20,197 | INFO    |   dataset: SI=390 | NO=780 | total=1170
2026-08-27 19:39:20,210 | INFO    |   split agrupado | SU train=930 | SU test=233
2026-08-27 19:39:20,211 | INFO    |   ausencias por año: {2016: 4, 2017: 4, 2019: 2, 2020: 2, 2021: 141, 2022: 336, 2023: 132, 2024: 110, 2025: 48}
2026-08-27 19:39:21,896 | INFO    |   LR  AUC=0.974 AP=0.958 Brier=0.056
2026-08-27 19:39:24,998 | INFO    |   GAM AUC=0.973 AP=0.959 Brier=0.052
2026-08-27 19:40:56,715 | INFO    |   RF  AUC=0.967 AP=0.952 Brier=0.060
2026-08-27 19:40:56,715 | INFO    | === set_B | MC 66/100 | seed=165 ===
2026-08-27 19:41:04,630 | INFO    |   dataset: SI=390 | NO=780 | total=1170
2026-08-27 19:41:04,644 | INFO    |   split agrupado | SU train=929 | SU test=233
2026-08-27 19:41:04,646 | INFO    |   ausencias por año: {2016: 4, 2017: 4, 2019: 2, 2020: 2, 2021: 142, 2022: 336, 2023: 132, 2024: 110, 2025: 48}
2026-08-27 19:41:06,333 | INFO    |   LR  AUC=0.963 AP=0.901 Brier=0.068
2026-08-27 19:41:09,104 | INFO    |   GAM AUC=0.966 AP=0.905 Brier=0.066
2026-08-27 19:42:47,178 | INFO    |   RF  AUC=0.967 AP=0.903 Brier=0.068
2026-08-27 19:42:47,179 | INFO    | === set_B | MC 67/100 | seed=166 ===
2026-08-27 19:42:55,205 | INFO    |   dataset: SI=390 | NO=780 | total=1170
2026-08-27 19:42:55,217 | INFO    |   split agrupado | SU train=929 | SU test=233
2026-08-27 19:42:55,219 | INFO    |   ausencias por año: {2016: 4, 2017: 4, 2019: 2, 2020: 2, 2021: 142, 2022: 335, 2023: 132, 2024: 110, 2025: 47}
2026-08-27 19:42:56,915 | INFO    |   LR  AUC=0.958 AP=0.930 Brier=0.069
2026-08-27 19:43:00,004 | INFO    |   GAM AUC=0.962 AP=0.939 Brier=0.066
2026-08-27 19:44:35,857 | INFO    |   RF  AUC=0.963 AP=0.951 Brier=0.064
2026-08-27 19:44:35,858 | INFO    | === set_B | MC 68/100 | seed=167 ===
2026-08-27 19:44:43,655 | INFO    |   dataset: SI=390 | NO=780 | total=1170
2026-08-27 19:44:43,667 | INFO    |   split agrupado | SU train=929 | SU test=233
2026-08-27 19:44:43,669 | INFO    |   ausencias por año: {2016: 4, 2017: 4, 2019: 2, 2020: 2, 2021: 142, 2022: 336, 2023: 132, 2024: 109, 2025: 48}
2026-08-27 19:44:45,338 | INFO    |   LR  AUC=0.969 AP=0.953 Brier=0.063
2026-08-27 19:44:48,416 | INFO    |   GAM AUC=0.973 AP=0.958 Brier=0.059
2026-08-27 19:46:22,443 | INFO    |   RF  AUC=0.976 AP=0.957 Brier=0.062
2026-08-27 19:46:22,444 | INFO    | === set_B | MC 69/100 | seed=168 ===
2026-08-27 19:46:30,373 | INFO    |   dataset: SI=390 | NO=780 | total=1170
2026-08-27 19:46:30,394 | INFO    |   split agrupado | SU train=929 | SU test=233
2026-08-27 19:46:30,396 | INFO    |   ausencias por año: {2016: 4, 2017: 4, 2019: 2, 2020: 2, 2021: 141, 2022: 334, 2023: 132, 2024: 110, 2025: 48}
2026-08-27 19:46:32,066 | INFO    |   LR  AUC=0.944 AP=0.925 Brier=0.076
2026-08-27 19:46:34,678 | INFO    |   GAM AUC=0.948 AP=0.929 Brier=0.075
2026-08-27 19:48:11,470 | INFO    |   RF  AUC=0.947 AP=0.929 Brier=0.074
2026-08-27 19:48:11,470 | INFO    | === set_B | MC 70/100 | seed=169 ===
2026-08-27 19:48:18,519 | INFO    |   dataset: SI=390 | NO=780 | total=1170
2026-08-27 19:48:18,529 | INFO    |   split agrupado | SU train=928 | SU test=233
2026-08-27 19:48:18,531 | INFO    |   ausencias por año: {2016: 4, 2017: 4, 2019: 2, 2020: 2, 2021: 142, 2022: 335, 2023: 132, 2024: 110, 2025: 48}
2026-08-27 19:48:19,946 | INFO    |   LR  AUC=0.924 AP=0.865 Brier=0.099
2026-08-27 19:48:22,432 | INFO    |   GAM AUC=0.928 AP=0.876 Brier=0.094
2026-08-27 19:49:53,284 | INFO    |   RF  AUC=0.935 AP=0.884 Brier=0.089
2026-08-27 19:49:53,285 | INFO    | === set_B | MC 71/100 | seed=170 ===
2026-08-27 19:50:00,341 | INFO    |   dataset: SI=390 | NO=780 | total=1170
2026-08-27 19:50:00,351 | INFO    |   split agrupado | SU train=932 | SU test=233
2026-08-27 19:50:00,353 | INFO    |   ausencias por año: {2016: 4, 2017: 4, 2019: 2, 2020: 2, 2021: 142, 2022: 335, 2023: 132, 2024: 110, 2025: 48}
2026-08-27 19:50:01,758 | INFO    |   LR  AUC=0.980 AP=0.970 Brier=0.053
2026-08-27 19:50:05,041 | INFO    |   GAM AUC=0.980 AP=0.972 Brier=0.052
2026-08-27 19:51:31,664 | INFO    |   RF  AUC=0.984 AP=0.973 Brier=0.055
2026-08-27 19:51:31,665 | INFO    | === set_B | MC 72/100 | seed=171 ===
2026-08-27 19:51:38,706 | INFO    |   dataset: SI=390 | NO=780 | total=1170
2026-08-27 19:51:38,716 | INFO    |   split agrupado | SU train=932 | SU test=234
2026-08-27 19:51:38,718 | INFO    |   ausencias por año: {2016: 4, 2017: 4, 2019: 2, 2020: 2, 2021: 142, 2022: 336, 2023: 132, 2024: 110, 2025: 48}
2026-08-27 19:51:40,128 | INFO    |   LR  AUC=0.964 AP=0.930 Brier=0.063
2026-08-27 19:51:43,232 | INFO    |   GAM AUC=0.967 AP=0.936 Brier=0.059
2026-08-27 19:53:13,665 | INFO    |   RF  AUC=0.975 AP=0.968 Brier=0.055
2026-08-27 19:53:13,666 | INFO    | === set_B | MC 73/100 | seed=172 ===
2026-08-27 19:53:20,741 | INFO    |   dataset: SI=390 | NO=780 | total=1170
2026-08-27 19:53:20,751 | INFO    |   split agrupado | SU train=928 | SU test=233
2026-08-27 19:53:20,752 | INFO    |   ausencias por año: {2016: 4, 2017: 4, 2019: 2, 2020: 2, 2021: 142, 2022: 336, 2023: 132, 2024: 110, 2025: 48}
2026-08-27 19:53:22,293 | INFO    |   LR  AUC=0.928 AP=0.876 Brier=0.088
2026-08-27 19:53:24,871 | INFO    |   GAM AUC=0.935 AP=0.889 Brier=0.082
2026-08-27 19:54:56,735 | INFO    |   RF  AUC=0.955 AP=0.920 Brier=0.076
2026-08-27 19:54:56,736 | INFO    | === set_B | MC 74/100 | seed=173 ===
2026-08-27 19:55:04,163 | INFO    |   dataset: SI=390 | NO=780 | total=1170
2026-08-27 19:55:04,173 | INFO    |   split agrupado | SU train=932 | SU test=234
2026-08-27 19:55:04,175 | INFO    |   ausencias por año: {2016: 4, 2017: 4, 2019: 2, 2020: 2, 2021: 142, 2022: 336, 2023: 132, 2024: 110, 2025: 48}
2026-08-27 19:55:05,854 | INFO    |   LR  AUC=0.971 AP=0.946 Brier=0.060
2026-08-27 19:55:09,000 | INFO    |   GAM AUC=0.973 AP=0.949 Brier=0.057
2026-08-27 19:56:39,198 | INFO    |   RF  AUC=0.973 AP=0.948 Brier=0.061
2026-08-27 19:56:39,198 | INFO    | === set_B | MC 75/100 | seed=174 ===
2026-08-27 19:56:46,272 | INFO    |   dataset: SI=390 | NO=780 | total=1170
2026-08-27 19:56:46,282 | INFO    |   split agrupado | SU train=925 | SU test=232
2026-08-27 19:56:46,284 | INFO    |   ausencias por año: {2016: 4, 2017: 4, 2019: 2, 2020: 2, 2021: 141, 2022: 335, 2023: 131, 2024: 110, 2025: 48}
2026-08-27 19:56:47,706 | INFO    |   LR  AUC=0.961 AP=0.935 Brier=0.067
2026-08-27 19:56:50,316 | INFO    |   GAM AUC=0.966 AP=0.947 Brier=0.062
2026-08-27 19:58:19,781 | INFO    |   RF  AUC=0.971 AP=0.948 Brier=0.067
2026-08-27 19:58:19,781 | INFO    | === set_B | MC 76/100 | seed=175 ===
2026-08-27 19:58:26,778 | INFO    |   dataset: SI=390 | NO=780 | total=1170
2026-08-27 19:58:26,788 | INFO    |   split agrupado | SU train=931 | SU test=233
2026-08-27 19:58:26,789 | INFO    |   ausencias por año: {2016: 4, 2017: 4, 2019: 2, 2020: 2, 2021: 142, 2022: 336, 2023: 132, 2024: 110, 2025: 48}
2026-08-27 19:58:28,191 | INFO    |   LR  AUC=0.939 AP=0.890 Brier=0.074
2026-08-27 19:58:30,752 | INFO    |   GAM AUC=0.947 AP=0.904 Brier=0.070
2026-08-27 20:00:01,448 | INFO    |   RF  AUC=0.950 AP=0.914 Brier=0.072
2026-08-27 20:00:01,448 | INFO    | === set_B | MC 77/100 | seed=176 ===
2026-08-27 20:00:09,614 | INFO    |   dataset: SI=390 | NO=780 | total=1170
2026-08-27 20:00:09,625 | INFO    |   split agrupado | SU train=929 | SU test=233
2026-08-27 20:00:09,626 | INFO    |   ausencias por año: {2016: 4, 2017: 4, 2019: 2, 2020: 2, 2021: 141, 2022: 335, 2023: 132, 2024: 110, 2025: 48}
2026-08-27 20:00:11,067 | INFO    |   LR  AUC=0.934 AP=0.894 Brier=0.075
2026-08-27 20:00:13,881 | INFO    |   GAM AUC=0.948 AP=0.922 Brier=0.067
2026-08-27 20:01:41,979 | INFO    |   RF  AUC=0.953 AP=0.920 Brier=0.072
2026-08-27 20:01:41,980 | INFO    | === set_B | MC 78/100 | seed=177 ===
2026-08-27 20:01:48,916 | INFO    |   dataset: SI=390 | NO=780 | total=1170
2026-08-27 20:01:48,926 | INFO    |   split agrupado | SU train=928 | SU test=233
2026-08-27 20:01:48,928 | INFO    |   ausencias por año: {2016: 4, 2017: 4, 2019: 2, 2020: 2, 2021: 142, 2022: 334, 2023: 132, 2024: 110, 2025: 48}
2026-08-27 20:01:50,324 | INFO    |   LR  AUC=0.957 AP=0.856 Brier=0.068
2026-08-27 20:01:52,912 | INFO    |   GAM AUC=0.959 AP=0.867 Brier=0.066
2026-08-27 20:03:23,991 | INFO    |   RF  AUC=0.978 AP=0.948 Brier=0.057
2026-08-27 20:03:23,992 | INFO    | === set_B | MC 79/100 | seed=178 ===
2026-08-27 20:03:31,196 | INFO    |   dataset: SI=390 | NO=780 | total=1170
2026-08-27 20:03:31,209 | INFO    |   split agrupado | SU train=930 | SU test=233
2026-08-27 20:03:31,211 | INFO    |   ausencias por año: {2016: 4, 2017: 4, 2019: 2, 2020: 2, 2021: 141, 2022: 336, 2023: 132, 2024: 110, 2025: 48}
2026-08-27 20:03:32,695 | INFO    |   LR  AUC=0.947 AP=0.886 Brier=0.082
2026-08-27 20:03:35,431 | INFO    |   GAM AUC=0.955 AP=0.912 Brier=0.077
2026-08-27 20:05:07,138 | INFO    |   RF  AUC=0.961 AP=0.927 Brier=0.075
2026-08-27 20:05:07,139 | INFO    | === set_B | MC 80/100 | seed=179 ===
2026-08-27 20:05:14,215 | INFO    |   dataset: SI=390 | NO=780 | total=1170
2026-08-27 20:05:14,225 | INFO    |   split agrupado | SU train=929 | SU test=233
2026-08-27 20:05:14,227 | INFO    |   ausencias por año: {2016: 4, 2017: 4, 2019: 2, 2020: 2, 2021: 141, 2022: 335, 2023: 132, 2024: 110, 2025: 48}
2026-08-27 20:05:15,628 | INFO    |   LR  AUC=0.937 AP=0.873 Brier=0.082
2026-08-27 20:05:18,181 | INFO    |   GAM AUC=0.945 AP=0.879 Brier=0.082
2026-08-27 20:06:47,322 | INFO    |   RF  AUC=0.952 AP=0.882 Brier=0.079
2026-08-27 20:06:47,323 | INFO    | === set_B | MC 81/100 | seed=180 ===
2026-08-27 20:06:54,518 | INFO    |   dataset: SI=390 | NO=780 | total=1170
2026-08-27 20:06:54,528 | INFO    |   split agrupado | SU train=931 | SU test=233
2026-08-27 20:06:54,530 | INFO    |   ausencias por año: {2016: 4, 2017: 4, 2019: 2, 2020: 2, 2021: 142, 2022: 335, 2023: 132, 2024: 110, 2025: 48}
2026-08-27 20:06:56,028 | INFO    |   LR  AUC=0.967 AP=0.951 Brier=0.067
2026-08-27 20:06:58,800 | INFO    |   GAM AUC=0.970 AP=0.955 Brier=0.067
2026-08-27 20:08:30,877 | INFO    |   RF  AUC=0.969 AP=0.941 Brier=0.068
2026-08-27 20:08:30,877 | INFO    | === set_B | MC 82/100 | seed=181 ===
2026-08-27 20:08:38,001 | INFO    |   dataset: SI=390 | NO=780 | total=1170
2026-08-27 20:08:38,011 | INFO    |   split agrupado | SU train=932 | SU test=233
2026-08-27 20:08:38,013 | INFO    |   ausencias por año: {2016: 4, 2017: 4, 2019: 2, 2020: 2, 2021: 142, 2022: 336, 2023: 131, 2024: 110, 2025: 48}
2026-08-27 20:08:39,427 | INFO    |   LR  AUC=0.945 AP=0.844 Brier=0.075
2026-08-27 20:08:42,032 | INFO    |   GAM AUC=0.953 AP=0.874 Brier=0.070
2026-08-27 20:10:11,834 | INFO    |   RF  AUC=0.953 AP=0.906 Brier=0.074
2026-08-27 20:10:11,835 | INFO    | === set_B | MC 83/100 | seed=182 ===
2026-08-27 20:10:19,636 | INFO    |   dataset: SI=390 | NO=780 | total=1170
2026-08-27 20:10:19,647 | INFO    |   split agrupado | SU train=929 | SU test=233
2026-08-27 20:10:19,648 | INFO    |   ausencias por año: {2016: 4, 2017: 4, 2019: 2, 2020: 2, 2021: 141, 2022: 336, 2023: 132, 2024: 110, 2025: 48}
2026-08-27 20:10:21,086 | INFO    |   LR  AUC=0.955 AP=0.924 Brier=0.075
2026-08-27 20:10:23,641 | INFO    |   GAM AUC=0.959 AP=0.931 Brier=0.072
2026-08-27 20:11:54,125 | INFO    |   RF  AUC=0.976 AP=0.957 Brier=0.061
2026-08-27 20:11:54,126 | INFO    | === set_B | MC 84/100 | seed=183 ===
2026-08-27 20:12:01,325 | INFO    |   dataset: SI=390 | NO=780 | total=1170
2026-08-27 20:12:01,334 | INFO    |   split agrupado | SU train=931 | SU test=233
2026-08-27 20:12:01,336 | INFO    |   ausencias por año: {2016: 4, 2017: 4, 2019: 2, 2020: 2, 2021: 142, 2022: 336, 2023: 132, 2024: 110, 2025: 48}
2026-08-27 20:12:02,946 | INFO    |   LR  AUC=0.958 AP=0.918 Brier=0.073
2026-08-27 20:12:05,816 | INFO    |   GAM AUC=0.961 AP=0.923 Brier=0.073
2026-08-27 20:13:35,620 | INFO    |   RF  AUC=0.968 AP=0.942 Brier=0.072
2026-08-27 20:13:35,621 | INFO    | === set_B | MC 85/100 | seed=184 ===
2026-08-27 20:13:42,757 | INFO    |   dataset: SI=390 | NO=780 | total=1170
2026-08-27 20:13:42,768 | INFO    |   split agrupado | SU train=930 | SU test=233
2026-08-27 20:13:42,770 | INFO    |   ausencias por año: {2016: 4, 2017: 4, 2019: 2, 2020: 2, 2021: 140, 2022: 336, 2023: 132, 2024: 110, 2025: 47}
2026-08-27 20:13:44,175 | INFO    |   LR  AUC=0.960 AP=0.922 Brier=0.078
2026-08-27 20:13:46,795 | INFO    |   GAM AUC=0.964 AP=0.927 Brier=0.074
2026-08-27 20:15:13,979 | INFO    |   RF  AUC=0.963 AP=0.910 Brier=0.073
2026-08-27 20:15:13,979 | INFO    | === set_B | MC 86/100 | seed=185 ===
2026-08-27 20:15:21,235 | INFO    |   dataset: SI=390 | NO=780 | total=1170
2026-08-27 20:15:21,245 | INFO    |   split agrupado | SU train=928 | SU test=233
2026-08-27 20:15:21,247 | INFO    |   ausencias por año: {2016: 4, 2017: 4, 2019: 2, 2020: 2, 2021: 140, 2022: 336, 2023: 132, 2024: 110, 2025: 48}
2026-08-27 20:15:22,654 | INFO    |   LR  AUC=0.965 AP=0.934 Brier=0.056
2026-08-27 20:15:25,127 | INFO    |   GAM AUC=0.967 AP=0.938 Brier=0.056
2026-08-27 20:16:54,641 | INFO    |   RF  AUC=0.981 AP=0.963 Brier=0.052
2026-08-27 20:16:54,641 | INFO    | === set_B | MC 87/100 | seed=186 ===
2026-08-27 20:17:01,870 | INFO    |   dataset: SI=390 | NO=780 | total=1170
2026-08-27 20:17:01,881 | INFO    |   split agrupado | SU train=931 | SU test=233
2026-08-27 20:17:01,883 | INFO    |   ausencias por año: {2016: 4, 2017: 4, 2019: 2, 2020: 2, 2021: 141, 2022: 335, 2023: 132, 2024: 110, 2025: 48}
2026-08-27 20:17:03,338 | INFO    |   LR  AUC=0.953 AP=0.921 Brier=0.076
2026-08-27 20:17:05,959 | INFO    |   GAM AUC=0.953 AP=0.915 Brier=0.078
2026-08-27 20:18:35,185 | INFO    |   RF  AUC=0.964 AP=0.940 Brier=0.064
2026-08-27 20:18:35,186 | INFO    | === set_B | MC 88/100 | seed=187 ===
2026-08-27 20:18:42,174 | INFO    |   dataset: SI=390 | NO=780 | total=1170
2026-08-27 20:18:42,183 | INFO    |   split agrupado | SU train=932 | SU test=233
2026-08-27 20:18:42,185 | INFO    |   ausencias por año: {2016: 4, 2017: 4, 2019: 2, 2020: 2, 2021: 142, 2022: 336, 2023: 132, 2024: 109, 2025: 48}
2026-08-27 20:18:43,576 | INFO    |   LR  AUC=0.978 AP=0.954 Brier=0.051
2026-08-27 20:18:46,116 | INFO    |   GAM AUC=0.982 AP=0.960 Brier=0.051
2026-08-27 20:20:14,569 | INFO    |   RF  AUC=0.980 AP=0.957 Brier=0.053
2026-08-27 20:20:14,569 | INFO    | === set_B | MC 89/100 | seed=188 ===
2026-08-27 20:20:22,125 | INFO    |   dataset: SI=390 | NO=780 | total=1170
2026-08-27 20:20:22,135 | INFO    |   split agrupado | SU train=932 | SU test=233
2026-08-27 20:20:22,137 | INFO    |   ausencias por año: {2016: 4, 2017: 4, 2019: 2, 2020: 2, 2021: 141, 2022: 336, 2023: 131, 2024: 110, 2025: 48}
2026-08-27 20:20:23,559 | INFO    |   LR  AUC=0.984 AP=0.962 Brier=0.044
2026-08-27 20:20:26,193 | INFO    |   GAM AUC=0.985 AP=0.956 Brier=0.044
2026-08-27 20:21:55,015 | INFO    |   RF  AUC=0.988 AP=0.974 Brier=0.049
2026-08-27 20:21:55,015 | INFO    | === set_B | MC 90/100 | seed=189 ===
2026-08-27 20:22:02,285 | INFO    |   dataset: SI=390 | NO=780 | total=1170
2026-08-27 20:22:02,296 | INFO    |   split agrupado | SU train=932 | SU test=234
2026-08-27 20:22:02,298 | INFO    |   ausencias por año: {2016: 4, 2017: 4, 2019: 2, 2020: 2, 2021: 142, 2022: 335, 2023: 132, 2024: 110, 2025: 47}
2026-08-27 20:22:03,760 | INFO    |   LR  AUC=0.970 AP=0.947 Brier=0.064
2026-08-27 20:22:06,347 | INFO    |   GAM AUC=0.971 AP=0.946 Brier=0.063
2026-08-27 20:23:38,167 | INFO    |   RF  AUC=0.969 AP=0.945 Brier=0.066
2026-08-27 20:23:38,167 | INFO    | === set_B | MC 91/100 | seed=190 ===
2026-08-27 20:23:45,258 | INFO    |   dataset: SI=390 | NO=780 | total=1170
2026-08-27 20:23:45,268 | INFO    |   split agrupado | SU train=933 | SU test=234
2026-08-27 20:23:45,269 | INFO    |   ausencias por año: {2016: 4, 2017: 4, 2019: 2, 2020: 2, 2021: 142, 2022: 336, 2023: 132, 2024: 110, 2025: 48}
2026-08-27 20:23:46,688 | INFO    |   LR  AUC=0.950 AP=0.916 Brier=0.080
2026-08-27 20:23:49,280 | INFO    |   GAM AUC=0.954 AP=0.927 Brier=0.076
2026-08-27 20:25:19,512 | INFO    |   RF  AUC=0.949 AP=0.937 Brier=0.074
2026-08-27 20:25:19,513 | INFO    | === set_B | MC 92/100 | seed=191 ===
2026-08-27 20:25:26,641 | INFO    |   dataset: SI=390 | NO=780 | total=1170
2026-08-27 20:25:26,660 | INFO    |   split agrupado | SU train=929 | SU test=233
2026-08-27 20:25:26,662 | INFO    |   ausencias por año: {2016: 4, 2017: 4, 2019: 2, 2020: 2, 2021: 142, 2022: 336, 2023: 132, 2024: 110, 2025: 48}
2026-08-27 20:25:28,068 | INFO    |   LR  AUC=0.944 AP=0.899 Brier=0.075
2026-08-27 20:25:30,639 | INFO    |   GAM AUC=0.952 AP=0.915 Brier=0.072
2026-08-27 20:27:00,363 | INFO    |   RF  AUC=0.967 AP=0.941 Brier=0.066
2026-08-27 20:27:00,363 | INFO    | === set_B | MC 93/100 | seed=192 ===
2026-08-27 20:27:07,674 | INFO    |   dataset: SI=390 | NO=780 | total=1170
2026-08-27 20:27:07,684 | INFO    |   split agrupado | SU train=930 | SU test=233
2026-08-27 20:27:07,685 | INFO    |   ausencias por año: {2016: 4, 2017: 4, 2019: 2, 2020: 2, 2021: 142, 2022: 336, 2023: 132, 2024: 109, 2025: 48}
2026-08-27 20:27:09,115 | INFO    |   LR  AUC=0.970 AP=0.946 Brier=0.067
2026-08-27 20:27:11,723 | INFO    |   GAM AUC=0.975 AP=0.954 Brier=0.062
2026-08-27 20:28:43,526 | INFO    |   RF  AUC=0.973 AP=0.953 Brier=0.064
2026-08-27 20:28:43,526 | INFO    | === set_B | MC 94/100 | seed=193 ===
2026-08-27 20:28:50,574 | INFO    |   dataset: SI=390 | NO=780 | total=1170
2026-08-27 20:28:50,584 | INFO    |   split agrupado | SU train=928 | SU test=233
2026-08-27 20:28:50,586 | INFO    |   ausencias por año: {2016: 4, 2017: 4, 2019: 2, 2020: 2, 2021: 141, 2022: 335, 2023: 131, 2024: 110, 2025: 48}
2026-08-27 20:28:51,966 | INFO    |   LR  AUC=0.942 AP=0.890 Brier=0.083
2026-08-27 20:28:54,421 | INFO    |   GAM AUC=0.949 AP=0.909 Brier=0.082
2026-08-27 20:30:22,008 | INFO    |   RF  AUC=0.953 AP=0.922 Brier=0.079
2026-08-27 20:30:22,008 | INFO    | === set_B | MC 95/100 | seed=194 ===
2026-08-27 20:30:29,201 | INFO    |   dataset: SI=390 | NO=780 | total=1170
2026-08-27 20:30:29,212 | INFO    |   split agrupado | SU train=928 | SU test=232
2026-08-27 20:30:29,213 | INFO    |   ausencias por año: {2016: 4, 2017: 4, 2019: 2, 2020: 2, 2021: 142, 2022: 335, 2023: 132, 2024: 109, 2025: 47}
2026-08-27 20:30:30,621 | INFO    |   LR  AUC=0.956 AP=0.924 Brier=0.067
2026-08-27 20:30:33,237 | INFO    |   GAM AUC=0.965 AP=0.938 Brier=0.063
2026-08-27 20:32:00,772 | INFO    |   RF  AUC=0.966 AP=0.933 Brier=0.066
2026-08-27 20:32:00,772 | INFO    | === set_B | MC 96/100 | seed=195 ===
2026-08-27 20:32:08,098 | INFO    |   dataset: SI=390 | NO=780 | total=1170
2026-08-27 20:32:08,109 | INFO    |   split agrupado | SU train=932 | SU test=233
2026-08-27 20:32:08,111 | INFO    |   ausencias por año: {2016: 4, 2017: 4, 2019: 2, 2020: 2, 2021: 142, 2022: 336, 2023: 132, 2024: 109, 2025: 48}
2026-08-27 20:32:09,606 | INFO    |   LR  AUC=0.956 AP=0.919 Brier=0.064
2026-08-27 20:32:12,556 | INFO    |   GAM AUC=0.957 AP=0.917 Brier=0.062
2026-08-27 20:33:40,072 | INFO    |   RF  AUC=0.974 AP=0.949 Brier=0.059
2026-08-27 20:33:40,073 | INFO    | === set_B | MC 97/100 | seed=196 ===
2026-08-27 20:33:47,315 | INFO    |   dataset: SI=390 | NO=780 | total=1170
2026-08-27 20:33:47,325 | INFO    |   split agrupado | SU train=929 | SU test=233
2026-08-27 20:33:47,327 | INFO    |   ausencias por año: {2016: 4, 2017: 4, 2019: 2, 2020: 2, 2021: 142, 2022: 335, 2023: 132, 2024: 110, 2025: 48}
2026-08-27 20:33:48,744 | INFO    |   LR  AUC=0.927 AP=0.881 Brier=0.085
2026-08-27 20:33:51,355 | INFO    |   GAM AUC=0.937 AP=0.892 Brier=0.082
2026-08-27 20:35:17,998 | INFO    |   RF  AUC=0.945 AP=0.882 Brier=0.078
2026-08-27 20:35:17,999 | INFO    | === set_B | MC 98/100 | seed=197 ===
2026-08-27 20:35:25,061 | INFO    |   dataset: SI=390 | NO=780 | total=1170
2026-08-27 20:35:25,090 | INFO    |   split agrupado | SU train=932 | SU test=233
2026-08-27 20:35:25,092 | INFO    |   ausencias por año: {2016: 4, 2017: 4, 2019: 2, 2020: 2, 2021: 142, 2022: 335, 2023: 132, 2024: 110, 2025: 48}
2026-08-27 20:35:26,553 | INFO    |   LR  AUC=0.951 AP=0.930 Brier=0.068
2026-08-27 20:35:29,148 | INFO    |   GAM AUC=0.956 AP=0.933 Brier=0.068
2026-08-27 20:36:54,653 | INFO    |   RF  AUC=0.954 AP=0.929 Brier=0.074
2026-08-27 20:36:54,653 | INFO    | === set_B | MC 99/100 | seed=198 ===
2026-08-27 20:37:01,805 | INFO    |   dataset: SI=390 | NO=780 | total=1170
2026-08-27 20:37:01,816 | INFO    |   split agrupado | SU train=931 | SU test=233
2026-08-27 20:37:01,818 | INFO    |   ausencias por año: {2016: 4, 2017: 4, 2019: 2, 2020: 2, 2021: 141, 2022: 336, 2023: 132, 2024: 110, 2025: 48}
2026-08-27 20:37:03,339 | INFO    |   LR  AUC=0.961 AP=0.905 Brier=0.062
2026-08-27 20:37:06,049 | INFO    |   GAM AUC=0.963 AP=0.915 Brier=0.061
2026-08-27 20:38:32,270 | INFO    |   RF  AUC=0.981 AP=0.961 Brier=0.058
2026-08-27 20:38:32,271 | INFO    | === set_B | MC 100/100 | seed=199 ===
2026-08-27 20:38:39,310 | INFO    |   dataset: SI=390 | NO=780 | total=1170
2026-08-27 20:38:39,321 | INFO    |   split agrupado | SU train=931 | SU test=233
2026-08-27 20:38:39,322 | INFO    |   ausencias por año: {2016: 3, 2017: 4, 2019: 2, 2020: 2, 2021: 142, 2022: 334, 2023: 132, 2024: 110, 2025: 48}
2026-08-27 20:38:40,763 | INFO    |   LR  AUC=0.951 AP=0.882 Brier=0.074
2026-08-27 20:38:43,336 | INFO    |   GAM AUC=0.956 AP=0.882 Brier=0.069
2026-08-27 20:40:08,800 | INFO    |   RF  AUC=0.971 AP=0.932 Brier=0.067
2026-08-27 20:40:08,872 | INFO    | RESUMEN set_B (AUROC):
       median    mean     std
model                        
GAM    0.9593  0.9585  0.0123
LR     0.9560  0.9545  0.0135
RF     0.9647  0.9642  0.0114
2026-08-27 20:40:08,873 | INFO    | === set_B LISTO ===
2026-08-29 20:30:40,173 | INFO    | ======================================================================
2026-08-29 20:30:40,174 | INFO    | INICIO set_B: 2026-08-29T20:30:40
2026-08-29 20:30:40,174 | INFO    | MATCH_BY_DAY = True
2026-08-29 20:31:16,318 | INFO    | Hold-out desde 2025-03-01: 57 eventos reservados -> /home/oisanchezp/Thesis/src/05_Chapter/Montecarlo/holdout_events.csv
2026-08-29 20:31:16,362 | INFO    | Slope units: 61110 | filas evento para entrenar: 435
2026-08-29 20:32:40,927 | INFO    | SU ausencia elegibles (>200 m de un evento): 55128 de 60675
2026-08-29 20:32:41,093 | INFO    |   Est.    1: 2010-01-12 -> 2026-03-18 |  94.0% con dato | 1985 duplicados
2026-08-29 20:32:41,235 | INFO    |   Est.    2: 2010-01-01 -> 2026-03-18 |  90.7% con dato | 249 duplicados
2026-08-29 20:32:41,366 | INFO    |   Est.    3: 2010-01-01 -> 2026-03-18 |  89.5% con dato | 1991 duplicados
2026-08-29 20:32:41,495 | INFO    |   Est.    4: 2010-01-01 -> 2026-03-18 |  84.2% con dato | 1972 duplicados
2026-08-29 20:32:41,631 | INFO    |   Est.    5: 2010-01-01 -> 2026-03-18 |  95.7% con dato | 1991 duplicados
2026-08-29 20:32:41,765 | INFO    |   Est.    7: 2010-01-01 -> 2026-03-18 |  90.6% con dato | 1991 duplicados
2026-08-29 20:32:41,901 | INFO    |   Est.    8: 2010-01-01 -> 2026-03-18 |  89.8% con dato | 1980 duplicados
2026-08-29 20:32:42,034 | INFO    |   Est.    9: 2010-01-01 -> 2026-03-18 |  90.4% con dato | 1990 duplicados
2026-08-29 20:32:42,170 | INFO    |   Est.   10: 2010-01-01 -> 2026-03-18 |  90.8% con dato | 1990 duplicados
2026-08-29 20:32:42,306 | INFO    |   Est.   11: 2010-01-04 -> 2026-03-18 |  89.4% con dato | 1991 duplicados
2026-08-29 20:32:42,440 | INFO    |   Est.   12: 2010-01-01 -> 2026-03-18 |  91.8% con dato | 1972 duplicados
2026-08-29 20:32:42,574 | INFO    |   Est.   14: 2010-01-01 -> 2026-03-18 |  89.7% con dato | 1991 duplicados
2026-08-29 20:32:42,716 | INFO    |   Est.   15: 2010-01-01 -> 2026-03-18 |  92.8% con dato | 1991 duplicados
2026-08-29 20:32:42,880 | INFO    |   Est.   16: 2010-01-01 -> 2026-03-18 |  92.0% con dato | 1991 duplicados
2026-08-29 20:32:43,027 | INFO    |   Est.   17: 2010-01-28 -> 2026-03-18 |  93.5% con dato | 1991 duplicados
2026-08-29 20:32:43,165 | INFO    |   Est.   18: 2010-01-11 -> 2026-03-18 |  91.1% con dato | 1991 duplicados
2026-08-29 20:32:43,292 | INFO    |   Est.   19: 2010-01-11 -> 2026-03-18 |  93.5% con dato | 1991 duplicados
2026-08-29 20:32:43,430 | INFO    |   Est.   20: 2010-01-12 -> 2026-03-18 |  88.5% con dato | 1991 duplicados
2026-08-29 20:32:43,559 | INFO    |   Est.   21: 2010-01-11 -> 2026-03-18 |  91.3% con dato | 1990 duplicados
2026-08-29 20:32:43,692 | INFO    |   Est.   22: 2010-01-14 -> 2026-03-18 |  91.0% con dato | 1991 duplicados
2026-08-29 20:32:43,827 | INFO    |   Est.   23: 2010-01-10 -> 2026-03-18 |  93.5% con dato | 1973 duplicados
2026-08-29 20:32:43,960 | INFO    |   Est.   24: 2010-01-18 -> 2026-03-18 |  92.4% con dato | 1991 duplicados
2026-08-29 20:32:44,081 | INFO    |   Est.   25: 2010-01-18 -> 2026-01-07 |  77.2% con dato | 1 duplicados
2026-08-29 20:32:44,218 | INFO    |   Est.   26: 2010-01-04 -> 2026-03-18 |  83.2% con dato | 1990 duplicados
2026-08-29 20:32:44,332 | INFO    |   Est.   27: 2010-01-18 -> 2024-07-12 |  82.7% con dato | 0 duplicados
2026-08-29 20:32:44,468 | INFO    |   Est.   28: 2010-01-18 -> 2026-03-18 |  86.4% con dato | 1991 duplicados
2026-08-29 20:32:44,603 | INFO    |   Est.   29: 2010-01-18 -> 2026-03-18 |  91.9% con dato | 1991 duplicados
2026-08-29 20:32:44,738 | INFO    |   Est.   30: 2010-01-01 -> 2026-03-18 |  90.4% con dato | 1991 duplicados
2026-08-29 20:32:44,867 | INFO    |   Est.   31: 2010-01-06 -> 2026-03-18 |  87.5% con dato | 1991 duplicados
2026-08-29 20:32:45,004 | INFO    |   Est.   32: 2010-01-06 -> 2026-03-18 |  86.0% con dato | 1991 duplicados
2026-08-29 20:32:45,133 | INFO    |   Est.   33: 2010-01-28 -> 2026-03-18 |  87.2% con dato | 1991 duplicados
2026-08-29 20:32:45,264 | INFO    |   Est.   34: 2010-01-10 -> 2026-03-18 |  88.7% con dato | 1991 duplicados
2026-08-29 20:32:45,397 | INFO    |   Est.   35: 2010-01-28 -> 2026-03-18 |  93.8% con dato | 1991 duplicados
2026-08-29 20:32:45,534 | INFO    |   Est.   36: 2010-03-26 -> 2026-03-18 |  92.6% con dato | 1991 duplicados
2026-08-29 20:32:45,667 | INFO    |   Est.   37: 2010-01-28 -> 2026-03-18 |  89.5% con dato | 1991 duplicados
2026-08-29 20:32:45,799 | INFO    |   Est.   39: 2010-01-28 -> 2026-03-18 |  91.0% con dato | 1991 duplicados
2026-08-29 20:32:45,933 | INFO    |   Est.   40: 2010-02-05 -> 2026-03-18 |  92.2% con dato | 1989 duplicados
2026-08-29 20:32:46,065 | INFO    |   Est.   41: 2010-01-28 -> 2026-03-18 |  92.7% con dato | 1991 duplicados
2026-08-29 20:32:46,197 | INFO    |   Est.   42: 2010-02-05 -> 2026-03-18 |  88.9% con dato | 1991 duplicados
2026-08-29 20:32:46,328 | INFO    |   Est.   43: 2010-05-03 -> 2026-03-18 |  86.2% con dato | 1991 duplicados
2026-08-29 20:32:46,459 | INFO    |   Est.   44: 2010-04-19 -> 2026-03-18 |  83.2% con dato | 1991 duplicados
2026-08-29 20:32:46,593 | INFO    |   Est.   45: 2010-05-05 -> 2026-03-18 |  88.0% con dato | 1991 duplicados
2026-08-29 20:32:46,714 | INFO    |   Est.   46: 2010-04-28 -> 2025-05-06 |  92.9% con dato | 966 duplicados
2026-08-29 20:32:46,842 | INFO    |   Est.   47: 2010-05-03 -> 2026-03-18 |  81.9% con dato | 1991 duplicados
2026-08-29 20:32:46,970 | INFO    |   Est.   48: 2010-05-14 -> 2026-03-18 |  93.3% con dato | 1972 duplicados
2026-08-29 20:32:47,099 | INFO    |   Est.   49: 2010-09-08 -> 2026-03-18 |  85.3% con dato | 1991 duplicados
2026-08-29 20:32:47,226 | INFO    |   Est.   50: 2011-02-09 -> 2026-03-18 |  88.9% con dato | 1991 duplicados
2026-08-29 20:32:47,353 | INFO    |   Est.   51: 2011-01-17 -> 2026-03-18 |  87.8% con dato | 1972 duplicados
2026-08-29 20:32:47,481 | INFO    |   Est.   52: 2011-03-01 -> 2026-03-18 |  79.8% con dato | 1991 duplicados
2026-08-29 20:32:47,612 | INFO    |   Est.   53: 2011-01-11 -> 2026-03-18 |  92.8% con dato | 1991 duplicados
2026-08-29 20:32:47,741 | INFO    |   Est.   54: 2010-12-27 -> 2026-03-18 |  92.2% con dato | 1991 duplicados
2026-08-29 20:32:47,866 | INFO    |   Est.   55: 2010-11-04 -> 2026-03-18 |  82.7% con dato | 1991 duplicados
2026-08-29 20:32:47,982 | INFO    |   Est.   56: 2012-06-14 -> 2026-03-18 |  92.6% con dato | 1991 duplicados
2026-08-29 20:32:48,104 | INFO    |   Est.   57: 2012-03-23 -> 2026-03-18 |  89.5% con dato | 1985 duplicados
2026-08-29 20:32:48,224 | INFO    |   Est.   58: 2012-03-23 -> 2026-03-18 |  88.9% con dato | 1990 duplicados
2026-08-29 20:32:48,344 | INFO    |   Est.   60: 2012-01-01 -> 2026-03-18 |  89.7% con dato | 1991 duplicados
2026-08-29 20:32:48,464 | INFO    |   Est.   61: 2012-03-20 -> 2026-03-18 |  89.9% con dato | 1991 duplicados
2026-08-29 20:32:48,581 | INFO    |   Est.   62: 2012-03-07 -> 2026-03-18 |  88.8% con dato | 1900 duplicados
2026-08-29 20:32:48,698 | INFO    |   Est.   64: 2012-09-05 -> 2026-03-07 |  87.3% con dato | 1991 duplicados
2026-08-29 20:32:48,810 | INFO    |   Est.   65: 2012-08-09 -> 2026-03-18 |  90.5% con dato | 1990 duplicados
2026-08-29 20:32:48,925 | INFO    |   Est.   66: 2012-06-06 -> 2026-03-18 |  91.6% con dato | 1991 duplicados
2026-08-29 20:32:49,039 | INFO    |   Est.   70: 2012-06-25 -> 2026-03-18 |  93.8% con dato | 1972 duplicados
2026-08-29 20:32:49,149 | INFO    |   Est.   71: 2013-02-28 -> 2026-03-18 |  95.0% con dato | 1991 duplicados
2026-08-29 20:32:49,260 | INFO    |   Est.   72: 2012-06-25 -> 2026-03-18 |  91.0% con dato | 1991 duplicados
2026-08-29 20:32:49,365 | INFO    |   Est.   74: 2013-05-27 -> 2026-03-18 |  95.3% con dato | 1991 duplicados
2026-08-29 20:32:49,472 | INFO    |   Est.   76: 2013-07-02 -> 2026-03-18 |  94.8% con dato | 1991 duplicados
2026-08-29 20:32:49,576 | INFO    |   Est.   81: 2013-06-28 -> 2026-03-18 |  97.4% con dato | 1991 duplicados
2026-08-29 20:32:49,678 | INFO    |   Est.   88: 2013-11-14 -> 2026-03-18 |  93.4% con dato | 1991 duplicados
2026-08-29 20:32:49,779 | INFO    |   Est.   89: 2013-11-14 -> 2025-05-06 |  95.5% con dato | 525 duplicados
2026-08-29 20:32:49,869 | INFO    |   Est.  121: 2014-11-26 -> 2026-03-18 |  96.8% con dato | 1991 duplicados
2026-08-29 20:32:49,960 | INFO    |   Est.  127: 2015-04-10 -> 2026-03-18 |  92.8% con dato | 1990 duplicados
2026-08-29 20:32:50,047 | INFO    |   Est.  129: 2015-04-23 -> 2026-03-18 |  94.6% con dato | 1991 duplicados
2026-08-29 20:32:50,133 | INFO    |   Est.  146: 2015-08-18 -> 2026-03-18 |  95.8% con dato | 1991 duplicados
2026-08-29 20:32:50,219 | INFO    |   Est.  154: 2015-09-17 -> 2026-03-18 |  83.7% con dato | 1972 duplicados
2026-08-29 20:32:50,301 | INFO    |   Est.  171: 2016-01-01 -> 2026-03-18 |  80.4% con dato | 1979 duplicados
2026-08-29 20:32:50,382 | INFO    |   Est.  184: 2016-01-01 -> 2026-03-18 |  84.2% con dato | 1991 duplicados
2026-08-29 20:32:50,435 | INFO    |   Est.  189: 2018-08-18 -> 2025-03-30 |  95.5% con dato | 1 duplicados
2026-08-29 20:32:50,506 | INFO    |   Est.  193: 2017-07-18 -> 2026-03-18 |  97.6% con dato | 1991 duplicados
2026-08-29 20:32:50,618 | INFO    |   Est.  211: 2012-12-10 -> 2026-03-18 |  93.5% con dato | 1991 duplicados
2026-08-29 20:32:50,689 | INFO    |   Est.  230: 2017-08-31 -> 2026-03-18 |  97.2% con dato | 1991 duplicados
2026-08-29 20:32:50,761 | INFO    |   Est.  234: 2017-09-18 -> 2026-03-18 |  98.0% con dato | 1991 duplicados
2026-08-29 20:32:50,828 | INFO    |   Est.  241: 2017-10-20 -> 2026-03-18 |  91.7% con dato | 1991 duplicados
2026-08-29 20:32:50,894 | INFO    |   Est.  242: 2017-10-20 -> 2026-03-18 |  98.4% con dato | 1991 duplicados
2026-08-29 20:32:50,963 | INFO    |   Est.  244: 2017-10-28 -> 2026-03-18 |  97.4% con dato | 1991 duplicados
2026-08-29 20:32:51,019 | INFO    |   Est.  248: 2017-11-05 -> 2026-03-19 |  96.8% con dato | 0 duplicados
2026-08-29 20:32:51,088 | INFO    |   Est.  253: 2017-11-14 -> 2026-03-18 |  96.6% con dato | 1991 duplicados
2026-08-29 20:32:51,157 | INFO    |   Est.  261: 2017-12-01 -> 2026-03-18 |  95.4% con dato | 1991 duplicados
2026-08-29 20:32:51,212 | INFO    |   Est.  266: 2017-12-19 -> 2025-04-02 |  91.1% con dato | 1 duplicados
2026-08-29 20:32:51,278 | INFO    |   Est.  267: 2017-12-18 -> 2026-03-18 |  97.2% con dato | 1991 duplicados
2026-08-29 20:32:51,344 | INFO    |   Est.  274: 2018-01-19 -> 2026-03-18 |  98.4% con dato | 1991 duplicados
2026-08-29 20:32:51,412 | INFO    |   Est.  275: 2018-01-16 -> 2026-03-18 |  91.7% con dato | 1628 duplicados
2026-08-29 20:32:51,476 | INFO    |   Est.  278: 2018-01-31 -> 2026-03-18 |  96.0% con dato | 1991 duplicados
2026-08-29 20:32:51,540 | INFO    |   Est.  281: 2018-02-15 -> 2026-03-18 |  98.8% con dato | 1991 duplicados
2026-08-29 20:32:51,604 | INFO    |   Est.  288: 2018-03-21 -> 2026-03-18 |  97.1% con dato | 1991 duplicados
2026-08-29 20:32:51,672 | INFO    |   Est.  289: 2018-03-22 -> 2026-03-18 |  95.7% con dato | 1991 duplicados
2026-08-29 20:32:51,736 | INFO    |   Est.  295: 2018-04-23 -> 2026-03-18 |  95.3% con dato | 1991 duplicados
2026-08-29 20:32:51,802 | INFO    |   Est.  311: 2018-06-05 -> 2026-03-18 |  61.2% con dato | 1991 duplicados
2026-08-29 20:32:51,866 | INFO    |   Est.  320: 2018-06-27 -> 2026-03-18 |  97.0% con dato | 1991 duplicados
2026-08-29 20:32:51,929 | INFO    |   Est.  323: 2018-07-17 -> 2026-03-18 |  96.1% con dato | 1980 duplicados
2026-08-29 20:32:51,987 | INFO    |   Est.  324: 2018-07-17 -> 2026-03-18 |  95.1% con dato | 1991 duplicados
2026-08-29 20:32:52,050 | INFO    |   Est.  328: 2018-08-09 -> 2026-03-18 |  96.9% con dato | 1991 duplicados
2026-08-29 20:32:52,111 | INFO    |   Est.  334: 2018-09-18 -> 2026-03-18 |  96.0% con dato | 1991 duplicados
2026-08-29 20:32:52,173 | INFO    |   Est.  339: 2019-01-04 -> 2026-03-18 |  94.7% con dato | 1991 duplicados
2026-08-29 20:32:52,232 | INFO    |   Est.  352: 2019-02-01 -> 2026-03-18 |  97.7% con dato | 1991 duplicados
2026-08-29 20:32:52,292 | INFO    |   Est.  353: 2019-02-01 -> 2026-03-18 |  93.4% con dato | 1989 duplicados
2026-08-29 20:32:52,350 | INFO    |   Est.  356: 2019-03-18 -> 2026-03-18 |  98.3% con dato | 1989 duplicados
2026-08-29 20:32:52,408 | INFO    |   Est.  373: 2019-05-08 -> 2026-03-18 |  94.5% con dato | 1991 duplicados
2026-08-29 20:32:52,464 | INFO    |   Est.  376: 2019-05-15 -> 2026-03-18 |  98.0% con dato | 1991 duplicados
2026-08-29 20:32:52,521 | INFO    |   Est.  378: 2019-06-04 -> 2026-03-18 |  92.6% con dato | 1984 duplicados
2026-08-29 20:32:52,577 | INFO    |   Est.  383: 2019-06-14 -> 2026-03-18 |  96.6% con dato | 1991 duplicados
2026-08-29 20:32:52,634 | INFO    |   Est.  389: 2019-08-09 -> 2026-03-18 |  95.3% con dato | 1860 duplicados
2026-08-29 20:32:52,686 | INFO    |   Est.  392: 2019-09-09 -> 2026-03-18 |  96.7% con dato | 1991 duplicados
2026-08-29 20:32:52,743 | INFO    |   Est.  393: 2019-09-20 -> 2026-03-18 |  98.5% con dato | 1991 duplicados
2026-08-29 20:32:52,795 | INFO    |   Est.  394: 2019-09-20 -> 2026-03-18 |  95.9% con dato | 1991 duplicados
2026-08-29 20:32:52,848 | INFO    |   Est.  395: 2019-09-24 -> 2026-03-18 |  97.8% con dato | 1991 duplicados
2026-08-29 20:32:52,899 | INFO    |   Est.  418: 2019-12-26 -> 2026-03-18 |  94.9% con dato | 1991 duplicados
2026-08-29 20:32:52,948 | INFO    |   Est.  420: 2019-12-26 -> 2026-03-18 |  95.8% con dato | 1991 duplicados
2026-08-29 20:32:52,999 | INFO    |   Est.  421: 2020-01-14 -> 2026-03-18 |  98.4% con dato | 1991 duplicados
2026-08-29 20:32:53,048 | INFO    |   Est.  429: 2020-02-21 -> 2026-03-18 |  98.2% con dato | 1991 duplicados
2026-08-29 20:32:53,102 | INFO    |   Est.  432: 2020-02-27 -> 2026-03-18 |  98.5% con dato | 1990 duplicados
2026-08-29 20:32:53,152 | INFO    |   Est.  433: 2020-02-28 -> 2026-03-18 |  94.9% con dato | 1991 duplicados
2026-08-29 20:32:53,202 | INFO    |   Est.  434: 2020-03-03 -> 2026-03-18 |  97.8% con dato | 1991 duplicados
2026-08-29 20:32:53,286 | INFO    |   Est.  437: 2020-03-31 -> 2026-03-18 |  98.9% con dato | 1991 duplicados
2026-08-29 20:32:53,341 | INFO    |   Est.  445: 2020-05-11 -> 2026-03-18 |  87.6% con dato | 1991 duplicados
2026-08-29 20:32:53,388 | INFO    |   Est.  446: 2020-05-08 -> 2026-03-18 |  86.2% con dato | 1991 duplicados
2026-08-29 20:32:53,434 | INFO    |   Est.  447: 2020-05-11 -> 2026-03-18 |  98.9% con dato | 1991 duplicados
2026-08-29 20:32:53,481 | INFO    |   Est.  451: 2020-07-03 -> 2026-03-18 |  98.2% con dato | 1972 duplicados
2026-08-29 20:32:53,526 | INFO    |   Est.  456: 2020-07-31 -> 2026-03-18 |  96.5% con dato | 1991 duplicados
2026-08-29 20:32:53,570 | INFO    |   Est.  457: 2020-09-08 -> 2026-03-18 |  94.5% con dato | 1991 duplicados
2026-08-29 20:32:53,614 | INFO    |   Est.  481: 2020-12-18 -> 2026-03-18 |  97.8% con dato | 1991 duplicados
2026-08-29 20:32:53,654 | INFO    |   Est.  499: 2021-02-16 -> 2026-03-18 |  97.5% con dato | 1991 duplicados
2026-08-29 20:32:53,693 | INFO    |   Est.  515: 2021-03-12 -> 2026-03-18 |  97.4% con dato | 1990 duplicados
2026-08-29 20:32:53,736 | INFO    |   Est.  519: 2021-03-19 -> 2026-03-18 |  97.8% con dato | 1991 duplicados
2026-08-29 20:32:53,775 | INFO    |   Est.  539: 2021-06-24 -> 2026-03-18 |  92.0% con dato | 1991 duplicados
2026-08-29 20:32:53,812 | INFO    |   Est.  540: 2021-06-11 -> 2026-03-18 |  92.7% con dato | 1972 duplicados
2026-08-29 20:32:53,858 | INFO    |   Est.  543: 2021-06-29 -> 2026-03-18 |  98.6% con dato | 1989 duplicados
2026-08-29 20:32:53,894 | INFO    |   Est.  551: 2021-09-02 -> 2026-03-18 |  99.5% con dato | 1991 duplicados
2026-08-29 20:32:53,931 | INFO    |   Est.  558: 2021-09-29 -> 2026-03-18 |  99.3% con dato | 1989 duplicados
2026-08-29 20:32:53,965 | INFO    |   Est.  601: 2022-05-03 -> 2026-03-18 |  97.6% con dato | 1991 duplicados
2026-08-29 20:32:53,997 | INFO    |   Est.  607: 2022-06-08 -> 2026-03-18 |  95.5% con dato | 1990 duplicados
2026-08-29 20:32:54,023 | INFO    |   Est.  612: 2022-06-21 -> 2025-07-03 |  99.2% con dato | 1311 duplicados
2026-08-29 20:32:54,046 | INFO    |   Est.  619: 2022-06-29 -> 2025-05-06 |  94.4% con dato | 966 duplicados
2026-08-29 20:32:54,077 | INFO    |   Est.  636: 2022-11-16 -> 2026-03-18 |  98.7% con dato | 1991 duplicados
2026-08-29 20:32:54,077 | INFO    | Pluviómetros con serie: 143
2026-08-29 20:32:54,608 | INFO    | Distancia SU-pluvio ausencias (m): mediana=1946 | max=13027
2026-08-29 20:32:55,041 | INFO    |   filtro húmedo eventos: descartadas 69/435 (15.9%)
2026-08-29 20:32:55,065 | INFO    | Eventos tras filtros: 366
2026-08-29 20:32:55,536 | INFO    | Pluviómetros con fechas candidatas (hasta 2025-03-01): 143
2026-08-29 20:32:55,537 | INFO    | Horas candidatas totales: 1682383
2026-08-29 20:32:56,669 | INFO    | Pluviometros humedos por fecha de evento: mediana=100 | min=10 | fechas con 0=0 de 128
2026-08-29 20:32:56,670 | INFO    | Slope units elegibles por fecha de evento: mediana=38050 | min=9025 | fechas con menos de 2=0
2026-08-29 20:32:56,670 | INFO    | === set_B | MC 1/100 | seed=100 ===
2026-08-29 20:33:04,155 | INFO    |   dataset: SI=366 | NO=732 | total=1098
2026-08-29 20:33:04,166 | INFO    |   split agrupado | SU train=876 | SU test=219
2026-08-29 20:33:04,167 | INFO    |   ausencias por año: {2016: 4, 2017: 4, 2019: 2, 2020: 2, 2021: 141, 2022: 336, 2023: 132, 2024: 110}
2026-08-29 20:33:05,920 | INFO    |   LR  AUC=0.937 AP=0.915 Brier=0.069
2026-08-29 20:33:09,002 | INFO    |   GAM AUC=0.946 AP=0.919 Brier=0.068
2026-08-29 20:34:34,114 | INFO    |   RF  AUC=0.946 AP=0.925 Brier=0.067
2026-08-29 20:34:34,115 | INFO    | === set_B | MC 2/100 | seed=101 ===
2026-08-29 20:34:42,230 | INFO    |   dataset: SI=366 | NO=732 | total=1098
2026-08-29 20:34:42,246 | INFO    |   split agrupado | SU train=875 | SU test=219
2026-08-29 20:34:42,248 | INFO    |   ausencias por año: {2016: 4, 2017: 4, 2019: 2, 2020: 2, 2021: 141, 2022: 336, 2023: 132, 2024: 110}
2026-08-29 20:34:43,811 | INFO    |   LR  AUC=0.962 AP=0.926 Brier=0.069
2026-08-29 20:34:46,433 | INFO    |   GAM AUC=0.965 AP=0.930 Brier=0.067
2026-08-29 20:36:11,072 | INFO    |   RF  AUC=0.976 AP=0.954 Brier=0.057
2026-08-29 20:36:11,073 | INFO    | === set_B | MC 3/100 | seed=102 ===
2026-08-29 20:36:18,987 | INFO    |   dataset: SI=366 | NO=732 | total=1098
2026-08-29 20:36:18,999 | INFO    |   split agrupado | SU train=874 | SU test=219
2026-08-29 20:36:19,001 | INFO    |   ausencias por año: {2016: 4, 2017: 4, 2019: 2, 2020: 2, 2021: 142, 2022: 336, 2023: 132, 2024: 110}
2026-08-29 20:36:20,685 | INFO    |   LR  AUC=0.940 AP=0.908 Brier=0.075
2026-08-29 20:36:23,777 | INFO    |   GAM AUC=0.949 AP=0.918 Brier=0.072
2026-08-29 20:37:49,530 | INFO    |   RF  AUC=0.955 AP=0.923 Brier=0.074
2026-08-29 20:37:49,531 | INFO    | === set_B | MC 4/100 | seed=103 ===
2026-08-29 20:37:57,115 | INFO    |   dataset: SI=366 | NO=732 | total=1098
2026-08-29 20:37:57,127 | INFO    |   split agrupado | SU train=875 | SU test=219
2026-08-29 20:37:57,129 | INFO    |   ausencias por año: {2016: 4, 2017: 4, 2019: 2, 2020: 2, 2021: 142, 2022: 335, 2023: 132, 2024: 110}
2026-08-29 20:37:58,873 | INFO    |   LR  AUC=0.962 AP=0.907 Brier=0.071
2026-08-29 20:38:01,950 | INFO    |   GAM AUC=0.965 AP=0.909 Brier=0.069
2026-08-29 20:39:26,991 | INFO    |   RF  AUC=0.978 AP=0.960 Brier=0.063
2026-08-29 20:39:26,992 | INFO    | === set_B | MC 5/100 | seed=104 ===
2026-08-29 20:39:34,782 | INFO    |   dataset: SI=366 | NO=732 | total=1098
2026-08-29 20:39:34,793 | INFO    |   split agrupado | SU train=872 | SU test=219
2026-08-29 20:39:34,795 | INFO    |   ausencias por año: {2016: 4, 2017: 4, 2019: 2, 2020: 2, 2021: 142, 2022: 336, 2023: 131, 2024: 110}
2026-08-29 20:39:36,466 | INFO    |   LR  AUC=0.963 AP=0.941 Brier=0.068
2026-08-29 20:39:39,521 | INFO    |   GAM AUC=0.964 AP=0.942 Brier=0.068
2026-08-29 20:41:08,618 | INFO    |   RF  AUC=0.970 AP=0.945 Brier=0.073
2026-08-29 20:41:08,618 | INFO    | === set_B | MC 6/100 | seed=105 ===
2026-08-29 20:41:16,233 | INFO    |   dataset: SI=366 | NO=732 | total=1098
2026-08-29 20:41:16,244 | INFO    |   split agrupado | SU train=874 | SU test=219
2026-08-29 20:41:16,246 | INFO    |   ausencias por año: {2016: 4, 2017: 4, 2019: 2, 2020: 2, 2021: 140, 2022: 336, 2023: 130, 2024: 110}
2026-08-29 20:41:17,937 | INFO    |   LR  AUC=0.941 AP=0.846 Brier=0.079
2026-08-29 20:41:20,518 | INFO    |   GAM AUC=0.946 AP=0.856 Brier=0.074
2026-08-29 20:42:56,324 | INFO    |   RF  AUC=0.955 AP=0.925 Brier=0.071
2026-08-29 20:42:56,326 | INFO    | === set_B | MC 7/100 | seed=106 ===
2026-08-29 20:43:03,998 | INFO    |   dataset: SI=366 | NO=732 | total=1098
2026-08-29 20:43:04,011 | INFO    |   split agrupado | SU train=872 | SU test=219
2026-08-29 20:43:04,013 | INFO    |   ausencias por año: {2016: 4, 2017: 4, 2019: 2, 2020: 2, 2021: 142, 2022: 334, 2023: 132, 2024: 109}
2026-08-29 20:43:05,690 | INFO    |   LR  AUC=0.963 AP=0.951 Brier=0.065
2026-08-29 20:43:08,751 | INFO    |   GAM AUC=0.966 AP=0.953 Brier=0.063
2026-08-29 20:44:45,083 | INFO    |   RF  AUC=0.970 AP=0.962 Brier=0.063
2026-08-29 20:44:45,084 | INFO    | === set_B | MC 8/100 | seed=107 ===
2026-08-29 20:44:52,607 | INFO    |   dataset: SI=366 | NO=732 | total=1098
2026-08-29 20:44:52,619 | INFO    |   split agrupado | SU train=872 | SU test=218
2026-08-29 20:44:52,621 | INFO    |   ausencias por año: {2016: 4, 2017: 4, 2019: 2, 2020: 2, 2021: 142, 2022: 335, 2023: 132, 2024: 110}
2026-08-29 20:44:54,293 | INFO    |   LR  AUC=0.972 AP=0.967 Brier=0.054
2026-08-29 20:44:57,288 | INFO    |   GAM AUC=0.974 AP=0.967 Brier=0.054
2026-08-29 20:46:28,855 | INFO    |   RF  AUC=0.969 AP=0.961 Brier=0.062
2026-08-29 20:46:28,856 | INFO    | === set_B | MC 9/100 | seed=108 ===
2026-08-29 20:46:36,323 | INFO    |   dataset: SI=366 | NO=732 | total=1098
2026-08-29 20:46:36,334 | INFO    |   split agrupado | SU train=872 | SU test=218
2026-08-29 20:46:36,336 | INFO    |   ausencias por año: {2016: 4, 2017: 4, 2019: 2, 2020: 2, 2021: 142, 2022: 336, 2023: 132, 2024: 109}
2026-08-29 20:46:38,021 | INFO    |   LR  AUC=0.963 AP=0.930 Brier=0.065
2026-08-29 20:46:41,400 | INFO    |   GAM AUC=0.960 AP=0.912 Brier=0.066
2026-08-29 20:48:17,190 | INFO    |   RF  AUC=0.961 AP=0.943 Brier=0.060
2026-08-29 20:48:17,190 | INFO    | === set_B | MC 10/100 | seed=109 ===
2026-08-29 20:48:24,724 | INFO    |   dataset: SI=366 | NO=732 | total=1098
2026-08-29 20:48:24,734 | INFO    |   split agrupado | SU train=876 | SU test=220
2026-08-29 20:48:24,736 | INFO    |   ausencias por año: {2016: 4, 2017: 4, 2019: 2, 2020: 2, 2021: 142, 2022: 336, 2023: 132, 2024: 110}
2026-08-29 20:48:26,475 | INFO    |   LR  AUC=0.934 AP=0.907 Brier=0.089
2026-08-29 20:48:29,537 | INFO    |   GAM AUC=0.940 AP=0.917 Brier=0.086
2026-08-29 20:50:03,711 | INFO    |   RF  AUC=0.955 AP=0.925 Brier=0.078
2026-08-29 20:50:03,712 | INFO    | === set_B | MC 11/100 | seed=110 ===
2026-08-29 20:50:11,842 | INFO    |   dataset: SI=366 | NO=732 | total=1098
2026-08-29 20:50:11,856 | INFO    |   split agrupado | SU train=875 | SU test=219
2026-08-29 20:50:11,858 | INFO    |   ausencias por año: {2016: 4, 2017: 4, 2019: 2, 2020: 2, 2021: 142, 2022: 336, 2023: 131, 2024: 110}
2026-08-29 20:50:13,621 | INFO    |   LR  AUC=0.956 AP=0.943 Brier=0.068
2026-08-29 20:50:17,208 | INFO    |   GAM AUC=0.963 AP=0.951 Brier=0.063
2026-08-29 20:51:47,786 | INFO    |   RF  AUC=0.963 AP=0.942 Brier=0.070
2026-08-29 20:51:47,787 | INFO    | === set_B | MC 12/100 | seed=111 ===
2026-08-29 20:51:55,290 | INFO    |   dataset: SI=366 | NO=732 | total=1098
2026-08-29 20:51:55,302 | INFO    |   split agrupado | SU train=872 | SU test=219
2026-08-29 20:51:55,304 | INFO    |   ausencias por año: {2016: 4, 2017: 4, 2019: 2, 2020: 2, 2021: 142, 2022: 333, 2023: 132, 2024: 110}
2026-08-29 20:51:57,009 | INFO    |   LR  AUC=0.958 AP=0.905 Brier=0.075
2026-08-29 20:52:00,065 | INFO    |   GAM AUC=0.961 AP=0.908 Brier=0.073
2026-08-29 20:53:36,029 | INFO    |   RF  AUC=0.970 AP=0.941 Brier=0.070
2026-08-29 20:53:36,030 | INFO    | === set_B | MC 13/100 | seed=112 ===
2026-08-29 20:53:43,667 | INFO    |   dataset: SI=366 | NO=732 | total=1098
2026-08-29 20:53:43,678 | INFO    |   split agrupado | SU train=869 | SU test=218
2026-08-29 20:53:43,680 | INFO    |   ausencias por año: {2016: 4, 2017: 4, 2019: 2, 2020: 2, 2021: 142, 2022: 336, 2023: 132, 2024: 110}
2026-08-29 20:53:45,379 | INFO    |   LR  AUC=0.960 AP=0.913 Brier=0.063
2026-08-29 20:53:48,401 | INFO    |   GAM AUC=0.965 AP=0.921 Brier=0.060
2026-08-29 20:55:23,957 | INFO    |   RF  AUC=0.976 AP=0.940 Brier=0.058
2026-08-29 20:55:23,958 | INFO    | === set_B | MC 14/100 | seed=113 ===
2026-08-29 20:55:31,544 | INFO    |   dataset: SI=366 | NO=732 | total=1098
2026-08-29 20:55:31,556 | INFO    |   split agrupado | SU train=873 | SU test=219
2026-08-29 20:55:31,558 | INFO    |   ausencias por año: {2016: 4, 2017: 4, 2019: 2, 2020: 2, 2021: 142, 2022: 334, 2023: 131, 2024: 110}
2026-08-29 20:55:33,147 | INFO    |   LR  AUC=0.964 AP=0.926 Brier=0.061
2026-08-29 20:55:35,757 | INFO    |   GAM AUC=0.968 AP=0.934 Brier=0.058
2026-08-29 20:57:09,889 | INFO    |   RF  AUC=0.968 AP=0.955 Brier=0.053
2026-08-29 20:57:09,890 | INFO    | === set_B | MC 15/100 | seed=114 ===
2026-08-29 20:57:17,436 | INFO    |   dataset: SI=366 | NO=732 | total=1098
2026-08-29 20:57:17,448 | INFO    |   split agrupado | SU train=872 | SU test=218
2026-08-29 20:57:17,449 | INFO    |   ausencias por año: {2016: 4, 2017: 4, 2019: 2, 2020: 2, 2021: 141, 2022: 336, 2023: 132, 2024: 109}
2026-08-29 20:57:19,203 | INFO    |   LR  AUC=0.925 AP=0.873 Brier=0.102
2026-08-29 20:57:22,245 | INFO    |   GAM AUC=0.933 AP=0.881 Brier=0.099
2026-08-29 20:58:58,386 | INFO    |   RF  AUC=0.931 AP=0.876 Brier=0.090
2026-08-29 20:58:58,387 | INFO    | === set_B | MC 16/100 | seed=115 ===
2026-08-29 20:59:05,883 | INFO    |   dataset: SI=366 | NO=732 | total=1098
2026-08-29 20:59:05,894 | INFO    |   split agrupado | SU train=872 | SU test=218
2026-08-29 20:59:05,896 | INFO    |   ausencias por año: {2016: 4, 2017: 4, 2019: 2, 2020: 2, 2021: 142, 2022: 336, 2023: 132, 2024: 110}
2026-08-29 20:59:07,575 | INFO    |   LR  AUC=0.980 AP=0.961 Brier=0.052
2026-08-29 20:59:10,634 | INFO    |   GAM AUC=0.981 AP=0.962 Brier=0.055
2026-08-29 21:00:40,934 | INFO    |   RF  AUC=0.977 AP=0.950 Brier=0.055
2026-08-29 21:00:40,935 | INFO    | === set_B | MC 17/100 | seed=116 ===
2026-08-29 21:00:48,242 | INFO    |   dataset: SI=366 | NO=732 | total=1098
2026-08-29 21:00:48,253 | INFO    |   split agrupado | SU train=872 | SU test=219
2026-08-29 21:00:48,254 | INFO    |   ausencias por año: {2016: 4, 2017: 4, 2019: 2, 2020: 2, 2021: 142, 2022: 336, 2023: 132, 2024: 109}
2026-08-29 21:00:49,916 | INFO    |   LR  AUC=0.943 AP=0.915 Brier=0.081
2026-08-29 21:00:52,978 | INFO    |   GAM AUC=0.949 AP=0.923 Brier=0.078
2026-08-29 21:02:25,834 | INFO    |   RF  AUC=0.963 AP=0.931 Brier=0.079
2026-08-29 21:02:25,835 | INFO    | === set_B | MC 18/100 | seed=117 ===
2026-08-29 21:02:33,557 | INFO    |   dataset: SI=366 | NO=732 | total=1098
2026-08-29 21:02:33,568 | INFO    |   split agrupado | SU train=875 | SU test=219
2026-08-29 21:02:33,570 | INFO    |   ausencias por año: {2016: 4, 2017: 4, 2019: 2, 2020: 2, 2021: 142, 2022: 336, 2023: 132, 2024: 110}
2026-08-29 21:02:35,277 | INFO    |   LR  AUC=0.949 AP=0.925 Brier=0.077
2026-08-29 21:02:38,459 | INFO    |   GAM AUC=0.951 AP=0.930 Brier=0.075
2026-08-29 21:04:12,738 | INFO    |   RF  AUC=0.950 AP=0.935 Brier=0.073
2026-08-29 21:04:12,739 | INFO    | === set_B | MC 19/100 | seed=118 ===
2026-08-29 21:04:20,342 | INFO    |   dataset: SI=366 | NO=732 | total=1098
2026-08-29 21:04:20,354 | INFO    |   split agrupado | SU train=873 | SU test=219
2026-08-29 21:04:20,356 | INFO    |   ausencias por año: {2016: 4, 2017: 4, 2019: 2, 2020: 2, 2021: 141, 2022: 334, 2023: 131, 2024: 110}
2026-08-29 21:04:22,060 | INFO    |   LR  AUC=0.960 AP=0.937 Brier=0.074
2026-08-29 21:04:25,139 | INFO    |   GAM AUC=0.960 AP=0.933 Brier=0.078
2026-08-29 21:05:58,510 | INFO    |   RF  AUC=0.970 AP=0.943 Brier=0.072
2026-08-29 21:05:58,511 | INFO    | === set_B | MC 20/100 | seed=119 ===
2026-08-29 21:06:06,219 | INFO    |   dataset: SI=366 | NO=732 | total=1098
2026-08-29 21:06:06,231 | INFO    |   split agrupado | SU train=875 | SU test=219
2026-08-29 21:06:06,233 | INFO    |   ausencias por año: {2016: 4, 2017: 4, 2019: 2, 2020: 2, 2021: 142, 2022: 336, 2023: 131, 2024: 110}
2026-08-29 21:06:07,944 | INFO    |   LR  AUC=0.957 AP=0.910 Brier=0.081
2026-08-29 21:06:11,029 | INFO    |   GAM AUC=0.961 AP=0.918 Brier=0.079
2026-08-29 21:07:47,343 | INFO    |   RF  AUC=0.962 AP=0.920 Brier=0.075
2026-08-29 21:07:47,344 | INFO    | === set_B | MC 21/100 | seed=120 ===
2026-08-29 21:07:54,847 | INFO    |   dataset: SI=366 | NO=732 | total=1098
2026-08-29 21:07:54,859 | INFO    |   split agrupado | SU train=874 | SU test=219
2026-08-29 21:07:54,860 | INFO    |   ausencias por año: {2016: 4, 2017: 4, 2019: 2, 2020: 2, 2021: 142, 2022: 335, 2023: 132, 2024: 110}
2026-08-29 21:07:56,574 | INFO    |   LR  AUC=0.956 AP=0.916 Brier=0.072
2026-08-29 21:07:59,652 | INFO    |   GAM AUC=0.962 AP=0.919 Brier=0.070
2026-08-29 21:09:35,993 | INFO    |   RF  AUC=0.972 AP=0.948 Brier=0.065
2026-08-29 21:09:35,994 | INFO    | === set_B | MC 22/100 | seed=121 ===
2026-08-29 21:09:43,742 | INFO    |   dataset: SI=366 | NO=732 | total=1098
2026-08-29 21:09:43,754 | INFO    |   split agrupado | SU train=875 | SU test=219
2026-08-29 21:09:43,755 | INFO    |   ausencias por año: {2016: 4, 2017: 4, 2019: 2, 2020: 2, 2021: 142, 2022: 335, 2023: 132, 2024: 110}
2026-08-29 21:09:45,251 | INFO    |   LR  AUC=0.962 AP=0.917 Brier=0.073
2026-08-29 21:09:48,339 | INFO    |   GAM AUC=0.964 AP=0.925 Brier=0.069
2026-08-29 21:11:17,889 | INFO    |   RF  AUC=0.970 AP=0.938 Brier=0.069
2026-08-29 21:11:17,889 | INFO    | === set_B | MC 23/100 | seed=122 ===
2026-08-29 21:11:25,483 | INFO    |   dataset: SI=366 | NO=732 | total=1098
2026-08-29 21:11:25,500 | INFO    |   split agrupado | SU train=872 | SU test=218
2026-08-29 21:11:25,504 | INFO    |   ausencias por año: {2016: 4, 2017: 4, 2019: 2, 2020: 2, 2021: 142, 2022: 336, 2023: 131, 2024: 109}
2026-08-29 21:11:27,220 | INFO    |   LR  AUC=0.965 AP=0.893 Brier=0.053
2026-08-29 21:11:30,335 | INFO    |   GAM AUC=0.967 AP=0.907 Brier=0.051
2026-08-29 21:13:06,862 | INFO    |   RF  AUC=0.971 AP=0.957 Brier=0.049
2026-08-29 21:13:06,863 | INFO    | === set_B | MC 24/100 | seed=123 ===
2026-08-29 21:13:14,554 | INFO    |   dataset: SI=366 | NO=732 | total=1098
2026-08-29 21:13:14,567 | INFO    |   split agrupado | SU train=874 | SU test=219
2026-08-29 21:13:14,568 | INFO    |   ausencias por año: {2016: 4, 2017: 4, 2019: 2, 2020: 2, 2021: 142, 2022: 336, 2023: 132, 2024: 110}
2026-08-29 21:13:16,272 | INFO    |   LR  AUC=0.929 AP=0.898 Brier=0.093
2026-08-29 21:13:19,339 | INFO    |   GAM AUC=0.937 AP=0.910 Brier=0.091
2026-08-29 21:14:55,151 | INFO    |   RF  AUC=0.947 AP=0.913 Brier=0.083
2026-08-29 21:14:55,152 | INFO    | === set_B | MC 25/100 | seed=124 ===
2026-08-29 21:15:02,626 | INFO    |   dataset: SI=366 | NO=732 | total=1098
2026-08-29 21:15:02,638 | INFO    |   split agrupado | SU train=872 | SU test=219
2026-08-29 21:15:02,640 | INFO    |   ausencias por año: {2016: 4, 2017: 4, 2019: 2, 2020: 2, 2021: 141, 2022: 335, 2023: 132, 2024: 110}
2026-08-29 21:15:04,347 | INFO    |   LR  AUC=0.943 AP=0.914 Brier=0.084
2026-08-29 21:15:07,649 | INFO    |   GAM AUC=0.950 AP=0.925 Brier=0.078
2026-08-29 21:16:40,247 | INFO    |   RF  AUC=0.957 AP=0.942 Brier=0.073
2026-08-29 21:16:40,248 | INFO    | === set_B | MC 26/100 | seed=125 ===
2026-08-29 21:16:47,872 | INFO    |   dataset: SI=366 | NO=732 | total=1098
2026-08-29 21:16:47,884 | INFO    |   split agrupado | SU train=871 | SU test=218
2026-08-29 21:16:47,886 | INFO    |   ausencias por año: {2016: 4, 2017: 4, 2019: 2, 2020: 2, 2021: 142, 2022: 335, 2023: 130, 2024: 110}
2026-08-29 21:16:49,569 | INFO    |   LR  AUC=0.955 AP=0.941 Brier=0.067
2026-08-29 21:16:52,632 | INFO    |   GAM AUC=0.957 AP=0.942 Brier=0.066
2026-08-29 21:18:28,349 | INFO    |   RF  AUC=0.956 AP=0.940 Brier=0.065
2026-08-29 21:18:28,350 | INFO    | === set_B | MC 27/100 | seed=126 ===
2026-08-29 21:18:35,870 | INFO    |   dataset: SI=366 | NO=732 | total=1098
2026-08-29 21:18:35,881 | INFO    |   split agrupado | SU train=876 | SU test=219
2026-08-29 21:18:35,883 | INFO    |   ausencias por año: {2016: 4, 2017: 4, 2019: 2, 2020: 2, 2021: 142, 2022: 336, 2023: 131, 2024: 110}
2026-08-29 21:18:37,586 | INFO    |   LR  AUC=0.956 AP=0.913 Brier=0.077
2026-08-29 21:18:40,344 | INFO    |   GAM AUC=0.955 AP=0.908 Brier=0.078
2026-08-29 21:20:12,486 | INFO    |   RF  AUC=0.958 AP=0.906 Brier=0.074
2026-08-29 21:20:12,487 | INFO    | === set_B | MC 28/100 | seed=127 ===
2026-08-29 21:20:20,599 | INFO    |   dataset: SI=366 | NO=732 | total=1098
2026-08-29 21:20:20,611 | INFO    |   split agrupado | SU train=872 | SU test=219
2026-08-29 21:20:20,613 | INFO    |   ausencias por año: {2016: 4, 2017: 4, 2019: 2, 2020: 2, 2021: 142, 2022: 334, 2023: 132, 2024: 109}
2026-08-29 21:20:22,309 | INFO    |   LR  AUC=0.973 AP=0.954 Brier=0.062
2026-08-29 21:20:25,588 | INFO    |   GAM AUC=0.979 AP=0.966 Brier=0.056
2026-08-29 21:21:59,031 | INFO    |   RF  AUC=0.987 AP=0.973 Brier=0.052
2026-08-29 21:21:59,031 | INFO    | === set_B | MC 29/100 | seed=128 ===
2026-08-29 21:22:06,645 | INFO    |   dataset: SI=366 | NO=732 | total=1098
2026-08-29 21:22:06,658 | INFO    |   split agrupado | SU train=870 | SU test=218
2026-08-29 21:22:06,660 | INFO    |   ausencias por año: {2016: 4, 2017: 4, 2019: 2, 2020: 2, 2021: 140, 2022: 336, 2023: 132, 2024: 109}
2026-08-29 21:22:08,392 | INFO    |   LR  AUC=0.928 AP=0.904 Brier=0.101
2026-08-29 21:22:11,477 | INFO    |   GAM AUC=0.938 AP=0.910 Brier=0.099
2026-08-29 21:23:47,532 | INFO    |   RF  AUC=0.948 AP=0.936 Brier=0.086
2026-08-29 21:23:47,532 | INFO    | === set_B | MC 30/100 | seed=129 ===
2026-08-29 21:23:54,819 | INFO    |   dataset: SI=366 | NO=732 | total=1098
2026-08-29 21:23:54,829 | INFO    |   split agrupado | SU train=873 | SU test=219
2026-08-29 21:23:54,831 | INFO    |   ausencias por año: {2016: 4, 2017: 4, 2019: 2, 2020: 2, 2021: 142, 2022: 336, 2023: 131, 2024: 110}
2026-08-29 21:23:56,677 | INFO    |   LR  AUC=0.930 AP=0.862 Brier=0.085
2026-08-29 21:23:59,761 | INFO    |   GAM AUC=0.938 AP=0.880 Brier=0.080
2026-08-29 21:25:34,518 | INFO    |   RF  AUC=0.953 AP=0.928 Brier=0.073
2026-08-29 21:25:34,518 | INFO    | === set_B | MC 31/100 | seed=130 ===
2026-08-29 21:25:42,029 | INFO    |   dataset: SI=366 | NO=732 | total=1098
2026-08-29 21:25:42,043 | INFO    |   split agrupado | SU train=871 | SU test=218
2026-08-29 21:25:42,044 | INFO    |   ausencias por año: {2016: 4, 2017: 4, 2019: 2, 2020: 2, 2021: 141, 2022: 336, 2023: 132, 2024: 110}
2026-08-29 21:25:43,712 | INFO    |   LR  AUC=0.944 AP=0.880 Brier=0.083
2026-08-29 21:25:46,704 | INFO    |   GAM AUC=0.946 AP=0.879 Brier=0.081
2026-08-29 21:27:20,484 | INFO    |   RF  AUC=0.958 AP=0.940 Brier=0.070
2026-08-29 21:27:20,484 | INFO    | === set_B | MC 32/100 | seed=131 ===
2026-08-29 21:27:28,245 | INFO    |   dataset: SI=366 | NO=732 | total=1098
2026-08-29 21:27:28,257 | INFO    |   split agrupado | SU train=871 | SU test=218
2026-08-29 21:27:28,259 | INFO    |   ausencias por año: {2016: 4, 2017: 4, 2019: 2, 2020: 2, 2021: 142, 2022: 335, 2023: 132, 2024: 110}
2026-08-29 21:27:30,126 | INFO    |   LR  AUC=0.975 AP=0.935 Brier=0.055
2026-08-29 21:27:33,414 | INFO    |   GAM AUC=0.979 AP=0.950 Brier=0.053
2026-08-29 21:29:08,791 | INFO    |   RF  AUC=0.982 AP=0.974 Brier=0.053
2026-08-29 21:29:08,792 | INFO    | === set_B | MC 33/100 | seed=132 ===
2026-08-29 21:29:16,276 | INFO    |   dataset: SI=366 | NO=732 | total=1098
2026-08-29 21:29:16,288 | INFO    |   split agrupado | SU train=873 | SU test=219
2026-08-29 21:29:16,290 | INFO    |   ausencias por año: {2016: 4, 2017: 4, 2019: 2, 2020: 2, 2021: 140, 2022: 334, 2023: 132, 2024: 110}
2026-08-29 21:29:17,978 | INFO    |   LR  AUC=0.949 AP=0.917 Brier=0.076
2026-08-29 21:29:21,002 | INFO    |   GAM AUC=0.954 AP=0.923 Brier=0.070
2026-08-29 21:30:50,509 | INFO    |   RF  AUC=0.961 AP=0.928 Brier=0.073
2026-08-29 21:30:50,510 | INFO    | === set_B | MC 34/100 | seed=133 ===
2026-08-29 21:30:57,968 | INFO    |   dataset: SI=366 | NO=732 | total=1098
2026-08-29 21:30:57,979 | INFO    |   split agrupado | SU train=874 | SU test=219
2026-08-29 21:30:57,981 | INFO    |   ausencias por año: {2016: 4, 2017: 4, 2019: 2, 2020: 2, 2021: 142, 2022: 335, 2023: 132, 2024: 110}
2026-08-29 21:30:59,683 | INFO    |   LR  AUC=0.958 AP=0.925 Brier=0.070
2026-08-29 21:31:02,766 | INFO    |   GAM AUC=0.967 AP=0.932 Brier=0.065
2026-08-29 21:32:38,263 | INFO    |   RF  AUC=0.968 AP=0.945 Brier=0.064
2026-08-29 21:32:38,264 | INFO    | === set_B | MC 35/100 | seed=134 ===
2026-08-29 21:32:45,753 | INFO    |   dataset: SI=366 | NO=732 | total=1098
2026-08-29 21:32:45,765 | INFO    |   split agrupado | SU train=870 | SU test=218
2026-08-29 21:32:45,767 | INFO    |   ausencias por año: {2016: 4, 2017: 4, 2019: 2, 2020: 2, 2021: 141, 2022: 335, 2023: 132, 2024: 110}
2026-08-29 21:32:47,467 | INFO    |   LR  AUC=0.950 AP=0.920 Brier=0.077
2026-08-29 21:32:49,988 | INFO    |   GAM AUC=0.952 AP=0.920 Brier=0.074
2026-08-29 21:34:24,174 | INFO    |   RF  AUC=0.960 AP=0.896 Brier=0.077
2026-08-29 21:34:24,174 | INFO    | === set_B | MC 36/100 | seed=135 ===
2026-08-29 21:34:31,822 | INFO    |   dataset: SI=366 | NO=732 | total=1098
2026-08-29 21:34:31,834 | INFO    |   split agrupado | SU train=871 | SU test=218
2026-08-29 21:34:31,836 | INFO    |   ausencias por año: {2016: 4, 2017: 4, 2019: 2, 2020: 2, 2021: 142, 2022: 335, 2023: 132, 2024: 110}
2026-08-29 21:34:33,538 | INFO    |   LR  AUC=0.940 AP=0.865 Brier=0.088
2026-08-29 21:34:36,609 | INFO    |   GAM AUC=0.946 AP=0.877 Brier=0.084
2026-08-29 21:36:09,486 | INFO    |   RF  AUC=0.951 AP=0.924 Brier=0.075
2026-08-29 21:36:09,487 | INFO    | === set_B | MC 37/100 | seed=136 ===
2026-08-29 21:36:17,013 | INFO    |   dataset: SI=366 | NO=732 | total=1098
2026-08-29 21:36:17,024 | INFO    |   split agrupado | SU train=877 | SU test=220
2026-08-29 21:36:17,026 | INFO    |   ausencias por año: {2016: 4, 2017: 4, 2019: 2, 2020: 2, 2021: 142, 2022: 336, 2023: 132, 2024: 110}
2026-08-29 21:36:18,710 | INFO    |   LR  AUC=0.962 AP=0.932 Brier=0.059
2026-08-29 21:36:21,812 | INFO    |   GAM AUC=0.966 AP=0.933 Brier=0.060
2026-08-29 21:37:58,004 | INFO    |   RF  AUC=0.965 AP=0.930 Brier=0.057
2026-08-29 21:37:58,005 | INFO    | === set_B | MC 38/100 | seed=137 ===
2026-08-29 21:38:05,430 | INFO    |   dataset: SI=366 | NO=732 | total=1098
2026-08-29 21:38:05,440 | INFO    |   split agrupado | SU train=873 | SU test=219
2026-08-29 21:38:05,442 | INFO    |   ausencias por año: {2016: 4, 2017: 4, 2019: 2, 2020: 2, 2021: 142, 2022: 336, 2023: 132, 2024: 110}
2026-08-29 21:38:07,018 | INFO    |   LR  AUC=0.930 AP=0.894 Brier=0.098
2026-08-29 21:38:10,101 | INFO    |   GAM AUC=0.935 AP=0.902 Brier=0.095
2026-08-29 21:39:46,778 | INFO    |   RF  AUC=0.942 AP=0.908 Brier=0.086
2026-08-29 21:39:46,778 | INFO    | === set_B | MC 39/100 | seed=138 ===
2026-08-29 21:39:54,215 | INFO    |   dataset: SI=366 | NO=732 | total=1098
2026-08-29 21:39:54,227 | INFO    |   split agrupado | SU train=870 | SU test=218
2026-08-29 21:39:54,229 | INFO    |   ausencias por año: {2016: 4, 2017: 4, 2019: 2, 2020: 2, 2021: 141, 2022: 335, 2023: 131, 2024: 110}
2026-08-29 21:39:55,911 | INFO    |   LR  AUC=0.949 AP=0.899 Brier=0.073
2026-08-29 21:39:58,964 | INFO    |   GAM AUC=0.954 AP=0.910 Brier=0.071
2026-08-29 21:41:27,573 | INFO    |   RF  AUC=0.959 AP=0.928 Brier=0.069
2026-08-29 21:41:27,574 | INFO    | === set_B | MC 40/100 | seed=139 ===
2026-08-29 21:41:35,094 | INFO    |   dataset: SI=366 | NO=732 | total=1098
2026-08-29 21:41:35,111 | INFO    |   split agrupado | SU train=872 | SU test=219
2026-08-29 21:41:35,113 | INFO    |   ausencias por año: {2016: 4, 2017: 4, 2019: 2, 2020: 2, 2021: 142, 2022: 336, 2023: 131, 2024: 110}
2026-08-29 21:41:36,798 | INFO    |   LR  AUC=0.947 AP=0.909 Brier=0.074
2026-08-29 21:41:39,860 | INFO    |   GAM AUC=0.953 AP=0.913 Brier=0.071
2026-08-29 21:43:16,052 | INFO    |   RF  AUC=0.954 AP=0.923 Brier=0.075
2026-08-29 21:43:16,053 | INFO    | === set_B | MC 41/100 | seed=140 ===
2026-08-29 21:43:23,483 | INFO    |   dataset: SI=366 | NO=732 | total=1098
2026-08-29 21:43:23,497 | INFO    |   split agrupado | SU train=874 | SU test=219
2026-08-29 21:43:23,499 | INFO    |   ausencias por año: {2016: 4, 2017: 4, 2019: 2, 2020: 2, 2021: 142, 2022: 335, 2023: 132, 2024: 110}
2026-08-29 21:43:25,189 | INFO    |   LR  AUC=0.939 AP=0.907 Brier=0.091
2026-08-29 21:43:28,255 | INFO    |   GAM AUC=0.936 AP=0.885 Brier=0.093
2026-08-29 21:45:04,316 | INFO    |   RF  AUC=0.953 AP=0.940 Brier=0.076
2026-08-29 21:45:04,317 | INFO    | === set_B | MC 42/100 | seed=141 ===
2026-08-29 21:45:11,949 | INFO    |   dataset: SI=366 | NO=732 | total=1098
2026-08-29 21:45:11,962 | INFO    |   split agrupado | SU train=871 | SU test=218
2026-08-29 21:45:11,964 | INFO    |   ausencias por año: {2016: 4, 2017: 4, 2019: 2, 2020: 2, 2021: 142, 2022: 336, 2023: 131, 2024: 109}
2026-08-29 21:45:13,635 | INFO    |   LR  AUC=0.935 AP=0.913 Brier=0.084
2026-08-29 21:45:16,606 | INFO    |   GAM AUC=0.943 AP=0.923 Brier=0.082
2026-08-29 21:46:44,515 | INFO    |   RF  AUC=0.953 AP=0.938 Brier=0.079
2026-08-29 21:46:44,516 | INFO    | === set_B | MC 43/100 | seed=142 ===
2026-08-29 21:46:51,221 | INFO    |   dataset: SI=366 | NO=732 | total=1098
2026-08-29 21:46:51,233 | INFO    |   split agrupado | SU train=876 | SU test=219
2026-08-29 21:46:51,235 | INFO    |   ausencias por año: {2016: 4, 2017: 4, 2019: 2, 2020: 2, 2021: 142, 2022: 335, 2023: 132, 2024: 110}
2026-08-29 21:46:52,670 | INFO    |   LR  AUC=0.944 AP=0.884 Brier=0.075
2026-08-29 21:46:55,761 | INFO    |   GAM AUC=0.948 AP=0.898 Brier=0.073
2026-08-29 21:48:25,128 | INFO    |   RF  AUC=0.958 AP=0.943 Brier=0.069
2026-08-29 21:48:25,129 | INFO    | === set_B | MC 44/100 | seed=143 ===
2026-08-29 21:48:31,963 | INFO    |   dataset: SI=366 | NO=732 | total=1098
2026-08-29 21:48:31,976 | INFO    |   split agrupado | SU train=872 | SU test=219
2026-08-29 21:48:31,978 | INFO    |   ausencias por año: {2016: 4, 2017: 4, 2019: 2, 2020: 2, 2021: 141, 2022: 335, 2023: 132, 2024: 110}
2026-08-29 21:48:33,426 | INFO    |   LR  AUC=0.959 AP=0.951 Brier=0.069
2026-08-29 21:48:35,980 | INFO    |   GAM AUC=0.963 AP=0.953 Brier=0.068
2026-08-29 21:50:04,306 | INFO    |   RF  AUC=0.965 AP=0.958 Brier=0.063
2026-08-29 21:50:04,306 | INFO    | === set_B | MC 45/100 | seed=144 ===
2026-08-29 21:50:11,414 | INFO    |   dataset: SI=366 | NO=732 | total=1098
2026-08-29 21:50:11,427 | INFO    |   split agrupado | SU train=873 | SU test=219
2026-08-29 21:50:11,429 | INFO    |   ausencias por año: {2016: 4, 2017: 4, 2019: 2, 2020: 2, 2021: 142, 2022: 336, 2023: 132, 2024: 110}
2026-08-29 21:50:12,987 | INFO    |   LR  AUC=0.988 AP=0.981 Brier=0.049
2026-08-29 21:50:15,866 | INFO    |   GAM AUC=0.987 AP=0.977 Brier=0.049
2026-08-29 21:51:43,561 | INFO    |   RF  AUC=0.988 AP=0.980 Brier=0.056
2026-08-29 21:51:43,562 | INFO    | === set_B | MC 46/100 | seed=145 ===
2026-08-29 21:51:50,247 | INFO    |   dataset: SI=366 | NO=732 | total=1098
2026-08-29 21:51:50,257 | INFO    |   split agrupado | SU train=873 | SU test=219
2026-08-29 21:51:50,258 | INFO    |   ausencias por año: {2016: 4, 2017: 4, 2019: 2, 2020: 2, 2021: 142, 2022: 335, 2023: 132, 2024: 109}
2026-08-29 21:51:51,680 | INFO    |   LR  AUC=0.950 AP=0.916 Brier=0.074
2026-08-29 21:51:54,226 | INFO    |   GAM AUC=0.945 AP=0.901 Brier=0.079
2026-08-29 21:53:23,185 | INFO    |   RF  AUC=0.943 AP=0.914 Brier=0.082
2026-08-29 21:53:23,185 | INFO    | === set_B | MC 47/100 | seed=146 ===
2026-08-29 21:53:29,859 | INFO    |   dataset: SI=366 | NO=732 | total=1098
2026-08-29 21:53:29,870 | INFO    |   split agrupado | SU train=876 | SU test=219
2026-08-29 21:53:29,872 | INFO    |   ausencias por año: {2016: 4, 2017: 4, 2019: 2, 2020: 2, 2021: 142, 2022: 336, 2023: 132, 2024: 110}
2026-08-29 21:53:31,311 | INFO    |   LR  AUC=0.955 AP=0.911 Brier=0.073
2026-08-29 21:53:34,131 | INFO    |   GAM AUC=0.957 AP=0.918 Brier=0.073
2026-08-29 21:55:04,009 | INFO    |   RF  AUC=0.974 AP=0.947 Brier=0.064
2026-08-29 21:55:04,010 | INFO    | === set_B | MC 48/100 | seed=147 ===
2026-08-29 21:55:11,171 | INFO    |   dataset: SI=366 | NO=732 | total=1098
2026-08-29 21:55:11,182 | INFO    |   split agrupado | SU train=876 | SU test=219
2026-08-29 21:55:11,184 | INFO    |   ausencias por año: {2016: 4, 2017: 4, 2019: 2, 2020: 2, 2021: 142, 2022: 336, 2023: 132, 2024: 109}
2026-08-29 21:55:12,683 | INFO    |   LR  AUC=0.934 AP=0.869 Brier=0.093
2026-08-29 21:55:15,496 | INFO    |   GAM AUC=0.938 AP=0.882 Brier=0.090
2026-08-29 21:56:41,870 | INFO    |   RF  AUC=0.941 AP=0.902 Brier=0.089
2026-08-29 21:56:41,871 | INFO    | === set_B | MC 49/100 | seed=148 ===
2026-08-29 21:56:48,520 | INFO    |   dataset: SI=366 | NO=732 | total=1098
2026-08-29 21:56:48,532 | INFO    |   split agrupado | SU train=874 | SU test=219
2026-08-29 21:56:48,534 | INFO    |   ausencias por año: {2016: 4, 2017: 4, 2019: 2, 2020: 2, 2021: 141, 2022: 336, 2023: 132, 2024: 110}
2026-08-29 21:56:49,952 | INFO    |   LR  AUC=0.972 AP=0.968 Brier=0.056
2026-08-29 21:56:52,499 | INFO    |   GAM AUC=0.974 AP=0.968 Brier=0.055
2026-08-29 21:58:21,291 | INFO    |   RF  AUC=0.972 AP=0.968 Brier=0.063
2026-08-29 21:58:21,291 | INFO    | === set_B | MC 50/100 | seed=149 ===
2026-08-29 21:58:27,892 | INFO    |   dataset: SI=366 | NO=732 | total=1098
2026-08-29 21:58:27,902 | INFO    |   split agrupado | SU train=874 | SU test=219
2026-08-29 21:58:27,904 | INFO    |   ausencias por año: {2016: 4, 2017: 4, 2019: 2, 2020: 2, 2021: 141, 2022: 336, 2023: 131, 2024: 110}
2026-08-29 21:58:29,304 | INFO    |   LR  AUC=0.914 AP=0.886 Brier=0.108
2026-08-29 21:58:31,828 | INFO    |   GAM AUC=0.925 AP=0.896 Brier=0.104
2026-08-29 22:00:01,612 | INFO    |   RF  AUC=0.948 AP=0.923 Brier=0.092
2026-08-29 22:00:01,612 | INFO    | === set_B | MC 51/100 | seed=150 ===
2026-08-29 22:00:09,545 | INFO    |   dataset: SI=366 | NO=732 | total=1098
2026-08-29 22:00:09,556 | INFO    |   split agrupado | SU train=874 | SU test=219
2026-08-29 22:00:09,558 | INFO    |   ausencias por año: {2016: 4, 2017: 4, 2019: 2, 2020: 2, 2021: 142, 2022: 335, 2023: 132, 2024: 110}
2026-08-29 22:00:11,027 | INFO    |   LR  AUC=0.938 AP=0.901 Brier=0.094
2026-08-29 22:00:13,778 | INFO    |   GAM AUC=0.944 AP=0.913 Brier=0.091
2026-08-29 22:01:39,832 | INFO    |   RF  AUC=0.950 AP=0.935 Brier=0.084
2026-08-29 22:01:39,833 | INFO    | === set_B | MC 52/100 | seed=151 ===
2026-08-29 22:01:46,557 | INFO    |   dataset: SI=366 | NO=732 | total=1098
2026-08-29 22:01:46,567 | INFO    |   split agrupado | SU train=875 | SU test=219
2026-08-29 22:01:46,569 | INFO    |   ausencias por año: {2016: 4, 2017: 4, 2019: 2, 2020: 2, 2021: 142, 2022: 336, 2023: 131, 2024: 110}
2026-08-29 22:01:47,984 | INFO    |   LR  AUC=0.935 AP=0.907 Brier=0.087
2026-08-29 22:01:50,506 | INFO    |   GAM AUC=0.943 AP=0.917 Brier=0.082
2026-08-29 22:03:20,645 | INFO    |   RF  AUC=0.958 AP=0.938 Brier=0.072
2026-08-29 22:03:20,645 | INFO    | === set_B | MC 53/100 | seed=152 ===
2026-08-29 22:03:27,383 | INFO    |   dataset: SI=366 | NO=732 | total=1098
2026-08-29 22:03:27,394 | INFO    |   split agrupado | SU train=876 | SU test=220
2026-08-29 22:03:27,396 | INFO    |   ausencias por año: {2016: 4, 2017: 4, 2019: 2, 2020: 2, 2021: 142, 2022: 336, 2023: 132, 2024: 110}
2026-08-29 22:03:28,834 | INFO    |   LR  AUC=0.944 AP=0.913 Brier=0.074
2026-08-29 22:03:31,391 | INFO    |   GAM AUC=0.949 AP=0.922 Brier=0.071
2026-08-29 22:05:01,479 | INFO    |   RF  AUC=0.958 AP=0.945 Brier=0.060
2026-08-29 22:05:01,480 | INFO    | === set_B | MC 54/100 | seed=153 ===
2026-08-29 22:05:08,530 | INFO    |   dataset: SI=366 | NO=732 | total=1098
2026-08-29 22:05:08,540 | INFO    |   split agrupado | SU train=872 | SU test=218
2026-08-29 22:05:08,542 | INFO    |   ausencias por año: {2016: 4, 2017: 4, 2019: 2, 2020: 2, 2021: 142, 2022: 336, 2023: 132, 2024: 110}
2026-08-29 22:05:09,980 | INFO    |   LR  AUC=0.940 AP=0.872 Brier=0.076
2026-08-29 22:05:12,536 | INFO    |   GAM AUC=0.944 AP=0.875 Brier=0.075
2026-08-29 22:06:39,118 | INFO    |   RF  AUC=0.952 AP=0.918 Brier=0.070
2026-08-29 22:06:39,119 | INFO    | === set_B | MC 55/100 | seed=154 ===
2026-08-29 22:06:45,811 | INFO    |   dataset: SI=366 | NO=732 | total=1098
2026-08-29 22:06:45,823 | INFO    |   split agrupado | SU train=874 | SU test=219
2026-08-29 22:06:45,824 | INFO    |   ausencias por año: {2016: 4, 2017: 4, 2019: 2, 2020: 2, 2021: 142, 2022: 334, 2023: 132, 2024: 110}
2026-08-29 22:06:47,250 | INFO    |   LR  AUC=0.976 AP=0.948 Brier=0.057
2026-08-29 22:06:49,839 | INFO    |   GAM AUC=0.978 AP=0.950 Brier=0.054
2026-08-29 22:08:19,723 | INFO    |   RF  AUC=0.971 AP=0.945 Brier=0.060
2026-08-29 22:08:19,723 | INFO    | === set_B | MC 56/100 | seed=155 ===
2026-08-29 22:08:26,646 | INFO    |   dataset: SI=366 | NO=732 | total=1098
2026-08-29 22:08:26,658 | INFO    |   split agrupado | SU train=872 | SU test=218
2026-08-29 22:08:26,659 | INFO    |   ausencias por año: {2016: 4, 2017: 4, 2019: 2, 2020: 2, 2021: 141, 2022: 336, 2023: 132, 2024: 110}
2026-08-29 22:08:28,085 | INFO    |   LR  AUC=0.960 AP=0.894 Brier=0.071
2026-08-29 22:08:30,604 | INFO    |   GAM AUC=0.963 AP=0.904 Brier=0.070
2026-08-29 22:10:01,166 | INFO    |   RF  AUC=0.956 AP=0.901 Brier=0.078
2026-08-29 22:10:01,167 | INFO    | === set_B | MC 57/100 | seed=156 ===
2026-08-29 22:10:08,855 | INFO    |   dataset: SI=366 | NO=732 | total=1098
2026-08-29 22:10:08,869 | INFO    |   split agrupado | SU train=873 | SU test=219
2026-08-29 22:10:08,870 | INFO    |   ausencias por año: {2016: 4, 2017: 4, 2019: 2, 2020: 2, 2021: 142, 2022: 335, 2023: 132, 2024: 110}
2026-08-29 22:10:10,412 | INFO    |   LR  AUC=0.922 AP=0.856 Brier=0.099
2026-08-29 22:10:13,360 | INFO    |   GAM AUC=0.928 AP=0.855 Brier=0.096
2026-08-29 22:11:38,403 | INFO    |   RF  AUC=0.930 AP=0.871 Brier=0.095
2026-08-29 22:11:38,404 | INFO    | === set_B | MC 58/100 | seed=157 ===
2026-08-29 22:11:45,062 | INFO    |   dataset: SI=366 | NO=732 | total=1098
2026-08-29 22:11:45,072 | INFO    |   split agrupado | SU train=869 | SU test=218
2026-08-29 22:11:45,074 | INFO    |   ausencias por año: {2016: 4, 2017: 4, 2019: 2, 2020: 2, 2021: 141, 2022: 334, 2023: 132, 2024: 110}
2026-08-29 22:11:46,501 | INFO    |   LR  AUC=0.955 AP=0.927 Brier=0.068
2026-08-29 22:11:49,025 | INFO    |   GAM AUC=0.959 AP=0.932 Brier=0.067
2026-08-29 22:13:18,442 | INFO    |   RF  AUC=0.958 AP=0.934 Brier=0.074
2026-08-29 22:13:18,442 | INFO    | === set_B | MC 59/100 | seed=158 ===
2026-08-29 22:13:25,129 | INFO    |   dataset: SI=366 | NO=732 | total=1098
2026-08-29 22:13:25,141 | INFO    |   split agrupado | SU train=871 | SU test=218
2026-08-29 22:13:25,143 | INFO    |   ausencias por año: {2016: 4, 2017: 4, 2019: 2, 2020: 2, 2021: 142, 2022: 335, 2023: 130, 2024: 110}
2026-08-29 22:13:26,600 | INFO    |   LR  AUC=0.938 AP=0.851 Brier=0.091
2026-08-29 22:13:29,110 | INFO    |   GAM AUC=0.936 AP=0.824 Brier=0.094
2026-08-29 22:14:59,452 | INFO    |   RF  AUC=0.964 AP=0.918 Brier=0.072
2026-08-29 22:14:59,453 | INFO    | === set_B | MC 60/100 | seed=159 ===
2026-08-29 22:15:06,868 | INFO    |   dataset: SI=366 | NO=732 | total=1098
2026-08-29 22:15:06,883 | INFO    |   split agrupado | SU train=869 | SU test=218
2026-08-29 22:15:06,886 | INFO    |   ausencias por año: {2016: 4, 2017: 4, 2019: 2, 2020: 2, 2021: 142, 2022: 334, 2023: 131, 2024: 110}
2026-08-29 22:15:08,578 | INFO    |   LR  AUC=0.958 AP=0.923 Brier=0.072
2026-08-29 22:15:11,168 | INFO    |   GAM AUC=0.961 AP=0.927 Brier=0.071
2026-08-29 22:16:37,796 | INFO    |   RF  AUC=0.964 AP=0.936 Brier=0.067
2026-08-29 22:16:37,796 | INFO    | === set_B | MC 61/100 | seed=160 ===
2026-08-29 22:16:44,476 | INFO    |   dataset: SI=366 | NO=732 | total=1098
2026-08-29 22:16:44,485 | INFO    |   split agrupado | SU train=876 | SU test=219
2026-08-29 22:16:44,487 | INFO    |   ausencias por año: {2016: 4, 2017: 4, 2019: 2, 2020: 2, 2021: 142, 2022: 336, 2023: 132, 2024: 110}
2026-08-29 22:16:45,908 | INFO    |   LR  AUC=0.948 AP=0.906 Brier=0.074
2026-08-29 22:16:48,459 | INFO    |   GAM AUC=0.960 AP=0.930 Brier=0.068
2026-08-29 22:18:17,687 | INFO    |   RF  AUC=0.969 AP=0.938 Brier=0.065
2026-08-29 22:18:17,688 | INFO    | === set_B | MC 62/100 | seed=161 ===
2026-08-29 22:18:24,336 | INFO    |   dataset: SI=366 | NO=732 | total=1098
2026-08-29 22:18:24,351 | INFO    |   split agrupado | SU train=876 | SU test=220
2026-08-29 22:18:24,352 | INFO    |   ausencias por año: {2016: 4, 2017: 4, 2019: 2, 2020: 2, 2021: 141, 2022: 336, 2023: 132, 2024: 110}
2026-08-29 22:18:25,813 | INFO    |   LR  AUC=0.952 AP=0.889 Brier=0.077
2026-08-29 22:18:28,345 | INFO    |   GAM AUC=0.956 AP=0.901 Brier=0.076
2026-08-29 22:19:57,539 | INFO    |   RF  AUC=0.964 AP=0.938 Brier=0.065
2026-08-29 22:19:57,540 | INFO    | === set_B | MC 63/100 | seed=162 ===
2026-08-29 22:20:04,871 | INFO    |   dataset: SI=366 | NO=732 | total=1098
2026-08-29 22:20:04,883 | INFO    |   split agrupado | SU train=876 | SU test=220
2026-08-29 22:20:04,884 | INFO    |   ausencias por año: {2016: 4, 2017: 4, 2019: 2, 2020: 2, 2021: 142, 2022: 336, 2023: 132, 2024: 110}
2026-08-29 22:20:06,345 | INFO    |   LR  AUC=0.942 AP=0.903 Brier=0.083
2026-08-29 22:20:06,389 | ERROR   | run 62 falló: X data is out of domain for categorical feature 4. Expected data on [0.0, 3.0], but found data on [0.0, 4.0]
Traceback (most recent call last):
  File "/home/oisanchezp/Thesis/src/05_Chapter/mc_common.py", line 689, in run_montecarlo
    model.fit(Xdf.iloc[idx_tr], y[idx_tr], seed=seed)
  File "/home/oisanchezp/Thesis/src/05_Chapter/mc_common.py", line 516, in fit
    auc = roc_auc_score(y_val, g.predict_proba(X_val))
  File "/home/oisanchezp/geo_env/lib/python3.8/site-packages/pygam/pygam.py", line 2696, in predict_proba
    return self.predict_mu(X)
  File "/home/oisanchezp/geo_env/lib/python3.8/site-packages/pygam/pygam.py", line 435, in predict_mu
    X = check_X(
  File "/home/oisanchezp/geo_env/lib/python3.8/site-packages/pygam/utils.py", line 337, in check_X
    raise ValueError(
ValueError: X data is out of domain for categorical feature 4. Expected data on [0.0, 3.0], but found data on [0.0, 4.0]
2026-08-29 22:20:06,391 | INFO    | === set_B | MC 64/100 | seed=163 ===
2026-08-29 22:20:13,409 | INFO    |   dataset: SI=366 | NO=732 | total=1098
2026-08-29 22:20:13,420 | INFO    |   split agrupado | SU train=872 | SU test=219
2026-08-29 22:20:13,422 | INFO    |   ausencias por año: {2016: 4, 2017: 4, 2019: 2, 2020: 2, 2021: 142, 2022: 336, 2023: 132, 2024: 110}
2026-08-29 22:20:14,923 | INFO    |   LR  AUC=0.951 AP=0.887 Brier=0.080
2026-08-29 22:20:18,247 | INFO    |   GAM AUC=0.954 AP=0.893 Brier=0.077
2026-08-29 22:21:45,182 | INFO    |   RF  AUC=0.964 AP=0.941 Brier=0.079
2026-08-29 22:21:45,182 | INFO    | === set_B | MC 65/100 | seed=164 ===
2026-08-29 22:21:51,854 | INFO    |   dataset: SI=366 | NO=732 | total=1098
2026-08-29 22:21:51,865 | INFO    |   split agrupado | SU train=872 | SU test=219
2026-08-29 22:21:51,870 | INFO    |   ausencias por año: {2016: 4, 2017: 4, 2019: 2, 2020: 2, 2021: 142, 2022: 336, 2023: 131, 2024: 110}
2026-08-29 22:21:53,295 | INFO    |   LR  AUC=0.960 AP=0.925 Brier=0.063
2026-08-29 22:21:55,831 | INFO    |   GAM AUC=0.964 AP=0.931 Brier=0.059
2026-08-29 22:23:25,371 | INFO    |   RF  AUC=0.972 AP=0.945 Brier=0.055
2026-08-29 22:23:25,372 | INFO    | === set_B | MC 66/100 | seed=165 ===
2026-08-29 22:23:32,187 | INFO    |   dataset: SI=366 | NO=732 | total=1098
2026-08-29 22:23:32,198 | INFO    |   split agrupado | SU train=872 | SU test=219
2026-08-29 22:23:32,200 | INFO    |   ausencias por año: {2016: 4, 2017: 4, 2019: 2, 2020: 2, 2021: 142, 2022: 336, 2023: 132, 2024: 110}
2026-08-29 22:23:33,808 | INFO    |   LR  AUC=0.935 AP=0.911 Brier=0.082
2026-08-29 22:23:36,425 | INFO    |   GAM AUC=0.933 AP=0.895 Brier=0.086
2026-08-29 22:25:04,936 | INFO    |   RF  AUC=0.951 AP=0.921 Brier=0.076
2026-08-29 22:25:04,937 | INFO    | === set_B | MC 67/100 | seed=166 ===
2026-08-29 22:25:11,691 | INFO    |   dataset: SI=366 | NO=732 | total=1098
2026-08-29 22:25:11,703 | INFO    |   split agrupado | SU train=875 | SU test=219
2026-08-29 22:25:11,705 | INFO    |   ausencias por año: {2016: 4, 2017: 4, 2019: 2, 2020: 2, 2021: 141, 2022: 335, 2023: 132, 2024: 110}
2026-08-29 22:25:13,106 | INFO    |   LR  AUC=0.948 AP=0.907 Brier=0.080
2026-08-29 22:25:15,688 | INFO    |   GAM AUC=0.954 AP=0.917 Brier=0.077
2026-08-29 22:26:42,694 | INFO    |   RF  AUC=0.957 AP=0.923 Brier=0.071
2026-08-29 22:26:42,694 | INFO    | === set_B | MC 68/100 | seed=167 ===
2026-08-29 22:26:49,392 | INFO    |   dataset: SI=366 | NO=732 | total=1098
2026-08-29 22:26:49,403 | INFO    |   split agrupado | SU train=871 | SU test=218
2026-08-29 22:26:49,404 | INFO    |   ausencias por año: {2016: 4, 2017: 4, 2019: 2, 2020: 2, 2021: 141, 2022: 336, 2023: 132, 2024: 110}
2026-08-29 22:26:50,831 | INFO    |   LR  AUC=0.966 AP=0.919 Brier=0.063
2026-08-29 22:26:53,409 | INFO    |   GAM AUC=0.974 AP=0.944 Brier=0.060
2026-08-29 22:28:23,204 | INFO    |   RF  AUC=0.972 AP=0.954 Brier=0.064
2026-08-29 22:28:23,205 | INFO    | === set_B | MC 69/100 | seed=168 ===
2026-08-29 22:28:30,081 | INFO    |   dataset: SI=366 | NO=732 | total=1098
2026-08-29 22:28:30,091 | INFO    |   split agrupado | SU train=869 | SU test=218
2026-08-29 22:28:30,093 | INFO    |   ausencias por año: {2016: 4, 2017: 4, 2019: 2, 2020: 2, 2021: 140, 2022: 335, 2023: 132, 2024: 110}
2026-08-29 22:28:31,584 | INFO    |   LR  AUC=0.964 AP=0.946 Brier=0.061
2026-08-29 22:28:34,369 | INFO    |   GAM AUC=0.965 AP=0.945 Brier=0.061
2026-08-29 22:30:03,851 | INFO    |   RF  AUC=0.968 AP=0.951 Brier=0.064
2026-08-29 22:30:03,851 | INFO    | === set_B | MC 70/100 | seed=169 ===
2026-08-29 22:30:11,531 | INFO    |   dataset: SI=366 | NO=732 | total=1098
2026-08-29 22:30:11,543 | INFO    |   split agrupado | SU train=871 | SU test=218
2026-08-29 22:30:11,545 | INFO    |   ausencias por año: {2016: 4, 2017: 4, 2019: 2, 2020: 2, 2021: 142, 2022: 335, 2023: 132, 2024: 110}
2026-08-29 22:30:13,044 | INFO    |   LR  AUC=0.958 AP=0.909 Brier=0.068
2026-08-29 22:30:15,956 | INFO    |   GAM AUC=0.963 AP=0.920 Brier=0.065
2026-08-29 22:31:42,690 | INFO    |   RF  AUC=0.975 AP=0.962 Brier=0.063
2026-08-29 22:31:42,690 | INFO    | === set_B | MC 71/100 | seed=170 ===
2026-08-29 22:31:49,376 | INFO    |   dataset: SI=366 | NO=732 | total=1098
2026-08-29 22:31:49,387 | INFO    |   split agrupado | SU train=871 | SU test=218
2026-08-29 22:31:49,388 | INFO    |   ausencias por año: {2016: 4, 2017: 4, 2019: 2, 2020: 2, 2021: 141, 2022: 334, 2023: 132, 2024: 110}
2026-08-29 22:31:50,804 | INFO    |   LR  AUC=0.968 AP=0.962 Brier=0.074
2026-08-29 22:31:53,339 | INFO    |   GAM AUC=0.971 AP=0.964 Brier=0.071
2026-08-29 22:33:22,790 | INFO    |   RF  AUC=0.980 AP=0.976 Brier=0.070
2026-08-29 22:33:22,791 | INFO    | === set_B | MC 72/100 | seed=171 ===
2026-08-29 22:33:29,504 | INFO    |   dataset: SI=366 | NO=732 | total=1098
2026-08-29 22:33:29,518 | INFO    |   split agrupado | SU train=872 | SU test=218
2026-08-29 22:33:29,520 | INFO    |   ausencias por año: {2016: 4, 2017: 4, 2019: 2, 2020: 2, 2021: 141, 2022: 336, 2023: 132, 2024: 110}
2026-08-29 22:33:30,932 | INFO    |   LR  AUC=0.926 AP=0.888 Brier=0.073
2026-08-29 22:33:33,777 | INFO    |   GAM AUC=0.937 AP=0.903 Brier=0.071
2026-08-29 22:35:03,873 | INFO    |   RF  AUC=0.948 AP=0.920 Brier=0.067
2026-08-29 22:35:03,874 | INFO    | === set_B | MC 73/100 | seed=172 ===
2026-08-29 22:35:10,941 | INFO    |   dataset: SI=366 | NO=732 | total=1098
2026-08-29 22:35:10,955 | INFO    |   split agrupado | SU train=872 | SU test=218
2026-08-29 22:35:10,956 | INFO    |   ausencias por año: {2016: 4, 2017: 4, 2019: 2, 2020: 2, 2021: 142, 2022: 335, 2023: 132, 2024: 110}
2026-08-29 22:35:12,386 | INFO    |   LR  AUC=0.960 AP=0.941 Brier=0.067
2026-08-29 22:35:15,045 | INFO    |   GAM AUC=0.963 AP=0.945 Brier=0.067
2026-08-29 22:36:42,589 | INFO    |   RF  AUC=0.968 AP=0.949 Brier=0.068
2026-08-29 22:36:42,590 | INFO    | === set_B | MC 74/100 | seed=173 ===
2026-08-29 22:36:49,420 | INFO    |   dataset: SI=366 | NO=732 | total=1098
2026-08-29 22:36:49,430 | INFO    |   split agrupado | SU train=871 | SU test=218
2026-08-29 22:36:49,431 | INFO    |   ausencias por año: {2016: 4, 2017: 4, 2019: 2, 2020: 2, 2021: 142, 2022: 333, 2023: 131, 2024: 110}
2026-08-29 22:36:50,852 | INFO    |   LR  AUC=0.961 AP=0.938 Brier=0.063
2026-08-29 22:36:53,393 | INFO    |   GAM AUC=0.966 AP=0.943 Brier=0.060
2026-08-29 22:38:23,016 | INFO    |   RF  AUC=0.974 AP=0.949 Brier=0.057
2026-08-29 22:38:23,016 | INFO    | === set_B | MC 75/100 | seed=174 ===
2026-08-29 22:38:29,720 | INFO    |   dataset: SI=366 | NO=732 | total=1098
2026-08-29 22:38:29,730 | INFO    |   split agrupado | SU train=872 | SU test=219
2026-08-29 22:38:29,731 | INFO    |   ausencias por año: {2016: 4, 2017: 4, 2019: 2, 2020: 2, 2021: 142, 2022: 336, 2023: 132, 2024: 110}
2026-08-29 22:38:31,156 | INFO    |   LR  AUC=0.969 AP=0.947 Brier=0.063
2026-08-29 22:38:33,737 | INFO    |   GAM AUC=0.974 AP=0.958 Brier=0.062
2026-08-29 22:40:02,865 | INFO    |   RF  AUC=0.974 AP=0.968 Brier=0.064
2026-08-29 22:40:02,866 | INFO    | === set_B | MC 76/100 | seed=175 ===
2026-08-29 22:40:10,363 | INFO    |   dataset: SI=366 | NO=732 | total=1098
2026-08-29 22:40:10,376 | INFO    |   split agrupado | SU train=875 | SU test=219
2026-08-29 22:40:10,377 | INFO    |   ausencias por año: {2016: 4, 2017: 4, 2019: 2, 2020: 2, 2021: 142, 2022: 336, 2023: 131, 2024: 110}
2026-08-29 22:40:12,029 | INFO    |   LR  AUC=0.982 AP=0.962 Brier=0.049
2026-08-29 22:40:14,707 | INFO    |   GAM AUC=0.984 AP=0.963 Brier=0.049
2026-08-29 22:41:39,572 | INFO    |   RF  AUC=0.992 AP=0.983 Brier=0.046
2026-08-29 22:41:39,572 | INFO    | === set_B | MC 77/100 | seed=176 ===
2026-08-29 22:41:46,302 | INFO    |   dataset: SI=366 | NO=732 | total=1098
2026-08-29 22:41:46,312 | INFO    |   split agrupado | SU train=875 | SU test=219
2026-08-29 22:41:46,314 | INFO    |   ausencias por año: {2016: 4, 2017: 4, 2019: 2, 2020: 2, 2021: 142, 2022: 336, 2023: 132, 2024: 110}
2026-08-29 22:41:47,746 | INFO    |   LR  AUC=0.912 AP=0.882 Brier=0.095
2026-08-29 22:41:50,322 | INFO    |   GAM AUC=0.921 AP=0.893 Brier=0.091
2026-08-29 22:43:17,687 | INFO    |   RF  AUC=0.941 AP=0.919 Brier=0.080
2026-08-29 22:43:17,687 | INFO    | === set_B | MC 78/100 | seed=177 ===
2026-08-29 22:43:24,315 | INFO    |   dataset: SI=366 | NO=732 | total=1098
2026-08-29 22:43:24,326 | INFO    |   split agrupado | SU train=874 | SU test=219
2026-08-29 22:43:24,327 | INFO    |   ausencias por año: {2016: 4, 2017: 4, 2019: 2, 2020: 2, 2021: 142, 2022: 336, 2023: 130, 2024: 110}
2026-08-29 22:43:25,774 | INFO    |   LR  AUC=0.931 AP=0.889 Brier=0.081
2026-08-29 22:43:25,816 | ERROR   | run 77 falló: X data is out of domain for categorical feature 4. Expected data on [0.0, 3.0], but found data on [0.0, 4.0]
Traceback (most recent call last):
  File "/home/oisanchezp/Thesis/src/05_Chapter/mc_common.py", line 689, in run_montecarlo
    model.fit(Xdf.iloc[idx_tr], y[idx_tr], seed=seed)
  File "/home/oisanchezp/Thesis/src/05_Chapter/mc_common.py", line 516, in fit
    auc = roc_auc_score(y_val, g.predict_proba(X_val))
  File "/home/oisanchezp/geo_env/lib/python3.8/site-packages/pygam/pygam.py", line 2696, in predict_proba
    return self.predict_mu(X)
  File "/home/oisanchezp/geo_env/lib/python3.8/site-packages/pygam/pygam.py", line 435, in predict_mu
    X = check_X(
  File "/home/oisanchezp/geo_env/lib/python3.8/site-packages/pygam/utils.py", line 337, in check_X
    raise ValueError(
ValueError: X data is out of domain for categorical feature 4. Expected data on [0.0, 3.0], but found data on [0.0, 4.0]
2026-08-29 22:43:25,816 | INFO    | === set_B | MC 79/100 | seed=178 ===
2026-08-29 22:43:32,551 | INFO    |   dataset: SI=366 | NO=732 | total=1098
2026-08-29 22:43:32,561 | INFO    |   split agrupado | SU train=872 | SU test=219
2026-08-29 22:43:32,563 | INFO    |   ausencias por año: {2016: 4, 2017: 4, 2019: 2, 2020: 2, 2021: 142, 2022: 336, 2023: 132, 2024: 110}
2026-08-29 22:43:34,224 | INFO    |   LR  AUC=0.944 AP=0.921 Brier=0.084
2026-08-29 22:43:36,866 | INFO    |   GAM AUC=0.949 AP=0.926 Brier=0.081
2026-08-29 22:45:06,365 | INFO    |   RF  AUC=0.941 AP=0.914 Brier=0.084
2026-08-29 22:45:06,366 | INFO    | === set_B | MC 80/100 | seed=179 ===
2026-08-29 22:45:14,236 | INFO    |   dataset: SI=366 | NO=732 | total=1098
2026-08-29 22:45:14,246 | INFO    |   split agrupado | SU train=872 | SU test=218
2026-08-29 22:45:14,248 | INFO    |   ausencias por año: {2016: 4, 2017: 4, 2019: 2, 2020: 2, 2021: 142, 2022: 334, 2023: 131, 2024: 110}
2026-08-29 22:45:15,707 | INFO    |   LR  AUC=0.928 AP=0.872 Brier=0.104
2026-08-29 22:45:18,267 | INFO    |   GAM AUC=0.930 AP=0.878 Brier=0.102
2026-08-29 22:46:45,165 | INFO    |   RF  AUC=0.947 AP=0.921 Brier=0.088
2026-08-29 22:46:45,166 | INFO    | === set_B | MC 81/100 | seed=180 ===
2026-08-29 22:46:51,913 | INFO    |   dataset: SI=366 | NO=732 | total=1098
2026-08-29 22:46:51,923 | INFO    |   split agrupado | SU train=876 | SU test=220
2026-08-29 22:46:51,925 | INFO    |   ausencias por año: {2016: 4, 2017: 4, 2019: 2, 2020: 2, 2021: 142, 2022: 335, 2023: 132, 2024: 110}
2026-08-29 22:46:53,368 | INFO    |   LR  AUC=0.931 AP=0.909 Brier=0.103
2026-08-29 22:46:55,930 | INFO    |   GAM AUC=0.937 AP=0.913 Brier=0.099
2026-08-29 22:48:25,010 | INFO    |   RF  AUC=0.948 AP=0.937 Brier=0.088
2026-08-29 22:48:25,010 | INFO    | === set_B | MC 82/100 | seed=181 ===
2026-08-29 22:48:31,843 | INFO    |   dataset: SI=366 | NO=732 | total=1098
2026-08-29 22:48:31,853 | INFO    |   split agrupado | SU train=871 | SU test=218
2026-08-29 22:48:31,855 | INFO    |   ausencias por año: {2016: 4, 2017: 4, 2019: 2, 2020: 2, 2021: 142, 2022: 336, 2023: 131, 2024: 110}
2026-08-29 22:48:33,313 | INFO    |   LR  AUC=0.966 AP=0.954 Brier=0.068
2026-08-29 22:48:35,752 | INFO    |   GAM AUC=0.969 AP=0.958 Brier=0.067
2026-08-29 22:50:04,300 | INFO    |   RF  AUC=0.970 AP=0.955 Brier=0.068
2026-08-29 22:50:04,300 | INFO    | === set_B | MC 83/100 | seed=182 ===
2026-08-29 22:50:11,695 | INFO    |   dataset: SI=366 | NO=732 | total=1098
2026-08-29 22:50:11,705 | INFO    |   split agrupado | SU train=876 | SU test=219
2026-08-29 22:50:11,707 | INFO    |   ausencias por año: {2016: 4, 2017: 4, 2019: 2, 2020: 2, 2021: 142, 2022: 336, 2023: 132, 2024: 110}
2026-08-29 22:50:13,241 | INFO    |   LR  AUC=0.966 AP=0.946 Brier=0.064
2026-08-29 22:50:15,986 | INFO    |   GAM AUC=0.969 AP=0.950 Brier=0.061
2026-08-29 22:51:42,197 | INFO    |   RF  AUC=0.972 AP=0.956 Brier=0.061
2026-08-29 22:51:42,198 | INFO    | === set_B | MC 84/100 | seed=183 ===
2026-08-29 22:51:48,961 | INFO    |   dataset: SI=366 | NO=732 | total=1098
2026-08-29 22:51:48,971 | INFO    |   split agrupado | SU train=872 | SU test=219
2026-08-29 22:51:48,972 | INFO    |   ausencias por año: {2016: 4, 2017: 4, 2019: 2, 2020: 2, 2021: 142, 2022: 336, 2023: 131, 2024: 110}
2026-08-29 22:51:50,407 | INFO    |   LR  AUC=0.954 AP=0.945 Brier=0.061
2026-08-29 22:51:52,819 | INFO    |   GAM AUC=0.956 AP=0.947 Brier=0.059
2026-08-29 22:53:22,409 | INFO    |   RF  AUC=0.957 AP=0.951 Brier=0.063
2026-08-29 22:53:22,409 | INFO    | === set_B | MC 85/100 | seed=184 ===
2026-08-29 22:53:29,161 | INFO    |   dataset: SI=366 | NO=732 | total=1098
2026-08-29 22:53:29,171 | INFO    |   split agrupado | SU train=871 | SU test=218
2026-08-29 22:53:29,173 | INFO    |   ausencias por año: {2016: 4, 2017: 4, 2019: 2, 2020: 2, 2021: 142, 2022: 335, 2023: 132, 2024: 110}
2026-08-29 22:53:30,598 | INFO    |   LR  AUC=0.952 AP=0.910 Brier=0.084
2026-08-29 22:53:33,315 | INFO    |   GAM AUC=0.957 AP=0.922 Brier=0.082
2026-08-29 22:55:02,062 | INFO    |   RF  AUC=0.967 AP=0.949 Brier=0.065
2026-08-29 22:55:02,063 | INFO    | === set_B | MC 86/100 | seed=185 ===
2026-08-29 22:55:09,048 | INFO    |   dataset: SI=366 | NO=732 | total=1098
2026-08-29 22:55:09,058 | INFO    |   split agrupado | SU train=874 | SU test=219
2026-08-29 22:55:09,060 | INFO    |   ausencias por año: {2016: 4, 2017: 4, 2019: 2, 2020: 2, 2021: 141, 2022: 336, 2023: 132, 2024: 110}
2026-08-29 22:55:10,515 | INFO    |   LR  AUC=0.944 AP=0.894 Brier=0.074
2026-08-29 22:55:13,058 | INFO    |   GAM AUC=0.948 AP=0.891 Brier=0.074
2026-08-29 22:56:39,531 | INFO    |   RF  AUC=0.966 AP=0.941 Brier=0.067
2026-08-29 22:56:39,532 | INFO    | === set_B | MC 87/100 | seed=186 ===
2026-08-29 22:56:46,174 | INFO    |   dataset: SI=366 | NO=732 | total=1098
2026-08-29 22:56:46,184 | INFO    |   split agrupado | SU train=876 | SU test=220
2026-08-29 22:56:46,186 | INFO    |   ausencias por año: {2016: 4, 2017: 4, 2019: 2, 2020: 2, 2021: 142, 2022: 335, 2023: 132, 2024: 110}
2026-08-29 22:56:47,592 | INFO    |   LR  AUC=0.927 AP=0.847 Brier=0.087
2026-08-29 22:56:50,121 | INFO    |   GAM AUC=0.930 AP=0.842 Brier=0.088
2026-08-29 22:58:20,102 | INFO    |   RF  AUC=0.950 AP=0.914 Brier=0.079
2026-08-29 22:58:20,103 | INFO    | === set_B | MC 88/100 | seed=187 ===
2026-08-29 22:58:26,875 | INFO    |   dataset: SI=366 | NO=732 | total=1098
2026-08-29 22:58:26,884 | INFO    |   split agrupado | SU train=871 | SU test=218
2026-08-29 22:58:26,886 | INFO    |   ausencias por año: {2016: 4, 2017: 4, 2019: 2, 2020: 2, 2021: 142, 2022: 336, 2023: 132, 2024: 110}
2026-08-29 22:58:28,313 | INFO    |   LR  AUC=0.959 AP=0.924 Brier=0.067
2026-08-29 22:58:30,739 | INFO    |   GAM AUC=0.962 AP=0.924 Brier=0.065
2026-08-29 22:59:59,320 | INFO    |   RF  AUC=0.962 AP=0.942 Brier=0.063
2026-08-29 22:59:59,321 | INFO    | === set_B | MC 89/100 | seed=188 ===
2026-08-29 23:00:06,712 | INFO    |   dataset: SI=366 | NO=732 | total=1098
2026-08-29 23:00:06,722 | INFO    |   split agrupado | SU train=876 | SU test=220
2026-08-29 23:00:06,723 | INFO    |   ausencias por año: {2016: 4, 2017: 4, 2019: 2, 2020: 2, 2021: 142, 2022: 336, 2023: 132, 2024: 110}
2026-08-29 23:00:08,476 | INFO    |   LR  AUC=0.944 AP=0.900 Brier=0.080
2026-08-29 23:00:11,171 | INFO    |   GAM AUC=0.955 AP=0.916 Brier=0.074
2026-08-29 23:01:35,803 | INFO    |   RF  AUC=0.965 AP=0.929 Brier=0.067
2026-08-29 23:01:35,804 | INFO    | === set_B | MC 90/100 | seed=189 ===
2026-08-29 23:01:42,439 | INFO    |   dataset: SI=366 | NO=732 | total=1098
2026-08-29 23:01:42,449 | INFO    |   split agrupado | SU train=876 | SU test=219
2026-08-29 23:01:42,450 | INFO    |   ausencias por año: {2016: 4, 2017: 4, 2019: 2, 2020: 2, 2021: 142, 2022: 336, 2023: 131, 2024: 110}
2026-08-29 23:01:43,849 | INFO    |   LR  AUC=0.954 AP=0.922 Brier=0.080
2026-08-29 23:01:46,256 | INFO    |   GAM AUC=0.959 AP=0.929 Brier=0.074
2026-08-29 23:03:11,428 | INFO    |   RF  AUC=0.957 AP=0.927 Brier=0.080
2026-08-29 23:03:11,429 | INFO    | === set_B | MC 91/100 | seed=190 ===
2026-08-29 23:03:18,080 | INFO    |   dataset: SI=366 | NO=732 | total=1098
2026-08-29 23:03:18,090 | INFO    |   split agrupado | SU train=871 | SU test=218
2026-08-29 23:03:18,092 | INFO    |   ausencias por año: {2016: 4, 2017: 4, 2019: 2, 2020: 2, 2021: 141, 2022: 335, 2023: 132, 2024: 109}
2026-08-29 23:03:19,523 | INFO    |   LR  AUC=0.957 AP=0.870 Brier=0.067
2026-08-29 23:03:22,076 | INFO    |   GAM AUC=0.960 AP=0.871 Brier=0.066
2026-08-29 23:04:51,073 | INFO    |   RF  AUC=0.979 AP=0.953 Brier=0.055
2026-08-29 23:04:51,074 | INFO    | === set_B | MC 92/100 | seed=191 ===
2026-08-29 23:04:57,681 | INFO    |   dataset: SI=366 | NO=732 | total=1098
2026-08-29 23:04:57,691 | INFO    |   split agrupado | SU train=874 | SU test=219
2026-08-29 23:04:57,693 | INFO    |   ausencias por año: {2016: 4, 2017: 4, 2019: 2, 2020: 2, 2021: 142, 2022: 335, 2023: 132, 2024: 110}
2026-08-29 23:04:59,105 | INFO    |   LR  AUC=0.971 AP=0.945 Brier=0.062
2026-08-29 23:05:01,531 | INFO    |   GAM AUC=0.977 AP=0.958 Brier=0.055
2026-08-29 23:06:29,161 | INFO    |   RF  AUC=0.982 AP=0.965 Brier=0.056
2026-08-29 23:06:29,162 | INFO    | === set_B | MC 93/100 | seed=192 ===
2026-08-29 23:06:35,864 | INFO    |   dataset: SI=366 | NO=732 | total=1098
2026-08-29 23:06:35,874 | INFO    |   split agrupado | SU train=872 | SU test=219
2026-08-29 23:06:35,875 | INFO    |   ausencias por año: {2016: 4, 2017: 4, 2019: 2, 2020: 2, 2021: 142, 2022: 336, 2023: 132, 2024: 110}
2026-08-29 23:06:37,289 | INFO    |   LR  AUC=0.981 AP=0.973 Brier=0.053
2026-08-29 23:06:39,815 | INFO    |   GAM AUC=0.983 AP=0.975 Brier=0.051
2026-08-29 23:08:09,574 | INFO    |   RF  AUC=0.986 AP=0.978 Brier=0.054
2026-08-29 23:08:09,575 | INFO    | === set_B | MC 94/100 | seed=193 ===
2026-08-29 23:08:16,207 | INFO    |   dataset: SI=366 | NO=732 | total=1098
2026-08-29 23:08:16,217 | INFO    |   split agrupado | SU train=871 | SU test=218
2026-08-29 23:08:16,219 | INFO    |   ausencias por año: {2016: 4, 2017: 4, 2019: 2, 2020: 2, 2021: 141, 2022: 336, 2023: 132, 2024: 110}
2026-08-29 23:08:17,637 | INFO    |   LR  AUC=0.981 AP=0.966 Brier=0.050
2026-08-29 23:08:20,214 | INFO    |   GAM AUC=0.983 AP=0.969 Brier=0.048
2026-08-29 23:09:50,763 | INFO    |   RF  AUC=0.980 AP=0.965 Brier=0.057
2026-08-29 23:09:50,763 | INFO    | === set_B | MC 95/100 | seed=194 ===
2026-08-29 23:09:57,560 | INFO    |   dataset: SI=366 | NO=732 | total=1098
2026-08-29 23:09:57,571 | INFO    |   split agrupado | SU train=872 | SU test=219
2026-08-29 23:09:57,572 | INFO    |   ausencias por año: {2016: 4, 2017: 4, 2019: 2, 2020: 2, 2021: 142, 2022: 335, 2023: 132, 2024: 109}
2026-08-29 23:09:59,006 | INFO    |   LR  AUC=0.968 AP=0.947 Brier=0.058
2026-08-29 23:09:59,050 | ERROR   | run 94 falló: X data is out of domain for categorical feature 4. Expected data on [0.0, 3.0], but found data on [0.0, 4.0]
Traceback (most recent call last):
  File "/home/oisanchezp/Thesis/src/05_Chapter/mc_common.py", line 689, in run_montecarlo
    model.fit(Xdf.iloc[idx_tr], y[idx_tr], seed=seed)
  File "/home/oisanchezp/Thesis/src/05_Chapter/mc_common.py", line 516, in fit
    auc = roc_auc_score(y_val, g.predict_proba(X_val))
  File "/home/oisanchezp/geo_env/lib/python3.8/site-packages/pygam/pygam.py", line 2696, in predict_proba
    return self.predict_mu(X)
  File "/home/oisanchezp/geo_env/lib/python3.8/site-packages/pygam/pygam.py", line 435, in predict_mu
    X = check_X(
  File "/home/oisanchezp/geo_env/lib/python3.8/site-packages/pygam/utils.py", line 337, in check_X
    raise ValueError(
ValueError: X data is out of domain for categorical feature 4. Expected data on [0.0, 3.0], but found data on [0.0, 4.0]
2026-08-29 23:09:59,051 | INFO    | === set_B | MC 96/100 | seed=195 ===
2026-08-29 23:10:06,039 | INFO    |   dataset: SI=366 | NO=732 | total=1098
2026-08-29 23:10:06,051 | INFO    |   split agrupado | SU train=873 | SU test=219
2026-08-29 23:10:06,052 | INFO    |   ausencias por año: {2016: 4, 2017: 4, 2019: 2, 2020: 2, 2021: 142, 2022: 334, 2023: 132, 2024: 110}
2026-08-29 23:10:07,638 | INFO    |   LR  AUC=0.961 AP=0.937 Brier=0.067
2026-08-29 23:10:10,253 | INFO    |   GAM AUC=0.961 AP=0.939 Brier=0.066
2026-08-29 23:11:35,288 | INFO    |   RF  AUC=0.970 AP=0.946 Brier=0.064
2026-08-29 23:11:35,289 | INFO    | === set_B | MC 97/100 | seed=196 ===
2026-08-29 23:11:41,894 | INFO    |   dataset: SI=366 | NO=732 | total=1098
2026-08-29 23:11:41,904 | INFO    |   split agrupado | SU train=868 | SU test=218
2026-08-29 23:11:41,906 | INFO    |   ausencias por año: {2016: 4, 2017: 4, 2019: 2, 2020: 2, 2021: 142, 2022: 336, 2023: 132, 2024: 109}
2026-08-29 23:11:43,330 | INFO    |   LR  AUC=0.938 AP=0.921 Brier=0.074
2026-08-29 23:11:45,868 | INFO    |   GAM AUC=0.948 AP=0.930 Brier=0.074
2026-08-29 23:13:16,496 | INFO    |   RF  AUC=0.965 AP=0.951 Brier=0.061
2026-08-29 23:13:16,496 | INFO    | === set_B | MC 98/100 | seed=197 ===
2026-08-29 23:13:23,171 | INFO    |   dataset: SI=366 | NO=732 | total=1098
2026-08-29 23:13:23,180 | INFO    |   split agrupado | SU train=875 | SU test=219
2026-08-29 23:13:23,181 | INFO    |   ausencias por año: {2016: 4, 2017: 4, 2019: 2, 2020: 2, 2021: 142, 2022: 336, 2023: 132, 2024: 110}
2026-08-29 23:13:24,622 | INFO    |   LR  AUC=0.948 AP=0.859 Brier=0.077
2026-08-29 23:13:27,203 | INFO    |   GAM AUC=0.952 AP=0.875 Brier=0.072
2026-08-29 23:14:57,546 | INFO    |   RF  AUC=0.947 AP=0.927 Brier=0.070
2026-08-29 23:14:57,547 | INFO    | === set_B | MC 99/100 | seed=198 ===
2026-08-29 23:15:04,365 | INFO    |   dataset: SI=366 | NO=732 | total=1098
2026-08-29 23:15:04,375 | INFO    |   split agrupado | SU train=871 | SU test=218
2026-08-29 23:15:04,377 | INFO    |   ausencias por año: {2016: 4, 2017: 4, 2019: 2, 2020: 2, 2021: 141, 2022: 336, 2023: 132, 2024: 110}
2026-08-29 23:15:05,802 | INFO    |   LR  AUC=0.951 AP=0.911 Brier=0.076
2026-08-29 23:15:08,516 | INFO    |   GAM AUC=0.955 AP=0.922 Brier=0.073
2026-08-29 23:16:36,293 | INFO    |   RF  AUC=0.962 AP=0.929 Brier=0.067
2026-08-29 23:16:36,294 | INFO    | === set_B | MC 100/100 | seed=199 ===
2026-08-29 23:16:43,119 | INFO    |   dataset: SI=366 | NO=732 | total=1098
2026-08-29 23:16:43,128 | INFO    |   split agrupado | SU train=872 | SU test=218
2026-08-29 23:16:43,130 | INFO    |   ausencias por año: {2016: 4, 2017: 4, 2019: 2, 2020: 2, 2021: 142, 2022: 336, 2023: 132, 2024: 110}
2026-08-29 23:16:44,563 | INFO    |   LR  AUC=0.943 AP=0.865 Brier=0.084
2026-08-29 23:16:47,103 | INFO    |   GAM AUC=0.947 AP=0.873 Brier=0.081
2026-08-29 23:18:17,514 | INFO    |   RF  AUC=0.967 AP=0.929 Brier=0.073
2026-08-29 23:18:17,700 | INFO    | RESUMEN set_B (AUROC):
       median    mean     std
model                        
GAM    0.9568  0.9558  0.0144
LR     0.9530  0.9515  0.0156
RF     0.9627  0.9623  0.0124
2026-08-29 23:18:17,700 | INFO    | === set_B LISTO ===
