2026-08-27 20:12:39,807 | INFO    | ======================================================================
2026-08-27 20:12:39,807 | INFO    | INICIO set_C: 2026-08-27T20:12:39
2026-08-27 20:12:39,807 | INFO    | EXCL_DAYS_C = 0 | MATCH_TIME = True
2026-08-27 20:13:15,214 | INFO    | Slope units: 61167 | filas evento: 492
2026-08-27 20:14:44,473 | INFO    | SU ausencia elegibles (>200 m de un evento): 54540 de 60675
2026-08-27 20:14:44,624 | INFO    |   Est.    1: 2010-01-12 -> 2026-03-18 |  94.0% con dato | 1985 duplicados
2026-08-27 20:14:44,744 | INFO    |   Est.    2: 2010-01-01 -> 2026-03-18 |  90.7% con dato | 249 duplicados
2026-08-27 20:14:44,868 | INFO    |   Est.    3: 2010-01-01 -> 2026-03-18 |  89.5% con dato | 1991 duplicados
2026-08-27 20:14:44,993 | INFO    |   Est.    4: 2010-01-01 -> 2026-03-18 |  84.2% con dato | 1972 duplicados
2026-08-27 20:14:45,117 | INFO    |   Est.    5: 2010-01-01 -> 2026-03-18 |  95.7% con dato | 1991 duplicados
2026-08-27 20:14:45,242 | INFO    |   Est.    7: 2010-01-01 -> 2026-03-18 |  90.6% con dato | 1991 duplicados
2026-08-27 20:14:45,367 | INFO    |   Est.    8: 2010-01-01 -> 2026-03-18 |  89.8% con dato | 1980 duplicados
2026-08-27 20:14:45,493 | INFO    |   Est.    9: 2010-01-01 -> 2026-03-18 |  90.4% con dato | 1990 duplicados
2026-08-27 20:14:45,620 | INFO    |   Est.   10: 2010-01-01 -> 2026-03-18 |  90.8% con dato | 1990 duplicados
2026-08-27 20:14:45,745 | INFO    |   Est.   11: 2010-01-04 -> 2026-03-18 |  89.4% con dato | 1991 duplicados
2026-08-27 20:14:45,873 | INFO    |   Est.   12: 2010-01-01 -> 2026-03-18 |  91.8% con dato | 1972 duplicados
2026-08-27 20:14:46,003 | INFO    |   Est.   14: 2010-01-01 -> 2026-03-18 |  89.7% con dato | 1991 duplicados
2026-08-27 20:14:46,130 | INFO    |   Est.   15: 2010-01-01 -> 2026-03-18 |  92.8% con dato | 1991 duplicados
2026-08-27 20:14:46,257 | INFO    |   Est.   16: 2010-01-01 -> 2026-03-18 |  92.0% con dato | 1991 duplicados
2026-08-27 20:14:46,383 | INFO    |   Est.   17: 2010-01-28 -> 2026-03-18 |  93.5% con dato | 1991 duplicados
2026-08-27 20:14:46,509 | INFO    |   Est.   18: 2010-01-11 -> 2026-03-18 |  91.1% con dato | 1991 duplicados
2026-08-27 20:14:46,628 | INFO    |   Est.   19: 2010-01-11 -> 2026-03-18 |  93.5% con dato | 1991 duplicados
2026-08-27 20:14:46,757 | INFO    |   Est.   20: 2010-01-12 -> 2026-03-18 |  88.5% con dato | 1991 duplicados
2026-08-27 20:14:46,880 | INFO    |   Est.   21: 2010-01-11 -> 2026-03-18 |  91.3% con dato | 1990 duplicados
2026-08-27 20:14:47,004 | INFO    |   Est.   22: 2010-01-14 -> 2026-03-18 |  91.0% con dato | 1991 duplicados
2026-08-27 20:14:47,129 | INFO    |   Est.   23: 2010-01-10 -> 2026-03-18 |  93.5% con dato | 1973 duplicados
2026-08-27 20:14:47,255 | INFO    |   Est.   24: 2010-01-18 -> 2026-03-18 |  92.4% con dato | 1991 duplicados
2026-08-27 20:14:47,370 | INFO    |   Est.   25: 2010-01-18 -> 2026-01-07 |  77.2% con dato | 1 duplicados
2026-08-27 20:14:47,496 | INFO    |   Est.   26: 2010-01-04 -> 2026-03-18 |  83.2% con dato | 1990 duplicados
2026-08-27 20:14:47,599 | INFO    |   Est.   27: 2010-01-18 -> 2024-07-12 |  82.7% con dato | 0 duplicados
2026-08-27 20:14:47,722 | INFO    |   Est.   28: 2010-01-18 -> 2026-03-18 |  86.4% con dato | 1991 duplicados
2026-08-27 20:14:47,847 | INFO    |   Est.   29: 2010-01-18 -> 2026-03-18 |  91.9% con dato | 1991 duplicados
2026-08-27 20:14:47,972 | INFO    |   Est.   30: 2010-01-01 -> 2026-03-18 |  90.4% con dato | 1991 duplicados
2026-08-27 20:14:48,097 | INFO    |   Est.   31: 2010-01-06 -> 2026-03-18 |  87.5% con dato | 1991 duplicados
2026-08-27 20:14:48,221 | INFO    |   Est.   32: 2010-01-06 -> 2026-03-18 |  86.0% con dato | 1991 duplicados
2026-08-27 20:14:48,341 | INFO    |   Est.   33: 2010-01-28 -> 2026-03-18 |  87.2% con dato | 1991 duplicados
2026-08-27 20:14:48,464 | INFO    |   Est.   34: 2010-01-10 -> 2026-03-18 |  88.7% con dato | 1991 duplicados
2026-08-27 20:14:48,589 | INFO    |   Est.   35: 2010-01-28 -> 2026-03-18 |  93.8% con dato | 1991 duplicados
2026-08-27 20:14:48,713 | INFO    |   Est.   36: 2010-03-26 -> 2026-03-18 |  92.6% con dato | 1991 duplicados
2026-08-27 20:14:48,835 | INFO    |   Est.   37: 2010-01-28 -> 2026-03-18 |  89.5% con dato | 1991 duplicados
2026-08-27 20:14:48,958 | INFO    |   Est.   39: 2010-01-28 -> 2026-03-18 |  91.0% con dato | 1991 duplicados
2026-08-27 20:14:49,081 | INFO    |   Est.   40: 2010-02-05 -> 2026-03-18 |  92.2% con dato | 1989 duplicados
2026-08-27 20:14:49,203 | INFO    |   Est.   41: 2010-01-28 -> 2026-03-18 |  92.7% con dato | 1991 duplicados
2026-08-27 20:14:49,327 | INFO    |   Est.   42: 2010-02-05 -> 2026-03-18 |  88.9% con dato | 1991 duplicados
2026-08-27 20:14:49,446 | INFO    |   Est.   43: 2010-05-03 -> 2026-03-18 |  86.2% con dato | 1991 duplicados
2026-08-27 20:14:49,569 | INFO    |   Est.   44: 2010-04-19 -> 2026-03-18 |  83.2% con dato | 1991 duplicados
2026-08-27 20:14:49,694 | INFO    |   Est.   45: 2010-05-05 -> 2026-03-18 |  88.0% con dato | 1991 duplicados
2026-08-27 20:14:49,806 | INFO    |   Est.   46: 2010-04-28 -> 2025-05-06 |  92.9% con dato | 966 duplicados
2026-08-27 20:14:49,928 | INFO    |   Est.   47: 2010-05-03 -> 2026-03-18 |  81.9% con dato | 1991 duplicados
2026-08-27 20:14:50,050 | INFO    |   Est.   48: 2010-05-14 -> 2026-03-18 |  93.3% con dato | 1972 duplicados
2026-08-27 20:14:50,166 | INFO    |   Est.   49: 2010-09-08 -> 2026-03-18 |  85.3% con dato | 1991 duplicados
2026-08-27 20:14:50,280 | INFO    |   Est.   50: 2011-02-09 -> 2026-03-18 |  88.9% con dato | 1991 duplicados
2026-08-27 20:14:50,398 | INFO    |   Est.   51: 2011-01-17 -> 2026-03-18 |  87.8% con dato | 1972 duplicados
2026-08-27 20:14:50,516 | INFO    |   Est.   52: 2011-03-01 -> 2026-03-18 |  79.8% con dato | 1991 duplicados
2026-08-27 20:14:50,631 | INFO    |   Est.   53: 2011-01-11 -> 2026-03-18 |  92.8% con dato | 1991 duplicados
2026-08-27 20:14:50,747 | INFO    |   Est.   54: 2010-12-27 -> 2026-03-18 |  92.2% con dato | 1991 duplicados
2026-08-27 20:14:50,871 | INFO    |   Est.   55: 2010-11-04 -> 2026-03-18 |  82.7% con dato | 1991 duplicados
2026-08-27 20:14:50,979 | INFO    |   Est.   56: 2012-06-14 -> 2026-03-18 |  92.6% con dato | 1991 duplicados
2026-08-27 20:14:51,089 | INFO    |   Est.   57: 2012-03-23 -> 2026-03-18 |  89.5% con dato | 1985 duplicados
2026-08-27 20:14:51,198 | INFO    |   Est.   58: 2012-03-23 -> 2026-03-18 |  88.9% con dato | 1990 duplicados
2026-08-27 20:14:51,318 | INFO    |   Est.   60: 2012-01-01 -> 2026-03-18 |  89.7% con dato | 1991 duplicados
2026-08-27 20:14:51,426 | INFO    |   Est.   61: 2012-03-20 -> 2026-03-18 |  89.9% con dato | 1991 duplicados
2026-08-27 20:14:51,536 | INFO    |   Est.   62: 2012-03-07 -> 2026-03-18 |  88.8% con dato | 1900 duplicados
2026-08-27 20:14:51,639 | INFO    |   Est.   64: 2012-09-05 -> 2026-03-07 |  87.3% con dato | 1991 duplicados
2026-08-27 20:14:51,740 | INFO    |   Est.   65: 2012-08-09 -> 2026-03-18 |  90.5% con dato | 1990 duplicados
2026-08-27 20:14:51,844 | INFO    |   Est.   66: 2012-06-06 -> 2026-03-18 |  91.6% con dato | 1991 duplicados
2026-08-27 20:14:51,950 | INFO    |   Est.   70: 2012-06-25 -> 2026-03-18 |  93.8% con dato | 1972 duplicados
2026-08-27 20:14:52,050 | INFO    |   Est.   71: 2013-02-28 -> 2026-03-18 |  95.0% con dato | 1991 duplicados
2026-08-27 20:14:52,156 | INFO    |   Est.   72: 2012-06-25 -> 2026-03-18 |  91.0% con dato | 1991 duplicados
2026-08-27 20:14:52,254 | INFO    |   Est.   74: 2013-05-27 -> 2026-03-18 |  95.3% con dato | 1991 duplicados
2026-08-27 20:14:52,348 | INFO    |   Est.   76: 2013-07-02 -> 2026-03-18 |  94.8% con dato | 1991 duplicados
2026-08-27 20:14:52,443 | INFO    |   Est.   81: 2013-06-28 -> 2026-03-18 |  97.4% con dato | 1991 duplicados
2026-08-27 20:14:52,540 | INFO    |   Est.   88: 2013-11-14 -> 2026-03-18 |  93.4% con dato | 1991 duplicados
2026-08-27 20:14:52,627 | INFO    |   Est.   89: 2013-11-14 -> 2025-05-06 |  95.5% con dato | 525 duplicados
2026-08-27 20:14:52,713 | INFO    |   Est.  121: 2014-11-26 -> 2026-03-18 |  96.8% con dato | 1991 duplicados
2026-08-27 20:14:52,800 | INFO    |   Est.  127: 2015-04-10 -> 2026-03-18 |  92.8% con dato | 1990 duplicados
2026-08-27 20:14:52,884 | INFO    |   Est.  129: 2015-04-23 -> 2026-03-18 |  94.6% con dato | 1991 duplicados
2026-08-27 20:14:52,963 | INFO    |   Est.  146: 2015-08-18 -> 2026-03-18 |  95.8% con dato | 1991 duplicados
2026-08-27 20:14:53,041 | INFO    |   Est.  154: 2015-09-17 -> 2026-03-18 |  83.7% con dato | 1972 duplicados
2026-08-27 20:14:53,117 | INFO    |   Est.  171: 2016-01-01 -> 2026-03-18 |  80.4% con dato | 1979 duplicados
2026-08-27 20:14:53,190 | INFO    |   Est.  184: 2016-01-01 -> 2026-03-18 |  84.2% con dato | 1991 duplicados
2026-08-27 20:14:53,238 | INFO    |   Est.  189: 2018-08-18 -> 2025-03-30 |  95.5% con dato | 1 duplicados
2026-08-27 20:14:53,302 | INFO    |   Est.  193: 2017-07-18 -> 2026-03-18 |  97.6% con dato | 1991 duplicados
2026-08-27 20:14:53,404 | INFO    |   Est.  211: 2012-12-10 -> 2026-03-18 |  93.5% con dato | 1991 duplicados
2026-08-27 20:14:53,465 | INFO    |   Est.  230: 2017-08-31 -> 2026-03-18 |  97.2% con dato | 1991 duplicados
2026-08-27 20:14:53,528 | INFO    |   Est.  234: 2017-09-18 -> 2026-03-18 |  98.0% con dato | 1991 duplicados
2026-08-27 20:14:53,591 | INFO    |   Est.  241: 2017-10-20 -> 2026-03-18 |  91.7% con dato | 1991 duplicados
2026-08-27 20:14:53,651 | INFO    |   Est.  242: 2017-10-20 -> 2026-03-18 |  98.4% con dato | 1991 duplicados
2026-08-27 20:14:53,716 | INFO    |   Est.  244: 2017-10-28 -> 2026-03-18 |  97.4% con dato | 1991 duplicados
2026-08-27 20:14:53,771 | INFO    |   Est.  248: 2017-11-05 -> 2026-03-19 |  96.8% con dato | 0 duplicados
2026-08-27 20:14:53,838 | INFO    |   Est.  253: 2017-11-14 -> 2026-03-18 |  96.6% con dato | 1991 duplicados
2026-08-27 20:14:53,899 | INFO    |   Est.  261: 2017-12-01 -> 2026-03-18 |  95.4% con dato | 1991 duplicados
2026-08-27 20:14:53,950 | INFO    |   Est.  266: 2017-12-19 -> 2025-04-02 |  91.1% con dato | 1 duplicados
2026-08-27 20:14:54,013 | INFO    |   Est.  267: 2017-12-18 -> 2026-03-18 |  97.2% con dato | 1991 duplicados
2026-08-27 20:14:54,075 | INFO    |   Est.  274: 2018-01-19 -> 2026-03-18 |  98.4% con dato | 1991 duplicados
2026-08-27 20:14:54,133 | INFO    |   Est.  275: 2018-01-16 -> 2026-03-18 |  91.7% con dato | 1628 duplicados
2026-08-27 20:14:54,193 | INFO    |   Est.  278: 2018-01-31 -> 2026-03-18 |  96.0% con dato | 1991 duplicados
2026-08-27 20:14:54,254 | INFO    |   Est.  281: 2018-02-15 -> 2026-03-18 |  98.8% con dato | 1991 duplicados
2026-08-27 20:14:54,313 | INFO    |   Est.  288: 2018-03-21 -> 2026-03-18 |  97.1% con dato | 1991 duplicados
2026-08-27 20:14:54,373 | INFO    |   Est.  289: 2018-03-22 -> 2026-03-18 |  95.7% con dato | 1991 duplicados
2026-08-27 20:14:54,431 | INFO    |   Est.  295: 2018-04-23 -> 2026-03-18 |  95.3% con dato | 1991 duplicados
2026-08-27 20:14:54,489 | INFO    |   Est.  311: 2018-06-05 -> 2026-03-18 |  61.2% con dato | 1991 duplicados
2026-08-27 20:14:54,546 | INFO    |   Est.  320: 2018-06-27 -> 2026-03-18 |  97.0% con dato | 1991 duplicados
2026-08-27 20:14:54,605 | INFO    |   Est.  323: 2018-07-17 -> 2026-03-18 |  96.1% con dato | 1980 duplicados
2026-08-27 20:14:54,661 | INFO    |   Est.  324: 2018-07-17 -> 2026-03-18 |  95.1% con dato | 1991 duplicados
2026-08-27 20:14:54,719 | INFO    |   Est.  328: 2018-08-09 -> 2026-03-18 |  96.9% con dato | 1991 duplicados
2026-08-27 20:14:54,774 | INFO    |   Est.  334: 2018-09-18 -> 2026-03-18 |  96.0% con dato | 1991 duplicados
2026-08-27 20:14:54,829 | INFO    |   Est.  339: 2019-01-04 -> 2026-03-18 |  94.7% con dato | 1991 duplicados
2026-08-27 20:14:54,882 | INFO    |   Est.  352: 2019-02-01 -> 2026-03-18 |  97.7% con dato | 1991 duplicados
2026-08-27 20:14:54,935 | INFO    |   Est.  353: 2019-02-01 -> 2026-03-18 |  93.4% con dato | 1989 duplicados
2026-08-27 20:14:54,994 | INFO    |   Est.  356: 2019-03-18 -> 2026-03-18 |  98.3% con dato | 1989 duplicados
2026-08-27 20:14:55,044 | INFO    |   Est.  373: 2019-05-08 -> 2026-03-18 |  94.5% con dato | 1991 duplicados
2026-08-27 20:14:55,098 | INFO    |   Est.  376: 2019-05-15 -> 2026-03-18 |  98.0% con dato | 1991 duplicados
2026-08-27 20:14:55,148 | INFO    |   Est.  378: 2019-06-04 -> 2026-03-18 |  92.6% con dato | 1984 duplicados
2026-08-27 20:14:55,201 | INFO    |   Est.  383: 2019-06-14 -> 2026-03-18 |  96.6% con dato | 1991 duplicados
2026-08-27 20:14:55,249 | INFO    |   Est.  389: 2019-08-09 -> 2026-03-18 |  95.3% con dato | 1860 duplicados
2026-08-27 20:14:55,312 | INFO    |   Est.  392: 2019-09-09 -> 2026-03-18 |  96.7% con dato | 1991 duplicados
2026-08-27 20:14:55,369 | INFO    |   Est.  393: 2019-09-20 -> 2026-03-18 |  98.5% con dato | 1991 duplicados
2026-08-27 20:14:55,416 | INFO    |   Est.  394: 2019-09-20 -> 2026-03-18 |  95.9% con dato | 1991 duplicados
2026-08-27 20:14:55,464 | INFO    |   Est.  395: 2019-09-24 -> 2026-03-18 |  97.8% con dato | 1991 duplicados
2026-08-27 20:14:55,508 | INFO    |   Est.  418: 2019-12-26 -> 2026-03-18 |  94.9% con dato | 1991 duplicados
2026-08-27 20:14:55,558 | INFO    |   Est.  420: 2019-12-26 -> 2026-03-18 |  95.8% con dato | 1991 duplicados
2026-08-27 20:14:55,602 | INFO    |   Est.  421: 2020-01-14 -> 2026-03-18 |  98.4% con dato | 1991 duplicados
2026-08-27 20:14:55,645 | INFO    |   Est.  429: 2020-02-21 -> 2026-03-18 |  98.2% con dato | 1991 duplicados
2026-08-27 20:14:55,692 | INFO    |   Est.  432: 2020-02-27 -> 2026-03-18 |  98.5% con dato | 1990 duplicados
2026-08-27 20:14:55,737 | INFO    |   Est.  433: 2020-02-28 -> 2026-03-18 |  94.9% con dato | 1991 duplicados
2026-08-27 20:14:55,780 | INFO    |   Est.  434: 2020-03-03 -> 2026-03-18 |  97.8% con dato | 1991 duplicados
2026-08-27 20:14:55,827 | INFO    |   Est.  437: 2020-03-31 -> 2026-03-18 |  98.9% con dato | 1991 duplicados
2026-08-27 20:14:55,870 | INFO    |   Est.  445: 2020-05-11 -> 2026-03-18 |  87.6% con dato | 1991 duplicados
2026-08-27 20:14:55,916 | INFO    |   Est.  446: 2020-05-08 -> 2026-03-18 |  86.2% con dato | 1991 duplicados
2026-08-27 20:14:55,960 | INFO    |   Est.  447: 2020-05-11 -> 2026-03-18 |  98.9% con dato | 1991 duplicados
2026-08-27 20:14:56,001 | INFO    |   Est.  451: 2020-07-03 -> 2026-03-18 |  98.2% con dato | 1972 duplicados
2026-08-27 20:14:56,047 | INFO    |   Est.  456: 2020-07-31 -> 2026-03-18 |  96.5% con dato | 1991 duplicados
2026-08-27 20:14:56,085 | INFO    |   Est.  457: 2020-09-08 -> 2026-03-18 |  94.5% con dato | 1991 duplicados
2026-08-27 20:14:56,123 | INFO    |   Est.  481: 2020-12-18 -> 2026-03-18 |  97.8% con dato | 1991 duplicados
2026-08-27 20:14:56,162 | INFO    |   Est.  499: 2021-02-16 -> 2026-03-18 |  97.5% con dato | 1991 duplicados
2026-08-27 20:14:56,199 | INFO    |   Est.  515: 2021-03-12 -> 2026-03-18 |  97.4% con dato | 1990 duplicados
2026-08-27 20:14:56,235 | INFO    |   Est.  519: 2021-03-19 -> 2026-03-18 |  97.8% con dato | 1991 duplicados
2026-08-27 20:14:56,269 | INFO    |   Est.  539: 2021-06-24 -> 2026-03-18 |  92.0% con dato | 1991 duplicados
2026-08-27 20:14:56,305 | INFO    |   Est.  540: 2021-06-11 -> 2026-03-18 |  92.7% con dato | 1972 duplicados
2026-08-27 20:14:56,339 | INFO    |   Est.  543: 2021-06-29 -> 2026-03-18 |  98.6% con dato | 1989 duplicados
2026-08-27 20:14:56,371 | INFO    |   Est.  551: 2021-09-02 -> 2026-03-18 |  99.5% con dato | 1991 duplicados
2026-08-27 20:14:56,405 | INFO    |   Est.  558: 2021-09-29 -> 2026-03-18 |  99.3% con dato | 1989 duplicados
2026-08-27 20:14:56,434 | INFO    |   Est.  601: 2022-05-03 -> 2026-03-18 |  97.6% con dato | 1991 duplicados
2026-08-27 20:14:56,461 | INFO    |   Est.  607: 2022-06-08 -> 2026-03-18 |  95.5% con dato | 1990 duplicados
2026-08-27 20:14:56,485 | INFO    |   Est.  612: 2022-06-21 -> 2025-07-03 |  99.2% con dato | 1311 duplicados
2026-08-27 20:14:56,505 | INFO    |   Est.  619: 2022-06-29 -> 2025-05-06 |  94.4% con dato | 966 duplicados
2026-08-27 20:14:56,532 | INFO    |   Est.  636: 2022-11-16 -> 2026-03-18 |  98.7% con dato | 1991 duplicados
2026-08-27 20:14:56,532 | INFO    | Pluviómetros con serie: 143
2026-08-27 20:14:57,005 | INFO    | Distancia SU-pluvio ausencias (m): mediana=1959 | max=13027
2026-08-27 20:14:57,430 | INFO    |   filtro húmedo eventos: descartadas 102/492 (20.7%)
2026-08-27 20:14:57,448 | INFO    | Eventos tras filtros: 390
2026-08-27 20:14:57,495 | INFO    | Dias excluidos: 135
2026-08-27 20:15:01,367 | INFO    | Pluviómetros con fechas candidatas: 143
2026-08-27 20:15:01,367 | INFO    | Horas candidatas totales: 1711458
2026-08-27 20:15:01,370 | INFO    | Periodos (ano-mes) con eventos: 38 | rango 2016-10 a 2025-06
2026-08-27 20:15:02,223 | INFO    | Pluviometros con candidatas en periodos de evento: 143
2026-08-27 20:15:02,223 | INFO    | Periodos cubiertos por pluviometro: mediana=34 de 38
2026-08-27 20:15:02,272 | INFO    | Pool de SU ausencia utilizable: 54540 (se necesitan 780)
2026-08-27 20:15:02,272 | INFO    | === set_C | MC 1/100 | seed=100 ===
2026-08-27 20:15:03,257 | INFO    |   anos presencias: {2016: 2, 2017: 2, 2019: 1, 2020: 1, 2021: 71, 2022: 168, 2023: 66, 2024: 55, 2025: 24}
2026-08-27 20:15:03,257 | INFO    |   anos ausencias : {2016: 1, 2017: 1, 2020: 2, 2021: 135, 2022: 338, 2023: 142, 2024: 117, 2025: 44}
2026-08-27 20:15:03,259 | INFO    |   meses presencias: {1: 11, 3: 21, 4: 37, 5: 80, 6: 73, 7: 2, 8: 23, 9: 34, 10: 41, 11: 61, 12: 7}
2026-08-27 20:15:03,260 | INFO    |   meses ausencias : {1: 17, 3: 47, 4: 69, 5: 174, 6: 147, 7: 4, 8: 51, 9: 67, 10: 73, 11: 120, 12: 11}
2026-08-27 20:15:03,260 | INFO    |   dataset: SI=390 | NO=780 | total=1170
2026-08-27 20:15:03,266 | INFO    |   split agrupado | SU train=932 | SU test=234
2026-08-27 20:15:03,268 | INFO    |   ausencias por año: {2016: 1, 2017: 1, 2020: 2, 2021: 133, 2022: 336, 2023: 142, 2024: 117, 2025: 44}
2026-08-27 20:15:04,877 | INFO    |   LR  AUC=0.968 AP=0.952 Brier=0.057
2026-08-27 20:15:07,778 | INFO    |   GAM AUC=0.968 AP=0.948 Brier=0.059
2026-08-27 20:16:39,322 | INFO    |   RF  AUC=0.973 AP=0.954 Brier=0.059
2026-08-27 20:16:39,323 | INFO    | === set_C | MC 2/100 | seed=101 ===
2026-08-27 20:16:40,274 | INFO    |   anos presencias: {2016: 2, 2017: 2, 2019: 1, 2020: 1, 2021: 71, 2022: 168, 2023: 66, 2024: 55, 2025: 24}
2026-08-27 20:16:40,275 | INFO    |   anos ausencias : {2017: 1, 2019: 1, 2020: 3, 2021: 146, 2022: 337, 2023: 129, 2024: 126, 2025: 37}
2026-08-27 20:16:40,280 | INFO    |   meses presencias: {1: 11, 3: 21, 4: 37, 5: 80, 6: 73, 7: 2, 8: 23, 9: 34, 10: 41, 11: 61, 12: 7}
2026-08-27 20:16:40,280 | INFO    |   meses ausencias : {1: 17, 3: 36, 4: 85, 5: 183, 6: 147, 7: 5, 8: 43, 9: 63, 10: 69, 11: 120, 12: 12}
2026-08-27 20:16:40,281 | INFO    |   dataset: SI=390 | NO=780 | total=1170
2026-08-27 20:16:40,288 | INFO    |   split agrupado | SU train=934 | SU test=234
2026-08-27 20:16:40,290 | INFO    |   ausencias por año: {2017: 1, 2019: 1, 2020: 3, 2021: 145, 2022: 336, 2023: 129, 2024: 126, 2025: 37}
2026-08-27 20:16:41,788 | INFO    |   LR  AUC=0.963 AP=0.953 Brier=0.058
2026-08-27 20:16:44,651 | INFO    |   GAM AUC=0.965 AP=0.955 Brier=0.057
2026-08-27 20:18:15,624 | INFO    |   RF  AUC=0.977 AP=0.972 Brier=0.047
2026-08-27 20:18:15,625 | INFO    | === set_C | MC 3/100 | seed=102 ===
2026-08-27 20:18:16,538 | INFO    |   anos presencias: {2016: 2, 2017: 2, 2019: 1, 2020: 1, 2021: 71, 2022: 168, 2023: 66, 2024: 55, 2025: 24}
2026-08-27 20:18:16,539 | INFO    |   anos ausencias : {2016: 2, 2017: 3, 2019: 4, 2020: 2, 2021: 116, 2022: 325, 2023: 170, 2024: 101, 2025: 57}
2026-08-27 20:18:16,541 | INFO    |   meses presencias: {1: 11, 3: 21, 4: 37, 5: 80, 6: 73, 7: 2, 8: 23, 9: 34, 10: 41, 11: 61, 12: 7}
2026-08-27 20:18:16,541 | INFO    |   meses ausencias : {1: 26, 3: 34, 4: 87, 5: 173, 6: 133, 7: 4, 8: 46, 9: 59, 10: 76, 11: 132, 12: 10}
2026-08-27 20:18:16,542 | INFO    |   dataset: SI=390 | NO=780 | total=1170
2026-08-27 20:18:16,549 | INFO    |   split agrupado | SU train=935 | SU test=234
2026-08-27 20:18:16,550 | INFO    |   ausencias por año: {2016: 2, 2017: 3, 2019: 4, 2020: 2, 2021: 116, 2022: 325, 2023: 170, 2024: 101, 2025: 56}
2026-08-27 20:18:18,021 | INFO    |   LR  AUC=0.959 AP=0.933 Brier=0.075
2026-08-27 20:18:20,734 | INFO    |   GAM AUC=0.968 AP=0.944 Brier=0.070
2026-08-27 20:19:53,464 | INFO    |   RF  AUC=0.971 AP=0.950 Brier=0.064
2026-08-27 20:19:53,465 | INFO    | === set_C | MC 4/100 | seed=103 ===
2026-08-27 20:19:54,392 | INFO    |   anos presencias: {2016: 2, 2017: 2, 2019: 1, 2020: 1, 2021: 71, 2022: 168, 2023: 66, 2024: 55, 2025: 24}
2026-08-27 20:19:54,392 | INFO    |   anos ausencias : {2016: 4, 2017: 2, 2019: 3, 2020: 3, 2021: 129, 2022: 303, 2023: 157, 2024: 133, 2025: 46}
2026-08-27 20:19:54,394 | INFO    |   meses presencias: {1: 11, 3: 21, 4: 37, 5: 80, 6: 73, 7: 2, 8: 23, 9: 34, 10: 41, 11: 61, 12: 7}
2026-08-27 20:19:54,395 | INFO    |   meses ausencias : {1: 25, 3: 34, 4: 75, 5: 176, 6: 157, 7: 4, 8: 38, 9: 81, 10: 78, 11: 103, 12: 9}
2026-08-27 20:19:54,395 | INFO    |   dataset: SI=390 | NO=780 | total=1170
2026-08-27 20:19:54,401 | INFO    |   split agrupado | SU train=936 | SU test=234
2026-08-27 20:19:54,403 | INFO    |   ausencias por año: {2016: 4, 2017: 2, 2019: 3, 2020: 3, 2021: 129, 2022: 303, 2023: 157, 2024: 133, 2025: 46}
2026-08-27 20:19:55,912 | INFO    |   LR  AUC=0.964 AP=0.929 Brier=0.060
2026-08-27 20:19:58,609 | INFO    |   GAM AUC=0.966 AP=0.930 Brier=0.057
2026-08-27 20:21:25,428 | INFO    |   RF  AUC=0.976 AP=0.954 Brier=0.061
2026-08-27 20:21:25,429 | INFO    | === set_C | MC 5/100 | seed=104 ===
2026-08-27 20:21:26,342 | INFO    |   anos presencias: {2016: 2, 2017: 2, 2019: 1, 2020: 1, 2021: 71, 2022: 168, 2023: 66, 2024: 55, 2025: 24}
2026-08-27 20:21:26,342 | INFO    |   anos ausencias : {2016: 2, 2017: 1, 2019: 2, 2020: 2, 2021: 141, 2022: 305, 2023: 141, 2024: 137, 2025: 49}
2026-08-27 20:21:26,344 | INFO    |   meses presencias: {1: 11, 3: 21, 4: 37, 5: 80, 6: 73, 7: 2, 8: 23, 9: 34, 10: 41, 11: 61, 12: 7}
2026-08-27 20:21:26,345 | INFO    |   meses ausencias : {1: 20, 3: 51, 4: 81, 5: 161, 6: 147, 7: 4, 8: 37, 9: 72, 10: 71, 11: 127, 12: 9}
2026-08-27 20:21:26,345 | INFO    |   dataset: SI=390 | NO=780 | total=1170
2026-08-27 20:21:26,353 | INFO    |   split agrupado | SU train=932 | SU test=233
2026-08-27 20:21:26,354 | INFO    |   ausencias por año: {2016: 2, 2017: 1, 2019: 2, 2020: 2, 2021: 141, 2022: 302, 2023: 140, 2024: 137, 2025: 48}
2026-08-27 20:21:27,854 | INFO    |   LR  AUC=0.956 AP=0.935 Brier=0.064
2026-08-27 20:21:30,528 | INFO    |   GAM AUC=0.961 AP=0.941 Brier=0.061
2026-08-27 20:23:03,451 | INFO    |   RF  AUC=0.966 AP=0.949 Brier=0.060
2026-08-27 20:23:03,451 | INFO    | === set_C | MC 6/100 | seed=105 ===
2026-08-27 20:23:04,373 | INFO    |   anos presencias: {2016: 2, 2017: 2, 2019: 1, 2020: 1, 2021: 71, 2022: 168, 2023: 66, 2024: 55, 2025: 24}
2026-08-27 20:23:04,373 | INFO    |   anos ausencias : {2017: 1, 2019: 1, 2020: 2, 2021: 131, 2022: 341, 2023: 144, 2024: 115, 2025: 45}
2026-08-27 20:23:04,376 | INFO    |   meses presencias: {1: 11, 3: 21, 4: 37, 5: 80, 6: 73, 7: 2, 8: 23, 9: 34, 10: 41, 11: 61, 12: 7}
2026-08-27 20:23:04,376 | INFO    |   meses ausencias : {1: 16, 3: 46, 4: 70, 5: 153, 6: 148, 7: 2, 8: 63, 9: 64, 10: 82, 11: 126, 12: 10}
2026-08-27 20:23:04,376 | INFO    |   dataset: SI=390 | NO=780 | total=1170
2026-08-27 20:23:04,384 | INFO    |   split agrupado | SU train=935 | SU test=234
2026-08-27 20:23:04,385 | INFO    |   ausencias por año: {2017: 1, 2019: 1, 2020: 2, 2021: 131, 2022: 340, 2023: 144, 2024: 115, 2025: 45}
2026-08-27 20:23:05,865 | INFO    |   LR  AUC=0.971 AP=0.953 Brier=0.056
2026-08-27 20:23:08,555 | INFO    |   GAM AUC=0.976 AP=0.958 Brier=0.053
2026-08-27 20:24:41,614 | INFO    |   RF  AUC=0.974 AP=0.948 Brier=0.059
2026-08-27 20:24:41,615 | INFO    | === set_C | MC 7/100 | seed=106 ===
2026-08-27 20:24:42,533 | INFO    |   anos presencias: {2016: 2, 2017: 2, 2019: 1, 2020: 1, 2021: 71, 2022: 168, 2023: 66, 2024: 55, 2025: 24}
2026-08-27 20:24:42,534 | INFO    |   anos ausencias : {2019: 1, 2021: 143, 2022: 311, 2023: 158, 2024: 115, 2025: 52}
2026-08-27 20:24:42,536 | INFO    |   meses presencias: {1: 11, 3: 21, 4: 37, 5: 80, 6: 73, 7: 2, 8: 23, 9: 34, 10: 41, 11: 61, 12: 7}
2026-08-27 20:24:42,537 | INFO    |   meses ausencias : {1: 22, 3: 35, 4: 89, 5: 165, 6: 134, 7: 6, 8: 40, 9: 63, 10: 81, 11: 134, 12: 11}
2026-08-27 20:24:42,537 | INFO    |   dataset: SI=390 | NO=780 | total=1170
2026-08-27 20:24:42,544 | INFO    |   split agrupado | SU train=934 | SU test=234
2026-08-27 20:24:42,546 | INFO    |   ausencias por año: {2019: 1, 2021: 143, 2022: 311, 2023: 157, 2024: 114, 2025: 52}
2026-08-27 20:24:44,027 | INFO    |   LR  AUC=0.976 AP=0.963 Brier=0.061
2026-08-27 20:24:46,689 | INFO    |   GAM AUC=0.969 AP=0.942 Brier=0.069
2026-08-27 20:26:17,399 | INFO    |   RF  AUC=0.979 AP=0.958 Brier=0.054
2026-08-27 20:26:17,400 | INFO    | === set_C | MC 8/100 | seed=107 ===
2026-08-27 20:26:18,311 | INFO    |   anos presencias: {2016: 2, 2017: 2, 2019: 1, 2020: 1, 2021: 71, 2022: 168, 2023: 66, 2024: 55, 2025: 24}
2026-08-27 20:26:18,312 | INFO    |   anos ausencias : {2016: 2, 2017: 1, 2021: 138, 2022: 330, 2023: 142, 2024: 113, 2025: 54}
2026-08-27 20:26:18,314 | INFO    |   meses presencias: {1: 11, 3: 21, 4: 37, 5: 80, 6: 73, 7: 2, 8: 23, 9: 34, 10: 41, 11: 61, 12: 7}
2026-08-27 20:26:18,315 | INFO    |   meses ausencias : {1: 19, 3: 34, 4: 83, 5: 189, 6: 139, 7: 4, 8: 42, 9: 75, 10: 63, 11: 118, 12: 14}
2026-08-27 20:26:18,315 | INFO    |   dataset: SI=390 | NO=780 | total=1170
2026-08-27 20:26:18,323 | INFO    |   split agrupado | SU train=934 | SU test=234
2026-08-27 20:26:18,325 | INFO    |   ausencias por año: {2016: 2, 2017: 1, 2021: 138, 2022: 329, 2023: 141, 2024: 113, 2025: 54}
2026-08-27 20:26:19,806 | INFO    |   LR  AUC=0.962 AP=0.949 Brier=0.059
2026-08-27 20:26:22,534 | INFO    |   GAM AUC=0.967 AP=0.955 Brier=0.056
2026-08-27 20:27:54,614 | INFO    |   RF  AUC=0.960 AP=0.955 Brier=0.054
2026-08-27 20:27:54,615 | INFO    | === set_C | MC 9/100 | seed=108 ===
2026-08-27 20:27:55,557 | INFO    |   anos presencias: {2016: 2, 2017: 2, 2019: 1, 2020: 1, 2021: 71, 2022: 168, 2023: 66, 2024: 55, 2025: 24}
2026-08-27 20:27:55,558 | INFO    |   anos ausencias : {2016: 3, 2017: 3, 2019: 2, 2020: 2, 2021: 123, 2022: 320, 2023: 157, 2024: 116, 2025: 54}
2026-08-27 20:27:55,560 | INFO    |   meses presencias: {1: 11, 3: 21, 4: 37, 5: 80, 6: 73, 7: 2, 8: 23, 9: 34, 10: 41, 11: 61, 12: 7}
2026-08-27 20:27:55,561 | INFO    |   meses ausencias : {1: 22, 3: 54, 4: 66, 5: 183, 6: 136, 7: 3, 8: 50, 9: 61, 10: 73, 11: 122, 12: 10}
2026-08-27 20:27:55,561 | INFO    |   dataset: SI=390 | NO=780 | total=1170
2026-08-27 20:27:55,567 | INFO    |   split agrupado | SU train=936 | SU test=234
2026-08-27 20:27:55,569 | INFO    |   ausencias por año: {2016: 3, 2017: 3, 2019: 2, 2020: 2, 2021: 123, 2022: 320, 2023: 157, 2024: 116, 2025: 54}
2026-08-27 20:27:57,069 | INFO    |   LR  AUC=0.968 AP=0.951 Brier=0.049
2026-08-27 20:27:59,733 | INFO    |   GAM AUC=0.972 AP=0.949 Brier=0.052
2026-08-27 20:29:32,790 | INFO    |   RF  AUC=0.982 AP=0.964 Brier=0.050
2026-08-27 20:29:32,791 | INFO    | === set_C | MC 10/100 | seed=109 ===
2026-08-27 20:29:33,705 | INFO    |   anos presencias: {2016: 2, 2017: 2, 2019: 1, 2020: 1, 2021: 71, 2022: 168, 2023: 66, 2024: 55, 2025: 24}
2026-08-27 20:29:33,705 | INFO    |   anos ausencias : {2016: 1, 2017: 2, 2019: 2, 2020: 3, 2021: 123, 2022: 306, 2023: 138, 2024: 150, 2025: 55}
2026-08-27 20:29:33,707 | INFO    |   meses presencias: {1: 11, 3: 21, 4: 37, 5: 80, 6: 73, 7: 2, 8: 23, 9: 34, 10: 41, 11: 61, 12: 7}
2026-08-27 20:29:33,708 | INFO    |   meses ausencias : {1: 20, 3: 41, 4: 65, 5: 174, 6: 159, 7: 6, 8: 47, 9: 51, 10: 82, 11: 121, 12: 14}
2026-08-27 20:29:33,708 | INFO    |   dataset: SI=390 | NO=780 | total=1170
2026-08-27 20:29:33,715 | INFO    |   split agrupado | SU train=933 | SU test=234
2026-08-27 20:29:33,717 | INFO    |   ausencias por año: {2016: 1, 2017: 2, 2019: 2, 2020: 3, 2021: 123, 2022: 305, 2023: 137, 2024: 149, 2025: 55}
2026-08-27 20:29:35,193 | INFO    |   LR  AUC=0.962 AP=0.939 Brier=0.065
2026-08-27 20:29:37,872 | INFO    |   GAM AUC=0.963 AP=0.930 Brier=0.067
2026-08-27 20:31:05,566 | INFO    |   RF  AUC=0.974 AP=0.964 Brier=0.061
2026-08-27 20:31:05,567 | INFO    | === set_C | MC 11/100 | seed=110 ===
2026-08-27 20:31:06,546 | INFO    |   anos presencias: {2016: 2, 2017: 2, 2019: 1, 2020: 1, 2021: 71, 2022: 168, 2023: 66, 2024: 55, 2025: 24}
2026-08-27 20:31:06,547 | INFO    |   anos ausencias : {2017: 4, 2020: 3, 2021: 142, 2022: 320, 2023: 122, 2024: 144, 2025: 45}
2026-08-27 20:31:06,549 | INFO    |   meses presencias: {1: 11, 3: 21, 4: 37, 5: 80, 6: 73, 7: 2, 8: 23, 9: 34, 10: 41, 11: 61, 12: 7}
2026-08-27 20:31:06,550 | INFO    |   meses ausencias : {1: 23, 3: 48, 4: 80, 5: 171, 6: 171, 7: 8, 8: 34, 9: 49, 10: 72, 11: 115, 12: 9}
2026-08-27 20:31:06,550 | INFO    |   dataset: SI=390 | NO=780 | total=1170
2026-08-27 20:31:06,557 | INFO    |   split agrupado | SU train=936 | SU test=234
2026-08-27 20:31:06,559 | INFO    |   ausencias por año: {2017: 4, 2020: 3, 2021: 142, 2022: 320, 2023: 122, 2024: 144, 2025: 45}
2026-08-27 20:31:08,118 | INFO    |   LR  AUC=0.984 AP=0.969 Brier=0.043
2026-08-27 20:31:10,912 | INFO    |   GAM AUC=0.987 AP=0.972 Brier=0.041
2026-08-27 20:32:40,740 | INFO    |   RF  AUC=0.983 AP=0.960 Brier=0.049
2026-08-27 20:32:40,740 | INFO    | === set_C | MC 12/100 | seed=111 ===
2026-08-27 20:32:41,653 | INFO    |   anos presencias: {2016: 2, 2017: 2, 2019: 1, 2020: 1, 2021: 71, 2022: 168, 2023: 66, 2024: 55, 2025: 24}
2026-08-27 20:32:41,653 | INFO    |   anos ausencias : {2016: 2, 2020: 2, 2021: 108, 2022: 331, 2023: 150, 2024: 138, 2025: 49}
2026-08-27 20:32:41,655 | INFO    |   meses presencias: {1: 11, 3: 21, 4: 37, 5: 80, 6: 73, 7: 2, 8: 23, 9: 34, 10: 41, 11: 61, 12: 7}
2026-08-27 20:32:41,656 | INFO    |   meses ausencias : {1: 27, 3: 45, 4: 78, 5: 165, 6: 165, 7: 5, 8: 44, 9: 59, 10: 71, 11: 111, 12: 10}
2026-08-27 20:32:41,656 | INFO    |   dataset: SI=390 | NO=780 | total=1170
2026-08-27 20:32:41,664 | INFO    |   split agrupado | SU train=936 | SU test=234
2026-08-27 20:32:41,666 | INFO    |   ausencias por año: {2016: 2, 2020: 2, 2021: 108, 2022: 331, 2023: 150, 2024: 138, 2025: 49}
2026-08-27 20:32:43,449 | INFO    |   LR  AUC=0.986 AP=0.976 Brier=0.045
2026-08-27 20:32:46,646 | INFO    |   GAM AUC=0.987 AP=0.978 Brier=0.044
2026-08-27 20:34:16,443 | INFO    |   RF  AUC=0.989 AP=0.983 Brier=0.044
2026-08-27 20:34:16,443 | INFO    | === set_C | MC 13/100 | seed=112 ===
2026-08-27 20:34:17,363 | INFO    |   anos presencias: {2016: 2, 2017: 2, 2019: 1, 2020: 1, 2021: 71, 2022: 168, 2023: 66, 2024: 55, 2025: 24}
2026-08-27 20:34:17,363 | INFO    |   anos ausencias : {2017: 2, 2019: 1, 2021: 127, 2022: 346, 2023: 141, 2024: 112, 2025: 51}
2026-08-27 20:34:17,365 | INFO    |   meses presencias: {1: 11, 3: 21, 4: 37, 5: 80, 6: 73, 7: 2, 8: 23, 9: 34, 10: 41, 11: 61, 12: 7}
2026-08-27 20:34:17,366 | INFO    |   meses ausencias : {1: 17, 3: 34, 4: 87, 5: 184, 6: 127, 7: 3, 8: 41, 9: 62, 10: 72, 11: 140, 12: 13}
2026-08-27 20:34:17,366 | INFO    |   dataset: SI=390 | NO=780 | total=1170
2026-08-27 20:34:17,373 | INFO    |   split agrupado | SU train=936 | SU test=234
2026-08-27 20:34:17,375 | INFO    |   ausencias por año: {2017: 2, 2019: 1, 2021: 127, 2022: 346, 2023: 141, 2024: 112, 2025: 51}
2026-08-27 20:34:18,877 | INFO    |   LR  AUC=0.981 AP=0.957 Brier=0.051
2026-08-27 20:34:21,597 | INFO    |   GAM AUC=0.983 AP=0.960 Brier=0.049
2026-08-27 20:35:50,328 | INFO    |   RF  AUC=0.984 AP=0.966 Brier=0.049
2026-08-27 20:35:50,329 | INFO    | === set_C | MC 14/100 | seed=113 ===
2026-08-27 20:35:51,260 | INFO    |   anos presencias: {2016: 2, 2017: 2, 2019: 1, 2020: 1, 2021: 71, 2022: 168, 2023: 66, 2024: 55, 2025: 24}
2026-08-27 20:35:51,261 | INFO    |   anos ausencias : {2016: 2, 2017: 2, 2019: 1, 2020: 3, 2021: 117, 2022: 318, 2023: 151, 2024: 137, 2025: 49}
2026-08-27 20:35:51,263 | INFO    |   meses presencias: {1: 11, 3: 21, 4: 37, 5: 80, 6: 73, 7: 2, 8: 23, 9: 34, 10: 41, 11: 61, 12: 7}
2026-08-27 20:35:51,263 | INFO    |   meses ausencias : {1: 28, 3: 38, 4: 60, 5: 186, 6: 131, 7: 10, 8: 58, 9: 72, 10: 72, 11: 113, 12: 12}
2026-08-27 20:35:51,264 | INFO    |   dataset: SI=390 | NO=780 | total=1170
2026-08-27 20:35:51,271 | INFO    |   split agrupado | SU train=936 | SU test=234
2026-08-27 20:35:51,273 | INFO    |   ausencias por año: {2016: 2, 2017: 2, 2019: 1, 2020: 3, 2021: 117, 2022: 318, 2023: 151, 2024: 137, 2025: 49}
2026-08-27 20:35:52,792 | INFO    |   LR  AUC=0.954 AP=0.917 Brier=0.067
2026-08-27 20:35:55,613 | INFO    |   GAM AUC=0.958 AP=0.909 Brier=0.067
2026-08-27 20:37:24,773 | INFO    |   RF  AUC=0.984 AP=0.973 Brier=0.049
2026-08-27 20:37:24,774 | INFO    | === set_C | MC 15/100 | seed=114 ===
2026-08-27 20:37:25,721 | INFO    |   anos presencias: {2016: 2, 2017: 2, 2019: 1, 2020: 1, 2021: 71, 2022: 168, 2023: 66, 2024: 55, 2025: 24}
2026-08-27 20:37:25,722 | INFO    |   anos ausencias : {2016: 1, 2017: 5, 2019: 4, 2020: 2, 2021: 113, 2022: 318, 2023: 161, 2024: 130, 2025: 46}
2026-08-27 20:37:25,724 | INFO    |   meses presencias: {1: 11, 3: 21, 4: 37, 5: 80, 6: 73, 7: 2, 8: 23, 9: 34, 10: 41, 11: 61, 12: 7}
2026-08-27 20:37:25,725 | INFO    |   meses ausencias : {1: 24, 3: 42, 4: 71, 5: 168, 6: 156, 7: 2, 8: 30, 9: 77, 10: 80, 11: 125, 12: 5}
2026-08-27 20:37:25,725 | INFO    |   dataset: SI=390 | NO=780 | total=1170
2026-08-27 20:37:25,732 | INFO    |   split agrupado | SU train=936 | SU test=234
2026-08-27 20:37:25,734 | INFO    |   ausencias por año: {2016: 1, 2017: 5, 2019: 4, 2020: 2, 2021: 113, 2022: 318, 2023: 161, 2024: 130, 2025: 46}
2026-08-27 20:37:27,253 | INFO    |   LR  AUC=0.966 AP=0.946 Brier=0.074
2026-08-27 20:37:29,974 | INFO    |   GAM AUC=0.972 AP=0.953 Brier=0.071
2026-08-27 20:38:58,924 | INFO    |   RF  AUC=0.972 AP=0.956 Brier=0.064
2026-08-27 20:38:58,924 | INFO    | === set_C | MC 16/100 | seed=115 ===
2026-08-27 20:38:59,845 | INFO    |   anos presencias: {2016: 2, 2017: 2, 2019: 1, 2020: 1, 2021: 71, 2022: 168, 2023: 66, 2024: 55, 2025: 24}
2026-08-27 20:38:59,845 | INFO    |   anos ausencias : {2016: 1, 2019: 2, 2020: 1, 2021: 121, 2022: 325, 2023: 174, 2024: 103, 2025: 53}
2026-08-27 20:38:59,847 | INFO    |   meses presencias: {1: 11, 3: 21, 4: 37, 5: 80, 6: 73, 7: 2, 8: 23, 9: 34, 10: 41, 11: 61, 12: 7}
2026-08-27 20:38:59,848 | INFO    |   meses ausencias : {1: 35, 3: 53, 4: 78, 5: 177, 6: 129, 7: 7, 8: 41, 9: 72, 10: 66, 11: 111, 12: 11}
2026-08-27 20:38:59,848 | INFO    |   dataset: SI=390 | NO=780 | total=1170
2026-08-27 20:38:59,856 | INFO    |   split agrupado | SU train=935 | SU test=234
2026-08-27 20:38:59,857 | INFO    |   ausencias por año: {2016: 1, 2019: 2, 2020: 1, 2021: 120, 2022: 325, 2023: 174, 2024: 103, 2025: 53}
2026-08-27 20:39:01,363 | INFO    |   LR  AUC=0.966 AP=0.920 Brier=0.069
2026-08-27 20:39:04,256 | INFO    |   GAM AUC=0.967 AP=0.918 Brier=0.068
2026-08-27 20:40:30,674 | INFO    |   RF  AUC=0.982 AP=0.966 Brier=0.056
2026-08-27 20:40:30,675 | INFO    | === set_C | MC 17/100 | seed=116 ===
2026-08-27 20:40:31,599 | INFO    |   anos presencias: {2016: 2, 2017: 2, 2019: 1, 2020: 1, 2021: 71, 2022: 168, 2023: 66, 2024: 55, 2025: 24}
2026-08-27 20:40:31,600 | INFO    |   anos ausencias : {2016: 1, 2017: 1, 2019: 1, 2020: 6, 2021: 124, 2022: 321, 2023: 152, 2024: 119, 2025: 55}
2026-08-27 20:40:31,654 | INFO    |   meses presencias: {1: 11, 3: 21, 4: 37, 5: 80, 6: 73, 7: 2, 8: 23, 9: 34, 10: 41, 11: 61, 12: 7}
2026-08-27 20:40:31,655 | INFO    |   meses ausencias : {1: 27, 3: 28, 4: 72, 5: 173, 6: 155, 7: 4, 8: 51, 9: 69, 10: 67, 11: 130, 12: 4}
2026-08-27 20:40:31,655 | INFO    |   dataset: SI=390 | NO=780 | total=1170
2026-08-27 20:40:31,663 | INFO    |   split agrupado | SU train=935 | SU test=234
2026-08-27 20:40:31,665 | INFO    |   ausencias por año: {2016: 1, 2017: 1, 2019: 1, 2020: 6, 2021: 124, 2022: 321, 2023: 151, 2024: 119, 2025: 55}
2026-08-27 20:40:33,161 | INFO    |   LR  AUC=0.983 AP=0.952 Brier=0.047
2026-08-27 20:40:35,869 | INFO    |   GAM AUC=0.986 AP=0.964 Brier=0.044
2026-08-27 20:42:07,919 | INFO    |   RF  AUC=0.988 AP=0.971 Brier=0.046
2026-08-27 20:42:07,919 | INFO    | === set_C | MC 18/100 | seed=117 ===
2026-08-27 20:42:08,876 | INFO    |   anos presencias: {2016: 2, 2017: 2, 2019: 1, 2020: 1, 2021: 71, 2022: 168, 2023: 66, 2024: 55, 2025: 24}
2026-08-27 20:42:08,877 | INFO    |   anos ausencias : {2016: 2, 2017: 3, 2020: 2, 2021: 151, 2022: 311, 2023: 154, 2024: 110, 2025: 47}
2026-08-27 20:42:08,879 | INFO    |   meses presencias: {1: 11, 3: 21, 4: 37, 5: 80, 6: 73, 7: 2, 8: 23, 9: 34, 10: 41, 11: 61, 12: 7}
2026-08-27 20:42:08,879 | INFO    |   meses ausencias : {1: 26, 3: 44, 4: 71, 5: 166, 6: 135, 7: 3, 8: 44, 9: 72, 10: 72, 11: 135, 12: 12}
2026-08-27 20:42:08,880 | INFO    |   dataset: SI=390 | NO=780 | total=1170
2026-08-27 20:42:08,887 | INFO    |   split agrupado | SU train=935 | SU test=234
2026-08-27 20:42:08,889 | INFO    |   ausencias por año: {2016: 2, 2017: 3, 2020: 2, 2021: 151, 2022: 310, 2023: 154, 2024: 110, 2025: 47}
2026-08-27 20:42:10,371 | INFO    |   LR  AUC=0.975 AP=0.964 Brier=0.053
2026-08-27 20:42:13,067 | INFO    |   GAM AUC=0.974 AP=0.962 Brier=0.055
2026-08-27 20:43:45,642 | INFO    |   RF  AUC=0.972 AP=0.965 Brier=0.058
2026-08-27 20:43:45,643 | INFO    | === set_C | MC 19/100 | seed=118 ===
2026-08-27 20:43:46,615 | INFO    |   anos presencias: {2016: 2, 2017: 2, 2019: 1, 2020: 1, 2021: 71, 2022: 168, 2023: 66, 2024: 55, 2025: 24}
2026-08-27 20:43:46,615 | INFO    |   anos ausencias : {2017: 3, 2019: 1, 2020: 1, 2021: 143, 2022: 334, 2023: 130, 2024: 117, 2025: 51}
2026-08-27 20:43:46,618 | INFO    |   meses presencias: {1: 11, 3: 21, 4: 37, 5: 80, 6: 73, 7: 2, 8: 23, 9: 34, 10: 41, 11: 61, 12: 7}
2026-08-27 20:43:46,618 | INFO    |   meses ausencias : {1: 16, 3: 44, 4: 70, 5: 171, 6: 156, 7: 4, 8: 40, 9: 72, 10: 71, 11: 128, 12: 8}
2026-08-27 20:43:46,618 | INFO    |   dataset: SI=390 | NO=780 | total=1170
2026-08-27 20:43:46,626 | INFO    |   split agrupado | SU train=933 | SU test=234
2026-08-27 20:43:46,628 | INFO    |   ausencias por año: {2017: 3, 2019: 1, 2020: 1, 2021: 143, 2022: 331, 2023: 130, 2024: 117, 2025: 51}
2026-08-27 20:43:48,093 | INFO    |   LR  AUC=0.963 AP=0.957 Brier=0.058
2026-08-27 20:43:50,751 | INFO    |   GAM AUC=0.969 AP=0.962 Brier=0.056
2026-08-27 20:45:23,013 | INFO    |   RF  AUC=0.971 AP=0.960 Brier=0.063
2026-08-27 20:45:23,013 | INFO    | === set_C | MC 20/100 | seed=119 ===
2026-08-27 20:45:23,917 | INFO    |   anos presencias: {2016: 2, 2017: 2, 2019: 1, 2020: 1, 2021: 71, 2022: 168, 2023: 66, 2024: 55, 2025: 24}
2026-08-27 20:45:23,918 | INFO    |   anos ausencias : {2016: 1, 2017: 2, 2019: 5, 2020: 3, 2021: 120, 2022: 324, 2023: 143, 2024: 132, 2025: 50}
2026-08-27 20:45:23,920 | INFO    |   meses presencias: {1: 11, 3: 21, 4: 37, 5: 80, 6: 73, 7: 2, 8: 23, 9: 34, 10: 41, 11: 61, 12: 7}
2026-08-27 20:45:23,921 | INFO    |   meses ausencias : {1: 19, 3: 44, 4: 64, 5: 177, 6: 151, 7: 3, 8: 44, 9: 76, 10: 78, 11: 116, 12: 8}
2026-08-27 20:45:23,921 | INFO    |   dataset: SI=390 | NO=780 | total=1170
2026-08-27 20:45:23,927 | INFO    |   split agrupado | SU train=933 | SU test=234
2026-08-27 20:45:23,928 | INFO    |   ausencias por año: {2016: 1, 2017: 2, 2019: 5, 2020: 3, 2021: 120, 2022: 323, 2023: 143, 2024: 130, 2025: 50}
2026-08-27 20:45:25,441 | INFO    |   LR  AUC=0.971 AP=0.937 Brier=0.063
2026-08-27 20:45:28,069 | INFO    |   GAM AUC=0.974 AP=0.944 Brier=0.058
2026-08-27 20:47:00,041 | INFO    |   RF  AUC=0.984 AP=0.966 Brier=0.051
2026-08-27 20:47:00,042 | INFO    | === set_C | MC 21/100 | seed=120 ===
2026-08-27 20:47:00,943 | INFO    |   anos presencias: {2016: 2, 2017: 2, 2019: 1, 2020: 1, 2021: 71, 2022: 168, 2023: 66, 2024: 55, 2025: 24}
2026-08-27 20:47:00,943 | INFO    |   anos ausencias : {2016: 2, 2017: 2, 2019: 3, 2020: 1, 2021: 132, 2022: 347, 2023: 159, 2024: 100, 2025: 34}
2026-08-27 20:47:00,945 | INFO    |   meses presencias: {1: 11, 3: 21, 4: 37, 5: 80, 6: 73, 7: 2, 8: 23, 9: 34, 10: 41, 11: 61, 12: 7}
2026-08-27 20:47:00,946 | INFO    |   meses ausencias : {1: 33, 3: 50, 4: 68, 5: 137, 6: 131, 7: 4, 8: 45, 9: 70, 10: 90, 11: 142, 12: 10}
2026-08-27 20:47:00,946 | INFO    |   dataset: SI=390 | NO=780 | total=1170
2026-08-27 20:47:00,952 | INFO    |   split agrupado | SU train=935 | SU test=234
2026-08-27 20:47:00,954 | INFO    |   ausencias por año: {2016: 2, 2017: 2, 2019: 3, 2020: 1, 2021: 131, 2022: 347, 2023: 159, 2024: 100, 2025: 34}
2026-08-27 20:47:02,453 | INFO    |   LR  AUC=0.972 AP=0.947 Brier=0.051
2026-08-27 20:47:05,161 | INFO    |   GAM AUC=0.977 AP=0.957 Brier=0.046
2026-08-27 20:48:38,655 | INFO    |   RF  AUC=0.982 AP=0.973 Brier=0.045
2026-08-27 20:48:38,656 | INFO    | === set_C | MC 22/100 | seed=121 ===
2026-08-27 20:48:39,563 | INFO    |   anos presencias: {2016: 2, 2017: 2, 2019: 1, 2020: 1, 2021: 71, 2022: 168, 2023: 66, 2024: 55, 2025: 24}
2026-08-27 20:48:39,563 | INFO    |   anos ausencias : {2016: 1, 2017: 4, 2019: 1, 2020: 2, 2021: 136, 2022: 307, 2023: 151, 2024: 130, 2025: 48}
2026-08-27 20:48:39,566 | INFO    |   meses presencias: {1: 11, 3: 21, 4: 37, 5: 80, 6: 73, 7: 2, 8: 23, 9: 34, 10: 41, 11: 61, 12: 7}
2026-08-27 20:48:39,567 | INFO    |   meses ausencias : {1: 25, 3: 34, 4: 73, 5: 173, 6: 150, 7: 2, 8: 37, 9: 75, 10: 80, 11: 121, 12: 10}
2026-08-27 20:48:39,567 | INFO    |   dataset: SI=390 | NO=780 | total=1170
2026-08-27 20:48:39,574 | INFO    |   split agrupado | SU train=935 | SU test=234
2026-08-27 20:48:39,576 | INFO    |   ausencias por año: {2016: 1, 2017: 4, 2019: 1, 2020: 2, 2021: 136, 2022: 306, 2023: 151, 2024: 130, 2025: 48}
2026-08-27 20:48:41,066 | INFO    |   LR  AUC=0.968 AP=0.953 Brier=0.056
2026-08-27 20:48:43,739 | INFO    |   GAM AUC=0.971 AP=0.955 Brier=0.056
2026-08-27 20:50:13,975 | INFO    |   RF  AUC=0.974 AP=0.962 Brier=0.053
2026-08-27 20:50:13,975 | INFO    | === set_C | MC 23/100 | seed=122 ===
2026-08-27 20:50:14,906 | INFO    |   anos presencias: {2016: 2, 2017: 2, 2019: 1, 2020: 1, 2021: 71, 2022: 168, 2023: 66, 2024: 55, 2025: 24}
2026-08-27 20:50:14,907 | INFO    |   anos ausencias : {2016: 1, 2017: 1, 2021: 112, 2022: 352, 2023: 156, 2024: 105, 2025: 53}
2026-08-27 20:50:14,909 | INFO    |   meses presencias: {1: 11, 3: 21, 4: 37, 5: 80, 6: 73, 7: 2, 8: 23, 9: 34, 10: 41, 11: 61, 12: 7}
2026-08-27 20:50:14,909 | INFO    |   meses ausencias : {1: 23, 3: 47, 4: 79, 5: 172, 6: 145, 7: 1, 8: 53, 9: 51, 10: 77, 11: 123, 12: 9}
2026-08-27 20:50:14,910 | INFO    |   dataset: SI=390 | NO=780 | total=1170
2026-08-27 20:50:14,916 | INFO    |   split agrupado | SU train=936 | SU test=234
2026-08-27 20:50:14,918 | INFO    |   ausencias por año: {2016: 1, 2017: 1, 2021: 112, 2022: 352, 2023: 156, 2024: 105, 2025: 53}
2026-08-27 20:50:16,488 | INFO    |   LR  AUC=0.962 AP=0.936 Brier=0.067
2026-08-27 20:50:19,215 | INFO    |   GAM AUC=0.965 AP=0.940 Brier=0.065
2026-08-27 20:51:50,487 | INFO    |   RF  AUC=0.969 AP=0.958 Brier=0.057
2026-08-27 20:51:50,487 | INFO    | === set_C | MC 24/100 | seed=123 ===
2026-08-27 20:51:51,404 | INFO    |   anos presencias: {2016: 2, 2017: 2, 2019: 1, 2020: 1, 2021: 71, 2022: 168, 2023: 66, 2024: 55, 2025: 24}
2026-08-27 20:51:51,404 | INFO    |   anos ausencias : {2016: 1, 2017: 2, 2019: 2, 2020: 2, 2021: 124, 2022: 357, 2023: 142, 2024: 108, 2025: 42}
2026-08-27 20:51:51,407 | INFO    |   meses presencias: {1: 11, 3: 21, 4: 37, 5: 80, 6: 73, 7: 2, 8: 23, 9: 34, 10: 41, 11: 61, 12: 7}
2026-08-27 20:51:51,407 | INFO    |   meses ausencias : {1: 19, 3: 48, 4: 81, 5: 154, 6: 134, 7: 5, 8: 45, 9: 80, 10: 78, 11: 121, 12: 15}
2026-08-27 20:51:51,408 | INFO    |   dataset: SI=390 | NO=780 | total=1170
2026-08-27 20:51:51,415 | INFO    |   split agrupado | SU train=935 | SU test=234
2026-08-27 20:51:51,417 | INFO    |   ausencias por año: {2016: 1, 2017: 2, 2019: 2, 2020: 2, 2021: 124, 2022: 356, 2023: 142, 2024: 108, 2025: 42}
2026-08-27 20:51:52,884 | INFO    |   LR  AUC=0.972 AP=0.952 Brier=0.053
2026-08-27 20:51:55,491 | INFO    |   GAM AUC=0.975 AP=0.956 Brier=0.053
2026-08-27 20:53:28,657 | INFO    |   RF  AUC=0.978 AP=0.969 Brier=0.051
2026-08-27 20:53:28,658 | INFO    | === set_C | MC 25/100 | seed=124 ===
2026-08-27 20:53:29,562 | INFO    |   anos presencias: {2016: 2, 2017: 2, 2019: 1, 2020: 1, 2021: 71, 2022: 168, 2023: 66, 2024: 55, 2025: 24}
2026-08-27 20:53:29,562 | INFO    |   anos ausencias : {2016: 2, 2019: 2, 2021: 131, 2022: 302, 2023: 166, 2024: 133, 2025: 44}
2026-08-27 20:53:29,564 | INFO    |   meses presencias: {1: 11, 3: 21, 4: 37, 5: 80, 6: 73, 7: 2, 8: 23, 9: 34, 10: 41, 11: 61, 12: 7}
2026-08-27 20:53:29,565 | INFO    |   meses ausencias : {1: 25, 3: 52, 4: 63, 5: 184, 6: 135, 7: 4, 8: 43, 9: 74, 10: 68, 11: 119, 12: 13}
2026-08-27 20:53:29,565 | INFO    |   dataset: SI=390 | NO=780 | total=1170
2026-08-27 20:53:29,572 | INFO    |   split agrupado | SU train=934 | SU test=234
2026-08-27 20:53:29,574 | INFO    |   ausencias por año: {2016: 2, 2019: 2, 2021: 131, 2022: 302, 2023: 164, 2024: 133, 2025: 44}
2026-08-27 20:53:31,045 | INFO    |   LR  AUC=0.963 AP=0.921 Brier=0.061
2026-08-27 20:53:33,885 | INFO    |   GAM AUC=0.965 AP=0.921 Brier=0.060
2026-08-27 20:55:06,863 | INFO    |   RF  AUC=0.974 AP=0.954 Brier=0.056
2026-08-27 20:55:06,863 | INFO    | === set_C | MC 26/100 | seed=125 ===
2026-08-27 20:55:07,858 | INFO    |   anos presencias: {2016: 2, 2017: 2, 2019: 1, 2020: 1, 2021: 71, 2022: 168, 2023: 66, 2024: 55, 2025: 24}
2026-08-27 20:55:07,858 | INFO    |   anos ausencias : {2016: 3, 2020: 1, 2021: 143, 2022: 336, 2023: 143, 2024: 120, 2025: 34}
2026-08-27 20:55:07,860 | INFO    |   meses presencias: {1: 11, 3: 21, 4: 37, 5: 80, 6: 73, 7: 2, 8: 23, 9: 34, 10: 41, 11: 61, 12: 7}
2026-08-27 20:55:07,861 | INFO    |   meses ausencias : {1: 23, 3: 43, 4: 52, 5: 179, 6: 153, 7: 5, 8: 48, 9: 67, 10: 66, 11: 134, 12: 10}
2026-08-27 20:55:07,861 | INFO    |   dataset: SI=390 | NO=780 | total=1170
2026-08-27 20:55:07,868 | INFO    |   split agrupado | SU train=934 | SU test=234
2026-08-27 20:55:07,870 | INFO    |   ausencias por año: {2016: 3, 2020: 1, 2021: 142, 2022: 335, 2023: 143, 2024: 120, 2025: 34}
2026-08-27 20:55:09,331 | INFO    |   LR  AUC=0.987 AP=0.973 Brier=0.043
2026-08-27 20:55:12,039 | INFO    |   GAM AUC=0.984 AP=0.964 Brier=0.048
2026-08-27 20:56:43,168 | INFO    |   RF  AUC=0.988 AP=0.979 Brier=0.047
2026-08-27 20:56:43,168 | INFO    | === set_C | MC 27/100 | seed=126 ===
2026-08-27 20:56:44,076 | INFO    |   anos presencias: {2016: 2, 2017: 2, 2019: 1, 2020: 1, 2021: 71, 2022: 168, 2023: 66, 2024: 55, 2025: 24}
2026-08-27 20:56:44,076 | INFO    |   anos ausencias : {2016: 3, 2017: 3, 2020: 4, 2021: 145, 2022: 315, 2023: 147, 2024: 121, 2025: 42}
2026-08-27 20:56:44,078 | INFO    |   meses presencias: {1: 11, 3: 21, 4: 37, 5: 80, 6: 73, 7: 2, 8: 23, 9: 34, 10: 41, 11: 61, 12: 7}
2026-08-27 20:56:44,079 | INFO    |   meses ausencias : {1: 27, 3: 37, 4: 60, 5: 184, 6: 140, 7: 3, 8: 48, 9: 67, 10: 74, 11: 128, 12: 12}
2026-08-27 20:56:44,079 | INFO    |   dataset: SI=390 | NO=780 | total=1170
2026-08-27 20:56:44,086 | INFO    |   split agrupado | SU train=935 | SU test=234
2026-08-27 20:56:44,087 | INFO    |   ausencias por año: {2016: 3, 2017: 3, 2020: 4, 2021: 145, 2022: 314, 2023: 147, 2024: 121, 2025: 42}
2026-08-27 20:56:45,572 | INFO    |   LR  AUC=0.977 AP=0.961 Brier=0.055
2026-08-27 20:56:48,316 | INFO    |   GAM AUC=0.979 AP=0.964 Brier=0.053
2026-08-27 20:58:21,275 | INFO    |   RF  AUC=0.989 AP=0.976 Brier=0.045
2026-08-27 20:58:21,276 | INFO    | === set_C | MC 28/100 | seed=127 ===
2026-08-27 20:58:22,174 | INFO    |   anos presencias: {2016: 2, 2017: 2, 2019: 1, 2020: 1, 2021: 71, 2022: 168, 2023: 66, 2024: 55, 2025: 24}
2026-08-27 20:58:22,175 | INFO    |   anos ausencias : {2016: 2, 2017: 4, 2020: 2, 2021: 133, 2022: 337, 2023: 140, 2024: 121, 2025: 41}
2026-08-27 20:58:22,177 | INFO    |   meses presencias: {1: 11, 3: 21, 4: 37, 5: 80, 6: 73, 7: 2, 8: 23, 9: 34, 10: 41, 11: 61, 12: 7}
2026-08-27 20:58:22,178 | INFO    |   meses ausencias : {1: 22, 3: 51, 4: 71, 5: 172, 6: 157, 7: 4, 8: 57, 9: 54, 10: 75, 11: 110, 12: 7}
2026-08-27 20:58:22,178 | INFO    |   dataset: SI=390 | NO=780 | total=1170
2026-08-27 20:58:22,185 | INFO    |   split agrupado | SU train=934 | SU test=234
2026-08-27 20:58:22,186 | INFO    |   ausencias por año: {2016: 2, 2017: 4, 2020: 2, 2021: 132, 2022: 337, 2023: 140, 2024: 120, 2025: 41}
2026-08-27 20:58:23,639 | INFO    |   LR  AUC=0.974 AP=0.958 Brier=0.058
2026-08-27 20:58:26,316 | INFO    |   GAM AUC=0.978 AP=0.962 Brier=0.056
2026-08-27 20:59:59,662 | INFO    |   RF  AUC=0.978 AP=0.959 Brier=0.057
2026-08-27 20:59:59,663 | INFO    | === set_C | MC 29/100 | seed=128 ===
2026-08-27 21:00:00,563 | INFO    |   anos presencias: {2016: 2, 2017: 2, 2019: 1, 2020: 1, 2021: 71, 2022: 168, 2023: 66, 2024: 55, 2025: 24}
2026-08-27 21:00:00,563 | INFO    |   anos ausencias : {2017: 2, 2019: 1, 2020: 2, 2021: 127, 2022: 328, 2023: 166, 2024: 110, 2025: 44}
2026-08-27 21:00:00,566 | INFO    |   meses presencias: {1: 11, 3: 21, 4: 37, 5: 80, 6: 73, 7: 2, 8: 23, 9: 34, 10: 41, 11: 61, 12: 7}
2026-08-27 21:00:00,566 | INFO    |   meses ausencias : {1: 19, 3: 46, 4: 75, 5: 182, 6: 135, 7: 6, 8: 51, 9: 48, 10: 90, 11: 117, 12: 11}
2026-08-27 21:00:00,566 | INFO    |   dataset: SI=390 | NO=780 | total=1170
2026-08-27 21:00:00,573 | INFO    |   split agrupado | SU train=935 | SU test=234
2026-08-27 21:00:00,575 | INFO    |   ausencias por año: {2017: 2, 2019: 1, 2020: 2, 2021: 127, 2022: 328, 2023: 166, 2024: 109, 2025: 44}
2026-08-27 21:00:02,280 | INFO    |   LR  AUC=0.968 AP=0.959 Brier=0.053
2026-08-27 21:00:05,264 | INFO    |   GAM AUC=0.972 AP=0.964 Brier=0.049
2026-08-27 21:01:33,166 | INFO    |   RF  AUC=0.974 AP=0.972 Brier=0.048
2026-08-27 21:01:33,167 | INFO    | === set_C | MC 30/100 | seed=129 ===
2026-08-27 21:01:34,077 | INFO    |   anos presencias: {2016: 2, 2017: 2, 2019: 1, 2020: 1, 2021: 71, 2022: 168, 2023: 66, 2024: 55, 2025: 24}
2026-08-27 21:01:34,078 | INFO    |   anos ausencias : {2016: 2, 2020: 2, 2021: 139, 2022: 317, 2023: 151, 2024: 119, 2025: 50}
2026-08-27 21:01:34,080 | INFO    |   meses presencias: {1: 11, 3: 21, 4: 37, 5: 80, 6: 73, 7: 2, 8: 23, 9: 34, 10: 41, 11: 61, 12: 7}
2026-08-27 21:01:34,080 | INFO    |   meses ausencias : {1: 19, 3: 40, 4: 60, 5: 181, 6: 137, 7: 5, 8: 56, 9: 60, 10: 77, 11: 133, 12: 12}
2026-08-27 21:01:34,081 | INFO    |   dataset: SI=390 | NO=780 | total=1170
2026-08-27 21:01:34,087 | INFO    |   split agrupado | SU train=934 | SU test=234
2026-08-27 21:01:34,089 | INFO    |   ausencias por año: {2016: 2, 2020: 2, 2021: 138, 2022: 317, 2023: 150, 2024: 119, 2025: 50}
2026-08-27 21:01:35,551 | INFO    |   LR  AUC=0.962 AP=0.952 Brier=0.075
2026-08-27 21:01:38,255 | INFO    |   GAM AUC=0.966 AP=0.957 Brier=0.071
2026-08-27 21:03:11,859 | INFO    |   RF  AUC=0.971 AP=0.948 Brier=0.068
2026-08-27 21:03:11,859 | INFO    | === set_C | MC 31/100 | seed=130 ===
2026-08-27 21:03:12,767 | INFO    |   anos presencias: {2016: 2, 2017: 2, 2019: 1, 2020: 1, 2021: 71, 2022: 168, 2023: 66, 2024: 55, 2025: 24}
2026-08-27 21:03:12,768 | INFO    |   anos ausencias : {2016: 1, 2017: 2, 2019: 2, 2020: 2, 2021: 128, 2022: 320, 2023: 145, 2024: 134, 2025: 46}
2026-08-27 21:03:12,823 | INFO    |   meses presencias: {1: 11, 3: 21, 4: 37, 5: 80, 6: 73, 7: 2, 8: 23, 9: 34, 10: 41, 11: 61, 12: 7}
2026-08-27 21:03:12,824 | INFO    |   meses ausencias : {1: 27, 3: 32, 4: 75, 5: 185, 6: 144, 7: 3, 8: 52, 9: 61, 10: 56, 11: 139, 12: 6}
2026-08-27 21:03:12,824 | INFO    |   dataset: SI=390 | NO=780 | total=1170
2026-08-27 21:03:12,832 | INFO    |   split agrupado | SU train=934 | SU test=234
2026-08-27 21:03:12,833 | INFO    |   ausencias por año: {2016: 1, 2017: 2, 2019: 2, 2020: 2, 2021: 128, 2022: 319, 2023: 144, 2024: 134, 2025: 46}
2026-08-27 21:03:14,306 | INFO    |   LR  AUC=0.980 AP=0.955 Brier=0.054
2026-08-27 21:03:16,970 | INFO    |   GAM AUC=0.982 AP=0.957 Brier=0.052
2026-08-27 21:04:50,928 | INFO    |   RF  AUC=0.988 AP=0.966 Brier=0.045
2026-08-27 21:04:50,929 | INFO    | === set_C | MC 32/100 | seed=131 ===
2026-08-27 21:04:51,835 | INFO    |   anos presencias: {2016: 2, 2017: 2, 2019: 1, 2020: 1, 2021: 71, 2022: 168, 2023: 66, 2024: 55, 2025: 24}
2026-08-27 21:04:51,835 | INFO    |   anos ausencias : {2016: 3, 2017: 2, 2019: 1, 2020: 2, 2021: 137, 2022: 320, 2023: 143, 2024: 119, 2025: 53}
2026-08-27 21:04:51,838 | INFO    |   meses presencias: {1: 11, 3: 21, 4: 37, 5: 80, 6: 73, 7: 2, 8: 23, 9: 34, 10: 41, 11: 61, 12: 7}
2026-08-27 21:04:51,838 | INFO    |   meses ausencias : {1: 19, 3: 41, 4: 81, 5: 170, 6: 142, 7: 4, 8: 44, 9: 76, 10: 75, 11: 120, 12: 8}
2026-08-27 21:04:51,838 | INFO    |   dataset: SI=390 | NO=780 | total=1170
2026-08-27 21:04:51,845 | INFO    |   split agrupado | SU train=936 | SU test=234
2026-08-27 21:04:51,847 | INFO    |   ausencias por año: {2016: 3, 2017: 2, 2019: 1, 2020: 2, 2021: 137, 2022: 320, 2023: 143, 2024: 119, 2025: 53}
2026-08-27 21:04:53,321 | INFO    |   LR  AUC=0.969 AP=0.937 Brier=0.060
2026-08-27 21:04:56,042 | INFO    |   GAM AUC=0.973 AP=0.945 Brier=0.057
2026-08-27 21:06:26,951 | INFO    |   RF  AUC=0.981 AP=0.961 Brier=0.054
2026-08-27 21:06:26,952 | INFO    | === set_C | MC 33/100 | seed=132 ===
2026-08-27 21:06:27,850 | INFO    |   anos presencias: {2016: 2, 2017: 2, 2019: 1, 2020: 1, 2021: 71, 2022: 168, 2023: 66, 2024: 55, 2025: 24}
2026-08-27 21:06:27,850 | INFO    |   anos ausencias : {2017: 1, 2020: 2, 2021: 134, 2022: 314, 2023: 136, 2024: 128, 2025: 65}
2026-08-27 21:06:27,853 | INFO    |   meses presencias: {1: 11, 3: 21, 4: 37, 5: 80, 6: 73, 7: 2, 8: 23, 9: 34, 10: 41, 11: 61, 12: 7}
2026-08-27 21:06:27,853 | INFO    |   meses ausencias : {1: 17, 3: 45, 4: 80, 5: 157, 6: 140, 7: 3, 8: 40, 9: 69, 10: 76, 11: 142, 12: 11}
2026-08-27 21:06:27,853 | INFO    |   dataset: SI=390 | NO=780 | total=1170
2026-08-27 21:06:27,859 | INFO    |   split agrupado | SU train=936 | SU test=234
2026-08-27 21:06:27,863 | INFO    |   ausencias por año: {2017: 1, 2020: 2, 2021: 134, 2022: 314, 2023: 136, 2024: 128, 2025: 65}
2026-08-27 21:06:29,310 | INFO    |   LR  AUC=0.977 AP=0.951 Brier=0.056
2026-08-27 21:06:31,992 | INFO    |   GAM AUC=0.975 AP=0.945 Brier=0.058
2026-08-27 21:08:05,648 | INFO    |   RF  AUC=0.979 AP=0.945 Brier=0.057
2026-08-27 21:08:05,649 | INFO    | === set_C | MC 34/100 | seed=133 ===
2026-08-27 21:08:06,565 | INFO    |   anos presencias: {2016: 2, 2017: 2, 2019: 1, 2020: 1, 2021: 71, 2022: 168, 2023: 66, 2024: 55, 2025: 24}
2026-08-27 21:08:06,565 | INFO    |   anos ausencias : {2019: 2, 2020: 2, 2021: 123, 2022: 336, 2023: 155, 2024: 117, 2025: 45}
2026-08-27 21:08:06,568 | INFO    |   meses presencias: {1: 11, 3: 21, 4: 37, 5: 80, 6: 73, 7: 2, 8: 23, 9: 34, 10: 41, 11: 61, 12: 7}
2026-08-27 21:08:06,568 | INFO    |   meses ausencias : {1: 29, 3: 38, 4: 77, 5: 185, 6: 126, 7: 2, 8: 38, 9: 87, 10: 78, 11: 113, 12: 7}
2026-08-27 21:08:06,568 | INFO    |   dataset: SI=390 | NO=780 | total=1170
2026-08-27 21:08:06,574 | INFO    |   split agrupado | SU train=933 | SU test=234
2026-08-27 21:08:06,576 | INFO    |   ausencias por año: {2019: 2, 2020: 2, 2021: 121, 2022: 336, 2023: 154, 2024: 117, 2025: 45}
2026-08-27 21:08:08,045 | INFO    |   LR  AUC=0.977 AP=0.945 Brier=0.056
2026-08-27 21:08:10,781 | INFO    |   GAM AUC=0.973 AP=0.935 Brier=0.061
2026-08-27 21:09:44,147 | INFO    |   RF  AUC=0.979 AP=0.961 Brier=0.056
2026-08-27 21:09:44,147 | INFO    | === set_C | MC 35/100 | seed=134 ===
2026-08-27 21:09:45,057 | INFO    |   anos presencias: {2016: 2, 2017: 2, 2019: 1, 2020: 1, 2021: 71, 2022: 168, 2023: 66, 2024: 55, 2025: 24}
2026-08-27 21:09:45,058 | INFO    |   anos ausencias : {2017: 1, 2020: 1, 2021: 134, 2022: 354, 2023: 136, 2024: 106, 2025: 48}
2026-08-27 21:09:45,060 | INFO    |   meses presencias: {1: 11, 3: 21, 4: 37, 5: 80, 6: 73, 7: 2, 8: 23, 9: 34, 10: 41, 11: 61, 12: 7}
2026-08-27 21:09:45,061 | INFO    |   meses ausencias : {1: 19, 3: 58, 4: 69, 5: 173, 6: 137, 7: 6, 8: 43, 9: 69, 10: 70, 11: 131, 12: 5}
2026-08-27 21:09:45,061 | INFO    |   dataset: SI=390 | NO=780 | total=1170
2026-08-27 21:09:45,068 | INFO    |   split agrupado | SU train=933 | SU test=234
2026-08-27 21:09:45,069 | INFO    |   ausencias por año: {2017: 1, 2020: 1, 2021: 132, 2022: 353, 2023: 136, 2024: 106, 2025: 48}
2026-08-27 21:09:46,546 | INFO    |   LR  AUC=0.965 AP=0.935 Brier=0.061
2026-08-27 21:09:49,240 | INFO    |   GAM AUC=0.971 AP=0.941 Brier=0.059
2026-08-27 21:11:16,441 | INFO    |   RF  AUC=0.976 AP=0.941 Brier=0.063
2026-08-27 21:11:16,441 | INFO    | === set_C | MC 36/100 | seed=135 ===
2026-08-27 21:11:17,339 | INFO    |   anos presencias: {2016: 2, 2017: 2, 2019: 1, 2020: 1, 2021: 71, 2022: 168, 2023: 66, 2024: 55, 2025: 24}
2026-08-27 21:11:17,340 | INFO    |   anos ausencias : {2017: 3, 2019: 1, 2021: 110, 2022: 350, 2023: 146, 2024: 122, 2025: 48}
2026-08-27 21:11:17,342 | INFO    |   meses presencias: {1: 11, 3: 21, 4: 37, 5: 80, 6: 73, 7: 2, 8: 23, 9: 34, 10: 41, 11: 61, 12: 7}
2026-08-27 21:11:17,343 | INFO    |   meses ausencias : {1: 27, 3: 47, 4: 68, 5: 163, 6: 142, 7: 5, 8: 45, 9: 82, 10: 68, 11: 123, 12: 10}
2026-08-27 21:11:17,343 | INFO    |   dataset: SI=390 | NO=780 | total=1170
2026-08-27 21:11:17,351 | INFO    |   split agrupado | SU train=935 | SU test=234
2026-08-27 21:11:17,352 | INFO    |   ausencias por año: {2017: 3, 2019: 1, 2021: 110, 2022: 350, 2023: 145, 2024: 122, 2025: 48}
2026-08-27 21:11:18,803 | INFO    |   LR  AUC=0.982 AP=0.969 Brier=0.052
2026-08-27 21:11:21,436 | INFO    |   GAM AUC=0.984 AP=0.971 Brier=0.049
2026-08-27 21:12:55,548 | INFO    |   RF  AUC=0.981 AP=0.971 Brier=0.055
2026-08-27 21:12:55,549 | INFO    | === set_C | MC 37/100 | seed=136 ===
2026-08-27 21:12:56,449 | INFO    |   anos presencias: {2016: 2, 2017: 2, 2019: 1, 2020: 1, 2021: 71, 2022: 168, 2023: 66, 2024: 55, 2025: 24}
2026-08-27 21:12:56,450 | INFO    |   anos ausencias : {2017: 3, 2019: 4, 2020: 1, 2021: 130, 2022: 319, 2023: 139, 2024: 145, 2025: 39}
2026-08-27 21:12:56,452 | INFO    |   meses presencias: {1: 11, 3: 21, 4: 37, 5: 80, 6: 73, 7: 2, 8: 23, 9: 34, 10: 41, 11: 61, 12: 7}
2026-08-27 21:12:56,452 | INFO    |   meses ausencias : {1: 21, 3: 39, 4: 63, 5: 179, 6: 144, 7: 6, 8: 41, 9: 71, 10: 91, 11: 122, 12: 3}
2026-08-27 21:12:56,453 | INFO    |   dataset: SI=390 | NO=780 | total=1170
2026-08-27 21:12:56,460 | INFO    |   split agrupado | SU train=932 | SU test=233
2026-08-27 21:12:56,461 | INFO    |   ausencias por año: {2017: 3, 2019: 4, 2020: 1, 2021: 129, 2022: 318, 2023: 137, 2024: 144, 2025: 39}
2026-08-27 21:12:57,913 | INFO    |   LR  AUC=0.971 AP=0.953 Brier=0.051
2026-08-27 21:13:00,607 | INFO    |   GAM AUC=0.977 AP=0.960 Brier=0.046
2026-08-27 21:14:33,573 | INFO    |   RF  AUC=0.976 AP=0.956 Brier=0.051
2026-08-27 21:14:33,574 | INFO    | === set_C | MC 38/100 | seed=137 ===
2026-08-27 21:14:34,519 | INFO    |   anos presencias: {2016: 2, 2017: 2, 2019: 1, 2020: 1, 2021: 71, 2022: 168, 2023: 66, 2024: 55, 2025: 24}
2026-08-27 21:14:34,520 | INFO    |   anos ausencias : {2016: 1, 2017: 5, 2019: 4, 2020: 3, 2021: 131, 2022: 337, 2023: 129, 2024: 123, 2025: 47}
2026-08-27 21:14:34,522 | INFO    |   meses presencias: {1: 11, 3: 21, 4: 37, 5: 80, 6: 73, 7: 2, 8: 23, 9: 34, 10: 41, 11: 61, 12: 7}
2026-08-27 21:14:34,522 | INFO    |   meses ausencias : {1: 22, 3: 31, 4: 70, 5: 156, 6: 151, 8: 48, 9: 72, 10: 91, 11: 132, 12: 7}
2026-08-27 21:14:34,523 | INFO    |   dataset: SI=390 | NO=780 | total=1170
2026-08-27 21:14:34,529 | INFO    |   split agrupado | SU train=935 | SU test=234
2026-08-27 21:14:34,530 | INFO    |   ausencias por año: {2016: 1, 2017: 5, 2019: 4, 2020: 3, 2021: 131, 2022: 336, 2023: 129, 2024: 123, 2025: 47}
2026-08-27 21:14:35,998 | INFO    |   LR  AUC=0.973 AP=0.961 Brier=0.061
2026-08-27 21:14:38,694 | INFO    |   GAM AUC=0.975 AP=0.962 Brier=0.060
2026-08-27 21:16:09,287 | INFO    |   RF  AUC=0.980 AP=0.967 Brier=0.054
2026-08-27 21:16:09,290 | INFO    | === set_C | MC 39/100 | seed=138 ===
2026-08-27 21:16:10,188 | INFO    |   anos presencias: {2016: 2, 2017: 2, 2019: 1, 2020: 1, 2021: 71, 2022: 168, 2023: 66, 2024: 55, 2025: 24}
2026-08-27 21:16:10,189 | INFO    |   anos ausencias : {2017: 2, 2019: 3, 2020: 3, 2021: 144, 2022: 335, 2023: 135, 2024: 103, 2025: 55}
2026-08-27 21:16:10,191 | INFO    |   meses presencias: {1: 11, 3: 21, 4: 37, 5: 80, 6: 73, 7: 2, 8: 23, 9: 34, 10: 41, 11: 61, 12: 7}
2026-08-27 21:16:10,191 | INFO    |   meses ausencias : {1: 27, 3: 34, 4: 64, 5: 157, 6: 137, 7: 8, 8: 43, 9: 75, 10: 82, 11: 140, 12: 13}
2026-08-27 21:16:10,192 | INFO    |   dataset: SI=390 | NO=780 | total=1170
2026-08-27 21:16:10,198 | INFO    |   split agrupado | SU train=936 | SU test=234
2026-08-27 21:16:10,200 | INFO    |   ausencias por año: {2017: 2, 2019: 3, 2020: 3, 2021: 144, 2022: 335, 2023: 135, 2024: 103, 2025: 55}
2026-08-27 21:16:11,698 | INFO    |   LR  AUC=0.974 AP=0.970 Brier=0.052
2026-08-27 21:16:14,402 | INFO    |   GAM AUC=0.978 AP=0.976 Brier=0.047
2026-08-27 21:17:48,232 | INFO    |   RF  AUC=0.985 AP=0.977 Brier=0.050
2026-08-27 21:17:48,233 | INFO    | === set_C | MC 40/100 | seed=139 ===
2026-08-27 21:17:49,130 | INFO    |   anos presencias: {2016: 2, 2017: 2, 2019: 1, 2020: 1, 2021: 71, 2022: 168, 2023: 66, 2024: 55, 2025: 24}
2026-08-27 21:17:49,130 | INFO    |   anos ausencias : {2017: 4, 2019: 2, 2020: 5, 2021: 139, 2022: 315, 2023: 142, 2024: 125, 2025: 48}
2026-08-27 21:17:49,132 | INFO    |   meses presencias: {1: 11, 3: 21, 4: 37, 5: 80, 6: 73, 7: 2, 8: 23, 9: 34, 10: 41, 11: 61, 12: 7}
2026-08-27 21:17:49,133 | INFO    |   meses ausencias : {1: 28, 3: 51, 4: 68, 5: 160, 6: 145, 7: 4, 8: 50, 9: 64, 10: 75, 11: 121, 12: 14}
2026-08-27 21:17:49,133 | INFO    |   dataset: SI=390 | NO=780 | total=1170
2026-08-27 21:17:49,139 | INFO    |   split agrupado | SU train=935 | SU test=234
2026-08-27 21:17:49,140 | INFO    |   ausencias por año: {2017: 4, 2019: 2, 2020: 5, 2021: 138, 2022: 315, 2023: 142, 2024: 125, 2025: 48}
2026-08-27 21:17:50,612 | INFO    |   LR  AUC=0.973 AP=0.940 Brier=0.063
2026-08-27 21:17:53,277 | INFO    |   GAM AUC=0.975 AP=0.942 Brier=0.060
2026-08-27 21:19:26,590 | INFO    |   RF  AUC=0.980 AP=0.964 Brier=0.055
2026-08-27 21:19:26,590 | INFO    | === set_C | MC 41/100 | seed=140 ===
2026-08-27 21:19:27,519 | INFO    |   anos presencias: {2016: 2, 2017: 2, 2019: 1, 2020: 1, 2021: 71, 2022: 168, 2023: 66, 2024: 55, 2025: 24}
2026-08-27 21:19:27,519 | INFO    |   anos ausencias : {2016: 1, 2017: 2, 2019: 1, 2020: 4, 2021: 114, 2022: 347, 2023: 143, 2024: 122, 2025: 46}
2026-08-27 21:19:27,521 | INFO    |   meses presencias: {1: 11, 3: 21, 4: 37, 5: 80, 6: 73, 7: 2, 8: 23, 9: 34, 10: 41, 11: 61, 12: 7}
2026-08-27 21:19:27,522 | INFO    |   meses ausencias : {1: 21, 3: 42, 4: 75, 5: 169, 6: 148, 7: 2, 8: 33, 9: 77, 10: 86, 11: 119, 12: 8}
2026-08-27 21:19:27,522 | INFO    |   dataset: SI=390 | NO=780 | total=1170
2026-08-27 21:19:27,529 | INFO    |   split agrupado | SU train=936 | SU test=234
2026-08-27 21:19:27,530 | INFO    |   ausencias por año: {2016: 1, 2017: 2, 2019: 1, 2020: 4, 2021: 114, 2022: 347, 2023: 143, 2024: 122, 2025: 46}
2026-08-27 21:19:29,001 | INFO    |   LR  AUC=0.962 AP=0.888 Brier=0.066
2026-08-27 21:19:31,692 | INFO    |   GAM AUC=0.964 AP=0.896 Brier=0.064
2026-08-27 21:20:59,752 | INFO    |   RF  AUC=0.974 AP=0.955 Brier=0.059
2026-08-27 21:20:59,753 | INFO    | === set_C | MC 42/100 | seed=141 ===
2026-08-27 21:21:00,680 | INFO    |   anos presencias: {2016: 2, 2017: 2, 2019: 1, 2020: 1, 2021: 71, 2022: 168, 2023: 66, 2024: 55, 2025: 24}
2026-08-27 21:21:00,681 | INFO    |   anos ausencias : {2016: 1, 2017: 4, 2019: 1, 2020: 2, 2021: 134, 2022: 343, 2023: 137, 2024: 109, 2025: 49}
2026-08-27 21:21:00,683 | INFO    |   meses presencias: {1: 11, 3: 21, 4: 37, 5: 80, 6: 73, 7: 2, 8: 23, 9: 34, 10: 41, 11: 61, 12: 7}
2026-08-27 21:21:00,683 | INFO    |   meses ausencias : {1: 23, 3: 40, 4: 71, 5: 175, 6: 144, 7: 2, 8: 62, 9: 68, 10: 73, 11: 112, 12: 10}
2026-08-27 21:21:00,684 | INFO    |   dataset: SI=390 | NO=780 | total=1170
2026-08-27 21:21:00,691 | INFO    |   split agrupado | SU train=935 | SU test=234
2026-08-27 21:21:00,693 | INFO    |   ausencias por año: {2016: 1, 2017: 4, 2019: 1, 2020: 2, 2021: 134, 2022: 342, 2023: 137, 2024: 109, 2025: 49}
2026-08-27 21:21:02,238 | INFO    |   LR  AUC=0.977 AP=0.968 Brier=0.052
2026-08-27 21:21:05,093 | INFO    |   GAM AUC=0.976 AP=0.966 Brier=0.053
2026-08-27 21:22:38,020 | INFO    |   RF  AUC=0.972 AP=0.958 Brier=0.058
2026-08-27 21:22:38,021 | INFO    | === set_C | MC 43/100 | seed=142 ===
2026-08-27 21:22:38,930 | INFO    |   anos presencias: {2016: 2, 2017: 2, 2019: 1, 2020: 1, 2021: 71, 2022: 168, 2023: 66, 2024: 55, 2025: 24}
2026-08-27 21:22:38,931 | INFO    |   anos ausencias : {2016: 2, 2017: 2, 2019: 2, 2020: 2, 2021: 106, 2022: 344, 2023: 141, 2024: 135, 2025: 46}
2026-08-27 21:22:38,933 | INFO    |   meses presencias: {1: 11, 3: 21, 4: 37, 5: 80, 6: 73, 7: 2, 8: 23, 9: 34, 10: 41, 11: 61, 12: 7}
2026-08-27 21:22:38,934 | INFO    |   meses ausencias : {1: 22, 3: 38, 4: 72, 5: 164, 6: 158, 7: 3, 8: 52, 9: 69, 10: 70, 11: 121, 12: 11}
2026-08-27 21:22:38,934 | INFO    |   dataset: SI=390 | NO=780 | total=1170
2026-08-27 21:22:38,940 | INFO    |   split agrupado | SU train=935 | SU test=234
2026-08-27 21:22:38,942 | INFO    |   ausencias por año: {2016: 2, 2017: 2, 2019: 2, 2020: 2, 2021: 106, 2022: 344, 2023: 140, 2024: 135, 2025: 46}
2026-08-27 21:22:40,428 | INFO    |   LR  AUC=0.976 AP=0.968 Brier=0.052
2026-08-27 21:22:43,000 | INFO    |   GAM AUC=0.976 AP=0.967 Brier=0.050
2026-08-27 21:24:15,697 | INFO    |   RF  AUC=0.968 AP=0.958 Brier=0.057
2026-08-27 21:24:15,697 | INFO    | === set_C | MC 44/100 | seed=143 ===
2026-08-27 21:24:16,594 | INFO    |   anos presencias: {2016: 2, 2017: 2, 2019: 1, 2020: 1, 2021: 71, 2022: 168, 2023: 66, 2024: 55, 2025: 24}
2026-08-27 21:24:16,595 | INFO    |   anos ausencias : {2016: 2, 2019: 5, 2020: 1, 2021: 136, 2022: 319, 2023: 146, 2024: 117, 2025: 54}
2026-08-27 21:24:16,600 | INFO    |   meses presencias: {1: 11, 3: 21, 4: 37, 5: 80, 6: 73, 7: 2, 8: 23, 9: 34, 10: 41, 11: 61, 12: 7}
2026-08-27 21:24:16,600 | INFO    |   meses ausencias : {1: 25, 3: 39, 4: 76, 5: 170, 6: 136, 7: 4, 8: 46, 9: 84, 10: 67, 11: 124, 12: 9}
2026-08-27 21:24:16,601 | INFO    |   dataset: SI=390 | NO=780 | total=1170
2026-08-27 21:24:16,607 | INFO    |   split agrupado | SU train=935 | SU test=234
2026-08-27 21:24:16,608 | INFO    |   ausencias por año: {2016: 2, 2019: 5, 2020: 1, 2021: 136, 2022: 318, 2023: 146, 2024: 117, 2025: 54}
2026-08-27 21:24:18,117 | INFO    |   LR  AUC=0.987 AP=0.976 Brier=0.038
2026-08-27 21:24:20,777 | INFO    |   GAM AUC=0.988 AP=0.977 Brier=0.039
2026-08-27 21:25:52,757 | INFO    |   RF  AUC=0.987 AP=0.980 Brier=0.036
2026-08-27 21:25:52,758 | INFO    | === set_C | MC 45/100 | seed=144 ===
2026-08-27 21:25:53,674 | INFO    |   anos presencias: {2016: 2, 2017: 2, 2019: 1, 2020: 1, 2021: 71, 2022: 168, 2023: 66, 2024: 55, 2025: 24}
2026-08-27 21:25:53,674 | INFO    |   anos ausencias : {2016: 1, 2017: 2, 2019: 5, 2021: 121, 2022: 318, 2023: 149, 2024: 130, 2025: 54}
2026-08-27 21:25:53,677 | INFO    |   meses presencias: {1: 11, 3: 21, 4: 37, 5: 80, 6: 73, 7: 2, 8: 23, 9: 34, 10: 41, 11: 61, 12: 7}
2026-08-27 21:25:53,677 | INFO    |   meses ausencias : {1: 28, 3: 37, 4: 75, 5: 173, 6: 142, 7: 6, 8: 39, 9: 53, 10: 90, 11: 130, 12: 7}
2026-08-27 21:25:53,677 | INFO    |   dataset: SI=390 | NO=780 | total=1170
2026-08-27 21:25:53,683 | INFO    |   split agrupado | SU train=935 | SU test=234
2026-08-27 21:25:53,685 | INFO    |   ausencias por año: {2016: 1, 2017: 2, 2019: 5, 2021: 121, 2022: 317, 2023: 149, 2024: 130, 2025: 54}
2026-08-27 21:25:55,178 | INFO    |   LR  AUC=0.982 AP=0.965 Brier=0.047
2026-08-27 21:25:57,802 | INFO    |   GAM AUC=0.982 AP=0.965 Brier=0.044
2026-08-27 21:27:30,521 | INFO    |   RF  AUC=0.989 AP=0.982 Brier=0.046
2026-08-27 21:27:30,521 | INFO    | === set_C | MC 46/100 | seed=145 ===
2026-08-27 21:27:31,432 | INFO    |   anos presencias: {2016: 2, 2017: 2, 2019: 1, 2020: 1, 2021: 71, 2022: 168, 2023: 66, 2024: 55, 2025: 24}
2026-08-27 21:27:31,432 | INFO    |   anos ausencias : {2016: 2, 2017: 1, 2019: 1, 2021: 143, 2022: 319, 2023: 147, 2024: 118, 2025: 49}
2026-08-27 21:27:31,435 | INFO    |   meses presencias: {1: 11, 3: 21, 4: 37, 5: 80, 6: 73, 7: 2, 8: 23, 9: 34, 10: 41, 11: 61, 12: 7}
2026-08-27 21:27:31,435 | INFO    |   meses ausencias : {1: 20, 3: 48, 4: 69, 5: 182, 6: 124, 7: 5, 8: 41, 9: 65, 10: 81, 11: 134, 12: 11}
2026-08-27 21:27:31,436 | INFO    |   dataset: SI=390 | NO=780 | total=1170
2026-08-27 21:27:31,442 | INFO    |   split agrupado | SU train=934 | SU test=234
2026-08-27 21:27:31,488 | INFO    |   ausencias por año: {2016: 2, 2017: 1, 2019: 1, 2021: 143, 2022: 318, 2023: 146, 2024: 118, 2025: 49}
2026-08-27 21:27:33,007 | INFO    |   LR  AUC=0.983 AP=0.958 Brier=0.047
2026-08-27 21:27:35,639 | INFO    |   GAM AUC=0.986 AP=0.966 Brier=0.042
2026-08-27 21:29:09,238 | INFO    |   RF  AUC=0.984 AP=0.964 Brier=0.045
2026-08-27 21:29:09,239 | INFO    | === set_C | MC 47/100 | seed=146 ===
2026-08-27 21:29:10,131 | INFO    |   anos presencias: {2016: 2, 2017: 2, 2019: 1, 2020: 1, 2021: 71, 2022: 168, 2023: 66, 2024: 55, 2025: 24}
2026-08-27 21:29:10,132 | INFO    |   anos ausencias : {2016: 1, 2017: 2, 2019: 1, 2020: 1, 2021: 149, 2022: 336, 2023: 122, 2024: 115, 2025: 53}
2026-08-27 21:29:10,134 | INFO    |   meses presencias: {1: 11, 3: 21, 4: 37, 5: 80, 6: 73, 7: 2, 8: 23, 9: 34, 10: 41, 11: 61, 12: 7}
2026-08-27 21:29:10,135 | INFO    |   meses ausencias : {1: 24, 3: 35, 4: 77, 5: 166, 6: 152, 7: 2, 8: 49, 9: 67, 10: 70, 11: 132, 12: 6}
2026-08-27 21:29:10,135 | INFO    |   dataset: SI=390 | NO=780 | total=1170
2026-08-27 21:29:10,141 | INFO    |   split agrupado | SU train=936 | SU test=234
2026-08-27 21:29:10,142 | INFO    |   ausencias por año: {2016: 1, 2017: 2, 2019: 1, 2020: 1, 2021: 149, 2022: 336, 2023: 122, 2024: 115, 2025: 53}
2026-08-27 21:29:11,605 | INFO    |   LR  AUC=0.954 AP=0.932 Brier=0.069
2026-08-27 21:29:14,283 | INFO    |   GAM AUC=0.954 AP=0.925 Brier=0.072
2026-08-27 21:30:42,767 | INFO    |   RF  AUC=0.964 AP=0.954 Brier=0.062
2026-08-27 21:30:42,768 | INFO    | === set_C | MC 48/100 | seed=147 ===
2026-08-27 21:30:43,677 | INFO    |   anos presencias: {2016: 2, 2017: 2, 2019: 1, 2020: 1, 2021: 71, 2022: 168, 2023: 66, 2024: 55, 2025: 24}
2026-08-27 21:30:43,678 | INFO    |   anos ausencias : {2016: 2, 2017: 4, 2019: 3, 2020: 1, 2021: 143, 2022: 290, 2023: 158, 2024: 135, 2025: 44}
2026-08-27 21:30:43,680 | INFO    |   meses presencias: {1: 11, 3: 21, 4: 37, 5: 80, 6: 73, 7: 2, 8: 23, 9: 34, 10: 41, 11: 61, 12: 7}
2026-08-27 21:30:43,680 | INFO    |   meses ausencias : {1: 22, 3: 33, 4: 71, 5: 176, 6: 161, 7: 2, 8: 43, 9: 59, 10: 79, 11: 120, 12: 14}
2026-08-27 21:30:43,681 | INFO    |   dataset: SI=390 | NO=780 | total=1170
2026-08-27 21:30:43,690 | INFO    |   split agrupado | SU train=933 | SU test=234
2026-08-27 21:30:43,691 | INFO    |   ausencias por año: {2016: 2, 2017: 4, 2019: 3, 2020: 1, 2021: 143, 2022: 289, 2023: 158, 2024: 133, 2025: 44}
2026-08-27 21:30:45,176 | INFO    |   LR  AUC=0.978 AP=0.974 Brier=0.043
2026-08-27 21:30:47,843 | INFO    |   GAM AUC=0.979 AP=0.975 Brier=0.042
2026-08-27 21:32:19,856 | INFO    |   RF  AUC=0.973 AP=0.971 Brier=0.049
2026-08-27 21:32:19,857 | INFO    | === set_C | MC 49/100 | seed=148 ===
2026-08-27 21:32:20,766 | INFO    |   anos presencias: {2016: 2, 2017: 2, 2019: 1, 2020: 1, 2021: 71, 2022: 168, 2023: 66, 2024: 55, 2025: 24}
2026-08-27 21:32:20,766 | INFO    |   anos ausencias : {2016: 1, 2017: 3, 2019: 3, 2021: 139, 2022: 309, 2023: 153, 2024: 134, 2025: 38}
2026-08-27 21:32:20,768 | INFO    |   meses presencias: {1: 11, 3: 21, 4: 37, 5: 80, 6: 73, 7: 2, 8: 23, 9: 34, 10: 41, 11: 61, 12: 7}
2026-08-27 21:32:20,769 | INFO    |   meses ausencias : {1: 19, 3: 40, 4: 56, 5: 188, 6: 164, 7: 3, 8: 38, 9: 58, 10: 80, 11: 122, 12: 12}
2026-08-27 21:32:20,769 | INFO    |   dataset: SI=390 | NO=780 | total=1170
2026-08-27 21:32:20,776 | INFO    |   split agrupado | SU train=934 | SU test=234
2026-08-27 21:32:20,778 | INFO    |   ausencias por año: {2016: 1, 2017: 3, 2019: 3, 2021: 139, 2022: 308, 2023: 153, 2024: 133, 2025: 38}
2026-08-27 21:32:22,231 | INFO    |   LR  AUC=0.961 AP=0.954 Brier=0.049
2026-08-27 21:32:24,818 | INFO    |   GAM AUC=0.968 AP=0.959 Brier=0.045
2026-08-27 21:33:58,402 | INFO    |   RF  AUC=0.971 AP=0.970 Brier=0.049
2026-08-27 21:33:58,403 | INFO    | === set_C | MC 50/100 | seed=149 ===
2026-08-27 21:33:59,301 | INFO    |   anos presencias: {2016: 2, 2017: 2, 2019: 1, 2020: 1, 2021: 71, 2022: 168, 2023: 66, 2024: 55, 2025: 24}
2026-08-27 21:33:59,301 | INFO    |   anos ausencias : {2016: 1, 2019: 2, 2020: 3, 2021: 133, 2022: 325, 2023: 149, 2024: 115, 2025: 52}
2026-08-27 21:33:59,303 | INFO    |   meses presencias: {1: 11, 3: 21, 4: 37, 5: 80, 6: 73, 7: 2, 8: 23, 9: 34, 10: 41, 11: 61, 12: 7}
2026-08-27 21:33:59,304 | INFO    |   meses ausencias : {1: 19, 3: 31, 4: 71, 5: 159, 6: 139, 7: 5, 8: 46, 9: 67, 10: 77, 11: 159, 12: 7}
2026-08-27 21:33:59,304 | INFO    |   dataset: SI=390 | NO=780 | total=1170
2026-08-27 21:33:59,310 | INFO    |   split agrupado | SU train=933 | SU test=234
2026-08-27 21:33:59,311 | INFO    |   ausencias por año: {2016: 1, 2019: 2, 2020: 3, 2021: 132, 2022: 324, 2023: 149, 2024: 114, 2025: 52}
2026-08-27 21:34:00,784 | INFO    |   LR  AUC=0.966 AP=0.933 Brier=0.061
2026-08-27 21:34:03,561 | INFO    |   GAM AUC=0.971 AP=0.942 Brier=0.058
2026-08-27 21:35:36,332 | INFO    |   RF  AUC=0.974 AP=0.956 Brier=0.058
2026-08-27 21:35:36,333 | INFO    | === set_C | MC 51/100 | seed=150 ===
2026-08-27 21:35:37,229 | INFO    |   anos presencias: {2016: 2, 2017: 2, 2019: 1, 2020: 1, 2021: 71, 2022: 168, 2023: 66, 2024: 55, 2025: 24}
2026-08-27 21:35:37,230 | INFO    |   anos ausencias : {2017: 3, 2020: 2, 2021: 130, 2022: 355, 2023: 152, 2024: 109, 2025: 29}
2026-08-27 21:35:37,233 | INFO    |   meses presencias: {1: 11, 3: 21, 4: 37, 5: 80, 6: 73, 7: 2, 8: 23, 9: 34, 10: 41, 11: 61, 12: 7}
2026-08-27 21:35:37,233 | INFO    |   meses ausencias : {1: 33, 3: 38, 4: 69, 5: 156, 6: 157, 7: 6, 8: 49, 9: 49, 10: 80, 11: 131, 12: 12}
2026-08-27 21:35:37,233 | INFO    |   dataset: SI=390 | NO=780 | total=1170
2026-08-27 21:35:37,240 | INFO    |   split agrupado | SU train=935 | SU test=234
2026-08-27 21:35:37,242 | INFO    |   ausencias por año: {2017: 3, 2020: 2, 2021: 130, 2022: 354, 2023: 152, 2024: 109, 2025: 29}
2026-08-27 21:35:38,689 | INFO    |   LR  AUC=0.954 AP=0.913 Brier=0.073
2026-08-27 21:35:41,357 | INFO    |   GAM AUC=0.959 AP=0.922 Brier=0.071
2026-08-27 21:37:12,889 | INFO    |   RF  AUC=0.969 AP=0.961 Brier=0.059
2026-08-27 21:37:12,890 | INFO    | === set_C | MC 52/100 | seed=151 ===
2026-08-27 21:37:13,784 | INFO    |   anos presencias: {2016: 2, 2017: 2, 2019: 1, 2020: 1, 2021: 71, 2022: 168, 2023: 66, 2024: 55, 2025: 24}
2026-08-27 21:37:13,785 | INFO    |   anos ausencias : {2019: 2, 2020: 5, 2021: 131, 2022: 305, 2023: 134, 2024: 138, 2025: 65}
2026-08-27 21:37:13,787 | INFO    |   meses presencias: {1: 11, 3: 21, 4: 37, 5: 80, 6: 73, 7: 2, 8: 23, 9: 34, 10: 41, 11: 61, 12: 7}
2026-08-27 21:37:13,787 | INFO    |   meses ausencias : {1: 14, 3: 34, 4: 80, 5: 173, 6: 148, 7: 7, 8: 49, 9: 65, 10: 72, 11: 129, 12: 9}
2026-08-27 21:37:13,788 | INFO    |   dataset: SI=390 | NO=780 | total=1170
2026-08-27 21:37:13,795 | INFO    |   split agrupado | SU train=935 | SU test=234
2026-08-27 21:37:13,796 | INFO    |   ausencias por año: {2019: 2, 2020: 5, 2021: 131, 2022: 305, 2023: 133, 2024: 138, 2025: 65}
2026-08-27 21:37:15,251 | INFO    |   LR  AUC=0.948 AP=0.851 Brier=0.080
2026-08-27 21:37:17,884 | INFO    |   GAM AUC=0.952 AP=0.851 Brier=0.078
2026-08-27 21:38:51,574 | INFO    |   RF  AUC=0.962 AP=0.871 Brier=0.067
2026-08-27 21:38:51,574 | INFO    | === set_C | MC 53/100 | seed=152 ===
2026-08-27 21:38:52,477 | INFO    |   anos presencias: {2016: 2, 2017: 2, 2019: 1, 2020: 1, 2021: 71, 2022: 168, 2023: 66, 2024: 55, 2025: 24}
2026-08-27 21:38:52,478 | INFO    |   anos ausencias : {2016: 2, 2017: 1, 2019: 1, 2020: 4, 2021: 132, 2022: 331, 2023: 142, 2024: 123, 2025: 44}
2026-08-27 21:38:52,480 | INFO    |   meses presencias: {1: 11, 3: 21, 4: 37, 5: 80, 6: 73, 7: 2, 8: 23, 9: 34, 10: 41, 11: 61, 12: 7}
2026-08-27 21:38:52,480 | INFO    |   meses ausencias : {1: 18, 3: 42, 4: 61, 5: 172, 6: 150, 7: 6, 8: 56, 9: 71, 10: 71, 11: 121, 12: 12}
2026-08-27 21:38:52,481 | INFO    |   dataset: SI=390 | NO=780 | total=1170
2026-08-27 21:38:52,486 | INFO    |   split agrupado | SU train=935 | SU test=234
2026-08-27 21:38:52,488 | INFO    |   ausencias por año: {2016: 2, 2017: 1, 2019: 1, 2020: 4, 2021: 132, 2022: 330, 2023: 142, 2024: 123, 2025: 44}
2026-08-27 21:38:53,956 | INFO    |   LR  AUC=0.991 AP=0.980 Brier=0.039
2026-08-27 21:38:56,564 | INFO    |   GAM AUC=0.992 AP=0.984 Brier=0.037
2026-08-27 21:40:25,784 | INFO    |   RF  AUC=0.986 AP=0.967 Brier=0.047
2026-08-27 21:40:25,786 | INFO    | === set_C | MC 54/100 | seed=153 ===
2026-08-27 21:40:26,704 | INFO    |   anos presencias: {2016: 2, 2017: 2, 2019: 1, 2020: 1, 2021: 71, 2022: 168, 2023: 66, 2024: 55, 2025: 24}
2026-08-27 21:40:26,705 | INFO    |   anos ausencias : {2016: 2, 2017: 5, 2019: 3, 2020: 2, 2021: 138, 2022: 290, 2023: 152, 2024: 135, 2025: 53}
2026-08-27 21:40:26,707 | INFO    |   meses presencias: {1: 11, 3: 21, 4: 37, 5: 80, 6: 73, 7: 2, 8: 23, 9: 34, 10: 41, 11: 61, 12: 7}
2026-08-27 21:40:26,707 | INFO    |   meses ausencias : {1: 20, 3: 37, 4: 79, 5: 167, 6: 150, 7: 3, 8: 39, 9: 57, 10: 73, 11: 139, 12: 16}
2026-08-27 21:40:26,708 | INFO    |   dataset: SI=390 | NO=780 | total=1170
2026-08-27 21:40:26,716 | INFO    |   split agrupado | SU train=935 | SU test=234
2026-08-27 21:40:26,717 | INFO    |   ausencias por año: {2016: 2, 2017: 5, 2019: 3, 2020: 2, 2021: 138, 2022: 290, 2023: 151, 2024: 135, 2025: 53}
2026-08-27 21:40:28,200 | INFO    |   LR  AUC=0.950 AP=0.895 Brier=0.073
2026-08-27 21:40:30,762 | INFO    |   GAM AUC=0.955 AP=0.904 Brier=0.072
2026-08-27 21:42:02,926 | INFO    |   RF  AUC=0.960 AP=0.938 Brier=0.072
2026-08-27 21:42:02,927 | INFO    | === set_C | MC 55/100 | seed=154 ===
2026-08-27 21:42:03,857 | INFO    |   anos presencias: {2016: 2, 2017: 2, 2019: 1, 2020: 1, 2021: 71, 2022: 168, 2023: 66, 2024: 55, 2025: 24}
2026-08-27 21:42:03,858 | INFO    |   anos ausencias : {2016: 2, 2017: 1, 2019: 1, 2020: 2, 2021: 127, 2022: 323, 2023: 147, 2024: 124, 2025: 53}
2026-08-27 21:42:03,860 | INFO    |   meses presencias: {1: 11, 3: 21, 4: 37, 5: 80, 6: 73, 7: 2, 8: 23, 9: 34, 10: 41, 11: 61, 12: 7}
2026-08-27 21:42:03,860 | INFO    |   meses ausencias : {1: 29, 3: 36, 4: 72, 5: 170, 6: 134, 7: 5, 8: 53, 9: 82, 10: 76, 11: 111, 12: 12}
2026-08-27 21:42:03,861 | INFO    |   dataset: SI=390 | NO=780 | total=1170
2026-08-27 21:42:03,868 | INFO    |   split agrupado | SU train=936 | SU test=234
2026-08-27 21:42:03,872 | INFO    |   ausencias por año: {2016: 2, 2017: 1, 2019: 1, 2020: 2, 2021: 127, 2022: 323, 2023: 147, 2024: 124, 2025: 53}
2026-08-27 21:42:05,309 | INFO    |   LR  AUC=0.957 AP=0.920 Brier=0.060
2026-08-27 21:42:07,826 | INFO    |   GAM AUC=0.962 AP=0.930 Brier=0.059
2026-08-27 21:43:41,732 | INFO    |   RF  AUC=0.956 AP=0.940 Brier=0.064
2026-08-27 21:43:41,733 | INFO    | === set_C | MC 56/100 | seed=155 ===
2026-08-27 21:43:42,639 | INFO    |   anos presencias: {2016: 2, 2017: 2, 2019: 1, 2020: 1, 2021: 71, 2022: 168, 2023: 66, 2024: 55, 2025: 24}
2026-08-27 21:43:42,639 | INFO    |   anos ausencias : {2017: 2, 2019: 1, 2020: 1, 2021: 145, 2022: 311, 2023: 165, 2024: 112, 2025: 43}
2026-08-27 21:43:42,641 | INFO    |   meses presencias: {1: 11, 3: 21, 4: 37, 5: 80, 6: 73, 7: 2, 8: 23, 9: 34, 10: 41, 11: 61, 12: 7}
2026-08-27 21:43:42,642 | INFO    |   meses ausencias : {1: 26, 3: 44, 4: 71, 5: 175, 6: 139, 7: 6, 8: 45, 9: 70, 10: 73, 11: 119, 12: 12}
2026-08-27 21:43:42,642 | INFO    |   dataset: SI=390 | NO=780 | total=1170
2026-08-27 21:43:42,649 | INFO    |   split agrupado | SU train=934 | SU test=234
2026-08-27 21:43:42,651 | INFO    |   ausencias por año: {2017: 2, 2019: 1, 2020: 1, 2021: 145, 2022: 310, 2023: 164, 2024: 112, 2025: 43}
2026-08-27 21:43:44,088 | INFO    |   LR  AUC=0.983 AP=0.971 Brier=0.046
2026-08-27 21:43:46,754 | INFO    |   GAM AUC=0.987 AP=0.973 Brier=0.045
2026-08-27 21:45:19,725 | INFO    |   RF  AUC=0.986 AP=0.968 Brier=0.047
2026-08-27 21:45:19,725 | INFO    | === set_C | MC 57/100 | seed=156 ===
2026-08-27 21:45:20,641 | INFO    |   anos presencias: {2016: 2, 2017: 2, 2019: 1, 2020: 1, 2021: 71, 2022: 168, 2023: 66, 2024: 55, 2025: 24}
2026-08-27 21:45:20,641 | INFO    |   anos ausencias : {2016: 2, 2017: 1, 2020: 2, 2021: 134, 2022: 311, 2023: 161, 2024: 125, 2025: 44}
2026-08-27 21:45:20,644 | INFO    |   meses presencias: {1: 11, 3: 21, 4: 37, 5: 80, 6: 73, 7: 2, 8: 23, 9: 34, 10: 41, 11: 61, 12: 7}
2026-08-27 21:45:20,644 | INFO    |   meses ausencias : {1: 27, 3: 32, 4: 69, 5: 175, 6: 133, 7: 6, 8: 52, 9: 72, 10: 86, 11: 116, 12: 12}
2026-08-27 21:45:20,645 | INFO    |   dataset: SI=390 | NO=780 | total=1170
2026-08-27 21:45:20,653 | INFO    |   split agrupado | SU train=936 | SU test=234
2026-08-27 21:45:20,655 | INFO    |   ausencias por año: {2016: 2, 2017: 1, 2020: 2, 2021: 134, 2022: 311, 2023: 161, 2024: 125, 2025: 44}
2026-08-27 21:45:22,151 | INFO    |   LR  AUC=0.972 AP=0.951 Brier=0.057
2026-08-27 21:45:24,857 | INFO    |   GAM AUC=0.975 AP=0.957 Brier=0.054
2026-08-27 21:46:56,630 | INFO    |   RF  AUC=0.978 AP=0.971 Brier=0.052
2026-08-27 21:46:56,630 | INFO    | === set_C | MC 58/100 | seed=157 ===
2026-08-27 21:46:57,537 | INFO    |   anos presencias: {2016: 2, 2017: 2, 2019: 1, 2020: 1, 2021: 71, 2022: 168, 2023: 66, 2024: 55, 2025: 24}
2026-08-27 21:46:57,537 | INFO    |   anos ausencias : {2016: 2, 2017: 2, 2020: 2, 2021: 147, 2022: 319, 2023: 150, 2024: 110, 2025: 48}
2026-08-27 21:46:57,539 | INFO    |   meses presencias: {1: 11, 3: 21, 4: 37, 5: 80, 6: 73, 7: 2, 8: 23, 9: 34, 10: 41, 11: 61, 12: 7}
2026-08-27 21:46:57,540 | INFO    |   meses ausencias : {1: 27, 3: 33, 4: 64, 5: 170, 6: 149, 7: 5, 8: 48, 9: 63, 10: 79, 11: 127, 12: 15}
2026-08-27 21:46:57,540 | INFO    |   dataset: SI=390 | NO=780 | total=1170
2026-08-27 21:46:57,547 | INFO    |   split agrupado | SU train=934 | SU test=234
2026-08-27 21:46:57,549 | INFO    |   ausencias por año: {2016: 2, 2017: 2, 2020: 2, 2021: 147, 2022: 319, 2023: 148, 2024: 110, 2025: 48}
2026-08-27 21:46:59,006 | INFO    |   LR  AUC=0.973 AP=0.942 Brier=0.059
2026-08-27 21:46:59,054 | ERROR   | run 57 falló: X data is out of domain for categorical feature 4. Expected data on [0.0, 3.0], but found data on [0.0, 4.0]
Traceback (most recent call last):
  File "/home/oisanchezp/Thesis/src/05_Chapter/mc_common.py", line 620, in run_montecarlo
    model.fit(Xdf.iloc[idx_tr], y[idx_tr], seed=seed)
  File "/home/oisanchezp/Thesis/src/05_Chapter/mc_common.py", line 455, in fit
    auc = roc_auc_score(y_val, g.predict_proba(X_val))
  File "/home/oisanchezp/geo_env/lib/python3.8/site-packages/pygam/pygam.py", line 2696, in predict_proba
    return self.predict_mu(X)
  File "/home/oisanchezp/geo_env/lib/python3.8/site-packages/pygam/pygam.py", line 435, in predict_mu
    X = check_X(
  File "/home/oisanchezp/geo_env/lib/python3.8/site-packages/pygam/utils.py", line 337, in check_X
    raise ValueError(
ValueError: X data is out of domain for categorical feature 4. Expected data on [0.0, 3.0], but found data on [0.0, 4.0]
2026-08-27 21:46:59,058 | INFO    | === set_C | MC 59/100 | seed=158 ===
2026-08-27 21:46:59,956 | INFO    |   anos presencias: {2016: 2, 2017: 2, 2019: 1, 2020: 1, 2021: 71, 2022: 168, 2023: 66, 2024: 55, 2025: 24}
2026-08-27 21:46:59,956 | INFO    |   anos ausencias : {2016: 2, 2017: 3, 2020: 1, 2021: 148, 2022: 328, 2023: 133, 2024: 116, 2025: 49}
2026-08-27 21:46:59,958 | INFO    |   meses presencias: {1: 11, 3: 21, 4: 37, 5: 80, 6: 73, 7: 2, 8: 23, 9: 34, 10: 41, 11: 61, 12: 7}
2026-08-27 21:46:59,959 | INFO    |   meses ausencias : {1: 19, 3: 39, 4: 83, 5: 165, 6: 133, 7: 2, 8: 51, 9: 70, 10: 75, 11: 134, 12: 9}
2026-08-27 21:46:59,959 | INFO    |   dataset: SI=390 | NO=780 | total=1170
2026-08-27 21:46:59,965 | INFO    |   split agrupado | SU train=934 | SU test=234
2026-08-27 21:46:59,966 | INFO    |   ausencias por año: {2016: 2, 2017: 3, 2020: 1, 2021: 148, 2022: 326, 2023: 133, 2024: 116, 2025: 49}
2026-08-27 21:47:01,435 | INFO    |   LR  AUC=0.985 AP=0.976 Brier=0.044
2026-08-27 21:47:04,203 | INFO    |   GAM AUC=0.988 AP=0.979 Brier=0.042
2026-08-27 21:48:38,039 | INFO    |   RF  AUC=0.992 AP=0.984 Brier=0.042
2026-08-27 21:48:38,039 | INFO    | === set_C | MC 60/100 | seed=159 ===
2026-08-27 21:48:38,942 | INFO    |   anos presencias: {2016: 2, 2017: 2, 2019: 1, 2020: 1, 2021: 71, 2022: 168, 2023: 66, 2024: 55, 2025: 24}
2026-08-27 21:48:38,943 | INFO    |   anos ausencias : {2019: 6, 2020: 5, 2021: 129, 2022: 319, 2023: 160, 2024: 113, 2025: 48}
2026-08-27 21:48:38,945 | INFO    |   meses presencias: {1: 11, 3: 21, 4: 37, 5: 80, 6: 73, 7: 2, 8: 23, 9: 34, 10: 41, 11: 61, 12: 7}
2026-08-27 21:48:38,946 | INFO    |   meses ausencias : {1: 35, 3: 36, 4: 75, 5: 172, 6: 133, 7: 4, 8: 44, 9: 55, 10: 81, 11: 136, 12: 9}
2026-08-27 21:48:38,946 | INFO    |   dataset: SI=390 | NO=780 | total=1170
2026-08-27 21:48:38,951 | INFO    |   split agrupado | SU train=936 | SU test=234
2026-08-27 21:48:38,953 | INFO    |   ausencias por año: {2019: 6, 2020: 5, 2021: 129, 2022: 319, 2023: 160, 2024: 113, 2025: 48}
2026-08-27 21:48:40,436 | INFO    |   LR  AUC=0.966 AP=0.950 Brier=0.069
2026-08-27 21:48:42,985 | INFO    |   GAM AUC=0.971 AP=0.956 Brier=0.063
2026-08-27 21:50:13,756 | INFO    |   RF  AUC=0.974 AP=0.963 Brier=0.059
2026-08-27 21:50:13,757 | INFO    | === set_C | MC 61/100 | seed=160 ===
2026-08-27 21:50:14,746 | INFO    |   anos presencias: {2016: 2, 2017: 2, 2019: 1, 2020: 1, 2021: 71, 2022: 168, 2023: 66, 2024: 55, 2025: 24}
2026-08-27 21:50:14,746 | INFO    |   anos ausencias : {2016: 1, 2017: 5, 2019: 2, 2020: 5, 2021: 110, 2022: 336, 2023: 150, 2024: 121, 2025: 50}
2026-08-27 21:50:14,749 | INFO    |   meses presencias: {1: 11, 3: 21, 4: 37, 5: 80, 6: 73, 7: 2, 8: 23, 9: 34, 10: 41, 11: 61, 12: 7}
2026-08-27 21:50:14,749 | INFO    |   meses ausencias : {1: 24, 3: 42, 4: 58, 5: 174, 6: 150, 7: 5, 8: 52, 9: 67, 10: 79, 11: 120, 12: 9}
2026-08-27 21:50:14,749 | INFO    |   dataset: SI=390 | NO=780 | total=1170
2026-08-27 21:50:14,757 | INFO    |   split agrupado | SU train=935 | SU test=234
2026-08-27 21:50:14,758 | INFO    |   ausencias por año: {2016: 1, 2017: 5, 2019: 2, 2020: 5, 2021: 110, 2022: 335, 2023: 150, 2024: 121, 2025: 50}
2026-08-27 21:50:16,384 | INFO    |   LR  AUC=0.966 AP=0.951 Brier=0.069
2026-08-27 21:50:19,271 | INFO    |   GAM AUC=0.964 AP=0.947 Brier=0.074
2026-08-27 21:51:50,843 | INFO    |   RF  AUC=0.969 AP=0.953 Brier=0.066
2026-08-27 21:51:50,844 | INFO    | === set_C | MC 62/100 | seed=161 ===
2026-08-27 21:51:51,747 | INFO    |   anos presencias: {2016: 2, 2017: 2, 2019: 1, 2020: 1, 2021: 71, 2022: 168, 2023: 66, 2024: 55, 2025: 24}
2026-08-27 21:51:51,748 | INFO    |   anos ausencias : {2016: 2, 2017: 1, 2019: 1, 2020: 1, 2021: 127, 2022: 303, 2023: 150, 2024: 148, 2025: 47}
2026-08-27 21:51:51,750 | INFO    |   meses presencias: {1: 11, 3: 21, 4: 37, 5: 80, 6: 73, 7: 2, 8: 23, 9: 34, 10: 41, 11: 61, 12: 7}
2026-08-27 21:51:51,750 | INFO    |   meses ausencias : {1: 17, 3: 40, 4: 86, 5: 179, 6: 137, 7: 8, 8: 47, 9: 65, 10: 65, 11: 127, 12: 9}
2026-08-27 21:51:51,751 | INFO    |   dataset: SI=390 | NO=780 | total=1170
2026-08-27 21:51:51,757 | INFO    |   split agrupado | SU train=936 | SU test=234
2026-08-27 21:51:51,759 | INFO    |   ausencias por año: {2016: 2, 2017: 1, 2019: 1, 2020: 1, 2021: 127, 2022: 303, 2023: 150, 2024: 148, 2025: 47}
2026-08-27 21:51:53,228 | INFO    |   LR  AUC=0.974 AP=0.958 Brier=0.044
2026-08-27 21:51:55,929 | INFO    |   GAM AUC=0.979 AP=0.966 Brier=0.043
2026-08-27 21:53:28,979 | INFO    |   RF  AUC=0.980 AP=0.976 Brier=0.042
2026-08-27 21:53:28,980 | INFO    | === set_C | MC 63/100 | seed=162 ===
2026-08-27 21:53:29,888 | INFO    |   anos presencias: {2016: 2, 2017: 2, 2019: 1, 2020: 1, 2021: 71, 2022: 168, 2023: 66, 2024: 55, 2025: 24}
2026-08-27 21:53:29,889 | INFO    |   anos ausencias : {2016: 3, 2017: 3, 2019: 4, 2021: 132, 2022: 334, 2023: 157, 2024: 102, 2025: 45}
2026-08-27 21:53:29,891 | INFO    |   meses presencias: {1: 11, 3: 21, 4: 37, 5: 80, 6: 73, 7: 2, 8: 23, 9: 34, 10: 41, 11: 61, 12: 7}
2026-08-27 21:53:29,892 | INFO    |   meses ausencias : {1: 24, 3: 34, 4: 70, 5: 168, 6: 132, 7: 1, 8: 52, 9: 74, 10: 80, 11: 131, 12: 14}
2026-08-27 21:53:29,892 | INFO    |   dataset: SI=390 | NO=780 | total=1170
2026-08-27 21:53:29,898 | INFO    |   split agrupado | SU train=936 | SU test=234
2026-08-27 21:53:29,900 | INFO    |   ausencias por año: {2016: 3, 2017: 3, 2019: 4, 2021: 132, 2022: 334, 2023: 157, 2024: 102, 2025: 45}
2026-08-27 21:53:31,371 | INFO    |   LR  AUC=0.969 AP=0.963 Brier=0.053
2026-08-27 21:53:34,312 | INFO    |   GAM AUC=0.974 AP=0.969 Brier=0.049
2026-08-27 21:55:06,920 | INFO    |   RF  AUC=0.978 AP=0.976 Brier=0.044
2026-08-27 21:55:06,920 | INFO    | === set_C | MC 64/100 | seed=163 ===
2026-08-27 21:55:07,861 | INFO    |   anos presencias: {2016: 2, 2017: 2, 2019: 1, 2020: 1, 2021: 71, 2022: 168, 2023: 66, 2024: 55, 2025: 24}
2026-08-27 21:55:07,861 | INFO    |   anos ausencias : {2017: 4, 2020: 4, 2021: 135, 2022: 322, 2023: 159, 2024: 109, 2025: 47}
2026-08-27 21:55:07,864 | INFO    |   meses presencias: {1: 11, 3: 21, 4: 37, 5: 80, 6: 73, 7: 2, 8: 23, 9: 34, 10: 41, 11: 61, 12: 7}
2026-08-27 21:55:07,864 | INFO    |   meses ausencias : {1: 24, 3: 28, 4: 64, 5: 190, 6: 134, 7: 1, 8: 45, 9: 88, 10: 76, 11: 125, 12: 5}
2026-08-27 21:55:07,864 | INFO    |   dataset: SI=390 | NO=780 | total=1170
2026-08-27 21:55:07,871 | INFO    |   split agrupado | SU train=936 | SU test=234
2026-08-27 21:55:07,873 | INFO    |   ausencias por año: {2017: 4, 2020: 4, 2021: 135, 2022: 322, 2023: 159, 2024: 109, 2025: 47}
2026-08-27 21:55:09,356 | INFO    |   LR  AUC=0.967 AP=0.952 Brier=0.063
2026-08-27 21:55:12,144 | INFO    |   GAM AUC=0.970 AP=0.952 Brier=0.065
2026-08-27 21:56:43,528 | INFO    |   RF  AUC=0.971 AP=0.959 Brier=0.061
2026-08-27 21:56:43,529 | INFO    | === set_C | MC 65/100 | seed=164 ===
2026-08-27 21:56:44,427 | INFO    |   anos presencias: {2016: 2, 2017: 2, 2019: 1, 2020: 1, 2021: 71, 2022: 168, 2023: 66, 2024: 55, 2025: 24}
2026-08-27 21:56:44,428 | INFO    |   anos ausencias : {2016: 3, 2017: 3, 2019: 2, 2021: 127, 2022: 339, 2023: 150, 2024: 106, 2025: 50}
2026-08-27 21:56:44,430 | INFO    |   meses presencias: {1: 11, 3: 21, 4: 37, 5: 80, 6: 73, 7: 2, 8: 23, 9: 34, 10: 41, 11: 61, 12: 7}
2026-08-27 21:56:44,430 | INFO    |   meses ausencias : {1: 21, 3: 44, 4: 81, 5: 158, 6: 140, 7: 6, 8: 47, 9: 74, 10: 73, 11: 129, 12: 7}
2026-08-27 21:56:44,431 | INFO    |   dataset: SI=390 | NO=780 | total=1170
2026-08-27 21:56:44,438 | INFO    |   split agrupado | SU train=933 | SU test=234
2026-08-27 21:56:44,439 | INFO    |   ausencias por año: {2016: 3, 2017: 3, 2019: 2, 2021: 127, 2022: 338, 2023: 148, 2024: 106, 2025: 50}
2026-08-27 21:56:45,903 | INFO    |   LR  AUC=0.966 AP=0.919 Brier=0.065
2026-08-27 21:56:48,567 | INFO    |   GAM AUC=0.969 AP=0.919 Brier=0.063
2026-08-27 21:58:21,845 | INFO    |   RF  AUC=0.977 AP=0.958 Brier=0.062
2026-08-27 21:58:21,846 | INFO    | === set_C | MC 66/100 | seed=165 ===
2026-08-27 21:58:22,749 | INFO    |   anos presencias: {2016: 2, 2017: 2, 2019: 1, 2020: 1, 2021: 71, 2022: 168, 2023: 66, 2024: 55, 2025: 24}
2026-08-27 21:58:22,750 | INFO    |   anos ausencias : {2017: 1, 2019: 1, 2021: 118, 2022: 349, 2023: 154, 2024: 106, 2025: 51}
2026-08-27 21:58:22,752 | INFO    |   meses presencias: {1: 11, 3: 21, 4: 37, 5: 80, 6: 73, 7: 2, 8: 23, 9: 34, 10: 41, 11: 61, 12: 7}
2026-08-27 21:58:22,752 | INFO    |   meses ausencias : {1: 29, 3: 45, 4: 66, 5: 170, 6: 144, 7: 2, 8: 41, 9: 76, 10: 74, 11: 118, 12: 15}
2026-08-27 21:58:22,753 | INFO    |   dataset: SI=390 | NO=780 | total=1170
2026-08-27 21:58:22,760 | INFO    |   split agrupado | SU train=932 | SU test=234
2026-08-27 21:58:22,761 | INFO    |   ausencias por año: {2017: 1, 2019: 1, 2021: 117, 2022: 349, 2023: 152, 2024: 105, 2025: 51}
2026-08-27 21:58:24,234 | INFO    |   LR  AUC=0.971 AP=0.947 Brier=0.056
2026-08-27 21:58:26,976 | INFO    |   GAM AUC=0.976 AP=0.952 Brier=0.053
2026-08-27 22:00:00,473 | INFO    |   RF  AUC=0.981 AP=0.953 Brier=0.051
2026-08-27 22:00:00,473 | INFO    | === set_C | MC 67/100 | seed=166 ===
2026-08-27 22:00:01,377 | INFO    |   anos presencias: {2016: 2, 2017: 2, 2019: 1, 2020: 1, 2021: 71, 2022: 168, 2023: 66, 2024: 55, 2025: 24}
2026-08-27 22:00:01,377 | INFO    |   anos ausencias : {2016: 1, 2017: 2, 2019: 1, 2020: 3, 2021: 147, 2022: 311, 2023: 154, 2024: 122, 2025: 39}
2026-08-27 22:00:01,379 | INFO    |   meses presencias: {1: 11, 3: 21, 4: 37, 5: 80, 6: 73, 7: 2, 8: 23, 9: 34, 10: 41, 11: 61, 12: 7}
2026-08-27 22:00:01,380 | INFO    |   meses ausencias : {1: 28, 3: 38, 4: 64, 5: 173, 6: 146, 7: 7, 8: 55, 9: 77, 10: 70, 11: 115, 12: 7}
2026-08-27 22:00:01,380 | INFO    |   dataset: SI=390 | NO=780 | total=1170
2026-08-27 22:00:01,386 | INFO    |   split agrupado | SU train=935 | SU test=234
2026-08-27 22:00:01,387 | INFO    |   ausencias por año: {2016: 1, 2017: 2, 2019: 1, 2020: 3, 2021: 146, 2022: 311, 2023: 154, 2024: 122, 2025: 39}
2026-08-27 22:00:03,256 | INFO    |   LR  AUC=0.994 AP=0.988 Brier=0.032
2026-08-27 22:00:06,079 | INFO    |   GAM AUC=0.994 AP=0.989 Brier=0.030
2026-08-27 22:01:33,937 | INFO    |   RF  AUC=0.992 AP=0.980 Brier=0.038
2026-08-27 22:01:33,937 | INFO    | === set_C | MC 68/100 | seed=167 ===
2026-08-27 22:01:34,834 | INFO    |   anos presencias: {2016: 2, 2017: 2, 2019: 1, 2020: 1, 2021: 71, 2022: 168, 2023: 66, 2024: 55, 2025: 24}
2026-08-27 22:01:34,835 | INFO    |   anos ausencias : {2016: 3, 2017: 3, 2019: 1, 2020: 1, 2021: 114, 2022: 315, 2023: 167, 2024: 133, 2025: 43}
2026-08-27 22:01:34,837 | INFO    |   meses presencias: {1: 11, 3: 21, 4: 37, 5: 80, 6: 73, 7: 2, 8: 23, 9: 34, 10: 41, 11: 61, 12: 7}
2026-08-27 22:01:34,838 | INFO    |   meses ausencias : {1: 26, 3: 40, 4: 64, 5: 185, 6: 134, 7: 7, 8: 45, 9: 67, 10: 70, 11: 131, 12: 11}
2026-08-27 22:01:34,838 | INFO    |   dataset: SI=390 | NO=780 | total=1170
2026-08-27 22:01:34,845 | INFO    |   split agrupado | SU train=935 | SU test=234
2026-08-27 22:01:34,847 | INFO    |   ausencias por año: {2016: 3, 2017: 3, 2019: 1, 2020: 1, 2021: 114, 2022: 314, 2023: 167, 2024: 133, 2025: 43}
2026-08-27 22:01:36,294 | INFO    |   LR  AUC=0.940 AP=0.904 Brier=0.088
2026-08-27 22:01:38,854 | INFO    |   GAM AUC=0.944 AP=0.906 Brier=0.085
2026-08-27 22:03:12,039 | INFO    |   RF  AUC=0.943 AP=0.866 Brier=0.082
2026-08-27 22:03:12,040 | INFO    | === set_C | MC 69/100 | seed=168 ===
2026-08-27 22:03:12,948 | INFO    |   anos presencias: {2016: 2, 2017: 2, 2019: 1, 2020: 1, 2021: 71, 2022: 168, 2023: 66, 2024: 55, 2025: 24}
2026-08-27 22:03:12,949 | INFO    |   anos ausencias : {2016: 2, 2017: 2, 2019: 2, 2021: 121, 2022: 306, 2023: 164, 2024: 138, 2025: 45}
2026-08-27 22:03:12,951 | INFO    |   meses presencias: {1: 11, 3: 21, 4: 37, 5: 80, 6: 73, 7: 2, 8: 23, 9: 34, 10: 41, 11: 61, 12: 7}
2026-08-27 22:03:12,952 | INFO    |   meses ausencias : {1: 27, 3: 47, 4: 58, 5: 174, 6: 155, 7: 6, 8: 37, 9: 50, 10: 88, 11: 129, 12: 9}
2026-08-27 22:03:12,952 | INFO    |   dataset: SI=390 | NO=780 | total=1170
2026-08-27 22:03:12,959 | INFO    |   split agrupado | SU train=934 | SU test=234
2026-08-27 22:03:12,961 | INFO    |   ausencias por año: {2016: 2, 2017: 2, 2019: 2, 2021: 121, 2022: 306, 2023: 163, 2024: 137, 2025: 45}
2026-08-27 22:03:14,446 | INFO    |   LR  AUC=0.981 AP=0.963 Brier=0.053
2026-08-27 22:03:17,024 | INFO    |   GAM AUC=0.984 AP=0.968 Brier=0.051
2026-08-27 22:04:51,266 | INFO    |   RF  AUC=0.988 AP=0.975 Brier=0.045
2026-08-27 22:04:51,267 | INFO    | === set_C | MC 70/100 | seed=169 ===
2026-08-27 22:04:52,219 | INFO    |   anos presencias: {2016: 2, 2017: 2, 2019: 1, 2020: 1, 2021: 71, 2022: 168, 2023: 66, 2024: 55, 2025: 24}
2026-08-27 22:04:52,219 | INFO    |   anos ausencias : {2016: 2, 2017: 1, 2020: 1, 2021: 131, 2022: 324, 2023: 147, 2024: 136, 2025: 38}
2026-08-27 22:04:52,222 | INFO    |   meses presencias: {1: 11, 3: 21, 4: 37, 5: 80, 6: 73, 7: 2, 8: 23, 9: 34, 10: 41, 11: 61, 12: 7}
2026-08-27 22:04:52,222 | INFO    |   meses ausencias : {1: 22, 3: 43, 4: 62, 5: 173, 6: 153, 7: 5, 8: 44, 9: 79, 10: 68, 11: 119, 12: 12}
2026-08-27 22:04:52,222 | INFO    |   dataset: SI=390 | NO=780 | total=1170
2026-08-27 22:04:52,230 | INFO    |   split agrupado | SU train=934 | SU test=234
2026-08-27 22:04:52,231 | INFO    |   ausencias por año: {2016: 2, 2017: 1, 2020: 1, 2021: 130, 2022: 323, 2023: 147, 2024: 136, 2025: 38}
2026-08-27 22:04:53,702 | INFO    |   LR  AUC=0.969 AP=0.963 Brier=0.060
2026-08-27 22:04:56,382 | INFO    |   GAM AUC=0.970 AP=0.962 Brier=0.060
2026-08-27 22:06:27,590 | INFO    |   RF  AUC=0.979 AP=0.970 Brier=0.058
2026-08-27 22:06:27,591 | INFO    | === set_C | MC 71/100 | seed=170 ===
2026-08-27 22:06:28,491 | INFO    |   anos presencias: {2016: 2, 2017: 2, 2019: 1, 2020: 1, 2021: 71, 2022: 168, 2023: 66, 2024: 55, 2025: 24}
2026-08-27 22:06:28,491 | INFO    |   anos ausencias : {2016: 1, 2017: 2, 2019: 3, 2020: 2, 2021: 124, 2022: 348, 2023: 142, 2024: 116, 2025: 42}
2026-08-27 22:06:28,494 | INFO    |   meses presencias: {1: 11, 3: 21, 4: 37, 5: 80, 6: 73, 7: 2, 8: 23, 9: 34, 10: 41, 11: 61, 12: 7}
2026-08-27 22:06:28,494 | INFO    |   meses ausencias : {1: 34, 3: 42, 4: 87, 5: 161, 6: 129, 7: 3, 8: 35, 9: 76, 10: 81, 11: 124, 12: 8}
2026-08-27 22:06:28,495 | INFO    |   dataset: SI=390 | NO=780 | total=1170
2026-08-27 22:06:28,501 | INFO    |   split agrupado | SU train=935 | SU test=234
2026-08-27 22:06:28,503 | INFO    |   ausencias por año: {2016: 1, 2017: 2, 2019: 3, 2020: 2, 2021: 124, 2022: 347, 2023: 142, 2024: 116, 2025: 42}
2026-08-27 22:06:29,968 | INFO    |   LR  AUC=0.986 AP=0.975 Brier=0.047
2026-08-27 22:06:32,655 | INFO    |   GAM AUC=0.987 AP=0.978 Brier=0.045
2026-08-27 22:08:05,922 | INFO    |   RF  AUC=0.992 AP=0.987 Brier=0.043
2026-08-27 22:08:05,923 | INFO    | === set_C | MC 72/100 | seed=171 ===
2026-08-27 22:08:06,820 | INFO    |   anos presencias: {2016: 2, 2017: 2, 2019: 1, 2020: 1, 2021: 71, 2022: 168, 2023: 66, 2024: 55, 2025: 24}
2026-08-27 22:08:06,820 | INFO    |   anos ausencias : {2016: 1, 2017: 2, 2020: 2, 2021: 123, 2022: 349, 2023: 121, 2024: 136, 2025: 46}
2026-08-27 22:08:06,823 | INFO    |   meses presencias: {1: 11, 3: 21, 4: 37, 5: 80, 6: 73, 7: 2, 8: 23, 9: 34, 10: 41, 11: 61, 12: 7}
2026-08-27 22:08:06,823 | INFO    |   meses ausencias : {1: 18, 3: 44, 4: 59, 5: 175, 6: 171, 7: 1, 8: 45, 9: 76, 10: 75, 11: 109, 12: 7}
2026-08-27 22:08:06,823 | INFO    |   dataset: SI=390 | NO=780 | total=1170
2026-08-27 22:08:06,829 | INFO    |   split agrupado | SU train=936 | SU test=234
2026-08-27 22:08:06,831 | INFO    |   ausencias por año: {2016: 1, 2017: 2, 2020: 2, 2021: 123, 2022: 349, 2023: 121, 2024: 136, 2025: 46}
2026-08-27 22:08:08,288 | INFO    |   LR  AUC=0.978 AP=0.957 Brier=0.054
2026-08-27 22:08:10,982 | INFO    |   GAM AUC=0.979 AP=0.961 Brier=0.054
2026-08-27 22:09:44,554 | INFO    |   RF  AUC=0.986 AP=0.975 Brier=0.047
2026-08-27 22:09:44,554 | INFO    | === set_C | MC 73/100 | seed=172 ===
2026-08-27 22:09:45,454 | INFO    |   anos presencias: {2016: 2, 2017: 2, 2019: 1, 2020: 1, 2021: 71, 2022: 168, 2023: 66, 2024: 55, 2025: 24}
2026-08-27 22:09:45,454 | INFO    |   anos ausencias : {2017: 1, 2019: 2, 2020: 1, 2021: 148, 2022: 309, 2023: 159, 2024: 114, 2025: 46}
2026-08-27 22:09:45,456 | INFO    |   meses presencias: {1: 11, 3: 21, 4: 37, 5: 80, 6: 73, 7: 2, 8: 23, 9: 34, 10: 41, 11: 61, 12: 7}
2026-08-27 22:09:45,457 | INFO    |   meses ausencias : {1: 20, 3: 52, 4: 64, 5: 178, 6: 158, 7: 5, 8: 46, 9: 55, 10: 80, 11: 110, 12: 12}
2026-08-27 22:09:45,457 | INFO    |   dataset: SI=390 | NO=780 | total=1170
2026-08-27 22:09:45,464 | INFO    |   split agrupado | SU train=935 | SU test=234
2026-08-27 22:09:45,465 | INFO    |   ausencias por año: {2017: 1, 2019: 2, 2020: 1, 2021: 147, 2022: 309, 2023: 159, 2024: 114, 2025: 46}
2026-08-27 22:09:46,919 | INFO    |   LR  AUC=0.947 AP=0.942 Brier=0.072
2026-08-27 22:09:49,575 | INFO    |   GAM AUC=0.953 AP=0.947 Brier=0.070
2026-08-27 22:11:16,894 | INFO    |   RF  AUC=0.948 AP=0.935 Brier=0.073
2026-08-27 22:11:16,894 | INFO    | === set_C | MC 74/100 | seed=173 ===
2026-08-27 22:11:17,802 | INFO    |   anos presencias: {2016: 2, 2017: 2, 2019: 1, 2020: 1, 2021: 71, 2022: 168, 2023: 66, 2024: 55, 2025: 24}
2026-08-27 22:11:17,802 | INFO    |   anos ausencias : {2017: 3, 2020: 4, 2021: 129, 2022: 324, 2023: 134, 2024: 139, 2025: 47}
2026-08-27 22:11:17,804 | INFO    |   meses presencias: {1: 11, 3: 21, 4: 37, 5: 80, 6: 73, 7: 2, 8: 23, 9: 34, 10: 41, 11: 61, 12: 7}
2026-08-27 22:11:17,805 | INFO    |   meses ausencias : {1: 19, 3: 38, 4: 73, 5: 169, 6: 150, 7: 1, 8: 41, 9: 80, 10: 75, 11: 121, 12: 13}
2026-08-27 22:11:17,805 | INFO    |   dataset: SI=390 | NO=780 | total=1170
2026-08-27 22:11:17,812 | INFO    |   split agrupado | SU train=934 | SU test=234
2026-08-27 22:11:17,814 | INFO    |   ausencias por año: {2017: 3, 2020: 4, 2021: 128, 2022: 323, 2023: 134, 2024: 139, 2025: 47}
2026-08-27 22:11:19,286 | INFO    |   LR  AUC=0.984 AP=0.950 Brier=0.041
2026-08-27 22:11:21,972 | INFO    |   GAM AUC=0.984 AP=0.952 Brier=0.041
2026-08-27 22:12:55,949 | INFO    |   RF  AUC=0.985 AP=0.959 Brier=0.048
2026-08-27 22:12:55,950 | INFO    | === set_C | MC 75/100 | seed=174 ===
2026-08-27 22:12:56,855 | INFO    |   anos presencias: {2016: 2, 2017: 2, 2019: 1, 2020: 1, 2021: 71, 2022: 168, 2023: 66, 2024: 55, 2025: 24}
2026-08-27 22:12:56,855 | INFO    |   anos ausencias : {2016: 2, 2017: 4, 2019: 3, 2020: 2, 2021: 137, 2022: 337, 2023: 126, 2024: 130, 2025: 39}
2026-08-27 22:12:56,857 | INFO    |   meses presencias: {1: 11, 3: 21, 4: 37, 5: 80, 6: 73, 7: 2, 8: 23, 9: 34, 10: 41, 11: 61, 12: 7}
2026-08-27 22:12:56,858 | INFO    |   meses ausencias : {1: 14, 3: 46, 4: 67, 5: 156, 6: 157, 7: 7, 8: 46, 9: 71, 10: 77, 11: 125, 12: 14}
2026-08-27 22:12:56,858 | INFO    |   dataset: SI=390 | NO=780 | total=1170
2026-08-27 22:12:56,864 | INFO    |   split agrupado | SU train=934 | SU test=234
2026-08-27 22:12:56,866 | INFO    |   ausencias por año: {2016: 2, 2017: 4, 2019: 3, 2020: 2, 2021: 137, 2022: 336, 2023: 125, 2024: 130, 2025: 39}
2026-08-27 22:12:58,381 | INFO    |   LR  AUC=0.983 AP=0.971 Brier=0.052
2026-08-27 22:12:58,771 | ERROR   | run 74 falló: X data must not contain Inf nor NaN
Traceback (most recent call last):
  File "/home/oisanchezp/Thesis/src/05_Chapter/mc_common.py", line 624, in run_montecarlo
    y_prob = _proba1(model, Xdf.iloc[idx_te])
  File "/home/oisanchezp/Thesis/src/05_Chapter/mc_common.py", line 488, in _proba1
    p = model.predict_proba(Xdf)
  File "/home/oisanchezp/Thesis/src/05_Chapter/mc_common.py", line 463, in predict_proba
    return np.asarray(self.gam.predict_proba(self._to_X(Xdf)))
  File "/home/oisanchezp/geo_env/lib/python3.8/site-packages/pygam/pygam.py", line 2696, in predict_proba
    return self.predict_mu(X)
  File "/home/oisanchezp/geo_env/lib/python3.8/site-packages/pygam/pygam.py", line 435, in predict_mu
    X = check_X(
  File "/home/oisanchezp/geo_env/lib/python3.8/site-packages/pygam/utils.py", line 305, in check_X
    X = check_array(
  File "/home/oisanchezp/geo_env/lib/python3.8/site-packages/pygam/utils.py", line 182, in check_array
    raise ValueError('{} must not contain Inf nor NaN'.format(name))
ValueError: X data must not contain Inf nor NaN
2026-08-27 22:12:58,771 | INFO    | === set_C | MC 76/100 | seed=175 ===
2026-08-27 22:12:59,664 | INFO    |   anos presencias: {2016: 2, 2017: 2, 2019: 1, 2020: 1, 2021: 71, 2022: 168, 2023: 66, 2024: 55, 2025: 24}
2026-08-27 22:12:59,664 | INFO    |   anos ausencias : {2017: 4, 2019: 2, 2021: 142, 2022: 320, 2023: 142, 2024: 114, 2025: 56}
2026-08-27 22:12:59,667 | INFO    |   meses presencias: {1: 11, 3: 21, 4: 37, 5: 80, 6: 73, 7: 2, 8: 23, 9: 34, 10: 41, 11: 61, 12: 7}
2026-08-27 22:12:59,667 | INFO    |   meses ausencias : {1: 30, 3: 51, 4: 76, 5: 167, 6: 143, 7: 5, 8: 37, 9: 62, 10: 81, 11: 118, 12: 10}
2026-08-27 22:12:59,667 | INFO    |   dataset: SI=390 | NO=780 | total=1170
2026-08-27 22:12:59,673 | INFO    |   split agrupado | SU train=935 | SU test=234
2026-08-27 22:12:59,675 | INFO    |   ausencias por año: {2017: 4, 2019: 2, 2021: 142, 2022: 320, 2023: 142, 2024: 113, 2025: 56}
2026-08-27 22:13:01,139 | INFO    |   LR  AUC=0.967 AP=0.938 Brier=0.057
2026-08-27 22:13:03,930 | INFO    |   GAM AUC=0.975 AP=0.950 Brier=0.053
2026-08-27 22:14:37,757 | INFO    |   RF  AUC=0.982 AP=0.960 Brier=0.055
2026-08-27 22:14:37,758 | INFO    | === set_C | MC 77/100 | seed=176 ===
2026-08-27 22:14:38,656 | INFO    |   anos presencias: {2016: 2, 2017: 2, 2019: 1, 2020: 1, 2021: 71, 2022: 168, 2023: 66, 2024: 55, 2025: 24}
2026-08-27 22:14:38,656 | INFO    |   anos ausencias : {2016: 1, 2017: 2, 2019: 1, 2020: 1, 2021: 122, 2022: 337, 2023: 156, 2024: 118, 2025: 42}
2026-08-27 22:14:38,659 | INFO    |   meses presencias: {1: 11, 3: 21, 4: 37, 5: 80, 6: 73, 7: 2, 8: 23, 9: 34, 10: 41, 11: 61, 12: 7}
2026-08-27 22:14:38,660 | INFO    |   meses ausencias : {1: 26, 3: 39, 4: 63, 5: 202, 6: 130, 7: 7, 8: 51, 9: 74, 10: 69, 11: 108, 12: 11}
2026-08-27 22:14:38,660 | INFO    |   dataset: SI=390 | NO=780 | total=1170
2026-08-27 22:14:38,666 | INFO    |   split agrupado | SU train=934 | SU test=234
2026-08-27 22:14:38,668 | INFO    |   ausencias por año: {2016: 1, 2017: 2, 2019: 1, 2020: 1, 2021: 122, 2022: 335, 2023: 156, 2024: 118, 2025: 42}
2026-08-27 22:14:40,124 | INFO    |   LR  AUC=0.960 AP=0.908 Brier=0.070
2026-08-27 22:14:40,172 | ERROR   | run 76 falló: X data is out of domain for categorical feature 4. Expected data on [0.0, 3.0], but found data on [0.0, 4.0]
Traceback (most recent call last):
  File "/home/oisanchezp/Thesis/src/05_Chapter/mc_common.py", line 620, in run_montecarlo
    model.fit(Xdf.iloc[idx_tr], y[idx_tr], seed=seed)
  File "/home/oisanchezp/Thesis/src/05_Chapter/mc_common.py", line 455, in fit
    auc = roc_auc_score(y_val, g.predict_proba(X_val))
  File "/home/oisanchezp/geo_env/lib/python3.8/site-packages/pygam/pygam.py", line 2696, in predict_proba
    return self.predict_mu(X)
  File "/home/oisanchezp/geo_env/lib/python3.8/site-packages/pygam/pygam.py", line 435, in predict_mu
    X = check_X(
  File "/home/oisanchezp/geo_env/lib/python3.8/site-packages/pygam/utils.py", line 337, in check_X
    raise ValueError(
ValueError: X data is out of domain for categorical feature 4. Expected data on [0.0, 3.0], but found data on [0.0, 4.0]
2026-08-27 22:14:40,173 | INFO    | === set_C | MC 78/100 | seed=177 ===
2026-08-27 22:14:41,080 | INFO    |   anos presencias: {2016: 2, 2017: 2, 2019: 1, 2020: 1, 2021: 71, 2022: 168, 2023: 66, 2024: 55, 2025: 24}
2026-08-27 22:14:41,080 | INFO    |   anos ausencias : {2016: 1, 2017: 1, 2019: 4, 2020: 1, 2021: 124, 2022: 317, 2023: 161, 2024: 116, 2025: 55}
2026-08-27 22:14:41,082 | INFO    |   meses presencias: {1: 11, 3: 21, 4: 37, 5: 80, 6: 73, 7: 2, 8: 23, 9: 34, 10: 41, 11: 61, 12: 7}
2026-08-27 22:14:41,083 | INFO    |   meses ausencias : {1: 25, 3: 30, 4: 75, 5: 172, 6: 133, 7: 3, 8: 47, 9: 69, 10: 95, 11: 122, 12: 9}
2026-08-27 22:14:41,083 | INFO    |   dataset: SI=390 | NO=780 | total=1170
2026-08-27 22:14:41,089 | INFO    |   split agrupado | SU train=934 | SU test=234
2026-08-27 22:14:41,090 | INFO    |   ausencias por año: {2016: 1, 2017: 1, 2019: 3, 2020: 1, 2021: 124, 2022: 317, 2023: 161, 2024: 115, 2025: 55}
2026-08-27 22:14:42,535 | INFO    |   LR  AUC=0.979 AP=0.960 Brier=0.051
2026-08-27 22:14:45,221 | INFO    |   GAM AUC=0.980 AP=0.961 Brier=0.050
2026-08-27 22:16:16,434 | INFO    |   RF  AUC=0.985 AP=0.974 Brier=0.046
2026-08-27 22:16:16,435 | INFO    | === set_C | MC 79/100 | seed=178 ===
2026-08-27 22:16:17,347 | INFO    |   anos presencias: {2016: 2, 2017: 2, 2019: 1, 2020: 1, 2021: 71, 2022: 168, 2023: 66, 2024: 55, 2025: 24}
2026-08-27 22:16:17,347 | INFO    |   anos ausencias : {2017: 1, 2019: 1, 2020: 1, 2021: 141, 2022: 318, 2023: 144, 2024: 123, 2025: 51}
2026-08-27 22:16:17,350 | INFO    |   meses presencias: {1: 11, 3: 21, 4: 37, 5: 80, 6: 73, 7: 2, 8: 23, 9: 34, 10: 41, 11: 61, 12: 7}
2026-08-27 22:16:17,350 | INFO    |   meses ausencias : {1: 22, 3: 46, 4: 77, 5: 180, 6: 123, 7: 3, 8: 45, 9: 80, 10: 72, 11: 120, 12: 12}
2026-08-27 22:16:17,351 | INFO    |   dataset: SI=390 | NO=780 | total=1170
2026-08-27 22:16:17,357 | INFO    |   split agrupado | SU train=936 | SU test=234
2026-08-27 22:16:17,359 | INFO    |   ausencias por año: {2017: 1, 2019: 1, 2020: 1, 2021: 141, 2022: 318, 2023: 144, 2024: 123, 2025: 51}
2026-08-27 22:16:18,849 | INFO    |   LR  AUC=0.985 AP=0.975 Brier=0.044
2026-08-27 22:16:21,553 | INFO    |   GAM AUC=0.988 AP=0.980 Brier=0.042
2026-08-27 22:17:55,377 | INFO    |   RF  AUC=0.990 AP=0.985 Brier=0.039
2026-08-27 22:17:55,378 | INFO    | === set_C | MC 80/100 | seed=179 ===
2026-08-27 22:17:56,275 | INFO    |   anos presencias: {2016: 2, 2017: 2, 2019: 1, 2020: 1, 2021: 71, 2022: 168, 2023: 66, 2024: 55, 2025: 24}
2026-08-27 22:17:56,276 | INFO    |   anos ausencias : {2016: 1, 2017: 4, 2020: 3, 2021: 145, 2022: 307, 2023: 156, 2024: 113, 2025: 51}
2026-08-27 22:17:56,278 | INFO    |   meses presencias: {1: 11, 3: 21, 4: 37, 5: 80, 6: 73, 7: 2, 8: 23, 9: 34, 10: 41, 11: 61, 12: 7}
2026-08-27 22:17:56,278 | INFO    |   meses ausencias : {1: 22, 3: 33, 4: 67, 5: 174, 6: 143, 7: 4, 8: 41, 9: 69, 10: 75, 11: 144, 12: 8}
2026-08-27 22:17:56,279 | INFO    |   dataset: SI=390 | NO=780 | total=1170
2026-08-27 22:17:56,285 | INFO    |   split agrupado | SU train=936 | SU test=234
2026-08-27 22:17:56,286 | INFO    |   ausencias por año: {2016: 1, 2017: 4, 2020: 3, 2021: 145, 2022: 307, 2023: 156, 2024: 113, 2025: 51}
2026-08-27 22:17:57,736 | INFO    |   LR  AUC=0.966 AP=0.929 Brier=0.067
2026-08-27 22:18:00,301 | INFO    |   GAM AUC=0.969 AP=0.930 Brier=0.066
2026-08-27 22:19:33,348 | INFO    |   RF  AUC=0.980 AP=0.952 Brier=0.053
2026-08-27 22:19:33,349 | INFO    | === set_C | MC 81/100 | seed=180 ===
2026-08-27 22:19:34,248 | INFO    |   anos presencias: {2016: 2, 2017: 2, 2019: 1, 2020: 1, 2021: 71, 2022: 168, 2023: 66, 2024: 55, 2025: 24}
2026-08-27 22:19:34,248 | INFO    |   anos ausencias : {2016: 1, 2017: 2, 2019: 2, 2020: 3, 2021: 132, 2022: 332, 2023: 139, 2024: 122, 2025: 47}
2026-08-27 22:19:34,251 | INFO    |   meses presencias: {1: 11, 3: 21, 4: 37, 5: 80, 6: 73, 7: 2, 8: 23, 9: 34, 10: 41, 11: 61, 12: 7}
2026-08-27 22:19:34,251 | INFO    |   meses ausencias : {1: 18, 3: 36, 4: 67, 5: 175, 6: 135, 7: 5, 8: 43, 9: 70, 10: 78, 11: 144, 12: 9}
2026-08-27 22:19:34,252 | INFO    |   dataset: SI=390 | NO=780 | total=1170
2026-08-27 22:19:34,258 | INFO    |   split agrupado | SU train=935 | SU test=234
2026-08-27 22:19:34,260 | INFO    |   ausencias por año: {2016: 1, 2017: 2, 2019: 2, 2020: 3, 2021: 132, 2022: 331, 2023: 139, 2024: 122, 2025: 47}
2026-08-27 22:19:35,740 | INFO    |   LR  AUC=0.983 AP=0.967 Brier=0.046
2026-08-27 22:19:38,419 | INFO    |   GAM AUC=0.986 AP=0.972 Brier=0.042
2026-08-27 22:21:06,042 | INFO    |   RF  AUC=0.987 AP=0.974 Brier=0.045
2026-08-27 22:21:06,043 | INFO    | === set_C | MC 82/100 | seed=181 ===
2026-08-27 22:21:06,952 | INFO    |   anos presencias: {2016: 2, 2017: 2, 2019: 1, 2020: 1, 2021: 71, 2022: 168, 2023: 66, 2024: 55, 2025: 24}
2026-08-27 22:21:06,953 | INFO    |   anos ausencias : {2017: 1, 2019: 1, 2020: 3, 2021: 153, 2022: 315, 2023: 148, 2024: 122, 2025: 37}
2026-08-27 22:21:06,955 | INFO    |   meses presencias: {1: 11, 3: 21, 4: 37, 5: 80, 6: 73, 7: 2, 8: 23, 9: 34, 10: 41, 11: 61, 12: 7}
2026-08-27 22:21:06,955 | INFO    |   meses ausencias : {1: 15, 3: 34, 4: 72, 5: 170, 6: 133, 7: 7, 8: 37, 9: 70, 10: 72, 11: 158, 12: 12}
2026-08-27 22:21:06,957 | INFO    |   dataset: SI=390 | NO=780 | total=1170
2026-08-27 22:21:06,965 | INFO    |   split agrupado | SU train=935 | SU test=234
2026-08-27 22:21:06,966 | INFO    |   ausencias por año: {2017: 1, 2019: 1, 2020: 3, 2021: 153, 2022: 315, 2023: 147, 2024: 122, 2025: 37}
2026-08-27 22:21:08,455 | INFO    |   LR  AUC=0.965 AP=0.951 Brier=0.071
2026-08-27 22:21:11,217 | INFO    |   GAM AUC=0.969 AP=0.956 Brier=0.068
2026-08-27 22:22:44,601 | INFO    |   RF  AUC=0.970 AP=0.958 Brier=0.068
2026-08-27 22:22:44,602 | INFO    | === set_C | MC 83/100 | seed=182 ===
2026-08-27 22:22:45,503 | INFO    |   anos presencias: {2016: 2, 2017: 2, 2019: 1, 2020: 1, 2021: 71, 2022: 168, 2023: 66, 2024: 55, 2025: 24}
2026-08-27 22:22:45,503 | INFO    |   anos ausencias : {2017: 2, 2019: 2, 2021: 117, 2022: 321, 2023: 177, 2024: 121, 2025: 40}
2026-08-27 22:22:45,505 | INFO    |   meses presencias: {1: 11, 3: 21, 4: 37, 5: 80, 6: 73, 7: 2, 8: 23, 9: 34, 10: 41, 11: 61, 12: 7}
2026-08-27 22:22:45,506 | INFO    |   meses ausencias : {1: 34, 3: 36, 4: 74, 5: 193, 6: 129, 7: 4, 8: 40, 9: 61, 10: 73, 11: 127, 12: 9}
2026-08-27 22:22:45,506 | INFO    |   dataset: SI=390 | NO=780 | total=1170
2026-08-27 22:22:45,513 | INFO    |   split agrupado | SU train=933 | SU test=234
2026-08-27 22:22:45,514 | INFO    |   ausencias por año: {2017: 2, 2019: 2, 2021: 117, 2022: 320, 2023: 176, 2024: 120, 2025: 40}
2026-08-27 22:22:46,981 | INFO    |   LR  AUC=0.976 AP=0.969 Brier=0.041
2026-08-27 22:22:49,652 | INFO    |   GAM AUC=0.977 AP=0.971 Brier=0.040
2026-08-27 22:24:23,255 | INFO    |   RF  AUC=0.979 AP=0.959 Brier=0.045
2026-08-27 22:24:23,256 | INFO    | === set_C | MC 84/100 | seed=183 ===
2026-08-27 22:24:24,153 | INFO    |   anos presencias: {2016: 2, 2017: 2, 2019: 1, 2020: 1, 2021: 71, 2022: 168, 2023: 66, 2024: 55, 2025: 24}
2026-08-27 22:24:24,154 | INFO    |   anos ausencias : {2017: 2, 2019: 1, 2020: 1, 2021: 122, 2022: 344, 2023: 153, 2024: 111, 2025: 46}
2026-08-27 22:24:24,156 | INFO    |   meses presencias: {1: 11, 3: 21, 4: 37, 5: 80, 6: 73, 7: 2, 8: 23, 9: 34, 10: 41, 11: 61, 12: 7}
2026-08-27 22:24:24,157 | INFO    |   meses ausencias : {1: 32, 3: 40, 4: 72, 5: 182, 6: 138, 7: 6, 8: 49, 9: 71, 10: 68, 11: 113, 12: 9}
2026-08-27 22:24:24,157 | INFO    |   dataset: SI=390 | NO=780 | total=1170
2026-08-27 22:24:24,164 | INFO    |   split agrupado | SU train=933 | SU test=234
2026-08-27 22:24:24,165 | INFO    |   ausencias por año: {2017: 2, 2019: 1, 2020: 1, 2021: 122, 2022: 343, 2023: 153, 2024: 110, 2025: 45}
2026-08-27 22:24:25,665 | INFO    |   LR  AUC=0.987 AP=0.985 Brier=0.032
2026-08-27 22:24:28,319 | INFO    |   GAM AUC=0.990 AP=0.987 Brier=0.030
2026-08-27 22:26:00,261 | INFO    |   RF  AUC=0.983 AP=0.981 Brier=0.041
2026-08-27 22:26:00,262 | INFO    | === set_C | MC 85/100 | seed=184 ===
2026-08-27 22:26:01,176 | INFO    |   anos presencias: {2016: 2, 2017: 2, 2019: 1, 2020: 1, 2021: 71, 2022: 168, 2023: 66, 2024: 55, 2025: 24}
2026-08-27 22:26:01,176 | INFO    |   anos ausencias : {2016: 4, 2017: 2, 2019: 3, 2020: 2, 2021: 135, 2022: 324, 2023: 147, 2024: 116, 2025: 47}
2026-08-27 22:26:01,179 | INFO    |   meses presencias: {1: 11, 3: 21, 4: 37, 5: 80, 6: 73, 7: 2, 8: 23, 9: 34, 10: 41, 11: 61, 12: 7}
2026-08-27 22:26:01,179 | INFO    |   meses ausencias : {1: 24, 3: 39, 4: 79, 5: 156, 6: 151, 7: 2, 8: 47, 9: 78, 10: 78, 11: 113, 12: 13}
2026-08-27 22:26:01,179 | INFO    |   dataset: SI=390 | NO=780 | total=1170
2026-08-27 22:26:01,187 | INFO    |   split agrupado | SU train=935 | SU test=234
2026-08-27 22:26:01,188 | INFO    |   ausencias por año: {2016: 4, 2017: 2, 2019: 3, 2020: 2, 2021: 135, 2022: 324, 2023: 146, 2024: 116, 2025: 47}
2026-08-27 22:26:02,722 | INFO    |   LR  AUC=0.969 AP=0.945 Brier=0.061
2026-08-27 22:26:05,512 | INFO    |   GAM AUC=0.973 AP=0.950 Brier=0.059
2026-08-27 22:27:38,605 | INFO    |   RF  AUC=0.984 AP=0.972 Brier=0.049
2026-08-27 22:27:38,606 | INFO    | === set_C | MC 86/100 | seed=185 ===
2026-08-27 22:27:39,504 | INFO    |   anos presencias: {2016: 2, 2017: 2, 2019: 1, 2020: 1, 2021: 71, 2022: 168, 2023: 66, 2024: 55, 2025: 24}
2026-08-27 22:27:39,505 | INFO    |   anos ausencias : {2016: 1, 2017: 2, 2019: 6, 2020: 2, 2021: 129, 2022: 320, 2023: 139, 2024: 128, 2025: 53}
2026-08-27 22:27:39,507 | INFO    |   meses presencias: {1: 11, 3: 21, 4: 37, 5: 80, 6: 73, 7: 2, 8: 23, 9: 34, 10: 41, 11: 61, 12: 7}
2026-08-27 22:27:39,507 | INFO    |   meses ausencias : {1: 26, 3: 35, 4: 81, 5: 177, 6: 146, 7: 9, 8: 43, 9: 73, 10: 67, 11: 111, 12: 12}
2026-08-27 22:27:39,508 | INFO    |   dataset: SI=390 | NO=780 | total=1170
2026-08-27 22:27:39,514 | INFO    |   split agrupado | SU train=935 | SU test=234
2026-08-27 22:27:39,516 | INFO    |   ausencias por año: {2016: 1, 2017: 2, 2019: 6, 2020: 2, 2021: 129, 2022: 319, 2023: 139, 2024: 128, 2025: 53}
2026-08-27 22:27:41,002 | INFO    |   LR  AUC=0.972 AP=0.952 Brier=0.055
2026-08-27 22:27:43,675 | INFO    |   GAM AUC=0.975 AP=0.957 Brier=0.052
2026-08-27 22:29:16,967 | INFO    |   RF  AUC=0.972 AP=0.945 Brier=0.053
2026-08-27 22:29:16,967 | INFO    | === set_C | MC 87/100 | seed=186 ===
2026-08-27 22:29:17,876 | INFO    |   anos presencias: {2016: 2, 2017: 2, 2019: 1, 2020: 1, 2021: 71, 2022: 168, 2023: 66, 2024: 55, 2025: 24}
2026-08-27 22:29:17,876 | INFO    |   anos ausencias : {2017: 3, 2019: 2, 2020: 2, 2021: 127, 2022: 327, 2023: 143, 2024: 119, 2025: 57}
2026-08-27 22:29:17,878 | INFO    |   meses presencias: {1: 11, 3: 21, 4: 37, 5: 80, 6: 73, 7: 2, 8: 23, 9: 34, 10: 41, 11: 61, 12: 7}
2026-08-27 22:29:17,879 | INFO    |   meses ausencias : {1: 33, 3: 46, 4: 82, 5: 157, 6: 134, 7: 7, 8: 43, 9: 74, 10: 65, 11: 121, 12: 18}
2026-08-27 22:29:17,879 | INFO    |   dataset: SI=390 | NO=780 | total=1170
2026-08-27 22:29:17,885 | INFO    |   split agrupado | SU train=932 | SU test=234
2026-08-27 22:29:17,887 | INFO    |   ausencias por año: {2017: 3, 2019: 2, 2020: 2, 2021: 127, 2022: 324, 2023: 143, 2024: 118, 2025: 57}
2026-08-27 22:29:19,365 | INFO    |   LR  AUC=0.970 AP=0.951 Brier=0.056
2026-08-27 22:29:22,046 | INFO    |   GAM AUC=0.975 AP=0.958 Brier=0.052
2026-08-27 22:30:50,615 | INFO    |   RF  AUC=0.976 AP=0.961 Brier=0.053
2026-08-27 22:30:50,616 | INFO    | === set_C | MC 88/100 | seed=187 ===
2026-08-27 22:30:51,529 | INFO    |   anos presencias: {2016: 2, 2017: 2, 2019: 1, 2020: 1, 2021: 71, 2022: 168, 2023: 66, 2024: 55, 2025: 24}
2026-08-27 22:30:51,530 | INFO    |   anos ausencias : {2016: 1, 2017: 4, 2019: 3, 2021: 129, 2022: 333, 2023: 134, 2024: 128, 2025: 48}
2026-08-27 22:30:51,532 | INFO    |   meses presencias: {1: 11, 3: 21, 4: 37, 5: 80, 6: 73, 7: 2, 8: 23, 9: 34, 10: 41, 11: 61, 12: 7}
2026-08-27 22:30:51,532 | INFO    |   meses ausencias : {1: 21, 3: 35, 4: 74, 5: 177, 6: 143, 7: 8, 8: 50, 9: 66, 10: 62, 11: 129, 12: 15}
2026-08-27 22:30:51,533 | INFO    |   dataset: SI=390 | NO=780 | total=1170
2026-08-27 22:30:51,540 | INFO    |   split agrupado | SU train=934 | SU test=234
2026-08-27 22:30:51,541 | INFO    |   ausencias por año: {2016: 1, 2017: 4, 2019: 3, 2021: 129, 2022: 332, 2023: 134, 2024: 128, 2025: 47}
2026-08-27 22:30:53,024 | INFO    |   LR  AUC=0.967 AP=0.957 Brier=0.053
2026-08-27 22:30:55,748 | INFO    |   GAM AUC=0.973 AP=0.966 Brier=0.048
2026-08-27 22:32:27,554 | INFO    |   RF  AUC=0.966 AP=0.960 Brier=0.054
2026-08-27 22:32:27,555 | INFO    | === set_C | MC 89/100 | seed=188 ===
2026-08-27 22:32:28,455 | INFO    |   anos presencias: {2016: 2, 2017: 2, 2019: 1, 2020: 1, 2021: 71, 2022: 168, 2023: 66, 2024: 55, 2025: 24}
2026-08-27 22:32:28,456 | INFO    |   anos ausencias : {2017: 1, 2019: 2, 2020: 1, 2021: 139, 2022: 330, 2023: 141, 2024: 120, 2025: 46}
2026-08-27 22:32:28,458 | INFO    |   meses presencias: {1: 11, 3: 21, 4: 37, 5: 80, 6: 73, 7: 2, 8: 23, 9: 34, 10: 41, 11: 61, 12: 7}
2026-08-27 22:32:28,458 | INFO    |   meses ausencias : {1: 15, 3: 32, 4: 74, 5: 183, 6: 140, 7: 7, 8: 39, 9: 64, 10: 94, 11: 124, 12: 8}
2026-08-27 22:32:28,459 | INFO    |   dataset: SI=390 | NO=780 | total=1170
2026-08-27 22:32:28,465 | INFO    |   split agrupado | SU train=933 | SU test=234
2026-08-27 22:32:28,467 | INFO    |   ausencias por año: {2017: 1, 2019: 2, 2020: 1, 2021: 139, 2022: 329, 2023: 139, 2024: 120, 2025: 46}
2026-08-27 22:32:29,921 | INFO    |   LR  AUC=0.992 AP=0.986 Brier=0.030
2026-08-27 22:32:32,596 | INFO    |   GAM AUC=0.993 AP=0.986 Brier=0.033
2026-08-27 22:34:05,934 | INFO    |   RF  AUC=0.992 AP=0.983 Brier=0.040
2026-08-27 22:34:05,935 | INFO    | === set_C | MC 90/100 | seed=189 ===
2026-08-27 22:34:06,824 | INFO    |   anos presencias: {2016: 2, 2017: 2, 2019: 1, 2020: 1, 2021: 71, 2022: 168, 2023: 66, 2024: 55, 2025: 24}
2026-08-27 22:34:06,825 | INFO    |   anos ausencias : {2016: 2, 2019: 2, 2020: 1, 2021: 143, 2022: 318, 2023: 148, 2024: 114, 2025: 52}
2026-08-27 22:34:06,827 | INFO    |   meses presencias: {1: 11, 3: 21, 4: 37, 5: 80, 6: 73, 7: 2, 8: 23, 9: 34, 10: 41, 11: 61, 12: 7}
2026-08-27 22:34:06,828 | INFO    |   meses ausencias : {1: 22, 3: 44, 4: 76, 5: 167, 6: 149, 7: 9, 8: 48, 9: 68, 10: 66, 11: 118, 12: 13}
2026-08-27 22:34:06,828 | INFO    |   dataset: SI=390 | NO=780 | total=1170
2026-08-27 22:34:06,837 | INFO    |   split agrupado | SU train=935 | SU test=234
2026-08-27 22:34:06,839 | INFO    |   ausencias por año: {2016: 2, 2019: 2, 2020: 1, 2021: 143, 2022: 317, 2023: 148, 2024: 114, 2025: 52}
2026-08-27 22:34:08,294 | INFO    |   LR  AUC=0.973 AP=0.940 Brier=0.055
2026-08-27 22:34:11,003 | INFO    |   GAM AUC=0.975 AP=0.941 Brier=0.053
2026-08-27 22:35:43,539 | INFO    |   RF  AUC=0.974 AP=0.958 Brier=0.053
2026-08-27 22:35:43,540 | INFO    | === set_C | MC 91/100 | seed=190 ===
2026-08-27 22:35:44,445 | INFO    |   anos presencias: {2016: 2, 2017: 2, 2019: 1, 2020: 1, 2021: 71, 2022: 168, 2023: 66, 2024: 55, 2025: 24}
2026-08-27 22:35:44,446 | INFO    |   anos ausencias : {2016: 1, 2017: 4, 2019: 1, 2020: 2, 2021: 125, 2022: 312, 2023: 147, 2024: 141, 2025: 47}
2026-08-27 22:35:44,448 | INFO    |   meses presencias: {1: 11, 3: 21, 4: 37, 5: 80, 6: 73, 7: 2, 8: 23, 9: 34, 10: 41, 11: 61, 12: 7}
2026-08-27 22:35:44,449 | INFO    |   meses ausencias : {1: 23, 3: 33, 4: 67, 5: 178, 6: 150, 7: 3, 8: 59, 9: 67, 10: 64, 11: 124, 12: 12}
2026-08-27 22:35:44,449 | INFO    |   dataset: SI=390 | NO=780 | total=1170
2026-08-27 22:35:44,455 | INFO    |   split agrupado | SU train=933 | SU test=234
2026-08-27 22:35:44,457 | INFO    |   ausencias por año: {2016: 1, 2017: 4, 2019: 1, 2020: 2, 2021: 124, 2022: 311, 2023: 147, 2024: 140, 2025: 47}
2026-08-27 22:35:45,915 | INFO    |   LR  AUC=0.978 AP=0.977 Brier=0.055
2026-08-27 22:35:48,715 | INFO    |   GAM AUC=0.980 AP=0.979 Brier=0.052
2026-08-27 22:37:20,151 | INFO    |   RF  AUC=0.984 AP=0.981 Brier=0.056
2026-08-27 22:37:20,151 | INFO    | === set_C | MC 92/100 | seed=191 ===
2026-08-27 22:37:21,056 | INFO    |   anos presencias: {2016: 2, 2017: 2, 2019: 1, 2020: 1, 2021: 71, 2022: 168, 2023: 66, 2024: 55, 2025: 24}
2026-08-27 22:37:21,057 | INFO    |   anos ausencias : {2016: 3, 2017: 3, 2020: 3, 2021: 125, 2022: 318, 2023: 157, 2024: 127, 2025: 44}
2026-08-27 22:37:21,059 | INFO    |   meses presencias: {1: 11, 3: 21, 4: 37, 5: 80, 6: 73, 7: 2, 8: 23, 9: 34, 10: 41, 11: 61, 12: 7}
2026-08-27 22:37:21,059 | INFO    |   meses ausencias : {1: 27, 3: 42, 4: 67, 5: 176, 6: 149, 7: 3, 8: 39, 9: 61, 10: 84, 11: 125, 12: 7}
2026-08-27 22:37:21,060 | INFO    |   dataset: SI=390 | NO=780 | total=1170
2026-08-27 22:37:21,067 | INFO    |   split agrupado | SU train=934 | SU test=234
2026-08-27 22:37:21,068 | INFO    |   ausencias por año: {2016: 3, 2017: 3, 2020: 3, 2021: 125, 2022: 317, 2023: 156, 2024: 127, 2025: 44}
2026-08-27 22:37:22,534 | INFO    |   LR  AUC=0.971 AP=0.946 Brier=0.054
2026-08-27 22:37:25,179 | INFO    |   GAM AUC=0.976 AP=0.955 Brier=0.050
2026-08-27 22:38:58,874 | INFO    |   RF  AUC=0.987 AP=0.972 Brier=0.048
2026-08-27 22:38:58,875 | INFO    | === set_C | MC 93/100 | seed=192 ===
2026-08-27 22:38:59,773 | INFO    |   anos presencias: {2016: 2, 2017: 2, 2019: 1, 2020: 1, 2021: 71, 2022: 168, 2023: 66, 2024: 55, 2025: 24}
2026-08-27 22:38:59,774 | INFO    |   anos ausencias : {2016: 1, 2017: 3, 2019: 1, 2020: 2, 2021: 132, 2022: 295, 2023: 161, 2024: 129, 2025: 56}
2026-08-27 22:38:59,776 | INFO    |   meses presencias: {1: 11, 3: 21, 4: 37, 5: 80, 6: 73, 7: 2, 8: 23, 9: 34, 10: 41, 11: 61, 12: 7}
2026-08-27 22:38:59,776 | INFO    |   meses ausencias : {1: 20, 3: 47, 4: 76, 5: 170, 6: 141, 7: 3, 8: 49, 9: 61, 10: 74, 11: 132, 12: 7}
2026-08-27 22:38:59,777 | INFO    |   dataset: SI=390 | NO=780 | total=1170
2026-08-27 22:38:59,783 | INFO    |   split agrupado | SU train=936 | SU test=234
2026-08-27 22:38:59,784 | INFO    |   ausencias por año: {2016: 1, 2017: 3, 2019: 1, 2020: 2, 2021: 132, 2022: 295, 2023: 161, 2024: 129, 2025: 56}
2026-08-27 22:39:01,276 | INFO    |   LR  AUC=0.968 AP=0.963 Brier=0.060
2026-08-27 22:39:04,069 | INFO    |   GAM AUC=0.972 AP=0.967 Brier=0.059
2026-08-27 22:40:32,899 | INFO    |   RF  AUC=0.967 AP=0.967 Brier=0.062
2026-08-27 22:40:32,900 | INFO    | === set_C | MC 94/100 | seed=193 ===
2026-08-27 22:40:33,806 | INFO    |   anos presencias: {2016: 2, 2017: 2, 2019: 1, 2020: 1, 2021: 71, 2022: 168, 2023: 66, 2024: 55, 2025: 24}
2026-08-27 22:40:33,807 | INFO    |   anos ausencias : {2016: 1, 2017: 2, 2019: 3, 2020: 1, 2021: 122, 2022: 321, 2023: 141, 2024: 143, 2025: 46}
2026-08-27 22:40:33,809 | INFO    |   meses presencias: {1: 11, 3: 21, 4: 37, 5: 80, 6: 73, 7: 2, 8: 23, 9: 34, 10: 41, 11: 61, 12: 7}
2026-08-27 22:40:33,809 | INFO    |   meses ausencias : {1: 18, 3: 38, 4: 61, 5: 182, 6: 153, 7: 5, 8: 48, 9: 66, 10: 60, 11: 135, 12: 14}
2026-08-27 22:40:33,810 | INFO    |   dataset: SI=390 | NO=780 | total=1170
2026-08-27 22:40:33,817 | INFO    |   split agrupado | SU train=935 | SU test=234
2026-08-27 22:40:33,819 | INFO    |   ausencias por año: {2016: 1, 2017: 2, 2019: 3, 2020: 1, 2021: 122, 2022: 321, 2023: 141, 2024: 142, 2025: 46}
2026-08-27 22:40:35,290 | INFO    |   LR  AUC=0.968 AP=0.950 Brier=0.064
2026-08-27 22:40:37,966 | INFO    |   GAM AUC=0.972 AP=0.956 Brier=0.062
2026-08-27 22:42:10,153 | INFO    |   RF  AUC=0.980 AP=0.963 Brier=0.054
2026-08-27 22:42:10,154 | INFO    | === set_C | MC 95/100 | seed=194 ===
2026-08-27 22:42:11,100 | INFO    |   anos presencias: {2016: 2, 2017: 2, 2019: 1, 2020: 1, 2021: 71, 2022: 168, 2023: 66, 2024: 55, 2025: 24}
2026-08-27 22:42:11,101 | INFO    |   anos ausencias : {2016: 2, 2017: 3, 2019: 2, 2020: 1, 2021: 106, 2022: 344, 2023: 152, 2024: 114, 2025: 56}
2026-08-27 22:42:11,103 | INFO    |   meses presencias: {1: 11, 3: 21, 4: 37, 5: 80, 6: 73, 7: 2, 8: 23, 9: 34, 10: 41, 11: 61, 12: 7}
2026-08-27 22:42:11,104 | INFO    |   meses ausencias : {1: 34, 3: 37, 4: 76, 5: 150, 6: 147, 7: 4, 8: 42, 9: 72, 10: 85, 11: 126, 12: 7}
2026-08-27 22:42:11,104 | INFO    |   dataset: SI=390 | NO=780 | total=1170
2026-08-27 22:42:11,111 | INFO    |   split agrupado | SU train=933 | SU test=234
2026-08-27 22:42:11,113 | INFO    |   ausencias por año: {2016: 2, 2017: 3, 2019: 2, 2020: 1, 2021: 106, 2022: 343, 2023: 152, 2024: 113, 2025: 55}
2026-08-27 22:42:12,587 | INFO    |   LR  AUC=0.968 AP=0.949 Brier=0.058
2026-08-27 22:42:15,256 | INFO    |   GAM AUC=0.974 AP=0.957 Brier=0.055
2026-08-27 22:43:49,565 | INFO    |   RF  AUC=0.979 AP=0.969 Brier=0.050
2026-08-27 22:43:49,566 | INFO    | === set_C | MC 96/100 | seed=195 ===
2026-08-27 22:43:50,467 | INFO    |   anos presencias: {2016: 2, 2017: 2, 2019: 1, 2020: 1, 2021: 71, 2022: 168, 2023: 66, 2024: 55, 2025: 24}
2026-08-27 22:43:50,467 | INFO    |   anos ausencias : {2020: 2, 2021: 127, 2022: 320, 2023: 151, 2024: 138, 2025: 42}
2026-08-27 22:43:50,470 | INFO    |   meses presencias: {1: 11, 3: 21, 4: 37, 5: 80, 6: 73, 7: 2, 8: 23, 9: 34, 10: 41, 11: 61, 12: 7}
2026-08-27 22:43:50,470 | INFO    |   meses ausencias : {1: 25, 3: 29, 4: 61, 5: 179, 6: 161, 7: 6, 8: 52, 9: 69, 10: 70, 11: 117, 12: 11}
2026-08-27 22:43:50,470 | INFO    |   dataset: SI=390 | NO=780 | total=1170
2026-08-27 22:43:50,477 | INFO    |   split agrupado | SU train=935 | SU test=234
2026-08-27 22:43:50,479 | INFO    |   ausencias por año: {2020: 2, 2021: 127, 2022: 320, 2023: 150, 2024: 138, 2025: 42}
2026-08-27 22:43:51,928 | INFO    |   LR  AUC=0.978 AP=0.966 Brier=0.056
2026-08-27 22:43:54,621 | INFO    |   GAM AUC=0.981 AP=0.968 Brier=0.051
2026-08-27 22:45:27,095 | INFO    |   RF  AUC=0.985 AP=0.977 Brier=0.047
2026-08-27 22:45:27,095 | INFO    | === set_C | MC 97/100 | seed=196 ===
2026-08-27 22:45:28,013 | INFO    |   anos presencias: {2016: 2, 2017: 2, 2019: 1, 2020: 1, 2021: 71, 2022: 168, 2023: 66, 2024: 55, 2025: 24}
2026-08-27 22:45:28,014 | INFO    |   anos ausencias : {2016: 2, 2017: 1, 2020: 2, 2021: 138, 2022: 306, 2023: 170, 2024: 116, 2025: 45}
2026-08-27 22:45:28,016 | INFO    |   meses presencias: {1: 11, 3: 21, 4: 37, 5: 80, 6: 73, 7: 2, 8: 23, 9: 34, 10: 41, 11: 61, 12: 7}
2026-08-27 22:45:28,016 | INFO    |   meses ausencias : {1: 37, 3: 41, 4: 77, 5: 155, 6: 140, 7: 4, 8: 56, 9: 65, 10: 64, 11: 120, 12: 21}
2026-08-27 22:45:28,017 | INFO    |   dataset: SI=390 | NO=780 | total=1170
2026-08-27 22:45:28,024 | INFO    |   split agrupado | SU train=935 | SU test=234
2026-08-27 22:45:28,025 | INFO    |   ausencias por año: {2016: 2, 2017: 1, 2020: 2, 2021: 138, 2022: 305, 2023: 170, 2024: 116, 2025: 45}
2026-08-27 22:45:29,525 | INFO    |   LR  AUC=0.958 AP=0.935 Brier=0.072
2026-08-27 22:45:32,277 | INFO    |   GAM AUC=0.963 AP=0.940 Brier=0.069
2026-08-27 22:47:03,877 | INFO    |   RF  AUC=0.966 AP=0.955 Brier=0.065
2026-08-27 22:47:03,878 | INFO    | === set_C | MC 98/100 | seed=197 ===
2026-08-27 22:47:04,780 | INFO    |   anos presencias: {2016: 2, 2017: 2, 2019: 1, 2020: 1, 2021: 71, 2022: 168, 2023: 66, 2024: 55, 2025: 24}
2026-08-27 22:47:04,780 | INFO    |   anos ausencias : {2017: 2, 2019: 2, 2020: 1, 2021: 133, 2022: 340, 2023: 144, 2024: 118, 2025: 40}
2026-08-27 22:47:04,782 | INFO    |   meses presencias: {1: 11, 3: 21, 4: 37, 5: 80, 6: 73, 7: 2, 8: 23, 9: 34, 10: 41, 11: 61, 12: 7}
2026-08-27 22:47:04,783 | INFO    |   meses ausencias : {1: 19, 3: 36, 4: 75, 5: 169, 6: 162, 7: 7, 8: 43, 9: 64, 10: 75, 11: 117, 12: 13}
2026-08-27 22:47:04,783 | INFO    |   dataset: SI=390 | NO=780 | total=1170
2026-08-27 22:47:04,790 | INFO    |   split agrupado | SU train=933 | SU test=234
2026-08-27 22:47:04,794 | INFO    |   ausencias por año: {2017: 2, 2019: 2, 2020: 1, 2021: 132, 2022: 339, 2023: 143, 2024: 118, 2025: 40}
2026-08-27 22:47:06,247 | INFO    |   LR  AUC=0.965 AP=0.955 Brier=0.054
2026-08-27 22:47:08,903 | INFO    |   GAM AUC=0.968 AP=0.957 Brier=0.054
2026-08-27 22:48:42,028 | INFO    |   RF  AUC=0.966 AP=0.952 Brier=0.059
2026-08-27 22:48:42,028 | INFO    | === set_C | MC 99/100 | seed=198 ===
2026-08-27 22:48:42,922 | INFO    |   anos presencias: {2016: 2, 2017: 2, 2019: 1, 2020: 1, 2021: 71, 2022: 168, 2023: 66, 2024: 55, 2025: 24}
2026-08-27 22:48:42,922 | INFO    |   anos ausencias : {2016: 4, 2017: 5, 2020: 3, 2021: 113, 2022: 310, 2023: 158, 2024: 139, 2025: 48}
2026-08-27 22:48:42,925 | INFO    |   meses presencias: {1: 11, 3: 21, 4: 37, 5: 80, 6: 73, 7: 2, 8: 23, 9: 34, 10: 41, 11: 61, 12: 7}
2026-08-27 22:48:42,925 | INFO    |   meses ausencias : {1: 35, 3: 41, 4: 74, 5: 178, 6: 147, 7: 5, 8: 41, 9: 73, 10: 59, 11: 115, 12: 12}
2026-08-27 22:48:42,925 | INFO    |   dataset: SI=390 | NO=780 | total=1170
2026-08-27 22:48:42,931 | INFO    |   split agrupado | SU train=934 | SU test=234
2026-08-27 22:48:42,933 | INFO    |   ausencias por año: {2016: 4, 2017: 5, 2020: 3, 2021: 113, 2022: 309, 2023: 158, 2024: 138, 2025: 48}
2026-08-27 22:48:44,388 | INFO    |   LR  AUC=0.977 AP=0.953 Brier=0.054
2026-08-27 22:48:47,058 | INFO    |   GAM AUC=0.980 AP=0.959 Brier=0.051
2026-08-27 22:50:16,549 | INFO    |   RF  AUC=0.987 AP=0.973 Brier=0.046
2026-08-27 22:50:16,549 | INFO    | === set_C | MC 100/100 | seed=199 ===
2026-08-27 22:50:17,493 | INFO    |   anos presencias: {2016: 2, 2017: 2, 2019: 1, 2020: 1, 2021: 71, 2022: 168, 2023: 66, 2024: 55, 2025: 24}
2026-08-27 22:50:17,493 | INFO    |   anos ausencias : {2016: 1, 2017: 3, 2020: 2, 2021: 120, 2022: 328, 2023: 157, 2024: 123, 2025: 46}
2026-08-27 22:50:17,496 | INFO    |   meses presencias: {1: 11, 3: 21, 4: 37, 5: 80, 6: 73, 7: 2, 8: 23, 9: 34, 10: 41, 11: 61, 12: 7}
2026-08-27 22:50:17,496 | INFO    |   meses ausencias : {1: 20, 3: 36, 4: 66, 5: 186, 6: 135, 7: 4, 8: 62, 9: 67, 10: 79, 11: 119, 12: 6}
2026-08-27 22:50:17,496 | INFO    |   dataset: SI=390 | NO=780 | total=1170
2026-08-27 22:50:17,504 | INFO    |   split agrupado | SU train=935 | SU test=234
2026-08-27 22:50:17,506 | INFO    |   ausencias por año: {2016: 1, 2017: 3, 2020: 2, 2021: 119, 2022: 328, 2023: 157, 2024: 123, 2025: 46}
2026-08-27 22:50:18,990 | INFO    |   LR  AUC=0.970 AP=0.950 Brier=0.052
2026-08-27 22:50:21,675 | INFO    |   GAM AUC=0.973 AP=0.953 Brier=0.049
2026-08-27 22:51:53,245 | INFO    |   RF  AUC=0.981 AP=0.965 Brier=0.048
2026-08-27 22:51:53,291 | INFO    | RESUMEN set_C (AUROC):
       median    mean     std
model                        
GAM    0.9743  0.9740  0.0095
LR     0.9709  0.9711  0.0103
RF     0.9788  0.9774  0.0092
2026-08-27 22:51:53,291 | INFO    | === set_C LISTO ===
2026-08-29 20:27:21,780 | INFO    | ======================================================================
2026-08-29 20:27:21,781 | INFO    | INICIO set_C: 2026-08-29T20:27:21
2026-08-29 20:27:21,781 | INFO    | EXCL_DAYS_C = 0 | MATCH_TIME = True
2026-08-29 20:27:57,755 | INFO    | Hold-out desde 2025-03-01: 57 eventos reservados -> /home/oisanchezp/Thesis/src/05_Chapter/Montecarlo/holdout_events.csv
2026-08-29 20:27:57,799 | INFO    | Slope units: 61110 | filas evento para entrenar: 435
2026-08-29 20:29:17,877 | INFO    | SU ausencia elegibles (>200 m de un evento): 55128 de 60675
2026-08-29 20:29:18,103 | INFO    |   Est.    1: 2010-01-12 -> 2026-03-18 |  94.0% con dato | 1985 duplicados
2026-08-29 20:29:18,259 | INFO    |   Est.    2: 2010-01-01 -> 2026-03-18 |  90.7% con dato | 249 duplicados
2026-08-29 20:29:18,411 | INFO    |   Est.    3: 2010-01-01 -> 2026-03-18 |  89.5% con dato | 1991 duplicados
2026-08-29 20:29:18,561 | INFO    |   Est.    4: 2010-01-01 -> 2026-03-18 |  84.2% con dato | 1972 duplicados
2026-08-29 20:29:18,784 | INFO    |   Est.    5: 2010-01-01 -> 2026-03-18 |  95.7% con dato | 1991 duplicados
2026-08-29 20:29:18,942 | INFO    |   Est.    7: 2010-01-01 -> 2026-03-18 |  90.6% con dato | 1991 duplicados
2026-08-29 20:29:19,094 | INFO    |   Est.    8: 2010-01-01 -> 2026-03-18 |  89.8% con dato | 1980 duplicados
2026-08-29 20:29:19,235 | INFO    |   Est.    9: 2010-01-01 -> 2026-03-18 |  90.4% con dato | 1990 duplicados
2026-08-29 20:29:19,381 | INFO    |   Est.   10: 2010-01-01 -> 2026-03-18 |  90.8% con dato | 1990 duplicados
2026-08-29 20:29:19,523 | INFO    |   Est.   11: 2010-01-04 -> 2026-03-18 |  89.4% con dato | 1991 duplicados
2026-08-29 20:29:19,677 | INFO    |   Est.   12: 2010-01-01 -> 2026-03-18 |  91.8% con dato | 1972 duplicados
2026-08-29 20:29:19,826 | INFO    |   Est.   14: 2010-01-01 -> 2026-03-18 |  89.7% con dato | 1991 duplicados
2026-08-29 20:29:19,995 | INFO    |   Est.   15: 2010-01-01 -> 2026-03-18 |  92.8% con dato | 1991 duplicados
2026-08-29 20:29:20,155 | INFO    |   Est.   16: 2010-01-01 -> 2026-03-18 |  92.0% con dato | 1991 duplicados
2026-08-29 20:29:20,316 | INFO    |   Est.   17: 2010-01-28 -> 2026-03-18 |  93.5% con dato | 1991 duplicados
2026-08-29 20:29:20,470 | INFO    |   Est.   18: 2010-01-11 -> 2026-03-18 |  91.1% con dato | 1991 duplicados
2026-08-29 20:29:20,625 | INFO    |   Est.   19: 2010-01-11 -> 2026-03-18 |  93.5% con dato | 1991 duplicados
2026-08-29 20:29:20,771 | INFO    |   Est.   20: 2010-01-12 -> 2026-03-18 |  88.5% con dato | 1991 duplicados
2026-08-29 20:29:20,914 | INFO    |   Est.   21: 2010-01-11 -> 2026-03-18 |  91.3% con dato | 1990 duplicados
2026-08-29 20:29:21,063 | INFO    |   Est.   22: 2010-01-14 -> 2026-03-18 |  91.0% con dato | 1991 duplicados
2026-08-29 20:29:21,228 | INFO    |   Est.   23: 2010-01-10 -> 2026-03-18 |  93.5% con dato | 1973 duplicados
2026-08-29 20:29:21,386 | INFO    |   Est.   24: 2010-01-18 -> 2026-03-18 |  92.4% con dato | 1991 duplicados
2026-08-29 20:29:21,533 | INFO    |   Est.   25: 2010-01-18 -> 2026-01-07 |  77.2% con dato | 1 duplicados
2026-08-29 20:29:21,697 | INFO    |   Est.   26: 2010-01-04 -> 2026-03-18 |  83.2% con dato | 1990 duplicados
2026-08-29 20:29:21,842 | INFO    |   Est.   27: 2010-01-18 -> 2024-07-12 |  82.7% con dato | 0 duplicados
2026-08-29 20:29:22,003 | INFO    |   Est.   28: 2010-01-18 -> 2026-03-18 |  86.4% con dato | 1991 duplicados
2026-08-29 20:29:22,155 | INFO    |   Est.   29: 2010-01-18 -> 2026-03-18 |  91.9% con dato | 1991 duplicados
2026-08-29 20:29:22,313 | INFO    |   Est.   30: 2010-01-01 -> 2026-03-18 |  90.4% con dato | 1991 duplicados
2026-08-29 20:29:22,453 | INFO    |   Est.   31: 2010-01-06 -> 2026-03-18 |  87.5% con dato | 1991 duplicados
2026-08-29 20:29:22,616 | INFO    |   Est.   32: 2010-01-06 -> 2026-03-18 |  86.0% con dato | 1991 duplicados
2026-08-29 20:29:22,754 | INFO    |   Est.   33: 2010-01-28 -> 2026-03-18 |  87.2% con dato | 1991 duplicados
2026-08-29 20:29:22,933 | INFO    |   Est.   34: 2010-01-10 -> 2026-03-18 |  88.7% con dato | 1991 duplicados
2026-08-29 20:29:23,093 | INFO    |   Est.   35: 2010-01-28 -> 2026-03-18 |  93.8% con dato | 1991 duplicados
2026-08-29 20:29:23,266 | INFO    |   Est.   36: 2010-03-26 -> 2026-03-18 |  92.6% con dato | 1991 duplicados
2026-08-29 20:29:23,411 | INFO    |   Est.   37: 2010-01-28 -> 2026-03-18 |  89.5% con dato | 1991 duplicados
2026-08-29 20:29:23,570 | INFO    |   Est.   39: 2010-01-28 -> 2026-03-18 |  91.0% con dato | 1991 duplicados
2026-08-29 20:29:23,715 | INFO    |   Est.   40: 2010-02-05 -> 2026-03-18 |  92.2% con dato | 1989 duplicados
2026-08-29 20:29:23,873 | INFO    |   Est.   41: 2010-01-28 -> 2026-03-18 |  92.7% con dato | 1991 duplicados
2026-08-29 20:29:24,028 | INFO    |   Est.   42: 2010-02-05 -> 2026-03-18 |  88.9% con dato | 1991 duplicados
2026-08-29 20:29:24,176 | INFO    |   Est.   43: 2010-05-03 -> 2026-03-18 |  86.2% con dato | 1991 duplicados
2026-08-29 20:29:24,326 | INFO    |   Est.   44: 2010-04-19 -> 2026-03-18 |  83.2% con dato | 1991 duplicados
2026-08-29 20:29:24,463 | INFO    |   Est.   45: 2010-05-05 -> 2026-03-18 |  88.0% con dato | 1991 duplicados
2026-08-29 20:29:24,619 | INFO    |   Est.   46: 2010-04-28 -> 2025-05-06 |  92.9% con dato | 966 duplicados
2026-08-29 20:29:24,756 | INFO    |   Est.   47: 2010-05-03 -> 2026-03-18 |  81.9% con dato | 1991 duplicados
2026-08-29 20:29:24,899 | INFO    |   Est.   48: 2010-05-14 -> 2026-03-18 |  93.3% con dato | 1972 duplicados
2026-08-29 20:29:25,038 | INFO    |   Est.   49: 2010-09-08 -> 2026-03-18 |  85.3% con dato | 1991 duplicados
2026-08-29 20:29:25,190 | INFO    |   Est.   50: 2011-02-09 -> 2026-03-18 |  88.9% con dato | 1991 duplicados
2026-08-29 20:29:25,352 | INFO    |   Est.   51: 2011-01-17 -> 2026-03-18 |  87.8% con dato | 1972 duplicados
2026-08-29 20:29:25,491 | INFO    |   Est.   52: 2011-03-01 -> 2026-03-18 |  79.8% con dato | 1991 duplicados
2026-08-29 20:29:25,651 | INFO    |   Est.   53: 2011-01-11 -> 2026-03-18 |  92.8% con dato | 1991 duplicados
2026-08-29 20:29:25,795 | INFO    |   Est.   54: 2010-12-27 -> 2026-03-18 |  92.2% con dato | 1991 duplicados
2026-08-29 20:29:25,934 | INFO    |   Est.   55: 2010-11-04 -> 2026-03-18 |  82.7% con dato | 1991 duplicados
2026-08-29 20:29:26,070 | INFO    |   Est.   56: 2012-06-14 -> 2026-03-18 |  92.6% con dato | 1991 duplicados
2026-08-29 20:29:26,196 | INFO    |   Est.   57: 2012-03-23 -> 2026-03-18 |  89.5% con dato | 1985 duplicados
2026-08-29 20:29:26,338 | INFO    |   Est.   58: 2012-03-23 -> 2026-03-18 |  88.9% con dato | 1990 duplicados
2026-08-29 20:29:26,504 | INFO    |   Est.   60: 2012-01-01 -> 2026-03-18 |  89.7% con dato | 1991 duplicados
2026-08-29 20:29:26,645 | INFO    |   Est.   61: 2012-03-20 -> 2026-03-18 |  89.9% con dato | 1991 duplicados
2026-08-29 20:29:26,777 | INFO    |   Est.   62: 2012-03-07 -> 2026-03-18 |  88.8% con dato | 1900 duplicados
2026-08-29 20:29:26,896 | INFO    |   Est.   64: 2012-09-05 -> 2026-03-07 |  87.3% con dato | 1991 duplicados
2026-08-29 20:29:27,044 | INFO    |   Est.   65: 2012-08-09 -> 2026-03-18 |  90.5% con dato | 1990 duplicados
2026-08-29 20:29:27,183 | INFO    |   Est.   66: 2012-06-06 -> 2026-03-18 |  91.6% con dato | 1991 duplicados
2026-08-29 20:29:27,316 | INFO    |   Est.   70: 2012-06-25 -> 2026-03-18 |  93.8% con dato | 1972 duplicados
2026-08-29 20:29:27,449 | INFO    |   Est.   71: 2013-02-28 -> 2026-03-18 |  95.0% con dato | 1991 duplicados
2026-08-29 20:29:27,572 | INFO    |   Est.   72: 2012-06-25 -> 2026-03-18 |  91.0% con dato | 1991 duplicados
2026-08-29 20:29:27,702 | INFO    |   Est.   74: 2013-05-27 -> 2026-03-18 |  95.3% con dato | 1991 duplicados
2026-08-29 20:29:27,825 | INFO    |   Est.   76: 2013-07-02 -> 2026-03-18 |  94.8% con dato | 1991 duplicados
2026-08-29 20:29:27,961 | INFO    |   Est.   81: 2013-06-28 -> 2026-03-18 |  97.4% con dato | 1991 duplicados
2026-08-29 20:29:28,088 | INFO    |   Est.   88: 2013-11-14 -> 2026-03-18 |  93.4% con dato | 1991 duplicados
2026-08-29 20:29:28,187 | INFO    |   Est.   89: 2013-11-14 -> 2025-05-06 |  95.5% con dato | 525 duplicados
2026-08-29 20:29:28,306 | INFO    |   Est.  121: 2014-11-26 -> 2026-03-18 |  96.8% con dato | 1991 duplicados
2026-08-29 20:29:28,414 | INFO    |   Est.  127: 2015-04-10 -> 2026-03-18 |  92.8% con dato | 1990 duplicados
2026-08-29 20:29:28,519 | INFO    |   Est.  129: 2015-04-23 -> 2026-03-18 |  94.6% con dato | 1991 duplicados
2026-08-29 20:29:28,658 | INFO    |   Est.  146: 2015-08-18 -> 2026-03-18 |  95.8% con dato | 1991 duplicados
2026-08-29 20:29:28,769 | INFO    |   Est.  154: 2015-09-17 -> 2026-03-18 |  83.7% con dato | 1972 duplicados
2026-08-29 20:29:28,859 | INFO    |   Est.  171: 2016-01-01 -> 2026-03-18 |  80.4% con dato | 1979 duplicados
2026-08-29 20:29:28,980 | INFO    |   Est.  184: 2016-01-01 -> 2026-03-18 |  84.2% con dato | 1991 duplicados
2026-08-29 20:29:29,041 | INFO    |   Est.  189: 2018-08-18 -> 2025-03-30 |  95.5% con dato | 1 duplicados
2026-08-29 20:29:29,164 | INFO    |   Est.  193: 2017-07-18 -> 2026-03-18 |  97.6% con dato | 1991 duplicados
2026-08-29 20:29:29,293 | INFO    |   Est.  211: 2012-12-10 -> 2026-03-18 |  93.5% con dato | 1991 duplicados
2026-08-29 20:29:29,404 | INFO    |   Est.  230: 2017-08-31 -> 2026-03-18 |  97.2% con dato | 1991 duplicados
2026-08-29 20:29:29,500 | INFO    |   Est.  234: 2017-09-18 -> 2026-03-18 |  98.0% con dato | 1991 duplicados
2026-08-29 20:29:29,573 | INFO    |   Est.  241: 2017-10-20 -> 2026-03-18 |  91.7% con dato | 1991 duplicados
2026-08-29 20:29:29,666 | INFO    |   Est.  242: 2017-10-20 -> 2026-03-18 |  98.4% con dato | 1991 duplicados
2026-08-29 20:29:29,746 | INFO    |   Est.  244: 2017-10-28 -> 2026-03-18 |  97.4% con dato | 1991 duplicados
2026-08-29 20:29:29,833 | INFO    |   Est.  248: 2017-11-05 -> 2026-03-19 |  96.8% con dato | 0 duplicados
2026-08-29 20:29:29,928 | INFO    |   Est.  253: 2017-11-14 -> 2026-03-18 |  96.6% con dato | 1991 duplicados
2026-08-29 20:29:30,022 | INFO    |   Est.  261: 2017-12-01 -> 2026-03-18 |  95.4% con dato | 1991 duplicados
2026-08-29 20:29:30,114 | INFO    |   Est.  266: 2017-12-19 -> 2025-04-02 |  91.1% con dato | 1 duplicados
2026-08-29 20:29:30,220 | INFO    |   Est.  267: 2017-12-18 -> 2026-03-18 |  97.2% con dato | 1991 duplicados
2026-08-29 20:29:30,315 | INFO    |   Est.  274: 2018-01-19 -> 2026-03-18 |  98.4% con dato | 1991 duplicados
2026-08-29 20:29:30,411 | INFO    |   Est.  275: 2018-01-16 -> 2026-03-18 |  91.7% con dato | 1628 duplicados
2026-08-29 20:29:30,492 | INFO    |   Est.  278: 2018-01-31 -> 2026-03-18 |  96.0% con dato | 1991 duplicados
2026-08-29 20:29:30,577 | INFO    |   Est.  281: 2018-02-15 -> 2026-03-18 |  98.8% con dato | 1991 duplicados
2026-08-29 20:29:30,662 | INFO    |   Est.  288: 2018-03-21 -> 2026-03-18 |  97.1% con dato | 1991 duplicados
2026-08-29 20:29:30,759 | INFO    |   Est.  289: 2018-03-22 -> 2026-03-18 |  95.7% con dato | 1991 duplicados
2026-08-29 20:29:30,853 | INFO    |   Est.  295: 2018-04-23 -> 2026-03-18 |  95.3% con dato | 1991 duplicados
2026-08-29 20:29:30,939 | INFO    |   Est.  311: 2018-06-05 -> 2026-03-18 |  61.2% con dato | 1991 duplicados
2026-08-29 20:29:31,033 | INFO    |   Est.  320: 2018-06-27 -> 2026-03-18 |  97.0% con dato | 1991 duplicados
2026-08-29 20:29:31,132 | INFO    |   Est.  323: 2018-07-17 -> 2026-03-18 |  96.1% con dato | 1980 duplicados
2026-08-29 20:29:31,211 | INFO    |   Est.  324: 2018-07-17 -> 2026-03-18 |  95.1% con dato | 1991 duplicados
2026-08-29 20:29:31,276 | INFO    |   Est.  328: 2018-08-09 -> 2026-03-18 |  96.9% con dato | 1991 duplicados
2026-08-29 20:29:31,345 | INFO    |   Est.  334: 2018-09-18 -> 2026-03-18 |  96.0% con dato | 1991 duplicados
2026-08-29 20:29:31,423 | INFO    |   Est.  339: 2019-01-04 -> 2026-03-18 |  94.7% con dato | 1991 duplicados
2026-08-29 20:29:31,505 | INFO    |   Est.  352: 2019-02-01 -> 2026-03-18 |  97.7% con dato | 1991 duplicados
2026-08-29 20:29:31,588 | INFO    |   Est.  353: 2019-02-01 -> 2026-03-18 |  93.4% con dato | 1989 duplicados
2026-08-29 20:29:31,664 | INFO    |   Est.  356: 2019-03-18 -> 2026-03-18 |  98.3% con dato | 1989 duplicados
2026-08-29 20:29:31,759 | INFO    |   Est.  373: 2019-05-08 -> 2026-03-18 |  94.5% con dato | 1991 duplicados
2026-08-29 20:29:31,821 | INFO    |   Est.  376: 2019-05-15 -> 2026-03-18 |  98.0% con dato | 1991 duplicados
2026-08-29 20:29:31,889 | INFO    |   Est.  378: 2019-06-04 -> 2026-03-18 |  92.6% con dato | 1984 duplicados
2026-08-29 20:29:31,950 | INFO    |   Est.  383: 2019-06-14 -> 2026-03-18 |  96.6% con dato | 1991 duplicados
2026-08-29 20:29:32,030 | INFO    |   Est.  389: 2019-08-09 -> 2026-03-18 |  95.3% con dato | 1860 duplicados
2026-08-29 20:29:32,089 | INFO    |   Est.  392: 2019-09-09 -> 2026-03-18 |  96.7% con dato | 1991 duplicados
2026-08-29 20:29:32,145 | INFO    |   Est.  393: 2019-09-20 -> 2026-03-18 |  98.5% con dato | 1991 duplicados
2026-08-29 20:29:32,219 | INFO    |   Est.  394: 2019-09-20 -> 2026-03-18 |  95.9% con dato | 1991 duplicados
2026-08-29 20:29:32,287 | INFO    |   Est.  395: 2019-09-24 -> 2026-03-18 |  97.8% con dato | 1991 duplicados
2026-08-29 20:29:32,359 | INFO    |   Est.  418: 2019-12-26 -> 2026-03-18 |  94.9% con dato | 1991 duplicados
2026-08-29 20:29:32,421 | INFO    |   Est.  420: 2019-12-26 -> 2026-03-18 |  95.8% con dato | 1991 duplicados
2026-08-29 20:29:32,474 | INFO    |   Est.  421: 2020-01-14 -> 2026-03-18 |  98.4% con dato | 1991 duplicados
2026-08-29 20:29:32,530 | INFO    |   Est.  429: 2020-02-21 -> 2026-03-18 |  98.2% con dato | 1991 duplicados
2026-08-29 20:29:32,586 | INFO    |   Est.  432: 2020-02-27 -> 2026-03-18 |  98.5% con dato | 1990 duplicados
2026-08-29 20:29:32,666 | INFO    |   Est.  433: 2020-02-28 -> 2026-03-18 |  94.9% con dato | 1991 duplicados
2026-08-29 20:29:32,724 | INFO    |   Est.  434: 2020-03-03 -> 2026-03-18 |  97.8% con dato | 1991 duplicados
2026-08-29 20:29:32,786 | INFO    |   Est.  437: 2020-03-31 -> 2026-03-18 |  98.9% con dato | 1991 duplicados
2026-08-29 20:29:32,839 | INFO    |   Est.  445: 2020-05-11 -> 2026-03-18 |  87.6% con dato | 1991 duplicados
2026-08-29 20:29:32,890 | INFO    |   Est.  446: 2020-05-08 -> 2026-03-18 |  86.2% con dato | 1991 duplicados
2026-08-29 20:29:32,966 | INFO    |   Est.  447: 2020-05-11 -> 2026-03-18 |  98.9% con dato | 1991 duplicados
2026-08-29 20:29:33,034 | INFO    |   Est.  451: 2020-07-03 -> 2026-03-18 |  98.2% con dato | 1972 duplicados
2026-08-29 20:29:33,096 | INFO    |   Est.  456: 2020-07-31 -> 2026-03-18 |  96.5% con dato | 1991 duplicados
2026-08-29 20:29:33,150 | INFO    |   Est.  457: 2020-09-08 -> 2026-03-18 |  94.5% con dato | 1991 duplicados
2026-08-29 20:29:33,203 | INFO    |   Est.  481: 2020-12-18 -> 2026-03-18 |  97.8% con dato | 1991 duplicados
2026-08-29 20:29:33,272 | INFO    |   Est.  499: 2021-02-16 -> 2026-03-18 |  97.5% con dato | 1991 duplicados
2026-08-29 20:29:33,322 | INFO    |   Est.  515: 2021-03-12 -> 2026-03-18 |  97.4% con dato | 1990 duplicados
2026-08-29 20:29:33,371 | INFO    |   Est.  519: 2021-03-19 -> 2026-03-18 |  97.8% con dato | 1991 duplicados
2026-08-29 20:29:33,423 | INFO    |   Est.  539: 2021-06-24 -> 2026-03-18 |  92.0% con dato | 1991 duplicados
2026-08-29 20:29:33,483 | INFO    |   Est.  540: 2021-06-11 -> 2026-03-18 |  92.7% con dato | 1972 duplicados
2026-08-29 20:29:33,545 | INFO    |   Est.  543: 2021-06-29 -> 2026-03-18 |  98.6% con dato | 1989 duplicados
2026-08-29 20:29:33,609 | INFO    |   Est.  551: 2021-09-02 -> 2026-03-18 |  99.5% con dato | 1991 duplicados
2026-08-29 20:29:33,675 | INFO    |   Est.  558: 2021-09-29 -> 2026-03-18 |  99.3% con dato | 1989 duplicados
2026-08-29 20:29:33,706 | INFO    |   Est.  601: 2022-05-03 -> 2026-03-18 |  97.6% con dato | 1991 duplicados
2026-08-29 20:29:33,779 | INFO    |   Est.  607: 2022-06-08 -> 2026-03-18 |  95.5% con dato | 1990 duplicados
2026-08-29 20:29:33,828 | INFO    |   Est.  612: 2022-06-21 -> 2025-07-03 |  99.2% con dato | 1311 duplicados
2026-08-29 20:29:33,884 | INFO    |   Est.  619: 2022-06-29 -> 2025-05-06 |  94.4% con dato | 966 duplicados
2026-08-29 20:29:33,938 | INFO    |   Est.  636: 2022-11-16 -> 2026-03-18 |  98.7% con dato | 1991 duplicados
2026-08-29 20:29:33,939 | INFO    | Pluviómetros con serie: 143
2026-08-29 20:29:34,458 | INFO    | Distancia SU-pluvio ausencias (m): mediana=1946 | max=13027
2026-08-29 20:29:34,868 | INFO    |   filtro húmedo eventos: descartadas 69/435 (15.9%)
2026-08-29 20:29:34,892 | INFO    | Eventos tras filtros: 366
2026-08-29 20:29:34,935 | INFO    | Dias excluidos: 128
2026-08-29 20:29:38,844 | INFO    | Pluviómetros con fechas candidatas (hasta 2025-03-01): 143
2026-08-29 20:29:38,845 | INFO    | Horas candidatas totales: 1475152
2026-08-29 20:29:38,849 | INFO    | Periodos (ano-mes) con eventos: 35 | rango 2016-10 a 2024-11
2026-08-29 20:29:39,408 | INFO    | Pluviometros con candidatas en periodos de evento: 143
2026-08-29 20:29:39,408 | INFO    | Periodos cubiertos por pluviometro: mediana=31 de 35
2026-08-29 20:29:39,431 | INFO    | Pool de SU ausencia utilizable: 55128 (se necesitan 732)
2026-08-29 20:29:39,432 | INFO    | === set_C | MC 1/100 | seed=100 ===
2026-08-29 20:29:40,367 | INFO    |   anos presencias: {2016: 2, 2017: 2, 2019: 1, 2020: 1, 2021: 71, 2022: 168, 2023: 66, 2024: 55}
2026-08-29 20:29:40,367 | INFO    |   anos ausencias : {2016: 2, 2017: 1, 2019: 1, 2020: 3, 2021: 133, 2022: 331, 2023: 143, 2024: 118}
2026-08-29 20:29:40,369 | INFO    |   meses presencias: {1: 11, 3: 21, 4: 20, 5: 74, 6: 72, 7: 2, 8: 23, 9: 34, 10: 41, 11: 61, 12: 7}
2026-08-29 20:29:40,370 | INFO    |   meses ausencias : {1: 22, 3: 42, 4: 46, 5: 156, 6: 143, 7: 2, 8: 49, 9: 69, 10: 68, 11: 127, 12: 8}
2026-08-29 20:29:40,370 | INFO    |   dataset: SI=366 | NO=732 | total=1098
2026-08-29 20:29:40,379 | INFO    |   split agrupado | SU train=877 | SU test=220
2026-08-29 20:29:40,382 | INFO    |   ausencias por año: {2016: 2, 2017: 1, 2019: 1, 2020: 3, 2021: 133, 2022: 330, 2023: 143, 2024: 118}
2026-08-29 20:29:41,923 | INFO    |   LR  AUC=0.977 AP=0.949 Brier=0.053
2026-08-29 20:29:44,659 | INFO    |   GAM AUC=0.976 AP=0.947 Brier=0.054
2026-08-29 20:31:09,265 | INFO    |   RF  AUC=0.981 AP=0.965 Brier=0.054
2026-08-29 20:31:09,265 | INFO    | === set_C | MC 2/100 | seed=101 ===
2026-08-29 20:31:10,155 | INFO    |   anos presencias: {2016: 2, 2017: 2, 2019: 1, 2020: 1, 2021: 71, 2022: 168, 2023: 66, 2024: 55}
2026-08-29 20:31:10,155 | INFO    |   anos ausencias : {2016: 1, 2021: 154, 2022: 301, 2023: 160, 2024: 116}
2026-08-29 20:31:10,158 | INFO    |   meses presencias: {1: 11, 3: 21, 4: 20, 5: 74, 6: 72, 7: 2, 8: 23, 9: 34, 10: 41, 11: 61, 12: 7}
2026-08-29 20:31:10,158 | INFO    |   meses ausencias : {1: 25, 3: 40, 4: 38, 5: 167, 6: 131, 7: 3, 8: 39, 9: 69, 10: 79, 11: 130, 12: 11}
2026-08-29 20:31:10,158 | INFO    |   dataset: SI=366 | NO=732 | total=1098
2026-08-29 20:31:10,166 | INFO    |   split agrupado | SU train=877 | SU test=220
2026-08-29 20:31:10,168 | INFO    |   ausencias por año: {2016: 1, 2021: 153, 2022: 301, 2023: 160, 2024: 116}
2026-08-29 20:31:11,755 | INFO    |   LR  AUC=0.992 AP=0.984 Brier=0.030
2026-08-29 20:31:14,527 | INFO    |   GAM AUC=0.992 AP=0.986 Brier=0.029
2026-08-29 20:32:40,217 | INFO    |   RF  AUC=0.990 AP=0.975 Brier=0.040
2026-08-29 20:32:40,218 | INFO    | === set_C | MC 3/100 | seed=102 ===
2026-08-29 20:32:41,079 | INFO    |   anos presencias: {2016: 2, 2017: 2, 2019: 1, 2020: 1, 2021: 71, 2022: 168, 2023: 66, 2024: 55}
2026-08-29 20:32:41,080 | INFO    |   anos ausencias : {2016: 2, 2017: 3, 2019: 6, 2020: 2, 2021: 118, 2022: 310, 2023: 158, 2024: 133}
2026-08-29 20:32:41,082 | INFO    |   meses presencias: {1: 11, 3: 21, 4: 20, 5: 74, 6: 72, 7: 2, 8: 23, 9: 34, 10: 41, 11: 61, 12: 7}
2026-08-29 20:32:41,083 | INFO    |   meses ausencias : {1: 24, 3: 39, 4: 36, 5: 168, 6: 150, 7: 3, 8: 55, 9: 68, 10: 82, 11: 104, 12: 3}
2026-08-29 20:32:41,083 | INFO    |   dataset: SI=366 | NO=732 | total=1098
2026-08-29 20:32:41,090 | INFO    |   split agrupado | SU train=876 | SU test=220
2026-08-29 20:32:41,091 | INFO    |   ausencias por año: {2016: 2, 2017: 3, 2019: 6, 2020: 2, 2021: 118, 2022: 308, 2023: 158, 2024: 133}
2026-08-29 20:32:42,623 | INFO    |   LR  AUC=0.970 AP=0.951 Brier=0.060
2026-08-29 20:32:45,306 | INFO    |   GAM AUC=0.975 AP=0.952 Brier=0.061
2026-08-29 20:34:11,339 | INFO    |   RF  AUC=0.985 AP=0.966 Brier=0.049
2026-08-29 20:34:11,341 | INFO    | === set_C | MC 4/100 | seed=103 ===
2026-08-29 20:34:12,189 | INFO    |   anos presencias: {2016: 2, 2017: 2, 2019: 1, 2020: 1, 2021: 71, 2022: 168, 2023: 66, 2024: 55}
2026-08-29 20:34:12,190 | INFO    |   anos ausencias : {2016: 3, 2017: 5, 2019: 2, 2020: 2, 2021: 131, 2022: 314, 2023: 160, 2024: 115}
2026-08-29 20:34:12,192 | INFO    |   meses presencias: {1: 11, 3: 21, 4: 20, 5: 74, 6: 72, 7: 2, 8: 23, 9: 34, 10: 41, 11: 61, 12: 7}
2026-08-29 20:34:12,192 | INFO    |   meses ausencias : {1: 24, 3: 37, 4: 29, 5: 164, 6: 137, 7: 1, 8: 54, 9: 65, 10: 76, 11: 135, 12: 10}
2026-08-29 20:34:12,193 | INFO    |   dataset: SI=366 | NO=732 | total=1098
2026-08-29 20:34:12,200 | INFO    |   split agrupado | SU train=876 | SU test=220
2026-08-29 20:34:12,201 | INFO    |   ausencias por año: {2016: 3, 2017: 5, 2019: 2, 2020: 2, 2021: 131, 2022: 313, 2023: 160, 2024: 114}
2026-08-29 20:34:13,716 | INFO    |   LR  AUC=0.970 AP=0.966 Brier=0.053
2026-08-29 20:34:13,774 | ERROR   | run 3 falló: X data is out of domain for categorical feature 4. Expected data on [0.0, 3.0], but found data on [0.0, 4.0]
Traceback (most recent call last):
  File "/home/oisanchezp/Thesis/src/05_Chapter/mc_common.py", line 689, in run_montecarlo
    model.fit(Xdf.iloc[idx_tr], y[idx_tr], seed=seed)
  File "/home/oisanchezp/Thesis/src/05_Chapter/mc_common.py", line 516, in fit
    auc = roc_auc_score(y_val, g.predict_proba(X_val))
  File "/home/oisanchezp/geo_env/lib/python3.8/site-packages/pygam/pygam.py", line 2696, in predict_proba
    return self.predict_mu(X)
  File "/home/oisanchezp/geo_env/lib/python3.8/site-packages/pygam/pygam.py", line 435, in predict_mu
    X = check_X(
  File "/home/oisanchezp/geo_env/lib/python3.8/site-packages/pygam/utils.py", line 337, in check_X
    raise ValueError(
ValueError: X data is out of domain for categorical feature 4. Expected data on [0.0, 3.0], but found data on [0.0, 4.0]
2026-08-29 20:34:13,779 | INFO    | === set_C | MC 5/100 | seed=104 ===
2026-08-29 20:34:14,620 | INFO    |   anos presencias: {2016: 2, 2017: 2, 2019: 1, 2020: 1, 2021: 71, 2022: 168, 2023: 66, 2024: 55}
2026-08-29 20:34:14,621 | INFO    |   anos ausencias : {2016: 2, 2017: 5, 2019: 2, 2020: 2, 2021: 117, 2022: 337, 2023: 131, 2024: 136}
2026-08-29 20:34:14,623 | INFO    |   meses presencias: {1: 11, 3: 21, 4: 20, 5: 74, 6: 72, 7: 2, 8: 23, 9: 34, 10: 41, 11: 61, 12: 7}
2026-08-29 20:34:14,624 | INFO    |   meses ausencias : {1: 20, 3: 36, 4: 46, 5: 158, 6: 145, 7: 6, 8: 46, 9: 80, 10: 60, 11: 123, 12: 12}
2026-08-29 20:34:14,624 | INFO    |   dataset: SI=366 | NO=732 | total=1098
2026-08-29 20:34:14,630 | INFO    |   split agrupado | SU train=876 | SU test=220
2026-08-29 20:34:14,631 | INFO    |   ausencias por año: {2016: 2, 2017: 5, 2019: 2, 2020: 2, 2021: 117, 2022: 335, 2023: 131, 2024: 136}
2026-08-29 20:34:16,117 | INFO    |   LR  AUC=0.984 AP=0.974 Brier=0.044
2026-08-29 20:34:18,791 | INFO    |   GAM AUC=0.987 AP=0.978 Brier=0.040
2026-08-29 20:35:44,632 | INFO    |   RF  AUC=0.992 AP=0.986 Brier=0.036
2026-08-29 20:35:44,633 | INFO    | === set_C | MC 6/100 | seed=105 ===
2026-08-29 20:35:45,478 | INFO    |   anos presencias: {2016: 2, 2017: 2, 2019: 1, 2020: 1, 2021: 71, 2022: 168, 2023: 66, 2024: 55}
2026-08-29 20:35:45,479 | INFO    |   anos ausencias : {2016: 1, 2017: 1, 2019: 1, 2020: 1, 2021: 137, 2022: 324, 2023: 141, 2024: 126}
2026-08-29 20:35:45,481 | INFO    |   meses presencias: {1: 11, 3: 21, 4: 20, 5: 74, 6: 72, 7: 2, 8: 23, 9: 34, 10: 41, 11: 61, 12: 7}
2026-08-29 20:35:45,482 | INFO    |   meses ausencias : {1: 23, 3: 33, 4: 37, 5: 163, 6: 146, 7: 4, 8: 55, 9: 56, 10: 80, 11: 128, 12: 7}
2026-08-29 20:35:45,482 | INFO    |   dataset: SI=366 | NO=732 | total=1098
2026-08-29 20:35:45,489 | INFO    |   split agrupado | SU train=876 | SU test=220
2026-08-29 20:35:45,491 | INFO    |   ausencias por año: {2016: 1, 2017: 1, 2019: 1, 2020: 1, 2021: 137, 2022: 323, 2023: 140, 2024: 126}
2026-08-29 20:35:47,031 | INFO    |   LR  AUC=0.964 AP=0.936 Brier=0.060
2026-08-29 20:35:49,810 | INFO    |   GAM AUC=0.967 AP=0.939 Brier=0.059
2026-08-29 20:37:15,067 | INFO    |   RF  AUC=0.971 AP=0.960 Brier=0.058
2026-08-29 20:37:15,068 | INFO    | === set_C | MC 7/100 | seed=106 ===
2026-08-29 20:37:16,080 | INFO    |   anos presencias: {2016: 2, 2017: 2, 2019: 1, 2020: 1, 2021: 71, 2022: 168, 2023: 66, 2024: 55}
2026-08-29 20:37:16,080 | INFO    |   anos ausencias : {2019: 1, 2020: 1, 2021: 134, 2022: 325, 2023: 142, 2024: 129}
2026-08-29 20:37:16,083 | INFO    |   meses presencias: {1: 11, 3: 21, 4: 20, 5: 74, 6: 72, 7: 2, 8: 23, 9: 34, 10: 41, 11: 61, 12: 7}
2026-08-29 20:37:16,083 | INFO    |   meses ausencias : {1: 29, 3: 53, 4: 40, 5: 163, 6: 138, 7: 6, 8: 42, 9: 66, 10: 69, 11: 111, 12: 15}
2026-08-29 20:37:16,084 | INFO    |   dataset: SI=366 | NO=732 | total=1098
2026-08-29 20:37:16,091 | INFO    |   split agrupado | SU train=876 | SU test=220
2026-08-29 20:37:16,093 | INFO    |   ausencias por año: {2019: 1, 2020: 1, 2021: 134, 2022: 323, 2023: 142, 2024: 129}
2026-08-29 20:37:17,919 | INFO    |   LR  AUC=0.962 AP=0.954 Brier=0.056
2026-08-29 20:37:20,704 | INFO    |   GAM AUC=0.966 AP=0.958 Brier=0.052
2026-08-29 20:38:45,996 | INFO    |   RF  AUC=0.974 AP=0.968 Brier=0.050
2026-08-29 20:38:45,997 | INFO    | === set_C | MC 8/100 | seed=107 ===
2026-08-29 20:38:46,874 | INFO    |   anos presencias: {2016: 2, 2017: 2, 2019: 1, 2020: 1, 2021: 71, 2022: 168, 2023: 66, 2024: 55}
2026-08-29 20:38:46,874 | INFO    |   anos ausencias : {2016: 3, 2017: 2, 2019: 2, 2020: 1, 2021: 134, 2022: 329, 2023: 138, 2024: 123}
2026-08-29 20:38:46,877 | INFO    |   meses presencias: {1: 11, 3: 21, 4: 20, 5: 74, 6: 72, 7: 2, 8: 23, 9: 34, 10: 41, 11: 61, 12: 7}
2026-08-29 20:38:46,877 | INFO    |   meses ausencias : {1: 20, 3: 26, 4: 55, 5: 165, 6: 148, 7: 3, 8: 36, 9: 81, 10: 74, 11: 112, 12: 12}
2026-08-29 20:38:46,878 | INFO    |   dataset: SI=366 | NO=732 | total=1098
2026-08-29 20:38:46,885 | INFO    |   split agrupado | SU train=877 | SU test=220
2026-08-29 20:38:46,887 | INFO    |   ausencias por año: {2016: 3, 2017: 2, 2019: 2, 2020: 1, 2021: 134, 2022: 328, 2023: 138, 2024: 123}
2026-08-29 20:38:48,464 | INFO    |   LR  AUC=0.992 AP=0.986 Brier=0.035
2026-08-29 20:38:51,329 | INFO    |   GAM AUC=0.995 AP=0.992 Brier=0.029
2026-08-29 20:40:16,518 | INFO    |   RF  AUC=0.993 AP=0.986 Brier=0.038
2026-08-29 20:40:16,518 | INFO    | === set_C | MC 9/100 | seed=108 ===
2026-08-29 20:40:17,521 | INFO    |   anos presencias: {2016: 2, 2017: 2, 2019: 1, 2020: 1, 2021: 71, 2022: 168, 2023: 66, 2024: 55}
2026-08-29 20:40:17,521 | INFO    |   anos ausencias : {2016: 1, 2017: 2, 2019: 2, 2020: 5, 2021: 123, 2022: 323, 2023: 162, 2024: 114}
2026-08-29 20:40:17,524 | INFO    |   meses presencias: {1: 11, 3: 21, 4: 20, 5: 74, 6: 72, 7: 2, 8: 23, 9: 34, 10: 41, 11: 61, 12: 7}
2026-08-29 20:40:17,524 | INFO    |   meses ausencias : {1: 29, 3: 42, 4: 32, 5: 169, 6: 140, 7: 3, 8: 41, 9: 59, 10: 72, 11: 134, 12: 11}
2026-08-29 20:40:17,525 | INFO    |   dataset: SI=366 | NO=732 | total=1098
2026-08-29 20:40:17,533 | INFO    |   split agrupado | SU train=878 | SU test=220
2026-08-29 20:40:17,534 | INFO    |   ausencias por año: {2016: 1, 2017: 2, 2019: 2, 2020: 5, 2021: 123, 2022: 323, 2023: 162, 2024: 114}
2026-08-29 20:40:19,159 | INFO    |   LR  AUC=0.974 AP=0.949 Brier=0.061
2026-08-29 20:40:19,213 | ERROR   | run 8 falló: X data is out of domain for categorical feature 4. Expected data on [0.0, 3.0], but found data on [0.0, 4.0]
Traceback (most recent call last):
  File "/home/oisanchezp/Thesis/src/05_Chapter/mc_common.py", line 689, in run_montecarlo
    model.fit(Xdf.iloc[idx_tr], y[idx_tr], seed=seed)
  File "/home/oisanchezp/Thesis/src/05_Chapter/mc_common.py", line 516, in fit
    auc = roc_auc_score(y_val, g.predict_proba(X_val))
  File "/home/oisanchezp/geo_env/lib/python3.8/site-packages/pygam/pygam.py", line 2696, in predict_proba
    return self.predict_mu(X)
  File "/home/oisanchezp/geo_env/lib/python3.8/site-packages/pygam/pygam.py", line 435, in predict_mu
    X = check_X(
  File "/home/oisanchezp/geo_env/lib/python3.8/site-packages/pygam/utils.py", line 337, in check_X
    raise ValueError(
ValueError: X data is out of domain for categorical feature 4. Expected data on [0.0, 3.0], but found data on [0.0, 4.0]
2026-08-29 20:40:19,214 | INFO    | === set_C | MC 10/100 | seed=109 ===
2026-08-29 20:40:20,109 | INFO    |   anos presencias: {2016: 2, 2017: 2, 2019: 1, 2020: 1, 2021: 71, 2022: 168, 2023: 66, 2024: 55}
2026-08-29 20:40:20,110 | INFO    |   anos ausencias : {2016: 1, 2017: 6, 2020: 2, 2021: 131, 2022: 300, 2023: 151, 2024: 141}
2026-08-29 20:40:20,112 | INFO    |   meses presencias: {1: 11, 3: 21, 4: 20, 5: 74, 6: 72, 7: 2, 8: 23, 9: 34, 10: 41, 11: 61, 12: 7}
2026-08-29 20:40:20,113 | INFO    |   meses ausencias : {1: 27, 3: 41, 4: 41, 5: 151, 6: 149, 7: 5, 8: 39, 9: 75, 10: 80, 11: 111, 12: 13}
2026-08-29 20:40:20,113 | INFO    |   dataset: SI=366 | NO=732 | total=1098
2026-08-29 20:40:20,119 | INFO    |   split agrupado | SU train=877 | SU test=220
2026-08-29 20:40:20,121 | INFO    |   ausencias por año: {2016: 1, 2017: 6, 2020: 2, 2021: 131, 2022: 299, 2023: 151, 2024: 141}
2026-08-29 20:40:21,620 | INFO    |   LR  AUC=0.973 AP=0.958 Brier=0.043
2026-08-29 20:40:24,324 | INFO    |   GAM AUC=0.976 AP=0.964 Brier=0.041
2026-08-29 20:41:54,017 | INFO    |   RF  AUC=0.979 AP=0.976 Brier=0.037
2026-08-29 20:41:54,017 | INFO    | === set_C | MC 11/100 | seed=110 ===
2026-08-29 20:41:54,865 | INFO    |   anos presencias: {2016: 2, 2017: 2, 2019: 1, 2020: 1, 2021: 71, 2022: 168, 2023: 66, 2024: 55}
2026-08-29 20:41:54,866 | INFO    |   anos ausencias : {2017: 1, 2019: 1, 2020: 2, 2021: 149, 2022: 308, 2023: 141, 2024: 130}
2026-08-29 20:41:54,868 | INFO    |   meses presencias: {1: 11, 3: 21, 4: 20, 5: 74, 6: 72, 7: 2, 8: 23, 9: 34, 10: 41, 11: 61, 12: 7}
2026-08-29 20:41:54,868 | INFO    |   meses ausencias : {1: 20, 3: 54, 4: 43, 5: 155, 6: 149, 7: 2, 8: 42, 9: 48, 10: 69, 11: 139, 12: 11}
2026-08-29 20:41:54,869 | INFO    |   dataset: SI=366 | NO=732 | total=1098
2026-08-29 20:41:54,876 | INFO    |   split agrupado | SU train=877 | SU test=220
2026-08-29 20:41:54,877 | INFO    |   ausencias por año: {2017: 1, 2019: 1, 2020: 2, 2021: 149, 2022: 308, 2023: 141, 2024: 129}
2026-08-29 20:41:56,401 | INFO    |   LR  AUC=0.977 AP=0.954 Brier=0.059
2026-08-29 20:41:59,133 | INFO    |   GAM AUC=0.968 AP=0.930 Brier=0.069
2026-08-29 20:43:29,166 | INFO    |   RF  AUC=0.979 AP=0.957 Brier=0.057
2026-08-29 20:43:29,167 | INFO    | === set_C | MC 12/100 | seed=111 ===
2026-08-29 20:43:30,066 | INFO    |   anos presencias: {2016: 2, 2017: 2, 2019: 1, 2020: 1, 2021: 71, 2022: 168, 2023: 66, 2024: 55}
2026-08-29 20:43:30,066 | INFO    |   anos ausencias : {2016: 1, 2019: 3, 2020: 2, 2021: 115, 2022: 349, 2023: 143, 2024: 119}
2026-08-29 20:43:30,071 | INFO    |   meses presencias: {1: 11, 3: 21, 4: 20, 5: 74, 6: 72, 7: 2, 8: 23, 9: 34, 10: 41, 11: 61, 12: 7}
2026-08-29 20:43:30,071 | INFO    |   meses ausencias : {1: 18, 3: 45, 4: 42, 5: 163, 6: 148, 7: 2, 8: 36, 9: 74, 10: 84, 11: 115, 12: 5}
2026-08-29 20:43:30,072 | INFO    |   dataset: SI=366 | NO=732 | total=1098
2026-08-29 20:43:30,079 | INFO    |   split agrupado | SU train=877 | SU test=220
2026-08-29 20:43:30,081 | INFO    |   ausencias por año: {2016: 1, 2019: 3, 2020: 2, 2021: 114, 2022: 349, 2023: 143, 2024: 119}
2026-08-29 20:43:31,586 | INFO    |   LR  AUC=0.961 AP=0.935 Brier=0.073
2026-08-29 20:43:34,729 | INFO    |   GAM AUC=0.964 AP=0.932 Brier=0.073
2026-08-29 20:45:04,806 | INFO    |   RF  AUC=0.975 AP=0.951 Brier=0.064
2026-08-29 20:45:04,807 | INFO    | === set_C | MC 13/100 | seed=112 ===
2026-08-29 20:45:05,704 | INFO    |   anos presencias: {2016: 2, 2017: 2, 2019: 1, 2020: 1, 2021: 71, 2022: 168, 2023: 66, 2024: 55}
2026-08-29 20:45:05,705 | INFO    |   anos ausencias : {2017: 3, 2019: 1, 2020: 1, 2021: 126, 2022: 333, 2023: 149, 2024: 119}
2026-08-29 20:45:05,707 | INFO    |   meses presencias: {1: 11, 3: 21, 4: 20, 5: 74, 6: 72, 7: 2, 8: 23, 9: 34, 10: 41, 11: 61, 12: 7}
2026-08-29 20:45:05,708 | INFO    |   meses ausencias : {1: 26, 3: 44, 4: 36, 5: 170, 6: 131, 7: 4, 8: 55, 9: 69, 10: 69, 11: 119, 12: 9}
2026-08-29 20:45:05,708 | INFO    |   dataset: SI=366 | NO=732 | total=1098
2026-08-29 20:45:05,716 | INFO    |   split agrupado | SU train=876 | SU test=220
2026-08-29 20:45:05,717 | INFO    |   ausencias por año: {2017: 3, 2019: 1, 2020: 1, 2021: 125, 2022: 333, 2023: 148, 2024: 119}
2026-08-29 20:45:07,335 | INFO    |   LR  AUC=0.993 AP=0.987 Brier=0.034
2026-08-29 20:45:10,076 | INFO    |   GAM AUC=0.995 AP=0.990 Brier=0.030
2026-08-29 20:46:39,059 | INFO    |   RF  AUC=0.995 AP=0.991 Brier=0.034
2026-08-29 20:46:39,060 | INFO    | === set_C | MC 14/100 | seed=113 ===
2026-08-29 20:46:39,982 | INFO    |   anos presencias: {2016: 2, 2017: 2, 2019: 1, 2020: 1, 2021: 71, 2022: 168, 2023: 66, 2024: 55}
2026-08-29 20:46:39,982 | INFO    |   anos ausencias : {2016: 2, 2017: 2, 2020: 3, 2021: 122, 2022: 326, 2023: 141, 2024: 136}
2026-08-29 20:46:39,984 | INFO    |   meses presencias: {1: 11, 3: 21, 4: 20, 5: 74, 6: 72, 7: 2, 8: 23, 9: 34, 10: 41, 11: 61, 12: 7}
2026-08-29 20:46:39,985 | INFO    |   meses ausencias : {1: 23, 3: 42, 4: 43, 5: 155, 6: 149, 7: 5, 8: 42, 9: 66, 10: 77, 11: 115, 12: 15}
2026-08-29 20:46:39,985 | INFO    |   dataset: SI=366 | NO=732 | total=1098
2026-08-29 20:46:39,992 | INFO    |   split agrupado | SU train=878 | SU test=220
2026-08-29 20:46:39,993 | INFO    |   ausencias por año: {2016: 2, 2017: 2, 2020: 3, 2021: 122, 2022: 326, 2023: 141, 2024: 136}
2026-08-29 20:46:41,520 | INFO    |   LR  AUC=0.980 AP=0.955 Brier=0.044
2026-08-29 20:46:44,399 | INFO    |   GAM AUC=0.983 AP=0.963 Brier=0.041
2026-08-29 20:48:16,034 | INFO    |   RF  AUC=0.983 AP=0.967 Brier=0.051
2026-08-29 20:48:16,034 | INFO    | === set_C | MC 15/100 | seed=114 ===
2026-08-29 20:48:16,899 | INFO    |   anos presencias: {2016: 2, 2017: 2, 2019: 1, 2020: 1, 2021: 71, 2022: 168, 2023: 66, 2024: 55}
2026-08-29 20:48:16,900 | INFO    |   anos ausencias : {2016: 1, 2017: 6, 2019: 1, 2020: 2, 2021: 115, 2022: 323, 2023: 158, 2024: 126}
2026-08-29 20:48:16,902 | INFO    |   meses presencias: {1: 11, 3: 21, 4: 20, 5: 74, 6: 72, 7: 2, 8: 23, 9: 34, 10: 41, 11: 61, 12: 7}
2026-08-29 20:48:16,902 | INFO    |   meses ausencias : {1: 26, 3: 43, 4: 37, 5: 163, 6: 139, 7: 2, 8: 37, 9: 78, 10: 79, 11: 118, 12: 10}
2026-08-29 20:48:16,903 | INFO    |   dataset: SI=366 | NO=732 | total=1098
2026-08-29 20:48:16,910 | INFO    |   split agrupado | SU train=877 | SU test=220
2026-08-29 20:48:16,912 | INFO    |   ausencias por año: {2016: 1, 2017: 6, 2019: 1, 2020: 2, 2021: 114, 2022: 323, 2023: 158, 2024: 126}
2026-08-29 20:48:18,400 | INFO    |   LR  AUC=0.987 AP=0.980 Brier=0.043
2026-08-29 20:48:21,056 | INFO    |   GAM AUC=0.989 AP=0.982 Brier=0.043
2026-08-29 20:49:52,294 | INFO    |   RF  AUC=0.991 AP=0.982 Brier=0.041
2026-08-29 20:49:52,295 | INFO    | === set_C | MC 16/100 | seed=115 ===
2026-08-29 20:49:53,187 | INFO    |   anos presencias: {2016: 2, 2017: 2, 2019: 1, 2020: 1, 2021: 71, 2022: 168, 2023: 66, 2024: 55}
2026-08-29 20:49:53,188 | INFO    |   anos ausencias : {2016: 3, 2017: 2, 2019: 2, 2021: 124, 2022: 333, 2023: 158, 2024: 110}
2026-08-29 20:49:53,190 | INFO    |   meses presencias: {1: 11, 3: 21, 4: 20, 5: 74, 6: 72, 7: 2, 8: 23, 9: 34, 10: 41, 11: 61, 12: 7}
2026-08-29 20:49:53,191 | INFO    |   meses ausencias : {1: 24, 3: 38, 4: 39, 5: 149, 6: 127, 7: 3, 8: 47, 9: 75, 10: 74, 11: 141, 12: 15}
2026-08-29 20:49:53,191 | INFO    |   dataset: SI=366 | NO=732 | total=1098
2026-08-29 20:49:53,199 | INFO    |   split agrupado | SU train=876 | SU test=219
2026-08-29 20:49:53,200 | INFO    |   ausencias por año: {2016: 3, 2017: 2, 2019: 2, 2021: 124, 2022: 331, 2023: 157, 2024: 110}
2026-08-29 20:49:54,713 | INFO    |   LR  AUC=0.974 AP=0.945 Brier=0.059
2026-08-29 20:49:54,764 | ERROR   | run 15 falló: X data is out of domain for categorical feature 4. Expected data on [0.0, 3.0], but found data on [0.0, 4.0]
Traceback (most recent call last):
  File "/home/oisanchezp/Thesis/src/05_Chapter/mc_common.py", line 689, in run_montecarlo
    model.fit(Xdf.iloc[idx_tr], y[idx_tr], seed=seed)
  File "/home/oisanchezp/Thesis/src/05_Chapter/mc_common.py", line 516, in fit
    auc = roc_auc_score(y_val, g.predict_proba(X_val))
  File "/home/oisanchezp/geo_env/lib/python3.8/site-packages/pygam/pygam.py", line 2696, in predict_proba
    return self.predict_mu(X)
  File "/home/oisanchezp/geo_env/lib/python3.8/site-packages/pygam/pygam.py", line 435, in predict_mu
    X = check_X(
  File "/home/oisanchezp/geo_env/lib/python3.8/site-packages/pygam/utils.py", line 337, in check_X
    raise ValueError(
ValueError: X data is out of domain for categorical feature 4. Expected data on [0.0, 3.0], but found data on [0.0, 4.0]
2026-08-29 20:49:54,764 | INFO    | === set_C | MC 17/100 | seed=116 ===
2026-08-29 20:49:55,659 | INFO    |   anos presencias: {2016: 2, 2017: 2, 2019: 1, 2020: 1, 2021: 71, 2022: 168, 2023: 66, 2024: 55}
2026-08-29 20:49:55,659 | INFO    |   anos ausencias : {2016: 1, 2017: 2, 2019: 1, 2020: 5, 2021: 131, 2022: 324, 2023: 138, 2024: 130}
2026-08-29 20:49:55,662 | INFO    |   meses presencias: {1: 11, 3: 21, 4: 20, 5: 74, 6: 72, 7: 2, 8: 23, 9: 34, 10: 41, 11: 61, 12: 7}
2026-08-29 20:49:55,662 | INFO    |   meses ausencias : {1: 24, 3: 31, 4: 35, 5: 160, 6: 135, 7: 6, 8: 39, 9: 76, 10: 80, 11: 136, 12: 10}
2026-08-29 20:49:55,663 | INFO    |   dataset: SI=366 | NO=732 | total=1098
2026-08-29 20:49:55,669 | INFO    |   split agrupado | SU train=878 | SU test=220
2026-08-29 20:49:55,670 | INFO    |   ausencias por año: {2016: 1, 2017: 2, 2019: 1, 2020: 5, 2021: 131, 2022: 324, 2023: 138, 2024: 130}
2026-08-29 20:49:57,174 | INFO    |   LR  AUC=0.945 AP=0.933 Brier=0.069
2026-08-29 20:49:59,899 | INFO    |   GAM AUC=0.947 AP=0.933 Brier=0.070
2026-08-29 20:51:25,210 | INFO    |   RF  AUC=0.952 AP=0.931 Brier=0.070
2026-08-29 20:51:25,211 | INFO    | === set_C | MC 18/100 | seed=117 ===
2026-08-29 20:51:26,088 | INFO    |   anos presencias: {2016: 2, 2017: 2, 2019: 1, 2020: 1, 2021: 71, 2022: 168, 2023: 66, 2024: 55}
2026-08-29 20:51:26,088 | INFO    |   anos ausencias : {2016: 1, 2017: 4, 2019: 3, 2020: 1, 2021: 138, 2022: 325, 2023: 141, 2024: 119}
2026-08-29 20:51:26,091 | INFO    |   meses presencias: {1: 11, 3: 21, 4: 20, 5: 74, 6: 72, 7: 2, 8: 23, 9: 34, 10: 41, 11: 61, 12: 7}
2026-08-29 20:51:26,091 | INFO    |   meses ausencias : {1: 21, 3: 38, 4: 42, 5: 163, 6: 131, 7: 3, 8: 43, 9: 84, 10: 74, 11: 119, 12: 14}
2026-08-29 20:51:26,091 | INFO    |   dataset: SI=366 | NO=732 | total=1098
2026-08-29 20:51:26,098 | INFO    |   split agrupado | SU train=877 | SU test=220
2026-08-29 20:51:26,100 | INFO    |   ausencias por año: {2016: 1, 2017: 4, 2019: 3, 2020: 1, 2021: 138, 2022: 324, 2023: 141, 2024: 119}
2026-08-29 20:51:27,585 | INFO    |   LR  AUC=0.971 AP=0.951 Brier=0.052
2026-08-29 20:51:30,314 | INFO    |   GAM AUC=0.966 AP=0.935 Brier=0.055
2026-08-29 20:52:59,759 | INFO    |   RF  AUC=0.975 AP=0.975 Brier=0.047
2026-08-29 20:52:59,760 | INFO    | === set_C | MC 19/100 | seed=118 ===
2026-08-29 20:53:00,619 | INFO    |   anos presencias: {2016: 2, 2017: 2, 2019: 1, 2020: 1, 2021: 71, 2022: 168, 2023: 66, 2024: 55}
2026-08-29 20:53:00,619 | INFO    |   anos ausencias : {2016: 1, 2017: 1, 2019: 1, 2020: 3, 2021: 138, 2022: 324, 2023: 146, 2024: 118}
2026-08-29 20:53:00,621 | INFO    |   meses presencias: {1: 11, 3: 21, 4: 20, 5: 74, 6: 72, 7: 2, 8: 23, 9: 34, 10: 41, 11: 61, 12: 7}
2026-08-29 20:53:00,622 | INFO    |   meses ausencias : {1: 23, 3: 35, 4: 34, 5: 153, 6: 143, 7: 2, 8: 36, 9: 74, 10: 88, 11: 133, 12: 11}
2026-08-29 20:53:00,622 | INFO    |   dataset: SI=366 | NO=732 | total=1098
2026-08-29 20:53:00,629 | INFO    |   split agrupado | SU train=876 | SU test=220
2026-08-29 20:53:00,633 | INFO    |   ausencias por año: {2016: 1, 2017: 1, 2019: 1, 2020: 3, 2021: 138, 2022: 323, 2023: 146, 2024: 117}
2026-08-29 20:53:02,190 | INFO    |   LR  AUC=0.982 AP=0.971 Brier=0.049
2026-08-29 20:53:04,964 | INFO    |   GAM AUC=0.988 AP=0.979 Brier=0.045
2026-08-29 20:54:35,501 | INFO    |   RF  AUC=0.992 AP=0.985 Brier=0.043
2026-08-29 20:54:35,502 | INFO    | === set_C | MC 20/100 | seed=119 ===
2026-08-29 20:54:36,367 | INFO    |   anos presencias: {2016: 2, 2017: 2, 2019: 1, 2020: 1, 2021: 71, 2022: 168, 2023: 66, 2024: 55}
2026-08-29 20:54:36,368 | INFO    |   anos ausencias : {2016: 3, 2019: 5, 2020: 2, 2021: 120, 2022: 321, 2023: 136, 2024: 145}
2026-08-29 20:54:36,370 | INFO    |   meses presencias: {1: 11, 3: 21, 4: 20, 5: 74, 6: 72, 7: 2, 8: 23, 9: 34, 10: 41, 11: 61, 12: 7}
2026-08-29 20:54:36,371 | INFO    |   meses ausencias : {1: 21, 3: 38, 4: 48, 5: 172, 6: 136, 7: 5, 8: 40, 9: 65, 10: 66, 11: 132, 12: 9}
2026-08-29 20:54:36,371 | INFO    |   dataset: SI=366 | NO=732 | total=1098
2026-08-29 20:54:36,379 | INFO    |   split agrupado | SU train=874 | SU test=219
2026-08-29 20:54:36,380 | INFO    |   ausencias por año: {2016: 3, 2019: 5, 2020: 2, 2021: 120, 2022: 320, 2023: 134, 2024: 143}
2026-08-29 20:54:37,888 | INFO    |   LR  AUC=0.951 AP=0.881 Brier=0.069
2026-08-29 20:54:40,598 | INFO    |   GAM AUC=0.955 AP=0.890 Brier=0.066
2026-08-29 20:56:09,530 | INFO    |   RF  AUC=0.973 AP=0.961 Brier=0.057
2026-08-29 20:56:09,531 | INFO    | === set_C | MC 21/100 | seed=120 ===
2026-08-29 20:56:10,414 | INFO    |   anos presencias: {2016: 2, 2017: 2, 2019: 1, 2020: 1, 2021: 71, 2022: 168, 2023: 66, 2024: 55}
2026-08-29 20:56:10,414 | INFO    |   anos ausencias : {2016: 2, 2017: 1, 2019: 5, 2020: 3, 2021: 130, 2022: 359, 2023: 114, 2024: 118}
2026-08-29 20:56:10,417 | INFO    |   meses presencias: {1: 11, 3: 21, 4: 20, 5: 74, 6: 72, 7: 2, 8: 23, 9: 34, 10: 41, 11: 61, 12: 7}
2026-08-29 20:56:10,417 | INFO    |   meses ausencias : {1: 20, 3: 45, 4: 37, 5: 155, 6: 131, 7: 4, 8: 51, 9: 70, 10: 88, 11: 125, 12: 6}
2026-08-29 20:56:10,418 | INFO    |   dataset: SI=366 | NO=732 | total=1098
2026-08-29 20:56:10,424 | INFO    |   split agrupado | SU train=878 | SU test=220
2026-08-29 20:56:10,426 | INFO    |   ausencias por año: {2016: 2, 2017: 1, 2019: 5, 2020: 3, 2021: 130, 2022: 359, 2023: 114, 2024: 118}
2026-08-29 20:56:11,921 | INFO    |   LR  AUC=0.985 AP=0.957 Brier=0.039
2026-08-29 20:56:14,631 | INFO    |   GAM AUC=0.986 AP=0.960 Brier=0.042
2026-08-29 20:57:45,075 | INFO    |   RF  AUC=0.986 AP=0.975 Brier=0.045
2026-08-29 20:57:45,079 | INFO    | === set_C | MC 22/100 | seed=121 ===
2026-08-29 20:57:45,940 | INFO    |   anos presencias: {2016: 2, 2017: 2, 2019: 1, 2020: 1, 2021: 71, 2022: 168, 2023: 66, 2024: 55}
2026-08-29 20:57:45,941 | INFO    |   anos ausencias : {2016: 1, 2017: 2, 2020: 2, 2021: 134, 2022: 325, 2023: 147, 2024: 121}
2026-08-29 20:57:45,943 | INFO    |   meses presencias: {1: 11, 3: 21, 4: 20, 5: 74, 6: 72, 7: 2, 8: 23, 9: 34, 10: 41, 11: 61, 12: 7}
2026-08-29 20:57:45,943 | INFO    |   meses ausencias : {1: 19, 3: 38, 4: 37, 5: 164, 6: 151, 7: 5, 8: 32, 9: 83, 10: 69, 11: 121, 12: 13}
2026-08-29 20:57:45,944 | INFO    |   dataset: SI=366 | NO=732 | total=1098
2026-08-29 20:57:45,950 | INFO    |   split agrupado | SU train=876 | SU test=220
2026-08-29 20:57:45,952 | INFO    |   ausencias por año: {2016: 1, 2017: 2, 2020: 2, 2021: 133, 2022: 325, 2023: 147, 2024: 120}
2026-08-29 20:57:47,429 | INFO    |   LR  AUC=0.975 AP=0.958 Brier=0.057
2026-08-29 20:57:50,099 | INFO    |   GAM AUC=0.977 AP=0.959 Brier=0.056
2026-08-29 20:59:20,377 | INFO    |   RF  AUC=0.981 AP=0.967 Brier=0.052
2026-08-29 20:59:20,378 | INFO    | === set_C | MC 23/100 | seed=122 ===
2026-08-29 20:59:21,244 | INFO    |   anos presencias: {2016: 2, 2017: 2, 2019: 1, 2020: 1, 2021: 71, 2022: 168, 2023: 66, 2024: 55}
2026-08-29 20:59:21,245 | INFO    |   anos ausencias : {2017: 1, 2019: 1, 2021: 131, 2022: 342, 2023: 133, 2024: 124}
2026-08-29 20:59:21,247 | INFO    |   meses presencias: {1: 11, 3: 21, 4: 20, 5: 74, 6: 72, 7: 2, 8: 23, 9: 34, 10: 41, 11: 61, 12: 7}
2026-08-29 20:59:21,247 | INFO    |   meses ausencias : {1: 22, 3: 40, 4: 51, 5: 149, 6: 160, 7: 4, 8: 42, 9: 57, 10: 73, 11: 125, 12: 9}
2026-08-29 20:59:21,248 | INFO    |   dataset: SI=366 | NO=732 | total=1098
2026-08-29 20:59:21,256 | INFO    |   split agrupado | SU train=878 | SU test=220
2026-08-29 20:59:21,258 | INFO    |   ausencias por año: {2017: 1, 2019: 1, 2021: 131, 2022: 342, 2023: 133, 2024: 124}
2026-08-29 20:59:22,998 | INFO    |   LR  AUC=0.989 AP=0.975 Brier=0.036
2026-08-29 20:59:25,755 | INFO    |   GAM AUC=0.989 AP=0.976 Brier=0.037
2026-08-29 21:00:51,932 | INFO    |   RF  AUC=0.989 AP=0.975 Brier=0.037
2026-08-29 21:00:51,933 | INFO    | === set_C | MC 24/100 | seed=123 ===
2026-08-29 21:00:52,790 | INFO    |   anos presencias: {2016: 2, 2017: 2, 2019: 1, 2020: 1, 2021: 71, 2022: 168, 2023: 66, 2024: 55}
2026-08-29 21:00:52,791 | INFO    |   anos ausencias : {2016: 1, 2017: 2, 2019: 2, 2020: 1, 2021: 125, 2022: 357, 2023: 131, 2024: 113}
2026-08-29 21:00:52,793 | INFO    |   meses presencias: {1: 11, 3: 21, 4: 20, 5: 74, 6: 72, 7: 2, 8: 23, 9: 34, 10: 41, 11: 61, 12: 7}
2026-08-29 21:00:52,793 | INFO    |   meses ausencias : {1: 22, 3: 49, 4: 49, 5: 142, 6: 138, 7: 3, 8: 45, 9: 79, 10: 80, 11: 116, 12: 9}
2026-08-29 21:00:52,794 | INFO    |   dataset: SI=366 | NO=732 | total=1098
2026-08-29 21:00:52,801 | INFO    |   split agrupado | SU train=877 | SU test=220
2026-08-29 21:00:52,803 | INFO    |   ausencias por año: {2016: 1, 2017: 2, 2019: 2, 2020: 1, 2021: 124, 2022: 357, 2023: 131, 2024: 113}
2026-08-29 21:00:54,297 | INFO    |   LR  AUC=0.973 AP=0.962 Brier=0.051
2026-08-29 21:00:57,006 | INFO    |   GAM AUC=0.976 AP=0.967 Brier=0.049
2026-08-29 21:02:26,096 | INFO    |   RF  AUC=0.972 AP=0.964 Brier=0.052
2026-08-29 21:02:26,096 | INFO    | === set_C | MC 25/100 | seed=124 ===
2026-08-29 21:02:26,944 | INFO    |   anos presencias: {2016: 2, 2017: 2, 2019: 1, 2020: 1, 2021: 71, 2022: 168, 2023: 66, 2024: 55}
2026-08-29 21:02:26,945 | INFO    |   anos ausencias : {2017: 1, 2019: 2, 2020: 1, 2021: 132, 2022: 320, 2023: 152, 2024: 124}
2026-08-29 21:02:26,947 | INFO    |   meses presencias: {1: 11, 3: 21, 4: 20, 5: 74, 6: 72, 7: 2, 8: 23, 9: 34, 10: 41, 11: 61, 12: 7}
2026-08-29 21:02:26,948 | INFO    |   meses ausencias : {1: 16, 3: 40, 4: 34, 5: 169, 6: 134, 7: 2, 8: 52, 9: 77, 10: 57, 11: 144, 12: 7}
2026-08-29 21:02:26,948 | INFO    |   dataset: SI=366 | NO=732 | total=1098
2026-08-29 21:02:26,955 | INFO    |   split agrupado | SU train=876 | SU test=220
2026-08-29 21:02:26,957 | INFO    |   ausencias por año: {2017: 1, 2019: 2, 2020: 1, 2021: 132, 2022: 319, 2023: 152, 2024: 123}
2026-08-29 21:02:28,423 | INFO    |   LR  AUC=0.980 AP=0.960 Brier=0.048
2026-08-29 21:02:31,083 | INFO    |   GAM AUC=0.983 AP=0.964 Brier=0.045
2026-08-29 21:04:00,910 | INFO    |   RF  AUC=0.986 AP=0.968 Brier=0.049
2026-08-29 21:04:00,910 | INFO    | === set_C | MC 26/100 | seed=125 ===
2026-08-29 21:04:01,821 | INFO    |   anos presencias: {2016: 2, 2017: 2, 2019: 1, 2020: 1, 2021: 71, 2022: 168, 2023: 66, 2024: 55}
2026-08-29 21:04:01,822 | INFO    |   anos ausencias : {2016: 1, 2019: 1, 2020: 2, 2021: 124, 2022: 358, 2023: 132, 2024: 114}
2026-08-29 21:04:01,824 | INFO    |   meses presencias: {1: 11, 3: 21, 4: 20, 5: 74, 6: 72, 7: 2, 8: 23, 9: 34, 10: 41, 11: 61, 12: 7}
2026-08-29 21:04:01,825 | INFO    |   meses ausencias : {1: 18, 3: 44, 4: 34, 5: 155, 6: 153, 7: 4, 8: 53, 9: 70, 10: 73, 11: 117, 12: 11}
2026-08-29 21:04:01,825 | INFO    |   dataset: SI=366 | NO=732 | total=1098
2026-08-29 21:04:01,833 | INFO    |   split agrupado | SU train=877 | SU test=220
2026-08-29 21:04:01,835 | INFO    |   ausencias por año: {2016: 1, 2019: 1, 2020: 2, 2021: 124, 2022: 358, 2023: 132, 2024: 113}
2026-08-29 21:04:03,382 | INFO    |   LR  AUC=0.973 AP=0.935 Brier=0.058
2026-08-29 21:04:06,080 | INFO    |   GAM AUC=0.976 AP=0.942 Brier=0.055
2026-08-29 21:05:35,708 | INFO    |   RF  AUC=0.981 AP=0.948 Brier=0.053
2026-08-29 21:05:35,708 | INFO    | === set_C | MC 27/100 | seed=126 ===
2026-08-29 21:05:36,577 | INFO    |   anos presencias: {2016: 2, 2017: 2, 2019: 1, 2020: 1, 2021: 71, 2022: 168, 2023: 66, 2024: 55}
2026-08-29 21:05:36,578 | INFO    |   anos ausencias : {2017: 1, 2019: 3, 2020: 2, 2021: 142, 2022: 310, 2023: 153, 2024: 121}
2026-08-29 21:05:36,581 | INFO    |   meses presencias: {1: 11, 3: 21, 4: 20, 5: 74, 6: 72, 7: 2, 8: 23, 9: 34, 10: 41, 11: 61, 12: 7}
2026-08-29 21:05:36,582 | INFO    |   meses ausencias : {1: 17, 3: 29, 4: 41, 5: 168, 6: 145, 7: 4, 8: 44, 9: 75, 10: 74, 11: 125, 12: 10}
2026-08-29 21:05:36,582 | INFO    |   dataset: SI=366 | NO=732 | total=1098
2026-08-29 21:05:36,589 | INFO    |   split agrupado | SU train=876 | SU test=220
2026-08-29 21:05:36,591 | INFO    |   ausencias por año: {2017: 1, 2019: 3, 2020: 2, 2021: 141, 2022: 309, 2023: 153, 2024: 121}
2026-08-29 21:05:38,109 | INFO    |   LR  AUC=0.970 AP=0.907 Brier=0.053
2026-08-29 21:05:40,833 | INFO    |   GAM AUC=0.973 AP=0.913 Brier=0.052
2026-08-29 21:07:10,810 | INFO    |   RF  AUC=0.986 AP=0.967 Brier=0.043
2026-08-29 21:07:10,810 | INFO    | === set_C | MC 28/100 | seed=127 ===
2026-08-29 21:07:11,667 | INFO    |   anos presencias: {2016: 2, 2017: 2, 2019: 1, 2020: 1, 2021: 71, 2022: 168, 2023: 66, 2024: 55}
2026-08-29 21:07:11,667 | INFO    |   anos ausencias : {2016: 2, 2017: 4, 2019: 1, 2020: 3, 2021: 127, 2022: 350, 2023: 132, 2024: 113}
2026-08-29 21:07:11,670 | INFO    |   meses presencias: {1: 11, 3: 21, 4: 20, 5: 74, 6: 72, 7: 2, 8: 23, 9: 34, 10: 41, 11: 61, 12: 7}
2026-08-29 21:07:11,670 | INFO    |   meses ausencias : {1: 25, 3: 44, 4: 46, 5: 141, 6: 144, 7: 4, 8: 65, 9: 49, 10: 76, 11: 127, 12: 11}
2026-08-29 21:07:11,671 | INFO    |   dataset: SI=366 | NO=732 | total=1098
2026-08-29 21:07:11,678 | INFO    |   split agrupado | SU train=877 | SU test=220
2026-08-29 21:07:11,679 | INFO    |   ausencias por año: {2016: 2, 2017: 4, 2019: 1, 2020: 3, 2021: 127, 2022: 349, 2023: 132, 2024: 113}
2026-08-29 21:07:13,169 | INFO    |   LR  AUC=0.970 AP=0.951 Brier=0.059
2026-08-29 21:07:15,862 | INFO    |   GAM AUC=0.972 AP=0.954 Brier=0.057
2026-08-29 21:08:46,240 | INFO    |   RF  AUC=0.973 AP=0.964 Brier=0.051
2026-08-29 21:08:46,240 | INFO    | === set_C | MC 29/100 | seed=128 ===
2026-08-29 21:08:47,111 | INFO    |   anos presencias: {2016: 2, 2017: 2, 2019: 1, 2020: 1, 2021: 71, 2022: 168, 2023: 66, 2024: 55}
2026-08-29 21:08:47,111 | INFO    |   anos ausencias : {2017: 1, 2019: 1, 2020: 2, 2021: 122, 2022: 329, 2023: 139, 2024: 138}
2026-08-29 21:08:47,113 | INFO    |   meses presencias: {1: 11, 3: 21, 4: 20, 5: 74, 6: 72, 7: 2, 8: 23, 9: 34, 10: 41, 11: 61, 12: 7}
2026-08-29 21:08:47,114 | INFO    |   meses ausencias : {1: 26, 3: 47, 4: 31, 5: 175, 6: 143, 7: 2, 8: 53, 9: 72, 10: 65, 11: 110, 12: 8}
2026-08-29 21:08:47,114 | INFO    |   dataset: SI=366 | NO=732 | total=1098
2026-08-29 21:08:47,122 | INFO    |   split agrupado | SU train=876 | SU test=220
2026-08-29 21:08:47,123 | INFO    |   ausencias por año: {2017: 1, 2019: 1, 2020: 2, 2021: 122, 2022: 329, 2023: 139, 2024: 136}
2026-08-29 21:08:48,611 | INFO    |   LR  AUC=0.960 AP=0.947 Brier=0.068
2026-08-29 21:08:51,296 | INFO    |   GAM AUC=0.963 AP=0.950 Brier=0.064
2026-08-29 21:10:18,815 | INFO    |   RF  AUC=0.965 AP=0.964 Brier=0.061
2026-08-29 21:10:18,816 | INFO    | === set_C | MC 30/100 | seed=129 ===
2026-08-29 21:10:19,788 | INFO    |   anos presencias: {2016: 2, 2017: 2, 2019: 1, 2020: 1, 2021: 71, 2022: 168, 2023: 66, 2024: 55}
2026-08-29 21:10:19,788 | INFO    |   anos ausencias : {2016: 2, 2017: 3, 2019: 1, 2020: 1, 2021: 135, 2022: 315, 2023: 138, 2024: 137}
2026-08-29 21:10:19,791 | INFO    |   meses presencias: {1: 11, 3: 21, 4: 20, 5: 74, 6: 72, 7: 2, 8: 23, 9: 34, 10: 41, 11: 61, 12: 7}
2026-08-29 21:10:19,791 | INFO    |   meses ausencias : {1: 23, 3: 45, 4: 41, 5: 152, 6: 142, 7: 3, 8: 51, 9: 79, 10: 60, 11: 126, 12: 10}
2026-08-29 21:10:19,791 | INFO    |   dataset: SI=366 | NO=732 | total=1098
2026-08-29 21:10:19,799 | INFO    |   split agrupado | SU train=876 | SU test=220
2026-08-29 21:10:19,801 | INFO    |   ausencias por año: {2016: 2, 2017: 3, 2019: 1, 2020: 1, 2021: 134, 2022: 315, 2023: 138, 2024: 136}
2026-08-29 21:10:21,355 | INFO    |   LR  AUC=0.962 AP=0.948 Brier=0.068
2026-08-29 21:10:24,074 | INFO    |   GAM AUC=0.967 AP=0.955 Brier=0.066
2026-08-29 21:11:53,376 | INFO    |   RF  AUC=0.972 AP=0.961 Brier=0.066
2026-08-29 21:11:53,376 | INFO    | === set_C | MC 31/100 | seed=130 ===
2026-08-29 21:11:54,227 | INFO    |   anos presencias: {2016: 2, 2017: 2, 2019: 1, 2020: 1, 2021: 71, 2022: 168, 2023: 66, 2024: 55}
2026-08-29 21:11:54,228 | INFO    |   anos ausencias : {2016: 2, 2017: 2, 2019: 2, 2020: 4, 2021: 122, 2022: 329, 2023: 151, 2024: 120}
2026-08-29 21:11:54,230 | INFO    |   meses presencias: {1: 11, 3: 21, 4: 20, 5: 74, 6: 72, 7: 2, 8: 23, 9: 34, 10: 41, 11: 61, 12: 7}
2026-08-29 21:11:54,231 | INFO    |   meses ausencias : {1: 17, 3: 36, 4: 44, 5: 161, 6: 147, 7: 4, 8: 40, 9: 64, 10: 72, 11: 138, 12: 9}
2026-08-29 21:11:54,231 | INFO    |   dataset: SI=366 | NO=732 | total=1098
2026-08-29 21:11:54,238 | INFO    |   split agrupado | SU train=876 | SU test=220
2026-08-29 21:11:54,240 | INFO    |   ausencias por año: {2016: 2, 2017: 2, 2019: 2, 2020: 4, 2021: 122, 2022: 327, 2023: 151, 2024: 120}
2026-08-29 21:11:55,765 | INFO    |   LR  AUC=0.968 AP=0.962 Brier=0.054
2026-08-29 21:11:58,452 | INFO    |   GAM AUC=0.971 AP=0.964 Brier=0.052
2026-08-29 21:13:27,943 | INFO    |   RF  AUC=0.974 AP=0.959 Brier=0.056
2026-08-29 21:13:27,943 | INFO    | === set_C | MC 32/100 | seed=131 ===
2026-08-29 21:13:28,794 | INFO    |   anos presencias: {2016: 2, 2017: 2, 2019: 1, 2020: 1, 2021: 71, 2022: 168, 2023: 66, 2024: 55}
2026-08-29 21:13:28,795 | INFO    |   anos ausencias : {2016: 1, 2017: 4, 2019: 3, 2020: 2, 2021: 140, 2022: 319, 2023: 135, 2024: 128}
2026-08-29 21:13:28,800 | INFO    |   meses presencias: {1: 11, 3: 21, 4: 20, 5: 74, 6: 72, 7: 2, 8: 23, 9: 34, 10: 41, 11: 61, 12: 7}
2026-08-29 21:13:28,800 | INFO    |   meses ausencias : {1: 16, 3: 35, 4: 41, 5: 157, 6: 140, 7: 7, 8: 54, 9: 62, 10: 80, 11: 127, 12: 13}
2026-08-29 21:13:28,801 | INFO    |   dataset: SI=366 | NO=732 | total=1098
2026-08-29 21:13:28,807 | INFO    |   split agrupado | SU train=878 | SU test=220
2026-08-29 21:13:28,809 | INFO    |   ausencias por año: {2016: 1, 2017: 4, 2019: 3, 2020: 2, 2021: 140, 2022: 319, 2023: 135, 2024: 128}
2026-08-29 21:13:30,329 | INFO    |   LR  AUC=0.965 AP=0.944 Brier=0.059
2026-08-29 21:13:33,246 | INFO    |   GAM AUC=0.968 AP=0.949 Brier=0.057
2026-08-29 21:15:03,475 | INFO    |   RF  AUC=0.975 AP=0.952 Brier=0.062
2026-08-29 21:15:03,476 | INFO    | === set_C | MC 33/100 | seed=132 ===
2026-08-29 21:15:04,337 | INFO    |   anos presencias: {2016: 2, 2017: 2, 2019: 1, 2020: 1, 2021: 71, 2022: 168, 2023: 66, 2024: 55}
2026-08-29 21:15:04,338 | INFO    |   anos ausencias : {2017: 1, 2019: 2, 2020: 1, 2021: 134, 2022: 314, 2023: 140, 2024: 140}
2026-08-29 21:15:04,340 | INFO    |   meses presencias: {1: 11, 3: 21, 4: 20, 5: 74, 6: 72, 7: 2, 8: 23, 9: 34, 10: 41, 11: 61, 12: 7}
2026-08-29 21:15:04,340 | INFO    |   meses ausencias : {1: 15, 3: 46, 4: 29, 5: 168, 6: 159, 7: 1, 8: 35, 9: 60, 10: 90, 11: 115, 12: 14}
2026-08-29 21:15:04,341 | INFO    |   dataset: SI=366 | NO=732 | total=1098
2026-08-29 21:15:04,348 | INFO    |   split agrupado | SU train=878 | SU test=220
2026-08-29 21:15:04,349 | INFO    |   ausencias por año: {2017: 1, 2019: 2, 2020: 1, 2021: 134, 2022: 314, 2023: 140, 2024: 140}
2026-08-29 21:15:06,091 | INFO    |   LR  AUC=0.980 AP=0.945 Brier=0.049
2026-08-29 21:15:09,031 | INFO    |   GAM AUC=0.976 AP=0.935 Brier=0.053
2026-08-29 21:16:37,710 | INFO    |   RF  AUC=0.992 AP=0.989 Brier=0.044
2026-08-29 21:16:37,710 | INFO    | === set_C | MC 34/100 | seed=133 ===
2026-08-29 21:16:38,558 | INFO    |   anos presencias: {2016: 2, 2017: 2, 2019: 1, 2020: 1, 2021: 71, 2022: 168, 2023: 66, 2024: 55}
2026-08-29 21:16:38,558 | INFO    |   anos ausencias : {2017: 2, 2019: 4, 2020: 2, 2021: 113, 2022: 324, 2023: 171, 2024: 116}
2026-08-29 21:16:38,561 | INFO    |   meses presencias: {1: 11, 3: 21, 4: 20, 5: 74, 6: 72, 7: 2, 8: 23, 9: 34, 10: 41, 11: 61, 12: 7}
2026-08-29 21:16:38,561 | INFO    |   meses ausencias : {1: 34, 3: 35, 4: 37, 5: 159, 6: 120, 7: 1, 8: 42, 9: 69, 10: 92, 11: 134, 12: 9}
2026-08-29 21:16:38,562 | INFO    |   dataset: SI=366 | NO=732 | total=1098
2026-08-29 21:16:38,569 | INFO    |   split agrupado | SU train=877 | SU test=220
2026-08-29 21:16:38,570 | INFO    |   ausencias por año: {2017: 2, 2019: 4, 2020: 2, 2021: 113, 2022: 323, 2023: 171, 2024: 116}
2026-08-29 21:16:40,092 | INFO    |   LR  AUC=0.967 AP=0.961 Brier=0.054
2026-08-29 21:16:42,776 | INFO    |   GAM AUC=0.964 AP=0.949 Brier=0.061
2026-08-29 21:18:12,119 | INFO    |   RF  AUC=0.970 AP=0.965 Brier=0.056
2026-08-29 21:18:12,120 | INFO    | === set_C | MC 35/100 | seed=134 ===
2026-08-29 21:18:12,976 | INFO    |   anos presencias: {2016: 2, 2017: 2, 2019: 1, 2020: 1, 2021: 71, 2022: 168, 2023: 66, 2024: 55}
2026-08-29 21:18:12,977 | INFO    |   anos ausencias : {2016: 3, 2020: 1, 2021: 130, 2022: 336, 2023: 154, 2024: 108}
2026-08-29 21:18:12,982 | INFO    |   meses presencias: {1: 11, 3: 21, 4: 20, 5: 74, 6: 72, 7: 2, 8: 23, 9: 34, 10: 41, 11: 61, 12: 7}
2026-08-29 21:18:12,982 | INFO    |   meses ausencias : {1: 29, 3: 44, 4: 37, 5: 161, 6: 142, 7: 5, 8: 46, 9: 74, 10: 74, 11: 104, 12: 16}
2026-08-29 21:18:12,982 | INFO    |   dataset: SI=366 | NO=732 | total=1098
2026-08-29 21:18:12,990 | INFO    |   split agrupado | SU train=877 | SU test=220
2026-08-29 21:18:12,991 | INFO    |   ausencias por año: {2016: 3, 2020: 1, 2021: 129, 2022: 336, 2023: 154, 2024: 108}
2026-08-29 21:18:14,467 | INFO    |   LR  AUC=0.969 AP=0.954 Brier=0.053
2026-08-29 21:18:17,154 | INFO    |   GAM AUC=0.973 AP=0.957 Brier=0.051
2026-08-29 21:19:46,364 | INFO    |   RF  AUC=0.983 AP=0.972 Brier=0.051
2026-08-29 21:19:46,365 | INFO    | === set_C | MC 36/100 | seed=135 ===
2026-08-29 21:19:47,218 | INFO    |   anos presencias: {2016: 2, 2017: 2, 2019: 1, 2020: 1, 2021: 71, 2022: 168, 2023: 66, 2024: 55}
2026-08-29 21:19:47,218 | INFO    |   anos ausencias : {2017: 2, 2019: 2, 2020: 1, 2021: 131, 2022: 333, 2023: 141, 2024: 122}
2026-08-29 21:19:47,221 | INFO    |   meses presencias: {1: 11, 3: 21, 4: 20, 5: 74, 6: 72, 7: 2, 8: 23, 9: 34, 10: 41, 11: 61, 12: 7}
2026-08-29 21:19:47,221 | INFO    |   meses ausencias : {1: 23, 3: 30, 4: 30, 5: 162, 6: 136, 7: 4, 8: 55, 9: 66, 10: 84, 11: 133, 12: 9}
2026-08-29 21:19:47,221 | INFO    |   dataset: SI=366 | NO=732 | total=1098
2026-08-29 21:19:47,228 | INFO    |   split agrupado | SU train=876 | SU test=220
2026-08-29 21:19:47,229 | INFO    |   ausencias por año: {2017: 2, 2019: 2, 2020: 1, 2021: 131, 2022: 332, 2023: 141, 2024: 121}
2026-08-29 21:19:48,728 | INFO    |   LR  AUC=0.976 AP=0.962 Brier=0.053
2026-08-29 21:19:51,438 | INFO    |   GAM AUC=0.980 AP=0.966 Brier=0.051
2026-08-29 21:21:16,446 | INFO    |   RF  AUC=0.982 AP=0.967 Brier=0.053
2026-08-29 21:21:16,446 | INFO    | === set_C | MC 37/100 | seed=136 ===
2026-08-29 21:21:17,312 | INFO    |   anos presencias: {2016: 2, 2017: 2, 2019: 1, 2020: 1, 2021: 71, 2022: 168, 2023: 66, 2024: 55}
2026-08-29 21:21:17,312 | INFO    |   anos ausencias : {2016: 1, 2017: 2, 2020: 3, 2021: 134, 2022: 318, 2023: 160, 2024: 114}
2026-08-29 21:21:17,315 | INFO    |   meses presencias: {1: 11, 3: 21, 4: 20, 5: 74, 6: 72, 7: 2, 8: 23, 9: 34, 10: 41, 11: 61, 12: 7}
2026-08-29 21:21:17,315 | INFO    |   meses ausencias : {1: 28, 3: 47, 4: 40, 5: 161, 6: 137, 7: 2, 8: 44, 9: 70, 10: 90, 11: 103, 12: 10}
2026-08-29 21:21:17,316 | INFO    |   dataset: SI=366 | NO=732 | total=1098
2026-08-29 21:21:17,323 | INFO    |   split agrupado | SU train=874 | SU test=219
2026-08-29 21:21:17,325 | INFO    |   ausencias por año: {2016: 1, 2017: 2, 2020: 3, 2021: 133, 2022: 315, 2023: 160, 2024: 113}
2026-08-29 21:21:18,815 | INFO    |   LR  AUC=0.968 AP=0.951 Brier=0.058
2026-08-29 21:21:21,485 | INFO    |   GAM AUC=0.970 AP=0.953 Brier=0.057
2026-08-29 21:22:50,857 | INFO    |   RF  AUC=0.967 AP=0.950 Brier=0.058
2026-08-29 21:22:50,858 | INFO    | === set_C | MC 38/100 | seed=137 ===
2026-08-29 21:22:51,710 | INFO    |   anos presencias: {2016: 2, 2017: 2, 2019: 1, 2020: 1, 2021: 71, 2022: 168, 2023: 66, 2024: 55}
2026-08-29 21:22:51,711 | INFO    |   anos ausencias : {2016: 6, 2017: 5, 2019: 4, 2020: 2, 2021: 133, 2022: 315, 2023: 148, 2024: 119}
2026-08-29 21:22:51,713 | INFO    |   meses presencias: {1: 11, 3: 21, 4: 20, 5: 74, 6: 72, 7: 2, 8: 23, 9: 34, 10: 41, 11: 61, 12: 7}
2026-08-29 21:22:51,713 | INFO    |   meses ausencias : {1: 22, 3: 53, 4: 30, 5: 146, 6: 159, 7: 6, 8: 42, 9: 59, 10: 73, 11: 132, 12: 10}
2026-08-29 21:22:51,714 | INFO    |   dataset: SI=366 | NO=732 | total=1098
2026-08-29 21:22:51,721 | INFO    |   split agrupado | SU train=876 | SU test=220
2026-08-29 21:22:51,722 | INFO    |   ausencias por año: {2016: 6, 2017: 5, 2019: 4, 2020: 2, 2021: 132, 2022: 315, 2023: 148, 2024: 118}
2026-08-29 21:22:53,202 | INFO    |   LR  AUC=0.973 AP=0.957 Brier=0.048
2026-08-29 21:22:55,895 | INFO    |   GAM AUC=0.977 AP=0.959 Brier=0.046
2026-08-29 21:24:25,234 | INFO    |   RF  AUC=0.982 AP=0.963 Brier=0.049
2026-08-29 21:24:25,235 | INFO    | === set_C | MC 39/100 | seed=138 ===
2026-08-29 21:24:26,132 | INFO    |   anos presencias: {2016: 2, 2017: 2, 2019: 1, 2020: 1, 2021: 71, 2022: 168, 2023: 66, 2024: 55}
2026-08-29 21:24:26,133 | INFO    |   anos ausencias : {2016: 2, 2017: 1, 2019: 3, 2021: 122, 2022: 331, 2023: 139, 2024: 134}
2026-08-29 21:24:26,135 | INFO    |   meses presencias: {1: 11, 3: 21, 4: 20, 5: 74, 6: 72, 7: 2, 8: 23, 9: 34, 10: 41, 11: 61, 12: 7}
2026-08-29 21:24:26,136 | INFO    |   meses ausencias : {1: 25, 3: 39, 4: 48, 5: 150, 6: 161, 7: 5, 8: 40, 9: 54, 10: 75, 11: 128, 12: 7}
2026-08-29 21:24:26,136 | INFO    |   dataset: SI=366 | NO=732 | total=1098
2026-08-29 21:24:26,143 | INFO    |   split agrupado | SU train=876 | SU test=219
2026-08-29 21:24:26,144 | INFO    |   ausencias por año: {2016: 2, 2017: 1, 2019: 3, 2021: 121, 2022: 330, 2023: 139, 2024: 133}
2026-08-29 21:24:27,624 | INFO    |   LR  AUC=0.948 AP=0.907 Brier=0.070
2026-08-29 21:24:30,180 | INFO    |   GAM AUC=0.947 AP=0.893 Brier=0.075
2026-08-29 21:25:58,754 | INFO    |   RF  AUC=0.963 AP=0.954 Brier=0.057
2026-08-29 21:25:58,754 | INFO    | === set_C | MC 40/100 | seed=139 ===
2026-08-29 21:25:59,618 | INFO    |   anos presencias: {2016: 2, 2017: 2, 2019: 1, 2020: 1, 2021: 71, 2022: 168, 2023: 66, 2024: 55}
2026-08-29 21:25:59,619 | INFO    |   anos ausencias : {2016: 3, 2017: 4, 2019: 2, 2020: 2, 2021: 140, 2022: 306, 2023: 136, 2024: 139}
2026-08-29 21:25:59,621 | INFO    |   meses presencias: {1: 11, 3: 21, 4: 20, 5: 74, 6: 72, 7: 2, 8: 23, 9: 34, 10: 41, 11: 61, 12: 7}
2026-08-29 21:25:59,622 | INFO    |   meses ausencias : {1: 25, 3: 35, 4: 40, 5: 160, 6: 153, 7: 3, 8: 38, 9: 74, 10: 74, 11: 121, 12: 9}
2026-08-29 21:25:59,622 | INFO    |   dataset: SI=366 | NO=732 | total=1098
2026-08-29 21:25:59,630 | INFO    |   split agrupado | SU train=877 | SU test=220
2026-08-29 21:25:59,631 | INFO    |   ausencias por año: {2016: 3, 2017: 4, 2019: 2, 2020: 2, 2021: 140, 2022: 306, 2023: 136, 2024: 138}
2026-08-29 21:26:01,142 | INFO    |   LR  AUC=0.979 AP=0.965 Brier=0.056
2026-08-29 21:26:04,059 | INFO    |   GAM AUC=0.981 AP=0.966 Brier=0.056
2026-08-29 21:27:33,704 | INFO    |   RF  AUC=0.986 AP=0.975 Brier=0.054
2026-08-29 21:27:33,705 | INFO    | === set_C | MC 41/100 | seed=140 ===
2026-08-29 21:27:34,671 | INFO    |   anos presencias: {2016: 2, 2017: 2, 2019: 1, 2020: 1, 2021: 71, 2022: 168, 2023: 66, 2024: 55}
2026-08-29 21:27:34,671 | INFO    |   anos ausencias : {2016: 3, 2017: 2, 2021: 115, 2022: 348, 2023: 134, 2024: 130}
2026-08-29 21:27:34,674 | INFO    |   meses presencias: {1: 11, 3: 21, 4: 20, 5: 74, 6: 72, 7: 2, 8: 23, 9: 34, 10: 41, 11: 61, 12: 7}
2026-08-29 21:27:34,674 | INFO    |   meses ausencias : {1: 23, 3: 42, 4: 30, 5: 165, 6: 133, 7: 10, 8: 39, 9: 73, 10: 73, 11: 140, 12: 4}
2026-08-29 21:27:34,675 | INFO    |   dataset: SI=366 | NO=732 | total=1098
2026-08-29 21:27:34,682 | INFO    |   split agrupado | SU train=878 | SU test=220
2026-08-29 21:27:34,683 | INFO    |   ausencias por año: {2016: 3, 2017: 2, 2021: 115, 2022: 348, 2023: 134, 2024: 130}
2026-08-29 21:27:36,197 | INFO    |   LR  AUC=0.978 AP=0.958 Brier=0.054
2026-08-29 21:27:38,865 | INFO    |   GAM AUC=0.976 AP=0.950 Brier=0.057
2026-08-29 21:29:09,613 | INFO    |   RF  AUC=0.981 AP=0.970 Brier=0.049
2026-08-29 21:29:09,614 | INFO    | === set_C | MC 42/100 | seed=141 ===
2026-08-29 21:29:10,516 | INFO    |   anos presencias: {2016: 2, 2017: 2, 2019: 1, 2020: 1, 2021: 71, 2022: 168, 2023: 66, 2024: 55}
2026-08-29 21:29:10,517 | INFO    |   anos ausencias : {2016: 2, 2017: 2, 2019: 1, 2020: 2, 2021: 129, 2022: 325, 2023: 136, 2024: 135}
2026-08-29 21:29:10,519 | INFO    |   meses presencias: {1: 11, 3: 21, 4: 20, 5: 74, 6: 72, 7: 2, 8: 23, 9: 34, 10: 41, 11: 61, 12: 7}
2026-08-29 21:29:10,519 | INFO    |   meses ausencias : {1: 29, 3: 40, 4: 56, 5: 155, 6: 142, 7: 4, 8: 52, 9: 64, 10: 73, 11: 109, 12: 8}
2026-08-29 21:29:10,520 | INFO    |   dataset: SI=366 | NO=732 | total=1098
2026-08-29 21:29:10,527 | INFO    |   split agrupado | SU train=876 | SU test=220
2026-08-29 21:29:10,528 | INFO    |   ausencias por año: {2016: 2, 2017: 2, 2019: 1, 2020: 2, 2021: 127, 2022: 325, 2023: 136, 2024: 135}
2026-08-29 21:29:11,999 | INFO    |   LR  AUC=0.963 AP=0.937 Brier=0.077
2026-08-29 21:29:14,557 | INFO    |   GAM AUC=0.968 AP=0.946 Brier=0.072
2026-08-29 21:30:40,530 | INFO    |   RF  AUC=0.977 AP=0.963 Brier=0.058
2026-08-29 21:30:40,531 | INFO    | === set_C | MC 43/100 | seed=142 ===
2026-08-29 21:30:41,391 | INFO    |   anos presencias: {2016: 2, 2017: 2, 2019: 1, 2020: 1, 2021: 71, 2022: 168, 2023: 66, 2024: 55}
2026-08-29 21:30:41,392 | INFO    |   anos ausencias : {2017: 2, 2019: 2, 2020: 4, 2021: 110, 2022: 342, 2023: 154, 2024: 118}
2026-08-29 21:30:41,394 | INFO    |   meses presencias: {1: 11, 3: 21, 4: 20, 5: 74, 6: 72, 7: 2, 8: 23, 9: 34, 10: 41, 11: 61, 12: 7}
2026-08-29 21:30:41,395 | INFO    |   meses ausencias : {1: 19, 3: 47, 4: 32, 5: 159, 6: 139, 7: 5, 8: 41, 9: 68, 10: 82, 11: 132, 12: 8}
2026-08-29 21:30:41,395 | INFO    |   dataset: SI=366 | NO=732 | total=1098
2026-08-29 21:30:41,404 | INFO    |   split agrupado | SU train=877 | SU test=220
2026-08-29 21:30:41,406 | INFO    |   ausencias por año: {2017: 2, 2019: 2, 2020: 4, 2021: 110, 2022: 341, 2023: 154, 2024: 118}
2026-08-29 21:30:42,912 | INFO    |   LR  AUC=0.958 AP=0.942 Brier=0.069
2026-08-29 21:30:45,605 | INFO    |   GAM AUC=0.960 AP=0.944 Brier=0.068
2026-08-29 21:32:14,819 | INFO    |   RF  AUC=0.968 AP=0.955 Brier=0.056
2026-08-29 21:32:14,819 | INFO    | === set_C | MC 44/100 | seed=143 ===
2026-08-29 21:32:15,674 | INFO    |   anos presencias: {2016: 2, 2017: 2, 2019: 1, 2020: 1, 2021: 71, 2022: 168, 2023: 66, 2024: 55}
2026-08-29 21:32:15,674 | INFO    |   anos ausencias : {2016: 1, 2017: 4, 2019: 2, 2020: 3, 2021: 131, 2022: 315, 2023: 153, 2024: 123}
2026-08-29 21:32:15,677 | INFO    |   meses presencias: {1: 11, 3: 21, 4: 20, 5: 74, 6: 72, 7: 2, 8: 23, 9: 34, 10: 41, 11: 61, 12: 7}
2026-08-29 21:32:15,677 | INFO    |   meses ausencias : {1: 20, 3: 39, 4: 45, 5: 148, 6: 162, 7: 4, 8: 42, 9: 74, 10: 72, 11: 118, 12: 8}
2026-08-29 21:32:15,678 | INFO    |   dataset: SI=366 | NO=732 | total=1098
2026-08-29 21:32:15,684 | INFO    |   split agrupado | SU train=878 | SU test=220
2026-08-29 21:32:15,686 | INFO    |   ausencias por año: {2016: 1, 2017: 4, 2019: 2, 2020: 3, 2021: 131, 2022: 315, 2023: 153, 2024: 123}
2026-08-29 21:32:17,189 | INFO    |   LR  AUC=0.975 AP=0.964 Brier=0.053
2026-08-29 21:32:19,901 | INFO    |   GAM AUC=0.976 AP=0.966 Brier=0.051
2026-08-29 21:33:48,745 | INFO    |   RF  AUC=0.978 AP=0.973 Brier=0.047
2026-08-29 21:33:48,746 | INFO    | === set_C | MC 45/100 | seed=144 ===
2026-08-29 21:33:49,616 | INFO    |   anos presencias: {2016: 2, 2017: 2, 2019: 1, 2020: 1, 2021: 71, 2022: 168, 2023: 66, 2024: 55}
2026-08-29 21:33:49,616 | INFO    |   anos ausencias : {2016: 1, 2017: 4, 2019: 2, 2020: 2, 2021: 133, 2022: 315, 2023: 150, 2024: 125}
2026-08-29 21:33:49,619 | INFO    |   meses presencias: {1: 11, 3: 21, 4: 20, 5: 74, 6: 72, 7: 2, 8: 23, 9: 34, 10: 41, 11: 61, 12: 7}
2026-08-29 21:33:49,620 | INFO    |   meses ausencias : {1: 16, 3: 31, 4: 32, 5: 159, 6: 161, 7: 2, 8: 42, 9: 66, 10: 86, 11: 129, 12: 8}
2026-08-29 21:33:49,620 | INFO    |   dataset: SI=366 | NO=732 | total=1098
2026-08-29 21:33:49,627 | INFO    |   split agrupado | SU train=877 | SU test=220
2026-08-29 21:33:49,629 | INFO    |   ausencias por año: {2016: 1, 2017: 4, 2019: 2, 2020: 2, 2021: 133, 2022: 314, 2023: 150, 2024: 125}
2026-08-29 21:33:51,139 | INFO    |   LR  AUC=0.966 AP=0.961 Brier=0.056
2026-08-29 21:33:53,887 | INFO    |   GAM AUC=0.968 AP=0.963 Brier=0.053
2026-08-29 21:35:22,767 | INFO    |   RF  AUC=0.983 AP=0.979 Brier=0.053
2026-08-29 21:35:22,767 | INFO    | === set_C | MC 46/100 | seed=145 ===
2026-08-29 21:35:23,643 | INFO    |   anos presencias: {2016: 2, 2017: 2, 2019: 1, 2020: 1, 2021: 71, 2022: 168, 2023: 66, 2024: 55}
2026-08-29 21:35:23,643 | INFO    |   anos ausencias : {2017: 1, 2019: 1, 2020: 2, 2021: 135, 2022: 332, 2023: 148, 2024: 113}
2026-08-29 21:35:23,646 | INFO    |   meses presencias: {1: 11, 3: 21, 4: 20, 5: 74, 6: 72, 7: 2, 8: 23, 9: 34, 10: 41, 11: 61, 12: 7}
2026-08-29 21:35:23,647 | INFO    |   meses ausencias : {1: 25, 3: 41, 4: 40, 5: 160, 6: 126, 7: 2, 8: 48, 9: 75, 10: 72, 11: 137, 12: 6}
2026-08-29 21:35:23,647 | INFO    |   dataset: SI=366 | NO=732 | total=1098
2026-08-29 21:35:23,654 | INFO    |   split agrupado | SU train=877 | SU test=220
2026-08-29 21:35:23,656 | INFO    |   ausencias por año: {2017: 1, 2019: 1, 2020: 2, 2021: 135, 2022: 331, 2023: 148, 2024: 113}
2026-08-29 21:35:25,191 | INFO    |   LR  AUC=0.971 AP=0.945 Brier=0.050
2026-08-29 21:35:27,960 | INFO    |   GAM AUC=0.971 AP=0.934 Brier=0.054
2026-08-29 21:36:56,989 | INFO    |   RF  AUC=0.972 AP=0.940 Brier=0.053
2026-08-29 21:36:56,990 | INFO    | === set_C | MC 47/100 | seed=146 ===
2026-08-29 21:36:57,864 | INFO    |   anos presencias: {2016: 2, 2017: 2, 2019: 1, 2020: 1, 2021: 71, 2022: 168, 2023: 66, 2024: 55}
2026-08-29 21:36:57,865 | INFO    |   anos ausencias : {2016: 1, 2017: 3, 2020: 1, 2021: 142, 2022: 329, 2023: 132, 2024: 124}
2026-08-29 21:36:57,867 | INFO    |   meses presencias: {1: 11, 3: 21, 4: 20, 5: 74, 6: 72, 7: 2, 8: 23, 9: 34, 10: 41, 11: 61, 12: 7}
2026-08-29 21:36:57,870 | INFO    |   meses ausencias : {1: 25, 3: 42, 4: 50, 5: 137, 6: 148, 7: 3, 8: 44, 9: 74, 10: 65, 11: 135, 12: 9}
2026-08-29 21:36:57,870 | INFO    |   dataset: SI=366 | NO=732 | total=1098
2026-08-29 21:36:57,878 | INFO    |   split agrupado | SU train=876 | SU test=220
2026-08-29 21:36:57,879 | INFO    |   ausencias por año: {2016: 1, 2017: 3, 2020: 1, 2021: 142, 2022: 327, 2023: 132, 2024: 124}
2026-08-29 21:36:59,392 | INFO    |   LR  AUC=0.967 AP=0.940 Brier=0.070
2026-08-29 21:36:59,438 | ERROR   | run 46 falló: X data is out of domain for categorical feature 4. Expected data on [0.0, 3.0], but found data on [0.0, 4.0]
Traceback (most recent call last):
  File "/home/oisanchezp/Thesis/src/05_Chapter/mc_common.py", line 689, in run_montecarlo
    model.fit(Xdf.iloc[idx_tr], y[idx_tr], seed=seed)
  File "/home/oisanchezp/Thesis/src/05_Chapter/mc_common.py", line 516, in fit
    auc = roc_auc_score(y_val, g.predict_proba(X_val))
  File "/home/oisanchezp/geo_env/lib/python3.8/site-packages/pygam/pygam.py", line 2696, in predict_proba
    return self.predict_mu(X)
  File "/home/oisanchezp/geo_env/lib/python3.8/site-packages/pygam/pygam.py", line 435, in predict_mu
    X = check_X(
  File "/home/oisanchezp/geo_env/lib/python3.8/site-packages/pygam/utils.py", line 337, in check_X
    raise ValueError(
ValueError: X data is out of domain for categorical feature 4. Expected data on [0.0, 3.0], but found data on [0.0, 4.0]
2026-08-29 21:36:59,438 | INFO    | === set_C | MC 48/100 | seed=147 ===
2026-08-29 21:37:00,300 | INFO    |   anos presencias: {2016: 2, 2017: 2, 2019: 1, 2020: 1, 2021: 71, 2022: 168, 2023: 66, 2024: 55}
2026-08-29 21:37:00,301 | INFO    |   anos ausencias : {2016: 2, 2017: 4, 2020: 3, 2021: 142, 2022: 304, 2023: 150, 2024: 127}
2026-08-29 21:37:00,303 | INFO    |   meses presencias: {1: 11, 3: 21, 4: 20, 5: 74, 6: 72, 7: 2, 8: 23, 9: 34, 10: 41, 11: 61, 12: 7}
2026-08-29 21:37:00,303 | INFO    |   meses ausencias : {1: 27, 3: 35, 4: 34, 5: 155, 6: 145, 7: 8, 8: 44, 9: 67, 10: 73, 11: 133, 12: 11}
2026-08-29 21:37:00,304 | INFO    |   dataset: SI=366 | NO=732 | total=1098
2026-08-29 21:37:00,309 | INFO    |   split agrupado | SU train=878 | SU test=220
2026-08-29 21:37:00,311 | INFO    |   ausencias por año: {2016: 2, 2017: 4, 2020: 3, 2021: 142, 2022: 304, 2023: 150, 2024: 127}
2026-08-29 21:37:01,798 | INFO    |   LR  AUC=0.968 AP=0.957 Brier=0.060
2026-08-29 21:37:04,629 | INFO    |   GAM AUC=0.970 AP=0.959 Brier=0.057
2026-08-29 21:38:34,482 | INFO    |   RF  AUC=0.979 AP=0.967 Brier=0.056
2026-08-29 21:38:34,483 | INFO    | === set_C | MC 49/100 | seed=148 ===
2026-08-29 21:38:35,330 | INFO    |   anos presencias: {2016: 2, 2017: 2, 2019: 1, 2020: 1, 2021: 71, 2022: 168, 2023: 66, 2024: 55}
2026-08-29 21:38:35,330 | INFO    |   anos ausencias : {2016: 1, 2017: 2, 2019: 3, 2020: 3, 2021: 132, 2022: 309, 2023: 151, 2024: 131}
2026-08-29 21:38:35,333 | INFO    |   meses presencias: {1: 11, 3: 21, 4: 20, 5: 74, 6: 72, 7: 2, 8: 23, 9: 34, 10: 41, 11: 61, 12: 7}
2026-08-29 21:38:35,333 | INFO    |   meses ausencias : {1: 25, 3: 38, 4: 29, 5: 184, 6: 140, 7: 5, 8: 49, 9: 56, 10: 77, 11: 117, 12: 12}
2026-08-29 21:38:35,333 | INFO    |   dataset: SI=366 | NO=732 | total=1098
2026-08-29 21:38:35,340 | INFO    |   split agrupado | SU train=876 | SU test=220
2026-08-29 21:38:35,342 | INFO    |   ausencias por año: {2016: 1, 2017: 2, 2019: 3, 2020: 3, 2021: 132, 2022: 307, 2023: 151, 2024: 131}
2026-08-29 21:38:36,855 | INFO    |   LR  AUC=0.975 AP=0.950 Brier=0.059
2026-08-29 21:38:39,476 | INFO    |   GAM AUC=0.979 AP=0.959 Brier=0.058
2026-08-29 21:40:07,875 | INFO    |   RF  AUC=0.988 AP=0.974 Brier=0.046
2026-08-29 21:40:07,876 | INFO    | === set_C | MC 50/100 | seed=149 ===
2026-08-29 21:40:08,779 | INFO    |   anos presencias: {2016: 2, 2017: 2, 2019: 1, 2020: 1, 2021: 71, 2022: 168, 2023: 66, 2024: 55}
2026-08-29 21:40:08,780 | INFO    |   anos ausencias : {2016: 1, 2019: 4, 2020: 2, 2021: 142, 2022: 323, 2023: 147, 2024: 113}
2026-08-29 21:40:08,782 | INFO    |   meses presencias: {1: 11, 3: 21, 4: 20, 5: 74, 6: 72, 7: 2, 8: 23, 9: 34, 10: 41, 11: 61, 12: 7}
2026-08-29 21:40:08,783 | INFO    |   meses ausencias : {1: 19, 3: 29, 4: 40, 5: 143, 6: 143, 7: 1, 8: 49, 9: 68, 10: 101, 11: 127, 12: 12}
2026-08-29 21:40:08,783 | INFO    |   dataset: SI=366 | NO=732 | total=1098
2026-08-29 21:40:08,793 | INFO    |   split agrupado | SU train=877 | SU test=220
2026-08-29 21:40:08,795 | INFO    |   ausencias por año: {2016: 1, 2019: 4, 2020: 2, 2021: 142, 2022: 322, 2023: 147, 2024: 113}
2026-08-29 21:40:10,395 | INFO    |   LR  AUC=0.967 AP=0.940 Brier=0.058
2026-08-29 21:40:13,353 | INFO    |   GAM AUC=0.969 AP=0.940 Brier=0.058
2026-08-29 21:41:40,462 | INFO    |   RF  AUC=0.971 AP=0.948 Brier=0.064
2026-08-29 21:41:40,463 | INFO    | === set_C | MC 51/100 | seed=150 ===
2026-08-29 21:41:41,451 | INFO    |   anos presencias: {2016: 2, 2017: 2, 2019: 1, 2020: 1, 2021: 71, 2022: 168, 2023: 66, 2024: 55}
2026-08-29 21:41:41,452 | INFO    |   anos ausencias : {2017: 1, 2019: 1, 2020: 2, 2021: 134, 2022: 352, 2023: 137, 2024: 105}
2026-08-29 21:41:41,454 | INFO    |   meses presencias: {1: 11, 3: 21, 4: 20, 5: 74, 6: 72, 7: 2, 8: 23, 9: 34, 10: 41, 11: 61, 12: 7}
2026-08-29 21:41:41,455 | INFO    |   meses ausencias : {1: 29, 3: 43, 4: 44, 5: 148, 6: 145, 7: 3, 8: 38, 9: 63, 10: 81, 11: 129, 12: 9}
2026-08-29 21:41:41,455 | INFO    |   dataset: SI=366 | NO=732 | total=1098
2026-08-29 21:41:41,464 | INFO    |   split agrupado | SU train=877 | SU test=220
2026-08-29 21:41:41,466 | INFO    |   ausencias por año: {2017: 1, 2019: 1, 2020: 2, 2021: 133, 2022: 352, 2023: 137, 2024: 105}
2026-08-29 21:41:42,974 | INFO    |   LR  AUC=0.980 AP=0.965 Brier=0.053
2026-08-29 21:41:45,662 | INFO    |   GAM AUC=0.981 AP=0.966 Brier=0.053
2026-08-29 21:43:16,032 | INFO    |   RF  AUC=0.983 AP=0.971 Brier=0.053
2026-08-29 21:43:16,032 | INFO    | === set_C | MC 52/100 | seed=151 ===
2026-08-29 21:43:16,877 | INFO    |   anos presencias: {2016: 2, 2017: 2, 2019: 1, 2020: 1, 2021: 71, 2022: 168, 2023: 66, 2024: 55}
2026-08-29 21:43:16,878 | INFO    |   anos ausencias : {2017: 1, 2019: 2, 2020: 1, 2021: 133, 2022: 288, 2023: 151, 2024: 156}
2026-08-29 21:43:16,880 | INFO    |   meses presencias: {1: 11, 3: 21, 4: 20, 5: 74, 6: 72, 7: 2, 8: 23, 9: 34, 10: 41, 11: 61, 12: 7}
2026-08-29 21:43:16,880 | INFO    |   meses ausencias : {1: 19, 3: 36, 4: 40, 5: 176, 6: 132, 7: 3, 8: 41, 9: 69, 10: 77, 11: 124, 12: 15}
2026-08-29 21:43:16,881 | INFO    |   dataset: SI=366 | NO=732 | total=1098
2026-08-29 21:43:16,888 | INFO    |   split agrupado | SU train=876 | SU test=219
2026-08-29 21:43:16,889 | INFO    |   ausencias por año: {2017: 1, 2019: 2, 2020: 1, 2021: 133, 2022: 288, 2023: 149, 2024: 155}
2026-08-29 21:43:18,382 | INFO    |   LR  AUC=0.989 AP=0.981 Brier=0.043
2026-08-29 21:43:21,056 | INFO    |   GAM AUC=0.989 AP=0.980 Brier=0.042
2026-08-29 21:44:51,421 | INFO    |   RF  AUC=0.994 AP=0.990 Brier=0.036
2026-08-29 21:44:51,422 | INFO    | === set_C | MC 53/100 | seed=152 ===
2026-08-29 21:44:52,274 | INFO    |   anos presencias: {2016: 2, 2017: 2, 2019: 1, 2020: 1, 2021: 71, 2022: 168, 2023: 66, 2024: 55}
2026-08-29 21:44:52,274 | INFO    |   anos ausencias : {2016: 3, 2017: 1, 2019: 1, 2020: 2, 2021: 122, 2022: 328, 2023: 145, 2024: 130}
2026-08-29 21:44:52,277 | INFO    |   meses presencias: {1: 11, 3: 21, 4: 20, 5: 74, 6: 72, 7: 2, 8: 23, 9: 34, 10: 41, 11: 61, 12: 7}
2026-08-29 21:44:52,277 | INFO    |   meses ausencias : {1: 30, 3: 42, 4: 41, 5: 157, 6: 156, 7: 9, 8: 45, 9: 56, 10: 65, 11: 120, 12: 11}
2026-08-29 21:44:52,277 | INFO    |   dataset: SI=366 | NO=732 | total=1098
2026-08-29 21:44:52,285 | INFO    |   split agrupado | SU train=877 | SU test=220
2026-08-29 21:44:52,286 | INFO    |   ausencias por año: {2016: 3, 2017: 1, 2019: 1, 2020: 2, 2021: 122, 2022: 327, 2023: 145, 2024: 130}
2026-08-29 21:44:53,816 | INFO    |   LR  AUC=0.975 AP=0.965 Brier=0.048
2026-08-29 21:44:56,644 | INFO    |   GAM AUC=0.976 AP=0.965 Brier=0.046
2026-08-29 21:46:24,992 | INFO    |   RF  AUC=0.973 AP=0.955 Brier=0.047
2026-08-29 21:46:24,993 | INFO    | === set_C | MC 54/100 | seed=153 ===
2026-08-29 21:46:25,890 | INFO    |   anos presencias: {2016: 2, 2017: 2, 2019: 1, 2020: 1, 2021: 71, 2022: 168, 2023: 66, 2024: 55}
2026-08-29 21:46:25,890 | INFO    |   anos ausencias : {2016: 6, 2017: 3, 2019: 3, 2020: 3, 2021: 119, 2022: 302, 2023: 148, 2024: 148}
2026-08-29 21:46:25,893 | INFO    |   meses presencias: {1: 11, 3: 21, 4: 20, 5: 74, 6: 72, 7: 2, 8: 23, 9: 34, 10: 41, 11: 61, 12: 7}
2026-08-29 21:46:25,893 | INFO    |   meses ausencias : {1: 20, 3: 46, 4: 37, 5: 159, 6: 147, 7: 1, 8: 46, 9: 67, 10: 82, 11: 114, 12: 13}
2026-08-29 21:46:25,894 | INFO    |   dataset: SI=366 | NO=732 | total=1098
2026-08-29 21:46:25,901 | INFO    |   split agrupado | SU train=878 | SU test=220
2026-08-29 21:46:25,902 | INFO    |   ausencias por año: {2016: 6, 2017: 3, 2019: 3, 2020: 3, 2021: 119, 2022: 302, 2023: 148, 2024: 148}
2026-08-29 21:46:27,391 | INFO    |   LR  AUC=0.928 AP=0.910 Brier=0.086
2026-08-29 21:46:30,078 | INFO    |   GAM AUC=0.930 AP=0.909 Brier=0.085
2026-08-29 21:48:00,451 | INFO    |   RF  AUC=0.936 AP=0.918 Brier=0.087
2026-08-29 21:48:00,452 | INFO    | === set_C | MC 55/100 | seed=154 ===
2026-08-29 21:48:01,328 | INFO    |   anos presencias: {2016: 2, 2017: 2, 2019: 1, 2020: 1, 2021: 71, 2022: 168, 2023: 66, 2024: 55}
2026-08-29 21:48:01,331 | INFO    |   anos ausencias : {2017: 1, 2019: 2, 2020: 2, 2021: 122, 2022: 329, 2023: 159, 2024: 117}
2026-08-29 21:48:01,333 | INFO    |   meses presencias: {1: 11, 3: 21, 4: 20, 5: 74, 6: 72, 7: 2, 8: 23, 9: 34, 10: 41, 11: 61, 12: 7}
2026-08-29 21:48:01,334 | INFO    |   meses ausencias : {1: 29, 3: 45, 4: 33, 5: 160, 6: 146, 7: 1, 8: 53, 9: 73, 10: 81, 11: 105, 12: 6}
2026-08-29 21:48:01,334 | INFO    |   dataset: SI=366 | NO=732 | total=1098
2026-08-29 21:48:01,341 | INFO    |   split agrupado | SU train=877 | SU test=220
2026-08-29 21:48:01,343 | INFO    |   ausencias por año: {2017: 1, 2019: 2, 2020: 2, 2021: 122, 2022: 329, 2023: 159, 2024: 116}
2026-08-29 21:48:02,936 | INFO    |   LR  AUC=0.981 AP=0.961 Brier=0.052
2026-08-29 21:48:05,664 | INFO    |   GAM AUC=0.982 AP=0.963 Brier=0.051
2026-08-29 21:49:35,729 | INFO    |   RF  AUC=0.980 AP=0.957 Brier=0.053
2026-08-29 21:49:35,730 | INFO    | === set_C | MC 56/100 | seed=155 ===
2026-08-29 21:49:36,580 | INFO    |   anos presencias: {2016: 2, 2017: 2, 2019: 1, 2020: 1, 2021: 71, 2022: 168, 2023: 66, 2024: 55}
2026-08-29 21:49:36,581 | INFO    |   anos ausencias : {2017: 1, 2020: 2, 2021: 140, 2022: 302, 2023: 174, 2024: 113}
2026-08-29 21:49:36,583 | INFO    |   meses presencias: {1: 11, 3: 21, 4: 20, 5: 74, 6: 72, 7: 2, 8: 23, 9: 34, 10: 41, 11: 61, 12: 7}
2026-08-29 21:49:36,584 | INFO    |   meses ausencias : {1: 28, 3: 36, 4: 39, 5: 182, 6: 142, 7: 6, 8: 34, 9: 68, 10: 69, 11: 116, 12: 12}
2026-08-29 21:49:36,584 | INFO    |   dataset: SI=366 | NO=732 | total=1098
2026-08-29 21:49:36,590 | INFO    |   split agrupado | SU train=878 | SU test=220
2026-08-29 21:49:36,592 | INFO    |   ausencias por año: {2017: 1, 2020: 2, 2021: 140, 2022: 302, 2023: 174, 2024: 113}
2026-08-29 21:49:38,064 | INFO    |   LR  AUC=0.967 AP=0.942 Brier=0.059
2026-08-29 21:49:40,752 | INFO    |   GAM AUC=0.962 AP=0.934 Brier=0.060
2026-08-29 21:51:06,464 | INFO    |   RF  AUC=0.964 AP=0.927 Brier=0.070
2026-08-29 21:51:06,465 | INFO    | === set_C | MC 57/100 | seed=156 ===
2026-08-29 21:51:07,325 | INFO    |   anos presencias: {2016: 2, 2017: 2, 2019: 1, 2020: 1, 2021: 71, 2022: 168, 2023: 66, 2024: 55}
2026-08-29 21:51:07,325 | INFO    |   anos ausencias : {2017: 2, 2020: 3, 2021: 139, 2022: 332, 2023: 143, 2024: 113}
2026-08-29 21:51:07,328 | INFO    |   meses presencias: {1: 11, 3: 21, 4: 20, 5: 74, 6: 72, 7: 2, 8: 23, 9: 34, 10: 41, 11: 61, 12: 7}
2026-08-29 21:51:07,328 | INFO    |   meses ausencias : {1: 22, 3: 42, 4: 40, 5: 158, 6: 141, 7: 2, 8: 45, 9: 74, 10: 83, 11: 115, 12: 10}
2026-08-29 21:51:07,329 | INFO    |   dataset: SI=366 | NO=732 | total=1098
2026-08-29 21:51:07,335 | INFO    |   split agrupado | SU train=878 | SU test=220
2026-08-29 21:51:07,337 | INFO    |   ausencias por año: {2017: 2, 2020: 3, 2021: 139, 2022: 332, 2023: 143, 2024: 113}
2026-08-29 21:51:08,826 | INFO    |   LR  AUC=0.987 AP=0.976 Brier=0.046
2026-08-29 21:51:11,587 | INFO    |   GAM AUC=0.989 AP=0.978 Brier=0.046
2026-08-29 21:52:41,927 | INFO    |   RF  AUC=0.989 AP=0.979 Brier=0.046
2026-08-29 21:52:41,928 | INFO    | === set_C | MC 58/100 | seed=157 ===
2026-08-29 21:52:42,789 | INFO    |   anos presencias: {2016: 2, 2017: 2, 2019: 1, 2020: 1, 2021: 71, 2022: 168, 2023: 66, 2024: 55}
2026-08-29 21:52:42,789 | INFO    |   anos ausencias : {2016: 1, 2017: 3, 2019: 1, 2020: 5, 2021: 143, 2022: 296, 2023: 147, 2024: 136}
2026-08-29 21:52:42,791 | INFO    |   meses presencias: {1: 11, 3: 21, 4: 20, 5: 74, 6: 72, 7: 2, 8: 23, 9: 34, 10: 41, 11: 61, 12: 7}
2026-08-29 21:52:42,792 | INFO    |   meses ausencias : {1: 22, 3: 42, 4: 28, 5: 166, 6: 150, 7: 7, 8: 41, 9: 74, 10: 65, 11: 124, 12: 13}
2026-08-29 21:52:42,792 | INFO    |   dataset: SI=366 | NO=732 | total=1098
2026-08-29 21:52:42,799 | INFO    |   split agrupado | SU train=876 | SU test=220
2026-08-29 21:52:42,801 | INFO    |   ausencias por año: {2016: 1, 2017: 3, 2019: 1, 2020: 5, 2021: 143, 2022: 294, 2023: 147, 2024: 136}
2026-08-29 21:52:44,272 | INFO    |   LR  AUC=0.984 AP=0.973 Brier=0.044
2026-08-29 21:52:46,953 | INFO    |   GAM AUC=0.981 AP=0.963 Brier=0.053
2026-08-29 21:54:17,372 | INFO    |   RF  AUC=0.993 AP=0.988 Brier=0.042
2026-08-29 21:54:17,373 | INFO    | === set_C | MC 59/100 | seed=158 ===
2026-08-29 21:54:18,240 | INFO    |   anos presencias: {2016: 2, 2017: 2, 2019: 1, 2020: 1, 2021: 71, 2022: 168, 2023: 66, 2024: 55}
2026-08-29 21:54:18,240 | INFO    |   anos ausencias : {2017: 7, 2019: 1, 2021: 137, 2022: 323, 2023: 147, 2024: 117}
2026-08-29 21:54:18,243 | INFO    |   meses presencias: {1: 11, 3: 21, 4: 20, 5: 74, 6: 72, 7: 2, 8: 23, 9: 34, 10: 41, 11: 61, 12: 7}
2026-08-29 21:54:18,243 | INFO    |   meses ausencias : {1: 19, 3: 45, 4: 47, 5: 159, 6: 133, 7: 5, 8: 41, 9: 75, 10: 64, 11: 133, 12: 11}
2026-08-29 21:54:18,244 | INFO    |   dataset: SI=366 | NO=732 | total=1098
2026-08-29 21:54:18,251 | INFO    |   split agrupado | SU train=875 | SU test=219
2026-08-29 21:54:18,253 | INFO    |   ausencias por año: {2017: 7, 2019: 1, 2021: 136, 2022: 322, 2023: 146, 2024: 116}
2026-08-29 21:54:19,741 | INFO    |   LR  AUC=0.978 AP=0.947 Brier=0.054
2026-08-29 21:54:22,328 | INFO    |   GAM AUC=0.971 AP=0.931 Brier=0.065
2026-08-29 21:55:51,257 | INFO    |   RF  AUC=0.985 AP=0.963 Brier=0.049
2026-08-29 21:55:51,257 | INFO    | === set_C | MC 60/100 | seed=159 ===
2026-08-29 21:55:52,124 | INFO    |   anos presencias: {2016: 2, 2017: 2, 2019: 1, 2020: 1, 2021: 71, 2022: 168, 2023: 66, 2024: 55}
2026-08-29 21:55:52,125 | INFO    |   anos ausencias : {2016: 3, 2017: 1, 2019: 3, 2020: 5, 2021: 141, 2022: 306, 2023: 141, 2024: 132}
2026-08-29 21:55:52,127 | INFO    |   meses presencias: {1: 11, 3: 21, 4: 20, 5: 74, 6: 72, 7: 2, 8: 23, 9: 34, 10: 41, 11: 61, 12: 7}
2026-08-29 21:55:52,128 | INFO    |   meses ausencias : {1: 20, 3: 30, 4: 37, 5: 165, 6: 148, 7: 6, 8: 32, 9: 82, 10: 79, 11: 124, 12: 9}
2026-08-29 21:55:52,128 | INFO    |   dataset: SI=366 | NO=732 | total=1098
2026-08-29 21:55:52,134 | INFO    |   split agrupado | SU train=878 | SU test=220
2026-08-29 21:55:52,136 | INFO    |   ausencias por año: {2016: 3, 2017: 1, 2019: 3, 2020: 5, 2021: 141, 2022: 306, 2023: 141, 2024: 132}
2026-08-29 21:55:53,635 | INFO    |   LR  AUC=0.981 AP=0.968 Brier=0.059
2026-08-29 21:55:56,344 | INFO    |   GAM AUC=0.984 AP=0.974 Brier=0.055
2026-08-29 21:57:25,077 | INFO    |   RF  AUC=0.987 AP=0.974 Brier=0.049
2026-08-29 21:57:25,077 | INFO    | === set_C | MC 61/100 | seed=160 ===
2026-08-29 21:57:25,969 | INFO    |   anos presencias: {2016: 2, 2017: 2, 2019: 1, 2020: 1, 2021: 71, 2022: 168, 2023: 66, 2024: 55}
2026-08-29 21:57:25,969 | INFO    |   anos ausencias : {2017: 1, 2019: 3, 2020: 4, 2021: 112, 2022: 344, 2023: 150, 2024: 118}
2026-08-29 21:57:25,972 | INFO    |   meses presencias: {1: 11, 3: 21, 4: 20, 5: 74, 6: 72, 7: 2, 8: 23, 9: 34, 10: 41, 11: 61, 12: 7}
2026-08-29 21:57:25,972 | INFO    |   meses ausencias : {1: 17, 3: 38, 4: 44, 5: 172, 6: 123, 7: 5, 8: 48, 9: 78, 10: 71, 11: 128, 12: 8}
2026-08-29 21:57:25,973 | INFO    |   dataset: SI=366 | NO=732 | total=1098
2026-08-29 21:57:25,980 | INFO    |   split agrupado | SU train=877 | SU test=220
2026-08-29 21:57:25,981 | INFO    |   ausencias por año: {2017: 1, 2019: 3, 2020: 4, 2021: 112, 2022: 344, 2023: 149, 2024: 118}
2026-08-29 21:57:27,455 | INFO    |   LR  AUC=0.956 AP=0.939 Brier=0.064
2026-08-29 21:57:30,126 | INFO    |   GAM AUC=0.959 AP=0.942 Brier=0.062
2026-08-29 21:59:00,000 | INFO    |   RF  AUC=0.961 AP=0.948 Brier=0.060
2026-08-29 21:59:00,001 | INFO    | === set_C | MC 62/100 | seed=161 ===
2026-08-29 21:59:00,862 | INFO    |   anos presencias: {2016: 2, 2017: 2, 2019: 1, 2020: 1, 2021: 71, 2022: 168, 2023: 66, 2024: 55}
2026-08-29 21:59:00,863 | INFO    |   anos ausencias : {2017: 3, 2019: 1, 2020: 1, 2021: 135, 2022: 333, 2023: 138, 2024: 121}
2026-08-29 21:59:00,866 | INFO    |   meses presencias: {1: 11, 3: 21, 4: 20, 5: 74, 6: 72, 7: 2, 8: 23, 9: 34, 10: 41, 11: 61, 12: 7}
2026-08-29 21:59:00,866 | INFO    |   meses ausencias : {1: 23, 3: 42, 4: 43, 5: 147, 6: 144, 7: 2, 8: 46, 9: 62, 10: 80, 11: 130, 12: 13}
2026-08-29 21:59:00,866 | INFO    |   dataset: SI=366 | NO=732 | total=1098
2026-08-29 21:59:00,873 | INFO    |   split agrupado | SU train=876 | SU test=219
2026-08-29 21:59:00,924 | INFO    |   ausencias por año: {2017: 3, 2019: 1, 2020: 1, 2021: 134, 2022: 333, 2023: 136, 2024: 121}
2026-08-29 21:59:02,481 | INFO    |   LR  AUC=0.963 AP=0.942 Brier=0.054
2026-08-29 21:59:05,306 | INFO    |   GAM AUC=0.970 AP=0.953 Brier=0.050
2026-08-29 22:00:31,582 | INFO    |   RF  AUC=0.978 AP=0.972 Brier=0.043
2026-08-29 22:00:31,583 | INFO    | === set_C | MC 63/100 | seed=162 ===
2026-08-29 22:00:32,457 | INFO    |   anos presencias: {2016: 2, 2017: 2, 2019: 1, 2020: 1, 2021: 71, 2022: 168, 2023: 66, 2024: 55}
2026-08-29 22:00:32,457 | INFO    |   anos ausencias : {2016: 1, 2017: 3, 2019: 3, 2021: 126, 2022: 324, 2023: 159, 2024: 116}
2026-08-29 22:00:32,459 | INFO    |   meses presencias: {1: 11, 3: 21, 4: 20, 5: 74, 6: 72, 7: 2, 8: 23, 9: 34, 10: 41, 11: 61, 12: 7}
2026-08-29 22:00:32,460 | INFO    |   meses ausencias : {1: 35, 3: 41, 4: 47, 5: 151, 6: 143, 7: 2, 8: 42, 9: 63, 10: 70, 11: 130, 12: 8}
2026-08-29 22:00:32,460 | INFO    |   dataset: SI=366 | NO=732 | total=1098
2026-08-29 22:00:32,468 | INFO    |   split agrupado | SU train=876 | SU test=219
2026-08-29 22:00:32,470 | INFO    |   ausencias por año: {2016: 1, 2017: 3, 2019: 3, 2021: 125, 2022: 324, 2023: 159, 2024: 114}
2026-08-29 22:00:34,029 | INFO    |   LR  AUC=0.980 AP=0.943 Brier=0.050
2026-08-29 22:00:36,764 | INFO    |   GAM AUC=0.984 AP=0.956 Brier=0.048
2026-08-29 22:02:05,176 | INFO    |   RF  AUC=0.989 AP=0.978 Brier=0.044
2026-08-29 22:02:05,176 | INFO    | === set_C | MC 64/100 | seed=163 ===
2026-08-29 22:02:06,069 | INFO    |   anos presencias: {2016: 2, 2017: 2, 2019: 1, 2020: 1, 2021: 71, 2022: 168, 2023: 66, 2024: 55}
2026-08-29 22:02:06,070 | INFO    |   anos ausencias : {2019: 2, 2020: 1, 2021: 132, 2022: 327, 2023: 167, 2024: 103}
2026-08-29 22:02:06,072 | INFO    |   meses presencias: {1: 11, 3: 21, 4: 20, 5: 74, 6: 72, 7: 2, 8: 23, 9: 34, 10: 41, 11: 61, 12: 7}
2026-08-29 22:02:06,073 | INFO    |   meses ausencias : {1: 16, 3: 43, 4: 37, 5: 177, 6: 145, 7: 5, 8: 38, 9: 82, 10: 72, 11: 111, 12: 6}
2026-08-29 22:02:06,073 | INFO    |   dataset: SI=366 | NO=732 | total=1098
2026-08-29 22:02:06,081 | INFO    |   split agrupado | SU train=876 | SU test=219
2026-08-29 22:02:06,082 | INFO    |   ausencias por año: {2019: 2, 2020: 1, 2021: 132, 2022: 324, 2023: 167, 2024: 103}
2026-08-29 22:02:07,553 | INFO    |   LR  AUC=0.976 AP=0.949 Brier=0.054
2026-08-29 22:02:10,260 | INFO    |   GAM AUC=0.979 AP=0.955 Brier=0.053
2026-08-29 22:03:39,690 | INFO    |   RF  AUC=0.979 AP=0.950 Brier=0.059
2026-08-29 22:03:39,690 | INFO    | === set_C | MC 65/100 | seed=164 ===
2026-08-29 22:03:40,573 | INFO    |   anos presencias: {2016: 2, 2017: 2, 2019: 1, 2020: 1, 2021: 71, 2022: 168, 2023: 66, 2024: 55}
2026-08-29 22:03:40,574 | INFO    |   anos ausencias : {2017: 4, 2019: 1, 2020: 2, 2021: 121, 2022: 325, 2023: 147, 2024: 132}
2026-08-29 22:03:40,576 | INFO    |   meses presencias: {1: 11, 3: 21, 4: 20, 5: 74, 6: 72, 7: 2, 8: 23, 9: 34, 10: 41, 11: 61, 12: 7}
2026-08-29 22:03:40,576 | INFO    |   meses ausencias : {1: 21, 3: 37, 4: 42, 5: 158, 6: 143, 7: 1, 8: 57, 9: 76, 10: 72, 11: 118, 12: 7}
2026-08-29 22:03:40,577 | INFO    |   dataset: SI=366 | NO=732 | total=1098
2026-08-29 22:03:40,584 | INFO    |   split agrupado | SU train=876 | SU test=220
2026-08-29 22:03:40,586 | INFO    |   ausencias por año: {2017: 4, 2019: 1, 2020: 2, 2021: 120, 2022: 324, 2023: 147, 2024: 132}
2026-08-29 22:03:42,058 | INFO    |   LR  AUC=0.984 AP=0.972 Brier=0.045
2026-08-29 22:03:44,734 | INFO    |   GAM AUC=0.986 AP=0.974 Brier=0.045
2026-08-29 22:05:14,385 | INFO    |   RF  AUC=0.976 AP=0.948 Brier=0.059
2026-08-29 22:05:14,385 | INFO    | === set_C | MC 66/100 | seed=165 ===
2026-08-29 22:05:15,251 | INFO    |   anos presencias: {2016: 2, 2017: 2, 2019: 1, 2020: 1, 2021: 71, 2022: 168, 2023: 66, 2024: 55}
2026-08-29 22:05:15,252 | INFO    |   anos ausencias : {2016: 1, 2017: 2, 2019: 2, 2021: 106, 2022: 348, 2023: 162, 2024: 111}
2026-08-29 22:05:15,255 | INFO    |   meses presencias: {1: 11, 3: 21, 4: 20, 5: 74, 6: 72, 7: 2, 8: 23, 9: 34, 10: 41, 11: 61, 12: 7}
2026-08-29 22:05:15,255 | INFO    |   meses ausencias : {1: 26, 3: 47, 4: 44, 5: 146, 6: 153, 7: 3, 8: 46, 9: 64, 10: 76, 11: 119, 12: 8}
2026-08-29 22:05:15,256 | INFO    |   dataset: SI=366 | NO=732 | total=1098
2026-08-29 22:05:15,263 | INFO    |   split agrupado | SU train=876 | SU test=220
2026-08-29 22:05:15,264 | INFO    |   ausencias por año: {2016: 1, 2017: 2, 2019: 2, 2021: 106, 2022: 347, 2023: 162, 2024: 110}
2026-08-29 22:05:16,742 | INFO    |   LR  AUC=0.963 AP=0.950 Brier=0.054
2026-08-29 22:05:19,422 | INFO    |   GAM AUC=0.967 AP=0.954 Brier=0.052
2026-08-29 22:06:47,540 | INFO    |   RF  AUC=0.979 AP=0.965 Brier=0.049
2026-08-29 22:06:47,541 | INFO    | === set_C | MC 67/100 | seed=166 ===
2026-08-29 22:06:48,412 | INFO    |   anos presencias: {2016: 2, 2017: 2, 2019: 1, 2020: 1, 2021: 71, 2022: 168, 2023: 66, 2024: 55}
2026-08-29 22:06:48,412 | INFO    |   anos ausencias : {2016: 4, 2017: 3, 2021: 154, 2022: 308, 2023: 151, 2024: 112}
2026-08-29 22:06:48,414 | INFO    |   meses presencias: {1: 11, 3: 21, 4: 20, 5: 74, 6: 72, 7: 2, 8: 23, 9: 34, 10: 41, 11: 61, 12: 7}
2026-08-29 22:06:48,415 | INFO    |   meses ausencias : {1: 26, 3: 40, 4: 34, 5: 151, 6: 141, 7: 4, 8: 48, 9: 72, 10: 65, 11: 140, 12: 11}
2026-08-29 22:06:48,415 | INFO    |   dataset: SI=366 | NO=732 | total=1098
2026-08-29 22:06:48,429 | INFO    |   split agrupado | SU train=877 | SU test=220
2026-08-29 22:06:48,430 | INFO    |   ausencias por año: {2016: 4, 2017: 3, 2021: 154, 2022: 308, 2023: 150, 2024: 112}
2026-08-29 22:06:49,914 | INFO    |   LR  AUC=0.980 AP=0.970 Brier=0.045
2026-08-29 22:06:52,684 | INFO    |   GAM AUC=0.981 AP=0.974 Brier=0.045
2026-08-29 22:08:23,696 | INFO    |   RF  AUC=0.977 AP=0.973 Brier=0.050
2026-08-29 22:08:23,697 | INFO    | === set_C | MC 68/100 | seed=167 ===
2026-08-29 22:08:24,553 | INFO    |   anos presencias: {2016: 2, 2017: 2, 2019: 1, 2020: 1, 2021: 71, 2022: 168, 2023: 66, 2024: 55}
2026-08-29 22:08:24,553 | INFO    |   anos ausencias : {2016: 4, 2019: 2, 2020: 1, 2021: 116, 2022: 319, 2023: 167, 2024: 123}
2026-08-29 22:08:24,555 | INFO    |   meses presencias: {1: 11, 3: 21, 4: 20, 5: 74, 6: 72, 7: 2, 8: 23, 9: 34, 10: 41, 11: 61, 12: 7}
2026-08-29 22:08:24,556 | INFO    |   meses ausencias : {1: 21, 3: 44, 4: 27, 5: 171, 6: 135, 7: 4, 8: 52, 9: 65, 10: 78, 11: 122, 12: 13}
2026-08-29 22:08:24,556 | INFO    |   dataset: SI=366 | NO=732 | total=1098
2026-08-29 22:08:24,564 | INFO    |   split agrupado | SU train=877 | SU test=220
2026-08-29 22:08:24,565 | INFO    |   ausencias por año: {2016: 4, 2019: 2, 2020: 1, 2021: 116, 2022: 319, 2023: 166, 2024: 123}
2026-08-29 22:08:26,080 | INFO    |   LR  AUC=0.982 AP=0.977 Brier=0.043
2026-08-29 22:08:29,034 | INFO    |   GAM AUC=0.983 AP=0.976 Brier=0.044
2026-08-29 22:09:59,909 | INFO    |   RF  AUC=0.983 AP=0.979 Brier=0.042
2026-08-29 22:09:59,910 | INFO    | === set_C | MC 69/100 | seed=168 ===
2026-08-29 22:10:00,768 | INFO    |   anos presencias: {2016: 2, 2017: 2, 2019: 1, 2020: 1, 2021: 71, 2022: 168, 2023: 66, 2024: 55}
2026-08-29 22:10:00,769 | INFO    |   anos ausencias : {2016: 2, 2017: 1, 2021: 119, 2022: 351, 2023: 148, 2024: 111}
2026-08-29 22:10:00,771 | INFO    |   meses presencias: {1: 11, 3: 21, 4: 20, 5: 74, 6: 72, 7: 2, 8: 23, 9: 34, 10: 41, 11: 61, 12: 7}
2026-08-29 22:10:00,772 | INFO    |   meses ausencias : {1: 14, 3: 39, 4: 43, 5: 158, 6: 141, 7: 4, 8: 49, 9: 60, 10: 89, 11: 124, 12: 11}
2026-08-29 22:10:00,772 | INFO    |   dataset: SI=366 | NO=732 | total=1098
2026-08-29 22:10:00,779 | INFO    |   split agrupado | SU train=876 | SU test=220
2026-08-29 22:10:00,781 | INFO    |   ausencias por año: {2016: 2, 2017: 1, 2021: 119, 2022: 349, 2023: 148, 2024: 111}
2026-08-29 22:10:02,388 | INFO    |   LR  AUC=0.975 AP=0.971 Brier=0.053
2026-08-29 22:10:05,379 | INFO    |   GAM AUC=0.976 AP=0.973 Brier=0.051
2026-08-29 22:11:30,807 | INFO    |   RF  AUC=0.967 AP=0.959 Brier=0.054
2026-08-29 22:11:30,808 | INFO    | === set_C | MC 70/100 | seed=169 ===
2026-08-29 22:11:31,658 | INFO    |   anos presencias: {2016: 2, 2017: 2, 2019: 1, 2020: 1, 2021: 71, 2022: 168, 2023: 66, 2024: 55}
2026-08-29 22:11:31,658 | INFO    |   anos ausencias : {2016: 1, 2017: 2, 2019: 1, 2020: 1, 2021: 127, 2022: 327, 2023: 159, 2024: 114}
2026-08-29 22:11:31,661 | INFO    |   meses presencias: {1: 11, 3: 21, 4: 20, 5: 74, 6: 72, 7: 2, 8: 23, 9: 34, 10: 41, 11: 61, 12: 7}
2026-08-29 22:11:31,661 | INFO    |   meses ausencias : {1: 23, 3: 42, 4: 32, 5: 168, 6: 135, 7: 3, 8: 50, 9: 69, 10: 71, 11: 126, 12: 13}
2026-08-29 22:11:31,661 | INFO    |   dataset: SI=366 | NO=732 | total=1098
2026-08-29 22:11:31,668 | INFO    |   split agrupado | SU train=878 | SU test=220
2026-08-29 22:11:31,669 | INFO    |   ausencias por año: {2016: 1, 2017: 2, 2019: 1, 2020: 1, 2021: 127, 2022: 327, 2023: 159, 2024: 114}
2026-08-29 22:11:33,152 | INFO    |   LR  AUC=0.983 AP=0.985 Brier=0.038
2026-08-29 22:11:35,834 | INFO    |   GAM AUC=0.987 AP=0.987 Brier=0.039
2026-08-29 22:13:05,704 | INFO    |   RF  AUC=0.991 AP=0.988 Brier=0.045
2026-08-29 22:13:05,704 | INFO    | === set_C | MC 71/100 | seed=170 ===
2026-08-29 22:13:06,557 | INFO    |   anos presencias: {2016: 2, 2017: 2, 2019: 1, 2020: 1, 2021: 71, 2022: 168, 2023: 66, 2024: 55}
2026-08-29 22:13:06,558 | INFO    |   anos ausencias : {2016: 4, 2017: 2, 2020: 2, 2021: 117, 2022: 342, 2023: 151, 2024: 114}
2026-08-29 22:13:06,560 | INFO    |   meses presencias: {1: 11, 3: 21, 4: 20, 5: 74, 6: 72, 7: 2, 8: 23, 9: 34, 10: 41, 11: 61, 12: 7}
2026-08-29 22:13:06,560 | INFO    |   meses ausencias : {1: 32, 3: 45, 4: 55, 5: 134, 6: 145, 7: 7, 8: 35, 9: 61, 10: 87, 11: 123, 12: 8}
2026-08-29 22:13:06,561 | INFO    |   dataset: SI=366 | NO=732 | total=1098
2026-08-29 22:13:06,568 | INFO    |   split agrupado | SU train=876 | SU test=220
2026-08-29 22:13:06,569 | INFO    |   ausencias por año: {2016: 4, 2017: 2, 2020: 2, 2021: 116, 2022: 342, 2023: 150, 2024: 114}
2026-08-29 22:13:08,048 | INFO    |   LR  AUC=0.961 AP=0.925 Brier=0.067
2026-08-29 22:13:10,749 | INFO    |   GAM AUC=0.965 AP=0.929 Brier=0.065
2026-08-29 22:14:40,891 | INFO    |   RF  AUC=0.971 AP=0.939 Brier=0.066
2026-08-29 22:14:40,892 | INFO    | === set_C | MC 72/100 | seed=171 ===
2026-08-29 22:14:41,795 | INFO    |   anos presencias: {2016: 2, 2017: 2, 2019: 1, 2020: 1, 2021: 71, 2022: 168, 2023: 66, 2024: 55}
2026-08-29 22:14:41,795 | INFO    |   anos ausencias : {2016: 2, 2020: 1, 2021: 118, 2022: 341, 2023: 147, 2024: 123}
2026-08-29 22:14:41,798 | INFO    |   meses presencias: {1: 11, 3: 21, 4: 20, 5: 74, 6: 72, 7: 2, 8: 23, 9: 34, 10: 41, 11: 61, 12: 7}
2026-08-29 22:14:41,798 | INFO    |   meses ausencias : {1: 21, 3: 45, 4: 46, 5: 160, 6: 145, 7: 2, 8: 59, 9: 68, 10: 78, 11: 99, 12: 9}
2026-08-29 22:14:41,799 | INFO    |   dataset: SI=366 | NO=732 | total=1098
2026-08-29 22:14:41,805 | INFO    |   split agrupado | SU train=878 | SU test=220
2026-08-29 22:14:41,807 | INFO    |   ausencias por año: {2016: 2, 2020: 1, 2021: 118, 2022: 341, 2023: 147, 2024: 123}
2026-08-29 22:14:43,302 | INFO    |   LR  AUC=0.944 AP=0.901 Brier=0.072
2026-08-29 22:14:45,971 | INFO    |   GAM AUC=0.946 AP=0.882 Brier=0.074
2026-08-29 22:16:14,451 | INFO    |   RF  AUC=0.959 AP=0.936 Brier=0.060
2026-08-29 22:16:14,452 | INFO    | === set_C | MC 73/100 | seed=172 ===
2026-08-29 22:16:15,338 | INFO    |   anos presencias: {2016: 2, 2017: 2, 2019: 1, 2020: 1, 2021: 71, 2022: 168, 2023: 66, 2024: 55}
2026-08-29 22:16:15,338 | INFO    |   anos ausencias : {2016: 1, 2017: 1, 2019: 3, 2021: 142, 2022: 313, 2023: 162, 2024: 110}
2026-08-29 22:16:15,341 | INFO    |   meses presencias: {1: 11, 3: 21, 4: 20, 5: 74, 6: 72, 7: 2, 8: 23, 9: 34, 10: 41, 11: 61, 12: 7}
2026-08-29 22:16:15,341 | INFO    |   meses ausencias : {1: 24, 3: 51, 4: 30, 5: 175, 6: 139, 7: 2, 8: 46, 9: 51, 10: 75, 11: 128, 12: 11}
2026-08-29 22:16:15,342 | INFO    |   dataset: SI=366 | NO=732 | total=1098
2026-08-29 22:16:15,349 | INFO    |   split agrupado | SU train=877 | SU test=220
2026-08-29 22:16:15,351 | INFO    |   ausencias por año: {2016: 1, 2017: 1, 2019: 3, 2021: 142, 2022: 313, 2023: 162, 2024: 109}
2026-08-29 22:16:16,839 | INFO    |   LR  AUC=0.989 AP=0.980 Brier=0.038
2026-08-29 22:16:19,414 | INFO    |   GAM AUC=0.992 AP=0.985 Brier=0.035
2026-08-29 22:17:49,555 | INFO    |   RF  AUC=0.989 AP=0.982 Brier=0.041
2026-08-29 22:17:49,555 | INFO    | === set_C | MC 74/100 | seed=173 ===
2026-08-29 22:17:50,407 | INFO    |   anos presencias: {2016: 2, 2017: 2, 2019: 1, 2020: 1, 2021: 71, 2022: 168, 2023: 66, 2024: 55}
2026-08-29 22:17:50,407 | INFO    |   anos ausencias : {2016: 2, 2017: 1, 2020: 3, 2021: 124, 2022: 309, 2023: 156, 2024: 137}
2026-08-29 22:17:50,410 | INFO    |   meses presencias: {1: 11, 3: 21, 4: 20, 5: 74, 6: 72, 7: 2, 8: 23, 9: 34, 10: 41, 11: 61, 12: 7}
2026-08-29 22:17:50,410 | INFO    |   meses ausencias : {1: 28, 3: 39, 4: 46, 5: 160, 6: 140, 7: 3, 8: 48, 9: 70, 10: 65, 11: 119, 12: 14}
2026-08-29 22:17:50,411 | INFO    |   dataset: SI=366 | NO=732 | total=1098
2026-08-29 22:17:50,424 | INFO    |   split agrupado | SU train=876 | SU test=220
2026-08-29 22:17:50,426 | INFO    |   ausencias por año: {2016: 2, 2017: 1, 2020: 3, 2021: 124, 2022: 307, 2023: 156, 2024: 137}
2026-08-29 22:17:51,892 | INFO    |   LR  AUC=0.968 AP=0.946 Brier=0.059
2026-08-29 22:17:54,459 | INFO    |   GAM AUC=0.969 AP=0.944 Brier=0.063
2026-08-29 22:19:24,378 | INFO    |   RF  AUC=0.970 AP=0.943 Brier=0.066
2026-08-29 22:19:24,379 | INFO    | === set_C | MC 75/100 | seed=174 ===
2026-08-29 22:19:25,277 | INFO    |   anos presencias: {2016: 2, 2017: 2, 2019: 1, 2020: 1, 2021: 71, 2022: 168, 2023: 66, 2024: 55}
2026-08-29 22:19:25,278 | INFO    |   anos ausencias : {2016: 3, 2017: 2, 2019: 1, 2021: 140, 2022: 310, 2023: 149, 2024: 127}
2026-08-29 22:19:25,280 | INFO    |   meses presencias: {1: 11, 3: 21, 4: 20, 5: 74, 6: 72, 7: 2, 8: 23, 9: 34, 10: 41, 11: 61, 12: 7}
2026-08-29 22:19:25,281 | INFO    |   meses ausencias : {1: 25, 3: 45, 4: 31, 5: 168, 6: 143, 7: 1, 8: 54, 9: 61, 10: 76, 11: 113, 12: 15}
2026-08-29 22:19:25,281 | INFO    |   dataset: SI=366 | NO=732 | total=1098
2026-08-29 22:19:25,288 | INFO    |   split agrupado | SU train=878 | SU test=220
2026-08-29 22:19:25,290 | INFO    |   ausencias por año: {2016: 3, 2017: 2, 2019: 1, 2021: 140, 2022: 310, 2023: 149, 2024: 127}
2026-08-29 22:19:26,793 | INFO    |   LR  AUC=0.980 AP=0.968 Brier=0.048
2026-08-29 22:19:29,483 | INFO    |   GAM AUC=0.983 AP=0.971 Brier=0.046
2026-08-29 22:20:55,080 | INFO    |   RF  AUC=0.987 AP=0.981 Brier=0.049
2026-08-29 22:20:55,081 | INFO    | === set_C | MC 76/100 | seed=175 ===
2026-08-29 22:20:55,958 | INFO    |   anos presencias: {2016: 2, 2017: 2, 2019: 1, 2020: 1, 2021: 71, 2022: 168, 2023: 66, 2024: 55}
2026-08-29 22:20:55,959 | INFO    |   anos ausencias : {2017: 3, 2019: 4, 2020: 1, 2021: 138, 2022: 326, 2023: 126, 2024: 134}
2026-08-29 22:20:55,964 | INFO    |   meses presencias: {1: 11, 3: 21, 4: 20, 5: 74, 6: 72, 7: 2, 8: 23, 9: 34, 10: 41, 11: 61, 12: 7}
2026-08-29 22:20:55,964 | INFO    |   meses ausencias : {1: 15, 3: 51, 4: 32, 5: 151, 6: 160, 7: 6, 8: 41, 9: 75, 10: 71, 11: 122, 12: 8}
2026-08-29 22:20:55,964 | INFO    |   dataset: SI=366 | NO=732 | total=1098
2026-08-29 22:20:55,972 | INFO    |   split agrupado | SU train=876 | SU test=220
2026-08-29 22:20:55,974 | INFO    |   ausencias por año: {2017: 3, 2019: 4, 2020: 1, 2021: 137, 2022: 326, 2023: 126, 2024: 133}
2026-08-29 22:20:57,468 | INFO    |   LR  AUC=0.972 AP=0.943 Brier=0.047
2026-08-29 22:21:00,210 | INFO    |   GAM AUC=0.975 AP=0.947 Brier=0.045
2026-08-29 22:22:29,296 | INFO    |   RF  AUC=0.978 AP=0.972 Brier=0.052
2026-08-29 22:22:29,297 | INFO    | === set_C | MC 77/100 | seed=176 ===
2026-08-29 22:22:30,141 | INFO    |   anos presencias: {2016: 2, 2017: 2, 2019: 1, 2020: 1, 2021: 71, 2022: 168, 2023: 66, 2024: 55}
2026-08-29 22:22:30,141 | INFO    |   anos ausencias : {2017: 1, 2019: 1, 2020: 3, 2021: 117, 2022: 341, 2023: 145, 2024: 124}
2026-08-29 22:22:30,144 | INFO    |   meses presencias: {1: 11, 3: 21, 4: 20, 5: 74, 6: 72, 7: 2, 8: 23, 9: 34, 10: 41, 11: 61, 12: 7}
2026-08-29 22:22:30,144 | INFO    |   meses ausencias : {1: 18, 3: 54, 4: 34, 5: 171, 6: 144, 7: 5, 8: 39, 9: 73, 10: 71, 11: 112, 12: 11}
2026-08-29 22:22:30,145 | INFO    |   dataset: SI=366 | NO=732 | total=1098
2026-08-29 22:22:30,152 | INFO    |   split agrupado | SU train=877 | SU test=220
2026-08-29 22:22:30,153 | INFO    |   ausencias por año: {2017: 1, 2019: 1, 2020: 3, 2021: 117, 2022: 341, 2023: 144, 2024: 124}
2026-08-29 22:22:31,658 | INFO    |   LR  AUC=0.971 AP=0.952 Brier=0.058
2026-08-29 22:22:34,377 | INFO    |   GAM AUC=0.974 AP=0.954 Brier=0.055
2026-08-29 22:24:03,658 | INFO    |   RF  AUC=0.981 AP=0.961 Brier=0.053
2026-08-29 22:24:03,659 | INFO    | === set_C | MC 78/100 | seed=177 ===
2026-08-29 22:24:04,540 | INFO    |   anos presencias: {2016: 2, 2017: 2, 2019: 1, 2020: 1, 2021: 71, 2022: 168, 2023: 66, 2024: 55}
2026-08-29 22:24:04,541 | INFO    |   anos ausencias : {2016: 1, 2017: 1, 2019: 1, 2021: 126, 2022: 333, 2023: 149, 2024: 121}
2026-08-29 22:24:04,543 | INFO    |   meses presencias: {1: 11, 3: 21, 4: 20, 5: 74, 6: 72, 7: 2, 8: 23, 9: 34, 10: 41, 11: 61, 12: 7}
2026-08-29 22:24:04,543 | INFO    |   meses ausencias : {1: 30, 3: 45, 4: 41, 5: 143, 6: 138, 7: 2, 8: 44, 9: 76, 10: 83, 11: 124, 12: 6}
2026-08-29 22:24:04,544 | INFO    |   dataset: SI=366 | NO=732 | total=1098
2026-08-29 22:24:04,551 | INFO    |   split agrupado | SU train=877 | SU test=220
2026-08-29 22:24:04,553 | INFO    |   ausencias por año: {2016: 1, 2017: 1, 2019: 1, 2021: 126, 2022: 332, 2023: 149, 2024: 121}
2026-08-29 22:24:06,010 | INFO    |   LR  AUC=0.986 AP=0.973 Brier=0.044
2026-08-29 22:24:06,056 | ERROR   | run 77 falló: X data is out of domain for categorical feature 4. Expected data on [0.0, 3.0], but found data on [0.0, 4.0]
Traceback (most recent call last):
  File "/home/oisanchezp/Thesis/src/05_Chapter/mc_common.py", line 689, in run_montecarlo
    model.fit(Xdf.iloc[idx_tr], y[idx_tr], seed=seed)
  File "/home/oisanchezp/Thesis/src/05_Chapter/mc_common.py", line 516, in fit
    auc = roc_auc_score(y_val, g.predict_proba(X_val))
  File "/home/oisanchezp/geo_env/lib/python3.8/site-packages/pygam/pygam.py", line 2696, in predict_proba
    return self.predict_mu(X)
  File "/home/oisanchezp/geo_env/lib/python3.8/site-packages/pygam/pygam.py", line 435, in predict_mu
    X = check_X(
  File "/home/oisanchezp/geo_env/lib/python3.8/site-packages/pygam/utils.py", line 337, in check_X
    raise ValueError(
ValueError: X data is out of domain for categorical feature 4. Expected data on [0.0, 3.0], but found data on [0.0, 4.0]
2026-08-29 22:24:06,057 | INFO    | === set_C | MC 79/100 | seed=178 ===
2026-08-29 22:24:06,867 | INFO    |   anos presencias: {2016: 2, 2017: 2, 2019: 1, 2020: 1, 2021: 71, 2022: 168, 2023: 66, 2024: 55}
2026-08-29 22:24:06,868 | INFO    |   anos ausencias : {2016: 1, 2019: 3, 2020: 1, 2021: 129, 2022: 311, 2023: 159, 2024: 128}
2026-08-29 22:24:06,870 | INFO    |   meses presencias: {1: 11, 3: 21, 4: 20, 5: 74, 6: 72, 7: 2, 8: 23, 9: 34, 10: 41, 11: 61, 12: 7}
2026-08-29 22:24:06,870 | INFO    |   meses ausencias : {1: 20, 3: 45, 4: 40, 5: 178, 6: 118, 7: 4, 8: 34, 9: 70, 10: 66, 11: 149, 12: 8}
2026-08-29 22:24:06,871 | INFO    |   dataset: SI=366 | NO=732 | total=1098
2026-08-29 22:24:06,876 | INFO    |   split agrupado | SU train=877 | SU test=220
2026-08-29 22:24:06,878 | INFO    |   ausencias por año: {2016: 1, 2019: 3, 2020: 1, 2021: 129, 2022: 310, 2023: 159, 2024: 128}
2026-08-29 22:24:08,326 | INFO    |   LR  AUC=0.963 AP=0.938 Brier=0.058
2026-08-29 22:24:10,911 | INFO    |   GAM AUC=0.968 AP=0.943 Brier=0.059
2026-08-29 22:25:39,796 | INFO    |   RF  AUC=0.967 AP=0.944 Brier=0.057
2026-08-29 22:25:39,797 | INFO    | === set_C | MC 80/100 | seed=179 ===
2026-08-29 22:25:40,674 | INFO    |   anos presencias: {2016: 2, 2017: 2, 2019: 1, 2020: 1, 2021: 71, 2022: 168, 2023: 66, 2024: 55}
2026-08-29 22:25:40,674 | INFO    |   anos ausencias : {2016: 3, 2017: 6, 2019: 1, 2021: 144, 2022: 300, 2023: 160, 2024: 118}
2026-08-29 22:25:40,677 | INFO    |   meses presencias: {1: 11, 3: 21, 4: 20, 5: 74, 6: 72, 7: 2, 8: 23, 9: 34, 10: 41, 11: 61, 12: 7}
2026-08-29 22:25:40,677 | INFO    |   meses ausencias : {1: 20, 3: 38, 4: 34, 5: 151, 6: 159, 7: 6, 8: 40, 9: 68, 10: 75, 11: 128, 12: 13}
2026-08-29 22:25:40,677 | INFO    |   dataset: SI=366 | NO=732 | total=1098
2026-08-29 22:25:40,684 | INFO    |   split agrupado | SU train=878 | SU test=220
2026-08-29 22:25:40,685 | INFO    |   ausencias por año: {2016: 3, 2017: 6, 2019: 1, 2021: 144, 2022: 300, 2023: 160, 2024: 118}
2026-08-29 22:25:42,174 | INFO    |   LR  AUC=0.980 AP=0.970 Brier=0.046
2026-08-29 22:25:44,848 | INFO    |   GAM AUC=0.985 AP=0.975 Brier=0.041
2026-08-29 22:27:13,780 | INFO    |   RF  AUC=0.980 AP=0.970 Brier=0.049
2026-08-29 22:27:13,781 | INFO    | === set_C | MC 81/100 | seed=180 ===
2026-08-29 22:27:14,649 | INFO    |   anos presencias: {2016: 2, 2017: 2, 2019: 1, 2020: 1, 2021: 71, 2022: 168, 2023: 66, 2024: 55}
2026-08-29 22:27:14,650 | INFO    |   anos ausencias : {2017: 2, 2019: 2, 2021: 131, 2022: 325, 2023: 152, 2024: 120}
2026-08-29 22:27:14,652 | INFO    |   meses presencias: {1: 11, 3: 21, 4: 20, 5: 74, 6: 72, 7: 2, 8: 23, 9: 34, 10: 41, 11: 61, 12: 7}
2026-08-29 22:27:14,652 | INFO    |   meses ausencias : {1: 23, 3: 29, 4: 39, 5: 163, 6: 140, 7: 6, 8: 55, 9: 66, 10: 79, 11: 125, 12: 7}
2026-08-29 22:27:14,653 | INFO    |   dataset: SI=366 | NO=732 | total=1098
2026-08-29 22:27:14,660 | INFO    |   split agrupado | SU train=878 | SU test=220
2026-08-29 22:27:14,661 | INFO    |   ausencias por año: {2017: 2, 2019: 2, 2021: 131, 2022: 325, 2023: 152, 2024: 120}
2026-08-29 22:27:16,128 | INFO    |   LR  AUC=0.976 AP=0.949 Brier=0.055
2026-08-29 22:27:18,680 | INFO    |   GAM AUC=0.976 AP=0.950 Brier=0.057
2026-08-29 22:28:49,771 | INFO    |   RF  AUC=0.984 AP=0.967 Brier=0.054
2026-08-29 22:28:49,772 | INFO    | === set_C | MC 82/100 | seed=181 ===
2026-08-29 22:28:50,638 | INFO    |   anos presencias: {2016: 2, 2017: 2, 2019: 1, 2020: 1, 2021: 71, 2022: 168, 2023: 66, 2024: 55}
2026-08-29 22:28:50,638 | INFO    |   anos ausencias : {2016: 1, 2020: 1, 2021: 144, 2022: 316, 2023: 147, 2024: 123}
2026-08-29 22:28:50,641 | INFO    |   meses presencias: {1: 11, 3: 21, 4: 20, 5: 74, 6: 72, 7: 2, 8: 23, 9: 34, 10: 41, 11: 61, 12: 7}
2026-08-29 22:28:50,641 | INFO    |   meses ausencias : {1: 17, 3: 53, 4: 31, 5: 154, 6: 147, 7: 10, 8: 46, 9: 58, 10: 74, 11: 130, 12: 12}
2026-08-29 22:28:50,642 | INFO    |   dataset: SI=366 | NO=732 | total=1098
2026-08-29 22:28:50,649 | INFO    |   split agrupado | SU train=877 | SU test=220
2026-08-29 22:28:50,651 | INFO    |   ausencias por año: {2016: 1, 2020: 1, 2021: 144, 2022: 315, 2023: 147, 2024: 123}
2026-08-29 22:28:52,139 | INFO    |   LR  AUC=0.976 AP=0.973 Brier=0.045
2026-08-29 22:28:55,369 | INFO    |   GAM AUC=0.976 AP=0.966 Brier=0.047
2026-08-29 22:30:22,310 | INFO    |   RF  AUC=0.988 AP=0.986 Brier=0.037
2026-08-29 22:30:22,311 | INFO    | === set_C | MC 83/100 | seed=182 ===
2026-08-29 22:30:23,229 | INFO    |   anos presencias: {2016: 2, 2017: 2, 2019: 1, 2020: 1, 2021: 71, 2022: 168, 2023: 66, 2024: 55}
2026-08-29 22:30:23,230 | INFO    |   anos ausencias : {2017: 2, 2020: 2, 2021: 115, 2022: 325, 2023: 154, 2024: 134}
2026-08-29 22:30:23,232 | INFO    |   meses presencias: {1: 11, 3: 21, 4: 20, 5: 74, 6: 72, 7: 2, 8: 23, 9: 34, 10: 41, 11: 61, 12: 7}
2026-08-29 22:30:23,232 | INFO    |   meses ausencias : {1: 22, 3: 35, 4: 43, 5: 171, 6: 150, 7: 4, 8: 38, 9: 66, 10: 78, 11: 123, 12: 2}
2026-08-29 22:30:23,233 | INFO    |   dataset: SI=366 | NO=732 | total=1098
2026-08-29 22:30:23,242 | INFO    |   split agrupado | SU train=876 | SU test=219
2026-08-29 22:30:23,243 | INFO    |   ausencias por año: {2017: 2, 2020: 2, 2021: 115, 2022: 322, 2023: 154, 2024: 134}
2026-08-29 22:30:24,767 | INFO    |   LR  AUC=0.969 AP=0.955 Brier=0.058
2026-08-29 22:30:27,544 | INFO    |   GAM AUC=0.972 AP=0.956 Brier=0.055
2026-08-29 22:31:56,168 | INFO    |   RF  AUC=0.967 AP=0.947 Brier=0.058
2026-08-29 22:31:56,169 | INFO    | === set_C | MC 84/100 | seed=183 ===
2026-08-29 22:31:57,017 | INFO    |   anos presencias: {2016: 2, 2017: 2, 2019: 1, 2020: 1, 2021: 71, 2022: 168, 2023: 66, 2024: 55}
2026-08-29 22:31:57,018 | INFO    |   anos ausencias : {2017: 2, 2021: 139, 2022: 335, 2023: 141, 2024: 115}
2026-08-29 22:31:57,020 | INFO    |   meses presencias: {1: 11, 3: 21, 4: 20, 5: 74, 6: 72, 7: 2, 8: 23, 9: 34, 10: 41, 11: 61, 12: 7}
2026-08-29 22:31:57,020 | INFO    |   meses ausencias : {1: 24, 3: 32, 4: 38, 5: 157, 6: 126, 7: 3, 8: 41, 9: 64, 10: 91, 11: 146, 12: 10}
2026-08-29 22:31:57,021 | INFO    |   dataset: SI=366 | NO=732 | total=1098
2026-08-29 22:31:57,027 | INFO    |   split agrupado | SU train=878 | SU test=220
2026-08-29 22:31:57,029 | INFO    |   ausencias por año: {2017: 2, 2021: 139, 2022: 335, 2023: 141, 2024: 115}
2026-08-29 22:31:58,505 | INFO    |   LR  AUC=0.948 AP=0.910 Brier=0.073
2026-08-29 22:32:01,129 | INFO    |   GAM AUC=0.958 AP=0.927 Brier=0.068
2026-08-29 22:33:30,820 | INFO    |   RF  AUC=0.960 AP=0.944 Brier=0.057
2026-08-29 22:33:30,821 | INFO    | === set_C | MC 85/100 | seed=184 ===
2026-08-29 22:33:31,815 | INFO    |   anos presencias: {2016: 2, 2017: 2, 2019: 1, 2020: 1, 2021: 71, 2022: 168, 2023: 66, 2024: 55}
2026-08-29 22:33:31,816 | INFO    |   anos ausencias : {2016: 3, 2017: 1, 2019: 2, 2020: 4, 2021: 138, 2022: 323, 2023: 145, 2024: 116}
2026-08-29 22:33:31,818 | INFO    |   meses presencias: {1: 11, 3: 21, 4: 20, 5: 74, 6: 72, 7: 2, 8: 23, 9: 34, 10: 41, 11: 61, 12: 7}
2026-08-29 22:33:31,818 | INFO    |   meses ausencias : {1: 23, 3: 41, 4: 45, 5: 140, 6: 154, 7: 1, 8: 53, 9: 73, 10: 68, 11: 122, 12: 12}
2026-08-29 22:33:31,819 | INFO    |   dataset: SI=366 | NO=732 | total=1098
2026-08-29 22:33:31,826 | INFO    |   split agrupado | SU train=876 | SU test=220
2026-08-29 22:33:31,828 | INFO    |   ausencias por año: {2016: 3, 2017: 1, 2019: 2, 2020: 4, 2021: 138, 2022: 321, 2023: 145, 2024: 116}
2026-08-29 22:33:33,427 | INFO    |   LR  AUC=0.965 AP=0.914 Brier=0.059
2026-08-29 22:33:36,320 | INFO    |   GAM AUC=0.969 AP=0.919 Brier=0.058
2026-08-29 22:35:06,913 | INFO    |   RF  AUC=0.975 AP=0.964 Brier=0.054
2026-08-29 22:35:06,914 | INFO    | === set_C | MC 86/100 | seed=185 ===
2026-08-29 22:35:07,857 | INFO    |   anos presencias: {2016: 2, 2017: 2, 2019: 1, 2020: 1, 2021: 71, 2022: 168, 2023: 66, 2024: 55}
2026-08-29 22:35:07,857 | INFO    |   anos ausencias : {2017: 2, 2019: 3, 2020: 2, 2021: 138, 2022: 312, 2023: 140, 2024: 135}
2026-08-29 22:35:07,860 | INFO    |   meses presencias: {1: 11, 3: 21, 4: 20, 5: 74, 6: 72, 7: 2, 8: 23, 9: 34, 10: 41, 11: 61, 12: 7}
2026-08-29 22:35:07,860 | INFO    |   meses ausencias : {1: 22, 3: 40, 4: 40, 5: 153, 6: 151, 7: 4, 8: 41, 9: 61, 10: 63, 11: 143, 12: 14}
2026-08-29 22:35:07,861 | INFO    |   dataset: SI=366 | NO=732 | total=1098
2026-08-29 22:35:07,868 | INFO    |   split agrupado | SU train=877 | SU test=220
2026-08-29 22:35:07,870 | INFO    |   ausencias por año: {2017: 2, 2019: 3, 2020: 2, 2021: 138, 2022: 312, 2023: 140, 2024: 134}
2026-08-29 22:35:09,326 | INFO    |   LR  AUC=0.962 AP=0.917 Brier=0.064
2026-08-29 22:35:12,047 | INFO    |   GAM AUC=0.958 AP=0.895 Brier=0.067
2026-08-29 22:36:41,176 | INFO    |   RF  AUC=0.977 AP=0.953 Brier=0.054
2026-08-29 22:36:41,177 | INFO    | === set_C | MC 87/100 | seed=186 ===
2026-08-29 22:36:42,041 | INFO    |   anos presencias: {2016: 2, 2017: 2, 2019: 1, 2020: 1, 2021: 71, 2022: 168, 2023: 66, 2024: 55}
2026-08-29 22:36:42,042 | INFO    |   anos ausencias : {2016: 1, 2017: 2, 2019: 1, 2020: 3, 2021: 107, 2022: 355, 2023: 135, 2024: 128}
2026-08-29 22:36:42,044 | INFO    |   meses presencias: {1: 11, 3: 21, 4: 20, 5: 74, 6: 72, 7: 2, 8: 23, 9: 34, 10: 41, 11: 61, 12: 7}
2026-08-29 22:36:42,044 | INFO    |   meses ausencias : {1: 20, 3: 32, 4: 41, 5: 151, 6: 162, 7: 5, 8: 39, 9: 72, 10: 65, 11: 136, 12: 9}
2026-08-29 22:36:42,045 | INFO    |   dataset: SI=366 | NO=732 | total=1098
2026-08-29 22:36:42,052 | INFO    |   split agrupado | SU train=876 | SU test=219
2026-08-29 22:36:42,054 | INFO    |   ausencias por año: {2016: 1, 2017: 2, 2019: 1, 2020: 3, 2021: 107, 2022: 354, 2023: 133, 2024: 128}
2026-08-29 22:36:43,550 | INFO    |   LR  AUC=0.965 AP=0.946 Brier=0.054
2026-08-29 22:36:46,258 | INFO    |   GAM AUC=0.969 AP=0.951 Brier=0.051
2026-08-29 22:38:16,144 | INFO    |   RF  AUC=0.981 AP=0.974 Brier=0.049
2026-08-29 22:38:16,145 | INFO    | === set_C | MC 88/100 | seed=187 ===
2026-08-29 22:38:17,011 | INFO    |   anos presencias: {2016: 2, 2017: 2, 2019: 1, 2020: 1, 2021: 71, 2022: 168, 2023: 66, 2024: 55}
2026-08-29 22:38:17,012 | INFO    |   anos ausencias : {2016: 2, 2017: 4, 2019: 2, 2020: 1, 2021: 122, 2022: 313, 2023: 142, 2024: 146}
2026-08-29 22:38:17,015 | INFO    |   meses presencias: {1: 11, 3: 21, 4: 20, 5: 74, 6: 72, 7: 2, 8: 23, 9: 34, 10: 41, 11: 61, 12: 7}
2026-08-29 22:38:17,015 | INFO    |   meses ausencias : {1: 20, 3: 40, 4: 39, 5: 171, 6: 150, 7: 1, 8: 37, 9: 74, 10: 71, 11: 120, 12: 9}
2026-08-29 22:38:17,016 | INFO    |   dataset: SI=366 | NO=732 | total=1098
2026-08-29 22:38:17,023 | INFO    |   split agrupado | SU train=877 | SU test=220
2026-08-29 22:38:17,024 | INFO    |   ausencias por año: {2016: 2, 2017: 4, 2019: 2, 2020: 1, 2021: 121, 2022: 313, 2023: 142, 2024: 146}
2026-08-29 22:38:18,525 | INFO    |   LR  AUC=0.954 AP=0.923 Brier=0.070
2026-08-29 22:38:21,241 | INFO    |   GAM AUC=0.955 AP=0.911 Brier=0.074
2026-08-29 22:39:50,888 | INFO    |   RF  AUC=0.976 AP=0.960 Brier=0.060
2026-08-29 22:39:50,888 | INFO    | === set_C | MC 89/100 | seed=188 ===
2026-08-29 22:39:51,726 | INFO    |   anos presencias: {2016: 2, 2017: 2, 2019: 1, 2020: 1, 2021: 71, 2022: 168, 2023: 66, 2024: 55}
2026-08-29 22:39:51,726 | INFO    |   anos ausencias : {2017: 1, 2019: 2, 2020: 1, 2021: 142, 2022: 326, 2023: 138, 2024: 122}
2026-08-29 22:39:51,728 | INFO    |   meses presencias: {1: 11, 3: 21, 4: 20, 5: 74, 6: 72, 7: 2, 8: 23, 9: 34, 10: 41, 11: 61, 12: 7}
2026-08-29 22:39:51,729 | INFO    |   meses ausencias : {1: 36, 3: 48, 4: 48, 5: 133, 6: 136, 7: 3, 8: 44, 9: 75, 10: 83, 11: 120, 12: 6}
2026-08-29 22:39:51,729 | INFO    |   dataset: SI=366 | NO=732 | total=1098
2026-08-29 22:39:51,737 | INFO    |   split agrupado | SU train=877 | SU test=220
2026-08-29 22:39:51,738 | INFO    |   ausencias por año: {2017: 1, 2019: 2, 2020: 1, 2021: 142, 2022: 325, 2023: 138, 2024: 122}
2026-08-29 22:39:53,271 | INFO    |   LR  AUC=0.953 AP=0.916 Brier=0.061
2026-08-29 22:39:55,991 | INFO    |   GAM AUC=0.958 AP=0.925 Brier=0.057
2026-08-29 22:41:21,684 | INFO    |   RF  AUC=0.948 AP=0.919 Brier=0.067
2026-08-29 22:41:21,685 | INFO    | === set_C | MC 90/100 | seed=189 ===
2026-08-29 22:41:22,544 | INFO    |   anos presencias: {2016: 2, 2017: 2, 2019: 1, 2020: 1, 2021: 71, 2022: 168, 2023: 66, 2024: 55}
2026-08-29 22:41:22,544 | INFO    |   anos ausencias : {2016: 4, 2019: 3, 2020: 1, 2021: 139, 2022: 320, 2023: 142, 2024: 123}
2026-08-29 22:41:22,547 | INFO    |   meses presencias: {1: 11, 3: 21, 4: 20, 5: 74, 6: 72, 7: 2, 8: 23, 9: 34, 10: 41, 11: 61, 12: 7}
2026-08-29 22:41:22,547 | INFO    |   meses ausencias : {1: 24, 3: 39, 4: 33, 5: 155, 6: 144, 7: 4, 8: 48, 9: 71, 10: 72, 11: 129, 12: 13}
2026-08-29 22:41:22,547 | INFO    |   dataset: SI=366 | NO=732 | total=1098
2026-08-29 22:41:22,555 | INFO    |   split agrupado | SU train=876 | SU test=220
2026-08-29 22:41:22,557 | INFO    |   ausencias por año: {2016: 4, 2019: 3, 2020: 1, 2021: 139, 2022: 318, 2023: 142, 2024: 123}
2026-08-29 22:41:24,051 | INFO    |   LR  AUC=0.950 AP=0.884 Brier=0.075
2026-08-29 22:41:24,435 | ERROR   | run 89 falló: X data must not contain Inf nor NaN
Traceback (most recent call last):
  File "/home/oisanchezp/Thesis/src/05_Chapter/mc_common.py", line 693, in run_montecarlo
    y_prob = _proba1(model, Xdf.iloc[idx_te])
  File "/home/oisanchezp/Thesis/src/05_Chapter/mc_common.py", line 549, in _proba1
    p = model.predict_proba(Xdf)
  File "/home/oisanchezp/Thesis/src/05_Chapter/mc_common.py", line 524, in predict_proba
    return np.asarray(self.gam.predict_proba(self._to_X(Xdf)))
  File "/home/oisanchezp/geo_env/lib/python3.8/site-packages/pygam/pygam.py", line 2696, in predict_proba
    return self.predict_mu(X)
  File "/home/oisanchezp/geo_env/lib/python3.8/site-packages/pygam/pygam.py", line 435, in predict_mu
    X = check_X(
  File "/home/oisanchezp/geo_env/lib/python3.8/site-packages/pygam/utils.py", line 305, in check_X
    X = check_array(
  File "/home/oisanchezp/geo_env/lib/python3.8/site-packages/pygam/utils.py", line 182, in check_array
    raise ValueError('{} must not contain Inf nor NaN'.format(name))
ValueError: X data must not contain Inf nor NaN
2026-08-29 22:41:24,436 | INFO    | === set_C | MC 91/100 | seed=190 ===
2026-08-29 22:41:25,303 | INFO    |   anos presencias: {2016: 2, 2017: 2, 2019: 1, 2020: 1, 2021: 71, 2022: 168, 2023: 66, 2024: 55}
2026-08-29 22:41:25,304 | INFO    |   anos ausencias : {2017: 3, 2019: 2, 2020: 3, 2021: 129, 2022: 317, 2023: 145, 2024: 133}
2026-08-29 22:41:25,306 | INFO    |   meses presencias: {1: 11, 3: 21, 4: 20, 5: 74, 6: 72, 7: 2, 8: 23, 9: 34, 10: 41, 11: 61, 12: 7}
2026-08-29 22:41:25,306 | INFO    |   meses ausencias : {1: 15, 3: 29, 4: 35, 5: 157, 6: 145, 7: 1, 8: 55, 9: 69, 10: 83, 11: 137, 12: 6}
2026-08-29 22:41:25,307 | INFO    |   dataset: SI=366 | NO=732 | total=1098
2026-08-29 22:41:25,313 | INFO    |   split agrupado | SU train=876 | SU test=220
2026-08-29 22:41:25,315 | INFO    |   ausencias por año: {2017: 3, 2019: 2, 2020: 3, 2021: 129, 2022: 316, 2023: 145, 2024: 132}
2026-08-29 22:41:26,819 | INFO    |   LR  AUC=0.975 AP=0.953 Brier=0.063
2026-08-29 22:41:29,515 | INFO    |   GAM AUC=0.976 AP=0.953 Brier=0.062
2026-08-29 22:42:58,834 | INFO    |   RF  AUC=0.984 AP=0.968 Brier=0.054
2026-08-29 22:42:58,834 | INFO    | === set_C | MC 92/100 | seed=191 ===
2026-08-29 22:42:59,699 | INFO    |   anos presencias: {2016: 2, 2017: 2, 2019: 1, 2020: 1, 2021: 71, 2022: 168, 2023: 66, 2024: 55}
2026-08-29 22:42:59,699 | INFO    |   anos ausencias : {2017: 2, 2019: 3, 2020: 3, 2021: 126, 2022: 336, 2023: 136, 2024: 126}
2026-08-29 22:42:59,701 | INFO    |   meses presencias: {1: 11, 3: 21, 4: 20, 5: 74, 6: 72, 7: 2, 8: 23, 9: 34, 10: 41, 11: 61, 12: 7}
2026-08-29 22:42:59,702 | INFO    |   meses ausencias : {1: 25, 3: 41, 4: 45, 5: 144, 6: 154, 7: 3, 8: 44, 9: 67, 10: 68, 11: 132, 12: 9}
2026-08-29 22:42:59,702 | INFO    |   dataset: SI=366 | NO=732 | total=1098
2026-08-29 22:42:59,712 | INFO    |   split agrupado | SU train=876 | SU test=220
2026-08-29 22:42:59,713 | INFO    |   ausencias por año: {2017: 2, 2019: 3, 2020: 3, 2021: 126, 2022: 336, 2023: 134, 2024: 126}
2026-08-29 22:43:01,199 | INFO    |   LR  AUC=0.966 AP=0.927 Brier=0.056
2026-08-29 22:43:03,989 | INFO    |   GAM AUC=0.969 AP=0.934 Brier=0.055
2026-08-29 22:44:33,548 | INFO    |   RF  AUC=0.970 AP=0.944 Brier=0.051
2026-08-29 22:44:33,549 | INFO    | === set_C | MC 93/100 | seed=192 ===
2026-08-29 22:44:34,416 | INFO    |   anos presencias: {2016: 2, 2017: 2, 2019: 1, 2020: 1, 2021: 71, 2022: 168, 2023: 66, 2024: 55}
2026-08-29 22:44:34,417 | INFO    |   anos ausencias : {2017: 4, 2019: 2, 2020: 1, 2021: 136, 2022: 308, 2023: 141, 2024: 140}
2026-08-29 22:44:34,419 | INFO    |   meses presencias: {1: 11, 3: 21, 4: 20, 5: 74, 6: 72, 7: 2, 8: 23, 9: 34, 10: 41, 11: 61, 12: 7}
2026-08-29 22:44:34,420 | INFO    |   meses ausencias : {1: 20, 3: 44, 4: 37, 5: 149, 6: 150, 7: 2, 8: 45, 9: 63, 10: 78, 11: 135, 12: 9}
2026-08-29 22:44:34,420 | INFO    |   dataset: SI=366 | NO=732 | total=1098
2026-08-29 22:44:34,427 | INFO    |   split agrupado | SU train=876 | SU test=219
2026-08-29 22:44:34,429 | INFO    |   ausencias por año: {2017: 4, 2019: 2, 2020: 1, 2021: 136, 2022: 306, 2023: 140, 2024: 140}
2026-08-29 22:44:35,936 | INFO    |   LR  AUC=0.976 AP=0.963 Brier=0.045
2026-08-29 22:44:38,670 | INFO    |   GAM AUC=0.977 AP=0.966 Brier=0.044
2026-08-29 22:46:07,087 | INFO    |   RF  AUC=0.982 AP=0.970 Brier=0.051
2026-08-29 22:46:07,088 | INFO    | === set_C | MC 94/100 | seed=193 ===
2026-08-29 22:46:07,960 | INFO    |   anos presencias: {2016: 2, 2017: 2, 2019: 1, 2020: 1, 2021: 71, 2022: 168, 2023: 66, 2024: 55}
2026-08-29 22:46:07,960 | INFO    |   anos ausencias : {2016: 2, 2017: 1, 2020: 1, 2021: 120, 2022: 325, 2023: 147, 2024: 136}
2026-08-29 22:46:07,962 | INFO    |   meses presencias: {1: 11, 3: 21, 4: 20, 5: 74, 6: 72, 7: 2, 8: 23, 9: 34, 10: 41, 11: 61, 12: 7}
2026-08-29 22:46:07,963 | INFO    |   meses ausencias : {1: 25, 3: 39, 4: 34, 5: 150, 6: 149, 7: 6, 8: 49, 9: 61, 10: 84, 11: 124, 12: 11}
2026-08-29 22:46:07,963 | INFO    |   dataset: SI=366 | NO=732 | total=1098
2026-08-29 22:46:07,971 | INFO    |   split agrupado | SU train=877 | SU test=220
2026-08-29 22:46:07,972 | INFO    |   ausencias por año: {2016: 2, 2017: 1, 2020: 1, 2021: 119, 2022: 325, 2023: 147, 2024: 136}
2026-08-29 22:46:09,498 | INFO    |   LR  AUC=0.972 AP=0.943 Brier=0.055
2026-08-29 22:46:12,297 | INFO    |   GAM AUC=0.974 AP=0.945 Brier=0.054
2026-08-29 22:47:42,376 | INFO    |   RF  AUC=0.978 AP=0.943 Brier=0.052
2026-08-29 22:47:42,377 | INFO    | === set_C | MC 95/100 | seed=194 ===
2026-08-29 22:47:43,235 | INFO    |   anos presencias: {2016: 2, 2017: 2, 2019: 1, 2020: 1, 2021: 71, 2022: 168, 2023: 66, 2024: 55}
2026-08-29 22:47:43,235 | INFO    |   anos ausencias : {2019: 3, 2021: 119, 2022: 345, 2023: 139, 2024: 126}
2026-08-29 22:47:43,237 | INFO    |   meses presencias: {1: 11, 3: 21, 4: 20, 5: 74, 6: 72, 7: 2, 8: 23, 9: 34, 10: 41, 11: 61, 12: 7}
2026-08-29 22:47:43,238 | INFO    |   meses ausencias : {1: 22, 3: 50, 4: 32, 5: 127, 6: 154, 7: 4, 8: 55, 9: 84, 10: 81, 11: 113, 12: 10}
2026-08-29 22:47:43,238 | INFO    |   dataset: SI=366 | NO=732 | total=1098
2026-08-29 22:47:43,245 | INFO    |   split agrupado | SU train=877 | SU test=220
2026-08-29 22:47:43,247 | INFO    |   ausencias por año: {2019: 3, 2021: 119, 2022: 345, 2023: 138, 2024: 126}
2026-08-29 22:47:44,723 | INFO    |   LR  AUC=0.961 AP=0.940 Brier=0.059
2026-08-29 22:47:47,415 | INFO    |   GAM AUC=0.965 AP=0.947 Brier=0.057
2026-08-29 22:49:17,268 | INFO    |   RF  AUC=0.964 AP=0.948 Brier=0.060
2026-08-29 22:49:17,269 | INFO    | === set_C | MC 96/100 | seed=195 ===
2026-08-29 22:49:18,131 | INFO    |   anos presencias: {2016: 2, 2017: 2, 2019: 1, 2020: 1, 2021: 71, 2022: 168, 2023: 66, 2024: 55}
2026-08-29 22:49:18,131 | INFO    |   anos ausencias : {2016: 5, 2017: 2, 2019: 1, 2021: 129, 2022: 337, 2023: 134, 2024: 124}
2026-08-29 22:49:18,133 | INFO    |   meses presencias: {1: 11, 3: 21, 4: 20, 5: 74, 6: 72, 7: 2, 8: 23, 9: 34, 10: 41, 11: 61, 12: 7}
2026-08-29 22:49:18,134 | INFO    |   meses ausencias : {1: 22, 3: 32, 4: 48, 5: 149, 6: 150, 7: 1, 8: 52, 9: 61, 10: 66, 11: 135, 12: 16}
2026-08-29 22:49:18,134 | INFO    |   dataset: SI=366 | NO=732 | total=1098
2026-08-29 22:49:18,141 | INFO    |   split agrupado | SU train=875 | SU test=219
2026-08-29 22:49:18,143 | INFO    |   ausencias por año: {2016: 5, 2017: 2, 2019: 1, 2021: 129, 2022: 334, 2023: 134, 2024: 123}
2026-08-29 22:49:19,634 | INFO    |   LR  AUC=0.984 AP=0.970 Brier=0.049
2026-08-29 22:49:22,357 | INFO    |   GAM AUC=0.985 AP=0.969 Brier=0.047
2026-08-29 22:50:48,607 | INFO    |   RF  AUC=0.982 AP=0.965 Brier=0.052
2026-08-29 22:50:48,607 | INFO    | === set_C | MC 97/100 | seed=196 ===
2026-08-29 22:50:49,471 | INFO    |   anos presencias: {2016: 2, 2017: 2, 2019: 1, 2020: 1, 2021: 71, 2022: 168, 2023: 66, 2024: 55}
2026-08-29 22:50:49,471 | INFO    |   anos ausencias : {2016: 2, 2017: 2, 2019: 2, 2020: 1, 2021: 125, 2022: 333, 2023: 132, 2024: 135}
2026-08-29 22:50:49,473 | INFO    |   meses presencias: {1: 11, 3: 21, 4: 20, 5: 74, 6: 72, 7: 2, 8: 23, 9: 34, 10: 41, 11: 61, 12: 7}
2026-08-29 22:50:49,474 | INFO    |   meses ausencias : {1: 19, 3: 40, 4: 48, 5: 146, 6: 157, 7: 6, 8: 44, 9: 69, 10: 57, 11: 136, 12: 10}
2026-08-29 22:50:49,474 | INFO    |   dataset: SI=366 | NO=732 | total=1098
2026-08-29 22:50:49,481 | INFO    |   split agrupado | SU train=877 | SU test=220
2026-08-29 22:50:49,483 | INFO    |   ausencias por año: {2016: 2, 2017: 2, 2019: 2, 2020: 1, 2021: 125, 2022: 333, 2023: 132, 2024: 134}
2026-08-29 22:50:50,981 | INFO    |   LR  AUC=0.956 AP=0.937 Brier=0.062
2026-08-29 22:50:53,694 | INFO    |   GAM AUC=0.961 AP=0.943 Brier=0.060
2026-08-29 22:52:22,932 | INFO    |   RF  AUC=0.959 AP=0.935 Brier=0.068
2026-08-29 22:52:22,933 | INFO    | === set_C | MC 98/100 | seed=197 ===
2026-08-29 22:52:23,790 | INFO    |   anos presencias: {2016: 2, 2017: 2, 2019: 1, 2020: 1, 2021: 71, 2022: 168, 2023: 66, 2024: 55}
2026-08-29 22:52:23,790 | INFO    |   anos ausencias : {2016: 1, 2017: 4, 2019: 1, 2020: 1, 2021: 136, 2022: 328, 2023: 138, 2024: 123}
2026-08-29 22:52:23,792 | INFO    |   meses presencias: {1: 11, 3: 21, 4: 20, 5: 74, 6: 72, 7: 2, 8: 23, 9: 34, 10: 41, 11: 61, 12: 7}
2026-08-29 22:52:23,793 | INFO    |   meses ausencias : {1: 27, 3: 41, 4: 46, 5: 158, 6: 160, 7: 4, 8: 26, 9: 69, 10: 72, 11: 122, 12: 7}
2026-08-29 22:52:23,793 | INFO    |   dataset: SI=366 | NO=732 | total=1098
2026-08-29 22:52:23,800 | INFO    |   split agrupado | SU train=878 | SU test=220
2026-08-29 22:52:23,801 | INFO    |   ausencias por año: {2016: 1, 2017: 4, 2019: 1, 2020: 1, 2021: 136, 2022: 328, 2023: 138, 2024: 123}
2026-08-29 22:52:25,314 | INFO    |   LR  AUC=0.958 AP=0.917 Brier=0.064
2026-08-29 22:52:28,018 | INFO    |   GAM AUC=0.962 AP=0.924 Brier=0.062
2026-08-29 22:53:57,738 | INFO    |   RF  AUC=0.962 AP=0.951 Brier=0.058
2026-08-29 22:53:57,738 | INFO    | === set_C | MC 99/100 | seed=198 ===
2026-08-29 22:53:58,598 | INFO    |   anos presencias: {2016: 2, 2017: 2, 2019: 1, 2020: 1, 2021: 71, 2022: 168, 2023: 66, 2024: 55}
2026-08-29 22:53:58,599 | INFO    |   anos ausencias : {2016: 2, 2017: 3, 2019: 1, 2020: 3, 2021: 123, 2022: 309, 2023: 154, 2024: 137}
2026-08-29 22:53:58,601 | INFO    |   meses presencias: {1: 11, 3: 21, 4: 20, 5: 74, 6: 72, 7: 2, 8: 23, 9: 34, 10: 41, 11: 61, 12: 7}
2026-08-29 22:53:58,602 | INFO    |   meses ausencias : {1: 29, 3: 39, 4: 36, 5: 164, 6: 148, 7: 4, 8: 50, 9: 62, 10: 66, 11: 124, 12: 10}
2026-08-29 22:53:58,602 | INFO    |   dataset: SI=366 | NO=732 | total=1098
2026-08-29 22:53:58,609 | INFO    |   split agrupado | SU train=876 | SU test=219
2026-08-29 22:53:58,611 | INFO    |   ausencias por año: {2016: 2, 2017: 3, 2019: 1, 2020: 3, 2021: 123, 2022: 307, 2023: 153, 2024: 137}
2026-08-29 22:54:00,092 | INFO    |   LR  AUC=0.982 AP=0.952 Brier=0.042
2026-08-29 22:54:02,886 | INFO    |   GAM AUC=0.985 AP=0.958 Brier=0.039
2026-08-29 22:55:30,893 | INFO    |   RF  AUC=0.993 AP=0.984 Brier=0.035
2026-08-29 22:55:30,893 | INFO    | === set_C | MC 100/100 | seed=199 ===
2026-08-29 22:55:31,757 | INFO    |   anos presencias: {2016: 2, 2017: 2, 2019: 1, 2020: 1, 2021: 71, 2022: 168, 2023: 66, 2024: 55}
2026-08-29 22:55:31,758 | INFO    |   anos ausencias : {2016: 3, 2017: 2, 2019: 2, 2020: 1, 2021: 117, 2022: 340, 2023: 155, 2024: 112}
2026-08-29 22:55:31,760 | INFO    |   meses presencias: {1: 11, 3: 21, 4: 20, 5: 74, 6: 72, 7: 2, 8: 23, 9: 34, 10: 41, 11: 61, 12: 7}
2026-08-29 22:55:31,760 | INFO    |   meses ausencias : {1: 19, 3: 48, 4: 52, 5: 159, 6: 132, 7: 3, 8: 41, 9: 66, 10: 83, 11: 116, 12: 13}
2026-08-29 22:55:31,761 | INFO    |   dataset: SI=366 | NO=732 | total=1098
2026-08-29 22:55:31,767 | INFO    |   split agrupado | SU train=877 | SU test=220
2026-08-29 22:55:31,768 | INFO    |   ausencias por año: {2016: 3, 2017: 2, 2019: 2, 2020: 1, 2021: 117, 2022: 339, 2023: 155, 2024: 112}
2026-08-29 22:55:33,283 | INFO    |   LR  AUC=0.970 AP=0.945 Brier=0.059
2026-08-29 22:55:36,002 | INFO    |   GAM AUC=0.971 AP=0.944 Brier=0.060
2026-08-29 22:57:04,426 | INFO    |   RF  AUC=0.968 AP=0.932 Brier=0.064
2026-08-29 22:57:04,545 | INFO    | RESUMEN set_C (AUROC):
       median    mean     std
model                        
GAM    0.9748  0.9733  0.0114
LR     0.9722  0.9712  0.0117
RF     0.9789  0.9775  0.0107
2026-08-29 22:57:04,545 | INFO    | === set_C LISTO ===
2026-08-29 23:01:17,005 | INFO    | ======================================================================
2026-08-29 23:01:17,007 | INFO    | INICIO set_C: 2026-08-29T23:01:17
2026-08-29 23:01:17,010 | INFO    | EXCL_DAYS_C = 0 | MATCH_TIME = True
2026-08-29 23:01:52,514 | INFO    | Hold-out desde 2025-03-01: 57 eventos reservados -> /home/oisanchezp/Thesis/src/05_Chapter/Montecarlo/holdout_events.csv
2026-08-29 23:01:52,561 | INFO    | Slope units: 61110 | filas evento para entrenar: 435
2026-08-29 23:03:11,496 | INFO    | SU ausencia elegibles (>200 m de un evento): 55128 de 60675
2026-08-29 23:03:11,661 | INFO    |   Est.    1: 2010-01-12 -> 2026-03-18 |  94.0% con dato | 1985 duplicados
2026-08-29 23:03:11,785 | INFO    |   Est.    2: 2010-01-01 -> 2026-03-18 |  90.7% con dato | 249 duplicados
2026-08-29 23:03:11,911 | INFO    |   Est.    3: 2010-01-01 -> 2026-03-18 |  89.5% con dato | 1991 duplicados
2026-08-29 23:03:12,041 | INFO    |   Est.    4: 2010-01-01 -> 2026-03-18 |  84.2% con dato | 1972 duplicados
2026-08-29 23:03:12,170 | INFO    |   Est.    5: 2010-01-01 -> 2026-03-18 |  95.7% con dato | 1991 duplicados
2026-08-29 23:03:12,296 | INFO    |   Est.    7: 2010-01-01 -> 2026-03-18 |  90.6% con dato | 1991 duplicados
2026-08-29 23:03:12,425 | INFO    |   Est.    8: 2010-01-01 -> 2026-03-18 |  89.8% con dato | 1980 duplicados
2026-08-29 23:03:12,561 | INFO    |   Est.    9: 2010-01-01 -> 2026-03-18 |  90.4% con dato | 1990 duplicados
2026-08-29 23:03:12,693 | INFO    |   Est.   10: 2010-01-01 -> 2026-03-18 |  90.8% con dato | 1990 duplicados
2026-08-29 23:03:12,820 | INFO    |   Est.   11: 2010-01-04 -> 2026-03-18 |  89.4% con dato | 1991 duplicados
2026-08-29 23:03:12,948 | INFO    |   Est.   12: 2010-01-01 -> 2026-03-18 |  91.8% con dato | 1972 duplicados
2026-08-29 23:03:13,078 | INFO    |   Est.   14: 2010-01-01 -> 2026-03-18 |  89.7% con dato | 1991 duplicados
2026-08-29 23:03:13,208 | INFO    |   Est.   15: 2010-01-01 -> 2026-03-18 |  92.8% con dato | 1991 duplicados
2026-08-29 23:03:13,335 | INFO    |   Est.   16: 2010-01-01 -> 2026-03-18 |  92.0% con dato | 1991 duplicados
2026-08-29 23:03:13,463 | INFO    |   Est.   17: 2010-01-28 -> 2026-03-18 |  93.5% con dato | 1991 duplicados
2026-08-29 23:03:13,597 | INFO    |   Est.   18: 2010-01-11 -> 2026-03-18 |  91.1% con dato | 1991 duplicados
2026-08-29 23:03:13,724 | INFO    |   Est.   19: 2010-01-11 -> 2026-03-18 |  93.5% con dato | 1991 duplicados
2026-08-29 23:03:13,852 | INFO    |   Est.   20: 2010-01-12 -> 2026-03-18 |  88.5% con dato | 1991 duplicados
2026-08-29 23:03:13,980 | INFO    |   Est.   21: 2010-01-11 -> 2026-03-18 |  91.3% con dato | 1990 duplicados
2026-08-29 23:03:14,105 | INFO    |   Est.   22: 2010-01-14 -> 2026-03-18 |  91.0% con dato | 1991 duplicados
2026-08-29 23:03:14,233 | INFO    |   Est.   23: 2010-01-10 -> 2026-03-18 |  93.5% con dato | 1973 duplicados
2026-08-29 23:03:14,361 | INFO    |   Est.   24: 2010-01-18 -> 2026-03-18 |  92.4% con dato | 1991 duplicados
2026-08-29 23:03:14,481 | INFO    |   Est.   25: 2010-01-18 -> 2026-01-07 |  77.2% con dato | 1 duplicados
2026-08-29 23:03:14,615 | INFO    |   Est.   26: 2010-01-04 -> 2026-03-18 |  83.2% con dato | 1990 duplicados
2026-08-29 23:03:14,727 | INFO    |   Est.   27: 2010-01-18 -> 2024-07-12 |  82.7% con dato | 0 duplicados
2026-08-29 23:03:14,859 | INFO    |   Est.   28: 2010-01-18 -> 2026-03-18 |  86.4% con dato | 1991 duplicados
2026-08-29 23:03:14,988 | INFO    |   Est.   29: 2010-01-18 -> 2026-03-18 |  91.9% con dato | 1991 duplicados
2026-08-29 23:03:15,115 | INFO    |   Est.   30: 2010-01-01 -> 2026-03-18 |  90.4% con dato | 1991 duplicados
2026-08-29 23:03:15,245 | INFO    |   Est.   31: 2010-01-06 -> 2026-03-18 |  87.5% con dato | 1991 duplicados
2026-08-29 23:03:15,372 | INFO    |   Est.   32: 2010-01-06 -> 2026-03-18 |  86.0% con dato | 1991 duplicados
2026-08-29 23:03:15,500 | INFO    |   Est.   33: 2010-01-28 -> 2026-03-18 |  87.2% con dato | 1991 duplicados
2026-08-29 23:03:15,627 | INFO    |   Est.   34: 2010-01-10 -> 2026-03-18 |  88.7% con dato | 1991 duplicados
2026-08-29 23:03:15,752 | INFO    |   Est.   35: 2010-01-28 -> 2026-03-18 |  93.8% con dato | 1991 duplicados
2026-08-29 23:03:15,878 | INFO    |   Est.   36: 2010-03-26 -> 2026-03-18 |  92.6% con dato | 1991 duplicados
2026-08-29 23:03:16,009 | INFO    |   Est.   37: 2010-01-28 -> 2026-03-18 |  89.5% con dato | 1991 duplicados
2026-08-29 23:03:16,138 | INFO    |   Est.   39: 2010-01-28 -> 2026-03-18 |  91.0% con dato | 1991 duplicados
2026-08-29 23:03:16,263 | INFO    |   Est.   40: 2010-02-05 -> 2026-03-18 |  92.2% con dato | 1989 duplicados
2026-08-29 23:03:16,390 | INFO    |   Est.   41: 2010-01-28 -> 2026-03-18 |  92.7% con dato | 1991 duplicados
2026-08-29 23:03:16,520 | INFO    |   Est.   42: 2010-02-05 -> 2026-03-18 |  88.9% con dato | 1991 duplicados
2026-08-29 23:03:16,644 | INFO    |   Est.   43: 2010-05-03 -> 2026-03-18 |  86.2% con dato | 1991 duplicados
2026-08-29 23:03:16,771 | INFO    |   Est.   44: 2010-04-19 -> 2026-03-18 |  83.2% con dato | 1991 duplicados
2026-08-29 23:03:16,897 | INFO    |   Est.   45: 2010-05-05 -> 2026-03-18 |  88.0% con dato | 1991 duplicados
2026-08-29 23:03:17,013 | INFO    |   Est.   46: 2010-04-28 -> 2025-05-06 |  92.9% con dato | 966 duplicados
2026-08-29 23:03:17,136 | INFO    |   Est.   47: 2010-05-03 -> 2026-03-18 |  81.9% con dato | 1991 duplicados
2026-08-29 23:03:17,263 | INFO    |   Est.   48: 2010-05-14 -> 2026-03-18 |  93.3% con dato | 1972 duplicados
2026-08-29 23:03:17,384 | INFO    |   Est.   49: 2010-09-08 -> 2026-03-18 |  85.3% con dato | 1991 duplicados
2026-08-29 23:03:17,503 | INFO    |   Est.   50: 2011-02-09 -> 2026-03-18 |  88.9% con dato | 1991 duplicados
2026-08-29 23:03:17,623 | INFO    |   Est.   51: 2011-01-17 -> 2026-03-18 |  87.8% con dato | 1972 duplicados
2026-08-29 23:03:17,745 | INFO    |   Est.   52: 2011-03-01 -> 2026-03-18 |  79.8% con dato | 1991 duplicados
2026-08-29 23:03:17,865 | INFO    |   Est.   53: 2011-01-11 -> 2026-03-18 |  92.8% con dato | 1991 duplicados
2026-08-29 23:03:17,984 | INFO    |   Est.   54: 2010-12-27 -> 2026-03-18 |  92.2% con dato | 1991 duplicados
2026-08-29 23:03:18,110 | INFO    |   Est.   55: 2010-11-04 -> 2026-03-18 |  82.7% con dato | 1991 duplicados
2026-08-29 23:03:18,236 | INFO    |   Est.   56: 2012-06-14 -> 2026-03-18 |  92.6% con dato | 1991 duplicados
2026-08-29 23:03:18,360 | INFO    |   Est.   57: 2012-03-23 -> 2026-03-18 |  89.5% con dato | 1985 duplicados
2026-08-29 23:03:18,471 | INFO    |   Est.   58: 2012-03-23 -> 2026-03-18 |  88.9% con dato | 1990 duplicados
2026-08-29 23:03:18,585 | INFO    |   Est.   60: 2012-01-01 -> 2026-03-18 |  89.7% con dato | 1991 duplicados
2026-08-29 23:03:18,698 | INFO    |   Est.   61: 2012-03-20 -> 2026-03-18 |  89.9% con dato | 1991 duplicados
2026-08-29 23:03:18,812 | INFO    |   Est.   62: 2012-03-07 -> 2026-03-18 |  88.8% con dato | 1900 duplicados
2026-08-29 23:03:18,925 | INFO    |   Est.   64: 2012-09-05 -> 2026-03-07 |  87.3% con dato | 1991 duplicados
2026-08-29 23:03:19,033 | INFO    |   Est.   65: 2012-08-09 -> 2026-03-18 |  90.5% con dato | 1990 duplicados
2026-08-29 23:03:19,143 | INFO    |   Est.   66: 2012-06-06 -> 2026-03-18 |  91.6% con dato | 1991 duplicados
2026-08-29 23:03:19,251 | INFO    |   Est.   70: 2012-06-25 -> 2026-03-18 |  93.8% con dato | 1972 duplicados
2026-08-29 23:03:19,354 | INFO    |   Est.   71: 2013-02-28 -> 2026-03-18 |  95.0% con dato | 1991 duplicados
2026-08-29 23:03:19,464 | INFO    |   Est.   72: 2012-06-25 -> 2026-03-18 |  91.0% con dato | 1991 duplicados
2026-08-29 23:03:19,581 | INFO    |   Est.   74: 2013-05-27 -> 2026-03-18 |  95.3% con dato | 1991 duplicados
2026-08-29 23:03:19,780 | INFO    |   Est.   76: 2013-07-02 -> 2026-03-18 |  94.8% con dato | 1991 duplicados
2026-08-29 23:03:19,980 | INFO    |   Est.   81: 2013-06-28 -> 2026-03-18 |  97.4% con dato | 1991 duplicados
2026-08-29 23:03:20,079 | INFO    |   Est.   88: 2013-11-14 -> 2026-03-18 |  93.4% con dato | 1991 duplicados
2026-08-29 23:03:20,165 | INFO    |   Est.   89: 2013-11-14 -> 2025-05-06 |  95.5% con dato | 525 duplicados
2026-08-29 23:03:20,253 | INFO    |   Est.  121: 2014-11-26 -> 2026-03-18 |  96.8% con dato | 1991 duplicados
2026-08-29 23:03:20,339 | INFO    |   Est.  127: 2015-04-10 -> 2026-03-18 |  92.8% con dato | 1990 duplicados
2026-08-29 23:03:20,426 | INFO    |   Est.  129: 2015-04-23 -> 2026-03-18 |  94.6% con dato | 1991 duplicados
2026-08-29 23:03:20,507 | INFO    |   Est.  146: 2015-08-18 -> 2026-03-18 |  95.8% con dato | 1991 duplicados
2026-08-29 23:03:20,592 | INFO    |   Est.  154: 2015-09-17 -> 2026-03-18 |  83.7% con dato | 1972 duplicados
2026-08-29 23:03:20,671 | INFO    |   Est.  171: 2016-01-01 -> 2026-03-18 |  80.4% con dato | 1979 duplicados
2026-08-29 23:03:20,748 | INFO    |   Est.  184: 2016-01-01 -> 2026-03-18 |  84.2% con dato | 1991 duplicados
2026-08-29 23:03:20,802 | INFO    |   Est.  189: 2018-08-18 -> 2025-03-30 |  95.5% con dato | 1 duplicados
2026-08-29 23:03:20,868 | INFO    |   Est.  193: 2017-07-18 -> 2026-03-18 |  97.6% con dato | 1991 duplicados
2026-08-29 23:03:20,974 | INFO    |   Est.  211: 2012-12-10 -> 2026-03-18 |  93.5% con dato | 1991 duplicados
2026-08-29 23:03:21,043 | INFO    |   Est.  230: 2017-08-31 -> 2026-03-18 |  97.2% con dato | 1991 duplicados
2026-08-29 23:03:21,107 | INFO    |   Est.  234: 2017-09-18 -> 2026-03-18 |  98.0% con dato | 1991 duplicados
2026-08-29 23:03:21,173 | INFO    |   Est.  241: 2017-10-20 -> 2026-03-18 |  91.7% con dato | 1991 duplicados
2026-08-29 23:03:21,238 | INFO    |   Est.  242: 2017-10-20 -> 2026-03-18 |  98.4% con dato | 1991 duplicados
2026-08-29 23:03:21,303 | INFO    |   Est.  244: 2017-10-28 -> 2026-03-18 |  97.4% con dato | 1991 duplicados
2026-08-29 23:03:21,361 | INFO    |   Est.  248: 2017-11-05 -> 2026-03-19 |  96.8% con dato | 0 duplicados
2026-08-29 23:03:21,429 | INFO    |   Est.  253: 2017-11-14 -> 2026-03-18 |  96.6% con dato | 1991 duplicados
2026-08-29 23:03:21,493 | INFO    |   Est.  261: 2017-12-01 -> 2026-03-18 |  95.4% con dato | 1991 duplicados
2026-08-29 23:03:21,552 | INFO    |   Est.  266: 2017-12-19 -> 2025-04-02 |  91.1% con dato | 1 duplicados
2026-08-29 23:03:21,615 | INFO    |   Est.  267: 2017-12-18 -> 2026-03-18 |  97.2% con dato | 1991 duplicados
2026-08-29 23:03:21,681 | INFO    |   Est.  274: 2018-01-19 -> 2026-03-18 |  98.4% con dato | 1991 duplicados
2026-08-29 23:03:21,744 | INFO    |   Est.  275: 2018-01-16 -> 2026-03-18 |  91.7% con dato | 1628 duplicados
2026-08-29 23:03:21,810 | INFO    |   Est.  278: 2018-01-31 -> 2026-03-18 |  96.0% con dato | 1991 duplicados
2026-08-29 23:03:21,871 | INFO    |   Est.  281: 2018-02-15 -> 2026-03-18 |  98.8% con dato | 1991 duplicados
2026-08-29 23:03:21,936 | INFO    |   Est.  288: 2018-03-21 -> 2026-03-18 |  97.1% con dato | 1991 duplicados
2026-08-29 23:03:21,996 | INFO    |   Est.  289: 2018-03-22 -> 2026-03-18 |  95.7% con dato | 1991 duplicados
2026-08-29 23:03:22,059 | INFO    |   Est.  295: 2018-04-23 -> 2026-03-18 |  95.3% con dato | 1991 duplicados
2026-08-29 23:03:22,118 | INFO    |   Est.  311: 2018-06-05 -> 2026-03-18 |  61.2% con dato | 1991 duplicados
2026-08-29 23:03:22,180 | INFO    |   Est.  320: 2018-06-27 -> 2026-03-18 |  97.0% con dato | 1991 duplicados
2026-08-29 23:03:22,239 | INFO    |   Est.  323: 2018-07-17 -> 2026-03-18 |  96.1% con dato | 1980 duplicados
2026-08-29 23:03:22,303 | INFO    |   Est.  324: 2018-07-17 -> 2026-03-18 |  95.1% con dato | 1991 duplicados
2026-08-29 23:03:22,362 | INFO    |   Est.  328: 2018-08-09 -> 2026-03-18 |  96.9% con dato | 1991 duplicados
2026-08-29 23:03:22,422 | INFO    |   Est.  334: 2018-09-18 -> 2026-03-18 |  96.0% con dato | 1991 duplicados
2026-08-29 23:03:22,478 | INFO    |   Est.  339: 2019-01-04 -> 2026-03-18 |  94.7% con dato | 1991 duplicados
2026-08-29 23:03:22,537 | INFO    |   Est.  352: 2019-02-01 -> 2026-03-18 |  97.7% con dato | 1991 duplicados
2026-08-29 23:03:22,593 | INFO    |   Est.  353: 2019-02-01 -> 2026-03-18 |  93.4% con dato | 1989 duplicados
2026-08-29 23:03:22,651 | INFO    |   Est.  356: 2019-03-18 -> 2026-03-18 |  98.3% con dato | 1989 duplicados
2026-08-29 23:03:22,704 | INFO    |   Est.  373: 2019-05-08 -> 2026-03-18 |  94.5% con dato | 1991 duplicados
2026-08-29 23:03:22,762 | INFO    |   Est.  376: 2019-05-15 -> 2026-03-18 |  98.0% con dato | 1991 duplicados
2026-08-29 23:03:22,817 | INFO    |   Est.  378: 2019-06-04 -> 2026-03-18 |  92.6% con dato | 1984 duplicados
2026-08-29 23:03:22,873 | INFO    |   Est.  383: 2019-06-14 -> 2026-03-18 |  96.6% con dato | 1991 duplicados
2026-08-29 23:03:22,924 | INFO    |   Est.  389: 2019-08-09 -> 2026-03-18 |  95.3% con dato | 1860 duplicados
2026-08-29 23:03:22,973 | INFO    |   Est.  392: 2019-09-09 -> 2026-03-18 |  96.7% con dato | 1991 duplicados
2026-08-29 23:03:23,029 | INFO    |   Est.  393: 2019-09-20 -> 2026-03-18 |  98.5% con dato | 1991 duplicados
2026-08-29 23:03:23,078 | INFO    |   Est.  394: 2019-09-20 -> 2026-03-18 |  95.9% con dato | 1991 duplicados
2026-08-29 23:03:23,130 | INFO    |   Est.  395: 2019-09-24 -> 2026-03-18 |  97.8% con dato | 1991 duplicados
2026-08-29 23:03:23,178 | INFO    |   Est.  418: 2019-12-26 -> 2026-03-18 |  94.9% con dato | 1991 duplicados
2026-08-29 23:03:23,227 | INFO    |   Est.  420: 2019-12-26 -> 2026-03-18 |  95.8% con dato | 1991 duplicados
2026-08-29 23:03:23,277 | INFO    |   Est.  421: 2020-01-14 -> 2026-03-18 |  98.4% con dato | 1991 duplicados
2026-08-29 23:03:23,324 | INFO    |   Est.  429: 2020-02-21 -> 2026-03-18 |  98.2% con dato | 1991 duplicados
2026-08-29 23:03:23,374 | INFO    |   Est.  432: 2020-02-27 -> 2026-03-18 |  98.5% con dato | 1990 duplicados
2026-08-29 23:03:23,420 | INFO    |   Est.  433: 2020-02-28 -> 2026-03-18 |  94.9% con dato | 1991 duplicados
2026-08-29 23:03:23,467 | INFO    |   Est.  434: 2020-03-03 -> 2026-03-18 |  97.8% con dato | 1991 duplicados
2026-08-29 23:03:23,516 | INFO    |   Est.  437: 2020-03-31 -> 2026-03-18 |  98.9% con dato | 1991 duplicados
2026-08-29 23:03:23,562 | INFO    |   Est.  445: 2020-05-11 -> 2026-03-18 |  87.6% con dato | 1991 duplicados
2026-08-29 23:03:23,610 | INFO    |   Est.  446: 2020-05-08 -> 2026-03-18 |  86.2% con dato | 1991 duplicados
2026-08-29 23:03:23,656 | INFO    |   Est.  447: 2020-05-11 -> 2026-03-18 |  98.9% con dato | 1991 duplicados
2026-08-29 23:03:23,699 | INFO    |   Est.  451: 2020-07-03 -> 2026-03-18 |  98.2% con dato | 1972 duplicados
2026-08-29 23:03:23,743 | INFO    |   Est.  456: 2020-07-31 -> 2026-03-18 |  96.5% con dato | 1991 duplicados
2026-08-29 23:03:23,785 | INFO    |   Est.  457: 2020-09-08 -> 2026-03-18 |  94.5% con dato | 1991 duplicados
2026-08-29 23:03:23,825 | INFO    |   Est.  481: 2020-12-18 -> 2026-03-18 |  97.8% con dato | 1991 duplicados
2026-08-29 23:03:23,868 | INFO    |   Est.  499: 2021-02-16 -> 2026-03-18 |  97.5% con dato | 1991 duplicados
2026-08-29 23:03:23,906 | INFO    |   Est.  515: 2021-03-12 -> 2026-03-18 |  97.4% con dato | 1990 duplicados
2026-08-29 23:03:23,945 | INFO    |   Est.  519: 2021-03-19 -> 2026-03-18 |  97.8% con dato | 1991 duplicados
2026-08-29 23:03:23,983 | INFO    |   Est.  539: 2021-06-24 -> 2026-03-18 |  92.0% con dato | 1991 duplicados
2026-08-29 23:03:24,019 | INFO    |   Est.  540: 2021-06-11 -> 2026-03-18 |  92.7% con dato | 1972 duplicados
2026-08-29 23:03:24,056 | INFO    |   Est.  543: 2021-06-29 -> 2026-03-18 |  98.6% con dato | 1989 duplicados
2026-08-29 23:03:24,098 | INFO    |   Est.  551: 2021-09-02 -> 2026-03-18 |  99.5% con dato | 1991 duplicados
2026-08-29 23:03:24,132 | INFO    |   Est.  558: 2021-09-29 -> 2026-03-18 |  99.3% con dato | 1989 duplicados
2026-08-29 23:03:24,163 | INFO    |   Est.  601: 2022-05-03 -> 2026-03-18 |  97.6% con dato | 1991 duplicados
2026-08-29 23:03:24,194 | INFO    |   Est.  607: 2022-06-08 -> 2026-03-18 |  95.5% con dato | 1990 duplicados
2026-08-29 23:03:24,222 | INFO    |   Est.  612: 2022-06-21 -> 2025-07-03 |  99.2% con dato | 1311 duplicados
2026-08-29 23:03:24,243 | INFO    |   Est.  619: 2022-06-29 -> 2025-05-06 |  94.4% con dato | 966 duplicados
2026-08-29 23:03:24,271 | INFO    |   Est.  636: 2022-11-16 -> 2026-03-18 |  98.7% con dato | 1991 duplicados
2026-08-29 23:03:24,273 | INFO    | Pluviómetros con serie: 143
2026-08-29 23:03:24,761 | INFO    | Distancia SU-pluvio ausencias (m): mediana=1946 | max=13027
2026-08-29 23:03:25,154 | INFO    |   filtro húmedo eventos: descartadas 69/435 (15.9%)
2026-08-29 23:03:25,176 | INFO    | Eventos tras filtros: 366
2026-08-29 23:03:25,242 | INFO    | Dias excluidos: 128
2026-08-29 23:03:29,188 | INFO    | Pluviómetros con fechas candidatas (hasta 2025-03-01): 143
2026-08-29 23:03:29,190 | INFO    | Horas candidatas totales: 1475152
2026-08-29 23:03:29,192 | INFO    | Periodos (ano-mes) con eventos: 35 | rango 2016-10 a 2024-11
2026-08-29 23:03:29,705 | INFO    | Pluviometros con candidatas en periodos de evento: 143
2026-08-29 23:03:29,706 | INFO    | Periodos cubiertos por pluviometro: mediana=31 de 35
2026-08-29 23:03:29,731 | INFO    | Pool de SU ausencia utilizable: 55128 (se necesitan 732)
2026-08-29 23:03:30,654 | INFO    |   anos presencias: {2016: 2, 2017: 2, 2019: 1, 2020: 1, 2021: 71, 2022: 168, 2023: 66, 2024: 55}
2026-08-29 23:03:30,656 | INFO    |   anos ausencias : {2016: 2, 2017: 3, 2019: 6, 2020: 2, 2021: 118, 2022: 310, 2023: 158, 2024: 133}
2026-08-29 23:03:30,661 | INFO    |   meses presencias: {1: 11, 3: 21, 4: 20, 5: 74, 6: 72, 7: 2, 8: 23, 9: 34, 10: 41, 11: 61, 12: 7}
2026-08-29 23:03:30,662 | INFO    |   meses ausencias : {1: 24, 3: 39, 4: 36, 5: 168, 6: 150, 7: 3, 8: 55, 9: 68, 10: 82, 11: 104, 12: 3}
2026-08-29 23:03:30,664 | INFO    |   dataset: SI=366 | NO=732 | total=1098
2026-08-30 10:11:47,429 | INFO    | ======================================================================
2026-08-30 10:11:47,430 | INFO    | INICIO set_C: 2026-08-30T10:11:47
2026-08-30 10:11:47,432 | INFO    | EXCL_DAYS_C = 0 | MATCH_TIME = True
2026-08-30 10:12:22,356 | INFO    | su_uid tomado de la columna 'su_id'
2026-08-30 10:12:22,360 | INFO    | su_uid: 61167 filas | 61073 unidades distintas | 94 filas extra por unidades multi-evento
2026-08-30 10:12:22,378 | INFO    | Hold-out desde 2025-04-01: 57 eventos reservados -> /home/oisanchezp/Thesis/src/05_Chapter/Montecarlo/holdout_events.csv
2026-08-30 10:12:22,424 | INFO    | Slope units: 61110 | filas evento para entrenar: 435
2026-08-30 10:13:39,448 | INFO    | SU ausencia elegibles (>200 m de un evento): 55128 de 60675
2026-08-30 10:13:39,608 | INFO    |   Est.    1: 2010-01-12 -> 2026-03-18 |  94.0% con dato | 1985 duplicados
2026-08-30 10:13:39,729 | INFO    |   Est.    2: 2010-01-01 -> 2026-03-18 |  90.7% con dato | 249 duplicados
2026-08-30 10:13:39,856 | INFO    |   Est.    3: 2010-01-01 -> 2026-03-18 |  89.5% con dato | 1991 duplicados
2026-08-30 10:13:39,982 | INFO    |   Est.    4: 2010-01-01 -> 2026-03-18 |  84.2% con dato | 1972 duplicados
2026-08-30 10:13:40,110 | INFO    |   Est.    5: 2010-01-01 -> 2026-03-18 |  95.7% con dato | 1991 duplicados
2026-08-30 10:13:40,233 | INFO    |   Est.    7: 2010-01-01 -> 2026-03-18 |  90.6% con dato | 1991 duplicados
2026-08-30 10:13:40,378 | INFO    |   Est.    8: 2010-01-01 -> 2026-03-18 |  89.8% con dato | 1980 duplicados
2026-08-30 10:13:40,504 | INFO    |   Est.    9: 2010-01-01 -> 2026-03-18 |  90.4% con dato | 1990 duplicados
2026-08-30 10:13:40,629 | INFO    |   Est.   10: 2010-01-01 -> 2026-03-18 |  90.8% con dato | 1990 duplicados
2026-08-30 10:13:40,758 | INFO    |   Est.   11: 2010-01-04 -> 2026-03-18 |  89.4% con dato | 1991 duplicados
2026-08-30 10:13:40,883 | INFO    |   Est.   12: 2010-01-01 -> 2026-03-18 |  91.8% con dato | 1972 duplicados
2026-08-30 10:13:41,013 | INFO    |   Est.   14: 2010-01-01 -> 2026-03-18 |  89.7% con dato | 1991 duplicados
2026-08-30 10:13:41,142 | INFO    |   Est.   15: 2010-01-01 -> 2026-03-18 |  92.8% con dato | 1991 duplicados
2026-08-30 10:13:41,270 | INFO    |   Est.   16: 2010-01-01 -> 2026-03-18 |  92.0% con dato | 1991 duplicados
2026-08-30 10:13:41,395 | INFO    |   Est.   17: 2010-01-28 -> 2026-03-18 |  93.5% con dato | 1991 duplicados
2026-08-30 10:13:41,522 | INFO    |   Est.   18: 2010-01-11 -> 2026-03-18 |  91.1% con dato | 1991 duplicados
2026-08-30 10:13:41,648 | INFO    |   Est.   19: 2010-01-11 -> 2026-03-18 |  93.5% con dato | 1991 duplicados
2026-08-30 10:13:41,776 | INFO    |   Est.   20: 2010-01-12 -> 2026-03-18 |  88.5% con dato | 1991 duplicados
2026-08-30 10:13:41,912 | INFO    |   Est.   21: 2010-01-11 -> 2026-03-18 |  91.3% con dato | 1990 duplicados
2026-08-30 10:13:42,047 | INFO    |   Est.   22: 2010-01-14 -> 2026-03-18 |  91.0% con dato | 1991 duplicados
2026-08-30 10:13:42,184 | INFO    |   Est.   23: 2010-01-10 -> 2026-03-18 |  93.5% con dato | 1973 duplicados
2026-08-30 10:13:42,321 | INFO    |   Est.   24: 2010-01-18 -> 2026-03-18 |  92.4% con dato | 1991 duplicados
2026-08-30 10:13:42,443 | INFO    |   Est.   25: 2010-01-18 -> 2026-01-07 |  77.2% con dato | 1 duplicados
2026-08-30 10:13:42,576 | INFO    |   Est.   26: 2010-01-04 -> 2026-03-18 |  83.2% con dato | 1990 duplicados
2026-08-30 10:13:42,693 | INFO    |   Est.   27: 2010-01-18 -> 2024-07-12 |  82.7% con dato | 0 duplicados
2026-08-30 10:13:42,827 | INFO    |   Est.   28: 2010-01-18 -> 2026-03-18 |  86.4% con dato | 1991 duplicados
2026-08-30 10:13:42,958 | INFO    |   Est.   29: 2010-01-18 -> 2026-03-18 |  91.9% con dato | 1991 duplicados
2026-08-30 10:13:43,090 | INFO    |   Est.   30: 2010-01-01 -> 2026-03-18 |  90.4% con dato | 1991 duplicados
2026-08-30 10:13:43,226 | INFO    |   Est.   31: 2010-01-06 -> 2026-03-18 |  87.5% con dato | 1991 duplicados
2026-08-30 10:13:43,362 | INFO    |   Est.   32: 2010-01-06 -> 2026-03-18 |  86.0% con dato | 1991 duplicados
2026-08-30 10:13:43,494 | INFO    |   Est.   33: 2010-01-28 -> 2026-03-18 |  87.2% con dato | 1991 duplicados
2026-08-30 10:13:43,628 | INFO    |   Est.   34: 2010-01-10 -> 2026-03-18 |  88.7% con dato | 1991 duplicados
2026-08-30 10:13:43,762 | INFO    |   Est.   35: 2010-01-28 -> 2026-03-18 |  93.8% con dato | 1991 duplicados
2026-08-30 10:13:43,891 | INFO    |   Est.   36: 2010-03-26 -> 2026-03-18 |  92.6% con dato | 1991 duplicados
2026-08-30 10:13:44,026 | INFO    |   Est.   37: 2010-01-28 -> 2026-03-18 |  89.5% con dato | 1991 duplicados
2026-08-30 10:13:44,155 | INFO    |   Est.   39: 2010-01-28 -> 2026-03-18 |  91.0% con dato | 1991 duplicados
2026-08-30 10:13:44,286 | INFO    |   Est.   40: 2010-02-05 -> 2026-03-18 |  92.2% con dato | 1989 duplicados
2026-08-30 10:13:44,416 | INFO    |   Est.   41: 2010-01-28 -> 2026-03-18 |  92.7% con dato | 1991 duplicados
2026-08-30 10:13:44,541 | INFO    |   Est.   42: 2010-02-05 -> 2026-03-18 |  88.9% con dato | 1991 duplicados
2026-08-30 10:13:44,665 | INFO    |   Est.   43: 2010-05-03 -> 2026-03-18 |  86.2% con dato | 1991 duplicados
2026-08-30 10:13:44,787 | INFO    |   Est.   44: 2010-04-19 -> 2026-03-18 |  83.2% con dato | 1991 duplicados
2026-08-30 10:13:44,911 | INFO    |   Est.   45: 2010-05-05 -> 2026-03-18 |  88.0% con dato | 1991 duplicados
2026-08-30 10:13:45,026 | INFO    |   Est.   46: 2010-04-28 -> 2025-05-06 |  92.9% con dato | 966 duplicados
2026-08-30 10:13:45,148 | INFO    |   Est.   47: 2010-05-03 -> 2026-03-18 |  81.9% con dato | 1991 duplicados
2026-08-30 10:13:45,273 | INFO    |   Est.   48: 2010-05-14 -> 2026-03-18 |  93.3% con dato | 1972 duplicados
2026-08-30 10:13:45,393 | INFO    |   Est.   49: 2010-09-08 -> 2026-03-18 |  85.3% con dato | 1991 duplicados
2026-08-30 10:13:45,511 | INFO    |   Est.   50: 2011-02-09 -> 2026-03-18 |  88.9% con dato | 1991 duplicados
2026-08-30 10:13:45,627 | INFO    |   Est.   51: 2011-01-17 -> 2026-03-18 |  87.8% con dato | 1972 duplicados
2026-08-30 10:13:45,744 | INFO    |   Est.   52: 2011-03-01 -> 2026-03-18 |  79.8% con dato | 1991 duplicados
2026-08-30 10:13:45,861 | INFO    |   Est.   53: 2011-01-11 -> 2026-03-18 |  92.8% con dato | 1991 duplicados
2026-08-30 10:13:45,981 | INFO    |   Est.   54: 2010-12-27 -> 2026-03-18 |  92.2% con dato | 1991 duplicados
2026-08-30 10:13:46,101 | INFO    |   Est.   55: 2010-11-04 -> 2026-03-18 |  82.7% con dato | 1991 duplicados
2026-08-30 10:13:46,205 | INFO    |   Est.   56: 2012-06-14 -> 2026-03-18 |  92.6% con dato | 1991 duplicados
2026-08-30 10:13:46,321 | INFO    |   Est.   57: 2012-03-23 -> 2026-03-18 |  89.5% con dato | 1985 duplicados
2026-08-30 10:13:46,430 | INFO    |   Est.   58: 2012-03-23 -> 2026-03-18 |  88.9% con dato | 1990 duplicados
2026-08-30 10:13:46,545 | INFO    |   Est.   60: 2012-01-01 -> 2026-03-18 |  89.7% con dato | 1991 duplicados
2026-08-30 10:13:46,659 | INFO    |   Est.   61: 2012-03-20 -> 2026-03-18 |  89.9% con dato | 1991 duplicados
2026-08-30 10:13:46,770 | INFO    |   Est.   62: 2012-03-07 -> 2026-03-18 |  88.8% con dato | 1900 duplicados
2026-08-30 10:13:46,874 | INFO    |   Est.   64: 2012-09-05 -> 2026-03-07 |  87.3% con dato | 1991 duplicados
2026-08-30 10:13:46,980 | INFO    |   Est.   65: 2012-08-09 -> 2026-03-18 |  90.5% con dato | 1990 duplicados
2026-08-30 10:13:47,087 | INFO    |   Est.   66: 2012-06-06 -> 2026-03-18 |  91.6% con dato | 1991 duplicados
2026-08-30 10:13:47,193 | INFO    |   Est.   70: 2012-06-25 -> 2026-03-18 |  93.8% con dato | 1972 duplicados
2026-08-30 10:13:47,290 | INFO    |   Est.   71: 2013-02-28 -> 2026-03-18 |  95.0% con dato | 1991 duplicados
2026-08-30 10:13:47,401 | INFO    |   Est.   72: 2012-06-25 -> 2026-03-18 |  91.0% con dato | 1991 duplicados
2026-08-30 10:13:47,501 | INFO    |   Est.   74: 2013-05-27 -> 2026-03-18 |  95.3% con dato | 1991 duplicados
2026-08-30 10:13:47,600 | INFO    |   Est.   76: 2013-07-02 -> 2026-03-18 |  94.8% con dato | 1991 duplicados
2026-08-30 10:13:47,699 | INFO    |   Est.   81: 2013-06-28 -> 2026-03-18 |  97.4% con dato | 1991 duplicados
2026-08-30 10:13:47,793 | INFO    |   Est.   88: 2013-11-14 -> 2026-03-18 |  93.4% con dato | 1991 duplicados
2026-08-30 10:13:47,879 | INFO    |   Est.   89: 2013-11-14 -> 2025-05-06 |  95.5% con dato | 525 duplicados
2026-08-30 10:13:47,963 | INFO    |   Est.  121: 2014-11-26 -> 2026-03-18 |  96.8% con dato | 1991 duplicados
2026-08-30 10:13:48,043 | INFO    |   Est.  127: 2015-04-10 -> 2026-03-18 |  92.8% con dato | 1990 duplicados
2026-08-30 10:13:48,127 | INFO    |   Est.  129: 2015-04-23 -> 2026-03-18 |  94.6% con dato | 1991 duplicados
2026-08-30 10:13:48,208 | INFO    |   Est.  146: 2015-08-18 -> 2026-03-18 |  95.8% con dato | 1991 duplicados
2026-08-30 10:13:48,286 | INFO    |   Est.  154: 2015-09-17 -> 2026-03-18 |  83.7% con dato | 1972 duplicados
2026-08-30 10:13:48,363 | INFO    |   Est.  171: 2016-01-01 -> 2026-03-18 |  80.4% con dato | 1979 duplicados
2026-08-30 10:13:48,440 | INFO    |   Est.  184: 2016-01-01 -> 2026-03-18 |  84.2% con dato | 1991 duplicados
2026-08-30 10:13:48,487 | INFO    |   Est.  189: 2018-08-18 -> 2025-03-30 |  95.5% con dato | 1 duplicados
2026-08-30 10:13:48,555 | INFO    |   Est.  193: 2017-07-18 -> 2026-03-18 |  97.6% con dato | 1991 duplicados
2026-08-30 10:13:48,655 | INFO    |   Est.  211: 2012-12-10 -> 2026-03-18 |  93.5% con dato | 1991 duplicados
2026-08-30 10:13:48,722 | INFO    |   Est.  230: 2017-08-31 -> 2026-03-18 |  97.2% con dato | 1991 duplicados
2026-08-30 10:13:48,788 | INFO    |   Est.  234: 2017-09-18 -> 2026-03-18 |  98.0% con dato | 1991 duplicados
2026-08-30 10:13:48,850 | INFO    |   Est.  241: 2017-10-20 -> 2026-03-18 |  91.7% con dato | 1991 duplicados
2026-08-30 10:13:48,915 | INFO    |   Est.  242: 2017-10-20 -> 2026-03-18 |  98.4% con dato | 1991 duplicados
2026-08-30 10:13:48,977 | INFO    |   Est.  244: 2017-10-28 -> 2026-03-18 |  97.4% con dato | 1991 duplicados
2026-08-30 10:13:49,037 | INFO    |   Est.  248: 2017-11-05 -> 2026-03-19 |  96.8% con dato | 0 duplicados
2026-08-30 10:13:49,101 | INFO    |   Est.  253: 2017-11-14 -> 2026-03-18 |  96.6% con dato | 1991 duplicados
2026-08-30 10:13:49,167 | INFO    |   Est.  261: 2017-12-01 -> 2026-03-18 |  95.4% con dato | 1991 duplicados
2026-08-30 10:13:49,222 | INFO    |   Est.  266: 2017-12-19 -> 2025-04-02 |  91.1% con dato | 1 duplicados
2026-08-30 10:13:49,287 | INFO    |   Est.  267: 2017-12-18 -> 2026-03-18 |  97.2% con dato | 1991 duplicados
2026-08-30 10:13:49,348 | INFO    |   Est.  274: 2018-01-19 -> 2026-03-18 |  98.4% con dato | 1991 duplicados
2026-08-30 10:13:49,410 | INFO    |   Est.  275: 2018-01-16 -> 2026-03-18 |  91.7% con dato | 1628 duplicados
2026-08-30 10:13:49,474 | INFO    |   Est.  278: 2018-01-31 -> 2026-03-18 |  96.0% con dato | 1991 duplicados
2026-08-30 10:13:49,537 | INFO    |   Est.  281: 2018-02-15 -> 2026-03-18 |  98.8% con dato | 1991 duplicados
2026-08-30 10:13:49,596 | INFO    |   Est.  288: 2018-03-21 -> 2026-03-18 |  97.1% con dato | 1991 duplicados
2026-08-30 10:13:49,659 | INFO    |   Est.  289: 2018-03-22 -> 2026-03-18 |  95.7% con dato | 1991 duplicados
2026-08-30 10:13:49,718 | INFO    |   Est.  295: 2018-04-23 -> 2026-03-18 |  95.3% con dato | 1991 duplicados
2026-08-30 10:13:49,778 | INFO    |   Est.  311: 2018-06-05 -> 2026-03-18 |  61.2% con dato | 1991 duplicados
2026-08-30 10:13:49,836 | INFO    |   Est.  320: 2018-06-27 -> 2026-03-18 |  97.0% con dato | 1991 duplicados
2026-08-30 10:13:49,895 | INFO    |   Est.  323: 2018-07-17 -> 2026-03-18 |  96.1% con dato | 1980 duplicados
2026-08-30 10:13:49,953 | INFO    |   Est.  324: 2018-07-17 -> 2026-03-18 |  95.1% con dato | 1991 duplicados
2026-08-30 10:13:50,012 | INFO    |   Est.  328: 2018-08-09 -> 2026-03-18 |  96.9% con dato | 1991 duplicados
2026-08-30 10:13:50,069 | INFO    |   Est.  334: 2018-09-18 -> 2026-03-18 |  96.0% con dato | 1991 duplicados
2026-08-30 10:13:50,126 | INFO    |   Est.  339: 2019-01-04 -> 2026-03-18 |  94.7% con dato | 1991 duplicados
2026-08-30 10:13:50,182 | INFO    |   Est.  352: 2019-02-01 -> 2026-03-18 |  97.7% con dato | 1991 duplicados
2026-08-30 10:13:50,236 | INFO    |   Est.  353: 2019-02-01 -> 2026-03-18 |  93.4% con dato | 1989 duplicados
2026-08-30 10:13:50,292 | INFO    |   Est.  356: 2019-03-18 -> 2026-03-18 |  98.3% con dato | 1989 duplicados
2026-08-30 10:13:50,345 | INFO    |   Est.  373: 2019-05-08 -> 2026-03-18 |  94.5% con dato | 1991 duplicados
2026-08-30 10:13:50,401 | INFO    |   Est.  376: 2019-05-15 -> 2026-03-18 |  98.0% con dato | 1991 duplicados
2026-08-30 10:13:50,453 | INFO    |   Est.  378: 2019-06-04 -> 2026-03-18 |  92.6% con dato | 1984 duplicados
2026-08-30 10:13:50,508 | INFO    |   Est.  383: 2019-06-14 -> 2026-03-18 |  96.6% con dato | 1991 duplicados
2026-08-30 10:13:50,555 | INFO    |   Est.  389: 2019-08-09 -> 2026-03-18 |  95.3% con dato | 1860 duplicados
2026-08-30 10:13:50,602 | INFO    |   Est.  392: 2019-09-09 -> 2026-03-18 |  96.7% con dato | 1991 duplicados
2026-08-30 10:13:50,652 | INFO    |   Est.  393: 2019-09-20 -> 2026-03-18 |  98.5% con dato | 1991 duplicados
2026-08-30 10:13:50,700 | INFO    |   Est.  394: 2019-09-20 -> 2026-03-18 |  95.9% con dato | 1991 duplicados
2026-08-30 10:13:50,750 | INFO    |   Est.  395: 2019-09-24 -> 2026-03-18 |  97.8% con dato | 1991 duplicados
2026-08-30 10:13:50,797 | INFO    |   Est.  418: 2019-12-26 -> 2026-03-18 |  94.9% con dato | 1991 duplicados
2026-08-30 10:13:50,843 | INFO    |   Est.  420: 2019-12-26 -> 2026-03-18 |  95.8% con dato | 1991 duplicados
2026-08-30 10:13:50,892 | INFO    |   Est.  421: 2020-01-14 -> 2026-03-18 |  98.4% con dato | 1991 duplicados
2026-08-30 10:13:50,938 | INFO    |   Est.  429: 2020-02-21 -> 2026-03-18 |  98.2% con dato | 1991 duplicados
2026-08-30 10:13:50,985 | INFO    |   Est.  432: 2020-02-27 -> 2026-03-18 |  98.5% con dato | 1990 duplicados
2026-08-30 10:13:51,031 | INFO    |   Est.  433: 2020-02-28 -> 2026-03-18 |  94.9% con dato | 1991 duplicados
2026-08-30 10:13:51,076 | INFO    |   Est.  434: 2020-03-03 -> 2026-03-18 |  97.8% con dato | 1991 duplicados
2026-08-30 10:13:51,124 | INFO    |   Est.  437: 2020-03-31 -> 2026-03-18 |  98.9% con dato | 1991 duplicados
2026-08-30 10:13:51,168 | INFO    |   Est.  445: 2020-05-11 -> 2026-03-18 |  87.6% con dato | 1991 duplicados
2026-08-30 10:13:51,212 | INFO    |   Est.  446: 2020-05-08 -> 2026-03-18 |  86.2% con dato | 1991 duplicados
2026-08-30 10:13:51,258 | INFO    |   Est.  447: 2020-05-11 -> 2026-03-18 |  98.9% con dato | 1991 duplicados
2026-08-30 10:13:51,300 | INFO    |   Est.  451: 2020-07-03 -> 2026-03-18 |  98.2% con dato | 1972 duplicados
2026-08-30 10:13:51,343 | INFO    |   Est.  456: 2020-07-31 -> 2026-03-18 |  96.5% con dato | 1991 duplicados
2026-08-30 10:13:51,384 | INFO    |   Est.  457: 2020-09-08 -> 2026-03-18 |  94.5% con dato | 1991 duplicados
2026-08-30 10:13:51,423 | INFO    |   Est.  481: 2020-12-18 -> 2026-03-18 |  97.8% con dato | 1991 duplicados
2026-08-30 10:13:51,461 | INFO    |   Est.  499: 2021-02-16 -> 2026-03-18 |  97.5% con dato | 1991 duplicados
2026-08-30 10:13:51,502 | INFO    |   Est.  515: 2021-03-12 -> 2026-03-18 |  97.4% con dato | 1990 duplicados
2026-08-30 10:13:51,540 | INFO    |   Est.  519: 2021-03-19 -> 2026-03-18 |  97.8% con dato | 1991 duplicados
2026-08-30 10:13:51,575 | INFO    |   Est.  539: 2021-06-24 -> 2026-03-18 |  92.0% con dato | 1991 duplicados
2026-08-30 10:13:51,612 | INFO    |   Est.  540: 2021-06-11 -> 2026-03-18 |  92.7% con dato | 1972 duplicados
2026-08-30 10:13:51,647 | INFO    |   Est.  543: 2021-06-29 -> 2026-03-18 |  98.6% con dato | 1989 duplicados
2026-08-30 10:13:51,681 | INFO    |   Est.  551: 2021-09-02 -> 2026-03-18 |  99.5% con dato | 1991 duplicados
2026-08-30 10:13:51,717 | INFO    |   Est.  558: 2021-09-29 -> 2026-03-18 |  99.3% con dato | 1989 duplicados
2026-08-30 10:13:51,746 | INFO    |   Est.  601: 2022-05-03 -> 2026-03-18 |  97.6% con dato | 1991 duplicados
2026-08-30 10:13:51,775 | INFO    |   Est.  607: 2022-06-08 -> 2026-03-18 |  95.5% con dato | 1990 duplicados
2026-08-30 10:13:51,800 | INFO    |   Est.  612: 2022-06-21 -> 2025-07-03 |  99.2% con dato | 1311 duplicados
2026-08-30 10:13:51,821 | INFO    |   Est.  619: 2022-06-29 -> 2025-05-06 |  94.4% con dato | 966 duplicados
2026-08-30 10:13:51,850 | INFO    |   Est.  636: 2022-11-16 -> 2026-03-18 |  98.7% con dato | 1991 duplicados
2026-08-30 10:13:51,852 | INFO    | Pluviómetros con serie: 143
2026-08-30 10:13:52,306 | INFO    | Distancia SU-pluvio ausencias (m): mediana=1946 | max=13027
2026-08-30 10:13:52,695 | INFO    |   filtro húmedo eventos: descartadas 69/435 (15.9%)
2026-08-30 10:13:52,716 | INFO    | Eventos tras filtros: 366
2026-08-30 10:13:52,760 | INFO    | Dias excluidos: 128
2026-08-30 10:13:56,626 | INFO    | Pluviómetros con fechas candidatas (hasta 2025-04-01): 143
2026-08-30 10:13:56,627 | INFO    | Horas candidatas totales: 1493450
2026-08-30 10:13:56,629 | INFO    | Periodos (ano-mes) con eventos: 35 | rango 2016-10 a 2024-11
2026-08-30 10:13:57,233 | INFO    | Pluviometros con candidatas en periodos de evento: 143
2026-08-30 10:13:57,234 | INFO    | Periodos cubiertos por pluviometro: mediana=31 de 35
2026-08-30 10:13:57,256 | INFO    | Pool de SU ausencia utilizable: 55128 (se necesitan 732)
2026-08-30 10:13:58,159 | INFO    |   anos presencias: {2016: 2, 2017: 2, 2019: 1, 2020: 1, 2021: 71, 2022: 168, 2023: 66, 2024: 55}
2026-08-30 10:13:58,160 | INFO    |   anos ausencias : {2016: 2, 2017: 3, 2019: 6, 2020: 2, 2021: 118, 2022: 310, 2023: 158, 2024: 133}
2026-08-30 10:13:58,164 | INFO    |   meses presencias: {1: 11, 3: 21, 4: 20, 5: 74, 6: 72, 7: 2, 8: 23, 9: 34, 10: 41, 11: 61, 12: 7}
2026-08-30 10:13:58,165 | INFO    |   meses ausencias : {1: 24, 3: 39, 4: 36, 5: 168, 6: 150, 7: 3, 8: 55, 9: 68, 10: 82, 11: 104, 12: 3}
2026-08-30 10:13:58,167 | INFO    |   dataset: SI=366 | NO=732 | total=1098
2026-09-05 22:00:25,522 | INFO    | ======================================================================
2026-09-05 22:00:25,524 | INFO    | INICIO set_C: 2026-09-05T22:00:25
2026-09-05 22:00:25,525 | INFO    | EXCL_DAYS_C = 0 | MATCH_TIME = True
2026-09-05 22:01:01,373 | INFO    | su_uid tomado de la columna 'su_id'
2026-09-05 22:01:01,380 | INFO    | su_uid: 61167 filas | 61073 unidades distintas | 94 filas extra por unidades multi-evento
2026-09-05 22:01:01,412 | INFO    | Hold-out desde 2025-04-01: 57 eventos reservados -> /home/oisanchezp/Thesis/src/05_Chapter/Montecarlo/holdout_events.csv
2026-09-05 22:01:01,462 | INFO    | Slope units: 61110 | filas evento para entrenar: 435
2026-09-05 22:02:20,963 | INFO    | SU ausencia elegibles (>200 m de un evento): 55128 de 60675
2026-09-05 22:02:21,203 | INFO    |   Est.    1: 2010-01-12 -> 2026-03-18 |  94.0% con dato | 1985 duplicados
2026-09-05 22:02:21,341 | INFO    |   Est.    2: 2010-01-01 -> 2026-03-18 |  90.7% con dato | 249 duplicados
2026-09-05 22:02:21,485 | INFO    |   Est.    3: 2010-01-01 -> 2026-03-18 |  89.5% con dato | 1991 duplicados
2026-09-05 22:02:21,625 | INFO    |   Est.    4: 2010-01-01 -> 2026-03-18 |  84.2% con dato | 1972 duplicados
2026-09-05 22:02:21,793 | INFO    |   Est.    5: 2010-01-01 -> 2026-03-18 |  95.7% con dato | 1991 duplicados
2026-09-05 22:02:21,970 | INFO    |   Est.    7: 2010-01-01 -> 2026-03-18 |  90.6% con dato | 1991 duplicados
2026-09-05 22:02:22,142 | INFO    |   Est.    8: 2010-01-01 -> 2026-03-18 |  89.8% con dato | 1980 duplicados
2026-09-05 22:02:22,299 | INFO    |   Est.    9: 2010-01-01 -> 2026-03-18 |  90.4% con dato | 1990 duplicados
2026-09-05 22:02:22,453 | INFO    |   Est.   10: 2010-01-01 -> 2026-03-18 |  90.8% con dato | 1990 duplicados
2026-09-05 22:02:22,606 | INFO    |   Est.   11: 2010-01-04 -> 2026-03-18 |  89.4% con dato | 1991 duplicados
2026-09-05 22:02:22,761 | INFO    |   Est.   12: 2010-01-01 -> 2026-03-18 |  91.8% con dato | 1972 duplicados
2026-09-05 22:02:22,915 | INFO    |   Est.   14: 2010-01-01 -> 2026-03-18 |  89.7% con dato | 1991 duplicados
2026-09-05 22:02:23,077 | INFO    |   Est.   15: 2010-01-01 -> 2026-03-18 |  92.8% con dato | 1991 duplicados
2026-09-05 22:02:23,223 | INFO    |   Est.   16: 2010-01-01 -> 2026-03-18 |  92.0% con dato | 1991 duplicados
2026-09-05 22:02:23,392 | INFO    |   Est.   17: 2010-01-28 -> 2026-03-18 |  93.5% con dato | 1991 duplicados
2026-09-05 22:02:23,555 | INFO    |   Est.   18: 2010-01-11 -> 2026-03-18 |  91.1% con dato | 1991 duplicados
2026-09-05 22:02:23,747 | INFO    |   Est.   19: 2010-01-11 -> 2026-03-18 |  93.5% con dato | 1991 duplicados
2026-09-05 22:02:23,908 | INFO    |   Est.   20: 2010-01-12 -> 2026-03-18 |  88.5% con dato | 1991 duplicados
2026-09-05 22:02:24,068 | INFO    |   Est.   21: 2010-01-11 -> 2026-03-18 |  91.3% con dato | 1990 duplicados
2026-09-05 22:02:24,212 | INFO    |   Est.   22: 2010-01-14 -> 2026-03-18 |  91.0% con dato | 1991 duplicados
2026-09-05 22:02:24,371 | INFO    |   Est.   23: 2010-01-10 -> 2026-03-18 |  93.5% con dato | 1973 duplicados
2026-09-05 22:02:24,532 | INFO    |   Est.   24: 2010-01-18 -> 2026-03-18 |  92.4% con dato | 1991 duplicados
2026-09-05 22:02:24,669 | INFO    |   Est.   25: 2010-01-18 -> 2026-01-07 |  77.2% con dato | 1 duplicados
2026-09-05 22:02:24,822 | INFO    |   Est.   26: 2010-01-04 -> 2026-03-18 |  83.2% con dato | 1990 duplicados
2026-09-05 22:02:24,966 | INFO    |   Est.   27: 2010-01-18 -> 2024-07-12 |  82.7% con dato | 0 duplicados
2026-09-05 22:02:25,120 | INFO    |   Est.   28: 2010-01-18 -> 2026-03-18 |  86.4% con dato | 1991 duplicados
2026-09-05 22:02:25,283 | INFO    |   Est.   29: 2010-01-18 -> 2026-03-18 |  91.9% con dato | 1991 duplicados
2026-09-05 22:02:25,434 | INFO    |   Est.   30: 2010-01-01 -> 2026-03-18 |  90.4% con dato | 1991 duplicados
2026-09-05 22:02:25,584 | INFO    |   Est.   31: 2010-01-06 -> 2026-03-18 |  87.5% con dato | 1991 duplicados
2026-09-05 22:02:25,740 | INFO    |   Est.   32: 2010-01-06 -> 2026-03-18 |  86.0% con dato | 1991 duplicados
2026-09-05 22:02:25,897 | INFO    |   Est.   33: 2010-01-28 -> 2026-03-18 |  87.2% con dato | 1991 duplicados
2026-09-05 22:02:26,042 | INFO    |   Est.   34: 2010-01-10 -> 2026-03-18 |  88.7% con dato | 1991 duplicados
2026-09-05 22:02:26,221 | INFO    |   Est.   35: 2010-01-28 -> 2026-03-18 |  93.8% con dato | 1991 duplicados
2026-09-05 22:02:26,382 | INFO    |   Est.   36: 2010-03-26 -> 2026-03-18 |  92.6% con dato | 1991 duplicados
2026-09-05 22:02:26,526 | INFO    |   Est.   37: 2010-01-28 -> 2026-03-18 |  89.5% con dato | 1991 duplicados
2026-09-05 22:02:26,670 | INFO    |   Est.   39: 2010-01-28 -> 2026-03-18 |  91.0% con dato | 1991 duplicados
2026-09-05 22:02:26,841 | INFO    |   Est.   40: 2010-02-05 -> 2026-03-18 |  92.2% con dato | 1989 duplicados
2026-09-05 22:02:27,007 | INFO    |   Est.   41: 2010-01-28 -> 2026-03-18 |  92.7% con dato | 1991 duplicados
2026-09-05 22:02:27,172 | INFO    |   Est.   42: 2010-02-05 -> 2026-03-18 |  88.9% con dato | 1991 duplicados
2026-09-05 22:02:27,333 | INFO    |   Est.   43: 2010-05-03 -> 2026-03-18 |  86.2% con dato | 1991 duplicados
2026-09-05 22:02:27,479 | INFO    |   Est.   44: 2010-04-19 -> 2026-03-18 |  83.2% con dato | 1991 duplicados
2026-09-05 22:02:27,628 | INFO    |   Est.   45: 2010-05-05 -> 2026-03-18 |  88.0% con dato | 1991 duplicados
2026-09-05 22:02:27,781 | INFO    |   Est.   46: 2010-04-28 -> 2025-05-06 |  92.9% con dato | 966 duplicados
2026-09-05 22:02:27,933 | INFO    |   Est.   47: 2010-05-03 -> 2026-03-18 |  81.9% con dato | 1991 duplicados
2026-09-05 22:02:28,108 | INFO    |   Est.   48: 2010-05-14 -> 2026-03-18 |  93.3% con dato | 1972 duplicados
2026-09-05 22:02:28,254 | INFO    |   Est.   49: 2010-09-08 -> 2026-03-18 |  85.3% con dato | 1991 duplicados
2026-09-05 22:02:28,410 | INFO    |   Est.   50: 2011-02-09 -> 2026-03-18 |  88.9% con dato | 1991 duplicados
2026-09-05 22:02:28,558 | INFO    |   Est.   51: 2011-01-17 -> 2026-03-18 |  87.8% con dato | 1972 duplicados
2026-09-05 22:02:28,714 | INFO    |   Est.   52: 2011-03-01 -> 2026-03-18 |  79.8% con dato | 1991 duplicados
2026-09-05 22:02:28,862 | INFO    |   Est.   53: 2011-01-11 -> 2026-03-18 |  92.8% con dato | 1991 duplicados
2026-09-05 22:02:29,020 | INFO    |   Est.   54: 2010-12-27 -> 2026-03-18 |  92.2% con dato | 1991 duplicados
2026-09-05 22:02:29,171 | INFO    |   Est.   55: 2010-11-04 -> 2026-03-18 |  82.7% con dato | 1991 duplicados
2026-09-05 22:02:29,309 | INFO    |   Est.   56: 2012-06-14 -> 2026-03-18 |  92.6% con dato | 1991 duplicados
2026-09-05 22:02:29,446 | INFO    |   Est.   57: 2012-03-23 -> 2026-03-18 |  89.5% con dato | 1985 duplicados
2026-09-05 22:02:29,580 | INFO    |   Est.   58: 2012-03-23 -> 2026-03-18 |  88.9% con dato | 1990 duplicados
2026-09-05 22:02:29,732 | INFO    |   Est.   60: 2012-01-01 -> 2026-03-18 |  89.7% con dato | 1991 duplicados
2026-09-05 22:02:29,861 | INFO    |   Est.   61: 2012-03-20 -> 2026-03-18 |  89.9% con dato | 1991 duplicados
2026-09-05 22:02:30,008 | INFO    |   Est.   62: 2012-03-07 -> 2026-03-18 |  88.8% con dato | 1900 duplicados
2026-09-05 22:02:30,139 | INFO    |   Est.   64: 2012-09-05 -> 2026-03-07 |  87.3% con dato | 1991 duplicados
2026-09-05 22:02:30,277 | INFO    |   Est.   65: 2012-08-09 -> 2026-03-18 |  90.5% con dato | 1990 duplicados
2026-09-05 22:02:30,401 | INFO    |   Est.   66: 2012-06-06 -> 2026-03-18 |  91.6% con dato | 1991 duplicados
2026-09-05 22:02:30,593 | INFO    |   Est.   70: 2012-06-25 -> 2026-03-18 |  93.8% con dato | 1972 duplicados
2026-09-05 22:02:30,726 | INFO    |   Est.   71: 2013-02-28 -> 2026-03-18 |  95.0% con dato | 1991 duplicados
2026-09-05 22:02:30,871 | INFO    |   Est.   72: 2012-06-25 -> 2026-03-18 |  91.0% con dato | 1991 duplicados
2026-09-05 22:02:30,989 | INFO    |   Est.   74: 2013-05-27 -> 2026-03-18 |  95.3% con dato | 1991 duplicados
2026-09-05 22:02:31,121 | INFO    |   Est.   76: 2013-07-02 -> 2026-03-18 |  94.8% con dato | 1991 duplicados
2026-09-05 22:02:31,252 | INFO    |   Est.   81: 2013-06-28 -> 2026-03-18 |  97.4% con dato | 1991 duplicados
2026-09-05 22:02:31,418 | INFO    |   Est.   88: 2013-11-14 -> 2026-03-18 |  93.4% con dato | 1991 duplicados
2026-09-05 22:02:31,528 | INFO    |   Est.   89: 2013-11-14 -> 2025-05-06 |  95.5% con dato | 525 duplicados
2026-09-05 22:02:31,646 | INFO    |   Est.  121: 2014-11-26 -> 2026-03-18 |  96.8% con dato | 1991 duplicados
2026-09-05 22:02:31,771 | INFO    |   Est.  127: 2015-04-10 -> 2026-03-18 |  92.8% con dato | 1990 duplicados
2026-09-05 22:02:31,893 | INFO    |   Est.  129: 2015-04-23 -> 2026-03-18 |  94.6% con dato | 1991 duplicados
2026-09-05 22:02:32,021 | INFO    |   Est.  146: 2015-08-18 -> 2026-03-18 |  95.8% con dato | 1991 duplicados
2026-09-05 22:02:32,132 | INFO    |   Est.  154: 2015-09-17 -> 2026-03-18 |  83.7% con dato | 1972 duplicados
2026-09-05 22:02:32,237 | INFO    |   Est.  171: 2016-01-01 -> 2026-03-18 |  80.4% con dato | 1979 duplicados
2026-09-05 22:02:32,340 | INFO    |   Est.  184: 2016-01-01 -> 2026-03-18 |  84.2% con dato | 1991 duplicados
2026-09-05 22:02:32,393 | INFO    |   Est.  189: 2018-08-18 -> 2025-03-30 |  95.5% con dato | 1 duplicados
2026-09-05 22:02:32,499 | INFO    |   Est.  193: 2017-07-18 -> 2026-03-18 |  97.6% con dato | 1991 duplicados
2026-09-05 22:02:32,642 | INFO    |   Est.  211: 2012-12-10 -> 2026-03-18 |  93.5% con dato | 1991 duplicados
2026-09-05 22:02:32,767 | INFO    |   Est.  230: 2017-08-31 -> 2026-03-18 |  97.2% con dato | 1991 duplicados
2026-09-05 22:02:32,859 | INFO    |   Est.  234: 2017-09-18 -> 2026-03-18 |  98.0% con dato | 1991 duplicados
2026-09-05 22:02:32,942 | INFO    |   Est.  241: 2017-10-20 -> 2026-03-18 |  91.7% con dato | 1991 duplicados
2026-09-05 22:02:33,032 | INFO    |   Est.  242: 2017-10-20 -> 2026-03-18 |  98.4% con dato | 1991 duplicados
2026-09-05 22:02:33,127 | INFO    |   Est.  244: 2017-10-28 -> 2026-03-18 |  97.4% con dato | 1991 duplicados
2026-09-05 22:02:33,267 | INFO    |   Est.  248: 2017-11-05 -> 2026-03-19 |  96.8% con dato | 0 duplicados
2026-09-05 22:02:33,359 | INFO    |   Est.  253: 2017-11-14 -> 2026-03-18 |  96.6% con dato | 1991 duplicados
2026-09-05 22:02:33,451 | INFO    |   Est.  261: 2017-12-01 -> 2026-03-18 |  95.4% con dato | 1991 duplicados
2026-09-05 22:02:33,542 | INFO    |   Est.  266: 2017-12-19 -> 2025-04-02 |  91.1% con dato | 1 duplicados
2026-09-05 22:02:33,651 | INFO    |   Est.  267: 2017-12-18 -> 2026-03-18 |  97.2% con dato | 1991 duplicados
2026-09-05 22:02:33,726 | INFO    |   Est.  274: 2018-01-19 -> 2026-03-18 |  98.4% con dato | 1991 duplicados
2026-09-05 22:02:33,818 | INFO    |   Est.  275: 2018-01-16 -> 2026-03-18 |  91.7% con dato | 1628 duplicados
2026-09-05 22:02:33,931 | INFO    |   Est.  278: 2018-01-31 -> 2026-03-18 |  96.0% con dato | 1991 duplicados
2026-09-05 22:02:34,032 | INFO    |   Est.  281: 2018-02-15 -> 2026-03-18 |  98.8% con dato | 1991 duplicados
2026-09-05 22:02:34,123 | INFO    |   Est.  288: 2018-03-21 -> 2026-03-18 |  97.1% con dato | 1991 duplicados
2026-09-05 22:02:34,227 | INFO    |   Est.  289: 2018-03-22 -> 2026-03-18 |  95.7% con dato | 1991 duplicados
2026-09-05 22:02:34,322 | INFO    |   Est.  295: 2018-04-23 -> 2026-03-18 |  95.3% con dato | 1991 duplicados
2026-09-05 22:02:34,396 | INFO    |   Est.  311: 2018-06-05 -> 2026-03-18 |  61.2% con dato | 1991 duplicados
2026-09-05 22:02:34,481 | INFO    |   Est.  320: 2018-06-27 -> 2026-03-18 |  97.0% con dato | 1991 duplicados
2026-09-05 22:02:34,558 | INFO    |   Est.  323: 2018-07-17 -> 2026-03-18 |  96.1% con dato | 1980 duplicados
2026-09-05 22:02:34,646 | INFO    |   Est.  324: 2018-07-17 -> 2026-03-18 |  95.1% con dato | 1991 duplicados
2026-09-05 22:02:34,736 | INFO    |   Est.  328: 2018-08-09 -> 2026-03-18 |  96.9% con dato | 1991 duplicados
2026-09-05 22:02:34,824 | INFO    |   Est.  334: 2018-09-18 -> 2026-03-18 |  96.0% con dato | 1991 duplicados
2026-09-05 22:02:34,911 | INFO    |   Est.  339: 2019-01-04 -> 2026-03-18 |  94.7% con dato | 1991 duplicados
2026-09-05 22:02:34,986 | INFO    |   Est.  352: 2019-02-01 -> 2026-03-18 |  97.7% con dato | 1991 duplicados
2026-09-05 22:02:35,068 | INFO    |   Est.  353: 2019-02-01 -> 2026-03-18 |  93.4% con dato | 1989 duplicados
2026-09-05 22:02:35,150 | INFO    |   Est.  356: 2019-03-18 -> 2026-03-18 |  98.3% con dato | 1989 duplicados
2026-09-05 22:02:35,218 | INFO    |   Est.  373: 2019-05-08 -> 2026-03-18 |  94.5% con dato | 1991 duplicados
2026-09-05 22:02:35,287 | INFO    |   Est.  376: 2019-05-15 -> 2026-03-18 |  98.0% con dato | 1991 duplicados
2026-09-05 22:02:35,374 | INFO    |   Est.  378: 2019-06-04 -> 2026-03-18 |  92.6% con dato | 1984 duplicados
2026-09-05 22:02:35,455 | INFO    |   Est.  383: 2019-06-14 -> 2026-03-18 |  96.6% con dato | 1991 duplicados
2026-09-05 22:02:35,534 | INFO    |   Est.  389: 2019-08-09 -> 2026-03-18 |  95.3% con dato | 1860 duplicados
2026-09-05 22:02:35,620 | INFO    |   Est.  392: 2019-09-09 -> 2026-03-18 |  96.7% con dato | 1991 duplicados
2026-09-05 22:02:35,704 | INFO    |   Est.  393: 2019-09-20 -> 2026-03-18 |  98.5% con dato | 1991 duplicados
2026-09-05 22:02:35,784 | INFO    |   Est.  394: 2019-09-20 -> 2026-03-18 |  95.9% con dato | 1991 duplicados
2026-09-05 22:02:35,866 | INFO    |   Est.  395: 2019-09-24 -> 2026-03-18 |  97.8% con dato | 1991 duplicados
2026-09-05 22:02:35,943 | INFO    |   Est.  418: 2019-12-26 -> 2026-03-18 |  94.9% con dato | 1991 duplicados
2026-09-05 22:02:36,015 | INFO    |   Est.  420: 2019-12-26 -> 2026-03-18 |  95.8% con dato | 1991 duplicados
2026-09-05 22:02:36,097 | INFO    |   Est.  421: 2020-01-14 -> 2026-03-18 |  98.4% con dato | 1991 duplicados
2026-09-05 22:02:36,153 | INFO    |   Est.  429: 2020-02-21 -> 2026-03-18 |  98.2% con dato | 1991 duplicados
2026-09-05 22:02:36,225 | INFO    |   Est.  432: 2020-02-27 -> 2026-03-18 |  98.5% con dato | 1990 duplicados
2026-09-05 22:02:36,305 | INFO    |   Est.  433: 2020-02-28 -> 2026-03-18 |  94.9% con dato | 1991 duplicados
2026-09-05 22:02:36,366 | INFO    |   Est.  434: 2020-03-03 -> 2026-03-18 |  97.8% con dato | 1991 duplicados
2026-09-05 22:02:36,435 | INFO    |   Est.  437: 2020-03-31 -> 2026-03-18 |  98.9% con dato | 1991 duplicados
2026-09-05 22:02:36,528 | INFO    |   Est.  445: 2020-05-11 -> 2026-03-18 |  87.6% con dato | 1991 duplicados
2026-09-05 22:02:36,584 | INFO    |   Est.  446: 2020-05-08 -> 2026-03-18 |  86.2% con dato | 1991 duplicados
2026-09-05 22:02:36,648 | INFO    |   Est.  447: 2020-05-11 -> 2026-03-18 |  98.9% con dato | 1991 duplicados
2026-09-05 22:02:36,724 | INFO    |   Est.  451: 2020-07-03 -> 2026-03-18 |  98.2% con dato | 1972 duplicados
2026-09-05 22:02:36,792 | INFO    |   Est.  456: 2020-07-31 -> 2026-03-18 |  96.5% con dato | 1991 duplicados
2026-09-05 22:02:36,863 | INFO    |   Est.  457: 2020-09-08 -> 2026-03-18 |  94.5% con dato | 1991 duplicados
2026-09-05 22:02:36,938 | INFO    |   Est.  481: 2020-12-18 -> 2026-03-18 |  97.8% con dato | 1991 duplicados
2026-09-05 22:02:37,008 | INFO    |   Est.  499: 2021-02-16 -> 2026-03-18 |  97.5% con dato | 1991 duplicados
2026-09-05 22:02:37,079 | INFO    |   Est.  515: 2021-03-12 -> 2026-03-18 |  97.4% con dato | 1990 duplicados
2026-09-05 22:02:37,145 | INFO    |   Est.  519: 2021-03-19 -> 2026-03-18 |  97.8% con dato | 1991 duplicados
2026-09-05 22:02:37,206 | INFO    |   Est.  539: 2021-06-24 -> 2026-03-18 |  92.0% con dato | 1991 duplicados
2026-09-05 22:02:37,276 | INFO    |   Est.  540: 2021-06-11 -> 2026-03-18 |  92.7% con dato | 1972 duplicados
2026-09-05 22:02:37,347 | INFO    |   Est.  543: 2021-06-29 -> 2026-03-18 |  98.6% con dato | 1989 duplicados
2026-09-05 22:02:37,392 | INFO    |   Est.  551: 2021-09-02 -> 2026-03-18 |  99.5% con dato | 1991 duplicados
2026-09-05 22:02:37,456 | INFO    |   Est.  558: 2021-09-29 -> 2026-03-18 |  99.3% con dato | 1989 duplicados
2026-09-05 22:02:37,489 | INFO    |   Est.  601: 2022-05-03 -> 2026-03-18 |  97.6% con dato | 1991 duplicados
2026-09-05 22:02:37,562 | INFO    |   Est.  607: 2022-06-08 -> 2026-03-18 |  95.5% con dato | 1990 duplicados
2026-09-05 22:02:37,612 | INFO    |   Est.  612: 2022-06-21 -> 2025-07-03 |  99.2% con dato | 1311 duplicados
2026-09-05 22:02:37,670 | INFO    |   Est.  619: 2022-06-29 -> 2025-05-06 |  94.4% con dato | 966 duplicados
2026-09-05 22:02:37,742 | INFO    |   Est.  636: 2022-11-16 -> 2026-03-18 |  98.7% con dato | 1991 duplicados
2026-09-05 22:02:37,744 | INFO    | Pluviómetros con serie: 143
2026-09-05 22:02:38,242 | INFO    | Distancia SU-pluvio ausencias (m): mediana=1946 | max=13027
2026-09-05 22:02:38,642 | INFO    |   filtro húmedo eventos: descartadas 69/435 (15.9%)
2026-09-05 22:02:38,667 | INFO    | Eventos tras filtros: 366
2026-09-05 22:02:38,719 | INFO    | Dias excluidos: 128
2026-09-05 22:02:42,640 | INFO    | Pluviómetros con fechas candidatas (hasta 2025-04-01): 143
2026-09-05 22:02:42,642 | INFO    | Horas candidatas totales: 1493450
2026-09-05 22:02:42,649 | INFO    | Periodos (ano-mes) con eventos: 35 | rango 2016-10 a 2024-11
2026-09-05 22:02:43,168 | INFO    | Pluviometros con candidatas en periodos de evento: 143
2026-09-05 22:02:43,170 | INFO    | Periodos cubiertos por pluviometro: mediana=31 de 35
2026-09-05 22:02:43,193 | INFO    | Pool de SU ausencia utilizable: 55128 (se necesitan 732)
2026-09-05 22:02:44,125 | INFO    |   anos presencias: {2016: 2, 2017: 2, 2019: 1, 2020: 1, 2021: 71, 2022: 168, 2023: 66, 2024: 55}
2026-09-05 22:02:44,129 | INFO    |   anos ausencias : {2016: 2, 2017: 3, 2019: 6, 2020: 2, 2021: 118, 2022: 310, 2023: 158, 2024: 133}
2026-09-05 22:02:44,132 | INFO    |   meses presencias: {1: 11, 3: 21, 4: 20, 5: 74, 6: 72, 7: 2, 8: 23, 9: 34, 10: 41, 11: 61, 12: 7}
2026-09-05 22:02:44,135 | INFO    |   meses ausencias : {1: 24, 3: 39, 4: 36, 5: 168, 6: 150, 7: 3, 8: 55, 9: 68, 10: 82, 11: 104, 12: 3}
2026-09-05 22:02:44,136 | INFO    |   dataset: SI=366 | NO=732 | total=1098
