run_id,model,thr_level,threshold,tpr,fpr,tnr,youden_J
0,LR,P_TPR70,0.5258422045372868,0.7837837837837838,0.05405405405405406,0.9459459459459459,
0,LR,P_TPR85,0.3565130482015102,0.8513513513513513,0.10810810810810811,0.8918918918918919,
0,LR,P_TPR95,0.13739026655606218,0.9594594594594594,0.18243243243243243,0.8175675675675675,
0,LR,P_OPT,0.15411600123964747,0.9459459459459459,0.16891891891891891,0.8310810810810811,0.777027027027027
0,GAM,P_TPR70,0.5662616815755981,0.7702702702702703,0.05405405405405406,0.9459459459459459,
0,GAM,P_TPR85,0.392168433859248,0.8513513513513513,0.10135135135135136,0.8986486486486487,
0,GAM,P_TPR95,0.1428923168951699,0.9594594594594594,0.17567567567567569,0.8243243243243243,
0,GAM,P_OPT,0.16510729220710035,0.9459459459459459,0.1554054054054054,0.8445945945945946,0.7905405405405406
0,RF,P_TPR70,0.7114924822885431,0.7027027027027027,0.04054054054054054,0.9594594594594594,
0,RF,P_TPR85,0.5004907473167265,0.8918918918918919,0.10135135135135136,0.8986486486486487,
0,RF,P_TPR95,0.042194372728477515,0.9594594594594594,0.25,0.75,
0,RF,P_OPT,0.41314322263385983,0.918918918918919,0.11486486486486487,0.8851351351351351,0.8040540540540541
1,LR,P_TPR70,0.6298538023849959,0.7297297297297297,0.0472972972972973,0.9527027027027027,
1,LR,P_TPR85,0.413408124195658,0.8513513513513513,0.0945945945945946,0.9054054054054054,
1,LR,P_TPR95,0.23038713028152683,0.9594594594594594,0.13513513513513514,0.8648648648648649,
1,LR,P_OPT,0.312250680399906,0.9324324324324325,0.10810810810810811,0.8918918918918919,0.8243243243243243
1,GAM,P_TPR70,0.6730223786501625,0.7162162162162162,0.0472972972972973,0.9527027027027027,
1,GAM,P_TPR85,0.4381038559731455,0.8513513513513513,0.08783783783783784,0.9121621621621622,
1,GAM,P_TPR95,0.20936891063316565,0.972972972972973,0.13513513513513514,0.8648648648648649,
1,GAM,P_OPT,0.20936891063316565,0.972972972972973,0.13513513513513514,0.8648648648648649,0.8378378378378379
1,RF,P_TPR70,0.643529213562697,0.7702702702702703,0.0472972972972973,0.9527027027027027,
1,RF,P_TPR85,0.5691330377650256,0.8648648648648649,0.07432432432432433,0.9256756756756757,
1,RF,P_TPR95,0.28184019005590233,0.9594594594594594,0.0945945945945946,0.9054054054054054,
1,RF,P_OPT,0.28184019005590233,0.9594594594594594,0.0945945945945946,0.9054054054054054,0.8648648648648648
2,LR,P_TPR70,0.5747850023940885,0.7567567567567568,0.033783783783783786,0.9662162162162162,
2,LR,P_TPR85,0.37195958170870147,0.8513513513513513,0.0472972972972973,0.9527027027027027,
2,LR,P_TPR95,0.1860186311428582,0.9594594594594594,0.12837837837837837,0.8716216216216216,
2,LR,P_OPT,0.3641819501697272,0.8783783783783784,0.0472972972972973,0.9527027027027027,0.8310810810810811
2,GAM,P_TPR70,0.6048425704945266,0.7567567567567568,0.033783783783783786,0.9662162162162162,
2,GAM,P_TPR85,0.4071061350629702,0.8513513513513513,0.0472972972972973,0.9527027027027027,
2,GAM,P_TPR95,0.2008582605939119,0.9594594594594594,0.12162162162162163,0.8783783783783784,
2,GAM,P_OPT,0.1588184172750919,0.972972972972973,0.13513513513513514,0.8648648648648649,0.8378378378378379
2,RF,P_TPR70,0.717734643855927,0.7027027027027027,0.02702702702702703,0.972972972972973,
2,RF,P_TPR85,0.4776761673914289,0.8783783783783784,0.0472972972972973,0.9527027027027027,
2,RF,P_TPR95,0.37323182273866484,0.9594594594594594,0.07432432432432433,0.9256756756756757,
2,RF,P_OPT,0.37323182273866484,0.9594594594594594,0.07432432432432433,0.9256756756756757,0.8851351351351351
3,LR,P_TPR70,0.5743545605707311,0.7027027027027027,0.10810810810810811,0.8918918918918919,
3,LR,P_TPR85,0.3611647565512481,0.8648648648648649,0.16891891891891891,0.8310810810810811,
3,LR,P_TPR95,0.21471401475697238,0.9594594594594594,0.21621621621621623,0.7837837837837838,
3,LR,P_OPT,0.16118880392818166,0.9864864864864865,0.23648648648648649,0.7635135135135135,0.75
3,GAM,P_TPR70,0.5508369464030117,0.7162162162162162,0.10810810810810811,0.8918918918918919,
3,GAM,P_TPR85,0.4031984151785976,0.8648648648648649,0.16216216216216217,0.8378378378378378,
3,GAM,P_TPR95,0.23085372566721882,0.9594594594594594,0.20945945945945946,0.7905405405405406,
3,GAM,P_OPT,0.2820987905771804,0.9324324324324325,0.18243243243243243,0.8175675675675675,0.75
3,RF,P_TPR70,0.632999433700606,0.7567567567567568,0.07432432432432433,0.9256756756756757,
3,RF,P_TPR85,0.5433211440232179,0.8513513513513513,0.12162162162162163,0.8783783783783784,
3,RF,P_TPR95,0.1661550215217085,0.9594594594594594,0.18243243243243243,0.8175675675675675,
3,RF,P_OPT,0.4646847978995443,0.9459459459459459,0.16216216216216217,0.8378378378378378,0.7837837837837838
4,LR,P_TPR70,0.5625830194618331,0.8378378378378378,0.060810810810810814,0.9391891891891891,
4,LR,P_TPR85,0.505481563548278,0.8648648648648649,0.07432432432432433,0.9256756756756757,
4,LR,P_TPR95,0.3897725470736362,0.9594594594594594,0.10135135135135136,0.8986486486486487,
4,LR,P_OPT,0.3250388755083158,0.9864864864864865,0.12162162162162163,0.8783783783783784,0.8648648648648649
4,GAM,P_TPR70,0.5782128038202178,0.8243243243243243,0.05405405405405406,0.9459459459459459,
4,GAM,P_TPR85,0.5263965645311146,0.8783783783783784,0.060810810810810814,0.9391891891891891,
4,GAM,P_TPR95,0.39896765052049166,0.9594594594594594,0.10135135135135136,0.8986486486486487,
4,GAM,P_OPT,0.37576770272318033,0.972972972972973,0.10810810810810811,0.8918918918918919,0.8648648648648649
4,RF,P_TPR70,0.7526280475292847,0.7162162162162162,0.0472972972972973,0.9527027027027027,
4,RF,P_TPR85,0.6502523864854404,0.8783783783783784,0.06756756756756757,0.9324324324324325,
4,RF,P_TPR95,0.4905653131718957,0.9594594594594594,0.10135135135135136,0.8986486486486487,
4,RF,P_OPT,0.4905653131718957,0.9594594594594594,0.10135135135135136,0.8986486486486487,0.8581081081081081
5,LR,P_TPR70,0.6329043848414608,0.7027027027027027,0.0472972972972973,0.9527027027027027,
5,LR,P_TPR85,0.3498838284360999,0.8513513513513513,0.11486486486486487,0.8851351351351351,
5,LR,P_TPR95,0.26037357511721165,0.9594594594594594,0.12837837837837837,0.8716216216216216,
5,LR,P_OPT,0.26037357511721165,0.9594594594594594,0.12837837837837837,0.8716216216216216,0.831081081081081
5,GAM,P_TPR70,0.6283005228054265,0.7162162162162162,0.05405405405405406,0.9459459459459459,
5,GAM,P_TPR85,0.3884492600024141,0.8513513513513513,0.10135135135135136,0.8986486486486487,
5,GAM,P_TPR95,0.2473492743758479,0.9594594594594594,0.12837837837837837,0.8716216216216216,
5,GAM,P_OPT,0.2473492743758479,0.9594594594594594,0.12837837837837837,0.8716216216216216,0.831081081081081
5,RF,P_TPR70,0.7417195826524976,0.7027027027027027,0.07432432432432433,0.9256756756756757,
5,RF,P_TPR85,0.5390036735986745,0.8783783783783784,0.0945945945945946,0.9054054054054054,
5,RF,P_TPR95,0.22016038733252333,0.9594594594594594,0.12162162162162163,0.8783783783783784,
5,RF,P_OPT,0.22016038733252333,0.9594594594594594,0.12162162162162163,0.8783783783783784,0.8378378378378378
6,LR,P_TPR70,0.6140737690231184,0.7027027027027027,0.060810810810810814,0.9391891891891891,
6,LR,P_TPR85,0.34747220692982583,0.8918918918918919,0.10810810810810811,0.8918918918918919,
6,LR,P_TPR95,0.2540312048318632,0.9594594594594594,0.1891891891891892,0.8108108108108107,
6,LR,P_OPT,0.2920421131364519,0.9459459459459459,0.13513513513513514,0.8648648648648649,0.8108108108108107
6,GAM,P_TPR70,0.6123541853186603,0.7162162162162162,0.06756756756756757,0.9324324324324325,
6,GAM,P_TPR85,0.3952799161837298,0.8783783783783784,0.0945945945945946,0.9054054054054054,
6,GAM,P_TPR95,0.20194546664285862,0.9594594594594594,0.19594594594594594,0.8040540540540541,
6,GAM,P_OPT,0.35754295196406577,0.9054054054054054,0.10135135135135136,0.8986486486486487,0.8040540540540541
6,RF,P_TPR70,0.6746210283226408,0.7432432432432432,0.07432432432432433,0.9256756756756757,
6,RF,P_TPR85,0.5210862329757077,0.8783783783783784,0.08783783783783784,0.9121621621621622,
6,RF,P_TPR95,0.3655482173673095,0.9594594594594594,0.12162162162162163,0.8783783783783784,
6,RF,P_OPT,0.4624940725048394,0.9459459459459459,0.10810810810810811,0.8918918918918919,0.8378378378378378
7,LR,P_TPR70,0.7133865940344019,0.7027027027027027,0.04054054054054054,0.9594594594594594,
7,LR,P_TPR85,0.5733445542644194,0.8648648648648649,0.060810810810810814,0.9391891891891891,
7,LR,P_TPR95,0.24989573796360676,0.9594594594594594,0.14189189189189189,0.8581081081081081,
7,LR,P_OPT,0.2957078305539722,0.9459459459459459,0.10810810810810811,0.8918918918918919,0.8378378378378378
7,GAM,P_TPR70,0.7281655867368085,0.7162162162162162,0.04054054054054054,0.9594594594594594,
7,GAM,P_TPR85,0.6278553837027002,0.8513513513513513,0.0472972972972973,0.9527027027027027,
7,GAM,P_TPR95,0.27500130954498586,0.9594594594594594,0.11486486486486487,0.8851351351351351,
7,GAM,P_OPT,0.27500130954498586,0.9594594594594594,0.11486486486486487,0.8851351351351351,0.8445945945945945
7,RF,P_TPR70,0.7656558161137111,0.7162162162162162,0.060810810810810814,0.9391891891891891,
7,RF,P_TPR85,0.6061668364612713,0.8783783783783784,0.08783783783783784,0.9121621621621622,
7,RF,P_TPR95,0.09600878788050618,0.9594594594594594,0.20270270270270271,0.7972972972972973,
7,RF,P_OPT,0.4210179364342906,0.9324324324324325,0.10135135135135136,0.8986486486486487,0.8310810810810811
8,LR,P_TPR70,0.5873437369225463,0.7162162162162162,0.02702702702702703,0.972972972972973,
8,LR,P_TPR85,0.3698603720067158,0.8783783783783784,0.08108108108108109,0.9189189189189189,
8,LR,P_TPR95,0.2079622216886301,0.9594594594594594,0.1554054054054054,0.8445945945945946,
8,LR,P_OPT,0.20633508013806348,0.9864864864864865,0.1554054054054054,0.8445945945945946,0.8310810810810811
8,GAM,P_TPR70,0.5681942248462156,0.7702702702702703,0.033783783783783786,0.9662162162162162,
8,GAM,P_TPR85,0.39202010111884755,0.8918918918918919,0.07432432432432433,0.9256756756756757,
8,GAM,P_TPR95,0.23994980330209426,0.972972972972973,0.12162162162162163,0.8783783783783784,
8,GAM,P_OPT,0.23994980330209426,0.972972972972973,0.12162162162162163,0.8783783783783784,0.8513513513513514
8,RF,P_TPR70,0.6703769244337604,0.7837837837837838,0.0472972972972973,0.9527027027027027,
8,RF,P_TPR85,0.5227401887351574,0.8648648648648649,0.06756756756756757,0.9324324324324325,
8,RF,P_TPR95,0.2617827585043397,0.9864864864864865,0.10135135135135136,0.8986486486486487,
8,RF,P_OPT,0.2617827585043397,0.9864864864864865,0.10135135135135136,0.8986486486486487,0.8851351351351352
9,LR,P_TPR70,0.6758682197986405,0.7567567567567568,0.04054054054054054,0.9594594594594594,
9,LR,P_TPR85,0.5033797407843266,0.8648648648648649,0.08108108108108109,0.9189189189189189,
9,LR,P_TPR95,0.28561846021183795,0.972972972972973,0.13513513513513514,0.8648648648648649,
9,LR,P_OPT,0.28561846021183795,0.972972972972973,0.13513513513513514,0.8648648648648649,0.8378378378378379
9,GAM,P_TPR70,0.675560045232778,0.7432432432432432,0.033783783783783786,0.9662162162162162,
9,GAM,P_TPR85,0.5449141407092858,0.8648648648648649,0.060810810810810814,0.9391891891891891,
9,GAM,P_TPR95,0.3267188395643466,0.9594594594594594,0.11486486486486487,0.8851351351351351,
9,GAM,P_OPT,0.3894280915152559,0.9459459459459459,0.08783783783783784,0.9121621621621622,0.8581081081081081
9,RF,P_TPR70,0.8047801780537343,0.7027027027027027,0.033783783783783786,0.9662162162162162,
9,RF,P_TPR85,0.6914772566317203,0.8918918918918919,0.07432432432432433,0.9256756756756757,
9,RF,P_TPR95,0.5262539602016668,0.9594594594594594,0.0945945945945946,0.9054054054054054,
9,RF,P_OPT,0.6313147304778006,0.9459459459459459,0.08108108108108109,0.9189189189189189,0.8648648648648649
10,LR,P_TPR70,0.7788642152081339,0.7027027027027027,0.0472972972972973,0.9527027027027027,
10,LR,P_TPR85,0.5117135244018862,0.8513513513513513,0.10135135135135136,0.8986486486486487,
10,LR,P_TPR95,0.23108827629807555,0.9594594594594594,0.25675675675675674,0.7432432432432432,
10,LR,P_OPT,0.41465064049115036,0.9054054054054054,0.12837837837837837,0.8716216216216216,0.777027027027027
10,GAM,P_TPR70,0.7250935124446126,0.7027027027027027,0.060810810810810814,0.9391891891891891,
10,GAM,P_TPR85,0.5702338766791647,0.8513513513513513,0.07432432432432433,0.9256756756756757,
10,GAM,P_TPR95,0.24402963921260798,0.9594594594594594,0.18243243243243243,0.8175675675675675,
10,GAM,P_OPT,0.4474314390526722,0.9054054054054054,0.0945945945945946,0.9054054054054054,0.8108108108108107
10,RF,P_TPR70,0.7681974205502213,0.7162162162162162,0.05405405405405406,0.9459459459459459,
10,RF,P_TPR85,0.5050757425958736,0.8648648648648649,0.12162162162162163,0.8783783783783784,
10,RF,P_TPR95,0.2513427275438086,0.972972972972973,0.16891891891891891,0.8310810810810811,
10,RF,P_OPT,0.19316425147025593,0.9864864864864865,0.16891891891891891,0.8310810810810811,0.8175675675675675
11,LR,P_TPR70,0.5875722194203734,0.7297297297297297,0.05405405405405406,0.9459459459459459,
11,LR,P_TPR85,0.3969214135809087,0.8513513513513513,0.10135135135135136,0.8986486486486487,
11,LR,P_TPR95,0.21087605908476062,0.972972972972973,0.20945945945945946,0.7905405405405406,
11,LR,P_OPT,0.32785703913087333,0.9324324324324325,0.12837837837837837,0.8716216216216216,0.8040540540540541
11,GAM,P_TPR70,0.6223314248303538,0.7162162162162162,0.0472972972972973,0.9527027027027027,
11,GAM,P_TPR85,0.40837223111500176,0.8513513513513513,0.08108108108108109,0.9189189189189189,
11,GAM,P_TPR95,0.24362763569796034,0.9594594594594594,0.18243243243243243,0.8175675675675675,
11,GAM,P_OPT,0.36212384883777027,0.9324324324324325,0.10810810810810811,0.8918918918918919,0.8243243243243243
11,RF,P_TPR70,0.7088483715650148,0.7162162162162162,0.05405405405405406,0.9459459459459459,
11,RF,P_TPR85,0.5806269505422484,0.8918918918918919,0.08108108108108109,0.9189189189189189,
11,RF,P_TPR95,0.44408118361434284,0.9594594594594594,0.10810810810810811,0.8918918918918919,
11,RF,P_OPT,0.40956965025105946,0.972972972972973,0.11486486486486487,0.8851351351351351,0.8581081081081081
12,LR,P_TPR70,0.6004514523040604,0.7162162162162162,0.06756756756756757,0.9324324324324325,
12,LR,P_TPR85,0.3895190236922742,0.8513513513513513,0.12837837837837837,0.8716216216216216,
12,LR,P_TPR95,0.20816381595022557,0.9864864864864865,0.21621621621621623,0.7837837837837838,
12,LR,P_OPT,0.19693386599013377,1.0,0.22297297297297297,0.777027027027027,0.777027027027027
12,GAM,P_TPR70,0.6248529648565118,0.7027027027027027,0.06756756756756757,0.9324324324324325,
12,GAM,P_TPR85,0.4410238551317684,0.8513513513513513,0.11486486486486487,0.8851351351351351,
12,GAM,P_TPR95,0.24485193773908695,0.9594594594594594,0.16891891891891891,0.8310810810810811,
12,GAM,P_OPT,0.22763711490040406,0.972972972972973,0.17567567567567569,0.8243243243243243,0.7972972972972974
12,RF,P_TPR70,0.6944551792551831,0.7297297297297297,0.05405405405405406,0.9459459459459459,
12,RF,P_TPR85,0.5489566639829733,0.8513513513513513,0.08783783783783784,0.9121621621621622,
12,RF,P_TPR95,0.32589300765527157,0.9594594594594594,0.1554054054054054,0.8445945945945946,
12,RF,P_OPT,0.27308363020278686,0.972972972972973,0.16891891891891891,0.8310810810810811,0.8040540540540542
13,LR,P_TPR70,0.6448734263307543,0.7432432432432432,0.05405405405405406,0.9459459459459459,
13,LR,P_TPR85,0.4584820737415207,0.8513513513513513,0.11486486486486487,0.8851351351351351,
13,LR,P_TPR95,0.22037563391997742,0.972972972972973,0.14864864864864866,0.8513513513513513,
13,LR,P_OPT,0.22037563391997742,0.972972972972973,0.14864864864864866,0.8513513513513513,0.8243243243243243
13,GAM,P_TPR70,0.6871362006360641,0.7162162162162162,0.060810810810810814,0.9391891891891891,
13,GAM,P_TPR85,0.5086531817054147,0.8513513513513513,0.11486486486486487,0.8851351351351351,
13,GAM,P_TPR95,0.24154298335927557,0.9594594594594594,0.14189189189189189,0.8581081081081081,
13,GAM,P_OPT,0.21316251605714337,0.972972972972973,0.14864864864864866,0.8513513513513513,0.8243243243243243
13,RF,P_TPR70,0.7155919007773615,0.7702702702702703,0.06756756756756757,0.9324324324324325,
13,RF,P_TPR85,0.6526795169913466,0.8513513513513513,0.0945945945945946,0.9054054054054054,
13,RF,P_TPR95,0.29923211475487044,0.9594594594594594,0.13513513513513514,0.8648648648648649,
13,RF,P_OPT,0.29923211475487044,0.9594594594594594,0.13513513513513514,0.8648648648648649,0.8243243243243243
14,LR,P_TPR70,0.6105408927336031,0.7027027027027027,0.08108108108108109,0.9189189189189189,
14,LR,P_TPR85,0.4060234928824064,0.8513513513513513,0.12162162162162163,0.8783783783783784,
14,LR,P_TPR95,0.1820656893872313,0.9594594594594594,0.20270270270270271,0.7972972972972973,
14,LR,P_OPT,0.28376779860831547,0.9324324324324325,0.14864864864864866,0.8513513513513513,0.7837837837837838
14,GAM,P_TPR70,0.6435098284127868,0.7162162162162162,0.07432432432432433,0.9256756756756757,
14,GAM,P_TPR85,0.44919408667225935,0.8513513513513513,0.10810810810810811,0.8918918918918919,
14,GAM,P_TPR95,0.19544575449930965,0.9594594594594594,0.1891891891891892,0.8108108108108107,
14,GAM,P_OPT,0.31926697042964736,0.9324324324324325,0.14189189189189189,0.8581081081081081,0.7905405405405406
14,RF,P_TPR70,0.6741642558735116,0.7432432432432432,0.08783783783783784,0.9121621621621622,
14,RF,P_TPR85,0.5355331815965774,0.918918918918919,0.10810810810810811,0.8918918918918919,
14,RF,P_TPR95,0.09857524925851481,0.9594594594594594,0.20270270270270271,0.7972972972972973,
14,RF,P_OPT,0.49812628006924475,0.9324324324324325,0.11486486486486487,0.8851351351351351,0.8175675675675675
15,LR,P_TPR70,0.5318297782023914,0.7162162162162162,0.05405405405405406,0.9459459459459459,
15,LR,P_TPR85,0.27156293050234037,0.8783783783783784,0.14189189189189189,0.8581081081081081,
15,LR,P_TPR95,0.2171373329401482,0.9594594594594594,0.18243243243243243,0.8175675675675675,
15,LR,P_OPT,0.22695419660795152,0.9459459459459459,0.16891891891891891,0.8310810810810811,0.777027027027027
15,GAM,P_TPR70,0.5534183055365904,0.7027027027027027,0.05405405405405406,0.9459459459459459,
15,GAM,P_TPR85,0.30849406400316803,0.8513513513513513,0.12837837837837837,0.8716216216216216,
15,GAM,P_TPR95,0.1939129945179399,0.972972972972973,0.1891891891891892,0.8108108108108107,
15,GAM,P_OPT,0.1939129945179399,0.972972972972973,0.1891891891891892,0.8108108108108107,0.7837837837837838
15,RF,P_TPR70,0.6762376347923331,0.7027027027027027,0.05405405405405406,0.9459459459459459,
15,RF,P_TPR85,0.438121002625906,0.8513513513513513,0.10810810810810811,0.8918918918918919,
15,RF,P_TPR95,0.17402448143888544,0.9594594594594594,0.14864864864864866,0.8513513513513513,
15,RF,P_OPT,0.17402448143888544,0.9594594594594594,0.14864864864864866,0.8513513513513513,0.8108108108108107
16,LR,P_TPR70,0.6291458068253677,0.7162162162162162,0.033783783783783786,0.9662162162162162,
16,LR,P_TPR85,0.4044482787668652,0.8648648648648649,0.08108108108108109,0.9189189189189189,
16,LR,P_TPR95,0.27928590297424044,0.9594594594594594,0.13513513513513514,0.8648648648648649,
16,LR,P_OPT,0.27928590297424044,0.9594594594594594,0.13513513513513514,0.8648648648648649,0.8243243243243243
16,GAM,P_TPR70,0.6385318190684901,0.7027027027027027,0.033783783783783786,0.9662162162162162,
16,GAM,P_TPR85,0.4584991892310283,0.8648648648648649,0.07432432432432433,0.9256756756756757,
16,GAM,P_TPR95,0.25870878651022994,0.9594594594594594,0.14189189189189189,0.8581081081081081,
16,GAM,P_OPT,0.25251038736880965,0.9864864864864865,0.1554054054054054,0.8445945945945946,0.8310810810810811
16,RF,P_TPR70,0.7273693964894534,0.7027027027027027,0.060810810810810814,0.9391891891891891,
16,RF,P_TPR85,0.5410932653803722,0.8783783783783784,0.10135135135135136,0.8986486486486487,
16,RF,P_TPR95,0.3863983366267858,0.9594594594594594,0.10135135135135136,0.8986486486486487,
16,RF,P_OPT,0.3863983366267858,0.9594594594594594,0.10135135135135136,0.8986486486486487,0.8581081081081081
17,LR,P_TPR70,0.6965432837012163,0.7432432432432432,0.06756756756756757,0.9324324324324325,
17,LR,P_TPR85,0.5115918276894915,0.8783783783783784,0.08108108108108109,0.9189189189189189,
17,LR,P_TPR95,0.23540023046322012,0.972972972972973,0.16216216216216217,0.8378378378378378,
17,LR,P_OPT,0.37460027157117004,0.9324324324324325,0.10135135135135136,0.8986486486486487,0.8310810810810811
17,GAM,P_TPR70,0.7419465796571096,0.7027027027027027,0.05405405405405406,0.9459459459459459,
17,GAM,P_TPR85,0.5235374711889325,0.8783783783783784,0.08108108108108109,0.9189189189189189,
17,GAM,P_TPR95,0.26736793336455883,0.972972972972973,0.11486486486486487,0.8851351351351351,
17,GAM,P_OPT,0.26736793336455883,0.972972972972973,0.11486486486486487,0.8851351351351351,0.8581081081081081
17,RF,P_TPR70,0.7752589759324151,0.7027027027027027,0.0472972972972973,0.9527027027027027,
17,RF,P_TPR85,0.6254630171599986,0.8513513513513513,0.07432432432432433,0.9256756756756757,
17,RF,P_TPR95,0.3654566674258422,0.972972972972973,0.0945945945945946,0.9054054054054054,
17,RF,P_OPT,0.3654566674258422,0.972972972972973,0.0945945945945946,0.9054054054054054,0.8783783783783784
18,LR,P_TPR70,0.6895403227435535,0.7432432432432432,0.033783783783783786,0.9662162162162162,
18,LR,P_TPR85,0.4850240160134966,0.8513513513513513,0.060810810810810814,0.9391891891891891,
18,LR,P_TPR95,0.2127693187790373,0.9594594594594594,0.13513513513513514,0.8648648648648649,
18,LR,P_OPT,0.3588306052008643,0.9054054054054054,0.07432432432432433,0.9256756756756757,0.831081081081081
18,GAM,P_TPR70,0.679088411271529,0.7297297297297297,0.04054054054054054,0.9594594594594594,
18,GAM,P_TPR85,0.37980559874517583,0.9054054054054054,0.060810810810810814,0.9391891891891891,
18,GAM,P_TPR95,0.20051993130953552,0.9594594594594594,0.16216216216216217,0.8378378378378378,
18,GAM,P_OPT,0.37980559874517583,0.9054054054054054,0.060810810810810814,0.9391891891891891,0.8445945945945945
18,RF,P_TPR70,0.6334697475466008,0.7567567567567568,0.05405405405405406,0.9459459459459459,
18,RF,P_TPR85,0.5588525480237739,0.8783783783783784,0.060810810810810814,0.9391891891891891,
18,RF,P_TPR95,0.29537370566119303,0.9594594594594594,0.08783783783783784,0.9121621621621622,
18,RF,P_OPT,0.29537370566119303,0.9594594594594594,0.08783783783783784,0.9121621621621622,0.8716216216216216
19,LR,P_TPR70,0.5200734798872813,0.7027027027027027,0.08108108108108109,0.9189189189189189,
19,LR,P_TPR85,0.37639942720507114,0.8783783783783784,0.12162162162162163,0.8783783783783784,
19,LR,P_TPR95,0.25551578914429074,0.9594594594594594,0.17567567567567569,0.8243243243243243,
19,LR,P_OPT,0.3029215936236775,0.9459459459459459,0.16216216216216217,0.8378378378378378,0.7837837837837838
19,GAM,P_TPR70,0.5397103058325493,0.7162162162162162,0.0945945945945946,0.9054054054054054,
19,GAM,P_TPR85,0.41016725910797874,0.8513513513513513,0.13513513513513514,0.8648648648648649,
19,GAM,P_TPR95,0.2810535282073845,0.9594594594594594,0.16891891891891891,0.8310810810810811,
19,GAM,P_OPT,0.3214696527750521,0.9459459459459459,0.1554054054054054,0.8445945945945946,0.7905405405405406
19,RF,P_TPR70,0.620052007152069,0.7162162162162162,0.12162162162162163,0.8783783783783784,
19,RF,P_TPR85,0.5015707805970558,0.8648648648648649,0.14189189189189189,0.8581081081081081,
19,RF,P_TPR95,0.3939752257048078,0.9594594594594594,0.1554054054054054,0.8445945945945946,
19,RF,P_OPT,0.3939752257048078,0.9594594594594594,0.1554054054054054,0.8445945945945946,0.8040540540540541
20,LR,P_TPR70,0.6078494191171345,0.7162162162162162,0.06756756756756757,0.9324324324324325,
20,LR,P_TPR85,0.3704113631824532,0.8513513513513513,0.12162162162162163,0.8783783783783784,
20,LR,P_TPR95,0.19919148024276387,0.9594594594594594,0.1891891891891892,0.8108108108108107,
20,LR,P_OPT,0.15573630405144864,0.9864864864864865,0.20945945945945946,0.7905405405405406,0.7770270270270271
20,GAM,P_TPR70,0.6418145970232537,0.7027027027027027,0.060810810810810814,0.9391891891891891,
20,GAM,P_TPR85,0.4034993818129646,0.8513513513513513,0.10810810810810811,0.8918918918918919,
20,GAM,P_TPR95,0.16600478588027529,0.9864864864864865,0.1891891891891892,0.8108108108108107,
20,GAM,P_OPT,0.2561646501972975,0.9459459459459459,0.13513513513513514,0.8648648648648649,0.8108108108108107
20,RF,P_TPR70,0.6879946586633674,0.7567567567567568,0.07432432432432433,0.9256756756756757,
20,RF,P_TPR85,0.5373948418605814,0.8513513513513513,0.08783783783783784,0.9121621621621622,
20,RF,P_TPR95,0.31752185315592296,0.9594594594594594,0.10810810810810811,0.8918918918918919,
20,RF,P_OPT,0.31752185315592296,0.9594594594594594,0.10810810810810811,0.8918918918918919,0.8513513513513513
21,LR,P_TPR70,0.6954243548225293,0.7027027027027027,0.07432432432432433,0.9256756756756757,
21,LR,P_TPR85,0.34996280229649573,0.8783783783783784,0.12162162162162163,0.8783783783783784,
21,LR,P_TPR95,0.1970997218429882,0.9594594594594594,0.1891891891891892,0.8108108108108107,
21,LR,P_OPT,0.2556773331619188,0.9324324324324325,0.13513513513513514,0.8648648648648649,0.7972972972972974
21,GAM,P_TPR70,0.656376978436449,0.7297297297297297,0.08108108108108109,0.9189189189189189,
21,GAM,P_TPR85,0.37285127932421286,0.8648648648648649,0.10810810810810811,0.8918918918918919,
21,GAM,P_TPR95,0.18149493492834962,0.972972972972973,0.20270270270270271,0.7972972972972973,
21,GAM,P_OPT,0.2540127497857609,0.9459459459459459,0.14864864864864866,0.8513513513513513,0.7972972972972973
21,RF,P_TPR70,0.7259481797246778,0.7297297297297297,0.07432432432432433,0.9256756756756757,
21,RF,P_TPR85,0.59871164362443,0.8648648648648649,0.0945945945945946,0.9054054054054054,
21,RF,P_TPR95,0.4043317425457021,0.9594594594594594,0.11486486486486487,0.8851351351351351,
21,RF,P_OPT,0.330105623216939,0.972972972972973,0.12837837837837837,0.8716216216216216,0.8445945945945946
22,LR,P_TPR70,0.633777989679913,0.7432432432432432,0.04054054054054054,0.9594594594594594,
22,LR,P_TPR85,0.4901380455672048,0.8513513513513513,0.060810810810810814,0.9391891891891891,
22,LR,P_TPR95,0.25383389844430687,0.972972972972973,0.1554054054054054,0.8445945945945946,
22,LR,P_OPT,0.3747416150772828,0.9324324324324325,0.0945945945945946,0.9054054054054054,0.8378378378378378
22,GAM,P_TPR70,0.6742704615068316,0.7432432432432432,0.033783783783783786,0.9662162162162162,
22,GAM,P_TPR85,0.5302514172134227,0.8513513513513513,0.05405405405405406,0.9459459459459459,
22,GAM,P_TPR95,0.27908368898750935,0.9594594594594594,0.14189189189189189,0.8581081081081081,
22,GAM,P_OPT,0.41183056648319916,0.9324324324324325,0.07432432432432433,0.9256756756756757,0.8581081081081081
22,RF,P_TPR70,0.7770439472828283,0.7702702702702703,0.033783783783783786,0.9662162162162162,
22,RF,P_TPR85,0.6936772019014382,0.8918918918918919,0.04054054054054054,0.9594594594594594,
22,RF,P_TPR95,0.39568340154737147,0.9594594594594594,0.11486486486486487,0.8851351351351351,
22,RF,P_OPT,0.6733644248744639,0.9054054054054054,0.0472972972972973,0.9527027027027027,0.8581081081081081
23,LR,P_TPR70,0.5189430004641914,0.7702702702702703,0.060810810810810814,0.9391891891891891,
23,LR,P_TPR85,0.38111148025005137,0.8648648648648649,0.08783783783783784,0.9121621621621622,
23,LR,P_TPR95,0.24598889867066262,0.9594594594594594,0.13513513513513514,0.8648648648648649,
23,LR,P_OPT,0.2172988841390761,0.9864864864864865,0.14864864864864866,0.8513513513513513,0.8378378378378378
23,GAM,P_TPR70,0.4939861729627891,0.7837837837837838,0.060810810810810814,0.9391891891891891,
23,GAM,P_TPR85,0.3899696145636213,0.8513513513513513,0.0945945945945946,0.9054054054054054,
23,GAM,P_TPR95,0.25851231792042884,0.972972972972973,0.12162162162162163,0.8783783783783784,
23,GAM,P_OPT,0.25851231792042884,0.972972972972973,0.12162162162162163,0.8783783783783784,0.8513513513513514
23,RF,P_TPR70,0.7271833582148388,0.7027027027027027,0.04054054054054054,0.9594594594594594,
23,RF,P_TPR85,0.6629188403378313,0.8648648648648649,0.0472972972972973,0.9527027027027027,
23,RF,P_TPR95,0.38105177680091235,0.972972972972973,0.10810810810810811,0.8918918918918919,
23,RF,P_OPT,0.38105177680091235,0.972972972972973,0.10810810810810811,0.8918918918918919,0.8648648648648649
24,LR,P_TPR70,0.6414717013949246,0.7027027027027027,0.04054054054054054,0.9594594594594594,
24,LR,P_TPR85,0.4189332041365825,0.8513513513513513,0.12837837837837837,0.8716216216216216,
24,LR,P_TPR95,0.2876135123331162,0.972972972972973,0.18243243243243243,0.8175675675675675,
24,LR,P_OPT,0.2876135123331162,0.972972972972973,0.18243243243243243,0.8175675675675675,0.7905405405405406
24,GAM,P_TPR70,0.5800198103553527,0.7432432432432432,0.0472972972972973,0.9527027027027027,
24,GAM,P_TPR85,0.46140567599516275,0.8513513513513513,0.08783783783783784,0.9121621621621622,
24,GAM,P_TPR95,0.29280089771779716,0.9594594594594594,0.18243243243243243,0.8175675675675675,
24,GAM,P_OPT,0.4106405103463101,0.918918918918919,0.11486486486486487,0.8851351351351351,0.8040540540540541
24,RF,P_TPR70,0.6705518458137946,0.7027027027027027,0.08108108108108109,0.9189189189189189,
24,RF,P_TPR85,0.5120833803806305,0.9054054054054054,0.10810810810810811,0.8918918918918919,
24,RF,P_TPR95,0.45578800633298483,0.9594594594594594,0.13513513513513514,0.8648648648648649,
24,RF,P_OPT,0.45578800633298483,0.9594594594594594,0.13513513513513514,0.8648648648648649,0.8243243243243243
25,LR,P_TPR70,0.7559711949213171,0.7027027027027027,0.033783783783783786,0.9662162162162162,
25,LR,P_TPR85,0.4232837696368303,0.8648648648648649,0.0945945945945946,0.9054054054054054,
25,LR,P_TPR95,0.1824722384657293,0.9594594594594594,0.20945945945945946,0.7905405405405406,
25,LR,P_OPT,0.2953700706732296,0.918918918918919,0.12837837837837837,0.8716216216216216,0.7905405405405406
25,GAM,P_TPR70,0.7369790582642093,0.7297297297297297,0.033783783783783786,0.9662162162162162,
25,GAM,P_TPR85,0.4322737597899877,0.8648648648648649,0.08783783783783784,0.9121621621621622,
25,GAM,P_TPR95,0.17234551967966893,0.9594594594594594,0.20270270270270271,0.7972972972972973,
25,GAM,P_OPT,0.5468673708768025,0.8378378378378378,0.05405405405405406,0.9459459459459459,0.7837837837837838
25,RF,P_TPR70,0.6734539270790051,0.7837837837837838,0.033783783783783786,0.9662162162162162,
25,RF,P_TPR85,0.5942914760423871,0.8513513513513513,0.07432432432432433,0.9256756756756757,
25,RF,P_TPR95,0.12762023912104417,0.9594594594594594,0.20270270270270271,0.7972972972972973,
25,RF,P_OPT,0.4421199726444234,0.9324324324324325,0.11486486486486487,0.8851351351351351,0.8175675675675675
26,LR,P_TPR70,0.5937109577942344,0.7297297297297297,0.04054054054054054,0.9594594594594594,
26,LR,P_TPR85,0.3519249966503304,0.8783783783783784,0.12162162162162163,0.8783783783783784,
26,LR,P_TPR95,0.20377816428989246,0.972972972972973,0.18243243243243243,0.8175675675675675,
26,LR,P_OPT,0.20377816428989246,0.972972972972973,0.18243243243243243,0.8175675675675675,0.7905405405405406
26,GAM,P_TPR70,0.62874155657663,0.7297297297297297,0.033783783783783786,0.9662162162162162,
26,GAM,P_TPR85,0.3947338361546175,0.8648648648648649,0.10135135135135136,0.8986486486486487,
26,GAM,P_TPR95,0.20448811286199467,0.9594594594594594,0.17567567567567569,0.8243243243243243,
26,GAM,P_OPT,0.16977552504621232,0.9864864864864865,0.1891891891891892,0.8108108108108107,0.7972972972972974
26,RF,P_TPR70,0.625578417831984,0.8243243243243243,0.0472972972972973,0.9527027027027027,
26,RF,P_TPR85,0.5351639557212795,0.8513513513513513,0.06756756756756757,0.9324324324324325,
26,RF,P_TPR95,0.17517045850791443,0.9594594594594594,0.12837837837837837,0.8716216216216216,
26,RF,P_OPT,0.17517045850791443,0.9594594594594594,0.12837837837837837,0.8716216216216216,0.831081081081081
27,LR,P_TPR70,0.49740902845450946,0.7432432432432432,0.05405405405405406,0.9459459459459459,
27,LR,P_TPR85,0.3368124759408876,0.8648648648648649,0.10135135135135136,0.8986486486486487,
27,LR,P_TPR95,0.1566635033710721,0.9594594594594594,0.18243243243243243,0.8175675675675675,
27,LR,P_OPT,0.18631050739308272,0.9459459459459459,0.16891891891891891,0.8310810810810811,0.777027027027027
27,GAM,P_TPR70,0.5315089925581351,0.7432432432432432,0.05405405405405406,0.9459459459459459,
27,GAM,P_TPR85,0.3658372401955122,0.8648648648648649,0.08783783783783784,0.9121621621621622,
27,GAM,P_TPR95,0.1591191426081303,0.9594594594594594,0.17567567567567569,0.8243243243243243,
27,GAM,P_OPT,0.2095185345257824,0.9324324324324325,0.14189189189189189,0.8581081081081081,0.7905405405405406
27,RF,P_TPR70,0.5322598117668208,0.8108108108108109,0.08108108108108109,0.9189189189189189,
27,RF,P_TPR85,0.35194279833144676,0.9054054054054054,0.08783783783783784,0.9121621621621622,
27,RF,P_TPR95,0.03425709308612533,0.9594594594594594,0.25,0.75,
27,RF,P_OPT,0.35194279833144676,0.9054054054054054,0.08783783783783784,0.9121621621621622,0.8175675675675675
28,LR,P_TPR70,0.6445406743930233,0.7297297297297297,0.02702702702702703,0.972972972972973,
28,LR,P_TPR85,0.47260166620490873,0.8513513513513513,0.08783783783783784,0.9121621621621622,
28,LR,P_TPR95,0.25968916905584116,0.9594594594594594,0.16891891891891891,0.8310810810810811,
28,LR,P_OPT,0.25968916905584116,0.9594594594594594,0.16891891891891891,0.8310810810810811,0.7905405405405406
28,GAM,P_TPR70,0.5951259051544749,0.7432432432432432,0.033783783783783786,0.9662162162162162,
28,GAM,P_TPR85,0.4490290233660253,0.8783783783783784,0.0945945945945946,0.9054054054054054,
28,GAM,P_TPR95,0.2609840360822484,0.9594594594594594,0.16216216216216217,0.8378378378378378,
28,GAM,P_OPT,0.30733531176825973,0.9459459459459459,0.13513513513513514,0.8648648648648649,0.8108108108108107
28,RF,P_TPR70,0.6906966302202343,0.7297297297297297,0.0472972972972973,0.9527027027027027,
28,RF,P_TPR85,0.5724424819974814,0.8648648648648649,0.08108108108108109,0.9189189189189189,
28,RF,P_TPR95,0.4173849514972548,0.9594594594594594,0.12837837837837837,0.8716216216216216,
28,RF,P_OPT,0.3505293210397622,0.972972972972973,0.13513513513513514,0.8648648648648649,0.8378378378378379
29,LR,P_TPR70,0.5493016938436509,0.7027027027027027,0.0472972972972973,0.9527027027027027,
29,LR,P_TPR85,0.36353865066928825,0.8648648648648649,0.08108108108108109,0.9189189189189189,
29,LR,P_TPR95,0.21626908847945667,0.9594594594594594,0.16891891891891891,0.8310810810810811,
29,LR,P_OPT,0.24603626638496254,0.9324324324324325,0.12837837837837837,0.8716216216216216,0.8040540540540541
29,GAM,P_TPR70,0.5697968806302737,0.7027027027027027,0.04054054054054054,0.9594594594594594,
29,GAM,P_TPR85,0.3652194497835177,0.8783783783783784,0.06756756756756757,0.9324324324324325,
29,GAM,P_TPR95,0.2258847984202921,0.9594594594594594,0.1554054054054054,0.8445945945945946,
29,GAM,P_OPT,0.2506516197650843,0.9459459459459459,0.11486486486486487,0.8851351351351351,0.831081081081081
29,RF,P_TPR70,0.679098885186612,0.7027027027027027,0.05405405405405406,0.9459459459459459,
29,RF,P_TPR85,0.43764732362028075,0.8513513513513513,0.08783783783783784,0.9121621621621622,
29,RF,P_TPR95,0.23190425589733374,0.9594594594594594,0.10810810810810811,0.8918918918918919,
29,RF,P_OPT,0.23190425589733374,0.9594594594594594,0.10810810810810811,0.8918918918918919,0.8513513513513513
30,LR,P_TPR70,0.742271988046277,0.7027027027027027,0.02027027027027027,0.9797297297297297,
30,LR,P_TPR85,0.5156796359381244,0.8918918918918919,0.10135135135135136,0.8986486486486487,
30,LR,P_TPR95,0.2703433777539341,0.9594594594594594,0.14864864864864866,0.8513513513513513,
30,LR,P_OPT,0.3856269725713921,0.9324324324324325,0.11486486486486487,0.8851351351351351,0.8175675675675675
30,GAM,P_TPR70,0.7472856613169543,0.7162162162162162,0.02702702702702703,0.972972972972973,
30,GAM,P_TPR85,0.46867449411080325,0.8918918918918919,0.10135135135135136,0.8986486486486487,
30,GAM,P_TPR95,0.2260915085386258,0.9864864864864865,0.1554054054054054,0.8445945945945946,
30,GAM,P_OPT,0.2260915085386258,0.9864864864864865,0.1554054054054054,0.8445945945945946,0.8310810810810811
30,RF,P_TPR70,0.737215484958356,0.7567567567567568,0.0472972972972973,0.9527027027027027,
30,RF,P_TPR85,0.701440725562707,0.8513513513513513,0.060810810810810814,0.9391891891891891,
30,RF,P_TPR95,0.42735144022644045,0.9594594594594594,0.12837837837837837,0.8716216216216216,
30,RF,P_OPT,0.18092589409737753,0.9864864864864865,0.1554054054054054,0.8445945945945946,0.8310810810810811
31,LR,P_TPR70,0.4945608602894189,0.7702702702702703,0.13513513513513514,0.8648648648648649,
31,LR,P_TPR85,0.3618403027299895,0.8513513513513513,0.16216216216216217,0.8378378378378378,
31,LR,P_TPR95,0.1485132299752648,0.9594594594594594,0.22972972972972974,0.7702702702702703,
31,LR,P_OPT,0.2837997816712678,0.9054054054054054,0.17567567567567569,0.8243243243243243,0.7297297297297297
31,GAM,P_TPR70,0.5783960280349445,0.7432432432432432,0.12162162162162163,0.8783783783783784,
31,GAM,P_TPR85,0.4061046733519177,0.8513513513513513,0.16216216216216217,0.8378378378378378,
31,GAM,P_TPR95,0.15632888028570632,0.9594594594594594,0.22297297297297297,0.777027027027027,
31,GAM,P_OPT,0.15632888028570632,0.9594594594594594,0.22297297297297297,0.777027027027027,0.7364864864864864
31,RF,P_TPR70,0.7252252279154524,0.7162162162162162,0.12837837837837837,0.8716216216216216,
31,RF,P_TPR85,0.4918214353487936,0.8918918918918919,0.1554054054054054,0.8445945945945946,
31,RF,P_TPR95,0.023063183004359476,0.9594594594594594,0.3783783783783784,0.6216216216216216,
31,RF,P_OPT,0.3466605274750142,0.918918918918919,0.16216216216216217,0.8378378378378378,0.7567567567567568
32,LR,P_TPR70,0.6012344478343206,0.7027027027027027,0.0472972972972973,0.9527027027027027,
32,LR,P_TPR85,0.3885660295701443,0.8648648648648649,0.07432432432432433,0.9256756756756757,
32,LR,P_TPR95,0.22448461881141243,0.972972972972973,0.13513513513513514,0.8648648648648649,
32,LR,P_OPT,0.22448461881141243,0.972972972972973,0.13513513513513514,0.8648648648648649,0.8378378378378379
32,GAM,P_TPR70,0.5889786926985769,0.7297297297297297,0.04054054054054054,0.9594594594594594,
32,GAM,P_TPR85,0.3826085704723673,0.8783783783783784,0.07432432432432433,0.9256756756756757,
32,GAM,P_TPR95,0.24172324078162863,0.972972972972973,0.11486486486486487,0.8851351351351351,
32,GAM,P_OPT,0.24172324078162863,0.972972972972973,0.11486486486486487,0.8851351351351351,0.8581081081081081
32,RF,P_TPR70,0.5283381030078115,0.9054054054054054,0.06756756756756757,0.9324324324324325,
32,RF,P_TPR85,0.5283381030078115,0.9054054054054054,0.06756756756756757,0.9324324324324325,
32,RF,P_TPR95,0.3559122463268684,0.972972972972973,0.08783783783783784,0.9121621621621622,
32,RF,P_OPT,0.3559122463268684,0.972972972972973,0.08783783783783784,0.9121621621621622,0.8851351351351352
33,LR,P_TPR70,0.5966876065163551,0.7297297297297297,0.04054054054054054,0.9594594594594594,
33,LR,P_TPR85,0.4875420573356191,0.8783783783783784,0.060810810810810814,0.9391891891891891,
33,LR,P_TPR95,0.3811766728536443,0.9594594594594594,0.10135135135135136,0.8986486486486487,
33,LR,P_OPT,0.35467781583177405,1.0,0.10810810810810811,0.8918918918918919,0.8918918918918919
33,GAM,P_TPR70,0.624168779886197,0.7432432432432432,0.033783783783783786,0.9662162162162162,
33,GAM,P_TPR85,0.549866965860351,0.8513513513513513,0.04054054054054054,0.9594594594594594,
33,GAM,P_TPR95,0.42064304074938075,0.972972972972973,0.07432432432432433,0.9256756756756757,
33,GAM,P_OPT,0.4038957096420584,1.0,0.08108108108108109,0.9189189189189189,0.9189189189189189
33,RF,P_TPR70,0.6843746617135784,0.7162162162162162,0.02702702702702703,0.972972972972973,
33,RF,P_TPR85,0.5617008662638191,0.8513513513513513,0.060810810810810814,0.9391891891891891,
33,RF,P_TPR95,0.4484642170425109,0.9594594594594594,0.06756756756756757,0.9324324324324325,
33,RF,P_OPT,0.30153756157158257,1.0,0.10135135135135136,0.8986486486486487,0.8986486486486487
34,LR,P_TPR70,0.6703522110618513,0.7027027027027027,0.0472972972972973,0.9527027027027027,
34,LR,P_TPR85,0.4026297681662984,0.8648648648648649,0.0945945945945946,0.9054054054054054,
34,LR,P_TPR95,0.17692067837666875,0.9594594594594594,0.1891891891891892,0.8108108108108107,
34,LR,P_OPT,0.2257934617824481,0.9459459459459459,0.16216216216216217,0.8378378378378378,0.7837837837837838
34,GAM,P_TPR70,0.7102402347218133,0.7027027027027027,0.04054054054054054,0.9594594594594594,
34,GAM,P_TPR85,0.4010645319918612,0.8648648648648649,0.0945945945945946,0.9054054054054054,
34,GAM,P_TPR95,0.19284804023549598,0.9594594594594594,0.1891891891891892,0.8108108108108107,
34,GAM,P_OPT,0.2379739499494405,0.9324324324324325,0.14189189189189189,0.8581081081081081,0.7905405405405406
34,RF,P_TPR70,0.7433425792051955,0.7837837837837838,0.033783783783783786,0.9662162162162162,
34,RF,P_TPR85,0.5200237550663673,0.8513513513513513,0.08783783783783784,0.9121621621621622,
34,RF,P_TPR95,0.1907719847908535,0.9594594594594594,0.12837837837837837,0.8716216216216216,
34,RF,P_OPT,0.30561840021654296,0.9324324324324325,0.0945945945945946,0.9054054054054054,0.8378378378378378
35,LR,P_TPR70,0.6058697243341379,0.7432432432432432,0.02702702702702703,0.972972972972973,
35,LR,P_TPR85,0.40811731469513535,0.8648648648648649,0.0945945945945946,0.9054054054054054,
35,LR,P_TPR95,0.25197543450348,0.972972972972973,0.17567567567567569,0.8243243243243243,
35,LR,P_OPT,0.3101197131725193,0.9459459459459459,0.14189189189189189,0.8581081081081081,0.8040540540540541
35,GAM,P_TPR70,0.5885991336586722,0.7702702702702703,0.02702702702702703,0.972972972972973,
35,GAM,P_TPR85,0.3870833460138842,0.8513513513513513,0.08783783783783784,0.9121621621621622,
35,GAM,P_TPR95,0.25959460908170534,0.9594594594594594,0.16216216216216217,0.8378378378378378,
35,GAM,P_OPT,0.33811053737771196,0.918918918918919,0.10810810810810811,0.8918918918918919,0.8108108108108109
35,RF,P_TPR70,0.6079495210411338,0.7972972972972973,0.060810810810810814,0.9391891891891891,
35,RF,P_TPR85,0.5733385497819501,0.8513513513513513,0.06756756756756757,0.9324324324324325,
35,RF,P_TPR95,0.286067470637296,0.9594594594594594,0.12162162162162163,0.8783783783783784,
35,RF,P_OPT,0.49973455745635387,0.9054054054054054,0.06756756756756757,0.9324324324324325,0.8378378378378378
36,LR,P_TPR70,0.4750867365425954,0.7432432432432432,0.12837837837837837,0.8716216216216216,
36,LR,P_TPR85,0.3406105391488624,0.8783783783783784,0.16891891891891891,0.8310810810810811,
36,LR,P_TPR95,0.2007534965101762,0.9594594594594594,0.24324324324324326,0.7567567567567568,
36,LR,P_OPT,0.2522045408759459,0.918918918918919,0.19594594594594594,0.8040540540540541,0.722972972972973
36,GAM,P_TPR70,0.5507040285744282,0.7027027027027027,0.10135135135135136,0.8986486486486487,
36,GAM,P_TPR85,0.3877244987503957,0.8783783783783784,0.16216216216216217,0.8378378378378378,
36,GAM,P_TPR95,0.19174208008156393,0.9594594594594594,0.24324324324324326,0.7567567567567568,
36,GAM,P_OPT,0.24803394336938503,0.9324324324324325,0.20270270270270271,0.7972972972972973,0.7297297297297297
36,RF,P_TPR70,0.5704656647304831,0.7432432432432432,0.10810810810810811,0.8918918918918919,
36,RF,P_TPR85,0.48499655619788806,0.8783783783783784,0.14189189189189189,0.8581081081081081,
36,RF,P_TPR95,0.09828368805082754,0.9594594594594594,0.27702702702702703,0.722972972972973,
36,RF,P_OPT,0.48059024862076993,0.9054054054054054,0.14864864864864866,0.8513513513513513,0.7567567567567567
37,LR,P_TPR70,0.7633055931483914,0.7027027027027027,0.06756756756756757,0.9324324324324325,
37,LR,P_TPR85,0.42866540550118476,0.8783783783783784,0.12162162162162163,0.8783783783783784,
37,LR,P_TPR95,0.25863438878633777,0.9594594594594594,0.16216216216216217,0.8378378378378378,
37,LR,P_OPT,0.25863438878633777,0.9594594594594594,0.16216216216216217,0.8378378378378378,0.7972972972972973
37,GAM,P_TPR70,0.6626972767677684,0.7567567567567568,0.06756756756756757,0.9324324324324325,
37,GAM,P_TPR85,0.4369724966353528,0.8918918918918919,0.10135135135135136,0.8986486486486487,
37,GAM,P_TPR95,0.17447059615701052,0.9594594594594594,0.22972972972972974,0.7702702702702703,
37,GAM,P_OPT,0.3057733062086121,0.9459459459459459,0.14864864864864866,0.8513513513513513,0.7972972972972973
37,RF,P_TPR70,0.81406613034388,0.7027027027027027,0.06756756756756757,0.9324324324324325,
37,RF,P_TPR85,0.7159796702722447,0.8513513513513513,0.08783783783783784,0.9121621621621622,
37,RF,P_TPR95,0.10537689245738789,0.9594594594594594,0.2635135135135135,0.7364864864864865,
37,RF,P_OPT,0.5228417878046272,0.9054054054054054,0.12162162162162163,0.8783783783783784,0.7837837837837838
38,LR,P_TPR70,0.5828765976079657,0.7027027027027027,0.02027027027027027,0.9797297297297297,
38,LR,P_TPR85,0.3142735603384335,0.9054054054054054,0.06756756756756757,0.9324324324324325,
38,LR,P_TPR95,0.24149447410647942,0.9594594594594594,0.10810810810810811,0.8918918918918919,
38,LR,P_OPT,0.2663938563942893,0.9459459459459459,0.08783783783783784,0.9121621621621622,0.8581081081081081
38,GAM,P_TPR70,0.5982928203037831,0.7162162162162162,0.02027027027027027,0.9797297297297297,
38,GAM,P_TPR85,0.36282625812743075,0.8513513513513513,0.060810810810810814,0.9391891891891891,
38,GAM,P_TPR95,0.24484233071905034,0.9594594594594594,0.10135135135135136,0.8986486486486487,
38,GAM,P_OPT,0.21920810563974602,0.9864864864864865,0.10810810810810811,0.8918918918918919,0.8783783783783784
38,RF,P_TPR70,0.6904414413160548,0.7027027027027027,0.033783783783783786,0.9662162162162162,
38,RF,P_TPR85,0.542223435912416,0.8513513513513513,0.06756756756756757,0.9324324324324325,
38,RF,P_TPR95,0.3541698098479495,0.9594594594594594,0.10135135135135136,0.8986486486486487,
38,RF,P_OPT,0.31911308385865045,0.9864864864864865,0.10810810810810811,0.8918918918918919,0.8783783783783784
39,LR,P_TPR70,0.7467586854207386,0.7027027027027027,0.060810810810810814,0.9391891891891891,
39,LR,P_TPR85,0.5358116255545304,0.8513513513513513,0.07432432432432433,0.9256756756756757,
39,LR,P_TPR95,0.3415781469969565,0.9594594594594594,0.12837837837837837,0.8716216216216216,
39,LR,P_OPT,0.3680502520018616,0.9459459459459459,0.10135135135135136,0.8986486486486487,0.8445945945945946
39,GAM,P_TPR70,0.7519549945812503,0.7027027027027027,0.06756756756756757,0.9324324324324325,
39,GAM,P_TPR85,0.570255008056891,0.8513513513513513,0.06756756756756757,0.9324324324324325,
39,GAM,P_TPR95,0.2959747283323007,0.9594594594594594,0.1554054054054054,0.8445945945945946,
39,GAM,P_OPT,0.39529974791148487,0.9459459459459459,0.10135135135135136,0.8986486486486487,0.8445945945945946
39,RF,P_TPR70,0.7686754019435841,0.7297297297297297,0.060810810810810814,0.9391891891891891,
39,RF,P_TPR85,0.6278897812282277,0.8648648648648649,0.08783783783783784,0.9121621621621622,
39,RF,P_TPR95,0.5307545969805607,0.9594594594594594,0.10135135135135136,0.8986486486486487,
39,RF,P_OPT,0.5307545969805607,0.9594594594594594,0.10135135135135136,0.8986486486486487,0.8581081081081081
40,LR,P_TPR70,0.6136635645202008,0.7297297297297297,0.05405405405405406,0.9459459459459459,
40,LR,P_TPR85,0.27532394158852586,0.8783783783783784,0.13513513513513514,0.8648648648648649,
40,LR,P_TPR95,0.15322126402047748,0.9594594594594594,0.23648648648648649,0.7635135135135135,
40,LR,P_OPT,0.23082648933656716,0.918918918918919,0.14864864864864866,0.8513513513513513,0.7702702702702703
40,GAM,P_TPR70,0.6023580540378123,0.7162162162162162,0.05405405405405406,0.9459459459459459,
40,GAM,P_TPR85,0.34828342645287896,0.8648648648648649,0.10810810810810811,0.8918918918918919,
40,GAM,P_TPR95,0.15166622956364073,0.9594594594594594,0.20945945945945946,0.7905405405405406,
40,GAM,P_OPT,0.21462000536888387,0.9324324324324325,0.14189189189189189,0.8581081081081081,0.7905405405405406
40,RF,P_TPR70,0.7015475146122683,0.7027027027027027,0.05405405405405406,0.9459459459459459,
40,RF,P_TPR85,0.4619703684451301,0.8918918918918919,0.08108108108108109,0.9189189189189189,
40,RF,P_TPR95,0.036411340752171964,0.9594594594594594,0.3108108108108108,0.6891891891891893,
40,RF,P_OPT,0.4198425326923389,0.9054054054054054,0.08783783783783784,0.9121621621621622,0.8175675675675675
41,LR,P_TPR70,0.6204884275547524,0.7027027027027027,0.013513513513513514,0.9864864864864865,
41,LR,P_TPR85,0.33169579291267753,0.8513513513513513,0.0472972972972973,0.9527027027027027,
41,LR,P_TPR95,0.1772944691519872,0.972972972972973,0.12837837837837837,0.8716216216216216,
41,LR,P_OPT,0.1772944691519872,0.972972972972973,0.12837837837837837,0.8716216216216216,0.8445945945945946
41,GAM,P_TPR70,0.5888377007201677,0.7432432432432432,0.013513513513513514,0.9864864864864865,
41,GAM,P_TPR85,0.367577319147461,0.8513513513513513,0.04054054054054054,0.9594594594594594,
41,GAM,P_TPR95,0.18878483321911207,0.972972972972973,0.10810810810810811,0.8918918918918919,
41,GAM,P_OPT,0.18878483321911207,0.972972972972973,0.10810810810810811,0.8918918918918919,0.8648648648648649
41,RF,P_TPR70,0.6651891023735551,0.7702702702702703,0.02027027027027027,0.9797297297297297,
41,RF,P_TPR85,0.5381107601420695,0.8918918918918919,0.04054054054054054,0.9594594594594594,
41,RF,P_TPR95,0.02510613525191699,0.972972972972973,0.38513513513513514,0.6148648648648649,
41,RF,P_OPT,0.49803018877312394,0.918918918918919,0.05405405405405406,0.9459459459459459,0.8648648648648649
42,LR,P_TPR70,0.623882007938333,0.7432432432432432,0.04054054054054054,0.9594594594594594,
42,LR,P_TPR85,0.3725227726236956,0.8513513513513513,0.0945945945945946,0.9054054054054054,
42,LR,P_TPR95,0.18891255039827895,0.9594594594594594,0.17567567567567569,0.8243243243243243,
42,LR,P_OPT,0.18891255039827895,0.9594594594594594,0.17567567567567569,0.8243243243243243,0.7837837837837838
42,GAM,P_TPR70,0.6605012368087848,0.7027027027027027,0.04054054054054054,0.9594594594594594,
42,GAM,P_TPR85,0.40800620544778754,0.8513513513513513,0.08108108108108109,0.9189189189189189,
42,GAM,P_TPR95,0.15562674100048834,0.9594594594594594,0.16891891891891891,0.8310810810810811,
42,GAM,P_OPT,0.2020478155551482,0.9459459459459459,0.1554054054054054,0.8445945945945946,0.7905405405405406
42,RF,P_TPR70,0.7436564461147661,0.7027027027027027,0.05405405405405406,0.9459459459459459,
42,RF,P_TPR85,0.42380123423188454,0.8648648648648649,0.08783783783783784,0.9121621621621622,
42,RF,P_TPR95,0.022727944277944275,0.972972972972973,0.35135135135135137,0.6486486486486487,
42,RF,P_OPT,0.2900042205296986,0.918918918918919,0.10135135135135136,0.8986486486486487,0.8175675675675677
43,LR,P_TPR70,0.5513687191121825,0.7297297297297297,0.0472972972972973,0.9527027027027027,
43,LR,P_TPR85,0.3928012931855201,0.8513513513513513,0.10135135135135136,0.8986486486486487,
43,LR,P_TPR95,0.20528411685576886,0.9864864864864865,0.16216216216216217,0.8378378378378378,
43,LR,P_OPT,0.20528411685576886,0.9864864864864865,0.16216216216216217,0.8378378378378378,0.8243243243243243
43,GAM,P_TPR70,0.5409020513614785,0.7702702702702703,0.0472972972972973,0.9527027027027027,
43,GAM,P_TPR85,0.3973485371188262,0.8513513513513513,0.10135135135135136,0.8986486486486487,
43,GAM,P_TPR95,0.20891631164357863,0.972972972972973,0.1554054054054054,0.8445945945945946,
43,GAM,P_OPT,0.20891631164357863,0.972972972972973,0.1554054054054054,0.8445945945945946,0.8175675675675677
43,RF,P_TPR70,0.6514417960887862,0.7837837837837838,0.07432432432432433,0.9256756756756757,
43,RF,P_TPR85,0.5876000504836203,0.8648648648648649,0.08783783783783784,0.9121621621621622,
43,RF,P_TPR95,0.23598175887350814,0.972972972972973,0.14864864864864866,0.8513513513513513,
43,RF,P_OPT,0.23598175887350814,0.972972972972973,0.14864864864864866,0.8513513513513513,0.8243243243243243
44,LR,P_TPR70,0.5809663969648307,0.7297297297297297,0.060810810810810814,0.9391891891891891,
44,LR,P_TPR85,0.27523465770988476,0.8513513513513513,0.13513513513513514,0.8648648648648649,
44,LR,P_TPR95,0.16986799512683717,0.9594594594594594,0.18243243243243243,0.8175675675675675,
44,LR,P_OPT,0.20920215474890846,0.9459459459459459,0.16891891891891891,0.8310810810810811,0.777027027027027
44,GAM,P_TPR70,0.6208899315419918,0.7162162162162162,0.05405405405405406,0.9459459459459459,
44,GAM,P_TPR85,0.2588209467595555,0.8513513513513513,0.12837837837837837,0.8716216216216216,
44,GAM,P_TPR95,0.18436655120484968,0.9594594594594594,0.18243243243243243,0.8175675675675675,
44,GAM,P_OPT,0.21963361717248148,0.9459459459459459,0.16216216216216217,0.8378378378378378,0.7837837837837838
44,RF,P_TPR70,0.6714929692242597,0.7297297297297297,0.06756756756756757,0.9324324324324325,
44,RF,P_TPR85,0.5251770247795016,0.8513513513513513,0.07432432432432433,0.9256756756756757,
44,RF,P_TPR95,0.1698253502354495,0.9594594594594594,0.11486486486486487,0.8851351351351351,
44,RF,P_OPT,0.1698253502354495,0.9594594594594594,0.11486486486486487,0.8851351351351351,0.8445945945945945
45,LR,P_TPR70,0.5467027496870919,0.7297297297297297,0.05405405405405406,0.9459459459459459,
45,LR,P_TPR85,0.38485609725167186,0.8783783783783784,0.07432432432432433,0.9256756756756757,
45,LR,P_TPR95,0.18583174758890186,0.972972972972973,0.16216216216216217,0.8378378378378378,
45,LR,P_OPT,0.3311360018674259,0.9054054054054054,0.08783783783783784,0.9121621621621622,0.8175675675675675
45,GAM,P_TPR70,0.5847969629217058,0.7432432432432432,0.05405405405405406,0.9459459459459459,
45,GAM,P_TPR85,0.39238459556085875,0.8783783783783784,0.07432432432432433,0.9256756756756757,
45,GAM,P_TPR95,0.20558112504454118,0.972972972972973,0.14864864864864866,0.8513513513513513,
45,GAM,P_OPT,0.3642338244499286,0.9054054054054054,0.08108108108108109,0.9189189189189189,0.8243243243243243
45,RF,P_TPR70,0.6796589194234022,0.7162162162162162,0.033783783783783786,0.9662162162162162,
45,RF,P_TPR85,0.38938101838235895,0.8918918918918919,0.06756756756756757,0.9324324324324325,
45,RF,P_TPR95,0.1849528661613584,0.9594594594594594,0.10810810810810811,0.8918918918918919,
45,RF,P_OPT,0.16627958678576327,0.972972972972973,0.11486486486486487,0.8851351351351351,0.8581081081081081
46,LR,P_TPR70,0.695508358418688,0.7297297297297297,0.08108108108108109,0.9189189189189189,
46,LR,P_TPR85,0.4447729852649735,0.8783783783783784,0.11486486486486487,0.8851351351351351,
46,LR,P_TPR95,0.24180555033888712,0.9594594594594594,0.17567567567567569,0.8243243243243243,
46,LR,P_OPT,0.24180555033888712,0.9594594594594594,0.17567567567567569,0.8243243243243243,0.7837837837837838
46,GAM,P_TPR70,0.7130861274777563,0.7702702702702703,0.08108108108108109,0.9189189189189189,
46,GAM,P_TPR85,0.48923762114007074,0.8783783783783784,0.10810810810810811,0.8918918918918919,
46,GAM,P_TPR95,0.2465365491664411,0.9594594594594594,0.16216216216216217,0.8378378378378378,
46,GAM,P_OPT,0.23183592764727376,0.972972972972973,0.17567567567567569,0.8243243243243243,0.7972972972972974
46,RF,P_TPR70,0.8038932777183315,0.7027027027027027,0.07432432432432433,0.9256756756756757,
46,RF,P_TPR85,0.5590501053842893,0.9054054054054054,0.08783783783783784,0.9121621621621622,
46,RF,P_TPR95,0.222363128907876,0.9594594594594594,0.12837837837837837,0.8716216216216216,
46,RF,P_OPT,0.47007079782177735,0.9324324324324325,0.10135135135135136,0.8986486486486487,0.8310810810810811
47,LR,P_TPR70,0.5600696461620629,0.7027027027027027,0.060810810810810814,0.9391891891891891,
47,LR,P_TPR85,0.36233827931264223,0.8648648648648649,0.13513513513513514,0.8648648648648649,
47,LR,P_TPR95,0.22802154376893652,0.972972972972973,0.18243243243243243,0.8175675675675675,
47,LR,P_OPT,0.22802154376893652,0.972972972972973,0.18243243243243243,0.8175675675675675,0.7905405405405406
47,GAM,P_TPR70,0.5953672199883502,0.7162162162162162,0.060810810810810814,0.9391891891891891,
47,GAM,P_TPR85,0.4190837262022716,0.8513513513513513,0.10810810810810811,0.8918918918918919,
47,GAM,P_TPR95,0.23382745843261474,0.972972972972973,0.17567567567567569,0.8243243243243243,
47,GAM,P_OPT,0.23382745843261474,0.972972972972973,0.17567567567567569,0.8243243243243243,0.7972972972972974
47,RF,P_TPR70,0.6190591596094075,0.7972972972972973,0.07432432432432433,0.9256756756756757,
47,RF,P_TPR85,0.5046104212569757,0.8648648648648649,0.12162162162162163,0.8783783783783784,
47,RF,P_TPR95,0.07653281183810025,0.9594594594594594,0.23648648648648649,0.7635135135135135,
47,RF,P_OPT,0.2875708700872721,0.9459459459459459,0.14189189189189189,0.8581081081081081,0.8040540540540541
48,LR,P_TPR70,0.5636238180452436,0.7567567567567568,0.07432432432432433,0.9256756756756757,
48,LR,P_TPR85,0.35606325668961336,0.8513513513513513,0.12837837837837837,0.8716216216216216,
48,LR,P_TPR95,0.23695933875980596,0.972972972972973,0.16216216216216217,0.8378378378378378,
48,LR,P_OPT,0.23695933875980596,0.972972972972973,0.16216216216216217,0.8378378378378378,0.8108108108108109
48,GAM,P_TPR70,0.5266941770378457,0.8108108108108109,0.07432432432432433,0.9256756756756757,
48,GAM,P_TPR85,0.3814317254022673,0.8648648648648649,0.10810810810810811,0.8918918918918919,
48,GAM,P_TPR95,0.2592589527101708,0.9594594594594594,0.14189189189189189,0.8581081081081081,
48,GAM,P_OPT,0.2592589527101708,0.9594594594594594,0.14189189189189189,0.8581081081081081,0.8175675675675675
48,RF,P_TPR70,0.6687075440003227,0.7027027027027027,0.08783783783783784,0.9121621621621622,
48,RF,P_TPR85,0.5299523622792074,0.8648648648648649,0.11486486486486487,0.8851351351351351,
48,RF,P_TPR95,0.33134381415842645,0.972972972972973,0.14864864864864866,0.8513513513513513,
48,RF,P_OPT,0.33134381415842645,0.972972972972973,0.14864864864864866,0.8513513513513513,0.8243243243243243
49,LR,P_TPR70,0.5950742728517575,0.7297297297297297,0.02027027027027027,0.9797297297297297,
49,LR,P_TPR85,0.40922099618851343,0.8648648648648649,0.0472972972972973,0.9527027027027027,
49,LR,P_TPR95,0.1166862524885298,0.9594594594594594,0.20270270270270271,0.7972972972972973,
49,LR,P_OPT,0.40922099618851343,0.8648648648648649,0.0472972972972973,0.9527027027027027,0.8175675675675677
49,GAM,P_TPR70,0.637354023925263,0.7297297297297297,0.02027027027027027,0.9797297297297297,
49,GAM,P_TPR85,0.44294099054687264,0.8513513513513513,0.04054054054054054,0.9594594594594594,
49,GAM,P_TPR95,0.12509926869776633,0.9594594594594594,0.18243243243243243,0.8175675675675675,
49,GAM,P_OPT,0.3680173045280643,0.8783783783783784,0.060810810810810814,0.9391891891891891,0.8175675675675675
49,RF,P_TPR70,0.6248762620988809,0.7972972972972973,0.04054054054054054,0.9594594594594594,
49,RF,P_TPR85,0.5113719809449456,0.8783783783783784,0.05405405405405406,0.9459459459459459,
49,RF,P_TPR95,0.051106530471869506,0.9594594594594594,0.24324324324324326,0.7567567567567568,
49,RF,P_OPT,0.4870038582179995,0.918918918918919,0.06756756756756757,0.9324324324324325,0.8513513513513514
50,LR,P_TPR70,0.6700409171374777,0.7567567567567568,0.033783783783783786,0.9662162162162162,
50,LR,P_TPR85,0.4244217452398694,0.8648648648648649,0.06756756756756757,0.9324324324324325,
50,LR,P_TPR95,0.3226034727951044,0.9594594594594594,0.0945945945945946,0.9054054054054054,
50,LR,P_OPT,0.3612615234541674,0.9459459459459459,0.07432432432432433,0.9256756756756757,0.8716216216216216
50,GAM,P_TPR70,0.708917803718244,0.7027027027027027,0.033783783783783786,0.9662162162162162,
50,GAM,P_TPR85,0.46258808703764515,0.8513513513513513,0.060810810810810814,0.9391891891891891,
50,GAM,P_TPR95,0.37001797857309326,0.9594594594594594,0.06756756756756757,0.9324324324324325,
50,GAM,P_OPT,0.37001797857309326,0.9594594594594594,0.06756756756756757,0.9324324324324325,0.8918918918918919
50,RF,P_TPR70,0.5923135096761123,0.7972972972972973,0.0472972972972973,0.9527027027027027,
50,RF,P_TPR85,0.457772983844032,0.9054054054054054,0.06756756756756757,0.9324324324324325,
50,RF,P_TPR95,0.18688562368977796,0.972972972972973,0.08783783783783784,0.9121621621621622,
50,RF,P_OPT,0.18688562368977796,0.972972972972973,0.08783783783783784,0.9121621621621622,0.8851351351351352
51,LR,P_TPR70,0.5948205832678919,0.7162162162162162,0.060810810810810814,0.9391891891891891,
51,LR,P_TPR85,0.3876008817031614,0.8783783783783784,0.0945945945945946,0.9054054054054054,
51,LR,P_TPR95,0.2128376922485122,0.9594594594594594,0.1554054054054054,0.8445945945945946,
51,LR,P_OPT,0.1952552748992022,0.972972972972973,0.16891891891891891,0.8310810810810811,0.8040540540540542
51,GAM,P_TPR70,0.5909841728466625,0.7027027027027027,0.06756756756756757,0.9324324324324325,
51,GAM,P_TPR85,0.4292837169215185,0.8513513513513513,0.08783783783783784,0.9121621621621622,
51,GAM,P_TPR95,0.2440465444958892,0.9594594594594594,0.13513513513513514,0.8648648648648649,
51,GAM,P_OPT,0.2440465444958892,0.9594594594594594,0.13513513513513514,0.8648648648648649,0.8243243243243243
51,RF,P_TPR70,0.7353318113270911,0.7027027027027027,0.06756756756756757,0.9324324324324325,
51,RF,P_TPR85,0.6563922542407039,0.8648648648648649,0.0945945945945946,0.9054054054054054,
51,RF,P_TPR95,0.44263393152068586,0.9594594594594594,0.11486486486486487,0.8851351351351351,
51,RF,P_OPT,0.33035714369909436,0.972972972972973,0.12837837837837837,0.8716216216216216,0.8445945945945946
52,LR,P_TPR70,0.4688507244805996,0.7297297297297297,0.033783783783783786,0.9662162162162162,
52,LR,P_TPR85,0.3225889073221057,0.8783783783783784,0.08783783783783784,0.9121621621621622,
52,LR,P_TPR95,0.23602968619306547,0.9594594594594594,0.12162162162162163,0.8783783783783784,
52,LR,P_OPT,0.2280613808396221,0.972972972972973,0.12837837837837837,0.8716216216216216,0.8445945945945946
52,GAM,P_TPR70,0.5043297987855446,0.7162162162162162,0.033783783783783786,0.9662162162162162,
52,GAM,P_TPR85,0.3609846140247847,0.8513513513513513,0.06756756756756757,0.9324324324324325,
52,GAM,P_TPR95,0.2597676751462705,0.9594594594594594,0.11486486486486487,0.8851351351351351,
52,GAM,P_OPT,0.2240415843343308,0.9864864864864865,0.12837837837837837,0.8716216216216216,0.8581081081081081
52,RF,P_TPR70,0.6669696670371136,0.7027027027027027,0.04054054054054054,0.9594594594594594,
52,RF,P_TPR85,0.5691770659175022,0.8783783783783784,0.060810810810810814,0.9391891891891891,
52,RF,P_TPR95,0.27848038037199146,0.9594594594594594,0.11486486486486487,0.8851351351351351,
52,RF,P_OPT,0.24201305940677867,0.972972972972973,0.12162162162162163,0.8783783783783784,0.8513513513513514
53,LR,P_TPR70,0.60247927012326,0.7297297297297297,0.05405405405405406,0.9459459459459459,
53,LR,P_TPR85,0.31770472082373497,0.8783783783783784,0.10810810810810811,0.8918918918918919,
53,LR,P_TPR95,0.22244143470562583,0.972972972972973,0.17567567567567569,0.8243243243243243,
53,LR,P_OPT,0.2656006996308898,0.9459459459459459,0.13513513513513514,0.8648648648648649,0.8108108108108107
53,GAM,P_TPR70,0.6719234236255338,0.7027027027027027,0.0472972972972973,0.9527027027027027,
53,GAM,P_TPR85,0.30665415109078287,0.9054054054054054,0.10810810810810811,0.8918918918918919,
53,GAM,P_TPR95,0.23316994339672292,0.972972972972973,0.14864864864864866,0.8513513513513513,
53,GAM,P_OPT,0.23316994339672292,0.972972972972973,0.14864864864864866,0.8513513513513513,0.8243243243243243
53,RF,P_TPR70,0.7044953390126241,0.7027027027027027,0.07432432432432433,0.9256756756756757,
53,RF,P_TPR85,0.4780272155441862,0.9054054054054054,0.11486486486486487,0.8851351351351351,
53,RF,P_TPR95,0.33365717587881666,0.9594594594594594,0.14189189189189189,0.8581081081081081,
53,RF,P_OPT,0.33365717587881666,0.9594594594594594,0.14189189189189189,0.8581081081081081,0.8175675675675675
54,LR,P_TPR70,0.5656105669831295,0.7567567567567568,0.0472972972972973,0.9527027027027027,
54,LR,P_TPR85,0.4076916617555197,0.8648648648648649,0.0945945945945946,0.9054054054054054,
54,LR,P_TPR95,0.2144749740235519,0.9594594594594594,0.17567567567567569,0.8243243243243243,
54,LR,P_OPT,0.3017266863229385,0.9324324324324325,0.12162162162162163,0.8783783783783784,0.8108108108108109
54,GAM,P_TPR70,0.5862778480138799,0.7297297297297297,0.0472972972972973,0.9527027027027027,
54,GAM,P_TPR85,0.37952934814679434,0.8918918918918919,0.0945945945945946,0.9054054054054054,
54,GAM,P_TPR95,0.23037474316895118,0.9594594594594594,0.14864864864864866,0.8513513513513513,
54,GAM,P_OPT,0.29651079930867436,0.9324324324324325,0.11486486486486487,0.8851351351351351,0.8175675675675675
54,RF,P_TPR70,0.6970250602846364,0.7297297297297297,0.0472972972972973,0.9527027027027027,
54,RF,P_TPR85,0.6314556721059533,0.8513513513513513,0.07432432432432433,0.9256756756756757,
54,RF,P_TPR95,0.27725767099519305,0.9594594594594594,0.12162162162162163,0.8783783783783784,
54,RF,P_OPT,0.4822131663967488,0.9459459459459459,0.10135135135135136,0.8986486486486487,0.8445945945945946
55,LR,P_TPR70,0.5257643736218598,0.7702702702702703,0.06756756756756757,0.9324324324324325,
55,LR,P_TPR85,0.38926956120368716,0.8648648648648649,0.10810810810810811,0.8918918918918919,
55,LR,P_TPR95,0.23564373500707647,0.9594594594594594,0.16891891891891891,0.8310810810810811,
55,LR,P_OPT,0.22792630409985995,0.9864864864864865,0.17567567567567569,0.8243243243243243,0.8108108108108109
55,GAM,P_TPR70,0.5437057162045403,0.7432432432432432,0.06756756756756757,0.9324324324324325,
55,GAM,P_TPR85,0.41991980250667177,0.8783783783783784,0.10810810810810811,0.8918918918918919,
55,GAM,P_TPR95,0.2617988695997251,0.9594594594594594,0.14864864864864866,0.8513513513513513,
55,GAM,P_OPT,0.22201093770857613,0.9864864864864865,0.16216216216216217,0.8378378378378378,0.8243243243243243
55,RF,P_TPR70,0.7025095487229904,0.7027027027027027,0.060810810810810814,0.9391891891891891,
55,RF,P_TPR85,0.5838888880288857,0.8513513513513513,0.06756756756756757,0.9324324324324325,
55,RF,P_TPR95,0.33272862206866083,0.9594594594594594,0.11486486486486487,0.8851351351351351,
55,RF,P_OPT,0.33272862206866083,0.9594594594594594,0.11486486486486487,0.8851351351351351,0.8445945945945945
56,LR,P_TPR70,0.566057176943166,0.7297297297297297,0.060810810810810814,0.9391891891891891,
56,LR,P_TPR85,0.3920102335222343,0.8648648648648649,0.06756756756756757,0.9324324324324325,
56,LR,P_TPR95,0.2420804975385927,0.9594594594594594,0.12162162162162163,0.8783783783783784,
56,LR,P_OPT,0.22052444583377445,0.972972972972973,0.12837837837837837,0.8716216216216216,0.8445945945945946
56,GAM,P_TPR70,0.6108607484111154,0.7162162162162162,0.060810810810810814,0.9391891891891891,
56,GAM,P_TPR85,0.39106353026805835,0.8783783783783784,0.06756756756756757,0.9324324324324325,
56,GAM,P_TPR95,0.24105711306016064,0.9594594594594594,0.11486486486486487,0.8851351351351351,
56,GAM,P_OPT,0.24105711306016064,0.9594594594594594,0.11486486486486487,0.8851351351351351,0.8445945945945945
56,RF,P_TPR70,0.6394891547995217,0.8243243243243243,0.060810810810810814,0.9391891891891891,
56,RF,P_TPR85,0.5961744502644551,0.8513513513513513,0.06756756756756757,0.9324324324324325,
56,RF,P_TPR95,0.14931084470654915,0.9594594594594594,0.0945945945945946,0.9054054054054054,
56,RF,P_OPT,0.3511902510758937,0.9459459459459459,0.08108108108108109,0.9189189189189189,0.8648648648648649
57,LR,P_TPR70,0.5370476409806774,0.7027027027027027,0.07432432432432433,0.9256756756756757,
57,LR,P_TPR85,0.36114996631125706,0.8513513513513513,0.11486486486486487,0.8851351351351351,
57,LR,P_TPR95,0.16255758410573456,0.9594594594594594,0.21621621621621623,0.7837837837837838,
57,LR,P_OPT,0.19618596059140833,0.9324324324324325,0.18243243243243243,0.8175675675675675,0.75
57,GAM,P_TPR70,0.5691649884983946,0.7027027027027027,0.06756756756756757,0.9324324324324325,
57,GAM,P_TPR85,0.38132270687181524,0.8513513513513513,0.10135135135135136,0.8986486486486487,
57,GAM,P_TPR95,0.12222235860031397,0.9594594594594594,0.25,0.75,
57,GAM,P_OPT,0.30769193947274964,0.8918918918918919,0.12162162162162163,0.8783783783783784,0.7702702702702703
57,RF,P_TPR70,0.7047982799181285,0.7027027027027027,0.07432432432432433,0.9256756756756757,
57,RF,P_TPR85,0.4596967960981154,0.918918918918919,0.11486486486486487,0.8851351351351351,
57,RF,P_TPR95,0.06422959241480912,0.9594594594594594,0.23648648648648649,0.7635135135135135,
57,RF,P_OPT,0.39227858300110635,0.9324324324324325,0.12162162162162163,0.8783783783783784,0.8108108108108109
58,LR,P_TPR70,0.6906662739157762,0.7027027027027027,0.033783783783783786,0.9662162162162162,
58,LR,P_TPR85,0.3819417112392788,0.8513513513513513,0.06756756756756757,0.9324324324324325,
58,LR,P_TPR95,0.24911510538089346,0.9594594594594594,0.12162162162162163,0.8783783783783784,
58,LR,P_OPT,0.20739373689647683,0.9864864864864865,0.12837837837837837,0.8716216216216216,0.8581081081081081
58,GAM,P_TPR70,0.6601654317638882,0.7027027027027027,0.04054054054054054,0.9594594594594594,
58,GAM,P_TPR85,0.41269071786406974,0.8513513513513513,0.060810810810810814,0.9391891891891891,
58,GAM,P_TPR95,0.22884731236686,0.9594594594594594,0.12162162162162163,0.8783783783783784,
58,GAM,P_OPT,0.21208932805960162,0.9864864864864865,0.12837837837837837,0.8716216216216216,0.8581081081081081
58,RF,P_TPR70,0.7574498078117271,0.7297297297297297,0.02702702702702703,0.972972972972973,
58,RF,P_TPR85,0.44570367962618734,0.8918918918918919,0.05405405405405406,0.9459459459459459,
58,RF,P_TPR95,0.2751600104948519,0.972972972972973,0.07432432432432433,0.9256756756756757,
58,RF,P_OPT,0.2751600104948519,0.972972972972973,0.07432432432432433,0.9256756756756757,0.8986486486486487
59,LR,P_TPR70,0.5520043041994802,0.7567567567567568,0.0472972972972973,0.9527027027027027,
59,LR,P_TPR85,0.3819496253157463,0.8783783783783784,0.07432432432432433,0.9256756756756757,
59,LR,P_TPR95,0.22074420442706322,0.972972972972973,0.16216216216216217,0.8378378378378378,
59,LR,P_OPT,0.30104433850099266,0.9324324324324325,0.12162162162162163,0.8783783783783784,0.8108108108108109
59,GAM,P_TPR70,0.5077983796443205,0.7837837837837838,0.0472972972972973,0.9527027027027027,
59,GAM,P_TPR85,0.42900079024482196,0.8648648648648649,0.06756756756756757,0.9324324324324325,
59,GAM,P_TPR95,0.25090576421035204,0.9594594594594594,0.13513513513513514,0.8648648648648649,
59,GAM,P_OPT,0.25090576421035204,0.9594594594594594,0.13513513513513514,0.8648648648648649,0.8243243243243243
59,RF,P_TPR70,0.6651471992985433,0.8108108108108109,0.02702702702702703,0.972972972972973,
59,RF,P_TPR85,0.5750638453764775,0.8513513513513513,0.05405405405405406,0.9459459459459459,
59,RF,P_TPR95,0.273503389979021,0.972972972972973,0.12837837837837837,0.8716216216216216,
59,RF,P_OPT,0.273503389979021,0.972972972972973,0.12837837837837837,0.8716216216216216,0.8445945945945946
60,LR,P_TPR70,0.6915382939576464,0.7567567567567568,0.06756756756756757,0.9324324324324325,
60,LR,P_TPR85,0.5046354030518986,0.8648648648648649,0.12837837837837837,0.8716216216216216,
60,LR,P_TPR95,0.3651932010240278,0.9594594594594594,0.1554054054054054,0.8445945945945946,
60,LR,P_OPT,0.3651932010240278,0.9594594594594594,0.1554054054054054,0.8445945945945946,0.8040540540540541
60,GAM,P_TPR70,0.7248465507689225,0.7432432432432432,0.05405405405405406,0.9459459459459459,
60,GAM,P_TPR85,0.566455301559983,0.8513513513513513,0.08783783783783784,0.9121621621621622,
60,GAM,P_TPR95,0.3585659253063263,0.9594594594594594,0.1554054054054054,0.8445945945945946,
60,GAM,P_OPT,0.4064266617385822,0.9459459459459459,0.13513513513513514,0.8648648648648649,0.8108108108108107
60,RF,P_TPR70,0.7555108151755567,0.8243243243243243,0.07432432432432433,0.9256756756756757,
60,RF,P_TPR85,0.7224800228540178,0.8648648648648649,0.08783783783783784,0.9121621621621622,
60,RF,P_TPR95,0.5152307245282503,0.9594594594594594,0.11486486486486487,0.8851351351351351,
60,RF,P_OPT,0.47308910967704676,0.972972972972973,0.12162162162162163,0.8783783783783784,0.8513513513513514
61,LR,P_TPR70,0.6486520333656741,0.7162162162162162,0.05405405405405406,0.9459459459459459,
61,LR,P_TPR85,0.37705317186675436,0.8783783783783784,0.10135135135135136,0.8986486486486487,
61,LR,P_TPR95,0.23601018967210138,0.9594594594594594,0.13513513513513514,0.8648648648648649,
61,LR,P_OPT,0.23601018967210138,0.9594594594594594,0.13513513513513514,0.8648648648648649,0.8243243243243243
61,GAM,P_TPR70,0.7024635422976097,0.7027027027027027,0.0472972972972973,0.9527027027027027,
61,GAM,P_TPR85,0.43244232151538,0.8513513513513513,0.0945945945945946,0.9054054054054054,
61,GAM,P_TPR95,0.26154653082028206,0.9594594594594594,0.12837837837837837,0.8716216216216216,
61,GAM,P_OPT,0.26154653082028206,0.9594594594594594,0.12837837837837837,0.8716216216216216,0.831081081081081
61,RF,P_TPR70,0.7769613577173426,0.7162162162162162,0.0472972972972973,0.9527027027027027,
61,RF,P_TPR85,0.7081797464775299,0.8513513513513513,0.06756756756756757,0.9324324324324325,
61,RF,P_TPR95,0.27676849375956103,0.9594594594594594,0.13513513513513514,0.8648648648648649,
61,RF,P_OPT,0.4550574435969947,0.9459459459459459,0.10810810810810811,0.8918918918918919,0.8378378378378378
62,LR,P_TPR70,0.6017986684983305,0.7027027027027027,0.060810810810810814,0.9391891891891891,
62,LR,P_TPR85,0.3396728543594304,0.8513513513513513,0.14189189189189189,0.8581081081081081,
62,LR,P_TPR95,0.24359543044950982,0.9594594594594594,0.1891891891891892,0.8108108108108107,
62,LR,P_OPT,0.23327103663153104,0.972972972972973,0.19594594594594594,0.8040540540540541,0.7770270270270271
62,GAM,P_TPR70,0.5906591326303814,0.7027027027027027,0.06756756756756757,0.9324324324324325,
62,GAM,P_TPR85,0.31409016181438304,0.8648648648648649,0.14864864864864866,0.8513513513513513,
62,GAM,P_TPR95,0.24501825636123742,0.9594594594594594,0.18243243243243243,0.8175675675675675,
62,GAM,P_OPT,0.20965661068615216,0.9864864864864865,0.20945945945945946,0.7905405405405406,0.7770270270270271
62,RF,P_TPR70,0.7149923322704177,0.7567567567567568,0.04054054054054054,0.9594594594594594,
62,RF,P_TPR85,0.5718886014564807,0.8783783783783784,0.08108108108108109,0.9189189189189189,
62,RF,P_TPR95,0.30457570139748424,0.972972972972973,0.16216216216216217,0.8378378378378378,
62,RF,P_OPT,0.30457570139748424,0.972972972972973,0.16216216216216217,0.8378378378378378,0.8108108108108109
63,LR,P_TPR70,0.5831141131960309,0.7162162162162162,0.04054054054054054,0.9594594594594594,
63,LR,P_TPR85,0.37658083615525395,0.8513513513513513,0.10135135135135136,0.8986486486486487,
63,LR,P_TPR95,0.17433579589582934,0.972972972972973,0.1891891891891892,0.8108108108108107,
63,LR,P_OPT,0.2829763831350371,0.9459459459459459,0.14189189189189189,0.8581081081081081,0.8040540540540541
63,GAM,P_TPR70,0.5627457191877624,0.7027027027027027,0.0472972972972973,0.9527027027027027,
63,GAM,P_TPR85,0.381740313670428,0.8648648648648649,0.10810810810810811,0.8918918918918919,
63,GAM,P_TPR95,0.20025526191358436,0.9594594594594594,0.18243243243243243,0.8175675675675675,
63,GAM,P_OPT,0.18458138066723367,0.9864864864864865,0.18243243243243243,0.8175675675675675,0.8040540540540541
63,RF,P_TPR70,0.7399460916330894,0.7027027027027027,0.0472972972972973,0.9527027027027027,
63,RF,P_TPR85,0.5208621495939838,0.8513513513513513,0.08108108108108109,0.9189189189189189,
63,RF,P_TPR95,0.29230192203766986,0.9594594594594594,0.12837837837837837,0.8716216216216216,
63,RF,P_OPT,0.270247566789366,0.972972972972973,0.13513513513513514,0.8648648648648649,0.8378378378378379
64,LR,P_TPR70,0.7042225585804319,0.7162162162162162,0.02702702702702703,0.972972972972973,
64,LR,P_TPR85,0.497845003559342,0.8648648648648649,0.04054054054054054,0.9594594594594594,
64,LR,P_TPR95,0.2885175002771194,0.9594594594594594,0.10810810810810811,0.8918918918918919,
64,LR,P_OPT,0.2885175002771194,0.9594594594594594,0.10810810810810811,0.8918918918918919,0.8513513513513513
64,GAM,P_TPR70,0.7493137218393396,0.7027027027027027,0.02702702702702703,0.972972972972973,
64,GAM,P_TPR85,0.45076641783241866,0.8783783783783784,0.05405405405405406,0.9459459459459459,
64,GAM,P_TPR95,0.34432181296072956,0.9594594594594594,0.10135135135135136,0.8986486486486487,
64,GAM,P_OPT,0.26132826191370034,0.972972972972973,0.10810810810810811,0.8918918918918919,0.8648648648648649
64,RF,P_TPR70,0.7108907951068144,0.7702702702702703,0.033783783783783786,0.9662162162162162,
64,RF,P_TPR85,0.6650837017203248,0.8513513513513513,0.04054054054054054,0.9594594594594594,
64,RF,P_TPR95,0.5021211132927217,0.9594594594594594,0.07432432432432433,0.9256756756756757,
64,RF,P_OPT,0.5283850637845463,0.9459459459459459,0.060810810810810814,0.9391891891891891,0.8851351351351351
65,LR,P_TPR70,0.6075137352687953,0.7162162162162162,0.033783783783783786,0.9662162162162162,
65,LR,P_TPR85,0.3972868572890221,0.8783783783783784,0.06756756756756757,0.9324324324324325,
65,LR,P_TPR95,0.28402742204755904,0.9594594594594594,0.0945945945945946,0.9054054054054054,
65,LR,P_OPT,0.28402742204755904,0.9594594594594594,0.0945945945945946,0.9054054054054054,0.8648648648648648
65,GAM,P_TPR70,0.649227466995765,0.7162162162162162,0.02702702702702703,0.972972972972973,
65,GAM,P_TPR85,0.4249686678645452,0.8648648648648649,0.060810810810810814,0.9391891891891891,
65,GAM,P_TPR95,0.30220657612697693,0.9594594594594594,0.08783783783783784,0.9121621621621622,
65,GAM,P_OPT,0.30220657612697693,0.9594594594594594,0.08783783783783784,0.9121621621621622,0.8716216216216216
65,RF,P_TPR70,0.6414767246611698,0.7972972972972973,0.033783783783783786,0.9662162162162162,
65,RF,P_TPR85,0.5995126743564816,0.8648648648648649,0.0472972972972973,0.9527027027027027,
65,RF,P_TPR95,0.43411420458027405,0.9594594594594594,0.08108108108108109,0.9189189189189189,
65,RF,P_OPT,0.373480678869488,0.972972972972973,0.08783783783783784,0.9121621621621622,0.8851351351351352
66,LR,P_TPR70,0.5619539643675698,0.7837837837837838,0.08783783783783784,0.9121621621621622,
66,LR,P_TPR85,0.3397997485325235,0.8783783783783784,0.14189189189189189,0.8581081081081081,
66,LR,P_TPR95,0.18818989269064343,0.972972972972973,0.19594594594594594,0.8040540540540541,
66,LR,P_OPT,0.17689788603717216,1.0,0.20945945945945946,0.7905405405405406,0.7905405405405406
66,GAM,P_TPR70,0.6217201771922597,0.7567567567567568,0.08108108108108109,0.9189189189189189,
66,GAM,P_TPR85,0.36940128690279395,0.8783783783783784,0.12837837837837837,0.8716216216216216,
66,GAM,P_TPR95,0.20858936470449957,0.9594594594594594,0.17567567567567569,0.8243243243243243,
66,GAM,P_OPT,0.2019191681961457,0.972972972972973,0.17567567567567569,0.8243243243243243,0.7972972972972974
66,RF,P_TPR70,0.6849131028529333,0.7297297297297297,0.06756756756756757,0.9324324324324325,
66,RF,P_TPR85,0.5443141599281934,0.8648648648648649,0.08783783783783784,0.9121621621621622,
66,RF,P_TPR95,0.41752130492483946,0.9594594594594594,0.11486486486486487,0.8851351351351351,
66,RF,P_OPT,0.4626550044009322,0.9459459459459459,0.10135135135135136,0.8986486486486487,0.8445945945945946
67,LR,P_TPR70,0.5952032584100337,0.7972972972972973,0.060810810810810814,0.9391891891891891,
67,LR,P_TPR85,0.40273959506735935,0.8513513513513513,0.12162162162162163,0.8783783783783784,
67,LR,P_TPR95,0.12941292998316434,0.9594594594594594,0.25,0.75,
67,LR,P_OPT,0.5173794571567949,0.8378378378378378,0.0945945945945946,0.9054054054054054,0.7432432432432432
67,GAM,P_TPR70,0.5933267461885923,0.8108108108108109,0.05405405405405406,0.9459459459459459,
67,GAM,P_TPR85,0.43616731636852046,0.8513513513513513,0.10810810810810811,0.8918918918918919,
67,GAM,P_TPR95,0.12966837854918128,0.9594594594594594,0.22972972972972974,0.7702702702702703,
67,GAM,P_OPT,0.5606726307314657,0.8378378378378378,0.060810810810810814,0.9391891891891891,0.777027027027027
67,RF,P_TPR70,0.7699802810366885,0.7162162162162162,0.05405405405405406,0.9459459459459459,
67,RF,P_TPR85,0.6301723041384758,0.8513513513513513,0.07432432432432433,0.9256756756756757,
67,RF,P_TPR95,0.0811156022993129,0.9594594594594594,0.21621621621621623,0.7837837837837838,
67,RF,P_OPT,0.36732111500175246,0.918918918918919,0.10135135135135136,0.8986486486486487,0.8175675675675677
68,LR,P_TPR70,0.595099396130605,0.7297297297297297,0.060810810810810814,0.9391891891891891,
68,LR,P_TPR85,0.39528660623382134,0.8783783783783784,0.0945945945945946,0.9054054054054054,
68,LR,P_TPR95,0.23210583956999137,0.9594594594594594,0.16891891891891891,0.8310810810810811,
68,LR,P_OPT,0.37146334396726804,0.8918918918918919,0.10135135135135136,0.8986486486486487,0.7905405405405406
68,GAM,P_TPR70,0.6277714892123465,0.7297297297297297,0.060810810810810814,0.9391891891891891,
68,GAM,P_TPR85,0.4473652126296432,0.8648648648648649,0.0945945945945946,0.9054054054054054,
68,GAM,P_TPR95,0.25073674061662465,0.9594594594594594,0.16891891891891891,0.8310810810810811,
68,GAM,P_OPT,0.25073674061662465,0.9594594594594594,0.16891891891891891,0.8310810810810811,0.7905405405405406
68,RF,P_TPR70,0.7512028965380823,0.7297297297297297,0.05405405405405406,0.9459459459459459,
68,RF,P_TPR85,0.5458476206296075,0.8648648648648649,0.10810810810810811,0.8918918918918919,
68,RF,P_TPR95,0.2713640099443075,0.9594594594594594,0.14189189189189189,0.8581081081081081,
68,RF,P_OPT,0.2713640099443075,0.9594594594594594,0.14189189189189189,0.8581081081081081,0.8175675675675675
69,LR,P_TPR70,0.53056815298937,0.7702702702702703,0.05405405405405406,0.9459459459459459,
69,LR,P_TPR85,0.38055180307985154,0.8648648648648649,0.08783783783783784,0.9121621621621622,
69,LR,P_TPR95,0.2387447101349055,0.9594594594594594,0.14864864864864866,0.8513513513513513,
69,LR,P_OPT,0.2387447101349055,0.9594594594594594,0.14864864864864866,0.8513513513513513,0.8108108108108107
69,GAM,P_TPR70,0.5628464078345462,0.7702702702702703,0.05405405405405406,0.9459459459459459,
69,GAM,P_TPR85,0.4134869938259212,0.8648648648648649,0.06756756756756757,0.9324324324324325,
69,GAM,P_TPR95,0.22289175208892933,0.9594594594594594,0.14864864864864866,0.8513513513513513,
69,GAM,P_OPT,0.2184475803735862,0.972972972972973,0.16216216216216217,0.8378378378378378,0.8108108108108109
69,RF,P_TPR70,0.7190854707641857,0.7162162162162162,0.05405405405405406,0.9459459459459459,
69,RF,P_TPR85,0.46598207958864823,0.8648648648648649,0.10135135135135136,0.8986486486486487,
69,RF,P_TPR95,0.17688319572146025,0.9594594594594594,0.16216216216216217,0.8378378378378378,
69,RF,P_OPT,0.24635741704803638,0.9459459459459459,0.13513513513513514,0.8648648648648649,0.8108108108108107
70,LR,P_TPR70,0.5359711886813433,0.7432432432432432,0.02702702702702703,0.972972972972973,
70,LR,P_TPR85,0.38050679792059194,0.8513513513513513,0.060810810810810814,0.9391891891891891,
70,LR,P_TPR95,0.20490918957947774,0.9594594594594594,0.11486486486486487,0.8851351351351351,
70,LR,P_OPT,0.19225826482175618,0.972972972972973,0.12162162162162163,0.8783783783783784,0.8513513513513514
70,GAM,P_TPR70,0.5062392367309191,0.7567567567567568,0.04054054054054054,0.9594594594594594,
70,GAM,P_TPR85,0.35795376701402637,0.8648648648648649,0.060810810810810814,0.9391891891891891,
70,GAM,P_TPR95,0.2834193789516927,0.9594594594594594,0.08108108108108109,0.9189189189189189,
70,GAM,P_OPT,0.2834193789516927,0.9594594594594594,0.08108108108108109,0.9189189189189189,0.8783783783783783
70,RF,P_TPR70,0.657056285521008,0.7432432432432432,0.02702702702702703,0.972972972972973,
70,RF,P_TPR85,0.4862324648645706,0.8513513513513513,0.05405405405405406,0.9459459459459459,
70,RF,P_TPR95,0.2816385247303043,0.9594594594594594,0.08783783783783784,0.9121621621621622,
70,RF,P_OPT,0.21141065543644147,0.9864864864864865,0.10810810810810811,0.8918918918918919,0.8783783783783784
71,LR,P_TPR70,0.5597932744822068,0.7162162162162162,0.06756756756756757,0.9324324324324325,
71,LR,P_TPR85,0.3696096410573557,0.8783783783783784,0.10135135135135136,0.8986486486486487,
71,LR,P_TPR95,0.2431082906672352,0.9594594594594594,0.14864864864864866,0.8513513513513513,
71,LR,P_OPT,0.23209831235276043,0.9864864864864865,0.1554054054054054,0.8445945945945946,0.8310810810810811
71,GAM,P_TPR70,0.5938634424404664,0.7162162162162162,0.060810810810810814,0.9391891891891891,
71,GAM,P_TPR85,0.3759919744338561,0.8783783783783784,0.0945945945945946,0.9054054054054054,
71,GAM,P_TPR95,0.25707439517410846,0.9594594594594594,0.14189189189189189,0.8581081081081081,
71,GAM,P_OPT,0.2182754790405666,0.9864864864864865,0.1554054054054054,0.8445945945945946,0.8310810810810811
71,RF,P_TPR70,0.7171282266350976,0.7162162162162162,0.05405405405405406,0.9459459459459459,
71,RF,P_TPR85,0.49887567842402036,0.9324324324324325,0.08108108108108109,0.9189189189189189,
71,RF,P_TPR95,0.3362703631596501,0.972972972972973,0.11486486486486487,0.8851351351351351,
71,RF,P_OPT,0.4619449453456094,0.9459459459459459,0.08783783783783784,0.9121621621621622,0.8581081081081081
72,LR,P_TPR70,0.4637495064035709,0.7432432432432432,0.05405405405405406,0.9459459459459459,
72,LR,P_TPR85,0.3011363992760846,0.8513513513513513,0.12837837837837837,0.8716216216216216,
72,LR,P_TPR95,0.16779552982407303,0.9594594594594594,0.20945945945945946,0.7905405405405406,
72,LR,P_OPT,0.16779552982407303,0.9594594594594594,0.20945945945945946,0.7905405405405406,0.75
72,GAM,P_TPR70,0.4766712128053334,0.7837837837837838,0.05405405405405406,0.9459459459459459,
72,GAM,P_TPR85,0.2970134380502891,0.8648648648648649,0.11486486486486487,0.8851351351351351,
72,GAM,P_TPR95,0.15739068293082115,0.972972972972973,0.21621621621621623,0.7837837837837838,
72,GAM,P_OPT,0.22288441600018494,0.918918918918919,0.16216216216216217,0.8378378378378378,0.7567567567567568
72,RF,P_TPR70,0.6028358101188792,0.7972972972972973,0.05405405405405406,0.9459459459459459,
72,RF,P_TPR85,0.5242393060128021,0.8648648648648649,0.07432432432432433,0.9256756756756757,
72,RF,P_TPR95,0.014987697857697857,0.972972972972973,0.5,0.5,
72,RF,P_OPT,0.49751078531913906,0.8783783783783784,0.08108108108108109,0.9189189189189189,0.7972972972972974
73,LR,P_TPR70,0.5390369163018706,0.7432432432432432,0.07432432432432433,0.9256756756756757,
73,LR,P_TPR85,0.4296538159324538,0.8918918918918919,0.10135135135135136,0.8986486486486487,
73,LR,P_TPR95,0.25254074147343686,0.9594594594594594,0.18243243243243243,0.8175675675675675,
73,LR,P_OPT,0.33806900486026814,0.9324324324324325,0.12162162162162163,0.8783783783783784,0.8108108108108109
73,GAM,P_TPR70,0.6129271252920907,0.7027027027027027,0.060810810810810814,0.9391891891891891,
73,GAM,P_TPR85,0.4865280568314095,0.8648648648648649,0.0945945945945946,0.9054054054054054,
73,GAM,P_TPR95,0.25049649857548806,0.9594594594594594,0.17567567567567569,0.8243243243243243,
73,GAM,P_OPT,0.3905094035802057,0.918918918918919,0.10810810810810811,0.8918918918918919,0.8108108108108109
73,RF,P_TPR70,0.6651916672644126,0.7567567567567568,0.05405405405405406,0.9459459459459459,
73,RF,P_TPR85,0.5368706182233454,0.8648648648648649,0.06756756756756757,0.9324324324324325,
73,RF,P_TPR95,0.3210970195542987,0.9594594594594594,0.16216216216216217,0.8378378378378378,
73,RF,P_OPT,0.5151042870536626,0.9054054054054054,0.08783783783783784,0.9121621621621622,0.8175675675675675
74,LR,P_TPR70,0.6500458329600424,0.7162162162162162,0.02027027027027027,0.9797297297297297,
74,LR,P_TPR85,0.418006410054079,0.8648648648648649,0.07432432432432433,0.9256756756756757,
74,LR,P_TPR95,0.16915643873473313,0.9594594594594594,0.22972972972972974,0.7702702702702703,
74,LR,P_OPT,0.2454889682879293,0.9459459459459459,0.14864864864864866,0.8513513513513513,0.7972972972972973
74,GAM,P_TPR70,0.7046105985399501,0.7162162162162162,0.02027027027027027,0.9797297297297297,
74,GAM,P_TPR85,0.4282706726259331,0.8648648648648649,0.0472972972972973,0.9527027027027027,
74,GAM,P_TPR95,0.14135378228692064,0.972972972972973,0.20945945945945946,0.7905405405405406,
74,GAM,P_OPT,0.381066131965206,0.8783783783783784,0.05405405405405406,0.9459459459459459,0.8243243243243243
74,RF,P_TPR70,0.6369969094719737,0.8378378378378378,0.02702702702702703,0.972972972972973,
74,RF,P_TPR85,0.6193552165968903,0.8648648648648649,0.033783783783783786,0.9662162162162162,
74,RF,P_TPR95,0.04224793803809145,0.9594594594594594,0.2972972972972973,0.7027027027027026,
74,RF,P_OPT,0.6193552165968903,0.8648648648648649,0.033783783783783786,0.9662162162162162,0.8310810810810811
75,LR,P_TPR70,0.7013490314081127,0.7297297297297297,0.04054054054054054,0.9594594594594594,
75,LR,P_TPR85,0.5288572020961134,0.8513513513513513,0.05405405405405406,0.9459459459459459,
75,LR,P_TPR95,0.3357427144107889,0.9594594594594594,0.14189189189189189,0.8581081081081081,
75,LR,P_OPT,0.3357427144107889,0.9594594594594594,0.14189189189189189,0.8581081081081081,0.8175675675675675
75,GAM,P_TPR70,0.7019174180367315,0.7027027027027027,0.04054054054054054,0.9594594594594594,
75,GAM,P_TPR85,0.49915447767094767,0.8513513513513513,0.07432432432432433,0.9256756756756757,
75,GAM,P_TPR95,0.29683277046166434,0.9864864864864865,0.17567567567567569,0.8243243243243243,
75,GAM,P_OPT,0.29683277046166434,0.9864864864864865,0.17567567567567569,0.8243243243243243,0.8108108108108109
75,RF,P_TPR70,0.7493093131085723,0.7432432432432432,0.05405405405405406,0.9459459459459459,
75,RF,P_TPR85,0.6061958606854184,0.8783783783783784,0.11486486486486487,0.8851351351351351,
75,RF,P_TPR95,0.49676553129899664,0.9594594594594594,0.14189189189189189,0.8581081081081081,
75,RF,P_OPT,0.30039740776374785,0.9864864864864865,0.16216216216216217,0.8378378378378378,0.8243243243243243
76,LR,P_TPR70,0.5441727999792874,0.7297297297297297,0.033783783783783786,0.9662162162162162,
76,LR,P_TPR85,0.3061199636063739,0.8648648648648649,0.12162162162162163,0.8783783783783784,
76,LR,P_TPR95,0.18133418313246255,0.9594594594594594,0.22972972972972974,0.7702702702702703,
76,LR,P_OPT,0.383352977058904,0.8378378378378378,0.07432432432432433,0.9256756756756757,0.7635135135135135
76,GAM,P_TPR70,0.5444617896881534,0.7432432432432432,0.033783783783783786,0.9662162162162162,
76,GAM,P_TPR85,0.3596688822758856,0.8513513513513513,0.0945945945945946,0.9054054054054054,
76,GAM,P_TPR95,0.16330230482017494,0.972972972972973,0.20945945945945946,0.7905405405405406,
76,GAM,P_OPT,0.3027179377640149,0.8918918918918919,0.11486486486486487,0.8851351351351351,0.777027027027027
76,RF,P_TPR70,0.6352941625821288,0.7162162162162162,0.0472972972972973,0.9527027027027027,
76,RF,P_TPR85,0.4006420468647579,0.8648648648648649,0.08108108108108109,0.9189189189189189,
76,RF,P_TPR95,0.05046705602962569,0.9594594594594594,0.28378378378378377,0.7162162162162162,
76,RF,P_OPT,0.35012356526342603,0.9054054054054054,0.0945945945945946,0.9054054054054054,0.8108108108108107
77,LR,P_TPR70,0.5862177570704608,0.7162162162162162,0.0472972972972973,0.9527027027027027,
77,LR,P_TPR85,0.341436150560445,0.8513513513513513,0.11486486486486487,0.8851351351351351,
77,LR,P_TPR95,0.25426952408891873,0.9594594594594594,0.12837837837837837,0.8716216216216216,
77,LR,P_OPT,0.21460466510914472,0.972972972972973,0.13513513513513514,0.8648648648648649,0.8378378378378379
77,GAM,P_TPR70,0.6575571203750176,0.7297297297297297,0.04054054054054054,0.9594594594594594,
77,GAM,P_TPR85,0.42886373841625913,0.8648648648648649,0.08108108108108109,0.9189189189189189,
77,GAM,P_TPR95,0.22564899054113205,0.9594594594594594,0.13513513513513514,0.8648648648648649,
77,GAM,P_OPT,0.22564899054113205,0.9594594594594594,0.13513513513513514,0.8648648648648649,0.8243243243243243
77,RF,P_TPR70,0.7505102476746974,0.7027027027027027,0.04054054054054054,0.9594594594594594,
77,RF,P_TPR85,0.5225098467551252,0.8783783783783784,0.07432432432432433,0.9256756756756757,
77,RF,P_TPR95,0.33997006537869146,0.9594594594594594,0.11486486486486487,0.8851351351351351,
77,RF,P_OPT,0.29704377429733625,0.972972972972973,0.12162162162162163,0.8783783783783784,0.8513513513513514
78,LR,P_TPR70,0.513133512259121,0.7297297297297297,0.07432432432432433,0.9256756756756757,
78,LR,P_TPR85,0.33823188728217723,0.8513513513513513,0.12162162162162163,0.8783783783783784,
78,LR,P_TPR95,0.21233751933733402,0.9594594594594594,0.16216216216216217,0.8378378378378378,
78,LR,P_OPT,0.23224462755874084,0.9459459459459459,0.14864864864864866,0.8513513513513513,0.7972972972972973
78,GAM,P_TPR70,0.5724280277283086,0.7162162162162162,0.060810810810810814,0.9391891891891891,
78,GAM,P_TPR85,0.3572698734846332,0.8648648648648649,0.10135135135135136,0.8986486486486487,
78,GAM,P_TPR95,0.22266460950858216,0.972972972972973,0.16891891891891891,0.8310810810810811,
78,GAM,P_OPT,0.22266460950858216,0.972972972972973,0.16891891891891891,0.8310810810810811,0.8040540540540542
78,RF,P_TPR70,0.7366719541017609,0.7297297297297297,0.033783783783783786,0.9662162162162162,
78,RF,P_TPR85,0.5991617674160704,0.8513513513513513,0.060810810810810814,0.9391891891891891,
78,RF,P_TPR95,0.18166406265910656,0.9594594594594594,0.13513513513513514,0.8648648648648649,
78,RF,P_OPT,0.3063919050608837,0.9324324324324325,0.10135135135135136,0.8986486486486487,0.8310810810810811
79,LR,P_TPR70,0.6097969569444425,0.7432432432432432,0.05405405405405406,0.9459459459459459,
79,LR,P_TPR85,0.37240664673822715,0.8783783783783784,0.07432432432432433,0.9256756756756757,
79,LR,P_TPR95,0.15966785620494048,0.9594594594594594,0.18243243243243243,0.8175675675675675,
79,LR,P_OPT,0.2712349198935528,0.918918918918919,0.0945945945945946,0.9054054054054054,0.8243243243243243
79,GAM,P_TPR70,0.5437052997991784,0.7972972972972973,0.0472972972972973,0.9527027027027027,
79,GAM,P_TPR85,0.48737826742618795,0.8513513513513513,0.060810810810810814,0.9391891891891891,
79,GAM,P_TPR95,0.1759941412086477,0.9594594594594594,0.16891891891891891,0.8310810810810811,
79,GAM,P_OPT,0.2693993505767161,0.918918918918919,0.0945945945945946,0.9054054054054054,0.8243243243243243
79,RF,P_TPR70,0.6969347219180209,0.7297297297297297,0.02702702702702703,0.972972972972973,
79,RF,P_TPR85,0.581537863196727,0.8648648648648649,0.04054054054054054,0.9594594594594594,
79,RF,P_TPR95,0.18213556245121132,0.9594594594594594,0.12162162162162163,0.8783783783783784,
79,RF,P_OPT,0.37710961233381224,0.918918918918919,0.07432432432432433,0.9256756756756757,0.8445945945945946
80,LR,P_TPR70,0.5350876998781117,0.7432432432432432,0.0472972972972973,0.9527027027027027,
80,LR,P_TPR85,0.41933301598160194,0.8513513513513513,0.060810810810810814,0.9391891891891891,
80,LR,P_TPR95,0.17419712274603794,0.972972972972973,0.17567567567567569,0.8243243243243243,
80,LR,P_OPT,0.38651855752769093,0.8918918918918919,0.06756756756756757,0.9324324324324325,0.8243243243243243
80,GAM,P_TPR70,0.5700895429006707,0.7432432432432432,0.04054054054054054,0.9594594594594594,
80,GAM,P_TPR85,0.41618933905147293,0.8513513513513513,0.07432432432432433,0.9256756756756757,
80,GAM,P_TPR95,0.13403566889577806,0.972972972972973,0.19594594594594594,0.8040540540540541,
80,GAM,P_OPT,0.2591622597806524,0.9459459459459459,0.10810810810810811,0.8918918918918919,0.8378378378378378
80,RF,P_TPR70,0.6832656993165296,0.7567567567567568,0.0472972972972973,0.9527027027027027,
80,RF,P_TPR85,0.5310379153268207,0.8513513513513513,0.06756756756756757,0.9324324324324325,
80,RF,P_TPR95,0.01903961300137771,0.972972972972973,0.4797297297297297,0.5202702702702703,
80,RF,P_OPT,0.37405785893377375,0.9324324324324325,0.07432432432432433,0.9256756756756757,0.8581081081081081
81,LR,P_TPR70,0.5834242113522422,0.7297297297297297,0.04054054054054054,0.9594594594594594,
81,LR,P_TPR85,0.27907731207586756,0.8918918918918919,0.10135135135135136,0.8986486486486487,
81,LR,P_TPR95,0.21541852335160205,0.9594594594594594,0.11486486486486487,0.8851351351351351,
81,LR,P_OPT,0.21541852335160205,0.9594594594594594,0.11486486486486487,0.8851351351351351,0.8445945945945945
81,GAM,P_TPR70,0.613728024676942,0.7162162162162162,0.04054054054054054,0.9594594594594594,
81,GAM,P_TPR85,0.32284141460630417,0.8513513513513513,0.08783783783783784,0.9121621621621622,
81,GAM,P_TPR95,0.19849256996330045,0.9594594594594594,0.12162162162162163,0.8783783783783784,
81,GAM,P_OPT,0.16854091617143183,0.9864864864864865,0.13513513513513514,0.8648648648648649,0.8513513513513513
81,RF,P_TPR70,0.7633890457547293,0.7162162162162162,0.05405405405405406,0.9459459459459459,
81,RF,P_TPR85,0.5004009060272371,0.8918918918918919,0.08783783783783784,0.9121621621621622,
81,RF,P_TPR95,0.3636770298827406,0.9594594594594594,0.10135135135135136,0.8986486486486487,
81,RF,P_OPT,0.46881599879308883,0.9459459459459459,0.08783783783783784,0.9121621621621622,0.8581081081081081
82,LR,P_TPR70,0.5996152561650068,0.7162162162162162,0.06756756756756757,0.9324324324324325,
82,LR,P_TPR85,0.3841863697658452,0.8648648648648649,0.12837837837837837,0.8716216216216216,
82,LR,P_TPR95,0.2260822829187476,0.9594594594594594,0.1891891891891892,0.8108108108108107,
82,LR,P_OPT,0.21054912159836678,0.972972972972973,0.19594594594594594,0.8040540540540541,0.7770270270270271
82,GAM,P_TPR70,0.5667276769877196,0.7432432432432432,0.06756756756756757,0.9324324324324325,
82,GAM,P_TPR85,0.3865800404750452,0.8513513513513513,0.12837837837837837,0.8716216216216216,
82,GAM,P_TPR95,0.23251327866268526,0.9594594594594594,0.17567567567567569,0.8243243243243243,
82,GAM,P_OPT,0.23251327866268526,0.9594594594594594,0.17567567567567569,0.8243243243243243,0.7837837837837838
82,RF,P_TPR70,0.660976036321589,0.7432432432432432,0.07432432432432433,0.9256756756756757,
82,RF,P_TPR85,0.5373821065308771,0.8513513513513513,0.08783783783783784,0.9121621621621622,
82,RF,P_TPR95,0.269343120121886,0.9594594594594594,0.14864864864864866,0.8513513513513513,
82,RF,P_OPT,0.39264083952777656,0.9459459459459459,0.12162162162162163,0.8783783783783784,0.8243243243243243
83,LR,P_TPR70,0.6344925500697677,0.7297297297297297,0.04054054054054054,0.9594594594594594,
83,LR,P_TPR85,0.31079138555434105,0.8648648648648649,0.08783783783783784,0.9121621621621622,
83,LR,P_TPR95,0.16140209440809652,0.9594594594594594,0.18243243243243243,0.8175675675675675,
83,LR,P_OPT,0.18242239596582063,0.9324324324324325,0.14189189189189189,0.8581081081081081,0.7905405405405406
83,GAM,P_TPR70,0.6919340479611523,0.7027027027027027,0.04054054054054054,0.9594594594594594,
83,GAM,P_TPR85,0.34305871813774724,0.8648648648648649,0.08783783783783784,0.9121621621621622,
83,GAM,P_TPR95,0.12905126690946545,0.9594594594594594,0.20945945945945946,0.7905405405405406,
83,GAM,P_OPT,0.17938325504587493,0.9459459459459459,0.14189189189189189,0.8581081081081081,0.8040540540540541
83,RF,P_TPR70,0.6440550698876605,0.7567567567567568,0.07432432432432433,0.9256756756756757,
83,RF,P_TPR85,0.5131181942358645,0.8648648648648649,0.08783783783783784,0.9121621621621622,
83,RF,P_TPR95,0.036804770864173046,0.972972972972973,0.28378378378378377,0.7162162162162162,
83,RF,P_OPT,0.34098962834177543,0.9324324324324325,0.10135135135135136,0.8986486486486487,0.8310810810810811
84,LR,P_TPR70,0.40774302158941406,0.7297297297297297,0.08108108108108109,0.9189189189189189,
84,LR,P_TPR85,0.2915069241573304,0.8513513513513513,0.10810810810810811,0.8918918918918919,
84,LR,P_TPR95,0.19442193246967335,0.972972972972973,0.16891891891891891,0.8310810810810811,
84,LR,P_OPT,0.19442193246967335,0.972972972972973,0.16891891891891891,0.8310810810810811,0.8040540540540542
84,GAM,P_TPR70,0.43227519056659186,0.7297297297297297,0.06756756756756757,0.9324324324324325,
84,GAM,P_TPR85,0.31693242178561293,0.8513513513513513,0.10135135135135136,0.8986486486486487,
84,GAM,P_TPR95,0.19590909734352804,0.9864864864864865,0.16891891891891891,0.8310810810810811,
84,GAM,P_OPT,0.19590909734352804,0.9864864864864865,0.16891891891891891,0.8310810810810811,0.8175675675675675
84,RF,P_TPR70,0.5831262018416477,0.7972972972972973,0.0472972972972973,0.9527027027027027,
84,RF,P_TPR85,0.525422845390386,0.8513513513513513,0.06756756756756757,0.9324324324324325,
84,RF,P_TPR95,0.2112823312136781,0.9594594594594594,0.10810810810810811,0.8918918918918919,
84,RF,P_OPT,0.2112823312136781,0.9594594594594594,0.10810810810810811,0.8918918918918919,0.8513513513513513
85,LR,P_TPR70,0.668889284810198,0.7297297297297297,0.006756756756756757,0.9932432432432432,
85,LR,P_TPR85,0.48350232749837013,0.8513513513513513,0.04054054054054054,0.9594594594594594,
85,LR,P_TPR95,0.22932594227284023,1.0,0.08783783783783784,0.9121621621621622,
85,LR,P_OPT,0.22932594227284023,1.0,0.08783783783783784,0.9121621621621622,0.9121621621621622
85,GAM,P_TPR70,0.6805568916118507,0.7162162162162162,0.006756756756756757,0.9932432432432432,
85,GAM,P_TPR85,0.4308277852662653,0.8648648648648649,0.0472972972972973,0.9527027027027027,
85,GAM,P_TPR95,0.25397871891013113,0.972972972972973,0.07432432432432433,0.9256756756756757,
85,GAM,P_OPT,0.24474660366346723,1.0,0.08783783783783784,0.9121621621621622,0.9121621621621622
85,RF,P_TPR70,0.727331437078412,0.7027027027027027,0.02027027027027027,0.9797297297297297,
85,RF,P_TPR85,0.5471476823995817,0.8918918918918919,0.033783783783783786,0.9662162162162162,
85,RF,P_TPR95,0.47051022197616604,0.972972972972973,0.0472972972972973,0.9527027027027027,
85,RF,P_OPT,0.4018508464054296,0.9864864864864865,0.05405405405405406,0.9459459459459459,0.9324324324324325
86,LR,P_TPR70,0.6274724052335622,0.7027027027027027,0.02702702702702703,0.972972972972973,
86,LR,P_TPR85,0.4107403465357104,0.8513513513513513,0.08108108108108109,0.9189189189189189,
86,LR,P_TPR95,0.2284425501251224,0.9594594594594594,0.16216216216216217,0.8378378378378378,
86,LR,P_OPT,0.17851630867672783,0.9864864864864865,0.1891891891891892,0.8108108108108107,0.7972972972972974
86,GAM,P_TPR70,0.6204084853354156,0.7162162162162162,0.02702702702702703,0.972972972972973,
86,GAM,P_TPR85,0.42472989032985764,0.8513513513513513,0.07432432432432433,0.9256756756756757,
86,GAM,P_TPR95,0.19458108633539362,0.9864864864864865,0.1891891891891892,0.8108108108108107,
86,GAM,P_OPT,0.19458108633539362,0.9864864864864865,0.1891891891891892,0.8108108108108107,0.7972972972972974
86,RF,P_TPR70,0.5945084060534228,0.8648648648648649,0.07432432432432433,0.9256756756756757,
86,RF,P_TPR85,0.5945084060534228,0.8648648648648649,0.07432432432432433,0.9256756756756757,
86,RF,P_TPR95,0.4546359807944312,0.9594594594594594,0.11486486486486487,0.8851351351351351,
86,RF,P_OPT,0.40691641381494315,0.972972972972973,0.12837837837837837,0.8716216216216216,0.8445945945945946
87,LR,P_TPR70,0.6092984811888132,0.7027027027027027,0.0472972972972973,0.9527027027027027,
87,LR,P_TPR85,0.3848710179463031,0.8513513513513513,0.06756756756756757,0.9324324324324325,
87,LR,P_TPR95,0.22291981382371706,0.9594594594594594,0.13513513513513514,0.8648648648648649,
87,LR,P_OPT,0.24065634066901823,0.9459459459459459,0.10810810810810811,0.8918918918918919,0.8378378378378378
87,GAM,P_TPR70,0.6321773748093281,0.7027027027027027,0.0472972972972973,0.9527027027027027,
87,GAM,P_TPR85,0.4096568976767722,0.8513513513513513,0.06756756756756757,0.9324324324324325,
87,GAM,P_TPR95,0.248933071140655,0.9594594594594594,0.10135135135135136,0.8986486486486487,
87,GAM,P_OPT,0.248933071140655,0.9594594594594594,0.10135135135135136,0.8986486486486487,0.8581081081081081
87,RF,P_TPR70,0.6514833862877373,0.7432432432432432,0.060810810810810814,0.9391891891891891,
87,RF,P_TPR85,0.5273554964174039,0.8513513513513513,0.08108108108108109,0.9189189189189189,
87,RF,P_TPR95,0.31095345082962883,0.9594594594594594,0.10810810810810811,0.8918918918918919,
87,RF,P_OPT,0.31095345082962883,0.9594594594594594,0.10810810810810811,0.8918918918918919,0.8513513513513513
88,LR,P_TPR70,0.588778075982638,0.7162162162162162,0.08108108108108109,0.9189189189189189,
88,LR,P_TPR85,0.36198982880408437,0.8648648648648649,0.12837837837837837,0.8716216216216216,
88,LR,P_TPR95,0.28734591499828616,0.9594594594594594,0.16216216216216217,0.8378378378378378,
88,LR,P_OPT,0.23780150014914986,0.9864864864864865,0.18243243243243243,0.8175675675675675,0.8040540540540541
88,GAM,P_TPR70,0.6667157260810864,0.7027027027027027,0.05405405405405406,0.9459459459459459,
88,GAM,P_TPR85,0.38171307303045743,0.8648648648648649,0.12162162162162163,0.8783783783783784,
88,GAM,P_TPR95,0.2595042322059789,0.9864864864864865,0.17567567567567569,0.8243243243243243,
88,GAM,P_OPT,0.2595042322059789,0.9864864864864865,0.17567567567567569,0.8243243243243243,0.8108108108108109
88,RF,P_TPR70,0.7888395708439462,0.7297297297297297,0.060810810810810814,0.9391891891891891,
88,RF,P_TPR85,0.6309530363825668,0.8513513513513513,0.10135135135135136,0.8986486486486487,
88,RF,P_TPR95,0.23130347525331213,0.9594594594594594,0.17567567567567569,0.8243243243243243,
88,RF,P_OPT,0.23130347525331213,0.9594594594594594,0.17567567567567569,0.8243243243243243,0.7837837837837838
89,LR,P_TPR70,0.5497806134810975,0.7027027027027027,0.060810810810810814,0.9391891891891891,
89,LR,P_TPR85,0.33235005990099575,0.8648648648648649,0.0945945945945946,0.9054054054054054,
89,LR,P_TPR95,0.17459639854870587,0.972972972972973,0.18243243243243243,0.8175675675675675,
89,LR,P_OPT,0.21723446562133272,0.9324324324324325,0.13513513513513514,0.8648648648648649,0.7972972972972974
89,GAM,P_TPR70,0.5156611648331348,0.7027027027027027,0.06756756756756757,0.9324324324324325,
89,GAM,P_TPR85,0.349520072198224,0.8648648648648649,0.08783783783783784,0.9121621621621622,
89,GAM,P_TPR95,0.22719521939710402,0.9594594594594594,0.13513513513513514,0.8648648648648649,
89,GAM,P_OPT,0.22719521939710402,0.9594594594594594,0.13513513513513514,0.8648648648648649,0.8243243243243243
89,RF,P_TPR70,0.6580571088627207,0.7162162162162162,0.06756756756756757,0.9324324324324325,
89,RF,P_TPR85,0.42522966793403655,0.918918918918919,0.08783783783783784,0.9121621621621622,
89,RF,P_TPR95,0.3067258912213453,0.9594594594594594,0.0945945945945946,0.9054054054054054,
89,RF,P_OPT,0.3067258912213453,0.9594594594594594,0.0945945945945946,0.9054054054054054,0.8648648648648648
90,LR,P_TPR70,0.6525637862161473,0.7027027027027027,0.07432432432432433,0.9256756756756757,
90,LR,P_TPR85,0.467193184770649,0.8513513513513513,0.11486486486486487,0.8851351351351351,
90,LR,P_TPR95,0.24765302386700613,0.972972972972973,0.1554054054054054,0.8445945945945946,
90,LR,P_OPT,0.22057592791703098,1.0,0.16216216216216217,0.8378378378378378,0.8378378378378378
90,GAM,P_TPR70,0.6794953625019851,0.7027027027027027,0.07432432432432433,0.9256756756756757,
90,GAM,P_TPR85,0.38250589579248373,0.918918918918919,0.12162162162162163,0.8783783783783784,
90,GAM,P_TPR95,0.2923440009008623,0.9594594594594594,0.14189189189189189,0.8581081081081081,
90,GAM,P_OPT,0.22768300836286423,0.9864864864864865,0.16216216216216217,0.8378378378378378,0.8243243243243243
90,RF,P_TPR70,0.7261685070167849,0.7027027027027027,0.0945945945945946,0.9054054054054054,
90,RF,P_TPR85,0.5236978166699268,0.8513513513513513,0.12837837837837837,0.8716216216216216,
90,RF,P_TPR95,0.388787743735338,0.972972972972973,0.14864864864864866,0.8513513513513513,
90,RF,P_OPT,0.388787743735338,0.972972972972973,0.14864864864864866,0.8513513513513513,0.8243243243243243
91,LR,P_TPR70,0.48481569765934707,0.7432432432432432,0.07432432432432433,0.9256756756756757,
91,LR,P_TPR85,0.3343350952800545,0.8513513513513513,0.12162162162162163,0.8783783783783784,
91,LR,P_TPR95,0.21681482298278842,0.9594594594594594,0.17567567567567569,0.8243243243243243,
91,LR,P_OPT,0.21543930476973347,0.9864864864864865,0.17567567567567569,0.8243243243243243,0.8108108108108109
91,GAM,P_TPR70,0.5366613350704991,0.7027027027027027,0.06756756756756757,0.9324324324324325,
91,GAM,P_TPR85,0.3373686287393093,0.8648648648648649,0.12837837837837837,0.8716216216216216,
91,GAM,P_TPR95,0.24822503740121135,0.972972972972973,0.16216216216216217,0.8378378378378378,
91,GAM,P_OPT,0.24822503740121135,0.972972972972973,0.16216216216216217,0.8378378378378378,0.8108108108108109
91,RF,P_TPR70,0.6020212985520403,0.7837837837837838,0.06756756756756757,0.9324324324324325,
91,RF,P_TPR85,0.47588114936848175,0.8648648648648649,0.08783783783783784,0.9121621621621622,
91,RF,P_TPR95,0.38226610235869013,0.9594594594594594,0.10135135135135136,0.8986486486486487,
91,RF,P_OPT,0.38226610235869013,0.9594594594594594,0.10135135135135136,0.8986486486486487,0.8581081081081081
92,LR,P_TPR70,0.5342515756565922,0.7027027027027027,0.05405405405405406,0.9459459459459459,
92,LR,P_TPR85,0.40006954938584716,0.8648648648648649,0.08783783783783784,0.9121621621621622,
92,LR,P_TPR95,0.1806485199705321,0.9594594594594594,0.18243243243243243,0.8175675675675675,
92,LR,P_OPT,0.37168555087825406,0.8918918918918919,0.10135135135135136,0.8986486486486487,0.7905405405405406
92,GAM,P_TPR70,0.5433412487174589,0.7162162162162162,0.05405405405405406,0.9459459459459459,
92,GAM,P_TPR85,0.41071656235524895,0.8513513513513513,0.08783783783783784,0.9121621621621622,
92,GAM,P_TPR95,0.18323447612264537,0.9594594594594594,0.1891891891891892,0.8108108108108107,
92,GAM,P_OPT,0.2686114834438114,0.9324324324324325,0.12837837837837837,0.8716216216216216,0.8040540540540541
92,RF,P_TPR70,0.6554754432934503,0.7162162162162162,0.06756756756756757,0.9324324324324325,
92,RF,P_TPR85,0.520392406399464,0.8513513513513513,0.07432432432432433,0.9256756756756757,
92,RF,P_TPR95,0.10884444235538063,0.9594594594594594,0.1891891891891892,0.8108108108108107,
92,RF,P_OPT,0.28933714611722333,0.9459459459459459,0.13513513513513514,0.8648648648648649,0.8108108108108107
93,LR,P_TPR70,0.5983435633445856,0.7162162162162162,0.08783783783783784,0.9121621621621622,
93,LR,P_TPR85,0.43320669584182225,0.8513513513513513,0.14864864864864866,0.8513513513513513,
93,LR,P_TPR95,0.2322199884811533,0.972972972972973,0.20945945945945946,0.7905405405405406,
93,LR,P_OPT,0.22356469903928652,0.9864864864864865,0.20945945945945946,0.7905405405405406,0.7770270270270271
93,GAM,P_TPR70,0.6007007848948749,0.7972972972972973,0.08108108108108109,0.9189189189189189,
93,GAM,P_TPR85,0.43509357415031297,0.8513513513513513,0.14864864864864866,0.8513513513513513,
93,GAM,P_TPR95,0.2655302636328047,0.9594594594594594,0.1891891891891892,0.8108108108108107,
93,GAM,P_OPT,0.25730943689211766,0.9864864864864865,0.1891891891891892,0.8108108108108107,0.7972972972972974
93,RF,P_TPR70,0.67613786324778,0.7837837837837838,0.08108108108108109,0.9189189189189189,
93,RF,P_TPR85,0.5095991755367522,0.9594594594594594,0.13513513513513514,0.8648648648648649,
93,RF,P_TPR95,0.5095991755367522,0.9594594594594594,0.13513513513513514,0.8648648648648649,
93,RF,P_OPT,0.5095991755367522,0.9594594594594594,0.13513513513513514,0.8648648648648649,0.8243243243243243
94,LR,P_TPR70,0.5499340029239815,0.7027027027027027,0.08108108108108109,0.9189189189189189,
94,LR,P_TPR85,0.3276215824111158,0.8648648648648649,0.16891891891891891,0.8310810810810811,
94,LR,P_TPR95,0.15834218297566263,0.972972972972973,0.2905405405405405,0.7094594594594594,
94,LR,P_OPT,0.2987640767956109,0.8783783783783784,0.17567567567567569,0.8243243243243243,0.7027027027027027
94,GAM,P_TPR70,0.574859017143448,0.7027027027027027,0.08783783783783784,0.9121621621621622,
94,GAM,P_TPR85,0.3630262388090666,0.8513513513513513,0.13513513513513514,0.8648648648648649,
94,GAM,P_TPR95,0.1619211194749793,0.9594594594594594,0.23648648648648649,0.7635135135135135,
94,GAM,P_OPT,0.3537951706335964,0.8648648648648649,0.14189189189189189,0.8581081081081081,0.722972972972973
94,RF,P_TPR70,0.6181852964412745,0.7567567567567568,0.0945945945945946,0.9054054054054054,
94,RF,P_TPR85,0.4426964023425908,0.8783783783783784,0.14189189189189189,0.8581081081081081,
94,RF,P_TPR95,0.19081650017603383,0.9594594594594594,0.17567567567567569,0.8243243243243243,
94,RF,P_OPT,0.19081650017603383,0.9594594594594594,0.17567567567567569,0.8243243243243243,0.7837837837837838
95,LR,P_TPR70,0.6496629496630476,0.7432432432432432,0.04054054054054054,0.9594594594594594,
95,LR,P_TPR85,0.4826226276935552,0.8648648648648649,0.08108108108108109,0.9189189189189189,
95,LR,P_TPR95,0.2514039329584386,0.972972972972973,0.1554054054054054,0.8445945945945946,
95,LR,P_OPT,0.2514039329584386,0.972972972972973,0.1554054054054054,0.8445945945945946,0.8175675675675677
95,GAM,P_TPR70,0.6413617747721088,0.7567567567567568,0.0472972972972973,0.9527027027027027,
95,GAM,P_TPR85,0.5305627354693003,0.8513513513513513,0.06756756756756757,0.9324324324324325,
95,GAM,P_TPR95,0.23398890699955252,0.972972972972973,0.16216216216216217,0.8378378378378378,
95,GAM,P_OPT,0.46116225272281447,0.9054054054054054,0.07432432432432433,0.9256756756756757,0.831081081081081
95,RF,P_TPR70,0.6995092559356836,0.7567567567567568,0.0472972972972973,0.9527027027027027,
95,RF,P_TPR85,0.48795707447653874,0.918918918918919,0.07432432432432433,0.9256756756756757,
95,RF,P_TPR95,0.4327793611393277,0.9594594594594594,0.08108108108108109,0.9189189189189189,
95,RF,P_OPT,0.4327793611393277,0.9594594594594594,0.08108108108108109,0.9189189189189189,0.8783783783783783
96,LR,P_TPR70,0.5122899400063855,0.7297297297297297,0.06756756756756757,0.9324324324324325,
96,LR,P_TPR85,0.3817776287244458,0.8648648648648649,0.08783783783783784,0.9121621621621622,
96,LR,P_TPR95,0.2254183168144773,0.9594594594594594,0.12837837837837837,0.8716216216216216,
96,LR,P_OPT,0.20474870611187243,0.9864864864864865,0.13513513513513514,0.8648648648648649,0.8513513513513513
96,GAM,P_TPR70,0.49977328838164137,0.7567567567567568,0.06756756756756757,0.9324324324324325,
96,GAM,P_TPR85,0.405079488024311,0.8648648648648649,0.08108108108108109,0.9189189189189189,
96,GAM,P_TPR95,0.19630177156274334,0.972972972972973,0.12837837837837837,0.8716216216216216,
96,GAM,P_OPT,0.19630177156274334,0.972972972972973,0.12837837837837837,0.8716216216216216,0.8445945945945946
96,RF,P_TPR70,0.7068590397828696,0.7297297297297297,0.06756756756756757,0.9324324324324325,
96,RF,P_TPR85,0.4765821196861067,0.8783783783783784,0.0945945945945946,0.9054054054054054,
96,RF,P_TPR95,0.23375980554808617,0.9594594594594594,0.12162162162162163,0.8783783783783784,
96,RF,P_OPT,0.23375980554808617,0.9594594594594594,0.12162162162162163,0.8783783783783784,0.8378378378378378
97,LR,P_TPR70,0.703503665963304,0.7027027027027027,0.05405405405405406,0.9459459459459459,
97,LR,P_TPR85,0.4123774092389052,0.8513513513513513,0.08783783783783784,0.9121621621621622,
97,LR,P_TPR95,0.20039831004133593,0.9594594594594594,0.16891891891891891,0.8310810810810811,
97,LR,P_OPT,0.2567410518457592,0.9459459459459459,0.12837837837837837,0.8716216216216216,0.8175675675675675
97,GAM,P_TPR70,0.6195348377065202,0.7702702702702703,0.06756756756756757,0.9324324324324325,
97,GAM,P_TPR85,0.4303793095169352,0.8783783783783784,0.0945945945945946,0.9054054054054054,
97,GAM,P_TPR95,0.22046590361655943,0.9594594594594594,0.14189189189189189,0.8581081081081081,
97,GAM,P_OPT,0.27753124132181967,0.9459459459459459,0.11486486486486487,0.8851351351351351,0.831081081081081
97,RF,P_TPR70,0.6906396382492291,0.7837837837837838,0.05405405405405406,0.9459459459459459,
97,RF,P_TPR85,0.45868727657320785,0.9324324324324325,0.08783783783783784,0.9121621621621622,
97,RF,P_TPR95,0.19676642607046818,0.9594594594594594,0.14189189189189189,0.8581081081081081,
97,RF,P_OPT,0.4308274738774338,0.9459459459459459,0.0945945945945946,0.9054054054054054,0.8513513513513513
98,LR,P_TPR70,0.6737160917958614,0.7027027027027027,0.04054054054054054,0.9594594594594594,
98,LR,P_TPR85,0.4286653836121269,0.8648648648648649,0.08783783783783784,0.9121621621621622,
98,LR,P_TPR95,0.20802584880956881,0.9594594594594594,0.16891891891891891,0.8310810810810811,
98,LR,P_OPT,0.33641949367306645,0.918918918918919,0.10810810810810811,0.8918918918918919,0.8108108108108109
98,GAM,P_TPR70,0.6565151820863144,0.7162162162162162,0.033783783783783786,0.9662162162162162,
98,GAM,P_TPR85,0.4238400695295697,0.8783783783783784,0.08108108108108109,0.9189189189189189,
98,GAM,P_TPR95,0.19856535766602648,0.9594594594594594,0.17567567567567569,0.8243243243243243,
98,GAM,P_OPT,0.2970258068206081,0.9324324324324325,0.12162162162162163,0.8783783783783784,0.8108108108108109
98,RF,P_TPR70,0.7404671236399148,0.7027027027027027,0.0472972972972973,0.9527027027027027,
98,RF,P_TPR85,0.637335677815791,0.8648648648648649,0.060810810810810814,0.9391891891891891,
98,RF,P_TPR95,0.36337959091897604,0.9594594594594594,0.11486486486486487,0.8851351351351351,
98,RF,P_OPT,0.36337959091897604,0.9594594594594594,0.11486486486486487,0.8851351351351351,0.8445945945945945
99,LR,P_TPR70,0.570014543891033,0.7297297297297297,0.04054054054054054,0.9594594594594594,
99,LR,P_TPR85,0.37044619162604236,0.918918918918919,0.08783783783783784,0.9121621621621622,
99,LR,P_TPR95,0.28521594330310474,0.9594594594594594,0.14189189189189189,0.8581081081081081,
99,LR,P_OPT,0.37044619162604236,0.918918918918919,0.08783783783783784,0.9121621621621622,0.8310810810810811
99,GAM,P_TPR70,0.6586178097150912,0.7027027027027027,0.02027027027027027,0.9797297297297297,
99,GAM,P_TPR85,0.41475066386863413,0.8648648648648649,0.07432432432432433,0.9256756756756757,
99,GAM,P_TPR95,0.3279942780069508,0.9594594594594594,0.12837837837837837,0.8716216216216216,
99,GAM,P_OPT,0.38458545736634336,0.918918918918919,0.08783783783783784,0.9121621621621622,0.8310810810810811
99,RF,P_TPR70,0.7527377626604154,0.7297297297297297,0.02702702702702703,0.972972972972973,
99,RF,P_TPR85,0.592865717099712,0.8783783783783784,0.060810810810810814,0.9391891891891891,
99,RF,P_TPR95,0.26483230343598196,0.972972972972973,0.14189189189189189,0.8581081081081081,
99,RF,P_OPT,0.26483230343598196,0.972972972972973,0.14189189189189189,0.8581081081081081,0.8310810810810811
