run_id,model,thr_level,threshold,tpr,fpr,tnr,youden_J
0,LR,P_TPR70,0.6911094983027558,0.8378378378378378,0.0273972602739726,0.9726027397260274,
0,LR,P_TPR85,0.54157023143186,0.9054054054054054,0.03424657534246575,0.9657534246575342,
0,LR,P_TPR95,0.20664555417391953,0.9594594594594594,0.11643835616438356,0.8835616438356164,
0,LR,P_OPT,0.54157023143186,0.9054054054054054,0.03424657534246575,0.9657534246575342,0.8711588300629396
0,GAM,P_TPR70,0.7275282949119065,0.8783783783783784,0.0273972602739726,0.9726027397260274,
0,GAM,P_TPR85,0.7275282949119065,0.8783783783783784,0.0273972602739726,0.9726027397260274,
0,GAM,P_TPR95,0.20042460319112074,0.972972972972973,0.10273972602739725,0.8972602739726028,
0,GAM,P_OPT,0.20042460319112074,0.972972972972973,0.10273972602739725,0.8972602739726028,0.8702332469455758
0,RF,P_TPR70,0.7717098655996716,0.7162162162162162,0.00684931506849315,0.9931506849315068,
0,RF,P_TPR85,0.4971696469540076,0.9054054054054054,0.0547945205479452,0.9452054794520548,
0,RF,P_TPR95,0.2769766484045877,0.9594594594594594,0.08904109589041095,0.910958904109589,
0,RF,P_OPT,0.3827774195661214,0.9324324324324325,0.06164383561643835,0.9383561643835616,0.8707885968159941
1,LR,P_TPR70,0.8738955357747084,0.7213114754098361,0.0,1.0,
1,LR,P_TPR85,0.7794029730580737,0.8524590163934426,0.0,1.0,
1,LR,P_TPR95,0.33418091005061706,0.9508196721311475,0.03773584905660377,0.9622641509433962,
1,LR,P_OPT,0.25244377941447843,0.9836065573770492,0.05660377358490566,0.9433962264150944,0.9270027837921435
1,GAM,P_TPR70,0.8237521901998018,0.7868852459016393,0.0,1.0,
1,GAM,P_TPR85,0.7406207841359048,0.8852459016393442,0.0,1.0,
1,GAM,P_TPR95,0.346945772418017,0.9672131147540983,0.025157232704402517,0.9748427672955975,
1,GAM,P_OPT,0.346945772418017,0.9672131147540983,0.025157232704402517,0.9748427672955975,0.9420558820496958
1,RF,P_TPR70,0.6762021169140116,0.7540983606557377,0.006289308176100629,0.9937106918238994,
1,RF,P_TPR85,0.5776312941645245,0.8524590163934426,0.006289308176100629,0.9937106918238994,
1,RF,P_TPR95,0.2646425736450484,0.9508196721311475,0.07547169811320754,0.9245283018867925,
1,RF,P_OPT,0.37899839324251433,0.9344262295081968,0.012578616352201259,0.9874213836477987,0.9218476131559955
2,LR,P_TPR70,0.8353105994571826,0.7391304347826086,0.006622516556291391,0.9933774834437086,
2,LR,P_TPR85,0.5065365938082301,0.855072463768116,0.039735099337748346,0.9602649006622517,
2,LR,P_TPR95,0.09800265001473586,0.9710144927536232,0.24503311258278146,0.7549668874172185,
2,LR,P_OPT,0.5065365938082301,0.855072463768116,0.039735099337748346,0.9602649006622517,0.8153373644303676
2,GAM,P_TPR70,0.8118515449723666,0.7101449275362319,0.019867549668874173,0.9801324503311258,
2,GAM,P_TPR85,0.535119383240725,0.855072463768116,0.046357615894039736,0.9536423841059603,
2,GAM,P_TPR95,0.2054634999607045,0.9565217391304348,0.1390728476821192,0.8609271523178808,
2,GAM,P_OPT,0.32798072826980906,0.9130434782608695,0.09271523178807947,0.9072847682119205,0.82032824647279
2,RF,P_TPR70,0.6726117050709011,0.8260869565217391,0.006622516556291391,0.9933774834437086,
2,RF,P_TPR85,0.5789264247995044,0.855072463768116,0.033112582781456956,0.9668874172185431,
2,RF,P_TPR95,0.3878421643122783,0.9565217391304348,0.07947019867549669,0.9205298013245033,
2,RF,P_OPT,0.3878421643122783,0.9565217391304348,0.07947019867549669,0.9205298013245033,0.8770515404549382
3,LR,P_TPR70,0.5808832478200916,0.7894736842105263,0.0,1.0,
3,LR,P_TPR85,0.5209587649368993,0.8552631578947368,0.013888888888888888,0.9861111111111112,
3,LR,P_TPR95,0.09821184312406324,0.9605263157894737,0.14583333333333334,0.8541666666666666,
3,LR,P_OPT,0.445762062759792,0.8947368421052632,0.027777777777777776,0.9722222222222222,0.8669590643274854
4,LR,P_TPR70,0.7045816003721936,0.8428571428571429,0.0,1.0,
4,LR,P_TPR85,0.586498849928946,0.8571428571428571,0.013333333333333334,0.9866666666666667,
4,LR,P_TPR95,0.11920443152634962,0.9714285714285714,0.16666666666666666,0.8333333333333334,
4,LR,P_OPT,0.4186515061906525,0.9142857142857143,0.04,0.96,0.8742857142857142
4,GAM,P_TPR70,0.7584984844718297,0.8142857142857143,0.0,1.0,
4,GAM,P_TPR85,0.5751094182044892,0.8714285714285714,0.006666666666666667,0.9933333333333333,
4,GAM,P_TPR95,0.16487747704853095,0.9571428571428572,0.13333333333333333,0.8666666666666667,
4,GAM,P_OPT,0.5236823016849276,0.9,0.013333333333333334,0.9866666666666667,0.8866666666666667
4,RF,P_TPR70,0.730480359019798,0.8285714285714286,0.0,1.0,
4,RF,P_TPR85,0.5523716167825533,0.8571428571428571,0.006666666666666667,0.9933333333333333,
4,RF,P_TPR95,0.36810921409422626,0.9571428571428572,0.03333333333333333,0.9666666666666667,
4,RF,P_OPT,0.36810921409422626,0.9571428571428572,0.03333333333333333,0.9666666666666667,0.9238095238095239
5,LR,P_TPR70,0.8599683717938792,0.7361111111111112,0.02027027027027027,0.9797297297297297,
5,LR,P_TPR85,0.5462032336620193,0.8888888888888888,0.0472972972972973,0.9527027027027027,
5,LR,P_TPR95,0.19343336396364078,0.9583333333333334,0.12837837837837837,0.8716216216216216,
5,LR,P_OPT,0.41851922013588705,0.9027777777777778,0.060810810810810814,0.9391891891891891,0.8419669669669669
5,GAM,P_TPR70,0.737948092126351,0.8194444444444444,0.02702702702702703,0.972972972972973,
5,GAM,P_TPR85,0.6818781112439533,0.8611111111111112,0.033783783783783786,0.9662162162162162,
5,GAM,P_TPR95,0.24761201231300795,0.9583333333333334,0.11486486486486487,0.8851351351351351,
5,GAM,P_OPT,0.24761201231300795,0.9583333333333334,0.11486486486486487,0.8851351351351351,0.8434684684684685
5,RF,P_TPR70,0.6642697196765117,0.8194444444444444,0.013513513513513514,0.9864864864864865,
5,RF,P_TPR85,0.5463964557947696,0.8611111111111112,0.02702702702702703,0.972972972972973,
5,RF,P_TPR95,0.306133380692227,0.9583333333333334,0.12837837837837837,0.8716216216216216,
5,RF,P_OPT,0.5463964557947696,0.8611111111111112,0.02702702702702703,0.972972972972973,0.8340840840840842
6,LR,P_TPR70,0.8124084184574131,0.7464788732394366,0.0,1.0,
6,LR,P_TPR85,0.539139473932589,0.8732394366197183,0.040268456375838924,0.9597315436241611,
6,LR,P_TPR95,0.12494138663185994,0.9577464788732394,0.18120805369127516,0.8187919463087249,
6,LR,P_OPT,0.4793153736276306,0.9014084507042254,0.04697986577181208,0.9530201342281879,0.8544285849324132
6,GAM,P_TPR70,0.8489082760238766,0.7323943661971831,0.0,1.0,
6,GAM,P_TPR85,0.5427882618785851,0.8591549295774648,0.03355704697986577,0.9664429530201343,
6,GAM,P_TPR95,0.20061735410179835,0.9577464788732394,0.12751677852348994,0.87248322147651,
6,GAM,P_OPT,0.3484664177988587,0.9295774647887324,0.08053691275167785,0.9194630872483222,0.8490405520370545
6,RF,P_TPR70,0.685436181089271,0.7887323943661971,0.0,1.0,
6,RF,P_TPR85,0.608357543117206,0.8873239436619719,0.013422818791946308,0.9865771812080537,
6,RF,P_TPR95,0.2776643644813283,0.9577464788732394,0.10067114093959731,0.8993288590604027,
6,RF,P_OPT,0.5207737087646157,0.9154929577464789,0.040268456375838924,0.9597315436241611,0.8752245013706399
7,LR,P_TPR70,0.8316095520312584,0.7402597402597403,0.0,1.0,
7,LR,P_TPR85,0.5660073696052474,0.9090909090909091,0.013986013986013986,0.986013986013986,
7,LR,P_TPR95,0.4526698717802555,0.974025974025974,0.04195804195804196,0.958041958041958,
7,LR,P_OPT,0.4526698717802555,0.974025974025974,0.04195804195804196,0.958041958041958,0.932067932067932
7,GAM,P_TPR70,0.750784683163484,0.8441558441558441,0.0,1.0,
7,GAM,P_TPR85,0.5862681423616961,0.9090909090909091,0.006993006993006993,0.993006993006993,
7,GAM,P_TPR95,0.46257262876099803,0.974025974025974,0.03496503496503497,0.965034965034965,
7,GAM,P_OPT,0.46257262876099803,0.974025974025974,0.03496503496503497,0.965034965034965,0.939060939060939
7,RF,P_TPR70,0.7133260622505712,0.8181818181818182,0.006993006993006993,0.993006993006993,
7,RF,P_TPR85,0.6562386429320537,0.9090909090909091,0.006993006993006993,0.993006993006993,
7,RF,P_TPR95,0.3923384203423837,0.974025974025974,0.04895104895104895,0.951048951048951,
7,RF,P_OPT,0.3923384203423837,0.974025974025974,0.04895104895104895,0.951048951048951,0.9250749250749251
8,LR,P_TPR70,0.756548608940896,0.7901234567901234,0.014388489208633094,0.9856115107913669,
8,LR,P_TPR85,0.43537959017013506,0.8888888888888888,0.04316546762589928,0.9568345323741008,
8,LR,P_TPR95,0.15596684159914154,0.9506172839506173,0.1366906474820144,0.8633093525179856,
8,LR,P_OPT,0.43537959017013506,0.8888888888888888,0.04316546762589928,0.9568345323741008,0.8457234212629896
9,LR,P_TPR70,0.5258963512604634,0.8888888888888888,0.006369426751592357,0.9936305732484076,
9,LR,P_TPR85,0.5258963512604634,0.8888888888888888,0.006369426751592357,0.9936305732484076,
9,LR,P_TPR95,0.07991130050735071,0.9682539682539683,0.18471337579617833,0.8152866242038217,
9,LR,P_OPT,0.5258963512604634,0.8888888888888888,0.006369426751592357,0.9936305732484076,0.8825194621372965
9,GAM,P_TPR70,0.8132523550072784,0.7777777777777778,0.0,1.0,
9,GAM,P_TPR85,0.5285464587214773,0.8888888888888888,0.006369426751592357,0.9936305732484076,
9,GAM,P_TPR95,0.11818673827057531,0.9523809523809523,0.14012738853503184,0.8598726114649682,
9,GAM,P_OPT,0.5285464587214773,0.8888888888888888,0.006369426751592357,0.9936305732484076,0.8825194621372965
9,RF,P_TPR70,0.5941237868442462,0.8571428571428571,0.0,1.0,
9,RF,P_TPR85,0.5941237868442462,0.8571428571428571,0.0,1.0,
9,RF,P_TPR95,0.26445235157273667,0.9523809523809523,0.07006369426751592,0.9299363057324841,
9,RF,P_OPT,0.4326861336089819,0.9047619047619048,0.012738853503184714,0.9872611464968153,0.8920230512587201
10,LR,P_TPR70,0.8646058624459346,0.7142857142857143,0.013333333333333334,0.9866666666666667,
10,LR,P_TPR85,0.6824170639409817,0.8571428571428571,0.04,0.96,
10,LR,P_TPR95,0.4485707167140584,0.9571428571428572,0.09333333333333334,0.9066666666666666,
10,LR,P_OPT,0.4485707167140584,0.9571428571428572,0.09333333333333334,0.9066666666666666,0.8638095238095238
10,GAM,P_TPR70,0.8075892383681388,0.7142857142857143,0.03333333333333333,0.9666666666666667,
10,GAM,P_TPR85,0.6491883350183002,0.8571428571428571,0.07333333333333333,0.9266666666666666,
10,GAM,P_TPR95,0.3383247354375225,0.9571428571428572,0.12,0.88,
10,GAM,P_OPT,0.3383247354375225,0.9571428571428572,0.12,0.88,0.8371428571428572
10,RF,P_TPR70,0.7757016908061801,0.8,0.013333333333333334,0.9866666666666667,
10,RF,P_TPR85,0.6544893526913123,0.8571428571428571,0.04666666666666667,0.9533333333333334,
10,RF,P_TPR95,0.302095344099232,0.9571428571428572,0.13333333333333333,0.8666666666666667,
10,RF,P_OPT,0.5574008550916143,0.9,0.06,0.94,0.8400000000000001
11,LR,P_TPR70,0.8164848608154684,0.7432432432432432,0.02054794520547945,0.9794520547945206,
11,LR,P_TPR85,0.5014532907333296,0.8648648648648649,0.0684931506849315,0.9315068493150684,
11,LR,P_TPR95,0.10867225571081186,0.9594594594594594,0.2328767123287671,0.7671232876712328,
11,LR,P_OPT,0.5014532907333296,0.8648648648648649,0.0684931506849315,0.9315068493150684,0.7963717141799334
11,GAM,P_TPR70,0.7543598829354736,0.7162162162162162,0.0273972602739726,0.9726027397260274,
11,GAM,P_TPR85,0.4797251968256444,0.8648648648648649,0.0684931506849315,0.9315068493150684,
11,GAM,P_TPR95,0.16941496170706297,0.9594594594594594,0.15753424657534246,0.8424657534246576,
11,GAM,P_OPT,0.28543233583291905,0.918918918918919,0.1095890410958904,0.8904109589041096,0.8093298778230286
11,RF,P_TPR70,0.6858829965050633,0.7297297297297297,0.02054794520547945,0.9794520547945206,
11,RF,P_TPR85,0.5087434894331404,0.8783783783783784,0.04794520547945205,0.952054794520548,
11,RF,P_TPR95,0.3081627770332336,0.9594594594594594,0.1095890410958904,0.8904109589041096,
11,RF,P_OPT,0.36480594244588505,0.9324324324324325,0.0821917808219178,0.9178082191780822,0.8502406516105147
12,LR,P_TPR70,0.8026462780238843,0.8,0.0,1.0,
12,LR,P_TPR85,0.7036061419877396,0.8666666666666667,0.013793103448275862,0.9862068965517241,
12,LR,P_TPR95,0.3464564445846001,0.96,0.041379310344827586,0.9586206896551724,
12,LR,P_OPT,0.3464564445846001,0.96,0.041379310344827586,0.9586206896551724,0.9186206896551724
12,GAM,P_TPR70,0.8696123184944439,0.72,0.0,1.0,
12,GAM,P_TPR85,0.6725142956833615,0.92,0.006896551724137931,0.993103448275862,
12,GAM,P_TPR95,0.38603175935060197,0.96,0.034482758620689655,0.9655172413793104,
12,GAM,P_OPT,0.2823870591063702,0.9866666666666667,0.041379310344827586,0.9586206896551724,0.9452873563218391
12,RF,P_TPR70,0.7443194099074584,0.7733333333333333,0.0,1.0,
12,RF,P_TPR85,0.5136501607846408,0.9333333333333333,0.006896551724137931,0.993103448275862,
12,RF,P_TPR95,0.320174087986698,0.9733333333333334,0.04827586206896552,0.9517241379310345,
12,RF,P_OPT,0.5136501607846408,0.9333333333333333,0.006896551724137931,0.993103448275862,0.9264367816091954
13,LR,P_TPR70,0.8757242334603684,0.7733333333333333,0.020689655172413793,0.9793103448275862,
13,LR,P_TPR85,0.7494807688787083,0.9066666666666666,0.027586206896551724,0.9724137931034482,
13,LR,P_TPR95,0.540698944694826,0.96,0.05517241379310345,0.9448275862068966,
13,LR,P_OPT,0.540698944694826,0.96,0.05517241379310345,0.9448275862068966,0.9048275862068965
13,GAM,P_TPR70,0.8070875403402933,0.8666666666666667,0.020689655172413793,0.9793103448275862,
13,GAM,P_TPR85,0.8070875403402933,0.8666666666666667,0.020689655172413793,0.9793103448275862,
13,GAM,P_TPR95,0.5650755681247738,0.96,0.04827586206896552,0.9517241379310345,
13,GAM,P_OPT,0.5650755681247738,0.96,0.04827586206896552,0.9517241379310345,0.9117241379310345
13,RF,P_TPR70,0.7909139185947647,0.7066666666666667,0.013793103448275862,0.9862068965517241,
13,RF,P_TPR85,0.6285820100684452,0.92,0.034482758620689655,0.9655172413793104,
13,RF,P_TPR95,0.4955520459933857,0.96,0.04827586206896552,0.9517241379310345,
13,RF,P_OPT,0.4955520459933857,0.96,0.04827586206896552,0.9517241379310345,0.9117241379310345
14,LR,P_TPR70,0.7431722863714297,0.8701298701298701,0.0,1.0,
14,LR,P_TPR85,0.7431722863714297,0.8701298701298701,0.0,1.0,
14,LR,P_TPR95,0.14148938011614595,0.961038961038961,0.13286713286713286,0.8671328671328671,
14,LR,P_OPT,0.28702622749822043,0.935064935064935,0.06293706293706294,0.9370629370629371,0.8721278721278721
14,GAM,P_TPR70,0.7416324859445363,0.7532467532467533,0.0,1.0,
14,GAM,P_TPR85,0.653725462665066,0.8571428571428571,0.006993006993006993,0.993006993006993,
14,GAM,P_TPR95,0.2551046194156014,0.961038961038961,0.09090909090909091,0.9090909090909091,
14,GAM,P_OPT,0.5970047287461501,0.8961038961038961,0.02097902097902098,0.9790209790209791,0.8751248751248751
14,RF,P_TPR70,0.7472972434495172,0.7922077922077922,0.006993006993006993,0.993006993006993,
14,RF,P_TPR85,0.6039650629666118,0.8701298701298701,0.02097902097902098,0.9790209790209791,
14,RF,P_TPR95,0.3455690483075208,0.961038961038961,0.04895104895104895,0.951048951048951,
14,RF,P_OPT,0.3455690483075208,0.961038961038961,0.04895104895104895,0.951048951048951,0.9120879120879121
15,LR,P_TPR70,0.7972004398657057,0.7246376811594203,0.02,0.98,
15,LR,P_TPR85,0.39045879311909737,0.855072463768116,0.04666666666666667,0.9533333333333334,
15,LR,P_TPR95,0.18162897731286415,0.9565217391304348,0.10666666666666667,0.8933333333333333,
15,LR,P_OPT,0.165813054890825,0.9710144927536232,0.12,0.88,0.8510144927536232
16,LR,P_TPR70,0.7557306982602642,0.7361111111111112,0.02027027027027027,0.9797297297297297,
16,LR,P_TPR85,0.45972671063806736,0.8611111111111112,0.05405405405405406,0.9459459459459459,
16,LR,P_TPR95,0.053804190029300016,0.9583333333333334,0.3581081081081081,0.6418918918918919,
16,LR,P_OPT,0.32832862930773177,0.9027777777777778,0.08108108108108109,0.9189189189189189,0.8216966966966968
16,GAM,P_TPR70,0.8171257549657186,0.7083333333333334,0.013513513513513514,0.9864864864864865,
16,GAM,P_TPR85,0.3119307932433312,0.875,0.06756756756756757,0.9324324324324325,
16,GAM,P_TPR95,0.06739338986838327,0.9583333333333334,0.3108108108108108,0.6891891891891893,
16,GAM,P_OPT,0.26470837391531016,0.9166666666666666,0.08783783783783784,0.9121621621621622,0.8288288288288288
16,RF,P_TPR70,0.6729264228876058,0.7222222222222222,0.02027027027027027,0.9797297297297297,
16,RF,P_TPR85,0.3951707186373626,0.875,0.08108108108108109,0.9189189189189189,
16,RF,P_TPR95,0.2247930087753285,0.9583333333333334,0.18243243243243243,0.8175675675675675,
16,RF,P_OPT,0.3420130610083111,0.9027777777777778,0.0945945945945946,0.9054054054054054,0.8081831831831832
17,LR,P_TPR70,0.7782039681664427,0.8243243243243243,0.0136986301369863,0.9863013698630136,
17,LR,P_TPR85,0.7301285724673182,0.8783783783783784,0.02054794520547945,0.9794520547945206,
17,LR,P_TPR95,0.25150722676343773,0.9594594594594594,0.136986301369863,0.863013698630137,
17,LR,P_OPT,0.5061205930291994,0.9459459459459459,0.0547945205479452,0.9452054794520548,0.8911514253980007
17,GAM,P_TPR70,0.7856903494630347,0.7162162162162162,0.0136986301369863,0.9863013698630136,
17,GAM,P_TPR85,0.6677921544920009,0.8648648648648649,0.03424657534246575,0.9657534246575342,
17,GAM,P_TPR95,0.3682177399319008,0.9594594594594594,0.0821917808219178,0.9178082191780822,
17,GAM,P_OPT,0.5055520908271252,0.9459459459459459,0.04794520547945205,0.952054794520548,0.8980007404664939
17,RF,P_TPR70,0.6621921049297668,0.8648648648648649,0.0,1.0,
17,RF,P_TPR85,0.6621921049297668,0.8648648648648649,0.0,1.0,
17,RF,P_TPR95,0.41153718207177126,0.9594594594594594,0.07534246575342465,0.9246575342465754,
17,RF,P_OPT,0.6215915947636542,0.918918918918919,0.0136986301369863,0.9863013698630136,0.9052202887819327
18,LR,P_TPR70,0.7667377905522235,0.7922077922077922,0.006993006993006993,0.993006993006993,
18,LR,P_TPR85,0.5168175103267979,0.8831168831168831,0.04195804195804196,0.958041958041958,
18,LR,P_TPR95,0.18210787475331003,0.961038961038961,0.11888111888111888,0.8811188811188811,
18,LR,P_OPT,0.44891064944841746,0.922077922077922,0.04895104895104895,0.951048951048951,0.8731268731268731
18,GAM,P_TPR70,0.7886173811553225,0.7402597402597403,0.0,1.0,
18,GAM,P_TPR85,0.5730379078932945,0.8701298701298701,0.013986013986013986,0.986013986013986,
18,GAM,P_TPR95,0.14588157372921348,0.974025974025974,0.11888111888111888,0.8811188811188811,
18,GAM,P_OPT,0.4042603185096098,0.935064935064935,0.04895104895104895,0.951048951048951,0.8861138861138861
18,RF,P_TPR70,0.7151960169387843,0.7532467532467533,0.006993006993006993,0.993006993006993,
18,RF,P_TPR85,0.4867368072602519,0.922077922077922,0.013986013986013986,0.986013986013986,
18,RF,P_TPR95,0.3979509773118465,0.974025974025974,0.03496503496503497,0.965034965034965,
18,RF,P_OPT,0.3979509773118465,0.974025974025974,0.03496503496503497,0.965034965034965,0.939060939060939
19,LR,P_TPR70,0.6559757601709997,0.7945205479452054,0.02054794520547945,0.9794520547945206,
19,LR,P_TPR85,0.4287427478136865,0.863013698630137,0.04794520547945205,0.952054794520548,
19,LR,P_TPR95,0.08578820203514718,0.958904109589041,0.1917808219178082,0.8082191780821918,
19,LR,P_OPT,0.4287427478136865,0.863013698630137,0.04794520547945205,0.952054794520548,0.815068493150685
19,GAM,P_TPR70,0.6736095348160497,0.8082191780821918,0.02054794520547945,0.9794520547945206,
19,GAM,P_TPR85,0.36780043284631514,0.8767123287671232,0.04794520547945205,0.952054794520548,
19,GAM,P_TPR95,0.10000528022254808,0.9726027397260274,0.17123287671232876,0.8287671232876712,
19,GAM,P_OPT,0.36780043284631514,0.8767123287671232,0.04794520547945205,0.952054794520548,0.8287671232876712
19,RF,P_TPR70,0.7656408261218067,0.7123287671232876,0.0,1.0,
19,RF,P_TPR85,0.5123057861862157,0.863013698630137,0.0547945205479452,0.9452054794520548,
19,RF,P_TPR95,0.2714769756916249,0.958904109589041,0.136986301369863,0.863013698630137,
19,RF,P_OPT,0.36204508077851133,0.9178082191780822,0.0821917808219178,0.9178082191780822,0.8356164383561644
20,LR,P_TPR70,0.5967739999147031,0.9259259259259259,0.007194244604316547,0.9928057553956835,
20,LR,P_TPR85,0.5967739999147031,0.9259259259259259,0.007194244604316547,0.9928057553956835,
20,LR,P_TPR95,0.43545560986199794,0.9506172839506173,0.03597122302158273,0.9640287769784173,
20,LR,P_OPT,0.5967739999147031,0.9259259259259259,0.007194244604316547,0.9928057553956835,0.9187316813216094
20,GAM,P_TPR70,0.5979029517954791,0.8888888888888888,0.007194244604316547,0.9928057553956835,
20,GAM,P_TPR85,0.5979029517954791,0.8888888888888888,0.007194244604316547,0.9928057553956835,
20,GAM,P_TPR95,0.4679288206003908,0.9506172839506173,0.02877697841726619,0.9712230215827338,
20,GAM,P_OPT,0.4679288206003908,0.9506172839506173,0.02877697841726619,0.9712230215827338,0.9218403055333511
20,RF,P_TPR70,0.7643041080100299,0.7901234567901234,0.014388489208633094,0.9856115107913669,
20,RF,P_TPR85,0.5857412110319796,0.9259259259259259,0.02877697841726619,0.9712230215827338,
20,RF,P_TPR95,0.3388772501549184,0.9506172839506173,0.06474820143884892,0.935251798561151,
20,RF,P_OPT,0.5857412110319796,0.9259259259259259,0.02877697841726619,0.9712230215827338,0.8971489475086597
21,LR,P_TPR70,0.7026374072066536,0.7972972972972973,0.00684931506849315,0.9931506849315068,
21,LR,P_TPR85,0.3935395344585293,0.8783783783783784,0.03424657534246575,0.9657534246575342,
21,LR,P_TPR95,0.06650055075671726,0.9594594594594594,0.18493150684931506,0.815068493150685,
21,LR,P_OPT,0.3708189636863117,0.8918918918918919,0.0410958904109589,0.9589041095890412,0.850796001480933
21,GAM,P_TPR70,0.6980720679319821,0.7972972972972973,0.00684931506849315,0.9931506849315068,
21,GAM,P_TPR85,0.4098587570006266,0.8783783783783784,0.03424657534246575,0.9657534246575342,
21,GAM,P_TPR95,0.0723548550018045,0.9594594594594594,0.1643835616438356,0.8356164383561644,
21,GAM,P_OPT,0.4098587570006266,0.8783783783783784,0.03424657534246575,0.9657534246575342,0.8441318030359126
21,RF,P_TPR70,0.7814037441919133,0.7027027027027027,0.00684931506849315,0.9931506849315068,
21,RF,P_TPR85,0.57108460690724,0.8513513513513513,0.0136986301369863,0.9863013698630136,
21,RF,P_TPR95,0.1906490209747313,0.972972972972973,0.11643835616438356,0.8835616438356164,
21,RF,P_OPT,0.1906490209747313,0.972972972972973,0.11643835616438356,0.8835616438356164,0.8565346168085894
22,LR,P_TPR70,0.7918793560070322,0.7966101694915254,0.0,1.0,
22,LR,P_TPR85,0.6385317772689452,0.864406779661017,0.012422360248447204,0.9875776397515528,
22,LR,P_TPR95,0.20226943019403923,0.9661016949152542,0.11180124223602485,0.8881987577639752,
22,LR,P_OPT,0.500426773268942,0.9152542372881356,0.018633540372670808,0.9813664596273292,0.8966206969154648
22,GAM,P_TPR70,0.7771383185555907,0.8135593220338984,0.0,1.0,
22,GAM,P_TPR85,0.4987484061968666,0.9152542372881356,0.018633540372670808,0.9813664596273292,
22,GAM,P_TPR95,0.19557812987442416,0.9661016949152542,0.11180124223602485,0.8881987577639752,
22,GAM,P_OPT,0.4987484061968666,0.9152542372881356,0.018633540372670808,0.9813664596273292,0.8966206969154648
22,RF,P_TPR70,0.6736041211448124,0.8305084745762712,0.0,1.0,
22,RF,P_TPR85,0.6172868283335218,0.864406779661017,0.006211180124223602,0.9937888198757764,
22,RF,P_TPR95,0.22721106906909402,0.9830508474576272,0.11801242236024845,0.8819875776397516,
22,RF,P_OPT,0.4991751427496609,0.8983050847457628,0.024844720496894408,0.9751552795031055,0.8734603642488683
23,LR,P_TPR70,0.7538299581424077,0.8589743589743589,0.007042253521126761,0.9929577464788732,
23,LR,P_TPR85,0.7538299581424077,0.8589743589743589,0.007042253521126761,0.9929577464788732,
23,LR,P_TPR95,0.10339382629730286,0.9615384615384616,0.19718309859154928,0.8028169014084507,
23,LR,P_OPT,0.4395873878618128,0.9358974358974359,0.056338028169014086,0.9436619718309859,0.8795594077284218
23,GAM,P_TPR70,0.7951773478209951,0.8333333333333334,0.007042253521126761,0.9929577464788732,
23,GAM,P_TPR85,0.7129195291914512,0.8846153846153846,0.014084507042253521,0.9859154929577465,
23,GAM,P_TPR95,0.13559342026279161,0.9615384615384616,0.14788732394366197,0.852112676056338,
23,GAM,P_OPT,0.4660061199919306,0.9358974358974359,0.04929577464788732,0.9507042253521126,0.8866016612495485
23,RF,P_TPR70,0.7082195760964839,0.782051282051282,0.007042253521126761,0.9929577464788732,
23,RF,P_TPR85,0.5724700585411976,0.8846153846153846,0.028169014084507043,0.971830985915493,
23,RF,P_TPR95,0.22027842078405774,0.9615384615384616,0.14084507042253522,0.8591549295774648,
23,RF,P_OPT,0.42742776016517287,0.9358974358974359,0.06338028169014084,0.9366197183098591,0.872517154207295
24,LR,P_TPR70,0.8395664867275445,0.7101449275362319,0.013245033112582781,0.9867549668874173,
24,LR,P_TPR85,0.6094700126873458,0.8840579710144928,0.026490066225165563,0.9735099337748344,
24,LR,P_TPR95,0.17661109134225147,0.9710144927536232,0.12582781456953643,0.8741721854304636,
24,LR,P_OPT,0.4204385939713085,0.927536231884058,0.052980132450331126,0.9470198675496688,0.8745560994337268
24,GAM,P_TPR70,0.8342747411283349,0.7391304347826086,0.013245033112582781,0.9867549668874173,
24,GAM,P_TPR85,0.6637496833016538,0.8695652173913043,0.019867549668874173,0.9801324503311258,
24,GAM,P_TPR95,0.20171485758206953,0.9565217391304348,0.09271523178807947,0.9072847682119205,
24,GAM,P_OPT,0.4507274072238451,0.927536231884058,0.039735099337748346,0.9602649006622517,0.8878011325463097
24,RF,P_TPR70,0.6995507950885872,0.782608695652174,0.013245033112582781,0.9867549668874173,
24,RF,P_TPR85,0.4911437096068404,0.8840579710144928,0.019867549668874173,0.9801324503311258,
24,RF,P_TPR95,0.30824151486315216,0.9855072463768116,0.09271523178807947,0.9072847682119205,
24,RF,P_OPT,0.30824151486315216,0.9855072463768116,0.09271523178807947,0.9072847682119205,0.8927920145887321
25,LR,P_TPR70,0.83825239381711,0.746268656716418,0.0196078431372549,0.9803921568627451,
25,LR,P_TPR85,0.568281249428946,0.8507462686567164,0.0457516339869281,0.954248366013072,
25,LR,P_TPR95,0.2777610878820848,0.9552238805970149,0.09803921568627451,0.9019607843137255,
25,LR,P_OPT,0.3517345324311631,0.9402985074626866,0.0784313725490196,0.9215686274509804,0.8618671349136671
25,GAM,P_TPR70,0.7935393660169552,0.7761194029850746,0.0196078431372549,0.9803921568627451,
25,GAM,P_TPR85,0.5786497391245019,0.8656716417910447,0.0457516339869281,0.954248366013072,
25,GAM,P_TPR95,0.24876117068343073,0.9701492537313433,0.12418300653594772,0.8758169934640523,
25,GAM,P_OPT,0.24876117068343073,0.9701492537313433,0.12418300653594772,0.8758169934640523,0.8459662471953956
25,RF,P_TPR70,0.7304094289487998,0.7611940298507462,0.013071895424836602,0.9869281045751634,
25,RF,P_TPR85,0.6018730767487206,0.8656716417910447,0.026143790849673203,0.9738562091503268,
25,RF,P_TPR95,0.4065954293648916,0.9552238805970149,0.08496732026143791,0.9150326797385621,
25,RF,P_OPT,0.4835040445518944,0.9402985074626866,0.058823529411764705,0.9411764705882353,0.8814749780509219
26,LR,P_TPR70,0.7365880162506544,0.8135593220338984,0.024844720496894408,0.9751552795031055,
26,LR,P_TPR85,0.6053481196353981,0.8983050847457628,0.037267080745341616,0.9627329192546584,
26,LR,P_TPR95,0.19842145016852503,0.9661016949152542,0.12422360248447205,0.8757763975155279,
26,LR,P_OPT,0.5514585161296877,0.9152542372881356,0.049689440993788817,0.9503105590062112,0.8655647962943468
26,GAM,P_TPR70,0.8383350573419698,0.7288135593220338,0.018633540372670808,0.9813664596273292,
26,GAM,P_TPR85,0.7046423147815909,0.864406779661017,0.031055900621118012,0.968944099378882,
26,GAM,P_TPR95,0.2506063670694547,0.9661016949152542,0.10559006211180125,0.8944099378881988,
26,GAM,P_OPT,0.5724476866559218,0.9152542372881356,0.037267080745341616,0.9627329192546584,0.877987156542794
26,RF,P_TPR70,0.6882988413321102,0.8813559322033898,0.012422360248447204,0.9875776397515528,
26,RF,P_TPR85,0.6882988413321102,0.8813559322033898,0.012422360248447204,0.9875776397515528,
26,RF,P_TPR95,0.40842394310774405,0.9661016949152542,0.055900621118012424,0.9440993788819876,
26,RF,P_OPT,0.46764731744549537,0.9491525423728814,0.037267080745341616,0.9627329192546584,0.9118854616275398
27,LR,P_TPR70,0.8174922458949103,0.7727272727272727,0.006493506493506494,0.9935064935064936,
27,LR,P_TPR85,0.5356157287574239,0.8787878787878788,0.08441558441558442,0.9155844155844156,
27,LR,P_TPR95,0.4062457369937973,0.9545454545454546,0.1038961038961039,0.8961038961038961,
27,LR,P_OPT,0.4062457369937973,0.9545454545454546,0.1038961038961039,0.8961038961038961,0.8506493506493507
27,GAM,P_TPR70,0.8533494596669766,0.7424242424242424,0.006493506493506494,0.9935064935064936,
27,GAM,P_TPR85,0.6013012603139557,0.8636363636363636,0.07142857142857142,0.9285714285714286,
27,GAM,P_TPR95,0.4196080901018682,0.9545454545454546,0.09740259740259741,0.9025974025974026,
27,GAM,P_OPT,0.4196080901018682,0.9545454545454546,0.09740259740259741,0.9025974025974026,0.8571428571428572
27,RF,P_TPR70,0.7934869630322874,0.7575757575757576,0.006493506493506494,0.9935064935064936,
27,RF,P_TPR85,0.7030817657945795,0.8787878787878788,0.012987012987012988,0.987012987012987,
27,RF,P_TPR95,0.36763463791239415,0.9545454545454546,0.11038961038961038,0.8896103896103896,
27,RF,P_OPT,0.5726077731504959,0.9393939393939394,0.032467532467532464,0.9675324675324676,0.906926406926407
28,LR,P_TPR70,0.5804291127918426,0.8095238095238095,0.022058823529411766,0.9779411764705882,
28,LR,P_TPR85,0.4553515037460463,0.8809523809523809,0.051470588235294115,0.9485294117647058,
28,LR,P_TPR95,0.1114612990306344,0.9523809523809523,0.22058823529411764,0.7794117647058824,
28,LR,P_OPT,0.44063851963059714,0.8928571428571429,0.058823529411764705,0.9411764705882353,0.8340336134453782
28,GAM,P_TPR70,0.6497345671426468,0.8095238095238095,0.022058823529411766,0.9779411764705882,
28,GAM,P_TPR85,0.45760389806161716,0.8809523809523809,0.03676470588235294,0.9632352941176471,
28,GAM,P_TPR95,0.12520008683306233,0.9761904761904762,0.19852941176470587,0.8014705882352942,
28,GAM,P_OPT,0.42832630376592096,0.8928571428571429,0.04411764705882353,0.9558823529411765,0.8487394957983194
28,RF,P_TPR70,0.6451866478870493,0.7738095238095238,0.007352941176470588,0.9926470588235294,
28,RF,P_TPR85,0.49491458438309394,0.8571428571428571,0.03676470588235294,0.9632352941176471,
28,RF,P_TPR95,0.3023447176234304,0.9642857142857143,0.09558823529411764,0.9044117647058824,
28,RF,P_OPT,0.3023447176234304,0.9642857142857143,0.09558823529411764,0.9044117647058824,0.8686974789915967
29,LR,P_TPR70,0.6728197842963239,0.7875,0.007142857142857143,0.9928571428571429,
29,LR,P_TPR85,0.47759032568221776,0.85,0.04285714285714286,0.9571428571428572,
29,LR,P_TPR95,0.09497757363970911,0.95,0.22857142857142856,0.7714285714285715,
29,LR,P_OPT,0.46848557835336313,0.8625,0.05,0.95,0.8125
29,GAM,P_TPR70,0.7556876871014282,0.7625,0.007142857142857143,0.9928571428571429,
29,GAM,P_TPR85,0.4714469426987276,0.8625,0.03571428571428571,0.9642857142857143,
29,GAM,P_TPR95,0.12378377927615218,0.95,0.18571428571428572,0.8142857142857143,
29,GAM,P_OPT,0.4714469426987276,0.8625,0.03571428571428571,0.9642857142857143,0.8267857142857143
29,RF,P_TPR70,0.5785285407328327,0.775,0.007142857142857143,0.9928571428571429,
29,RF,P_TPR85,0.3316420286440635,0.8625,0.07142857142857142,0.9285714285714286,
29,RF,P_TPR95,0.22832164744986108,0.9625,0.11428571428571428,0.8857142857142857,
29,RF,P_OPT,0.20934329948919597,0.9875,0.12857142857142856,0.8714285714285714,0.8589285714285715
30,LR,P_TPR70,0.8657729149556973,0.8026315789473685,0.006944444444444444,0.9930555555555556,
30,LR,P_TPR85,0.6005688507845799,0.868421052631579,0.027777777777777776,0.9722222222222222,
30,LR,P_TPR95,0.13911238106433083,0.9605263157894737,0.1736111111111111,0.8263888888888888,
30,LR,P_OPT,0.38823290423547774,0.9210526315789473,0.06944444444444445,0.9305555555555556,0.8516081871345029
30,GAM,P_TPR70,0.8212029678004802,0.8289473684210527,0.006944444444444444,0.9930555555555556,
30,GAM,P_TPR85,0.6853243242310976,0.8552631578947368,0.027777777777777776,0.9722222222222222,
30,GAM,P_TPR95,0.18685517552497904,0.9605263157894737,0.14583333333333334,0.8541666666666666,
30,GAM,P_OPT,0.3384306271318142,0.9342105263157895,0.06944444444444445,0.9305555555555556,0.8647660818713451
30,RF,P_TPR70,0.6869025572824724,0.7763157894736842,0.006944444444444444,0.9930555555555556,
30,RF,P_TPR85,0.5230289794932045,0.8552631578947368,0.041666666666666664,0.9583333333333334,
30,RF,P_TPR95,0.340414977990403,0.9605263157894737,0.10416666666666667,0.8958333333333334,
30,RF,P_OPT,0.3879983821430892,0.9342105263157895,0.0763888888888889,0.9236111111111112,0.8578216374269005
31,LR,P_TPR70,0.7357816994987444,0.759493670886076,0.02127659574468085,0.9787234042553191,
31,LR,P_TPR85,0.6509536925713624,0.8607594936708861,0.03546099290780142,0.9645390070921985,
31,LR,P_TPR95,0.09115153254116365,0.9620253164556962,0.19858156028368795,0.801418439716312,
31,LR,P_OPT,0.326763182747641,0.9493670886075949,0.07801418439716312,0.9219858156028369,0.8713529042104318
31,GAM,P_TPR70,0.7883730660163978,0.7341772151898734,0.014184397163120567,0.9858156028368794,
31,GAM,P_TPR85,0.6705705583785218,0.8734177215189873,0.03546099290780142,0.9645390070921985,
31,GAM,P_TPR95,0.08092306945331114,0.9620253164556962,0.19858156028368795,0.801418439716312,
31,GAM,P_OPT,0.34978549849548607,0.9367088607594937,0.06382978723404255,0.9361702127659575,0.8728790735254511
31,RF,P_TPR70,0.707568468991893,0.7088607594936709,0.028368794326241134,0.9716312056737588,
31,RF,P_TPR85,0.42728961871525634,0.8987341772151899,0.05673758865248227,0.9432624113475178,
31,RF,P_TPR95,0.23698579866190275,0.9620253164556962,0.09929078014184398,0.900709219858156,
31,RF,P_OPT,0.23698579866190275,0.9620253164556962,0.09929078014184398,0.900709219858156,0.8627345363138522
32,LR,P_TPR70,0.7603764100814248,0.813953488372093,0.014925373134328358,0.9850746268656716,
32,LR,P_TPR85,0.7000361495544776,0.8604651162790697,0.029850746268656716,0.9701492537313433,
32,LR,P_TPR95,0.473734410704151,0.9534883720930233,0.05223880597014925,0.9477611940298507,
32,LR,P_OPT,0.473734410704151,0.9534883720930233,0.05223880597014925,0.9477611940298507,0.901249566122874
32,GAM,P_TPR70,0.7798755574379073,0.7906976744186046,0.022388059701492536,0.9776119402985075,
32,GAM,P_TPR85,0.5853598395892597,0.8837209302325582,0.04477611940298507,0.9552238805970149,
32,GAM,P_TPR95,0.3520916345909008,0.9651162790697675,0.08208955223880597,0.917910447761194,
32,GAM,P_OPT,0.3520916345909008,0.9651162790697675,0.08208955223880597,0.917910447761194,0.8830267268309615
32,RF,P_TPR70,0.6833394074429087,0.8023255813953488,0.0,1.0,
32,RF,P_TPR85,0.6059385276430909,0.8604651162790697,0.007462686567164179,0.9925373134328358,
32,RF,P_TPR95,0.48554181769265475,0.9534883720930233,0.04477611940298507,0.9552238805970149,
32,RF,P_OPT,0.5419998381024075,0.9418604651162791,0.014925373134328358,0.9850746268656716,0.9269350919819507
33,LR,P_TPR70,0.8144147732047492,0.76,0.006896551724137931,0.993103448275862,
33,LR,P_TPR85,0.6129031575230729,0.8933333333333333,0.027586206896551724,0.9724137931034482,
33,LR,P_TPR95,0.1326562157486569,0.96,0.19310344827586207,0.806896551724138,
33,LR,P_OPT,0.6038746656570096,0.9066666666666666,0.034482758620689655,0.9655172413793104,0.872183908045977
33,GAM,P_TPR70,0.6554379393499854,0.8266666666666667,0.020689655172413793,0.9793103448275862,
33,GAM,P_TPR85,0.5777903377312705,0.88,0.041379310344827586,0.9586206896551724,
33,GAM,P_TPR95,0.2089284138189692,0.96,0.15172413793103448,0.8482758620689655,
33,GAM,P_OPT,0.5725296034955903,0.8933333333333333,0.04827586206896552,0.9517241379310345,0.8450574712643678
33,RF,P_TPR70,0.7681171860177064,0.7333333333333333,0.0,1.0,
33,RF,P_TPR85,0.5243823996820008,0.8666666666666667,0.027586206896551724,0.9724137931034482,
33,RF,P_TPR95,0.30703269741428524,0.96,0.13793103448275862,0.8620689655172413,
33,RF,P_OPT,0.5196202948976661,0.8933333333333333,0.027586206896551724,0.9724137931034482,0.8657471264367815
34,LR,P_TPR70,0.7997764137037349,0.7183098591549296,0.006711409395973154,0.9932885906040269,
34,LR,P_TPR85,0.5586268590452448,0.8591549295774648,0.020134228187919462,0.9798657718120806,
34,LR,P_TPR95,0.1083850265496556,0.9577464788732394,0.18791946308724833,0.8120805369127517,
34,LR,P_OPT,0.40548621711445043,0.9154929577464789,0.06040268456375839,0.9395973154362416,0.8550902731827205
34,GAM,P_TPR70,0.7988889281712451,0.7323943661971831,0.006711409395973154,0.9932885906040269,
34,GAM,P_TPR85,0.49619323480778404,0.8873239436619719,0.026845637583892617,0.9731543624161074,
34,GAM,P_TPR95,0.14061621492417894,0.9577464788732394,0.14093959731543623,0.8590604026845637,
34,GAM,P_OPT,0.40189834914665196,0.9154929577464789,0.04697986577181208,0.9530201342281879,0.8685130919746668
34,RF,P_TPR70,0.6649513386469964,0.7464788732394366,0.0,1.0,
34,RF,P_TPR85,0.42324661378380724,0.8732394366197183,0.03355704697986577,0.9664429530201343,
34,RF,P_TPR95,0.2450929302893505,0.9577464788732394,0.087248322147651,0.912751677852349,
34,RF,P_OPT,0.2450929302893505,0.9577464788732394,0.087248322147651,0.912751677852349,0.8704981567255884
35,LR,P_TPR70,0.6837893089144673,0.7916666666666666,0.006756756756756757,0.9932432432432432,
35,LR,P_TPR85,0.45716934028655265,0.875,0.02027027027027027,0.9797297297297297,
35,LR,P_TPR95,0.11265999162273192,0.9583333333333334,0.19594594594594594,0.8040540540540541,
35,LR,P_OPT,0.30106144185274064,0.9166666666666666,0.060810810810810814,0.9391891891891891,0.8558558558558558
35,GAM,P_TPR70,0.7983756532936069,0.7361111111111112,0.0,1.0,
35,GAM,P_TPR85,0.4470185155792871,0.8611111111111112,0.02702702702702703,0.972972972972973,
35,GAM,P_TPR95,0.1196449313206207,0.9722222222222222,0.1891891891891892,0.8108108108108107,
35,GAM,P_OPT,0.4266695604505093,0.8888888888888888,0.033783783783783786,0.9662162162162162,0.8551051051051051
35,RF,P_TPR70,0.5297454445062847,0.8472222222222222,0.006756756756756757,0.9932432432432432,
35,RF,P_TPR85,0.4856444986598033,0.8611111111111112,0.02027027027027027,0.9797297297297297,
35,RF,P_TPR95,0.25918433529587015,0.9583333333333334,0.12837837837837837,0.8716216216216216,
35,RF,P_OPT,0.4856444986598033,0.8611111111111112,0.02027027027027027,0.9797297297297297,0.8408408408408409
36,LR,P_TPR70,0.7788917584642792,0.7571428571428571,0.006711409395973154,0.9932885906040269,
36,LR,P_TPR85,0.5429728141638664,0.8571428571428571,0.03355704697986577,0.9664429530201343,
36,LR,P_TPR95,0.12736406748267115,0.9571428571428572,0.20134228187919462,0.7986577181208054,
36,LR,P_OPT,0.503671155357687,0.8857142857142857,0.04697986577181208,0.9530201342281879,0.8387344199424736
36,GAM,P_TPR70,0.7904253673446908,0.7428571428571429,0.006711409395973154,0.9932885906040269,
36,GAM,P_TPR85,0.5642392351870689,0.8571428571428571,0.03355704697986577,0.9664429530201343,
36,GAM,P_TPR95,0.1684590208963972,0.9571428571428572,0.1476510067114094,0.8523489932885906,
36,GAM,P_OPT,0.5359440957024426,0.8857142857142857,0.04697986577181208,0.9530201342281879,0.8387344199424736
36,RF,P_TPR70,0.7472097145528463,0.7,0.013422818791946308,0.9865771812080537,
36,RF,P_TPR85,0.545648158206359,0.8571428571428571,0.03355704697986577,0.9664429530201343,
36,RF,P_TPR95,0.2926961824527787,0.9571428571428572,0.11409395973154363,0.8859060402684564,
36,RF,P_OPT,0.41862826647511514,0.9142857142857143,0.053691275167785234,0.9463087248322147,0.860594439117929
37,LR,P_TPR70,0.6926395628488049,0.8607594936708861,0.0070921985815602835,0.9929078014184397,
37,LR,P_TPR85,0.6926395628488049,0.8607594936708861,0.0070921985815602835,0.9929078014184397,
37,LR,P_TPR95,0.07225194608939398,0.9620253164556962,0.2695035460992908,0.7304964539007093,
37,LR,P_OPT,0.35114919823968255,0.9240506329113924,0.03546099290780142,0.9645390070921985,0.888589640003591
37,GAM,P_TPR70,0.7002081815122727,0.8607594936708861,0.0070921985815602835,0.9929078014184397,
37,GAM,P_TPR85,0.7002081815122727,0.8607594936708861,0.0070921985815602835,0.9929078014184397,
37,GAM,P_TPR95,0.09705225581564982,0.9620253164556962,0.19858156028368795,0.801418439716312,
37,GAM,P_OPT,0.3908108714190008,0.9113924050632911,0.02127659574468085,0.9787234042553191,0.8901158093186102
37,RF,P_TPR70,0.4780509670900482,0.8734177215189873,0.0070921985815602835,0.9929078014184397,
37,RF,P_TPR85,0.4780509670900482,0.8734177215189873,0.0070921985815602835,0.9929078014184397,
37,RF,P_TPR95,0.2120076868293401,0.9620253164556962,0.10638297872340426,0.8936170212765957,
37,RF,P_OPT,0.32968378218178496,0.9240506329113924,0.0425531914893617,0.9574468085106383,0.8814974414220308
38,LR,P_TPR70,0.7759195776738667,0.704225352112676,0.013513513513513514,0.9864864864864865,
38,LR,P_TPR85,0.5127118505442251,0.8591549295774648,0.0472972972972973,0.9527027027027027,
38,LR,P_TPR95,0.03663957385220666,0.9577464788732394,0.33783783783783783,0.6621621621621622,
38,LR,P_OPT,0.256067486763721,0.9014084507042254,0.08108108108108109,0.9189189189189189,0.8203273696231443
38,GAM,P_TPR70,0.660487930906806,0.7464788732394366,0.033783783783783786,0.9662162162162162,
38,GAM,P_TPR85,0.4709536826884151,0.8591549295774648,0.05405405405405406,0.9459459459459459,
38,GAM,P_TPR95,0.052044344413323985,0.971830985915493,0.31756756756756754,0.6824324324324325,
38,GAM,P_OPT,0.412428388902874,0.8732394366197183,0.060810810810810814,0.9391891891891891,0.8124286258089074
38,RF,P_TPR70,0.7823011037383618,0.7183098591549296,0.0,1.0,
38,RF,P_TPR85,0.40522253055354407,0.8591549295774648,0.033783783783783786,0.9662162162162162,
38,RF,P_TPR95,0.09572705709209564,0.9577464788732394,0.22972972972972974,0.7702702702702703,
38,RF,P_OPT,0.28927947228002304,0.9154929577464789,0.08108108108108109,0.9189189189189189,0.8344118766653978
39,LR,P_TPR70,0.7560616078879049,0.7083333333333334,0.0,1.0,
39,LR,P_TPR85,0.37841899560392517,0.875,0.033783783783783786,0.9662162162162162,
39,LR,P_TPR95,0.06408311914287977,0.9722222222222222,0.18243243243243243,0.8175675675675675,
39,LR,P_OPT,0.14864988731527917,0.9305555555555556,0.08108108108108109,0.9189189189189189,0.8494744744744744
39,GAM,P_TPR70,0.5736406348817268,0.7916666666666666,0.013513513513513514,0.9864864864864865,
39,GAM,P_TPR85,0.41477102332139354,0.8611111111111112,0.02702702702702703,0.972972972972973,
39,GAM,P_TPR95,0.08964984716407795,0.9583333333333334,0.12162162162162163,0.8783783783783784,
39,GAM,P_OPT,0.18957543125844672,0.9305555555555556,0.06756756756756757,0.9324324324324325,0.862987987987988
39,RF,P_TPR70,0.4900363753205253,0.7916666666666666,0.0,1.0,
39,RF,P_TPR85,0.4028547862015369,0.8611111111111112,0.02027027027027027,0.9797297297297297,
39,RF,P_TPR95,0.24078845990925088,0.9583333333333334,0.08783783783783784,0.9121621621621622,
39,RF,P_OPT,0.24078845990925088,0.9583333333333334,0.08783783783783784,0.9121621621621622,0.8704954954954955
40,LR,P_TPR70,0.8658593436452134,0.8051948051948052,0.006993006993006993,0.993006993006993,
40,LR,P_TPR85,0.6744411272968148,0.8701298701298701,0.027972027972027972,0.972027972027972,
40,LR,P_TPR95,0.10975426638486582,0.974025974025974,0.18181818181818182,0.8181818181818181,
40,LR,P_OPT,0.49796788624088295,0.922077922077922,0.055944055944055944,0.9440559440559441,0.8661338661338661
40,GAM,P_TPR70,0.7935313521474338,0.8051948051948052,0.013986013986013986,0.986013986013986,
40,GAM,P_TPR85,0.6473780734706389,0.8571428571428571,0.055944055944055944,0.9440559440559441,
40,GAM,P_TPR95,0.21625369120787336,0.961038961038961,0.13986013986013987,0.8601398601398601,
40,GAM,P_OPT,0.3668238267963157,0.948051948051948,0.09090909090909091,0.9090909090909091,0.8571428571428571
40,RF,P_TPR70,0.7910052328525204,0.7662337662337663,0.013986013986013986,0.986013986013986,
40,RF,P_TPR85,0.6586238298370657,0.9090909090909091,0.02097902097902098,0.9790209790209791,
40,RF,P_TPR95,0.27257625489812015,0.961038961038961,0.1258741258741259,0.8741258741258742,
40,RF,P_OPT,0.6089482964434858,0.922077922077922,0.027972027972027972,0.972027972027972,0.894105894105894
41,LR,P_TPR70,0.7844675449323097,0.7272727272727273,0.04195804195804196,0.958041958041958,
41,LR,P_TPR85,0.4574907006368254,0.8571428571428571,0.06993006993006994,0.9300699300699301,
41,LR,P_TPR95,0.12044156684609868,0.961038961038961,0.18181818181818182,0.8181818181818181,
41,LR,P_OPT,0.3177151063125651,0.8831168831168831,0.08391608391608392,0.916083916083916,0.7992007992007991
41,GAM,P_TPR70,0.8296130141819258,0.7272727272727273,0.027972027972027972,0.972027972027972,
41,GAM,P_TPR85,0.4101681020911789,0.8571428571428571,0.06293706293706294,0.9370629370629371,
41,GAM,P_TPR95,0.1595310649837585,0.961038961038961,0.16083916083916083,0.8391608391608392,
41,GAM,P_OPT,0.18271806503222776,0.948051948051948,0.13986013986013987,0.8601398601398601,0.8081918081918081
41,RF,P_TPR70,0.7846827010160918,0.7012987012987013,0.013986013986013986,0.986013986013986,
41,RF,P_TPR85,0.5490828329586185,0.8701298701298701,0.04195804195804196,0.958041958041958,
41,RF,P_TPR95,0.23213225087760941,0.974025974025974,0.16783216783216784,0.8321678321678322,
41,RF,P_OPT,0.32792206824039766,0.948051948051948,0.08391608391608392,0.916083916083916,0.8641358641358641
42,LR,P_TPR70,0.7025778102866661,0.7402597402597403,0.03496503496503497,0.965034965034965,
42,LR,P_TPR85,0.46624825081677473,0.8571428571428571,0.055944055944055944,0.9440559440559441,
42,LR,P_TPR95,0.05179265706827421,0.961038961038961,0.25874125874125875,0.7412587412587412,
42,LR,P_OPT,0.4608318248615008,0.8831168831168831,0.055944055944055944,0.9440559440559441,0.8271728271728271
42,GAM,P_TPR70,0.6866926124559395,0.7662337662337663,0.03496503496503497,0.965034965034965,
42,GAM,P_TPR85,0.5087613355279121,0.8701298701298701,0.04895104895104895,0.951048951048951,
42,GAM,P_TPR95,0.06146170378887094,0.961038961038961,0.2517482517482518,0.7482517482517482,
42,GAM,P_OPT,0.3605381061049834,0.8961038961038961,0.06993006993006994,0.9300699300699301,0.8261738261738262
42,RF,P_TPR70,0.732059022999097,0.7142857142857143,0.013986013986013986,0.986013986013986,
42,RF,P_TPR85,0.6684839431933894,0.8571428571428571,0.02097902097902098,0.9790209790209791,
42,RF,P_TPR95,0.20472924311027688,0.961038961038961,0.11888111888111888,0.8811188811188811,
42,RF,P_OPT,0.5834966498311818,0.8961038961038961,0.027972027972027972,0.972027972027972,0.868131868131868
43,LR,P_TPR70,0.7505681357610766,0.7567567567567568,0.00684931506849315,0.9931506849315068,
43,LR,P_TPR85,0.3808973195002897,0.9324324324324325,0.0410958904109589,0.9589041095890412,
43,LR,P_TPR95,0.17287944722498286,0.9594594594594594,0.0958904109589041,0.904109589041096,
43,LR,P_OPT,0.34759048229009626,0.9459459459459459,0.04794520547945205,0.952054794520548,0.8980007404664939
43,GAM,P_TPR70,0.7631077191249608,0.7432432432432432,0.00684931506849315,0.9931506849315068,
43,GAM,P_TPR85,0.42420239896924816,0.918918918918919,0.0410958904109589,0.9589041095890412,
43,GAM,P_TPR95,0.18390409033258914,0.9594594594594594,0.0821917808219178,0.9178082191780822,
43,GAM,P_OPT,0.32797029554162266,0.9459459459459459,0.04794520547945205,0.952054794520548,0.8980007404664939
43,RF,P_TPR70,0.608198788246703,0.8378378378378378,0.00684931506849315,0.9931506849315068,
43,RF,P_TPR85,0.5041880840852454,0.8783783783783784,0.0136986301369863,0.9863013698630136,
43,RF,P_TPR95,0.3289549970320811,0.9594594594594594,0.0821917808219178,0.9178082191780822,
43,RF,P_OPT,0.4059571198523756,0.9459459459459459,0.03424657534246575,0.9657534246575342,0.9116993706034802
44,LR,P_TPR70,0.7320107887861848,0.7738095238095238,0.014705882352941176,0.9852941176470589,
44,LR,P_TPR85,0.5433868217194836,0.9047619047619048,0.03676470588235294,0.9632352941176471,
44,LR,P_TPR95,0.20036001861905195,0.9523809523809523,0.08823529411764706,0.9117647058823529,
44,LR,P_OPT,0.2913541904826235,0.9285714285714286,0.058823529411764705,0.9411764705882353,0.8697478991596639
44,GAM,P_TPR70,0.7902504004425046,0.75,0.014705882352941176,0.9852941176470589,
44,GAM,P_TPR85,0.6237318682728291,0.8571428571428571,0.029411764705882353,0.9705882352941176,
44,GAM,P_TPR95,0.19860842226345743,0.9523809523809523,0.09558823529411764,0.9044117647058824,
44,GAM,P_OPT,0.2501983930271253,0.9404761904761905,0.0661764705882353,0.9338235294117647,0.8742997198879552
44,RF,P_TPR70,0.6674095773351681,0.7857142857142857,0.0,1.0,
44,RF,P_TPR85,0.4931288896249315,0.8928571428571429,0.022058823529411766,0.9779411764705882,
44,RF,P_TPR95,0.39967458002279,0.9523809523809523,0.058823529411764705,0.9411764705882353,
44,RF,P_OPT,0.4112016193264808,0.9404761904761905,0.04411764705882353,0.9558823529411765,0.896358543417367
45,LR,P_TPR70,0.7460829348688054,0.7142857142857143,0.012738853503184714,0.9872611464968153,
45,LR,P_TPR85,0.527437006055059,0.8888888888888888,0.03184713375796178,0.9681528662420382,
45,LR,P_TPR95,0.34148568226097326,0.9523809523809523,0.06369426751592357,0.9363057324840764,
45,LR,P_OPT,0.34148568226097326,0.9523809523809523,0.06369426751592357,0.9363057324840764,0.8886866848650288
45,GAM,P_TPR70,0.7626337281370916,0.7142857142857143,0.012738853503184714,0.9872611464968153,
45,GAM,P_TPR85,0.4127452402592841,0.9206349206349206,0.050955414012738856,0.9490445859872612,
45,GAM,P_TPR95,0.34361490391099697,0.9523809523809523,0.07006369426751592,0.9299363057324841,
45,GAM,P_OPT,0.27315148867822037,0.9682539682539683,0.08280254777070063,0.9171974522292994,0.8854514204832676
45,RF,P_TPR70,0.5536718761765361,0.8253968253968254,0.012738853503184714,0.9872611464968153,
45,RF,P_TPR85,0.45565512921819074,0.8571428571428571,0.050955414012738856,0.9490445859872612,
45,RF,P_TPR95,0.37712806296964596,0.9523809523809523,0.07006369426751592,0.9299363057324841,
45,RF,P_OPT,0.37712806296964596,0.9523809523809523,0.07006369426751592,0.9299363057324841,0.8823172581134364
46,LR,P_TPR70,0.6024084881593914,0.7361111111111112,0.0472972972972973,0.9527027027027027,
46,LR,P_TPR85,0.4480143395016178,0.8611111111111112,0.05405405405405406,0.9459459459459459,
46,LR,P_TPR95,0.133904835957722,0.9583333333333334,0.18243243243243243,0.8175675675675675,
46,LR,P_OPT,0.22915039426520026,0.9444444444444444,0.0945945945945946,0.9054054054054054,0.8498498498498498
47,LR,P_TPR70,0.8158485577636458,0.7027027027027027,0.0,1.0,
47,LR,P_TPR85,0.5371419796287945,0.8918918918918919,0.04794520547945205,0.952054794520548,
47,LR,P_TPR95,0.11454656678563108,0.9594594594594594,0.1780821917808219,0.821917808219178,
47,LR,P_OPT,0.5371419796287945,0.8918918918918919,0.04794520547945205,0.952054794520548,0.8439466864124399
47,GAM,P_TPR70,0.6765751069011264,0.7837837837837838,0.0136986301369863,0.9863013698630136,
47,GAM,P_TPR85,0.6264017059552723,0.8513513513513513,0.02054794520547945,0.9794520547945206,
47,GAM,P_TPR95,0.135596435163029,0.972972972972973,0.1506849315068493,0.8493150684931507,
47,GAM,P_OPT,0.5359004069439673,0.8783783783783784,0.0410958904109589,0.9589041095890412,0.8372824879674194
47,RF,P_TPR70,0.6298026059607814,0.8243243243243243,0.0,1.0,
47,RF,P_TPR85,0.42636084649795897,0.8513513513513513,0.0410958904109589,0.9589041095890412,
47,RF,P_TPR95,0.2821183112967444,0.9594594594594594,0.13013698630136986,0.8698630136986302,
47,RF,P_OPT,0.3305665710788749,0.918918918918919,0.08904109589041095,0.910958904109589,0.829877823028508
48,LR,P_TPR70,0.8478323968711413,0.7638888888888888,0.02702702702702703,0.972972972972973,
48,LR,P_TPR85,0.7616384963671308,0.8611111111111112,0.0472972972972973,0.9527027027027027,
48,LR,P_TPR95,0.318276281670813,0.9583333333333334,0.13513513513513514,0.8648648648648649,
48,LR,P_OPT,0.49057360911670383,0.9444444444444444,0.07432432432432433,0.9256756756756757,0.8701201201201201
48,GAM,P_TPR70,0.8654591492907083,0.7638888888888888,0.02702702702702703,0.972972972972973,
48,GAM,P_TPR85,0.757964412609222,0.8611111111111112,0.0472972972972973,0.9527027027027027,
48,GAM,P_TPR95,0.3164092842706211,0.9722222222222222,0.12162162162162163,0.8783783783783784,
48,GAM,P_OPT,0.5218076694507887,0.9444444444444444,0.06756756756756757,0.9324324324324325,0.8768768768768769
48,RF,P_TPR70,0.8022013558477705,0.7222222222222222,0.013513513513513514,0.9864864864864865,
48,RF,P_TPR85,0.7148938810310208,0.8888888888888888,0.013513513513513514,0.9864864864864865,
48,RF,P_TPR95,0.5084561321051224,0.9722222222222222,0.060810810810810814,0.9391891891891891,
48,RF,P_OPT,0.5084561321051224,0.9722222222222222,0.060810810810810814,0.9391891891891891,0.9114114114114114
49,LR,P_TPR70,0.6530876082818323,0.8142857142857143,0.02,0.98,
49,LR,P_TPR85,0.5804570760466264,0.8571428571428571,0.02666666666666667,0.9733333333333334,
49,LR,P_TPR95,0.09537454694423712,0.9571428571428572,0.23333333333333334,0.7666666666666666,
49,LR,P_OPT,0.39280056797840296,0.9142857142857143,0.04666666666666667,0.9533333333333334,0.8676190476190476
49,GAM,P_TPR70,0.6763989541790042,0.8,0.02,0.98,
49,GAM,P_TPR85,0.5748261447493721,0.8714285714285714,0.02666666666666667,0.9733333333333334,
49,GAM,P_TPR95,0.0823769659531676,0.9714285714285714,0.25333333333333335,0.7466666666666666,
49,GAM,P_OPT,0.4302362941382082,0.9142857142857143,0.04666666666666667,0.9533333333333334,0.8676190476190476
49,RF,P_TPR70,0.7050816545229551,0.7428571428571429,0.006666666666666667,0.9933333333333333,
49,RF,P_TPR85,0.5225173414077506,0.8571428571428571,0.05333333333333334,0.9466666666666667,
49,RF,P_TPR95,0.24509592842672953,0.9571428571428572,0.16666666666666666,0.8333333333333334,
49,RF,P_OPT,0.38564918300569817,0.9142857142857143,0.1,0.9,0.8142857142857143
50,LR,P_TPR70,0.8114016443274459,0.75,0.014285714285714285,0.9857142857142858,
50,LR,P_TPR85,0.4207317474618346,0.8875,0.02857142857142857,0.9714285714285714,
50,LR,P_TPR95,0.2818233883052042,0.95,0.04285714285714286,0.9571428571428572,
50,LR,P_OPT,0.2818233883052042,0.95,0.04285714285714286,0.9571428571428572,0.9071428571428571
50,GAM,P_TPR70,0.840274025681185,0.7375,0.014285714285714285,0.9857142857142858,
50,GAM,P_TPR85,0.46293471854484675,0.875,0.02142857142857143,0.9785714285714285,
50,GAM,P_TPR95,0.26724584158169207,0.95,0.05,0.95,
50,GAM,P_OPT,0.26724584158169207,0.95,0.05,0.95,0.8999999999999999
50,RF,P_TPR70,0.7680957238453054,0.725,0.014285714285714285,0.9857142857142858,
50,RF,P_TPR85,0.5602929035907587,0.85,0.02857142857142857,0.9714285714285714,
50,RF,P_TPR95,0.2390371000278783,0.95,0.08571428571428572,0.9142857142857143,
50,RF,P_OPT,0.3377309508615939,0.925,0.05,0.95,0.875
51,LR,P_TPR70,0.7922308970393797,0.8533333333333334,0.006944444444444444,0.9930555555555556,
51,LR,P_TPR85,0.7922308970393797,0.8533333333333334,0.006944444444444444,0.9930555555555556,
51,LR,P_TPR95,0.4195329825598889,0.96,0.06944444444444445,0.9305555555555556,
51,LR,P_OPT,0.6213310231725112,0.9466666666666667,0.034722222222222224,0.9652777777777778,0.9119444444444444
51,GAM,P_TPR70,0.8024352412822998,0.8533333333333334,0.006944444444444444,0.9930555555555556,
51,GAM,P_TPR85,0.8024352412822998,0.8533333333333334,0.006944444444444444,0.9930555555555556,
51,GAM,P_TPR95,0.4507702987607941,0.96,0.0625,0.9375,
51,GAM,P_OPT,0.6441141573766885,0.9466666666666667,0.041666666666666664,0.9583333333333334,0.905
51,RF,P_TPR70,0.6619360603013772,0.8933333333333333,0.0,1.0,
51,RF,P_TPR85,0.6619360603013772,0.8933333333333333,0.0,1.0,
51,RF,P_TPR95,0.4010018856516772,0.96,0.041666666666666664,0.9583333333333334,
51,RF,P_OPT,0.46982193741396466,0.9466666666666667,0.027777777777777776,0.9722222222222222,0.9188888888888889
52,LR,P_TPR70,0.7626392808593775,0.8026315789473685,0.013888888888888888,0.9861111111111112,
52,LR,P_TPR85,0.6257494087099783,0.868421052631579,0.027777777777777776,0.9722222222222222,
52,LR,P_TPR95,0.40848388087360754,0.9605263157894737,0.0625,0.9375,
52,LR,P_OPT,0.5025083160370413,0.9473684210526315,0.041666666666666664,0.9583333333333334,0.9057017543859649
52,GAM,P_TPR70,0.7801048699897375,0.7763157894736842,0.013888888888888888,0.9861111111111112,
52,GAM,P_TPR85,0.5345412386195123,0.9473684210526315,0.034722222222222224,0.9652777777777778,
52,GAM,P_TPR95,0.3878555895041521,0.9605263157894737,0.0625,0.9375,
52,GAM,P_OPT,0.5345412386195123,0.9473684210526315,0.034722222222222224,0.9652777777777778,0.9126461988304093
52,RF,P_TPR70,0.5939283951782899,0.8947368421052632,0.013888888888888888,0.9861111111111112,
52,RF,P_TPR85,0.5939283951782899,0.8947368421052632,0.013888888888888888,0.9861111111111112,
52,RF,P_TPR95,0.30284918281081824,0.9605263157894737,0.08333333333333333,0.9166666666666666,
52,RF,P_OPT,0.4920085728824526,0.9210526315789473,0.020833333333333332,0.9791666666666666,0.900219298245614
53,LR,P_TPR70,0.755312246700172,0.7590361445783133,0.0364963503649635,0.9635036496350365,
53,LR,P_TPR85,0.5456083493264267,0.8554216867469879,0.072992700729927,0.927007299270073,
53,LR,P_TPR95,0.05930001101760862,0.963855421686747,0.41605839416058393,0.583941605839416,
53,LR,P_OPT,0.4660676728855263,0.8795180722891566,0.08029197080291971,0.9197080291970803,0.7992261014862369
53,GAM,P_TPR70,0.7587648226976118,0.7590361445783133,0.0364963503649635,0.9635036496350365,
53,GAM,P_TPR85,0.509357935358373,0.8674698795180723,0.072992700729927,0.927007299270073,
53,GAM,P_TPR95,0.07259475433779439,0.9518072289156626,0.38686131386861317,0.6131386861313868,
53,GAM,P_OPT,0.509357935358373,0.8674698795180723,0.072992700729927,0.927007299270073,0.7944771787881453
53,RF,P_TPR70,0.7458111812070446,0.7349397590361446,0.043795620437956206,0.9562043795620438,
53,RF,P_TPR85,0.5618788286410538,0.8674698795180723,0.08029197080291971,0.9197080291970803,
53,RF,P_TPR95,0.27788450577055934,0.9518072289156626,0.24087591240875914,0.7591240875912408,
53,RF,P_OPT,0.45623770007702935,0.8795180722891566,0.08759124087591241,0.9124087591240876,0.7919268314132442
54,LR,P_TPR70,0.9021021052184421,0.7105263157894737,0.013888888888888888,0.9861111111111112,
54,LR,P_TPR85,0.7704760066845726,0.881578947368421,0.034722222222222224,0.9652777777777778,
54,LR,P_TPR95,0.534598886978612,0.9605263157894737,0.0625,0.9375,
54,LR,P_OPT,0.6168675895730564,0.9473684210526315,0.04861111111111111,0.9513888888888888,0.8987573099415204
54,GAM,P_TPR70,0.91047102301965,0.7236842105263158,0.013888888888888888,0.9861111111111112,
54,GAM,P_TPR85,0.7924664349826157,0.868421052631579,0.034722222222222224,0.9652777777777778,
54,GAM,P_TPR95,0.4968783983986929,0.9736842105263158,0.0625,0.9375,
54,GAM,P_OPT,0.4968783983986929,0.9736842105263158,0.0625,0.9375,0.9111842105263158
54,RF,P_TPR70,0.8023845742438617,0.7368421052631579,0.013888888888888888,0.9861111111111112,
54,RF,P_TPR85,0.6579085648045313,0.881578947368421,0.020833333333333332,0.9791666666666666,
54,RF,P_TPR95,0.3755521144210604,0.9605263157894737,0.09027777777777778,0.9097222222222222,
54,RF,P_OPT,0.5665328052713526,0.9210526315789473,0.041666666666666664,0.9583333333333334,0.8793859649122807
55,LR,P_TPR70,0.7168638956367732,0.821917808219178,0.027210884353741496,0.9727891156462585,
55,LR,P_TPR85,0.5551675229802621,0.8767123287671232,0.034013605442176874,0.9659863945578231,
55,LR,P_TPR95,0.2563402945136428,0.958904109589041,0.1360544217687075,0.8639455782312925,
55,LR,P_OPT,0.5093076856446389,0.9315068493150684,0.061224489795918366,0.9387755102040817,0.8702823595191501
55,GAM,P_TPR70,0.8046669070160135,0.7397260273972602,0.027210884353741496,0.9727891156462585,
55,GAM,P_TPR85,0.4877102945253944,0.8767123287671232,0.061224489795918366,0.9387755102040817,
55,GAM,P_TPR95,0.2862782850127202,0.958904109589041,0.1292517006802721,0.8707482993197279,
55,GAM,P_OPT,0.319175401337387,0.9452054794520548,0.09523809523809523,0.9047619047619048,0.8499673842139596
55,RF,P_TPR70,0.707635464273573,0.7397260273972602,0.034013605442176874,0.9659863945578231,
55,RF,P_TPR85,0.5504108326551195,0.863013698630137,0.06802721088435375,0.9319727891156463,
55,RF,P_TPR95,0.21076205453376234,0.9726027397260274,0.17006802721088435,0.8299319727891157,
55,RF,P_OPT,0.21076205453376234,0.9726027397260274,0.17006802721088435,0.8299319727891157,0.8025347125151431
56,LR,P_TPR70,0.7836962721992115,0.7662337662337663,0.006993006993006993,0.993006993006993,
56,LR,P_TPR85,0.5013180238306142,0.8701298701298701,0.027972027972027972,0.972027972027972,
56,LR,P_TPR95,0.19154666544406895,0.961038961038961,0.08391608391608392,0.916083916083916,
56,LR,P_OPT,0.45685750379090784,0.922077922077922,0.03496503496503497,0.965034965034965,0.887112887112887
56,GAM,P_TPR70,0.6934442355998247,0.8181818181818182,0.013986013986013986,0.986013986013986,
56,GAM,P_TPR85,0.5390653010334159,0.8701298701298701,0.027972027972027972,0.972027972027972,
56,GAM,P_TPR95,0.236791592259821,0.961038961038961,0.06993006993006994,0.9300699300699301,
56,GAM,P_OPT,0.2183868375389325,0.987012987012987,0.07692307692307693,0.9230769230769231,0.91008991008991
56,RF,P_TPR70,0.7299390365774856,0.7012987012987013,0.006993006993006993,0.993006993006993,
56,RF,P_TPR85,0.5732616450612479,0.8831168831168831,0.013986013986013986,0.986013986013986,
56,RF,P_TPR95,0.339730736089044,0.974025974025974,0.06293706293706294,0.9370629370629371,
56,RF,P_OPT,0.339730736089044,0.974025974025974,0.06293706293706294,0.9370629370629371,0.9110889110889111
57,LR,P_TPR70,0.597328977101517,0.8378378378378378,0.00684931506849315,0.9931506849315068,
57,LR,P_TPR85,0.5022453919221784,0.8918918918918919,0.02054794520547945,0.9794520547945206,
57,LR,P_TPR95,0.21432868525718443,0.9594594594594594,0.08904109589041095,0.910958904109589,
57,LR,P_OPT,0.317916709434164,0.9324324324324325,0.03424657534246575,0.9657534246575342,0.8981858570899667
57,GAM,P_TPR70,0.7095911956497815,0.7432432432432432,0.00684931506849315,0.9931506849315068,
57,GAM,P_TPR85,0.45921574765202616,0.8918918918918919,0.0410958904109589,0.9589041095890412,
57,GAM,P_TPR95,0.21989187934722185,0.9594594594594594,0.0958904109589041,0.904109589041096,
57,GAM,P_OPT,0.19274597477030964,0.9864864864864865,0.1095890410958904,0.8904109589041096,0.8768974453905961
57,RF,P_TPR70,0.6312756763580121,0.8378378378378378,0.0,1.0,
57,RF,P_TPR85,0.59326194394279,0.8648648648648649,0.00684931506849315,0.9931506849315068,
57,RF,P_TPR95,0.42129056736875814,0.9594594594594594,0.02054794520547945,0.9794520547945206,
57,RF,P_OPT,0.42129056736875814,0.9594594594594594,0.02054794520547945,0.9794520547945206,0.93891151425398
58,LR,P_TPR70,0.8102740384525032,0.7205882352941176,0.019867549668874173,0.9801324503311258,
58,LR,P_TPR85,0.41680925481830194,0.8970588235294118,0.039735099337748346,0.9602649006622517,
58,LR,P_TPR95,0.1365088913057098,0.9852941176470589,0.1390728476821192,0.8609271523178808,
58,LR,P_OPT,0.30423084229699193,0.9411764705882353,0.0728476821192053,0.9271523178807947,0.8683287884690299
58,GAM,P_TPR70,0.5214588508675532,0.8088235294117647,0.033112582781456956,0.9668874172185431,
58,GAM,P_TPR85,0.4639576877026461,0.8529411764705882,0.039735099337748346,0.9602649006622517,
58,GAM,P_TPR95,0.32140411998945945,0.9558823529411765,0.06622516556291391,0.9337748344370861,
58,GAM,P_OPT,0.2949989685152048,0.9705882352941176,0.0728476821192053,0.9271523178807947,0.8977405531749123
58,RF,P_TPR70,0.631590995771984,0.7941176470588235,0.026490066225165563,0.9735099337748344,
58,RF,P_TPR85,0.5773671732977455,0.8529411764705882,0.033112582781456956,0.9668874172185431,
58,RF,P_TPR95,0.31452795663445754,0.9558823529411765,0.059602649006622516,0.9403973509933775,
58,RF,P_OPT,0.1992763655742207,0.9852941176470589,0.0728476821192053,0.9271523178807947,0.9124464355278535
59,LR,P_TPR70,0.7777687844449105,0.7407407407407407,0.007194244604316547,0.9928057553956835,
59,LR,P_TPR85,0.5214495092924485,0.8518518518518519,0.03597122302158273,0.9640287769784173,
59,LR,P_TPR95,0.21194244815982669,0.9629629629629629,0.08633093525179857,0.9136690647482014,
59,LR,P_OPT,0.21194244815982669,0.9629629629629629,0.08633093525179857,0.9136690647482014,0.8766320277111643
59,GAM,P_TPR70,0.7565565422499922,0.7654320987654321,0.007194244604316547,0.9928057553956835,
59,GAM,P_TPR85,0.5261520706109494,0.8518518518518519,0.02158273381294964,0.9784172661870504,
59,GAM,P_TPR95,0.19159268830727022,0.9506172839506173,0.08633093525179857,0.9136690647482014,
59,GAM,P_OPT,0.19159268830727022,0.9506172839506173,0.08633093525179857,0.9136690647482014,0.8642863486988187
59,RF,P_TPR70,0.5057250910532652,0.8518518518518519,0.014388489208633094,0.9856115107913669,
59,RF,P_TPR85,0.5057250910532652,0.8518518518518519,0.014388489208633094,0.9856115107913669,
59,RF,P_TPR95,0.40234315942061877,0.9506172839506173,0.03597122302158273,0.9640287769784173,
59,RF,P_OPT,0.40234315942061877,0.9506172839506173,0.03597122302158273,0.9640287769784173,0.9146460609290346
60,LR,P_TPR70,0.6515163664526754,0.821917808219178,0.02040816326530612,0.9795918367346939,
60,LR,P_TPR85,0.5732747468953753,0.863013698630137,0.034013605442176874,0.9659863945578231,
60,LR,P_TPR95,0.09468929556918328,0.958904109589041,0.23809523809523808,0.7619047619047619,
60,LR,P_OPT,0.5524536982275564,0.8904109589041096,0.047619047619047616,0.9523809523809523,0.8427919112850619
60,GAM,P_TPR70,0.6982928247568051,0.821917808219178,0.02040816326530612,0.9795918367346939,
60,GAM,P_TPR85,0.5967940271015854,0.863013698630137,0.027210884353741496,0.9727891156462585,
60,GAM,P_TPR95,0.09432062499947573,0.958904109589041,0.21768707482993196,0.782312925170068,
60,GAM,P_OPT,0.5720643272266493,0.8767123287671232,0.034013605442176874,0.9659863945578231,0.8426987233249463
60,RF,P_TPR70,0.7102271380078834,0.7534246575342466,0.013605442176870748,0.9863945578231292,
60,RF,P_TPR85,0.5100404049340078,0.863013698630137,0.034013605442176874,0.9659863945578231,
60,RF,P_TPR95,0.2794958895871119,0.958904109589041,0.16326530612244897,0.8367346938775511,
60,RF,P_OPT,0.4440428562940008,0.9178082191780822,0.04081632653061224,0.9591836734693877,0.8769918926474699
61,LR,P_TPR70,0.6374072791328461,0.8088235294117647,0.019867549668874173,0.9801324503311258,
61,LR,P_TPR85,0.4919448699454395,0.8529411764705882,0.026490066225165563,0.9735099337748344,
61,LR,P_TPR95,0.09398489935958212,0.9558823529411765,0.2052980132450331,0.794701986754967,
61,LR,P_OPT,0.3923196644430761,0.9264705882352942,0.052980132450331126,0.9470198675496688,0.873490455784963
61,GAM,P_TPR70,0.5817405053313368,0.8382352941176471,0.019867549668874173,0.9801324503311258,
61,GAM,P_TPR85,0.5054495186291162,0.8676470588235294,0.026490066225165563,0.9735099337748344,
61,GAM,P_TPR95,0.08734164763782963,0.9558823529411765,0.17880794701986755,0.8211920529801324,
61,GAM,P_OPT,0.42262912820423937,0.9264705882352942,0.033112582781456956,0.9668874172185431,0.8933580054538373
61,RF,P_TPR70,0.7587224293859064,0.7794117647058824,0.0,1.0,
61,RF,P_TPR85,0.6129058995274095,0.8529411764705882,0.0,1.0,
61,RF,P_TPR95,0.26365856138847876,0.9558823529411765,0.07947019867549669,0.9205298013245033,
61,RF,P_OPT,0.28404171344338286,0.9411764705882353,0.059602649006622516,0.9403973509933775,0.8815738215816128
62,LR,P_TPR70,0.6732757106262356,0.8028169014084507,0.013513513513513514,0.9864864864864865,
62,LR,P_TPR85,0.4919999295768483,0.8591549295774648,0.02027027027027027,0.9797297297297297,
62,LR,P_TPR95,0.20612701240959358,0.9577464788732394,0.0945945945945946,0.9054054054054054,
62,LR,P_OPT,0.32888722932850434,0.9295774647887324,0.05405405405405406,0.9459459459459459,0.8755234107346783
62,GAM,P_TPR70,0.7169606112474285,0.7887323943661971,0.013513513513513514,0.9864864864864865,
62,GAM,P_TPR85,0.4471776518590452,0.8732394366197183,0.02027027027027027,0.9797297297297297,
62,GAM,P_TPR95,0.19156261324906115,0.9577464788732394,0.07432432432432433,0.9256756756756757,
62,GAM,P_OPT,0.1739721385220095,0.9859154929577465,0.08783783783783784,0.9121621621621622,0.8980776551199087
62,RF,P_TPR70,0.7414675126729404,0.7605633802816901,0.006756756756756757,0.9932432432432432,
62,RF,P_TPR85,0.5048504911521214,0.8873239436619719,0.02027027027027027,0.9797297297297297,
62,RF,P_TPR95,0.3203161050423802,0.9577464788732394,0.07432432432432433,0.9256756756756757,
62,RF,P_OPT,0.2278618462606498,1.0,0.10810810810810811,0.8918918918918919,0.8918918918918919
63,LR,P_TPR70,0.7770987293909434,0.821917808219178,0.0136986301369863,0.9863013698630136,
63,LR,P_TPR85,0.7102151650682635,0.8767123287671232,0.03424657534246575,0.9657534246575342,
63,LR,P_TPR95,0.19749044097491164,0.9726027397260274,0.136986301369863,0.863013698630137,
63,LR,P_OPT,0.42295304306246906,0.9315068493150684,0.07534246575342465,0.9246575342465754,0.8561643835616438
63,GAM,P_TPR70,0.8290561204037183,0.7945205479452054,0.0136986301369863,0.9863013698630136,
63,GAM,P_TPR85,0.6775875874606901,0.8767123287671232,0.03424657534246575,0.9657534246575342,
63,GAM,P_TPR95,0.2588967009913007,0.958904109589041,0.10273972602739725,0.8972602739726028,
63,GAM,P_OPT,0.22405738602146824,0.9726027397260274,0.1095890410958904,0.8904109589041096,0.863013698630137
63,RF,P_TPR70,0.5376977896640607,0.7945205479452054,0.02054794520547945,0.9794520547945206,
63,RF,P_TPR85,0.4226768464539271,0.8767123287671232,0.06164383561643835,0.9383561643835616,
63,RF,P_TPR95,0.310690462668423,0.958904109589041,0.0958904109589041,0.904109589041096,
63,RF,P_OPT,0.2823880911121675,0.9863013698630136,0.11643835616438356,0.8835616438356164,0.8698630136986301
64,LR,P_TPR70,0.8079817066525313,0.8115942028985508,0.006622516556291391,0.9933774834437086,
64,LR,P_TPR85,0.699297840793506,0.8695652173913043,0.033112582781456956,0.9668874172185431,
64,LR,P_TPR95,0.40547417271156244,0.9565217391304348,0.059602649006622516,0.9403973509933775,
64,LR,P_OPT,0.37857829592815245,0.9710144927536232,0.06622516556291391,0.9337748344370861,0.9047893271907093
64,GAM,P_TPR70,0.9066890374622376,0.7536231884057971,0.0,1.0,
64,GAM,P_TPR85,0.7730720967673496,0.855072463768116,0.026490066225165563,0.9735099337748344,
64,GAM,P_TPR95,0.3871472916708826,0.9565217391304348,0.052980132450331126,0.9470198675496688,
64,GAM,P_OPT,0.3871472916708826,0.9565217391304348,0.052980132450331126,0.9470198675496688,0.9035416066801036
64,RF,P_TPR70,0.7648770862153218,0.7101449275362319,0.019867549668874173,0.9801324503311258,
64,RF,P_TPR85,0.5869719110026798,0.8840579710144928,0.046357615894039736,0.9536423841059603,
64,RF,P_TPR95,0.358477450170918,0.9565217391304348,0.09933774834437085,0.9006622516556292,
64,RF,P_OPT,0.396531670931936,0.9420289855072463,0.07947019867549669,0.9205298013245033,0.8625587868317497
65,LR,P_TPR70,0.7406804622207251,0.7878787878787878,0.006493506493506494,0.9935064935064936,
65,LR,P_TPR85,0.47865563818995094,0.8636363636363636,0.032467532467532464,0.9675324675324676,
65,LR,P_TPR95,0.08634438505680807,0.9545454545454546,0.19480519480519481,0.8051948051948052,
65,LR,P_OPT,0.3785008877684182,0.8787878787878788,0.045454545454545456,0.9545454545454546,0.8333333333333334
65,GAM,P_TPR70,0.8176898565377382,0.7575757575757576,0.0,1.0,
65,GAM,P_TPR85,0.4937797341771403,0.8636363636363636,0.03896103896103896,0.961038961038961,
65,GAM,P_TPR95,0.0936449035916199,0.9545454545454546,0.17532467532467533,0.8246753246753247,
65,GAM,P_OPT,0.17752731788185097,0.9242424242424242,0.08441558441558442,0.9155844155844156,0.8398268398268398
65,RF,P_TPR70,0.7238306772192192,0.7575757575757576,0.006493506493506494,0.9935064935064936,
65,RF,P_TPR85,0.5314259574714166,0.8636363636363636,0.025974025974025976,0.974025974025974,
65,RF,P_TPR95,0.31412630479742426,0.9545454545454546,0.06493506493506493,0.935064935064935,
65,RF,P_OPT,0.31412630479742426,0.9545454545454546,0.06493506493506493,0.935064935064935,0.8896103896103896
66,LR,P_TPR70,0.6687413472642967,0.8235294117647058,0.007407407407407408,0.9925925925925926,
66,LR,P_TPR85,0.5270135809924136,0.9058823529411765,0.014814814814814815,0.9851851851851852,
66,LR,P_TPR95,0.4070703815149262,0.9529411764705882,0.05925925925925926,0.9407407407407408,
66,LR,P_OPT,0.4070703815149262,0.9529411764705882,0.05925925925925926,0.9407407407407408,0.893681917211329
66,GAM,P_TPR70,0.6657593542368117,0.8352941176470589,0.007407407407407408,0.9925925925925926,
66,GAM,P_TPR85,0.5973491324344344,0.8705882352941177,0.014814814814814815,0.9851851851851852,
66,GAM,P_TPR95,0.28287325053303025,0.9764705882352941,0.08148148148148149,0.9185185185185185,
66,GAM,P_OPT,0.48416298312866446,0.9294117647058824,0.02962962962962963,0.9703703703703703,0.8997821350762527
66,RF,P_TPR70,0.7071250768561833,0.8352941176470589,0.007407407407407408,0.9925925925925926,
66,RF,P_TPR85,0.6680805052000997,0.8705882352941177,0.014814814814814815,0.9851851851851852,
66,RF,P_TPR95,0.3047888683310797,0.9529411764705882,0.08888888888888889,0.9111111111111111,
66,RF,P_OPT,0.48329917612037965,0.9294117647058824,0.02962962962962963,0.9703703703703703,0.8997821350762527
67,LR,P_TPR70,0.7658352682160089,0.8024691358024691,0.007194244604316547,0.9928057553956835,
67,LR,P_TPR85,0.5928399620597098,0.9135802469135802,0.02158273381294964,0.9784172661870504,
67,LR,P_TPR95,0.2354709832092157,0.9506172839506173,0.050359712230215826,0.9496402877697842,
67,LR,P_OPT,0.19056280926058367,0.9629629629629629,0.05755395683453238,0.9424460431654677,0.9054090061284306
67,GAM,P_TPR70,0.7910575289418519,0.7037037037037037,0.007194244604316547,0.9928057553956835,
67,GAM,P_TPR85,0.30671939162087286,0.9259259259259259,0.02158273381294964,0.9784172661870504,
67,GAM,P_TPR95,0.2074914392164478,0.9506172839506173,0.07194244604316546,0.9280575539568345,
67,GAM,P_OPT,0.30671939162087286,0.9259259259259259,0.02158273381294964,0.9784172661870504,0.9043431921129763
67,RF,P_TPR70,0.7769313790309885,0.8641975308641975,0.007194244604316547,0.9928057553956835,
67,RF,P_TPR85,0.7769313790309885,0.8641975308641975,0.007194244604316547,0.9928057553956835,
67,RF,P_TPR95,0.30424007209219356,0.9506172839506173,0.05755395683453238,0.9424460431654677,
67,RF,P_OPT,0.3841292649688074,0.9259259259259259,0.02158273381294964,0.9784172661870504,0.9043431921129763
68,LR,P_TPR70,0.8341432542458693,0.7558139534883721,0.0,1.0,
68,LR,P_TPR85,0.6605557585167778,0.8604651162790697,0.029850746268656716,0.9701492537313433,
68,LR,P_TPR95,0.2406658469373357,0.9534883720930233,0.09701492537313433,0.9029850746268657,
68,LR,P_OPT,0.2523658152943096,0.9418604651162791,0.08208955223880597,0.917910447761194,0.8597709128774731
68,GAM,P_TPR70,0.8389799235067092,0.7558139534883721,0.0,1.0,
68,GAM,P_TPR85,0.4933909684256243,0.9069767441860465,0.04477611940298507,0.9552238805970149,
68,GAM,P_TPR95,0.24455944289046183,0.9534883720930233,0.08208955223880597,0.917910447761194,
68,GAM,P_OPT,0.24455944289046183,0.9534883720930233,0.08208955223880597,0.917910447761194,0.8713988198542173
68,RF,P_TPR70,0.7884284205659733,0.7674418604651163,0.022388059701492536,0.9776119402985075,
68,RF,P_TPR85,0.5779835767370792,0.8837209302325582,0.03731343283582089,0.9626865671641791,
68,RF,P_TPR95,0.3146792215940092,0.9534883720930233,0.06716417910447761,0.9328358208955224,
68,RF,P_OPT,0.423730412743033,0.9418604651162791,0.04477611940298507,0.9552238805970149,0.897084345713294
69,LR,P_TPR70,0.6890291713062267,0.8488372093023255,0.0,1.0,
69,LR,P_TPR85,0.5716986629965884,0.8837209302325582,0.007462686567164179,0.9925373134328358,
69,LR,P_TPR95,0.4569254688190392,0.9534883720930233,0.022388059701492536,0.9776119402985075,
69,LR,P_OPT,0.4569254688190392,0.9534883720930233,0.022388059701492536,0.9776119402985075,0.9311003123915308
69,GAM,P_TPR70,0.6930436267476235,0.8372093023255814,0.0,1.0,
69,GAM,P_TPR85,0.5684788189266492,0.8837209302325582,0.007462686567164179,0.9925373134328358,
69,GAM,P_TPR95,0.40598494349609915,0.9534883720930233,0.029850746268656716,0.9701492537313433,
69,GAM,P_OPT,0.40598494349609915,0.9534883720930233,0.029850746268656716,0.9701492537313433,0.9236376258243666
69,RF,P_TPR70,0.7068099995882535,0.8023255813953488,0.0,1.0,
69,RF,P_TPR85,0.5395360567524135,0.8837209302325582,0.007462686567164179,0.9925373134328358,
69,RF,P_TPR95,0.3650784583291882,0.9534883720930233,0.05223880597014925,0.9477611940298507,
69,RF,P_OPT,0.323379137904274,0.9767441860465116,0.05970149253731343,0.9402985074626866,0.9170426935091982
70,LR,P_TPR70,0.6990989860404558,0.7402597402597403,0.013986013986013986,0.986013986013986,
70,LR,P_TPR85,0.40380123215711633,0.8701298701298701,0.04195804195804196,0.958041958041958,
70,LR,P_TPR95,0.07726749430028818,0.961038961038961,0.2097902097902098,0.7902097902097902,
70,LR,P_OPT,0.32419135449187486,0.8831168831168831,0.04895104895104895,0.951048951048951,0.8341658341658341
70,GAM,P_TPR70,0.7649882780937864,0.7272727272727273,0.013986013986013986,0.986013986013986,
70,GAM,P_TPR85,0.42883123923573757,0.8571428571428571,0.04195804195804196,0.958041958041958,
70,GAM,P_TPR95,0.09304054589405884,0.961038961038961,0.1888111888111888,0.8111888111888113,
70,GAM,P_OPT,0.19273959345379135,0.935064935064935,0.1048951048951049,0.8951048951048951,0.8301698301698301
70,RF,P_TPR70,0.6241419827310828,0.7272727272727273,0.013986013986013986,0.986013986013986,
70,RF,P_TPR85,0.49731573267899176,0.8571428571428571,0.03496503496503497,0.965034965034965,
70,RF,P_TPR95,0.3086256236897195,0.961038961038961,0.1048951048951049,0.8951048951048951,
70,RF,P_OPT,0.3086256236897195,0.961038961038961,0.1048951048951049,0.8951048951048951,0.8561438561438561
71,LR,P_TPR70,0.823682309200796,0.7142857142857143,0.01910828025477707,0.9808917197452229,
71,LR,P_TPR85,0.37772808055975987,0.873015873015873,0.06369426751592357,0.9363057324840764,
71,LR,P_TPR95,0.08198824032550474,0.9523809523809523,0.2229299363057325,0.7770700636942676,
71,LR,P_OPT,0.31629678920986765,0.8888888888888888,0.07006369426751592,0.9299363057324841,0.8188251946213729
71,GAM,P_TPR70,0.7087589583227978,0.7301587301587301,0.050955414012738856,0.9490445859872612,
71,GAM,P_TPR85,0.43125246945239376,0.8571428571428571,0.06369426751592357,0.9363057324840764,
71,GAM,P_TPR95,0.1586513905926989,0.9523809523809523,0.12738853503184713,0.8726114649681529,
71,GAM,P_OPT,0.1586513905926989,0.9523809523809523,0.12738853503184713,0.8726114649681529,0.8249924173491052
71,RF,P_TPR70,0.7563359379899997,0.7142857142857143,0.006369426751592357,0.9936305732484076,
71,RF,P_TPR85,0.550427386538706,0.8571428571428571,0.044585987261146494,0.9554140127388535,
71,RF,P_TPR95,0.23845593885905325,0.9523809523809523,0.12101910828025478,0.8789808917197452,
71,RF,P_OPT,0.3221730031800227,0.9206349206349206,0.08280254777070063,0.9171974522292994,0.83783237286422
72,LR,P_TPR70,0.682043723959476,0.8260869565217391,0.0,1.0,
72,LR,P_TPR85,0.6072409970000467,0.8840579710144928,0.019867549668874173,0.9801324503311258,
72,LR,P_TPR95,0.33541392085239913,0.9565217391304348,0.059602649006622516,0.9403973509933775,
72,LR,P_OPT,0.4159210277194301,0.9420289855072463,0.033112582781456956,0.9668874172185431,0.9089164027257894
72,GAM,P_TPR70,0.7591756050136771,0.7971014492753623,0.0,1.0,
72,GAM,P_TPR85,0.5751601463942495,0.8840579710144928,0.013245033112582781,0.9867549668874173,
72,GAM,P_TPR95,0.3670526339517865,0.9565217391304348,0.039735099337748346,0.9602649006622517,
72,GAM,P_OPT,0.4443181445570801,0.9420289855072463,0.019867549668874173,0.9801324503311258,0.9221614358383722
72,RF,P_TPR70,0.6416799061163575,0.8260869565217391,0.0,1.0,
72,RF,P_TPR85,0.4593612799700921,0.9420289855072463,0.006622516556291391,0.9933774834437086,
72,RF,P_TPR95,0.2840882892814555,0.9565217391304348,0.11920529801324503,0.880794701986755,
72,RF,P_OPT,0.4593612799700921,0.9420289855072463,0.006622516556291391,0.9933774834437086,0.9354064689509549
73,LR,P_TPR70,0.8099913142397392,0.7215189873417721,0.014184397163120567,0.9858156028368794,
73,LR,P_TPR85,0.6423359649618352,0.8734177215189873,0.03546099290780142,0.9645390070921985,
73,LR,P_TPR95,0.10505823649193162,0.9620253164556962,0.24822695035460993,0.75177304964539,
73,LR,P_OPT,0.5771786877667858,0.8987341772151899,0.0425531914893617,0.9574468085106383,0.8561809857258282
73,GAM,P_TPR70,0.7629723974966692,0.7848101265822784,0.02127659574468085,0.9787234042553191,
73,GAM,P_TPR85,0.5188184100545099,0.8860759493670886,0.04964539007092199,0.950354609929078,
73,GAM,P_TPR95,0.2034448627396092,0.9620253164556962,0.16312056737588654,0.8368794326241135,
73,GAM,P_OPT,0.42263143643894285,0.9240506329113924,0.0851063829787234,0.9148936170212766,0.838944249932669
73,RF,P_TPR70,0.5797523130494788,0.810126582278481,0.028368794326241134,0.9716312056737588,
73,RF,P_TPR85,0.49842740874945524,0.8734177215189873,0.0425531914893617,0.9574468085106383,
73,RF,P_TPR95,0.3023518364854439,0.9746835443037974,0.1347517730496454,0.8652482269503546,
73,RF,P_OPT,0.3023518364854439,0.9746835443037974,0.1347517730496454,0.8652482269503546,0.8399317712541521
74,LR,P_TPR70,0.7079742948143992,0.8375,0.014285714285714285,0.9857142857142858,
74,LR,P_TPR85,0.6873154117203436,0.85,0.02142857142857143,0.9785714285714285,
74,LR,P_TPR95,0.5060450077530313,0.9625,0.05,0.95,
74,LR,P_OPT,0.5060450077530313,0.9625,0.05,0.95,0.9125
74,GAM,P_TPR70,0.616385878401654,0.875,0.014285714285714285,0.9857142857142858,
74,GAM,P_TPR85,0.616385878401654,0.875,0.014285714285714285,0.9857142857142858,
74,GAM,P_TPR95,0.529852164616909,0.95,0.05,0.95,
74,GAM,P_OPT,0.38965835793444936,0.9875,0.07142857142857142,0.9285714285714286,0.9160714285714286
74,RF,P_TPR70,0.7521361805480387,0.75,0.0,1.0,
74,RF,P_TPR85,0.5915668500801722,0.85,0.02142857142857143,0.9785714285714285,
74,RF,P_TPR95,0.3928468525572879,0.95,0.06428571428571428,0.9357142857142857,
74,RF,P_OPT,0.3928468525572879,0.95,0.06428571428571428,0.9357142857142857,0.8857142857142857
75,LR,P_TPR70,0.5635934304755502,0.9156626506024096,0.0072992700729927005,0.9927007299270073,
75,LR,P_TPR85,0.5635934304755502,0.9156626506024096,0.0072992700729927005,0.9927007299270073,
75,LR,P_TPR95,0.14000548770337679,0.9518072289156626,0.16058394160583941,0.8394160583941606,
75,LR,P_OPT,0.5635934304755502,0.9156626506024096,0.0072992700729927005,0.9927007299270073,0.9083633805294169
75,GAM,P_TPR70,0.6273383686934735,0.891566265060241,0.0072992700729927005,0.9927007299270073,
75,GAM,P_TPR85,0.6273383686934735,0.891566265060241,0.0072992700729927005,0.9927007299270073,
75,GAM,P_TPR95,0.11433464070743048,0.9518072289156626,0.1678832116788321,0.8321167883211679,
75,GAM,P_OPT,0.4542297646430422,0.927710843373494,0.0364963503649635,0.9635036496350365,0.8912144930085305
75,RF,P_TPR70,0.7246806089836692,0.7710843373493976,0.0072992700729927005,0.9927007299270073,
75,RF,P_TPR85,0.5389274676392739,0.8554216867469879,0.021897810218978103,0.9781021897810219,
75,RF,P_TPR95,0.2669045385447121,0.963855421686747,0.08029197080291971,0.9197080291970803,
75,RF,P_OPT,0.23720369448066592,0.9759036144578314,0.08759124087591241,0.9124087591240876,0.888312373581919
76,LR,P_TPR70,0.8031398074333099,0.704225352112676,0.013422818791946308,0.9865771812080537,
76,LR,P_TPR85,0.43888964567286337,0.8732394366197183,0.040268456375838924,0.9597315436241611,
76,LR,P_TPR95,0.1355314569241835,0.9577464788732394,0.1476510067114094,0.8523489932885906,
76,LR,P_OPT,0.22365748618589873,0.9295774647887324,0.087248322147651,0.912751677852349,0.8423291426410814
76,GAM,P_TPR70,0.8168941213600645,0.7183098591549296,0.013422818791946308,0.9865771812080537,
76,GAM,P_TPR85,0.4830702107985471,0.8732394366197183,0.03355704697986577,0.9664429530201343,
76,GAM,P_TPR95,0.16300216709765203,0.9577464788732394,0.10738255033557047,0.8926174496644296,
76,GAM,P_OPT,0.24676010411276886,0.9295774647887324,0.06711409395973154,0.9328859060402684,0.8624633708290008
76,RF,P_TPR70,0.5683733945677324,0.8450704225352113,0.020134228187919462,0.9798657718120806,
76,RF,P_TPR85,0.4373034284586324,0.8873239436619719,0.026845637583892617,0.9731543624161074,
76,RF,P_TPR95,0.24596232018189754,0.971830985915493,0.11409395973154363,0.8859060402684564,
76,RF,P_OPT,0.33086343660262435,0.9436619718309859,0.053691275167785234,0.9463087248322147,0.8899706966632006
77,LR,P_TPR70,0.7436802446796172,0.8142857142857143,0.0,1.0,
77,LR,P_TPR85,0.4886677352730639,0.8571428571428571,0.04,0.96,
77,LR,P_TPR95,0.31194524843182775,0.9571428571428572,0.1,0.9,
77,LR,P_OPT,0.2280701735180616,0.9857142857142858,0.12,0.88,0.8657142857142858
78,LR,P_TPR70,0.6720661559693978,0.7761194029850746,0.0196078431372549,0.9803921568627451,
78,LR,P_TPR85,0.5710403491902222,0.8507462686567164,0.032679738562091505,0.9673202614379085,
78,LR,P_TPR95,0.09986181498762974,0.9552238805970149,0.23529411764705882,0.7647058823529411,
78,LR,P_OPT,0.5085975043110448,0.8955223880597015,0.0392156862745098,0.9607843137254902,0.8563067017851917
78,GAM,P_TPR70,0.7466020648808347,0.7611940298507462,0.0196078431372549,0.9803921568627451,
78,GAM,P_TPR85,0.5406846969303257,0.8955223880597015,0.0392156862745098,0.9607843137254902,
78,GAM,P_TPR95,0.10642154320820803,0.9552238805970149,0.19607843137254902,0.803921568627451,
78,GAM,P_OPT,0.5406846969303257,0.8955223880597015,0.0392156862745098,0.9607843137254902,0.8563067017851917
78,RF,P_TPR70,0.7883834675018546,0.7014925373134329,0.006535947712418301,0.9934640522875817,
78,RF,P_TPR85,0.5807896347973301,0.8507462686567164,0.026143790849673203,0.9738562091503268,
78,RF,P_TPR95,0.24519263045524076,0.9552238805970149,0.13725490196078433,0.8627450980392157,
78,RF,P_OPT,0.4092691271407795,0.8955223880597015,0.058823529411764705,0.9411764705882353,0.8366988586479368
79,LR,P_TPR70,0.7998099620985456,0.7323943661971831,0.0,1.0,
79,LR,P_TPR85,0.5351256077558116,0.8873239436619719,0.026845637583892617,0.9731543624161074,
79,LR,P_TPR95,0.15563298140503834,0.9577464788732394,0.14093959731543623,0.8590604026845637,
79,LR,P_OPT,0.3832957699237232,0.9436619718309859,0.053691275167785234,0.9463087248322147,0.8899706966632006
79,GAM,P_TPR70,0.8119643127947698,0.7464788732394366,0.0,1.0,
79,GAM,P_TPR85,0.5629255695711899,0.8873239436619719,0.026845637583892617,0.9731543624161074,
79,GAM,P_TPR95,0.2524572353952625,0.9577464788732394,0.06040268456375839,0.9395973154362416,
79,GAM,P_OPT,0.2524572353952625,0.9577464788732394,0.06040268456375839,0.9395973154362416,0.897343794309481
79,RF,P_TPR70,0.669060345712929,0.7887323943661971,0.013422818791946308,0.9865771812080537,
79,RF,P_TPR85,0.5163112818340461,0.8732394366197183,0.040268456375838924,0.9597315436241611,
79,RF,P_TPR95,0.43246185677527926,0.9577464788732394,0.04697986577181208,0.9530201342281879,
79,RF,P_OPT,0.35577190298239253,0.9859154929577465,0.0738255033557047,0.9261744966442953,0.9120899896020418
80,LR,P_TPR70,0.8574638384421575,0.7428571428571429,0.013333333333333334,0.9866666666666667,
80,LR,P_TPR85,0.5728964629770249,0.8714285714285714,0.04,0.96,
80,LR,P_TPR95,0.27614480993986956,0.9571428571428572,0.10666666666666667,0.8933333333333333,
80,LR,P_OPT,0.3108060092827919,0.9428571428571428,0.08,0.92,0.8628571428571429
80,GAM,P_TPR70,0.8653209168718946,0.7428571428571429,0.006666666666666667,0.9933333333333333,
80,GAM,P_TPR85,0.6039083532727215,0.8571428571428571,0.04666666666666667,0.9533333333333334,
80,GAM,P_TPR95,0.2769592291722505,0.9571428571428572,0.11333333333333333,0.8866666666666667,
80,GAM,P_OPT,0.362655048430118,0.9285714285714286,0.07333333333333333,0.9266666666666666,0.8552380952380952
80,RF,P_TPR70,0.6461661611698077,0.8428571428571429,0.013333333333333334,0.9866666666666667,
80,RF,P_TPR85,0.592206608464296,0.8857142857142857,0.02,0.98,
80,RF,P_TPR95,0.39247581617999905,0.9571428571428572,0.1,0.9,
80,RF,P_OPT,0.4844738707683167,0.9428571428571428,0.04666666666666667,0.9533333333333334,0.8961904761904762
81,LR,P_TPR70,0.74623837363042,0.8571428571428571,0.007352941176470588,0.9926470588235294,
81,LR,P_TPR85,0.74623837363042,0.8571428571428571,0.007352941176470588,0.9926470588235294,
81,LR,P_TPR95,0.1736999265515659,0.9523809523809523,0.09558823529411764,0.9044117647058824,
81,LR,P_OPT,0.5461229990503872,0.9166666666666666,0.029411764705882353,0.9705882352941176,0.8872549019607843
81,GAM,P_TPR70,0.6312331295864293,0.8928571428571429,0.014705882352941176,0.9852941176470589,
81,GAM,P_TPR85,0.6312331295864293,0.8928571428571429,0.014705882352941176,0.9852941176470589,
81,GAM,P_TPR95,0.2501517372854642,0.9523809523809523,0.08823529411764706,0.9117647058823529,
81,GAM,P_OPT,0.5094228793613403,0.9285714285714286,0.029411764705882353,0.9705882352941176,0.8991596638655462
81,RF,P_TPR70,0.6634732310246111,0.8809523809523809,0.0,1.0,
81,RF,P_TPR85,0.6634732310246111,0.8809523809523809,0.0,1.0,
81,RF,P_TPR95,0.28775581302429987,0.9523809523809523,0.04411764705882353,0.9558823529411765,
81,RF,P_OPT,0.5377982553609436,0.9166666666666666,0.007352941176470588,0.9926470588235294,0.9093137254901961
82,LR,P_TPR70,0.8209765793990577,0.7534246575342466,0.02054794520547945,0.9794520547945206,
82,LR,P_TPR85,0.5545243142505916,0.8904109589041096,0.0547945205479452,0.9452054794520548,
82,LR,P_TPR95,0.10784579230445519,0.9726027397260274,0.2191780821917808,0.7808219178082192,
82,LR,P_OPT,0.48086882575076567,0.9315068493150684,0.0684931506849315,0.9315068493150684,0.8630136986301369
82,GAM,P_TPR70,0.8609758714002763,0.7397260273972602,0.0136986301369863,0.9863013698630136,
82,GAM,P_TPR85,0.6253832672818286,0.863013698630137,0.03424657534246575,0.9657534246575342,
82,GAM,P_TPR95,0.13808906343546534,0.9726027397260274,0.1780821917808219,0.821917808219178,
82,GAM,P_OPT,0.49018339570611313,0.9315068493150684,0.0684931506849315,0.9315068493150684,0.8630136986301369
82,RF,P_TPR70,0.6985108117223046,0.7397260273972602,0.0136986301369863,0.9863013698630136,
82,RF,P_TPR85,0.44894899559700074,0.9315068493150684,0.0547945205479452,0.9452054794520548,
82,RF,P_TPR95,0.325824920925785,0.958904109589041,0.07534246575342465,0.9246575342465754,
82,RF,P_OPT,0.325824920925785,0.958904109589041,0.07534246575342465,0.9246575342465754,0.8835616438356164
83,LR,P_TPR70,0.6879168658586974,0.75,0.02702702702702703,0.972972972972973,
83,LR,P_TPR85,0.35879079643135153,0.8611111111111112,0.06756756756756757,0.9324324324324325,
83,LR,P_TPR95,0.06899604341442361,0.9583333333333334,0.21621621621621623,0.7837837837837838,
83,LR,P_OPT,0.1769198528897436,0.9166666666666666,0.12162162162162163,0.8783783783783784,0.795045045045045
83,GAM,P_TPR70,0.764301992935604,0.7361111111111112,0.02027027027027027,0.9797297297297297,
83,GAM,P_TPR85,0.3996809072847341,0.8611111111111112,0.05405405405405406,0.9459459459459459,
83,GAM,P_TPR95,0.10276662609175503,0.9583333333333334,0.1554054054054054,0.8445945945945946,
83,GAM,P_OPT,0.1826414627047287,0.9444444444444444,0.12162162162162163,0.8783783783783784,0.8228228228228228
83,RF,P_TPR70,0.8011849305059646,0.7083333333333334,0.02027027027027027,0.9797297297297297,
83,RF,P_TPR85,0.42494090977787197,0.9166666666666666,0.0472972972972973,0.9527027027027027,
83,RF,P_TPR95,0.23231457499199576,0.9583333333333334,0.08108108108108109,0.9189189189189189,
83,RF,P_OPT,0.23231457499199576,0.9583333333333334,0.08108108108108109,0.9189189189189189,0.8772522522522523
84,LR,P_TPR70,0.686845468327854,0.8356164383561644,0.02040816326530612,0.9795918367346939,
84,LR,P_TPR85,0.532104428156063,0.863013698630137,0.04081632653061224,0.9591836734693877,
84,LR,P_TPR95,0.09682810690150398,0.958904109589041,0.17687074829931973,0.8231292517006803,
84,LR,P_OPT,0.3922851426914184,0.9041095890410958,0.07482993197278912,0.9251700680272109,0.8292796570683068
84,GAM,P_TPR70,0.7400146239573312,0.821917808219178,0.02040816326530612,0.9795918367346939,
84,GAM,P_TPR85,0.4797103381482234,0.8904109589041096,0.047619047619047616,0.9523809523809523,
84,GAM,P_TPR95,0.125467311783158,0.9726027397260274,0.1360544217687075,0.8639455782312925,
84,GAM,P_OPT,0.4797103381482234,0.8904109589041096,0.047619047619047616,0.9523809523809523,0.8427919112850619
84,RF,P_TPR70,0.7893219456726255,0.726027397260274,0.0,1.0,
84,RF,P_TPR85,0.5112275364518246,0.8904109589041096,0.04081632653061224,0.9591836734693877,
84,RF,P_TPR95,0.30770473040059815,0.958904109589041,0.11564625850340136,0.8843537414965986,
84,RF,P_OPT,0.27736554053249024,0.9726027397260274,0.12244897959183673,0.8775510204081632,0.8501537601341906
85,LR,P_TPR70,0.8037860949077124,0.7647058823529411,0.02631578947368421,0.9736842105263158,
85,LR,P_TPR85,0.737566950193529,0.8529411764705882,0.05263157894736842,0.9473684210526316,
85,LR,P_TPR95,0.25082974885056075,0.9705882352941176,0.11842105263157894,0.881578947368421,
85,LR,P_OPT,0.45430727544943744,0.9411764705882353,0.08552631578947369,0.9144736842105263,0.8556501547987616
85,GAM,P_TPR70,0.7955734578148276,0.7352941176470589,0.039473684210526314,0.9605263157894737,
85,GAM,P_TPR85,0.6477977902797296,0.8529411764705882,0.06578947368421052,0.9342105263157895,
85,GAM,P_TPR95,0.4073238528634367,0.9558823529411765,0.10526315789473684,0.8947368421052632,
85,GAM,P_OPT,0.4073238528634367,0.9558823529411765,0.10526315789473684,0.8947368421052632,0.8506191950464397
85,RF,P_TPR70,0.7076143467843828,0.8088235294117647,0.019736842105263157,0.9802631578947368,
85,RF,P_TPR85,0.6335999231060072,0.8676470588235294,0.02631578947368421,0.9736842105263158,
85,RF,P_TPR95,0.30222779756661816,0.9558823529411765,0.13157894736842105,0.868421052631579,
85,RF,P_OPT,0.46991792009396005,0.9264705882352942,0.06578947368421052,0.9342105263157895,0.8606811145510836
86,LR,P_TPR70,0.7638437836762609,0.7945205479452054,0.0136986301369863,0.9863013698630136,
86,LR,P_TPR85,0.5974714588288357,0.863013698630137,0.0273972602739726,0.9726027397260274,
86,LR,P_TPR95,0.15407246837113578,0.958904109589041,0.17123287671232876,0.8287671232876712,
86,LR,P_OPT,0.5165600719504202,0.9178082191780822,0.04794520547945205,0.952054794520548,0.8698630136986302
86,GAM,P_TPR70,0.7148878967525054,0.8356164383561644,0.0136986301369863,0.9863013698630136,
86,GAM,P_TPR85,0.6350850665146741,0.863013698630137,0.02054794520547945,0.9794520547945206,
86,GAM,P_TPR95,0.1953459164618895,0.958904109589041,0.14383561643835616,0.8561643835616438,
86,GAM,P_OPT,0.5181218921861044,0.9178082191780822,0.0410958904109589,0.9589041095890412,0.8767123287671232
86,RF,P_TPR70,0.6199496955764389,0.8493150684931506,0.0,1.0,
86,RF,P_TPR85,0.5979921135487181,0.8767123287671232,0.00684931506849315,0.9931506849315068,
86,RF,P_TPR95,0.34279113692977903,0.958904109589041,0.10273972602739725,0.8972602739726028,
86,RF,P_OPT,0.5979921135487181,0.8767123287671232,0.00684931506849315,0.9931506849315068,0.8698630136986301
87,LR,P_TPR70,0.7525472404701994,0.7534246575342466,0.027210884353741496,0.9727891156462585,
87,LR,P_TPR85,0.5773484320972528,0.863013698630137,0.047619047619047616,0.9523809523809523,
87,LR,P_TPR95,0.09586376706952927,0.958904109589041,0.21768707482993196,0.782312925170068,
87,LR,P_OPT,0.5773484320972528,0.863013698630137,0.047619047619047616,0.9523809523809523,0.8153946510110894
87,GAM,P_TPR70,0.7338561181749474,0.7123287671232876,0.034013605442176874,0.9659863945578231,
87,GAM,P_TPR85,0.4479084585147279,0.863013698630137,0.07482993197278912,0.9251700680272109,
87,GAM,P_TPR95,0.1675651688920165,0.958904109589041,0.14965986394557823,0.8503401360544218,
87,GAM,P_OPT,0.13145334055861205,0.9863013698630136,0.17687074829931973,0.8231292517006803,0.8094306215636939
87,RF,P_TPR70,0.7026280894103764,0.7534246575342466,0.006802721088435374,0.9931972789115646,
87,RF,P_TPR85,0.34597360277482436,0.8904109589041096,0.06802721088435375,0.9319727891156463,
87,RF,P_TPR95,0.265784584756266,0.958904109589041,0.1360544217687075,0.8639455782312925,
87,RF,P_OPT,0.334870997432594,0.9041095890410958,0.07482993197278912,0.9251700680272109,0.8292796570683068
88,LR,P_TPR70,0.7812730823472137,0.7611940298507462,0.032679738562091505,0.9673202614379085,
88,LR,P_TPR85,0.5749797666047217,0.8507462686567164,0.0392156862745098,0.9607843137254902,
88,LR,P_TPR95,0.2529367894778524,0.9552238805970149,0.08496732026143791,0.9150326797385621,
88,LR,P_OPT,0.2529367894778524,0.9552238805970149,0.08496732026143791,0.9150326797385621,0.870256560335577
88,GAM,P_TPR70,0.8395446588347646,0.7164179104477612,0.026143790849673203,0.9738562091503268,
88,GAM,P_TPR85,0.5568318845895419,0.8805970149253731,0.0392156862745098,0.9607843137254902,
88,GAM,P_TPR95,0.1992397159728558,0.9552238805970149,0.1111111111111111,0.8888888888888888,
88,GAM,P_OPT,0.31692904598846194,0.9402985074626866,0.0718954248366013,0.9281045751633987,0.8684030826260853
88,RF,P_TPR70,0.6936277529682251,0.7014925373134329,0.026143790849673203,0.9738562091503268,
88,RF,P_TPR85,0.4225439073619879,0.8805970149253731,0.06535947712418301,0.934640522875817,
88,RF,P_TPR95,0.1594258284877431,0.9552238805970149,0.1437908496732026,0.8562091503267975,
88,RF,P_OPT,0.3389739949070198,0.9402985074626866,0.08496732026143791,0.9150326797385621,0.8553311872012487
89,LR,P_TPR70,0.7492955639587625,0.7051282051282052,0.028169014084507043,0.971830985915493,
89,LR,P_TPR85,0.4553821316110369,0.9230769230769231,0.09154929577464789,0.9084507042253521,
89,LR,P_TPR95,0.24861880053723,0.9615384615384616,0.1619718309859155,0.8380281690140845,
89,LR,P_OPT,0.4290112801599206,0.9358974358974359,0.09859154929577464,0.9014084507042254,0.8373058866016613
90,LR,P_TPR70,0.849191888714369,0.7285714285714285,0.02,0.98,
90,LR,P_TPR85,0.5718191610013748,0.8571428571428571,0.06,0.94,
90,LR,P_TPR95,0.1677536056118933,0.9571428571428572,0.14666666666666667,0.8533333333333333,
90,LR,P_OPT,0.46423425455036305,0.9285714285714286,0.08,0.92,0.8485714285714286
90,GAM,P_TPR70,0.8879896310162885,0.7,0.013333333333333334,0.9866666666666667,
90,GAM,P_TPR85,0.5724302929220336,0.8857142857142857,0.06,0.94,
90,GAM,P_TPR95,0.21086194725328689,0.9571428571428572,0.13333333333333333,0.8666666666666667,
90,GAM,P_OPT,0.37543947952667966,0.9428571428571428,0.10666666666666667,0.8933333333333333,0.8361904761904762
90,RF,P_TPR70,0.7079987536424303,0.7714285714285715,0.006666666666666667,0.9933333333333333,
90,RF,P_TPR85,0.6293274707778275,0.8571428571428571,0.03333333333333333,0.9666666666666667,
90,RF,P_TPR95,0.3878086072757599,0.9571428571428572,0.10666666666666667,0.8933333333333333,
90,RF,P_OPT,0.5492799449931204,0.9285714285714286,0.05333333333333334,0.9466666666666667,0.8752380952380953
91,LR,P_TPR70,0.830585703028832,0.7384615384615385,0.012903225806451613,0.9870967741935484,
91,LR,P_TPR85,0.5685351914091012,0.8769230769230769,0.03870967741935484,0.9612903225806452,
91,LR,P_TPR95,0.15050167508628862,0.9538461538461539,0.1935483870967742,0.8064516129032258,
91,LR,P_OPT,0.4457776405435822,0.9230769230769231,0.05806451612903226,0.9419354838709677,0.8650124069478908
91,GAM,P_TPR70,0.8236523668687031,0.7538461538461538,0.012903225806451613,0.9870967741935484,
91,GAM,P_TPR85,0.5736987973213249,0.8769230769230769,0.03870967741935484,0.9612903225806452,
91,GAM,P_TPR95,0.18642019856711065,0.9538461538461539,0.17419354838709677,0.8258064516129032,
91,GAM,P_OPT,0.4354806002130937,0.9230769230769231,0.06451612903225806,0.935483870967742,0.8585607940446651
91,RF,P_TPR70,0.6811858911952159,0.8153846153846154,0.0064516129032258064,0.9935483870967742,
91,RF,P_TPR85,0.5446117097953078,0.8769230769230769,0.012903225806451613,0.9870967741935484,
91,RF,P_TPR95,0.3406974981195116,0.9846153846153847,0.10967741935483871,0.8903225806451613,
91,RF,P_OPT,0.3406974981195116,0.9846153846153847,0.10967741935483871,0.8903225806451613,0.874937965260546
92,LR,P_TPR70,0.8798947807292529,0.75,0.007194244604316547,0.9928057553956835,
92,LR,P_TPR85,0.7694735018663336,0.8625,0.014388489208633094,0.9856115107913669,
92,LR,P_TPR95,0.301598278905935,0.95,0.07913669064748201,0.920863309352518,
92,LR,P_OPT,0.5461874736086272,0.9375,0.04316546762589928,0.9568345323741008,0.8943345323741008
92,GAM,P_TPR70,0.8436954273072758,0.825,0.007194244604316547,0.9928057553956835,
92,GAM,P_TPR85,0.7857829495784519,0.875,0.02158273381294964,0.9784172661870504,
92,GAM,P_TPR95,0.3020720095102397,0.95,0.07194244604316546,0.9280575539568345,
92,GAM,P_OPT,0.5519216606907251,0.9375,0.03597122302158273,0.9640287769784173,0.9015287769784173
92,RF,P_TPR70,0.6922875287353845,0.8125,0.014388489208633094,0.9856115107913669,
92,RF,P_TPR85,0.5910000494857379,0.8875,0.02877697841726619,0.9712230215827338,
92,RF,P_TPR95,0.35770092868216646,0.95,0.07913669064748201,0.920863309352518,
92,RF,P_OPT,0.5021262046357897,0.9375,0.03597122302158273,0.9640287769784173,0.9015287769784173
93,LR,P_TPR70,0.8078876907934877,0.8125,0.019230769230769232,0.9807692307692307,
93,LR,P_TPR85,0.7520104307850617,0.859375,0.02564102564102564,0.9743589743589743,
93,LR,P_TPR95,0.167696749421402,0.953125,0.14102564102564102,0.858974358974359,
93,LR,P_OPT,0.5673826633530668,0.890625,0.038461538461538464,0.9615384615384616,0.8521634615384616
93,GAM,P_TPR70,0.7336047668355926,0.859375,0.019230769230769232,0.9807692307692307,
93,GAM,P_TPR85,0.7336047668355926,0.859375,0.019230769230769232,0.9807692307692307,
93,GAM,P_TPR95,0.2055831770906261,0.953125,0.10897435897435898,0.891025641025641,
93,GAM,P_OPT,0.6002576642269011,0.890625,0.038461538461538464,0.9615384615384616,0.8521634615384616
93,RF,P_TPR70,0.7345999367091778,0.78125,0.01282051282051282,0.9871794871794872,
93,RF,P_TPR85,0.4630001052505646,0.90625,0.038461538461538464,0.9615384615384616,
93,RF,P_TPR95,0.3958286226848788,0.953125,0.05128205128205128,0.9487179487179487,
93,RF,P_OPT,0.3958286226848788,0.953125,0.05128205128205128,0.9487179487179487,0.9018429487179487
94,LR,P_TPR70,0.7981742614790023,0.7361111111111112,0.013513513513513514,0.9864864864864865,
94,LR,P_TPR85,0.48967943495993355,0.875,0.02702702702702703,0.972972972972973,
94,LR,P_TPR95,0.09812393063367496,0.9583333333333334,0.21621621621621623,0.7837837837837838,
94,LR,P_OPT,0.34112542942364754,0.9027777777777778,0.0472972972972973,0.9527027027027027,0.8554804804804805
94,GAM,P_TPR70,0.8241050971689113,0.7222222222222222,0.013513513513513514,0.9864864864864865,
94,GAM,P_TPR85,0.5078518607232957,0.875,0.02702702702702703,0.972972972972973,
94,GAM,P_TPR95,0.11940979748817267,0.9583333333333334,0.18243243243243243,0.8175675675675675,
94,GAM,P_OPT,0.39797472840896236,0.9027777777777778,0.033783783783783786,0.9662162162162162,0.868993993993994
94,RF,P_TPR70,0.7622136259094405,0.7222222222222222,0.013513513513513514,0.9864864864864865,
94,RF,P_TPR85,0.4987927962684474,0.8611111111111112,0.033783783783783786,0.9662162162162162,
94,RF,P_TPR95,0.20020209146402249,0.9583333333333334,0.14864864864864866,0.8513513513513513,
94,RF,P_OPT,0.41880798480785686,0.9027777777777778,0.05405405405405406,0.9459459459459459,0.8487237237237237
95,LR,P_TPR70,0.6085438663404884,0.8648648648648649,0.013793103448275862,0.9862068965517241,
95,LR,P_TPR85,0.6085438663404884,0.8648648648648649,0.013793103448275862,0.9862068965517241,
95,LR,P_TPR95,0.11480613836440799,0.9864864864864865,0.1310344827586207,0.8689655172413793,
95,LR,P_OPT,0.4190091193662264,0.9054054054054054,0.034482758620689655,0.9655172413793104,0.8709226467847158
95,GAM,P_TPR70,0.6197936239837853,0.8648648648648649,0.013793103448275862,0.9862068965517241,
95,GAM,P_TPR85,0.6197936239837853,0.8648648648648649,0.013793103448275862,0.9862068965517241,
95,GAM,P_TPR95,0.15207927801601773,0.9594594594594594,0.0896551724137931,0.9103448275862069,
95,GAM,P_OPT,0.14960866381202548,0.972972972972973,0.09655172413793103,0.903448275862069,0.876421248835042
95,RF,P_TPR70,0.7858323636188329,0.7027027027027027,0.006896551724137931,0.993103448275862,
95,RF,P_TPR85,0.6384134029009967,0.8513513513513513,0.020689655172413793,0.9793103448275862,
95,RF,P_TPR95,0.26551820355101446,0.9594594594594594,0.09655172413793103,0.903448275862069,
95,RF,P_OPT,0.28255289411277174,0.9459459459459459,0.08275862068965517,0.9172413793103449,0.8631873252562907
96,LR,P_TPR70,0.876038449811894,0.7101449275362319,0.006622516556291391,0.9933774834437086,
96,LR,P_TPR85,0.6890146911170022,0.855072463768116,0.039735099337748346,0.9602649006622517,
96,LR,P_TPR95,0.17952432742755342,0.9565217391304348,0.17218543046357615,0.8278145695364238,
96,LR,P_OPT,0.5389312193599374,0.9130434782608695,0.059602649006622516,0.9403973509933775,0.853440829254247
96,GAM,P_TPR70,0.8148366337984081,0.782608695652174,0.006622516556291391,0.9933774834437086,
96,GAM,P_TPR85,0.6314307520926173,0.8695652173913043,0.046357615894039736,0.9536423841059603,
96,GAM,P_TPR95,0.20859779820320623,0.9565217391304348,0.1390728476821192,0.8609271523178808,
96,GAM,P_OPT,0.5576778597047082,0.9130434782608695,0.059602649006622516,0.9403973509933775,0.853440829254247
96,RF,P_TPR70,0.7177840722356531,0.7971014492753623,0.013245033112582781,0.9867549668874173,
96,RF,P_TPR85,0.5003646355737237,0.855072463768116,0.07947019867549669,0.9205298013245033,
96,RF,P_TPR95,0.2491461116637983,0.9565217391304348,0.18543046357615894,0.814569536423841,
96,RF,P_OPT,0.4414362748884335,0.8985507246376812,0.10596026490066225,0.8940397350993378,0.7925904597370189
97,LR,P_TPR70,0.7999999106833385,0.7183098591549296,0.020134228187919462,0.9798657718120806,
97,LR,P_TPR85,0.4906053659394854,0.8873239436619719,0.053691275167785234,0.9463087248322147,
97,LR,P_TPR95,0.14076594934197473,0.971830985915493,0.1610738255033557,0.8389261744966443,
97,LR,P_OPT,0.45022992715256344,0.9154929577464789,0.06711409395973154,0.9328859060402684,0.8483788637867473
97,GAM,P_TPR70,0.837492301012149,0.704225352112676,0.020134228187919462,0.9798657718120806,
97,GAM,P_TPR85,0.48698618804122734,0.9154929577464789,0.053691275167785234,0.9463087248322147,
97,GAM,P_TPR95,0.19443483132515416,0.971830985915493,0.09395973154362416,0.9060402684563759,
97,GAM,P_OPT,0.19443483132515416,0.971830985915493,0.09395973154362416,0.9060402684563759,0.8778712543718689
97,RF,P_TPR70,0.7474713616127947,0.7323943661971831,0.013422818791946308,0.9865771812080537,
97,RF,P_TPR85,0.651360227237359,0.8591549295774648,0.03355704697986577,0.9664429530201343,
97,RF,P_TPR95,0.3619391031089428,0.9577464788732394,0.11409395973154363,0.8859060402684564,
97,RF,P_OPT,0.43411987941453273,0.9295774647887324,0.06040268456375839,0.9395973154362416,0.869174780224974
98,LR,P_TPR70,0.7328942277595335,0.8507462686567164,0.013157894736842105,0.9868421052631579,
98,LR,P_TPR85,0.7328942277595335,0.8507462686567164,0.013157894736842105,0.9868421052631579,
98,LR,P_TPR95,0.49101813082996343,0.9552238805970149,0.046052631578947366,0.9539473684210527,
98,LR,P_OPT,0.49101813082996343,0.9552238805970149,0.046052631578947366,0.9539473684210527,0.9091712490180676
98,GAM,P_TPR70,0.7208216531906033,0.8805970149253731,0.013157894736842105,0.9868421052631579,
98,GAM,P_TPR85,0.7208216531906033,0.8805970149253731,0.013157894736842105,0.9868421052631579,
98,GAM,P_TPR95,0.4672916607335371,0.9552238805970149,0.039473684210526314,0.9605263157894737,
98,GAM,P_OPT,0.4672916607335371,0.9552238805970149,0.039473684210526314,0.9605263157894737,0.9157501963864886
98,RF,P_TPR70,0.843154143330256,0.7014925373134329,0.0,1.0,
98,RF,P_TPR85,0.6777524662752683,0.8955223880597015,0.013157894736842105,0.9868421052631579,
98,RF,P_TPR95,0.4046898796629303,0.9552238805970149,0.039473684210526314,0.9605263157894737,
98,RF,P_OPT,0.3409209196845591,0.9701492537313433,0.046052631578947366,0.9539473684210527,0.924096622152396
99,LR,P_TPR70,0.7594818192320753,0.72,0.027586206896551724,0.9724137931034482,
99,LR,P_TPR85,0.5211142609665195,0.88,0.041379310344827586,0.9586206896551724,
99,LR,P_TPR95,0.2199369135369088,0.96,0.1103448275862069,0.8896551724137931,
99,LR,P_OPT,0.3715640430231719,0.92,0.05517241379310345,0.9448275862068966,0.8648275862068966
99,GAM,P_TPR70,0.7876342644366109,0.72,0.027586206896551724,0.9724137931034482,
99,GAM,P_TPR85,0.45670353851344436,0.9066666666666666,0.05517241379310345,0.9448275862068966,
99,GAM,P_TPR95,0.22382675003516714,0.96,0.10344827586206896,0.896551724137931,
99,GAM,P_OPT,0.3832444674484228,0.92,0.06206896551724138,0.9379310344827586,0.8579310344827586
99,RF,P_TPR70,0.7539614574249695,0.7066666666666667,0.006896551724137931,0.993103448275862,
99,RF,P_TPR85,0.6399725218800458,0.8533333333333334,0.027586206896551724,0.9724137931034482,
99,RF,P_TPR95,0.24935602471867466,0.96,0.16551724137931034,0.8344827586206897,
99,RF,P_OPT,0.3521675104872005,0.9333333333333333,0.09655172413793103,0.903448275862069,0.8367816091954023
