run_id,model,fpr,tpr
0,LR,0.0,0.515625
0,LR,0.01,0.5625
0,LR,0.02,0.734375
0,LR,0.03,0.796875
0,LR,0.04,0.796875
0,LR,0.05,0.828125
0,LR,0.06,0.84375
0,LR,0.07,0.859375
0,LR,0.08,0.875
0,LR,0.09,0.875
0,LR,0.1,0.890625
0,LR,0.11,0.890625
0,LR,0.12,0.890625
0,LR,0.13,0.890625
0,LR,0.14,0.890625
0,LR,0.15,0.890625
0,LR,0.16,0.890625
0,LR,0.17,0.890625
0,LR,0.18,0.90625
0,LR,0.19,0.90625
0,LR,0.2,0.90625
0,LR,0.21,0.90625
0,LR,0.22,0.90625
0,LR,0.23,0.90625
0,LR,0.24,0.921875
0,LR,0.25,0.921875
0,LR,0.26,0.921875
0,LR,0.27,0.921875
0,LR,0.28,0.921875
0,LR,0.29,0.921875
0,LR,0.3,0.921875
0,LR,0.31,0.921875
0,LR,0.32,0.921875
0,LR,0.33,0.9375
0,LR,0.34,0.9375
0,LR,0.35000000000000003,0.9375
0,LR,0.36,0.9375
0,LR,0.37,0.9375
0,LR,0.38,0.9375
0,LR,0.39,0.9375
0,LR,0.4,0.9375
0,LR,0.41000000000000003,0.9375
0,LR,0.42,0.9375
0,LR,0.43,0.9375
0,LR,0.44,0.9375
0,LR,0.45,0.9375
0,LR,0.46,0.9375
0,LR,0.47000000000000003,0.9375
0,LR,0.48,0.9375
0,LR,0.49,0.9375
0,LR,0.5,0.9375
0,LR,0.51,0.9375
0,LR,0.52,0.9375
0,LR,0.53,0.9375
0,LR,0.54,0.9375
0,LR,0.55,0.9375
0,LR,0.56,0.953125
0,LR,0.5700000000000001,0.96875
0,LR,0.58,0.96875
0,LR,0.59,0.96875
0,LR,0.6,0.96875
0,LR,0.61,0.96875
0,LR,0.62,0.96875
0,LR,0.63,0.96875
0,LR,0.64,0.96875
0,LR,0.65,0.96875
0,LR,0.66,0.96875
0,LR,0.67,0.984375
0,LR,0.68,0.984375
0,LR,0.6900000000000001,0.984375
0,LR,0.7000000000000001,0.984375
0,LR,0.71,0.984375
0,LR,0.72,0.984375
0,LR,0.73,0.984375
0,LR,0.74,0.984375
0,LR,0.75,0.984375
0,LR,0.76,0.984375
0,LR,0.77,0.984375
0,LR,0.78,0.984375
0,LR,0.79,0.984375
0,LR,0.8,0.984375
0,LR,0.81,0.984375
0,LR,0.8200000000000001,0.984375
0,LR,0.8300000000000001,1.0
0,LR,0.84,1.0
0,LR,0.85,1.0
0,LR,0.86,1.0
0,LR,0.87,1.0
0,LR,0.88,1.0
0,LR,0.89,1.0
0,LR,0.9,1.0
0,LR,0.91,1.0
0,LR,0.92,1.0
0,LR,0.93,1.0
0,LR,0.9400000000000001,1.0
0,LR,0.9500000000000001,1.0
0,LR,0.96,1.0
0,LR,0.97,1.0
0,LR,0.98,1.0
0,LR,0.99,1.0
0,LR,1.0,1.0
0,GAM,0.0,0.453125
0,GAM,0.01,0.59375
0,GAM,0.02,0.703125
0,GAM,0.03,0.8125
0,GAM,0.04,0.828125
0,GAM,0.05,0.828125
0,GAM,0.06,0.84375
0,GAM,0.07,0.84375
0,GAM,0.08,0.890625
0,GAM,0.09,0.890625
0,GAM,0.1,0.890625
0,GAM,0.11,0.890625
0,GAM,0.12,0.890625
0,GAM,0.13,0.890625
0,GAM,0.14,0.890625
0,GAM,0.15,0.90625
0,GAM,0.16,0.90625
0,GAM,0.17,0.90625
0,GAM,0.18,0.90625
0,GAM,0.19,0.90625
0,GAM,0.2,0.921875
0,GAM,0.21,0.921875
0,GAM,0.22,0.921875
0,GAM,0.23,0.9375
0,GAM,0.24,0.9375
0,GAM,0.25,0.9375
0,GAM,0.26,0.9375
0,GAM,0.27,0.9375
0,GAM,0.28,0.9375
0,GAM,0.29,0.9375
0,GAM,0.3,0.9375
0,GAM,0.31,0.9375
0,GAM,0.32,0.9375
0,GAM,0.33,0.9375
0,GAM,0.34,0.9375
0,GAM,0.35000000000000003,0.9375
0,GAM,0.36,0.9375
0,GAM,0.37,0.9375
0,GAM,0.38,0.9375
0,GAM,0.39,0.9375
0,GAM,0.4,0.9375
0,GAM,0.41000000000000003,0.9375
0,GAM,0.42,0.9375
0,GAM,0.43,0.9375
0,GAM,0.44,0.9375
0,GAM,0.45,0.953125
0,GAM,0.46,0.953125
0,GAM,0.47000000000000003,0.953125
0,GAM,0.48,0.96875
0,GAM,0.49,0.96875
0,GAM,0.5,0.96875
0,GAM,0.51,0.96875
0,GAM,0.52,0.96875
0,GAM,0.53,0.984375
0,GAM,0.54,0.984375
0,GAM,0.55,0.984375
0,GAM,0.56,0.984375
0,GAM,0.5700000000000001,0.984375
0,GAM,0.58,0.984375
0,GAM,0.59,0.984375
0,GAM,0.6,0.984375
0,GAM,0.61,0.984375
0,GAM,0.62,0.984375
0,GAM,0.63,0.984375
0,GAM,0.64,0.984375
0,GAM,0.65,0.984375
0,GAM,0.66,0.984375
0,GAM,0.67,0.984375
0,GAM,0.68,0.984375
0,GAM,0.6900000000000001,0.984375
0,GAM,0.7000000000000001,0.984375
0,GAM,0.71,0.984375
0,GAM,0.72,0.984375
0,GAM,0.73,0.984375
0,GAM,0.74,0.984375
0,GAM,0.75,0.984375
0,GAM,0.76,0.984375
0,GAM,0.77,0.984375
0,GAM,0.78,0.984375
0,GAM,0.79,1.0
0,GAM,0.8,1.0
0,GAM,0.81,1.0
0,GAM,0.8200000000000001,1.0
0,GAM,0.8300000000000001,1.0
0,GAM,0.84,1.0
0,GAM,0.85,1.0
0,GAM,0.86,1.0
0,GAM,0.87,1.0
0,GAM,0.88,1.0
0,GAM,0.89,1.0
0,GAM,0.9,1.0
0,GAM,0.91,1.0
0,GAM,0.92,1.0
0,GAM,0.93,1.0
0,GAM,0.9400000000000001,1.0
0,GAM,0.9500000000000001,1.0
0,GAM,0.96,1.0
0,GAM,0.97,1.0
0,GAM,0.98,1.0
0,GAM,0.99,1.0
0,GAM,1.0,1.0
0,RF,0.0,0.515625
0,RF,0.01,0.5625
0,RF,0.02,0.734375
0,RF,0.03,0.75
0,RF,0.04,0.8125
0,RF,0.05,0.890625
0,RF,0.06,0.890625
0,RF,0.07,0.890625
0,RF,0.08,0.90625
0,RF,0.09,0.90625
0,RF,0.1,0.90625
0,RF,0.11,0.90625
0,RF,0.12,0.90625
0,RF,0.13,0.90625
0,RF,0.14,0.90625
0,RF,0.15,0.90625
0,RF,0.16,0.921875
0,RF,0.17,0.9375
0,RF,0.18,0.9375
0,RF,0.19,0.9375
0,RF,0.2,0.9375
0,RF,0.21,0.9375
0,RF,0.22,0.9375
0,RF,0.23,0.9375
0,RF,0.24,0.9375
0,RF,0.25,0.9375
0,RF,0.26,0.9375
0,RF,0.27,0.9375
0,RF,0.28,0.9375
0,RF,0.29,0.9375
0,RF,0.3,0.9375
0,RF,0.31,0.9375
0,RF,0.32,0.9375
0,RF,0.33,0.9375
0,RF,0.34,0.9375
0,RF,0.35000000000000003,0.9375
0,RF,0.36,0.9375
0,RF,0.37,0.9375
0,RF,0.38,0.9375
0,RF,0.39,0.9375
0,RF,0.4,0.9375
0,RF,0.41000000000000003,0.9375
0,RF,0.42,0.9375
0,RF,0.43,0.953125
0,RF,0.44,0.953125
0,RF,0.45,0.953125
0,RF,0.46,0.953125
0,RF,0.47000000000000003,0.953125
0,RF,0.48,0.953125
0,RF,0.49,0.953125
0,RF,0.5,0.953125
0,RF,0.51,0.953125
0,RF,0.52,0.953125
0,RF,0.53,0.953125
0,RF,0.54,0.953125
0,RF,0.55,0.953125
0,RF,0.56,0.984375
0,RF,0.5700000000000001,0.984375
0,RF,0.58,0.984375
0,RF,0.59,0.984375
0,RF,0.6,0.984375
0,RF,0.61,0.984375
0,RF,0.62,0.984375
0,RF,0.63,0.984375
0,RF,0.64,0.984375
0,RF,0.65,0.984375
0,RF,0.66,0.984375
0,RF,0.67,0.984375
0,RF,0.68,0.984375
0,RF,0.6900000000000001,0.984375
0,RF,0.7000000000000001,0.984375
0,RF,0.71,0.984375
0,RF,0.72,0.984375
0,RF,0.73,0.984375
0,RF,0.74,0.984375
0,RF,0.75,0.984375
0,RF,0.76,0.984375
0,RF,0.77,0.984375
0,RF,0.78,0.984375
0,RF,0.79,0.984375
0,RF,0.8,0.984375
0,RF,0.81,0.984375
0,RF,0.8200000000000001,0.984375
0,RF,0.8300000000000001,0.984375
0,RF,0.84,0.984375
0,RF,0.85,0.984375
0,RF,0.86,0.984375
0,RF,0.87,0.984375
0,RF,0.88,0.984375
0,RF,0.89,0.984375
0,RF,0.9,0.984375
0,RF,0.91,0.984375
0,RF,0.92,0.984375
0,RF,0.93,1.0
0,RF,0.9400000000000001,1.0
0,RF,0.9500000000000001,1.0
0,RF,0.96,1.0
0,RF,0.97,1.0
0,RF,0.98,1.0
0,RF,0.99,1.0
0,RF,1.0,1.0
1,LR,0.0,0.46875
1,LR,0.01,0.625
1,LR,0.02,0.703125
1,LR,0.03,0.703125
1,LR,0.04,0.703125
1,LR,0.05,0.703125
1,LR,0.06,0.890625
1,LR,0.07,0.890625
1,LR,0.08,0.890625
1,LR,0.09,0.890625
1,LR,0.1,0.890625
1,LR,0.11,0.921875
1,LR,0.12,0.9375
1,LR,0.13,0.9375
1,LR,0.14,0.9375
1,LR,0.15,0.9375
1,LR,0.16,0.9375
1,LR,0.17,0.9375
1,LR,0.18,0.9375
1,LR,0.19,0.9375
1,LR,0.2,0.9375
1,LR,0.21,0.9375
1,LR,0.22,0.9375
1,LR,0.23,0.9375
1,LR,0.24,0.9375
1,LR,0.25,0.953125
1,LR,0.26,0.96875
1,LR,0.27,0.96875
1,LR,0.28,0.96875
1,LR,0.29,0.96875
1,LR,0.3,0.96875
1,LR,0.31,0.96875
1,LR,0.32,0.96875
1,LR,0.33,0.96875
1,LR,0.34,0.96875
1,LR,0.35000000000000003,0.96875
1,LR,0.36,0.984375
1,LR,0.37,0.984375
1,LR,0.38,0.984375
1,LR,0.39,0.984375
1,LR,0.4,0.984375
1,LR,0.41000000000000003,0.984375
1,LR,0.42,0.984375
1,LR,0.43,0.984375
1,LR,0.44,1.0
1,LR,0.45,1.0
1,LR,0.46,1.0
1,LR,0.47000000000000003,1.0
1,LR,0.48,1.0
1,LR,0.49,1.0
1,LR,0.5,1.0
1,LR,0.51,1.0
1,LR,0.52,1.0
1,LR,0.53,1.0
1,LR,0.54,1.0
1,LR,0.55,1.0
1,LR,0.56,1.0
1,LR,0.5700000000000001,1.0
1,LR,0.58,1.0
1,LR,0.59,1.0
1,LR,0.6,1.0
1,LR,0.61,1.0
1,LR,0.62,1.0
1,LR,0.63,1.0
1,LR,0.64,1.0
1,LR,0.65,1.0
1,LR,0.66,1.0
1,LR,0.67,1.0
1,LR,0.68,1.0
1,LR,0.6900000000000001,1.0
1,LR,0.7000000000000001,1.0
1,LR,0.71,1.0
1,LR,0.72,1.0
1,LR,0.73,1.0
1,LR,0.74,1.0
1,LR,0.75,1.0
1,LR,0.76,1.0
1,LR,0.77,1.0
1,LR,0.78,1.0
1,LR,0.79,1.0
1,LR,0.8,1.0
1,LR,0.81,1.0
1,LR,0.8200000000000001,1.0
1,LR,0.8300000000000001,1.0
1,LR,0.84,1.0
1,LR,0.85,1.0
1,LR,0.86,1.0
1,LR,0.87,1.0
1,LR,0.88,1.0
1,LR,0.89,1.0
1,LR,0.9,1.0
1,LR,0.91,1.0
1,LR,0.92,1.0
1,LR,0.93,1.0
1,LR,0.9400000000000001,1.0
1,LR,0.9500000000000001,1.0
1,LR,0.96,1.0
1,LR,0.97,1.0
1,LR,0.98,1.0
1,LR,0.99,1.0
1,LR,1.0,1.0
1,GAM,0.0,0.40625
1,GAM,0.01,0.671875
1,GAM,0.02,0.71875
1,GAM,0.03,0.71875
1,GAM,0.04,0.734375
1,GAM,0.05,0.796875
1,GAM,0.06,0.84375
1,GAM,0.07,0.859375
1,GAM,0.08,0.859375
1,GAM,0.09,0.90625
1,GAM,0.1,0.921875
1,GAM,0.11,0.9375
1,GAM,0.12,0.9375
1,GAM,0.13,0.9375
1,GAM,0.14,0.9375
1,GAM,0.15,0.9375
1,GAM,0.16,0.9375
1,GAM,0.17,0.9375
1,GAM,0.18,0.9375
1,GAM,0.19,0.9375
1,GAM,0.2,0.9375
1,GAM,0.21,0.9375
1,GAM,0.22,0.9375
1,GAM,0.23,0.9375
1,GAM,0.24,0.953125
1,GAM,0.25,0.953125
1,GAM,0.26,0.953125
1,GAM,0.27,0.953125
1,GAM,0.28,0.96875
1,GAM,0.29,0.984375
1,GAM,0.3,0.984375
1,GAM,0.31,0.984375
1,GAM,0.32,0.984375
1,GAM,0.33,0.984375
1,GAM,0.34,0.984375
1,GAM,0.35000000000000003,0.984375
1,GAM,0.36,0.984375
1,GAM,0.37,0.984375
1,GAM,0.38,0.984375
1,GAM,0.39,0.984375
1,GAM,0.4,1.0
1,GAM,0.41000000000000003,1.0
1,GAM,0.42,1.0
1,GAM,0.43,1.0
1,GAM,0.44,1.0
1,GAM,0.45,1.0
1,GAM,0.46,1.0
1,GAM,0.47000000000000003,1.0
1,GAM,0.48,1.0
1,GAM,0.49,1.0
1,GAM,0.5,1.0
1,GAM,0.51,1.0
1,GAM,0.52,1.0
1,GAM,0.53,1.0
1,GAM,0.54,1.0
1,GAM,0.55,1.0
1,GAM,0.56,1.0
1,GAM,0.5700000000000001,1.0
1,GAM,0.58,1.0
1,GAM,0.59,1.0
1,GAM,0.6,1.0
1,GAM,0.61,1.0
1,GAM,0.62,1.0
1,GAM,0.63,1.0
1,GAM,0.64,1.0
1,GAM,0.65,1.0
1,GAM,0.66,1.0
1,GAM,0.67,1.0
1,GAM,0.68,1.0
1,GAM,0.6900000000000001,1.0
1,GAM,0.7000000000000001,1.0
1,GAM,0.71,1.0
1,GAM,0.72,1.0
1,GAM,0.73,1.0
1,GAM,0.74,1.0
1,GAM,0.75,1.0
1,GAM,0.76,1.0
1,GAM,0.77,1.0
1,GAM,0.78,1.0
1,GAM,0.79,1.0
1,GAM,0.8,1.0
1,GAM,0.81,1.0
1,GAM,0.8200000000000001,1.0
1,GAM,0.8300000000000001,1.0
1,GAM,0.84,1.0
1,GAM,0.85,1.0
1,GAM,0.86,1.0
1,GAM,0.87,1.0
1,GAM,0.88,1.0
1,GAM,0.89,1.0
1,GAM,0.9,1.0
1,GAM,0.91,1.0
1,GAM,0.92,1.0
1,GAM,0.93,1.0
1,GAM,0.9400000000000001,1.0
1,GAM,0.9500000000000001,1.0
1,GAM,0.96,1.0
1,GAM,0.97,1.0
1,GAM,0.98,1.0
1,GAM,0.99,1.0
1,GAM,1.0,1.0
1,RF,0.0,0.703125
1,RF,0.01,0.703125
1,RF,0.02,0.765625
1,RF,0.03,0.859375
1,RF,0.04,0.859375
1,RF,0.05,0.859375
1,RF,0.06,0.875
1,RF,0.07,0.875
1,RF,0.08,0.875
1,RF,0.09,0.90625
1,RF,0.1,0.90625
1,RF,0.11,0.921875
1,RF,0.12,0.921875
1,RF,0.13,0.9375
1,RF,0.14,0.9375
1,RF,0.15,0.953125
1,RF,0.16,0.953125
1,RF,0.17,0.953125
1,RF,0.18,0.953125
1,RF,0.19,0.96875
1,RF,0.2,0.96875
1,RF,0.21,0.96875
1,RF,0.22,0.96875
1,RF,0.23,0.96875
1,RF,0.24,0.96875
1,RF,0.25,0.96875
1,RF,0.26,1.0
1,RF,0.27,1.0
1,RF,0.28,1.0
1,RF,0.29,1.0
1,RF,0.3,1.0
1,RF,0.31,1.0
1,RF,0.32,1.0
1,RF,0.33,1.0
1,RF,0.34,1.0
1,RF,0.35000000000000003,1.0
1,RF,0.36,1.0
1,RF,0.37,1.0
1,RF,0.38,1.0
1,RF,0.39,1.0
1,RF,0.4,1.0
1,RF,0.41000000000000003,1.0
1,RF,0.42,1.0
1,RF,0.43,1.0
1,RF,0.44,1.0
1,RF,0.45,1.0
1,RF,0.46,1.0
1,RF,0.47000000000000003,1.0
1,RF,0.48,1.0
1,RF,0.49,1.0
1,RF,0.5,1.0
1,RF,0.51,1.0
1,RF,0.52,1.0
1,RF,0.53,1.0
1,RF,0.54,1.0
1,RF,0.55,1.0
1,RF,0.56,1.0
1,RF,0.5700000000000001,1.0
1,RF,0.58,1.0
1,RF,0.59,1.0
1,RF,0.6,1.0
1,RF,0.61,1.0
1,RF,0.62,1.0
1,RF,0.63,1.0
1,RF,0.64,1.0
1,RF,0.65,1.0
1,RF,0.66,1.0
1,RF,0.67,1.0
1,RF,0.68,1.0
1,RF,0.6900000000000001,1.0
1,RF,0.7000000000000001,1.0
1,RF,0.71,1.0
1,RF,0.72,1.0
1,RF,0.73,1.0
1,RF,0.74,1.0
1,RF,0.75,1.0
1,RF,0.76,1.0
1,RF,0.77,1.0
1,RF,0.78,1.0
1,RF,0.79,1.0
1,RF,0.8,1.0
1,RF,0.81,1.0
1,RF,0.8200000000000001,1.0
1,RF,0.8300000000000001,1.0
1,RF,0.84,1.0
1,RF,0.85,1.0
1,RF,0.86,1.0
1,RF,0.87,1.0
1,RF,0.88,1.0
1,RF,0.89,1.0
1,RF,0.9,1.0
1,RF,0.91,1.0
1,RF,0.92,1.0
1,RF,0.93,1.0
1,RF,0.9400000000000001,1.0
1,RF,0.9500000000000001,1.0
1,RF,0.96,1.0
1,RF,0.97,1.0
1,RF,0.98,1.0
1,RF,0.99,1.0
1,RF,1.0,1.0
2,LR,0.0,0.34782608695652173
2,LR,0.01,0.463768115942029
2,LR,0.02,0.6086956521739131
2,LR,0.03,0.782608695652174
2,LR,0.04,0.8405797101449275
2,LR,0.05,0.8405797101449275
2,LR,0.06,0.8405797101449275
2,LR,0.07,0.8405797101449275
2,LR,0.08,0.8695652173913043
2,LR,0.09,0.8840579710144928
2,LR,0.1,0.8840579710144928
2,LR,0.11,0.8840579710144928
2,LR,0.12,0.8840579710144928
2,LR,0.13,0.8840579710144928
2,LR,0.14,0.8840579710144928
2,LR,0.15,0.8840579710144928
2,LR,0.16,0.8840579710144928
2,LR,0.17,0.8840579710144928
2,LR,0.18,0.8985507246376812
2,LR,0.19,0.8985507246376812
2,LR,0.2,0.8985507246376812
2,LR,0.21,0.8985507246376812
2,LR,0.22,0.8985507246376812
2,LR,0.23,0.8985507246376812
2,LR,0.24,0.8985507246376812
2,LR,0.25,0.8985507246376812
2,LR,0.26,0.8985507246376812
2,LR,0.27,0.8985507246376812
2,LR,0.28,0.8985507246376812
2,LR,0.29,0.8985507246376812
2,LR,0.3,0.9130434782608695
2,LR,0.31,0.927536231884058
2,LR,0.32,0.9420289855072463
2,LR,0.33,0.9420289855072463
2,LR,0.34,0.9710144927536232
2,LR,0.35000000000000003,0.9710144927536232
2,LR,0.36,0.9710144927536232
2,LR,0.37,0.9710144927536232
2,LR,0.38,0.9710144927536232
2,LR,0.39,0.9710144927536232
2,LR,0.4,0.9710144927536232
2,LR,0.41000000000000003,0.9710144927536232
2,LR,0.42,0.9710144927536232
2,LR,0.43,0.9710144927536232
2,LR,0.44,0.9710144927536232
2,LR,0.45,0.9710144927536232
2,LR,0.46,0.9710144927536232
2,LR,0.47000000000000003,0.9710144927536232
2,LR,0.48,0.9710144927536232
2,LR,0.49,0.9710144927536232
2,LR,0.5,0.9710144927536232
2,LR,0.51,0.9710144927536232
2,LR,0.52,0.9710144927536232
2,LR,0.53,0.9710144927536232
2,LR,0.54,0.9710144927536232
2,LR,0.55,0.9710144927536232
2,LR,0.56,0.9710144927536232
2,LR,0.5700000000000001,0.9710144927536232
2,LR,0.58,0.9710144927536232
2,LR,0.59,0.9710144927536232
2,LR,0.6,0.9710144927536232
2,LR,0.61,0.9710144927536232
2,LR,0.62,0.9710144927536232
2,LR,0.63,0.9710144927536232
2,LR,0.64,0.9710144927536232
2,LR,0.65,0.9855072463768116
2,LR,0.66,0.9855072463768116
2,LR,0.67,0.9855072463768116
2,LR,0.68,0.9855072463768116
2,LR,0.6900000000000001,0.9855072463768116
2,LR,0.7000000000000001,0.9855072463768116
2,LR,0.71,0.9855072463768116
2,LR,0.72,0.9855072463768116
2,LR,0.73,0.9855072463768116
2,LR,0.74,0.9855072463768116
2,LR,0.75,0.9855072463768116
2,LR,0.76,0.9855072463768116
2,LR,0.77,0.9855072463768116
2,LR,0.78,0.9855072463768116
2,LR,0.79,0.9855072463768116
2,LR,0.8,0.9855072463768116
2,LR,0.81,0.9855072463768116
2,LR,0.8200000000000001,0.9855072463768116
2,LR,0.8300000000000001,1.0
2,LR,0.84,1.0
2,LR,0.85,1.0
2,LR,0.86,1.0
2,LR,0.87,1.0
2,LR,0.88,1.0
2,LR,0.89,1.0
2,LR,0.9,1.0
2,LR,0.91,1.0
2,LR,0.92,1.0
2,LR,0.93,1.0
2,LR,0.9400000000000001,1.0
2,LR,0.9500000000000001,1.0
2,LR,0.96,1.0
2,LR,0.97,1.0
2,LR,0.98,1.0
2,LR,0.99,1.0
2,LR,1.0,1.0
2,GAM,0.0,0.4057971014492754
2,GAM,0.01,0.5217391304347826
2,GAM,0.02,0.5652173913043478
2,GAM,0.03,0.7536231884057971
2,GAM,0.04,0.8260869565217391
2,GAM,0.05,0.855072463768116
2,GAM,0.06,0.8695652173913043
2,GAM,0.07,0.8695652173913043
2,GAM,0.08,0.8695652173913043
2,GAM,0.09,0.8840579710144928
2,GAM,0.1,0.8840579710144928
2,GAM,0.11,0.8840579710144928
2,GAM,0.12,0.8840579710144928
2,GAM,0.13,0.8840579710144928
2,GAM,0.14,0.8840579710144928
2,GAM,0.15,0.8840579710144928
2,GAM,0.16,0.8840579710144928
2,GAM,0.17,0.8840579710144928
2,GAM,0.18,0.8840579710144928
2,GAM,0.19,0.8840579710144928
2,GAM,0.2,0.8985507246376812
2,GAM,0.21,0.8985507246376812
2,GAM,0.22,0.9130434782608695
2,GAM,0.23,0.9130434782608695
2,GAM,0.24,0.9420289855072463
2,GAM,0.25,0.9420289855072463
2,GAM,0.26,0.9565217391304348
2,GAM,0.27,0.9565217391304348
2,GAM,0.28,0.9565217391304348
2,GAM,0.29,0.9710144927536232
2,GAM,0.3,0.9710144927536232
2,GAM,0.31,0.9710144927536232
2,GAM,0.32,0.9710144927536232
2,GAM,0.33,0.9710144927536232
2,GAM,0.34,0.9710144927536232
2,GAM,0.35000000000000003,0.9710144927536232
2,GAM,0.36,0.9710144927536232
2,GAM,0.37,0.9710144927536232
2,GAM,0.38,0.9710144927536232
2,GAM,0.39,0.9710144927536232
2,GAM,0.4,0.9710144927536232
2,GAM,0.41000000000000003,0.9710144927536232
2,GAM,0.42,0.9710144927536232
2,GAM,0.43,0.9710144927536232
2,GAM,0.44,0.9710144927536232
2,GAM,0.45,0.9710144927536232
2,GAM,0.46,0.9710144927536232
2,GAM,0.47000000000000003,0.9710144927536232
2,GAM,0.48,0.9710144927536232
2,GAM,0.49,0.9710144927536232
2,GAM,0.5,0.9710144927536232
2,GAM,0.51,0.9710144927536232
2,GAM,0.52,0.9710144927536232
2,GAM,0.53,0.9855072463768116
2,GAM,0.54,0.9855072463768116
2,GAM,0.55,0.9855072463768116
2,GAM,0.56,0.9855072463768116
2,GAM,0.5700000000000001,0.9855072463768116
2,GAM,0.58,0.9855072463768116
2,GAM,0.59,0.9855072463768116
2,GAM,0.6,0.9855072463768116
2,GAM,0.61,0.9855072463768116
2,GAM,0.62,0.9855072463768116
2,GAM,0.63,0.9855072463768116
2,GAM,0.64,0.9855072463768116
2,GAM,0.65,0.9855072463768116
2,GAM,0.66,0.9855072463768116
2,GAM,0.67,0.9855072463768116
2,GAM,0.68,0.9855072463768116
2,GAM,0.6900000000000001,0.9855072463768116
2,GAM,0.7000000000000001,0.9855072463768116
2,GAM,0.71,0.9855072463768116
2,GAM,0.72,0.9855072463768116
2,GAM,0.73,1.0
2,GAM,0.74,1.0
2,GAM,0.75,1.0
2,GAM,0.76,1.0
2,GAM,0.77,1.0
2,GAM,0.78,1.0
2,GAM,0.79,1.0
2,GAM,0.8,1.0
2,GAM,0.81,1.0
2,GAM,0.8200000000000001,1.0
2,GAM,0.8300000000000001,1.0
2,GAM,0.84,1.0
2,GAM,0.85,1.0
2,GAM,0.86,1.0
2,GAM,0.87,1.0
2,GAM,0.88,1.0
2,GAM,0.89,1.0
2,GAM,0.9,1.0
2,GAM,0.91,1.0
2,GAM,0.92,1.0
2,GAM,0.93,1.0
2,GAM,0.9400000000000001,1.0
2,GAM,0.9500000000000001,1.0
2,GAM,0.96,1.0
2,GAM,0.97,1.0
2,GAM,0.98,1.0
2,GAM,0.99,1.0
2,GAM,1.0,1.0
2,RF,0.0,0.4057971014492754
2,RF,0.01,0.5072463768115942
2,RF,0.02,0.6811594202898551
2,RF,0.03,0.6811594202898551
2,RF,0.04,0.7536231884057971
2,RF,0.05,0.7681159420289855
2,RF,0.06,0.855072463768116
2,RF,0.07,0.8695652173913043
2,RF,0.08,0.8840579710144928
2,RF,0.09,0.8840579710144928
2,RF,0.1,0.9130434782608695
2,RF,0.11,0.9130434782608695
2,RF,0.12,0.9130434782608695
2,RF,0.13,0.9130434782608695
2,RF,0.14,0.927536231884058
2,RF,0.15,0.9420289855072463
2,RF,0.16,0.9420289855072463
2,RF,0.17,0.9420289855072463
2,RF,0.18,0.9420289855072463
2,RF,0.19,0.9420289855072463
2,RF,0.2,0.9420289855072463
2,RF,0.21,0.9420289855072463
2,RF,0.22,0.9420289855072463
2,RF,0.23,0.9420289855072463
2,RF,0.24,0.9710144927536232
2,RF,0.25,0.9710144927536232
2,RF,0.26,0.9710144927536232
2,RF,0.27,0.9710144927536232
2,RF,0.28,0.9710144927536232
2,RF,0.29,0.9710144927536232
2,RF,0.3,0.9710144927536232
2,RF,0.31,0.9710144927536232
2,RF,0.32,0.9710144927536232
2,RF,0.33,0.9710144927536232
2,RF,0.34,0.9710144927536232
2,RF,0.35000000000000003,0.9710144927536232
2,RF,0.36,0.9855072463768116
2,RF,0.37,0.9855072463768116
2,RF,0.38,0.9855072463768116
2,RF,0.39,0.9855072463768116
2,RF,0.4,0.9855072463768116
2,RF,0.41000000000000003,0.9855072463768116
2,RF,0.42,0.9855072463768116
2,RF,0.43,0.9855072463768116
2,RF,0.44,0.9855072463768116
2,RF,0.45,0.9855072463768116
2,RF,0.46,0.9855072463768116
2,RF,0.47000000000000003,0.9855072463768116
2,RF,0.48,0.9855072463768116
2,RF,0.49,0.9855072463768116
2,RF,0.5,0.9855072463768116
2,RF,0.51,0.9855072463768116
2,RF,0.52,0.9855072463768116
2,RF,0.53,0.9855072463768116
2,RF,0.54,0.9855072463768116
2,RF,0.55,0.9855072463768116
2,RF,0.56,0.9855072463768116
2,RF,0.5700000000000001,0.9855072463768116
2,RF,0.58,0.9855072463768116
2,RF,0.59,0.9855072463768116
2,RF,0.6,0.9855072463768116
2,RF,0.61,0.9855072463768116
2,RF,0.62,0.9855072463768116
2,RF,0.63,0.9855072463768116
2,RF,0.64,0.9855072463768116
2,RF,0.65,0.9855072463768116
2,RF,0.66,0.9855072463768116
2,RF,0.67,0.9855072463768116
2,RF,0.68,0.9855072463768116
2,RF,0.6900000000000001,0.9855072463768116
2,RF,0.7000000000000001,0.9855072463768116
2,RF,0.71,0.9855072463768116
2,RF,0.72,0.9855072463768116
2,RF,0.73,0.9855072463768116
2,RF,0.74,0.9855072463768116
2,RF,0.75,0.9855072463768116
2,RF,0.76,0.9855072463768116
2,RF,0.77,0.9855072463768116
2,RF,0.78,0.9855072463768116
2,RF,0.79,0.9855072463768116
2,RF,0.8,0.9855072463768116
2,RF,0.81,1.0
2,RF,0.8200000000000001,1.0
2,RF,0.8300000000000001,1.0
2,RF,0.84,1.0
2,RF,0.85,1.0
2,RF,0.86,1.0
2,RF,0.87,1.0
2,RF,0.88,1.0
2,RF,0.89,1.0
2,RF,0.9,1.0
2,RF,0.91,1.0
2,RF,0.92,1.0
2,RF,0.93,1.0
2,RF,0.9400000000000001,1.0
2,RF,0.9500000000000001,1.0
2,RF,0.96,1.0
2,RF,0.97,1.0
2,RF,0.98,1.0
2,RF,0.99,1.0
2,RF,1.0,1.0
3,LR,0.0,0.0
3,LR,0.01,0.6
3,LR,0.02,0.6625
3,LR,0.03,0.75
3,LR,0.04,0.775
3,LR,0.05,0.7875
3,LR,0.06,0.85
3,LR,0.07,0.8625
3,LR,0.08,0.9
3,LR,0.09,0.9125
3,LR,0.1,0.9125
3,LR,0.11,0.925
3,LR,0.12,0.9375
3,LR,0.13,0.9375
3,LR,0.14,0.9375
3,LR,0.15,0.9375
3,LR,0.16,0.9375
3,LR,0.17,0.9375
3,LR,0.18,0.9375
3,LR,0.19,0.9375
3,LR,0.2,0.9375
3,LR,0.21,0.95
3,LR,0.22,0.95
3,LR,0.23,0.95
3,LR,0.24,0.9625
3,LR,0.25,0.9625
3,LR,0.26,0.9625
3,LR,0.27,0.9625
3,LR,0.28,0.9625
3,LR,0.29,0.9625
3,LR,0.3,0.975
3,LR,0.31,0.975
3,LR,0.32,0.975
3,LR,0.33,0.975
3,LR,0.34,0.975
3,LR,0.35000000000000003,0.975
3,LR,0.36,0.975
3,LR,0.37,0.975
3,LR,0.38,1.0
3,LR,0.39,1.0
3,LR,0.4,1.0
3,LR,0.41000000000000003,1.0
3,LR,0.42,1.0
3,LR,0.43,1.0
3,LR,0.44,1.0
3,LR,0.45,1.0
3,LR,0.46,1.0
3,LR,0.47000000000000003,1.0
3,LR,0.48,1.0
3,LR,0.49,1.0
3,LR,0.5,1.0
3,LR,0.51,1.0
3,LR,0.52,1.0
3,LR,0.53,1.0
3,LR,0.54,1.0
3,LR,0.55,1.0
3,LR,0.56,1.0
3,LR,0.5700000000000001,1.0
3,LR,0.58,1.0
3,LR,0.59,1.0
3,LR,0.6,1.0
3,LR,0.61,1.0
3,LR,0.62,1.0
3,LR,0.63,1.0
3,LR,0.64,1.0
3,LR,0.65,1.0
3,LR,0.66,1.0
3,LR,0.67,1.0
3,LR,0.68,1.0
3,LR,0.6900000000000001,1.0
3,LR,0.7000000000000001,1.0
3,LR,0.71,1.0
3,LR,0.72,1.0
3,LR,0.73,1.0
3,LR,0.74,1.0
3,LR,0.75,1.0
3,LR,0.76,1.0
3,LR,0.77,1.0
3,LR,0.78,1.0
3,LR,0.79,1.0
3,LR,0.8,1.0
3,LR,0.81,1.0
3,LR,0.8200000000000001,1.0
3,LR,0.8300000000000001,1.0
3,LR,0.84,1.0
3,LR,0.85,1.0
3,LR,0.86,1.0
3,LR,0.87,1.0
3,LR,0.88,1.0
3,LR,0.89,1.0
3,LR,0.9,1.0
3,LR,0.91,1.0
3,LR,0.92,1.0
3,LR,0.93,1.0
3,LR,0.9400000000000001,1.0
3,LR,0.9500000000000001,1.0
3,LR,0.96,1.0
3,LR,0.97,1.0
3,LR,0.98,1.0
3,LR,0.99,1.0
3,LR,1.0,1.0
3,GAM,0.0,0.0
3,GAM,0.01,0.6375
3,GAM,0.02,0.675
3,GAM,0.03,0.7625
3,GAM,0.04,0.775
3,GAM,0.05,0.8
3,GAM,0.06,0.8875
3,GAM,0.07,0.9
3,GAM,0.08,0.9
3,GAM,0.09,0.9125
3,GAM,0.1,0.9125
3,GAM,0.11,0.9375
3,GAM,0.12,0.9375
3,GAM,0.13,0.9375
3,GAM,0.14,0.9375
3,GAM,0.15,0.9375
3,GAM,0.16,0.9375
3,GAM,0.17,0.9375
3,GAM,0.18,0.9375
3,GAM,0.19,0.9375
3,GAM,0.2,0.95
3,GAM,0.21,0.9625
3,GAM,0.22,0.9625
3,GAM,0.23,0.9625
3,GAM,0.24,0.9625
3,GAM,0.25,0.975
3,GAM,0.26,0.975
3,GAM,0.27,0.975
3,GAM,0.28,0.975
3,GAM,0.29,0.975
3,GAM,0.3,0.975
3,GAM,0.31,0.975
3,GAM,0.32,0.975
3,GAM,0.33,0.975
3,GAM,0.34,0.975
3,GAM,0.35000000000000003,1.0
3,GAM,0.36,1.0
3,GAM,0.37,1.0
3,GAM,0.38,1.0
3,GAM,0.39,1.0
3,GAM,0.4,1.0
3,GAM,0.41000000000000003,1.0
3,GAM,0.42,1.0
3,GAM,0.43,1.0
3,GAM,0.44,1.0
3,GAM,0.45,1.0
3,GAM,0.46,1.0
3,GAM,0.47000000000000003,1.0
3,GAM,0.48,1.0
3,GAM,0.49,1.0
3,GAM,0.5,1.0
3,GAM,0.51,1.0
3,GAM,0.52,1.0
3,GAM,0.53,1.0
3,GAM,0.54,1.0
3,GAM,0.55,1.0
3,GAM,0.56,1.0
3,GAM,0.5700000000000001,1.0
3,GAM,0.58,1.0
3,GAM,0.59,1.0
3,GAM,0.6,1.0
3,GAM,0.61,1.0
3,GAM,0.62,1.0
3,GAM,0.63,1.0
3,GAM,0.64,1.0
3,GAM,0.65,1.0
3,GAM,0.66,1.0
3,GAM,0.67,1.0
3,GAM,0.68,1.0
3,GAM,0.6900000000000001,1.0
3,GAM,0.7000000000000001,1.0
3,GAM,0.71,1.0
3,GAM,0.72,1.0
3,GAM,0.73,1.0
3,GAM,0.74,1.0
3,GAM,0.75,1.0
3,GAM,0.76,1.0
3,GAM,0.77,1.0
3,GAM,0.78,1.0
3,GAM,0.79,1.0
3,GAM,0.8,1.0
3,GAM,0.81,1.0
3,GAM,0.8200000000000001,1.0
3,GAM,0.8300000000000001,1.0
3,GAM,0.84,1.0
3,GAM,0.85,1.0
3,GAM,0.86,1.0
3,GAM,0.87,1.0
3,GAM,0.88,1.0
3,GAM,0.89,1.0
3,GAM,0.9,1.0
3,GAM,0.91,1.0
3,GAM,0.92,1.0
3,GAM,0.93,1.0
3,GAM,0.9400000000000001,1.0
3,GAM,0.9500000000000001,1.0
3,GAM,0.96,1.0
3,GAM,0.97,1.0
3,GAM,0.98,1.0
3,GAM,0.99,1.0
3,GAM,1.0,1.0
3,RF,0.0,0.475
3,RF,0.01,0.4875
3,RF,0.02,0.725
3,RF,0.03,0.8
3,RF,0.04,0.875
3,RF,0.05,0.875
3,RF,0.06,0.8875
3,RF,0.07,0.8875
3,RF,0.08,0.925
3,RF,0.09,0.9375
3,RF,0.1,0.9375
3,RF,0.11,0.9375
3,RF,0.12,0.9625
3,RF,0.13,0.975
3,RF,0.14,0.975
3,RF,0.15,0.975
3,RF,0.16,0.975
3,RF,0.17,0.975
3,RF,0.18,0.975
3,RF,0.19,0.975
3,RF,0.2,0.975
3,RF,0.21,0.975
3,RF,0.22,0.9875
3,RF,0.23,0.9875
3,RF,0.24,1.0
3,RF,0.25,1.0
3,RF,0.26,1.0
3,RF,0.27,1.0
3,RF,0.28,1.0
3,RF,0.29,1.0
3,RF,0.3,1.0
3,RF,0.31,1.0
3,RF,0.32,1.0
3,RF,0.33,1.0
3,RF,0.34,1.0
3,RF,0.35000000000000003,1.0
3,RF,0.36,1.0
3,RF,0.37,1.0
3,RF,0.38,1.0
3,RF,0.39,1.0
3,RF,0.4,1.0
3,RF,0.41000000000000003,1.0
3,RF,0.42,1.0
3,RF,0.43,1.0
3,RF,0.44,1.0
3,RF,0.45,1.0
3,RF,0.46,1.0
3,RF,0.47000000000000003,1.0
3,RF,0.48,1.0
3,RF,0.49,1.0
3,RF,0.5,1.0
3,RF,0.51,1.0
3,RF,0.52,1.0
3,RF,0.53,1.0
3,RF,0.54,1.0
3,RF,0.55,1.0
3,RF,0.56,1.0
3,RF,0.5700000000000001,1.0
3,RF,0.58,1.0
3,RF,0.59,1.0
3,RF,0.6,1.0
3,RF,0.61,1.0
3,RF,0.62,1.0
3,RF,0.63,1.0
3,RF,0.64,1.0
3,RF,0.65,1.0
3,RF,0.66,1.0
3,RF,0.67,1.0
3,RF,0.68,1.0
3,RF,0.6900000000000001,1.0
3,RF,0.7000000000000001,1.0
3,RF,0.71,1.0
3,RF,0.72,1.0
3,RF,0.73,1.0
3,RF,0.74,1.0
3,RF,0.75,1.0
3,RF,0.76,1.0
3,RF,0.77,1.0
3,RF,0.78,1.0
3,RF,0.79,1.0
3,RF,0.8,1.0
3,RF,0.81,1.0
3,RF,0.8200000000000001,1.0
3,RF,0.8300000000000001,1.0
3,RF,0.84,1.0
3,RF,0.85,1.0
3,RF,0.86,1.0
3,RF,0.87,1.0
3,RF,0.88,1.0
3,RF,0.89,1.0
3,RF,0.9,1.0
3,RF,0.91,1.0
3,RF,0.92,1.0
3,RF,0.93,1.0
3,RF,0.9400000000000001,1.0
3,RF,0.9500000000000001,1.0
3,RF,0.96,1.0
3,RF,0.97,1.0
3,RF,0.98,1.0
3,RF,0.99,1.0
3,RF,1.0,1.0
4,LR,0.0,0.39473684210526316
4,LR,0.01,0.5526315789473685
4,LR,0.02,0.6842105263157895
4,LR,0.03,0.8157894736842105
4,LR,0.04,0.8421052631578947
4,LR,0.05,0.8421052631578947
4,LR,0.06,0.8421052631578947
4,LR,0.07,0.881578947368421
4,LR,0.08,0.881578947368421
4,LR,0.09,0.8947368421052632
4,LR,0.1,0.9078947368421053
4,LR,0.11,0.9078947368421053
4,LR,0.12,0.9078947368421053
4,LR,0.13,0.9210526315789473
4,LR,0.14,0.9210526315789473
4,LR,0.15,0.9210526315789473
4,LR,0.16,0.9210526315789473
4,LR,0.17,0.9210526315789473
4,LR,0.18,0.9342105263157895
4,LR,0.19,0.9342105263157895
4,LR,0.2,0.9342105263157895
4,LR,0.21,0.9342105263157895
4,LR,0.22,0.9342105263157895
4,LR,0.23,0.9342105263157895
4,LR,0.24,0.9342105263157895
4,LR,0.25,0.9473684210526315
4,LR,0.26,0.9605263157894737
4,LR,0.27,0.9605263157894737
4,LR,0.28,0.9605263157894737
4,LR,0.29,0.9736842105263158
4,LR,0.3,0.9736842105263158
4,LR,0.31,0.9736842105263158
4,LR,0.32,0.9736842105263158
4,LR,0.33,0.9736842105263158
4,LR,0.34,0.9736842105263158
4,LR,0.35000000000000003,0.9736842105263158
4,LR,0.36,0.9736842105263158
4,LR,0.37,0.9736842105263158
4,LR,0.38,0.9736842105263158
4,LR,0.39,0.9736842105263158
4,LR,0.4,0.9736842105263158
4,LR,0.41000000000000003,0.9736842105263158
4,LR,0.42,0.9736842105263158
4,LR,0.43,0.9736842105263158
4,LR,0.44,0.9868421052631579
4,LR,0.45,0.9868421052631579
4,LR,0.46,1.0
4,LR,0.47000000000000003,1.0
4,LR,0.48,1.0
4,LR,0.49,1.0
4,LR,0.5,1.0
4,LR,0.51,1.0
4,LR,0.52,1.0
4,LR,0.53,1.0
4,LR,0.54,1.0
4,LR,0.55,1.0
4,LR,0.56,1.0
4,LR,0.5700000000000001,1.0
4,LR,0.58,1.0
4,LR,0.59,1.0
4,LR,0.6,1.0
4,LR,0.61,1.0
4,LR,0.62,1.0
4,LR,0.63,1.0
4,LR,0.64,1.0
4,LR,0.65,1.0
4,LR,0.66,1.0
4,LR,0.67,1.0
4,LR,0.68,1.0
4,LR,0.6900000000000001,1.0
4,LR,0.7000000000000001,1.0
4,LR,0.71,1.0
4,LR,0.72,1.0
4,LR,0.73,1.0
4,LR,0.74,1.0
4,LR,0.75,1.0
4,LR,0.76,1.0
4,LR,0.77,1.0
4,LR,0.78,1.0
4,LR,0.79,1.0
4,LR,0.8,1.0
4,LR,0.81,1.0
4,LR,0.8200000000000001,1.0
4,LR,0.8300000000000001,1.0
4,LR,0.84,1.0
4,LR,0.85,1.0
4,LR,0.86,1.0
4,LR,0.87,1.0
4,LR,0.88,1.0
4,LR,0.89,1.0
4,LR,0.9,1.0
4,LR,0.91,1.0
4,LR,0.92,1.0
4,LR,0.93,1.0
4,LR,0.9400000000000001,1.0
4,LR,0.9500000000000001,1.0
4,LR,0.96,1.0
4,LR,0.97,1.0
4,LR,0.98,1.0
4,LR,0.99,1.0
4,LR,1.0,1.0
4,GAM,0.0,0.3815789473684211
4,GAM,0.01,0.5526315789473685
4,GAM,0.02,0.7236842105263158
4,GAM,0.03,0.8421052631578947
4,GAM,0.04,0.8421052631578947
4,GAM,0.05,0.8552631578947368
4,GAM,0.06,0.8552631578947368
4,GAM,0.07,0.8552631578947368
4,GAM,0.08,0.8552631578947368
4,GAM,0.09,0.881578947368421
4,GAM,0.1,0.8947368421052632
4,GAM,0.11,0.9210526315789473
4,GAM,0.12,0.9210526315789473
4,GAM,0.13,0.9210526315789473
4,GAM,0.14,0.9210526315789473
4,GAM,0.15,0.9210526315789473
4,GAM,0.16,0.9210526315789473
4,GAM,0.17,0.9210526315789473
4,GAM,0.18,0.9342105263157895
4,GAM,0.19,0.9342105263157895
4,GAM,0.2,0.9473684210526315
4,GAM,0.21,0.9473684210526315
4,GAM,0.22,0.9473684210526315
4,GAM,0.23,0.9473684210526315
4,GAM,0.24,0.9473684210526315
4,GAM,0.25,0.9473684210526315
4,GAM,0.26,0.9605263157894737
4,GAM,0.27,0.9736842105263158
4,GAM,0.28,0.9736842105263158
4,GAM,0.29,0.9736842105263158
4,GAM,0.3,0.9736842105263158
4,GAM,0.31,0.9736842105263158
4,GAM,0.32,0.9736842105263158
4,GAM,0.33,0.9736842105263158
4,GAM,0.34,0.9736842105263158
4,GAM,0.35000000000000003,0.9736842105263158
4,GAM,0.36,0.9736842105263158
4,GAM,0.37,0.9736842105263158
4,GAM,0.38,0.9736842105263158
4,GAM,0.39,0.9736842105263158
4,GAM,0.4,0.9736842105263158
4,GAM,0.41000000000000003,0.9736842105263158
4,GAM,0.42,0.9868421052631579
4,GAM,0.43,0.9868421052631579
4,GAM,0.44,0.9868421052631579
4,GAM,0.45,0.9868421052631579
4,GAM,0.46,0.9868421052631579
4,GAM,0.47000000000000003,1.0
4,GAM,0.48,1.0
4,GAM,0.49,1.0
4,GAM,0.5,1.0
4,GAM,0.51,1.0
4,GAM,0.52,1.0
4,GAM,0.53,1.0
4,GAM,0.54,1.0
4,GAM,0.55,1.0
4,GAM,0.56,1.0
4,GAM,0.5700000000000001,1.0
4,GAM,0.58,1.0
4,GAM,0.59,1.0
4,GAM,0.6,1.0
4,GAM,0.61,1.0
4,GAM,0.62,1.0
4,GAM,0.63,1.0
4,GAM,0.64,1.0
4,GAM,0.65,1.0
4,GAM,0.66,1.0
4,GAM,0.67,1.0
4,GAM,0.68,1.0
4,GAM,0.6900000000000001,1.0
4,GAM,0.7000000000000001,1.0
4,GAM,0.71,1.0
4,GAM,0.72,1.0
4,GAM,0.73,1.0
4,GAM,0.74,1.0
4,GAM,0.75,1.0
4,GAM,0.76,1.0
4,GAM,0.77,1.0
4,GAM,0.78,1.0
4,GAM,0.79,1.0
4,GAM,0.8,1.0
4,GAM,0.81,1.0
4,GAM,0.8200000000000001,1.0
4,GAM,0.8300000000000001,1.0
4,GAM,0.84,1.0
4,GAM,0.85,1.0
4,GAM,0.86,1.0
4,GAM,0.87,1.0
4,GAM,0.88,1.0
4,GAM,0.89,1.0
4,GAM,0.9,1.0
4,GAM,0.91,1.0
4,GAM,0.92,1.0
4,GAM,0.93,1.0
4,GAM,0.9400000000000001,1.0
4,GAM,0.9500000000000001,1.0
4,GAM,0.96,1.0
4,GAM,0.97,1.0
4,GAM,0.98,1.0
4,GAM,0.99,1.0
4,GAM,1.0,1.0
4,RF,0.0,0.42105263157894735
4,RF,0.01,0.5526315789473685
4,RF,0.02,0.5657894736842105
4,RF,0.03,0.7763157894736842
4,RF,0.04,0.7763157894736842
4,RF,0.05,0.868421052631579
4,RF,0.06,0.868421052631579
4,RF,0.07,0.881578947368421
4,RF,0.08,0.881578947368421
4,RF,0.09,0.881578947368421
4,RF,0.1,0.881578947368421
4,RF,0.11,0.8947368421052632
4,RF,0.12,0.9078947368421053
4,RF,0.13,0.9078947368421053
4,RF,0.14,0.9210526315789473
4,RF,0.15,0.9342105263157895
4,RF,0.16,0.9342105263157895
4,RF,0.17,0.9605263157894737
4,RF,0.18,0.9736842105263158
4,RF,0.19,0.9736842105263158
4,RF,0.2,0.9736842105263158
4,RF,0.21,0.9736842105263158
4,RF,0.22,0.9736842105263158
4,RF,0.23,0.9868421052631579
4,RF,0.24,0.9868421052631579
4,RF,0.25,0.9868421052631579
4,RF,0.26,0.9868421052631579
4,RF,0.27,1.0
4,RF,0.28,1.0
4,RF,0.29,1.0
4,RF,0.3,1.0
4,RF,0.31,1.0
4,RF,0.32,1.0
4,RF,0.33,1.0
4,RF,0.34,1.0
4,RF,0.35000000000000003,1.0
4,RF,0.36,1.0
4,RF,0.37,1.0
4,RF,0.38,1.0
4,RF,0.39,1.0
4,RF,0.4,1.0
4,RF,0.41000000000000003,1.0
4,RF,0.42,1.0
4,RF,0.43,1.0
4,RF,0.44,1.0
4,RF,0.45,1.0
4,RF,0.46,1.0
4,RF,0.47000000000000003,1.0
4,RF,0.48,1.0
4,RF,0.49,1.0
4,RF,0.5,1.0
4,RF,0.51,1.0
4,RF,0.52,1.0
4,RF,0.53,1.0
4,RF,0.54,1.0
4,RF,0.55,1.0
4,RF,0.56,1.0
4,RF,0.5700000000000001,1.0
4,RF,0.58,1.0
4,RF,0.59,1.0
4,RF,0.6,1.0
4,RF,0.61,1.0
4,RF,0.62,1.0
4,RF,0.63,1.0
4,RF,0.64,1.0
4,RF,0.65,1.0
4,RF,0.66,1.0
4,RF,0.67,1.0
4,RF,0.68,1.0
4,RF,0.6900000000000001,1.0
4,RF,0.7000000000000001,1.0
4,RF,0.71,1.0
4,RF,0.72,1.0
4,RF,0.73,1.0
4,RF,0.74,1.0
4,RF,0.75,1.0
4,RF,0.76,1.0
4,RF,0.77,1.0
4,RF,0.78,1.0
4,RF,0.79,1.0
4,RF,0.8,1.0
4,RF,0.81,1.0
4,RF,0.8200000000000001,1.0
4,RF,0.8300000000000001,1.0
4,RF,0.84,1.0
4,RF,0.85,1.0
4,RF,0.86,1.0
4,RF,0.87,1.0
4,RF,0.88,1.0
4,RF,0.89,1.0
4,RF,0.9,1.0
4,RF,0.91,1.0
4,RF,0.92,1.0
4,RF,0.93,1.0
4,RF,0.9400000000000001,1.0
4,RF,0.9500000000000001,1.0
4,RF,0.96,1.0
4,RF,0.97,1.0
4,RF,0.98,1.0
4,RF,0.99,1.0
4,RF,1.0,1.0
5,LR,0.0,0.0
5,LR,0.01,0.2112676056338028
5,LR,0.02,0.2112676056338028
5,LR,0.03,0.5211267605633803
5,LR,0.04,0.7464788732394366
5,LR,0.05,0.7887323943661971
5,LR,0.06,0.7887323943661971
5,LR,0.07,0.8309859154929577
5,LR,0.08,0.8309859154929577
5,LR,0.09,0.8450704225352113
5,LR,0.1,0.8450704225352113
5,LR,0.11,0.8732394366197183
5,LR,0.12,0.8873239436619719
5,LR,0.13,0.9014084507042254
5,LR,0.14,0.9014084507042254
5,LR,0.15,0.9436619718309859
5,LR,0.16,0.9436619718309859
5,LR,0.17,0.9577464788732394
5,LR,0.18,0.9577464788732394
5,LR,0.19,0.971830985915493
5,LR,0.2,0.971830985915493
5,LR,0.21,0.971830985915493
5,LR,0.22,0.971830985915493
5,LR,0.23,0.971830985915493
5,LR,0.24,0.971830985915493
5,LR,0.25,0.971830985915493
5,LR,0.26,0.971830985915493
5,LR,0.27,0.971830985915493
5,LR,0.28,0.971830985915493
5,LR,0.29,0.971830985915493
5,LR,0.3,0.971830985915493
5,LR,0.31,0.971830985915493
5,LR,0.32,0.971830985915493
5,LR,0.33,0.971830985915493
5,LR,0.34,0.971830985915493
5,LR,0.35000000000000003,0.971830985915493
5,LR,0.36,0.971830985915493
5,LR,0.37,0.971830985915493
5,LR,0.38,0.971830985915493
5,LR,0.39,0.971830985915493
5,LR,0.4,0.971830985915493
5,LR,0.41000000000000003,0.971830985915493
5,LR,0.42,0.971830985915493
5,LR,0.43,0.971830985915493
5,LR,0.44,0.971830985915493
5,LR,0.45,0.971830985915493
5,LR,0.46,0.971830985915493
5,LR,0.47000000000000003,0.971830985915493
5,LR,0.48,0.971830985915493
5,LR,0.49,0.971830985915493
5,LR,0.5,0.971830985915493
5,LR,0.51,0.971830985915493
5,LR,0.52,0.971830985915493
5,LR,0.53,0.971830985915493
5,LR,0.54,0.971830985915493
5,LR,0.55,0.971830985915493
5,LR,0.56,0.971830985915493
5,LR,0.5700000000000001,0.971830985915493
5,LR,0.58,0.971830985915493
5,LR,0.59,0.971830985915493
5,LR,0.6,0.971830985915493
5,LR,0.61,0.971830985915493
5,LR,0.62,0.971830985915493
5,LR,0.63,0.9859154929577465
5,LR,0.64,0.9859154929577465
5,LR,0.65,0.9859154929577465
5,LR,0.66,0.9859154929577465
5,LR,0.67,0.9859154929577465
5,LR,0.68,0.9859154929577465
5,LR,0.6900000000000001,0.9859154929577465
5,LR,0.7000000000000001,0.9859154929577465
5,LR,0.71,0.9859154929577465
5,LR,0.72,1.0
5,LR,0.73,1.0
5,LR,0.74,1.0
5,LR,0.75,1.0
5,LR,0.76,1.0
5,LR,0.77,1.0
5,LR,0.78,1.0
5,LR,0.79,1.0
5,LR,0.8,1.0
5,LR,0.81,1.0
5,LR,0.8200000000000001,1.0
5,LR,0.8300000000000001,1.0
5,LR,0.84,1.0
5,LR,0.85,1.0
5,LR,0.86,1.0
5,LR,0.87,1.0
5,LR,0.88,1.0
5,LR,0.89,1.0
5,LR,0.9,1.0
5,LR,0.91,1.0
5,LR,0.92,1.0
5,LR,0.93,1.0
5,LR,0.9400000000000001,1.0
5,LR,0.9500000000000001,1.0
5,LR,0.96,1.0
5,LR,0.97,1.0
5,LR,0.98,1.0
5,LR,0.99,1.0
5,LR,1.0,1.0
5,GAM,0.0,0.0
5,GAM,0.01,0.16901408450704225
5,GAM,0.02,0.28169014084507044
5,GAM,0.03,0.5211267605633803
5,GAM,0.04,0.8028169014084507
5,GAM,0.05,0.8169014084507042
5,GAM,0.06,0.8169014084507042
5,GAM,0.07,0.8169014084507042
5,GAM,0.08,0.8169014084507042
5,GAM,0.09,0.8873239436619719
5,GAM,0.1,0.8873239436619719
5,GAM,0.11,0.8873239436619719
5,GAM,0.12,0.9154929577464789
5,GAM,0.13,0.9295774647887324
5,GAM,0.14,0.9295774647887324
5,GAM,0.15,0.9577464788732394
5,GAM,0.16,0.9577464788732394
5,GAM,0.17,0.9577464788732394
5,GAM,0.18,0.9577464788732394
5,GAM,0.19,0.9577464788732394
5,GAM,0.2,0.9577464788732394
5,GAM,0.21,0.971830985915493
5,GAM,0.22,0.971830985915493
5,GAM,0.23,0.971830985915493
5,GAM,0.24,0.971830985915493
5,GAM,0.25,0.971830985915493
5,GAM,0.26,0.971830985915493
5,GAM,0.27,0.971830985915493
5,GAM,0.28,0.971830985915493
5,GAM,0.29,0.971830985915493
5,GAM,0.3,0.971830985915493
5,GAM,0.31,0.971830985915493
5,GAM,0.32,0.971830985915493
5,GAM,0.33,0.971830985915493
5,GAM,0.34,0.971830985915493
5,GAM,0.35000000000000003,0.971830985915493
5,GAM,0.36,0.971830985915493
5,GAM,0.37,0.971830985915493
5,GAM,0.38,0.971830985915493
5,GAM,0.39,0.971830985915493
5,GAM,0.4,0.971830985915493
5,GAM,0.41000000000000003,0.971830985915493
5,GAM,0.42,0.971830985915493
5,GAM,0.43,0.971830985915493
5,GAM,0.44,0.971830985915493
5,GAM,0.45,0.971830985915493
5,GAM,0.46,0.971830985915493
5,GAM,0.47000000000000003,0.971830985915493
5,GAM,0.48,0.971830985915493
5,GAM,0.49,0.971830985915493
5,GAM,0.5,0.971830985915493
5,GAM,0.51,0.971830985915493
5,GAM,0.52,0.971830985915493
5,GAM,0.53,0.971830985915493
5,GAM,0.54,0.971830985915493
5,GAM,0.55,0.971830985915493
5,GAM,0.56,0.971830985915493
5,GAM,0.5700000000000001,0.971830985915493
5,GAM,0.58,0.971830985915493
5,GAM,0.59,0.9859154929577465
5,GAM,0.6,0.9859154929577465
5,GAM,0.61,0.9859154929577465
5,GAM,0.62,0.9859154929577465
5,GAM,0.63,0.9859154929577465
5,GAM,0.64,0.9859154929577465
5,GAM,0.65,0.9859154929577465
5,GAM,0.66,0.9859154929577465
5,GAM,0.67,0.9859154929577465
5,GAM,0.68,0.9859154929577465
5,GAM,0.6900000000000001,0.9859154929577465
5,GAM,0.7000000000000001,0.9859154929577465
5,GAM,0.71,0.9859154929577465
5,GAM,0.72,0.9859154929577465
5,GAM,0.73,1.0
5,GAM,0.74,1.0
5,GAM,0.75,1.0
5,GAM,0.76,1.0
5,GAM,0.77,1.0
5,GAM,0.78,1.0
5,GAM,0.79,1.0
5,GAM,0.8,1.0
5,GAM,0.81,1.0
5,GAM,0.8200000000000001,1.0
5,GAM,0.8300000000000001,1.0
5,GAM,0.84,1.0
5,GAM,0.85,1.0
5,GAM,0.86,1.0
5,GAM,0.87,1.0
5,GAM,0.88,1.0
5,GAM,0.89,1.0
5,GAM,0.9,1.0
5,GAM,0.91,1.0
5,GAM,0.92,1.0
5,GAM,0.93,1.0
5,GAM,0.9400000000000001,1.0
5,GAM,0.9500000000000001,1.0
5,GAM,0.96,1.0
5,GAM,0.97,1.0
5,GAM,0.98,1.0
5,GAM,0.99,1.0
5,GAM,1.0,1.0
5,RF,0.0,0.2112676056338028
5,RF,0.01,0.6338028169014085
5,RF,0.02,0.6901408450704225
5,RF,0.03,0.7746478873239436
5,RF,0.04,0.7887323943661971
5,RF,0.05,0.7887323943661971
5,RF,0.06,0.7887323943661971
5,RF,0.07,0.8309859154929577
5,RF,0.08,0.8450704225352113
5,RF,0.09,0.8873239436619719
5,RF,0.1,0.8873239436619719
5,RF,0.11,0.9295774647887324
5,RF,0.12,0.9295774647887324
5,RF,0.13,0.9295774647887324
5,RF,0.14,0.9295774647887324
5,RF,0.15,0.9295774647887324
5,RF,0.16,0.9295774647887324
5,RF,0.17,0.9295774647887324
5,RF,0.18,0.9295774647887324
5,RF,0.19,0.9295774647887324
5,RF,0.2,0.9436619718309859
5,RF,0.21,0.9436619718309859
5,RF,0.22,0.9436619718309859
5,RF,0.23,0.9577464788732394
5,RF,0.24,0.9577464788732394
5,RF,0.25,0.971830985915493
5,RF,0.26,0.971830985915493
5,RF,0.27,0.971830985915493
5,RF,0.28,0.971830985915493
5,RF,0.29,0.971830985915493
5,RF,0.3,0.971830985915493
5,RF,0.31,0.971830985915493
5,RF,0.32,0.971830985915493
5,RF,0.33,0.971830985915493
5,RF,0.34,0.971830985915493
5,RF,0.35000000000000003,0.971830985915493
5,RF,0.36,0.971830985915493
5,RF,0.37,0.971830985915493
5,RF,0.38,0.971830985915493
5,RF,0.39,0.971830985915493
5,RF,0.4,0.971830985915493
5,RF,0.41000000000000003,0.971830985915493
5,RF,0.42,0.971830985915493
5,RF,0.43,0.971830985915493
5,RF,0.44,0.9859154929577465
5,RF,0.45,0.9859154929577465
5,RF,0.46,0.9859154929577465
5,RF,0.47000000000000003,0.9859154929577465
5,RF,0.48,0.9859154929577465
5,RF,0.49,0.9859154929577465
5,RF,0.5,0.9859154929577465
5,RF,0.51,0.9859154929577465
5,RF,0.52,0.9859154929577465
5,RF,0.53,0.9859154929577465
5,RF,0.54,0.9859154929577465
5,RF,0.55,0.9859154929577465
5,RF,0.56,0.9859154929577465
5,RF,0.5700000000000001,0.9859154929577465
5,RF,0.58,0.9859154929577465
5,RF,0.59,0.9859154929577465
5,RF,0.6,0.9859154929577465
5,RF,0.61,0.9859154929577465
5,RF,0.62,0.9859154929577465
5,RF,0.63,0.9859154929577465
5,RF,0.64,0.9859154929577465
5,RF,0.65,0.9859154929577465
5,RF,0.66,0.9859154929577465
5,RF,0.67,0.9859154929577465
5,RF,0.68,0.9859154929577465
5,RF,0.6900000000000001,0.9859154929577465
5,RF,0.7000000000000001,0.9859154929577465
5,RF,0.71,0.9859154929577465
5,RF,0.72,0.9859154929577465
5,RF,0.73,0.9859154929577465
5,RF,0.74,0.9859154929577465
5,RF,0.75,0.9859154929577465
5,RF,0.76,0.9859154929577465
5,RF,0.77,0.9859154929577465
5,RF,0.78,0.9859154929577465
5,RF,0.79,0.9859154929577465
5,RF,0.8,0.9859154929577465
5,RF,0.81,0.9859154929577465
5,RF,0.8200000000000001,0.9859154929577465
5,RF,0.8300000000000001,0.9859154929577465
5,RF,0.84,0.9859154929577465
5,RF,0.85,0.9859154929577465
5,RF,0.86,0.9859154929577465
5,RF,0.87,1.0
5,RF,0.88,1.0
5,RF,0.89,1.0
5,RF,0.9,1.0
5,RF,0.91,1.0
5,RF,0.92,1.0
5,RF,0.93,1.0
5,RF,0.9400000000000001,1.0
5,RF,0.9500000000000001,1.0
5,RF,0.96,1.0
5,RF,0.97,1.0
5,RF,0.98,1.0
5,RF,0.99,1.0
5,RF,1.0,1.0
6,LR,0.0,0.726027397260274
6,LR,0.01,0.821917808219178
6,LR,0.02,0.821917808219178
6,LR,0.03,0.821917808219178
6,LR,0.04,0.821917808219178
6,LR,0.05,0.8356164383561644
6,LR,0.06,0.8356164383561644
6,LR,0.07,0.8356164383561644
6,LR,0.08,0.8493150684931506
6,LR,0.09,0.8904109589041096
6,LR,0.1,0.9041095890410958
6,LR,0.11,0.9178082191780822
6,LR,0.12,0.9178082191780822
6,LR,0.13,0.9178082191780822
6,LR,0.14,0.9178082191780822
6,LR,0.15,0.9178082191780822
6,LR,0.16,0.9315068493150684
6,LR,0.17,0.9315068493150684
6,LR,0.18,0.9315068493150684
6,LR,0.19,0.9315068493150684
6,LR,0.2,0.9452054794520548
6,LR,0.21,0.9452054794520548
6,LR,0.22,0.9452054794520548
6,LR,0.23,0.958904109589041
6,LR,0.24,0.958904109589041
6,LR,0.25,0.958904109589041
6,LR,0.26,0.958904109589041
6,LR,0.27,0.958904109589041
6,LR,0.28,0.9726027397260274
6,LR,0.29,0.9726027397260274
6,LR,0.3,0.9726027397260274
6,LR,0.31,0.9726027397260274
6,LR,0.32,0.9726027397260274
6,LR,0.33,0.9726027397260274
6,LR,0.34,0.9726027397260274
6,LR,0.35000000000000003,0.9726027397260274
6,LR,0.36,0.9726027397260274
6,LR,0.37,0.9726027397260274
6,LR,0.38,0.9726027397260274
6,LR,0.39,0.9726027397260274
6,LR,0.4,0.9726027397260274
6,LR,0.41000000000000003,0.9726027397260274
6,LR,0.42,0.9726027397260274
6,LR,0.43,0.9726027397260274
6,LR,0.44,0.9726027397260274
6,LR,0.45,0.9726027397260274
6,LR,0.46,0.9726027397260274
6,LR,0.47000000000000003,0.9726027397260274
6,LR,0.48,0.9863013698630136
6,LR,0.49,0.9863013698630136
6,LR,0.5,0.9863013698630136
6,LR,0.51,0.9863013698630136
6,LR,0.52,0.9863013698630136
6,LR,0.53,0.9863013698630136
6,LR,0.54,0.9863013698630136
6,LR,0.55,0.9863013698630136
6,LR,0.56,0.9863013698630136
6,LR,0.5700000000000001,0.9863013698630136
6,LR,0.58,0.9863013698630136
6,LR,0.59,0.9863013698630136
6,LR,0.6,0.9863013698630136
6,LR,0.61,0.9863013698630136
6,LR,0.62,0.9863013698630136
6,LR,0.63,0.9863013698630136
6,LR,0.64,0.9863013698630136
6,LR,0.65,0.9863013698630136
6,LR,0.66,0.9863013698630136
6,LR,0.67,0.9863013698630136
6,LR,0.68,0.9863013698630136
6,LR,0.6900000000000001,0.9863013698630136
6,LR,0.7000000000000001,0.9863013698630136
6,LR,0.71,0.9863013698630136
6,LR,0.72,0.9863013698630136
6,LR,0.73,0.9863013698630136
6,LR,0.74,0.9863013698630136
6,LR,0.75,1.0
6,LR,0.76,1.0
6,LR,0.77,1.0
6,LR,0.78,1.0
6,LR,0.79,1.0
6,LR,0.8,1.0
6,LR,0.81,1.0
6,LR,0.8200000000000001,1.0
6,LR,0.8300000000000001,1.0
6,LR,0.84,1.0
6,LR,0.85,1.0
6,LR,0.86,1.0
6,LR,0.87,1.0
6,LR,0.88,1.0
6,LR,0.89,1.0
6,LR,0.9,1.0
6,LR,0.91,1.0
6,LR,0.92,1.0
6,LR,0.93,1.0
6,LR,0.9400000000000001,1.0
6,LR,0.9500000000000001,1.0
6,LR,0.96,1.0
6,LR,0.97,1.0
6,LR,0.98,1.0
6,LR,0.99,1.0
6,LR,1.0,1.0
6,GAM,0.0,0.7534246575342466
6,GAM,0.01,0.8082191780821918
6,GAM,0.02,0.8082191780821918
6,GAM,0.03,0.821917808219178
6,GAM,0.04,0.821917808219178
6,GAM,0.05,0.8356164383561644
6,GAM,0.06,0.8356164383561644
6,GAM,0.07,0.863013698630137
6,GAM,0.08,0.8767123287671232
6,GAM,0.09,0.8904109589041096
6,GAM,0.1,0.8904109589041096
6,GAM,0.11,0.9178082191780822
6,GAM,0.12,0.9178082191780822
6,GAM,0.13,0.9178082191780822
6,GAM,0.14,0.9178082191780822
6,GAM,0.15,0.9178082191780822
6,GAM,0.16,0.9315068493150684
6,GAM,0.17,0.9315068493150684
6,GAM,0.18,0.9315068493150684
6,GAM,0.19,0.9315068493150684
6,GAM,0.2,0.9452054794520548
6,GAM,0.21,0.9452054794520548
6,GAM,0.22,0.9452054794520548
6,GAM,0.23,0.9452054794520548
6,GAM,0.24,0.9452054794520548
6,GAM,0.25,0.958904109589041
6,GAM,0.26,0.958904109589041
6,GAM,0.27,0.958904109589041
6,GAM,0.28,0.958904109589041
6,GAM,0.29,0.958904109589041
6,GAM,0.3,0.958904109589041
6,GAM,0.31,0.958904109589041
6,GAM,0.32,0.9726027397260274
6,GAM,0.33,0.9726027397260274
6,GAM,0.34,0.9726027397260274
6,GAM,0.35000000000000003,0.9726027397260274
6,GAM,0.36,0.9726027397260274
6,GAM,0.37,0.9726027397260274
6,GAM,0.38,0.9863013698630136
6,GAM,0.39,0.9863013698630136
6,GAM,0.4,0.9863013698630136
6,GAM,0.41000000000000003,0.9863013698630136
6,GAM,0.42,0.9863013698630136
6,GAM,0.43,0.9863013698630136
6,GAM,0.44,0.9863013698630136
6,GAM,0.45,0.9863013698630136
6,GAM,0.46,0.9863013698630136
6,GAM,0.47000000000000003,0.9863013698630136
6,GAM,0.48,0.9863013698630136
6,GAM,0.49,0.9863013698630136
6,GAM,0.5,0.9863013698630136
6,GAM,0.51,0.9863013698630136
6,GAM,0.52,0.9863013698630136
6,GAM,0.53,0.9863013698630136
6,GAM,0.54,0.9863013698630136
6,GAM,0.55,0.9863013698630136
6,GAM,0.56,0.9863013698630136
6,GAM,0.5700000000000001,0.9863013698630136
6,GAM,0.58,0.9863013698630136
6,GAM,0.59,1.0
6,GAM,0.6,1.0
6,GAM,0.61,1.0
6,GAM,0.62,1.0
6,GAM,0.63,1.0
6,GAM,0.64,1.0
6,GAM,0.65,1.0
6,GAM,0.66,1.0
6,GAM,0.67,1.0
6,GAM,0.68,1.0
6,GAM,0.6900000000000001,1.0
6,GAM,0.7000000000000001,1.0
6,GAM,0.71,1.0
6,GAM,0.72,1.0
6,GAM,0.73,1.0
6,GAM,0.74,1.0
6,GAM,0.75,1.0
6,GAM,0.76,1.0
6,GAM,0.77,1.0
6,GAM,0.78,1.0
6,GAM,0.79,1.0
6,GAM,0.8,1.0
6,GAM,0.81,1.0
6,GAM,0.8200000000000001,1.0
6,GAM,0.8300000000000001,1.0
6,GAM,0.84,1.0
6,GAM,0.85,1.0
6,GAM,0.86,1.0
6,GAM,0.87,1.0
6,GAM,0.88,1.0
6,GAM,0.89,1.0
6,GAM,0.9,1.0
6,GAM,0.91,1.0
6,GAM,0.92,1.0
6,GAM,0.93,1.0
6,GAM,0.9400000000000001,1.0
6,GAM,0.9500000000000001,1.0
6,GAM,0.96,1.0
6,GAM,0.97,1.0
6,GAM,0.98,1.0
6,GAM,0.99,1.0
6,GAM,1.0,1.0
6,RF,0.0,0.6712328767123288
6,RF,0.01,0.7534246575342466
6,RF,0.02,0.8356164383561644
6,RF,0.03,0.863013698630137
6,RF,0.04,0.8767123287671232
6,RF,0.05,0.8904109589041096
6,RF,0.06,0.8904109589041096
6,RF,0.07,0.9041095890410958
6,RF,0.08,0.9041095890410958
6,RF,0.09,0.9315068493150684
6,RF,0.1,0.9452054794520548
6,RF,0.11,0.9452054794520548
6,RF,0.12,0.9452054794520548
6,RF,0.13,0.9452054794520548
6,RF,0.14,0.9452054794520548
6,RF,0.15,0.9452054794520548
6,RF,0.16,0.9452054794520548
6,RF,0.17,0.958904109589041
6,RF,0.18,0.958904109589041
6,RF,0.19,0.958904109589041
6,RF,0.2,0.958904109589041
6,RF,0.21,0.958904109589041
6,RF,0.22,0.958904109589041
6,RF,0.23,0.958904109589041
6,RF,0.24,0.9726027397260274
6,RF,0.25,0.9726027397260274
6,RF,0.26,0.9726027397260274
6,RF,0.27,0.9726027397260274
6,RF,0.28,0.9726027397260274
6,RF,0.29,0.9726027397260274
6,RF,0.3,0.9726027397260274
6,RF,0.31,0.9726027397260274
6,RF,0.32,0.9726027397260274
6,RF,0.33,0.9863013698630136
6,RF,0.34,0.9863013698630136
6,RF,0.35000000000000003,0.9863013698630136
6,RF,0.36,0.9863013698630136
6,RF,0.37,0.9863013698630136
6,RF,0.38,0.9863013698630136
6,RF,0.39,0.9863013698630136
6,RF,0.4,0.9863013698630136
6,RF,0.41000000000000003,0.9863013698630136
6,RF,0.42,0.9863013698630136
6,RF,0.43,0.9863013698630136
6,RF,0.44,0.9863013698630136
6,RF,0.45,0.9863013698630136
6,RF,0.46,0.9863013698630136
6,RF,0.47000000000000003,0.9863013698630136
6,RF,0.48,0.9863013698630136
6,RF,0.49,0.9863013698630136
6,RF,0.5,0.9863013698630136
6,RF,0.51,0.9863013698630136
6,RF,0.52,0.9863013698630136
6,RF,0.53,0.9863013698630136
6,RF,0.54,0.9863013698630136
6,RF,0.55,0.9863013698630136
6,RF,0.56,0.9863013698630136
6,RF,0.5700000000000001,0.9863013698630136
6,RF,0.58,0.9863013698630136
6,RF,0.59,0.9863013698630136
6,RF,0.6,0.9863013698630136
6,RF,0.61,0.9863013698630136
6,RF,0.62,0.9863013698630136
6,RF,0.63,0.9863013698630136
6,RF,0.64,0.9863013698630136
6,RF,0.65,0.9863013698630136
6,RF,0.66,0.9863013698630136
6,RF,0.67,0.9863013698630136
6,RF,0.68,0.9863013698630136
6,RF,0.6900000000000001,0.9863013698630136
6,RF,0.7000000000000001,0.9863013698630136
6,RF,0.71,0.9863013698630136
6,RF,0.72,0.9863013698630136
6,RF,0.73,0.9863013698630136
6,RF,0.74,0.9863013698630136
6,RF,0.75,0.9863013698630136
6,RF,0.76,0.9863013698630136
6,RF,0.77,0.9863013698630136
6,RF,0.78,0.9863013698630136
6,RF,0.79,0.9863013698630136
6,RF,0.8,0.9863013698630136
6,RF,0.81,0.9863013698630136
6,RF,0.8200000000000001,0.9863013698630136
6,RF,0.8300000000000001,0.9863013698630136
6,RF,0.84,0.9863013698630136
6,RF,0.85,0.9863013698630136
6,RF,0.86,0.9863013698630136
6,RF,0.87,0.9863013698630136
6,RF,0.88,0.9863013698630136
6,RF,0.89,1.0
6,RF,0.9,1.0
6,RF,0.91,1.0
6,RF,0.92,1.0
6,RF,0.93,1.0
6,RF,0.9400000000000001,1.0
6,RF,0.9500000000000001,1.0
6,RF,0.96,1.0
6,RF,0.97,1.0
6,RF,0.98,1.0
6,RF,0.99,1.0
6,RF,1.0,1.0
7,LR,0.0,0.7
7,LR,0.01,0.8
7,LR,0.02,0.85
7,LR,0.03,0.85
7,LR,0.04,0.8625
7,LR,0.05,0.8625
7,LR,0.06,0.9125
7,LR,0.07,0.925
7,LR,0.08,0.925
7,LR,0.09,0.9375
7,LR,0.1,0.9375
7,LR,0.11,0.9375
7,LR,0.12,0.9375
7,LR,0.13,0.9375
7,LR,0.14,0.9375
7,LR,0.15,0.95
7,LR,0.16,0.95
7,LR,0.17,0.9625
7,LR,0.18,0.9625
7,LR,0.19,0.9625
7,LR,0.2,0.9625
7,LR,0.21,0.9625
7,LR,0.22,0.9625
7,LR,0.23,0.9625
7,LR,0.24,0.9625
7,LR,0.25,0.9625
7,LR,0.26,0.9625
7,LR,0.27,0.9625
7,LR,0.28,0.9625
7,LR,0.29,0.9625
7,LR,0.3,0.9625
7,LR,0.31,0.9625
7,LR,0.32,0.9625
7,LR,0.33,0.9625
7,LR,0.34,0.975
7,LR,0.35000000000000003,0.975
7,LR,0.36,0.9875
7,LR,0.37,0.9875
7,LR,0.38,0.9875
7,LR,0.39,0.9875
7,LR,0.4,0.9875
7,LR,0.41000000000000003,0.9875
7,LR,0.42,0.9875
7,LR,0.43,0.9875
7,LR,0.44,0.9875
7,LR,0.45,0.9875
7,LR,0.46,0.9875
7,LR,0.47000000000000003,0.9875
7,LR,0.48,0.9875
7,LR,0.49,0.9875
7,LR,0.5,0.9875
7,LR,0.51,0.9875
7,LR,0.52,0.9875
7,LR,0.53,0.9875
7,LR,0.54,0.9875
7,LR,0.55,0.9875
7,LR,0.56,0.9875
7,LR,0.5700000000000001,0.9875
7,LR,0.58,0.9875
7,LR,0.59,0.9875
7,LR,0.6,0.9875
7,LR,0.61,0.9875
7,LR,0.62,0.9875
7,LR,0.63,0.9875
7,LR,0.64,0.9875
7,LR,0.65,0.9875
7,LR,0.66,0.9875
7,LR,0.67,0.9875
7,LR,0.68,0.9875
7,LR,0.6900000000000001,0.9875
7,LR,0.7000000000000001,0.9875
7,LR,0.71,0.9875
7,LR,0.72,1.0
7,LR,0.73,1.0
7,LR,0.74,1.0
7,LR,0.75,1.0
7,LR,0.76,1.0
7,LR,0.77,1.0
7,LR,0.78,1.0
7,LR,0.79,1.0
7,LR,0.8,1.0
7,LR,0.81,1.0
7,LR,0.8200000000000001,1.0
7,LR,0.8300000000000001,1.0
7,LR,0.84,1.0
7,LR,0.85,1.0
7,LR,0.86,1.0
7,LR,0.87,1.0
7,LR,0.88,1.0
7,LR,0.89,1.0
7,LR,0.9,1.0
7,LR,0.91,1.0
7,LR,0.92,1.0
7,LR,0.93,1.0
7,LR,0.9400000000000001,1.0
7,LR,0.9500000000000001,1.0
7,LR,0.96,1.0
7,LR,0.97,1.0
7,LR,0.98,1.0
7,LR,0.99,1.0
7,LR,1.0,1.0
7,GAM,0.0,0.6375
7,GAM,0.01,0.825
7,GAM,0.02,0.825
7,GAM,0.03,0.85
7,GAM,0.04,0.85
7,GAM,0.05,0.9
7,GAM,0.06,0.9125
7,GAM,0.07,0.925
7,GAM,0.08,0.9375
7,GAM,0.09,0.9375
7,GAM,0.1,0.9375
7,GAM,0.11,0.95
7,GAM,0.12,0.95
7,GAM,0.13,0.95
7,GAM,0.14,0.95
7,GAM,0.15,0.95
7,GAM,0.16,0.95
7,GAM,0.17,0.9625
7,GAM,0.18,0.9625
7,GAM,0.19,0.9625
7,GAM,0.2,0.9625
7,GAM,0.21,0.9625
7,GAM,0.22,0.9625
7,GAM,0.23,0.9625
7,GAM,0.24,0.9625
7,GAM,0.25,0.9625
7,GAM,0.26,0.9625
7,GAM,0.27,0.975
7,GAM,0.28,0.975
7,GAM,0.29,0.975
7,GAM,0.3,0.975
7,GAM,0.31,0.975
7,GAM,0.32,0.975
7,GAM,0.33,0.975
7,GAM,0.34,0.975
7,GAM,0.35000000000000003,0.975
7,GAM,0.36,0.975
7,GAM,0.37,0.975
7,GAM,0.38,0.975
7,GAM,0.39,0.9875
7,GAM,0.4,0.9875
7,GAM,0.41000000000000003,0.9875
7,GAM,0.42,0.9875
7,GAM,0.43,0.9875
7,GAM,0.44,0.9875
7,GAM,0.45,0.9875
7,GAM,0.46,0.9875
7,GAM,0.47000000000000003,0.9875
7,GAM,0.48,0.9875
7,GAM,0.49,0.9875
7,GAM,0.5,0.9875
7,GAM,0.51,0.9875
7,GAM,0.52,0.9875
7,GAM,0.53,0.9875
7,GAM,0.54,0.9875
7,GAM,0.55,0.9875
7,GAM,0.56,0.9875
7,GAM,0.5700000000000001,0.9875
7,GAM,0.58,0.9875
7,GAM,0.59,0.9875
7,GAM,0.6,0.9875
7,GAM,0.61,0.9875
7,GAM,0.62,0.9875
7,GAM,0.63,0.9875
7,GAM,0.64,0.9875
7,GAM,0.65,0.9875
7,GAM,0.66,1.0
7,GAM,0.67,1.0
7,GAM,0.68,1.0
7,GAM,0.6900000000000001,1.0
7,GAM,0.7000000000000001,1.0
7,GAM,0.71,1.0
7,GAM,0.72,1.0
7,GAM,0.73,1.0
7,GAM,0.74,1.0
7,GAM,0.75,1.0
7,GAM,0.76,1.0
7,GAM,0.77,1.0
7,GAM,0.78,1.0
7,GAM,0.79,1.0
7,GAM,0.8,1.0
7,GAM,0.81,1.0
7,GAM,0.8200000000000001,1.0
7,GAM,0.8300000000000001,1.0
7,GAM,0.84,1.0
7,GAM,0.85,1.0
7,GAM,0.86,1.0
7,GAM,0.87,1.0
7,GAM,0.88,1.0
7,GAM,0.89,1.0
7,GAM,0.9,1.0
7,GAM,0.91,1.0
7,GAM,0.92,1.0
7,GAM,0.93,1.0
7,GAM,0.9400000000000001,1.0
7,GAM,0.9500000000000001,1.0
7,GAM,0.96,1.0
7,GAM,0.97,1.0
7,GAM,0.98,1.0
7,GAM,0.99,1.0
7,GAM,1.0,1.0
7,RF,0.0,0.625
7,RF,0.01,0.65
7,RF,0.02,0.725
7,RF,0.03,0.875
7,RF,0.04,0.875
7,RF,0.05,0.875
7,RF,0.06,0.875
7,RF,0.07,0.875
7,RF,0.08,0.9
7,RF,0.09,0.9
7,RF,0.1,0.9125
7,RF,0.11,0.925
7,RF,0.12,0.925
7,RF,0.13,0.9375
7,RF,0.14,0.9375
7,RF,0.15,0.9375
7,RF,0.16,0.9625
7,RF,0.17,0.9625
7,RF,0.18,0.9625
7,RF,0.19,0.975
7,RF,0.2,0.975
7,RF,0.21,0.975
7,RF,0.22,0.975
7,RF,0.23,0.975
7,RF,0.24,0.975
7,RF,0.25,0.975
7,RF,0.26,0.9875
7,RF,0.27,0.9875
7,RF,0.28,0.9875
7,RF,0.29,0.9875
7,RF,0.3,0.9875
7,RF,0.31,0.9875
7,RF,0.32,0.9875
7,RF,0.33,0.9875
7,RF,0.34,0.9875
7,RF,0.35000000000000003,0.9875
7,RF,0.36,0.9875
7,RF,0.37,0.9875
7,RF,0.38,0.9875
7,RF,0.39,0.9875
7,RF,0.4,0.9875
7,RF,0.41000000000000003,0.9875
7,RF,0.42,0.9875
7,RF,0.43,0.9875
7,RF,0.44,0.9875
7,RF,0.45,0.9875
7,RF,0.46,0.9875
7,RF,0.47000000000000003,0.9875
7,RF,0.48,0.9875
7,RF,0.49,0.9875
7,RF,0.5,0.9875
7,RF,0.51,0.9875
7,RF,0.52,0.9875
7,RF,0.53,0.9875
7,RF,0.54,0.9875
7,RF,0.55,0.9875
7,RF,0.56,0.9875
7,RF,0.5700000000000001,0.9875
7,RF,0.58,0.9875
7,RF,0.59,0.9875
7,RF,0.6,0.9875
7,RF,0.61,0.9875
7,RF,0.62,0.9875
7,RF,0.63,0.9875
7,RF,0.64,0.9875
7,RF,0.65,0.9875
7,RF,0.66,0.9875
7,RF,0.67,0.9875
7,RF,0.68,0.9875
7,RF,0.6900000000000001,0.9875
7,RF,0.7000000000000001,0.9875
7,RF,0.71,0.9875
7,RF,0.72,0.9875
7,RF,0.73,0.9875
7,RF,0.74,0.9875
7,RF,0.75,0.9875
7,RF,0.76,0.9875
7,RF,0.77,0.9875
7,RF,0.78,0.9875
7,RF,0.79,0.9875
7,RF,0.8,0.9875
7,RF,0.81,0.9875
7,RF,0.8200000000000001,0.9875
7,RF,0.8300000000000001,0.9875
7,RF,0.84,0.9875
7,RF,0.85,0.9875
7,RF,0.86,0.9875
7,RF,0.87,0.9875
7,RF,0.88,0.9875
7,RF,0.89,0.9875
7,RF,0.9,1.0
7,RF,0.91,1.0
7,RF,0.92,1.0
7,RF,0.93,1.0
7,RF,0.9400000000000001,1.0
7,RF,0.9500000000000001,1.0
7,RF,0.96,1.0
7,RF,0.97,1.0
7,RF,0.98,1.0
7,RF,0.99,1.0
7,RF,1.0,1.0
8,LR,0.0,0.4126984126984127
8,LR,0.01,0.6031746031746031
8,LR,0.02,0.7301587301587301
8,LR,0.03,0.746031746031746
8,LR,0.04,0.8095238095238095
8,LR,0.05,0.8571428571428571
8,LR,0.06,0.873015873015873
8,LR,0.07,0.873015873015873
8,LR,0.08,0.8888888888888888
8,LR,0.09,0.9047619047619048
8,LR,0.1,0.9206349206349206
8,LR,0.11,0.9206349206349206
8,LR,0.12,0.9206349206349206
8,LR,0.13,0.9365079365079365
8,LR,0.14,0.9365079365079365
8,LR,0.15,0.9365079365079365
8,LR,0.16,0.9365079365079365
8,LR,0.17,0.9365079365079365
8,LR,0.18,0.9365079365079365
8,LR,0.19,0.9365079365079365
8,LR,0.2,0.9365079365079365
8,LR,0.21,0.9365079365079365
8,LR,0.22,0.9365079365079365
8,LR,0.23,0.9365079365079365
8,LR,0.24,0.9365079365079365
8,LR,0.25,0.9523809523809523
8,LR,0.26,0.9523809523809523
8,LR,0.27,0.9682539682539683
8,LR,0.28,0.9682539682539683
8,LR,0.29,0.9682539682539683
8,LR,0.3,0.9841269841269841
8,LR,0.31,0.9841269841269841
8,LR,0.32,0.9841269841269841
8,LR,0.33,0.9841269841269841
8,LR,0.34,0.9841269841269841
8,LR,0.35000000000000003,0.9841269841269841
8,LR,0.36,0.9841269841269841
8,LR,0.37,0.9841269841269841
8,LR,0.38,0.9841269841269841
8,LR,0.39,0.9841269841269841
8,LR,0.4,0.9841269841269841
8,LR,0.41000000000000003,0.9841269841269841
8,LR,0.42,0.9841269841269841
8,LR,0.43,0.9841269841269841
8,LR,0.44,0.9841269841269841
8,LR,0.45,0.9841269841269841
8,LR,0.46,0.9841269841269841
8,LR,0.47000000000000003,0.9841269841269841
8,LR,0.48,0.9841269841269841
8,LR,0.49,0.9841269841269841
8,LR,0.5,0.9841269841269841
8,LR,0.51,0.9841269841269841
8,LR,0.52,0.9841269841269841
8,LR,0.53,0.9841269841269841
8,LR,0.54,0.9841269841269841
8,LR,0.55,0.9841269841269841
8,LR,0.56,0.9841269841269841
8,LR,0.5700000000000001,0.9841269841269841
8,LR,0.58,0.9841269841269841
8,LR,0.59,0.9841269841269841
8,LR,0.6,0.9841269841269841
8,LR,0.61,0.9841269841269841
8,LR,0.62,0.9841269841269841
8,LR,0.63,1.0
8,LR,0.64,1.0
8,LR,0.65,1.0
8,LR,0.66,1.0
8,LR,0.67,1.0
8,LR,0.68,1.0
8,LR,0.6900000000000001,1.0
8,LR,0.7000000000000001,1.0
8,LR,0.71,1.0
8,LR,0.72,1.0
8,LR,0.73,1.0
8,LR,0.74,1.0
8,LR,0.75,1.0
8,LR,0.76,1.0
8,LR,0.77,1.0
8,LR,0.78,1.0
8,LR,0.79,1.0
8,LR,0.8,1.0
8,LR,0.81,1.0
8,LR,0.8200000000000001,1.0
8,LR,0.8300000000000001,1.0
8,LR,0.84,1.0
8,LR,0.85,1.0
8,LR,0.86,1.0
8,LR,0.87,1.0
8,LR,0.88,1.0
8,LR,0.89,1.0
8,LR,0.9,1.0
8,LR,0.91,1.0
8,LR,0.92,1.0
8,LR,0.93,1.0
8,LR,0.9400000000000001,1.0
8,LR,0.9500000000000001,1.0
8,LR,0.96,1.0
8,LR,0.97,1.0
8,LR,0.98,1.0
8,LR,0.99,1.0
8,LR,1.0,1.0
8,GAM,0.0,0.1746031746031746
8,GAM,0.01,0.4444444444444444
8,GAM,0.02,0.7142857142857143
8,GAM,0.03,0.746031746031746
8,GAM,0.04,0.8412698412698413
8,GAM,0.05,0.8412698412698413
8,GAM,0.06,0.873015873015873
8,GAM,0.07,0.873015873015873
8,GAM,0.08,0.8888888888888888
8,GAM,0.09,0.9365079365079365
8,GAM,0.1,0.9365079365079365
8,GAM,0.11,0.9365079365079365
8,GAM,0.12,0.9365079365079365
8,GAM,0.13,0.9365079365079365
8,GAM,0.14,0.9365079365079365
8,GAM,0.15,0.9365079365079365
8,GAM,0.16,0.9365079365079365
8,GAM,0.17,0.9365079365079365
8,GAM,0.18,0.9365079365079365
8,GAM,0.19,0.9365079365079365
8,GAM,0.2,0.9365079365079365
8,GAM,0.21,0.9365079365079365
8,GAM,0.22,0.9365079365079365
8,GAM,0.23,0.9523809523809523
8,GAM,0.24,0.9523809523809523
8,GAM,0.25,0.9523809523809523
8,GAM,0.26,0.9523809523809523
8,GAM,0.27,0.9841269841269841
8,GAM,0.28,0.9841269841269841
8,GAM,0.29,0.9841269841269841
8,GAM,0.3,0.9841269841269841
8,GAM,0.31,0.9841269841269841
8,GAM,0.32,0.9841269841269841
8,GAM,0.33,0.9841269841269841
8,GAM,0.34,0.9841269841269841
8,GAM,0.35000000000000003,0.9841269841269841
8,GAM,0.36,0.9841269841269841
8,GAM,0.37,0.9841269841269841
8,GAM,0.38,0.9841269841269841
8,GAM,0.39,0.9841269841269841
8,GAM,0.4,0.9841269841269841
8,GAM,0.41000000000000003,0.9841269841269841
8,GAM,0.42,0.9841269841269841
8,GAM,0.43,0.9841269841269841
8,GAM,0.44,0.9841269841269841
8,GAM,0.45,0.9841269841269841
8,GAM,0.46,0.9841269841269841
8,GAM,0.47000000000000003,0.9841269841269841
8,GAM,0.48,0.9841269841269841
8,GAM,0.49,0.9841269841269841
8,GAM,0.5,0.9841269841269841
8,GAM,0.51,0.9841269841269841
8,GAM,0.52,0.9841269841269841
8,GAM,0.53,0.9841269841269841
8,GAM,0.54,0.9841269841269841
8,GAM,0.55,0.9841269841269841
8,GAM,0.56,0.9841269841269841
8,GAM,0.5700000000000001,0.9841269841269841
8,GAM,0.58,0.9841269841269841
8,GAM,0.59,0.9841269841269841
8,GAM,0.6,0.9841269841269841
8,GAM,0.61,0.9841269841269841
8,GAM,0.62,0.9841269841269841
8,GAM,0.63,0.9841269841269841
8,GAM,0.64,0.9841269841269841
8,GAM,0.65,0.9841269841269841
8,GAM,0.66,0.9841269841269841
8,GAM,0.67,0.9841269841269841
8,GAM,0.68,1.0
8,GAM,0.6900000000000001,1.0
8,GAM,0.7000000000000001,1.0
8,GAM,0.71,1.0
8,GAM,0.72,1.0
8,GAM,0.73,1.0
8,GAM,0.74,1.0
8,GAM,0.75,1.0
8,GAM,0.76,1.0
8,GAM,0.77,1.0
8,GAM,0.78,1.0
8,GAM,0.79,1.0
8,GAM,0.8,1.0
8,GAM,0.81,1.0
8,GAM,0.8200000000000001,1.0
8,GAM,0.8300000000000001,1.0
8,GAM,0.84,1.0
8,GAM,0.85,1.0
8,GAM,0.86,1.0
8,GAM,0.87,1.0
8,GAM,0.88,1.0
8,GAM,0.89,1.0
8,GAM,0.9,1.0
8,GAM,0.91,1.0
8,GAM,0.92,1.0
8,GAM,0.93,1.0
8,GAM,0.9400000000000001,1.0
8,GAM,0.9500000000000001,1.0
8,GAM,0.96,1.0
8,GAM,0.97,1.0
8,GAM,0.98,1.0
8,GAM,0.99,1.0
8,GAM,1.0,1.0
8,RF,0.0,0.6190476190476191
8,RF,0.01,0.6349206349206349
8,RF,0.02,0.8412698412698413
8,RF,0.03,0.873015873015873
8,RF,0.04,0.873015873015873
8,RF,0.05,0.873015873015873
8,RF,0.06,0.873015873015873
8,RF,0.07,0.873015873015873
8,RF,0.08,0.873015873015873
8,RF,0.09,0.873015873015873
8,RF,0.1,0.873015873015873
8,RF,0.11,0.9047619047619048
8,RF,0.12,0.9047619047619048
8,RF,0.13,0.9047619047619048
8,RF,0.14,0.9047619047619048
8,RF,0.15,0.9047619047619048
8,RF,0.16,0.9365079365079365
8,RF,0.17,0.9365079365079365
8,RF,0.18,0.9523809523809523
8,RF,0.19,0.9523809523809523
8,RF,0.2,0.9682539682539683
8,RF,0.21,0.9682539682539683
8,RF,0.22,0.9682539682539683
8,RF,0.23,0.9682539682539683
8,RF,0.24,0.9682539682539683
8,RF,0.25,0.9682539682539683
8,RF,0.26,0.9682539682539683
8,RF,0.27,0.9682539682539683
8,RF,0.28,0.9682539682539683
8,RF,0.29,0.9682539682539683
8,RF,0.3,0.9682539682539683
8,RF,0.31,0.9682539682539683
8,RF,0.32,0.9682539682539683
8,RF,0.33,0.9682539682539683
8,RF,0.34,0.9682539682539683
8,RF,0.35000000000000003,0.9682539682539683
8,RF,0.36,0.9682539682539683
8,RF,0.37,0.9682539682539683
8,RF,0.38,0.9682539682539683
8,RF,0.39,0.9841269841269841
8,RF,0.4,0.9841269841269841
8,RF,0.41000000000000003,0.9841269841269841
8,RF,0.42,0.9841269841269841
8,RF,0.43,0.9841269841269841
8,RF,0.44,0.9841269841269841
8,RF,0.45,0.9841269841269841
8,RF,0.46,0.9841269841269841
8,RF,0.47000000000000003,0.9841269841269841
8,RF,0.48,0.9841269841269841
8,RF,0.49,0.9841269841269841
8,RF,0.5,0.9841269841269841
8,RF,0.51,0.9841269841269841
8,RF,0.52,0.9841269841269841
8,RF,0.53,0.9841269841269841
8,RF,0.54,0.9841269841269841
8,RF,0.55,0.9841269841269841
8,RF,0.56,0.9841269841269841
8,RF,0.5700000000000001,0.9841269841269841
8,RF,0.58,0.9841269841269841
8,RF,0.59,0.9841269841269841
8,RF,0.6,0.9841269841269841
8,RF,0.61,0.9841269841269841
8,RF,0.62,0.9841269841269841
8,RF,0.63,0.9841269841269841
8,RF,0.64,0.9841269841269841
8,RF,0.65,0.9841269841269841
8,RF,0.66,0.9841269841269841
8,RF,0.67,0.9841269841269841
8,RF,0.68,0.9841269841269841
8,RF,0.6900000000000001,0.9841269841269841
8,RF,0.7000000000000001,0.9841269841269841
8,RF,0.71,0.9841269841269841
8,RF,0.72,0.9841269841269841
8,RF,0.73,0.9841269841269841
8,RF,0.74,0.9841269841269841
8,RF,0.75,0.9841269841269841
8,RF,0.76,0.9841269841269841
8,RF,0.77,0.9841269841269841
8,RF,0.78,0.9841269841269841
8,RF,0.79,0.9841269841269841
8,RF,0.8,0.9841269841269841
8,RF,0.81,0.9841269841269841
8,RF,0.8200000000000001,0.9841269841269841
8,RF,0.8300000000000001,0.9841269841269841
8,RF,0.84,0.9841269841269841
8,RF,0.85,0.9841269841269841
8,RF,0.86,0.9841269841269841
8,RF,0.87,0.9841269841269841
8,RF,0.88,0.9841269841269841
8,RF,0.89,0.9841269841269841
8,RF,0.9,0.9841269841269841
8,RF,0.91,0.9841269841269841
8,RF,0.92,0.9841269841269841
8,RF,0.93,0.9841269841269841
8,RF,0.9400000000000001,0.9841269841269841
8,RF,0.9500000000000001,0.9841269841269841
8,RF,0.96,0.9841269841269841
8,RF,0.97,1.0
8,RF,0.98,1.0
8,RF,0.99,1.0
8,RF,1.0,1.0
9,LR,0.0,0.26506024096385544
9,LR,0.01,0.27710843373493976
9,LR,0.02,0.4578313253012048
9,LR,0.03,0.5903614457831325
9,LR,0.04,0.6385542168674698
9,LR,0.05,0.7710843373493976
9,LR,0.06,0.8192771084337349
9,LR,0.07,0.8554216867469879
9,LR,0.08,0.8554216867469879
9,LR,0.09,0.8795180722891566
9,LR,0.1,0.8795180722891566
9,LR,0.11,0.891566265060241
9,LR,0.12,0.9036144578313253
9,LR,0.13,0.9036144578313253
9,LR,0.14,0.9036144578313253
9,LR,0.15,0.9036144578313253
9,LR,0.16,0.9036144578313253
9,LR,0.17,0.9036144578313253
9,LR,0.18,0.9156626506024096
9,LR,0.19,0.9156626506024096
9,LR,0.2,0.9156626506024096
9,LR,0.21,0.9156626506024096
9,LR,0.22,0.9156626506024096
9,LR,0.23,0.9156626506024096
9,LR,0.24,0.9156626506024096
9,LR,0.25,0.9156626506024096
9,LR,0.26,0.9156626506024096
9,LR,0.27,0.9156626506024096
9,LR,0.28,0.9156626506024096
9,LR,0.29,0.927710843373494
9,LR,0.3,0.927710843373494
9,LR,0.31,0.927710843373494
9,LR,0.32,0.9397590361445783
9,LR,0.33,0.9397590361445783
9,LR,0.34,0.9397590361445783
9,LR,0.35000000000000003,0.9518072289156626
9,LR,0.36,0.9518072289156626
9,LR,0.37,0.963855421686747
9,LR,0.38,0.963855421686747
9,LR,0.39,0.963855421686747
9,LR,0.4,0.963855421686747
9,LR,0.41000000000000003,0.9759036144578314
9,LR,0.42,0.9759036144578314
9,LR,0.43,0.9759036144578314
9,LR,0.44,0.9759036144578314
9,LR,0.45,0.9759036144578314
9,LR,0.46,0.9759036144578314
9,LR,0.47000000000000003,0.9759036144578314
9,LR,0.48,0.9759036144578314
9,LR,0.49,0.9759036144578314
9,LR,0.5,0.9759036144578314
9,LR,0.51,0.9759036144578314
9,LR,0.52,0.9759036144578314
9,LR,0.53,0.9759036144578314
9,LR,0.54,0.9759036144578314
9,LR,0.55,0.9759036144578314
9,LR,0.56,0.9759036144578314
9,LR,0.5700000000000001,0.9759036144578314
9,LR,0.58,0.9759036144578314
9,LR,0.59,0.9759036144578314
9,LR,0.6,0.9759036144578314
9,LR,0.61,0.9759036144578314
9,LR,0.62,0.9759036144578314
9,LR,0.63,0.9759036144578314
9,LR,0.64,0.9759036144578314
9,LR,0.65,0.9759036144578314
9,LR,0.66,0.9759036144578314
9,LR,0.67,0.9759036144578314
9,LR,0.68,0.9879518072289156
9,LR,0.6900000000000001,0.9879518072289156
9,LR,0.7000000000000001,0.9879518072289156
9,LR,0.71,0.9879518072289156
9,LR,0.72,0.9879518072289156
9,LR,0.73,0.9879518072289156
9,LR,0.74,0.9879518072289156
9,LR,0.75,0.9879518072289156
9,LR,0.76,0.9879518072289156
9,LR,0.77,0.9879518072289156
9,LR,0.78,0.9879518072289156
9,LR,0.79,0.9879518072289156
9,LR,0.8,0.9879518072289156
9,LR,0.81,0.9879518072289156
9,LR,0.8200000000000001,0.9879518072289156
9,LR,0.8300000000000001,0.9879518072289156
9,LR,0.84,0.9879518072289156
9,LR,0.85,0.9879518072289156
9,LR,0.86,0.9879518072289156
9,LR,0.87,0.9879518072289156
9,LR,0.88,0.9879518072289156
9,LR,0.89,0.9879518072289156
9,LR,0.9,0.9879518072289156
9,LR,0.91,0.9879518072289156
9,LR,0.92,0.9879518072289156
9,LR,0.93,0.9879518072289156
9,LR,0.9400000000000001,0.9879518072289156
9,LR,0.9500000000000001,0.9879518072289156
9,LR,0.96,0.9879518072289156
9,LR,0.97,0.9879518072289156
9,LR,0.98,1.0
9,LR,0.99,1.0
9,LR,1.0,1.0
9,GAM,0.0,0.25301204819277107
9,GAM,0.01,0.3253012048192771
9,GAM,0.02,0.5060240963855421
9,GAM,0.03,0.7228915662650602
9,GAM,0.04,0.7349397590361446
9,GAM,0.05,0.7469879518072289
9,GAM,0.06,0.8313253012048193
9,GAM,0.07,0.8433734939759037
9,GAM,0.08,0.8433734939759037
9,GAM,0.09,0.8674698795180723
9,GAM,0.1,0.8674698795180723
9,GAM,0.11,0.891566265060241
9,GAM,0.12,0.891566265060241
9,GAM,0.13,0.9036144578313253
9,GAM,0.14,0.9036144578313253
9,GAM,0.15,0.9156626506024096
9,GAM,0.16,0.9156626506024096
9,GAM,0.17,0.9156626506024096
9,GAM,0.18,0.9156626506024096
9,GAM,0.19,0.9156626506024096
9,GAM,0.2,0.9156626506024096
9,GAM,0.21,0.9156626506024096
9,GAM,0.22,0.927710843373494
9,GAM,0.23,0.927710843373494
9,GAM,0.24,0.927710843373494
9,GAM,0.25,0.9397590361445783
9,GAM,0.26,0.9397590361445783
9,GAM,0.27,0.9518072289156626
9,GAM,0.28,0.9518072289156626
9,GAM,0.29,0.9518072289156626
9,GAM,0.3,0.9518072289156626
9,GAM,0.31,0.9518072289156626
9,GAM,0.32,0.9518072289156626
9,GAM,0.33,0.9518072289156626
9,GAM,0.34,0.9518072289156626
9,GAM,0.35000000000000003,0.9518072289156626
9,GAM,0.36,0.963855421686747
9,GAM,0.37,0.9759036144578314
9,GAM,0.38,0.9759036144578314
9,GAM,0.39,0.9759036144578314
9,GAM,0.4,0.9759036144578314
9,GAM,0.41000000000000003,0.9759036144578314
9,GAM,0.42,0.9759036144578314
9,GAM,0.43,0.9759036144578314
9,GAM,0.44,0.9759036144578314
9,GAM,0.45,0.9759036144578314
9,GAM,0.46,0.9759036144578314
9,GAM,0.47000000000000003,0.9759036144578314
9,GAM,0.48,0.9759036144578314
9,GAM,0.49,0.9759036144578314
9,GAM,0.5,0.9759036144578314
9,GAM,0.51,0.9759036144578314
9,GAM,0.52,0.9759036144578314
9,GAM,0.53,0.9759036144578314
9,GAM,0.54,0.9759036144578314
9,GAM,0.55,0.9759036144578314
9,GAM,0.56,0.9759036144578314
9,GAM,0.5700000000000001,0.9759036144578314
9,GAM,0.58,0.9759036144578314
9,GAM,0.59,0.9759036144578314
9,GAM,0.6,0.9759036144578314
9,GAM,0.61,0.9759036144578314
9,GAM,0.62,0.9759036144578314
9,GAM,0.63,0.9759036144578314
9,GAM,0.64,0.9759036144578314
9,GAM,0.65,0.9759036144578314
9,GAM,0.66,0.9759036144578314
9,GAM,0.67,0.9759036144578314
9,GAM,0.68,0.9759036144578314
9,GAM,0.6900000000000001,0.9759036144578314
9,GAM,0.7000000000000001,0.9759036144578314
9,GAM,0.71,0.9759036144578314
9,GAM,0.72,0.9879518072289156
9,GAM,0.73,0.9879518072289156
9,GAM,0.74,0.9879518072289156
9,GAM,0.75,0.9879518072289156
9,GAM,0.76,0.9879518072289156
9,GAM,0.77,0.9879518072289156
9,GAM,0.78,0.9879518072289156
9,GAM,0.79,0.9879518072289156
9,GAM,0.8,0.9879518072289156
9,GAM,0.81,0.9879518072289156
9,GAM,0.8200000000000001,0.9879518072289156
9,GAM,0.8300000000000001,0.9879518072289156
9,GAM,0.84,0.9879518072289156
9,GAM,0.85,0.9879518072289156
9,GAM,0.86,0.9879518072289156
9,GAM,0.87,0.9879518072289156
9,GAM,0.88,0.9879518072289156
9,GAM,0.89,0.9879518072289156
9,GAM,0.9,0.9879518072289156
9,GAM,0.91,0.9879518072289156
9,GAM,0.92,0.9879518072289156
9,GAM,0.93,0.9879518072289156
9,GAM,0.9400000000000001,0.9879518072289156
9,GAM,0.9500000000000001,1.0
9,GAM,0.96,1.0
9,GAM,0.97,1.0
9,GAM,0.98,1.0
9,GAM,0.99,1.0
9,GAM,1.0,1.0
9,RF,0.0,0.21686746987951808
9,RF,0.01,0.27710843373493976
9,RF,0.02,0.42168674698795183
9,RF,0.03,0.7951807228915663
9,RF,0.04,0.7951807228915663
9,RF,0.05,0.7951807228915663
9,RF,0.06,0.8192771084337349
9,RF,0.07,0.8554216867469879
9,RF,0.08,0.8795180722891566
9,RF,0.09,0.8795180722891566
9,RF,0.1,0.891566265060241
9,RF,0.11,0.927710843373494
9,RF,0.12,0.927710843373494
9,RF,0.13,0.9397590361445783
9,RF,0.14,0.963855421686747
9,RF,0.15,0.9759036144578314
9,RF,0.16,0.9759036144578314
9,RF,0.17,0.9759036144578314
9,RF,0.18,0.9759036144578314
9,RF,0.19,0.9759036144578314
9,RF,0.2,0.9759036144578314
9,RF,0.21,0.9759036144578314
9,RF,0.22,0.9759036144578314
9,RF,0.23,0.9759036144578314
9,RF,0.24,0.9759036144578314
9,RF,0.25,0.9759036144578314
9,RF,0.26,0.9759036144578314
9,RF,0.27,0.9759036144578314
9,RF,0.28,0.9759036144578314
9,RF,0.29,0.9759036144578314
9,RF,0.3,0.9759036144578314
9,RF,0.31,0.9759036144578314
9,RF,0.32,0.9759036144578314
9,RF,0.33,0.9759036144578314
9,RF,0.34,0.9759036144578314
9,RF,0.35000000000000003,0.9759036144578314
9,RF,0.36,0.9879518072289156
9,RF,0.37,0.9879518072289156
9,RF,0.38,0.9879518072289156
9,RF,0.39,0.9879518072289156
9,RF,0.4,0.9879518072289156
9,RF,0.41000000000000003,0.9879518072289156
9,RF,0.42,0.9879518072289156
9,RF,0.43,0.9879518072289156
9,RF,0.44,0.9879518072289156
9,RF,0.45,0.9879518072289156
9,RF,0.46,0.9879518072289156
9,RF,0.47000000000000003,0.9879518072289156
9,RF,0.48,0.9879518072289156
9,RF,0.49,0.9879518072289156
9,RF,0.5,0.9879518072289156
9,RF,0.51,0.9879518072289156
9,RF,0.52,0.9879518072289156
9,RF,0.53,0.9879518072289156
9,RF,0.54,0.9879518072289156
9,RF,0.55,0.9879518072289156
9,RF,0.56,0.9879518072289156
9,RF,0.5700000000000001,0.9879518072289156
9,RF,0.58,0.9879518072289156
9,RF,0.59,0.9879518072289156
9,RF,0.6,0.9879518072289156
9,RF,0.61,0.9879518072289156
9,RF,0.62,0.9879518072289156
9,RF,0.63,0.9879518072289156
9,RF,0.64,0.9879518072289156
9,RF,0.65,0.9879518072289156
9,RF,0.66,0.9879518072289156
9,RF,0.67,0.9879518072289156
9,RF,0.68,0.9879518072289156
9,RF,0.6900000000000001,0.9879518072289156
9,RF,0.7000000000000001,0.9879518072289156
9,RF,0.71,0.9879518072289156
9,RF,0.72,0.9879518072289156
9,RF,0.73,0.9879518072289156
9,RF,0.74,0.9879518072289156
9,RF,0.75,0.9879518072289156
9,RF,0.76,0.9879518072289156
9,RF,0.77,0.9879518072289156
9,RF,0.78,0.9879518072289156
9,RF,0.79,0.9879518072289156
9,RF,0.8,0.9879518072289156
9,RF,0.81,0.9879518072289156
9,RF,0.8200000000000001,0.9879518072289156
9,RF,0.8300000000000001,0.9879518072289156
9,RF,0.84,0.9879518072289156
9,RF,0.85,0.9879518072289156
9,RF,0.86,0.9879518072289156
9,RF,0.87,0.9879518072289156
9,RF,0.88,0.9879518072289156
9,RF,0.89,0.9879518072289156
9,RF,0.9,0.9879518072289156
9,RF,0.91,0.9879518072289156
9,RF,0.92,0.9879518072289156
9,RF,0.93,0.9879518072289156
9,RF,0.9400000000000001,0.9879518072289156
9,RF,0.9500000000000001,0.9879518072289156
9,RF,0.96,0.9879518072289156
9,RF,0.97,0.9879518072289156
9,RF,0.98,1.0
9,RF,0.99,1.0
9,RF,1.0,1.0
10,LR,0.0,0.7027027027027027
10,LR,0.01,0.7162162162162162
10,LR,0.02,0.7297297297297297
10,LR,0.03,0.8243243243243243
10,LR,0.04,0.8243243243243243
10,LR,0.05,0.8243243243243243
10,LR,0.06,0.8513513513513513
10,LR,0.07,0.8513513513513513
10,LR,0.08,0.8648648648648649
10,LR,0.09,0.8783783783783784
10,LR,0.1,0.8918918918918919
10,LR,0.11,0.9054054054054054
10,LR,0.12,0.9054054054054054
10,LR,0.13,0.9054054054054054
10,LR,0.14,0.9054054054054054
10,LR,0.15,0.9054054054054054
10,LR,0.16,0.918918918918919
10,LR,0.17,0.918918918918919
10,LR,0.18,0.918918918918919
10,LR,0.19,0.918918918918919
10,LR,0.2,0.918918918918919
10,LR,0.21,0.918918918918919
10,LR,0.22,0.918918918918919
10,LR,0.23,0.918918918918919
10,LR,0.24,0.918918918918919
10,LR,0.25,0.9324324324324325
10,LR,0.26,0.9324324324324325
10,LR,0.27,0.9459459459459459
10,LR,0.28,0.9459459459459459
10,LR,0.29,0.9459459459459459
10,LR,0.3,0.9459459459459459
10,LR,0.31,0.9459459459459459
10,LR,0.32,0.9459459459459459
10,LR,0.33,0.9459459459459459
10,LR,0.34,0.9459459459459459
10,LR,0.35000000000000003,0.9459459459459459
10,LR,0.36,0.9459459459459459
10,LR,0.37,0.9459459459459459
10,LR,0.38,0.9459459459459459
10,LR,0.39,0.9594594594594594
10,LR,0.4,0.9594594594594594
10,LR,0.41000000000000003,0.9594594594594594
10,LR,0.42,0.9594594594594594
10,LR,0.43,0.972972972972973
10,LR,0.44,0.972972972972973
10,LR,0.45,0.972972972972973
10,LR,0.46,0.972972972972973
10,LR,0.47000000000000003,0.9864864864864865
10,LR,0.48,0.9864864864864865
10,LR,0.49,0.9864864864864865
10,LR,0.5,0.9864864864864865
10,LR,0.51,0.9864864864864865
10,LR,0.52,0.9864864864864865
10,LR,0.53,0.9864864864864865
10,LR,0.54,0.9864864864864865
10,LR,0.55,0.9864864864864865
10,LR,0.56,0.9864864864864865
10,LR,0.5700000000000001,0.9864864864864865
10,LR,0.58,0.9864864864864865
10,LR,0.59,0.9864864864864865
10,LR,0.6,0.9864864864864865
10,LR,0.61,0.9864864864864865
10,LR,0.62,0.9864864864864865
10,LR,0.63,0.9864864864864865
10,LR,0.64,0.9864864864864865
10,LR,0.65,0.9864864864864865
10,LR,0.66,0.9864864864864865
10,LR,0.67,0.9864864864864865
10,LR,0.68,0.9864864864864865
10,LR,0.6900000000000001,1.0
10,LR,0.7000000000000001,1.0
10,LR,0.71,1.0
10,LR,0.72,1.0
10,LR,0.73,1.0
10,LR,0.74,1.0
10,LR,0.75,1.0
10,LR,0.76,1.0
10,LR,0.77,1.0
10,LR,0.78,1.0
10,LR,0.79,1.0
10,LR,0.8,1.0
10,LR,0.81,1.0
10,LR,0.8200000000000001,1.0
10,LR,0.8300000000000001,1.0
10,LR,0.84,1.0
10,LR,0.85,1.0
10,LR,0.86,1.0
10,LR,0.87,1.0
10,LR,0.88,1.0
10,LR,0.89,1.0
10,LR,0.9,1.0
10,LR,0.91,1.0
10,LR,0.92,1.0
10,LR,0.93,1.0
10,LR,0.9400000000000001,1.0
10,LR,0.9500000000000001,1.0
10,LR,0.96,1.0
10,LR,0.97,1.0
10,LR,0.98,1.0
10,LR,0.99,1.0
10,LR,1.0,1.0
10,GAM,0.0,0.6351351351351351
10,GAM,0.01,0.7567567567567568
10,GAM,0.02,0.7702702702702703
10,GAM,0.03,0.8378378378378378
10,GAM,0.04,0.8513513513513513
10,GAM,0.05,0.8648648648648649
10,GAM,0.06,0.8648648648648649
10,GAM,0.07,0.8918918918918919
10,GAM,0.08,0.8918918918918919
10,GAM,0.09,0.8918918918918919
10,GAM,0.1,0.8918918918918919
10,GAM,0.11,0.9054054054054054
10,GAM,0.12,0.9054054054054054
10,GAM,0.13,0.9054054054054054
10,GAM,0.14,0.918918918918919
10,GAM,0.15,0.918918918918919
10,GAM,0.16,0.918918918918919
10,GAM,0.17,0.918918918918919
10,GAM,0.18,0.918918918918919
10,GAM,0.19,0.9324324324324325
10,GAM,0.2,0.9324324324324325
10,GAM,0.21,0.9459459459459459
10,GAM,0.22,0.9459459459459459
10,GAM,0.23,0.9459459459459459
10,GAM,0.24,0.9459459459459459
10,GAM,0.25,0.9459459459459459
10,GAM,0.26,0.9459459459459459
10,GAM,0.27,0.9594594594594594
10,GAM,0.28,0.9594594594594594
10,GAM,0.29,0.9594594594594594
10,GAM,0.3,0.9594594594594594
10,GAM,0.31,0.9594594594594594
10,GAM,0.32,0.9594594594594594
10,GAM,0.33,0.9594594594594594
10,GAM,0.34,0.9594594594594594
10,GAM,0.35000000000000003,0.9594594594594594
10,GAM,0.36,0.9594594594594594
10,GAM,0.37,0.972972972972973
10,GAM,0.38,0.972972972972973
10,GAM,0.39,0.972972972972973
10,GAM,0.4,0.972972972972973
10,GAM,0.41000000000000003,0.972972972972973
10,GAM,0.42,0.972972972972973
10,GAM,0.43,0.972972972972973
10,GAM,0.44,0.972972972972973
10,GAM,0.45,0.9864864864864865
10,GAM,0.46,0.9864864864864865
10,GAM,0.47000000000000003,0.9864864864864865
10,GAM,0.48,0.9864864864864865
10,GAM,0.49,0.9864864864864865
10,GAM,0.5,0.9864864864864865
10,GAM,0.51,0.9864864864864865
10,GAM,0.52,0.9864864864864865
10,GAM,0.53,0.9864864864864865
10,GAM,0.54,0.9864864864864865
10,GAM,0.55,0.9864864864864865
10,GAM,0.56,0.9864864864864865
10,GAM,0.5700000000000001,0.9864864864864865
10,GAM,0.58,0.9864864864864865
10,GAM,0.59,0.9864864864864865
10,GAM,0.6,0.9864864864864865
10,GAM,0.61,0.9864864864864865
10,GAM,0.62,1.0
10,GAM,0.63,1.0
10,GAM,0.64,1.0
10,GAM,0.65,1.0
10,GAM,0.66,1.0
10,GAM,0.67,1.0
10,GAM,0.68,1.0
10,GAM,0.6900000000000001,1.0
10,GAM,0.7000000000000001,1.0
10,GAM,0.71,1.0
10,GAM,0.72,1.0
10,GAM,0.73,1.0
10,GAM,0.74,1.0
10,GAM,0.75,1.0
10,GAM,0.76,1.0
10,GAM,0.77,1.0
10,GAM,0.78,1.0
10,GAM,0.79,1.0
10,GAM,0.8,1.0
10,GAM,0.81,1.0
10,GAM,0.8200000000000001,1.0
10,GAM,0.8300000000000001,1.0
10,GAM,0.84,1.0
10,GAM,0.85,1.0
10,GAM,0.86,1.0
10,GAM,0.87,1.0
10,GAM,0.88,1.0
10,GAM,0.89,1.0
10,GAM,0.9,1.0
10,GAM,0.91,1.0
10,GAM,0.92,1.0
10,GAM,0.93,1.0
10,GAM,0.9400000000000001,1.0
10,GAM,0.9500000000000001,1.0
10,GAM,0.96,1.0
10,GAM,0.97,1.0
10,GAM,0.98,1.0
10,GAM,0.99,1.0
10,GAM,1.0,1.0
10,RF,0.0,0.47297297297297297
10,RF,0.01,0.6351351351351351
10,RF,0.02,0.7297297297297297
10,RF,0.03,0.7972972972972973
10,RF,0.04,0.7972972972972973
10,RF,0.05,0.8243243243243243
10,RF,0.06,0.8243243243243243
10,RF,0.07,0.8243243243243243
10,RF,0.08,0.8243243243243243
10,RF,0.09,0.8378378378378378
10,RF,0.1,0.8513513513513513
10,RF,0.11,0.8513513513513513
10,RF,0.12,0.918918918918919
10,RF,0.13,0.918918918918919
10,RF,0.14,0.9324324324324325
10,RF,0.15,0.9324324324324325
10,RF,0.16,0.9459459459459459
10,RF,0.17,0.9594594594594594
10,RF,0.18,0.9594594594594594
10,RF,0.19,0.972972972972973
10,RF,0.2,0.972972972972973
10,RF,0.21,0.972972972972973
10,RF,0.22,0.972972972972973
10,RF,0.23,0.972972972972973
10,RF,0.24,0.972972972972973
10,RF,0.25,0.972972972972973
10,RF,0.26,0.972972972972973
10,RF,0.27,0.972972972972973
10,RF,0.28,0.972972972972973
10,RF,0.29,0.9864864864864865
10,RF,0.3,0.9864864864864865
10,RF,0.31,0.9864864864864865
10,RF,0.32,0.9864864864864865
10,RF,0.33,0.9864864864864865
10,RF,0.34,0.9864864864864865
10,RF,0.35000000000000003,0.9864864864864865
10,RF,0.36,0.9864864864864865
10,RF,0.37,0.9864864864864865
10,RF,0.38,0.9864864864864865
10,RF,0.39,0.9864864864864865
10,RF,0.4,0.9864864864864865
10,RF,0.41000000000000003,0.9864864864864865
10,RF,0.42,0.9864864864864865
10,RF,0.43,0.9864864864864865
10,RF,0.44,0.9864864864864865
10,RF,0.45,0.9864864864864865
10,RF,0.46,0.9864864864864865
10,RF,0.47000000000000003,0.9864864864864865
10,RF,0.48,0.9864864864864865
10,RF,0.49,0.9864864864864865
10,RF,0.5,0.9864864864864865
10,RF,0.51,0.9864864864864865
10,RF,0.52,0.9864864864864865
10,RF,0.53,0.9864864864864865
10,RF,0.54,0.9864864864864865
10,RF,0.55,0.9864864864864865
10,RF,0.56,0.9864864864864865
10,RF,0.5700000000000001,0.9864864864864865
10,RF,0.58,0.9864864864864865
10,RF,0.59,0.9864864864864865
10,RF,0.6,0.9864864864864865
10,RF,0.61,0.9864864864864865
10,RF,0.62,0.9864864864864865
10,RF,0.63,0.9864864864864865
10,RF,0.64,0.9864864864864865
10,RF,0.65,0.9864864864864865
10,RF,0.66,0.9864864864864865
10,RF,0.67,0.9864864864864865
10,RF,0.68,0.9864864864864865
10,RF,0.6900000000000001,0.9864864864864865
10,RF,0.7000000000000001,0.9864864864864865
10,RF,0.71,0.9864864864864865
10,RF,0.72,0.9864864864864865
10,RF,0.73,1.0
10,RF,0.74,1.0
10,RF,0.75,1.0
10,RF,0.76,1.0
10,RF,0.77,1.0
10,RF,0.78,1.0
10,RF,0.79,1.0
10,RF,0.8,1.0
10,RF,0.81,1.0
10,RF,0.8200000000000001,1.0
10,RF,0.8300000000000001,1.0
10,RF,0.84,1.0
10,RF,0.85,1.0
10,RF,0.86,1.0
10,RF,0.87,1.0
10,RF,0.88,1.0
10,RF,0.89,1.0
10,RF,0.9,1.0
10,RF,0.91,1.0
10,RF,0.92,1.0
10,RF,0.93,1.0
10,RF,0.9400000000000001,1.0
10,RF,0.9500000000000001,1.0
10,RF,0.96,1.0
10,RF,0.97,1.0
10,RF,0.98,1.0
10,RF,0.99,1.0
10,RF,1.0,1.0
11,LR,0.0,0.16
11,LR,0.01,0.18666666666666668
11,LR,0.02,0.3466666666666667
11,LR,0.03,0.6666666666666666
11,LR,0.04,0.6933333333333334
11,LR,0.05,0.8
11,LR,0.06,0.8133333333333334
11,LR,0.07,0.8533333333333334
11,LR,0.08,0.88
11,LR,0.09,0.88
11,LR,0.1,0.8933333333333333
11,LR,0.11,0.9333333333333333
11,LR,0.12,0.9333333333333333
11,LR,0.13,0.9333333333333333
11,LR,0.14,0.9333333333333333
11,LR,0.15,0.9333333333333333
11,LR,0.16,0.9333333333333333
11,LR,0.17,0.9333333333333333
11,LR,0.18,0.9466666666666667
11,LR,0.19,0.9466666666666667
11,LR,0.2,0.9466666666666667
11,LR,0.21,0.9466666666666667
11,LR,0.22,0.9466666666666667
11,LR,0.23,0.9733333333333334
11,LR,0.24,0.9733333333333334
11,LR,0.25,0.9733333333333334
11,LR,0.26,0.9733333333333334
11,LR,0.27,0.9733333333333334
11,LR,0.28,0.9733333333333334
11,LR,0.29,0.9866666666666667
11,LR,0.3,1.0
11,LR,0.31,1.0
11,LR,0.32,1.0
11,LR,0.33,1.0
11,LR,0.34,1.0
11,LR,0.35000000000000003,1.0
11,LR,0.36,1.0
11,LR,0.37,1.0
11,LR,0.38,1.0
11,LR,0.39,1.0
11,LR,0.4,1.0
11,LR,0.41000000000000003,1.0
11,LR,0.42,1.0
11,LR,0.43,1.0
11,LR,0.44,1.0
11,LR,0.45,1.0
11,LR,0.46,1.0
11,LR,0.47000000000000003,1.0
11,LR,0.48,1.0
11,LR,0.49,1.0
11,LR,0.5,1.0
11,LR,0.51,1.0
11,LR,0.52,1.0
11,LR,0.53,1.0
11,LR,0.54,1.0
11,LR,0.55,1.0
11,LR,0.56,1.0
11,LR,0.5700000000000001,1.0
11,LR,0.58,1.0
11,LR,0.59,1.0
11,LR,0.6,1.0
11,LR,0.61,1.0
11,LR,0.62,1.0
11,LR,0.63,1.0
11,LR,0.64,1.0
11,LR,0.65,1.0
11,LR,0.66,1.0
11,LR,0.67,1.0
11,LR,0.68,1.0
11,LR,0.6900000000000001,1.0
11,LR,0.7000000000000001,1.0
11,LR,0.71,1.0
11,LR,0.72,1.0
11,LR,0.73,1.0
11,LR,0.74,1.0
11,LR,0.75,1.0
11,LR,0.76,1.0
11,LR,0.77,1.0
11,LR,0.78,1.0
11,LR,0.79,1.0
11,LR,0.8,1.0
11,LR,0.81,1.0
11,LR,0.8200000000000001,1.0
11,LR,0.8300000000000001,1.0
11,LR,0.84,1.0
11,LR,0.85,1.0
11,LR,0.86,1.0
11,LR,0.87,1.0
11,LR,0.88,1.0
11,LR,0.89,1.0
11,LR,0.9,1.0
11,LR,0.91,1.0
11,LR,0.92,1.0
11,LR,0.93,1.0
11,LR,0.9400000000000001,1.0
11,LR,0.9500000000000001,1.0
11,LR,0.96,1.0
11,LR,0.97,1.0
11,LR,0.98,1.0
11,LR,0.99,1.0
11,LR,1.0,1.0
11,GAM,0.0,0.16
11,GAM,0.01,0.22666666666666666
11,GAM,0.02,0.30666666666666664
11,GAM,0.03,0.68
11,GAM,0.04,0.6933333333333334
11,GAM,0.05,0.76
11,GAM,0.06,0.8
11,GAM,0.07,0.8533333333333334
11,GAM,0.08,0.8933333333333333
11,GAM,0.09,0.8933333333333333
11,GAM,0.1,0.9066666666666666
11,GAM,0.11,0.9066666666666666
11,GAM,0.12,0.92
11,GAM,0.13,0.9333333333333333
11,GAM,0.14,0.9333333333333333
11,GAM,0.15,0.96
11,GAM,0.16,0.96
11,GAM,0.17,0.96
11,GAM,0.18,0.96
11,GAM,0.19,0.96
11,GAM,0.2,0.9733333333333334
11,GAM,0.21,0.9733333333333334
11,GAM,0.22,0.9733333333333334
11,GAM,0.23,0.9866666666666667
11,GAM,0.24,0.9866666666666667
11,GAM,0.25,0.9866666666666667
11,GAM,0.26,0.9866666666666667
11,GAM,0.27,0.9866666666666667
11,GAM,0.28,0.9866666666666667
11,GAM,0.29,1.0
11,GAM,0.3,1.0
11,GAM,0.31,1.0
11,GAM,0.32,1.0
11,GAM,0.33,1.0
11,GAM,0.34,1.0
11,GAM,0.35000000000000003,1.0
11,GAM,0.36,1.0
11,GAM,0.37,1.0
11,GAM,0.38,1.0
11,GAM,0.39,1.0
11,GAM,0.4,1.0
11,GAM,0.41000000000000003,1.0
11,GAM,0.42,1.0
11,GAM,0.43,1.0
11,GAM,0.44,1.0
11,GAM,0.45,1.0
11,GAM,0.46,1.0
11,GAM,0.47000000000000003,1.0
11,GAM,0.48,1.0
11,GAM,0.49,1.0
11,GAM,0.5,1.0
11,GAM,0.51,1.0
11,GAM,0.52,1.0
11,GAM,0.53,1.0
11,GAM,0.54,1.0
11,GAM,0.55,1.0
11,GAM,0.56,1.0
11,GAM,0.5700000000000001,1.0
11,GAM,0.58,1.0
11,GAM,0.59,1.0
11,GAM,0.6,1.0
11,GAM,0.61,1.0
11,GAM,0.62,1.0
11,GAM,0.63,1.0
11,GAM,0.64,1.0
11,GAM,0.65,1.0
11,GAM,0.66,1.0
11,GAM,0.67,1.0
11,GAM,0.68,1.0
11,GAM,0.6900000000000001,1.0
11,GAM,0.7000000000000001,1.0
11,GAM,0.71,1.0
11,GAM,0.72,1.0
11,GAM,0.73,1.0
11,GAM,0.74,1.0
11,GAM,0.75,1.0
11,GAM,0.76,1.0
11,GAM,0.77,1.0
11,GAM,0.78,1.0
11,GAM,0.79,1.0
11,GAM,0.8,1.0
11,GAM,0.81,1.0
11,GAM,0.8200000000000001,1.0
11,GAM,0.8300000000000001,1.0
11,GAM,0.84,1.0
11,GAM,0.85,1.0
11,GAM,0.86,1.0
11,GAM,0.87,1.0
11,GAM,0.88,1.0
11,GAM,0.89,1.0
11,GAM,0.9,1.0
11,GAM,0.91,1.0
11,GAM,0.92,1.0
11,GAM,0.93,1.0
11,GAM,0.9400000000000001,1.0
11,GAM,0.9500000000000001,1.0
11,GAM,0.96,1.0
11,GAM,0.97,1.0
11,GAM,0.98,1.0
11,GAM,0.99,1.0
11,GAM,1.0,1.0
11,RF,0.0,0.32
11,RF,0.01,0.41333333333333333
11,RF,0.02,0.7066666666666667
11,RF,0.03,0.7333333333333333
11,RF,0.04,0.76
11,RF,0.05,0.8666666666666667
11,RF,0.06,0.88
11,RF,0.07,0.88
11,RF,0.08,0.88
11,RF,0.09,0.92
11,RF,0.1,0.92
11,RF,0.11,0.92
11,RF,0.12,0.9466666666666667
11,RF,0.13,0.9466666666666667
11,RF,0.14,0.9466666666666667
11,RF,0.15,0.9466666666666667
11,RF,0.16,0.9733333333333334
11,RF,0.17,0.9733333333333334
11,RF,0.18,0.9866666666666667
11,RF,0.19,0.9866666666666667
11,RF,0.2,0.9866666666666667
11,RF,0.21,0.9866666666666667
11,RF,0.22,0.9866666666666667
11,RF,0.23,0.9866666666666667
11,RF,0.24,0.9866666666666667
11,RF,0.25,0.9866666666666667
11,RF,0.26,0.9866666666666667
11,RF,0.27,0.9866666666666667
11,RF,0.28,0.9866666666666667
11,RF,0.29,0.9866666666666667
11,RF,0.3,0.9866666666666667
11,RF,0.31,0.9866666666666667
11,RF,0.32,0.9866666666666667
11,RF,0.33,0.9866666666666667
11,RF,0.34,0.9866666666666667
11,RF,0.35000000000000003,0.9866666666666667
11,RF,0.36,1.0
11,RF,0.37,1.0
11,RF,0.38,1.0
11,RF,0.39,1.0
11,RF,0.4,1.0
11,RF,0.41000000000000003,1.0
11,RF,0.42,1.0
11,RF,0.43,1.0
11,RF,0.44,1.0
11,RF,0.45,1.0
11,RF,0.46,1.0
11,RF,0.47000000000000003,1.0
11,RF,0.48,1.0
11,RF,0.49,1.0
11,RF,0.5,1.0
11,RF,0.51,1.0
11,RF,0.52,1.0
11,RF,0.53,1.0
11,RF,0.54,1.0
11,RF,0.55,1.0
11,RF,0.56,1.0
11,RF,0.5700000000000001,1.0
11,RF,0.58,1.0
11,RF,0.59,1.0
11,RF,0.6,1.0
11,RF,0.61,1.0
11,RF,0.62,1.0
11,RF,0.63,1.0
11,RF,0.64,1.0
11,RF,0.65,1.0
11,RF,0.66,1.0
11,RF,0.67,1.0
11,RF,0.68,1.0
11,RF,0.6900000000000001,1.0
11,RF,0.7000000000000001,1.0
11,RF,0.71,1.0
11,RF,0.72,1.0
11,RF,0.73,1.0
11,RF,0.74,1.0
11,RF,0.75,1.0
11,RF,0.76,1.0
11,RF,0.77,1.0
11,RF,0.78,1.0
11,RF,0.79,1.0
11,RF,0.8,1.0
11,RF,0.81,1.0
11,RF,0.8200000000000001,1.0
11,RF,0.8300000000000001,1.0
11,RF,0.84,1.0
11,RF,0.85,1.0
11,RF,0.86,1.0
11,RF,0.87,1.0
11,RF,0.88,1.0
11,RF,0.89,1.0
11,RF,0.9,1.0
11,RF,0.91,1.0
11,RF,0.92,1.0
11,RF,0.93,1.0
11,RF,0.9400000000000001,1.0
11,RF,0.9500000000000001,1.0
11,RF,0.96,1.0
11,RF,0.97,1.0
11,RF,0.98,1.0
11,RF,0.99,1.0
11,RF,1.0,1.0
12,LR,0.0,0.36923076923076925
12,LR,0.01,0.36923076923076925
12,LR,0.02,0.46153846153846156
12,LR,0.03,0.6923076923076923
12,LR,0.04,0.7230769230769231
12,LR,0.05,0.7692307692307693
12,LR,0.06,0.8769230769230769
12,LR,0.07,0.8923076923076924
12,LR,0.08,0.9384615384615385
12,LR,0.09,0.9538461538461539
12,LR,0.1,0.9538461538461539
12,LR,0.11,0.9692307692307692
12,LR,0.12,0.9692307692307692
12,LR,0.13,0.9692307692307692
12,LR,0.14,0.9692307692307692
12,LR,0.15,0.9692307692307692
12,LR,0.16,0.9692307692307692
12,LR,0.17,0.9692307692307692
12,LR,0.18,0.9692307692307692
12,LR,0.19,0.9692307692307692
12,LR,0.2,0.9692307692307692
12,LR,0.21,0.9692307692307692
12,LR,0.22,0.9692307692307692
12,LR,0.23,0.9692307692307692
12,LR,0.24,0.9692307692307692
12,LR,0.25,0.9692307692307692
12,LR,0.26,0.9692307692307692
12,LR,0.27,0.9692307692307692
12,LR,0.28,0.9692307692307692
12,LR,0.29,0.9692307692307692
12,LR,0.3,0.9692307692307692
12,LR,0.31,0.9692307692307692
12,LR,0.32,0.9692307692307692
12,LR,0.33,0.9692307692307692
12,LR,0.34,0.9692307692307692
12,LR,0.35000000000000003,0.9692307692307692
12,LR,0.36,0.9692307692307692
12,LR,0.37,0.9692307692307692
12,LR,0.38,0.9692307692307692
12,LR,0.39,0.9692307692307692
12,LR,0.4,0.9692307692307692
12,LR,0.41000000000000003,0.9692307692307692
12,LR,0.42,0.9692307692307692
12,LR,0.43,0.9692307692307692
12,LR,0.44,0.9692307692307692
12,LR,0.45,0.9692307692307692
12,LR,0.46,0.9692307692307692
12,LR,0.47000000000000003,0.9692307692307692
12,LR,0.48,0.9692307692307692
12,LR,0.49,0.9846153846153847
12,LR,0.5,0.9846153846153847
12,LR,0.51,0.9846153846153847
12,LR,0.52,0.9846153846153847
12,LR,0.53,0.9846153846153847
12,LR,0.54,0.9846153846153847
12,LR,0.55,0.9846153846153847
12,LR,0.56,0.9846153846153847
12,LR,0.5700000000000001,1.0
12,LR,0.58,1.0
12,LR,0.59,1.0
12,LR,0.6,1.0
12,LR,0.61,1.0
12,LR,0.62,1.0
12,LR,0.63,1.0
12,LR,0.64,1.0
12,LR,0.65,1.0
12,LR,0.66,1.0
12,LR,0.67,1.0
12,LR,0.68,1.0
12,LR,0.6900000000000001,1.0
12,LR,0.7000000000000001,1.0
12,LR,0.71,1.0
12,LR,0.72,1.0
12,LR,0.73,1.0
12,LR,0.74,1.0
12,LR,0.75,1.0
12,LR,0.76,1.0
12,LR,0.77,1.0
12,LR,0.78,1.0
12,LR,0.79,1.0
12,LR,0.8,1.0
12,LR,0.81,1.0
12,LR,0.8200000000000001,1.0
12,LR,0.8300000000000001,1.0
12,LR,0.84,1.0
12,LR,0.85,1.0
12,LR,0.86,1.0
12,LR,0.87,1.0
12,LR,0.88,1.0
12,LR,0.89,1.0
12,LR,0.9,1.0
12,LR,0.91,1.0
12,LR,0.92,1.0
12,LR,0.93,1.0
12,LR,0.9400000000000001,1.0
12,LR,0.9500000000000001,1.0
12,LR,0.96,1.0
12,LR,0.97,1.0
12,LR,0.98,1.0
12,LR,0.99,1.0
12,LR,1.0,1.0
12,GAM,0.0,0.35384615384615387
12,GAM,0.01,0.4461538461538462
12,GAM,0.02,0.46153846153846156
12,GAM,0.03,0.6615384615384615
12,GAM,0.04,0.7846153846153846
12,GAM,0.05,0.7846153846153846
12,GAM,0.06,0.9538461538461539
12,GAM,0.07,0.9538461538461539
12,GAM,0.08,0.9538461538461539
12,GAM,0.09,0.9692307692307692
12,GAM,0.1,0.9692307692307692
12,GAM,0.11,0.9692307692307692
12,GAM,0.12,0.9692307692307692
12,GAM,0.13,0.9692307692307692
12,GAM,0.14,0.9692307692307692
12,GAM,0.15,0.9692307692307692
12,GAM,0.16,0.9692307692307692
12,GAM,0.17,0.9692307692307692
12,GAM,0.18,0.9692307692307692
12,GAM,0.19,0.9692307692307692
12,GAM,0.2,0.9692307692307692
12,GAM,0.21,0.9692307692307692
12,GAM,0.22,0.9692307692307692
12,GAM,0.23,0.9692307692307692
12,GAM,0.24,0.9692307692307692
12,GAM,0.25,0.9692307692307692
12,GAM,0.26,0.9692307692307692
12,GAM,0.27,0.9692307692307692
12,GAM,0.28,0.9692307692307692
12,GAM,0.29,0.9692307692307692
12,GAM,0.3,0.9692307692307692
12,GAM,0.31,0.9692307692307692
12,GAM,0.32,0.9692307692307692
12,GAM,0.33,0.9692307692307692
12,GAM,0.34,0.9692307692307692
12,GAM,0.35000000000000003,0.9692307692307692
12,GAM,0.36,0.9692307692307692
12,GAM,0.37,0.9692307692307692
12,GAM,0.38,0.9692307692307692
12,GAM,0.39,0.9692307692307692
12,GAM,0.4,0.9692307692307692
12,GAM,0.41000000000000003,0.9692307692307692
12,GAM,0.42,0.9846153846153847
12,GAM,0.43,0.9846153846153847
12,GAM,0.44,0.9846153846153847
12,GAM,0.45,0.9846153846153847
12,GAM,0.46,0.9846153846153847
12,GAM,0.47000000000000003,1.0
12,GAM,0.48,1.0
12,GAM,0.49,1.0
12,GAM,0.5,1.0
12,GAM,0.51,1.0
12,GAM,0.52,1.0
12,GAM,0.53,1.0
12,GAM,0.54,1.0
12,GAM,0.55,1.0
12,GAM,0.56,1.0
12,GAM,0.5700000000000001,1.0
12,GAM,0.58,1.0
12,GAM,0.59,1.0
12,GAM,0.6,1.0
12,GAM,0.61,1.0
12,GAM,0.62,1.0
12,GAM,0.63,1.0
12,GAM,0.64,1.0
12,GAM,0.65,1.0
12,GAM,0.66,1.0
12,GAM,0.67,1.0
12,GAM,0.68,1.0
12,GAM,0.6900000000000001,1.0
12,GAM,0.7000000000000001,1.0
12,GAM,0.71,1.0
12,GAM,0.72,1.0
12,GAM,0.73,1.0
12,GAM,0.74,1.0
12,GAM,0.75,1.0
12,GAM,0.76,1.0
12,GAM,0.77,1.0
12,GAM,0.78,1.0
12,GAM,0.79,1.0
12,GAM,0.8,1.0
12,GAM,0.81,1.0
12,GAM,0.8200000000000001,1.0
12,GAM,0.8300000000000001,1.0
12,GAM,0.84,1.0
12,GAM,0.85,1.0
12,GAM,0.86,1.0
12,GAM,0.87,1.0
12,GAM,0.88,1.0
12,GAM,0.89,1.0
12,GAM,0.9,1.0
12,GAM,0.91,1.0
12,GAM,0.92,1.0
12,GAM,0.93,1.0
12,GAM,0.9400000000000001,1.0
12,GAM,0.9500000000000001,1.0
12,GAM,0.96,1.0
12,GAM,0.97,1.0
12,GAM,0.98,1.0
12,GAM,0.99,1.0
12,GAM,1.0,1.0
12,RF,0.0,0.35384615384615387
12,RF,0.01,0.46153846153846156
12,RF,0.02,0.7846153846153846
12,RF,0.03,0.8153846153846154
12,RF,0.04,0.8615384615384616
12,RF,0.05,0.8923076923076924
12,RF,0.06,0.9230769230769231
12,RF,0.07,0.9384615384615385
12,RF,0.08,0.9384615384615385
12,RF,0.09,0.9384615384615385
12,RF,0.1,0.9384615384615385
12,RF,0.11,0.9384615384615385
12,RF,0.12,0.9384615384615385
12,RF,0.13,0.9384615384615385
12,RF,0.14,0.9384615384615385
12,RF,0.15,0.9692307692307692
12,RF,0.16,0.9692307692307692
12,RF,0.17,0.9846153846153847
12,RF,0.18,0.9846153846153847
12,RF,0.19,0.9846153846153847
12,RF,0.2,0.9846153846153847
12,RF,0.21,0.9846153846153847
12,RF,0.22,0.9846153846153847
12,RF,0.23,0.9846153846153847
12,RF,0.24,0.9846153846153847
12,RF,0.25,1.0
12,RF,0.26,1.0
12,RF,0.27,1.0
12,RF,0.28,1.0
12,RF,0.29,1.0
12,RF,0.3,1.0
12,RF,0.31,1.0
12,RF,0.32,1.0
12,RF,0.33,1.0
12,RF,0.34,1.0
12,RF,0.35000000000000003,1.0
12,RF,0.36,1.0
12,RF,0.37,1.0
12,RF,0.38,1.0
12,RF,0.39,1.0
12,RF,0.4,1.0
12,RF,0.41000000000000003,1.0
12,RF,0.42,1.0
12,RF,0.43,1.0
12,RF,0.44,1.0
12,RF,0.45,1.0
12,RF,0.46,1.0
12,RF,0.47000000000000003,1.0
12,RF,0.48,1.0
12,RF,0.49,1.0
12,RF,0.5,1.0
12,RF,0.51,1.0
12,RF,0.52,1.0
12,RF,0.53,1.0
12,RF,0.54,1.0
12,RF,0.55,1.0
12,RF,0.56,1.0
12,RF,0.5700000000000001,1.0
12,RF,0.58,1.0
12,RF,0.59,1.0
12,RF,0.6,1.0
12,RF,0.61,1.0
12,RF,0.62,1.0
12,RF,0.63,1.0
12,RF,0.64,1.0
12,RF,0.65,1.0
12,RF,0.66,1.0
12,RF,0.67,1.0
12,RF,0.68,1.0
12,RF,0.6900000000000001,1.0
12,RF,0.7000000000000001,1.0
12,RF,0.71,1.0
12,RF,0.72,1.0
12,RF,0.73,1.0
12,RF,0.74,1.0
12,RF,0.75,1.0
12,RF,0.76,1.0
12,RF,0.77,1.0
12,RF,0.78,1.0
12,RF,0.79,1.0
12,RF,0.8,1.0
12,RF,0.81,1.0
12,RF,0.8200000000000001,1.0
12,RF,0.8300000000000001,1.0
12,RF,0.84,1.0
12,RF,0.85,1.0
12,RF,0.86,1.0
12,RF,0.87,1.0
12,RF,0.88,1.0
12,RF,0.89,1.0
12,RF,0.9,1.0
12,RF,0.91,1.0
12,RF,0.92,1.0
12,RF,0.93,1.0
12,RF,0.9400000000000001,1.0
12,RF,0.9500000000000001,1.0
12,RF,0.96,1.0
12,RF,0.97,1.0
12,RF,0.98,1.0
12,RF,0.99,1.0
12,RF,1.0,1.0
13,LR,0.0,0.3125
13,LR,0.01,0.390625
13,LR,0.02,0.6875
13,LR,0.03,0.703125
13,LR,0.04,0.78125
13,LR,0.05,0.8125
13,LR,0.06,0.90625
13,LR,0.07,0.90625
13,LR,0.08,0.9375
13,LR,0.09,0.9375
13,LR,0.1,0.9375
13,LR,0.11,0.953125
13,LR,0.12,0.953125
13,LR,0.13,0.953125
13,LR,0.14,0.953125
13,LR,0.15,0.96875
13,LR,0.16,0.96875
13,LR,0.17,0.96875
13,LR,0.18,0.96875
13,LR,0.19,0.96875
13,LR,0.2,0.96875
13,LR,0.21,0.96875
13,LR,0.22,0.96875
13,LR,0.23,0.96875
13,LR,0.24,0.96875
13,LR,0.25,0.96875
13,LR,0.26,0.96875
13,LR,0.27,0.96875
13,LR,0.28,0.96875
13,LR,0.29,0.96875
13,LR,0.3,0.96875
13,LR,0.31,0.96875
13,LR,0.32,0.96875
13,LR,0.33,0.96875
13,LR,0.34,0.96875
13,LR,0.35000000000000003,0.96875
13,LR,0.36,0.96875
13,LR,0.37,0.96875
13,LR,0.38,0.96875
13,LR,0.39,0.96875
13,LR,0.4,0.96875
13,LR,0.41000000000000003,0.96875
13,LR,0.42,0.96875
13,LR,0.43,0.984375
13,LR,0.44,0.984375
13,LR,0.45,0.984375
13,LR,0.46,0.984375
13,LR,0.47000000000000003,0.984375
13,LR,0.48,0.984375
13,LR,0.49,0.984375
13,LR,0.5,0.984375
13,LR,0.51,0.984375
13,LR,0.52,0.984375
13,LR,0.53,0.984375
13,LR,0.54,0.984375
13,LR,0.55,0.984375
13,LR,0.56,0.984375
13,LR,0.5700000000000001,0.984375
13,LR,0.58,0.984375
13,LR,0.59,1.0
13,LR,0.6,1.0
13,LR,0.61,1.0
13,LR,0.62,1.0
13,LR,0.63,1.0
13,LR,0.64,1.0
13,LR,0.65,1.0
13,LR,0.66,1.0
13,LR,0.67,1.0
13,LR,0.68,1.0
13,LR,0.6900000000000001,1.0
13,LR,0.7000000000000001,1.0
13,LR,0.71,1.0
13,LR,0.72,1.0
13,LR,0.73,1.0
13,LR,0.74,1.0
13,LR,0.75,1.0
13,LR,0.76,1.0
13,LR,0.77,1.0
13,LR,0.78,1.0
13,LR,0.79,1.0
13,LR,0.8,1.0
13,LR,0.81,1.0
13,LR,0.8200000000000001,1.0
13,LR,0.8300000000000001,1.0
13,LR,0.84,1.0
13,LR,0.85,1.0
13,LR,0.86,1.0
13,LR,0.87,1.0
13,LR,0.88,1.0
13,LR,0.89,1.0
13,LR,0.9,1.0
13,LR,0.91,1.0
13,LR,0.92,1.0
13,LR,0.93,1.0
13,LR,0.9400000000000001,1.0
13,LR,0.9500000000000001,1.0
13,LR,0.96,1.0
13,LR,0.97,1.0
13,LR,0.98,1.0
13,LR,0.99,1.0
13,LR,1.0,1.0
13,GAM,0.0,0.296875
13,GAM,0.01,0.5625
13,GAM,0.02,0.671875
13,GAM,0.03,0.703125
13,GAM,0.04,0.890625
13,GAM,0.05,0.890625
13,GAM,0.06,0.90625
13,GAM,0.07,0.921875
13,GAM,0.08,0.9375
13,GAM,0.09,0.9375
13,GAM,0.1,0.953125
13,GAM,0.11,0.953125
13,GAM,0.12,0.953125
13,GAM,0.13,0.953125
13,GAM,0.14,0.953125
13,GAM,0.15,0.953125
13,GAM,0.16,0.953125
13,GAM,0.17,0.953125
13,GAM,0.18,0.953125
13,GAM,0.19,0.96875
13,GAM,0.2,0.96875
13,GAM,0.21,0.96875
13,GAM,0.22,0.96875
13,GAM,0.23,0.96875
13,GAM,0.24,0.96875
13,GAM,0.25,0.96875
13,GAM,0.26,0.96875
13,GAM,0.27,0.96875
13,GAM,0.28,0.96875
13,GAM,0.29,0.96875
13,GAM,0.3,0.984375
13,GAM,0.31,0.984375
13,GAM,0.32,0.984375
13,GAM,0.33,0.984375
13,GAM,0.34,0.984375
13,GAM,0.35000000000000003,0.984375
13,GAM,0.36,0.984375
13,GAM,0.37,0.984375
13,GAM,0.38,0.984375
13,GAM,0.39,0.984375
13,GAM,0.4,0.984375
13,GAM,0.41000000000000003,0.984375
13,GAM,0.42,0.984375
13,GAM,0.43,0.984375
13,GAM,0.44,0.984375
13,GAM,0.45,0.984375
13,GAM,0.46,0.984375
13,GAM,0.47000000000000003,0.984375
13,GAM,0.48,0.984375
13,GAM,0.49,0.984375
13,GAM,0.5,0.984375
13,GAM,0.51,0.984375
13,GAM,0.52,0.984375
13,GAM,0.53,0.984375
13,GAM,0.54,0.984375
13,GAM,0.55,0.984375
13,GAM,0.56,0.984375
13,GAM,0.5700000000000001,0.984375
13,GAM,0.58,0.984375
13,GAM,0.59,0.984375
13,GAM,0.6,0.984375
13,GAM,0.61,0.984375
13,GAM,0.62,1.0
13,GAM,0.63,1.0
13,GAM,0.64,1.0
13,GAM,0.65,1.0
13,GAM,0.66,1.0
13,GAM,0.67,1.0
13,GAM,0.68,1.0
13,GAM,0.6900000000000001,1.0
13,GAM,0.7000000000000001,1.0
13,GAM,0.71,1.0
13,GAM,0.72,1.0
13,GAM,0.73,1.0
13,GAM,0.74,1.0
13,GAM,0.75,1.0
13,GAM,0.76,1.0
13,GAM,0.77,1.0
13,GAM,0.78,1.0
13,GAM,0.79,1.0
13,GAM,0.8,1.0
13,GAM,0.81,1.0
13,GAM,0.8200000000000001,1.0
13,GAM,0.8300000000000001,1.0
13,GAM,0.84,1.0
13,GAM,0.85,1.0
13,GAM,0.86,1.0
13,GAM,0.87,1.0
13,GAM,0.88,1.0
13,GAM,0.89,1.0
13,GAM,0.9,1.0
13,GAM,0.91,1.0
13,GAM,0.92,1.0
13,GAM,0.93,1.0
13,GAM,0.9400000000000001,1.0
13,GAM,0.9500000000000001,1.0
13,GAM,0.96,1.0
13,GAM,0.97,1.0
13,GAM,0.98,1.0
13,GAM,0.99,1.0
13,GAM,1.0,1.0
13,RF,0.0,0.59375
13,RF,0.01,0.65625
13,RF,0.02,0.84375
13,RF,0.03,0.84375
13,RF,0.04,0.90625
13,RF,0.05,0.90625
13,RF,0.06,0.921875
13,RF,0.07,0.921875
13,RF,0.08,0.9375
13,RF,0.09,0.9375
13,RF,0.1,0.9375
13,RF,0.11,0.953125
13,RF,0.12,0.953125
13,RF,0.13,0.953125
13,RF,0.14,0.953125
13,RF,0.15,0.953125
13,RF,0.16,0.96875
13,RF,0.17,0.96875
13,RF,0.18,0.96875
13,RF,0.19,0.96875
13,RF,0.2,0.96875
13,RF,0.21,0.96875
13,RF,0.22,0.96875
13,RF,0.23,0.96875
13,RF,0.24,0.96875
13,RF,0.25,0.96875
13,RF,0.26,0.96875
13,RF,0.27,0.96875
13,RF,0.28,0.96875
13,RF,0.29,0.96875
13,RF,0.3,0.96875
13,RF,0.31,0.96875
13,RF,0.32,0.96875
13,RF,0.33,0.96875
13,RF,0.34,0.96875
13,RF,0.35000000000000003,0.984375
13,RF,0.36,0.984375
13,RF,0.37,0.984375
13,RF,0.38,0.984375
13,RF,0.39,0.984375
13,RF,0.4,0.984375
13,RF,0.41000000000000003,0.984375
13,RF,0.42,0.984375
13,RF,0.43,0.984375
13,RF,0.44,0.984375
13,RF,0.45,0.984375
13,RF,0.46,0.984375
13,RF,0.47000000000000003,0.984375
13,RF,0.48,0.984375
13,RF,0.49,0.984375
13,RF,0.5,0.984375
13,RF,0.51,0.984375
13,RF,0.52,0.984375
13,RF,0.53,0.984375
13,RF,0.54,0.984375
13,RF,0.55,0.984375
13,RF,0.56,0.984375
13,RF,0.5700000000000001,0.984375
13,RF,0.58,0.984375
13,RF,0.59,0.984375
13,RF,0.6,0.984375
13,RF,0.61,0.984375
13,RF,0.62,0.984375
13,RF,0.63,0.984375
13,RF,0.64,0.984375
13,RF,0.65,0.984375
13,RF,0.66,0.984375
13,RF,0.67,0.984375
13,RF,0.68,0.984375
13,RF,0.6900000000000001,0.984375
13,RF,0.7000000000000001,0.984375
13,RF,0.71,0.984375
13,RF,0.72,0.984375
13,RF,0.73,0.984375
13,RF,0.74,0.984375
13,RF,0.75,0.984375
13,RF,0.76,0.984375
13,RF,0.77,0.984375
13,RF,0.78,0.984375
13,RF,0.79,0.984375
13,RF,0.8,0.984375
13,RF,0.81,0.984375
13,RF,0.8200000000000001,0.984375
13,RF,0.8300000000000001,0.984375
13,RF,0.84,0.984375
13,RF,0.85,0.984375
13,RF,0.86,0.984375
13,RF,0.87,0.984375
13,RF,0.88,0.984375
13,RF,0.89,0.984375
13,RF,0.9,0.984375
13,RF,0.91,0.984375
13,RF,0.92,0.984375
13,RF,0.93,0.984375
13,RF,0.9400000000000001,0.984375
13,RF,0.9500000000000001,1.0
13,RF,0.96,1.0
13,RF,0.97,1.0
13,RF,0.98,1.0
13,RF,0.99,1.0
13,RF,1.0,1.0
14,LR,0.0,0.25
14,LR,0.01,0.5147058823529411
14,LR,0.02,0.6470588235294118
14,LR,0.03,0.6470588235294118
14,LR,0.04,0.6470588235294118
14,LR,0.05,0.6470588235294118
14,LR,0.06,0.6764705882352942
14,LR,0.07,0.6764705882352942
14,LR,0.08,0.7205882352941176
14,LR,0.09,0.7352941176470589
14,LR,0.1,0.7352941176470589
14,LR,0.11,0.7352941176470589
14,LR,0.12,0.7647058823529411
14,LR,0.13,0.7647058823529411
14,LR,0.14,0.7794117647058824
14,LR,0.15,0.8088235294117647
14,LR,0.16,0.8382352941176471
14,LR,0.17,0.8676470588235294
14,LR,0.18,0.8676470588235294
14,LR,0.19,0.8676470588235294
14,LR,0.2,0.8676470588235294
14,LR,0.21,0.8676470588235294
14,LR,0.22,0.8823529411764706
14,LR,0.23,0.8823529411764706
14,LR,0.24,0.9117647058823529
14,LR,0.25,0.9117647058823529
14,LR,0.26,0.9117647058823529
14,LR,0.27,0.9264705882352942
14,LR,0.28,0.9264705882352942
14,LR,0.29,0.9264705882352942
14,LR,0.3,0.9264705882352942
14,LR,0.31,0.9411764705882353
14,LR,0.32,0.9411764705882353
14,LR,0.33,0.9411764705882353
14,LR,0.34,0.9411764705882353
14,LR,0.35000000000000003,0.9411764705882353
14,LR,0.36,0.9411764705882353
14,LR,0.37,0.9558823529411765
14,LR,0.38,0.9705882352941176
14,LR,0.39,0.9705882352941176
14,LR,0.4,0.9852941176470589
14,LR,0.41000000000000003,0.9852941176470589
14,LR,0.42,0.9852941176470589
14,LR,0.43,0.9852941176470589
14,LR,0.44,0.9852941176470589
14,LR,0.45,0.9852941176470589
14,LR,0.46,0.9852941176470589
14,LR,0.47000000000000003,0.9852941176470589
14,LR,0.48,0.9852941176470589
14,LR,0.49,0.9852941176470589
14,LR,0.5,0.9852941176470589
14,LR,0.51,0.9852941176470589
14,LR,0.52,0.9852941176470589
14,LR,0.53,0.9852941176470589
14,LR,0.54,0.9852941176470589
14,LR,0.55,0.9852941176470589
14,LR,0.56,0.9852941176470589
14,LR,0.5700000000000001,0.9852941176470589
14,LR,0.58,0.9852941176470589
14,LR,0.59,0.9852941176470589
14,LR,0.6,0.9852941176470589
14,LR,0.61,0.9852941176470589
14,LR,0.62,0.9852941176470589
14,LR,0.63,0.9852941176470589
14,LR,0.64,0.9852941176470589
14,LR,0.65,0.9852941176470589
14,LR,0.66,0.9852941176470589
14,LR,0.67,0.9852941176470589
14,LR,0.68,0.9852941176470589
14,LR,0.6900000000000001,0.9852941176470589
14,LR,0.7000000000000001,0.9852941176470589
14,LR,0.71,0.9852941176470589
14,LR,0.72,0.9852941176470589
14,LR,0.73,1.0
14,LR,0.74,1.0
14,LR,0.75,1.0
14,LR,0.76,1.0
14,LR,0.77,1.0
14,LR,0.78,1.0
14,LR,0.79,1.0
14,LR,0.8,1.0
14,LR,0.81,1.0
14,LR,0.8200000000000001,1.0
14,LR,0.8300000000000001,1.0
14,LR,0.84,1.0
14,LR,0.85,1.0
14,LR,0.86,1.0
14,LR,0.87,1.0
14,LR,0.88,1.0
14,LR,0.89,1.0
14,LR,0.9,1.0
14,LR,0.91,1.0
14,LR,0.92,1.0
14,LR,0.93,1.0
14,LR,0.9400000000000001,1.0
14,LR,0.9500000000000001,1.0
14,LR,0.96,1.0
14,LR,0.97,1.0
14,LR,0.98,1.0
14,LR,0.99,1.0
14,LR,1.0,1.0
14,GAM,0.0,0.29411764705882354
14,GAM,0.01,0.4852941176470588
14,GAM,0.02,0.6323529411764706
14,GAM,0.03,0.6323529411764706
14,GAM,0.04,0.6470588235294118
14,GAM,0.05,0.6617647058823529
14,GAM,0.06,0.7205882352941176
14,GAM,0.07,0.7205882352941176
14,GAM,0.08,0.7205882352941176
14,GAM,0.09,0.7205882352941176
14,GAM,0.1,0.7647058823529411
14,GAM,0.11,0.7647058823529411
14,GAM,0.12,0.7647058823529411
14,GAM,0.13,0.7794117647058824
14,GAM,0.14,0.8235294117647058
14,GAM,0.15,0.8235294117647058
14,GAM,0.16,0.8676470588235294
14,GAM,0.17,0.8676470588235294
14,GAM,0.18,0.8676470588235294
14,GAM,0.19,0.8823529411764706
14,GAM,0.2,0.8970588235294118
14,GAM,0.21,0.8970588235294118
14,GAM,0.22,0.8970588235294118
14,GAM,0.23,0.9117647058823529
14,GAM,0.24,0.9117647058823529
14,GAM,0.25,0.9117647058823529
14,GAM,0.26,0.9411764705882353
14,GAM,0.27,0.9411764705882353
14,GAM,0.28,0.9411764705882353
14,GAM,0.29,0.9411764705882353
14,GAM,0.3,0.9411764705882353
14,GAM,0.31,0.9558823529411765
14,GAM,0.32,0.9852941176470589
14,GAM,0.33,0.9852941176470589
14,GAM,0.34,0.9852941176470589
14,GAM,0.35000000000000003,0.9852941176470589
14,GAM,0.36,0.9852941176470589
14,GAM,0.37,0.9852941176470589
14,GAM,0.38,0.9852941176470589
14,GAM,0.39,0.9852941176470589
14,GAM,0.4,0.9852941176470589
14,GAM,0.41000000000000003,0.9852941176470589
14,GAM,0.42,0.9852941176470589
14,GAM,0.43,0.9852941176470589
14,GAM,0.44,0.9852941176470589
14,GAM,0.45,0.9852941176470589
14,GAM,0.46,0.9852941176470589
14,GAM,0.47000000000000003,0.9852941176470589
14,GAM,0.48,0.9852941176470589
14,GAM,0.49,0.9852941176470589
14,GAM,0.5,0.9852941176470589
14,GAM,0.51,0.9852941176470589
14,GAM,0.52,0.9852941176470589
14,GAM,0.53,0.9852941176470589
14,GAM,0.54,0.9852941176470589
14,GAM,0.55,0.9852941176470589
14,GAM,0.56,0.9852941176470589
14,GAM,0.5700000000000001,0.9852941176470589
14,GAM,0.58,0.9852941176470589
14,GAM,0.59,0.9852941176470589
14,GAM,0.6,0.9852941176470589
14,GAM,0.61,0.9852941176470589
14,GAM,0.62,0.9852941176470589
14,GAM,0.63,0.9852941176470589
14,GAM,0.64,0.9852941176470589
14,GAM,0.65,0.9852941176470589
14,GAM,0.66,0.9852941176470589
14,GAM,0.67,0.9852941176470589
14,GAM,0.68,0.9852941176470589
14,GAM,0.6900000000000001,0.9852941176470589
14,GAM,0.7000000000000001,0.9852941176470589
14,GAM,0.71,1.0
14,GAM,0.72,1.0
14,GAM,0.73,1.0
14,GAM,0.74,1.0
14,GAM,0.75,1.0
14,GAM,0.76,1.0
14,GAM,0.77,1.0
14,GAM,0.78,1.0
14,GAM,0.79,1.0
14,GAM,0.8,1.0
14,GAM,0.81,1.0
14,GAM,0.8200000000000001,1.0
14,GAM,0.8300000000000001,1.0
14,GAM,0.84,1.0
14,GAM,0.85,1.0
14,GAM,0.86,1.0
14,GAM,0.87,1.0
14,GAM,0.88,1.0
14,GAM,0.89,1.0
14,GAM,0.9,1.0
14,GAM,0.91,1.0
14,GAM,0.92,1.0
14,GAM,0.93,1.0
14,GAM,0.9400000000000001,1.0
14,GAM,0.9500000000000001,1.0
14,GAM,0.96,1.0
14,GAM,0.97,1.0
14,GAM,0.98,1.0
14,GAM,0.99,1.0
14,GAM,1.0,1.0
14,RF,0.0,0.1323529411764706
14,RF,0.01,0.47058823529411764
14,RF,0.02,0.5882352941176471
14,RF,0.03,0.6617647058823529
14,RF,0.04,0.6911764705882353
14,RF,0.05,0.7352941176470589
14,RF,0.06,0.7352941176470589
14,RF,0.07,0.75
14,RF,0.08,0.7647058823529411
14,RF,0.09,0.7794117647058824
14,RF,0.1,0.8088235294117647
14,RF,0.11,0.8088235294117647
14,RF,0.12,0.8382352941176471
14,RF,0.13,0.8382352941176471
14,RF,0.14,0.8382352941176471
14,RF,0.15,0.8382352941176471
14,RF,0.16,0.8382352941176471
14,RF,0.17,0.8676470588235294
14,RF,0.18,0.8970588235294118
14,RF,0.19,0.8970588235294118
14,RF,0.2,0.8970588235294118
14,RF,0.21,0.8970588235294118
14,RF,0.22,0.9264705882352942
14,RF,0.23,0.9264705882352942
14,RF,0.24,0.9264705882352942
14,RF,0.25,0.9264705882352942
14,RF,0.26,0.9264705882352942
14,RF,0.27,0.9264705882352942
14,RF,0.28,0.9411764705882353
14,RF,0.29,0.9411764705882353
14,RF,0.3,0.9558823529411765
14,RF,0.31,0.9705882352941176
14,RF,0.32,0.9705882352941176
14,RF,0.33,0.9705882352941176
14,RF,0.34,0.9705882352941176
14,RF,0.35000000000000003,0.9705882352941176
14,RF,0.36,0.9705882352941176
14,RF,0.37,0.9705882352941176
14,RF,0.38,0.9705882352941176
14,RF,0.39,0.9705882352941176
14,RF,0.4,0.9705882352941176
14,RF,0.41000000000000003,0.9705882352941176
14,RF,0.42,0.9852941176470589
14,RF,0.43,0.9852941176470589
14,RF,0.44,0.9852941176470589
14,RF,0.45,0.9852941176470589
14,RF,0.46,0.9852941176470589
14,RF,0.47000000000000003,0.9852941176470589
14,RF,0.48,0.9852941176470589
14,RF,0.49,0.9852941176470589
14,RF,0.5,0.9852941176470589
14,RF,0.51,0.9852941176470589
14,RF,0.52,0.9852941176470589
14,RF,0.53,0.9852941176470589
14,RF,0.54,0.9852941176470589
14,RF,0.55,0.9852941176470589
14,RF,0.56,0.9852941176470589
14,RF,0.5700000000000001,0.9852941176470589
14,RF,0.58,0.9852941176470589
14,RF,0.59,0.9852941176470589
14,RF,0.6,0.9852941176470589
14,RF,0.61,0.9852941176470589
14,RF,0.62,0.9852941176470589
14,RF,0.63,0.9852941176470589
14,RF,0.64,0.9852941176470589
14,RF,0.65,0.9852941176470589
14,RF,0.66,0.9852941176470589
14,RF,0.67,0.9852941176470589
14,RF,0.68,0.9852941176470589
14,RF,0.6900000000000001,0.9852941176470589
14,RF,0.7000000000000001,0.9852941176470589
14,RF,0.71,0.9852941176470589
14,RF,0.72,0.9852941176470589
14,RF,0.73,0.9852941176470589
14,RF,0.74,0.9852941176470589
14,RF,0.75,0.9852941176470589
14,RF,0.76,0.9852941176470589
14,RF,0.77,0.9852941176470589
14,RF,0.78,0.9852941176470589
14,RF,0.79,0.9852941176470589
14,RF,0.8,0.9852941176470589
14,RF,0.81,0.9852941176470589
14,RF,0.8200000000000001,0.9852941176470589
14,RF,0.8300000000000001,0.9852941176470589
14,RF,0.84,0.9852941176470589
14,RF,0.85,0.9852941176470589
14,RF,0.86,0.9852941176470589
14,RF,0.87,0.9852941176470589
14,RF,0.88,0.9852941176470589
14,RF,0.89,0.9852941176470589
14,RF,0.9,0.9852941176470589
14,RF,0.91,0.9852941176470589
14,RF,0.92,0.9852941176470589
14,RF,0.93,0.9852941176470589
14,RF,0.9400000000000001,0.9852941176470589
14,RF,0.9500000000000001,0.9852941176470589
14,RF,0.96,0.9852941176470589
14,RF,0.97,0.9852941176470589
14,RF,0.98,0.9852941176470589
14,RF,0.99,1.0
14,RF,1.0,1.0
15,LR,0.0,0.49295774647887325
15,LR,0.01,0.6197183098591549
15,LR,0.02,0.7746478873239436
15,LR,0.03,0.8028169014084507
15,LR,0.04,0.8591549295774648
15,LR,0.05,0.9154929577464789
15,LR,0.06,0.9154929577464789
15,LR,0.07,0.9154929577464789
15,LR,0.08,0.9154929577464789
15,LR,0.09,0.9436619718309859
15,LR,0.1,0.9577464788732394
15,LR,0.11,0.971830985915493
15,LR,0.12,0.971830985915493
15,LR,0.13,0.971830985915493
15,LR,0.14,0.971830985915493
15,LR,0.15,0.971830985915493
15,LR,0.16,0.971830985915493
15,LR,0.17,0.971830985915493
15,LR,0.18,0.971830985915493
15,LR,0.19,0.971830985915493
15,LR,0.2,0.971830985915493
15,LR,0.21,0.971830985915493
15,LR,0.22,0.9859154929577465
15,LR,0.23,0.9859154929577465
15,LR,0.24,0.9859154929577465
15,LR,0.25,0.9859154929577465
15,LR,0.26,1.0
15,LR,0.27,1.0
15,LR,0.28,1.0
15,LR,0.29,1.0
15,LR,0.3,1.0
15,LR,0.31,1.0
15,LR,0.32,1.0
15,LR,0.33,1.0
15,LR,0.34,1.0
15,LR,0.35000000000000003,1.0
15,LR,0.36,1.0
15,LR,0.37,1.0
15,LR,0.38,1.0
15,LR,0.39,1.0
15,LR,0.4,1.0
15,LR,0.41000000000000003,1.0
15,LR,0.42,1.0
15,LR,0.43,1.0
15,LR,0.44,1.0
15,LR,0.45,1.0
15,LR,0.46,1.0
15,LR,0.47000000000000003,1.0
15,LR,0.48,1.0
15,LR,0.49,1.0
15,LR,0.5,1.0
15,LR,0.51,1.0
15,LR,0.52,1.0
15,LR,0.53,1.0
15,LR,0.54,1.0
15,LR,0.55,1.0
15,LR,0.56,1.0
15,LR,0.5700000000000001,1.0
15,LR,0.58,1.0
15,LR,0.59,1.0
15,LR,0.6,1.0
15,LR,0.61,1.0
15,LR,0.62,1.0
15,LR,0.63,1.0
15,LR,0.64,1.0
15,LR,0.65,1.0
15,LR,0.66,1.0
15,LR,0.67,1.0
15,LR,0.68,1.0
15,LR,0.6900000000000001,1.0
15,LR,0.7000000000000001,1.0
15,LR,0.71,1.0
15,LR,0.72,1.0
15,LR,0.73,1.0
15,LR,0.74,1.0
15,LR,0.75,1.0
15,LR,0.76,1.0
15,LR,0.77,1.0
15,LR,0.78,1.0
15,LR,0.79,1.0
15,LR,0.8,1.0
15,LR,0.81,1.0
15,LR,0.8200000000000001,1.0
15,LR,0.8300000000000001,1.0
15,LR,0.84,1.0
15,LR,0.85,1.0
15,LR,0.86,1.0
15,LR,0.87,1.0
15,LR,0.88,1.0
15,LR,0.89,1.0
15,LR,0.9,1.0
15,LR,0.91,1.0
15,LR,0.92,1.0
15,LR,0.93,1.0
15,LR,0.9400000000000001,1.0
15,LR,0.9500000000000001,1.0
15,LR,0.96,1.0
15,LR,0.97,1.0
15,LR,0.98,1.0
15,LR,0.99,1.0
15,LR,1.0,1.0
15,GAM,0.0,0.5211267605633803
15,GAM,0.01,0.6197183098591549
15,GAM,0.02,0.7464788732394366
15,GAM,0.03,0.8028169014084507
15,GAM,0.04,0.8169014084507042
15,GAM,0.05,0.8873239436619719
15,GAM,0.06,0.9154929577464789
15,GAM,0.07,0.9154929577464789
15,GAM,0.08,0.9154929577464789
15,GAM,0.09,0.9295774647887324
15,GAM,0.1,0.9577464788732394
15,GAM,0.11,0.971830985915493
15,GAM,0.12,0.971830985915493
15,GAM,0.13,0.971830985915493
15,GAM,0.14,0.971830985915493
15,GAM,0.15,0.971830985915493
15,GAM,0.16,0.971830985915493
15,GAM,0.17,0.9859154929577465
15,GAM,0.18,0.9859154929577465
15,GAM,0.19,1.0
15,GAM,0.2,1.0
15,GAM,0.21,1.0
15,GAM,0.22,1.0
15,GAM,0.23,1.0
15,GAM,0.24,1.0
15,GAM,0.25,1.0
15,GAM,0.26,1.0
15,GAM,0.27,1.0
15,GAM,0.28,1.0
15,GAM,0.29,1.0
15,GAM,0.3,1.0
15,GAM,0.31,1.0
15,GAM,0.32,1.0
15,GAM,0.33,1.0
15,GAM,0.34,1.0
15,GAM,0.35000000000000003,1.0
15,GAM,0.36,1.0
15,GAM,0.37,1.0
15,GAM,0.38,1.0
15,GAM,0.39,1.0
15,GAM,0.4,1.0
15,GAM,0.41000000000000003,1.0
15,GAM,0.42,1.0
15,GAM,0.43,1.0
15,GAM,0.44,1.0
15,GAM,0.45,1.0
15,GAM,0.46,1.0
15,GAM,0.47000000000000003,1.0
15,GAM,0.48,1.0
15,GAM,0.49,1.0
15,GAM,0.5,1.0
15,GAM,0.51,1.0
15,GAM,0.52,1.0
15,GAM,0.53,1.0
15,GAM,0.54,1.0
15,GAM,0.55,1.0
15,GAM,0.56,1.0
15,GAM,0.5700000000000001,1.0
15,GAM,0.58,1.0
15,GAM,0.59,1.0
15,GAM,0.6,1.0
15,GAM,0.61,1.0
15,GAM,0.62,1.0
15,GAM,0.63,1.0
15,GAM,0.64,1.0
15,GAM,0.65,1.0
15,GAM,0.66,1.0
15,GAM,0.67,1.0
15,GAM,0.68,1.0
15,GAM,0.6900000000000001,1.0
15,GAM,0.7000000000000001,1.0
15,GAM,0.71,1.0
15,GAM,0.72,1.0
15,GAM,0.73,1.0
15,GAM,0.74,1.0
15,GAM,0.75,1.0
15,GAM,0.76,1.0
15,GAM,0.77,1.0
15,GAM,0.78,1.0
15,GAM,0.79,1.0
15,GAM,0.8,1.0
15,GAM,0.81,1.0
15,GAM,0.8200000000000001,1.0
15,GAM,0.8300000000000001,1.0
15,GAM,0.84,1.0
15,GAM,0.85,1.0
15,GAM,0.86,1.0
15,GAM,0.87,1.0
15,GAM,0.88,1.0
15,GAM,0.89,1.0
15,GAM,0.9,1.0
15,GAM,0.91,1.0
15,GAM,0.92,1.0
15,GAM,0.93,1.0
15,GAM,0.9400000000000001,1.0
15,GAM,0.9500000000000001,1.0
15,GAM,0.96,1.0
15,GAM,0.97,1.0
15,GAM,0.98,1.0
15,GAM,0.99,1.0
15,GAM,1.0,1.0
15,RF,0.0,0.2676056338028169
15,RF,0.01,0.6197183098591549
15,RF,0.02,0.704225352112676
15,RF,0.03,0.8591549295774648
15,RF,0.04,0.9014084507042254
15,RF,0.05,0.9014084507042254
15,RF,0.06,0.9014084507042254
15,RF,0.07,0.9014084507042254
15,RF,0.08,0.9014084507042254
15,RF,0.09,0.9014084507042254
15,RF,0.1,0.9014084507042254
15,RF,0.11,0.9295774647887324
15,RF,0.12,0.9295774647887324
15,RF,0.13,0.9295774647887324
15,RF,0.14,0.9436619718309859
15,RF,0.15,0.9577464788732394
15,RF,0.16,0.9577464788732394
15,RF,0.17,0.9577464788732394
15,RF,0.18,0.971830985915493
15,RF,0.19,0.9859154929577465
15,RF,0.2,0.9859154929577465
15,RF,0.21,0.9859154929577465
15,RF,0.22,0.9859154929577465
15,RF,0.23,0.9859154929577465
15,RF,0.24,0.9859154929577465
15,RF,0.25,1.0
15,RF,0.26,1.0
15,RF,0.27,1.0
15,RF,0.28,1.0
15,RF,0.29,1.0
15,RF,0.3,1.0
15,RF,0.31,1.0
15,RF,0.32,1.0
15,RF,0.33,1.0
15,RF,0.34,1.0
15,RF,0.35000000000000003,1.0
15,RF,0.36,1.0
15,RF,0.37,1.0
15,RF,0.38,1.0
15,RF,0.39,1.0
15,RF,0.4,1.0
15,RF,0.41000000000000003,1.0
15,RF,0.42,1.0
15,RF,0.43,1.0
15,RF,0.44,1.0
15,RF,0.45,1.0
15,RF,0.46,1.0
15,RF,0.47000000000000003,1.0
15,RF,0.48,1.0
15,RF,0.49,1.0
15,RF,0.5,1.0
15,RF,0.51,1.0
15,RF,0.52,1.0
15,RF,0.53,1.0
15,RF,0.54,1.0
15,RF,0.55,1.0
15,RF,0.56,1.0
15,RF,0.5700000000000001,1.0
15,RF,0.58,1.0
15,RF,0.59,1.0
15,RF,0.6,1.0
15,RF,0.61,1.0
15,RF,0.62,1.0
15,RF,0.63,1.0
15,RF,0.64,1.0
15,RF,0.65,1.0
15,RF,0.66,1.0
15,RF,0.67,1.0
15,RF,0.68,1.0
15,RF,0.6900000000000001,1.0
15,RF,0.7000000000000001,1.0
15,RF,0.71,1.0
15,RF,0.72,1.0
15,RF,0.73,1.0
15,RF,0.74,1.0
15,RF,0.75,1.0
15,RF,0.76,1.0
15,RF,0.77,1.0
15,RF,0.78,1.0
15,RF,0.79,1.0
15,RF,0.8,1.0
15,RF,0.81,1.0
15,RF,0.8200000000000001,1.0
15,RF,0.8300000000000001,1.0
15,RF,0.84,1.0
15,RF,0.85,1.0
15,RF,0.86,1.0
15,RF,0.87,1.0
15,RF,0.88,1.0
15,RF,0.89,1.0
15,RF,0.9,1.0
15,RF,0.91,1.0
15,RF,0.92,1.0
15,RF,0.93,1.0
15,RF,0.9400000000000001,1.0
15,RF,0.9500000000000001,1.0
15,RF,0.96,1.0
15,RF,0.97,1.0
15,RF,0.98,1.0
15,RF,0.99,1.0
15,RF,1.0,1.0
16,LR,0.0,0.41025641025641024
16,LR,0.01,0.4230769230769231
16,LR,0.02,0.5128205128205128
16,LR,0.03,0.6282051282051282
16,LR,0.04,0.6410256410256411
16,LR,0.05,0.782051282051282
16,LR,0.06,0.782051282051282
16,LR,0.07,0.8333333333333334
16,LR,0.08,0.8461538461538461
16,LR,0.09,0.8846153846153846
16,LR,0.1,0.8846153846153846
16,LR,0.11,0.8846153846153846
16,LR,0.12,0.8846153846153846
16,LR,0.13,0.8974358974358975
16,LR,0.14,0.9230769230769231
16,LR,0.15,0.9230769230769231
16,LR,0.16,0.9358974358974359
16,LR,0.17,0.9358974358974359
16,LR,0.18,0.9358974358974359
16,LR,0.19,0.9358974358974359
16,LR,0.2,0.9358974358974359
16,LR,0.21,0.9358974358974359
16,LR,0.22,0.9358974358974359
16,LR,0.23,0.9358974358974359
16,LR,0.24,0.9358974358974359
16,LR,0.25,0.9358974358974359
16,LR,0.26,0.9358974358974359
16,LR,0.27,0.9358974358974359
16,LR,0.28,0.9358974358974359
16,LR,0.29,0.9358974358974359
16,LR,0.3,0.9358974358974359
16,LR,0.31,0.9358974358974359
16,LR,0.32,0.9358974358974359
16,LR,0.33,0.9358974358974359
16,LR,0.34,0.9358974358974359
16,LR,0.35000000000000003,0.9358974358974359
16,LR,0.36,0.9358974358974359
16,LR,0.37,0.9358974358974359
16,LR,0.38,0.9487179487179487
16,LR,0.39,0.9615384615384616
16,LR,0.4,0.9615384615384616
16,LR,0.41000000000000003,0.9615384615384616
16,LR,0.42,0.9615384615384616
16,LR,0.43,0.9615384615384616
16,LR,0.44,0.9743589743589743
16,LR,0.45,0.9743589743589743
16,LR,0.46,0.9743589743589743
16,LR,0.47000000000000003,0.9743589743589743
16,LR,0.48,0.9871794871794872
16,LR,0.49,0.9871794871794872
16,LR,0.5,0.9871794871794872
16,LR,0.51,0.9871794871794872
16,LR,0.52,0.9871794871794872
16,LR,0.53,0.9871794871794872
16,LR,0.54,0.9871794871794872
16,LR,0.55,0.9871794871794872
16,LR,0.56,0.9871794871794872
16,LR,0.5700000000000001,0.9871794871794872
16,LR,0.58,0.9871794871794872
16,LR,0.59,0.9871794871794872
16,LR,0.6,0.9871794871794872
16,LR,0.61,0.9871794871794872
16,LR,0.62,0.9871794871794872
16,LR,0.63,0.9871794871794872
16,LR,0.64,0.9871794871794872
16,LR,0.65,0.9871794871794872
16,LR,0.66,0.9871794871794872
16,LR,0.67,0.9871794871794872
16,LR,0.68,0.9871794871794872
16,LR,0.6900000000000001,0.9871794871794872
16,LR,0.7000000000000001,0.9871794871794872
16,LR,0.71,0.9871794871794872
16,LR,0.72,0.9871794871794872
16,LR,0.73,0.9871794871794872
16,LR,0.74,1.0
16,LR,0.75,1.0
16,LR,0.76,1.0
16,LR,0.77,1.0
16,LR,0.78,1.0
16,LR,0.79,1.0
16,LR,0.8,1.0
16,LR,0.81,1.0
16,LR,0.8200000000000001,1.0
16,LR,0.8300000000000001,1.0
16,LR,0.84,1.0
16,LR,0.85,1.0
16,LR,0.86,1.0
16,LR,0.87,1.0
16,LR,0.88,1.0
16,LR,0.89,1.0
16,LR,0.9,1.0
16,LR,0.91,1.0
16,LR,0.92,1.0
16,LR,0.93,1.0
16,LR,0.9400000000000001,1.0
16,LR,0.9500000000000001,1.0
16,LR,0.96,1.0
16,LR,0.97,1.0
16,LR,0.98,1.0
16,LR,0.99,1.0
16,LR,1.0,1.0
16,GAM,0.0,0.41025641025641024
16,GAM,0.01,0.47435897435897434
16,GAM,0.02,0.5769230769230769
16,GAM,0.03,0.6794871794871795
16,GAM,0.04,0.6794871794871795
16,GAM,0.05,0.782051282051282
16,GAM,0.06,0.7948717948717948
16,GAM,0.07,0.8076923076923077
16,GAM,0.08,0.8717948717948718
16,GAM,0.09,0.8846153846153846
16,GAM,0.1,0.8846153846153846
16,GAM,0.11,0.8846153846153846
16,GAM,0.12,0.9102564102564102
16,GAM,0.13,0.9102564102564102
16,GAM,0.14,0.9102564102564102
16,GAM,0.15,0.9102564102564102
16,GAM,0.16,0.9230769230769231
16,GAM,0.17,0.9230769230769231
16,GAM,0.18,0.9358974358974359
16,GAM,0.19,0.9358974358974359
16,GAM,0.2,0.9358974358974359
16,GAM,0.21,0.9358974358974359
16,GAM,0.22,0.9358974358974359
16,GAM,0.23,0.9358974358974359
16,GAM,0.24,0.9358974358974359
16,GAM,0.25,0.9358974358974359
16,GAM,0.26,0.9358974358974359
16,GAM,0.27,0.9358974358974359
16,GAM,0.28,0.9358974358974359
16,GAM,0.29,0.9487179487179487
16,GAM,0.3,0.9487179487179487
16,GAM,0.31,0.9487179487179487
16,GAM,0.32,0.9487179487179487
16,GAM,0.33,0.9615384615384616
16,GAM,0.34,0.9615384615384616
16,GAM,0.35000000000000003,0.9615384615384616
16,GAM,0.36,0.9615384615384616
16,GAM,0.37,0.9615384615384616
16,GAM,0.38,0.9743589743589743
16,GAM,0.39,0.9743589743589743
16,GAM,0.4,0.9743589743589743
16,GAM,0.41000000000000003,0.9743589743589743
16,GAM,0.42,0.9743589743589743
16,GAM,0.43,0.9743589743589743
16,GAM,0.44,0.9743589743589743
16,GAM,0.45,0.9743589743589743
16,GAM,0.46,0.9743589743589743
16,GAM,0.47000000000000003,0.9871794871794872
16,GAM,0.48,0.9871794871794872
16,GAM,0.49,0.9871794871794872
16,GAM,0.5,0.9871794871794872
16,GAM,0.51,0.9871794871794872
16,GAM,0.52,0.9871794871794872
16,GAM,0.53,0.9871794871794872
16,GAM,0.54,0.9871794871794872
16,GAM,0.55,0.9871794871794872
16,GAM,0.56,0.9871794871794872
16,GAM,0.5700000000000001,0.9871794871794872
16,GAM,0.58,0.9871794871794872
16,GAM,0.59,0.9871794871794872
16,GAM,0.6,0.9871794871794872
16,GAM,0.61,0.9871794871794872
16,GAM,0.62,0.9871794871794872
16,GAM,0.63,0.9871794871794872
16,GAM,0.64,0.9871794871794872
16,GAM,0.65,0.9871794871794872
16,GAM,0.66,1.0
16,GAM,0.67,1.0
16,GAM,0.68,1.0
16,GAM,0.6900000000000001,1.0
16,GAM,0.7000000000000001,1.0
16,GAM,0.71,1.0
16,GAM,0.72,1.0
16,GAM,0.73,1.0
16,GAM,0.74,1.0
16,GAM,0.75,1.0
16,GAM,0.76,1.0
16,GAM,0.77,1.0
16,GAM,0.78,1.0
16,GAM,0.79,1.0
16,GAM,0.8,1.0
16,GAM,0.81,1.0
16,GAM,0.8200000000000001,1.0
16,GAM,0.8300000000000001,1.0
16,GAM,0.84,1.0
16,GAM,0.85,1.0
16,GAM,0.86,1.0
16,GAM,0.87,1.0
16,GAM,0.88,1.0
16,GAM,0.89,1.0
16,GAM,0.9,1.0
16,GAM,0.91,1.0
16,GAM,0.92,1.0
16,GAM,0.93,1.0
16,GAM,0.9400000000000001,1.0
16,GAM,0.9500000000000001,1.0
16,GAM,0.96,1.0
16,GAM,0.97,1.0
16,GAM,0.98,1.0
16,GAM,0.99,1.0
16,GAM,1.0,1.0
16,RF,0.0,0.38461538461538464
16,RF,0.01,0.46153846153846156
16,RF,0.02,0.5256410256410257
16,RF,0.03,0.6153846153846154
16,RF,0.04,0.6666666666666666
16,RF,0.05,0.8076923076923077
16,RF,0.06,0.8461538461538461
16,RF,0.07,0.8461538461538461
16,RF,0.08,0.9102564102564102
16,RF,0.09,0.9102564102564102
16,RF,0.1,0.9102564102564102
16,RF,0.11,0.9230769230769231
16,RF,0.12,0.9230769230769231
16,RF,0.13,0.9230769230769231
16,RF,0.14,0.9230769230769231
16,RF,0.15,0.9230769230769231
16,RF,0.16,0.9358974358974359
16,RF,0.17,0.9358974358974359
16,RF,0.18,0.9487179487179487
16,RF,0.19,0.9615384615384616
16,RF,0.2,0.9615384615384616
16,RF,0.21,0.9743589743589743
16,RF,0.22,0.9743589743589743
16,RF,0.23,0.9743589743589743
16,RF,0.24,0.9743589743589743
16,RF,0.25,0.9871794871794872
16,RF,0.26,0.9871794871794872
16,RF,0.27,0.9871794871794872
16,RF,0.28,0.9871794871794872
16,RF,0.29,0.9871794871794872
16,RF,0.3,0.9871794871794872
16,RF,0.31,0.9871794871794872
16,RF,0.32,0.9871794871794872
16,RF,0.33,0.9871794871794872
16,RF,0.34,0.9871794871794872
16,RF,0.35000000000000003,0.9871794871794872
16,RF,0.36,1.0
16,RF,0.37,1.0
16,RF,0.38,1.0
16,RF,0.39,1.0
16,RF,0.4,1.0
16,RF,0.41000000000000003,1.0
16,RF,0.42,1.0
16,RF,0.43,1.0
16,RF,0.44,1.0
16,RF,0.45,1.0
16,RF,0.46,1.0
16,RF,0.47000000000000003,1.0
16,RF,0.48,1.0
16,RF,0.49,1.0
16,RF,0.5,1.0
16,RF,0.51,1.0
16,RF,0.52,1.0
16,RF,0.53,1.0
16,RF,0.54,1.0
16,RF,0.55,1.0
16,RF,0.56,1.0
16,RF,0.5700000000000001,1.0
16,RF,0.58,1.0
16,RF,0.59,1.0
16,RF,0.6,1.0
16,RF,0.61,1.0
16,RF,0.62,1.0
16,RF,0.63,1.0
16,RF,0.64,1.0
16,RF,0.65,1.0
16,RF,0.66,1.0
16,RF,0.67,1.0
16,RF,0.68,1.0
16,RF,0.6900000000000001,1.0
16,RF,0.7000000000000001,1.0
16,RF,0.71,1.0
16,RF,0.72,1.0
16,RF,0.73,1.0
16,RF,0.74,1.0
16,RF,0.75,1.0
16,RF,0.76,1.0
16,RF,0.77,1.0
16,RF,0.78,1.0
16,RF,0.79,1.0
16,RF,0.8,1.0
16,RF,0.81,1.0
16,RF,0.8200000000000001,1.0
16,RF,0.8300000000000001,1.0
16,RF,0.84,1.0
16,RF,0.85,1.0
16,RF,0.86,1.0
16,RF,0.87,1.0
16,RF,0.88,1.0
16,RF,0.89,1.0
16,RF,0.9,1.0
16,RF,0.91,1.0
16,RF,0.92,1.0
16,RF,0.93,1.0
16,RF,0.9400000000000001,1.0
16,RF,0.9500000000000001,1.0
16,RF,0.96,1.0
16,RF,0.97,1.0
16,RF,0.98,1.0
16,RF,0.99,1.0
16,RF,1.0,1.0
17,LR,0.0,0.29333333333333333
17,LR,0.01,0.5333333333333333
17,LR,0.02,0.6666666666666666
17,LR,0.03,0.7466666666666667
17,LR,0.04,0.7866666666666666
17,LR,0.05,0.8
17,LR,0.06,0.8266666666666667
17,LR,0.07,0.84
17,LR,0.08,0.8533333333333334
17,LR,0.09,0.8933333333333333
17,LR,0.1,0.8933333333333333
17,LR,0.11,0.8933333333333333
17,LR,0.12,0.8933333333333333
17,LR,0.13,0.8933333333333333
17,LR,0.14,0.8933333333333333
17,LR,0.15,0.8933333333333333
17,LR,0.16,0.92
17,LR,0.17,0.92
17,LR,0.18,0.92
17,LR,0.19,0.9333333333333333
17,LR,0.2,0.9333333333333333
17,LR,0.21,0.9466666666666667
17,LR,0.22,0.9466666666666667
17,LR,0.23,0.9466666666666667
17,LR,0.24,0.9466666666666667
17,LR,0.25,0.96
17,LR,0.26,0.96
17,LR,0.27,0.96
17,LR,0.28,0.96
17,LR,0.29,0.96
17,LR,0.3,0.96
17,LR,0.31,0.96
17,LR,0.32,0.96
17,LR,0.33,0.96
17,LR,0.34,0.96
17,LR,0.35000000000000003,0.96
17,LR,0.36,0.96
17,LR,0.37,0.96
17,LR,0.38,0.96
17,LR,0.39,0.96
17,LR,0.4,0.96
17,LR,0.41000000000000003,0.96
17,LR,0.42,0.96
17,LR,0.43,0.96
17,LR,0.44,0.9733333333333334
17,LR,0.45,0.9733333333333334
17,LR,0.46,0.9733333333333334
17,LR,0.47000000000000003,0.9733333333333334
17,LR,0.48,0.9733333333333334
17,LR,0.49,0.9733333333333334
17,LR,0.5,0.9733333333333334
17,LR,0.51,0.9733333333333334
17,LR,0.52,0.9733333333333334
17,LR,0.53,0.9733333333333334
17,LR,0.54,0.9733333333333334
17,LR,0.55,0.9733333333333334
17,LR,0.56,0.9733333333333334
17,LR,0.5700000000000001,0.9733333333333334
17,LR,0.58,0.9733333333333334
17,LR,0.59,0.9733333333333334
17,LR,0.6,0.9733333333333334
17,LR,0.61,0.9866666666666667
17,LR,0.62,0.9866666666666667
17,LR,0.63,0.9866666666666667
17,LR,0.64,0.9866666666666667
17,LR,0.65,0.9866666666666667
17,LR,0.66,0.9866666666666667
17,LR,0.67,0.9866666666666667
17,LR,0.68,0.9866666666666667
17,LR,0.6900000000000001,0.9866666666666667
17,LR,0.7000000000000001,0.9866666666666667
17,LR,0.71,0.9866666666666667
17,LR,0.72,0.9866666666666667
17,LR,0.73,0.9866666666666667
17,LR,0.74,0.9866666666666667
17,LR,0.75,0.9866666666666667
17,LR,0.76,0.9866666666666667
17,LR,0.77,0.9866666666666667
17,LR,0.78,0.9866666666666667
17,LR,0.79,0.9866666666666667
17,LR,0.8,1.0
17,LR,0.81,1.0
17,LR,0.8200000000000001,1.0
17,LR,0.8300000000000001,1.0
17,LR,0.84,1.0
17,LR,0.85,1.0
17,LR,0.86,1.0
17,LR,0.87,1.0
17,LR,0.88,1.0
17,LR,0.89,1.0
17,LR,0.9,1.0
17,LR,0.91,1.0
17,LR,0.92,1.0
17,LR,0.93,1.0
17,LR,0.9400000000000001,1.0
17,LR,0.9500000000000001,1.0
17,LR,0.96,1.0
17,LR,0.97,1.0
17,LR,0.98,1.0
17,LR,0.99,1.0
17,LR,1.0,1.0
17,GAM,0.0,0.4
17,GAM,0.01,0.56
17,GAM,0.02,0.6666666666666666
17,GAM,0.03,0.7733333333333333
17,GAM,0.04,0.8
17,GAM,0.05,0.8266666666666667
17,GAM,0.06,0.8266666666666667
17,GAM,0.07,0.8666666666666667
17,GAM,0.08,0.8666666666666667
17,GAM,0.09,0.8666666666666667
17,GAM,0.1,0.88
17,GAM,0.11,0.88
17,GAM,0.12,0.9066666666666666
17,GAM,0.13,0.9066666666666666
17,GAM,0.14,0.9066666666666666
17,GAM,0.15,0.92
17,GAM,0.16,0.92
17,GAM,0.17,0.92
17,GAM,0.18,0.92
17,GAM,0.19,0.92
17,GAM,0.2,0.92
17,GAM,0.21,0.92
17,GAM,0.22,0.92
17,GAM,0.23,0.9333333333333333
17,GAM,0.24,0.9333333333333333
17,GAM,0.25,0.9333333333333333
17,GAM,0.26,0.9333333333333333
17,GAM,0.27,0.9333333333333333
17,GAM,0.28,0.9466666666666667
17,GAM,0.29,0.9466666666666667
17,GAM,0.3,0.9466666666666667
17,GAM,0.31,0.9466666666666667
17,GAM,0.32,0.9466666666666667
17,GAM,0.33,0.9466666666666667
17,GAM,0.34,0.9466666666666667
17,GAM,0.35000000000000003,0.96
17,GAM,0.36,0.96
17,GAM,0.37,0.96
17,GAM,0.38,0.96
17,GAM,0.39,0.96
17,GAM,0.4,0.96
17,GAM,0.41000000000000003,0.96
17,GAM,0.42,0.96
17,GAM,0.43,0.96
17,GAM,0.44,0.96
17,GAM,0.45,0.96
17,GAM,0.46,0.9866666666666667
17,GAM,0.47000000000000003,0.9866666666666667
17,GAM,0.48,0.9866666666666667
17,GAM,0.49,0.9866666666666667
17,GAM,0.5,0.9866666666666667
17,GAM,0.51,0.9866666666666667
17,GAM,0.52,0.9866666666666667
17,GAM,0.53,0.9866666666666667
17,GAM,0.54,0.9866666666666667
17,GAM,0.55,0.9866666666666667
17,GAM,0.56,0.9866666666666667
17,GAM,0.5700000000000001,0.9866666666666667
17,GAM,0.58,0.9866666666666667
17,GAM,0.59,0.9866666666666667
17,GAM,0.6,0.9866666666666667
17,GAM,0.61,0.9866666666666667
17,GAM,0.62,0.9866666666666667
17,GAM,0.63,0.9866666666666667
17,GAM,0.64,0.9866666666666667
17,GAM,0.65,0.9866666666666667
17,GAM,0.66,0.9866666666666667
17,GAM,0.67,0.9866666666666667
17,GAM,0.68,0.9866666666666667
17,GAM,0.6900000000000001,0.9866666666666667
17,GAM,0.7000000000000001,0.9866666666666667
17,GAM,0.71,0.9866666666666667
17,GAM,0.72,0.9866666666666667
17,GAM,0.73,0.9866666666666667
17,GAM,0.74,0.9866666666666667
17,GAM,0.75,1.0
17,GAM,0.76,1.0
17,GAM,0.77,1.0
17,GAM,0.78,1.0
17,GAM,0.79,1.0
17,GAM,0.8,1.0
17,GAM,0.81,1.0
17,GAM,0.8200000000000001,1.0
17,GAM,0.8300000000000001,1.0
17,GAM,0.84,1.0
17,GAM,0.85,1.0
17,GAM,0.86,1.0
17,GAM,0.87,1.0
17,GAM,0.88,1.0
17,GAM,0.89,1.0
17,GAM,0.9,1.0
17,GAM,0.91,1.0
17,GAM,0.92,1.0
17,GAM,0.93,1.0
17,GAM,0.9400000000000001,1.0
17,GAM,0.9500000000000001,1.0
17,GAM,0.96,1.0
17,GAM,0.97,1.0
17,GAM,0.98,1.0
17,GAM,0.99,1.0
17,GAM,1.0,1.0
17,RF,0.0,0.41333333333333333
17,RF,0.01,0.5333333333333333
17,RF,0.02,0.7333333333333333
17,RF,0.03,0.7733333333333333
17,RF,0.04,0.8266666666666667
17,RF,0.05,0.8666666666666667
17,RF,0.06,0.8666666666666667
17,RF,0.07,0.8933333333333333
17,RF,0.08,0.8933333333333333
17,RF,0.09,0.8933333333333333
17,RF,0.1,0.8933333333333333
17,RF,0.11,0.8933333333333333
17,RF,0.12,0.8933333333333333
17,RF,0.13,0.8933333333333333
17,RF,0.14,0.8933333333333333
17,RF,0.15,0.8933333333333333
17,RF,0.16,0.9066666666666666
17,RF,0.17,0.9066666666666666
17,RF,0.18,0.92
17,RF,0.19,0.9333333333333333
17,RF,0.2,0.9333333333333333
17,RF,0.21,0.9466666666666667
17,RF,0.22,0.9466666666666667
17,RF,0.23,0.9466666666666667
17,RF,0.24,0.9466666666666667
17,RF,0.25,0.96
17,RF,0.26,0.96
17,RF,0.27,0.96
17,RF,0.28,0.96
17,RF,0.29,0.96
17,RF,0.3,0.9733333333333334
17,RF,0.31,0.9733333333333334
17,RF,0.32,0.9733333333333334
17,RF,0.33,0.9733333333333334
17,RF,0.34,0.9733333333333334
17,RF,0.35000000000000003,0.9733333333333334
17,RF,0.36,0.9733333333333334
17,RF,0.37,0.9733333333333334
17,RF,0.38,0.9733333333333334
17,RF,0.39,0.9733333333333334
17,RF,0.4,0.9733333333333334
17,RF,0.41000000000000003,0.9733333333333334
17,RF,0.42,0.9733333333333334
17,RF,0.43,0.9733333333333334
17,RF,0.44,0.9733333333333334
17,RF,0.45,0.9733333333333334
17,RF,0.46,0.9733333333333334
17,RF,0.47000000000000003,0.9733333333333334
17,RF,0.48,0.9733333333333334
17,RF,0.49,0.9733333333333334
17,RF,0.5,0.9733333333333334
17,RF,0.51,0.9733333333333334
17,RF,0.52,0.9733333333333334
17,RF,0.53,0.9733333333333334
17,RF,0.54,0.9733333333333334
17,RF,0.55,0.9733333333333334
17,RF,0.56,0.9733333333333334
17,RF,0.5700000000000001,0.9733333333333334
17,RF,0.58,0.9733333333333334
17,RF,0.59,0.9733333333333334
17,RF,0.6,0.9733333333333334
17,RF,0.61,0.9733333333333334
17,RF,0.62,0.9733333333333334
17,RF,0.63,0.9733333333333334
17,RF,0.64,0.9733333333333334
17,RF,0.65,0.9733333333333334
17,RF,0.66,0.9733333333333334
17,RF,0.67,0.9733333333333334
17,RF,0.68,0.9733333333333334
17,RF,0.6900000000000001,0.9733333333333334
17,RF,0.7000000000000001,0.9733333333333334
17,RF,0.71,0.9733333333333334
17,RF,0.72,0.9733333333333334
17,RF,0.73,0.9733333333333334
17,RF,0.74,0.9733333333333334
17,RF,0.75,0.9733333333333334
17,RF,0.76,0.9866666666666667
17,RF,0.77,0.9866666666666667
17,RF,0.78,0.9866666666666667
17,RF,0.79,0.9866666666666667
17,RF,0.8,0.9866666666666667
17,RF,0.81,0.9866666666666667
17,RF,0.8200000000000001,0.9866666666666667
17,RF,0.8300000000000001,0.9866666666666667
17,RF,0.84,0.9866666666666667
17,RF,0.85,0.9866666666666667
17,RF,0.86,0.9866666666666667
17,RF,0.87,0.9866666666666667
17,RF,0.88,0.9866666666666667
17,RF,0.89,0.9866666666666667
17,RF,0.9,0.9866666666666667
17,RF,0.91,0.9866666666666667
17,RF,0.92,0.9866666666666667
17,RF,0.93,0.9866666666666667
17,RF,0.9400000000000001,0.9866666666666667
17,RF,0.9500000000000001,0.9866666666666667
17,RF,0.96,1.0
17,RF,0.97,1.0
17,RF,0.98,1.0
17,RF,0.99,1.0
17,RF,1.0,1.0
18,LR,0.0,0.5068493150684932
18,LR,0.01,0.5753424657534246
18,LR,0.02,0.6301369863013698
18,LR,0.03,0.7671232876712328
18,LR,0.04,0.7808219178082192
18,LR,0.05,0.821917808219178
18,LR,0.06,0.821917808219178
18,LR,0.07,0.8767123287671232
18,LR,0.08,0.8767123287671232
18,LR,0.09,0.9178082191780822
18,LR,0.1,0.9315068493150684
18,LR,0.11,0.9452054794520548
18,LR,0.12,0.9452054794520548
18,LR,0.13,0.9452054794520548
18,LR,0.14,0.9452054794520548
18,LR,0.15,0.9452054794520548
18,LR,0.16,0.9452054794520548
18,LR,0.17,0.9452054794520548
18,LR,0.18,0.9452054794520548
18,LR,0.19,0.9452054794520548
18,LR,0.2,0.9452054794520548
18,LR,0.21,0.9452054794520548
18,LR,0.22,0.9452054794520548
18,LR,0.23,0.9452054794520548
18,LR,0.24,0.9452054794520548
18,LR,0.25,0.9452054794520548
18,LR,0.26,0.9452054794520548
18,LR,0.27,0.9452054794520548
18,LR,0.28,0.958904109589041
18,LR,0.29,0.958904109589041
18,LR,0.3,0.958904109589041
18,LR,0.31,0.958904109589041
18,LR,0.32,0.958904109589041
18,LR,0.33,0.958904109589041
18,LR,0.34,0.958904109589041
18,LR,0.35000000000000003,0.958904109589041
18,LR,0.36,0.958904109589041
18,LR,0.37,0.958904109589041
18,LR,0.38,0.958904109589041
18,LR,0.39,0.9726027397260274
18,LR,0.4,0.9726027397260274
18,LR,0.41000000000000003,0.9726027397260274
18,LR,0.42,0.9726027397260274
18,LR,0.43,0.9726027397260274
18,LR,0.44,0.9726027397260274
18,LR,0.45,0.9726027397260274
18,LR,0.46,0.9726027397260274
18,LR,0.47000000000000003,0.9726027397260274
18,LR,0.48,0.9726027397260274
18,LR,0.49,0.9726027397260274
18,LR,0.5,0.9726027397260274
18,LR,0.51,0.9726027397260274
18,LR,0.52,0.9863013698630136
18,LR,0.53,1.0
18,LR,0.54,1.0
18,LR,0.55,1.0
18,LR,0.56,1.0
18,LR,0.5700000000000001,1.0
18,LR,0.58,1.0
18,LR,0.59,1.0
18,LR,0.6,1.0
18,LR,0.61,1.0
18,LR,0.62,1.0
18,LR,0.63,1.0
18,LR,0.64,1.0
18,LR,0.65,1.0
18,LR,0.66,1.0
18,LR,0.67,1.0
18,LR,0.68,1.0
18,LR,0.6900000000000001,1.0
18,LR,0.7000000000000001,1.0
18,LR,0.71,1.0
18,LR,0.72,1.0
18,LR,0.73,1.0
18,LR,0.74,1.0
18,LR,0.75,1.0
18,LR,0.76,1.0
18,LR,0.77,1.0
18,LR,0.78,1.0
18,LR,0.79,1.0
18,LR,0.8,1.0
18,LR,0.81,1.0
18,LR,0.8200000000000001,1.0
18,LR,0.8300000000000001,1.0
18,LR,0.84,1.0
18,LR,0.85,1.0
18,LR,0.86,1.0
18,LR,0.87,1.0
18,LR,0.88,1.0
18,LR,0.89,1.0
18,LR,0.9,1.0
18,LR,0.91,1.0
18,LR,0.92,1.0
18,LR,0.93,1.0
18,LR,0.9400000000000001,1.0
18,LR,0.9500000000000001,1.0
18,LR,0.96,1.0
18,LR,0.97,1.0
18,LR,0.98,1.0
18,LR,0.99,1.0
18,LR,1.0,1.0
18,GAM,0.0,0.4931506849315068
18,GAM,0.01,0.5068493150684932
18,GAM,0.02,0.6438356164383562
18,GAM,0.03,0.684931506849315
18,GAM,0.04,0.7123287671232876
18,GAM,0.05,0.7534246575342466
18,GAM,0.06,0.7808219178082192
18,GAM,0.07,0.8904109589041096
18,GAM,0.08,0.9315068493150684
18,GAM,0.09,0.9315068493150684
18,GAM,0.1,0.9315068493150684
18,GAM,0.11,0.9315068493150684
18,GAM,0.12,0.9315068493150684
18,GAM,0.13,0.9315068493150684
18,GAM,0.14,0.9315068493150684
18,GAM,0.15,0.9315068493150684
18,GAM,0.16,0.9315068493150684
18,GAM,0.17,0.9315068493150684
18,GAM,0.18,0.9452054794520548
18,GAM,0.19,0.9452054794520548
18,GAM,0.2,0.9452054794520548
18,GAM,0.21,0.9452054794520548
18,GAM,0.22,0.9452054794520548
18,GAM,0.23,0.9452054794520548
18,GAM,0.24,0.958904109589041
18,GAM,0.25,0.958904109589041
18,GAM,0.26,0.958904109589041
18,GAM,0.27,0.958904109589041
18,GAM,0.28,0.958904109589041
18,GAM,0.29,0.958904109589041
18,GAM,0.3,0.9726027397260274
18,GAM,0.31,0.9726027397260274
18,GAM,0.32,0.9726027397260274
18,GAM,0.33,0.9726027397260274
18,GAM,0.34,0.9726027397260274
18,GAM,0.35000000000000003,0.9726027397260274
18,GAM,0.36,0.9726027397260274
18,GAM,0.37,0.9726027397260274
18,GAM,0.38,0.9726027397260274
18,GAM,0.39,0.9726027397260274
18,GAM,0.4,0.9726027397260274
18,GAM,0.41000000000000003,0.9726027397260274
18,GAM,0.42,0.9726027397260274
18,GAM,0.43,0.9726027397260274
18,GAM,0.44,0.9726027397260274
18,GAM,0.45,0.9726027397260274
18,GAM,0.46,0.9863013698630136
18,GAM,0.47000000000000003,0.9863013698630136
18,GAM,0.48,1.0
18,GAM,0.49,1.0
18,GAM,0.5,1.0
18,GAM,0.51,1.0
18,GAM,0.52,1.0
18,GAM,0.53,1.0
18,GAM,0.54,1.0
18,GAM,0.55,1.0
18,GAM,0.56,1.0
18,GAM,0.5700000000000001,1.0
18,GAM,0.58,1.0
18,GAM,0.59,1.0
18,GAM,0.6,1.0
18,GAM,0.61,1.0
18,GAM,0.62,1.0
18,GAM,0.63,1.0
18,GAM,0.64,1.0
18,GAM,0.65,1.0
18,GAM,0.66,1.0
18,GAM,0.67,1.0
18,GAM,0.68,1.0
18,GAM,0.6900000000000001,1.0
18,GAM,0.7000000000000001,1.0
18,GAM,0.71,1.0
18,GAM,0.72,1.0
18,GAM,0.73,1.0
18,GAM,0.74,1.0
18,GAM,0.75,1.0
18,GAM,0.76,1.0
18,GAM,0.77,1.0
18,GAM,0.78,1.0
18,GAM,0.79,1.0
18,GAM,0.8,1.0
18,GAM,0.81,1.0
18,GAM,0.8200000000000001,1.0
18,GAM,0.8300000000000001,1.0
18,GAM,0.84,1.0
18,GAM,0.85,1.0
18,GAM,0.86,1.0
18,GAM,0.87,1.0
18,GAM,0.88,1.0
18,GAM,0.89,1.0
18,GAM,0.9,1.0
18,GAM,0.91,1.0
18,GAM,0.92,1.0
18,GAM,0.93,1.0
18,GAM,0.9400000000000001,1.0
18,GAM,0.9500000000000001,1.0
18,GAM,0.96,1.0
18,GAM,0.97,1.0
18,GAM,0.98,1.0
18,GAM,0.99,1.0
18,GAM,1.0,1.0
18,RF,0.0,0.410958904109589
18,RF,0.01,0.4794520547945205
18,RF,0.02,0.6164383561643836
18,RF,0.03,0.7534246575342466
18,RF,0.04,0.8082191780821918
18,RF,0.05,0.8356164383561644
18,RF,0.06,0.8493150684931506
18,RF,0.07,0.8767123287671232
18,RF,0.08,0.9178082191780822
18,RF,0.09,0.9452054794520548
18,RF,0.1,0.9452054794520548
18,RF,0.11,0.958904109589041
18,RF,0.12,0.958904109589041
18,RF,0.13,0.9726027397260274
18,RF,0.14,0.9726027397260274
18,RF,0.15,0.9726027397260274
18,RF,0.16,0.9726027397260274
18,RF,0.17,0.9726027397260274
18,RF,0.18,0.9726027397260274
18,RF,0.19,0.9726027397260274
18,RF,0.2,0.9726027397260274
18,RF,0.21,0.9726027397260274
18,RF,0.22,0.9726027397260274
18,RF,0.23,0.9726027397260274
18,RF,0.24,0.9726027397260274
18,RF,0.25,0.9726027397260274
18,RF,0.26,0.9726027397260274
18,RF,0.27,0.9726027397260274
18,RF,0.28,0.9726027397260274
18,RF,0.29,0.9726027397260274
18,RF,0.3,0.9726027397260274
18,RF,0.31,0.9726027397260274
18,RF,0.32,0.9726027397260274
18,RF,0.33,0.9726027397260274
18,RF,0.34,0.9726027397260274
18,RF,0.35000000000000003,0.9863013698630136
18,RF,0.36,0.9863013698630136
18,RF,0.37,0.9863013698630136
18,RF,0.38,0.9863013698630136
18,RF,0.39,0.9863013698630136
18,RF,0.4,0.9863013698630136
18,RF,0.41000000000000003,0.9863013698630136
18,RF,0.42,1.0
18,RF,0.43,1.0
18,RF,0.44,1.0
18,RF,0.45,1.0
18,RF,0.46,1.0
18,RF,0.47000000000000003,1.0
18,RF,0.48,1.0
18,RF,0.49,1.0
18,RF,0.5,1.0
18,RF,0.51,1.0
18,RF,0.52,1.0
18,RF,0.53,1.0
18,RF,0.54,1.0
18,RF,0.55,1.0
18,RF,0.56,1.0
18,RF,0.5700000000000001,1.0
18,RF,0.58,1.0
18,RF,0.59,1.0
18,RF,0.6,1.0
18,RF,0.61,1.0
18,RF,0.62,1.0
18,RF,0.63,1.0
18,RF,0.64,1.0
18,RF,0.65,1.0
18,RF,0.66,1.0
18,RF,0.67,1.0
18,RF,0.68,1.0
18,RF,0.6900000000000001,1.0
18,RF,0.7000000000000001,1.0
18,RF,0.71,1.0
18,RF,0.72,1.0
18,RF,0.73,1.0
18,RF,0.74,1.0
18,RF,0.75,1.0
18,RF,0.76,1.0
18,RF,0.77,1.0
18,RF,0.78,1.0
18,RF,0.79,1.0
18,RF,0.8,1.0
18,RF,0.81,1.0
18,RF,0.8200000000000001,1.0
18,RF,0.8300000000000001,1.0
18,RF,0.84,1.0
18,RF,0.85,1.0
18,RF,0.86,1.0
18,RF,0.87,1.0
18,RF,0.88,1.0
18,RF,0.89,1.0
18,RF,0.9,1.0
18,RF,0.91,1.0
18,RF,0.92,1.0
18,RF,0.93,1.0
18,RF,0.9400000000000001,1.0
18,RF,0.9500000000000001,1.0
18,RF,0.96,1.0
18,RF,0.97,1.0
18,RF,0.98,1.0
18,RF,0.99,1.0
18,RF,1.0,1.0
19,LR,0.0,0.3880597014925373
19,LR,0.01,0.5074626865671642
19,LR,0.02,0.6119402985074627
19,LR,0.03,0.6567164179104478
19,LR,0.04,0.6865671641791045
19,LR,0.05,0.6865671641791045
19,LR,0.06,0.7164179104477612
19,LR,0.07,0.7761194029850746
19,LR,0.08,0.8059701492537313
19,LR,0.09,0.8059701492537313
19,LR,0.1,0.8208955223880597
19,LR,0.11,0.8805970149253731
19,LR,0.12,0.8805970149253731
19,LR,0.13,0.9104477611940298
19,LR,0.14,0.9253731343283582
19,LR,0.15,0.9253731343283582
19,LR,0.16,0.9552238805970149
19,LR,0.17,0.9552238805970149
19,LR,0.18,0.9552238805970149
19,LR,0.19,0.9701492537313433
19,LR,0.2,0.9701492537313433
19,LR,0.21,0.9701492537313433
19,LR,0.22,0.9701492537313433
19,LR,0.23,0.9701492537313433
19,LR,0.24,0.9850746268656716
19,LR,0.25,0.9850746268656716
19,LR,0.26,0.9850746268656716
19,LR,0.27,0.9850746268656716
19,LR,0.28,0.9850746268656716
19,LR,0.29,0.9850746268656716
19,LR,0.3,0.9850746268656716
19,LR,0.31,0.9850746268656716
19,LR,0.32,0.9850746268656716
19,LR,0.33,0.9850746268656716
19,LR,0.34,0.9850746268656716
19,LR,0.35000000000000003,0.9850746268656716
19,LR,0.36,0.9850746268656716
19,LR,0.37,0.9850746268656716
19,LR,0.38,0.9850746268656716
19,LR,0.39,0.9850746268656716
19,LR,0.4,0.9850746268656716
19,LR,0.41000000000000003,0.9850746268656716
19,LR,0.42,0.9850746268656716
19,LR,0.43,1.0
19,LR,0.44,1.0
19,LR,0.45,1.0
19,LR,0.46,1.0
19,LR,0.47000000000000003,1.0
19,LR,0.48,1.0
19,LR,0.49,1.0
19,LR,0.5,1.0
19,LR,0.51,1.0
19,LR,0.52,1.0
19,LR,0.53,1.0
19,LR,0.54,1.0
19,LR,0.55,1.0
19,LR,0.56,1.0
19,LR,0.5700000000000001,1.0
19,LR,0.58,1.0
19,LR,0.59,1.0
19,LR,0.6,1.0
19,LR,0.61,1.0
19,LR,0.62,1.0
19,LR,0.63,1.0
19,LR,0.64,1.0
19,LR,0.65,1.0
19,LR,0.66,1.0
19,LR,0.67,1.0
19,LR,0.68,1.0
19,LR,0.6900000000000001,1.0
19,LR,0.7000000000000001,1.0
19,LR,0.71,1.0
19,LR,0.72,1.0
19,LR,0.73,1.0
19,LR,0.74,1.0
19,LR,0.75,1.0
19,LR,0.76,1.0
19,LR,0.77,1.0
19,LR,0.78,1.0
19,LR,0.79,1.0
19,LR,0.8,1.0
19,LR,0.81,1.0
19,LR,0.8200000000000001,1.0
19,LR,0.8300000000000001,1.0
19,LR,0.84,1.0
19,LR,0.85,1.0
19,LR,0.86,1.0
19,LR,0.87,1.0
19,LR,0.88,1.0
19,LR,0.89,1.0
19,LR,0.9,1.0
19,LR,0.91,1.0
19,LR,0.92,1.0
19,LR,0.93,1.0
19,LR,0.9400000000000001,1.0
19,LR,0.9500000000000001,1.0
19,LR,0.96,1.0
19,LR,0.97,1.0
19,LR,0.98,1.0
19,LR,0.99,1.0
19,LR,1.0,1.0
19,GAM,0.0,0.4925373134328358
19,GAM,0.01,0.5373134328358209
19,GAM,0.02,0.5970149253731343
19,GAM,0.03,0.6417910447761194
19,GAM,0.04,0.6716417910447762
19,GAM,0.05,0.6716417910447762
19,GAM,0.06,0.7164179104477612
19,GAM,0.07,0.7313432835820896
19,GAM,0.08,0.8208955223880597
19,GAM,0.09,0.8208955223880597
19,GAM,0.1,0.8507462686567164
19,GAM,0.11,0.8507462686567164
19,GAM,0.12,0.9104477611940298
19,GAM,0.13,0.9104477611940298
19,GAM,0.14,0.9104477611940298
19,GAM,0.15,0.9552238805970149
19,GAM,0.16,0.9701492537313433
19,GAM,0.17,0.9850746268656716
19,GAM,0.18,0.9850746268656716
19,GAM,0.19,0.9850746268656716
19,GAM,0.2,0.9850746268656716
19,GAM,0.21,0.9850746268656716
19,GAM,0.22,0.9850746268656716
19,GAM,0.23,0.9850746268656716
19,GAM,0.24,0.9850746268656716
19,GAM,0.25,0.9850746268656716
19,GAM,0.26,0.9850746268656716
19,GAM,0.27,0.9850746268656716
19,GAM,0.28,0.9850746268656716
19,GAM,0.29,0.9850746268656716
19,GAM,0.3,0.9850746268656716
19,GAM,0.31,0.9850746268656716
19,GAM,0.32,0.9850746268656716
19,GAM,0.33,1.0
19,GAM,0.34,1.0
19,GAM,0.35000000000000003,1.0
19,GAM,0.36,1.0
19,GAM,0.37,1.0
19,GAM,0.38,1.0
19,GAM,0.39,1.0
19,GAM,0.4,1.0
19,GAM,0.41000000000000003,1.0
19,GAM,0.42,1.0
19,GAM,0.43,1.0
19,GAM,0.44,1.0
19,GAM,0.45,1.0
19,GAM,0.46,1.0
19,GAM,0.47000000000000003,1.0
19,GAM,0.48,1.0
19,GAM,0.49,1.0
19,GAM,0.5,1.0
19,GAM,0.51,1.0
19,GAM,0.52,1.0
19,GAM,0.53,1.0
19,GAM,0.54,1.0
19,GAM,0.55,1.0
19,GAM,0.56,1.0
19,GAM,0.5700000000000001,1.0
19,GAM,0.58,1.0
19,GAM,0.59,1.0
19,GAM,0.6,1.0
19,GAM,0.61,1.0
19,GAM,0.62,1.0
19,GAM,0.63,1.0
19,GAM,0.64,1.0
19,GAM,0.65,1.0
19,GAM,0.66,1.0
19,GAM,0.67,1.0
19,GAM,0.68,1.0
19,GAM,0.6900000000000001,1.0
19,GAM,0.7000000000000001,1.0
19,GAM,0.71,1.0
19,GAM,0.72,1.0
19,GAM,0.73,1.0
19,GAM,0.74,1.0
19,GAM,0.75,1.0
19,GAM,0.76,1.0
19,GAM,0.77,1.0
19,GAM,0.78,1.0
19,GAM,0.79,1.0
19,GAM,0.8,1.0
19,GAM,0.81,1.0
19,GAM,0.8200000000000001,1.0
19,GAM,0.8300000000000001,1.0
19,GAM,0.84,1.0
19,GAM,0.85,1.0
19,GAM,0.86,1.0
19,GAM,0.87,1.0
19,GAM,0.88,1.0
19,GAM,0.89,1.0
19,GAM,0.9,1.0
19,GAM,0.91,1.0
19,GAM,0.92,1.0
19,GAM,0.93,1.0
19,GAM,0.9400000000000001,1.0
19,GAM,0.9500000000000001,1.0
19,GAM,0.96,1.0
19,GAM,0.97,1.0
19,GAM,0.98,1.0
19,GAM,0.99,1.0
19,GAM,1.0,1.0
19,RF,0.0,0.43283582089552236
19,RF,0.01,0.5671641791044776
19,RF,0.02,0.5671641791044776
19,RF,0.03,0.6119402985074627
19,RF,0.04,0.6716417910447762
19,RF,0.05,0.7910447761194029
19,RF,0.06,0.8059701492537313
19,RF,0.07,0.8059701492537313
19,RF,0.08,0.8507462686567164
19,RF,0.09,0.8507462686567164
19,RF,0.1,0.8805970149253731
19,RF,0.11,0.8805970149253731
19,RF,0.12,0.9253731343283582
19,RF,0.13,0.9253731343283582
19,RF,0.14,0.9402985074626866
19,RF,0.15,0.9402985074626866
19,RF,0.16,0.9552238805970149
19,RF,0.17,0.9552238805970149
19,RF,0.18,0.9552238805970149
19,RF,0.19,0.9701492537313433
19,RF,0.2,0.9701492537313433
19,RF,0.21,0.9701492537313433
19,RF,0.22,0.9701492537313433
19,RF,0.23,0.9701492537313433
19,RF,0.24,0.9701492537313433
19,RF,0.25,0.9850746268656716
19,RF,0.26,0.9850746268656716
19,RF,0.27,0.9850746268656716
19,RF,0.28,0.9850746268656716
19,RF,0.29,0.9850746268656716
19,RF,0.3,0.9850746268656716
19,RF,0.31,0.9850746268656716
19,RF,0.32,0.9850746268656716
19,RF,0.33,1.0
19,RF,0.34,1.0
19,RF,0.35000000000000003,1.0
19,RF,0.36,1.0
19,RF,0.37,1.0
19,RF,0.38,1.0
19,RF,0.39,1.0
19,RF,0.4,1.0
19,RF,0.41000000000000003,1.0
19,RF,0.42,1.0
19,RF,0.43,1.0
19,RF,0.44,1.0
19,RF,0.45,1.0
19,RF,0.46,1.0
19,RF,0.47000000000000003,1.0
19,RF,0.48,1.0
19,RF,0.49,1.0
19,RF,0.5,1.0
19,RF,0.51,1.0
19,RF,0.52,1.0
19,RF,0.53,1.0
19,RF,0.54,1.0
19,RF,0.55,1.0
19,RF,0.56,1.0
19,RF,0.5700000000000001,1.0
19,RF,0.58,1.0
19,RF,0.59,1.0
19,RF,0.6,1.0
19,RF,0.61,1.0
19,RF,0.62,1.0
19,RF,0.63,1.0
19,RF,0.64,1.0
19,RF,0.65,1.0
19,RF,0.66,1.0
19,RF,0.67,1.0
19,RF,0.68,1.0
19,RF,0.6900000000000001,1.0
19,RF,0.7000000000000001,1.0
19,RF,0.71,1.0
19,RF,0.72,1.0
19,RF,0.73,1.0
19,RF,0.74,1.0
19,RF,0.75,1.0
19,RF,0.76,1.0
19,RF,0.77,1.0
19,RF,0.78,1.0
19,RF,0.79,1.0
19,RF,0.8,1.0
19,RF,0.81,1.0
19,RF,0.8200000000000001,1.0
19,RF,0.8300000000000001,1.0
19,RF,0.84,1.0
19,RF,0.85,1.0
19,RF,0.86,1.0
19,RF,0.87,1.0
19,RF,0.88,1.0
19,RF,0.89,1.0
19,RF,0.9,1.0
19,RF,0.91,1.0
19,RF,0.92,1.0
19,RF,0.93,1.0
19,RF,0.9400000000000001,1.0
19,RF,0.9500000000000001,1.0
19,RF,0.96,1.0
19,RF,0.97,1.0
19,RF,0.98,1.0
19,RF,0.99,1.0
19,RF,1.0,1.0
20,LR,0.0,0.1388888888888889
20,LR,0.01,0.4305555555555556
20,LR,0.02,0.5555555555555556
20,LR,0.03,0.7916666666666666
20,LR,0.04,0.8333333333333334
20,LR,0.05,0.8333333333333334
20,LR,0.06,0.8333333333333334
20,LR,0.07,0.8611111111111112
20,LR,0.08,0.8888888888888888
20,LR,0.09,0.8888888888888888
20,LR,0.1,0.8888888888888888
20,LR,0.11,0.9027777777777778
20,LR,0.12,0.9166666666666666
20,LR,0.13,0.9166666666666666
20,LR,0.14,0.9166666666666666
20,LR,0.15,0.9166666666666666
20,LR,0.16,0.9166666666666666
20,LR,0.17,0.9305555555555556
20,LR,0.18,0.9305555555555556
20,LR,0.19,0.9305555555555556
20,LR,0.2,0.9305555555555556
20,LR,0.21,0.9305555555555556
20,LR,0.22,0.9305555555555556
20,LR,0.23,0.9305555555555556
20,LR,0.24,0.9305555555555556
20,LR,0.25,0.9444444444444444
20,LR,0.26,0.9583333333333334
20,LR,0.27,0.9583333333333334
20,LR,0.28,0.9583333333333334
20,LR,0.29,0.9583333333333334
20,LR,0.3,0.9583333333333334
20,LR,0.31,0.9583333333333334
20,LR,0.32,0.9583333333333334
20,LR,0.33,0.9583333333333334
20,LR,0.34,0.9583333333333334
20,LR,0.35000000000000003,0.9583333333333334
20,LR,0.36,0.9722222222222222
20,LR,0.37,0.9722222222222222
20,LR,0.38,0.9722222222222222
20,LR,0.39,0.9722222222222222
20,LR,0.4,0.9722222222222222
20,LR,0.41000000000000003,0.9861111111111112
20,LR,0.42,0.9861111111111112
20,LR,0.43,0.9861111111111112
20,LR,0.44,0.9861111111111112
20,LR,0.45,0.9861111111111112
20,LR,0.46,0.9861111111111112
20,LR,0.47000000000000003,0.9861111111111112
20,LR,0.48,0.9861111111111112
20,LR,0.49,0.9861111111111112
20,LR,0.5,0.9861111111111112
20,LR,0.51,0.9861111111111112
20,LR,0.52,0.9861111111111112
20,LR,0.53,1.0
20,LR,0.54,1.0
20,LR,0.55,1.0
20,LR,0.56,1.0
20,LR,0.5700000000000001,1.0
20,LR,0.58,1.0
20,LR,0.59,1.0
20,LR,0.6,1.0
20,LR,0.61,1.0
20,LR,0.62,1.0
20,LR,0.63,1.0
20,LR,0.64,1.0
20,LR,0.65,1.0
20,LR,0.66,1.0
20,LR,0.67,1.0
20,LR,0.68,1.0
20,LR,0.6900000000000001,1.0
20,LR,0.7000000000000001,1.0
20,LR,0.71,1.0
20,LR,0.72,1.0
20,LR,0.73,1.0
20,LR,0.74,1.0
20,LR,0.75,1.0
20,LR,0.76,1.0
20,LR,0.77,1.0
20,LR,0.78,1.0
20,LR,0.79,1.0
20,LR,0.8,1.0
20,LR,0.81,1.0
20,LR,0.8200000000000001,1.0
20,LR,0.8300000000000001,1.0
20,LR,0.84,1.0
20,LR,0.85,1.0
20,LR,0.86,1.0
20,LR,0.87,1.0
20,LR,0.88,1.0
20,LR,0.89,1.0
20,LR,0.9,1.0
20,LR,0.91,1.0
20,LR,0.92,1.0
20,LR,0.93,1.0
20,LR,0.9400000000000001,1.0
20,LR,0.9500000000000001,1.0
20,LR,0.96,1.0
20,LR,0.97,1.0
20,LR,0.98,1.0
20,LR,0.99,1.0
20,LR,1.0,1.0
20,GAM,0.0,0.125
20,GAM,0.01,0.375
20,GAM,0.02,0.5694444444444444
20,GAM,0.03,0.8194444444444444
20,GAM,0.04,0.8194444444444444
20,GAM,0.05,0.875
20,GAM,0.06,0.875
20,GAM,0.07,0.875
20,GAM,0.08,0.8888888888888888
20,GAM,0.09,0.9027777777777778
20,GAM,0.1,0.9027777777777778
20,GAM,0.11,0.9027777777777778
20,GAM,0.12,0.9027777777777778
20,GAM,0.13,0.9166666666666666
20,GAM,0.14,0.9166666666666666
20,GAM,0.15,0.9305555555555556
20,GAM,0.16,0.9305555555555556
20,GAM,0.17,0.9305555555555556
20,GAM,0.18,0.9305555555555556
20,GAM,0.19,0.9305555555555556
20,GAM,0.2,0.9305555555555556
20,GAM,0.21,0.9305555555555556
20,GAM,0.22,0.9583333333333334
20,GAM,0.23,0.9583333333333334
20,GAM,0.24,0.9583333333333334
20,GAM,0.25,0.9583333333333334
20,GAM,0.26,0.9722222222222222
20,GAM,0.27,0.9722222222222222
20,GAM,0.28,0.9722222222222222
20,GAM,0.29,0.9722222222222222
20,GAM,0.3,0.9722222222222222
20,GAM,0.31,0.9722222222222222
20,GAM,0.32,0.9861111111111112
20,GAM,0.33,0.9861111111111112
20,GAM,0.34,0.9861111111111112
20,GAM,0.35000000000000003,0.9861111111111112
20,GAM,0.36,0.9861111111111112
20,GAM,0.37,0.9861111111111112
20,GAM,0.38,0.9861111111111112
20,GAM,0.39,0.9861111111111112
20,GAM,0.4,0.9861111111111112
20,GAM,0.41000000000000003,0.9861111111111112
20,GAM,0.42,0.9861111111111112
20,GAM,0.43,0.9861111111111112
20,GAM,0.44,1.0
20,GAM,0.45,1.0
20,GAM,0.46,1.0
20,GAM,0.47000000000000003,1.0
20,GAM,0.48,1.0
20,GAM,0.49,1.0
20,GAM,0.5,1.0
20,GAM,0.51,1.0
20,GAM,0.52,1.0
20,GAM,0.53,1.0
20,GAM,0.54,1.0
20,GAM,0.55,1.0
20,GAM,0.56,1.0
20,GAM,0.5700000000000001,1.0
20,GAM,0.58,1.0
20,GAM,0.59,1.0
20,GAM,0.6,1.0
20,GAM,0.61,1.0
20,GAM,0.62,1.0
20,GAM,0.63,1.0
20,GAM,0.64,1.0
20,GAM,0.65,1.0
20,GAM,0.66,1.0
20,GAM,0.67,1.0
20,GAM,0.68,1.0
20,GAM,0.6900000000000001,1.0
20,GAM,0.7000000000000001,1.0
20,GAM,0.71,1.0
20,GAM,0.72,1.0
20,GAM,0.73,1.0
20,GAM,0.74,1.0
20,GAM,0.75,1.0
20,GAM,0.76,1.0
20,GAM,0.77,1.0
20,GAM,0.78,1.0
20,GAM,0.79,1.0
20,GAM,0.8,1.0
20,GAM,0.81,1.0
20,GAM,0.8200000000000001,1.0
20,GAM,0.8300000000000001,1.0
20,GAM,0.84,1.0
20,GAM,0.85,1.0
20,GAM,0.86,1.0
20,GAM,0.87,1.0
20,GAM,0.88,1.0
20,GAM,0.89,1.0
20,GAM,0.9,1.0
20,GAM,0.91,1.0
20,GAM,0.92,1.0
20,GAM,0.93,1.0
20,GAM,0.9400000000000001,1.0
20,GAM,0.9500000000000001,1.0
20,GAM,0.96,1.0
20,GAM,0.97,1.0
20,GAM,0.98,1.0
20,GAM,0.99,1.0
20,GAM,1.0,1.0
20,RF,0.0,0.5555555555555556
20,RF,0.01,0.5972222222222222
20,RF,0.02,0.5972222222222222
20,RF,0.03,0.7777777777777778
20,RF,0.04,0.8333333333333334
20,RF,0.05,0.8333333333333334
20,RF,0.06,0.8333333333333334
20,RF,0.07,0.8472222222222222
20,RF,0.08,0.8611111111111112
20,RF,0.09,0.8888888888888888
20,RF,0.1,0.9027777777777778
20,RF,0.11,0.9444444444444444
20,RF,0.12,0.9444444444444444
20,RF,0.13,0.9444444444444444
20,RF,0.14,0.9444444444444444
20,RF,0.15,0.9583333333333334
20,RF,0.16,0.9583333333333334
20,RF,0.17,0.9722222222222222
20,RF,0.18,0.9722222222222222
20,RF,0.19,0.9722222222222222
20,RF,0.2,0.9722222222222222
20,RF,0.21,0.9722222222222222
20,RF,0.22,0.9861111111111112
20,RF,0.23,0.9861111111111112
20,RF,0.24,0.9861111111111112
20,RF,0.25,0.9861111111111112
20,RF,0.26,0.9861111111111112
20,RF,0.27,0.9861111111111112
20,RF,0.28,0.9861111111111112
20,RF,0.29,0.9861111111111112
20,RF,0.3,0.9861111111111112
20,RF,0.31,0.9861111111111112
20,RF,0.32,0.9861111111111112
20,RF,0.33,0.9861111111111112
20,RF,0.34,1.0
20,RF,0.35000000000000003,1.0
20,RF,0.36,1.0
20,RF,0.37,1.0
20,RF,0.38,1.0
20,RF,0.39,1.0
20,RF,0.4,1.0
20,RF,0.41000000000000003,1.0
20,RF,0.42,1.0
20,RF,0.43,1.0
20,RF,0.44,1.0
20,RF,0.45,1.0
20,RF,0.46,1.0
20,RF,0.47000000000000003,1.0
20,RF,0.48,1.0
20,RF,0.49,1.0
20,RF,0.5,1.0
20,RF,0.51,1.0
20,RF,0.52,1.0
20,RF,0.53,1.0
20,RF,0.54,1.0
20,RF,0.55,1.0
20,RF,0.56,1.0
20,RF,0.5700000000000001,1.0
20,RF,0.58,1.0
20,RF,0.59,1.0
20,RF,0.6,1.0
20,RF,0.61,1.0
20,RF,0.62,1.0
20,RF,0.63,1.0
20,RF,0.64,1.0
20,RF,0.65,1.0
20,RF,0.66,1.0
20,RF,0.67,1.0
20,RF,0.68,1.0
20,RF,0.6900000000000001,1.0
20,RF,0.7000000000000001,1.0
20,RF,0.71,1.0
20,RF,0.72,1.0
20,RF,0.73,1.0
20,RF,0.74,1.0
20,RF,0.75,1.0
20,RF,0.76,1.0
20,RF,0.77,1.0
20,RF,0.78,1.0
20,RF,0.79,1.0
20,RF,0.8,1.0
20,RF,0.81,1.0
20,RF,0.8200000000000001,1.0
20,RF,0.8300000000000001,1.0
20,RF,0.84,1.0
20,RF,0.85,1.0
20,RF,0.86,1.0
20,RF,0.87,1.0
20,RF,0.88,1.0
20,RF,0.89,1.0
20,RF,0.9,1.0
20,RF,0.91,1.0
20,RF,0.92,1.0
20,RF,0.93,1.0
20,RF,0.9400000000000001,1.0
20,RF,0.9500000000000001,1.0
20,RF,0.96,1.0
20,RF,0.97,1.0
20,RF,0.98,1.0
20,RF,0.99,1.0
20,RF,1.0,1.0
21,LR,0.0,0.16666666666666666
21,LR,0.01,0.4861111111111111
21,LR,0.02,0.5277777777777778
21,LR,0.03,0.6666666666666666
21,LR,0.04,0.7361111111111112
21,LR,0.05,0.7361111111111112
21,LR,0.06,0.7916666666666666
21,LR,0.07,0.8472222222222222
21,LR,0.08,0.8472222222222222
21,LR,0.09,0.8611111111111112
21,LR,0.1,0.8888888888888888
21,LR,0.11,0.9027777777777778
21,LR,0.12,0.9027777777777778
21,LR,0.13,0.9166666666666666
21,LR,0.14,0.9305555555555556
21,LR,0.15,0.9305555555555556
21,LR,0.16,0.9583333333333334
21,LR,0.17,0.9583333333333334
21,LR,0.18,0.9583333333333334
21,LR,0.19,0.9583333333333334
21,LR,0.2,0.9722222222222222
21,LR,0.21,0.9722222222222222
21,LR,0.22,0.9722222222222222
21,LR,0.23,0.9722222222222222
21,LR,0.24,0.9722222222222222
21,LR,0.25,0.9722222222222222
21,LR,0.26,0.9861111111111112
21,LR,0.27,0.9861111111111112
21,LR,0.28,0.9861111111111112
21,LR,0.29,0.9861111111111112
21,LR,0.3,0.9861111111111112
21,LR,0.31,1.0
21,LR,0.32,1.0
21,LR,0.33,1.0
21,LR,0.34,1.0
21,LR,0.35000000000000003,1.0
21,LR,0.36,1.0
21,LR,0.37,1.0
21,LR,0.38,1.0
21,LR,0.39,1.0
21,LR,0.4,1.0
21,LR,0.41000000000000003,1.0
21,LR,0.42,1.0
21,LR,0.43,1.0
21,LR,0.44,1.0
21,LR,0.45,1.0
21,LR,0.46,1.0
21,LR,0.47000000000000003,1.0
21,LR,0.48,1.0
21,LR,0.49,1.0
21,LR,0.5,1.0
21,LR,0.51,1.0
21,LR,0.52,1.0
21,LR,0.53,1.0
21,LR,0.54,1.0
21,LR,0.55,1.0
21,LR,0.56,1.0
21,LR,0.5700000000000001,1.0
21,LR,0.58,1.0
21,LR,0.59,1.0
21,LR,0.6,1.0
21,LR,0.61,1.0
21,LR,0.62,1.0
21,LR,0.63,1.0
21,LR,0.64,1.0
21,LR,0.65,1.0
21,LR,0.66,1.0
21,LR,0.67,1.0
21,LR,0.68,1.0
21,LR,0.6900000000000001,1.0
21,LR,0.7000000000000001,1.0
21,LR,0.71,1.0
21,LR,0.72,1.0
21,LR,0.73,1.0
21,LR,0.74,1.0
21,LR,0.75,1.0
21,LR,0.76,1.0
21,LR,0.77,1.0
21,LR,0.78,1.0
21,LR,0.79,1.0
21,LR,0.8,1.0
21,LR,0.81,1.0
21,LR,0.8200000000000001,1.0
21,LR,0.8300000000000001,1.0
21,LR,0.84,1.0
21,LR,0.85,1.0
21,LR,0.86,1.0
21,LR,0.87,1.0
21,LR,0.88,1.0
21,LR,0.89,1.0
21,LR,0.9,1.0
21,LR,0.91,1.0
21,LR,0.92,1.0
21,LR,0.93,1.0
21,LR,0.9400000000000001,1.0
21,LR,0.9500000000000001,1.0
21,LR,0.96,1.0
21,LR,0.97,1.0
21,LR,0.98,1.0
21,LR,0.99,1.0
21,LR,1.0,1.0
21,GAM,0.0,0.25
21,GAM,0.01,0.4861111111111111
21,GAM,0.02,0.5833333333333334
21,GAM,0.03,0.5833333333333334
21,GAM,0.04,0.7361111111111112
21,GAM,0.05,0.8611111111111112
21,GAM,0.06,0.8611111111111112
21,GAM,0.07,0.8611111111111112
21,GAM,0.08,0.8611111111111112
21,GAM,0.09,0.8611111111111112
21,GAM,0.1,0.875
21,GAM,0.11,0.9027777777777778
21,GAM,0.12,0.9166666666666666
21,GAM,0.13,0.9444444444444444
21,GAM,0.14,0.9583333333333334
21,GAM,0.15,0.9583333333333334
21,GAM,0.16,0.9583333333333334
21,GAM,0.17,0.9583333333333334
21,GAM,0.18,0.9583333333333334
21,GAM,0.19,0.9722222222222222
21,GAM,0.2,0.9722222222222222
21,GAM,0.21,0.9722222222222222
21,GAM,0.22,0.9722222222222222
21,GAM,0.23,0.9861111111111112
21,GAM,0.24,0.9861111111111112
21,GAM,0.25,0.9861111111111112
21,GAM,0.26,0.9861111111111112
21,GAM,0.27,0.9861111111111112
21,GAM,0.28,0.9861111111111112
21,GAM,0.29,0.9861111111111112
21,GAM,0.3,0.9861111111111112
21,GAM,0.31,0.9861111111111112
21,GAM,0.32,0.9861111111111112
21,GAM,0.33,0.9861111111111112
21,GAM,0.34,0.9861111111111112
21,GAM,0.35000000000000003,0.9861111111111112
21,GAM,0.36,0.9861111111111112
21,GAM,0.37,0.9861111111111112
21,GAM,0.38,1.0
21,GAM,0.39,1.0
21,GAM,0.4,1.0
21,GAM,0.41000000000000003,1.0
21,GAM,0.42,1.0
21,GAM,0.43,1.0
21,GAM,0.44,1.0
21,GAM,0.45,1.0
21,GAM,0.46,1.0
21,GAM,0.47000000000000003,1.0
21,GAM,0.48,1.0
21,GAM,0.49,1.0
21,GAM,0.5,1.0
21,GAM,0.51,1.0
21,GAM,0.52,1.0
21,GAM,0.53,1.0
21,GAM,0.54,1.0
21,GAM,0.55,1.0
21,GAM,0.56,1.0
21,GAM,0.5700000000000001,1.0
21,GAM,0.58,1.0
21,GAM,0.59,1.0
21,GAM,0.6,1.0
21,GAM,0.61,1.0
21,GAM,0.62,1.0
21,GAM,0.63,1.0
21,GAM,0.64,1.0
21,GAM,0.65,1.0
21,GAM,0.66,1.0
21,GAM,0.67,1.0
21,GAM,0.68,1.0
21,GAM,0.6900000000000001,1.0
21,GAM,0.7000000000000001,1.0
21,GAM,0.71,1.0
21,GAM,0.72,1.0
21,GAM,0.73,1.0
21,GAM,0.74,1.0
21,GAM,0.75,1.0
21,GAM,0.76,1.0
21,GAM,0.77,1.0
21,GAM,0.78,1.0
21,GAM,0.79,1.0
21,GAM,0.8,1.0
21,GAM,0.81,1.0
21,GAM,0.8200000000000001,1.0
21,GAM,0.8300000000000001,1.0
21,GAM,0.84,1.0
21,GAM,0.85,1.0
21,GAM,0.86,1.0
21,GAM,0.87,1.0
21,GAM,0.88,1.0
21,GAM,0.89,1.0
21,GAM,0.9,1.0
21,GAM,0.91,1.0
21,GAM,0.92,1.0
21,GAM,0.93,1.0
21,GAM,0.9400000000000001,1.0
21,GAM,0.9500000000000001,1.0
21,GAM,0.96,1.0
21,GAM,0.97,1.0
21,GAM,0.98,1.0
21,GAM,0.99,1.0
21,GAM,1.0,1.0
21,RF,0.0,0.2916666666666667
21,RF,0.01,0.6527777777777778
21,RF,0.02,0.7222222222222222
21,RF,0.03,0.7361111111111112
21,RF,0.04,0.7638888888888888
21,RF,0.05,0.7777777777777778
21,RF,0.06,0.7777777777777778
21,RF,0.07,0.8055555555555556
21,RF,0.08,0.8333333333333334
21,RF,0.09,0.8611111111111112
21,RF,0.1,0.875
21,RF,0.11,0.9027777777777778
21,RF,0.12,0.9166666666666666
21,RF,0.13,0.9166666666666666
21,RF,0.14,0.9583333333333334
21,RF,0.15,0.9583333333333334
21,RF,0.16,0.9861111111111112
21,RF,0.17,0.9861111111111112
21,RF,0.18,0.9861111111111112
21,RF,0.19,0.9861111111111112
21,RF,0.2,1.0
21,RF,0.21,1.0
21,RF,0.22,1.0
21,RF,0.23,1.0
21,RF,0.24,1.0
21,RF,0.25,1.0
21,RF,0.26,1.0
21,RF,0.27,1.0
21,RF,0.28,1.0
21,RF,0.29,1.0
21,RF,0.3,1.0
21,RF,0.31,1.0
21,RF,0.32,1.0
21,RF,0.33,1.0
21,RF,0.34,1.0
21,RF,0.35000000000000003,1.0
21,RF,0.36,1.0
21,RF,0.37,1.0
21,RF,0.38,1.0
21,RF,0.39,1.0
21,RF,0.4,1.0
21,RF,0.41000000000000003,1.0
21,RF,0.42,1.0
21,RF,0.43,1.0
21,RF,0.44,1.0
21,RF,0.45,1.0
21,RF,0.46,1.0
21,RF,0.47000000000000003,1.0
21,RF,0.48,1.0
21,RF,0.49,1.0
21,RF,0.5,1.0
21,RF,0.51,1.0
21,RF,0.52,1.0
21,RF,0.53,1.0
21,RF,0.54,1.0
21,RF,0.55,1.0
21,RF,0.56,1.0
21,RF,0.5700000000000001,1.0
21,RF,0.58,1.0
21,RF,0.59,1.0
21,RF,0.6,1.0
21,RF,0.61,1.0
21,RF,0.62,1.0
21,RF,0.63,1.0
21,RF,0.64,1.0
21,RF,0.65,1.0
21,RF,0.66,1.0
21,RF,0.67,1.0
21,RF,0.68,1.0
21,RF,0.6900000000000001,1.0
21,RF,0.7000000000000001,1.0
21,RF,0.71,1.0
21,RF,0.72,1.0
21,RF,0.73,1.0
21,RF,0.74,1.0
21,RF,0.75,1.0
21,RF,0.76,1.0
21,RF,0.77,1.0
21,RF,0.78,1.0
21,RF,0.79,1.0
21,RF,0.8,1.0
21,RF,0.81,1.0
21,RF,0.8200000000000001,1.0
21,RF,0.8300000000000001,1.0
21,RF,0.84,1.0
21,RF,0.85,1.0
21,RF,0.86,1.0
21,RF,0.87,1.0
21,RF,0.88,1.0
21,RF,0.89,1.0
21,RF,0.9,1.0
21,RF,0.91,1.0
21,RF,0.92,1.0
21,RF,0.93,1.0
21,RF,0.9400000000000001,1.0
21,RF,0.9500000000000001,1.0
21,RF,0.96,1.0
21,RF,0.97,1.0
21,RF,0.98,1.0
21,RF,0.99,1.0
21,RF,1.0,1.0
22,LR,0.0,0.015384615384615385
22,LR,0.01,0.16923076923076924
22,LR,0.02,0.8615384615384616
22,LR,0.03,0.8769230769230769
22,LR,0.04,0.8923076923076924
22,LR,0.05,0.9076923076923077
22,LR,0.06,0.9076923076923077
22,LR,0.07,0.9230769230769231
22,LR,0.08,0.9538461538461539
22,LR,0.09,0.9538461538461539
22,LR,0.1,0.9538461538461539
22,LR,0.11,0.9538461538461539
22,LR,0.12,0.9538461538461539
22,LR,0.13,0.9538461538461539
22,LR,0.14,0.9538461538461539
22,LR,0.15,0.9538461538461539
22,LR,0.16,0.9538461538461539
22,LR,0.17,0.9538461538461539
22,LR,0.18,0.9538461538461539
22,LR,0.19,0.9538461538461539
22,LR,0.2,0.9538461538461539
22,LR,0.21,0.9538461538461539
22,LR,0.22,0.9538461538461539
22,LR,0.23,0.9538461538461539
22,LR,0.24,0.9538461538461539
22,LR,0.25,0.9692307692307692
22,LR,0.26,0.9692307692307692
22,LR,0.27,0.9692307692307692
22,LR,0.28,0.9692307692307692
22,LR,0.29,0.9692307692307692
22,LR,0.3,0.9692307692307692
22,LR,0.31,0.9692307692307692
22,LR,0.32,0.9692307692307692
22,LR,0.33,0.9692307692307692
22,LR,0.34,0.9846153846153847
22,LR,0.35000000000000003,0.9846153846153847
22,LR,0.36,0.9846153846153847
22,LR,0.37,0.9846153846153847
22,LR,0.38,0.9846153846153847
22,LR,0.39,0.9846153846153847
22,LR,0.4,0.9846153846153847
22,LR,0.41000000000000003,0.9846153846153847
22,LR,0.42,0.9846153846153847
22,LR,0.43,0.9846153846153847
22,LR,0.44,0.9846153846153847
22,LR,0.45,0.9846153846153847
22,LR,0.46,0.9846153846153847
22,LR,0.47000000000000003,0.9846153846153847
22,LR,0.48,0.9846153846153847
22,LR,0.49,0.9846153846153847
22,LR,0.5,0.9846153846153847
22,LR,0.51,0.9846153846153847
22,LR,0.52,0.9846153846153847
22,LR,0.53,0.9846153846153847
22,LR,0.54,0.9846153846153847
22,LR,0.55,0.9846153846153847
22,LR,0.56,0.9846153846153847
22,LR,0.5700000000000001,0.9846153846153847
22,LR,0.58,0.9846153846153847
22,LR,0.59,0.9846153846153847
22,LR,0.6,0.9846153846153847
22,LR,0.61,0.9846153846153847
22,LR,0.62,0.9846153846153847
22,LR,0.63,0.9846153846153847
22,LR,0.64,0.9846153846153847
22,LR,0.65,0.9846153846153847
22,LR,0.66,1.0
22,LR,0.67,1.0
22,LR,0.68,1.0
22,LR,0.6900000000000001,1.0
22,LR,0.7000000000000001,1.0
22,LR,0.71,1.0
22,LR,0.72,1.0
22,LR,0.73,1.0
22,LR,0.74,1.0
22,LR,0.75,1.0
22,LR,0.76,1.0
22,LR,0.77,1.0
22,LR,0.78,1.0
22,LR,0.79,1.0
22,LR,0.8,1.0
22,LR,0.81,1.0
22,LR,0.8200000000000001,1.0
22,LR,0.8300000000000001,1.0
22,LR,0.84,1.0
22,LR,0.85,1.0
22,LR,0.86,1.0
22,LR,0.87,1.0
22,LR,0.88,1.0
22,LR,0.89,1.0
22,LR,0.9,1.0
22,LR,0.91,1.0
22,LR,0.92,1.0
22,LR,0.93,1.0
22,LR,0.9400000000000001,1.0
22,LR,0.9500000000000001,1.0
22,LR,0.96,1.0
22,LR,0.97,1.0
22,LR,0.98,1.0
22,LR,0.99,1.0
22,LR,1.0,1.0
22,GAM,0.0,0.03076923076923077
22,GAM,0.01,0.2923076923076923
22,GAM,0.02,0.7692307692307693
22,GAM,0.03,0.8461538461538461
22,GAM,0.04,0.8923076923076924
22,GAM,0.05,0.8923076923076924
22,GAM,0.06,0.9538461538461539
22,GAM,0.07,0.9538461538461539
22,GAM,0.08,0.9538461538461539
22,GAM,0.09,0.9538461538461539
22,GAM,0.1,0.9538461538461539
22,GAM,0.11,0.9538461538461539
22,GAM,0.12,0.9538461538461539
22,GAM,0.13,0.9692307692307692
22,GAM,0.14,0.9692307692307692
22,GAM,0.15,0.9692307692307692
22,GAM,0.16,0.9692307692307692
22,GAM,0.17,0.9692307692307692
22,GAM,0.18,0.9692307692307692
22,GAM,0.19,0.9692307692307692
22,GAM,0.2,0.9692307692307692
22,GAM,0.21,0.9692307692307692
22,GAM,0.22,0.9692307692307692
22,GAM,0.23,0.9692307692307692
22,GAM,0.24,0.9692307692307692
22,GAM,0.25,0.9692307692307692
22,GAM,0.26,0.9692307692307692
22,GAM,0.27,0.9692307692307692
22,GAM,0.28,0.9692307692307692
22,GAM,0.29,0.9692307692307692
22,GAM,0.3,0.9692307692307692
22,GAM,0.31,0.9692307692307692
22,GAM,0.32,0.9692307692307692
22,GAM,0.33,0.9692307692307692
22,GAM,0.34,0.9692307692307692
22,GAM,0.35000000000000003,0.9692307692307692
22,GAM,0.36,0.9692307692307692
22,GAM,0.37,0.9692307692307692
22,GAM,0.38,0.9692307692307692
22,GAM,0.39,0.9692307692307692
22,GAM,0.4,0.9692307692307692
22,GAM,0.41000000000000003,0.9692307692307692
22,GAM,0.42,0.9846153846153847
22,GAM,0.43,0.9846153846153847
22,GAM,0.44,0.9846153846153847
22,GAM,0.45,0.9846153846153847
22,GAM,0.46,0.9846153846153847
22,GAM,0.47000000000000003,0.9846153846153847
22,GAM,0.48,0.9846153846153847
22,GAM,0.49,0.9846153846153847
22,GAM,0.5,0.9846153846153847
22,GAM,0.51,0.9846153846153847
22,GAM,0.52,0.9846153846153847
22,GAM,0.53,0.9846153846153847
22,GAM,0.54,0.9846153846153847
22,GAM,0.55,0.9846153846153847
22,GAM,0.56,0.9846153846153847
22,GAM,0.5700000000000001,0.9846153846153847
22,GAM,0.58,0.9846153846153847
22,GAM,0.59,0.9846153846153847
22,GAM,0.6,0.9846153846153847
22,GAM,0.61,0.9846153846153847
22,GAM,0.62,0.9846153846153847
22,GAM,0.63,0.9846153846153847
22,GAM,0.64,0.9846153846153847
22,GAM,0.65,0.9846153846153847
22,GAM,0.66,0.9846153846153847
22,GAM,0.67,1.0
22,GAM,0.68,1.0
22,GAM,0.6900000000000001,1.0
22,GAM,0.7000000000000001,1.0
22,GAM,0.71,1.0
22,GAM,0.72,1.0
22,GAM,0.73,1.0
22,GAM,0.74,1.0
22,GAM,0.75,1.0
22,GAM,0.76,1.0
22,GAM,0.77,1.0
22,GAM,0.78,1.0
22,GAM,0.79,1.0
22,GAM,0.8,1.0
22,GAM,0.81,1.0
22,GAM,0.8200000000000001,1.0
22,GAM,0.8300000000000001,1.0
22,GAM,0.84,1.0
22,GAM,0.85,1.0
22,GAM,0.86,1.0
22,GAM,0.87,1.0
22,GAM,0.88,1.0
22,GAM,0.89,1.0
22,GAM,0.9,1.0
22,GAM,0.91,1.0
22,GAM,0.92,1.0
22,GAM,0.93,1.0
22,GAM,0.9400000000000001,1.0
22,GAM,0.9500000000000001,1.0
22,GAM,0.96,1.0
22,GAM,0.97,1.0
22,GAM,0.98,1.0
22,GAM,0.99,1.0
22,GAM,1.0,1.0
22,RF,0.0,0.6461538461538462
22,RF,0.01,0.6615384615384615
22,RF,0.02,0.8769230769230769
22,RF,0.03,0.8923076923076924
22,RF,0.04,0.8923076923076924
22,RF,0.05,0.9076923076923077
22,RF,0.06,0.9230769230769231
22,RF,0.07,0.9230769230769231
22,RF,0.08,0.9384615384615385
22,RF,0.09,0.9384615384615385
22,RF,0.1,0.9384615384615385
22,RF,0.11,0.9384615384615385
22,RF,0.12,0.9384615384615385
22,RF,0.13,0.9538461538461539
22,RF,0.14,0.9538461538461539
22,RF,0.15,0.9692307692307692
22,RF,0.16,0.9692307692307692
22,RF,0.17,0.9692307692307692
22,RF,0.18,0.9692307692307692
22,RF,0.19,0.9692307692307692
22,RF,0.2,0.9692307692307692
22,RF,0.21,0.9692307692307692
22,RF,0.22,0.9692307692307692
22,RF,0.23,0.9692307692307692
22,RF,0.24,0.9846153846153847
22,RF,0.25,0.9846153846153847
22,RF,0.26,0.9846153846153847
22,RF,0.27,0.9846153846153847
22,RF,0.28,0.9846153846153847
22,RF,0.29,0.9846153846153847
22,RF,0.3,0.9846153846153847
22,RF,0.31,0.9846153846153847
22,RF,0.32,0.9846153846153847
22,RF,0.33,0.9846153846153847
22,RF,0.34,0.9846153846153847
22,RF,0.35000000000000003,0.9846153846153847
22,RF,0.36,0.9846153846153847
22,RF,0.37,0.9846153846153847
22,RF,0.38,0.9846153846153847
22,RF,0.39,0.9846153846153847
22,RF,0.4,0.9846153846153847
22,RF,0.41000000000000003,0.9846153846153847
22,RF,0.42,0.9846153846153847
22,RF,0.43,0.9846153846153847
22,RF,0.44,0.9846153846153847
22,RF,0.45,0.9846153846153847
22,RF,0.46,0.9846153846153847
22,RF,0.47000000000000003,0.9846153846153847
22,RF,0.48,0.9846153846153847
22,RF,0.49,0.9846153846153847
22,RF,0.5,0.9846153846153847
22,RF,0.51,0.9846153846153847
22,RF,0.52,0.9846153846153847
22,RF,0.53,0.9846153846153847
22,RF,0.54,0.9846153846153847
22,RF,0.55,0.9846153846153847
22,RF,0.56,0.9846153846153847
22,RF,0.5700000000000001,0.9846153846153847
22,RF,0.58,0.9846153846153847
22,RF,0.59,0.9846153846153847
22,RF,0.6,0.9846153846153847
22,RF,0.61,0.9846153846153847
22,RF,0.62,0.9846153846153847
22,RF,0.63,0.9846153846153847
22,RF,0.64,0.9846153846153847
22,RF,0.65,0.9846153846153847
22,RF,0.66,0.9846153846153847
22,RF,0.67,0.9846153846153847
22,RF,0.68,0.9846153846153847
22,RF,0.6900000000000001,0.9846153846153847
22,RF,0.7000000000000001,0.9846153846153847
22,RF,0.71,0.9846153846153847
22,RF,0.72,0.9846153846153847
22,RF,0.73,0.9846153846153847
22,RF,0.74,0.9846153846153847
22,RF,0.75,0.9846153846153847
22,RF,0.76,0.9846153846153847
22,RF,0.77,0.9846153846153847
22,RF,0.78,0.9846153846153847
22,RF,0.79,0.9846153846153847
22,RF,0.8,0.9846153846153847
22,RF,0.81,0.9846153846153847
22,RF,0.8200000000000001,0.9846153846153847
22,RF,0.8300000000000001,0.9846153846153847
22,RF,0.84,0.9846153846153847
22,RF,0.85,0.9846153846153847
22,RF,0.86,0.9846153846153847
22,RF,0.87,0.9846153846153847
22,RF,0.88,0.9846153846153847
22,RF,0.89,0.9846153846153847
22,RF,0.9,0.9846153846153847
22,RF,0.91,0.9846153846153847
22,RF,0.92,0.9846153846153847
22,RF,0.93,0.9846153846153847
22,RF,0.9400000000000001,0.9846153846153847
22,RF,0.9500000000000001,1.0
22,RF,0.96,1.0
22,RF,0.97,1.0
22,RF,0.98,1.0
22,RF,0.99,1.0
22,RF,1.0,1.0
23,LR,0.0,0.30864197530864196
23,LR,0.01,0.37037037037037035
23,LR,0.02,0.4074074074074074
23,LR,0.03,0.5555555555555556
23,LR,0.04,0.5925925925925926
23,LR,0.05,0.6296296296296297
23,LR,0.06,0.7407407407407407
23,LR,0.07,0.8024691358024691
23,LR,0.08,0.8271604938271605
23,LR,0.09,0.8395061728395061
23,LR,0.1,0.8641975308641975
23,LR,0.11,0.8765432098765432
23,LR,0.12,0.8765432098765432
23,LR,0.13,0.9012345679012346
23,LR,0.14,0.9012345679012346
23,LR,0.15,0.9135802469135802
23,LR,0.16,0.9135802469135802
23,LR,0.17,0.9135802469135802
23,LR,0.18,0.9259259259259259
23,LR,0.19,0.9259259259259259
23,LR,0.2,0.9259259259259259
23,LR,0.21,0.9259259259259259
23,LR,0.22,0.9259259259259259
23,LR,0.23,0.9259259259259259
23,LR,0.24,0.9259259259259259
23,LR,0.25,0.9259259259259259
23,LR,0.26,0.9259259259259259
23,LR,0.27,0.9259259259259259
23,LR,0.28,0.9259259259259259
23,LR,0.29,0.9259259259259259
23,LR,0.3,0.9259259259259259
23,LR,0.31,0.9259259259259259
23,LR,0.32,0.9259259259259259
23,LR,0.33,0.9506172839506173
23,LR,0.34,0.9506172839506173
23,LR,0.35000000000000003,0.9506172839506173
23,LR,0.36,0.9506172839506173
23,LR,0.37,0.9506172839506173
23,LR,0.38,0.9506172839506173
23,LR,0.39,0.9506172839506173
23,LR,0.4,0.9506172839506173
23,LR,0.41000000000000003,0.9506172839506173
23,LR,0.42,0.9506172839506173
23,LR,0.43,0.9506172839506173
23,LR,0.44,0.9506172839506173
23,LR,0.45,0.9629629629629629
23,LR,0.46,0.9629629629629629
23,LR,0.47000000000000003,0.9629629629629629
23,LR,0.48,0.9629629629629629
23,LR,0.49,0.9629629629629629
23,LR,0.5,0.9629629629629629
23,LR,0.51,0.9629629629629629
23,LR,0.52,0.9629629629629629
23,LR,0.53,0.9629629629629629
23,LR,0.54,0.9629629629629629
23,LR,0.55,0.9629629629629629
23,LR,0.56,0.9629629629629629
23,LR,0.5700000000000001,0.9753086419753086
23,LR,0.58,0.9753086419753086
23,LR,0.59,0.9753086419753086
23,LR,0.6,0.9753086419753086
23,LR,0.61,0.9753086419753086
23,LR,0.62,0.9876543209876543
23,LR,0.63,0.9876543209876543
23,LR,0.64,0.9876543209876543
23,LR,0.65,0.9876543209876543
23,LR,0.66,0.9876543209876543
23,LR,0.67,0.9876543209876543
23,LR,0.68,0.9876543209876543
23,LR,0.6900000000000001,0.9876543209876543
23,LR,0.7000000000000001,0.9876543209876543
23,LR,0.71,0.9876543209876543
23,LR,0.72,0.9876543209876543
23,LR,0.73,0.9876543209876543
23,LR,0.74,0.9876543209876543
23,LR,0.75,0.9876543209876543
23,LR,0.76,0.9876543209876543
23,LR,0.77,0.9876543209876543
23,LR,0.78,0.9876543209876543
23,LR,0.79,0.9876543209876543
23,LR,0.8,0.9876543209876543
23,LR,0.81,0.9876543209876543
23,LR,0.8200000000000001,0.9876543209876543
23,LR,0.8300000000000001,0.9876543209876543
23,LR,0.84,0.9876543209876543
23,LR,0.85,0.9876543209876543
23,LR,0.86,0.9876543209876543
23,LR,0.87,0.9876543209876543
23,LR,0.88,0.9876543209876543
23,LR,0.89,0.9876543209876543
23,LR,0.9,0.9876543209876543
23,LR,0.91,0.9876543209876543
23,LR,0.92,1.0
23,LR,0.93,1.0
23,LR,0.9400000000000001,1.0
23,LR,0.9500000000000001,1.0
23,LR,0.96,1.0
23,LR,0.97,1.0
23,LR,0.98,1.0
23,LR,0.99,1.0
23,LR,1.0,1.0
23,GAM,0.0,0.43209876543209874
23,GAM,0.01,0.4567901234567901
23,GAM,0.02,0.4567901234567901
23,GAM,0.03,0.6049382716049383
23,GAM,0.04,0.6172839506172839
23,GAM,0.05,0.6172839506172839
23,GAM,0.06,0.7777777777777778
23,GAM,0.07,0.8024691358024691
23,GAM,0.08,0.8148148148148148
23,GAM,0.09,0.8271604938271605
23,GAM,0.1,0.8641975308641975
23,GAM,0.11,0.8888888888888888
23,GAM,0.12,0.8888888888888888
23,GAM,0.13,0.9012345679012346
23,GAM,0.14,0.9012345679012346
23,GAM,0.15,0.9012345679012346
23,GAM,0.16,0.9135802469135802
23,GAM,0.17,0.9135802469135802
23,GAM,0.18,0.9135802469135802
23,GAM,0.19,0.9135802469135802
23,GAM,0.2,0.9135802469135802
23,GAM,0.21,0.9259259259259259
23,GAM,0.22,0.9506172839506173
23,GAM,0.23,0.9506172839506173
23,GAM,0.24,0.9506172839506173
23,GAM,0.25,0.9506172839506173
23,GAM,0.26,0.9506172839506173
23,GAM,0.27,0.9506172839506173
23,GAM,0.28,0.9506172839506173
23,GAM,0.29,0.9506172839506173
23,GAM,0.3,0.9506172839506173
23,GAM,0.31,0.9506172839506173
23,GAM,0.32,0.9506172839506173
23,GAM,0.33,0.9506172839506173
23,GAM,0.34,0.9629629629629629
23,GAM,0.35000000000000003,0.9629629629629629
23,GAM,0.36,0.9629629629629629
23,GAM,0.37,0.9629629629629629
23,GAM,0.38,0.9629629629629629
23,GAM,0.39,0.9629629629629629
23,GAM,0.4,0.9629629629629629
23,GAM,0.41000000000000003,0.9629629629629629
23,GAM,0.42,0.9629629629629629
23,GAM,0.43,0.9629629629629629
23,GAM,0.44,0.9629629629629629
23,GAM,0.45,0.9629629629629629
23,GAM,0.46,0.9629629629629629
23,GAM,0.47000000000000003,0.9629629629629629
23,GAM,0.48,0.9629629629629629
23,GAM,0.49,0.9629629629629629
23,GAM,0.5,0.9629629629629629
23,GAM,0.51,0.9629629629629629
23,GAM,0.52,0.9629629629629629
23,GAM,0.53,0.9629629629629629
23,GAM,0.54,0.9629629629629629
23,GAM,0.55,0.9753086419753086
23,GAM,0.56,0.9753086419753086
23,GAM,0.5700000000000001,0.9753086419753086
23,GAM,0.58,0.9753086419753086
23,GAM,0.59,0.9876543209876543
23,GAM,0.6,0.9876543209876543
23,GAM,0.61,0.9876543209876543
23,GAM,0.62,0.9876543209876543
23,GAM,0.63,0.9876543209876543
23,GAM,0.64,0.9876543209876543
23,GAM,0.65,0.9876543209876543
23,GAM,0.66,0.9876543209876543
23,GAM,0.67,0.9876543209876543
23,GAM,0.68,0.9876543209876543
23,GAM,0.6900000000000001,0.9876543209876543
23,GAM,0.7000000000000001,0.9876543209876543
23,GAM,0.71,0.9876543209876543
23,GAM,0.72,0.9876543209876543
23,GAM,0.73,0.9876543209876543
23,GAM,0.74,0.9876543209876543
23,GAM,0.75,0.9876543209876543
23,GAM,0.76,0.9876543209876543
23,GAM,0.77,0.9876543209876543
23,GAM,0.78,0.9876543209876543
23,GAM,0.79,0.9876543209876543
23,GAM,0.8,0.9876543209876543
23,GAM,0.81,0.9876543209876543
23,GAM,0.8200000000000001,0.9876543209876543
23,GAM,0.8300000000000001,1.0
23,GAM,0.84,1.0
23,GAM,0.85,1.0
23,GAM,0.86,1.0
23,GAM,0.87,1.0
23,GAM,0.88,1.0
23,GAM,0.89,1.0
23,GAM,0.9,1.0
23,GAM,0.91,1.0
23,GAM,0.92,1.0
23,GAM,0.93,1.0
23,GAM,0.9400000000000001,1.0
23,GAM,0.9500000000000001,1.0
23,GAM,0.96,1.0
23,GAM,0.97,1.0
23,GAM,0.98,1.0
23,GAM,0.99,1.0
23,GAM,1.0,1.0
23,RF,0.0,0.2222222222222222
23,RF,0.01,0.32098765432098764
23,RF,0.02,0.37037037037037035
23,RF,0.03,0.5432098765432098
23,RF,0.04,0.8148148148148148
23,RF,0.05,0.8271604938271605
23,RF,0.06,0.8395061728395061
23,RF,0.07,0.8395061728395061
23,RF,0.08,0.9135802469135802
23,RF,0.09,0.9135802469135802
23,RF,0.1,0.9135802469135802
23,RF,0.11,0.9135802469135802
23,RF,0.12,0.9135802469135802
23,RF,0.13,0.9259259259259259
23,RF,0.14,0.9259259259259259
23,RF,0.15,0.9259259259259259
23,RF,0.16,0.9259259259259259
23,RF,0.17,0.9259259259259259
23,RF,0.18,0.9259259259259259
23,RF,0.19,0.9506172839506173
23,RF,0.2,0.9506172839506173
23,RF,0.21,0.9629629629629629
23,RF,0.22,0.9629629629629629
23,RF,0.23,0.9629629629629629
23,RF,0.24,0.9629629629629629
23,RF,0.25,0.9629629629629629
23,RF,0.26,0.9629629629629629
23,RF,0.27,0.9629629629629629
23,RF,0.28,0.9629629629629629
23,RF,0.29,0.9629629629629629
23,RF,0.3,0.9629629629629629
23,RF,0.31,0.9629629629629629
23,RF,0.32,0.9629629629629629
23,RF,0.33,0.9629629629629629
23,RF,0.34,0.9629629629629629
23,RF,0.35000000000000003,0.9629629629629629
23,RF,0.36,0.9629629629629629
23,RF,0.37,0.9629629629629629
23,RF,0.38,0.9629629629629629
23,RF,0.39,0.9753086419753086
23,RF,0.4,0.9753086419753086
23,RF,0.41000000000000003,0.9753086419753086
23,RF,0.42,0.9753086419753086
23,RF,0.43,0.9753086419753086
23,RF,0.44,0.9876543209876543
23,RF,0.45,0.9876543209876543
23,RF,0.46,0.9876543209876543
23,RF,0.47000000000000003,0.9876543209876543
23,RF,0.48,0.9876543209876543
23,RF,0.49,0.9876543209876543
23,RF,0.5,0.9876543209876543
23,RF,0.51,0.9876543209876543
23,RF,0.52,0.9876543209876543
23,RF,0.53,0.9876543209876543
23,RF,0.54,0.9876543209876543
23,RF,0.55,0.9876543209876543
23,RF,0.56,0.9876543209876543
23,RF,0.5700000000000001,0.9876543209876543
23,RF,0.58,0.9876543209876543
23,RF,0.59,0.9876543209876543
23,RF,0.6,0.9876543209876543
23,RF,0.61,0.9876543209876543
23,RF,0.62,0.9876543209876543
23,RF,0.63,0.9876543209876543
23,RF,0.64,0.9876543209876543
23,RF,0.65,0.9876543209876543
23,RF,0.66,0.9876543209876543
23,RF,0.67,0.9876543209876543
23,RF,0.68,0.9876543209876543
23,RF,0.6900000000000001,0.9876543209876543
23,RF,0.7000000000000001,0.9876543209876543
23,RF,0.71,0.9876543209876543
23,RF,0.72,0.9876543209876543
23,RF,0.73,0.9876543209876543
23,RF,0.74,0.9876543209876543
23,RF,0.75,0.9876543209876543
23,RF,0.76,0.9876543209876543
23,RF,0.77,0.9876543209876543
23,RF,0.78,0.9876543209876543
23,RF,0.79,0.9876543209876543
23,RF,0.8,0.9876543209876543
23,RF,0.81,0.9876543209876543
23,RF,0.8200000000000001,0.9876543209876543
23,RF,0.8300000000000001,0.9876543209876543
23,RF,0.84,0.9876543209876543
23,RF,0.85,0.9876543209876543
23,RF,0.86,0.9876543209876543
23,RF,0.87,0.9876543209876543
23,RF,0.88,0.9876543209876543
23,RF,0.89,0.9876543209876543
23,RF,0.9,0.9876543209876543
23,RF,0.91,0.9876543209876543
23,RF,0.92,0.9876543209876543
23,RF,0.93,0.9876543209876543
23,RF,0.9400000000000001,0.9876543209876543
23,RF,0.9500000000000001,0.9876543209876543
23,RF,0.96,0.9876543209876543
23,RF,0.97,0.9876543209876543
23,RF,0.98,1.0
23,RF,0.99,1.0
23,RF,1.0,1.0
24,LR,0.0,0.2597402597402597
24,LR,0.01,0.45454545454545453
24,LR,0.02,0.6493506493506493
24,LR,0.03,0.7012987012987013
24,LR,0.04,0.7142857142857143
24,LR,0.05,0.7922077922077922
24,LR,0.06,0.8051948051948052
24,LR,0.07,0.8181818181818182
24,LR,0.08,0.8311688311688312
24,LR,0.09,0.8441558441558441
24,LR,0.1,0.8571428571428571
24,LR,0.11,0.8701298701298701
24,LR,0.12,0.8831168831168831
24,LR,0.13,0.8831168831168831
24,LR,0.14,0.9090909090909091
24,LR,0.15,0.9090909090909091
24,LR,0.16,0.922077922077922
24,LR,0.17,0.922077922077922
24,LR,0.18,0.922077922077922
24,LR,0.19,0.922077922077922
24,LR,0.2,0.922077922077922
24,LR,0.21,0.922077922077922
24,LR,0.22,0.922077922077922
24,LR,0.23,0.922077922077922
24,LR,0.24,0.922077922077922
24,LR,0.25,0.922077922077922
24,LR,0.26,0.922077922077922
24,LR,0.27,0.922077922077922
24,LR,0.28,0.922077922077922
24,LR,0.29,0.922077922077922
24,LR,0.3,0.922077922077922
24,LR,0.31,0.922077922077922
24,LR,0.32,0.922077922077922
24,LR,0.33,0.922077922077922
24,LR,0.34,0.935064935064935
24,LR,0.35000000000000003,0.935064935064935
24,LR,0.36,0.948051948051948
24,LR,0.37,0.948051948051948
24,LR,0.38,0.948051948051948
24,LR,0.39,0.948051948051948
24,LR,0.4,0.961038961038961
24,LR,0.41000000000000003,0.961038961038961
24,LR,0.42,0.974025974025974
24,LR,0.43,0.974025974025974
24,LR,0.44,0.987012987012987
24,LR,0.45,0.987012987012987
24,LR,0.46,0.987012987012987
24,LR,0.47000000000000003,0.987012987012987
24,LR,0.48,0.987012987012987
24,LR,0.49,0.987012987012987
24,LR,0.5,0.987012987012987
24,LR,0.51,0.987012987012987
24,LR,0.52,0.987012987012987
24,LR,0.53,0.987012987012987
24,LR,0.54,0.987012987012987
24,LR,0.55,0.987012987012987
24,LR,0.56,0.987012987012987
24,LR,0.5700000000000001,0.987012987012987
24,LR,0.58,0.987012987012987
24,LR,0.59,0.987012987012987
24,LR,0.6,0.987012987012987
24,LR,0.61,0.987012987012987
24,LR,0.62,0.987012987012987
24,LR,0.63,0.987012987012987
24,LR,0.64,0.987012987012987
24,LR,0.65,0.987012987012987
24,LR,0.66,0.987012987012987
24,LR,0.67,0.987012987012987
24,LR,0.68,0.987012987012987
24,LR,0.6900000000000001,1.0
24,LR,0.7000000000000001,1.0
24,LR,0.71,1.0
24,LR,0.72,1.0
24,LR,0.73,1.0
24,LR,0.74,1.0
24,LR,0.75,1.0
24,LR,0.76,1.0
24,LR,0.77,1.0
24,LR,0.78,1.0
24,LR,0.79,1.0
24,LR,0.8,1.0
24,LR,0.81,1.0
24,LR,0.8200000000000001,1.0
24,LR,0.8300000000000001,1.0
24,LR,0.84,1.0
24,LR,0.85,1.0
24,LR,0.86,1.0
24,LR,0.87,1.0
24,LR,0.88,1.0
24,LR,0.89,1.0
24,LR,0.9,1.0
24,LR,0.91,1.0
24,LR,0.92,1.0
24,LR,0.93,1.0
24,LR,0.9400000000000001,1.0
24,LR,0.9500000000000001,1.0
24,LR,0.96,1.0
24,LR,0.97,1.0
24,LR,0.98,1.0
24,LR,0.99,1.0
24,LR,1.0,1.0
24,GAM,0.0,0.37662337662337664
24,GAM,0.01,0.4805194805194805
24,GAM,0.02,0.6883116883116883
24,GAM,0.03,0.7012987012987013
24,GAM,0.04,0.7402597402597403
24,GAM,0.05,0.7532467532467533
24,GAM,0.06,0.7662337662337663
24,GAM,0.07,0.7922077922077922
24,GAM,0.08,0.8311688311688312
24,GAM,0.09,0.8311688311688312
24,GAM,0.1,0.8701298701298701
24,GAM,0.11,0.922077922077922
24,GAM,0.12,0.922077922077922
24,GAM,0.13,0.922077922077922
24,GAM,0.14,0.922077922077922
24,GAM,0.15,0.922077922077922
24,GAM,0.16,0.922077922077922
24,GAM,0.17,0.922077922077922
24,GAM,0.18,0.922077922077922
24,GAM,0.19,0.922077922077922
24,GAM,0.2,0.922077922077922
24,GAM,0.21,0.922077922077922
24,GAM,0.22,0.922077922077922
24,GAM,0.23,0.922077922077922
24,GAM,0.24,0.922077922077922
24,GAM,0.25,0.922077922077922
24,GAM,0.26,0.935064935064935
24,GAM,0.27,0.935064935064935
24,GAM,0.28,0.935064935064935
24,GAM,0.29,0.935064935064935
24,GAM,0.3,0.935064935064935
24,GAM,0.31,0.935064935064935
24,GAM,0.32,0.948051948051948
24,GAM,0.33,0.961038961038961
24,GAM,0.34,0.974025974025974
24,GAM,0.35000000000000003,0.987012987012987
24,GAM,0.36,0.987012987012987
24,GAM,0.37,0.987012987012987
24,GAM,0.38,0.987012987012987
24,GAM,0.39,0.987012987012987
24,GAM,0.4,0.987012987012987
24,GAM,0.41000000000000003,0.987012987012987
24,GAM,0.42,0.987012987012987
24,GAM,0.43,0.987012987012987
24,GAM,0.44,0.987012987012987
24,GAM,0.45,0.987012987012987
24,GAM,0.46,0.987012987012987
24,GAM,0.47000000000000003,0.987012987012987
24,GAM,0.48,0.987012987012987
24,GAM,0.49,0.987012987012987
24,GAM,0.5,0.987012987012987
24,GAM,0.51,0.987012987012987
24,GAM,0.52,0.987012987012987
24,GAM,0.53,0.987012987012987
24,GAM,0.54,0.987012987012987
24,GAM,0.55,0.987012987012987
24,GAM,0.56,0.987012987012987
24,GAM,0.5700000000000001,0.987012987012987
24,GAM,0.58,0.987012987012987
24,GAM,0.59,0.987012987012987
24,GAM,0.6,0.987012987012987
24,GAM,0.61,0.987012987012987
24,GAM,0.62,0.987012987012987
24,GAM,0.63,0.987012987012987
24,GAM,0.64,0.987012987012987
24,GAM,0.65,0.987012987012987
24,GAM,0.66,0.987012987012987
24,GAM,0.67,0.987012987012987
24,GAM,0.68,0.987012987012987
24,GAM,0.6900000000000001,0.987012987012987
24,GAM,0.7000000000000001,0.987012987012987
24,GAM,0.71,1.0
24,GAM,0.72,1.0
24,GAM,0.73,1.0
24,GAM,0.74,1.0
24,GAM,0.75,1.0
24,GAM,0.76,1.0
24,GAM,0.77,1.0
24,GAM,0.78,1.0
24,GAM,0.79,1.0
24,GAM,0.8,1.0
24,GAM,0.81,1.0
24,GAM,0.8200000000000001,1.0
24,GAM,0.8300000000000001,1.0
24,GAM,0.84,1.0
24,GAM,0.85,1.0
24,GAM,0.86,1.0
24,GAM,0.87,1.0
24,GAM,0.88,1.0
24,GAM,0.89,1.0
24,GAM,0.9,1.0
24,GAM,0.91,1.0
24,GAM,0.92,1.0
24,GAM,0.93,1.0
24,GAM,0.9400000000000001,1.0
24,GAM,0.9500000000000001,1.0
24,GAM,0.96,1.0
24,GAM,0.97,1.0
24,GAM,0.98,1.0
24,GAM,0.99,1.0
24,GAM,1.0,1.0
24,RF,0.0,0.4805194805194805
24,RF,0.01,0.7142857142857143
24,RF,0.02,0.7272727272727273
24,RF,0.03,0.7662337662337663
24,RF,0.04,0.8181818181818182
24,RF,0.05,0.8181818181818182
24,RF,0.06,0.8181818181818182
24,RF,0.07,0.8571428571428571
24,RF,0.08,0.8571428571428571
24,RF,0.09,0.8571428571428571
24,RF,0.1,0.8571428571428571
24,RF,0.11,0.8571428571428571
24,RF,0.12,0.8831168831168831
24,RF,0.13,0.8961038961038961
24,RF,0.14,0.8961038961038961
24,RF,0.15,0.9090909090909091
24,RF,0.16,0.948051948051948
24,RF,0.17,0.961038961038961
24,RF,0.18,0.961038961038961
24,RF,0.19,0.961038961038961
24,RF,0.2,0.961038961038961
24,RF,0.21,0.961038961038961
24,RF,0.22,0.961038961038961
24,RF,0.23,0.961038961038961
24,RF,0.24,0.961038961038961
24,RF,0.25,0.961038961038961
24,RF,0.26,0.961038961038961
24,RF,0.27,0.961038961038961
24,RF,0.28,0.961038961038961
24,RF,0.29,0.961038961038961
24,RF,0.3,0.961038961038961
24,RF,0.31,0.961038961038961
24,RF,0.32,0.974025974025974
24,RF,0.33,0.974025974025974
24,RF,0.34,0.974025974025974
24,RF,0.35000000000000003,0.974025974025974
24,RF,0.36,0.974025974025974
24,RF,0.37,0.974025974025974
24,RF,0.38,0.974025974025974
24,RF,0.39,0.974025974025974
24,RF,0.4,0.974025974025974
24,RF,0.41000000000000003,0.974025974025974
24,RF,0.42,0.987012987012987
24,RF,0.43,0.987012987012987
24,RF,0.44,0.987012987012987
24,RF,0.45,0.987012987012987
24,RF,0.46,0.987012987012987
24,RF,0.47000000000000003,0.987012987012987
24,RF,0.48,0.987012987012987
24,RF,0.49,0.987012987012987
24,RF,0.5,0.987012987012987
24,RF,0.51,0.987012987012987
24,RF,0.52,0.987012987012987
24,RF,0.53,0.987012987012987
24,RF,0.54,0.987012987012987
24,RF,0.55,0.987012987012987
24,RF,0.56,0.987012987012987
24,RF,0.5700000000000001,0.987012987012987
24,RF,0.58,0.987012987012987
24,RF,0.59,0.987012987012987
24,RF,0.6,0.987012987012987
24,RF,0.61,0.987012987012987
24,RF,0.62,0.987012987012987
24,RF,0.63,0.987012987012987
24,RF,0.64,0.987012987012987
24,RF,0.65,0.987012987012987
24,RF,0.66,0.987012987012987
24,RF,0.67,0.987012987012987
24,RF,0.68,0.987012987012987
24,RF,0.6900000000000001,0.987012987012987
24,RF,0.7000000000000001,0.987012987012987
24,RF,0.71,0.987012987012987
24,RF,0.72,0.987012987012987
24,RF,0.73,0.987012987012987
24,RF,0.74,0.987012987012987
24,RF,0.75,0.987012987012987
24,RF,0.76,0.987012987012987
24,RF,0.77,0.987012987012987
24,RF,0.78,0.987012987012987
24,RF,0.79,0.987012987012987
24,RF,0.8,0.987012987012987
24,RF,0.81,0.987012987012987
24,RF,0.8200000000000001,0.987012987012987
24,RF,0.8300000000000001,0.987012987012987
24,RF,0.84,0.987012987012987
24,RF,0.85,0.987012987012987
24,RF,0.86,0.987012987012987
24,RF,0.87,0.987012987012987
24,RF,0.88,0.987012987012987
24,RF,0.89,0.987012987012987
24,RF,0.9,0.987012987012987
24,RF,0.91,1.0
24,RF,0.92,1.0
24,RF,0.93,1.0
24,RF,0.9400000000000001,1.0
24,RF,0.9500000000000001,1.0
24,RF,0.96,1.0
24,RF,0.97,1.0
24,RF,0.98,1.0
24,RF,0.99,1.0
24,RF,1.0,1.0
25,LR,0.0,0.6388888888888888
25,LR,0.01,0.6805555555555556
25,LR,0.02,0.7638888888888888
25,LR,0.03,0.7638888888888888
25,LR,0.04,0.7638888888888888
25,LR,0.05,0.8194444444444444
25,LR,0.06,0.8194444444444444
25,LR,0.07,0.8333333333333334
25,LR,0.08,0.8333333333333334
25,LR,0.09,0.9305555555555556
25,LR,0.1,0.9305555555555556
25,LR,0.11,0.9444444444444444
25,LR,0.12,0.9444444444444444
25,LR,0.13,0.9444444444444444
25,LR,0.14,0.9444444444444444
25,LR,0.15,0.9444444444444444
25,LR,0.16,0.9444444444444444
25,LR,0.17,0.9444444444444444
25,LR,0.18,0.9444444444444444
25,LR,0.19,0.9444444444444444
25,LR,0.2,0.9444444444444444
25,LR,0.21,0.9444444444444444
25,LR,0.22,0.9444444444444444
25,LR,0.23,0.9444444444444444
25,LR,0.24,0.9444444444444444
25,LR,0.25,0.9444444444444444
25,LR,0.26,0.9444444444444444
25,LR,0.27,0.9444444444444444
25,LR,0.28,0.9583333333333334
25,LR,0.29,0.9583333333333334
25,LR,0.3,0.9583333333333334
25,LR,0.31,0.9583333333333334
25,LR,0.32,0.9583333333333334
25,LR,0.33,0.9583333333333334
25,LR,0.34,0.9583333333333334
25,LR,0.35000000000000003,0.9583333333333334
25,LR,0.36,0.9583333333333334
25,LR,0.37,0.9583333333333334
25,LR,0.38,0.9583333333333334
25,LR,0.39,0.9583333333333334
25,LR,0.4,0.9583333333333334
25,LR,0.41000000000000003,0.9583333333333334
25,LR,0.42,0.9583333333333334
25,LR,0.43,0.9583333333333334
25,LR,0.44,0.9583333333333334
25,LR,0.45,0.9583333333333334
25,LR,0.46,0.9583333333333334
25,LR,0.47000000000000003,0.9583333333333334
25,LR,0.48,0.9583333333333334
25,LR,0.49,0.9583333333333334
25,LR,0.5,0.9583333333333334
25,LR,0.51,0.9583333333333334
25,LR,0.52,0.9583333333333334
25,LR,0.53,0.9722222222222222
25,LR,0.54,0.9722222222222222
25,LR,0.55,0.9722222222222222
25,LR,0.56,0.9722222222222222
25,LR,0.5700000000000001,0.9722222222222222
25,LR,0.58,0.9722222222222222
25,LR,0.59,0.9861111111111112
25,LR,0.6,0.9861111111111112
25,LR,0.61,0.9861111111111112
25,LR,0.62,0.9861111111111112
25,LR,0.63,0.9861111111111112
25,LR,0.64,0.9861111111111112
25,LR,0.65,0.9861111111111112
25,LR,0.66,0.9861111111111112
25,LR,0.67,0.9861111111111112
25,LR,0.68,0.9861111111111112
25,LR,0.6900000000000001,0.9861111111111112
25,LR,0.7000000000000001,0.9861111111111112
25,LR,0.71,0.9861111111111112
25,LR,0.72,0.9861111111111112
25,LR,0.73,0.9861111111111112
25,LR,0.74,0.9861111111111112
25,LR,0.75,0.9861111111111112
25,LR,0.76,0.9861111111111112
25,LR,0.77,0.9861111111111112
25,LR,0.78,0.9861111111111112
25,LR,0.79,0.9861111111111112
25,LR,0.8,0.9861111111111112
25,LR,0.81,0.9861111111111112
25,LR,0.8200000000000001,0.9861111111111112
25,LR,0.8300000000000001,0.9861111111111112
25,LR,0.84,0.9861111111111112
25,LR,0.85,0.9861111111111112
25,LR,0.86,0.9861111111111112
25,LR,0.87,1.0
25,LR,0.88,1.0
25,LR,0.89,1.0
25,LR,0.9,1.0
25,LR,0.91,1.0
25,LR,0.92,1.0
25,LR,0.93,1.0
25,LR,0.9400000000000001,1.0
25,LR,0.9500000000000001,1.0
25,LR,0.96,1.0
25,LR,0.97,1.0
25,LR,0.98,1.0
25,LR,0.99,1.0
25,LR,1.0,1.0
25,GAM,0.0,0.6111111111111112
25,GAM,0.01,0.625
25,GAM,0.02,0.7222222222222222
25,GAM,0.03,0.7777777777777778
25,GAM,0.04,0.7777777777777778
25,GAM,0.05,0.8194444444444444
25,GAM,0.06,0.8194444444444444
25,GAM,0.07,0.875
25,GAM,0.08,0.9027777777777778
25,GAM,0.09,0.9166666666666666
25,GAM,0.1,0.9166666666666666
25,GAM,0.11,0.9305555555555556
25,GAM,0.12,0.9444444444444444
25,GAM,0.13,0.9444444444444444
25,GAM,0.14,0.9444444444444444
25,GAM,0.15,0.9444444444444444
25,GAM,0.16,0.9444444444444444
25,GAM,0.17,0.9444444444444444
25,GAM,0.18,0.9444444444444444
25,GAM,0.19,0.9444444444444444
25,GAM,0.2,0.9444444444444444
25,GAM,0.21,0.9444444444444444
25,GAM,0.22,0.9444444444444444
25,GAM,0.23,0.9444444444444444
25,GAM,0.24,0.9583333333333334
25,GAM,0.25,0.9583333333333334
25,GAM,0.26,0.9583333333333334
25,GAM,0.27,0.9583333333333334
25,GAM,0.28,0.9583333333333334
25,GAM,0.29,0.9583333333333334
25,GAM,0.3,0.9583333333333334
25,GAM,0.31,0.9583333333333334
25,GAM,0.32,0.9583333333333334
25,GAM,0.33,0.9583333333333334
25,GAM,0.34,0.9583333333333334
25,GAM,0.35000000000000003,0.9583333333333334
25,GAM,0.36,0.9583333333333334
25,GAM,0.37,0.9583333333333334
25,GAM,0.38,0.9583333333333334
25,GAM,0.39,0.9583333333333334
25,GAM,0.4,0.9583333333333334
25,GAM,0.41000000000000003,0.9583333333333334
25,GAM,0.42,0.9583333333333334
25,GAM,0.43,0.9583333333333334
25,GAM,0.44,0.9583333333333334
25,GAM,0.45,0.9583333333333334
25,GAM,0.46,0.9583333333333334
25,GAM,0.47000000000000003,0.9583333333333334
25,GAM,0.48,0.9722222222222222
25,GAM,0.49,0.9722222222222222
25,GAM,0.5,0.9861111111111112
25,GAM,0.51,0.9861111111111112
25,GAM,0.52,0.9861111111111112
25,GAM,0.53,0.9861111111111112
25,GAM,0.54,0.9861111111111112
25,GAM,0.55,0.9861111111111112
25,GAM,0.56,0.9861111111111112
25,GAM,0.5700000000000001,0.9861111111111112
25,GAM,0.58,0.9861111111111112
25,GAM,0.59,0.9861111111111112
25,GAM,0.6,0.9861111111111112
25,GAM,0.61,0.9861111111111112
25,GAM,0.62,0.9861111111111112
25,GAM,0.63,0.9861111111111112
25,GAM,0.64,0.9861111111111112
25,GAM,0.65,0.9861111111111112
25,GAM,0.66,0.9861111111111112
25,GAM,0.67,0.9861111111111112
25,GAM,0.68,0.9861111111111112
25,GAM,0.6900000000000001,0.9861111111111112
25,GAM,0.7000000000000001,0.9861111111111112
25,GAM,0.71,0.9861111111111112
25,GAM,0.72,0.9861111111111112
25,GAM,0.73,0.9861111111111112
25,GAM,0.74,0.9861111111111112
25,GAM,0.75,0.9861111111111112
25,GAM,0.76,0.9861111111111112
25,GAM,0.77,0.9861111111111112
25,GAM,0.78,0.9861111111111112
25,GAM,0.79,0.9861111111111112
25,GAM,0.8,0.9861111111111112
25,GAM,0.81,0.9861111111111112
25,GAM,0.8200000000000001,0.9861111111111112
25,GAM,0.8300000000000001,0.9861111111111112
25,GAM,0.84,1.0
25,GAM,0.85,1.0
25,GAM,0.86,1.0
25,GAM,0.87,1.0
25,GAM,0.88,1.0
25,GAM,0.89,1.0
25,GAM,0.9,1.0
25,GAM,0.91,1.0
25,GAM,0.92,1.0
25,GAM,0.93,1.0
25,GAM,0.9400000000000001,1.0
25,GAM,0.9500000000000001,1.0
25,GAM,0.96,1.0
25,GAM,0.97,1.0
25,GAM,0.98,1.0
25,GAM,0.99,1.0
25,GAM,1.0,1.0
25,RF,0.0,0.5277777777777778
25,RF,0.01,0.5833333333333334
25,RF,0.02,0.5972222222222222
25,RF,0.03,0.8055555555555556
25,RF,0.04,0.8611111111111112
25,RF,0.05,0.8888888888888888
25,RF,0.06,0.8888888888888888
25,RF,0.07,0.8888888888888888
25,RF,0.08,0.9166666666666666
25,RF,0.09,0.9166666666666666
25,RF,0.1,0.9166666666666666
25,RF,0.11,0.9166666666666666
25,RF,0.12,0.9305555555555556
25,RF,0.13,0.9305555555555556
25,RF,0.14,0.9305555555555556
25,RF,0.15,0.9305555555555556
25,RF,0.16,0.9305555555555556
25,RF,0.17,0.9444444444444444
25,RF,0.18,0.9444444444444444
25,RF,0.19,0.9583333333333334
25,RF,0.2,0.9583333333333334
25,RF,0.21,0.9583333333333334
25,RF,0.22,0.9583333333333334
25,RF,0.23,0.9583333333333334
25,RF,0.24,0.9583333333333334
25,RF,0.25,0.9583333333333334
25,RF,0.26,0.9583333333333334
25,RF,0.27,0.9583333333333334
25,RF,0.28,0.9583333333333334
25,RF,0.29,0.9583333333333334
25,RF,0.3,0.9583333333333334
25,RF,0.31,0.9583333333333334
25,RF,0.32,0.9583333333333334
25,RF,0.33,0.9583333333333334
25,RF,0.34,0.9583333333333334
25,RF,0.35000000000000003,0.9583333333333334
25,RF,0.36,0.9583333333333334
25,RF,0.37,0.9583333333333334
25,RF,0.38,0.9583333333333334
25,RF,0.39,0.9583333333333334
25,RF,0.4,0.9583333333333334
25,RF,0.41000000000000003,0.9583333333333334
25,RF,0.42,0.9583333333333334
25,RF,0.43,0.9583333333333334
25,RF,0.44,0.9583333333333334
25,RF,0.45,0.9583333333333334
25,RF,0.46,0.9583333333333334
25,RF,0.47000000000000003,0.9583333333333334
25,RF,0.48,0.9583333333333334
25,RF,0.49,0.9583333333333334
25,RF,0.5,0.9722222222222222
25,RF,0.51,0.9722222222222222
25,RF,0.52,0.9722222222222222
25,RF,0.53,0.9722222222222222
25,RF,0.54,0.9722222222222222
25,RF,0.55,0.9722222222222222
25,RF,0.56,0.9722222222222222
25,RF,0.5700000000000001,0.9722222222222222
25,RF,0.58,0.9722222222222222
25,RF,0.59,0.9722222222222222
25,RF,0.6,0.9722222222222222
25,RF,0.61,0.9722222222222222
25,RF,0.62,0.9722222222222222
25,RF,0.63,0.9722222222222222
25,RF,0.64,0.9722222222222222
25,RF,0.65,0.9861111111111112
25,RF,0.66,0.9861111111111112
25,RF,0.67,0.9861111111111112
25,RF,0.68,0.9861111111111112
25,RF,0.6900000000000001,0.9861111111111112
25,RF,0.7000000000000001,0.9861111111111112
25,RF,0.71,0.9861111111111112
25,RF,0.72,0.9861111111111112
25,RF,0.73,0.9861111111111112
25,RF,0.74,0.9861111111111112
25,RF,0.75,0.9861111111111112
25,RF,0.76,0.9861111111111112
25,RF,0.77,0.9861111111111112
25,RF,0.78,0.9861111111111112
25,RF,0.79,0.9861111111111112
25,RF,0.8,0.9861111111111112
25,RF,0.81,0.9861111111111112
25,RF,0.8200000000000001,0.9861111111111112
25,RF,0.8300000000000001,1.0
25,RF,0.84,1.0
25,RF,0.85,1.0
25,RF,0.86,1.0
25,RF,0.87,1.0
25,RF,0.88,1.0
25,RF,0.89,1.0
25,RF,0.9,1.0
25,RF,0.91,1.0
25,RF,0.92,1.0
25,RF,0.93,1.0
25,RF,0.9400000000000001,1.0
25,RF,0.9500000000000001,1.0
25,RF,0.96,1.0
25,RF,0.97,1.0
25,RF,0.98,1.0
25,RF,0.99,1.0
25,RF,1.0,1.0
26,LR,0.0,0.24285714285714285
26,LR,0.01,0.35714285714285715
26,LR,0.02,0.6428571428571429
26,LR,0.03,0.6857142857142857
26,LR,0.04,0.7428571428571429
26,LR,0.05,0.7571428571428571
26,LR,0.06,0.8571428571428571
26,LR,0.07,0.8714285714285714
26,LR,0.08,0.8857142857142857
26,LR,0.09,0.8857142857142857
26,LR,0.1,0.8857142857142857
26,LR,0.11,0.9
26,LR,0.12,0.9
26,LR,0.13,0.9
26,LR,0.14,0.9142857142857143
26,LR,0.15,0.9142857142857143
26,LR,0.16,0.9142857142857143
26,LR,0.17,0.9142857142857143
26,LR,0.18,0.9571428571428572
26,LR,0.19,0.9571428571428572
26,LR,0.2,0.9571428571428572
26,LR,0.21,0.9571428571428572
26,LR,0.22,0.9571428571428572
26,LR,0.23,0.9571428571428572
26,LR,0.24,0.9714285714285714
26,LR,0.25,0.9714285714285714
26,LR,0.26,0.9714285714285714
26,LR,0.27,0.9714285714285714
26,LR,0.28,0.9714285714285714
26,LR,0.29,0.9714285714285714
26,LR,0.3,0.9714285714285714
26,LR,0.31,0.9714285714285714
26,LR,0.32,0.9714285714285714
26,LR,0.33,0.9714285714285714
26,LR,0.34,0.9714285714285714
26,LR,0.35000000000000003,0.9857142857142858
26,LR,0.36,0.9857142857142858
26,LR,0.37,0.9857142857142858
26,LR,0.38,0.9857142857142858
26,LR,0.39,0.9857142857142858
26,LR,0.4,0.9857142857142858
26,LR,0.41000000000000003,0.9857142857142858
26,LR,0.42,0.9857142857142858
26,LR,0.43,0.9857142857142858
26,LR,0.44,0.9857142857142858
26,LR,0.45,0.9857142857142858
26,LR,0.46,0.9857142857142858
26,LR,0.47000000000000003,0.9857142857142858
26,LR,0.48,0.9857142857142858
26,LR,0.49,0.9857142857142858
26,LR,0.5,0.9857142857142858
26,LR,0.51,0.9857142857142858
26,LR,0.52,1.0
26,LR,0.53,1.0
26,LR,0.54,1.0
26,LR,0.55,1.0
26,LR,0.56,1.0
26,LR,0.5700000000000001,1.0
26,LR,0.58,1.0
26,LR,0.59,1.0
26,LR,0.6,1.0
26,LR,0.61,1.0
26,LR,0.62,1.0
26,LR,0.63,1.0
26,LR,0.64,1.0
26,LR,0.65,1.0
26,LR,0.66,1.0
26,LR,0.67,1.0
26,LR,0.68,1.0
26,LR,0.6900000000000001,1.0
26,LR,0.7000000000000001,1.0
26,LR,0.71,1.0
26,LR,0.72,1.0
26,LR,0.73,1.0
26,LR,0.74,1.0
26,LR,0.75,1.0
26,LR,0.76,1.0
26,LR,0.77,1.0
26,LR,0.78,1.0
26,LR,0.79,1.0
26,LR,0.8,1.0
26,LR,0.81,1.0
26,LR,0.8200000000000001,1.0
26,LR,0.8300000000000001,1.0
26,LR,0.84,1.0
26,LR,0.85,1.0
26,LR,0.86,1.0
26,LR,0.87,1.0
26,LR,0.88,1.0
26,LR,0.89,1.0
26,LR,0.9,1.0
26,LR,0.91,1.0
26,LR,0.92,1.0
26,LR,0.93,1.0
26,LR,0.9400000000000001,1.0
26,LR,0.9500000000000001,1.0
26,LR,0.96,1.0
26,LR,0.97,1.0
26,LR,0.98,1.0
26,LR,0.99,1.0
26,LR,1.0,1.0
26,GAM,0.0,0.2571428571428571
26,GAM,0.01,0.35714285714285715
26,GAM,0.02,0.6
26,GAM,0.03,0.6142857142857143
26,GAM,0.04,0.6571428571428571
26,GAM,0.05,0.7142857142857143
26,GAM,0.06,0.8428571428571429
26,GAM,0.07,0.8714285714285714
26,GAM,0.08,0.8714285714285714
26,GAM,0.09,0.8714285714285714
26,GAM,0.1,0.8857142857142857
26,GAM,0.11,0.8857142857142857
26,GAM,0.12,0.9
26,GAM,0.13,0.9142857142857143
26,GAM,0.14,0.9285714285714286
26,GAM,0.15,0.9285714285714286
26,GAM,0.16,0.9285714285714286
26,GAM,0.17,0.9285714285714286
26,GAM,0.18,0.9571428571428572
26,GAM,0.19,0.9571428571428572
26,GAM,0.2,0.9571428571428572
26,GAM,0.21,0.9571428571428572
26,GAM,0.22,0.9571428571428572
26,GAM,0.23,0.9571428571428572
26,GAM,0.24,0.9571428571428572
26,GAM,0.25,0.9571428571428572
26,GAM,0.26,0.9571428571428572
26,GAM,0.27,0.9571428571428572
26,GAM,0.28,0.9714285714285714
26,GAM,0.29,0.9857142857142858
26,GAM,0.3,0.9857142857142858
26,GAM,0.31,0.9857142857142858
26,GAM,0.32,0.9857142857142858
26,GAM,0.33,0.9857142857142858
26,GAM,0.34,0.9857142857142858
26,GAM,0.35000000000000003,0.9857142857142858
26,GAM,0.36,0.9857142857142858
26,GAM,0.37,0.9857142857142858
26,GAM,0.38,0.9857142857142858
26,GAM,0.39,0.9857142857142858
26,GAM,0.4,0.9857142857142858
26,GAM,0.41000000000000003,0.9857142857142858
26,GAM,0.42,0.9857142857142858
26,GAM,0.43,0.9857142857142858
26,GAM,0.44,0.9857142857142858
26,GAM,0.45,0.9857142857142858
26,GAM,0.46,0.9857142857142858
26,GAM,0.47000000000000003,0.9857142857142858
26,GAM,0.48,1.0
26,GAM,0.49,1.0
26,GAM,0.5,1.0
26,GAM,0.51,1.0
26,GAM,0.52,1.0
26,GAM,0.53,1.0
26,GAM,0.54,1.0
26,GAM,0.55,1.0
26,GAM,0.56,1.0
26,GAM,0.5700000000000001,1.0
26,GAM,0.58,1.0
26,GAM,0.59,1.0
26,GAM,0.6,1.0
26,GAM,0.61,1.0
26,GAM,0.62,1.0
26,GAM,0.63,1.0
26,GAM,0.64,1.0
26,GAM,0.65,1.0
26,GAM,0.66,1.0
26,GAM,0.67,1.0
26,GAM,0.68,1.0
26,GAM,0.6900000000000001,1.0
26,GAM,0.7000000000000001,1.0
26,GAM,0.71,1.0
26,GAM,0.72,1.0
26,GAM,0.73,1.0
26,GAM,0.74,1.0
26,GAM,0.75,1.0
26,GAM,0.76,1.0
26,GAM,0.77,1.0
26,GAM,0.78,1.0
26,GAM,0.79,1.0
26,GAM,0.8,1.0
26,GAM,0.81,1.0
26,GAM,0.8200000000000001,1.0
26,GAM,0.8300000000000001,1.0
26,GAM,0.84,1.0
26,GAM,0.85,1.0
26,GAM,0.86,1.0
26,GAM,0.87,1.0
26,GAM,0.88,1.0
26,GAM,0.89,1.0
26,GAM,0.9,1.0
26,GAM,0.91,1.0
26,GAM,0.92,1.0
26,GAM,0.93,1.0
26,GAM,0.9400000000000001,1.0
26,GAM,0.9500000000000001,1.0
26,GAM,0.96,1.0
26,GAM,0.97,1.0
26,GAM,0.98,1.0
26,GAM,0.99,1.0
26,GAM,1.0,1.0
26,RF,0.0,0.12857142857142856
26,RF,0.01,0.37142857142857144
26,RF,0.02,0.5571428571428572
26,RF,0.03,0.7428571428571429
26,RF,0.04,0.8285714285714286
26,RF,0.05,0.8285714285714286
26,RF,0.06,0.8428571428571429
26,RF,0.07,0.8714285714285714
26,RF,0.08,0.9
26,RF,0.09,0.9142857142857143
26,RF,0.1,0.9285714285714286
26,RF,0.11,0.9285714285714286
26,RF,0.12,0.9285714285714286
26,RF,0.13,0.9285714285714286
26,RF,0.14,0.9285714285714286
26,RF,0.15,0.9571428571428572
26,RF,0.16,0.9571428571428572
26,RF,0.17,0.9571428571428572
26,RF,0.18,0.9571428571428572
26,RF,0.19,0.9571428571428572
26,RF,0.2,0.9571428571428572
26,RF,0.21,0.9571428571428572
26,RF,0.22,0.9571428571428572
26,RF,0.23,0.9571428571428572
26,RF,0.24,0.9714285714285714
26,RF,0.25,0.9714285714285714
26,RF,0.26,0.9714285714285714
26,RF,0.27,0.9714285714285714
26,RF,0.28,0.9857142857142858
26,RF,0.29,0.9857142857142858
26,RF,0.3,0.9857142857142858
26,RF,0.31,0.9857142857142858
26,RF,0.32,0.9857142857142858
26,RF,0.33,0.9857142857142858
26,RF,0.34,0.9857142857142858
26,RF,0.35000000000000003,0.9857142857142858
26,RF,0.36,0.9857142857142858
26,RF,0.37,0.9857142857142858
26,RF,0.38,0.9857142857142858
26,RF,0.39,0.9857142857142858
26,RF,0.4,0.9857142857142858
26,RF,0.41000000000000003,0.9857142857142858
26,RF,0.42,0.9857142857142858
26,RF,0.43,0.9857142857142858
26,RF,0.44,0.9857142857142858
26,RF,0.45,0.9857142857142858
26,RF,0.46,0.9857142857142858
26,RF,0.47000000000000003,0.9857142857142858
26,RF,0.48,0.9857142857142858
26,RF,0.49,0.9857142857142858
26,RF,0.5,0.9857142857142858
26,RF,0.51,0.9857142857142858
26,RF,0.52,0.9857142857142858
26,RF,0.53,0.9857142857142858
26,RF,0.54,0.9857142857142858
26,RF,0.55,0.9857142857142858
26,RF,0.56,0.9857142857142858
26,RF,0.5700000000000001,0.9857142857142858
26,RF,0.58,0.9857142857142858
26,RF,0.59,0.9857142857142858
26,RF,0.6,0.9857142857142858
26,RF,0.61,0.9857142857142858
26,RF,0.62,0.9857142857142858
26,RF,0.63,0.9857142857142858
26,RF,0.64,0.9857142857142858
26,RF,0.65,1.0
26,RF,0.66,1.0
26,RF,0.67,1.0
26,RF,0.68,1.0
26,RF,0.6900000000000001,1.0
26,RF,0.7000000000000001,1.0
26,RF,0.71,1.0
26,RF,0.72,1.0
26,RF,0.73,1.0
26,RF,0.74,1.0
26,RF,0.75,1.0
26,RF,0.76,1.0
26,RF,0.77,1.0
26,RF,0.78,1.0
26,RF,0.79,1.0
26,RF,0.8,1.0
26,RF,0.81,1.0
26,RF,0.8200000000000001,1.0
26,RF,0.8300000000000001,1.0
26,RF,0.84,1.0
26,RF,0.85,1.0
26,RF,0.86,1.0
26,RF,0.87,1.0
26,RF,0.88,1.0
26,RF,0.89,1.0
26,RF,0.9,1.0
26,RF,0.91,1.0
26,RF,0.92,1.0
26,RF,0.93,1.0
26,RF,0.9400000000000001,1.0
26,RF,0.9500000000000001,1.0
26,RF,0.96,1.0
26,RF,0.97,1.0
26,RF,0.98,1.0
26,RF,0.99,1.0
26,RF,1.0,1.0
27,LR,0.0,0.5945945945945946
27,LR,0.01,0.6486486486486487
27,LR,0.02,0.6891891891891891
27,LR,0.03,0.7837837837837838
27,LR,0.04,0.7837837837837838
27,LR,0.05,0.8243243243243243
27,LR,0.06,0.8378378378378378
27,LR,0.07,0.8648648648648649
27,LR,0.08,0.8918918918918919
27,LR,0.09,0.9324324324324325
27,LR,0.1,0.9324324324324325
27,LR,0.11,0.9459459459459459
27,LR,0.12,0.9459459459459459
27,LR,0.13,0.9459459459459459
27,LR,0.14,0.9594594594594594
27,LR,0.15,0.9594594594594594
27,LR,0.16,0.9594594594594594
27,LR,0.17,0.9594594594594594
27,LR,0.18,0.9594594594594594
27,LR,0.19,0.9594594594594594
27,LR,0.2,0.9594594594594594
27,LR,0.21,0.9594594594594594
27,LR,0.22,0.9594594594594594
27,LR,0.23,0.972972972972973
27,LR,0.24,0.972972972972973
27,LR,0.25,0.972972972972973
27,LR,0.26,0.972972972972973
27,LR,0.27,0.9864864864864865
27,LR,0.28,0.9864864864864865
27,LR,0.29,0.9864864864864865
27,LR,0.3,0.9864864864864865
27,LR,0.31,0.9864864864864865
27,LR,0.32,0.9864864864864865
27,LR,0.33,0.9864864864864865
27,LR,0.34,1.0
27,LR,0.35000000000000003,1.0
27,LR,0.36,1.0
27,LR,0.37,1.0
27,LR,0.38,1.0
27,LR,0.39,1.0
27,LR,0.4,1.0
27,LR,0.41000000000000003,1.0
27,LR,0.42,1.0
27,LR,0.43,1.0
27,LR,0.44,1.0
27,LR,0.45,1.0
27,LR,0.46,1.0
27,LR,0.47000000000000003,1.0
27,LR,0.48,1.0
27,LR,0.49,1.0
27,LR,0.5,1.0
27,LR,0.51,1.0
27,LR,0.52,1.0
27,LR,0.53,1.0
27,LR,0.54,1.0
27,LR,0.55,1.0
27,LR,0.56,1.0
27,LR,0.5700000000000001,1.0
27,LR,0.58,1.0
27,LR,0.59,1.0
27,LR,0.6,1.0
27,LR,0.61,1.0
27,LR,0.62,1.0
27,LR,0.63,1.0
27,LR,0.64,1.0
27,LR,0.65,1.0
27,LR,0.66,1.0
27,LR,0.67,1.0
27,LR,0.68,1.0
27,LR,0.6900000000000001,1.0
27,LR,0.7000000000000001,1.0
27,LR,0.71,1.0
27,LR,0.72,1.0
27,LR,0.73,1.0
27,LR,0.74,1.0
27,LR,0.75,1.0
27,LR,0.76,1.0
27,LR,0.77,1.0
27,LR,0.78,1.0
27,LR,0.79,1.0
27,LR,0.8,1.0
27,LR,0.81,1.0
27,LR,0.8200000000000001,1.0
27,LR,0.8300000000000001,1.0
27,LR,0.84,1.0
27,LR,0.85,1.0
27,LR,0.86,1.0
27,LR,0.87,1.0
27,LR,0.88,1.0
27,LR,0.89,1.0
27,LR,0.9,1.0
27,LR,0.91,1.0
27,LR,0.92,1.0
27,LR,0.93,1.0
27,LR,0.9400000000000001,1.0
27,LR,0.9500000000000001,1.0
27,LR,0.96,1.0
27,LR,0.97,1.0
27,LR,0.98,1.0
27,LR,0.99,1.0
27,LR,1.0,1.0
27,GAM,0.0,0.7567567567567568
27,GAM,0.01,0.7567567567567568
27,GAM,0.02,0.7972972972972973
27,GAM,0.03,0.8378378378378378
27,GAM,0.04,0.8378378378378378
27,GAM,0.05,0.8513513513513513
27,GAM,0.06,0.8648648648648649
27,GAM,0.07,0.9324324324324325
27,GAM,0.08,0.9324324324324325
27,GAM,0.09,0.9324324324324325
27,GAM,0.1,0.9324324324324325
27,GAM,0.11,0.9459459459459459
27,GAM,0.12,0.9594594594594594
27,GAM,0.13,0.9594594594594594
27,GAM,0.14,0.9594594594594594
27,GAM,0.15,0.9594594594594594
27,GAM,0.16,0.9594594594594594
27,GAM,0.17,0.9594594594594594
27,GAM,0.18,0.9594594594594594
27,GAM,0.19,0.9594594594594594
27,GAM,0.2,0.9594594594594594
27,GAM,0.21,0.9594594594594594
27,GAM,0.22,0.972972972972973
27,GAM,0.23,0.972972972972973
27,GAM,0.24,0.972972972972973
27,GAM,0.25,0.972972972972973
27,GAM,0.26,0.972972972972973
27,GAM,0.27,0.972972972972973
27,GAM,0.28,1.0
27,GAM,0.29,1.0
27,GAM,0.3,1.0
27,GAM,0.31,1.0
27,GAM,0.32,1.0
27,GAM,0.33,1.0
27,GAM,0.34,1.0
27,GAM,0.35000000000000003,1.0
27,GAM,0.36,1.0
27,GAM,0.37,1.0
27,GAM,0.38,1.0
27,GAM,0.39,1.0
27,GAM,0.4,1.0
27,GAM,0.41000000000000003,1.0
27,GAM,0.42,1.0
27,GAM,0.43,1.0
27,GAM,0.44,1.0
27,GAM,0.45,1.0
27,GAM,0.46,1.0
27,GAM,0.47000000000000003,1.0
27,GAM,0.48,1.0
27,GAM,0.49,1.0
27,GAM,0.5,1.0
27,GAM,0.51,1.0
27,GAM,0.52,1.0
27,GAM,0.53,1.0
27,GAM,0.54,1.0
27,GAM,0.55,1.0
27,GAM,0.56,1.0
27,GAM,0.5700000000000001,1.0
27,GAM,0.58,1.0
27,GAM,0.59,1.0
27,GAM,0.6,1.0
27,GAM,0.61,1.0
27,GAM,0.62,1.0
27,GAM,0.63,1.0
27,GAM,0.64,1.0
27,GAM,0.65,1.0
27,GAM,0.66,1.0
27,GAM,0.67,1.0
27,GAM,0.68,1.0
27,GAM,0.6900000000000001,1.0
27,GAM,0.7000000000000001,1.0
27,GAM,0.71,1.0
27,GAM,0.72,1.0
27,GAM,0.73,1.0
27,GAM,0.74,1.0
27,GAM,0.75,1.0
27,GAM,0.76,1.0
27,GAM,0.77,1.0
27,GAM,0.78,1.0
27,GAM,0.79,1.0
27,GAM,0.8,1.0
27,GAM,0.81,1.0
27,GAM,0.8200000000000001,1.0
27,GAM,0.8300000000000001,1.0
27,GAM,0.84,1.0
27,GAM,0.85,1.0
27,GAM,0.86,1.0
27,GAM,0.87,1.0
27,GAM,0.88,1.0
27,GAM,0.89,1.0
27,GAM,0.9,1.0
27,GAM,0.91,1.0
27,GAM,0.92,1.0
27,GAM,0.93,1.0
27,GAM,0.9400000000000001,1.0
27,GAM,0.9500000000000001,1.0
27,GAM,0.96,1.0
27,GAM,0.97,1.0
27,GAM,0.98,1.0
27,GAM,0.99,1.0
27,GAM,1.0,1.0
27,RF,0.0,0.4864864864864865
27,RF,0.01,0.5945945945945946
27,RF,0.02,0.8513513513513513
27,RF,0.03,0.8648648648648649
27,RF,0.04,0.9054054054054054
27,RF,0.05,0.9459459459459459
27,RF,0.06,0.9594594594594594
27,RF,0.07,0.972972972972973
27,RF,0.08,0.972972972972973
27,RF,0.09,0.972972972972973
27,RF,0.1,0.972972972972973
27,RF,0.11,0.972972972972973
27,RF,0.12,0.972972972972973
27,RF,0.13,1.0
27,RF,0.14,1.0
27,RF,0.15,1.0
27,RF,0.16,1.0
27,RF,0.17,1.0
27,RF,0.18,1.0
27,RF,0.19,1.0
27,RF,0.2,1.0
27,RF,0.21,1.0
27,RF,0.22,1.0
27,RF,0.23,1.0
27,RF,0.24,1.0
27,RF,0.25,1.0
27,RF,0.26,1.0
27,RF,0.27,1.0
27,RF,0.28,1.0
27,RF,0.29,1.0
27,RF,0.3,1.0
27,RF,0.31,1.0
27,RF,0.32,1.0
27,RF,0.33,1.0
27,RF,0.34,1.0
27,RF,0.35000000000000003,1.0
27,RF,0.36,1.0
27,RF,0.37,1.0
27,RF,0.38,1.0
27,RF,0.39,1.0
27,RF,0.4,1.0
27,RF,0.41000000000000003,1.0
27,RF,0.42,1.0
27,RF,0.43,1.0
27,RF,0.44,1.0
27,RF,0.45,1.0
27,RF,0.46,1.0
27,RF,0.47000000000000003,1.0
27,RF,0.48,1.0
27,RF,0.49,1.0
27,RF,0.5,1.0
27,RF,0.51,1.0
27,RF,0.52,1.0
27,RF,0.53,1.0
27,RF,0.54,1.0
27,RF,0.55,1.0
27,RF,0.56,1.0
27,RF,0.5700000000000001,1.0
27,RF,0.58,1.0
27,RF,0.59,1.0
27,RF,0.6,1.0
27,RF,0.61,1.0
27,RF,0.62,1.0
27,RF,0.63,1.0
27,RF,0.64,1.0
27,RF,0.65,1.0
27,RF,0.66,1.0
27,RF,0.67,1.0
27,RF,0.68,1.0
27,RF,0.6900000000000001,1.0
27,RF,0.7000000000000001,1.0
27,RF,0.71,1.0
27,RF,0.72,1.0
27,RF,0.73,1.0
27,RF,0.74,1.0
27,RF,0.75,1.0
27,RF,0.76,1.0
27,RF,0.77,1.0
27,RF,0.78,1.0
27,RF,0.79,1.0
27,RF,0.8,1.0
27,RF,0.81,1.0
27,RF,0.8200000000000001,1.0
27,RF,0.8300000000000001,1.0
27,RF,0.84,1.0
27,RF,0.85,1.0
27,RF,0.86,1.0
27,RF,0.87,1.0
27,RF,0.88,1.0
27,RF,0.89,1.0
27,RF,0.9,1.0
27,RF,0.91,1.0
27,RF,0.92,1.0
27,RF,0.93,1.0
27,RF,0.9400000000000001,1.0
27,RF,0.9500000000000001,1.0
27,RF,0.96,1.0
27,RF,0.97,1.0
27,RF,0.98,1.0
27,RF,0.99,1.0
27,RF,1.0,1.0
28,LR,0.0,0.25882352941176473
28,LR,0.01,0.36470588235294116
28,LR,0.02,0.5058823529411764
28,LR,0.03,0.6352941176470588
28,LR,0.04,0.6588235294117647
28,LR,0.05,0.6588235294117647
28,LR,0.06,0.7176470588235294
28,LR,0.07,0.7411764705882353
28,LR,0.08,0.7411764705882353
28,LR,0.09,0.8470588235294118
28,LR,0.1,0.8470588235294118
28,LR,0.11,0.8705882352941177
28,LR,0.12,0.8941176470588236
28,LR,0.13,0.8941176470588236
28,LR,0.14,0.8941176470588236
28,LR,0.15,0.8941176470588236
28,LR,0.16,0.8941176470588236
28,LR,0.17,0.8941176470588236
28,LR,0.18,0.8941176470588236
28,LR,0.19,0.8941176470588236
28,LR,0.2,0.9058823529411765
28,LR,0.21,0.9058823529411765
28,LR,0.22,0.9176470588235294
28,LR,0.23,0.9176470588235294
28,LR,0.24,0.9176470588235294
28,LR,0.25,0.9176470588235294
28,LR,0.26,0.9176470588235294
28,LR,0.27,0.9176470588235294
28,LR,0.28,0.9176470588235294
28,LR,0.29,0.9176470588235294
28,LR,0.3,0.9294117647058824
28,LR,0.31,0.9294117647058824
28,LR,0.32,0.9294117647058824
28,LR,0.33,0.9294117647058824
28,LR,0.34,0.9294117647058824
28,LR,0.35000000000000003,0.9294117647058824
28,LR,0.36,0.9294117647058824
28,LR,0.37,0.9294117647058824
28,LR,0.38,0.9294117647058824
28,LR,0.39,0.9294117647058824
28,LR,0.4,0.9294117647058824
28,LR,0.41000000000000003,0.9294117647058824
28,LR,0.42,0.9411764705882353
28,LR,0.43,0.9411764705882353
28,LR,0.44,0.9411764705882353
28,LR,0.45,0.9529411764705882
28,LR,0.46,0.9529411764705882
28,LR,0.47000000000000003,0.9647058823529412
28,LR,0.48,0.9647058823529412
28,LR,0.49,0.9647058823529412
28,LR,0.5,0.9647058823529412
28,LR,0.51,0.9647058823529412
28,LR,0.52,0.9647058823529412
28,LR,0.53,0.9647058823529412
28,LR,0.54,0.9647058823529412
28,LR,0.55,0.9647058823529412
28,LR,0.56,0.9764705882352941
28,LR,0.5700000000000001,0.9882352941176471
28,LR,0.58,0.9882352941176471
28,LR,0.59,0.9882352941176471
28,LR,0.6,0.9882352941176471
28,LR,0.61,0.9882352941176471
28,LR,0.62,0.9882352941176471
28,LR,0.63,0.9882352941176471
28,LR,0.64,0.9882352941176471
28,LR,0.65,0.9882352941176471
28,LR,0.66,0.9882352941176471
28,LR,0.67,0.9882352941176471
28,LR,0.68,0.9882352941176471
28,LR,0.6900000000000001,0.9882352941176471
28,LR,0.7000000000000001,0.9882352941176471
28,LR,0.71,0.9882352941176471
28,LR,0.72,0.9882352941176471
28,LR,0.73,0.9882352941176471
28,LR,0.74,0.9882352941176471
28,LR,0.75,0.9882352941176471
28,LR,0.76,0.9882352941176471
28,LR,0.77,0.9882352941176471
28,LR,0.78,0.9882352941176471
28,LR,0.79,0.9882352941176471
28,LR,0.8,0.9882352941176471
28,LR,0.81,0.9882352941176471
28,LR,0.8200000000000001,1.0
28,LR,0.8300000000000001,1.0
28,LR,0.84,1.0
28,LR,0.85,1.0
28,LR,0.86,1.0
28,LR,0.87,1.0
28,LR,0.88,1.0
28,LR,0.89,1.0
28,LR,0.9,1.0
28,LR,0.91,1.0
28,LR,0.92,1.0
28,LR,0.93,1.0
28,LR,0.9400000000000001,1.0
28,LR,0.9500000000000001,1.0
28,LR,0.96,1.0
28,LR,0.97,1.0
28,LR,0.98,1.0
28,LR,0.99,1.0
28,LR,1.0,1.0
28,GAM,0.0,0.2
28,GAM,0.01,0.3764705882352941
28,GAM,0.02,0.6
28,GAM,0.03,0.6470588235294118
28,GAM,0.04,0.6470588235294118
28,GAM,0.05,0.6705882352941176
28,GAM,0.06,0.7058823529411765
28,GAM,0.07,0.788235294117647
28,GAM,0.08,0.8
28,GAM,0.09,0.8352941176470589
28,GAM,0.1,0.8352941176470589
28,GAM,0.11,0.8823529411764706
28,GAM,0.12,0.8941176470588236
28,GAM,0.13,0.8941176470588236
28,GAM,0.14,0.8941176470588236
28,GAM,0.15,0.8941176470588236
28,GAM,0.16,0.8941176470588236
28,GAM,0.17,0.8941176470588236
28,GAM,0.18,0.9176470588235294
28,GAM,0.19,0.9176470588235294
28,GAM,0.2,0.9176470588235294
28,GAM,0.21,0.9294117647058824
28,GAM,0.22,0.9294117647058824
28,GAM,0.23,0.9294117647058824
28,GAM,0.24,0.9294117647058824
28,GAM,0.25,0.9294117647058824
28,GAM,0.26,0.9294117647058824
28,GAM,0.27,0.9294117647058824
28,GAM,0.28,0.9294117647058824
28,GAM,0.29,0.9294117647058824
28,GAM,0.3,0.9294117647058824
28,GAM,0.31,0.9294117647058824
28,GAM,0.32,0.9294117647058824
28,GAM,0.33,0.9411764705882353
28,GAM,0.34,0.9411764705882353
28,GAM,0.35000000000000003,0.9411764705882353
28,GAM,0.36,0.9529411764705882
28,GAM,0.37,0.9529411764705882
28,GAM,0.38,0.9529411764705882
28,GAM,0.39,0.9529411764705882
28,GAM,0.4,0.9529411764705882
28,GAM,0.41000000000000003,0.9529411764705882
28,GAM,0.42,0.9647058823529412
28,GAM,0.43,0.9764705882352941
28,GAM,0.44,0.9764705882352941
28,GAM,0.45,0.9882352941176471
28,GAM,0.46,0.9882352941176471
28,GAM,0.47000000000000003,0.9882352941176471
28,GAM,0.48,0.9882352941176471
28,GAM,0.49,0.9882352941176471
28,GAM,0.5,0.9882352941176471
28,GAM,0.51,0.9882352941176471
28,GAM,0.52,0.9882352941176471
28,GAM,0.53,0.9882352941176471
28,GAM,0.54,0.9882352941176471
28,GAM,0.55,0.9882352941176471
28,GAM,0.56,0.9882352941176471
28,GAM,0.5700000000000001,0.9882352941176471
28,GAM,0.58,0.9882352941176471
28,GAM,0.59,0.9882352941176471
28,GAM,0.6,0.9882352941176471
28,GAM,0.61,0.9882352941176471
28,GAM,0.62,0.9882352941176471
28,GAM,0.63,0.9882352941176471
28,GAM,0.64,0.9882352941176471
28,GAM,0.65,0.9882352941176471
28,GAM,0.66,0.9882352941176471
28,GAM,0.67,0.9882352941176471
28,GAM,0.68,1.0
28,GAM,0.6900000000000001,1.0
28,GAM,0.7000000000000001,1.0
28,GAM,0.71,1.0
28,GAM,0.72,1.0
28,GAM,0.73,1.0
28,GAM,0.74,1.0
28,GAM,0.75,1.0
28,GAM,0.76,1.0
28,GAM,0.77,1.0
28,GAM,0.78,1.0
28,GAM,0.79,1.0
28,GAM,0.8,1.0
28,GAM,0.81,1.0
28,GAM,0.8200000000000001,1.0
28,GAM,0.8300000000000001,1.0
28,GAM,0.84,1.0
28,GAM,0.85,1.0
28,GAM,0.86,1.0
28,GAM,0.87,1.0
28,GAM,0.88,1.0
28,GAM,0.89,1.0
28,GAM,0.9,1.0
28,GAM,0.91,1.0
28,GAM,0.92,1.0
28,GAM,0.93,1.0
28,GAM,0.9400000000000001,1.0
28,GAM,0.9500000000000001,1.0
28,GAM,0.96,1.0
28,GAM,0.97,1.0
28,GAM,0.98,1.0
28,GAM,0.99,1.0
28,GAM,1.0,1.0
28,RF,0.0,0.5411764705882353
28,RF,0.01,0.5529411764705883
28,RF,0.02,0.5882352941176471
28,RF,0.03,0.6823529411764706
28,RF,0.04,0.6941176470588235
28,RF,0.05,0.788235294117647
28,RF,0.06,0.8117647058823529
28,RF,0.07,0.8352941176470589
28,RF,0.08,0.8470588235294118
28,RF,0.09,0.8705882352941177
28,RF,0.1,0.8705882352941177
28,RF,0.11,0.8823529411764706
28,RF,0.12,0.9058823529411765
28,RF,0.13,0.9058823529411765
28,RF,0.14,0.9058823529411765
28,RF,0.15,0.9176470588235294
28,RF,0.16,0.9176470588235294
28,RF,0.17,0.9294117647058824
28,RF,0.18,0.9294117647058824
28,RF,0.19,0.9294117647058824
28,RF,0.2,0.9294117647058824
28,RF,0.21,0.9294117647058824
28,RF,0.22,0.9294117647058824
28,RF,0.23,0.9294117647058824
28,RF,0.24,0.9411764705882353
28,RF,0.25,0.9529411764705882
28,RF,0.26,0.9529411764705882
28,RF,0.27,0.9529411764705882
28,RF,0.28,0.9529411764705882
28,RF,0.29,0.9529411764705882
28,RF,0.3,0.9647058823529412
28,RF,0.31,0.9647058823529412
28,RF,0.32,0.9647058823529412
28,RF,0.33,0.9647058823529412
28,RF,0.34,0.9647058823529412
28,RF,0.35000000000000003,0.9647058823529412
28,RF,0.36,0.9647058823529412
28,RF,0.37,0.9647058823529412
28,RF,0.38,0.9647058823529412
28,RF,0.39,0.9647058823529412
28,RF,0.4,0.9647058823529412
28,RF,0.41000000000000003,0.9647058823529412
28,RF,0.42,0.9647058823529412
28,RF,0.43,0.9764705882352941
28,RF,0.44,0.9764705882352941
28,RF,0.45,0.9764705882352941
28,RF,0.46,0.9764705882352941
28,RF,0.47000000000000003,0.9764705882352941
28,RF,0.48,0.9764705882352941
28,RF,0.49,0.9764705882352941
28,RF,0.5,0.9764705882352941
28,RF,0.51,0.9764705882352941
28,RF,0.52,0.9764705882352941
28,RF,0.53,0.9764705882352941
28,RF,0.54,0.9764705882352941
28,RF,0.55,0.9882352941176471
28,RF,0.56,0.9882352941176471
28,RF,0.5700000000000001,0.9882352941176471
28,RF,0.58,0.9882352941176471
28,RF,0.59,0.9882352941176471
28,RF,0.6,0.9882352941176471
28,RF,0.61,0.9882352941176471
28,RF,0.62,0.9882352941176471
28,RF,0.63,0.9882352941176471
28,RF,0.64,0.9882352941176471
28,RF,0.65,0.9882352941176471
28,RF,0.66,0.9882352941176471
28,RF,0.67,0.9882352941176471
28,RF,0.68,0.9882352941176471
28,RF,0.6900000000000001,0.9882352941176471
28,RF,0.7000000000000001,0.9882352941176471
28,RF,0.71,0.9882352941176471
28,RF,0.72,0.9882352941176471
28,RF,0.73,0.9882352941176471
28,RF,0.74,0.9882352941176471
28,RF,0.75,0.9882352941176471
28,RF,0.76,0.9882352941176471
28,RF,0.77,0.9882352941176471
28,RF,0.78,0.9882352941176471
28,RF,0.79,0.9882352941176471
28,RF,0.8,0.9882352941176471
28,RF,0.81,0.9882352941176471
28,RF,0.8200000000000001,0.9882352941176471
28,RF,0.8300000000000001,0.9882352941176471
28,RF,0.84,0.9882352941176471
28,RF,0.85,0.9882352941176471
28,RF,0.86,0.9882352941176471
28,RF,0.87,0.9882352941176471
28,RF,0.88,0.9882352941176471
28,RF,0.89,0.9882352941176471
28,RF,0.9,0.9882352941176471
28,RF,0.91,0.9882352941176471
28,RF,0.92,0.9882352941176471
28,RF,0.93,1.0
28,RF,0.9400000000000001,1.0
28,RF,0.9500000000000001,1.0
28,RF,0.96,1.0
28,RF,0.97,1.0
28,RF,0.98,1.0
28,RF,0.99,1.0
28,RF,1.0,1.0
29,LR,0.0,0.04285714285714286
29,LR,0.01,0.15714285714285714
29,LR,0.02,0.6428571428571429
29,LR,0.03,0.7142857142857143
29,LR,0.04,0.7428571428571429
29,LR,0.05,0.7428571428571429
29,LR,0.06,0.7857142857142857
29,LR,0.07,0.7857142857142857
29,LR,0.08,0.7857142857142857
29,LR,0.09,0.8285714285714286
29,LR,0.1,0.8428571428571429
29,LR,0.11,0.8857142857142857
29,LR,0.12,0.8857142857142857
29,LR,0.13,0.8857142857142857
29,LR,0.14,0.8857142857142857
29,LR,0.15,0.8857142857142857
29,LR,0.16,0.9
29,LR,0.17,0.9
29,LR,0.18,0.9142857142857143
29,LR,0.19,0.9142857142857143
29,LR,0.2,0.9142857142857143
29,LR,0.21,0.9142857142857143
29,LR,0.22,0.9142857142857143
29,LR,0.23,0.9142857142857143
29,LR,0.24,0.9142857142857143
29,LR,0.25,0.9142857142857143
29,LR,0.26,0.9142857142857143
29,LR,0.27,0.9142857142857143
29,LR,0.28,0.9142857142857143
29,LR,0.29,0.9142857142857143
29,LR,0.3,0.9142857142857143
29,LR,0.31,0.9142857142857143
29,LR,0.32,0.9142857142857143
29,LR,0.33,0.9142857142857143
29,LR,0.34,0.9142857142857143
29,LR,0.35000000000000003,0.9142857142857143
29,LR,0.36,0.9142857142857143
29,LR,0.37,0.9142857142857143
29,LR,0.38,0.9285714285714286
29,LR,0.39,0.9285714285714286
29,LR,0.4,0.9285714285714286
29,LR,0.41000000000000003,0.9285714285714286
29,LR,0.42,0.9428571428571428
29,LR,0.43,0.9428571428571428
29,LR,0.44,0.9571428571428572
29,LR,0.45,0.9571428571428572
29,LR,0.46,0.9571428571428572
29,LR,0.47000000000000003,0.9714285714285714
29,LR,0.48,0.9857142857142858
29,LR,0.49,0.9857142857142858
29,LR,0.5,0.9857142857142858
29,LR,0.51,0.9857142857142858
29,LR,0.52,0.9857142857142858
29,LR,0.53,0.9857142857142858
29,LR,0.54,0.9857142857142858
29,LR,0.55,0.9857142857142858
29,LR,0.56,0.9857142857142858
29,LR,0.5700000000000001,0.9857142857142858
29,LR,0.58,0.9857142857142858
29,LR,0.59,0.9857142857142858
29,LR,0.6,0.9857142857142858
29,LR,0.61,0.9857142857142858
29,LR,0.62,0.9857142857142858
29,LR,0.63,0.9857142857142858
29,LR,0.64,0.9857142857142858
29,LR,0.65,0.9857142857142858
29,LR,0.66,0.9857142857142858
29,LR,0.67,0.9857142857142858
29,LR,0.68,0.9857142857142858
29,LR,0.6900000000000001,0.9857142857142858
29,LR,0.7000000000000001,0.9857142857142858
29,LR,0.71,0.9857142857142858
29,LR,0.72,0.9857142857142858
29,LR,0.73,0.9857142857142858
29,LR,0.74,0.9857142857142858
29,LR,0.75,0.9857142857142858
29,LR,0.76,0.9857142857142858
29,LR,0.77,0.9857142857142858
29,LR,0.78,0.9857142857142858
29,LR,0.79,0.9857142857142858
29,LR,0.8,0.9857142857142858
29,LR,0.81,0.9857142857142858
29,LR,0.8200000000000001,0.9857142857142858
29,LR,0.8300000000000001,0.9857142857142858
29,LR,0.84,1.0
29,LR,0.85,1.0
29,LR,0.86,1.0
29,LR,0.87,1.0
29,LR,0.88,1.0
29,LR,0.89,1.0
29,LR,0.9,1.0
29,LR,0.91,1.0
29,LR,0.92,1.0
29,LR,0.93,1.0
29,LR,0.9400000000000001,1.0
29,LR,0.9500000000000001,1.0
29,LR,0.96,1.0
29,LR,0.97,1.0
29,LR,0.98,1.0
29,LR,0.99,1.0
29,LR,1.0,1.0
29,GAM,0.0,0.1
29,GAM,0.01,0.17142857142857143
29,GAM,0.02,0.6571428571428571
29,GAM,0.03,0.7285714285714285
29,GAM,0.04,0.7428571428571429
29,GAM,0.05,0.7428571428571429
29,GAM,0.06,0.7857142857142857
29,GAM,0.07,0.8
29,GAM,0.08,0.8571428571428571
29,GAM,0.09,0.8714285714285714
29,GAM,0.1,0.8857142857142857
29,GAM,0.11,0.8857142857142857
29,GAM,0.12,0.9
29,GAM,0.13,0.9
29,GAM,0.14,0.9
29,GAM,0.15,0.9
29,GAM,0.16,0.9142857142857143
29,GAM,0.17,0.9142857142857143
29,GAM,0.18,0.9142857142857143
29,GAM,0.19,0.9142857142857143
29,GAM,0.2,0.9142857142857143
29,GAM,0.21,0.9142857142857143
29,GAM,0.22,0.9142857142857143
29,GAM,0.23,0.9142857142857143
29,GAM,0.24,0.9142857142857143
29,GAM,0.25,0.9142857142857143
29,GAM,0.26,0.9142857142857143
29,GAM,0.27,0.9142857142857143
29,GAM,0.28,0.9285714285714286
29,GAM,0.29,0.9285714285714286
29,GAM,0.3,0.9285714285714286
29,GAM,0.31,0.9285714285714286
29,GAM,0.32,0.9285714285714286
29,GAM,0.33,0.9285714285714286
29,GAM,0.34,0.9285714285714286
29,GAM,0.35000000000000003,0.9285714285714286
29,GAM,0.36,0.9428571428571428
29,GAM,0.37,0.9428571428571428
29,GAM,0.38,0.9571428571428572
29,GAM,0.39,0.9571428571428572
29,GAM,0.4,0.9714285714285714
29,GAM,0.41000000000000003,0.9714285714285714
29,GAM,0.42,0.9857142857142858
29,GAM,0.43,0.9857142857142858
29,GAM,0.44,0.9857142857142858
29,GAM,0.45,0.9857142857142858
29,GAM,0.46,0.9857142857142858
29,GAM,0.47000000000000003,0.9857142857142858
29,GAM,0.48,0.9857142857142858
29,GAM,0.49,0.9857142857142858
29,GAM,0.5,0.9857142857142858
29,GAM,0.51,0.9857142857142858
29,GAM,0.52,0.9857142857142858
29,GAM,0.53,0.9857142857142858
29,GAM,0.54,0.9857142857142858
29,GAM,0.55,0.9857142857142858
29,GAM,0.56,0.9857142857142858
29,GAM,0.5700000000000001,0.9857142857142858
29,GAM,0.58,0.9857142857142858
29,GAM,0.59,0.9857142857142858
29,GAM,0.6,0.9857142857142858
29,GAM,0.61,0.9857142857142858
29,GAM,0.62,0.9857142857142858
29,GAM,0.63,0.9857142857142858
29,GAM,0.64,0.9857142857142858
29,GAM,0.65,0.9857142857142858
29,GAM,0.66,0.9857142857142858
29,GAM,0.67,0.9857142857142858
29,GAM,0.68,0.9857142857142858
29,GAM,0.6900000000000001,0.9857142857142858
29,GAM,0.7000000000000001,0.9857142857142858
29,GAM,0.71,0.9857142857142858
29,GAM,0.72,0.9857142857142858
29,GAM,0.73,0.9857142857142858
29,GAM,0.74,0.9857142857142858
29,GAM,0.75,0.9857142857142858
29,GAM,0.76,0.9857142857142858
29,GAM,0.77,0.9857142857142858
29,GAM,0.78,0.9857142857142858
29,GAM,0.79,0.9857142857142858
29,GAM,0.8,0.9857142857142858
29,GAM,0.81,0.9857142857142858
29,GAM,0.8200000000000001,0.9857142857142858
29,GAM,0.8300000000000001,1.0
29,GAM,0.84,1.0
29,GAM,0.85,1.0
29,GAM,0.86,1.0
29,GAM,0.87,1.0
29,GAM,0.88,1.0
29,GAM,0.89,1.0
29,GAM,0.9,1.0
29,GAM,0.91,1.0
29,GAM,0.92,1.0
29,GAM,0.93,1.0
29,GAM,0.9400000000000001,1.0
29,GAM,0.9500000000000001,1.0
29,GAM,0.96,1.0
29,GAM,0.97,1.0
29,GAM,0.98,1.0
29,GAM,0.99,1.0
29,GAM,1.0,1.0
29,RF,0.0,0.5
29,RF,0.01,0.5428571428571428
29,RF,0.02,0.6571428571428571
29,RF,0.03,0.7285714285714285
29,RF,0.04,0.8142857142857143
29,RF,0.05,0.8285714285714286
29,RF,0.06,0.8428571428571429
29,RF,0.07,0.8571428571428571
29,RF,0.08,0.8571428571428571
29,RF,0.09,0.8571428571428571
29,RF,0.1,0.8571428571428571
29,RF,0.11,0.8857142857142857
29,RF,0.12,0.9285714285714286
29,RF,0.13,0.9285714285714286
29,RF,0.14,0.9285714285714286
29,RF,0.15,0.9285714285714286
29,RF,0.16,0.9285714285714286
29,RF,0.17,0.9285714285714286
29,RF,0.18,0.9285714285714286
29,RF,0.19,0.9285714285714286
29,RF,0.2,0.9285714285714286
29,RF,0.21,0.9285714285714286
29,RF,0.22,0.9428571428571428
29,RF,0.23,0.9428571428571428
29,RF,0.24,0.9428571428571428
29,RF,0.25,0.9428571428571428
29,RF,0.26,0.9428571428571428
29,RF,0.27,0.9428571428571428
29,RF,0.28,0.9571428571428572
29,RF,0.29,0.9571428571428572
29,RF,0.3,0.9571428571428572
29,RF,0.31,0.9857142857142858
29,RF,0.32,0.9857142857142858
29,RF,0.33,0.9857142857142858
29,RF,0.34,0.9857142857142858
29,RF,0.35000000000000003,0.9857142857142858
29,RF,0.36,0.9857142857142858
29,RF,0.37,0.9857142857142858
29,RF,0.38,0.9857142857142858
29,RF,0.39,0.9857142857142858
29,RF,0.4,0.9857142857142858
29,RF,0.41000000000000003,0.9857142857142858
29,RF,0.42,0.9857142857142858
29,RF,0.43,0.9857142857142858
29,RF,0.44,0.9857142857142858
29,RF,0.45,0.9857142857142858
29,RF,0.46,0.9857142857142858
29,RF,0.47000000000000003,0.9857142857142858
29,RF,0.48,0.9857142857142858
29,RF,0.49,0.9857142857142858
29,RF,0.5,0.9857142857142858
29,RF,0.51,0.9857142857142858
29,RF,0.52,0.9857142857142858
29,RF,0.53,0.9857142857142858
29,RF,0.54,0.9857142857142858
29,RF,0.55,0.9857142857142858
29,RF,0.56,0.9857142857142858
29,RF,0.5700000000000001,0.9857142857142858
29,RF,0.58,0.9857142857142858
29,RF,0.59,0.9857142857142858
29,RF,0.6,0.9857142857142858
29,RF,0.61,0.9857142857142858
29,RF,0.62,0.9857142857142858
29,RF,0.63,0.9857142857142858
29,RF,0.64,0.9857142857142858
29,RF,0.65,0.9857142857142858
29,RF,0.66,0.9857142857142858
29,RF,0.67,0.9857142857142858
29,RF,0.68,0.9857142857142858
29,RF,0.6900000000000001,0.9857142857142858
29,RF,0.7000000000000001,0.9857142857142858
29,RF,0.71,0.9857142857142858
29,RF,0.72,0.9857142857142858
29,RF,0.73,0.9857142857142858
29,RF,0.74,0.9857142857142858
29,RF,0.75,0.9857142857142858
29,RF,0.76,0.9857142857142858
29,RF,0.77,0.9857142857142858
29,RF,0.78,0.9857142857142858
29,RF,0.79,0.9857142857142858
29,RF,0.8,0.9857142857142858
29,RF,0.81,0.9857142857142858
29,RF,0.8200000000000001,0.9857142857142858
29,RF,0.8300000000000001,0.9857142857142858
29,RF,0.84,0.9857142857142858
29,RF,0.85,0.9857142857142858
29,RF,0.86,0.9857142857142858
29,RF,0.87,0.9857142857142858
29,RF,0.88,0.9857142857142858
29,RF,0.89,0.9857142857142858
29,RF,0.9,0.9857142857142858
29,RF,0.91,0.9857142857142858
29,RF,0.92,0.9857142857142858
29,RF,0.93,0.9857142857142858
29,RF,0.9400000000000001,0.9857142857142858
29,RF,0.9500000000000001,0.9857142857142858
29,RF,0.96,0.9857142857142858
29,RF,0.97,0.9857142857142858
29,RF,0.98,1.0
29,RF,0.99,1.0
29,RF,1.0,1.0
30,LR,0.0,0.05194805194805195
30,LR,0.01,0.07792207792207792
30,LR,0.02,0.4805194805194805
30,LR,0.03,0.7272727272727273
30,LR,0.04,0.7272727272727273
30,LR,0.05,0.7272727272727273
30,LR,0.06,0.7272727272727273
30,LR,0.07,0.8051948051948052
30,LR,0.08,0.8051948051948052
30,LR,0.09,0.8051948051948052
30,LR,0.1,0.8961038961038961
30,LR,0.11,0.9090909090909091
30,LR,0.12,0.935064935064935
30,LR,0.13,0.935064935064935
30,LR,0.14,0.935064935064935
30,LR,0.15,0.935064935064935
30,LR,0.16,0.935064935064935
30,LR,0.17,0.935064935064935
30,LR,0.18,0.935064935064935
30,LR,0.19,0.935064935064935
30,LR,0.2,0.935064935064935
30,LR,0.21,0.948051948051948
30,LR,0.22,0.948051948051948
30,LR,0.23,0.948051948051948
30,LR,0.24,0.948051948051948
30,LR,0.25,0.948051948051948
30,LR,0.26,0.948051948051948
30,LR,0.27,0.961038961038961
30,LR,0.28,0.961038961038961
30,LR,0.29,0.961038961038961
30,LR,0.3,0.961038961038961
30,LR,0.31,0.961038961038961
30,LR,0.32,0.961038961038961
30,LR,0.33,0.961038961038961
30,LR,0.34,0.974025974025974
30,LR,0.35000000000000003,0.974025974025974
30,LR,0.36,0.974025974025974
30,LR,0.37,0.974025974025974
30,LR,0.38,0.974025974025974
30,LR,0.39,0.974025974025974
30,LR,0.4,0.974025974025974
30,LR,0.41000000000000003,0.974025974025974
30,LR,0.42,0.974025974025974
30,LR,0.43,0.974025974025974
30,LR,0.44,0.974025974025974
30,LR,0.45,0.974025974025974
30,LR,0.46,0.974025974025974
30,LR,0.47000000000000003,0.974025974025974
30,LR,0.48,0.974025974025974
30,LR,0.49,0.987012987012987
30,LR,0.5,0.987012987012987
30,LR,0.51,0.987012987012987
30,LR,0.52,0.987012987012987
30,LR,0.53,0.987012987012987
30,LR,0.54,0.987012987012987
30,LR,0.55,0.987012987012987
30,LR,0.56,0.987012987012987
30,LR,0.5700000000000001,0.987012987012987
30,LR,0.58,0.987012987012987
30,LR,0.59,0.987012987012987
30,LR,0.6,0.987012987012987
30,LR,0.61,0.987012987012987
30,LR,0.62,0.987012987012987
30,LR,0.63,0.987012987012987
30,LR,0.64,0.987012987012987
30,LR,0.65,0.987012987012987
30,LR,0.66,0.987012987012987
30,LR,0.67,0.987012987012987
30,LR,0.68,0.987012987012987
30,LR,0.6900000000000001,0.987012987012987
30,LR,0.7000000000000001,0.987012987012987
30,LR,0.71,0.987012987012987
30,LR,0.72,0.987012987012987
30,LR,0.73,0.987012987012987
30,LR,0.74,0.987012987012987
30,LR,0.75,1.0
30,LR,0.76,1.0
30,LR,0.77,1.0
30,LR,0.78,1.0
30,LR,0.79,1.0
30,LR,0.8,1.0
30,LR,0.81,1.0
30,LR,0.8200000000000001,1.0
30,LR,0.8300000000000001,1.0
30,LR,0.84,1.0
30,LR,0.85,1.0
30,LR,0.86,1.0
30,LR,0.87,1.0
30,LR,0.88,1.0
30,LR,0.89,1.0
30,LR,0.9,1.0
30,LR,0.91,1.0
30,LR,0.92,1.0
30,LR,0.93,1.0
30,LR,0.9400000000000001,1.0
30,LR,0.9500000000000001,1.0
30,LR,0.96,1.0
30,LR,0.97,1.0
30,LR,0.98,1.0
30,LR,0.99,1.0
30,LR,1.0,1.0
30,GAM,0.0,0.05194805194805195
30,GAM,0.01,0.05194805194805195
30,GAM,0.02,0.45454545454545453
30,GAM,0.03,0.7272727272727273
30,GAM,0.04,0.7272727272727273
30,GAM,0.05,0.7272727272727273
30,GAM,0.06,0.7402597402597403
30,GAM,0.07,0.7792207792207793
30,GAM,0.08,0.8441558441558441
30,GAM,0.09,0.8831168831168831
30,GAM,0.1,0.8831168831168831
30,GAM,0.11,0.9090909090909091
30,GAM,0.12,0.922077922077922
30,GAM,0.13,0.922077922077922
30,GAM,0.14,0.922077922077922
30,GAM,0.15,0.935064935064935
30,GAM,0.16,0.935064935064935
30,GAM,0.17,0.935064935064935
30,GAM,0.18,0.935064935064935
30,GAM,0.19,0.935064935064935
30,GAM,0.2,0.935064935064935
30,GAM,0.21,0.948051948051948
30,GAM,0.22,0.948051948051948
30,GAM,0.23,0.961038961038961
30,GAM,0.24,0.961038961038961
30,GAM,0.25,0.961038961038961
30,GAM,0.26,0.961038961038961
30,GAM,0.27,0.961038961038961
30,GAM,0.28,0.961038961038961
30,GAM,0.29,0.961038961038961
30,GAM,0.3,0.961038961038961
30,GAM,0.31,0.961038961038961
30,GAM,0.32,0.961038961038961
30,GAM,0.33,0.961038961038961
30,GAM,0.34,0.961038961038961
30,GAM,0.35000000000000003,0.961038961038961
30,GAM,0.36,0.961038961038961
30,GAM,0.37,0.974025974025974
30,GAM,0.38,0.974025974025974
30,GAM,0.39,0.974025974025974
30,GAM,0.4,0.974025974025974
30,GAM,0.41000000000000003,0.974025974025974
30,GAM,0.42,0.974025974025974
30,GAM,0.43,0.987012987012987
30,GAM,0.44,0.987012987012987
30,GAM,0.45,0.987012987012987
30,GAM,0.46,0.987012987012987
30,GAM,0.47000000000000003,0.987012987012987
30,GAM,0.48,0.987012987012987
30,GAM,0.49,0.987012987012987
30,GAM,0.5,0.987012987012987
30,GAM,0.51,0.987012987012987
30,GAM,0.52,0.987012987012987
30,GAM,0.53,0.987012987012987
30,GAM,0.54,0.987012987012987
30,GAM,0.55,0.987012987012987
30,GAM,0.56,0.987012987012987
30,GAM,0.5700000000000001,0.987012987012987
30,GAM,0.58,0.987012987012987
30,GAM,0.59,0.987012987012987
30,GAM,0.6,0.987012987012987
30,GAM,0.61,0.987012987012987
30,GAM,0.62,0.987012987012987
30,GAM,0.63,0.987012987012987
30,GAM,0.64,0.987012987012987
30,GAM,0.65,0.987012987012987
30,GAM,0.66,0.987012987012987
30,GAM,0.67,0.987012987012987
30,GAM,0.68,0.987012987012987
30,GAM,0.6900000000000001,0.987012987012987
30,GAM,0.7000000000000001,0.987012987012987
30,GAM,0.71,0.987012987012987
30,GAM,0.72,0.987012987012987
30,GAM,0.73,0.987012987012987
30,GAM,0.74,0.987012987012987
30,GAM,0.75,1.0
30,GAM,0.76,1.0
30,GAM,0.77,1.0
30,GAM,0.78,1.0
30,GAM,0.79,1.0
30,GAM,0.8,1.0
30,GAM,0.81,1.0
30,GAM,0.8200000000000001,1.0
30,GAM,0.8300000000000001,1.0
30,GAM,0.84,1.0
30,GAM,0.85,1.0
30,GAM,0.86,1.0
30,GAM,0.87,1.0
30,GAM,0.88,1.0
30,GAM,0.89,1.0
30,GAM,0.9,1.0
30,GAM,0.91,1.0
30,GAM,0.92,1.0
30,GAM,0.93,1.0
30,GAM,0.9400000000000001,1.0
30,GAM,0.9500000000000001,1.0
30,GAM,0.96,1.0
30,GAM,0.97,1.0
30,GAM,0.98,1.0
30,GAM,0.99,1.0
30,GAM,1.0,1.0
30,RF,0.0,0.37662337662337664
30,RF,0.01,0.5324675324675324
30,RF,0.02,0.7012987012987013
30,RF,0.03,0.7662337662337663
30,RF,0.04,0.7662337662337663
30,RF,0.05,0.8441558441558441
30,RF,0.06,0.8441558441558441
30,RF,0.07,0.8961038961038961
30,RF,0.08,0.8961038961038961
30,RF,0.09,0.9090909090909091
30,RF,0.1,0.9090909090909091
30,RF,0.11,0.9090909090909091
30,RF,0.12,0.922077922077922
30,RF,0.13,0.922077922077922
30,RF,0.14,0.935064935064935
30,RF,0.15,0.935064935064935
30,RF,0.16,0.948051948051948
30,RF,0.17,0.948051948051948
30,RF,0.18,0.948051948051948
30,RF,0.19,0.948051948051948
30,RF,0.2,0.948051948051948
30,RF,0.21,0.961038961038961
30,RF,0.22,0.974025974025974
30,RF,0.23,0.974025974025974
30,RF,0.24,0.974025974025974
30,RF,0.25,0.974025974025974
30,RF,0.26,0.974025974025974
30,RF,0.27,0.974025974025974
30,RF,0.28,0.974025974025974
30,RF,0.29,0.974025974025974
30,RF,0.3,0.974025974025974
30,RF,0.31,0.974025974025974
30,RF,0.32,0.974025974025974
30,RF,0.33,0.974025974025974
30,RF,0.34,0.974025974025974
30,RF,0.35000000000000003,0.974025974025974
30,RF,0.36,0.974025974025974
30,RF,0.37,0.974025974025974
30,RF,0.38,0.974025974025974
30,RF,0.39,0.974025974025974
30,RF,0.4,0.974025974025974
30,RF,0.41000000000000003,0.974025974025974
30,RF,0.42,0.974025974025974
30,RF,0.43,0.974025974025974
30,RF,0.44,0.974025974025974
30,RF,0.45,0.987012987012987
30,RF,0.46,0.987012987012987
30,RF,0.47000000000000003,0.987012987012987
30,RF,0.48,0.987012987012987
30,RF,0.49,0.987012987012987
30,RF,0.5,0.987012987012987
30,RF,0.51,0.987012987012987
30,RF,0.52,0.987012987012987
30,RF,0.53,0.987012987012987
30,RF,0.54,0.987012987012987
30,RF,0.55,0.987012987012987
30,RF,0.56,0.987012987012987
30,RF,0.5700000000000001,0.987012987012987
30,RF,0.58,0.987012987012987
30,RF,0.59,0.987012987012987
30,RF,0.6,0.987012987012987
30,RF,0.61,0.987012987012987
30,RF,0.62,0.987012987012987
30,RF,0.63,0.987012987012987
30,RF,0.64,0.987012987012987
30,RF,0.65,0.987012987012987
30,RF,0.66,0.987012987012987
30,RF,0.67,0.987012987012987
30,RF,0.68,0.987012987012987
30,RF,0.6900000000000001,0.987012987012987
30,RF,0.7000000000000001,0.987012987012987
30,RF,0.71,0.987012987012987
30,RF,0.72,0.987012987012987
30,RF,0.73,0.987012987012987
30,RF,0.74,0.987012987012987
30,RF,0.75,0.987012987012987
30,RF,0.76,0.987012987012987
30,RF,0.77,0.987012987012987
30,RF,0.78,0.987012987012987
30,RF,0.79,0.987012987012987
30,RF,0.8,0.987012987012987
30,RF,0.81,0.987012987012987
30,RF,0.8200000000000001,0.987012987012987
30,RF,0.8300000000000001,0.987012987012987
30,RF,0.84,0.987012987012987
30,RF,0.85,0.987012987012987
30,RF,0.86,0.987012987012987
30,RF,0.87,0.987012987012987
30,RF,0.88,0.987012987012987
30,RF,0.89,0.987012987012987
30,RF,0.9,0.987012987012987
30,RF,0.91,0.987012987012987
30,RF,0.92,0.987012987012987
30,RF,0.93,0.987012987012987
30,RF,0.9400000000000001,0.987012987012987
30,RF,0.9500000000000001,0.987012987012987
30,RF,0.96,0.987012987012987
30,RF,0.97,0.987012987012987
30,RF,0.98,0.987012987012987
30,RF,0.99,1.0
30,RF,1.0,1.0
31,LR,0.0,0.06666666666666667
31,LR,0.01,0.44
31,LR,0.02,0.72
31,LR,0.03,0.84
31,LR,0.04,0.88
31,LR,0.05,0.9066666666666666
31,LR,0.06,0.9066666666666666
31,LR,0.07,0.9333333333333333
31,LR,0.08,0.9333333333333333
31,LR,0.09,0.9333333333333333
31,LR,0.1,0.9333333333333333
31,LR,0.11,0.9333333333333333
31,LR,0.12,0.9333333333333333
31,LR,0.13,0.9733333333333334
31,LR,0.14,0.9733333333333334
31,LR,0.15,0.9733333333333334
31,LR,0.16,0.9866666666666667
31,LR,0.17,0.9866666666666667
31,LR,0.18,0.9866666666666667
31,LR,0.19,0.9866666666666667
31,LR,0.2,0.9866666666666667
31,LR,0.21,0.9866666666666667
31,LR,0.22,0.9866666666666667
31,LR,0.23,0.9866666666666667
31,LR,0.24,0.9866666666666667
31,LR,0.25,0.9866666666666667
31,LR,0.26,0.9866666666666667
31,LR,0.27,0.9866666666666667
31,LR,0.28,0.9866666666666667
31,LR,0.29,0.9866666666666667
31,LR,0.3,0.9866666666666667
31,LR,0.31,0.9866666666666667
31,LR,0.32,0.9866666666666667
31,LR,0.33,0.9866666666666667
31,LR,0.34,0.9866666666666667
31,LR,0.35000000000000003,0.9866666666666667
31,LR,0.36,0.9866666666666667
31,LR,0.37,1.0
31,LR,0.38,1.0
31,LR,0.39,1.0
31,LR,0.4,1.0
31,LR,0.41000000000000003,1.0
31,LR,0.42,1.0
31,LR,0.43,1.0
31,LR,0.44,1.0
31,LR,0.45,1.0
31,LR,0.46,1.0
31,LR,0.47000000000000003,1.0
31,LR,0.48,1.0
31,LR,0.49,1.0
31,LR,0.5,1.0
31,LR,0.51,1.0
31,LR,0.52,1.0
31,LR,0.53,1.0
31,LR,0.54,1.0
31,LR,0.55,1.0
31,LR,0.56,1.0
31,LR,0.5700000000000001,1.0
31,LR,0.58,1.0
31,LR,0.59,1.0
31,LR,0.6,1.0
31,LR,0.61,1.0
31,LR,0.62,1.0
31,LR,0.63,1.0
31,LR,0.64,1.0
31,LR,0.65,1.0
31,LR,0.66,1.0
31,LR,0.67,1.0
31,LR,0.68,1.0
31,LR,0.6900000000000001,1.0
31,LR,0.7000000000000001,1.0
31,LR,0.71,1.0
31,LR,0.72,1.0
31,LR,0.73,1.0
31,LR,0.74,1.0
31,LR,0.75,1.0
31,LR,0.76,1.0
31,LR,0.77,1.0
31,LR,0.78,1.0
31,LR,0.79,1.0
31,LR,0.8,1.0
31,LR,0.81,1.0
31,LR,0.8200000000000001,1.0
31,LR,0.8300000000000001,1.0
31,LR,0.84,1.0
31,LR,0.85,1.0
31,LR,0.86,1.0
31,LR,0.87,1.0
31,LR,0.88,1.0
31,LR,0.89,1.0
31,LR,0.9,1.0
31,LR,0.91,1.0
31,LR,0.92,1.0
31,LR,0.93,1.0
31,LR,0.9400000000000001,1.0
31,LR,0.9500000000000001,1.0
31,LR,0.96,1.0
31,LR,0.97,1.0
31,LR,0.98,1.0
31,LR,0.99,1.0
31,LR,1.0,1.0
31,GAM,0.0,0.12
31,GAM,0.01,0.76
31,GAM,0.02,0.8266666666666667
31,GAM,0.03,0.84
31,GAM,0.04,0.88
31,GAM,0.05,0.9066666666666666
31,GAM,0.06,0.9066666666666666
31,GAM,0.07,0.9066666666666666
31,GAM,0.08,0.92
31,GAM,0.09,0.92
31,GAM,0.1,0.9733333333333334
31,GAM,0.11,0.9733333333333334
31,GAM,0.12,0.9733333333333334
31,GAM,0.13,0.9733333333333334
31,GAM,0.14,0.9733333333333334
31,GAM,0.15,0.9733333333333334
31,GAM,0.16,0.9733333333333334
31,GAM,0.17,0.9733333333333334
31,GAM,0.18,0.9733333333333334
31,GAM,0.19,0.9733333333333334
31,GAM,0.2,0.9733333333333334
31,GAM,0.21,0.9733333333333334
31,GAM,0.22,0.9733333333333334
31,GAM,0.23,0.9866666666666667
31,GAM,0.24,0.9866666666666667
31,GAM,0.25,0.9866666666666667
31,GAM,0.26,0.9866666666666667
31,GAM,0.27,0.9866666666666667
31,GAM,0.28,0.9866666666666667
31,GAM,0.29,0.9866666666666667
31,GAM,0.3,1.0
31,GAM,0.31,1.0
31,GAM,0.32,1.0
31,GAM,0.33,1.0
31,GAM,0.34,1.0
31,GAM,0.35000000000000003,1.0
31,GAM,0.36,1.0
31,GAM,0.37,1.0
31,GAM,0.38,1.0
31,GAM,0.39,1.0
31,GAM,0.4,1.0
31,GAM,0.41000000000000003,1.0
31,GAM,0.42,1.0
31,GAM,0.43,1.0
31,GAM,0.44,1.0
31,GAM,0.45,1.0
31,GAM,0.46,1.0
31,GAM,0.47000000000000003,1.0
31,GAM,0.48,1.0
31,GAM,0.49,1.0
31,GAM,0.5,1.0
31,GAM,0.51,1.0
31,GAM,0.52,1.0
31,GAM,0.53,1.0
31,GAM,0.54,1.0
31,GAM,0.55,1.0
31,GAM,0.56,1.0
31,GAM,0.5700000000000001,1.0
31,GAM,0.58,1.0
31,GAM,0.59,1.0
31,GAM,0.6,1.0
31,GAM,0.61,1.0
31,GAM,0.62,1.0
31,GAM,0.63,1.0
31,GAM,0.64,1.0
31,GAM,0.65,1.0
31,GAM,0.66,1.0
31,GAM,0.67,1.0
31,GAM,0.68,1.0
31,GAM,0.6900000000000001,1.0
31,GAM,0.7000000000000001,1.0
31,GAM,0.71,1.0
31,GAM,0.72,1.0
31,GAM,0.73,1.0
31,GAM,0.74,1.0
31,GAM,0.75,1.0
31,GAM,0.76,1.0
31,GAM,0.77,1.0
31,GAM,0.78,1.0
31,GAM,0.79,1.0
31,GAM,0.8,1.0
31,GAM,0.81,1.0
31,GAM,0.8200000000000001,1.0
31,GAM,0.8300000000000001,1.0
31,GAM,0.84,1.0
31,GAM,0.85,1.0
31,GAM,0.86,1.0
31,GAM,0.87,1.0
31,GAM,0.88,1.0
31,GAM,0.89,1.0
31,GAM,0.9,1.0
31,GAM,0.91,1.0
31,GAM,0.92,1.0
31,GAM,0.93,1.0
31,GAM,0.9400000000000001,1.0
31,GAM,0.9500000000000001,1.0
31,GAM,0.96,1.0
31,GAM,0.97,1.0
31,GAM,0.98,1.0
31,GAM,0.99,1.0
31,GAM,1.0,1.0
31,RF,0.0,0.7866666666666666
31,RF,0.01,0.8266666666666667
31,RF,0.02,0.8666666666666667
31,RF,0.03,0.9066666666666666
31,RF,0.04,0.9066666666666666
31,RF,0.05,0.92
31,RF,0.06,0.92
31,RF,0.07,0.92
31,RF,0.08,0.92
31,RF,0.09,0.9333333333333333
31,RF,0.1,0.9333333333333333
31,RF,0.11,0.9466666666666667
31,RF,0.12,0.9466666666666667
31,RF,0.13,0.9466666666666667
31,RF,0.14,0.9466666666666667
31,RF,0.15,0.9466666666666667
31,RF,0.16,0.9466666666666667
31,RF,0.17,0.96
31,RF,0.18,0.96
31,RF,0.19,0.96
31,RF,0.2,0.96
31,RF,0.21,0.9733333333333334
31,RF,0.22,0.9733333333333334
31,RF,0.23,0.9733333333333334
31,RF,0.24,0.9733333333333334
31,RF,0.25,0.9733333333333334
31,RF,0.26,0.9733333333333334
31,RF,0.27,0.9733333333333334
31,RF,0.28,0.9866666666666667
31,RF,0.29,0.9866666666666667
31,RF,0.3,0.9866666666666667
31,RF,0.31,0.9866666666666667
31,RF,0.32,1.0
31,RF,0.33,1.0
31,RF,0.34,1.0
31,RF,0.35000000000000003,1.0
31,RF,0.36,1.0
31,RF,0.37,1.0
31,RF,0.38,1.0
31,RF,0.39,1.0
31,RF,0.4,1.0
31,RF,0.41000000000000003,1.0
31,RF,0.42,1.0
31,RF,0.43,1.0
31,RF,0.44,1.0
31,RF,0.45,1.0
31,RF,0.46,1.0
31,RF,0.47000000000000003,1.0
31,RF,0.48,1.0
31,RF,0.49,1.0
31,RF,0.5,1.0
31,RF,0.51,1.0
31,RF,0.52,1.0
31,RF,0.53,1.0
31,RF,0.54,1.0
31,RF,0.55,1.0
31,RF,0.56,1.0
31,RF,0.5700000000000001,1.0
31,RF,0.58,1.0
31,RF,0.59,1.0
31,RF,0.6,1.0
31,RF,0.61,1.0
31,RF,0.62,1.0
31,RF,0.63,1.0
31,RF,0.64,1.0
31,RF,0.65,1.0
31,RF,0.66,1.0
31,RF,0.67,1.0
31,RF,0.68,1.0
31,RF,0.6900000000000001,1.0
31,RF,0.7000000000000001,1.0
31,RF,0.71,1.0
31,RF,0.72,1.0
31,RF,0.73,1.0
31,RF,0.74,1.0
31,RF,0.75,1.0
31,RF,0.76,1.0
31,RF,0.77,1.0
31,RF,0.78,1.0
31,RF,0.79,1.0
31,RF,0.8,1.0
31,RF,0.81,1.0
31,RF,0.8200000000000001,1.0
31,RF,0.8300000000000001,1.0
31,RF,0.84,1.0
31,RF,0.85,1.0
31,RF,0.86,1.0
31,RF,0.87,1.0
31,RF,0.88,1.0
31,RF,0.89,1.0
31,RF,0.9,1.0
31,RF,0.91,1.0
31,RF,0.92,1.0
31,RF,0.93,1.0
31,RF,0.9400000000000001,1.0
31,RF,0.9500000000000001,1.0
31,RF,0.96,1.0
31,RF,0.97,1.0
31,RF,0.98,1.0
31,RF,0.99,1.0
31,RF,1.0,1.0
32,LR,0.0,0.16666666666666666
32,LR,0.01,0.44871794871794873
32,LR,0.02,0.47435897435897434
32,LR,0.03,0.7948717948717948
32,LR,0.04,0.8076923076923077
32,LR,0.05,0.8333333333333334
32,LR,0.06,0.8461538461538461
32,LR,0.07,0.8461538461538461
32,LR,0.08,0.8717948717948718
32,LR,0.09,0.8717948717948718
32,LR,0.1,0.8846153846153846
32,LR,0.11,0.8974358974358975
32,LR,0.12,0.8974358974358975
32,LR,0.13,0.9102564102564102
32,LR,0.14,0.9102564102564102
32,LR,0.15,0.9102564102564102
32,LR,0.16,0.9230769230769231
32,LR,0.17,0.9230769230769231
32,LR,0.18,0.9358974358974359
32,LR,0.19,0.9358974358974359
32,LR,0.2,0.9358974358974359
32,LR,0.21,0.9358974358974359
32,LR,0.22,0.9358974358974359
32,LR,0.23,0.9358974358974359
32,LR,0.24,0.9358974358974359
32,LR,0.25,0.9358974358974359
32,LR,0.26,0.9358974358974359
32,LR,0.27,0.9358974358974359
32,LR,0.28,0.9358974358974359
32,LR,0.29,0.9358974358974359
32,LR,0.3,0.9358974358974359
32,LR,0.31,0.9358974358974359
32,LR,0.32,0.9487179487179487
32,LR,0.33,0.9487179487179487
32,LR,0.34,0.9487179487179487
32,LR,0.35000000000000003,0.9487179487179487
32,LR,0.36,0.9487179487179487
32,LR,0.37,0.9487179487179487
32,LR,0.38,0.9487179487179487
32,LR,0.39,0.9487179487179487
32,LR,0.4,0.9487179487179487
32,LR,0.41000000000000003,0.9487179487179487
32,LR,0.42,0.9615384615384616
32,LR,0.43,0.9615384615384616
32,LR,0.44,0.9615384615384616
32,LR,0.45,0.9615384615384616
32,LR,0.46,0.9615384615384616
32,LR,0.47000000000000003,0.9743589743589743
32,LR,0.48,0.9743589743589743
32,LR,0.49,0.9871794871794872
32,LR,0.5,0.9871794871794872
32,LR,0.51,0.9871794871794872
32,LR,0.52,0.9871794871794872
32,LR,0.53,0.9871794871794872
32,LR,0.54,1.0
32,LR,0.55,1.0
32,LR,0.56,1.0
32,LR,0.5700000000000001,1.0
32,LR,0.58,1.0
32,LR,0.59,1.0
32,LR,0.6,1.0
32,LR,0.61,1.0
32,LR,0.62,1.0
32,LR,0.63,1.0
32,LR,0.64,1.0
32,LR,0.65,1.0
32,LR,0.66,1.0
32,LR,0.67,1.0
32,LR,0.68,1.0
32,LR,0.6900000000000001,1.0
32,LR,0.7000000000000001,1.0
32,LR,0.71,1.0
32,LR,0.72,1.0
32,LR,0.73,1.0
32,LR,0.74,1.0
32,LR,0.75,1.0
32,LR,0.76,1.0
32,LR,0.77,1.0
32,LR,0.78,1.0
32,LR,0.79,1.0
32,LR,0.8,1.0
32,LR,0.81,1.0
32,LR,0.8200000000000001,1.0
32,LR,0.8300000000000001,1.0
32,LR,0.84,1.0
32,LR,0.85,1.0
32,LR,0.86,1.0
32,LR,0.87,1.0
32,LR,0.88,1.0
32,LR,0.89,1.0
32,LR,0.9,1.0
32,LR,0.91,1.0
32,LR,0.92,1.0
32,LR,0.93,1.0
32,LR,0.9400000000000001,1.0
32,LR,0.9500000000000001,1.0
32,LR,0.96,1.0
32,LR,0.97,1.0
32,LR,0.98,1.0
32,LR,0.99,1.0
32,LR,1.0,1.0
32,GAM,0.0,0.14102564102564102
32,GAM,0.01,0.47435897435897434
32,GAM,0.02,0.5128205128205128
32,GAM,0.03,0.8076923076923077
32,GAM,0.04,0.8333333333333334
32,GAM,0.05,0.8846153846153846
32,GAM,0.06,0.8846153846153846
32,GAM,0.07,0.8846153846153846
32,GAM,0.08,0.8974358974358975
32,GAM,0.09,0.8974358974358975
32,GAM,0.1,0.8974358974358975
32,GAM,0.11,0.8974358974358975
32,GAM,0.12,0.9230769230769231
32,GAM,0.13,0.9230769230769231
32,GAM,0.14,0.9230769230769231
32,GAM,0.15,0.9230769230769231
32,GAM,0.16,0.9230769230769231
32,GAM,0.17,0.9230769230769231
32,GAM,0.18,0.9230769230769231
32,GAM,0.19,0.9358974358974359
32,GAM,0.2,0.9358974358974359
32,GAM,0.21,0.9358974358974359
32,GAM,0.22,0.9358974358974359
32,GAM,0.23,0.9358974358974359
32,GAM,0.24,0.9358974358974359
32,GAM,0.25,0.9358974358974359
32,GAM,0.26,0.9358974358974359
32,GAM,0.27,0.9487179487179487
32,GAM,0.28,0.9487179487179487
32,GAM,0.29,0.9487179487179487
32,GAM,0.3,0.9487179487179487
32,GAM,0.31,0.9487179487179487
32,GAM,0.32,0.9487179487179487
32,GAM,0.33,0.9487179487179487
32,GAM,0.34,0.9487179487179487
32,GAM,0.35000000000000003,0.9487179487179487
32,GAM,0.36,0.9487179487179487
32,GAM,0.37,0.9487179487179487
32,GAM,0.38,0.9615384615384616
32,GAM,0.39,0.9615384615384616
32,GAM,0.4,0.9615384615384616
32,GAM,0.41000000000000003,0.9615384615384616
32,GAM,0.42,0.9615384615384616
32,GAM,0.43,0.9743589743589743
32,GAM,0.44,0.9743589743589743
32,GAM,0.45,0.9743589743589743
32,GAM,0.46,0.9743589743589743
32,GAM,0.47000000000000003,0.9871794871794872
32,GAM,0.48,0.9871794871794872
32,GAM,0.49,0.9871794871794872
32,GAM,0.5,0.9871794871794872
32,GAM,0.51,0.9871794871794872
32,GAM,0.52,1.0
32,GAM,0.53,1.0
32,GAM,0.54,1.0
32,GAM,0.55,1.0
32,GAM,0.56,1.0
32,GAM,0.5700000000000001,1.0
32,GAM,0.58,1.0
32,GAM,0.59,1.0
32,GAM,0.6,1.0
32,GAM,0.61,1.0
32,GAM,0.62,1.0
32,GAM,0.63,1.0
32,GAM,0.64,1.0
32,GAM,0.65,1.0
32,GAM,0.66,1.0
32,GAM,0.67,1.0
32,GAM,0.68,1.0
32,GAM,0.6900000000000001,1.0
32,GAM,0.7000000000000001,1.0
32,GAM,0.71,1.0
32,GAM,0.72,1.0
32,GAM,0.73,1.0
32,GAM,0.74,1.0
32,GAM,0.75,1.0
32,GAM,0.76,1.0
32,GAM,0.77,1.0
32,GAM,0.78,1.0
32,GAM,0.79,1.0
32,GAM,0.8,1.0
32,GAM,0.81,1.0
32,GAM,0.8200000000000001,1.0
32,GAM,0.8300000000000001,1.0
32,GAM,0.84,1.0
32,GAM,0.85,1.0
32,GAM,0.86,1.0
32,GAM,0.87,1.0
32,GAM,0.88,1.0
32,GAM,0.89,1.0
32,GAM,0.9,1.0
32,GAM,0.91,1.0
32,GAM,0.92,1.0
32,GAM,0.93,1.0
32,GAM,0.9400000000000001,1.0
32,GAM,0.9500000000000001,1.0
32,GAM,0.96,1.0
32,GAM,0.97,1.0
32,GAM,0.98,1.0
32,GAM,0.99,1.0
32,GAM,1.0,1.0
32,RF,0.0,0.16666666666666666
32,RF,0.01,0.6025641025641025
32,RF,0.02,0.6025641025641025
32,RF,0.03,0.6153846153846154
32,RF,0.04,0.6666666666666666
32,RF,0.05,0.8589743589743589
32,RF,0.06,0.8717948717948718
32,RF,0.07,0.8717948717948718
32,RF,0.08,0.8974358974358975
32,RF,0.09,0.8974358974358975
32,RF,0.1,0.9102564102564102
32,RF,0.11,0.9230769230769231
32,RF,0.12,0.9230769230769231
32,RF,0.13,0.9230769230769231
32,RF,0.14,0.9358974358974359
32,RF,0.15,0.9358974358974359
32,RF,0.16,0.9487179487179487
32,RF,0.17,0.9487179487179487
32,RF,0.18,0.9487179487179487
32,RF,0.19,0.9487179487179487
32,RF,0.2,0.9615384615384616
32,RF,0.21,0.9615384615384616
32,RF,0.22,0.9615384615384616
32,RF,0.23,0.9615384615384616
32,RF,0.24,0.9743589743589743
32,RF,0.25,0.9743589743589743
32,RF,0.26,0.9743589743589743
32,RF,0.27,0.9743589743589743
32,RF,0.28,0.9743589743589743
32,RF,0.29,0.9743589743589743
32,RF,0.3,0.9743589743589743
32,RF,0.31,0.9743589743589743
32,RF,0.32,0.9871794871794872
32,RF,0.33,0.9871794871794872
32,RF,0.34,0.9871794871794872
32,RF,0.35000000000000003,0.9871794871794872
32,RF,0.36,0.9871794871794872
32,RF,0.37,0.9871794871794872
32,RF,0.38,0.9871794871794872
32,RF,0.39,0.9871794871794872
32,RF,0.4,0.9871794871794872
32,RF,0.41000000000000003,0.9871794871794872
32,RF,0.42,0.9871794871794872
32,RF,0.43,0.9871794871794872
32,RF,0.44,0.9871794871794872
32,RF,0.45,0.9871794871794872
32,RF,0.46,0.9871794871794872
32,RF,0.47000000000000003,0.9871794871794872
32,RF,0.48,0.9871794871794872
32,RF,0.49,0.9871794871794872
32,RF,0.5,0.9871794871794872
32,RF,0.51,0.9871794871794872
32,RF,0.52,0.9871794871794872
32,RF,0.53,0.9871794871794872
32,RF,0.54,0.9871794871794872
32,RF,0.55,0.9871794871794872
32,RF,0.56,1.0
32,RF,0.5700000000000001,1.0
32,RF,0.58,1.0
32,RF,0.59,1.0
32,RF,0.6,1.0
32,RF,0.61,1.0
32,RF,0.62,1.0
32,RF,0.63,1.0
32,RF,0.64,1.0
32,RF,0.65,1.0
32,RF,0.66,1.0
32,RF,0.67,1.0
32,RF,0.68,1.0
32,RF,0.6900000000000001,1.0
32,RF,0.7000000000000001,1.0
32,RF,0.71,1.0
32,RF,0.72,1.0
32,RF,0.73,1.0
32,RF,0.74,1.0
32,RF,0.75,1.0
32,RF,0.76,1.0
32,RF,0.77,1.0
32,RF,0.78,1.0
32,RF,0.79,1.0
32,RF,0.8,1.0
32,RF,0.81,1.0
32,RF,0.8200000000000001,1.0
32,RF,0.8300000000000001,1.0
32,RF,0.84,1.0
32,RF,0.85,1.0
32,RF,0.86,1.0
32,RF,0.87,1.0
32,RF,0.88,1.0
32,RF,0.89,1.0
32,RF,0.9,1.0
32,RF,0.91,1.0
32,RF,0.92,1.0
32,RF,0.93,1.0
32,RF,0.9400000000000001,1.0
32,RF,0.9500000000000001,1.0
32,RF,0.96,1.0
32,RF,0.97,1.0
32,RF,0.98,1.0
32,RF,0.99,1.0
32,RF,1.0,1.0
33,LR,0.0,0.14666666666666667
33,LR,0.01,0.52
33,LR,0.02,0.6933333333333334
33,LR,0.03,0.7733333333333333
33,LR,0.04,0.8
33,LR,0.05,0.8533333333333334
33,LR,0.06,0.8666666666666667
33,LR,0.07,0.88
33,LR,0.08,0.8933333333333333
33,LR,0.09,0.9066666666666666
33,LR,0.1,0.9066666666666666
33,LR,0.11,0.9066666666666666
33,LR,0.12,0.9066666666666666
33,LR,0.13,0.9066666666666666
33,LR,0.14,0.9066666666666666
33,LR,0.15,0.9066666666666666
33,LR,0.16,0.9066666666666666
33,LR,0.17,0.9066666666666666
33,LR,0.18,0.9066666666666666
33,LR,0.19,0.92
33,LR,0.2,0.92
33,LR,0.21,0.92
33,LR,0.22,0.9333333333333333
33,LR,0.23,0.9333333333333333
33,LR,0.24,0.96
33,LR,0.25,0.9733333333333334
33,LR,0.26,0.9733333333333334
33,LR,0.27,0.9733333333333334
33,LR,0.28,0.9733333333333334
33,LR,0.29,0.9733333333333334
33,LR,0.3,0.9733333333333334
33,LR,0.31,0.9733333333333334
33,LR,0.32,0.9733333333333334
33,LR,0.33,0.9733333333333334
33,LR,0.34,0.9733333333333334
33,LR,0.35000000000000003,0.9733333333333334
33,LR,0.36,0.9733333333333334
33,LR,0.37,0.9733333333333334
33,LR,0.38,0.9733333333333334
33,LR,0.39,0.9733333333333334
33,LR,0.4,0.9733333333333334
33,LR,0.41000000000000003,0.9866666666666667
33,LR,0.42,0.9866666666666667
33,LR,0.43,0.9866666666666667
33,LR,0.44,0.9866666666666667
33,LR,0.45,0.9866666666666667
33,LR,0.46,0.9866666666666667
33,LR,0.47000000000000003,0.9866666666666667
33,LR,0.48,0.9866666666666667
33,LR,0.49,0.9866666666666667
33,LR,0.5,0.9866666666666667
33,LR,0.51,0.9866666666666667
33,LR,0.52,0.9866666666666667
33,LR,0.53,0.9866666666666667
33,LR,0.54,0.9866666666666667
33,LR,0.55,0.9866666666666667
33,LR,0.56,0.9866666666666667
33,LR,0.5700000000000001,0.9866666666666667
33,LR,0.58,0.9866666666666667
33,LR,0.59,0.9866666666666667
33,LR,0.6,1.0
33,LR,0.61,1.0
33,LR,0.62,1.0
33,LR,0.63,1.0
33,LR,0.64,1.0
33,LR,0.65,1.0
33,LR,0.66,1.0
33,LR,0.67,1.0
33,LR,0.68,1.0
33,LR,0.6900000000000001,1.0
33,LR,0.7000000000000001,1.0
33,LR,0.71,1.0
33,LR,0.72,1.0
33,LR,0.73,1.0
33,LR,0.74,1.0
33,LR,0.75,1.0
33,LR,0.76,1.0
33,LR,0.77,1.0
33,LR,0.78,1.0
33,LR,0.79,1.0
33,LR,0.8,1.0
33,LR,0.81,1.0
33,LR,0.8200000000000001,1.0
33,LR,0.8300000000000001,1.0
33,LR,0.84,1.0
33,LR,0.85,1.0
33,LR,0.86,1.0
33,LR,0.87,1.0
33,LR,0.88,1.0
33,LR,0.89,1.0
33,LR,0.9,1.0
33,LR,0.91,1.0
33,LR,0.92,1.0
33,LR,0.93,1.0
33,LR,0.9400000000000001,1.0
33,LR,0.9500000000000001,1.0
33,LR,0.96,1.0
33,LR,0.97,1.0
33,LR,0.98,1.0
33,LR,0.99,1.0
33,LR,1.0,1.0
33,GAM,0.0,0.13333333333333333
33,GAM,0.01,0.48
33,GAM,0.02,0.6666666666666666
33,GAM,0.03,0.8533333333333334
33,GAM,0.04,0.8533333333333334
33,GAM,0.05,0.8933333333333333
33,GAM,0.06,0.8933333333333333
33,GAM,0.07,0.9066666666666666
33,GAM,0.08,0.9066666666666666
33,GAM,0.09,0.9066666666666666
33,GAM,0.1,0.9066666666666666
33,GAM,0.11,0.9066666666666666
33,GAM,0.12,0.9066666666666666
33,GAM,0.13,0.9066666666666666
33,GAM,0.14,0.9066666666666666
33,GAM,0.15,0.9066666666666666
33,GAM,0.16,0.92
33,GAM,0.17,0.92
33,GAM,0.18,0.92
33,GAM,0.19,0.9333333333333333
33,GAM,0.2,0.9333333333333333
33,GAM,0.21,0.9733333333333334
33,GAM,0.22,0.9733333333333334
33,GAM,0.23,0.9866666666666667
33,GAM,0.24,0.9866666666666667
33,GAM,0.25,0.9866666666666667
33,GAM,0.26,0.9866666666666667
33,GAM,0.27,0.9866666666666667
33,GAM,0.28,0.9866666666666667
33,GAM,0.29,0.9866666666666667
33,GAM,0.3,0.9866666666666667
33,GAM,0.31,0.9866666666666667
33,GAM,0.32,0.9866666666666667
33,GAM,0.33,0.9866666666666667
33,GAM,0.34,0.9866666666666667
33,GAM,0.35000000000000003,0.9866666666666667
33,GAM,0.36,1.0
33,GAM,0.37,1.0
33,GAM,0.38,1.0
33,GAM,0.39,1.0
33,GAM,0.4,1.0
33,GAM,0.41000000000000003,1.0
33,GAM,0.42,1.0
33,GAM,0.43,1.0
33,GAM,0.44,1.0
33,GAM,0.45,1.0
33,GAM,0.46,1.0
33,GAM,0.47000000000000003,1.0
33,GAM,0.48,1.0
33,GAM,0.49,1.0
33,GAM,0.5,1.0
33,GAM,0.51,1.0
33,GAM,0.52,1.0
33,GAM,0.53,1.0
33,GAM,0.54,1.0
33,GAM,0.55,1.0
33,GAM,0.56,1.0
33,GAM,0.5700000000000001,1.0
33,GAM,0.58,1.0
33,GAM,0.59,1.0
33,GAM,0.6,1.0
33,GAM,0.61,1.0
33,GAM,0.62,1.0
33,GAM,0.63,1.0
33,GAM,0.64,1.0
33,GAM,0.65,1.0
33,GAM,0.66,1.0
33,GAM,0.67,1.0
33,GAM,0.68,1.0
33,GAM,0.6900000000000001,1.0
33,GAM,0.7000000000000001,1.0
33,GAM,0.71,1.0
33,GAM,0.72,1.0
33,GAM,0.73,1.0
33,GAM,0.74,1.0
33,GAM,0.75,1.0
33,GAM,0.76,1.0
33,GAM,0.77,1.0
33,GAM,0.78,1.0
33,GAM,0.79,1.0
33,GAM,0.8,1.0
33,GAM,0.81,1.0
33,GAM,0.8200000000000001,1.0
33,GAM,0.8300000000000001,1.0
33,GAM,0.84,1.0
33,GAM,0.85,1.0
33,GAM,0.86,1.0
33,GAM,0.87,1.0
33,GAM,0.88,1.0
33,GAM,0.89,1.0
33,GAM,0.9,1.0
33,GAM,0.91,1.0
33,GAM,0.92,1.0
33,GAM,0.93,1.0
33,GAM,0.9400000000000001,1.0
33,GAM,0.9500000000000001,1.0
33,GAM,0.96,1.0
33,GAM,0.97,1.0
33,GAM,0.98,1.0
33,GAM,0.99,1.0
33,GAM,1.0,1.0
33,RF,0.0,0.44
33,RF,0.01,0.44
33,RF,0.02,0.6
33,RF,0.03,0.8
33,RF,0.04,0.8
33,RF,0.05,0.8533333333333334
33,RF,0.06,0.8666666666666667
33,RF,0.07,0.8933333333333333
33,RF,0.08,0.9333333333333333
33,RF,0.09,0.9333333333333333
33,RF,0.1,0.9333333333333333
33,RF,0.11,0.9333333333333333
33,RF,0.12,0.96
33,RF,0.13,0.96
33,RF,0.14,0.96
33,RF,0.15,0.96
33,RF,0.16,0.96
33,RF,0.17,0.96
33,RF,0.18,0.96
33,RF,0.19,0.96
33,RF,0.2,0.96
33,RF,0.21,0.96
33,RF,0.22,0.96
33,RF,0.23,0.96
33,RF,0.24,0.96
33,RF,0.25,0.9733333333333334
33,RF,0.26,0.9733333333333334
33,RF,0.27,0.9733333333333334
33,RF,0.28,0.9733333333333334
33,RF,0.29,0.9733333333333334
33,RF,0.3,0.9866666666666667
33,RF,0.31,0.9866666666666667
33,RF,0.32,0.9866666666666667
33,RF,0.33,0.9866666666666667
33,RF,0.34,0.9866666666666667
33,RF,0.35000000000000003,0.9866666666666667
33,RF,0.36,0.9866666666666667
33,RF,0.37,0.9866666666666667
33,RF,0.38,0.9866666666666667
33,RF,0.39,0.9866666666666667
33,RF,0.4,0.9866666666666667
33,RF,0.41000000000000003,0.9866666666666667
33,RF,0.42,0.9866666666666667
33,RF,0.43,0.9866666666666667
33,RF,0.44,0.9866666666666667
33,RF,0.45,0.9866666666666667
33,RF,0.46,0.9866666666666667
33,RF,0.47000000000000003,0.9866666666666667
33,RF,0.48,0.9866666666666667
33,RF,0.49,0.9866666666666667
33,RF,0.5,0.9866666666666667
33,RF,0.51,0.9866666666666667
33,RF,0.52,1.0
33,RF,0.53,1.0
33,RF,0.54,1.0
33,RF,0.55,1.0
33,RF,0.56,1.0
33,RF,0.5700000000000001,1.0
33,RF,0.58,1.0
33,RF,0.59,1.0
33,RF,0.6,1.0
33,RF,0.61,1.0
33,RF,0.62,1.0
33,RF,0.63,1.0
33,RF,0.64,1.0
33,RF,0.65,1.0
33,RF,0.66,1.0
33,RF,0.67,1.0
33,RF,0.68,1.0
33,RF,0.6900000000000001,1.0
33,RF,0.7000000000000001,1.0
33,RF,0.71,1.0
33,RF,0.72,1.0
33,RF,0.73,1.0
33,RF,0.74,1.0
33,RF,0.75,1.0
33,RF,0.76,1.0
33,RF,0.77,1.0
33,RF,0.78,1.0
33,RF,0.79,1.0
33,RF,0.8,1.0
33,RF,0.81,1.0
33,RF,0.8200000000000001,1.0
33,RF,0.8300000000000001,1.0
33,RF,0.84,1.0
33,RF,0.85,1.0
33,RF,0.86,1.0
33,RF,0.87,1.0
33,RF,0.88,1.0
33,RF,0.89,1.0
33,RF,0.9,1.0
33,RF,0.91,1.0
33,RF,0.92,1.0
33,RF,0.93,1.0
33,RF,0.9400000000000001,1.0
33,RF,0.9500000000000001,1.0
33,RF,0.96,1.0
33,RF,0.97,1.0
33,RF,0.98,1.0
33,RF,0.99,1.0
33,RF,1.0,1.0
34,LR,0.0,0.4084507042253521
34,LR,0.01,0.6056338028169014
34,LR,0.02,0.647887323943662
34,LR,0.03,0.647887323943662
34,LR,0.04,0.7183098591549296
34,LR,0.05,0.7183098591549296
34,LR,0.06,0.8169014084507042
34,LR,0.07,0.8309859154929577
34,LR,0.08,0.9014084507042254
34,LR,0.09,0.9014084507042254
34,LR,0.1,0.9014084507042254
34,LR,0.11,0.9014084507042254
34,LR,0.12,0.9154929577464789
34,LR,0.13,0.9154929577464789
34,LR,0.14,0.9154929577464789
34,LR,0.15,0.9154929577464789
34,LR,0.16,0.9154929577464789
34,LR,0.17,0.9154929577464789
34,LR,0.18,0.9154929577464789
34,LR,0.19,0.9295774647887324
34,LR,0.2,0.9436619718309859
34,LR,0.21,0.9436619718309859
34,LR,0.22,0.9436619718309859
34,LR,0.23,0.9436619718309859
34,LR,0.24,0.9436619718309859
34,LR,0.25,0.9436619718309859
34,LR,0.26,0.9436619718309859
34,LR,0.27,0.9436619718309859
34,LR,0.28,0.9436619718309859
34,LR,0.29,0.9577464788732394
34,LR,0.3,0.9577464788732394
34,LR,0.31,0.9577464788732394
34,LR,0.32,0.9577464788732394
34,LR,0.33,0.9577464788732394
34,LR,0.34,0.9577464788732394
34,LR,0.35000000000000003,0.9577464788732394
34,LR,0.36,0.9577464788732394
34,LR,0.37,0.9577464788732394
34,LR,0.38,0.9577464788732394
34,LR,0.39,0.9577464788732394
34,LR,0.4,0.9577464788732394
34,LR,0.41000000000000003,0.9577464788732394
34,LR,0.42,0.9577464788732394
34,LR,0.43,0.971830985915493
34,LR,0.44,0.9859154929577465
34,LR,0.45,0.9859154929577465
34,LR,0.46,0.9859154929577465
34,LR,0.47000000000000003,0.9859154929577465
34,LR,0.48,0.9859154929577465
34,LR,0.49,0.9859154929577465
34,LR,0.5,0.9859154929577465
34,LR,0.51,0.9859154929577465
34,LR,0.52,0.9859154929577465
34,LR,0.53,0.9859154929577465
34,LR,0.54,0.9859154929577465
34,LR,0.55,0.9859154929577465
34,LR,0.56,0.9859154929577465
34,LR,0.5700000000000001,0.9859154929577465
34,LR,0.58,0.9859154929577465
34,LR,0.59,0.9859154929577465
34,LR,0.6,0.9859154929577465
34,LR,0.61,0.9859154929577465
34,LR,0.62,0.9859154929577465
34,LR,0.63,0.9859154929577465
34,LR,0.64,0.9859154929577465
34,LR,0.65,0.9859154929577465
34,LR,0.66,0.9859154929577465
34,LR,0.67,0.9859154929577465
34,LR,0.68,0.9859154929577465
34,LR,0.6900000000000001,0.9859154929577465
34,LR,0.7000000000000001,0.9859154929577465
34,LR,0.71,0.9859154929577465
34,LR,0.72,0.9859154929577465
34,LR,0.73,1.0
34,LR,0.74,1.0
34,LR,0.75,1.0
34,LR,0.76,1.0
34,LR,0.77,1.0
34,LR,0.78,1.0
34,LR,0.79,1.0
34,LR,0.8,1.0
34,LR,0.81,1.0
34,LR,0.8200000000000001,1.0
34,LR,0.8300000000000001,1.0
34,LR,0.84,1.0
34,LR,0.85,1.0
34,LR,0.86,1.0
34,LR,0.87,1.0
34,LR,0.88,1.0
34,LR,0.89,1.0
34,LR,0.9,1.0
34,LR,0.91,1.0
34,LR,0.92,1.0
34,LR,0.93,1.0
34,LR,0.9400000000000001,1.0
34,LR,0.9500000000000001,1.0
34,LR,0.96,1.0
34,LR,0.97,1.0
34,LR,0.98,1.0
34,LR,0.99,1.0
34,LR,1.0,1.0
34,GAM,0.0,0.38028169014084506
34,GAM,0.01,0.6056338028169014
34,GAM,0.02,0.647887323943662
34,GAM,0.03,0.676056338028169
34,GAM,0.04,0.7323943661971831
34,GAM,0.05,0.7464788732394366
34,GAM,0.06,0.8169014084507042
34,GAM,0.07,0.8309859154929577
34,GAM,0.08,0.8873239436619719
34,GAM,0.09,0.8873239436619719
34,GAM,0.1,0.9014084507042254
34,GAM,0.11,0.9014084507042254
34,GAM,0.12,0.9014084507042254
34,GAM,0.13,0.9014084507042254
34,GAM,0.14,0.9295774647887324
34,GAM,0.15,0.9295774647887324
34,GAM,0.16,0.9295774647887324
34,GAM,0.17,0.9295774647887324
34,GAM,0.18,0.9295774647887324
34,GAM,0.19,0.9295774647887324
34,GAM,0.2,0.9295774647887324
34,GAM,0.21,0.9295774647887324
34,GAM,0.22,0.9295774647887324
34,GAM,0.23,0.9295774647887324
34,GAM,0.24,0.9436619718309859
34,GAM,0.25,0.9436619718309859
34,GAM,0.26,0.9436619718309859
34,GAM,0.27,0.9436619718309859
34,GAM,0.28,0.9436619718309859
34,GAM,0.29,0.9436619718309859
34,GAM,0.3,0.9577464788732394
34,GAM,0.31,0.9577464788732394
34,GAM,0.32,0.9577464788732394
34,GAM,0.33,0.9577464788732394
34,GAM,0.34,0.9577464788732394
34,GAM,0.35000000000000003,0.9577464788732394
34,GAM,0.36,0.9577464788732394
34,GAM,0.37,0.9577464788732394
34,GAM,0.38,0.9577464788732394
34,GAM,0.39,0.9577464788732394
34,GAM,0.4,0.9859154929577465
34,GAM,0.41000000000000003,0.9859154929577465
34,GAM,0.42,0.9859154929577465
34,GAM,0.43,0.9859154929577465
34,GAM,0.44,0.9859154929577465
34,GAM,0.45,0.9859154929577465
34,GAM,0.46,0.9859154929577465
34,GAM,0.47000000000000003,0.9859154929577465
34,GAM,0.48,0.9859154929577465
34,GAM,0.49,0.9859154929577465
34,GAM,0.5,0.9859154929577465
34,GAM,0.51,0.9859154929577465
34,GAM,0.52,0.9859154929577465
34,GAM,0.53,0.9859154929577465
34,GAM,0.54,0.9859154929577465
34,GAM,0.55,0.9859154929577465
34,GAM,0.56,0.9859154929577465
34,GAM,0.5700000000000001,0.9859154929577465
34,GAM,0.58,0.9859154929577465
34,GAM,0.59,0.9859154929577465
34,GAM,0.6,0.9859154929577465
34,GAM,0.61,0.9859154929577465
34,GAM,0.62,0.9859154929577465
34,GAM,0.63,1.0
34,GAM,0.64,1.0
34,GAM,0.65,1.0
34,GAM,0.66,1.0
34,GAM,0.67,1.0
34,GAM,0.68,1.0
34,GAM,0.6900000000000001,1.0
34,GAM,0.7000000000000001,1.0
34,GAM,0.71,1.0
34,GAM,0.72,1.0
34,GAM,0.73,1.0
34,GAM,0.74,1.0
34,GAM,0.75,1.0
34,GAM,0.76,1.0
34,GAM,0.77,1.0
34,GAM,0.78,1.0
34,GAM,0.79,1.0
34,GAM,0.8,1.0
34,GAM,0.81,1.0
34,GAM,0.8200000000000001,1.0
34,GAM,0.8300000000000001,1.0
34,GAM,0.84,1.0
34,GAM,0.85,1.0
34,GAM,0.86,1.0
34,GAM,0.87,1.0
34,GAM,0.88,1.0
34,GAM,0.89,1.0
34,GAM,0.9,1.0
34,GAM,0.91,1.0
34,GAM,0.92,1.0
34,GAM,0.93,1.0
34,GAM,0.9400000000000001,1.0
34,GAM,0.9500000000000001,1.0
34,GAM,0.96,1.0
34,GAM,0.97,1.0
34,GAM,0.98,1.0
34,GAM,0.99,1.0
34,GAM,1.0,1.0
34,RF,0.0,0.028169014084507043
34,RF,0.01,0.4507042253521127
34,RF,0.02,0.6197183098591549
34,RF,0.03,0.6619718309859155
34,RF,0.04,0.7746478873239436
34,RF,0.05,0.7746478873239436
34,RF,0.06,0.8450704225352113
34,RF,0.07,0.8873239436619719
34,RF,0.08,0.8873239436619719
34,RF,0.09,0.8873239436619719
34,RF,0.1,0.9014084507042254
34,RF,0.11,0.9014084507042254
34,RF,0.12,0.9295774647887324
34,RF,0.13,0.9577464788732394
34,RF,0.14,0.971830985915493
34,RF,0.15,0.971830985915493
34,RF,0.16,0.971830985915493
34,RF,0.17,0.971830985915493
34,RF,0.18,0.971830985915493
34,RF,0.19,0.971830985915493
34,RF,0.2,0.971830985915493
34,RF,0.21,0.971830985915493
34,RF,0.22,0.971830985915493
34,RF,0.23,0.971830985915493
34,RF,0.24,0.971830985915493
34,RF,0.25,0.971830985915493
34,RF,0.26,0.971830985915493
34,RF,0.27,0.971830985915493
34,RF,0.28,0.971830985915493
34,RF,0.29,0.971830985915493
34,RF,0.3,0.971830985915493
34,RF,0.31,0.971830985915493
34,RF,0.32,0.971830985915493
34,RF,0.33,0.971830985915493
34,RF,0.34,0.971830985915493
34,RF,0.35000000000000003,0.971830985915493
34,RF,0.36,0.9859154929577465
34,RF,0.37,0.9859154929577465
34,RF,0.38,0.9859154929577465
34,RF,0.39,0.9859154929577465
34,RF,0.4,0.9859154929577465
34,RF,0.41000000000000003,0.9859154929577465
34,RF,0.42,0.9859154929577465
34,RF,0.43,0.9859154929577465
34,RF,0.44,0.9859154929577465
34,RF,0.45,0.9859154929577465
34,RF,0.46,1.0
34,RF,0.47000000000000003,1.0
34,RF,0.48,1.0
34,RF,0.49,1.0
34,RF,0.5,1.0
34,RF,0.51,1.0
34,RF,0.52,1.0
34,RF,0.53,1.0
34,RF,0.54,1.0
34,RF,0.55,1.0
34,RF,0.56,1.0
34,RF,0.5700000000000001,1.0
34,RF,0.58,1.0
34,RF,0.59,1.0
34,RF,0.6,1.0
34,RF,0.61,1.0
34,RF,0.62,1.0
34,RF,0.63,1.0
34,RF,0.64,1.0
34,RF,0.65,1.0
34,RF,0.66,1.0
34,RF,0.67,1.0
34,RF,0.68,1.0
34,RF,0.6900000000000001,1.0
34,RF,0.7000000000000001,1.0
34,RF,0.71,1.0
34,RF,0.72,1.0
34,RF,0.73,1.0
34,RF,0.74,1.0
34,RF,0.75,1.0
34,RF,0.76,1.0
34,RF,0.77,1.0
34,RF,0.78,1.0
34,RF,0.79,1.0
34,RF,0.8,1.0
34,RF,0.81,1.0
34,RF,0.8200000000000001,1.0
34,RF,0.8300000000000001,1.0
34,RF,0.84,1.0
34,RF,0.85,1.0
34,RF,0.86,1.0
34,RF,0.87,1.0
34,RF,0.88,1.0
34,RF,0.89,1.0
34,RF,0.9,1.0
34,RF,0.91,1.0
34,RF,0.92,1.0
34,RF,0.93,1.0
34,RF,0.9400000000000001,1.0
34,RF,0.9500000000000001,1.0
34,RF,0.96,1.0
34,RF,0.97,1.0
34,RF,0.98,1.0
34,RF,0.99,1.0
34,RF,1.0,1.0
35,LR,0.0,0.013513513513513514
35,LR,0.01,0.20270270270270271
35,LR,0.02,0.43243243243243246
35,LR,0.03,0.6756756756756757
35,LR,0.04,0.6756756756756757
35,LR,0.05,0.7027027027027027
35,LR,0.06,0.7297297297297297
35,LR,0.07,0.7567567567567568
35,LR,0.08,0.7972972972972973
35,LR,0.09,0.8243243243243243
35,LR,0.1,0.8648648648648649
35,LR,0.11,0.8783783783783784
35,LR,0.12,0.8783783783783784
35,LR,0.13,0.8783783783783784
35,LR,0.14,0.8918918918918919
35,LR,0.15,0.9054054054054054
35,LR,0.16,0.918918918918919
35,LR,0.17,0.918918918918919
35,LR,0.18,0.918918918918919
35,LR,0.19,0.918918918918919
35,LR,0.2,0.9324324324324325
35,LR,0.21,0.9324324324324325
35,LR,0.22,0.9324324324324325
35,LR,0.23,0.9324324324324325
35,LR,0.24,0.9324324324324325
35,LR,0.25,0.9459459459459459
35,LR,0.26,0.9459459459459459
35,LR,0.27,0.9459459459459459
35,LR,0.28,0.9459459459459459
35,LR,0.29,0.9594594594594594
35,LR,0.3,0.9594594594594594
35,LR,0.31,0.9594594594594594
35,LR,0.32,0.9594594594594594
35,LR,0.33,0.9594594594594594
35,LR,0.34,0.972972972972973
35,LR,0.35000000000000003,0.972972972972973
35,LR,0.36,0.972972972972973
35,LR,0.37,0.972972972972973
35,LR,0.38,0.972972972972973
35,LR,0.39,0.972972972972973
35,LR,0.4,0.972972972972973
35,LR,0.41000000000000003,0.972972972972973
35,LR,0.42,0.972972972972973
35,LR,0.43,0.972972972972973
35,LR,0.44,0.972972972972973
35,LR,0.45,0.972972972972973
35,LR,0.46,0.972972972972973
35,LR,0.47000000000000003,0.972972972972973
35,LR,0.48,0.972972972972973
35,LR,0.49,0.972972972972973
35,LR,0.5,0.972972972972973
35,LR,0.51,0.9864864864864865
35,LR,0.52,0.9864864864864865
35,LR,0.53,0.9864864864864865
35,LR,0.54,0.9864864864864865
35,LR,0.55,0.9864864864864865
35,LR,0.56,0.9864864864864865
35,LR,0.5700000000000001,0.9864864864864865
35,LR,0.58,0.9864864864864865
35,LR,0.59,0.9864864864864865
35,LR,0.6,0.9864864864864865
35,LR,0.61,0.9864864864864865
35,LR,0.62,0.9864864864864865
35,LR,0.63,1.0
35,LR,0.64,1.0
35,LR,0.65,1.0
35,LR,0.66,1.0
35,LR,0.67,1.0
35,LR,0.68,1.0
35,LR,0.6900000000000001,1.0
35,LR,0.7000000000000001,1.0
35,LR,0.71,1.0
35,LR,0.72,1.0
35,LR,0.73,1.0
35,LR,0.74,1.0
35,LR,0.75,1.0
35,LR,0.76,1.0
35,LR,0.77,1.0
35,LR,0.78,1.0
35,LR,0.79,1.0
35,LR,0.8,1.0
35,LR,0.81,1.0
35,LR,0.8200000000000001,1.0
35,LR,0.8300000000000001,1.0
35,LR,0.84,1.0
35,LR,0.85,1.0
35,LR,0.86,1.0
35,LR,0.87,1.0
35,LR,0.88,1.0
35,LR,0.89,1.0
35,LR,0.9,1.0
35,LR,0.91,1.0
35,LR,0.92,1.0
35,LR,0.93,1.0
35,LR,0.9400000000000001,1.0
35,LR,0.9500000000000001,1.0
35,LR,0.96,1.0
35,LR,0.97,1.0
35,LR,0.98,1.0
35,LR,0.99,1.0
35,LR,1.0,1.0
35,GAM,0.0,0.013513513513513514
35,GAM,0.01,0.3108108108108108
35,GAM,0.02,0.581081081081081
35,GAM,0.03,0.6216216216216216
35,GAM,0.04,0.6486486486486487
35,GAM,0.05,0.7027027027027027
35,GAM,0.06,0.7837837837837838
35,GAM,0.07,0.7972972972972973
35,GAM,0.08,0.8513513513513513
35,GAM,0.09,0.8783783783783784
35,GAM,0.1,0.8783783783783784
35,GAM,0.11,0.8783783783783784
35,GAM,0.12,0.8783783783783784
35,GAM,0.13,0.8783783783783784
35,GAM,0.14,0.918918918918919
35,GAM,0.15,0.918918918918919
35,GAM,0.16,0.918918918918919
35,GAM,0.17,0.918918918918919
35,GAM,0.18,0.918918918918919
35,GAM,0.19,0.918918918918919
35,GAM,0.2,0.918918918918919
35,GAM,0.21,0.918918918918919
35,GAM,0.22,0.918918918918919
35,GAM,0.23,0.9324324324324325
35,GAM,0.24,0.9459459459459459
35,GAM,0.25,0.9594594594594594
35,GAM,0.26,0.972972972972973
35,GAM,0.27,0.972972972972973
35,GAM,0.28,0.972972972972973
35,GAM,0.29,0.972972972972973
35,GAM,0.3,0.972972972972973
35,GAM,0.31,0.972972972972973
35,GAM,0.32,0.972972972972973
35,GAM,0.33,0.972972972972973
35,GAM,0.34,0.972972972972973
35,GAM,0.35000000000000003,0.972972972972973
35,GAM,0.36,0.972972972972973
35,GAM,0.37,0.972972972972973
35,GAM,0.38,0.972972972972973
35,GAM,0.39,0.972972972972973
35,GAM,0.4,0.972972972972973
35,GAM,0.41000000000000003,0.972972972972973
35,GAM,0.42,0.972972972972973
35,GAM,0.43,0.9864864864864865
35,GAM,0.44,0.9864864864864865
35,GAM,0.45,0.9864864864864865
35,GAM,0.46,0.9864864864864865
35,GAM,0.47000000000000003,0.9864864864864865
35,GAM,0.48,0.9864864864864865
35,GAM,0.49,0.9864864864864865
35,GAM,0.5,0.9864864864864865
35,GAM,0.51,0.9864864864864865
35,GAM,0.52,0.9864864864864865
35,GAM,0.53,0.9864864864864865
35,GAM,0.54,0.9864864864864865
35,GAM,0.55,0.9864864864864865
35,GAM,0.56,0.9864864864864865
35,GAM,0.5700000000000001,0.9864864864864865
35,GAM,0.58,0.9864864864864865
35,GAM,0.59,0.9864864864864865
35,GAM,0.6,0.9864864864864865
35,GAM,0.61,0.9864864864864865
35,GAM,0.62,0.9864864864864865
35,GAM,0.63,1.0
35,GAM,0.64,1.0
35,GAM,0.65,1.0
35,GAM,0.66,1.0
35,GAM,0.67,1.0
35,GAM,0.68,1.0
35,GAM,0.6900000000000001,1.0
35,GAM,0.7000000000000001,1.0
35,GAM,0.71,1.0
35,GAM,0.72,1.0
35,GAM,0.73,1.0
35,GAM,0.74,1.0
35,GAM,0.75,1.0
35,GAM,0.76,1.0
35,GAM,0.77,1.0
35,GAM,0.78,1.0
35,GAM,0.79,1.0
35,GAM,0.8,1.0
35,GAM,0.81,1.0
35,GAM,0.8200000000000001,1.0
35,GAM,0.8300000000000001,1.0
35,GAM,0.84,1.0
35,GAM,0.85,1.0
35,GAM,0.86,1.0
35,GAM,0.87,1.0
35,GAM,0.88,1.0
35,GAM,0.89,1.0
35,GAM,0.9,1.0
35,GAM,0.91,1.0
35,GAM,0.92,1.0
35,GAM,0.93,1.0
35,GAM,0.9400000000000001,1.0
35,GAM,0.9500000000000001,1.0
35,GAM,0.96,1.0
35,GAM,0.97,1.0
35,GAM,0.98,1.0
35,GAM,0.99,1.0
35,GAM,1.0,1.0
35,RF,0.0,0.35135135135135137
35,RF,0.01,0.5
35,RF,0.02,0.581081081081081
35,RF,0.03,0.6756756756756757
35,RF,0.04,0.7027027027027027
35,RF,0.05,0.7837837837837838
35,RF,0.06,0.8648648648648649
35,RF,0.07,0.8648648648648649
35,RF,0.08,0.8648648648648649
35,RF,0.09,0.8918918918918919
35,RF,0.1,0.8918918918918919
35,RF,0.11,0.8918918918918919
35,RF,0.12,0.9054054054054054
35,RF,0.13,0.9054054054054054
35,RF,0.14,0.9054054054054054
35,RF,0.15,0.9054054054054054
35,RF,0.16,0.9054054054054054
35,RF,0.17,0.918918918918919
35,RF,0.18,0.9324324324324325
35,RF,0.19,0.9594594594594594
35,RF,0.2,0.9594594594594594
35,RF,0.21,0.9594594594594594
35,RF,0.22,0.9594594594594594
35,RF,0.23,0.9594594594594594
35,RF,0.24,0.9594594594594594
35,RF,0.25,0.9594594594594594
35,RF,0.26,0.9594594594594594
35,RF,0.27,0.972972972972973
35,RF,0.28,0.972972972972973
35,RF,0.29,0.972972972972973
35,RF,0.3,0.972972972972973
35,RF,0.31,0.972972972972973
35,RF,0.32,0.972972972972973
35,RF,0.33,0.972972972972973
35,RF,0.34,0.972972972972973
35,RF,0.35000000000000003,0.972972972972973
35,RF,0.36,0.972972972972973
35,RF,0.37,0.972972972972973
35,RF,0.38,0.9864864864864865
35,RF,0.39,0.9864864864864865
35,RF,0.4,0.9864864864864865
35,RF,0.41000000000000003,0.9864864864864865
35,RF,0.42,0.9864864864864865
35,RF,0.43,0.9864864864864865
35,RF,0.44,0.9864864864864865
35,RF,0.45,0.9864864864864865
35,RF,0.46,0.9864864864864865
35,RF,0.47000000000000003,0.9864864864864865
35,RF,0.48,0.9864864864864865
35,RF,0.49,0.9864864864864865
35,RF,0.5,0.9864864864864865
35,RF,0.51,0.9864864864864865
35,RF,0.52,0.9864864864864865
35,RF,0.53,0.9864864864864865
35,RF,0.54,0.9864864864864865
35,RF,0.55,0.9864864864864865
35,RF,0.56,0.9864864864864865
35,RF,0.5700000000000001,0.9864864864864865
35,RF,0.58,0.9864864864864865
35,RF,0.59,0.9864864864864865
35,RF,0.6,0.9864864864864865
35,RF,0.61,0.9864864864864865
35,RF,0.62,0.9864864864864865
35,RF,0.63,0.9864864864864865
35,RF,0.64,0.9864864864864865
35,RF,0.65,0.9864864864864865
35,RF,0.66,0.9864864864864865
35,RF,0.67,0.9864864864864865
35,RF,0.68,0.9864864864864865
35,RF,0.6900000000000001,0.9864864864864865
35,RF,0.7000000000000001,0.9864864864864865
35,RF,0.71,0.9864864864864865
35,RF,0.72,0.9864864864864865
35,RF,0.73,0.9864864864864865
35,RF,0.74,0.9864864864864865
35,RF,0.75,0.9864864864864865
35,RF,0.76,0.9864864864864865
35,RF,0.77,0.9864864864864865
35,RF,0.78,0.9864864864864865
35,RF,0.79,0.9864864864864865
35,RF,0.8,0.9864864864864865
35,RF,0.81,0.9864864864864865
35,RF,0.8200000000000001,0.9864864864864865
35,RF,0.8300000000000001,0.9864864864864865
35,RF,0.84,0.9864864864864865
35,RF,0.85,0.9864864864864865
35,RF,0.86,0.9864864864864865
35,RF,0.87,0.9864864864864865
35,RF,0.88,0.9864864864864865
35,RF,0.89,0.9864864864864865
35,RF,0.9,0.9864864864864865
35,RF,0.91,0.9864864864864865
35,RF,0.92,0.9864864864864865
35,RF,0.93,0.9864864864864865
35,RF,0.9400000000000001,0.9864864864864865
35,RF,0.9500000000000001,0.9864864864864865
35,RF,0.96,0.9864864864864865
35,RF,0.97,0.9864864864864865
35,RF,0.98,0.9864864864864865
35,RF,0.99,0.9864864864864865
35,RF,1.0,1.0
36,LR,0.0,0.24615384615384617
36,LR,0.01,0.7230769230769231
36,LR,0.02,0.8
36,LR,0.03,0.8
36,LR,0.04,0.8307692307692308
36,LR,0.05,0.8307692307692308
36,LR,0.06,0.8461538461538461
36,LR,0.07,0.8769230769230769
36,LR,0.08,0.9076923076923077
36,LR,0.09,0.9384615384615385
36,LR,0.1,0.9384615384615385
36,LR,0.11,0.9384615384615385
36,LR,0.12,0.9384615384615385
36,LR,0.13,0.9384615384615385
36,LR,0.14,0.9384615384615385
36,LR,0.15,0.9384615384615385
36,LR,0.16,0.9384615384615385
36,LR,0.17,0.9384615384615385
36,LR,0.18,0.9384615384615385
36,LR,0.19,0.9384615384615385
36,LR,0.2,0.9384615384615385
36,LR,0.21,0.9384615384615385
36,LR,0.22,0.9384615384615385
36,LR,0.23,0.9384615384615385
36,LR,0.24,0.9384615384615385
36,LR,0.25,0.9384615384615385
36,LR,0.26,0.9538461538461539
36,LR,0.27,0.9538461538461539
36,LR,0.28,0.9692307692307692
36,LR,0.29,0.9692307692307692
36,LR,0.3,0.9692307692307692
36,LR,0.31,0.9692307692307692
36,LR,0.32,0.9692307692307692
36,LR,0.33,0.9846153846153847
36,LR,0.34,0.9846153846153847
36,LR,0.35000000000000003,0.9846153846153847
36,LR,0.36,0.9846153846153847
36,LR,0.37,0.9846153846153847
36,LR,0.38,0.9846153846153847
36,LR,0.39,0.9846153846153847
36,LR,0.4,0.9846153846153847
36,LR,0.41000000000000003,0.9846153846153847
36,LR,0.42,0.9846153846153847
36,LR,0.43,0.9846153846153847
36,LR,0.44,0.9846153846153847
36,LR,0.45,0.9846153846153847
36,LR,0.46,0.9846153846153847
36,LR,0.47000000000000003,0.9846153846153847
36,LR,0.48,0.9846153846153847
36,LR,0.49,0.9846153846153847
36,LR,0.5,0.9846153846153847
36,LR,0.51,0.9846153846153847
36,LR,0.52,0.9846153846153847
36,LR,0.53,0.9846153846153847
36,LR,0.54,0.9846153846153847
36,LR,0.55,0.9846153846153847
36,LR,0.56,0.9846153846153847
36,LR,0.5700000000000001,0.9846153846153847
36,LR,0.58,0.9846153846153847
36,LR,0.59,0.9846153846153847
36,LR,0.6,0.9846153846153847
36,LR,0.61,0.9846153846153847
36,LR,0.62,0.9846153846153847
36,LR,0.63,0.9846153846153847
36,LR,0.64,0.9846153846153847
36,LR,0.65,0.9846153846153847
36,LR,0.66,0.9846153846153847
36,LR,0.67,0.9846153846153847
36,LR,0.68,0.9846153846153847
36,LR,0.6900000000000001,0.9846153846153847
36,LR,0.7000000000000001,0.9846153846153847
36,LR,0.71,0.9846153846153847
36,LR,0.72,0.9846153846153847
36,LR,0.73,0.9846153846153847
36,LR,0.74,0.9846153846153847
36,LR,0.75,0.9846153846153847
36,LR,0.76,0.9846153846153847
36,LR,0.77,1.0
36,LR,0.78,1.0
36,LR,0.79,1.0
36,LR,0.8,1.0
36,LR,0.81,1.0
36,LR,0.8200000000000001,1.0
36,LR,0.8300000000000001,1.0
36,LR,0.84,1.0
36,LR,0.85,1.0
36,LR,0.86,1.0
36,LR,0.87,1.0
36,LR,0.88,1.0
36,LR,0.89,1.0
36,LR,0.9,1.0
36,LR,0.91,1.0
36,LR,0.92,1.0
36,LR,0.93,1.0
36,LR,0.9400000000000001,1.0
36,LR,0.9500000000000001,1.0
36,LR,0.96,1.0
36,LR,0.97,1.0
36,LR,0.98,1.0
36,LR,0.99,1.0
36,LR,1.0,1.0
36,GAM,0.0,0.26153846153846155
36,GAM,0.01,0.5538461538461539
36,GAM,0.02,0.7692307692307693
36,GAM,0.03,0.7692307692307693
36,GAM,0.04,0.8307692307692308
36,GAM,0.05,0.8461538461538461
36,GAM,0.06,0.8923076923076924
36,GAM,0.07,0.8923076923076924
36,GAM,0.08,0.9230769230769231
36,GAM,0.09,0.9384615384615385
36,GAM,0.1,0.9384615384615385
36,GAM,0.11,0.9384615384615385
36,GAM,0.12,0.9384615384615385
36,GAM,0.13,0.9384615384615385
36,GAM,0.14,0.9384615384615385
36,GAM,0.15,0.9384615384615385
36,GAM,0.16,0.9384615384615385
36,GAM,0.17,0.9538461538461539
36,GAM,0.18,0.9538461538461539
36,GAM,0.19,0.9692307692307692
36,GAM,0.2,0.9692307692307692
36,GAM,0.21,0.9692307692307692
36,GAM,0.22,0.9692307692307692
36,GAM,0.23,0.9692307692307692
36,GAM,0.24,0.9692307692307692
36,GAM,0.25,0.9692307692307692
36,GAM,0.26,0.9846153846153847
36,GAM,0.27,0.9846153846153847
36,GAM,0.28,0.9846153846153847
36,GAM,0.29,0.9846153846153847
36,GAM,0.3,0.9846153846153847
36,GAM,0.31,0.9846153846153847
36,GAM,0.32,0.9846153846153847
36,GAM,0.33,0.9846153846153847
36,GAM,0.34,0.9846153846153847
36,GAM,0.35000000000000003,0.9846153846153847
36,GAM,0.36,0.9846153846153847
36,GAM,0.37,0.9846153846153847
36,GAM,0.38,0.9846153846153847
36,GAM,0.39,0.9846153846153847
36,GAM,0.4,0.9846153846153847
36,GAM,0.41000000000000003,0.9846153846153847
36,GAM,0.42,0.9846153846153847
36,GAM,0.43,0.9846153846153847
36,GAM,0.44,0.9846153846153847
36,GAM,0.45,0.9846153846153847
36,GAM,0.46,0.9846153846153847
36,GAM,0.47000000000000003,0.9846153846153847
36,GAM,0.48,0.9846153846153847
36,GAM,0.49,0.9846153846153847
36,GAM,0.5,0.9846153846153847
36,GAM,0.51,0.9846153846153847
36,GAM,0.52,0.9846153846153847
36,GAM,0.53,0.9846153846153847
36,GAM,0.54,0.9846153846153847
36,GAM,0.55,0.9846153846153847
36,GAM,0.56,0.9846153846153847
36,GAM,0.5700000000000001,0.9846153846153847
36,GAM,0.58,0.9846153846153847
36,GAM,0.59,0.9846153846153847
36,GAM,0.6,0.9846153846153847
36,GAM,0.61,0.9846153846153847
36,GAM,0.62,0.9846153846153847
36,GAM,0.63,0.9846153846153847
36,GAM,0.64,0.9846153846153847
36,GAM,0.65,0.9846153846153847
36,GAM,0.66,0.9846153846153847
36,GAM,0.67,0.9846153846153847
36,GAM,0.68,0.9846153846153847
36,GAM,0.6900000000000001,0.9846153846153847
36,GAM,0.7000000000000001,0.9846153846153847
36,GAM,0.71,1.0
36,GAM,0.72,1.0
36,GAM,0.73,1.0
36,GAM,0.74,1.0
36,GAM,0.75,1.0
36,GAM,0.76,1.0
36,GAM,0.77,1.0
36,GAM,0.78,1.0
36,GAM,0.79,1.0
36,GAM,0.8,1.0
36,GAM,0.81,1.0
36,GAM,0.8200000000000001,1.0
36,GAM,0.8300000000000001,1.0
36,GAM,0.84,1.0
36,GAM,0.85,1.0
36,GAM,0.86,1.0
36,GAM,0.87,1.0
36,GAM,0.88,1.0
36,GAM,0.89,1.0
36,GAM,0.9,1.0
36,GAM,0.91,1.0
36,GAM,0.92,1.0
36,GAM,0.93,1.0
36,GAM,0.9400000000000001,1.0
36,GAM,0.9500000000000001,1.0
36,GAM,0.96,1.0
36,GAM,0.97,1.0
36,GAM,0.98,1.0
36,GAM,0.99,1.0
36,GAM,1.0,1.0
36,RF,0.0,0.12307692307692308
36,RF,0.01,0.7538461538461538
36,RF,0.02,0.7846153846153846
36,RF,0.03,0.8461538461538461
36,RF,0.04,0.8461538461538461
36,RF,0.05,0.8615384615384616
36,RF,0.06,0.8923076923076924
36,RF,0.07,0.8923076923076924
36,RF,0.08,0.9076923076923077
36,RF,0.09,0.9076923076923077
36,RF,0.1,0.9230769230769231
36,RF,0.11,0.9384615384615385
36,RF,0.12,0.9384615384615385
36,RF,0.13,0.9384615384615385
36,RF,0.14,0.9538461538461539
36,RF,0.15,0.9692307692307692
36,RF,0.16,0.9692307692307692
36,RF,0.17,0.9692307692307692
36,RF,0.18,0.9692307692307692
36,RF,0.19,0.9692307692307692
36,RF,0.2,0.9692307692307692
36,RF,0.21,0.9846153846153847
36,RF,0.22,0.9846153846153847
36,RF,0.23,0.9846153846153847
36,RF,0.24,0.9846153846153847
36,RF,0.25,0.9846153846153847
36,RF,0.26,0.9846153846153847
36,RF,0.27,0.9846153846153847
36,RF,0.28,0.9846153846153847
36,RF,0.29,0.9846153846153847
36,RF,0.3,0.9846153846153847
36,RF,0.31,0.9846153846153847
36,RF,0.32,0.9846153846153847
36,RF,0.33,0.9846153846153847
36,RF,0.34,0.9846153846153847
36,RF,0.35000000000000003,0.9846153846153847
36,RF,0.36,0.9846153846153847
36,RF,0.37,0.9846153846153847
36,RF,0.38,0.9846153846153847
36,RF,0.39,0.9846153846153847
36,RF,0.4,0.9846153846153847
36,RF,0.41000000000000003,0.9846153846153847
36,RF,0.42,0.9846153846153847
36,RF,0.43,0.9846153846153847
36,RF,0.44,0.9846153846153847
36,RF,0.45,0.9846153846153847
36,RF,0.46,0.9846153846153847
36,RF,0.47000000000000003,0.9846153846153847
36,RF,0.48,0.9846153846153847
36,RF,0.49,0.9846153846153847
36,RF,0.5,0.9846153846153847
36,RF,0.51,0.9846153846153847
36,RF,0.52,0.9846153846153847
36,RF,0.53,0.9846153846153847
36,RF,0.54,0.9846153846153847
36,RF,0.55,0.9846153846153847
36,RF,0.56,0.9846153846153847
36,RF,0.5700000000000001,0.9846153846153847
36,RF,0.58,0.9846153846153847
36,RF,0.59,0.9846153846153847
36,RF,0.6,0.9846153846153847
36,RF,0.61,0.9846153846153847
36,RF,0.62,0.9846153846153847
36,RF,0.63,0.9846153846153847
36,RF,0.64,0.9846153846153847
36,RF,0.65,0.9846153846153847
36,RF,0.66,0.9846153846153847
36,RF,0.67,0.9846153846153847
36,RF,0.68,0.9846153846153847
36,RF,0.6900000000000001,0.9846153846153847
36,RF,0.7000000000000001,0.9846153846153847
36,RF,0.71,0.9846153846153847
36,RF,0.72,0.9846153846153847
36,RF,0.73,0.9846153846153847
36,RF,0.74,0.9846153846153847
36,RF,0.75,0.9846153846153847
36,RF,0.76,0.9846153846153847
36,RF,0.77,0.9846153846153847
36,RF,0.78,0.9846153846153847
36,RF,0.79,0.9846153846153847
36,RF,0.8,0.9846153846153847
36,RF,0.81,0.9846153846153847
36,RF,0.8200000000000001,0.9846153846153847
36,RF,0.8300000000000001,0.9846153846153847
36,RF,0.84,0.9846153846153847
36,RF,0.85,0.9846153846153847
36,RF,0.86,0.9846153846153847
36,RF,0.87,0.9846153846153847
36,RF,0.88,0.9846153846153847
36,RF,0.89,0.9846153846153847
36,RF,0.9,0.9846153846153847
36,RF,0.91,0.9846153846153847
36,RF,0.92,0.9846153846153847
36,RF,0.93,0.9846153846153847
36,RF,0.9400000000000001,0.9846153846153847
36,RF,0.9500000000000001,0.9846153846153847
36,RF,0.96,1.0
36,RF,0.97,1.0
36,RF,0.98,1.0
36,RF,0.99,1.0
36,RF,1.0,1.0
37,LR,0.0,0.28205128205128205
37,LR,0.01,0.358974358974359
37,LR,0.02,0.47435897435897434
37,LR,0.03,0.6538461538461539
37,LR,0.04,0.6538461538461539
37,LR,0.05,0.6923076923076923
37,LR,0.06,0.6923076923076923
37,LR,0.07,0.7564102564102564
37,LR,0.08,0.8205128205128205
37,LR,0.09,0.8205128205128205
37,LR,0.1,0.8205128205128205
37,LR,0.11,0.8205128205128205
37,LR,0.12,0.8205128205128205
37,LR,0.13,0.8205128205128205
37,LR,0.14,0.8205128205128205
37,LR,0.15,0.8461538461538461
37,LR,0.16,0.8717948717948718
37,LR,0.17,0.8717948717948718
37,LR,0.18,0.8717948717948718
37,LR,0.19,0.8717948717948718
37,LR,0.2,0.9102564102564102
37,LR,0.21,0.9358974358974359
37,LR,0.22,0.9358974358974359
37,LR,0.23,0.9358974358974359
37,LR,0.24,0.9358974358974359
37,LR,0.25,0.9358974358974359
37,LR,0.26,0.9358974358974359
37,LR,0.27,0.9358974358974359
37,LR,0.28,0.9358974358974359
37,LR,0.29,0.9358974358974359
37,LR,0.3,0.9358974358974359
37,LR,0.31,0.9358974358974359
37,LR,0.32,0.9615384615384616
37,LR,0.33,0.9615384615384616
37,LR,0.34,0.9615384615384616
37,LR,0.35000000000000003,0.9615384615384616
37,LR,0.36,0.9615384615384616
37,LR,0.37,0.9615384615384616
37,LR,0.38,0.9615384615384616
37,LR,0.39,0.9615384615384616
37,LR,0.4,0.9615384615384616
37,LR,0.41000000000000003,0.9615384615384616
37,LR,0.42,0.9743589743589743
37,LR,0.43,0.9743589743589743
37,LR,0.44,0.9743589743589743
37,LR,0.45,0.9743589743589743
37,LR,0.46,0.9743589743589743
37,LR,0.47000000000000003,0.9743589743589743
37,LR,0.48,0.9743589743589743
37,LR,0.49,0.9743589743589743
37,LR,0.5,0.9743589743589743
37,LR,0.51,0.9743589743589743
37,LR,0.52,0.9743589743589743
37,LR,0.53,0.9743589743589743
37,LR,0.54,0.9743589743589743
37,LR,0.55,0.9743589743589743
37,LR,0.56,0.9871794871794872
37,LR,0.5700000000000001,0.9871794871794872
37,LR,0.58,0.9871794871794872
37,LR,0.59,0.9871794871794872
37,LR,0.6,0.9871794871794872
37,LR,0.61,0.9871794871794872
37,LR,0.62,0.9871794871794872
37,LR,0.63,0.9871794871794872
37,LR,0.64,0.9871794871794872
37,LR,0.65,0.9871794871794872
37,LR,0.66,0.9871794871794872
37,LR,0.67,0.9871794871794872
37,LR,0.68,0.9871794871794872
37,LR,0.6900000000000001,0.9871794871794872
37,LR,0.7000000000000001,0.9871794871794872
37,LR,0.71,0.9871794871794872
37,LR,0.72,0.9871794871794872
37,LR,0.73,0.9871794871794872
37,LR,0.74,0.9871794871794872
37,LR,0.75,0.9871794871794872
37,LR,0.76,0.9871794871794872
37,LR,0.77,0.9871794871794872
37,LR,0.78,0.9871794871794872
37,LR,0.79,0.9871794871794872
37,LR,0.8,0.9871794871794872
37,LR,0.81,0.9871794871794872
37,LR,0.8200000000000001,0.9871794871794872
37,LR,0.8300000000000001,0.9871794871794872
37,LR,0.84,0.9871794871794872
37,LR,0.85,0.9871794871794872
37,LR,0.86,0.9871794871794872
37,LR,0.87,0.9871794871794872
37,LR,0.88,0.9871794871794872
37,LR,0.89,0.9871794871794872
37,LR,0.9,1.0
37,LR,0.91,1.0
37,LR,0.92,1.0
37,LR,0.93,1.0
37,LR,0.9400000000000001,1.0
37,LR,0.9500000000000001,1.0
37,LR,0.96,1.0
37,LR,0.97,1.0
37,LR,0.98,1.0
37,LR,0.99,1.0
37,LR,1.0,1.0
37,GAM,0.0,0.34615384615384615
37,GAM,0.01,0.4230769230769231
37,GAM,0.02,0.4358974358974359
37,GAM,0.03,0.6025641025641025
37,GAM,0.04,0.6538461538461539
37,GAM,0.05,0.717948717948718
37,GAM,0.06,0.7692307692307693
37,GAM,0.07,0.7692307692307693
37,GAM,0.08,0.782051282051282
37,GAM,0.09,0.8076923076923077
37,GAM,0.1,0.8205128205128205
37,GAM,0.11,0.8333333333333334
37,GAM,0.12,0.8333333333333334
37,GAM,0.13,0.8461538461538461
37,GAM,0.14,0.8717948717948718
37,GAM,0.15,0.8717948717948718
37,GAM,0.16,0.8717948717948718
37,GAM,0.17,0.9102564102564102
37,GAM,0.18,0.9102564102564102
37,GAM,0.19,0.9102564102564102
37,GAM,0.2,0.9230769230769231
37,GAM,0.21,0.9230769230769231
37,GAM,0.22,0.9230769230769231
37,GAM,0.23,0.9230769230769231
37,GAM,0.24,0.9358974358974359
37,GAM,0.25,0.9358974358974359
37,GAM,0.26,0.9358974358974359
37,GAM,0.27,0.9358974358974359
37,GAM,0.28,0.9358974358974359
37,GAM,0.29,0.9358974358974359
37,GAM,0.3,0.9487179487179487
37,GAM,0.31,0.9487179487179487
37,GAM,0.32,0.9487179487179487
37,GAM,0.33,0.9487179487179487
37,GAM,0.34,0.9743589743589743
37,GAM,0.35000000000000003,0.9743589743589743
37,GAM,0.36,0.9743589743589743
37,GAM,0.37,0.9743589743589743
37,GAM,0.38,0.9743589743589743
37,GAM,0.39,0.9743589743589743
37,GAM,0.4,0.9743589743589743
37,GAM,0.41000000000000003,0.9743589743589743
37,GAM,0.42,0.9743589743589743
37,GAM,0.43,0.9743589743589743
37,GAM,0.44,0.9743589743589743
37,GAM,0.45,0.9743589743589743
37,GAM,0.46,0.9743589743589743
37,GAM,0.47000000000000003,0.9743589743589743
37,GAM,0.48,0.9743589743589743
37,GAM,0.49,0.9743589743589743
37,GAM,0.5,0.9743589743589743
37,GAM,0.51,0.9743589743589743
37,GAM,0.52,0.9743589743589743
37,GAM,0.53,0.9871794871794872
37,GAM,0.54,0.9871794871794872
37,GAM,0.55,0.9871794871794872
37,GAM,0.56,0.9871794871794872
37,GAM,0.5700000000000001,0.9871794871794872
37,GAM,0.58,0.9871794871794872
37,GAM,0.59,0.9871794871794872
37,GAM,0.6,0.9871794871794872
37,GAM,0.61,0.9871794871794872
37,GAM,0.62,0.9871794871794872
37,GAM,0.63,0.9871794871794872
37,GAM,0.64,0.9871794871794872
37,GAM,0.65,0.9871794871794872
37,GAM,0.66,0.9871794871794872
37,GAM,0.67,0.9871794871794872
37,GAM,0.68,0.9871794871794872
37,GAM,0.6900000000000001,0.9871794871794872
37,GAM,0.7000000000000001,0.9871794871794872
37,GAM,0.71,0.9871794871794872
37,GAM,0.72,0.9871794871794872
37,GAM,0.73,0.9871794871794872
37,GAM,0.74,0.9871794871794872
37,GAM,0.75,0.9871794871794872
37,GAM,0.76,0.9871794871794872
37,GAM,0.77,0.9871794871794872
37,GAM,0.78,0.9871794871794872
37,GAM,0.79,0.9871794871794872
37,GAM,0.8,0.9871794871794872
37,GAM,0.81,0.9871794871794872
37,GAM,0.8200000000000001,0.9871794871794872
37,GAM,0.8300000000000001,1.0
37,GAM,0.84,1.0
37,GAM,0.85,1.0
37,GAM,0.86,1.0
37,GAM,0.87,1.0
37,GAM,0.88,1.0
37,GAM,0.89,1.0
37,GAM,0.9,1.0
37,GAM,0.91,1.0
37,GAM,0.92,1.0
37,GAM,0.93,1.0
37,GAM,0.9400000000000001,1.0
37,GAM,0.9500000000000001,1.0
37,GAM,0.96,1.0
37,GAM,0.97,1.0
37,GAM,0.98,1.0
37,GAM,0.99,1.0
37,GAM,1.0,1.0
37,RF,0.0,0.28205128205128205
37,RF,0.01,0.32051282051282054
37,RF,0.02,0.34615384615384615
37,RF,0.03,0.717948717948718
37,RF,0.04,0.7692307692307693
37,RF,0.05,0.8076923076923077
37,RF,0.06,0.8076923076923077
37,RF,0.07,0.8076923076923077
37,RF,0.08,0.8076923076923077
37,RF,0.09,0.8076923076923077
37,RF,0.1,0.8461538461538461
37,RF,0.11,0.8461538461538461
37,RF,0.12,0.8461538461538461
37,RF,0.13,0.8461538461538461
37,RF,0.14,0.8846153846153846
37,RF,0.15,0.8974358974358975
37,RF,0.16,0.9102564102564102
37,RF,0.17,0.9230769230769231
37,RF,0.18,0.9230769230769231
37,RF,0.19,0.9487179487179487
37,RF,0.2,0.9487179487179487
37,RF,0.21,0.9615384615384616
37,RF,0.22,0.9615384615384616
37,RF,0.23,0.9615384615384616
37,RF,0.24,0.9615384615384616
37,RF,0.25,0.9615384615384616
37,RF,0.26,0.9615384615384616
37,RF,0.27,0.9615384615384616
37,RF,0.28,0.9615384615384616
37,RF,0.29,0.9743589743589743
37,RF,0.3,0.9743589743589743
37,RF,0.31,0.9743589743589743
37,RF,0.32,0.9743589743589743
37,RF,0.33,0.9743589743589743
37,RF,0.34,0.9743589743589743
37,RF,0.35000000000000003,0.9743589743589743
37,RF,0.36,0.9743589743589743
37,RF,0.37,0.9743589743589743
37,RF,0.38,0.9743589743589743
37,RF,0.39,0.9743589743589743
37,RF,0.4,0.9743589743589743
37,RF,0.41000000000000003,0.9743589743589743
37,RF,0.42,0.9743589743589743
37,RF,0.43,0.9743589743589743
37,RF,0.44,0.9743589743589743
37,RF,0.45,0.9743589743589743
37,RF,0.46,0.9743589743589743
37,RF,0.47000000000000003,0.9743589743589743
37,RF,0.48,0.9743589743589743
37,RF,0.49,0.9743589743589743
37,RF,0.5,0.9743589743589743
37,RF,0.51,0.9743589743589743
37,RF,0.52,0.9743589743589743
37,RF,0.53,0.9743589743589743
37,RF,0.54,0.9743589743589743
37,RF,0.55,0.9743589743589743
37,RF,0.56,0.9871794871794872
37,RF,0.5700000000000001,0.9871794871794872
37,RF,0.58,0.9871794871794872
37,RF,0.59,0.9871794871794872
37,RF,0.6,0.9871794871794872
37,RF,0.61,0.9871794871794872
37,RF,0.62,0.9871794871794872
37,RF,0.63,0.9871794871794872
37,RF,0.64,0.9871794871794872
37,RF,0.65,0.9871794871794872
37,RF,0.66,0.9871794871794872
37,RF,0.67,0.9871794871794872
37,RF,0.68,0.9871794871794872
37,RF,0.6900000000000001,0.9871794871794872
37,RF,0.7000000000000001,0.9871794871794872
37,RF,0.71,0.9871794871794872
37,RF,0.72,0.9871794871794872
37,RF,0.73,0.9871794871794872
37,RF,0.74,0.9871794871794872
37,RF,0.75,0.9871794871794872
37,RF,0.76,0.9871794871794872
37,RF,0.77,0.9871794871794872
37,RF,0.78,0.9871794871794872
37,RF,0.79,0.9871794871794872
37,RF,0.8,0.9871794871794872
37,RF,0.81,0.9871794871794872
37,RF,0.8200000000000001,0.9871794871794872
37,RF,0.8300000000000001,0.9871794871794872
37,RF,0.84,0.9871794871794872
37,RF,0.85,0.9871794871794872
37,RF,0.86,0.9871794871794872
37,RF,0.87,0.9871794871794872
37,RF,0.88,0.9871794871794872
37,RF,0.89,0.9871794871794872
37,RF,0.9,0.9871794871794872
37,RF,0.91,0.9871794871794872
37,RF,0.92,0.9871794871794872
37,RF,0.93,0.9871794871794872
37,RF,0.9400000000000001,0.9871794871794872
37,RF,0.9500000000000001,0.9871794871794872
37,RF,0.96,1.0
37,RF,0.97,1.0
37,RF,0.98,1.0
37,RF,0.99,1.0
37,RF,1.0,1.0
38,LR,0.0,0.11594202898550725
38,LR,0.01,0.2608695652173913
38,LR,0.02,0.6231884057971014
38,LR,0.03,0.8115942028985508
38,LR,0.04,0.8115942028985508
38,LR,0.05,0.8260869565217391
38,LR,0.06,0.8260869565217391
38,LR,0.07,0.8405797101449275
38,LR,0.08,0.855072463768116
38,LR,0.09,0.8840579710144928
38,LR,0.1,0.8840579710144928
38,LR,0.11,0.8985507246376812
38,LR,0.12,0.8985507246376812
38,LR,0.13,0.8985507246376812
38,LR,0.14,0.8985507246376812
38,LR,0.15,0.8985507246376812
38,LR,0.16,0.8985507246376812
38,LR,0.17,0.8985507246376812
38,LR,0.18,0.8985507246376812
38,LR,0.19,0.9130434782608695
38,LR,0.2,0.9130434782608695
38,LR,0.21,0.927536231884058
38,LR,0.22,0.927536231884058
38,LR,0.23,0.927536231884058
38,LR,0.24,0.927536231884058
38,LR,0.25,0.927536231884058
38,LR,0.26,0.927536231884058
38,LR,0.27,0.9420289855072463
38,LR,0.28,0.9420289855072463
38,LR,0.29,0.9420289855072463
38,LR,0.3,0.9420289855072463
38,LR,0.31,0.9420289855072463
38,LR,0.32,0.9420289855072463
38,LR,0.33,0.9420289855072463
38,LR,0.34,0.9420289855072463
38,LR,0.35000000000000003,0.9565217391304348
38,LR,0.36,0.9565217391304348
38,LR,0.37,0.9565217391304348
38,LR,0.38,0.9565217391304348
38,LR,0.39,0.9710144927536232
38,LR,0.4,0.9710144927536232
38,LR,0.41000000000000003,0.9855072463768116
38,LR,0.42,0.9855072463768116
38,LR,0.43,0.9855072463768116
38,LR,0.44,0.9855072463768116
38,LR,0.45,0.9855072463768116
38,LR,0.46,0.9855072463768116
38,LR,0.47000000000000003,0.9855072463768116
38,LR,0.48,0.9855072463768116
38,LR,0.49,0.9855072463768116
38,LR,0.5,0.9855072463768116
38,LR,0.51,0.9855072463768116
38,LR,0.52,0.9855072463768116
38,LR,0.53,0.9855072463768116
38,LR,0.54,0.9855072463768116
38,LR,0.55,0.9855072463768116
38,LR,0.56,0.9855072463768116
38,LR,0.5700000000000001,0.9855072463768116
38,LR,0.58,0.9855072463768116
38,LR,0.59,0.9855072463768116
38,LR,0.6,0.9855072463768116
38,LR,0.61,0.9855072463768116
38,LR,0.62,1.0
38,LR,0.63,1.0
38,LR,0.64,1.0
38,LR,0.65,1.0
38,LR,0.66,1.0
38,LR,0.67,1.0
38,LR,0.68,1.0
38,LR,0.6900000000000001,1.0
38,LR,0.7000000000000001,1.0
38,LR,0.71,1.0
38,LR,0.72,1.0
38,LR,0.73,1.0
38,LR,0.74,1.0
38,LR,0.75,1.0
38,LR,0.76,1.0
38,LR,0.77,1.0
38,LR,0.78,1.0
38,LR,0.79,1.0
38,LR,0.8,1.0
38,LR,0.81,1.0
38,LR,0.8200000000000001,1.0
38,LR,0.8300000000000001,1.0
38,LR,0.84,1.0
38,LR,0.85,1.0
38,LR,0.86,1.0
38,LR,0.87,1.0
38,LR,0.88,1.0
38,LR,0.89,1.0
38,LR,0.9,1.0
38,LR,0.91,1.0
38,LR,0.92,1.0
38,LR,0.93,1.0
38,LR,0.9400000000000001,1.0
38,LR,0.9500000000000001,1.0
38,LR,0.96,1.0
38,LR,0.97,1.0
38,LR,0.98,1.0
38,LR,0.99,1.0
38,LR,1.0,1.0
38,GAM,0.0,0.13043478260869565
38,GAM,0.01,0.4492753623188406
38,GAM,0.02,0.5652173913043478
38,GAM,0.03,0.8115942028985508
38,GAM,0.04,0.8405797101449275
38,GAM,0.05,0.855072463768116
38,GAM,0.06,0.8695652173913043
38,GAM,0.07,0.8840579710144928
38,GAM,0.08,0.8840579710144928
38,GAM,0.09,0.8840579710144928
38,GAM,0.1,0.8840579710144928
38,GAM,0.11,0.8985507246376812
38,GAM,0.12,0.8985507246376812
38,GAM,0.13,0.8985507246376812
38,GAM,0.14,0.8985507246376812
38,GAM,0.15,0.8985507246376812
38,GAM,0.16,0.8985507246376812
38,GAM,0.17,0.8985507246376812
38,GAM,0.18,0.8985507246376812
38,GAM,0.19,0.8985507246376812
38,GAM,0.2,0.8985507246376812
38,GAM,0.21,0.8985507246376812
38,GAM,0.22,0.8985507246376812
38,GAM,0.23,0.8985507246376812
38,GAM,0.24,0.927536231884058
38,GAM,0.25,0.9420289855072463
38,GAM,0.26,0.9420289855072463
38,GAM,0.27,0.9420289855072463
38,GAM,0.28,0.9420289855072463
38,GAM,0.29,0.9565217391304348
38,GAM,0.3,0.9565217391304348
38,GAM,0.31,0.9710144927536232
38,GAM,0.32,0.9710144927536232
38,GAM,0.33,0.9710144927536232
38,GAM,0.34,0.9710144927536232
38,GAM,0.35000000000000003,0.9710144927536232
38,GAM,0.36,0.9710144927536232
38,GAM,0.37,0.9710144927536232
38,GAM,0.38,0.9710144927536232
38,GAM,0.39,0.9710144927536232
38,GAM,0.4,0.9855072463768116
38,GAM,0.41000000000000003,0.9855072463768116
38,GAM,0.42,0.9855072463768116
38,GAM,0.43,0.9855072463768116
38,GAM,0.44,0.9855072463768116
38,GAM,0.45,0.9855072463768116
38,GAM,0.46,0.9855072463768116
38,GAM,0.47000000000000003,0.9855072463768116
38,GAM,0.48,0.9855072463768116
38,GAM,0.49,0.9855072463768116
38,GAM,0.5,0.9855072463768116
38,GAM,0.51,0.9855072463768116
38,GAM,0.52,0.9855072463768116
38,GAM,0.53,1.0
38,GAM,0.54,1.0
38,GAM,0.55,1.0
38,GAM,0.56,1.0
38,GAM,0.5700000000000001,1.0
38,GAM,0.58,1.0
38,GAM,0.59,1.0
38,GAM,0.6,1.0
38,GAM,0.61,1.0
38,GAM,0.62,1.0
38,GAM,0.63,1.0
38,GAM,0.64,1.0
38,GAM,0.65,1.0
38,GAM,0.66,1.0
38,GAM,0.67,1.0
38,GAM,0.68,1.0
38,GAM,0.6900000000000001,1.0
38,GAM,0.7000000000000001,1.0
38,GAM,0.71,1.0
38,GAM,0.72,1.0
38,GAM,0.73,1.0
38,GAM,0.74,1.0
38,GAM,0.75,1.0
38,GAM,0.76,1.0
38,GAM,0.77,1.0
38,GAM,0.78,1.0
38,GAM,0.79,1.0
38,GAM,0.8,1.0
38,GAM,0.81,1.0
38,GAM,0.8200000000000001,1.0
38,GAM,0.8300000000000001,1.0
38,GAM,0.84,1.0
38,GAM,0.85,1.0
38,GAM,0.86,1.0
38,GAM,0.87,1.0
38,GAM,0.88,1.0
38,GAM,0.89,1.0
38,GAM,0.9,1.0
38,GAM,0.91,1.0
38,GAM,0.92,1.0
38,GAM,0.93,1.0
38,GAM,0.9400000000000001,1.0
38,GAM,0.9500000000000001,1.0
38,GAM,0.96,1.0
38,GAM,0.97,1.0
38,GAM,0.98,1.0
38,GAM,0.99,1.0
38,GAM,1.0,1.0
38,RF,0.0,0.4057971014492754
38,RF,0.01,0.5362318840579711
38,RF,0.02,0.5362318840579711
38,RF,0.03,0.7681159420289855
38,RF,0.04,0.8405797101449275
38,RF,0.05,0.8695652173913043
38,RF,0.06,0.8695652173913043
38,RF,0.07,0.8985507246376812
38,RF,0.08,0.8985507246376812
38,RF,0.09,0.8985507246376812
38,RF,0.1,0.8985507246376812
38,RF,0.11,0.8985507246376812
38,RF,0.12,0.8985507246376812
38,RF,0.13,0.8985507246376812
38,RF,0.14,0.8985507246376812
38,RF,0.15,0.9130434782608695
38,RF,0.16,0.9130434782608695
38,RF,0.17,0.9130434782608695
38,RF,0.18,0.9130434782608695
38,RF,0.19,0.927536231884058
38,RF,0.2,0.927536231884058
38,RF,0.21,0.927536231884058
38,RF,0.22,0.927536231884058
38,RF,0.23,0.9420289855072463
38,RF,0.24,0.9420289855072463
38,RF,0.25,0.9420289855072463
38,RF,0.26,0.9420289855072463
38,RF,0.27,0.9565217391304348
38,RF,0.28,0.9565217391304348
38,RF,0.29,0.9565217391304348
38,RF,0.3,0.9565217391304348
38,RF,0.31,0.9565217391304348
38,RF,0.32,0.9565217391304348
38,RF,0.33,0.9565217391304348
38,RF,0.34,0.9565217391304348
38,RF,0.35000000000000003,0.9855072463768116
38,RF,0.36,0.9855072463768116
38,RF,0.37,0.9855072463768116
38,RF,0.38,0.9855072463768116
38,RF,0.39,0.9855072463768116
38,RF,0.4,0.9855072463768116
38,RF,0.41000000000000003,0.9855072463768116
38,RF,0.42,0.9855072463768116
38,RF,0.43,0.9855072463768116
38,RF,0.44,0.9855072463768116
38,RF,0.45,0.9855072463768116
38,RF,0.46,0.9855072463768116
38,RF,0.47000000000000003,0.9855072463768116
38,RF,0.48,0.9855072463768116
38,RF,0.49,0.9855072463768116
38,RF,0.5,0.9855072463768116
38,RF,0.51,0.9855072463768116
38,RF,0.52,1.0
38,RF,0.53,1.0
38,RF,0.54,1.0
38,RF,0.55,1.0
38,RF,0.56,1.0
38,RF,0.5700000000000001,1.0
38,RF,0.58,1.0
38,RF,0.59,1.0
38,RF,0.6,1.0
38,RF,0.61,1.0
38,RF,0.62,1.0
38,RF,0.63,1.0
38,RF,0.64,1.0
38,RF,0.65,1.0
38,RF,0.66,1.0
38,RF,0.67,1.0
38,RF,0.68,1.0
38,RF,0.6900000000000001,1.0
38,RF,0.7000000000000001,1.0
38,RF,0.71,1.0
38,RF,0.72,1.0
38,RF,0.73,1.0
38,RF,0.74,1.0
38,RF,0.75,1.0
38,RF,0.76,1.0
38,RF,0.77,1.0
38,RF,0.78,1.0
38,RF,0.79,1.0
38,RF,0.8,1.0
38,RF,0.81,1.0
38,RF,0.8200000000000001,1.0
38,RF,0.8300000000000001,1.0
38,RF,0.84,1.0
38,RF,0.85,1.0
38,RF,0.86,1.0
38,RF,0.87,1.0
38,RF,0.88,1.0
38,RF,0.89,1.0
38,RF,0.9,1.0
38,RF,0.91,1.0
38,RF,0.92,1.0
38,RF,0.93,1.0
38,RF,0.9400000000000001,1.0
38,RF,0.9500000000000001,1.0
38,RF,0.96,1.0
38,RF,0.97,1.0
38,RF,0.98,1.0
38,RF,0.99,1.0
38,RF,1.0,1.0
39,LR,0.0,0.09210526315789473
39,LR,0.01,0.4868421052631579
39,LR,0.02,0.5657894736842105
39,LR,0.03,0.75
39,LR,0.04,0.8289473684210527
39,LR,0.05,0.8552631578947368
39,LR,0.06,0.8552631578947368
39,LR,0.07,0.8552631578947368
39,LR,0.08,0.8552631578947368
39,LR,0.09,0.881578947368421
39,LR,0.1,0.8947368421052632
39,LR,0.11,0.9210526315789473
39,LR,0.12,0.9210526315789473
39,LR,0.13,0.9210526315789473
39,LR,0.14,0.9210526315789473
39,LR,0.15,0.9342105263157895
39,LR,0.16,0.9342105263157895
39,LR,0.17,0.9342105263157895
39,LR,0.18,0.9342105263157895
39,LR,0.19,0.9342105263157895
39,LR,0.2,0.9342105263157895
39,LR,0.21,0.9342105263157895
39,LR,0.22,0.9342105263157895
39,LR,0.23,0.9342105263157895
39,LR,0.24,0.9342105263157895
39,LR,0.25,0.9473684210526315
39,LR,0.26,0.9473684210526315
39,LR,0.27,0.9473684210526315
39,LR,0.28,0.9473684210526315
39,LR,0.29,0.9473684210526315
39,LR,0.3,0.9473684210526315
39,LR,0.31,0.9473684210526315
39,LR,0.32,0.9473684210526315
39,LR,0.33,0.9473684210526315
39,LR,0.34,0.9473684210526315
39,LR,0.35000000000000003,0.9473684210526315
39,LR,0.36,0.9473684210526315
39,LR,0.37,0.9473684210526315
39,LR,0.38,0.9473684210526315
39,LR,0.39,0.9473684210526315
39,LR,0.4,0.9473684210526315
39,LR,0.41000000000000003,0.9473684210526315
39,LR,0.42,0.9473684210526315
39,LR,0.43,0.9473684210526315
39,LR,0.44,0.9473684210526315
39,LR,0.45,0.9736842105263158
39,LR,0.46,0.9736842105263158
39,LR,0.47000000000000003,0.9736842105263158
39,LR,0.48,0.9736842105263158
39,LR,0.49,0.9736842105263158
39,LR,0.5,0.9736842105263158
39,LR,0.51,0.9736842105263158
39,LR,0.52,0.9736842105263158
39,LR,0.53,0.9868421052631579
39,LR,0.54,0.9868421052631579
39,LR,0.55,0.9868421052631579
39,LR,0.56,0.9868421052631579
39,LR,0.5700000000000001,0.9868421052631579
39,LR,0.58,0.9868421052631579
39,LR,0.59,0.9868421052631579
39,LR,0.6,0.9868421052631579
39,LR,0.61,0.9868421052631579
39,LR,0.62,0.9868421052631579
39,LR,0.63,0.9868421052631579
39,LR,0.64,0.9868421052631579
39,LR,0.65,0.9868421052631579
39,LR,0.66,0.9868421052631579
39,LR,0.67,0.9868421052631579
39,LR,0.68,0.9868421052631579
39,LR,0.6900000000000001,0.9868421052631579
39,LR,0.7000000000000001,0.9868421052631579
39,LR,0.71,0.9868421052631579
39,LR,0.72,0.9868421052631579
39,LR,0.73,0.9868421052631579
39,LR,0.74,0.9868421052631579
39,LR,0.75,0.9868421052631579
39,LR,0.76,0.9868421052631579
39,LR,0.77,1.0
39,LR,0.78,1.0
39,LR,0.79,1.0
39,LR,0.8,1.0
39,LR,0.81,1.0
39,LR,0.8200000000000001,1.0
39,LR,0.8300000000000001,1.0
39,LR,0.84,1.0
39,LR,0.85,1.0
39,LR,0.86,1.0
39,LR,0.87,1.0
39,LR,0.88,1.0
39,LR,0.89,1.0
39,LR,0.9,1.0
39,LR,0.91,1.0
39,LR,0.92,1.0
39,LR,0.93,1.0
39,LR,0.9400000000000001,1.0
39,LR,0.9500000000000001,1.0
39,LR,0.96,1.0
39,LR,0.97,1.0
39,LR,0.98,1.0
39,LR,0.99,1.0
39,LR,1.0,1.0
39,GAM,0.0,0.07894736842105263
39,GAM,0.01,0.5263157894736842
39,GAM,0.02,0.5263157894736842
39,GAM,0.03,0.7105263157894737
39,GAM,0.04,0.8552631578947368
39,GAM,0.05,0.8552631578947368
39,GAM,0.06,0.8552631578947368
39,GAM,0.07,0.8947368421052632
39,GAM,0.08,0.8947368421052632
39,GAM,0.09,0.9078947368421053
39,GAM,0.1,0.9078947368421053
39,GAM,0.11,0.9210526315789473
39,GAM,0.12,0.9210526315789473
39,GAM,0.13,0.9210526315789473
39,GAM,0.14,0.9342105263157895
39,GAM,0.15,0.9342105263157895
39,GAM,0.16,0.9342105263157895
39,GAM,0.17,0.9342105263157895
39,GAM,0.18,0.9473684210526315
39,GAM,0.19,0.9473684210526315
39,GAM,0.2,0.9473684210526315
39,GAM,0.21,0.9473684210526315
39,GAM,0.22,0.9473684210526315
39,GAM,0.23,0.9473684210526315
39,GAM,0.24,0.9473684210526315
39,GAM,0.25,0.9473684210526315
39,GAM,0.26,0.9473684210526315
39,GAM,0.27,0.9473684210526315
39,GAM,0.28,0.9473684210526315
39,GAM,0.29,0.9473684210526315
39,GAM,0.3,0.9473684210526315
39,GAM,0.31,0.9473684210526315
39,GAM,0.32,0.9473684210526315
39,GAM,0.33,0.9473684210526315
39,GAM,0.34,0.9736842105263158
39,GAM,0.35000000000000003,0.9736842105263158
39,GAM,0.36,0.9736842105263158
39,GAM,0.37,0.9736842105263158
39,GAM,0.38,0.9736842105263158
39,GAM,0.39,0.9736842105263158
39,GAM,0.4,0.9736842105263158
39,GAM,0.41000000000000003,0.9736842105263158
39,GAM,0.42,0.9736842105263158
39,GAM,0.43,0.9736842105263158
39,GAM,0.44,0.9868421052631579
39,GAM,0.45,0.9868421052631579
39,GAM,0.46,0.9868421052631579
39,GAM,0.47000000000000003,0.9868421052631579
39,GAM,0.48,0.9868421052631579
39,GAM,0.49,0.9868421052631579
39,GAM,0.5,0.9868421052631579
39,GAM,0.51,0.9868421052631579
39,GAM,0.52,0.9868421052631579
39,GAM,0.53,0.9868421052631579
39,GAM,0.54,0.9868421052631579
39,GAM,0.55,0.9868421052631579
39,GAM,0.56,0.9868421052631579
39,GAM,0.5700000000000001,0.9868421052631579
39,GAM,0.58,0.9868421052631579
39,GAM,0.59,0.9868421052631579
39,GAM,0.6,0.9868421052631579
39,GAM,0.61,0.9868421052631579
39,GAM,0.62,0.9868421052631579
39,GAM,0.63,0.9868421052631579
39,GAM,0.64,0.9868421052631579
39,GAM,0.65,0.9868421052631579
39,GAM,0.66,0.9868421052631579
39,GAM,0.67,0.9868421052631579
39,GAM,0.68,0.9868421052631579
39,GAM,0.6900000000000001,0.9868421052631579
39,GAM,0.7000000000000001,0.9868421052631579
39,GAM,0.71,0.9868421052631579
39,GAM,0.72,0.9868421052631579
39,GAM,0.73,0.9868421052631579
39,GAM,0.74,0.9868421052631579
39,GAM,0.75,0.9868421052631579
39,GAM,0.76,0.9868421052631579
39,GAM,0.77,0.9868421052631579
39,GAM,0.78,0.9868421052631579
39,GAM,0.79,0.9868421052631579
39,GAM,0.8,0.9868421052631579
39,GAM,0.81,1.0
39,GAM,0.8200000000000001,1.0
39,GAM,0.8300000000000001,1.0
39,GAM,0.84,1.0
39,GAM,0.85,1.0
39,GAM,0.86,1.0
39,GAM,0.87,1.0
39,GAM,0.88,1.0
39,GAM,0.89,1.0
39,GAM,0.9,1.0
39,GAM,0.91,1.0
39,GAM,0.92,1.0
39,GAM,0.93,1.0
39,GAM,0.9400000000000001,1.0
39,GAM,0.9500000000000001,1.0
39,GAM,0.96,1.0
39,GAM,0.97,1.0
39,GAM,0.98,1.0
39,GAM,0.99,1.0
39,GAM,1.0,1.0
39,RF,0.0,0.19736842105263158
39,RF,0.01,0.32894736842105265
39,RF,0.02,0.5394736842105263
39,RF,0.03,0.7631578947368421
39,RF,0.04,0.881578947368421
39,RF,0.05,0.8947368421052632
39,RF,0.06,0.8947368421052632
39,RF,0.07,0.8947368421052632
39,RF,0.08,0.8947368421052632
39,RF,0.09,0.8947368421052632
39,RF,0.1,0.8947368421052632
39,RF,0.11,0.8947368421052632
39,RF,0.12,0.8947368421052632
39,RF,0.13,0.9078947368421053
39,RF,0.14,0.9210526315789473
39,RF,0.15,0.9210526315789473
39,RF,0.16,0.9342105263157895
39,RF,0.17,0.9473684210526315
39,RF,0.18,0.9473684210526315
39,RF,0.19,0.9473684210526315
39,RF,0.2,0.9473684210526315
39,RF,0.21,0.9473684210526315
39,RF,0.22,0.9736842105263158
39,RF,0.23,0.9736842105263158
39,RF,0.24,0.9736842105263158
39,RF,0.25,0.9736842105263158
39,RF,0.26,0.9736842105263158
39,RF,0.27,0.9736842105263158
39,RF,0.28,0.9736842105263158
39,RF,0.29,0.9736842105263158
39,RF,0.3,0.9736842105263158
39,RF,0.31,0.9736842105263158
39,RF,0.32,0.9736842105263158
39,RF,0.33,0.9736842105263158
39,RF,0.34,0.9736842105263158
39,RF,0.35000000000000003,0.9736842105263158
39,RF,0.36,0.9736842105263158
39,RF,0.37,0.9736842105263158
39,RF,0.38,0.9736842105263158
39,RF,0.39,0.9736842105263158
39,RF,0.4,0.9736842105263158
39,RF,0.41000000000000003,0.9736842105263158
39,RF,0.42,0.9868421052631579
39,RF,0.43,0.9868421052631579
39,RF,0.44,0.9868421052631579
39,RF,0.45,0.9868421052631579
39,RF,0.46,0.9868421052631579
39,RF,0.47000000000000003,0.9868421052631579
39,RF,0.48,0.9868421052631579
39,RF,0.49,0.9868421052631579
39,RF,0.5,0.9868421052631579
39,RF,0.51,0.9868421052631579
39,RF,0.52,0.9868421052631579
39,RF,0.53,0.9868421052631579
39,RF,0.54,0.9868421052631579
39,RF,0.55,0.9868421052631579
39,RF,0.56,0.9868421052631579
39,RF,0.5700000000000001,0.9868421052631579
39,RF,0.58,0.9868421052631579
39,RF,0.59,0.9868421052631579
39,RF,0.6,0.9868421052631579
39,RF,0.61,0.9868421052631579
39,RF,0.62,0.9868421052631579
39,RF,0.63,0.9868421052631579
39,RF,0.64,0.9868421052631579
39,RF,0.65,0.9868421052631579
39,RF,0.66,0.9868421052631579
39,RF,0.67,0.9868421052631579
39,RF,0.68,0.9868421052631579
39,RF,0.6900000000000001,0.9868421052631579
39,RF,0.7000000000000001,0.9868421052631579
39,RF,0.71,0.9868421052631579
39,RF,0.72,0.9868421052631579
39,RF,0.73,0.9868421052631579
39,RF,0.74,0.9868421052631579
39,RF,0.75,0.9868421052631579
39,RF,0.76,0.9868421052631579
39,RF,0.77,0.9868421052631579
39,RF,0.78,0.9868421052631579
39,RF,0.79,0.9868421052631579
39,RF,0.8,0.9868421052631579
39,RF,0.81,0.9868421052631579
39,RF,0.8200000000000001,0.9868421052631579
39,RF,0.8300000000000001,0.9868421052631579
39,RF,0.84,0.9868421052631579
39,RF,0.85,0.9868421052631579
39,RF,0.86,0.9868421052631579
39,RF,0.87,0.9868421052631579
39,RF,0.88,0.9868421052631579
39,RF,0.89,0.9868421052631579
39,RF,0.9,0.9868421052631579
39,RF,0.91,0.9868421052631579
39,RF,0.92,0.9868421052631579
39,RF,0.93,0.9868421052631579
39,RF,0.9400000000000001,0.9868421052631579
39,RF,0.9500000000000001,0.9868421052631579
39,RF,0.96,0.9868421052631579
39,RF,0.97,0.9868421052631579
39,RF,0.98,0.9868421052631579
39,RF,0.99,0.9868421052631579
39,RF,1.0,1.0
40,LR,0.0,0.23376623376623376
40,LR,0.01,0.5454545454545454
40,LR,0.02,0.5584415584415584
40,LR,0.03,0.6623376623376623
40,LR,0.04,0.7012987012987013
40,LR,0.05,0.7662337662337663
40,LR,0.06,0.7792207792207793
40,LR,0.07,0.8051948051948052
40,LR,0.08,0.8181818181818182
40,LR,0.09,0.8311688311688312
40,LR,0.1,0.8311688311688312
40,LR,0.11,0.8311688311688312
40,LR,0.12,0.8311688311688312
40,LR,0.13,0.8311688311688312
40,LR,0.14,0.8311688311688312
40,LR,0.15,0.8311688311688312
40,LR,0.16,0.8831168831168831
40,LR,0.17,0.9090909090909091
40,LR,0.18,0.9090909090909091
40,LR,0.19,0.9090909090909091
40,LR,0.2,0.9090909090909091
40,LR,0.21,0.9090909090909091
40,LR,0.22,0.9090909090909091
40,LR,0.23,0.9090909090909091
40,LR,0.24,0.9090909090909091
40,LR,0.25,0.9090909090909091
40,LR,0.26,0.922077922077922
40,LR,0.27,0.922077922077922
40,LR,0.28,0.922077922077922
40,LR,0.29,0.922077922077922
40,LR,0.3,0.935064935064935
40,LR,0.31,0.961038961038961
40,LR,0.32,0.961038961038961
40,LR,0.33,0.961038961038961
40,LR,0.34,0.961038961038961
40,LR,0.35000000000000003,0.961038961038961
40,LR,0.36,0.961038961038961
40,LR,0.37,0.961038961038961
40,LR,0.38,0.974025974025974
40,LR,0.39,0.974025974025974
40,LR,0.4,0.974025974025974
40,LR,0.41000000000000003,0.974025974025974
40,LR,0.42,0.974025974025974
40,LR,0.43,0.974025974025974
40,LR,0.44,0.974025974025974
40,LR,0.45,0.987012987012987
40,LR,0.46,0.987012987012987
40,LR,0.47000000000000003,0.987012987012987
40,LR,0.48,0.987012987012987
40,LR,0.49,0.987012987012987
40,LR,0.5,0.987012987012987
40,LR,0.51,0.987012987012987
40,LR,0.52,0.987012987012987
40,LR,0.53,0.987012987012987
40,LR,0.54,0.987012987012987
40,LR,0.55,0.987012987012987
40,LR,0.56,0.987012987012987
40,LR,0.5700000000000001,0.987012987012987
40,LR,0.58,0.987012987012987
40,LR,0.59,0.987012987012987
40,LR,0.6,0.987012987012987
40,LR,0.61,0.987012987012987
40,LR,0.62,0.987012987012987
40,LR,0.63,0.987012987012987
40,LR,0.64,0.987012987012987
40,LR,0.65,0.987012987012987
40,LR,0.66,0.987012987012987
40,LR,0.67,0.987012987012987
40,LR,0.68,0.987012987012987
40,LR,0.6900000000000001,0.987012987012987
40,LR,0.7000000000000001,0.987012987012987
40,LR,0.71,0.987012987012987
40,LR,0.72,0.987012987012987
40,LR,0.73,0.987012987012987
40,LR,0.74,1.0
40,LR,0.75,1.0
40,LR,0.76,1.0
40,LR,0.77,1.0
40,LR,0.78,1.0
40,LR,0.79,1.0
40,LR,0.8,1.0
40,LR,0.81,1.0
40,LR,0.8200000000000001,1.0
40,LR,0.8300000000000001,1.0
40,LR,0.84,1.0
40,LR,0.85,1.0
40,LR,0.86,1.0
40,LR,0.87,1.0
40,LR,0.88,1.0
40,LR,0.89,1.0
40,LR,0.9,1.0
40,LR,0.91,1.0
40,LR,0.92,1.0
40,LR,0.93,1.0
40,LR,0.9400000000000001,1.0
40,LR,0.9500000000000001,1.0
40,LR,0.96,1.0
40,LR,0.97,1.0
40,LR,0.98,1.0
40,LR,0.99,1.0
40,LR,1.0,1.0
40,GAM,0.0,0.11688311688311688
40,GAM,0.01,0.2987012987012987
40,GAM,0.02,0.5064935064935064
40,GAM,0.03,0.5844155844155844
40,GAM,0.04,0.5844155844155844
40,GAM,0.05,0.7792207792207793
40,GAM,0.06,0.8051948051948052
40,GAM,0.07,0.8051948051948052
40,GAM,0.08,0.8051948051948052
40,GAM,0.09,0.8181818181818182
40,GAM,0.1,0.8181818181818182
40,GAM,0.11,0.8181818181818182
40,GAM,0.12,0.8311688311688312
40,GAM,0.13,0.8311688311688312
40,GAM,0.14,0.8441558441558441
40,GAM,0.15,0.8571428571428571
40,GAM,0.16,0.8831168831168831
40,GAM,0.17,0.8961038961038961
40,GAM,0.18,0.8961038961038961
40,GAM,0.19,0.922077922077922
40,GAM,0.2,0.922077922077922
40,GAM,0.21,0.922077922077922
40,GAM,0.22,0.922077922077922
40,GAM,0.23,0.922077922077922
40,GAM,0.24,0.922077922077922
40,GAM,0.25,0.922077922077922
40,GAM,0.26,0.922077922077922
40,GAM,0.27,0.922077922077922
40,GAM,0.28,0.948051948051948
40,GAM,0.29,0.948051948051948
40,GAM,0.3,0.948051948051948
40,GAM,0.31,0.948051948051948
40,GAM,0.32,0.961038961038961
40,GAM,0.33,0.961038961038961
40,GAM,0.34,0.961038961038961
40,GAM,0.35000000000000003,0.974025974025974
40,GAM,0.36,0.974025974025974
40,GAM,0.37,0.974025974025974
40,GAM,0.38,0.974025974025974
40,GAM,0.39,0.974025974025974
40,GAM,0.4,0.974025974025974
40,GAM,0.41000000000000003,0.974025974025974
40,GAM,0.42,0.974025974025974
40,GAM,0.43,0.987012987012987
40,GAM,0.44,0.987012987012987
40,GAM,0.45,0.987012987012987
40,GAM,0.46,0.987012987012987
40,GAM,0.47000000000000003,0.987012987012987
40,GAM,0.48,0.987012987012987
40,GAM,0.49,0.987012987012987
40,GAM,0.5,0.987012987012987
40,GAM,0.51,0.987012987012987
40,GAM,0.52,0.987012987012987
40,GAM,0.53,0.987012987012987
40,GAM,0.54,0.987012987012987
40,GAM,0.55,0.987012987012987
40,GAM,0.56,0.987012987012987
40,GAM,0.5700000000000001,0.987012987012987
40,GAM,0.58,0.987012987012987
40,GAM,0.59,0.987012987012987
40,GAM,0.6,0.987012987012987
40,GAM,0.61,0.987012987012987
40,GAM,0.62,0.987012987012987
40,GAM,0.63,0.987012987012987
40,GAM,0.64,0.987012987012987
40,GAM,0.65,0.987012987012987
40,GAM,0.66,1.0
40,GAM,0.67,1.0
40,GAM,0.68,1.0
40,GAM,0.6900000000000001,1.0
40,GAM,0.7000000000000001,1.0
40,GAM,0.71,1.0
40,GAM,0.72,1.0
40,GAM,0.73,1.0
40,GAM,0.74,1.0
40,GAM,0.75,1.0
40,GAM,0.76,1.0
40,GAM,0.77,1.0
40,GAM,0.78,1.0
40,GAM,0.79,1.0
40,GAM,0.8,1.0
40,GAM,0.81,1.0
40,GAM,0.8200000000000001,1.0
40,GAM,0.8300000000000001,1.0
40,GAM,0.84,1.0
40,GAM,0.85,1.0
40,GAM,0.86,1.0
40,GAM,0.87,1.0
40,GAM,0.88,1.0
40,GAM,0.89,1.0
40,GAM,0.9,1.0
40,GAM,0.91,1.0
40,GAM,0.92,1.0
40,GAM,0.93,1.0
40,GAM,0.9400000000000001,1.0
40,GAM,0.9500000000000001,1.0
40,GAM,0.96,1.0
40,GAM,0.97,1.0
40,GAM,0.98,1.0
40,GAM,0.99,1.0
40,GAM,1.0,1.0
40,RF,0.0,0.6363636363636364
40,RF,0.01,0.6363636363636364
40,RF,0.02,0.6753246753246753
40,RF,0.03,0.7792207792207793
40,RF,0.04,0.7922077922077922
40,RF,0.05,0.8311688311688312
40,RF,0.06,0.8571428571428571
40,RF,0.07,0.8701298701298701
40,RF,0.08,0.8701298701298701
40,RF,0.09,0.8701298701298701
40,RF,0.1,0.8701298701298701
40,RF,0.11,0.8831168831168831
40,RF,0.12,0.8831168831168831
40,RF,0.13,0.8831168831168831
40,RF,0.14,0.8961038961038961
40,RF,0.15,0.9090909090909091
40,RF,0.16,0.9090909090909091
40,RF,0.17,0.9090909090909091
40,RF,0.18,0.9090909090909091
40,RF,0.19,0.9090909090909091
40,RF,0.2,0.9090909090909091
40,RF,0.21,0.935064935064935
40,RF,0.22,0.935064935064935
40,RF,0.23,0.935064935064935
40,RF,0.24,0.935064935064935
40,RF,0.25,0.935064935064935
40,RF,0.26,0.935064935064935
40,RF,0.27,0.935064935064935
40,RF,0.28,0.935064935064935
40,RF,0.29,0.935064935064935
40,RF,0.3,0.935064935064935
40,RF,0.31,0.961038961038961
40,RF,0.32,0.961038961038961
40,RF,0.33,0.961038961038961
40,RF,0.34,0.961038961038961
40,RF,0.35000000000000003,0.974025974025974
40,RF,0.36,0.974025974025974
40,RF,0.37,0.974025974025974
40,RF,0.38,0.974025974025974
40,RF,0.39,0.974025974025974
40,RF,0.4,0.987012987012987
40,RF,0.41000000000000003,0.987012987012987
40,RF,0.42,0.987012987012987
40,RF,0.43,0.987012987012987
40,RF,0.44,0.987012987012987
40,RF,0.45,0.987012987012987
40,RF,0.46,0.987012987012987
40,RF,0.47000000000000003,0.987012987012987
40,RF,0.48,0.987012987012987
40,RF,0.49,0.987012987012987
40,RF,0.5,0.987012987012987
40,RF,0.51,0.987012987012987
40,RF,0.52,0.987012987012987
40,RF,0.53,0.987012987012987
40,RF,0.54,0.987012987012987
40,RF,0.55,0.987012987012987
40,RF,0.56,0.987012987012987
40,RF,0.5700000000000001,0.987012987012987
40,RF,0.58,0.987012987012987
40,RF,0.59,0.987012987012987
40,RF,0.6,0.987012987012987
40,RF,0.61,0.987012987012987
40,RF,0.62,0.987012987012987
40,RF,0.63,0.987012987012987
40,RF,0.64,0.987012987012987
40,RF,0.65,0.987012987012987
40,RF,0.66,0.987012987012987
40,RF,0.67,0.987012987012987
40,RF,0.68,0.987012987012987
40,RF,0.6900000000000001,0.987012987012987
40,RF,0.7000000000000001,0.987012987012987
40,RF,0.71,0.987012987012987
40,RF,0.72,0.987012987012987
40,RF,0.73,0.987012987012987
40,RF,0.74,0.987012987012987
40,RF,0.75,0.987012987012987
40,RF,0.76,0.987012987012987
40,RF,0.77,0.987012987012987
40,RF,0.78,0.987012987012987
40,RF,0.79,0.987012987012987
40,RF,0.8,0.987012987012987
40,RF,0.81,0.987012987012987
40,RF,0.8200000000000001,0.987012987012987
40,RF,0.8300000000000001,0.987012987012987
40,RF,0.84,0.987012987012987
40,RF,0.85,0.987012987012987
40,RF,0.86,0.987012987012987
40,RF,0.87,0.987012987012987
40,RF,0.88,0.987012987012987
40,RF,0.89,0.987012987012987
40,RF,0.9,0.987012987012987
40,RF,0.91,1.0
40,RF,0.92,1.0
40,RF,0.93,1.0
40,RF,0.9400000000000001,1.0
40,RF,0.9500000000000001,1.0
40,RF,0.96,1.0
40,RF,0.97,1.0
40,RF,0.98,1.0
40,RF,0.99,1.0
40,RF,1.0,1.0
41,LR,0.0,0.34146341463414637
41,LR,0.01,0.3902439024390244
41,LR,0.02,0.45121951219512196
41,LR,0.03,0.6829268292682927
41,LR,0.04,0.7560975609756098
41,LR,0.05,0.7560975609756098
41,LR,0.06,0.8048780487804879
41,LR,0.07,0.8048780487804879
41,LR,0.08,0.8658536585365854
41,LR,0.09,0.8780487804878049
41,LR,0.1,0.8780487804878049
41,LR,0.11,0.8902439024390244
41,LR,0.12,0.8902439024390244
41,LR,0.13,0.9146341463414634
41,LR,0.14,0.9146341463414634
41,LR,0.15,0.9146341463414634
41,LR,0.16,0.9146341463414634
41,LR,0.17,0.9146341463414634
41,LR,0.18,0.9146341463414634
41,LR,0.19,0.9146341463414634
41,LR,0.2,0.9146341463414634
41,LR,0.21,0.9146341463414634
41,LR,0.22,0.9146341463414634
41,LR,0.23,0.9146341463414634
41,LR,0.24,0.9146341463414634
41,LR,0.25,0.9146341463414634
41,LR,0.26,0.926829268292683
41,LR,0.27,0.926829268292683
41,LR,0.28,0.926829268292683
41,LR,0.29,0.926829268292683
41,LR,0.3,0.926829268292683
41,LR,0.31,0.926829268292683
41,LR,0.32,0.926829268292683
41,LR,0.33,0.926829268292683
41,LR,0.34,0.926829268292683
41,LR,0.35000000000000003,0.926829268292683
41,LR,0.36,0.926829268292683
41,LR,0.37,0.926829268292683
41,LR,0.38,0.926829268292683
41,LR,0.39,0.926829268292683
41,LR,0.4,0.926829268292683
41,LR,0.41000000000000003,0.9390243902439024
41,LR,0.42,0.9390243902439024
41,LR,0.43,0.9512195121951219
41,LR,0.44,0.9512195121951219
41,LR,0.45,0.9512195121951219
41,LR,0.46,0.9512195121951219
41,LR,0.47000000000000003,0.9512195121951219
41,LR,0.48,0.9512195121951219
41,LR,0.49,0.9512195121951219
41,LR,0.5,0.9512195121951219
41,LR,0.51,0.9634146341463414
41,LR,0.52,0.975609756097561
41,LR,0.53,0.975609756097561
41,LR,0.54,0.975609756097561
41,LR,0.55,0.975609756097561
41,LR,0.56,0.975609756097561
41,LR,0.5700000000000001,0.975609756097561
41,LR,0.58,0.975609756097561
41,LR,0.59,0.975609756097561
41,LR,0.6,0.975609756097561
41,LR,0.61,0.975609756097561
41,LR,0.62,0.975609756097561
41,LR,0.63,0.975609756097561
41,LR,0.64,0.975609756097561
41,LR,0.65,0.975609756097561
41,LR,0.66,0.975609756097561
41,LR,0.67,0.975609756097561
41,LR,0.68,0.975609756097561
41,LR,0.6900000000000001,0.975609756097561
41,LR,0.7000000000000001,0.975609756097561
41,LR,0.71,0.975609756097561
41,LR,0.72,0.9878048780487805
41,LR,0.73,1.0
41,LR,0.74,1.0
41,LR,0.75,1.0
41,LR,0.76,1.0
41,LR,0.77,1.0
41,LR,0.78,1.0
41,LR,0.79,1.0
41,LR,0.8,1.0
41,LR,0.81,1.0
41,LR,0.8200000000000001,1.0
41,LR,0.8300000000000001,1.0
41,LR,0.84,1.0
41,LR,0.85,1.0
41,LR,0.86,1.0
41,LR,0.87,1.0
41,LR,0.88,1.0
41,LR,0.89,1.0
41,LR,0.9,1.0
41,LR,0.91,1.0
41,LR,0.92,1.0
41,LR,0.93,1.0
41,LR,0.9400000000000001,1.0
41,LR,0.9500000000000001,1.0
41,LR,0.96,1.0
41,LR,0.97,1.0
41,LR,0.98,1.0
41,LR,0.99,1.0
41,LR,1.0,1.0
41,GAM,0.0,0.3780487804878049
41,GAM,0.01,0.4634146341463415
41,GAM,0.02,0.5609756097560976
41,GAM,0.03,0.6951219512195121
41,GAM,0.04,0.7317073170731707
41,GAM,0.05,0.7926829268292683
41,GAM,0.06,0.8414634146341463
41,GAM,0.07,0.8414634146341463
41,GAM,0.08,0.8658536585365854
41,GAM,0.09,0.8658536585365854
41,GAM,0.1,0.8658536585365854
41,GAM,0.11,0.8780487804878049
41,GAM,0.12,0.8902439024390244
41,GAM,0.13,0.9146341463414634
41,GAM,0.14,0.9146341463414634
41,GAM,0.15,0.9146341463414634
41,GAM,0.16,0.9146341463414634
41,GAM,0.17,0.9146341463414634
41,GAM,0.18,0.9146341463414634
41,GAM,0.19,0.9146341463414634
41,GAM,0.2,0.9146341463414634
41,GAM,0.21,0.9146341463414634
41,GAM,0.22,0.9146341463414634
41,GAM,0.23,0.9146341463414634
41,GAM,0.24,0.926829268292683
41,GAM,0.25,0.926829268292683
41,GAM,0.26,0.926829268292683
41,GAM,0.27,0.926829268292683
41,GAM,0.28,0.926829268292683
41,GAM,0.29,0.926829268292683
41,GAM,0.3,0.926829268292683
41,GAM,0.31,0.9390243902439024
41,GAM,0.32,0.9390243902439024
41,GAM,0.33,0.9390243902439024
41,GAM,0.34,0.9390243902439024
41,GAM,0.35000000000000003,0.9390243902439024
41,GAM,0.36,0.9390243902439024
41,GAM,0.37,0.9390243902439024
41,GAM,0.38,0.9512195121951219
41,GAM,0.39,0.9512195121951219
41,GAM,0.4,0.9512195121951219
41,GAM,0.41000000000000003,0.9512195121951219
41,GAM,0.42,0.9512195121951219
41,GAM,0.43,0.9634146341463414
41,GAM,0.44,0.9634146341463414
41,GAM,0.45,0.9634146341463414
41,GAM,0.46,0.9634146341463414
41,GAM,0.47000000000000003,0.9634146341463414
41,GAM,0.48,0.975609756097561
41,GAM,0.49,0.975609756097561
41,GAM,0.5,0.975609756097561
41,GAM,0.51,0.975609756097561
41,GAM,0.52,0.975609756097561
41,GAM,0.53,0.975609756097561
41,GAM,0.54,0.975609756097561
41,GAM,0.55,0.975609756097561
41,GAM,0.56,0.975609756097561
41,GAM,0.5700000000000001,0.975609756097561
41,GAM,0.58,0.975609756097561
41,GAM,0.59,0.975609756097561
41,GAM,0.6,0.975609756097561
41,GAM,0.61,0.975609756097561
41,GAM,0.62,0.9878048780487805
41,GAM,0.63,0.9878048780487805
41,GAM,0.64,0.9878048780487805
41,GAM,0.65,0.9878048780487805
41,GAM,0.66,1.0
41,GAM,0.67,1.0
41,GAM,0.68,1.0
41,GAM,0.6900000000000001,1.0
41,GAM,0.7000000000000001,1.0
41,GAM,0.71,1.0
41,GAM,0.72,1.0
41,GAM,0.73,1.0
41,GAM,0.74,1.0
41,GAM,0.75,1.0
41,GAM,0.76,1.0
41,GAM,0.77,1.0
41,GAM,0.78,1.0
41,GAM,0.79,1.0
41,GAM,0.8,1.0
41,GAM,0.81,1.0
41,GAM,0.8200000000000001,1.0
41,GAM,0.8300000000000001,1.0
41,GAM,0.84,1.0
41,GAM,0.85,1.0
41,GAM,0.86,1.0
41,GAM,0.87,1.0
41,GAM,0.88,1.0
41,GAM,0.89,1.0
41,GAM,0.9,1.0
41,GAM,0.91,1.0
41,GAM,0.92,1.0
41,GAM,0.93,1.0
41,GAM,0.9400000000000001,1.0
41,GAM,0.9500000000000001,1.0
41,GAM,0.96,1.0
41,GAM,0.97,1.0
41,GAM,0.98,1.0
41,GAM,0.99,1.0
41,GAM,1.0,1.0
41,RF,0.0,0.5853658536585366
41,RF,0.01,0.5975609756097561
41,RF,0.02,0.6707317073170732
41,RF,0.03,0.6951219512195121
41,RF,0.04,0.7439024390243902
41,RF,0.05,0.7560975609756098
41,RF,0.06,0.8292682926829268
41,RF,0.07,0.8414634146341463
41,RF,0.08,0.8658536585365854
41,RF,0.09,0.8780487804878049
41,RF,0.1,0.8780487804878049
41,RF,0.11,0.8780487804878049
41,RF,0.12,0.8902439024390244
41,RF,0.13,0.8902439024390244
41,RF,0.14,0.8902439024390244
41,RF,0.15,0.8902439024390244
41,RF,0.16,0.9024390243902439
41,RF,0.17,0.926829268292683
41,RF,0.18,0.926829268292683
41,RF,0.19,0.926829268292683
41,RF,0.2,0.926829268292683
41,RF,0.21,0.926829268292683
41,RF,0.22,0.9512195121951219
41,RF,0.23,0.9512195121951219
41,RF,0.24,0.9512195121951219
41,RF,0.25,0.9512195121951219
41,RF,0.26,0.9512195121951219
41,RF,0.27,0.9512195121951219
41,RF,0.28,0.9512195121951219
41,RF,0.29,0.9512195121951219
41,RF,0.3,0.9512195121951219
41,RF,0.31,0.9512195121951219
41,RF,0.32,0.9512195121951219
41,RF,0.33,0.9512195121951219
41,RF,0.34,0.9634146341463414
41,RF,0.35000000000000003,0.9634146341463414
41,RF,0.36,0.9634146341463414
41,RF,0.37,0.9634146341463414
41,RF,0.38,0.9634146341463414
41,RF,0.39,0.9634146341463414
41,RF,0.4,0.9634146341463414
41,RF,0.41000000000000003,0.9634146341463414
41,RF,0.42,0.9634146341463414
41,RF,0.43,0.9634146341463414
41,RF,0.44,0.9634146341463414
41,RF,0.45,0.9634146341463414
41,RF,0.46,0.9634146341463414
41,RF,0.47000000000000003,0.975609756097561
41,RF,0.48,0.975609756097561
41,RF,0.49,0.975609756097561
41,RF,0.5,0.975609756097561
41,RF,0.51,0.975609756097561
41,RF,0.52,0.9878048780487805
41,RF,0.53,0.9878048780487805
41,RF,0.54,0.9878048780487805
41,RF,0.55,0.9878048780487805
41,RF,0.56,0.9878048780487805
41,RF,0.5700000000000001,0.9878048780487805
41,RF,0.58,0.9878048780487805
41,RF,0.59,1.0
41,RF,0.6,1.0
41,RF,0.61,1.0
41,RF,0.62,1.0
41,RF,0.63,1.0
41,RF,0.64,1.0
41,RF,0.65,1.0
41,RF,0.66,1.0
41,RF,0.67,1.0
41,RF,0.68,1.0
41,RF,0.6900000000000001,1.0
41,RF,0.7000000000000001,1.0
41,RF,0.71,1.0
41,RF,0.72,1.0
41,RF,0.73,1.0
41,RF,0.74,1.0
41,RF,0.75,1.0
41,RF,0.76,1.0
41,RF,0.77,1.0
41,RF,0.78,1.0
41,RF,0.79,1.0
41,RF,0.8,1.0
41,RF,0.81,1.0
41,RF,0.8200000000000001,1.0
41,RF,0.8300000000000001,1.0
41,RF,0.84,1.0
41,RF,0.85,1.0
41,RF,0.86,1.0
41,RF,0.87,1.0
41,RF,0.88,1.0
41,RF,0.89,1.0
41,RF,0.9,1.0
41,RF,0.91,1.0
41,RF,0.92,1.0
41,RF,0.93,1.0
41,RF,0.9400000000000001,1.0
41,RF,0.9500000000000001,1.0
41,RF,0.96,1.0
41,RF,0.97,1.0
41,RF,0.98,1.0
41,RF,0.99,1.0
41,RF,1.0,1.0
42,LR,0.0,0.04285714285714286
42,LR,0.01,0.2571428571428571
42,LR,0.02,0.5428571428571428
42,LR,0.03,0.7142857142857143
42,LR,0.04,0.8285714285714286
42,LR,0.05,0.8285714285714286
42,LR,0.06,0.8285714285714286
42,LR,0.07,0.8571428571428571
42,LR,0.08,0.8571428571428571
42,LR,0.09,0.8571428571428571
42,LR,0.1,0.8857142857142857
42,LR,0.11,0.8857142857142857
42,LR,0.12,0.8857142857142857
42,LR,0.13,0.9
42,LR,0.14,0.9142857142857143
42,LR,0.15,0.9142857142857143
42,LR,0.16,0.9142857142857143
42,LR,0.17,0.9142857142857143
42,LR,0.18,0.9142857142857143
42,LR,0.19,0.9142857142857143
42,LR,0.2,0.9142857142857143
42,LR,0.21,0.9142857142857143
42,LR,0.22,0.9142857142857143
42,LR,0.23,0.9285714285714286
42,LR,0.24,0.9285714285714286
42,LR,0.25,0.9285714285714286
42,LR,0.26,0.9285714285714286
42,LR,0.27,0.9285714285714286
42,LR,0.28,0.9285714285714286
42,LR,0.29,0.9285714285714286
42,LR,0.3,0.9285714285714286
42,LR,0.31,0.9285714285714286
42,LR,0.32,0.9285714285714286
42,LR,0.33,0.9428571428571428
42,LR,0.34,0.9428571428571428
42,LR,0.35000000000000003,0.9428571428571428
42,LR,0.36,0.9428571428571428
42,LR,0.37,0.9428571428571428
42,LR,0.38,0.9428571428571428
42,LR,0.39,0.9428571428571428
42,LR,0.4,0.9428571428571428
42,LR,0.41000000000000003,0.9571428571428572
42,LR,0.42,0.9571428571428572
42,LR,0.43,0.9714285714285714
42,LR,0.44,0.9714285714285714
42,LR,0.45,0.9714285714285714
42,LR,0.46,0.9714285714285714
42,LR,0.47000000000000003,0.9714285714285714
42,LR,0.48,0.9714285714285714
42,LR,0.49,0.9714285714285714
42,LR,0.5,0.9714285714285714
42,LR,0.51,0.9857142857142858
42,LR,0.52,0.9857142857142858
42,LR,0.53,0.9857142857142858
42,LR,0.54,0.9857142857142858
42,LR,0.55,0.9857142857142858
42,LR,0.56,0.9857142857142858
42,LR,0.5700000000000001,0.9857142857142858
42,LR,0.58,1.0
42,LR,0.59,1.0
42,LR,0.6,1.0
42,LR,0.61,1.0
42,LR,0.62,1.0
42,LR,0.63,1.0
42,LR,0.64,1.0
42,LR,0.65,1.0
42,LR,0.66,1.0
42,LR,0.67,1.0
42,LR,0.68,1.0
42,LR,0.6900000000000001,1.0
42,LR,0.7000000000000001,1.0
42,LR,0.71,1.0
42,LR,0.72,1.0
42,LR,0.73,1.0
42,LR,0.74,1.0
42,LR,0.75,1.0
42,LR,0.76,1.0
42,LR,0.77,1.0
42,LR,0.78,1.0
42,LR,0.79,1.0
42,LR,0.8,1.0
42,LR,0.81,1.0
42,LR,0.8200000000000001,1.0
42,LR,0.8300000000000001,1.0
42,LR,0.84,1.0
42,LR,0.85,1.0
42,LR,0.86,1.0
42,LR,0.87,1.0
42,LR,0.88,1.0
42,LR,0.89,1.0
42,LR,0.9,1.0
42,LR,0.91,1.0
42,LR,0.92,1.0
42,LR,0.93,1.0
42,LR,0.9400000000000001,1.0
42,LR,0.9500000000000001,1.0
42,LR,0.96,1.0
42,LR,0.97,1.0
42,LR,0.98,1.0
42,LR,0.99,1.0
42,LR,1.0,1.0
42,GAM,0.0,0.07142857142857142
42,GAM,0.01,0.44285714285714284
42,GAM,0.02,0.6285714285714286
42,GAM,0.03,0.6857142857142857
42,GAM,0.04,0.8
42,GAM,0.05,0.8428571428571429
42,GAM,0.06,0.8571428571428571
42,GAM,0.07,0.8857142857142857
42,GAM,0.08,0.8857142857142857
42,GAM,0.09,0.8857142857142857
42,GAM,0.1,0.9
42,GAM,0.11,0.9
42,GAM,0.12,0.9
42,GAM,0.13,0.9
42,GAM,0.14,0.9
42,GAM,0.15,0.9
42,GAM,0.16,0.9
42,GAM,0.17,0.9
42,GAM,0.18,0.9142857142857143
42,GAM,0.19,0.9142857142857143
42,GAM,0.2,0.9142857142857143
42,GAM,0.21,0.9142857142857143
42,GAM,0.22,0.9142857142857143
42,GAM,0.23,0.9285714285714286
42,GAM,0.24,0.9285714285714286
42,GAM,0.25,0.9285714285714286
42,GAM,0.26,0.9285714285714286
42,GAM,0.27,0.9285714285714286
42,GAM,0.28,0.9285714285714286
42,GAM,0.29,0.9285714285714286
42,GAM,0.3,0.9285714285714286
42,GAM,0.31,0.9428571428571428
42,GAM,0.32,0.9428571428571428
42,GAM,0.33,0.9428571428571428
42,GAM,0.34,0.9428571428571428
42,GAM,0.35000000000000003,0.9571428571428572
42,GAM,0.36,0.9571428571428572
42,GAM,0.37,0.9571428571428572
42,GAM,0.38,0.9571428571428572
42,GAM,0.39,0.9714285714285714
42,GAM,0.4,0.9714285714285714
42,GAM,0.41000000000000003,0.9714285714285714
42,GAM,0.42,0.9714285714285714
42,GAM,0.43,0.9714285714285714
42,GAM,0.44,0.9714285714285714
42,GAM,0.45,0.9857142857142858
42,GAM,0.46,0.9857142857142858
42,GAM,0.47000000000000003,0.9857142857142858
42,GAM,0.48,0.9857142857142858
42,GAM,0.49,0.9857142857142858
42,GAM,0.5,0.9857142857142858
42,GAM,0.51,0.9857142857142858
42,GAM,0.52,0.9857142857142858
42,GAM,0.53,0.9857142857142858
42,GAM,0.54,0.9857142857142858
42,GAM,0.55,0.9857142857142858
42,GAM,0.56,0.9857142857142858
42,GAM,0.5700000000000001,0.9857142857142858
42,GAM,0.58,0.9857142857142858
42,GAM,0.59,0.9857142857142858
42,GAM,0.6,0.9857142857142858
42,GAM,0.61,0.9857142857142858
42,GAM,0.62,1.0
42,GAM,0.63,1.0
42,GAM,0.64,1.0
42,GAM,0.65,1.0
42,GAM,0.66,1.0
42,GAM,0.67,1.0
42,GAM,0.68,1.0
42,GAM,0.6900000000000001,1.0
42,GAM,0.7000000000000001,1.0
42,GAM,0.71,1.0
42,GAM,0.72,1.0
42,GAM,0.73,1.0
42,GAM,0.74,1.0
42,GAM,0.75,1.0
42,GAM,0.76,1.0
42,GAM,0.77,1.0
42,GAM,0.78,1.0
42,GAM,0.79,1.0
42,GAM,0.8,1.0
42,GAM,0.81,1.0
42,GAM,0.8200000000000001,1.0
42,GAM,0.8300000000000001,1.0
42,GAM,0.84,1.0
42,GAM,0.85,1.0
42,GAM,0.86,1.0
42,GAM,0.87,1.0
42,GAM,0.88,1.0
42,GAM,0.89,1.0
42,GAM,0.9,1.0
42,GAM,0.91,1.0
42,GAM,0.92,1.0
42,GAM,0.93,1.0
42,GAM,0.9400000000000001,1.0
42,GAM,0.9500000000000001,1.0
42,GAM,0.96,1.0
42,GAM,0.97,1.0
42,GAM,0.98,1.0
42,GAM,0.99,1.0
42,GAM,1.0,1.0
42,RF,0.0,0.6285714285714286
42,RF,0.01,0.6857142857142857
42,RF,0.02,0.7571428571428571
42,RF,0.03,0.8
42,RF,0.04,0.8
42,RF,0.05,0.8285714285714286
42,RF,0.06,0.8285714285714286
42,RF,0.07,0.9
42,RF,0.08,0.9
42,RF,0.09,0.9142857142857143
42,RF,0.1,0.9142857142857143
42,RF,0.11,0.9142857142857143
42,RF,0.12,0.9142857142857143
42,RF,0.13,0.9142857142857143
42,RF,0.14,0.9142857142857143
42,RF,0.15,0.9142857142857143
42,RF,0.16,0.9142857142857143
42,RF,0.17,0.9142857142857143
42,RF,0.18,0.9142857142857143
42,RF,0.19,0.9142857142857143
42,RF,0.2,0.9285714285714286
42,RF,0.21,0.9571428571428572
42,RF,0.22,0.9571428571428572
42,RF,0.23,0.9571428571428572
42,RF,0.24,0.9571428571428572
42,RF,0.25,0.9571428571428572
42,RF,0.26,0.9571428571428572
42,RF,0.27,0.9571428571428572
42,RF,0.28,0.9571428571428572
42,RF,0.29,0.9571428571428572
42,RF,0.3,0.9571428571428572
42,RF,0.31,0.9571428571428572
42,RF,0.32,0.9571428571428572
42,RF,0.33,0.9714285714285714
42,RF,0.34,0.9714285714285714
42,RF,0.35000000000000003,0.9857142857142858
42,RF,0.36,0.9857142857142858
42,RF,0.37,0.9857142857142858
42,RF,0.38,0.9857142857142858
42,RF,0.39,0.9857142857142858
42,RF,0.4,0.9857142857142858
42,RF,0.41000000000000003,0.9857142857142858
42,RF,0.42,0.9857142857142858
42,RF,0.43,0.9857142857142858
42,RF,0.44,0.9857142857142858
42,RF,0.45,0.9857142857142858
42,RF,0.46,0.9857142857142858
42,RF,0.47000000000000003,0.9857142857142858
42,RF,0.48,0.9857142857142858
42,RF,0.49,0.9857142857142858
42,RF,0.5,0.9857142857142858
42,RF,0.51,0.9857142857142858
42,RF,0.52,0.9857142857142858
42,RF,0.53,0.9857142857142858
42,RF,0.54,0.9857142857142858
42,RF,0.55,0.9857142857142858
42,RF,0.56,0.9857142857142858
42,RF,0.5700000000000001,0.9857142857142858
42,RF,0.58,0.9857142857142858
42,RF,0.59,0.9857142857142858
42,RF,0.6,0.9857142857142858
42,RF,0.61,0.9857142857142858
42,RF,0.62,0.9857142857142858
42,RF,0.63,0.9857142857142858
42,RF,0.64,0.9857142857142858
42,RF,0.65,0.9857142857142858
42,RF,0.66,0.9857142857142858
42,RF,0.67,0.9857142857142858
42,RF,0.68,0.9857142857142858
42,RF,0.6900000000000001,0.9857142857142858
42,RF,0.7000000000000001,0.9857142857142858
42,RF,0.71,0.9857142857142858
42,RF,0.72,0.9857142857142858
42,RF,0.73,0.9857142857142858
42,RF,0.74,0.9857142857142858
42,RF,0.75,0.9857142857142858
42,RF,0.76,0.9857142857142858
42,RF,0.77,0.9857142857142858
42,RF,0.78,0.9857142857142858
42,RF,0.79,0.9857142857142858
42,RF,0.8,0.9857142857142858
42,RF,0.81,0.9857142857142858
42,RF,0.8200000000000001,0.9857142857142858
42,RF,0.8300000000000001,0.9857142857142858
42,RF,0.84,0.9857142857142858
42,RF,0.85,0.9857142857142858
42,RF,0.86,0.9857142857142858
42,RF,0.87,0.9857142857142858
42,RF,0.88,0.9857142857142858
42,RF,0.89,0.9857142857142858
42,RF,0.9,0.9857142857142858
42,RF,0.91,0.9857142857142858
42,RF,0.92,0.9857142857142858
42,RF,0.93,0.9857142857142858
42,RF,0.9400000000000001,0.9857142857142858
42,RF,0.9500000000000001,0.9857142857142858
42,RF,0.96,0.9857142857142858
42,RF,0.97,0.9857142857142858
42,RF,0.98,0.9857142857142858
42,RF,0.99,0.9857142857142858
42,RF,1.0,1.0
43,LR,0.0,0.5595238095238095
43,LR,0.01,0.6785714285714286
43,LR,0.02,0.7023809523809523
43,LR,0.03,0.7738095238095238
43,LR,0.04,0.8095238095238095
43,LR,0.05,0.8571428571428571
43,LR,0.06,0.8928571428571429
43,LR,0.07,0.8928571428571429
43,LR,0.08,0.9166666666666666
43,LR,0.09,0.9166666666666666
43,LR,0.1,0.9166666666666666
43,LR,0.11,0.9166666666666666
43,LR,0.12,0.9166666666666666
43,LR,0.13,0.9166666666666666
43,LR,0.14,0.9404761904761905
43,LR,0.15,0.9404761904761905
43,LR,0.16,0.9404761904761905
43,LR,0.17,0.9404761904761905
43,LR,0.18,0.9404761904761905
43,LR,0.19,0.9404761904761905
43,LR,0.2,0.9404761904761905
43,LR,0.21,0.9404761904761905
43,LR,0.22,0.9404761904761905
43,LR,0.23,0.9404761904761905
43,LR,0.24,0.9404761904761905
43,LR,0.25,0.9404761904761905
43,LR,0.26,0.9404761904761905
43,LR,0.27,0.9404761904761905
43,LR,0.28,0.9404761904761905
43,LR,0.29,0.9523809523809523
43,LR,0.3,0.9523809523809523
43,LR,0.31,0.9642857142857143
43,LR,0.32,0.9642857142857143
43,LR,0.33,0.9642857142857143
43,LR,0.34,0.9642857142857143
43,LR,0.35000000000000003,0.9642857142857143
43,LR,0.36,0.9642857142857143
43,LR,0.37,0.9642857142857143
43,LR,0.38,0.9642857142857143
43,LR,0.39,0.9642857142857143
43,LR,0.4,0.9642857142857143
43,LR,0.41000000000000003,0.9761904761904762
43,LR,0.42,0.9761904761904762
43,LR,0.43,0.9761904761904762
43,LR,0.44,0.9761904761904762
43,LR,0.45,0.9761904761904762
43,LR,0.46,0.9761904761904762
43,LR,0.47000000000000003,0.9761904761904762
43,LR,0.48,0.9880952380952381
43,LR,0.49,0.9880952380952381
43,LR,0.5,0.9880952380952381
43,LR,0.51,0.9880952380952381
43,LR,0.52,0.9880952380952381
43,LR,0.53,0.9880952380952381
43,LR,0.54,0.9880952380952381
43,LR,0.55,0.9880952380952381
43,LR,0.56,0.9880952380952381
43,LR,0.5700000000000001,0.9880952380952381
43,LR,0.58,0.9880952380952381
43,LR,0.59,0.9880952380952381
43,LR,0.6,0.9880952380952381
43,LR,0.61,0.9880952380952381
43,LR,0.62,0.9880952380952381
43,LR,0.63,0.9880952380952381
43,LR,0.64,0.9880952380952381
43,LR,0.65,0.9880952380952381
43,LR,0.66,0.9880952380952381
43,LR,0.67,0.9880952380952381
43,LR,0.68,0.9880952380952381
43,LR,0.6900000000000001,0.9880952380952381
43,LR,0.7000000000000001,0.9880952380952381
43,LR,0.71,0.9880952380952381
43,LR,0.72,0.9880952380952381
43,LR,0.73,0.9880952380952381
43,LR,0.74,0.9880952380952381
43,LR,0.75,0.9880952380952381
43,LR,0.76,0.9880952380952381
43,LR,0.77,0.9880952380952381
43,LR,0.78,0.9880952380952381
43,LR,0.79,1.0
43,LR,0.8,1.0
43,LR,0.81,1.0
43,LR,0.8200000000000001,1.0
43,LR,0.8300000000000001,1.0
43,LR,0.84,1.0
43,LR,0.85,1.0
43,LR,0.86,1.0
43,LR,0.87,1.0
43,LR,0.88,1.0
43,LR,0.89,1.0
43,LR,0.9,1.0
43,LR,0.91,1.0
43,LR,0.92,1.0
43,LR,0.93,1.0
43,LR,0.9400000000000001,1.0
43,LR,0.9500000000000001,1.0
43,LR,0.96,1.0
43,LR,0.97,1.0
43,LR,0.98,1.0
43,LR,0.99,1.0
43,LR,1.0,1.0
43,GAM,0.0,0.5952380952380952
43,GAM,0.01,0.6547619047619048
43,GAM,0.02,0.6547619047619048
43,GAM,0.03,0.75
43,GAM,0.04,0.8095238095238095
43,GAM,0.05,0.8571428571428571
43,GAM,0.06,0.9047619047619048
43,GAM,0.07,0.9047619047619048
43,GAM,0.08,0.9166666666666666
43,GAM,0.09,0.9166666666666666
43,GAM,0.1,0.9166666666666666
43,GAM,0.11,0.9285714285714286
43,GAM,0.12,0.9285714285714286
43,GAM,0.13,0.9285714285714286
43,GAM,0.14,0.9285714285714286
43,GAM,0.15,0.9285714285714286
43,GAM,0.16,0.9285714285714286
43,GAM,0.17,0.9285714285714286
43,GAM,0.18,0.9285714285714286
43,GAM,0.19,0.9404761904761905
43,GAM,0.2,0.9404761904761905
43,GAM,0.21,0.9404761904761905
43,GAM,0.22,0.9404761904761905
43,GAM,0.23,0.9404761904761905
43,GAM,0.24,0.9404761904761905
43,GAM,0.25,0.9404761904761905
43,GAM,0.26,0.9404761904761905
43,GAM,0.27,0.9523809523809523
43,GAM,0.28,0.9642857142857143
43,GAM,0.29,0.9642857142857143
43,GAM,0.3,0.9642857142857143
43,GAM,0.31,0.9642857142857143
43,GAM,0.32,0.9642857142857143
43,GAM,0.33,0.9642857142857143
43,GAM,0.34,0.9761904761904762
43,GAM,0.35000000000000003,0.9761904761904762
43,GAM,0.36,0.9761904761904762
43,GAM,0.37,0.9761904761904762
43,GAM,0.38,0.9761904761904762
43,GAM,0.39,0.9761904761904762
43,GAM,0.4,0.9880952380952381
43,GAM,0.41000000000000003,0.9880952380952381
43,GAM,0.42,0.9880952380952381
43,GAM,0.43,0.9880952380952381
43,GAM,0.44,0.9880952380952381
43,GAM,0.45,0.9880952380952381
43,GAM,0.46,0.9880952380952381
43,GAM,0.47000000000000003,0.9880952380952381
43,GAM,0.48,0.9880952380952381
43,GAM,0.49,0.9880952380952381
43,GAM,0.5,0.9880952380952381
43,GAM,0.51,0.9880952380952381
43,GAM,0.52,0.9880952380952381
43,GAM,0.53,0.9880952380952381
43,GAM,0.54,0.9880952380952381
43,GAM,0.55,0.9880952380952381
43,GAM,0.56,0.9880952380952381
43,GAM,0.5700000000000001,0.9880952380952381
43,GAM,0.58,0.9880952380952381
43,GAM,0.59,0.9880952380952381
43,GAM,0.6,0.9880952380952381
43,GAM,0.61,0.9880952380952381
43,GAM,0.62,0.9880952380952381
43,GAM,0.63,0.9880952380952381
43,GAM,0.64,0.9880952380952381
43,GAM,0.65,0.9880952380952381
43,GAM,0.66,0.9880952380952381
43,GAM,0.67,1.0
43,GAM,0.68,1.0
43,GAM,0.6900000000000001,1.0
43,GAM,0.7000000000000001,1.0
43,GAM,0.71,1.0
43,GAM,0.72,1.0
43,GAM,0.73,1.0
43,GAM,0.74,1.0
43,GAM,0.75,1.0
43,GAM,0.76,1.0
43,GAM,0.77,1.0
43,GAM,0.78,1.0
43,GAM,0.79,1.0
43,GAM,0.8,1.0
43,GAM,0.81,1.0
43,GAM,0.8200000000000001,1.0
43,GAM,0.8300000000000001,1.0
43,GAM,0.84,1.0
43,GAM,0.85,1.0
43,GAM,0.86,1.0
43,GAM,0.87,1.0
43,GAM,0.88,1.0
43,GAM,0.89,1.0
43,GAM,0.9,1.0
43,GAM,0.91,1.0
43,GAM,0.92,1.0
43,GAM,0.93,1.0
43,GAM,0.9400000000000001,1.0
43,GAM,0.9500000000000001,1.0
43,GAM,0.96,1.0
43,GAM,0.97,1.0
43,GAM,0.98,1.0
43,GAM,0.99,1.0
43,GAM,1.0,1.0
43,RF,0.0,0.6309523809523809
43,RF,0.01,0.6309523809523809
43,RF,0.02,0.6309523809523809
43,RF,0.03,0.7619047619047619
43,RF,0.04,0.8095238095238095
43,RF,0.05,0.9047619047619048
43,RF,0.06,0.9404761904761905
43,RF,0.07,0.9404761904761905
43,RF,0.08,0.9404761904761905
43,RF,0.09,0.9404761904761905
43,RF,0.1,0.9404761904761905
43,RF,0.11,0.9404761904761905
43,RF,0.12,0.9404761904761905
43,RF,0.13,0.9404761904761905
43,RF,0.14,0.9404761904761905
43,RF,0.15,0.9523809523809523
43,RF,0.16,0.9523809523809523
43,RF,0.17,0.9523809523809523
43,RF,0.18,0.9642857142857143
43,RF,0.19,0.9642857142857143
43,RF,0.2,0.9642857142857143
43,RF,0.21,0.9642857142857143
43,RF,0.22,0.9642857142857143
43,RF,0.23,0.9642857142857143
43,RF,0.24,0.9642857142857143
43,RF,0.25,0.9642857142857143
43,RF,0.26,0.9642857142857143
43,RF,0.27,0.9642857142857143
43,RF,0.28,0.9761904761904762
43,RF,0.29,0.9761904761904762
43,RF,0.3,0.9761904761904762
43,RF,0.31,0.9761904761904762
43,RF,0.32,0.9761904761904762
43,RF,0.33,0.9761904761904762
43,RF,0.34,0.9761904761904762
43,RF,0.35000000000000003,0.9761904761904762
43,RF,0.36,0.9761904761904762
43,RF,0.37,0.9761904761904762
43,RF,0.38,0.9761904761904762
43,RF,0.39,0.9761904761904762
43,RF,0.4,0.9761904761904762
43,RF,0.41000000000000003,0.9761904761904762
43,RF,0.42,0.9761904761904762
43,RF,0.43,0.9761904761904762
43,RF,0.44,0.9761904761904762
43,RF,0.45,0.9761904761904762
43,RF,0.46,0.9761904761904762
43,RF,0.47000000000000003,0.9761904761904762
43,RF,0.48,0.9761904761904762
43,RF,0.49,0.9761904761904762
43,RF,0.5,0.9761904761904762
43,RF,0.51,0.9761904761904762
43,RF,0.52,0.9761904761904762
43,RF,0.53,0.9880952380952381
43,RF,0.54,0.9880952380952381
43,RF,0.55,0.9880952380952381
43,RF,0.56,0.9880952380952381
43,RF,0.5700000000000001,0.9880952380952381
43,RF,0.58,0.9880952380952381
43,RF,0.59,0.9880952380952381
43,RF,0.6,0.9880952380952381
43,RF,0.61,0.9880952380952381
43,RF,0.62,0.9880952380952381
43,RF,0.63,0.9880952380952381
43,RF,0.64,0.9880952380952381
43,RF,0.65,0.9880952380952381
43,RF,0.66,0.9880952380952381
43,RF,0.67,0.9880952380952381
43,RF,0.68,0.9880952380952381
43,RF,0.6900000000000001,0.9880952380952381
43,RF,0.7000000000000001,0.9880952380952381
43,RF,0.71,0.9880952380952381
43,RF,0.72,0.9880952380952381
43,RF,0.73,0.9880952380952381
43,RF,0.74,0.9880952380952381
43,RF,0.75,0.9880952380952381
43,RF,0.76,0.9880952380952381
43,RF,0.77,0.9880952380952381
43,RF,0.78,0.9880952380952381
43,RF,0.79,0.9880952380952381
43,RF,0.8,0.9880952380952381
43,RF,0.81,0.9880952380952381
43,RF,0.8200000000000001,0.9880952380952381
43,RF,0.8300000000000001,0.9880952380952381
43,RF,0.84,0.9880952380952381
43,RF,0.85,0.9880952380952381
43,RF,0.86,0.9880952380952381
43,RF,0.87,0.9880952380952381
43,RF,0.88,1.0
43,RF,0.89,1.0
43,RF,0.9,1.0
43,RF,0.91,1.0
43,RF,0.92,1.0
43,RF,0.93,1.0
43,RF,0.9400000000000001,1.0
43,RF,0.9500000000000001,1.0
43,RF,0.96,1.0
43,RF,0.97,1.0
43,RF,0.98,1.0
43,RF,0.99,1.0
43,RF,1.0,1.0
44,LR,0.0,0.7037037037037037
44,LR,0.01,0.7037037037037037
44,LR,0.02,0.8518518518518519
44,LR,0.03,0.8641975308641975
44,LR,0.04,0.8641975308641975
44,LR,0.05,0.9506172839506173
44,LR,0.06,0.9629629629629629
44,LR,0.07,0.9753086419753086
44,LR,0.08,0.9753086419753086
44,LR,0.09,0.9753086419753086
44,LR,0.1,0.9753086419753086
44,LR,0.11,0.9876543209876543
44,LR,0.12,0.9876543209876543
44,LR,0.13,0.9876543209876543
44,LR,0.14,0.9876543209876543
44,LR,0.15,0.9876543209876543
44,LR,0.16,0.9876543209876543
44,LR,0.17,0.9876543209876543
44,LR,0.18,0.9876543209876543
44,LR,0.19,0.9876543209876543
44,LR,0.2,0.9876543209876543
44,LR,0.21,0.9876543209876543
44,LR,0.22,1.0
44,LR,0.23,1.0
44,LR,0.24,1.0
44,LR,0.25,1.0
44,LR,0.26,1.0
44,LR,0.27,1.0
44,LR,0.28,1.0
44,LR,0.29,1.0
44,LR,0.3,1.0
44,LR,0.31,1.0
44,LR,0.32,1.0
44,LR,0.33,1.0
44,LR,0.34,1.0
44,LR,0.35000000000000003,1.0
44,LR,0.36,1.0
44,LR,0.37,1.0
44,LR,0.38,1.0
44,LR,0.39,1.0
44,LR,0.4,1.0
44,LR,0.41000000000000003,1.0
44,LR,0.42,1.0
44,LR,0.43,1.0
44,LR,0.44,1.0
44,LR,0.45,1.0
44,LR,0.46,1.0
44,LR,0.47000000000000003,1.0
44,LR,0.48,1.0
44,LR,0.49,1.0
44,LR,0.5,1.0
44,LR,0.51,1.0
44,LR,0.52,1.0
44,LR,0.53,1.0
44,LR,0.54,1.0
44,LR,0.55,1.0
44,LR,0.56,1.0
44,LR,0.5700000000000001,1.0
44,LR,0.58,1.0
44,LR,0.59,1.0
44,LR,0.6,1.0
44,LR,0.61,1.0
44,LR,0.62,1.0
44,LR,0.63,1.0
44,LR,0.64,1.0
44,LR,0.65,1.0
44,LR,0.66,1.0
44,LR,0.67,1.0
44,LR,0.68,1.0
44,LR,0.6900000000000001,1.0
44,LR,0.7000000000000001,1.0
44,LR,0.71,1.0
44,LR,0.72,1.0
44,LR,0.73,1.0
44,LR,0.74,1.0
44,LR,0.75,1.0
44,LR,0.76,1.0
44,LR,0.77,1.0
44,LR,0.78,1.0
44,LR,0.79,1.0
44,LR,0.8,1.0
44,LR,0.81,1.0
44,LR,0.8200000000000001,1.0
44,LR,0.8300000000000001,1.0
44,LR,0.84,1.0
44,LR,0.85,1.0
44,LR,0.86,1.0
44,LR,0.87,1.0
44,LR,0.88,1.0
44,LR,0.89,1.0
44,LR,0.9,1.0
44,LR,0.91,1.0
44,LR,0.92,1.0
44,LR,0.93,1.0
44,LR,0.9400000000000001,1.0
44,LR,0.9500000000000001,1.0
44,LR,0.96,1.0
44,LR,0.97,1.0
44,LR,0.98,1.0
44,LR,0.99,1.0
44,LR,1.0,1.0
44,GAM,0.0,0.5925925925925926
44,GAM,0.01,0.691358024691358
44,GAM,0.02,0.8024691358024691
44,GAM,0.03,0.8518518518518519
44,GAM,0.04,0.9012345679012346
44,GAM,0.05,0.9259259259259259
44,GAM,0.06,0.9753086419753086
44,GAM,0.07,0.9753086419753086
44,GAM,0.08,0.9876543209876543
44,GAM,0.09,0.9876543209876543
44,GAM,0.1,0.9876543209876543
44,GAM,0.11,0.9876543209876543
44,GAM,0.12,0.9876543209876543
44,GAM,0.13,0.9876543209876543
44,GAM,0.14,0.9876543209876543
44,GAM,0.15,0.9876543209876543
44,GAM,0.16,0.9876543209876543
44,GAM,0.17,0.9876543209876543
44,GAM,0.18,0.9876543209876543
44,GAM,0.19,0.9876543209876543
44,GAM,0.2,0.9876543209876543
44,GAM,0.21,0.9876543209876543
44,GAM,0.22,0.9876543209876543
44,GAM,0.23,0.9876543209876543
44,GAM,0.24,0.9876543209876543
44,GAM,0.25,0.9876543209876543
44,GAM,0.26,0.9876543209876543
44,GAM,0.27,1.0
44,GAM,0.28,1.0
44,GAM,0.29,1.0
44,GAM,0.3,1.0
44,GAM,0.31,1.0
44,GAM,0.32,1.0
44,GAM,0.33,1.0
44,GAM,0.34,1.0
44,GAM,0.35000000000000003,1.0
44,GAM,0.36,1.0
44,GAM,0.37,1.0
44,GAM,0.38,1.0
44,GAM,0.39,1.0
44,GAM,0.4,1.0
44,GAM,0.41000000000000003,1.0
44,GAM,0.42,1.0
44,GAM,0.43,1.0
44,GAM,0.44,1.0
44,GAM,0.45,1.0
44,GAM,0.46,1.0
44,GAM,0.47000000000000003,1.0
44,GAM,0.48,1.0
44,GAM,0.49,1.0
44,GAM,0.5,1.0
44,GAM,0.51,1.0
44,GAM,0.52,1.0
44,GAM,0.53,1.0
44,GAM,0.54,1.0
44,GAM,0.55,1.0
44,GAM,0.56,1.0
44,GAM,0.5700000000000001,1.0
44,GAM,0.58,1.0
44,GAM,0.59,1.0
44,GAM,0.6,1.0
44,GAM,0.61,1.0
44,GAM,0.62,1.0
44,GAM,0.63,1.0
44,GAM,0.64,1.0
44,GAM,0.65,1.0
44,GAM,0.66,1.0
44,GAM,0.67,1.0
44,GAM,0.68,1.0
44,GAM,0.6900000000000001,1.0
44,GAM,0.7000000000000001,1.0
44,GAM,0.71,1.0
44,GAM,0.72,1.0
44,GAM,0.73,1.0
44,GAM,0.74,1.0
44,GAM,0.75,1.0
44,GAM,0.76,1.0
44,GAM,0.77,1.0
44,GAM,0.78,1.0
44,GAM,0.79,1.0
44,GAM,0.8,1.0
44,GAM,0.81,1.0
44,GAM,0.8200000000000001,1.0
44,GAM,0.8300000000000001,1.0
44,GAM,0.84,1.0
44,GAM,0.85,1.0
44,GAM,0.86,1.0
44,GAM,0.87,1.0
44,GAM,0.88,1.0
44,GAM,0.89,1.0
44,GAM,0.9,1.0
44,GAM,0.91,1.0
44,GAM,0.92,1.0
44,GAM,0.93,1.0
44,GAM,0.9400000000000001,1.0
44,GAM,0.9500000000000001,1.0
44,GAM,0.96,1.0
44,GAM,0.97,1.0
44,GAM,0.98,1.0
44,GAM,0.99,1.0
44,GAM,1.0,1.0
44,RF,0.0,0.5925925925925926
44,RF,0.01,0.7901234567901234
44,RF,0.02,0.8518518518518519
44,RF,0.03,0.8888888888888888
44,RF,0.04,0.9012345679012346
44,RF,0.05,0.9506172839506173
44,RF,0.06,0.9506172839506173
44,RF,0.07,0.9506172839506173
44,RF,0.08,0.9629629629629629
44,RF,0.09,0.9629629629629629
44,RF,0.1,0.9753086419753086
44,RF,0.11,0.9753086419753086
44,RF,0.12,0.9753086419753086
44,RF,0.13,0.9753086419753086
44,RF,0.14,0.9753086419753086
44,RF,0.15,0.9753086419753086
44,RF,0.16,1.0
44,RF,0.17,1.0
44,RF,0.18,1.0
44,RF,0.19,1.0
44,RF,0.2,1.0
44,RF,0.21,1.0
44,RF,0.22,1.0
44,RF,0.23,1.0
44,RF,0.24,1.0
44,RF,0.25,1.0
44,RF,0.26,1.0
44,RF,0.27,1.0
44,RF,0.28,1.0
44,RF,0.29,1.0
44,RF,0.3,1.0
44,RF,0.31,1.0
44,RF,0.32,1.0
44,RF,0.33,1.0
44,RF,0.34,1.0
44,RF,0.35000000000000003,1.0
44,RF,0.36,1.0
44,RF,0.37,1.0
44,RF,0.38,1.0
44,RF,0.39,1.0
44,RF,0.4,1.0
44,RF,0.41000000000000003,1.0
44,RF,0.42,1.0
44,RF,0.43,1.0
44,RF,0.44,1.0
44,RF,0.45,1.0
44,RF,0.46,1.0
44,RF,0.47000000000000003,1.0
44,RF,0.48,1.0
44,RF,0.49,1.0
44,RF,0.5,1.0
44,RF,0.51,1.0
44,RF,0.52,1.0
44,RF,0.53,1.0
44,RF,0.54,1.0
44,RF,0.55,1.0
44,RF,0.56,1.0
44,RF,0.5700000000000001,1.0
44,RF,0.58,1.0
44,RF,0.59,1.0
44,RF,0.6,1.0
44,RF,0.61,1.0
44,RF,0.62,1.0
44,RF,0.63,1.0
44,RF,0.64,1.0
44,RF,0.65,1.0
44,RF,0.66,1.0
44,RF,0.67,1.0
44,RF,0.68,1.0
44,RF,0.6900000000000001,1.0
44,RF,0.7000000000000001,1.0
44,RF,0.71,1.0
44,RF,0.72,1.0
44,RF,0.73,1.0
44,RF,0.74,1.0
44,RF,0.75,1.0
44,RF,0.76,1.0
44,RF,0.77,1.0
44,RF,0.78,1.0
44,RF,0.79,1.0
44,RF,0.8,1.0
44,RF,0.81,1.0
44,RF,0.8200000000000001,1.0
44,RF,0.8300000000000001,1.0
44,RF,0.84,1.0
44,RF,0.85,1.0
44,RF,0.86,1.0
44,RF,0.87,1.0
44,RF,0.88,1.0
44,RF,0.89,1.0
44,RF,0.9,1.0
44,RF,0.91,1.0
44,RF,0.92,1.0
44,RF,0.93,1.0
44,RF,0.9400000000000001,1.0
44,RF,0.9500000000000001,1.0
44,RF,0.96,1.0
44,RF,0.97,1.0
44,RF,0.98,1.0
44,RF,0.99,1.0
44,RF,1.0,1.0
45,LR,0.0,0.2328767123287671
45,LR,0.01,0.410958904109589
45,LR,0.02,0.6301369863013698
45,LR,0.03,0.7123287671232876
45,LR,0.04,0.7123287671232876
45,LR,0.05,0.8082191780821918
45,LR,0.06,0.821917808219178
45,LR,0.07,0.8767123287671232
45,LR,0.08,0.9041095890410958
45,LR,0.09,0.9178082191780822
45,LR,0.1,0.9178082191780822
45,LR,0.11,0.9178082191780822
45,LR,0.12,0.9178082191780822
45,LR,0.13,0.9178082191780822
45,LR,0.14,0.9178082191780822
45,LR,0.15,0.9178082191780822
45,LR,0.16,0.9178082191780822
45,LR,0.17,0.9315068493150684
45,LR,0.18,0.9315068493150684
45,LR,0.19,0.9315068493150684
45,LR,0.2,0.9315068493150684
45,LR,0.21,0.9315068493150684
45,LR,0.22,0.9315068493150684
45,LR,0.23,0.9315068493150684
45,LR,0.24,0.9315068493150684
45,LR,0.25,0.9315068493150684
45,LR,0.26,0.9315068493150684
45,LR,0.27,0.9315068493150684
45,LR,0.28,0.9315068493150684
45,LR,0.29,0.9452054794520548
45,LR,0.3,0.9452054794520548
45,LR,0.31,0.9452054794520548
45,LR,0.32,0.9726027397260274
45,LR,0.33,0.9726027397260274
45,LR,0.34,0.9726027397260274
45,LR,0.35000000000000003,0.9726027397260274
45,LR,0.36,0.9726027397260274
45,LR,0.37,0.9726027397260274
45,LR,0.38,0.9726027397260274
45,LR,0.39,0.9726027397260274
45,LR,0.4,0.9726027397260274
45,LR,0.41000000000000003,0.9726027397260274
45,LR,0.42,0.9726027397260274
45,LR,0.43,0.9726027397260274
45,LR,0.44,0.9726027397260274
45,LR,0.45,0.9726027397260274
45,LR,0.46,0.9726027397260274
45,LR,0.47000000000000003,0.9726027397260274
45,LR,0.48,0.9726027397260274
45,LR,0.49,0.9726027397260274
45,LR,0.5,0.9726027397260274
45,LR,0.51,0.9726027397260274
45,LR,0.52,0.9726027397260274
45,LR,0.53,0.9726027397260274
45,LR,0.54,0.9726027397260274
45,LR,0.55,0.9726027397260274
45,LR,0.56,0.9726027397260274
45,LR,0.5700000000000001,0.9726027397260274
45,LR,0.58,0.9726027397260274
45,LR,0.59,0.9726027397260274
45,LR,0.6,0.9726027397260274
45,LR,0.61,0.9726027397260274
45,LR,0.62,0.9863013698630136
45,LR,0.63,0.9863013698630136
45,LR,0.64,0.9863013698630136
45,LR,0.65,0.9863013698630136
45,LR,0.66,1.0
45,LR,0.67,1.0
45,LR,0.68,1.0
45,LR,0.6900000000000001,1.0
45,LR,0.7000000000000001,1.0
45,LR,0.71,1.0
45,LR,0.72,1.0
45,LR,0.73,1.0
45,LR,0.74,1.0
45,LR,0.75,1.0
45,LR,0.76,1.0
45,LR,0.77,1.0
45,LR,0.78,1.0
45,LR,0.79,1.0
45,LR,0.8,1.0
45,LR,0.81,1.0
45,LR,0.8200000000000001,1.0
45,LR,0.8300000000000001,1.0
45,LR,0.84,1.0
45,LR,0.85,1.0
45,LR,0.86,1.0
45,LR,0.87,1.0
45,LR,0.88,1.0
45,LR,0.89,1.0
45,LR,0.9,1.0
45,LR,0.91,1.0
45,LR,0.92,1.0
45,LR,0.93,1.0
45,LR,0.9400000000000001,1.0
45,LR,0.9500000000000001,1.0
45,LR,0.96,1.0
45,LR,0.97,1.0
45,LR,0.98,1.0
45,LR,0.99,1.0
45,LR,1.0,1.0
45,GAM,0.0,0.2191780821917808
45,GAM,0.01,0.3287671232876712
45,GAM,0.02,0.4246575342465753
45,GAM,0.03,0.6301369863013698
45,GAM,0.04,0.684931506849315
45,GAM,0.05,0.7808219178082192
45,GAM,0.06,0.7808219178082192
45,GAM,0.07,0.8493150684931506
45,GAM,0.08,0.8767123287671232
45,GAM,0.09,0.9041095890410958
45,GAM,0.1,0.9041095890410958
45,GAM,0.11,0.9178082191780822
45,GAM,0.12,0.9178082191780822
45,GAM,0.13,0.9178082191780822
45,GAM,0.14,0.9178082191780822
45,GAM,0.15,0.9178082191780822
45,GAM,0.16,0.9178082191780822
45,GAM,0.17,0.9178082191780822
45,GAM,0.18,0.9178082191780822
45,GAM,0.19,0.9178082191780822
45,GAM,0.2,0.9178082191780822
45,GAM,0.21,0.9178082191780822
45,GAM,0.22,0.9178082191780822
45,GAM,0.23,0.9315068493150684
45,GAM,0.24,0.9315068493150684
45,GAM,0.25,0.9452054794520548
45,GAM,0.26,0.9452054794520548
45,GAM,0.27,0.9452054794520548
45,GAM,0.28,0.9452054794520548
45,GAM,0.29,0.9452054794520548
45,GAM,0.3,0.9452054794520548
45,GAM,0.31,0.9452054794520548
45,GAM,0.32,0.9726027397260274
45,GAM,0.33,0.9726027397260274
45,GAM,0.34,0.9726027397260274
45,GAM,0.35000000000000003,0.9726027397260274
45,GAM,0.36,0.9726027397260274
45,GAM,0.37,0.9726027397260274
45,GAM,0.38,0.9726027397260274
45,GAM,0.39,0.9726027397260274
45,GAM,0.4,0.9726027397260274
45,GAM,0.41000000000000003,0.9726027397260274
45,GAM,0.42,0.9726027397260274
45,GAM,0.43,0.9726027397260274
45,GAM,0.44,0.9726027397260274
45,GAM,0.45,0.9726027397260274
45,GAM,0.46,0.9726027397260274
45,GAM,0.47000000000000003,0.9726027397260274
45,GAM,0.48,0.9726027397260274
45,GAM,0.49,0.9726027397260274
45,GAM,0.5,0.9726027397260274
45,GAM,0.51,0.9726027397260274
45,GAM,0.52,0.9726027397260274
45,GAM,0.53,0.9863013698630136
45,GAM,0.54,0.9863013698630136
45,GAM,0.55,0.9863013698630136
45,GAM,0.56,0.9863013698630136
45,GAM,0.5700000000000001,0.9863013698630136
45,GAM,0.58,0.9863013698630136
45,GAM,0.59,0.9863013698630136
45,GAM,0.6,0.9863013698630136
45,GAM,0.61,0.9863013698630136
45,GAM,0.62,0.9863013698630136
45,GAM,0.63,0.9863013698630136
45,GAM,0.64,0.9863013698630136
45,GAM,0.65,0.9863013698630136
45,GAM,0.66,0.9863013698630136
45,GAM,0.67,0.9863013698630136
45,GAM,0.68,1.0
45,GAM,0.6900000000000001,1.0
45,GAM,0.7000000000000001,1.0
45,GAM,0.71,1.0
45,GAM,0.72,1.0
45,GAM,0.73,1.0
45,GAM,0.74,1.0
45,GAM,0.75,1.0
45,GAM,0.76,1.0
45,GAM,0.77,1.0
45,GAM,0.78,1.0
45,GAM,0.79,1.0
45,GAM,0.8,1.0
45,GAM,0.81,1.0
45,GAM,0.8200000000000001,1.0
45,GAM,0.8300000000000001,1.0
45,GAM,0.84,1.0
45,GAM,0.85,1.0
45,GAM,0.86,1.0
45,GAM,0.87,1.0
45,GAM,0.88,1.0
45,GAM,0.89,1.0
45,GAM,0.9,1.0
45,GAM,0.91,1.0
45,GAM,0.92,1.0
45,GAM,0.93,1.0
45,GAM,0.9400000000000001,1.0
45,GAM,0.9500000000000001,1.0
45,GAM,0.96,1.0
45,GAM,0.97,1.0
45,GAM,0.98,1.0
45,GAM,0.99,1.0
45,GAM,1.0,1.0
45,RF,0.0,0.4520547945205479
45,RF,0.01,0.4520547945205479
45,RF,0.02,0.589041095890411
45,RF,0.03,0.6301369863013698
45,RF,0.04,0.726027397260274
45,RF,0.05,0.7945205479452054
45,RF,0.06,0.8082191780821918
45,RF,0.07,0.8356164383561644
45,RF,0.08,0.8356164383561644
45,RF,0.09,0.8493150684931506
45,RF,0.1,0.8493150684931506
45,RF,0.11,0.863013698630137
45,RF,0.12,0.863013698630137
45,RF,0.13,0.8767123287671232
45,RF,0.14,0.8767123287671232
45,RF,0.15,0.8767123287671232
45,RF,0.16,0.8767123287671232
45,RF,0.17,0.8767123287671232
45,RF,0.18,0.8767123287671232
45,RF,0.19,0.8904109589041096
45,RF,0.2,0.9041095890410958
45,RF,0.21,0.9041095890410958
45,RF,0.22,0.9178082191780822
45,RF,0.23,0.9315068493150684
45,RF,0.24,0.9315068493150684
45,RF,0.25,0.9315068493150684
45,RF,0.26,0.9452054794520548
45,RF,0.27,0.9452054794520548
45,RF,0.28,0.958904109589041
45,RF,0.29,0.958904109589041
45,RF,0.3,0.958904109589041
45,RF,0.31,0.958904109589041
45,RF,0.32,0.958904109589041
45,RF,0.33,0.958904109589041
45,RF,0.34,0.958904109589041
45,RF,0.35000000000000003,0.958904109589041
45,RF,0.36,0.9863013698630136
45,RF,0.37,0.9863013698630136
45,RF,0.38,0.9863013698630136
45,RF,0.39,0.9863013698630136
45,RF,0.4,0.9863013698630136
45,RF,0.41000000000000003,0.9863013698630136
45,RF,0.42,0.9863013698630136
45,RF,0.43,0.9863013698630136
45,RF,0.44,0.9863013698630136
45,RF,0.45,0.9863013698630136
45,RF,0.46,0.9863013698630136
45,RF,0.47000000000000003,0.9863013698630136
45,RF,0.48,0.9863013698630136
45,RF,0.49,0.9863013698630136
45,RF,0.5,0.9863013698630136
45,RF,0.51,0.9863013698630136
45,RF,0.52,0.9863013698630136
45,RF,0.53,0.9863013698630136
45,RF,0.54,0.9863013698630136
45,RF,0.55,0.9863013698630136
45,RF,0.56,0.9863013698630136
45,RF,0.5700000000000001,0.9863013698630136
45,RF,0.58,0.9863013698630136
45,RF,0.59,0.9863013698630136
45,RF,0.6,0.9863013698630136
45,RF,0.61,0.9863013698630136
45,RF,0.62,0.9863013698630136
45,RF,0.63,0.9863013698630136
45,RF,0.64,0.9863013698630136
45,RF,0.65,0.9863013698630136
45,RF,0.66,0.9863013698630136
45,RF,0.67,0.9863013698630136
45,RF,0.68,0.9863013698630136
45,RF,0.6900000000000001,0.9863013698630136
45,RF,0.7000000000000001,0.9863013698630136
45,RF,0.71,0.9863013698630136
45,RF,0.72,0.9863013698630136
45,RF,0.73,0.9863013698630136
45,RF,0.74,0.9863013698630136
45,RF,0.75,0.9863013698630136
45,RF,0.76,0.9863013698630136
45,RF,0.77,0.9863013698630136
45,RF,0.78,0.9863013698630136
45,RF,0.79,0.9863013698630136
45,RF,0.8,0.9863013698630136
45,RF,0.81,0.9863013698630136
45,RF,0.8200000000000001,0.9863013698630136
45,RF,0.8300000000000001,0.9863013698630136
45,RF,0.84,0.9863013698630136
45,RF,0.85,0.9863013698630136
45,RF,0.86,0.9863013698630136
45,RF,0.87,0.9863013698630136
45,RF,0.88,0.9863013698630136
45,RF,0.89,0.9863013698630136
45,RF,0.9,0.9863013698630136
45,RF,0.91,0.9863013698630136
45,RF,0.92,0.9863013698630136
45,RF,0.93,0.9863013698630136
45,RF,0.9400000000000001,1.0
45,RF,0.9500000000000001,1.0
45,RF,0.96,1.0
45,RF,0.97,1.0
45,RF,0.98,1.0
45,RF,0.99,1.0
45,RF,1.0,1.0
46,LR,0.0,0.17333333333333334
46,LR,0.01,0.4
46,LR,0.02,0.49333333333333335
46,LR,0.03,0.5866666666666667
46,LR,0.04,0.68
46,LR,0.05,0.7733333333333333
46,LR,0.06,0.84
46,LR,0.07,0.88
46,LR,0.08,0.9066666666666666
46,LR,0.09,0.9066666666666666
46,LR,0.1,0.92
46,LR,0.11,0.92
46,LR,0.12,0.92
46,LR,0.13,0.92
46,LR,0.14,0.92
46,LR,0.15,0.92
46,LR,0.16,0.92
46,LR,0.17,0.92
46,LR,0.18,0.92
46,LR,0.19,0.9333333333333333
46,LR,0.2,0.9333333333333333
46,LR,0.21,0.9333333333333333
46,LR,0.22,0.9333333333333333
46,LR,0.23,0.96
46,LR,0.24,0.96
46,LR,0.25,0.96
46,LR,0.26,0.96
46,LR,0.27,0.96
46,LR,0.28,0.96
46,LR,0.29,0.96
46,LR,0.3,0.96
46,LR,0.31,0.96
46,LR,0.32,0.9733333333333334
46,LR,0.33,0.9733333333333334
46,LR,0.34,0.9733333333333334
46,LR,0.35000000000000003,0.9733333333333334
46,LR,0.36,0.9733333333333334
46,LR,0.37,0.9733333333333334
46,LR,0.38,1.0
46,LR,0.39,1.0
46,LR,0.4,1.0
46,LR,0.41000000000000003,1.0
46,LR,0.42,1.0
46,LR,0.43,1.0
46,LR,0.44,1.0
46,LR,0.45,1.0
46,LR,0.46,1.0
46,LR,0.47000000000000003,1.0
46,LR,0.48,1.0
46,LR,0.49,1.0
46,LR,0.5,1.0
46,LR,0.51,1.0
46,LR,0.52,1.0
46,LR,0.53,1.0
46,LR,0.54,1.0
46,LR,0.55,1.0
46,LR,0.56,1.0
46,LR,0.5700000000000001,1.0
46,LR,0.58,1.0
46,LR,0.59,1.0
46,LR,0.6,1.0
46,LR,0.61,1.0
46,LR,0.62,1.0
46,LR,0.63,1.0
46,LR,0.64,1.0
46,LR,0.65,1.0
46,LR,0.66,1.0
46,LR,0.67,1.0
46,LR,0.68,1.0
46,LR,0.6900000000000001,1.0
46,LR,0.7000000000000001,1.0
46,LR,0.71,1.0
46,LR,0.72,1.0
46,LR,0.73,1.0
46,LR,0.74,1.0
46,LR,0.75,1.0
46,LR,0.76,1.0
46,LR,0.77,1.0
46,LR,0.78,1.0
46,LR,0.79,1.0
46,LR,0.8,1.0
46,LR,0.81,1.0
46,LR,0.8200000000000001,1.0
46,LR,0.8300000000000001,1.0
46,LR,0.84,1.0
46,LR,0.85,1.0
46,LR,0.86,1.0
46,LR,0.87,1.0
46,LR,0.88,1.0
46,LR,0.89,1.0
46,LR,0.9,1.0
46,LR,0.91,1.0
46,LR,0.92,1.0
46,LR,0.93,1.0
46,LR,0.9400000000000001,1.0
46,LR,0.9500000000000001,1.0
46,LR,0.96,1.0
46,LR,0.97,1.0
46,LR,0.98,1.0
46,LR,0.99,1.0
46,LR,1.0,1.0
46,GAM,0.0,0.29333333333333333
46,GAM,0.01,0.4
46,GAM,0.02,0.48
46,GAM,0.03,0.6
46,GAM,0.04,0.68
46,GAM,0.05,0.8266666666666667
46,GAM,0.06,0.84
46,GAM,0.07,0.8933333333333333
46,GAM,0.08,0.8933333333333333
46,GAM,0.09,0.9066666666666666
46,GAM,0.1,0.9066666666666666
46,GAM,0.11,0.9066666666666666
46,GAM,0.12,0.9066666666666666
46,GAM,0.13,0.9066666666666666
46,GAM,0.14,0.9066666666666666
46,GAM,0.15,0.92
46,GAM,0.16,0.9333333333333333
46,GAM,0.17,0.9333333333333333
46,GAM,0.18,0.9333333333333333
46,GAM,0.19,0.9333333333333333
46,GAM,0.2,0.9333333333333333
46,GAM,0.21,0.9333333333333333
46,GAM,0.22,0.9333333333333333
46,GAM,0.23,0.9333333333333333
46,GAM,0.24,0.9333333333333333
46,GAM,0.25,0.9333333333333333
46,GAM,0.26,0.9333333333333333
46,GAM,0.27,0.96
46,GAM,0.28,0.96
46,GAM,0.29,0.96
46,GAM,0.3,0.9866666666666667
46,GAM,0.31,0.9866666666666667
46,GAM,0.32,0.9866666666666667
46,GAM,0.33,0.9866666666666667
46,GAM,0.34,1.0
46,GAM,0.35000000000000003,1.0
46,GAM,0.36,1.0
46,GAM,0.37,1.0
46,GAM,0.38,1.0
46,GAM,0.39,1.0
46,GAM,0.4,1.0
46,GAM,0.41000000000000003,1.0
46,GAM,0.42,1.0
46,GAM,0.43,1.0
46,GAM,0.44,1.0
46,GAM,0.45,1.0
46,GAM,0.46,1.0
46,GAM,0.47000000000000003,1.0
46,GAM,0.48,1.0
46,GAM,0.49,1.0
46,GAM,0.5,1.0
46,GAM,0.51,1.0
46,GAM,0.52,1.0
46,GAM,0.53,1.0
46,GAM,0.54,1.0
46,GAM,0.55,1.0
46,GAM,0.56,1.0
46,GAM,0.5700000000000001,1.0
46,GAM,0.58,1.0
46,GAM,0.59,1.0
46,GAM,0.6,1.0
46,GAM,0.61,1.0
46,GAM,0.62,1.0
46,GAM,0.63,1.0
46,GAM,0.64,1.0
46,GAM,0.65,1.0
46,GAM,0.66,1.0
46,GAM,0.67,1.0
46,GAM,0.68,1.0
46,GAM,0.6900000000000001,1.0
46,GAM,0.7000000000000001,1.0
46,GAM,0.71,1.0
46,GAM,0.72,1.0
46,GAM,0.73,1.0
46,GAM,0.74,1.0
46,GAM,0.75,1.0
46,GAM,0.76,1.0
46,GAM,0.77,1.0
46,GAM,0.78,1.0
46,GAM,0.79,1.0
46,GAM,0.8,1.0
46,GAM,0.81,1.0
46,GAM,0.8200000000000001,1.0
46,GAM,0.8300000000000001,1.0
46,GAM,0.84,1.0
46,GAM,0.85,1.0
46,GAM,0.86,1.0
46,GAM,0.87,1.0
46,GAM,0.88,1.0
46,GAM,0.89,1.0
46,GAM,0.9,1.0
46,GAM,0.91,1.0
46,GAM,0.92,1.0
46,GAM,0.93,1.0
46,GAM,0.9400000000000001,1.0
46,GAM,0.9500000000000001,1.0
46,GAM,0.96,1.0
46,GAM,0.97,1.0
46,GAM,0.98,1.0
46,GAM,0.99,1.0
46,GAM,1.0,1.0
46,RF,0.0,0.3333333333333333
46,RF,0.01,0.4666666666666667
46,RF,0.02,0.6533333333333333
46,RF,0.03,0.72
46,RF,0.04,0.7866666666666666
46,RF,0.05,0.8933333333333333
46,RF,0.06,0.8933333333333333
46,RF,0.07,0.8933333333333333
46,RF,0.08,0.8933333333333333
46,RF,0.09,0.92
46,RF,0.1,0.9466666666666667
46,RF,0.11,0.96
46,RF,0.12,0.96
46,RF,0.13,0.96
46,RF,0.14,0.96
46,RF,0.15,0.9733333333333334
46,RF,0.16,0.9733333333333334
46,RF,0.17,0.9733333333333334
46,RF,0.18,0.9733333333333334
46,RF,0.19,0.9733333333333334
46,RF,0.2,0.9866666666666667
46,RF,0.21,1.0
46,RF,0.22,1.0
46,RF,0.23,1.0
46,RF,0.24,1.0
46,RF,0.25,1.0
46,RF,0.26,1.0
46,RF,0.27,1.0
46,RF,0.28,1.0
46,RF,0.29,1.0
46,RF,0.3,1.0
46,RF,0.31,1.0
46,RF,0.32,1.0
46,RF,0.33,1.0
46,RF,0.34,1.0
46,RF,0.35000000000000003,1.0
46,RF,0.36,1.0
46,RF,0.37,1.0
46,RF,0.38,1.0
46,RF,0.39,1.0
46,RF,0.4,1.0
46,RF,0.41000000000000003,1.0
46,RF,0.42,1.0
46,RF,0.43,1.0
46,RF,0.44,1.0
46,RF,0.45,1.0
46,RF,0.46,1.0
46,RF,0.47000000000000003,1.0
46,RF,0.48,1.0
46,RF,0.49,1.0
46,RF,0.5,1.0
46,RF,0.51,1.0
46,RF,0.52,1.0
46,RF,0.53,1.0
46,RF,0.54,1.0
46,RF,0.55,1.0
46,RF,0.56,1.0
46,RF,0.5700000000000001,1.0
46,RF,0.58,1.0
46,RF,0.59,1.0
46,RF,0.6,1.0
46,RF,0.61,1.0
46,RF,0.62,1.0
46,RF,0.63,1.0
46,RF,0.64,1.0
46,RF,0.65,1.0
46,RF,0.66,1.0
46,RF,0.67,1.0
46,RF,0.68,1.0
46,RF,0.6900000000000001,1.0
46,RF,0.7000000000000001,1.0
46,RF,0.71,1.0
46,RF,0.72,1.0
46,RF,0.73,1.0
46,RF,0.74,1.0
46,RF,0.75,1.0
46,RF,0.76,1.0
46,RF,0.77,1.0
46,RF,0.78,1.0
46,RF,0.79,1.0
46,RF,0.8,1.0
46,RF,0.81,1.0
46,RF,0.8200000000000001,1.0
46,RF,0.8300000000000001,1.0
46,RF,0.84,1.0
46,RF,0.85,1.0
46,RF,0.86,1.0
46,RF,0.87,1.0
46,RF,0.88,1.0
46,RF,0.89,1.0
46,RF,0.9,1.0
46,RF,0.91,1.0
46,RF,0.92,1.0
46,RF,0.93,1.0
46,RF,0.9400000000000001,1.0
46,RF,0.9500000000000001,1.0
46,RF,0.96,1.0
46,RF,0.97,1.0
46,RF,0.98,1.0
46,RF,0.99,1.0
46,RF,1.0,1.0
47,LR,0.0,0.14102564102564102
47,LR,0.01,0.21794871794871795
47,LR,0.02,0.2948717948717949
47,LR,0.03,0.38461538461538464
47,LR,0.04,0.5384615384615384
47,LR,0.05,0.5512820512820513
47,LR,0.06,0.6282051282051282
47,LR,0.07,0.7948717948717948
47,LR,0.08,0.7948717948717948
47,LR,0.09,0.8205128205128205
47,LR,0.1,0.8589743589743589
47,LR,0.11,0.8589743589743589
47,LR,0.12,0.8974358974358975
47,LR,0.13,0.8974358974358975
47,LR,0.14,0.9102564102564102
47,LR,0.15,0.9358974358974359
47,LR,0.16,0.9358974358974359
47,LR,0.17,0.9358974358974359
47,LR,0.18,0.9358974358974359
47,LR,0.19,0.9358974358974359
47,LR,0.2,0.9358974358974359
47,LR,0.21,0.9358974358974359
47,LR,0.22,0.9358974358974359
47,LR,0.23,0.9358974358974359
47,LR,0.24,0.9358974358974359
47,LR,0.25,0.9358974358974359
47,LR,0.26,0.9358974358974359
47,LR,0.27,0.9358974358974359
47,LR,0.28,0.9358974358974359
47,LR,0.29,0.9358974358974359
47,LR,0.3,0.9487179487179487
47,LR,0.31,0.9615384615384616
47,LR,0.32,0.9743589743589743
47,LR,0.33,0.9743589743589743
47,LR,0.34,0.9743589743589743
47,LR,0.35000000000000003,0.9743589743589743
47,LR,0.36,0.9871794871794872
47,LR,0.37,0.9871794871794872
47,LR,0.38,0.9871794871794872
47,LR,0.39,0.9871794871794872
47,LR,0.4,0.9871794871794872
47,LR,0.41000000000000003,0.9871794871794872
47,LR,0.42,0.9871794871794872
47,LR,0.43,0.9871794871794872
47,LR,0.44,0.9871794871794872
47,LR,0.45,0.9871794871794872
47,LR,0.46,0.9871794871794872
47,LR,0.47000000000000003,0.9871794871794872
47,LR,0.48,0.9871794871794872
47,LR,0.49,0.9871794871794872
47,LR,0.5,0.9871794871794872
47,LR,0.51,0.9871794871794872
47,LR,0.52,0.9871794871794872
47,LR,0.53,0.9871794871794872
47,LR,0.54,0.9871794871794872
47,LR,0.55,0.9871794871794872
47,LR,0.56,0.9871794871794872
47,LR,0.5700000000000001,0.9871794871794872
47,LR,0.58,0.9871794871794872
47,LR,0.59,0.9871794871794872
47,LR,0.6,0.9871794871794872
47,LR,0.61,0.9871794871794872
47,LR,0.62,0.9871794871794872
47,LR,0.63,0.9871794871794872
47,LR,0.64,0.9871794871794872
47,LR,0.65,0.9871794871794872
47,LR,0.66,0.9871794871794872
47,LR,0.67,0.9871794871794872
47,LR,0.68,0.9871794871794872
47,LR,0.6900000000000001,0.9871794871794872
47,LR,0.7000000000000001,1.0
47,LR,0.71,1.0
47,LR,0.72,1.0
47,LR,0.73,1.0
47,LR,0.74,1.0
47,LR,0.75,1.0
47,LR,0.76,1.0
47,LR,0.77,1.0
47,LR,0.78,1.0
47,LR,0.79,1.0
47,LR,0.8,1.0
47,LR,0.81,1.0
47,LR,0.8200000000000001,1.0
47,LR,0.8300000000000001,1.0
47,LR,0.84,1.0
47,LR,0.85,1.0
47,LR,0.86,1.0
47,LR,0.87,1.0
47,LR,0.88,1.0
47,LR,0.89,1.0
47,LR,0.9,1.0
47,LR,0.91,1.0
47,LR,0.92,1.0
47,LR,0.93,1.0
47,LR,0.9400000000000001,1.0
47,LR,0.9500000000000001,1.0
47,LR,0.96,1.0
47,LR,0.97,1.0
47,LR,0.98,1.0
47,LR,0.99,1.0
47,LR,1.0,1.0
47,GAM,0.0,0.20512820512820512
47,GAM,0.01,0.21794871794871795
47,GAM,0.02,0.3076923076923077
47,GAM,0.03,0.47435897435897434
47,GAM,0.04,0.5128205128205128
47,GAM,0.05,0.5256410256410257
47,GAM,0.06,0.6666666666666666
47,GAM,0.07,0.7948717948717948
47,GAM,0.08,0.8076923076923077
47,GAM,0.09,0.8076923076923077
47,GAM,0.1,0.8846153846153846
47,GAM,0.11,0.8974358974358975
47,GAM,0.12,0.8974358974358975
47,GAM,0.13,0.9102564102564102
47,GAM,0.14,0.9230769230769231
47,GAM,0.15,0.9358974358974359
47,GAM,0.16,0.9358974358974359
47,GAM,0.17,0.9358974358974359
47,GAM,0.18,0.9358974358974359
47,GAM,0.19,0.9358974358974359
47,GAM,0.2,0.9358974358974359
47,GAM,0.21,0.9358974358974359
47,GAM,0.22,0.9358974358974359
47,GAM,0.23,0.9358974358974359
47,GAM,0.24,0.9358974358974359
47,GAM,0.25,0.9358974358974359
47,GAM,0.26,0.9358974358974359
47,GAM,0.27,0.9487179487179487
47,GAM,0.28,0.9743589743589743
47,GAM,0.29,0.9743589743589743
47,GAM,0.3,0.9743589743589743
47,GAM,0.31,0.9743589743589743
47,GAM,0.32,0.9743589743589743
47,GAM,0.33,0.9743589743589743
47,GAM,0.34,0.9871794871794872
47,GAM,0.35000000000000003,0.9871794871794872
47,GAM,0.36,0.9871794871794872
47,GAM,0.37,0.9871794871794872
47,GAM,0.38,0.9871794871794872
47,GAM,0.39,0.9871794871794872
47,GAM,0.4,0.9871794871794872
47,GAM,0.41000000000000003,0.9871794871794872
47,GAM,0.42,0.9871794871794872
47,GAM,0.43,0.9871794871794872
47,GAM,0.44,0.9871794871794872
47,GAM,0.45,0.9871794871794872
47,GAM,0.46,0.9871794871794872
47,GAM,0.47000000000000003,0.9871794871794872
47,GAM,0.48,0.9871794871794872
47,GAM,0.49,0.9871794871794872
47,GAM,0.5,0.9871794871794872
47,GAM,0.51,0.9871794871794872
47,GAM,0.52,0.9871794871794872
47,GAM,0.53,0.9871794871794872
47,GAM,0.54,0.9871794871794872
47,GAM,0.55,0.9871794871794872
47,GAM,0.56,0.9871794871794872
47,GAM,0.5700000000000001,0.9871794871794872
47,GAM,0.58,0.9871794871794872
47,GAM,0.59,0.9871794871794872
47,GAM,0.6,0.9871794871794872
47,GAM,0.61,0.9871794871794872
47,GAM,0.62,0.9871794871794872
47,GAM,0.63,0.9871794871794872
47,GAM,0.64,0.9871794871794872
47,GAM,0.65,0.9871794871794872
47,GAM,0.66,0.9871794871794872
47,GAM,0.67,0.9871794871794872
47,GAM,0.68,0.9871794871794872
47,GAM,0.6900000000000001,0.9871794871794872
47,GAM,0.7000000000000001,1.0
47,GAM,0.71,1.0
47,GAM,0.72,1.0
47,GAM,0.73,1.0
47,GAM,0.74,1.0
47,GAM,0.75,1.0
47,GAM,0.76,1.0
47,GAM,0.77,1.0
47,GAM,0.78,1.0
47,GAM,0.79,1.0
47,GAM,0.8,1.0
47,GAM,0.81,1.0
47,GAM,0.8200000000000001,1.0
47,GAM,0.8300000000000001,1.0
47,GAM,0.84,1.0
47,GAM,0.85,1.0
47,GAM,0.86,1.0
47,GAM,0.87,1.0
47,GAM,0.88,1.0
47,GAM,0.89,1.0
47,GAM,0.9,1.0
47,GAM,0.91,1.0
47,GAM,0.92,1.0
47,GAM,0.93,1.0
47,GAM,0.9400000000000001,1.0
47,GAM,0.9500000000000001,1.0
47,GAM,0.96,1.0
47,GAM,0.97,1.0
47,GAM,0.98,1.0
47,GAM,0.99,1.0
47,GAM,1.0,1.0
47,RF,0.0,0.2692307692307692
47,RF,0.01,0.41025641025641024
47,RF,0.02,0.44871794871794873
47,RF,0.03,0.6025641025641025
47,RF,0.04,0.6025641025641025
47,RF,0.05,0.6153846153846154
47,RF,0.06,0.6410256410256411
47,RF,0.07,0.6538461538461539
47,RF,0.08,0.8076923076923077
47,RF,0.09,0.8717948717948718
47,RF,0.1,0.8846153846153846
47,RF,0.11,0.8846153846153846
47,RF,0.12,0.8846153846153846
47,RF,0.13,0.8974358974358975
47,RF,0.14,0.8974358974358975
47,RF,0.15,0.9230769230769231
47,RF,0.16,0.9230769230769231
47,RF,0.17,0.9230769230769231
47,RF,0.18,0.9230769230769231
47,RF,0.19,0.9230769230769231
47,RF,0.2,0.9487179487179487
47,RF,0.21,0.9487179487179487
47,RF,0.22,0.9487179487179487
47,RF,0.23,0.9487179487179487
47,RF,0.24,0.9615384615384616
47,RF,0.25,0.9615384615384616
47,RF,0.26,0.9743589743589743
47,RF,0.27,0.9743589743589743
47,RF,0.28,0.9743589743589743
47,RF,0.29,0.9743589743589743
47,RF,0.3,0.9743589743589743
47,RF,0.31,0.9871794871794872
47,RF,0.32,0.9871794871794872
47,RF,0.33,0.9871794871794872
47,RF,0.34,0.9871794871794872
47,RF,0.35000000000000003,0.9871794871794872
47,RF,0.36,0.9871794871794872
47,RF,0.37,0.9871794871794872
47,RF,0.38,0.9871794871794872
47,RF,0.39,0.9871794871794872
47,RF,0.4,0.9871794871794872
47,RF,0.41000000000000003,0.9871794871794872
47,RF,0.42,0.9871794871794872
47,RF,0.43,0.9871794871794872
47,RF,0.44,0.9871794871794872
47,RF,0.45,0.9871794871794872
47,RF,0.46,0.9871794871794872
47,RF,0.47000000000000003,0.9871794871794872
47,RF,0.48,0.9871794871794872
47,RF,0.49,0.9871794871794872
47,RF,0.5,0.9871794871794872
47,RF,0.51,0.9871794871794872
47,RF,0.52,0.9871794871794872
47,RF,0.53,0.9871794871794872
47,RF,0.54,0.9871794871794872
47,RF,0.55,0.9871794871794872
47,RF,0.56,0.9871794871794872
47,RF,0.5700000000000001,0.9871794871794872
47,RF,0.58,0.9871794871794872
47,RF,0.59,0.9871794871794872
47,RF,0.6,0.9871794871794872
47,RF,0.61,0.9871794871794872
47,RF,0.62,0.9871794871794872
47,RF,0.63,0.9871794871794872
47,RF,0.64,0.9871794871794872
47,RF,0.65,0.9871794871794872
47,RF,0.66,0.9871794871794872
47,RF,0.67,0.9871794871794872
47,RF,0.68,0.9871794871794872
47,RF,0.6900000000000001,0.9871794871794872
47,RF,0.7000000000000001,0.9871794871794872
47,RF,0.71,0.9871794871794872
47,RF,0.72,0.9871794871794872
47,RF,0.73,0.9871794871794872
47,RF,0.74,0.9871794871794872
47,RF,0.75,0.9871794871794872
47,RF,0.76,0.9871794871794872
47,RF,0.77,0.9871794871794872
47,RF,0.78,0.9871794871794872
47,RF,0.79,0.9871794871794872
47,RF,0.8,0.9871794871794872
47,RF,0.81,0.9871794871794872
47,RF,0.8200000000000001,0.9871794871794872
47,RF,0.8300000000000001,0.9871794871794872
47,RF,0.84,0.9871794871794872
47,RF,0.85,0.9871794871794872
47,RF,0.86,0.9871794871794872
47,RF,0.87,0.9871794871794872
47,RF,0.88,0.9871794871794872
47,RF,0.89,0.9871794871794872
47,RF,0.9,0.9871794871794872
47,RF,0.91,0.9871794871794872
47,RF,0.92,0.9871794871794872
47,RF,0.93,1.0
47,RF,0.9400000000000001,1.0
47,RF,0.9500000000000001,1.0
47,RF,0.96,1.0
47,RF,0.97,1.0
47,RF,0.98,1.0
47,RF,0.99,1.0
47,RF,1.0,1.0
48,LR,0.0,0.4157303370786517
48,LR,0.01,0.8426966292134831
48,LR,0.02,0.8426966292134831
48,LR,0.03,0.8539325842696629
48,LR,0.04,0.9101123595505618
48,LR,0.05,0.9213483146067416
48,LR,0.06,0.9213483146067416
48,LR,0.07,0.9213483146067416
48,LR,0.08,0.9325842696629213
48,LR,0.09,0.9438202247191011
48,LR,0.1,0.9438202247191011
48,LR,0.11,0.9438202247191011
48,LR,0.12,0.9438202247191011
48,LR,0.13,0.9438202247191011
48,LR,0.14,0.9438202247191011
48,LR,0.15,0.9438202247191011
48,LR,0.16,0.9438202247191011
48,LR,0.17,0.9438202247191011
48,LR,0.18,0.9438202247191011
48,LR,0.19,0.9438202247191011
48,LR,0.2,0.9550561797752809
48,LR,0.21,0.9550561797752809
48,LR,0.22,0.9550561797752809
48,LR,0.23,0.9662921348314607
48,LR,0.24,0.9775280898876404
48,LR,0.25,0.9775280898876404
48,LR,0.26,0.9775280898876404
48,LR,0.27,0.9775280898876404
48,LR,0.28,0.9775280898876404
48,LR,0.29,0.9887640449438202
48,LR,0.3,0.9887640449438202
48,LR,0.31,0.9887640449438202
48,LR,0.32,0.9887640449438202
48,LR,0.33,0.9887640449438202
48,LR,0.34,0.9887640449438202
48,LR,0.35000000000000003,0.9887640449438202
48,LR,0.36,0.9887640449438202
48,LR,0.37,0.9887640449438202
48,LR,0.38,0.9887640449438202
48,LR,0.39,0.9887640449438202
48,LR,0.4,0.9887640449438202
48,LR,0.41000000000000003,0.9887640449438202
48,LR,0.42,0.9887640449438202
48,LR,0.43,0.9887640449438202
48,LR,0.44,0.9887640449438202
48,LR,0.45,0.9887640449438202
48,LR,0.46,0.9887640449438202
48,LR,0.47000000000000003,0.9887640449438202
48,LR,0.48,0.9887640449438202
48,LR,0.49,0.9887640449438202
48,LR,0.5,0.9887640449438202
48,LR,0.51,0.9887640449438202
48,LR,0.52,0.9887640449438202
48,LR,0.53,0.9887640449438202
48,LR,0.54,0.9887640449438202
48,LR,0.55,0.9887640449438202
48,LR,0.56,0.9887640449438202
48,LR,0.5700000000000001,0.9887640449438202
48,LR,0.58,0.9887640449438202
48,LR,0.59,0.9887640449438202
48,LR,0.6,0.9887640449438202
48,LR,0.61,0.9887640449438202
48,LR,0.62,0.9887640449438202
48,LR,0.63,0.9887640449438202
48,LR,0.64,0.9887640449438202
48,LR,0.65,0.9887640449438202
48,LR,0.66,0.9887640449438202
48,LR,0.67,0.9887640449438202
48,LR,0.68,0.9887640449438202
48,LR,0.6900000000000001,0.9887640449438202
48,LR,0.7000000000000001,0.9887640449438202
48,LR,0.71,0.9887640449438202
48,LR,0.72,0.9887640449438202
48,LR,0.73,0.9887640449438202
48,LR,0.74,0.9887640449438202
48,LR,0.75,0.9887640449438202
48,LR,0.76,0.9887640449438202
48,LR,0.77,0.9887640449438202
48,LR,0.78,0.9887640449438202
48,LR,0.79,0.9887640449438202
48,LR,0.8,0.9887640449438202
48,LR,0.81,0.9887640449438202
48,LR,0.8200000000000001,0.9887640449438202
48,LR,0.8300000000000001,0.9887640449438202
48,LR,0.84,0.9887640449438202
48,LR,0.85,0.9887640449438202
48,LR,0.86,0.9887640449438202
48,LR,0.87,0.9887640449438202
48,LR,0.88,1.0
48,LR,0.89,1.0
48,LR,0.9,1.0
48,LR,0.91,1.0
48,LR,0.92,1.0
48,LR,0.93,1.0
48,LR,0.9400000000000001,1.0
48,LR,0.9500000000000001,1.0
48,LR,0.96,1.0
48,LR,0.97,1.0
48,LR,0.98,1.0
48,LR,0.99,1.0
48,LR,1.0,1.0
48,GAM,0.0,0.39325842696629215
48,GAM,0.01,0.8314606741573034
48,GAM,0.02,0.8539325842696629
48,GAM,0.03,0.8539325842696629
48,GAM,0.04,0.8764044943820225
48,GAM,0.05,0.9213483146067416
48,GAM,0.06,0.9325842696629213
48,GAM,0.07,0.9325842696629213
48,GAM,0.08,0.9325842696629213
48,GAM,0.09,0.9325842696629213
48,GAM,0.1,0.9438202247191011
48,GAM,0.11,0.9438202247191011
48,GAM,0.12,0.9438202247191011
48,GAM,0.13,0.9438202247191011
48,GAM,0.14,0.9438202247191011
48,GAM,0.15,0.9438202247191011
48,GAM,0.16,0.9438202247191011
48,GAM,0.17,0.9550561797752809
48,GAM,0.18,0.9662921348314607
48,GAM,0.19,0.9662921348314607
48,GAM,0.2,0.9775280898876404
48,GAM,0.21,0.9775280898876404
48,GAM,0.22,0.9775280898876404
48,GAM,0.23,0.9775280898876404
48,GAM,0.24,0.9775280898876404
48,GAM,0.25,0.9775280898876404
48,GAM,0.26,0.9887640449438202
48,GAM,0.27,0.9887640449438202
48,GAM,0.28,0.9887640449438202
48,GAM,0.29,0.9887640449438202
48,GAM,0.3,0.9887640449438202
48,GAM,0.31,0.9887640449438202
48,GAM,0.32,0.9887640449438202
48,GAM,0.33,0.9887640449438202
48,GAM,0.34,0.9887640449438202
48,GAM,0.35000000000000003,0.9887640449438202
48,GAM,0.36,0.9887640449438202
48,GAM,0.37,0.9887640449438202
48,GAM,0.38,0.9887640449438202
48,GAM,0.39,0.9887640449438202
48,GAM,0.4,0.9887640449438202
48,GAM,0.41000000000000003,0.9887640449438202
48,GAM,0.42,0.9887640449438202
48,GAM,0.43,0.9887640449438202
48,GAM,0.44,0.9887640449438202
48,GAM,0.45,0.9887640449438202
48,GAM,0.46,0.9887640449438202
48,GAM,0.47000000000000003,0.9887640449438202
48,GAM,0.48,0.9887640449438202
48,GAM,0.49,0.9887640449438202
48,GAM,0.5,0.9887640449438202
48,GAM,0.51,0.9887640449438202
48,GAM,0.52,0.9887640449438202
48,GAM,0.53,0.9887640449438202
48,GAM,0.54,0.9887640449438202
48,GAM,0.55,0.9887640449438202
48,GAM,0.56,0.9887640449438202
48,GAM,0.5700000000000001,0.9887640449438202
48,GAM,0.58,0.9887640449438202
48,GAM,0.59,0.9887640449438202
48,GAM,0.6,0.9887640449438202
48,GAM,0.61,0.9887640449438202
48,GAM,0.62,0.9887640449438202
48,GAM,0.63,0.9887640449438202
48,GAM,0.64,0.9887640449438202
48,GAM,0.65,0.9887640449438202
48,GAM,0.66,0.9887640449438202
48,GAM,0.67,0.9887640449438202
48,GAM,0.68,0.9887640449438202
48,GAM,0.6900000000000001,0.9887640449438202
48,GAM,0.7000000000000001,0.9887640449438202
48,GAM,0.71,0.9887640449438202
48,GAM,0.72,0.9887640449438202
48,GAM,0.73,0.9887640449438202
48,GAM,0.74,0.9887640449438202
48,GAM,0.75,0.9887640449438202
48,GAM,0.76,0.9887640449438202
48,GAM,0.77,0.9887640449438202
48,GAM,0.78,0.9887640449438202
48,GAM,0.79,0.9887640449438202
48,GAM,0.8,0.9887640449438202
48,GAM,0.81,1.0
48,GAM,0.8200000000000001,1.0
48,GAM,0.8300000000000001,1.0
48,GAM,0.84,1.0
48,GAM,0.85,1.0
48,GAM,0.86,1.0
48,GAM,0.87,1.0
48,GAM,0.88,1.0
48,GAM,0.89,1.0
48,GAM,0.9,1.0
48,GAM,0.91,1.0
48,GAM,0.92,1.0
48,GAM,0.93,1.0
48,GAM,0.9400000000000001,1.0
48,GAM,0.9500000000000001,1.0
48,GAM,0.96,1.0
48,GAM,0.97,1.0
48,GAM,0.98,1.0
48,GAM,0.99,1.0
48,GAM,1.0,1.0
48,RF,0.0,0.6179775280898876
48,RF,0.01,0.7640449438202247
48,RF,0.02,0.7865168539325843
48,RF,0.03,0.8089887640449438
48,RF,0.04,0.8539325842696629
48,RF,0.05,0.8764044943820225
48,RF,0.06,0.8876404494382022
48,RF,0.07,0.9213483146067416
48,RF,0.08,0.9213483146067416
48,RF,0.09,0.9213483146067416
48,RF,0.1,0.9213483146067416
48,RF,0.11,0.9325842696629213
48,RF,0.12,0.9325842696629213
48,RF,0.13,0.9325842696629213
48,RF,0.14,0.9325842696629213
48,RF,0.15,0.9325842696629213
48,RF,0.16,0.9325842696629213
48,RF,0.17,0.9662921348314607
48,RF,0.18,0.9662921348314607
48,RF,0.19,0.9662921348314607
48,RF,0.2,0.9775280898876404
48,RF,0.21,0.9775280898876404
48,RF,0.22,0.9775280898876404
48,RF,0.23,0.9775280898876404
48,RF,0.24,0.9887640449438202
48,RF,0.25,0.9887640449438202
48,RF,0.26,0.9887640449438202
48,RF,0.27,0.9887640449438202
48,RF,0.28,0.9887640449438202
48,RF,0.29,0.9887640449438202
48,RF,0.3,0.9887640449438202
48,RF,0.31,0.9887640449438202
48,RF,0.32,0.9887640449438202
48,RF,0.33,0.9887640449438202
48,RF,0.34,0.9887640449438202
48,RF,0.35000000000000003,0.9887640449438202
48,RF,0.36,0.9887640449438202
48,RF,0.37,0.9887640449438202
48,RF,0.38,0.9887640449438202
48,RF,0.39,0.9887640449438202
48,RF,0.4,0.9887640449438202
48,RF,0.41000000000000003,0.9887640449438202
48,RF,0.42,0.9887640449438202
48,RF,0.43,0.9887640449438202
48,RF,0.44,0.9887640449438202
48,RF,0.45,0.9887640449438202
48,RF,0.46,0.9887640449438202
48,RF,0.47000000000000003,0.9887640449438202
48,RF,0.48,0.9887640449438202
48,RF,0.49,0.9887640449438202
48,RF,0.5,0.9887640449438202
48,RF,0.51,0.9887640449438202
48,RF,0.52,0.9887640449438202
48,RF,0.53,0.9887640449438202
48,RF,0.54,0.9887640449438202
48,RF,0.55,0.9887640449438202
48,RF,0.56,0.9887640449438202
48,RF,0.5700000000000001,0.9887640449438202
48,RF,0.58,0.9887640449438202
48,RF,0.59,0.9887640449438202
48,RF,0.6,0.9887640449438202
48,RF,0.61,0.9887640449438202
48,RF,0.62,0.9887640449438202
48,RF,0.63,0.9887640449438202
48,RF,0.64,0.9887640449438202
48,RF,0.65,0.9887640449438202
48,RF,0.66,0.9887640449438202
48,RF,0.67,0.9887640449438202
48,RF,0.68,0.9887640449438202
48,RF,0.6900000000000001,0.9887640449438202
48,RF,0.7000000000000001,0.9887640449438202
48,RF,0.71,0.9887640449438202
48,RF,0.72,0.9887640449438202
48,RF,0.73,0.9887640449438202
48,RF,0.74,0.9887640449438202
48,RF,0.75,0.9887640449438202
48,RF,0.76,0.9887640449438202
48,RF,0.77,0.9887640449438202
48,RF,0.78,0.9887640449438202
48,RF,0.79,0.9887640449438202
48,RF,0.8,0.9887640449438202
48,RF,0.81,1.0
48,RF,0.8200000000000001,1.0
48,RF,0.8300000000000001,1.0
48,RF,0.84,1.0
48,RF,0.85,1.0
48,RF,0.86,1.0
48,RF,0.87,1.0
48,RF,0.88,1.0
48,RF,0.89,1.0
48,RF,0.9,1.0
48,RF,0.91,1.0
48,RF,0.92,1.0
48,RF,0.93,1.0
48,RF,0.9400000000000001,1.0
48,RF,0.9500000000000001,1.0
48,RF,0.96,1.0
48,RF,0.97,1.0
48,RF,0.98,1.0
48,RF,0.99,1.0
48,RF,1.0,1.0
49,LR,0.0,0.31645569620253167
49,LR,0.01,0.5063291139240507
49,LR,0.02,0.5063291139240507
49,LR,0.03,0.620253164556962
49,LR,0.04,0.6455696202531646
49,LR,0.05,0.6455696202531646
49,LR,0.06,0.6455696202531646
49,LR,0.07,0.6708860759493671
49,LR,0.08,0.6708860759493671
49,LR,0.09,0.6835443037974683
49,LR,0.1,0.7848101265822784
49,LR,0.11,0.7848101265822784
49,LR,0.12,0.8481012658227848
49,LR,0.13,0.8481012658227848
49,LR,0.14,0.8607594936708861
49,LR,0.15,0.8734177215189873
49,LR,0.16,0.8734177215189873
49,LR,0.17,0.8734177215189873
49,LR,0.18,0.8734177215189873
49,LR,0.19,0.8987341772151899
49,LR,0.2,0.8987341772151899
49,LR,0.21,0.8987341772151899
49,LR,0.22,0.8987341772151899
49,LR,0.23,0.9113924050632911
49,LR,0.24,0.9113924050632911
49,LR,0.25,0.9113924050632911
49,LR,0.26,0.9113924050632911
49,LR,0.27,0.9113924050632911
49,LR,0.28,0.9113924050632911
49,LR,0.29,0.9113924050632911
49,LR,0.3,0.9113924050632911
49,LR,0.31,0.9113924050632911
49,LR,0.32,0.9113924050632911
49,LR,0.33,0.9113924050632911
49,LR,0.34,0.9113924050632911
49,LR,0.35000000000000003,0.9113924050632911
49,LR,0.36,0.9113924050632911
49,LR,0.37,0.9113924050632911
49,LR,0.38,0.9240506329113924
49,LR,0.39,0.9240506329113924
49,LR,0.4,0.9240506329113924
49,LR,0.41000000000000003,0.9240506329113924
49,LR,0.42,0.9240506329113924
49,LR,0.43,0.9367088607594937
49,LR,0.44,0.9367088607594937
49,LR,0.45,0.9367088607594937
49,LR,0.46,0.9367088607594937
49,LR,0.47000000000000003,0.9367088607594937
49,LR,0.48,0.9367088607594937
49,LR,0.49,0.9367088607594937
49,LR,0.5,0.9367088607594937
49,LR,0.51,0.9493670886075949
49,LR,0.52,0.9493670886075949
49,LR,0.53,0.9493670886075949
49,LR,0.54,0.9493670886075949
49,LR,0.55,0.9620253164556962
49,LR,0.56,0.9746835443037974
49,LR,0.5700000000000001,0.9746835443037974
49,LR,0.58,0.9746835443037974
49,LR,0.59,0.9746835443037974
49,LR,0.6,0.9746835443037974
49,LR,0.61,0.9746835443037974
49,LR,0.62,0.9746835443037974
49,LR,0.63,0.9746835443037974
49,LR,0.64,0.9746835443037974
49,LR,0.65,0.9746835443037974
49,LR,0.66,0.9873417721518988
49,LR,0.67,0.9873417721518988
49,LR,0.68,0.9873417721518988
49,LR,0.6900000000000001,0.9873417721518988
49,LR,0.7000000000000001,0.9873417721518988
49,LR,0.71,0.9873417721518988
49,LR,0.72,0.9873417721518988
49,LR,0.73,0.9873417721518988
49,LR,0.74,0.9873417721518988
49,LR,0.75,0.9873417721518988
49,LR,0.76,0.9873417721518988
49,LR,0.77,0.9873417721518988
49,LR,0.78,0.9873417721518988
49,LR,0.79,0.9873417721518988
49,LR,0.8,0.9873417721518988
49,LR,0.81,0.9873417721518988
49,LR,0.8200000000000001,0.9873417721518988
49,LR,0.8300000000000001,0.9873417721518988
49,LR,0.84,0.9873417721518988
49,LR,0.85,0.9873417721518988
49,LR,0.86,0.9873417721518988
49,LR,0.87,0.9873417721518988
49,LR,0.88,0.9873417721518988
49,LR,0.89,0.9873417721518988
49,LR,0.9,0.9873417721518988
49,LR,0.91,0.9873417721518988
49,LR,0.92,0.9873417721518988
49,LR,0.93,0.9873417721518988
49,LR,0.9400000000000001,0.9873417721518988
49,LR,0.9500000000000001,1.0
49,LR,0.96,1.0
49,LR,0.97,1.0
49,LR,0.98,1.0
49,LR,0.99,1.0
49,LR,1.0,1.0
49,GAM,0.0,0.31645569620253167
49,GAM,0.01,0.5189873417721519
49,GAM,0.02,0.5443037974683544
49,GAM,0.03,0.620253164556962
49,GAM,0.04,0.620253164556962
49,GAM,0.05,0.6455696202531646
49,GAM,0.06,0.6708860759493671
49,GAM,0.07,0.7088607594936709
49,GAM,0.08,0.7341772151898734
49,GAM,0.09,0.7468354430379747
49,GAM,0.1,0.8227848101265823
49,GAM,0.11,0.8481012658227848
49,GAM,0.12,0.8607594936708861
49,GAM,0.13,0.8607594936708861
49,GAM,0.14,0.8734177215189873
49,GAM,0.15,0.8734177215189873
49,GAM,0.16,0.8987341772151899
49,GAM,0.17,0.8987341772151899
49,GAM,0.18,0.8987341772151899
49,GAM,0.19,0.8987341772151899
49,GAM,0.2,0.9113924050632911
49,GAM,0.21,0.9113924050632911
49,GAM,0.22,0.9113924050632911
49,GAM,0.23,0.9113924050632911
49,GAM,0.24,0.9113924050632911
49,GAM,0.25,0.9113924050632911
49,GAM,0.26,0.9113924050632911
49,GAM,0.27,0.9113924050632911
49,GAM,0.28,0.9113924050632911
49,GAM,0.29,0.9113924050632911
49,GAM,0.3,0.9240506329113924
49,GAM,0.31,0.9240506329113924
49,GAM,0.32,0.9240506329113924
49,GAM,0.33,0.9240506329113924
49,GAM,0.34,0.9240506329113924
49,GAM,0.35000000000000003,0.9367088607594937
49,GAM,0.36,0.9367088607594937
49,GAM,0.37,0.9367088607594937
49,GAM,0.38,0.9367088607594937
49,GAM,0.39,0.9367088607594937
49,GAM,0.4,0.9367088607594937
49,GAM,0.41000000000000003,0.9367088607594937
49,GAM,0.42,0.9493670886075949
49,GAM,0.43,0.9493670886075949
49,GAM,0.44,0.9493670886075949
49,GAM,0.45,0.9493670886075949
49,GAM,0.46,0.9620253164556962
49,GAM,0.47000000000000003,0.9620253164556962
49,GAM,0.48,0.9746835443037974
49,GAM,0.49,0.9746835443037974
49,GAM,0.5,0.9873417721518988
49,GAM,0.51,0.9873417721518988
49,GAM,0.52,0.9873417721518988
49,GAM,0.53,0.9873417721518988
49,GAM,0.54,0.9873417721518988
49,GAM,0.55,0.9873417721518988
49,GAM,0.56,0.9873417721518988
49,GAM,0.5700000000000001,0.9873417721518988
49,GAM,0.58,0.9873417721518988
49,GAM,0.59,0.9873417721518988
49,GAM,0.6,0.9873417721518988
49,GAM,0.61,0.9873417721518988
49,GAM,0.62,0.9873417721518988
49,GAM,0.63,0.9873417721518988
49,GAM,0.64,0.9873417721518988
49,GAM,0.65,0.9873417721518988
49,GAM,0.66,0.9873417721518988
49,GAM,0.67,0.9873417721518988
49,GAM,0.68,0.9873417721518988
49,GAM,0.6900000000000001,0.9873417721518988
49,GAM,0.7000000000000001,0.9873417721518988
49,GAM,0.71,0.9873417721518988
49,GAM,0.72,0.9873417721518988
49,GAM,0.73,0.9873417721518988
49,GAM,0.74,0.9873417721518988
49,GAM,0.75,0.9873417721518988
49,GAM,0.76,0.9873417721518988
49,GAM,0.77,0.9873417721518988
49,GAM,0.78,0.9873417721518988
49,GAM,0.79,0.9873417721518988
49,GAM,0.8,0.9873417721518988
49,GAM,0.81,0.9873417721518988
49,GAM,0.8200000000000001,0.9873417721518988
49,GAM,0.8300000000000001,0.9873417721518988
49,GAM,0.84,0.9873417721518988
49,GAM,0.85,0.9873417721518988
49,GAM,0.86,0.9873417721518988
49,GAM,0.87,0.9873417721518988
49,GAM,0.88,0.9873417721518988
49,GAM,0.89,0.9873417721518988
49,GAM,0.9,0.9873417721518988
49,GAM,0.91,1.0
49,GAM,0.92,1.0
49,GAM,0.93,1.0
49,GAM,0.9400000000000001,1.0
49,GAM,0.9500000000000001,1.0
49,GAM,0.96,1.0
49,GAM,0.97,1.0
49,GAM,0.98,1.0
49,GAM,0.99,1.0
49,GAM,1.0,1.0
49,RF,0.0,0.4430379746835443
49,RF,0.01,0.569620253164557
49,RF,0.02,0.6455696202531646
49,RF,0.03,0.6582278481012658
49,RF,0.04,0.7468354430379747
49,RF,0.05,0.7468354430379747
49,RF,0.06,0.759493670886076
49,RF,0.07,0.7848101265822784
49,RF,0.08,0.7848101265822784
49,RF,0.09,0.810126582278481
49,RF,0.1,0.8227848101265823
49,RF,0.11,0.8227848101265823
49,RF,0.12,0.8227848101265823
49,RF,0.13,0.8227848101265823
49,RF,0.14,0.8354430379746836
49,RF,0.15,0.8860759493670886
49,RF,0.16,0.8860759493670886
49,RF,0.17,0.8860759493670886
49,RF,0.18,0.8987341772151899
49,RF,0.19,0.8987341772151899
49,RF,0.2,0.8987341772151899
49,RF,0.21,0.8987341772151899
49,RF,0.22,0.8987341772151899
49,RF,0.23,0.9620253164556962
49,RF,0.24,0.9620253164556962
49,RF,0.25,0.9746835443037974
49,RF,0.26,0.9746835443037974
49,RF,0.27,0.9746835443037974
49,RF,0.28,0.9746835443037974
49,RF,0.29,0.9746835443037974
49,RF,0.3,0.9746835443037974
49,RF,0.31,0.9746835443037974
49,RF,0.32,0.9873417721518988
49,RF,0.33,0.9873417721518988
49,RF,0.34,0.9873417721518988
49,RF,0.35000000000000003,0.9873417721518988
49,RF,0.36,0.9873417721518988
49,RF,0.37,0.9873417721518988
49,RF,0.38,0.9873417721518988
49,RF,0.39,0.9873417721518988
49,RF,0.4,0.9873417721518988
49,RF,0.41000000000000003,0.9873417721518988
49,RF,0.42,0.9873417721518988
49,RF,0.43,0.9873417721518988
49,RF,0.44,0.9873417721518988
49,RF,0.45,0.9873417721518988
49,RF,0.46,0.9873417721518988
49,RF,0.47000000000000003,0.9873417721518988
49,RF,0.48,0.9873417721518988
49,RF,0.49,0.9873417721518988
49,RF,0.5,0.9873417721518988
49,RF,0.51,0.9873417721518988
49,RF,0.52,0.9873417721518988
49,RF,0.53,0.9873417721518988
49,RF,0.54,0.9873417721518988
49,RF,0.55,0.9873417721518988
49,RF,0.56,0.9873417721518988
49,RF,0.5700000000000001,0.9873417721518988
49,RF,0.58,0.9873417721518988
49,RF,0.59,0.9873417721518988
49,RF,0.6,0.9873417721518988
49,RF,0.61,0.9873417721518988
49,RF,0.62,0.9873417721518988
49,RF,0.63,1.0
49,RF,0.64,1.0
49,RF,0.65,1.0
49,RF,0.66,1.0
49,RF,0.67,1.0
49,RF,0.68,1.0
49,RF,0.6900000000000001,1.0
49,RF,0.7000000000000001,1.0
49,RF,0.71,1.0
49,RF,0.72,1.0
49,RF,0.73,1.0
49,RF,0.74,1.0
49,RF,0.75,1.0
49,RF,0.76,1.0
49,RF,0.77,1.0
49,RF,0.78,1.0
49,RF,0.79,1.0
49,RF,0.8,1.0
49,RF,0.81,1.0
49,RF,0.8200000000000001,1.0
49,RF,0.8300000000000001,1.0
49,RF,0.84,1.0
49,RF,0.85,1.0
49,RF,0.86,1.0
49,RF,0.87,1.0
49,RF,0.88,1.0
49,RF,0.89,1.0
49,RF,0.9,1.0
49,RF,0.91,1.0
49,RF,0.92,1.0
49,RF,0.93,1.0
49,RF,0.9400000000000001,1.0
49,RF,0.9500000000000001,1.0
49,RF,0.96,1.0
49,RF,0.97,1.0
49,RF,0.98,1.0
49,RF,0.99,1.0
49,RF,1.0,1.0
50,LR,0.0,0.11904761904761904
50,LR,0.01,0.40476190476190477
50,LR,0.02,0.47619047619047616
50,LR,0.03,0.6904761904761905
50,LR,0.04,0.6904761904761905
50,LR,0.05,0.6904761904761905
50,LR,0.06,0.7261904761904762
50,LR,0.07,0.7261904761904762
50,LR,0.08,0.75
50,LR,0.09,0.7619047619047619
50,LR,0.1,0.8095238095238095
50,LR,0.11,0.8333333333333334
50,LR,0.12,0.8333333333333334
50,LR,0.13,0.8452380952380952
50,LR,0.14,0.8809523809523809
50,LR,0.15,0.9047619047619048
50,LR,0.16,0.9047619047619048
50,LR,0.17,0.9166666666666666
50,LR,0.18,0.9166666666666666
50,LR,0.19,0.9166666666666666
50,LR,0.2,0.9285714285714286
50,LR,0.21,0.9285714285714286
50,LR,0.22,0.9285714285714286
50,LR,0.23,0.9285714285714286
50,LR,0.24,0.9285714285714286
50,LR,0.25,0.9285714285714286
50,LR,0.26,0.9404761904761905
50,LR,0.27,0.9404761904761905
50,LR,0.28,0.9404761904761905
50,LR,0.29,0.9404761904761905
50,LR,0.3,0.9523809523809523
50,LR,0.31,0.9523809523809523
50,LR,0.32,0.9523809523809523
50,LR,0.33,0.9642857142857143
50,LR,0.34,0.9642857142857143
50,LR,0.35000000000000003,0.9642857142857143
50,LR,0.36,0.9642857142857143
50,LR,0.37,0.9642857142857143
50,LR,0.38,0.9761904761904762
50,LR,0.39,0.9761904761904762
50,LR,0.4,0.9761904761904762
50,LR,0.41000000000000003,0.9761904761904762
50,LR,0.42,0.9761904761904762
50,LR,0.43,0.9761904761904762
50,LR,0.44,0.9761904761904762
50,LR,0.45,0.9761904761904762
50,LR,0.46,0.9761904761904762
50,LR,0.47000000000000003,0.9761904761904762
50,LR,0.48,0.9880952380952381
50,LR,0.49,0.9880952380952381
50,LR,0.5,0.9880952380952381
50,LR,0.51,0.9880952380952381
50,LR,0.52,0.9880952380952381
50,LR,0.53,0.9880952380952381
50,LR,0.54,0.9880952380952381
50,LR,0.55,0.9880952380952381
50,LR,0.56,0.9880952380952381
50,LR,0.5700000000000001,0.9880952380952381
50,LR,0.58,0.9880952380952381
50,LR,0.59,0.9880952380952381
50,LR,0.6,0.9880952380952381
50,LR,0.61,0.9880952380952381
50,LR,0.62,0.9880952380952381
50,LR,0.63,0.9880952380952381
50,LR,0.64,0.9880952380952381
50,LR,0.65,0.9880952380952381
50,LR,0.66,0.9880952380952381
50,LR,0.67,0.9880952380952381
50,LR,0.68,1.0
50,LR,0.6900000000000001,1.0
50,LR,0.7000000000000001,1.0
50,LR,0.71,1.0
50,LR,0.72,1.0
50,LR,0.73,1.0
50,LR,0.74,1.0
50,LR,0.75,1.0
50,LR,0.76,1.0
50,LR,0.77,1.0
50,LR,0.78,1.0
50,LR,0.79,1.0
50,LR,0.8,1.0
50,LR,0.81,1.0
50,LR,0.8200000000000001,1.0
50,LR,0.8300000000000001,1.0
50,LR,0.84,1.0
50,LR,0.85,1.0
50,LR,0.86,1.0
50,LR,0.87,1.0
50,LR,0.88,1.0
50,LR,0.89,1.0
50,LR,0.9,1.0
50,LR,0.91,1.0
50,LR,0.92,1.0
50,LR,0.93,1.0
50,LR,0.9400000000000001,1.0
50,LR,0.9500000000000001,1.0
50,LR,0.96,1.0
50,LR,0.97,1.0
50,LR,0.98,1.0
50,LR,0.99,1.0
50,LR,1.0,1.0
50,GAM,0.0,0.14285714285714285
50,GAM,0.01,0.5357142857142857
50,GAM,0.02,0.6666666666666666
50,GAM,0.03,0.6785714285714286
50,GAM,0.04,0.7142857142857143
50,GAM,0.05,0.7142857142857143
50,GAM,0.06,0.7261904761904762
50,GAM,0.07,0.7380952380952381
50,GAM,0.08,0.7619047619047619
50,GAM,0.09,0.7738095238095238
50,GAM,0.1,0.7976190476190477
50,GAM,0.11,0.8333333333333334
50,GAM,0.12,0.8690476190476191
50,GAM,0.13,0.8690476190476191
50,GAM,0.14,0.8809523809523809
50,GAM,0.15,0.9047619047619048
50,GAM,0.16,0.9047619047619048
50,GAM,0.17,0.9047619047619048
50,GAM,0.18,0.9047619047619048
50,GAM,0.19,0.9047619047619048
50,GAM,0.2,0.9166666666666666
50,GAM,0.21,0.9166666666666666
50,GAM,0.22,0.9404761904761905
50,GAM,0.23,0.9404761904761905
50,GAM,0.24,0.9404761904761905
50,GAM,0.25,0.9404761904761905
50,GAM,0.26,0.9404761904761905
50,GAM,0.27,0.9404761904761905
50,GAM,0.28,0.9523809523809523
50,GAM,0.29,0.9523809523809523
50,GAM,0.3,0.9642857142857143
50,GAM,0.31,0.9642857142857143
50,GAM,0.32,0.9761904761904762
50,GAM,0.33,0.9761904761904762
50,GAM,0.34,0.9761904761904762
50,GAM,0.35000000000000003,0.9761904761904762
50,GAM,0.36,0.9880952380952381
50,GAM,0.37,0.9880952380952381
50,GAM,0.38,0.9880952380952381
50,GAM,0.39,0.9880952380952381
50,GAM,0.4,0.9880952380952381
50,GAM,0.41000000000000003,0.9880952380952381
50,GAM,0.42,0.9880952380952381
50,GAM,0.43,0.9880952380952381
50,GAM,0.44,0.9880952380952381
50,GAM,0.45,0.9880952380952381
50,GAM,0.46,0.9880952380952381
50,GAM,0.47000000000000003,0.9880952380952381
50,GAM,0.48,0.9880952380952381
50,GAM,0.49,0.9880952380952381
50,GAM,0.5,0.9880952380952381
50,GAM,0.51,0.9880952380952381
50,GAM,0.52,0.9880952380952381
50,GAM,0.53,0.9880952380952381
50,GAM,0.54,0.9880952380952381
50,GAM,0.55,0.9880952380952381
50,GAM,0.56,0.9880952380952381
50,GAM,0.5700000000000001,0.9880952380952381
50,GAM,0.58,0.9880952380952381
50,GAM,0.59,0.9880952380952381
50,GAM,0.6,0.9880952380952381
50,GAM,0.61,0.9880952380952381
50,GAM,0.62,0.9880952380952381
50,GAM,0.63,0.9880952380952381
50,GAM,0.64,0.9880952380952381
50,GAM,0.65,0.9880952380952381
50,GAM,0.66,1.0
50,GAM,0.67,1.0
50,GAM,0.68,1.0
50,GAM,0.6900000000000001,1.0
50,GAM,0.7000000000000001,1.0
50,GAM,0.71,1.0
50,GAM,0.72,1.0
50,GAM,0.73,1.0
50,GAM,0.74,1.0
50,GAM,0.75,1.0
50,GAM,0.76,1.0
50,GAM,0.77,1.0
50,GAM,0.78,1.0
50,GAM,0.79,1.0
50,GAM,0.8,1.0
50,GAM,0.81,1.0
50,GAM,0.8200000000000001,1.0
50,GAM,0.8300000000000001,1.0
50,GAM,0.84,1.0
50,GAM,0.85,1.0
50,GAM,0.86,1.0
50,GAM,0.87,1.0
50,GAM,0.88,1.0
50,GAM,0.89,1.0
50,GAM,0.9,1.0
50,GAM,0.91,1.0
50,GAM,0.92,1.0
50,GAM,0.93,1.0
50,GAM,0.9400000000000001,1.0
50,GAM,0.9500000000000001,1.0
50,GAM,0.96,1.0
50,GAM,0.97,1.0
50,GAM,0.98,1.0
50,GAM,0.99,1.0
50,GAM,1.0,1.0
50,RF,0.0,0.5238095238095238
50,RF,0.01,0.5595238095238095
50,RF,0.02,0.6190476190476191
50,RF,0.03,0.6547619047619048
50,RF,0.04,0.75
50,RF,0.05,0.75
50,RF,0.06,0.7738095238095238
50,RF,0.07,0.7857142857142857
50,RF,0.08,0.7976190476190477
50,RF,0.09,0.8333333333333334
50,RF,0.1,0.8452380952380952
50,RF,0.11,0.8690476190476191
50,RF,0.12,0.9047619047619048
50,RF,0.13,0.9047619047619048
50,RF,0.14,0.9047619047619048
50,RF,0.15,0.9047619047619048
50,RF,0.16,0.9166666666666666
50,RF,0.17,0.9404761904761905
50,RF,0.18,0.9404761904761905
50,RF,0.19,0.9523809523809523
50,RF,0.2,0.9523809523809523
50,RF,0.21,0.9523809523809523
50,RF,0.22,0.9642857142857143
50,RF,0.23,0.9642857142857143
50,RF,0.24,0.9642857142857143
50,RF,0.25,0.9642857142857143
50,RF,0.26,0.9642857142857143
50,RF,0.27,0.9642857142857143
50,RF,0.28,0.9761904761904762
50,RF,0.29,0.9761904761904762
50,RF,0.3,0.9761904761904762
50,RF,0.31,0.9761904761904762
50,RF,0.32,0.9761904761904762
50,RF,0.33,0.9761904761904762
50,RF,0.34,0.9761904761904762
50,RF,0.35000000000000003,0.9761904761904762
50,RF,0.36,0.9761904761904762
50,RF,0.37,0.9761904761904762
50,RF,0.38,0.9761904761904762
50,RF,0.39,0.9761904761904762
50,RF,0.4,0.9761904761904762
50,RF,0.41000000000000003,0.9761904761904762
50,RF,0.42,0.9761904761904762
50,RF,0.43,0.9761904761904762
50,RF,0.44,0.9761904761904762
50,RF,0.45,0.9761904761904762
50,RF,0.46,0.9761904761904762
50,RF,0.47000000000000003,0.9761904761904762
50,RF,0.48,0.9761904761904762
50,RF,0.49,0.9761904761904762
50,RF,0.5,0.9761904761904762
50,RF,0.51,0.9761904761904762
50,RF,0.52,0.9761904761904762
50,RF,0.53,0.9880952380952381
50,RF,0.54,0.9880952380952381
50,RF,0.55,0.9880952380952381
50,RF,0.56,0.9880952380952381
50,RF,0.5700000000000001,0.9880952380952381
50,RF,0.58,0.9880952380952381
50,RF,0.59,0.9880952380952381
50,RF,0.6,0.9880952380952381
50,RF,0.61,0.9880952380952381
50,RF,0.62,0.9880952380952381
50,RF,0.63,0.9880952380952381
50,RF,0.64,0.9880952380952381
50,RF,0.65,0.9880952380952381
50,RF,0.66,0.9880952380952381
50,RF,0.67,0.9880952380952381
50,RF,0.68,0.9880952380952381
50,RF,0.6900000000000001,0.9880952380952381
50,RF,0.7000000000000001,0.9880952380952381
50,RF,0.71,0.9880952380952381
50,RF,0.72,0.9880952380952381
50,RF,0.73,0.9880952380952381
50,RF,0.74,0.9880952380952381
50,RF,0.75,0.9880952380952381
50,RF,0.76,0.9880952380952381
50,RF,0.77,0.9880952380952381
50,RF,0.78,0.9880952380952381
50,RF,0.79,0.9880952380952381
50,RF,0.8,0.9880952380952381
50,RF,0.81,0.9880952380952381
50,RF,0.8200000000000001,0.9880952380952381
50,RF,0.8300000000000001,0.9880952380952381
50,RF,0.84,0.9880952380952381
50,RF,0.85,0.9880952380952381
50,RF,0.86,0.9880952380952381
50,RF,0.87,0.9880952380952381
50,RF,0.88,0.9880952380952381
50,RF,0.89,0.9880952380952381
50,RF,0.9,0.9880952380952381
50,RF,0.91,0.9880952380952381
50,RF,0.92,0.9880952380952381
50,RF,0.93,1.0
50,RF,0.9400000000000001,1.0
50,RF,0.9500000000000001,1.0
50,RF,0.96,1.0
50,RF,0.97,1.0
50,RF,0.98,1.0
50,RF,0.99,1.0
50,RF,1.0,1.0
51,LR,0.0,0.4583333333333333
51,LR,0.01,0.6111111111111112
51,LR,0.02,0.6388888888888888
51,LR,0.03,0.6666666666666666
51,LR,0.04,0.6666666666666666
51,LR,0.05,0.7222222222222222
51,LR,0.06,0.75
51,LR,0.07,0.7916666666666666
51,LR,0.08,0.8055555555555556
51,LR,0.09,0.8194444444444444
51,LR,0.1,0.8194444444444444
51,LR,0.11,0.8194444444444444
51,LR,0.12,0.8194444444444444
51,LR,0.13,0.8194444444444444
51,LR,0.14,0.8472222222222222
51,LR,0.15,0.9027777777777778
51,LR,0.16,0.9027777777777778
51,LR,0.17,0.9166666666666666
51,LR,0.18,0.9166666666666666
51,LR,0.19,0.9166666666666666
51,LR,0.2,0.9166666666666666
51,LR,0.21,0.9166666666666666
51,LR,0.22,0.9305555555555556
51,LR,0.23,0.9305555555555556
51,LR,0.24,0.9305555555555556
51,LR,0.25,0.9305555555555556
51,LR,0.26,0.9305555555555556
51,LR,0.27,0.9305555555555556
51,LR,0.28,0.9305555555555556
51,LR,0.29,0.9305555555555556
51,LR,0.3,0.9305555555555556
51,LR,0.31,0.9305555555555556
51,LR,0.32,0.9305555555555556
51,LR,0.33,0.9305555555555556
51,LR,0.34,0.9305555555555556
51,LR,0.35000000000000003,0.9305555555555556
51,LR,0.36,0.9305555555555556
51,LR,0.37,0.9305555555555556
51,LR,0.38,0.9305555555555556
51,LR,0.39,0.9305555555555556
51,LR,0.4,0.9305555555555556
51,LR,0.41000000000000003,0.9305555555555556
51,LR,0.42,0.9305555555555556
51,LR,0.43,0.9444444444444444
51,LR,0.44,0.9583333333333334
51,LR,0.45,0.9722222222222222
51,LR,0.46,0.9722222222222222
51,LR,0.47000000000000003,0.9861111111111112
51,LR,0.48,0.9861111111111112
51,LR,0.49,0.9861111111111112
51,LR,0.5,0.9861111111111112
51,LR,0.51,0.9861111111111112
51,LR,0.52,0.9861111111111112
51,LR,0.53,0.9861111111111112
51,LR,0.54,0.9861111111111112
51,LR,0.55,0.9861111111111112
51,LR,0.56,0.9861111111111112
51,LR,0.5700000000000001,0.9861111111111112
51,LR,0.58,0.9861111111111112
51,LR,0.59,0.9861111111111112
51,LR,0.6,0.9861111111111112
51,LR,0.61,0.9861111111111112
51,LR,0.62,0.9861111111111112
51,LR,0.63,0.9861111111111112
51,LR,0.64,0.9861111111111112
51,LR,0.65,0.9861111111111112
51,LR,0.66,0.9861111111111112
51,LR,0.67,0.9861111111111112
51,LR,0.68,0.9861111111111112
51,LR,0.6900000000000001,0.9861111111111112
51,LR,0.7000000000000001,0.9861111111111112
51,LR,0.71,0.9861111111111112
51,LR,0.72,0.9861111111111112
51,LR,0.73,0.9861111111111112
51,LR,0.74,0.9861111111111112
51,LR,0.75,0.9861111111111112
51,LR,0.76,0.9861111111111112
51,LR,0.77,0.9861111111111112
51,LR,0.78,0.9861111111111112
51,LR,0.79,0.9861111111111112
51,LR,0.8,0.9861111111111112
51,LR,0.81,0.9861111111111112
51,LR,0.8200000000000001,0.9861111111111112
51,LR,0.8300000000000001,0.9861111111111112
51,LR,0.84,0.9861111111111112
51,LR,0.85,0.9861111111111112
51,LR,0.86,0.9861111111111112
51,LR,0.87,0.9861111111111112
51,LR,0.88,0.9861111111111112
51,LR,0.89,1.0
51,LR,0.9,1.0
51,LR,0.91,1.0
51,LR,0.92,1.0
51,LR,0.93,1.0
51,LR,0.9400000000000001,1.0
51,LR,0.9500000000000001,1.0
51,LR,0.96,1.0
51,LR,0.97,1.0
51,LR,0.98,1.0
51,LR,0.99,1.0
51,LR,1.0,1.0
51,GAM,0.0,0.5
51,GAM,0.01,0.6666666666666666
51,GAM,0.02,0.6666666666666666
51,GAM,0.03,0.6805555555555556
51,GAM,0.04,0.6944444444444444
51,GAM,0.05,0.75
51,GAM,0.06,0.75
51,GAM,0.07,0.7777777777777778
51,GAM,0.08,0.7916666666666666
51,GAM,0.09,0.8194444444444444
51,GAM,0.1,0.8333333333333334
51,GAM,0.11,0.8611111111111112
51,GAM,0.12,0.8611111111111112
51,GAM,0.13,0.875
51,GAM,0.14,0.875
51,GAM,0.15,0.9027777777777778
51,GAM,0.16,0.9027777777777778
51,GAM,0.17,0.9027777777777778
51,GAM,0.18,0.9027777777777778
51,GAM,0.19,0.9166666666666666
51,GAM,0.2,0.9305555555555556
51,GAM,0.21,0.9305555555555556
51,GAM,0.22,0.9305555555555556
51,GAM,0.23,0.9305555555555556
51,GAM,0.24,0.9305555555555556
51,GAM,0.25,0.9305555555555556
51,GAM,0.26,0.9305555555555556
51,GAM,0.27,0.9305555555555556
51,GAM,0.28,0.9305555555555556
51,GAM,0.29,0.9305555555555556
51,GAM,0.3,0.9444444444444444
51,GAM,0.31,0.9444444444444444
51,GAM,0.32,0.9444444444444444
51,GAM,0.33,0.9444444444444444
51,GAM,0.34,0.9444444444444444
51,GAM,0.35000000000000003,0.9444444444444444
51,GAM,0.36,0.9444444444444444
51,GAM,0.37,0.9444444444444444
51,GAM,0.38,0.9583333333333334
51,GAM,0.39,0.9722222222222222
51,GAM,0.4,0.9722222222222222
51,GAM,0.41000000000000003,0.9861111111111112
51,GAM,0.42,0.9861111111111112
51,GAM,0.43,0.9861111111111112
51,GAM,0.44,0.9861111111111112
51,GAM,0.45,0.9861111111111112
51,GAM,0.46,0.9861111111111112
51,GAM,0.47000000000000003,0.9861111111111112
51,GAM,0.48,0.9861111111111112
51,GAM,0.49,0.9861111111111112
51,GAM,0.5,0.9861111111111112
51,GAM,0.51,0.9861111111111112
51,GAM,0.52,0.9861111111111112
51,GAM,0.53,0.9861111111111112
51,GAM,0.54,0.9861111111111112
51,GAM,0.55,0.9861111111111112
51,GAM,0.56,0.9861111111111112
51,GAM,0.5700000000000001,0.9861111111111112
51,GAM,0.58,0.9861111111111112
51,GAM,0.59,0.9861111111111112
51,GAM,0.6,0.9861111111111112
51,GAM,0.61,0.9861111111111112
51,GAM,0.62,0.9861111111111112
51,GAM,0.63,0.9861111111111112
51,GAM,0.64,0.9861111111111112
51,GAM,0.65,0.9861111111111112
51,GAM,0.66,0.9861111111111112
51,GAM,0.67,0.9861111111111112
51,GAM,0.68,0.9861111111111112
51,GAM,0.6900000000000001,0.9861111111111112
51,GAM,0.7000000000000001,0.9861111111111112
51,GAM,0.71,0.9861111111111112
51,GAM,0.72,0.9861111111111112
51,GAM,0.73,0.9861111111111112
51,GAM,0.74,0.9861111111111112
51,GAM,0.75,0.9861111111111112
51,GAM,0.76,0.9861111111111112
51,GAM,0.77,0.9861111111111112
51,GAM,0.78,0.9861111111111112
51,GAM,0.79,0.9861111111111112
51,GAM,0.8,0.9861111111111112
51,GAM,0.81,0.9861111111111112
51,GAM,0.8200000000000001,0.9861111111111112
51,GAM,0.8300000000000001,1.0
51,GAM,0.84,1.0
51,GAM,0.85,1.0
51,GAM,0.86,1.0
51,GAM,0.87,1.0
51,GAM,0.88,1.0
51,GAM,0.89,1.0
51,GAM,0.9,1.0
51,GAM,0.91,1.0
51,GAM,0.92,1.0
51,GAM,0.93,1.0
51,GAM,0.9400000000000001,1.0
51,GAM,0.9500000000000001,1.0
51,GAM,0.96,1.0
51,GAM,0.97,1.0
51,GAM,0.98,1.0
51,GAM,0.99,1.0
51,GAM,1.0,1.0
51,RF,0.0,0.4722222222222222
51,RF,0.01,0.5694444444444444
51,RF,0.02,0.7222222222222222
51,RF,0.03,0.7916666666666666
51,RF,0.04,0.8055555555555556
51,RF,0.05,0.8055555555555556
51,RF,0.06,0.8194444444444444
51,RF,0.07,0.875
51,RF,0.08,0.875
51,RF,0.09,0.8888888888888888
51,RF,0.1,0.9166666666666666
51,RF,0.11,0.9166666666666666
51,RF,0.12,0.9166666666666666
51,RF,0.13,0.9305555555555556
51,RF,0.14,0.9305555555555556
51,RF,0.15,0.9305555555555556
51,RF,0.16,0.9305555555555556
51,RF,0.17,0.9305555555555556
51,RF,0.18,0.9305555555555556
51,RF,0.19,0.9305555555555556
51,RF,0.2,0.9305555555555556
51,RF,0.21,0.9305555555555556
51,RF,0.22,0.9444444444444444
51,RF,0.23,0.9444444444444444
51,RF,0.24,0.9722222222222222
51,RF,0.25,0.9722222222222222
51,RF,0.26,0.9722222222222222
51,RF,0.27,0.9722222222222222
51,RF,0.28,0.9722222222222222
51,RF,0.29,0.9722222222222222
51,RF,0.3,0.9861111111111112
51,RF,0.31,0.9861111111111112
51,RF,0.32,0.9861111111111112
51,RF,0.33,0.9861111111111112
51,RF,0.34,0.9861111111111112
51,RF,0.35000000000000003,0.9861111111111112
51,RF,0.36,0.9861111111111112
51,RF,0.37,0.9861111111111112
51,RF,0.38,0.9861111111111112
51,RF,0.39,0.9861111111111112
51,RF,0.4,0.9861111111111112
51,RF,0.41000000000000003,0.9861111111111112
51,RF,0.42,0.9861111111111112
51,RF,0.43,0.9861111111111112
51,RF,0.44,0.9861111111111112
51,RF,0.45,0.9861111111111112
51,RF,0.46,0.9861111111111112
51,RF,0.47000000000000003,0.9861111111111112
51,RF,0.48,0.9861111111111112
51,RF,0.49,0.9861111111111112
51,RF,0.5,0.9861111111111112
51,RF,0.51,0.9861111111111112
51,RF,0.52,0.9861111111111112
51,RF,0.53,0.9861111111111112
51,RF,0.54,0.9861111111111112
51,RF,0.55,0.9861111111111112
51,RF,0.56,0.9861111111111112
51,RF,0.5700000000000001,0.9861111111111112
51,RF,0.58,0.9861111111111112
51,RF,0.59,0.9861111111111112
51,RF,0.6,0.9861111111111112
51,RF,0.61,0.9861111111111112
51,RF,0.62,0.9861111111111112
51,RF,0.63,0.9861111111111112
51,RF,0.64,0.9861111111111112
51,RF,0.65,0.9861111111111112
51,RF,0.66,0.9861111111111112
51,RF,0.67,0.9861111111111112
51,RF,0.68,0.9861111111111112
51,RF,0.6900000000000001,0.9861111111111112
51,RF,0.7000000000000001,0.9861111111111112
51,RF,0.71,0.9861111111111112
51,RF,0.72,0.9861111111111112
51,RF,0.73,0.9861111111111112
51,RF,0.74,0.9861111111111112
51,RF,0.75,0.9861111111111112
51,RF,0.76,0.9861111111111112
51,RF,0.77,0.9861111111111112
51,RF,0.78,0.9861111111111112
51,RF,0.79,0.9861111111111112
51,RF,0.8,0.9861111111111112
51,RF,0.81,0.9861111111111112
51,RF,0.8200000000000001,0.9861111111111112
51,RF,0.8300000000000001,0.9861111111111112
51,RF,0.84,0.9861111111111112
51,RF,0.85,0.9861111111111112
51,RF,0.86,0.9861111111111112
51,RF,0.87,0.9861111111111112
51,RF,0.88,0.9861111111111112
51,RF,0.89,0.9861111111111112
51,RF,0.9,0.9861111111111112
51,RF,0.91,0.9861111111111112
51,RF,0.92,0.9861111111111112
51,RF,0.93,0.9861111111111112
51,RF,0.9400000000000001,1.0
51,RF,0.9500000000000001,1.0
51,RF,0.96,1.0
51,RF,0.97,1.0
51,RF,0.98,1.0
51,RF,0.99,1.0
51,RF,1.0,1.0
52,LR,0.0,0.34782608695652173
52,LR,0.01,0.4927536231884058
52,LR,0.02,0.6811594202898551
52,LR,0.03,0.6956521739130435
52,LR,0.04,0.8260869565217391
52,LR,0.05,0.8260869565217391
52,LR,0.06,0.8405797101449275
52,LR,0.07,0.855072463768116
52,LR,0.08,0.8695652173913043
52,LR,0.09,0.8695652173913043
52,LR,0.1,0.8840579710144928
52,LR,0.11,0.8985507246376812
52,LR,0.12,0.8985507246376812
52,LR,0.13,0.8985507246376812
52,LR,0.14,0.8985507246376812
52,LR,0.15,0.8985507246376812
52,LR,0.16,0.8985507246376812
52,LR,0.17,0.8985507246376812
52,LR,0.18,0.8985507246376812
52,LR,0.19,0.9130434782608695
52,LR,0.2,0.9130434782608695
52,LR,0.21,0.9130434782608695
52,LR,0.22,0.9130434782608695
52,LR,0.23,0.927536231884058
52,LR,0.24,0.927536231884058
52,LR,0.25,0.927536231884058
52,LR,0.26,0.9420289855072463
52,LR,0.27,0.9420289855072463
52,LR,0.28,0.9420289855072463
52,LR,0.29,0.9420289855072463
52,LR,0.3,0.9710144927536232
52,LR,0.31,0.9710144927536232
52,LR,0.32,0.9710144927536232
52,LR,0.33,0.9710144927536232
52,LR,0.34,0.9710144927536232
52,LR,0.35000000000000003,0.9710144927536232
52,LR,0.36,0.9710144927536232
52,LR,0.37,0.9710144927536232
52,LR,0.38,0.9710144927536232
52,LR,0.39,0.9710144927536232
52,LR,0.4,0.9710144927536232
52,LR,0.41000000000000003,0.9710144927536232
52,LR,0.42,0.9710144927536232
52,LR,0.43,0.9710144927536232
52,LR,0.44,0.9710144927536232
52,LR,0.45,0.9710144927536232
52,LR,0.46,0.9710144927536232
52,LR,0.47000000000000003,0.9710144927536232
52,LR,0.48,0.9710144927536232
52,LR,0.49,0.9710144927536232
52,LR,0.5,0.9710144927536232
52,LR,0.51,0.9710144927536232
52,LR,0.52,0.9710144927536232
52,LR,0.53,0.9710144927536232
52,LR,0.54,0.9710144927536232
52,LR,0.55,0.9710144927536232
52,LR,0.56,0.9710144927536232
52,LR,0.5700000000000001,0.9710144927536232
52,LR,0.58,0.9710144927536232
52,LR,0.59,0.9710144927536232
52,LR,0.6,0.9710144927536232
52,LR,0.61,0.9710144927536232
52,LR,0.62,0.9710144927536232
52,LR,0.63,0.9710144927536232
52,LR,0.64,0.9710144927536232
52,LR,0.65,0.9710144927536232
52,LR,0.66,0.9710144927536232
52,LR,0.67,0.9710144927536232
52,LR,0.68,0.9710144927536232
52,LR,0.6900000000000001,0.9710144927536232
52,LR,0.7000000000000001,0.9710144927536232
52,LR,0.71,0.9710144927536232
52,LR,0.72,0.9710144927536232
52,LR,0.73,0.9855072463768116
52,LR,0.74,0.9855072463768116
52,LR,0.75,0.9855072463768116
52,LR,0.76,0.9855072463768116
52,LR,0.77,0.9855072463768116
52,LR,0.78,0.9855072463768116
52,LR,0.79,0.9855072463768116
52,LR,0.8,0.9855072463768116
52,LR,0.81,0.9855072463768116
52,LR,0.8200000000000001,0.9855072463768116
52,LR,0.8300000000000001,1.0
52,LR,0.84,1.0
52,LR,0.85,1.0
52,LR,0.86,1.0
52,LR,0.87,1.0
52,LR,0.88,1.0
52,LR,0.89,1.0
52,LR,0.9,1.0
52,LR,0.91,1.0
52,LR,0.92,1.0
52,LR,0.93,1.0
52,LR,0.9400000000000001,1.0
52,LR,0.9500000000000001,1.0
52,LR,0.96,1.0
52,LR,0.97,1.0
52,LR,0.98,1.0
52,LR,0.99,1.0
52,LR,1.0,1.0
52,GAM,0.0,0.391304347826087
52,GAM,0.01,0.5942028985507246
52,GAM,0.02,0.6956521739130435
52,GAM,0.03,0.7101449275362319
52,GAM,0.04,0.8260869565217391
52,GAM,0.05,0.8260869565217391
52,GAM,0.06,0.8695652173913043
52,GAM,0.07,0.8695652173913043
52,GAM,0.08,0.8695652173913043
52,GAM,0.09,0.8695652173913043
52,GAM,0.1,0.8985507246376812
52,GAM,0.11,0.8985507246376812
52,GAM,0.12,0.8985507246376812
52,GAM,0.13,0.8985507246376812
52,GAM,0.14,0.8985507246376812
52,GAM,0.15,0.8985507246376812
52,GAM,0.16,0.8985507246376812
52,GAM,0.17,0.8985507246376812
52,GAM,0.18,0.9130434782608695
52,GAM,0.19,0.9130434782608695
52,GAM,0.2,0.927536231884058
52,GAM,0.21,0.927536231884058
52,GAM,0.22,0.927536231884058
52,GAM,0.23,0.9420289855072463
52,GAM,0.24,0.9565217391304348
52,GAM,0.25,0.9565217391304348
52,GAM,0.26,0.9710144927536232
52,GAM,0.27,0.9710144927536232
52,GAM,0.28,0.9710144927536232
52,GAM,0.29,0.9710144927536232
52,GAM,0.3,0.9710144927536232
52,GAM,0.31,0.9710144927536232
52,GAM,0.32,0.9710144927536232
52,GAM,0.33,0.9710144927536232
52,GAM,0.34,0.9710144927536232
52,GAM,0.35000000000000003,0.9710144927536232
52,GAM,0.36,0.9710144927536232
52,GAM,0.37,0.9710144927536232
52,GAM,0.38,0.9710144927536232
52,GAM,0.39,0.9710144927536232
52,GAM,0.4,0.9710144927536232
52,GAM,0.41000000000000003,0.9710144927536232
52,GAM,0.42,0.9710144927536232
52,GAM,0.43,0.9710144927536232
52,GAM,0.44,0.9710144927536232
52,GAM,0.45,0.9710144927536232
52,GAM,0.46,0.9710144927536232
52,GAM,0.47000000000000003,0.9710144927536232
52,GAM,0.48,0.9710144927536232
52,GAM,0.49,0.9710144927536232
52,GAM,0.5,0.9710144927536232
52,GAM,0.51,0.9710144927536232
52,GAM,0.52,0.9710144927536232
52,GAM,0.53,0.9710144927536232
52,GAM,0.54,0.9710144927536232
52,GAM,0.55,0.9710144927536232
52,GAM,0.56,0.9710144927536232
52,GAM,0.5700000000000001,0.9710144927536232
52,GAM,0.58,0.9710144927536232
52,GAM,0.59,0.9710144927536232
52,GAM,0.6,0.9710144927536232
52,GAM,0.61,0.9710144927536232
52,GAM,0.62,0.9710144927536232
52,GAM,0.63,0.9710144927536232
52,GAM,0.64,0.9710144927536232
52,GAM,0.65,0.9710144927536232
52,GAM,0.66,0.9710144927536232
52,GAM,0.67,0.9710144927536232
52,GAM,0.68,0.9710144927536232
52,GAM,0.6900000000000001,0.9710144927536232
52,GAM,0.7000000000000001,0.9710144927536232
52,GAM,0.71,0.9710144927536232
52,GAM,0.72,0.9710144927536232
52,GAM,0.73,0.9710144927536232
52,GAM,0.74,0.9710144927536232
52,GAM,0.75,0.9855072463768116
52,GAM,0.76,0.9855072463768116
52,GAM,0.77,1.0
52,GAM,0.78,1.0
52,GAM,0.79,1.0
52,GAM,0.8,1.0
52,GAM,0.81,1.0
52,GAM,0.8200000000000001,1.0
52,GAM,0.8300000000000001,1.0
52,GAM,0.84,1.0
52,GAM,0.85,1.0
52,GAM,0.86,1.0
52,GAM,0.87,1.0
52,GAM,0.88,1.0
52,GAM,0.89,1.0
52,GAM,0.9,1.0
52,GAM,0.91,1.0
52,GAM,0.92,1.0
52,GAM,0.93,1.0
52,GAM,0.9400000000000001,1.0
52,GAM,0.9500000000000001,1.0
52,GAM,0.96,1.0
52,GAM,0.97,1.0
52,GAM,0.98,1.0
52,GAM,0.99,1.0
52,GAM,1.0,1.0
52,RF,0.0,0.4927536231884058
52,RF,0.01,0.4927536231884058
52,RF,0.02,0.8405797101449275
52,RF,0.03,0.8405797101449275
52,RF,0.04,0.8695652173913043
52,RF,0.05,0.8840579710144928
52,RF,0.06,0.8840579710144928
52,RF,0.07,0.9130434782608695
52,RF,0.08,0.927536231884058
52,RF,0.09,0.927536231884058
52,RF,0.1,0.9420289855072463
52,RF,0.11,0.9420289855072463
52,RF,0.12,0.9420289855072463
52,RF,0.13,0.9420289855072463
52,RF,0.14,0.9420289855072463
52,RF,0.15,0.9420289855072463
52,RF,0.16,0.9420289855072463
52,RF,0.17,0.9420289855072463
52,RF,0.18,0.9420289855072463
52,RF,0.19,0.9710144927536232
52,RF,0.2,0.9710144927536232
52,RF,0.21,0.9710144927536232
52,RF,0.22,0.9710144927536232
52,RF,0.23,0.9710144927536232
52,RF,0.24,0.9710144927536232
52,RF,0.25,0.9710144927536232
52,RF,0.26,0.9710144927536232
52,RF,0.27,0.9710144927536232
52,RF,0.28,0.9710144927536232
52,RF,0.29,0.9710144927536232
52,RF,0.3,0.9710144927536232
52,RF,0.31,0.9710144927536232
52,RF,0.32,0.9710144927536232
52,RF,0.33,0.9710144927536232
52,RF,0.34,0.9710144927536232
52,RF,0.35000000000000003,0.9710144927536232
52,RF,0.36,0.9710144927536232
52,RF,0.37,0.9710144927536232
52,RF,0.38,0.9710144927536232
52,RF,0.39,0.9710144927536232
52,RF,0.4,0.9710144927536232
52,RF,0.41000000000000003,0.9710144927536232
52,RF,0.42,0.9710144927536232
52,RF,0.43,0.9710144927536232
52,RF,0.44,0.9710144927536232
52,RF,0.45,0.9710144927536232
52,RF,0.46,0.9710144927536232
52,RF,0.47000000000000003,0.9710144927536232
52,RF,0.48,0.9710144927536232
52,RF,0.49,0.9710144927536232
52,RF,0.5,0.9710144927536232
52,RF,0.51,0.9710144927536232
52,RF,0.52,0.9710144927536232
52,RF,0.53,0.9710144927536232
52,RF,0.54,0.9710144927536232
52,RF,0.55,0.9710144927536232
52,RF,0.56,0.9710144927536232
52,RF,0.5700000000000001,0.9710144927536232
52,RF,0.58,0.9710144927536232
52,RF,0.59,0.9710144927536232
52,RF,0.6,0.9710144927536232
52,RF,0.61,0.9710144927536232
52,RF,0.62,0.9710144927536232
52,RF,0.63,0.9710144927536232
52,RF,0.64,0.9710144927536232
52,RF,0.65,0.9710144927536232
52,RF,0.66,0.9710144927536232
52,RF,0.67,0.9710144927536232
52,RF,0.68,0.9710144927536232
52,RF,0.6900000000000001,0.9710144927536232
52,RF,0.7000000000000001,0.9710144927536232
52,RF,0.71,0.9710144927536232
52,RF,0.72,0.9710144927536232
52,RF,0.73,0.9710144927536232
52,RF,0.74,0.9710144927536232
52,RF,0.75,0.9710144927536232
52,RF,0.76,0.9710144927536232
52,RF,0.77,0.9710144927536232
52,RF,0.78,0.9710144927536232
52,RF,0.79,0.9710144927536232
52,RF,0.8,0.9710144927536232
52,RF,0.81,0.9710144927536232
52,RF,0.8200000000000001,0.9855072463768116
52,RF,0.8300000000000001,0.9855072463768116
52,RF,0.84,0.9855072463768116
52,RF,0.85,0.9855072463768116
52,RF,0.86,0.9855072463768116
52,RF,0.87,0.9855072463768116
52,RF,0.88,0.9855072463768116
52,RF,0.89,0.9855072463768116
52,RF,0.9,0.9855072463768116
52,RF,0.91,0.9855072463768116
52,RF,0.92,0.9855072463768116
52,RF,0.93,0.9855072463768116
52,RF,0.9400000000000001,0.9855072463768116
52,RF,0.9500000000000001,0.9855072463768116
52,RF,0.96,0.9855072463768116
52,RF,0.97,1.0
52,RF,0.98,1.0
52,RF,0.99,1.0
52,RF,1.0,1.0
53,LR,0.0,0.013888888888888888
53,LR,0.01,0.19444444444444445
53,LR,0.02,0.375
53,LR,0.03,0.7916666666666666
53,LR,0.04,0.7916666666666666
53,LR,0.05,0.8472222222222222
53,LR,0.06,0.8611111111111112
53,LR,0.07,0.8888888888888888
53,LR,0.08,0.8888888888888888
53,LR,0.09,0.8888888888888888
53,LR,0.1,0.8888888888888888
53,LR,0.11,0.9027777777777778
53,LR,0.12,0.9027777777777778
53,LR,0.13,0.9027777777777778
53,LR,0.14,0.9027777777777778
53,LR,0.15,0.9027777777777778
53,LR,0.16,0.9027777777777778
53,LR,0.17,0.9027777777777778
53,LR,0.18,0.9027777777777778
53,LR,0.19,0.9027777777777778
53,LR,0.2,0.9166666666666666
53,LR,0.21,0.9166666666666666
53,LR,0.22,0.9166666666666666
53,LR,0.23,0.9166666666666666
53,LR,0.24,0.9166666666666666
53,LR,0.25,0.9166666666666666
53,LR,0.26,0.9166666666666666
53,LR,0.27,0.9166666666666666
53,LR,0.28,0.9305555555555556
53,LR,0.29,0.9305555555555556
53,LR,0.3,0.9305555555555556
53,LR,0.31,0.9444444444444444
53,LR,0.32,0.9444444444444444
53,LR,0.33,0.9444444444444444
53,LR,0.34,0.9444444444444444
53,LR,0.35000000000000003,0.9444444444444444
53,LR,0.36,0.9444444444444444
53,LR,0.37,0.9583333333333334
53,LR,0.38,0.9583333333333334
53,LR,0.39,0.9583333333333334
53,LR,0.4,0.9583333333333334
53,LR,0.41000000000000003,0.9583333333333334
53,LR,0.42,0.9583333333333334
53,LR,0.43,0.9583333333333334
53,LR,0.44,0.9583333333333334
53,LR,0.45,0.9583333333333334
53,LR,0.46,0.9583333333333334
53,LR,0.47000000000000003,0.9583333333333334
53,LR,0.48,0.9583333333333334
53,LR,0.49,0.9722222222222222
53,LR,0.5,0.9722222222222222
53,LR,0.51,0.9722222222222222
53,LR,0.52,0.9722222222222222
53,LR,0.53,0.9722222222222222
53,LR,0.54,0.9722222222222222
53,LR,0.55,0.9722222222222222
53,LR,0.56,0.9722222222222222
53,LR,0.5700000000000001,0.9722222222222222
53,LR,0.58,0.9722222222222222
53,LR,0.59,0.9861111111111112
53,LR,0.6,0.9861111111111112
53,LR,0.61,0.9861111111111112
53,LR,0.62,0.9861111111111112
53,LR,0.63,0.9861111111111112
53,LR,0.64,0.9861111111111112
53,LR,0.65,0.9861111111111112
53,LR,0.66,0.9861111111111112
53,LR,0.67,0.9861111111111112
53,LR,0.68,0.9861111111111112
53,LR,0.6900000000000001,0.9861111111111112
53,LR,0.7000000000000001,0.9861111111111112
53,LR,0.71,0.9861111111111112
53,LR,0.72,0.9861111111111112
53,LR,0.73,0.9861111111111112
53,LR,0.74,1.0
53,LR,0.75,1.0
53,LR,0.76,1.0
53,LR,0.77,1.0
53,LR,0.78,1.0
53,LR,0.79,1.0
53,LR,0.8,1.0
53,LR,0.81,1.0
53,LR,0.8200000000000001,1.0
53,LR,0.8300000000000001,1.0
53,LR,0.84,1.0
53,LR,0.85,1.0
53,LR,0.86,1.0
53,LR,0.87,1.0
53,LR,0.88,1.0
53,LR,0.89,1.0
53,LR,0.9,1.0
53,LR,0.91,1.0
53,LR,0.92,1.0
53,LR,0.93,1.0
53,LR,0.9400000000000001,1.0
53,LR,0.9500000000000001,1.0
53,LR,0.96,1.0
53,LR,0.97,1.0
53,LR,0.98,1.0
53,LR,0.99,1.0
53,LR,1.0,1.0
53,GAM,0.0,0.027777777777777776
53,GAM,0.01,0.1111111111111111
53,GAM,0.02,0.4861111111111111
53,GAM,0.03,0.7638888888888888
53,GAM,0.04,0.8055555555555556
53,GAM,0.05,0.8611111111111112
53,GAM,0.06,0.8611111111111112
53,GAM,0.07,0.875
53,GAM,0.08,0.875
53,GAM,0.09,0.875
53,GAM,0.1,0.875
53,GAM,0.11,0.875
53,GAM,0.12,0.875
53,GAM,0.13,0.875
53,GAM,0.14,0.875
53,GAM,0.15,0.8888888888888888
53,GAM,0.16,0.8888888888888888
53,GAM,0.17,0.8888888888888888
53,GAM,0.18,0.8888888888888888
53,GAM,0.19,0.8888888888888888
53,GAM,0.2,0.9305555555555556
53,GAM,0.21,0.9305555555555556
53,GAM,0.22,0.9305555555555556
53,GAM,0.23,0.9305555555555556
53,GAM,0.24,0.9444444444444444
53,GAM,0.25,0.9444444444444444
53,GAM,0.26,0.9583333333333334
53,GAM,0.27,0.9583333333333334
53,GAM,0.28,0.9583333333333334
53,GAM,0.29,0.9583333333333334
53,GAM,0.3,0.9583333333333334
53,GAM,0.31,0.9583333333333334
53,GAM,0.32,0.9583333333333334
53,GAM,0.33,0.9583333333333334
53,GAM,0.34,0.9583333333333334
53,GAM,0.35000000000000003,0.9583333333333334
53,GAM,0.36,0.9583333333333334
53,GAM,0.37,0.9583333333333334
53,GAM,0.38,0.9583333333333334
53,GAM,0.39,0.9583333333333334
53,GAM,0.4,0.9583333333333334
53,GAM,0.41000000000000003,0.9583333333333334
53,GAM,0.42,0.9583333333333334
53,GAM,0.43,0.9583333333333334
53,GAM,0.44,0.9583333333333334
53,GAM,0.45,0.9583333333333334
53,GAM,0.46,0.9722222222222222
53,GAM,0.47000000000000003,0.9861111111111112
53,GAM,0.48,0.9861111111111112
53,GAM,0.49,0.9861111111111112
53,GAM,0.5,0.9861111111111112
53,GAM,0.51,0.9861111111111112
53,GAM,0.52,0.9861111111111112
53,GAM,0.53,0.9861111111111112
53,GAM,0.54,0.9861111111111112
53,GAM,0.55,0.9861111111111112
53,GAM,0.56,0.9861111111111112
53,GAM,0.5700000000000001,0.9861111111111112
53,GAM,0.58,0.9861111111111112
53,GAM,0.59,0.9861111111111112
53,GAM,0.6,0.9861111111111112
53,GAM,0.61,0.9861111111111112
53,GAM,0.62,0.9861111111111112
53,GAM,0.63,0.9861111111111112
53,GAM,0.64,0.9861111111111112
53,GAM,0.65,0.9861111111111112
53,GAM,0.66,0.9861111111111112
53,GAM,0.67,0.9861111111111112
53,GAM,0.68,0.9861111111111112
53,GAM,0.6900000000000001,0.9861111111111112
53,GAM,0.7000000000000001,0.9861111111111112
53,GAM,0.71,0.9861111111111112
53,GAM,0.72,0.9861111111111112
53,GAM,0.73,1.0
53,GAM,0.74,1.0
53,GAM,0.75,1.0
53,GAM,0.76,1.0
53,GAM,0.77,1.0
53,GAM,0.78,1.0
53,GAM,0.79,1.0
53,GAM,0.8,1.0
53,GAM,0.81,1.0
53,GAM,0.8200000000000001,1.0
53,GAM,0.8300000000000001,1.0
53,GAM,0.84,1.0
53,GAM,0.85,1.0
53,GAM,0.86,1.0
53,GAM,0.87,1.0
53,GAM,0.88,1.0
53,GAM,0.89,1.0
53,GAM,0.9,1.0
53,GAM,0.91,1.0
53,GAM,0.92,1.0
53,GAM,0.93,1.0
53,GAM,0.9400000000000001,1.0
53,GAM,0.9500000000000001,1.0
53,GAM,0.96,1.0
53,GAM,0.97,1.0
53,GAM,0.98,1.0
53,GAM,0.99,1.0
53,GAM,1.0,1.0
53,RF,0.0,0.19444444444444445
53,RF,0.01,0.3055555555555556
53,RF,0.02,0.6666666666666666
53,RF,0.03,0.8194444444444444
53,RF,0.04,0.8194444444444444
53,RF,0.05,0.8472222222222222
53,RF,0.06,0.8472222222222222
53,RF,0.07,0.875
53,RF,0.08,0.875
53,RF,0.09,0.9166666666666666
53,RF,0.1,0.9166666666666666
53,RF,0.11,0.9166666666666666
53,RF,0.12,0.9166666666666666
53,RF,0.13,0.9166666666666666
53,RF,0.14,0.9166666666666666
53,RF,0.15,0.9166666666666666
53,RF,0.16,0.9166666666666666
53,RF,0.17,0.9166666666666666
53,RF,0.18,0.9444444444444444
53,RF,0.19,0.9444444444444444
53,RF,0.2,0.9444444444444444
53,RF,0.21,0.9444444444444444
53,RF,0.22,0.9444444444444444
53,RF,0.23,0.9444444444444444
53,RF,0.24,0.9444444444444444
53,RF,0.25,0.9583333333333334
53,RF,0.26,0.9583333333333334
53,RF,0.27,0.9583333333333334
53,RF,0.28,0.9583333333333334
53,RF,0.29,0.9722222222222222
53,RF,0.3,0.9722222222222222
53,RF,0.31,0.9722222222222222
53,RF,0.32,0.9722222222222222
53,RF,0.33,0.9722222222222222
53,RF,0.34,0.9722222222222222
53,RF,0.35000000000000003,0.9722222222222222
53,RF,0.36,0.9722222222222222
53,RF,0.37,0.9722222222222222
53,RF,0.38,0.9722222222222222
53,RF,0.39,0.9722222222222222
53,RF,0.4,0.9722222222222222
53,RF,0.41000000000000003,0.9722222222222222
53,RF,0.42,0.9722222222222222
53,RF,0.43,0.9861111111111112
53,RF,0.44,0.9861111111111112
53,RF,0.45,0.9861111111111112
53,RF,0.46,0.9861111111111112
53,RF,0.47000000000000003,0.9861111111111112
53,RF,0.48,0.9861111111111112
53,RF,0.49,0.9861111111111112
53,RF,0.5,0.9861111111111112
53,RF,0.51,0.9861111111111112
53,RF,0.52,0.9861111111111112
53,RF,0.53,0.9861111111111112
53,RF,0.54,0.9861111111111112
53,RF,0.55,0.9861111111111112
53,RF,0.56,0.9861111111111112
53,RF,0.5700000000000001,0.9861111111111112
53,RF,0.58,0.9861111111111112
53,RF,0.59,0.9861111111111112
53,RF,0.6,0.9861111111111112
53,RF,0.61,0.9861111111111112
53,RF,0.62,0.9861111111111112
53,RF,0.63,0.9861111111111112
53,RF,0.64,0.9861111111111112
53,RF,0.65,0.9861111111111112
53,RF,0.66,0.9861111111111112
53,RF,0.67,0.9861111111111112
53,RF,0.68,0.9861111111111112
53,RF,0.6900000000000001,0.9861111111111112
53,RF,0.7000000000000001,0.9861111111111112
53,RF,0.71,0.9861111111111112
53,RF,0.72,0.9861111111111112
53,RF,0.73,0.9861111111111112
53,RF,0.74,0.9861111111111112
53,RF,0.75,0.9861111111111112
53,RF,0.76,0.9861111111111112
53,RF,0.77,0.9861111111111112
53,RF,0.78,0.9861111111111112
53,RF,0.79,0.9861111111111112
53,RF,0.8,0.9861111111111112
53,RF,0.81,0.9861111111111112
53,RF,0.8200000000000001,0.9861111111111112
53,RF,0.8300000000000001,0.9861111111111112
53,RF,0.84,0.9861111111111112
53,RF,0.85,0.9861111111111112
53,RF,0.86,0.9861111111111112
53,RF,0.87,0.9861111111111112
53,RF,0.88,0.9861111111111112
53,RF,0.89,0.9861111111111112
53,RF,0.9,0.9861111111111112
53,RF,0.91,0.9861111111111112
53,RF,0.92,0.9861111111111112
53,RF,0.93,0.9861111111111112
53,RF,0.9400000000000001,0.9861111111111112
53,RF,0.9500000000000001,0.9861111111111112
53,RF,0.96,1.0
53,RF,0.97,1.0
53,RF,0.98,1.0
53,RF,0.99,1.0
53,RF,1.0,1.0
54,LR,0.0,0.4153846153846154
54,LR,0.01,0.6923076923076923
54,LR,0.02,0.7692307692307693
54,LR,0.03,0.7692307692307693
54,LR,0.04,0.8615384615384616
54,LR,0.05,0.8769230769230769
54,LR,0.06,0.8769230769230769
54,LR,0.07,0.9076923076923077
54,LR,0.08,0.9076923076923077
54,LR,0.09,0.9230769230769231
54,LR,0.1,0.9230769230769231
54,LR,0.11,0.9230769230769231
54,LR,0.12,0.9230769230769231
54,LR,0.13,0.9692307692307692
54,LR,0.14,0.9692307692307692
54,LR,0.15,0.9692307692307692
54,LR,0.16,0.9692307692307692
54,LR,0.17,0.9692307692307692
54,LR,0.18,0.9692307692307692
54,LR,0.19,0.9692307692307692
54,LR,0.2,0.9692307692307692
54,LR,0.21,0.9692307692307692
54,LR,0.22,0.9692307692307692
54,LR,0.23,0.9692307692307692
54,LR,0.24,0.9692307692307692
54,LR,0.25,0.9692307692307692
54,LR,0.26,0.9692307692307692
54,LR,0.27,0.9692307692307692
54,LR,0.28,1.0
54,LR,0.29,1.0
54,LR,0.3,1.0
54,LR,0.31,1.0
54,LR,0.32,1.0
54,LR,0.33,1.0
54,LR,0.34,1.0
54,LR,0.35000000000000003,1.0
54,LR,0.36,1.0
54,LR,0.37,1.0
54,LR,0.38,1.0
54,LR,0.39,1.0
54,LR,0.4,1.0
54,LR,0.41000000000000003,1.0
54,LR,0.42,1.0
54,LR,0.43,1.0
54,LR,0.44,1.0
54,LR,0.45,1.0
54,LR,0.46,1.0
54,LR,0.47000000000000003,1.0
54,LR,0.48,1.0
54,LR,0.49,1.0
54,LR,0.5,1.0
54,LR,0.51,1.0
54,LR,0.52,1.0
54,LR,0.53,1.0
54,LR,0.54,1.0
54,LR,0.55,1.0
54,LR,0.56,1.0
54,LR,0.5700000000000001,1.0
54,LR,0.58,1.0
54,LR,0.59,1.0
54,LR,0.6,1.0
54,LR,0.61,1.0
54,LR,0.62,1.0
54,LR,0.63,1.0
54,LR,0.64,1.0
54,LR,0.65,1.0
54,LR,0.66,1.0
54,LR,0.67,1.0
54,LR,0.68,1.0
54,LR,0.6900000000000001,1.0
54,LR,0.7000000000000001,1.0
54,LR,0.71,1.0
54,LR,0.72,1.0
54,LR,0.73,1.0
54,LR,0.74,1.0
54,LR,0.75,1.0
54,LR,0.76,1.0
54,LR,0.77,1.0
54,LR,0.78,1.0
54,LR,0.79,1.0
54,LR,0.8,1.0
54,LR,0.81,1.0
54,LR,0.8200000000000001,1.0
54,LR,0.8300000000000001,1.0
54,LR,0.84,1.0
54,LR,0.85,1.0
54,LR,0.86,1.0
54,LR,0.87,1.0
54,LR,0.88,1.0
54,LR,0.89,1.0
54,LR,0.9,1.0
54,LR,0.91,1.0
54,LR,0.92,1.0
54,LR,0.93,1.0
54,LR,0.9400000000000001,1.0
54,LR,0.9500000000000001,1.0
54,LR,0.96,1.0
54,LR,0.97,1.0
54,LR,0.98,1.0
54,LR,0.99,1.0
54,LR,1.0,1.0
54,GAM,0.0,0.4
54,GAM,0.01,0.676923076923077
54,GAM,0.02,0.7538461538461538
54,GAM,0.03,0.7692307692307693
54,GAM,0.04,0.8923076923076924
54,GAM,0.05,0.9076923076923077
54,GAM,0.06,0.9076923076923077
54,GAM,0.07,0.9076923076923077
54,GAM,0.08,0.9230769230769231
54,GAM,0.09,0.9230769230769231
54,GAM,0.1,0.9230769230769231
54,GAM,0.11,0.9230769230769231
54,GAM,0.12,0.9230769230769231
54,GAM,0.13,0.9538461538461539
54,GAM,0.14,0.9538461538461539
54,GAM,0.15,0.9538461538461539
54,GAM,0.16,0.9538461538461539
54,GAM,0.17,0.9538461538461539
54,GAM,0.18,0.9692307692307692
54,GAM,0.19,0.9692307692307692
54,GAM,0.2,0.9846153846153847
54,GAM,0.21,0.9846153846153847
54,GAM,0.22,1.0
54,GAM,0.23,1.0
54,GAM,0.24,1.0
54,GAM,0.25,1.0
54,GAM,0.26,1.0
54,GAM,0.27,1.0
54,GAM,0.28,1.0
54,GAM,0.29,1.0
54,GAM,0.3,1.0
54,GAM,0.31,1.0
54,GAM,0.32,1.0
54,GAM,0.33,1.0
54,GAM,0.34,1.0
54,GAM,0.35000000000000003,1.0
54,GAM,0.36,1.0
54,GAM,0.37,1.0
54,GAM,0.38,1.0
54,GAM,0.39,1.0
54,GAM,0.4,1.0
54,GAM,0.41000000000000003,1.0
54,GAM,0.42,1.0
54,GAM,0.43,1.0
54,GAM,0.44,1.0
54,GAM,0.45,1.0
54,GAM,0.46,1.0
54,GAM,0.47000000000000003,1.0
54,GAM,0.48,1.0
54,GAM,0.49,1.0
54,GAM,0.5,1.0
54,GAM,0.51,1.0
54,GAM,0.52,1.0
54,GAM,0.53,1.0
54,GAM,0.54,1.0
54,GAM,0.55,1.0
54,GAM,0.56,1.0
54,GAM,0.5700000000000001,1.0
54,GAM,0.58,1.0
54,GAM,0.59,1.0
54,GAM,0.6,1.0
54,GAM,0.61,1.0
54,GAM,0.62,1.0
54,GAM,0.63,1.0
54,GAM,0.64,1.0
54,GAM,0.65,1.0
54,GAM,0.66,1.0
54,GAM,0.67,1.0
54,GAM,0.68,1.0
54,GAM,0.6900000000000001,1.0
54,GAM,0.7000000000000001,1.0
54,GAM,0.71,1.0
54,GAM,0.72,1.0
54,GAM,0.73,1.0
54,GAM,0.74,1.0
54,GAM,0.75,1.0
54,GAM,0.76,1.0
54,GAM,0.77,1.0
54,GAM,0.78,1.0
54,GAM,0.79,1.0
54,GAM,0.8,1.0
54,GAM,0.81,1.0
54,GAM,0.8200000000000001,1.0
54,GAM,0.8300000000000001,1.0
54,GAM,0.84,1.0
54,GAM,0.85,1.0
54,GAM,0.86,1.0
54,GAM,0.87,1.0
54,GAM,0.88,1.0
54,GAM,0.89,1.0
54,GAM,0.9,1.0
54,GAM,0.91,1.0
54,GAM,0.92,1.0
54,GAM,0.93,1.0
54,GAM,0.9400000000000001,1.0
54,GAM,0.9500000000000001,1.0
54,GAM,0.96,1.0
54,GAM,0.97,1.0
54,GAM,0.98,1.0
54,GAM,0.99,1.0
54,GAM,1.0,1.0
54,RF,0.0,0.6307692307692307
54,RF,0.01,0.6307692307692307
54,RF,0.02,0.7692307692307693
54,RF,0.03,0.7692307692307693
54,RF,0.04,0.8461538461538461
54,RF,0.05,0.8461538461538461
54,RF,0.06,0.8615384615384616
54,RF,0.07,0.8615384615384616
54,RF,0.08,0.8769230769230769
54,RF,0.09,0.8923076923076924
54,RF,0.1,0.8923076923076924
54,RF,0.11,0.9076923076923077
54,RF,0.12,0.9076923076923077
54,RF,0.13,0.9076923076923077
54,RF,0.14,0.9076923076923077
54,RF,0.15,0.9384615384615385
54,RF,0.16,0.9384615384615385
54,RF,0.17,0.9538461538461539
54,RF,0.18,0.9538461538461539
54,RF,0.19,0.9692307692307692
54,RF,0.2,0.9692307692307692
54,RF,0.21,0.9692307692307692
54,RF,0.22,0.9692307692307692
54,RF,0.23,0.9692307692307692
54,RF,0.24,0.9846153846153847
54,RF,0.25,0.9846153846153847
54,RF,0.26,0.9846153846153847
54,RF,0.27,0.9846153846153847
54,RF,0.28,0.9846153846153847
54,RF,0.29,0.9846153846153847
54,RF,0.3,0.9846153846153847
54,RF,0.31,0.9846153846153847
54,RF,0.32,0.9846153846153847
54,RF,0.33,0.9846153846153847
54,RF,0.34,0.9846153846153847
54,RF,0.35000000000000003,0.9846153846153847
54,RF,0.36,0.9846153846153847
54,RF,0.37,0.9846153846153847
54,RF,0.38,0.9846153846153847
54,RF,0.39,0.9846153846153847
54,RF,0.4,0.9846153846153847
54,RF,0.41000000000000003,0.9846153846153847
54,RF,0.42,1.0
54,RF,0.43,1.0
54,RF,0.44,1.0
54,RF,0.45,1.0
54,RF,0.46,1.0
54,RF,0.47000000000000003,1.0
54,RF,0.48,1.0
54,RF,0.49,1.0
54,RF,0.5,1.0
54,RF,0.51,1.0
54,RF,0.52,1.0
54,RF,0.53,1.0
54,RF,0.54,1.0
54,RF,0.55,1.0
54,RF,0.56,1.0
54,RF,0.5700000000000001,1.0
54,RF,0.58,1.0
54,RF,0.59,1.0
54,RF,0.6,1.0
54,RF,0.61,1.0
54,RF,0.62,1.0
54,RF,0.63,1.0
54,RF,0.64,1.0
54,RF,0.65,1.0
54,RF,0.66,1.0
54,RF,0.67,1.0
54,RF,0.68,1.0
54,RF,0.6900000000000001,1.0
54,RF,0.7000000000000001,1.0
54,RF,0.71,1.0
54,RF,0.72,1.0
54,RF,0.73,1.0
54,RF,0.74,1.0
54,RF,0.75,1.0
54,RF,0.76,1.0
54,RF,0.77,1.0
54,RF,0.78,1.0
54,RF,0.79,1.0
54,RF,0.8,1.0
54,RF,0.81,1.0
54,RF,0.8200000000000001,1.0
54,RF,0.8300000000000001,1.0
54,RF,0.84,1.0
54,RF,0.85,1.0
54,RF,0.86,1.0
54,RF,0.87,1.0
54,RF,0.88,1.0
54,RF,0.89,1.0
54,RF,0.9,1.0
54,RF,0.91,1.0
54,RF,0.92,1.0
54,RF,0.93,1.0
54,RF,0.9400000000000001,1.0
54,RF,0.9500000000000001,1.0
54,RF,0.96,1.0
54,RF,0.97,1.0
54,RF,0.98,1.0
54,RF,0.99,1.0
54,RF,1.0,1.0
55,LR,0.0,0.057971014492753624
55,LR,0.01,0.2608695652173913
55,LR,0.02,0.6086956521739131
55,LR,0.03,0.6376811594202898
55,LR,0.04,0.6811594202898551
55,LR,0.05,0.7246376811594203
55,LR,0.06,0.855072463768116
55,LR,0.07,0.855072463768116
55,LR,0.08,0.8840579710144928
55,LR,0.09,0.8840579710144928
55,LR,0.1,0.8985507246376812
55,LR,0.11,0.927536231884058
55,LR,0.12,0.927536231884058
55,LR,0.13,0.9420289855072463
55,LR,0.14,0.9565217391304348
55,LR,0.15,0.9565217391304348
55,LR,0.16,0.9565217391304348
55,LR,0.17,0.9710144927536232
55,LR,0.18,0.9710144927536232
55,LR,0.19,0.9710144927536232
55,LR,0.2,0.9710144927536232
55,LR,0.21,0.9710144927536232
55,LR,0.22,0.9710144927536232
55,LR,0.23,0.9710144927536232
55,LR,0.24,0.9710144927536232
55,LR,0.25,0.9710144927536232
55,LR,0.26,0.9710144927536232
55,LR,0.27,0.9710144927536232
55,LR,0.28,0.9710144927536232
55,LR,0.29,0.9855072463768116
55,LR,0.3,0.9855072463768116
55,LR,0.31,0.9855072463768116
55,LR,0.32,0.9855072463768116
55,LR,0.33,0.9855072463768116
55,LR,0.34,0.9855072463768116
55,LR,0.35000000000000003,1.0
55,LR,0.36,1.0
55,LR,0.37,1.0
55,LR,0.38,1.0
55,LR,0.39,1.0
55,LR,0.4,1.0
55,LR,0.41000000000000003,1.0
55,LR,0.42,1.0
55,LR,0.43,1.0
55,LR,0.44,1.0
55,LR,0.45,1.0
55,LR,0.46,1.0
55,LR,0.47000000000000003,1.0
55,LR,0.48,1.0
55,LR,0.49,1.0
55,LR,0.5,1.0
55,LR,0.51,1.0
55,LR,0.52,1.0
55,LR,0.53,1.0
55,LR,0.54,1.0
55,LR,0.55,1.0
55,LR,0.56,1.0
55,LR,0.5700000000000001,1.0
55,LR,0.58,1.0
55,LR,0.59,1.0
55,LR,0.6,1.0
55,LR,0.61,1.0
55,LR,0.62,1.0
55,LR,0.63,1.0
55,LR,0.64,1.0
55,LR,0.65,1.0
55,LR,0.66,1.0
55,LR,0.67,1.0
55,LR,0.68,1.0
55,LR,0.6900000000000001,1.0
55,LR,0.7000000000000001,1.0
55,LR,0.71,1.0
55,LR,0.72,1.0
55,LR,0.73,1.0
55,LR,0.74,1.0
55,LR,0.75,1.0
55,LR,0.76,1.0
55,LR,0.77,1.0
55,LR,0.78,1.0
55,LR,0.79,1.0
55,LR,0.8,1.0
55,LR,0.81,1.0
55,LR,0.8200000000000001,1.0
55,LR,0.8300000000000001,1.0
55,LR,0.84,1.0
55,LR,0.85,1.0
55,LR,0.86,1.0
55,LR,0.87,1.0
55,LR,0.88,1.0
55,LR,0.89,1.0
55,LR,0.9,1.0
55,LR,0.91,1.0
55,LR,0.92,1.0
55,LR,0.93,1.0
55,LR,0.9400000000000001,1.0
55,LR,0.9500000000000001,1.0
55,LR,0.96,1.0
55,LR,0.97,1.0
55,LR,0.98,1.0
55,LR,0.99,1.0
55,LR,1.0,1.0
55,GAM,0.0,0.07246376811594203
55,GAM,0.01,0.36231884057971014
55,GAM,0.02,0.6086956521739131
55,GAM,0.03,0.6811594202898551
55,GAM,0.04,0.7391304347826086
55,GAM,0.05,0.782608695652174
55,GAM,0.06,0.8405797101449275
55,GAM,0.07,0.855072463768116
55,GAM,0.08,0.8695652173913043
55,GAM,0.09,0.8985507246376812
55,GAM,0.1,0.927536231884058
55,GAM,0.11,0.9420289855072463
55,GAM,0.12,0.9420289855072463
55,GAM,0.13,0.9420289855072463
55,GAM,0.14,0.9420289855072463
55,GAM,0.15,0.9420289855072463
55,GAM,0.16,0.9420289855072463
55,GAM,0.17,0.9420289855072463
55,GAM,0.18,0.9420289855072463
55,GAM,0.19,0.9565217391304348
55,GAM,0.2,0.9565217391304348
55,GAM,0.21,0.9565217391304348
55,GAM,0.22,0.9565217391304348
55,GAM,0.23,0.9710144927536232
55,GAM,0.24,0.9710144927536232
55,GAM,0.25,0.9710144927536232
55,GAM,0.26,0.9855072463768116
55,GAM,0.27,0.9855072463768116
55,GAM,0.28,1.0
55,GAM,0.29,1.0
55,GAM,0.3,1.0
55,GAM,0.31,1.0
55,GAM,0.32,1.0
55,GAM,0.33,1.0
55,GAM,0.34,1.0
55,GAM,0.35000000000000003,1.0
55,GAM,0.36,1.0
55,GAM,0.37,1.0
55,GAM,0.38,1.0
55,GAM,0.39,1.0
55,GAM,0.4,1.0
55,GAM,0.41000000000000003,1.0
55,GAM,0.42,1.0
55,GAM,0.43,1.0
55,GAM,0.44,1.0
55,GAM,0.45,1.0
55,GAM,0.46,1.0
55,GAM,0.47000000000000003,1.0
55,GAM,0.48,1.0
55,GAM,0.49,1.0
55,GAM,0.5,1.0
55,GAM,0.51,1.0
55,GAM,0.52,1.0
55,GAM,0.53,1.0
55,GAM,0.54,1.0
55,GAM,0.55,1.0
55,GAM,0.56,1.0
55,GAM,0.5700000000000001,1.0
55,GAM,0.58,1.0
55,GAM,0.59,1.0
55,GAM,0.6,1.0
55,GAM,0.61,1.0
55,GAM,0.62,1.0
55,GAM,0.63,1.0
55,GAM,0.64,1.0
55,GAM,0.65,1.0
55,GAM,0.66,1.0
55,GAM,0.67,1.0
55,GAM,0.68,1.0
55,GAM,0.6900000000000001,1.0
55,GAM,0.7000000000000001,1.0
55,GAM,0.71,1.0
55,GAM,0.72,1.0
55,GAM,0.73,1.0
55,GAM,0.74,1.0
55,GAM,0.75,1.0
55,GAM,0.76,1.0
55,GAM,0.77,1.0
55,GAM,0.78,1.0
55,GAM,0.79,1.0
55,GAM,0.8,1.0
55,GAM,0.81,1.0
55,GAM,0.8200000000000001,1.0
55,GAM,0.8300000000000001,1.0
55,GAM,0.84,1.0
55,GAM,0.85,1.0
55,GAM,0.86,1.0
55,GAM,0.87,1.0
55,GAM,0.88,1.0
55,GAM,0.89,1.0
55,GAM,0.9,1.0
55,GAM,0.91,1.0
55,GAM,0.92,1.0
55,GAM,0.93,1.0
55,GAM,0.9400000000000001,1.0
55,GAM,0.9500000000000001,1.0
55,GAM,0.96,1.0
55,GAM,0.97,1.0
55,GAM,0.98,1.0
55,GAM,0.99,1.0
55,GAM,1.0,1.0
55,RF,0.0,0.14492753623188406
55,RF,0.01,0.42028985507246375
55,RF,0.02,0.5217391304347826
55,RF,0.03,0.6666666666666666
55,RF,0.04,0.6956521739130435
55,RF,0.05,0.7246376811594203
55,RF,0.06,0.8115942028985508
55,RF,0.07,0.8115942028985508
55,RF,0.08,0.8840579710144928
55,RF,0.09,0.8840579710144928
55,RF,0.1,0.8840579710144928
55,RF,0.11,0.8840579710144928
55,RF,0.12,0.927536231884058
55,RF,0.13,0.927536231884058
55,RF,0.14,0.9420289855072463
55,RF,0.15,0.9420289855072463
55,RF,0.16,0.9420289855072463
55,RF,0.17,0.9565217391304348
55,RF,0.18,0.9565217391304348
55,RF,0.19,0.9565217391304348
55,RF,0.2,0.9565217391304348
55,RF,0.21,0.9565217391304348
55,RF,0.22,0.9565217391304348
55,RF,0.23,0.9565217391304348
55,RF,0.24,0.9565217391304348
55,RF,0.25,0.9565217391304348
55,RF,0.26,0.9565217391304348
55,RF,0.27,0.9565217391304348
55,RF,0.28,0.9565217391304348
55,RF,0.29,0.9565217391304348
55,RF,0.3,0.9565217391304348
55,RF,0.31,0.9565217391304348
55,RF,0.32,0.9565217391304348
55,RF,0.33,0.9710144927536232
55,RF,0.34,1.0
55,RF,0.35000000000000003,1.0
55,RF,0.36,1.0
55,RF,0.37,1.0
55,RF,0.38,1.0
55,RF,0.39,1.0
55,RF,0.4,1.0
55,RF,0.41000000000000003,1.0
55,RF,0.42,1.0
55,RF,0.43,1.0
55,RF,0.44,1.0
55,RF,0.45,1.0
55,RF,0.46,1.0
55,RF,0.47000000000000003,1.0
55,RF,0.48,1.0
55,RF,0.49,1.0
55,RF,0.5,1.0
55,RF,0.51,1.0
55,RF,0.52,1.0
55,RF,0.53,1.0
55,RF,0.54,1.0
55,RF,0.55,1.0
55,RF,0.56,1.0
55,RF,0.5700000000000001,1.0
55,RF,0.58,1.0
55,RF,0.59,1.0
55,RF,0.6,1.0
55,RF,0.61,1.0
55,RF,0.62,1.0
55,RF,0.63,1.0
55,RF,0.64,1.0
55,RF,0.65,1.0
55,RF,0.66,1.0
55,RF,0.67,1.0
55,RF,0.68,1.0
55,RF,0.6900000000000001,1.0
55,RF,0.7000000000000001,1.0
55,RF,0.71,1.0
55,RF,0.72,1.0
55,RF,0.73,1.0
55,RF,0.74,1.0
55,RF,0.75,1.0
55,RF,0.76,1.0
55,RF,0.77,1.0
55,RF,0.78,1.0
55,RF,0.79,1.0
55,RF,0.8,1.0
55,RF,0.81,1.0
55,RF,0.8200000000000001,1.0
55,RF,0.8300000000000001,1.0
55,RF,0.84,1.0
55,RF,0.85,1.0
55,RF,0.86,1.0
55,RF,0.87,1.0
55,RF,0.88,1.0
55,RF,0.89,1.0
55,RF,0.9,1.0
55,RF,0.91,1.0
55,RF,0.92,1.0
55,RF,0.93,1.0
55,RF,0.9400000000000001,1.0
55,RF,0.9500000000000001,1.0
55,RF,0.96,1.0
55,RF,0.97,1.0
55,RF,0.98,1.0
55,RF,0.99,1.0
55,RF,1.0,1.0
56,LR,0.0,0.02531645569620253
56,LR,0.01,0.25316455696202533
56,LR,0.02,0.26582278481012656
56,LR,0.03,0.6329113924050633
56,LR,0.04,0.6329113924050633
56,LR,0.05,0.7468354430379747
56,LR,0.06,0.7468354430379747
56,LR,0.07,0.759493670886076
56,LR,0.08,0.7974683544303798
56,LR,0.09,0.8354430379746836
56,LR,0.1,0.8354430379746836
56,LR,0.11,0.8354430379746836
56,LR,0.12,0.8354430379746836
56,LR,0.13,0.8481012658227848
56,LR,0.14,0.8481012658227848
56,LR,0.15,0.8860759493670886
56,LR,0.16,0.8860759493670886
56,LR,0.17,0.8860759493670886
56,LR,0.18,0.8860759493670886
56,LR,0.19,0.8860759493670886
56,LR,0.2,0.8860759493670886
56,LR,0.21,0.8860759493670886
56,LR,0.22,0.8860759493670886
56,LR,0.23,0.8987341772151899
56,LR,0.24,0.9113924050632911
56,LR,0.25,0.9113924050632911
56,LR,0.26,0.9113924050632911
56,LR,0.27,0.9240506329113924
56,LR,0.28,0.9493670886075949
56,LR,0.29,0.9493670886075949
56,LR,0.3,0.9493670886075949
56,LR,0.31,0.9493670886075949
56,LR,0.32,0.9493670886075949
56,LR,0.33,0.9493670886075949
56,LR,0.34,0.9493670886075949
56,LR,0.35000000000000003,0.9493670886075949
56,LR,0.36,0.9493670886075949
56,LR,0.37,0.9493670886075949
56,LR,0.38,0.9493670886075949
56,LR,0.39,0.9493670886075949
56,LR,0.4,0.9493670886075949
56,LR,0.41000000000000003,0.9493670886075949
56,LR,0.42,0.9493670886075949
56,LR,0.43,0.9493670886075949
56,LR,0.44,0.9493670886075949
56,LR,0.45,0.9620253164556962
56,LR,0.46,0.9620253164556962
56,LR,0.47000000000000003,0.9746835443037974
56,LR,0.48,0.9746835443037974
56,LR,0.49,0.9746835443037974
56,LR,0.5,0.9746835443037974
56,LR,0.51,0.9746835443037974
56,LR,0.52,0.9746835443037974
56,LR,0.53,0.9746835443037974
56,LR,0.54,0.9746835443037974
56,LR,0.55,0.9746835443037974
56,LR,0.56,0.9746835443037974
56,LR,0.5700000000000001,0.9746835443037974
56,LR,0.58,0.9746835443037974
56,LR,0.59,0.9746835443037974
56,LR,0.6,0.9746835443037974
56,LR,0.61,0.9746835443037974
56,LR,0.62,0.9873417721518988
56,LR,0.63,0.9873417721518988
56,LR,0.64,0.9873417721518988
56,LR,0.65,0.9873417721518988
56,LR,0.66,0.9873417721518988
56,LR,0.67,0.9873417721518988
56,LR,0.68,0.9873417721518988
56,LR,0.6900000000000001,0.9873417721518988
56,LR,0.7000000000000001,0.9873417721518988
56,LR,0.71,0.9873417721518988
56,LR,0.72,0.9873417721518988
56,LR,0.73,0.9873417721518988
56,LR,0.74,0.9873417721518988
56,LR,0.75,0.9873417721518988
56,LR,0.76,0.9873417721518988
56,LR,0.77,0.9873417721518988
56,LR,0.78,0.9873417721518988
56,LR,0.79,0.9873417721518988
56,LR,0.8,0.9873417721518988
56,LR,0.81,0.9873417721518988
56,LR,0.8200000000000001,0.9873417721518988
56,LR,0.8300000000000001,0.9873417721518988
56,LR,0.84,0.9873417721518988
56,LR,0.85,1.0
56,LR,0.86,1.0
56,LR,0.87,1.0
56,LR,0.88,1.0
56,LR,0.89,1.0
56,LR,0.9,1.0
56,LR,0.91,1.0
56,LR,0.92,1.0
56,LR,0.93,1.0
56,LR,0.9400000000000001,1.0
56,LR,0.9500000000000001,1.0
56,LR,0.96,1.0
56,LR,0.97,1.0
56,LR,0.98,1.0
56,LR,0.99,1.0
56,LR,1.0,1.0
56,GAM,0.0,0.012658227848101266
56,GAM,0.01,0.20253164556962025
56,GAM,0.02,0.26582278481012656
56,GAM,0.03,0.6075949367088608
56,GAM,0.04,0.6708860759493671
56,GAM,0.05,0.7468354430379747
56,GAM,0.06,0.7468354430379747
56,GAM,0.07,0.759493670886076
56,GAM,0.08,0.8227848101265823
56,GAM,0.09,0.8227848101265823
56,GAM,0.1,0.8354430379746836
56,GAM,0.11,0.8354430379746836
56,GAM,0.12,0.8354430379746836
56,GAM,0.13,0.8481012658227848
56,GAM,0.14,0.8607594936708861
56,GAM,0.15,0.8734177215189873
56,GAM,0.16,0.8734177215189873
56,GAM,0.17,0.8860759493670886
56,GAM,0.18,0.8860759493670886
56,GAM,0.19,0.8860759493670886
56,GAM,0.2,0.8987341772151899
56,GAM,0.21,0.8987341772151899
56,GAM,0.22,0.8987341772151899
56,GAM,0.23,0.8987341772151899
56,GAM,0.24,0.8987341772151899
56,GAM,0.25,0.9367088607594937
56,GAM,0.26,0.9367088607594937
56,GAM,0.27,0.9493670886075949
56,GAM,0.28,0.9493670886075949
56,GAM,0.29,0.9493670886075949
56,GAM,0.3,0.9493670886075949
56,GAM,0.31,0.9493670886075949
56,GAM,0.32,0.9493670886075949
56,GAM,0.33,0.9620253164556962
56,GAM,0.34,0.9620253164556962
56,GAM,0.35000000000000003,0.9620253164556962
56,GAM,0.36,0.9620253164556962
56,GAM,0.37,0.9620253164556962
56,GAM,0.38,0.9746835443037974
56,GAM,0.39,0.9746835443037974
56,GAM,0.4,0.9746835443037974
56,GAM,0.41000000000000003,0.9746835443037974
56,GAM,0.42,0.9746835443037974
56,GAM,0.43,0.9746835443037974
56,GAM,0.44,0.9746835443037974
56,GAM,0.45,0.9746835443037974
56,GAM,0.46,0.9746835443037974
56,GAM,0.47000000000000003,0.9746835443037974
56,GAM,0.48,0.9746835443037974
56,GAM,0.49,0.9746835443037974
56,GAM,0.5,0.9873417721518988
56,GAM,0.51,0.9873417721518988
56,GAM,0.52,0.9873417721518988
56,GAM,0.53,0.9873417721518988
56,GAM,0.54,0.9873417721518988
56,GAM,0.55,0.9873417721518988
56,GAM,0.56,0.9873417721518988
56,GAM,0.5700000000000001,0.9873417721518988
56,GAM,0.58,0.9873417721518988
56,GAM,0.59,0.9873417721518988
56,GAM,0.6,0.9873417721518988
56,GAM,0.61,0.9873417721518988
56,GAM,0.62,0.9873417721518988
56,GAM,0.63,0.9873417721518988
56,GAM,0.64,0.9873417721518988
56,GAM,0.65,0.9873417721518988
56,GAM,0.66,0.9873417721518988
56,GAM,0.67,0.9873417721518988
56,GAM,0.68,0.9873417721518988
56,GAM,0.6900000000000001,0.9873417721518988
56,GAM,0.7000000000000001,0.9873417721518988
56,GAM,0.71,0.9873417721518988
56,GAM,0.72,0.9873417721518988
56,GAM,0.73,0.9873417721518988
56,GAM,0.74,0.9873417721518988
56,GAM,0.75,0.9873417721518988
56,GAM,0.76,0.9873417721518988
56,GAM,0.77,0.9873417721518988
56,GAM,0.78,0.9873417721518988
56,GAM,0.79,0.9873417721518988
56,GAM,0.8,0.9873417721518988
56,GAM,0.81,1.0
56,GAM,0.8200000000000001,1.0
56,GAM,0.8300000000000001,1.0
56,GAM,0.84,1.0
56,GAM,0.85,1.0
56,GAM,0.86,1.0
56,GAM,0.87,1.0
56,GAM,0.88,1.0
56,GAM,0.89,1.0
56,GAM,0.9,1.0
56,GAM,0.91,1.0
56,GAM,0.92,1.0
56,GAM,0.93,1.0
56,GAM,0.9400000000000001,1.0
56,GAM,0.9500000000000001,1.0
56,GAM,0.96,1.0
56,GAM,0.97,1.0
56,GAM,0.98,1.0
56,GAM,0.99,1.0
56,GAM,1.0,1.0
56,RF,0.0,0.12658227848101267
56,RF,0.01,0.20253164556962025
56,RF,0.02,0.27848101265822783
56,RF,0.03,0.3670886075949367
56,RF,0.04,0.5949367088607594
56,RF,0.05,0.7215189873417721
56,RF,0.06,0.759493670886076
56,RF,0.07,0.8227848101265823
56,RF,0.08,0.8227848101265823
56,RF,0.09,0.8227848101265823
56,RF,0.1,0.8481012658227848
56,RF,0.11,0.8481012658227848
56,RF,0.12,0.8481012658227848
56,RF,0.13,0.8607594936708861
56,RF,0.14,0.8734177215189873
56,RF,0.15,0.8734177215189873
56,RF,0.16,0.8860759493670886
56,RF,0.17,0.8987341772151899
56,RF,0.18,0.9113924050632911
56,RF,0.19,0.9113924050632911
56,RF,0.2,0.9367088607594937
56,RF,0.21,0.9367088607594937
56,RF,0.22,0.9367088607594937
56,RF,0.23,0.9493670886075949
56,RF,0.24,0.9493670886075949
56,RF,0.25,0.9493670886075949
56,RF,0.26,0.9493670886075949
56,RF,0.27,0.9620253164556962
56,RF,0.28,0.9746835443037974
56,RF,0.29,0.9746835443037974
56,RF,0.3,0.9746835443037974
56,RF,0.31,0.9746835443037974
56,RF,0.32,0.9746835443037974
56,RF,0.33,0.9746835443037974
56,RF,0.34,0.9746835443037974
56,RF,0.35000000000000003,0.9746835443037974
56,RF,0.36,0.9746835443037974
56,RF,0.37,0.9746835443037974
56,RF,0.38,0.9746835443037974
56,RF,0.39,0.9746835443037974
56,RF,0.4,0.9746835443037974
56,RF,0.41000000000000003,0.9746835443037974
56,RF,0.42,0.9746835443037974
56,RF,0.43,0.9746835443037974
56,RF,0.44,0.9746835443037974
56,RF,0.45,0.9746835443037974
56,RF,0.46,0.9746835443037974
56,RF,0.47000000000000003,0.9746835443037974
56,RF,0.48,0.9746835443037974
56,RF,0.49,0.9746835443037974
56,RF,0.5,0.9746835443037974
56,RF,0.51,0.9746835443037974
56,RF,0.52,0.9746835443037974
56,RF,0.53,0.9746835443037974
56,RF,0.54,0.9746835443037974
56,RF,0.55,0.9746835443037974
56,RF,0.56,0.9746835443037974
56,RF,0.5700000000000001,0.9746835443037974
56,RF,0.58,0.9746835443037974
56,RF,0.59,0.9873417721518988
56,RF,0.6,0.9873417721518988
56,RF,0.61,0.9873417721518988
56,RF,0.62,0.9873417721518988
56,RF,0.63,0.9873417721518988
56,RF,0.64,0.9873417721518988
56,RF,0.65,0.9873417721518988
56,RF,0.66,0.9873417721518988
56,RF,0.67,0.9873417721518988
56,RF,0.68,0.9873417721518988
56,RF,0.6900000000000001,0.9873417721518988
56,RF,0.7000000000000001,0.9873417721518988
56,RF,0.71,0.9873417721518988
56,RF,0.72,0.9873417721518988
56,RF,0.73,0.9873417721518988
56,RF,0.74,0.9873417721518988
56,RF,0.75,0.9873417721518988
56,RF,0.76,0.9873417721518988
56,RF,0.77,0.9873417721518988
56,RF,0.78,0.9873417721518988
56,RF,0.79,0.9873417721518988
56,RF,0.8,0.9873417721518988
56,RF,0.81,0.9873417721518988
56,RF,0.8200000000000001,0.9873417721518988
56,RF,0.8300000000000001,0.9873417721518988
56,RF,0.84,0.9873417721518988
56,RF,0.85,0.9873417721518988
56,RF,0.86,0.9873417721518988
56,RF,0.87,1.0
56,RF,0.88,1.0
56,RF,0.89,1.0
56,RF,0.9,1.0
56,RF,0.91,1.0
56,RF,0.92,1.0
56,RF,0.93,1.0
56,RF,0.9400000000000001,1.0
56,RF,0.9500000000000001,1.0
56,RF,0.96,1.0
56,RF,0.97,1.0
56,RF,0.98,1.0
56,RF,0.99,1.0
56,RF,1.0,1.0
57,LR,0.0,0.2077922077922078
57,LR,0.01,0.45454545454545453
57,LR,0.02,0.6363636363636364
57,LR,0.03,0.6883116883116883
57,LR,0.04,0.8181818181818182
57,LR,0.05,0.8311688311688312
57,LR,0.06,0.8571428571428571
57,LR,0.07,0.8571428571428571
57,LR,0.08,0.8961038961038961
57,LR,0.09,0.922077922077922
57,LR,0.1,0.922077922077922
57,LR,0.11,0.922077922077922
57,LR,0.12,0.922077922077922
57,LR,0.13,0.935064935064935
57,LR,0.14,0.935064935064935
57,LR,0.15,0.935064935064935
57,LR,0.16,0.935064935064935
57,LR,0.17,0.935064935064935
57,LR,0.18,0.948051948051948
57,LR,0.19,0.948051948051948
57,LR,0.2,0.948051948051948
57,LR,0.21,0.948051948051948
57,LR,0.22,0.948051948051948
57,LR,0.23,0.948051948051948
57,LR,0.24,0.948051948051948
57,LR,0.25,0.948051948051948
57,LR,0.26,0.948051948051948
57,LR,0.27,0.961038961038961
57,LR,0.28,0.961038961038961
57,LR,0.29,0.961038961038961
57,LR,0.3,0.961038961038961
57,LR,0.31,0.961038961038961
57,LR,0.32,0.961038961038961
57,LR,0.33,0.961038961038961
57,LR,0.34,0.961038961038961
57,LR,0.35000000000000003,0.961038961038961
57,LR,0.36,0.974025974025974
57,LR,0.37,0.974025974025974
57,LR,0.38,0.974025974025974
57,LR,0.39,0.987012987012987
57,LR,0.4,0.987012987012987
57,LR,0.41000000000000003,0.987012987012987
57,LR,0.42,0.987012987012987
57,LR,0.43,0.987012987012987
57,LR,0.44,0.987012987012987
57,LR,0.45,0.987012987012987
57,LR,0.46,0.987012987012987
57,LR,0.47000000000000003,0.987012987012987
57,LR,0.48,0.987012987012987
57,LR,0.49,0.987012987012987
57,LR,0.5,0.987012987012987
57,LR,0.51,0.987012987012987
57,LR,0.52,0.987012987012987
57,LR,0.53,0.987012987012987
57,LR,0.54,0.987012987012987
57,LR,0.55,0.987012987012987
57,LR,0.56,0.987012987012987
57,LR,0.5700000000000001,0.987012987012987
57,LR,0.58,0.987012987012987
57,LR,0.59,0.987012987012987
57,LR,0.6,0.987012987012987
57,LR,0.61,0.987012987012987
57,LR,0.62,0.987012987012987
57,LR,0.63,0.987012987012987
57,LR,0.64,0.987012987012987
57,LR,0.65,0.987012987012987
57,LR,0.66,0.987012987012987
57,LR,0.67,0.987012987012987
57,LR,0.68,0.987012987012987
57,LR,0.6900000000000001,0.987012987012987
57,LR,0.7000000000000001,0.987012987012987
57,LR,0.71,0.987012987012987
57,LR,0.72,0.987012987012987
57,LR,0.73,0.987012987012987
57,LR,0.74,0.987012987012987
57,LR,0.75,0.987012987012987
57,LR,0.76,0.987012987012987
57,LR,0.77,0.987012987012987
57,LR,0.78,0.987012987012987
57,LR,0.79,0.987012987012987
57,LR,0.8,0.987012987012987
57,LR,0.81,0.987012987012987
57,LR,0.8200000000000001,0.987012987012987
57,LR,0.8300000000000001,0.987012987012987
57,LR,0.84,0.987012987012987
57,LR,0.85,1.0
57,LR,0.86,1.0
57,LR,0.87,1.0
57,LR,0.88,1.0
57,LR,0.89,1.0
57,LR,0.9,1.0
57,LR,0.91,1.0
57,LR,0.92,1.0
57,LR,0.93,1.0
57,LR,0.9400000000000001,1.0
57,LR,0.9500000000000001,1.0
57,LR,0.96,1.0
57,LR,0.97,1.0
57,LR,0.98,1.0
57,LR,0.99,1.0
57,LR,1.0,1.0
57,GAM,0.0,0.22077922077922077
57,GAM,0.01,0.4935064935064935
57,GAM,0.02,0.6363636363636364
57,GAM,0.03,0.7792207792207793
57,GAM,0.04,0.7922077922077922
57,GAM,0.05,0.8571428571428571
57,GAM,0.06,0.8701298701298701
57,GAM,0.07,0.8961038961038961
57,GAM,0.08,0.9090909090909091
57,GAM,0.09,0.9090909090909091
57,GAM,0.1,0.9090909090909091
57,GAM,0.11,0.9090909090909091
57,GAM,0.12,0.922077922077922
57,GAM,0.13,0.922077922077922
57,GAM,0.14,0.922077922077922
57,GAM,0.15,0.922077922077922
57,GAM,0.16,0.922077922077922
57,GAM,0.17,0.922077922077922
57,GAM,0.18,0.922077922077922
57,GAM,0.19,0.922077922077922
57,GAM,0.2,0.935064935064935
57,GAM,0.21,0.935064935064935
57,GAM,0.22,0.935064935064935
57,GAM,0.23,0.948051948051948
57,GAM,0.24,0.961038961038961
57,GAM,0.25,0.961038961038961
57,GAM,0.26,0.974025974025974
57,GAM,0.27,0.974025974025974
57,GAM,0.28,0.974025974025974
57,GAM,0.29,0.974025974025974
57,GAM,0.3,0.987012987012987
57,GAM,0.31,0.987012987012987
57,GAM,0.32,0.987012987012987
57,GAM,0.33,0.987012987012987
57,GAM,0.34,0.987012987012987
57,GAM,0.35000000000000003,0.987012987012987
57,GAM,0.36,0.987012987012987
57,GAM,0.37,0.987012987012987
57,GAM,0.38,0.987012987012987
57,GAM,0.39,0.987012987012987
57,GAM,0.4,0.987012987012987
57,GAM,0.41000000000000003,0.987012987012987
57,GAM,0.42,0.987012987012987
57,GAM,0.43,0.987012987012987
57,GAM,0.44,0.987012987012987
57,GAM,0.45,0.987012987012987
57,GAM,0.46,0.987012987012987
57,GAM,0.47000000000000003,0.987012987012987
57,GAM,0.48,0.987012987012987
57,GAM,0.49,0.987012987012987
57,GAM,0.5,0.987012987012987
57,GAM,0.51,0.987012987012987
57,GAM,0.52,0.987012987012987
57,GAM,0.53,0.987012987012987
57,GAM,0.54,0.987012987012987
57,GAM,0.55,0.987012987012987
57,GAM,0.56,0.987012987012987
57,GAM,0.5700000000000001,0.987012987012987
57,GAM,0.58,0.987012987012987
57,GAM,0.59,0.987012987012987
57,GAM,0.6,0.987012987012987
57,GAM,0.61,0.987012987012987
57,GAM,0.62,0.987012987012987
57,GAM,0.63,0.987012987012987
57,GAM,0.64,0.987012987012987
57,GAM,0.65,0.987012987012987
57,GAM,0.66,0.987012987012987
57,GAM,0.67,0.987012987012987
57,GAM,0.68,0.987012987012987
57,GAM,0.6900000000000001,0.987012987012987
57,GAM,0.7000000000000001,0.987012987012987
57,GAM,0.71,1.0
57,GAM,0.72,1.0
57,GAM,0.73,1.0
57,GAM,0.74,1.0
57,GAM,0.75,1.0
57,GAM,0.76,1.0
57,GAM,0.77,1.0
57,GAM,0.78,1.0
57,GAM,0.79,1.0
57,GAM,0.8,1.0
57,GAM,0.81,1.0
57,GAM,0.8200000000000001,1.0
57,GAM,0.8300000000000001,1.0
57,GAM,0.84,1.0
57,GAM,0.85,1.0
57,GAM,0.86,1.0
57,GAM,0.87,1.0
57,GAM,0.88,1.0
57,GAM,0.89,1.0
57,GAM,0.9,1.0
57,GAM,0.91,1.0
57,GAM,0.92,1.0
57,GAM,0.93,1.0
57,GAM,0.9400000000000001,1.0
57,GAM,0.9500000000000001,1.0
57,GAM,0.96,1.0
57,GAM,0.97,1.0
57,GAM,0.98,1.0
57,GAM,0.99,1.0
57,GAM,1.0,1.0
57,RF,0.0,0.4025974025974026
57,RF,0.01,0.4935064935064935
57,RF,0.02,0.5584415584415584
57,RF,0.03,0.6363636363636364
57,RF,0.04,0.6363636363636364
57,RF,0.05,0.7922077922077922
57,RF,0.06,0.8701298701298701
57,RF,0.07,0.8701298701298701
57,RF,0.08,0.8961038961038961
57,RF,0.09,0.8961038961038961
57,RF,0.1,0.9090909090909091
57,RF,0.11,0.922077922077922
57,RF,0.12,0.935064935064935
57,RF,0.13,0.935064935064935
57,RF,0.14,0.935064935064935
57,RF,0.15,0.961038961038961
57,RF,0.16,0.961038961038961
57,RF,0.17,0.974025974025974
57,RF,0.18,0.974025974025974
57,RF,0.19,0.974025974025974
57,RF,0.2,0.974025974025974
57,RF,0.21,0.974025974025974
57,RF,0.22,0.974025974025974
57,RF,0.23,0.974025974025974
57,RF,0.24,0.974025974025974
57,RF,0.25,0.974025974025974
57,RF,0.26,0.987012987012987
57,RF,0.27,0.987012987012987
57,RF,0.28,0.987012987012987
57,RF,0.29,0.987012987012987
57,RF,0.3,0.987012987012987
57,RF,0.31,0.987012987012987
57,RF,0.32,0.987012987012987
57,RF,0.33,0.987012987012987
57,RF,0.34,0.987012987012987
57,RF,0.35000000000000003,0.987012987012987
57,RF,0.36,0.987012987012987
57,RF,0.37,0.987012987012987
57,RF,0.38,0.987012987012987
57,RF,0.39,0.987012987012987
57,RF,0.4,0.987012987012987
57,RF,0.41000000000000003,0.987012987012987
57,RF,0.42,0.987012987012987
57,RF,0.43,0.987012987012987
57,RF,0.44,0.987012987012987
57,RF,0.45,0.987012987012987
57,RF,0.46,0.987012987012987
57,RF,0.47000000000000003,0.987012987012987
57,RF,0.48,0.987012987012987
57,RF,0.49,0.987012987012987
57,RF,0.5,0.987012987012987
57,RF,0.51,0.987012987012987
57,RF,0.52,0.987012987012987
57,RF,0.53,0.987012987012987
57,RF,0.54,0.987012987012987
57,RF,0.55,0.987012987012987
57,RF,0.56,0.987012987012987
57,RF,0.5700000000000001,0.987012987012987
57,RF,0.58,0.987012987012987
57,RF,0.59,0.987012987012987
57,RF,0.6,0.987012987012987
57,RF,0.61,0.987012987012987
57,RF,0.62,0.987012987012987
57,RF,0.63,0.987012987012987
57,RF,0.64,0.987012987012987
57,RF,0.65,0.987012987012987
57,RF,0.66,0.987012987012987
57,RF,0.67,0.987012987012987
57,RF,0.68,0.987012987012987
57,RF,0.6900000000000001,0.987012987012987
57,RF,0.7000000000000001,0.987012987012987
57,RF,0.71,0.987012987012987
57,RF,0.72,0.987012987012987
57,RF,0.73,0.987012987012987
57,RF,0.74,0.987012987012987
57,RF,0.75,0.987012987012987
57,RF,0.76,0.987012987012987
57,RF,0.77,0.987012987012987
57,RF,0.78,0.987012987012987
57,RF,0.79,0.987012987012987
57,RF,0.8,0.987012987012987
57,RF,0.81,0.987012987012987
57,RF,0.8200000000000001,0.987012987012987
57,RF,0.8300000000000001,0.987012987012987
57,RF,0.84,0.987012987012987
57,RF,0.85,0.987012987012987
57,RF,0.86,0.987012987012987
57,RF,0.87,0.987012987012987
57,RF,0.88,0.987012987012987
57,RF,0.89,0.987012987012987
57,RF,0.9,0.987012987012987
57,RF,0.91,0.987012987012987
57,RF,0.92,0.987012987012987
57,RF,0.93,0.987012987012987
57,RF,0.9400000000000001,0.987012987012987
57,RF,0.9500000000000001,0.987012987012987
57,RF,0.96,0.987012987012987
57,RF,0.97,0.987012987012987
57,RF,0.98,1.0
57,RF,0.99,1.0
57,RF,1.0,1.0
58,LR,0.0,0.125
58,LR,0.01,0.25
58,LR,0.02,0.453125
58,LR,0.03,0.515625
58,LR,0.04,0.625
58,LR,0.05,0.671875
58,LR,0.06,0.71875
58,LR,0.07,0.78125
58,LR,0.08,0.796875
58,LR,0.09,0.828125
58,LR,0.1,0.84375
58,LR,0.11,0.859375
58,LR,0.12,0.875
58,LR,0.13,0.875
58,LR,0.14,0.875
58,LR,0.15,0.890625
58,LR,0.16,0.890625
58,LR,0.17,0.890625
58,LR,0.18,0.890625
58,LR,0.19,0.90625
58,LR,0.2,0.921875
58,LR,0.21,0.9375
58,LR,0.22,0.9375
58,LR,0.23,0.9375
58,LR,0.24,0.9375
58,LR,0.25,0.953125
58,LR,0.26,0.953125
58,LR,0.27,0.953125
58,LR,0.28,0.953125
58,LR,0.29,0.953125
58,LR,0.3,0.953125
58,LR,0.31,0.953125
58,LR,0.32,0.953125
58,LR,0.33,0.953125
58,LR,0.34,0.953125
58,LR,0.35000000000000003,0.953125
58,LR,0.36,0.96875
58,LR,0.37,0.96875
58,LR,0.38,0.96875
58,LR,0.39,0.96875
58,LR,0.4,0.984375
58,LR,0.41000000000000003,0.984375
58,LR,0.42,0.984375
58,LR,0.43,0.984375
58,LR,0.44,0.984375
58,LR,0.45,0.984375
58,LR,0.46,1.0
58,LR,0.47000000000000003,1.0
58,LR,0.48,1.0
58,LR,0.49,1.0
58,LR,0.5,1.0
58,LR,0.51,1.0
58,LR,0.52,1.0
58,LR,0.53,1.0
58,LR,0.54,1.0
58,LR,0.55,1.0
58,LR,0.56,1.0
58,LR,0.5700000000000001,1.0
58,LR,0.58,1.0
58,LR,0.59,1.0
58,LR,0.6,1.0
58,LR,0.61,1.0
58,LR,0.62,1.0
58,LR,0.63,1.0
58,LR,0.64,1.0
58,LR,0.65,1.0
58,LR,0.66,1.0
58,LR,0.67,1.0
58,LR,0.68,1.0
58,LR,0.6900000000000001,1.0
58,LR,0.7000000000000001,1.0
58,LR,0.71,1.0
58,LR,0.72,1.0
58,LR,0.73,1.0
58,LR,0.74,1.0
58,LR,0.75,1.0
58,LR,0.76,1.0
58,LR,0.77,1.0
58,LR,0.78,1.0
58,LR,0.79,1.0
58,LR,0.8,1.0
58,LR,0.81,1.0
58,LR,0.8200000000000001,1.0
58,LR,0.8300000000000001,1.0
58,LR,0.84,1.0
58,LR,0.85,1.0
58,LR,0.86,1.0
58,LR,0.87,1.0
58,LR,0.88,1.0
58,LR,0.89,1.0
58,LR,0.9,1.0
58,LR,0.91,1.0
58,LR,0.92,1.0
58,LR,0.93,1.0
58,LR,0.9400000000000001,1.0
58,LR,0.9500000000000001,1.0
58,LR,0.96,1.0
58,LR,0.97,1.0
58,LR,0.98,1.0
58,LR,0.99,1.0
58,LR,1.0,1.0
58,GAM,0.0,0.0625
58,GAM,0.01,0.171875
58,GAM,0.02,0.390625
58,GAM,0.03,0.4375
58,GAM,0.04,0.5
58,GAM,0.05,0.53125
58,GAM,0.06,0.71875
58,GAM,0.07,0.75
58,GAM,0.08,0.796875
58,GAM,0.09,0.8125
58,GAM,0.1,0.828125
58,GAM,0.11,0.84375
58,GAM,0.12,0.859375
58,GAM,0.13,0.890625
58,GAM,0.14,0.890625
58,GAM,0.15,0.890625
58,GAM,0.16,0.890625
58,GAM,0.17,0.90625
58,GAM,0.18,0.921875
58,GAM,0.19,0.921875
58,GAM,0.2,0.921875
58,GAM,0.21,0.921875
58,GAM,0.22,0.921875
58,GAM,0.23,0.921875
58,GAM,0.24,0.921875
58,GAM,0.25,0.921875
58,GAM,0.26,0.921875
58,GAM,0.27,0.921875
58,GAM,0.28,0.9375
58,GAM,0.29,0.96875
58,GAM,0.3,0.984375
58,GAM,0.31,0.984375
58,GAM,0.32,0.984375
58,GAM,0.33,0.984375
58,GAM,0.34,0.984375
58,GAM,0.35000000000000003,1.0
58,GAM,0.36,1.0
58,GAM,0.37,1.0
58,GAM,0.38,1.0
58,GAM,0.39,1.0
58,GAM,0.4,1.0
58,GAM,0.41000000000000003,1.0
58,GAM,0.42,1.0
58,GAM,0.43,1.0
58,GAM,0.44,1.0
58,GAM,0.45,1.0
58,GAM,0.46,1.0
58,GAM,0.47000000000000003,1.0
58,GAM,0.48,1.0
58,GAM,0.49,1.0
58,GAM,0.5,1.0
58,GAM,0.51,1.0
58,GAM,0.52,1.0
58,GAM,0.53,1.0
58,GAM,0.54,1.0
58,GAM,0.55,1.0
58,GAM,0.56,1.0
58,GAM,0.5700000000000001,1.0
58,GAM,0.58,1.0
58,GAM,0.59,1.0
58,GAM,0.6,1.0
58,GAM,0.61,1.0
58,GAM,0.62,1.0
58,GAM,0.63,1.0
58,GAM,0.64,1.0
58,GAM,0.65,1.0
58,GAM,0.66,1.0
58,GAM,0.67,1.0
58,GAM,0.68,1.0
58,GAM,0.6900000000000001,1.0
58,GAM,0.7000000000000001,1.0
58,GAM,0.71,1.0
58,GAM,0.72,1.0
58,GAM,0.73,1.0
58,GAM,0.74,1.0
58,GAM,0.75,1.0
58,GAM,0.76,1.0
58,GAM,0.77,1.0
58,GAM,0.78,1.0
58,GAM,0.79,1.0
58,GAM,0.8,1.0
58,GAM,0.81,1.0
58,GAM,0.8200000000000001,1.0
58,GAM,0.8300000000000001,1.0
58,GAM,0.84,1.0
58,GAM,0.85,1.0
58,GAM,0.86,1.0
58,GAM,0.87,1.0
58,GAM,0.88,1.0
58,GAM,0.89,1.0
58,GAM,0.9,1.0
58,GAM,0.91,1.0
58,GAM,0.92,1.0
58,GAM,0.93,1.0
58,GAM,0.9400000000000001,1.0
58,GAM,0.9500000000000001,1.0
58,GAM,0.96,1.0
58,GAM,0.97,1.0
58,GAM,0.98,1.0
58,GAM,0.99,1.0
58,GAM,1.0,1.0
58,RF,0.0,0.328125
58,RF,0.01,0.453125
58,RF,0.02,0.65625
58,RF,0.03,0.765625
58,RF,0.04,0.78125
58,RF,0.05,0.78125
58,RF,0.06,0.796875
58,RF,0.07,0.828125
58,RF,0.08,0.84375
58,RF,0.09,0.859375
58,RF,0.1,0.890625
58,RF,0.11,0.90625
58,RF,0.12,0.90625
58,RF,0.13,0.90625
58,RF,0.14,0.90625
58,RF,0.15,0.9375
58,RF,0.16,0.9375
58,RF,0.17,0.9375
58,RF,0.18,0.953125
58,RF,0.19,0.953125
58,RF,0.2,0.953125
58,RF,0.21,0.953125
58,RF,0.22,0.953125
58,RF,0.23,0.984375
58,RF,0.24,0.984375
58,RF,0.25,0.984375
58,RF,0.26,0.984375
58,RF,0.27,0.984375
58,RF,0.28,0.984375
58,RF,0.29,0.984375
58,RF,0.3,0.984375
58,RF,0.31,1.0
58,RF,0.32,1.0
58,RF,0.33,1.0
58,RF,0.34,1.0
58,RF,0.35000000000000003,1.0
58,RF,0.36,1.0
58,RF,0.37,1.0
58,RF,0.38,1.0
58,RF,0.39,1.0
58,RF,0.4,1.0
58,RF,0.41000000000000003,1.0
58,RF,0.42,1.0
58,RF,0.43,1.0
58,RF,0.44,1.0
58,RF,0.45,1.0
58,RF,0.46,1.0
58,RF,0.47000000000000003,1.0
58,RF,0.48,1.0
58,RF,0.49,1.0
58,RF,0.5,1.0
58,RF,0.51,1.0
58,RF,0.52,1.0
58,RF,0.53,1.0
58,RF,0.54,1.0
58,RF,0.55,1.0
58,RF,0.56,1.0
58,RF,0.5700000000000001,1.0
58,RF,0.58,1.0
58,RF,0.59,1.0
58,RF,0.6,1.0
58,RF,0.61,1.0
58,RF,0.62,1.0
58,RF,0.63,1.0
58,RF,0.64,1.0
58,RF,0.65,1.0
58,RF,0.66,1.0
58,RF,0.67,1.0
58,RF,0.68,1.0
58,RF,0.6900000000000001,1.0
58,RF,0.7000000000000001,1.0
58,RF,0.71,1.0
58,RF,0.72,1.0
58,RF,0.73,1.0
58,RF,0.74,1.0
58,RF,0.75,1.0
58,RF,0.76,1.0
58,RF,0.77,1.0
58,RF,0.78,1.0
58,RF,0.79,1.0
58,RF,0.8,1.0
58,RF,0.81,1.0
58,RF,0.8200000000000001,1.0
58,RF,0.8300000000000001,1.0
58,RF,0.84,1.0
58,RF,0.85,1.0
58,RF,0.86,1.0
58,RF,0.87,1.0
58,RF,0.88,1.0
58,RF,0.89,1.0
58,RF,0.9,1.0
58,RF,0.91,1.0
58,RF,0.92,1.0
58,RF,0.93,1.0
58,RF,0.9400000000000001,1.0
58,RF,0.9500000000000001,1.0
58,RF,0.96,1.0
58,RF,0.97,1.0
58,RF,0.98,1.0
58,RF,0.99,1.0
58,RF,1.0,1.0
59,LR,0.0,0.2676056338028169
59,LR,0.01,0.4647887323943662
59,LR,0.02,0.704225352112676
59,LR,0.03,0.7323943661971831
59,LR,0.04,0.7464788732394366
59,LR,0.05,0.7887323943661971
59,LR,0.06,0.8028169014084507
59,LR,0.07,0.8169014084507042
59,LR,0.08,0.8732394366197183
59,LR,0.09,0.9014084507042254
59,LR,0.1,0.9014084507042254
59,LR,0.11,0.9154929577464789
59,LR,0.12,0.9154929577464789
59,LR,0.13,0.9154929577464789
59,LR,0.14,0.9295774647887324
59,LR,0.15,0.9295774647887324
59,LR,0.16,0.9295774647887324
59,LR,0.17,0.9295774647887324
59,LR,0.18,0.9295774647887324
59,LR,0.19,0.9295774647887324
59,LR,0.2,0.9295774647887324
59,LR,0.21,0.9436619718309859
59,LR,0.22,0.9436619718309859
59,LR,0.23,0.9436619718309859
59,LR,0.24,0.9436619718309859
59,LR,0.25,0.9577464788732394
59,LR,0.26,0.9577464788732394
59,LR,0.27,0.9577464788732394
59,LR,0.28,0.9577464788732394
59,LR,0.29,0.9577464788732394
59,LR,0.3,0.9577464788732394
59,LR,0.31,0.9577464788732394
59,LR,0.32,0.9577464788732394
59,LR,0.33,0.9577464788732394
59,LR,0.34,0.9859154929577465
59,LR,0.35000000000000003,0.9859154929577465
59,LR,0.36,0.9859154929577465
59,LR,0.37,0.9859154929577465
59,LR,0.38,0.9859154929577465
59,LR,0.39,0.9859154929577465
59,LR,0.4,0.9859154929577465
59,LR,0.41000000000000003,0.9859154929577465
59,LR,0.42,0.9859154929577465
59,LR,0.43,0.9859154929577465
59,LR,0.44,0.9859154929577465
59,LR,0.45,0.9859154929577465
59,LR,0.46,0.9859154929577465
59,LR,0.47000000000000003,0.9859154929577465
59,LR,0.48,0.9859154929577465
59,LR,0.49,0.9859154929577465
59,LR,0.5,0.9859154929577465
59,LR,0.51,0.9859154929577465
59,LR,0.52,1.0
59,LR,0.53,1.0
59,LR,0.54,1.0
59,LR,0.55,1.0
59,LR,0.56,1.0
59,LR,0.5700000000000001,1.0
59,LR,0.58,1.0
59,LR,0.59,1.0
59,LR,0.6,1.0
59,LR,0.61,1.0
59,LR,0.62,1.0
59,LR,0.63,1.0
59,LR,0.64,1.0
59,LR,0.65,1.0
59,LR,0.66,1.0
59,LR,0.67,1.0
59,LR,0.68,1.0
59,LR,0.6900000000000001,1.0
59,LR,0.7000000000000001,1.0
59,LR,0.71,1.0
59,LR,0.72,1.0
59,LR,0.73,1.0
59,LR,0.74,1.0
59,LR,0.75,1.0
59,LR,0.76,1.0
59,LR,0.77,1.0
59,LR,0.78,1.0
59,LR,0.79,1.0
59,LR,0.8,1.0
59,LR,0.81,1.0
59,LR,0.8200000000000001,1.0
59,LR,0.8300000000000001,1.0
59,LR,0.84,1.0
59,LR,0.85,1.0
59,LR,0.86,1.0
59,LR,0.87,1.0
59,LR,0.88,1.0
59,LR,0.89,1.0
59,LR,0.9,1.0
59,LR,0.91,1.0
59,LR,0.92,1.0
59,LR,0.93,1.0
59,LR,0.9400000000000001,1.0
59,LR,0.9500000000000001,1.0
59,LR,0.96,1.0
59,LR,0.97,1.0
59,LR,0.98,1.0
59,LR,0.99,1.0
59,LR,1.0,1.0
59,GAM,0.0,0.3380281690140845
59,GAM,0.01,0.4788732394366197
59,GAM,0.02,0.6056338028169014
59,GAM,0.03,0.704225352112676
59,GAM,0.04,0.7323943661971831
59,GAM,0.05,0.7887323943661971
59,GAM,0.06,0.7887323943661971
59,GAM,0.07,0.8732394366197183
59,GAM,0.08,0.9014084507042254
59,GAM,0.09,0.9154929577464789
59,GAM,0.1,0.9154929577464789
59,GAM,0.11,0.9154929577464789
59,GAM,0.12,0.9154929577464789
59,GAM,0.13,0.9154929577464789
59,GAM,0.14,0.9295774647887324
59,GAM,0.15,0.9295774647887324
59,GAM,0.16,0.9295774647887324
59,GAM,0.17,0.9295774647887324
59,GAM,0.18,0.9295774647887324
59,GAM,0.19,0.9295774647887324
59,GAM,0.2,0.9295774647887324
59,GAM,0.21,0.9295774647887324
59,GAM,0.22,0.9295774647887324
59,GAM,0.23,0.9436619718309859
59,GAM,0.24,0.9577464788732394
59,GAM,0.25,0.9577464788732394
59,GAM,0.26,0.9577464788732394
59,GAM,0.27,0.9577464788732394
59,GAM,0.28,0.971830985915493
59,GAM,0.29,0.9859154929577465
59,GAM,0.3,0.9859154929577465
59,GAM,0.31,0.9859154929577465
59,GAM,0.32,0.9859154929577465
59,GAM,0.33,0.9859154929577465
59,GAM,0.34,0.9859154929577465
59,GAM,0.35000000000000003,0.9859154929577465
59,GAM,0.36,0.9859154929577465
59,GAM,0.37,0.9859154929577465
59,GAM,0.38,0.9859154929577465
59,GAM,0.39,0.9859154929577465
59,GAM,0.4,0.9859154929577465
59,GAM,0.41000000000000003,0.9859154929577465
59,GAM,0.42,0.9859154929577465
59,GAM,0.43,0.9859154929577465
59,GAM,0.44,0.9859154929577465
59,GAM,0.45,1.0
59,GAM,0.46,1.0
59,GAM,0.47000000000000003,1.0
59,GAM,0.48,1.0
59,GAM,0.49,1.0
59,GAM,0.5,1.0
59,GAM,0.51,1.0
59,GAM,0.52,1.0
59,GAM,0.53,1.0
59,GAM,0.54,1.0
59,GAM,0.55,1.0
59,GAM,0.56,1.0
59,GAM,0.5700000000000001,1.0
59,GAM,0.58,1.0
59,GAM,0.59,1.0
59,GAM,0.6,1.0
59,GAM,0.61,1.0
59,GAM,0.62,1.0
59,GAM,0.63,1.0
59,GAM,0.64,1.0
59,GAM,0.65,1.0
59,GAM,0.66,1.0
59,GAM,0.67,1.0
59,GAM,0.68,1.0
59,GAM,0.6900000000000001,1.0
59,GAM,0.7000000000000001,1.0
59,GAM,0.71,1.0
59,GAM,0.72,1.0
59,GAM,0.73,1.0
59,GAM,0.74,1.0
59,GAM,0.75,1.0
59,GAM,0.76,1.0
59,GAM,0.77,1.0
59,GAM,0.78,1.0
59,GAM,0.79,1.0
59,GAM,0.8,1.0
59,GAM,0.81,1.0
59,GAM,0.8200000000000001,1.0
59,GAM,0.8300000000000001,1.0
59,GAM,0.84,1.0
59,GAM,0.85,1.0
59,GAM,0.86,1.0
59,GAM,0.87,1.0
59,GAM,0.88,1.0
59,GAM,0.89,1.0
59,GAM,0.9,1.0
59,GAM,0.91,1.0
59,GAM,0.92,1.0
59,GAM,0.93,1.0
59,GAM,0.9400000000000001,1.0
59,GAM,0.9500000000000001,1.0
59,GAM,0.96,1.0
59,GAM,0.97,1.0
59,GAM,0.98,1.0
59,GAM,0.99,1.0
59,GAM,1.0,1.0
59,RF,0.0,0.23943661971830985
59,RF,0.01,0.6197183098591549
59,RF,0.02,0.7183098591549296
59,RF,0.03,0.8309859154929577
59,RF,0.04,0.8450704225352113
59,RF,0.05,0.8450704225352113
59,RF,0.06,0.8732394366197183
59,RF,0.07,0.8873239436619719
59,RF,0.08,0.8873239436619719
59,RF,0.09,0.8873239436619719
59,RF,0.1,0.8873239436619719
59,RF,0.11,0.9014084507042254
59,RF,0.12,0.9014084507042254
59,RF,0.13,0.9014084507042254
59,RF,0.14,0.9154929577464789
59,RF,0.15,0.9436619718309859
59,RF,0.16,0.9436619718309859
59,RF,0.17,0.9577464788732394
59,RF,0.18,0.9577464788732394
59,RF,0.19,0.9577464788732394
59,RF,0.2,0.9577464788732394
59,RF,0.21,0.9577464788732394
59,RF,0.22,0.9577464788732394
59,RF,0.23,0.9577464788732394
59,RF,0.24,0.9577464788732394
59,RF,0.25,0.9577464788732394
59,RF,0.26,0.9859154929577465
59,RF,0.27,0.9859154929577465
59,RF,0.28,0.9859154929577465
59,RF,0.29,0.9859154929577465
59,RF,0.3,0.9859154929577465
59,RF,0.31,0.9859154929577465
59,RF,0.32,0.9859154929577465
59,RF,0.33,0.9859154929577465
59,RF,0.34,0.9859154929577465
59,RF,0.35000000000000003,0.9859154929577465
59,RF,0.36,0.9859154929577465
59,RF,0.37,0.9859154929577465
59,RF,0.38,0.9859154929577465
59,RF,0.39,0.9859154929577465
59,RF,0.4,0.9859154929577465
59,RF,0.41000000000000003,0.9859154929577465
59,RF,0.42,0.9859154929577465
59,RF,0.43,0.9859154929577465
59,RF,0.44,0.9859154929577465
59,RF,0.45,0.9859154929577465
59,RF,0.46,0.9859154929577465
59,RF,0.47000000000000003,0.9859154929577465
59,RF,0.48,0.9859154929577465
59,RF,0.49,0.9859154929577465
59,RF,0.5,0.9859154929577465
59,RF,0.51,0.9859154929577465
59,RF,0.52,0.9859154929577465
59,RF,0.53,0.9859154929577465
59,RF,0.54,0.9859154929577465
59,RF,0.55,0.9859154929577465
59,RF,0.56,0.9859154929577465
59,RF,0.5700000000000001,0.9859154929577465
59,RF,0.58,0.9859154929577465
59,RF,0.59,0.9859154929577465
59,RF,0.6,0.9859154929577465
59,RF,0.61,0.9859154929577465
59,RF,0.62,0.9859154929577465
59,RF,0.63,0.9859154929577465
59,RF,0.64,0.9859154929577465
59,RF,0.65,0.9859154929577465
59,RF,0.66,0.9859154929577465
59,RF,0.67,0.9859154929577465
59,RF,0.68,0.9859154929577465
59,RF,0.6900000000000001,0.9859154929577465
59,RF,0.7000000000000001,0.9859154929577465
59,RF,0.71,1.0
59,RF,0.72,1.0
59,RF,0.73,1.0
59,RF,0.74,1.0
59,RF,0.75,1.0
59,RF,0.76,1.0
59,RF,0.77,1.0
59,RF,0.78,1.0
59,RF,0.79,1.0
59,RF,0.8,1.0
59,RF,0.81,1.0
59,RF,0.8200000000000001,1.0
59,RF,0.8300000000000001,1.0
59,RF,0.84,1.0
59,RF,0.85,1.0
59,RF,0.86,1.0
59,RF,0.87,1.0
59,RF,0.88,1.0
59,RF,0.89,1.0
59,RF,0.9,1.0
59,RF,0.91,1.0
59,RF,0.92,1.0
59,RF,0.93,1.0
59,RF,0.9400000000000001,1.0
59,RF,0.9500000000000001,1.0
59,RF,0.96,1.0
59,RF,0.97,1.0
59,RF,0.98,1.0
59,RF,0.99,1.0
59,RF,1.0,1.0
60,LR,0.0,0.2948717948717949
60,LR,0.01,0.2948717948717949
60,LR,0.02,0.3076923076923077
60,LR,0.03,0.5256410256410257
60,LR,0.04,0.5897435897435898
60,LR,0.05,0.6025641025641025
60,LR,0.06,0.8461538461538461
60,LR,0.07,0.8461538461538461
60,LR,0.08,0.8461538461538461
60,LR,0.09,0.9230769230769231
60,LR,0.1,0.9358974358974359
60,LR,0.11,0.9487179487179487
60,LR,0.12,0.9487179487179487
60,LR,0.13,0.9487179487179487
60,LR,0.14,0.9487179487179487
60,LR,0.15,0.9487179487179487
60,LR,0.16,0.9487179487179487
60,LR,0.17,0.9487179487179487
60,LR,0.18,0.9615384615384616
60,LR,0.19,0.9615384615384616
60,LR,0.2,0.9615384615384616
60,LR,0.21,0.9615384615384616
60,LR,0.22,0.9615384615384616
60,LR,0.23,0.9615384615384616
60,LR,0.24,0.9615384615384616
60,LR,0.25,0.9615384615384616
60,LR,0.26,0.9615384615384616
60,LR,0.27,0.9615384615384616
60,LR,0.28,0.9615384615384616
60,LR,0.29,0.9743589743589743
60,LR,0.3,0.9871794871794872
60,LR,0.31,0.9871794871794872
60,LR,0.32,0.9871794871794872
60,LR,0.33,0.9871794871794872
60,LR,0.34,0.9871794871794872
60,LR,0.35000000000000003,0.9871794871794872
60,LR,0.36,0.9871794871794872
60,LR,0.37,0.9871794871794872
60,LR,0.38,0.9871794871794872
60,LR,0.39,0.9871794871794872
60,LR,0.4,0.9871794871794872
60,LR,0.41000000000000003,0.9871794871794872
60,LR,0.42,0.9871794871794872
60,LR,0.43,0.9871794871794872
60,LR,0.44,0.9871794871794872
60,LR,0.45,0.9871794871794872
60,LR,0.46,0.9871794871794872
60,LR,0.47000000000000003,0.9871794871794872
60,LR,0.48,0.9871794871794872
60,LR,0.49,0.9871794871794872
60,LR,0.5,0.9871794871794872
60,LR,0.51,0.9871794871794872
60,LR,0.52,0.9871794871794872
60,LR,0.53,0.9871794871794872
60,LR,0.54,0.9871794871794872
60,LR,0.55,0.9871794871794872
60,LR,0.56,0.9871794871794872
60,LR,0.5700000000000001,0.9871794871794872
60,LR,0.58,0.9871794871794872
60,LR,0.59,0.9871794871794872
60,LR,0.6,0.9871794871794872
60,LR,0.61,0.9871794871794872
60,LR,0.62,0.9871794871794872
60,LR,0.63,0.9871794871794872
60,LR,0.64,0.9871794871794872
60,LR,0.65,0.9871794871794872
60,LR,0.66,0.9871794871794872
60,LR,0.67,0.9871794871794872
60,LR,0.68,0.9871794871794872
60,LR,0.6900000000000001,0.9871794871794872
60,LR,0.7000000000000001,0.9871794871794872
60,LR,0.71,0.9871794871794872
60,LR,0.72,0.9871794871794872
60,LR,0.73,0.9871794871794872
60,LR,0.74,0.9871794871794872
60,LR,0.75,0.9871794871794872
60,LR,0.76,0.9871794871794872
60,LR,0.77,0.9871794871794872
60,LR,0.78,0.9871794871794872
60,LR,0.79,0.9871794871794872
60,LR,0.8,0.9871794871794872
60,LR,0.81,0.9871794871794872
60,LR,0.8200000000000001,0.9871794871794872
60,LR,0.8300000000000001,0.9871794871794872
60,LR,0.84,0.9871794871794872
60,LR,0.85,0.9871794871794872
60,LR,0.86,0.9871794871794872
60,LR,0.87,0.9871794871794872
60,LR,0.88,1.0
60,LR,0.89,1.0
60,LR,0.9,1.0
60,LR,0.91,1.0
60,LR,0.92,1.0
60,LR,0.93,1.0
60,LR,0.9400000000000001,1.0
60,LR,0.9500000000000001,1.0
60,LR,0.96,1.0
60,LR,0.97,1.0
60,LR,0.98,1.0
60,LR,0.99,1.0
60,LR,1.0,1.0
60,GAM,0.0,0.2948717948717949
60,GAM,0.01,0.3974358974358974
60,GAM,0.02,0.5128205128205128
60,GAM,0.03,0.6794871794871795
60,GAM,0.04,0.7051282051282052
60,GAM,0.05,0.7435897435897436
60,GAM,0.06,0.8974358974358975
60,GAM,0.07,0.8974358974358975
60,GAM,0.08,0.9102564102564102
60,GAM,0.09,0.9102564102564102
60,GAM,0.1,0.9102564102564102
60,GAM,0.11,0.9230769230769231
60,GAM,0.12,0.9230769230769231
60,GAM,0.13,0.9487179487179487
60,GAM,0.14,0.9487179487179487
60,GAM,0.15,0.9615384615384616
60,GAM,0.16,0.9615384615384616
60,GAM,0.17,0.9615384615384616
60,GAM,0.18,0.9871794871794872
60,GAM,0.19,0.9871794871794872
60,GAM,0.2,0.9871794871794872
60,GAM,0.21,0.9871794871794872
60,GAM,0.22,0.9871794871794872
60,GAM,0.23,0.9871794871794872
60,GAM,0.24,0.9871794871794872
60,GAM,0.25,0.9871794871794872
60,GAM,0.26,0.9871794871794872
60,GAM,0.27,0.9871794871794872
60,GAM,0.28,0.9871794871794872
60,GAM,0.29,0.9871794871794872
60,GAM,0.3,0.9871794871794872
60,GAM,0.31,0.9871794871794872
60,GAM,0.32,0.9871794871794872
60,GAM,0.33,0.9871794871794872
60,GAM,0.34,0.9871794871794872
60,GAM,0.35000000000000003,0.9871794871794872
60,GAM,0.36,0.9871794871794872
60,GAM,0.37,0.9871794871794872
60,GAM,0.38,0.9871794871794872
60,GAM,0.39,0.9871794871794872
60,GAM,0.4,0.9871794871794872
60,GAM,0.41000000000000003,0.9871794871794872
60,GAM,0.42,0.9871794871794872
60,GAM,0.43,0.9871794871794872
60,GAM,0.44,0.9871794871794872
60,GAM,0.45,0.9871794871794872
60,GAM,0.46,0.9871794871794872
60,GAM,0.47000000000000003,0.9871794871794872
60,GAM,0.48,0.9871794871794872
60,GAM,0.49,0.9871794871794872
60,GAM,0.5,0.9871794871794872
60,GAM,0.51,0.9871794871794872
60,GAM,0.52,0.9871794871794872
60,GAM,0.53,0.9871794871794872
60,GAM,0.54,0.9871794871794872
60,GAM,0.55,0.9871794871794872
60,GAM,0.56,0.9871794871794872
60,GAM,0.5700000000000001,0.9871794871794872
60,GAM,0.58,0.9871794871794872
60,GAM,0.59,0.9871794871794872
60,GAM,0.6,0.9871794871794872
60,GAM,0.61,0.9871794871794872
60,GAM,0.62,0.9871794871794872
60,GAM,0.63,0.9871794871794872
60,GAM,0.64,0.9871794871794872
60,GAM,0.65,0.9871794871794872
60,GAM,0.66,0.9871794871794872
60,GAM,0.67,0.9871794871794872
60,GAM,0.68,0.9871794871794872
60,GAM,0.6900000000000001,0.9871794871794872
60,GAM,0.7000000000000001,0.9871794871794872
60,GAM,0.71,0.9871794871794872
60,GAM,0.72,0.9871794871794872
60,GAM,0.73,0.9871794871794872
60,GAM,0.74,0.9871794871794872
60,GAM,0.75,0.9871794871794872
60,GAM,0.76,0.9871794871794872
60,GAM,0.77,0.9871794871794872
60,GAM,0.78,1.0
60,GAM,0.79,1.0
60,GAM,0.8,1.0
60,GAM,0.81,1.0
60,GAM,0.8200000000000001,1.0
60,GAM,0.8300000000000001,1.0
60,GAM,0.84,1.0
60,GAM,0.85,1.0
60,GAM,0.86,1.0
60,GAM,0.87,1.0
60,GAM,0.88,1.0
60,GAM,0.89,1.0
60,GAM,0.9,1.0
60,GAM,0.91,1.0
60,GAM,0.92,1.0
60,GAM,0.93,1.0
60,GAM,0.9400000000000001,1.0
60,GAM,0.9500000000000001,1.0
60,GAM,0.96,1.0
60,GAM,0.97,1.0
60,GAM,0.98,1.0
60,GAM,0.99,1.0
60,GAM,1.0,1.0
60,RF,0.0,0.23076923076923078
60,RF,0.01,0.5
60,RF,0.02,0.5256410256410257
60,RF,0.03,0.6794871794871795
60,RF,0.04,0.7948717948717948
60,RF,0.05,0.8717948717948718
60,RF,0.06,0.8717948717948718
60,RF,0.07,0.8974358974358975
60,RF,0.08,0.9358974358974359
60,RF,0.09,0.9615384615384616
60,RF,0.1,0.9615384615384616
60,RF,0.11,0.9615384615384616
60,RF,0.12,0.9615384615384616
60,RF,0.13,0.9615384615384616
60,RF,0.14,0.9615384615384616
60,RF,0.15,0.9615384615384616
60,RF,0.16,0.9615384615384616
60,RF,0.17,0.9743589743589743
60,RF,0.18,0.9743589743589743
60,RF,0.19,0.9743589743589743
60,RF,0.2,0.9743589743589743
60,RF,0.21,0.9871794871794872
60,RF,0.22,0.9871794871794872
60,RF,0.23,0.9871794871794872
60,RF,0.24,0.9871794871794872
60,RF,0.25,0.9871794871794872
60,RF,0.26,0.9871794871794872
60,RF,0.27,0.9871794871794872
60,RF,0.28,0.9871794871794872
60,RF,0.29,0.9871794871794872
60,RF,0.3,0.9871794871794872
60,RF,0.31,0.9871794871794872
60,RF,0.32,0.9871794871794872
60,RF,0.33,0.9871794871794872
60,RF,0.34,0.9871794871794872
60,RF,0.35000000000000003,0.9871794871794872
60,RF,0.36,0.9871794871794872
60,RF,0.37,0.9871794871794872
60,RF,0.38,0.9871794871794872
60,RF,0.39,0.9871794871794872
60,RF,0.4,0.9871794871794872
60,RF,0.41000000000000003,0.9871794871794872
60,RF,0.42,0.9871794871794872
60,RF,0.43,0.9871794871794872
60,RF,0.44,0.9871794871794872
60,RF,0.45,0.9871794871794872
60,RF,0.46,0.9871794871794872
60,RF,0.47000000000000003,0.9871794871794872
60,RF,0.48,0.9871794871794872
60,RF,0.49,1.0
60,RF,0.5,1.0
60,RF,0.51,1.0
60,RF,0.52,1.0
60,RF,0.53,1.0
60,RF,0.54,1.0
60,RF,0.55,1.0
60,RF,0.56,1.0
60,RF,0.5700000000000001,1.0
60,RF,0.58,1.0
60,RF,0.59,1.0
60,RF,0.6,1.0
60,RF,0.61,1.0
60,RF,0.62,1.0
60,RF,0.63,1.0
60,RF,0.64,1.0
60,RF,0.65,1.0
60,RF,0.66,1.0
60,RF,0.67,1.0
60,RF,0.68,1.0
60,RF,0.6900000000000001,1.0
60,RF,0.7000000000000001,1.0
60,RF,0.71,1.0
60,RF,0.72,1.0
60,RF,0.73,1.0
60,RF,0.74,1.0
60,RF,0.75,1.0
60,RF,0.76,1.0
60,RF,0.77,1.0
60,RF,0.78,1.0
60,RF,0.79,1.0
60,RF,0.8,1.0
60,RF,0.81,1.0
60,RF,0.8200000000000001,1.0
60,RF,0.8300000000000001,1.0
60,RF,0.84,1.0
60,RF,0.85,1.0
60,RF,0.86,1.0
60,RF,0.87,1.0
60,RF,0.88,1.0
60,RF,0.89,1.0
60,RF,0.9,1.0
60,RF,0.91,1.0
60,RF,0.92,1.0
60,RF,0.93,1.0
60,RF,0.9400000000000001,1.0
60,RF,0.9500000000000001,1.0
60,RF,0.96,1.0
60,RF,0.97,1.0
60,RF,0.98,1.0
60,RF,0.99,1.0
60,RF,1.0,1.0
61,LR,0.0,0.08823529411764706
61,LR,0.01,0.19117647058823528
61,LR,0.02,0.6176470588235294
61,LR,0.03,0.6764705882352942
61,LR,0.04,0.7205882352941176
61,LR,0.05,0.7647058823529411
61,LR,0.06,0.8235294117647058
61,LR,0.07,0.8235294117647058
61,LR,0.08,0.8235294117647058
61,LR,0.09,0.8529411764705882
61,LR,0.1,0.8823529411764706
61,LR,0.11,0.8823529411764706
61,LR,0.12,0.9117647058823529
61,LR,0.13,0.9558823529411765
61,LR,0.14,0.9558823529411765
61,LR,0.15,0.9558823529411765
61,LR,0.16,0.9558823529411765
61,LR,0.17,0.9558823529411765
61,LR,0.18,0.9558823529411765
61,LR,0.19,0.9558823529411765
61,LR,0.2,0.9558823529411765
61,LR,0.21,0.9705882352941176
61,LR,0.22,0.9705882352941176
61,LR,0.23,0.9705882352941176
61,LR,0.24,0.9705882352941176
61,LR,0.25,0.9705882352941176
61,LR,0.26,0.9705882352941176
61,LR,0.27,0.9852941176470589
61,LR,0.28,0.9852941176470589
61,LR,0.29,0.9852941176470589
61,LR,0.3,0.9852941176470589
61,LR,0.31,0.9852941176470589
61,LR,0.32,0.9852941176470589
61,LR,0.33,0.9852941176470589
61,LR,0.34,0.9852941176470589
61,LR,0.35000000000000003,0.9852941176470589
61,LR,0.36,0.9852941176470589
61,LR,0.37,0.9852941176470589
61,LR,0.38,0.9852941176470589
61,LR,0.39,0.9852941176470589
61,LR,0.4,0.9852941176470589
61,LR,0.41000000000000003,0.9852941176470589
61,LR,0.42,0.9852941176470589
61,LR,0.43,0.9852941176470589
61,LR,0.44,0.9852941176470589
61,LR,0.45,0.9852941176470589
61,LR,0.46,0.9852941176470589
61,LR,0.47000000000000003,0.9852941176470589
61,LR,0.48,0.9852941176470589
61,LR,0.49,0.9852941176470589
61,LR,0.5,0.9852941176470589
61,LR,0.51,0.9852941176470589
61,LR,0.52,0.9852941176470589
61,LR,0.53,0.9852941176470589
61,LR,0.54,0.9852941176470589
61,LR,0.55,0.9852941176470589
61,LR,0.56,0.9852941176470589
61,LR,0.5700000000000001,0.9852941176470589
61,LR,0.58,0.9852941176470589
61,LR,0.59,0.9852941176470589
61,LR,0.6,0.9852941176470589
61,LR,0.61,0.9852941176470589
61,LR,0.62,0.9852941176470589
61,LR,0.63,0.9852941176470589
61,LR,0.64,0.9852941176470589
61,LR,0.65,0.9852941176470589
61,LR,0.66,0.9852941176470589
61,LR,0.67,0.9852941176470589
61,LR,0.68,0.9852941176470589
61,LR,0.6900000000000001,0.9852941176470589
61,LR,0.7000000000000001,0.9852941176470589
61,LR,0.71,0.9852941176470589
61,LR,0.72,0.9852941176470589
61,LR,0.73,0.9852941176470589
61,LR,0.74,0.9852941176470589
61,LR,0.75,0.9852941176470589
61,LR,0.76,0.9852941176470589
61,LR,0.77,0.9852941176470589
61,LR,0.78,0.9852941176470589
61,LR,0.79,0.9852941176470589
61,LR,0.8,0.9852941176470589
61,LR,0.81,1.0
61,LR,0.8200000000000001,1.0
61,LR,0.8300000000000001,1.0
61,LR,0.84,1.0
61,LR,0.85,1.0
61,LR,0.86,1.0
61,LR,0.87,1.0
61,LR,0.88,1.0
61,LR,0.89,1.0
61,LR,0.9,1.0
61,LR,0.91,1.0
61,LR,0.92,1.0
61,LR,0.93,1.0
61,LR,0.9400000000000001,1.0
61,LR,0.9500000000000001,1.0
61,LR,0.96,1.0
61,LR,0.97,1.0
61,LR,0.98,1.0
61,LR,0.99,1.0
61,LR,1.0,1.0
61,GAM,0.0,0.1323529411764706
61,GAM,0.01,0.3382352941176471
61,GAM,0.02,0.6176470588235294
61,GAM,0.03,0.6323529411764706
61,GAM,0.04,0.6911764705882353
61,GAM,0.05,0.75
61,GAM,0.06,0.7941176470588235
61,GAM,0.07,0.8088235294117647
61,GAM,0.08,0.8529411764705882
61,GAM,0.09,0.8970588235294118
61,GAM,0.1,0.8970588235294118
61,GAM,0.11,0.9264705882352942
61,GAM,0.12,0.9264705882352942
61,GAM,0.13,0.9411764705882353
61,GAM,0.14,0.9558823529411765
61,GAM,0.15,0.9558823529411765
61,GAM,0.16,0.9558823529411765
61,GAM,0.17,0.9558823529411765
61,GAM,0.18,0.9705882352941176
61,GAM,0.19,0.9705882352941176
61,GAM,0.2,0.9705882352941176
61,GAM,0.21,0.9705882352941176
61,GAM,0.22,0.9705882352941176
61,GAM,0.23,0.9705882352941176
61,GAM,0.24,0.9705882352941176
61,GAM,0.25,0.9852941176470589
61,GAM,0.26,0.9852941176470589
61,GAM,0.27,0.9852941176470589
61,GAM,0.28,0.9852941176470589
61,GAM,0.29,0.9852941176470589
61,GAM,0.3,0.9852941176470589
61,GAM,0.31,0.9852941176470589
61,GAM,0.32,0.9852941176470589
61,GAM,0.33,0.9852941176470589
61,GAM,0.34,0.9852941176470589
61,GAM,0.35000000000000003,0.9852941176470589
61,GAM,0.36,0.9852941176470589
61,GAM,0.37,0.9852941176470589
61,GAM,0.38,0.9852941176470589
61,GAM,0.39,0.9852941176470589
61,GAM,0.4,0.9852941176470589
61,GAM,0.41000000000000003,0.9852941176470589
61,GAM,0.42,0.9852941176470589
61,GAM,0.43,0.9852941176470589
61,GAM,0.44,0.9852941176470589
61,GAM,0.45,0.9852941176470589
61,GAM,0.46,0.9852941176470589
61,GAM,0.47000000000000003,0.9852941176470589
61,GAM,0.48,0.9852941176470589
61,GAM,0.49,0.9852941176470589
61,GAM,0.5,0.9852941176470589
61,GAM,0.51,0.9852941176470589
61,GAM,0.52,0.9852941176470589
61,GAM,0.53,0.9852941176470589
61,GAM,0.54,0.9852941176470589
61,GAM,0.55,0.9852941176470589
61,GAM,0.56,0.9852941176470589
61,GAM,0.5700000000000001,0.9852941176470589
61,GAM,0.58,0.9852941176470589
61,GAM,0.59,0.9852941176470589
61,GAM,0.6,0.9852941176470589
61,GAM,0.61,0.9852941176470589
61,GAM,0.62,0.9852941176470589
61,GAM,0.63,0.9852941176470589
61,GAM,0.64,0.9852941176470589
61,GAM,0.65,1.0
61,GAM,0.66,1.0
61,GAM,0.67,1.0
61,GAM,0.68,1.0
61,GAM,0.6900000000000001,1.0
61,GAM,0.7000000000000001,1.0
61,GAM,0.71,1.0
61,GAM,0.72,1.0
61,GAM,0.73,1.0
61,GAM,0.74,1.0
61,GAM,0.75,1.0
61,GAM,0.76,1.0
61,GAM,0.77,1.0
61,GAM,0.78,1.0
61,GAM,0.79,1.0
61,GAM,0.8,1.0
61,GAM,0.81,1.0
61,GAM,0.8200000000000001,1.0
61,GAM,0.8300000000000001,1.0
61,GAM,0.84,1.0
61,GAM,0.85,1.0
61,GAM,0.86,1.0
61,GAM,0.87,1.0
61,GAM,0.88,1.0
61,GAM,0.89,1.0
61,GAM,0.9,1.0
61,GAM,0.91,1.0
61,GAM,0.92,1.0
61,GAM,0.93,1.0
61,GAM,0.9400000000000001,1.0
61,GAM,0.9500000000000001,1.0
61,GAM,0.96,1.0
61,GAM,0.97,1.0
61,GAM,0.98,1.0
61,GAM,0.99,1.0
61,GAM,1.0,1.0
61,RF,0.0,0.4264705882352941
61,RF,0.01,0.5294117647058824
61,RF,0.02,0.6911764705882353
61,RF,0.03,0.75
61,RF,0.04,0.8088235294117647
61,RF,0.05,0.8382352941176471
61,RF,0.06,0.8970588235294118
61,RF,0.07,0.8970588235294118
61,RF,0.08,0.9264705882352942
61,RF,0.09,0.9264705882352942
61,RF,0.1,0.9411764705882353
61,RF,0.11,0.9411764705882353
61,RF,0.12,0.9411764705882353
61,RF,0.13,0.9411764705882353
61,RF,0.14,0.9411764705882353
61,RF,0.15,0.9411764705882353
61,RF,0.16,0.9558823529411765
61,RF,0.17,0.9558823529411765
61,RF,0.18,0.9852941176470589
61,RF,0.19,0.9852941176470589
61,RF,0.2,0.9852941176470589
61,RF,0.21,0.9852941176470589
61,RF,0.22,0.9852941176470589
61,RF,0.23,0.9852941176470589
61,RF,0.24,0.9852941176470589
61,RF,0.25,0.9852941176470589
61,RF,0.26,0.9852941176470589
61,RF,0.27,0.9852941176470589
61,RF,0.28,0.9852941176470589
61,RF,0.29,0.9852941176470589
61,RF,0.3,0.9852941176470589
61,RF,0.31,0.9852941176470589
61,RF,0.32,0.9852941176470589
61,RF,0.33,0.9852941176470589
61,RF,0.34,0.9852941176470589
61,RF,0.35000000000000003,0.9852941176470589
61,RF,0.36,0.9852941176470589
61,RF,0.37,0.9852941176470589
61,RF,0.38,0.9852941176470589
61,RF,0.39,0.9852941176470589
61,RF,0.4,0.9852941176470589
61,RF,0.41000000000000003,0.9852941176470589
61,RF,0.42,0.9852941176470589
61,RF,0.43,0.9852941176470589
61,RF,0.44,0.9852941176470589
61,RF,0.45,0.9852941176470589
61,RF,0.46,0.9852941176470589
61,RF,0.47000000000000003,0.9852941176470589
61,RF,0.48,0.9852941176470589
61,RF,0.49,0.9852941176470589
61,RF,0.5,0.9852941176470589
61,RF,0.51,0.9852941176470589
61,RF,0.52,0.9852941176470589
61,RF,0.53,0.9852941176470589
61,RF,0.54,0.9852941176470589
61,RF,0.55,0.9852941176470589
61,RF,0.56,0.9852941176470589
61,RF,0.5700000000000001,0.9852941176470589
61,RF,0.58,0.9852941176470589
61,RF,0.59,0.9852941176470589
61,RF,0.6,0.9852941176470589
61,RF,0.61,0.9852941176470589
61,RF,0.62,0.9852941176470589
61,RF,0.63,0.9852941176470589
61,RF,0.64,0.9852941176470589
61,RF,0.65,0.9852941176470589
61,RF,0.66,0.9852941176470589
61,RF,0.67,0.9852941176470589
61,RF,0.68,0.9852941176470589
61,RF,0.6900000000000001,0.9852941176470589
61,RF,0.7000000000000001,0.9852941176470589
61,RF,0.71,0.9852941176470589
61,RF,0.72,0.9852941176470589
61,RF,0.73,0.9852941176470589
61,RF,0.74,0.9852941176470589
61,RF,0.75,0.9852941176470589
61,RF,0.76,0.9852941176470589
61,RF,0.77,0.9852941176470589
61,RF,0.78,0.9852941176470589
61,RF,0.79,0.9852941176470589
61,RF,0.8,0.9852941176470589
61,RF,0.81,0.9852941176470589
61,RF,0.8200000000000001,0.9852941176470589
61,RF,0.8300000000000001,0.9852941176470589
61,RF,0.84,0.9852941176470589
61,RF,0.85,0.9852941176470589
61,RF,0.86,0.9852941176470589
61,RF,0.87,0.9852941176470589
61,RF,0.88,0.9852941176470589
61,RF,0.89,0.9852941176470589
61,RF,0.9,1.0
61,RF,0.91,1.0
61,RF,0.92,1.0
61,RF,0.93,1.0
61,RF,0.9400000000000001,1.0
61,RF,0.9500000000000001,1.0
61,RF,0.96,1.0
61,RF,0.97,1.0
61,RF,0.98,1.0
61,RF,0.99,1.0
61,RF,1.0,1.0
62,LR,0.0,0.1038961038961039
62,LR,0.01,0.5194805194805194
62,LR,0.02,0.5584415584415584
62,LR,0.03,0.7532467532467533
62,LR,0.04,0.7532467532467533
62,LR,0.05,0.7792207792207793
62,LR,0.06,0.7792207792207793
62,LR,0.07,0.7792207792207793
62,LR,0.08,0.8051948051948052
62,LR,0.09,0.8051948051948052
62,LR,0.1,0.8571428571428571
62,LR,0.11,0.8571428571428571
62,LR,0.12,0.9090909090909091
62,LR,0.13,0.9090909090909091
62,LR,0.14,0.9090909090909091
62,LR,0.15,0.922077922077922
62,LR,0.16,0.922077922077922
62,LR,0.17,0.922077922077922
62,LR,0.18,0.922077922077922
62,LR,0.19,0.922077922077922
62,LR,0.2,0.922077922077922
62,LR,0.21,0.922077922077922
62,LR,0.22,0.922077922077922
62,LR,0.23,0.922077922077922
62,LR,0.24,0.922077922077922
62,LR,0.25,0.922077922077922
62,LR,0.26,0.935064935064935
62,LR,0.27,0.935064935064935
62,LR,0.28,0.948051948051948
62,LR,0.29,0.948051948051948
62,LR,0.3,0.948051948051948
62,LR,0.31,0.948051948051948
62,LR,0.32,0.948051948051948
62,LR,0.33,0.948051948051948
62,LR,0.34,0.948051948051948
62,LR,0.35000000000000003,0.948051948051948
62,LR,0.36,0.961038961038961
62,LR,0.37,0.961038961038961
62,LR,0.38,0.961038961038961
62,LR,0.39,0.961038961038961
62,LR,0.4,0.961038961038961
62,LR,0.41000000000000003,0.961038961038961
62,LR,0.42,0.961038961038961
62,LR,0.43,0.961038961038961
62,LR,0.44,0.961038961038961
62,LR,0.45,0.961038961038961
62,LR,0.46,0.961038961038961
62,LR,0.47000000000000003,0.974025974025974
62,LR,0.48,0.974025974025974
62,LR,0.49,0.974025974025974
62,LR,0.5,0.974025974025974
62,LR,0.51,0.974025974025974
62,LR,0.52,0.974025974025974
62,LR,0.53,0.974025974025974
62,LR,0.54,0.974025974025974
62,LR,0.55,0.974025974025974
62,LR,0.56,0.987012987012987
62,LR,0.5700000000000001,0.987012987012987
62,LR,0.58,0.987012987012987
62,LR,0.59,0.987012987012987
62,LR,0.6,0.987012987012987
62,LR,0.61,0.987012987012987
62,LR,0.62,0.987012987012987
62,LR,0.63,0.987012987012987
62,LR,0.64,0.987012987012987
62,LR,0.65,0.987012987012987
62,LR,0.66,0.987012987012987
62,LR,0.67,0.987012987012987
62,LR,0.68,1.0
62,LR,0.6900000000000001,1.0
62,LR,0.7000000000000001,1.0
62,LR,0.71,1.0
62,LR,0.72,1.0
62,LR,0.73,1.0
62,LR,0.74,1.0
62,LR,0.75,1.0
62,LR,0.76,1.0
62,LR,0.77,1.0
62,LR,0.78,1.0
62,LR,0.79,1.0
62,LR,0.8,1.0
62,LR,0.81,1.0
62,LR,0.8200000000000001,1.0
62,LR,0.8300000000000001,1.0
62,LR,0.84,1.0
62,LR,0.85,1.0
62,LR,0.86,1.0
62,LR,0.87,1.0
62,LR,0.88,1.0
62,LR,0.89,1.0
62,LR,0.9,1.0
62,LR,0.91,1.0
62,LR,0.92,1.0
62,LR,0.93,1.0
62,LR,0.9400000000000001,1.0
62,LR,0.9500000000000001,1.0
62,LR,0.96,1.0
62,LR,0.97,1.0
62,LR,0.98,1.0
62,LR,0.99,1.0
62,LR,1.0,1.0
63,LR,0.0,0.0
63,LR,0.01,0.26582278481012656
63,LR,0.02,0.5063291139240507
63,LR,0.03,0.6962025316455697
63,LR,0.04,0.7215189873417721
63,LR,0.05,0.7974683544303798
63,LR,0.06,0.8227848101265823
63,LR,0.07,0.8354430379746836
63,LR,0.08,0.8734177215189873
63,LR,0.09,0.8987341772151899
63,LR,0.1,0.9240506329113924
63,LR,0.11,0.9240506329113924
63,LR,0.12,0.9240506329113924
63,LR,0.13,0.9367088607594937
63,LR,0.14,0.9367088607594937
63,LR,0.15,0.9493670886075949
63,LR,0.16,0.9620253164556962
63,LR,0.17,0.9620253164556962
63,LR,0.18,0.9620253164556962
63,LR,0.19,0.9620253164556962
63,LR,0.2,0.9620253164556962
63,LR,0.21,0.9620253164556962
63,LR,0.22,0.9620253164556962
63,LR,0.23,0.9620253164556962
63,LR,0.24,0.9620253164556962
63,LR,0.25,0.9620253164556962
63,LR,0.26,0.9620253164556962
63,LR,0.27,0.9620253164556962
63,LR,0.28,0.9620253164556962
63,LR,0.29,0.9746835443037974
63,LR,0.3,0.9746835443037974
63,LR,0.31,0.9746835443037974
63,LR,0.32,0.9746835443037974
63,LR,0.33,0.9746835443037974
63,LR,0.34,0.9746835443037974
63,LR,0.35000000000000003,0.9746835443037974
63,LR,0.36,0.9746835443037974
63,LR,0.37,0.9746835443037974
63,LR,0.38,0.9746835443037974
63,LR,0.39,0.9746835443037974
63,LR,0.4,0.9746835443037974
63,LR,0.41000000000000003,0.9746835443037974
63,LR,0.42,0.9746835443037974
63,LR,0.43,0.9746835443037974
63,LR,0.44,0.9873417721518988
63,LR,0.45,0.9873417721518988
63,LR,0.46,0.9873417721518988
63,LR,0.47000000000000003,0.9873417721518988
63,LR,0.48,0.9873417721518988
63,LR,0.49,0.9873417721518988
63,LR,0.5,0.9873417721518988
63,LR,0.51,0.9873417721518988
63,LR,0.52,0.9873417721518988
63,LR,0.53,0.9873417721518988
63,LR,0.54,0.9873417721518988
63,LR,0.55,0.9873417721518988
63,LR,0.56,0.9873417721518988
63,LR,0.5700000000000001,0.9873417721518988
63,LR,0.58,0.9873417721518988
63,LR,0.59,0.9873417721518988
63,LR,0.6,0.9873417721518988
63,LR,0.61,0.9873417721518988
63,LR,0.62,0.9873417721518988
63,LR,0.63,0.9873417721518988
63,LR,0.64,0.9873417721518988
63,LR,0.65,0.9873417721518988
63,LR,0.66,0.9873417721518988
63,LR,0.67,0.9873417721518988
63,LR,0.68,0.9873417721518988
63,LR,0.6900000000000001,0.9873417721518988
63,LR,0.7000000000000001,0.9873417721518988
63,LR,0.71,0.9873417721518988
63,LR,0.72,0.9873417721518988
63,LR,0.73,0.9873417721518988
63,LR,0.74,0.9873417721518988
63,LR,0.75,0.9873417721518988
63,LR,0.76,0.9873417721518988
63,LR,0.77,0.9873417721518988
63,LR,0.78,0.9873417721518988
63,LR,0.79,0.9873417721518988
63,LR,0.8,0.9873417721518988
63,LR,0.81,0.9873417721518988
63,LR,0.8200000000000001,0.9873417721518988
63,LR,0.8300000000000001,0.9873417721518988
63,LR,0.84,0.9873417721518988
63,LR,0.85,0.9873417721518988
63,LR,0.86,0.9873417721518988
63,LR,0.87,0.9873417721518988
63,LR,0.88,1.0
63,LR,0.89,1.0
63,LR,0.9,1.0
63,LR,0.91,1.0
63,LR,0.92,1.0
63,LR,0.93,1.0
63,LR,0.9400000000000001,1.0
63,LR,0.9500000000000001,1.0
63,LR,0.96,1.0
63,LR,0.97,1.0
63,LR,0.98,1.0
63,LR,0.99,1.0
63,LR,1.0,1.0
63,GAM,0.0,0.0
63,GAM,0.01,0.3291139240506329
63,GAM,0.02,0.6075949367088608
63,GAM,0.03,0.6962025316455697
63,GAM,0.04,0.7341772151898734
63,GAM,0.05,0.8227848101265823
63,GAM,0.06,0.8734177215189873
63,GAM,0.07,0.8734177215189873
63,GAM,0.08,0.8734177215189873
63,GAM,0.09,0.8860759493670886
63,GAM,0.1,0.9240506329113924
63,GAM,0.11,0.9240506329113924
63,GAM,0.12,0.9240506329113924
63,GAM,0.13,0.9240506329113924
63,GAM,0.14,0.9367088607594937
63,GAM,0.15,0.9620253164556962
63,GAM,0.16,0.9620253164556962
63,GAM,0.17,0.9620253164556962
63,GAM,0.18,0.9620253164556962
63,GAM,0.19,0.9620253164556962
63,GAM,0.2,0.9620253164556962
63,GAM,0.21,0.9620253164556962
63,GAM,0.22,0.9620253164556962
63,GAM,0.23,0.9620253164556962
63,GAM,0.24,0.9746835443037974
63,GAM,0.25,0.9746835443037974
63,GAM,0.26,0.9746835443037974
63,GAM,0.27,0.9746835443037974
63,GAM,0.28,0.9746835443037974
63,GAM,0.29,0.9746835443037974
63,GAM,0.3,0.9746835443037974
63,GAM,0.31,0.9746835443037974
63,GAM,0.32,0.9746835443037974
63,GAM,0.33,0.9746835443037974
63,GAM,0.34,0.9746835443037974
63,GAM,0.35000000000000003,0.9746835443037974
63,GAM,0.36,0.9746835443037974
63,GAM,0.37,0.9873417721518988
63,GAM,0.38,0.9873417721518988
63,GAM,0.39,0.9873417721518988
63,GAM,0.4,0.9873417721518988
63,GAM,0.41000000000000003,0.9873417721518988
63,GAM,0.42,0.9873417721518988
63,GAM,0.43,0.9873417721518988
63,GAM,0.44,0.9873417721518988
63,GAM,0.45,0.9873417721518988
63,GAM,0.46,0.9873417721518988
63,GAM,0.47000000000000003,0.9873417721518988
63,GAM,0.48,0.9873417721518988
63,GAM,0.49,0.9873417721518988
63,GAM,0.5,0.9873417721518988
63,GAM,0.51,0.9873417721518988
63,GAM,0.52,0.9873417721518988
63,GAM,0.53,0.9873417721518988
63,GAM,0.54,0.9873417721518988
63,GAM,0.55,0.9873417721518988
63,GAM,0.56,0.9873417721518988
63,GAM,0.5700000000000001,0.9873417721518988
63,GAM,0.58,0.9873417721518988
63,GAM,0.59,0.9873417721518988
63,GAM,0.6,0.9873417721518988
63,GAM,0.61,0.9873417721518988
63,GAM,0.62,0.9873417721518988
63,GAM,0.63,0.9873417721518988
63,GAM,0.64,0.9873417721518988
63,GAM,0.65,0.9873417721518988
63,GAM,0.66,0.9873417721518988
63,GAM,0.67,0.9873417721518988
63,GAM,0.68,0.9873417721518988
63,GAM,0.6900000000000001,0.9873417721518988
63,GAM,0.7000000000000001,0.9873417721518988
63,GAM,0.71,0.9873417721518988
63,GAM,0.72,0.9873417721518988
63,GAM,0.73,0.9873417721518988
63,GAM,0.74,0.9873417721518988
63,GAM,0.75,0.9873417721518988
63,GAM,0.76,0.9873417721518988
63,GAM,0.77,0.9873417721518988
63,GAM,0.78,0.9873417721518988
63,GAM,0.79,0.9873417721518988
63,GAM,0.8,0.9873417721518988
63,GAM,0.81,0.9873417721518988
63,GAM,0.8200000000000001,0.9873417721518988
63,GAM,0.8300000000000001,0.9873417721518988
63,GAM,0.84,0.9873417721518988
63,GAM,0.85,0.9873417721518988
63,GAM,0.86,0.9873417721518988
63,GAM,0.87,1.0
63,GAM,0.88,1.0
63,GAM,0.89,1.0
63,GAM,0.9,1.0
63,GAM,0.91,1.0
63,GAM,0.92,1.0
63,GAM,0.93,1.0
63,GAM,0.9400000000000001,1.0
63,GAM,0.9500000000000001,1.0
63,GAM,0.96,1.0
63,GAM,0.97,1.0
63,GAM,0.98,1.0
63,GAM,0.99,1.0
63,GAM,1.0,1.0
63,RF,0.0,0.34177215189873417
63,RF,0.01,0.569620253164557
63,RF,0.02,0.7215189873417721
63,RF,0.03,0.759493670886076
63,RF,0.04,0.7848101265822784
63,RF,0.05,0.810126582278481
63,RF,0.06,0.810126582278481
63,RF,0.07,0.8354430379746836
63,RF,0.08,0.8607594936708861
63,RF,0.09,0.8607594936708861
63,RF,0.1,0.8987341772151899
63,RF,0.11,0.8987341772151899
63,RF,0.12,0.8987341772151899
63,RF,0.13,0.8987341772151899
63,RF,0.14,0.9113924050632911
63,RF,0.15,0.9240506329113924
63,RF,0.16,0.9240506329113924
63,RF,0.17,0.9240506329113924
63,RF,0.18,0.9367088607594937
63,RF,0.19,0.9493670886075949
63,RF,0.2,0.9746835443037974
63,RF,0.21,0.9746835443037974
63,RF,0.22,0.9746835443037974
63,RF,0.23,0.9746835443037974
63,RF,0.24,0.9746835443037974
63,RF,0.25,0.9746835443037974
63,RF,0.26,0.9746835443037974
63,RF,0.27,0.9746835443037974
63,RF,0.28,0.9746835443037974
63,RF,0.29,0.9746835443037974
63,RF,0.3,0.9746835443037974
63,RF,0.31,0.9873417721518988
63,RF,0.32,0.9873417721518988
63,RF,0.33,0.9873417721518988
63,RF,0.34,0.9873417721518988
63,RF,0.35000000000000003,1.0
63,RF,0.36,1.0
63,RF,0.37,1.0
63,RF,0.38,1.0
63,RF,0.39,1.0
63,RF,0.4,1.0
63,RF,0.41000000000000003,1.0
63,RF,0.42,1.0
63,RF,0.43,1.0
63,RF,0.44,1.0
63,RF,0.45,1.0
63,RF,0.46,1.0
63,RF,0.47000000000000003,1.0
63,RF,0.48,1.0
63,RF,0.49,1.0
63,RF,0.5,1.0
63,RF,0.51,1.0
63,RF,0.52,1.0
63,RF,0.53,1.0
63,RF,0.54,1.0
63,RF,0.55,1.0
63,RF,0.56,1.0
63,RF,0.5700000000000001,1.0
63,RF,0.58,1.0
63,RF,0.59,1.0
63,RF,0.6,1.0
63,RF,0.61,1.0
63,RF,0.62,1.0
63,RF,0.63,1.0
63,RF,0.64,1.0
63,RF,0.65,1.0
63,RF,0.66,1.0
63,RF,0.67,1.0
63,RF,0.68,1.0
63,RF,0.6900000000000001,1.0
63,RF,0.7000000000000001,1.0
63,RF,0.71,1.0
63,RF,0.72,1.0
63,RF,0.73,1.0
63,RF,0.74,1.0
63,RF,0.75,1.0
63,RF,0.76,1.0
63,RF,0.77,1.0
63,RF,0.78,1.0
63,RF,0.79,1.0
63,RF,0.8,1.0
63,RF,0.81,1.0
63,RF,0.8200000000000001,1.0
63,RF,0.8300000000000001,1.0
63,RF,0.84,1.0
63,RF,0.85,1.0
63,RF,0.86,1.0
63,RF,0.87,1.0
63,RF,0.88,1.0
63,RF,0.89,1.0
63,RF,0.9,1.0
63,RF,0.91,1.0
63,RF,0.92,1.0
63,RF,0.93,1.0
63,RF,0.9400000000000001,1.0
63,RF,0.9500000000000001,1.0
63,RF,0.96,1.0
63,RF,0.97,1.0
63,RF,0.98,1.0
63,RF,0.99,1.0
63,RF,1.0,1.0
64,LR,0.0,0.559322033898305
64,LR,0.01,0.6779661016949152
64,LR,0.02,0.6949152542372882
64,LR,0.03,0.6949152542372882
64,LR,0.04,0.8305084745762712
64,LR,0.05,0.8305084745762712
64,LR,0.06,0.847457627118644
64,LR,0.07,0.8813559322033898
64,LR,0.08,0.8813559322033898
64,LR,0.09,0.8983050847457628
64,LR,0.1,0.8983050847457628
64,LR,0.11,0.8983050847457628
64,LR,0.12,0.8983050847457628
64,LR,0.13,0.8983050847457628
64,LR,0.14,0.8983050847457628
64,LR,0.15,0.8983050847457628
64,LR,0.16,0.8983050847457628
64,LR,0.17,0.8983050847457628
64,LR,0.18,0.8983050847457628
64,LR,0.19,0.9152542372881356
64,LR,0.2,0.9152542372881356
64,LR,0.21,0.9152542372881356
64,LR,0.22,0.9152542372881356
64,LR,0.23,0.9322033898305084
64,LR,0.24,0.9322033898305084
64,LR,0.25,0.9491525423728814
64,LR,0.26,0.9491525423728814
64,LR,0.27,0.9491525423728814
64,LR,0.28,0.9491525423728814
64,LR,0.29,0.9491525423728814
64,LR,0.3,0.9661016949152542
64,LR,0.31,0.9661016949152542
64,LR,0.32,0.9661016949152542
64,LR,0.33,0.9830508474576272
64,LR,0.34,0.9830508474576272
64,LR,0.35000000000000003,0.9830508474576272
64,LR,0.36,0.9830508474576272
64,LR,0.37,0.9830508474576272
64,LR,0.38,0.9830508474576272
64,LR,0.39,0.9830508474576272
64,LR,0.4,0.9830508474576272
64,LR,0.41000000000000003,0.9830508474576272
64,LR,0.42,0.9830508474576272
64,LR,0.43,0.9830508474576272
64,LR,0.44,0.9830508474576272
64,LR,0.45,0.9830508474576272
64,LR,0.46,0.9830508474576272
64,LR,0.47000000000000003,0.9830508474576272
64,LR,0.48,1.0
64,LR,0.49,1.0
64,LR,0.5,1.0
64,LR,0.51,1.0
64,LR,0.52,1.0
64,LR,0.53,1.0
64,LR,0.54,1.0
64,LR,0.55,1.0
64,LR,0.56,1.0
64,LR,0.5700000000000001,1.0
64,LR,0.58,1.0
64,LR,0.59,1.0
64,LR,0.6,1.0
64,LR,0.61,1.0
64,LR,0.62,1.0
64,LR,0.63,1.0
64,LR,0.64,1.0
64,LR,0.65,1.0
64,LR,0.66,1.0
64,LR,0.67,1.0
64,LR,0.68,1.0
64,LR,0.6900000000000001,1.0
64,LR,0.7000000000000001,1.0
64,LR,0.71,1.0
64,LR,0.72,1.0
64,LR,0.73,1.0
64,LR,0.74,1.0
64,LR,0.75,1.0
64,LR,0.76,1.0
64,LR,0.77,1.0
64,LR,0.78,1.0
64,LR,0.79,1.0
64,LR,0.8,1.0
64,LR,0.81,1.0
64,LR,0.8200000000000001,1.0
64,LR,0.8300000000000001,1.0
64,LR,0.84,1.0
64,LR,0.85,1.0
64,LR,0.86,1.0
64,LR,0.87,1.0
64,LR,0.88,1.0
64,LR,0.89,1.0
64,LR,0.9,1.0
64,LR,0.91,1.0
64,LR,0.92,1.0
64,LR,0.93,1.0
64,LR,0.9400000000000001,1.0
64,LR,0.9500000000000001,1.0
64,LR,0.96,1.0
64,LR,0.97,1.0
64,LR,0.98,1.0
64,LR,0.99,1.0
64,LR,1.0,1.0
64,GAM,0.0,0.5423728813559322
64,GAM,0.01,0.6779661016949152
64,GAM,0.02,0.7457627118644068
64,GAM,0.03,0.7457627118644068
64,GAM,0.04,0.847457627118644
64,GAM,0.05,0.847457627118644
64,GAM,0.06,0.8813559322033898
64,GAM,0.07,0.8813559322033898
64,GAM,0.08,0.8813559322033898
64,GAM,0.09,0.8983050847457628
64,GAM,0.1,0.8983050847457628
64,GAM,0.11,0.8983050847457628
64,GAM,0.12,0.8983050847457628
64,GAM,0.13,0.8983050847457628
64,GAM,0.14,0.8983050847457628
64,GAM,0.15,0.8983050847457628
64,GAM,0.16,0.9152542372881356
64,GAM,0.17,0.9152542372881356
64,GAM,0.18,0.9152542372881356
64,GAM,0.19,0.9152542372881356
64,GAM,0.2,0.9152542372881356
64,GAM,0.21,0.9152542372881356
64,GAM,0.22,0.9152542372881356
64,GAM,0.23,0.9152542372881356
64,GAM,0.24,0.9152542372881356
64,GAM,0.25,0.9322033898305084
64,GAM,0.26,0.9322033898305084
64,GAM,0.27,0.9491525423728814
64,GAM,0.28,0.9661016949152542
64,GAM,0.29,0.9830508474576272
64,GAM,0.3,0.9830508474576272
64,GAM,0.31,0.9830508474576272
64,GAM,0.32,0.9830508474576272
64,GAM,0.33,0.9830508474576272
64,GAM,0.34,0.9830508474576272
64,GAM,0.35000000000000003,0.9830508474576272
64,GAM,0.36,0.9830508474576272
64,GAM,0.37,0.9830508474576272
64,GAM,0.38,0.9830508474576272
64,GAM,0.39,0.9830508474576272
64,GAM,0.4,1.0
64,GAM,0.41000000000000003,1.0
64,GAM,0.42,1.0
64,GAM,0.43,1.0
64,GAM,0.44,1.0
64,GAM,0.45,1.0
64,GAM,0.46,1.0
64,GAM,0.47000000000000003,1.0
64,GAM,0.48,1.0
64,GAM,0.49,1.0
64,GAM,0.5,1.0
64,GAM,0.51,1.0
64,GAM,0.52,1.0
64,GAM,0.53,1.0
64,GAM,0.54,1.0
64,GAM,0.55,1.0
64,GAM,0.56,1.0
64,GAM,0.5700000000000001,1.0
64,GAM,0.58,1.0
64,GAM,0.59,1.0
64,GAM,0.6,1.0
64,GAM,0.61,1.0
64,GAM,0.62,1.0
64,GAM,0.63,1.0
64,GAM,0.64,1.0
64,GAM,0.65,1.0
64,GAM,0.66,1.0
64,GAM,0.67,1.0
64,GAM,0.68,1.0
64,GAM,0.6900000000000001,1.0
64,GAM,0.7000000000000001,1.0
64,GAM,0.71,1.0
64,GAM,0.72,1.0
64,GAM,0.73,1.0
64,GAM,0.74,1.0
64,GAM,0.75,1.0
64,GAM,0.76,1.0
64,GAM,0.77,1.0
64,GAM,0.78,1.0
64,GAM,0.79,1.0
64,GAM,0.8,1.0
64,GAM,0.81,1.0
64,GAM,0.8200000000000001,1.0
64,GAM,0.8300000000000001,1.0
64,GAM,0.84,1.0
64,GAM,0.85,1.0
64,GAM,0.86,1.0
64,GAM,0.87,1.0
64,GAM,0.88,1.0
64,GAM,0.89,1.0
64,GAM,0.9,1.0
64,GAM,0.91,1.0
64,GAM,0.92,1.0
64,GAM,0.93,1.0
64,GAM,0.9400000000000001,1.0
64,GAM,0.9500000000000001,1.0
64,GAM,0.96,1.0
64,GAM,0.97,1.0
64,GAM,0.98,1.0
64,GAM,0.99,1.0
64,GAM,1.0,1.0
64,RF,0.0,0.4745762711864407
64,RF,0.01,0.6779661016949152
64,RF,0.02,0.847457627118644
64,RF,0.03,0.8813559322033898
64,RF,0.04,0.8983050847457628
64,RF,0.05,0.8983050847457628
64,RF,0.06,0.8983050847457628
64,RF,0.07,0.8983050847457628
64,RF,0.08,0.8983050847457628
64,RF,0.09,0.8983050847457628
64,RF,0.1,0.8983050847457628
64,RF,0.11,0.9152542372881356
64,RF,0.12,0.9322033898305084
64,RF,0.13,0.9322033898305084
64,RF,0.14,0.9322033898305084
64,RF,0.15,0.9491525423728814
64,RF,0.16,0.9491525423728814
64,RF,0.17,0.9491525423728814
64,RF,0.18,0.9491525423728814
64,RF,0.19,0.9491525423728814
64,RF,0.2,0.9491525423728814
64,RF,0.21,0.9491525423728814
64,RF,0.22,0.9661016949152542
64,RF,0.23,0.9661016949152542
64,RF,0.24,0.9661016949152542
64,RF,0.25,0.9661016949152542
64,RF,0.26,0.9661016949152542
64,RF,0.27,0.9661016949152542
64,RF,0.28,0.9661016949152542
64,RF,0.29,0.9661016949152542
64,RF,0.3,0.9661016949152542
64,RF,0.31,0.9661016949152542
64,RF,0.32,0.9661016949152542
64,RF,0.33,0.9661016949152542
64,RF,0.34,0.9661016949152542
64,RF,0.35000000000000003,0.9661016949152542
64,RF,0.36,0.9661016949152542
64,RF,0.37,0.9830508474576272
64,RF,0.38,0.9830508474576272
64,RF,0.39,0.9830508474576272
64,RF,0.4,0.9830508474576272
64,RF,0.41000000000000003,0.9830508474576272
64,RF,0.42,0.9830508474576272
64,RF,0.43,0.9830508474576272
64,RF,0.44,0.9830508474576272
64,RF,0.45,1.0
64,RF,0.46,1.0
64,RF,0.47000000000000003,1.0
64,RF,0.48,1.0
64,RF,0.49,1.0
64,RF,0.5,1.0
64,RF,0.51,1.0
64,RF,0.52,1.0
64,RF,0.53,1.0
64,RF,0.54,1.0
64,RF,0.55,1.0
64,RF,0.56,1.0
64,RF,0.5700000000000001,1.0
64,RF,0.58,1.0
64,RF,0.59,1.0
64,RF,0.6,1.0
64,RF,0.61,1.0
64,RF,0.62,1.0
64,RF,0.63,1.0
64,RF,0.64,1.0
64,RF,0.65,1.0
64,RF,0.66,1.0
64,RF,0.67,1.0
64,RF,0.68,1.0
64,RF,0.6900000000000001,1.0
64,RF,0.7000000000000001,1.0
64,RF,0.71,1.0
64,RF,0.72,1.0
64,RF,0.73,1.0
64,RF,0.74,1.0
64,RF,0.75,1.0
64,RF,0.76,1.0
64,RF,0.77,1.0
64,RF,0.78,1.0
64,RF,0.79,1.0
64,RF,0.8,1.0
64,RF,0.81,1.0
64,RF,0.8200000000000001,1.0
64,RF,0.8300000000000001,1.0
64,RF,0.84,1.0
64,RF,0.85,1.0
64,RF,0.86,1.0
64,RF,0.87,1.0
64,RF,0.88,1.0
64,RF,0.89,1.0
64,RF,0.9,1.0
64,RF,0.91,1.0
64,RF,0.92,1.0
64,RF,0.93,1.0
64,RF,0.9400000000000001,1.0
64,RF,0.9500000000000001,1.0
64,RF,0.96,1.0
64,RF,0.97,1.0
64,RF,0.98,1.0
64,RF,0.99,1.0
64,RF,1.0,1.0
65,LR,0.0,0.4583333333333333
65,LR,0.01,0.5138888888888888
65,LR,0.02,0.5416666666666666
65,LR,0.03,0.6666666666666666
65,LR,0.04,0.7777777777777778
65,LR,0.05,0.7777777777777778
65,LR,0.06,0.7916666666666666
65,LR,0.07,0.8472222222222222
65,LR,0.08,0.8611111111111112
65,LR,0.09,0.8611111111111112
65,LR,0.1,0.875
65,LR,0.11,0.8888888888888888
65,LR,0.12,0.8888888888888888
65,LR,0.13,0.8888888888888888
65,LR,0.14,0.8888888888888888
65,LR,0.15,0.9027777777777778
65,LR,0.16,0.9027777777777778
65,LR,0.17,0.9027777777777778
65,LR,0.18,0.9027777777777778
65,LR,0.19,0.9027777777777778
65,LR,0.2,0.9027777777777778
65,LR,0.21,0.9027777777777778
65,LR,0.22,0.9027777777777778
65,LR,0.23,0.9305555555555556
65,LR,0.24,0.9305555555555556
65,LR,0.25,0.9305555555555556
65,LR,0.26,0.9305555555555556
65,LR,0.27,0.9305555555555556
65,LR,0.28,0.9305555555555556
65,LR,0.29,0.9305555555555556
65,LR,0.3,0.9305555555555556
65,LR,0.31,0.9305555555555556
65,LR,0.32,0.9305555555555556
65,LR,0.33,0.9444444444444444
65,LR,0.34,0.9444444444444444
65,LR,0.35000000000000003,0.9444444444444444
65,LR,0.36,0.9444444444444444
65,LR,0.37,0.9444444444444444
65,LR,0.38,0.9444444444444444
65,LR,0.39,0.9444444444444444
65,LR,0.4,0.9444444444444444
65,LR,0.41000000000000003,0.9444444444444444
65,LR,0.42,0.9444444444444444
65,LR,0.43,0.9444444444444444
65,LR,0.44,0.9583333333333334
65,LR,0.45,0.9583333333333334
65,LR,0.46,0.9583333333333334
65,LR,0.47000000000000003,0.9583333333333334
65,LR,0.48,0.9583333333333334
65,LR,0.49,0.9583333333333334
65,LR,0.5,0.9583333333333334
65,LR,0.51,0.9583333333333334
65,LR,0.52,0.9583333333333334
65,LR,0.53,0.9583333333333334
65,LR,0.54,0.9583333333333334
65,LR,0.55,0.9583333333333334
65,LR,0.56,0.9583333333333334
65,LR,0.5700000000000001,0.9583333333333334
65,LR,0.58,0.9722222222222222
65,LR,0.59,0.9722222222222222
65,LR,0.6,0.9722222222222222
65,LR,0.61,0.9722222222222222
65,LR,0.62,0.9722222222222222
65,LR,0.63,0.9722222222222222
65,LR,0.64,0.9722222222222222
65,LR,0.65,0.9722222222222222
65,LR,0.66,0.9722222222222222
65,LR,0.67,0.9722222222222222
65,LR,0.68,0.9861111111111112
65,LR,0.6900000000000001,0.9861111111111112
65,LR,0.7000000000000001,0.9861111111111112
65,LR,0.71,0.9861111111111112
65,LR,0.72,0.9861111111111112
65,LR,0.73,0.9861111111111112
65,LR,0.74,0.9861111111111112
65,LR,0.75,0.9861111111111112
65,LR,0.76,0.9861111111111112
65,LR,0.77,0.9861111111111112
65,LR,0.78,0.9861111111111112
65,LR,0.79,0.9861111111111112
65,LR,0.8,0.9861111111111112
65,LR,0.81,0.9861111111111112
65,LR,0.8200000000000001,0.9861111111111112
65,LR,0.8300000000000001,0.9861111111111112
65,LR,0.84,0.9861111111111112
65,LR,0.85,0.9861111111111112
65,LR,0.86,0.9861111111111112
65,LR,0.87,0.9861111111111112
65,LR,0.88,0.9861111111111112
65,LR,0.89,0.9861111111111112
65,LR,0.9,0.9861111111111112
65,LR,0.91,0.9861111111111112
65,LR,0.92,0.9861111111111112
65,LR,0.93,0.9861111111111112
65,LR,0.9400000000000001,1.0
65,LR,0.9500000000000001,1.0
65,LR,0.96,1.0
65,LR,0.97,1.0
65,LR,0.98,1.0
65,LR,0.99,1.0
65,LR,1.0,1.0
65,GAM,0.0,0.20833333333333334
65,GAM,0.01,0.4166666666666667
65,GAM,0.02,0.4861111111111111
65,GAM,0.03,0.7222222222222222
65,GAM,0.04,0.7222222222222222
65,GAM,0.05,0.7638888888888888
65,GAM,0.06,0.7916666666666666
65,GAM,0.07,0.8055555555555556
65,GAM,0.08,0.8055555555555556
65,GAM,0.09,0.8472222222222222
65,GAM,0.1,0.8472222222222222
65,GAM,0.11,0.8611111111111112
65,GAM,0.12,0.8611111111111112
65,GAM,0.13,0.8611111111111112
65,GAM,0.14,0.8611111111111112
65,GAM,0.15,0.9027777777777778
65,GAM,0.16,0.9027777777777778
65,GAM,0.17,0.9027777777777778
65,GAM,0.18,0.9027777777777778
65,GAM,0.19,0.9027777777777778
65,GAM,0.2,0.9027777777777778
65,GAM,0.21,0.9305555555555556
65,GAM,0.22,0.9305555555555556
65,GAM,0.23,0.9305555555555556
65,GAM,0.24,0.9305555555555556
65,GAM,0.25,0.9305555555555556
65,GAM,0.26,0.9305555555555556
65,GAM,0.27,0.9305555555555556
65,GAM,0.28,0.9444444444444444
65,GAM,0.29,0.9444444444444444
65,GAM,0.3,0.9444444444444444
65,GAM,0.31,0.9444444444444444
65,GAM,0.32,0.9444444444444444
65,GAM,0.33,0.9444444444444444
65,GAM,0.34,0.9444444444444444
65,GAM,0.35000000000000003,0.9444444444444444
65,GAM,0.36,0.9444444444444444
65,GAM,0.37,0.9444444444444444
65,GAM,0.38,0.9444444444444444
65,GAM,0.39,0.9583333333333334
65,GAM,0.4,0.9583333333333334
65,GAM,0.41000000000000003,0.9583333333333334
65,GAM,0.42,0.9583333333333334
65,GAM,0.43,0.9583333333333334
65,GAM,0.44,0.9583333333333334
65,GAM,0.45,0.9722222222222222
65,GAM,0.46,0.9722222222222222
65,GAM,0.47000000000000003,0.9722222222222222
65,GAM,0.48,0.9722222222222222
65,GAM,0.49,0.9722222222222222
65,GAM,0.5,0.9722222222222222
65,GAM,0.51,0.9722222222222222
65,GAM,0.52,0.9722222222222222
65,GAM,0.53,0.9722222222222222
65,GAM,0.54,0.9722222222222222
65,GAM,0.55,0.9722222222222222
65,GAM,0.56,0.9722222222222222
65,GAM,0.5700000000000001,0.9722222222222222
65,GAM,0.58,0.9722222222222222
65,GAM,0.59,0.9722222222222222
65,GAM,0.6,0.9722222222222222
65,GAM,0.61,0.9722222222222222
65,GAM,0.62,0.9722222222222222
65,GAM,0.63,0.9722222222222222
65,GAM,0.64,0.9722222222222222
65,GAM,0.65,0.9722222222222222
65,GAM,0.66,0.9722222222222222
65,GAM,0.67,0.9722222222222222
65,GAM,0.68,0.9722222222222222
65,GAM,0.6900000000000001,0.9722222222222222
65,GAM,0.7000000000000001,0.9722222222222222
65,GAM,0.71,0.9722222222222222
65,GAM,0.72,0.9722222222222222
65,GAM,0.73,0.9722222222222222
65,GAM,0.74,0.9722222222222222
65,GAM,0.75,0.9722222222222222
65,GAM,0.76,0.9861111111111112
65,GAM,0.77,0.9861111111111112
65,GAM,0.78,0.9861111111111112
65,GAM,0.79,0.9861111111111112
65,GAM,0.8,0.9861111111111112
65,GAM,0.81,0.9861111111111112
65,GAM,0.8200000000000001,0.9861111111111112
65,GAM,0.8300000000000001,0.9861111111111112
65,GAM,0.84,0.9861111111111112
65,GAM,0.85,0.9861111111111112
65,GAM,0.86,0.9861111111111112
65,GAM,0.87,0.9861111111111112
65,GAM,0.88,1.0
65,GAM,0.89,1.0
65,GAM,0.9,1.0
65,GAM,0.91,1.0
65,GAM,0.92,1.0
65,GAM,0.93,1.0
65,GAM,0.9400000000000001,1.0
65,GAM,0.9500000000000001,1.0
65,GAM,0.96,1.0
65,GAM,0.97,1.0
65,GAM,0.98,1.0
65,GAM,0.99,1.0
65,GAM,1.0,1.0
65,RF,0.0,0.3333333333333333
65,RF,0.01,0.3888888888888889
65,RF,0.02,0.5
65,RF,0.03,0.625
65,RF,0.04,0.8333333333333334
65,RF,0.05,0.8611111111111112
65,RF,0.06,0.8611111111111112
65,RF,0.07,0.875
65,RF,0.08,0.8888888888888888
65,RF,0.09,0.9166666666666666
65,RF,0.1,0.9444444444444444
65,RF,0.11,0.9444444444444444
65,RF,0.12,0.9444444444444444
65,RF,0.13,0.9444444444444444
65,RF,0.14,0.9444444444444444
65,RF,0.15,0.9444444444444444
65,RF,0.16,0.9444444444444444
65,RF,0.17,0.9444444444444444
65,RF,0.18,0.9444444444444444
65,RF,0.19,0.9444444444444444
65,RF,0.2,0.9444444444444444
65,RF,0.21,0.9444444444444444
65,RF,0.22,0.9444444444444444
65,RF,0.23,0.9444444444444444
65,RF,0.24,0.9444444444444444
65,RF,0.25,0.9444444444444444
65,RF,0.26,0.9444444444444444
65,RF,0.27,0.9444444444444444
65,RF,0.28,0.9444444444444444
65,RF,0.29,0.9444444444444444
65,RF,0.3,0.9444444444444444
65,RF,0.31,0.9583333333333334
65,RF,0.32,0.9583333333333334
65,RF,0.33,0.9583333333333334
65,RF,0.34,0.9583333333333334
65,RF,0.35000000000000003,0.9583333333333334
65,RF,0.36,0.9583333333333334
65,RF,0.37,0.9583333333333334
65,RF,0.38,0.9583333333333334
65,RF,0.39,0.9583333333333334
65,RF,0.4,0.9583333333333334
65,RF,0.41000000000000003,0.9722222222222222
65,RF,0.42,0.9722222222222222
65,RF,0.43,0.9722222222222222
65,RF,0.44,0.9722222222222222
65,RF,0.45,0.9722222222222222
65,RF,0.46,0.9722222222222222
65,RF,0.47000000000000003,0.9722222222222222
65,RF,0.48,0.9861111111111112
65,RF,0.49,0.9861111111111112
65,RF,0.5,0.9861111111111112
65,RF,0.51,0.9861111111111112
65,RF,0.52,0.9861111111111112
65,RF,0.53,0.9861111111111112
65,RF,0.54,0.9861111111111112
65,RF,0.55,0.9861111111111112
65,RF,0.56,0.9861111111111112
65,RF,0.5700000000000001,0.9861111111111112
65,RF,0.58,0.9861111111111112
65,RF,0.59,0.9861111111111112
65,RF,0.6,0.9861111111111112
65,RF,0.61,0.9861111111111112
65,RF,0.62,0.9861111111111112
65,RF,0.63,0.9861111111111112
65,RF,0.64,0.9861111111111112
65,RF,0.65,0.9861111111111112
65,RF,0.66,0.9861111111111112
65,RF,0.67,0.9861111111111112
65,RF,0.68,0.9861111111111112
65,RF,0.6900000000000001,0.9861111111111112
65,RF,0.7000000000000001,0.9861111111111112
65,RF,0.71,0.9861111111111112
65,RF,0.72,0.9861111111111112
65,RF,0.73,0.9861111111111112
65,RF,0.74,0.9861111111111112
65,RF,0.75,0.9861111111111112
65,RF,0.76,0.9861111111111112
65,RF,0.77,0.9861111111111112
65,RF,0.78,0.9861111111111112
65,RF,0.79,0.9861111111111112
65,RF,0.8,0.9861111111111112
65,RF,0.81,0.9861111111111112
65,RF,0.8200000000000001,0.9861111111111112
65,RF,0.8300000000000001,0.9861111111111112
65,RF,0.84,0.9861111111111112
65,RF,0.85,0.9861111111111112
65,RF,0.86,0.9861111111111112
65,RF,0.87,0.9861111111111112
65,RF,0.88,0.9861111111111112
65,RF,0.89,0.9861111111111112
65,RF,0.9,0.9861111111111112
65,RF,0.91,0.9861111111111112
65,RF,0.92,0.9861111111111112
65,RF,0.93,0.9861111111111112
65,RF,0.9400000000000001,0.9861111111111112
65,RF,0.9500000000000001,1.0
65,RF,0.96,1.0
65,RF,0.97,1.0
65,RF,0.98,1.0
65,RF,0.99,1.0
65,RF,1.0,1.0
66,LR,0.0,0.2191780821917808
66,LR,0.01,0.4794520547945205
66,LR,0.02,0.4931506849315068
66,LR,0.03,0.6164383561643836
66,LR,0.04,0.6438356164383562
66,LR,0.05,0.726027397260274
66,LR,0.06,0.7671232876712328
66,LR,0.07,0.7945205479452054
66,LR,0.08,0.7945205479452054
66,LR,0.09,0.8493150684931506
66,LR,0.1,0.9041095890410958
66,LR,0.11,0.9315068493150684
66,LR,0.12,0.9315068493150684
66,LR,0.13,0.9452054794520548
66,LR,0.14,0.9452054794520548
66,LR,0.15,0.9452054794520548
66,LR,0.16,0.9452054794520548
66,LR,0.17,0.9452054794520548
66,LR,0.18,0.9452054794520548
66,LR,0.19,0.9452054794520548
66,LR,0.2,0.9452054794520548
66,LR,0.21,0.9452054794520548
66,LR,0.22,0.9452054794520548
66,LR,0.23,0.9452054794520548
66,LR,0.24,0.9452054794520548
66,LR,0.25,0.9452054794520548
66,LR,0.26,0.9452054794520548
66,LR,0.27,0.9452054794520548
66,LR,0.28,0.9452054794520548
66,LR,0.29,0.9452054794520548
66,LR,0.3,0.9452054794520548
66,LR,0.31,0.958904109589041
66,LR,0.32,0.958904109589041
66,LR,0.33,0.9726027397260274
66,LR,0.34,0.9726027397260274
66,LR,0.35000000000000003,0.9726027397260274
66,LR,0.36,0.9726027397260274
66,LR,0.37,0.9726027397260274
66,LR,0.38,0.9726027397260274
66,LR,0.39,0.9726027397260274
66,LR,0.4,0.9726027397260274
66,LR,0.41000000000000003,0.9726027397260274
66,LR,0.42,0.9726027397260274
66,LR,0.43,0.9726027397260274
66,LR,0.44,0.9863013698630136
66,LR,0.45,0.9863013698630136
66,LR,0.46,0.9863013698630136
66,LR,0.47000000000000003,0.9863013698630136
66,LR,0.48,0.9863013698630136
66,LR,0.49,0.9863013698630136
66,LR,0.5,0.9863013698630136
66,LR,0.51,0.9863013698630136
66,LR,0.52,0.9863013698630136
66,LR,0.53,0.9863013698630136
66,LR,0.54,0.9863013698630136
66,LR,0.55,0.9863013698630136
66,LR,0.56,0.9863013698630136
66,LR,0.5700000000000001,0.9863013698630136
66,LR,0.58,0.9863013698630136
66,LR,0.59,0.9863013698630136
66,LR,0.6,0.9863013698630136
66,LR,0.61,0.9863013698630136
66,LR,0.62,0.9863013698630136
66,LR,0.63,0.9863013698630136
66,LR,0.64,0.9863013698630136
66,LR,0.65,0.9863013698630136
66,LR,0.66,0.9863013698630136
66,LR,0.67,0.9863013698630136
66,LR,0.68,0.9863013698630136
66,LR,0.6900000000000001,0.9863013698630136
66,LR,0.7000000000000001,0.9863013698630136
66,LR,0.71,0.9863013698630136
66,LR,0.72,1.0
66,LR,0.73,1.0
66,LR,0.74,1.0
66,LR,0.75,1.0
66,LR,0.76,1.0
66,LR,0.77,1.0
66,LR,0.78,1.0
66,LR,0.79,1.0
66,LR,0.8,1.0
66,LR,0.81,1.0
66,LR,0.8200000000000001,1.0
66,LR,0.8300000000000001,1.0
66,LR,0.84,1.0
66,LR,0.85,1.0
66,LR,0.86,1.0
66,LR,0.87,1.0
66,LR,0.88,1.0
66,LR,0.89,1.0
66,LR,0.9,1.0
66,LR,0.91,1.0
66,LR,0.92,1.0
66,LR,0.93,1.0
66,LR,0.9400000000000001,1.0
66,LR,0.9500000000000001,1.0
66,LR,0.96,1.0
66,LR,0.97,1.0
66,LR,0.98,1.0
66,LR,0.99,1.0
66,LR,1.0,1.0
66,GAM,0.0,0.2602739726027397
66,GAM,0.01,0.4794520547945205
66,GAM,0.02,0.6164383561643836
66,GAM,0.03,0.6438356164383562
66,GAM,0.04,0.6712328767123288
66,GAM,0.05,0.726027397260274
66,GAM,0.06,0.726027397260274
66,GAM,0.07,0.8356164383561644
66,GAM,0.08,0.8356164383561644
66,GAM,0.09,0.8904109589041096
66,GAM,0.1,0.9041095890410958
66,GAM,0.11,0.9452054794520548
66,GAM,0.12,0.9452054794520548
66,GAM,0.13,0.9452054794520548
66,GAM,0.14,0.9452054794520548
66,GAM,0.15,0.9452054794520548
66,GAM,0.16,0.9452054794520548
66,GAM,0.17,0.9452054794520548
66,GAM,0.18,0.9452054794520548
66,GAM,0.19,0.9452054794520548
66,GAM,0.2,0.9452054794520548
66,GAM,0.21,0.9452054794520548
66,GAM,0.22,0.9452054794520548
66,GAM,0.23,0.958904109589041
66,GAM,0.24,0.9726027397260274
66,GAM,0.25,0.9726027397260274
66,GAM,0.26,0.9726027397260274
66,GAM,0.27,0.9726027397260274
66,GAM,0.28,0.9726027397260274
66,GAM,0.29,0.9726027397260274
66,GAM,0.3,0.9726027397260274
66,GAM,0.31,0.9726027397260274
66,GAM,0.32,0.9726027397260274
66,GAM,0.33,0.9726027397260274
66,GAM,0.34,0.9726027397260274
66,GAM,0.35000000000000003,0.9726027397260274
66,GAM,0.36,0.9726027397260274
66,GAM,0.37,0.9863013698630136
66,GAM,0.38,0.9863013698630136
66,GAM,0.39,0.9863013698630136
66,GAM,0.4,0.9863013698630136
66,GAM,0.41000000000000003,0.9863013698630136
66,GAM,0.42,0.9863013698630136
66,GAM,0.43,0.9863013698630136
66,GAM,0.44,0.9863013698630136
66,GAM,0.45,0.9863013698630136
66,GAM,0.46,0.9863013698630136
66,GAM,0.47000000000000003,0.9863013698630136
66,GAM,0.48,0.9863013698630136
66,GAM,0.49,0.9863013698630136
66,GAM,0.5,0.9863013698630136
66,GAM,0.51,0.9863013698630136
66,GAM,0.52,0.9863013698630136
66,GAM,0.53,0.9863013698630136
66,GAM,0.54,0.9863013698630136
66,GAM,0.55,0.9863013698630136
66,GAM,0.56,0.9863013698630136
66,GAM,0.5700000000000001,0.9863013698630136
66,GAM,0.58,0.9863013698630136
66,GAM,0.59,0.9863013698630136
66,GAM,0.6,0.9863013698630136
66,GAM,0.61,0.9863013698630136
66,GAM,0.62,0.9863013698630136
66,GAM,0.63,0.9863013698630136
66,GAM,0.64,0.9863013698630136
66,GAM,0.65,0.9863013698630136
66,GAM,0.66,0.9863013698630136
66,GAM,0.67,0.9863013698630136
66,GAM,0.68,0.9863013698630136
66,GAM,0.6900000000000001,0.9863013698630136
66,GAM,0.7000000000000001,1.0
66,GAM,0.71,1.0
66,GAM,0.72,1.0
66,GAM,0.73,1.0
66,GAM,0.74,1.0
66,GAM,0.75,1.0
66,GAM,0.76,1.0
66,GAM,0.77,1.0
66,GAM,0.78,1.0
66,GAM,0.79,1.0
66,GAM,0.8,1.0
66,GAM,0.81,1.0
66,GAM,0.8200000000000001,1.0
66,GAM,0.8300000000000001,1.0
66,GAM,0.84,1.0
66,GAM,0.85,1.0
66,GAM,0.86,1.0
66,GAM,0.87,1.0
66,GAM,0.88,1.0
66,GAM,0.89,1.0
66,GAM,0.9,1.0
66,GAM,0.91,1.0
66,GAM,0.92,1.0
66,GAM,0.93,1.0
66,GAM,0.9400000000000001,1.0
66,GAM,0.9500000000000001,1.0
66,GAM,0.96,1.0
66,GAM,0.97,1.0
66,GAM,0.98,1.0
66,GAM,0.99,1.0
66,GAM,1.0,1.0
66,RF,0.0,0.2328767123287671
66,RF,0.01,0.3835616438356164
66,RF,0.02,0.410958904109589
66,RF,0.03,0.7808219178082192
66,RF,0.04,0.821917808219178
66,RF,0.05,0.863013698630137
66,RF,0.06,0.863013698630137
66,RF,0.07,0.863013698630137
66,RF,0.08,0.9041095890410958
66,RF,0.09,0.9315068493150684
66,RF,0.1,0.9315068493150684
66,RF,0.11,0.958904109589041
66,RF,0.12,0.958904109589041
66,RF,0.13,0.958904109589041
66,RF,0.14,0.958904109589041
66,RF,0.15,0.958904109589041
66,RF,0.16,0.958904109589041
66,RF,0.17,0.958904109589041
66,RF,0.18,0.958904109589041
66,RF,0.19,0.958904109589041
66,RF,0.2,0.958904109589041
66,RF,0.21,0.958904109589041
66,RF,0.22,0.958904109589041
66,RF,0.23,0.958904109589041
66,RF,0.24,0.958904109589041
66,RF,0.25,0.958904109589041
66,RF,0.26,0.958904109589041
66,RF,0.27,0.958904109589041
66,RF,0.28,0.958904109589041
66,RF,0.29,0.958904109589041
66,RF,0.3,0.958904109589041
66,RF,0.31,0.958904109589041
66,RF,0.32,0.9726027397260274
66,RF,0.33,0.9863013698630136
66,RF,0.34,0.9863013698630136
66,RF,0.35000000000000003,0.9863013698630136
66,RF,0.36,0.9863013698630136
66,RF,0.37,0.9863013698630136
66,RF,0.38,0.9863013698630136
66,RF,0.39,0.9863013698630136
66,RF,0.4,0.9863013698630136
66,RF,0.41000000000000003,0.9863013698630136
66,RF,0.42,0.9863013698630136
66,RF,0.43,0.9863013698630136
66,RF,0.44,0.9863013698630136
66,RF,0.45,0.9863013698630136
66,RF,0.46,0.9863013698630136
66,RF,0.47000000000000003,0.9863013698630136
66,RF,0.48,0.9863013698630136
66,RF,0.49,0.9863013698630136
66,RF,0.5,0.9863013698630136
66,RF,0.51,0.9863013698630136
66,RF,0.52,0.9863013698630136
66,RF,0.53,0.9863013698630136
66,RF,0.54,0.9863013698630136
66,RF,0.55,0.9863013698630136
66,RF,0.56,0.9863013698630136
66,RF,0.5700000000000001,0.9863013698630136
66,RF,0.58,0.9863013698630136
66,RF,0.59,0.9863013698630136
66,RF,0.6,0.9863013698630136
66,RF,0.61,0.9863013698630136
66,RF,0.62,0.9863013698630136
66,RF,0.63,0.9863013698630136
66,RF,0.64,0.9863013698630136
66,RF,0.65,0.9863013698630136
66,RF,0.66,0.9863013698630136
66,RF,0.67,0.9863013698630136
66,RF,0.68,0.9863013698630136
66,RF,0.6900000000000001,0.9863013698630136
66,RF,0.7000000000000001,0.9863013698630136
66,RF,0.71,0.9863013698630136
66,RF,0.72,0.9863013698630136
66,RF,0.73,0.9863013698630136
66,RF,0.74,0.9863013698630136
66,RF,0.75,0.9863013698630136
66,RF,0.76,0.9863013698630136
66,RF,0.77,0.9863013698630136
66,RF,0.78,0.9863013698630136
66,RF,0.79,0.9863013698630136
66,RF,0.8,0.9863013698630136
66,RF,0.81,0.9863013698630136
66,RF,0.8200000000000001,0.9863013698630136
66,RF,0.8300000000000001,0.9863013698630136
66,RF,0.84,0.9863013698630136
66,RF,0.85,0.9863013698630136
66,RF,0.86,0.9863013698630136
66,RF,0.87,0.9863013698630136
66,RF,0.88,0.9863013698630136
66,RF,0.89,0.9863013698630136
66,RF,0.9,0.9863013698630136
66,RF,0.91,1.0
66,RF,0.92,1.0
66,RF,0.93,1.0
66,RF,0.9400000000000001,1.0
66,RF,0.9500000000000001,1.0
66,RF,0.96,1.0
66,RF,0.97,1.0
66,RF,0.98,1.0
66,RF,0.99,1.0
66,RF,1.0,1.0
67,LR,0.0,0.013333333333333334
67,LR,0.01,0.76
67,LR,0.02,0.7733333333333333
67,LR,0.03,0.84
67,LR,0.04,0.8533333333333334
67,LR,0.05,0.88
67,LR,0.06,0.88
67,LR,0.07,0.8933333333333333
67,LR,0.08,0.8933333333333333
67,LR,0.09,0.92
67,LR,0.1,0.92
67,LR,0.11,0.92
67,LR,0.12,0.9333333333333333
67,LR,0.13,0.9466666666666667
67,LR,0.14,0.9466666666666667
67,LR,0.15,0.9466666666666667
67,LR,0.16,0.9466666666666667
67,LR,0.17,0.9466666666666667
67,LR,0.18,0.9466666666666667
67,LR,0.19,0.9466666666666667
67,LR,0.2,0.9466666666666667
67,LR,0.21,0.96
67,LR,0.22,0.96
67,LR,0.23,0.96
67,LR,0.24,0.96
67,LR,0.25,0.96
67,LR,0.26,0.96
67,LR,0.27,0.96
67,LR,0.28,0.96
67,LR,0.29,0.96
67,LR,0.3,0.96
67,LR,0.31,0.96
67,LR,0.32,0.96
67,LR,0.33,0.96
67,LR,0.34,0.96
67,LR,0.35000000000000003,0.9866666666666667
67,LR,0.36,0.9866666666666667
67,LR,0.37,0.9866666666666667
67,LR,0.38,0.9866666666666667
67,LR,0.39,0.9866666666666667
67,LR,0.4,0.9866666666666667
67,LR,0.41000000000000003,0.9866666666666667
67,LR,0.42,0.9866666666666667
67,LR,0.43,0.9866666666666667
67,LR,0.44,0.9866666666666667
67,LR,0.45,0.9866666666666667
67,LR,0.46,0.9866666666666667
67,LR,0.47000000000000003,0.9866666666666667
67,LR,0.48,0.9866666666666667
67,LR,0.49,0.9866666666666667
67,LR,0.5,1.0
67,LR,0.51,1.0
67,LR,0.52,1.0
67,LR,0.53,1.0
67,LR,0.54,1.0
67,LR,0.55,1.0
67,LR,0.56,1.0
67,LR,0.5700000000000001,1.0
67,LR,0.58,1.0
67,LR,0.59,1.0
67,LR,0.6,1.0
67,LR,0.61,1.0
67,LR,0.62,1.0
67,LR,0.63,1.0
67,LR,0.64,1.0
67,LR,0.65,1.0
67,LR,0.66,1.0
67,LR,0.67,1.0
67,LR,0.68,1.0
67,LR,0.6900000000000001,1.0
67,LR,0.7000000000000001,1.0
67,LR,0.71,1.0
67,LR,0.72,1.0
67,LR,0.73,1.0
67,LR,0.74,1.0
67,LR,0.75,1.0
67,LR,0.76,1.0
67,LR,0.77,1.0
67,LR,0.78,1.0
67,LR,0.79,1.0
67,LR,0.8,1.0
67,LR,0.81,1.0
67,LR,0.8200000000000001,1.0
67,LR,0.8300000000000001,1.0
67,LR,0.84,1.0
67,LR,0.85,1.0
67,LR,0.86,1.0
67,LR,0.87,1.0
67,LR,0.88,1.0
67,LR,0.89,1.0
67,LR,0.9,1.0
67,LR,0.91,1.0
67,LR,0.92,1.0
67,LR,0.93,1.0
67,LR,0.9400000000000001,1.0
67,LR,0.9500000000000001,1.0
67,LR,0.96,1.0
67,LR,0.97,1.0
67,LR,0.98,1.0
67,LR,0.99,1.0
67,LR,1.0,1.0
67,GAM,0.0,0.12
67,GAM,0.01,0.8133333333333334
67,GAM,0.02,0.8133333333333334
67,GAM,0.03,0.84
67,GAM,0.04,0.8533333333333334
67,GAM,0.05,0.8666666666666667
67,GAM,0.06,0.8666666666666667
67,GAM,0.07,0.88
67,GAM,0.08,0.88
67,GAM,0.09,0.88
67,GAM,0.1,0.9333333333333333
67,GAM,0.11,0.9333333333333333
67,GAM,0.12,0.96
67,GAM,0.13,0.96
67,GAM,0.14,0.96
67,GAM,0.15,0.96
67,GAM,0.16,0.96
67,GAM,0.17,0.96
67,GAM,0.18,0.96
67,GAM,0.19,0.96
67,GAM,0.2,0.96
67,GAM,0.21,0.96
67,GAM,0.22,0.9866666666666667
67,GAM,0.23,0.9866666666666667
67,GAM,0.24,0.9866666666666667
67,GAM,0.25,0.9866666666666667
67,GAM,0.26,0.9866666666666667
67,GAM,0.27,0.9866666666666667
67,GAM,0.28,0.9866666666666667
67,GAM,0.29,0.9866666666666667
67,GAM,0.3,0.9866666666666667
67,GAM,0.31,0.9866666666666667
67,GAM,0.32,0.9866666666666667
67,GAM,0.33,0.9866666666666667
67,GAM,0.34,0.9866666666666667
67,GAM,0.35000000000000003,0.9866666666666667
67,GAM,0.36,0.9866666666666667
67,GAM,0.37,0.9866666666666667
67,GAM,0.38,0.9866666666666667
67,GAM,0.39,1.0
67,GAM,0.4,1.0
67,GAM,0.41000000000000003,1.0
67,GAM,0.42,1.0
67,GAM,0.43,1.0
67,GAM,0.44,1.0
67,GAM,0.45,1.0
67,GAM,0.46,1.0
67,GAM,0.47000000000000003,1.0
67,GAM,0.48,1.0
67,GAM,0.49,1.0
67,GAM,0.5,1.0
67,GAM,0.51,1.0
67,GAM,0.52,1.0
67,GAM,0.53,1.0
67,GAM,0.54,1.0
67,GAM,0.55,1.0
67,GAM,0.56,1.0
67,GAM,0.5700000000000001,1.0
67,GAM,0.58,1.0
67,GAM,0.59,1.0
67,GAM,0.6,1.0
67,GAM,0.61,1.0
67,GAM,0.62,1.0
67,GAM,0.63,1.0
67,GAM,0.64,1.0
67,GAM,0.65,1.0
67,GAM,0.66,1.0
67,GAM,0.67,1.0
67,GAM,0.68,1.0
67,GAM,0.6900000000000001,1.0
67,GAM,0.7000000000000001,1.0
67,GAM,0.71,1.0
67,GAM,0.72,1.0
67,GAM,0.73,1.0
67,GAM,0.74,1.0
67,GAM,0.75,1.0
67,GAM,0.76,1.0
67,GAM,0.77,1.0
67,GAM,0.78,1.0
67,GAM,0.79,1.0
67,GAM,0.8,1.0
67,GAM,0.81,1.0
67,GAM,0.8200000000000001,1.0
67,GAM,0.8300000000000001,1.0
67,GAM,0.84,1.0
67,GAM,0.85,1.0
67,GAM,0.86,1.0
67,GAM,0.87,1.0
67,GAM,0.88,1.0
67,GAM,0.89,1.0
67,GAM,0.9,1.0
67,GAM,0.91,1.0
67,GAM,0.92,1.0
67,GAM,0.93,1.0
67,GAM,0.9400000000000001,1.0
67,GAM,0.9500000000000001,1.0
67,GAM,0.96,1.0
67,GAM,0.97,1.0
67,GAM,0.98,1.0
67,GAM,0.99,1.0
67,GAM,1.0,1.0
67,RF,0.0,0.5333333333333333
67,RF,0.01,0.56
67,RF,0.02,0.7333333333333333
67,RF,0.03,0.8
67,RF,0.04,0.8133333333333334
67,RF,0.05,0.8266666666666667
67,RF,0.06,0.8666666666666667
67,RF,0.07,0.8666666666666667
67,RF,0.08,0.8666666666666667
67,RF,0.09,0.8666666666666667
67,RF,0.1,0.9333333333333333
67,RF,0.11,0.9333333333333333
67,RF,0.12,0.96
67,RF,0.13,0.9733333333333334
67,RF,0.14,0.9733333333333334
67,RF,0.15,0.9733333333333334
67,RF,0.16,0.9733333333333334
67,RF,0.17,0.9733333333333334
67,RF,0.18,0.9866666666666667
67,RF,0.19,0.9866666666666667
67,RF,0.2,0.9866666666666667
67,RF,0.21,0.9866666666666667
67,RF,0.22,0.9866666666666667
67,RF,0.23,0.9866666666666667
67,RF,0.24,0.9866666666666667
67,RF,0.25,0.9866666666666667
67,RF,0.26,0.9866666666666667
67,RF,0.27,0.9866666666666667
67,RF,0.28,0.9866666666666667
67,RF,0.29,0.9866666666666667
67,RF,0.3,0.9866666666666667
67,RF,0.31,0.9866666666666667
67,RF,0.32,0.9866666666666667
67,RF,0.33,0.9866666666666667
67,RF,0.34,0.9866666666666667
67,RF,0.35000000000000003,0.9866666666666667
67,RF,0.36,0.9866666666666667
67,RF,0.37,0.9866666666666667
67,RF,0.38,0.9866666666666667
67,RF,0.39,0.9866666666666667
67,RF,0.4,0.9866666666666667
67,RF,0.41000000000000003,0.9866666666666667
67,RF,0.42,0.9866666666666667
67,RF,0.43,0.9866666666666667
67,RF,0.44,0.9866666666666667
67,RF,0.45,0.9866666666666667
67,RF,0.46,0.9866666666666667
67,RF,0.47000000000000003,0.9866666666666667
67,RF,0.48,0.9866666666666667
67,RF,0.49,0.9866666666666667
67,RF,0.5,0.9866666666666667
67,RF,0.51,0.9866666666666667
67,RF,0.52,0.9866666666666667
67,RF,0.53,0.9866666666666667
67,RF,0.54,0.9866666666666667
67,RF,0.55,0.9866666666666667
67,RF,0.56,0.9866666666666667
67,RF,0.5700000000000001,0.9866666666666667
67,RF,0.58,1.0
67,RF,0.59,1.0
67,RF,0.6,1.0
67,RF,0.61,1.0
67,RF,0.62,1.0
67,RF,0.63,1.0
67,RF,0.64,1.0
67,RF,0.65,1.0
67,RF,0.66,1.0
67,RF,0.67,1.0
67,RF,0.68,1.0
67,RF,0.6900000000000001,1.0
67,RF,0.7000000000000001,1.0
67,RF,0.71,1.0
67,RF,0.72,1.0
67,RF,0.73,1.0
67,RF,0.74,1.0
67,RF,0.75,1.0
67,RF,0.76,1.0
67,RF,0.77,1.0
67,RF,0.78,1.0
67,RF,0.79,1.0
67,RF,0.8,1.0
67,RF,0.81,1.0
67,RF,0.8200000000000001,1.0
67,RF,0.8300000000000001,1.0
67,RF,0.84,1.0
67,RF,0.85,1.0
67,RF,0.86,1.0
67,RF,0.87,1.0
67,RF,0.88,1.0
67,RF,0.89,1.0
67,RF,0.9,1.0
67,RF,0.91,1.0
67,RF,0.92,1.0
67,RF,0.93,1.0
67,RF,0.9400000000000001,1.0
67,RF,0.9500000000000001,1.0
67,RF,0.96,1.0
67,RF,0.97,1.0
67,RF,0.98,1.0
67,RF,0.99,1.0
67,RF,1.0,1.0
68,LR,0.0,0.27631578947368424
68,LR,0.01,0.7631578947368421
68,LR,0.02,0.7894736842105263
68,LR,0.03,0.8421052631578947
68,LR,0.04,0.881578947368421
68,LR,0.05,0.881578947368421
68,LR,0.06,0.8947368421052632
68,LR,0.07,0.9078947368421053
68,LR,0.08,0.9078947368421053
68,LR,0.09,0.9342105263157895
68,LR,0.1,0.9342105263157895
68,LR,0.11,0.9342105263157895
68,LR,0.12,0.9342105263157895
68,LR,0.13,0.9342105263157895
68,LR,0.14,0.9342105263157895
68,LR,0.15,0.9342105263157895
68,LR,0.16,0.9342105263157895
68,LR,0.17,0.9342105263157895
68,LR,0.18,0.9342105263157895
68,LR,0.19,0.9342105263157895
68,LR,0.2,0.9473684210526315
68,LR,0.21,0.9473684210526315
68,LR,0.22,0.9473684210526315
68,LR,0.23,0.9473684210526315
68,LR,0.24,0.9473684210526315
68,LR,0.25,0.9473684210526315
68,LR,0.26,0.9473684210526315
68,LR,0.27,0.9473684210526315
68,LR,0.28,0.9473684210526315
68,LR,0.29,0.9473684210526315
68,LR,0.3,0.9473684210526315
68,LR,0.31,0.9473684210526315
68,LR,0.32,0.9473684210526315
68,LR,0.33,0.9473684210526315
68,LR,0.34,0.9473684210526315
68,LR,0.35000000000000003,0.9473684210526315
68,LR,0.36,0.9473684210526315
68,LR,0.37,0.9473684210526315
68,LR,0.38,0.9473684210526315
68,LR,0.39,0.9473684210526315
68,LR,0.4,0.9473684210526315
68,LR,0.41000000000000003,0.9868421052631579
68,LR,0.42,0.9868421052631579
68,LR,0.43,0.9868421052631579
68,LR,0.44,0.9868421052631579
68,LR,0.45,0.9868421052631579
68,LR,0.46,0.9868421052631579
68,LR,0.47000000000000003,0.9868421052631579
68,LR,0.48,0.9868421052631579
68,LR,0.49,0.9868421052631579
68,LR,0.5,0.9868421052631579
68,LR,0.51,0.9868421052631579
68,LR,0.52,0.9868421052631579
68,LR,0.53,0.9868421052631579
68,LR,0.54,1.0
68,LR,0.55,1.0
68,LR,0.56,1.0
68,LR,0.5700000000000001,1.0
68,LR,0.58,1.0
68,LR,0.59,1.0
68,LR,0.6,1.0
68,LR,0.61,1.0
68,LR,0.62,1.0
68,LR,0.63,1.0
68,LR,0.64,1.0
68,LR,0.65,1.0
68,LR,0.66,1.0
68,LR,0.67,1.0
68,LR,0.68,1.0
68,LR,0.6900000000000001,1.0
68,LR,0.7000000000000001,1.0
68,LR,0.71,1.0
68,LR,0.72,1.0
68,LR,0.73,1.0
68,LR,0.74,1.0
68,LR,0.75,1.0
68,LR,0.76,1.0
68,LR,0.77,1.0
68,LR,0.78,1.0
68,LR,0.79,1.0
68,LR,0.8,1.0
68,LR,0.81,1.0
68,LR,0.8200000000000001,1.0
68,LR,0.8300000000000001,1.0
68,LR,0.84,1.0
68,LR,0.85,1.0
68,LR,0.86,1.0
68,LR,0.87,1.0
68,LR,0.88,1.0
68,LR,0.89,1.0
68,LR,0.9,1.0
68,LR,0.91,1.0
68,LR,0.92,1.0
68,LR,0.93,1.0
68,LR,0.9400000000000001,1.0
68,LR,0.9500000000000001,1.0
68,LR,0.96,1.0
68,LR,0.97,1.0
68,LR,0.98,1.0
68,LR,0.99,1.0
68,LR,1.0,1.0
68,GAM,0.0,0.27631578947368424
68,GAM,0.01,0.8026315789473685
68,GAM,0.02,0.8289473684210527
68,GAM,0.03,0.8552631578947368
68,GAM,0.04,0.8552631578947368
68,GAM,0.05,0.8552631578947368
68,GAM,0.06,0.868421052631579
68,GAM,0.07,0.881578947368421
68,GAM,0.08,0.8947368421052632
68,GAM,0.09,0.9078947368421053
68,GAM,0.1,0.9078947368421053
68,GAM,0.11,0.9210526315789473
68,GAM,0.12,0.9342105263157895
68,GAM,0.13,0.9342105263157895
68,GAM,0.14,0.9342105263157895
68,GAM,0.15,0.9342105263157895
68,GAM,0.16,0.9342105263157895
68,GAM,0.17,0.9342105263157895
68,GAM,0.18,0.9342105263157895
68,GAM,0.19,0.9342105263157895
68,GAM,0.2,0.9342105263157895
68,GAM,0.21,0.9342105263157895
68,GAM,0.22,0.9342105263157895
68,GAM,0.23,0.9342105263157895
68,GAM,0.24,0.9342105263157895
68,GAM,0.25,0.9342105263157895
68,GAM,0.26,0.9342105263157895
68,GAM,0.27,0.9342105263157895
68,GAM,0.28,0.9342105263157895
68,GAM,0.29,0.9342105263157895
68,GAM,0.3,0.9342105263157895
68,GAM,0.31,0.9342105263157895
68,GAM,0.32,0.9605263157894737
68,GAM,0.33,0.9605263157894737
68,GAM,0.34,0.9736842105263158
68,GAM,0.35000000000000003,0.9736842105263158
68,GAM,0.36,0.9736842105263158
68,GAM,0.37,0.9736842105263158
68,GAM,0.38,0.9736842105263158
68,GAM,0.39,0.9736842105263158
68,GAM,0.4,0.9736842105263158
68,GAM,0.41000000000000003,0.9736842105263158
68,GAM,0.42,0.9868421052631579
68,GAM,0.43,0.9868421052631579
68,GAM,0.44,0.9868421052631579
68,GAM,0.45,1.0
68,GAM,0.46,1.0
68,GAM,0.47000000000000003,1.0
68,GAM,0.48,1.0
68,GAM,0.49,1.0
68,GAM,0.5,1.0
68,GAM,0.51,1.0
68,GAM,0.52,1.0
68,GAM,0.53,1.0
68,GAM,0.54,1.0
68,GAM,0.55,1.0
68,GAM,0.56,1.0
68,GAM,0.5700000000000001,1.0
68,GAM,0.58,1.0
68,GAM,0.59,1.0
68,GAM,0.6,1.0
68,GAM,0.61,1.0
68,GAM,0.62,1.0
68,GAM,0.63,1.0
68,GAM,0.64,1.0
68,GAM,0.65,1.0
68,GAM,0.66,1.0
68,GAM,0.67,1.0
68,GAM,0.68,1.0
68,GAM,0.6900000000000001,1.0
68,GAM,0.7000000000000001,1.0
68,GAM,0.71,1.0
68,GAM,0.72,1.0
68,GAM,0.73,1.0
68,GAM,0.74,1.0
68,GAM,0.75,1.0
68,GAM,0.76,1.0
68,GAM,0.77,1.0
68,GAM,0.78,1.0
68,GAM,0.79,1.0
68,GAM,0.8,1.0
68,GAM,0.81,1.0
68,GAM,0.8200000000000001,1.0
68,GAM,0.8300000000000001,1.0
68,GAM,0.84,1.0
68,GAM,0.85,1.0
68,GAM,0.86,1.0
68,GAM,0.87,1.0
68,GAM,0.88,1.0
68,GAM,0.89,1.0
68,GAM,0.9,1.0
68,GAM,0.91,1.0
68,GAM,0.92,1.0
68,GAM,0.93,1.0
68,GAM,0.9400000000000001,1.0
68,GAM,0.9500000000000001,1.0
68,GAM,0.96,1.0
68,GAM,0.97,1.0
68,GAM,0.98,1.0
68,GAM,0.99,1.0
68,GAM,1.0,1.0
68,RF,0.0,0.5131578947368421
68,RF,0.01,0.7236842105263158
68,RF,0.02,0.75
68,RF,0.03,0.8289473684210527
68,RF,0.04,0.8289473684210527
68,RF,0.05,0.868421052631579
68,RF,0.06,0.881578947368421
68,RF,0.07,0.8947368421052632
68,RF,0.08,0.8947368421052632
68,RF,0.09,0.9078947368421053
68,RF,0.1,0.9078947368421053
68,RF,0.11,0.9078947368421053
68,RF,0.12,0.9078947368421053
68,RF,0.13,0.9078947368421053
68,RF,0.14,0.9078947368421053
68,RF,0.15,0.9078947368421053
68,RF,0.16,0.9210526315789473
68,RF,0.17,0.9210526315789473
68,RF,0.18,0.9210526315789473
68,RF,0.19,0.9210526315789473
68,RF,0.2,0.9210526315789473
68,RF,0.21,0.9342105263157895
68,RF,0.22,0.9473684210526315
68,RF,0.23,0.9473684210526315
68,RF,0.24,0.9473684210526315
68,RF,0.25,0.9736842105263158
68,RF,0.26,0.9736842105263158
68,RF,0.27,0.9736842105263158
68,RF,0.28,0.9736842105263158
68,RF,0.29,0.9736842105263158
68,RF,0.3,0.9736842105263158
68,RF,0.31,0.9736842105263158
68,RF,0.32,0.9868421052631579
68,RF,0.33,0.9868421052631579
68,RF,0.34,0.9868421052631579
68,RF,0.35000000000000003,0.9868421052631579
68,RF,0.36,0.9868421052631579
68,RF,0.37,0.9868421052631579
68,RF,0.38,0.9868421052631579
68,RF,0.39,0.9868421052631579
68,RF,0.4,0.9868421052631579
68,RF,0.41000000000000003,0.9868421052631579
68,RF,0.42,0.9868421052631579
68,RF,0.43,0.9868421052631579
68,RF,0.44,0.9868421052631579
68,RF,0.45,1.0
68,RF,0.46,1.0
68,RF,0.47000000000000003,1.0
68,RF,0.48,1.0
68,RF,0.49,1.0
68,RF,0.5,1.0
68,RF,0.51,1.0
68,RF,0.52,1.0
68,RF,0.53,1.0
68,RF,0.54,1.0
68,RF,0.55,1.0
68,RF,0.56,1.0
68,RF,0.5700000000000001,1.0
68,RF,0.58,1.0
68,RF,0.59,1.0
68,RF,0.6,1.0
68,RF,0.61,1.0
68,RF,0.62,1.0
68,RF,0.63,1.0
68,RF,0.64,1.0
68,RF,0.65,1.0
68,RF,0.66,1.0
68,RF,0.67,1.0
68,RF,0.68,1.0
68,RF,0.6900000000000001,1.0
68,RF,0.7000000000000001,1.0
68,RF,0.71,1.0
68,RF,0.72,1.0
68,RF,0.73,1.0
68,RF,0.74,1.0
68,RF,0.75,1.0
68,RF,0.76,1.0
68,RF,0.77,1.0
68,RF,0.78,1.0
68,RF,0.79,1.0
68,RF,0.8,1.0
68,RF,0.81,1.0
68,RF,0.8200000000000001,1.0
68,RF,0.8300000000000001,1.0
68,RF,0.84,1.0
68,RF,0.85,1.0
68,RF,0.86,1.0
68,RF,0.87,1.0
68,RF,0.88,1.0
68,RF,0.89,1.0
68,RF,0.9,1.0
68,RF,0.91,1.0
68,RF,0.92,1.0
68,RF,0.93,1.0
68,RF,0.9400000000000001,1.0
68,RF,0.9500000000000001,1.0
68,RF,0.96,1.0
68,RF,0.97,1.0
68,RF,0.98,1.0
68,RF,0.99,1.0
68,RF,1.0,1.0
69,LR,0.0,0.05063291139240506
69,LR,0.01,0.21518987341772153
69,LR,0.02,0.5189873417721519
69,LR,0.03,0.759493670886076
69,LR,0.04,0.8354430379746836
69,LR,0.05,0.8481012658227848
69,LR,0.06,0.8734177215189873
69,LR,0.07,0.9113924050632911
69,LR,0.08,0.9240506329113924
69,LR,0.09,0.9240506329113924
69,LR,0.1,0.9367088607594937
69,LR,0.11,0.9367088607594937
69,LR,0.12,0.9367088607594937
69,LR,0.13,0.9367088607594937
69,LR,0.14,0.9367088607594937
69,LR,0.15,0.9367088607594937
69,LR,0.16,0.9367088607594937
69,LR,0.17,0.9367088607594937
69,LR,0.18,0.9367088607594937
69,LR,0.19,0.9367088607594937
69,LR,0.2,0.9367088607594937
69,LR,0.21,0.9367088607594937
69,LR,0.22,0.9367088607594937
69,LR,0.23,0.9367088607594937
69,LR,0.24,0.9367088607594937
69,LR,0.25,0.9367088607594937
69,LR,0.26,0.9367088607594937
69,LR,0.27,0.9367088607594937
69,LR,0.28,0.9493670886075949
69,LR,0.29,0.9493670886075949
69,LR,0.3,0.9620253164556962
69,LR,0.31,0.9620253164556962
69,LR,0.32,0.9620253164556962
69,LR,0.33,0.9746835443037974
69,LR,0.34,0.9746835443037974
69,LR,0.35000000000000003,0.9746835443037974
69,LR,0.36,0.9873417721518988
69,LR,0.37,0.9873417721518988
69,LR,0.38,0.9873417721518988
69,LR,0.39,0.9873417721518988
69,LR,0.4,0.9873417721518988
69,LR,0.41000000000000003,1.0
69,LR,0.42,1.0
69,LR,0.43,1.0
69,LR,0.44,1.0
69,LR,0.45,1.0
69,LR,0.46,1.0
69,LR,0.47000000000000003,1.0
69,LR,0.48,1.0
69,LR,0.49,1.0
69,LR,0.5,1.0
69,LR,0.51,1.0
69,LR,0.52,1.0
69,LR,0.53,1.0
69,LR,0.54,1.0
69,LR,0.55,1.0
69,LR,0.56,1.0
69,LR,0.5700000000000001,1.0
69,LR,0.58,1.0
69,LR,0.59,1.0
69,LR,0.6,1.0
69,LR,0.61,1.0
69,LR,0.62,1.0
69,LR,0.63,1.0
69,LR,0.64,1.0
69,LR,0.65,1.0
69,LR,0.66,1.0
69,LR,0.67,1.0
69,LR,0.68,1.0
69,LR,0.6900000000000001,1.0
69,LR,0.7000000000000001,1.0
69,LR,0.71,1.0
69,LR,0.72,1.0
69,LR,0.73,1.0
69,LR,0.74,1.0
69,LR,0.75,1.0
69,LR,0.76,1.0
69,LR,0.77,1.0
69,LR,0.78,1.0
69,LR,0.79,1.0
69,LR,0.8,1.0
69,LR,0.81,1.0
69,LR,0.8200000000000001,1.0
69,LR,0.8300000000000001,1.0
69,LR,0.84,1.0
69,LR,0.85,1.0
69,LR,0.86,1.0
69,LR,0.87,1.0
69,LR,0.88,1.0
69,LR,0.89,1.0
69,LR,0.9,1.0
69,LR,0.91,1.0
69,LR,0.92,1.0
69,LR,0.93,1.0
69,LR,0.9400000000000001,1.0
69,LR,0.9500000000000001,1.0
69,LR,0.96,1.0
69,LR,0.97,1.0
69,LR,0.98,1.0
69,LR,0.99,1.0
69,LR,1.0,1.0
69,GAM,0.0,0.08860759493670886
69,GAM,0.01,0.25316455696202533
69,GAM,0.02,0.5063291139240507
69,GAM,0.03,0.8354430379746836
69,GAM,0.04,0.8354430379746836
69,GAM,0.05,0.8607594936708861
69,GAM,0.06,0.9240506329113924
69,GAM,0.07,0.9240506329113924
69,GAM,0.08,0.9367088607594937
69,GAM,0.09,0.9367088607594937
69,GAM,0.1,0.9367088607594937
69,GAM,0.11,0.9367088607594937
69,GAM,0.12,0.9367088607594937
69,GAM,0.13,0.9367088607594937
69,GAM,0.14,0.9367088607594937
69,GAM,0.15,0.9367088607594937
69,GAM,0.16,0.9367088607594937
69,GAM,0.17,0.9367088607594937
69,GAM,0.18,0.9367088607594937
69,GAM,0.19,0.9367088607594937
69,GAM,0.2,0.9367088607594937
69,GAM,0.21,0.9367088607594937
69,GAM,0.22,0.9493670886075949
69,GAM,0.23,0.9493670886075949
69,GAM,0.24,0.9493670886075949
69,GAM,0.25,0.9620253164556962
69,GAM,0.26,0.9620253164556962
69,GAM,0.27,0.9620253164556962
69,GAM,0.28,0.9873417721518988
69,GAM,0.29,0.9873417721518988
69,GAM,0.3,0.9873417721518988
69,GAM,0.31,0.9873417721518988
69,GAM,0.32,0.9873417721518988
69,GAM,0.33,0.9873417721518988
69,GAM,0.34,0.9873417721518988
69,GAM,0.35000000000000003,0.9873417721518988
69,GAM,0.36,0.9873417721518988
69,GAM,0.37,0.9873417721518988
69,GAM,0.38,0.9873417721518988
69,GAM,0.39,1.0
69,GAM,0.4,1.0
69,GAM,0.41000000000000003,1.0
69,GAM,0.42,1.0
69,GAM,0.43,1.0
69,GAM,0.44,1.0
69,GAM,0.45,1.0
69,GAM,0.46,1.0
69,GAM,0.47000000000000003,1.0
69,GAM,0.48,1.0
69,GAM,0.49,1.0
69,GAM,0.5,1.0
69,GAM,0.51,1.0
69,GAM,0.52,1.0
69,GAM,0.53,1.0
69,GAM,0.54,1.0
69,GAM,0.55,1.0
69,GAM,0.56,1.0
69,GAM,0.5700000000000001,1.0
69,GAM,0.58,1.0
69,GAM,0.59,1.0
69,GAM,0.6,1.0
69,GAM,0.61,1.0
69,GAM,0.62,1.0
69,GAM,0.63,1.0
69,GAM,0.64,1.0
69,GAM,0.65,1.0
69,GAM,0.66,1.0
69,GAM,0.67,1.0
69,GAM,0.68,1.0
69,GAM,0.6900000000000001,1.0
69,GAM,0.7000000000000001,1.0
69,GAM,0.71,1.0
69,GAM,0.72,1.0
69,GAM,0.73,1.0
69,GAM,0.74,1.0
69,GAM,0.75,1.0
69,GAM,0.76,1.0
69,GAM,0.77,1.0
69,GAM,0.78,1.0
69,GAM,0.79,1.0
69,GAM,0.8,1.0
69,GAM,0.81,1.0
69,GAM,0.8200000000000001,1.0
69,GAM,0.8300000000000001,1.0
69,GAM,0.84,1.0
69,GAM,0.85,1.0
69,GAM,0.86,1.0
69,GAM,0.87,1.0
69,GAM,0.88,1.0
69,GAM,0.89,1.0
69,GAM,0.9,1.0
69,GAM,0.91,1.0
69,GAM,0.92,1.0
69,GAM,0.93,1.0
69,GAM,0.9400000000000001,1.0
69,GAM,0.9500000000000001,1.0
69,GAM,0.96,1.0
69,GAM,0.97,1.0
69,GAM,0.98,1.0
69,GAM,0.99,1.0
69,GAM,1.0,1.0
69,RF,0.0,0.5949367088607594
69,RF,0.01,0.7848101265822784
69,RF,0.02,0.8227848101265823
69,RF,0.03,0.8227848101265823
69,RF,0.04,0.8481012658227848
69,RF,0.05,0.8607594936708861
69,RF,0.06,0.8607594936708861
69,RF,0.07,0.8607594936708861
69,RF,0.08,0.8860759493670886
69,RF,0.09,0.8860759493670886
69,RF,0.1,0.8860759493670886
69,RF,0.11,0.9240506329113924
69,RF,0.12,0.9240506329113924
69,RF,0.13,0.9240506329113924
69,RF,0.14,0.9493670886075949
69,RF,0.15,0.9746835443037974
69,RF,0.16,0.9746835443037974
69,RF,0.17,0.9746835443037974
69,RF,0.18,0.9746835443037974
69,RF,0.19,0.9746835443037974
69,RF,0.2,0.9746835443037974
69,RF,0.21,0.9746835443037974
69,RF,0.22,0.9746835443037974
69,RF,0.23,0.9746835443037974
69,RF,0.24,0.9746835443037974
69,RF,0.25,0.9746835443037974
69,RF,0.26,0.9746835443037974
69,RF,0.27,0.9746835443037974
69,RF,0.28,0.9746835443037974
69,RF,0.29,0.9746835443037974
69,RF,0.3,0.9746835443037974
69,RF,0.31,0.9746835443037974
69,RF,0.32,0.9746835443037974
69,RF,0.33,0.9746835443037974
69,RF,0.34,0.9746835443037974
69,RF,0.35000000000000003,0.9746835443037974
69,RF,0.36,1.0
69,RF,0.37,1.0
69,RF,0.38,1.0
69,RF,0.39,1.0
69,RF,0.4,1.0
69,RF,0.41000000000000003,1.0
69,RF,0.42,1.0
69,RF,0.43,1.0
69,RF,0.44,1.0
69,RF,0.45,1.0
69,RF,0.46,1.0
69,RF,0.47000000000000003,1.0
69,RF,0.48,1.0
69,RF,0.49,1.0
69,RF,0.5,1.0
69,RF,0.51,1.0
69,RF,0.52,1.0
69,RF,0.53,1.0
69,RF,0.54,1.0
69,RF,0.55,1.0
69,RF,0.56,1.0
69,RF,0.5700000000000001,1.0
69,RF,0.58,1.0
69,RF,0.59,1.0
69,RF,0.6,1.0
69,RF,0.61,1.0
69,RF,0.62,1.0
69,RF,0.63,1.0
69,RF,0.64,1.0
69,RF,0.65,1.0
69,RF,0.66,1.0
69,RF,0.67,1.0
69,RF,0.68,1.0
69,RF,0.6900000000000001,1.0
69,RF,0.7000000000000001,1.0
69,RF,0.71,1.0
69,RF,0.72,1.0
69,RF,0.73,1.0
69,RF,0.74,1.0
69,RF,0.75,1.0
69,RF,0.76,1.0
69,RF,0.77,1.0
69,RF,0.78,1.0
69,RF,0.79,1.0
69,RF,0.8,1.0
69,RF,0.81,1.0
69,RF,0.8200000000000001,1.0
69,RF,0.8300000000000001,1.0
69,RF,0.84,1.0
69,RF,0.85,1.0
69,RF,0.86,1.0
69,RF,0.87,1.0
69,RF,0.88,1.0
69,RF,0.89,1.0
69,RF,0.9,1.0
69,RF,0.91,1.0
69,RF,0.92,1.0
69,RF,0.93,1.0
69,RF,0.9400000000000001,1.0
69,RF,0.9500000000000001,1.0
69,RF,0.96,1.0
69,RF,0.97,1.0
69,RF,0.98,1.0
69,RF,0.99,1.0
69,RF,1.0,1.0
70,LR,0.0,0.5444444444444444
70,LR,0.01,0.7
70,LR,0.02,0.7222222222222222
70,LR,0.03,0.8111111111111111
70,LR,0.04,0.8222222222222222
70,LR,0.05,0.8555555555555555
70,LR,0.06,0.8888888888888888
70,LR,0.07,0.9
70,LR,0.08,0.9222222222222223
70,LR,0.09,0.9222222222222223
70,LR,0.1,0.9333333333333333
70,LR,0.11,0.9333333333333333
70,LR,0.12,0.9333333333333333
70,LR,0.13,0.9333333333333333
70,LR,0.14,0.9333333333333333
70,LR,0.15,0.9333333333333333
70,LR,0.16,0.9333333333333333
70,LR,0.17,0.9555555555555556
70,LR,0.18,0.9555555555555556
70,LR,0.19,0.9666666666666667
70,LR,0.2,0.9666666666666667
70,LR,0.21,0.9666666666666667
70,LR,0.22,0.9666666666666667
70,LR,0.23,0.9666666666666667
70,LR,0.24,0.9666666666666667
70,LR,0.25,0.9666666666666667
70,LR,0.26,0.9666666666666667
70,LR,0.27,0.9666666666666667
70,LR,0.28,0.9666666666666667
70,LR,0.29,0.9666666666666667
70,LR,0.3,0.9666666666666667
70,LR,0.31,0.9666666666666667
70,LR,0.32,0.9666666666666667
70,LR,0.33,0.9666666666666667
70,LR,0.34,0.9666666666666667
70,LR,0.35000000000000003,0.9777777777777777
70,LR,0.36,0.9777777777777777
70,LR,0.37,0.9777777777777777
70,LR,0.38,0.9888888888888889
70,LR,0.39,0.9888888888888889
70,LR,0.4,0.9888888888888889
70,LR,0.41000000000000003,0.9888888888888889
70,LR,0.42,0.9888888888888889
70,LR,0.43,0.9888888888888889
70,LR,0.44,0.9888888888888889
70,LR,0.45,0.9888888888888889
70,LR,0.46,0.9888888888888889
70,LR,0.47000000000000003,0.9888888888888889
70,LR,0.48,0.9888888888888889
70,LR,0.49,0.9888888888888889
70,LR,0.5,0.9888888888888889
70,LR,0.51,0.9888888888888889
70,LR,0.52,0.9888888888888889
70,LR,0.53,0.9888888888888889
70,LR,0.54,0.9888888888888889
70,LR,0.55,0.9888888888888889
70,LR,0.56,0.9888888888888889
70,LR,0.5700000000000001,0.9888888888888889
70,LR,0.58,0.9888888888888889
70,LR,0.59,0.9888888888888889
70,LR,0.6,0.9888888888888889
70,LR,0.61,0.9888888888888889
70,LR,0.62,0.9888888888888889
70,LR,0.63,0.9888888888888889
70,LR,0.64,0.9888888888888889
70,LR,0.65,0.9888888888888889
70,LR,0.66,0.9888888888888889
70,LR,0.67,0.9888888888888889
70,LR,0.68,1.0
70,LR,0.6900000000000001,1.0
70,LR,0.7000000000000001,1.0
70,LR,0.71,1.0
70,LR,0.72,1.0
70,LR,0.73,1.0
70,LR,0.74,1.0
70,LR,0.75,1.0
70,LR,0.76,1.0
70,LR,0.77,1.0
70,LR,0.78,1.0
70,LR,0.79,1.0
70,LR,0.8,1.0
70,LR,0.81,1.0
70,LR,0.8200000000000001,1.0
70,LR,0.8300000000000001,1.0
70,LR,0.84,1.0
70,LR,0.85,1.0
70,LR,0.86,1.0
70,LR,0.87,1.0
70,LR,0.88,1.0
70,LR,0.89,1.0
70,LR,0.9,1.0
70,LR,0.91,1.0
70,LR,0.92,1.0
70,LR,0.93,1.0
70,LR,0.9400000000000001,1.0
70,LR,0.9500000000000001,1.0
70,LR,0.96,1.0
70,LR,0.97,1.0
70,LR,0.98,1.0
70,LR,0.99,1.0
70,LR,1.0,1.0
70,GAM,0.0,0.5888888888888889
70,GAM,0.01,0.6666666666666666
70,GAM,0.02,0.6666666666666666
70,GAM,0.03,0.7888888888888889
70,GAM,0.04,0.8666666666666667
70,GAM,0.05,0.8777777777777778
70,GAM,0.06,0.8888888888888888
70,GAM,0.07,0.9111111111111111
70,GAM,0.08,0.9111111111111111
70,GAM,0.09,0.9111111111111111
70,GAM,0.1,0.9222222222222223
70,GAM,0.11,0.9222222222222223
70,GAM,0.12,0.9222222222222223
70,GAM,0.13,0.9222222222222223
70,GAM,0.14,0.9222222222222223
70,GAM,0.15,0.9555555555555556
70,GAM,0.16,0.9555555555555556
70,GAM,0.17,0.9555555555555556
70,GAM,0.18,0.9555555555555556
70,GAM,0.19,0.9555555555555556
70,GAM,0.2,0.9555555555555556
70,GAM,0.21,0.9555555555555556
70,GAM,0.22,0.9555555555555556
70,GAM,0.23,0.9666666666666667
70,GAM,0.24,0.9666666666666667
70,GAM,0.25,0.9666666666666667
70,GAM,0.26,0.9666666666666667
70,GAM,0.27,0.9666666666666667
70,GAM,0.28,0.9666666666666667
70,GAM,0.29,0.9888888888888889
70,GAM,0.3,0.9888888888888889
70,GAM,0.31,0.9888888888888889
70,GAM,0.32,0.9888888888888889
70,GAM,0.33,0.9888888888888889
70,GAM,0.34,0.9888888888888889
70,GAM,0.35000000000000003,0.9888888888888889
70,GAM,0.36,0.9888888888888889
70,GAM,0.37,0.9888888888888889
70,GAM,0.38,0.9888888888888889
70,GAM,0.39,0.9888888888888889
70,GAM,0.4,0.9888888888888889
70,GAM,0.41000000000000003,0.9888888888888889
70,GAM,0.42,0.9888888888888889
70,GAM,0.43,0.9888888888888889
70,GAM,0.44,0.9888888888888889
70,GAM,0.45,0.9888888888888889
70,GAM,0.46,0.9888888888888889
70,GAM,0.47000000000000003,0.9888888888888889
70,GAM,0.48,0.9888888888888889
70,GAM,0.49,0.9888888888888889
70,GAM,0.5,0.9888888888888889
70,GAM,0.51,0.9888888888888889
70,GAM,0.52,0.9888888888888889
70,GAM,0.53,1.0
70,GAM,0.54,1.0
70,GAM,0.55,1.0
70,GAM,0.56,1.0
70,GAM,0.5700000000000001,1.0
70,GAM,0.58,1.0
70,GAM,0.59,1.0
70,GAM,0.6,1.0
70,GAM,0.61,1.0
70,GAM,0.62,1.0
70,GAM,0.63,1.0
70,GAM,0.64,1.0
70,GAM,0.65,1.0
70,GAM,0.66,1.0
70,GAM,0.67,1.0
70,GAM,0.68,1.0
70,GAM,0.6900000000000001,1.0
70,GAM,0.7000000000000001,1.0
70,GAM,0.71,1.0
70,GAM,0.72,1.0
70,GAM,0.73,1.0
70,GAM,0.74,1.0
70,GAM,0.75,1.0
70,GAM,0.76,1.0
70,GAM,0.77,1.0
70,GAM,0.78,1.0
70,GAM,0.79,1.0
70,GAM,0.8,1.0
70,GAM,0.81,1.0
70,GAM,0.8200000000000001,1.0
70,GAM,0.8300000000000001,1.0
70,GAM,0.84,1.0
70,GAM,0.85,1.0
70,GAM,0.86,1.0
70,GAM,0.87,1.0
70,GAM,0.88,1.0
70,GAM,0.89,1.0
70,GAM,0.9,1.0
70,GAM,0.91,1.0
70,GAM,0.92,1.0
70,GAM,0.93,1.0
70,GAM,0.9400000000000001,1.0
70,GAM,0.9500000000000001,1.0
70,GAM,0.96,1.0
70,GAM,0.97,1.0
70,GAM,0.98,1.0
70,GAM,0.99,1.0
70,GAM,1.0,1.0
70,RF,0.0,0.7777777777777778
70,RF,0.01,0.8
70,RF,0.02,0.8111111111111111
70,RF,0.03,0.8111111111111111
70,RF,0.04,0.9
70,RF,0.05,0.9
70,RF,0.06,0.9
70,RF,0.07,0.9111111111111111
70,RF,0.08,0.9222222222222223
70,RF,0.09,0.9222222222222223
70,RF,0.1,0.9222222222222223
70,RF,0.11,0.9222222222222223
70,RF,0.12,0.9333333333333333
70,RF,0.13,0.9333333333333333
70,RF,0.14,0.9333333333333333
70,RF,0.15,0.9555555555555556
70,RF,0.16,0.9555555555555556
70,RF,0.17,0.9555555555555556
70,RF,0.18,0.9666666666666667
70,RF,0.19,0.9666666666666667
70,RF,0.2,0.9666666666666667
70,RF,0.21,0.9666666666666667
70,RF,0.22,0.9777777777777777
70,RF,0.23,0.9888888888888889
70,RF,0.24,0.9888888888888889
70,RF,0.25,0.9888888888888889
70,RF,0.26,0.9888888888888889
70,RF,0.27,0.9888888888888889
70,RF,0.28,0.9888888888888889
70,RF,0.29,0.9888888888888889
70,RF,0.3,0.9888888888888889
70,RF,0.31,1.0
70,RF,0.32,1.0
70,RF,0.33,1.0
70,RF,0.34,1.0
70,RF,0.35000000000000003,1.0
70,RF,0.36,1.0
70,RF,0.37,1.0
70,RF,0.38,1.0
70,RF,0.39,1.0
70,RF,0.4,1.0
70,RF,0.41000000000000003,1.0
70,RF,0.42,1.0
70,RF,0.43,1.0
70,RF,0.44,1.0
70,RF,0.45,1.0
70,RF,0.46,1.0
70,RF,0.47000000000000003,1.0
70,RF,0.48,1.0
70,RF,0.49,1.0
70,RF,0.5,1.0
70,RF,0.51,1.0
70,RF,0.52,1.0
70,RF,0.53,1.0
70,RF,0.54,1.0
70,RF,0.55,1.0
70,RF,0.56,1.0
70,RF,0.5700000000000001,1.0
70,RF,0.58,1.0
70,RF,0.59,1.0
70,RF,0.6,1.0
70,RF,0.61,1.0
70,RF,0.62,1.0
70,RF,0.63,1.0
70,RF,0.64,1.0
70,RF,0.65,1.0
70,RF,0.66,1.0
70,RF,0.67,1.0
70,RF,0.68,1.0
70,RF,0.6900000000000001,1.0
70,RF,0.7000000000000001,1.0
70,RF,0.71,1.0
70,RF,0.72,1.0
70,RF,0.73,1.0
70,RF,0.74,1.0
70,RF,0.75,1.0
70,RF,0.76,1.0
70,RF,0.77,1.0
70,RF,0.78,1.0
70,RF,0.79,1.0
70,RF,0.8,1.0
70,RF,0.81,1.0
70,RF,0.8200000000000001,1.0
70,RF,0.8300000000000001,1.0
70,RF,0.84,1.0
70,RF,0.85,1.0
70,RF,0.86,1.0
70,RF,0.87,1.0
70,RF,0.88,1.0
70,RF,0.89,1.0
70,RF,0.9,1.0
70,RF,0.91,1.0
70,RF,0.92,1.0
70,RF,0.93,1.0
70,RF,0.9400000000000001,1.0
70,RF,0.9500000000000001,1.0
70,RF,0.96,1.0
70,RF,0.97,1.0
70,RF,0.98,1.0
70,RF,0.99,1.0
70,RF,1.0,1.0
71,LR,0.0,0.15384615384615385
71,LR,0.01,0.46153846153846156
71,LR,0.02,0.6615384615384615
71,LR,0.03,0.7692307692307693
71,LR,0.04,0.8307692307692308
71,LR,0.05,0.8307692307692308
71,LR,0.06,0.8461538461538461
71,LR,0.07,0.8461538461538461
71,LR,0.08,0.8615384615384616
71,LR,0.09,0.8615384615384616
71,LR,0.1,0.8615384615384616
71,LR,0.11,0.8769230769230769
71,LR,0.12,0.9076923076923077
71,LR,0.13,0.9076923076923077
71,LR,0.14,0.9076923076923077
71,LR,0.15,0.9076923076923077
71,LR,0.16,0.9076923076923077
71,LR,0.17,0.9076923076923077
71,LR,0.18,0.9076923076923077
71,LR,0.19,0.9076923076923077
71,LR,0.2,0.9076923076923077
71,LR,0.21,0.9076923076923077
71,LR,0.22,0.9076923076923077
71,LR,0.23,0.9076923076923077
71,LR,0.24,0.9076923076923077
71,LR,0.25,0.9076923076923077
71,LR,0.26,0.9076923076923077
71,LR,0.27,0.9076923076923077
71,LR,0.28,0.9076923076923077
71,LR,0.29,0.9076923076923077
71,LR,0.3,0.9076923076923077
71,LR,0.31,0.9076923076923077
71,LR,0.32,0.9076923076923077
71,LR,0.33,0.9230769230769231
71,LR,0.34,0.9230769230769231
71,LR,0.35000000000000003,0.9230769230769231
71,LR,0.36,0.9230769230769231
71,LR,0.37,0.9230769230769231
71,LR,0.38,0.9230769230769231
71,LR,0.39,0.9230769230769231
71,LR,0.4,0.9230769230769231
71,LR,0.41000000000000003,0.9384615384615385
71,LR,0.42,0.9538461538461539
71,LR,0.43,0.9538461538461539
71,LR,0.44,0.9538461538461539
71,LR,0.45,0.9538461538461539
71,LR,0.46,0.9538461538461539
71,LR,0.47000000000000003,0.9538461538461539
71,LR,0.48,0.9538461538461539
71,LR,0.49,0.9538461538461539
71,LR,0.5,0.9538461538461539
71,LR,0.51,0.9538461538461539
71,LR,0.52,0.9538461538461539
71,LR,0.53,0.9538461538461539
71,LR,0.54,0.9538461538461539
71,LR,0.55,0.9538461538461539
71,LR,0.56,0.9538461538461539
71,LR,0.5700000000000001,0.9538461538461539
71,LR,0.58,0.9538461538461539
71,LR,0.59,0.9538461538461539
71,LR,0.6,0.9538461538461539
71,LR,0.61,0.9538461538461539
71,LR,0.62,0.9538461538461539
71,LR,0.63,0.9538461538461539
71,LR,0.64,0.9538461538461539
71,LR,0.65,0.9538461538461539
71,LR,0.66,0.9538461538461539
71,LR,0.67,0.9538461538461539
71,LR,0.68,0.9538461538461539
71,LR,0.6900000000000001,0.9692307692307692
71,LR,0.7000000000000001,0.9692307692307692
71,LR,0.71,0.9692307692307692
71,LR,0.72,0.9692307692307692
71,LR,0.73,0.9692307692307692
71,LR,0.74,0.9692307692307692
71,LR,0.75,0.9692307692307692
71,LR,0.76,0.9692307692307692
71,LR,0.77,0.9692307692307692
71,LR,0.78,0.9692307692307692
71,LR,0.79,0.9692307692307692
71,LR,0.8,0.9692307692307692
71,LR,0.81,0.9692307692307692
71,LR,0.8200000000000001,0.9692307692307692
71,LR,0.8300000000000001,0.9692307692307692
71,LR,0.84,0.9692307692307692
71,LR,0.85,0.9692307692307692
71,LR,0.86,0.9692307692307692
71,LR,0.87,0.9692307692307692
71,LR,0.88,0.9692307692307692
71,LR,0.89,0.9692307692307692
71,LR,0.9,0.9692307692307692
71,LR,0.91,0.9846153846153847
71,LR,0.92,0.9846153846153847
71,LR,0.93,0.9846153846153847
71,LR,0.9400000000000001,0.9846153846153847
71,LR,0.9500000000000001,1.0
71,LR,0.96,1.0
71,LR,0.97,1.0
71,LR,0.98,1.0
71,LR,0.99,1.0
71,LR,1.0,1.0
71,GAM,0.0,0.2153846153846154
71,GAM,0.01,0.49230769230769234
71,GAM,0.02,0.7076923076923077
71,GAM,0.03,0.7846153846153846
71,GAM,0.04,0.8307692307692308
71,GAM,0.05,0.8307692307692308
71,GAM,0.06,0.8615384615384616
71,GAM,0.07,0.8615384615384616
71,GAM,0.08,0.8615384615384616
71,GAM,0.09,0.8615384615384616
71,GAM,0.1,0.8615384615384616
71,GAM,0.11,0.8923076923076924
71,GAM,0.12,0.8923076923076924
71,GAM,0.13,0.9076923076923077
71,GAM,0.14,0.9076923076923077
71,GAM,0.15,0.9076923076923077
71,GAM,0.16,0.9076923076923077
71,GAM,0.17,0.9076923076923077
71,GAM,0.18,0.9076923076923077
71,GAM,0.19,0.9076923076923077
71,GAM,0.2,0.9076923076923077
71,GAM,0.21,0.9076923076923077
71,GAM,0.22,0.9230769230769231
71,GAM,0.23,0.9230769230769231
71,GAM,0.24,0.9230769230769231
71,GAM,0.25,0.9230769230769231
71,GAM,0.26,0.9230769230769231
71,GAM,0.27,0.9230769230769231
71,GAM,0.28,0.9230769230769231
71,GAM,0.29,0.9230769230769231
71,GAM,0.3,0.9230769230769231
71,GAM,0.31,0.9230769230769231
71,GAM,0.32,0.9384615384615385
71,GAM,0.33,0.9538461538461539
71,GAM,0.34,0.9538461538461539
71,GAM,0.35000000000000003,0.9538461538461539
71,GAM,0.36,0.9538461538461539
71,GAM,0.37,0.9538461538461539
71,GAM,0.38,0.9538461538461539
71,GAM,0.39,0.9538461538461539
71,GAM,0.4,0.9538461538461539
71,GAM,0.41000000000000003,0.9538461538461539
71,GAM,0.42,0.9538461538461539
71,GAM,0.43,0.9538461538461539
71,GAM,0.44,0.9538461538461539
71,GAM,0.45,0.9538461538461539
71,GAM,0.46,0.9538461538461539
71,GAM,0.47000000000000003,0.9538461538461539
71,GAM,0.48,0.9538461538461539
71,GAM,0.49,0.9538461538461539
71,GAM,0.5,0.9538461538461539
71,GAM,0.51,0.9538461538461539
71,GAM,0.52,0.9538461538461539
71,GAM,0.53,0.9538461538461539
71,GAM,0.54,0.9692307692307692
71,GAM,0.55,0.9692307692307692
71,GAM,0.56,0.9692307692307692
71,GAM,0.5700000000000001,0.9692307692307692
71,GAM,0.58,0.9692307692307692
71,GAM,0.59,0.9692307692307692
71,GAM,0.6,0.9692307692307692
71,GAM,0.61,0.9692307692307692
71,GAM,0.62,0.9692307692307692
71,GAM,0.63,0.9692307692307692
71,GAM,0.64,0.9692307692307692
71,GAM,0.65,0.9692307692307692
71,GAM,0.66,0.9692307692307692
71,GAM,0.67,0.9692307692307692
71,GAM,0.68,0.9692307692307692
71,GAM,0.6900000000000001,0.9692307692307692
71,GAM,0.7000000000000001,0.9692307692307692
71,GAM,0.71,0.9692307692307692
71,GAM,0.72,0.9692307692307692
71,GAM,0.73,0.9692307692307692
71,GAM,0.74,0.9692307692307692
71,GAM,0.75,0.9692307692307692
71,GAM,0.76,0.9692307692307692
71,GAM,0.77,0.9692307692307692
71,GAM,0.78,0.9692307692307692
71,GAM,0.79,0.9692307692307692
71,GAM,0.8,0.9846153846153847
71,GAM,0.81,0.9846153846153847
71,GAM,0.8200000000000001,0.9846153846153847
71,GAM,0.8300000000000001,0.9846153846153847
71,GAM,0.84,0.9846153846153847
71,GAM,0.85,0.9846153846153847
71,GAM,0.86,0.9846153846153847
71,GAM,0.87,0.9846153846153847
71,GAM,0.88,0.9846153846153847
71,GAM,0.89,1.0
71,GAM,0.9,1.0
71,GAM,0.91,1.0
71,GAM,0.92,1.0
71,GAM,0.93,1.0
71,GAM,0.9400000000000001,1.0
71,GAM,0.9500000000000001,1.0
71,GAM,0.96,1.0
71,GAM,0.97,1.0
71,GAM,0.98,1.0
71,GAM,0.99,1.0
71,GAM,1.0,1.0
71,RF,0.0,0.3076923076923077
71,RF,0.01,0.6
71,RF,0.02,0.7076923076923077
71,RF,0.03,0.7538461538461538
71,RF,0.04,0.8307692307692308
71,RF,0.05,0.8307692307692308
71,RF,0.06,0.8307692307692308
71,RF,0.07,0.8615384615384616
71,RF,0.08,0.8923076923076924
71,RF,0.09,0.8923076923076924
71,RF,0.1,0.8923076923076924
71,RF,0.11,0.9230769230769231
71,RF,0.12,0.9230769230769231
71,RF,0.13,0.9230769230769231
71,RF,0.14,0.9230769230769231
71,RF,0.15,0.9230769230769231
71,RF,0.16,0.9538461538461539
71,RF,0.17,0.9538461538461539
71,RF,0.18,0.9538461538461539
71,RF,0.19,0.9538461538461539
71,RF,0.2,0.9538461538461539
71,RF,0.21,0.9538461538461539
71,RF,0.22,0.9538461538461539
71,RF,0.23,0.9538461538461539
71,RF,0.24,0.9538461538461539
71,RF,0.25,0.9538461538461539
71,RF,0.26,0.9538461538461539
71,RF,0.27,0.9538461538461539
71,RF,0.28,0.9538461538461539
71,RF,0.29,0.9538461538461539
71,RF,0.3,0.9538461538461539
71,RF,0.31,0.9538461538461539
71,RF,0.32,0.9538461538461539
71,RF,0.33,0.9538461538461539
71,RF,0.34,0.9538461538461539
71,RF,0.35000000000000003,0.9538461538461539
71,RF,0.36,0.9538461538461539
71,RF,0.37,0.9538461538461539
71,RF,0.38,0.9692307692307692
71,RF,0.39,0.9692307692307692
71,RF,0.4,0.9692307692307692
71,RF,0.41000000000000003,0.9692307692307692
71,RF,0.42,0.9692307692307692
71,RF,0.43,0.9692307692307692
71,RF,0.44,0.9692307692307692
71,RF,0.45,0.9692307692307692
71,RF,0.46,0.9692307692307692
71,RF,0.47000000000000003,0.9692307692307692
71,RF,0.48,0.9692307692307692
71,RF,0.49,0.9692307692307692
71,RF,0.5,0.9692307692307692
71,RF,0.51,0.9692307692307692
71,RF,0.52,0.9692307692307692
71,RF,0.53,0.9692307692307692
71,RF,0.54,0.9692307692307692
71,RF,0.55,0.9692307692307692
71,RF,0.56,0.9692307692307692
71,RF,0.5700000000000001,0.9692307692307692
71,RF,0.58,0.9692307692307692
71,RF,0.59,0.9692307692307692
71,RF,0.6,0.9692307692307692
71,RF,0.61,0.9692307692307692
71,RF,0.62,0.9692307692307692
71,RF,0.63,0.9692307692307692
71,RF,0.64,0.9692307692307692
71,RF,0.65,0.9692307692307692
71,RF,0.66,0.9692307692307692
71,RF,0.67,0.9692307692307692
71,RF,0.68,0.9692307692307692
71,RF,0.6900000000000001,0.9692307692307692
71,RF,0.7000000000000001,0.9846153846153847
71,RF,0.71,0.9846153846153847
71,RF,0.72,0.9846153846153847
71,RF,0.73,0.9846153846153847
71,RF,0.74,0.9846153846153847
71,RF,0.75,0.9846153846153847
71,RF,0.76,0.9846153846153847
71,RF,0.77,0.9846153846153847
71,RF,0.78,0.9846153846153847
71,RF,0.79,0.9846153846153847
71,RF,0.8,0.9846153846153847
71,RF,0.81,0.9846153846153847
71,RF,0.8200000000000001,0.9846153846153847
71,RF,0.8300000000000001,0.9846153846153847
71,RF,0.84,0.9846153846153847
71,RF,0.85,0.9846153846153847
71,RF,0.86,0.9846153846153847
71,RF,0.87,0.9846153846153847
71,RF,0.88,0.9846153846153847
71,RF,0.89,0.9846153846153847
71,RF,0.9,0.9846153846153847
71,RF,0.91,0.9846153846153847
71,RF,0.92,0.9846153846153847
71,RF,0.93,0.9846153846153847
71,RF,0.9400000000000001,0.9846153846153847
71,RF,0.9500000000000001,0.9846153846153847
71,RF,0.96,0.9846153846153847
71,RF,0.97,0.9846153846153847
71,RF,0.98,0.9846153846153847
71,RF,0.99,0.9846153846153847
71,RF,1.0,1.0
72,LR,0.0,0.4864864864864865
72,LR,0.01,0.5675675675675675
72,LR,0.02,0.7297297297297297
72,LR,0.03,0.8108108108108109
72,LR,0.04,0.8243243243243243
72,LR,0.05,0.8513513513513513
72,LR,0.06,0.8783783783783784
72,LR,0.07,0.8918918918918919
72,LR,0.08,0.8918918918918919
72,LR,0.09,0.8918918918918919
72,LR,0.1,0.8918918918918919
72,LR,0.11,0.9324324324324325
72,LR,0.12,0.9324324324324325
72,LR,0.13,0.9324324324324325
72,LR,0.14,0.9324324324324325
72,LR,0.15,0.9324324324324325
72,LR,0.16,0.9324324324324325
72,LR,0.17,0.9324324324324325
72,LR,0.18,0.9324324324324325
72,LR,0.19,0.9324324324324325
72,LR,0.2,0.9324324324324325
72,LR,0.21,0.9324324324324325
72,LR,0.22,0.9324324324324325
72,LR,0.23,0.9324324324324325
72,LR,0.24,0.9324324324324325
72,LR,0.25,0.9324324324324325
72,LR,0.26,0.9324324324324325
72,LR,0.27,0.9594594594594594
72,LR,0.28,0.9594594594594594
72,LR,0.29,0.9594594594594594
72,LR,0.3,0.9594594594594594
72,LR,0.31,0.9594594594594594
72,LR,0.32,0.9594594594594594
72,LR,0.33,0.9594594594594594
72,LR,0.34,0.9594594594594594
72,LR,0.35000000000000003,0.9594594594594594
72,LR,0.36,0.9594594594594594
72,LR,0.37,0.9594594594594594
72,LR,0.38,0.9594594594594594
72,LR,0.39,0.9594594594594594
72,LR,0.4,0.9594594594594594
72,LR,0.41000000000000003,0.9594594594594594
72,LR,0.42,0.9594594594594594
72,LR,0.43,0.972972972972973
72,LR,0.44,0.972972972972973
72,LR,0.45,0.972972972972973
72,LR,0.46,0.972972972972973
72,LR,0.47000000000000003,0.972972972972973
72,LR,0.48,0.972972972972973
72,LR,0.49,0.9864864864864865
72,LR,0.5,0.9864864864864865
72,LR,0.51,0.9864864864864865
72,LR,0.52,0.9864864864864865
72,LR,0.53,0.9864864864864865
72,LR,0.54,0.9864864864864865
72,LR,0.55,0.9864864864864865
72,LR,0.56,0.9864864864864865
72,LR,0.5700000000000001,0.9864864864864865
72,LR,0.58,1.0
72,LR,0.59,1.0
72,LR,0.6,1.0
72,LR,0.61,1.0
72,LR,0.62,1.0
72,LR,0.63,1.0
72,LR,0.64,1.0
72,LR,0.65,1.0
72,LR,0.66,1.0
72,LR,0.67,1.0
72,LR,0.68,1.0
72,LR,0.6900000000000001,1.0
72,LR,0.7000000000000001,1.0
72,LR,0.71,1.0
72,LR,0.72,1.0
72,LR,0.73,1.0
72,LR,0.74,1.0
72,LR,0.75,1.0
72,LR,0.76,1.0
72,LR,0.77,1.0
72,LR,0.78,1.0
72,LR,0.79,1.0
72,LR,0.8,1.0
72,LR,0.81,1.0
72,LR,0.8200000000000001,1.0
72,LR,0.8300000000000001,1.0
72,LR,0.84,1.0
72,LR,0.85,1.0
72,LR,0.86,1.0
72,LR,0.87,1.0
72,LR,0.88,1.0
72,LR,0.89,1.0
72,LR,0.9,1.0
72,LR,0.91,1.0
72,LR,0.92,1.0
72,LR,0.93,1.0
72,LR,0.9400000000000001,1.0
72,LR,0.9500000000000001,1.0
72,LR,0.96,1.0
72,LR,0.97,1.0
72,LR,0.98,1.0
72,LR,0.99,1.0
72,LR,1.0,1.0
72,GAM,0.0,0.5135135135135135
72,GAM,0.01,0.5675675675675675
72,GAM,0.02,0.7432432432432432
72,GAM,0.03,0.7837837837837838
72,GAM,0.04,0.8243243243243243
72,GAM,0.05,0.8918918918918919
72,GAM,0.06,0.8918918918918919
72,GAM,0.07,0.8918918918918919
72,GAM,0.08,0.8918918918918919
72,GAM,0.09,0.8918918918918919
72,GAM,0.1,0.918918918918919
72,GAM,0.11,0.918918918918919
72,GAM,0.12,0.9324324324324325
72,GAM,0.13,0.9324324324324325
72,GAM,0.14,0.9324324324324325
72,GAM,0.15,0.9324324324324325
72,GAM,0.16,0.9324324324324325
72,GAM,0.17,0.9324324324324325
72,GAM,0.18,0.9324324324324325
72,GAM,0.19,0.9324324324324325
72,GAM,0.2,0.9324324324324325
72,GAM,0.21,0.9324324324324325
72,GAM,0.22,0.9324324324324325
72,GAM,0.23,0.9324324324324325
72,GAM,0.24,0.9324324324324325
72,GAM,0.25,0.9324324324324325
72,GAM,0.26,0.9324324324324325
72,GAM,0.27,0.9459459459459459
72,GAM,0.28,0.9594594594594594
72,GAM,0.29,0.9594594594594594
72,GAM,0.3,0.9594594594594594
72,GAM,0.31,0.9594594594594594
72,GAM,0.32,0.9594594594594594
72,GAM,0.33,0.9594594594594594
72,GAM,0.34,0.9594594594594594
72,GAM,0.35000000000000003,0.9594594594594594
72,GAM,0.36,0.9594594594594594
72,GAM,0.37,0.972972972972973
72,GAM,0.38,0.972972972972973
72,GAM,0.39,0.972972972972973
72,GAM,0.4,0.972972972972973
72,GAM,0.41000000000000003,0.972972972972973
72,GAM,0.42,0.9864864864864865
72,GAM,0.43,0.9864864864864865
72,GAM,0.44,0.9864864864864865
72,GAM,0.45,0.9864864864864865
72,GAM,0.46,0.9864864864864865
72,GAM,0.47000000000000003,0.9864864864864865
72,GAM,0.48,1.0
72,GAM,0.49,1.0
72,GAM,0.5,1.0
72,GAM,0.51,1.0
72,GAM,0.52,1.0
72,GAM,0.53,1.0
72,GAM,0.54,1.0
72,GAM,0.55,1.0
72,GAM,0.56,1.0
72,GAM,0.5700000000000001,1.0
72,GAM,0.58,1.0
72,GAM,0.59,1.0
72,GAM,0.6,1.0
72,GAM,0.61,1.0
72,GAM,0.62,1.0
72,GAM,0.63,1.0
72,GAM,0.64,1.0
72,GAM,0.65,1.0
72,GAM,0.66,1.0
72,GAM,0.67,1.0
72,GAM,0.68,1.0
72,GAM,0.6900000000000001,1.0
72,GAM,0.7000000000000001,1.0
72,GAM,0.71,1.0
72,GAM,0.72,1.0
72,GAM,0.73,1.0
72,GAM,0.74,1.0
72,GAM,0.75,1.0
72,GAM,0.76,1.0
72,GAM,0.77,1.0
72,GAM,0.78,1.0
72,GAM,0.79,1.0
72,GAM,0.8,1.0
72,GAM,0.81,1.0
72,GAM,0.8200000000000001,1.0
72,GAM,0.8300000000000001,1.0
72,GAM,0.84,1.0
72,GAM,0.85,1.0
72,GAM,0.86,1.0
72,GAM,0.87,1.0
72,GAM,0.88,1.0
72,GAM,0.89,1.0
72,GAM,0.9,1.0
72,GAM,0.91,1.0
72,GAM,0.92,1.0
72,GAM,0.93,1.0
72,GAM,0.9400000000000001,1.0
72,GAM,0.9500000000000001,1.0
72,GAM,0.96,1.0
72,GAM,0.97,1.0
72,GAM,0.98,1.0
72,GAM,0.99,1.0
72,GAM,1.0,1.0
72,RF,0.0,0.581081081081081
72,RF,0.01,0.6621621621621622
72,RF,0.02,0.6756756756756757
72,RF,0.03,0.7567567567567568
72,RF,0.04,0.7702702702702703
72,RF,0.05,0.8243243243243243
72,RF,0.06,0.8378378378378378
72,RF,0.07,0.8918918918918919
72,RF,0.08,0.9054054054054054
72,RF,0.09,0.9054054054054054
72,RF,0.1,0.9324324324324325
72,RF,0.11,0.9324324324324325
72,RF,0.12,0.9459459459459459
72,RF,0.13,0.9459459459459459
72,RF,0.14,0.9459459459459459
72,RF,0.15,0.9594594594594594
72,RF,0.16,0.9594594594594594
72,RF,0.17,0.9594594594594594
72,RF,0.18,0.9594594594594594
72,RF,0.19,0.9594594594594594
72,RF,0.2,0.9594594594594594
72,RF,0.21,0.9594594594594594
72,RF,0.22,0.9594594594594594
72,RF,0.23,0.9594594594594594
72,RF,0.24,0.9594594594594594
72,RF,0.25,0.972972972972973
72,RF,0.26,0.972972972972973
72,RF,0.27,0.972972972972973
72,RF,0.28,0.972972972972973
72,RF,0.29,0.972972972972973
72,RF,0.3,0.972972972972973
72,RF,0.31,0.972972972972973
72,RF,0.32,0.9864864864864865
72,RF,0.33,0.9864864864864865
72,RF,0.34,0.9864864864864865
72,RF,0.35000000000000003,0.9864864864864865
72,RF,0.36,0.9864864864864865
72,RF,0.37,0.9864864864864865
72,RF,0.38,0.9864864864864865
72,RF,0.39,0.9864864864864865
72,RF,0.4,0.9864864864864865
72,RF,0.41000000000000003,0.9864864864864865
72,RF,0.42,0.9864864864864865
72,RF,0.43,0.9864864864864865
72,RF,0.44,0.9864864864864865
72,RF,0.45,0.9864864864864865
72,RF,0.46,0.9864864864864865
72,RF,0.47000000000000003,0.9864864864864865
72,RF,0.48,0.9864864864864865
72,RF,0.49,0.9864864864864865
72,RF,0.5,0.9864864864864865
72,RF,0.51,0.9864864864864865
72,RF,0.52,1.0
72,RF,0.53,1.0
72,RF,0.54,1.0
72,RF,0.55,1.0
72,RF,0.56,1.0
72,RF,0.5700000000000001,1.0
72,RF,0.58,1.0
72,RF,0.59,1.0
72,RF,0.6,1.0
72,RF,0.61,1.0
72,RF,0.62,1.0
72,RF,0.63,1.0
72,RF,0.64,1.0
72,RF,0.65,1.0
72,RF,0.66,1.0
72,RF,0.67,1.0
72,RF,0.68,1.0
72,RF,0.6900000000000001,1.0
72,RF,0.7000000000000001,1.0
72,RF,0.71,1.0
72,RF,0.72,1.0
72,RF,0.73,1.0
72,RF,0.74,1.0
72,RF,0.75,1.0
72,RF,0.76,1.0
72,RF,0.77,1.0
72,RF,0.78,1.0
72,RF,0.79,1.0
72,RF,0.8,1.0
72,RF,0.81,1.0
72,RF,0.8200000000000001,1.0
72,RF,0.8300000000000001,1.0
72,RF,0.84,1.0
72,RF,0.85,1.0
72,RF,0.86,1.0
72,RF,0.87,1.0
72,RF,0.88,1.0
72,RF,0.89,1.0
72,RF,0.9,1.0
72,RF,0.91,1.0
72,RF,0.92,1.0
72,RF,0.93,1.0
72,RF,0.9400000000000001,1.0
72,RF,0.9500000000000001,1.0
72,RF,0.96,1.0
72,RF,0.97,1.0
72,RF,0.98,1.0
72,RF,0.99,1.0
72,RF,1.0,1.0
73,LR,0.0,0.32857142857142857
73,LR,0.01,0.7714285714285715
73,LR,0.02,0.8285714285714286
73,LR,0.03,0.8428571428571429
73,LR,0.04,0.8571428571428571
73,LR,0.05,0.8571428571428571
73,LR,0.06,0.8571428571428571
73,LR,0.07,0.8714285714285714
73,LR,0.08,0.8857142857142857
73,LR,0.09,0.8857142857142857
73,LR,0.1,0.9
73,LR,0.11,0.9
73,LR,0.12,0.9142857142857143
73,LR,0.13,0.9142857142857143
73,LR,0.14,0.9142857142857143
73,LR,0.15,0.9142857142857143
73,LR,0.16,0.9142857142857143
73,LR,0.17,0.9142857142857143
73,LR,0.18,0.9142857142857143
73,LR,0.19,0.9142857142857143
73,LR,0.2,0.9142857142857143
73,LR,0.21,0.9142857142857143
73,LR,0.22,0.9142857142857143
73,LR,0.23,0.9285714285714286
73,LR,0.24,0.9428571428571428
73,LR,0.25,0.9428571428571428
73,LR,0.26,0.9428571428571428
73,LR,0.27,0.9428571428571428
73,LR,0.28,0.9428571428571428
73,LR,0.29,0.9428571428571428
73,LR,0.3,0.9428571428571428
73,LR,0.31,0.9428571428571428
73,LR,0.32,0.9571428571428572
73,LR,0.33,0.9571428571428572
73,LR,0.34,0.9714285714285714
73,LR,0.35000000000000003,0.9714285714285714
73,LR,0.36,0.9714285714285714
73,LR,0.37,0.9714285714285714
73,LR,0.38,0.9857142857142858
73,LR,0.39,0.9857142857142858
73,LR,0.4,0.9857142857142858
73,LR,0.41000000000000003,0.9857142857142858
73,LR,0.42,0.9857142857142858
73,LR,0.43,0.9857142857142858
73,LR,0.44,0.9857142857142858
73,LR,0.45,0.9857142857142858
73,LR,0.46,0.9857142857142858
73,LR,0.47000000000000003,0.9857142857142858
73,LR,0.48,0.9857142857142858
73,LR,0.49,0.9857142857142858
73,LR,0.5,0.9857142857142858
73,LR,0.51,0.9857142857142858
73,LR,0.52,0.9857142857142858
73,LR,0.53,0.9857142857142858
73,LR,0.54,0.9857142857142858
73,LR,0.55,1.0
73,LR,0.56,1.0
73,LR,0.5700000000000001,1.0
73,LR,0.58,1.0
73,LR,0.59,1.0
73,LR,0.6,1.0
73,LR,0.61,1.0
73,LR,0.62,1.0
73,LR,0.63,1.0
73,LR,0.64,1.0
73,LR,0.65,1.0
73,LR,0.66,1.0
73,LR,0.67,1.0
73,LR,0.68,1.0
73,LR,0.6900000000000001,1.0
73,LR,0.7000000000000001,1.0
73,LR,0.71,1.0
73,LR,0.72,1.0
73,LR,0.73,1.0
73,LR,0.74,1.0
73,LR,0.75,1.0
73,LR,0.76,1.0
73,LR,0.77,1.0
73,LR,0.78,1.0
73,LR,0.79,1.0
73,LR,0.8,1.0
73,LR,0.81,1.0
73,LR,0.8200000000000001,1.0
73,LR,0.8300000000000001,1.0
73,LR,0.84,1.0
73,LR,0.85,1.0
73,LR,0.86,1.0
73,LR,0.87,1.0
73,LR,0.88,1.0
73,LR,0.89,1.0
73,LR,0.9,1.0
73,LR,0.91,1.0
73,LR,0.92,1.0
73,LR,0.93,1.0
73,LR,0.9400000000000001,1.0
73,LR,0.9500000000000001,1.0
73,LR,0.96,1.0
73,LR,0.97,1.0
73,LR,0.98,1.0
73,LR,0.99,1.0
73,LR,1.0,1.0
73,GAM,0.0,0.34285714285714286
73,GAM,0.01,0.8
73,GAM,0.02,0.8428571428571429
73,GAM,0.03,0.8428571428571429
73,GAM,0.04,0.8857142857142857
73,GAM,0.05,0.8857142857142857
73,GAM,0.06,0.9
73,GAM,0.07,0.9
73,GAM,0.08,0.9
73,GAM,0.09,0.9
73,GAM,0.1,0.9
73,GAM,0.11,0.9
73,GAM,0.12,0.9
73,GAM,0.13,0.9
73,GAM,0.14,0.9
73,GAM,0.15,0.9
73,GAM,0.16,0.9142857142857143
73,GAM,0.17,0.9142857142857143
73,GAM,0.18,0.9285714285714286
73,GAM,0.19,0.9285714285714286
73,GAM,0.2,0.9285714285714286
73,GAM,0.21,0.9285714285714286
73,GAM,0.22,0.9285714285714286
73,GAM,0.23,0.9285714285714286
73,GAM,0.24,0.9285714285714286
73,GAM,0.25,0.9285714285714286
73,GAM,0.26,0.9285714285714286
73,GAM,0.27,0.9285714285714286
73,GAM,0.28,0.9285714285714286
73,GAM,0.29,0.9571428571428572
73,GAM,0.3,0.9857142857142858
73,GAM,0.31,0.9857142857142858
73,GAM,0.32,0.9857142857142858
73,GAM,0.33,0.9857142857142858
73,GAM,0.34,0.9857142857142858
73,GAM,0.35000000000000003,0.9857142857142858
73,GAM,0.36,0.9857142857142858
73,GAM,0.37,0.9857142857142858
73,GAM,0.38,0.9857142857142858
73,GAM,0.39,0.9857142857142858
73,GAM,0.4,0.9857142857142858
73,GAM,0.41000000000000003,0.9857142857142858
73,GAM,0.42,0.9857142857142858
73,GAM,0.43,0.9857142857142858
73,GAM,0.44,1.0
73,GAM,0.45,1.0
73,GAM,0.46,1.0
73,GAM,0.47000000000000003,1.0
73,GAM,0.48,1.0
73,GAM,0.49,1.0
73,GAM,0.5,1.0
73,GAM,0.51,1.0
73,GAM,0.52,1.0
73,GAM,0.53,1.0
73,GAM,0.54,1.0
73,GAM,0.55,1.0
73,GAM,0.56,1.0
73,GAM,0.5700000000000001,1.0
73,GAM,0.58,1.0
73,GAM,0.59,1.0
73,GAM,0.6,1.0
73,GAM,0.61,1.0
73,GAM,0.62,1.0
73,GAM,0.63,1.0
73,GAM,0.64,1.0
73,GAM,0.65,1.0
73,GAM,0.66,1.0
73,GAM,0.67,1.0
73,GAM,0.68,1.0
73,GAM,0.6900000000000001,1.0
73,GAM,0.7000000000000001,1.0
73,GAM,0.71,1.0
73,GAM,0.72,1.0
73,GAM,0.73,1.0
73,GAM,0.74,1.0
73,GAM,0.75,1.0
73,GAM,0.76,1.0
73,GAM,0.77,1.0
73,GAM,0.78,1.0
73,GAM,0.79,1.0
73,GAM,0.8,1.0
73,GAM,0.81,1.0
73,GAM,0.8200000000000001,1.0
73,GAM,0.8300000000000001,1.0
73,GAM,0.84,1.0
73,GAM,0.85,1.0
73,GAM,0.86,1.0
73,GAM,0.87,1.0
73,GAM,0.88,1.0
73,GAM,0.89,1.0
73,GAM,0.9,1.0
73,GAM,0.91,1.0
73,GAM,0.92,1.0
73,GAM,0.93,1.0
73,GAM,0.9400000000000001,1.0
73,GAM,0.9500000000000001,1.0
73,GAM,0.96,1.0
73,GAM,0.97,1.0
73,GAM,0.98,1.0
73,GAM,0.99,1.0
73,GAM,1.0,1.0
73,RF,0.0,0.21428571428571427
73,RF,0.01,0.7428571428571429
73,RF,0.02,0.8571428571428571
73,RF,0.03,0.8571428571428571
73,RF,0.04,0.8857142857142857
73,RF,0.05,0.8857142857142857
73,RF,0.06,0.9142857142857143
73,RF,0.07,0.9142857142857143
73,RF,0.08,0.9285714285714286
73,RF,0.09,0.9285714285714286
73,RF,0.1,0.9285714285714286
73,RF,0.11,0.9285714285714286
73,RF,0.12,0.9428571428571428
73,RF,0.13,0.9571428571428572
73,RF,0.14,0.9714285714285714
73,RF,0.15,0.9714285714285714
73,RF,0.16,0.9714285714285714
73,RF,0.17,0.9714285714285714
73,RF,0.18,0.9714285714285714
73,RF,0.19,0.9714285714285714
73,RF,0.2,0.9714285714285714
73,RF,0.21,0.9714285714285714
73,RF,0.22,0.9714285714285714
73,RF,0.23,0.9714285714285714
73,RF,0.24,0.9714285714285714
73,RF,0.25,0.9714285714285714
73,RF,0.26,0.9714285714285714
73,RF,0.27,0.9714285714285714
73,RF,0.28,0.9714285714285714
73,RF,0.29,0.9714285714285714
73,RF,0.3,0.9857142857142858
73,RF,0.31,0.9857142857142858
73,RF,0.32,0.9857142857142858
73,RF,0.33,0.9857142857142858
73,RF,0.34,0.9857142857142858
73,RF,0.35000000000000003,0.9857142857142858
73,RF,0.36,0.9857142857142858
73,RF,0.37,0.9857142857142858
73,RF,0.38,0.9857142857142858
73,RF,0.39,0.9857142857142858
73,RF,0.4,0.9857142857142858
73,RF,0.41000000000000003,0.9857142857142858
73,RF,0.42,0.9857142857142858
73,RF,0.43,0.9857142857142858
73,RF,0.44,0.9857142857142858
73,RF,0.45,0.9857142857142858
73,RF,0.46,0.9857142857142858
73,RF,0.47000000000000003,0.9857142857142858
73,RF,0.48,0.9857142857142858
73,RF,0.49,0.9857142857142858
73,RF,0.5,0.9857142857142858
73,RF,0.51,0.9857142857142858
73,RF,0.52,0.9857142857142858
73,RF,0.53,0.9857142857142858
73,RF,0.54,1.0
73,RF,0.55,1.0
73,RF,0.56,1.0
73,RF,0.5700000000000001,1.0
73,RF,0.58,1.0
73,RF,0.59,1.0
73,RF,0.6,1.0
73,RF,0.61,1.0
73,RF,0.62,1.0
73,RF,0.63,1.0
73,RF,0.64,1.0
73,RF,0.65,1.0
73,RF,0.66,1.0
73,RF,0.67,1.0
73,RF,0.68,1.0
73,RF,0.6900000000000001,1.0
73,RF,0.7000000000000001,1.0
73,RF,0.71,1.0
73,RF,0.72,1.0
73,RF,0.73,1.0
73,RF,0.74,1.0
73,RF,0.75,1.0
73,RF,0.76,1.0
73,RF,0.77,1.0
73,RF,0.78,1.0
73,RF,0.79,1.0
73,RF,0.8,1.0
73,RF,0.81,1.0
73,RF,0.8200000000000001,1.0
73,RF,0.8300000000000001,1.0
73,RF,0.84,1.0
73,RF,0.85,1.0
73,RF,0.86,1.0
73,RF,0.87,1.0
73,RF,0.88,1.0
73,RF,0.89,1.0
73,RF,0.9,1.0
73,RF,0.91,1.0
73,RF,0.92,1.0
73,RF,0.93,1.0
73,RF,0.9400000000000001,1.0
73,RF,0.9500000000000001,1.0
73,RF,0.96,1.0
73,RF,0.97,1.0
73,RF,0.98,1.0
73,RF,0.99,1.0
73,RF,1.0,1.0
74,LR,0.0,0.2839506172839506
74,LR,0.01,0.5061728395061729
74,LR,0.02,0.5555555555555556
74,LR,0.03,0.8395061728395061
74,LR,0.04,0.8395061728395061
74,LR,0.05,0.8518518518518519
74,LR,0.06,0.9012345679012346
74,LR,0.07,0.9135802469135802
74,LR,0.08,0.9259259259259259
74,LR,0.09,0.9259259259259259
74,LR,0.1,0.9259259259259259
74,LR,0.11,0.9506172839506173
74,LR,0.12,0.9506172839506173
74,LR,0.13,0.9506172839506173
74,LR,0.14,0.9629629629629629
74,LR,0.15,0.9629629629629629
74,LR,0.16,0.9629629629629629
74,LR,0.17,0.9629629629629629
74,LR,0.18,0.9629629629629629
74,LR,0.19,0.9753086419753086
74,LR,0.2,0.9753086419753086
74,LR,0.21,0.9753086419753086
74,LR,0.22,0.9753086419753086
74,LR,0.23,0.9753086419753086
74,LR,0.24,0.9753086419753086
74,LR,0.25,0.9753086419753086
74,LR,0.26,0.9753086419753086
74,LR,0.27,0.9753086419753086
74,LR,0.28,0.9753086419753086
74,LR,0.29,0.9753086419753086
74,LR,0.3,0.9753086419753086
74,LR,0.31,0.9753086419753086
74,LR,0.32,0.9753086419753086
74,LR,0.33,0.9753086419753086
74,LR,0.34,0.9753086419753086
74,LR,0.35000000000000003,0.9753086419753086
74,LR,0.36,0.9753086419753086
74,LR,0.37,0.9753086419753086
74,LR,0.38,0.9876543209876543
74,LR,0.39,0.9876543209876543
74,LR,0.4,0.9876543209876543
74,LR,0.41000000000000003,0.9876543209876543
74,LR,0.42,0.9876543209876543
74,LR,0.43,0.9876543209876543
74,LR,0.44,0.9876543209876543
74,LR,0.45,0.9876543209876543
74,LR,0.46,0.9876543209876543
74,LR,0.47000000000000003,0.9876543209876543
74,LR,0.48,1.0
74,LR,0.49,1.0
74,LR,0.5,1.0
74,LR,0.51,1.0
74,LR,0.52,1.0
74,LR,0.53,1.0
74,LR,0.54,1.0
74,LR,0.55,1.0
74,LR,0.56,1.0
74,LR,0.5700000000000001,1.0
74,LR,0.58,1.0
74,LR,0.59,1.0
74,LR,0.6,1.0
74,LR,0.61,1.0
74,LR,0.62,1.0
74,LR,0.63,1.0
74,LR,0.64,1.0
74,LR,0.65,1.0
74,LR,0.66,1.0
74,LR,0.67,1.0
74,LR,0.68,1.0
74,LR,0.6900000000000001,1.0
74,LR,0.7000000000000001,1.0
74,LR,0.71,1.0
74,LR,0.72,1.0
74,LR,0.73,1.0
74,LR,0.74,1.0
74,LR,0.75,1.0
74,LR,0.76,1.0
74,LR,0.77,1.0
74,LR,0.78,1.0
74,LR,0.79,1.0
74,LR,0.8,1.0
74,LR,0.81,1.0
74,LR,0.8200000000000001,1.0
74,LR,0.8300000000000001,1.0
74,LR,0.84,1.0
74,LR,0.85,1.0
74,LR,0.86,1.0
74,LR,0.87,1.0
74,LR,0.88,1.0
74,LR,0.89,1.0
74,LR,0.9,1.0
74,LR,0.91,1.0
74,LR,0.92,1.0
74,LR,0.93,1.0
74,LR,0.9400000000000001,1.0
74,LR,0.9500000000000001,1.0
74,LR,0.96,1.0
74,LR,0.97,1.0
74,LR,0.98,1.0
74,LR,0.99,1.0
74,LR,1.0,1.0
74,GAM,0.0,0.48148148148148145
74,GAM,0.01,0.6172839506172839
74,GAM,0.02,0.6666666666666666
74,GAM,0.03,0.8024691358024691
74,GAM,0.04,0.8395061728395061
74,GAM,0.05,0.8765432098765432
74,GAM,0.06,0.8765432098765432
74,GAM,0.07,0.8888888888888888
74,GAM,0.08,0.9135802469135802
74,GAM,0.09,0.9135802469135802
74,GAM,0.1,0.9382716049382716
74,GAM,0.11,0.9382716049382716
74,GAM,0.12,0.9382716049382716
74,GAM,0.13,0.9629629629629629
74,GAM,0.14,0.9629629629629629
74,GAM,0.15,0.9753086419753086
74,GAM,0.16,0.9753086419753086
74,GAM,0.17,0.9753086419753086
74,GAM,0.18,0.9753086419753086
74,GAM,0.19,0.9753086419753086
74,GAM,0.2,0.9753086419753086
74,GAM,0.21,0.9753086419753086
74,GAM,0.22,0.9753086419753086
74,GAM,0.23,0.9753086419753086
74,GAM,0.24,0.9753086419753086
74,GAM,0.25,0.9753086419753086
74,GAM,0.26,0.9753086419753086
74,GAM,0.27,0.9753086419753086
74,GAM,0.28,0.9753086419753086
74,GAM,0.29,0.9753086419753086
74,GAM,0.3,0.9753086419753086
74,GAM,0.31,0.9753086419753086
74,GAM,0.32,0.9876543209876543
74,GAM,0.33,0.9876543209876543
74,GAM,0.34,0.9876543209876543
74,GAM,0.35000000000000003,0.9876543209876543
74,GAM,0.36,0.9876543209876543
74,GAM,0.37,0.9876543209876543
74,GAM,0.38,1.0
74,GAM,0.39,1.0
74,GAM,0.4,1.0
74,GAM,0.41000000000000003,1.0
74,GAM,0.42,1.0
74,GAM,0.43,1.0
74,GAM,0.44,1.0
74,GAM,0.45,1.0
74,GAM,0.46,1.0
74,GAM,0.47000000000000003,1.0
74,GAM,0.48,1.0
74,GAM,0.49,1.0
74,GAM,0.5,1.0
74,GAM,0.51,1.0
74,GAM,0.52,1.0
74,GAM,0.53,1.0
74,GAM,0.54,1.0
74,GAM,0.55,1.0
74,GAM,0.56,1.0
74,GAM,0.5700000000000001,1.0
74,GAM,0.58,1.0
74,GAM,0.59,1.0
74,GAM,0.6,1.0
74,GAM,0.61,1.0
74,GAM,0.62,1.0
74,GAM,0.63,1.0
74,GAM,0.64,1.0
74,GAM,0.65,1.0
74,GAM,0.66,1.0
74,GAM,0.67,1.0
74,GAM,0.68,1.0
74,GAM,0.6900000000000001,1.0
74,GAM,0.7000000000000001,1.0
74,GAM,0.71,1.0
74,GAM,0.72,1.0
74,GAM,0.73,1.0
74,GAM,0.74,1.0
74,GAM,0.75,1.0
74,GAM,0.76,1.0
74,GAM,0.77,1.0
74,GAM,0.78,1.0
74,GAM,0.79,1.0
74,GAM,0.8,1.0
74,GAM,0.81,1.0
74,GAM,0.8200000000000001,1.0
74,GAM,0.8300000000000001,1.0
74,GAM,0.84,1.0
74,GAM,0.85,1.0
74,GAM,0.86,1.0
74,GAM,0.87,1.0
74,GAM,0.88,1.0
74,GAM,0.89,1.0
74,GAM,0.9,1.0
74,GAM,0.91,1.0
74,GAM,0.92,1.0
74,GAM,0.93,1.0
74,GAM,0.9400000000000001,1.0
74,GAM,0.9500000000000001,1.0
74,GAM,0.96,1.0
74,GAM,0.97,1.0
74,GAM,0.98,1.0
74,GAM,0.99,1.0
74,GAM,1.0,1.0
74,RF,0.0,0.7901234567901234
74,RF,0.01,0.8148148148148148
74,RF,0.02,0.8641975308641975
74,RF,0.03,0.8765432098765432
74,RF,0.04,0.8765432098765432
74,RF,0.05,0.8765432098765432
74,RF,0.06,0.9012345679012346
74,RF,0.07,0.9012345679012346
74,RF,0.08,0.9012345679012346
74,RF,0.09,0.9012345679012346
74,RF,0.1,0.9135802469135802
74,RF,0.11,0.9135802469135802
74,RF,0.12,0.9135802469135802
74,RF,0.13,0.9135802469135802
74,RF,0.14,0.9259259259259259
74,RF,0.15,0.9506172839506173
74,RF,0.16,0.9506172839506173
74,RF,0.17,0.9506172839506173
74,RF,0.18,0.9506172839506173
74,RF,0.19,0.9506172839506173
74,RF,0.2,0.9506172839506173
74,RF,0.21,0.9506172839506173
74,RF,0.22,0.9506172839506173
74,RF,0.23,0.9506172839506173
74,RF,0.24,0.9629629629629629
74,RF,0.25,0.9629629629629629
74,RF,0.26,0.9629629629629629
74,RF,0.27,0.9753086419753086
74,RF,0.28,0.9876543209876543
74,RF,0.29,0.9876543209876543
74,RF,0.3,0.9876543209876543
74,RF,0.31,0.9876543209876543
74,RF,0.32,0.9876543209876543
74,RF,0.33,0.9876543209876543
74,RF,0.34,0.9876543209876543
74,RF,0.35000000000000003,0.9876543209876543
74,RF,0.36,0.9876543209876543
74,RF,0.37,0.9876543209876543
74,RF,0.38,0.9876543209876543
74,RF,0.39,0.9876543209876543
74,RF,0.4,0.9876543209876543
74,RF,0.41000000000000003,0.9876543209876543
74,RF,0.42,0.9876543209876543
74,RF,0.43,0.9876543209876543
74,RF,0.44,0.9876543209876543
74,RF,0.45,0.9876543209876543
74,RF,0.46,0.9876543209876543
74,RF,0.47000000000000003,0.9876543209876543
74,RF,0.48,0.9876543209876543
74,RF,0.49,0.9876543209876543
74,RF,0.5,0.9876543209876543
74,RF,0.51,0.9876543209876543
74,RF,0.52,0.9876543209876543
74,RF,0.53,0.9876543209876543
74,RF,0.54,0.9876543209876543
74,RF,0.55,0.9876543209876543
74,RF,0.56,1.0
74,RF,0.5700000000000001,1.0
74,RF,0.58,1.0
74,RF,0.59,1.0
74,RF,0.6,1.0
74,RF,0.61,1.0
74,RF,0.62,1.0
74,RF,0.63,1.0
74,RF,0.64,1.0
74,RF,0.65,1.0
74,RF,0.66,1.0
74,RF,0.67,1.0
74,RF,0.68,1.0
74,RF,0.6900000000000001,1.0
74,RF,0.7000000000000001,1.0
74,RF,0.71,1.0
74,RF,0.72,1.0
74,RF,0.73,1.0
74,RF,0.74,1.0
74,RF,0.75,1.0
74,RF,0.76,1.0
74,RF,0.77,1.0
74,RF,0.78,1.0
74,RF,0.79,1.0
74,RF,0.8,1.0
74,RF,0.81,1.0
74,RF,0.8200000000000001,1.0
74,RF,0.8300000000000001,1.0
74,RF,0.84,1.0
74,RF,0.85,1.0
74,RF,0.86,1.0
74,RF,0.87,1.0
74,RF,0.88,1.0
74,RF,0.89,1.0
74,RF,0.9,1.0
74,RF,0.91,1.0
74,RF,0.92,1.0
74,RF,0.93,1.0
74,RF,0.9400000000000001,1.0
74,RF,0.9500000000000001,1.0
74,RF,0.96,1.0
74,RF,0.97,1.0
74,RF,0.98,1.0
74,RF,0.99,1.0
74,RF,1.0,1.0
75,LR,0.0,0.42424242424242425
75,LR,0.01,0.6818181818181818
75,LR,0.02,0.8333333333333334
75,LR,0.03,0.8787878787878788
75,LR,0.04,0.8939393939393939
75,LR,0.05,0.9242424242424242
75,LR,0.06,0.9242424242424242
75,LR,0.07,0.9242424242424242
75,LR,0.08,0.9393939393939394
75,LR,0.09,0.9545454545454546
75,LR,0.1,0.9848484848484849
75,LR,0.11,0.9848484848484849
75,LR,0.12,0.9848484848484849
75,LR,0.13,0.9848484848484849
75,LR,0.14,0.9848484848484849
75,LR,0.15,0.9848484848484849
75,LR,0.16,0.9848484848484849
75,LR,0.17,0.9848484848484849
75,LR,0.18,0.9848484848484849
75,LR,0.19,0.9848484848484849
75,LR,0.2,0.9848484848484849
75,LR,0.21,0.9848484848484849
75,LR,0.22,0.9848484848484849
75,LR,0.23,0.9848484848484849
75,LR,0.24,0.9848484848484849
75,LR,0.25,0.9848484848484849
75,LR,0.26,0.9848484848484849
75,LR,0.27,0.9848484848484849
75,LR,0.28,0.9848484848484849
75,LR,0.29,0.9848484848484849
75,LR,0.3,0.9848484848484849
75,LR,0.31,0.9848484848484849
75,LR,0.32,0.9848484848484849
75,LR,0.33,0.9848484848484849
75,LR,0.34,0.9848484848484849
75,LR,0.35000000000000003,0.9848484848484849
75,LR,0.36,0.9848484848484849
75,LR,0.37,0.9848484848484849
75,LR,0.38,1.0
75,LR,0.39,1.0
75,LR,0.4,1.0
75,LR,0.41000000000000003,1.0
75,LR,0.42,1.0
75,LR,0.43,1.0
75,LR,0.44,1.0
75,LR,0.45,1.0
75,LR,0.46,1.0
75,LR,0.47000000000000003,1.0
75,LR,0.48,1.0
75,LR,0.49,1.0
75,LR,0.5,1.0
75,LR,0.51,1.0
75,LR,0.52,1.0
75,LR,0.53,1.0
75,LR,0.54,1.0
75,LR,0.55,1.0
75,LR,0.56,1.0
75,LR,0.5700000000000001,1.0
75,LR,0.58,1.0
75,LR,0.59,1.0
75,LR,0.6,1.0
75,LR,0.61,1.0
75,LR,0.62,1.0
75,LR,0.63,1.0
75,LR,0.64,1.0
75,LR,0.65,1.0
75,LR,0.66,1.0
75,LR,0.67,1.0
75,LR,0.68,1.0
75,LR,0.6900000000000001,1.0
75,LR,0.7000000000000001,1.0
75,LR,0.71,1.0
75,LR,0.72,1.0
75,LR,0.73,1.0
75,LR,0.74,1.0
75,LR,0.75,1.0
75,LR,0.76,1.0
75,LR,0.77,1.0
75,LR,0.78,1.0
75,LR,0.79,1.0
75,LR,0.8,1.0
75,LR,0.81,1.0
75,LR,0.8200000000000001,1.0
75,LR,0.8300000000000001,1.0
75,LR,0.84,1.0
75,LR,0.85,1.0
75,LR,0.86,1.0
75,LR,0.87,1.0
75,LR,0.88,1.0
75,LR,0.89,1.0
75,LR,0.9,1.0
75,LR,0.91,1.0
75,LR,0.92,1.0
75,LR,0.93,1.0
75,LR,0.9400000000000001,1.0
75,LR,0.9500000000000001,1.0
75,LR,0.96,1.0
75,LR,0.97,1.0
75,LR,0.98,1.0
75,LR,0.99,1.0
75,LR,1.0,1.0
75,GAM,0.0,0.45454545454545453
75,GAM,0.01,0.696969696969697
75,GAM,0.02,0.803030303030303
75,GAM,0.03,0.8181818181818182
75,GAM,0.04,0.8939393939393939
75,GAM,0.05,0.9242424242424242
75,GAM,0.06,0.9242424242424242
75,GAM,0.07,0.9393939393939394
75,GAM,0.08,0.9545454545454546
75,GAM,0.09,0.9545454545454546
75,GAM,0.1,0.9696969696969697
75,GAM,0.11,0.9696969696969697
75,GAM,0.12,0.9848484848484849
75,GAM,0.13,0.9848484848484849
75,GAM,0.14,0.9848484848484849
75,GAM,0.15,0.9848484848484849
75,GAM,0.16,0.9848484848484849
75,GAM,0.17,0.9848484848484849
75,GAM,0.18,0.9848484848484849
75,GAM,0.19,0.9848484848484849
75,GAM,0.2,0.9848484848484849
75,GAM,0.21,0.9848484848484849
75,GAM,0.22,0.9848484848484849
75,GAM,0.23,0.9848484848484849
75,GAM,0.24,0.9848484848484849
75,GAM,0.25,1.0
75,GAM,0.26,1.0
75,GAM,0.27,1.0
75,GAM,0.28,1.0
75,GAM,0.29,1.0
75,GAM,0.3,1.0
75,GAM,0.31,1.0
75,GAM,0.32,1.0
75,GAM,0.33,1.0
75,GAM,0.34,1.0
75,GAM,0.35000000000000003,1.0
75,GAM,0.36,1.0
75,GAM,0.37,1.0
75,GAM,0.38,1.0
75,GAM,0.39,1.0
75,GAM,0.4,1.0
75,GAM,0.41000000000000003,1.0
75,GAM,0.42,1.0
75,GAM,0.43,1.0
75,GAM,0.44,1.0
75,GAM,0.45,1.0
75,GAM,0.46,1.0
75,GAM,0.47000000000000003,1.0
75,GAM,0.48,1.0
75,GAM,0.49,1.0
75,GAM,0.5,1.0
75,GAM,0.51,1.0
75,GAM,0.52,1.0
75,GAM,0.53,1.0
75,GAM,0.54,1.0
75,GAM,0.55,1.0
75,GAM,0.56,1.0
75,GAM,0.5700000000000001,1.0
75,GAM,0.58,1.0
75,GAM,0.59,1.0
75,GAM,0.6,1.0
75,GAM,0.61,1.0
75,GAM,0.62,1.0
75,GAM,0.63,1.0
75,GAM,0.64,1.0
75,GAM,0.65,1.0
75,GAM,0.66,1.0
75,GAM,0.67,1.0
75,GAM,0.68,1.0
75,GAM,0.6900000000000001,1.0
75,GAM,0.7000000000000001,1.0
75,GAM,0.71,1.0
75,GAM,0.72,1.0
75,GAM,0.73,1.0
75,GAM,0.74,1.0
75,GAM,0.75,1.0
75,GAM,0.76,1.0
75,GAM,0.77,1.0
75,GAM,0.78,1.0
75,GAM,0.79,1.0
75,GAM,0.8,1.0
75,GAM,0.81,1.0
75,GAM,0.8200000000000001,1.0
75,GAM,0.8300000000000001,1.0
75,GAM,0.84,1.0
75,GAM,0.85,1.0
75,GAM,0.86,1.0
75,GAM,0.87,1.0
75,GAM,0.88,1.0
75,GAM,0.89,1.0
75,GAM,0.9,1.0
75,GAM,0.91,1.0
75,GAM,0.92,1.0
75,GAM,0.93,1.0
75,GAM,0.9400000000000001,1.0
75,GAM,0.9500000000000001,1.0
75,GAM,0.96,1.0
75,GAM,0.97,1.0
75,GAM,0.98,1.0
75,GAM,0.99,1.0
75,GAM,1.0,1.0
75,RF,0.0,0.8636363636363636
75,RF,0.01,0.8636363636363636
75,RF,0.02,0.8787878787878788
75,RF,0.03,0.8787878787878788
75,RF,0.04,0.8787878787878788
75,RF,0.05,0.9090909090909091
75,RF,0.06,0.9242424242424242
75,RF,0.07,0.9545454545454546
75,RF,0.08,0.9848484848484849
75,RF,0.09,0.9848484848484849
75,RF,0.1,0.9848484848484849
75,RF,0.11,0.9848484848484849
75,RF,0.12,1.0
75,RF,0.13,1.0
75,RF,0.14,1.0
75,RF,0.15,1.0
75,RF,0.16,1.0
75,RF,0.17,1.0
75,RF,0.18,1.0
75,RF,0.19,1.0
75,RF,0.2,1.0
75,RF,0.21,1.0
75,RF,0.22,1.0
75,RF,0.23,1.0
75,RF,0.24,1.0
75,RF,0.25,1.0
75,RF,0.26,1.0
75,RF,0.27,1.0
75,RF,0.28,1.0
75,RF,0.29,1.0
75,RF,0.3,1.0
75,RF,0.31,1.0
75,RF,0.32,1.0
75,RF,0.33,1.0
75,RF,0.34,1.0
75,RF,0.35000000000000003,1.0
75,RF,0.36,1.0
75,RF,0.37,1.0
75,RF,0.38,1.0
75,RF,0.39,1.0
75,RF,0.4,1.0
75,RF,0.41000000000000003,1.0
75,RF,0.42,1.0
75,RF,0.43,1.0
75,RF,0.44,1.0
75,RF,0.45,1.0
75,RF,0.46,1.0
75,RF,0.47000000000000003,1.0
75,RF,0.48,1.0
75,RF,0.49,1.0
75,RF,0.5,1.0
75,RF,0.51,1.0
75,RF,0.52,1.0
75,RF,0.53,1.0
75,RF,0.54,1.0
75,RF,0.55,1.0
75,RF,0.56,1.0
75,RF,0.5700000000000001,1.0
75,RF,0.58,1.0
75,RF,0.59,1.0
75,RF,0.6,1.0
75,RF,0.61,1.0
75,RF,0.62,1.0
75,RF,0.63,1.0
75,RF,0.64,1.0
75,RF,0.65,1.0
75,RF,0.66,1.0
75,RF,0.67,1.0
75,RF,0.68,1.0
75,RF,0.6900000000000001,1.0
75,RF,0.7000000000000001,1.0
75,RF,0.71,1.0
75,RF,0.72,1.0
75,RF,0.73,1.0
75,RF,0.74,1.0
75,RF,0.75,1.0
75,RF,0.76,1.0
75,RF,0.77,1.0
75,RF,0.78,1.0
75,RF,0.79,1.0
75,RF,0.8,1.0
75,RF,0.81,1.0
75,RF,0.8200000000000001,1.0
75,RF,0.8300000000000001,1.0
75,RF,0.84,1.0
75,RF,0.85,1.0
75,RF,0.86,1.0
75,RF,0.87,1.0
75,RF,0.88,1.0
75,RF,0.89,1.0
75,RF,0.9,1.0
75,RF,0.91,1.0
75,RF,0.92,1.0
75,RF,0.93,1.0
75,RF,0.9400000000000001,1.0
75,RF,0.9500000000000001,1.0
75,RF,0.96,1.0
75,RF,0.97,1.0
75,RF,0.98,1.0
75,RF,0.99,1.0
75,RF,1.0,1.0
76,LR,0.0,0.1891891891891892
76,LR,0.01,0.43243243243243246
76,LR,0.02,0.5540540540540541
76,LR,0.03,0.7162162162162162
76,LR,0.04,0.7567567567567568
76,LR,0.05,0.7837837837837838
76,LR,0.06,0.7837837837837838
76,LR,0.07,0.7837837837837838
76,LR,0.08,0.7972972972972973
76,LR,0.09,0.8108108108108109
76,LR,0.1,0.8108108108108109
76,LR,0.11,0.8378378378378378
76,LR,0.12,0.8378378378378378
76,LR,0.13,0.8378378378378378
76,LR,0.14,0.8378378378378378
76,LR,0.15,0.8513513513513513
76,LR,0.16,0.8648648648648649
76,LR,0.17,0.8648648648648649
76,LR,0.18,0.8648648648648649
76,LR,0.19,0.8783783783783784
76,LR,0.2,0.8783783783783784
76,LR,0.21,0.8783783783783784
76,LR,0.22,0.8783783783783784
76,LR,0.23,0.8783783783783784
76,LR,0.24,0.8783783783783784
76,LR,0.25,0.8783783783783784
76,LR,0.26,0.8783783783783784
76,LR,0.27,0.8918918918918919
76,LR,0.28,0.8918918918918919
76,LR,0.29,0.8918918918918919
76,LR,0.3,0.8918918918918919
76,LR,0.31,0.8918918918918919
76,LR,0.32,0.8918918918918919
76,LR,0.33,0.8918918918918919
76,LR,0.34,0.8918918918918919
76,LR,0.35000000000000003,0.8918918918918919
76,LR,0.36,0.8918918918918919
76,LR,0.37,0.9054054054054054
76,LR,0.38,0.9054054054054054
76,LR,0.39,0.9054054054054054
76,LR,0.4,0.918918918918919
76,LR,0.41000000000000003,0.918918918918919
76,LR,0.42,0.918918918918919
76,LR,0.43,0.918918918918919
76,LR,0.44,0.918918918918919
76,LR,0.45,0.918918918918919
76,LR,0.46,0.918918918918919
76,LR,0.47000000000000003,0.918918918918919
76,LR,0.48,0.918918918918919
76,LR,0.49,0.9324324324324325
76,LR,0.5,0.9459459459459459
76,LR,0.51,0.9459459459459459
76,LR,0.52,0.9594594594594594
76,LR,0.53,0.9594594594594594
76,LR,0.54,0.9594594594594594
76,LR,0.55,0.9594594594594594
76,LR,0.56,0.9594594594594594
76,LR,0.5700000000000001,0.9594594594594594
76,LR,0.58,0.9594594594594594
76,LR,0.59,0.9594594594594594
76,LR,0.6,0.9594594594594594
76,LR,0.61,0.9594594594594594
76,LR,0.62,0.9594594594594594
76,LR,0.63,0.9594594594594594
76,LR,0.64,0.9594594594594594
76,LR,0.65,0.9594594594594594
76,LR,0.66,0.9594594594594594
76,LR,0.67,0.9594594594594594
76,LR,0.68,0.9594594594594594
76,LR,0.6900000000000001,0.9594594594594594
76,LR,0.7000000000000001,0.972972972972973
76,LR,0.71,0.972972972972973
76,LR,0.72,0.972972972972973
76,LR,0.73,0.972972972972973
76,LR,0.74,0.972972972972973
76,LR,0.75,0.972972972972973
76,LR,0.76,0.972972972972973
76,LR,0.77,0.972972972972973
76,LR,0.78,0.9864864864864865
76,LR,0.79,0.9864864864864865
76,LR,0.8,0.9864864864864865
76,LR,0.81,0.9864864864864865
76,LR,0.8200000000000001,0.9864864864864865
76,LR,0.8300000000000001,0.9864864864864865
76,LR,0.84,0.9864864864864865
76,LR,0.85,0.9864864864864865
76,LR,0.86,0.9864864864864865
76,LR,0.87,1.0
76,LR,0.88,1.0
76,LR,0.89,1.0
76,LR,0.9,1.0
76,LR,0.91,1.0
76,LR,0.92,1.0
76,LR,0.93,1.0
76,LR,0.9400000000000001,1.0
76,LR,0.9500000000000001,1.0
76,LR,0.96,1.0
76,LR,0.97,1.0
76,LR,0.98,1.0
76,LR,0.99,1.0
76,LR,1.0,1.0
76,GAM,0.0,0.2972972972972973
76,GAM,0.01,0.4189189189189189
76,GAM,0.02,0.581081081081081
76,GAM,0.03,0.7567567567567568
76,GAM,0.04,0.7702702702702703
76,GAM,0.05,0.7702702702702703
76,GAM,0.06,0.7702702702702703
76,GAM,0.07,0.7837837837837838
76,GAM,0.08,0.7972972972972973
76,GAM,0.09,0.7972972972972973
76,GAM,0.1,0.8378378378378378
76,GAM,0.11,0.8513513513513513
76,GAM,0.12,0.8513513513513513
76,GAM,0.13,0.8513513513513513
76,GAM,0.14,0.8513513513513513
76,GAM,0.15,0.8513513513513513
76,GAM,0.16,0.8648648648648649
76,GAM,0.17,0.8648648648648649
76,GAM,0.18,0.8783783783783784
76,GAM,0.19,0.8783783783783784
76,GAM,0.2,0.8783783783783784
76,GAM,0.21,0.8783783783783784
76,GAM,0.22,0.8783783783783784
76,GAM,0.23,0.8783783783783784
76,GAM,0.24,0.8783783783783784
76,GAM,0.25,0.8783783783783784
76,GAM,0.26,0.8783783783783784
76,GAM,0.27,0.8783783783783784
76,GAM,0.28,0.8783783783783784
76,GAM,0.29,0.9054054054054054
76,GAM,0.3,0.9054054054054054
76,GAM,0.31,0.9054054054054054
76,GAM,0.32,0.9054054054054054
76,GAM,0.33,0.9054054054054054
76,GAM,0.34,0.9054054054054054
76,GAM,0.35000000000000003,0.9054054054054054
76,GAM,0.36,0.9054054054054054
76,GAM,0.37,0.918918918918919
76,GAM,0.38,0.918918918918919
76,GAM,0.39,0.918918918918919
76,GAM,0.4,0.918918918918919
76,GAM,0.41000000000000003,0.918918918918919
76,GAM,0.42,0.9324324324324325
76,GAM,0.43,0.9324324324324325
76,GAM,0.44,0.9594594594594594
76,GAM,0.45,0.9594594594594594
76,GAM,0.46,0.9594594594594594
76,GAM,0.47000000000000003,0.9594594594594594
76,GAM,0.48,0.9594594594594594
76,GAM,0.49,0.9594594594594594
76,GAM,0.5,0.9594594594594594
76,GAM,0.51,0.9594594594594594
76,GAM,0.52,0.9594594594594594
76,GAM,0.53,0.9594594594594594
76,GAM,0.54,0.9594594594594594
76,GAM,0.55,0.9594594594594594
76,GAM,0.56,0.9594594594594594
76,GAM,0.5700000000000001,0.9594594594594594
76,GAM,0.58,0.9594594594594594
76,GAM,0.59,0.9594594594594594
76,GAM,0.6,0.9594594594594594
76,GAM,0.61,0.972972972972973
76,GAM,0.62,0.972972972972973
76,GAM,0.63,0.972972972972973
76,GAM,0.64,0.972972972972973
76,GAM,0.65,0.972972972972973
76,GAM,0.66,0.972972972972973
76,GAM,0.67,0.972972972972973
76,GAM,0.68,0.972972972972973
76,GAM,0.6900000000000001,0.972972972972973
76,GAM,0.7000000000000001,0.972972972972973
76,GAM,0.71,0.972972972972973
76,GAM,0.72,0.972972972972973
76,GAM,0.73,0.972972972972973
76,GAM,0.74,0.972972972972973
76,GAM,0.75,0.972972972972973
76,GAM,0.76,0.972972972972973
76,GAM,0.77,0.972972972972973
76,GAM,0.78,0.972972972972973
76,GAM,0.79,0.9864864864864865
76,GAM,0.8,0.9864864864864865
76,GAM,0.81,0.9864864864864865
76,GAM,0.8200000000000001,0.9864864864864865
76,GAM,0.8300000000000001,1.0
76,GAM,0.84,1.0
76,GAM,0.85,1.0
76,GAM,0.86,1.0
76,GAM,0.87,1.0
76,GAM,0.88,1.0
76,GAM,0.89,1.0
76,GAM,0.9,1.0
76,GAM,0.91,1.0
76,GAM,0.92,1.0
76,GAM,0.93,1.0
76,GAM,0.9400000000000001,1.0
76,GAM,0.9500000000000001,1.0
76,GAM,0.96,1.0
76,GAM,0.97,1.0
76,GAM,0.98,1.0
76,GAM,0.99,1.0
76,GAM,1.0,1.0
76,RF,0.0,0.5
76,RF,0.01,0.5
76,RF,0.02,0.5135135135135135
76,RF,0.03,0.6756756756756757
76,RF,0.04,0.7027027027027027
76,RF,0.05,0.7972972972972973
76,RF,0.06,0.8108108108108109
76,RF,0.07,0.8108108108108109
76,RF,0.08,0.8243243243243243
76,RF,0.09,0.8648648648648649
76,RF,0.1,0.8783783783783784
76,RF,0.11,0.8783783783783784
76,RF,0.12,0.8783783783783784
76,RF,0.13,0.8783783783783784
76,RF,0.14,0.8918918918918919
76,RF,0.15,0.8918918918918919
76,RF,0.16,0.9459459459459459
76,RF,0.17,0.9459459459459459
76,RF,0.18,0.9459459459459459
76,RF,0.19,0.9459459459459459
76,RF,0.2,0.9459459459459459
76,RF,0.21,0.9459459459459459
76,RF,0.22,0.9459459459459459
76,RF,0.23,0.9459459459459459
76,RF,0.24,0.9459459459459459
76,RF,0.25,0.9459459459459459
76,RF,0.26,0.9459459459459459
76,RF,0.27,0.9459459459459459
76,RF,0.28,0.9459459459459459
76,RF,0.29,0.9459459459459459
76,RF,0.3,0.9459459459459459
76,RF,0.31,0.9594594594594594
76,RF,0.32,0.9594594594594594
76,RF,0.33,0.9594594594594594
76,RF,0.34,0.9594594594594594
76,RF,0.35000000000000003,0.9594594594594594
76,RF,0.36,0.9594594594594594
76,RF,0.37,0.9594594594594594
76,RF,0.38,0.9594594594594594
76,RF,0.39,0.9594594594594594
76,RF,0.4,0.9594594594594594
76,RF,0.41000000000000003,0.9594594594594594
76,RF,0.42,0.9594594594594594
76,RF,0.43,0.9594594594594594
76,RF,0.44,0.972972972972973
76,RF,0.45,0.972972972972973
76,RF,0.46,0.972972972972973
76,RF,0.47000000000000003,0.972972972972973
76,RF,0.48,0.972972972972973
76,RF,0.49,0.972972972972973
76,RF,0.5,0.972972972972973
76,RF,0.51,0.972972972972973
76,RF,0.52,0.972972972972973
76,RF,0.53,0.972972972972973
76,RF,0.54,0.972972972972973
76,RF,0.55,0.972972972972973
76,RF,0.56,0.972972972972973
76,RF,0.5700000000000001,0.972972972972973
76,RF,0.58,0.972972972972973
76,RF,0.59,0.972972972972973
76,RF,0.6,0.972972972972973
76,RF,0.61,0.972972972972973
76,RF,0.62,0.972972972972973
76,RF,0.63,0.972972972972973
76,RF,0.64,0.972972972972973
76,RF,0.65,0.972972972972973
76,RF,0.66,0.972972972972973
76,RF,0.67,0.972972972972973
76,RF,0.68,0.972972972972973
76,RF,0.6900000000000001,0.972972972972973
76,RF,0.7000000000000001,0.972972972972973
76,RF,0.71,0.972972972972973
76,RF,0.72,0.972972972972973
76,RF,0.73,0.972972972972973
76,RF,0.74,0.972972972972973
76,RF,0.75,0.972972972972973
76,RF,0.76,0.972972972972973
76,RF,0.77,0.972972972972973
76,RF,0.78,0.972972972972973
76,RF,0.79,0.972972972972973
76,RF,0.8,0.972972972972973
76,RF,0.81,0.972972972972973
76,RF,0.8200000000000001,0.972972972972973
76,RF,0.8300000000000001,0.972972972972973
76,RF,0.84,0.972972972972973
76,RF,0.85,0.972972972972973
76,RF,0.86,0.972972972972973
76,RF,0.87,0.9864864864864865
76,RF,0.88,0.9864864864864865
76,RF,0.89,0.9864864864864865
76,RF,0.9,0.9864864864864865
76,RF,0.91,0.9864864864864865
76,RF,0.92,1.0
76,RF,0.93,1.0
76,RF,0.9400000000000001,1.0
76,RF,0.9500000000000001,1.0
76,RF,0.96,1.0
76,RF,0.97,1.0
76,RF,0.98,1.0
76,RF,0.99,1.0
76,RF,1.0,1.0
77,LR,0.0,0.18181818181818182
77,LR,0.01,0.18181818181818182
77,LR,0.02,0.4805194805194805
77,LR,0.03,0.5194805194805194
77,LR,0.04,0.6623376623376623
77,LR,0.05,0.8571428571428571
77,LR,0.06,0.8701298701298701
77,LR,0.07,0.8701298701298701
77,LR,0.08,0.8701298701298701
77,LR,0.09,0.8701298701298701
77,LR,0.1,0.8831168831168831
77,LR,0.11,0.8831168831168831
77,LR,0.12,0.8961038961038961
77,LR,0.13,0.8961038961038961
77,LR,0.14,0.8961038961038961
77,LR,0.15,0.8961038961038961
77,LR,0.16,0.8961038961038961
77,LR,0.17,0.8961038961038961
77,LR,0.18,0.8961038961038961
77,LR,0.19,0.8961038961038961
77,LR,0.2,0.8961038961038961
77,LR,0.21,0.9090909090909091
77,LR,0.22,0.9090909090909091
77,LR,0.23,0.9090909090909091
77,LR,0.24,0.9090909090909091
77,LR,0.25,0.9090909090909091
77,LR,0.26,0.9090909090909091
77,LR,0.27,0.9090909090909091
77,LR,0.28,0.9090909090909091
77,LR,0.29,0.9090909090909091
77,LR,0.3,0.9090909090909091
77,LR,0.31,0.922077922077922
77,LR,0.32,0.922077922077922
77,LR,0.33,0.922077922077922
77,LR,0.34,0.922077922077922
77,LR,0.35000000000000003,0.922077922077922
77,LR,0.36,0.922077922077922
77,LR,0.37,0.922077922077922
77,LR,0.38,0.922077922077922
77,LR,0.39,0.922077922077922
77,LR,0.4,0.922077922077922
77,LR,0.41000000000000003,0.922077922077922
77,LR,0.42,0.961038961038961
77,LR,0.43,0.974025974025974
77,LR,0.44,0.974025974025974
77,LR,0.45,0.974025974025974
77,LR,0.46,0.974025974025974
77,LR,0.47000000000000003,0.974025974025974
77,LR,0.48,0.974025974025974
77,LR,0.49,0.974025974025974
77,LR,0.5,0.987012987012987
77,LR,0.51,0.987012987012987
77,LR,0.52,0.987012987012987
77,LR,0.53,0.987012987012987
77,LR,0.54,0.987012987012987
77,LR,0.55,0.987012987012987
77,LR,0.56,0.987012987012987
77,LR,0.5700000000000001,0.987012987012987
77,LR,0.58,0.987012987012987
77,LR,0.59,0.987012987012987
77,LR,0.6,0.987012987012987
77,LR,0.61,0.987012987012987
77,LR,0.62,0.987012987012987
77,LR,0.63,0.987012987012987
77,LR,0.64,0.987012987012987
77,LR,0.65,0.987012987012987
77,LR,0.66,0.987012987012987
77,LR,0.67,0.987012987012987
77,LR,0.68,0.987012987012987
77,LR,0.6900000000000001,0.987012987012987
77,LR,0.7000000000000001,0.987012987012987
77,LR,0.71,0.987012987012987
77,LR,0.72,0.987012987012987
77,LR,0.73,0.987012987012987
77,LR,0.74,0.987012987012987
77,LR,0.75,0.987012987012987
77,LR,0.76,0.987012987012987
77,LR,0.77,0.987012987012987
77,LR,0.78,0.987012987012987
77,LR,0.79,0.987012987012987
77,LR,0.8,0.987012987012987
77,LR,0.81,0.987012987012987
77,LR,0.8200000000000001,0.987012987012987
77,LR,0.8300000000000001,0.987012987012987
77,LR,0.84,0.987012987012987
77,LR,0.85,0.987012987012987
77,LR,0.86,0.987012987012987
77,LR,0.87,0.987012987012987
77,LR,0.88,0.987012987012987
77,LR,0.89,0.987012987012987
77,LR,0.9,0.987012987012987
77,LR,0.91,0.987012987012987
77,LR,0.92,0.987012987012987
77,LR,0.93,0.987012987012987
77,LR,0.9400000000000001,0.987012987012987
77,LR,0.9500000000000001,0.987012987012987
77,LR,0.96,1.0
77,LR,0.97,1.0
77,LR,0.98,1.0
77,LR,0.99,1.0
77,LR,1.0,1.0
78,LR,0.0,0.47368421052631576
78,LR,0.01,0.5
78,LR,0.02,0.6052631578947368
78,LR,0.03,0.6842105263157895
78,LR,0.04,0.7368421052631579
78,LR,0.05,0.7763157894736842
78,LR,0.06,0.7894736842105263
78,LR,0.07,0.8026315789473685
78,LR,0.08,0.8157894736842105
78,LR,0.09,0.868421052631579
78,LR,0.1,0.868421052631579
78,LR,0.11,0.868421052631579
78,LR,0.12,0.8947368421052632
78,LR,0.13,0.9078947368421053
78,LR,0.14,0.9078947368421053
78,LR,0.15,0.9078947368421053
78,LR,0.16,0.9078947368421053
78,LR,0.17,0.9210526315789473
78,LR,0.18,0.9210526315789473
78,LR,0.19,0.9210526315789473
78,LR,0.2,0.9342105263157895
78,LR,0.21,0.9342105263157895
78,LR,0.22,0.9342105263157895
78,LR,0.23,0.9342105263157895
78,LR,0.24,0.9342105263157895
78,LR,0.25,0.9342105263157895
78,LR,0.26,0.9342105263157895
78,LR,0.27,0.9342105263157895
78,LR,0.28,0.9342105263157895
78,LR,0.29,0.9342105263157895
78,LR,0.3,0.9342105263157895
78,LR,0.31,0.9342105263157895
78,LR,0.32,0.9473684210526315
78,LR,0.33,0.9473684210526315
78,LR,0.34,0.9473684210526315
78,LR,0.35000000000000003,0.9473684210526315
78,LR,0.36,0.9473684210526315
78,LR,0.37,0.9473684210526315
78,LR,0.38,0.9605263157894737
78,LR,0.39,0.9605263157894737
78,LR,0.4,0.9605263157894737
78,LR,0.41000000000000003,0.9605263157894737
78,LR,0.42,0.9605263157894737
78,LR,0.43,0.9605263157894737
78,LR,0.44,0.9605263157894737
78,LR,0.45,0.9605263157894737
78,LR,0.46,0.9736842105263158
78,LR,0.47000000000000003,0.9736842105263158
78,LR,0.48,0.9736842105263158
78,LR,0.49,0.9736842105263158
78,LR,0.5,0.9736842105263158
78,LR,0.51,0.9736842105263158
78,LR,0.52,0.9736842105263158
78,LR,0.53,0.9736842105263158
78,LR,0.54,0.9868421052631579
78,LR,0.55,0.9868421052631579
78,LR,0.56,0.9868421052631579
78,LR,0.5700000000000001,0.9868421052631579
78,LR,0.58,0.9868421052631579
78,LR,0.59,0.9868421052631579
78,LR,0.6,0.9868421052631579
78,LR,0.61,0.9868421052631579
78,LR,0.62,0.9868421052631579
78,LR,0.63,0.9868421052631579
78,LR,0.64,0.9868421052631579
78,LR,0.65,0.9868421052631579
78,LR,0.66,0.9868421052631579
78,LR,0.67,0.9868421052631579
78,LR,0.68,0.9868421052631579
78,LR,0.6900000000000001,0.9868421052631579
78,LR,0.7000000000000001,0.9868421052631579
78,LR,0.71,0.9868421052631579
78,LR,0.72,0.9868421052631579
78,LR,0.73,0.9868421052631579
78,LR,0.74,0.9868421052631579
78,LR,0.75,0.9868421052631579
78,LR,0.76,0.9868421052631579
78,LR,0.77,1.0
78,LR,0.78,1.0
78,LR,0.79,1.0
78,LR,0.8,1.0
78,LR,0.81,1.0
78,LR,0.8200000000000001,1.0
78,LR,0.8300000000000001,1.0
78,LR,0.84,1.0
78,LR,0.85,1.0
78,LR,0.86,1.0
78,LR,0.87,1.0
78,LR,0.88,1.0
78,LR,0.89,1.0
78,LR,0.9,1.0
78,LR,0.91,1.0
78,LR,0.92,1.0
78,LR,0.93,1.0
78,LR,0.9400000000000001,1.0
78,LR,0.9500000000000001,1.0
78,LR,0.96,1.0
78,LR,0.97,1.0
78,LR,0.98,1.0
78,LR,0.99,1.0
78,LR,1.0,1.0
78,GAM,0.0,0.42105263157894735
78,GAM,0.01,0.5657894736842105
78,GAM,0.02,0.6447368421052632
78,GAM,0.03,0.6973684210526315
78,GAM,0.04,0.75
78,GAM,0.05,0.8026315789473685
78,GAM,0.06,0.8026315789473685
78,GAM,0.07,0.8289473684210527
78,GAM,0.08,0.8552631578947368
78,GAM,0.09,0.8552631578947368
78,GAM,0.1,0.881578947368421
78,GAM,0.11,0.8947368421052632
78,GAM,0.12,0.9078947368421053
78,GAM,0.13,0.9078947368421053
78,GAM,0.14,0.9078947368421053
78,GAM,0.15,0.9078947368421053
78,GAM,0.16,0.9078947368421053
78,GAM,0.17,0.9078947368421053
78,GAM,0.18,0.9078947368421053
78,GAM,0.19,0.9078947368421053
78,GAM,0.2,0.9210526315789473
78,GAM,0.21,0.9210526315789473
78,GAM,0.22,0.9210526315789473
78,GAM,0.23,0.9210526315789473
78,GAM,0.24,0.9210526315789473
78,GAM,0.25,0.9342105263157895
78,GAM,0.26,0.9473684210526315
78,GAM,0.27,0.9473684210526315
78,GAM,0.28,0.9473684210526315
78,GAM,0.29,0.9473684210526315
78,GAM,0.3,0.9473684210526315
78,GAM,0.31,0.9473684210526315
78,GAM,0.32,0.9605263157894737
78,GAM,0.33,0.9605263157894737
78,GAM,0.34,0.9605263157894737
78,GAM,0.35000000000000003,0.9605263157894737
78,GAM,0.36,0.9605263157894737
78,GAM,0.37,0.9605263157894737
78,GAM,0.38,0.9736842105263158
78,GAM,0.39,0.9736842105263158
78,GAM,0.4,0.9736842105263158
78,GAM,0.41000000000000003,0.9736842105263158
78,GAM,0.42,0.9736842105263158
78,GAM,0.43,0.9736842105263158
78,GAM,0.44,0.9736842105263158
78,GAM,0.45,0.9736842105263158
78,GAM,0.46,0.9736842105263158
78,GAM,0.47000000000000003,0.9736842105263158
78,GAM,0.48,0.9736842105263158
78,GAM,0.49,0.9736842105263158
78,GAM,0.5,0.9736842105263158
78,GAM,0.51,0.9736842105263158
78,GAM,0.52,0.9736842105263158
78,GAM,0.53,0.9736842105263158
78,GAM,0.54,0.9736842105263158
78,GAM,0.55,0.9868421052631579
78,GAM,0.56,0.9868421052631579
78,GAM,0.5700000000000001,0.9868421052631579
78,GAM,0.58,0.9868421052631579
78,GAM,0.59,0.9868421052631579
78,GAM,0.6,0.9868421052631579
78,GAM,0.61,0.9868421052631579
78,GAM,0.62,0.9868421052631579
78,GAM,0.63,0.9868421052631579
78,GAM,0.64,0.9868421052631579
78,GAM,0.65,0.9868421052631579
78,GAM,0.66,0.9868421052631579
78,GAM,0.67,0.9868421052631579
78,GAM,0.68,0.9868421052631579
78,GAM,0.6900000000000001,1.0
78,GAM,0.7000000000000001,1.0
78,GAM,0.71,1.0
78,GAM,0.72,1.0
78,GAM,0.73,1.0
78,GAM,0.74,1.0
78,GAM,0.75,1.0
78,GAM,0.76,1.0
78,GAM,0.77,1.0
78,GAM,0.78,1.0
78,GAM,0.79,1.0
78,GAM,0.8,1.0
78,GAM,0.81,1.0
78,GAM,0.8200000000000001,1.0
78,GAM,0.8300000000000001,1.0
78,GAM,0.84,1.0
78,GAM,0.85,1.0
78,GAM,0.86,1.0
78,GAM,0.87,1.0
78,GAM,0.88,1.0
78,GAM,0.89,1.0
78,GAM,0.9,1.0
78,GAM,0.91,1.0
78,GAM,0.92,1.0
78,GAM,0.93,1.0
78,GAM,0.9400000000000001,1.0
78,GAM,0.9500000000000001,1.0
78,GAM,0.96,1.0
78,GAM,0.97,1.0
78,GAM,0.98,1.0
78,GAM,0.99,1.0
78,GAM,1.0,1.0
78,RF,0.0,0.2631578947368421
78,RF,0.01,0.4605263157894737
78,RF,0.02,0.5526315789473685
78,RF,0.03,0.7105263157894737
78,RF,0.04,0.7763157894736842
78,RF,0.05,0.8026315789473685
78,RF,0.06,0.8289473684210527
78,RF,0.07,0.8421052631578947
78,RF,0.08,0.8421052631578947
78,RF,0.09,0.8421052631578947
78,RF,0.1,0.8421052631578947
78,RF,0.11,0.8421052631578947
78,RF,0.12,0.868421052631579
78,RF,0.13,0.881578947368421
78,RF,0.14,0.881578947368421
78,RF,0.15,0.881578947368421
78,RF,0.16,0.8947368421052632
78,RF,0.17,0.8947368421052632
78,RF,0.18,0.9342105263157895
78,RF,0.19,0.9342105263157895
78,RF,0.2,0.9473684210526315
78,RF,0.21,0.9473684210526315
78,RF,0.22,0.9473684210526315
78,RF,0.23,0.9473684210526315
78,RF,0.24,0.9473684210526315
78,RF,0.25,0.9473684210526315
78,RF,0.26,0.9473684210526315
78,RF,0.27,0.9605263157894737
78,RF,0.28,0.9605263157894737
78,RF,0.29,0.9605263157894737
78,RF,0.3,0.9605263157894737
78,RF,0.31,0.9605263157894737
78,RF,0.32,0.9605263157894737
78,RF,0.33,0.9605263157894737
78,RF,0.34,0.9605263157894737
78,RF,0.35000000000000003,0.9605263157894737
78,RF,0.36,0.9605263157894737
78,RF,0.37,0.9736842105263158
78,RF,0.38,0.9736842105263158
78,RF,0.39,0.9736842105263158
78,RF,0.4,0.9736842105263158
78,RF,0.41000000000000003,0.9736842105263158
78,RF,0.42,0.9736842105263158
78,RF,0.43,0.9736842105263158
78,RF,0.44,0.9736842105263158
78,RF,0.45,0.9736842105263158
78,RF,0.46,0.9736842105263158
78,RF,0.47000000000000003,0.9736842105263158
78,RF,0.48,0.9736842105263158
78,RF,0.49,0.9736842105263158
78,RF,0.5,0.9736842105263158
78,RF,0.51,0.9736842105263158
78,RF,0.52,0.9736842105263158
78,RF,0.53,0.9736842105263158
78,RF,0.54,0.9736842105263158
78,RF,0.55,0.9736842105263158
78,RF,0.56,0.9736842105263158
78,RF,0.5700000000000001,0.9736842105263158
78,RF,0.58,0.9736842105263158
78,RF,0.59,0.9736842105263158
78,RF,0.6,0.9736842105263158
78,RF,0.61,0.9736842105263158
78,RF,0.62,0.9736842105263158
78,RF,0.63,0.9736842105263158
78,RF,0.64,0.9736842105263158
78,RF,0.65,0.9736842105263158
78,RF,0.66,0.9736842105263158
78,RF,0.67,0.9736842105263158
78,RF,0.68,0.9736842105263158
78,RF,0.6900000000000001,0.9736842105263158
78,RF,0.7000000000000001,0.9736842105263158
78,RF,0.71,0.9736842105263158
78,RF,0.72,0.9736842105263158
78,RF,0.73,0.9736842105263158
78,RF,0.74,0.9736842105263158
78,RF,0.75,0.9736842105263158
78,RF,0.76,0.9736842105263158
78,RF,0.77,0.9736842105263158
78,RF,0.78,0.9736842105263158
78,RF,0.79,0.9736842105263158
78,RF,0.8,0.9736842105263158
78,RF,0.81,0.9736842105263158
78,RF,0.8200000000000001,0.9868421052631579
78,RF,0.8300000000000001,0.9868421052631579
78,RF,0.84,0.9868421052631579
78,RF,0.85,0.9868421052631579
78,RF,0.86,0.9868421052631579
78,RF,0.87,0.9868421052631579
78,RF,0.88,0.9868421052631579
78,RF,0.89,1.0
78,RF,0.9,1.0
78,RF,0.91,1.0
78,RF,0.92,1.0
78,RF,0.93,1.0
78,RF,0.9400000000000001,1.0
78,RF,0.9500000000000001,1.0
78,RF,0.96,1.0
78,RF,0.97,1.0
78,RF,0.98,1.0
78,RF,0.99,1.0
78,RF,1.0,1.0
79,LR,0.0,0.12658227848101267
79,LR,0.01,0.2911392405063291
79,LR,0.02,0.35443037974683544
79,LR,0.03,0.45569620253164556
79,LR,0.04,0.5569620253164557
79,LR,0.05,0.6075949367088608
79,LR,0.06,0.6962025316455697
79,LR,0.07,0.7088607594936709
79,LR,0.08,0.7215189873417721
79,LR,0.09,0.7341772151898734
79,LR,0.1,0.7848101265822784
79,LR,0.11,0.7974683544303798
79,LR,0.12,0.7974683544303798
79,LR,0.13,0.810126582278481
79,LR,0.14,0.8607594936708861
79,LR,0.15,0.8607594936708861
79,LR,0.16,0.9113924050632911
79,LR,0.17,0.9113924050632911
79,LR,0.18,0.9367088607594937
79,LR,0.19,0.9367088607594937
79,LR,0.2,0.9367088607594937
79,LR,0.21,0.9367088607594937
79,LR,0.22,0.9367088607594937
79,LR,0.23,0.9367088607594937
79,LR,0.24,0.9367088607594937
79,LR,0.25,0.9367088607594937
79,LR,0.26,0.9367088607594937
79,LR,0.27,0.9367088607594937
79,LR,0.28,0.9367088607594937
79,LR,0.29,0.9367088607594937
79,LR,0.3,0.9367088607594937
79,LR,0.31,0.9367088607594937
79,LR,0.32,0.9367088607594937
79,LR,0.33,0.9367088607594937
79,LR,0.34,0.9367088607594937
79,LR,0.35000000000000003,0.9367088607594937
79,LR,0.36,0.9367088607594937
79,LR,0.37,0.9367088607594937
79,LR,0.38,0.9493670886075949
79,LR,0.39,0.9746835443037974
79,LR,0.4,0.9746835443037974
79,LR,0.41000000000000003,0.9746835443037974
79,LR,0.42,0.9873417721518988
79,LR,0.43,0.9873417721518988
79,LR,0.44,0.9873417721518988
79,LR,0.45,0.9873417721518988
79,LR,0.46,0.9873417721518988
79,LR,0.47000000000000003,0.9873417721518988
79,LR,0.48,0.9873417721518988
79,LR,0.49,0.9873417721518988
79,LR,0.5,0.9873417721518988
79,LR,0.51,0.9873417721518988
79,LR,0.52,0.9873417721518988
79,LR,0.53,0.9873417721518988
79,LR,0.54,0.9873417721518988
79,LR,0.55,0.9873417721518988
79,LR,0.56,0.9873417721518988
79,LR,0.5700000000000001,0.9873417721518988
79,LR,0.58,0.9873417721518988
79,LR,0.59,0.9873417721518988
79,LR,0.6,0.9873417721518988
79,LR,0.61,0.9873417721518988
79,LR,0.62,1.0
79,LR,0.63,1.0
79,LR,0.64,1.0
79,LR,0.65,1.0
79,LR,0.66,1.0
79,LR,0.67,1.0
79,LR,0.68,1.0
79,LR,0.6900000000000001,1.0
79,LR,0.7000000000000001,1.0
79,LR,0.71,1.0
79,LR,0.72,1.0
79,LR,0.73,1.0
79,LR,0.74,1.0
79,LR,0.75,1.0
79,LR,0.76,1.0
79,LR,0.77,1.0
79,LR,0.78,1.0
79,LR,0.79,1.0
79,LR,0.8,1.0
79,LR,0.81,1.0
79,LR,0.8200000000000001,1.0
79,LR,0.8300000000000001,1.0
79,LR,0.84,1.0
79,LR,0.85,1.0
79,LR,0.86,1.0
79,LR,0.87,1.0
79,LR,0.88,1.0
79,LR,0.89,1.0
79,LR,0.9,1.0
79,LR,0.91,1.0
79,LR,0.92,1.0
79,LR,0.93,1.0
79,LR,0.9400000000000001,1.0
79,LR,0.9500000000000001,1.0
79,LR,0.96,1.0
79,LR,0.97,1.0
79,LR,0.98,1.0
79,LR,0.99,1.0
79,LR,1.0,1.0
79,GAM,0.0,0.16455696202531644
79,GAM,0.01,0.3670886075949367
79,GAM,0.02,0.379746835443038
79,GAM,0.03,0.4430379746835443
79,GAM,0.04,0.5949367088607594
79,GAM,0.05,0.620253164556962
79,GAM,0.06,0.6962025316455697
79,GAM,0.07,0.6962025316455697
79,GAM,0.08,0.7721518987341772
79,GAM,0.09,0.7721518987341772
79,GAM,0.1,0.7721518987341772
79,GAM,0.11,0.7721518987341772
79,GAM,0.12,0.7848101265822784
79,GAM,0.13,0.7974683544303798
79,GAM,0.14,0.8607594936708861
79,GAM,0.15,0.8607594936708861
79,GAM,0.16,0.9113924050632911
79,GAM,0.17,0.9113924050632911
79,GAM,0.18,0.9113924050632911
79,GAM,0.19,0.9113924050632911
79,GAM,0.2,0.9113924050632911
79,GAM,0.21,0.9240506329113924
79,GAM,0.22,0.9240506329113924
79,GAM,0.23,0.9240506329113924
79,GAM,0.24,0.9240506329113924
79,GAM,0.25,0.9367088607594937
79,GAM,0.26,0.9367088607594937
79,GAM,0.27,0.9367088607594937
79,GAM,0.28,0.9367088607594937
79,GAM,0.29,0.9367088607594937
79,GAM,0.3,0.9367088607594937
79,GAM,0.31,0.9367088607594937
79,GAM,0.32,0.9367088607594937
79,GAM,0.33,0.9367088607594937
79,GAM,0.34,0.9493670886075949
79,GAM,0.35000000000000003,0.9493670886075949
79,GAM,0.36,0.9620253164556962
79,GAM,0.37,0.9746835443037974
79,GAM,0.38,0.9746835443037974
79,GAM,0.39,0.9746835443037974
79,GAM,0.4,0.9873417721518988
79,GAM,0.41000000000000003,0.9873417721518988
79,GAM,0.42,0.9873417721518988
79,GAM,0.43,0.9873417721518988
79,GAM,0.44,0.9873417721518988
79,GAM,0.45,0.9873417721518988
79,GAM,0.46,0.9873417721518988
79,GAM,0.47000000000000003,0.9873417721518988
79,GAM,0.48,0.9873417721518988
79,GAM,0.49,0.9873417721518988
79,GAM,0.5,0.9873417721518988
79,GAM,0.51,0.9873417721518988
79,GAM,0.52,0.9873417721518988
79,GAM,0.53,0.9873417721518988
79,GAM,0.54,1.0
79,GAM,0.55,1.0
79,GAM,0.56,1.0
79,GAM,0.5700000000000001,1.0
79,GAM,0.58,1.0
79,GAM,0.59,1.0
79,GAM,0.6,1.0
79,GAM,0.61,1.0
79,GAM,0.62,1.0
79,GAM,0.63,1.0
79,GAM,0.64,1.0
79,GAM,0.65,1.0
79,GAM,0.66,1.0
79,GAM,0.67,1.0
79,GAM,0.68,1.0
79,GAM,0.6900000000000001,1.0
79,GAM,0.7000000000000001,1.0
79,GAM,0.71,1.0
79,GAM,0.72,1.0
79,GAM,0.73,1.0
79,GAM,0.74,1.0
79,GAM,0.75,1.0
79,GAM,0.76,1.0
79,GAM,0.77,1.0
79,GAM,0.78,1.0
79,GAM,0.79,1.0
79,GAM,0.8,1.0
79,GAM,0.81,1.0
79,GAM,0.8200000000000001,1.0
79,GAM,0.8300000000000001,1.0
79,GAM,0.84,1.0
79,GAM,0.85,1.0
79,GAM,0.86,1.0
79,GAM,0.87,1.0
79,GAM,0.88,1.0
79,GAM,0.89,1.0
79,GAM,0.9,1.0
79,GAM,0.91,1.0
79,GAM,0.92,1.0
79,GAM,0.93,1.0
79,GAM,0.9400000000000001,1.0
79,GAM,0.9500000000000001,1.0
79,GAM,0.96,1.0
79,GAM,0.97,1.0
79,GAM,0.98,1.0
79,GAM,0.99,1.0
79,GAM,1.0,1.0
79,RF,0.0,0.4050632911392405
79,RF,0.01,0.5063291139240507
79,RF,0.02,0.569620253164557
79,RF,0.03,0.6329113924050633
79,RF,0.04,0.6708860759493671
79,RF,0.05,0.6962025316455697
79,RF,0.06,0.759493670886076
79,RF,0.07,0.7721518987341772
79,RF,0.08,0.8354430379746836
79,RF,0.09,0.8481012658227848
79,RF,0.1,0.8481012658227848
79,RF,0.11,0.8607594936708861
79,RF,0.12,0.8607594936708861
79,RF,0.13,0.8734177215189873
79,RF,0.14,0.8734177215189873
79,RF,0.15,0.8860759493670886
79,RF,0.16,0.8860759493670886
79,RF,0.17,0.9113924050632911
79,RF,0.18,0.9113924050632911
79,RF,0.19,0.9113924050632911
79,RF,0.2,0.9113924050632911
79,RF,0.21,0.9367088607594937
79,RF,0.22,0.9367088607594937
79,RF,0.23,0.9367088607594937
79,RF,0.24,0.9620253164556962
79,RF,0.25,0.9620253164556962
79,RF,0.26,0.9620253164556962
79,RF,0.27,0.9620253164556962
79,RF,0.28,0.9620253164556962
79,RF,0.29,0.9620253164556962
79,RF,0.3,0.9620253164556962
79,RF,0.31,0.9620253164556962
79,RF,0.32,0.9746835443037974
79,RF,0.33,0.9746835443037974
79,RF,0.34,0.9746835443037974
79,RF,0.35000000000000003,0.9746835443037974
79,RF,0.36,0.9873417721518988
79,RF,0.37,0.9873417721518988
79,RF,0.38,0.9873417721518988
79,RF,0.39,0.9873417721518988
79,RF,0.4,0.9873417721518988
79,RF,0.41000000000000003,0.9873417721518988
79,RF,0.42,0.9873417721518988
79,RF,0.43,0.9873417721518988
79,RF,0.44,0.9873417721518988
79,RF,0.45,0.9873417721518988
79,RF,0.46,0.9873417721518988
79,RF,0.47000000000000003,0.9873417721518988
79,RF,0.48,0.9873417721518988
79,RF,0.49,0.9873417721518988
79,RF,0.5,0.9873417721518988
79,RF,0.51,0.9873417721518988
79,RF,0.52,0.9873417721518988
79,RF,0.53,0.9873417721518988
79,RF,0.54,0.9873417721518988
79,RF,0.55,0.9873417721518988
79,RF,0.56,0.9873417721518988
79,RF,0.5700000000000001,0.9873417721518988
79,RF,0.58,0.9873417721518988
79,RF,0.59,0.9873417721518988
79,RF,0.6,0.9873417721518988
79,RF,0.61,0.9873417721518988
79,RF,0.62,0.9873417721518988
79,RF,0.63,0.9873417721518988
79,RF,0.64,0.9873417721518988
79,RF,0.65,0.9873417721518988
79,RF,0.66,0.9873417721518988
79,RF,0.67,0.9873417721518988
79,RF,0.68,0.9873417721518988
79,RF,0.6900000000000001,0.9873417721518988
79,RF,0.7000000000000001,0.9873417721518988
79,RF,0.71,0.9873417721518988
79,RF,0.72,0.9873417721518988
79,RF,0.73,0.9873417721518988
79,RF,0.74,0.9873417721518988
79,RF,0.75,0.9873417721518988
79,RF,0.76,0.9873417721518988
79,RF,0.77,1.0
79,RF,0.78,1.0
79,RF,0.79,1.0
79,RF,0.8,1.0
79,RF,0.81,1.0
79,RF,0.8200000000000001,1.0
79,RF,0.8300000000000001,1.0
79,RF,0.84,1.0
79,RF,0.85,1.0
79,RF,0.86,1.0
79,RF,0.87,1.0
79,RF,0.88,1.0
79,RF,0.89,1.0
79,RF,0.9,1.0
79,RF,0.91,1.0
79,RF,0.92,1.0
79,RF,0.93,1.0
79,RF,0.9400000000000001,1.0
79,RF,0.9500000000000001,1.0
79,RF,0.96,1.0
79,RF,0.97,1.0
79,RF,0.98,1.0
79,RF,0.99,1.0
79,RF,1.0,1.0
80,LR,0.0,0.22727272727272727
80,LR,0.01,0.4431818181818182
80,LR,0.02,0.45454545454545453
80,LR,0.03,0.5454545454545454
80,LR,0.04,0.6931818181818182
80,LR,0.05,0.7159090909090909
80,LR,0.06,0.75
80,LR,0.07,0.75
80,LR,0.08,0.7613636363636364
80,LR,0.09,0.7727272727272727
80,LR,0.1,0.8295454545454546
80,LR,0.11,0.8409090909090909
80,LR,0.12,0.8636363636363636
80,LR,0.13,0.875
80,LR,0.14,0.875
80,LR,0.15,0.8863636363636364
80,LR,0.16,0.8863636363636364
80,LR,0.17,0.9090909090909091
80,LR,0.18,0.9090909090909091
80,LR,0.19,0.9090909090909091
80,LR,0.2,0.9090909090909091
80,LR,0.21,0.9090909090909091
80,LR,0.22,0.9090909090909091
80,LR,0.23,0.9090909090909091
80,LR,0.24,0.9090909090909091
80,LR,0.25,0.9090909090909091
80,LR,0.26,0.9090909090909091
80,LR,0.27,0.9204545454545454
80,LR,0.28,0.9204545454545454
80,LR,0.29,0.9204545454545454
80,LR,0.3,0.9204545454545454
80,LR,0.31,0.9318181818181818
80,LR,0.32,0.9318181818181818
80,LR,0.33,0.9431818181818182
80,LR,0.34,0.9431818181818182
80,LR,0.35000000000000003,0.9431818181818182
80,LR,0.36,0.9431818181818182
80,LR,0.37,0.9431818181818182
80,LR,0.38,0.9659090909090909
80,LR,0.39,0.9659090909090909
80,LR,0.4,0.9659090909090909
80,LR,0.41000000000000003,0.9659090909090909
80,LR,0.42,0.9659090909090909
80,LR,0.43,0.9659090909090909
80,LR,0.44,0.9772727272727273
80,LR,0.45,0.9772727272727273
80,LR,0.46,0.9772727272727273
80,LR,0.47000000000000003,0.9772727272727273
80,LR,0.48,0.9772727272727273
80,LR,0.49,0.9772727272727273
80,LR,0.5,0.9772727272727273
80,LR,0.51,0.9772727272727273
80,LR,0.52,0.9772727272727273
80,LR,0.53,0.9772727272727273
80,LR,0.54,0.9886363636363636
80,LR,0.55,0.9886363636363636
80,LR,0.56,0.9886363636363636
80,LR,0.5700000000000001,0.9886363636363636
80,LR,0.58,0.9886363636363636
80,LR,0.59,0.9886363636363636
80,LR,0.6,0.9886363636363636
80,LR,0.61,0.9886363636363636
80,LR,0.62,0.9886363636363636
80,LR,0.63,0.9886363636363636
80,LR,0.64,0.9886363636363636
80,LR,0.65,0.9886363636363636
80,LR,0.66,0.9886363636363636
80,LR,0.67,0.9886363636363636
80,LR,0.68,0.9886363636363636
80,LR,0.6900000000000001,0.9886363636363636
80,LR,0.7000000000000001,0.9886363636363636
80,LR,0.71,0.9886363636363636
80,LR,0.72,0.9886363636363636
80,LR,0.73,0.9886363636363636
80,LR,0.74,0.9886363636363636
80,LR,0.75,0.9886363636363636
80,LR,0.76,0.9886363636363636
80,LR,0.77,0.9886363636363636
80,LR,0.78,0.9886363636363636
80,LR,0.79,0.9886363636363636
80,LR,0.8,0.9886363636363636
80,LR,0.81,0.9886363636363636
80,LR,0.8200000000000001,0.9886363636363636
80,LR,0.8300000000000001,0.9886363636363636
80,LR,0.84,0.9886363636363636
80,LR,0.85,0.9886363636363636
80,LR,0.86,0.9886363636363636
80,LR,0.87,0.9886363636363636
80,LR,0.88,1.0
80,LR,0.89,1.0
80,LR,0.9,1.0
80,LR,0.91,1.0
80,LR,0.92,1.0
80,LR,0.93,1.0
80,LR,0.9400000000000001,1.0
80,LR,0.9500000000000001,1.0
80,LR,0.96,1.0
80,LR,0.97,1.0
80,LR,0.98,1.0
80,LR,0.99,1.0
80,LR,1.0,1.0
80,GAM,0.0,0.23863636363636365
80,GAM,0.01,0.5227272727272727
80,GAM,0.02,0.5227272727272727
80,GAM,0.03,0.5227272727272727
80,GAM,0.04,0.625
80,GAM,0.05,0.6931818181818182
80,GAM,0.06,0.7272727272727273
80,GAM,0.07,0.7272727272727273
80,GAM,0.08,0.75
80,GAM,0.09,0.7954545454545454
80,GAM,0.1,0.8068181818181818
80,GAM,0.11,0.8295454545454546
80,GAM,0.12,0.8977272727272727
80,GAM,0.13,0.9090909090909091
80,GAM,0.14,0.9090909090909091
80,GAM,0.15,0.9090909090909091
80,GAM,0.16,0.9090909090909091
80,GAM,0.17,0.9090909090909091
80,GAM,0.18,0.9090909090909091
80,GAM,0.19,0.9090909090909091
80,GAM,0.2,0.9090909090909091
80,GAM,0.21,0.9090909090909091
80,GAM,0.22,0.9090909090909091
80,GAM,0.23,0.9204545454545454
80,GAM,0.24,0.9204545454545454
80,GAM,0.25,0.9204545454545454
80,GAM,0.26,0.9204545454545454
80,GAM,0.27,0.9431818181818182
80,GAM,0.28,0.9431818181818182
80,GAM,0.29,0.9431818181818182
80,GAM,0.3,0.9431818181818182
80,GAM,0.31,0.9431818181818182
80,GAM,0.32,0.9431818181818182
80,GAM,0.33,0.9431818181818182
80,GAM,0.34,0.9431818181818182
80,GAM,0.35000000000000003,0.9659090909090909
80,GAM,0.36,0.9659090909090909
80,GAM,0.37,0.9659090909090909
80,GAM,0.38,0.9772727272727273
80,GAM,0.39,0.9772727272727273
80,GAM,0.4,0.9772727272727273
80,GAM,0.41000000000000003,0.9886363636363636
80,GAM,0.42,0.9886363636363636
80,GAM,0.43,0.9886363636363636
80,GAM,0.44,0.9886363636363636
80,GAM,0.45,0.9886363636363636
80,GAM,0.46,0.9886363636363636
80,GAM,0.47000000000000003,0.9886363636363636
80,GAM,0.48,0.9886363636363636
80,GAM,0.49,0.9886363636363636
80,GAM,0.5,0.9886363636363636
80,GAM,0.51,0.9886363636363636
80,GAM,0.52,0.9886363636363636
80,GAM,0.53,0.9886363636363636
80,GAM,0.54,0.9886363636363636
80,GAM,0.55,0.9886363636363636
80,GAM,0.56,0.9886363636363636
80,GAM,0.5700000000000001,0.9886363636363636
80,GAM,0.58,0.9886363636363636
80,GAM,0.59,0.9886363636363636
80,GAM,0.6,0.9886363636363636
80,GAM,0.61,0.9886363636363636
80,GAM,0.62,0.9886363636363636
80,GAM,0.63,0.9886363636363636
80,GAM,0.64,0.9886363636363636
80,GAM,0.65,0.9886363636363636
80,GAM,0.66,0.9886363636363636
80,GAM,0.67,0.9886363636363636
80,GAM,0.68,0.9886363636363636
80,GAM,0.6900000000000001,0.9886363636363636
80,GAM,0.7000000000000001,0.9886363636363636
80,GAM,0.71,0.9886363636363636
80,GAM,0.72,0.9886363636363636
80,GAM,0.73,0.9886363636363636
80,GAM,0.74,0.9886363636363636
80,GAM,0.75,0.9886363636363636
80,GAM,0.76,0.9886363636363636
80,GAM,0.77,0.9886363636363636
80,GAM,0.78,0.9886363636363636
80,GAM,0.79,1.0
80,GAM,0.8,1.0
80,GAM,0.81,1.0
80,GAM,0.8200000000000001,1.0
80,GAM,0.8300000000000001,1.0
80,GAM,0.84,1.0
80,GAM,0.85,1.0
80,GAM,0.86,1.0
80,GAM,0.87,1.0
80,GAM,0.88,1.0
80,GAM,0.89,1.0
80,GAM,0.9,1.0
80,GAM,0.91,1.0
80,GAM,0.92,1.0
80,GAM,0.93,1.0
80,GAM,0.9400000000000001,1.0
80,GAM,0.9500000000000001,1.0
80,GAM,0.96,1.0
80,GAM,0.97,1.0
80,GAM,0.98,1.0
80,GAM,0.99,1.0
80,GAM,1.0,1.0
80,RF,0.0,0.4659090909090909
80,RF,0.01,0.5795454545454546
80,RF,0.02,0.5795454545454546
80,RF,0.03,0.6363636363636364
80,RF,0.04,0.7954545454545454
80,RF,0.05,0.7954545454545454
80,RF,0.06,0.7954545454545454
80,RF,0.07,0.7954545454545454
80,RF,0.08,0.8295454545454546
80,RF,0.09,0.8295454545454546
80,RF,0.1,0.875
80,RF,0.11,0.875
80,RF,0.12,0.875
80,RF,0.13,0.8863636363636364
80,RF,0.14,0.8977272727272727
80,RF,0.15,0.9090909090909091
80,RF,0.16,0.9204545454545454
80,RF,0.17,0.9204545454545454
80,RF,0.18,0.9204545454545454
80,RF,0.19,0.9318181818181818
80,RF,0.2,0.9431818181818182
80,RF,0.21,0.9431818181818182
80,RF,0.22,0.9545454545454546
80,RF,0.23,0.9545454545454546
80,RF,0.24,0.9545454545454546
80,RF,0.25,0.9545454545454546
80,RF,0.26,0.9545454545454546
80,RF,0.27,0.9545454545454546
80,RF,0.28,0.9545454545454546
80,RF,0.29,0.9545454545454546
80,RF,0.3,0.9545454545454546
80,RF,0.31,0.9545454545454546
80,RF,0.32,0.9659090909090909
80,RF,0.33,0.9659090909090909
80,RF,0.34,0.9659090909090909
80,RF,0.35000000000000003,0.9772727272727273
80,RF,0.36,0.9772727272727273
80,RF,0.37,0.9772727272727273
80,RF,0.38,0.9772727272727273
80,RF,0.39,0.9772727272727273
80,RF,0.4,0.9772727272727273
80,RF,0.41000000000000003,0.9772727272727273
80,RF,0.42,0.9772727272727273
80,RF,0.43,0.9772727272727273
80,RF,0.44,0.9772727272727273
80,RF,0.45,0.9772727272727273
80,RF,0.46,0.9772727272727273
80,RF,0.47000000000000003,0.9772727272727273
80,RF,0.48,0.9772727272727273
80,RF,0.49,0.9772727272727273
80,RF,0.5,0.9772727272727273
80,RF,0.51,0.9772727272727273
80,RF,0.52,0.9772727272727273
80,RF,0.53,0.9772727272727273
80,RF,0.54,0.9772727272727273
80,RF,0.55,0.9772727272727273
80,RF,0.56,0.9772727272727273
80,RF,0.5700000000000001,0.9772727272727273
80,RF,0.58,0.9772727272727273
80,RF,0.59,0.9772727272727273
80,RF,0.6,0.9772727272727273
80,RF,0.61,0.9772727272727273
80,RF,0.62,0.9772727272727273
80,RF,0.63,0.9772727272727273
80,RF,0.64,0.9772727272727273
80,RF,0.65,0.9772727272727273
80,RF,0.66,0.9772727272727273
80,RF,0.67,0.9772727272727273
80,RF,0.68,0.9886363636363636
80,RF,0.6900000000000001,0.9886363636363636
80,RF,0.7000000000000001,0.9886363636363636
80,RF,0.71,0.9886363636363636
80,RF,0.72,0.9886363636363636
80,RF,0.73,0.9886363636363636
80,RF,0.74,0.9886363636363636
80,RF,0.75,0.9886363636363636
80,RF,0.76,0.9886363636363636
80,RF,0.77,0.9886363636363636
80,RF,0.78,0.9886363636363636
80,RF,0.79,0.9886363636363636
80,RF,0.8,0.9886363636363636
80,RF,0.81,0.9886363636363636
80,RF,0.8200000000000001,0.9886363636363636
80,RF,0.8300000000000001,0.9886363636363636
80,RF,0.84,0.9886363636363636
80,RF,0.85,1.0
80,RF,0.86,1.0
80,RF,0.87,1.0
80,RF,0.88,1.0
80,RF,0.89,1.0
80,RF,0.9,1.0
80,RF,0.91,1.0
80,RF,0.92,1.0
80,RF,0.93,1.0
80,RF,0.9400000000000001,1.0
80,RF,0.9500000000000001,1.0
80,RF,0.96,1.0
80,RF,0.97,1.0
80,RF,0.98,1.0
80,RF,0.99,1.0
80,RF,1.0,1.0
81,LR,0.0,0.5555555555555556
81,LR,0.01,0.7407407407407407
81,LR,0.02,0.7407407407407407
81,LR,0.03,0.7777777777777778
81,LR,0.04,0.8148148148148148
81,LR,0.05,0.8641975308641975
81,LR,0.06,0.9012345679012346
81,LR,0.07,0.9012345679012346
81,LR,0.08,0.9012345679012346
81,LR,0.09,0.9135802469135802
81,LR,0.1,0.9135802469135802
81,LR,0.11,0.9135802469135802
81,LR,0.12,0.9259259259259259
81,LR,0.13,0.9259259259259259
81,LR,0.14,0.9259259259259259
81,LR,0.15,0.9259259259259259
81,LR,0.16,0.9259259259259259
81,LR,0.17,0.9259259259259259
81,LR,0.18,0.9259259259259259
81,LR,0.19,0.9259259259259259
81,LR,0.2,0.9259259259259259
81,LR,0.21,0.9259259259259259
81,LR,0.22,0.9259259259259259
81,LR,0.23,0.9259259259259259
81,LR,0.24,0.9629629629629629
81,LR,0.25,0.9629629629629629
81,LR,0.26,0.9629629629629629
81,LR,0.27,0.9629629629629629
81,LR,0.28,0.9629629629629629
81,LR,0.29,0.9629629629629629
81,LR,0.3,0.9629629629629629
81,LR,0.31,0.9629629629629629
81,LR,0.32,0.9629629629629629
81,LR,0.33,0.9629629629629629
81,LR,0.34,0.9629629629629629
81,LR,0.35000000000000003,0.9629629629629629
81,LR,0.36,0.9629629629629629
81,LR,0.37,0.9753086419753086
81,LR,0.38,0.9753086419753086
81,LR,0.39,0.9753086419753086
81,LR,0.4,0.9753086419753086
81,LR,0.41000000000000003,0.9876543209876543
81,LR,0.42,0.9876543209876543
81,LR,0.43,0.9876543209876543
81,LR,0.44,0.9876543209876543
81,LR,0.45,0.9876543209876543
81,LR,0.46,0.9876543209876543
81,LR,0.47000000000000003,0.9876543209876543
81,LR,0.48,0.9876543209876543
81,LR,0.49,1.0
81,LR,0.5,1.0
81,LR,0.51,1.0
81,LR,0.52,1.0
81,LR,0.53,1.0
81,LR,0.54,1.0
81,LR,0.55,1.0
81,LR,0.56,1.0
81,LR,0.5700000000000001,1.0
81,LR,0.58,1.0
81,LR,0.59,1.0
81,LR,0.6,1.0
81,LR,0.61,1.0
81,LR,0.62,1.0
81,LR,0.63,1.0
81,LR,0.64,1.0
81,LR,0.65,1.0
81,LR,0.66,1.0
81,LR,0.67,1.0
81,LR,0.68,1.0
81,LR,0.6900000000000001,1.0
81,LR,0.7000000000000001,1.0
81,LR,0.71,1.0
81,LR,0.72,1.0
81,LR,0.73,1.0
81,LR,0.74,1.0
81,LR,0.75,1.0
81,LR,0.76,1.0
81,LR,0.77,1.0
81,LR,0.78,1.0
81,LR,0.79,1.0
81,LR,0.8,1.0
81,LR,0.81,1.0
81,LR,0.8200000000000001,1.0
81,LR,0.8300000000000001,1.0
81,LR,0.84,1.0
81,LR,0.85,1.0
81,LR,0.86,1.0
81,LR,0.87,1.0
81,LR,0.88,1.0
81,LR,0.89,1.0
81,LR,0.9,1.0
81,LR,0.91,1.0
81,LR,0.92,1.0
81,LR,0.93,1.0
81,LR,0.9400000000000001,1.0
81,LR,0.9500000000000001,1.0
81,LR,0.96,1.0
81,LR,0.97,1.0
81,LR,0.98,1.0
81,LR,0.99,1.0
81,LR,1.0,1.0
81,GAM,0.0,0.7283950617283951
81,GAM,0.01,0.7530864197530864
81,GAM,0.02,0.7654320987654321
81,GAM,0.03,0.8148148148148148
81,GAM,0.04,0.8148148148148148
81,GAM,0.05,0.8518518518518519
81,GAM,0.06,0.8518518518518519
81,GAM,0.07,0.8641975308641975
81,GAM,0.08,0.8888888888888888
81,GAM,0.09,0.8888888888888888
81,GAM,0.1,0.8888888888888888
81,GAM,0.11,0.9135802469135802
81,GAM,0.12,0.9135802469135802
81,GAM,0.13,0.9259259259259259
81,GAM,0.14,0.9259259259259259
81,GAM,0.15,0.9259259259259259
81,GAM,0.16,0.9259259259259259
81,GAM,0.17,0.9259259259259259
81,GAM,0.18,0.9259259259259259
81,GAM,0.19,0.9259259259259259
81,GAM,0.2,0.9259259259259259
81,GAM,0.21,0.9259259259259259
81,GAM,0.22,0.9259259259259259
81,GAM,0.23,0.9506172839506173
81,GAM,0.24,0.9506172839506173
81,GAM,0.25,0.9629629629629629
81,GAM,0.26,0.9629629629629629
81,GAM,0.27,0.9629629629629629
81,GAM,0.28,0.9629629629629629
81,GAM,0.29,0.9629629629629629
81,GAM,0.3,0.9629629629629629
81,GAM,0.31,0.9876543209876543
81,GAM,0.32,0.9876543209876543
81,GAM,0.33,0.9876543209876543
81,GAM,0.34,0.9876543209876543
81,GAM,0.35000000000000003,0.9876543209876543
81,GAM,0.36,0.9876543209876543
81,GAM,0.37,1.0
81,GAM,0.38,1.0
81,GAM,0.39,1.0
81,GAM,0.4,1.0
81,GAM,0.41000000000000003,1.0
81,GAM,0.42,1.0
81,GAM,0.43,1.0
81,GAM,0.44,1.0
81,GAM,0.45,1.0
81,GAM,0.46,1.0
81,GAM,0.47000000000000003,1.0
81,GAM,0.48,1.0
81,GAM,0.49,1.0
81,GAM,0.5,1.0
81,GAM,0.51,1.0
81,GAM,0.52,1.0
81,GAM,0.53,1.0
81,GAM,0.54,1.0
81,GAM,0.55,1.0
81,GAM,0.56,1.0
81,GAM,0.5700000000000001,1.0
81,GAM,0.58,1.0
81,GAM,0.59,1.0
81,GAM,0.6,1.0
81,GAM,0.61,1.0
81,GAM,0.62,1.0
81,GAM,0.63,1.0
81,GAM,0.64,1.0
81,GAM,0.65,1.0
81,GAM,0.66,1.0
81,GAM,0.67,1.0
81,GAM,0.68,1.0
81,GAM,0.6900000000000001,1.0
81,GAM,0.7000000000000001,1.0
81,GAM,0.71,1.0
81,GAM,0.72,1.0
81,GAM,0.73,1.0
81,GAM,0.74,1.0
81,GAM,0.75,1.0
81,GAM,0.76,1.0
81,GAM,0.77,1.0
81,GAM,0.78,1.0
81,GAM,0.79,1.0
81,GAM,0.8,1.0
81,GAM,0.81,1.0
81,GAM,0.8200000000000001,1.0
81,GAM,0.8300000000000001,1.0
81,GAM,0.84,1.0
81,GAM,0.85,1.0
81,GAM,0.86,1.0
81,GAM,0.87,1.0
81,GAM,0.88,1.0
81,GAM,0.89,1.0
81,GAM,0.9,1.0
81,GAM,0.91,1.0
81,GAM,0.92,1.0
81,GAM,0.93,1.0
81,GAM,0.9400000000000001,1.0
81,GAM,0.9500000000000001,1.0
81,GAM,0.96,1.0
81,GAM,0.97,1.0
81,GAM,0.98,1.0
81,GAM,0.99,1.0
81,GAM,1.0,1.0
81,RF,0.0,0.5061728395061729
81,RF,0.01,0.7037037037037037
81,RF,0.02,0.7160493827160493
81,RF,0.03,0.7777777777777778
81,RF,0.04,0.8395061728395061
81,RF,0.05,0.8641975308641975
81,RF,0.06,0.9012345679012346
81,RF,0.07,0.9012345679012346
81,RF,0.08,0.9012345679012346
81,RF,0.09,0.9012345679012346
81,RF,0.1,0.9012345679012346
81,RF,0.11,0.9135802469135802
81,RF,0.12,0.9135802469135802
81,RF,0.13,0.9135802469135802
81,RF,0.14,0.9259259259259259
81,RF,0.15,0.9259259259259259
81,RF,0.16,0.9259259259259259
81,RF,0.17,0.9259259259259259
81,RF,0.18,0.9382716049382716
81,RF,0.19,0.9382716049382716
81,RF,0.2,0.9382716049382716
81,RF,0.21,0.9382716049382716
81,RF,0.22,0.9506172839506173
81,RF,0.23,0.9506172839506173
81,RF,0.24,0.9506172839506173
81,RF,0.25,0.9629629629629629
81,RF,0.26,0.9753086419753086
81,RF,0.27,0.9753086419753086
81,RF,0.28,0.9753086419753086
81,RF,0.29,0.9876543209876543
81,RF,0.3,0.9876543209876543
81,RF,0.31,1.0
81,RF,0.32,1.0
81,RF,0.33,1.0
81,RF,0.34,1.0
81,RF,0.35000000000000003,1.0
81,RF,0.36,1.0
81,RF,0.37,1.0
81,RF,0.38,1.0
81,RF,0.39,1.0
81,RF,0.4,1.0
81,RF,0.41000000000000003,1.0
81,RF,0.42,1.0
81,RF,0.43,1.0
81,RF,0.44,1.0
81,RF,0.45,1.0
81,RF,0.46,1.0
81,RF,0.47000000000000003,1.0
81,RF,0.48,1.0
81,RF,0.49,1.0
81,RF,0.5,1.0
81,RF,0.51,1.0
81,RF,0.52,1.0
81,RF,0.53,1.0
81,RF,0.54,1.0
81,RF,0.55,1.0
81,RF,0.56,1.0
81,RF,0.5700000000000001,1.0
81,RF,0.58,1.0
81,RF,0.59,1.0
81,RF,0.6,1.0
81,RF,0.61,1.0
81,RF,0.62,1.0
81,RF,0.63,1.0
81,RF,0.64,1.0
81,RF,0.65,1.0
81,RF,0.66,1.0
81,RF,0.67,1.0
81,RF,0.68,1.0
81,RF,0.6900000000000001,1.0
81,RF,0.7000000000000001,1.0
81,RF,0.71,1.0
81,RF,0.72,1.0
81,RF,0.73,1.0
81,RF,0.74,1.0
81,RF,0.75,1.0
81,RF,0.76,1.0
81,RF,0.77,1.0
81,RF,0.78,1.0
81,RF,0.79,1.0
81,RF,0.8,1.0
81,RF,0.81,1.0
81,RF,0.8200000000000001,1.0
81,RF,0.8300000000000001,1.0
81,RF,0.84,1.0
81,RF,0.85,1.0
81,RF,0.86,1.0
81,RF,0.87,1.0
81,RF,0.88,1.0
81,RF,0.89,1.0
81,RF,0.9,1.0
81,RF,0.91,1.0
81,RF,0.92,1.0
81,RF,0.93,1.0
81,RF,0.9400000000000001,1.0
81,RF,0.9500000000000001,1.0
81,RF,0.96,1.0
81,RF,0.97,1.0
81,RF,0.98,1.0
81,RF,0.99,1.0
81,RF,1.0,1.0
82,LR,0.0,0.5555555555555556
82,LR,0.01,0.6666666666666666
82,LR,0.02,0.7083333333333334
82,LR,0.03,0.8194444444444444
82,LR,0.04,0.8472222222222222
82,LR,0.05,0.8888888888888888
82,LR,0.06,0.8888888888888888
82,LR,0.07,0.8888888888888888
82,LR,0.08,0.8888888888888888
82,LR,0.09,0.8888888888888888
82,LR,0.1,0.8888888888888888
82,LR,0.11,0.8888888888888888
82,LR,0.12,0.8888888888888888
82,LR,0.13,0.9166666666666666
82,LR,0.14,0.9166666666666666
82,LR,0.15,0.9166666666666666
82,LR,0.16,0.9166666666666666
82,LR,0.17,0.9166666666666666
82,LR,0.18,0.9166666666666666
82,LR,0.19,0.9444444444444444
82,LR,0.2,0.9444444444444444
82,LR,0.21,0.9583333333333334
82,LR,0.22,0.9583333333333334
82,LR,0.23,0.9583333333333334
82,LR,0.24,0.9583333333333334
82,LR,0.25,0.9583333333333334
82,LR,0.26,0.9583333333333334
82,LR,0.27,0.9583333333333334
82,LR,0.28,0.9722222222222222
82,LR,0.29,0.9722222222222222
82,LR,0.3,0.9722222222222222
82,LR,0.31,0.9722222222222222
82,LR,0.32,0.9722222222222222
82,LR,0.33,0.9722222222222222
82,LR,0.34,0.9722222222222222
82,LR,0.35000000000000003,0.9722222222222222
82,LR,0.36,0.9861111111111112
82,LR,0.37,0.9861111111111112
82,LR,0.38,0.9861111111111112
82,LR,0.39,0.9861111111111112
82,LR,0.4,0.9861111111111112
82,LR,0.41000000000000003,0.9861111111111112
82,LR,0.42,0.9861111111111112
82,LR,0.43,0.9861111111111112
82,LR,0.44,0.9861111111111112
82,LR,0.45,0.9861111111111112
82,LR,0.46,1.0
82,LR,0.47000000000000003,1.0
82,LR,0.48,1.0
82,LR,0.49,1.0
82,LR,0.5,1.0
82,LR,0.51,1.0
82,LR,0.52,1.0
82,LR,0.53,1.0
82,LR,0.54,1.0
82,LR,0.55,1.0
82,LR,0.56,1.0
82,LR,0.5700000000000001,1.0
82,LR,0.58,1.0
82,LR,0.59,1.0
82,LR,0.6,1.0
82,LR,0.61,1.0
82,LR,0.62,1.0
82,LR,0.63,1.0
82,LR,0.64,1.0
82,LR,0.65,1.0
82,LR,0.66,1.0
82,LR,0.67,1.0
82,LR,0.68,1.0
82,LR,0.6900000000000001,1.0
82,LR,0.7000000000000001,1.0
82,LR,0.71,1.0
82,LR,0.72,1.0
82,LR,0.73,1.0
82,LR,0.74,1.0
82,LR,0.75,1.0
82,LR,0.76,1.0
82,LR,0.77,1.0
82,LR,0.78,1.0
82,LR,0.79,1.0
82,LR,0.8,1.0
82,LR,0.81,1.0
82,LR,0.8200000000000001,1.0
82,LR,0.8300000000000001,1.0
82,LR,0.84,1.0
82,LR,0.85,1.0
82,LR,0.86,1.0
82,LR,0.87,1.0
82,LR,0.88,1.0
82,LR,0.89,1.0
82,LR,0.9,1.0
82,LR,0.91,1.0
82,LR,0.92,1.0
82,LR,0.93,1.0
82,LR,0.9400000000000001,1.0
82,LR,0.9500000000000001,1.0
82,LR,0.96,1.0
82,LR,0.97,1.0
82,LR,0.98,1.0
82,LR,0.99,1.0
82,LR,1.0,1.0
82,GAM,0.0,0.625
82,GAM,0.01,0.6805555555555556
82,GAM,0.02,0.6805555555555556
82,GAM,0.03,0.8333333333333334
82,GAM,0.04,0.8611111111111112
82,GAM,0.05,0.875
82,GAM,0.06,0.875
82,GAM,0.07,0.8888888888888888
82,GAM,0.08,0.9027777777777778
82,GAM,0.09,0.9027777777777778
82,GAM,0.1,0.9027777777777778
82,GAM,0.11,0.9166666666666666
82,GAM,0.12,0.9166666666666666
82,GAM,0.13,0.9166666666666666
82,GAM,0.14,0.9166666666666666
82,GAM,0.15,0.9166666666666666
82,GAM,0.16,0.9166666666666666
82,GAM,0.17,0.9166666666666666
82,GAM,0.18,0.9166666666666666
82,GAM,0.19,0.9166666666666666
82,GAM,0.2,0.9305555555555556
82,GAM,0.21,0.9583333333333334
82,GAM,0.22,0.9583333333333334
82,GAM,0.23,0.9583333333333334
82,GAM,0.24,0.9583333333333334
82,GAM,0.25,0.9722222222222222
82,GAM,0.26,0.9722222222222222
82,GAM,0.27,0.9722222222222222
82,GAM,0.28,0.9861111111111112
82,GAM,0.29,0.9861111111111112
82,GAM,0.3,0.9861111111111112
82,GAM,0.31,0.9861111111111112
82,GAM,0.32,0.9861111111111112
82,GAM,0.33,0.9861111111111112
82,GAM,0.34,0.9861111111111112
82,GAM,0.35000000000000003,0.9861111111111112
82,GAM,0.36,0.9861111111111112
82,GAM,0.37,0.9861111111111112
82,GAM,0.38,0.9861111111111112
82,GAM,0.39,0.9861111111111112
82,GAM,0.4,1.0
82,GAM,0.41000000000000003,1.0
82,GAM,0.42,1.0
82,GAM,0.43,1.0
82,GAM,0.44,1.0
82,GAM,0.45,1.0
82,GAM,0.46,1.0
82,GAM,0.47000000000000003,1.0
82,GAM,0.48,1.0
82,GAM,0.49,1.0
82,GAM,0.5,1.0
82,GAM,0.51,1.0
82,GAM,0.52,1.0
82,GAM,0.53,1.0
82,GAM,0.54,1.0
82,GAM,0.55,1.0
82,GAM,0.56,1.0
82,GAM,0.5700000000000001,1.0
82,GAM,0.58,1.0
82,GAM,0.59,1.0
82,GAM,0.6,1.0
82,GAM,0.61,1.0
82,GAM,0.62,1.0
82,GAM,0.63,1.0
82,GAM,0.64,1.0
82,GAM,0.65,1.0
82,GAM,0.66,1.0
82,GAM,0.67,1.0
82,GAM,0.68,1.0
82,GAM,0.6900000000000001,1.0
82,GAM,0.7000000000000001,1.0
82,GAM,0.71,1.0
82,GAM,0.72,1.0
82,GAM,0.73,1.0
82,GAM,0.74,1.0
82,GAM,0.75,1.0
82,GAM,0.76,1.0
82,GAM,0.77,1.0
82,GAM,0.78,1.0
82,GAM,0.79,1.0
82,GAM,0.8,1.0
82,GAM,0.81,1.0
82,GAM,0.8200000000000001,1.0
82,GAM,0.8300000000000001,1.0
82,GAM,0.84,1.0
82,GAM,0.85,1.0
82,GAM,0.86,1.0
82,GAM,0.87,1.0
82,GAM,0.88,1.0
82,GAM,0.89,1.0
82,GAM,0.9,1.0
82,GAM,0.91,1.0
82,GAM,0.92,1.0
82,GAM,0.93,1.0
82,GAM,0.9400000000000001,1.0
82,GAM,0.9500000000000001,1.0
82,GAM,0.96,1.0
82,GAM,0.97,1.0
82,GAM,0.98,1.0
82,GAM,0.99,1.0
82,GAM,1.0,1.0
82,RF,0.0,0.5833333333333334
82,RF,0.01,0.7638888888888888
82,RF,0.02,0.7777777777777778
82,RF,0.03,0.8055555555555556
82,RF,0.04,0.8472222222222222
82,RF,0.05,0.875
82,RF,0.06,0.8888888888888888
82,RF,0.07,0.8888888888888888
82,RF,0.08,0.8888888888888888
82,RF,0.09,0.8888888888888888
82,RF,0.1,0.9027777777777778
82,RF,0.11,0.9166666666666666
82,RF,0.12,0.9305555555555556
82,RF,0.13,0.9444444444444444
82,RF,0.14,0.9444444444444444
82,RF,0.15,0.9583333333333334
82,RF,0.16,0.9583333333333334
82,RF,0.17,0.9583333333333334
82,RF,0.18,0.9583333333333334
82,RF,0.19,0.9722222222222222
82,RF,0.2,0.9722222222222222
82,RF,0.21,0.9722222222222222
82,RF,0.22,0.9722222222222222
82,RF,0.23,0.9722222222222222
82,RF,0.24,0.9722222222222222
82,RF,0.25,0.9722222222222222
82,RF,0.26,0.9722222222222222
82,RF,0.27,0.9722222222222222
82,RF,0.28,0.9722222222222222
82,RF,0.29,0.9722222222222222
82,RF,0.3,0.9722222222222222
82,RF,0.31,0.9722222222222222
82,RF,0.32,0.9722222222222222
82,RF,0.33,0.9722222222222222
82,RF,0.34,0.9722222222222222
82,RF,0.35000000000000003,0.9861111111111112
82,RF,0.36,0.9861111111111112
82,RF,0.37,0.9861111111111112
82,RF,0.38,0.9861111111111112
82,RF,0.39,0.9861111111111112
82,RF,0.4,0.9861111111111112
82,RF,0.41000000000000003,0.9861111111111112
82,RF,0.42,0.9861111111111112
82,RF,0.43,0.9861111111111112
82,RF,0.44,0.9861111111111112
82,RF,0.45,0.9861111111111112
82,RF,0.46,0.9861111111111112
82,RF,0.47000000000000003,0.9861111111111112
82,RF,0.48,0.9861111111111112
82,RF,0.49,0.9861111111111112
82,RF,0.5,0.9861111111111112
82,RF,0.51,0.9861111111111112
82,RF,0.52,1.0
82,RF,0.53,1.0
82,RF,0.54,1.0
82,RF,0.55,1.0
82,RF,0.56,1.0
82,RF,0.5700000000000001,1.0
82,RF,0.58,1.0
82,RF,0.59,1.0
82,RF,0.6,1.0
82,RF,0.61,1.0
82,RF,0.62,1.0
82,RF,0.63,1.0
82,RF,0.64,1.0
82,RF,0.65,1.0
82,RF,0.66,1.0
82,RF,0.67,1.0
82,RF,0.68,1.0
82,RF,0.6900000000000001,1.0
82,RF,0.7000000000000001,1.0
82,RF,0.71,1.0
82,RF,0.72,1.0
82,RF,0.73,1.0
82,RF,0.74,1.0
82,RF,0.75,1.0
82,RF,0.76,1.0
82,RF,0.77,1.0
82,RF,0.78,1.0
82,RF,0.79,1.0
82,RF,0.8,1.0
82,RF,0.81,1.0
82,RF,0.8200000000000001,1.0
82,RF,0.8300000000000001,1.0
82,RF,0.84,1.0
82,RF,0.85,1.0
82,RF,0.86,1.0
82,RF,0.87,1.0
82,RF,0.88,1.0
82,RF,0.89,1.0
82,RF,0.9,1.0
82,RF,0.91,1.0
82,RF,0.92,1.0
82,RF,0.93,1.0
82,RF,0.9400000000000001,1.0
82,RF,0.9500000000000001,1.0
82,RF,0.96,1.0
82,RF,0.97,1.0
82,RF,0.98,1.0
82,RF,0.99,1.0
82,RF,1.0,1.0
83,LR,0.0,0.6111111111111112
83,LR,0.01,0.7638888888888888
83,LR,0.02,0.8055555555555556
83,LR,0.03,0.8333333333333334
83,LR,0.04,0.8472222222222222
83,LR,0.05,0.875
83,LR,0.06,0.875
83,LR,0.07,0.875
83,LR,0.08,0.8888888888888888
83,LR,0.09,0.9166666666666666
83,LR,0.1,0.9166666666666666
83,LR,0.11,0.9166666666666666
83,LR,0.12,0.9166666666666666
83,LR,0.13,0.9166666666666666
83,LR,0.14,0.9166666666666666
83,LR,0.15,0.9166666666666666
83,LR,0.16,0.9166666666666666
83,LR,0.17,0.9166666666666666
83,LR,0.18,0.9166666666666666
83,LR,0.19,0.9166666666666666
83,LR,0.2,0.9166666666666666
83,LR,0.21,0.9166666666666666
83,LR,0.22,0.9166666666666666
83,LR,0.23,0.9166666666666666
83,LR,0.24,0.9444444444444444
83,LR,0.25,0.9444444444444444
83,LR,0.26,0.9444444444444444
83,LR,0.27,0.9444444444444444
83,LR,0.28,0.9444444444444444
83,LR,0.29,0.9444444444444444
83,LR,0.3,0.9444444444444444
83,LR,0.31,0.9444444444444444
83,LR,0.32,0.9444444444444444
83,LR,0.33,0.9444444444444444
83,LR,0.34,0.9444444444444444
83,LR,0.35000000000000003,0.9444444444444444
83,LR,0.36,0.9444444444444444
83,LR,0.37,0.9583333333333334
83,LR,0.38,0.9583333333333334
83,LR,0.39,0.9583333333333334
83,LR,0.4,0.9583333333333334
83,LR,0.41000000000000003,0.9583333333333334
83,LR,0.42,0.9583333333333334
83,LR,0.43,0.9583333333333334
83,LR,0.44,0.9583333333333334
83,LR,0.45,0.9583333333333334
83,LR,0.46,0.9583333333333334
83,LR,0.47000000000000003,0.9583333333333334
83,LR,0.48,0.9583333333333334
83,LR,0.49,0.9583333333333334
83,LR,0.5,0.9583333333333334
83,LR,0.51,0.9722222222222222
83,LR,0.52,0.9722222222222222
83,LR,0.53,0.9722222222222222
83,LR,0.54,0.9722222222222222
83,LR,0.55,0.9722222222222222
83,LR,0.56,0.9722222222222222
83,LR,0.5700000000000001,0.9722222222222222
83,LR,0.58,0.9722222222222222
83,LR,0.59,0.9722222222222222
83,LR,0.6,0.9722222222222222
83,LR,0.61,0.9722222222222222
83,LR,0.62,0.9722222222222222
83,LR,0.63,0.9722222222222222
83,LR,0.64,0.9861111111111112
83,LR,0.65,0.9861111111111112
83,LR,0.66,0.9861111111111112
83,LR,0.67,0.9861111111111112
83,LR,0.68,0.9861111111111112
83,LR,0.6900000000000001,0.9861111111111112
83,LR,0.7000000000000001,0.9861111111111112
83,LR,0.71,0.9861111111111112
83,LR,0.72,0.9861111111111112
83,LR,0.73,0.9861111111111112
83,LR,0.74,0.9861111111111112
83,LR,0.75,0.9861111111111112
83,LR,0.76,0.9861111111111112
83,LR,0.77,0.9861111111111112
83,LR,0.78,0.9861111111111112
83,LR,0.79,0.9861111111111112
83,LR,0.8,0.9861111111111112
83,LR,0.81,0.9861111111111112
83,LR,0.8200000000000001,0.9861111111111112
83,LR,0.8300000000000001,0.9861111111111112
83,LR,0.84,0.9861111111111112
83,LR,0.85,0.9861111111111112
83,LR,0.86,1.0
83,LR,0.87,1.0
83,LR,0.88,1.0
83,LR,0.89,1.0
83,LR,0.9,1.0
83,LR,0.91,1.0
83,LR,0.92,1.0
83,LR,0.93,1.0
83,LR,0.9400000000000001,1.0
83,LR,0.9500000000000001,1.0
83,LR,0.96,1.0
83,LR,0.97,1.0
83,LR,0.98,1.0
83,LR,0.99,1.0
83,LR,1.0,1.0
83,GAM,0.0,0.5972222222222222
83,GAM,0.01,0.7777777777777778
83,GAM,0.02,0.8194444444444444
83,GAM,0.03,0.8472222222222222
83,GAM,0.04,0.8472222222222222
83,GAM,0.05,0.8611111111111112
83,GAM,0.06,0.9027777777777778
83,GAM,0.07,0.9027777777777778
83,GAM,0.08,0.9027777777777778
83,GAM,0.09,0.9166666666666666
83,GAM,0.1,0.9166666666666666
83,GAM,0.11,0.9166666666666666
83,GAM,0.12,0.9166666666666666
83,GAM,0.13,0.9166666666666666
83,GAM,0.14,0.9166666666666666
83,GAM,0.15,0.9166666666666666
83,GAM,0.16,0.9166666666666666
83,GAM,0.17,0.9166666666666666
83,GAM,0.18,0.9166666666666666
83,GAM,0.19,0.9166666666666666
83,GAM,0.2,0.9166666666666666
83,GAM,0.21,0.9166666666666666
83,GAM,0.22,0.9305555555555556
83,GAM,0.23,0.9305555555555556
83,GAM,0.24,0.9305555555555556
83,GAM,0.25,0.9305555555555556
83,GAM,0.26,0.9305555555555556
83,GAM,0.27,0.9305555555555556
83,GAM,0.28,0.9305555555555556
83,GAM,0.29,0.9305555555555556
83,GAM,0.3,0.9583333333333334
83,GAM,0.31,0.9583333333333334
83,GAM,0.32,0.9583333333333334
83,GAM,0.33,0.9583333333333334
83,GAM,0.34,0.9583333333333334
83,GAM,0.35000000000000003,0.9583333333333334
83,GAM,0.36,0.9583333333333334
83,GAM,0.37,0.9583333333333334
83,GAM,0.38,0.9583333333333334
83,GAM,0.39,0.9583333333333334
83,GAM,0.4,0.9583333333333334
83,GAM,0.41000000000000003,0.9583333333333334
83,GAM,0.42,0.9583333333333334
83,GAM,0.43,0.9583333333333334
83,GAM,0.44,0.9583333333333334
83,GAM,0.45,0.9722222222222222
83,GAM,0.46,0.9722222222222222
83,GAM,0.47000000000000003,0.9722222222222222
83,GAM,0.48,0.9722222222222222
83,GAM,0.49,0.9722222222222222
83,GAM,0.5,0.9722222222222222
83,GAM,0.51,0.9722222222222222
83,GAM,0.52,0.9722222222222222
83,GAM,0.53,0.9722222222222222
83,GAM,0.54,0.9722222222222222
83,GAM,0.55,0.9722222222222222
83,GAM,0.56,0.9722222222222222
83,GAM,0.5700000000000001,0.9722222222222222
83,GAM,0.58,0.9722222222222222
83,GAM,0.59,0.9722222222222222
83,GAM,0.6,0.9722222222222222
83,GAM,0.61,0.9722222222222222
83,GAM,0.62,0.9722222222222222
83,GAM,0.63,0.9722222222222222
83,GAM,0.64,0.9861111111111112
83,GAM,0.65,0.9861111111111112
83,GAM,0.66,0.9861111111111112
83,GAM,0.67,0.9861111111111112
83,GAM,0.68,0.9861111111111112
83,GAM,0.6900000000000001,0.9861111111111112
83,GAM,0.7000000000000001,0.9861111111111112
83,GAM,0.71,0.9861111111111112
83,GAM,0.72,0.9861111111111112
83,GAM,0.73,0.9861111111111112
83,GAM,0.74,0.9861111111111112
83,GAM,0.75,0.9861111111111112
83,GAM,0.76,0.9861111111111112
83,GAM,0.77,0.9861111111111112
83,GAM,0.78,0.9861111111111112
83,GAM,0.79,0.9861111111111112
83,GAM,0.8,0.9861111111111112
83,GAM,0.81,0.9861111111111112
83,GAM,0.8200000000000001,1.0
83,GAM,0.8300000000000001,1.0
83,GAM,0.84,1.0
83,GAM,0.85,1.0
83,GAM,0.86,1.0
83,GAM,0.87,1.0
83,GAM,0.88,1.0
83,GAM,0.89,1.0
83,GAM,0.9,1.0
83,GAM,0.91,1.0
83,GAM,0.92,1.0
83,GAM,0.93,1.0
83,GAM,0.9400000000000001,1.0
83,GAM,0.9500000000000001,1.0
83,GAM,0.96,1.0
83,GAM,0.97,1.0
83,GAM,0.98,1.0
83,GAM,0.99,1.0
83,GAM,1.0,1.0
83,RF,0.0,0.7083333333333334
83,RF,0.01,0.7916666666666666
83,RF,0.02,0.8194444444444444
83,RF,0.03,0.8611111111111112
83,RF,0.04,0.9027777777777778
83,RF,0.05,0.9027777777777778
83,RF,0.06,0.9027777777777778
83,RF,0.07,0.9027777777777778
83,RF,0.08,0.9027777777777778
83,RF,0.09,0.9027777777777778
83,RF,0.1,0.9027777777777778
83,RF,0.11,0.9027777777777778
83,RF,0.12,0.9027777777777778
83,RF,0.13,0.9166666666666666
83,RF,0.14,0.9166666666666666
83,RF,0.15,0.9166666666666666
83,RF,0.16,0.9166666666666666
83,RF,0.17,0.9166666666666666
83,RF,0.18,0.9166666666666666
83,RF,0.19,0.9305555555555556
83,RF,0.2,0.9305555555555556
83,RF,0.21,0.9305555555555556
83,RF,0.22,0.9444444444444444
83,RF,0.23,0.9444444444444444
83,RF,0.24,0.9444444444444444
83,RF,0.25,0.9444444444444444
83,RF,0.26,0.9444444444444444
83,RF,0.27,0.9444444444444444
83,RF,0.28,0.9444444444444444
83,RF,0.29,0.9444444444444444
83,RF,0.3,0.9444444444444444
83,RF,0.31,0.9444444444444444
83,RF,0.32,0.9444444444444444
83,RF,0.33,0.9444444444444444
83,RF,0.34,0.9444444444444444
83,RF,0.35000000000000003,0.9444444444444444
83,RF,0.36,0.9444444444444444
83,RF,0.37,0.9444444444444444
83,RF,0.38,0.9444444444444444
83,RF,0.39,0.9444444444444444
83,RF,0.4,0.9444444444444444
83,RF,0.41000000000000003,0.9444444444444444
83,RF,0.42,0.9444444444444444
83,RF,0.43,0.9583333333333334
83,RF,0.44,0.9722222222222222
83,RF,0.45,0.9722222222222222
83,RF,0.46,0.9722222222222222
83,RF,0.47000000000000003,0.9722222222222222
83,RF,0.48,0.9722222222222222
83,RF,0.49,0.9722222222222222
83,RF,0.5,0.9722222222222222
83,RF,0.51,0.9722222222222222
83,RF,0.52,0.9722222222222222
83,RF,0.53,0.9722222222222222
83,RF,0.54,0.9861111111111112
83,RF,0.55,0.9861111111111112
83,RF,0.56,0.9861111111111112
83,RF,0.5700000000000001,0.9861111111111112
83,RF,0.58,0.9861111111111112
83,RF,0.59,0.9861111111111112
83,RF,0.6,0.9861111111111112
83,RF,0.61,0.9861111111111112
83,RF,0.62,0.9861111111111112
83,RF,0.63,0.9861111111111112
83,RF,0.64,0.9861111111111112
83,RF,0.65,0.9861111111111112
83,RF,0.66,0.9861111111111112
83,RF,0.67,0.9861111111111112
83,RF,0.68,0.9861111111111112
83,RF,0.6900000000000001,0.9861111111111112
83,RF,0.7000000000000001,0.9861111111111112
83,RF,0.71,0.9861111111111112
83,RF,0.72,0.9861111111111112
83,RF,0.73,0.9861111111111112
83,RF,0.74,0.9861111111111112
83,RF,0.75,0.9861111111111112
83,RF,0.76,0.9861111111111112
83,RF,0.77,0.9861111111111112
83,RF,0.78,0.9861111111111112
83,RF,0.79,0.9861111111111112
83,RF,0.8,0.9861111111111112
83,RF,0.81,0.9861111111111112
83,RF,0.8200000000000001,0.9861111111111112
83,RF,0.8300000000000001,0.9861111111111112
83,RF,0.84,0.9861111111111112
83,RF,0.85,0.9861111111111112
83,RF,0.86,0.9861111111111112
83,RF,0.87,0.9861111111111112
83,RF,0.88,0.9861111111111112
83,RF,0.89,0.9861111111111112
83,RF,0.9,0.9861111111111112
83,RF,0.91,0.9861111111111112
83,RF,0.92,0.9861111111111112
83,RF,0.93,0.9861111111111112
83,RF,0.9400000000000001,0.9861111111111112
83,RF,0.9500000000000001,0.9861111111111112
83,RF,0.96,0.9861111111111112
83,RF,0.97,0.9861111111111112
83,RF,0.98,1.0
83,RF,0.99,1.0
83,RF,1.0,1.0
84,LR,0.0,0.10810810810810811
84,LR,0.01,0.5945945945945946
84,LR,0.02,0.6621621621621622
84,LR,0.03,0.7297297297297297
84,LR,0.04,0.7567567567567568
84,LR,0.05,0.7837837837837838
84,LR,0.06,0.7837837837837838
84,LR,0.07,0.8243243243243243
84,LR,0.08,0.8243243243243243
84,LR,0.09,0.8243243243243243
84,LR,0.1,0.8378378378378378
84,LR,0.11,0.8378378378378378
84,LR,0.12,0.8513513513513513
84,LR,0.13,0.8648648648648649
84,LR,0.14,0.8648648648648649
84,LR,0.15,0.9054054054054054
84,LR,0.16,0.9324324324324325
84,LR,0.17,0.9324324324324325
84,LR,0.18,0.9324324324324325
84,LR,0.19,0.9324324324324325
84,LR,0.2,0.9324324324324325
84,LR,0.21,0.9324324324324325
84,LR,0.22,0.9459459459459459
84,LR,0.23,0.9459459459459459
84,LR,0.24,0.9459459459459459
84,LR,0.25,0.9594594594594594
84,LR,0.26,0.9594594594594594
84,LR,0.27,0.972972972972973
84,LR,0.28,0.972972972972973
84,LR,0.29,0.972972972972973
84,LR,0.3,0.972972972972973
84,LR,0.31,0.972972972972973
84,LR,0.32,0.972972972972973
84,LR,0.33,0.972972972972973
84,LR,0.34,0.972972972972973
84,LR,0.35000000000000003,0.972972972972973
84,LR,0.36,0.9864864864864865
84,LR,0.37,0.9864864864864865
84,LR,0.38,0.9864864864864865
84,LR,0.39,0.9864864864864865
84,LR,0.4,0.9864864864864865
84,LR,0.41000000000000003,0.9864864864864865
84,LR,0.42,0.9864864864864865
84,LR,0.43,0.9864864864864865
84,LR,0.44,0.9864864864864865
84,LR,0.45,0.9864864864864865
84,LR,0.46,0.9864864864864865
84,LR,0.47000000000000003,0.9864864864864865
84,LR,0.48,0.9864864864864865
84,LR,0.49,0.9864864864864865
84,LR,0.5,0.9864864864864865
84,LR,0.51,0.9864864864864865
84,LR,0.52,0.9864864864864865
84,LR,0.53,0.9864864864864865
84,LR,0.54,0.9864864864864865
84,LR,0.55,0.9864864864864865
84,LR,0.56,0.9864864864864865
84,LR,0.5700000000000001,0.9864864864864865
84,LR,0.58,0.9864864864864865
84,LR,0.59,1.0
84,LR,0.6,1.0
84,LR,0.61,1.0
84,LR,0.62,1.0
84,LR,0.63,1.0
84,LR,0.64,1.0
84,LR,0.65,1.0
84,LR,0.66,1.0
84,LR,0.67,1.0
84,LR,0.68,1.0
84,LR,0.6900000000000001,1.0
84,LR,0.7000000000000001,1.0
84,LR,0.71,1.0
84,LR,0.72,1.0
84,LR,0.73,1.0
84,LR,0.74,1.0
84,LR,0.75,1.0
84,LR,0.76,1.0
84,LR,0.77,1.0
84,LR,0.78,1.0
84,LR,0.79,1.0
84,LR,0.8,1.0
84,LR,0.81,1.0
84,LR,0.8200000000000001,1.0
84,LR,0.8300000000000001,1.0
84,LR,0.84,1.0
84,LR,0.85,1.0
84,LR,0.86,1.0
84,LR,0.87,1.0
84,LR,0.88,1.0
84,LR,0.89,1.0
84,LR,0.9,1.0
84,LR,0.91,1.0
84,LR,0.92,1.0
84,LR,0.93,1.0
84,LR,0.9400000000000001,1.0
84,LR,0.9500000000000001,1.0
84,LR,0.96,1.0
84,LR,0.97,1.0
84,LR,0.98,1.0
84,LR,0.99,1.0
84,LR,1.0,1.0
84,GAM,0.0,0.20270270270270271
84,GAM,0.01,0.6081081081081081
84,GAM,0.02,0.6621621621621622
84,GAM,0.03,0.7297297297297297
84,GAM,0.04,0.7567567567567568
84,GAM,0.05,0.7837837837837838
84,GAM,0.06,0.7837837837837838
84,GAM,0.07,0.8108108108108109
84,GAM,0.08,0.8243243243243243
84,GAM,0.09,0.8243243243243243
84,GAM,0.1,0.8378378378378378
84,GAM,0.11,0.8783783783783784
84,GAM,0.12,0.8783783783783784
84,GAM,0.13,0.8783783783783784
84,GAM,0.14,0.8918918918918919
84,GAM,0.15,0.918918918918919
84,GAM,0.16,0.918918918918919
84,GAM,0.17,0.918918918918919
84,GAM,0.18,0.9324324324324325
84,GAM,0.19,0.9324324324324325
84,GAM,0.2,0.9324324324324325
84,GAM,0.21,0.9459459459459459
84,GAM,0.22,0.9459459459459459
84,GAM,0.23,0.9594594594594594
84,GAM,0.24,0.972972972972973
84,GAM,0.25,0.972972972972973
84,GAM,0.26,0.972972972972973
84,GAM,0.27,0.9864864864864865
84,GAM,0.28,0.9864864864864865
84,GAM,0.29,0.9864864864864865
84,GAM,0.3,0.9864864864864865
84,GAM,0.31,0.9864864864864865
84,GAM,0.32,0.9864864864864865
84,GAM,0.33,0.9864864864864865
84,GAM,0.34,0.9864864864864865
84,GAM,0.35000000000000003,0.9864864864864865
84,GAM,0.36,0.9864864864864865
84,GAM,0.37,0.9864864864864865
84,GAM,0.38,0.9864864864864865
84,GAM,0.39,0.9864864864864865
84,GAM,0.4,0.9864864864864865
84,GAM,0.41000000000000003,0.9864864864864865
84,GAM,0.42,0.9864864864864865
84,GAM,0.43,0.9864864864864865
84,GAM,0.44,0.9864864864864865
84,GAM,0.45,0.9864864864864865
84,GAM,0.46,0.9864864864864865
84,GAM,0.47000000000000003,0.9864864864864865
84,GAM,0.48,0.9864864864864865
84,GAM,0.49,0.9864864864864865
84,GAM,0.5,1.0
84,GAM,0.51,1.0
84,GAM,0.52,1.0
84,GAM,0.53,1.0
84,GAM,0.54,1.0
84,GAM,0.55,1.0
84,GAM,0.56,1.0
84,GAM,0.5700000000000001,1.0
84,GAM,0.58,1.0
84,GAM,0.59,1.0
84,GAM,0.6,1.0
84,GAM,0.61,1.0
84,GAM,0.62,1.0
84,GAM,0.63,1.0
84,GAM,0.64,1.0
84,GAM,0.65,1.0
84,GAM,0.66,1.0
84,GAM,0.67,1.0
84,GAM,0.68,1.0
84,GAM,0.6900000000000001,1.0
84,GAM,0.7000000000000001,1.0
84,GAM,0.71,1.0
84,GAM,0.72,1.0
84,GAM,0.73,1.0
84,GAM,0.74,1.0
84,GAM,0.75,1.0
84,GAM,0.76,1.0
84,GAM,0.77,1.0
84,GAM,0.78,1.0
84,GAM,0.79,1.0
84,GAM,0.8,1.0
84,GAM,0.81,1.0
84,GAM,0.8200000000000001,1.0
84,GAM,0.8300000000000001,1.0
84,GAM,0.84,1.0
84,GAM,0.85,1.0
84,GAM,0.86,1.0
84,GAM,0.87,1.0
84,GAM,0.88,1.0
84,GAM,0.89,1.0
84,GAM,0.9,1.0
84,GAM,0.91,1.0
84,GAM,0.92,1.0
84,GAM,0.93,1.0
84,GAM,0.9400000000000001,1.0
84,GAM,0.9500000000000001,1.0
84,GAM,0.96,1.0
84,GAM,0.97,1.0
84,GAM,0.98,1.0
84,GAM,0.99,1.0
84,GAM,1.0,1.0
84,RF,0.0,0.5
84,RF,0.01,0.7027027027027027
84,RF,0.02,0.7567567567567568
84,RF,0.03,0.8243243243243243
84,RF,0.04,0.8243243243243243
84,RF,0.05,0.8378378378378378
84,RF,0.06,0.8378378378378378
84,RF,0.07,0.8783783783783784
84,RF,0.08,0.8783783783783784
84,RF,0.09,0.8783783783783784
84,RF,0.1,0.8918918918918919
84,RF,0.11,0.8918918918918919
84,RF,0.12,0.918918918918919
84,RF,0.13,0.9324324324324325
84,RF,0.14,0.9324324324324325
84,RF,0.15,0.9324324324324325
84,RF,0.16,0.9324324324324325
84,RF,0.17,0.9324324324324325
84,RF,0.18,0.9324324324324325
84,RF,0.19,0.9324324324324325
84,RF,0.2,0.9594594594594594
84,RF,0.21,0.9594594594594594
84,RF,0.22,0.972972972972973
84,RF,0.23,0.972972972972973
84,RF,0.24,0.972972972972973
84,RF,0.25,0.972972972972973
84,RF,0.26,0.972972972972973
84,RF,0.27,0.972972972972973
84,RF,0.28,0.972972972972973
84,RF,0.29,0.972972972972973
84,RF,0.3,0.972972972972973
84,RF,0.31,0.972972972972973
84,RF,0.32,0.972972972972973
84,RF,0.33,0.972972972972973
84,RF,0.34,0.972972972972973
84,RF,0.35000000000000003,0.972972972972973
84,RF,0.36,0.972972972972973
84,RF,0.37,0.972972972972973
84,RF,0.38,0.972972972972973
84,RF,0.39,0.972972972972973
84,RF,0.4,0.9864864864864865
84,RF,0.41000000000000003,0.9864864864864865
84,RF,0.42,0.9864864864864865
84,RF,0.43,0.9864864864864865
84,RF,0.44,0.9864864864864865
84,RF,0.45,0.9864864864864865
84,RF,0.46,0.9864864864864865
84,RF,0.47000000000000003,0.9864864864864865
84,RF,0.48,0.9864864864864865
84,RF,0.49,0.9864864864864865
84,RF,0.5,1.0
84,RF,0.51,1.0
84,RF,0.52,1.0
84,RF,0.53,1.0
84,RF,0.54,1.0
84,RF,0.55,1.0
84,RF,0.56,1.0
84,RF,0.5700000000000001,1.0
84,RF,0.58,1.0
84,RF,0.59,1.0
84,RF,0.6,1.0
84,RF,0.61,1.0
84,RF,0.62,1.0
84,RF,0.63,1.0
84,RF,0.64,1.0
84,RF,0.65,1.0
84,RF,0.66,1.0
84,RF,0.67,1.0
84,RF,0.68,1.0
84,RF,0.6900000000000001,1.0
84,RF,0.7000000000000001,1.0
84,RF,0.71,1.0
84,RF,0.72,1.0
84,RF,0.73,1.0
84,RF,0.74,1.0
84,RF,0.75,1.0
84,RF,0.76,1.0
84,RF,0.77,1.0
84,RF,0.78,1.0
84,RF,0.79,1.0
84,RF,0.8,1.0
84,RF,0.81,1.0
84,RF,0.8200000000000001,1.0
84,RF,0.8300000000000001,1.0
84,RF,0.84,1.0
84,RF,0.85,1.0
84,RF,0.86,1.0
84,RF,0.87,1.0
84,RF,0.88,1.0
84,RF,0.89,1.0
84,RF,0.9,1.0
84,RF,0.91,1.0
84,RF,0.92,1.0
84,RF,0.93,1.0
84,RF,0.9400000000000001,1.0
84,RF,0.9500000000000001,1.0
84,RF,0.96,1.0
84,RF,0.97,1.0
84,RF,0.98,1.0
84,RF,0.99,1.0
84,RF,1.0,1.0
85,LR,0.0,0.2647058823529412
85,LR,0.01,0.27941176470588236
85,LR,0.02,0.4264705882352941
85,LR,0.03,0.4852941176470588
85,LR,0.04,0.8382352941176471
85,LR,0.05,0.8382352941176471
85,LR,0.06,0.8529411764705882
85,LR,0.07,0.8676470588235294
85,LR,0.08,0.8676470588235294
85,LR,0.09,0.8676470588235294
85,LR,0.1,0.8676470588235294
85,LR,0.11,0.9117647058823529
85,LR,0.12,0.9117647058823529
85,LR,0.13,0.9117647058823529
85,LR,0.14,0.9117647058823529
85,LR,0.15,0.9117647058823529
85,LR,0.16,0.9117647058823529
85,LR,0.17,0.9117647058823529
85,LR,0.18,0.9264705882352942
85,LR,0.19,0.9411764705882353
85,LR,0.2,0.9411764705882353
85,LR,0.21,0.9411764705882353
85,LR,0.22,0.9411764705882353
85,LR,0.23,0.9411764705882353
85,LR,0.24,0.9411764705882353
85,LR,0.25,0.9411764705882353
85,LR,0.26,0.9411764705882353
85,LR,0.27,0.9411764705882353
85,LR,0.28,0.9411764705882353
85,LR,0.29,0.9558823529411765
85,LR,0.3,0.9558823529411765
85,LR,0.31,0.9558823529411765
85,LR,0.32,0.9558823529411765
85,LR,0.33,0.9558823529411765
85,LR,0.34,0.9558823529411765
85,LR,0.35000000000000003,0.9558823529411765
85,LR,0.36,0.9705882352941176
85,LR,0.37,0.9705882352941176
85,LR,0.38,0.9852941176470589
85,LR,0.39,0.9852941176470589
85,LR,0.4,0.9852941176470589
85,LR,0.41000000000000003,0.9852941176470589
85,LR,0.42,0.9852941176470589
85,LR,0.43,0.9852941176470589
85,LR,0.44,0.9852941176470589
85,LR,0.45,0.9852941176470589
85,LR,0.46,0.9852941176470589
85,LR,0.47000000000000003,0.9852941176470589
85,LR,0.48,0.9852941176470589
85,LR,0.49,0.9852941176470589
85,LR,0.5,0.9852941176470589
85,LR,0.51,0.9852941176470589
85,LR,0.52,0.9852941176470589
85,LR,0.53,0.9852941176470589
85,LR,0.54,0.9852941176470589
85,LR,0.55,0.9852941176470589
85,LR,0.56,0.9852941176470589
85,LR,0.5700000000000001,0.9852941176470589
85,LR,0.58,0.9852941176470589
85,LR,0.59,0.9852941176470589
85,LR,0.6,0.9852941176470589
85,LR,0.61,0.9852941176470589
85,LR,0.62,0.9852941176470589
85,LR,0.63,0.9852941176470589
85,LR,0.64,0.9852941176470589
85,LR,0.65,0.9852941176470589
85,LR,0.66,0.9852941176470589
85,LR,0.67,0.9852941176470589
85,LR,0.68,0.9852941176470589
85,LR,0.6900000000000001,0.9852941176470589
85,LR,0.7000000000000001,0.9852941176470589
85,LR,0.71,0.9852941176470589
85,LR,0.72,0.9852941176470589
85,LR,0.73,0.9852941176470589
85,LR,0.74,0.9852941176470589
85,LR,0.75,0.9852941176470589
85,LR,0.76,0.9852941176470589
85,LR,0.77,0.9852941176470589
85,LR,0.78,0.9852941176470589
85,LR,0.79,0.9852941176470589
85,LR,0.8,0.9852941176470589
85,LR,0.81,0.9852941176470589
85,LR,0.8200000000000001,0.9852941176470589
85,LR,0.8300000000000001,0.9852941176470589
85,LR,0.84,0.9852941176470589
85,LR,0.85,0.9852941176470589
85,LR,0.86,0.9852941176470589
85,LR,0.87,0.9852941176470589
85,LR,0.88,0.9852941176470589
85,LR,0.89,0.9852941176470589
85,LR,0.9,0.9852941176470589
85,LR,0.91,0.9852941176470589
85,LR,0.92,0.9852941176470589
85,LR,0.93,0.9852941176470589
85,LR,0.9400000000000001,0.9852941176470589
85,LR,0.9500000000000001,0.9852941176470589
85,LR,0.96,0.9852941176470589
85,LR,0.97,1.0
85,LR,0.98,1.0
85,LR,0.99,1.0
85,LR,1.0,1.0
85,GAM,0.0,0.19117647058823528
85,GAM,0.01,0.22058823529411764
85,GAM,0.02,0.4117647058823529
85,GAM,0.03,0.5294117647058824
85,GAM,0.04,0.8529411764705882
85,GAM,0.05,0.8529411764705882
85,GAM,0.06,0.8823529411764706
85,GAM,0.07,0.8823529411764706
85,GAM,0.08,0.8823529411764706
85,GAM,0.09,0.8823529411764706
85,GAM,0.1,0.8823529411764706
85,GAM,0.11,0.8970588235294118
85,GAM,0.12,0.9117647058823529
85,GAM,0.13,0.9117647058823529
85,GAM,0.14,0.9117647058823529
85,GAM,0.15,0.9264705882352942
85,GAM,0.16,0.9264705882352942
85,GAM,0.17,0.9264705882352942
85,GAM,0.18,0.9264705882352942
85,GAM,0.19,0.9264705882352942
85,GAM,0.2,0.9411764705882353
85,GAM,0.21,0.9411764705882353
85,GAM,0.22,0.9411764705882353
85,GAM,0.23,0.9411764705882353
85,GAM,0.24,0.9705882352941176
85,GAM,0.25,0.9705882352941176
85,GAM,0.26,0.9705882352941176
85,GAM,0.27,0.9705882352941176
85,GAM,0.28,0.9705882352941176
85,GAM,0.29,0.9705882352941176
85,GAM,0.3,0.9852941176470589
85,GAM,0.31,0.9852941176470589
85,GAM,0.32,0.9852941176470589
85,GAM,0.33,0.9852941176470589
85,GAM,0.34,0.9852941176470589
85,GAM,0.35000000000000003,0.9852941176470589
85,GAM,0.36,0.9852941176470589
85,GAM,0.37,0.9852941176470589
85,GAM,0.38,0.9852941176470589
85,GAM,0.39,0.9852941176470589
85,GAM,0.4,0.9852941176470589
85,GAM,0.41000000000000003,0.9852941176470589
85,GAM,0.42,0.9852941176470589
85,GAM,0.43,0.9852941176470589
85,GAM,0.44,0.9852941176470589
85,GAM,0.45,0.9852941176470589
85,GAM,0.46,0.9852941176470589
85,GAM,0.47000000000000003,0.9852941176470589
85,GAM,0.48,0.9852941176470589
85,GAM,0.49,0.9852941176470589
85,GAM,0.5,0.9852941176470589
85,GAM,0.51,0.9852941176470589
85,GAM,0.52,0.9852941176470589
85,GAM,0.53,0.9852941176470589
85,GAM,0.54,0.9852941176470589
85,GAM,0.55,0.9852941176470589
85,GAM,0.56,0.9852941176470589
85,GAM,0.5700000000000001,0.9852941176470589
85,GAM,0.58,0.9852941176470589
85,GAM,0.59,0.9852941176470589
85,GAM,0.6,0.9852941176470589
85,GAM,0.61,0.9852941176470589
85,GAM,0.62,0.9852941176470589
85,GAM,0.63,0.9852941176470589
85,GAM,0.64,0.9852941176470589
85,GAM,0.65,0.9852941176470589
85,GAM,0.66,0.9852941176470589
85,GAM,0.67,0.9852941176470589
85,GAM,0.68,0.9852941176470589
85,GAM,0.6900000000000001,0.9852941176470589
85,GAM,0.7000000000000001,0.9852941176470589
85,GAM,0.71,0.9852941176470589
85,GAM,0.72,0.9852941176470589
85,GAM,0.73,0.9852941176470589
85,GAM,0.74,0.9852941176470589
85,GAM,0.75,0.9852941176470589
85,GAM,0.76,0.9852941176470589
85,GAM,0.77,0.9852941176470589
85,GAM,0.78,0.9852941176470589
85,GAM,0.79,0.9852941176470589
85,GAM,0.8,0.9852941176470589
85,GAM,0.81,0.9852941176470589
85,GAM,0.8200000000000001,0.9852941176470589
85,GAM,0.8300000000000001,0.9852941176470589
85,GAM,0.84,0.9852941176470589
85,GAM,0.85,0.9852941176470589
85,GAM,0.86,0.9852941176470589
85,GAM,0.87,0.9852941176470589
85,GAM,0.88,0.9852941176470589
85,GAM,0.89,0.9852941176470589
85,GAM,0.9,0.9852941176470589
85,GAM,0.91,0.9852941176470589
85,GAM,0.92,0.9852941176470589
85,GAM,0.93,1.0
85,GAM,0.9400000000000001,1.0
85,GAM,0.9500000000000001,1.0
85,GAM,0.96,1.0
85,GAM,0.97,1.0
85,GAM,0.98,1.0
85,GAM,0.99,1.0
85,GAM,1.0,1.0
85,RF,0.0,0.5588235294117647
85,RF,0.01,0.6176470588235294
85,RF,0.02,0.7941176470588235
85,RF,0.03,0.7941176470588235
85,RF,0.04,0.8088235294117647
85,RF,0.05,0.8088235294117647
85,RF,0.06,0.8235294117647058
85,RF,0.07,0.8382352941176471
85,RF,0.08,0.8676470588235294
85,RF,0.09,0.8676470588235294
85,RF,0.1,0.8823529411764706
85,RF,0.11,0.8823529411764706
85,RF,0.12,0.8970588235294118
85,RF,0.13,0.8970588235294118
85,RF,0.14,0.9264705882352942
85,RF,0.15,0.9264705882352942
85,RF,0.16,0.9411764705882353
85,RF,0.17,0.9411764705882353
85,RF,0.18,0.9411764705882353
85,RF,0.19,0.9558823529411765
85,RF,0.2,0.9558823529411765
85,RF,0.21,0.9558823529411765
85,RF,0.22,0.9558823529411765
85,RF,0.23,0.9705882352941176
85,RF,0.24,0.9705882352941176
85,RF,0.25,0.9705882352941176
85,RF,0.26,0.9705882352941176
85,RF,0.27,0.9705882352941176
85,RF,0.28,0.9705882352941176
85,RF,0.29,0.9852941176470589
85,RF,0.3,0.9852941176470589
85,RF,0.31,0.9852941176470589
85,RF,0.32,0.9852941176470589
85,RF,0.33,0.9852941176470589
85,RF,0.34,0.9852941176470589
85,RF,0.35000000000000003,0.9852941176470589
85,RF,0.36,0.9852941176470589
85,RF,0.37,0.9852941176470589
85,RF,0.38,0.9852941176470589
85,RF,0.39,0.9852941176470589
85,RF,0.4,0.9852941176470589
85,RF,0.41000000000000003,0.9852941176470589
85,RF,0.42,0.9852941176470589
85,RF,0.43,0.9852941176470589
85,RF,0.44,1.0
85,RF,0.45,1.0
85,RF,0.46,1.0
85,RF,0.47000000000000003,1.0
85,RF,0.48,1.0
85,RF,0.49,1.0
85,RF,0.5,1.0
85,RF,0.51,1.0
85,RF,0.52,1.0
85,RF,0.53,1.0
85,RF,0.54,1.0
85,RF,0.55,1.0
85,RF,0.56,1.0
85,RF,0.5700000000000001,1.0
85,RF,0.58,1.0
85,RF,0.59,1.0
85,RF,0.6,1.0
85,RF,0.61,1.0
85,RF,0.62,1.0
85,RF,0.63,1.0
85,RF,0.64,1.0
85,RF,0.65,1.0
85,RF,0.66,1.0
85,RF,0.67,1.0
85,RF,0.68,1.0
85,RF,0.6900000000000001,1.0
85,RF,0.7000000000000001,1.0
85,RF,0.71,1.0
85,RF,0.72,1.0
85,RF,0.73,1.0
85,RF,0.74,1.0
85,RF,0.75,1.0
85,RF,0.76,1.0
85,RF,0.77,1.0
85,RF,0.78,1.0
85,RF,0.79,1.0
85,RF,0.8,1.0
85,RF,0.81,1.0
85,RF,0.8200000000000001,1.0
85,RF,0.8300000000000001,1.0
85,RF,0.84,1.0
85,RF,0.85,1.0
85,RF,0.86,1.0
85,RF,0.87,1.0
85,RF,0.88,1.0
85,RF,0.89,1.0
85,RF,0.9,1.0
85,RF,0.91,1.0
85,RF,0.92,1.0
85,RF,0.93,1.0
85,RF,0.9400000000000001,1.0
85,RF,0.9500000000000001,1.0
85,RF,0.96,1.0
85,RF,0.97,1.0
85,RF,0.98,1.0
85,RF,0.99,1.0
85,RF,1.0,1.0
86,LR,0.0,0.13846153846153847
86,LR,0.01,0.13846153846153847
86,LR,0.02,0.5538461538461539
86,LR,0.03,0.676923076923077
86,LR,0.04,0.7230769230769231
86,LR,0.05,0.7384615384615385
86,LR,0.06,0.7538461538461538
86,LR,0.07,0.7538461538461538
86,LR,0.08,0.8
86,LR,0.09,0.8
86,LR,0.1,0.8307692307692308
86,LR,0.11,0.8307692307692308
86,LR,0.12,0.8615384615384616
86,LR,0.13,0.8769230769230769
86,LR,0.14,0.8769230769230769
86,LR,0.15,0.8923076923076924
86,LR,0.16,0.8923076923076924
86,LR,0.17,0.8923076923076924
86,LR,0.18,0.8923076923076924
86,LR,0.19,0.8923076923076924
86,LR,0.2,0.8923076923076924
86,LR,0.21,0.8923076923076924
86,LR,0.22,0.8923076923076924
86,LR,0.23,0.9076923076923077
86,LR,0.24,0.9076923076923077
86,LR,0.25,0.9230769230769231
86,LR,0.26,0.9384615384615385
86,LR,0.27,0.9384615384615385
86,LR,0.28,0.9384615384615385
86,LR,0.29,0.9538461538461539
86,LR,0.3,0.9538461538461539
86,LR,0.31,0.9538461538461539
86,LR,0.32,0.9538461538461539
86,LR,0.33,0.9538461538461539
86,LR,0.34,0.9538461538461539
86,LR,0.35000000000000003,0.9538461538461539
86,LR,0.36,0.9538461538461539
86,LR,0.37,0.9538461538461539
86,LR,0.38,0.9538461538461539
86,LR,0.39,0.9538461538461539
86,LR,0.4,0.9538461538461539
86,LR,0.41000000000000003,0.9538461538461539
86,LR,0.42,0.9692307692307692
86,LR,0.43,0.9692307692307692
86,LR,0.44,0.9692307692307692
86,LR,0.45,0.9692307692307692
86,LR,0.46,0.9692307692307692
86,LR,0.47000000000000003,0.9692307692307692
86,LR,0.48,0.9692307692307692
86,LR,0.49,0.9692307692307692
86,LR,0.5,0.9692307692307692
86,LR,0.51,0.9692307692307692
86,LR,0.52,0.9692307692307692
86,LR,0.53,0.9692307692307692
86,LR,0.54,0.9692307692307692
86,LR,0.55,0.9692307692307692
86,LR,0.56,0.9692307692307692
86,LR,0.5700000000000001,0.9846153846153847
86,LR,0.58,0.9846153846153847
86,LR,0.59,0.9846153846153847
86,LR,0.6,0.9846153846153847
86,LR,0.61,0.9846153846153847
86,LR,0.62,0.9846153846153847
86,LR,0.63,0.9846153846153847
86,LR,0.64,0.9846153846153847
86,LR,0.65,0.9846153846153847
86,LR,0.66,0.9846153846153847
86,LR,0.67,0.9846153846153847
86,LR,0.68,0.9846153846153847
86,LR,0.6900000000000001,0.9846153846153847
86,LR,0.7000000000000001,0.9846153846153847
86,LR,0.71,0.9846153846153847
86,LR,0.72,0.9846153846153847
86,LR,0.73,0.9846153846153847
86,LR,0.74,0.9846153846153847
86,LR,0.75,0.9846153846153847
86,LR,0.76,0.9846153846153847
86,LR,0.77,0.9846153846153847
86,LR,0.78,0.9846153846153847
86,LR,0.79,0.9846153846153847
86,LR,0.8,0.9846153846153847
86,LR,0.81,0.9846153846153847
86,LR,0.8200000000000001,0.9846153846153847
86,LR,0.8300000000000001,0.9846153846153847
86,LR,0.84,0.9846153846153847
86,LR,0.85,0.9846153846153847
86,LR,0.86,0.9846153846153847
86,LR,0.87,0.9846153846153847
86,LR,0.88,0.9846153846153847
86,LR,0.89,0.9846153846153847
86,LR,0.9,0.9846153846153847
86,LR,0.91,0.9846153846153847
86,LR,0.92,0.9846153846153847
86,LR,0.93,1.0
86,LR,0.9400000000000001,1.0
86,LR,0.9500000000000001,1.0
86,LR,0.96,1.0
86,LR,0.97,1.0
86,LR,0.98,1.0
86,LR,0.99,1.0
86,LR,1.0,1.0
86,GAM,0.0,0.12307692307692308
86,GAM,0.01,0.12307692307692308
86,GAM,0.02,0.38461538461538464
86,GAM,0.03,0.5692307692307692
86,GAM,0.04,0.7230769230769231
86,GAM,0.05,0.7230769230769231
86,GAM,0.06,0.8
86,GAM,0.07,0.8
86,GAM,0.08,0.8153846153846154
86,GAM,0.09,0.8153846153846154
86,GAM,0.1,0.8153846153846154
86,GAM,0.11,0.8153846153846154
86,GAM,0.12,0.8769230769230769
86,GAM,0.13,0.8769230769230769
86,GAM,0.14,0.9076923076923077
86,GAM,0.15,0.9076923076923077
86,GAM,0.16,0.9076923076923077
86,GAM,0.17,0.9076923076923077
86,GAM,0.18,0.9076923076923077
86,GAM,0.19,0.9076923076923077
86,GAM,0.2,0.9076923076923077
86,GAM,0.21,0.9076923076923077
86,GAM,0.22,0.9230769230769231
86,GAM,0.23,0.9384615384615385
86,GAM,0.24,0.9384615384615385
86,GAM,0.25,0.9384615384615385
86,GAM,0.26,0.9384615384615385
86,GAM,0.27,0.9384615384615385
86,GAM,0.28,0.9538461538461539
86,GAM,0.29,0.9538461538461539
86,GAM,0.3,0.9538461538461539
86,GAM,0.31,0.9538461538461539
86,GAM,0.32,0.9538461538461539
86,GAM,0.33,0.9538461538461539
86,GAM,0.34,0.9538461538461539
86,GAM,0.35000000000000003,0.9538461538461539
86,GAM,0.36,0.9538461538461539
86,GAM,0.37,0.9538461538461539
86,GAM,0.38,0.9538461538461539
86,GAM,0.39,0.9538461538461539
86,GAM,0.4,0.9538461538461539
86,GAM,0.41000000000000003,0.9538461538461539
86,GAM,0.42,0.9538461538461539
86,GAM,0.43,0.9538461538461539
86,GAM,0.44,0.9692307692307692
86,GAM,0.45,0.9692307692307692
86,GAM,0.46,0.9692307692307692
86,GAM,0.47000000000000003,0.9692307692307692
86,GAM,0.48,0.9692307692307692
86,GAM,0.49,0.9692307692307692
86,GAM,0.5,0.9692307692307692
86,GAM,0.51,0.9846153846153847
86,GAM,0.52,0.9846153846153847
86,GAM,0.53,0.9846153846153847
86,GAM,0.54,0.9846153846153847
86,GAM,0.55,0.9846153846153847
86,GAM,0.56,0.9846153846153847
86,GAM,0.5700000000000001,0.9846153846153847
86,GAM,0.58,0.9846153846153847
86,GAM,0.59,0.9846153846153847
86,GAM,0.6,0.9846153846153847
86,GAM,0.61,0.9846153846153847
86,GAM,0.62,0.9846153846153847
86,GAM,0.63,0.9846153846153847
86,GAM,0.64,0.9846153846153847
86,GAM,0.65,0.9846153846153847
86,GAM,0.66,0.9846153846153847
86,GAM,0.67,0.9846153846153847
86,GAM,0.68,0.9846153846153847
86,GAM,0.6900000000000001,0.9846153846153847
86,GAM,0.7000000000000001,0.9846153846153847
86,GAM,0.71,0.9846153846153847
86,GAM,0.72,0.9846153846153847
86,GAM,0.73,0.9846153846153847
86,GAM,0.74,0.9846153846153847
86,GAM,0.75,0.9846153846153847
86,GAM,0.76,0.9846153846153847
86,GAM,0.77,0.9846153846153847
86,GAM,0.78,0.9846153846153847
86,GAM,0.79,0.9846153846153847
86,GAM,0.8,0.9846153846153847
86,GAM,0.81,0.9846153846153847
86,GAM,0.8200000000000001,0.9846153846153847
86,GAM,0.8300000000000001,0.9846153846153847
86,GAM,0.84,0.9846153846153847
86,GAM,0.85,0.9846153846153847
86,GAM,0.86,0.9846153846153847
86,GAM,0.87,1.0
86,GAM,0.88,1.0
86,GAM,0.89,1.0
86,GAM,0.9,1.0
86,GAM,0.91,1.0
86,GAM,0.92,1.0
86,GAM,0.93,1.0
86,GAM,0.9400000000000001,1.0
86,GAM,0.9500000000000001,1.0
86,GAM,0.96,1.0
86,GAM,0.97,1.0
86,GAM,0.98,1.0
86,GAM,0.99,1.0
86,GAM,1.0,1.0
86,RF,0.0,0.5384615384615384
86,RF,0.01,0.5692307692307692
86,RF,0.02,0.6615384615384615
86,RF,0.03,0.6923076923076923
86,RF,0.04,0.7538461538461538
86,RF,0.05,0.7692307692307693
86,RF,0.06,0.7846153846153846
86,RF,0.07,0.7846153846153846
86,RF,0.08,0.8307692307692308
86,RF,0.09,0.8461538461538461
86,RF,0.1,0.8769230769230769
86,RF,0.11,0.8769230769230769
86,RF,0.12,0.8923076923076924
86,RF,0.13,0.8923076923076924
86,RF,0.14,0.8923076923076924
86,RF,0.15,0.8923076923076924
86,RF,0.16,0.9076923076923077
86,RF,0.17,0.9076923076923077
86,RF,0.18,0.9076923076923077
86,RF,0.19,0.9076923076923077
86,RF,0.2,0.9230769230769231
86,RF,0.21,0.9230769230769231
86,RF,0.22,0.9384615384615385
86,RF,0.23,0.9538461538461539
86,RF,0.24,0.9538461538461539
86,RF,0.25,0.9538461538461539
86,RF,0.26,0.9538461538461539
86,RF,0.27,0.9538461538461539
86,RF,0.28,0.9538461538461539
86,RF,0.29,0.9538461538461539
86,RF,0.3,0.9538461538461539
86,RF,0.31,0.9538461538461539
86,RF,0.32,0.9538461538461539
86,RF,0.33,0.9538461538461539
86,RF,0.34,0.9538461538461539
86,RF,0.35000000000000003,0.9692307692307692
86,RF,0.36,0.9692307692307692
86,RF,0.37,0.9692307692307692
86,RF,0.38,0.9692307692307692
86,RF,0.39,0.9692307692307692
86,RF,0.4,0.9692307692307692
86,RF,0.41000000000000003,0.9692307692307692
86,RF,0.42,0.9692307692307692
86,RF,0.43,0.9692307692307692
86,RF,0.44,0.9846153846153847
86,RF,0.45,0.9846153846153847
86,RF,0.46,0.9846153846153847
86,RF,0.47000000000000003,0.9846153846153847
86,RF,0.48,0.9846153846153847
86,RF,0.49,0.9846153846153847
86,RF,0.5,0.9846153846153847
86,RF,0.51,0.9846153846153847
86,RF,0.52,0.9846153846153847
86,RF,0.53,0.9846153846153847
86,RF,0.54,0.9846153846153847
86,RF,0.55,0.9846153846153847
86,RF,0.56,0.9846153846153847
86,RF,0.5700000000000001,0.9846153846153847
86,RF,0.58,0.9846153846153847
86,RF,0.59,0.9846153846153847
86,RF,0.6,0.9846153846153847
86,RF,0.61,0.9846153846153847
86,RF,0.62,0.9846153846153847
86,RF,0.63,1.0
86,RF,0.64,1.0
86,RF,0.65,1.0
86,RF,0.66,1.0
86,RF,0.67,1.0
86,RF,0.68,1.0
86,RF,0.6900000000000001,1.0
86,RF,0.7000000000000001,1.0
86,RF,0.71,1.0
86,RF,0.72,1.0
86,RF,0.73,1.0
86,RF,0.74,1.0
86,RF,0.75,1.0
86,RF,0.76,1.0
86,RF,0.77,1.0
86,RF,0.78,1.0
86,RF,0.79,1.0
86,RF,0.8,1.0
86,RF,0.81,1.0
86,RF,0.8200000000000001,1.0
86,RF,0.8300000000000001,1.0
86,RF,0.84,1.0
86,RF,0.85,1.0
86,RF,0.86,1.0
86,RF,0.87,1.0
86,RF,0.88,1.0
86,RF,0.89,1.0
86,RF,0.9,1.0
86,RF,0.91,1.0
86,RF,0.92,1.0
86,RF,0.93,1.0
86,RF,0.9400000000000001,1.0
86,RF,0.9500000000000001,1.0
86,RF,0.96,1.0
86,RF,0.97,1.0
86,RF,0.98,1.0
86,RF,0.99,1.0
86,RF,1.0,1.0
87,LR,0.0,0.19736842105263158
87,LR,0.01,0.40789473684210525
87,LR,0.02,0.4473684210526316
87,LR,0.03,0.631578947368421
87,LR,0.04,0.7368421052631579
87,LR,0.05,0.881578947368421
87,LR,0.06,0.8947368421052632
87,LR,0.07,0.9342105263157895
87,LR,0.08,0.9342105263157895
87,LR,0.09,0.9342105263157895
87,LR,0.1,0.9342105263157895
87,LR,0.11,0.9342105263157895
87,LR,0.12,0.9342105263157895
87,LR,0.13,0.9342105263157895
87,LR,0.14,0.9473684210526315
87,LR,0.15,0.9473684210526315
87,LR,0.16,0.9473684210526315
87,LR,0.17,0.9605263157894737
87,LR,0.18,0.9605263157894737
87,LR,0.19,0.9605263157894737
87,LR,0.2,0.9736842105263158
87,LR,0.21,0.9736842105263158
87,LR,0.22,0.9736842105263158
87,LR,0.23,0.9736842105263158
87,LR,0.24,0.9736842105263158
87,LR,0.25,0.9736842105263158
87,LR,0.26,0.9736842105263158
87,LR,0.27,0.9736842105263158
87,LR,0.28,0.9736842105263158
87,LR,0.29,0.9736842105263158
87,LR,0.3,0.9736842105263158
87,LR,0.31,0.9736842105263158
87,LR,0.32,0.9736842105263158
87,LR,0.33,0.9736842105263158
87,LR,0.34,0.9736842105263158
87,LR,0.35000000000000003,0.9736842105263158
87,LR,0.36,0.9736842105263158
87,LR,0.37,0.9736842105263158
87,LR,0.38,0.9736842105263158
87,LR,0.39,0.9736842105263158
87,LR,0.4,0.9736842105263158
87,LR,0.41000000000000003,0.9868421052631579
87,LR,0.42,0.9868421052631579
87,LR,0.43,0.9868421052631579
87,LR,0.44,0.9868421052631579
87,LR,0.45,0.9868421052631579
87,LR,0.46,0.9868421052631579
87,LR,0.47000000000000003,0.9868421052631579
87,LR,0.48,0.9868421052631579
87,LR,0.49,0.9868421052631579
87,LR,0.5,0.9868421052631579
87,LR,0.51,0.9868421052631579
87,LR,0.52,0.9868421052631579
87,LR,0.53,0.9868421052631579
87,LR,0.54,0.9868421052631579
87,LR,0.55,0.9868421052631579
87,LR,0.56,0.9868421052631579
87,LR,0.5700000000000001,0.9868421052631579
87,LR,0.58,0.9868421052631579
87,LR,0.59,0.9868421052631579
87,LR,0.6,0.9868421052631579
87,LR,0.61,0.9868421052631579
87,LR,0.62,0.9868421052631579
87,LR,0.63,0.9868421052631579
87,LR,0.64,0.9868421052631579
87,LR,0.65,0.9868421052631579
87,LR,0.66,0.9868421052631579
87,LR,0.67,0.9868421052631579
87,LR,0.68,1.0
87,LR,0.6900000000000001,1.0
87,LR,0.7000000000000001,1.0
87,LR,0.71,1.0
87,LR,0.72,1.0
87,LR,0.73,1.0
87,LR,0.74,1.0
87,LR,0.75,1.0
87,LR,0.76,1.0
87,LR,0.77,1.0
87,LR,0.78,1.0
87,LR,0.79,1.0
87,LR,0.8,1.0
87,LR,0.81,1.0
87,LR,0.8200000000000001,1.0
87,LR,0.8300000000000001,1.0
87,LR,0.84,1.0
87,LR,0.85,1.0
87,LR,0.86,1.0
87,LR,0.87,1.0
87,LR,0.88,1.0
87,LR,0.89,1.0
87,LR,0.9,1.0
87,LR,0.91,1.0
87,LR,0.92,1.0
87,LR,0.93,1.0
87,LR,0.9400000000000001,1.0
87,LR,0.9500000000000001,1.0
87,LR,0.96,1.0
87,LR,0.97,1.0
87,LR,0.98,1.0
87,LR,0.99,1.0
87,LR,1.0,1.0
87,GAM,0.0,0.17105263157894737
87,GAM,0.01,0.42105263157894735
87,GAM,0.02,0.4473684210526316
87,GAM,0.03,0.5921052631578947
87,GAM,0.04,0.75
87,GAM,0.05,0.868421052631579
87,GAM,0.06,0.881578947368421
87,GAM,0.07,0.9342105263157895
87,GAM,0.08,0.9342105263157895
87,GAM,0.09,0.9342105263157895
87,GAM,0.1,0.9473684210526315
87,GAM,0.11,0.9473684210526315
87,GAM,0.12,0.9473684210526315
87,GAM,0.13,0.9473684210526315
87,GAM,0.14,0.9473684210526315
87,GAM,0.15,0.9473684210526315
87,GAM,0.16,0.9473684210526315
87,GAM,0.17,0.9736842105263158
87,GAM,0.18,0.9736842105263158
87,GAM,0.19,0.9736842105263158
87,GAM,0.2,0.9736842105263158
87,GAM,0.21,0.9736842105263158
87,GAM,0.22,0.9736842105263158
87,GAM,0.23,0.9736842105263158
87,GAM,0.24,0.9736842105263158
87,GAM,0.25,0.9736842105263158
87,GAM,0.26,0.9868421052631579
87,GAM,0.27,0.9868421052631579
87,GAM,0.28,0.9868421052631579
87,GAM,0.29,0.9868421052631579
87,GAM,0.3,0.9868421052631579
87,GAM,0.31,0.9868421052631579
87,GAM,0.32,0.9868421052631579
87,GAM,0.33,0.9868421052631579
87,GAM,0.34,0.9868421052631579
87,GAM,0.35000000000000003,0.9868421052631579
87,GAM,0.36,0.9868421052631579
87,GAM,0.37,0.9868421052631579
87,GAM,0.38,0.9868421052631579
87,GAM,0.39,0.9868421052631579
87,GAM,0.4,0.9868421052631579
87,GAM,0.41000000000000003,0.9868421052631579
87,GAM,0.42,0.9868421052631579
87,GAM,0.43,0.9868421052631579
87,GAM,0.44,0.9868421052631579
87,GAM,0.45,0.9868421052631579
87,GAM,0.46,0.9868421052631579
87,GAM,0.47000000000000003,0.9868421052631579
87,GAM,0.48,0.9868421052631579
87,GAM,0.49,0.9868421052631579
87,GAM,0.5,0.9868421052631579
87,GAM,0.51,0.9868421052631579
87,GAM,0.52,0.9868421052631579
87,GAM,0.53,0.9868421052631579
87,GAM,0.54,0.9868421052631579
87,GAM,0.55,0.9868421052631579
87,GAM,0.56,0.9868421052631579
87,GAM,0.5700000000000001,0.9868421052631579
87,GAM,0.58,0.9868421052631579
87,GAM,0.59,0.9868421052631579
87,GAM,0.6,0.9868421052631579
87,GAM,0.61,0.9868421052631579
87,GAM,0.62,0.9868421052631579
87,GAM,0.63,0.9868421052631579
87,GAM,0.64,0.9868421052631579
87,GAM,0.65,0.9868421052631579
87,GAM,0.66,0.9868421052631579
87,GAM,0.67,0.9868421052631579
87,GAM,0.68,0.9868421052631579
87,GAM,0.6900000000000001,1.0
87,GAM,0.7000000000000001,1.0
87,GAM,0.71,1.0
87,GAM,0.72,1.0
87,GAM,0.73,1.0
87,GAM,0.74,1.0
87,GAM,0.75,1.0
87,GAM,0.76,1.0
87,GAM,0.77,1.0
87,GAM,0.78,1.0
87,GAM,0.79,1.0
87,GAM,0.8,1.0
87,GAM,0.81,1.0
87,GAM,0.8200000000000001,1.0
87,GAM,0.8300000000000001,1.0
87,GAM,0.84,1.0
87,GAM,0.85,1.0
87,GAM,0.86,1.0
87,GAM,0.87,1.0
87,GAM,0.88,1.0
87,GAM,0.89,1.0
87,GAM,0.9,1.0
87,GAM,0.91,1.0
87,GAM,0.92,1.0
87,GAM,0.93,1.0
87,GAM,0.9400000000000001,1.0
87,GAM,0.9500000000000001,1.0
87,GAM,0.96,1.0
87,GAM,0.97,1.0
87,GAM,0.98,1.0
87,GAM,0.99,1.0
87,GAM,1.0,1.0
87,RF,0.0,0.18421052631578946
87,RF,0.01,0.6578947368421053
87,RF,0.02,0.8421052631578947
87,RF,0.03,0.8552631578947368
87,RF,0.04,0.881578947368421
87,RF,0.05,0.881578947368421
87,RF,0.06,0.8947368421052632
87,RF,0.07,0.9078947368421053
87,RF,0.08,0.9078947368421053
87,RF,0.09,0.9210526315789473
87,RF,0.1,0.9210526315789473
87,RF,0.11,0.9210526315789473
87,RF,0.12,0.9210526315789473
87,RF,0.13,0.9342105263157895
87,RF,0.14,0.9473684210526315
87,RF,0.15,0.9473684210526315
87,RF,0.16,0.9473684210526315
87,RF,0.17,0.9473684210526315
87,RF,0.18,0.9473684210526315
87,RF,0.19,0.9473684210526315
87,RF,0.2,0.9473684210526315
87,RF,0.21,0.9473684210526315
87,RF,0.22,0.9473684210526315
87,RF,0.23,0.9473684210526315
87,RF,0.24,0.9473684210526315
87,RF,0.25,0.9473684210526315
87,RF,0.26,0.9473684210526315
87,RF,0.27,0.9473684210526315
87,RF,0.28,0.9473684210526315
87,RF,0.29,0.9473684210526315
87,RF,0.3,0.9473684210526315
87,RF,0.31,0.9473684210526315
87,RF,0.32,0.9736842105263158
87,RF,0.33,0.9868421052631579
87,RF,0.34,0.9868421052631579
87,RF,0.35000000000000003,0.9868421052631579
87,RF,0.36,0.9868421052631579
87,RF,0.37,0.9868421052631579
87,RF,0.38,0.9868421052631579
87,RF,0.39,0.9868421052631579
87,RF,0.4,0.9868421052631579
87,RF,0.41000000000000003,0.9868421052631579
87,RF,0.42,0.9868421052631579
87,RF,0.43,0.9868421052631579
87,RF,0.44,0.9868421052631579
87,RF,0.45,0.9868421052631579
87,RF,0.46,0.9868421052631579
87,RF,0.47000000000000003,0.9868421052631579
87,RF,0.48,0.9868421052631579
87,RF,0.49,0.9868421052631579
87,RF,0.5,0.9868421052631579
87,RF,0.51,0.9868421052631579
87,RF,0.52,0.9868421052631579
87,RF,0.53,0.9868421052631579
87,RF,0.54,0.9868421052631579
87,RF,0.55,0.9868421052631579
87,RF,0.56,0.9868421052631579
87,RF,0.5700000000000001,0.9868421052631579
87,RF,0.58,0.9868421052631579
87,RF,0.59,0.9868421052631579
87,RF,0.6,0.9868421052631579
87,RF,0.61,0.9868421052631579
87,RF,0.62,0.9868421052631579
87,RF,0.63,0.9868421052631579
87,RF,0.64,0.9868421052631579
87,RF,0.65,0.9868421052631579
87,RF,0.66,0.9868421052631579
87,RF,0.67,0.9868421052631579
87,RF,0.68,0.9868421052631579
87,RF,0.6900000000000001,0.9868421052631579
87,RF,0.7000000000000001,0.9868421052631579
87,RF,0.71,0.9868421052631579
87,RF,0.72,0.9868421052631579
87,RF,0.73,0.9868421052631579
87,RF,0.74,0.9868421052631579
87,RF,0.75,0.9868421052631579
87,RF,0.76,0.9868421052631579
87,RF,0.77,0.9868421052631579
87,RF,0.78,0.9868421052631579
87,RF,0.79,0.9868421052631579
87,RF,0.8,0.9868421052631579
87,RF,0.81,0.9868421052631579
87,RF,0.8200000000000001,0.9868421052631579
87,RF,0.8300000000000001,0.9868421052631579
87,RF,0.84,0.9868421052631579
87,RF,0.85,0.9868421052631579
87,RF,0.86,0.9868421052631579
87,RF,0.87,0.9868421052631579
87,RF,0.88,0.9868421052631579
87,RF,0.89,0.9868421052631579
87,RF,0.9,0.9868421052631579
87,RF,0.91,0.9868421052631579
87,RF,0.92,0.9868421052631579
87,RF,0.93,0.9868421052631579
87,RF,0.9400000000000001,0.9868421052631579
87,RF,0.9500000000000001,0.9868421052631579
87,RF,0.96,1.0
87,RF,0.97,1.0
87,RF,0.98,1.0
87,RF,0.99,1.0
87,RF,1.0,1.0
88,LR,0.0,0.4444444444444444
88,LR,0.01,0.5238095238095238
88,LR,0.02,0.5714285714285714
88,LR,0.03,0.6031746031746031
88,LR,0.04,0.7142857142857143
88,LR,0.05,0.7142857142857143
88,LR,0.06,0.7936507936507936
88,LR,0.07,0.8253968253968254
88,LR,0.08,0.8412698412698413
88,LR,0.09,0.8571428571428571
88,LR,0.1,0.8571428571428571
88,LR,0.11,0.9047619047619048
88,LR,0.12,0.9047619047619048
88,LR,0.13,0.9206349206349206
88,LR,0.14,0.9206349206349206
88,LR,0.15,0.9206349206349206
88,LR,0.16,0.9206349206349206
88,LR,0.17,0.9206349206349206
88,LR,0.18,0.9206349206349206
88,LR,0.19,0.9206349206349206
88,LR,0.2,0.9206349206349206
88,LR,0.21,0.9206349206349206
88,LR,0.22,0.9206349206349206
88,LR,0.23,0.9206349206349206
88,LR,0.24,0.9206349206349206
88,LR,0.25,0.9206349206349206
88,LR,0.26,0.9206349206349206
88,LR,0.27,0.9365079365079365
88,LR,0.28,0.9365079365079365
88,LR,0.29,0.9365079365079365
88,LR,0.3,0.9365079365079365
88,LR,0.31,0.9365079365079365
88,LR,0.32,0.9365079365079365
88,LR,0.33,0.9365079365079365
88,LR,0.34,0.9365079365079365
88,LR,0.35000000000000003,0.9365079365079365
88,LR,0.36,0.9523809523809523
88,LR,0.37,0.9523809523809523
88,LR,0.38,0.9523809523809523
88,LR,0.39,0.9523809523809523
88,LR,0.4,0.9523809523809523
88,LR,0.41000000000000003,0.9523809523809523
88,LR,0.42,0.9523809523809523
88,LR,0.43,0.9523809523809523
88,LR,0.44,0.9682539682539683
88,LR,0.45,0.9682539682539683
88,LR,0.46,0.9682539682539683
88,LR,0.47000000000000003,0.9682539682539683
88,LR,0.48,0.9682539682539683
88,LR,0.49,0.9682539682539683
88,LR,0.5,0.9682539682539683
88,LR,0.51,0.9682539682539683
88,LR,0.52,0.9841269841269841
88,LR,0.53,0.9841269841269841
88,LR,0.54,0.9841269841269841
88,LR,0.55,0.9841269841269841
88,LR,0.56,0.9841269841269841
88,LR,0.5700000000000001,0.9841269841269841
88,LR,0.58,0.9841269841269841
88,LR,0.59,0.9841269841269841
88,LR,0.6,0.9841269841269841
88,LR,0.61,0.9841269841269841
88,LR,0.62,1.0
88,LR,0.63,1.0
88,LR,0.64,1.0
88,LR,0.65,1.0
88,LR,0.66,1.0
88,LR,0.67,1.0
88,LR,0.68,1.0
88,LR,0.6900000000000001,1.0
88,LR,0.7000000000000001,1.0
88,LR,0.71,1.0
88,LR,0.72,1.0
88,LR,0.73,1.0
88,LR,0.74,1.0
88,LR,0.75,1.0
88,LR,0.76,1.0
88,LR,0.77,1.0
88,LR,0.78,1.0
88,LR,0.79,1.0
88,LR,0.8,1.0
88,LR,0.81,1.0
88,LR,0.8200000000000001,1.0
88,LR,0.8300000000000001,1.0
88,LR,0.84,1.0
88,LR,0.85,1.0
88,LR,0.86,1.0
88,LR,0.87,1.0
88,LR,0.88,1.0
88,LR,0.89,1.0
88,LR,0.9,1.0
88,LR,0.91,1.0
88,LR,0.92,1.0
88,LR,0.93,1.0
88,LR,0.9400000000000001,1.0
88,LR,0.9500000000000001,1.0
88,LR,0.96,1.0
88,LR,0.97,1.0
88,LR,0.98,1.0
88,LR,0.99,1.0
88,LR,1.0,1.0
88,GAM,0.0,0.5079365079365079
88,GAM,0.01,0.5714285714285714
88,GAM,0.02,0.6031746031746031
88,GAM,0.03,0.6666666666666666
88,GAM,0.04,0.7619047619047619
88,GAM,0.05,0.7619047619047619
88,GAM,0.06,0.8412698412698413
88,GAM,0.07,0.8412698412698413
88,GAM,0.08,0.8412698412698413
88,GAM,0.09,0.9047619047619048
88,GAM,0.1,0.9047619047619048
88,GAM,0.11,0.9206349206349206
88,GAM,0.12,0.9206349206349206
88,GAM,0.13,0.9206349206349206
88,GAM,0.14,0.9206349206349206
88,GAM,0.15,0.9206349206349206
88,GAM,0.16,0.9206349206349206
88,GAM,0.17,0.9206349206349206
88,GAM,0.18,0.9206349206349206
88,GAM,0.19,0.9206349206349206
88,GAM,0.2,0.9206349206349206
88,GAM,0.21,0.9206349206349206
88,GAM,0.22,0.9206349206349206
88,GAM,0.23,0.9206349206349206
88,GAM,0.24,0.9206349206349206
88,GAM,0.25,0.9365079365079365
88,GAM,0.26,0.9365079365079365
88,GAM,0.27,0.9523809523809523
88,GAM,0.28,0.9523809523809523
88,GAM,0.29,0.9523809523809523
88,GAM,0.3,0.9523809523809523
88,GAM,0.31,0.9523809523809523
88,GAM,0.32,0.9682539682539683
88,GAM,0.33,0.9682539682539683
88,GAM,0.34,0.9682539682539683
88,GAM,0.35000000000000003,0.9682539682539683
88,GAM,0.36,0.9682539682539683
88,GAM,0.37,0.9682539682539683
88,GAM,0.38,0.9682539682539683
88,GAM,0.39,0.9682539682539683
88,GAM,0.4,0.9682539682539683
88,GAM,0.41000000000000003,0.9682539682539683
88,GAM,0.42,0.9682539682539683
88,GAM,0.43,0.9682539682539683
88,GAM,0.44,0.9682539682539683
88,GAM,0.45,0.9841269841269841
88,GAM,0.46,0.9841269841269841
88,GAM,0.47000000000000003,0.9841269841269841
88,GAM,0.48,1.0
88,GAM,0.49,1.0
88,GAM,0.5,1.0
88,GAM,0.51,1.0
88,GAM,0.52,1.0
88,GAM,0.53,1.0
88,GAM,0.54,1.0
88,GAM,0.55,1.0
88,GAM,0.56,1.0
88,GAM,0.5700000000000001,1.0
88,GAM,0.58,1.0
88,GAM,0.59,1.0
88,GAM,0.6,1.0
88,GAM,0.61,1.0
88,GAM,0.62,1.0
88,GAM,0.63,1.0
88,GAM,0.64,1.0
88,GAM,0.65,1.0
88,GAM,0.66,1.0
88,GAM,0.67,1.0
88,GAM,0.68,1.0
88,GAM,0.6900000000000001,1.0
88,GAM,0.7000000000000001,1.0
88,GAM,0.71,1.0
88,GAM,0.72,1.0
88,GAM,0.73,1.0
88,GAM,0.74,1.0
88,GAM,0.75,1.0
88,GAM,0.76,1.0
88,GAM,0.77,1.0
88,GAM,0.78,1.0
88,GAM,0.79,1.0
88,GAM,0.8,1.0
88,GAM,0.81,1.0
88,GAM,0.8200000000000001,1.0
88,GAM,0.8300000000000001,1.0
88,GAM,0.84,1.0
88,GAM,0.85,1.0
88,GAM,0.86,1.0
88,GAM,0.87,1.0
88,GAM,0.88,1.0
88,GAM,0.89,1.0
88,GAM,0.9,1.0
88,GAM,0.91,1.0
88,GAM,0.92,1.0
88,GAM,0.93,1.0
88,GAM,0.9400000000000001,1.0
88,GAM,0.9500000000000001,1.0
88,GAM,0.96,1.0
88,GAM,0.97,1.0
88,GAM,0.98,1.0
88,GAM,0.99,1.0
88,GAM,1.0,1.0
88,RF,0.0,0.42857142857142855
88,RF,0.01,0.5714285714285714
88,RF,0.02,0.6825396825396826
88,RF,0.03,0.7301587301587301
88,RF,0.04,0.8095238095238095
88,RF,0.05,0.8253968253968254
88,RF,0.06,0.8253968253968254
88,RF,0.07,0.873015873015873
88,RF,0.08,0.8888888888888888
88,RF,0.09,0.9206349206349206
88,RF,0.1,0.9206349206349206
88,RF,0.11,0.9365079365079365
88,RF,0.12,0.9365079365079365
88,RF,0.13,0.9365079365079365
88,RF,0.14,0.9365079365079365
88,RF,0.15,0.9365079365079365
88,RF,0.16,0.9523809523809523
88,RF,0.17,0.9523809523809523
88,RF,0.18,0.9523809523809523
88,RF,0.19,0.9523809523809523
88,RF,0.2,0.9682539682539683
88,RF,0.21,0.9682539682539683
88,RF,0.22,0.9682539682539683
88,RF,0.23,0.9682539682539683
88,RF,0.24,0.9682539682539683
88,RF,0.25,0.9682539682539683
88,RF,0.26,0.9682539682539683
88,RF,0.27,0.9682539682539683
88,RF,0.28,0.9682539682539683
88,RF,0.29,0.9682539682539683
88,RF,0.3,0.9682539682539683
88,RF,0.31,0.9682539682539683
88,RF,0.32,0.9682539682539683
88,RF,0.33,0.9682539682539683
88,RF,0.34,0.9682539682539683
88,RF,0.35000000000000003,0.9682539682539683
88,RF,0.36,0.9682539682539683
88,RF,0.37,0.9841269841269841
88,RF,0.38,0.9841269841269841
88,RF,0.39,0.9841269841269841
88,RF,0.4,0.9841269841269841
88,RF,0.41000000000000003,0.9841269841269841
88,RF,0.42,0.9841269841269841
88,RF,0.43,0.9841269841269841
88,RF,0.44,0.9841269841269841
88,RF,0.45,0.9841269841269841
88,RF,0.46,0.9841269841269841
88,RF,0.47000000000000003,1.0
88,RF,0.48,1.0
88,RF,0.49,1.0
88,RF,0.5,1.0
88,RF,0.51,1.0
88,RF,0.52,1.0
88,RF,0.53,1.0
88,RF,0.54,1.0
88,RF,0.55,1.0
88,RF,0.56,1.0
88,RF,0.5700000000000001,1.0
88,RF,0.58,1.0
88,RF,0.59,1.0
88,RF,0.6,1.0
88,RF,0.61,1.0
88,RF,0.62,1.0
88,RF,0.63,1.0
88,RF,0.64,1.0
88,RF,0.65,1.0
88,RF,0.66,1.0
88,RF,0.67,1.0
88,RF,0.68,1.0
88,RF,0.6900000000000001,1.0
88,RF,0.7000000000000001,1.0
88,RF,0.71,1.0
88,RF,0.72,1.0
88,RF,0.73,1.0
88,RF,0.74,1.0
88,RF,0.75,1.0
88,RF,0.76,1.0
88,RF,0.77,1.0
88,RF,0.78,1.0
88,RF,0.79,1.0
88,RF,0.8,1.0
88,RF,0.81,1.0
88,RF,0.8200000000000001,1.0
88,RF,0.8300000000000001,1.0
88,RF,0.84,1.0
88,RF,0.85,1.0
88,RF,0.86,1.0
88,RF,0.87,1.0
88,RF,0.88,1.0
88,RF,0.89,1.0
88,RF,0.9,1.0
88,RF,0.91,1.0
88,RF,0.92,1.0
88,RF,0.93,1.0
88,RF,0.9400000000000001,1.0
88,RF,0.9500000000000001,1.0
88,RF,0.96,1.0
88,RF,0.97,1.0
88,RF,0.98,1.0
88,RF,0.99,1.0
88,RF,1.0,1.0
89,LR,0.0,0.30985915492957744
89,LR,0.01,0.49295774647887325
89,LR,0.02,0.7183098591549296
89,LR,0.03,0.7746478873239436
89,LR,0.04,0.7746478873239436
89,LR,0.05,0.8309859154929577
89,LR,0.06,0.8309859154929577
89,LR,0.07,0.8450704225352113
89,LR,0.08,0.8450704225352113
89,LR,0.09,0.8450704225352113
89,LR,0.1,0.8450704225352113
89,LR,0.11,0.8732394366197183
89,LR,0.12,0.8732394366197183
89,LR,0.13,0.8873239436619719
89,LR,0.14,0.9014084507042254
89,LR,0.15,0.9014084507042254
89,LR,0.16,0.9014084507042254
89,LR,0.17,0.9154929577464789
89,LR,0.18,0.9154929577464789
89,LR,0.19,0.9154929577464789
89,LR,0.2,0.9154929577464789
89,LR,0.21,0.9154929577464789
89,LR,0.22,0.9154929577464789
89,LR,0.23,0.9436619718309859
89,LR,0.24,0.9436619718309859
89,LR,0.25,0.9436619718309859
89,LR,0.26,0.9436619718309859
89,LR,0.27,0.9577464788732394
89,LR,0.28,0.9577464788732394
89,LR,0.29,0.971830985915493
89,LR,0.3,0.971830985915493
89,LR,0.31,0.971830985915493
89,LR,0.32,0.971830985915493
89,LR,0.33,0.971830985915493
89,LR,0.34,0.971830985915493
89,LR,0.35000000000000003,0.971830985915493
89,LR,0.36,0.971830985915493
89,LR,0.37,0.971830985915493
89,LR,0.38,0.971830985915493
89,LR,0.39,0.971830985915493
89,LR,0.4,0.971830985915493
89,LR,0.41000000000000003,0.971830985915493
89,LR,0.42,0.971830985915493
89,LR,0.43,0.971830985915493
89,LR,0.44,0.9859154929577465
89,LR,0.45,0.9859154929577465
89,LR,0.46,0.9859154929577465
89,LR,0.47000000000000003,0.9859154929577465
89,LR,0.48,0.9859154929577465
89,LR,0.49,0.9859154929577465
89,LR,0.5,0.9859154929577465
89,LR,0.51,0.9859154929577465
89,LR,0.52,0.9859154929577465
89,LR,0.53,1.0
89,LR,0.54,1.0
89,LR,0.55,1.0
89,LR,0.56,1.0
89,LR,0.5700000000000001,1.0
89,LR,0.58,1.0
89,LR,0.59,1.0
89,LR,0.6,1.0
89,LR,0.61,1.0
89,LR,0.62,1.0
89,LR,0.63,1.0
89,LR,0.64,1.0
89,LR,0.65,1.0
89,LR,0.66,1.0
89,LR,0.67,1.0
89,LR,0.68,1.0
89,LR,0.6900000000000001,1.0
89,LR,0.7000000000000001,1.0
89,LR,0.71,1.0
89,LR,0.72,1.0
89,LR,0.73,1.0
89,LR,0.74,1.0
89,LR,0.75,1.0
89,LR,0.76,1.0
89,LR,0.77,1.0
89,LR,0.78,1.0
89,LR,0.79,1.0
89,LR,0.8,1.0
89,LR,0.81,1.0
89,LR,0.8200000000000001,1.0
89,LR,0.8300000000000001,1.0
89,LR,0.84,1.0
89,LR,0.85,1.0
89,LR,0.86,1.0
89,LR,0.87,1.0
89,LR,0.88,1.0
89,LR,0.89,1.0
89,LR,0.9,1.0
89,LR,0.91,1.0
89,LR,0.92,1.0
89,LR,0.93,1.0
89,LR,0.9400000000000001,1.0
89,LR,0.9500000000000001,1.0
89,LR,0.96,1.0
89,LR,0.97,1.0
89,LR,0.98,1.0
89,LR,0.99,1.0
89,LR,1.0,1.0
89,GAM,0.0,0.38028169014084506
89,GAM,0.01,0.5915492957746479
89,GAM,0.02,0.5915492957746479
89,GAM,0.03,0.7464788732394366
89,GAM,0.04,0.7746478873239436
89,GAM,0.05,0.8028169014084507
89,GAM,0.06,0.8169014084507042
89,GAM,0.07,0.8450704225352113
89,GAM,0.08,0.8450704225352113
89,GAM,0.09,0.8732394366197183
89,GAM,0.1,0.8873239436619719
89,GAM,0.11,0.8873239436619719
89,GAM,0.12,0.9014084507042254
89,GAM,0.13,0.9154929577464789
89,GAM,0.14,0.9154929577464789
89,GAM,0.15,0.9154929577464789
89,GAM,0.16,0.9154929577464789
89,GAM,0.17,0.9154929577464789
89,GAM,0.18,0.9154929577464789
89,GAM,0.19,0.9295774647887324
89,GAM,0.2,0.9295774647887324
89,GAM,0.21,0.9295774647887324
89,GAM,0.22,0.9577464788732394
89,GAM,0.23,0.971830985915493
89,GAM,0.24,0.971830985915493
89,GAM,0.25,0.971830985915493
89,GAM,0.26,0.971830985915493
89,GAM,0.27,0.971830985915493
89,GAM,0.28,0.971830985915493
89,GAM,0.29,0.971830985915493
89,GAM,0.3,0.971830985915493
89,GAM,0.31,0.971830985915493
89,GAM,0.32,0.971830985915493
89,GAM,0.33,0.971830985915493
89,GAM,0.34,0.971830985915493
89,GAM,0.35000000000000003,0.971830985915493
89,GAM,0.36,0.971830985915493
89,GAM,0.37,0.971830985915493
89,GAM,0.38,0.971830985915493
89,GAM,0.39,0.971830985915493
89,GAM,0.4,0.9859154929577465
89,GAM,0.41000000000000003,0.9859154929577465
89,GAM,0.42,0.9859154929577465
89,GAM,0.43,0.9859154929577465
89,GAM,0.44,0.9859154929577465
89,GAM,0.45,0.9859154929577465
89,GAM,0.46,1.0
89,GAM,0.47000000000000003,1.0
89,GAM,0.48,1.0
89,GAM,0.49,1.0
89,GAM,0.5,1.0
89,GAM,0.51,1.0
89,GAM,0.52,1.0
89,GAM,0.53,1.0
89,GAM,0.54,1.0
89,GAM,0.55,1.0
89,GAM,0.56,1.0
89,GAM,0.5700000000000001,1.0
89,GAM,0.58,1.0
89,GAM,0.59,1.0
89,GAM,0.6,1.0
89,GAM,0.61,1.0
89,GAM,0.62,1.0
89,GAM,0.63,1.0
89,GAM,0.64,1.0
89,GAM,0.65,1.0
89,GAM,0.66,1.0
89,GAM,0.67,1.0
89,GAM,0.68,1.0
89,GAM,0.6900000000000001,1.0
89,GAM,0.7000000000000001,1.0
89,GAM,0.71,1.0
89,GAM,0.72,1.0
89,GAM,0.73,1.0
89,GAM,0.74,1.0
89,GAM,0.75,1.0
89,GAM,0.76,1.0
89,GAM,0.77,1.0
89,GAM,0.78,1.0
89,GAM,0.79,1.0
89,GAM,0.8,1.0
89,GAM,0.81,1.0
89,GAM,0.8200000000000001,1.0
89,GAM,0.8300000000000001,1.0
89,GAM,0.84,1.0
89,GAM,0.85,1.0
89,GAM,0.86,1.0
89,GAM,0.87,1.0
89,GAM,0.88,1.0
89,GAM,0.89,1.0
89,GAM,0.9,1.0
89,GAM,0.91,1.0
89,GAM,0.92,1.0
89,GAM,0.93,1.0
89,GAM,0.9400000000000001,1.0
89,GAM,0.9500000000000001,1.0
89,GAM,0.96,1.0
89,GAM,0.97,1.0
89,GAM,0.98,1.0
89,GAM,0.99,1.0
89,GAM,1.0,1.0
89,RF,0.0,0.5633802816901409
89,RF,0.01,0.6197183098591549
89,RF,0.02,0.6197183098591549
89,RF,0.03,0.676056338028169
89,RF,0.04,0.6901408450704225
89,RF,0.05,0.7183098591549296
89,RF,0.06,0.7464788732394366
89,RF,0.07,0.7746478873239436
89,RF,0.08,0.7746478873239436
89,RF,0.09,0.8450704225352113
89,RF,0.1,0.8450704225352113
89,RF,0.11,0.8873239436619719
89,RF,0.12,0.9154929577464789
89,RF,0.13,0.9295774647887324
89,RF,0.14,0.9295774647887324
89,RF,0.15,0.9436619718309859
89,RF,0.16,0.9436619718309859
89,RF,0.17,0.9436619718309859
89,RF,0.18,0.9436619718309859
89,RF,0.19,0.9436619718309859
89,RF,0.2,0.9436619718309859
89,RF,0.21,0.9436619718309859
89,RF,0.22,0.9436619718309859
89,RF,0.23,0.9436619718309859
89,RF,0.24,0.9436619718309859
89,RF,0.25,0.9436619718309859
89,RF,0.26,0.9436619718309859
89,RF,0.27,0.9577464788732394
89,RF,0.28,0.9577464788732394
89,RF,0.29,0.9577464788732394
89,RF,0.3,0.9859154929577465
89,RF,0.31,0.9859154929577465
89,RF,0.32,0.9859154929577465
89,RF,0.33,0.9859154929577465
89,RF,0.34,0.9859154929577465
89,RF,0.35000000000000003,0.9859154929577465
89,RF,0.36,0.9859154929577465
89,RF,0.37,0.9859154929577465
89,RF,0.38,0.9859154929577465
89,RF,0.39,0.9859154929577465
89,RF,0.4,0.9859154929577465
89,RF,0.41000000000000003,0.9859154929577465
89,RF,0.42,0.9859154929577465
89,RF,0.43,0.9859154929577465
89,RF,0.44,0.9859154929577465
89,RF,0.45,0.9859154929577465
89,RF,0.46,0.9859154929577465
89,RF,0.47000000000000003,0.9859154929577465
89,RF,0.48,1.0
89,RF,0.49,1.0
89,RF,0.5,1.0
89,RF,0.51,1.0
89,RF,0.52,1.0
89,RF,0.53,1.0
89,RF,0.54,1.0
89,RF,0.55,1.0
89,RF,0.56,1.0
89,RF,0.5700000000000001,1.0
89,RF,0.58,1.0
89,RF,0.59,1.0
89,RF,0.6,1.0
89,RF,0.61,1.0
89,RF,0.62,1.0
89,RF,0.63,1.0
89,RF,0.64,1.0
89,RF,0.65,1.0
89,RF,0.66,1.0
89,RF,0.67,1.0
89,RF,0.68,1.0
89,RF,0.6900000000000001,1.0
89,RF,0.7000000000000001,1.0
89,RF,0.71,1.0
89,RF,0.72,1.0
89,RF,0.73,1.0
89,RF,0.74,1.0
89,RF,0.75,1.0
89,RF,0.76,1.0
89,RF,0.77,1.0
89,RF,0.78,1.0
89,RF,0.79,1.0
89,RF,0.8,1.0
89,RF,0.81,1.0
89,RF,0.8200000000000001,1.0
89,RF,0.8300000000000001,1.0
89,RF,0.84,1.0
89,RF,0.85,1.0
89,RF,0.86,1.0
89,RF,0.87,1.0
89,RF,0.88,1.0
89,RF,0.89,1.0
89,RF,0.9,1.0
89,RF,0.91,1.0
89,RF,0.92,1.0
89,RF,0.93,1.0
89,RF,0.9400000000000001,1.0
89,RF,0.9500000000000001,1.0
89,RF,0.96,1.0
89,RF,0.97,1.0
89,RF,0.98,1.0
89,RF,0.99,1.0
89,RF,1.0,1.0
90,LR,0.0,0.0
90,LR,0.01,0.3770491803278688
90,LR,0.02,0.7704918032786885
90,LR,0.03,0.7704918032786885
90,LR,0.04,0.819672131147541
90,LR,0.05,0.819672131147541
90,LR,0.06,0.819672131147541
90,LR,0.07,0.8524590163934426
90,LR,0.08,0.8688524590163934
90,LR,0.09,0.9016393442622951
90,LR,0.1,0.9016393442622951
90,LR,0.11,0.9016393442622951
90,LR,0.12,0.9180327868852459
90,LR,0.13,0.9180327868852459
90,LR,0.14,0.9180327868852459
90,LR,0.15,0.9180327868852459
90,LR,0.16,0.9180327868852459
90,LR,0.17,0.9180327868852459
90,LR,0.18,0.9344262295081968
90,LR,0.19,0.9344262295081968
90,LR,0.2,0.9344262295081968
90,LR,0.21,0.9508196721311475
90,LR,0.22,0.9672131147540983
90,LR,0.23,0.9672131147540983
90,LR,0.24,0.9672131147540983
90,LR,0.25,0.9672131147540983
90,LR,0.26,0.9672131147540983
90,LR,0.27,0.9672131147540983
90,LR,0.28,0.9672131147540983
90,LR,0.29,0.9672131147540983
90,LR,0.3,0.9672131147540983
90,LR,0.31,0.9672131147540983
90,LR,0.32,0.9672131147540983
90,LR,0.33,0.9672131147540983
90,LR,0.34,0.9672131147540983
90,LR,0.35000000000000003,0.9672131147540983
90,LR,0.36,0.9672131147540983
90,LR,0.37,0.9672131147540983
90,LR,0.38,0.9672131147540983
90,LR,0.39,0.9672131147540983
90,LR,0.4,0.9672131147540983
90,LR,0.41000000000000003,0.9672131147540983
90,LR,0.42,0.9672131147540983
90,LR,0.43,0.9672131147540983
90,LR,0.44,0.9672131147540983
90,LR,0.45,0.9672131147540983
90,LR,0.46,0.9836065573770492
90,LR,0.47000000000000003,0.9836065573770492
90,LR,0.48,1.0
90,LR,0.49,1.0
90,LR,0.5,1.0
90,LR,0.51,1.0
90,LR,0.52,1.0
90,LR,0.53,1.0
90,LR,0.54,1.0
90,LR,0.55,1.0
90,LR,0.56,1.0
90,LR,0.5700000000000001,1.0
90,LR,0.58,1.0
90,LR,0.59,1.0
90,LR,0.6,1.0
90,LR,0.61,1.0
90,LR,0.62,1.0
90,LR,0.63,1.0
90,LR,0.64,1.0
90,LR,0.65,1.0
90,LR,0.66,1.0
90,LR,0.67,1.0
90,LR,0.68,1.0
90,LR,0.6900000000000001,1.0
90,LR,0.7000000000000001,1.0
90,LR,0.71,1.0
90,LR,0.72,1.0
90,LR,0.73,1.0
90,LR,0.74,1.0
90,LR,0.75,1.0
90,LR,0.76,1.0
90,LR,0.77,1.0
90,LR,0.78,1.0
90,LR,0.79,1.0
90,LR,0.8,1.0
90,LR,0.81,1.0
90,LR,0.8200000000000001,1.0
90,LR,0.8300000000000001,1.0
90,LR,0.84,1.0
90,LR,0.85,1.0
90,LR,0.86,1.0
90,LR,0.87,1.0
90,LR,0.88,1.0
90,LR,0.89,1.0
90,LR,0.9,1.0
90,LR,0.91,1.0
90,LR,0.92,1.0
90,LR,0.93,1.0
90,LR,0.9400000000000001,1.0
90,LR,0.9500000000000001,1.0
90,LR,0.96,1.0
90,LR,0.97,1.0
90,LR,0.98,1.0
90,LR,0.99,1.0
90,LR,1.0,1.0
90,GAM,0.0,0.0
90,GAM,0.01,0.4098360655737705
90,GAM,0.02,0.7049180327868853
90,GAM,0.03,0.8032786885245902
90,GAM,0.04,0.819672131147541
90,GAM,0.05,0.819672131147541
90,GAM,0.06,0.8360655737704918
90,GAM,0.07,0.8360655737704918
90,GAM,0.08,0.8688524590163934
90,GAM,0.09,0.8688524590163934
90,GAM,0.1,0.8688524590163934
90,GAM,0.11,0.8852459016393442
90,GAM,0.12,0.9180327868852459
90,GAM,0.13,0.9180327868852459
90,GAM,0.14,0.9180327868852459
90,GAM,0.15,0.9180327868852459
90,GAM,0.16,0.9344262295081968
90,GAM,0.17,0.9508196721311475
90,GAM,0.18,0.9508196721311475
90,GAM,0.19,0.9508196721311475
90,GAM,0.2,0.9672131147540983
90,GAM,0.21,0.9672131147540983
90,GAM,0.22,0.9672131147540983
90,GAM,0.23,0.9672131147540983
90,GAM,0.24,0.9672131147540983
90,GAM,0.25,0.9672131147540983
90,GAM,0.26,0.9672131147540983
90,GAM,0.27,0.9672131147540983
90,GAM,0.28,0.9672131147540983
90,GAM,0.29,0.9672131147540983
90,GAM,0.3,0.9672131147540983
90,GAM,0.31,0.9672131147540983
90,GAM,0.32,0.9672131147540983
90,GAM,0.33,0.9672131147540983
90,GAM,0.34,0.9672131147540983
90,GAM,0.35000000000000003,0.9672131147540983
90,GAM,0.36,0.9672131147540983
90,GAM,0.37,0.9672131147540983
90,GAM,0.38,0.9672131147540983
90,GAM,0.39,0.9836065573770492
90,GAM,0.4,1.0
90,GAM,0.41000000000000003,1.0
90,GAM,0.42,1.0
90,GAM,0.43,1.0
90,GAM,0.44,1.0
90,GAM,0.45,1.0
90,GAM,0.46,1.0
90,GAM,0.47000000000000003,1.0
90,GAM,0.48,1.0
90,GAM,0.49,1.0
90,GAM,0.5,1.0
90,GAM,0.51,1.0
90,GAM,0.52,1.0
90,GAM,0.53,1.0
90,GAM,0.54,1.0
90,GAM,0.55,1.0
90,GAM,0.56,1.0
90,GAM,0.5700000000000001,1.0
90,GAM,0.58,1.0
90,GAM,0.59,1.0
90,GAM,0.6,1.0
90,GAM,0.61,1.0
90,GAM,0.62,1.0
90,GAM,0.63,1.0
90,GAM,0.64,1.0
90,GAM,0.65,1.0
90,GAM,0.66,1.0
90,GAM,0.67,1.0
90,GAM,0.68,1.0
90,GAM,0.6900000000000001,1.0
90,GAM,0.7000000000000001,1.0
90,GAM,0.71,1.0
90,GAM,0.72,1.0
90,GAM,0.73,1.0
90,GAM,0.74,1.0
90,GAM,0.75,1.0
90,GAM,0.76,1.0
90,GAM,0.77,1.0
90,GAM,0.78,1.0
90,GAM,0.79,1.0
90,GAM,0.8,1.0
90,GAM,0.81,1.0
90,GAM,0.8200000000000001,1.0
90,GAM,0.8300000000000001,1.0
90,GAM,0.84,1.0
90,GAM,0.85,1.0
90,GAM,0.86,1.0
90,GAM,0.87,1.0
90,GAM,0.88,1.0
90,GAM,0.89,1.0
90,GAM,0.9,1.0
90,GAM,0.91,1.0
90,GAM,0.92,1.0
90,GAM,0.93,1.0
90,GAM,0.9400000000000001,1.0
90,GAM,0.9500000000000001,1.0
90,GAM,0.96,1.0
90,GAM,0.97,1.0
90,GAM,0.98,1.0
90,GAM,0.99,1.0
90,GAM,1.0,1.0
90,RF,0.0,0.5737704918032787
90,RF,0.01,0.7213114754098361
90,RF,0.02,0.7540983606557377
90,RF,0.03,0.8524590163934426
90,RF,0.04,0.8524590163934426
90,RF,0.05,0.8524590163934426
90,RF,0.06,0.8852459016393442
90,RF,0.07,0.9016393442622951
90,RF,0.08,0.9016393442622951
90,RF,0.09,0.9016393442622951
90,RF,0.1,0.9016393442622951
90,RF,0.11,0.9344262295081968
90,RF,0.12,0.9508196721311475
90,RF,0.13,0.9508196721311475
90,RF,0.14,0.9672131147540983
90,RF,0.15,0.9672131147540983
90,RF,0.16,0.9672131147540983
90,RF,0.17,0.9672131147540983
90,RF,0.18,0.9672131147540983
90,RF,0.19,0.9672131147540983
90,RF,0.2,0.9672131147540983
90,RF,0.21,0.9672131147540983
90,RF,0.22,0.9836065573770492
90,RF,0.23,0.9836065573770492
90,RF,0.24,1.0
90,RF,0.25,1.0
90,RF,0.26,1.0
90,RF,0.27,1.0
90,RF,0.28,1.0
90,RF,0.29,1.0
90,RF,0.3,1.0
90,RF,0.31,1.0
90,RF,0.32,1.0
90,RF,0.33,1.0
90,RF,0.34,1.0
90,RF,0.35000000000000003,1.0
90,RF,0.36,1.0
90,RF,0.37,1.0
90,RF,0.38,1.0
90,RF,0.39,1.0
90,RF,0.4,1.0
90,RF,0.41000000000000003,1.0
90,RF,0.42,1.0
90,RF,0.43,1.0
90,RF,0.44,1.0
90,RF,0.45,1.0
90,RF,0.46,1.0
90,RF,0.47000000000000003,1.0
90,RF,0.48,1.0
90,RF,0.49,1.0
90,RF,0.5,1.0
90,RF,0.51,1.0
90,RF,0.52,1.0
90,RF,0.53,1.0
90,RF,0.54,1.0
90,RF,0.55,1.0
90,RF,0.56,1.0
90,RF,0.5700000000000001,1.0
90,RF,0.58,1.0
90,RF,0.59,1.0
90,RF,0.6,1.0
90,RF,0.61,1.0
90,RF,0.62,1.0
90,RF,0.63,1.0
90,RF,0.64,1.0
90,RF,0.65,1.0
90,RF,0.66,1.0
90,RF,0.67,1.0
90,RF,0.68,1.0
90,RF,0.6900000000000001,1.0
90,RF,0.7000000000000001,1.0
90,RF,0.71,1.0
90,RF,0.72,1.0
90,RF,0.73,1.0
90,RF,0.74,1.0
90,RF,0.75,1.0
90,RF,0.76,1.0
90,RF,0.77,1.0
90,RF,0.78,1.0
90,RF,0.79,1.0
90,RF,0.8,1.0
90,RF,0.81,1.0
90,RF,0.8200000000000001,1.0
90,RF,0.8300000000000001,1.0
90,RF,0.84,1.0
90,RF,0.85,1.0
90,RF,0.86,1.0
90,RF,0.87,1.0
90,RF,0.88,1.0
90,RF,0.89,1.0
90,RF,0.9,1.0
90,RF,0.91,1.0
90,RF,0.92,1.0
90,RF,0.93,1.0
90,RF,0.9400000000000001,1.0
90,RF,0.9500000000000001,1.0
90,RF,0.96,1.0
90,RF,0.97,1.0
90,RF,0.98,1.0
90,RF,0.99,1.0
90,RF,1.0,1.0
91,LR,0.0,0.4492753623188406
91,LR,0.01,0.5797101449275363
91,LR,0.02,0.7536231884057971
91,LR,0.03,0.782608695652174
91,LR,0.04,0.855072463768116
91,LR,0.05,0.8695652173913043
91,LR,0.06,0.8840579710144928
91,LR,0.07,0.8985507246376812
91,LR,0.08,0.8985507246376812
91,LR,0.09,0.8985507246376812
91,LR,0.1,0.9130434782608695
91,LR,0.11,0.927536231884058
91,LR,0.12,0.927536231884058
91,LR,0.13,0.927536231884058
91,LR,0.14,0.9420289855072463
91,LR,0.15,0.9420289855072463
91,LR,0.16,0.9420289855072463
91,LR,0.17,0.9420289855072463
91,LR,0.18,0.9420289855072463
91,LR,0.19,0.9420289855072463
91,LR,0.2,0.9420289855072463
91,LR,0.21,0.9565217391304348
91,LR,0.22,0.9565217391304348
91,LR,0.23,0.9565217391304348
91,LR,0.24,0.9710144927536232
91,LR,0.25,0.9855072463768116
91,LR,0.26,0.9855072463768116
91,LR,0.27,0.9855072463768116
91,LR,0.28,0.9855072463768116
91,LR,0.29,0.9855072463768116
91,LR,0.3,0.9855072463768116
91,LR,0.31,0.9855072463768116
91,LR,0.32,0.9855072463768116
91,LR,0.33,0.9855072463768116
91,LR,0.34,0.9855072463768116
91,LR,0.35000000000000003,0.9855072463768116
91,LR,0.36,1.0
91,LR,0.37,1.0
91,LR,0.38,1.0
91,LR,0.39,1.0
91,LR,0.4,1.0
91,LR,0.41000000000000003,1.0
91,LR,0.42,1.0
91,LR,0.43,1.0
91,LR,0.44,1.0
91,LR,0.45,1.0
91,LR,0.46,1.0
91,LR,0.47000000000000003,1.0
91,LR,0.48,1.0
91,LR,0.49,1.0
91,LR,0.5,1.0
91,LR,0.51,1.0
91,LR,0.52,1.0
91,LR,0.53,1.0
91,LR,0.54,1.0
91,LR,0.55,1.0
91,LR,0.56,1.0
91,LR,0.5700000000000001,1.0
91,LR,0.58,1.0
91,LR,0.59,1.0
91,LR,0.6,1.0
91,LR,0.61,1.0
91,LR,0.62,1.0
91,LR,0.63,1.0
91,LR,0.64,1.0
91,LR,0.65,1.0
91,LR,0.66,1.0
91,LR,0.67,1.0
91,LR,0.68,1.0
91,LR,0.6900000000000001,1.0
91,LR,0.7000000000000001,1.0
91,LR,0.71,1.0
91,LR,0.72,1.0
91,LR,0.73,1.0
91,LR,0.74,1.0
91,LR,0.75,1.0
91,LR,0.76,1.0
91,LR,0.77,1.0
91,LR,0.78,1.0
91,LR,0.79,1.0
91,LR,0.8,1.0
91,LR,0.81,1.0
91,LR,0.8200000000000001,1.0
91,LR,0.8300000000000001,1.0
91,LR,0.84,1.0
91,LR,0.85,1.0
91,LR,0.86,1.0
91,LR,0.87,1.0
91,LR,0.88,1.0
91,LR,0.89,1.0
91,LR,0.9,1.0
91,LR,0.91,1.0
91,LR,0.92,1.0
91,LR,0.93,1.0
91,LR,0.9400000000000001,1.0
91,LR,0.9500000000000001,1.0
91,LR,0.96,1.0
91,LR,0.97,1.0
91,LR,0.98,1.0
91,LR,0.99,1.0
91,LR,1.0,1.0
91,GAM,0.0,0.5942028985507246
91,GAM,0.01,0.6086956521739131
91,GAM,0.02,0.8260869565217391
91,GAM,0.03,0.8695652173913043
91,GAM,0.04,0.8840579710144928
91,GAM,0.05,0.8840579710144928
91,GAM,0.06,0.9130434782608695
91,GAM,0.07,0.927536231884058
91,GAM,0.08,0.927536231884058
91,GAM,0.09,0.927536231884058
91,GAM,0.1,0.927536231884058
91,GAM,0.11,0.927536231884058
91,GAM,0.12,0.9420289855072463
91,GAM,0.13,0.9420289855072463
91,GAM,0.14,0.9420289855072463
91,GAM,0.15,0.9420289855072463
91,GAM,0.16,0.9565217391304348
91,GAM,0.17,0.9565217391304348
91,GAM,0.18,0.9565217391304348
91,GAM,0.19,0.9565217391304348
91,GAM,0.2,0.9710144927536232
91,GAM,0.21,0.9710144927536232
91,GAM,0.22,0.9855072463768116
91,GAM,0.23,0.9855072463768116
91,GAM,0.24,0.9855072463768116
91,GAM,0.25,0.9855072463768116
91,GAM,0.26,0.9855072463768116
91,GAM,0.27,0.9855072463768116
91,GAM,0.28,0.9855072463768116
91,GAM,0.29,0.9855072463768116
91,GAM,0.3,0.9855072463768116
91,GAM,0.31,1.0
91,GAM,0.32,1.0
91,GAM,0.33,1.0
91,GAM,0.34,1.0
91,GAM,0.35000000000000003,1.0
91,GAM,0.36,1.0
91,GAM,0.37,1.0
91,GAM,0.38,1.0
91,GAM,0.39,1.0
91,GAM,0.4,1.0
91,GAM,0.41000000000000003,1.0
91,GAM,0.42,1.0
91,GAM,0.43,1.0
91,GAM,0.44,1.0
91,GAM,0.45,1.0
91,GAM,0.46,1.0
91,GAM,0.47000000000000003,1.0
91,GAM,0.48,1.0
91,GAM,0.49,1.0
91,GAM,0.5,1.0
91,GAM,0.51,1.0
91,GAM,0.52,1.0
91,GAM,0.53,1.0
91,GAM,0.54,1.0
91,GAM,0.55,1.0
91,GAM,0.56,1.0
91,GAM,0.5700000000000001,1.0
91,GAM,0.58,1.0
91,GAM,0.59,1.0
91,GAM,0.6,1.0
91,GAM,0.61,1.0
91,GAM,0.62,1.0
91,GAM,0.63,1.0
91,GAM,0.64,1.0
91,GAM,0.65,1.0
91,GAM,0.66,1.0
91,GAM,0.67,1.0
91,GAM,0.68,1.0
91,GAM,0.6900000000000001,1.0
91,GAM,0.7000000000000001,1.0
91,GAM,0.71,1.0
91,GAM,0.72,1.0
91,GAM,0.73,1.0
91,GAM,0.74,1.0
91,GAM,0.75,1.0
91,GAM,0.76,1.0
91,GAM,0.77,1.0
91,GAM,0.78,1.0
91,GAM,0.79,1.0
91,GAM,0.8,1.0
91,GAM,0.81,1.0
91,GAM,0.8200000000000001,1.0
91,GAM,0.8300000000000001,1.0
91,GAM,0.84,1.0
91,GAM,0.85,1.0
91,GAM,0.86,1.0
91,GAM,0.87,1.0
91,GAM,0.88,1.0
91,GAM,0.89,1.0
91,GAM,0.9,1.0
91,GAM,0.91,1.0
91,GAM,0.92,1.0
91,GAM,0.93,1.0
91,GAM,0.9400000000000001,1.0
91,GAM,0.9500000000000001,1.0
91,GAM,0.96,1.0
91,GAM,0.97,1.0
91,GAM,0.98,1.0
91,GAM,0.99,1.0
91,GAM,1.0,1.0
91,RF,0.0,0.5797101449275363
91,RF,0.01,0.782608695652174
91,RF,0.02,0.8405797101449275
91,RF,0.03,0.8405797101449275
91,RF,0.04,0.855072463768116
91,RF,0.05,0.855072463768116
91,RF,0.06,0.8985507246376812
91,RF,0.07,0.927536231884058
91,RF,0.08,0.927536231884058
91,RF,0.09,0.927536231884058
91,RF,0.1,0.9565217391304348
91,RF,0.11,0.9565217391304348
91,RF,0.12,0.9565217391304348
91,RF,0.13,0.9565217391304348
91,RF,0.14,0.9565217391304348
91,RF,0.15,0.9565217391304348
91,RF,0.16,0.9565217391304348
91,RF,0.17,0.9565217391304348
91,RF,0.18,0.9710144927536232
91,RF,0.19,0.9710144927536232
91,RF,0.2,0.9855072463768116
91,RF,0.21,0.9855072463768116
91,RF,0.22,1.0
91,RF,0.23,1.0
91,RF,0.24,1.0
91,RF,0.25,1.0
91,RF,0.26,1.0
91,RF,0.27,1.0
91,RF,0.28,1.0
91,RF,0.29,1.0
91,RF,0.3,1.0
91,RF,0.31,1.0
91,RF,0.32,1.0
91,RF,0.33,1.0
91,RF,0.34,1.0
91,RF,0.35000000000000003,1.0
91,RF,0.36,1.0
91,RF,0.37,1.0
91,RF,0.38,1.0
91,RF,0.39,1.0
91,RF,0.4,1.0
91,RF,0.41000000000000003,1.0
91,RF,0.42,1.0
91,RF,0.43,1.0
91,RF,0.44,1.0
91,RF,0.45,1.0
91,RF,0.46,1.0
91,RF,0.47000000000000003,1.0
91,RF,0.48,1.0
91,RF,0.49,1.0
91,RF,0.5,1.0
91,RF,0.51,1.0
91,RF,0.52,1.0
91,RF,0.53,1.0
91,RF,0.54,1.0
91,RF,0.55,1.0
91,RF,0.56,1.0
91,RF,0.5700000000000001,1.0
91,RF,0.58,1.0
91,RF,0.59,1.0
91,RF,0.6,1.0
91,RF,0.61,1.0
91,RF,0.62,1.0
91,RF,0.63,1.0
91,RF,0.64,1.0
91,RF,0.65,1.0
91,RF,0.66,1.0
91,RF,0.67,1.0
91,RF,0.68,1.0
91,RF,0.6900000000000001,1.0
91,RF,0.7000000000000001,1.0
91,RF,0.71,1.0
91,RF,0.72,1.0
91,RF,0.73,1.0
91,RF,0.74,1.0
91,RF,0.75,1.0
91,RF,0.76,1.0
91,RF,0.77,1.0
91,RF,0.78,1.0
91,RF,0.79,1.0
91,RF,0.8,1.0
91,RF,0.81,1.0
91,RF,0.8200000000000001,1.0
91,RF,0.8300000000000001,1.0
91,RF,0.84,1.0
91,RF,0.85,1.0
91,RF,0.86,1.0
91,RF,0.87,1.0
91,RF,0.88,1.0
91,RF,0.89,1.0
91,RF,0.9,1.0
91,RF,0.91,1.0
91,RF,0.92,1.0
91,RF,0.93,1.0
91,RF,0.9400000000000001,1.0
91,RF,0.9500000000000001,1.0
91,RF,0.96,1.0
91,RF,0.97,1.0
91,RF,0.98,1.0
91,RF,0.99,1.0
91,RF,1.0,1.0
92,LR,0.0,0.7160493827160493
92,LR,0.01,0.8271604938271605
92,LR,0.02,0.8395061728395061
92,LR,0.03,0.8518518518518519
92,LR,0.04,0.8518518518518519
92,LR,0.05,0.9012345679012346
92,LR,0.06,0.9012345679012346
92,LR,0.07,0.9012345679012346
92,LR,0.08,0.9135802469135802
92,LR,0.09,0.9135802469135802
92,LR,0.1,0.9506172839506173
92,LR,0.11,0.9506172839506173
92,LR,0.12,0.9506172839506173
92,LR,0.13,0.9506172839506173
92,LR,0.14,0.9506172839506173
92,LR,0.15,0.9506172839506173
92,LR,0.16,0.9506172839506173
92,LR,0.17,0.9506172839506173
92,LR,0.18,0.9506172839506173
92,LR,0.19,0.9753086419753086
92,LR,0.2,0.9753086419753086
92,LR,0.21,0.9753086419753086
92,LR,0.22,0.9753086419753086
92,LR,0.23,0.9876543209876543
92,LR,0.24,0.9876543209876543
92,LR,0.25,0.9876543209876543
92,LR,0.26,0.9876543209876543
92,LR,0.27,0.9876543209876543
92,LR,0.28,0.9876543209876543
92,LR,0.29,0.9876543209876543
92,LR,0.3,0.9876543209876543
92,LR,0.31,1.0
92,LR,0.32,1.0
92,LR,0.33,1.0
92,LR,0.34,1.0
92,LR,0.35000000000000003,1.0
92,LR,0.36,1.0
92,LR,0.37,1.0
92,LR,0.38,1.0
92,LR,0.39,1.0
92,LR,0.4,1.0
92,LR,0.41000000000000003,1.0
92,LR,0.42,1.0
92,LR,0.43,1.0
92,LR,0.44,1.0
92,LR,0.45,1.0
92,LR,0.46,1.0
92,LR,0.47000000000000003,1.0
92,LR,0.48,1.0
92,LR,0.49,1.0
92,LR,0.5,1.0
92,LR,0.51,1.0
92,LR,0.52,1.0
92,LR,0.53,1.0
92,LR,0.54,1.0
92,LR,0.55,1.0
92,LR,0.56,1.0
92,LR,0.5700000000000001,1.0
92,LR,0.58,1.0
92,LR,0.59,1.0
92,LR,0.6,1.0
92,LR,0.61,1.0
92,LR,0.62,1.0
92,LR,0.63,1.0
92,LR,0.64,1.0
92,LR,0.65,1.0
92,LR,0.66,1.0
92,LR,0.67,1.0
92,LR,0.68,1.0
92,LR,0.6900000000000001,1.0
92,LR,0.7000000000000001,1.0
92,LR,0.71,1.0
92,LR,0.72,1.0
92,LR,0.73,1.0
92,LR,0.74,1.0
92,LR,0.75,1.0
92,LR,0.76,1.0
92,LR,0.77,1.0
92,LR,0.78,1.0
92,LR,0.79,1.0
92,LR,0.8,1.0
92,LR,0.81,1.0
92,LR,0.8200000000000001,1.0
92,LR,0.8300000000000001,1.0
92,LR,0.84,1.0
92,LR,0.85,1.0
92,LR,0.86,1.0
92,LR,0.87,1.0
92,LR,0.88,1.0
92,LR,0.89,1.0
92,LR,0.9,1.0
92,LR,0.91,1.0
92,LR,0.92,1.0
92,LR,0.93,1.0
92,LR,0.9400000000000001,1.0
92,LR,0.9500000000000001,1.0
92,LR,0.96,1.0
92,LR,0.97,1.0
92,LR,0.98,1.0
92,LR,0.99,1.0
92,LR,1.0,1.0
92,GAM,0.0,0.7160493827160493
92,GAM,0.01,0.8271604938271605
92,GAM,0.02,0.8518518518518519
92,GAM,0.03,0.8641975308641975
92,GAM,0.04,0.8888888888888888
92,GAM,0.05,0.8888888888888888
92,GAM,0.06,0.8888888888888888
92,GAM,0.07,0.8888888888888888
92,GAM,0.08,0.9259259259259259
92,GAM,0.09,0.9506172839506173
92,GAM,0.1,0.9506172839506173
92,GAM,0.11,0.9506172839506173
92,GAM,0.12,0.9506172839506173
92,GAM,0.13,0.9506172839506173
92,GAM,0.14,0.9506172839506173
92,GAM,0.15,0.9753086419753086
92,GAM,0.16,0.9753086419753086
92,GAM,0.17,0.9753086419753086
92,GAM,0.18,0.9753086419753086
92,GAM,0.19,0.9753086419753086
92,GAM,0.2,0.9753086419753086
92,GAM,0.21,0.9876543209876543
92,GAM,0.22,0.9876543209876543
92,GAM,0.23,0.9876543209876543
92,GAM,0.24,0.9876543209876543
92,GAM,0.25,0.9876543209876543
92,GAM,0.26,1.0
92,GAM,0.27,1.0
92,GAM,0.28,1.0
92,GAM,0.29,1.0
92,GAM,0.3,1.0
92,GAM,0.31,1.0
92,GAM,0.32,1.0
92,GAM,0.33,1.0
92,GAM,0.34,1.0
92,GAM,0.35000000000000003,1.0
92,GAM,0.36,1.0
92,GAM,0.37,1.0
92,GAM,0.38,1.0
92,GAM,0.39,1.0
92,GAM,0.4,1.0
92,GAM,0.41000000000000003,1.0
92,GAM,0.42,1.0
92,GAM,0.43,1.0
92,GAM,0.44,1.0
92,GAM,0.45,1.0
92,GAM,0.46,1.0
92,GAM,0.47000000000000003,1.0
92,GAM,0.48,1.0
92,GAM,0.49,1.0
92,GAM,0.5,1.0
92,GAM,0.51,1.0
92,GAM,0.52,1.0
92,GAM,0.53,1.0
92,GAM,0.54,1.0
92,GAM,0.55,1.0
92,GAM,0.56,1.0
92,GAM,0.5700000000000001,1.0
92,GAM,0.58,1.0
92,GAM,0.59,1.0
92,GAM,0.6,1.0
92,GAM,0.61,1.0
92,GAM,0.62,1.0
92,GAM,0.63,1.0
92,GAM,0.64,1.0
92,GAM,0.65,1.0
92,GAM,0.66,1.0
92,GAM,0.67,1.0
92,GAM,0.68,1.0
92,GAM,0.6900000000000001,1.0
92,GAM,0.7000000000000001,1.0
92,GAM,0.71,1.0
92,GAM,0.72,1.0
92,GAM,0.73,1.0
92,GAM,0.74,1.0
92,GAM,0.75,1.0
92,GAM,0.76,1.0
92,GAM,0.77,1.0
92,GAM,0.78,1.0
92,GAM,0.79,1.0
92,GAM,0.8,1.0
92,GAM,0.81,1.0
92,GAM,0.8200000000000001,1.0
92,GAM,0.8300000000000001,1.0
92,GAM,0.84,1.0
92,GAM,0.85,1.0
92,GAM,0.86,1.0
92,GAM,0.87,1.0
92,GAM,0.88,1.0
92,GAM,0.89,1.0
92,GAM,0.9,1.0
92,GAM,0.91,1.0
92,GAM,0.92,1.0
92,GAM,0.93,1.0
92,GAM,0.9400000000000001,1.0
92,GAM,0.9500000000000001,1.0
92,GAM,0.96,1.0
92,GAM,0.97,1.0
92,GAM,0.98,1.0
92,GAM,0.99,1.0
92,GAM,1.0,1.0
92,RF,0.0,0.7160493827160493
92,RF,0.01,0.7407407407407407
92,RF,0.02,0.7901234567901234
92,RF,0.03,0.8641975308641975
92,RF,0.04,0.8641975308641975
92,RF,0.05,0.9135802469135802
92,RF,0.06,0.9259259259259259
92,RF,0.07,0.9259259259259259
92,RF,0.08,0.9629629629629629
92,RF,0.09,0.9629629629629629
92,RF,0.1,0.9629629629629629
92,RF,0.11,0.9753086419753086
92,RF,0.12,0.9753086419753086
92,RF,0.13,0.9753086419753086
92,RF,0.14,0.9753086419753086
92,RF,0.15,0.9876543209876543
92,RF,0.16,0.9876543209876543
92,RF,0.17,0.9876543209876543
92,RF,0.18,1.0
92,RF,0.19,1.0
92,RF,0.2,1.0
92,RF,0.21,1.0
92,RF,0.22,1.0
92,RF,0.23,1.0
92,RF,0.24,1.0
92,RF,0.25,1.0
92,RF,0.26,1.0
92,RF,0.27,1.0
92,RF,0.28,1.0
92,RF,0.29,1.0
92,RF,0.3,1.0
92,RF,0.31,1.0
92,RF,0.32,1.0
92,RF,0.33,1.0
92,RF,0.34,1.0
92,RF,0.35000000000000003,1.0
92,RF,0.36,1.0
92,RF,0.37,1.0
92,RF,0.38,1.0
92,RF,0.39,1.0
92,RF,0.4,1.0
92,RF,0.41000000000000003,1.0
92,RF,0.42,1.0
92,RF,0.43,1.0
92,RF,0.44,1.0
92,RF,0.45,1.0
92,RF,0.46,1.0
92,RF,0.47000000000000003,1.0
92,RF,0.48,1.0
92,RF,0.49,1.0
92,RF,0.5,1.0
92,RF,0.51,1.0
92,RF,0.52,1.0
92,RF,0.53,1.0
92,RF,0.54,1.0
92,RF,0.55,1.0
92,RF,0.56,1.0
92,RF,0.5700000000000001,1.0
92,RF,0.58,1.0
92,RF,0.59,1.0
92,RF,0.6,1.0
92,RF,0.61,1.0
92,RF,0.62,1.0
92,RF,0.63,1.0
92,RF,0.64,1.0
92,RF,0.65,1.0
92,RF,0.66,1.0
92,RF,0.67,1.0
92,RF,0.68,1.0
92,RF,0.6900000000000001,1.0
92,RF,0.7000000000000001,1.0
92,RF,0.71,1.0
92,RF,0.72,1.0
92,RF,0.73,1.0
92,RF,0.74,1.0
92,RF,0.75,1.0
92,RF,0.76,1.0
92,RF,0.77,1.0
92,RF,0.78,1.0
92,RF,0.79,1.0
92,RF,0.8,1.0
92,RF,0.81,1.0
92,RF,0.8200000000000001,1.0
92,RF,0.8300000000000001,1.0
92,RF,0.84,1.0
92,RF,0.85,1.0
92,RF,0.86,1.0
92,RF,0.87,1.0
92,RF,0.88,1.0
92,RF,0.89,1.0
92,RF,0.9,1.0
92,RF,0.91,1.0
92,RF,0.92,1.0
92,RF,0.93,1.0
92,RF,0.9400000000000001,1.0
92,RF,0.9500000000000001,1.0
92,RF,0.96,1.0
92,RF,0.97,1.0
92,RF,0.98,1.0
92,RF,0.99,1.0
92,RF,1.0,1.0
93,LR,0.0,0.48
93,LR,0.01,0.7733333333333333
93,LR,0.02,0.8
93,LR,0.03,0.8266666666666667
93,LR,0.04,0.8266666666666667
93,LR,0.05,0.92
93,LR,0.06,0.92
93,LR,0.07,0.96
93,LR,0.08,0.9733333333333334
93,LR,0.09,0.9733333333333334
93,LR,0.1,0.9733333333333334
93,LR,0.11,0.9733333333333334
93,LR,0.12,0.9733333333333334
93,LR,0.13,0.9733333333333334
93,LR,0.14,0.9733333333333334
93,LR,0.15,0.9733333333333334
93,LR,0.16,0.9733333333333334
93,LR,0.17,0.9733333333333334
93,LR,0.18,0.9733333333333334
93,LR,0.19,0.9733333333333334
93,LR,0.2,0.9733333333333334
93,LR,0.21,0.9733333333333334
93,LR,0.22,0.9733333333333334
93,LR,0.23,0.9733333333333334
93,LR,0.24,0.9733333333333334
93,LR,0.25,0.9733333333333334
93,LR,0.26,0.9866666666666667
93,LR,0.27,0.9866666666666667
93,LR,0.28,0.9866666666666667
93,LR,0.29,0.9866666666666667
93,LR,0.3,0.9866666666666667
93,LR,0.31,0.9866666666666667
93,LR,0.32,0.9866666666666667
93,LR,0.33,0.9866666666666667
93,LR,0.34,0.9866666666666667
93,LR,0.35000000000000003,0.9866666666666667
93,LR,0.36,0.9866666666666667
93,LR,0.37,0.9866666666666667
93,LR,0.38,1.0
93,LR,0.39,1.0
93,LR,0.4,1.0
93,LR,0.41000000000000003,1.0
93,LR,0.42,1.0
93,LR,0.43,1.0
93,LR,0.44,1.0
93,LR,0.45,1.0
93,LR,0.46,1.0
93,LR,0.47000000000000003,1.0
93,LR,0.48,1.0
93,LR,0.49,1.0
93,LR,0.5,1.0
93,LR,0.51,1.0
93,LR,0.52,1.0
93,LR,0.53,1.0
93,LR,0.54,1.0
93,LR,0.55,1.0
93,LR,0.56,1.0
93,LR,0.5700000000000001,1.0
93,LR,0.58,1.0
93,LR,0.59,1.0
93,LR,0.6,1.0
93,LR,0.61,1.0
93,LR,0.62,1.0
93,LR,0.63,1.0
93,LR,0.64,1.0
93,LR,0.65,1.0
93,LR,0.66,1.0
93,LR,0.67,1.0
93,LR,0.68,1.0
93,LR,0.6900000000000001,1.0
93,LR,0.7000000000000001,1.0
93,LR,0.71,1.0
93,LR,0.72,1.0
93,LR,0.73,1.0
93,LR,0.74,1.0
93,LR,0.75,1.0
93,LR,0.76,1.0
93,LR,0.77,1.0
93,LR,0.78,1.0
93,LR,0.79,1.0
93,LR,0.8,1.0
93,LR,0.81,1.0
93,LR,0.8200000000000001,1.0
93,LR,0.8300000000000001,1.0
93,LR,0.84,1.0
93,LR,0.85,1.0
93,LR,0.86,1.0
93,LR,0.87,1.0
93,LR,0.88,1.0
93,LR,0.89,1.0
93,LR,0.9,1.0
93,LR,0.91,1.0
93,LR,0.92,1.0
93,LR,0.93,1.0
93,LR,0.9400000000000001,1.0
93,LR,0.9500000000000001,1.0
93,LR,0.96,1.0
93,LR,0.97,1.0
93,LR,0.98,1.0
93,LR,0.99,1.0
93,LR,1.0,1.0
93,GAM,0.0,0.5333333333333333
93,GAM,0.01,0.7466666666666667
93,GAM,0.02,0.7733333333333333
93,GAM,0.03,0.8133333333333334
93,GAM,0.04,0.8666666666666667
93,GAM,0.05,0.92
93,GAM,0.06,0.9466666666666667
93,GAM,0.07,0.9733333333333334
93,GAM,0.08,0.9733333333333334
93,GAM,0.09,0.9733333333333334
93,GAM,0.1,0.9733333333333334
93,GAM,0.11,0.9733333333333334
93,GAM,0.12,0.9733333333333334
93,GAM,0.13,0.9733333333333334
93,GAM,0.14,0.9733333333333334
93,GAM,0.15,0.9733333333333334
93,GAM,0.16,0.9733333333333334
93,GAM,0.17,0.9733333333333334
93,GAM,0.18,0.9733333333333334
93,GAM,0.19,0.9866666666666667
93,GAM,0.2,0.9866666666666667
93,GAM,0.21,0.9866666666666667
93,GAM,0.22,0.9866666666666667
93,GAM,0.23,0.9866666666666667
93,GAM,0.24,0.9866666666666667
93,GAM,0.25,0.9866666666666667
93,GAM,0.26,0.9866666666666667
93,GAM,0.27,0.9866666666666667
93,GAM,0.28,0.9866666666666667
93,GAM,0.29,0.9866666666666667
93,GAM,0.3,0.9866666666666667
93,GAM,0.31,0.9866666666666667
93,GAM,0.32,1.0
93,GAM,0.33,1.0
93,GAM,0.34,1.0
93,GAM,0.35000000000000003,1.0
93,GAM,0.36,1.0
93,GAM,0.37,1.0
93,GAM,0.38,1.0
93,GAM,0.39,1.0
93,GAM,0.4,1.0
93,GAM,0.41000000000000003,1.0
93,GAM,0.42,1.0
93,GAM,0.43,1.0
93,GAM,0.44,1.0
93,GAM,0.45,1.0
93,GAM,0.46,1.0
93,GAM,0.47000000000000003,1.0
93,GAM,0.48,1.0
93,GAM,0.49,1.0
93,GAM,0.5,1.0
93,GAM,0.51,1.0
93,GAM,0.52,1.0
93,GAM,0.53,1.0
93,GAM,0.54,1.0
93,GAM,0.55,1.0
93,GAM,0.56,1.0
93,GAM,0.5700000000000001,1.0
93,GAM,0.58,1.0
93,GAM,0.59,1.0
93,GAM,0.6,1.0
93,GAM,0.61,1.0
93,GAM,0.62,1.0
93,GAM,0.63,1.0
93,GAM,0.64,1.0
93,GAM,0.65,1.0
93,GAM,0.66,1.0
93,GAM,0.67,1.0
93,GAM,0.68,1.0
93,GAM,0.6900000000000001,1.0
93,GAM,0.7000000000000001,1.0
93,GAM,0.71,1.0
93,GAM,0.72,1.0
93,GAM,0.73,1.0
93,GAM,0.74,1.0
93,GAM,0.75,1.0
93,GAM,0.76,1.0
93,GAM,0.77,1.0
93,GAM,0.78,1.0
93,GAM,0.79,1.0
93,GAM,0.8,1.0
93,GAM,0.81,1.0
93,GAM,0.8200000000000001,1.0
93,GAM,0.8300000000000001,1.0
93,GAM,0.84,1.0
93,GAM,0.85,1.0
93,GAM,0.86,1.0
93,GAM,0.87,1.0
93,GAM,0.88,1.0
93,GAM,0.89,1.0
93,GAM,0.9,1.0
93,GAM,0.91,1.0
93,GAM,0.92,1.0
93,GAM,0.93,1.0
93,GAM,0.9400000000000001,1.0
93,GAM,0.9500000000000001,1.0
93,GAM,0.96,1.0
93,GAM,0.97,1.0
93,GAM,0.98,1.0
93,GAM,0.99,1.0
93,GAM,1.0,1.0
93,RF,0.0,0.6533333333333333
93,RF,0.01,0.7466666666666667
93,RF,0.02,0.76
93,RF,0.03,0.8266666666666667
93,RF,0.04,0.8266666666666667
93,RF,0.05,0.8666666666666667
93,RF,0.06,0.88
93,RF,0.07,0.88
93,RF,0.08,0.92
93,RF,0.09,0.9333333333333333
93,RF,0.1,0.9333333333333333
93,RF,0.11,0.9333333333333333
93,RF,0.12,0.9466666666666667
93,RF,0.13,0.9733333333333334
93,RF,0.14,0.9733333333333334
93,RF,0.15,0.9733333333333334
93,RF,0.16,0.9733333333333334
93,RF,0.17,0.9733333333333334
93,RF,0.18,0.9733333333333334
93,RF,0.19,0.9866666666666667
93,RF,0.2,0.9866666666666667
93,RF,0.21,0.9866666666666667
93,RF,0.22,0.9866666666666667
93,RF,0.23,0.9866666666666667
93,RF,0.24,0.9866666666666667
93,RF,0.25,0.9866666666666667
93,RF,0.26,0.9866666666666667
93,RF,0.27,0.9866666666666667
93,RF,0.28,1.0
93,RF,0.29,1.0
93,RF,0.3,1.0
93,RF,0.31,1.0
93,RF,0.32,1.0
93,RF,0.33,1.0
93,RF,0.34,1.0
93,RF,0.35000000000000003,1.0
93,RF,0.36,1.0
93,RF,0.37,1.0
93,RF,0.38,1.0
93,RF,0.39,1.0
93,RF,0.4,1.0
93,RF,0.41000000000000003,1.0
93,RF,0.42,1.0
93,RF,0.43,1.0
93,RF,0.44,1.0
93,RF,0.45,1.0
93,RF,0.46,1.0
93,RF,0.47000000000000003,1.0
93,RF,0.48,1.0
93,RF,0.49,1.0
93,RF,0.5,1.0
93,RF,0.51,1.0
93,RF,0.52,1.0
93,RF,0.53,1.0
93,RF,0.54,1.0
93,RF,0.55,1.0
93,RF,0.56,1.0
93,RF,0.5700000000000001,1.0
93,RF,0.58,1.0
93,RF,0.59,1.0
93,RF,0.6,1.0
93,RF,0.61,1.0
93,RF,0.62,1.0
93,RF,0.63,1.0
93,RF,0.64,1.0
93,RF,0.65,1.0
93,RF,0.66,1.0
93,RF,0.67,1.0
93,RF,0.68,1.0
93,RF,0.6900000000000001,1.0
93,RF,0.7000000000000001,1.0
93,RF,0.71,1.0
93,RF,0.72,1.0
93,RF,0.73,1.0
93,RF,0.74,1.0
93,RF,0.75,1.0
93,RF,0.76,1.0
93,RF,0.77,1.0
93,RF,0.78,1.0
93,RF,0.79,1.0
93,RF,0.8,1.0
93,RF,0.81,1.0
93,RF,0.8200000000000001,1.0
93,RF,0.8300000000000001,1.0
93,RF,0.84,1.0
93,RF,0.85,1.0
93,RF,0.86,1.0
93,RF,0.87,1.0
93,RF,0.88,1.0
93,RF,0.89,1.0
93,RF,0.9,1.0
93,RF,0.91,1.0
93,RF,0.92,1.0
93,RF,0.93,1.0
93,RF,0.9400000000000001,1.0
93,RF,0.9500000000000001,1.0
93,RF,0.96,1.0
93,RF,0.97,1.0
93,RF,0.98,1.0
93,RF,0.99,1.0
93,RF,1.0,1.0
94,LR,0.0,0.39436619718309857
94,LR,0.01,0.6056338028169014
94,LR,0.02,0.8309859154929577
94,LR,0.03,0.8591549295774648
94,LR,0.04,0.8732394366197183
94,LR,0.05,0.8873239436619719
94,LR,0.06,0.9014084507042254
94,LR,0.07,0.9014084507042254
94,LR,0.08,0.9014084507042254
94,LR,0.09,0.9014084507042254
94,LR,0.1,0.9295774647887324
94,LR,0.11,0.9295774647887324
94,LR,0.12,0.9295774647887324
94,LR,0.13,0.9295774647887324
94,LR,0.14,0.9295774647887324
94,LR,0.15,0.9295774647887324
94,LR,0.16,0.9436619718309859
94,LR,0.17,0.9577464788732394
94,LR,0.18,0.9577464788732394
94,LR,0.19,0.9577464788732394
94,LR,0.2,0.9577464788732394
94,LR,0.21,0.9577464788732394
94,LR,0.22,0.9577464788732394
94,LR,0.23,0.9577464788732394
94,LR,0.24,0.9577464788732394
94,LR,0.25,0.9577464788732394
94,LR,0.26,0.9577464788732394
94,LR,0.27,0.9577464788732394
94,LR,0.28,0.9577464788732394
94,LR,0.29,0.9577464788732394
94,LR,0.3,0.9577464788732394
94,LR,0.31,0.9577464788732394
94,LR,0.32,0.9577464788732394
94,LR,0.33,0.9577464788732394
94,LR,0.34,0.971830985915493
94,LR,0.35000000000000003,0.971830985915493
94,LR,0.36,0.971830985915493
94,LR,0.37,0.971830985915493
94,LR,0.38,0.971830985915493
94,LR,0.39,0.971830985915493
94,LR,0.4,0.971830985915493
94,LR,0.41000000000000003,0.971830985915493
94,LR,0.42,0.9859154929577465
94,LR,0.43,0.9859154929577465
94,LR,0.44,0.9859154929577465
94,LR,0.45,0.9859154929577465
94,LR,0.46,0.9859154929577465
94,LR,0.47000000000000003,0.9859154929577465
94,LR,0.48,1.0
94,LR,0.49,1.0
94,LR,0.5,1.0
94,LR,0.51,1.0
94,LR,0.52,1.0
94,LR,0.53,1.0
94,LR,0.54,1.0
94,LR,0.55,1.0
94,LR,0.56,1.0
94,LR,0.5700000000000001,1.0
94,LR,0.58,1.0
94,LR,0.59,1.0
94,LR,0.6,1.0
94,LR,0.61,1.0
94,LR,0.62,1.0
94,LR,0.63,1.0
94,LR,0.64,1.0
94,LR,0.65,1.0
94,LR,0.66,1.0
94,LR,0.67,1.0
94,LR,0.68,1.0
94,LR,0.6900000000000001,1.0
94,LR,0.7000000000000001,1.0
94,LR,0.71,1.0
94,LR,0.72,1.0
94,LR,0.73,1.0
94,LR,0.74,1.0
94,LR,0.75,1.0
94,LR,0.76,1.0
94,LR,0.77,1.0
94,LR,0.78,1.0
94,LR,0.79,1.0
94,LR,0.8,1.0
94,LR,0.81,1.0
94,LR,0.8200000000000001,1.0
94,LR,0.8300000000000001,1.0
94,LR,0.84,1.0
94,LR,0.85,1.0
94,LR,0.86,1.0
94,LR,0.87,1.0
94,LR,0.88,1.0
94,LR,0.89,1.0
94,LR,0.9,1.0
94,LR,0.91,1.0
94,LR,0.92,1.0
94,LR,0.93,1.0
94,LR,0.9400000000000001,1.0
94,LR,0.9500000000000001,1.0
94,LR,0.96,1.0
94,LR,0.97,1.0
94,LR,0.98,1.0
94,LR,0.99,1.0
94,LR,1.0,1.0
95,LR,0.0,0.4927536231884058
95,LR,0.01,0.5652173913043478
95,LR,0.02,0.7536231884057971
95,LR,0.03,0.7536231884057971
95,LR,0.04,0.7536231884057971
95,LR,0.05,0.7971014492753623
95,LR,0.06,0.8985507246376812
95,LR,0.07,0.8985507246376812
95,LR,0.08,0.927536231884058
95,LR,0.09,0.927536231884058
95,LR,0.1,0.927536231884058
95,LR,0.11,0.927536231884058
95,LR,0.12,0.927536231884058
95,LR,0.13,0.927536231884058
95,LR,0.14,0.927536231884058
95,LR,0.15,0.927536231884058
95,LR,0.16,0.9420289855072463
95,LR,0.17,0.9420289855072463
95,LR,0.18,0.9420289855072463
95,LR,0.19,0.9420289855072463
95,LR,0.2,0.9565217391304348
95,LR,0.21,0.9565217391304348
95,LR,0.22,0.9565217391304348
95,LR,0.23,0.9565217391304348
95,LR,0.24,0.9565217391304348
95,LR,0.25,0.9565217391304348
95,LR,0.26,0.9565217391304348
95,LR,0.27,0.9565217391304348
95,LR,0.28,0.9565217391304348
95,LR,0.29,0.9565217391304348
95,LR,0.3,0.9565217391304348
95,LR,0.31,0.9565217391304348
95,LR,0.32,0.9565217391304348
95,LR,0.33,0.9565217391304348
95,LR,0.34,0.9565217391304348
95,LR,0.35000000000000003,0.9565217391304348
95,LR,0.36,0.9565217391304348
95,LR,0.37,0.9565217391304348
95,LR,0.38,0.9565217391304348
95,LR,0.39,0.9565217391304348
95,LR,0.4,0.9565217391304348
95,LR,0.41000000000000003,0.9565217391304348
95,LR,0.42,0.9565217391304348
95,LR,0.43,0.9565217391304348
95,LR,0.44,0.9565217391304348
95,LR,0.45,0.9565217391304348
95,LR,0.46,0.9710144927536232
95,LR,0.47000000000000003,0.9710144927536232
95,LR,0.48,0.9855072463768116
95,LR,0.49,1.0
95,LR,0.5,1.0
95,LR,0.51,1.0
95,LR,0.52,1.0
95,LR,0.53,1.0
95,LR,0.54,1.0
95,LR,0.55,1.0
95,LR,0.56,1.0
95,LR,0.5700000000000001,1.0
95,LR,0.58,1.0
95,LR,0.59,1.0
95,LR,0.6,1.0
95,LR,0.61,1.0
95,LR,0.62,1.0
95,LR,0.63,1.0
95,LR,0.64,1.0
95,LR,0.65,1.0
95,LR,0.66,1.0
95,LR,0.67,1.0
95,LR,0.68,1.0
95,LR,0.6900000000000001,1.0
95,LR,0.7000000000000001,1.0
95,LR,0.71,1.0
95,LR,0.72,1.0
95,LR,0.73,1.0
95,LR,0.74,1.0
95,LR,0.75,1.0
95,LR,0.76,1.0
95,LR,0.77,1.0
95,LR,0.78,1.0
95,LR,0.79,1.0
95,LR,0.8,1.0
95,LR,0.81,1.0
95,LR,0.8200000000000001,1.0
95,LR,0.8300000000000001,1.0
95,LR,0.84,1.0
95,LR,0.85,1.0
95,LR,0.86,1.0
95,LR,0.87,1.0
95,LR,0.88,1.0
95,LR,0.89,1.0
95,LR,0.9,1.0
95,LR,0.91,1.0
95,LR,0.92,1.0
95,LR,0.93,1.0
95,LR,0.9400000000000001,1.0
95,LR,0.9500000000000001,1.0
95,LR,0.96,1.0
95,LR,0.97,1.0
95,LR,0.98,1.0
95,LR,0.99,1.0
95,LR,1.0,1.0
95,GAM,0.0,0.5217391304347826
95,GAM,0.01,0.5942028985507246
95,GAM,0.02,0.7391304347826086
95,GAM,0.03,0.782608695652174
95,GAM,0.04,0.8115942028985508
95,GAM,0.05,0.8405797101449275
95,GAM,0.06,0.8840579710144928
95,GAM,0.07,0.927536231884058
95,GAM,0.08,0.927536231884058
95,GAM,0.09,0.927536231884058
95,GAM,0.1,0.927536231884058
95,GAM,0.11,0.927536231884058
95,GAM,0.12,0.927536231884058
95,GAM,0.13,0.927536231884058
95,GAM,0.14,0.927536231884058
95,GAM,0.15,0.927536231884058
95,GAM,0.16,0.927536231884058
95,GAM,0.17,0.927536231884058
95,GAM,0.18,0.927536231884058
95,GAM,0.19,0.927536231884058
95,GAM,0.2,0.9420289855072463
95,GAM,0.21,0.9420289855072463
95,GAM,0.22,0.9420289855072463
95,GAM,0.23,0.9420289855072463
95,GAM,0.24,0.9420289855072463
95,GAM,0.25,0.9420289855072463
95,GAM,0.26,0.9420289855072463
95,GAM,0.27,0.9420289855072463
95,GAM,0.28,0.9420289855072463
95,GAM,0.29,0.9420289855072463
95,GAM,0.3,0.9420289855072463
95,GAM,0.31,0.9420289855072463
95,GAM,0.32,0.9420289855072463
95,GAM,0.33,0.9420289855072463
95,GAM,0.34,0.9420289855072463
95,GAM,0.35000000000000003,0.9420289855072463
95,GAM,0.36,0.9420289855072463
95,GAM,0.37,0.9565217391304348
95,GAM,0.38,0.9565217391304348
95,GAM,0.39,0.9565217391304348
95,GAM,0.4,0.9565217391304348
95,GAM,0.41000000000000003,0.9710144927536232
95,GAM,0.42,0.9710144927536232
95,GAM,0.43,0.9710144927536232
95,GAM,0.44,0.9710144927536232
95,GAM,0.45,0.9710144927536232
95,GAM,0.46,0.9855072463768116
95,GAM,0.47000000000000003,0.9855072463768116
95,GAM,0.48,0.9855072463768116
95,GAM,0.49,0.9855072463768116
95,GAM,0.5,1.0
95,GAM,0.51,1.0
95,GAM,0.52,1.0
95,GAM,0.53,1.0
95,GAM,0.54,1.0
95,GAM,0.55,1.0
95,GAM,0.56,1.0
95,GAM,0.5700000000000001,1.0
95,GAM,0.58,1.0
95,GAM,0.59,1.0
95,GAM,0.6,1.0
95,GAM,0.61,1.0
95,GAM,0.62,1.0
95,GAM,0.63,1.0
95,GAM,0.64,1.0
95,GAM,0.65,1.0
95,GAM,0.66,1.0
95,GAM,0.67,1.0
95,GAM,0.68,1.0
95,GAM,0.6900000000000001,1.0
95,GAM,0.7000000000000001,1.0
95,GAM,0.71,1.0
95,GAM,0.72,1.0
95,GAM,0.73,1.0
95,GAM,0.74,1.0
95,GAM,0.75,1.0
95,GAM,0.76,1.0
95,GAM,0.77,1.0
95,GAM,0.78,1.0
95,GAM,0.79,1.0
95,GAM,0.8,1.0
95,GAM,0.81,1.0
95,GAM,0.8200000000000001,1.0
95,GAM,0.8300000000000001,1.0
95,GAM,0.84,1.0
95,GAM,0.85,1.0
95,GAM,0.86,1.0
95,GAM,0.87,1.0
95,GAM,0.88,1.0
95,GAM,0.89,1.0
95,GAM,0.9,1.0
95,GAM,0.91,1.0
95,GAM,0.92,1.0
95,GAM,0.93,1.0
95,GAM,0.9400000000000001,1.0
95,GAM,0.9500000000000001,1.0
95,GAM,0.96,1.0
95,GAM,0.97,1.0
95,GAM,0.98,1.0
95,GAM,0.99,1.0
95,GAM,1.0,1.0
95,RF,0.0,0.5652173913043478
95,RF,0.01,0.5652173913043478
95,RF,0.02,0.7246376811594203
95,RF,0.03,0.7246376811594203
95,RF,0.04,0.855072463768116
95,RF,0.05,0.855072463768116
95,RF,0.06,0.8840579710144928
95,RF,0.07,0.8985507246376812
95,RF,0.08,0.8985507246376812
95,RF,0.09,0.8985507246376812
95,RF,0.1,0.927536231884058
95,RF,0.11,0.927536231884058
95,RF,0.12,0.927536231884058
95,RF,0.13,0.927536231884058
95,RF,0.14,0.927536231884058
95,RF,0.15,0.927536231884058
95,RF,0.16,0.927536231884058
95,RF,0.17,0.927536231884058
95,RF,0.18,0.9420289855072463
95,RF,0.19,0.9565217391304348
95,RF,0.2,0.9710144927536232
95,RF,0.21,0.9710144927536232
95,RF,0.22,0.9710144927536232
95,RF,0.23,0.9710144927536232
95,RF,0.24,0.9710144927536232
95,RF,0.25,0.9710144927536232
95,RF,0.26,0.9710144927536232
95,RF,0.27,0.9710144927536232
95,RF,0.28,0.9855072463768116
95,RF,0.29,0.9855072463768116
95,RF,0.3,0.9855072463768116
95,RF,0.31,0.9855072463768116
95,RF,0.32,0.9855072463768116
95,RF,0.33,0.9855072463768116
95,RF,0.34,0.9855072463768116
95,RF,0.35000000000000003,0.9855072463768116
95,RF,0.36,0.9855072463768116
95,RF,0.37,0.9855072463768116
95,RF,0.38,0.9855072463768116
95,RF,0.39,0.9855072463768116
95,RF,0.4,1.0
95,RF,0.41000000000000003,1.0
95,RF,0.42,1.0
95,RF,0.43,1.0
95,RF,0.44,1.0
95,RF,0.45,1.0
95,RF,0.46,1.0
95,RF,0.47000000000000003,1.0
95,RF,0.48,1.0
95,RF,0.49,1.0
95,RF,0.5,1.0
95,RF,0.51,1.0
95,RF,0.52,1.0
95,RF,0.53,1.0
95,RF,0.54,1.0
95,RF,0.55,1.0
95,RF,0.56,1.0
95,RF,0.5700000000000001,1.0
95,RF,0.58,1.0
95,RF,0.59,1.0
95,RF,0.6,1.0
95,RF,0.61,1.0
95,RF,0.62,1.0
95,RF,0.63,1.0
95,RF,0.64,1.0
95,RF,0.65,1.0
95,RF,0.66,1.0
95,RF,0.67,1.0
95,RF,0.68,1.0
95,RF,0.6900000000000001,1.0
95,RF,0.7000000000000001,1.0
95,RF,0.71,1.0
95,RF,0.72,1.0
95,RF,0.73,1.0
95,RF,0.74,1.0
95,RF,0.75,1.0
95,RF,0.76,1.0
95,RF,0.77,1.0
95,RF,0.78,1.0
95,RF,0.79,1.0
95,RF,0.8,1.0
95,RF,0.81,1.0
95,RF,0.8200000000000001,1.0
95,RF,0.8300000000000001,1.0
95,RF,0.84,1.0
95,RF,0.85,1.0
95,RF,0.86,1.0
95,RF,0.87,1.0
95,RF,0.88,1.0
95,RF,0.89,1.0
95,RF,0.9,1.0
95,RF,0.91,1.0
95,RF,0.92,1.0
95,RF,0.93,1.0
95,RF,0.9400000000000001,1.0
95,RF,0.9500000000000001,1.0
95,RF,0.96,1.0
95,RF,0.97,1.0
95,RF,0.98,1.0
95,RF,0.99,1.0
95,RF,1.0,1.0
96,LR,0.0,0.44285714285714284
96,LR,0.01,0.7285714285714285
96,LR,0.02,0.7428571428571429
96,LR,0.03,0.7571428571428571
96,LR,0.04,0.8142857142857143
96,LR,0.05,0.8428571428571429
96,LR,0.06,0.8428571428571429
96,LR,0.07,0.8428571428571429
96,LR,0.08,0.8571428571428571
96,LR,0.09,0.8714285714285714
96,LR,0.1,0.8857142857142857
96,LR,0.11,0.8857142857142857
96,LR,0.12,0.8857142857142857
96,LR,0.13,0.8857142857142857
96,LR,0.14,0.8857142857142857
96,LR,0.15,0.8857142857142857
96,LR,0.16,0.8857142857142857
96,LR,0.17,0.8857142857142857
96,LR,0.18,0.9
96,LR,0.19,0.9
96,LR,0.2,0.9
96,LR,0.21,0.9
96,LR,0.22,0.9142857142857143
96,LR,0.23,0.9142857142857143
96,LR,0.24,0.9142857142857143
96,LR,0.25,0.9142857142857143
96,LR,0.26,0.9142857142857143
96,LR,0.27,0.9142857142857143
96,LR,0.28,0.9142857142857143
96,LR,0.29,0.9142857142857143
96,LR,0.3,0.9142857142857143
96,LR,0.31,0.9142857142857143
96,LR,0.32,0.9285714285714286
96,LR,0.33,0.9285714285714286
96,LR,0.34,0.9285714285714286
96,LR,0.35000000000000003,0.9285714285714286
96,LR,0.36,0.9285714285714286
96,LR,0.37,0.9285714285714286
96,LR,0.38,0.9285714285714286
96,LR,0.39,0.9285714285714286
96,LR,0.4,0.9285714285714286
96,LR,0.41000000000000003,0.9285714285714286
96,LR,0.42,0.9428571428571428
96,LR,0.43,0.9428571428571428
96,LR,0.44,0.9428571428571428
96,LR,0.45,0.9428571428571428
96,LR,0.46,0.9428571428571428
96,LR,0.47000000000000003,0.9428571428571428
96,LR,0.48,0.9428571428571428
96,LR,0.49,0.9428571428571428
96,LR,0.5,0.9571428571428572
96,LR,0.51,0.9571428571428572
96,LR,0.52,0.9571428571428572
96,LR,0.53,0.9571428571428572
96,LR,0.54,0.9571428571428572
96,LR,0.55,0.9571428571428572
96,LR,0.56,0.9571428571428572
96,LR,0.5700000000000001,0.9857142857142858
96,LR,0.58,0.9857142857142858
96,LR,0.59,0.9857142857142858
96,LR,0.6,0.9857142857142858
96,LR,0.61,0.9857142857142858
96,LR,0.62,0.9857142857142858
96,LR,0.63,0.9857142857142858
96,LR,0.64,0.9857142857142858
96,LR,0.65,0.9857142857142858
96,LR,0.66,0.9857142857142858
96,LR,0.67,0.9857142857142858
96,LR,0.68,0.9857142857142858
96,LR,0.6900000000000001,0.9857142857142858
96,LR,0.7000000000000001,0.9857142857142858
96,LR,0.71,0.9857142857142858
96,LR,0.72,0.9857142857142858
96,LR,0.73,0.9857142857142858
96,LR,0.74,0.9857142857142858
96,LR,0.75,0.9857142857142858
96,LR,0.76,0.9857142857142858
96,LR,0.77,0.9857142857142858
96,LR,0.78,0.9857142857142858
96,LR,0.79,0.9857142857142858
96,LR,0.8,0.9857142857142858
96,LR,0.81,0.9857142857142858
96,LR,0.8200000000000001,0.9857142857142858
96,LR,0.8300000000000001,0.9857142857142858
96,LR,0.84,0.9857142857142858
96,LR,0.85,0.9857142857142858
96,LR,0.86,0.9857142857142858
96,LR,0.87,0.9857142857142858
96,LR,0.88,0.9857142857142858
96,LR,0.89,0.9857142857142858
96,LR,0.9,0.9857142857142858
96,LR,0.91,0.9857142857142858
96,LR,0.92,0.9857142857142858
96,LR,0.93,0.9857142857142858
96,LR,0.9400000000000001,0.9857142857142858
96,LR,0.9500000000000001,1.0
96,LR,0.96,1.0
96,LR,0.97,1.0
96,LR,0.98,1.0
96,LR,0.99,1.0
96,LR,1.0,1.0
96,GAM,0.0,0.4142857142857143
96,GAM,0.01,0.7428571428571429
96,GAM,0.02,0.8
96,GAM,0.03,0.8
96,GAM,0.04,0.8428571428571429
96,GAM,0.05,0.8571428571428571
96,GAM,0.06,0.8571428571428571
96,GAM,0.07,0.8714285714285714
96,GAM,0.08,0.8714285714285714
96,GAM,0.09,0.8857142857142857
96,GAM,0.1,0.8857142857142857
96,GAM,0.11,0.8857142857142857
96,GAM,0.12,0.8857142857142857
96,GAM,0.13,0.8857142857142857
96,GAM,0.14,0.8857142857142857
96,GAM,0.15,0.8857142857142857
96,GAM,0.16,0.8857142857142857
96,GAM,0.17,0.8857142857142857
96,GAM,0.18,0.8857142857142857
96,GAM,0.19,0.9
96,GAM,0.2,0.9142857142857143
96,GAM,0.21,0.9142857142857143
96,GAM,0.22,0.9142857142857143
96,GAM,0.23,0.9142857142857143
96,GAM,0.24,0.9285714285714286
96,GAM,0.25,0.9285714285714286
96,GAM,0.26,0.9285714285714286
96,GAM,0.27,0.9285714285714286
96,GAM,0.28,0.9285714285714286
96,GAM,0.29,0.9285714285714286
96,GAM,0.3,0.9285714285714286
96,GAM,0.31,0.9285714285714286
96,GAM,0.32,0.9285714285714286
96,GAM,0.33,0.9285714285714286
96,GAM,0.34,0.9285714285714286
96,GAM,0.35000000000000003,0.9285714285714286
96,GAM,0.36,0.9285714285714286
96,GAM,0.37,0.9285714285714286
96,GAM,0.38,0.9285714285714286
96,GAM,0.39,0.9285714285714286
96,GAM,0.4,0.9428571428571428
96,GAM,0.41000000000000003,0.9428571428571428
96,GAM,0.42,0.9857142857142858
96,GAM,0.43,0.9857142857142858
96,GAM,0.44,0.9857142857142858
96,GAM,0.45,0.9857142857142858
96,GAM,0.46,0.9857142857142858
96,GAM,0.47000000000000003,0.9857142857142858
96,GAM,0.48,0.9857142857142858
96,GAM,0.49,0.9857142857142858
96,GAM,0.5,0.9857142857142858
96,GAM,0.51,0.9857142857142858
96,GAM,0.52,0.9857142857142858
96,GAM,0.53,0.9857142857142858
96,GAM,0.54,0.9857142857142858
96,GAM,0.55,0.9857142857142858
96,GAM,0.56,0.9857142857142858
96,GAM,0.5700000000000001,0.9857142857142858
96,GAM,0.58,0.9857142857142858
96,GAM,0.59,0.9857142857142858
96,GAM,0.6,0.9857142857142858
96,GAM,0.61,0.9857142857142858
96,GAM,0.62,0.9857142857142858
96,GAM,0.63,0.9857142857142858
96,GAM,0.64,0.9857142857142858
96,GAM,0.65,0.9857142857142858
96,GAM,0.66,0.9857142857142858
96,GAM,0.67,0.9857142857142858
96,GAM,0.68,0.9857142857142858
96,GAM,0.6900000000000001,0.9857142857142858
96,GAM,0.7000000000000001,0.9857142857142858
96,GAM,0.71,0.9857142857142858
96,GAM,0.72,0.9857142857142858
96,GAM,0.73,0.9857142857142858
96,GAM,0.74,0.9857142857142858
96,GAM,0.75,0.9857142857142858
96,GAM,0.76,0.9857142857142858
96,GAM,0.77,0.9857142857142858
96,GAM,0.78,0.9857142857142858
96,GAM,0.79,0.9857142857142858
96,GAM,0.8,0.9857142857142858
96,GAM,0.81,0.9857142857142858
96,GAM,0.8200000000000001,0.9857142857142858
96,GAM,0.8300000000000001,0.9857142857142858
96,GAM,0.84,0.9857142857142858
96,GAM,0.85,0.9857142857142858
96,GAM,0.86,0.9857142857142858
96,GAM,0.87,0.9857142857142858
96,GAM,0.88,0.9857142857142858
96,GAM,0.89,0.9857142857142858
96,GAM,0.9,0.9857142857142858
96,GAM,0.91,0.9857142857142858
96,GAM,0.92,1.0
96,GAM,0.93,1.0
96,GAM,0.9400000000000001,1.0
96,GAM,0.9500000000000001,1.0
96,GAM,0.96,1.0
96,GAM,0.97,1.0
96,GAM,0.98,1.0
96,GAM,0.99,1.0
96,GAM,1.0,1.0
96,RF,0.0,0.7714285714285715
96,RF,0.01,0.7857142857142857
96,RF,0.02,0.8571428571428571
96,RF,0.03,0.8571428571428571
96,RF,0.04,0.8571428571428571
96,RF,0.05,0.8714285714285714
96,RF,0.06,0.8714285714285714
96,RF,0.07,0.8714285714285714
96,RF,0.08,0.9
96,RF,0.09,0.9
96,RF,0.1,0.9
96,RF,0.11,0.9
96,RF,0.12,0.9
96,RF,0.13,0.9
96,RF,0.14,0.9
96,RF,0.15,0.9
96,RF,0.16,0.9142857142857143
96,RF,0.17,0.9142857142857143
96,RF,0.18,0.9142857142857143
96,RF,0.19,0.9285714285714286
96,RF,0.2,0.9285714285714286
96,RF,0.21,0.9285714285714286
96,RF,0.22,0.9285714285714286
96,RF,0.23,0.9285714285714286
96,RF,0.24,0.9285714285714286
96,RF,0.25,0.9285714285714286
96,RF,0.26,0.9285714285714286
96,RF,0.27,0.9285714285714286
96,RF,0.28,0.9285714285714286
96,RF,0.29,0.9285714285714286
96,RF,0.3,0.9285714285714286
96,RF,0.31,0.9285714285714286
96,RF,0.32,0.9571428571428572
96,RF,0.33,0.9714285714285714
96,RF,0.34,0.9714285714285714
96,RF,0.35000000000000003,0.9714285714285714
96,RF,0.36,0.9714285714285714
96,RF,0.37,0.9714285714285714
96,RF,0.38,0.9714285714285714
96,RF,0.39,0.9714285714285714
96,RF,0.4,0.9857142857142858
96,RF,0.41000000000000003,0.9857142857142858
96,RF,0.42,0.9857142857142858
96,RF,0.43,0.9857142857142858
96,RF,0.44,0.9857142857142858
96,RF,0.45,0.9857142857142858
96,RF,0.46,0.9857142857142858
96,RF,0.47000000000000003,0.9857142857142858
96,RF,0.48,0.9857142857142858
96,RF,0.49,1.0
96,RF,0.5,1.0
96,RF,0.51,1.0
96,RF,0.52,1.0
96,RF,0.53,1.0
96,RF,0.54,1.0
96,RF,0.55,1.0
96,RF,0.56,1.0
96,RF,0.5700000000000001,1.0
96,RF,0.58,1.0
96,RF,0.59,1.0
96,RF,0.6,1.0
96,RF,0.61,1.0
96,RF,0.62,1.0
96,RF,0.63,1.0
96,RF,0.64,1.0
96,RF,0.65,1.0
96,RF,0.66,1.0
96,RF,0.67,1.0
96,RF,0.68,1.0
96,RF,0.6900000000000001,1.0
96,RF,0.7000000000000001,1.0
96,RF,0.71,1.0
96,RF,0.72,1.0
96,RF,0.73,1.0
96,RF,0.74,1.0
96,RF,0.75,1.0
96,RF,0.76,1.0
96,RF,0.77,1.0
96,RF,0.78,1.0
96,RF,0.79,1.0
96,RF,0.8,1.0
96,RF,0.81,1.0
96,RF,0.8200000000000001,1.0
96,RF,0.8300000000000001,1.0
96,RF,0.84,1.0
96,RF,0.85,1.0
96,RF,0.86,1.0
96,RF,0.87,1.0
96,RF,0.88,1.0
96,RF,0.89,1.0
96,RF,0.9,1.0
96,RF,0.91,1.0
96,RF,0.92,1.0
96,RF,0.93,1.0
96,RF,0.9400000000000001,1.0
96,RF,0.9500000000000001,1.0
96,RF,0.96,1.0
96,RF,0.97,1.0
96,RF,0.98,1.0
96,RF,0.99,1.0
96,RF,1.0,1.0
97,LR,0.0,0.0
97,LR,0.01,0.14925373134328357
97,LR,0.02,0.582089552238806
97,LR,0.03,0.582089552238806
97,LR,0.04,0.7910447761194029
97,LR,0.05,0.8208955223880597
97,LR,0.06,0.835820895522388
97,LR,0.07,0.835820895522388
97,LR,0.08,0.835820895522388
97,LR,0.09,0.8507462686567164
97,LR,0.1,0.8507462686567164
97,LR,0.11,0.8805970149253731
97,LR,0.12,0.9253731343283582
97,LR,0.13,0.9253731343283582
97,LR,0.14,0.9552238805970149
97,LR,0.15,0.9701492537313433
97,LR,0.16,0.9701492537313433
97,LR,0.17,0.9701492537313433
97,LR,0.18,0.9701492537313433
97,LR,0.19,0.9701492537313433
97,LR,0.2,0.9701492537313433
97,LR,0.21,0.9701492537313433
97,LR,0.22,0.9701492537313433
97,LR,0.23,0.9701492537313433
97,LR,0.24,0.9701492537313433
97,LR,0.25,0.9701492537313433
97,LR,0.26,0.9701492537313433
97,LR,0.27,0.9701492537313433
97,LR,0.28,0.9701492537313433
97,LR,0.29,0.9701492537313433
97,LR,0.3,0.9701492537313433
97,LR,0.31,0.9701492537313433
97,LR,0.32,0.9701492537313433
97,LR,0.33,0.9701492537313433
97,LR,0.34,0.9701492537313433
97,LR,0.35000000000000003,0.9701492537313433
97,LR,0.36,0.9701492537313433
97,LR,0.37,0.9701492537313433
97,LR,0.38,0.9701492537313433
97,LR,0.39,0.9701492537313433
97,LR,0.4,0.9701492537313433
97,LR,0.41000000000000003,0.9701492537313433
97,LR,0.42,0.9701492537313433
97,LR,0.43,0.9701492537313433
97,LR,0.44,0.9701492537313433
97,LR,0.45,0.9701492537313433
97,LR,0.46,0.9701492537313433
97,LR,0.47000000000000003,0.9701492537313433
97,LR,0.48,0.9701492537313433
97,LR,0.49,0.9701492537313433
97,LR,0.5,0.9701492537313433
97,LR,0.51,0.9701492537313433
97,LR,0.52,0.9701492537313433
97,LR,0.53,0.9701492537313433
97,LR,0.54,0.9701492537313433
97,LR,0.55,0.9701492537313433
97,LR,0.56,0.9701492537313433
97,LR,0.5700000000000001,0.9701492537313433
97,LR,0.58,0.9701492537313433
97,LR,0.59,0.9701492537313433
97,LR,0.6,0.9701492537313433
97,LR,0.61,0.9701492537313433
97,LR,0.62,0.9850746268656716
97,LR,0.63,0.9850746268656716
97,LR,0.64,0.9850746268656716
97,LR,0.65,0.9850746268656716
97,LR,0.66,0.9850746268656716
97,LR,0.67,0.9850746268656716
97,LR,0.68,0.9850746268656716
97,LR,0.6900000000000001,0.9850746268656716
97,LR,0.7000000000000001,0.9850746268656716
97,LR,0.71,0.9850746268656716
97,LR,0.72,0.9850746268656716
97,LR,0.73,1.0
97,LR,0.74,1.0
97,LR,0.75,1.0
97,LR,0.76,1.0
97,LR,0.77,1.0
97,LR,0.78,1.0
97,LR,0.79,1.0
97,LR,0.8,1.0
97,LR,0.81,1.0
97,LR,0.8200000000000001,1.0
97,LR,0.8300000000000001,1.0
97,LR,0.84,1.0
97,LR,0.85,1.0
97,LR,0.86,1.0
97,LR,0.87,1.0
97,LR,0.88,1.0
97,LR,0.89,1.0
97,LR,0.9,1.0
97,LR,0.91,1.0
97,LR,0.92,1.0
97,LR,0.93,1.0
97,LR,0.9400000000000001,1.0
97,LR,0.9500000000000001,1.0
97,LR,0.96,1.0
97,LR,0.97,1.0
97,LR,0.98,1.0
97,LR,0.99,1.0
97,LR,1.0,1.0
97,GAM,0.0,0.014925373134328358
97,GAM,0.01,0.23880597014925373
97,GAM,0.02,0.5074626865671642
97,GAM,0.03,0.6567164179104478
97,GAM,0.04,0.8208955223880597
97,GAM,0.05,0.8208955223880597
97,GAM,0.06,0.8208955223880597
97,GAM,0.07,0.8656716417910447
97,GAM,0.08,0.8955223880597015
97,GAM,0.09,0.9104477611940298
97,GAM,0.1,0.9253731343283582
97,GAM,0.11,0.9402985074626866
97,GAM,0.12,0.9402985074626866
97,GAM,0.13,0.9402985074626866
97,GAM,0.14,0.9402985074626866
97,GAM,0.15,0.9402985074626866
97,GAM,0.16,0.9701492537313433
97,GAM,0.17,0.9701492537313433
97,GAM,0.18,0.9701492537313433
97,GAM,0.19,0.9701492537313433
97,GAM,0.2,0.9701492537313433
97,GAM,0.21,0.9701492537313433
97,GAM,0.22,0.9701492537313433
97,GAM,0.23,0.9701492537313433
97,GAM,0.24,0.9701492537313433
97,GAM,0.25,0.9701492537313433
97,GAM,0.26,0.9701492537313433
97,GAM,0.27,0.9701492537313433
97,GAM,0.28,0.9701492537313433
97,GAM,0.29,0.9701492537313433
97,GAM,0.3,0.9701492537313433
97,GAM,0.31,0.9701492537313433
97,GAM,0.32,0.9701492537313433
97,GAM,0.33,0.9701492537313433
97,GAM,0.34,0.9701492537313433
97,GAM,0.35000000000000003,0.9701492537313433
97,GAM,0.36,0.9701492537313433
97,GAM,0.37,0.9701492537313433
97,GAM,0.38,0.9701492537313433
97,GAM,0.39,0.9701492537313433
97,GAM,0.4,0.9701492537313433
97,GAM,0.41000000000000003,0.9701492537313433
97,GAM,0.42,0.9701492537313433
97,GAM,0.43,0.9701492537313433
97,GAM,0.44,0.9701492537313433
97,GAM,0.45,0.9701492537313433
97,GAM,0.46,0.9701492537313433
97,GAM,0.47000000000000003,0.9701492537313433
97,GAM,0.48,0.9701492537313433
97,GAM,0.49,0.9701492537313433
97,GAM,0.5,0.9701492537313433
97,GAM,0.51,0.9701492537313433
97,GAM,0.52,0.9701492537313433
97,GAM,0.53,0.9850746268656716
97,GAM,0.54,0.9850746268656716
97,GAM,0.55,0.9850746268656716
97,GAM,0.56,0.9850746268656716
97,GAM,0.5700000000000001,0.9850746268656716
97,GAM,0.58,0.9850746268656716
97,GAM,0.59,0.9850746268656716
97,GAM,0.6,0.9850746268656716
97,GAM,0.61,0.9850746268656716
97,GAM,0.62,0.9850746268656716
97,GAM,0.63,0.9850746268656716
97,GAM,0.64,0.9850746268656716
97,GAM,0.65,0.9850746268656716
97,GAM,0.66,0.9850746268656716
97,GAM,0.67,0.9850746268656716
97,GAM,0.68,0.9850746268656716
97,GAM,0.6900000000000001,0.9850746268656716
97,GAM,0.7000000000000001,0.9850746268656716
97,GAM,0.71,0.9850746268656716
97,GAM,0.72,0.9850746268656716
97,GAM,0.73,0.9850746268656716
97,GAM,0.74,0.9850746268656716
97,GAM,0.75,0.9850746268656716
97,GAM,0.76,1.0
97,GAM,0.77,1.0
97,GAM,0.78,1.0
97,GAM,0.79,1.0
97,GAM,0.8,1.0
97,GAM,0.81,1.0
97,GAM,0.8200000000000001,1.0
97,GAM,0.8300000000000001,1.0
97,GAM,0.84,1.0
97,GAM,0.85,1.0
97,GAM,0.86,1.0
97,GAM,0.87,1.0
97,GAM,0.88,1.0
97,GAM,0.89,1.0
97,GAM,0.9,1.0
97,GAM,0.91,1.0
97,GAM,0.92,1.0
97,GAM,0.93,1.0
97,GAM,0.9400000000000001,1.0
97,GAM,0.9500000000000001,1.0
97,GAM,0.96,1.0
97,GAM,0.97,1.0
97,GAM,0.98,1.0
97,GAM,0.99,1.0
97,GAM,1.0,1.0
97,RF,0.0,0.5373134328358209
97,RF,0.01,0.5373134328358209
97,RF,0.02,0.7611940298507462
97,RF,0.03,0.7910447761194029
97,RF,0.04,0.8059701492537313
97,RF,0.05,0.835820895522388
97,RF,0.06,0.8507462686567164
97,RF,0.07,0.8507462686567164
97,RF,0.08,0.8955223880597015
97,RF,0.09,0.8955223880597015
97,RF,0.1,0.8955223880597015
97,RF,0.11,0.8955223880597015
97,RF,0.12,0.9104477611940298
97,RF,0.13,0.9104477611940298
97,RF,0.14,0.9104477611940298
97,RF,0.15,0.9104477611940298
97,RF,0.16,0.9104477611940298
97,RF,0.17,0.9104477611940298
97,RF,0.18,0.9104477611940298
97,RF,0.19,0.9104477611940298
97,RF,0.2,0.9253731343283582
97,RF,0.21,0.9253731343283582
97,RF,0.22,0.9253731343283582
97,RF,0.23,0.9552238805970149
97,RF,0.24,0.9552238805970149
97,RF,0.25,0.9552238805970149
97,RF,0.26,0.9552238805970149
97,RF,0.27,0.9552238805970149
97,RF,0.28,0.9552238805970149
97,RF,0.29,0.9552238805970149
97,RF,0.3,0.9552238805970149
97,RF,0.31,0.9701492537313433
97,RF,0.32,0.9701492537313433
97,RF,0.33,0.9701492537313433
97,RF,0.34,0.9701492537313433
97,RF,0.35000000000000003,0.9701492537313433
97,RF,0.36,0.9701492537313433
97,RF,0.37,0.9701492537313433
97,RF,0.38,0.9701492537313433
97,RF,0.39,0.9701492537313433
97,RF,0.4,0.9701492537313433
97,RF,0.41000000000000003,0.9701492537313433
97,RF,0.42,0.9701492537313433
97,RF,0.43,0.9701492537313433
97,RF,0.44,0.9701492537313433
97,RF,0.45,0.9701492537313433
97,RF,0.46,0.9701492537313433
97,RF,0.47000000000000003,0.9701492537313433
97,RF,0.48,0.9701492537313433
97,RF,0.49,0.9701492537313433
97,RF,0.5,0.9701492537313433
97,RF,0.51,0.9701492537313433
97,RF,0.52,0.9701492537313433
97,RF,0.53,0.9701492537313433
97,RF,0.54,0.9701492537313433
97,RF,0.55,0.9701492537313433
97,RF,0.56,0.9701492537313433
97,RF,0.5700000000000001,0.9701492537313433
97,RF,0.58,0.9701492537313433
97,RF,0.59,0.9701492537313433
97,RF,0.6,0.9701492537313433
97,RF,0.61,0.9701492537313433
97,RF,0.62,0.9701492537313433
97,RF,0.63,0.9701492537313433
97,RF,0.64,0.9701492537313433
97,RF,0.65,0.9701492537313433
97,RF,0.66,0.9701492537313433
97,RF,0.67,0.9701492537313433
97,RF,0.68,0.9701492537313433
97,RF,0.6900000000000001,0.9701492537313433
97,RF,0.7000000000000001,0.9701492537313433
97,RF,0.71,0.9701492537313433
97,RF,0.72,0.9701492537313433
97,RF,0.73,0.9701492537313433
97,RF,0.74,0.9701492537313433
97,RF,0.75,0.9701492537313433
97,RF,0.76,0.9850746268656716
97,RF,0.77,0.9850746268656716
97,RF,0.78,0.9850746268656716
97,RF,0.79,0.9850746268656716
97,RF,0.8,0.9850746268656716
97,RF,0.81,0.9850746268656716
97,RF,0.8200000000000001,0.9850746268656716
97,RF,0.8300000000000001,0.9850746268656716
97,RF,0.84,0.9850746268656716
97,RF,0.85,0.9850746268656716
97,RF,0.86,0.9850746268656716
97,RF,0.87,0.9850746268656716
97,RF,0.88,0.9850746268656716
97,RF,0.89,0.9850746268656716
97,RF,0.9,0.9850746268656716
97,RF,0.91,0.9850746268656716
97,RF,0.92,0.9850746268656716
97,RF,0.93,0.9850746268656716
97,RF,0.9400000000000001,0.9850746268656716
97,RF,0.9500000000000001,0.9850746268656716
97,RF,0.96,0.9850746268656716
97,RF,0.97,0.9850746268656716
97,RF,0.98,0.9850746268656716
97,RF,0.99,0.9850746268656716
97,RF,1.0,1.0
98,LR,0.0,0.23943661971830985
98,LR,0.01,0.39436619718309857
98,LR,0.02,0.5352112676056338
98,LR,0.03,0.7323943661971831
98,LR,0.04,0.7323943661971831
98,LR,0.05,0.8028169014084507
98,LR,0.06,0.8028169014084507
98,LR,0.07,0.8169014084507042
98,LR,0.08,0.8309859154929577
98,LR,0.09,0.8309859154929577
98,LR,0.1,0.8450704225352113
98,LR,0.11,0.8873239436619719
98,LR,0.12,0.8873239436619719
98,LR,0.13,0.9154929577464789
98,LR,0.14,0.9154929577464789
98,LR,0.15,0.9154929577464789
98,LR,0.16,0.9295774647887324
98,LR,0.17,0.9295774647887324
98,LR,0.18,0.9295774647887324
98,LR,0.19,0.9295774647887324
98,LR,0.2,0.9295774647887324
98,LR,0.21,0.971830985915493
98,LR,0.22,0.971830985915493
98,LR,0.23,0.971830985915493
98,LR,0.24,0.971830985915493
98,LR,0.25,0.971830985915493
98,LR,0.26,0.971830985915493
98,LR,0.27,0.971830985915493
98,LR,0.28,0.971830985915493
98,LR,0.29,0.971830985915493
98,LR,0.3,0.971830985915493
98,LR,0.31,0.971830985915493
98,LR,0.32,0.971830985915493
98,LR,0.33,0.971830985915493
98,LR,0.34,0.971830985915493
98,LR,0.35000000000000003,0.971830985915493
98,LR,0.36,0.971830985915493
98,LR,0.37,0.971830985915493
98,LR,0.38,0.9859154929577465
98,LR,0.39,0.9859154929577465
98,LR,0.4,0.9859154929577465
98,LR,0.41000000000000003,0.9859154929577465
98,LR,0.42,0.9859154929577465
98,LR,0.43,0.9859154929577465
98,LR,0.44,0.9859154929577465
98,LR,0.45,0.9859154929577465
98,LR,0.46,0.9859154929577465
98,LR,0.47000000000000003,0.9859154929577465
98,LR,0.48,0.9859154929577465
98,LR,0.49,0.9859154929577465
98,LR,0.5,0.9859154929577465
98,LR,0.51,0.9859154929577465
98,LR,0.52,0.9859154929577465
98,LR,0.53,0.9859154929577465
98,LR,0.54,0.9859154929577465
98,LR,0.55,0.9859154929577465
98,LR,0.56,0.9859154929577465
98,LR,0.5700000000000001,0.9859154929577465
98,LR,0.58,0.9859154929577465
98,LR,0.59,0.9859154929577465
98,LR,0.6,0.9859154929577465
98,LR,0.61,0.9859154929577465
98,LR,0.62,0.9859154929577465
98,LR,0.63,0.9859154929577465
98,LR,0.64,0.9859154929577465
98,LR,0.65,0.9859154929577465
98,LR,0.66,0.9859154929577465
98,LR,0.67,0.9859154929577465
98,LR,0.68,0.9859154929577465
98,LR,0.6900000000000001,0.9859154929577465
98,LR,0.7000000000000001,0.9859154929577465
98,LR,0.71,0.9859154929577465
98,LR,0.72,0.9859154929577465
98,LR,0.73,0.9859154929577465
98,LR,0.74,0.9859154929577465
98,LR,0.75,0.9859154929577465
98,LR,0.76,0.9859154929577465
98,LR,0.77,0.9859154929577465
98,LR,0.78,0.9859154929577465
98,LR,0.79,0.9859154929577465
98,LR,0.8,1.0
98,LR,0.81,1.0
98,LR,0.8200000000000001,1.0
98,LR,0.8300000000000001,1.0
98,LR,0.84,1.0
98,LR,0.85,1.0
98,LR,0.86,1.0
98,LR,0.87,1.0
98,LR,0.88,1.0
98,LR,0.89,1.0
98,LR,0.9,1.0
98,LR,0.91,1.0
98,LR,0.92,1.0
98,LR,0.93,1.0
98,LR,0.9400000000000001,1.0
98,LR,0.9500000000000001,1.0
98,LR,0.96,1.0
98,LR,0.97,1.0
98,LR,0.98,1.0
98,LR,0.99,1.0
98,LR,1.0,1.0
98,GAM,0.0,0.29577464788732394
98,GAM,0.01,0.38028169014084506
98,GAM,0.02,0.647887323943662
98,GAM,0.03,0.7746478873239436
98,GAM,0.04,0.7746478873239436
98,GAM,0.05,0.7887323943661971
98,GAM,0.06,0.8028169014084507
98,GAM,0.07,0.8309859154929577
98,GAM,0.08,0.8309859154929577
98,GAM,0.09,0.9014084507042254
98,GAM,0.1,0.9014084507042254
98,GAM,0.11,0.9014084507042254
98,GAM,0.12,0.9014084507042254
98,GAM,0.13,0.9014084507042254
98,GAM,0.14,0.9295774647887324
98,GAM,0.15,0.9295774647887324
98,GAM,0.16,0.9295774647887324
98,GAM,0.17,0.9436619718309859
98,GAM,0.18,0.9436619718309859
98,GAM,0.19,0.9436619718309859
98,GAM,0.2,0.9436619718309859
98,GAM,0.21,0.9436619718309859
98,GAM,0.22,0.9436619718309859
98,GAM,0.23,0.9436619718309859
98,GAM,0.24,0.9577464788732394
98,GAM,0.25,0.9577464788732394
98,GAM,0.26,0.9577464788732394
98,GAM,0.27,0.9577464788732394
98,GAM,0.28,0.9577464788732394
98,GAM,0.29,0.9577464788732394
98,GAM,0.3,0.9859154929577465
98,GAM,0.31,0.9859154929577465
98,GAM,0.32,0.9859154929577465
98,GAM,0.33,0.9859154929577465
98,GAM,0.34,0.9859154929577465
98,GAM,0.35000000000000003,0.9859154929577465
98,GAM,0.36,0.9859154929577465
98,GAM,0.37,0.9859154929577465
98,GAM,0.38,0.9859154929577465
98,GAM,0.39,0.9859154929577465
98,GAM,0.4,0.9859154929577465
98,GAM,0.41000000000000003,0.9859154929577465
98,GAM,0.42,0.9859154929577465
98,GAM,0.43,0.9859154929577465
98,GAM,0.44,0.9859154929577465
98,GAM,0.45,0.9859154929577465
98,GAM,0.46,0.9859154929577465
98,GAM,0.47000000000000003,0.9859154929577465
98,GAM,0.48,0.9859154929577465
98,GAM,0.49,0.9859154929577465
98,GAM,0.5,0.9859154929577465
98,GAM,0.51,0.9859154929577465
98,GAM,0.52,0.9859154929577465
98,GAM,0.53,0.9859154929577465
98,GAM,0.54,0.9859154929577465
98,GAM,0.55,0.9859154929577465
98,GAM,0.56,0.9859154929577465
98,GAM,0.5700000000000001,0.9859154929577465
98,GAM,0.58,0.9859154929577465
98,GAM,0.59,0.9859154929577465
98,GAM,0.6,0.9859154929577465
98,GAM,0.61,0.9859154929577465
98,GAM,0.62,0.9859154929577465
98,GAM,0.63,0.9859154929577465
98,GAM,0.64,0.9859154929577465
98,GAM,0.65,0.9859154929577465
98,GAM,0.66,0.9859154929577465
98,GAM,0.67,0.9859154929577465
98,GAM,0.68,0.9859154929577465
98,GAM,0.6900000000000001,0.9859154929577465
98,GAM,0.7000000000000001,0.9859154929577465
98,GAM,0.71,0.9859154929577465
98,GAM,0.72,0.9859154929577465
98,GAM,0.73,0.9859154929577465
98,GAM,0.74,0.9859154929577465
98,GAM,0.75,0.9859154929577465
98,GAM,0.76,0.9859154929577465
98,GAM,0.77,0.9859154929577465
98,GAM,0.78,0.9859154929577465
98,GAM,0.79,0.9859154929577465
98,GAM,0.8,0.9859154929577465
98,GAM,0.81,0.9859154929577465
98,GAM,0.8200000000000001,1.0
98,GAM,0.8300000000000001,1.0
98,GAM,0.84,1.0
98,GAM,0.85,1.0
98,GAM,0.86,1.0
98,GAM,0.87,1.0
98,GAM,0.88,1.0
98,GAM,0.89,1.0
98,GAM,0.9,1.0
98,GAM,0.91,1.0
98,GAM,0.92,1.0
98,GAM,0.93,1.0
98,GAM,0.9400000000000001,1.0
98,GAM,0.9500000000000001,1.0
98,GAM,0.96,1.0
98,GAM,0.97,1.0
98,GAM,0.98,1.0
98,GAM,0.99,1.0
98,GAM,1.0,1.0
98,RF,0.0,0.1267605633802817
98,RF,0.01,0.5492957746478874
98,RF,0.02,0.7746478873239436
98,RF,0.03,0.7887323943661971
98,RF,0.04,0.8169014084507042
98,RF,0.05,0.8169014084507042
98,RF,0.06,0.8732394366197183
98,RF,0.07,0.9154929577464789
98,RF,0.08,0.9154929577464789
98,RF,0.09,0.9154929577464789
98,RF,0.1,0.9295774647887324
98,RF,0.11,0.9295774647887324
98,RF,0.12,0.9295774647887324
98,RF,0.13,0.9436619718309859
98,RF,0.14,0.9436619718309859
98,RF,0.15,0.9436619718309859
98,RF,0.16,0.9436619718309859
98,RF,0.17,0.9577464788732394
98,RF,0.18,0.9577464788732394
98,RF,0.19,0.9577464788732394
98,RF,0.2,0.9577464788732394
98,RF,0.21,0.971830985915493
98,RF,0.22,0.971830985915493
98,RF,0.23,0.971830985915493
98,RF,0.24,0.971830985915493
98,RF,0.25,0.971830985915493
98,RF,0.26,0.971830985915493
98,RF,0.27,0.9859154929577465
98,RF,0.28,0.9859154929577465
98,RF,0.29,0.9859154929577465
98,RF,0.3,0.9859154929577465
98,RF,0.31,0.9859154929577465
98,RF,0.32,0.9859154929577465
98,RF,0.33,0.9859154929577465
98,RF,0.34,0.9859154929577465
98,RF,0.35000000000000003,0.9859154929577465
98,RF,0.36,0.9859154929577465
98,RF,0.37,0.9859154929577465
98,RF,0.38,0.9859154929577465
98,RF,0.39,0.9859154929577465
98,RF,0.4,0.9859154929577465
98,RF,0.41000000000000003,0.9859154929577465
98,RF,0.42,0.9859154929577465
98,RF,0.43,0.9859154929577465
98,RF,0.44,0.9859154929577465
98,RF,0.45,0.9859154929577465
98,RF,0.46,0.9859154929577465
98,RF,0.47000000000000003,0.9859154929577465
98,RF,0.48,0.9859154929577465
98,RF,0.49,0.9859154929577465
98,RF,0.5,0.9859154929577465
98,RF,0.51,0.9859154929577465
98,RF,0.52,0.9859154929577465
98,RF,0.53,0.9859154929577465
98,RF,0.54,0.9859154929577465
98,RF,0.55,0.9859154929577465
98,RF,0.56,0.9859154929577465
98,RF,0.5700000000000001,0.9859154929577465
98,RF,0.58,0.9859154929577465
98,RF,0.59,0.9859154929577465
98,RF,0.6,0.9859154929577465
98,RF,0.61,0.9859154929577465
98,RF,0.62,0.9859154929577465
98,RF,0.63,0.9859154929577465
98,RF,0.64,0.9859154929577465
98,RF,0.65,0.9859154929577465
98,RF,0.66,0.9859154929577465
98,RF,0.67,0.9859154929577465
98,RF,0.68,0.9859154929577465
98,RF,0.6900000000000001,0.9859154929577465
98,RF,0.7000000000000001,0.9859154929577465
98,RF,0.71,0.9859154929577465
98,RF,0.72,0.9859154929577465
98,RF,0.73,0.9859154929577465
98,RF,0.74,0.9859154929577465
98,RF,0.75,0.9859154929577465
98,RF,0.76,0.9859154929577465
98,RF,0.77,0.9859154929577465
98,RF,0.78,0.9859154929577465
98,RF,0.79,0.9859154929577465
98,RF,0.8,0.9859154929577465
98,RF,0.81,0.9859154929577465
98,RF,0.8200000000000001,0.9859154929577465
98,RF,0.8300000000000001,0.9859154929577465
98,RF,0.84,0.9859154929577465
98,RF,0.85,0.9859154929577465
98,RF,0.86,0.9859154929577465
98,RF,0.87,0.9859154929577465
98,RF,0.88,0.9859154929577465
98,RF,0.89,0.9859154929577465
98,RF,0.9,0.9859154929577465
98,RF,0.91,0.9859154929577465
98,RF,0.92,0.9859154929577465
98,RF,0.93,0.9859154929577465
98,RF,0.9400000000000001,0.9859154929577465
98,RF,0.9500000000000001,1.0
98,RF,0.96,1.0
98,RF,0.97,1.0
98,RF,0.98,1.0
98,RF,0.99,1.0
98,RF,1.0,1.0
99,LR,0.0,0.0136986301369863
99,LR,0.01,0.2328767123287671
99,LR,0.02,0.3561643835616438
99,LR,0.03,0.6301369863013698
99,LR,0.04,0.6712328767123288
99,LR,0.05,0.726027397260274
99,LR,0.06,0.7945205479452054
99,LR,0.07,0.821917808219178
99,LR,0.08,0.8493150684931506
99,LR,0.09,0.8493150684931506
99,LR,0.1,0.8493150684931506
99,LR,0.11,0.8493150684931506
99,LR,0.12,0.8493150684931506
99,LR,0.13,0.8493150684931506
99,LR,0.14,0.9178082191780822
99,LR,0.15,0.9315068493150684
99,LR,0.16,0.9315068493150684
99,LR,0.17,0.9315068493150684
99,LR,0.18,0.9315068493150684
99,LR,0.19,0.9315068493150684
99,LR,0.2,0.9315068493150684
99,LR,0.21,0.9452054794520548
99,LR,0.22,0.9452054794520548
99,LR,0.23,0.9452054794520548
99,LR,0.24,0.9452054794520548
99,LR,0.25,0.9452054794520548
99,LR,0.26,0.9452054794520548
99,LR,0.27,0.9452054794520548
99,LR,0.28,0.9452054794520548
99,LR,0.29,0.958904109589041
99,LR,0.3,0.958904109589041
99,LR,0.31,0.958904109589041
99,LR,0.32,0.958904109589041
99,LR,0.33,0.958904109589041
99,LR,0.34,0.9726027397260274
99,LR,0.35000000000000003,0.9726027397260274
99,LR,0.36,0.9726027397260274
99,LR,0.37,0.9726027397260274
99,LR,0.38,0.9726027397260274
99,LR,0.39,0.9726027397260274
99,LR,0.4,0.9726027397260274
99,LR,0.41000000000000003,0.9726027397260274
99,LR,0.42,0.9726027397260274
99,LR,0.43,0.9726027397260274
99,LR,0.44,0.9726027397260274
99,LR,0.45,0.9726027397260274
99,LR,0.46,0.9726027397260274
99,LR,0.47000000000000003,0.9726027397260274
99,LR,0.48,0.9863013698630136
99,LR,0.49,0.9863013698630136
99,LR,0.5,0.9863013698630136
99,LR,0.51,0.9863013698630136
99,LR,0.52,0.9863013698630136
99,LR,0.53,1.0
99,LR,0.54,1.0
99,LR,0.55,1.0
99,LR,0.56,1.0
99,LR,0.5700000000000001,1.0
99,LR,0.58,1.0
99,LR,0.59,1.0
99,LR,0.6,1.0
99,LR,0.61,1.0
99,LR,0.62,1.0
99,LR,0.63,1.0
99,LR,0.64,1.0
99,LR,0.65,1.0
99,LR,0.66,1.0
99,LR,0.67,1.0
99,LR,0.68,1.0
99,LR,0.6900000000000001,1.0
99,LR,0.7000000000000001,1.0
99,LR,0.71,1.0
99,LR,0.72,1.0
99,LR,0.73,1.0
99,LR,0.74,1.0
99,LR,0.75,1.0
99,LR,0.76,1.0
99,LR,0.77,1.0
99,LR,0.78,1.0
99,LR,0.79,1.0
99,LR,0.8,1.0
99,LR,0.81,1.0
99,LR,0.8200000000000001,1.0
99,LR,0.8300000000000001,1.0
99,LR,0.84,1.0
99,LR,0.85,1.0
99,LR,0.86,1.0
99,LR,0.87,1.0
99,LR,0.88,1.0
99,LR,0.89,1.0
99,LR,0.9,1.0
99,LR,0.91,1.0
99,LR,0.92,1.0
99,LR,0.93,1.0
99,LR,0.9400000000000001,1.0
99,LR,0.9500000000000001,1.0
99,LR,0.96,1.0
99,LR,0.97,1.0
99,LR,0.98,1.0
99,LR,0.99,1.0
99,LR,1.0,1.0
99,GAM,0.0,0.0136986301369863
99,GAM,0.01,0.273972602739726
99,GAM,0.02,0.3835616438356164
99,GAM,0.03,0.6027397260273972
99,GAM,0.04,0.684931506849315
99,GAM,0.05,0.8082191780821918
99,GAM,0.06,0.8082191780821918
99,GAM,0.07,0.8356164383561644
99,GAM,0.08,0.8356164383561644
99,GAM,0.09,0.8493150684931506
99,GAM,0.1,0.9041095890410958
99,GAM,0.11,0.9041095890410958
99,GAM,0.12,0.9041095890410958
99,GAM,0.13,0.9178082191780822
99,GAM,0.14,0.9178082191780822
99,GAM,0.15,0.9178082191780822
99,GAM,0.16,0.9178082191780822
99,GAM,0.17,0.9315068493150684
99,GAM,0.18,0.9315068493150684
99,GAM,0.19,0.9315068493150684
99,GAM,0.2,0.9315068493150684
99,GAM,0.21,0.9315068493150684
99,GAM,0.22,0.9315068493150684
99,GAM,0.23,0.9315068493150684
99,GAM,0.24,0.9315068493150684
99,GAM,0.25,0.9452054794520548
99,GAM,0.26,0.9452054794520548
99,GAM,0.27,0.958904109589041
99,GAM,0.28,0.958904109589041
99,GAM,0.29,0.958904109589041
99,GAM,0.3,0.958904109589041
99,GAM,0.31,0.958904109589041
99,GAM,0.32,0.958904109589041
99,GAM,0.33,0.9726027397260274
99,GAM,0.34,0.9726027397260274
99,GAM,0.35000000000000003,0.9726027397260274
99,GAM,0.36,0.9726027397260274
99,GAM,0.37,0.9726027397260274
99,GAM,0.38,0.9726027397260274
99,GAM,0.39,0.9726027397260274
99,GAM,0.4,0.9726027397260274
99,GAM,0.41000000000000003,0.9726027397260274
99,GAM,0.42,0.9863013698630136
99,GAM,0.43,0.9863013698630136
99,GAM,0.44,0.9863013698630136
99,GAM,0.45,0.9863013698630136
99,GAM,0.46,0.9863013698630136
99,GAM,0.47000000000000003,0.9863013698630136
99,GAM,0.48,0.9863013698630136
99,GAM,0.49,0.9863013698630136
99,GAM,0.5,0.9863013698630136
99,GAM,0.51,0.9863013698630136
99,GAM,0.52,0.9863013698630136
99,GAM,0.53,0.9863013698630136
99,GAM,0.54,0.9863013698630136
99,GAM,0.55,1.0
99,GAM,0.56,1.0
99,GAM,0.5700000000000001,1.0
99,GAM,0.58,1.0
99,GAM,0.59,1.0
99,GAM,0.6,1.0
99,GAM,0.61,1.0
99,GAM,0.62,1.0
99,GAM,0.63,1.0
99,GAM,0.64,1.0
99,GAM,0.65,1.0
99,GAM,0.66,1.0
99,GAM,0.67,1.0
99,GAM,0.68,1.0
99,GAM,0.6900000000000001,1.0
99,GAM,0.7000000000000001,1.0
99,GAM,0.71,1.0
99,GAM,0.72,1.0
99,GAM,0.73,1.0
99,GAM,0.74,1.0
99,GAM,0.75,1.0
99,GAM,0.76,1.0
99,GAM,0.77,1.0
99,GAM,0.78,1.0
99,GAM,0.79,1.0
99,GAM,0.8,1.0
99,GAM,0.81,1.0
99,GAM,0.8200000000000001,1.0
99,GAM,0.8300000000000001,1.0
99,GAM,0.84,1.0
99,GAM,0.85,1.0
99,GAM,0.86,1.0
99,GAM,0.87,1.0
99,GAM,0.88,1.0
99,GAM,0.89,1.0
99,GAM,0.9,1.0
99,GAM,0.91,1.0
99,GAM,0.92,1.0
99,GAM,0.93,1.0
99,GAM,0.9400000000000001,1.0
99,GAM,0.9500000000000001,1.0
99,GAM,0.96,1.0
99,GAM,0.97,1.0
99,GAM,0.98,1.0
99,GAM,0.99,1.0
99,GAM,1.0,1.0
99,RF,0.0,0.2054794520547945
99,RF,0.01,0.5616438356164384
99,RF,0.02,0.6164383561643836
99,RF,0.03,0.6986301369863014
99,RF,0.04,0.7397260273972602
99,RF,0.05,0.8356164383561644
99,RF,0.06,0.8356164383561644
99,RF,0.07,0.8493150684931506
99,RF,0.08,0.863013698630137
99,RF,0.09,0.8767123287671232
99,RF,0.1,0.8767123287671232
99,RF,0.11,0.9041095890410958
99,RF,0.12,0.9041095890410958
99,RF,0.13,0.9315068493150684
99,RF,0.14,0.9452054794520548
99,RF,0.15,0.958904109589041
99,RF,0.16,0.9726027397260274
99,RF,0.17,0.9726027397260274
99,RF,0.18,0.9726027397260274
99,RF,0.19,0.9726027397260274
99,RF,0.2,0.9726027397260274
99,RF,0.21,0.9726027397260274
99,RF,0.22,0.9726027397260274
99,RF,0.23,0.9726027397260274
99,RF,0.24,0.9863013698630136
99,RF,0.25,0.9863013698630136
99,RF,0.26,0.9863013698630136
99,RF,0.27,0.9863013698630136
99,RF,0.28,0.9863013698630136
99,RF,0.29,0.9863013698630136
99,RF,0.3,1.0
99,RF,0.31,1.0
99,RF,0.32,1.0
99,RF,0.33,1.0
99,RF,0.34,1.0
99,RF,0.35000000000000003,1.0
99,RF,0.36,1.0
99,RF,0.37,1.0
99,RF,0.38,1.0
99,RF,0.39,1.0
99,RF,0.4,1.0
99,RF,0.41000000000000003,1.0
99,RF,0.42,1.0
99,RF,0.43,1.0
99,RF,0.44,1.0
99,RF,0.45,1.0
99,RF,0.46,1.0
99,RF,0.47000000000000003,1.0
99,RF,0.48,1.0
99,RF,0.49,1.0
99,RF,0.5,1.0
99,RF,0.51,1.0
99,RF,0.52,1.0
99,RF,0.53,1.0
99,RF,0.54,1.0
99,RF,0.55,1.0
99,RF,0.56,1.0
99,RF,0.5700000000000001,1.0
99,RF,0.58,1.0
99,RF,0.59,1.0
99,RF,0.6,1.0
99,RF,0.61,1.0
99,RF,0.62,1.0
99,RF,0.63,1.0
99,RF,0.64,1.0
99,RF,0.65,1.0
99,RF,0.66,1.0
99,RF,0.67,1.0
99,RF,0.68,1.0
99,RF,0.6900000000000001,1.0
99,RF,0.7000000000000001,1.0
99,RF,0.71,1.0
99,RF,0.72,1.0
99,RF,0.73,1.0
99,RF,0.74,1.0
99,RF,0.75,1.0
99,RF,0.76,1.0
99,RF,0.77,1.0
99,RF,0.78,1.0
99,RF,0.79,1.0
99,RF,0.8,1.0
99,RF,0.81,1.0
99,RF,0.8200000000000001,1.0
99,RF,0.8300000000000001,1.0
99,RF,0.84,1.0
99,RF,0.85,1.0
99,RF,0.86,1.0
99,RF,0.87,1.0
99,RF,0.88,1.0
99,RF,0.89,1.0
99,RF,0.9,1.0
99,RF,0.91,1.0
99,RF,0.92,1.0
99,RF,0.93,1.0
99,RF,0.9400000000000001,1.0
99,RF,0.9500000000000001,1.0
99,RF,0.96,1.0
99,RF,0.97,1.0
99,RF,0.98,1.0
99,RF,0.99,1.0
99,RF,1.0,1.0
